	//AC 스크립트																	                      	주의! 과제코드가 65526을 넘어가면 안됨																													
	//	1302		1302	1302				1102	1102	1102	1102	1102	1102	1102	1102	1102																		1102	1102	1102	1102										
	//인덱스	그룹명	지역명	그룹순서	지역순서	과제명	툴팁	아이콘	시작날짜	시작시간	종료날짜	종료시간	클래스구분	선행AC코드1	선행AC코드2	선행AC코드3	선행AC코드4	        	과제코드1	과제수량1	과제코드2	과제수량2	과제코드3	과제수량3	과제코드4	과제수량4	과제코드5	과제수량5	과제코드6	과제수량6	과제코드7	과제수량7	과제코드8	과제수량8	과제코드9	과제수량9	과제코드10	과제수량10	보상종류1	보상코드1	보상종류2	보상코드2						
	Index	CroupString	LocationString	CroupOrder	LocationOrder	ObejctString	ToolTipString	Icon	StartDate	StartTime	EndDate	EndTime	Class	ParentACCode1	ParentACCode2	ParentACCode3	ParentACCode4	ObjectType	ObjectCode1	ObjectNum1	ObjectCode2	ObjectNum2	ObjectCode3	ObjectNum3	ObjectCode4	ObjectNum4	ObjectCode5	ObjectNum5	ObjectCode6	ObjectNum6	ObjectCode7	ObjectNum7	ObjectCode8	ObjectNum8	ObjectCode9	ObjectNum9	ObjectCode10	ObjectNum10	RewardType1	RewardCode1	RewardType2	RewardCode2						
	//야수들의숲 AC																																															
	1	2927	50001	1	1	90650	92650	33836	0	0	0	0	0	0	0	0	0	1	8046	1	8047	1	8048	1	8049	1	8050	1	0	0	0	0	0	0	0	0	0	0	2	200	0	0	//보물열쇠 수집			과제종류		
	2	2927	50001	1	1	90651	92651	33807	0	0	0	0	0	0	0	0	0	1	8015	1	8016	1	8017	1	8018	1	8019	1	8020	1	8021	1	8022	1	0	0	0	0	2	200	0	0	//보물지도 수집			1 아이템 사용		
	3	2927	50001	1	1	90652	92652	200017	0	0	0	0	0	0	0	0	0	8	49120	1	0	0	0	0	0	0	0	0	0	0	0	0	0	0	0	0	0	0	2	100	0	0	//보물상자 수집			ObjectCode에 아이템코드 입력		
	4	2927	50001	1	1	90653	92653	33314	0	0	0	0	0	0	0	0	0	1	8081	20	0	0	0	0	0	0	0	0	0	0	0	0	0	0	0	0	0	0	2	150	0	0	//아이템A(숲의 유물 20개) 수집			아이템스크립트에서 해당 아이템 AC코드에 1 입력		
	5	2927	50001	1	1	90654	92654	33801	0	0	0	0	0	0	0	0	0	1	8001	10	0	0	0	0	0	0	0	0	0	0	0	0	0	0	0	0	0	0	2	200	0	0	//아이템B(야수의 증표 10개) 수집			ObjectNum에 수집 수량 입력		
	6	2927	50001	1	1	90655	92655	33802	0	0	0	0	0	0	0	0	0	1	8002	10	0	0	0	0	0	0	0	0	0	0	0	0	0	0	0	0	0	0	2	500	0	0	//아이템C(야수왕의 족쇄 10개) 수집					
	7	2927	50001	1	1	90656	92656	33803	0	0	0	0	0	0	0	0	0	1	8003	10	0	0	0	0	0	0	0	0	0	0	0	0	0	0	0	0	0	0	2	250	0	0	//아이템D(가이던스의 구원신호 10개) 수집			2 몬스터 사냥		
	8	2927	50001	1	1	90657	92657	33804	0	0	0	0	0	0	0	0	0	1	8005	10	0	0	0	0	0	0	0	0	0	0	0	0	0	0	0	0	0	0	2	350	0	0	//아이템E(이그니스의 첫번째 지령 10개) 수집			ObjectCode에 NPC코드 입력		
	9	2927	50001	1	1	90658	92658	33806	0	0	0	0	0	0	0	0	0	1	8006	10	0	0	0	0	0	0	0	0	0	0	0	0	0	0	0	0	0	0	2	550	0	0	//아이템F(마족의 보석 10개) 수집			NPCInfo에서 해당 NPC AC코드에 1 입력		
	10	2927	50001	1	1	90659	92659	32815	0	0	0	0	0	0	0	0	0	3	101	100	0	0	0	0	0	0	0	0	0	0	0	0	0	0	0	0	0	0	2	800	0	0	//캡틴 배기			ObjectNum에 사냥 수량 입력		
	11	2927	50001	1	1	90660	92660	32817	0	0	0	0	0	0	0	0	0	2	2131	1	0	0	0	0	0	0	0	0	0	0	0	0	0	0	0	0	0	0	2	700	0	0	//보스몬스터A 사냥					
	12	2927	50001	1	1	90661	92661	32817	0	0	0	0	0	0	0	0	0	2	2141	1	0	0	0	0	0	0	0	0	0	0	0	0	0	0	0	0	0	0	2	700	0	0	//보스몬스터B 사냥			3 몬스터군 사냥		
	13	2927	50001	1	1	90662	92662	74633	0	0	0	0	0	0	0	0	0	2	2004	1	0	0	0	0	0	0	0	0	0	0	0	0	0	0	0	0	0	0	2	400	0	0	//럭키몬스터A 사냥			ObjectCode에 AC참조방식 입력		
	14	2927	50001	1	1	90663	92663	74633	0	0	0	0	0	0	0	0	0	2	2005	1	0	0	0	0	0	0	0	0	0	0	0	0	0	0	0	0	0	0	2	700	0	0	//럭키몬스터B 사냥			NPCInfo에서 해당 NPC AC코드에 2 입력.		
	15	2927	50001	1	1	90664	92664	32814	0	0	0	0	0	0	0	0	0	2	2001	2	0	0	0	0	0	0	0	0	0	0	0	0	0	0	0	0	0	0	2	500	0	0	//AC몬스터 사냥			AC참조방식에 고유코드를 입력		
	16	2927	50001	1	1	90665	92665	32753	0	0	0	0	0	0	0	0	0	6	60001	2	0	0	0	0	0	0	0	0	0	0	0	0	0	0	0	0	0	0	2	1000	0	0	//저주받은탑 클리어			ObjectNum에 사냥 수량 입력		
	17	2927	50001	1	1	90666	92666	33121	0	0	0	0	0	0	0	0	0	4	1	1	0	0	0	0	0	0	0	0	0	0	0	0	0	0	0	0	0	0	2	800	0	0	//메인미션 클리어					
	18	2927	50001	1	1	90667	92667	34098	0	0	0	0	0	0	0	0	0	4	2	1	0	0	0	0	0	0	0	0	0	0	0	0	0	0	0	0	0	0	2	300	0	0	//서브미션1 클리어			4 미션 클리어		
	19	2927	50001	1	1	90668	92668	34098	0	0	0	0	0	0	0	0	0	4	3	1	0	0	0	0	0	0	0	0	0	0	0	0	0	0	0	0	0	0	2	300	0	0	//서브미션2 클리어			ObjectCode에 맵코드 입력		
	20	2927	50001	1	1	90669	92669	34098	0	0	0	0	0	0	0	0	0	4	4	1	0	0	0	0	0	0	0	0	0	0	0	0	0	0	0	0	0	0	2	300	0	0	//서브미션3 클리어			ObjectNum에 클리어 횟수 입력		
	21	2927	50001	1	1	90670	92670	33315	0	0	0	0	0	0	0	0	0	7	201	30	0	0	0	0	0	0	0	0	0	0	0	0	0	0	0	0	0	0	2	1000	0	0	//퀘스트 완료					
	22	2927	50001	1	1	90671	92671	33258	0	0	0	0	0	0	0	0	0	5	0	1000	0	0	0	0	0	0	0	0	0	0	0	0	0	0	0	0	0	0	1	20002	0	0	//달성률 10% 달성			5 달성률 달성		
	23	2927	50001	1	1	90672	92672	33258	0	0	0	0	0	0	0	0	0	5	0	2000	0	0	0	0	0	0	0	0	0	0	0	0	0	0	0	0	0	0	1	20004	0	0	//달성률 20% 달성			ObjectCode에 0 입력		
	24	2927	50001	1	1	90673	92673	33258	0	0	0	0	0	0	0	0	0	5	0	3000	0	0	0	0	0	0	0	0	0	0	0	0	0	0	0	0	0	0	1	20006	0	0	//달성률 30% 달성			ObjectNum에 묙표 달성률 입력 (1%=100)		
	25	2927	50001	1	1	90674	92674	33258	0	0	0	0	0	0	0	0	0	5	0	4000	0	0	0	0	0	0	0	0	0	0	0	0	0	0	0	0	0	0	1	20008	0	0	//달성률 40% 달성					
	26	2927	50001	1	1	90675	92675	33258	0	0	0	0	0	0	0	0	0	5	0	5000	0	0	0	0	0	0	0	0	0	0	0	0	0	0	0	0	0	0	1	20010	0	0	//달성률 50% 달성			6 저주받은탑 클리어		
	27	2927	50001	1	1	90676	92676	33258	0	0	0	0	0	0	0	0	0	5	0	6000	0	0	0	0	0	0	0	0	0	0	0	0	0	0	0	0	0	0	1	20012	0	0	//달성률 60% 달성			ObjectCode에 맵코드 입력		
	28	2927	50001	1	1	90677	92677	33258	0	0	0	0	0	0	0	0	0	5	0	7000	0	0	0	0	0	0	0	0	0	0	0	0	0	0	0	0	0	0	1	20014	0	0	//달성률 70% 달성			ObjectNum에 클리어 횟수 입력		
	29	2927	50001	1	1	90678	92678	33258	0	0	0	0	0	0	0	0	0	5	0	8000	0	0	0	0	0	0	0	0	0	0	0	0	0	0	0	0	0	0	1	20016	0	0	//달성률 80% 달성					
	30	2927	50001	1	1	90679	92679	33258	0	0	0	0	0	0	0	0	0	5	0	9000	0	0	0	0	0	0	0	0	0	0	0	0	0	0	0	0	0	0	1	20018	0	0	//달성률 90% 달성			7 퀘스트 해결		
	31	2927	50001	1	1	90680	92680	33258	0	0	0	0	0	0	0	0	0	5	0	10000	0	0	0	0	0	0	0	0	0	0	0	0	0	0	0	0	0	0	1	20020	0	0	//달성률 100% 달성			ObjectCode에 퀘스트코드 입력		
	//에텔레인지하수로 AC																																													QuestInfo에서 해당 퀘스트 AC코드에 1 입력		
	32	2927	50002	1	2	90681	92681	33837	0	0	0	0	0	0	0	0	0	1	8031	1	8032	1	8033	1	8034	1	8035	1	0	0	0	0	0	0	0	0	0	0	2	200	0	0	//보물열쇠 수집			ObjectNum에 완료 갯수 입력		
	33	2927	50002	1	2	90682	92682	33808	0	0	0	0	0	0	0	0	0	1	8059	1	8060	1	8061	1	8062	1	8063	1	8064	1	8065	1	8066	1	0	0	0	0	2	200	0	0	//보물지도 수집					
	34	2927	50002	1	2	90683	92683	200017	0	0	0	0	0	0	0	0	0	8	49121	1	0	0	0	0	0	0	0	0	0	0	0	0	0	0	0	0	0	0	2	100	0	0	//보물상자 수집			7 퀘스트군 해결		
	35	2927	50002	1	2	90684	92684	33311	0	0	0	0	0	0	0	0	0	1	8082	20	0	0	0	0	0	0	0	0	0	0	0	0	0	0	0	0	0	0	2	150	0	0	//아이템A(지하의 유물 20개) 수집			ObjectCode에 AC코드 입력		
	36	2927	50002	1	2	90685	92685	33817	0	0	0	0	0	0	0	0	0	1	8051	10	0	0	0	0	0	0	0	0	0	0	0	0	0	0	0	0	0	0	2	200	0	0	//아이템B(지하수로의 톱니 10개) 수집			Questnfo에서 해당 퀘스트 AC코드에 2 입력.		
	37	2927	50002	1	2	90686	92686	33805	0	0	0	0	0	0	0	0	0	1	8004	10	0	0	0	0	0	0	0	0	0	0	0	0	0	0	0	0	0	0	2	500	0	0	//아이템C(이그니스의 두번째 지령 10개) 수집			AC참조방식에 고유코드를 입력		
	38	2927	50002	1	2	90687	92687	33820	0	0	0	0	0	0	0	0	0	1	8052	10	0	0	0	0	0	0	0	0	0	0	0	0	0	0	0	0	0	0	2	250	0	0	//아이템D(죽은자의 영혼 10개) 수집			ObjectNum에 완료 갯수 입력		
	39	2927	50002	1	2	90688	92688	33825	0	0	0	0	0	0	0	0	0	1	8057	10	0	0	0	0	0	0	0	0	0	0	0	0	0	0	0	0	0	0	2	350	0	0	//아이템E(에텔레인 비리문서 10개) 수집					
	40	2927	50002	1	2	90689	92689	33822	0	0	0	0	0	0	0	0	0	1	8055	10	0	0	0	0	0	0	0	0	0	0	0	0	0	0	0	0	0	0	2	550	0	0	//아이템F(음모의 쪽지 10개) 수집			8 아이템 채집		
	41	2927	50002	1	2	90690	92690	32815	0	0	0	0	0	0	0	0	0	3	102	200	0	0	0	0	0	0	0	0	0	0	0	0	0	0	0	0	0	0	2	800	0	0	//캡틴 배기			ObjectCode에 아이템코드 입력		
	42	2927	50002	1	2	90691	92691	32817	0	0	0	0	0	0	0	0	0	2	2151	2	0	0	0	0	0	0	0	0	0	0	0	0	0	0	0	0	0	0	2	700	0	0	//보스몬스터A 사냥			아이템스크립트에서 해당 아이템 AC코드에 1 입력		
	43	2927	50002	1	2	90692	92692	32817	0	0	0	0	0	0	0	0	0	2	2161	2	0	0	0	0	0	0	0	0	0	0	0	0	0	0	0	0	0	0	2	700	0	0	//보스몬스터B 사냥			ObjectNum에 수집 수량 입력		
	44	2927	50002	1	2	90693	92693	74634	0	0	0	0	0	0	0	0	0	2	2006	2	0	0	0	0	0	0	0	0	0	0	0	0	0	0	0	0	0	0	2	400	0	0	//럭키몬스터A 사냥					
	45	2927	50002	1	2	90694	92694	74634	0	0	0	0	0	0	0	0	0	2	2007	2	0	0	0	0	0	0	0	0	0	0	0	0	0	0	0	0	0	0	2	700	0	0	//럭키몬스터B 사냥			9 아이템 입수 (줍기/보상)		
	46	2927	50002	1	2	90695	92695	32814	0	0	0	0	0	0	0	0	0	2	2002	4	0	0	0	0	0	0	0	0	0	0	0	0	0	0	0	0	0	0	2	500	0	0	//AC몬스터 사냥			ObjectCode에 아이템코드 입력		
	47	2927	50002	1	2	90696	92696	32756	0	0	0	0	0	0	0	0	0	6	60101	4	0	0	0	0	0	0	0	0	0	0	0	0	0	0	0	0	0	0	2	1000	0	0	//저주받은탑 클리어			아이템스크립트에서 해당 아이템 AC코드에 1 입력		
	48	2927	50002	1	2	90697	92697	33121	0	0	0	0	0	0	0	0	0	4	6	2	0	0	0	0	0	0	0	0	0	0	0	0	0	0	0	0	0	0	2	800	0	0	//메인미션 클리어			ObjectNum에 수집 수량 입력		
	49	2927	50002	1	2	90698	92698	34098	0	0	0	0	0	0	0	0	0	4	9	2	0	0	0	0	0	0	0	0	0	0	0	0	0	0	0	0	0	0	2	300	0	0	//서브미션1 클리어					
	50	2927	50002	1	2	90699	92699	34098	0	0	0	0	0	0	0	0	0	4	7	2	0	0	0	0	0	0	0	0	0	0	0	0	0	0	0	0	0	0	2	300	0	0	//서브미션2 클리어			10 아이템 장착		
	51	2927	50002	1	2	90700	92700	34098	0	0	0	0	0	0	0	0	0	4	8	2	0	0	0	0	0	0	0	0	0	0	0	0	0	0	0	0	0	0	2	300	0	0	//서브미션3 클리어			ObjectCode에 아이템코드 입력		
	52	2927	50002	1	2	90701	92701	33315	0	0	0	0	0	0	0	0	0	7	202	30	0	0	0	0	0	0	0	0	0	0	0	0	0	0	0	0	0	0	2	1000	0	0	//퀘스트 완료			아이템스크립트에서 해당 아이템 AC코드에 1 입력		
	53	2927	50002	1	2	90702	92702	33258	0	0	0	0	0	0	0	0	0	5	0	1000	0	0	0	0	0	0	0	0	0	0	0	0	0	0	0	0	0	0	1	20102	0	0	//달성률 10% 달성			ObjectNum에 1 입력		
	54	2927	50002	1	2	90703	92703	33258	0	0	0	0	0	0	0	0	0	5	0	2000	0	0	0	0	0	0	0	0	0	0	0	0	0	0	0	0	0	0	1	20104	0	0	//달성률 20% 달성					
	55	2927	50002	1	2	90704	92704	33258	0	0	0	0	0	0	0	0	0	5	0	3000	0	0	0	0	0	0	0	0	0	0	0	0	0	0	0	0	0	0	1	20106	0	0	//달성률 30% 달성			11 타락한사원 1회 PC 사냥 (최고기록 남음)		
	56	2927	50002	1	2	90705	92705	33258	0	0	0	0	0	0	0	0	0	5	0	4000	0	0	0	0	0	0	0	0	0	0	0	0	0	0	0	0	0	0	1	20108	0	0	//달성률 40% 달성			ObjectCode에 맵코드 입력		
	57	2927	50002	1	2	90706	92706	33258	0	0	0	0	0	0	0	0	0	5	0	5000	0	0	0	0	0	0	0	0	0	0	0	0	0	0	0	0	0	0	1	20110	0	0	//달성률 50% 달성			ObjectNum에 사냥 수량 입력		
	58	2927	50002	1	2	90707	92707	33258	0	0	0	0	0	0	0	0	0	5	0	6000	0	0	0	0	0	0	0	0	0	0	0	0	0	0	0	0	0	0	1	20112	0	0	//달성률 60% 달성					
	59	2927	50002	1	2	90708	92708	33258	0	0	0	0	0	0	0	0	0	5	0	7000	0	0	0	0	0	0	0	0	0	0	0	0	0	0	0	0	0	0	1	20114	0	0	//달성률 70% 달성			12 타락한사원 누적 PC 사냥 (최고기록 남음)		
	60	2927	50002	1	2	90709	92709	33258	0	0	0	0	0	0	0	0	0	5	0	8000	0	0	0	0	0	0	0	0	0	0	0	0	0	0	0	0	0	0	1	20116	0	0	//달성률 80% 달성			ObjectCode에 맵코드 입력		
	61	2927	50002	1	2	90710	92710	33258	0	0	0	0	0	0	0	0	0	5	0	9000	0	0	0	0	0	0	0	0	0	0	0	0	0	0	0	0	0	0	1	20118	0	0	//달성률 90% 달성			ObjectNum에 사냥 수량 입력		
	62	2927	50002	1	2	90711	92711	33258	0	0	0	0	0	0	0	0	0	5	0	10000	0	0	0	0	0	0	0	0	0	0	0	0	0	0	0	0	0	0	1	20120	0	0	//달성률 100% 달성					
	//얼어붙은궁전 AC																																													13 타락한사원 1회 NPC 사냥 (최고기록 남음)		
	63	2927	50003	1	3	90712	92712	33838	0	0	0	0	0	0	0	0	0	1	8036	1	8037	1	8038	1	8039	1	8040	1	0	0	0	0	0	0	0	0	0	0	2	200	0	0	//보물열쇠 수집			ObjectCode에 맵코드 입력		
	64	2927	50003	1	3	90713	92713	33809	0	0	0	0	0	0	0	0	0	1	8007	1	8008	1	8009	1	8010	1	8011	1	8012	1	8013	1	8014	1	0	0	0	0	2	200	0	0	//보물지도 수집			ObjectNum에 사냥 수량 입력		
	65	2927	50003	1	3	90714	92714	200017	0	0	0	0	0	0	0	0	0	8	49122	1	0	0	0	0	0	0	0	0	0	0	0	0	0	0	0	0	0	0	2	100	0	0	//보물상자 수집					
	66	2927	50003	1	3	90715	92715	33313	0	0	0	0	0	0	0	0	0	1	8083	20	0	0	0	0	0	0	0	0	0	0	0	0	0	0	0	0	0	0	2	150	0	0	//아이템A(설원의 유물 20개) 수집			14 타락한사원 누적 NPC 사냥 (최고기록 남음)		
	67	2927	50003	1	3	90716	92716	33250	0	0	0	0	0	0	0	0	0	1	8058	10	0	0	0	0	0	0	0	0	0	0	0	0	0	0	0	0	0	0	2	200	0	0	//아이템B(녹지 않는 얼음 10개) 수집			ObjectCode에 맵코드 입력		
	68	2927	50003	1	3	90717	92717	33834	0	0	0	0	0	0	0	0	0	1	8075	10	0	0	0	0	0	0	0	0	0	0	0	0	0	0	0	0	0	0	2	500	0	0	//아이템C(눈물꽃 10개) 수집			ObjectNum에 사냥 수량 입력		
	69	2927	50003	1	3	90718	92718	33262	0	0	0	0	0	0	0	0	0	1	8080	10	0	0	0	0	0	0	0	0	0	0	0	0	0	0	0	0	0	0	2	250	0	0	//아이템D(얼음의 비밀문장 10개) 수집					
	70	2927	50003	1	3	90719	92719	33828	0	0	0	0	0	0	0	0	0	1	8067	10	0	0	0	0	0	0	0	0	0	0	0	0	0	0	0	0	0	0	2	350	0	0	//아이템E(가이던스의 비상식량 10개) 수집			15 타락한사원 1회 PC/NPC 사냥 (최고기록 남음)		
	71	2927	50003	1	3	90720	92720	33821	0	0	0	0	0	0	0	0	0	1	8054	10	0	0	0	0	0	0	0	0	0	0	0	0	0	0	0	0	0	0	2	550	0	0	//아이템F(쉬바르츠의 낡은 기록 10개) 수집			ObjectCode에 맵코드 입력		
	72	2927	50003	1	3	90721	92721	32815	0	0	0	0	0	0	0	0	0	3	103	300	0	0	0	0	0	0	0	0	0	0	0	0	0	0	0	0	0	0	2	800	0	0	//캡틴 배기			ObjectNum에 사냥 수량 입력		
	73	2927	50003	1	3	90722	92722	32817	0	0	0	0	0	0	0	0	0	2	2171	3	0	0	0	0	0	0	0	0	0	0	0	0	0	0	0	0	0	0	2	700	0	0	//보스몬스터A 사냥					
	74	2927	50003	1	3	90723	92723	32817	0	0	0	0	0	0	0	0	0	2	2181	3	0	0	0	0	0	0	0	0	0	0	0	0	0	0	0	0	0	0	2	700	0	0	//보스몬스터B 사냥			16 타락한사원 누적 PC/NPC 사냥 (최고기록 남음)		
	75	2927	50003	1	3	90724	92724	74635	0	0	0	0	0	0	0	0	0	2	2008	3	0	0	0	0	0	0	0	0	0	0	0	0	0	0	0	0	0	0	2	400	0	0	//럭키몬스터A 사냥			ObjectCode에 맵코드 입력		
	76	2927	50003	1	3	90725	92725	74635	0	0	0	0	0	0	0	0	0	2	2009	3	0	0	0	0	0	0	0	0	0	0	0	0	0	0	0	0	0	0	2	700	0	0	//럭키몬스터B 사냥			ObjectNum에 사냥 수량 입력		
	77	2927	50003	1	3	90726	92726	32814	0	0	0	0	0	0	0	0	0	2	2003	6	0	0	0	0	0	0	0	0	0	0	0	0	0	0	0	0	0	0	2	500	0	0	//AC몬스터 사냥					
	78	2927	50003	1	3	90727	92727	32759	0	0	0	0	0	0	0	0	0	6	60201	6	0	0	0	0	0	0	0	0	0	0	0	0	0	0	0	0	0	0	2	1000	0	0	//저주받은탑 클리어			17 타락한사원 우승 (최고기록 남음)		
	79	2927	50003	1	3	90728	92728	33121	0	0	0	0	0	0	0	0	0	4	11	3	0	0	0	0	0	0	0	0	0	0	0	0	0	0	0	0	0	0	2	800	0	0	//메인미션 클리어			ObjectCode에 맵코드 입력		
	80	2927	50003	1	3	90729	92729	34098	0	0	0	0	0	0	0	0	0	4	12	3	0	0	0	0	0	0	0	0	0	0	0	0	0	0	0	0	0	0	2	300	0	0	//서브미션1 클리어			ObjectNum에 우승 횟수 입력		
	81	2927	50003	1	3	90730	92730	34098	0	0	0	0	0	0	0	0	0	4	13	3	0	0	0	0	0	0	0	0	0	0	0	0	0	0	0	0	0	0	2	300	0	0	//서브미션2 클리어					
	82	2927	50003	1	3	90731	92731	34098	0	0	0	0	0	0	0	0	0	4	14	3	0	0	0	0	0	0	0	0	0	0	0	0	0	0	0	0	0	0	2	300	0	0	//서브미션3 클리어			18 타락한사원 추락사 (최고기록 남음)		
	83	2927	50003	1	3	90732	92732	33315	0	0	0	0	0	0	0	0	0	7	203	30	0	0	0	0	0	0	0	0	0	0	0	0	0	0	0	0	0	0	2	1000	0	0	//퀘스트 완료			ObjectCode에 맵코드 입력		
	84	2927	50003	1	3	90733	92733	33258	0	0	0	0	0	0	0	0	0	5	0	1000	0	0	0	0	0	0	0	0	0	0	0	0	0	0	0	0	0	0	1	20202	0	0	//달성률 10% 달성			ObjectNum에 추락사 횟수 입력		
	85	2927	50003	1	3	90734	92734	33258	0	0	0	0	0	0	0	0	0	5	0	2000	0	0	0	0	0	0	0	0	0	0	0	0	0	0	0	0	0	0	1	20204	0	0	//달성률 20% 달성					
	86	2927	50003	1	3	90735	92735	33258	0	0	0	0	0	0	0	0	0	5	0	3000	0	0	0	0	0	0	0	0	0	0	0	0	0	0	0	0	0	0	1	20206	0	0	//달성률 30% 달성			19 미션 클리어 시간 (최고기록 남음)		
	87	2927	50003	1	3	90736	92736	33258	0	0	0	0	0	0	0	0	0	5	0	4000	0	0	0	0	0	0	0	0	0	0	0	0	0	0	0	0	0	0	1	20208	0	0	//달성률 40% 달성			ObjectCode에 맵코드 입력		
	88	2927	50003	1	3	90737	92737	33258	0	0	0	0	0	0	0	0	0	5	0	5000	0	0	0	0	0	0	0	0	0	0	0	0	0	0	0	0	0	0	1	20210	0	0	//달성률 50% 달성			ObjectNum에 클리어 시간 입력 (1=1초)		
	89	2927	50003	1	3	90738	92738	33258	0	0	0	0	0	0	0	0	0	5	0	6000	0	0	0	0	0	0	0	0	0	0	0	0	0	0	0	0	0	0	1	20212	0	0	//달성률 60% 달성					
	90	2927	50003	1	3	90739	92739	33258	0	0	0	0	0	0	0	0	0	5	0	7000	0	0	0	0	0	0	0	0	0	0	0	0	0	0	0	0	0	0	1	20214	0	0	//달성률 70% 달성			20 레벨 달성		
	91	2927	50003	1	3	90740	92740	33258	0	0	0	0	0	0	0	0	0	5	0	8000	0	0	0	0	0	0	0	0	0	0	0	0	0	0	0	0	0	0	1	20216	0	0	//달성률 80% 달성			ObjectCode에 달성 레벨 입력		
	92	2927	50003	1	3	90741	92741	33258	0	0	0	0	0	0	0	0	0	5	0	9000	0	0	0	0	0	0	0	0	0	0	0	0	0	0	0	0	0	0	1	20218	0	0	//달성률 90% 달성			ObjectNum에 1 입력		
	93	2927	50003	1	3	90742	92742	33258	0	0	0	0	0	0	0	0	0	5	0	10000	0	0	0	0	0	0	0	0	0	0	0	0	0	0	0	0	0	0	1	20220	0	0	//달성률 100% 달성					
	//용족의계곡 AC																																													21 전투정보창 - 총 힐량		
	94	2927	50004	1	4	90743	92743	33839	0	0	0	0	0	0	0	0	0	1	8041	1	8042	1	8043	1	8044	1	8045	1	0	0	0	0	0	0	0	0	0	0	2	200	0	0	//보물열쇠 수집			ObjectCode에 맵코드 입력		
	95	2927	50004	1	4	90744	92744	33810	0	0	0	0	0	0	0	0	0	1	8023	1	8024	1	8025	1	8026	1	8027	1	8028	1	8029	1	8030	1	0	0	0	0	2	200	0	0	//보물지도 수집			ObjectNum에 달성 힐량 입력 (1=1000)		
	96	2927	50004	1	4	90745	92745	200017	0	0	0	0	0	0	0	0	0	8	49123	1	0	0	0	0	0	0	0	0	0	0	0	0	0	0	0	0	0	0	2	100	0	0	//보물상자 수집					
	97	2927	50004	1	4	90746	92746	33312	0	0	0	0	0	0	0	0	0	1	8084	20	0	0	0	0	0	0	0	0	0	0	0	0	0	0	0	0	0	0	2	150	0	0	//아이템A(화산의 유물 20개) 수집			22 전투정보창 - 최고 데미지		
	98	2927	50004	1	4	90747	92747	33830	0	0	0	0	0	0	0	0	0	1	8069	10	0	0	0	0	0	0	0	0	0	0	0	0	0	0	0	0	0	0	2	200	0	0	//아이템B(불멸의 화염 10개) 수집			ObjectCode에 맵코드 입력		
	99	2927	50004	1	4	90748	92748	33251	0	0	0	0	0	0	0	0	0	1	8070	10	0	0	0	0	0	0	0	0	0	0	0	0	0	0	0	0	0	0	2	500	0	0	//아이템C(부러진 용족의 날개 10개) 수집			ObjectNum에 달성 최고데미지 입력		
	100	2927	50004	1	4	90749	92749	33804	0	0	0	0	0	0	0	0	0	1	8071	10	0	0	0	0	0	0	0	0	0	0	0	0	0	0	0	0	0	0	2	250	0	0	//아이템D(칼버스의 전령 10개) 수집					
	101	2927	50004	1	4	90750	92750	33823	0	0	0	0	0	0	0	0	0	1	8056	10	0	0	0	0	0	0	0	0	0	0	0	0	0	0	0	0	0	0	2	350	0	0	//아이템E(다크에테르보고서 10개) 수집			23 전투정보창 - 총 가해 데미지량		
	102	2927	50004	1	4	90751	92751	33824	0	0	0	0	0	0	0	0	0	1	8053	10	0	0	0	0	0	0	0	0	0	0	0	0	0	0	0	0	0	0	2	550	0	0	//아이템F(벨트헨침공계획 10개) 수집			ObjectCode에 맵코드 입력		
	103	2927	50004	1	4	90752	92752	32815	0	0	0	0	0	0	0	0	0	3	104	400	0	0	0	0	0	0	0	0	0	0	0	0	0	0	0	0	0	0	2	800	0	0	//캡틴 배기			ObjectNum에 달성 누적데미지 입력 (1=1000)		
	104	2927	50004	1	4	90753	92753	32817	0	0	0	0	0	0	0	0	0	2	2191	4	0	0	0	0	0	0	0	0	0	0	0	0	0	0	0	0	0	0	2	700	0	0	//보스몬스터A 사냥					
	105	2927	50004	1	4	90754	92754	32817	0	0	0	0	0	0	0	0	0	2	2201	4	0	0	0	0	0	0	0	0	0	0	0	0	0	0	0	0	0	0	2	700	0	0	//보스몬스터B 사냥			24 전투정보창 - 총 피해 데미지량		
	106	2927	50004	1	4	90755	92755	74636	0	0	0	0	0	0	0	0	0	2	2010	4	0	0	0	0	0	0	0	0	0	0	0	0	0	0	0	0	0	0	2	400	0	0	//럭키몬스터A 사냥			ObjectCode에 맵코드 입력		
	107	2927	50004	1	4	90756	92756	74636	0	0	0	0	0	0	0	0	0	2	2011	4	0	0	0	0	0	0	0	0	0	0	0	0	0	0	0	0	0	0	2	700	0	0	//럭키몬스터B 사냥			ObjectNum에 달성 사망횟수 입력 (1=1000)		
	108	2927	50004	1	4	90757	92757	32814	0	0	0	0	0	0	0	0	0	2	2012	8	0	0	0	0	0	0	0	0	0	0	0	0	0	0	0	0	0	0	2	500	0	0	//AC몬스터 사냥					
	109	2927	50004	1	4	90758	92758	32762	0	0	0	0	0	0	0	0	0	6	60301	8	0	0	0	0	0	0	0	0	0	0	0	0	0	0	0	0	0	0	2	1000	0	0	//저주받은탑 클리어			25 전투정보창 - 킬수		
	110	2927	50004	1	4	90759	92759	33121	0	0	0	0	0	0	0	0	0	4	16	4	0	0	0	0	0	0	0	0	0	0	0	0	0	0	0	0	0	0	2	800	0	0	//메인미션 클리어			ObjectCode에 맵코드 입력		
	111	2927	50004	1	4	90760	92760	34098	0	0	0	0	0	0	0	0	0	4	17	4	0	0	0	0	0	0	0	0	0	0	0	0	0	0	0	0	0	0	2	300	0	0	//서브미션1 클리어			ObjectNum에 달성 누적데미지 입력		
	112	2927	50004	1	4	90761	92761	34098	0	0	0	0	0	0	0	0	0	4	18	4	0	0	0	0	0	0	0	0	0	0	0	0	0	0	0	0	0	0	2	300	0	0	//서브미션2 클리어					
	113	2927	50004	1	4	90762	92762	34098	0	0	0	0	0	0	0	0	0	4	19	4	0	0	0	0	0	0	0	0	0	0	0	0	0	0	0	0	0	0	2	300	0	0	//서브미션3 클리어			26 전투정보창 - 사망횟수		
	114	2927	50004	1	4	90763	92763	33315	0	0	0	0	0	0	0	0	0	7	204	30	0	0	0	0	0	0	0	0	0	0	0	0	0	0	0	0	0	0	2	1000	0	0	//퀘스트 완료			ObjectCode에 맵코드 입력		
	115	2927	50004	1	4	90764	92764	33258	0	0	0	0	0	0	0	0	0	5	0	1000	0	0	0	0	0	0	0	0	0	0	0	0	0	0	0	0	0	0	1	20302	0	0	//달성률 10% 달성			ObjectNum에 달성 사망횟수 입력		
	116	2927	50004	1	4	90765	92765	33258	0	0	0	0	0	0	0	0	0	5	0	2000	0	0	0	0	0	0	0	0	0	0	0	0	0	0	0	0	0	0	1	20304	0	0	//달성률 20% 달성					
	117	2927	50004	1	4	90766	92766	33258	0	0	0	0	0	0	0	0	0	5	0	3000	0	0	0	0	0	0	0	0	0	0	0	0	0	0	0	0	0	0	1	20306	0	0	//달성률 30% 달성			27 AC 완료		
	118	2927	50004	1	4	90767	92767	33258	0	0	0	0	0	0	0	0	0	5	0	4000	0	0	0	0	0	0	0	0	0	0	0	0	0	0	0	0	0	0	1	20308	0	0	//달성률 40% 달성			ObjectCode에 AC코드 입력		
	119	2927	50004	1	4	90768	92768	33258	0	0	0	0	0	0	0	0	0	5	0	5000	0	0	0	0	0	0	0	0	0	0	0	0	0	0	0	0	0	0	1	20310	0	0	//달성률 50% 달성			ObjectNum에 1 입력		
	120	2927	50004	1	4	90769	92769	33258	0	0	0	0	0	0	0	0	0	5	0	6000	0	0	0	0	0	0	0	0	0	0	0	0	0	0	0	0	0	0	1	20312	0	0	//달성률 60% 달성					
	121	2927	50004	1	4	90770	92770	33258	0	0	0	0	0	0	0	0	0	5	0	7000	0	0	0	0	0	0	0	0	0	0	0	0	0	0	0	0	0	0	1	20314	0	0	//달성률 70% 달성			28 스킬 단계 해제		
	122	2927	50004	1	4	90771	92771	33258	0	0	0	0	0	0	0	0	0	5	0	8000	0	0	0	0	0	0	0	0	0	0	0	0	0	0	0	0	0	0	1	20316	0	0	//달성률 80% 달성			ObjectCode에 달성 단계 입력		
	123	2927	50004	1	4	90772	92772	33258	0	0	0	0	0	0	0	0	0	5	0	9000	0	0	0	0	0	0	0	0	0	0	0	0	0	0	0	0	0	0	1	20318	0	0	//달성률 90% 달성			ObjectNum에 1 입력		
	124	2927	50004	1	4	90773	92773	33258	0	0	0	0	0	0	0	0	0	5	0	10000	0	0	0	0	0	0	0	0	0	0	0	0	0	0	0	0	0	0	1	20320	0	0	//달성률 100% 달성					
	//아이올트공동묘지 AC																																													29 퍽 레벨 달성		
	125	2927	50005	1	5	90774	92774	33975	0	0	0	0	0	0	0	0	0	1	8101	1	8102	1	8103	1	8104	1	8105	1	0	0	0	0	0	0	0	0	0	0	2	200	0	0	//보물열쇠 수집			ObjectCode에 퍽코드 입력		
	126	2927	50005	1	5	90775	92775	33973	0	0	0	0	0	0	0	0	0	1	8093	1	8094	1	8095	1	8096	1	8097	1	8098	1	8099	1	8100	1	0	0	0	0	2	200	0	0	//보물지도 수집			ObjectNum에 달성 레벨 입력		
	127	2927	50005	1	5	90776	92776	200017	0	0	0	0	0	0	0	0	0	8	49124	1	0	0	0	0	0	0	0	0	0	0	0	0	0	0	0	0	0	0	2	100	0	0	//보물상자 수집					
	128	2927	50005	1	5	90777	92777	33966	0	0	0	0	0	0	0	0	0	1	8085	20	0	0	0	0	0	0	0	0	0	0	0	0	0	0	0	0	0	0	2	150	0	0	//아이템A(공동묘지의유물 20개) 수집			30 장비평점 달성		
	129	2927	50005	1	5	90778	92778	33967	0	0	0	0	0	0	0	0	0	1	8086	10	0	0	0	0	0	0	0	0	0	0	0	0	0	0	0	0	0	0	2	200	0	0	//아이템B(영혼의족쇄 10개) 수집			ObjectCode에 달성 장비평점 입력		
	130	2927	50005	1	5	90779	92779	33968	0	0	0	0	0	0	0	0	0	1	8087	10	0	0	0	0	0	0	0	0	0	0	0	0	0	0	0	0	0	0	2	500	0	0	//아이템C(피빛의혈류석 10개) 수집			ObjectNum에 1 입력		
	131	2927	50005	1	5	90780	92780	33969	0	0	0	0	0	0	0	0	0	1	8088	10	0	0	0	0	0	0	0	0	0	0	0	0	0	0	0	0	0	0	2	250	0	0	//아이템D(썩어버린영혼 10개) 수집					
	132	2927	50005	1	5	90781	92781	33970	0	0	0	0	0	0	0	0	0	1	8089	10	0	0	0	0	0	0	0	0	0	0	0	0	0	0	0	0	0	0	2	350	0	0	//아이템E(사교도의주문서 10개) 수집			31명성달성		
	133	2927	50005	1	5	90782	92782	33972	0	0	0	0	0	0	0	0	0	1	8091	10	0	0	0	0	0	0	0	0	0	0	0	0	0	0	0	0	0	0	2	550	0	0	//아이템F(대사제의심장 10개) 수집			ObjectCode에 명성지역코드		
	134	2927	50005	1	5	90783	92783	32815	0	0	0	0	0	0	0	0	0	3	105	500	0	0	0	0	0	0	0	0	0	0	0	0	0	0	0	0	0	0	2	800	0	0	//캡틴 배기			ObjectNum에 명성단계 입력		
	135	2927	50005	1	5	90784	92784	32817	0	0	0	0	0	0	0	0	0	2	2211	5	0	0	0	0	0	0	0	0	0	0	0	0	0	0	0	0	0	0	2	700	0	0	//보스몬스터A 사냥					
	136	2927	50005	1	5	90785	92785	32817	0	0	0	0	0	0	0	0	0	2	2213	5	0	0	0	0	0	0	0	0	0	0	0	0	0	0	0	0	0	0	2	700	0	0	//보스몬스터B 사냥			32 평판달성		
	137	2927	50005	1	5	90786	92786	74637	0	0	0	0	0	0	0	0	0	2	2013	5	0	0	0	0	0	0	0	0	0	0	0	0	0	0	0	0	0	0	2	400	0	0	//럭키몬스터A 사냥			ObjectCode에 평판지역코드		
	138	2927	50005	1	5	90787	92787	74637	0	0	0	0	0	0	0	0	0	2	2014	5	0	0	0	0	0	0	0	0	0	0	0	0	0	0	0	0	0	0	2	700	0	0	//럭키몬스터B 사냥			ObjectNum에 평판단계입력		
	139	2927	50005	1	5	90788	92788	32814	0	0	0	0	0	0	0	0	0	2	2015	10	0	0	0	0	0	0	0	0	0	0	0	0	0	0	0	0	0	0	2	500	0	0	//AC몬스터 사냥					
	140	2927	50005	1	5	90789	92789	73532	0	0	0	0	0	0	0	0	0	6	60401	10	0	0	0	0	0	0	0	0	0	0	0	0	0	0	0	0	0	0	2	1000	0	0	//저주받은탑 클리어			33 명성달성개수		
	141	2927	50005	1	5	90790	92790	33121	0	0	0	0	0	0	0	0	0	4	21	5	0	0	0	0	0	0	0	0	0	0	0	0	0	0	0	0	0	0	2	800	0	0	//메인미션 클리어			ObjectCode에 명성달성단계		
	142	2927	50005	1	5	90791	92791	34098	0	0	0	0	0	0	0	0	0	4	22	5	0	0	0	0	0	0	0	0	0	0	0	0	0	0	0	0	0	0	2	225	0	0	//서브미션1 클리어			ObjectNum에 명성완료 개수		
	143	2927	50005	1	5	90792	92792	34098	0	0	0	0	0	0	0	0	0	4	23	5	0	0	0	0	0	0	0	0	0	0	0	0	0	0	0	0	0	0	2	225	0	0	//서브미션2 클리어					
	144	2927	50005	1	5	90793	92793	34098	0	0	0	0	0	0	0	0	0	4	24	5	0	0	0	0	0	0	0	0	0	0	0	0	0	0	0	0	0	0	2	225	0	0	//서브미션3 클리어			34 평판완료개수		
	145	2927	50005	1	5	90794	92794	34098	0	0	0	0	0	0	0	0	0	4	25	5	0	0	0	0	0	0	0	0	0	0	0	0	0	0	0	0	0	0	2	225	0	0	//서브미션4 클리어			ObjectCode에 평판달성단계		
	146	2927	50005	1	5	90795	92795	33315	0	0	0	0	0	0	0	0	0	7	205	30	0	0	0	0	0	0	0	0	0	0	0	0	0	0	0	0	0	0	2	1000	0	0	//퀘스트 완료			ObjectNum에 평판완료단계		
	147	2927	50005	1	5	90796	92796	33258	0	0	0	0	0	0	0	0	0	5	0	1000	0	0	0	0	0	0	0	0	0	0	0	0	0	0	0	0	0	0	1	20402	0	0	//달성률 10% 달성					
	148	2927	50005	1	5	90797	92797	33258	0	0	0	0	0	0	0	0	0	5	0	2000	0	0	0	0	0	0	0	0	0	0	0	0	0	0	0	0	0	0	1	20404	0	0	//달성률 20% 달성			35 퀘스트 n개완료		
	149	2927	50005	1	5	90798	92798	33258	0	0	0	0	0	0	0	0	0	5	0	3000	0	0	0	0	0	0	0	0	0	0	0	0	0	0	0	0	0	0	1	20406	0	0	//달성률 30% 달성			ObjectCode에 퀘스트 완료 개수(반복-일일퀘스트제외한 일반퀘스트의 완료개수)		
	150	2927	50005	1	5	90799	92799	33258	0	0	0	0	0	0	0	0	0	5	0	4000	0	0	0	0	0	0	0	0	0	0	0	0	0	0	0	0	0	0	1	20408	0	0	//달성률 40% 달성			ObjectNum에 달성목표입력		
	151	2927	50005	1	5	90800	92800	33258	0	0	0	0	0	0	0	0	0	5	0	5000	0	0	0	0	0	0	0	0	0	0	0	0	0	0	0	0	0	0	1	20410	0	0	//달성률 50% 달성					
	152	2927	50005	1	5	90801	92801	33258	0	0	0	0	0	0	0	0	0	5	0	6000	0	0	0	0	0	0	0	0	0	0	0	0	0	0	0	0	0	0	1	20412	0	0	//달성률 60% 달성			36 퀘스트완료개수(일퀘)		
	153	2927	50005	1	5	90802	92802	33258	0	0	0	0	0	0	0	0	0	5	0	7000	0	0	0	0	0	0	0	0	0	0	0	0	0	0	0	0	0	0	1	20414	0	0	//달성률 70% 달성			ObjectCode에 일일퀘스트의 완료개수		
	154	2927	50005	1	5	90803	92803	33258	0	0	0	0	0	0	0	0	0	5	0	8000	0	0	0	0	0	0	0	0	0	0	0	0	0	0	0	0	0	0	1	20416	0	0	//달성률 80% 달성			ObjectNum에 달성목표입력		
	155	2927	50005	1	5	90804	92804	33258	0	0	0	0	0	0	0	0	0	5	0	9000	0	0	0	0	0	0	0	0	0	0	0	0	0	0	0	0	0	0	1	20418	0	0	//달성률 90% 달성					
	156	2927	50005	1	5	90805	92805	33258	0	0	0	0	0	0	0	0	0	5	0	10000	0	0	0	0	0	0	0	0	0	0	0	0	0	0	0	0	0	0	1	20420	0	0	//달성률 100% 달성			37 일일 퀘스트연속완료		
	//헬론의성 AC																																													ObjectCode에 일일 퀘스트 연속 완료 일자 입력		
	157	2927	50006	1	6	90806	92806	33840	0	0	0	0	0	0	0	0	0	1	8115	1	8116	1	8117	1	8118	1	8119	1	0	0	0	0	0	0	0	0	0	0	2	200	0	0	//보물열쇠 수집			ObjectNum에 달성목표입력		
	158	2927	50006	1	6	90807	92807	33811	0	0	0	0	0	0	0	0	0	1	8107	1	8108	1	8109	1	8110	1	8111	1	8112	1	8113	1	8114	1	0	0	0	0	2	200	0	0	//보물지도 수집					
	159	2927	50006	1	6	90808	92808	200017	0	0	0	0	0	0	0	0	0	8	49125	1	0	0	0	0	0	0	0	0	0	0	0	0	0	0	0	0	0	0	2	100	0	0	//보물상자 수집			38 복권당첨		
	160	2927	50006	1	6	90809	92809	34093	0	0	0	0	0	0	0	0	0	1	8120	20	0	0	0	0	0	0	0	0	0	0	0	0	0	0	0	0	0	0	2	150	0	0	//아이템A(헬론의유물 20개) 수집			ObjectCode에 복권당첨 등급		
	161	2927	50006	1	6	90810	92810	34094	0	0	0	0	0	0	0	0	0	1	8121	10	0	0	0	0	0	0	0	0	0	0	0	0	0	0	0	0	0	0	2	200	0	0	//아이템B(황금잔 10개) 수집			ObjectNum에 횟수 설정		
	162	2927	50006	1	6	90811	92811	34095	0	0	0	0	0	0	0	0	0	1	8122	10	0	0	0	0	0	0	0	0	0	0	0	0	0	0	0	0	0	0	2	500	0	0	//아이템C(네로타 10개) 수집					
	163	2927	50006	1	6	90812	92812	34096	0	0	0	0	0	0	0	0	0	1	8123	10	0	0	0	0	0	0	0	0	0	0	0	0	0	0	0	0	0	0	2	250	0	0	//아이템D(타라곤광산의진토 10개) 수집			39 몬스터연속완료		
	164	2927	50006	1	6	90813	92813	34097	0	0	0	0	0	0	0	0	0	1	8124	10	0	0	0	0	0	0	0	0	0	0	0	0	0	0	0	0	0	0	2	350	0	0	//아이템E(알트하임칙령 10개) 수집			ObjectCode에 [1]몬스터 [2]PC [3] 몬스터+PC		
	165	2927	50006	1	6	90814	92814	34098	0	0	0	0	0	0	0	0	0	1	8125	10	0	0	0	0	0	0	0	0	0	0	0	0	0	0	0	0	0	0	2	550	0	0	//아이템F(라르고의두개골 10개) 수집			ObjectNum에 달성목표입력		
	166	2927	50006	1	6	90815	92815	32815	0	0	0	0	0	0	0	0	0	3	106	600	0	0	0	0	0	0	0	0	0	0	0	0	0	0	0	0	0	0	2	800	0	0	//캡틴 배기					
	167	2927	50006	1	6	90816	92816	32817	0	0	0	0	0	0	0	0	0	2	2215	6	0	0	0	0	0	0	0	0	0	0	0	0	0	0	0	0	0	0	2	700	0	0	//보스몬스터A 사냥			40 사망횟수		
	168	2927	50006	1	6	90817	92817	32817	0	0	0	0	0	0	0	0	0	2	2217	6	0	0	0	0	0	0	0	0	0	0	0	0	0	0	0	0	0	0	2	700	0	0	//보스몬스터B 사냥			ObjectCode에 [1]몬스터 [2] PC [3] 몬스터+PC		
	169	2927	50006	1	6	90818	92818	74665	0	0	0	0	0	0	0	0	0	2	2016	6	0	0	0	0	0	0	0	0	0	0	0	0	0	0	0	0	0	0	2	400	0	0	//럭키몬스터A 사냥			ObjectNum에 달성횟수설정		
	170	2927	50006	1	6	90819	92819	74665	0	0	0	0	0	0	0	0	0	2	2017	6	0	0	0	0	0	0	0	0	0	0	0	0	0	0	0	0	0	0	2	700	0	0	//럭키몬스터B 사냥					
	171	2927	50006	1	6	90820	92820	32814	0	0	0	0	0	0	0	0	0	2	2018	12	0	0	0	0	0	0	0	0	0	0	0	0	0	0	0	0	0	0	2	500	0	0	//AC몬스터 사냥			41 인첸트 등급 달성		
	172	2927	50006	1	6	90821	92821	73532	0	0	0	0	0	0	0	0	0	6	60401	12	0	0	0	0	0	0	0	0	0	0	0	0	0	0	0	0	0	0	2	1000	0	0	//저주받은탑 클리어			ObjectCode에 인첸트할 아이템 코드 입력		
	173	2927	50006	1	6	90822	92822	33121	0	0	0	0	0	0	0	0	0	4	26	6	0	0	0	0	0	0	0	0	0	0	0	0	0	0	0	0	0	0	2	800	0	0	//메인미션 클리어			ObjectNum에 달성 인첸트 등급 입력		
	174	2927	50006	1	6	90823	92823	34098	0	0	0	0	0	0	0	0	0	4	27	6	0	0	0	0	0	0	0	0	0	0	0	0	0	0	0	0	0	0	2	300	0	0	//서브미션1 클리어					
	175	2927	50006	1	6	90824	92824	34098	0	0	0	0	0	0	0	0	0	4	28	6	0	0	0	0	0	0	0	0	0	0	0	0	0	0	0	0	0	0	2	300	0	0	//서브미션2 클리어			42 전장 승리 횟수		
	176	2927	50006	1	6	90825	92825	34098	0	0	0	0	0	0	0	0	0	4	29	6	0	0	0	0	0	0	0	0	0	0	0	0	0	0	0	0	0	0	2	300	0	0	//서브미션3 클리어			ObjectCode에 맵코드 입력		
	177	2927	50006	1	6	90826	92826	33315	0	0	0	0	0	0	0	0	0	7	206	30	0	0	0	0	0	0	0	0	0	0	0	0	0	0	0	0	0	0	2	1000	0	0	//퀘스트 완료			ObjectNum에 달성 목표 입력		
	178	2927	50006	1	6	90827	92827	33258	0	0	0	0	0	0	0	0	0	5	0	1000	0	0	0	0	0	0	0	0	0	0	0	0	0	0	0	0	0	0	1	20502	0	0	//달성률 10% 달성					
	179	2927	50006	1	6	90828	92828	33258	0	0	0	0	0	0	0	0	0	5	0	2000	0	0	0	0	0	0	0	0	0	0	0	0	0	0	0	0	0	0	1	20504	0	0	//달성률 20% 달성			43 전장 거점 공격 횟수		
	180	2927	50006	1	6	90829	92829	33258	0	0	0	0	0	0	0	0	0	5	0	3000	0	0	0	0	0	0	0	0	0	0	0	0	0	0	0	0	0	0	1	20506	0	0	//달성률 30% 달성			ObjectCode에 맵코드 입력		
	181	2927	50006	1	6	90830	92830	33258	0	0	0	0	0	0	0	0	0	5	0	4000	0	0	0	0	0	0	0	0	0	0	0	0	0	0	0	0	0	0	1	20508	0	0	//달성률 40% 달성			ObjectNum에 달성 목표 입력		
	182	2927	50006	1	6	90831	92831	33258	0	0	0	0	0	0	0	0	0	5	0	5000	0	0	0	0	0	0	0	0	0	0	0	0	0	0	0	0	0	0	1	20510	0	0	//달성률 50% 달성					
	183	2927	50006	1	6	90832	92832	33258	0	0	0	0	0	0	0	0	0	5	0	6000	0	0	0	0	0	0	0	0	0	0	0	0	0	0	0	0	0	0	1	20512	0	0	//달성률 60% 달성			44 전장 거점 방어 횟수		
	184	2927	50006	1	6	90833	92833	33258	0	0	0	0	0	0	0	0	0	5	0	7000	0	0	0	0	0	0	0	0	0	0	0	0	0	0	0	0	0	0	1	20514	0	0	//달성률 70% 달성			ObjectCode에 맵코드 입력		
	185	2927	50006	1	6	90834	92834	33258	0	0	0	0	0	0	0	0	0	5	0	8000	0	0	0	0	0	0	0	0	0	0	0	0	0	0	0	0	0	0	1	20516	0	0	//달성률 80% 달성			ObjectNum에 달성 목표 입력		
	186	2927	50006	1	6	90835	92835	33258	0	0	0	0	0	0	0	0	0	5	0	9000	0	0	0	0	0	0	0	0	0	0	0	0	0	0	0	0	0	0	1	20518	0	0	//달성률 90% 달성					
	187	2927	50006	1	6	90836	92836	33258	0	0	0	0	0	0	0	0	0	5	0	10000	0	0	0	0	0	0	0	0	0	0	0	0	0	0	0	0	0	0	1	20520	0	0	//달성률 100% 달성					
	//녹음의대지 AC	2927																																														
	188	2927	50007	1	7	90837	92837	34144	0	0	0	0	0	0	0	0	0	1	8134	1	8135	1	8136	1	8137	1	8138	1	0	0	0	0	0	0	0	0	0	0	2	200	0	0	//보물열쇠 수집					
	189	2927	50007	1	7	90838	92838	34145	0	0	0	0	0	0	0	0	0	1	8126	1	8127	1	8128	1	8129	1	8130	1	8131	1	8132	1	8133	1	0	0	0	0	2	200	0	0	//보물지도 수집					
	190	2927	50007	1	7	90839	92839	200017	0	0	0	0	0	0	0	0	0	8	8147	1	0	0	0	0	0	0	0	0	0	0	0	0	0	0	0	0	0	0	2	100	0	0	//보물상자 수집					
	191	2927	50007	1	7	90840	92840	34146	0	0	0	0	0	0	0	0	0	1	8139	20	0	0	0	0	0	0	0	0	0	0	0	0	0	0	0	0	0	0	2	150	0	0	//아이템A(대지의성배 20개) 수집					
	192	2927	50007	1	7	90841	92841	34147	0	0	0	0	0	0	0	0	0	1	8140	10	0	0	0	0	0	0	0	0	0	0	0	0	0	0	0	0	0	0	2	200	0	0	//아이템B(반짝이는산호초 10개) 수집					
	193	2927	50007	1	7	90842	92842	34148	0	0	0	0	0	0	0	0	0	1	8141	10	0	0	0	0	0	0	0	0	0	0	0	0	0	0	0	0	0	0	2	500	0	0	//아이템C(신목의열매 10개) 수집					
	194	2927	50007	1	7	90843	92843	34149	0	0	0	0	0	0	0	0	0	1	8142	10	0	0	0	0	0	0	0	0	0	0	0	0	0	0	0	0	0	0	2	250	0	0	//아이템D(부유석조각 10개) 수집					
	195	2927	50007	1	7	90844	92844	34153	0	0	0	0	0	0	0	0	0	1	8143	10	0	0	0	0	0	0	0	0	0	0	0	0	0	0	0	0	0	0	2	350	0	0	//아이템E(스칼렛결정석 10개) 수집					
	196	2927	50007	1	7	90845	92845	34097	0	0	0	0	0	0	0	0	0	1	8144	10	0	0	0	0	0	0	0	0	0	0	0	0	0	0	0	0	0	0	2	550	0	0	//아이템F(비밀지령서 10개) 수집					
	197	2927	50007	1	7	90846	92846	32815	0	0	0	0	0	0	0	0	0	3	107	700	0	0	0	0	0	0	0	0	0	0	0	0	0	0	0	0	0	0	2	800	0	0	//캡틴 배기					
	198	2927	50007	1	7	90847	92847	32817	0	0	0	0	0	0	0	0	0	2	2401	7	0	0	0	0	0	0	0	0	0	0	0	0	0	0	0	0	0	0	2	700	0	0	//보스몬스터A 사냥					
	199	2927	50007	1	7	90848	92848	32817	0	0	0	0	0	0	0	0	0	2	2411	7	0	0	0	0	0	0	0	0	0	0	0	0	0	0	0	0	0	0	2	700	0	0	//보스몬스터B 사냥					
	200	2927	50007	1	7	90849	92849	74665	0	0	0	0	0	0	0	0	0	2	2030	7	0	0	0	0	0	0	0	0	0	0	0	0	0	0	0	0	0	0	2	400	0	0	//럭키몬스터A 사냥					
	201	2927	50007	1	7	90850	92850	74665	0	0	0	0	0	0	0	0	0	2	2031	7	0	0	0	0	0	0	0	0	0	0	0	0	0	0	0	0	0	0	2	700	0	0	//럭키몬스터B 사냥					
	202	2927	50007	1	7	90851	92851	32814	0	0	0	0	0	0	0	0	0	2	2019	14	0	0	0	0	0	0	0	0	0	0	0	0	0	0	0	0	0	0	2	500	0	0	//AC몬스터 사냥					
	203	2927	50007	1	7	90852	92852	33153	0	0	0	0	0	0	0	0	0	1	8191	40	0	0	0	0	0	0	0	0	0	0	0	0	0	0	0	0	0	0	2	1000	0	0	//아이템G(대지의숨결)40개수집					
	204	2927	50007	1	7	90853	92853	33121	0	0	0	0	0	0	0	0	0	4	32	7	0	0	0	0	0	0	0	0	0	0	0	0	0	0	0	0	0	0	2	800	0	0	//메인미션 클리어					
	205	2927	50007	1	7	90854	92854	34098	0	0	0	0	0	0	0	0	0	4	33	7	0	0	0	0	0	0	0	0	0	0	0	0	0	0	0	0	0	0	2	450	0	0	//서브미션1 클리어					
	206	2927	50007	1	7	90855	92855	34098	0	0	0	0	0	0	0	0	0	4	34	7	0	0	0	0	0	0	0	0	0	0	0	0	0	0	0	0	0	0	2	450	0	0	//서브미션2 클리어					
	//207	2927	50007	1	7	90856	92856	0	0	0	0	0	0	0	0	0	0	0	0	7	0	0	0	0	0	0	0	0	0	0	0	0	0	0	0	0	0	0	2	0	0	0	//?					
	208	2927	50007	1	7	90857	92857	33315	0	0	0	0	0	0	0	0	0	7	207	30	0	0	0	0	0	0	0	0	0	0	0	0	0	0	0	0	0	0	2	1000	0	0	//퀘스트 완료					
	209	2927	50007	1	7	90858	92858	33258	0	0	0	0	0	0	0	0	0	5	0	1000	0	0	0	0	0	0	0	0	0	0	0	0	0	0	0	0	0	0	1	20602	0	0	//달성률 10% 달성					
	210	2927	50007	1	7	90859	92859	33258	0	0	0	0	0	0	0	0	0	5	0	2000	0	0	0	0	0	0	0	0	0	0	0	0	0	0	0	0	0	0	1	20604	0	0	//달성률 20% 달성					
	211	2927	50007	1	7	90860	92860	33258	0	0	0	0	0	0	0	0	0	5	0	3000	0	0	0	0	0	0	0	0	0	0	0	0	0	0	0	0	0	0	1	20606	0	0	//달성률 30% 달성					
	212	2927	50007	1	7	90861	92861	33258	0	0	0	0	0	0	0	0	0	5	0	4000	0	0	0	0	0	0	0	0	0	0	0	0	0	0	0	0	0	0	1	20608	0	0	//달성률 40% 달성					
	213	2927	50007	1	7	90862	92862	33258	0	0	0	0	0	0	0	0	0	5	0	5000	0	0	0	0	0	0	0	0	0	0	0	0	0	0	0	0	0	0	1	20610	0	0	//달성률 50% 달성					
	214	2927	50007	1	7	90863	92863	33258	0	0	0	0	0	0	0	0	0	5	0	6000	0	0	0	0	0	0	0	0	0	0	0	0	0	0	0	0	0	0	1	20612	0	0	//달성률 60% 달성					
	215	2927	50007	1	7	90864	92864	33258	0	0	0	0	0	0	0	0	0	5	0	7000	0	0	0	0	0	0	0	0	0	0	0	0	0	0	0	0	0	0	1	20614	0	0	//달성률 70% 달성					
	216	2927	50007	1	7	90865	92865	33258	0	0	0	0	0	0	0	0	0	5	0	8000	0	0	0	0	0	0	0	0	0	0	0	0	0	0	0	0	0	0	1	20616	0	0	//달성률 80% 달성					
	217	2927	50007	1	7	90866	92866	33258	0	0	0	0	0	0	0	0	0	5	0	9000	0	0	0	0	0	0	0	0	0	0	0	0	0	0	0	0	0	0	1	20618	0	0	//달성률 90% 달성					
	218	2927	50007	1	7	90867	92867	33258	0	0	0	0	0	0	0	0	0	5	0	10000	0	0	0	0	0	0	0	0	0	0	0	0	0	0	0	0	0	0	1	20620	0	0	//달성률 100% 달성					
	//정령들의쉼터AC																																															
	530	2927	50008	1	8	90325	92325	34162	0	0	0	0	0	0	0	0	0	1	8157	1	8158	1	8159	1	8160	1	8161	1	0	0	0	0	0	0	0	0	0	0	2	200	0	0	//보물열쇠 수집					
	531	2927	50008	1	8	90326	92326	34163	0	0	0	0	0	0	0	0	0	1	8149	1	8150	1	8151	1	8152	1	8153	1	8154	1	8155	1	8156	1	0	0	0	0	2	200	0	0	//보물지도 수집					
	532	2927	50008	1	8	90327	92327	200017	0	0	0	0	0	0	0	0	0	8	8168	1	0	0	0	0	0	0	0	0	0	0	0	0	0	0	0	0	0	0	2	100	0	0	//보물상자 수집					
	533	2927	50008	1	8	90328	92328	34164	0	0	0	0	0	0	0	0	0	1	8162	20	0	0	0	0	0	0	0	0	0	0	0	0	0	0	0	0	0	0	2	150	0	0	//아이템A(바람의성배 20개) 수집					
	534	2927	50008	1	8	90329	92329	34171	0	0	0	0	0	0	0	0	0	1	8163	10	0	0	0	0	0	0	0	0	0	0	0	0	0	0	0	0	0	0	2	200	0	0	//아이템B(라비다나무열매 10개) 수집					
	535	2927	50008	1	8	90330	92330	34172	0	0	0	0	0	0	0	0	0	1	8164	10	0	0	0	0	0	0	0	0	0	0	0	0	0	0	0	0	0	0	2	500	0	0	//아이템C(미켈론의흉상 10개) 수집					
	536	2927	50008	1	8	90331	92331	34173	0	0	0	0	0	0	0	0	0	1	8165	10	0	0	0	0	0	0	0	0	0	0	0	0	0	0	0	0	0	0	2	250	0	0	//아이템D(안식처의얼음조각 10개) 수집					
	537	2927	50008	1	8	90332	92332	34174	0	0	0	0	0	0	0	0	0	1	8166	10	0	0	0	0	0	0	0	0	0	0	0	0	0	0	0	0	0	0	2	350	0	0	//아이템E(고대의석판 10개) 수집					
	538	2927	50008	1	8	90333	92333	34175	0	0	0	0	0	0	0	0	0	1	8167	10	0	0	0	0	0	0	0	0	0	0	0	0	0	0	0	0	0	0	2	550	0	0	//아이템F(잊혀진주화 10개) 수집					
	539	2927	50008	1	8	90334	92334	32815	0	0	0	0	0	0	0	0	0	3	108	800	0	0	0	0	0	0	0	0	0	0	0	0	0	0	0	0	0	0	2	800	0	0	//캡틴 배기					
	540	2927	50008	1	8	90335	92335	32817	0	0	0	0	0	0	0	0	0	2	2413	8	0	0	0	0	0	0	0	0	0	0	0	0	0	0	0	0	0	0	2	700	0	0	//보스몬스터A 사냥					
	541	2927	50008	1	8	90336	92336	32817	0	0	0	0	0	0	0	0	0	2	2415	8	0	0	0	0	0	0	0	0	0	0	0	0	0	0	0	0	0	0	2	700	0	0	//보스몬스터B 사냥					
	542	2927	50008	1	8	90337	92337	74665	0	0	0	0	0	0	0	0	0	2	2032	8	0	0	0	0	0	0	0	0	0	0	0	0	0	0	0	0	0	0	2	400	0	0	//럭키몬스터A 사냥					
	543	2927	50008	1	8	90338	92338	74665	0	0	0	0	0	0	0	0	0	2	2033	8	0	0	0	0	0	0	0	0	0	0	0	0	0	0	0	0	0	0	2	700	0	0	//럭키몬스터B 사냥					
	544	2927	50008	1	8	90339	92339	32814	0	0	0	0	0	0	0	0	0	2	2020	16	0	0	0	0	0	0	0	0	0	0	0	0	0	0	0	0	0	0	2	500	0	0	//AC몬스터 사냥					
	//588	2927	50008	1	8	90340	92340	0	0	0	0	0	0	0	0	0	0	1	8192	40	0	0	0	0	0	0	0	0	0	0	0	0	0	0	0	0	0	0	2	1000	0	0	//미정					
	546	2927	50008	1	8	90341	92341	33121	0	0	0	0	0	0	0	0	0	4	35	8	0	0	0	0	0	0	0	0	0	0	0	0	0	0	0	0	0	0	2	800	0	0	//메인미션 클리어					
	547	2927	50008	1	8	90342	92342	34098	0	0	0	0	0	0	0	0	0	4	36	8	0	0	0	0	0	0	0	0	0	0	0	0	0	0	0	0	0	0	2	450	0	0	//서브미션1 클리어					
	548	2927	50008	1	8	90343	92343	34098	0	0	0	0	0	0	0	0	0	4	37	8	0	0	0	0	0	0	0	0	0	0	0	0	0	0	0	0	0	0	2	450	0	0	//서브미션2 클리어					
	549	2927	50008	1	8	90344	92344	33154	0	0	0	0	0	0	0	0	0	1	8192	40	0	0	0	0	0	0	0	0	0	0	0	0	0	0	0	0	0	0	2	1000	0	0	//아이템G(희미한정령의날개)40개수집					
	550	2927	50008	1	8	90345	92345	33315	0	0	0	0	0	0	0	0	0	7	216	30	0	0	0	0	0	0	0	0	0	0	0	0	0	0	0	0	0	0	2	1000	0	0	//퀘스트 완료					
	551	2927	50008	1	8	90346	92346	33258	0	0	0	0	0	0	0	0	0	5	0	1000	0	0	0	0	0	0	0	0	0	0	0	0	0	0	0	0	0	0	1	20702	0	0	//달성률 10% 달성					
	552	2927	50008	1	8	90347	92347	33258	0	0	0	0	0	0	0	0	0	5	0	2000	0	0	0	0	0	0	0	0	0	0	0	0	0	0	0	0	0	0	1	20704	0	0	//달성률 20% 달성					
	553	2927	50008	1	8	90348	92348	33258	0	0	0	0	0	0	0	0	0	5	0	3000	0	0	0	0	0	0	0	0	0	0	0	0	0	0	0	0	0	0	1	20706	0	0	//달성률 30% 달성					
	554	2927	50008	1	8	90349	92349	33258	0	0	0	0	0	0	0	0	0	5	0	4000	0	0	0	0	0	0	0	0	0	0	0	0	0	0	0	0	0	0	1	20708	0	0	//달성률 40% 달성					
	555	2927	50008	1	8	90350	92350	33258	0	0	0	0	0	0	0	0	0	5	0	5000	0	0	0	0	0	0	0	0	0	0	0	0	0	0	0	0	0	0	1	20710	0	0	//달성률 50% 달성					
	556	2927	50008	1	8	90351	92351	33258	0	0	0	0	0	0	0	0	0	5	0	6000	0	0	0	0	0	0	0	0	0	0	0	0	0	0	0	0	0	0	1	20712	0	0	//달성률 60% 달성					
	557	2927	50008	1	8	90352	92352	33258	0	0	0	0	0	0	0	0	0	5	0	7000	0	0	0	0	0	0	0	0	0	0	0	0	0	0	0	0	0	0	1	20714	0	0	//달성률 70% 달성					
	558	2927	50008	1	8	90353	92353	33258	0	0	0	0	0	0	0	0	0	5	0	8000	0	0	0	0	0	0	0	0	0	0	0	0	0	0	0	0	0	0	1	20716	0	0	//달성률 80% 달성					
	559	2927	50008	1	8	90354	92354	33258	0	0	0	0	0	0	0	0	0	5	0	9000	0	0	0	0	0	0	0	0	0	0	0	0	0	0	0	0	0	0	1	20718	0	0	//달성률 90% 달성					
	560	2927	50008	1	8	90355	92355	33258	0	0	0	0	0	0	0	0	0	5	0	10000	0	0	0	0	0	0	0	0	0	0	0	0	0	0	0	0	0	0	1	20720	0	0	//달성률 100% 달성					
	//보아레스산맥AC																																															
	710	2927	50009	1	9	90356	92356	34168	0	0	0	0	0	0	0	0	0	1	8178	1	8179	1	8180	1	8181	1	8182	1	0	0	0	0	0	0	0	0	0	0	2	200	0	0	//보물열쇠 수집					
	711	2927	50009	1	9	90357	92357	34169	0	0	0	0	0	0	0	0	0	1	8170	1	8171	1	8172	1	8173	1	8174	1	8175	1	8176	1	8177	1	0	0	0	0	2	200	0	0	//보물지도 수집					
	712	2927	50009	1	9	90358	92358	200017	0	0	0	0	0	0	0	0	0	8	8189	1	0	0	0	0	0	0	0	0	0	0	0	0	0	0	0	0	0	0	2	100	0	0	//보물상자 수집					
	713	2927	50009	1	9	90359	92359	34170	0	0	0	0	0	0	0	0	0	1	8183	20	0	0	0	0	0	0	0	0	0	0	0	0	0	0	0	0	0	0	2	150	0	0	//아이템A(화염의성배 20개) 수집					
	714	2927	50009	1	9	90360	92360	34301	0	0	0	0	0	0	0	0	0	1	8184	10	0	0	0	0	0	0	0	0	0	0	0	0	0	0	0	0	0	0	2	200	0	0	//아이템B(늙은나무가지 10개) 수집					
	715	2927	50009	1	9	90361	92361	34302	0	0	0	0	0	0	0	0	0	1	8185	10	0	0	0	0	0	0	0	0	0	0	0	0	0	0	0	0	0	0	2	500	0	0	//아이템C(높은산의열매 10개) 수집					
	716	2927	50009	1	9	90362	92362	34303	0	0	0	0	0	0	0	0	0	1	8186	10	0	0	0	0	0	0	0	0	0	0	0	0	0	0	0	0	0	0	2	250	0	0	//아이템D(야수부족토템 10개) 수집					
	717	2927	50009	1	9	90363	92363	34304	0	0	0	0	0	0	0	0	0	1	8187	10	0	0	0	0	0	0	0	0	0	0	0	0	0	0	0	0	0	0	2	350	0	0	//아이템E(카르나투스지령서 10개) 수집					
	718	2927	50009	1	9	90364	92364	34305	0	0	0	0	0	0	0	0	0	1	8188	10	0	0	0	0	0	0	0	0	0	0	0	0	0	0	0	0	0	0	2	550	0	0	//아이템F(결계의파편 10개) 수집					
	719	2927	50009	1	9	90334	92365	32815	0	0	0	0	0	0	0	0	0	3	109	900	0	0	0	0	0	0	0	0	0	0	0	0	0	0	0	0	0	0	2	800	0	0	//캡틴 배기					
	720	2927	50009	1	9	90366	92366	32817	0	0	0	0	0	0	0	0	0	2	2418	9	0	0	0	0	0	0	0	0	0	0	0	0	0	0	0	0	0	0	2	700	0	0	//보스몬스터A 사냥					
	721	2927	50009	1	9	90367	92367	32817	0	0	0	0	0	0	0	0	0	2	2420	9	0	0	0	0	0	0	0	0	0	0	0	0	0	0	0	0	0	0	2	700	0	0	//보스몬스터B 사냥					
	722	2927	50009	1	9	90368	92368	74665	0	0	0	0	0	0	0	0	0	2	2034	9	0	0	0	0	0	0	0	0	0	0	0	0	0	0	0	0	0	0	2	700	0	0	//럭키몬스터A 사냥					
	723	2927	50009	1	9	90369	92369	74665	0	0	0	0	0	0	0	0	0	2	2035	9	0	0	0	0	0	0	0	0	0	0	0	0	0	0	0	0	0	0	2	700	0	0	//럭키몬스터B 사냥					
	724	2927	50009	1	9	90370	92370	32814	0	0	0	0	0	0	0	0	0	2	2021	18	0	0	0	0	0	0	0	0	0	0	0	0	0	0	0	0	0	0	2	750	0	0	//AC몬스터 사냥					
	725	2927	50009	1	9	90371	92371	34098	0	0	0	0	0	0	0	0	0	4	41	9	0	0	0	0	0	0	0	0	0	0	0	0	0	0	0	0	0	0	2	450	0	0	//봉인된분노클리어					
	726	2927	50009	1	9	90372	92372	33121	0	0	0	0	0	0	0	0	0	4	38	9	0	0	0	0	0	0	0	0	0	0	0	0	0	0	0	0	0	0	2	800	0	0	//메인미션 클리어					
	728	2927	50009	1	9	90374	92374	34098	0	0	0	0	0	0	0	0	0	4	39	9	0	0	0	0	0	0	0	0	0	0	0	0	0	0	0	0	0	0	2	450	0	0	//수도공략클리어					
	729	2927	50009	1	9	90375	92375	34098	0	0	0	0	0	0	0	0	0	4	40	9	0	0	0	0	0	0	0	0	0	0	0	0	0	0	0	0	0	0	2	450	0	0	//추락한자존심클리어					
	730	2927	50009	1	9	90376	92376	33315	0	0	0	0	0	0	0	0	0	7	217	30	0	0	0	0	0	0	0	0	0	0	0	0	0	0	0	0	0	0	2	1000	0	0	//퀘스트 완료					
	731	2927	50009	1	9	90377	92377	33258	0	0	0	0	0	0	0	0	0	5	0	1000	0	0	0	0	0	0	0	0	0	0	0	0	0	0	0	0	0	0	1	20722	0	0	//달성률 10% 달성					
	732	2927	50009	1	9	90378	92378	33258	0	0	0	0	0	0	0	0	0	5	0	2000	0	0	0	0	0	0	0	0	0	0	0	0	0	0	0	0	0	0	1	20724	0	0	//달성률 20% 달성					
	733	2927	50009	1	9	90379	92379	33258	0	0	0	0	0	0	0	0	0	5	0	3000	0	0	0	0	0	0	0	0	0	0	0	0	0	0	0	0	0	0	1	20726	0	0	//달성률 30% 달성					
	734	2927	50009	1	9	90380	92380	33258	0	0	0	0	0	0	0	0	0	5	0	4000	0	0	0	0	0	0	0	0	0	0	0	0	0	0	0	0	0	0	1	20728	0	0	//달성률 40% 달성					
	735	2927	50009	1	9	90381	92381	33258	0	0	0	0	0	0	0	0	0	5	0	5000	0	0	0	0	0	0	0	0	0	0	0	0	0	0	0	0	0	0	1	20730	0	0	//달성률 50% 달성					
	800	2927	50009	1	9	90382	92382	33258	0	0	0	0	0	0	0	0	0	5	0	6000	0	0	0	0	0	0	0	0	0	0	0	0	0	0	0	0	0	0	1	20732	0	0	//달성률 60% 달성					
	801	2927	50009	1	9	90383	92383	33258	0	0	0	0	0	0	0	0	0	5	0	7000	0	0	0	0	0	0	0	0	0	0	0	0	0	0	0	0	0	0	1	20734	0	0	//달성률 70% 달성					
	802	2927	50009	1	9	90384	92384	33258	0	0	0	0	0	0	0	0	0	5	0	8000	0	0	0	0	0	0	0	0	0	0	0	0	0	0	0	0	0	0	1	20736	0	0	//달성률 80% 달성					
	803	2927	50009	1	9	90385	92385	33258	0	0	0	0	0	0	0	0	0	5	0	9000	0	0	0	0	0	0	0	0	0	0	0	0	0	0	0	0	0	0	1	20738	0	0	//달성률 90% 달성					
	804	2927	50009	1	9	90386	92386	33258	0	0	0	0	0	0	0	0	0	5	0	10000	0	0	0	0	0	0	0	0	0	0	0	0	0	0	0	0	0	0	1	20740	0	0	//달성률 100% 달성					
	//생명의골짜기																																													29 퍽 레벨 달성		
//	1250	2927	50005	1	5	90774	92774	33975	0	0	0	0	0	0	0	0	0	1	9409	1	9410	1	9411	1	9412	1	9413	1	0	0	0	0	0	0	0	0	0	0	2	200	0	0	//보물열쇠 수집			ObjectCode에 퍽코드 입력		
//	1251	2927	50005	1	5	90775	92775	33973	0	0	0	0	0	0	0	0	0	1	9401	1	9402	1	9403	1	9404	1	9405	1	9406	1	9407	1	9408	1	0	0	0	0	2	200	0	0	//보물지도 수집			ObjectNum에 달성 레벨 입력		
//	1252	2927	50005	1	5	90776	92776	200017	0	0	0	0	0	0	0	0	0	8	9421	1	0	0	0	0	0	0	0	0	0	0	0	0	0	0	0	0	0	0	2	100	0	0	//보물상자 수집					
//	1253	2927	50005	1	5	90777	92777	33966	0	0	0	0	0	0	0	0	0	1	9414	20	0	0	0	0	0	0	0	0	0	0	0	0	0	0	0	0	0	0	2	150	0	0	//아이템A(A 20개) 수집			30 장비평점 달성		
//	1254	2927	50005	1	5	90778	92778	33967	0	0	0	0	0	0	0	0	0	1	9415	10	0	0	0	0	0	0	0	0	0	0	0	0	0	0	0	0	0	0	2	200	0	0	//아이템B(B 10개) 수집			ObjectCode에 달성 장비평점 입력		
//	1255	2927	50005	1	5	90779	92779	33968	0	0	0	0	0	0	0	0	0	1	9416	10	0	0	0	0	0	0	0	0	0	0	0	0	0	0	0	0	0	0	2	500	0	0	//아이템C(C 10개) 수집			ObjectNum에 1 입력		
//	1256	2927	50005	1	5	90780	92780	33969	0	0	0	0	0	0	0	0	0	1	9417	10	0	0	0	0	0	0	0	0	0	0	0	0	0	0	0	0	0	0	2	250	0	0	//아이템D(D 10개) 수집					
//	1257	2927	50005	1	5	90781	92781	33970	0	0	0	0	0	0	0	0	0	1	9418	10	0	0	0	0	0	0	0	0	0	0	0	0	0	0	0	0	0	0	2	350	0	0	//아이템E(E 10개) 수집			31명성달성		
//	1258	2927	50005	1	5	90782	92782	33972	0	0	0	0	0	0	0	0	0	1	9419	10	0	0	0	0	0	0	0	0	0	0	0	0	0	0	0	0	0	0	2	550	0	0	//아이템F(F 10개) 수집			ObjectCode에 명성지역코드		
//	1265	2927	50005	1	5	90789	92789	73532	0	0	0	0	0	0	0	0	0	6	9420	10	0	0	0	0	0	0	0	0	0	0	0	0	0	0	0	0	0	0	2	1000	0	0	//아이템G(G 30개) 수집			33 명성달성개수		
//	1259	2927	50005	1	5	90783	92783	32815	0	0	0	0	0	0	0	0	0	3	105	500	0	0	0	0	0	0	0	0	0	0	0	0	0	0	0	0	0	0	2	800	0	0	//캡틴 배기			ObjectNum에 명성단계 입력		
//	1260	2927	50005	1	5	90784	92784	32817	0	0	0	0	0	0	0	0	0	2	2211	5	0	0	0	0	0	0	0	0	0	0	0	0	0	0	0	0	0	0	2	700	0	0	//보스몬스터A 사냥					
//	1261	2927	50005	1	5	90785	92785	32817	0	0	0	0	0	0	0	0	0	2	2213	5	0	0	0	0	0	0	0	0	0	0	0	0	0	0	0	0	0	0	2	700	0	0	//보스몬스터B 사냥			32 평판달성		
//	1262	2927	50005	1	5	90786	92786	74637	0	0	0	0	0	0	0	0	0	2	2013	5	0	0	0	0	0	0	0	0	0	0	0	0	0	0	0	0	0	0	2	400	0	0	//럭키몬스터A 사냥			ObjectCode에 평판지역코드		
//	1263	2927	50005	1	5	90787	92787	74637	0	0	0	0	0	0	0	0	0	2	2014	5	0	0	0	0	0	0	0	0	0	0	0	0	0	0	0	0	0	0	2	700	0	0	//럭키몬스터B 사냥			ObjectNum에 평판단계입력		
//	1264	2927	50005	1	5	90788	92788	32814	0	0	0	0	0	0	0	0	0	2	2015	10	0	0	0	0	0	0	0	0	0	0	0	0	0	0	0	0	0	0	2	500	0	0	//AC몬스터 사냥					
//	1266	2927	50005	1	5	90790	92790	33121	0	0	0	0	0	0	0	0	0	4	21	5	0	0	0	0	0	0	0	0	0	0	0	0	0	0	0	0	0	0	2	800	0	0	//메인미션 클리어			ObjectCode에 명성달성단계		
//	1267	2927	50005	1	5	90791	92791	34098	0	0	0	0	0	0	0	0	0	4	22	5	0	0	0	0	0	0	0	0	0	0	0	0	0	0	0	0	0	0	2	225	0	0	//서브미션1 클리어			ObjectNum에 명성완료 개수		
//	1268	2927	50005	1	5	90792	92792	34098	0	0	0	0	0	0	0	0	0	4	23	5	0	0	0	0	0	0	0	0	0	0	0	0	0	0	0	0	0	0	2	225	0	0	//서브미션2 클리어					
//	1269	2927	50005	1	5	90793	92793	34098	0	0	0	0	0	0	0	0	0	4	24	5	0	0	0	0	0	0	0	0	0	0	0	0	0	0	0	0	0	0	2	225	0	0	//서브미션3 클리어			34 평판완료개수		
//	1270	2927	50005	1	5	90794	92794	34098	0	0	0	0	0	0	0	0	0	4	25	5	0	0	0	0	0	0	0	0	0	0	0	0	0	0	0	0	0	0	2	225	0	0	//서브미션4 클리어			ObjectCode에 평판달성단계		
//	1271	2927	50005	1	5	90795	92795	33315	0	0	0	0	0	0	0	0	0	7	205	30	0	0	0	0	0	0	0	0	0	0	0	0	0	0	0	0	0	0	2	1000	0	0	//퀘스트 완료			ObjectNum에 평판완료단계		
//	1272	2927	50005	1	5	90796	92796	33258	0	0	0	0	0	0	0	0	0	5	0	1000	0	0	0	0	0	0	0	0	0	0	0	0	0	0	0	0	0	0	1	20402	0	0	//달성률 10% 달성					
//	1273	2927	50005	1	5	90797	92797	33258	0	0	0	0	0	0	0	0	0	5	0	2000	0	0	0	0	0	0	0	0	0	0	0	0	0	0	0	0	0	0	1	20404	0	0	//달성률 20% 달성			35 퀘스트 n개완료		
//	1274	2927	50005	1	5	90798	92798	33258	0	0	0	0	0	0	0	0	0	5	0	3000	0	0	0	0	0	0	0	0	0	0	0	0	0	0	0	0	0	0	1	20406	0	0	//달성률 30% 달성			ObjectCode에 퀘스트 완료 개수(반복-일일퀘스트제외한 일반퀘스트의 완료개수)		
//	1275	2927	50005	1	5	90799	92799	33258	0	0	0	0	0	0	0	0	0	5	0	4000	0	0	0	0	0	0	0	0	0	0	0	0	0	0	0	0	0	0	1	20408	0	0	//달성률 40% 달성			ObjectNum에 달성목표입력		
//	1276	2927	50005	1	5	90800	92800	33258	0	0	0	0	0	0	0	0	0	5	0	5000	0	0	0	0	0	0	0	0	0	0	0	0	0	0	0	0	0	0	1	20410	0	0	//달성률 50% 달성					
//	1277	2927	50005	1	5	90801	92801	33258	0	0	0	0	0	0	0	0	0	5	0	6000	0	0	0	0	0	0	0	0	0	0	0	0	0	0	0	0	0	0	1	20412	0	0	//달성률 60% 달성			36 퀘스트완료개수(일퀘)		
//	1278	2927	50005	1	5	90802	92802	33258	0	0	0	0	0	0	0	0	0	5	0	7000	0	0	0	0	0	0	0	0	0	0	0	0	0	0	0	0	0	0	1	20414	0	0	//달성률 70% 달성			ObjectCode에 일일퀘스트의 완료개수		
//	1279	2927	50005	1	5	90803	92803	33258	0	0	0	0	0	0	0	0	0	5	0	8000	0	0	0	0	0	0	0	0	0	0	0	0	0	0	0	0	0	0	1	20416	0	0	//달성률 80% 달성			ObjectNum에 달성목표입력		
//	1280	2927	50005	1	5	90804	92804	33258	0	0	0	0	0	0	0	0	0	5	0	9000	0	0	0	0	0	0	0	0	0	0	0	0	0	0	0	0	0	0	1	20418	0	0	//달성률 90% 달성					
//	1281	2927	50005	1	5	90805	92805	33258	0	0	0	0	0	0	0	0	0	5	0	10000	0	0	0	0	0	0	0	0	0	0	0	0	0	0	0	0	0	0	1	20420	0	0	//달성률 100% 달성			37 일일 퀘스트연속완료		
	//이벤트 AC																																															
//	224	2928	47998	2	5	90943	92943	20142	0	0	0	0	0	0	0	0	0	7	208	1	0	0	0	0	0	0	0	0	0	0	0	0	0	0	0	0	0	0	1	4350	0	0	//2011_아르도르원정대퀘스트완료					
//	410	2928	47998	2	5	90998	92998	64513	0	0	0	0	0	0	0	0	0	7	209	1	0	0	0	0	0	0	0	0	0	0	0	0	0	0	0	0	0	0	1	4566	0	0	//2011_미완의엘리트_미안해요알론카터_완료_상시이벤트					
	//위업 AC																																															
//	219	2928	47999	2	1	90939	92939	25253	0	0	0	0	0	0	0	0	0	2	372	1	373	1	0	0	0	0	0	0	0	0	0	0	0	0	0	0	0	0	0	0	0	0	//원소의 이해					
//	220	2928	47999	2	1	90938	92938	32719	0	0	0	0	0	0	0	0	0	7	197	1	0	0	0	0	0	0	0	0	0	0	0	0	0	0	0	0	0	0	0	0	0	0	//첫번째 채집					
//	221	2928	47999	2	1	90940	92940	12001	0	0	0	0	0	0	0	0	0	7	200	1	0	0	0	0	0	0	0	0	0	0	0	0	0	0	0	0	0	0	0	0	0	0	//견습용 장비 세트 수집					
//	222	2928	47999	2	1	90941	92941	33315	0	0	0	0	0	0	0	0	0	7	199	1	0	0	0	0	0	0	0	0	0	0	0	0	0	0	0	0	0	0	0	0	0	0	//튜토리얼 퀘스트 완료					
	223	2928	47999	2	1	90942	92942	25153	0	0	0	0	0	0	0	0	0	7	198	1	0	0	0	0	0	0	0	0	0	0	0	0	0	0	0	0	0	0	0	0	0	0	//큐브의 이해					
	225	2928	47999	2	1	155691	158691	32001	0	0	0	0	0	0	0	0	0	1	4001	10	0	0	0	0	0	0	0	0	0	0	0	0	0	0	0	0	0	0	1	60128	0	0	//회복물약Lv1_10개_사용					
	226	2928	47999	2	1	155692	158692	32002	0	0	0	0	0	0	0	0	0	1	4002	50	0	0	0	0	0	0	0	0	0	0	0	0	0	0	0	0	0	0	1	60129	0	0	//회복물약Lv2_50개_사용					
	227	2928	47999	2	1	155693	158693	32002	0	0	0	0	0	0	0	0	0	1	4003	80	0	0	0	0	0	0	0	0	0	0	0	0	0	0	0	0	0	0	1	60130	0	0	//회복물약Lv3_80개_사용					
	228	2928	47999	2	1	155694	158694	32003	0	0	0	0	0	0	0	0	0	1	4004	100	0	0	0	0	0	0	0	0	0	0	0	0	0	0	0	0	0	0	1	60131	0	0	//회복물약Lv4_100개_사용					
	229	2928	47999	2	1	155695	158695	32003	0	0	0	0	0	228	0	0	0	1	4004	500	0	0	0	0	0	0	0	0	0	0	0	0	0	0	0	0	0	0	1	60132	0	0	//회복물약Lv4_500개_사용					
	230	2928	47999	2	1	155696	158696	32003	0	0	0	0	0	229	0	0	0	1	4004	1000	0	0	0	0	0	0	0	0	0	0	0	0	0	0	0	0	0	0	1	60133	0	0	//회복물약Lv4_1000개_사용					
	231	2928	47999	2	1	155697	158697	34150	0	0	0	0	0	0	0	0	0	1	4197	100	0	0	0	0	0	0	0	0	0	0	0	0	0	0	0	0	0	0	1	60134	0	0	//마나물약Lv3_100개_사용					
	232	2928	47999	2	1	155698	158698	32004	0	0	0	0	0	0	0	0	0	1	4131	1000	0	0	0	0	0	0	0	0	0	0	0	0	0	0	0	0	0	0	1	60135	0	0	//회복물약Lv5_1000개_사용					
	293	2928	47999	2	1	155700	158700	95002	0	0	0	0	0	0	0	0	0	20	10	1	0	0	0	0	0	0	0	0	0	0	0	0	0	0	0	0	0	0	0	0	0	0	//10레벨 달성					
	294	2928	47999	2	1	155701	158701	95002	0	0	0	0	0	293	0	0	0	20	20	1	0	0	0	0	0	0	0	0	0	0	0	0	0	0	0	0	0	0	0	0	0	0	//20레벨 달성					
	295	2928	47999	2	1	155702	158702	95002	0	0	0	0	0	294	0	0	0	20	30	1	0	0	0	0	0	0	0	0	0	0	0	0	0	0	0	0	0	0	0	0	0	0	//30레벨 달성					
	296	2928	47999	2	1	155703	158703	95002	0	0	0	0	0	295	0	0	0	20	40	1	0	0	0	0	0	0	0	0	0	0	0	0	0	0	0	0	0	0	0	0	0	0	//40레벨 달성					
	297	2928	47999	2	1	155704	158704	95002	0	0	0	0	0	296	0	0	0	20	50	1	0	0	0	0	0	0	0	0	0	0	0	0	0	0	0	0	0	0	0	0	0	0	//50레벨 달성					
	298	2928	47999	2	1	155705	158705	95002	0	0	0	0	0	297	0	0	0	20	60	1	0	0	0	0	0	0	0	0	0	0	0	0	0	0	0	0	0	0	0	0	0	0	//60레벨 달성					
	299	2928	47999	2	1	155706	158706	95002	0	0	0	0	0	298	0	0	0	20	70	1	0	0	0	0	0	0	0	0	0	0	0	0	0	0	0	0	0	0	0	0	0	0	//70레벨 달성					
	300	2928	47999	2	1	155707	158707	95002	0	0	0	0	0	299	0	0	0	20	80	1	0	0	0	0	0	0	0	0	0	0	0	0	0	0	0	0	0	0	0	0	0	0	//80레벨 달성					
	301	2928	47999	2	1	155708	158708	95002	0	0	0	0	0	300	0	0	0	20	90	1	0	0	0	0	0	0	0	0	0	0	0	0	0	0	0	0	0	0	0	0	0	0	//90레벨 달성					
//	302	2928	47999	2	1	155709	158709	95002	0	0	0	0	0	301	0	0	0	20	100	1	0	0	0	0	0	0	0	0	0	0	0	0	0	0	0	0	0	0	0	0	0	0	//100레벨 달성					
//	303	2928	47999	2	1	155710	158710	95002	0	0	0	0	0	302	0	0	0	20	110	1	0	0	0	0	0	0	0	0	0	0	0	0	0	0	0	0	0	0	0	0	0	0	//110레벨 달성					
//	304	2928	47999	2	1	155711	158711	95002	0	0	0	0	0	303	0	0	0	20	120	1	0	0	0	0	0	0	0	0	0	0	0	0	0	0	0	0	0	0	0	0	0	0	//120레벨 달성					
//	305	2928	47999	2	1	155712	158712	95002	0	0	0	0	0	304	0	0	0	20	130	1	0	0	0	0	0	0	0	0	0	0	0	0	0	0	0	0	0	0	0	0	0	0	//130레벨 달성					
//	306	2928	47999	2	1	155713	158713	95002	0	0	0	0	0	305	0	0	0	20	140	1	0	0	0	0	0	0	0	0	0	0	0	0	0	0	0	0	0	0	0	0	0	0	//140레벨 달성					
//	307	2928	47999	2	1	155714	158714	95002	0	0	0	0	0	306	0	0	0	20	150	1	0	0	0	0	0	0	0	0	0	0	0	0	0	0	0	0	0	0	0	0	0	0	//150레벨 달성					
//	308	2928	47999	2	1	155715	158715	95002	0	0	0	0	0	307	0	0	0	20	160	1	0	0	0	0	0	0	0	0	0	0	0	0	0	0	0	0	0	0	0	0	0	0	//160레벨 달성					
//	309	2928	47999	2	1	155716	158716	95003	0	0	0	0	0	308	0	0	0	20	170	1	0	0	0	0	0	0	0	0	0	0	0	0	0	0	0	0	0	0	0	0	0	0	//170레벨 달성					
//	310	2928	47999	2	1	155717	158717	95002	0	0	0	0	0	309	0	0	0	20	180	1	0	0	0	0	0	0	0	0	0	0	0	0	0	0	0	0	0	0	0	0	0	0	//180레벨 달성					
//	311	2928	47999	2	1	155718	158718	95002	0	0	0	0	0	310	0	0	0	20	190	1	0	0	0	0	0	0	0	0	0	0	0	0	0	0	0	0	0	0	0	0	0	0	//190레벨 달성					
//	312	2928	47999	2	1	155719	158719	95002	0	0	0	0	0	311	0	0	0	20	200	1	0	0	0	0	0	0	0	0	0	0	0	0	0	0	0	0	0	0	0	0	0	0	//200레벨 달성					
//	313	2928	47999	2	1	155720	158720	12401	0	0	0	0	1	0	0	0	0	10	53001	1	53002	1	53003	1	53004	1	53005	1	53006	1	53007	1	53008	1	0	0	0	0	0	0	0	0	//미완의엘리트아이템장비					
//	314	2928	47999	2	1	155721	158721	12409	0	0	0	0	2	0	0	0	0	10	53009	1	53010	1	53011	1	53012	1	53013	1	53014	1	53015	1	53016	1	0	0	0	0	0	0	0	0	//미완의엘리트아이템장비					
//	315	2928	47999	2	1	155722	158722	12417	0	0	0	0	3	0	0	0	0	10	53017	1	53018	1	53019	1	53020	1	53021	1	53022	1	53023	1	53024	1	0	0	0	0	0	0	0	0	//미완의엘리트아이템장비					
//	316	2928	47999	2	1	155723	158723	12425	0	0	0	0	4	0	0	0	0	10	53025	1	53026	1	53027	1	53028	1	53029	1	53030	1	53031	1	53032	1	0	0	0	0	0	0	0	0	//미완의엘리트아이템장비					
//	317	2928	47999	2	1	155724	158724	12433	0	0	0	0	5	0	0	0	0	10	53033	1	53034	1	53035	1	53036	1	53037	1	53038	1	53039	1	53040	1	0	0	0	0	0	0	0	0	//미완의엘리트아이템장비_엘리멘탈					
//	600	2928	47999	2	1	11569	12569	14267	0	0	0	0	6	0	0	0	0	10	51351	1	51352	1	51353	1	51354	1	51355	1	51356	1	51357	1	51358	1	0	0	0	0	0	0	0	0	//미완의엘리트아이템장비_미스틱					
	318	2928	47999	2	1	155725	158725	12401	0	0	0	0	1	0	0	0	0	10	51000	1	51028	1	51001	1	51002	1	51003	1	51004	1	51005	1	51006	1	0	0	0	0	0	0	0	0	//엘리트1차아이템장비_버서커					
	319	2928	47999	2	1	155726	158726	12409	0	0	0	0	2	0	0	0	0	10	51007	1	51029	1	51008	1	51009	1	51010	1	51011	1	51012	1	51013	1	0	0	0	0	0	0	0	0	//엘리트1차아이템장비_드나					
	320	2928	47999	2	1	155727	158727	12417	0	0	0	0	3	0	0	0	0	10	51091	1	51092	1	51093	1	51094	1	51095	1	51096	1	51097	1	51098	1	0	0	0	0	0	0	0	0	//엘리트1차아이템장비_셰도우					
	321	2928	47999	2	1	155728	158728	12425	0	0	0	0	4	0	0	0	0	10	51021	1	51031	1	51022	1	51023	1	51024	1	51025	1	51026	1	51027	1	0	0	0	0	0	0	0	0	//엘리트1차아이템장비_발키리					
	322	2928	47999	2	1	155729	158729	12433	0	0	0	0	5	0	0	0	0	10	51014	1	51030	1	51015	1	51016	1	51017	1	51018	1	51019	1	51020	1	0	0	0	0	0	0	0	0	//엘리트1차아이템장비_엘리멘탈					
	601	2928	47999	2	1	11570	12570	14267	0	0	0	0	6	0	0	0	0	10	51359	1	51360	1	51361	1	51362	1	51363	1	51364	1	51365	1	51366	1	0	0	0	0	0	0	0	0	//엘리트1차아이템장비_미스틱					
	680	2928	47999	2	1	11587	12587	14649	0	0	0	0	7	0	0	0	0	10	51655	1	51656	1	51657	1	51658	1	51659	1	51660	1	51661	1	51662	1	0	0	0	0	0	0	0	0	//엘리트1차아이템장비_헬로이드					
	913	2928	47999	2	1	12608	12619	12655	0	0	0	0	8	0	0	0	0	10	57009	1	57010	1	57011	1	57012	1	57013	1	57014	1	57015	1	57016	1	0	0	0	0	0	0	0	0	//엘리트1차아이템장비_위치블레이드					
	323	2928	47999	2	1	155730	158730	12441	0	0	0	0	1	0	0	0	0	10	51036	1	51037	1	51038	1	51039	1	51040	1	51041	1	51042	1	51043	1	0	0	0	0	0	0	0	0	//엘리트1.5차아이템장비_버서커					
	324	2928	47999	2	1	155731	158731	12449	0	0	0	0	2	0	0	0	0	10	51044	1	51045	1	51046	1	51047	1	51048	1	51049	1	51050	1	51051	1	0	0	0	0	0	0	0	0	//엘리트1.5차아이템장비_드나					
	325	2928	47999	2	1	155732	158732	12457	0	0	0	0	3	0	0	0	0	10	51068	1	51069	1	51070	1	51071	1	51072	1	51073	1	51074	1	51075	1	0	0	0	0	0	0	0	0	//엘리트1.5차아이템장비_셰도우					
	326	2928	47999	2	1	155733	158733	12465	0	0	0	0	4	0	0	0	0	10	51060	1	51061	1	51062	1	51063	1	51064	1	51065	1	51066	1	51067	1	0	0	0	0	0	0	0	0	//엘리트1.5차아이템장비_발키리					
	327	2928	47999	2	1	155734	158734	12473	0	0	0	0	5	0	0	0	0	10	51052	1	51053	1	51054	1	51055	1	51056	1	51057	1	51058	1	51059	1	0	0	0	0	0	0	0	0	//엘리트1.5차아이템장비_엘리멘탈					
	602	2928	47999	2	1	11571	12571	14285	0	0	0	0	6	0	0	0	0	10	51367	1	51368	1	51369	1	51370	1	51371	1	51372	1	51373	1	51374	1	0	0	0	0	0	0	0	0	//엘리트1.5차아이템장비_미스틱					
	681	2928	47999	2	1	11588	12588	14657	0	0	0	0	7	0	0	0	0	10	51663	1	51664	1	51665	1	51666	1	51667	1	51668	1	51669	1	51670	1	0	0	0	0	0	0	0	0	//엘리트1.5차아이템장비_헬로이드					
	914	2928	47999	2	1	12609	12620	12663	0	0	0	0	8	0	0	0	0	10	57017	1	57018	1	57019	1	57020	1	57021	1	57022	1	57023	1	57024	1	0	0	0	0	0	0	0	0	//엘리트1.5차아이템장비_위치블레이드					
	328	2928	47999	2	1	155735	158735	12481	0	0	0	0	1	0	0	0	0	10	51217	1	51218	1	51219	1	51220	1	51221	1	51222	1	51223	1	51224	1	0	0	0	0	0	0	0	0	//엘리트2차아이템장비_버서커					
	329	2928	47999	2	1	155736	158736	12489	0	0	0	0	2	0	0	0	0	10	51225	1	51226	1	51227	1	51228	1	51229	1	51230	1	51231	1	51232	1	0	0	0	0	0	0	0	0	//엘리트2차아이템장비_드나					
	330	2928	47999	2	1	155737	158737	12497	0	0	0	0	3	0	0	0	0	10	51249	1	51250	1	51251	1	51252	1	51253	1	51254	1	51255	1	51256	1	0	0	0	0	0	0	0	0	//엘리트2차아이템장비_셰도우					
	331	2928	47999	2	1	155738	158738	12505	0	0	0	0	4	0	0	0	0	10	51241	1	51242	1	51243	1	51244	1	51245	1	51246	1	51247	1	51248	1	0	0	0	0	0	0	0	0	//엘리트2차아이템장비_발키리					
	332	2928	47999	2	1	155739	158739	12513	0	0	0	0	5	0	0	0	0	10	51233	1	51234	1	51235	1	51236	1	51237	1	51238	1	51239	1	51240	1	0	0	0	0	0	0	0	0	//엘리트2차아이템장비_엘리멘탈					
	603	2928	47999	2	1	11572	12572	14293	0	0	0	0	6	0	0	0	0	10	51375	1	51376	1	51377	1	51378	1	51379	1	51380	1	51381	1	51382	1	0	0	0	0	0	0	0	0	//엘리트2차아이템장비_미스틱					
	682	2928	47999	2	1	11589	12589	14665	0	0	0	0	7	0	0	0	0	10	51671	1	51672	1	51673	1	51674	1	51675	1	51676	1	51677	1	51678	1	0	0	0	0	0	0	0	0	//엘리트2차아이템장비_헬로이드					
	915	2928	47999	2	1	12610	12621	12671	0	0	0	0	8	0	0	0	0	10	57025	1	57026	1	57027	1	57028	1	57029	1	57030	1	57031	1	57032	1	0	0	0	0	0	0	0	0	//엘리트2차아이템장비_위치블레이드					
	1282	2928	47999	2	1	12685	12693	14407	0	0	0	0	1	0	0	0	0	10	51455	1	51456	1	51457	1	51458	1	51459	1	51460	1	51461	1	51462	1	0	0	0	0	0	0	0	0	//엘리트2.5차아이템장비_버서커					
	1283	2928	47999	2	1	12686	12694	14415	0	0	0	0	2	0	0	0	0	10	51463	1	51464	1	51465	1	51466	1	51467	1	51468	1	51469	1	51470	1	0	0	0	0	0	0	0	0	//엘리트2.5차아이템장비_드나					
	1284	2928	47999	2	1	12687	12695	14439	0	0	0	0	3	0	0	0	0	10	51487	1	51488	1	51489	1	51490	1	51491	1	51492	1	51493	1	51494	1	0	0	0	0	0	0	0	0	//엘리트2.5차아이템장비_셰도우					
	1285	2928	47999	2	1	12688	12696	14431	0	0	0	0	4	0	0	0	0	10	51479	1	51480	1	51481	1	51482	1	51483	1	51484	1	51485	1	51486	1	0	0	0	0	0	0	0	0	//엘리트2.5차아이템장비_발키리					
	1286	2928	47999	2	1	12689	12697	14423	0	0	0	0	5	0	0	0	0	10	51471	1	51472	1	51473	1	51474	1	51475	1	51476	1	51477	1	51478	1	0	0	0	0	0	0	0	0	//엘리트2.5차아이템장비_엘리멘탈					
	1287	2928	47999	2	1	12690	12698	14447	0	0	0	0	6	0	0	0	0	10	51495	1	51496	1	51497	1	51498	1	51499	1	51500	1	51501	1	51502	1	0	0	0	0	0	0	0	0	//엘리트2.5차아이템장비_미스틱					
	1288	2928	47999	2	1	12691	12699	14692	0	0	0	0	7	0	0	0	0	10	51679	1	51680	1	51681	1	51682	1	51683	1	51684	1	51685	1	51686	1	0	0	0	0	0	0	0	0	//엘리트2.5차아이템장비_헬로이드					
	1289	2928	47999	2	1	12692	12700	12679	0	0	0	0	8	0	0	0	0	10	57033	1	57034	1	57035	1	57036	1	57037	1	57038	1	57039	1	57040	1	0	0	0	0	0	0	0	0	//엘리트2.5차아이템장비_위치블레이드					
	634	2928	47999	2	1	11581	12581	3008	0	0	0	0	1	0	0	0	0	10	51503	1	51504	1	51505	1	51506	1	51507	1	51508	1	51509	1	51510	1	0	0	0	0	0	0	0	0	//엘리트3차아이템장비_버서커					
	635	2928	47999	2	1	11582	12582	3016	0	0	0	0	2	0	0	0	0	10	51511	1	51512	1	51513	1	51514	1	51515	1	51516	1	51517	1	51518	1	0	0	0	0	0	0	0	0	//엘리트3차아이템장비_드나					
	636	2928	47999	2	1	11583	12583	3024	0	0	0	0	5	0	0	0	0	10	51519	1	51520	1	51521	1	51522	1	51523	1	51524	1	51525	1	51526	1	0	0	0	0	0	0	0	0	//엘리트3차아이템장비_엘리멘탈					
	637	2928	47999	2	1	11584	12584	3032	0	0	0	0	4	0	0	0	0	10	51527	1	51528	1	51529	1	51530	1	51531	1	51532	1	51533	1	51534	1	0	0	0	0	0	0	0	0	//엘리트3차아이템장비_발키리					
	638	2928	47999	2	1	11585	12585	3040	0	0	0	0	3	0	0	0	0	10	51535	1	51536	1	51537	1	51538	1	51539	1	51540	1	51541	1	51542	1	0	0	0	0	0	0	0	0	//엘리트3차아이템장비_셰도우					
	639	2928	47999	2	1	11586	12586	3048	0	0	0	0	6	0	0	0	0	10	51543	1	51544	1	51545	1	51546	1	51547	1	51548	1	51549	1	51550	1	0	0	0	0	0	0	0	0	//엘리트3차아이템장비_미스틱					
	683	2928	47999	2	1	11600	12600	14700	0	0	0	0	7	0	0	0	0	10	51687	1	51688	1	51689	1	51690	1	51691	1	51692	1	51693	1	51694	1	0	0	0	0	0	0	0	0	//엘리트3차아이템장비_헬로이드					
	916	2928	47999	2	1	12630	12631	12687	0	0	0	0	8	0	0	0	0	10	57041	1	57042	1	57043	1	57044	1	57045	1	57046	1	57047	1	57048	1	0	0	0	0	0	0	0	0	//엘리트3차아이템장비_위치블레이드					
	1290	2928	47999	2	1	12701	12709	82144	0	0	0	0	1	0	0	0	0	10	51751	1	51752	1	51753	1	51754	1	51755	1	51756	1	51757	1	51758	1	0	0	0	0	0	0	0	0	//엘리트3.5차아이템장비_버서커					
	1291	2928	47999	2	1	12702	12710	82152	0	0	0	0	2	0	0	0	0	10	51759	1	51760	1	51761	1	51762	1	51763	1	51764	1	51765	1	51766	1	0	0	0	0	0	0	0	0	//엘리트3.5차아이템장비_드나					
	1292	2928	47999	2	1	12703	12711	82176	0	0	0	0	3	0	0	0	0	10	51783	1	51784	1	51785	1	51786	1	51787	1	51788	1	51789	1	51790	1	0	0	0	0	0	0	0	0	//엘리트3.5차아이템장비_셰도우					
	1293	2928	47999	2	1	12704	12712	82160	0	0	0	0	4	0	0	0	0	10	51767	1	51768	1	51769	1	51770	1	51771	1	51772	1	51773	1	51774	1	0	0	0	0	0	0	0	0	//엘리트3.5차아이템장비_발키리					
	1294	2928	47999	2	1	12705	12713	82168	0	0	0	0	5	0	0	0	0	10	51775	1	51776	1	51777	1	51778	1	51779	1	51780	1	51781	1	51782	1	0	0	0	0	0	0	0	0	//엘리트3.5차아이템장비_엘리멘탈					
	1295	2928	47999	2	1	12706	12714	82184	0	0	0	0	6	0	0	0	0	10	51791	1	51792	1	51793	1	51794	1	51795	1	51796	1	51797	1	51798	1	0	0	0	0	0	0	0	0	//엘리트3.5차아이템장비_미스틱					
	1296	2928	47999	2	1	12707	12715	82192	0	0	0	0	7	0	0	0	0	10	51799	1	51800	1	51801	1	51802	1	51803	1	51804	1	51805	1	51806	1	0	0	0	0	0	0	0	0	//엘리트3.5차아이템장비_헬로이드					
	1297	2928	47999	2	1	12708	12716	82200	0	0	0	0	8	0	0	0	0	10	51807	1	51808	1	51809	1	51810	1	51811	1	51812	1	51813	1	51814	1	0	0	0	0	0	0	0	0	//엘리트3.5차아이템장비_위치블레이드					
	1298	2928	47999	2	1	12717	12725	82251	0	0	0	0	1	0	0	0	0	10	51823	1	51824	1	51825	1	51826	1	51827	1	51828	1	51829	1	51830	1	0	0	0	0	0	0	0	0	//엘리트4차아이템장비_버서커					
	1299	2928	47999	2	1	12718	12726	82259	0	0	0	0	2	0	0	0	0	10	51831	1	51832	1	51833	1	51834	1	51835	1	51836	1	51837	1	51838	1	0	0	0	0	0	0	0	0	//엘리트4차아이템장비_드나					
	1300	2928	47999	2	1	12719	12727	82283	0	0	0	0	3	0	0	0	0	10	51855	1	51856	1	51857	1	51858	1	51859	1	51860	1	51861	1	51862	1	0	0	0	0	0	0	0	0	//엘리트4차아이템장비_셰도우					
	1301	2928	47999	2	1	12720	12728	82275	0	0	0	0	4	0	0	0	0	10	51847	1	51848	1	51849	1	51850	1	51851	1	51852	1	51853	1	51854	1	0	0	0	0	0	0	0	0	//엘리트4차아이템장비_발키리					
	1302	2928	47999	2	1	12721	12729	82267	0	0	0	0	5	0	0	0	0	10	51839	1	51840	1	51841	1	51842	1	51843	1	51844	1	51845	1	51846	1	0	0	0	0	0	0	0	0	//엘리트4차아이템장비_엘리멘탈					
	1303	2928	47999	2	1	12722	12730	82291	0	0	0	0	6	0	0	0	0	10	51863	1	51864	1	51865	1	51866	1	51867	1	51868	1	51869	1	51870	1	0	0	0	0	0	0	0	0	//엘리트4차아이템장비_미스틱					
	1304	2928	47999	2	1	12723	12731	82299	0	0	0	0	7	0	0	0	0	10	51871	1	51872	1	51873	1	51874	1	51875	1	51876	1	51877	1	51878	1	0	0	0	0	0	0	0	0	//엘리트4차아이템장비_헬로이드					
	1305	2928	47999	2	1	12724	12732	82307	0	0	0	0	8	0	0	0	0	10	51879	1	51880	1	51881	1	51882	1	51883	1	51884	1	51885	1	51886	1	0	0	0	0	0	0	0	0	//엘리트4차아이템장비_위치블레이드					
	333	2928	47999	2	1	155800	158800	12001	0	0	0	0	1	0	0	0	0	10	45571	1	45572	1	45573	1	45574	1	45575	1	45576	1	45577	1	45578	1	0	0	0	0	0	0	0	0	//레어아이템장비(야숲)_버서커					
	334	2928	47999	2	1	155801	158801	12011	0	0	0	0	2	0	0	0	0	10	45579	1	45580	1	45581	1	45582	1	45583	1	45584	1	45585	1	45586	1	0	0	0	0	0	0	0	0	//레어아이템장비(야숲)_드나					
	335	2928	47999	2	1	155802	158802	12021	0	0	0	0	3	0	0	0	0	10	45587	1	45588	1	45589	1	45590	1	45591	1	45592	1	45593	1	45594	1	0	0	0	0	0	0	0	0	//레어아이템장비(야숲)_셰도우					
	336	2928	47999	2	1	155803	158803	12031	0	0	0	0	4	0	0	0	0	10	45595	1	45596	1	45597	1	45598	1	45599	1	45600	1	45601	1	45602	1	0	0	0	0	0	0	0	0	//레어아이템장비(야숲)_발키리					
	337	2928	47999	2	1	155804	158804	12041	0	0	0	0	5	0	0	0	0	10	45603	1	45604	1	45605	1	45606	1	45607	1	45608	1	45609	1	45610	1	0	0	0	0	0	0	0	0	//레어아이템장비(야숲)_엘리멘탈					
	604	2928	47999	2	1	11573	12573	14181	0	0	0	0	6	0	0	0	0	10	45851	1	45852	1	45853	1	45854	1	45855	1	45856	1	45857	1	45858	1	0	0	0	0	0	0	0	0	//레어아이템장비(야숲)_미스틱					
	684	2928	47999	2	1	11601	12601	14545	0	0	0	0	7	0	0	0	0	10	45899	1	45900	1	45901	1	45902	1	45903	1	45904	1	45905	1	45906	1	0	0	0	0	0	0	0	0	//레어아이템장비(야숲)_헬로이드					
	917	2928	47999	2	1	12611	12622	12575	0	0	0	0	8	0	0	0	0	10	57089	1	57090	1	57091	1	57092	1	57093	1	57094	1	57095	1	57096	1	0	0	0	0	0	0	0	0	//레어아이템장비(야숲)_위치블레이드					
	338	2928	47999	2	1	155805	158805	12002	0	0	0	0	1	0	0	0	0	10	45611	1	45612	1	45613	1	45614	1	45615	1	45616	1	45617	1	45618	1	0	0	0	0	0	0	0	0	//레어아이템장비(지하수로)_버서커					
	339	2928	47999	2	1	155806	158806	12012	0	0	0	0	2	0	0	0	0	10	45619	1	45620	1	45621	1	45622	1	45623	1	45624	1	45625	1	45626	1	0	0	0	0	0	0	0	0	//레어아이템장비(지하수로)_드나					
	340	2928	47999	2	1	155807	158807	12022	0	0	0	0	3	0	0	0	0	10	45627	1	45628	1	45629	1	45630	1	45631	1	45632	1	45633	1	45634	1	0	0	0	0	0	0	0	0	//레어아이템장비(지하수로)_셰도우					
	341	2928	47999	2	1	155808	158808	12032	0	0	0	0	4	0	0	0	0	10	45635	1	45636	1	45637	1	45638	1	45639	1	45640	1	45641	1	45642	1	0	0	0	0	0	0	0	0	//레어아이템장비(지하수로)_발키리					
	342	2928	47999	2	1	155809	158809	12042	0	0	0	0	5	0	0	0	0	10	45643	1	45644	1	45645	1	45646	1	45647	1	45648	1	45649	1	45650	1	0	0	0	0	0	0	0	0	//레어아이템장비(지하수로)_엘리멘탈					
	605	2928	47999	2	1	11574	12574	14182	0	0	0	0	6	0	0	0	0	10	45859	1	45860	1	45861	1	45862	1	45863	1	45864	1	45865	1	45866	1	0	0	0	0	0	0	0	0	//레어아이템장비(지하수로)_미스틱					
	685	2928	47999	2	1	12590	12595	14546	0	0	0	0	7	0	0	0	0	10	45907	1	45908	1	45909	1	45910	1	45911	1	45912	1	45913	1	45914	1	0	0	0	0	0	0	0	0	//레어아이템장비(지하수로)_헬로이드					
	918	2928	47999	2	1	12612	12623	12576	0	0	0	0	8	0	0	0	0	10	57097	1	57098	1	57099	1	57100	1	57101	1	57102	1	57103	1	57104	1	0	0	0	0	0	0	0	0	//레어아이템장비(지하수로)_위치블레이드					
	343	2928	47999	2	1	155810	158810	12003	0	0	0	0	1	0	0	0	0	10	45651	1	45652	1	45653	1	45654	1	45655	1	45656	1	45657	1	45658	1	0	0	0	0	0	0	0	0	//레어아이템장비(설원)_버서커					
	344	2928	47999	2	1	155811	158811	12013	0	0	0	0	2	0	0	0	0	10	45659	1	45660	1	45661	1	45662	1	45663	1	45664	1	45665	1	45666	1	0	0	0	0	0	0	0	0	//레어아이템장비(설원)_드나					
	345	2928	47999	2	1	155812	158812	12023	0	0	0	0	3	0	0	0	0	10	45667	1	45668	1	45669	1	45670	1	45671	1	45672	1	45673	1	45674	1	0	0	0	0	0	0	0	0	//레어아이템장비(설원)_셰도우					
	346	2928	47999	2	1	155813	158813	12033	0	0	0	0	4	0	0	0	0	10	45675	1	45676	1	45677	1	45678	1	45679	1	45680	1	45681	1	45682	1	0	0	0	0	0	0	0	0	//레어아이템장비(설원)_발키리					
	347	2928	47999	2	1	155814	158814	12043	0	0	0	0	5	0	0	0	0	10	45683	1	45684	1	45685	1	45686	1	45687	1	45688	1	45689	1	45690	1	0	0	0	0	0	0	0	0	//레어아이템장비(설원)_엘리멘탈					
	606	2928	47999	2	1	11575	12575	14183	0	0	0	0	6	0	0	0	0	10	45867	1	45868	1	45869	1	45870	1	45871	1	45872	1	45873	1	45874	1	0	0	0	0	0	0	0	0	//레어아이템장비(설원)_미스틱					
	686	2928	47999	2	1	12591	12596	14547	0	0	0	0	7	0	0	0	0	10	45915	1	45916	1	45917	1	45918	1	45919	1	45920	1	45921	1	45922	1	0	0	0	0	0	0	0	0	//레어아이템장비(설원)_헬로이드					
	919	2928	47999	2	1	12613	12624	12577	0	0	0	0	8	0	0	0	0	10	57105	1	57106	1	57107	1	57108	1	57109	1	57110	1	57111	1	57112	1	0	0	0	0	0	0	0	0	//레어아이템장비(설원)_위치블레이드					
	348	2928	47999	2	1	155815	158815	12004	0	0	0	0	1	0	0	0	0	10	45691	1	45692	1	45693	1	45694	1	45695	1	45696	1	45697	1	45698	1	0	0	0	0	0	0	0	0	//레어아이템장비(용족)_버서커					
	349	2928	47999	2	1	155816	158816	12014	0	0	0	0	2	0	0	0	0	10	45699	1	45700	1	45701	1	45702	1	45703	1	45704	1	45705	1	45706	1	0	0	0	0	0	0	0	0	//레어아이템장비(용족)_드나					
	397	2928	47999	2	1	155817	158817	12024	0	0	0	0	3	0	0	0	0	10	45707	1	45708	1	45709	1	45710	1	45711	1	45712	1	45713	1	45714	1	0	0	0	0	0	0	0	0	//레어아이템장비(용족)_셰도우					
	398	2928	47999	2	1	155818	158818	12034	0	0	0	0	4	0	0	0	0	10	45715	1	45716	1	45717	1	45718	1	45719	1	45720	1	45721	1	45722	1	0	0	0	0	0	0	0	0	//레어아이템장비(용족)_발키리					
	399	2928	47999	2	1	155819	158819	12044	0	0	0	0	5	0	0	0	0	10	45723	1	45724	1	45725	1	45726	1	45727	1	45728	1	45729	1	45730	1	0	0	0	0	0	0	0	0	//레어아이템장비(용족)_엘리멘탈					
	607	2928	47999	2	1	11576	12576	14184	0	0	0	0	6	0	0	0	0	10	45875	1	45876	1	45877	1	45878	1	45879	1	45880	1	45881	1	45882	1	0	0	0	0	0	0	0	0	//레어아이템장비(용족)_미스틱					
	687	2928	47999	2	1	12592	12597	14548	0	0	0	0	7	0	0	0	0	10	45923	1	45924	1	45925	1	45926	1	45927	1	45928	1	45929	1	45930	1	0	0	0	0	0	0	0	0	//레어아이템장비(용족)_헬로이드					
	920	2928	47999	2	1	12614	12625	12578	0	0	0	0	8	0	0	0	0	10	57113	1	57114	1	57115	1	57116	1	57117	1	57118	1	57119	1	57120	1	0	0	0	0	0	0	0	0	//레어아이템장비(용족)_위치블레이드					
	400	2928	47999	2	1	155820	158820	12005	0	0	0	0	1	0	0	0	0	10	45731	1	45732	1	45733	1	45734	1	45735	1	45736	1	45737	1	45738	1	0	0	0	0	0	0	0	0	//레어아이템장비(묘지)_버서커					
	401	2928	47999	2	1	155821	158821	12015	0	0	0	0	2	0	0	0	0	10	45739	1	45740	1	45741	1	45742	1	45743	1	45744	1	45745	1	45746	1	0	0	0	0	0	0	0	0	//레어아이템장비(묘지)_드나					
	402	2928	47999	2	1	155822	158822	12025	0	0	0	0	3	0	0	0	0	10	45747	1	45748	1	45749	1	45750	1	45751	1	45752	1	45753	1	45754	1	0	0	0	0	0	0	0	0	//레어아이템장비(묘지)_셰도우					
	403	2928	47999	2	1	155823	158823	12035	0	0	0	0	4	0	0	0	0	10	45755	1	45756	1	45757	1	45758	1	45759	1	45760	1	45761	1	45762	1	0	0	0	0	0	0	0	0	//레어아이템장비(묘지)_발키리					
	404	2928	47999	2	1	155824	158824	12045	0	0	0	0	5	0	0	0	0	10	45763	1	45764	1	45765	1	45766	1	45767	1	45768	1	45769	1	45770	1	0	0	0	0	0	0	0	0	//레어아이템장비(묘지)_엘리멘탈					
	608	2928	47999	2	1	11577	12577	14185	0	0	0	0	6	0	0	0	0	10	45883	1	45884	1	45885	1	45886	1	45887	1	45888	1	45889	1	45890	1	0	0	0	0	0	0	0	0	//레어아이템장비(묘지)_미스틱					
	688	2928	47999	2	1	12593	12598	14549	0	0	0	0	7	0	0	0	0	10	45931	1	45932	1	45933	1	45934	1	45935	1	45936	1	45937	1	45938	1	0	0	0	0	0	0	0	0	//레어아이템장비(묘지)_헬로이드					
	921	2928	47999	2	1	12615	12626	12579	0	0	0	0	8	0	0	0	0	10	57121	1	57122	1	57123	1	57124	1	57125	1	57126	1	57127	1	57128	1	0	0	0	0	0	0	0	0	//레어아이템장비(묘지)_위치블레이드					
	405	2928	47999	2	1	155825	158825	12006	0	0	0	0	1	0	0	0	0	10	45771	1	45772	1	45773	1	45774	1	45775	1	45776	1	45777	1	45778	1	0	0	0	0	0	0	0	0	//레어아이템장비(헬론)_버서커					
	406	2928	47999	2	1	155826	158826	12016	0	0	0	0	2	0	0	0	0	10	45779	1	45780	1	45781	1	45782	1	45783	1	45784	1	45785	1	45786	1	0	0	0	0	0	0	0	0	//레어아이템장비(헬론)_드나					
	407	2928	47999	2	1	155827	158827	12026	0	0	0	0	3	0	0	0	0	10	45787	1	45788	1	45789	1	45790	1	45791	1	45792	1	45793	1	45794	1	0	0	0	0	0	0	0	0	//레어아이템장비(헬론)_셰도우					
	408	2928	47999	2	1	155828	158828	12036	0	0	0	0	4	0	0	0	0	10	45795	1	45796	1	45797	1	45798	1	45799	1	45800	1	45801	1	45802	1	0	0	0	0	0	0	0	0	//레어아이템장비(헬론)_발키리					
	409	2928	47999	2	1	155829	158829	12046	0	0	0	0	5	0	0	0	0	10	45803	1	45804	1	45805	1	45806	1	45807	1	45808	1	45809	1	45810	1	0	0	0	0	0	0	0	0	//레어아이템장비(헬론)_엘리멘탈					
	609	2928	47999	2	1	11578	12578	14186	0	0	0	0	6	0	0	0	0	10	45891	1	45892	1	45893	1	45894	1	45895	1	45896	1	45897	1	45898	1	0	0	0	0	0	0	0	0	//레어아이템장비(헬론)_미스틱					
	689	2928	47999	2	1	12594	12599	14550	0	0	0	0	7	0	0	0	0	10	45939	1	45940	1	45941	1	45942	1	45943	1	45944	1	45945	1	45946	1	0	0	0	0	0	0	0	0	//레어아이템장비(헬론)_헬로이드					
	922	2928	47999	2	1	12616	12627	12580	0	0	0	0	8	0	0	0	0	10	57129	1	57130	1	57131	1	57132	1	57133	1	57134	1	57135	1	57136	1	0	0	0	0	0	0	0	0	//레어아이템장비(헬론)_위치블레이드					
	//배틀존 AC																																															
	233	2928	48996	2	3	155740	158740	33314	0	0	0	0	0	0	0	0	0	27	234	1	235	1	236	1	237	1	0	0	0	0	0	0	0	0	0	0	0	0	1	60138	0	0	//야수의숲_미션_클리어					
	234	2928	48996	2	3	155741	158741	33314	0	0	0	0	0	0	0	0	0	2	38301	1	0	0	0	0	0	0	0	0	0	0	0	0	0	0	0	0	0	0	1	60136	0	0	//야수의숲_서브1_불길한소문_켈베로스처치					
	235	2928	48996	2	3	155742	158742	33314	0	0	0	0	0	0	0	0	0	2	38306	1	0	0	0	0	0	0	0	0	0	0	0	0	0	0	0	0	0	0	1	60136	0	0	//야수의숲_서브2_강철야수부족의음모_악령주술사처치					
	236	2928	48996	2	3	155743	158743	33314	0	0	0	0	0	0	0	0	0	2	38311	1	0	0	0	0	0	0	0	0	0	0	0	0	0	0	0	0	0	0	1	60136	0	0	//야수의숲_서브3_음모의분쇄_에테르주술사처치					
	237	2928	48996	2	3	155744	158744	33314	0	0	0	0	0	0	0	0	0	2	25701	1	0	0	0	0	0	0	0	0	0	0	0	0	0	0	0	0	0	0	1	60136	0	0	//야수의숲_메인_야수들의숲_얼음드래곤니발리스처치					
	238	2928	48996	2	3	155745	158745	33311	0	0	0	0	0	0	0	0	0	27	239	1	240	1	241	1	242	1	0	0	0	0	0	0	0	0	0	0	0	0	1	60138	0	0	//에텔레인지하수로_미션_클리어					
	239	2928	48996	2	3	155746	158746	33311	0	0	0	0	0	0	0	0	0	2	38326	1	0	0	0	0	0	0	0	0	0	0	0	0	0	0	0	0	0	0	1	60136	0	0	//에텔레인지하수로_서브1_숨겨진길_수로의감시자발터처치					
	240	2928	48996	2	3	155747	158747	33311	0	0	0	0	0	0	0	0	0	2	38321	1	0	0	0	0	0	0	0	0	0	0	0	0	0	0	0	0	0	0	1	60136	0	0	//에텔레인지하수로_서브2_에텔레인진입로_여주인로제마리처치					
	241	2928	48996	2	3	155748	158748	33311	0	0	0	0	0	0	0	0	0	2	38316	1	0	0	0	0	0	0	0	0	0	0	0	0	0	0	0	0	0	0	1	60136	0	0	//에텔레인지하수로_서브3_시겔기사단의묘지_단장에르문트처치					
	242	2928	48996	2	3	155749	158749	33311	0	0	0	0	0	0	0	0	0	2	25706	1	0	0	0	0	0	0	0	0	0	0	0	0	0	0	0	0	0	0	1	60136	0	0	//에텔레인지하수로_메인_에텔레인지하수로_오토폰로쉬펠트처치					
	243	2928	48996	2	3	155750	158750	33313	0	0	0	0	0	0	0	0	0	27	244	1	245	1	246	1	247	1	0	0	0	0	0	0	0	0	0	0	0	0	1	60138	0	0	//얼어붙은궁전_미션_클리어					
	244	2928	48996	2	3	155751	158751	33313	0	0	0	0	0	0	0	0	0	2	38331	1	0	0	0	0	0	0	0	0	0	0	0	0	0	0	0	0	0	0	1	60136	0	0	//얼어붙은궁전_서브1_제국전령제지_제국전령이비스처치					
	245	2928	48996	2	3	155752	158752	33313	0	0	0	0	0	0	0	0	0	2	38336	1	38337	1	0	0	0	0	0	0	0	0	0	0	0	0	0	0	0	0	1	60136	0	0	//얼어붙은궁전_서브2_성외곽에서의전투_키르젠/군터처치					
	246	2928	48996	2	3	155753	158753	33313	0	0	0	0	0	0	0	0	0	2	38342	1	0	0	0	0	0	0	0	0	0	0	0	0	0	0	0	0	0	0	1	60136	0	0	//얼어붙은궁전_서브3_설원2차진격_얼음성의사제처치					
	247	2928	48996	2	3	155754	158754	33313	0	0	0	0	0	0	0	0	0	2	25711	1	0	0	0	0	0	0	0	0	0	0	0	0	0	0	0	0	0	0	1	60136	0	0	//얼어붙은궁전_메인_얼어붙은설원_에리히슈츠발트처치					
	248	2928	48996	2	3	155755	158755	33312	0	0	0	0	0	0	0	0	0	27	249	1	250	1	251	1	252	1	0	0	0	0	0	0	0	0	0	0	0	0	1	60138	0	0	//용족의계곡_미션_클리어					
	249	2928	48996	2	3	155756	158756	33312	0	0	0	0	0	0	0	0	0	2	38346	1	0	0	0	0	0	0	0	0	0	0	0	0	0	0	0	0	0	0	1	60136	0	0	//용족의계곡_서브1_계곡입구정찰_용암계곡의결계마법사처치					
	250	2928	48996	2	3	155757	158757	33312	0	0	0	0	0	0	0	0	0	2	38351	1	0	0	0	0	0	0	0	0	0	0	0	0	0	0	0	0	0	0	1	60136	0	0	//용족의계곡_서브2_추격의실마리_데스드래곤군주처치					
	251	2928	48996	2	3	155758	158758	33312	0	0	0	0	0	0	0	0	0	2	38357	1	0	0	0	0	0	0	0	0	0	0	0	0	0	0	0	0	0	0	1	60136	0	0	//용족의계곡_서브3_용족수장구출_데스드래곤지배자처치					
	252	2928	48996	2	3	155759	158759	33312	0	0	0	0	0	0	0	0	0	2	25717	1	0	0	0	0	0	0	0	0	0	0	0	0	0	0	0	0	0	0	1	60136	0	0	//용족의계곡_메인_용족의계곡_용기사단단장처치					
	253	2928	48996	2	3	155760	158760	33966	0	0	0	0	0	0	0	0	0	27	254	1	255	1	256	1	257	1	258	1	0	0	0	0	0	0	0	0	0	0	1	60138	0	0	//아이올트공동묘지_미션_클리어					
	254	2928	48996	2	3	155761	158761	33966	0	0	0	0	0	0	0	0	0	2	363	1	0	0	0	0	0	0	0	0	0	0	0	0	0	0	0	0	0	0	1	60136	0	0	//아이올트공동묘지_서브1_대제례추적_대제례수호자처치					
	255	2928	48996	2	3	155762	158762	33966	0	0	0	0	0	0	0	0	0	2	38366	1	0	0	0	0	0	0	0	0	0	0	0	0	0	0	0	0	0	0	1	60136	0	0	//아이올트공동묘지_서브2_숨겨진위험_사령의하수인처치					
	256	2928	48996	2	3	155763	158763	33966	0	0	0	0	0	0	0	0	0	2	36650	1	0	0	0	0	0	0	0	0	0	0	0	0	0	0	0	0	0	0	1	60136	0	0	//아이올트공동묘지_서브3_암흑의전당을향해_암흑의대사제처치					
	257	2928	48996	2	3	155764	158764	33966	0	0	0	0	0	0	0	0	0	2	559	1	0	0	0	0	0	0	0	0	0	0	0	0	0	0	0	0	0	0	1	60136	0	0	//아이올트공동묘지_서브4_어둠의제단_칠흑의광신도처치					
	258	2928	48996	2	3	155765	158765	33966	0	0	0	0	0	0	0	0	0	2	637	1	0	0	0	0	0	0	0	0	0	0	0	0	0	0	0	0	0	0	1	60136	0	0	//아이올트공동묘지_메인_아이올트공동묘지_암흑의대사제처치					
	259	2928	48996	2	3	155766	158766	34093	0	0	0	0	0	0	0	0	0	27	260	1	261	1	262	1	263	1	264	1	0	0	0	0	0	0	0	0	0	0	1	60138	0	0	//헬론의성_미션_클리어					
	260	2928	48996	2	3	155767	158767	34093	0	0	0	0	0	0	0	0	0	2	708	1	0	0	0	0	0	0	0	0	0	0	0	0	0	0	0	0	0	0	1	60136	0	0	//헬론의성_서브1_오염된성소_하수인알테미스처치					
	261	2928	48996	2	3	155768	158768	34093	0	0	0	0	0	0	0	0	0	2	756	1	0	0	0	0	0	0	0	0	0	0	0	0	0	0	0	0	0	0	1	60136	0	0	//헬론의성_서브2_검은에테르의정체_루만카처치					
	262	2928	48996	2	3	155769	158769	34093	0	0	0	0	0	0	0	0	0	2	728	1	0	0	0	0	0	0	0	0	0	0	0	0	0	0	0	0	0	0	1	60136	0	0	//헬론의성_서브3_절망의부활의식_브루켈트처치					
	263	2928	48996	2	3	155770	158770	34093	0	0	0	0	0	0	0	0	0	2	853	1	0	0	0	0	0	0	0	0	0	0	0	0	0	0	0	0	0	0	1	60136	0	0	//헬론의성_메인_헬론의성_4천왕과쉬바르츠프람메처지					
	264	2928	48996	2	3	155799	158799	34093	0	0	0	0	0	0	0	0	0	2	868	1	0	0	0	0	0	0	0	0	0	0	0	0	0	0	0	0	0	0	1	60136	0	0	//붕괴된에텔레인_파괴자베아테처치					
	265	2928	48996	2	3	155771	158771	34161	0	0	0	0	0	0	0	0	0	27	266	1	267	1	269	1	0	0	0	0	0	0	0	0	0	0	0	0	0	0	1	60343	0	0	//녹음의대지_미션_클리어					
	266	2928	48996	2	3	155772	158772	34161	0	0	0	0	0	0	0	0	0	2	1928	1	0	0	0	0	0	0	0	0	0	0	0	0	0	0	0	0	0	0	1	60137	0	0	//녹음의대지_서브1_1차거점확보_대지수호자엔트처치					
	267	2928	48996	2	3	155773	158773	34161	0	0	0	0	0	0	0	0	0	2	916	1	0	0	0	0	0	0	0	0	0	0	0	0	0	0	0	0	0	0	1	60137	0	0	//녹음의대지_서브2_힘의싸움_창백한데이노스처치					
	//268	2928	48996	2	3	155774	158774	34161	0	0	0	0	0	0	0	0	0	2	0	0	0	0	0	0	0	0	0	0	0	0	0	0	0	0	0	0	0	0	0	60137	0	0	//녹음의대지_서브3					
	269	2928	48996	2	3	155775	158775	34161	0	0	0	0	0	0	0	0	0	2	4018	1	0	0	0	0	0	0	0	0	0	0	0	0	0	0	0	0	0	0	1	60137	0	0	//녹음의대지_메인_녹음의대지					
	270	2928	48996	2	3	155780	158780	34164	0	0	0	0	0	0	0	0	0	27	271	1	272	1	274	1	0	0	0	0	0	0	0	0	0	0	0	0	0	0	1	60343	0	0	//정령들의쉼터_미션_클리어					
	271	2928	48996	2	3	155777	158777	34164	0	0	0	0	0	0	0	0	0	2	4062	1	0	0	0	0	0	0	0	0	0	0	0	0	0	0	0	0	0	0	1	60137	0	0	//정령들의쉼터_서브1_지식의나무_샤펜슈피르처치					
	272	2928	48996	2	3	155778	158778	34164	0	0	0	0	0	0	0	0	0	2	4200	1	0	0	0	0	0	0	0	0	0	0	0	0	0	0	0	0	0	0	1	60137	0	0	//정령들의쉼터_서브2_보급로차단작전_어둠의상인핫산처치					
	//273	2928	48996	2	3	155779	158779	34164	0	0	0	0	0	0	0	0	0	2	0	0	0	0	0	0	0	0	0	0	0	0	0	0	0	0	0	0	0	0	0	60137	0	0	//정령들의쉼터_서브3					
	274	2928	48996	2	3	155776	158776	34164	0	0	0	0	0	0	0	0	0	2	4298	1	0	0	0	0	0	0	0	0	0	0	0	0	0	0	0	0	0	0	1	60137	0	0	//정령들의쉼터_메인_정령들의쉼터					
	275	2928	48996	2	3	155781	158781	12401	0	0	0	0	0	0	0	0	0	27	276	1	277	1	278	1	279	1	0	0	0	0	0	0	0	0	0	0	0	0	1	60343	0	0	//보아레스산맥_미션_클리어					
	276	2928	48996	2	3	155782	158782	12401	0	0	0	0	0	0	0	0	0	2	4359	1	0	0	0	0	0	0	0	0	0	0	0	0	0	0	0	0	0	0	1	60137	0	0	//보아레스산맥_수도공략_친위대장카일처치					
	277	2928	48996	2	3	155783	158783	12401	0	0	0	0	0	0	0	0	0	2	60075	1	0	0	0	0	0	0	0	0	0	0	0	0	0	0	0	0	0	0	1	60137	0	0	//보아레스산맥_추락한자존심_함장척앵커처치					
	278	2928	48996	2	3	155784	158784	12401	0	0	0	0	0	0	0	0	0	2	4470	1	0	0	0	0	0	0	0	0	0	0	0	0	0	0	0	0	0	0	1	60137	0	0	//보아레스산맥_봉인된분노_대장군막시밀리안처치					
	279	2928	48996	2	3	155785	158785	12401	0	0	0	0	0	0	0	0	0	2	4526	1	0	0	0	0	0	0	0	0	0	0	0	0	0	0	0	0	0	0	1	60137	0	0	//보아레스산맥_차원의균열_차원의군주나르시스처치					
	//280	2928	48996	2	3	155786	158786	12401	0	0	0	0	0	0	0	0	0	2	0	0	0	0	0	0	0	0	0	0	0	0	0	0	0	0	0	0	0	0	0	0	0	0	//생명의골짜기_미션_클리어					
	//281	2928	48996	2	3	155787	158787	12401	0	0	0	0	0	0	0	0	0	2	0	0	0	0	0	0	0	0	0	0	0	0	0	0	0	0	0	0	0	0	1	60137	0	0	//생명의골짜기_서브1					
	//282	2928	48996	2	3	155788	158788	12401	0	0	0	0	0	0	0	0	0	2	0	0	0	0	0	0	0	0	0	0	0	0	0	0	0	0	0	0	0	0	1	60137	0	0	//생명의골짜기_서브2					
	//283	2928	48996	2	3	155789	158789	12401	0	0	0	0	0	0	0	0	0	2	0	0	0	0	0	0	0	0	0	0	0	0	0	0	0	0	0	0	0	0	1	60137	0	0	//생명의골짜기_서브3					
	//284	2928	48996	2	3	155790	158790	12401	0	0	0	0	0	0	0	0	0	2	0	0	0	0	0	0	0	0	0	0	0	0	0	0	0	0	0	0	0	0	1	60137	0	0	//생명의골짜기_서브4					
	//285	2928	48996	2	3	155791	158791	12401	0	0	0	0	0	0	0	0	0	2	0	0	0	0	0	0	0	0	0	0	0	0	0	0	0	0	0	0	0	0	1	60137	0	0	//생명의골짜기_서브5					
	//286	2928	48996	2	3	155792	158792	12401	0	0	0	0	0	0	0	0	0	2	0	0	0	0	0	0	0	0	0	0	0	0	0	0	0	0	0	0	0	0	1	60137	0	0	//생명의골짜기_메인					
	287	2928	48996	2	3	155793	158793	32753	0	0	0	0	0	0	0	0	0	27	288	1	289	1	290	1	291	1	292	1	0	0	0	0	0	0	0	0	0	0	1	60138	0	0	//저주받은탑 클리어					
	288	2928	48996	2	3	155794	158794	32753	0	0	0	0	0	0	0	0	0	2	6428	1	0	0	0	0	0	0	0	0	0	0	0	0	0	0	0	0	0	0	1	60136	0	0	//대지의시련_야수의주인처치					
	289	2928	48996	2	3	155795	158795	32756	0	0	0	0	0	0	0	0	0	2	6429	1	0	0	0	0	0	0	0	0	0	0	0	0	0	0	0	0	0	0	1	60136	0	0	//물의시련_성의주인처치					
	290	2928	48996	2	3	155796	158796	32759	0	0	0	0	0	0	0	0	0	2	6430	1	0	0	0	0	0	0	0	0	0	0	0	0	0	0	0	0	0	0	1	60136	0	0	//불의시련_화염의지배자처치					
	291	2928	48996	2	3	155797	158797	32762	0	0	0	0	0	0	0	0	0	2	6431	1	0	0	0	0	0	0	0	0	0	0	0	0	0	0	0	0	0	0	1	60136	0	0	//바람의시련_칼버스처치					
	292	2928	48996	2	3	155798	158798	73532	0	0	0	0	0	0	0	0	0	2	6506	1	6504	1	6505	1	6503	1	0	0	0	0	0	0	0	0	0	0	0	0	1	60136	0	0	//어둠의시련_엘리/드나/발키리/버서커처치					
	561	2928	48996	2	3	155831	158831	32822	0	0	0	0	0	0	0	0	0	2	50048	50	0	0	0	0	0	0	0	0	0	0	0	0	0	0	0	0	0	0	1	60405	0	0	//익스트림챌린지_야수들의숲_클리어					
	562	2928	48996	2	3	155832	158832	32823	0	0	0	0	0	0	0	0	0	2	50110	50	0	0	0	0	0	0	0	0	0	0	0	0	0	0	0	0	0	0	1	60406	0	0	//익스트림챌린지_에텔레인지하수로_클리어					
	563	2928	48996	2	3	155833	158833	32824	0	0	0	0	0	0	0	0	0	2	50204	50	0	0	0	0	0	0	0	0	0	0	0	0	0	0	0	0	0	0	1	60407	0	0	//익스트림챌린지_얼어붙은궁전_클리어					
	564	2928	48996	2	3	155834	158834	32825	0	0	0	0	0	0	0	0	0	2	50338	50	0	0	0	0	0	0	0	0	0	0	0	0	0	0	0	0	0	0	1	60408	0	0	//익스트림챌린지_용족의계곡_클리어					
//	565	2928	48996	2	3	155835	158835	32826	0	0	0	0	0	0	0	0	0	2	0	50	0	0	0	0	0	0	0	0	0	0	0	0	0	0	0	0	0	0	1	60409	0	0	//익스트림챌린지_아이올트공동묘지_클리어					
//	566	2928	48996	2	3	155836	158836	32827	0	0	0	0	0	0	0	0	0	2	0	50	0	0	0	0	0	0	0	0	0	0	0	0	0	0	0	0	0	0	1	60410	0	0	//익스트림챌린지_헬론의성_클리어					
//	567	2928	48996	2	3	155837	158837	0	0	0	0	0	0	0	0	0	0	27	561	1	562	1	563	1	564	1	565	1	566	1	0	0	0	0	0	0	0	0	1	60411	0	0	//익스트림챌린지_브라키온대륙_클리어					
//	568	2928	48996	2	3	155838	158838	32828	0	0	0	0	0	0	0	0	0	2	0	50	0	0	0	0	0	0	0	0	0	0	0	0	0	0	0	0	0	0	1	60412	0	0	//익스트림챌린지_녹음의대지_클리어					
//	569	2928	48996	2	3	155839	158839	32829	0	0	0	0	0	0	0	0	0	2	0	50	0	0	0	0	0	0	0	0	0	0	0	0	0	0	0	0	0	0	1	60413	0	0	//익스트림챌린지_정령들의쉼터_클리어					
//	570	2928	48996	2	3	155840	158840	32830	0	0	0	0	0	0	0	0	0	2	0	50	0	0	0	0	0	0	0	0	0	0	0	0	0	0	0	0	0	0	1	60414	0	0	//익스트림챌린지_보아레스산맥_클리어					
//	571	2928	48996	2	3	155841	158841	32831	0	0	0	0	0	0	0	0	0	2	0	50	0	0	0	0	0	0	0	0	0	0	0	0	0	0	0	0	0	0	1	60415	0	0	//익스트림챌린지_생명의골짜기_클리어					
//	572	2928	48996	2	3	155842	158842	0	0	0	0	0	0	0	0	0	0	27	568	1	569	1	570	1	571	1	0	0	0	0	0	0	0	0	0	0	0	0	1	60416	0	0	//익스트림챌린지_세리엔트대륙_클리어					
	450	2928	48996	2	3	155830	155844	73572	0	0	0	0	0	0	0	0	0	27	451	1	452	1	453	1	0	0	0	0	0	0	0	0	0	0	0	0	0	0	1	60503	0	0	//익스트림챌린지_빛의시련_클리어_최종					
	451	2928	48996	2	3	155845	155846	73572	0	0	0	0	0	0	0	0	0	2	6788	10	6791	10	6794	10	6797	10	6800	10	6803	10	6806	10	0	0	0	0	0	0	0	0	0	0	//익스트림챌린지_빛의시련_클리어_C급보스					
	452	2928	48996	2	3	159992	159993	73572	0	0	0	0	0	0	0	0	0	2	6789	10	6792	10	6795	10	6798	10	6801	10	6804	10	6807	10	0	0	0	0	0	0	0	0	0	0	//익스트림챌린지_빛의시련_클리어_B급보스					
	453	2928	48996	2	3	159994	159995	73572	0	0	0	0	0	0	0	0	0	2	6790	10	6793	10	6796	10	6799	10	6802	10	6805	10	6808	10	0	0	0	0	0	0	0	0	0	0	//익스트림챌린지_빛의시련_클리어_A급보스					
	//타락한사원 AC																																															
	350	2928	60901	2	4	90944	92944	36846	0	0	0	0	0	0	0	0	0	18	12001	1	0	0	0	0	0	0	0	0	0	0	0	0	0	0	0	0	0	0	0	0	0	0	//내가 낙사라니?!					
	351	2928	60901	2	4	90945	92945	34037	0	0	0	0	0	0	0	0	0	9	55603	1	0	0	0	0	0	0	0	0	0	0	0	0	0	0	0	0	0	0	0	0	0	0	//처음 만난 근원					
	352	2928	60901	2	4	90946	92946	34041	0	0	0	0	0	0	0	0	0	9	55602	1	0	0	0	0	0	0	0	0	0	0	0	0	0	0	0	0	0	0	0	0	0	0	//새 발의 티끌					
	353	2928	60901	2	4	90948	92948	34041	0	0	0	0	0	352	0	0	0	9	55602	10	0	0	0	0	0	0	0	0	0	0	0	0	0	0	0	0	0	0	0	0	0	0	//빛과 어둠의 맛					
	354	2928	60901	2	4	90949	92949	34041	0	0	0	0	0	353	0	0	0	9	55602	50	0	0	0	0	0	0	0	0	0	0	0	0	0	0	0	0	0	0	0	0	0	0	//좀 더 깊은 빛과 어둠의 맛					
	355	2928	60901	2	4	90958	92958	34041	0	0	0	0	0	354	0	0	0	9	55602	200	0	0	0	0	0	0	0	0	0	0	0	0	0	0	0	0	0	0	0	0	0	0	//빛과_어둠은_나의_힘!!					
	356	2928	60901	2	4	90950	92950	32817	0	0	0	0	0	0	0	0	0	7	2268	1	0	0	0	0	0	0	0	0	0	0	0	0	0	0	0	0	0	0	0	0	0	0	//신참 악마사냥꾼					
	357	2928	60901	2	4	90951	92951	35208	0	0	0	0	0	0	0	0	0	7	2269	50	0	0	0	0	0	0	0	0	0	0	0	0	0	0	0	0	0	0	0	0	0	0	//신참 악마추적자					
	358	2928	60901	2	4	90964	92964	32817	0	0	0	0	0	356	0	0	0	7	2268	30	0	0	0	0	0	0	0	0	0	0	0	0	0	0	0	0	0	0	0	0	0	0	//전문_악마사냥꾼					
	359	2928	60901	2	4	90965	92965	35208	0	0	0	0	0	357	0	0	0	7	2269	300	0	0	0	0	0	0	0	0	0	0	0	0	0	0	0	0	0	0	0	0	0	0	//전문_악마추적자					
	360	2928	60901	2	4	90947	92947	33121	0	0	0	0	0	0	0	0	0	12	12001	1	0	0	0	0	0	0	0	0	0	0	0	0	0	0	0	0	0	0	0	0	0	0	//내가사람을죽였다니?!					
	361	2928	60901	2	4	90954	92954	36825	0	0	0	0	0	0	0	0	0	15	12001	10	0	0	0	0	0	0	0	0	0	0	0	0	0	0	0	0	0	0	0	0	0	0	//아비규환					
	362	2928	60901	2	4	90968	92968	36825	0	0	0	0	0	361	0	0	0	15	12001	50	0	0	0	0	0	0	0	0	0	0	0	0	0	0	0	0	0	0	0	0	0	0	//전쟁광					
	363	2928	60901	2	4	90956	92956	36833	0	0	0	0	0	361	0	0	0	14	12001	108	0	0	0	0	0	0	0	0	0	0	0	0	0	0	0	0	0	0	0	0	0	0	//타락한_사원의_정화					
	364	2928	60901	2	4	90957	92957	33121	0	0	0	0	0	360	0	0	0	12	12001	108	0	0	0	0	0	0	0	0	0	0	0	0	0	0	0	0	0	0	0	0	0	0	//피도_눈물도_없이					
	365	2928	60901	2	4	90970	92970	33121	0	0	0	0	0	364	0	0	0	12	12001	200	0	0	0	0	0	0	0	0	0	0	0	0	0	0	0	0	0	0	0	0	0	0	//인간사냥꾼					
	366	2928	60901	2	4	90955	92955	64517	0	0	0	0	0	0	0	0	0	17	12001	1	0	0	0	0	0	0	0	0	0	0	0	0	0	0	0	0	0	0	0	0	0	0	//최후의_생존자					
	367	2928	60901	2	4	90969	92969	64517	0	0	0	0	0	366	0	0	0	17	12001	100	0	0	0	0	0	0	0	0	0	0	0	0	0	0	0	0	0	0	0	0	0	0	//백전노장					
//	368	2928	60901	2	4	90984	92984	28013	0	0	0	0	1	0	0	0	0	10	52040	1	52041	1	52042	1	52043	1	52044	1	52045	1	52046	1	52047	1	0	0	0	0	0	0	0	0	//미숙한악마의현신:아에시마데바					
//	369	2928	60901	2	4	90985	92985	28021	0	0	0	0	2	0	0	0	0	10	52048	1	52049	1	52050	1	52051	1	52052	1	52053	1	52054	1	52055	1	0	0	0	0	0	0	0	0	//미숙한악마의현신:벨제뷔트					
//	370	2928	60901	2	4	90986	92986	28029	0	0	0	0	3	0	0	0	0	10	52056	1	52057	1	52058	1	52059	1	52060	1	52061	1	52062	1	52063	1	0	0	0	0	0	0	0	0	//미숙한악마의현신:루시페르					
//	371	2928	60901	2	4	90987	92987	28037	0	0	0	0	4	0	0	0	0	10	52064	1	52065	1	52066	1	52067	1	52068	1	52069	1	52070	1	52071	1	0	0	0	0	0	0	0	0	//미숙한악마의현신:아스타로스					
//	372	2928	60901	2	4	90988	92988	28045	0	0	0	0	5	0	0	0	0	10	52072	1	52073	1	52074	1	52075	1	52076	1	52077	1	52078	1	52079	1	0	0	0	0	0	0	0	0	//미숙한악마의현신:아즈					
//	610	2928	60901	2	4	11579	12579	14351	0	0	0	0	6	0	0	0	0	10	51391	1	51392	1	51393	1	51394	1	51395	1	51396	1	51397	1	51398	1	0	0	0	0	0	0	0	0	//미숙한악마의현신:메피스토					
	373	2928	60901	2	4	90959	92959	28013	0	0	0	0	1	0	0	0	0	10	51177	1	51178	1	51179	1	51180	1	51181	1	51182	1	51183	1	51184	1	0	0	0	0	0	0	0	0	//악마의_현신:_아에시마_데바					
	374	2928	60901	2	4	90960	92960	28021	0	0	0	0	2	0	0	0	0	10	51185	1	51186	1	51187	1	51188	1	51189	1	51190	1	51191	1	51192	1	0	0	0	0	0	0	0	0	//악마의_현신:_벨제뷔트					
	375	2928	60901	2	4	90961	92961	28029	0	0	0	0	3	0	0	0	0	10	51193	1	51194	1	51195	1	51196	1	51197	1	51198	1	51199	1	51200	1	0	0	0	0	0	0	0	0	//악마의_현신:_루시페르					
	376	2928	60901	2	4	90962	92962	28037	0	0	0	0	4	0	0	0	0	10	51201	1	51202	1	51203	1	51204	1	51205	1	51206	1	51207	1	51208	1	0	0	0	0	0	0	0	0	//악마의_현신:_아스타로스					
	377	2928	60901	2	4	90963	92963	28045	0	0	0	0	5	0	0	0	0	10	51209	1	51210	1	51211	1	51212	1	51213	1	51214	1	51215	1	51216	1	0	0	0	0	0	0	0	0	//악마의_현신:_아즈					
	611	2928	60901	2	4	11580	12580	14351	0	0	0	0	6	0	0	0	0	10	51383	1	51384	1	51385	1	51386	1	51387	1	51388	1	51389	1	51390	1	0	0	0	0	0	0	0	0	//악마의_현신:_메피스토					
	690	2928	60901	2	4	12602	12603	14718	0	0	0	0	7	0	0	0	0	10	51711	1	51712	1	51713	1	51714	1	51715	1	51716	1	51717	1	51718	1	0	0	0	0	0	0	0	0	//악마의_현신:_아스모데우스					
	923	2928	60901	2	4	12632	12633	12695	0	0	0	0	8	0	0	0	0	10	57065	1	57066	1	57067	1	57068	1	57069	1	57070	1	57071	1	57072	1	0	0	0	0	0	0	0	0	//악마의_현신:나히드					
	646	2928	60901	2	4	11549	12549	12521	0	0	0	0	1	0	0	0	0	10	51401	1	51402	1	51403	1	51404	1	51405	1	51406	1	51407	1	51408	1	0	0	0	0	0	0	0	0	//피로물든 악마의 현신: 아에시마데바					
	647	2928	60901	2	4	11550	12550	12529	0	0	0	0	2	0	0	0	0	10	51409	1	51410	1	51411	1	51412	1	51413	1	51414	1	51415	1	51416	1	0	0	0	0	0	0	0	0	//피로물든 악마의 현신: 벨제뷔트					
	648	2928	60901	2	4	11551	12551	12537	0	0	0	0	3	0	0	0	0	10	51417	1	51418	1	51419	1	51420	1	51421	1	51422	1	51423	1	51424	1	0	0	0	0	0	0	0	0	//피로물든 악마의 현신: 루시페르					
	649	2928	60901	2	4	11552	12552	12545	0	0	0	0	4	0	0	0	0	10	51425	1	51426	1	51427	1	51428	1	51429	1	51430	1	51431	1	51432	1	0	0	0	0	0	0	0	0	//피로물든 악마의 현신: 아스타로스					
	650	2928	60901	2	4	11553	12553	12553	0	0	0	0	5	0	0	0	0	10	51433	1	51434	1	51435	1	51436	1	51437	1	51438	1	51439	1	51440	1	0	0	0	0	0	0	0	0	//피로물든 악마의 현신: 아즈					
	651	2928	60901	2	4	11554	12554	12567	0	0	0	0	6	0	0	0	0	10	51447	1	51448	1	51449	1	51450	1	51451	1	51452	1	51453	1	51454	1	0	0	0	0	0	0	0	0	//피로물든 악마의 현신: 메피스토					
	691	2928	60901	2	4	12604	12605	14726	0	0	0	0	7	0	0	0	0	10	51719	1	51720	1	51721	1	51722	1	51723	1	51724	1	51725	1	51726	1	0	0	0	0	0	0	0	0	//피로물든 악마의 현신: 아스모데우스					
	924	2928	60901	2	4	12634	12635	14726	0	0	0	0	8	0	0	0	0	10	57073	1	57074	1	57075	1	57076	1	57077	1	57078	1	57079	1	57080	1	0	0	0	0	0	0	0	0	//피로물든 악마의 현신: 나히드					
	378	2928	60901	2	4	90971	92971	35651	0	0	0	0	0	0	0	0	0	27	350	1	351	1	352	1	360	1	0	0	0	0	0	0	0	0	0	0	0	0	1	60114	0	0	//풋내기_투사					
	379	2928	60901	2	4	90972	92972	35650	0	0	0	0	0	0	0	0	0	27	354	1	356	1	357	1	361	1	366	1	363	1	364	1	0	0	0	0	0	0	1	60115	0	0	//노련한_투사					
	380	2928	60901	2	4	90973	92973	35652	0	0	0	0	0	0	0	0	0	27	355	1	358	1	359	1	362	1	365	1	367	1	0	0	0	0	0	0	0	0	1	60116	0	0	//타락한_투사					
	381	2928	60901	2	4	90974	92974	32817	0	0	0	0	1	0	0	0	0	27	358	1	359	1	0	0	0	0	0	0	0	0	0	0	0	0	0	0	0	0	1	60117	0	0	//고스트바스터!!_버서커					
	382	2928	60901	2	4	90974	92974	32817	0	0	0	0	2	0	0	0	0	27	358	1	359	1	0	0	0	0	0	0	0	0	0	0	0	0	0	0	0	0	1	60118	0	0	//고스트바스터!!_드래곤나이트					
	383	2928	60901	2	4	90974	92974	32817	0	0	0	0	3	0	0	0	0	27	358	1	359	1	0	0	0	0	0	0	0	0	0	0	0	0	0	0	0	0	1	60119	0	0	//고스트바스터!!_섀도우					
	384	2928	60901	2	4	90974	92974	32817	0	0	0	0	4	0	0	0	0	27	358	1	359	1	0	0	0	0	0	0	0	0	0	0	0	0	0	0	0	0	1	60120	0	0	//고스트바스터!!_발키리					
	385	2928	60901	2	4	90974	92974	32817	0	0	0	0	5	0	0	0	0	27	358	1	359	1	0	0	0	0	0	0	0	0	0	0	0	0	0	0	0	0	1	60121	0	0	//고스트바스터!!_엘리멘탈리스트					
	612	2928	60901	2	4	90974	92974	32817	0	0	0	0	6	0	0	0	0	27	358	1	359	1	0	0	0	0	0	0	0	0	0	0	0	0	0	0	0	0	1	60494	0	0	//고스트바스터!!_미스틱					
	692	2928	60901	2	4	90974	92974	32817	0	0	0	0	7	0	0	0	0	27	358	1	359	1	0	0	0	0	0	0	0	0	0	0	0	0	0	0	0	0	1	65118	0	0	//고스트바스터!!_헬로이드					
	925	2928	60901	2	4	90974	92974	32817	0	0	0	0	8	0	0	0	0	27	358	1	359	1	0	0	0	0	0	0	0	0	0	0	0	0	0	0	0	0	1	65204	0	0	//고스트바스터!!_위치블레이드					
	386	2928	60901	2	4	90975	92975	33121	0	0	0	0	1	0	0	0	0	27	363	1	362	1	365	1	367	1	0	0	0	0	0	0	0	0	0	0	0	0	1	60122	0	0	//타락의_끝_버서커					
	387	2928	60901	2	4	90975	92975	33121	0	0	0	0	2	0	0	0	0	27	363	1	362	1	365	1	367	1	0	0	0	0	0	0	0	0	0	0	0	0	1	60122	0	0	//타락의_끝_드래곤나이트					
	388	2928	60901	2	4	90975	92975	33121	0	0	0	0	3	0	0	0	0	27	363	1	362	1	365	1	367	1	0	0	0	0	0	0	0	0	0	0	0	0	1	60122	0	0	//타락의_끝_섀도우					
	389	2928	60901	2	4	90975	92975	33121	0	0	0	0	4	0	0	0	0	27	363	1	362	1	365	1	367	1	0	0	0	0	0	0	0	0	0	0	0	0	1	60122	0	0	//타락의_끝_발키리					
	390	2928	60901	2	4	90975	92975	33121	0	0	0	0	5	0	0	0	0	27	363	1	362	1	365	1	367	1	0	0	0	0	0	0	0	0	0	0	0	0	1	60122	0	0	//타락의_끝_엘리멘탈리스트					
	613	2928	60901	2	4	90975	92975	33121	0	0	0	0	6	0	0	0	0	27	363	1	362	1	365	1	367	1	0	0	0	0	0	0	0	0	0	0	0	0	1	60122	0	0	//타락의_끝_미스틱					
	693	2928	60901	2	4	90975	92975	33121	0	0	0	0	7	0	0	0	0	27	363	1	362	1	365	1	367	1	0	0	0	0	0	0	0	0	0	0	0	0	1	60122	0	0	//타락의_끝_헬로이드					
	926	2928	60901	2	4	90975	92975	33121	0	0	0	0	8	0	0	0	0	27	363	1	362	1	365	1	367	1	0	0	0	0	0	0	0	0	0	0	0	0	1	60122	0	0	//타락의_끝_위치블레이드					
	391	2928	60901	2	4	90976	92976	28013	0	0	0	0	1	0	0	0	0	27	380	1	396	1	381	1	386	1	373	1	0	0	0	0	0	0	0	0	0	0	1	60123	0	0	//사원의_지배자_버서커					
	392	2928	60901	2	4	90976	92976	28021	0	0	0	0	2	0	0	0	0	27	380	1	396	1	382	1	387	1	374	1	0	0	0	0	0	0	0	0	0	0	1	60124	0	0	//사원의_지배자_드래곤나이트					
	393	2928	60901	2	4	90976	92976	28029	0	0	0	0	3	0	0	0	0	27	380	1	396	1	383	1	388	1	375	1	0	0	0	0	0	0	0	0	0	0	1	60125	0	0	//사원의_지배자_섀도우					
	394	2928	60901	2	4	90976	92976	28037	0	0	0	0	4	0	0	0	0	27	380	1	396	1	384	1	389	1	376	1	0	0	0	0	0	0	0	0	0	0	1	60126	0	0	//사원의_지배자_발키리					
	395	2928	60901	2	4	90976	92976	28045	0	0	0	0	5	0	0	0	0	27	380	1	396	1	385	1	390	1	377	1	0	0	0	0	0	0	0	0	0	0	1	60127	0	0	//사원의_지배자_엘리멘탈리스트					
	614	2928	60901	2	4	90976	92976	28045	0	0	0	0	6	0	0	0	0	27	380	1	396	1	612	1	613	1	611	1	0	0	0	0	0	0	0	0	0	0	1	60495	0	0	//사원의_지배자_미스틱					
	694	2928	60901	2	4	90976	92976	28045	0	0	0	0	7	0	0	0	0	27	380	1	396	1	692	1	693	1	690	1	0	0	0	0	0	0	0	0	0	0	1	65119	0	0	//사원의_지배자_헬로이드					
	927	2928	60901	2	4	90976	92976	28045	0	0	0	0	8	0	0	0	0	27	380	1	396	1	925	1	926	1	923	1	0	0	0	0	0	0	0	0	0	0	1	65205	0	0	//사원의_지배자_위치블레이드					
	396	2928	60901	2	4	90977	92977	34041	0	0	0	0	0	352	0	0	0	9	55602	1000	0	0	0	0	0	0	0	0	0	0	0	0	0	0	0	0	0	0	0	0	0	0	//티끌_모아_태산					
//	1103AC추가																																															
	411	2928	6728	2	2	6594	6650	35003	0	0	0	0	0	0	0	0	0	27	412	1	413	1	414	1	415	1	416	1	0	0	0	0	0	0	0	0	0	0	1	60139	0	0	//해방군의회 명성 모두 완료					
	412	2928	6728	2	2	6595	6651	35100	0	0	0	0	0	0	0	0	0	31	1	1	0	0	0	0	0	0	0	0	0	0	0	0	0	0	0	0	0	0	1	60140	0	0	//해방군의회_명성얻기 '조금위대함'					
	413	2928	6728	2	2	6596	6652	35103	0	0	0	0	0	412	0	0	0	31	1	2	0	0	0	0	0	0	0	0	0	0	0	0	0	0	0	0	0	0	0	0	0	0	//해방군의회_명성얻기 '많이 알려짐'					
	414	2928	6728	2	2	6597	6653	35101	0	0	0	0	0	413	0	0	0	31	1	3	0	0	0	0	0	0	0	0	0	0	0	0	0	0	0	0	0	0	0	0	0	0	//해방군의회_명성얻기 '조금유명함'					
	415	2928	6728	2	2	6598	6654	35150	0	0	0	0	0	414	0	0	0	31	1	4	0	0	0	0	0	0	0	0	0	0	0	0	0	0	0	0	0	0	1	60171	0	0	//해방군의회_명성얻기 '유명함'					
	416	2928	6728	2	2	6599	6655	35151	0	0	0	0	0	415	0	0	0	31	1	5	0	0	0	0	0	0	0	0	0	0	0	0	0	0	0	0	0	0	0	0	0	0	//해방군의회_명성얻기 '위대함'					
	417	2928	6728	2	2	6600	6656	35005	0	0	0	0	0	0	0	0	0	27	418	1	424	1	432	1	0	0	0	0	0	0	0	0	0	0	0	0	0	0	1	60141	0	0	//퀘스트AC완료					
	418	2928	6728	2	2	6601	6657	33315	0	0	0	0	0	0	0	0	0	27	419	1	420	1	421	1	422	1	423	1	0	0	0	0	0	0	0	0	0	0	1	60172	0	0	//일반퀘스트완료					
	419	2928	6728	2	2	6602	6658	33315	0	0	0	0	0	0	0	0	0	35	100	100	0	0	0	0	0	0	0	0	0	0	0	0	0	0	0	0	0	0	0	0	0	0	//퀘스트100개완료					
	420	2928	6728	2	2	6603	6659	33315	0	0	0	0	0	419	0	0	0	35	300	300	0	0	0	0	0	0	0	0	0	0	0	0	0	0	0	0	0	0	0	0	0	0	//퀘스트300개완료					
	421	2928	6728	2	2	6604	6660	33315	0	0	0	0	0	420	0	0	0	35	600	600	0	0	0	0	0	0	0	0	0	0	0	0	0	0	0	0	0	0	0	0	0	0	//퀘스트600개완료					
	422	2928	6728	2	2	6605	6661	33315	0	0	0	0	0	421	0	0	0	35	900	900	0	0	0	0	0	0	0	0	0	0	0	0	0	0	0	0	0	0	0	0	0	0	//퀘스트900개완료					
	423	2928	6728	2	2	6606	6662	33315	0	0	0	0	0	422	0	0	0	35	1200	1200	0	0	0	0	0	0	0	0	0	0	0	0	0	0	0	0	0	0	0	0	0	0	//퀘스트1200개완료					
	424	2928	6728	2	2	6607	6663	33315	0	0	0	0	0	0	0	0	0	27	425	1	426	1	427	1	428	1	429	1	430	1	431	1	0	0	0	0	0	0	1	60173	0	0	//일일퀘스트연속완료					
	425	2928	6728	2	2	6608	6664	33315	0	0	0	0	0	0	0	0	0	37	2	2	0	0	0	0	0	0	0	0	0	0	0	0	0	0	0	0	0	0	0	0	0	0	//2일연속일퀘완료					
	426	2928	6728	2	2	6609	6665	33315	0	0	0	0	0	425	0	0	0	37	4	4	0	0	0	0	0	0	0	0	0	0	0	0	0	0	0	0	0	0	0	0	0	0	//4일연속일퀘완료					
	427	2928	6728	2	2	6610	6666	33315	0	0	0	0	0	426	0	0	0	37	8	8	0	0	0	0	0	0	0	0	0	0	0	0	0	0	0	0	0	0	0	0	0	0	//8일연속일퀘완료					
	428	2928	6728	2	2	6611	6667	33315	0	0	0	0	0	427	0	0	0	37	12	12	0	0	0	0	0	0	0	0	0	0	0	0	0	0	0	0	0	0	0	0	0	0	//12일연속일퀘완료					
	429	2928	6728	2	2	6612	6668	33315	0	0	0	0	0	428	0	0	0	37	16	16	0	0	0	0	0	0	0	0	0	0	0	0	0	0	0	0	0	0	0	0	0	0	//16일연속일퀘완료					
	430	2928	6728	2	2	6613	6669	33315	0	0	0	0	0	429	0	0	0	37	20	20	0	0	0	0	0	0	0	0	0	0	0	0	0	0	0	0	0	0	0	0	0	0	//20일연속일퀘완료					
	431	2928	6728	2	2	6614	6670	33315	0	0	0	0	0	430	0	0	0	37	25	25	0	0	0	0	0	0	0	0	0	0	0	0	0	0	0	0	0	0	0	0	0	0	//25일연속일퀘완료					
	432	2928	6728	2	2	6615	6671	33315	0	0	0	0	0	0	0	0	0	27	433	1	434	1	435	1	436	1	437	1	438	1	0	0	0	0	0	0	0	0	1	60174	0	0	//일퀘완료 개수					
	433	2928	6728	2	2	6616	6672	33315	0	0	0	0	0	0	0	0	0	36	100	100	0	0	0	0	0	0	0	0	0	0	0	0	0	0	0	0	0	0	0	0	0	0	//일퀘완료 100번					
	434	2928	6728	2	2	6617	6673	33315	0	0	0	0	0	433	0	0	0	36	300	300	0	0	0	0	0	0	0	0	0	0	0	0	0	0	0	0	0	0	0	0	0	0	//일퀘완료 300번					
	435	2928	6728	2	2	6618	6674	33315	0	0	0	0	0	434	0	0	0	36	600	600	0	0	0	0	0	0	0	0	0	0	0	0	0	0	0	0	0	0	0	0	0	0	//일퀘완료 600번					
	436	2928	6728	2	2	6619	6675	33315	0	0	0	0	0	435	0	0	0	36	900	900	0	0	0	0	0	0	0	0	0	0	0	0	0	0	0	0	0	0	0	0	0	0	//일퀘완료 900번					
	437	2928	6728	2	2	6620	6676	33315	0	0	0	0	0	436	0	0	0	36	1200	1200	0	0	0	0	0	0	0	0	0	0	0	0	0	0	0	0	0	0	0	0	0	0	//일퀘완료 1200번					
	438	2928	6728	2	2	6621	6677	33315	0	0	0	0	0	437	0	0	0	36	1500	1500	0	0	0	0	0	0	0	0	0	0	0	0	0	0	0	0	0	0	0	0	0	0	//일퀘완료 1500번					
	439	2928	6728	2	2	6622	6678	35006	0	0	0	0	0	0	0	0	0	27	440	1	441	1	442	1	443	1	444	1	445	1	0	0	0	0	0	0	0	0	1	60142	0	0	//몬스터제거AC					
	440	2928	6728	2	2	6623	6679	33243	0	0	0	0	0	0	0	0	0	39	1	100	0	0	0	0	0	0	0	0	0	0	0	0	0	0	0	0	0	0	0	0	0	0	//몬스터100마리제거					
	441	2928	6728	2	2	6624	6680	33244	0	0	0	0	0	440	0	0	0	39	1	300	0	0	0	0	0	0	0	0	0	0	0	0	0	0	0	0	0	0	0	0	0	0	//몬스터300마리제거					
	442	2928	6728	2	2	6625	6681	33245	0	0	0	0	0	441	0	0	0	39	1	500	0	0	0	0	0	0	0	0	0	0	0	0	0	0	0	0	0	0	0	0	0	0	//몬스터500마리제거					
	443	2928	6728	2	2	6626	6682	33237	0	0	0	0	0	442	0	0	0	39	1	1000	0	0	0	0	0	0	0	0	0	0	0	0	0	0	0	0	0	0	0	0	0	0	//몬스터1000마리제거					
	444	2928	6728	2	2	6627	6683	32817	0	0	0	0	0	443	0	0	0	39	1	3000	0	0	0	0	0	0	0	0	0	0	0	0	0	0	0	0	0	0	0	0	0	0	//몬스터3000마리제거					
	445	2928	6728	2	2	6628	6684	33121	0	0	0	0	0	444	0	0	0	39	1	10000	0	0	0	0	0	0	0	0	0	0	0	0	0	0	0	0	0	0	0	0	0	0	//몬스터10000마리제거					
	446	2928	6728	2	2	6629	6685	32950	0	0	0	0	0	0	0	0	0	27	447	1	448	1	449	1	0	0	0	0	0	0	0	0	0	0	0	0	0	0	1	60179	0	0	//로또당첨AC					
	447	2928	6728	2	2	6630	6686	34054	0	0	0	0	0	0	0	0	0	38	1	1	0	0	0	0	0	0	0	0	0	0	0	0	0	0	0	0	0	0	1	60143	0	0	//로또 1등					
	448	2928	6728	2	2	6631	6687	34054	0	0	0	0	0	0	0	0	0	38	2	1	0	0	0	0	0	0	0	0	0	0	0	0	0	0	0	0	0	0	1	60144	0	0	//로또2등					
	449	2928	6728	2	2	6632	6688	34054	0	0	0	0	0	0	0	0	0	38	3	1	0	0	0	0	0	0	0	0	0	0	0	0	0	0	0	0	0	0	1	60145	0	0	//로또3등					
	454	2928	6728	2	2	6637	6693	90201	0	0	0	0	0	0	0	0	0	27	455	1	456	1	457	1	0	0	0	0	0	0	0	0	0	0	0	0	0	0	1	60147	0	0	//몬스터제거AC2					
	455	2928	6728	2	2	6638	6694	36905	0	0	0	0	0	0	0	0	0	7	210	100	0	0	0	0	0	0	0	0	0	0	0	0	0	0	0	0	0	0	0	0	0	0	//2107 미션최후의전투(파티권장) 100번 완료					
	456	2928	6728	2	2	6639	6695	35308	0	0	0	0	0	0	0	0	0	7	211	50	0	0	0	0	0	0	0	0	0	0	0	0	0	0	0	0	0	0	0	0	0	0	//2437 저주받은 탑 어둠의 시련 50번 완료					
	457	2928	6728	2	2	6640	6696	74711	0	0	0	0	0	0	0	0	0	7	212	30	0	0	0	0	0	0	0	0	0	0	0	0	0	0	0	0	0	0	0	0	0	0	//2433 저주받은 탑 바람의 시련 30번 완료					
	458	2928	6728	2	2	6641	6697	36845	0	0	0	0	0	0	0	0	0	27	459	1	460	1	461	1	462	1	463	1	464	1	0	0	0	0	0	0	0	0	1	60148	0	0	//사망AC					
	459	2928	6728	2	2	6642	6698	32818	0	0	0	0	0	0	0	0	0	40	1	50	0	0	0	0	0	0	0	0	0	0	0	0	0	0	0	0	0	0	0	0	0	0	//몬스터에게 50번사망					
	460	2928	6728	2	2	6643	6699	32818	0	0	0	0	0	459	0	0	0	40	1	100	0	0	0	0	0	0	0	0	0	0	0	0	0	0	0	0	0	0	1	60175	0	0	//몬스터에게 100번사망					
	461	2928	6728	2	2	6644	6700	36814	0	0	0	0	0	0	0	0	0	40	2	50	0	0	0	0	0	0	0	0	0	0	0	0	0	0	0	0	0	0	0	0	0	0	//플레이어에게 50번사망					
	462	2928	6728	2	2	6645	6701	36814	0	0	0	0	0	461	0	0	0	40	2	100	0	0	0	0	0	0	0	0	0	0	0	0	0	0	0	0	0	0	1	60176	0	0	//플레이어에게 100번사망					
	463	2928	6728	2	2	6646	6702	36878	0	0	0	0	0	0	0	0	0	18	12001	50	0	0	0	0	0	0	0	0	0	0	0	0	0	0	0	0	0	0	0	0	0	0	//타락한사원에서 낙사 50번					
	464	2928	6728	2	2	6647	6703	36878	0	0	0	0	0	463	0	0	0	18	12001	100	0	0	0	0	0	0	0	0	0	0	0	0	0	0	0	0	0	0	1	60177	0	0	//타락한사원에서 낙사 100번					
	465	2928	6728	2	2	6648	6704	36879	0	0	0	0	0	0	0	0	0	27	225	1	226	1	227	1	228	1	229	1	230	1	231	1	232	1	0	0	0	0	1	60149	0	0	//물약먹기완료					
//	466	2928	6728	2	2	6649	6705	36883	0	0	0	0	0	0	0	0	0	27	31	1	62	1	93	1	124	1	156	1	187	1	0	0	0	0	0	0	0	0	1	60151	0	0	//ep1지역ac100%달성모두					
//	467	2928	6728	2	2	6763	6705	35001	0	0	0	0	0	0	0	0	0	27	378	1	379	1	380	1	0	0	0	0	0	0	0	0	0	0	0	0	0	0	1	60150	0	0	//풋내기투사+노련한투사+타락한투사 완료					
	468	2928	6728	2	2	6706	6717	36502	0	0	0	0	1	0	0	0	0	1	41012	1	0	0	0	0	0	0	0	0	0	0	0	0	0	0	0	0	0	0	1	60152	0	0	//연마된 슈제트의 선물_버서커					
	469	2928	6728	2	2	6706	6717	36502	0	0	0	0	2	0	0	0	0	1	41012	1	0	0	0	0	0	0	0	0	0	0	0	0	0	0	0	0	0	0	1	60153	0	0	//연마된 슈제트의 선물_드래곤					
	470	2928	6728	2	2	6706	6717	36502	0	0	0	0	3	0	0	0	0	1	41012	1	0	0	0	0	0	0	0	0	0	0	0	0	0	0	0	0	0	0	1	60154	0	0	//연마된 슈제트의 선물_섀도우					
	471	2928	6728	2	2	6706	6717	36502	0	0	0	0	4	0	0	0	0	1	41012	1	0	0	0	0	0	0	0	0	0	0	0	0	0	0	0	0	0	0	1	60155	0	0	//연마된 슈제트의 선물_발키리					
	472	2928	6728	2	2	6706	6717	36502	0	0	0	0	5	0	0	0	0	1	41012	1	0	0	0	0	0	0	0	0	0	0	0	0	0	0	0	0	0	0	1	60156	0	0	//연마된 슈제트의 선물_엘리멘탈					
	473	2928	6728	2	2	6707	6718	33259	0	0	0	0	0	0	0	0	0	1	41013	1	0	0	0	0	0	0	0	0	0	0	0	0	0	0	0	0	0	0	1	60157	0	0	//오크피그의 2차 헤드 파츠 교환					
	474	2928	6728	2	2	6708	6719	33259	0	0	0	0	0	0	0	0	0	1	41014	1	0	0	0	0	0	0	0	0	0	0	0	0	0	0	0	0	0	0	1	60158	0	0	//오크피그의 2차 바디 파츠 교환					
	475	2928	6728	2	2	6709	6720	33259	0	0	0	0	0	0	0	0	0	1	41015	1	0	0	0	0	0	0	0	0	0	0	0	0	0	0	0	0	0	0	1	60159	0	0	//오크피그의 2차 레그 파츠 교환					
	476	2928	6728	2	2	6710	6721	33259	0	0	0	0	0	0	0	0	0	1	41016	1	0	0	0	0	0	0	0	0	0	0	0	0	0	0	0	0	0	0	1	60160	0	0	//큰발표범의 2차 헤드 파츠 교환					
	477	2928	6728	2	2	6711	6722	33259	0	0	0	0	0	0	0	0	0	1	41017	1	0	0	0	0	0	0	0	0	0	0	0	0	0	0	0	0	0	0	1	60161	0	0	//큰발표범의 2차 바디 파츠 교환					
	478	2928	6728	2	2	6712	6723	33259	0	0	0	0	0	0	0	0	0	1	41018	1	0	0	0	0	0	0	0	0	0	0	0	0	0	0	0	0	0	0	1	60162	0	0	//큰발표범의 2차 레그 파츠 교환					
	479	2928	6728	2	2	6713	6724	33259	0	0	0	0	0	0	0	0	0	1	41008	1	0	0	0	0	0	0	0	0	0	0	0	0	0	0	0	0	0	0	1	60163	0	0	//로슈엘의 군마 헤드 파츠 교환권 					
	480	2928	6728	2	2	6714	6725	33259	0	0	0	0	0	0	0	0	0	1	41009	1	0	0	0	0	0	0	0	0	0	0	0	0	0	0	0	0	0	0	1	60164	0	0	//로슈엘의 군마 바디 파츠 교환권					
	481	2928	6728	2	2	6715	6726	33259	0	0	0	0	0	0	0	0	0	1	41010	1	0	0	0	0	0	0	0	0	0	0	0	0	0	0	0	0	0	0	1	60165	0	0	//로슈엘의 군마 레그 파츠 교환권					
	482	2928	6728	2	2	6716	6727	36501	0	0	0	0	1	0	0	0	0	1	41007	1	0	0	0	0	0	0	0	0	0	0	0	0	0	0	0	0	0	0	1	60166	0	0	//축복받은 슈제트의 선물_버서커					
	483	2928	6728	2	2	6716	6727	36501	0	0	0	0	2	0	0	0	0	1	41007	1	0	0	0	0	0	0	0	0	0	0	0	0	0	0	0	0	0	0	1	60167	0	0	//축복받은 슈제트의 선물_드래곤					
	484	2928	6728	2	2	6716	6727	36501	0	0	0	0	3	0	0	0	0	1	41007	1	0	0	0	0	0	0	0	0	0	0	0	0	0	0	0	0	0	0	1	60168	0	0	//축복받은 슈제트의 선물_섀도우					
	485	2928	6728	2	2	6716	6727	36501	0	0	0	0	4	0	0	0	0	1	41007	1	0	0	0	0	0	0	0	0	0	0	0	0	0	0	0	0	0	0	1	60169	0	0	//축복받은 슈제트의 선물_발키리					
	486	2928	6728	2	2	6716	6727	36501	0	0	0	0	5	0	0	0	0	1	41007	1	0	0	0	0	0	0	0	0	0	0	0	0	0	0	0	0	0	0	1	60170	0	0	//축복받은 슈제트의 선물_엘리멘탈					
	487	2928	47999	2	1	6729	7729	20101	0	0	0	0	0	0	0	0	0	32	1	3	0	0	0	0	0	0	0	0	0	0	0	0	0	0	0	0	0	0	0	0	0	0	//벨트헨 의회					
	488	2928	47999	2	1	6730	7730	20101	0	0	0	0	0	0	0	0	0	32	2	3	0	0	0	0	0	0	0	0	0	0	0	0	0	0	0	0	0	0	0	0	0	0	//벨트헨 경비단					
	489	2928	47999	2	1	6731	7731	20101	0	0	0	0	0	0	0	0	0	32	3	3	0	0	0	0	0	0	0	0	0	0	0	0	0	0	0	0	0	0	0	0	0	0	//신병교육대					
	490	2928	47999	2	1	6732	7732	20101	0	0	0	0	0	0	0	0	0	32	4	3	0	0	0	0	0	0	0	0	0	0	0	0	0	0	0	0	0	0	0	0	0	0	//잡화상인 연합					
	491	2928	47999	2	1	6733	7733	20102	0	0	0	0	0	0	0	0	0	32	5	3	0	0	0	0	0	0	0	0	0	0	0	0	0	0	0	0	0	0	0	0	0	0	//트링겔 의회					
	492	2928	47999	2	1	6734	7734	20102	0	0	0	0	0	0	0	0	0	32	6	3	0	0	0	0	0	0	0	0	0	0	0	0	0	0	0	0	0	0	0	0	0	0	//트링겔 경비단					
	493	2928	47999	2	1	6735	7735	20102	0	0	0	0	0	0	0	0	0	32	7	3	0	0	0	0	0	0	0	0	0	0	0	0	0	0	0	0	0	0	0	0	0	0	//지식의 전당					
	494	2928	47999	2	1	6736	7736	20102	0	0	0	0	0	0	0	0	0	32	8	3	0	0	0	0	0	0	0	0	0	0	0	0	0	0	0	0	0	0	0	0	0	0	//지하수로 발굴단					
	495	2928	47999	2	1	6737	7737	20103	0	0	0	0	0	0	0	0	0	32	9	3	0	0	0	0	0	0	0	0	0	0	0	0	0	0	0	0	0	0	0	0	0	0	//에텔레인의회					
	496	2928	47999	2	1	6738	7738	20103	0	0	0	0	0	0	0	0	0	32	10	3	0	0	0	0	0	0	0	0	0	0	0	0	0	0	0	0	0	0	0	0	0	0	//에텔레인 경비단					
	497	2928	47999	2	1	6739	7739	20103	0	0	0	0	0	0	0	0	0	32	11	3	0	0	0	0	0	0	0	0	0	0	0	0	0	0	0	0	0	0	0	0	0	0	//연금술의회					
	498	2928	47999	2	1	6740	7740	20103	0	0	0	0	0	0	0	0	0	32	12	3	0	0	0	0	0	0	0	0	0	0	0	0	0	0	0	0	0	0	0	0	0	0	//무역연합					
	499	2928	47999	2	1	6741	7741	20112	0	0	0	0	0	0	0	0	0	32	13	3	0	0	0	0	0	0	0	0	0	0	0	0	0	0	0	0	0	0	0	0	0	0	//아이올트 재건 위원회					
	500	2928	47999	2	1	6742	7742	20112	0	0	0	0	0	0	0	0	0	32	14	3	0	0	0	0	0	0	0	0	0	0	0	0	0	0	0	0	0	0	0	0	0	0	//아이올트 경비단					
	501	2928	47999	2	1	6743	7743	20112	0	0	0	0	0	0	0	0	0	32	15	3	0	0	0	0	0	0	0	0	0	0	0	0	0	0	0	0	0	0	0	0	0	0	//상조회사 ' 천국의 문'					
	502	2928	47999	2	1	6744	7744	20112	0	0	0	0	0	0	0	0	0	32	16	3	0	0	0	0	0	0	0	0	0	0	0	0	0	0	0	0	0	0	0	0	0	0	//해밀턴의 농장					
	503	2928	47999	2	1	6745	7745	20112	0	0	0	0	0	0	0	0	0	32	17	3	0	0	0	0	0	0	0	0	0	0	0	0	0	0	0	0	0	0	0	0	0	0	//애덤스의 탐사단					
	504	2928	47999	2	1	6746	7746	20113	0	0	0	0	0	0	0	0	0	32	18	3	0	0	0	0	0	0	0	0	0	0	0	0	0	0	0	0	0	0	0	0	0	0	//크롤리버사					
	505	2928	47999	2	1	6747	7747	20113	0	0	0	0	0	0	0	0	0	32	19	3	0	0	0	0	0	0	0	0	0	0	0	0	0	0	0	0	0	0	0	0	0	0	//라비모라					
	506	2928	47999	2	1	6748	7748	20113	0	0	0	0	0	0	0	0	0	32	20	3	0	0	0	0	0	0	0	0	0	0	0	0	0	0	0	0	0	0	0	0	0	0	//오크라 사제단					
	507	2928	47999	2	1	6749	7749	20113	0	0	0	0	0	0	0	0	0	32	21	3	0	0	0	0	0	0	0	0	0	0	0	0	0	0	0	0	0	0	0	0	0	0	//별을 따르는 사람들					
	508	2928	47999	2	1	6750	7750	20113	0	0	0	0	0	0	0	0	0	32	22	3	0	0	0	0	0	0	0	0	0	0	0	0	0	0	0	0	0	0	0	0	0	0	//얼굴없는 사내들					
	509	2928	47999	2	1	6751	7751	20113	0	0	0	0	0	0	0	0	0	32	23	3	0	0	0	0	0	0	0	0	0	0	0	0	0	0	0	0	0	0	0	0	0	0	//늪지대의 수호자들					
	510	2928	47999	2	1	6752	7752	20113	0	0	0	0	0	0	0	0	0	32	24	3	0	0	0	0	0	0	0	0	0	0	0	0	0	0	0	0	0	0	0	0	0	0	//헬론 탐사단					
//	511	2928	47999	2	1	6752	6727	20113	0	0	0	0	0	0	0	0	0	33	5	1	0	0	0	0	0	0	0	0	0	0	0	0	0	0	0	0	0	0	0	0	0	0	//명성달성 위대함 1개					
//	512	2928	47999	2	1	6752	6727	20113	0	0	0	0	0	0	0	0	0	34	3	20	0	0	0	0	0	0	0	0	0	0	0	0	0	0	0	0	0	0	0	0	0	0	//평판달성 매우좋음 20개					
//	위업 - 장비평점																																															
	513	2928	47999	2	1	155847	158847	35002	0	0	0	0	0	0	0	0	0	30	1000	1	0	0	0	0	0	0	0	0	0	0	0	0	0	0	0	0	0	0	0	0	0	0	//장비 평점 1000점 달성					
	514	2928	47999	2	1	155848	158848	35002	0	0	0	0	0	513	0	0	0	30	2000	1	0	0	0	0	0	0	0	0	0	0	0	0	0	0	0	0	0	0	0	0	0	0	//장비 평점 2000점 달성					
	515	2928	47999	2	1	155849	158849	35002	0	0	0	0	0	514	0	0	0	30	3000	1	0	0	0	0	0	0	0	0	0	0	0	0	0	0	0	0	0	0	0	0	0	0	//장비 평점 3000점 달성					
	516	2928	47999	2	1	155850	158850	35002	0	0	0	0	0	515	0	0	0	30	4000	1	0	0	0	0	0	0	0	0	0	0	0	0	0	0	0	0	0	0	0	0	0	0	//장비 평점 4000점 달성					
	517	2928	47999	2	1	155851	158851	35002	0	0	0	0	0	516	0	0	0	30	5000	1	0	0	0	0	0	0	0	0	0	0	0	0	0	0	0	0	0	0	0	0	0	0	//장비 평점 5000점 달성					
	518	2928	47999	2	1	155852	158852	35002	0	0	0	0	0	517	0	0	0	30	6000	1	0	0	0	0	0	0	0	0	0	0	0	0	0	0	0	0	0	0	0	0	0	0	//장비 평점 6000점 달성					
	519	2928	47999	2	1	155853	158853	35002	0	0	0	0	0	518	0	0	0	30	7000	1	0	0	0	0	0	0	0	0	0	0	0	0	0	0	0	0	0	0	0	0	0	0	//장비 평점 7000점 달성					
	520	2928	47999	2	1	155854	158854	35002	0	0	0	0	0	519	0	0	0	30	8000	1	0	0	0	0	0	0	0	0	0	0	0	0	0	0	0	0	0	0	0	0	0	0	//장비 평점 8000점 달성					
	521	2928	47999	2	1	155855	158855	35002	0	0	0	0	0	520	0	0	0	30	9000	1	0	0	0	0	0	0	0	0	0	0	0	0	0	0	0	0	0	0	0	0	0	0	//장비 평점 9000점 달성					
	522	2928	47999	2	1	155856	158856	35100	0	0	0	0	0	521	0	0	0	30	10000	1	0	0	0	0	0	0	0	0	0	0	0	0	0	0	0	0	0	0	0	0	0	0	//장비 평점 10000점 달성					
	597	2928	47999	2	1	155857	158857	35100	0	0	0	0	0	522	0	0	0	30	15000	1	0	0	0	0	0	0	0	0	0	0	0	0	0	0	0	0	0	0	1	60490	0	0	//장비 평점 15000점 달성					
	598	2928	47999	2	1	155858	158858	35100	0	0	0	0	0	597	0	0	0	30	20000	1	0	0	0	0	0	0	0	0	0	0	0	0	0	0	0	0	0	0	1	60491	0	0	//장비 평점 20000점 달성					
	599	2928	47999	2	1	155900	158900	35100	0	0	0	0	0	598	0	0	0	30	30000	1	0	0	0	0	0	0	0	0	0	0	0	0	0	0	0	0	0	0	1	60492	0	0	//장비 평점 30000점 달성					
//	2011크리스마스이벤트																																															
//	523	2928	47998	2	5	90999	92999	64508	0	0	0	0	0	0	0	0	0	7	213	1	0	0	0	0	0	0	0	0	0	0	0	0	0	0	0	0	0	0	1	4706	0	0	//2011_크리스마스_파업의루돌프_1회_완료					
//	524	2928	47998	2	5	91000	93000	64517	0	0	0	0	0	0	0	0	0	7	214	12	0	0	0	0	0	0	0	0	0	0	0	0	0	0	0	0	0	0	1	4707	0	0	//2011_크리스마스_지속적인파업_12회완료_칭호_해결사					
//	위업 - 최고인첸트달성																																															
//	525	2928	47999	2	1	155880	158880	12401	0	0	0	0	1	0	0	0	0	41	53001	15	53002	15	53003	15	53004	15	53005	15	53006	15	53007	15	53008	15	0	0	0	0	0	0	0	0	//미완의엘리트아이템+15인첸트달성					
//	526	2928	47999	2	1	155881	158881	12409	0	0	0	0	2	0	0	0	0	41	53009	15	53010	15	53011	15	53012	15	53013	15	53014	15	53015	15	53016	15	0	0	0	0	0	0	0	0	//미완의엘리트아이템+15인첸트달성					
//	527	2928	47999	2	1	155882	158882	12417	0	0	0	0	3	0	0	0	0	41	53017	15	53018	15	53019	15	53020	15	53021	15	53022	15	53023	15	53024	15	0	0	0	0	0	0	0	0	//미완의엘리트아이템+15인첸트달성_셰도우					
//	528	2928	47999	2	1	155883	158883	12425	0	0	0	0	4	0	0	0	0	41	53025	15	53026	15	53027	15	53028	15	53029	15	53030	15	53031	15	53032	15	0	0	0	0	0	0	0	0	//미완의엘리트아이템+15인첸트달성_발키리					
//	529	2928	47999	2	1	155884	158884	12433	0	0	0	0	5	0	0	0	0	41	53033	15	53034	15	53035	15	53036	15	53037	15	53038	15	53039	15	53040	15	0	0	0	0	0	0	0	0	//미완의엘리트아이템+15인첸트달성_엘리멘탈					
//	615	2928	47999	2	1	11565	12565	14267	0	0	0	0	6	0	0	0	0	41	51351	15	51352	15	51353	15	51354	15	51355	15	51356	15	51357	15	51358	15	0	0	0	0	0	0	0	0	//미완의엘리트아이템+15인첸트달성_미스틱					
//	573	2928	47999	2	1	155885	158885	12401	0	0	0	0	1	0	0	0	0	41	51000	15	51028	15	51001	15	51002	15	51003	15	51004	15	51005	15	51006	15	0	0	0	0	0	0	0	0	//엘리트1차아이템+15인첸트달성(버서커)					
//	574	2928	47999	2	1	155886	158886	12409	0	0	0	0	2	0	0	0	0	41	51007	15	51029	15	51008	15	51009	15	51010	15	51011	15	51012	15	51013	15	0	0	0	0	0	0	0	0	//엘리트1차아이템+15인첸트달성_드나					
//	575	2928	47999	2	1	155887	158887	12417	0	0	0	0	3	0	0	0	0	41	51091	15	51092	15	51093	15	51094	15	51095	15	51096	15	51097	15	51098	15	0	0	0	0	0	0	0	0	//엘리트1차아이템+15인첸트달성_셰도우					
//	576	2928	47999	2	1	155888	158888	12425	0	0	0	0	4	0	0	0	0	41	51021	15	51031	15	51022	15	51023	15	51024	15	51025	15	51026	15	51027	15	0	0	0	0	0	0	0	0	//엘리트1차아이템+15인첸트달성_발키리					
//	577	2928	47999	2	1	155889	158889	12433	0	0	0	0	5	0	0	0	0	41	51014	15	51030	15	51015	15	51016	15	51017	15	51018	15	51019	15	51020	15	0	0	0	0	0	0	0	0	//엘리트1차아이템+15인첸트달성_엘리멘탈					
//	616	2928	47999	2	1	11566	12566	14267	0	0	0	0	6	0	0	0	0	41	51359	15	51360	15	51361	15	51362	15	51363	15	51364	15	51365	15	51366	15	0	0	0	0	0	0	0	0	//엘리트1차아이템+15인첸트달성_미스틱					
//	695	2928	47999	2	1	12560	12561	14649	0	0	0	0	7	0	0	0	0	41	51655	15	51656	15	51657	15	51658	15	51659	15	51660	15	51661	15	51662	15	0	0	0	0	0	0	0	0	//엘리트1차아이템+15인첸트달성_헬로이드					
//	928	2928	47999	2	1	12536	12540	12655	0	0	0	0	8	0	0	0	0	41	57009	15	57010	15	57011	15	57012	15	57013	15	57014	15	57015	15	57016	15	0	0	0	0	0	0	0	0	//엘리트1차아이템+15인첸트달성_위치블레이드					
//	578	2928	47999	2	1	155890	158890	12441	0	0	0	0	1	0	0	0	0	41	51036	15	51037	15	51038	15	51039	15	51040	15	51041	15	51042	15	51043	15	0	0	0	0	0	0	0	0	//엘리트1.5차아이템+15인첸트달성(버서커)					
//	579	2928	47999	2	1	155891	158891	12449	0	0	0	0	2	0	0	0	0	41	51044	15	51045	15	51046	15	51047	15	51048	15	51049	15	51050	15	51051	15	0	0	0	0	0	0	0	0	//엘리트1.5차아이템+15인첸트달성_드나					
//	580	2928	47999	2	1	155892	158892	12457	0	0	0	0	3	0	0	0	0	41	51068	15	51069	15	51070	15	51071	15	51072	15	51073	15	51074	15	51075	15	0	0	0	0	0	0	0	0	//엘리트1.5차아이템+15인첸트달성_셰도우					
//	581	2928	47999	2	1	155893	158893	12465	0	0	0	0	4	0	0	0	0	41	51060	15	51061	15	51062	15	51063	15	51064	15	51065	15	51066	15	51067	15	0	0	0	0	0	0	0	0	//엘리트1.5차아이템+15인첸트달성_발키리					
//	582	2928	47999	2	1	155894	158894	12473	0	0	0	0	5	0	0	0	0	41	51052	15	51053	15	51054	15	51055	15	51056	15	51057	15	51058	15	51059	15	0	0	0	0	0	0	0	0	//엘리트1.5차아이템+15인첸트달성_엘리멘탈					
//	617	2928	47999	2	1	11567	12567	14285	0	0	0	0	6	0	0	0	0	41	51367	15	51368	15	51369	15	51370	15	51371	15	51372	15	51373	15	51374	15	0	0	0	0	0	0	0	0	//엘리트1.5차아이템+15인첸트달성_미스틱					
//	696	2928	47999	2	1	12562	12563	14657	0	0	0	0	7	0	0	0	0	41	51663	15	51664	15	51665	15	51666	15	51667	15	51668	15	51669	15	51670	15	0	0	0	0	0	0	0	0	//엘리트1.5차아이템+15인첸트달성_헬로이드					
//	929	2928	47999	2	1	12537	12541	12663	0	0	0	0	8	0	0	0	0	41	57017	15	57018	15	57019	15	57020	15	57021	15	57022	15	57023	15	57024	15	0	0	0	0	0	0	0	0	//엘리트1.5차아이템+15인첸트달성_위치블레이드					
//	583	2928	47999	2	1	155895	158895	12481	0	0	0	0	1	0	0	0	0	41	51217	15	51218	15	51219	15	51220	15	51221	15	51222	15	51223	15	51224	15	0	0	0	0	0	0	0	0	//엘리트2차아이템+15인첸트달성(버서커)					
//	584	2928	47999	2	1	155896	158896	12489	0	0	0	0	2	0	0	0	0	41	51225	15	51226	15	51227	15	51228	15	51229	15	51230	15	51231	15	51232	15	0	0	0	0	0	0	0	0	//엘리트2차아이템+15인첸트달성_드나					
//	585	2928	47999	2	1	155897	158897	12497	0	0	0	0	3	0	0	0	0	41	51249	15	51250	15	51251	15	51252	15	51253	15	51254	15	51255	15	51256	15	0	0	0	0	0	0	0	0	//엘리트2차아이템+15인첸트달성_셰도우					
//	586	2928	47999	2	1	155898	158898	12505	0	0	0	0	4	0	0	0	0	41	51241	15	51242	15	51243	15	51244	15	51245	15	51246	15	51247	15	51248	15	0	0	0	0	0	0	0	0	//엘리트2차아이템+15인첸트달성_발키리					
//	587	2928	47999	2	1	155899	158899	12513	0	0	0	0	5	0	0	0	0	41	51233	15	51234	15	51235	15	51236	15	51237	15	51238	15	51239	15	51240	15	0	0	0	0	0	0	0	0	//엘리트2차아이템+15인첸트달성_엘리멘탈					
//	618	2928	47999	2	1	11568	12568	14293	0	0	0	0	6	0	0	0	0	41	51375	15	51376	15	51377	15	51378	15	51379	15	51380	15	51381	15	51382	15	0	0	0	0	0	0	0	0	//엘리트2차아이템+15인첸트달성_미스틱					
//	697	2928	47999	2	1	12606	12607	14665	0	0	0	0	7	0	0	0	0	41	51671	15	51672	15	51673	15	51674	15	51675	15	51676	15	51677	15	51678	15	0	0	0	0	0	0	0	0	//엘리트2차아이템+15인첸트달성_헬로이드					
//	930	2928	47999	2	1	12538	12542	12671	0	0	0	0	8	0	0	0	0	41	57025	15	57026	15	57027	15	57028	15	57029	15	57030	15	57031	15	57032	15	0	0	0	0	0	0	0	0	//엘리트2차아이템+15인첸트달성_위치블레이드					
//	640	2928	47999	2	1	11555	12555	3008	0	0	0	0	1	0	0	0	0	41	51503	15	51504	15	51505	15	51506	15	51507	15	51508	15	51509	15	51510	15	0	0	0	0	0	0	0	0	//엘리트3차아이템+15인첸트달성(버서커)					
//	641	2928	47999	2	1	11556	12556	3016	0	0	0	0	2	0	0	0	0	41	51511	15	51512	15	51513	15	51514	15	51515	15	51516	15	51517	15	51518	15	0	0	0	0	0	0	0	0	//엘리트3차아이템+15인첸트달성_드나					
//	642	2928	47999	2	1	11557	12557	3024	0	0	0	0	5	0	0	0	0	41	51519	15	51520	15	51521	15	51522	15	51523	15	51524	15	51525	15	51526	15	0	0	0	0	0	0	0	0	//엘리트3차아이템+15인첸트달성_엘리멘탈					
//	643	2928	47999	2	1	11558	12558	3032	0	0	0	0	4	0	0	0	0	41	51527	15	51528	15	51529	15	51530	15	51531	15	51532	15	51533	15	51534	15	0	0	0	0	0	0	0	0	//엘리트3차아이템+15인첸트달성_발키리					
//	644	2928	47999	2	1	11559	12559	3040	0	0	0	0	3	0	0	0	0	41	51535	15	51536	15	51537	15	51538	15	51539	15	51540	15	51541	15	51542	15	0	0	0	0	0	0	0	0	//엘리트3차아이템+15인첸트달성_셰도우					
//	645	2928	47999	2	1	11548	12548	3048	0	0	0	0	6	0	0	0	0	41	51543	15	51544	15	51545	15	51546	15	51547	15	51548	15	51549	15	51550	15	0	0	0	0	0	0	0	0	//엘리트3차아이템+15인첸트달성_미스틱					
//	698	2928	47999	2	1	11545	11546	14700	0	0	0	0	7	0	0	0	0	41	51687	15	51688	15	51689	15	51690	15	51691	15	51692	15	51693	15	51694	15	0	0	0	0	0	0	0	0	//엘리트3차아이템+15인첸트달성_헬로이드					
//	931	2928	47999	2	1	12539	12543	12687	0	0	0	0	8	0	0	0	0	41	57041	15	57042	15	57043	15	57044	15	57045	15	57046	15	57047	15	57048	15	0	0	0	0	0	0	0	0	//엘리트3차아이템+15인첸트달성_헬로이드					
//	2012중국구정이벤트																																															
//	545	2928	47998	2	5	6786	6787	90307	0	0	0	0	0	0	0	0	0	1	49539	100	49540	100	49541	100	49542	100	0	0	0	0	0	0	0	0	0	0	0	0	1	11020	0	0	//2012_중국구정이벤트_불꽃아이템사용_칭호_설날의사자					
//	1201 영원성의 지대 퀘스트 칭호																																															
	589	2928	6728	2	2	6888	6892	64508	0	0	0	0	0	0	0	0	0	27	590	1	591	1	592	1	593	1	0	0	0	0	0	0	0	0	0	0	0	0	1	4752	0	0	//신목의 수호자					
	590	2928	6728	2	2	6885	6889	64508	0	0	0	0	0	0	0	0	0	1	41445	1	0	0	0	0	0	0	0	0	0	0	0	0	0	0	0	0	0	0	1	4753	0	0	//씨앗 모으기					
	591	2928	6728	2	2	6886	6890	64508	0	0	0	0	0	0	0	0	0	1	41446	1	0	0	0	0	0	0	0	0	0	0	0	0	0	0	0	0	0	0	1	4754	0	0	//영원성의 정원사					
	592	2928	6728	2	2	6887	6891	64508	0	0	0	0	0	0	0	0	0	1	41447	1	0	0	0	0	0	0	0	0	0	0	0	0	0	0	0	0	0	0	1	4755	0	0	//숲의 관리인					
	593	2928	6728	2	2	6888	6892	64508	0	0	0	0	0	0	0	0	0	1	41448	1	0	0	0	0	0	0	0	0	0	0	0	0	0	0	0	0	0	0	1	4756	0	0	//신목의 수호자					
//	2012발렌타인데이이벤트																																															
//	594	2928	47998	2	5	6790	6789	90309	0	0	0	0	0	0	0	0	0	9	49546	10	0	0	0	0	0	0	0	0	0	0	0	0	0	0	0	0	0	0	1	11021	0	0	//2012_중국발렌타인데이이벤트_약혼반지수집_칭호_사랑에빠진					
//	595	2928	6728	2	2	6895	6896	90291	0	0	0	0	0	0	0	0	0	7	1151	1	1152	1	1153	1	1154	1	1155	1	0	0	0	0	0	0	0	0	0	0	0	0	0	0	//중국슈퍼퀘스트_1단계완료					
//	596	2928	6728	2	2	6897	6898	90291	0	0	0	0	0	0	0	0	0	7	1156	100	1157	100	1158	100	1159	100	1160	100	0	0	0	0	0	0	0	0	0	0	1	11022	0	0	//중국슈퍼퀘스트_2단계완료_칭호_마야가아깝지않은					
//	1203 아스토레아 협곡 퀘스트																																															
	619	2928	6728	2	2	90232	92232	35002	0	0	0	0	0	0	0	0	0	1	41517	10	0	0	0	0	0	0	0	0	0	0	0	0	0	0	0	0	0	0	1	4810	0	0	//공격단장의 훈장 10개					
	620	2928	6728	2	2	90233	92233	35002	0	0	0	0	0	619	0	0	0	1	41517	30	0	0	0	0	0	0	0	0	0	0	0	0	0	0	0	0	0	0	1	4811	0	0	//공격단장의 훈장 30개					
	621	2928	6728	2	2	90235	92235	35002	0	0	0	0	0	620	0	0	0	1	41517	70	0	0	0	0	0	0	0	0	0	0	0	0	0	0	0	0	0	0	1	4812	0	0	//공격단장의 훈장 70개					
	622	2928	6728	2	2	90237	92237	35002	0	0	0	0	0	621	0	0	0	1	41517	110	0	0	0	0	0	0	0	0	0	0	0	0	0	0	0	0	0	0	1	4813	0	0	//공격단장의 훈장 110개					
	623	2928	6728	2	2	90239	92239	35002	0	0	0	0	0	622	0	0	0	1	41517	150	0	0	0	0	0	0	0	0	0	0	0	0	0	0	0	0	0	0	1	4814	0	0	//공격단장의 훈장 150개					
	624	2928	6728	2	2	90231	92231	36883	0	0	0	0	0	623	0	0	0	1	41517	200	0	0	0	0	0	0	0	0	0	0	0	0	0	0	0	0	0	0	1	4815	0	0	//아스토레아의 지배자					
	625	2928	6728	2	2	90242	92242	35100	0	0	0	0	0	0	0	0	0	7	217	10	0	0	0	0	0	0	0	0	0	0	0	0	0	0	0	0	0	0	1	4816	0	0	//카르나투스 정예병					
	626	2928	6728	2	2	90243	92243	32822	0	0	0	0	0	0	0	0	0	7	215	15	0	0	0	0	0	0	0	0	0	0	0	0	0	0	0	0	0	0	1	4817	0	0	//악마의 씨앗					
	627	2928	6728	2	2	90244	92244	34094	0	0	0	0	0	0	0	0	0	1	41512	1	41513	1	41514	1	41515	1	41516	1	0	0	0	0	0	0	0	0	0	0	1	4818	0	0	//골동품 수집가					
//	2012중국구정이벤트																																															
//	628	2928	47998	2	5	6899	6900	25130	0	0	0	0	0	0	0	0	0	1	49573	50	0	0	0	0	0	0	0	0	0	0	0	0	0	0	0	0	0	0	1	11034	0	0	//2012_중국구슬이벤트_생명의샘사용_칭호_일공성명					
//	629	2928	47998	2	5	6904	6905	25018	0	0	0	0	0	0	0	0	0	1	6766	20	0	0	0	0	0	0	0	0	0	0	0	0	0	0	0	0	0	0	1	11036	0	0	//2012_중국국경절이벤트_국경쾌락사용_칭호_보호자					
//	630	2928	47998	2	5	6906	6907	25099	0	0	0	0	0	0	0	0	0	1	6836	50	6837	50	6838	50	6839	50	0	0	0	0	0	0	0	0	0	0	0	0	1	11037	0	0	//2012_중국추석이벤트_송편사용_칭호_항아수호자					
//	일일퀘스트_미스틱보상																																															
	631	2928	6728	2	2	6706	6717	36502	0	0	0	0	6	0	0	0	0	1	41012	1	0	0	0	0	0	0	0	0	0	0	0	0	0	0	0	0	0	0	1	60500	0	0	//연마된 슈제트의 선물_미스틱					
	632	2928	6728	2	2	6716	6727	36501	0	0	0	0	6	0	0	0	0	1	41007	1	0	0	0	0	0	0	0	0	0	0	0	0	0	0	0	0	0	0	1	60501	0	0	//축복받은 슈제트의 선물_미스틱					
	699	2928	6728	2	2	6706	6717	36502	0	0	0	0	7	0	0	0	0	1	41012	1	0	0	0	0	0	0	0	0	0	0	0	0	0	0	0	0	0	0	1	65120	0	0	//연마된 슈제트의 선물_헬로이드_헬로이드					
	700	2928	6728	2	2	6716	6727	36501	0	0	0	0	7	0	0	0	0	1	41007	1	0	0	0	0	0	0	0	0	0	0	0	0	0	0	0	0	0	0	1	65121	0	0	//축복받은 슈제트의 선물_헬로이드_헬로이드					
	952	2928	6728	2	2	6706	6717	36502	0	0	0	0	8	0	0	0	0	1	41012	1	0	0	0	0	0	0	0	0	0	0	0	0	0	0	0	0	0	0	1	65206	0	0	//연마된 슈제트의 선물_헬로이드_위치블레이드					
	953	2928	6728	2	2	6716	6727	36501	0	0	0	0	8	0	0	0	0	1	41007	1	0	0	0	0	0	0	0	0	0	0	0	0	0	0	0	0	0	0	1	65207	0	0	//축복받은 슈제트의 선물_헬로이드_위치블레이드					
//	633	2928	47998	2	5	6828	6829	90307	0	0	0	0	0	0	0	0	0	1	6827	250	6828	250	6829	250	6830	250	0	0	0	0	0	0	0	0	0	0	0	0	1	11040	0	0	//2013_중국구정이벤트_아이템사용_칭호_사형천하					
//	1302 자피르 격전지 ac																																															
	652	2928	60901	2	4	11910	12910	35002	0	0	0	0	0	0	0	0	0	27	657	1	660	1	663	1	0	0	0	0	0	0	0	0	0	0	0	0	0	0	1	65065	0	0	//전장의 제왕			칭호: 전장의 제왕		
	653	2928	60901	2	4	11911	12911	35002	0	0	0	0	0	0	0	0	0	42	40050	100	0	0	0	0	0	0	0	0	0	0	0	0	0	0	0	0	0	0	1	65058	0	0	//자피르격전지 100승					
	654	2928	60901	2	4	11912	12912	35002	0	0	0	0	0	653	0	0	0	42	40050	200	0	0	0	0	0	0	0	0	0	0	0	0	0	0	0	0	0	0	1	65059	0	0	//자피르격전지 200승					
	655	2928	60901	2	4	11913	12913	35002	0	0	0	0	0	654	0	0	0	42	40050	300	0	0	0	0	0	0	0	0	0	0	0	0	0	0	0	0	0	0	1	65060	0	0	//자피르격전지 300승					
	656	2928	60901	2	4	11914	12914	35002	0	0	0	0	0	655	0	0	0	42	40050	400	0	0	0	0	0	0	0	0	0	0	0	0	0	0	0	0	0	0	1	65061	0	0	//자피르격전지 400승					
	657	2928	60901	2	4	11915	12915	35002	0	0	0	0	0	656	0	0	0	42	40050	500	0	0	0	0	0	0	0	0	0	0	0	0	0	0	0	0	0	0	1	65062	0	0	//자피르격전지 500승			칭호: 전장의 지배자		
	658	2928	60901	2	4	11916	12916	35002	0	0	0	0	0	0	0	0	0	43	40050	100	0	0	0	0	0	0	0	0	0	0	0	0	0	0	0	0	0	0	0	0	0	0	//자피르격전지 거점 공격 100회					
	659	2928	60901	2	4	11917	12917	35002	0	0	0	0	0	658	0	0	0	43	40050	300	0	0	0	0	0	0	0	0	0	0	0	0	0	0	0	0	0	0	0	0	0	0	//자피르격전지 거점 공격 300회					
	660	2928	60901	2	4	11918	12918	35002	0	0	0	0	0	659	0	0	0	43	40050	500	0	0	0	0	0	0	0	0	0	0	0	0	0	0	0	0	0	0	1	65063	0	0	//자피르격전지 거점 공격 500회			칭호: 공격의 귀재		
	661	2928	60901	2	4	11919	12919	35002	0	0	0	0	0	0	0	0	0	44	40050	100	0	0	0	0	0	0	0	0	0	0	0	0	0	0	0	0	0	0	0	0	0	0	//자피르격전지 거점 방어 100회					
	662	2928	60901	2	4	11920	12920	35002	0	0	0	0	0	661	0	0	0	44	40050	300	0	0	0	0	0	0	0	0	0	0	0	0	0	0	0	0	0	0	0	0	0	0	//자피르격전지 거점 방어 300회					
	663	2928	60901	2	4	11921	12921	35002	0	0	0	0	0	662	0	0	0	44	40050	500	0	0	0	0	0	0	0	0	0	0	0	0	0	0	0	0	0	0	1	65064	0	0	//자피르격전지 거점 방어 500회			칭호: 수성의 달인		
	736	2928	60901	2	4	11926	12910	35002	0	0	0	0	0	0	0	0	0	27	653	1	658	1	661	1	0	0	0	0	0	0	0	0	0	0	0	0	0	0	1	65180	0	0	//자피르를 붉게 물들인 자 (100승. 공격 100회. 방어 100회)			뱃지 아이템 [자피르 전사의 증표]		
//	1303 월드랭킹-위업																																															
	664	2928	47999	2	1	11927	12927	90201	0	0	0	0	0	0	0	0	0	1	7625	1	0	0	0	0	0	0	0	0	0	0	0	0	0	0	0	0	0	0	1	65102	0	0	//월드랭킹 우승자1					
	665	2928	47999	2	1	11928	12928	90201	0	0	0	0	0	664	0	0	0	1	7625	2	0	0	0	0	0	0	0	0	0	0	0	0	0	0	0	0	0	0	1	65103	0	0	//월드랭킹 우승자2					
	666	2928	47999	2	1	11929	12929	90201	0	0	0	0	0	665	0	0	0	1	7625	4	0	0	0	0	0	0	0	0	0	0	0	0	0	0	0	0	0	0	1	65104	0	0	//월드랭킹 우승자3					
	667	2928	47999	2	1	11930	12930	90201	0	0	0	0	0	666	0	0	0	1	7625	6	0	0	0	0	0	0	0	0	0	0	0	0	0	0	0	0	0	0	1	65105	0	0	//월드랭킹 우승자4					
	668	2928	47999	2	1	11931	12931	90201	0	0	0	0	0	667	0	0	0	1	7625	8	0	0	0	0	0	0	0	0	0	0	0	0	0	0	0	0	0	0	1	65106	0	0	//월드랭킹 우승자5					
	669	2928	47999	2	1	11932	12932	90201	0	0	0	0	0	668	0	0	0	1	7625	10	0	0	0	0	0	0	0	0	0	0	0	0	0	0	0	0	0	0	1	65107	0	0	//월드랭킹 우승자6					
	670	2928	47999	2	1	11933	12933	90201	0	0	0	0	0	669	0	0	0	1	7625	14	0	0	0	0	0	0	0	0	0	0	0	0	0	0	0	0	0	0	1	65108	0	0	//월드랭킹 우승자7					
	671	2928	47999	2	1	11934	12934	90201	0	0	0	0	0	670	0	0	0	1	7625	18	0	0	0	0	0	0	0	0	0	0	0	0	0	0	0	0	0	0	1	65109	0	0	//월드랭킹 우승자8					
	672	2928	47999	2	1	11935	12935	90201	0	0	0	0	0	671	0	0	0	1	7625	22	0	0	0	0	0	0	0	0	0	0	0	0	0	0	0	0	0	0	1	65110	0	0	//월드랭킹 우승자9					
	673	2928	47999	2	1	11936	12936	90201	0	0	0	0	0	672	0	0	0	1	7625	26	0	0	0	0	0	0	0	0	0	0	0	0	0	0	0	0	0	0	1	65111	0	0	//월드랭킹 우승자10					
	674	2928	47999	2	1	11937	12937	90201	0	0	0	0	0	673	0	0	0	1	7625	30	0	0	0	0	0	0	0	0	0	0	0	0	0	0	0	0	0	0	1	65112	0	0	//월드랭킹 우승자11					
	675	2928	47999	2	1	11938	12938	90201	0	0	0	0	0	674	0	0	0	1	7625	34	0	0	0	0	0	0	0	0	0	0	0	0	0	0	0	0	0	0	1	65113	0	0	//월드랭킹 우승자12					
	676	2928	47999	2	1	11939	12939	90201	0	0	0	0	0	675	0	0	0	1	7625	38	0	0	0	0	0	0	0	0	0	0	0	0	0	0	0	0	0	0	1	65114	0	0	//월드랭킹 우승자13					
	677	2928	47999	2	1	11940	12940	90201	0	0	0	0	0	676	0	0	0	1	7625	42	0	0	0	0	0	0	0	0	0	0	0	0	0	0	0	0	0	0	1	65115	0	0	//월드랭킹 우승자14					
	678	2928	47999	2	1	11941	12941	90201	0	0	0	0	0	677	0	0	0	1	7625	46	0	0	0	0	0	0	0	0	0	0	0	0	0	0	0	0	0	0	1	65116	0	0	//월드랭킹 우승자15					
	679	2928	47999	2	1	11942	12942	90201	0	0	0	0	0	678	0	0	0	1	7625	50	0	0	0	0	0	0	0	0	0	0	0	0	0	0	0	0	0	0	1	65117	0	0	//월드랭킹 우승자16					
//	1303 월드랭킹-위업																																															
	740	2928	60901	2	4	11976	12910	35002	0	0	0	0	0	0	0	0	0	27	746	1	749	1	752	1	0	0	0	0	0	0	0	0	0	0	0	0	0	0	1	65176	0	0	//혹한의 제왕(500승. 공격 500회. 방어 500회 달성)			칭호: 혹한의 제왕		
	742	2928	60901	2	4	11948	12948	35002	0	0	0	0	0	0	0	0	0	42	40060	100	0	0	0	0	0	0	0	0	0	0	0	0	0	0	0	0	0	0	1	65058	0	0	//서리격전지 100승					
	743	2928	60901	2	4	11949	12949	35002	0	0	0	0	0	742	0	0	0	42	40060	200	0	0	0	0	0	0	0	0	0	0	0	0	0	0	0	0	0	0	1	65059	0	0	//서리격전지 200승					
	744	2928	60901	2	4	11950	12950	35002	0	0	0	0	0	743	0	0	0	42	40060	300	0	0	0	0	0	0	0	0	0	0	0	0	0	0	0	0	0	0	1	65060	0	0	//서리격전지 300승					
	745	2928	60901	2	4	11951	12951	35002	0	0	0	0	0	744	0	0	0	42	40060	400	0	0	0	0	0	0	0	0	0	0	0	0	0	0	0	0	0	0	1	65061	0	0	//서리격전지 400승					
	746	2928	60901	2	4	11952	12952	35002	0	0	0	0	0	745	0	0	0	42	40060	500	0	0	0	0	0	0	0	0	0	0	0	0	0	0	0	0	0	0	1	65133	0	0	//서리격전지 500승			칭호:혹한의 지배자		
	747	2928	60901	2	4	11970	12970	35002	0	0	0	0	0	0	0	0	0	43	40060	100	0	0	0	0	0	0	0	0	0	0	0	0	0	0	0	0	0	0	0	0	0	0	//서리격전지 거점 공격 100회					
	748	2928	60901	2	4	11971	12971	35002	0	0	0	0	0	747	0	0	0	43	40060	300	0	0	0	0	0	0	0	0	0	0	0	0	0	0	0	0	0	0	0	0	0	0	//서리격전지 거점 공격 300회					
	749	2928	60901	2	4	11972	12972	35002	0	0	0	0	0	748	0	0	0	43	40060	500	0	0	0	0	0	0	0	0	0	0	0	0	0	0	0	0	0	0	1	65177	0	0	//서리격전지 거점 공격 500회			칭호: 꺾이지 않는 창		
	750	2928	60901	2	4	11973	12973	35002	0	0	0	0	0	0	0	0	0	44	40060	100	0	0	0	0	0	0	0	0	0	0	0	0	0	0	0	0	0	0	0	0	0	0	//서리격전지 거점 방어 100회					
	751	2928	60901	2	4	11974	12974	35002	0	0	0	0	0	750	0	0	0	44	40060	300	0	0	0	0	0	0	0	0	0	0	0	0	0	0	0	0	0	0	0	0	0	0	//서리격전지 거점 방어 300회					
	752	2928	60901	2	4	11975	12975	35002	0	0	0	0	0	750	0	0	0	44	40060	500	0	0	0	0	0	0	0	0	0	0	0	0	0	0	0	0	0	0	1	65178	0	0	//서리격전지 거점 방어 500회			칭호: 뚫리지 않는 방패		
	753	2928	60901	2	4	11977	12910	35002	0	0	0	0	0	0	0	0	0	27	742	1	747	1	750	1	0	0	0	0	0	0	0	0	0	0	0	0	0	0	1	65179	0	0	//설원을 붉게 물들인 자 (100승. 공격 100회. 방어 100회)			뱃지 아이템 [자피르 전사의 증표]		
//	1401 퀘스트 ac																																															
	701	2928	6728	2	2	90250	92250	34175	0	0	0	0	0	0	0	0	0	1	41599	3	0	0	0	0	0	0	0	0	0	0	0	0	0	0	0	0	0	0	1	4912	0	0	//알레한드라의보답1					
	702	2928	6728	2	2	90251	92250	34175	0	0	0	0	0	701	0	0	0	1	41599	10	0	0	0	0	0	0	0	0	0	0	0	0	0	0	0	0	0	0	1	4913	0	0	//알레한드라의보답2					
	703	2928	6728	2	2	90252	92250	34175	0	0	0	0	0	702	0	0	0	1	41599	20	0	0	0	0	0	0	0	0	0	0	0	0	0	0	0	0	0	0	1	4914	0	0	//알레한드라의보답3					
	704	2928	6728	2	2	90253	92250	34175	0	0	0	0	0	703	0	0	0	1	41599	40	0	0	0	0	0	0	0	0	0	0	0	0	0	0	0	0	0	0	1	4915	0	0	//알레한드라의보답4					
	705	2928	6728	2	2	90254	92250	34175	0	0	0	0	0	704	0	0	0	1	41599	60	0	0	0	0	0	0	0	0	0	0	0	0	0	0	0	0	0	0	1	4916	0	0	//알레한드라의보답5					
	706	2928	6728	2	2	90255	92250	34175	0	0	0	0	0	705	0	0	0	1	41599	80	0	0	0	0	0	0	0	0	0	0	0	0	0	0	0	0	0	0	1	4917	0	0	//알레한드라의보답6					
	707	2928	6728	2	2	90256	92250	34175	0	0	0	0	0	706	0	0	0	1	41599	100	0	0	0	0	0	0	0	0	0	0	0	0	0	0	0	0	0	0	1	4918	0	0	//알레한드라의보답7					
	708	2928	6728	2	2	90257	92250	34175	0	0	0	0	0	707	0	0	0	1	41599	120	0	0	0	0	0	0	0	0	0	0	0	0	0	0	0	0	0	0	1	4919	0	0	//알레한드라의보답8					
	709	2928	6728	2	2	90258	92250	34175	0	0	0	0	0	708	0	0	0	1	41599	140	0	0	0	0	0	0	0	0	0	0	0	0	0	0	0	0	0	0	1	4920	0	0	//알레한드라의보답9					
	741	2928	6728	2	2	90259	92250	34175	0	0	0	0	0	709	0	0	0	1	41599	160	0	0	0	0	0	0	0	0	0	0	0	0	0	0	0	0	0	0	1	4921	0	0	//알레한드라의보답10					
//레벨업AC																																																
	805	2928	47999	2	1	155709	158709	95002	0	0	0	0	1	301	0	0	0	20	100	1	0	0	0	0	0	0	0	0	0	0	0	0	0	0	0	0	0	0	1	9001	0	0	//100레벨 달성_버					
	806	2928	47999	2	1	155709	158709	95002	0	0	0	0	2	301	0	0	0	20	100	1	0	0	0	0	0	0	0	0	0	0	0	0	0	0	0	0	0	0	1	9002	0	0	//100레벨 달성_드					
	807	2928	47999	2	1	155709	158709	95002	0	0	0	0	3	301	0	0	0	20	100	1	0	0	0	0	0	0	0	0	0	0	0	0	0	0	0	0	0	0	1	9003	0	0	//100레벨 달성_섀					
	808	2928	47999	2	1	155709	158709	95002	0	0	0	0	4	301	0	0	0	20	100	1	0	0	0	0	0	0	0	0	0	0	0	0	0	0	0	0	0	0	1	9004	0	0	//100레벨 달성_발					
	809	2928	47999	2	1	155709	158709	95002	0	0	0	0	5	301	0	0	0	20	100	1	0	0	0	0	0	0	0	0	0	0	0	0	0	0	0	0	0	0	1	9005	0	0	//100레벨 달성_엘					
	810	2928	47999	2	1	155709	158709	95002	0	0	0	0	6	301	0	0	0	20	100	1	0	0	0	0	0	0	0	0	0	0	0	0	0	0	0	0	0	0	1	9006	0	0	//100레벨 달성_미					
	811	2928	47999	2	1	155709	158709	95002	0	0	0	0	7	301	0	0	0	20	100	1	0	0	0	0	0	0	0	0	0	0	0	0	0	0	0	0	0	0	1	9007	0	0	//100레벨 달성_헬					
	812	2928	47999	2	1	155709	158709	95002	0	0	0	0	8	301	0	0	0	20	100	1	0	0	0	0	0	0	0	0	0	0	0	0	0	0	0	0	0	0	1	9008	0	0	//100레벨 달성_위					
	813	2928	47999	2	1	155710	158710	95002	0	0	0	0	1	805	0	0	0	20	110	1	0	0	0	0	0	0	0	0	0	0	0	0	0	0	0	0	0	0	1	9009	0	0	//110레벨 달성_버					
	814	2928	47999	2	1	155710	158710	95002	0	0	0	0	2	806	0	0	0	20	110	1	0	0	0	0	0	0	0	0	0	0	0	0	0	0	0	0	0	0	1	9010	0	0	//110레벨 달성_드					
	815	2928	47999	2	1	155710	158710	95002	0	0	0	0	3	807	0	0	0	20	110	1	0	0	0	0	0	0	0	0	0	0	0	0	0	0	0	0	0	0	1	9011	0	0	//110레벨 달성_섀					
	816	2928	47999	2	1	155710	158710	95002	0	0	0	0	4	808	0	0	0	20	110	1	0	0	0	0	0	0	0	0	0	0	0	0	0	0	0	0	0	0	1	9012	0	0	//110레벨 달성_발					
	817	2928	47999	2	1	155710	158710	95002	0	0	0	0	5	809	0	0	0	20	110	1	0	0	0	0	0	0	0	0	0	0	0	0	0	0	0	0	0	0	1	9013	0	0	//110레벨 달성_엘					
	818	2928	47999	2	1	155710	158710	95002	0	0	0	0	6	810	0	0	0	20	110	1	0	0	0	0	0	0	0	0	0	0	0	0	0	0	0	0	0	0	1	9014	0	0	//110레벨 달성_미					
	819	2928	47999	2	1	155710	158710	95002	0	0	0	0	7	811	0	0	0	20	110	1	0	0	0	0	0	0	0	0	0	0	0	0	0	0	0	0	0	0	1	9015	0	0	//110레벨 달성_헬					
	820	2928	47999	2	1	155710	158710	95002	0	0	0	0	8	812	0	0	0	20	110	1	0	0	0	0	0	0	0	0	0	0	0	0	0	0	0	0	0	0	1	9016	0	0	//110레벨 달성_위					
	821	2928	47999	2	1	155711	158711	95002	0	0	0	0	1	813	0	0	0	20	120	1	0	0	0	0	0	0	0	0	0	0	0	0	0	0	0	0	0	0	1	9017	0	0	//120레벨 달성_버					
	822	2928	47999	2	1	155711	158711	95002	0	0	0	0	2	814	0	0	0	20	120	1	0	0	0	0	0	0	0	0	0	0	0	0	0	0	0	0	0	0	1	9018	0	0	//120레벨 달성_드					
	823	2928	47999	2	1	155711	158711	95002	0	0	0	0	3	815	0	0	0	20	120	1	0	0	0	0	0	0	0	0	0	0	0	0	0	0	0	0	0	0	1	9019	0	0	//120레벨 달성_섀					
	824	2928	47999	2	1	155711	158711	95002	0	0	0	0	4	816	0	0	0	20	120	1	0	0	0	0	0	0	0	0	0	0	0	0	0	0	0	0	0	0	1	9020	0	0	//120레벨 달성_발					
	825	2928	47999	2	1	155711	158711	95002	0	0	0	0	5	817	0	0	0	20	120	1	0	0	0	0	0	0	0	0	0	0	0	0	0	0	0	0	0	0	1	9021	0	0	//120레벨 달성_엘					
	826	2928	47999	2	1	155711	158711	95002	0	0	0	0	6	818	0	0	0	20	120	1	0	0	0	0	0	0	0	0	0	0	0	0	0	0	0	0	0	0	1	9022	0	0	//120레벨 달성_미					
	827	2928	47999	2	1	155711	158711	95002	0	0	0	0	7	819	0	0	0	20	120	1	0	0	0	0	0	0	0	0	0	0	0	0	0	0	0	0	0	0	1	9023	0	0	//120레벨 달성_헬					
	828	2928	47999	2	1	155711	158711	95002	0	0	0	0	8	820	0	0	0	20	120	1	0	0	0	0	0	0	0	0	0	0	0	0	0	0	0	0	0	0	1	9024	0	0	//120레벨 달성_위					
	829	2928	47999	2	1	155712	158712	95002	0	0	0	0	1	821	0	0	0	20	130	1	0	0	0	0	0	0	0	0	0	0	0	0	0	0	0	0	0	0	1	9025	0	0	//130레벨 달성_버					
	830	2928	47999	2	1	155712	158712	95002	0	0	0	0	2	822	0	0	0	20	130	1	0	0	0	0	0	0	0	0	0	0	0	0	0	0	0	0	0	0	1	9026	0	0	//130레벨 달성_드					
	831	2928	47999	2	1	155712	158712	95002	0	0	0	0	3	823	0	0	0	20	130	1	0	0	0	0	0	0	0	0	0	0	0	0	0	0	0	0	0	0	1	9027	0	0	//130레벨 달성_섀					
	832	2928	47999	2	1	155712	158712	95002	0	0	0	0	4	824	0	0	0	20	130	1	0	0	0	0	0	0	0	0	0	0	0	0	0	0	0	0	0	0	1	9028	0	0	//130레벨 달성_발					
	833	2928	47999	2	1	155712	158712	95002	0	0	0	0	5	825	0	0	0	20	130	1	0	0	0	0	0	0	0	0	0	0	0	0	0	0	0	0	0	0	1	9029	0	0	//130레벨 달성_엘					
	834	2928	47999	2	1	155712	158712	95002	0	0	0	0	6	826	0	0	0	20	130	1	0	0	0	0	0	0	0	0	0	0	0	0	0	0	0	0	0	0	1	9030	0	0	//130레벨 달성_미					
	835	2928	47999	2	1	155712	158712	95002	0	0	0	0	7	827	0	0	0	20	130	1	0	0	0	0	0	0	0	0	0	0	0	0	0	0	0	0	0	0	1	9031	0	0	//130레벨 달성_헬					
	836	2928	47999	2	1	155712	158712	95002	0	0	0	0	8	828	0	0	0	20	130	1	0	0	0	0	0	0	0	0	0	0	0	0	0	0	0	0	0	0	1	9032	0	0	//130레벨 달성_위					
	837	2928	47999	2	1	155713	158713	95002	0	0	0	0	1	829	0	0	0	20	140	1	0	0	0	0	0	0	0	0	0	0	0	0	0	0	0	0	0	0	1	9033	0	0	//140레벨 달성_버					
	838	2928	47999	2	1	155713	158713	95002	0	0	0	0	2	830	0	0	0	20	140	1	0	0	0	0	0	0	0	0	0	0	0	0	0	0	0	0	0	0	1	9034	0	0	//140레벨 달성_드					
	839	2928	47999	2	1	155713	158713	95002	0	0	0	0	3	831	0	0	0	20	140	1	0	0	0	0	0	0	0	0	0	0	0	0	0	0	0	0	0	0	1	9035	0	0	//140레벨 달성_섀					
	840	2928	47999	2	1	155713	158713	95002	0	0	0	0	4	832	0	0	0	20	140	1	0	0	0	0	0	0	0	0	0	0	0	0	0	0	0	0	0	0	1	9036	0	0	//140레벨 달성_발					
	841	2928	47999	2	1	155713	158713	95002	0	0	0	0	5	833	0	0	0	20	140	1	0	0	0	0	0	0	0	0	0	0	0	0	0	0	0	0	0	0	1	9037	0	0	//140레벨 달성_엘					
	842	2928	47999	2	1	155713	158713	95002	0	0	0	0	6	834	0	0	0	20	140	1	0	0	0	0	0	0	0	0	0	0	0	0	0	0	0	0	0	0	1	9038	0	0	//140레벨 달성_미					
	843	2928	47999	2	1	155713	158713	95002	0	0	0	0	7	835	0	0	0	20	140	1	0	0	0	0	0	0	0	0	0	0	0	0	0	0	0	0	0	0	1	9039	0	0	//140레벨 달성_헬					
	844	2928	47999	2	1	155713	158713	95002	0	0	0	0	8	836	0	0	0	20	140	1	0	0	0	0	0	0	0	0	0	0	0	0	0	0	0	0	0	0	1	9040	0	0	//140레벨 달성_위					
	845	2928	47999	2	1	155714	158714	95002	0	0	0	0	1	837	0	0	0	20	150	1	0	0	0	0	0	0	0	0	0	0	0	0	0	0	0	0	0	0	0	0	0	0	//150레벨 달성_버					
	846	2928	47999	2	1	155714	158714	95002	0	0	0	0	2	838	0	0	0	20	150	1	0	0	0	0	0	0	0	0	0	0	0	0	0	0	0	0	0	0	0	0	0	0	//150레벨 달성_드					
	847	2928	47999	2	1	155714	158714	95002	0	0	0	0	3	839	0	0	0	20	150	1	0	0	0	0	0	0	0	0	0	0	0	0	0	0	0	0	0	0	0	0	0	0	//150레벨 달성_섀					
	848	2928	47999	2	1	155714	158714	95002	0	0	0	0	4	840	0	0	0	20	150	1	0	0	0	0	0	0	0	0	0	0	0	0	0	0	0	0	0	0	0	0	0	0	//150레벨 달성_발					
	849	2928	47999	2	1	155714	158714	95002	0	0	0	0	5	841	0	0	0	20	150	1	0	0	0	0	0	0	0	0	0	0	0	0	0	0	0	0	0	0	0	0	0	0	//150레벨 달성_엘					
	850	2928	47999	2	1	155714	158714	95002	0	0	0	0	6	842	0	0	0	20	150	1	0	0	0	0	0	0	0	0	0	0	0	0	0	0	0	0	0	0	0	0	0	0	//150레벨 달성_미					
	851	2928	47999	2	1	155714	158714	95002	0	0	0	0	7	843	0	0	0	20	150	1	0	0	0	0	0	0	0	0	0	0	0	0	0	0	0	0	0	0	0	0	0	0	//150레벨 달성_헬					
	852	2928	47999	2	1	155714	158714	95002	0	0	0	0	8	844	0	0	0	20	150	1	0	0	0	0	0	0	0	0	0	0	0	0	0	0	0	0	0	0	0	0	0	0	//150레벨 달성_위					
	853	2928	47999	2	1	43501	44501	95002	0	0	0	0	1	845	0	0	0	20	155	1	0	0	0	0	0	0	0	0	0	0	0	0	0	0	0	0	0	0	0	0	0	0	//155레벨 달성_버					
	854	2928	47999	2	1	43501	44501	95002	0	0	0	0	2	846	0	0	0	20	155	1	0	0	0	0	0	0	0	0	0	0	0	0	0	0	0	0	0	0	0	0	0	0	//155레벨 달성_드					
	855	2928	47999	2	1	43501	44501	95002	0	0	0	0	3	847	0	0	0	20	155	1	0	0	0	0	0	0	0	0	0	0	0	0	0	0	0	0	0	0	0	0	0	0	//155레벨 달성_섀					
	856	2928	47999	2	1	43501	44501	95002	0	0	0	0	4	848	0	0	0	20	155	1	0	0	0	0	0	0	0	0	0	0	0	0	0	0	0	0	0	0	0	0	0	0	//155레벨 달성_발					
	857	2928	47999	2	1	43501	44501	95002	0	0	0	0	5	849	0	0	0	20	155	1	0	0	0	0	0	0	0	0	0	0	0	0	0	0	0	0	0	0	0	0	0	0	//155레벨 달성_엘					
	858	2928	47999	2	1	43501	44501	95002	0	0	0	0	6	850	0	0	0	20	155	1	0	0	0	0	0	0	0	0	0	0	0	0	0	0	0	0	0	0	0	0	0	0	//155레벨 달성_미					
	859	2928	47999	2	1	43501	44501	95002	0	0	0	0	7	851	0	0	0	20	155	1	0	0	0	0	0	0	0	0	0	0	0	0	0	0	0	0	0	0	0	0	0	0	//155레벨 달성_헬					
	860	2928	47999	2	1	43501	44501	95002	0	0	0	0	8	852	0	0	0	20	155	1	0	0	0	0	0	0	0	0	0	0	0	0	0	0	0	0	0	0	0	0	0	0	//155레벨 달성_위					
	861	2928	47999	2	1	155715	158715	95002	0	0	0	0	1	853	0	0	0	20	160	1	0	0	0	0	0	0	0	0	0	0	0	0	0	0	0	0	0	0	0	0	0	0	//160레벨 달성_버					
	862	2928	47999	2	1	155715	158715	95002	0	0	0	0	2	854	0	0	0	20	160	1	0	0	0	0	0	0	0	0	0	0	0	0	0	0	0	0	0	0	0	0	0	0	//160레벨 달성_드					
	863	2928	47999	2	1	155715	158715	95002	0	0	0	0	3	855	0	0	0	20	160	1	0	0	0	0	0	0	0	0	0	0	0	0	0	0	0	0	0	0	0	0	0	0	//160레벨 달성_섀					
	864	2928	47999	2	1	155715	158715	95002	0	0	0	0	4	856	0	0	0	20	160	1	0	0	0	0	0	0	0	0	0	0	0	0	0	0	0	0	0	0	0	0	0	0	//160레벨 달성_발					
	865	2928	47999	2	1	155715	158715	95002	0	0	0	0	5	857	0	0	0	20	160	1	0	0	0	0	0	0	0	0	0	0	0	0	0	0	0	0	0	0	0	0	0	0	//160레벨 달성_엘					
	866	2928	47999	2	1	155715	158715	95002	0	0	0	0	6	858	0	0	0	20	160	1	0	0	0	0	0	0	0	0	0	0	0	0	0	0	0	0	0	0	0	0	0	0	//160레벨 달성_미					
	867	2928	47999	2	1	155715	158715	95002	0	0	0	0	7	859	0	0	0	20	160	1	0	0	0	0	0	0	0	0	0	0	0	0	0	0	0	0	0	0	0	0	0	0	//160레벨 달성_헬					
	868	2928	47999	2	1	155715	158715	95002	0	0	0	0	8	860	0	0	0	20	160	1	0	0	0	0	0	0	0	0	0	0	0	0	0	0	0	0	0	0	0	0	0	0	//160레벨 달성_위					
	869	2928	47999	2	1	155716	158716	95002	0	0	0	0	1	861	0	0	0	20	161	1	0	0	0	0	0	0	0	0	0	0	0	0	0	0	0	0	0	0	0	0	0	0	//161레벨 달성_버					
	870	2928	47999	2	1	155716	158716	95002	0	0	0	0	2	862	0	0	0	20	161	1	0	0	0	0	0	0	0	0	0	0	0	0	0	0	0	0	0	0	0	0	0	0	//161레벨 달성_드					
	871	2928	47999	2	1	155716	158716	95002	0	0	0	0	3	863	0	0	0	20	161	1	0	0	0	0	0	0	0	0	0	0	0	0	0	0	0	0	0	0	0	0	0	0	//161레벨 달성_섀					
	872	2928	47999	2	1	155716	158716	95002	0	0	0	0	4	864	0	0	0	20	161	1	0	0	0	0	0	0	0	0	0	0	0	0	0	0	0	0	0	0	0	0	0	0	//161레벨 달성_발					
	873	2928	47999	2	1	155716	158716	95002	0	0	0	0	5	865	0	0	0	20	161	1	0	0	0	0	0	0	0	0	0	0	0	0	0	0	0	0	0	0	0	0	0	0	//161레벨 달성_엘					
	874	2928	47999	2	1	155716	158716	95002	0	0	0	0	6	866	0	0	0	20	161	1	0	0	0	0	0	0	0	0	0	0	0	0	0	0	0	0	0	0	0	0	0	0	//161레벨 달성_미					
	875	2928	47999	2	1	155716	158716	95002	0	0	0	0	7	867	0	0	0	20	161	1	0	0	0	0	0	0	0	0	0	0	0	0	0	0	0	0	0	0	0	0	0	0	//161레벨 달성_헬					
	876	2928	47999	2	1	155716	158716	95002	0	0	0	0	8	868	0	0	0	20	161	1	0	0	0	0	0	0	0	0	0	0	0	0	0	0	0	0	0	0	0	0	0	0	//161레벨 달성_위					
	877	2928	47999	2	1	155717	158717	95002	0	0	0	0	1	869	0	0	0	20	162	1	0	0	0	0	0	0	0	0	0	0	0	0	0	0	0	0	0	0	0	0	0	0	//162레벨 달성_버					
	878	2928	47999	2	1	155717	158717	95002	0	0	0	0	2	870	0	0	0	20	162	1	0	0	0	0	0	0	0	0	0	0	0	0	0	0	0	0	0	0	0	0	0	0	//162레벨 달성_드					
	879	2928	47999	2	1	155717	158717	95002	0	0	0	0	3	871	0	0	0	20	162	1	0	0	0	0	0	0	0	0	0	0	0	0	0	0	0	0	0	0	0	0	0	0	//162레벨 달성_섀					
	880	2928	47999	2	1	155717	158717	95002	0	0	0	0	4	872	0	0	0	20	162	1	0	0	0	0	0	0	0	0	0	0	0	0	0	0	0	0	0	0	0	0	0	0	//162레벨 달성_발					
	881	2928	47999	2	1	155717	158717	95002	0	0	0	0	5	873	0	0	0	20	162	1	0	0	0	0	0	0	0	0	0	0	0	0	0	0	0	0	0	0	0	0	0	0	//162레벨 달성_엘					
	882	2928	47999	2	1	155717	158717	95002	0	0	0	0	6	874	0	0	0	20	162	1	0	0	0	0	0	0	0	0	0	0	0	0	0	0	0	0	0	0	0	0	0	0	//162레벨 달성_미					
	883	2928	47999	2	1	155717	158717	95002	0	0	0	0	7	875	0	0	0	20	162	1	0	0	0	0	0	0	0	0	0	0	0	0	0	0	0	0	0	0	0	0	0	0	//162레벨 달성_헬					
	884	2928	47999	2	1	155717	158717	95002	0	0	0	0	8	876	0	0	0	20	162	1	0	0	0	0	0	0	0	0	0	0	0	0	0	0	0	0	0	0	0	0	0	0	//162레벨 달성_위					
	885	2928	47999	2	1	155718	158718	95002	0	0	0	0	1	877	0	0	0	20	163	1	0	0	0	0	0	0	0	0	0	0	0	0	0	0	0	0	0	0	0	0	0	0	//163레벨 달성_버					
	886	2928	47999	2	1	155718	158718	95002	0	0	0	0	2	878	0	0	0	20	163	1	0	0	0	0	0	0	0	0	0	0	0	0	0	0	0	0	0	0	0	0	0	0	//163레벨 달성_드					
	887	2928	47999	2	1	155718	158718	95002	0	0	0	0	3	879	0	0	0	20	163	1	0	0	0	0	0	0	0	0	0	0	0	0	0	0	0	0	0	0	0	0	0	0	//163레벨 달성_섀					
	888	2928	47999	2	1	155718	158718	95002	0	0	0	0	4	880	0	0	0	20	163	1	0	0	0	0	0	0	0	0	0	0	0	0	0	0	0	0	0	0	0	0	0	0	//163레벨 달성_발					
	889	2928	47999	2	1	155718	158718	95002	0	0	0	0	5	881	0	0	0	20	163	1	0	0	0	0	0	0	0	0	0	0	0	0	0	0	0	0	0	0	0	0	0	0	//163레벨 달성_엘					
	890	2928	47999	2	1	155718	158718	95002	0	0	0	0	6	882	0	0	0	20	163	1	0	0	0	0	0	0	0	0	0	0	0	0	0	0	0	0	0	0	0	0	0	0	//163레벨 달성_미					
	891	2928	47999	2	1	155718	158718	95002	0	0	0	0	7	883	0	0	0	20	163	1	0	0	0	0	0	0	0	0	0	0	0	0	0	0	0	0	0	0	0	0	0	0	//163레벨 달성_헬					
	892	2928	47999	2	1	155718	158718	95002	0	0	0	0	8	884	0	0	0	20	163	1	0	0	0	0	0	0	0	0	0	0	0	0	0	0	0	0	0	0	0	0	0	0	//163레벨 달성_위	//최고렙아이콘다름(금색)				
	1001	2928	47999	2	1	155719	158719	95002	0	0	0	0	1	885	0	0	0	20	164	1	0	0	0	0	0	0	0	0	0	0	0	0	0	0	0	0	0	0	0	0	0	0	//164레벨 달성_버	//주석풀때 아이콘변경!!				
	1002	2928	47999	2	1	155719	158719	95002	0	0	0	0	2	886	0	0	0	20	164	1	0	0	0	0	0	0	0	0	0	0	0	0	0	0	0	0	0	0	0	0	0	0	//164레벨 달성_드					
	1003	2928	47999	2	1	155719	158719	95002	0	0	0	0	3	887	0	0	0	20	164	1	0	0	0	0	0	0	0	0	0	0	0	0	0	0	0	0	0	0	0	0	0	0	//164레벨 달성_섀					
	1004	2928	47999	2	1	155719	158719	95002	0	0	0	0	4	888	0	0	0	20	164	1	0	0	0	0	0	0	0	0	0	0	0	0	0	0	0	0	0	0	0	0	0	0	//164레벨 달성_발					
	1005	2928	47999	2	1	155719	158719	95002	0	0	0	0	5	889	0	0	0	20	164	1	0	0	0	0	0	0	0	0	0	0	0	0	0	0	0	0	0	0	0	0	0	0	//164레벨 달성_엘					
	1006	2928	47999	2	1	155719	158719	95002	0	0	0	0	6	890	0	0	0	20	164	1	0	0	0	0	0	0	0	0	0	0	0	0	0	0	0	0	0	0	0	0	0	0	//164레벨 달성_미					
	1007	2928	47999	2	1	155719	158719	95002	0	0	0	0	7	891	0	0	0	20	164	1	0	0	0	0	0	0	0	0	0	0	0	0	0	0	0	0	0	0	0	0	0	0	//164레벨 달성_헬					
	1008	2928	47999	2	1	155719	158719	95002	0	0	0	0	8	892	0	0	0	20	164	1	0	0	0	0	0	0	0	0	0	0	0	0	0	0	0	0	0	0	0	0	0	0	//164레벨 달성_위					
	1009	2928	47999	2	1	90012	92012	95002	0	0	0	0	1	1001	0	0	0	20	165	1	0	0	0	0	0	0	0	0	0	0	0	0	0	0	0	0	0	0	0	0	0	0	//165레벨 달성_버					
	1010	2928	47999	2	1	90012	92012	95002	0	0	0	0	2	1002	0	0	0	20	165	1	0	0	0	0	0	0	0	0	0	0	0	0	0	0	0	0	0	0	0	0	0	0	//165레벨 달성_드					
	1011	2928	47999	2	1	90012	92012	95002	0	0	0	0	3	1003	0	0	0	20	165	1	0	0	0	0	0	0	0	0	0	0	0	0	0	0	0	0	0	0	0	0	0	0	//165레벨 달성_섀					
	1012	2928	47999	2	1	90012	92012	95002	0	0	0	0	4	1004	0	0	0	20	165	1	0	0	0	0	0	0	0	0	0	0	0	0	0	0	0	0	0	0	0	0	0	0	//165레벨 달성_발					
	1013	2928	47999	2	1	90012	92012	95002	0	0	0	0	5	1005	0	0	0	20	165	1	0	0	0	0	0	0	0	0	0	0	0	0	0	0	0	0	0	0	0	0	0	0	//165레벨 달성_엘					
	1014	2928	47999	2	1	90012	92012	95002	0	0	0	0	6	1006	0	0	0	20	165	1	0	0	0	0	0	0	0	0	0	0	0	0	0	0	0	0	0	0	0	0	0	0	//165레벨 달성_미					
	1015	2928	47999	2	1	90012	92012	95002	0	0	0	0	7	1007	0	0	0	20	165	1	0	0	0	0	0	0	0	0	0	0	0	0	0	0	0	0	0	0	0	0	0	0	//165레벨 달성_헬					
	1016	2928	47999	2	1	90012	92012	95002	0	0	0	0	8	1008	0	0	0	20	165	1	0	0	0	0	0	0	0	0	0	0	0	0	0	0	0	0	0	0	0	0	0	0	//165레벨 달성_위					
	1017	2928	47999	2	1	90013	92013	95002	0	0	0	0	1	1009	0	0	0	20	166	1	0	0	0	0	0	0	0	0	0	0	0	0	0	0	0	0	0	0	0	0	0	0	//166레벨 달성_버					
	1018	2928	47999	2	1	90013	92013	95002	0	0	0	0	2	1010	0	0	0	20	166	1	0	0	0	0	0	0	0	0	0	0	0	0	0	0	0	0	0	0	0	0	0	0	//166레벨 달성_드					
	1019	2928	47999	2	1	90013	92013	95002	0	0	0	0	3	1011	0	0	0	20	166	1	0	0	0	0	0	0	0	0	0	0	0	0	0	0	0	0	0	0	0	0	0	0	//166레벨 달성_섀					
	1020	2928	47999	2	1	90013	92013	95002	0	0	0	0	4	1012	0	0	0	20	166	1	0	0	0	0	0	0	0	0	0	0	0	0	0	0	0	0	0	0	0	0	0	0	//166레벨 달성_발					
	1021	2928	47999	2	1	90013	92013	95002	0	0	0	0	5	1013	0	0	0	20	166	1	0	0	0	0	0	0	0	0	0	0	0	0	0	0	0	0	0	0	0	0	0	0	//166레벨 달성_엘					
	1022	2928	47999	2	1	90013	92013	95002	0	0	0	0	6	1014	0	0	0	20	166	1	0	0	0	0	0	0	0	0	0	0	0	0	0	0	0	0	0	0	0	0	0	0	//166레벨 달성_미					
	1023	2928	47999	2	1	90013	92013	95002	0	0	0	0	7	1015	0	0	0	20	166	1	0	0	0	0	0	0	0	0	0	0	0	0	0	0	0	0	0	0	0	0	0	0	//166레벨 달성_헬					
	1024	2928	47999	2	1	90013	92013	95002	0	0	0	0	8	1016	0	0	0	20	166	1	0	0	0	0	0	0	0	0	0	0	0	0	0	0	0	0	0	0	0	0	0	0	//166레벨 달성_위					
	1025	2928	47999	2	1	90014	92014	95002	0	0	0	0	1	1017	0	0	0	20	167	1	0	0	0	0	0	0	0	0	0	0	0	0	0	0	0	0	0	0	0	0	0	0	//167레벨 달성_버					
	1026	2928	47999	2	1	90014	92014	95002	0	0	0	0	2	1018	0	0	0	20	167	1	0	0	0	0	0	0	0	0	0	0	0	0	0	0	0	0	0	0	0	0	0	0	//167레벨 달성_드					
	1027	2928	47999	2	1	90014	92014	95002	0	0	0	0	3	1019	0	0	0	20	167	1	0	0	0	0	0	0	0	0	0	0	0	0	0	0	0	0	0	0	0	0	0	0	//167레벨 달성_섀					
	1028	2928	47999	2	1	90014	92014	95002	0	0	0	0	4	1020	0	0	0	20	167	1	0	0	0	0	0	0	0	0	0	0	0	0	0	0	0	0	0	0	0	0	0	0	//167레벨 달성_발					
	1029	2928	47999	2	1	90014	92014	95002	0	0	0	0	5	1021	0	0	0	20	167	1	0	0	0	0	0	0	0	0	0	0	0	0	0	0	0	0	0	0	0	0	0	0	//167레벨 달성_엘					
	1030	2928	47999	2	1	90014	92014	95002	0	0	0	0	6	1022	0	0	0	20	167	1	0	0	0	0	0	0	0	0	0	0	0	0	0	0	0	0	0	0	0	0	0	0	//167레벨 달성_미					
	1031	2928	47999	2	1	90014	92014	95002	0	0	0	0	7	1023	0	0	0	20	167	1	0	0	0	0	0	0	0	0	0	0	0	0	0	0	0	0	0	0	0	0	0	0	//167레벨 달성_헬					
	1032	2928	47999	2	1	90014	92014	95002	0	0	0	0	8	1024	0	0	0	20	167	1	0	0	0	0	0	0	0	0	0	0	0	0	0	0	0	0	0	0	0	0	0	0	//167레벨 달성_위					
	1033	2928	47999	2	1	90015	92015	95002	0	0	0	0	1	1025	0	0	0	20	168	1	0	0	0	0	0	0	0	0	0	0	0	0	0	0	0	0	0	0	0	0	0	0	//168레벨 달성_버					
	1034	2928	47999	2	1	90015	92015	95002	0	0	0	0	2	1026	0	0	0	20	168	1	0	0	0	0	0	0	0	0	0	0	0	0	0	0	0	0	0	0	0	0	0	0	//168레벨 달성_드					
	1035	2928	47999	2	1	90015	92015	95002	0	0	0	0	3	1027	0	0	0	20	168	1	0	0	0	0	0	0	0	0	0	0	0	0	0	0	0	0	0	0	0	0	0	0	//168레벨 달성_섀					
	1036	2928	47999	2	1	90015	92015	95002	0	0	0	0	4	1028	0	0	0	20	168	1	0	0	0	0	0	0	0	0	0	0	0	0	0	0	0	0	0	0	0	0	0	0	//168레벨 달성_발					
	1037	2928	47999	2	1	90015	92015	95002	0	0	0	0	5	1029	0	0	0	20	168	1	0	0	0	0	0	0	0	0	0	0	0	0	0	0	0	0	0	0	0	0	0	0	//168레벨 달성_엘					
	1038	2928	47999	2	1	90015	92015	95002	0	0	0	0	6	1030	0	0	0	20	168	1	0	0	0	0	0	0	0	0	0	0	0	0	0	0	0	0	0	0	0	0	0	0	//168레벨 달성_미					
	1039	2928	47999	2	1	90015	92015	95002	0	0	0	0	7	1031	0	0	0	20	168	1	0	0	0	0	0	0	0	0	0	0	0	0	0	0	0	0	0	0	0	0	0	0	//168레벨 달성_헬					
	1040	2928	47999	2	1	90015	92015	95002	0	0	0	0	8	1032	0	0	0	20	168	1	0	0	0	0	0	0	0	0	0	0	0	0	0	0	0	0	0	0	0	0	0	0	//168레벨 달성_위					
	1041	2928	47999	2	1	90016	92016	95002	0	0	0	0	1	1033	0	0	0	20	169	1	0	0	0	0	0	0	0	0	0	0	0	0	0	0	0	0	0	0	0	0	0	0	//169레벨 달성_버					
	1042	2928	47999	2	1	90016	92016	95002	0	0	0	0	2	1034	0	0	0	20	169	1	0	0	0	0	0	0	0	0	0	0	0	0	0	0	0	0	0	0	0	0	0	0	//169레벨 달성_드					
	1043	2928	47999	2	1	90016	92016	95002	0	0	0	0	3	1035	0	0	0	20	169	1	0	0	0	0	0	0	0	0	0	0	0	0	0	0	0	0	0	0	0	0	0	0	//169레벨 달성_섀					
	1044	2928	47999	2	1	90016	92016	95002	0	0	0	0	4	1036	0	0	0	20	169	1	0	0	0	0	0	0	0	0	0	0	0	0	0	0	0	0	0	0	0	0	0	0	//169레벨 달성_발					
	1045	2928	47999	2	1	90016	92016	95002	0	0	0	0	5	1037	0	0	0	20	169	1	0	0	0	0	0	0	0	0	0	0	0	0	0	0	0	0	0	0	0	0	0	0	//169레벨 달성_엘					
	1046	2928	47999	2	1	90016	92016	95002	0	0	0	0	6	1038	0	0	0	20	169	1	0	0	0	0	0	0	0	0	0	0	0	0	0	0	0	0	0	0	0	0	0	0	//169레벨 달성_미					
	1047	2928	47999	2	1	90016	92016	95002	0	0	0	0	7	1039	0	0	0	20	169	1	0	0	0	0	0	0	0	0	0	0	0	0	0	0	0	0	0	0	0	0	0	0	//169레벨 달성_헬					
	1048	2928	47999	2	1	90016	92016	95002	0	0	0	0	8	1040	0	0	0	20	169	1	0	0	0	0	0	0	0	0	0	0	0	0	0	0	0	0	0	0	0	0	0	0	//169레벨 달성_위					
	1049	2928	47999	2	1	90017	92017	95002	0	0	0	0	1	1041	0	0	0	20	170	1	0	0	0	0	0	0	0	0	0	0	0	0	0	0	0	0	0	0	0	0	0	0	//170레벨 달성_버					
	1050	2928	47999	2	1	90017	92017	95002	0	0	0	0	2	1042	0	0	0	20	170	1	0	0	0	0	0	0	0	0	0	0	0	0	0	0	0	0	0	0	0	0	0	0	//170레벨 달성_드					
	1051	2928	47999	2	1	90017	92017	95002	0	0	0	0	3	1043	0	0	0	20	170	1	0	0	0	0	0	0	0	0	0	0	0	0	0	0	0	0	0	0	0	0	0	0	//170레벨 달성_섀					
	1052	2928	47999	2	1	90017	92017	95002	0	0	0	0	4	1044	0	0	0	20	170	1	0	0	0	0	0	0	0	0	0	0	0	0	0	0	0	0	0	0	0	0	0	0	//170레벨 달성_발					
	1053	2928	47999	2	1	90017	92017	95002	0	0	0	0	5	1045	0	0	0	20	170	1	0	0	0	0	0	0	0	0	0	0	0	0	0	0	0	0	0	0	0	0	0	0	//170레벨 달성_엘					
	1054	2928	47999	2	1	90017	92017	95002	0	0	0	0	6	1046	0	0	0	20	170	1	0	0	0	0	0	0	0	0	0	0	0	0	0	0	0	0	0	0	0	0	0	0	//170레벨 달성_미					
	1055	2928	47999	2	1	90017	92017	95002	0	0	0	0	7	1047	0	0	0	20	170	1	0	0	0	0	0	0	0	0	0	0	0	0	0	0	0	0	0	0	0	0	0	0	//170레벨 달성_헬					
	1056	2928	47999	2	1	90017	92017	95002	0	0	0	0	8	1048	0	0	0	20	170	1	0	0	0	0	0	0	0	0	0	0	0	0	0	0	0	0	0	0	0	0	0	0	//170레벨 달성_위					
	1057	2928	47999	2	1	90018	92018	95002	0	0	0	0	1	1049	0	0	0	20	171	1	0	0	0	0	0	0	0	0	0	0	0	0	0	0	0	0	0	0	0	0	0	0	//171레벨 달성_버					
	1058	2928	47999	2	1	90018	92018	95002	0	0	0	0	2	1050	0	0	0	20	171	1	0	0	0	0	0	0	0	0	0	0	0	0	0	0	0	0	0	0	0	0	0	0	//171레벨 달성_드					
	1059	2928	47999	2	1	90018	92018	95002	0	0	0	0	3	1051	0	0	0	20	171	1	0	0	0	0	0	0	0	0	0	0	0	0	0	0	0	0	0	0	0	0	0	0	//171레벨 달성_섀					
	1060	2928	47999	2	1	90018	92018	95002	0	0	0	0	4	1052	0	0	0	20	171	1	0	0	0	0	0	0	0	0	0	0	0	0	0	0	0	0	0	0	0	0	0	0	//171레벨 달성_발					
	1061	2928	47999	2	1	90018	92018	95002	0	0	0	0	5	1053	0	0	0	20	171	1	0	0	0	0	0	0	0	0	0	0	0	0	0	0	0	0	0	0	0	0	0	0	//171레벨 달성_엘					
	1062	2928	47999	2	1	90018	92018	95002	0	0	0	0	6	1054	0	0	0	20	171	1	0	0	0	0	0	0	0	0	0	0	0	0	0	0	0	0	0	0	0	0	0	0	//171레벨 달성_미					
	1063	2928	47999	2	1	90018	92018	95002	0	0	0	0	7	1055	0	0	0	20	171	1	0	0	0	0	0	0	0	0	0	0	0	0	0	0	0	0	0	0	0	0	0	0	//171레벨 달성_헬					
	1064	2928	47999	2	1	90018	92018	95002	0	0	0	0	8	1056	0	0	0	20	171	1	0	0	0	0	0	0	0	0	0	0	0	0	0	0	0	0	0	0	0	0	0	0	//171레벨 달성_위					
	1065	2928	47999	2	1	90019	92019	95002	0	0	0	0	1	1057	0	0	0	20	172	1	0	0	0	0	0	0	0	0	0	0	0	0	0	0	0	0	0	0	0	0	0	0	//172레벨 달성_버					
	1066	2928	47999	2	1	90019	92019	95002	0	0	0	0	2	1058	0	0	0	20	172	1	0	0	0	0	0	0	0	0	0	0	0	0	0	0	0	0	0	0	0	0	0	0	//172레벨 달성_드					
	1067	2928	47999	2	1	90019	92019	95002	0	0	0	0	3	1059	0	0	0	20	172	1	0	0	0	0	0	0	0	0	0	0	0	0	0	0	0	0	0	0	0	0	0	0	//172레벨 달성_섀					
	1068	2928	47999	2	1	90019	92019	95002	0	0	0	0	4	1060	0	0	0	20	172	1	0	0	0	0	0	0	0	0	0	0	0	0	0	0	0	0	0	0	0	0	0	0	//172레벨 달성_발					
	1069	2928	47999	2	1	90019	92019	95002	0	0	0	0	5	1061	0	0	0	20	172	1	0	0	0	0	0	0	0	0	0	0	0	0	0	0	0	0	0	0	0	0	0	0	//172레벨 달성_엘					
	1070	2928	47999	2	1	90019	92019	95002	0	0	0	0	6	1062	0	0	0	20	172	1	0	0	0	0	0	0	0	0	0	0	0	0	0	0	0	0	0	0	0	0	0	0	//172레벨 달성_미					
	1071	2928	47999	2	1	90019	92019	95002	0	0	0	0	7	1063	0	0	0	20	172	1	0	0	0	0	0	0	0	0	0	0	0	0	0	0	0	0	0	0	0	0	0	0	//172레벨 달성_헬					
	1072	2928	47999	2	1	90019	92019	95002	0	0	0	0	8	1064	0	0	0	20	172	1	0	0	0	0	0	0	0	0	0	0	0	0	0	0	0	0	0	0	0	0	0	0	//172레벨 달성_위					
	1073	2928	47999	2	1	90020	92020	95002	0	0	0	0	1	1065	0	0	0	20	173	1	0	0	0	0	0	0	0	0	0	0	0	0	0	0	0	0	0	0	0	0	0	0	//173레벨 달성_버					
	1074	2928	47999	2	1	90020	92020	95002	0	0	0	0	2	1066	0	0	0	20	173	1	0	0	0	0	0	0	0	0	0	0	0	0	0	0	0	0	0	0	0	0	0	0	//173레벨 달성_드					
	1075	2928	47999	2	1	90020	92020	95002	0	0	0	0	3	1067	0	0	0	20	173	1	0	0	0	0	0	0	0	0	0	0	0	0	0	0	0	0	0	0	0	0	0	0	//173레벨 달성_섀					
	1076	2928	47999	2	1	90020	92020	95002	0	0	0	0	4	1068	0	0	0	20	173	1	0	0	0	0	0	0	0	0	0	0	0	0	0	0	0	0	0	0	0	0	0	0	//173레벨 달성_발					
	1077	2928	47999	2	1	90020	92020	95002	0	0	0	0	5	1069	0	0	0	20	173	1	0	0	0	0	0	0	0	0	0	0	0	0	0	0	0	0	0	0	0	0	0	0	//173레벨 달성_엘					
	1078	2928	47999	2	1	90020	92020	95002	0	0	0	0	6	1070	0	0	0	20	173	1	0	0	0	0	0	0	0	0	0	0	0	0	0	0	0	0	0	0	0	0	0	0	//173레벨 달성_미					
	1079	2928	47999	2	1	90020	92020	95002	0	0	0	0	7	1071	0	0	0	20	173	1	0	0	0	0	0	0	0	0	0	0	0	0	0	0	0	0	0	0	0	0	0	0	//173레벨 달성_헬					
	1080	2928	47999	2	1	90020	92020	95002	0	0	0	0	8	1072	0	0	0	20	173	1	0	0	0	0	0	0	0	0	0	0	0	0	0	0	0	0	0	0	0	0	0	0	//173레벨 달성_위					
	1081	2928	47999	2	1	90021	92021	95002	0	0	0	0	1	1073	0	0	0	20	174	1	0	0	0	0	0	0	0	0	0	0	0	0	0	0	0	0	0	0	0	0	0	0	//174레벨 달성_버					
	1082	2928	47999	2	1	90021	92021	95002	0	0	0	0	2	1074	0	0	0	20	174	1	0	0	0	0	0	0	0	0	0	0	0	0	0	0	0	0	0	0	0	0	0	0	//174레벨 달성_드					
	1083	2928	47999	2	1	90021	92021	95002	0	0	0	0	3	1075	0	0	0	20	174	1	0	0	0	0	0	0	0	0	0	0	0	0	0	0	0	0	0	0	0	0	0	0	//174레벨 달성_섀					
	1084	2928	47999	2	1	90021	92021	95002	0	0	0	0	4	1076	0	0	0	20	174	1	0	0	0	0	0	0	0	0	0	0	0	0	0	0	0	0	0	0	0	0	0	0	//174레벨 달성_발					
	1085	2928	47999	2	1	90021	92021	95002	0	0	0	0	5	1077	0	0	0	20	174	1	0	0	0	0	0	0	0	0	0	0	0	0	0	0	0	0	0	0	0	0	0	0	//174레벨 달성_엘					
	1086	2928	47999	2	1	90021	92021	95002	0	0	0	0	6	1078	0	0	0	20	174	1	0	0	0	0	0	0	0	0	0	0	0	0	0	0	0	0	0	0	0	0	0	0	//174레벨 달성_미					
	1087	2928	47999	2	1	90021	92021	95002	0	0	0	0	7	1079	0	0	0	20	174	1	0	0	0	0	0	0	0	0	0	0	0	0	0	0	0	0	0	0	0	0	0	0	//174레벨 달성_헬					
	1088	2928	47999	2	1	90021	92021	95002	0	0	0	0	8	1080	0	0	0	20	174	1	0	0	0	0	0	0	0	0	0	0	0	0	0	0	0	0	0	0	0	0	0	0	//174레벨 달성_위					
	1089	2928	47999	2	1	90022	92022	95002	0	0	0	0	1	1081	0	0	0	20	175	1	0	0	0	0	0	0	0	0	0	0	0	0	0	0	0	0	0	0	0	0	0	0	//175레벨 달성_버					
	1090	2928	47999	2	1	90022	92022	95002	0	0	0	0	2	1082	0	0	0	20	175	1	0	0	0	0	0	0	0	0	0	0	0	0	0	0	0	0	0	0	0	0	0	0	//175레벨 달성_드					
	1091	2928	47999	2	1	90022	92022	95002	0	0	0	0	3	1083	0	0	0	20	175	1	0	0	0	0	0	0	0	0	0	0	0	0	0	0	0	0	0	0	0	0	0	0	//175레벨 달성_섀					
	1092	2928	47999	2	1	90022	92022	95002	0	0	0	0	4	1084	0	0	0	20	175	1	0	0	0	0	0	0	0	0	0	0	0	0	0	0	0	0	0	0	0	0	0	0	//175레벨 달성_발					
	1093	2928	47999	2	1	90022	92022	95002	0	0	0	0	5	1085	0	0	0	20	175	1	0	0	0	0	0	0	0	0	0	0	0	0	0	0	0	0	0	0	0	0	0	0	//175레벨 달성_엘					
	1094	2928	47999	2	1	90022	92022	95002	0	0	0	0	6	1086	0	0	0	20	175	1	0	0	0	0	0	0	0	0	0	0	0	0	0	0	0	0	0	0	0	0	0	0	//175레벨 달성_미					
	1095	2928	47999	2	1	90022	92022	95002	0	0	0	0	7	1087	0	0	0	20	175	1	0	0	0	0	0	0	0	0	0	0	0	0	0	0	0	0	0	0	0	0	0	0	//175레벨 달성_헬					
	1096	2928	47999	2	1	90022	92022	95002	0	0	0	0	8	1088	0	0	0	20	175	1	0	0	0	0	0	0	0	0	0	0	0	0	0	0	0	0	0	0	0	0	0	0	//175레벨 달성_위					
	1097	2928	47999	2	1	90023	92023	95002	0	0	0	0	1	1089	0	0	0	20	176	1	0	0	0	0	0	0	0	0	0	0	0	0	0	0	0	0	0	0	0	0	0	0	//176레벨 달성_버					
	1098	2928	47999	2	1	90023	92023	95002	0	0	0	0	2	1090	0	0	0	20	176	1	0	0	0	0	0	0	0	0	0	0	0	0	0	0	0	0	0	0	0	0	0	0	//176레벨 달성_드					
	1099	2928	47999	2	1	90023	92023	95002	0	0	0	0	3	1091	0	0	0	20	176	1	0	0	0	0	0	0	0	0	0	0	0	0	0	0	0	0	0	0	0	0	0	0	//176레벨 달성_섀					
	1100	2928	47999	2	1	90023	92023	95002	0	0	0	0	4	1092	0	0	0	20	176	1	0	0	0	0	0	0	0	0	0	0	0	0	0	0	0	0	0	0	0	0	0	0	//176레벨 달성_발					
	1101	2928	47999	2	1	90023	92023	95002	0	0	0	0	5	1093	0	0	0	20	176	1	0	0	0	0	0	0	0	0	0	0	0	0	0	0	0	0	0	0	0	0	0	0	//176레벨 달성_엘					
	1102	2928	47999	2	1	90023	92023	95002	0	0	0	0	6	1094	0	0	0	20	176	1	0	0	0	0	0	0	0	0	0	0	0	0	0	0	0	0	0	0	0	0	0	0	//176레벨 달성_미					
	1103	2928	47999	2	1	90023	92023	95002	0	0	0	0	7	1095	0	0	0	20	176	1	0	0	0	0	0	0	0	0	0	0	0	0	0	0	0	0	0	0	0	0	0	0	//176레벨 달성_헬					
	1104	2928	47999	2	1	90023	92023	95002	0	0	0	0	8	1096	0	0	0	20	176	1	0	0	0	0	0	0	0	0	0	0	0	0	0	0	0	0	0	0	0	0	0	0	//176레벨 달성_위					
	1105	2928	47999	2	1	90024	92024	95003	0	0	0	0	1	1097	0	0	0	20	177	1	0	0	0	0	0	0	0	0	0	0	0	0	0	0	0	0	0	0	0	0	0	0	//177레벨 달성_버					
	1106	2928	47999	2	1	90024	92024	95003	0	0	0	0	2	1098	0	0	0	20	177	1	0	0	0	0	0	0	0	0	0	0	0	0	0	0	0	0	0	0	0	0	0	0	//177레벨 달성_드					
	1107	2928	47999	2	1	90024	92024	95003	0	0	0	0	3	1099	0	0	0	20	177	1	0	0	0	0	0	0	0	0	0	0	0	0	0	0	0	0	0	0	0	0	0	0	//177레벨 달성_섀					
	1108	2928	47999	2	1	90024	92024	95003	0	0	0	0	4	1100	0	0	0	20	177	1	0	0	0	0	0	0	0	0	0	0	0	0	0	0	0	0	0	0	0	0	0	0	//177레벨 달성_발					
	1109	2928	47999	2	1	90024	92024	95003	0	0	0	0	5	1101	0	0	0	20	177	1	0	0	0	0	0	0	0	0	0	0	0	0	0	0	0	0	0	0	0	0	0	0	//177레벨 달성_엘					
	1110	2928	47999	2	1	90024	92024	95003	0	0	0	0	6	1102	0	0	0	20	177	1	0	0	0	0	0	0	0	0	0	0	0	0	0	0	0	0	0	0	0	0	0	0	//177레벨 달성_미					
	1111	2928	47999	2	1	90024	92024	95003	0	0	0	0	7	1103	0	0	0	20	177	1	0	0	0	0	0	0	0	0	0	0	0	0	0	0	0	0	0	0	0	0	0	0	//177레벨 달성_헬					
	1112	2928	47999	2	1	90024	92024	95003	0	0	0	0	8	1104	0	0	0	20	177	1	0	0	0	0	0	0	0	0	0	0	0	0	0	0	0	0	0	0	0	0	0	0	//177레벨 달성_위					
//	1402 골드러쉬 ac																																															
	900	2928	60901	2	4	11989	12910	35002	0	0	0	0	0	0	0	0	0	27	905	1	908	1	911	1	0	0	0	0	0	0	0	0	0	0	0	0	0	0	1	65182	0	0	//탐욕의 제왕(500승. 몬스터 500 kill. PC 500 kill 달성)			칭호: 탐욕의 제왕		
	901	2928	60901	2	4	11978	12978	35002	0	0	0	0	0	0	0	0	0	42	40063	100	0	0	0	0	0	0	0	0	0	0	0	0	0	0	0	0	0	0	1	65058	0	0	//욕망의 무덤 100승					
	902	2928	60901	2	4	11979	12979	35002	0	0	0	0	0	901	0	0	0	42	40063	200	0	0	0	0	0	0	0	0	0	0	0	0	0	0	0	0	0	0	1	65059	0	0	//욕망의 무덤 200승					
	903	2928	60901	2	4	11980	12980	35002	0	0	0	0	0	902	0	0	0	42	40063	300	0	0	0	0	0	0	0	0	0	0	0	0	0	0	0	0	0	0	1	65060	0	0	//욕망의 무덤 300승					
	904	2928	60901	2	4	11981	12981	35002	0	0	0	0	0	903	0	0	0	42	40063	400	0	0	0	0	0	0	0	0	0	0	0	0	0	0	0	0	0	0	1	65061	0	0	//욕망의 무덤 400승					
	905	2928	60901	2	4	11982	12982	35002	0	0	0	0	0	904	0	0	0	42	40063	500	0	0	0	0	0	0	0	0	0	0	0	0	0	0	0	0	0	0	1	65183	0	0	//욕망의 무덤 500승			칭호:욕망의 지배자		
	906	2928	60901	2	4	11983	12983	35002	0	0	0	0	0	0	0	0	0	14	40063	100	0	0	0	0	0	0	0	0	0	0	0	0	0	0	0	0	0	0	0	0	0	0	//신참 무덤 청소부 (몬스터 100마리 사냥)					
	907	2928	60901	2	4	11984	12984	35002	0	0	0	0	0	906	0	0	0	14	40063	300	0	0	0	0	0	0	0	0	0	0	0	0	0	0	0	0	0	0	0	0	0	0	//노련한 무덤 청소부 (몬스터 300마리 사냥)					
	908	2928	60901	2	4	11985	12985	35002	0	0	0	0	0	907	0	0	0	14	40063	500	0	0	0	0	0	0	0	0	0	0	0	0	0	0	0	0	0	0	1	65184	0	0	//전문 무덤 청소부 (몬스터 500마리 사냥)			칭호: 정화의 손		
	909	2928	60901	2	4	11986	12986	35002	0	0	0	0	0	0	0	0	0	12	40063	100	0	0	0	0	0	0	0	0	0	0	0	0	0	0	0	0	0	0	0	0	0	0	//욕망에 충실한 자 (PC 100명 처치)					
	910	2928	60901	2	4	11987	12987	35002	0	0	0	0	0	909	0	0	0	12	40063	300	0	0	0	0	0	0	0	0	0	0	0	0	0	0	0	0	0	0	0	0	0	0	//욕망에 굴복한 자 (PC 300명 처치)					
	911	2928	60901	2	4	11988	12988	35002	0	0	0	0	0	910	0	0	0	12	40063	500	0	0	0	0	0	0	0	0	0	0	0	0	0	0	0	0	0	0	1	65185	0	0	//욕망의 노예 (PC 500명 처치)			칭호: 피로 물든 손		
	912	2928	60901	2	4	11959	12910	35002	0	0	0	0	0	0	0	0	0	27	901	1	906	1	909	1	0	0	0	0	0	0	0	0	0	0	0	0	0	0	1	65181	0	0	//무덤의 운명을 결정하는 자(100승. 몬스터 100 kill. PC 100 kill)			뱃지 아이템 [무덤 전사의 증표]		
//	932	2928	47998	2	5	9853	9863	32084	0	0	0	0	0	0	0	0	0	1	9254	100	0	0	0	0	0	0	0	0	0	0	0	0	0	0	0	0	0	0	1	65219	0	0	//복주머니100개수집					
//	933	2928	47998	2	5	9854	9863	32084	0	0	0	0	0	932	0	0	0	1	9254	200	0	0	0	0	0	0	0	0	0	0	0	0	0	0	0	0	0	0	1	65220	0	0	//복주머니200개수집					
//	934	2928	47998	2	5	9855	9863	32084	0	0	0	0	0	933	0	0	0	1	9254	300	0	0	0	0	0	0	0	0	0	0	0	0	0	0	0	0	0	0	1	65221	0	0	//복주머니300개수집					
//	935	2928	47998	2	5	9856	9863	32084	0	0	0	0	0	934	0	0	0	1	9254	400	0	0	0	0	0	0	0	0	0	0	0	0	0	0	0	0	0	0	1	65222	0	0	//복주머니400개수집					
//	936	2928	47998	2	5	9857	9863	32084	0	0	0	0	0	935	0	0	0	1	9254	500	0	0	0	0	0	0	0	0	0	0	0	0	0	0	0	0	0	0	1	65223	0	0	//복주머니500개수집					
//	937	2928	47998	2	5	9858	9863	32084	0	0	0	0	0	936	0	0	0	1	9254	600	0	0	0	0	0	0	0	0	0	0	0	0	0	0	0	0	0	0	1	65224	0	0	//복주머니600개수집					
//	938	2928	47998	2	5	9859	9863	32084	0	0	0	0	0	937	0	0	0	1	9254	700	0	0	0	0	0	0	0	0	0	0	0	0	0	0	0	0	0	0	1	65225	0	0	//복주머니700개수집					
//	939	2928	47998	2	5	9860	9863	32084	0	0	0	0	0	938	0	0	0	1	9254	800	0	0	0	0	0	0	0	0	0	0	0	0	0	0	0	0	0	0	1	65226	0	0	//복주머니800개수집					
//	940	2928	47998	2	5	9861	9863	32084	0	0	0	0	0	939	0	0	0	1	9254	900	0	0	0	0	0	0	0	0	0	0	0	0	0	0	0	0	0	0	1	65227	0	0	//복주머니900개수집					
//	941	2928	47998	2	5	9862	9863	32084	0	0	0	0	0	940	0	0	0	1	9254	1000	0	0	0	0	0	0	0	0	0	0	0	0	0	0	0	0	0	0	1	65228	0	0	//복주머니1000개수집					
//	942	2928	47998	2	5	9864	9874	95002	0	0	0	0	0	0	0	0	0	1	9275	100	0	0	0	0	0	0	0	0	0	0	0	0	0	0	0	0	0	0	1	65231	0	0	//SUN CHIP 100개수집					
//	943	2928	47998	2	5	9865	9874	95002	0	0	0	0	0	942	0	0	0	1	9275	200	0	0	0	0	0	0	0	0	0	0	0	0	0	0	0	0	0	0	1	65232	0	0	//SUN CHIP 200개수집					
//	944	2928	47998	2	5	9866	9874	95002	0	0	0	0	0	943	0	0	0	1	9275	300	0	0	0	0	0	0	0	0	0	0	0	0	0	0	0	0	0	0	1	65233	0	0	//SUN CHIP 300개수집					
//	945	2928	47998	2	5	9867	9874	95002	0	0	0	0	0	944	0	0	0	1	9275	400	0	0	0	0	0	0	0	0	0	0	0	0	0	0	0	0	0	0	1	65234	0	0	//SUN CHIP 400개수집					
//	946	2928	47998	2	5	9868	9874	95002	0	0	0	0	0	945	0	0	0	1	9275	500	0	0	0	0	0	0	0	0	0	0	0	0	0	0	0	0	0	0	1	65235	0	0	//SUN CHIP 500개수집					
//	947	2928	47998	2	5	9869	9874	95002	0	0	0	0	0	946	0	0	0	1	9275	600	0	0	0	0	0	0	0	0	0	0	0	0	0	0	0	0	0	0	1	65236	0	0	//SUN CHIP 600개수집					
//	948	2928	47998	2	5	9870	9874	95002	0	0	0	0	0	947	0	0	0	1	9275	700	0	0	0	0	0	0	0	0	0	0	0	0	0	0	0	0	0	0	1	65237	0	0	//SUN CHIP 700개수집					
//	949	2928	47998	2	5	9871	9874	95002	0	0	0	0	0	948	0	0	0	1	9275	800	0	0	0	0	0	0	0	0	0	0	0	0	0	0	0	0	0	0	1	65238	0	0	//SUN CHIP 800개수집					
//	950	2928	47998	2	5	9872	9874	95002	0	0	0	0	0	949	0	0	0	1	9275	900	0	0	0	0	0	0	0	0	0	0	0	0	0	0	0	0	0	0	1	65239	0	0	//SUN CHIP 900개수집					
//	951	2928	47998	2	5	9873	9874	95002	0	0	0	0	0	950	0	0	0	1	9275	1000	0	0	0	0	0	0	0	0	0	0	0	0	0	0	0	0	0	0	1	65240	0	0	//SUN CHIP 1000개수집					
//	954	2928	47998	2	5	9891	10891	90038	0	0	0	0	0	0	0	0	0	27	955	1	956	1	957	1	958	1	0	0	0	0	0	0	0	0	0	0	0	0	1	11052	0	0	//단오용사					
//	955	2928	47998	2	5	9892	10892	90038	0	0	0	0	0	0	0	0	0	1	6710	300	0	0	0	0	0	0	0	0	0	0	0	0	0	0	0	0	0	0	1	11053	0	0	//대나무잎각서 300개 수집					
//	956	2928	47998	2	5	9893	10893	90038	0	0	0	0	0	0	0	0	0	1	6711	300	0	0	0	0	0	0	0	0	0	0	0	0	0	0	0	0	0	0	1	11054	0	0	//팥각서 300개 수집					
//	957	2928	47998	2	5	9894	10894	90038	0	0	0	0	0	0	0	0	0	1	6712	300	0	0	0	0	0	0	0	0	0	0	0	0	0	0	0	0	0	0	1	11055	0	0	//햄각서 300개 수집					
//	958	2928	47998	2	5	9895	10895	90038	0	0	0	0	0	0	0	0	0	1	6713	300	0	0	0	0	0	0	0	0	0	0	0	0	0	0	0	0	0	0	1	11056	0	0	//고기각서 300개 수집					
//	959	2928	47998	2	5	9920	9929	34161	0	0	0	0	0	0	0	0	0	1	9296	30	0	0	0	0	0	0	0	0	0	0	0	0	0	0	0	0	0	0	1	30093	0	0	//녹음의대지정복					
//	960	2928	47998	2	5	9921	9930	34164	0	0	0	0	0	0	0	0	0	1	9297	30	0	0	0	0	0	0	0	0	0	0	0	0	0	0	0	0	0	0	1	30094	0	0	//정령들의쉼터정복					
//	961	2928	47998	2	5	9922	9931	12401	0	0	0	0	0	0	0	0	0	1	9298	30	0	0	0	0	0	0	0	0	0	0	0	0	0	0	0	0	0	0	1	30095	0	0	//보아레스산맥정복					
//	962	2928	47998	2	5	9923	9932	32759	0	0	0	0	0	0	0	0	0	1	9299	30	0	0	0	0	0	0	0	0	0	0	0	0	0	0	0	0	0	0	1	30096	0	0	//저주받은탑정복(불의시련)					
//	963	2928	47998	2	5	9924	9933	32762	0	0	0	0	0	0	0	0	0	1	9300	30	0	0	0	0	0	0	0	0	0	0	0	0	0	0	0	0	0	0	1	30097	0	0	//저주받은탑정복(바람의시련)					
//	964	2928	47998	2	5	9925	9934	73532	0	0	0	0	0	0	0	0	0	1	9301	30	9302	30	9303	30	9304	30	0	0	0	0	0	0	0	0	0	0	0	0	1	30098	0	0	//저주받은탑정복(어둠의시련)					
//	965	2928	47998	2	5	9926	9935	73572	0	0	0	0	0	0	0	0	0	1	9305	30	9306	30	9307	30	9308	30	9309	30	9310	30	9311	30	0	0	0	0	0	0	1	30099	0	0	//저주받은탑정복(빛의시련)					
//	966	2928	47998	2	5	9927	9936	32825	0	0	0	0	0	0	0	0	0	1	9312	30	0	0	0	0	0	0	0	0	0	0	0	0	0	0	0	0	0	0	1	30100	0	0	//악몽용족의계곡정복					
//	967	2928	47998	2	5	9928	9937	39957	0	0	0	0	0	0	0	0	0	1	9313	30	0	0	0	0	0	0	0	0	0	0	0	0	0	0	0	0	0	0	1	30101	0	0	//비밀의방정복					
//	968	2928	47998	2	5	10862	10863	200074	0	0	0	0	0	0	0	0	0	27	969	1	970	1	971	1	972	1	973	1	974	1	975	1	976	1	977	0	0	0	1	11057	0	0	//중국2주년이벤트_장신구					
//	969	2928	47998	2	5	10864	10872	90027	0	0	0	0	0	0	0	0	0	1	6677	200	0	0	0	0	0	0	0	0	0	0	0	0	0	0	0	0	0	0	1	11058	0	0	//중국2주년이벤트_기					
//	970	2928	47998	2	5	10865	10872	90028	0	0	0	0	0	0	0	0	0	1	6678	200	0	0	0	0	0	0	0	0	0	0	0	0	0	0	0	0	0	0	1	11059	0	0	//중국2주년이벤트_적					
//	971	2928	47998	2	5	10866	10872	90029	0	0	0	0	0	0	0	0	0	1	6679	200	0	0	0	0	0	0	0	0	0	0	0	0	0	0	0	0	0	0	1	11060	0	0	//중국2주년이벤트_세					
//	972	2928	47998	2	5	10867	10872	90030	0	0	0	0	0	0	0	0	0	1	6680	200	0	0	0	0	0	0	0	0	0	0	0	0	0	0	0	0	0	0	1	11061	0	0	//중국2주년이벤트_계					
//	973	2928	47998	2	5	10868	10872	90031	0	0	0	0	0	0	0	0	0	1	6681	200	0	0	0	0	0	0	0	0	0	0	0	0	0	0	0	0	0	0	1	11062	0	0	//중국2주년이벤트_생					
//	974	2928	47998	2	5	10869	10872	90032	0	0	0	0	0	0	0	0	0	1	6682	200	0	0	0	0	0	0	0	0	0	0	0	0	0	0	0	0	0	0	1	11063	0	0	//중국2주년이벤트_일					
//	975	2928	47998	2	5	10870	10872	90033	0	0	0	0	0	0	0	0	0	1	6683	200	0	0	0	0	0	0	0	0	0	0	0	0	0	0	0	0	0	0	1	11064	0	0	//중국2주년이벤트_축					
//	976	2928	47998	2	5	10871	10872	90034	0	0	0	0	0	0	0	0	0	1	6684	200	0	0	0	0	0	0	0	0	0	0	0	0	0	0	0	0	0	0	1	11065	0	0	//중국2주년이벤트_하					
	977	2928	47998	2	5	10700	10716	90289	0	0	0	0	0	0	0	0	0	1	5303	100	0	0	0	0	0	0	0	0	0	0	0	0	0	0	0	0	0	0	1	65219	0	0	//복주머니100개수집					
	978	2928	47998	2	5	10701	10716	90289	0	0	0	0	0	977	0	0	0	1	5303	200	0	0	0	0	0	0	0	0	0	0	0	0	0	0	0	0	0	0	1	65220	0	0	//복주머니200개수집					
	979	2928	47998	2	5	10702	10716	90289	0	0	0	0	0	978	0	0	0	1	5303	300	0	0	0	0	0	0	0	0	0	0	0	0	0	0	0	0	0	0	1	65221	0	0	//복주머니300개수집					
	980	2928	47998	2	5	10703	10716	90289	0	0	0	0	0	979	0	0	0	1	5303	400	0	0	0	0	0	0	0	0	0	0	0	0	0	0	0	0	0	0	1	65222	0	0	//복주머니400개수집					
	981	2928	47998	2	5	10704	10716	90289	0	0	0	0	0	980	0	0	0	1	5303	500	0	0	0	0	0	0	0	0	0	0	0	0	0	0	0	0	0	0	1	65223	0	0	//복주머니500개수집					
	982	2928	47998	2	5	10705	10716	90289	0	0	0	0	0	981	0	0	0	1	5303	600	0	0	0	0	0	0	0	0	0	0	0	0	0	0	0	0	0	0	1	65224	0	0	//복주머니600개수집					
	983	2928	47998	2	5	10706	10716	90289	0	0	0	0	0	982	0	0	0	1	5303	700	0	0	0	0	0	0	0	0	0	0	0	0	0	0	0	0	0	0	1	65225	0	0	//복주머니700개수집					
	984	2928	47998	2	5	10707	10716	90289	0	0	0	0	0	983	0	0	0	1	5303	800	0	0	0	0	0	0	0	0	0	0	0	0	0	0	0	0	0	0	1	65226	0	0	//복주머니800개수집					
	985	2928	47998	2	5	10708	10716	90289	0	0	0	0	0	984	0	0	0	1	5303	900	0	0	0	0	0	0	0	0	0	0	0	0	0	0	0	0	0	0	1	65227	0	0	//복주머니900개수집					
	986	2928	47998	2	5	10709	10716	90289	0	0	0	0	0	985	0	0	0	1	5303	1000	0	0	0	0	0	0	0	0	0	0	0	0	0	0	0	0	0	0	1	65228	0	0	//복주머니1000개수집					
//	987	2928	47998	2	5	10873	10877	20596	0	0	0	0	0	0	0	0	0	1	6836	200	0	0	0	0	0	0	0	0	0	0	0	0	0	0	0	0	0	0	1	11066	0	0	//중국추석이벤트이벤트_콩송편					
//	988	2928	47998	2	5	10874	10877	20597	0	0	0	0	0	0	0	0	0	1	6837	200	0	0	0	0	0	0	0	0	0	0	0	0	0	0	0	0	0	0	1	11067	0	0	//중국추석이벤트이벤트_쑥송편					
//	989	2928	47998	2	5	10875	10877	20598	0	0	0	0	0	0	0	0	0	1	6838	200	0	0	0	0	0	0	0	0	0	0	0	0	0	0	0	0	0	0	1	11068	0	0	//중국추석이벤트이벤트_팥송편					
//	990	2928	47998	2	5	10876	10877	20599	0	0	0	0	0	0	0	0	0	1	6839	200	0	0	0	0	0	0	0	0	0	0	0	0	0	0	0	0	0	0	1	11069	0	0	//중국추석이벤트이벤트_꿀송편					
//	991	2928	47998	2	5	10878	10884	25146	0	0	0	0	0	0	0	0	0	1	9127	200	0	0	0	0	0	0	0	0	0	0	0	0	0	0	0	0	0	0	1	11070	0	0	//할로윈호박200개수집					
//	992	2928	47998	2	5	10879	10884	25146	0	0	0	0	0	991	0	0	0	1	9127	400	0	0	0	0	0	0	0	0	0	0	0	0	0	0	0	0	0	0	1	11071	0	0	//할로윈호박400개수집					
//	993	2928	47998	2	5	10880	10884	25146	0	0	0	0	0	992	0	0	0	1	9127	500	0	0	0	0	0	0	0	0	0	0	0	0	0	0	0	0	0	0	1	11072	0	0	//할로윈호박500개수집					
//	994	2928	47998	2	5	10881	10884	25146	0	0	0	0	0	993	0	0	0	1	9127	600	0	0	0	0	0	0	0	0	0	0	0	0	0	0	0	0	0	0	1	11073	0	0	//할로윈호박600개수집					
//	995	2928	47998	2	5	10882	10884	25146	0	0	0	0	0	994	0	0	0	1	9127	800	0	0	0	0	0	0	0	0	0	0	0	0	0	0	0	0	0	0	1	11074	0	0	//할로윈호박800개수집					
//	996	2928	47998	2	5	10883	10884	25146	0	0	0	0	0	995	0	0	0	1	9127	1000	0	0	0	0	0	0	0	0	0	0	0	0	0	0	0	0	0	0	1	11075	0	0	//할로윈호박1000개수집					
	997	2928	47998	2	5	10885	10887	86259	0	0	0	0	0	0	0	0	0	1	5309	100	0	0	0	0	0	0	0	0	0	0	0	0	0	0	0	0	0	0	1	11090	0	0	//눈사람결정수집1					
	998	2928	47998	2	5	10886	10887	86259	0	0	0	0	0	997	0	0	0	1	5309	200	0	0	0	0	0	0	0	0	0	0	0	0	0	0	0	0	0	0	1	11091	0	0	//눈사람결정수집2					
	1113	2928	47998	2	5	9864	9874	95002	0	0	0	0	0	0	0	0	0	1	9316	100	0	0	0	0	0	0	0	0	0	0	0	0	0	0	0	0	0	0	1	65231	0	0	//SUN CHIP 100개수집					
	1114	2928	47998	2	5	9865	9874	95002	0	0	0	0	0	1113	0	0	0	1	9316	200	0	0	0	0	0	0	0	0	0	0	0	0	0	0	0	0	0	0	1	65232	0	0	//SUN CHIP 200개수집					
	1115	2928	47998	2	5	9866	9874	95002	0	0	0	0	0	1114	0	0	0	1	9316	300	0	0	0	0	0	0	0	0	0	0	0	0	0	0	0	0	0	0	1	65233	0	0	//SUN CHIP 300개수집					
	1116	2928	47998	2	5	9867	9874	95002	0	0	0	0	0	1115	0	0	0	1	9316	400	0	0	0	0	0	0	0	0	0	0	0	0	0	0	0	0	0	0	1	65234	0	0	//SUN CHIP 400개수집					
	1117	2928	47998	2	5	9868	9874	95002	0	0	0	0	0	1116	0	0	0	1	9316	500	0	0	0	0	0	0	0	0	0	0	0	0	0	0	0	0	0	0	1	65235	0	0	//SUN CHIP 500개수집					
	1118	2928	47998	2	5	9869	9874	95002	0	0	0	0	0	1117	0	0	0	1	9316	600	0	0	0	0	0	0	0	0	0	0	0	0	0	0	0	0	0	0	1	65236	0	0	//SUN CHIP 600개수집					
	1119	2928	47998	2	5	9870	9874	95002	0	0	0	0	0	1118	0	0	0	1	9316	700	0	0	0	0	0	0	0	0	0	0	0	0	0	0	0	0	0	0	1	65237	0	0	//SUN CHIP 700개수집					
	1120	2928	47998	2	5	9871	9874	95002	0	0	0	0	0	1119	0	0	0	1	9316	800	0	0	0	0	0	0	0	0	0	0	0	0	0	0	0	0	0	0	1	65238	0	0	//SUN CHIP 800개수집					
	1121	2928	47998	2	5	9872	9874	95002	0	0	0	0	0	1120	0	0	0	1	9316	900	0	0	0	0	0	0	0	0	0	0	0	0	0	0	0	0	0	0	1	65239	0	0	//SUN CHIP 900개수집					
	1122	2928	47998	2	5	9873	9874	95002	0	0	0	0	0	1121	0	0	0	1	9316	1000	0	0	0	0	0	0	0	0	0	0	0	0	0	0	0	0	0	0	1	65240	0	0	//SUN CHIP 1000개수집					
	1679	2928	47999	2	1	155709	158709	95002	0	0	0	0	9	301	0	0	0	20	100	1	0	0	0	0	0	0	0	0	0	0	0	0	0	0	0	0	0	0	1	1094	0	0						
	1680	2928	47999	2	1	155710	158710	95002	0	0	0	0	9	1679	0	0	0	20	110	1	0	0	0	0	0	0	0	0	0	0	0	0	0	0	0	0	0	0	1	1095	0	0						
	1681	2928	47999	2	1	155711	158711	95002	0	0	0	0	9	1680	0	0	0	20	120	1	0	0	0	0	0	0	0	0	0	0	0	0	0	0	0	0	0	0	1	1096	0	0						
	1682	2928	47999	2	1	155712	158712	95002	0	0	0	0	9	1681	0	0	0	20	130	1	0	0	0	0	0	0	0	0	0	0	0	0	0	0	0	0	0	0	1	1097	0	0						
	1684	2928	47999	2	1	155713	158713	95002	0	0	0	0	9	1683	0	0	0	20	140	1	0	0	0	0	0	0	0	0	0	0	0	0	0	0	0	0	0	0	1	1099	0	0						
	1686	2928	47999	2	1	155714	158714	95002	0	0	0	0	9	1685	0	0	0	20	150	1	0	0	0	0	0	0	0	0	0	0	0	0	0	0	0	0	0	0	0	0	0	0						
	1739	2928	47999	2	1	43501	44501	95002	0	0	0	0	9	1738	0	0	0	20	155	1	0	0	0	0	0	0	0	0	0	0	0	0	0	0	0	0	0	0	0	0	0	0						
	1744	2928	47999	2	1	155715	158715	95002	0	0	0	0	9	1743	0	0	0	20	160	1	0	0	0	0	0	0	0	0	0	0	0	0	0	0	0	0	0	0	0	0	0	0						
	1745	2928	47999	2	1	155716	158716	95002	0	0	0	0	9	1744	0	0	0	20	161	1	0	0	0	0	0	0	0	0	0	0	0	0	0	0	0	0	0	0	0	0	0	0						
	1746	2928	47999	2	1	155717	158717	95002	0	0	0	0	9	1745	0	0	0	20	162	1	0	0	0	0	0	0	0	0	0	0	0	0	0	0	0	0	0	0	0	0	0	0						
	1747	2928	47999	2	1	155718	158718	95002	0	0	0	0	9	1746	0	0	0	20	163	1	0	0	0	0	0	0	0	0	0	0	0	0	0	0	0	0	0	0	0	0	0	0						
	1748	2928	47999	2	1	155719	158719	95002	0	0	0	0	9	1747	0	0	0	20	164	1	0	0	0	0	0	0	0	0	0	0	0	0	0	0	0	0	0	0	0	0	0	0						
	1749	2928	47999	2	1	90012	92012	95002	0	0	0	0	9	1748	0	0	0	20	165	1	0	0	0	0	0	0	0	0	0	0	0	0	0	0	0	0	0	0	0	0	0	0						
	1750	2928	47999	2	1	90013	92013	95002	0	0	0	0	9	1749	0	0	0	20	166	1	0	0	0	0	0	0	0	0	0	0	0	0	0	0	0	0	0	0	0	0	0	0						
	1751	2928	47999	2	1	90014	92014	95002	0	0	0	0	9	1750	0	0	0	20	167	1	0	0	0	0	0	0	0	0	0	0	0	0	0	0	0	0	0	0	0	0	0	0						
	1752	2928	47999	2	1	90015	92015	95002	0	0	0	0	9	1751	0	0	0	20	168	1	0	0	0	0	0	0	0	0	0	0	0	0	0	0	0	0	0	0	0	0	0	0						
	1753	2928	47999	2	1	90016	92016	95002	0	0	0	0	9	1752	0	0	0	20	169	1	0	0	0	0	0	0	0	0	0	0	0	0	0	0	0	0	0	0	0	0	0	0						
	1754	2928	47999	2	1	90017	92017	95002	0	0	0	0	9	1753	0	0	0	20	170	1	0	0	0	0	0	0	0	0	0	0	0	0	0	0	0	0	0	0	0	0	0	0						
	1755	2928	47999	2	1	90018	92018	95002	0	0	0	0	9	1754	0	0	0	20	171	1	0	0	0	0	0	0	0	0	0	0	0	0	0	0	0	0	0	0	0	0	0	0						
	1756	2928	47999	2	1	90019	92019	95002	0	0	0	0	9	1755	0	0	0	20	172	1	0	0	0	0	0	0	0	0	0	0	0	0	0	0	0	0	0	0	0	0	0	0						
	1757	2928	47999	2	1	90020	92020	95002	0	0	0	0	9	1756	0	0	0	20	173	1	0	0	0	0	0	0	0	0	0	0	0	0	0	0	0	0	0	0	0	0	0	0						
	1758	2928	47999	2	1	90021	92021	95002	0	0	0	0	9	1757	0	0	0	20	174	1	0	0	0	0	0	0	0	0	0	0	0	0	0	0	0	0	0	0	0	0	0	0						
	1759	2928	47999	2	1	90022	92022	95002	0	0	0	0	9	1758	0	0	0	20	175	1	0	0	0	0	0	0	0	0	0	0	0	0	0	0	0	0	0	0	0	0	0	0						
	1760	2928	47999	2	1	90023	92023	95002	0	0	0	0	9	1759	0	0	0	20	176	1	0	0	0	0	0	0	0	0	0	0	0	0	0	0	0	0	0	0	0	0	0	0						
	1761	2928	47999	2	1	90024	92024	95002	0	0	0	0	9	1760	0	0	0	20	177	1	0	0	0	0	0	0	0	0	0	0	0	0	0	0	0	0	0	0	0	0	0	0						
	1762	2928	47999	2	1	155705	158705	95002	0	0	0	0	0	0	0	0	0	20	60	1	0	0	0	0	0	0	0	0	0	0	0	0	0	0	0	0	0	0	1	9201	0	0	//Lv60 Mayan milestone					
	1763	2928	47999	2	1	155706	158706	95002	0	0	0	0	0	0	0	0	0	20	70	1	0	0	0	0	0	0	0	0	0	0	0	0	0	0	0	0	0	0	1	9201	0	0	//Lv70 Mayan milestone					
	1764	2928	47999	2	1	155707	158707	95002	0	0	0	0	0	0	0	0	0	20	80	1	0	0	0	0	0	0	0	0	0	0	0	0	0	0	0	0	0	0	1	9201	0	0	//Lv80 Mayan milestone					
	1765	2928	47999	2	1	155708	158708	95002	0	0	0	0	0	0	0	0	0	20	90	1	0	0	0	0	0	0	0	0	0	0	0	0	0	0	0	0	0	0	1	9201	0	0	//Lv90 Mayan milestone					
	1766	2928	47999	2	1	155709	158709	95002	0	0	0	0	0	0	0	0	0	20	100	1	0	0	0	0	0	0	0	0	0	0	0	0	0	0	0	0	0	0	1	9201	0	0	//Lv100 Mayan milestone					
	1767	2928	47999	2	1	155710	158710	95002	0	0	0	0	0	0	0	0	0	20	110	1	0	0	0	0	0	0	0	0	0	0	0	0	0	0	0	0	0	0	1	9201	0	0	//Lv110 Mayan milestone					
