//			투사의엘리트1차 10000	무기 : 1										현재 각성 허용 한 레벨에 대한 메시지출력																
//			투사의엘리트2차 11000	갑옷 : 101																										
//			유니크1차  20000	프로텍터 : 201																										
//			유니크1.5차  21000	헬멧 : 301																										
//			유니크2차  22000	바지 : 401																										
//			엘리트1차 30000	부츠 : 501																										
//			엘리트1.5차 31000	장갑 : 601																										
//			엘리트2차 33000	벨트 : 701																							0 : 진화불가			
//				셔츠 : 801																							아이템코드 입력시 해당 아이템코드로 진화 가능			
//																		각성1레벨	각성2레벨	각성3레벨	각성4레벨	각성5레벨	각성6레벨	각성7레벨	각성8레벨	각성9레벨				
//	아이템코드	아이템명	각성구분	만능재료코드_1	만능재료코드_1수량	만능재료코드_2	만능재료코드_2수량	만능재료코드_3	만능재료코드_3수량	만능재료코드_4	만능재료코드_4수량	만능재료코드_5	만능재료코드_5수량	각성허용레벨	각성첨가제아이템코드	각성첨가제수량	성공확률	옵션수치	옵션수치	옵션수치	옵션수치	옵션수치	옵션수치	옵션수치	옵션수치	옵션수치	진화 아이템코드	진화첨가제아이템코드	진화첨가제 수량	진화성공확률
	ItemCode	ItemName	AwakeSeparation	AllroundMaterialCode1	AllroundMaterialCount1	AllroundMaterialCode2	AllroundMaterialCount2	AllroundMaterialCode3	AllroundMaterialCount3	AllroundMaterialCode4	AllroundMaterialCount4	AllroundMaterialCode5	AllroundMaterialCount5	AwakeLimitLevel	AdditiveItemCode	AdditiveCount	ProbabilitySuccess	OptionParam1	OptionParam2	OptionParam3	OptionParam4	OptionParam5	OptionParam6	OptionParam7	OptionParam8	OptionParam9	EvolutionItemCode	EvolutionAdditiveItemCode	EvolutionAdditiveItemCount	EvolutionProbabilitySuccess
//	무기																													
//	투사의엘리트1차																													
	50222	투사의엘리트_각성된발로그_양손도끼	1	6060	22	4428	1	0	0	0	0	0	0	9	4403	1	100	91	109	131	158	189	227	272	327	392	50258	4416	1	100
	50223	투사의엘리트_각성된발로그_양손검	2	6060	22	4428	1	0	0	0	0	0	0	9	4403	1	100	91	109	131	158	189	227	272	327	392	50259	4416	1	100
	50224	투사의엘리트_라합의어금니_한손검	3	6060	22	4428	1	0	0	0	0	0	0	9	4403	1	100	91	109	131	158	189	227	272	327	392	50260	4416	1	100
	50225	투사의엘리트_라합의어금니_창	4	6060	22	4428	1	0	0	0	0	0	0	9	4403	1	100	91	109	131	158	189	227	272	327	392	50261	4416	1	100
	50226	투사의엘리트_불화의안드라스_대거	5	6060	22	4428	1	0	0	0	0	0	0	9	4403	1	100	91	109	131	158	189	227	272	327	392	50262	4416	1	100
	50227	투사의엘리트_불화의안드라스_채찍검	6	6060	22	4428	1	0	0	0	0	0	0	9	4403	1	100	91	109	131	158	189	227	272	327	392	50263	4416	1	100
	50228	투사의엘리트_타락한노르니르_석궁	7	6060	22	4428	1	0	0	0	0	0	0	9	4403	1	100	91	109	131	158	189	227	272	327	392	50264	4416	1	100
	50229	투사의엘리트_타락한노르니르_에테르웨폰	8	6060	22	4428	1	0	0	0	0	0	0	9	4403	1	100	91	109	131	158	189	227	272	327	392	50265	4416	1	100
	50230	투사의엘리트_원죄의마라_지팡이	9	6060	22	4428	1	0	0	0	0	0	0	9	4403	1	100	91	109	131	158	189	227	272	327	392	50266	4416	1	100
	50231	투사의엘리트_원죄의마라_오브	10	6060	22	4428	1	0	0	0	0	0	0	9	4403	1	100	91	109	131	158	189	227	272	327	392	50267	4416	1	100
	50252	아리만_건틀렛	11	6060	22	4428	1	0	0	0	0	0	0	9	4403	1	100	91	109	131	158	189	227	272	327	392	50268	4416	1	100
	50253	아리만_에테르사이드	12	6060	22	4428	1	0	0	0	0	0	0	9	4403	1	100	91	109	131	158	189	227	272	327	392	50269	4416	1	100
	50137	추락한아바돈_에테르블래스터	13	6060	22	4428	1	0	0	0	0	0	0	9	4403	1	100	91	109	131	158	189	227	272	327	392	50139	4416	1	100
	50329	추락한두르가의_아크블레이드_23등급아이템	14	6060	22	4428	1	0	0	0	0	0	0	9	4403	1	100	91	109	131	158	189	227	272	327	392	50586	4416	1	100
//	투사의엘리트2차																													
	50258	피로물든_발로그_양손도끼	15	6067	22	4429	1	0	0	0	0	0	0	9	4403	2	100	138	166	199	238	286	343	412	494	593	0	4417	1	100
	50259	피로물든_발로그_양손검	16	6067	22	4429	1	0	0	0	0	0	0	9	4403	2	100	138	166	199	238	286	343	412	494	593	0	4417	1	100
	50260	피로물든_라합_한손검	17	6067	22	4429	1	0	0	0	0	0	0	9	4403	2	100	138	166	199	238	286	343	412	494	593	0	4417	1	100
	50261	피로물든_라합_창	18	6067	22	4429	1	0	0	0	0	0	0	9	4403	2	100	138	166	199	238	286	343	412	494	593	0	4417	1	100
	50262	피로물든_안드라스_대거	19	6067	22	4429	1	0	0	0	0	0	0	9	4403	2	100	138	166	199	238	286	343	412	494	593	0	4417	1	100
	50263	피로물든_안드라스_채찍검	20	6067	22	4429	1	0	0	0	0	0	0	9	4403	2	100	138	166	199	238	286	343	412	494	593	0	4417	1	100
	50264	피로물든_노르니르_석궁	21	6067	22	4429	1	0	0	0	0	0	0	9	4403	2	100	138	166	199	238	286	343	412	494	593	0	4417	1	100
	50265	피로물든_노르니르_에테르웨폰	22	6067	22	4429	1	0	0	0	0	0	0	9	4403	2	100	138	166	199	238	286	343	412	494	593	0	4417	1	100
	50266	피로물든_마라_지팡이	23	6067	22	4429	1	0	0	0	0	0	0	9	4403	2	100	138	166	199	238	286	343	412	494	593	0	4417	1	100
	50267	피로물든_마라_오브	24	6067	22	4429	1	0	0	0	0	0	0	9	4403	2	100	138	166	199	238	286	343	412	494	593	0	4417	1	100
	50268	피로물든_아리만_건틀렛	25	6067	22	4429	1	0	0	0	0	0	0	9	4403	2	100	138	166	199	238	286	343	412	494	593	0	4417	1	100
	50269	피로물든_아리만_에테르사이드	26	6067	22	4429	1	0	0	0	0	0	0	9	4403	2	100	138	166	199	238	286	343	412	494	593	0	4417	1	100
	50139	피로물든_아바돈_에테르블래스터	27	6067	22	4429	1	0	0	0	0	0	0	9	4403	2	100	138	166	199	238	286	343	412	494	593	0	4417	1	100
	50586	피로물든두르가의_아크블레이드_25등급아이템	28	6067	22	4429	1	0	0	0	0	0	0	9	4403	2	100	138	166	199	238	286	343	412	494	593	0	4417	1	100
//	유니크1차																													
	50100	탈그룬트의_양손도끼	29	6060	44	4430	1	0	0	0	0	0	0	9	4403	2	100	146	176	211	253	304	364	437	525	629	0	4418	1	100
	50102	슈트라의_양손검	30	6060	44	4430	1	0	0	0	0	0	0	9	4403	2	100	146	176	211	253	304	364	437	525	629	0	4418	1	100
	50104	베르텍스의_한손검	31	6060	44	4430	1	0	0	0	0	0	0	9	4403	2	100	146	176	211	253	304	364	437	525	629	0	4418	1	100
	50106	팔랑크스의_창	32	6060	44	4430	1	0	0	0	0	0	0	9	4403	2	100	146	176	211	253	304	364	437	525	629	0	4418	1	100
	50108	오리야의_한손석궁	33	6060	44	4430	1	0	0	0	0	0	0	9	4403	2	100	146	176	211	253	304	364	437	525	629	0	4418	1	100
	50110	알베우스의_에테르웨폰	34	6060	44	4430	1	0	0	0	0	0	0	9	4403	2	100	146	176	211	253	304	364	437	525	629	0	4418	1	100
	50112	콘발리페의_지팡이	35	6060	44	4430	1	0	0	0	0	0	0	9	4403	2	100	146	176	211	253	304	364	437	525	629	0	4418	1	100
	50114	브로테의_오브	36	6060	44	4430	1	0	0	0	0	0	0	9	4403	2	100	146	176	211	253	304	364	437	525	629	0	4418	1	100
	50116	바쿠의_대거	37	6060	44	4430	1	0	0	0	0	0	0	9	4403	2	100	146	176	211	253	304	364	437	525	629	0	4418	1	100
	50118	바쿠의_채찍검	38	6060	44	4430	1	0	0	0	0	0	0	9	4403	2	100	146	176	211	253	304	364	437	525	629	0	4418	1	100
	50120	라플라시아_건틀렛	39	6060	44	4430	1	0	0	0	0	0	0	9	4403	2	100	146	176	211	253	304	364	437	525	629	0	4418	1	100
	50122	유클레시아_에테르사이드	40	6060	44	4430	1	0	0	0	0	0	0	9	4403	2	100	146	176	211	253	304	364	437	525	629	0	4418	1	100
	50135	니드호그의_에테르블래스터	41	6060	44	4430	1	0	0	0	0	0	0	9	4403	2	100	146	176	211	253	304	364	437	525	629	0	4418	1	100
	50327	타라의_아크블레이드_33등급아이템	42	6060	44	4430	1	0	0	0	0	0	0	9	4403	2	100	146	176	211	253	304	364	437	525	629	0	4418	1	100
//	유니크1.5차																													
	50242	파괴신_탈그룬트의_양손도끼	43	6067	44	4431	1	0	0	0	0	0	0	9	4403	4	100	171	206	247	296	355	426	511	614	737	0	4419	1	100
	50243	파괴신_슈트라의_양손검	44	6067	44	4431	1	0	0	0	0	0	0	9	4403	4	100	171	206	247	296	355	426	511	614	737	0	4419	1	100
	50244	저주받은_베르텍스의_한손검	45	6067	44	4431	1	0	0	0	0	0	0	9	4403	4	100	171	206	247	296	355	426	511	614	737	0	4419	1	100
	50245	저주받은_팔랑크스의_창	46	6067	44	4431	1	0	0	0	0	0	0	9	4403	4	100	171	206	247	296	355	426	511	614	737	0	4419	1	100
	50246	타락한_오리야의_한손석궁	47	6067	44	4431	1	0	0	0	0	0	0	9	4403	4	100	171	206	247	296	355	426	511	614	737	0	4419	1	100
	50247	타락한_알베우스의_에테르웨폰	48	6067	44	4431	1	0	0	0	0	0	0	9	4403	4	100	171	206	247	296	355	426	511	614	737	0	4419	1	100
	50248	죽음의_콘발리페_지팡이	49	6067	44	4431	1	0	0	0	0	0	0	9	4403	4	100	171	206	247	296	355	426	511	614	737	0	4419	1	100
	50249	죽음의_브로테_오브	50	6067	44	4431	1	0	0	0	0	0	0	9	4403	4	100	171	206	247	296	355	426	511	614	737	0	4419	1	100
	50250	탐욕의_바쿠_대거	51	6067	44	4431	1	0	0	0	0	0	0	9	4403	4	100	171	206	247	296	355	426	511	614	737	0	4419	1	100
	50251	탐욕의_바쿠_채찍검	52	6067	44	4431	1	0	0	0	0	0	0	9	4403	4	100	171	206	247	296	355	426	511	614	737	0	4419	1	100
	50256	증오의_라플라시아_건틀렛	53	6067	44	4431	1	0	0	0	0	0	0	9	4403	4	100	171	206	247	296	355	426	511	614	737	0	4419	1	100
	50257	증오의_유클레시아_에테르사이드	54	6067	44	4431	1	0	0	0	0	0	0	9	4403	4	100	171	206	247	296	355	426	511	614	737	0	4419	1	100
	50142	분노의_니드호그_에테르블래스터	55	6067	44	4431	1	0	0	0	0	0	0	9	4403	4	100	171	206	247	296	355	426	511	614	737	0	4419	1	100
	50589	냉정한타라의_아크블레이드_34등급아이템	56	6067	44	4431	1	0	0	0	0	0	0	9	4403	4	100	171	206	247	296	355	426	511	614	737	0	4419	1	100
//	유니크2차																													
	50101	볼칸의_양손도끼	57	6106	44	4432	1	0	0	0	0	0	0	9	4403	6	100	200	240	289	346	416	499	598	718	862	0	4420	1	100
	50103	운베터의_양손검	58	6106	44	4432	1	0	0	0	0	0	0	9	4403	6	100	200	240	289	346	416	499	598	718	862	0	4420	1	100
	50105	토렌스의_한손검	59	6106	44	4432	1	0	0	0	0	0	0	9	4403	6	100	200	240	289	346	416	499	598	718	862	0	4420	1	100
	50107	메테오라의_창	60	6106	44	4432	1	0	0	0	0	0	0	9	4403	6	100	200	240	289	346	416	499	598	718	862	0	4420	1	100
	50109	아우라의_한손석궁	61	6106	44	4432	1	0	0	0	0	0	0	9	4403	6	100	200	240	289	346	416	499	598	718	862	0	4420	1	100
	50111	카우시스의_에테르웨폰	62	6106	44	4432	1	0	0	0	0	0	0	9	4403	6	100	200	240	289	346	416	499	598	718	862	0	4420	1	100
	50113	이그니시온의_지팡이	63	6106	44	4432	1	0	0	0	0	0	0	9	4403	6	100	200	240	289	346	416	499	598	718	862	0	4420	1	100
	50115	소르젠테의_오브	64	6106	44	4432	1	0	0	0	0	0	0	9	4403	6	100	200	240	289	346	416	499	598	718	862	0	4420	1	100
	50117	시드의_대거	65	6106	44	4432	1	0	0	0	0	0	0	9	4403	6	100	200	240	289	346	416	499	598	718	862	0	4420	1	100
	50119	시드의_채찍검	66	6106	44	4432	1	0	0	0	0	0	0	9	4403	6	100	200	240	289	346	416	499	598	718	862	0	4420	1	100
	50121	헬라임의_건틀렛	67	6106	44	4432	1	0	0	0	0	0	0	9	4403	6	100	200	240	289	346	416	499	598	718	862	0	4420	1	100
	50123	엘라임의_에테르사이드	68	6106	44	4432	1	0	0	0	0	0	0	9	4403	6	100	200	240	289	346	416	499	598	718	862	0	4420	1	100
	50136	헤르모드의_에테르블래스터	69	6106	44	4432	1	0	0	0	0	0	0	9	4403	6	100	200	240	289	346	416	499	598	718	862	0	4420	1	100
	50328	파르바티의_아크블레이드_34등급아이템	70	6106	44	4432	1	0	0	0	0	0	0	9	4403	6	100	200	240	289	346	416	499	598	718	862	0	4420	1	100
//	유니크2.5차																													
	50623	피로물든_볼칸의_양손도끼	667	6111	44	4518	1	0	0	0	0	0	0	9	4403	6	100	235	282	338	405	486	584	701	841	1009	0	0	0	100
	50624	피로물든_운베터의_양손검	668	6111	44	4518	1	0	0	0	0	0	0	9	4403	6	100	235	282	338	405	486	584	701	841	1009	0	0	0	100
	50625	피로물든_토렌스의_한손검	669	6111	44	4518	1	0	0	0	0	0	0	9	4403	6	100	235	282	338	405	486	584	701	841	1009	0	0	0	100
	50626	피로물든_메테오라의_창	670	6111	44	4518	1	0	0	0	0	0	0	9	4403	6	100	235	282	338	405	486	584	701	841	1009	0	0	0	100
	50627	피로물든_아우라의_한손석궁	671	6111	44	4518	1	0	0	0	0	0	0	9	4403	6	100	235	282	338	405	486	584	701	841	1009	0	0	0	100
	50628	피로물든_카우시스의_에테르웨폰	672	6111	44	4518	1	0	0	0	0	0	0	9	4403	6	100	235	282	338	405	486	584	701	841	1009	0	0	0	100
	50629	피로물든_이그니시온의_지팡이	673	6111	44	4518	1	0	0	0	0	0	0	9	4403	6	100	235	282	338	405	486	584	701	841	1009	0	0	0	100
	50630	피로물든_소르젠테의_오브	674	6111	44	4518	1	0	0	0	0	0	0	9	4403	6	100	235	282	338	405	486	584	701	841	1009	0	0	0	100
	50631	피로물든_시드의_대거	675	6111	44	4518	1	0	0	0	0	0	0	9	4403	6	100	235	282	338	405	486	584	701	841	1009	0	0	0	100
	50632	피로물든_시드의_채찍검	676	6111	44	4518	1	0	0	0	0	0	0	9	4403	6	100	235	282	338	405	486	584	701	841	1009	0	0	0	100
	50633	피로물든_헬라임의_건틀렛	677	6111	44	4518	1	0	0	0	0	0	0	9	4403	6	100	235	282	338	405	486	584	701	841	1009	0	0	0	100
	50634	피로물든_엘라임의_에테르사이드	678	6111	44	4518	1	0	0	0	0	0	0	9	4403	6	100	235	282	338	405	486	584	701	841	1009	0	0	0	100
	50635	피로물든_헤르모드의_에테르블래스터	679	6111	44	4518	1	0	0	0	0	0	0	9	4403	6	100	235	282	338	405	486	584	701	841	1009	0	0	0	100
	50636	피로물든_파르바티의_아크블레이드	680	6111	44	4518	1	0	0	0	0	0	0	9	4403	6	100	235	282	338	405	486	584	701	841	1009	0	0	0	100
//	엘리트1차																													
	50000	니벨룽의_양손도끼	71	6060	22	4433	1	4501	1	0	0	0	0	9	4403	1	100	100	120	144	173	208	250	300	359	431	50010	4421	1	100
	50001	니벨룽의_양손검	72	6060	22	4433	1	4501	1	0	0	0	0	9	4403	1	100	100	120	144	173	208	250	300	359	431	50011	4421	1	100
	50002	이그드라실의_한손검	73	6060	22	4433	1	4501	1	0	0	0	0	9	4403	1	100	100	120	144	173	208	250	300	359	431	50012	4421	1	100
	50003	이그드라실의_창	74	6060	22	4433	1	4501	1	0	0	0	0	9	4403	1	100	100	120	144	173	208	250	300	359	431	50013	4421	1	100
	50004	네프티스의_한손석궁	75	6060	22	4433	1	4501	1	0	0	0	0	9	4403	1	100	100	120	144	173	208	250	300	359	431	50014	4421	1	100
	50005	네프티스의_에테르웨폰	76	6060	22	4433	1	4501	1	0	0	0	0	9	4403	1	100	100	120	144	173	208	250	300	359	431	50015	4421	1	100
	50006	클로리스의_지팡이	77	6060	22	4433	1	4501	1	0	0	0	0	9	4403	1	100	100	120	144	173	208	250	300	359	431	50016	4421	1	100
	50007	클로리스의_오브	78	6060	22	4433	1	4501	1	0	0	0	0	9	4403	1	100	100	120	144	173	208	250	300	359	431	50017	4421	1	100
	50008	야누비스의_대거	79	6060	22	4433	1	4501	1	0	0	0	0	9	4403	1	100	100	120	144	173	208	250	300	359	431	50018	4421	1	100
	50009	야누비스의_채찍검	80	6060	22	4433	1	4501	1	0	0	0	0	9	4403	1	100	100	120	144	173	208	250	300	359	431	50019	4421	1	100
	50050	헤카테_건틀렛	81	6060	22	4433	1	4501	1	0	0	0	0	9	4403	1	100	100	120	144	173	208	250	300	359	431	50052	4421	1	100
	50051	헤카테_에테르사이드	82	6060	22	4433	1	4501	1	0	0	0	0	9	4403	1	100	100	120	144	173	208	250	300	359	431	50053	4421	1	100
	50128	오시리스의_에테르블래스터	83	6060	22	4433	1	4501	1	0	0	0	0	9	4403	1	100	100	120	144	173	208	250	300	359	431	50129	4421	1	100
	50320	세크메트의_아크블레이드_23등급아이템	84	6060	22	4433	1	4501	1	0	0	0	0	9	4403	1	100	100	120	144	173	208	250	300	359	431	50321	4421	1	100
//	엘리트1.5차																													
	50010	파괴신_니벨룽의_양손도끼	85	6060	44	4434	1	0	0	0	0	0	0	9	4403	1	100	118	141	170	204	244	293	352	422	507	50020	4422	1	100
	50011	파괴신_니벨룽의_양손검	86	6060	44	4434	1	0	0	0	0	0	0	9	4403	1	100	118	141	170	204	244	293	352	422	507	50021	4422	1	100
	50012	저주의_이그드라실의_한손검	87	6060	44	4434	1	0	0	0	0	0	0	9	4403	1	100	118	141	170	204	244	293	352	422	507	50022	4422	1	100
	50013	저주의_이그드라실의_창	88	6060	44	4434	1	0	0	0	0	0	0	9	4403	1	100	118	141	170	204	244	293	352	422	507	50023	4422	1	100
	50014	타락한_네프티스의_한손석궁	89	6060	44	4434	1	0	0	0	0	0	0	9	4403	1	100	118	141	170	204	244	293	352	422	507	50024	4422	1	100
	50015	타락한_네프티스의_에테르웨폰	90	6060	44	4434	1	0	0	0	0	0	0	9	4403	1	100	118	141	170	204	244	293	352	422	507	50025	4422	1	100
	50016	죽음의_클로리스의_지팡이	91	6060	44	4434	1	0	0	0	0	0	0	9	4403	1	100	118	141	170	204	244	293	352	422	507	50026	4422	1	100
	50017	죽음의_클로리스의_오브	92	6060	44	4434	1	0	0	0	0	0	0	9	4403	1	100	118	141	170	204	244	293	352	422	507	50027	4422	1	100
	50018	탐욕의_야누비스의_대거	93	6060	44	4434	1	0	0	0	0	0	0	9	4403	1	100	118	141	170	204	244	293	352	422	507	50028	4422	1	100
	50019	탐욕의_야누비스의_채찍검	94	6060	44	4434	1	0	0	0	0	0	0	9	4403	1	100	118	141	170	204	244	293	352	422	507	50029	4422	1	100
	50052	증오의_헤카테_건틀렛	95	6060	44	4434	1	0	0	0	0	0	0	9	4403	1	100	118	141	170	204	244	293	352	422	507	50054	4422	1	100
	50053	증오의_헤카테_에테르사이드	96	6060	44	4434	1	0	0	0	0	0	0	9	4403	1	100	118	141	170	204	244	293	352	422	507	50055	4422	1	100
	50129	분노의_오시리스_에테르블래스터	97	6060	44	4434	1	0	0	0	0	0	0	9	4403	1	100	118	141	170	204	244	293	352	422	507	50130	4422	1	100
	50321	냉정한세크메트의_아크블레이드_24등급아이템	98	6060	44	4434	1	0	0	0	0	0	0	9	4403	1	100	118	141	170	204	244	293	352	422	507	50322	4422	1	100
//	엘리트2차																													
	50020	메르카바의_양손도끼	99	6067	22	4435	1	0	0	0	0	0	0	9	4403	3	100	138	166	199	238	286	343	412	494	593	50078	4423	1	100
	50021	메르카바의_양손검	100	6067	22	4435	1	0	0	0	0	0	0	9	4403	3	100	138	166	199	238	286	343	412	494	593	50079	4423	1	100
	50022	이슈타르의_한손검	101	6067	22	4435	1	0	0	0	0	0	0	9	4403	3	100	138	166	199	238	286	343	412	494	593	50080	4423	1	100
	50023	이슈타르의_창	102	6067	22	4435	1	0	0	0	0	0	0	9	4403	3	100	138	166	199	238	286	343	412	494	593	50081	4423	1	100
	50024	카르시스의_한손석궁	103	6067	22	4435	1	0	0	0	0	0	0	9	4403	3	100	138	166	199	238	286	343	412	494	593	50082	4423	1	100
	50025	카르시스의_에테르웨폰	104	6067	22	4435	1	0	0	0	0	0	0	9	4403	3	100	138	166	199	238	286	343	412	494	593	50083	4423	1	100
	50026	마라크의_지팡이	105	6067	22	4435	1	0	0	0	0	0	0	9	4403	3	100	138	166	199	238	286	343	412	494	593	50084	4423	1	100
	50027	마라크의_오브	106	6067	22	4435	1	0	0	0	0	0	0	9	4403	3	100	138	166	199	238	286	343	412	494	593	50085	4423	1	100
	50028	지브릴_대검	107	6067	22	4435	1	0	0	0	0	0	0	9	4403	3	100	138	166	199	238	286	343	412	494	593	50086	4423	1	100
	50029	지브릴_채찍검	108	6067	22	4435	1	0	0	0	0	0	0	9	4403	3	100	138	166	199	238	286	343	412	494	593	50087	4423	1	100
	50054	핀디아스의_건틀렛	109	6067	22	4435	1	0	0	0	0	0	0	9	4403	3	100	138	166	199	238	286	343	412	494	593	50088	4423	1	100
	50055	핀디아스의_에테르사이드	110	6067	22	4435	1	0	0	0	0	0	0	9	4403	3	100	138	166	199	238	286	343	412	494	593	50089	4423	1	100
	50130	마르두크의_에테르블래스터	111	6067	22	4435	1	0	0	0	0	0	0	9	4403	3	100	138	166	199	238	286	343	412	494	593	50132	4423	1	100
	50322	남타르의_아크블레이드_25등급아이템	112	6067	22	4435	1	0	0	0	0	0	0	9	4403	3	100	138	166	199	238	286	343	412	494	593	50324	4423	1	100
//	엘리트2.5차																													
	50078	피로물든_메르카바의_양손도끼	113	6067	44	4436	1	0	0	0	0	0	0	9	4403	4	100	161	193	232	278	334	401	481	577	692	50092	4424	1	100
	50079	피로물든_메르카바의_양손검	114	6067	44	4436	1	0	0	0	0	0	0	9	4403	4	100	161	193	232	278	334	401	481	577	692	50093	4424	1	100
	50080	피로물든_이슈타르의_한손검	115	6067	44	4436	1	0	0	0	0	0	0	9	4403	4	100	161	193	232	278	334	401	481	577	692	50094	4424	1	100
	50081	피로물든_이슈타르의_창	116	6067	44	4436	1	0	0	0	0	0	0	9	4403	4	100	161	193	232	278	334	401	481	577	692	50095	4424	1	100
	50082	피로물든_카르시스의_한손석궁	117	6067	44	4436	1	0	0	0	0	0	0	9	4403	4	100	161	193	232	278	334	401	481	577	692	50096	4424	1	100
	50083	피로물든_카르시스의_에테르웨폰	118	6067	44	4436	1	0	0	0	0	0	0	9	4403	4	100	161	193	232	278	334	401	481	577	692	50097	4424	1	100
	50084	피로물든_미라크의_지팡이	119	6067	44	4436	1	0	0	0	0	0	0	9	4403	4	100	161	193	232	278	334	401	481	577	692	50098	4424	1	100
	50085	피로물든_미라크의_오브	120	6067	44	4436	1	0	0	0	0	0	0	9	4403	4	100	161	193	232	278	334	401	481	577	692	50099	4424	1	100
	50086	피로물든_지브릴의_대거	121	6067	44	4436	1	0	0	0	0	0	0	9	4403	4	100	161	193	232	278	334	401	481	577	692	50124	4424	1	100
	50087	피로물든_지브릴의_채찍검	122	6067	44	4436	1	0	0	0	0	0	0	9	4403	4	100	161	193	232	278	334	401	481	577	692	50125	4424	1	100
	50088	피로물든_핀디아스의_건틀렛	123	6067	44	4436	1	0	0	0	0	0	0	9	4403	4	100	161	193	232	278	334	401	481	577	692	50126	4424	1	100
	50089	피로물든_핀디아스의_에테르사이드	124	6067	44	4436	1	0	0	0	0	0	0	9	4403	4	100	161	193	232	278	334	401	481	577	692	50127	4424	1	100
	50132	피로물든_마르두크의_에테르블래스터	125	6067	44	4436	1	0	0	0	0	0	0	9	4403	4	100	161	193	232	278	334	401	481	577	692	50133	4424	1	100
	50324	피로물든남타르의_아크블레이드_26등급아이템	126	6067	44	4436	1	0	0	0	0	0	0	9	4403	4	100	161	193	232	278	334	401	481	577	692	50325	4424	1	100
//	엘리트3차																													
	50092	무스펠의_양손도끼	127	6106	22	4437	1	0	0	0	0	0	0	9	4403	5	100	188	226	271	326	391	469	563	675	810	50573	4425	1	100
	50093	무스펠의_양손검	128	6106	22	4437	1	0	0	0	0	0	0	9	4403	5	100	188	226	271	326	391	469	563	675	810	50574	4425	1	100
	50094	요툰의_한손검	129	6106	22	4437	1	0	0	0	0	0	0	9	4403	5	100	188	226	271	326	391	469	563	675	810	50575	4425	1	100
	50095	요툰의_창	130	6106	22	4437	1	0	0	0	0	0	0	9	4403	5	100	188	226	271	326	391	469	563	675	810	50576	4425	1	100
	50096	바나의_한손석궁	131	6106	22	4437	1	0	0	0	0	0	0	9	4403	5	100	188	226	271	326	391	469	563	675	810	50577	4425	1	100
	50097	바나의_에테르웨폰	132	6106	22	4437	1	0	0	0	0	0	0	9	4403	5	100	188	226	271	326	391	469	563	675	810	50578	4425	1	100
	50098	알브의_지팡이	133	6106	22	4437	1	0	0	0	0	0	0	9	4403	5	100	188	226	271	326	391	469	563	675	810	50579	4425	1	100
	50099	알브의_오브	134	6106	22	4437	1	0	0	0	0	0	0	9	4403	5	100	188	226	271	326	391	469	563	675	810	50580	4425	1	100
	50124	니플의_대거	135	6106	22	4437	1	0	0	0	0	0	0	9	4403	5	100	188	226	271	326	391	469	563	675	810	50581	4425	1	100
	50125	니플의_채찍검	136	6106	22	4437	1	0	0	0	0	0	0	9	4403	5	100	188	226	271	326	391	469	563	675	810	50582	4425	1	100
	50126	스바르트의_건틀렛	137	6106	22	4437	1	0	0	0	0	0	0	9	4403	5	100	188	226	271	326	391	469	563	675	810	50583	4425	1	100
	50127	스바르트의_에테르사이드	138	6106	22	4437	1	0	0	0	0	0	0	9	4403	5	100	188	226	271	326	391	469	563	675	810	50584	4425	1	100
	50133	티르의_에테르블래스터	139	6106	22	4437	1	0	0	0	0	0	0	9	4403	5	100	188	226	271	326	391	469	563	675	810	50585	4425	1	100
	50325	테미스의_아크블레이드_27등급아이템	140	6106	22	4437	1	0	0	0	0	0	0	9	4403	5	100	188	226	271	326	391	469	563	675	810	50599	4425	1	100
//	엘리트3.5차																													
	50573	검게물든_무스펠의_양손도끼	141	6106	44	4438	1	0	0	0	0	0	0	9	4403	6	100	221	265	318	381	457	549	658	790	948	50637	4426	1	100
	50574	검게물든_무스펠의_양손검	142	6106	44	4438	1	0	0	0	0	0	0	9	4403	6	100	221	265	318	381	457	549	658	790	948	50638	4426	1	100
	50575	검게물든_요툰의_한손검	143	6106	44	4438	1	0	0	0	0	0	0	9	4403	6	100	221	265	318	381	457	549	658	790	948	50639	4426	1	100
	50576	검게물든_요툰의_창	144	6106	44	4438	1	0	0	0	0	0	0	9	4403	6	100	221	265	318	381	457	549	658	790	948	50640	4426	1	100
	50577	검게물든_바나의_한손석궁	145	6106	44	4438	1	0	0	0	0	0	0	9	4403	6	100	221	265	318	381	457	549	658	790	948	50641	4426	1	100
	50578	검게물든_바나의_에테르웨폰	146	6106	44	4438	1	0	0	0	0	0	0	9	4403	6	100	221	265	318	381	457	549	658	790	948	50642	4426	1	100
	50579	검게물든_알브의_지팡이	147	6106	44	4438	1	0	0	0	0	0	0	9	4403	6	100	221	265	318	381	457	549	658	790	948	50643	4426	1	100
	50580	검게물든_알브의_오브	148	6106	44	4438	1	0	0	0	0	0	0	9	4403	6	100	221	265	318	381	457	549	658	790	948	50644	4426	1	100
	50581	검게물든_니플의_대거	149	6106	44	4438	1	0	0	0	0	0	0	9	4403	6	100	221	265	318	381	457	549	658	790	948	50645	4426	1	100
	50582	검게물든_니플의_채찍검	150	6106	44	4438	1	0	0	0	0	0	0	9	4403	6	100	221	265	318	381	457	549	658	790	948	50646	4426	1	100
	50583	검게물든_스바르트의_건틀렛	151	6106	44	4438	1	0	0	0	0	0	0	9	4403	6	100	221	265	318	381	457	549	658	790	948	50647	4426	1	100
	50584	검게물든_스바르트의_에테르사이드	152	6106	44	4438	1	0	0	0	0	0	0	9	4403	6	100	221	265	318	381	457	549	658	790	948	50648	4426	1	100
	50585	검게물든_티르의_에테르블래스터	153	6106	44	4438	1	0	0	0	0	0	0	9	4403	6	100	221	265	318	381	457	549	658	790	948	50649	4426	1	100
	50599	검게물든_테미스의_아크블레이드	154	6106	44	4438	1	0	0	0	0	0	0	9	4403	6	100	221	265	318	381	457	549	658	790	948	50650	4426	1	100
//	엘리트4차																													
	50637	블라인의_양손도끼	681	6111	22	0	0	0	0	0	0	0	0	9	4403	7	100	258	310	372	446	535	642	770	924	1109	53437	4427	1	100
	50638	블라인의_양손검	682	6111	22	0	0	0	0	0	0	0	0	9	4403	7	100	258	310	372	446	535	642	770	924	1109	53438	4427	1	100
	50639	군나르의_한손검	683	6111	22	0	0	0	0	0	0	0	0	9	4403	7	100	258	310	372	446	535	642	770	924	1109	53439	4427	1	100
	50640	군나르의_창	684	6111	22	0	0	0	0	0	0	0	0	9	4403	7	100	258	310	372	446	535	642	770	924	1109	53440	4427	1	100
	50641	그리드의_한손석궁	685	6111	22	0	0	0	0	0	0	0	0	9	4403	7	100	258	310	372	446	535	642	770	924	1109	53441	4427	1	100
	50642	그리드의_에테르웨폰	686	6111	22	0	0	0	0	0	0	0	0	9	4403	7	100	258	310	372	446	535	642	770	924	1109	53442	4427	1	100
	50643	린드의_지팡이	687	6111	22	0	0	0	0	0	0	0	0	9	4403	7	100	258	310	372	446	535	642	770	924	1109	53443	4427	1	100
	50644	린드의_오브	688	6111	22	0	0	0	0	0	0	0	0	9	4403	7	100	258	310	372	446	535	642	770	924	1109	53444	4427	1	100
	50645	샤치의_대거	689	6111	22	0	0	0	0	0	0	0	0	9	4403	7	100	258	310	372	446	535	642	770	924	1109	53445	4427	1	100
	50646	샤치의_채찍검	690	6111	22	0	0	0	0	0	0	0	0	9	4403	7	100	258	310	372	446	535	642	770	924	1109	53446	4427	1	100
	50647	이둔의_건틀렛	691	6111	22	0	0	0	0	0	0	0	0	9	4403	7	100	258	310	372	446	535	642	770	924	1109	53447	4427	1	100
	50648	이둔의_에테르사이드	692	6111	22	0	0	0	0	0	0	0	0	9	4403	7	100	258	310	372	446	535	642	770	924	1109	53448	4427	1	100
	50649	볼룬드의_에테르블래스터	693	6111	22	0	0	0	0	0	0	0	0	9	4403	7	100	258	310	372	446	535	642	770	924	1109	53449	4427	1	100
	50650	신마라의_아크블레이드	694	6111	22	0	0	0	0	0	0	0	0	9	4403	7	100	258	310	372	446	535	642	770	924	1109	53450	4427	1	100
//	방어구																													
//	투사의엘리트1차																													
	51177	투사의엘리트_아에시마데바_갑옷	155	6056	22	4404	1	0	0	0	0	0	0	9	4403	1	100	51	61	73	88	105	128	153	182	219	51401	4416	1	100
	51178	투사의엘리트_아에시마데바_프로텍터	156	6056	6	4405	1	0	0	0	0	0	0	9	4403	1	100	41	49	58	71	84	102	122	146	175	51402	4416	1	100
	51179	투사의엘리트_아에시마데바_헬멧	157	6056	14	4406	1	0	0	0	0	0	0	9	4403	1	100	36	43	51	62	74	89	107	127	154	51403	4416	1	100
	51180	투사의엘리트_아에시마데바_바지	158	6056	18	4407	1	0	0	0	0	0	0	9	4403	1	100	31	37	44	53	63	77	92	109	132	51404	4416	1	100
	51181	투사의엘리트_아에시마데바_부츠	159	6056	10	4408	1	0	0	0	0	0	0	9	4403	1	100	26	31	37	44	53	64	77	91	110	51405	4416	1	100
	51182	투사의엘리트_아에시마데바_장갑	160	6056	10	4409	1	0	0	0	0	0	0	9	4403	1	100	20	24	29	35	42	51	61	73	88	51406	4416	1	100
	51183	투사의엘리트_아에시마데바_벨트	161	6056	4	4410	1	0	0	0	0	0	0	9	4403	1	100	15	18	22	27	32	38	46	55	66	51407	4416	1	100
	51184	투사의엘리트_아에시마데바_셔츠	162	6056	2	4411	1	0	0	0	0	0	0	9	4403	1	100	10	12	15	18	21	26	31	36	44	51408	4416	1	100
	51185	투사의엘리트_벨제뷔트_갑옷	163	6056	22	4404	1	0	0	0	0	0	0	9	4403	1	100	51	61	73	88	105	128	153	182	219	51409	4416	1	100
	51186	투사의엘리트_벨제뷔트_프로텍터	164	6056	6	4405	1	0	0	0	0	0	0	9	4403	1	100	41	49	58	71	84	102	122	146	175	51410	4416	1	100
	51187	투사의엘리트_벨제뷔트_헬멧	165	6056	14	4406	1	0	0	0	0	0	0	9	4403	1	100	36	43	51	62	74	89	107	127	154	51411	4416	1	100
	51188	투사의엘리트_벨제뷔트_바지	166	6056	18	4407	1	0	0	0	0	0	0	9	4403	1	100	31	37	44	53	63	77	92	109	132	51412	4416	1	100
	51189	투사의엘리트_벨제뷔트_부츠	167	6056	10	4408	1	0	0	0	0	0	0	9	4403	1	100	26	31	37	44	53	64	77	91	110	51413	4416	1	100
	51190	투사의엘리트_벨제뷔트_장갑	168	6056	10	4409	1	0	0	0	0	0	0	9	4403	1	100	20	24	29	35	42	51	61	73	88	51414	4416	1	100
	51191	투사의엘리트_벨제뷔트_벨트	169	6056	4	4410	1	0	0	0	0	0	0	9	4403	1	100	15	18	22	27	32	38	46	55	66	51415	4416	1	100
	51192	투사의엘리트_벨제뷔트_셔츠	170	6056	2	4411	1	0	0	0	0	0	0	9	4403	1	100	10	12	15	18	21	26	31	36	44	51416	4416	1	100
	51193	투사의엘리트_루시페르_갑옷	171	6056	22	4404	1	0	0	0	0	0	0	9	4403	1	100	51	61	73	88	105	128	153	182	219	51417	4416	1	100
	51194	투사의엘리트_루시페르_프로텍터	172	6056	6	4405	1	0	0	0	0	0	0	9	4403	1	100	41	49	58	71	84	102	122	146	175	51418	4416	1	100
	51195	투사의엘리트_루시페르_헬멧	173	6056	14	4406	1	0	0	0	0	0	0	9	4403	1	100	36	43	51	62	74	89	107	127	154	51419	4416	1	100
	51196	투사의엘리트_루시페르_바지	174	6056	18	4407	1	0	0	0	0	0	0	9	4403	1	100	31	37	44	53	63	77	92	109	132	51420	4416	1	100
	51197	투사의엘리트_루시페르_부츠	175	6056	10	4408	1	0	0	0	0	0	0	9	4403	1	100	26	31	37	44	53	64	77	91	110	51421	4416	1	100
	51198	투사의엘리트_루시페르_장갑	176	6056	10	4409	1	0	0	0	0	0	0	9	4403	1	100	20	24	29	35	42	51	61	73	88	51422	4416	1	100
	51199	투사의엘리트_루시페르_벨트	177	6056	4	4410	1	0	0	0	0	0	0	9	4403	1	100	15	18	22	27	32	38	46	55	66	51423	4416	1	100
	51200	투사의엘리트_루시페르_셔츠	178	6056	2	4411	1	0	0	0	0	0	0	9	4403	1	100	10	12	15	18	21	26	31	36	44	51424	4416	1	100
	51201	투사의엘리트_아스타로스_갑옷	179	6056	22	4404	1	0	0	0	0	0	0	9	4403	1	100	51	61	73	88	105	128	153	182	219	51425	4416	1	100
	51202	투사의엘리트_아스타로스_프로텍터	180	6056	6	4405	1	0	0	0	0	0	0	9	4403	1	100	41	49	58	71	84	102	122	146	175	51426	4416	1	100
	51203	투사의엘리트_아스타로스_헬멧	181	6056	14	4406	1	0	0	0	0	0	0	9	4403	1	100	36	43	51	62	74	89	107	127	154	51427	4416	1	100
	51204	투사의엘리트_아스타로스_바지	182	6056	18	4407	1	0	0	0	0	0	0	9	4403	1	100	31	37	44	53	63	77	92	109	132	51428	4416	1	100
	51205	투사의엘리트_아스타로스_부츠	183	6056	10	4408	1	0	0	0	0	0	0	9	4403	1	100	26	31	37	44	53	64	77	91	110	51429	4416	1	100
	51206	투사의엘리트_아스타로스_장갑	184	6056	10	4409	1	0	0	0	0	0	0	9	4403	1	100	20	24	29	35	42	51	61	73	88	51430	4416	1	100
	51207	투사의엘리트_아스타로스_벨트	185	6056	4	4410	1	0	0	0	0	0	0	9	4403	1	100	15	18	22	27	32	38	46	55	66	51431	4416	1	100
	51208	투사의엘리트_아스타로스_셔츠	186	6056	2	4411	1	0	0	0	0	0	0	9	4403	1	100	10	12	15	18	21	26	31	36	44	51432	4416	1	100
	51209	투사의엘리트_아즈_갑옷	187	6056	22	4404	1	0	0	0	0	0	0	9	4403	1	100	51	61	73	88	105	128	153	182	219	51433	4416	1	100
	51210	투사의엘리트_아즈_프로텍터	188	6056	6	4405	1	0	0	0	0	0	0	9	4403	1	100	41	49	58	71	84	102	122	146	175	51434	4416	1	100
	51211	투사의엘리트_아즈_헬멧	189	6056	14	4406	1	0	0	0	0	0	0	9	4403	1	100	36	43	51	62	74	89	107	127	154	51435	4416	1	100
	51212	투사의엘리트_아즈_바지	190	6056	18	4407	1	0	0	0	0	0	0	9	4403	1	100	31	37	44	53	63	77	92	109	132	51436	4416	1	100
	51213	투사의엘리트_아즈_부츠	191	6056	10	4408	1	0	0	0	0	0	0	9	4403	1	100	26	31	37	44	53	64	77	91	110	51437	4416	1	100
	51214	투사의엘리트_아즈_장갑	192	6056	10	4409	1	0	0	0	0	0	0	9	4403	1	100	20	24	29	35	42	51	61	73	88	51438	4416	1	100
	51215	투사의엘리트_아즈_벨트	193	6056	4	4410	1	0	0	0	0	0	0	9	4403	1	100	15	18	22	27	32	38	46	55	66	51439	4416	1	100
	51216	투사의엘리트_아즈_셔츠	194	6056	2	4411	1	0	0	0	0	0	0	9	4403	1	100	10	12	15	18	21	26	31	36	44	51440	4416	1	100
	51383	메피스토_갑옷_23등급아이템	195	6056	22	4404	1	0	0	0	0	0	0	9	4403	1	100	51	61	73	88	105	128	153	182	219	51447	4416	1	100
	51384	메피스토_프로텍터_23등급아이템	196	6056	6	4405	1	0	0	0	0	0	0	9	4403	1	100	41	49	58	71	84	102	122	146	175	51448	4416	1	100
	51385	메피스토_헬멧_23등급아이템	197	6056	14	4406	1	0	0	0	0	0	0	9	4403	1	100	36	43	51	62	74	89	107	127	154	51449	4416	1	100
	51386	메피스토_바지_23등급아이템	198	6056	18	4407	1	0	0	0	0	0	0	9	4403	1	100	31	37	44	53	63	77	92	109	132	51450	4416	1	100
	51387	메피스토_부츠_23등급아이템	199	6056	10	4408	1	0	0	0	0	0	0	9	4403	1	100	26	31	37	44	53	64	77	91	110	51451	4416	1	100
	51388	메피스토_장갑_23등급아이템	200	6056	10	4409	1	0	0	0	0	0	0	9	4403	1	100	20	24	29	35	42	51	61	73	88	51452	4416	1	100
	51389	메피스토_벨트_23등급아이템	201	6056	4	4410	1	0	0	0	0	0	0	9	4403	1	100	15	18	22	27	32	38	46	55	66	51453	4416	1	100
	51390	메피스토_셔츠_23등급아이템	202	6056	2	4411	1	0	0	0	0	0	0	9	4403	1	100	10	12	15	18	21	26	31	36	44	51454	4416	1	100
	51711	아스모데우스_갑옷_23등급아이템	203	6056	22	4404	1	0	0	0	0	0	0	9	4403	1	100	51	61	73	88	105	128	153	182	219	51719	4416	1	100
	51712	아스모데우스_프로텍터_23등급아이템	204	6056	6	4405	1	0	0	0	0	0	0	9	4403	1	100	41	49	58	71	84	102	122	146	175	51720	4416	1	100
	51713	아스모데우스_헬멧_23등급아이템	205	6056	14	4406	1	0	0	0	0	0	0	9	4403	1	100	36	43	51	62	74	89	107	127	154	51721	4416	1	100
	51714	아스모데우스_바지_23등급아이템	206	6056	18	4407	1	0	0	0	0	0	0	9	4403	1	100	31	37	44	53	63	77	92	109	132	51722	4416	1	100
	51715	아스모데우스_부츠_23등급아이템	207	6056	10	4408	1	0	0	0	0	0	0	9	4403	1	100	26	31	37	44	53	64	77	91	110	51723	4416	1	100
	51716	아스모데우스_장갑_23등급아이템	208	6056	10	4409	1	0	0	0	0	0	0	9	4403	1	100	20	24	29	35	42	51	61	73	88	51724	4416	1	100
	51717	아스모데우스_벨트_23등급아이템	209	6056	4	4410	1	0	0	0	0	0	0	9	4403	1	100	15	18	22	27	32	38	46	55	66	51725	4416	1	100
	51718	아스모데우스_셔츠_23등급아이템	210	6056	2	4411	1	0	0	0	0	0	0	9	4403	1	100	10	12	15	18	21	26	31	36	44	51726	4416	1	100
	57065	나히드의_갑옷_23등급아이템	211	6056	22	4404	1	0	0	0	0	0	0	9	4403	1	100	51	61	73	88	105	128	153	182	219	57073	4416	1	100
	57066	나히드의_프로텍터_23등급아이템	212	6056	6	4405	1	0	0	0	0	0	0	9	4403	1	100	41	49	58	71	84	102	122	146	175	57074	4416	1	100
	57067	나히드의_헬멧_23등급아이템	213	6056	14	4406	1	0	0	0	0	0	0	9	4403	1	100	36	43	51	62	74	89	107	127	154	57075	4416	1	100
	57068	나히드의_바지_23등급아이템	214	6056	18	4407	1	0	0	0	0	0	0	9	4403	1	100	31	37	44	53	63	77	92	109	132	57076	4416	1	100
	57069	나히드의_부츠_23등급아이템	215	6056	10	4408	1	0	0	0	0	0	0	9	4403	1	100	26	31	37	44	53	64	77	91	110	57077	4416	1	100
	57070	나히드의_장갑_23등급아이템	216	6056	10	4409	1	0	0	0	0	0	0	9	4403	1	100	20	24	29	35	42	51	61	73	88	57078	4416	1	100
	57071	나히드의_벨트_23등급아이템	217	6056	4	4410	1	0	0	0	0	0	0	9	4403	1	100	15	18	22	27	32	38	46	55	66	57079	4416	1	100
	57072	나히드의_셔츠_23등급아이템	218	6056	2	4411	1	0	0	0	0	0	0	9	4403	1	100	10	12	15	18	21	26	31	36	44	57080	4416	1	100
//	투사의엘리트2차																													
	51401	피로물든_아에시마데바_갑옷	219	6066	22	4412	1	0	0	0	0	0	0	9	4403	2	100	70	84	100	121	144	175	210	249	301	0	0	0	0
	51402	피로물든_아에시마데바_프로텍터	220	6066	6	4413	1	0	0	0	0	0	0	9	4403	2	100	56	67	80	97	116	140	168	200	241	0	0	0	0
	51403	피로물든_아에시마데바_헬멧	221	6066	14	4414	1	0	0	0	0	0	0	9	4403	2	100	49	59	71	85	102	123	148	175	212	0	0	0	0
	51404	피로물든_아에시마데바_바지	222	6066	18	4415	1	0	0	0	0	0	0	9	4403	2	100	42	50	60	73	87	105	126	150	181	0	0	0	0
	51405	피로물든_아에시마데바_부츠	223	6066	10	4440	1	0	0	0	0	0	0	9	4403	2	100	35	42	50	61	73	88	105	125	151	0	0	0	0
	51406	피로물든_아에시마데바_장갑	224	6066	10	4441	1	0	0	0	0	0	0	9	4403	2	100	28	34	40	49	58	71	85	101	121	0	0	0	0
	51407	피로물든_아에시마데바_벨트	225	6066	4	4442	1	0	0	0	0	0	0	9	4403	2	100	21	25	30	36	43	53	63	75	90	0	0	0	0
	51408	피로물든_아에시마데바_셔츠	226	6066	2	4443	1	0	0	0	0	0	0	9	4403	2	100	14	17	20	24	29	35	41	49	59	0	0	0	0
	51409	피로물든_벨제뷔트_갑옷	227	6066	22	4412	1	0	0	0	0	0	0	9	4403	2	100	70	84	100	121	144	175	210	249	301	0	0	0	0
	51410	피로물든_벨제뷔트_프로텍터	228	6066	6	4413	1	0	0	0	0	0	0	9	4403	2	100	56	67	80	97	116	140	168	200	241	0	0	0	0
	51411	피로물든_벨제뷔트_헬멧	229	6066	14	4414	1	0	0	0	0	0	0	9	4403	2	100	49	59	71	85	102	123	148	175	212	0	0	0	0
	51412	피로물든_벨제뷔트_바지	230	6066	18	4415	1	0	0	0	0	0	0	9	4403	2	100	42	50	60	73	87	105	126	150	181	0	0	0	0
	51413	피로물든_벨제뷔트_부츠	231	6066	10	4440	1	0	0	0	0	0	0	9	4403	2	100	35	42	50	61	73	88	105	125	151	0	0	0	0
	51414	피로물든_벨제뷔트_장갑	232	6066	10	4441	1	0	0	0	0	0	0	9	4403	2	100	28	34	40	49	58	71	85	101	121	0	0	0	0
	51415	피로물든_벨제뷔트_벨트	233	6066	4	4442	1	0	0	0	0	0	0	9	4403	2	100	21	25	30	36	43	53	63	75	90	0	0	0	0
	51416	피로물든_벨제뷔트_셔츠	234	6066	2	4443	1	0	0	0	0	0	0	9	4403	2	100	14	17	20	24	29	35	41	49	59	0	0	0	0
	51417	피로물든_루시페르_갑옷	235	6066	22	4412	1	0	0	0	0	0	0	9	4403	2	100	70	84	100	121	144	175	210	249	301	0	0	0	0
	51418	피로물든_루시페르_프로텍터	236	6066	6	4413	1	0	0	0	0	0	0	9	4403	2	100	56	67	80	97	116	140	168	200	241	0	0	0	0
	51419	피로물든_루시페르_헬멧	237	6066	14	4414	1	0	0	0	0	0	0	9	4403	2	100	49	59	71	85	102	123	148	175	212	0	0	0	0
	51420	피로물든_루시페르_바지	238	6066	18	4415	1	0	0	0	0	0	0	9	4403	2	100	42	50	60	73	87	105	126	150	181	0	0	0	0
	51421	피로물든_루시페르_부츠	239	6066	10	4440	1	0	0	0	0	0	0	9	4403	2	100	35	42	50	61	73	88	105	125	151	0	0	0	0
	51422	피로물든_루시페르_장갑	240	6066	10	4441	1	0	0	0	0	0	0	9	4403	2	100	28	34	40	49	58	71	85	101	121	0	0	0	0
	51423	피로물든_루시페르_벨트	241	6066	4	4442	1	0	0	0	0	0	0	9	4403	2	100	21	25	30	36	43	53	63	75	90	0	0	0	0
	51424	피로물든_루시페르_셔츠	242	6066	2	4443	1	0	0	0	0	0	0	9	4403	2	100	14	17	20	24	29	35	41	49	59	0	0	0	0
	51425	피로물든_아스타로스_갑옷	243	6066	22	4412	1	0	0	0	0	0	0	9	4403	2	100	70	84	100	121	144	175	210	249	301	0	0	0	0
	51426	피로물든_아스타로스_프로텍터	244	6066	6	4413	1	0	0	0	0	0	0	9	4403	2	100	56	67	80	97	116	140	168	200	241	0	0	0	0
	51427	피로물든_아스타로스_헬멧	245	6066	14	4414	1	0	0	0	0	0	0	9	4403	2	100	49	59	71	85	102	123	148	175	212	0	0	0	0
	51428	피로물든_아스타로스_바지	246	6066	18	4415	1	0	0	0	0	0	0	9	4403	2	100	42	50	60	73	87	105	126	150	181	0	0	0	0
	51429	피로물든_아스타로스_부츠	247	6066	10	4440	1	0	0	0	0	0	0	9	4403	2	100	35	42	50	61	73	88	105	125	151	0	0	0	0
	51430	피로물든_아스타로스_장갑	248	6066	10	4441	1	0	0	0	0	0	0	9	4403	2	100	28	34	40	49	58	71	85	101	121	0	0	0	0
	51431	피로물든_아스타로스_벨트	249	6066	4	4442	1	0	0	0	0	0	0	9	4403	2	100	21	25	30	36	43	53	63	75	90	0	0	0	0
	51432	피로물든_아스타로스_셔츠	250	6066	2	4443	1	0	0	0	0	0	0	9	4403	2	100	14	17	20	24	29	35	41	49	59	0	0	0	0
	51433	피로물든_아즈_갑옷	251	6066	22	4412	1	0	0	0	0	0	0	9	4403	2	100	70	84	100	121	144	175	210	249	301	0	0	0	0
	51434	피로물든_아즈_프로텍터	252	6066	6	4413	1	0	0	0	0	0	0	9	4403	2	100	56	67	80	97	116	140	168	200	241	0	0	0	0
	51435	피로물든_아즈_헬멧	253	6066	14	4414	1	0	0	0	0	0	0	9	4403	2	100	49	59	71	85	102	123	148	175	212	0	0	0	0
	51436	피로물든_아즈_바지	254	6066	18	4415	1	0	0	0	0	0	0	9	4403	2	100	42	50	60	73	87	105	126	150	181	0	0	0	0
	51437	피로물든_아즈_부츠	255	6066	10	4440	1	0	0	0	0	0	0	9	4403	2	100	35	42	50	61	73	88	105	125	151	0	0	0	0
	51438	피로물든_아즈_장갑	256	6066	10	4441	1	0	0	0	0	0	0	9	4403	2	100	28	34	40	49	58	71	85	101	121	0	0	0	0
	51439	피로물든_아즈_벨트	257	6066	4	4442	1	0	0	0	0	0	0	9	4403	2	100	21	25	30	36	43	53	63	75	90	0	0	0	0
	51440	피로물든_아즈_셔츠	258	6066	2	4443	1	0	0	0	0	0	0	9	4403	2	100	14	17	20	24	29	35	41	49	59	0	0	0	0
	51447	피로물든_메피스토_갑옷	259	6066	22	4412	1	0	0	0	0	0	0	9	4403	2	100	70	84	100	121	144	175	210	249	301	0	0	0	0
	51448	피로물든_메피스토_프로텍터	260	6066	6	4413	1	0	0	0	0	0	0	9	4403	2	100	56	67	80	97	116	140	168	200	241	0	0	0	0
	51449	피로물든_메피스토_헬멧	261	6066	14	4414	1	0	0	0	0	0	0	9	4403	2	100	49	59	71	85	102	123	148	175	212	0	0	0	0
	51450	피로물든_메피스토_바지	262	6066	18	4415	1	0	0	0	0	0	0	9	4403	2	100	42	50	60	73	87	105	126	150	181	0	0	0	0
	51451	피로물든_메피스토_부츠	263	6066	10	4440	1	0	0	0	0	0	0	9	4403	2	100	35	42	50	61	73	88	105	125	151	0	0	0	0
	51452	피로물든_메피스토_장갑	264	6066	10	4441	1	0	0	0	0	0	0	9	4403	2	100	28	34	40	49	58	71	85	101	121	0	0	0	0
	51453	피로물든_메피스토_벨트	265	6066	4	4442	1	0	0	0	0	0	0	9	4403	2	100	21	25	30	36	43	53	63	75	90	0	0	0	0
	51454	피로물든_메피스토_셔츠	266	6066	2	4443	1	0	0	0	0	0	0	9	4403	2	100	14	17	20	24	29	35	41	49	59	0	0	0	0
	51719	피로물든_아스모데우스_갑옷_25등급아이템	267	6066	22	4412	1	0	0	0	0	0	0	9	4403	2	100	70	84	100	121	144	175	210	249	301	0	0	0	0
	51720	피로물든_아스모데우스_프로텍터_25등급아이템	268	6066	6	4413	1	0	0	0	0	0	0	9	4403	2	100	56	67	80	97	116	140	168	200	241	0	0	0	0
	51721	피로물든_아스모데우스_헬멧_25등급아이템	269	6066	14	4414	1	0	0	0	0	0	0	9	4403	2	100	49	59	71	85	102	123	148	175	212	0	0	0	0
	51722	피로물든_아스모데우스_바지_25등급아이템	270	6066	18	4415	1	0	0	0	0	0	0	9	4403	2	100	42	50	60	73	87	105	126	150	181	0	0	0	0
	51723	피로물든_아스모데우스_부츠_25등급아이템	271	6066	10	4440	1	0	0	0	0	0	0	9	4403	2	100	35	42	50	61	73	88	105	125	151	0	0	0	0
	51724	피로물든_아스모데우스_장갑_25등급아이템	272	6066	10	4441	1	0	0	0	0	0	0	9	4403	2	100	28	34	40	49	58	71	85	101	121	0	0	0	0
	51725	피로물든_아스모데우스_벨트_25등급아이템	273	6066	4	4442	1	0	0	0	0	0	0	9	4403	2	100	21	25	30	36	43	53	63	75	90	0	0	0	0
	51726	피로물든_아스모데우스_셔츠_25등급아이템	274	6066	2	4443	1	0	0	0	0	0	0	9	4403	2	100	14	17	20	24	29	35	41	49	59	0	0	0	0
	57073	피로물든나히드의_갑옷_25등급아이템	275	6066	22	4412	1	0	0	0	0	0	0	9	4403	2	100	70	84	100	121	144	175	210	249	301	0	0	0	0
	57074	피로물든나히드의_프로텍터_25등급아이템	276	6066	6	4413	1	0	0	0	0	0	0	9	4403	2	100	56	67	80	97	116	140	168	200	241	0	0	0	0
	57075	피로물든나히드의_헬멧_25등급아이템	277	6066	14	4414	1	0	0	0	0	0	0	9	4403	2	100	49	59	71	85	102	123	148	175	212	0	0	0	0
	57076	피로물든나히드의_바지_25등급아이템	278	6066	18	4415	1	0	0	0	0	0	0	9	4403	2	100	42	50	60	73	87	105	126	150	181	0	0	0	0
	57077	피로물든나히드의_부츠_25등급아이템	279	6066	10	4440	1	0	0	0	0	0	0	9	4403	2	100	35	42	50	61	73	88	105	125	151	0	0	0	0
	57078	피로물든나히드의_장갑_25등급아이템	280	6066	10	4441	1	0	0	0	0	0	0	9	4403	2	100	28	34	40	49	58	71	85	101	121	0	0	0	0
	57079	피로물든나히드의_벨트_25등급아이템	281	6066	4	4442	1	0	0	0	0	0	0	9	4403	2	100	21	25	30	36	43	53	63	75	90	0	0	0	0
	57080	피로물든나히드의_셔츠_25등급아이템	282	6066	2	4443	1	0	0	0	0	0	0	9	4403	2	100	14	17	20	24	29	35	41	49	59	0	0	0	0
//	엘리트1차																													
	51000	아폴로_갑옷_버서커	283	6056	22	4444	1	4502	1	0	0	0	0	9	4403	1	100	56	67	80	97	116	140	168	200	241	51036	4421	1	100
	51028	아폴로_프로텍터_버서커	284	6056	6	4445	1	4503	1	0	0	0	0	9	4403	1	100	45	54	65	78	93	113	135	161	194	51037	4421	1	100
	51001	아폴로_헬멧_버서커	285	6056	14	4446	1	4504	1	0	0	0	0	9	4403	1	100	39	47	56	68	81	98	118	140	169	51038	4421	1	100
	51002	아폴로_바지_버서커	286	6056	18	4447	1	4505	1	0	0	0	0	9	4403	1	100	34	40	48	58	69	84	101	120	144	51039	4421	1	100
	51003	아폴로_부츠_버서커	287	6056	10	4448	1	4506	1	0	0	0	0	9	4403	1	100	28	34	40	49	58	71	85	101	121	51040	4421	1	100
	51004	아폴로_장갑_버서커	288	6056	10	4449	1	4507	1	0	0	0	0	9	4403	1	100	23	27	32	39	47	56	68	80	97	51041	4421	1	100
	51005	아폴로_벨트_버서커	289	6056	4	4450	1	4508	1	0	0	0	0	9	4403	1	100	17	20	24	29	35	42	50	60	72	51042	4421	1	100
	51006	아폴로_셔츠_버서커	290	6056	2	4451	1	4509	1	0	0	0	0	9	4403	1	100	11	13	16	19	23	28	33	40	48	51043	4421	1	100
	51007	아레스_갑옷_드래곤	291	6056	22	4444	1	4502	1	0	0	0	0	9	4403	1	100	56	67	80	97	116	140	168	200	241	51044	4421	1	100
	51029	아레스_프로텍터_드래곤	292	6056	6	4445	1	4503	1	0	0	0	0	9	4403	1	100	45	54	65	78	93	113	135	161	194	51045	4421	1	100
	51008	아레스_헬멧_드래곤	293	6056	14	4446	1	4504	1	0	0	0	0	9	4403	1	100	39	47	56	68	81	98	118	140	169	51046	4421	1	100
	51009	아레스_바지_드래곤	294	6056	18	4447	1	4505	1	0	0	0	0	9	4403	1	100	34	40	48	58	69	84	101	120	144	51047	4421	1	100
	51010	아레스_부츠_드래곤	295	6056	10	4448	1	4506	1	0	0	0	0	9	4403	1	100	28	34	40	49	58	71	85	101	121	51048	4421	1	100
	51011	아레스_장갑_드래곤	296	6056	10	4449	1	4507	1	0	0	0	0	9	4403	1	100	23	27	32	39	47	56	68	80	97	51049	4421	1	100
	51012	아레스_벨트_드래곤	297	6056	4	4450	1	4508	1	0	0	0	0	9	4403	1	100	17	20	24	29	35	42	50	60	72	51050	4421	1	100
	51013	아레스_셔츠_드래곤	298	6056	2	4451	1	4509	1	0	0	0	0	9	4403	1	100	11	13	16	19	23	28	33	40	48	51051	4421	1	100
	51014	아르테미스_갑옷_엘리	299	6056	22	4444	1	4502	1	0	0	0	0	9	4403	1	100	56	67	80	97	116	140	168	200	241	51052	4421	1	100
	51030	아르테미스_프로텍터_엘리	300	6056	6	4445	1	4503	1	0	0	0	0	9	4403	1	100	45	54	65	78	93	113	135	161	194	51053	4421	1	100
	51015	아르테미스_헬멧_엘리	301	6056	14	4446	1	4504	1	0	0	0	0	9	4403	1	100	39	47	56	68	81	98	118	140	169	51054	4421	1	100
	51016	아르테미스_바지_엘리	302	6056	18	4447	1	4505	1	0	0	0	0	9	4403	1	100	34	40	48	58	69	84	101	120	144	51055	4421	1	100
	51017	아르테미스_부츠_엘리	303	6056	10	4448	1	4506	1	0	0	0	0	9	4403	1	100	28	34	40	49	58	71	85	101	121	51056	4421	1	100
	51018	아르테미스_장갑_엘리	304	6056	10	4449	1	4507	1	0	0	0	0	9	4403	1	100	23	27	32	39	47	56	68	80	97	51057	4421	1	100
	51019	아르테미스_벨트_엘리	305	6056	4	4450	1	4508	1	0	0	0	0	9	4403	1	100	17	20	24	29	35	42	50	60	72	51058	4421	1	100
	51020	아르테미스_셔츠_엘리	306	6056	2	4451	1	4509	1	0	0	0	0	9	4403	1	100	11	13	16	19	23	28	33	40	48	51059	4421	1	100
	51021	니케_갑옷_발키리	307	6056	22	4444	1	4502	1	0	0	0	0	9	4403	1	100	56	67	80	97	116	140	168	200	241	51060	4421	1	100
	51031	니케_프로텍터_발키리	308	6056	6	4445	1	4503	1	0	0	0	0	9	4403	1	100	45	54	65	78	93	113	135	161	194	51061	4421	1	100
	51022	니케_헬멧_발키리	309	6056	14	4446	1	4504	1	0	0	0	0	9	4403	1	100	39	47	56	68	81	98	118	140	169	51062	4421	1	100
	51023	니케_바지_발키리	310	6056	18	4447	1	4505	1	0	0	0	0	9	4403	1	100	34	40	48	58	69	84	101	120	144	51063	4421	1	100
	51024	니케_부츠_발키리	311	6056	10	4448	1	4506	1	0	0	0	0	9	4403	1	100	28	34	40	49	58	71	85	101	121	51064	4421	1	100
	51025	니케_장갑_발키리	312	6056	10	4449	1	4507	1	0	0	0	0	9	4403	1	100	23	27	32	39	47	56	68	80	97	51065	4421	1	100
	51026	니케_벨트_발키리	313	6056	4	4450	1	4508	1	0	0	0	0	9	4403	1	100	17	20	24	29	35	42	50	60	72	51066	4421	1	100
	51027	니케_셔츠_발키리	314	6056	2	4451	1	4509	1	0	0	0	0	9	4403	1	100	11	13	16	19	23	28	33	40	48	51067	4421	1	100
	51091	헤르메스의_갑옷_섀도우	315	6056	22	4444	1	4502	1	0	0	0	0	9	4403	1	100	56	67	80	97	116	140	168	200	241	51068	4421	1	100
	51092	헤르메스의_프로텍터_섀도우	316	6056	6	4445	1	4503	1	0	0	0	0	9	4403	1	100	45	54	65	78	93	113	135	161	194	51069	4421	1	100
	51093	헤르메스의_헬멧_섀도우	317	6056	14	4446	1	4504	1	0	0	0	0	9	4403	1	100	39	47	56	68	81	98	118	140	169	51070	4421	1	100
	51094	헤르메스의_바지_섀도우	318	6056	18	4447	1	4505	1	0	0	0	0	9	4403	1	100	34	40	48	58	69	84	101	120	144	51071	4421	1	100
	51095	헤르메스의_부츠_섀도우	319	6056	10	4448	1	4506	1	0	0	0	0	9	4403	1	100	28	34	40	49	58	71	85	101	121	51072	4421	1	100
	51096	헤르메스의_장갑_섀도우	320	6056	10	4449	1	4507	1	0	0	0	0	9	4403	1	100	23	27	32	39	47	56	68	80	97	51073	4421	1	100
	51097	헤르메스의_벨트_섀도우	321	6056	4	4450	1	4508	1	0	0	0	0	9	4403	1	100	17	20	24	29	35	42	50	60	72	51074	4421	1	100
	51098	헤르메스의_셔츠_섀도우	322	6056	2	4451	1	4509	1	0	0	0	0	9	4403	1	100	11	13	16	19	23	28	33	40	48	51075	4421	1	100
	51359	페르세포네_갑옷_23등급아이템	323	6056	22	4444	1	4502	1	0	0	0	0	9	4403	1	100	56	67	80	97	116	140	168	200	241	51367	4421	1	100
	51360	페르세포네_프로텍터_23등급아이템	324	6056	6	4445	1	4503	1	0	0	0	0	9	4403	1	100	45	54	65	78	93	113	135	161	194	51368	4421	1	100
	51361	페르세포네_헬멧_23등급아이템	325	6056	14	4446	1	4504	1	0	0	0	0	9	4403	1	100	39	47	56	68	81	98	118	140	169	51369	4421	1	100
	51362	페르세포네_바지_23등급아이템	326	6056	18	4447	1	4505	1	0	0	0	0	9	4403	1	100	34	40	48	58	69	84	101	120	144	51370	4421	1	100
	51363	페르세포네_부츠_23등급아이템	327	6056	10	4448	1	4506	1	0	0	0	0	9	4403	1	100	28	34	40	49	58	71	85	101	121	51371	4421	1	100
	51364	페르세포네_장갑_23등급아이템	328	6056	10	4449	1	4507	1	0	0	0	0	9	4403	1	100	23	27	32	39	47	56	68	80	97	51372	4421	1	100
	51365	페르세포네_벨트_23등급아이템	329	6056	4	4450	1	4508	1	0	0	0	0	9	4403	1	100	17	20	24	29	35	42	50	60	72	51373	4421	1	100
	51366	페르세포네_셔츠_23등급아이템	330	6056	2	4451	1	4509	1	0	0	0	0	9	4403	1	100	11	13	16	19	23	28	33	40	48	51374	4421	1	100
	51655	마르스_갑옷_23등급아이템	331	6056	22	4444	1	4502	1	0	0	0	0	9	4403	1	100	56	67	80	97	116	140	168	200	241	51663	4421	1	100
	51656	마르스_프로텍터_23등급아이템	332	6056	6	4445	1	4503	1	0	0	0	0	9	4403	1	100	45	54	65	78	93	113	135	161	194	51664	4421	1	100
	51657	마르스_헬멧_23등급아이템	333	6056	14	4446	1	4504	1	0	0	0	0	9	4403	1	100	39	47	56	68	81	98	118	140	169	51665	4421	1	100
	51658	마르스_바지_23등급아이템	334	6056	18	4447	1	4505	1	0	0	0	0	9	4403	1	100	34	40	48	58	69	84	101	120	144	51666	4421	1	100
	51659	마르스_부츠_23등급아이템	335	6056	10	4448	1	4506	1	0	0	0	0	9	4403	1	100	28	34	40	49	58	71	85	101	121	51667	4421	1	100
	51660	마르스_장갑_23등급아이템	336	6056	10	4449	1	4507	1	0	0	0	0	9	4403	1	100	23	27	32	39	47	56	68	80	97	51668	4421	1	100
	51661	마르스_벨트_23등급아이템	337	6056	4	4450	1	4508	1	0	0	0	0	9	4403	1	100	17	20	24	29	35	42	50	60	72	51669	4421	1	100
	51662	마르스_셔츠_23등급아이템	338	6056	2	4451	1	4509	1	0	0	0	0	9	4403	1	100	11	13	16	19	23	28	33	40	48	51670	4421	1	100
	57009	아테네_갑옷_23등급아이템	339	6056	22	4444	1	4502	1	0	0	0	0	9	4403	1	100	56	67	80	97	116	140	168	200	241	57017	4421	1	100
	57010	아테네_프로텍터_23등급아이템	340	6056	6	4445	1	4503	1	0	0	0	0	9	4403	1	100	45	54	65	78	93	113	135	161	194	57018	4421	1	100
	57011	아테네_헬멧_23등급아이템	341	6056	14	4446	1	4504	1	0	0	0	0	9	4403	1	100	39	47	56	68	81	98	118	140	169	57019	4421	1	100
	57012	아테네_바지_23등급아이템	342	6056	18	4447	1	4505	1	0	0	0	0	9	4403	1	100	34	40	48	58	69	84	101	120	144	57020	4421	1	100
	57013	아테네_부츠_23등급아이템	343	6056	10	4448	1	4506	1	0	0	0	0	9	4403	1	100	28	34	40	49	58	71	85	101	121	57021	4421	1	100
	57014	아테네_장갑_23등급아이템	344	6056	10	4449	1	4507	1	0	0	0	0	9	4403	1	100	23	27	32	39	47	56	68	80	97	57022	4421	1	100
	57015	아테네_벨트_23등급아이템	345	6056	4	4450	1	4508	1	0	0	0	0	9	4403	1	100	17	20	24	29	35	42	50	60	72	57023	4421	1	100
	57016	아테네_셔츠_23등급아이템	346	6056	2	4451	1	4509	1	0	0	0	0	9	4403	1	100	11	13	16	19	23	28	33	40	48	57024	4421	1	100
//	엘리트 1.5차																													
	51036	파괴신_아폴로_갑옷_버서커	347	6056	44	4452	1	4510	1	0	0	0	0	9	4403	1	100	63	76	90	109	130	158	189	225	271	51217	4422	1	100
	51037	파괴신_아폴로_프로텍터_버서커	348	6056	12	4453	1	4511	1	0	0	0	0	9	4403	1	100	50	60	72	87	104	126	151	180	217	51218	4422	1	100
	51038	파괴신_아폴로_헬멧_버서커	349	6056	28	4454	1	4512	1	0	0	0	0	9	4403	1	100	44	53	63	76	91	110	132	157	190	51219	4422	1	100
	51039	파괴신_아폴로_바지_버서커	350	6056	36	4455	1	4513	1	0	0	0	0	9	4403	1	100	38	46	55	66	79	95	114	136	164	51220	4422	1	100
	51040	파괴신_아폴로_부츠_버서커	351	6056	20	4456	1	4514	1	0	0	0	0	9	4403	1	100	32	38	45	55	65	79	95	112	135	51221	4422	1	100
	51041	파괴신_아폴로_장갑_버서커	352	6056	20	4457	1	4515	1	0	0	0	0	9	4403	1	100	25	30	36	44	52	63	76	90	108	51222	4422	1	100
	51042	파괴신_아폴로_벨트_버서커	353	6056	8	4458	1	4516	1	0	0	0	0	9	4403	1	100	19	23	27	33	39	47	57	67	81	51223	4422	1	100
	51043	파괴신_아폴로_셔츠_버서커	354	6056	4	4459	1	4517	1	0	0	0	0	9	4403	1	100	13	15	18	22	26	32	38	45	54	51224	4422	1	100
	51044	저주의_아레스_갑옷_드래곤	355	6056	44	4452	1	4510	1	0	0	0	0	9	4403	1	100	63	76	90	109	130	158	189	225	271	51225	4422	1	100
	51045	저주의_아레스_프로텍터_드래곤	356	6056	12	4453	1	4511	1	0	0	0	0	9	4403	1	100	50	60	72	87	104	126	151	180	217	51226	4422	1	100
	51046	저주의_아레스_헬멧_드래곤	357	6056	28	4454	1	4512	1	0	0	0	0	9	4403	1	100	44	53	63	76	91	110	132	157	190	51227	4422	1	100
	51047	저주의_아레스_바지_드래곤	358	6056	36	4455	1	4513	1	0	0	0	0	9	4403	1	100	38	46	55	66	79	95	114	136	164	51228	4422	1	100
	51048	저주의_아레스_부츠_드래곤	359	6056	20	4456	1	4514	1	0	0	0	0	9	4403	1	100	32	38	45	55	65	79	95	112	135	51229	4422	1	100
	51049	저주의_아레스_장갑_드래곤	360	6056	20	4457	1	4515	1	0	0	0	0	9	4403	1	100	25	30	36	44	52	63	76	90	108	51230	4422	1	100
	51050	저주의_아레스_벨트_드래곤	361	6056	8	4458	1	4516	1	0	0	0	0	9	4403	1	100	19	23	27	33	39	47	57	67	81	51231	4422	1	100
	51051	저주의_아레스_셔츠_드래곤	362	6056	4	4459	1	4517	1	0	0	0	0	9	4403	1	100	13	15	18	22	26	32	38	45	54	51232	4422	1	100
	51052	죽음의_아르테미스_갑옷_엘리	363	6056	44	4452	1	4510	1	0	0	0	0	9	4403	1	100	63	76	90	109	130	158	189	225	271	51233	4422	1	100
	51053	죽음의_아르테미스_프로텍터_엘리	364	6056	12	4453	1	4511	1	0	0	0	0	9	4403	1	100	50	60	72	87	104	126	151	180	217	51234	4422	1	100
	51054	죽음의_아르테미스_헬멧_엘리	365	6056	28	4454	1	4512	1	0	0	0	0	9	4403	1	100	44	53	63	76	91	110	132	157	190	51235	4422	1	100
	51055	죽음의_아르테미스_바지_엘리	366	6056	36	4455	1	4513	1	0	0	0	0	9	4403	1	100	38	46	55	66	79	95	114	136	164	51236	4422	1	100
	51056	죽음의_아르테미스_부츠_엘리	367	6056	20	4456	1	4514	1	0	0	0	0	9	4403	1	100	32	38	45	55	65	79	95	112	135	51237	4422	1	100
	51057	죽음의_아르테미스_장갑_엘리	368	6056	20	4457	1	4515	1	0	0	0	0	9	4403	1	100	25	30	36	44	52	63	76	90	108	51238	4422	1	100
	51058	죽음의_아르테미스_벨트_엘리	369	6056	8	4458	1	4516	1	0	0	0	0	9	4403	1	100	19	23	27	33	39	47	57	67	81	51239	4422	1	100
	51059	죽음의_아르테미스_셔츠_엘리	370	6056	4	4459	1	4517	1	0	0	0	0	9	4403	1	100	13	15	18	22	26	32	38	45	54	51240	4422	1	100
	51060	타락한_니케_갑옷_발키리	371	6056	44	4452	1	4510	1	0	0	0	0	9	4403	1	100	63	76	90	109	130	158	189	225	271	51241	4422	1	100
	51061	타락한_니케_프로텍터_발키리	372	6056	12	4453	1	4511	1	0	0	0	0	9	4403	1	100	50	60	72	87	104	126	151	180	217	51242	4422	1	100
	51062	타락한_니케_헬멧_발키리	373	6056	28	4454	1	4512	1	0	0	0	0	9	4403	1	100	44	53	63	76	91	110	132	157	190	51243	4422	1	100
	51063	타락한_니케_바지_발키리	374	6056	36	4455	1	4513	1	0	0	0	0	9	4403	1	100	38	46	55	66	79	95	114	136	164	51244	4422	1	100
	51064	타락한_니케_부츠_발키리	375	6056	20	4456	1	4514	1	0	0	0	0	9	4403	1	100	32	38	45	55	65	79	95	112	135	51245	4422	1	100
	51065	타락한_니케_장갑_발키리	376	6056	20	4457	1	4515	1	0	0	0	0	9	4403	1	100	25	30	36	44	52	63	76	90	108	51246	4422	1	100
	51066	타락한_니케_벨트_발키리	377	6056	8	4458	1	4516	1	0	0	0	0	9	4403	1	100	19	23	27	33	39	47	57	67	81	51247	4422	1	100
	51067	타락한_니케_셔츠_발키리	378	6056	4	4459	1	4517	1	0	0	0	0	9	4403	1	100	13	15	18	22	26	32	38	45	54	51248	4422	1	100
	51068	탐욕의_헤르메스의_갑옷_섀도우	379	6056	44	4452	1	4510	1	0	0	0	0	9	4403	1	100	63	76	90	109	130	158	189	225	271	51249	4422	1	100
	51069	탐욕의_헤르메스의_프로텍터_섀도우	380	6056	12	4453	1	4511	1	0	0	0	0	9	4403	1	100	50	60	72	87	104	126	151	180	217	51250	4422	1	100
	51070	탐욕의_헤르메스의_헬멧_섀도우	381	6056	28	4454	1	4512	1	0	0	0	0	9	4403	1	100	44	53	63	76	91	110	132	157	190	51251	4422	1	100
	51071	탐욕의_헤르메스의_바지_섀도우	382	6056	36	4455	1	4513	1	0	0	0	0	9	4403	1	100	38	46	55	66	79	95	114	136	164	51252	4422	1	100
	51072	탐욕의_헤르메스의_부츠_섀도우	383	6056	20	4456	1	4514	1	0	0	0	0	9	4403	1	100	32	38	45	55	65	79	95	112	135	51253	4422	1	100
	51073	탐욕의_헤르메스의_장갑_섀도우	384	6056	20	4457	1	4515	1	0	0	0	0	9	4403	1	100	25	30	36	44	52	63	76	90	108	51254	4422	1	100
	51074	탐욕의_헤르메스의_벨트_섀도우	385	6056	8	4458	1	4516	1	0	0	0	0	9	4403	1	100	19	23	27	33	39	47	57	67	81	51255	4422	1	100
	51075	탐욕의_헤르메스의_셔츠_섀도우	386	6056	4	4459	1	4517	1	0	0	0	0	9	4403	1	100	13	15	18	22	26	32	38	45	54	51256	4422	1	100
	51367	증오의_페르세포네_갑옷_24등급아이템	387	6056	44	4452	1	4510	1	0	0	0	0	9	4403	1	100	63	76	90	109	130	158	189	225	271	51375	4422	1	100
	51368	증오의_페르세포네_프로텍터_24등급아이템	388	6056	12	4453	1	4511	1	0	0	0	0	9	4403	1	100	50	60	72	87	104	126	151	180	217	51376	4422	1	100
	51369	증오의_페르세포네_헬멧_24등급아이템	389	6056	28	4454	1	4512	1	0	0	0	0	9	4403	1	100	44	53	63	76	91	110	132	157	190	51377	4422	1	100
	51370	증오의_페르세포네_바지_24등급아이템	390	6056	36	4455	1	4513	1	0	0	0	0	9	4403	1	100	38	46	55	66	79	95	114	136	164	51378	4422	1	100
	51371	증오의_페르세포네_부츠_24등급아이템	391	6056	20	4456	1	4514	1	0	0	0	0	9	4403	1	100	32	38	45	55	65	79	95	112	135	51379	4422	1	100
	51372	증오의_페르세포네_장갑_24등급아이템	392	6056	20	4457	1	4515	1	0	0	0	0	9	4403	1	100	25	30	36	44	52	63	76	90	108	51380	4422	1	100
	51373	증오의_페르세포네_벨트_24등급아이템	393	6056	8	4458	1	4516	1	0	0	0	0	9	4403	1	100	19	23	27	33	39	47	57	67	81	51381	4422	1	100
	51374	증오의_페르세포네_셔츠_24등급아이템	394	6056	4	4459	1	4517	1	0	0	0	0	9	4403	1	100	13	15	18	22	26	32	38	45	54	51382	4422	1	100
	51663	분노의_마르스_갑옷_24등급아이템	395	6056	44	4452	1	4510	1	0	0	0	0	9	4403	1	100	63	76	90	109	130	158	189	225	271	51671	4422	1	100
	51664	분노의_마르스_프로텍터_24등급아이템	396	6056	12	4453	1	4511	1	0	0	0	0	9	4403	1	100	50	60	72	87	104	126	151	180	217	51672	4422	1	100
	51665	분노의_마르스_헬멧_24등급아이템	397	6056	28	4454	1	4512	1	0	0	0	0	9	4403	1	100	44	53	63	76	91	110	132	157	190	51673	4422	1	100
	51666	분노의_마르스_바지_24등급아이템	398	6056	36	4455	1	4513	1	0	0	0	0	9	4403	1	100	38	46	55	66	79	95	114	136	164	51674	4422	1	100
	51667	분노의_마르스_부츠_24등급아이템	399	6056	20	4456	1	4514	1	0	0	0	0	9	4403	1	100	32	38	45	55	65	79	95	112	135	51675	4422	1	100
	51668	분노의_마르스_장갑_24등급아이템	400	6056	20	4457	1	4515	1	0	0	0	0	9	4403	1	100	25	30	36	44	52	63	76	90	108	51676	4422	1	100
	51669	분노의_마르스_벨트_24등급아이템	401	6056	8	4458	1	4516	1	0	0	0	0	9	4403	1	100	19	23	27	33	39	47	57	67	81	51677	4422	1	100
	51670	분노의_마르스_셔츠_24등급아이템	402	6056	4	4459	1	4517	1	0	0	0	0	9	4403	1	100	13	15	18	22	26	32	38	45	54	51678	4422	1	100
	57017	냉정한아테네_갑옷_24등급아이템	403	6056	44	4452	1	4510	1	0	0	0	0	9	4403	1	100	63	76	90	109	130	158	189	225	271	57025	4422	1	100
	57018	냉정한아테네_프로텍터_24등급아이템	404	6056	12	4453	1	4511	1	0	0	0	0	9	4403	1	100	50	60	72	87	104	126	151	180	217	57026	4422	1	100
	57019	냉정한아테네_헬멧_24등급아이템	405	6056	28	4454	1	4512	1	0	0	0	0	9	4403	1	100	44	53	63	76	91	110	132	157	190	57027	4422	1	100
	57020	냉정한아테네_바지_24등급아이템	406	6056	36	4455	1	4513	1	0	0	0	0	9	4403	1	100	38	46	55	66	79	95	114	136	164	57028	4422	1	100
	57021	냉정한아테네_부츠_24등급아이템	407	6056	20	4456	1	4514	1	0	0	0	0	9	4403	1	100	32	38	45	55	65	79	95	112	135	57029	4422	1	100
	57022	냉정한아테네_장갑_24등급아이템	408	6056	20	4457	1	4515	1	0	0	0	0	9	4403	1	100	25	30	36	44	52	63	76	90	108	57030	4422	1	100
	57023	냉정한아테네_벨트_24등급아이템	409	6056	8	4458	1	4516	1	0	0	0	0	9	4403	1	100	19	23	27	33	39	47	57	67	81	57031	4422	1	100
	57024	냉정한아테네_셔츠_24등급아이템	410	6056	4	4459	1	4517	1	0	0	0	0	9	4403	1	100	13	15	18	22	26	32	38	45	54	57032	4422	1	100
//	엘리트2차																													
	51217	트론즈_갑옷_버서커	411	6066	22	4460	1	4519	1	0	0	0	0	9	4403	3	100	70	84	100	121	144	175	210	249	301	51455	4423	1	100
	51218	트론즈_프로텍터_버서커	412	6066	6	4461	1	4520	1	0	0	0	0	9	4403	3	100	56	67	80	97	116	140	168	200	241	51456	4423	1	100
	51219	트론즈_헬멧_버서커	413	6066	14	4462	1	4521	1	0	0	0	0	9	4403	3	100	49	59	71	85	102	123	148	175	212	51457	4423	1	100
	51220	트론즈_바지_버서커	414	6066	18	4463	1	4522	1	0	0	0	0	9	4403	3	100	42	50	60	73	87	105	126	150	181	51458	4423	1	100
	51221	트론즈_부츠_버서커	415	6066	10	4464	1	4523	1	0	0	0	0	9	4403	3	100	35	42	50	61	73	88	105	125	151	51459	4423	1	100
	51222	트론즈_장갑_버서커	416	6066	10	4465	1	4524	1	0	0	0	0	9	4403	3	100	28	34	40	49	58	71	85	101	121	51460	4423	1	100
	51223	트론즈_벨트_버서커	417	6066	4	4466	1	4525	1	0	0	0	0	9	4403	3	100	21	25	30	36	43	53	63	75	90	51461	4423	1	100
	51224	트론즈_셔츠_버서커	418	6066	2	4467	1	4526	1	0	0	0	0	9	4403	3	100	14	17	20	24	29	35	41	49	59	51462	4423	1	100
	51225	니슬로크_갑옷_드래곤	419	6066	22	4460	1	4519	1	0	0	0	0	9	4403	3	100	70	84	100	121	144	175	210	249	301	51463	4423	1	100
	51226	니슬로크_프로텍터_드래곤	420	6066	6	4461	1	4520	1	0	0	0	0	9	4403	3	100	56	67	80	97	116	140	168	200	241	51464	4423	1	100
	51227	니슬로크_헬멧_드래곤	421	6066	14	4462	1	4521	1	0	0	0	0	9	4403	3	100	49	59	71	85	102	123	148	175	212	51465	4423	1	100
	51228	니슬로크_바지_드래곤	422	6066	18	4463	1	4522	1	0	0	0	0	9	4403	3	100	42	50	60	73	87	105	126	150	181	51466	4423	1	100
	51229	니슬로크_부츠_드래곤	423	6066	10	4464	1	4523	1	0	0	0	0	9	4403	3	100	35	42	50	61	73	88	105	125	151	51467	4423	1	100
	51230	니슬로크_장갑_드래곤	424	6066	10	4465	1	4524	1	0	0	0	0	9	4403	3	100	28	34	40	49	58	71	85	101	121	51468	4423	1	100
	51231	니슬로크_벨트_드래곤	425	6066	4	4466	1	4525	1	0	0	0	0	9	4403	3	100	21	25	30	36	43	53	63	75	90	51469	4423	1	100
	51232	니슬로크_셔츠_드래곤	426	6066	2	4467	1	4526	1	0	0	0	0	9	4403	3	100	14	17	20	24	29	35	41	49	59	51470	4423	1	100
	51233	앙게레스_갑옷_엘리	427	6066	22	4460	1	4519	1	0	0	0	0	9	4403	3	100	70	84	100	121	144	175	210	249	301	51471	4423	1	100
	51234	앙게레스_프로텍터_엘리	428	6066	6	4461	1	4520	1	0	0	0	0	9	4403	3	100	56	67	80	97	116	140	168	200	241	51472	4423	1	100
	51235	앙게레스_헬멧_엘리	429	6066	14	4462	1	4521	1	0	0	0	0	9	4403	3	100	49	59	71	85	102	123	148	175	212	51473	4423	1	100
	51236	앙게레스_바지_엘리	430	6066	18	4463	1	4522	1	0	0	0	0	9	4403	3	100	42	50	60	73	87	105	126	150	181	51474	4423	1	100
	51237	앙게레스_부츠_엘리	431	6066	10	4464	1	4523	1	0	0	0	0	9	4403	3	100	35	42	50	61	73	88	105	125	151	51475	4423	1	100
	51238	앙게레스_장갑_엘리	432	6066	10	4465	1	4524	1	0	0	0	0	9	4403	3	100	28	34	40	49	58	71	85	101	121	51476	4423	1	100
	51239	앙게레스_벨트_엘리	433	6066	4	4466	1	4525	1	0	0	0	0	9	4403	3	100	21	25	30	36	43	53	63	75	90	51477	4423	1	100
	51240	앙게레스_셔츠_엘리	434	6066	2	4467	1	4526	1	0	0	0	0	9	4403	3	100	14	17	20	24	29	35	41	49	59	51478	4423	1	100
	51241	아시리아_갑옷_발키리	435	6066	22	4460	1	4519	1	0	0	0	0	9	4403	3	100	70	84	100	121	144	175	210	249	301	51479	4423	1	100
	51242	아시리아_프로텍터_발키리	436	6066	6	4461	1	4520	1	0	0	0	0	9	4403	3	100	56	67	80	97	116	140	168	200	241	51480	4423	1	100
	51243	아시리아_헬멧_발키리	437	6066	14	4462	1	4521	1	0	0	0	0	9	4403	3	100	49	59	71	85	102	123	148	175	212	51481	4423	1	100
	51244	아시리아_바지_발키리	438	6066	18	4463	1	4522	1	0	0	0	0	9	4403	3	100	42	50	60	73	87	105	126	150	181	51482	4423	1	100
	51245	아시리아_부츠_발키리	439	6066	10	4464	1	4523	1	0	0	0	0	9	4403	3	100	35	42	50	61	73	88	105	125	151	51483	4423	1	100
	51246	아시리아_장갑_발키리	440	6066	10	4465	1	4524	1	0	0	0	0	9	4403	3	100	28	34	40	49	58	71	85	101	121	51484	4423	1	100
	51247	아시리아_벨트_발키리	441	6066	4	4466	1	4525	1	0	0	0	0	9	4403	3	100	21	25	30	36	43	53	63	75	90	51485	4423	1	100
	51248	아시리아_셔츠_발키리	442	6066	2	4467	1	4526	1	0	0	0	0	9	4403	3	100	14	17	20	24	29	35	41	49	59	51486	4423	1	100
	51249	미카르_갑옷_섀도우	443	6066	22	4460	1	4519	1	0	0	0	0	9	4403	3	100	70	84	100	121	144	175	210	249	301	51487	4423	1	100
	51250	미카르_프로텍터_섀도우	444	6066	6	4461	1	4520	1	0	0	0	0	9	4403	3	100	56	67	80	97	116	140	168	200	241	51488	4423	1	100
	51251	미카르_헬멧_섀도우	445	6066	14	4462	1	4521	1	0	0	0	0	9	4403	3	100	49	59	71	85	102	123	148	175	212	51489	4423	1	100
	51252	미카르_바지_섀도우	446	6066	18	4463	1	4522	1	0	0	0	0	9	4403	3	100	42	50	60	73	87	105	126	150	181	51490	4423	1	100
	51253	미카르_부츠_섀도우	447	6066	10	4464	1	4523	1	0	0	0	0	9	4403	3	100	35	42	50	61	73	88	105	125	151	51491	4423	1	100
	51254	미카르_장갑_섀도우	448	6066	10	4465	1	4524	1	0	0	0	0	9	4403	3	100	28	34	40	49	58	71	85	101	121	51492	4423	1	100
	51255	미카르_벨트_섀도우	449	6066	4	4466	1	4525	1	0	0	0	0	9	4403	3	100	21	25	30	36	43	53	63	75	90	51493	4423	1	100
	51256	미카르_셔츠_섀도우	450	6066	2	4467	1	4526	1	0	0	0	0	9	4403	3	100	14	17	20	24	29	35	41	49	59	51494	4423	1	100
	51375	듀나미스_갑옷_25등급아이템	451	6066	22	4460	1	4519	1	0	0	0	0	9	4403	3	100	70	84	100	121	144	175	210	249	301	51495	4423	1	100
	51376	듀나미스_프로텍터_25등급아이템	452	6066	6	4461	1	4520	1	0	0	0	0	9	4403	3	100	56	67	80	97	116	140	168	200	241	51496	4423	1	100
	51377	듀나미스_헬멧_25등급아이템	453	6066	14	4462	1	4521	1	0	0	0	0	9	4403	3	100	49	59	71	85	102	123	148	175	212	51497	4423	1	100
	51378	듀나미스_바지_25등급아이템	454	6066	18	4463	1	4522	1	0	0	0	0	9	4403	3	100	42	50	60	73	87	105	126	150	181	51498	4423	1	100
	51379	듀나미스_부츠_25등급아이템	455	6066	10	4464	1	4523	1	0	0	0	0	9	4403	3	100	35	42	50	61	73	88	105	125	151	51499	4423	1	100
	51380	듀나미스_장갑_25등급아이템	456	6066	10	4465	1	4524	1	0	0	0	0	9	4403	3	100	28	34	40	49	58	71	85	101	121	51500	4423	1	100
	51381	듀나미스_벨트_25등급아이템	457	6066	4	4466	1	4525	1	0	0	0	0	9	4403	3	100	21	25	30	36	43	53	63	75	90	51501	4423	1	100
	51382	듀나미스_셔츠_25등급아이템	458	6066	2	4467	1	4526	1	0	0	0	0	9	4403	3	100	14	17	20	24	29	35	41	49	59	51502	4423	1	100
	51671	바커스_갑옷_25등급아이템	459	6066	22	4460	1	4519	1	0	0	0	0	9	4403	3	100	70	84	100	121	144	175	210	249	301	51679	4423	1	100
	51672	바커스_프로텍터_25등급아이템	460	6066	6	4461	1	4520	1	0	0	0	0	9	4403	3	100	56	67	80	97	116	140	168	200	241	51680	4423	1	100
	51673	바커스_헬멧_25등급아이템	461	6066	14	4462	1	4521	1	0	0	0	0	9	4403	3	100	49	59	71	85	102	123	148	175	212	51681	4423	1	100
	51674	바커스_바지_25등급아이템	462	6066	18	4463	1	4522	1	0	0	0	0	9	4403	3	100	42	50	60	73	87	105	126	150	181	51682	4423	1	100
	51675	바커스_부츠_25등급아이템	463	6066	10	4464	1	4523	1	0	0	0	0	9	4403	3	100	35	42	50	61	73	88	105	125	151	51683	4423	1	100
	51676	바커스_장갑_25등급아이템	464	6066	10	4465	1	4524	1	0	0	0	0	9	4403	3	100	28	34	40	49	58	71	85	101	121	51684	4423	1	100
	51677	바커스_벨트_25등급아이템	465	6066	4	4466	1	4525	1	0	0	0	0	9	4403	3	100	21	25	30	36	43	53	63	75	90	51685	4423	1	100
	51678	바커스_셔츠_25등급아이템	466	6066	2	4467	1	4526	1	0	0	0	0	9	4403	3	100	14	17	20	24	29	35	41	49	59	51686	4423	1	100
	57025	이르칼라_갑옷_25등급아이템	467	6066	22	4460	1	4519	1	0	0	0	0	9	4403	3	100	70	84	100	121	144	175	210	249	301	57033	4423	1	100
	57026	이르칼라_프로텍터_25등급아이템	468	6066	6	4461	1	4520	1	0	0	0	0	9	4403	3	100	56	67	80	97	116	140	168	200	241	57034	4423	1	100
	57027	이르칼라_헬멧_25등급아이템	469	6066	14	4462	1	4521	1	0	0	0	0	9	4403	3	100	49	59	71	85	102	123	148	175	212	57035	4423	1	100
	57028	이르칼라_바지_25등급아이템	470	6066	18	4463	1	4522	1	0	0	0	0	9	4403	3	100	42	50	60	73	87	105	126	150	181	57036	4423	1	100
	57029	이르칼라_부츠_25등급아이템	471	6066	10	4464	1	4523	1	0	0	0	0	9	4403	3	100	35	42	50	61	73	88	105	125	151	57037	4423	1	100
	57030	이르칼라_장갑_25등급아이템	472	6066	10	4465	1	4524	1	0	0	0	0	9	4403	3	100	28	34	40	49	58	71	85	101	121	57038	4423	1	100
	57031	이르칼라_벨트_25등급아이템	473	6066	4	4466	1	4525	1	0	0	0	0	9	4403	3	100	21	25	30	36	43	53	63	75	90	57039	4423	1	100
	57032	이르칼라_셔츠_25등급아이템	474	6066	2	4467	1	4526	1	0	0	0	0	9	4403	3	100	14	17	20	24	29	35	41	49	59	57040	4423	1	100
//	엘리트2.5차																													
	51455	피로물든_트론즈_갑옷_26등급아이템	475	6066	44	4468	1	4527	1	0	0	0	0	9	4403	4	100	77	93	111	134	159	193	231	275	332	51503	4424	1	100
	51456	피로물든_트론즈_프로텍터_26등급아이템	476	6066	12	4469	1	4528	1	0	0	0	0	9	4403	4	100	62	74	89	107	128	155	185	220	266	51504	4424	1	100
	51457	피로물든_트론즈_헬멧_26등급아이템	477	6066	28	4470	1	4529	1	0	0	0	0	9	4403	4	100	54	65	77	94	112	135	162	193	232	51505	4424	1	100
	51458	피로물든_트론즈_바지_26등급아이템	478	6066	36	4471	1	4530	1	0	0	0	0	9	4403	4	100	46	55	66	80	95	116	139	165	199	51506	4424	1	100
	51459	피로물든_트론즈_부츠_26등급아이템	479	6066	20	4472	1	4531	1	0	0	0	0	9	4403	4	100	39	46	55	67	80	97	116	138	166	51507	4424	1	100
	51460	피로물든_트론즈_장갑_26등급아이템	480	6066	20	4473	1	4532	1	0	0	0	0	9	4403	4	100	31	37	44	53	63	77	92	109	132	51508	4424	1	100
	51461	피로물든_트론즈_벨트_26등급아이템	481	6066	8	4474	1	4533	1	0	0	0	0	9	4403	4	100	23	28	33	40	48	58	69	82	99	51509	4424	1	100
	51462	피로물든_트론즈_셔츠_26등급아이템	482	6066	4	4475	1	4534	1	0	0	0	0	9	4403	4	100	16	19	22	27	32	39	47	56	67	51510	4424	1	100
	51463	피로물든_니슬로크_갑옷_26등급아이템	483	6066	44	4468	1	4527	1	0	0	0	0	9	4403	4	100	77	93	111	134	159	193	231	275	332	51511	4424	1	100
	51464	피로물든_니슬로크_프로텍터_26등급아이템	484	6066	12	4469	1	4528	1	0	0	0	0	9	4403	4	100	62	74	89	107	128	155	185	220	266	51512	4424	1	100
	51465	피로물든_니슬로크_헬멧_26등급아이템	485	6066	28	4470	1	4529	1	0	0	0	0	9	4403	4	100	54	65	77	94	112	135	162	193	232	51513	4424	1	100
	51466	피로물든_니슬로크_바지_26등급아이템	486	6066	36	4471	1	4530	1	0	0	0	0	9	4403	4	100	46	55	66	80	95	116	139	165	199	51514	4424	1	100
	51467	피로물든_니슬로크_부츠_26등급아이템	487	6066	20	4472	1	4531	1	0	0	0	0	9	4403	4	100	39	46	55	67	80	97	116	138	166	51515	4424	1	100
	51468	피로물든_니슬로크_장갑_26등급아이템	488	6066	20	4473	1	4532	1	0	0	0	0	9	4403	4	100	31	37	44	53	63	77	92	109	132	51516	4424	1	100
	51469	피로물든_니슬로크_벨트_26등급아이템	489	6066	8	4474	1	4533	1	0	0	0	0	9	4403	4	100	23	28	33	40	48	58	69	82	99	51517	4424	1	100
	51470	피로물든_니슬로크_셔츠_26등급아이템	490	6066	4	4475	1	4534	1	0	0	0	0	9	4403	4	100	16	19	22	27	32	39	47	56	67	51518	4424	1	100
	51471	피로물든_앙게레스_갑옷_26등급아이템	491	6066	44	4468	1	4527	1	0	0	0	0	9	4403	4	100	77	93	111	134	159	193	231	275	332	51519	4424	1	100
	51472	피로물든_앙게레스_프로텍터_26등급아이템	492	6066	12	4469	1	4528	1	0	0	0	0	9	4403	4	100	62	74	89	107	128	155	185	220	266	51520	4424	1	100
	51473	피로물든_앙게레스_헬멧_26등급아이템	493	6066	28	4470	1	4529	1	0	0	0	0	9	4403	4	100	54	65	77	94	112	135	162	193	232	51521	4424	1	100
	51474	피로물든_앙게레스_바지_26등급아이템	494	6066	36	4471	1	4530	1	0	0	0	0	9	4403	4	100	46	55	66	80	95	116	139	165	199	51522	4424	1	100
	51475	피로물든_앙게레스_부츠_26등급아이템	495	6066	20	4472	1	4531	1	0	0	0	0	9	4403	4	100	39	46	55	67	80	97	116	138	166	51523	4424	1	100
	51476	피로물든_앙게레스_장갑_26등급아이템	496	6066	20	4473	1	4532	1	0	0	0	0	9	4403	4	100	31	37	44	53	63	77	92	109	132	51524	4424	1	100
	51477	피로물든_앙게레스_벨트_26등급아이템	497	6066	8	4474	1	4533	1	0	0	0	0	9	4403	4	100	23	28	33	40	48	58	69	82	99	51525	4424	1	100
	51478	피로물든_앙게레스_셔츠_26등급아이템	498	6066	4	4475	1	4534	1	0	0	0	0	9	4403	4	100	16	19	22	27	32	39	47	56	67	51526	4424	1	100
	51479	피로물든_아시리아_갑옷_26등급아이템	499	6066	44	4468	1	4527	1	0	0	0	0	9	4403	4	100	77	93	111	134	159	193	231	275	332	51527	4424	1	100
	51480	피로물든_아시리아_프로텍터_26등급아이템	500	6066	12	4469	1	4528	1	0	0	0	0	9	4403	4	100	62	74	89	107	128	155	185	220	266	51528	4424	1	100
	51481	피로물든_아시리아_헬멧_26등급아이템	501	6066	28	4470	1	4529	1	0	0	0	0	9	4403	4	100	54	65	77	94	112	135	162	193	232	51529	4424	1	100
	51482	피로물든_아시리아_바지_26등급아이템	502	6066	36	4471	1	4530	1	0	0	0	0	9	4403	4	100	46	55	66	80	95	116	139	165	199	51530	4424	1	100
	51483	피로물든_아시리아_부츠_26등급아이템	503	6066	20	4472	1	4531	1	0	0	0	0	9	4403	4	100	39	46	55	67	80	97	116	138	166	51531	4424	1	100
	51484	피로물든_아시리아_장갑_26등급아이템	504	6066	20	4473	1	4532	1	0	0	0	0	9	4403	4	100	31	37	44	53	63	77	92	109	132	51532	4424	1	100
	51485	피로물든_아시리아_벨트_26등급아이템	505	6066	8	4474	1	4533	1	0	0	0	0	9	4403	4	100	23	28	33	40	48	58	69	82	99	51533	4424	1	100
	51486	피로물든_아시리아_셔츠_26등급아이템	506	6066	4	4475	1	4534	1	0	0	0	0	9	4403	4	100	16	19	22	27	32	39	47	56	67	51534	4424	1	100
	51487	피로물든_미카르_갑옷_26등급아이템	507	6066	44	4468	1	4527	1	0	0	0	0	9	4403	4	100	77	93	111	134	159	193	231	275	332	51535	4424	1	100
	51488	피로물든_미카르_프로텍터_26등급아이템	508	6066	12	4469	1	4528	1	0	0	0	0	9	4403	4	100	62	74	89	107	128	155	185	220	266	51536	4424	1	100
	51489	피로물든_미카르_헬멧_26등급아이템	509	6066	28	4470	1	4529	1	0	0	0	0	9	4403	4	100	54	65	77	94	112	135	162	193	232	51537	4424	1	100
	51490	피로물든_미카르_바지_26등급아이템	510	6066	36	4471	1	4530	1	0	0	0	0	9	4403	4	100	46	55	66	80	95	116	139	165	199	51538	4424	1	100
	51491	피로물든_미카르_부츠_26등급아이템	511	6066	20	4472	1	4531	1	0	0	0	0	9	4403	4	100	39	46	55	67	80	97	116	138	166	51539	4424	1	100
	51492	피로물든_미카르_장갑_26등급아이템	512	6066	20	4473	1	4532	1	0	0	0	0	9	4403	4	100	31	37	44	53	63	77	92	109	132	51540	4424	1	100
	51493	피로물든_미카르_벨트_26등급아이템	513	6066	8	4474	1	4533	1	0	0	0	0	9	4403	4	100	23	28	33	40	48	58	69	82	99	51541	4424	1	100
	51494	피로물든_미카르_셔츠_26등급아이템	514	6066	4	4475	1	4534	1	0	0	0	0	9	4403	4	100	16	19	22	27	32	39	47	56	67	51542	4424	1	100
	51495	피로물든_듀나미스_갑옷_26등급아이템	515	6066	44	4468	1	4527	1	0	0	0	0	9	4403	4	100	77	93	111	134	159	193	231	275	332	51543	4424	1	100
	51496	피로물든_듀나미스_프로텍터_26등급아이템	516	6066	12	4469	1	4528	1	0	0	0	0	9	4403	4	100	62	74	89	107	128	155	185	220	266	51544	4424	1	100
	51497	피로물든_듀나미스_헬멧_26등급아이템	517	6066	28	4470	1	4529	1	0	0	0	0	9	4403	4	100	54	65	77	94	112	135	162	193	232	51545	4424	1	100
	51498	피로물든_듀나미스_바지_26등급아이템	518	6066	36	4471	1	4530	1	0	0	0	0	9	4403	4	100	46	55	66	80	95	116	139	165	199	51546	4424	1	100
	51499	피로물든_듀나미스_부츠_26등급아이템	519	6066	20	4472	1	4531	1	0	0	0	0	9	4403	4	100	39	46	55	67	80	97	116	138	166	51547	4424	1	100
	51500	피로물든_듀나미스_장갑_26등급아이템	520	6066	20	4473	1	4532	1	0	0	0	0	9	4403	4	100	31	37	44	53	63	77	92	109	132	51548	4424	1	100
	51501	피로물든_듀나미스_벨트_26등급아이템	521	6066	8	4474	1	4533	1	0	0	0	0	9	4403	4	100	23	28	33	40	48	58	69	82	99	51549	4424	1	100
	51502	피로물든_듀나미스_셔츠_26등급아이템	522	6066	4	4475	1	4534	1	0	0	0	0	9	4403	4	100	16	19	22	27	32	39	47	56	67	51550	4424	1	100
	51679	피로물든_바커스_갑옷_26등급아이템	523	6066	44	4468	1	4527	1	0	0	0	0	9	4403	4	100	77	93	111	134	159	193	231	275	332	51687	4424	1	100
	51680	피로물든_바커스_프로텍터_26등급아이템	524	6066	12	4469	1	4528	1	0	0	0	0	9	4403	4	100	62	74	89	107	128	155	185	220	266	51688	4424	1	100
	51681	피로물든_바커스_헬멧_26등급아이템	525	6066	28	4470	1	4529	1	0	0	0	0	9	4403	4	100	54	65	77	94	112	135	162	193	232	51689	4424	1	100
	51682	피로물든_바커스_바지_26등급아이템	526	6066	36	4471	1	4530	1	0	0	0	0	9	4403	4	100	46	55	66	80	95	116	139	165	199	51690	4424	1	100
	51683	피로물든_바커스_부츠_26등급아이템	527	6066	20	4472	1	4531	1	0	0	0	0	9	4403	4	100	39	46	55	67	80	97	116	138	166	51691	4424	1	100
	51684	피로물든_바커스_장갑_26등급아이템	528	6066	20	4473	1	4532	1	0	0	0	0	9	4403	4	100	31	37	44	53	63	77	92	109	132	51692	4424	1	100
	51685	피로물든_바커스_벨트_26등급아이템	529	6066	8	4474	1	4533	1	0	0	0	0	9	4403	4	100	23	28	33	40	48	58	69	82	99	51693	4424	1	100
	51686	피로물든_바커스_셔츠_26등급아이템	530	6066	4	4475	1	4534	1	0	0	0	0	9	4403	4	100	16	19	22	27	32	39	47	56	67	51694	4424	1	100
	57033	피로물든이르칼라_갑옷_26등급아이템	531	6066	44	4468	1	4527	1	0	0	0	0	9	4403	4	100	77	93	111	134	159	193	231	275	332	57041	4424	1	100
	57034	피로물든이르칼라_프로텍터_26등급아이템	532	6066	12	4469	1	4528	1	0	0	0	0	9	4403	4	100	62	74	89	107	128	155	185	220	266	57042	4424	1	100
	57035	피로물든이르칼라_헬멧_26등급아이템	533	6066	28	4470	1	4529	1	0	0	0	0	9	4403	4	100	54	65	77	94	112	135	162	193	232	57043	4424	1	100
	57036	피로물든이르칼라_바지_26등급아이템	534	6066	36	4471	1	4530	1	0	0	0	0	9	4403	4	100	46	55	66	80	95	116	139	165	199	57044	4424	1	100
	57037	피로물든이르칼라_부츠_26등급아이템	535	6066	20	4472	1	4531	1	0	0	0	0	9	4403	4	100	39	46	55	67	80	97	116	138	166	57045	4424	1	100
	57038	피로물든이르칼라_장갑_26등급아이템	536	6066	20	4473	1	4532	1	0	0	0	0	9	4403	4	100	31	37	44	53	63	77	92	109	132	57046	4424	1	100
	57039	피로물든이르칼라_벨트_26등급아이템	537	6066	8	4474	1	4533	1	0	0	0	0	9	4403	4	100	23	28	33	40	48	58	69	82	99	57047	4424	1	100
	57040	피로물든이르칼라_셔츠_26등급아이템	538	6066	4	4475	1	4534	1	0	0	0	0	9	4403	4	100	16	19	22	27	32	39	47	56	67	57048	4424	1	100
//	엘리트3차																													
	51503	토르_갑옷_27등급아이템	539	6105	22	4476	1	0	0	0	0	0	0	9	4403	5	100	84	101	121	146	174	211	253	301	362	51751	4425	1	100
	51504	토르_프로텍터_27등급아이템	540	6105	6	4477	1	0	0	0	0	0	0	9	4403	5	100	67	81	96	116	139	168	202	240	289	51752	4425	1	100
	51505	토르_헬멧_27등급아이템	541	6105	14	4478	1	0	0	0	0	0	0	9	4403	5	100	59	71	84	102	122	147	176	210	253	51753	4425	1	100
	51506	토르_바지_27등급아이템	542	6105	18	4479	1	0	0	0	0	0	0	9	4403	5	100	50	60	72	87	104	126	151	180	217	51754	4425	1	100
	51507	토르_부츠_27등급아이템	543	6105	10	4480	1	0	0	0	0	0	0	9	4403	5	100	42	50	60	73	87	105	126	150	181	51755	4425	1	100
	51508	토르_장갑_27등급아이템	544	6105	10	4481	1	0	0	0	0	0	0	9	4403	5	100	34	40	48	58	69	84	101	120	144	51756	4425	1	100
	51509	토르_벨트_27등급아이템	545	6105	4	4482	1	0	0	0	0	0	0	9	4403	5	100	25	30	36	44	52	63	76	90	108	51757	4425	1	100
	51510	토르_셔츠_27등급아이템	546	6105	2	4483	1	0	0	0	0	0	0	9	4403	5	100	17	20	24	29	35	42	50	60	72	51758	4425	1	100
	51511	헤임달_갑옷_27등급아이템	547	6105	22	4476	1	0	0	0	0	0	0	9	4403	5	100	84	101	121	146	174	211	253	301	362	51759	4425	1	100
	51512	헤임달_프로텍터_27등급아이템	548	6105	6	4477	1	0	0	0	0	0	0	9	4403	5	100	67	81	96	116	139	168	202	240	289	51760	4425	1	100
	51513	헤임달_헬멧_27등급아이템	549	6105	14	4478	1	0	0	0	0	0	0	9	4403	5	100	59	71	84	102	122	147	176	210	253	51761	4425	1	100
	51514	헤임달_바지_27등급아이템	550	6105	18	4479	1	0	0	0	0	0	0	9	4403	5	100	50	60	72	87	104	126	151	180	217	51762	4425	1	100
	51515	헤임달_부츠_27등급아이템	551	6105	10	4480	1	0	0	0	0	0	0	9	4403	5	100	42	50	60	73	87	105	126	150	181	51763	4425	1	100
	51516	헤임달_장갑_27등급아이템	552	6105	10	4481	1	0	0	0	0	0	0	9	4403	5	100	34	40	48	58	69	84	101	120	144	51764	4425	1	100
	51517	헤임달_벨트_27등급아이템	553	6105	4	4482	1	0	0	0	0	0	0	9	4403	5	100	25	30	36	44	52	63	76	90	108	51765	4425	1	100
	51518	헤임달_셔츠_27등급아이템	554	6105	2	4483	1	0	0	0	0	0	0	9	4403	5	100	17	20	24	29	35	42	50	60	72	51766	4425	1	100
	51519	프레이야_갑옷_27등급아이템	555	6105	22	4476	1	0	0	0	0	0	0	9	4403	5	100	84	101	121	146	174	211	253	301	362	51775	4425	1	100
	51520	프레이야_프로텍터_27등급아이템	556	6105	6	4477	1	0	0	0	0	0	0	9	4403	5	100	67	81	96	116	139	168	202	240	289	51776	4425	1	100
	51521	프레이야_헬멧_27등급아이템	557	6105	14	4478	1	0	0	0	0	0	0	9	4403	5	100	59	71	84	102	122	147	176	210	253	51777	4425	1	100
	51522	프레이야_바지_27등급아이템	558	6105	18	4479	1	0	0	0	0	0	0	9	4403	5	100	50	60	72	87	104	126	151	180	217	51778	4425	1	100
	51523	프레이야_부츠_27등급아이템	559	6105	10	4480	1	0	0	0	0	0	0	9	4403	5	100	42	50	60	73	87	105	126	150	181	51779	4425	1	100
	51524	프레이야_장갑_27등급아이템	560	6105	10	4481	1	0	0	0	0	0	0	9	4403	5	100	34	40	48	58	69	84	101	120	144	51780	4425	1	100
	51525	프레이야_벨트_27등급아이템	561	6105	4	4482	1	0	0	0	0	0	0	9	4403	5	100	25	30	36	44	52	63	76	90	108	51781	4425	1	100
	51526	프레이야_셔츠_27등급아이템	562	6105	2	4483	1	0	0	0	0	0	0	9	4403	5	100	17	20	24	29	35	42	50	60	72	51782	4425	1	100
	51527	스카디_갑옷_27등급아이템	563	6105	22	4476	1	0	0	0	0	0	0	9	4403	5	100	84	101	121	146	174	211	253	301	362	51767	4425	1	100
	51528	스카디_프로텍터_27등급아이템	564	6105	6	4477	1	0	0	0	0	0	0	9	4403	5	100	67	81	96	116	139	168	202	240	289	51768	4425	1	100
	51529	스카디_헬멧_27등급아이템	565	6105	14	4478	1	0	0	0	0	0	0	9	4403	5	100	59	71	84	102	122	147	176	210	253	51769	4425	1	100
	51530	스카디_바지_27등급아이템	566	6105	18	4479	1	0	0	0	0	0	0	9	4403	5	100	50	60	72	87	104	126	151	180	217	51770	4425	1	100
	51531	스카디_부츠_27등급아이템	567	6105	10	4480	1	0	0	0	0	0	0	9	4403	5	100	42	50	60	73	87	105	126	150	181	51771	4425	1	100
	51532	스카디_장갑_27등급아이템	568	6105	10	4481	1	0	0	0	0	0	0	9	4403	5	100	34	40	48	58	69	84	101	120	144	51772	4425	1	100
	51533	스카디_벨트_27등급아이템	569	6105	4	4482	1	0	0	0	0	0	0	9	4403	5	100	25	30	36	44	52	63	76	90	108	51773	4425	1	100
	51534	스카디_셔츠_27등급아이템	570	6105	2	4483	1	0	0	0	0	0	0	9	4403	5	100	17	20	24	29	35	42	50	60	72	51774	4425	1	100
	51535	로키_갑옷_27등급아이템	571	6105	22	4476	1	0	0	0	0	0	0	9	4403	5	100	84	101	121	146	174	211	253	301	362	51783	4425	1	100
	51536	로키_프로텍터_27등급아이템	572	6105	6	4477	1	0	0	0	0	0	0	9	4403	5	100	67	81	96	116	139	168	202	240	289	51784	4425	1	100
	51537	로키_헬멧_27등급아이템	573	6105	14	4478	1	0	0	0	0	0	0	9	4403	5	100	59	71	84	102	122	147	176	210	253	51785	4425	1	100
	51538	로키_바지_27등급아이템	574	6105	18	4479	1	0	0	0	0	0	0	9	4403	5	100	50	60	72	87	104	126	151	180	217	51786	4425	1	100
	51539	로키_부츠_27등급아이템	575	6105	10	4480	1	0	0	0	0	0	0	9	4403	5	100	42	50	60	73	87	105	126	150	181	51787	4425	1	100
	51540	로키_장갑_27등급아이템	576	6105	10	4481	1	0	0	0	0	0	0	9	4403	5	100	34	40	48	58	69	84	101	120	144	51788	4425	1	100
	51541	로키_벨트_27등급아이템	577	6105	4	4482	1	0	0	0	0	0	0	9	4403	5	100	25	30	36	44	52	63	76	90	108	51789	4425	1	100
	51542	로키_셔츠_27등급아이템	578	6105	2	4483	1	0	0	0	0	0	0	9	4403	5	100	17	20	24	29	35	42	50	60	72	51790	4425	1	100
	51543	시프_갑옷_27등급아이템	579	6105	22	4476	1	0	0	0	0	0	0	9	4403	5	100	84	101	121	146	174	211	253	301	362	51791	4425	1	100
	51544	시프_프로텍터_27등급아이템	580	6105	6	4477	1	0	0	0	0	0	0	9	4403	5	100	67	81	96	116	139	168	202	240	289	51792	4425	1	100
	51545	시프_헬멧_27등급아이템	581	6105	14	4478	1	0	0	0	0	0	0	9	4403	5	100	59	71	84	102	122	147	176	210	253	51793	4425	1	100
	51546	시프_바지_27등급아이템	582	6105	18	4479	1	0	0	0	0	0	0	9	4403	5	100	50	60	72	87	104	126	151	180	217	51794	4425	1	100
	51547	시프_부츠_27등급아이템	583	6105	10	4480	1	0	0	0	0	0	0	9	4403	5	100	42	50	60	73	87	105	126	150	181	51795	4425	1	100
	51548	시프_장갑_27등급아이템	584	6105	10	4481	1	0	0	0	0	0	0	9	4403	5	100	34	40	48	58	69	84	101	120	144	51796	4425	1	100
	51549	시프_벨트_27등급아이템	585	6105	4	4482	1	0	0	0	0	0	0	9	4403	5	100	25	30	36	44	52	63	76	90	108	51797	4425	1	100
	51550	시프_셔츠_27등급아이템	586	6105	2	4483	1	0	0	0	0	0	0	9	4403	5	100	17	20	24	29	35	42	50	60	72	51798	4425	1	100
	51687	노르넨_갑옷_27등급아이템	587	6105	22	4476	1	0	0	0	0	0	0	9	4403	5	100	84	101	121	146	174	211	253	301	362	51799	4425	1	100
	51688	노르넨_프로텍터_27등급아이템	588	6105	6	4477	1	0	0	0	0	0	0	9	4403	5	100	67	81	96	116	139	168	202	240	289	51800	4425	1	100
	51689	노르넨_헬멧_27등급아이템	589	6105	14	4478	1	0	0	0	0	0	0	9	4403	5	100	59	71	84	102	122	147	176	210	253	51801	4425	1	100
	51690	노르넨_바지_27등급아이템	590	6105	18	4479	1	0	0	0	0	0	0	9	4403	5	100	50	60	72	87	104	126	151	180	217	51802	4425	1	100
	51691	노르넨_부츠_27등급아이템	591	6105	10	4480	1	0	0	0	0	0	0	9	4403	5	100	42	50	60	73	87	105	126	150	181	51803	4425	1	100
	51692	노르넨_장갑_27등급아이템	592	6105	10	4481	1	0	0	0	0	0	0	9	4403	5	100	34	40	48	58	69	84	101	120	144	51804	4425	1	100
	51693	노르넨_벨트_27등급아이템	593	6105	4	4482	1	0	0	0	0	0	0	9	4403	5	100	25	30	36	44	52	63	76	90	108	51805	4425	1	100
	51694	노르넨_셔츠_27등급아이템	594	6105	2	4483	1	0	0	0	0	0	0	9	4403	5	100	17	20	24	29	35	42	50	60	72	51806	4425	1	100
	57041	모리유_갑옷_27등급아이템	595	6105	22	4476	1	0	0	0	0	0	0	9	4403	5	100	84	101	121	146	174	211	253	301	362	51807	4425	1	100
	57042	모리유_프로텍터_27등급아이템	596	6105	6	4477	1	0	0	0	0	0	0	9	4403	5	100	67	81	96	116	139	168	202	240	289	51808	4425	1	100
	57043	모리유_헬멧_27등급아이템	597	6105	14	4478	1	0	0	0	0	0	0	9	4403	5	100	59	71	84	102	122	147	176	210	253	51809	4425	1	100
	57044	모리유_바지_27등급아이템	598	6105	18	4479	1	0	0	0	0	0	0	9	4403	5	100	50	60	72	87	104	126	151	180	217	51810	4425	1	100
	57045	모리유_부츠_27등급아이템	599	6105	10	4480	1	0	0	0	0	0	0	9	4403	5	100	42	50	60	73	87	105	126	150	181	51811	4425	1	100
	57046	모리유_장갑_27등급아이템	600	6105	10	4481	1	0	0	0	0	0	0	9	4403	5	100	34	40	48	58	69	84	101	120	144	51812	4425	1	100
	57047	모리유_벨트_27등급아이템	601	6105	4	4482	1	0	0	0	0	0	0	9	4403	5	100	25	30	36	44	52	63	76	90	108	51813	4425	1	100
	57048	모리유_셔츠_27등급아이템	602	6105	2	4483	1	0	0	0	0	0	0	9	4403	5	100	17	20	24	29	35	42	50	60	72	51814	4425	1	100
//	엘리트3.5차																													
	51751	검게물든_토르_갑옷_28등급아이템	603	6105	44	4484	1	0	0	0	0	0	0	9	4403	6	100	91	109	131	158	188	228	274	325	392	51823	4426	1	100
	51752	검게물든_토르_프로텍터_28등급아이템	604	6105	12	4485	1	0	0	0	0	0	0	9	4403	6	100	73	87	104	126	151	182	219	260	313	51824	4426	1	100
	51753	검게물든_토르_헬멧_28등급아이템	605	6105	28	4486	1	0	0	0	0	0	0	9	4403	6	100	64	76	91	110	131	159	191	227	273	51825	4426	1	100
	51754	검게물든_토르_바지_28등급아이템	606	6105	36	4487	1	0	0	0	0	0	0	9	4403	6	100	55	66	79	95	113	137	165	196	236	51826	4426	1	100
	51755	검게물든_토르_부츠_28등급아이템	607	6105	20	4488	1	0	0	0	0	0	0	9	4403	6	100	46	55	65	79	94	114	137	163	196	51827	4426	1	100
	51756	검게물든_토르_장갑_28등급아이템	608	6105	20	4489	1	0	0	0	0	0	0	9	4403	6	100	37	44	52	63	76	92	110	131	157	51828	4426	1	100
	51757	검게물든_토르_벨트_28등급아이템	609	6105	8	4490	1	0	0	0	0	0	0	9	4403	6	100	27	33	39	47	56	68	82	97	117	51829	4426	1	100
	51758	검게물든_토르_셔츠_28등급아이템	610	6105	4	4491	1	0	0	0	0	0	0	9	4403	6	100	18	22	26	32	38	46	55	65	79	51830	4426	1	100
	51759	검게물든_헤임달_갑옷_28등급아이템	611	6105	44	4484	1	0	0	0	0	0	0	9	4403	6	100	91	109	131	158	188	228	274	325	392	51831	4426	1	100
	51760	검게물든_헤임달_프로텍터_28등급아이템	612	6105	12	4485	1	0	0	0	0	0	0	9	4403	6	100	73	87	104	126	151	182	219	260	313	51832	4426	1	100
	51761	검게물든_헤임달_헬멧_28등급아이템	613	6105	28	4486	1	0	0	0	0	0	0	9	4403	6	100	64	76	91	110	131	159	191	227	273	51833	4426	1	100
	51762	검게물든_헤임달_바지_28등급아이템	614	6105	36	4487	1	0	0	0	0	0	0	9	4403	6	100	55	66	79	95	113	137	165	196	236	51834	4426	1	100
	51763	검게물든_헤임달_부츠_28등급아이템	615	6105	20	4488	1	0	0	0	0	0	0	9	4403	6	100	46	55	65	79	94	114	137	163	196	51835	4426	1	100
	51764	검게물든_헤임달_장갑_28등급아이템	616	6105	20	4489	1	0	0	0	0	0	0	9	4403	6	100	37	44	52	63	76	92	110	131	157	51836	4426	1	100
	51765	검게물든_헤임달_벨트_28등급아이템	617	6105	8	4490	1	0	0	0	0	0	0	9	4403	6	100	27	33	39	47	56	68	82	97	117	51837	4426	1	100
	51766	검게물든_헤임달_셔츠_28등급아이템	618	6105	4	4491	1	0	0	0	0	0	0	9	4403	6	100	18	22	26	32	38	46	55	65	79	51838	4426	1	100
	51767	검게물든_스카디_갑옷_28등급아이템	619	6105	44	4484	1	0	0	0	0	0	0	9	4403	6	100	91	109	131	158	188	228	274	325	392	51847	4426	1	100
	51768	검게물든_스카디_프로텍터_28등급아이템	620	6105	12	4485	1	0	0	0	0	0	0	9	4403	6	100	73	87	104	126	151	182	219	260	313	51848	4426	1	100
	51769	검게물든_스카디_헬멧_28등급아이템	621	6105	28	4486	1	0	0	0	0	0	0	9	4403	6	100	64	76	91	110	131	159	191	227	273	51849	4426	1	100
	51770	검게물든_스카디_바지_28등급아이템	622	6105	36	4487	1	0	0	0	0	0	0	9	4403	6	100	55	66	79	95	113	137	165	196	236	51850	4426	1	100
	51771	검게물든_스카디_부츠_28등급아이템	623	6105	20	4488	1	0	0	0	0	0	0	9	4403	6	100	46	55	65	79	94	114	137	163	196	51851	4426	1	100
	51772	검게물든_스카디_장갑_28등급아이템	624	6105	20	4489	1	0	0	0	0	0	0	9	4403	6	100	37	44	52	63	76	92	110	131	157	51852	4426	1	100
	51773	검게물든_스카디_벨트_28등급아이템	625	6105	8	4490	1	0	0	0	0	0	0	9	4403	6	100	27	33	39	47	56	68	82	97	117	51853	4426	1	100
	51774	검게물든_스카디_셔츠_28등급아이템	626	6105	4	4491	1	0	0	0	0	0	0	9	4403	6	100	18	22	26	32	38	46	55	65	79	51854	4426	1	100
	51775	검게물든_프레이야_갑옷_28등급아이템	627	6105	44	4484	1	0	0	0	0	0	0	9	4403	6	100	91	109	131	158	188	228	274	325	392	51839	4426	1	100
	51776	검게물든_프레이야_프로텍터_28등급아이템	628	6105	12	4485	1	0	0	0	0	0	0	9	4403	6	100	73	87	104	126	151	182	219	260	313	51840	4426	1	100
	51777	검게물든_프레이야_헬멧_28등급아이템	629	6105	28	4486	1	0	0	0	0	0	0	9	4403	6	100	64	76	91	110	131	159	191	227	273	51841	4426	1	100
	51778	검게물든_프레이야_바지_28등급아이템	630	6105	36	4487	1	0	0	0	0	0	0	9	4403	6	100	55	66	79	95	113	137	165	196	236	51842	4426	1	100
	51779	검게물든_프레이야_부츠_28등급아이템	631	6105	20	4488	1	0	0	0	0	0	0	9	4403	6	100	46	55	65	79	94	114	137	163	196	51843	4426	1	100
	51780	검게물든_프레이야_장갑_28등급아이템	632	6105	20	4489	1	0	0	0	0	0	0	9	4403	6	100	37	44	52	63	76	92	110	131	157	51844	4426	1	100
	51781	검게물든_프레이야_벨트_28등급아이템	633	6105	8	4490	1	0	0	0	0	0	0	9	4403	6	100	27	33	39	47	56	68	82	97	117	51845	4426	1	100
	51782	검게물든_프레이야_셔츠_28등급아이템	634	6105	4	4491	1	0	0	0	0	0	0	9	4403	6	100	18	22	26	32	38	46	55	65	79	51846	4426	1	100
	51783	검게물든_로키_갑옷_28등급아이템	635	6105	44	4484	1	0	0	0	0	0	0	9	4403	6	100	91	109	131	158	188	228	274	325	392	51855	4426	1	100
	51784	검게물든_로키_프로텍터_28등급아이템	636	6105	12	4485	1	0	0	0	0	0	0	9	4403	6	100	73	87	104	126	151	182	219	260	313	51856	4426	1	100
	51785	검게물든_로키_헬멧_28등급아이템	637	6105	28	4486	1	0	0	0	0	0	0	9	4403	6	100	64	76	91	110	131	159	191	227	273	51857	4426	1	100
	51786	검게물든_로키_바지_28등급아이템	638	6105	36	4487	1	0	0	0	0	0	0	9	4403	6	100	55	66	79	95	113	137	165	196	236	51858	4426	1	100
	51787	검게물든_로키_부츠_28등급아이템	639	6105	20	4488	1	0	0	0	0	0	0	9	4403	6	100	46	55	65	79	94	114	137	163	196	51859	4426	1	100
	51788	검게물든_로키_장갑_28등급아이템	640	6105	20	4489	1	0	0	0	0	0	0	9	4403	6	100	37	44	52	63	76	92	110	131	157	51860	4426	1	100
	51789	검게물든_로키_벨트_28등급아이템	641	6105	8	4490	1	0	0	0	0	0	0	9	4403	6	100	27	33	39	47	56	68	82	97	117	51861	4426	1	100
	51790	검게물든_로키_셔츠_28등급아이템	642	6105	4	4491	1	0	0	0	0	0	0	9	4403	6	100	18	22	26	32	38	46	55	65	79	51862	4426	1	100
	51791	검게물든_시프_갑옷_28등급아이템	643	6105	44	4484	1	0	0	0	0	0	0	9	4403	6	100	91	109	131	158	188	228	274	325	392	51863	4426	1	100
	51792	검게물든_시프_프로텍터_28등급아이템	644	6105	12	4485	1	0	0	0	0	0	0	9	4403	6	100	73	87	104	126	151	182	219	260	313	51864	4426	1	100
	51793	검게물든_시프_헬멧_28등급아이템	645	6105	28	4486	1	0	0	0	0	0	0	9	4403	6	100	64	76	91	110	131	159	191	227	273	51865	4426	1	100
	51794	검게물든_시프_바지_28등급아이템	646	6105	36	4487	1	0	0	0	0	0	0	9	4403	6	100	55	66	79	95	113	137	165	196	236	51866	4426	1	100
	51795	검게물든_시프_부츠_28등급아이템	647	6105	20	4488	1	0	0	0	0	0	0	9	4403	6	100	46	55	65	79	94	114	137	163	196	51867	4426	1	100
	51796	검게물든_시프_장갑_28등급아이템	648	6105	20	4489	1	0	0	0	0	0	0	9	4403	6	100	37	44	52	63	76	92	110	131	157	51868	4426	1	100
	51797	검게물든_시프_벨트_28등급아이템	649	6105	8	4490	1	0	0	0	0	0	0	9	4403	6	100	27	33	39	47	56	68	82	97	117	51869	4426	1	100
	51798	검게물든_시프_셔츠_28등급아이템	650	6105	4	4491	1	0	0	0	0	0	0	9	4403	6	100	18	22	26	32	38	46	55	65	79	51870	4426	1	100
	51799	검게물든_노르넨_갑옷_28등급아이템	651	6105	44	4484	1	0	0	0	0	0	0	9	4403	6	100	91	109	131	158	188	228	274	325	392	51871	4426	1	100
	51800	검게물든_노르넨_프로텍터_28등급아이템	652	6105	12	4485	1	0	0	0	0	0	0	9	4403	6	100	73	87	104	126	151	182	219	260	313	51872	4426	1	100
	51801	검게물든_노르넨_헬멧_28등급아이템	653	6105	28	4486	1	0	0	0	0	0	0	9	4403	6	100	64	76	91	110	131	159	191	227	273	51873	4426	1	100
	51802	검게물든_노르넨_바지_28등급아이템	654	6105	36	4487	1	0	0	0	0	0	0	9	4403	6	100	55	66	79	95	113	137	165	196	236	51874	4426	1	100
	51803	검게물든_노르넨_부츠_28등급아이템	655	6105	20	4488	1	0	0	0	0	0	0	9	4403	6	100	46	55	65	79	94	114	137	163	196	51875	4426	1	100
	51804	검게물든_노르넨_장갑_28등급아이템	656	6105	20	4489	1	0	0	0	0	0	0	9	4403	6	100	37	44	52	63	76	92	110	131	157	51876	4426	1	100
	51805	검게물든_노르넨_벨트_28등급아이템	657	6105	8	4490	1	0	0	0	0	0	0	9	4403	6	100	27	33	39	47	56	68	82	97	117	51877	4426	1	100
	51806	검게물든_노르넨_셔츠_28등급아이템	658	6105	4	4491	1	0	0	0	0	0	0	9	4403	6	100	18	22	26	32	38	46	55	65	79	51878	4426	1	100
	51807	검게물든_모리유_갑옷_28등급아이템	659	6105	44	4484	1	0	0	0	0	0	0	9	4403	6	100	91	109	131	158	188	228	274	325	392	51879	4426	1	100
	51808	검게물든_모리유_프로텍터_28등급아이템	660	6105	12	4485	1	0	0	0	0	0	0	9	4403	6	100	73	87	104	126	151	182	219	260	313	51880	4426	1	100
	51809	검게물든_모리유_헬멧_28등급아이템	661	6105	28	4486	1	0	0	0	0	0	0	9	4403	6	100	64	76	91	110	131	159	191	227	273	51881	4426	1	100
	51810	검게물든_모리유_바지_28등급아이템	662	6105	36	4487	1	0	0	0	0	0	0	9	4403	6	100	55	66	79	95	113	137	165	196	236	51882	4426	1	100
	51811	검게물든_모리유_부츠_28등급아이템	663	6105	20	4488	1	0	0	0	0	0	0	9	4403	6	100	46	55	65	79	94	114	137	163	196	51883	4426	1	100
	51812	검게물든_모리유_장갑_28등급아이템	664	6105	20	4489	1	0	0	0	0	0	0	9	4403	6	100	37	44	52	63	76	92	110	131	157	51884	4426	1	100
	51813	검게물든_모리유_벨트_28등급아이템	665	6105	8	4490	1	0	0	0	0	0	0	9	4403	6	100	27	33	39	47	56	68	82	97	117	51885	4426	1	100
	51814	검게물든_모리유_셔츠_28등급아이템	666	6105	4	4491	1	0	0	0	0	0	0	9	4403	6	100	18	22	26	32	38	46	55	65	79	51886	4426	1	100
//	엘리트4차																													
	51823	블라인_갑옷_29등급아이템	695	6110	22	0	0	0	0	0	0	0	0	9	4403	7	100	98	118	141	171	203	246	295	351	423	53451	4427	1	100
	51824	블라인_프로텍터_29등급아이템	696	6110	6	0	0	0	0	0	0	0	0	9	4403	7	100	79	94	113	136	162	197	236	280	338	53452	4427	1	100
	51825	블라인_헬멧_29등급아이템	697	6110	14	0	0	0	0	0	0	0	0	9	4403	7	100	69	82	98	119	142	172	206	245	295	53453	4427	1	100
	51826	블라인_바지_29등급아이템	698	6110	18	0	0	0	0	0	0	0	0	9	4403	7	100	59	71	85	102	122	148	177	211	254	53454	4427	1	100
	51827	블라인_부츠_29등급아이템	699	6110	10	0	0	0	0	0	0	0	0	9	4403	7	100	49	59	71	85	102	123	148	175	212	53455	4427	1	100
	51828	블라인_장갑_29등급아이템	700	6110	10	0	0	0	0	0	0	0	0	9	4403	7	100	39	47	56	68	81	98	118	140	169	53456	4427	1	100
	51829	블라인_벨트_29등급아이템	701	6110	4	0	0	0	0	0	0	0	0	9	4403	7	100	29	35	42	51	61	74	88	105	126	53457	4427	1	100
	51830	블라인_셔츠_29등급아이템	702	6110	2	0	0	0	0	0	0	0	0	9	4403	7	100	20	24	28	34	41	50	59	71	85	53458	4427	1	100
	51831	군나르_갑옷_29등급아이템	703	6110	22	0	0	0	0	0	0	0	0	9	4403	7	100	98	118	141	171	203	246	295	351	423	53459	4427	1	100
	51832	군나르_프로텍터_29등급아이템	704	6110	6	0	0	0	0	0	0	0	0	9	4403	7	100	79	94	113	136	162	197	236	280	338	53460	4427	1	100
	51833	군나르_헬멧_29등급아이템	705	6110	14	0	0	0	0	0	0	0	0	9	4403	7	100	69	82	98	119	142	172	206	245	295	53461	4427	1	100
	51834	군나르_바지_29등급아이템	706	6110	18	0	0	0	0	0	0	0	0	9	4403	7	100	59	71	85	102	122	148	177	211	254	53462	4427	1	100
	51835	군나르_부츠_29등급아이템	707	6110	10	0	0	0	0	0	0	0	0	9	4403	7	100	49	59	71	85	102	123	148	175	212	53463	4427	1	100
	51836	군나르_장갑_29등급아이템	708	6110	10	0	0	0	0	0	0	0	0	9	4403	7	100	39	47	56	68	81	98	118	140	169	53464	4427	1	100
	51837	군나르_벨트_29등급아이템	709	6110	4	0	0	0	0	0	0	0	0	9	4403	7	100	29	35	42	51	61	74	88	105	126	53465	4427	1	100
	51838	군나르_셔츠_29등급아이템	710	6110	2	0	0	0	0	0	0	0	0	9	4403	7	100	20	24	28	34	41	50	59	71	85	53466	4427	1	100
	51839	린드_갑옷_29등급아이템	711	6110	22	0	0	0	0	0	0	0	0	9	4403	7	100	98	118	141	171	203	246	295	351	423	53467	4427	1	100
	51840	린드_프로텍터_29등급아이템	712	6110	6	0	0	0	0	0	0	0	0	9	4403	7	100	79	94	113	136	162	197	236	280	338	53468	4427	1	100
	51841	린드_헬멧_29등급아이템	713	6110	14	0	0	0	0	0	0	0	0	9	4403	7	100	69	82	98	119	142	172	206	245	295	53469	4427	1	100
	51842	린드_바지_29등급아이템	714	6110	18	0	0	0	0	0	0	0	0	9	4403	7	100	59	71	85	102	122	148	177	211	254	53470	4427	1	100
	51843	린드_부츠_29등급아이템	715	6110	10	0	0	0	0	0	0	0	0	9	4403	7	100	49	59	71	85	102	123	148	175	212	53471	4427	1	100
	51844	린드_장갑_29등급아이템	716	6110	10	0	0	0	0	0	0	0	0	9	4403	7	100	39	47	56	68	81	98	118	140	169	53472	4427	1	100
	51845	린드_벨트_29등급아이템	717	6110	4	0	0	0	0	0	0	0	0	9	4403	7	100	29	35	42	51	61	74	88	105	126	53473	4427	1	100
	51846	린드_셔츠_29등급아이템	718	6110	2	0	0	0	0	0	0	0	0	9	4403	7	100	20	24	28	34	41	50	59	71	85	53474	4427	1	100
	51847	그리드_갑옷_29등급아이템	719	6110	22	0	0	0	0	0	0	0	0	9	4403	7	100	98	118	141	171	203	246	295	351	423	53475	4427	1	100
	51848	그리드_프로텍터_29등급아이템	720	6110	6	0	0	0	0	0	0	0	0	9	4403	7	100	79	94	113	136	162	197	236	280	338	53476	4427	1	100
	51849	그리드_헬멧_29등급아이템	721	6110	14	0	0	0	0	0	0	0	0	9	4403	7	100	69	82	98	119	142	172	206	245	295	53477	4427	1	100
	51850	그리드_바지_29등급아이템	722	6110	18	0	0	0	0	0	0	0	0	9	4403	7	100	59	71	85	102	122	148	177	211	254	53478	4427	1	100
	51851	그리드_부츠_29등급아이템	723	6110	10	0	0	0	0	0	0	0	0	9	4403	7	100	49	59	71	85	102	123	148	175	212	53479	4427	1	100
	51852	그리드_장갑_29등급아이템	724	6110	10	0	0	0	0	0	0	0	0	9	4403	7	100	39	47	56	68	81	98	118	140	169	53480	4427	1	100
	51853	그리드_벨트_29등급아이템	725	6110	4	0	0	0	0	0	0	0	0	9	4403	7	100	29	35	42	51	61	74	88	105	126	53481	4427	1	100
	51854	그리드_셔츠_29등급아이템	726	6110	2	0	0	0	0	0	0	0	0	9	4403	7	100	20	24	28	34	41	50	59	71	85	53482	4427	1	100
	51855	샤치_갑옷_29등급아이템	727	6110	22	0	0	0	0	0	0	0	0	9	4403	7	100	98	118	141	171	203	246	295	351	423	53483	4427	1	100
	51856	샤치_프로텍터_29등급아이템	728	6110	6	0	0	0	0	0	0	0	0	9	4403	7	100	79	94	113	136	162	197	236	280	338	53484	4427	1	100
	51857	샤치_헬멧_29등급아이템	729	6110	14	0	0	0	0	0	0	0	0	9	4403	7	100	69	82	98	119	142	172	206	245	295	53485	4427	1	100
	51858	샤치_바지_29등급아이템	730	6110	18	0	0	0	0	0	0	0	0	9	4403	7	100	59	71	85	102	122	148	177	211	254	53486	4427	1	100
	51859	샤치_부츠_29등급아이템	731	6110	10	0	0	0	0	0	0	0	0	9	4403	7	100	49	59	71	85	102	123	148	175	212	53487	4427	1	100
	51860	샤치_장갑_29등급아이템	732	6110	10	0	0	0	0	0	0	0	0	9	4403	7	100	39	47	56	68	81	98	118	140	169	53488	4427	1	100
	51861	샤치_벨트_29등급아이템	733	6110	4	0	0	0	0	0	0	0	0	9	4403	7	100	29	35	42	51	61	74	88	105	126	53489	4427	1	100
	51862	샤치_셔츠_29등급아이템	734	6110	2	0	0	0	0	0	0	0	0	9	4403	7	100	20	24	28	34	41	50	59	71	85	53490	4427	1	100
	51863	이둔_갑옷_29등급아이템	735	6110	22	0	0	0	0	0	0	0	0	9	4403	7	100	98	118	141	171	203	246	295	351	423	53491	4427	1	100
	51864	이둔_프로텍터_29등급아이템	736	6110	6	0	0	0	0	0	0	0	0	9	4403	7	100	79	94	113	136	162	197	236	280	338	53492	4427	1	100
	51865	이둔_헬멧_29등급아이템	737	6110	14	0	0	0	0	0	0	0	0	9	4403	7	100	69	82	98	119	142	172	206	245	295	53493	4427	1	100
	51866	이둔_바지_29등급아이템	738	6110	18	0	0	0	0	0	0	0	0	9	4403	7	100	59	71	85	102	122	148	177	211	254	53494	4427	1	100
	51867	이둔_부츠_29등급아이템	739	6110	10	0	0	0	0	0	0	0	0	9	4403	7	100	49	59	71	85	102	123	148	175	212	53495	4427	1	100
	51868	이둔_장갑_29등급아이템	740	6110	10	0	0	0	0	0	0	0	0	9	4403	7	100	39	47	56	68	81	98	118	140	169	53496	4427	1	100
	51869	이둔_벨트_29등급아이템	741	6110	4	0	0	0	0	0	0	0	0	9	4403	7	100	29	35	42	51	61	74	88	105	126	53497	4427	1	100
	51870	이둔_셔츠_29등급아이템	742	6110	2	0	0	0	0	0	0	0	0	9	4403	7	100	20	24	28	34	41	50	59	71	85	53498	4427	1	100
	51871	볼룬드_갑옷_29등급아이템	743	6110	22	0	0	0	0	0	0	0	0	9	4403	7	100	98	118	141	171	203	246	295	351	423	53499	4427	1	100
	51872	볼룬드_프로텍터_29등급아이템	744	6110	6	0	0	0	0	0	0	0	0	9	4403	7	100	79	94	113	136	162	197	236	280	338	53500	4427	1	100
	51873	볼룬드_헬멧_29등급아이템	745	6110	14	0	0	0	0	0	0	0	0	9	4403	7	100	69	82	98	119	142	172	206	245	295	53501	4427	1	100
	51874	볼룬드_바지_29등급아이템	746	6110	18	0	0	0	0	0	0	0	0	9	4403	7	100	59	71	85	102	122	148	177	211	254	53502	4427	1	100
	51875	볼룬드_부츠_29등급아이템	747	6110	10	0	0	0	0	0	0	0	0	9	4403	7	100	49	59	71	85	102	123	148	175	212	53503	4427	1	100
	51876	볼룬드_장갑_29등급아이템	748	6110	10	0	0	0	0	0	0	0	0	9	4403	7	100	39	47	56	68	81	98	118	140	169	53504	4427	1	100
	51877	볼룬드_벨트_29등급아이템	749	6110	4	0	0	0	0	0	0	0	0	9	4403	7	100	29	35	42	51	61	74	88	105	126	53505	4427	1	100
	51878	볼룬드_셔츠_29등급아이템	750	6110	2	0	0	0	0	0	0	0	0	9	4403	7	100	20	24	28	34	41	50	59	71	85	53506	4427	1	100
	51879	신마라_갑옷_29등급아이템	751	6110	22	0	0	0	0	0	0	0	0	9	4403	7	100	98	118	141	171	203	246	295	351	423	53507	4427	1	100
	51880	신마라_프로텍터_29등급아이템	752	6110	6	0	0	0	0	0	0	0	0	9	4403	7	100	79	94	113	136	162	197	236	280	338	53508	4427	1	100
	51881	신마라_헬멧_29등급아이템	753	6110	14	0	0	0	0	0	0	0	0	9	4403	7	100	69	82	98	119	142	172	206	245	295	53509	4427	1	100
	51882	신마라_바지_29등급아이템	754	6110	18	0	0	0	0	0	0	0	0	9	4403	7	100	59	71	85	102	122	148	177	211	254	53510	4427	1	100
	51883	신마라_부츠_29등급아이템	755	6110	10	0	0	0	0	0	0	0	0	9	4403	7	100	49	59	71	85	102	123	148	175	212	53511	4427	1	100
	51884	신마라_장갑_29등급아이템	756	6110	10	0	0	0	0	0	0	0	0	9	4403	7	100	39	47	56	68	81	98	118	140	169	53512	4427	1	100
	51885	신마라_벨트_29등급아이템	757	6110	4	0	0	0	0	0	0	0	0	9	4403	7	100	29	35	42	51	61	74	88	105	126	53513	4427	1	100
	51886	신마라_셔츠_29등급아이템	758	6110	2	0	0	0	0	0	0	0	0	9	4403	7	100	20	24	28	34	41	50	59	71	85	53514	4427	1	100
	53437	권위에물든_블라인의_양손도끼	759	6111	44	4546	1	0	0	0	0	0	0	9	4403	8	100	302	363	435	522	626	752	902	1082	1299	53515	6129	1	100
	53438	권위에물든_블라인의_양손검	760	6111	44	4546	1	0	0	0	0	0	0	9	4403	8	100	302	363	435	522	626	752	902	1082	1299	53516	6129	1	100
	53439	권위에물든_군나르의_한손검	761	6111	44	4546	1	0	0	0	0	0	0	9	4403	8	100	302	363	435	522	626	752	902	1082	1299	53517	6129	1	100
	53440	권위에물든_군나르의_창	762	6111	44	4546	1	0	0	0	0	0	0	9	4403	8	100	302	363	435	522	626	752	902	1082	1299	53518	6129	1	100
	53441	권위에물든_그리드의_한손석궁	763	6111	44	4546	1	0	0	0	0	0	0	9	4403	8	100	302	363	435	522	626	752	902	1082	1299	53519	6129	1	100
	53442	권위에물든_그리드의_에테르웨폰	764	6111	44	4546	1	0	0	0	0	0	0	9	4403	8	100	302	363	435	522	626	752	902	1082	1299	53519	6129	1	100
	53443	권위에물든_린드의_지팡이	765	6111	44	4546	1	0	0	0	0	0	0	9	4403	8	100	302	363	435	522	626	752	902	1082	1299	53520	6129	1	100
	53444	권위에물든_린드의_오브	766	6111	44	4546	1	0	0	0	0	0	0	9	4403	8	100	302	363	435	522	626	752	902	1082	1299	53521	6129	1	100
	53445	권위에물든_샤치의_대거	767	6111	44	4546	1	0	0	0	0	0	0	9	4403	8	100	302	363	435	522	626	752	902	1082	1299	53522	6129	1	100
	53446	권위에물든_샤치의_채찍검	768	6111	44	4546	1	0	0	0	0	0	0	9	4403	8	100	302	363	435	522	626	752	902	1082	1299	53523	6129	1	100
	53447	권위에물든_이둔의_건틀렛	769	6111	44	4546	1	0	0	0	0	0	0	9	4403	8	100	302	363	435	522	626	752	902	1082	1299	53524	6129	1	100
	53448	권위에물든_이둔의_에테르사이드	770	6111	44	4546	1	0	0	0	0	0	0	9	4403	8	100	302	363	435	522	626	752	902	1082	1299	53524	6129	1	100
	53449	권위에물든_볼룬드의_에테르블래스터	771	6111	44	4546	1	0	0	0	0	0	0	9	4403	8	100	302	363	435	522	626	752	902	1082	1299	53525	6129	1	100
	53450	권위에물든_신마라의_아크블레이드	772	6111	44	4546	1	0	0	0	0	0	0	9	4403	8	100	302	363	435	522	626	752	902	1082	1299	53526	6129	1	100
	53515	아벨리오의_양손도끼	773	6128	22	0	0	0	0	0	0	0	0	9	4403	9	100	378	454	542	656	782	946	1135	1349	1627	53591	6130	1	100
	53516	아벨리오의_양손검	774	6128	22	0	0	0	0	0	0	0	0	9	4403	9	100	378	454	542	656	782	946	1135	1349	1627	53592	6130	1	100
	53517	그란노스의_한손검	775	6128	22	0	0	0	0	0	0	0	0	9	4403	9	100	378	454	542	656	782	946	1135	1349	1627	53593	6130	1	100
	53518	그란노스의_창	776	6128	22	0	0	0	0	0	0	0	0	9	4403	9	100	378	454	542	656	782	946	1135	1349	1627	53594	6130	1	100
	53519	아그로나의_한손석궁	777	6128	22	0	0	0	0	0	0	0	0	9	4403	9	100	378	454	542	656	782	946	1135	1349	1627	53595	6130	1	100
	53520	시로나의_지팡이	778	6128	22	0	0	0	0	0	0	0	0	9	4403	9	100	378	454	542	656	782	946	1135	1349	1627	53596	6130	1	100
	53521	시로나의_오브	779	6128	22	0	0	0	0	0	0	0	0	9	4403	9	100	378	454	542	656	782	946	1135	1349	1627	53597	6130	1	100
	53522	카뮬로스의_대거	780	6128	22	0	0	0	0	0	0	0	0	9	4403	9	100	378	454	542	656	782	946	1135	1349	1627	53598	6130	1	100
	53523	카뮬로스의_채찍검	781	6128	22	0	0	0	0	0	0	0	0	9	4403	9	100	378	454	542	656	782	946	1135	1349	1627	53599	6130	1	100
	53524	벨리사의_에테르사이드	782	6128	22	0	0	0	0	0	0	0	0	9	4403	9	100	378	454	542	656	782	946	1135	1349	1627	53600	6130	1	100
	53525	파테르의_에테르블래스터	783	6128	22	0	0	0	0	0	0	0	0	9	4403	9	100	378	454	542	656	782	946	1135	1349	1627	53601	6130	1	100
	53526	안다르타의_아크블레이드	784	6128	22	0	0	0	0	0	0	0	0	9	4403	9	100	378	454	542	656	782	946	1135	1349	1627	53602	6130	1	100
	53591	심연에물든_아벨리오의_양손도끼	785	6128	44	0	0	0	0	0	0	0	0	9	4403	10	100	438	526	628	760	906	1096	1315	1563	1885	53667	6191	1	100
	53592	심연에물든_아벨리오의_양손검	786	6128	44	0	0	0	0	0	0	0	0	9	4403	10	100	438	526	628	760	906	1096	1315	1563	1885	53668	6191	1	100
	53593	심연에물든_그란노스의_한손검	787	6128	44	0	0	0	0	0	0	0	0	9	4403	10	100	438	526	628	760	906	1096	1315	1563	1885	53669	6191	1	100
	53594	심연에물든_그란노스의_창	788	6128	44	0	0	0	0	0	0	0	0	9	4403	10	100	438	526	628	760	906	1096	1315	1563	1885	53670	6191	1	100
	53595	심연에물든_아그로나의_한손석궁	789	6128	44	0	0	0	0	0	0	0	0	9	4403	10	100	438	526	628	760	906	1096	1315	1563	1885	53671	6191	1	100
	53596	심연에물든_시로나의_지팡이	790	6128	44	0	0	0	0	0	0	0	0	9	4403	10	100	438	526	628	760	906	1096	1315	1563	1885	53672	6191	1	100
	53597	심연에물든_시로나의_오브	791	6128	44	0	0	0	0	0	0	0	0	9	4403	10	100	438	526	628	760	906	1096	1315	1563	1885	53673	6191	1	100
	53598	심연에물든_카뮬로스의_대거	792	6128	44	0	0	0	0	0	0	0	0	9	4403	10	100	438	526	628	760	906	1096	1315	1563	1885	53674	6191	1	100
	53599	심연에물든_카뮬로스의_채찍검	793	6128	44	0	0	0	0	0	0	0	0	9	4403	10	100	438	526	628	760	906	1096	1315	1563	1885	53675	6191	1	100
	53600	심연에물든_벨리사의_에테르사이드	794	6128	44	0	0	0	0	0	0	0	0	9	4403	10	100	438	526	628	760	906	1096	1315	1563	1885	53676	6191	1	100
	53601	심연에물든_파테르의_에테르블래스터	795	6128	44	0	0	0	0	0	0	0	0	9	4403	10	100	438	526	628	760	906	1096	1315	1563	1885	53677	6191	1	100
	53602	심연에물든_안다르타의_아크블레이드	796	6128	44	0	0	0	0	0	0	0	0	9	4403	10	100	438	526	628	760	906	1096	1315	1563	1885	53678	6191	1	100
	53667	엘리트6_헬리오스의_양손도끼	797	6190	22	0	0	0	0	0	0	0	0	9	4403	11	100	524	629	752	909	1084	1311	1573	1870	2255	53743	6205	1	100
	53668	엘리트6_헬리오스의_양손검	798	6190	22	0	0	0	0	0	0	0	0	9	4403	11	100	524	629	752	909	1084	1311	1573	1870	2255	53744	6205	1	100
	53669	엘리트6_메테우스의_한손검	799	6190	22	0	0	0	0	0	0	0	0	9	4403	11	100	524	629	752	909	1084	1311	1573	1870	2255	53745	6205	1	100
	53670	엘리트6_메테우스의_창	800	6190	22	0	0	0	0	0	0	0	0	9	4403	11	100	524	629	752	909	1084	1311	1573	1870	2255	53746	6205	1	100
	53671	엘리트6_에소스의_한손석궁	801	6190	22	0	0	0	0	0	0	0	0	9	4403	11	100	524	629	752	909	1084	1311	1573	1870	2255	53747	6205	1	100
	53672	엘리트6_셀레네의_지팡이	802	6190	22	0	0	0	0	0	0	0	0	9	4403	11	100	524	629	752	909	1084	1311	1573	1870	2255	53748	6205	1	100
	53673	엘리트6_셀레네의_오브	803	6190	22	0	0	0	0	0	0	0	0	9	4403	11	100	524	629	752	909	1084	1311	1573	1870	2255	53749	6205	1	100
	53674	엘리트6_히페리온의_대거	804	6190	22	0	0	0	0	0	0	0	0	9	4403	11	100	524	629	752	909	1084	1311	1573	1870	2255	53750	6205	1	100
	53675	엘리트6_히페리온의_채찍검	805	6190	22	0	0	0	0	0	0	0	0	9	4403	11	100	524	629	752	909	1084	1311	1573	1870	2255	53751	6205	1	100
	53676	엘리트6_레토의_에테르사이드	806	6190	22	0	0	0	0	0	0	0	0	9	4403	11	100	524	629	752	909	1084	1311	1573	1870	2255	53752	6205	1	100
	53677	엘리트6_팔라스의_에테르블래스터	807	6190	22	0	0	0	0	0	0	0	0	9	4403	11	100	524	629	752	909	1084	1311	1573	1870	2255	53753	6205	1	100
	53678	엘리트6_디오네의_아크블레이드	808	6190	22	0	0	0	0	0	0	0	0	9	4403	11	100	524	629	752	909	1084	1311	1573	1870	2255	53754	6205	1	100
	53743	엘리트6.5_몽환의_헬리오스_양손도끼	809	6190	44	0	0	0	0	0	0	0	0	9	4403	12	100	625	750	896	1083	1291	1562	1875	2229	2687	0	6237	1	100
	53744	엘리트6.5_몽환의_헬리오스_양손검	810	6190	44	0	0	0	0	0	0	0	0	9	4403	12	100	625	750	896	1083	1291	1562	1875	2229	2687	0	6237	1	100
	53745	엘리트6.5_몽환의_메테우스_한손검	811	6190	44	0	0	0	0	0	0	0	0	9	4403	12	100	625	750	896	1083	1291	1562	1875	2229	2687	0	6237	1	100
	53746	엘리트6.5_몽환의_메테우스_창	812	6190	44	0	0	0	0	0	0	0	0	9	4403	12	100	625	750	896	1083	1291	1562	1875	2229	2687	0	6237	1	100
	53747	엘리트6.5_몽환의_에오스_한손석궁	813	6190	44	0	0	0	0	0	0	0	0	9	4403	12	100	625	750	896	1083	1291	1562	1875	2229	2687	0	6237	1	100
	53748	엘리트6.5_몽환의_셀레네_지팡이	814	6190	44	0	0	0	0	0	0	0	0	9	4403	12	100	625	750	896	1083	1291	1562	1875	2229	2687	0	6237	1	100
	53749	엘리트6.5_몽환의_셀레네_오브	815	6190	44	0	0	0	0	0	0	0	0	9	4403	12	100	625	750	896	1083	1291	1562	1875	2229	2687	0	6237	1	100
	53750	엘리트6.5_몽환의_히페리온_대거	816	6190	44	0	0	0	0	0	0	0	0	9	4403	12	100	625	750	896	1083	1291	1562	1875	2229	2687	0	6237	1	100
	53751	엘리트6.5_몽환의_히페리온_채찍검	817	6190	44	0	0	0	0	0	0	0	0	9	4403	12	100	625	750	896	1083	1291	1562	1875	2229	2687	0	6237	1	100
	53752	엘리트6.5_몽환의_레토_에테르사이드	818	6190	44	0	0	0	0	0	0	0	0	9	4403	12	100	625	750	896	1083	1291	1562	1875	2229	2687	0	6237	1	100
	53753	엘리트6.5_몽환의_팔라스_에테르블래스터	819	6190	44	0	0	0	0	0	0	0	0	9	4403	12	100	625	750	896	1083	1291	1562	1875	2229	2687	0	6237	1	100
	53754	엘리트6.5_몽환의_디오네_아크블레이드	820	6190	44	0	0	0	0	0	0	0	0	9	4403	12	100	625	750	896	1083	1291	1562	1875	2229	2687	0	6237	1	100
	53451	권위에물든_블라인_갑옷_30등급아이템	821	6110	44	4547	1	0	0	0	0	0	0	9	4403	8	100	105	126	151	183	218	263	316	376	453	53527	6129	1	100
	53452	권위에물든_블라인_프로텍터_30등급아이템	822	6110	12	4548	1	0	0	0	0	0	0	9	4403	8	100	84	101	121	146	174	211	253	301	362	53528	6129	1	100
	53453	권위에물든_블라인_헬멧_30등급아이템	823	6110	28	4549	1	0	0	0	0	0	0	9	4403	8	100	74	88	105	127	152	184	221	262	316	53529	6129	1	100
	53454	권위에물든_블라인_바지_30등급아이템	824	6110	36	4550	1	0	0	0	0	0	0	9	4403	8	100	63	76	90	109	130	158	189	225	271	53530	6129	1	100
	53455	권위에물든_블라인_부츠_30등급아이템	825	6110	20	4551	1	0	0	0	0	0	0	9	4403	8	100	53	63	75	91	109	131	158	187	226	53531	6129	1	100
	53456	권위에물든_블라인_장갑_30등급아이템	826	6110	20	4552	1	0	0	0	0	0	0	9	4403	8	100	42	51	61	73	87	106	127	151	182	53532	6129	1	100
	53457	권위에물든_블라인_벨트_30등급아이템	827	6110	8	4553	1	0	0	0	0	0	0	9	4403	8	100	32	38	46	55	66	80	95	113	137	53533	6129	1	100
	53458	권위에물든_블라인_셔츠_30등급아이템	828	6110	4	4554	1	0	0	0	0	0	0	9	4403	8	100	21	25	30	36	43	53	63	75	90	53534	6129	1	100
	53459	권위에물든_군나르_갑옷_30등급아이템	829	6110	44	4547	1	0	0	0	0	0	0	9	4403	8	100	105	126	151	183	218	263	316	376	453	53535	6129	1	100
	53460	권위에물든_군나르_프로텍터_30등급아이템	830	6110	12	4548	1	0	0	0	0	0	0	9	4403	8	100	84	101	121	146	174	211	253	301	362	53536	6129	1	100
	53461	권위에물든_군나르_헬멧_30등급아이템	831	6110	28	4549	1	0	0	0	0	0	0	9	4403	8	100	74	88	105	127	152	184	221	262	316	53537	6129	1	100
	53462	권위에물든_군나르_바지_30등급아이템	832	6110	36	4550	1	0	0	0	0	0	0	9	4403	8	100	63	76	90	109	130	158	189	225	271	53538	6129	1	100
	53463	권위에물든_군나르_부츠_30등급아이템	833	6110	20	4551	1	0	0	0	0	0	0	9	4403	8	100	53	63	75	91	109	131	158	187	226	53539	6129	1	100
	53464	권위에물든_군나르_장갑_30등급아이템	834	6110	20	4552	1	0	0	0	0	0	0	9	4403	8	100	42	51	61	73	87	106	127	151	182	53540	6129	1	100
	53465	권위에물든_군나르_벨트_30등급아이템	835	6110	8	4553	1	0	0	0	0	0	0	9	4403	8	100	32	38	46	55	66	80	95	113	137	53541	6129	1	100
	53466	권위에물든_군나르_셔츠_30등급아이템	836	6110	4	4554	1	0	0	0	0	0	0	9	4403	8	100	21	25	30	36	43	53	63	75	90	53542	6129	1	100
	53467	권위에물든_린드_갑옷_30등급아이템	837	6110	44	4547	1	0	0	0	0	0	0	9	4403	8	100	105	126	151	183	218	263	316	376	453	53551	6129	1	100
	53468	권위에물든_린드_프로텍터_30등급아이템	838	6110	12	4548	1	0	0	0	0	0	0	9	4403	8	100	84	101	121	146	174	211	253	301	362	53552	6129	1	100
	53469	권위에물든_린드_헬멧_30등급아이템	839	6110	28	4549	1	0	0	0	0	0	0	9	4403	8	100	74	88	105	127	152	184	221	262	316	53553	6129	1	100
	53470	권위에물든_린드_바지_30등급아이템	840	6110	36	4550	1	0	0	0	0	0	0	9	4403	8	100	63	76	90	109	130	158	189	225	271	53554	6129	1	100
	53471	권위에물든_린드_부츠_30등급아이템	841	6110	20	4551	1	0	0	0	0	0	0	9	4403	8	100	53	63	75	91	109	131	158	187	226	53555	6129	1	100
	53472	권위에물든_린드_장갑_30등급아이템	842	6110	20	4552	1	0	0	0	0	0	0	9	4403	8	100	42	51	61	73	87	106	127	151	182	53556	6129	1	100
	53473	권위에물든_린드_벨트_30등급아이템	843	6110	8	4553	1	0	0	0	0	0	0	9	4403	8	100	32	38	46	55	66	80	95	113	137	53557	6129	1	100
	53474	권위에물든_린드_셔츠_30등급아이템	844	6110	4	4554	1	0	0	0	0	0	0	9	4403	8	100	21	25	30	36	43	53	63	75	90	53558	6129	1	100
	53475	권위에물든_그리드_갑옷_30등급아이템	845	6110	44	4547	1	0	0	0	0	0	0	9	4403	8	100	105	126	151	183	218	263	316	376	453	53543	6129	1	100
	53476	권위에물든_그리드_프로텍터_30등급아이템	846	6110	12	4548	1	0	0	0	0	0	0	9	4403	8	100	84	101	121	146	174	211	253	301	362	53544	6129	1	100
	53477	권위에물든_그리드_헬멧_30등급아이템	847	6110	28	4549	1	0	0	0	0	0	0	9	4403	8	100	74	88	105	127	152	184	221	262	316	53545	6129	1	100
	53478	권위에물든_그리드_바지_30등급아이템	848	6110	36	4550	1	0	0	0	0	0	0	9	4403	8	100	63	76	90	109	130	158	189	225	271	53546	6129	1	100
	53479	권위에물든_그리드_부츠_30등급아이템	849	6110	20	4551	1	0	0	0	0	0	0	9	4403	8	100	53	63	75	91	109	131	158	187	226	53547	6129	1	100
	53480	권위에물든_그리드_장갑_30등급아이템	850	6110	20	4552	1	0	0	0	0	0	0	9	4403	8	100	42	51	61	73	87	106	127	151	182	53548	6129	1	100
	53481	권위에물든_그리드_벨트_30등급아이템	851	6110	8	4553	1	0	0	0	0	0	0	9	4403	8	100	32	38	46	55	66	80	95	113	137	53549	6129	1	100
	53482	권위에물든_그리드_셔츠_30등급아이템	852	6110	4	4554	1	0	0	0	0	0	0	9	4403	8	100	21	25	30	36	43	53	63	75	90	53550	6129	1	100
	53483	권위에물든_샤치_갑옷_30등급아이템	853	6110	44	4547	1	0	0	0	0	0	0	9	4403	8	100	105	126	151	183	218	263	316	376	453	53559	6129	1	100
	53484	권위에물든_샤치_프로텍터_30등급아이템	854	6110	12	4548	1	0	0	0	0	0	0	9	4403	8	100	84	101	121	146	174	211	253	301	362	53560	6129	1	100
	53485	권위에물든_샤치_헬멧_30등급아이템	855	6110	28	4549	1	0	0	0	0	0	0	9	4403	8	100	74	88	105	127	152	184	221	262	316	53561	6129	1	100
	53486	권위에물든_샤치_바지_30등급아이템	856	6110	36	4550	1	0	0	0	0	0	0	9	4403	8	100	63	76	90	109	130	158	189	225	271	53562	6129	1	100
	53487	권위에물든_샤치_부츠_30등급아이템	857	6110	20	4551	1	0	0	0	0	0	0	9	4403	8	100	53	63	75	91	109	131	158	187	226	53563	6129	1	100
	53488	권위에물든_샤치_장갑_30등급아이템	858	6110	20	4552	1	0	0	0	0	0	0	9	4403	8	100	42	51	61	73	87	106	127	151	182	53564	6129	1	100
	53489	권위에물든_샤치_벨트_30등급아이템	859	6110	8	4553	1	0	0	0	0	0	0	9	4403	8	100	32	38	46	55	66	80	95	113	137	53565	6129	1	100
	53490	권위에물든_샤치_셔츠_30등급아이템	860	6110	4	4554	1	0	0	0	0	0	0	9	4403	8	100	21	25	30	36	43	53	63	75	90	53566	6129	1	100
	53491	권위에물든_이둔_갑옷_30등급아이템	861	6110	44	4547	1	0	0	0	0	0	0	9	4403	8	100	105	126	151	183	218	263	316	376	453	53567	6129	1	100
	53492	권위에물든_이둔_프로텍터_30등급아이템	862	6110	12	4548	1	0	0	0	0	0	0	9	4403	8	100	84	101	121	146	174	211	253	301	362	53568	6129	1	100
	53493	권위에물든_이둔_헬멧_30등급아이템	863	6110	28	4549	1	0	0	0	0	0	0	9	4403	8	100	74	88	105	127	152	184	221	262	316	53569	6129	1	100
	53494	권위에물든_이둔_바지_30등급아이템	864	6110	36	4550	1	0	0	0	0	0	0	9	4403	8	100	63	76	90	109	130	158	189	225	271	53570	6129	1	100
	53495	권위에물든_이둔_부츠_30등급아이템	865	6110	20	4551	1	0	0	0	0	0	0	9	4403	8	100	53	63	75	91	109	131	158	187	226	53571	6129	1	100
	53496	권위에물든_이둔_장갑_30등급아이템	866	6110	20	4552	1	0	0	0	0	0	0	9	4403	8	100	42	51	61	73	87	106	127	151	182	53572	6129	1	100
	53497	권위에물든_이둔_벨트_30등급아이템	867	6110	8	4553	1	0	0	0	0	0	0	9	4403	8	100	32	38	46	55	66	80	95	113	137	53573	6129	1	100
	53498	권위에물든_이둔_셔츠_30등급아이템	868	6110	4	4554	1	0	0	0	0	0	0	9	4403	8	100	21	25	30	36	43	53	63	75	90	53574	6129	1	100
	53499	권위에물든_볼룬드_갑옷_30등급아이템	869	6110	44	4547	1	0	0	0	0	0	0	9	4403	8	100	105	126	151	183	218	263	316	376	453	53575	6129	1	100
	53500	권위에물든_볼룬드_프로텍터_30등급아이템	870	6110	12	4548	1	0	0	0	0	0	0	9	4403	8	100	84	101	121	146	174	211	253	301	362	53576	6129	1	100
	53501	권위에물든_볼룬드_헬멧_30등급아이템	871	6110	28	4549	1	0	0	0	0	0	0	9	4403	8	100	74	88	105	127	152	184	221	262	316	53577	6129	1	100
	53502	권위에물든_볼룬드_바지_30등급아이템	872	6110	36	4550	1	0	0	0	0	0	0	9	4403	8	100	63	76	90	109	130	158	189	225	271	53578	6129	1	100
	53503	권위에물든_볼룬드_부츠_30등급아이템	873	6110	20	4551	1	0	0	0	0	0	0	9	4403	8	100	53	63	75	91	109	131	158	187	226	53579	6129	1	100
	53504	권위에물든_볼룬드_장갑_30등급아이템	874	6110	20	4552	1	0	0	0	0	0	0	9	4403	8	100	42	51	61	73	87	106	127	151	182	53580	6129	1	100
	53505	권위에물든_볼룬드_벨트_30등급아이템	875	6110	8	4553	1	0	0	0	0	0	0	9	4403	8	100	32	38	46	55	66	80	95	113	137	53581	6129	1	100
	53506	권위에물든_볼룬드_셔츠_30등급아이템	876	6110	4	4554	1	0	0	0	0	0	0	9	4403	8	100	21	25	30	36	43	53	63	75	90	53582	6129	1	100
	53507	권위에물든_신마라_갑옷_30등급아이템	877	6110	44	4547	1	0	0	0	0	0	0	9	4403	8	100	105	126	151	183	218	263	316	376	453	53583	6129	1	100
	53508	권위에물든_신마라_프로텍터_30등급아이템	878	6110	12	4548	1	0	0	0	0	0	0	9	4403	8	100	84	101	121	146	174	211	253	301	362	53584	6129	1	100
	53509	권위에물든_신마라_헬멧_30등급아이템	879	6110	28	4549	1	0	0	0	0	0	0	9	4403	8	100	74	88	105	127	152	184	221	262	316	53585	6129	1	100
	53510	권위에물든_신마라_바지_30등급아이템	880	6110	36	4550	1	0	0	0	0	0	0	9	4403	8	100	63	76	90	109	130	158	189	225	271	53586	6129	1	100
	53511	권위에물든_신마라_부츠_30등급아이템	881	6110	20	4551	1	0	0	0	0	0	0	9	4403	8	100	53	63	75	91	109	131	158	187	226	53587	6129	1	100
	53512	권위에물든_신마라_장갑_30등급아이템	882	6110	20	4552	1	0	0	0	0	0	0	9	4403	8	100	42	51	61	73	87	106	127	151	182	53588	6129	1	100
	53513	권위에물든_신마라_벨트_30등급아이템	883	6110	8	4553	1	0	0	0	0	0	0	9	4403	8	100	32	38	46	55	66	80	95	113	137	53589	6129	1	100
	53514	권위에물든_신마라_셔츠_30등급아이템	884	6110	4	4554	1	0	0	0	0	0	0	9	4403	8	100	21	25	30	36	43	53	63	75	90	53590	6129	1	100
	53527	아벨리오_갑옷_35등급아이템	885	6127	22	0	0	0	0	0	0	0	0	9	4403	9	100	114	137	163	198	236	285	342	407	490	53603	6130	1	100
	53528	아벨리오_프로텍터_35등급아이템	886	6127	6	0	0	0	0	0	0	0	0	9	4403	9	100	91	109	131	158	188	228	274	325	392	53604	6130	1	100
	53529	아벨리오_헬멧_35등급아이템	887	6127	14	0	0	0	0	0	0	0	0	9	4403	9	100	80	96	114	138	165	200	239	285	343	53605	6130	1	100
	53530	아벨리오_바지_35등급아이템	888	6127	18	0	0	0	0	0	0	0	0	9	4403	9	100	68	82	98	119	141	171	205	244	294	53606	6130	1	100
	53531	아벨리오_부츠_35등급아이템	889	6127	10	0	0	0	0	0	0	0	0	9	4403	9	100	57	68	82	99	118	143	171	203	245	53607	6130	1	100
	53532	아벨리오_장갑_35등급아이템	890	6127	10	0	0	0	0	0	0	0	0	9	4403	9	100	46	55	66	80	95	115	138	164	197	53608	6130	1	100
	53533	아벨리오_벨트_35등급아이템	891	6127	4	0	0	0	0	0	0	0	0	9	4403	9	100	35	41	49	60	71	86	104	123	148	53609	6130	1	100
	53534	아벨리오_셔츠_35등급아이템	892	6127	2	0	0	0	0	0	0	0	0	9	4403	9	100	23	27	33	40	47	57	68	81	98	53610	6130	1	100
	53535	그란노스_갑옷_35등급아이템	893	6127	22	0	0	0	0	0	0	0	0	9	4403	9	100	114	137	163	198	236	285	342	407	490	53611	6130	1	100
	53536	그란노스_프로텍터_35등급아이템	894	6127	6	0	0	0	0	0	0	0	0	9	4403	9	100	91	109	131	158	188	228	274	325	392	53612	6130	1	100
	53537	그란노스_헬멧_35등급아이템	895	6127	14	0	0	0	0	0	0	0	0	9	4403	9	100	80	96	114	138	165	200	239	285	343	53613	6130	1	100
	53538	그란노스_바지_35등급아이템	896	6127	18	0	0	0	0	0	0	0	0	9	4403	9	100	68	82	98	119	141	171	205	244	294	53614	6130	1	100
	53539	그란노스_부츠_35등급아이템	897	6127	10	0	0	0	0	0	0	0	0	9	4403	9	100	57	68	82	99	118	143	171	203	245	53615	6130	1	100
	53540	그란노스_장갑_35등급아이템	898	6127	10	0	0	0	0	0	0	0	0	9	4403	9	100	46	55	66	80	95	115	138	164	197	53616	6130	1	100
	53541	그란노스_벨트_35등급아이템	899	6127	4	0	0	0	0	0	0	0	0	9	4403	9	100	35	41	49	60	71	86	104	123	148	53617	6130	1	100
	53542	그란노스_셔츠_35등급아이템	900	6127	2	0	0	0	0	0	0	0	0	9	4403	9	100	23	27	33	40	47	57	68	81	98	53618	6130	1	100
	53543	아그로나_갑옷_35등급아이템_발키리	901	6127	22	0	0	0	0	0	0	0	0	9	4403	9	100	114	137	163	198	236	285	342	407	490	53619	6130	1	100
	53544	아그로나_프로텍터_35등급아이템	902	6127	6	0	0	0	0	0	0	0	0	9	4403	9	100	91	109	131	158	188	228	274	325	392	53620	6130	1	100
	53545	아그로나_헬멧_35등급아이템	903	6127	14	0	0	0	0	0	0	0	0	9	4403	9	100	80	96	114	138	165	200	239	285	343	53621	6130	1	100
	53546	아그로나_바지_35등급아이템	904	6127	18	0	0	0	0	0	0	0	0	9	4403	9	100	68	82	98	119	141	171	205	244	294	53622	6130	1	100
	53547	아그로나_부츠_35등급아이템	905	6127	10	0	0	0	0	0	0	0	0	9	4403	9	100	57	68	82	99	118	143	171	203	245	53623	6130	1	100
	53548	아그로나_장갑_35등급아이템	906	6127	10	0	0	0	0	0	0	0	0	9	4403	9	100	46	55	66	80	95	115	138	164	197	53624	6130	1	100
	53549	아그로나_벨트_35등급아이템	907	6127	4	0	0	0	0	0	0	0	0	9	4403	9	100	35	41	49	60	71	86	104	123	148	53625	6130	1	100
	53550	아그로나_셔츠_35등급아이템	908	6127	2	0	0	0	0	0	0	0	0	9	4403	9	100	23	27	33	40	47	57	68	81	98	53626	6130	1	100
	53551	시로나_갑옷_35등급아이템_엘리멘탈	909	6127	22	0	0	0	0	0	0	0	0	9	4403	9	100	114	137	163	198	236	285	342	407	490	53627	6130	1	100
	53552	시로나_프로텍터_35등급아이템	910	6127	6	0	0	0	0	0	0	0	0	9	4403	9	100	91	109	131	158	188	228	274	325	392	53628	6130	1	100
	53553	시로나_헬멧_35등급아이템	911	6127	14	0	0	0	0	0	0	0	0	9	4403	9	100	80	96	114	138	165	200	239	285	343	53629	6130	1	100
	53554	시로나_바지_35등급아이템	912	6127	18	0	0	0	0	0	0	0	0	9	4403	9	100	68	82	98	119	141	171	205	244	294	53630	6130	1	100
	53555	시로나_부츠_35등급아이템	913	6127	10	0	0	0	0	0	0	0	0	9	4403	9	100	57	68	82	99	118	143	171	203	245	53631	6130	1	100
	53556	시로나_장갑_35등급아이템	914	6127	10	0	0	0	0	0	0	0	0	9	4403	9	100	46	55	66	80	95	115	138	164	197	53632	6130	1	100
	53557	시로나_벨트_35등급아이템	915	6127	4	0	0	0	0	0	0	0	0	9	4403	9	100	35	41	49	60	71	86	104	123	148	53633	6130	1	100
	53558	시로나_셔츠_35등급아이템	916	6127	2	0	0	0	0	0	0	0	0	9	4403	9	100	23	27	33	40	47	57	68	81	98	53634	6130	1	100
	53559	카뮬로스_갑옷_35등급아이템	917	6127	22	0	0	0	0	0	0	0	0	9	4403	9	100	114	137	163	198	236	285	342	407	490	53635	6130	1	100
	53560	카뮬로스_프로텍터_35등급아이템	918	6127	6	0	0	0	0	0	0	0	0	9	4403	9	100	91	109	131	158	188	228	274	325	392	53636	6130	1	100
	53561	카뮬로스_헬멧_35등급아이템	919	6127	14	0	0	0	0	0	0	0	0	9	4403	9	100	80	96	114	138	165	200	239	285	343	53637	6130	1	100
	53562	카뮬로스_바지_35등급아이템	920	6127	18	0	0	0	0	0	0	0	0	9	4403	9	100	68	82	98	119	141	171	205	244	294	53638	6130	1	100
	53563	카뮬로스_부츠_35등급아이템	921	6127	10	0	0	0	0	0	0	0	0	9	4403	9	100	57	68	82	99	118	143	171	203	245	53639	6130	1	100
	53564	카뮬로스_장갑_35등급아이템	922	6127	10	0	0	0	0	0	0	0	0	9	4403	9	100	46	55	66	80	95	115	138	164	197	53640	6130	1	100
	53565	카뮬로스_벨트_35등급아이템	923	6127	4	0	0	0	0	0	0	0	0	9	4403	9	100	35	41	49	60	71	86	104	123	148	53641	6130	1	100
	53566	카뮬로스_셔츠_35등급아이템	924	6127	2	0	0	0	0	0	0	0	0	9	4403	9	100	23	27	33	40	47	57	68	81	98	53642	6130	1	100
	53567	벨리사_갑옷_35등급아이템	925	6127	22	0	0	0	0	0	0	0	0	9	4403	9	100	114	137	163	198	236	285	342	407	490	53643	6130	1	100
	53568	벨리사_프로텍터_35등급아이템	926	6127	6	0	0	0	0	0	0	0	0	9	4403	9	100	91	109	131	158	188	228	274	325	392	53644	6130	1	100
	53569	벨리사_헬멧_35등급아이템	927	6127	14	0	0	0	0	0	0	0	0	9	4403	9	100	80	96	114	138	165	200	239	285	343	53645	6130	1	100
	53570	벨리사_바지_35등급아이템	928	6127	18	0	0	0	0	0	0	0	0	9	4403	9	100	68	82	98	119	141	171	205	244	294	53646	6130	1	100
	53571	벨리사_부츠_35등급아이템	929	6127	10	0	0	0	0	0	0	0	0	9	4403	9	100	57	68	82	99	118	143	171	203	245	53647	6130	1	100
	53572	벨리사_장갑_35등급아이템	930	6127	10	0	0	0	0	0	0	0	0	9	4403	9	100	46	55	66	80	95	115	138	164	197	53648	6130	1	100
	53573	벨리사_벨트_35등급아이템	931	6127	4	0	0	0	0	0	0	0	0	9	4403	9	100	35	41	49	60	71	86	104	123	148	53649	6130	1	100
	53574	벨리사_셔츠_35등급아이템	932	6127	2	0	0	0	0	0	0	0	0	9	4403	9	100	23	27	33	40	47	57	68	81	98	53650	6130	1	100
	53575	파테르_갑옷_35등급아이템	933	6127	22	0	0	0	0	0	0	0	0	9	4403	9	100	114	137	163	198	236	285	342	407	490	53651	6130	1	100
	53576	파테르_프로텍터_35등급아이템	934	6127	6	0	0	0	0	0	0	0	0	9	4403	9	100	91	109	131	158	188	228	274	325	392	53652	6130	1	100
	53577	파테르_헬멧_35등급아이템	935	6127	14	0	0	0	0	0	0	0	0	9	4403	9	100	80	96	114	138	165	200	239	285	343	53653	6130	1	100
	53578	파테르_바지_35등급아이템	936	6127	18	0	0	0	0	0	0	0	0	9	4403	9	100	68	82	98	119	141	171	205	244	294	53654	6130	1	100
	53579	파테르_부츠_35등급아이템	937	6127	10	0	0	0	0	0	0	0	0	9	4403	9	100	57	68	82	99	118	143	171	203	245	53655	6130	1	100
	53580	파테르_장갑_35등급아이템	938	6127	10	0	0	0	0	0	0	0	0	9	4403	9	100	46	55	66	80	95	115	138	164	197	53656	6130	1	100
	53581	파테르_벨트_35등급아이템	939	6127	4	0	0	0	0	0	0	0	0	9	4403	9	100	35	41	49	60	71	86	104	123	148	53657	6130	1	100
	53582	파테르_셔츠_35등급아이템	940	6127	2	0	0	0	0	0	0	0	0	9	4403	9	100	23	27	33	40	47	57	68	81	98	53658	6130	1	100
	53583	안다르타_갑옷_35등급아이템	941	6127	22	0	0	0	0	0	0	0	0	9	4403	9	100	114	137	163	198	236	285	342	407	490	53659	6130	1	100
	53584	안다르타_프로텍터_35등급아이템	942	6127	6	0	0	0	0	0	0	0	0	9	4403	9	100	91	109	131	158	188	228	274	325	392	53660	6130	1	100
	53585	안다르타_헬멧_35등급아이템	943	6127	14	0	0	0	0	0	0	0	0	9	4403	9	100	80	96	114	138	165	200	239	285	343	53661	6130	1	100
	53586	안다르타_바지_35등급아이템	944	6127	18	0	0	0	0	0	0	0	0	9	4403	9	100	68	82	98	119	141	171	205	244	294	53662	6130	1	100
	53587	안다르타_부츠_35등급아이템	945	6127	10	0	0	0	0	0	0	0	0	9	4403	9	100	57	68	82	99	118	143	171	203	245	53663	6130	1	100
	53588	안다르타_장갑_35등급아이템	946	6127	10	0	0	0	0	0	0	0	0	9	4403	9	100	46	55	66	80	95	115	138	164	197	53664	6130	1	100
	53589	안다르타_벨트_35등급아이템	947	6127	4	0	0	0	0	0	0	0	0	9	4403	9	100	35	41	49	60	71	86	104	123	148	53665	6130	1	100
	53590	안다르타_셔츠_35등급아이템	948	6127	2	0	0	0	0	0	0	0	0	9	4403	9	100	23	27	33	40	47	57	68	81	98	53666	6130	1	100
	53603	심연에물든_아벨리오_갑옷_35등급아이템	949	6127	24	0	0	0	0	0	0	0	0	9	4403	10	100	123	147	176	213	254	307	368	438	528	53679	6191	1	100
	53604	심연에물든_아벨리오_프로텍터_35등급아이템	950	6127	24	0	0	0	0	0	0	0	0	9	4403	10	100	98	118	141	171	203	246	295	351	423	53680	6191	1	100
	53605	심연에물든_아벨리오_헬멧_35등급아이템	951	6127	24	0	0	0	0	0	0	0	0	9	4403	10	100	86	103	123	149	177	215	257	306	369	53681	6191	1	100
	53606	심연에물든_아벨리오_바지_35등급아이템	952	6127	24	0	0	0	0	0	0	0	0	9	4403	10	100	74	88	105	127	152	184	221	262	316	53682	6191	1	100
	53607	심연에물든_아벨리오_부츠_35등급아이템	953	6127	24	0	0	0	0	0	0	0	0	9	4403	10	100	62	74	88	107	127	154	185	219	264	53683	6191	1	100
	53608	심연에물든_아벨리오_장갑_35등급아이템	954	6127	24	0	0	0	0	0	0	0	0	9	4403	10	100	50	59	71	86	102	124	149	177	213	53684	6191	1	100
	53609	심연에물든_아벨리오_벨트_35등급아이템	955	6127	24	0	0	0	0	0	0	0	0	9	4403	10	100	37	45	53	64	77	93	112	133	160	53685	6191	1	100
	53610	심연에물든_아벨리오_셔츠_35등급아이템	956	6127	24	0	0	0	0	0	0	0	0	9	4403	10	100	24	29	35	42	50	61	73	87	104	53686	6191	1	100
	53611	심연에물든_그란노스_갑옷_35등급아이템	957	6127	24	0	0	0	0	0	0	0	0	9	4403	10	100	123	147	176	213	254	307	368	438	528	53687	6191	1	100
	53612	심연에물든_그란노스_프로텍터_35등급아이템	958	6127	24	0	0	0	0	0	0	0	0	9	4403	10	100	98	118	141	171	203	246	295	351	423	53688	6191	1	100
	53613	심연에물든_그란노스_헬멧_35등급아이템	959	6127	24	0	0	0	0	0	0	0	0	9	4403	10	100	86	103	123	149	177	215	257	306	369	53689	6191	1	100
	53614	심연에물든_그란노스_바지_35등급아이템	960	6127	24	0	0	0	0	0	0	0	0	9	4403	10	100	74	88	105	127	152	184	221	262	316	53690	6191	1	100
	53615	심연에물든_그란노스_부츠_35등급아이템	961	6127	24	0	0	0	0	0	0	0	0	9	4403	10	100	62	74	88	107	127	154	185	219	264	53691	6191	1	100
	53616	심연에물든_그란노스_장갑_35등급아이템	962	6127	24	0	0	0	0	0	0	0	0	9	4403	10	100	50	59	71	86	102	124	149	177	213	53692	6191	1	100
	53617	심연에물든_그란노스_벨트_35등급아이템	963	6127	24	0	0	0	0	0	0	0	0	9	4403	10	100	37	45	53	64	77	93	112	133	160	53693	6191	1	100
	53618	심연에물든_그란노스_셔츠_35등급아이템	964	6127	24	0	0	0	0	0	0	0	0	9	4403	10	100	24	29	35	42	50	61	73	87	104	53694	6191	1	100
	53619	심연에물든_아그로나_갑옷_35등급아이템_발키리	965	6127	24	0	0	0	0	0	0	0	0	9	4403	10	100	123	147	176	213	254	307	368	438	528	53695	6191	1	100
	53620	심연에물든_아그로나_프로텍터_35등급아이템	966	6127	24	0	0	0	0	0	0	0	0	9	4403	10	100	98	118	141	171	203	246	295	351	423	53696	6191	1	100
	53621	심연에물든_아그로나_헬멧_35등급아이템	967	6127	24	0	0	0	0	0	0	0	0	9	4403	10	100	86	103	123	149	177	215	257	306	369	53697	6191	1	100
	53622	심연에물든_아그로나_바지_35등급아이템	968	6127	24	0	0	0	0	0	0	0	0	9	4403	10	100	74	88	105	127	152	184	221	262	316	53698	6191	1	100
	53623	심연에물든_아그로나_부츠_35등급아이템	969	6127	24	0	0	0	0	0	0	0	0	9	4403	10	100	62	74	88	107	127	154	185	219	264	53699	6191	1	100
	53624	심연에물든_아그로나_장갑_35등급아이템	970	6127	24	0	0	0	0	0	0	0	0	9	4403	10	100	50	59	71	86	102	124	149	177	213	53700	6191	1	100
	53625	심연에물든_아그로나_벨트_35등급아이템	971	6127	24	0	0	0	0	0	0	0	0	9	4403	10	100	37	45	53	64	77	93	112	133	160	53701	6191	1	100
	53626	심연에물든_아그로나_셔츠_35등급아이템	972	6127	24	0	0	0	0	0	0	0	0	9	4403	10	100	24	29	35	42	50	61	73	87	104	53702	6191	1	100
	53627	심연에물든_시로나_갑옷_35등급아이템_엘리멘탈	973	6127	24	0	0	0	0	0	0	0	0	9	4403	10	100	123	147	176	213	254	307	368	438	528	53703	6191	1	100
	53628	심연에물든_시로나_프로텍터_35등급아이템	974	6127	24	0	0	0	0	0	0	0	0	9	4403	10	100	98	118	141	171	203	246	295	351	423	53704	6191	1	100
	53629	심연에물든_시로나_헬멧_35등급아이템	975	6127	24	0	0	0	0	0	0	0	0	9	4403	10	100	86	103	123	149	177	215	257	306	369	53705	6191	1	100
	53630	심연에물든_시로나_바지_35등급아이템	976	6127	24	0	0	0	0	0	0	0	0	9	4403	10	100	74	88	105	127	152	184	221	262	316	53706	6191	1	100
	53631	심연에물든_시로나_부츠_35등급아이템	977	6127	24	0	0	0	0	0	0	0	0	9	4403	10	100	62	74	88	107	127	154	185	219	264	53707	6191	1	100
	53632	심연에물든_시로나_장갑_35등급아이템	978	6127	24	0	0	0	0	0	0	0	0	9	4403	10	100	50	59	71	86	102	124	149	177	213	53708	6191	1	100
	53633	심연에물든_시로나_벨트_35등급아이템	979	6127	24	0	0	0	0	0	0	0	0	9	4403	10	100	37	45	53	64	77	93	112	133	160	53709	6191	1	100
	53634	심연에물든_시로나_셔츠_35등급아이템	980	6127	24	0	0	0	0	0	0	0	0	9	4403	10	100	24	29	35	42	50	61	73	87	104	53710	6191	1	100
	53635	심연에물든_카뮬로스_갑옷_35등급아이템	981	6127	24	0	0	0	0	0	0	0	0	9	4403	10	100	123	147	176	213	254	307	368	438	528	53711	6191	1	100
	53636	심연에물든_카뮬로스_프로텍터_35등급아이템	982	6127	24	0	0	0	0	0	0	0	0	9	4403	10	100	98	118	141	171	203	246	295	351	423	53712	6191	1	100
	53637	심연에물든_카뮬로스_헬멧_35등급아이템	983	6127	24	0	0	0	0	0	0	0	0	9	4403	10	100	86	103	123	149	177	215	257	306	369	53713	6191	1	100
	53638	심연에물든_카뮬로스_바지_35등급아이템	984	6127	24	0	0	0	0	0	0	0	0	9	4403	10	100	74	88	105	127	152	184	221	262	316	53714	6191	1	100
	53639	심연에물든_카뮬로스_부츠_35등급아이템	985	6127	24	0	0	0	0	0	0	0	0	9	4403	10	100	62	74	88	107	127	154	185	219	264	53715	6191	1	100
	53640	심연에물든_카뮬로스_장갑_35등급아이템	986	6127	24	0	0	0	0	0	0	0	0	9	4403	10	100	50	59	71	86	102	124	149	177	213	53716	6191	1	100
	53641	심연에물든_카뮬로스_벨트_35등급아이템	987	6127	24	0	0	0	0	0	0	0	0	9	4403	10	100	37	45	53	64	77	93	112	133	160	53717	6191	1	100
	53642	심연에물든_카뮬로스_셔츠_35등급아이템	988	6127	24	0	0	0	0	0	0	0	0	9	4403	10	100	24	29	35	42	50	61	73	87	104	53718	6191	1	100
	53643	심연에물든_벨리사_갑옷_35등급아이템	989	6127	24	0	0	0	0	0	0	0	0	9	4403	10	100	123	147	176	213	254	307	368	438	528	53719	6191	1	100
	53644	심연에물든_벨리사_프로텍터_35등급아이템	990	6127	24	0	0	0	0	0	0	0	0	9	4403	10	100	98	118	141	171	203	246	295	351	423	53720	6191	1	100
	53645	심연에물든_벨리사_헬멧_35등급아이템	991	6127	24	0	0	0	0	0	0	0	0	9	4403	10	100	86	103	123	149	177	215	257	306	369	53721	6191	1	100
	53646	심연에물든_벨리사_바지_35등급아이템	992	6127	24	0	0	0	0	0	0	0	0	9	4403	10	100	74	88	105	127	152	184	221	262	316	53722	6191	1	100
	53647	심연에물든_벨리사_부츠_35등급아이템	993	6127	24	0	0	0	0	0	0	0	0	9	4403	10	100	62	74	88	107	127	154	185	219	264	53723	6191	1	100
	53648	심연에물든_벨리사_장갑_35등급아이템	994	6127	24	0	0	0	0	0	0	0	0	9	4403	10	100	50	59	71	86	102	124	149	177	213	53724	6191	1	100
	53649	심연에물든_벨리사_벨트_35등급아이템	995	6127	24	0	0	0	0	0	0	0	0	9	4403	10	100	37	45	53	64	77	93	112	133	160	53725	6191	1	100
	53650	심연에물든_벨리사_셔츠_35등급아이템	996	6127	24	0	0	0	0	0	0	0	0	9	4403	10	100	24	29	35	42	50	61	73	87	104	53726	6191	1	100
	53651	심연에물든_파테르_갑옷_35등급아이템	997	6127	24	0	0	0	0	0	0	0	0	9	4403	10	100	123	147	176	213	254	307	368	438	528	53727	6191	1	100
	53652	심연에물든_파테르_프로텍터_35등급아이템	998	6127	24	0	0	0	0	0	0	0	0	9	4403	10	100	98	118	141	171	203	246	295	351	423	53728	6191	1	100
	53653	심연에물든_파테르_헬멧_35등급아이템	999	6127	24	0	0	0	0	0	0	0	0	9	4403	10	100	86	103	123	149	177	215	257	306	369	53729	6191	1	100
	53654	심연에물든_파테르_바지_35등급아이템	1000	6127	24	0	0	0	0	0	0	0	0	9	4403	10	100	74	88	105	127	152	184	221	262	316	53730	6191	1	100
	53655	심연에물든_파테르_부츠_35등급아이템	1001	6127	24	0	0	0	0	0	0	0	0	9	4403	10	100	62	74	88	107	127	154	185	219	264	53731	6191	1	100
	53656	심연에물든_파테르_장갑_35등급아이템	1002	6127	24	0	0	0	0	0	0	0	0	9	4403	10	100	50	59	71	86	102	124	149	177	213	53732	6191	1	100
	53657	심연에물든_파테르_벨트_35등급아이템	1003	6127	24	0	0	0	0	0	0	0	0	9	4403	10	100	37	45	53	64	77	93	112	133	160	53733	6191	1	100
	53658	심연에물든_파테르_셔츠_35등급아이템	1004	6127	24	0	0	0	0	0	0	0	0	9	4403	10	100	24	29	35	42	50	61	73	87	104	53734	6191	1	100
	53659	심연에물든_안다르타_갑옷_35등급아이템	1005	6127	24	0	0	0	0	0	0	0	0	9	4403	10	100	123	147	176	213	254	307	368	438	528	53735	6191	1	100
	53660	심연에물든_안다르타_프로텍터_35등급아이템	1006	6127	24	0	0	0	0	0	0	0	0	9	4403	10	100	98	118	141	171	203	246	295	351	423	53736	6191	1	100
	53661	심연에물든_안다르타_헬멧_35등급아이템	1007	6127	24	0	0	0	0	0	0	0	0	9	4403	10	100	86	103	123	149	177	215	257	306	369	53737	6191	1	100
	53662	심연에물든_안다르타_바지_35등급아이템	1008	6127	24	0	0	0	0	0	0	0	0	9	4403	10	100	74	88	105	127	152	184	221	262	316	53738	6191	1	100
	53663	심연에물든_안다르타_부츠_35등급아이템	1009	6127	24	0	0	0	0	0	0	0	0	9	4403	10	100	62	74	88	107	127	154	185	219	264	53739	6191	1	100
	53664	심연에물든_안다르타_장갑_35등급아이템	1010	6127	24	0	0	0	0	0	0	0	0	9	4403	10	100	50	59	71	86	102	124	149	177	213	53740	6191	1	100
	53665	심연에물든_안다르타_벨트_35등급아이템	1011	6127	24	0	0	0	0	0	0	0	0	9	4403	10	100	37	45	53	64	77	93	112	133	160	53741	6191	1	100
	53666	심연에물든_안다르타_셔츠_35등급아이템	1012	6127	24	0	0	0	0	0	0	0	0	9	4403	10	100	24	29	35	42	50	61	73	87	104	53742	6191	1	100
	53679	6차_헬리오스_갑옷_39등급아이템	1013	6189	10	0	0	0	0	0	0	0	0	9	4403	11	100	132	158	189	228	272	329	395	470	566	53755	6205	1	100
	53680	6차_헬리오스_프로텍터_39등급아이템	1014	6189	10	0	0	0	0	0	0	0	0	9	4403	11	100	105	126	151	183	218	263	316	376	453	53756	6205	1	100
	53681	6차_헬리오스_헬멧_39등급아이템	1015	6189	10	0	0	0	0	0	0	0	0	9	4403	11	100	92	111	132	160	190	230	276	328	396	53757	6205	1	100
	53682	6차_헬리오스_바지_39등급아이템	1016	6189	10	0	0	0	0	0	0	0	0	9	4403	11	100	79	95	113	137	163	197	237	281	339	53758	6205	1	100
	53683	6차_헬리오스_부츠_39등급아이템	1017	6189	10	0	0	0	0	0	0	0	0	9	4403	11	100	66	79	94	114	136	164	197	234	283	53759	6205	1	100
	53684	6차_헬리오스_장갑_39등급아이템	1018	6189	10	0	0	0	0	0	0	0	0	9	4403	11	100	53	63	76	92	109	132	158	188	227	53760	6205	1	100
	53685	6차_헬리오스_벨트_39등급아이템	1019	6189	10	0	0	0	0	0	0	0	0	9	4403	11	100	40	48	57	69	82	99	119	141	170	53761	6205	1	100
	53686	6차_헬리오스_셔츠_39등급아이템	1020	6189	10	0	0	0	0	0	0	0	0	9	4403	11	100	26	32	38	46	55	66	79	94	114	53762	6205	1	100
	53687	6차_메테우스_갑옷_39등급아이템	1021	6189	10	0	0	0	0	0	0	0	0	9	4403	11	100	132	158	189	228	272	329	395	470	566	53763	6205	1	100
	53688	6차_메테우스_프로텍터_39등급아이템	1022	6189	10	0	0	0	0	0	0	0	0	9	4403	11	100	105	126	151	183	218	263	316	376	453	53764	6205	1	100
	53689	6차_메테우스_헬멧_39등급아이템	1023	6189	10	0	0	0	0	0	0	0	0	9	4403	11	100	92	111	132	160	190	230	276	328	396	53765	6205	1	100
	53690	6차_메테우스_바지_39등급아이템	1024	6189	10	0	0	0	0	0	0	0	0	9	4403	11	100	79	95	113	137	163	197	237	281	339	53766	6205	1	100
	53691	6차_메테우스_부츠_39등급아이템	1025	6189	10	0	0	0	0	0	0	0	0	9	4403	11	100	66	79	94	114	136	164	197	234	283	53767	6205	1	100
	53692	6차_메테우스_장갑_39등급아이템	1026	6189	10	0	0	0	0	0	0	0	0	9	4403	11	100	53	63	76	92	109	132	158	188	227	53768	6205	1	100
	53693	6차_메테우스_벨트_39등급아이템	1027	6189	10	0	0	0	0	0	0	0	0	9	4403	11	100	40	48	57	69	82	99	119	141	170	53769	6205	1	100
	53694	6차_메테우스_셔츠_39등급아이템	1028	6189	10	0	0	0	0	0	0	0	0	9	4403	11	100	26	32	38	46	55	66	79	94	114	53770	6205	1	100
	53695	6차_에오스_갑옷_39등급아이템_발키리	1029	6189	10	0	0	0	0	0	0	0	0	9	4403	11	100	132	158	189	228	272	329	395	470	566	53771	6205	1	100
	53696	6차_에오스_프로텍터_39등급아이템	1030	6189	10	0	0	0	0	0	0	0	0	9	4403	11	100	105	126	151	183	218	263	316	376	453	53772	6205	1	100
	53697	6차_에오스_헬멧_39등급아이템	1031	6189	10	0	0	0	0	0	0	0	0	9	4403	11	100	92	111	132	160	190	230	276	328	396	53773	6205	1	100
	53698	6차_에오스_바지_39등급아이템	1032	6189	10	0	0	0	0	0	0	0	0	9	4403	11	100	79	95	113	137	163	197	237	281	339	53774	6205	1	100
	53699	6차_에오스_부츠_39등급아이템	1033	6189	10	0	0	0	0	0	0	0	0	9	4403	11	100	66	79	94	114	136	164	197	234	283	53775	6205	1	100
	53700	6차_에오스_장갑_39등급아이템	1034	6189	10	0	0	0	0	0	0	0	0	9	4403	11	100	53	63	76	92	109	132	158	188	227	53776	6205	1	100
	53701	6차_에오스_벨트_39등급아이템	1035	6189	10	0	0	0	0	0	0	0	0	9	4403	11	100	40	48	57	69	82	99	119	141	170	53777	6205	1	100
	53702	6차_에오스_셔츠_39등급아이템	1036	6189	10	0	0	0	0	0	0	0	0	9	4403	11	100	26	32	38	46	55	66	79	94	114	53778	6205	1	100
	53703	6차_셀레네_갑옷_39등급아이템_엘리멘탈	1037	6189	10	0	0	0	0	0	0	0	0	9	4403	11	100	132	158	189	228	272	329	395	470	566	53779	6205	1	100
	53704	6차_셀레네_프로텍터_39등급아이템	1038	6189	10	0	0	0	0	0	0	0	0	9	4403	11	100	105	126	151	183	218	263	316	376	453	53780	6205	1	100
	53705	6차_셀레네_헬멧_39등급아이템	1039	6189	10	0	0	0	0	0	0	0	0	9	4403	11	100	92	111	132	160	190	230	276	328	396	53781	6205	1	100
	53706	6차_셀레네_바지_39등급아이템	1040	6189	10	0	0	0	0	0	0	0	0	9	4403	11	100	79	95	113	137	163	197	237	281	339	53782	6205	1	100
	53707	6차_셀레네_부츠_39등급아이템	1041	6189	10	0	0	0	0	0	0	0	0	9	4403	11	100	66	79	94	114	136	164	197	234	283	53783	6205	1	100
	53708	6차_셀레네_장갑_39등급아이템	1042	6189	10	0	0	0	0	0	0	0	0	9	4403	11	100	53	63	76	92	109	132	158	188	227	53784	6205	1	100
	53709	6차_셀레네_벨트_39등급아이템	1043	6189	10	0	0	0	0	0	0	0	0	9	4403	11	100	40	48	57	69	82	99	119	141	170	53785	6205	1	100
	53710	6차_셀레네_셔츠_39등급아이템	1044	6189	10	0	0	0	0	0	0	0	0	9	4403	11	100	26	32	38	46	55	66	79	94	114	53786	6205	1	100
	53711	6차_히페리온_갑옷_39등급아이템	1045	6189	10	0	0	0	0	0	0	0	0	9	4403	11	100	132	158	189	228	272	329	395	470	566	53787	6205	1	100
	53712	6차_히페리온_프로텍터_39등급아이템	1046	6189	10	0	0	0	0	0	0	0	0	9	4403	11	100	105	126	151	183	218	263	316	376	453	53788	6205	1	100
	53713	6차_히페리온_헬멧_39등급아이템	1047	6189	10	0	0	0	0	0	0	0	0	9	4403	11	100	92	111	132	160	190	230	276	328	396	53789	6205	1	100
	53714	6차_히페리온_바지_39등급아이템	1048	6189	10	0	0	0	0	0	0	0	0	9	4403	11	100	79	95	113	137	163	197	237	281	339	53790	6205	1	100
	53715	6차_히페리온_부츠_39등급아이템	1049	6189	10	0	0	0	0	0	0	0	0	9	4403	11	100	66	79	94	114	136	164	197	234	283	53791	6205	1	100
	53716	6차_히페리온_장갑_39등급아이템	1050	6189	10	0	0	0	0	0	0	0	0	9	4403	11	100	53	63	76	92	109	132	158	188	227	53792	6205	1	100
	53717	6차_히페리온_벨트_39등급아이템	1051	6189	10	0	0	0	0	0	0	0	0	9	4403	11	100	40	48	57	69	82	99	119	141	170	53793	6205	1	100
	53718	6차_히페리온_셔츠_39등급아이템	1052	6189	10	0	0	0	0	0	0	0	0	9	4403	11	100	26	32	38	46	55	66	79	94	114	53794	6205	1	100
	53719	6차_레토_갑옷_39등급아이템	1053	6189	10	0	0	0	0	0	0	0	0	9	4403	11	100	132	158	189	228	272	329	395	470	566	53795	6205	1	100
	53720	6차_레토_프로텍터_39등급아이템	1054	6189	10	0	0	0	0	0	0	0	0	9	4403	11	100	105	126	151	183	218	263	316	376	453	53796	6205	1	100
	53721	6차_레토_헬멧_39등급아이템	1055	6189	10	0	0	0	0	0	0	0	0	9	4403	11	100	92	111	132	160	190	230	276	328	396	53797	6205	1	100
	53722	6차_레토_바지_39등급아이템	1056	6189	10	0	0	0	0	0	0	0	0	9	4403	11	100	79	95	113	137	163	197	237	281	339	53798	6205	1	100
	53723	6차_레토_부츠_39등급아이템	1057	6189	10	0	0	0	0	0	0	0	0	9	4403	11	100	66	79	94	114	136	164	197	234	283	53799	6205	1	100
	53724	6차_레토_장갑_39등급아이템	1058	6189	10	0	0	0	0	0	0	0	0	9	4403	11	100	53	63	76	92	109	132	158	188	227	53800	6205	1	100
	53725	6차_레토_벨트_39등급아이템	1059	6189	10	0	0	0	0	0	0	0	0	9	4403	11	100	40	48	57	69	82	99	119	141	170	53801	6205	1	100
	53726	6차_레토_셔츠_39등급아이템	1060	6189	10	0	0	0	0	0	0	0	0	9	4403	11	100	26	32	38	46	55	66	79	94	114	53802	6205	1	100
	53727	6차_팔라스_갑옷_39등급아이템	1061	6189	10	0	0	0	0	0	0	0	0	9	4403	11	100	132	158	189	228	272	329	395	470	566	53803	6205	1	100
	53728	6차_팔라스_프로텍터_39등급아이템	1062	6189	10	0	0	0	0	0	0	0	0	9	4403	11	100	105	126	151	183	218	263	316	376	453	53804	6205	1	100
	53729	6차_팔라스_헬멧_39등급아이템	1063	6189	10	0	0	0	0	0	0	0	0	9	4403	11	100	92	111	132	160	190	230	276	328	396	53805	6205	1	100
	53730	6차_팔라스_바지_39등급아이템	1064	6189	10	0	0	0	0	0	0	0	0	9	4403	11	100	79	95	113	137	163	197	237	281	339	53806	6205	1	100
	53731	6차_팔라스_부츠_39등급아이템	1065	6189	10	0	0	0	0	0	0	0	0	9	4403	11	100	66	79	94	114	136	164	197	234	283	53807	6205	1	100
	53732	6차_팔라스_장갑_39등급아이템	1066	6189	10	0	0	0	0	0	0	0	0	9	4403	11	100	53	63	76	92	109	132	158	188	227	53808	6205	1	100
	53733	6차_팔라스_벨트_39등급아이템	1067	6189	10	0	0	0	0	0	0	0	0	9	4403	11	100	40	48	57	69	82	99	119	141	170	53809	6205	1	100
	53734	6차_팔라스_셔츠_39등급아이템	1068	6189	10	0	0	0	0	0	0	0	0	9	4403	11	100	26	32	38	46	55	66	79	94	114	53810	6205	1	100
	53735	6차_디오네_갑옷_39등급아이템	1069	6189	10	0	0	0	0	0	0	0	0	9	4403	11	100	132	158	189	228	272	329	395	470	566	53811	6205	1	100
	53736	6차_디오네_프로텍터_39등급아이템	1070	6189	10	0	0	0	0	0	0	0	0	9	4403	11	100	105	126	151	183	218	263	316	376	453	53812	6205	1	100
	53737	6차_디오네_헬멧_39등급아이템	1071	6189	10	0	0	0	0	0	0	0	0	9	4403	11	100	92	111	132	160	190	230	276	328	396	53813	6205	1	100
	53738	6차_디오네_바지_39등급아이템	1072	6189	10	0	0	0	0	0	0	0	0	9	4403	11	100	79	95	113	137	163	197	237	281	339	53814	6205	1	100
	53739	6차_디오네_부츠_39등급아이템	1073	6189	10	0	0	0	0	0	0	0	0	9	4403	11	100	66	79	94	114	136	164	197	234	283	53815	6205	1	100
	53740	6차_디오네_장갑_39등급아이템	1074	6189	10	0	0	0	0	0	0	0	0	9	4403	11	100	53	63	76	92	109	132	158	188	227	53816	6205	1	100
	53741	6차_디오네_벨트_39등급아이템	1075	6189	10	0	0	0	0	0	0	0	0	9	4403	11	100	40	48	57	69	82	99	119	141	170	53817	6205	1	100
	53742	6차_디오네_셔츠_39등급아이템	1076	6189	10	0	0	0	0	0	0	0	0	9	4403	11	100	26	32	38	46	55	66	79	94	114	53818	6205	1	100
	53755	6.5차_몽환의헬리오스_갑옷_41등급아이템	1077	6189	24	0	0	0	0	0	0	0	0	9	4403	12	100	140	168	201	243	290	351	421	501	604	0	6237	1	100
	53756	6.5차_몽환의헬리오스_프로텍터_41등급아이템	1078	6189	24	0	0	0	0	0	0	0	0	9	4403	12	100	112	135	161	194	232	281	337	400	482	0	6237	1	100
	53757	6.5차_몽환의헬리오스_헬멧_41등급아이템	1079	6189	24	0	0	0	0	0	0	0	0	9	4403	12	100	98	118	141	170	203	245	294	350	422	0	6237	1	100
	53758	6.5차_몽환의헬리오스_바지_41등급아이템	1080	6189	24	0	0	0	0	0	0	0	0	9	4403	12	100	84	101	120	146	174	210	252	300	361	0	6237	1	100
	53759	6.5차_몽환의헬리오스_부츠_41등급아이템	1081	6189	24	0	0	0	0	0	0	0	0	9	4403	12	100	70	84	101	122	145	176	211	250	302	0	6237	1	100
	53760	6.5차_몽환의헬리오스_장갑_41등급아이템	1082	6189	24	0	0	0	0	0	0	0	0	9	4403	12	100	56	68	81	98	117	141	169	201	243	0	6237	1	100
	53761	6.5차_몽환의헬리오스_벨트_41등급아이템	1083	6189	24	0	0	0	0	0	0	0	0	9	4403	12	100	42	51	61	73	87	106	127	151	182	0	6237	1	100
	53762	6.5차_몽환의헬리오스_셔츠_41등급아이템	1084	6189	24	0	0	0	0	0	0	0	0	9	4403	12	100	28	33	40	48	58	70	84	100	120	0	6237	1	100
	53763	6.5차_몽환의메테우스_갑옷_41등급아이템	1085	6189	24	0	0	0	0	0	0	0	0	9	4403	12	100	140	168	201	243	290	351	421	501	604	0	6237	1	100
	53764	6.5차_몽환의메테우스_프로텍터_41등급아이템	1086	6189	24	0	0	0	0	0	0	0	0	9	4403	12	100	112	135	161	194	232	281	337	400	482	0	6237	1	100
	53765	6.5차_몽환의메테우스_헬멧_41등급아이템	1087	6189	24	0	0	0	0	0	0	0	0	9	4403	12	100	98	118	141	170	203	245	294	350	422	0	6237	1	100
	53766	6.5차_몽환의메테우스_바지_41등급아이템	1088	6189	24	0	0	0	0	0	0	0	0	9	4403	12	100	84	101	120	146	174	210	252	300	361	0	6237	1	100
	53767	6.5차_몽환의메테우스_부츠_41등급아이템	1089	6189	24	0	0	0	0	0	0	0	0	9	4403	12	100	70	84	101	122	145	176	211	250	302	0	6237	1	100
	53768	6.5차_몽환의메테우스_장갑_41등급아이템	1090	6189	24	0	0	0	0	0	0	0	0	9	4403	12	100	56	68	81	98	117	141	169	201	243	0	6237	1	100
	53769	6.5차_몽환의메테우스_벨트_41등급아이템	1091	6189	24	0	0	0	0	0	0	0	0	9	4403	12	100	42	51	61	73	87	106	127	151	182	0	6237	1	100
	53770	6.5차_몽환의메테우스_셔츠_41등급아이템	1092	6189	24	0	0	0	0	0	0	0	0	9	4403	12	100	28	33	40	48	58	70	84	100	120	0	6237	1	100
	53771	6.5차_몽환의에오스_갑옷_41등급아이템_발키리	1093	6189	24	0	0	0	0	0	0	0	0	9	4403	12	100	140	168	201	243	290	351	421	501	604	0	6237	1	100
	53772	6.5차_몽환의에오스_프로텍터_41등급아이템	1094	6189	24	0	0	0	0	0	0	0	0	9	4403	12	100	112	135	161	194	232	281	337	400	482	0	6237	1	100
	53773	6.5차_몽환의에오스_헬멧_41등급아이템	1095	6189	24	0	0	0	0	0	0	0	0	9	4403	12	100	98	118	141	170	203	245	294	350	422	0	6237	1	100
	53774	6.5차_몽환의에오스_바지_41등급아이템	1096	6189	24	0	0	0	0	0	0	0	0	9	4403	12	100	84	101	120	146	174	210	252	300	361	0	6237	1	100
	53775	6.5차_몽환의에오스_부츠_41등급아이템	1097	6189	24	0	0	0	0	0	0	0	0	9	4403	12	100	70	84	101	122	145	176	211	250	302	0	6237	1	100
	53776	6.5차_몽환의에오스_장갑_41등급아이템	1098	6189	24	0	0	0	0	0	0	0	0	9	4403	12	100	56	68	81	98	117	141	169	201	243	0	6237	1	100
	53777	6.5차_몽환의에오스_벨트_41등급아이템	1099	6189	24	0	0	0	0	0	0	0	0	9	4403	12	100	42	51	61	73	87	106	127	151	182	0	6237	1	100
	53778	6.5차_몽환의에오스_셔츠_41등급아이템	1100	6189	24	0	0	0	0	0	0	0	0	9	4403	12	100	28	33	40	48	58	70	84	100	120	0	6237	1	100
	53779	6.5차_몽환의셀레네_갑옷_41등급아이템_엘리멘탈	1101	6189	24	0	0	0	0	0	0	0	0	9	4403	12	100	140	168	201	243	290	351	421	501	604	0	6237	1	100
	53780	6.5차_몽환의셀레네_프로텍터_41등급아이템	1102	6189	24	0	0	0	0	0	0	0	0	9	4403	12	100	112	135	161	194	232	281	337	400	482	0	6237	1	100
	53781	6.5차_몽환의셀레네_헬멧_41등급아이템	1103	6189	24	0	0	0	0	0	0	0	0	9	4403	12	100	98	118	141	170	203	245	294	350	422	0	6237	1	100
	53782	6.5차_몽환의셀레네_바지_41등급아이템	1104	6189	24	0	0	0	0	0	0	0	0	9	4403	12	100	84	101	120	146	174	210	252	300	361	0	6237	1	100
	53783	6.5차_몽환의셀레네_부츠_41등급아이템	1105	6189	24	0	0	0	0	0	0	0	0	9	4403	12	100	70	84	101	122	145	176	211	250	302	0	6237	1	100
	53784	6.5차_몽환의셀레네_장갑_41등급아이템	1106	6189	24	0	0	0	0	0	0	0	0	9	4403	12	100	56	68	81	98	117	141	169	201	243	0	6237	1	100
	53785	6.5차_몽환의셀레네_벨트_41등급아이템	1107	6189	24	0	0	0	0	0	0	0	0	9	4403	12	100	42	51	61	73	87	106	127	151	182	0	6237	1	100
	53786	6.5차_몽환의셀레네_셔츠_41등급아이템	1108	6189	24	0	0	0	0	0	0	0	0	9	4403	12	100	28	33	40	48	58	70	84	100	120	0	6237	1	100
	53787	6.5차_몽환의히페리온_갑옷_41등급아이템	1109	6189	24	0	0	0	0	0	0	0	0	9	4403	12	100	140	168	201	243	290	351	421	501	604	0	6237	1	100
	53788	6.5차_몽환의히페리온_프로텍터_41등급아이템	1110	6189	24	0	0	0	0	0	0	0	0	9	4403	12	100	112	135	161	194	232	281	337	400	482	0	6237	1	100
	53789	6.5차_몽환의히페리온_헬멧_41등급아이템	1111	6189	24	0	0	0	0	0	0	0	0	9	4403	12	100	98	118	141	170	203	245	294	350	422	0	6237	1	100
	53790	6.5차_몽환의히페리온_바지_41등급아이템	1112	6189	24	0	0	0	0	0	0	0	0	9	4403	12	100	84	101	120	146	174	210	252	300	361	0	6237	1	100
	53791	6.5차_몽환의히페리온_부츠_41등급아이템	1113	6189	24	0	0	0	0	0	0	0	0	9	4403	12	100	70	84	101	122	145	176	211	250	302	0	6237	1	100
	53792	6.5차_몽환의히페리온_장갑_41등급아이템	1114	6189	24	0	0	0	0	0	0	0	0	9	4403	12	100	56	68	81	98	117	141	169	201	243	0	6237	1	100
	53793	6.5차_몽환의히페리온_벨트_41등급아이템	1115	6189	24	0	0	0	0	0	0	0	0	9	4403	12	100	42	51	61	73	87	106	127	151	182	0	6237	1	100
	53794	6.5차_몽환의히페리온_셔츠_41등급아이템	1116	6189	24	0	0	0	0	0	0	0	0	9	4403	12	100	28	33	40	48	58	70	84	100	120	0	6237	1	100
	53795	6.5차_몽환의레토_갑옷_41등급아이템	1117	6189	24	0	0	0	0	0	0	0	0	9	4403	12	100	140	168	201	243	290	351	421	501	604	0	6237	1	100
	53796	6.5차_몽환의레토_프로텍터_41등급아이템	1118	6189	24	0	0	0	0	0	0	0	0	9	4403	12	100	112	135	161	194	232	281	337	400	482	0	6237	1	100
	53797	6.5차_몽환의레토_헬멧_41등급아이템	1119	6189	24	0	0	0	0	0	0	0	0	9	4403	12	100	98	118	141	170	203	245	294	350	422	0	6237	1	100
	53798	6.5차_몽환의레토_바지_41등급아이템	1120	6189	24	0	0	0	0	0	0	0	0	9	4403	12	100	84	101	120	146	174	210	252	300	361	0	6237	1	100
	53799	6.5차_몽환의레토_부츠_41등급아이템	1121	6189	24	0	0	0	0	0	0	0	0	9	4403	12	100	70	84	101	122	145	176	211	250	302	0	6237	1	100
	53800	6.5차_몽환의레토_장갑_41등급아이템	1122	6189	24	0	0	0	0	0	0	0	0	9	4403	12	100	56	68	81	98	117	141	169	201	243	0	6237	1	100
	53801	6.5차_몽환의레토_벨트_41등급아이템	1123	6189	24	0	0	0	0	0	0	0	0	9	4403	12	100	42	51	61	73	87	106	127	151	182	0	6237	1	100
	53802	6.5차_몽환의레토_셔츠_41등급아이템	1124	6189	24	0	0	0	0	0	0	0	0	9	4403	12	100	28	33	40	48	58	70	84	100	120	0	6237	1	100
	53803	6.5차_몽환의팔라스_갑옷_41등급아이템	1125	6189	24	0	0	0	0	0	0	0	0	9	4403	12	100	140	168	201	243	290	351	421	501	604	0	6237	1	100
	53804	6.5차_몽환의팔라스_프로텍터_41등급아이템	1126	6189	24	0	0	0	0	0	0	0	0	9	4403	12	100	112	135	161	194	232	281	337	400	482	0	6237	1	100
	53805	6.5차_몽환의팔라스_헬멧_41등급아이템	1127	6189	24	0	0	0	0	0	0	0	0	9	4403	12	100	98	118	141	170	203	245	294	350	422	0	6237	1	100
	53806	6.5차_몽환의팔라스_바지_41등급아이템	1128	6189	24	0	0	0	0	0	0	0	0	9	4403	12	100	84	101	120	146	174	210	252	300	361	0	6237	1	100
	53807	6.5차_몽환의팔라스_부츠_41등급아이템	1129	6189	24	0	0	0	0	0	0	0	0	9	4403	12	100	70	84	101	122	145	176	211	250	302	0	6237	1	100
	53808	6.5차_몽환의팔라스_장갑_41등급아이템	1130	6189	24	0	0	0	0	0	0	0	0	9	4403	12	100	56	68	81	98	117	141	169	201	243	0	6237	1	100
	53809	6.5차_몽환의팔라스_벨트_41등급아이템	1131	6189	24	0	0	0	0	0	0	0	0	9	4403	12	100	42	51	61	73	87	106	127	151	182	0	6237	1	100
	53810	6.5차_몽환의팔라스_셔츠_41등급아이템	1132	6189	24	0	0	0	0	0	0	0	0	9	4403	12	100	28	33	40	48	58	70	84	100	120	0	6237	1	100
	53811	6.5차_몽환의디오네_갑옷_41등급아이템	1133	6189	24	0	0	0	0	0	0	0	0	9	4403	12	100	140	168	201	243	290	351	421	501	604	0	6237	1	100
	53812	6.5차_몽환의디오네_프로텍터_41등급아이템	1134	6189	24	0	0	0	0	0	0	0	0	9	4403	12	100	112	135	161	194	232	281	337	400	482	0	6237	1	100
	53813	6.5차_몽환의디오네_헬멧_41등급아이템	1135	6189	24	0	0	0	0	0	0	0	0	9	4403	12	100	98	118	141	170	203	245	294	350	422	0	6237	1	100
	53814	6.5차_몽환의디오네_바지_41등급아이템	1136	6189	24	0	0	0	0	0	0	0	0	9	4403	12	100	84	101	120	146	174	210	252	300	361	0	6237	1	100
	53815	6.5차_몽환의디오네_부츠_41등급아이템	1137	6189	24	0	0	0	0	0	0	0	0	9	4403	12	100	70	84	101	122	145	176	211	250	302	0	6237	1	100
	53816	6.5차_몽환의디오네_장갑_41등급아이템	1138	6189	24	0	0	0	0	0	0	0	0	9	4403	12	100	56	68	81	98	117	141	169	201	243	0	6237	1	100
	53817	6.5차_몽환의디오네_벨트_41등급아이템	1139	6189	24	0	0	0	0	0	0	0	0	9	4403	12	100	42	51	61	73	87	106	127	151	182	0	6237	1	100
	53818	6.5차_몽환의디오네_셔츠_41등급아이템	1140	6189	24	0	0	0	0	0	0	0	0	9	4403	12	100	28	33	40	48	58	70	84	100	120	0	6237	1	100
	21433	아테네_갑옷_23등급아이템	339	6056	22	4444	1	4502	1	0	0	0	0	9	4403	1	100	56	67	80	97	116	140	168	200	241	52270	4421	1	100
	21434	아테네_프로텍터_23등급아이템	340	6056	6	4445	1	4503	1	0	0	0	0	9	4403	1	100	45	54	65	78	93	113	135	161	194	52271	4421	1	100
	21435	아테네_헬멧_23등급아이템	341	6056	14	4446	1	4504	1	0	0	0	0	9	4403	1	100	39	47	56	68	81	98	118	140	169	52272	4421	1	100
	21436	아테네_바지_23등급아이템	342	6056	18	4447	1	4505	1	0	0	0	0	9	4403	1	100	34	40	48	58	69	84	101	120	144	52273	4421	1	100
	21437	아테네_부츠_23등급아이템	343	6056	10	4448	1	4506	1	0	0	0	0	9	4403	1	100	28	34	40	49	58	71	85	101	121	52274	4421	1	100
	21438	아테네_장갑_23등급아이템	344	6056	10	4449	1	4507	1	0	0	0	0	9	4403	1	100	23	27	32	39	47	56	68	80	97	52275	4421	1	100
	21439	아테네_벨트_23등급아이템	345	6056	4	4450	1	4508	1	0	0	0	0	9	4403	1	100	17	20	24	29	35	42	50	60	72	52276	4421	1	100
	21440	아테네_셔츠_23등급아이템	346	6056	2	4451	1	4509	1	0	0	0	0	9	4403	1	100	11	13	16	19	23	28	33	40	48	52277	4421	1	100
	21441	세크메트의_아크블레이드_23등급아이템	84	6060	22	4433	1	4501	1	0	0	0	0	9	4403	1	100	100	120	144	173	208	250	300	359	431	35180	4421	1	100
	52270	아테네_갑옷_23등급아이템	339	6056	22	4444	1	4502	1	0	0	0	0	9	4403	1	100	56	67	80	97	116	140	168	200	241	21443	4421	1	100
	52271	아테네_갑옷_23등급아이템	339	6056	22	4444	1	4502	1	0	0	0	0	9	4403	1	100	56	67	80	97	116	140	168	200	241	21444	4421	1	100
	52272	아테네_갑옷_23등급아이템	339	6056	22	4444	1	4502	1	0	0	0	0	9	4403	1	100	56	67	80	97	116	140	168	200	241	21445	4421	1	100
	52273	아테네_갑옷_23등급아이템	339	6056	22	4444	1	4502	1	0	0	0	0	9	4403	1	100	56	67	80	97	116	140	168	200	241	21446	4421	1	100
	52274	아테네_갑옷_23등급아이템	339	6056	22	4444	1	4502	1	0	0	0	0	9	4403	1	100	56	67	80	97	116	140	168	200	241	21447	4421	1	100
	52275	아테네_갑옷_23등급아이템	339	6056	22	4444	1	4502	1	0	0	0	0	9	4403	1	100	56	67	80	97	116	140	168	200	241	21448	4421	1	100
	52276	아테네_갑옷_23등급아이템	339	6056	22	4444	1	4502	1	0	0	0	0	9	4403	1	100	56	67	80	97	116	140	168	200	241	21449	4421	1	100
	52277	아테네_갑옷_23등급아이템	339	6056	22	4444	1	4502	1	0	0	0	0	9	4403	1	100	56	67	80	97	116	140	168	200	241	21450	4421	1	100
	35180	세크메트의_아크블레이드_23등급아이템	84	6060	22	4433	1	4501	1	0	0	0	0	9	4403	1	100	100	120	144	173	208	250	300	359	431	35181	4421	1	100
	21443	아테네_갑옷_23등급아이템	339	6056	22	4444	1	4502	1	0	0	0	0	9	4403	1	100	56	67	80	97	116	140	168	200	241	52278	4421	1	100
	21444	아테네_갑옷_23등급아이템	339	6056	22	4444	1	4502	1	0	0	0	0	9	4403	1	100	56	67	80	97	116	140	168	200	241	52279	4421	1	100
	21445	아테네_갑옷_23등급아이템	339	6056	22	4444	1	4502	1	0	0	0	0	9	4403	1	100	56	67	80	97	116	140	168	200	241	52280	4421	1	100
	21446	아테네_갑옷_23등급아이템	339	6056	22	4444	1	4502	1	0	0	0	0	9	4403	1	100	56	67	80	97	116	140	168	200	241	52281	4421	1	100
	21447	아테네_갑옷_23등급아이템	339	6056	22	4444	1	4502	1	0	0	0	0	9	4403	1	100	56	67	80	97	116	140	168	200	241	52282	4421	1	100
	21448	아테네_갑옷_23등급아이템	339	6056	22	4444	1	4502	1	0	0	0	0	9	4403	1	100	56	67	80	97	116	140	168	200	241	52283	4421	1	100
	21449	아테네_갑옷_23등급아이템	339	6056	22	4444	1	4502	1	0	0	0	0	9	4403	1	100	56	67	80	97	116	140	168	200	241	52284	4421	1	100
	21450	아테네_갑옷_23등급아이템	339	6056	22	4444	1	4502	1	0	0	0	0	9	4403	1	100	56	67	80	97	116	140	168	200	241	52285	4421	1	100
	35181	세크메트의_아크블레이드_23등급아이템	84	6060	22	4433	1	4501	1	0	0	0	0	9	4403	1	100	100	120	144	173	208	250	300	359	431	35182	4421	1	100
	52278	아테네_갑옷_23등급아이템	339	6056	22	4444	1	4502	1	0	0	0	0	9	4403	1	100	56	67	80	97	116	140	168	200	241	52286	4421	1	100
	52279	아테네_갑옷_23등급아이템	339	6056	22	4444	1	4502	1	0	0	0	0	9	4403	1	100	56	67	80	97	116	140	168	200	241	52287	4421	1	100
	52280	아테네_갑옷_23등급아이템	339	6056	22	4444	1	4502	1	0	0	0	0	9	4403	1	100	56	67	80	97	116	140	168	200	241	52288	4421	1	100
	52281	아테네_갑옷_23등급아이템	339	6056	22	4444	1	4502	1	0	0	0	0	9	4403	1	100	56	67	80	97	116	140	168	200	241	52289	4421	1	100
	52282	아테네_갑옷_23등급아이템	339	6056	22	4444	1	4502	1	0	0	0	0	9	4403	1	100	56	67	80	97	116	140	168	200	241	52290	4421	1	100
	52283	아테네_갑옷_23등급아이템	339	6056	22	4444	1	4502	1	0	0	0	0	9	4403	1	100	56	67	80	97	116	140	168	200	241	52291	4421	1	100
	52284	아테네_갑옷_23등급아이템	339	6056	22	4444	1	4502	1	0	0	0	0	9	4403	1	100	56	67	80	97	116	140	168	200	241	52292	4421	1	100
	52285	아테네_갑옷_23등급아이템	339	6056	22	4444	1	4502	1	0	0	0	0	9	4403	1	100	56	67	80	97	116	140	168	200	241	52293	4421	1	100
	35182	세크메트의_아크블레이드_23등급아이템	84	6060	22	4433	1	4501	1	0	0	0	0	9	4403	1	100	100	120	144	173	208	250	300	359	431	35183	4421	1	100
	52286	아테네_갑옷_23등급아이템	339	6056	22	4444	1	4502	1	0	0	0	0	9	4403	1	100	56	67	80	97	116	140	168	200	241	52294	4421	1	100
	52287	아테네_갑옷_23등급아이템	339	6056	22	4444	1	4502	1	0	0	0	0	9	4403	1	100	56	67	80	97	116	140	168	200	241	52295	4421	1	100
	52288	아테네_갑옷_23등급아이템	339	6056	22	4444	1	4502	1	0	0	0	0	9	4403	1	100	56	67	80	97	116	140	168	200	241	52296	4421	1	100
	52289	아테네_갑옷_23등급아이템	339	6056	22	4444	1	4502	1	0	0	0	0	9	4403	1	100	56	67	80	97	116	140	168	200	241	52297	4421	1	100
	52290	아테네_갑옷_23등급아이템	339	6056	22	4444	1	4502	1	0	0	0	0	9	4403	1	100	56	67	80	97	116	140	168	200	241	52298	4421	1	100
	52291	아테네_갑옷_23등급아이템	339	6056	22	4444	1	4502	1	0	0	0	0	9	4403	1	100	56	67	80	97	116	140	168	200	241	52299	4421	1	100
	52292	아테네_갑옷_23등급아이템	339	6056	22	4444	1	4502	1	0	0	0	0	9	4403	1	100	56	67	80	97	116	140	168	200	241	52300	4421	1	100
	52293	아테네_갑옷_23등급아이템	339	6056	22	4444	1	4502	1	0	0	0	0	9	4403	1	100	56	67	80	97	116	140	168	200	241	52301	4421	1	100
	35183	세크메트의_아크블레이드_23등급아이템	84	6060	22	4433	1	4501	1	0	0	0	0	9	4403	1	100	100	120	144	173	208	250	300	359	431	35184	4421	1	100
	52294	아테네_갑옷_23등급아이템	339	6056	22	4444	1	4502	1	0	0	0	0	9	4403	1	100	56	67	80	97	116	140	168	200	241	52302	4421	1	100
	52295	아테네_갑옷_23등급아이템	339	6056	22	4444	1	4502	1	0	0	0	0	9	4403	1	100	56	67	80	97	116	140	168	200	241	52303	4421	1	100
	52296	아테네_갑옷_23등급아이템	339	6056	22	4444	1	4502	1	0	0	0	0	9	4403	1	100	56	67	80	97	116	140	168	200	241	52304	4421	1	100
	52297	아테네_갑옷_23등급아이템	339	6056	22	4444	1	4502	1	0	0	0	0	9	4403	1	100	56	67	80	97	116	140	168	200	241	52305	4421	1	100
	52298	아테네_갑옷_23등급아이템	339	6056	22	4444	1	4502	1	0	0	0	0	9	4403	1	100	56	67	80	97	116	140	168	200	241	52306	4421	1	100
	52299	아테네_갑옷_23등급아이템	339	6056	22	4444	1	4502	1	0	0	0	0	9	4403	1	100	56	67	80	97	116	140	168	200	241	52307	4421	1	100
	52300	아테네_갑옷_23등급아이템	339	6056	22	4444	1	4502	1	0	0	0	0	9	4403	1	100	56	67	80	97	116	140	168	200	241	52308	4421	1	100
	52301	아테네_갑옷_23등급아이템	339	6056	22	4444	1	4502	1	0	0	0	0	9	4403	1	100	56	67	80	97	116	140	168	200	241	52309	4421	1	100
	35184	세크메트의_아크블레이드_23등급아이템	84	6060	22	4433	1	4501	1	0	0	0	0	9	4403	1	100	100	120	144	173	208	250	300	359	431	35185	4421	1	100
	52302	아테네_갑옷_23등급아이템	339	6056	22	4444	1	4502	1	0	0	0	0	9	4403	1	100	56	67	80	97	116	140	168	200	241	0	4421	1	100
	52303	아테네_갑옷_23등급아이템	339	6056	22	4444	1	4502	1	0	0	0	0	9	4403	1	100	56	67	80	97	116	140	168	200	241	0	4421	1	100
	52304	아테네_갑옷_23등급아이템	339	6056	22	4444	1	4502	1	0	0	0	0	9	4403	1	100	56	67	80	97	116	140	168	200	241	0	4421	1	100
	52305	아테네_갑옷_23등급아이템	339	6056	22	4444	1	4502	1	0	0	0	0	9	4403	1	100	56	67	80	97	116	140	168	200	241	0	4421	1	100
	52306	아테네_갑옷_23등급아이템	339	6056	22	4444	1	4502	1	0	0	0	0	9	4403	1	100	56	67	80	97	116	140	168	200	241	0	4421	1	100
	52307	아테네_갑옷_23등급아이템	339	6056	22	4444	1	4502	1	0	0	0	0	9	4403	1	100	56	67	80	97	116	140	168	200	241	0	4421	1	100
	52308	아테네_갑옷_23등급아이템	339	6056	22	4444	1	4502	1	0	0	0	0	9	4403	1	100	56	67	80	97	116	140	168	200	241	0	4421	1	100
	52309	아테네_갑옷_23등급아이템	339	6056	22	4444	1	4502	1	0	0	0	0	9	4403	1	100	56	67	80	97	116	140	168	200	241	0	4421	1	100
	35185	세크메트의_아크블레이드_23등급아이템	84	6060	22	4433	1	4501	1	0	0	0	0	9	4403	1	100	100	120	144	173	208	250	300	359	431	0	4421	1	100
