//ChargeItemInfo																																	팝업창출력여부	장비.사용여부	거래및판매여부	각종가능여부																																																																																																																																					
//	ChargeItemInfo 사용가능대역																																																																0 모두																																																																																																								
//	60000~65535		//12 : 습득시 즉시사용 사용 실패시 보존																																																														1 남자																																																																																																								
//			//13 : 습득시 즉시사용 사용 실패시 삭제							남	여																																																						2 여자	버서커	드나	섀도	발키리	엘리	미스틱	헬로이드	위치블레이드		 < 기본옵션 >																				< 가맹PC방 전용 옵션 >																					남	여																							디바인 구역															엘리트 구역						유니크 구역								
//파라메타 업데이트 버전 정보						814	814				1102			1102		819	814		0812(코드변경)	809	812	812		810					816		816	1103					820	1005		904																								905	1102						1204	1304			811				811				811				812	812	812	812	812	812	812	812	811				811				811				812	812	812	812	812	812	812	812			1102		1102			812	818	818				815				902																																				810	
//설명	아이템코드	판매종류	소멸방식	이름	네임코드	아이템색사용여부	아이템색상코드	네임코드2	설명코드	장착이미지코드	장착이미지코드2	인벤이미지코드	드랍이미지코드	베타키구분코드	종류및계열	이벤트타입	아이템Drop사운드인덱스	효과발동위치	효과코드	본위치	특수액세서리본위치	특수액세서리장착타입	아이템계열	세트옵션적용	세트계열	레벨	내구도	내구감소력	내구도패널티인덱스	아이템가격	아이템가격_최대값	주사위획득방식	팝업창출력여부	장비.사용여부	거래및판매여부	각종가능여부	귀속여부	에테리아추출가능여부	장비제한레벨	아이템사용제한레벨	힘제한	민첩제한	체력제한	지력제한	정신력제한	숙련도1	숙련도2	최소데미지	최대데미지	물리공격성공률	물리공격속도	물리방어력	물리공격회피율	기본공격타입	공격속성	공격타입	공격거리	방어타입	마법최소공격력	마법최대공격력	마법공격속도	마법방어력	이동속도	탈것장비클래스	성별타입	장비클래스1	장비클래스2	장비클래스3	장비클래스4	장비클래스5	장비클래스6	장비클래스7	장비클래스8	장비위치	옵션발동조건1	옵션종류1	수치타입	기본옵션1	옵션발동조건2	옵션종류2	수치타입	기본옵션2	옵션발동조건3	옵션종류3	수치타입	기본옵션3	옵션발동조건4	옵션종류4	수치타입	기본옵션4	옵션발동조건5	옵션종류5	수치타입	기본옵션5	옵션발동조건1	옵션종류1	수치타입	PC방옵션1	옵션발동조건2	옵션종류2	수치타입	PC방옵션2	옵션발동조건3	옵션종류3	수치타입	PC방옵션3	옵션발동조건4	옵션종류4	수치타입	PC방옵션4	옵션발동조건5	옵션종류5	수치타입	PC방옵션5	발사체	머리형태	머리형태2	커스터마이즈	커스터마이즈2	중복개수	장착중복가능개수(Index)	장착중복가능개수(Type)-인벤토리	장착중복그룹	장착개수	포션기능	쿨타임타입	상승수치	경험치물약필드	지속시간	횟수	쿨타임	카오시간감소	퀘스트ID	재료특성	스킬정보	쟈드등급	쟈드옵션종류	쟈드합성추가성공률	교환아이템정보	디바인힘제한	디바인민첩제한	디바인체력제한	디바인지력제한	디바인정신력제한	디바인숙련도1	디바인숙련도2	디바인물리최소데미지	디바인물리최대데미지	디바인마법최소데미지	디바인마법최대데미지	디바인물리방어력	디바인마법방어력	AC코드	AC참조타입	엘리트물리최소데미지	엘리트물리최대데미지	엘리트마법최소데미지	엘리트마법최대데미지	엘리트물리방어력	엘리트마법방어력	유니크물리최소데미지	유니크물리최대데미지	유니크마법최소데미지	유니크마법최대데미지	유니크물리방어력	유니크마법방어력	아이템종류선정	배틀존아이템분배적용	
	Code	ChargeType	ChargeSubType	Name	NameCode	NameColorType	NameColorCode	NameCode2	DNCode3	WearImageCode	WearImageCode2	InvenImageCode	DropImageCode	BetaKeyCode	Type	Etype	ItemSoundIndex	EffectPosition	EffectCode	RotBone	BoneName	SABoneType	SubType	SetOptionType	SetType	Level	Dura	DuraStrenth	StrengthPenaltyIndex	ItemSellMoney	ItemSellMoney_Max	DiceCast	Popup	MaterialType	TradeSellType	Mixture	ReversionType	ExtractType	LimitEqLevel	LimitUseLevel	LimitStr	LimitDex	LimitVit	LimitInt	LimitSpr	LimitSkill1	LimitSkill2	MinDamage	MaxDamage	PhyAttRate	PhyAttSpeed	PhyDef	PhyAvoid	BaseAttType	MagicalAttType	MeleeType	AttRange	ArmorType	MagicAttMinDamgage	MagicAttMaxDamgage	MagicAttSpeed	MagicDef	Speed	EqRidingClass	GenderType	EqClass1	EqClass2	EqClass3	EqClass4	EqClass5	EqClass6	EqClass7	EqClass8	EqPos	ExerciseEffect1	OptionKind1	OptionType1	OptionValue1	ExerciseEffect2	OptionKind2	OptionType2	OptionValue2	ExerciseEffect3	OptionKind3	OptionType3	OptionValue3	ExerciseEffect4	OptionKind4	OptionType4	OptionValue4	ExerciseEffect5	OptionKind5	OptionType5	OptionValue5	PCExerciseEffect1	PCOptionKind1	PCOptionType1	PCOptionValue1	PCExerciseEffect2	PCOptionKind2	PCOptionType2	PCOptionValue2	PCExerciseEffect3	PCOptionKind3	PCOptionType3	PCOptionValue3	PCExerciseEffect4	PCOptionKind4	PCOptionType4	PCOptionValue4	PCExerciseEffect5	PCOptionKind5	PCOptionType5	PCOptionValue5	Missile	HeadType	HeadType2	Customize	Customize2	DupNum	DupEquipNum	DupEquipTypeNum	DupEquipGroup	DupEquipGroupNum	WasteType	CoolTimeType	HealHP	ExpHP	HealTime	Times	CoolTime	ChaoTimeDec	QuestCode	MaterialCode	SkillCode	ZardGrade	ZardOptionKind	ZardSuccesPer	ExchangedItem	DivLimitStr	DivLimitDex	DivLimitVit	DivLimitInt	DivLimitSpr	DivLimitSkill1	DivLimitSkill2	DivPhyMinDamage	DivPhyMaxDamage	DivMagicMinDamage	DivMagicMaxDamage	DivPhyDef	DivMagicDef	ACCode	ACReferenceID	ElitePhyMinDamage	ElitePhyMaxDamage	EliteMagicMinDamage	EliteMagicMaxDamage	ElitePhyDef	EliteMagicDef	UniPhyMinDamage	UniPhyMaxDamage	UniMagicMinDamage	UniMagicMaxDamage	UniPhyDef	UniMagicDef	ItemListType	UseItemDistribution	EqClass9	FieldEnd
//	[ID60000~]_반지																																					0																																																																																																																																			
	60000	1	2	군신의반지	158040	1	69DDA0	40022	159040	0	0	72001	39918	0	811	0	811	8	Q000	1	Null	0	0	0	0	1	0	0	0	0	0	0	0	1	70	255	0	0	0	0	0	0	0	0	0	0	0	0	0	0	0	0	0	0	0	0	0	0	0	0	0	0	0	0	0	1	1	1	1	1	1	1	1	16	1	47	2	20	1	35	2	20	0	0	0	0	0	0	0	0	0	0	0	0	1	47	2	10	1	35	2	10	0	0	0	0	0	0	0	0	0	0	0	0	0	0	0	0	0	1	2	0	1	2	0	0	0	0	0	0	0	0	0	0	0	0	0	0	0	0	0	0	0	0	0	0	0	0	0	0	0	0	0	0	0	0	0	0	0	0	0	0	0	0	0	0	0	0	1	
	60013	1	2	군신의반지_2	158060	1	69DDA0	40022	159060	0	0	72001	39918	0	811	0	811	8	Q000	1	Null	0	0	0	0	1	0	0	0	0	0	0	0	1	70	255	0	0	0	0	0	0	0	0	0	0	0	0	0	0	0	0	0	0	0	0	0	0	0	0	0	0	0	0	0	1	1	1	1	1	1	1	1	16	1	47	2	40	1	35	2	40	0	0	0	0	0	0	0	0	0	0	0	0	1	47	2	10	1	35	2	10	0	0	0	0	0	0	0	0	0	0	0	0	0	0	0	0	0	1	1	0	0	0	0	0	0	0	0	0	0	0	0	0	0	0	0	0	0	0	0	0	0	0	0	0	0	0	0	0	0	0	0	0	0	0	0	0	0	0	0	0	0	0	0	0	0	0	1	
	60001	1	2	성역의반지_1	158039	1	69DDA0	40022	159039	0	0	72002	39918	0	811	0	811	8	Q000	1	Null	0	0	0	0	1	0	0	0	0	0	0	0	1	70	255	0	0	0	0	0	0	0	0	0	0	0	0	0	0	0	0	0	0	0	0	0	0	0	0	0	0	0	0	0	1	1	1	1	1	1	1	1	16	1	49	2	20	0	0	0	0	0	0	0	0	0	0	0	0	0	0	0	0	1	49	2	10	0	0	0	0	0	0	0	0	0	0	0	0	0	0	0	0	0	0	0	0	0	1	2	0	2	2	0	0	0	0	0	0	0	0	0	0	0	0	0	0	0	0	0	0	0	0	0	0	0	0	0	0	0	0	0	0	0	0	0	0	0	0	0	0	0	0	0	0	0	0	1	
	60002	1	2	__성역의반지_2	158038	1	69DDA0	40022	159038	0	0	72003	39918	0	811	0	811	8	Q000	1	Null	0	0	0	0	1	0	0	0	0	0	0	0	1	70	255	0	0	0	0	0	0	0	0	0	0	0	0	0	0	0	0	0	0	0	0	0	0	0	0	0	0	0	0	0	1	1	1	1	1	1	1	1	16	1	49	2	35	0	0	0	0	0	0	0	0	0	0	0	0	0	0	0	0	1	49	2	10	0	0	0	0	0	0	0	0	0	0	0	0	0	0	0	0	0	0	0	0	0	1	1	0	0	0	0	0	0	0	0	0	0	0	0	0	0	0	0	0	0	0	0	0	0	0	0	0	0	0	0	0	0	0	0	0	0	0	0	0	0	0	0	0	0	0	0	0	0	0	1	
	60003	1	2	__성역의반지_3	158037	1	69DDA0	40022	159037	0	0	72004	39918	0	811	0	811	8	Q000	1	Null	0	0	0	0	1	0	0	0	0	0	0	0	1	70	255	0	0	0	0	0	0	0	0	0	0	0	0	0	0	0	0	0	0	0	0	0	0	0	0	0	0	0	0	0	1	1	1	1	1	1	1	1	16	1	49	2	4	1	35	2	16	0	0	0	0	0	0	0	0	0	0	0	0	1	49	2	2	1	50	2	8	0	0	0	0	0	0	0	0	0	0	0	0	0	0	0	0	0	1	2	0	0	0	0	0	0	0	0	0	0	0	0	0	0	0	0	0	0	0	0	0	0	0	0	0	0	0	0	0	0	0	0	0	0	0	0	0	0	0	0	0	0	0	0	0	0	0	1	
	60004	1	2	__성역의반지_4	158036	1	69DDA0	40022	159036	0	0	72005	39918	0	811	0	811	8	Q000	1	Null	0	0	0	0	1	0	0	0	0	0	0	0	1	70	255	0	0	0	0	0	0	0	0	0	0	0	0	0	0	0	0	0	0	0	0	0	0	0	0	0	0	0	0	0	1	1	1	1	1	1	1	1	16	1	50	2	20	0	0	0	0	0	0	0	0	0	0	0	0	0	0	0	0	1	50	2	10	0	0	0	0	0	0	0	0	0	0	0	0	0	0	0	0	0	0	0	0	0	1	2	0	0	0	0	0	0	0	0	0	0	0	0	0	0	0	0	0	0	0	0	0	0	0	0	0	0	0	0	0	0	0	0	0	0	0	0	0	0	0	0	0	0	0	0	0	0	0	1	
	60005	1	2	폭풍의반지	158035	1	69DDA0	40022	159035	0	0	72006	39918	0	811	0	811	8	Q000	1	Null	0	0	0	0	1	0	0	0	0	0	0	0	1	86	255	0	0	0	0	0	0	0	0	0	0	0	0	0	0	0	0	0	0	0	0	0	0	0	0	0	0	0	0	0	1	1	1	1	1	1	1	1	16	1	1	2	20	0	0	0	0	0	0	0	0	0	0	0	0	0	0	0	0	1	1	2	10	0	0	0	0	0	0	0	0	0	0	0	0	0	0	0	0	0	0	0	0	0	1	1	0	0	0	0	0	0	0	0	0	0	0	0	0	0	0	0	0	0	0	0	0	0	0	0	0	0	0	0	0	0	0	0	0	0	0	0	0	0	0	0	0	0	0	0	0	0	0	1	
	60006	1	2	절명의반지	158547	1	69DDA0	40022	159034	0	0	72007	39918	0	811	0	811	8	Q000	1	Null	0	0	0	0	1	0	0	0	0	0	0	0	1	70	255	0	0	0	0	0	0	0	0	0	0	0	0	0	0	0	0	0	0	0	0	0	0	0	0	0	0	0	0	0	1	1	1	1	1	1	1	1	16	1	42	1	200	0	0	0	0	0	0	0	0	0	0	0	0	0	0	0	0	1	42	1	100	0	0	0	0	0	0	0	0	0	0	0	0	0	0	0	0	0	0	0	0	0	1	2	0	0	0	0	0	0	0	0	0	0	0	0	0	0	0	0	0	0	0	0	0	0	0	0	0	0	0	0	0	0	0	0	0	0	0	0	0	0	0	0	0	0	0	0	0	0	0	1	
	60007	1	1	[한정판]_집중의부적(인벤토리적용)	158087	1	69DDA0	40022	159087	0	0	73528	39918	0	811	0	811	0	Null	0	Null	0	0	0	0	1	0	0	0	0	0	0	0	0	7	255	0	0	0	0	0	0	0	0	0	0	0	0	0	0	0	0	0	0	0	0	0	0	0	0	0	0	0	0	0	1	1	1	1	1	1	1	1	16	2	46	5	35	0	0	0	0	0	0	0	0	0	0	0	0	0	0	0	0	2	46	1	5	0	0	0	0	0	0	0	0	0	0	0	0	0	0	0	0	0	0	0	0	0	1	1	1	0	0	0	0	0	0	0	0	0	0	0	0	0	0	0	0	0	0	0	0	0	0	0	0	0	0	0	0	0	0	0	0	0	0	0	0	0	0	0	0	0	0	0	0	0	0	1	
	60008	1	2	혈신의반지	158031	1	69DDA0	40022	159031	0	0	72009	39918	0	811	0	811	8	Q000	1	Null	0	0	0	0	1	0	0	0	0	0	0	0	1	70	255	0	0	0	0	0	0	0	0	0	0	0	0	0	0	0	0	0	0	0	0	0	0	0	0	0	0	0	0	0	1	1	1	1	1	1	1	1	16	1	28	2	20	1	39	2	20	0	0	0	0	0	0	0	0	0	0	0	0	1	28	2	10	1	39	2	10	0	0	0	0	0	0	0	0	0	0	0	0	0	0	0	0	0	1	1	0	0	0	0	0	0	0	0	0	0	0	0	0	0	0	0	0	0	0	0	0	0	0	0	0	0	0	0	0	0	0	0	0	0	0	0	0	0	0	0	0	0	0	0	0	0	0	1	
	60009	1	2	에테르의반지	158030	1	69DDA0	40022	159030	0	0	72010	39918	0	811	0	811	8	Q000	1	Null	0	0	0	0	1	0	0	0	0	0	0	0	1	70	255	0	0	0	0	0	0	0	0	0	0	0	0	0	0	0	0	0	0	0	0	0	0	0	0	0	0	0	0	0	1	1	1	1	1	1	1	1	16	1	29	2	20	1	40	1	5	0	0	0	0	0	0	0	0	0	0	0	0	1	29	2	10	1	40	1	5	0	0	0	0	0	0	0	0	0	0	0	0	0	0	0	0	0	1	1	0	0	0	0	0	0	0	0	0	0	0	0	0	0	0	0	0	0	0	0	0	0	0	0	0	0	0	0	0	0	0	0	0	0	0	0	0	0	0	0	0	0	0	0	0	0	0	1	
	60010	1	2	패기의반지	158029	1	69DDA0	40022	159029	0	0	72011	39918	0	811	0	811	8	Q000	1	Null	0	0	0	0	1	0	0	0	0	0	0	0	1	70	255	0	0	0	0	0	0	0	0	0	0	0	0	0	0	0	0	0	0	0	0	0	0	0	0	0	0	0	0	0	1	1	1	0	0	0	0	0	16	1	37	1	50	1	38	1	30	0	0	0	0	0	0	0	0	0	0	0	0	1	37	1	10	1	38	1	5	0	0	0	0	0	0	0	0	0	0	0	0	0	0	0	0	0	1	1	0	0	0	0	0	0	0	0	0	0	0	0	0	0	0	0	0	0	0	0	0	0	0	0	0	0	0	0	0	0	0	0	0	0	0	0	0	0	0	0	0	0	0	0	0	0	0	0	
	60014	1	2	패기의반지_2	158061	1	69DDA0	40022	159029	0	0	72011	39918	0	811	0	811	8	Q000	1	Null	0	0	0	0	1	0	0	0	0	0	0	0	1	70	255	0	0	0	0	0	0	0	0	0	0	0	0	0	0	0	0	0	0	0	0	0	0	0	0	0	0	0	0	0	1	1	1	0	0	0	0	0	16	1	37	1	80	1	38	1	50	0	0	0	0	0	0	0	0	0	0	0	0	1	37	1	10	1	38	1	5	0	0	0	0	0	0	0	0	0	0	0	0	0	0	0	0	0	1	1	0	0	0	0	0	0	0	0	0	0	0	0	0	0	0	0	0	0	0	0	0	0	0	0	0	0	0	0	0	0	0	0	0	0	0	0	0	0	0	0	0	0	0	0	0	0	0	0	
	60011	1	2	해방군의의지	158033	1	69DDA0	40022	159033	0	0	72012	39918	0	811	0	811	8	Q000	1	Null	0	0	0	0	1	0	0	0	0	0	0	0	1	86	255	0	0	0	0	0	0	0	0	0	0	0	0	0	0	0	0	0	0	0	0	0	0	0	0	0	0	0	0	0	1	1	1	1	1	1	1	1	16	1	45	5	30	0	0	0	0	0	0	0	0	0	0	0	0	0	0	0	0	1	45	1	10	0	0	0	0	0	0	0	0	0	0	0	0	0	0	0	0	0	0	0	0	0	1	1	0	3	1	0	0	0	0	0	0	0	0	0	0	0	0	0	0	0	0	0	0	0	0	0	0	0	0	0	0	0	0	0	0	0	0	0	0	0	0	0	0	0	0	0	0	0	0	1	
	60012	1	2	해방군의의지_2	158059	1	69DDA0	40022	159059	0	0	72012	39918	0	811	0	811	8	Q000	1	Null	0	0	0	0	1	0	0	0	0	0	0	0	1	86	255	0	0	0	0	0	0	0	0	0	0	0	0	0	0	0	0	0	0	0	0	0	0	0	0	0	0	0	0	0	1	1	1	1	1	1	1	1	16	1	45	5	50	0	0	0	0	0	0	0	0	0	0	0	0	0	0	0	0	1	45	1	10	0	0	0	0	0	0	0	0	0	0	0	0	0	0	0	0	0	0	0	0	0	1	1	0	5	1	0	0	0	0	0	0	0	0	0	0	0	0	0	0	0	0	0	0	0	0	0	0	0	0	0	0	0	0	0	0	0	0	0	0	0	0	0	0	0	0	0	0	0	0	1	
	60015	1	2	하임증가의반지	158073	1	69DDA0	40022	159073	0	0	72008	39918	0	811	0	811	8	Q000	1	Null	0	0	0	0	1	0	0	0	0	0	0	0	1	70	255	0	0	0	0	0	0	0	0	0	0	0	0	0	0	0	0	0	0	0	0	0	0	0	0	0	0	0	0	0	1	1	1	1	1	1	1	1	16	1	44	5	10	0	0	0	0	0	0	0	0	0	0	0	0	0	0	0	0	0	0	0	0	0	0	0	0	0	0	0	0	0	0	0	0	0	0	0	0	0	0	0	0	0	1	1	0	0	0	0	0	0	0	0	0	0	0	0	0	0	0	0	0	0	0	0	0	0	0	0	0	0	0	0	0	0	0	0	0	0	0	0	0	0	0	0	0	0	0	0	0	0	0	1	
	60016	1	2	성역의반지_1_체험용	158084	1	69DDA0	40022	159039	0	0	72002	39918	0	811	0	811	8	Q000	1	Null	0	0	0	0	1	0	0	0	0	0	0	0	1	39	255	0	0	0	0	0	0	0	0	0	0	0	0	0	0	0	0	0	0	0	0	0	0	0	0	0	0	0	0	0	1	1	1	1	1	1	1	1	16	1	49	2	15	0	0	0	0	0	0	0	0	0	0	0	0	0	0	0	0	1	49	2	5	0	0	0	0	0	0	0	0	0	0	0	0	0	0	0	0	0	0	0	0	0	1	2	0	2	2	0	0	0	0	0	0	0	0	0	0	0	0	0	0	0	0	0	0	0	0	0	0	0	0	0	0	0	0	0	0	0	0	0	0	0	0	0	0	0	0	0	0	0	0	1	
	60017	1	2	[한정판]_군신의반지	158088	1	69DDA0	40022	159088	0	0	72001	39918	0	811	0	811	8	Q000	1	Null	0	0	0	0	1	0	0	0	0	0	0	0	1	70	255	0	0	0	0	0	0	0	0	0	0	0	0	0	0	0	0	0	0	0	0	0	0	0	0	0	0	0	0	0	1	1	1	1	1	1	1	1	16	1	47	2	20	1	35	2	20	1	32	1	3	0	0	0	0	0	0	0	0	1	47	2	10	1	35	2	10	1	32	1	2	0	0	0	0	0	0	0	0	0	0	0	0	0	1	1	0	0	0	0	0	0	0	0	0	0	0	0	0	0	0	0	0	0	0	0	0	0	0	0	0	0	0	0	0	0	0	0	0	0	0	0	0	0	0	0	0	0	0	0	0	0	0	1	
	60018	1	2	[한정판]_패기의반지	158089	1	69DDA0	40022	159089	0	0	72011	39918	0	811	0	811	8	Q000	1	Null	0	0	0	0	1	0	0	0	0	0	0	0	1	70	255	0	0	0	0	0	0	0	0	0	0	0	0	0	0	0	0	0	0	0	0	0	0	0	0	0	0	0	0	0	1	1	1	1	1	1	1	1	16	1	37	1	50	1	38	1	30	1	32	1	3	0	0	0	0	0	0	0	0	1	37	1	25	1	38	1	15	1	32	1	2	0	0	0	0	0	0	0	0	0	0	0	0	0	1	1	0	0	0	0	0	0	0	0	0	0	0	0	0	0	0	0	0	0	0	0	0	0	0	0	0	0	0	0	0	0	0	0	0	0	0	0	0	0	0	0	0	0	0	0	0	0	0	1	
	60019	1	2	[한정판]_성역의반지	158090	1	69DDA0	40022	159090	0	0	72002	39918	0	811	0	811	8	Q000	1	Null	0	0	0	0	1	0	0	0	0	0	0	0	1	70	255	0	0	0	0	0	0	0	0	0	0	0	0	0	0	0	0	0	0	0	0	0	0	0	0	0	0	0	0	0	1	1	1	1	1	1	1	1	16	1	49	2	20	0	0	0	0	1	32	1	3	0	0	0	0	0	0	0	0	1	49	2	10	0	0	0	0	1	32	1	2	0	0	0	0	0	0	0	0	0	0	0	0	0	1	1	0	0	0	0	0	0	0	0	0	0	0	0	0	0	0	0	0	0	0	0	0	0	0	0	0	0	0	0	0	0	0	0	0	0	0	0	0	0	0	0	0	0	0	0	0	0	0	1	
	60020	1	2	[한정판]_에테르의반지	158091	1	69DDA0	40022	159091	0	0	72010	39918	0	811	0	811	8	Q000	1	Null	0	0	0	0	1	0	0	0	0	0	0	0	1	70	255	0	0	0	0	0	0	0	0	0	0	0	0	0	0	0	0	0	0	0	0	0	0	0	0	0	0	0	0	0	1	1	1	1	1	1	1	1	16	1	29	2	20	1	40	1	5	1	32	1	3	0	0	0	0	0	0	0	0	1	29	2	10	1	40	1	2	1	32	1	2	0	0	0	0	0	0	0	0	0	0	0	0	0	1	1	0	0	0	0	0	0	0	0	0	0	0	0	0	0	0	0	0	0	0	0	0	0	0	0	0	0	0	0	0	0	0	0	0	0	0	0	0	0	0	0	0	0	0	0	0	0	0	1	
	60021	1	2	[한정판]_혈신의반지	158092	1	69DDA0	40022	159092	0	0	72009	39918	0	811	0	811	8	Q000	1	Null	0	0	0	0	1	0	0	0	0	0	0	0	1	70	255	0	0	0	0	0	0	0	0	0	0	0	0	0	0	0	0	0	0	0	0	0	0	0	0	0	0	0	0	0	1	1	1	1	1	1	1	1	16	1	28	2	20	1	39	2	20	1	32	1	3	0	0	0	0	0	0	0	0	1	28	2	10	1	39	2	10	1	32	1	2	0	0	0	0	0	0	0	0	0	0	0	0	0	1	1	0	0	0	0	0	0	0	0	0	0	0	0	0	0	0	0	0	0	0	0	0	0	0	0	0	0	0	0	0	0	0	0	0	0	0	0	0	0	0	0	0	0	0	0	0	0	0	1	
	60022	1	2	[한정판]_폭풍의반지	158093	1	69DDA0	40022	159093	0	0	72006	39918	0	811	0	811	8	Q000	1	Null	0	0	0	0	1	0	0	0	0	0	0	0	1	70	255	0	0	0	0	0	0	0	0	0	0	0	0	0	0	0	0	0	0	0	0	0	0	0	0	0	0	0	0	0	1	1	1	1	1	1	1	1	16	1	1	2	10	0	0	0	0	1	32	1	3	0	0	0	0	0	0	0	0	1	1	2	5	0	0	0	0	1	32	1	2	0	0	0	0	0	0	0	0	0	0	0	0	0	1	1	0	0	0	0	0	0	0	0	0	0	0	0	0	0	0	0	0	0	0	0	0	0	0	0	0	0	0	0	0	0	0	0	0	0	0	0	0	0	0	0	0	0	0	0	0	0	0	1	
	60023	1	2	[한정판]_스킬데미지증가의반지	158094	1	69DDA0	40022	159094	0	0	72008	39918	0	811	0	811	8	Q000	1	Null	0	0	0	0	1	0	0	0	0	0	0	0	1	70	255	0	0	0	0	0	0	0	0	0	0	0	0	0	0	0	0	0	0	0	0	0	0	0	0	0	0	0	0	0	1	1	1	1	1	1	1	1	16	1	31	5	20	1	32	1	3	0	0	0	0	0	0	0	0	0	0	0	0	1	31	1	10	1	32	1	2	0	0	0	0	0	0	0	0	0	0	0	0	0	0	0	0	0	1	1	0	0	0	0	0	0	0	0	0	0	0	0	0	0	0	0	0	0	0	0	0	0	0	0	0	0	0	0	0	0	0	0	0	0	0	0	0	0	0	0	0	0	0	0	0	0	0	1	
	60024	1	2	치타의반지	158101	1	69DDA0	40022	159101	0	0	72006	39918	0	811	0	811	8	Q000	1	Null	0	0	0	0	1	0	0	0	0	0	0	0	1	70	255	0	0	0	0	0	0	0	0	0	0	0	0	0	0	0	0	0	0	0	0	0	0	0	0	0	0	0	0	0	1	1	1	1	1	1	1	1	16	1	14	1	5	0	0	0	0	0	0	0	0	0	0	0	0	0	0	0	0	1	14	2	10	0	0	0	0	0	0	0	0	0	0	0	0	0	0	0	0	0	0	0	0	0	1	1	0	0	0	0	0	0	0	0	0	0	0	0	0	0	0	0	0	0	0	0	0	0	0	0	0	0	0	0	0	0	0	0	0	0	0	0	0	0	0	0	0	0	0	0	0	0	0	1	
	60025	1	7	하임증가반지_PC방전용(사용중)	158073	1	69DDA0	40027	159996	0	0	72008	39918	0	811	0	811	8	Q000	1	Null	0	0	1	271	1	0	0	0	0	0	0	0	1	167	255	0	0	0	0	0	0	0	0	0	0	0	0	0	0	0	0	0	0	0	0	0	0	0	0	0	0	0	0	0	1	1	1	1	1	1	1	1	21	0	0	0	0	0	0	0	0	0	0	0	0	0	0	0	0	0	0	0	0	1	44	5	20	0	0	0	0	0	0	0	0	0	0	0	0	0	0	0	0	0	0	0	0	0	1	1	0	0	0	0	0	0	0	0	0	0	0	0	0	0	0	0	0	0	0	0	0	0	0	0	0	0	0	0	0	0	0	0	0	0	0	0	0	0	0	0	0	0	0	0	0	0	0	1	
	60026	1	7	치타의반지_PC방전용(사용안함)	158101	1	69DDA0	40027	159050	0	0	72006	39918	0	811	0	811	8	Q000	1	Null	0	0	0	0	1	0	0	0	0	0	0	0	1	167	255	0	0	0	0	0	0	0	0	0	0	0	0	0	0	0	0	0	0	0	0	0	0	0	0	0	0	0	0	0	1	1	1	1	1	1	1	1	21	0	0	0	0	0	0	0	0	0	0	0	0	0	0	0	0	0	0	0	0	0	0	0	0	0	0	0	0	0	0	0	0	0	0	0	0	0	0	0	0	0	0	0	0	0	1	1	0	0	0	0	0	0	0	0	0	0	0	0	0	0	0	0	0	0	0	0	0	0	0	0	0	0	0	0	0	0	0	0	0	0	0	0	0	0	0	0	0	0	0	0	0	0	0	1	
	60027	1	7	체력증강의반지_PC방전용(사용안함)	158102	1	69DDA0	40027	159050	0	0	72009	39918	0	811	0	811	8	Q000	1	Null	0	0	0	0	1	0	0	0	0	0	0	0	1	167	255	0	0	0	0	0	0	0	0	0	0	0	0	0	0	0	0	0	0	0	0	0	0	0	0	0	0	0	0	0	1	1	1	1	1	1	1	1	21	0	0	0	0	0	0	0	0	0	0	0	0	0	0	0	0	0	0	0	0	0	0	0	0	0	0	0	0	0	0	0	0	0	0	0	0	0	0	0	0	0	0	0	0	0	1	1	0	0	0	0	0	0	0	0	0	0	0	0	0	0	0	0	0	0	0	0	0	0	0	0	0	0	0	0	0	0	0	0	0	0	0	0	0	0	0	0	0	0	0	0	0	0	0	1	
	60028	1	7	용자의반지_PC방전용(사용중)	158103	1	69DDA0	40027	159996	0	0	72002	39918	0	811	0	811	8	Q000	1	Null	0	0	1	271	1	0	0	0	0	0	0	0	1	167	255	0	0	0	0	0	0	0	0	0	0	0	0	0	0	0	0	0	0	0	0	0	0	0	0	0	0	0	0	0	1	1	1	1	1	1	1	1	21	0	0	0	0	0	0	0	0	0	0	0	0	0	0	0	0	0	0	0	0	1	23	1	20	1	24	1	20	0	0	0	0	0	0	0	0	0	0	0	0	0	0	0	0	0	1	1	0	0	0	0	0	0	0	0	0	0	0	0	0	0	0	0	0	0	0	0	0	0	0	0	0	0	0	0	0	0	0	0	0	0	0	0	0	0	0	0	0	0	0	0	0	0	0	1	
	60029	1	7	질풍의반지_PC방전용(사용안함)	158104	1	69DDA0	40027	159050	0	0	72003	39918	0	811	0	811	8	Q000	1	Null	0	0	0	0	1	0	0	0	0	0	0	0	1	167	255	0	0	0	0	0	0	0	0	0	0	0	0	0	0	0	0	0	0	0	0	0	0	0	0	0	0	0	0	0	1	1	1	1	1	1	1	1	21	0	0	0	0	0	0	0	0	0	0	0	0	0	0	0	0	0	0	0	0	0	0	0	0	0	0	0	0	0	0	0	0	0	0	0	0	0	0	0	0	0	0	0	0	0	1	1	0	0	0	0	0	0	0	0	0	0	0	0	0	0	0	0	0	0	0	0	0	0	0	0	0	0	0	0	0	0	0	0	0	0	0	0	0	0	0	0	0	0	0	0	0	0	0	1	
	60030	1	7	현자의반지_PC방전용(사용중)	158106	1	69DDA0	40027	159996	0	0	72004	39918	0	811	0	811	8	Q000	1	Null	0	0	1	271	1	0	0	0	0	0	0	0	1	167	255	0	0	0	0	0	0	0	0	0	0	0	0	0	0	0	0	0	0	0	0	0	0	0	0	0	0	0	0	0	1	1	1	1	1	1	1	1	21	0	0	0	0	0	0	0	0	0	0	0	0	0	0	0	0	0	0	0	0	1	25	1	20	1	27	1	20	0	0	0	0	0	0	0	0	0	0	0	0	0	0	0	0	0	1	1	0	0	0	0	0	0	0	0	0	0	0	0	0	0	0	0	0	0	0	0	0	0	0	0	0	0	0	0	0	0	0	0	0	0	0	0	0	0	0	0	0	0	0	0	0	0	0	1	
	60031	1	7	철인의반지_PC방전용(사용중)	158105	1	69DDA0	40027	159996	0	0	72005	39918	0	811	0	811	8	Q000	1	Null	0	0	1	271	1	0	0	0	0	0	0	0	1	167	255	0	0	0	0	0	0	0	0	0	0	0	0	0	0	0	0	0	0	0	0	0	0	0	0	0	0	0	0	0	1	1	1	1	1	1	1	1	21	0	0	0	0	0	0	0	0	0	0	0	0	0	0	0	0	0	0	0	0	1	26	1	20	1	28	1	1000	0	0	0	0	0	0	0	0	0	0	0	0	0	0	0	0	0	1	1	0	0	0	0	0	0	0	0	0	0	0	0	0	0	0	0	0	0	0	0	0	0	0	0	0	0	0	0	0	0	0	0	0	0	0	0	0	0	0	0	0	0	0	0	0	0	0	1	
	60032	1	7	수도승의반지_PC방전용(사용안함)	158107	1	69DDA0	40027	159050	0	0	72014	39918	0	811	0	811	8	Q000	1	Null	0	0	0	0	1	0	0	0	0	0	0	0	1	167	255	0	0	0	0	0	0	0	0	0	0	0	0	0	0	0	0	0	0	0	0	0	0	0	0	0	0	0	0	0	1	1	1	1	1	1	1	1	21	0	0	0	0	0	0	0	0	0	0	0	0	0	0	0	0	0	0	0	0	0	0	0	0	0	0	0	0	0	0	0	0	0	0	0	0	0	0	0	0	0	0	0	0	0	1	1	0	0	0	0	0	0	0	0	0	0	0	0	0	0	0	0	0	0	0	0	0	0	0	0	0	0	0	0	0	0	0	0	0	0	0	0	0	0	0	0	0	0	0	0	0	0	0	1	
	60033	1	2	투혼의반지	158099	1	69DDA0	40022	159094	0	0	72002	39918	0	811	0	811	8	Q000	1	Null	0	0	0	0	1	0	0	0	0	0	0	0	1	70	255	0	0	0	0	0	0	0	0	0	0	0	0	0	0	0	0	0	0	0	0	0	0	0	0	0	0	0	0	0	1	1	1	1	1	1	1	1	16	1	31	5	20	0	0	0	0	0	0	0	0	0	0	0	0	0	0	0	0	0	0	0	0	0	0	0	0	0	0	0	0	0	0	0	0	0	0	0	0	0	0	0	0	0	1	1	0	0	0	0	0	0	0	0	0	0	0	0	0	0	0	0	0	0	0	0	0	0	0	0	0	0	0	0	0	0	0	0	0	0	0	0	0	0	0	0	0	0	0	0	0	0	0	1	
//	60034	1	2	의지_북경올림픽전용	158197	1	69DDA0	40022	159197	0	0	90059	39918	0	811	0	811	8	Q000	1	Null	0	0	1	88	1	0	0	0	0	0	0	0	1	7	255	0	0	0	0	0	0	0	0	0	0	0	0	0	0	0	0	0	0	0	0	0	0	0	0	0	0	0	0	0	1	1	0	1	1	1	1	1	16	1	32	1	5	1	49	2	15	0	0	0	0	0	0	0	0	0	0	0	0	0	0	0	0	0	0	0	0	0	0	0	0	0	0	0	0	0	0	0	0	0	0	0	0	0	1	1	0	0	0	0	0	0	0	0	0	0	0	0	0	0	0	0	0	0	0	0	0	0	0	0	0	0	0	0	0	0	0	0	0	0	0	0	0	0	0	0	0	0	0	0	0	0	0	
//	60035	1	2	노력_북경올림픽전용	158198	1	69DDA0	40022	159198	0	0	90060	39918	0	811	0	811	8	Q000	1	Null	0	0	1	88	1	0	0	0	0	0	0	0	1	7	255	0	0	0	0	0	0	0	0	0	0	0	0	0	0	0	0	0	0	0	0	0	0	0	0	0	0	0	0	0	1	1	0	1	1	1	1	1	16	1	32	1	5	1	47	2	15	1	48	2	15	0	0	0	0	0	0	0	0	0	0	0	0	0	0	0	0	0	0	0	0	0	0	0	0	0	0	0	0	0	0	0	0	0	1	1	0	0	0	0	0	0	0	0	0	0	0	0	0	0	0	0	0	0	0	0	0	0	0	0	0	0	0	0	0	0	0	0	0	0	0	0	0	0	0	0	0	0	0	0	0	0	0	
//	60036	1	2	배려_북경올림픽전용	158199	1	69DDA0	40022	159199	0	0	90061	39918	0	811	0	811	8	Q000	1	Null	0	0	1	88	1	0	0	0	0	0	0	0	1	7	255	0	0	0	0	0	0	0	0	0	0	0	0	0	0	0	0	0	0	0	0	0	0	0	0	0	0	0	0	0	1	1	0	1	1	1	1	1	16	1	32	1	5	1	44	5	25	0	0	0	0	0	0	0	0	0	0	0	0	0	0	0	0	0	0	0	0	0	0	0	0	0	0	0	0	0	0	0	0	0	0	0	0	0	1	1	0	0	0	0	0	0	0	0	0	0	0	0	0	0	0	0	0	0	0	0	0	0	0	0	0	0	0	0	0	0	0	0	0	0	0	0	0	0	0	0	0	0	0	0	0	0	0	
//	60037	1	2	기여_북경올림픽전용	158200	1	69DDA0	40022	159200	0	0	90062	39918	0	811	0	811	8	Q000	1	Null	0	0	1	88	1	0	0	0	0	0	0	0	1	7	255	0	0	0	0	0	0	0	0	0	0	0	0	0	0	0	0	0	0	0	0	0	0	0	0	0	0	0	0	0	1	1	0	1	1	1	1	1	16	1	32	1	5	1	39	1	10	1	40	1	10	0	0	0	0	0	0	0	0	0	0	0	0	0	0	0	0	0	0	0	0	0	0	0	0	0	0	0	0	0	0	0	0	0	1	1	0	0	0	0	0	0	0	0	0	0	0	0	0	0	0	0	0	0	0	0	0	0	0	0	0	0	0	0	0	0	0	0	0	0	0	0	0	0	0	0	0	0	0	0	0	0	0	
//	60038	1	`	고무_북경올림픽전용	158201	1	69DDA0	40022	159201	0	0	90063	39918	0	811	0	811	8	Q000	1	Null	0	0	1	88	1	0	0	0	0	0	0	0	1	7	255	0	0	0	0	0	0	0	0	0	0	0	0	0	0	0	0	0	0	0	0	0	0	0	0	0	0	0	0	0	1	1	0	1	1	1	1	1	16	1	32	1	5	1	45	5	25	0	0	0	0	0	0	0	0	0	0	0	0	0	0	0	0	0	0	0	0	0	0	0	0	0	0	0	0	0	0	0	0	0	0	0	0	0	1	1	0	0	0	0	0	0	0	0	0	0	0	0	0	0	0	0	0	0	0	0	0	0	0	0	0	0	0	0	0	0	0	0	0	0	0	0	0	0	0	0	0	0	0	0	0	0	0	
	60039	1	2	[한정판]_해방군의의지	158120	1	69DDA0	40022	159120	0	0	72012	39918	0	811	0	811	8	Q000	1	Null	0	0	0	0	1	0	0	0	0	0	0	0	1	7	255	0	0	0	0	0	0	0	0	0	0	0	0	0	0	0	0	0	0	0	0	0	0	0	0	0	0	0	0	0	1	1	1	1	1	1	1	1	16	1	45	5	50	1	32	1	5	0	0	0	0	0	0	0	0	0	0	0	0	0	0	0	0	0	0	0	0	0	0	0	0	0	0	0	0	0	0	0	0	0	0	0	0	0	1	1	0	3	1	0	0	0	0	0	0	0	0	0	0	0	0	0	0	0	0	0	0	0	0	0	0	0	0	0	0	0	0	0	0	0	0	0	0	0	0	0	0	0	0	0	0	0	0	1	
	60040	1	2	신_에테르의_반지	158260	1	69DDA0	40022	159260	0	0	72010	39918	0	811	0	811	8	Q000	1	Null	0	0	0	0	1	0	0	0	0	0	0	0	1	7	255	0	0	0	0	0	0	0	0	0	0	0	0	0	0	0	0	0	0	0	0	0	0	0	0	0	0	0	0	0	1	1	1	1	1	1	1	1	16	1	29	2	20	1	40	1	5	1	32	1	3	0	0	0	0	0	0	0	0	1	29	2	10	1	40	1	5	0	0	0	0	0	0	0	0	0	0	0	0	0	0	0	0	0	1	1	0	0	0	0	0	0	0	0	0	0	0	0	0	0	0	0	0	0	0	0	0	0	0	0	0	0	0	0	0	0	0	0	0	0	0	0	0	0	0	0	0	0	0	0	0	0	0	1	
	60082	1	2	신성역의반지	158079	1	69DDA0	40022	159090	0	0	72002	39918	0	811	0	811	8	Q000	1	Null	0	0	0	0	1	0	0	0	0	0	0	0	1	70	255	0	0	0	0	0	0	0	0	0	0	0	0	0	0	0	0	0	0	0	0	0	0	0	0	0	0	0	0	0	1	1	1	1	1	1	1	1	16	1	49	2	30	1	28	1	200	1	32	1	3	0	0	0	0	0	0	0	0	0	0	0	0	0	0	0	0	0	0	0	0	0	0	0	0	0	0	0	0	0	0	0	0	0	1	1	0	0	0	0	0	0	0	0	0	0	0	0	0	0	0	0	0	0	0	0	0	0	0	0	0	0	0	0	0	0	0	0	0	0	0	0	0	0	0	0	0	0	0	0	0	0	0	1	
	60083	1	2	신군신의반지	158077	1	69DDA0	40022	159088	0	0	72001	39918	0	811	0	811	8	Q000	1	Null	0	0	0	0	1	0	0	0	0	0	0	0	1	70	255	0	0	0	0	0	0	0	0	0	0	0	0	0	0	0	0	0	0	0	0	0	0	0	0	0	0	0	0	0	1	1	1	1	1	1	1	1	16	1	47	2	30	1	35	2	30	1	1	1	3	1	32	1	3	0	0	0	0	0	0	0	0	0	0	0	0	0	0	0	0	0	0	0	0	0	0	0	0	0	0	0	0	0	1	1	0	0	0	0	0	0	0	0	0	0	0	0	0	0	0	0	0	0	0	0	0	0	0	0	0	0	0	0	0	0	0	0	0	0	0	0	0	0	0	0	0	0	0	0	0	0	0	1	
	60084	1	2	신투혼의반지	158413	1	69DDA0	40022	159094	0	0	72002	39918	0	811	0	811	8	Q000	1	Null	0	0	0	0	1	0	0	0	0	0	0	0	1	70	255	0	0	0	0	0	0	0	0	0	0	0	0	0	0	0	0	0	0	0	0	0	0	0	0	0	0	0	0	0	1	1	1	1	1	1	1	1	16	1	31	5	30	1	29	1	100	1	32	1	3	0	0	0	0	0	0	0	0	0	0	0	0	0	0	0	0	0	0	0	0	0	0	0	0	0	0	0	0	0	0	0	0	0	1	1	0	0	0	0	0	0	0	0	0	0	0	0	0	0	0	0	0	0	0	0	0	0	0	0	0	0	0	0	0	0	0	0	0	0	0	0	0	0	0	0	0	0	0	0	0	0	0	1	
	60085	1	2	신해방군의의지	158420	1	69DDA0	40022	159420	0	0	72012	39918	0	811	0	811	8	Q000	1	Null	0	0	0	0	1	0	0	0	0	0	0	0	1	70	255	0	0	0	0	0	0	0	0	0	0	0	0	0	0	0	0	0	0	0	0	0	0	0	0	0	0	0	0	0	1	1	1	1	1	1	1	1	16	1	45	5	50	1	32	1	3	0	0	0	0	0	0	0	0	0	0	0	0	0	0	0	0	0	0	0	0	0	0	0	0	0	0	0	0	0	0	0	0	0	0	0	0	0	1	1	0	3	1	0	0	0	0	0	0	0	0	0	0	0	0	0	0	0	0	0	0	0	0	0	0	0	0	0	0	0	0	0	0	0	0	0	0	0	0	0	0	0	0	0	0	0	0	1	
	60086	1	2	신에테르의반지	158421	1	69DDA0	40022	159421	0	0	72010	39918	0	811	0	811	8	Q000	1	Null	0	0	0	0	1	0	0	0	0	0	0	0	1	70	255	0	0	0	0	0	0	0	0	0	0	0	0	0	0	0	0	0	0	0	0	0	0	0	0	0	0	0	0	0	1	1	1	1	1	1	1	1	16	1	29	2	40	1	40	1	20	1	32	1	3	0	0	0	0	0	0	0	0	0	0	0	0	0	0	0	0	0	0	0	0	0	0	0	0	0	0	0	0	0	0	0	0	0	1	1	0	0	0	0	0	0	0	0	0	0	0	0	0	0	0	0	0	0	0	0	0	0	0	0	0	0	0	0	0	0	0	0	0	0	0	0	0	0	0	0	0	0	0	0	0	0	0	1	
	60087	1	7	초월의반지_PC방전용(사용중)	158422	1	69DDA0	40027	159996	0	0	72011	39918	0	811	0	811	8	Q000	1	Null	0	0	1	271	1	0	0	0	0	0	0	0	1	167	255	0	0	0	0	0	0	0	0	0	0	0	0	0	0	0	0	0	0	0	0	0	0	0	0	0	0	0	0	0	1	1	1	1	1	1	1	1	21	0	0	0	0	0	0	0	0	0	0	0	0	0	0	0	0	0	0	0	0	1	54	1	2	0	0	0	0	0	0	0	0	0	0	0	0	0	0	0	0	0	0	0	0	0	1	1	0	0	0	0	0	0	0	0	0	0	0	0	0	0	0	0	0	0	0	0	0	0	0	0	0	0	0	0	0	0	0	0	0	0	0	0	0	0	0	0	0	0	0	0	0	0	0	1	
	60088	1	7	영웅의반지_PC방전용(사용중)	158423	1	69DDA0	40027	159996	0	0	72007	39918	0	811	0	811	8	Q000	1	Null	0	0	1	271	1	0	0	0	0	0	0	0	1	167	255	0	0	0	0	0	0	0	0	0	0	0	0	0	0	0	0	0	0	0	0	0	0	0	0	0	0	0	0	0	1	1	1	1	1	1	1	1	21	0	0	0	0	0	0	0	0	0	0	0	0	0	0	0	0	0	0	0	0	1	32	1	10	1	14	1	5	0	0	0	0	0	0	0	0	0	0	0	0	0	0	0	0	0	1	1	0	0	0	0	0	0	0	0	0	0	0	0	0	0	0	0	0	0	0	0	0	0	0	0	0	0	0	0	0	0	0	0	0	0	0	0	0	0	0	0	0	0	0	0	0	0	0	1	
	60089	1	7	축복의성수_PC방전용(사용중)	158424	1	69DDA0	40027	159996	0	0	73008	39918	0	811	0	811	8	Q000	1	Null	0	0	1	271	1	0	0	0	0	0	0	0	1	167	255	0	0	0	0	0	0	0	0	0	0	0	0	0	0	0	0	0	0	0	0	0	0	0	0	0	0	0	0	0	1	1	1	1	1	1	1	1	21	0	0	0	0	0	0	0	0	0	0	0	0	0	0	0	0	0	0	0	0	1	55	1	3	0	0	0	0	0	0	0	0	0	0	0	0	0	0	0	0	0	0	0	0	0	1	1	0	0	0	0	0	0	0	0	0	0	0	0	0	0	0	0	0	0	0	0	0	0	0	0	0	0	0	0	0	0	0	0	0	0	0	0	0	0	0	0	0	0	0	0	0	0	0	1	
	60090	1	2	해방군의주술서	158535	1	69DDA0	40022	159535	0	0	73549	39918	0	20051	0	811	8	Q000	1	Null	0	0	0	0	1	0	0	0	0	0	0	0	1	70	255	0	0	0	0	0	0	0	0	0	0	0	0	0	0	0	0	0	0	0	0	0	0	0	0	0	0	0	0	0	1	1	1	1	1	1	1	1	16	1	0	0	0	0	0	0	0	0	0	0	0	0	0	0	0	0	0	0	0	0	0	0	0	0	0	0	0	0	0	0	0	0	0	0	0	0	0	0	0	0	0	0	0	0	1	0	0	0	0	0	0	0	0	0	0	0	0	0	0	0	0	0	0	0	0	0	0	0	0	0	0	0	0	0	0	0	0	0	0	0	0	0	0	0	0	0	0	0	0	0	0	0	0	1	
	60091	1	3	절명의반지	158547	1	69DDA0	40022	159034	0	0	72007	39918	0	811	0	811	8	Q000	1	Null	0	0	0	0	1	0	0	0	0	0	0	0	1	70	255	0	0	0	0	0	0	0	0	0	0	0	0	0	0	0	0	0	0	0	0	0	0	0	0	0	0	0	0	0	1	1	1	1	1	1	1	1	16	1	42	1	200	0	0	0	0	0	0	0	0	0	0	0	0	0	0	0	0	1	42	1	100	0	0	0	0	0	0	0	0	0	0	0	0	0	0	0	0	0	0	0	0	0	1	2	0	0	0	0	0	0	0	0	0	0	0	0	0	0	0	0	0	0	0	0	0	0	0	0	0	0	0	0	0	0	0	0	0	0	0	0	0	0	0	0	0	0	0	0	0	0	0	1	
	60092	1	2	크리스탈펠레스(PC방효과아이템)_거래불가_정액제	45801	1	69DDA0	40027	46801	0	0	73559	39918	0	20065	0	911	0	Null	0	Null	0	0	0	0	1	0	0	0	0	0	0	0	4	7	255	0	0	0	0	0	0	0	0	0	0	0	0	0	0	0	0	0	0	0	0	0	0	0	0	0	0	0	0	0	1	1	1	1	1	1	1	1	99	1	97	1	1	0	0	0	0	0	0	0	0	0	0	0	0	0	0	0	0	0	0	0	0	0	0	0	0	0	0	0	0	0	0	0	0	0	0	0	0	0	0	0	0	0	1	0	0	0	0	0	0	0	0	0	0	0	0	0	0	0	0	0	0	0	0	0	0	0	0	0	0	0	0	0	0	0	0	0	0	0	0	0	0	0	0	0	0	0	0	0	0	0	0	1	
	60093	1	0	조화와균형의반지_영구	158678	1	69DDA0	40022	159875	0	0	72023	39918	0	811	0	811	8	Q000	1	Null	0	0	1	222	1	0	0	0	0	0	0	0	1	279	255	0	0	0	0	0	0	0	0	0	0	0	0	0	0	0	0	0	0	0	0	0	0	0	0	0	0	0	0	0	1	1	1	1	1	1	1	1	16	1	45	5	40	0	0	0	0	0	0	0	0	0	0	0	0	0	0	0	0	0	0	0	0	0	0	0	0	0	0	0	0	0	0	0	0	0	0	0	0	0	0	0	0	0	1	1	0	0	0	0	0	0	0	0	0	0	0	0	0	0	0	0	0	0	0	0	0	0	0	0	0	0	0	0	0	0	0	0	0	0	0	0	0	0	0	0	0	0	0	0	0	0	0	1	
	60094	1	0	빛의열쇠_저주받은탑_캐시	155640	1	69DDA0	9466	155648	0	0	73572	39919	0	995	0	911	0	Null	0	Null	0	0	0	0	1	0	0	0	0	0	0	0	0	6	255	0	0	0	0	0	0	0	0	0	0	0	0	0	0	0	0	0	0	0	0	0	0	0	0	0	0	0	0	0	0	0	0	0	0	0	0	0	99	0	0	0	0	0	0	0	0	0	0	0	0	0	0	0	0	0	0	0	0	0	0	0	0	0	0	0	0	0	0	0	0	0	0	0	0	0	0	0	0	0	0	0	0	0	255	0	0	0	0	0	0	0	0	0	0	0	0	0	0	68	0	0	0	0	0	0	0	0	0	0	0	0	0	0	0	0	0	0	0	0	0	0	0	0	0	0	0	0	0	0	0	0	0	0	
	60095	1	0	빛의열쇠_저주받은탑_캐시_보상지급용(거래불가)	155680	1	69DDA0	9466	155648	0	0	73572	39919	0	995	0	911	0	Null	0	Null	0	0	0	0	1	0	0	0	0	0	0	0	0	263	255	0	0	0	0	0	0	0	0	0	0	0	0	0	0	0	0	0	0	0	0	0	0	0	0	0	0	0	0	0	0	0	0	0	0	0	0	0	99	0	0	0	0	0	0	0	0	0	0	0	0	0	0	0	0	0	0	0	0	0	0	0	0	0	0	0	0	0	0	0	0	0	0	0	0	0	0	0	0	0	0	0	0	0	255	0	0	0	0	0	0	0	0	0	0	0	0	0	0	68	0	0	0	0	0	0	0	0	0	0	0	0	0	0	0	0	0	0	0	0	0	0	0	0	0	0	0	0	0	0	0	0	0	0	
	60200	1	2	맹공의반지_LE(구_군신)	158486	1	69DDA0	40022	159040	0	0	72001	39918	0	811	0	811	8	Q000	1	Null	0	0	0	0	1	0	0	0	0	0	0	0	1	86	255	0	0	0	0	0	0	0	0	0	0	0	0	0	0	0	0	0	0	0	0	0	0	0	0	0	0	0	0	0	1	1	1	1	1	1	1	1	16	1	47	2	10	1	35	2	10	0	0	0	0	0	0	0	0	0	0	0	0	1	47	2	10	1	35	2	10	0	0	0	0	0	0	0	0	0	0	0	0	0	0	0	0	0	1	2	0	1	2	0	0	0	0	0	0	0	0	0	0	0	0	0	0	0	0	0	0	0	0	0	0	0	0	0	0	0	0	0	0	0	0	0	0	0	0	0	0	0	0	0	0	0	0	1	
	60213	1	2	맹공의반지_2_LE(구_군신2)	158060	1	69DDA0	40022	159060	0	0	72001	39918	0	811	0	811	8	Q000	1	Null	0	0	0	0	1	0	0	0	0	0	0	0	1	86	255	0	0	0	0	0	0	0	0	0	0	0	0	0	0	0	0	0	0	0	0	0	0	0	0	0	0	0	0	0	1	1	1	1	1	1	1	1	16	1	47	2	20	1	35	2	20	0	0	0	0	0	0	0	0	0	0	0	0	1	47	2	10	1	35	2	10	0	0	0	0	0	0	0	0	0	0	0	0	0	0	0	0	0	1	1	0	0	0	0	0	0	0	0	0	0	0	0	0	0	0	0	0	0	0	0	0	0	0	0	0	0	0	0	0	0	0	0	0	0	0	0	0	0	0	0	0	0	0	0	0	0	0	1	
	60201	1	2	수호의반지_1_LE(구_성역)	158487	1	69DDA0	40022	159039	0	0	72002	39918	0	811	0	811	8	Q000	1	Null	0	0	0	0	1	0	0	0	0	0	0	0	1	86	255	0	0	0	0	0	0	0	0	0	0	0	0	0	0	0	0	0	0	0	0	0	0	0	0	0	0	0	0	0	1	1	1	1	1	1	1	1	16	1	49	2	10	0	0	0	0	0	0	0	0	0	0	0	0	0	0	0	0	1	49	2	10	0	0	0	0	0	0	0	0	0	0	0	0	0	0	0	0	0	0	0	0	0	1	2	0	2	2	0	0	0	0	0	0	0	0	0	0	0	0	0	0	0	0	0	0	0	0	0	0	0	0	0	0	0	0	0	0	0	0	0	0	0	0	0	0	0	0	0	0	0	0	1	
	60202	1	2	수호의반지_2_LE(구_성역2)	158038	1	69DDA0	40022	159038	0	0	72003	39918	0	811	0	811	8	Q000	1	Null	0	0	0	0	1	0	0	0	0	0	0	0	1	86	255	0	0	0	0	0	0	0	0	0	0	0	0	0	0	0	0	0	0	0	0	0	0	0	0	0	0	0	0	0	1	1	1	1	1	1	1	1	16	1	49	2	15	0	0	0	0	0	0	0	0	0	0	0	0	0	0	0	0	1	49	2	10	0	0	0	0	0	0	0	0	0	0	0	0	0	0	0	0	0	0	0	0	0	1	1	0	0	0	0	0	0	0	0	0	0	0	0	0	0	0	0	0	0	0	0	0	0	0	0	0	0	0	0	0	0	0	0	0	0	0	0	0	0	0	0	0	0	0	0	0	0	0	1	
	60203	1	2	수호의반지_3_LE(구_성역3)	158037	1	69DDA0	40022	159037	0	0	72004	39918	0	811	0	811	8	Q000	1	Null	0	0	0	0	1	0	0	0	0	0	0	0	1	86	255	0	0	0	0	0	0	0	0	0	0	0	0	0	0	0	0	0	0	0	0	0	0	0	0	0	0	0	0	0	1	1	1	1	1	1	1	1	16	1	49	2	20	0	0	0	0	0	0	0	0	0	0	0	0	0	0	0	0	1	49	2	2	1	50	2	8	0	0	0	0	0	0	0	0	0	0	0	0	0	0	0	0	0	1	2	0	0	0	0	0	0	0	0	0	0	0	0	0	0	0	0	0	0	0	0	0	0	0	0	0	0	0	0	0	0	0	0	0	0	0	0	0	0	0	0	0	0	0	0	0	0	0	1	
	60204	1	2	수호의반지_4_LE(구_성역4)	158036	1	69DDA0	40022	159036	0	0	72005	39918	0	811	0	811	8	Q000	1	Null	0	0	0	0	1	0	0	0	0	0	0	0	1	86	255	0	0	0	0	0	0	0	0	0	0	0	0	0	0	0	0	0	0	0	0	0	0	0	0	0	0	0	0	0	1	1	1	1	1	1	1	1	16	1	49	2	25	0	0	0	0	0	0	0	0	0	0	0	0	0	0	0	0	1	50	2	10	0	0	0	0	0	0	0	0	0	0	0	0	0	0	0	0	0	0	0	0	0	1	2	0	0	0	0	0	0	0	0	0	0	0	0	0	0	0	0	0	0	0	0	0	0	0	0	0	0	0	0	0	0	0	0	0	0	0	0	0	0	0	0	0	0	0	0	0	0	0	1	
	60205	1	2	폭풍의반지_LE	158035	1	69DDA0	40022	159874	0	0	72006	39918	0	811	0	811	8	Q000	1	Null	0	0	1	222	1	0	0	0	0	0	0	0	1	86	255	0	0	0	0	0	0	0	0	0	0	0	0	0	0	0	0	0	0	0	0	0	0	0	0	0	0	0	0	0	1	1	1	1	1	1	1	1	16	1	1	2	10	0	0	0	0	0	0	0	0	0	0	0	0	0	0	0	0	1	1	2	10	0	0	0	0	0	0	0	0	0	0	0	0	0	0	0	0	0	0	0	0	0	1	1	0	0	0	0	0	0	0	0	0	0	0	0	0	0	0	0	0	0	0	0	0	0	0	0	0	0	0	0	0	0	0	0	0	0	0	0	0	0	0	0	0	0	0	0	0	0	0	1	
	60206	1	2	절명의반지_LE	158547	1	69DDA0	40022	159034	0	0	72007	39918	0	811	0	811	8	Q000	1	Null	0	0	0	0	1	0	0	0	0	0	0	0	1	86	255	0	0	0	0	0	0	0	0	0	0	0	0	0	0	0	0	0	0	0	0	0	0	0	0	0	0	0	0	0	1	1	1	1	1	1	1	1	16	1	42	1	200	0	0	0	0	0	0	0	0	0	0	0	0	0	0	0	0	1	42	1	100	0	0	0	0	0	0	0	0	0	0	0	0	0	0	0	0	0	0	0	0	0	1	2	0	0	0	0	0	0	0	0	0	0	0	0	0	0	0	0	0	0	0	0	0	0	0	0	0	0	0	0	0	0	0	0	0	0	0	0	0	0	0	0	0	0	0	0	0	0	0	1	
	60207	1	1	[한정판]_집중의부적(인벤토리적용)_LE	158087	1	69DDA0	40022	159087	0	0	73528	39918	0	811	0	811	0	Null	0	Null	0	0	0	0	1	0	0	0	0	0	0	0	0	7	255	0	0	0	0	0	0	0	0	0	0	0	0	0	0	0	0	0	0	0	0	0	0	0	0	0	0	0	0	0	1	1	1	1	1	1	1	1	16	2	46	5	35	0	0	0	0	0	0	0	0	0	0	0	0	0	0	0	0	2	46	1	5	0	0	0	0	0	0	0	0	0	0	0	0	0	0	0	0	0	0	0	0	0	1	1	1	0	0	0	0	0	0	0	0	0	0	0	0	0	0	0	0	0	0	0	0	0	0	0	0	0	0	0	0	0	0	0	0	0	0	0	0	0	0	0	0	0	0	0	0	0	0	1	
	60208	1	2	혈신의반지_LE	158031	1	69DDA0	40022	159031	0	0	72009	39918	0	811	0	811	8	Q000	1	Null	0	0	0	0	1	0	0	0	0	0	0	0	1	70	255	0	0	0	0	0	0	0	0	0	0	0	0	0	0	0	0	0	0	0	0	0	0	0	0	0	0	0	0	0	1	1	1	1	1	1	1	1	16	1	28	2	20	1	39	2	20	0	0	0	0	0	0	0	0	0	0	0	0	1	28	2	10	1	39	2	10	0	0	0	0	0	0	0	0	0	0	0	0	0	0	0	0	0	1	1	0	0	0	0	0	0	0	0	0	0	0	0	0	0	0	0	0	0	0	0	0	0	0	0	0	0	0	0	0	0	0	0	0	0	0	0	0	0	0	0	0	0	0	0	0	0	0	1	
	60209	1	2	에테르의반지_LE	158030	1	69DDA0	40022	159030	0	0	72010	39918	0	811	0	811	8	Q000	1	Null	0	0	0	0	1	0	0	0	0	0	0	0	1	70	255	0	0	0	0	0	0	0	0	0	0	0	0	0	0	0	0	0	0	0	0	0	0	0	0	0	0	0	0	0	1	1	1	1	1	1	1	1	16	1	29	2	20	1	40	1	5	0	0	0	0	0	0	0	0	0	0	0	0	1	29	2	10	1	40	1	5	0	0	0	0	0	0	0	0	0	0	0	0	0	0	0	0	0	1	1	0	0	0	0	0	0	0	0	0	0	0	0	0	0	0	0	0	0	0	0	0	0	0	0	0	0	0	0	0	0	0	0	0	0	0	0	0	0	0	0	0	0	0	0	0	0	0	1	
	60210	1	2	패기의반지_LE	158029	1	69DDA0	40022	159029	0	0	72011	39918	0	811	0	811	8	Q000	1	Null	0	0	0	0	1	0	0	0	0	0	0	0	1	70	255	0	0	0	0	0	0	0	0	0	0	0	0	0	0	0	0	0	0	0	0	0	0	0	0	0	0	0	0	0	1	1	1	0	0	0	0	0	16	1	37	1	50	1	38	1	30	0	0	0	0	0	0	0	0	0	0	0	0	1	37	1	10	1	38	1	5	0	0	0	0	0	0	0	0	0	0	0	0	0	0	0	0	0	1	1	0	0	0	0	0	0	0	0	0	0	0	0	0	0	0	0	0	0	0	0	0	0	0	0	0	0	0	0	0	0	0	0	0	0	0	0	0	0	0	0	0	0	0	0	0	0	0	0	
	60214	1	2	패기의반지_2_LE	158061	1	69DDA0	40022	159029	0	0	72011	39918	0	811	0	811	8	Q000	1	Null	0	0	0	0	1	0	0	0	0	0	0	0	1	70	255	0	0	0	0	0	0	0	0	0	0	0	0	0	0	0	0	0	0	0	0	0	0	0	0	0	0	0	0	0	1	1	1	0	0	0	0	0	16	1	37	1	80	1	38	1	50	0	0	0	0	0	0	0	0	0	0	0	0	1	37	1	10	1	38	1	5	0	0	0	0	0	0	0	0	0	0	0	0	0	0	0	0	0	1	1	0	0	0	0	0	0	0	0	0	0	0	0	0	0	0	0	0	0	0	0	0	0	0	0	0	0	0	0	0	0	0	0	0	0	0	0	0	0	0	0	0	0	0	0	0	0	0	0	
	60211	1	2	해방군의의지_LE	158033	1	69DDA0	40022	159033	0	0	72012	39918	0	811	0	811	8	Q000	1	Null	0	0	0	0	1	0	0	0	0	0	0	0	1	70	255	0	0	0	0	0	0	0	0	0	0	0	0	0	0	0	0	0	0	0	0	0	0	0	0	0	0	0	0	0	1	1	1	1	1	1	1	1	16	1	45	5	30	0	0	0	0	0	0	0	0	0	0	0	0	0	0	0	0	1	45	1	10	0	0	0	0	0	0	0	0	0	0	0	0	0	0	0	0	0	0	0	0	0	1	1	0	3	1	0	0	0	0	0	0	0	0	0	0	0	0	0	0	0	0	0	0	0	0	0	0	0	0	0	0	0	0	0	0	0	0	0	0	0	0	0	0	0	0	0	0	0	0	1	
	60212	1	2	해방군의의지_2_LE	158059	1	69DDA0	40022	159059	0	0	72012	39918	0	811	0	811	8	Q000	1	Null	0	0	0	0	1	0	0	0	0	0	0	0	1	70	255	0	0	0	0	0	0	0	0	0	0	0	0	0	0	0	0	0	0	0	0	0	0	0	0	0	0	0	0	0	1	1	1	1	1	1	1	1	16	1	45	5	50	0	0	0	0	0	0	0	0	0	0	0	0	0	0	0	0	1	45	1	10	0	0	0	0	0	0	0	0	0	0	0	0	0	0	0	0	0	0	0	0	0	1	1	0	3	1	0	0	0	0	0	0	0	0	0	0	0	0	0	0	0	0	0	0	0	0	0	0	0	0	0	0	0	0	0	0	0	0	0	0	0	0	0	0	0	0	0	0	0	0	1	
	60215	1	2	하임증가의반지_LE	158073	1	69DDA0	40022	159073	0	0	72008	39918	0	811	0	811	8	Q000	1	Null	0	0	0	0	1	0	0	0	0	0	0	0	1	70	255	0	0	0	0	0	0	0	0	0	0	0	0	0	0	0	0	0	0	0	0	0	0	0	0	0	0	0	0	0	1	1	1	1	1	1	1	1	16	1	44	5	10	0	0	0	0	0	0	0	0	0	0	0	0	0	0	0	0	0	0	0	0	0	0	0	0	0	0	0	0	0	0	0	0	0	0	0	0	0	0	0	0	0	1	1	0	0	0	0	0	0	0	0	0	0	0	0	0	0	0	0	0	0	0	0	0	0	0	0	0	0	0	0	0	0	0	0	0	0	0	0	0	0	0	0	0	0	0	0	0	0	0	1	
	60216	1	2	성역의반지_1_체험용_LE	158084	1	69DDA0	40022	159039	0	0	72002	39918	0	811	0	811	8	Q000	1	Null	0	0	0	0	1	0	0	0	0	0	0	0	1	39	255	0	0	0	0	0	0	0	0	0	0	0	0	0	0	0	0	0	0	0	0	0	0	0	0	0	0	0	0	0	1	1	1	1	1	1	1	1	16	1	49	2	15	0	0	0	0	0	0	0	0	0	0	0	0	0	0	0	0	1	49	2	5	0	0	0	0	0	0	0	0	0	0	0	0	0	0	0	0	0	0	0	0	0	1	2	0	2	2	0	0	0	0	0	0	0	0	0	0	0	0	0	0	0	0	0	0	0	0	0	0	0	0	0	0	0	0	0	0	0	0	0	0	0	0	0	0	0	0	0	0	0	0	1	
	60217	1	2	[한정판]_군신의반지_LE	158088	1	69DDA0	40022	159088	0	0	72001	39918	0	811	0	811	8	Q000	1	Null	0	0	0	0	1	0	0	0	0	0	0	0	1	70	255	0	0	0	0	0	0	0	0	0	0	0	0	0	0	0	0	0	0	0	0	0	0	0	0	0	0	0	0	0	1	1	1	1	1	1	1	1	16	1	47	2	10	1	35	2	10	1	32	1	3	0	0	0	0	0	0	0	0	1	47	2	10	1	35	2	10	1	32	1	2	0	0	0	0	0	0	0	0	0	0	0	0	0	1	1	0	0	0	0	0	0	0	0	0	0	0	0	0	0	0	0	0	0	0	0	0	0	0	0	0	0	0	0	0	0	0	0	0	0	0	0	0	0	0	0	0	0	0	0	0	0	0	1	
	60218	1	2	[한정판]_패기의반지_LE	158089	1	69DDA0	40022	159089	0	0	72011	39918	0	811	0	811	8	Q000	1	Null	0	0	0	0	1	0	0	0	0	0	0	0	1	70	255	0	0	0	0	0	0	0	0	0	0	0	0	0	0	0	0	0	0	0	0	0	0	0	0	0	0	0	0	0	1	1	1	1	1	1	1	1	16	1	37	1	50	1	38	1	30	1	32	1	3	0	0	0	0	0	0	0	0	1	37	1	25	1	38	1	15	1	32	1	2	0	0	0	0	0	0	0	0	0	0	0	0	0	1	1	0	0	0	0	0	0	0	0	0	0	0	0	0	0	0	0	0	0	0	0	0	0	0	0	0	0	0	0	0	0	0	0	0	0	0	0	0	0	0	0	0	0	0	0	0	0	0	1	
	60219	1	2	[한정판]_성역의반지_LE	158090	1	69DDA0	40022	159090	0	0	72002	39918	0	811	0	811	8	Q000	1	Null	0	0	0	0	1	0	0	0	0	0	0	0	1	70	255	0	0	0	0	0	0	0	0	0	0	0	0	0	0	0	0	0	0	0	0	0	0	0	0	0	0	0	0	0	1	1	1	1	1	1	1	1	16	1	49	2	10	0	0	0	0	1	32	1	3	0	0	0	0	0	0	0	0	1	49	2	10	0	0	0	0	1	32	1	2	0	0	0	0	0	0	0	0	0	0	0	0	0	1	1	0	0	0	0	0	0	0	0	0	0	0	0	0	0	0	0	0	0	0	0	0	0	0	0	0	0	0	0	0	0	0	0	0	0	0	0	0	0	0	0	0	0	0	0	0	0	0	1	
	60220	1	2	[한정판]_에테르의반지_LE	158091	1	69DDA0	40022	159091	0	0	72010	39918	0	811	0	811	8	Q000	1	Null	0	0	0	0	1	0	0	0	0	0	0	0	1	70	255	0	0	0	0	0	0	0	0	0	0	0	0	0	0	0	0	0	0	0	0	0	0	0	0	0	0	0	0	0	1	1	1	1	1	1	1	1	16	1	29	2	20	1	40	1	5	1	32	1	3	0	0	0	0	0	0	0	0	1	29	2	10	1	40	1	2	1	32	1	2	0	0	0	0	0	0	0	0	0	0	0	0	0	1	1	0	0	0	0	0	0	0	0	0	0	0	0	0	0	0	0	0	0	0	0	0	0	0	0	0	0	0	0	0	0	0	0	0	0	0	0	0	0	0	0	0	0	0	0	0	0	0	1	
	60221	1	2	[한정판]_혈신의반지_LE	158092	1	69DDA0	40022	159092	0	0	72009	39918	0	811	0	811	8	Q000	1	Null	0	0	0	0	1	0	0	0	0	0	0	0	1	70	255	0	0	0	0	0	0	0	0	0	0	0	0	0	0	0	0	0	0	0	0	0	0	0	0	0	0	0	0	0	1	1	1	1	1	1	1	1	16	1	28	2	20	1	39	2	20	1	32	1	3	0	0	0	0	0	0	0	0	1	28	2	10	1	39	2	10	1	32	1	2	0	0	0	0	0	0	0	0	0	0	0	0	0	1	1	0	0	0	0	0	0	0	0	0	0	0	0	0	0	0	0	0	0	0	0	0	0	0	0	0	0	0	0	0	0	0	0	0	0	0	0	0	0	0	0	0	0	0	0	0	0	0	1	
	60222	1	2	[한정판]_폭풍의반지_LE	158093	1	69DDA0	40022	159093	0	0	72006	39918	0	811	0	811	8	Q000	1	Null	0	0	0	0	1	0	0	0	0	0	0	0	1	70	255	0	0	0	0	0	0	0	0	0	0	0	0	0	0	0	0	0	0	0	0	0	0	0	0	0	0	0	0	0	1	1	1	1	1	1	1	1	16	1	1	2	5	0	0	0	0	1	32	1	3	0	0	0	0	0	0	0	0	1	1	2	5	0	0	0	0	1	32	1	2	0	0	0	0	0	0	0	0	0	0	0	0	0	1	1	0	0	0	0	0	0	0	0	0	0	0	0	0	0	0	0	0	0	0	0	0	0	0	0	0	0	0	0	0	0	0	0	0	0	0	0	0	0	0	0	0	0	0	0	0	0	0	1	
	60223	1	2	[한정판]_스킬데미지증가의반지_LE	158094	1	69DDA0	40022	159094	0	0	72008	39918	0	811	0	811	8	Q000	1	Null	0	0	0	0	1	0	0	0	0	0	0	0	1	70	255	0	0	0	0	0	0	0	0	0	0	0	0	0	0	0	0	0	0	0	0	0	0	0	0	0	0	0	0	0	1	1	1	1	1	1	1	1	16	1	31	5	10	1	32	1	3	0	0	0	0	0	0	0	0	0	0	0	0	1	31	1	10	1	32	1	2	0	0	0	0	0	0	0	0	0	0	0	0	0	0	0	0	0	1	1	0	0	0	0	0	0	0	0	0	0	0	0	0	0	0	0	0	0	0	0	0	0	0	0	0	0	0	0	0	0	0	0	0	0	0	0	0	0	0	0	0	0	0	0	0	0	0	1	
	60224	1	2	치타의반지_LE	158101	1	69DDA0	40022	159101	0	0	72006	39918	0	811	0	811	8	Q000	1	Null	0	0	0	0	1	0	0	0	0	0	0	0	1	70	255	0	0	0	0	0	0	0	0	0	0	0	0	0	0	0	0	0	0	0	0	0	0	0	0	0	0	0	0	0	1	1	1	1	1	1	1	1	16	1	14	1	5	0	0	0	0	0	0	0	0	0	0	0	0	0	0	0	0	1	14	2	10	0	0	0	0	0	0	0	0	0	0	0	0	0	0	0	0	0	0	0	0	0	1	1	0	0	0	0	0	0	0	0	0	0	0	0	0	0	0	0	0	0	0	0	0	0	0	0	0	0	0	0	0	0	0	0	0	0	0	0	0	0	0	0	0	0	0	0	0	0	0	1	
	60225	1	7	하임증가반지_PC방전용_LE	158073	1	69DDA0	40027	159073	0	0	72008	39918	0	811	0	811	8	Q000	1	Null	0	0	0	0	1	0	0	0	0	0	0	0	1	167	255	0	0	0	0	0	0	0	0	0	0	0	0	0	0	0	0	0	0	0	0	0	0	0	0	0	0	0	0	0	1	1	1	1	1	1	1	1	21	0	0	0	0	0	0	0	0	0	0	0	0	0	0	0	0	0	0	0	0	1	44	5	20	0	0	0	0	0	0	0	0	0	0	0	0	0	0	0	0	0	0	0	0	0	1	1	0	0	0	0	0	0	0	0	0	0	0	0	0	0	0	0	0	0	0	0	0	0	0	0	0	0	0	0	0	0	0	0	0	0	0	0	0	0	0	0	0	0	0	0	0	0	0	1	
	60226	1	7	치타의반지_PC방전용_LE	158101	1	69DDA0	40027	159101	0	0	72006	39918	0	811	0	811	8	Q000	1	Null	0	0	0	0	1	0	0	0	0	0	0	0	1	167	255	0	0	0	0	0	0	0	0	0	0	0	0	0	0	0	0	0	0	0	0	0	0	0	0	0	0	0	0	0	1	1	1	1	1	1	1	1	21	0	0	0	0	0	0	0	0	0	0	0	0	0	0	0	0	0	0	0	0	1	14	1	5	0	0	0	0	0	0	0	0	0	0	0	0	0	0	0	0	0	0	0	0	0	1	1	0	0	0	0	0	0	0	0	0	0	0	0	0	0	0	0	0	0	0	0	0	0	0	0	0	0	0	0	0	0	0	0	0	0	0	0	0	0	0	0	0	0	0	0	0	0	0	1	
	60227	1	7	체력(HP)증강의반지_PC방전용_LE	158102	1	69DDA0	40027	159102	0	0	72009	39918	0	811	0	811	8	Q000	1	Null	0	0	0	0	1	0	0	0	0	0	0	0	1	167	255	0	0	0	0	0	0	0	0	0	0	0	0	0	0	0	0	0	0	0	0	0	0	0	0	0	0	0	0	0	1	1	1	1	1	1	1	1	21	0	0	0	0	0	0	0	0	0	0	0	0	0	0	0	0	0	0	0	0	1	28	1	200	0	0	0	0	0	0	0	0	0	0	0	0	0	0	0	0	0	0	0	0	0	1	1	0	0	0	0	0	0	0	0	0	0	0	0	0	0	0	0	0	0	0	0	0	0	0	0	0	0	0	0	0	0	0	0	0	0	0	0	0	0	0	0	0	0	0	0	0	0	0	1	
	60228	1	7	용자의반지_PC방전용_LE	158103	1	69DDA0	40027	159103	0	0	72002	39918	0	811	0	811	8	Q000	1	Null	0	0	0	0	1	0	0	0	0	0	0	0	1	167	255	0	0	0	0	0	0	0	0	0	0	0	0	0	0	0	0	0	0	0	0	0	0	0	0	0	0	0	0	0	1	1	1	1	1	1	1	1	21	0	0	0	0	0	0	0	0	0	0	0	0	0	0	0	0	0	0	0	0	1	23	1	3	0	0	0	0	0	0	0	0	0	0	0	0	0	0	0	0	0	0	0	0	0	1	1	0	0	0	0	0	0	0	0	0	0	0	0	0	0	0	0	0	0	0	0	0	0	0	0	0	0	0	0	0	0	0	0	0	0	0	0	0	0	0	0	0	0	0	0	0	0	0	1	
	60229	1	7	질풍의반지_PC방전용_LE	158104	1	69DDA0	40027	159104	0	0	72003	39918	0	811	0	811	8	Q000	1	Null	0	0	0	0	1	0	0	0	0	0	0	0	1	167	255	0	0	0	0	0	0	0	0	0	0	0	0	0	0	0	0	0	0	0	0	0	0	0	0	0	0	0	0	0	1	1	1	1	1	1	1	1	21	0	0	0	0	0	0	0	0	0	0	0	0	0	0	0	0	0	0	0	0	1	24	1	3	0	0	0	0	0	0	0	0	0	0	0	0	0	0	0	0	0	0	0	0	0	1	1	0	0	0	0	0	0	0	0	0	0	0	0	0	0	0	0	0	0	0	0	0	0	0	0	0	0	0	0	0	0	0	0	0	0	0	0	0	0	0	0	0	0	0	0	0	0	0	1	
	60230	1	7	현자의반지_PC방전용_LE	158106	1	69DDA0	40027	159106	0	0	72004	39918	0	811	0	811	8	Q000	1	Null	0	0	0	0	1	0	0	0	0	0	0	0	1	167	255	0	0	0	0	0	0	0	0	0	0	0	0	0	0	0	0	0	0	0	0	0	0	0	0	0	0	0	0	0	1	1	1	1	1	1	1	1	21	0	0	0	0	0	0	0	0	0	0	0	0	0	0	0	0	0	0	0	0	1	25	1	3	0	0	0	0	0	0	0	0	0	0	0	0	0	0	0	0	0	0	0	0	0	1	1	0	0	0	0	0	0	0	0	0	0	0	0	0	0	0	0	0	0	0	0	0	0	0	0	0	0	0	0	0	0	0	0	0	0	0	0	0	0	0	0	0	0	0	0	0	0	0	1	
	60231	1	7	철인의반지_PC방전용_LE	158105	1	69DDA0	40027	159105	0	0	72005	39918	0	811	0	811	8	Q000	1	Null	0	0	0	0	1	0	0	0	0	0	0	0	1	167	255	0	0	0	0	0	0	0	0	0	0	0	0	0	0	0	0	0	0	0	0	0	0	0	0	0	0	0	0	0	1	1	1	1	1	1	1	1	21	0	0	0	0	0	0	0	0	0	0	0	0	0	0	0	0	0	0	0	0	1	26	1	3	0	0	0	0	0	0	0	0	0	0	0	0	0	0	0	0	0	0	0	0	0	1	1	0	0	0	0	0	0	0	0	0	0	0	0	0	0	0	0	0	0	0	0	0	0	0	0	0	0	0	0	0	0	0	0	0	0	0	0	0	0	0	0	0	0	0	0	0	0	0	1	
	60232	1	7	수도승의반지_PC방전용_LE	158107	1	69DDA0	40027	159107	0	0	72014	39918	0	811	0	811	8	Q000	1	Null	0	0	0	0	1	0	0	0	0	0	0	0	1	167	255	0	0	0	0	0	0	0	0	0	0	0	0	0	0	0	0	0	0	0	0	0	0	0	0	0	0	0	0	0	1	1	1	1	1	1	1	1	21	0	0	0	0	0	0	0	0	0	0	0	0	0	0	0	0	0	0	0	0	1	27	1	3	0	0	0	0	0	0	0	0	0	0	0	0	0	0	0	0	0	0	0	0	0	1	1	0	0	0	0	0	0	0	0	0	0	0	0	0	0	0	0	0	0	0	0	0	0	0	0	0	0	0	0	0	0	0	0	0	0	0	0	0	0	0	0	0	0	0	0	0	0	0	1	
	60233	1	2	분노의반지_LE(구_투혼)	158488	1	69DDA0	40022	159094	0	0	72002	39918	0	811	0	811	8	Q000	1	Null	0	0	0	0	1	0	0	0	0	0	0	0	1	86	255	0	0	0	0	0	0	0	0	0	0	0	0	0	0	0	0	0	0	0	0	0	0	0	0	0	0	0	0	0	1	1	1	1	1	1	1	1	16	1	31	5	10	0	0	0	0	0	0	0	0	0	0	0	0	0	0	0	0	0	0	0	0	0	0	0	0	0	0	0	0	0	0	0	0	0	0	0	0	0	0	0	0	0	1	1	0	0	0	0	0	0	0	0	0	0	0	0	0	0	0	0	0	0	0	0	0	0	0	0	0	0	0	0	0	0	0	0	0	0	0	0	0	0	0	0	0	0	0	0	0	0	0	1	
	60234	1	0	헤르메시즘의성서(엘리트전용)	47715	1	69DDA0	9445	48715	0	0	73534	39918	0	20036	0	911	0	Null	0	Null	0	6	0	0	1	0	0	0	0	0	0	0	2	6	255	0	0	0	0	0	0	0	0	0	0	0	0	0	0	0	0	0	0	0	0	0	0	0	0	0	0	0	0	0	0	0	0	0	0	0	0	0	99	0	0	0	0	0	0	0	0	0	0	0	0	0	0	0	0	0	0	0	0	0	0	0	0	0	0	0	0	0	0	0	0	0	0	0	0	0	0	0	0	0	0	0	0	0	255	0	0	0	0	0	0	0	0	0	0	0	0	0	0	0	0	0	0	0	0	0	0	0	0	0	0	0	0	0	0	0	0	0	0	0	0	0	0	0	0	0	0	0	0	0	0	0	0	0	
	60235	1	0	[지급품]헤르메시즘의성서(엘리트전용)	47716	1	69DDA0	9445	48715	0	0	73534	39918	0	20036	0	911	0	Null	0	Null	0	6	0	0	1	0	0	0	0	0	0	0	2	39	255	0	0	0	0	0	0	0	0	0	0	0	0	0	0	0	0	0	0	0	0	0	0	0	0	0	0	0	0	0	0	0	0	0	0	0	0	0	99	0	0	0	0	0	0	0	0	0	0	0	0	0	0	0	0	0	0	0	0	0	0	0	0	0	0	0	0	0	0	0	0	0	0	0	0	0	0	0	0	0	0	0	0	0	255	0	0	0	0	0	0	0	0	0	0	0	0	0	0	0	0	0	0	0	0	0	0	0	0	0	0	0	0	0	0	0	0	0	0	0	0	0	0	0	0	0	0	0	0	0	0	0	0	0	
	60236	1	0	이스라필의낡은모래시계	43081	1	69DDA0	9445	44081	0	0	73556	39918	0	20063	0	911	0	Null	0	Null	0	1	0	0	1	0	0	0	0	0	0	0	2	6	255	0	0	0	0	0	0	0	0	0	0	0	0	0	0	0	0	0	0	0	0	0	0	0	0	0	0	0	0	0	0	0	0	0	0	0	0	0	99	0	0	0	0	0	0	0	0	0	0	0	0	0	0	0	0	0	0	0	0	0	0	0	0	0	0	0	0	0	0	0	0	0	0	0	0	0	0	0	0	0	0	0	0	0	255	0	0	0	0	0	0	0	0	0	0	0	0	0	0	0	0	0	0	0	0	0	0	0	0	0	0	0	0	0	0	0	0	0	0	0	0	0	0	0	0	0	0	0	0	0	0	0	0	0	
	60237	1	0	이스라필의평범한모래시계	43082	1	69DDA0	9445	44082	0	0	73557	39918	0	20063	0	911	0	Null	0	Null	0	2	0	0	1	0	0	0	0	0	0	0	2	39	255	0	0	0	0	0	0	0	0	0	0	0	0	0	0	0	0	0	0	0	0	0	0	0	0	0	0	0	0	0	0	0	0	0	0	0	0	0	99	0	0	0	0	0	0	0	0	0	0	0	0	0	0	0	0	0	0	0	0	0	0	0	0	0	0	0	0	0	0	0	0	0	0	0	0	0	0	0	0	0	0	0	0	0	255	0	0	0	0	0	0	0	0	0	0	0	0	0	0	0	0	0	0	0	0	0	0	0	0	0	0	0	0	0	0	0	0	0	0	0	0	0	0	0	0	0	0	0	0	0	0	0	0	0	
	60238	1	0	이스라필의고급모래시계	43083	1	69DDA0	9445	44083	0	0	73558	39918	0	20063	0	911	0	Null	0	Null	0	3	0	0	1	0	0	0	0	0	0	0	2	39	255	0	0	0	0	0	0	0	0	0	0	0	0	0	0	0	0	0	0	0	0	0	0	0	0	0	0	0	0	0	0	0	0	0	0	0	0	0	99	0	0	0	0	0	0	0	0	0	0	0	0	0	0	0	0	0	0	0	0	0	0	0	0	0	0	0	0	0	0	0	0	0	0	0	0	0	0	0	0	0	0	0	0	0	255	0	0	0	0	0	0	0	0	0	0	0	0	0	0	0	0	0	0	0	0	0	0	0	0	0	0	0	0	0	0	0	0	0	0	0	0	0	0	0	0	0	0	0	0	0	0	0	0	0	
	60239	1	2	[한정판]_해방군의의지_LE	158120	1	69DDA0	40022	159120	0	0	72012	39918	0	811	0	811	8	Q000	1	Null	0	0	0	0	1	0	0	0	0	0	0	0	1	7	255	0	0	0	0	0	0	0	0	0	0	0	0	0	0	0	0	0	0	0	0	0	0	0	0	0	0	0	0	0	1	1	1	1	1	1	1	1	16	1	45	5	50	1	32	1	5	0	0	0	0	0	0	0	0	0	0	0	0	0	0	0	0	0	0	0	0	0	0	0	0	0	0	0	0	0	0	0	0	0	0	0	0	0	1	1	0	3	1	0	0	0	0	0	0	0	0	0	0	0	0	0	0	0	0	0	0	0	0	0	0	0	0	0	0	0	0	0	0	0	0	0	0	0	0	0	0	0	0	0	0	0	0	1	
	60240	1	2	신_에테르의_반지_LE	158260	1	69DDA0	40022	159260	0	0	72010	39918	0	811	0	811	8	Q000	1	Null	0	0	0	0	1	0	0	0	0	0	0	0	1	7	255	0	0	0	0	0	0	0	0	0	0	0	0	0	0	0	0	0	0	0	0	0	0	0	0	0	0	0	0	0	1	1	1	1	1	1	1	1	16	1	29	2	20	1	40	1	5	1	32	1	3	0	0	0	0	0	0	0	0	1	29	2	10	1	40	1	5	0	0	0	0	0	0	0	0	0	0	0	0	0	0	0	0	0	1	1	0	0	0	0	0	0	0	0	0	0	0	0	0	0	0	0	0	0	0	0	0	0	0	0	0	0	0	0	0	0	0	0	0	0	0	0	0	0	0	0	0	0	0	0	0	0	0	1	
	60282	1	2	[상급]수호의반지_LE(구_신성역)	158490	1	69DDA0	40022	159872	0	0	72002	39918	0	811	0	811	8	Q000	1	Null	0	0	1	222	1	0	0	0	0	0	0	0	1	86	255	0	0	0	0	0	0	0	0	0	0	0	0	0	0	0	0	0	0	0	0	0	0	0	0	0	0	0	0	0	1	1	1	1	1	1	1	1	16	1	49	2	15	1	28	1	400	1	32	1	3	0	0	0	0	0	0	0	0	0	0	0	0	0	0	0	0	0	0	0	0	0	0	0	0	0	0	0	0	0	0	0	0	0	1	1	0	0	0	0	0	0	0	0	0	0	0	0	0	0	0	0	0	0	0	0	0	0	0	0	0	0	0	0	0	0	0	0	0	0	0	0	0	0	0	0	0	0	0	0	0	0	0	1	
	60283	1	2	[상급]맹공의반지_LE(구_신군신)	158489	1	69DDA0	40022	159871	0	0	72001	39918	0	811	0	811	8	Q000	1	Null	0	0	1	222	1	0	0	0	0	0	0	0	1	86	255	0	0	0	0	0	0	0	0	0	0	0	0	0	0	0	0	0	0	0	0	0	0	0	0	0	0	0	0	0	1	1	1	1	1	1	1	1	16	1	47	2	15	1	35	2	15	1	1	1	3	1	32	1	3	0	0	0	0	0	0	0	0	0	0	0	0	0	0	0	0	0	0	0	0	0	0	0	0	0	0	0	0	0	1	1	0	0	0	0	0	0	0	0	0	0	0	0	0	0	0	0	0	0	0	0	0	0	0	0	0	0	0	0	0	0	0	0	0	0	0	0	0	0	0	0	0	0	0	0	0	0	0	1	
	60284	1	2	[상급]분노의반지_LE(구_신투혼)	158491	1	69DDA0	40022	159873	0	0	72002	39918	0	811	0	811	8	Q000	1	Null	0	0	1	222	1	0	0	0	0	0	0	0	1	86	255	0	0	0	0	0	0	0	0	0	0	0	0	0	0	0	0	0	0	0	0	0	0	0	0	0	0	0	0	0	1	1	1	1	1	1	1	1	16	1	31	5	15	1	29	1	100	1	32	1	3	0	0	0	0	0	0	0	0	0	0	0	0	0	0	0	0	0	0	0	0	0	0	0	0	0	0	0	0	0	0	0	0	0	1	1	0	0	0	0	0	0	0	0	0	0	0	0	0	0	0	0	0	0	0	0	0	0	0	0	0	0	0	0	0	0	0	0	0	0	0	0	0	0	0	0	0	0	0	0	0	0	0	1	
	60285	1	2	[상급]해방군의의지_LE(구_신해방군의의지)	158485	1	69DDA0	40022	159420	0	0	72012	39918	0	811	0	811	8	Q000	1	Null	0	0	0	0	1	0	0	0	0	0	0	0	1	86	255	0	0	0	0	0	0	0	0	0	0	0	0	0	0	0	0	0	0	0	0	0	0	0	0	0	0	0	0	0	1	1	1	1	1	1	1	1	16	1	45	5	50	1	32	1	3	0	0	0	0	0	0	0	0	0	0	0	0	0	0	0	0	0	0	0	0	0	0	0	0	0	0	0	0	0	0	0	0	0	0	0	0	0	1	1	0	3	1	0	0	0	0	0	0	0	0	0	0	0	0	0	0	0	0	0	0	0	0	0	0	0	0	0	0	0	0	0	0	0	0	0	0	0	0	0	0	0	0	0	0	0	0	1	
	60286	1	2	[상급]에테르의반지_LE(구_신에테르)	158527	1	69DDA0	40022	159421	0	0	72010	39918	0	811	0	811	8	Q000	1	Null	0	0	0	0	1	0	0	0	0	0	0	0	1	86	255	0	0	0	0	0	0	0	0	0	0	0	0	0	0	0	0	0	0	0	0	0	0	0	0	0	0	0	0	0	1	1	1	1	1	1	1	1	16	1	29	2	40	1	40	1	20	1	32	1	3	0	0	0	0	0	0	0	0	0	0	0	0	0	0	0	0	0	0	0	0	0	0	0	0	0	0	0	0	0	0	0	0	0	1	1	0	0	0	0	0	0	0	0	0	0	0	0	0	0	0	0	0	0	0	0	0	0	0	0	0	0	0	0	0	0	0	0	0	0	0	0	0	0	0	0	0	0	0	0	0	0	0	1	
	60287	1	7	초월의반지_PC방전용_LE	158422	1	69DDA0	40027	159422	0	0	72011	39918	0	811	0	811	8	Q000	1	Null	0	0	0	0	1	0	0	0	0	0	0	0	1	167	255	0	0	0	0	0	0	0	0	0	0	0	0	0	0	0	0	0	0	0	0	0	0	0	0	0	0	0	0	0	1	1	1	1	1	1	1	1	21	0	0	0	0	0	0	0	0	0	0	0	0	0	0	0	0	0	0	0	0	1	54	1	1	0	0	0	0	0	0	0	0	0	0	0	0	0	0	0	0	0	0	0	0	0	1	1	0	0	0	0	0	0	0	0	0	0	0	0	0	0	0	0	0	0	0	0	0	0	0	0	0	0	0	0	0	0	0	0	0	0	0	0	0	0	0	0	0	0	0	0	0	0	0	1	
	60288	1	7	영웅의반지_PC방전용_LE	158423	1	69DDA0	40027	159423	0	0	72007	39918	0	811	0	811	8	Q000	1	Null	0	0	0	0	1	0	0	0	0	0	0	0	1	167	255	0	0	0	0	0	0	0	0	0	0	0	0	0	0	0	0	0	0	0	0	0	0	0	0	0	0	0	0	0	1	1	1	1	1	1	1	1	21	0	0	0	0	0	0	0	0	0	0	0	0	0	0	0	0	0	0	0	0	1	32	1	3	0	0	0	0	0	0	0	0	0	0	0	0	0	0	0	0	0	0	0	0	0	1	1	0	0	0	0	0	0	0	0	0	0	0	0	0	0	0	0	0	0	0	0	0	0	0	0	0	0	0	0	0	0	0	0	0	0	0	0	0	0	0	0	0	0	0	0	0	0	0	1	
	60289	1	7	축복의성수_PC방전용_LE	158424	1	69DDA0	40027	159424	0	0	73008	39918	0	811	0	811	8	Q000	1	Null	0	0	0	0	1	0	0	0	0	0	0	0	1	167	255	0	0	0	0	0	0	0	0	0	0	0	0	0	0	0	0	0	0	0	0	0	0	0	0	0	0	0	0	0	1	1	1	1	1	1	1	1	21	0	0	0	0	0	0	0	0	0	0	0	0	0	0	0	0	0	0	0	0	1	55	1	3	0	0	0	0	0	0	0	0	0	0	0	0	0	0	0	0	0	0	0	0	0	1	1	0	0	0	0	0	0	0	0	0	0	0	0	0	0	0	0	0	0	0	0	0	0	0	0	0	0	0	0	0	0	0	0	0	0	0	0	0	0	0	0	0	0	0	0	0	0	0	1	
	60290	1	2	[지급품]해방군의주술서	155629	1	69DDA0	40022	159535	0	0	73549	39918	0	20051	0	811	8	Q000	1	Null	0	0	0	0	1	0	0	0	0	0	0	0	1	295	255	0	0	0	0	0	0	0	0	0	0	0	0	0	0	0	0	0	0	0	0	0	0	0	0	0	0	0	0	0	1	1	1	1	1	1	1	1	16	1	0	0	0	0	0	0	0	0	0	0	0	0	0	0	0	0	0	0	0	0	0	0	0	0	0	0	0	0	0	0	0	0	0	0	0	0	0	0	0	0	0	0	0	0	1	0	0	0	0	0	0	0	0	0	0	0	0	0	0	0	0	0	0	0	0	0	0	0	0	0	0	0	0	0	0	0	0	0	0	0	0	0	0	0	0	0	0	0	0	0	0	0	0	1	
	60291	1	2	선택받은자의반지_PC방쿠폰아이템	155973	1	69DDA0	40022	158973	0	0	72001	39918	0	811	0	811	8	Q000	1	Null	0	0	0	0	1	0	0	0	0	0	0	0	1	295	255	0	0	0	0	0	0	0	0	0	0	0	0	0	0	0	0	0	0	0	0	0	0	0	0	0	0	0	0	0	1	1	1	1	1	1	1	1	16	0	0	0	0	0	0	0	0	0	0	0	0	0	0	0	0	0	0	0	0	1	14	2	5	1	35	1	70	1	36	1	10	0	0	0	0	0	0	0	0	0	0	0	0	0	1	1	0	4	1	0	0	0	0	0	0	0	0	0	0	0	0	0	0	0	0	0	0	0	0	0	0	0	0	0	0	0	0	0	0	0	0	0	0	0	0	0	0	0	0	0	0	0	0	1	
	60292	1	2	일본전용_절명의반지	158547	1	69DDA0	40022	159034	0	0	72007	39918	0	811	0	811	8	Q000	1	Null	0	0	0	0	1	0	0	0	0	0	0	0	1	70	255	0	0	0	0	0	0	0	0	0	0	0	0	0	0	0	0	0	0	0	0	0	0	0	0	0	0	0	0	0	1	1	1	1	1	1	1	1	16	1	42	1	200	0	0	0	0	0	0	0	0	0	0	0	0	0	0	0	0	1	42	1	100	0	0	0	0	0	0	0	0	0	0	0	0	0	0	0	0	0	0	0	0	0	1	2	0	0	0	0	0	0	0	0	0	0	0	0	0	0	0	0	0	0	0	0	0	0	0	0	0	0	0	0	0	0	0	0	0	0	0	0	0	0	0	0	0	0	0	0	0	0	0	1	
	60293	0	2	[길드]맹공의반지_중국길드상점판매	47769	1	69DDA0	40013	159088	0	0	72001	39918	0	811	0	811	8	Q000	1	Null	0	0	0	0	1	0	0	0	0	0	0	0	1	263	255	0	0	0	0	0	0	0	0	0	0	0	0	0	0	0	0	0	0	0	0	0	0	0	0	0	0	0	0	0	1	1	1	1	1	1	1	1	16	1	47	2	5	1	35	2	5	0	0	0	0	0	0	0	0	0	0	0	0	0	0	0	0	0	0	0	0	0	0	0	0	0	0	0	0	0	0	0	0	0	0	0	0	0	1	1	0	6	1	0	0	0	0	0	0	0	0	0	0	0	0	0	0	0	0	0	0	0	0	0	0	0	0	0	0	0	0	0	0	0	0	0	0	0	0	0	0	0	0	0	0	0	0	1	
	60294	0	2	[길드]폭풍의반지_중국길드상점판매	47770	1	69DDA0	40013	159035	0	0	72006	39918	0	811	0	811	8	Q000	1	Null	0	0	0	0	1	0	0	0	0	0	0	0	1	263	255	0	0	0	0	0	0	0	0	0	0	0	0	0	0	0	0	0	0	0	0	0	0	0	0	0	0	0	0	0	1	1	1	1	1	1	1	1	16	1	1	2	5	0	0	0	0	0	0	0	0	0	0	0	0	0	0	0	0	0	0	0	0	0	0	0	0	0	0	0	0	0	0	0	0	0	0	0	0	0	0	0	0	0	1	1	0	7	1	0	0	0	0	0	0	0	0	0	0	0	0	0	0	0	0	0	0	0	0	0	0	0	0	0	0	0	0	0	0	0	0	0	0	0	0	0	0	0	0	0	0	0	0	1	
	60295	0	2	[길드]수호의반지_중국길드상점판매	47771	1	69DDA0	40013	159090	0	0	72002	39918	0	811	0	811	8	Q000	1	Null	0	0	0	0	1	0	0	0	0	0	0	0	1	263	255	0	0	0	0	0	0	0	0	0	0	0	0	0	0	0	0	0	0	0	0	0	0	0	0	0	0	0	0	0	1	1	1	1	1	1	1	1	16	1	49	2	5	0	0	0	0	0	0	0	0	0	0	0	0	0	0	0	0	0	0	0	0	0	0	0	0	0	0	0	0	0	0	0	0	0	0	0	0	0	0	0	0	0	1	1	0	8	1	0	0	0	0	0	0	0	0	0	0	0	0	0	0	0	0	0	0	0	0	0	0	0	0	0	0	0	0	0	0	0	0	0	0	0	0	0	0	0	0	0	0	0	0	1	
	60296	0	2	[길드]해방군의의지_중국길드상점판매	47772	1	69DDA0	40013	159420	0	0	72012	39918	0	811	0	811	8	Q000	1	Null	0	0	0	0	1	0	0	0	0	0	0	0	1	263	255	0	0	0	0	0	0	0	0	0	0	0	0	0	0	0	0	0	0	0	0	0	0	0	0	0	0	0	0	0	1	1	1	1	1	1	1	1	16	1	45	5	10	0	0	0	0	0	0	0	0	0	0	0	0	0	0	0	0	0	0	0	0	0	0	0	0	0	0	0	0	0	0	0	0	0	0	0	0	0	0	0	0	0	1	1	0	9	1	0	0	0	0	0	0	0	0	0	0	0	0	0	0	0	0	0	0	0	0	0	0	0	0	0	0	0	0	0	0	0	0	0	0	0	0	0	0	0	0	0	0	0	0	1	
	60297	1	11	조화와균형의반지	158678	1	69DDA0	40022	159875	0	0	72023	39918	0	811	0	811	8	Q000	1	Null	0	0	1	222	1	0	0	0	0	0	0	0	1	279	255	0	0	0	0	0	0	0	0	0	0	0	0	0	0	0	0	0	0	0	0	0	0	0	0	0	0	0	0	0	1	1	1	1	1	1	1	1	16	1	45	5	40	0	0	0	0	0	0	0	0	0	0	0	0	0	0	0	0	0	0	0	0	0	0	0	0	0	0	0	0	0	0	0	0	0	0	0	0	0	0	0	0	0	1	1	0	0	0	0	0	0	0	0	0	0	0	0	0	0	0	0	0	0	0	0	0	0	0	0	0	0	0	0	0	0	0	0	0	0	0	0	0	0	0	0	0	0	0	0	0	0	0	1	
	60298	1	3	맹공의반지_LE(구_군신)_종량제	158679	1	69DDA0	40022	159040	0	0	72001	39918	0	811	0	811	8	Q000	1	Null	0	0	0	0	1	0	0	0	0	0	0	0	1	70	255	0	0	0	0	0	0	0	0	0	0	0	0	0	0	0	0	0	0	0	0	0	0	0	0	0	0	0	0	0	1	1	1	1	1	1	1	1	16	1	47	2	10	1	35	2	10	0	0	0	0	0	0	0	0	0	0	0	0	1	47	2	10	1	35	2	10	0	0	0	0	0	0	0	0	0	0	0	0	0	0	0	0	0	1	2	0	1	2	0	0	0	0	0	0	0	0	0	0	0	0	0	0	0	0	0	0	0	0	0	0	0	0	0	0	0	0	0	0	0	0	0	0	0	0	0	0	0	0	0	0	0	0	1	
	60299	1	3	수호의반지_1_LE(구_성역)_종량제	158644	1	69DDA0	40022	159039	0	0	72002	39918	0	811	0	811	8	Q000	1	Null	0	0	0	0	1	0	0	0	0	0	0	0	1	70	255	0	0	0	0	0	0	0	0	0	0	0	0	0	0	0	0	0	0	0	0	0	0	0	0	0	0	0	0	0	1	1	1	1	1	1	1	1	16	1	49	2	10	0	0	0	0	0	0	0	0	0	0	0	0	0	0	0	0	1	49	2	10	0	0	0	0	0	0	0	0	0	0	0	0	0	0	0	0	0	0	0	0	0	1	2	0	2	2	0	0	0	0	0	0	0	0	0	0	0	0	0	0	0	0	0	0	0	0	0	0	0	0	0	0	0	0	0	0	0	0	0	0	0	0	0	0	0	0	0	0	0	0	1	
	60300	1	3	폭풍의반지_LE_종량제	158645	1	69DDA0	40022	159874	0	0	72006	39918	0	811	0	811	8	Q000	1	Null	0	0	1	230	1	0	0	0	0	0	0	0	1	70	255	0	0	0	0	0	0	0	0	0	0	0	0	0	0	0	0	0	0	0	0	0	0	0	0	0	0	0	0	0	1	1	1	1	1	1	1	1	16	1	1	2	10	0	0	0	0	0	0	0	0	0	0	0	0	0	0	0	0	1	1	2	10	0	0	0	0	0	0	0	0	0	0	0	0	0	0	0	0	0	0	0	0	0	1	1	0	0	0	0	0	0	0	0	0	0	0	0	0	0	0	0	0	0	0	0	0	0	0	0	0	0	0	0	0	0	0	0	0	0	0	0	0	0	0	0	0	0	0	0	0	0	0	1	
	60301	1	3	절명의반지_LE_종량제	158682	1	69DDA0	40022	159034	0	0	72007	39918	0	811	0	811	8	Q000	1	Null	0	0	0	0	1	0	0	0	0	0	0	0	1	70	255	0	0	0	0	0	0	0	0	0	0	0	0	0	0	0	0	0	0	0	0	0	0	0	0	0	0	0	0	0	1	1	1	1	1	1	1	1	16	1	42	1	200	0	0	0	0	0	0	0	0	0	0	0	0	0	0	0	0	1	42	1	100	0	0	0	0	0	0	0	0	0	0	0	0	0	0	0	0	0	0	0	0	0	1	2	0	0	0	0	0	0	0	0	0	0	0	0	0	0	0	0	0	0	0	0	0	0	0	0	0	0	0	0	0	0	0	0	0	0	0	0	0	0	0	0	0	0	0	0	0	0	0	1	
	60302	1	3	혈신의반지_LE_종량제	158683	1	69DDA0	40022	159031	0	0	72009	39918	0	811	0	811	8	Q000	1	Null	0	0	0	0	1	0	0	0	0	0	0	0	1	70	255	0	0	0	0	0	0	0	0	0	0	0	0	0	0	0	0	0	0	0	0	0	0	0	0	0	0	0	0	0	1	1	1	1	1	1	1	1	16	1	28	2	20	1	39	2	20	0	0	0	0	0	0	0	0	0	0	0	0	1	28	2	10	1	39	2	10	0	0	0	0	0	0	0	0	0	0	0	0	0	0	0	0	0	1	1	0	0	0	0	0	0	0	0	0	0	0	0	0	0	0	0	0	0	0	0	0	0	0	0	0	0	0	0	0	0	0	0	0	0	0	0	0	0	0	0	0	0	0	0	0	0	0	1	
	60303	1	3	에테르의반지_LE_종량제	158684	1	69DDA0	40022	159030	0	0	72010	39918	0	811	0	811	8	Q000	1	Null	0	0	0	0	1	0	0	0	0	0	0	0	1	70	255	0	0	0	0	0	0	0	0	0	0	0	0	0	0	0	0	0	0	0	0	0	0	0	0	0	0	0	0	0	1	1	1	1	1	1	1	1	16	1	29	2	20	1	40	1	5	0	0	0	0	0	0	0	0	0	0	0	0	1	29	2	10	1	40	1	5	0	0	0	0	0	0	0	0	0	0	0	0	0	0	0	0	0	1	1	0	0	0	0	0	0	0	0	0	0	0	0	0	0	0	0	0	0	0	0	0	0	0	0	0	0	0	0	0	0	0	0	0	0	0	0	0	0	0	0	0	0	0	0	0	0	0	1	
	60304	1	3	패기의반지_LE_종량제	158685	1	69DDA0	40022	159029	0	0	72011	39918	0	811	0	811	8	Q000	1	Null	0	0	0	0	1	0	0	0	0	0	0	0	1	70	255	0	0	0	0	0	0	0	0	0	0	0	0	0	0	0	0	0	0	0	0	0	0	0	0	0	0	0	0	0	1	1	1	0	0	0	0	0	16	1	37	1	50	1	38	1	30	0	0	0	0	0	0	0	0	0	0	0	0	1	37	1	10	1	38	1	5	0	0	0	0	0	0	0	0	0	0	0	0	0	0	0	0	0	1	1	0	0	0	0	0	0	0	0	0	0	0	0	0	0	0	0	0	0	0	0	0	0	0	0	0	0	0	0	0	0	0	0	0	0	0	0	0	0	0	0	0	0	0	0	0	0	0	0	
	60305	1	3	해방군의의지_LE_종량제	158686	1	69DDA0	40022	159033	0	0	72012	39918	0	811	0	811	8	Q000	1	Null	0	0	0	0	1	0	0	0	0	0	0	0	1	70	255	0	0	0	0	0	0	0	0	0	0	0	0	0	0	0	0	0	0	0	0	0	0	0	0	0	0	0	0	0	1	1	1	1	1	1	1	1	16	1	45	5	30	0	0	0	0	0	0	0	0	0	0	0	0	0	0	0	0	1	45	1	10	0	0	0	0	0	0	0	0	0	0	0	0	0	0	0	0	0	0	0	0	0	1	1	0	3	1	0	0	0	0	0	0	0	0	0	0	0	0	0	0	0	0	0	0	0	0	0	0	0	0	0	0	0	0	0	0	0	0	0	0	0	0	0	0	0	0	0	0	0	0	1	
	60306	1	3	하임증가의반지_LE_종량제	158687	1	69DDA0	40022	159073	0	0	72008	39918	0	811	0	811	8	Q000	1	Null	0	0	0	0	1	0	0	0	0	0	0	0	1	70	255	0	0	0	0	0	0	0	0	0	0	0	0	0	0	0	0	0	0	0	0	0	0	0	0	0	0	0	0	0	1	1	1	1	1	1	1	1	16	1	44	5	10	0	0	0	0	0	0	0	0	0	0	0	0	0	0	0	0	0	0	0	0	0	0	0	0	0	0	0	0	0	0	0	0	0	0	0	0	0	0	0	0	0	1	1	0	0	0	0	0	0	0	0	0	0	0	0	0	0	0	0	0	0	0	0	0	0	0	0	0	0	0	0	0	0	0	0	0	0	0	0	0	0	0	0	0	0	0	0	0	0	0	1	
	60307	1	3	성역의반지_1_체험용_LE_종량제	158688	1	69DDA0	40022	159039	0	0	72002	39918	0	811	0	811	8	Q000	1	Null	0	0	0	0	1	0	0	0	0	0	0	0	1	39	255	0	0	0	0	0	0	0	0	0	0	0	0	0	0	0	0	0	0	0	0	0	0	0	0	0	0	0	0	0	1	1	1	1	1	1	1	1	16	1	49	2	15	0	0	0	0	0	0	0	0	0	0	0	0	0	0	0	0	1	49	2	5	0	0	0	0	0	0	0	0	0	0	0	0	0	0	0	0	0	0	0	0	0	1	2	0	2	2	0	0	0	0	0	0	0	0	0	0	0	0	0	0	0	0	0	0	0	0	0	0	0	0	0	0	0	0	0	0	0	0	0	0	0	0	0	0	0	0	0	0	0	0	1	
	60308	1	3	[상급]수호의반지_LE(구_신성역)_종량제	158258	1	69DDA0	40022	159872	0	0	72002	39918	0	811	0	811	8	Q000	1	Null	0	0	1	230	1	0	0	0	0	0	0	0	1	70	255	0	0	0	0	0	0	0	0	0	0	0	0	0	0	0	0	0	0	0	0	0	0	0	0	0	0	0	0	0	1	1	1	1	1	1	1	1	16	1	49	2	15	1	28	1	400	1	32	1	3	0	0	0	0	0	0	0	0	0	0	0	0	0	0	0	0	0	0	0	0	0	0	0	0	0	0	0	0	0	0	0	0	0	1	1	0	0	0	0	0	0	0	0	0	0	0	0	0	0	0	0	0	0	0	0	0	0	0	0	0	0	0	0	0	0	0	0	0	0	0	0	0	0	0	0	0	0	0	0	0	0	0	1	
	60309	1	3	[상급]맹공의반지_LE(구_신군신)_종량제	158259	1	69DDA0	40022	159871	0	0	72001	39918	0	811	0	811	8	Q000	1	Null	0	0	1	230	1	0	0	0	0	0	0	0	1	70	255	0	0	0	0	0	0	0	0	0	0	0	0	0	0	0	0	0	0	0	0	0	0	0	0	0	0	0	0	0	1	1	1	1	1	1	1	1	16	1	47	2	15	1	35	2	15	1	1	1	3	1	32	1	3	0	0	0	0	0	0	0	0	0	0	0	0	0	0	0	0	0	0	0	0	0	0	0	0	0	0	0	0	0	1	1	0	0	0	0	0	0	0	0	0	0	0	0	0	0	0	0	0	0	0	0	0	0	0	0	0	0	0	0	0	0	0	0	0	0	0	0	0	0	0	0	0	0	0	0	0	0	0	1	
	60310	1	3	[상급]분노의반지_LE(구_신투혼)_종량제	158699	1	69DDA0	40022	159873	0	0	72002	39918	0	811	0	811	8	Q000	1	Null	0	0	1	230	1	0	0	0	0	0	0	0	1	70	255	0	0	0	0	0	0	0	0	0	0	0	0	0	0	0	0	0	0	0	0	0	0	0	0	0	0	0	0	0	1	1	1	1	1	1	1	1	16	1	31	5	15	1	29	1	100	1	32	1	3	0	0	0	0	0	0	0	0	0	0	0	0	0	0	0	0	0	0	0	0	0	0	0	0	0	0	0	0	0	0	0	0	0	1	1	0	0	0	0	0	0	0	0	0	0	0	0	0	0	0	0	0	0	0	0	0	0	0	0	0	0	0	0	0	0	0	0	0	0	0	0	0	0	0	0	0	0	0	0	0	0	0	1	
	60311	1	3	[상급]해방군의의지_LE(구_신해방군의의지)_종량제	158830	1	69DDA0	40022	159420	0	0	72012	39918	0	811	0	811	8	Q000	1	Null	0	0	0	0	1	0	0	0	0	0	0	0	1	70	255	0	0	0	0	0	0	0	0	0	0	0	0	0	0	0	0	0	0	0	0	0	0	0	0	0	0	0	0	0	1	1	1	1	1	1	1	1	16	1	45	5	50	1	32	1	3	0	0	0	0	0	0	0	0	0	0	0	0	0	0	0	0	0	0	0	0	0	0	0	0	0	0	0	0	0	0	0	0	0	0	0	0	0	1	1	0	3	1	0	0	0	0	0	0	0	0	0	0	0	0	0	0	0	0	0	0	0	0	0	0	0	0	0	0	0	0	0	0	0	0	0	0	0	0	0	0	0	0	0	0	0	0	1	
	60312	1	3	[상급]에테르의반지_LE(구_신에테르)_종량제	158843	1	69DDA0	40022	159421	0	0	72010	39918	0	811	0	811	8	Q000	1	Null	0	0	0	0	1	0	0	0	0	0	0	0	1	70	255	0	0	0	0	0	0	0	0	0	0	0	0	0	0	0	0	0	0	0	0	0	0	0	0	0	0	0	0	0	1	1	1	1	1	1	1	1	16	1	29	2	40	1	40	1	20	1	32	1	3	0	0	0	0	0	0	0	0	0	0	0	0	0	0	0	0	0	0	0	0	0	0	0	0	0	0	0	0	0	0	0	0	0	1	1	0	0	0	0	0	0	0	0	0	0	0	0	0	0	0	0	0	0	0	0	0	0	0	0	0	0	0	0	0	0	0	0	0	0	0	0	0	0	0	0	0	0	0	0	0	0	0	1	
	60313	1	11	조화와균형의반지_종량제	158844	1	69DDA0	40022	158845	0	0	72023	39918	0	811	0	811	8	Q000	1	Null	0	0	1	230	1	0	0	0	0	0	0	0	1	279	255	0	0	0	0	0	0	0	0	0	0	0	0	0	0	0	0	0	0	0	0	0	0	0	0	0	0	0	0	0	1	1	1	1	1	1	1	1	16	1	45	5	40	0	0	0	0	0	0	0	0	0	0	0	0	0	0	0	0	0	0	0	0	0	0	0	0	0	0	0	0	0	0	0	0	0	0	0	0	0	0	0	0	0	1	1	0	0	0	0	0	0	0	0	0	0	0	0	0	0	0	0	0	0	0	0	0	0	0	0	0	0	0	0	0	0	0	0	0	0	0	0	0	0	0	0	0	0	0	0	0	0	0	1	
	60314	1	3	분노의반지_LE(구_투혼)_종량제	159968	1	69DDA0	40022	159094	0	0	72002	39918	0	811	0	811	8	Q000	1	Null	0	0	0	0	1	0	0	0	0	0	0	0	1	70	255	0	0	0	0	0	0	0	0	0	0	0	0	0	0	0	0	0	0	0	0	0	0	0	0	0	0	0	0	0	1	1	1	1	1	1	1	1	16	1	31	5	10	0	0	0	0	0	0	0	0	0	0	0	0	0	0	0	0	0	0	0	0	0	0	0	0	0	0	0	0	0	0	0	0	0	0	0	0	0	0	0	0	0	1	1	0	0	0	0	0	0	0	0	0	0	0	0	0	0	0	0	0	0	0	0	0	0	0	0	0	0	0	0	0	0	0	0	0	0	0	0	0	0	0	0	0	0	0	0	0	0	0	1	
	60315	1	0	중국검게뒤틀린매의기간트암상자	40784	0	0	42022	41784	0	0	200017	39999	0	20029	0	911	0	Null	0	Null	0	0	0	0	1	0	0	0	0	0	0	0	2	2	255	0	0	0	0	0	0	0	0	0	0	0	0	0	0	0	0	0	0	0	0	0	0	0	0	0	0	0	0	0	1	1	1	1	1	1	1	1	99	0	0	0	0	0	0	0	0	0	0	0	0	0	0	0	0	0	0	0	0	0	0	0	0	0	0	0	0	0	0	0	0	0	0	0	0	0	0	0	0	0	0	0	0	0	1	0	0	0	0	0	0	0	0	0	0	0	0	0	1623	0	0	0	0	0	0	0	0	0	0	0	0	0	0	0	0	0	0	0	0	0	0	0	0	0	0	0	0	0	0	0	0	0	0	1	
	60316	1	0	중국검게뒤틀린맹공의기간트암상자	40785	0	0	42022	41785	0	0	200017	39999	0	20029	0	911	0	Null	0	Null	0	0	0	0	1	0	0	0	0	0	0	0	2	2	255	0	0	0	0	0	0	0	0	0	0	0	0	0	0	0	0	0	0	0	0	0	0	0	0	0	0	0	0	0	1	1	1	1	1	1	1	1	99	0	0	0	0	0	0	0	0	0	0	0	0	0	0	0	0	0	0	0	0	0	0	0	0	0	0	0	0	0	0	0	0	0	0	0	0	0	0	0	0	0	0	0	0	0	1	0	0	0	0	0	0	0	0	0	0	0	0	0	1624	0	0	0	0	0	0	0	0	0	0	0	0	0	0	0	0	0	0	0	0	0	0	0	0	0	0	0	0	0	0	0	0	0	0	1	
	60317	1	0	중국검게뒤틀린결의의기간트암상자	40786	0	0	42022	41786	0	0	200017	39999	0	20029	0	911	0	Null	0	Null	0	0	0	0	1	0	0	0	0	0	0	0	2	2	255	0	0	0	0	0	0	0	0	0	0	0	0	0	0	0	0	0	0	0	0	0	0	0	0	0	0	0	0	0	1	1	1	1	1	1	1	1	99	0	0	0	0	0	0	0	0	0	0	0	0	0	0	0	0	0	0	0	0	0	0	0	0	0	0	0	0	0	0	0	0	0	0	0	0	0	0	0	0	0	0	0	0	0	1	0	0	0	0	0	0	0	0	0	0	0	0	0	1625	0	0	0	0	0	0	0	0	0	0	0	0	0	0	0	0	0	0	0	0	0	0	0	0	0	0	0	0	0	0	0	0	0	0	1	
	60318	1	0	중국검게뒤틀린수호의기간트암상자	40787	0	0	42022	41787	0	0	200017	39999	0	20029	0	911	0	Null	0	Null	0	0	0	0	1	0	0	0	0	0	0	0	2	2	255	0	0	0	0	0	0	0	0	0	0	0	0	0	0	0	0	0	0	0	0	0	0	0	0	0	0	0	0	0	1	1	1	1	1	1	1	1	99	0	0	0	0	0	0	0	0	0	0	0	0	0	0	0	0	0	0	0	0	0	0	0	0	0	0	0	0	0	0	0	0	0	0	0	0	0	0	0	0	0	0	0	0	0	1	0	0	0	0	0	0	0	0	0	0	0	0	0	1626	0	0	0	0	0	0	0	0	0	0	0	0	0	0	0	0	0	0	0	0	0	0	0	0	0	0	0	0	0	0	0	0	0	0	1	
	60319	1	0	중국검게뒤틀린매의드라고닉크로우상자	40788	0	0	42022	41788	0	0	200017	39999	0	20029	0	911	0	Null	0	Null	0	0	0	0	1	0	0	0	0	0	0	0	2	2	255	0	0	0	0	0	0	0	0	0	0	0	0	0	0	0	0	0	0	0	0	0	0	0	0	0	0	0	0	0	1	1	1	1	1	1	1	1	99	0	0	0	0	0	0	0	0	0	0	0	0	0	0	0	0	0	0	0	0	0	0	0	0	0	0	0	0	0	0	0	0	0	0	0	0	0	0	0	0	0	0	0	0	0	1	0	0	0	0	0	0	0	0	0	0	0	0	0	1627	0	0	0	0	0	0	0	0	0	0	0	0	0	0	0	0	0	0	0	0	0	0	0	0	0	0	0	0	0	0	0	0	0	0	1	
	60320	1	0	중국검게뒤틀린맹공의드라고닉크로우상자	40789	0	0	42022	41789	0	0	200017	39999	0	20029	0	911	0	Null	0	Null	0	0	0	0	1	0	0	0	0	0	0	0	2	2	255	0	0	0	0	0	0	0	0	0	0	0	0	0	0	0	0	0	0	0	0	0	0	0	0	0	0	0	0	0	1	1	1	1	1	1	1	1	99	0	0	0	0	0	0	0	0	0	0	0	0	0	0	0	0	0	0	0	0	0	0	0	0	0	0	0	0	0	0	0	0	0	0	0	0	0	0	0	0	0	0	0	0	0	1	0	0	0	0	0	0	0	0	0	0	0	0	0	1628	0	0	0	0	0	0	0	0	0	0	0	0	0	0	0	0	0	0	0	0	0	0	0	0	0	0	0	0	0	0	0	0	0	0	1	
	60321	1	0	중국검게뒤틀린결의의드라고닉크로우상자	40790	0	0	42022	41790	0	0	200017	39999	0	20029	0	911	0	Null	0	Null	0	0	0	0	1	0	0	0	0	0	0	0	2	2	255	0	0	0	0	0	0	0	0	0	0	0	0	0	0	0	0	0	0	0	0	0	0	0	0	0	0	0	0	0	1	1	1	1	1	1	1	1	99	0	0	0	0	0	0	0	0	0	0	0	0	0	0	0	0	0	0	0	0	0	0	0	0	0	0	0	0	0	0	0	0	0	0	0	0	0	0	0	0	0	0	0	0	0	1	0	0	0	0	0	0	0	0	0	0	0	0	0	1629	0	0	0	0	0	0	0	0	0	0	0	0	0	0	0	0	0	0	0	0	0	0	0	0	0	0	0	0	0	0	0	0	0	0	1	
	60322	1	0	중국검게뒤틀린수호의드라고닉크로우상자	40791	0	0	42022	41791	0	0	200017	39999	0	20029	0	911	0	Null	0	Null	0	0	0	0	1	0	0	0	0	0	0	0	2	2	255	0	0	0	0	0	0	0	0	0	0	0	0	0	0	0	0	0	0	0	0	0	0	0	0	0	0	0	0	0	1	1	1	1	1	1	1	1	99	0	0	0	0	0	0	0	0	0	0	0	0	0	0	0	0	0	0	0	0	0	0	0	0	0	0	0	0	0	0	0	0	0	0	0	0	0	0	0	0	0	0	0	0	0	1	0	0	0	0	0	0	0	0	0	0	0	0	0	1630	0	0	0	0	0	0	0	0	0	0	0	0	0	0	0	0	0	0	0	0	0	0	0	0	0	0	0	0	0	0	0	0	0	0	1	
	60323	1	0	중국검게뒤틀린매의헬론크래셔상자	40792	0	0	42022	41792	0	0	200017	39999	0	20029	0	911	0	Null	0	Null	0	0	0	0	1	0	0	0	0	0	0	0	2	2	255	0	0	0	0	0	0	0	0	0	0	0	0	0	0	0	0	0	0	0	0	0	0	0	0	0	0	0	0	0	1	1	1	1	1	1	1	1	99	0	0	0	0	0	0	0	0	0	0	0	0	0	0	0	0	0	0	0	0	0	0	0	0	0	0	0	0	0	0	0	0	0	0	0	0	0	0	0	0	0	0	0	0	0	1	0	0	0	0	0	0	0	0	0	0	0	0	0	1631	0	0	0	0	0	0	0	0	0	0	0	0	0	0	0	0	0	0	0	0	0	0	0	0	0	0	0	0	0	0	0	0	0	0	1	
	60324	1	0	중국검게뒤틀린맹공의헬론크래셔상자	40793	0	0	42022	41793	0	0	200017	39999	0	20029	0	911	0	Null	0	Null	0	0	0	0	1	0	0	0	0	0	0	0	2	2	255	0	0	0	0	0	0	0	0	0	0	0	0	0	0	0	0	0	0	0	0	0	0	0	0	0	0	0	0	0	1	1	1	1	1	1	1	1	99	0	0	0	0	0	0	0	0	0	0	0	0	0	0	0	0	0	0	0	0	0	0	0	0	0	0	0	0	0	0	0	0	0	0	0	0	0	0	0	0	0	0	0	0	0	1	0	0	0	0	0	0	0	0	0	0	0	0	0	1632	0	0	0	0	0	0	0	0	0	0	0	0	0	0	0	0	0	0	0	0	0	0	0	0	0	0	0	0	0	0	0	0	0	0	1	
	60325	1	0	중국검게뒤틀린결의의헬론크래셔상자	40794	0	0	42022	41794	0	0	200017	39999	0	20029	0	911	0	Null	0	Null	0	0	0	0	1	0	0	0	0	0	0	0	2	2	255	0	0	0	0	0	0	0	0	0	0	0	0	0	0	0	0	0	0	0	0	0	0	0	0	0	0	0	0	0	1	1	1	1	1	1	1	1	99	0	0	0	0	0	0	0	0	0	0	0	0	0	0	0	0	0	0	0	0	0	0	0	0	0	0	0	0	0	0	0	0	0	0	0	0	0	0	0	0	0	0	0	0	0	1	0	0	0	0	0	0	0	0	0	0	0	0	0	1633	0	0	0	0	0	0	0	0	0	0	0	0	0	0	0	0	0	0	0	0	0	0	0	0	0	0	0	0	0	0	0	0	0	0	1	
	60326	1	0	중국검게뒤틀린수호의헬론크래셔상자	40795	0	0	42022	41795	0	0	200017	39999	0	20029	0	911	0	Null	0	Null	0	0	0	0	1	0	0	0	0	0	0	0	2	2	255	0	0	0	0	0	0	0	0	0	0	0	0	0	0	0	0	0	0	0	0	0	0	0	0	0	0	0	0	0	1	1	1	1	1	1	1	1	99	0	0	0	0	0	0	0	0	0	0	0	0	0	0	0	0	0	0	0	0	0	0	0	0	0	0	0	0	0	0	0	0	0	0	0	0	0	0	0	0	0	0	0	0	0	1	0	0	0	0	0	0	0	0	0	0	0	0	0	1634	0	0	0	0	0	0	0	0	0	0	0	0	0	0	0	0	0	0	0	0	0	0	0	0	0	0	0	0	0	0	0	0	0	0	1	
	60327	1	0	중국검게뒤틀린매의파멸의엠페러상자	40796	0	0	42022	41796	0	0	200017	39999	0	20029	0	911	0	Null	0	Null	0	0	0	0	1	0	0	0	0	0	0	0	2	2	255	0	0	0	0	0	0	0	0	0	0	0	0	0	0	0	0	0	0	0	0	0	0	0	0	0	0	0	0	0	1	1	1	1	1	1	1	1	99	0	0	0	0	0	0	0	0	0	0	0	0	0	0	0	0	0	0	0	0	0	0	0	0	0	0	0	0	0	0	0	0	0	0	0	0	0	0	0	0	0	0	0	0	0	1	0	0	0	0	0	0	0	0	0	0	0	0	0	1635	0	0	0	0	0	0	0	0	0	0	0	0	0	0	0	0	0	0	0	0	0	0	0	0	0	0	0	0	0	0	0	0	0	0	1	
	60328	1	0	중국검게뒤틀린맹공의파멸의엠페러상자	40797	0	0	42022	41797	0	0	200017	39999	0	20029	0	911	0	Null	0	Null	0	0	0	0	1	0	0	0	0	0	0	0	2	2	255	0	0	0	0	0	0	0	0	0	0	0	0	0	0	0	0	0	0	0	0	0	0	0	0	0	0	0	0	0	1	1	1	1	1	1	1	1	99	0	0	0	0	0	0	0	0	0	0	0	0	0	0	0	0	0	0	0	0	0	0	0	0	0	0	0	0	0	0	0	0	0	0	0	0	0	0	0	0	0	0	0	0	0	1	0	0	0	0	0	0	0	0	0	0	0	0	0	1636	0	0	0	0	0	0	0	0	0	0	0	0	0	0	0	0	0	0	0	0	0	0	0	0	0	0	0	0	0	0	0	0	0	0	1	
	60329	1	0	중국검게뒤틀린결의의파멸의엠페러상자	40798	0	0	42022	41798	0	0	200017	39999	0	20029	0	911	0	Null	0	Null	0	0	0	0	1	0	0	0	0	0	0	0	2	2	255	0	0	0	0	0	0	0	0	0	0	0	0	0	0	0	0	0	0	0	0	0	0	0	0	0	0	0	0	0	1	1	1	1	1	1	1	1	99	0	0	0	0	0	0	0	0	0	0	0	0	0	0	0	0	0	0	0	0	0	0	0	0	0	0	0	0	0	0	0	0	0	0	0	0	0	0	0	0	0	0	0	0	0	1	0	0	0	0	0	0	0	0	0	0	0	0	0	1637	0	0	0	0	0	0	0	0	0	0	0	0	0	0	0	0	0	0	0	0	0	0	0	0	0	0	0	0	0	0	0	0	0	0	1	
	60330	1	0	중국검게뒤틀린수호의파멸의엠페러상자	40799	0	0	42022	41799	0	0	200017	39999	0	20029	0	911	0	Null	0	Null	0	0	0	0	1	0	0	0	0	0	0	0	2	2	255	0	0	0	0	0	0	0	0	0	0	0	0	0	0	0	0	0	0	0	0	0	0	0	0	0	0	0	0	0	1	1	1	1	1	1	1	1	99	0	0	0	0	0	0	0	0	0	0	0	0	0	0	0	0	0	0	0	0	0	0	0	0	0	0	0	0	0	0	0	0	0	0	0	0	0	0	0	0	0	0	0	0	0	1	0	0	0	0	0	0	0	0	0	0	0	0	0	1638	0	0	0	0	0	0	0	0	0	0	0	0	0	0	0	0	0	0	0	0	0	0	0	0	0	0	0	0	0	0	0	0	0	0	1	
	60331	1	0	중국검게뒤틀린매의팬텀실루엣상자	40800	0	0	42022	41800	0	0	200017	39999	0	20029	0	911	0	Null	0	Null	0	0	0	0	1	0	0	0	0	0	0	0	2	2	255	0	0	0	0	0	0	0	0	0	0	0	0	0	0	0	0	0	0	0	0	0	0	0	0	0	0	0	0	0	1	1	1	1	1	1	1	1	99	0	0	0	0	0	0	0	0	0	0	0	0	0	0	0	0	0	0	0	0	0	0	0	0	0	0	0	0	0	0	0	0	0	0	0	0	0	0	0	0	0	0	0	0	0	1	0	0	0	0	0	0	0	0	0	0	0	0	0	1639	0	0	0	0	0	0	0	0	0	0	0	0	0	0	0	0	0	0	0	0	0	0	0	0	0	0	0	0	0	0	0	0	0	0	1	
	60332	1	0	중국검게뒤틀린맹공의팬텀실루엣상자	40801	0	0	42022	41801	0	0	200017	39999	0	20029	0	911	0	Null	0	Null	0	0	0	0	1	0	0	0	0	0	0	0	2	2	255	0	0	0	0	0	0	0	0	0	0	0	0	0	0	0	0	0	0	0	0	0	0	0	0	0	0	0	0	0	1	1	1	1	1	1	1	1	99	0	0	0	0	0	0	0	0	0	0	0	0	0	0	0	0	0	0	0	0	0	0	0	0	0	0	0	0	0	0	0	0	0	0	0	0	0	0	0	0	0	0	0	0	0	1	0	0	0	0	0	0	0	0	0	0	0	0	0	1640	0	0	0	0	0	0	0	0	0	0	0	0	0	0	0	0	0	0	0	0	0	0	0	0	0	0	0	0	0	0	0	0	0	0	1	
	60333	1	0	중국검게뒤틀린결의의팬텀실루엣상자	40802	0	0	42022	41802	0	0	200017	39999	0	20029	0	911	0	Null	0	Null	0	0	0	0	1	0	0	0	0	0	0	0	2	2	255	0	0	0	0	0	0	0	0	0	0	0	0	0	0	0	0	0	0	0	0	0	0	0	0	0	0	0	0	0	1	1	1	1	1	1	1	1	99	0	0	0	0	0	0	0	0	0	0	0	0	0	0	0	0	0	0	0	0	0	0	0	0	0	0	0	0	0	0	0	0	0	0	0	0	0	0	0	0	0	0	0	0	0	1	0	0	0	0	0	0	0	0	0	0	0	0	0	1641	0	0	0	0	0	0	0	0	0	0	0	0	0	0	0	0	0	0	0	0	0	0	0	0	0	0	0	0	0	0	0	0	0	0	1	
	60334	1	0	중국검게뒤틀린수호의팬텀실루엣상자	40803	0	0	42022	41803	0	0	200017	39999	0	20029	0	911	0	Null	0	Null	0	0	0	0	1	0	0	0	0	0	0	0	2	2	255	0	0	0	0	0	0	0	0	0	0	0	0	0	0	0	0	0	0	0	0	0	0	0	0	0	0	0	0	0	1	1	1	1	1	1	1	1	99	0	0	0	0	0	0	0	0	0	0	0	0	0	0	0	0	0	0	0	0	0	0	0	0	0	0	0	0	0	0	0	0	0	0	0	0	0	0	0	0	0	0	0	0	0	1	0	0	0	0	0	0	0	0	0	0	0	0	0	1642	0	0	0	0	0	0	0	0	0	0	0	0	0	0	0	0	0	0	0	0	0	0	0	0	0	0	0	0	0	0	0	0	0	0	1	
	60335	1	0	중국검게뒤틀린매의크림슨트리거상자	40804	0	0	42022	41804	0	0	200017	39999	0	20029	0	911	0	Null	0	Null	0	0	0	0	1	0	0	0	0	0	0	0	2	2	255	0	0	0	0	0	0	0	0	0	0	0	0	0	0	0	0	0	0	0	0	0	0	0	0	0	0	0	0	0	1	1	1	1	1	1	1	1	99	0	0	0	0	0	0	0	0	0	0	0	0	0	0	0	0	0	0	0	0	0	0	0	0	0	0	0	0	0	0	0	0	0	0	0	0	0	0	0	0	0	0	0	0	0	1	0	0	0	0	0	0	0	0	0	0	0	0	0	1643	0	0	0	0	0	0	0	0	0	0	0	0	0	0	0	0	0	0	0	0	0	0	0	0	0	0	0	0	0	0	0	0	0	0	1	
	60336	1	0	중국검게뒤틀린맹공의크림슨트리거상자	40805	0	0	42022	41805	0	0	200017	39999	0	20029	0	911	0	Null	0	Null	0	0	0	0	1	0	0	0	0	0	0	0	2	2	255	0	0	0	0	0	0	0	0	0	0	0	0	0	0	0	0	0	0	0	0	0	0	0	0	0	0	0	0	0	1	1	1	1	1	1	1	1	99	0	0	0	0	0	0	0	0	0	0	0	0	0	0	0	0	0	0	0	0	0	0	0	0	0	0	0	0	0	0	0	0	0	0	0	0	0	0	0	0	0	0	0	0	0	1	0	0	0	0	0	0	0	0	0	0	0	0	0	1644	0	0	0	0	0	0	0	0	0	0	0	0	0	0	0	0	0	0	0	0	0	0	0	0	0	0	0	0	0	0	0	0	0	0	1	
	60337	1	0	중국검게뒤틀린결의의크림슨트리거상자	40806	0	0	42022	41806	0	0	200017	39999	0	20029	0	911	0	Null	0	Null	0	0	0	0	1	0	0	0	0	0	0	0	2	2	255	0	0	0	0	0	0	0	0	0	0	0	0	0	0	0	0	0	0	0	0	0	0	0	0	0	0	0	0	0	1	1	1	1	1	1	1	1	99	0	0	0	0	0	0	0	0	0	0	0	0	0	0	0	0	0	0	0	0	0	0	0	0	0	0	0	0	0	0	0	0	0	0	0	0	0	0	0	0	0	0	0	0	0	1	0	0	0	0	0	0	0	0	0	0	0	0	0	1645	0	0	0	0	0	0	0	0	0	0	0	0	0	0	0	0	0	0	0	0	0	0	0	0	0	0	0	0	0	0	0	0	0	0	1	
	60338	1	0	중국검게뒤틀린수호의크림슨트리거상자	40807	0	0	42022	41807	0	0	200017	39999	0	20029	0	911	0	Null	0	Null	0	0	0	0	1	0	0	0	0	0	0	0	2	2	255	0	0	0	0	0	0	0	0	0	0	0	0	0	0	0	0	0	0	0	0	0	0	0	0	0	0	0	0	0	1	1	1	1	1	1	1	1	99	0	0	0	0	0	0	0	0	0	0	0	0	0	0	0	0	0	0	0	0	0	0	0	0	0	0	0	0	0	0	0	0	0	0	0	0	0	0	0	0	0	0	0	0	0	1	0	0	0	0	0	0	0	0	0	0	0	0	0	1646	0	0	0	0	0	0	0	0	0	0	0	0	0	0	0	0	0	0	0	0	0	0	0	0	0	0	0	0	0	0	0	0	0	0	1	
	60367	1	0	중국검게뒤틀린매의솔리드암상자	41746	0	0	42022	41750	0	0	200017	39999	0	20029	0	911	0	Null	0	Null	0	0	0	0	1	0	0	0	0	0	0	0	2	2	255	0	0	0	0	0	0	0	0	0	0	0	0	0	0	0	0	0	0	0	0	0	0	0	0	0	0	0	0	0	1	1	1	1	1	1	1	1	99	0	0	0	0	0	0	0	0	0	0	0	0	0	0	0	0	0	0	0	0	0	0	0	0	0	0	0	0	0	0	0	0	0	0	0	0	0	0	0	0	0	0	0	0	0	1	0	0	0	0	0	0	0	0	0	0	0	0	0	1817	0	0	0	0	0	0	0	0	0	0	0	0	0	0	0	0	0	0	0	0	0	0	0	0	0	0	0	0	0	0	0	0	0	0	1	
	60368	1	0	중국검게뒤틀린맹공의솔리드암상자	41747	0	0	42022	41751	0	0	200017	39999	0	20029	0	911	0	Null	0	Null	0	0	0	0	1	0	0	0	0	0	0	0	2	2	255	0	0	0	0	0	0	0	0	0	0	0	0	0	0	0	0	0	0	0	0	0	0	0	0	0	0	0	0	0	1	1	1	1	1	1	1	1	99	0	0	0	0	0	0	0	0	0	0	0	0	0	0	0	0	0	0	0	0	0	0	0	0	0	0	0	0	0	0	0	0	0	0	0	0	0	0	0	0	0	0	0	0	0	1	0	0	0	0	0	0	0	0	0	0	0	0	0	1818	0	0	0	0	0	0	0	0	0	0	0	0	0	0	0	0	0	0	0	0	0	0	0	0	0	0	0	0	0	0	0	0	0	0	1	
	60369	1	0	중국검게뒤틀린결의의솔리드암상자	41748	0	0	42022	41752	0	0	200017	39999	0	20029	0	911	0	Null	0	Null	0	0	0	0	1	0	0	0	0	0	0	0	2	2	255	0	0	0	0	0	0	0	0	0	0	0	0	0	0	0	0	0	0	0	0	0	0	0	0	0	0	0	0	0	1	1	1	1	1	1	1	1	99	0	0	0	0	0	0	0	0	0	0	0	0	0	0	0	0	0	0	0	0	0	0	0	0	0	0	0	0	0	0	0	0	0	0	0	0	0	0	0	0	0	0	0	0	0	1	0	0	0	0	0	0	0	0	0	0	0	0	0	1819	0	0	0	0	0	0	0	0	0	0	0	0	0	0	0	0	0	0	0	0	0	0	0	0	0	0	0	0	0	0	0	0	0	0	1	
	60370	1	0	중국검게뒤틀린수호의솔리드암상자	41749	0	0	42022	41753	0	0	200017	39999	0	20029	0	911	0	Null	0	Null	0	0	0	0	1	0	0	0	0	0	0	0	2	2	255	0	0	0	0	0	0	0	0	0	0	0	0	0	0	0	0	0	0	0	0	0	0	0	0	0	0	0	0	0	1	1	1	1	1	1	1	1	99	0	0	0	0	0	0	0	0	0	0	0	0	0	0	0	0	0	0	0	0	0	0	0	0	0	0	0	0	0	0	0	0	0	0	0	0	0	0	0	0	0	0	0	0	0	1	0	0	0	0	0	0	0	0	0	0	0	0	0	1820	0	0	0	0	0	0	0	0	0	0	0	0	0	0	0	0	0	0	0	0	0	0	0	0	0	0	0	0	0	0	0	0	0	0	1	
	60371	1	0	중국검게뒤틀린매의프로스트네일상자	41844	0	0	42022	41848	0	0	200017	39999	0	20029	0	911	0	Null	0	Null	0	0	0	0	1	0	0	0	0	0	0	0	2	2	255	0	0	0	0	0	0	0	0	0	0	0	0	0	0	0	0	0	0	0	0	0	0	0	0	0	0	0	0	0	1	1	1	1	1	1	1	1	99	0	0	0	0	0	0	0	0	0	0	0	0	0	0	0	0	0	0	0	0	0	0	0	0	0	0	0	0	0	0	0	0	0	0	0	0	0	0	0	0	0	0	0	0	0	1	0	0	0	0	0	0	0	0	0	0	0	0	0	2060	0	0	0	0	0	0	0	0	0	0	0	0	0	0	0	0	0	0	0	0	0	0	0	0	0	0	0	0	0	0	0	0	0	0	1	
	60372	1	0	중국검게뒤틀린맹공의프로스트네일상자	41845	0	0	42022	41849	0	0	200017	39999	0	20029	0	911	0	Null	0	Null	0	0	0	0	1	0	0	0	0	0	0	0	2	2	255	0	0	0	0	0	0	0	0	0	0	0	0	0	0	0	0	0	0	0	0	0	0	0	0	0	0	0	0	0	1	1	1	1	1	1	1	1	99	0	0	0	0	0	0	0	0	0	0	0	0	0	0	0	0	0	0	0	0	0	0	0	0	0	0	0	0	0	0	0	0	0	0	0	0	0	0	0	0	0	0	0	0	0	1	0	0	0	0	0	0	0	0	0	0	0	0	0	2061	0	0	0	0	0	0	0	0	0	0	0	0	0	0	0	0	0	0	0	0	0	0	0	0	0	0	0	0	0	0	0	0	0	0	1	
	60373	1	0	중국검게뒤틀린결의의프로스트네일상자	41846	0	0	42022	41850	0	0	200017	39999	0	20029	0	911	0	Null	0	Null	0	0	0	0	1	0	0	0	0	0	0	0	2	2	255	0	0	0	0	0	0	0	0	0	0	0	0	0	0	0	0	0	0	0	0	0	0	0	0	0	0	0	0	0	1	1	1	1	1	1	1	1	99	0	0	0	0	0	0	0	0	0	0	0	0	0	0	0	0	0	0	0	0	0	0	0	0	0	0	0	0	0	0	0	0	0	0	0	0	0	0	0	0	0	0	0	0	0	1	0	0	0	0	0	0	0	0	0	0	0	0	0	2062	0	0	0	0	0	0	0	0	0	0	0	0	0	0	0	0	0	0	0	0	0	0	0	0	0	0	0	0	0	0	0	0	0	0	1	
	60374	1	0	중국검게뒤틀린수호의프로스트네일상자	41847	0	0	42022	41851	0	0	200017	39999	0	20029	0	911	0	Null	0	Null	0	0	0	0	1	0	0	0	0	0	0	0	2	2	255	0	0	0	0	0	0	0	0	0	0	0	0	0	0	0	0	0	0	0	0	0	0	0	0	0	0	0	0	0	1	1	1	1	1	1	1	1	99	0	0	0	0	0	0	0	0	0	0	0	0	0	0	0	0	0	0	0	0	0	0	0	0	0	0	0	0	0	0	0	0	0	0	0	0	0	0	0	0	0	0	0	0	0	1	0	0	0	0	0	0	0	0	0	0	0	0	0	2063	0	0	0	0	0	0	0	0	0	0	0	0	0	0	0	0	0	0	0	0	0	0	0	0	0	0	0	0	0	0	0	0	0	0	1	
//퀘스트토큰용 아이템								#N/A																																																																																																																																																																	
	60375	1	0	상급_맹공의반지_랜덤상자	43905	0	0	42023	44905	0	0	200017	39999	0	20029	0	911	0	Null	0	Null	0	0	0	0	1	0	0	0	0	0	0	0	2	39	255	0	0	0	0	0	0	0	0	0	0	0	0	0	0	0	0	0	0	0	0	0	0	0	0	0	0	0	0	0	1	1	1	1	1	1	1	1	99	0	0	0	0	0	0	0	0	0	0	0	0	0	0	0	0	0	0	0	0	0	0	0	0	0	0	0	0	0	0	0	0	0	0	0	0	0	0	0	0	0	0	0	0	0	1	0	0	0	0	0	0	0	0	0	0	0	0	0	1825	0	0	0	0	0	0	0	0	0	0	0	0	0	0	0	0	0	0	0	0	0	0	0	0	0	0	0	0	0	0	0	0	0	0	1	
	60376	1	0	몬스터사냥꾼_1일	43906	0	0	42023	28917	0	0	36895	39999	0	20029	0	911	0	Null	0	Null	0	0	0	0	1	0	0	0	0	0	0	0	2	39	255	0	0	0	0	0	0	0	0	0	0	0	0	0	0	0	0	0	0	0	0	0	0	0	0	0	0	0	0	0	1	1	1	1	1	1	1	1	99	0	0	0	0	0	0	0	0	0	0	0	0	0	0	0	0	0	0	0	0	0	0	0	0	0	0	0	0	0	0	0	0	0	0	0	0	0	0	0	0	0	0	0	0	0	1	0	0	0	0	0	0	0	0	0	0	0	0	0	1826	0	0	0	0	0	0	0	0	0	0	0	0	0	0	0	0	0	0	0	0	0	0	0	0	0	0	0	0	0	0	0	0	0	0	1	
	60377	1	0	해방군의의지_7일	43907	0	0	42023	159033	0	0	72012	39999	0	20029	0	911	0	Null	0	Null	0	0	0	0	1	0	0	0	0	0	0	0	2	39	255	0	0	0	0	0	0	0	0	0	0	0	0	0	0	0	0	0	0	0	0	0	0	0	0	0	0	0	0	0	1	1	1	1	1	1	1	1	99	0	0	0	0	0	0	0	0	0	0	0	0	0	0	0	0	0	0	0	0	0	0	0	0	0	0	0	0	0	0	0	0	0	0	0	0	0	0	0	0	0	0	0	0	0	1	0	0	0	0	0	0	0	0	0	0	0	0	0	1827	0	0	0	0	0	0	0	0	0	0	0	0	0	0	0	0	0	0	0	0	0	0	0	0	0	0	0	0	0	0	0	0	0	0	1	
	60378	1	0	명지휘관의지휘봉_7일	43908	0	0	42023	159019	0	0	73507	39999	0	20029	0	911	0	Null	0	Null	0	0	0	0	1	0	0	0	0	0	0	0	2	39	255	0	0	0	0	0	0	0	0	0	0	0	0	0	0	0	0	0	0	0	0	0	0	0	0	0	0	0	0	0	1	1	1	1	1	1	1	1	99	0	0	0	0	0	0	0	0	0	0	0	0	0	0	0	0	0	0	0	0	0	0	0	0	0	0	0	0	0	0	0	0	0	0	0	0	0	0	0	0	0	0	0	0	0	1	0	0	0	0	0	0	0	0	0	0	0	0	0	1828	0	0	0	0	0	0	0	0	0	0	0	0	0	0	0	0	0	0	0	0	0	0	0	0	0	0	0	0	0	0	0	0	0	0	1	
	60379	1	0	베테랑모험가_7일	43909	0	0	42023	28915	0	0	36893	39999	0	20029	0	911	0	Null	0	Null	0	0	0	0	1	0	0	0	0	0	0	0	2	39	255	0	0	0	0	0	0	0	0	0	0	0	0	0	0	0	0	0	0	0	0	0	0	0	0	0	0	0	0	0	1	1	1	1	1	1	1	1	99	0	0	0	0	0	0	0	0	0	0	0	0	0	0	0	0	0	0	0	0	0	0	0	0	0	0	0	0	0	0	0	0	0	0	0	0	0	0	0	0	0	0	0	0	0	1	0	0	0	0	0	0	0	0	0	0	0	0	0	1829	0	0	0	0	0	0	0	0	0	0	0	0	0	0	0	0	0	0	0	0	0	0	0	0	0	0	0	0	0	0	0	0	0	0	1	
	60380	1	0	고급사료_30개	43910	0	0	42023	159109	0	0	74623	39999	0	20029	0	911	0	Null	0	Null	0	0	0	0	1	0	0	0	0	0	0	0	2	39	255	0	0	0	0	0	0	0	0	0	0	0	0	0	0	0	0	0	0	0	0	0	0	0	0	0	0	0	0	0	1	1	1	1	1	1	1	1	99	0	0	0	0	0	0	0	0	0	0	0	0	0	0	0	0	0	0	0	0	0	0	0	0	0	0	0	0	0	0	0	0	0	0	0	0	0	0	0	0	0	0	0	0	0	1	0	0	0	0	0	0	0	0	0	0	0	0	0	1830	0	0	0	0	0	0	0	0	0	0	0	0	0	0	0	0	0	0	0	0	0	0	0	0	0	0	0	0	0	0	0	0	0	0	1	
	60381	1	0	희미한_빛의_쟈드추출석_거래불가	158162	1	69DDA0	40008	159049	0	0	73502	39918	0	20003	0	911	0	Null	0	Null	0	0	0	0	1	0	0	0	0	0	0	0	2	263	255	0	0	0	0	0	0	0	0	0	0	0	0	0	0	0	0	0	0	0	0	0	0	0	0	0	0	0	0	0	1	1	1	1	1	1	1	1	99	0	0	0	0	0	0	0	0	0	0	0	0	0	0	0	0	0	0	0	0	0	0	0	0	0	0	0	0	0	0	0	0	0	0	0	0	0	0	0	0	0	0	0	0	0	30	0	0	0	0	0	15	0	0	0	0	0	0	0	0	0	0	0	250	0	0	0	0	0	0	0	0	0	0	0	0	0	0	0	0	0	0	0	0	0	0	0	0	0	0	0	0	0	0	1	
	60382	1	0	에테리아추출서_거래불가	6151	1	FFFFFF	9445	6153	0	0	34138	39919	0	1003	0	202	0	Null	0	Null	0	0	0	0	2	0	0	0	50	50	0	0	2	263	255	0	0	0	0	0	0	0	0	0	0	0	0	0	0	0	0	0	0	0	0	0	0	0	0	0	0	0	0	0	0	0	0	0	0	0	0	0	99	0	0	0	0	0	0	0	0	0	0	0	0	0	0	0	0	0	0	0	0	0	0	0	0	0	0	0	0	0	0	0	0	0	0	0	0	0	0	0	0	0	0	0	0	0	255	0	0	0	0	16	0	0	0	0	0	0	0	0	0	0	0	0	0	0	0	0	0	0	0	0	0	0	0	0	0	0	0	0	0	0	0	0	0	0	0	0	0	0	0	0	0	0	0	0	
	60383	1	0	스킨추출서_거래불가	6152	1	FFFFFF	9445	6154	0	0	34138	39919	0	1003	0	202	0	Null	0	Null	0	0	0	0	2	0	0	0	50	50	0	0	2	263	255	0	0	0	0	0	0	0	0	0	0	0	0	0	0	0	0	0	0	0	0	0	0	0	0	0	0	0	0	0	0	0	0	0	0	0	0	0	99	0	0	0	0	0	0	0	0	0	0	0	0	0	0	0	0	0	0	0	0	0	0	0	0	0	0	0	0	0	0	0	0	0	0	0	0	0	0	0	0	0	0	0	0	0	255	0	0	0	0	17	0	0	0	0	0	0	0	0	0	0	0	0	0	0	0	0	0	0	0	0	0	0	0	0	0	0	0	0	0	0	0	0	0	0	0	0	0	0	0	0	0	0	0	0	
	60384	1	0	여신의은혜_3개상자	43911	0	0	42023	159023	0	0	73501	39999	0	20029	0	911	0	Null	0	Null	0	0	0	0	1	0	0	0	0	0	0	0	2	39	255	0	0	0	0	0	0	0	0	0	0	0	0	0	0	0	0	0	0	0	0	0	0	0	0	0	0	0	0	0	1	1	1	1	1	1	1	1	99	0	0	0	0	0	0	0	0	0	0	0	0	0	0	0	0	0	0	0	0	0	0	0	0	0	0	0	0	0	0	0	0	0	0	0	0	0	0	0	0	0	0	0	0	0	1	0	0	0	0	0	0	0	0	0	0	0	0	0	1831	0	0	0	0	0	0	0	0	0	0	0	0	0	0	0	0	0	0	0	0	0	0	0	0	0	0	0	0	0	0	0	0	0	0	1	
	60385	1	0	명인의키트_3개상자	43912	0	0	42023	159021	0	0	73503	39999	0	20029	0	911	0	Null	0	Null	0	0	0	0	1	0	0	0	0	0	0	0	2	39	255	0	0	0	0	0	0	0	0	0	0	0	0	0	0	0	0	0	0	0	0	0	0	0	0	0	0	0	0	0	1	1	1	1	1	1	1	1	99	0	0	0	0	0	0	0	0	0	0	0	0	0	0	0	0	0	0	0	0	0	0	0	0	0	0	0	0	0	0	0	0	0	0	0	0	0	0	0	0	0	0	0	0	0	1	0	0	0	0	0	0	0	0	0	0	0	0	0	1832	0	0	0	0	0	0	0	0	0	0	0	0	0	0	0	0	0	0	0	0	0	0	0	0	0	0	0	0	0	0	0	0	0	0	1	
	60386	1	0	헤르메시즘의성서(3~5소켓)_거래불가	47711	1	69DDA0	9445	48711	0	0	73534	39918	0	20036	0	911	0	Null	0	Null	0	4	0	0	1	0	0	0	0	0	0	0	2	263	255	0	0	0	0	0	0	0	0	0	0	0	0	0	0	0	0	0	0	0	0	0	0	0	0	0	0	0	0	0	0	0	0	0	0	0	0	0	99	0	0	0	0	0	0	0	0	0	0	0	0	0	0	0	0	0	0	0	0	0	0	0	0	0	0	0	0	0	0	0	0	0	0	0	0	0	0	0	0	0	0	0	0	0	255	0	0	0	0	0	0	0	0	0	0	0	0	0	0	0	0	0	0	0	0	0	0	0	0	0	0	0	0	0	0	0	0	0	0	0	0	0	0	0	0	0	0	0	0	0	0	0	0	0	
	60387	1	2	[도전]수호의반지_LE(거래불가)	43903	1	69DDA0	40022	44903	0	0	72002	39918	0	811	0	811	8	Q000	1	Null	0	0	1	241	1	0	0	0	0	0	0	0	1	39	255	0	0	0	0	0	0	0	0	0	0	0	0	0	0	0	0	0	0	0	0	0	0	0	0	0	0	0	0	0	1	1	1	1	1	1	1	1	16	1	49	2	10	1	28	1	400	1	32	1	3	0	0	0	0	0	0	0	0	0	0	0	0	0	0	0	0	0	0	0	0	0	0	0	0	0	0	0	0	0	0	0	0	0	1	1	0	0	0	0	0	0	0	0	0	0	0	0	0	0	0	0	0	0	0	0	0	0	0	0	0	0	0	0	0	0	0	0	0	0	0	0	0	0	0	0	0	0	0	0	0	0	0	1	
	60388	1	2	[도전]맹공의반지_LE(거래불가)	43901	1	69DDA0	40022	44901	0	0	72001	39918	0	811	0	811	8	Q000	1	Null	0	0	1	241	1	0	0	0	0	0	0	0	1	39	255	0	0	0	0	0	0	0	0	0	0	0	0	0	0	0	0	0	0	0	0	0	0	0	0	0	0	0	0	0	1	1	1	1	1	1	1	1	16	1	47	2	10	1	35	2	10	1	1	1	3	1	32	1	3	0	0	0	0	0	0	0	0	0	0	0	0	0	0	0	0	0	0	0	0	0	0	0	0	0	0	0	0	0	1	1	0	0	0	0	0	0	0	0	0	0	0	0	0	0	0	0	0	0	0	0	0	0	0	0	0	0	0	0	0	0	0	0	0	0	0	0	0	0	0	0	0	0	0	0	0	0	0	1	
	60389	1	2	[도전]분노의반지_LE(거래불가)	43902	1	69DDA0	40022	44902	0	0	72002	39918	0	811	0	811	8	Q000	1	Null	0	0	1	241	1	0	0	0	0	0	0	0	1	39	255	0	0	0	0	0	0	0	0	0	0	0	0	0	0	0	0	0	0	0	0	0	0	0	0	0	0	0	0	0	1	1	1	1	1	1	1	1	16	1	31	5	10	1	29	1	100	1	32	1	3	0	0	0	0	0	0	0	0	0	0	0	0	0	0	0	0	0	0	0	0	0	0	0	0	0	0	0	0	0	0	0	0	0	1	1	0	0	0	0	0	0	0	0	0	0	0	0	0	0	0	0	0	0	0	0	0	0	0	0	0	0	0	0	0	0	0	0	0	0	0	0	0	0	0	0	0	0	0	0	0	0	0	1	
	60390	1	2	[도전]폭풍의반지_LE(거래불가)	43904	1	69DDA0	40022	44904	0	0	72006	39918	0	811	0	811	8	Q000	1	Null	0	0	1	241	1	0	0	0	0	0	0	0	1	39	255	0	0	0	0	0	0	0	0	0	0	0	0	0	0	0	0	0	0	0	0	0	0	0	0	0	0	0	0	0	1	1	1	1	1	1	1	1	16	1	1	2	7	0	0	0	0	0	0	0	0	0	0	0	0	0	0	0	0	1	1	2	10	0	0	0	0	0	0	0	0	0	0	0	0	0	0	0	0	0	0	0	0	0	1	1	0	0	0	0	0	0	0	0	0	0	0	0	0	0	0	0	0	0	0	0	0	0	0	0	0	0	0	0	0	0	0	0	0	0	0	0	0	0	0	0	0	0	0	0	0	0	0	1	
	60391	1	2	[지급품]배테랑모험가(거래불가)	158668	1	69DDA0	40022	28915	0	0	36893	39918	0	20053	0	911	0	Null	0	Null	0	0	0	0	1	0	0	0	0	0	0	0	2	39	255	0	0	0	0	0	0	0	0	0	0	0	0	0	0	0	0	0	0	0	0	0	0	0	0	0	0	0	0	0	1	1	1	1	1	1	1	1	99	0	0	0	0	0	0	0	0	0	0	0	0	0	0	0	0	0	0	0	0	0	0	0	0	0	0	0	0	0	0	0	0	0	0	0	0	0	0	0	0	0	0	0	0	0	1	0	0	0	0	0	0	0	0	0	0	0	0	0	0	21	0	0	0	0	0	0	0	0	0	0	0	0	0	0	0	0	0	0	0	0	0	0	0	0	0	0	0	0	0	0	0	0	0	1	
	60392	1	0	[지급품]고급사료	158109	0	0	40008	159109	0	0	74623	39999	0	20021	0	20021	0	Null	0	Null	0	0	0	0	1	0	0	0	1000	1000	0	0	2	39	255	0	0	0	0	0	0	0	0	0	0	0	0	0	0	0	0	0	0	0	0	0	0	0	0	0	0	0	0	0	1	1	1	1	1	1	1	1	99	0	0	0	0	0	0	0	0	0	0	0	0	0	0	0	0	0	0	0	0	0	0	0	0	0	0	0	0	0	0	0	0	0	0	0	0	0	0	0	0	30	0	0	0	0	255	0	0	0	0	10	0	0	0	0	0	0	0	0	20	0	0	0	0	0	0	0	0	0	0	0	0	0	0	0	0	0	0	0	0	0	0	0	0	0	0	0	0	0	0	0	0	0	0	1	
	60393	1	0	명인의키트	158021	1	69DDA0	40008	159021	0	0	73503	39918	0	20006	0	911	0	Null	0	Null	0	0	0	0	1	0	0	0	0	0	0	0	2	39	255	0	0	0	0	0	0	0	0	0	0	0	0	0	0	0	0	0	0	0	0	0	0	0	0	0	0	0	0	0	1	1	1	1	1	1	1	1	99	0	0	0	0	0	0	0	0	0	0	0	0	0	0	0	0	0	0	0	0	0	0	0	0	0	0	0	0	0	0	0	0	0	0	0	0	0	0	0	0	0	0	0	0	0	255	0	0	0	0	3	14	0	0	0	0	10000	0	0	0	0	0	0	0	0	0	0	0	0	0	0	0	0	0	0	0	0	0	0	0	0	0	0	0	0	0	0	0	0	0	0	0	0	0	1	
	60394	1	0	상급_분노의반지_랜덤상자	43898	0	0	42021	44898	0	0	200017	39999	0	20029	0	911	0	Null	0	Null	0	0	0	0	1	0	0	0	0	0	0	0	2	39	255	0	0	0	0	0	0	0	0	0	0	0	0	0	0	0	0	0	0	0	0	0	0	0	0	0	0	0	0	0	1	1	1	1	1	1	1	1	99	0	0	0	0	0	0	0	0	0	0	0	0	0	0	0	0	0	0	0	0	0	0	0	0	0	0	0	0	0	0	0	0	0	0	0	0	0	0	0	0	0	0	0	0	0	1	0	0	0	0	0	0	0	0	0	0	0	0	0	1833	0	0	0	0	0	0	0	0	0	0	0	0	0	0	0	0	0	0	0	0	0	0	0	0	0	0	0	0	0	0	0	0	0	0	1	
	60395	1	0	상급_수호의반지_랜덤상자	43899	0	0	42021	44899	0	0	200017	39999	0	20029	0	911	0	Null	0	Null	0	0	0	0	1	0	0	0	0	0	0	0	2	39	255	0	0	0	0	0	0	0	0	0	0	0	0	0	0	0	0	0	0	0	0	0	0	0	0	0	0	0	0	0	1	1	1	1	1	1	1	1	99	0	0	0	0	0	0	0	0	0	0	0	0	0	0	0	0	0	0	0	0	0	0	0	0	0	0	0	0	0	0	0	0	0	0	0	0	0	0	0	0	0	0	0	0	0	1	0	0	0	0	0	0	0	0	0	0	0	0	0	1834	0	0	0	0	0	0	0	0	0	0	0	0	0	0	0	0	0	0	0	0	0	0	0	0	0	0	0	0	0	0	0	0	0	0	1	
	60396	1	0	상급_폭풍의반지_랜덤상자	43900	0	0	42021	44900	0	0	200017	39999	0	20029	0	911	0	Null	0	Null	0	0	0	0	1	0	0	0	0	0	0	0	2	39	255	0	0	0	0	0	0	0	0	0	0	0	0	0	0	0	0	0	0	0	0	0	0	0	0	0	0	0	0	0	1	1	1	1	1	1	1	1	99	0	0	0	0	0	0	0	0	0	0	0	0	0	0	0	0	0	0	0	0	0	0	0	0	0	0	0	0	0	0	0	0	0	0	0	0	0	0	0	0	0	0	0	0	0	1	0	0	0	0	0	0	0	0	0	0	0	0	0	1835	0	0	0	0	0	0	0	0	0	0	0	0	0	0	0	0	0	0	0	0	0	0	0	0	0	0	0	0	0	0	0	0	0	0	1	
	60397	1	11	[도전]조화와균형의반지	43897	1	69DDA0	40022	44897	0	0	72023	39918	0	811	0	811	8	Q000	1	Null	0	0	1	241	1	0	0	0	0	0	0	0	1	279	255	0	0	0	0	0	0	0	0	0	0	0	0	0	0	0	0	0	0	0	0	0	0	0	0	0	0	0	0	0	1	1	1	1	1	1	1	1	16	1	45	5	30	0	0	0	0	0	0	0	0	0	0	0	0	0	0	0	0	0	0	0	0	0	0	0	0	0	0	0	0	0	0	0	0	0	0	0	0	0	0	0	0	0	1	1	0	0	0	0	0	0	0	0	0	0	0	0	0	0	0	0	0	0	0	0	0	0	0	0	0	0	0	0	0	0	0	0	0	0	0	0	0	0	0	0	0	0	0	0	0	0	0	1	
	60398	1	11	강신의반지_일본	155689	1	69DDA0	40022	155690	0	0	72024	39918	0	811	0	811	8	Q000	1	Null	0	0	1	273	1	0	0	0	0	0	0	0	1	279	255	0	0	0	0	0	0	0	0	0	0	0	0	0	0	0	0	0	0	0	0	0	0	0	0	0	0	0	0	0	1	1	1	1	1	1	1	1	16	0	0	0	0	0	0	0	0	0	0	0	0	0	0	0	0	0	0	0	0	0	0	0	0	0	0	0	0	0	0	0	0	0	0	0	0	0	0	0	0	0	0	0	0	0	1	1	0	0	0	0	0	0	0	0	0	0	0	0	0	0	0	0	0	0	0	0	0	0	0	0	0	0	0	0	0	0	0	0	0	0	0	0	0	0	0	0	0	0	0	0	0	0	0	1	
//조화와균형의반지거래불가형 추가																																																																																																																																																																									
	60420	1	2	[상급]수호의반지(보상지급용)	41962	1	69DDA0	40022	41967	0	0	86253	39918	0	811	0	811	8	Q000	1	Null	0	0	1	274	1	0	0	0	0	0	0	0	1	279	255	0	0	0	0	0	0	0	0	0	0	0	0	0	0	0	0	0	0	0	0	0	0	0	0	0	0	0	0	0	1	1	1	1	1	1	1	1	16	1	49	2	15	1	28	1	400	1	32	1	3	0	0	0	0	0	0	0	0	0	0	0	0	0	0	0	0	0	0	0	0	0	0	0	0	0	0	0	0	0	0	0	0	0	1	1	0	0	0	0	0	0	0	0	0	0	0	0	0	0	0	0	0	0	0	0	0	0	0	0	0	0	0	0	0	0	0	0	0	0	0	0	0	0	0	0	0	0	0	0	0	0	0	1	
	60421	1	2	[상급]맹공의반지(보상지급용)	41963	1	69DDA0	40022	41968	0	0	86254	39918	0	811	0	811	8	Q000	1	Null	0	0	1	274	1	0	0	0	0	0	0	0	1	279	255	0	0	0	0	0	0	0	0	0	0	0	0	0	0	0	0	0	0	0	0	0	0	0	0	0	0	0	0	0	1	1	1	1	1	1	1	1	16	1	47	2	15	1	35	2	15	1	1	1	3	1	32	1	3	0	0	0	0	0	0	0	0	0	0	0	0	0	0	0	0	0	0	0	0	0	0	0	0	0	0	0	0	0	1	1	0	0	0	0	0	0	0	0	0	0	0	0	0	0	0	0	0	0	0	0	0	0	0	0	0	0	0	0	0	0	0	0	0	0	0	0	0	0	0	0	0	0	0	0	0	0	0	1	
	60422	1	2	[상급]분노의반지(보상지급용)	41964	1	69DDA0	40022	41969	0	0	86253	39918	0	811	0	811	8	Q000	1	Null	0	0	1	274	1	0	0	0	0	0	0	0	1	279	255	0	0	0	0	0	0	0	0	0	0	0	0	0	0	0	0	0	0	0	0	0	0	0	0	0	0	0	0	0	1	1	1	1	1	1	1	1	16	1	31	5	15	1	29	1	100	1	32	1	3	0	0	0	0	0	0	0	0	0	0	0	0	0	0	0	0	0	0	0	0	0	0	0	0	0	0	0	0	0	0	0	0	0	1	1	0	0	0	0	0	0	0	0	0	0	0	0	0	0	0	0	0	0	0	0	0	0	0	0	0	0	0	0	0	0	0	0	0	0	0	0	0	0	0	0	0	0	0	0	0	0	0	1	
	60423	1	2	폭풍의반지(보상지급용)	41965	1	69DDA0	40022	41970	0	0	86255	39918	0	811	0	811	8	Q000	1	Null	0	0	1	274	1	0	0	0	0	0	0	0	1	279	255	0	0	0	0	0	0	0	0	0	0	0	0	0	0	0	0	0	0	0	0	0	0	0	0	0	0	0	0	0	1	1	1	1	1	1	1	1	16	1	1	2	10	0	0	0	0	0	0	0	0	0	0	0	0	0	0	0	0	1	1	2	10	0	0	0	0	0	0	0	0	0	0	0	0	0	0	0	0	0	0	0	0	0	1	1	0	0	0	0	0	0	0	0	0	0	0	0	0	0	0	0	0	0	0	0	0	0	0	0	0	0	0	0	0	0	0	0	0	0	0	0	0	0	0	0	0	0	0	0	0	0	0	1	
	60424	1	11	조화와균형의반지(보상지급용)	41966	1	69DDA0	40022	41971	0	0	86256	39918	0	811	0	811	8	Q000	1	Null	0	0	1	274	1	0	0	0	0	0	0	0	1	279	255	0	0	0	0	0	0	0	0	0	0	0	0	0	0	0	0	0	0	0	0	0	0	0	0	0	0	0	0	0	1	1	1	1	1	1	1	1	16	1	45	5	40	0	0	0	0	0	0	0	0	0	0	0	0	0	0	0	0	0	0	0	0	0	0	0	0	0	0	0	0	0	0	0	0	0	0	0	0	0	0	0	0	0	1	1	0	0	0	0	0	0	0	0	0	0	0	0	0	0	0	0	0	0	0	0	0	0	0	0	0	0	0	0	0	0	0	0	0	0	0	0	0	0	0	0	0	0	0	0	0	0	0	1	
//출석체크보상아이템(거래불가형)																																																																																																																																																																									
	60400	1	0	치타의기세(30분)_LE	158602	1	69DDA0	42015	159205	0	0	72511	39918	0	911	0	911	8	Q005	1	Null	0	0	0	0	1	0	0	0	0	0	0	0	2	263	255	0	0	0	0	0	0	0	0	0	0	0	0	0	0	0	0	0	0	0	0	0	0	0	0	0	0	0	0	0	1	1	1	1	1	1	1	1	99	0	0	0	0	0	0	0	0	0	0	0	0	0	0	0	0	0	0	0	0	0	0	0	0	0	0	0	0	0	0	0	0	0	0	0	0	0	0	0	0	0	0	0	0	0	120	0	0	0	0	15	21	0	0	0	0	5000	0	0	0	58501	0	0	0	0	0	0	0	0	0	0	0	0	0	0	0	0	0	0	0	0	0	0	0	0	0	0	0	0	0	0	0	0	0	1	
	60401	1	0	곰의기세(30분)_LE	158608	1	69DDA0	42015	159206	0	0	72512	39918	0	911	0	911	8	Q005	1	Null	0	0	0	0	1	0	0	0	0	0	0	0	2	263	255	0	0	0	0	0	0	0	0	0	0	0	0	0	0	0	0	0	0	0	0	0	0	0	0	0	0	0	0	0	1	1	1	1	1	1	1	1	99	0	0	0	0	0	0	0	0	0	0	0	0	0	0	0	0	0	0	0	0	0	0	0	0	0	0	0	0	0	0	0	0	0	0	0	0	0	0	0	0	0	0	0	0	0	120	0	0	0	0	15	22	0	0	0	0	5000	0	0	0	58511	0	0	0	0	0	0	0	0	0	0	0	0	0	0	0	0	0	0	0	0	0	0	0	0	0	0	0	0	0	0	0	0	0	1	
	60402	1	0	늑대의기세(30분)_LE	158614	1	69DDA0	42015	159207	0	0	72513	39918	0	911	0	911	8	Q005	1	Null	0	0	0	0	1	0	0	0	0	0	0	0	2	263	255	0	0	0	0	0	0	0	0	0	0	0	0	0	0	0	0	0	0	0	0	0	0	0	0	0	0	0	0	0	1	1	1	1	1	1	1	1	99	0	0	0	0	0	0	0	0	0	0	0	0	0	0	0	0	0	0	0	0	0	0	0	0	0	0	0	0	0	0	0	0	0	0	0	0	0	0	0	0	0	0	0	0	0	120	0	0	0	0	15	23	0	0	0	0	5000	0	0	0	58521	0	0	0	0	0	0	0	0	0	0	0	0	0	0	0	0	0	0	0	0	0	0	0	0	0	0	0	0	0	0	0	0	0	1	
	60403	1	0	매의기세(30분)_LE	158620	1	69DDA0	42015	159208	0	0	72514	39918	0	911	0	911	8	Q005	1	Null	0	0	0	0	1	0	0	0	0	0	0	0	2	263	255	0	0	0	0	0	0	0	0	0	0	0	0	0	0	0	0	0	0	0	0	0	0	0	0	0	0	0	0	0	1	1	1	1	1	1	1	1	99	0	0	0	0	0	0	0	0	0	0	0	0	0	0	0	0	0	0	0	0	0	0	0	0	0	0	0	0	0	0	0	0	0	0	0	0	0	0	0	0	0	0	0	0	0	120	0	0	0	0	15	24	0	0	0	0	5000	0	0	0	58531	0	0	0	0	0	0	0	0	0	0	0	0	0	0	0	0	0	0	0	0	0	0	0	0	0	0	0	0	0	0	0	0	0	1	
	60404	1	0	뱀의기세(30분)_LE	158626	1	69DDA0	42015	159528	0	0	72515	39918	0	911	0	911	8	Q005	1	Null	0	0	0	0	1	0	0	0	0	0	0	0	2	263	255	0	0	0	0	0	0	0	0	0	0	0	0	0	0	0	0	0	0	0	0	0	0	0	0	0	0	0	0	0	1	1	1	1	1	1	1	1	99	0	0	0	0	0	0	0	0	0	0	0	0	0	0	0	0	0	0	0	0	0	0	0	0	0	0	0	0	0	0	0	0	0	0	0	0	0	0	0	0	0	0	0	0	0	120	0	0	0	0	15	25	0	0	0	0	5000	0	0	0	58542	0	0	0	0	0	0	0	0	0	0	0	0	0	0	0	0	0	0	0	0	0	0	0	0	0	0	0	0	0	0	0	0	0	1	
	60405	1	0	치타의정기(30분)_LE	155902	1	69DDA0	42015	158901	0	0	25325	39918	0	911	0	911	8	Q005	1	Null	0	0	0	0	1	0	0	0	0	0	0	0	2	263	255	0	0	0	0	0	0	0	0	0	0	0	0	0	0	0	0	0	0	0	0	0	0	0	0	0	0	0	0	0	1	1	1	1	1	1	1	1	99	0	0	0	0	0	0	0	0	0	0	0	0	0	0	0	0	0	0	0	0	0	0	0	0	0	0	0	0	0	0	0	0	0	0	0	0	0	0	0	0	0	0	0	0	0	120	0	0	0	0	15	21	0	0	0	0	5000	0	0	0	58558	0	0	0	0	0	0	0	0	0	0	0	0	0	0	0	0	0	0	0	0	0	0	0	0	0	0	0	0	0	0	0	0	0	1	
	60406	1	0	곰의정기(30분)_LE	155908	1	69DDA0	42015	158907	0	0	25326	39918	0	911	0	911	8	Q005	1	Null	0	0	0	0	1	0	0	0	0	0	0	0	2	263	255	0	0	0	0	0	0	0	0	0	0	0	0	0	0	0	0	0	0	0	0	0	0	0	0	0	0	0	0	0	1	1	1	1	1	1	1	1	99	0	0	0	0	0	0	0	0	0	0	0	0	0	0	0	0	0	0	0	0	0	0	0	0	0	0	0	0	0	0	0	0	0	0	0	0	0	0	0	0	0	0	0	0	0	120	0	0	0	0	15	22	0	0	0	0	5000	0	0	0	58564	0	0	0	0	0	0	0	0	0	0	0	0	0	0	0	0	0	0	0	0	0	0	0	0	0	0	0	0	0	0	0	0	0	1	
	60407	1	0	늑대의정기(30분)_LE	155914	1	69DDA0	42015	158913	0	0	25327	39918	0	911	0	911	8	Q005	1	Null	0	0	0	0	1	0	0	0	0	0	0	0	2	263	255	0	0	0	0	0	0	0	0	0	0	0	0	0	0	0	0	0	0	0	0	0	0	0	0	0	0	0	0	0	1	1	1	1	1	1	1	1	99	0	0	0	0	0	0	0	0	0	0	0	0	0	0	0	0	0	0	0	0	0	0	0	0	0	0	0	0	0	0	0	0	0	0	0	0	0	0	0	0	0	0	0	0	0	120	0	0	0	0	15	23	0	0	0	0	5000	0	0	0	58570	0	0	0	0	0	0	0	0	0	0	0	0	0	0	0	0	0	0	0	0	0	0	0	0	0	0	0	0	0	0	0	0	0	1	
	60408	1	0	매의정기(30분)_LE	155920	1	69DDA0	42015	158919	0	0	25328	39918	0	911	0	911	8	Q005	1	Null	0	0	0	0	1	0	0	0	0	0	0	0	2	263	255	0	0	0	0	0	0	0	0	0	0	0	0	0	0	0	0	0	0	0	0	0	0	0	0	0	0	0	0	0	1	1	1	1	1	1	1	1	99	0	0	0	0	0	0	0	0	0	0	0	0	0	0	0	0	0	0	0	0	0	0	0	0	0	0	0	0	0	0	0	0	0	0	0	0	0	0	0	0	0	0	0	0	0	120	0	0	0	0	15	24	0	0	0	0	5000	0	0	0	58576	0	0	0	0	0	0	0	0	0	0	0	0	0	0	0	0	0	0	0	0	0	0	0	0	0	0	0	0	0	0	0	0	0	1	
	60409	1	0	뱀의정기(30분)_LE	155926	1	69DDA0	42015	158925	0	0	25329	39918	0	911	0	911	8	Q005	1	Null	0	0	0	0	1	0	0	0	0	0	0	0	2	263	255	0	0	0	0	0	0	0	0	0	0	0	0	0	0	0	0	0	0	0	0	0	0	0	0	0	0	0	0	0	1	1	1	1	1	1	1	1	99	0	0	0	0	0	0	0	0	0	0	0	0	0	0	0	0	0	0	0	0	0	0	0	0	0	0	0	0	0	0	0	0	0	0	0	0	0	0	0	0	0	0	0	0	0	120	0	0	0	0	15	25	0	0	0	0	5000	0	0	0	58582	0	0	0	0	0	0	0	0	0	0	0	0	0	0	0	0	0	0	0	0	0	0	0	0	0	0	0	0	0	0	0	0	0	1	
	60410	1	0	치타의혼(30분)_LE	155938	1	69DDA0	42015	158937	0	0	25331	39918	0	911	0	911	8	Q005	1	Null	0	0	0	0	1	0	0	0	0	0	0	0	2	263	255	0	0	0	0	0	0	0	0	0	0	0	0	0	0	0	0	0	0	0	0	0	0	0	0	0	0	0	0	0	1	1	1	1	1	1	1	1	99	0	0	0	0	0	0	0	0	0	0	0	0	0	0	0	0	0	0	0	0	0	0	0	0	0	0	0	0	0	0	0	0	0	0	0	0	0	0	0	0	0	0	0	0	0	120	0	0	0	0	15	21	0	0	0	0	5000	0	0	0	58594	0	0	0	0	0	0	0	0	0	0	0	0	0	0	0	0	0	0	0	0	0	0	0	0	0	0	0	0	0	0	0	0	0	1	
	60411	1	0	곰의혼(30분)_LE	155944	1	69DDA0	42015	158943	0	0	25332	39918	0	911	0	911	8	Q005	1	Null	0	0	0	0	1	0	0	0	0	0	0	0	2	263	255	0	0	0	0	0	0	0	0	0	0	0	0	0	0	0	0	0	0	0	0	0	0	0	0	0	0	0	0	0	1	1	1	1	1	1	1	1	99	0	0	0	0	0	0	0	0	0	0	0	0	0	0	0	0	0	0	0	0	0	0	0	0	0	0	0	0	0	0	0	0	0	0	0	0	0	0	0	0	0	0	0	0	0	120	0	0	0	0	15	22	0	0	0	0	5000	0	0	0	58600	0	0	0	0	0	0	0	0	0	0	0	0	0	0	0	0	0	0	0	0	0	0	0	0	0	0	0	0	0	0	0	0	0	1	
	60412	1	0	늑대의혼(30분)_LE	155950	1	69DDA0	42015	158949	0	0	25333	39918	0	911	0	911	8	Q005	1	Null	0	0	0	0	1	0	0	0	0	0	0	0	2	263	255	0	0	0	0	0	0	0	0	0	0	0	0	0	0	0	0	0	0	0	0	0	0	0	0	0	0	0	0	0	1	1	1	1	1	1	1	1	99	0	0	0	0	0	0	0	0	0	0	0	0	0	0	0	0	0	0	0	0	0	0	0	0	0	0	0	0	0	0	0	0	0	0	0	0	0	0	0	0	0	0	0	0	0	120	0	0	0	0	15	23	0	0	0	0	5000	0	0	0	58606	0	0	0	0	0	0	0	0	0	0	0	0	0	0	0	0	0	0	0	0	0	0	0	0	0	0	0	0	0	0	0	0	0	1	
	60413	1	0	매의혼(30분)_LE	155956	1	69DDA0	42015	158955	0	0	25334	39918	0	911	0	911	8	Q005	1	Null	0	0	0	0	1	0	0	0	0	0	0	0	2	263	255	0	0	0	0	0	0	0	0	0	0	0	0	0	0	0	0	0	0	0	0	0	0	0	0	0	0	0	0	0	1	1	1	1	1	1	1	1	99	0	0	0	0	0	0	0	0	0	0	0	0	0	0	0	0	0	0	0	0	0	0	0	0	0	0	0	0	0	0	0	0	0	0	0	0	0	0	0	0	0	0	0	0	0	120	0	0	0	0	15	24	0	0	0	0	5000	0	0	0	58612	0	0	0	0	0	0	0	0	0	0	0	0	0	0	0	0	0	0	0	0	0	0	0	0	0	0	0	0	0	0	0	0	0	1	
	60414	1	0	뱀의혼(30분)_LE	155962	1	69DDA0	42015	158961	0	0	25335	39918	0	911	0	911	8	Q005	1	Null	0	0	0	0	1	0	0	0	0	0	0	0	2	263	255	0	0	0	0	0	0	0	0	0	0	0	0	0	0	0	0	0	0	0	0	0	0	0	0	0	0	0	0	0	1	1	1	1	1	1	1	1	99	0	0	0	0	0	0	0	0	0	0	0	0	0	0	0	0	0	0	0	0	0	0	0	0	0	0	0	0	0	0	0	0	0	0	0	0	0	0	0	0	0	0	0	0	0	120	0	0	0	0	15	25	0	0	0	0	5000	0	0	0	58618	0	0	0	0	0	0	0	0	0	0	0	0	0	0	0	0	0	0	0	0	0	0	0	0	0	0	0	0	0	0	0	0	0	1	
	60415	1	0	기세물약4종상자	40347	0	0	42022	41347	0	0	33136	39999	0	20029	0	911	0	Null	0	Null	0	0	0	0	1	0	0	0	0	0	0	0	2	263	255	0	0	0	0	0	0	0	0	0	0	0	0	0	0	0	0	0	0	0	0	0	0	0	0	0	0	0	0	0	1	1	1	1	1	1	1	1	99	0	0	0	0	0	0	0	0	0	0	0	0	0	0	0	0	0	0	0	0	0	0	0	0	0	0	0	0	0	0	0	0	0	0	0	0	0	0	0	0	0	0	0	0	0	1	0	0	0	0	0	0	0	0	0	0	0	0	0	2068	0	0	0	0	0	0	0	0	0	0	0	0	0	0	0	0	0	0	0	0	0	0	0	0	0	0	0	0	0	0	0	0	0	0	1	
	60416	1	0	정기물약4종상자	40348	0	0	42022	41348	0	0	33137	39999	0	20029	0	911	0	Null	0	Null	0	0	0	0	1	0	0	0	0	0	0	0	2	263	255	0	0	0	0	0	0	0	0	0	0	0	0	0	0	0	0	0	0	0	0	0	0	0	0	0	0	0	0	0	1	1	1	1	1	1	1	1	99	0	0	0	0	0	0	0	0	0	0	0	0	0	0	0	0	0	0	0	0	0	0	0	0	0	0	0	0	0	0	0	0	0	0	0	0	0	0	0	0	0	0	0	0	0	1	0	0	0	0	0	0	0	0	0	0	0	0	0	2069	0	0	0	0	0	0	0	0	0	0	0	0	0	0	0	0	0	0	0	0	0	0	0	0	0	0	0	0	0	0	0	0	0	0	1	
	60417	1	0	혼물약4종상자	40349	0	0	42022	41349	0	0	33138	39999	0	20029	0	911	0	Null	0	Null	0	0	0	0	1	0	0	0	0	0	0	0	2	263	255	0	0	0	0	0	0	0	0	0	0	0	0	0	0	0	0	0	0	0	0	0	0	0	0	0	0	0	0	0	1	1	1	1	1	1	1	1	99	0	0	0	0	0	0	0	0	0	0	0	0	0	0	0	0	0	0	0	0	0	0	0	0	0	0	0	0	0	0	0	0	0	0	0	0	0	0	0	0	0	0	0	0	0	1	0	0	0	0	0	0	0	0	0	0	0	0	0	2070	0	0	0	0	0	0	0	0	0	0	0	0	0	0	0	0	0	0	0	0	0	0	0	0	0	0	0	0	0	0	0	0	0	0	1	
	60418	1	0	생명의나무	158005	1	69DDA0	40008	159005	0	0	73512	39918	0	993	0	911	0	Q025	1	Null	0	0	0	0	1	0	300000	0	0	0	0	0	2	263	255	0	0	0	0	0	0	0	0	0	0	0	0	0	0	0	0	0	0	0	0	0	0	0	0	0	0	0	0	0	1	1	1	1	1	1	1	1	99	0	0	0	0	0	0	0	0	0	0	0	0	0	0	0	0	0	0	0	0	0	0	0	0	0	0	0	0	0	0	0	0	0	0	0	0	0	0	0	0	0	0	0	0	0	255	0	0	0	0	3	10	0	0	0	0	0	0	0	0	64520	0	0	0	0	0	0	0	0	0	0	0	0	0	0	0	0	0	0	0	0	0	0	0	0	0	0	0	0	0	0	0	0	0	1	
	60419	1	0	헤르메시즘의성서(4~5소켓)	48716	1	69DDA0	9445	48719	0	0	73534	39918	0	20036	0	911	0	Null	0	Null	0	8	0	0	1	0	0	0	0	0	0	0	2	263	255	0	0	0	0	0	0	0	0	0	0	0	0	0	0	0	0	0	0	0	0	0	0	0	0	0	0	0	0	0	0	0	0	0	0	0	0	0	99	0	0	0	0	0	0	0	0	0	0	0	0	0	0	0	0	0	0	0	0	0	0	0	0	0	0	0	0	0	0	0	0	0	0	0	0	0	0	0	0	0	0	0	0	0	255	0	0	0	0	0	0	0	0	0	0	0	0	0	0	0	0	0	0	0	0	0	0	0	0	0	0	0	0	0	0	0	0	0	0	0	0	0	0	0	0	0	0	0	0	0	0	0	0	0	
//	[ID60000~]_반지		PP전용																													0						0																																																																																																																																			
//	60041	2	2	군신의반지	158040	1	69DDA0	40022	159040	0	0	72001	39918	0	811	0	811	8	Q000	1	Null	0	0	0	0	1	0	0	0	0	0	0	0	1	455	255	0	0	0	0	0	0	0	0	0	0	0	0	0	0	0	0	0	0	0	0	0	0	0	0	0	0	1	1	0	1	1	1	16	0	0	0	0	0	2	20	1	48	2	20	0	0	0	0	0	0	0	0	0	0	0	0	0	0	0	0	0	0	0	0	0	0	0	0	0	0	0	0	0	0	0	0	0	0	0	1	1	2	2	0	1	2	0	0	0	0	0	0	0	0	0	0	0	0	0	0	0	0	0	0	0	0	0	0	0	0	0	0	0	0	0	0	0	0	0	0	0	0	0	0	0	0	0	0	0	0	0	0	
//	60042	2	2	군신의반지_2	158060	1	69DDA0	40022	159060	0	0	72001	39918	0	811	0	811	8	Q000	1	Null	0	0	0	0	1	0	0	0	0	0	0	0	1	455	255	0	0	0	0	0	0	0	0	0	0	0	0	0	0	0	0	0	0	0	0	0	0	0	0	0	0	1	1	0	1	1	1	16	0	0	0	0	0	2	40	1	48	2	40	0	0	0	0	0	0	0	0	0	0	0	0	0	0	0	0	0	0	0	0	0	0	0	0	0	0	0	0	0	0	0	0	0	0	0	1	1	1	1	0	0	0	0	0	0	0	0	0	0	0	0	0	0	0	0	0	0	0	0	0	0	0	0	0	0	0	0	0	0	0	0	0	0	0	0	0	0	0	0	0	0	0	0	0	0	0	0	0	
//	60043	2	2	성역의반지_1	158039	1	69DDA0	40022	159039	0	0	72002	39918	0	811	0	811	8	Q000	1	Null	0	0	0	0	1	0	0	0	0	0	0	0	1	455	255	0	0	0	0	0	0	0	0	0	0	0	0	0	0	0	0	0	0	0	0	0	0	0	0	0	0	1	1	0	1	1	1	16	0	0	0	0	0	2	20	0	0	0	0	0	0	0	0	0	0	0	0	0	0	0	0	0	0	0	0	0	0	0	0	0	0	0	0	0	0	0	0	0	0	0	0	0	0	0	1	1	2	2	0	2	2	0	0	0	0	0	0	0	0	0	0	0	0	0	0	0	0	0	0	0	0	0	0	0	0	0	0	0	0	0	0	0	0	0	0	0	0	0	0	0	0	0	0	0	0	0	0	
//	60044	2	2	__성역의반지_2	158038	1	69DDA0	40022	159038	0	0	72003	39918	0	811	0	811	8	Q000	1	Null	0	0	0	0	1	0	0	0	0	0	0	0	1	455	255	0	0	0	0	0	0	0	0	0	0	0	0	0	0	0	0	0	0	0	0	0	0	0	0	0	0	1	1	0	1	1	1	16	0	0	0	0	0	2	35	0	0	0	0	0	0	0	0	0	0	0	0	0	0	0	0	0	0	0	0	0	0	0	0	0	0	0	0	0	0	0	0	0	0	0	0	0	0	0	1	1	1	1	0	0	0	0	0	0	0	0	0	0	0	0	0	0	0	0	0	0	0	0	0	0	0	0	0	0	0	0	0	0	0	0	0	0	0	0	0	0	0	0	0	0	0	0	0	0	0	0	0	
//	60045	2	2	__성역의반지_3	158037	1	69DDA0	40022	159037	0	0	72004	39918	0	811	0	811	8	Q000	1	Null	0	0	0	0	1	0	0	0	0	0	0	0	1	455	255	0	0	0	0	0	0	0	0	0	0	0	0	0	0	0	0	0	0	0	0	0	0	0	0	0	0	1	1	0	1	1	1	16	0	0	0	0	0	2	4	1	50	2	16	0	0	0	0	0	0	0	0	0	0	0	0	0	0	0	0	0	0	0	0	0	0	0	0	0	0	0	0	0	0	0	0	0	0	0	1	1	2	2	0	0	0	0	0	0	0	0	0	0	0	0	0	0	0	0	0	0	0	0	0	0	0	0	0	0	0	0	0	0	0	0	0	0	0	0	0	0	0	0	0	0	0	0	0	0	0	0	0	
//	60046	2	2	__성역의반지_4	158036	1	69DDA0	40022	159036	0	0	72005	39918	0	811	0	811	8	Q000	1	Null	0	0	0	0	1	0	0	0	0	0	0	0	1	455	255	0	0	0	0	0	0	0	0	0	0	0	0	0	0	0	0	0	0	0	0	0	0	0	0	0	0	1	1	0	1	1	1	16	0	0	0	0	0	2	20	0	0	0	0	0	0	0	0	0	0	0	0	0	0	0	0	0	0	0	0	0	0	0	0	0	0	0	0	0	0	0	0	0	0	0	0	0	0	0	1	1	2	2	0	0	0	0	0	0	0	0	0	0	0	0	0	0	0	0	0	0	0	0	0	0	0	0	0	0	0	0	0	0	0	0	0	0	0	0	0	0	0	0	0	0	0	0	0	0	0	0	0	
//	60047	2	2	폭풍의반지	158035	1	69DDA0	40022	159035	0	0	72006	39918	0	811	0	811	8	Q000	1	Null	0	0	0	0	1	0	0	0	0	0	0	0	1	455	255	0	0	0	0	0	0	0	0	0	0	0	0	0	0	0	0	0	0	0	0	0	0	0	0	0	0	1	1	0	1	1	1	16	0	0	0	0	0	2	20	0	0	0	0	0	0	0	0	0	0	0	0	0	0	0	0	0	0	0	0	0	0	0	0	0	0	0	0	0	0	0	0	0	0	0	0	0	0	0	1	1	2	2	0	0	0	0	0	0	0	0	0	0	0	0	0	0	0	0	0	0	0	0	0	0	0	0	0	0	0	0	0	0	0	0	0	0	0	0	0	0	0	0	0	0	0	0	0	0	0	0	0	
//	60048	2	2	절명의반지	158034	1	69DDA0	40022	159034	0	0	72007	39918	0	811	0	811	8	Q000	1	Null	0	0	0	0	1	0	0	0	0	0	0	0	1	455	255	0	0	0	0	0	0	0	0	0	0	0	0	0	0	0	0	0	0	0	0	0	0	0	0	0	0	1	1	0	1	1	1	16	0	0	0	0	0	1	20	0	0	0	0	0	0	0	0	0	0	0	0	0	0	0	0	0	0	0	0	0	0	0	0	0	0	0	0	0	0	0	0	0	0	0	0	0	0	0	1	1	2	2	0	0	0	0	0	0	0	0	0	0	0	0	0	0	0	0	0	0	0	0	0	0	0	0	0	0	0	0	0	0	0	0	0	0	0	0	0	0	0	0	0	0	0	0	0	0	0	0	0	
//	60049	2	1	[한정판]_집중의부적(인벤토리적용)	158087	1	69DDA0	40022	159087	0	0	73528	39918	0	811	0	811	0	Null	0	Null	0	0	0	0	1	0	0	0	0	0	0	0	0	455	255	0	0	0	0	0	0	0	0	0	0	0	0	0	0	0	0	0	0	0	0	0	0	0	0	0	0	1	1	0	1	1	1	16	0	0	0	0	0	5	35	0	0	0	0	0	0	0	0	0	0	0	0	0	0	0	0	0	0	0	0	0	0	0	0	0	0	0	0	0	0	0	0	0	0	0	0	0	0	0	1	1	1	1	1	0	0	0	0	0	0	0	0	0	0	0	0	0	0	0	0	0	0	0	0	0	0	0	0	0	0	0	0	0	0	0	0	0	0	0	0	0	0	0	0	0	0	0	0	0	0	0	0	
//	60050	2	2	혈신의반지	158031	1	69DDA0	40022	159031	0	0	72009	39918	0	811	0	811	8	Q000	1	Null	0	0	0	0	1	0	0	0	0	0	0	0	1	455	255	0	0	0	0	0	0	0	0	0	0	0	0	0	0	0	0	0	0	0	0	0	0	0	0	0	0	1	1	0	1	1	1	16	0	0	0	0	0	2	20	1	39	2	20	0	0	0	0	0	0	0	0	0	0	0	0	0	0	0	0	0	0	0	0	0	0	0	0	0	0	0	0	0	0	0	0	0	0	0	1	1	1	1	0	0	0	0	0	0	0	0	0	0	0	0	0	0	0	0	0	0	0	0	0	0	0	0	0	0	0	0	0	0	0	0	0	0	0	0	0	0	0	0	0	0	0	0	0	0	0	0	0	
//	60051	2	2	에테르의반지	158030	1	69DDA0	40022	159030	0	0	72010	39918	0	811	0	811	8	Q000	1	Null	0	0	0	0	1	0	0	0	0	0	0	0	1	455	255	0	0	0	0	0	0	0	0	0	0	0	0	0	0	0	0	0	0	0	0	0	0	0	0	0	0	1	1	0	1	1	1	16	0	0	0	0	0	2	20	1	40	1	5	0	0	0	0	0	0	0	0	0	0	0	0	0	0	0	0	0	0	0	0	0	0	0	0	0	0	0	0	0	0	0	0	0	0	0	1	1	1	1	0	0	0	0	0	0	0	0	0	0	0	0	0	0	0	0	0	0	0	0	0	0	0	0	0	0	0	0	0	0	0	0	0	0	0	0	0	0	0	0	0	0	0	0	0	0	0	0	0	
//	60052	2	2	패기의반지	158029	1	69DDA0	40022	159029	0	0	72011	39918	0	811	0	811	8	Q000	1	Null	0	0	0	0	1	0	0	0	0	0	0	0	1	455	255	0	0	0	0	0	0	0	0	0	0	0	0	0	0	0	0	0	0	0	0	0	0	0	0	0	0	1	1	0	1	0	0	16	0	0	0	0	0	1	50	1	38	1	30	0	0	0	0	0	0	0	0	0	0	0	0	0	0	0	0	0	0	0	0	0	0	0	0	0	0	0	0	0	0	0	0	0	0	0	1	1	1	1	0	0	0	0	0	0	0	0	0	0	0	0	0	0	0	0	0	0	0	0	0	0	0	0	0	0	0	0	0	0	0	0	0	0	0	0	0	0	0	0	0	0	0	0	0	0	0	0	0	
//	60053	2	2	패기의반지_2	158061	1	69DDA0	40022	159029	0	0	72011	39918	0	811	0	811	8	Q000	1	Null	0	0	0	0	1	0	0	0	0	0	0	0	1	455	255	0	0	0	0	0	0	0	0	0	0	0	0	0	0	0	0	0	0	0	0	0	0	0	0	0	0	1	1	0	1	0	0	16	0	0	0	0	0	1	80	1	38	1	50	0	0	0	0	0	0	0	0	0	0	0	0	0	0	0	0	0	0	0	0	0	0	0	0	0	0	0	0	0	0	0	0	0	0	0	1	1	1	1	0	0	0	0	0	0	0	0	0	0	0	0	0	0	0	0	0	0	0	0	0	0	0	0	0	0	0	0	0	0	0	0	0	0	0	0	0	0	0	0	0	0	0	0	0	0	0	0	0	
//	60054	2	2	해방군의의지	158033	1	69DDA0	40022	159033	0	0	72012	39918	0	811	0	811	8	Q000	1	Null	0	0	0	0	1	0	0	0	0	0	0	0	1	455	255	0	0	0	0	0	0	0	0	0	0	0	0	0	0	0	0	0	0	0	0	0	0	0	0	0	0	1	1	0	1	1	1	16	0	0	0	0	0	5	30	0	0	0	0	0	0	0	0	0	0	0	0	0	0	0	0	0	0	0	0	0	0	0	0	0	0	0	0	0	0	0	0	0	0	0	0	0	0	0	1	1	1	1	0	3	1	0	0	0	0	0	0	0	0	0	0	0	0	0	0	0	0	0	0	0	0	0	0	0	0	0	0	0	0	0	0	0	0	0	0	0	0	0	0	0	0	0	0	0	0	0	0	
//	60055	2	2	해방군의의지_2	158059	1	69DDA0	40022	159059	0	0	72012	39918	0	811	0	811	8	Q000	1	Null	0	0	0	0	1	0	0	0	0	0	0	0	1	455	255	0	0	0	0	0	0	0	0	0	0	0	0	0	0	0	0	0	0	0	0	0	0	0	0	0	0	1	1	0	1	1	1	16	0	0	0	0	0	5	50	0	0	0	0	0	0	0	0	0	0	0	0	0	0	0	0	0	0	0	0	0	0	0	0	0	0	0	0	0	0	0	0	0	0	0	0	0	0	0	1	1	1	1	0	3	1	0	0	0	0	0	0	0	0	0	0	0	0	0	0	0	0	0	0	0	0	0	0	0	0	0	0	0	0	0	0	0	0	0	0	0	0	0	0	0	0	0	0	0	0	0	0	
//	60056	2	2	하임증가의반지	158073	1	69DDA0	40022	159073	0	0	72008	39918	0	811	0	811	8	Q000	1	Null	0	0	0	0	1	0	0	0	0	0	0	0	1	455	255	0	0	0	0	0	0	0	0	0	0	0	0	0	0	0	0	0	0	0	0	0	0	0	0	0	0	1	1	0	1	1	1	16	0	0	0	0	0	5	10	0	0	0	0	0	0	0	0	0	0	0	0	0	0	0	0	0	0	0	0	0	0	0	0	0	0	0	0	0	0	0	0	0	0	0	0	0	0	0	1	1	1	1	0	0	0	0	0	0	0	0	0	0	0	0	0	0	0	0	0	0	0	0	0	0	0	0	0	0	0	0	0	0	0	0	0	0	0	0	0	0	0	0	0	0	0	0	0	0	0	0	0	
//	60057	2	2	성역의반지_1_체험용	158084	1	69DDA0	40022	159039	0	0	72002	39918	0	811	0	811	8	Q000	1	Null	0	0	0	0	1	0	0	0	0	0	0	0	1	455	255	0	0	0	0	0	0	0	0	0	0	0	0	0	0	0	0	0	0	0	0	0	0	0	0	0	0	1	1	0	1	1	1	16	0	0	0	0	0	2	15	0	0	0	0	0	0	0	0	0	0	0	0	0	0	0	0	0	0	0	0	0	0	0	0	0	0	0	0	0	0	0	0	0	0	0	0	0	0	0	1	1	2	2	0	2	2	0	0	0	0	0	0	0	0	0	0	0	0	0	0	0	0	0	0	0	0	0	0	0	0	0	0	0	0	0	0	0	0	0	0	0	0	0	0	0	0	0	0	0	0	0	0	
//	60058	2	2	[한정판]_군신의반지	158088	1	69DDA0	40022	159088	0	0	72001	39918	0	811	0	811	8	Q000	1	Null	0	0	0	0	1	0	0	0	0	0	0	0	1	455	255	0	0	0	0	0	0	0	0	0	0	0	0	0	0	0	0	0	0	0	0	0	0	0	0	0	0	1	1	0	1	1	1	16	0	0	0	0	0	2	20	1	48	2	20	1	32	1	3	0	0	0	0	0	0	0	0	0	0	0	0	0	0	0	0	0	0	0	0	0	0	0	0	0	0	0	0	0	0	0	1	1	1	1	0	0	0	0	0	0	0	0	0	0	0	0	0	0	0	0	0	0	0	0	0	0	0	0	0	0	0	0	0	0	0	0	0	0	0	0	0	0	0	0	0	0	0	0	0	0	0	0	0	
//	60059	2	2	[한정판]_패기의반지	158089	1	69DDA0	40022	159089	0	0	72011	39918	0	811	0	811	8	Q000	1	Null	0	0	0	0	1	0	0	0	0	0	0	0	1	455	255	0	0	0	0	0	0	0	0	0	0	0	0	0	0	0	0	0	0	0	0	0	0	0	0	0	0	1	1	0	1	1	1	16	0	0	0	0	0	1	50	1	38	1	30	1	32	1	3	0	0	0	0	0	0	0	0	0	0	0	0	0	0	0	0	0	0	0	0	0	0	0	0	0	0	0	0	0	0	0	1	1	1	1	0	0	0	0	0	0	0	0	0	0	0	0	0	0	0	0	0	0	0	0	0	0	0	0	0	0	0	0	0	0	0	0	0	0	0	0	0	0	0	0	0	0	0	0	0	0	0	0	0	
//	60060	2	2	[한정판]_성역의반지	158090	1	69DDA0	40022	159090	0	0	72002	39918	0	811	0	811	8	Q000	1	Null	0	0	0	0	1	0	0	0	0	0	0	0	1	455	255	0	0	0	0	0	0	0	0	0	0	0	0	0	0	0	0	0	0	0	0	0	0	0	0	0	0	1	1	0	1	1	1	16	0	0	0	0	0	2	20	0	0	0	0	1	32	1	3	0	0	0	0	0	0	0	0	0	0	0	0	0	0	0	0	0	0	0	0	0	0	0	0	0	0	0	0	0	0	0	1	1	1	1	0	0	0	0	0	0	0	0	0	0	0	0	0	0	0	0	0	0	0	0	0	0	0	0	0	0	0	0	0	0	0	0	0	0	0	0	0	0	0	0	0	0	0	0	0	0	0	0	0	
//	60061	2	2	[한정판]_에테르의반지	158091	1	69DDA0	40022	159091	0	0	72010	39918	0	811	0	811	8	Q000	1	Null	0	0	0	0	1	0	0	0	0	0	0	0	1	455	255	0	0	0	0	0	0	0	0	0	0	0	0	0	0	0	0	0	0	0	0	0	0	0	0	0	0	1	1	0	1	1	1	16	0	0	0	0	0	2	20	1	40	1	5	1	32	1	3	0	0	0	0	0	0	0	0	0	0	0	0	0	0	0	0	0	0	0	0	0	0	0	0	0	0	0	0	0	0	0	1	1	1	1	0	0	0	0	0	0	0	0	0	0	0	0	0	0	0	0	0	0	0	0	0	0	0	0	0	0	0	0	0	0	0	0	0	0	0	0	0	0	0	0	0	0	0	0	0	0	0	0	0	
//	60062	2	2	[한정판]_혈신의반지	158092	1	69DDA0	40022	159092	0	0	72009	39918	0	811	0	811	8	Q000	1	Null	0	0	0	0	1	0	0	0	0	0	0	0	1	455	255	0	0	0	0	0	0	0	0	0	0	0	0	0	0	0	0	0	0	0	0	0	0	0	0	0	0	1	1	0	1	1	1	16	0	0	0	0	0	2	20	1	39	2	20	1	32	1	3	0	0	0	0	0	0	0	0	0	0	0	0	0	0	0	0	0	0	0	0	0	0	0	0	0	0	0	0	0	0	0	1	1	1	1	0	0	0	0	0	0	0	0	0	0	0	0	0	0	0	0	0	0	0	0	0	0	0	0	0	0	0	0	0	0	0	0	0	0	0	0	0	0	0	0	0	0	0	0	0	0	0	0	0	
//	60063	2	2	[한정판]_폭풍의반지	158093	1	69DDA0	40022	159093	0	0	72006	39918	0	811	0	811	8	Q000	1	Null	0	0	0	0	1	0	0	0	0	0	0	0	1	455	255	0	0	0	0	0	0	0	0	0	0	0	0	0	0	0	0	0	0	0	0	0	0	0	0	0	0	1	1	0	1	1	1	16	0	0	0	0	0	2	10	0	0	0	0	1	32	1	3	0	0	0	0	0	0	0	0	0	0	0	0	0	0	0	0	0	0	0	0	0	0	0	0	0	0	0	0	0	0	0	1	1	1	1	0	0	0	0	0	0	0	0	0	0	0	0	0	0	0	0	0	0	0	0	0	0	0	0	0	0	0	0	0	0	0	0	0	0	0	0	0	0	0	0	0	0	0	0	0	0	0	0	0	
//	60064	2	2	[한정판]_스킬데미지증가의반지	158094	1	69DDA0	40022	159094	0	0	72008	39918	0	811	0	811	8	Q000	1	Null	0	0	0	0	1	0	0	0	0	0	0	0	1	455	255	0	0	0	0	0	0	0	0	0	0	0	0	0	0	0	0	0	0	0	0	0	0	0	0	0	0	1	1	0	1	1	1	16	0	0	0	0	0	5	20	1	32	1	3	0	0	0	0	0	0	0	0	0	0	0	0	0	0	0	0	0	0	0	0	0	0	0	0	0	0	0	0	0	0	0	0	0	0	0	1	1	1	1	0	0	0	0	0	0	0	0	0	0	0	0	0	0	0	0	0	0	0	0	0	0	0	0	0	0	0	0	0	0	0	0	0	0	0	0	0	0	0	0	0	0	0	0	0	0	0	0	0	
//	60065	2	2	치타의반지	158101	1	69DDA0	40022	159101	0	0	72006	39918	0	811	0	811	8	Q000	1	Null	0	0	0	0	1	0	0	0	0	0	0	0	1	455	255	0	0	0	0	0	0	0	0	0	0	0	0	0	0	0	0	0	0	0	0	0	0	0	0	0	0	1	1	0	1	1	1	16	0	0	0	0	0	1	5	0	0	0	0	0	0	0	0	0	0	0	0	0	0	0	0	0	0	0	0	0	0	0	0	0	0	0	0	0	0	0	0	0	0	0	0	0	0	0	1	1	1	1	0	0	0	0	0	0	0	0	0	0	0	0	0	0	0	0	0	0	0	0	0	0	0	0	0	0	0	0	0	0	0	0	0	0	0	0	0	0	0	0	0	0	0	0	0	0	0	0	0	
//	60066	2	7	하임증가반지_PC방전용	158073	1	69DDA0	40027	159073	0	0	72008	39918	0	811	0	811	8	Q000	1	Null	0	0	0	0	1	0	0	0	0	0	0	0	1	455	255	0	0	0	0	0	0	0	0	0	0	0	0	0	0	0	0	0	0	0	0	0	0	0	0	0	0	1	1	0	1	1	1	21	0	0	0	0	0	0	0	0	0	0	0	0	0	0	0	0	0	0	0	0	0	0	0	0	0	0	0	0	0	0	0	0	0	0	0	0	0	0	0	0	0	0	0	0	0	0	1	1	1	1	0	0	0	0	0	0	0	0	0	0	0	0	0	0	0	0	0	0	0	0	0	0	0	0	0	0	0	0	0	0	0	0	0	0	0	0	0	0	0	0	0	0	0	0	0	0	0	0	0	
//	60067	2	7	치타의반지_PC방전용	158101	1	69DDA0	40027	159101	0	0	72006	39918	0	811	0	811	8	Q000	1	Null	0	0	0	0	1	0	0	0	0	0	0	0	1	455	255	0	0	0	0	0	0	0	0	0	0	0	0	0	0	0	0	0	0	0	0	0	0	0	0	0	0	1	1	0	1	1	1	21	0	0	0	0	0	0	0	0	0	0	0	0	0	0	0	0	0	0	0	0	0	0	0	0	0	0	0	0	0	0	0	0	0	0	0	0	0	0	0	0	0	0	0	0	0	0	1	1	1	1	0	0	0	0	0	0	0	0	0	0	0	0	0	0	0	0	0	0	0	0	0	0	0	0	0	0	0	0	0	0	0	0	0	0	0	0	0	0	0	0	0	0	0	0	0	0	0	0	0	
//	60068	2	7	체력(HP)증강의반지_PC방전용	158102	1	69DDA0	40027	159102	0	0	72009	39918	0	811	0	811	8	Q000	1	Null	0	0	0	0	1	0	0	0	0	0	0	0	1	455	255	0	0	0	0	0	0	0	0	0	0	0	0	0	0	0	0	0	0	0	0	0	0	0	0	0	0	1	1	0	1	1	1	21	0	0	0	0	0	0	0	0	0	0	0	0	0	0	0	0	0	0	0	0	0	0	0	0	0	0	0	0	0	0	0	0	0	0	0	0	0	0	0	0	0	0	0	0	0	0	1	1	1	1	0	0	0	0	0	0	0	0	0	0	0	0	0	0	0	0	0	0	0	0	0	0	0	0	0	0	0	0	0	0	0	0	0	0	0	0	0	0	0	0	0	0	0	0	0	0	0	0	0	
//	60069	2	7	용자의반지_PC방전용	158103	1	69DDA0	40027	159103	0	0	72002	39918	0	811	0	811	8	Q000	1	Null	0	0	0	0	1	0	0	0	0	0	0	0	1	455	255	0	0	0	0	0	0	0	0	0	0	0	0	0	0	0	0	0	0	0	0	0	0	0	0	0	0	1	1	0	1	1	1	21	0	0	0	0	0	0	0	0	0	0	0	0	0	0	0	0	0	0	0	0	0	0	0	0	0	0	0	0	0	0	0	0	0	0	0	0	0	0	0	0	0	0	0	0	0	0	1	1	1	1	0	0	0	0	0	0	0	0	0	0	0	0	0	0	0	0	0	0	0	0	0	0	0	0	0	0	0	0	0	0	0	0	0	0	0	0	0	0	0	0	0	0	0	0	0	0	0	0	0	
//	60070	2	7	질풍의반지_PC방전용	158104	1	69DDA0	40027	159104	0	0	72003	39918	0	811	0	811	8	Q000	1	Null	0	0	0	0	1	0	0	0	0	0	0	0	1	455	255	0	0	0	0	0	0	0	0	0	0	0	0	0	0	0	0	0	0	0	0	0	0	0	0	0	0	1	1	0	1	1	1	21	0	0	0	0	0	0	0	0	0	0	0	0	0	0	0	0	0	0	0	0	0	0	0	0	0	0	0	0	0	0	0	0	0	0	0	0	0	0	0	0	0	0	0	0	0	0	1	1	1	1	0	0	0	0	0	0	0	0	0	0	0	0	0	0	0	0	0	0	0	0	0	0	0	0	0	0	0	0	0	0	0	0	0	0	0	0	0	0	0	0	0	0	0	0	0	0	0	0	0	
//	60071	2	7	현자의반지_PC방전용	158106	1	69DDA0	40027	159106	0	0	72004	39918	0	811	0	811	8	Q000	1	Null	0	0	0	0	1	0	0	0	0	0	0	0	1	455	255	0	0	0	0	0	0	0	0	0	0	0	0	0	0	0	0	0	0	0	0	0	0	0	0	0	0	1	1	0	1	1	1	21	0	0	0	0	0	0	0	0	0	0	0	0	0	0	0	0	0	0	0	0	0	0	0	0	0	0	0	0	0	0	0	0	0	0	0	0	0	0	0	0	0	0	0	0	0	0	1	1	1	1	0	0	0	0	0	0	0	0	0	0	0	0	0	0	0	0	0	0	0	0	0	0	0	0	0	0	0	0	0	0	0	0	0	0	0	0	0	0	0	0	0	0	0	0	0	0	0	0	0	
//	60072	2	7	철인의반지_PC방전용	158105	1	69DDA0	40027	159105	0	0	72005	39918	0	811	0	811	8	Q000	1	Null	0	0	0	0	1	0	0	0	0	0	0	0	1	455	255	0	0	0	0	0	0	0	0	0	0	0	0	0	0	0	0	0	0	0	0	0	0	0	0	0	0	1	1	0	1	1	1	21	0	0	0	0	0	0	0	0	0	0	0	0	0	0	0	0	0	0	0	0	0	0	0	0	0	0	0	0	0	0	0	0	0	0	0	0	0	0	0	0	0	0	0	0	0	0	1	1	1	1	0	0	0	0	0	0	0	0	0	0	0	0	0	0	0	0	0	0	0	0	0	0	0	0	0	0	0	0	0	0	0	0	0	0	0	0	0	0	0	0	0	0	0	0	0	0	0	0	0	
//	60073	2	7	수도승의반지_PC방전용	158107	1	69DDA0	40027	159107	0	0	72014	39918	0	811	0	811	8	Q000	1	Null	0	0	0	0	1	0	0	0	0	0	0	0	1	455	255	0	0	0	0	0	0	0	0	0	0	0	0	0	0	0	0	0	0	0	0	0	0	0	0	0	0	1	1	0	1	1	1	21	0	0	0	0	0	0	0	0	0	0	0	0	0	0	0	0	0	0	0	0	0	0	0	0	0	0	0	0	0	0	0	0	0	0	0	0	0	0	0	0	0	0	0	0	0	0	1	1	1	1	0	0	0	0	0	0	0	0	0	0	0	0	0	0	0	0	0	0	0	0	0	0	0	0	0	0	0	0	0	0	0	0	0	0	0	0	0	0	0	0	0	0	0	0	0	0	0	0	0	
//	60074	2	2	투혼의반지	158099	1	69DDA0	40022	159094	0	0	72002	39918	0	811	0	811	8	Q000	1	Null	0	0	0	0	1	0	0	0	0	0	0	0	1	455	255	0	0	0	0	0	0	0	0	0	0	0	0	0	0	0	0	0	0	0	0	0	0	0	0	0	0	1	1	0	1	1	1	16	0	0	0	0	0	5	20	0	0	0	0	0	0	0	0	0	0	0	0	0	0	0	0	0	0	0	0	0	0	0	0	0	0	0	0	0	0	0	0	0	0	0	0	0	0	0	1	1	1	1	0	0	0	0	0	0	0	0	0	0	0	0	0	0	0	0	0	0	0	0	0	0	0	0	0	0	0	0	0	0	0	0	0	0	0	0	0	0	0	0	0	0	0	0	0	0	0	0	0	
//	60075	2	2	의지_북경올림픽전용	158197	1	69DDA0	40022	159197	0	0	90059	39918	0	811	0	811	8	Q000	1	Null	0	0	1	88	1	0	0	0	0	0	0	0	1	7	255	0	0	0	0	0	0	0	0	0	0	0	0	0	0	0	0	0	0	0	0	0	0	0	0	0	0	0	0	0	1	1	0	1	1	1	1	1	16	1	32	1	5	1	49	2	15	0	0	0	0	0	0	0	0	0	0	0	0	0	0	0	0	0	0	0	0	0	0	0	0	0	0	0	0	0	0	0	0	0	0	0	0	0	1	1	0	0	0	0	0	0	0	0	0	0	0	0	0	0	0	0	0	0	0	0	0	0	0	0	0	0	0	0	0	0	0	0	0	0	0	0	0	0	0	0	0	0	0	0	0	0	0	
//	60076	2	2	노력_북경올림픽전용	158198	1	69DDA0	40022	159198	0	0	90060	39918	0	811	0	811	8	Q000	1	Null	0	0	1	88	1	0	0	0	0	0	0	0	1	7	255	0	0	0	0	0	0	0	0	0	0	0	0	0	0	0	0	0	0	0	0	0	0	0	0	0	0	0	0	0	1	1	0	1	1	1	1	1	16	1	32	1	5	1	47	2	15	1	48	2	15	0	0	0	0	0	0	0	0	0	0	0	0	0	0	0	0	0	0	0	0	0	0	0	0	0	0	0	0	0	0	0	0	0	1	1	0	0	0	0	0	0	0	0	0	0	0	0	0	0	0	0	0	0	0	0	0	0	0	0	0	0	0	0	0	0	0	0	0	0	0	0	0	0	0	0	0	0	0	0	0	0	0	
//	60077	2	2	배려_북경올림픽전용	158199	1	69DDA0	40022	159199	0	0	90061	39918	0	811	0	811	8	Q000	1	Null	0	0	1	88	1	0	0	0	0	0	0	0	1	7	255	0	0	0	0	0	0	0	0	0	0	0	0	0	0	0	0	0	0	0	0	0	0	0	0	0	0	0	0	0	1	1	0	1	1	1	1	1	16	1	32	1	5	1	44	5	25	0	0	0	0	0	0	0	0	0	0	0	0	0	0	0	0	0	0	0	0	0	0	0	0	0	0	0	0	0	0	0	0	0	0	0	0	0	1	1	0	0	0	0	0	0	0	0	0	0	0	0	0	0	0	0	0	0	0	0	0	0	0	0	0	0	0	0	0	0	0	0	0	0	0	0	0	0	0	0	0	0	0	0	0	0	0	
//	60078	2	2	기여_북경올림픽전용	158200	1	69DDA0	40022	159200	0	0	90062	39918	0	811	0	811	8	Q000	1	Null	0	0	1	88	1	0	0	0	0	0	0	0	1	7	255	0	0	0	0	0	0	0	0	0	0	0	0	0	0	0	0	0	0	0	0	0	0	0	0	0	0	0	0	0	1	1	0	1	1	1	1	1	16	1	32	1	5	1	39	1	10	1	40	1	10	0	0	0	0	0	0	0	0	0	0	0	0	0	0	0	0	0	0	0	0	0	0	0	0	0	0	0	0	0	0	0	0	0	1	1	0	0	0	0	0	0	0	0	0	0	0	0	0	0	0	0	0	0	0	0	0	0	0	0	0	0	0	0	0	0	0	0	0	0	0	0	0	0	0	0	0	0	0	0	0	0	0	
//	60079	2	2	고무_북경올림픽전용	158201	1	69DDA0	40022	159201	0	0	90063	39918	0	811	0	811	8	Q000	1	Null	0	0	1	88	1	0	0	0	0	0	0	0	1	7	255	0	0	0	0	0	0	0	0	0	0	0	0	0	0	0	0	0	0	0	0	0	0	0	0	0	0	0	0	0	1	1	0	1	1	1	1	1	16	1	32	1	5	1	45	5	25	0	0	0	0	0	0	0	0	0	0	0	0	0	0	0	0	0	0	0	0	0	0	0	0	0	0	0	0	0	0	0	0	0	0	0	0	0	1	1	0	0	0	0	0	0	0	0	0	0	0	0	0	0	0	0	0	0	0	0	0	0	0	0	0	0	0	0	0	0	0	0	0	0	0	0	0	0	0	0	0	0	0	0	0	0	0	
//	60080	2	2	[한정판]_해방군의의지	158120	1	69DDA0	40022	159120	0	0	72012	39918	0	811	0	811	8	Q000	1	Null	0	0	0	0	1	0	0	0	0	0	0	0	1	7	255	0	0	0	0	0	0	0	0	0	0	0	0	0	0	0	0	0	0	0	0	0	0	0	0	0	0	0	0	0	1	1	1	1	1	1	1	1	16	1	45	5	50	1	32	1	5	0	0	0	0	0	0	0	0	0	0	0	0	0	0	0	0	0	0	0	0	0	0	0	0	0	0	0	0	0	0	0	0	0	0	0	0	0	1	1	0	3	1	0	0	0	0	0	0	0	0	0	0	0	0	0	0	0	0	0	0	0	0	0	0	0	0	0	0	0	0	0	0	0	0	0	0	0	0	0	0	0	0	0	0	0	0	1
//	60081	2	2	신_에테르의_반지	158260	1	69DDA0	40022	159260	0	0	72010	39918	0	811	0	811	8	Q000	1	Null	0	0	0	0	1	0	0	0	0	0	0	0	1	7	255	0	0	0	0	0	0	0	0	0	0	0	0	0	0	0	0	0	0	0	0	0	0	0	0	0	0	0	0	0	1	1	1	1	1	1	1	1	16	1	29	2	20	1	40	1	5	1	32	1	3	0	0	0	0	0	0	0	0	1	29	2	10	1	40	1	5	0	0	0	0	0	0	0	0	0	0	0	0	0	0	0	0	0	1	1	0	0	0	0	0	0	0	0	0	0	0	0	0	0	0	0	0	0	0	0	0	0	0	0	0	0	0	0	0	0	0	0	0	0	0	0	0	0	0	0	0	0	0	0	0	0	0	1
//	[ID60500~]_부적(인벤토리효과)							#N/A																								0					0	0																																																																																														0																																					
//	[ID60600~]_거래가능캐시아이템							#N/A																																																																																																																																																																	
//	60600	1	0	반짝이는쟈드추출서	158052	1	69DDA0	40008	159049	0	0	73502	39918	0	20003	0	911	0	Null	0	Null	0	0	0	0	1	0	0	0	0	0	0	0	2	6	255	0	0	0	0	0	0	0	0	0	0	0	0	0	0	0	0	0	0	0	0	0	0	0	0	0	0	0	0	0	1	1	1	1	1	1	1	1	99	0	0	0	0	0	0	0	0	0	0	0	0	0	0	0	0	0	0	0	0	0	0	0	0	0	0	0	0	0	0	0	0	0	0	0	0	0	0	0	0	0	0	0	0	0	120	0	0	0	0	0	15	0	0	0	0	0	0	0	0	0	0	0	500	0	0	0	0	0	0	0	0	0	0	0	0	0	0	0	0	0	0	0	0	0	0	0	0	0	0	0	0	0	0	1
//	60601	1	0	헤르메시즘의성서(3~5소켓)	47711	1	69DDA0	9445	48711	0	0	73534	39918	0	20036	0	911	0	Null	0	Null	0	4	0	0	1	0	0	0	0	0	0	0	2	6	255	0	0	0	0	0	0	0	0	0	0	0	0	0	0	0	0	0	0	0	0	0	0	0	0	0	0	0	0	0	0	0	0	0	0	0	0	0	99	0	0	0	0	0	0	0	0	0	0	0	0	0	0	0	0	0	0	0	0	0	0	0	0	0	0	0	0	0	0	0	0	0	0	0	0	0	0	0	0	0	0	0	0	0	255	0	0	0	0	0	0	0	0	0	0	0	0	0	0	0	0	0	0	0	0	0	0	0	0	0	0	0	0	0	0	0	0	0	0	0	0	0	0	0	0	0	0	0	0	0	0	0	0	
//	60602	1	0	스킨/에테리아추출서	6092	1	69DDA0	9445	6130	0	0	34138	39919	0	1003	0	202	0	Null	0	Null	0	0	0	0	2	0	0	0	50	50	0	0	2	6	255	0	0	0	0	0	0	0	0	0	0	0	0	0	0	0	0	0	0	0	0	0	0	0	0	0	0	0	0	0	0	0	0	0	0	0	0	0	99	0	0	0	0	0	0	0	0	0	0	0	0	0	0	0	0	0	0	0	0	0	0	0	0	0	0	0	0	0	0	0	0	0	0	0	0	0	0	0	0	0	0	0	0	0	255	0	0	0	0	0	0	0	0	0	0	0	0	0	0	0	0	0	0	0	0	0	0	0	0	0	0	0	0	0	0	0	0	0	0	0	0	0	0	0	0	0	0	0	0	0	0	0	0	
//	60603	1	2	축복의반지_러시아전용	158689	1	69DDA0	40022	159689	0	0	72011	39918	0	811	0	811	8	Q000	1	Null	0	0	0	0	1	0	0	0	0	0	0	0	1	70	255	0	0	0	0	0	0	0	0	0	0	0	0	0	0	0	0	0	0	0	0	0	0	0	0	0	0	0	0	0	1	1	1	1	1	1	1	1	16	1	55	2	5	1	32	1	10	0	0	0	0	0	0	0	0	0	0	0	0	1	55	2	2	0	0	0	0	0	0	0	0	0	0	0	0	0	0	0	0	0	0	0	0	0	1	1	0	0	0	0	0	0	0	0	0	0	0	0	0	0	0	0	0	0	0	0	0	0	0	0	0	0	0	0	0	0	0	0	0	0	0	0	0	0	0	0	0	0	0	0	0	0	0	1
//	[ID61000~]_비약							#N/A																													0	0																																																																																														0																																					
	61000	1	0	사자의비약	158028	1	69DDA0	42015	159028	0	0	72501	39918	0	911	0	911	8	Q005	1	Null	0	0	0	0	1	0	0	0	0	0	0	0	2	6	255	0	0	0	0	0	0	0	0	0	0	0	0	0	0	0	0	0	0	0	0	0	0	0	0	0	0	0	0	0	1	1	1	1	1	1	1	1	99	0	0	0	0	0	0	0	0	0	0	0	0	0	0	0	0	0	0	0	0	0	0	0	0	0	0	0	0	0	0	0	0	0	0	0	0	0	0	0	0	0	0	0	0	0	120	0	0	0	0	3	40	0	0	0	0	5000	0	0	0	55003	0	0	0	0	0	0	0	0	0	0	0	0	0	0	0	0	0	0	0	0	0	0	0	0	0	0	0	0	0	0	0	0	0	1	
	61001	1	0	치타의비약	158027	1	69DDA0	42015	159027	0	0	72502	39918	0	911	0	911	8	Q005	1	Null	0	0	0	0	1	0	0	0	0	0	0	0	2	6	255	0	0	0	0	0	0	0	0	0	0	0	0	0	0	0	0	0	0	0	0	0	0	0	0	0	0	0	0	0	1	1	1	1	1	1	1	1	99	0	0	0	0	0	0	0	0	0	0	0	0	0	0	0	0	0	0	0	0	0	0	0	0	0	0	0	0	0	0	0	0	0	0	0	0	0	0	0	0	0	0	0	0	0	120	0	0	0	0	3	21	0	0	0	0	5000	0	0	0	55000	0	0	0	0	0	0	0	0	0	0	0	0	0	0	0	0	0	0	0	0	0	0	0	0	0	0	0	0	0	0	0	0	0	1	
	61002	1	0	곰의비약	158026	1	69DDA0	42015	159026	0	0	72503	39918	0	911	0	911	8	Q005	1	Null	0	0	0	0	1	0	0	0	0	0	0	0	2	6	255	0	0	0	0	0	0	0	0	0	0	0	0	0	0	0	0	0	0	0	0	0	0	0	0	0	0	0	0	0	1	1	1	1	1	1	1	1	99	0	0	0	0	0	0	0	0	0	0	0	0	0	0	0	0	0	0	0	0	0	0	0	0	0	0	0	0	0	0	0	0	0	0	0	0	0	0	0	0	0	0	0	0	0	120	0	0	0	0	3	22	0	0	0	0	5000	0	0	0	55001	0	0	0	0	0	0	0	0	0	0	0	0	0	0	0	0	0	0	0	0	0	0	0	0	0	0	0	0	0	0	0	0	0	1	
	61003	1	0	늑대의비약	158025	1	69DDA0	42015	159025	0	0	72504	39918	0	911	0	911	8	Q005	1	Null	0	0	0	0	1	0	0	0	0	0	0	0	2	6	255	0	0	0	0	0	0	0	0	0	0	0	0	0	0	0	0	0	0	0	0	0	0	0	0	0	0	0	0	0	1	1	1	1	1	1	1	1	99	0	0	0	0	0	0	0	0	0	0	0	0	0	0	0	0	0	0	0	0	0	0	0	0	0	0	0	0	0	0	0	0	0	0	0	0	0	0	0	0	0	0	0	0	0	120	0	0	0	0	3	23	0	0	0	0	5000	0	0	0	55002	0	0	0	0	0	0	0	0	0	0	0	0	0	0	0	0	0	0	0	0	0	0	0	0	0	0	0	0	0	0	0	0	0	1	
	61004	1	0	독수리의비약	158024	1	69DDA0	42015	159024	0	0	72505	39918	0	911	0	911	8	Q005	1	Null	0	0	0	0	1	0	0	0	0	0	0	0	2	6	255	0	0	0	0	0	0	0	0	0	0	0	0	0	0	0	0	0	0	0	0	0	0	0	0	0	0	0	0	0	1	1	1	1	1	1	1	1	99	0	0	0	0	0	0	0	0	0	0	0	0	0	0	0	0	0	0	0	0	0	0	0	0	0	0	0	0	0	0	0	0	0	0	0	0	0	0	0	0	0	0	0	0	0	120	0	0	0	0	3	41	0	0	0	0	5000	0	0	0	55004	0	0	0	0	0	0	0	0	0	0	0	0	0	0	0	0	0	0	0	0	0	0	0	0	0	0	0	0	0	0	0	0	0	1	
	61005	1	0	치타의비약_체험용	158047	1	69DDA0	42015	159027	0	0	72502	39918	0	911	0	911	8	Q005	1	Null	0	0	0	0	1	0	0	0	0	0	0	0	2	15	255	0	0	0	0	0	0	0	0	0	0	0	0	0	0	0	0	0	0	0	0	0	0	0	0	0	0	0	0	0	1	1	1	1	1	1	1	1	99	0	0	0	0	0	0	0	0	0	0	0	0	0	0	0	0	0	0	0	0	0	0	0	0	0	0	0	0	0	0	0	0	0	0	0	0	0	0	0	0	0	0	0	0	0	120	0	0	0	0	3	21	0	0	0	0	5000	0	0	0	55000	0	0	0	0	0	0	0	0	0	0	0	0	0	0	0	0	0	0	0	0	0	0	0	0	0	0	0	0	0	0	0	0	0	1	
	61006	1	0	곰의비약_체험용	158048	1	69DDA0	42015	159026	0	0	72503	39918	0	911	0	911	8	Q005	1	Null	0	0	0	0	1	0	0	0	0	0	0	0	2	15	255	0	0	0	0	0	0	0	0	0	0	0	0	0	0	0	0	0	0	0	0	0	0	0	0	0	0	0	0	0	1	1	1	1	1	1	1	1	99	0	0	0	0	0	0	0	0	0	0	0	0	0	0	0	0	0	0	0	0	0	0	0	0	0	0	0	0	0	0	0	0	0	0	0	0	0	0	0	0	0	0	0	0	0	120	0	0	0	0	3	22	0	0	0	0	5000	0	0	0	55001	0	0	0	0	0	0	0	0	0	0	0	0	0	0	0	0	0	0	0	0	0	0	0	0	0	0	0	0	0	0	0	0	0	1	
	61007	1	0	늑대의비약_체험용	158049	1	69DDA0	42015	159025	0	0	72504	39918	0	911	0	911	8	Q005	1	Null	0	0	0	0	1	0	0	0	0	0	0	0	2	15	255	0	0	0	0	0	0	0	0	0	0	0	0	0	0	0	0	0	0	0	0	0	0	0	0	0	0	0	0	0	1	1	1	1	1	1	1	1	99	0	0	0	0	0	0	0	0	0	0	0	0	0	0	0	0	0	0	0	0	0	0	0	0	0	0	0	0	0	0	0	0	0	0	0	0	0	0	0	0	0	0	0	0	0	120	0	0	0	0	3	23	0	0	0	0	5000	0	0	0	55002	0	0	0	0	0	0	0	0	0	0	0	0	0	0	0	0	0	0	0	0	0	0	0	0	0	0	0	0	0	0	0	0	0	1	
	61008	1	0	승냥이의비약	158051	1	69DDA0	42015	159051	0	0	72506	39918	0	911	0	911	8	Q005	1	Null	0	0	0	0	1	0	0	0	0	0	0	0	2	6	255	0	0	0	0	0	0	0	0	0	0	0	0	0	0	0	0	0	0	0	0	0	0	0	0	0	0	0	0	0	1	1	1	1	1	1	1	1	99	0	0	0	0	0	0	0	0	0	0	0	0	0	0	0	0	0	0	0	0	0	0	0	0	0	0	0	0	0	0	0	0	0	0	0	0	0	0	0	0	0	0	0	0	0	120	0	0	0	0	3	26	0	0	0	0	5000	0	0	0	55009	0	0	0	0	0	0	0	0	0	0	0	0	0	0	0	0	0	0	0	0	0	0	0	0	0	0	0	0	0	0	0	0	0	1	
	61009	1	0	뱀의비약	158053	1	69DDA0	42015	159053	0	0	72507	39918	0	911	0	911	8	Q005	1	Null	0	0	0	0	1	0	0	0	0	0	0	0	2	6	255	0	0	0	0	0	0	0	0	0	0	0	0	0	0	0	0	0	0	0	0	0	0	0	0	0	0	0	0	0	1	1	1	1	1	1	1	1	99	0	0	0	0	0	0	0	0	0	0	0	0	0	0	0	0	0	0	0	0	0	0	0	0	0	0	0	0	0	0	0	0	0	0	0	0	0	0	0	0	0	0	0	0	0	120	0	0	0	0	3	25	0	0	0	0	5000	0	0	0	55007	0	0	0	0	0	0	0	0	0	0	0	0	0	0	0	0	0	0	0	0	0	0	0	0	0	0	0	0	0	0	0	0	0	1	
	61010	1	0	늑대의비약_2	158062	1	69DDA0	42015	159062	0	0	72504	39918	0	911	0	911	8	Q005	1	Null	0	0	0	0	1	0	0	0	0	0	0	0	2	6	255	0	0	0	0	0	0	0	0	0	0	0	0	0	0	0	0	0	0	0	0	0	0	0	0	0	0	0	0	0	1	1	1	1	1	1	1	1	99	0	0	0	0	0	0	0	0	0	0	0	0	0	0	0	0	0	0	0	0	0	0	0	0	0	0	0	0	0	0	0	0	0	0	0	0	0	0	0	0	0	0	0	0	0	120	0	0	0	0	3	21	0	0	0	0	5000	0	0	0	55014	0	0	0	0	0	0	0	0	0	0	0	0	0	0	0	0	0	0	0	0	0	0	0	0	0	0	0	0	0	0	0	0	0	1	
	61011	1	0	승냥이의비약_2	158063	1	69DDA0	42015	159063	0	0	72506	39918	0	911	0	911	8	Q005	1	Null	0	0	0	0	1	0	0	0	0	0	0	0	2	6	255	0	0	0	0	0	0	0	0	0	0	0	0	0	0	0	0	0	0	0	0	0	0	0	0	0	0	0	0	0	1	1	1	1	1	1	1	1	99	0	0	0	0	0	0	0	0	0	0	0	0	0	0	0	0	0	0	0	0	0	0	0	0	0	0	0	0	0	0	0	0	0	0	0	0	0	0	0	0	0	0	0	0	0	120	0	0	0	0	3	26	0	0	0	0	5000	0	0	0	55015	0	0	0	0	0	0	0	0	0	0	0	0	0	0	0	0	0	0	0	0	0	0	0	0	0	0	0	0	0	0	0	0	0	1	
	61012	1	0	곰의비약_2	158064	1	69DDA0	42015	159064	0	0	72503	39918	0	911	0	911	8	Q005	1	Null	0	0	0	0	1	0	0	0	0	0	0	0	2	6	255	0	0	0	0	0	0	0	0	0	0	0	0	0	0	0	0	0	0	0	0	0	0	0	0	0	0	0	0	0	1	1	1	1	1	1	1	1	99	0	0	0	0	0	0	0	0	0	0	0	0	0	0	0	0	0	0	0	0	0	0	0	0	0	0	0	0	0	0	0	0	0	0	0	0	0	0	0	0	0	0	0	0	0	120	0	0	0	0	3	22	0	0	0	0	5000	0	0	0	55013	0	0	0	0	0	0	0	0	0	0	0	0	0	0	0	0	0	0	0	0	0	0	0	0	0	0	0	0	0	0	0	0	0	1	
	61013	1	0	[한정판]_독수리의비약	158095	1	69DDA0	42015	159095	0	0	72505	39918	0	911	0	911	8	Q005	1	Null	0	0	0	0	1	0	0	0	0	0	0	0	2	6	255	0	0	0	0	0	0	0	0	0	0	0	0	0	0	0	0	0	0	0	0	0	0	0	0	0	0	0	0	0	1	1	1	1	1	1	1	1	99	0	0	0	0	0	0	0	0	0	0	0	0	0	0	0	0	0	0	0	0	0	0	0	0	0	0	0	0	0	0	0	0	0	0	0	0	0	0	0	0	0	0	0	0	0	120	0	0	0	0	3	41	0	0	0	0	5000	0	0	0	55024	0	0	0	0	0	0	0	0	0	0	0	0	0	0	0	0	0	0	0	0	0	0	0	0	0	0	0	0	0	0	0	0	0	1	
	61014	1	0	매의비약	158100	1	69DDA0	42015	159100	0	0	72505	39918	0	911	0	911	8	Q005	1	Null	0	0	0	0	1	0	0	0	0	0	0	0	2	6	255	0	0	0	0	0	0	0	0	0	0	0	0	0	0	0	0	0	0	0	0	0	0	0	0	0	0	0	0	0	1	1	1	1	1	1	1	1	99	0	0	0	0	0	0	0	0	0	0	0	0	0	0	0	0	0	0	0	0	0	0	0	0	0	0	0	0	0	0	0	0	0	0	0	0	0	0	0	0	0	0	0	0	0	120	0	0	0	0	3	24	0	0	0	0	5000	0	0	0	55026	0	0	0	0	0	0	0	0	0	0	0	0	0	0	0	0	0	0	0	0	0	0	0	0	0	0	0	0	0	0	0	0	0	1	
	61015	1	0	치타의비약_GM이벤트보상용	158221	1	69DDA0	42015	159229	0	0	72502	39918	0	911	0	911	8	Q005	1	Null	0	0	0	0	1	0	0	0	0	0	0	0	2	7	255	0	0	0	0	0	0	0	0	0	0	0	0	0	0	0	0	0	0	0	0	0	0	0	0	0	0	0	0	0	1	1	1	1	1	1	1	1	99	0	0	0	0	0	0	0	0	0	0	0	0	0	0	0	0	0	0	0	0	0	0	0	0	0	0	0	0	0	0	0	0	0	0	0	0	0	0	0	0	0	0	0	0	0	120	0	0	0	0	3	21	0	0	0	0	5000	0	0	0	55052	0	0	0	0	0	0	0	0	0	0	0	0	0	0	0	0	0	0	0	0	0	0	0	0	0	0	0	0	0	0	0	0	0	1	
	61016	1	0	늑대의비약_GM이벤트보상용	158222	1	69DDA0	42015	159230	0	0	72504	39918	0	911	0	911	8	Q005	1	Null	0	0	0	0	1	0	0	0	0	0	0	0	2	7	255	0	0	0	0	0	0	0	0	0	0	0	0	0	0	0	0	0	0	0	0	0	0	0	0	0	0	0	0	0	1	1	1	1	1	1	1	1	99	0	0	0	0	0	0	0	0	0	0	0	0	0	0	0	0	0	0	0	0	0	0	0	0	0	0	0	0	0	0	0	0	0	0	0	0	0	0	0	0	0	0	0	0	0	120	0	0	0	0	3	23	0	0	0	0	5000	0	0	0	55053	0	0	0	0	0	0	0	0	0	0	0	0	0	0	0	0	0	0	0	0	0	0	0	0	0	0	0	0	0	0	0	0	0	1	
	61017	1	0	늑대의비약_2_GM이벤트보상용	158223	1	69DDA0	42015	159231	0	0	72504	39918	0	911	0	911	8	Q005	1	Null	0	0	0	0	1	0	0	0	0	0	0	0	2	7	255	0	0	0	0	0	0	0	0	0	0	0	0	0	0	0	0	0	0	0	0	0	0	0	0	0	0	0	0	0	1	1	1	1	1	1	1	1	99	0	0	0	0	0	0	0	0	0	0	0	0	0	0	0	0	0	0	0	0	0	0	0	0	0	0	0	0	0	0	0	0	0	0	0	0	0	0	0	0	0	0	0	0	0	120	0	0	0	0	3	23	0	0	0	0	5000	0	0	0	55054	0	0	0	0	0	0	0	0	0	0	0	0	0	0	0	0	0	0	0	0	0	0	0	0	0	0	0	0	0	0	0	0	0	1	
	61018	1	0	매의비약_GM이벤트보상용	158224	1	69DDA0	42015	159232	0	0	72505	39918	0	911	0	911	8	Q005	1	Null	0	0	0	0	1	0	0	0	0	0	0	0	2	7	255	0	0	0	0	0	0	0	0	0	0	0	0	0	0	0	0	0	0	0	0	0	0	0	0	0	0	0	0	0	1	1	1	1	1	1	1	1	99	0	0	0	0	0	0	0	0	0	0	0	0	0	0	0	0	0	0	0	0	0	0	0	0	0	0	0	0	0	0	0	0	0	0	0	0	0	0	0	0	0	0	0	0	0	120	0	0	0	0	3	24	0	0	0	0	5000	0	0	0	55055	0	0	0	0	0	0	0	0	0	0	0	0	0	0	0	0	0	0	0	0	0	0	0	0	0	0	0	0	0	0	0	0	0	1	
	61019	1	0	승냥이의비약_GM이벤트보상용	158225	1	69DDA0	42015	159051	0	0	72506	39918	0	911	0	911	8	Q005	1	Null	0	0	0	0	1	0	0	0	0	0	0	0	2	7	255	0	0	0	0	0	0	0	0	0	0	0	0	0	0	0	0	0	0	0	0	0	0	0	0	0	0	0	0	0	1	1	1	1	1	1	1	1	99	0	0	0	0	0	0	0	0	0	0	0	0	0	0	0	0	0	0	0	0	0	0	0	0	0	0	0	0	0	0	0	0	0	0	0	0	0	0	0	0	0	0	0	0	0	120	0	0	0	0	3	26	0	0	0	0	5000	0	0	0	55056	0	0	0	0	0	0	0	0	0	0	0	0	0	0	0	0	0	0	0	0	0	0	0	0	0	0	0	0	0	0	0	0	0	1	
	61020	1	0	뱀의비약_GM이벤트보상용	158226	1	69DDA0	42015	159053	0	0	72507	39918	0	911	0	911	8	Q005	1	Null	0	0	0	0	1	0	0	0	0	0	0	0	2	7	255	0	0	0	0	0	0	0	0	0	0	0	0	0	0	0	0	0	0	0	0	0	0	0	0	0	0	0	0	0	1	1	1	1	1	1	1	1	99	0	0	0	0	0	0	0	0	0	0	0	0	0	0	0	0	0	0	0	0	0	0	0	0	0	0	0	0	0	0	0	0	0	0	0	0	0	0	0	0	0	0	0	0	0	120	0	0	0	0	3	25	0	0	0	0	5000	0	0	0	55057	0	0	0	0	0	0	0	0	0	0	0	0	0	0	0	0	0	0	0	0	0	0	0	0	0	0	0	0	0	0	0	0	0	1	
	61021	1	0	곰의비약_GM이벤트보상용	158227	1	69DDA0	42015	159233	0	0	72503	39918	0	911	0	911	8	Q005	1	Null	0	0	0	0	1	0	0	0	0	0	0	0	2	7	255	0	0	0	0	0	0	0	0	0	0	0	0	0	0	0	0	0	0	0	0	0	0	0	0	0	0	0	0	0	1	1	1	1	1	1	1	1	99	0	0	0	0	0	0	0	0	0	0	0	0	0	0	0	0	0	0	0	0	0	0	0	0	0	0	0	0	0	0	0	0	0	0	0	0	0	0	0	0	0	0	0	0	0	120	0	0	0	0	3	22	0	0	0	0	5000	0	0	0	55058	0	0	0	0	0	0	0	0	0	0	0	0	0	0	0	0	0	0	0	0	0	0	0	0	0	0	0	0	0	0	0	0	0	1	
	61022	1	0	곰의비약_2_GM이벤트보상용	158228	1	69DDA0	42015	159234	0	0	72503	39918	0	911	0	911	8	Q005	1	Null	0	0	0	0	1	0	0	0	0	0	0	0	2	7	255	0	0	0	0	0	0	0	0	0	0	0	0	0	0	0	0	0	0	0	0	0	0	0	0	0	0	0	0	0	1	1	1	1	1	1	1	1	99	0	0	0	0	0	0	0	0	0	0	0	0	0	0	0	0	0	0	0	0	0	0	0	0	0	0	0	0	0	0	0	0	0	0	0	0	0	0	0	0	0	0	0	0	0	120	0	0	0	0	3	22	0	0	0	0	5000	0	0	0	55059	0	0	0	0	0	0	0	0	0	0	0	0	0	0	0	0	0	0	0	0	0	0	0	0	0	0	0	0	0	0	0	0	0	1	
	61023	1	0	치타의비약(10분)	158267	1	69DDA0	42015	159027	0	0	25348	39918	0	911	0	911	8	Q005	1	Null	0	0	0	0	1	0	0	0	0	0	0	0	2	6	255	0	0	0	0	0	0	0	0	0	0	0	0	0	0	0	0	0	0	0	0	0	0	0	0	0	0	0	0	0	1	1	1	1	1	1	1	1	99	0	0	0	0	0	0	0	0	0	0	0	0	0	0	0	0	0	0	0	0	0	0	0	0	0	0	0	0	0	0	0	0	0	0	0	0	0	0	0	0	0	0	0	0	0	120	0	0	0	0	15	21	0	0	0	0	5000	0	0	0	55536	0	0	0	0	0	0	0	0	0	0	0	0	0	0	0	0	0	0	0	0	0	0	0	0	0	0	0	0	0	0	0	0	0	1	
	61024	1	0	치타의비약(30분)	158268	1	69DDA0	42015	159027	0	0	25348	39918	0	911	0	911	8	Q005	1	Null	0	0	0	0	1	0	0	0	0	0	0	0	2	6	255	0	0	0	0	0	0	0	0	0	0	0	0	0	0	0	0	0	0	0	0	0	0	0	0	0	0	0	0	0	1	1	1	1	1	1	1	1	99	0	0	0	0	0	0	0	0	0	0	0	0	0	0	0	0	0	0	0	0	0	0	0	0	0	0	0	0	0	0	0	0	0	0	0	0	0	0	0	0	0	0	0	0	0	120	0	0	0	0	15	21	0	0	0	0	5000	0	0	0	55501	0	0	0	0	0	0	0	0	0	0	0	0	0	0	0	0	0	0	0	0	0	0	0	0	0	0	0	0	0	0	0	0	0	1	
	61025	1	0	치타의비약(60분)	158269	1	69DDA0	42015	159027	0	0	25348	39918	0	911	0	911	8	Q005	1	Null	0	0	0	0	1	0	0	0	0	0	0	0	2	6	255	0	0	0	0	0	0	0	0	0	0	0	0	0	0	0	0	0	0	0	0	0	0	0	0	0	0	0	0	0	1	1	1	1	1	1	1	1	99	0	0	0	0	0	0	0	0	0	0	0	0	0	0	0	0	0	0	0	0	0	0	0	0	0	0	0	0	0	0	0	0	0	0	0	0	0	0	0	0	0	0	0	0	0	120	0	0	0	0	15	21	0	0	0	0	5000	0	0	0	55502	0	0	0	0	0	0	0	0	0	0	0	0	0	0	0	0	0	0	0	0	0	0	0	0	0	0	0	0	0	0	0	0	0	1	
	61026	1	0	치타의비약(6시간)	158270	1	69DDA0	42015	159027	0	0	25348	39918	0	911	0	911	8	Q005	1	Null	0	0	0	0	1	0	0	0	0	0	0	0	2	6	255	0	0	0	0	0	0	0	0	0	0	0	0	0	0	0	0	0	0	0	0	0	0	0	0	0	0	0	0	0	1	1	1	1	1	1	1	1	99	0	0	0	0	0	0	0	0	0	0	0	0	0	0	0	0	0	0	0	0	0	0	0	0	0	0	0	0	0	0	0	0	0	0	0	0	0	0	0	0	0	0	0	0	0	120	0	0	0	0	15	21	0	0	0	0	5000	0	0	0	55503	0	0	0	0	0	0	0	0	0	0	0	0	0	0	0	0	0	0	0	0	0	0	0	0	0	0	0	0	0	0	0	0	0	1	
	61027	1	0	치타의비약(12시간)	158271	1	69DDA0	42015	159027	0	0	25348	39918	0	911	0	911	8	Q005	1	Null	0	0	0	0	1	0	0	0	0	0	0	0	2	6	255	0	0	0	0	0	0	0	0	0	0	0	0	0	0	0	0	0	0	0	0	0	0	0	0	0	0	0	0	0	1	1	1	1	1	1	1	1	99	0	0	0	0	0	0	0	0	0	0	0	0	0	0	0	0	0	0	0	0	0	0	0	0	0	0	0	0	0	0	0	0	0	0	0	0	0	0	0	0	0	0	0	0	0	120	0	0	0	0	15	21	0	0	0	0	5000	0	0	0	55504	0	0	0	0	0	0	0	0	0	0	0	0	0	0	0	0	0	0	0	0	0	0	0	0	0	0	0	0	0	0	0	0	0	1	
	61028	1	0	치타의비약(24시간)	158272	1	69DDA0	42015	159027	0	0	25348	39918	0	911	0	911	8	Q005	1	Null	0	0	0	0	1	0	0	0	0	0	0	0	2	6	255	0	0	0	0	0	0	0	0	0	0	0	0	0	0	0	0	0	0	0	0	0	0	0	0	0	0	0	0	0	1	1	1	1	1	1	1	1	99	0	0	0	0	0	0	0	0	0	0	0	0	0	0	0	0	0	0	0	0	0	0	0	0	0	0	0	0	0	0	0	0	0	0	0	0	0	0	0	0	0	0	0	0	0	120	0	0	0	0	15	21	0	0	0	0	5000	0	0	0	55505	0	0	0	0	0	0	0	0	0	0	0	0	0	0	0	0	0	0	0	0	0	0	0	0	0	0	0	0	0	0	0	0	0	1	
	61029	1	0	곰의비약2(10분)	158273	1	69DDA0	42015	159064	0	0	25349	39918	0	911	0	911	8	Q005	1	Null	0	0	0	0	1	0	0	0	0	0	0	0	2	6	255	0	0	0	0	0	0	0	0	0	0	0	0	0	0	0	0	0	0	0	0	0	0	0	0	0	0	0	0	0	1	1	1	1	1	1	1	1	99	0	0	0	0	0	0	0	0	0	0	0	0	0	0	0	0	0	0	0	0	0	0	0	0	0	0	0	0	0	0	0	0	0	0	0	0	0	0	0	0	0	0	0	0	0	120	0	0	0	0	15	22	0	0	0	0	5000	0	0	0	55537	0	0	0	0	0	0	0	0	0	0	0	0	0	0	0	0	0	0	0	0	0	0	0	0	0	0	0	0	0	0	0	0	0	1	
	61030	1	0	곰의비약2(30분)	158274	1	69DDA0	42015	159064	0	0	25349	39918	0	911	0	911	8	Q005	1	Null	0	0	0	0	1	0	0	0	0	0	0	0	2	6	255	0	0	0	0	0	0	0	0	0	0	0	0	0	0	0	0	0	0	0	0	0	0	0	0	0	0	0	0	0	1	1	1	1	1	1	1	1	99	0	0	0	0	0	0	0	0	0	0	0	0	0	0	0	0	0	0	0	0	0	0	0	0	0	0	0	0	0	0	0	0	0	0	0	0	0	0	0	0	0	0	0	0	0	120	0	0	0	0	15	22	0	0	0	0	5000	0	0	0	55511	0	0	0	0	0	0	0	0	0	0	0	0	0	0	0	0	0	0	0	0	0	0	0	0	0	0	0	0	0	0	0	0	0	1	
	61031	1	0	곰의비약2(60분)	158275	1	69DDA0	42015	159064	0	0	25349	39918	0	911	0	911	8	Q005	1	Null	0	0	0	0	1	0	0	0	0	0	0	0	2	6	255	0	0	0	0	0	0	0	0	0	0	0	0	0	0	0	0	0	0	0	0	0	0	0	0	0	0	0	0	0	1	1	1	1	1	1	1	1	99	0	0	0	0	0	0	0	0	0	0	0	0	0	0	0	0	0	0	0	0	0	0	0	0	0	0	0	0	0	0	0	0	0	0	0	0	0	0	0	0	0	0	0	0	0	120	0	0	0	0	15	22	0	0	0	0	5000	0	0	0	55512	0	0	0	0	0	0	0	0	0	0	0	0	0	0	0	0	0	0	0	0	0	0	0	0	0	0	0	0	0	0	0	0	0	1	
	61032	1	0	곰의비약2(6시간)	158276	1	69DDA0	42015	159064	0	0	25349	39918	0	911	0	911	8	Q005	1	Null	0	0	0	0	1	0	0	0	0	0	0	0	2	6	255	0	0	0	0	0	0	0	0	0	0	0	0	0	0	0	0	0	0	0	0	0	0	0	0	0	0	0	0	0	1	1	1	1	1	1	1	1	99	0	0	0	0	0	0	0	0	0	0	0	0	0	0	0	0	0	0	0	0	0	0	0	0	0	0	0	0	0	0	0	0	0	0	0	0	0	0	0	0	0	0	0	0	0	120	0	0	0	0	15	22	0	0	0	0	5000	0	0	0	55513	0	0	0	0	0	0	0	0	0	0	0	0	0	0	0	0	0	0	0	0	0	0	0	0	0	0	0	0	0	0	0	0	0	1	
	61033	1	0	곰의비약2(12시간)	158277	1	69DDA0	42015	159064	0	0	25349	39918	0	911	0	911	8	Q005	1	Null	0	0	0	0	1	0	0	0	0	0	0	0	2	6	255	0	0	0	0	0	0	0	0	0	0	0	0	0	0	0	0	0	0	0	0	0	0	0	0	0	0	0	0	0	1	1	1	1	1	1	1	1	99	0	0	0	0	0	0	0	0	0	0	0	0	0	0	0	0	0	0	0	0	0	0	0	0	0	0	0	0	0	0	0	0	0	0	0	0	0	0	0	0	0	0	0	0	0	120	0	0	0	0	15	22	0	0	0	0	5000	0	0	0	55514	0	0	0	0	0	0	0	0	0	0	0	0	0	0	0	0	0	0	0	0	0	0	0	0	0	0	0	0	0	0	0	0	0	1	
	61034	1	0	곰의비약2(24시간)	158278	1	69DDA0	42015	159064	0	0	25349	39918	0	911	0	911	8	Q005	1	Null	0	0	0	0	1	0	0	0	0	0	0	0	2	6	255	0	0	0	0	0	0	0	0	0	0	0	0	0	0	0	0	0	0	0	0	0	0	0	0	0	0	0	0	0	1	1	1	1	1	1	1	1	99	0	0	0	0	0	0	0	0	0	0	0	0	0	0	0	0	0	0	0	0	0	0	0	0	0	0	0	0	0	0	0	0	0	0	0	0	0	0	0	0	0	0	0	0	0	120	0	0	0	0	15	22	0	0	0	0	5000	0	0	0	55515	0	0	0	0	0	0	0	0	0	0	0	0	0	0	0	0	0	0	0	0	0	0	0	0	0	0	0	0	0	0	0	0	0	1	
	61035	1	0	늑대의비약2(10분)	158279	1	69DDA0	42015	159062	0	0	25350	39918	0	911	0	911	8	Q005	1	Null	0	0	0	0	1	0	0	0	0	0	0	0	2	6	255	0	0	0	0	0	0	0	0	0	0	0	0	0	0	0	0	0	0	0	0	0	0	0	0	0	0	0	0	0	1	1	1	1	1	1	1	1	99	0	0	0	0	0	0	0	0	0	0	0	0	0	0	0	0	0	0	0	0	0	0	0	0	0	0	0	0	0	0	0	0	0	0	0	0	0	0	0	0	0	0	0	0	0	120	0	0	0	0	15	23	0	0	0	0	5000	0	0	0	55538	0	0	0	0	0	0	0	0	0	0	0	0	0	0	0	0	0	0	0	0	0	0	0	0	0	0	0	0	0	0	0	0	0	1	
	61036	1	0	늑대의비약2(30분)	158280	1	69DDA0	42015	159062	0	0	25350	39918	0	911	0	911	8	Q005	1	Null	0	0	0	0	1	0	0	0	0	0	0	0	2	6	255	0	0	0	0	0	0	0	0	0	0	0	0	0	0	0	0	0	0	0	0	0	0	0	0	0	0	0	0	0	1	1	1	1	1	1	1	1	99	0	0	0	0	0	0	0	0	0	0	0	0	0	0	0	0	0	0	0	0	0	0	0	0	0	0	0	0	0	0	0	0	0	0	0	0	0	0	0	0	0	0	0	0	0	120	0	0	0	0	15	23	0	0	0	0	5000	0	0	0	55521	0	0	0	0	0	0	0	0	0	0	0	0	0	0	0	0	0	0	0	0	0	0	0	0	0	0	0	0	0	0	0	0	0	1	
	61037	1	0	늑대의비약2(60분)	158281	1	69DDA0	42015	159062	0	0	25350	39918	0	911	0	911	8	Q005	1	Null	0	0	0	0	1	0	0	0	0	0	0	0	2	6	255	0	0	0	0	0	0	0	0	0	0	0	0	0	0	0	0	0	0	0	0	0	0	0	0	0	0	0	0	0	1	1	1	1	1	1	1	1	99	0	0	0	0	0	0	0	0	0	0	0	0	0	0	0	0	0	0	0	0	0	0	0	0	0	0	0	0	0	0	0	0	0	0	0	0	0	0	0	0	0	0	0	0	0	120	0	0	0	0	15	23	0	0	0	0	5000	0	0	0	55522	0	0	0	0	0	0	0	0	0	0	0	0	0	0	0	0	0	0	0	0	0	0	0	0	0	0	0	0	0	0	0	0	0	1	
	61038	1	0	늑대의비약2(6시간)	158282	1	69DDA0	42015	159062	0	0	25350	39918	0	911	0	911	8	Q005	1	Null	0	0	0	0	1	0	0	0	0	0	0	0	2	6	255	0	0	0	0	0	0	0	0	0	0	0	0	0	0	0	0	0	0	0	0	0	0	0	0	0	0	0	0	0	1	1	1	1	1	1	1	1	99	0	0	0	0	0	0	0	0	0	0	0	0	0	0	0	0	0	0	0	0	0	0	0	0	0	0	0	0	0	0	0	0	0	0	0	0	0	0	0	0	0	0	0	0	0	120	0	0	0	0	15	23	0	0	0	0	5000	0	0	0	55523	0	0	0	0	0	0	0	0	0	0	0	0	0	0	0	0	0	0	0	0	0	0	0	0	0	0	0	0	0	0	0	0	0	1	
	61039	1	0	늑대의비약2(12시간)	158283	1	69DDA0	42015	159062	0	0	25350	39918	0	911	0	911	8	Q005	1	Null	0	0	0	0	1	0	0	0	0	0	0	0	2	6	255	0	0	0	0	0	0	0	0	0	0	0	0	0	0	0	0	0	0	0	0	0	0	0	0	0	0	0	0	0	1	1	1	1	1	1	1	1	99	0	0	0	0	0	0	0	0	0	0	0	0	0	0	0	0	0	0	0	0	0	0	0	0	0	0	0	0	0	0	0	0	0	0	0	0	0	0	0	0	0	0	0	0	0	120	0	0	0	0	15	23	0	0	0	0	5000	0	0	0	55524	0	0	0	0	0	0	0	0	0	0	0	0	0	0	0	0	0	0	0	0	0	0	0	0	0	0	0	0	0	0	0	0	0	1	
	61040	1	0	늑대의비약2(24시간)	158284	1	69DDA0	42015	159062	0	0	25350	39918	0	911	0	911	8	Q005	1	Null	0	0	0	0	1	0	0	0	0	0	0	0	2	6	255	0	0	0	0	0	0	0	0	0	0	0	0	0	0	0	0	0	0	0	0	0	0	0	0	0	0	0	0	0	1	1	1	1	1	1	1	1	99	0	0	0	0	0	0	0	0	0	0	0	0	0	0	0	0	0	0	0	0	0	0	0	0	0	0	0	0	0	0	0	0	0	0	0	0	0	0	0	0	0	0	0	0	0	120	0	0	0	0	15	23	0	0	0	0	5000	0	0	0	55525	0	0	0	0	0	0	0	0	0	0	0	0	0	0	0	0	0	0	0	0	0	0	0	0	0	0	0	0	0	0	0	0	0	1	
	61041	1	0	매의비약(10분)	158285	1	69DDA0	42015	159100	0	0	25351	39918	0	911	0	911	8	Q005	1	Null	0	0	0	0	1	0	0	0	0	0	0	0	2	6	255	0	0	0	0	0	0	0	0	0	0	0	0	0	0	0	0	0	0	0	0	0	0	0	0	0	0	0	0	0	1	1	1	1	1	1	1	1	99	0	0	0	0	0	0	0	0	0	0	0	0	0	0	0	0	0	0	0	0	0	0	0	0	0	0	0	0	0	0	0	0	0	0	0	0	0	0	0	0	0	0	0	0	0	120	0	0	0	0	15	24	0	0	0	0	5000	0	0	0	55539	0	0	0	0	0	0	0	0	0	0	0	0	0	0	0	0	0	0	0	0	0	0	0	0	0	0	0	0	0	0	0	0	0	1	
	61042	1	0	매의비약(30분)	158286	1	69DDA0	42015	159100	0	0	25351	39918	0	911	0	911	8	Q005	1	Null	0	0	0	0	1	0	0	0	0	0	0	0	2	6	255	0	0	0	0	0	0	0	0	0	0	0	0	0	0	0	0	0	0	0	0	0	0	0	0	0	0	0	0	0	1	1	1	1	1	1	1	1	99	0	0	0	0	0	0	0	0	0	0	0	0	0	0	0	0	0	0	0	0	0	0	0	0	0	0	0	0	0	0	0	0	0	0	0	0	0	0	0	0	0	0	0	0	0	120	0	0	0	0	15	24	0	0	0	0	5000	0	0	0	55531	0	0	0	0	0	0	0	0	0	0	0	0	0	0	0	0	0	0	0	0	0	0	0	0	0	0	0	0	0	0	0	0	0	1	
	61043	1	0	매의비약(60분)	158287	1	69DDA0	42015	159100	0	0	25351	39918	0	911	0	911	8	Q005	1	Null	0	0	0	0	1	0	0	0	0	0	0	0	2	6	255	0	0	0	0	0	0	0	0	0	0	0	0	0	0	0	0	0	0	0	0	0	0	0	0	0	0	0	0	0	1	1	1	1	1	1	1	1	99	0	0	0	0	0	0	0	0	0	0	0	0	0	0	0	0	0	0	0	0	0	0	0	0	0	0	0	0	0	0	0	0	0	0	0	0	0	0	0	0	0	0	0	0	0	120	0	0	0	0	15	24	0	0	0	0	5000	0	0	0	55532	0	0	0	0	0	0	0	0	0	0	0	0	0	0	0	0	0	0	0	0	0	0	0	0	0	0	0	0	0	0	0	0	0	1	
	61044	1	0	매의비약(6시간)	158288	1	69DDA0	42015	159100	0	0	25351	39918	0	911	0	911	8	Q005	1	Null	0	0	0	0	1	0	0	0	0	0	0	0	2	6	255	0	0	0	0	0	0	0	0	0	0	0	0	0	0	0	0	0	0	0	0	0	0	0	0	0	0	0	0	0	1	1	1	1	1	1	1	1	99	0	0	0	0	0	0	0	0	0	0	0	0	0	0	0	0	0	0	0	0	0	0	0	0	0	0	0	0	0	0	0	0	0	0	0	0	0	0	0	0	0	0	0	0	0	120	0	0	0	0	15	24	0	0	0	0	5000	0	0	0	55533	0	0	0	0	0	0	0	0	0	0	0	0	0	0	0	0	0	0	0	0	0	0	0	0	0	0	0	0	0	0	0	0	0	1	
	61045	1	0	매의비약(12시간)	158289	1	69DDA0	42015	159100	0	0	25351	39918	0	911	0	911	8	Q005	1	Null	0	0	0	0	1	0	0	0	0	0	0	0	2	6	255	0	0	0	0	0	0	0	0	0	0	0	0	0	0	0	0	0	0	0	0	0	0	0	0	0	0	0	0	0	1	1	1	1	1	1	1	1	99	0	0	0	0	0	0	0	0	0	0	0	0	0	0	0	0	0	0	0	0	0	0	0	0	0	0	0	0	0	0	0	0	0	0	0	0	0	0	0	0	0	0	0	0	0	120	0	0	0	0	15	24	0	0	0	0	5000	0	0	0	55534	0	0	0	0	0	0	0	0	0	0	0	0	0	0	0	0	0	0	0	0	0	0	0	0	0	0	0	0	0	0	0	0	0	1	
	61046	1	0	매의비약(24시간)	158290	1	69DDA0	42015	159100	0	0	25351	39918	0	911	0	911	8	Q005	1	Null	0	0	0	0	1	0	0	0	0	0	0	0	2	6	255	0	0	0	0	0	0	0	0	0	0	0	0	0	0	0	0	0	0	0	0	0	0	0	0	0	0	0	0	0	1	1	1	1	1	1	1	1	99	0	0	0	0	0	0	0	0	0	0	0	0	0	0	0	0	0	0	0	0	0	0	0	0	0	0	0	0	0	0	0	0	0	0	0	0	0	0	0	0	0	0	0	0	0	120	0	0	0	0	15	24	0	0	0	0	5000	0	0	0	55535	0	0	0	0	0	0	0	0	0	0	0	0	0	0	0	0	0	0	0	0	0	0	0	0	0	0	0	0	0	0	0	0	0	1	
	61047	1	0	뱀의비약(10분)	158291	1	69DDA0	42015	159528	0	0	25352	39918	0	911	0	911	8	Q005	1	Null	0	0	0	0	1	0	0	0	0	0	0	0	2	6	255	0	0	0	0	0	0	0	0	0	0	0	0	0	0	0	0	0	0	0	0	0	0	0	0	0	0	0	0	0	1	1	1	1	1	1	1	1	99	0	0	0	0	0	0	0	0	0	0	0	0	0	0	0	0	0	0	0	0	0	0	0	0	0	0	0	0	0	0	0	0	0	0	0	0	0	0	0	0	0	0	0	0	0	120	0	0	0	0	15	25	0	0	0	0	5000	0	0	0	55541	0	0	0	0	0	0	0	0	0	0	0	0	0	0	0	0	0	0	0	0	0	0	0	0	0	0	0	0	0	0	0	0	0	1	
	61048	1	0	뱀의비약(30분)	158292	1	69DDA0	42015	159528	0	0	25352	39918	0	911	0	911	8	Q005	1	Null	0	0	0	0	1	0	0	0	0	0	0	0	2	6	255	0	0	0	0	0	0	0	0	0	0	0	0	0	0	0	0	0	0	0	0	0	0	0	0	0	0	0	0	0	1	1	1	1	1	1	1	1	99	0	0	0	0	0	0	0	0	0	0	0	0	0	0	0	0	0	0	0	0	0	0	0	0	0	0	0	0	0	0	0	0	0	0	0	0	0	0	0	0	0	0	0	0	0	120	0	0	0	0	15	25	0	0	0	0	5000	0	0	0	55542	0	0	0	0	0	0	0	0	0	0	0	0	0	0	0	0	0	0	0	0	0	0	0	0	0	0	0	0	0	0	0	0	0	1	
	61049	1	0	뱀의비약(60분)	158293	1	69DDA0	42015	159528	0	0	25352	39918	0	911	0	911	8	Q005	1	Null	0	0	0	0	1	0	0	0	0	0	0	0	2	6	255	0	0	0	0	0	0	0	0	0	0	0	0	0	0	0	0	0	0	0	0	0	0	0	0	0	0	0	0	0	1	1	1	1	1	1	1	1	99	0	0	0	0	0	0	0	0	0	0	0	0	0	0	0	0	0	0	0	0	0	0	0	0	0	0	0	0	0	0	0	0	0	0	0	0	0	0	0	0	0	0	0	0	0	120	0	0	0	0	15	25	0	0	0	0	5000	0	0	0	55543	0	0	0	0	0	0	0	0	0	0	0	0	0	0	0	0	0	0	0	0	0	0	0	0	0	0	0	0	0	0	0	0	0	1	
	61050	1	0	뱀의비약(6시간)	158294	1	69DDA0	42015	159528	0	0	25352	39918	0	911	0	911	8	Q005	1	Null	0	0	0	0	1	0	0	0	0	0	0	0	2	6	255	0	0	0	0	0	0	0	0	0	0	0	0	0	0	0	0	0	0	0	0	0	0	0	0	0	0	0	0	0	1	1	1	1	1	1	1	1	99	0	0	0	0	0	0	0	0	0	0	0	0	0	0	0	0	0	0	0	0	0	0	0	0	0	0	0	0	0	0	0	0	0	0	0	0	0	0	0	0	0	0	0	0	0	120	0	0	0	0	15	25	0	0	0	0	5000	0	0	0	55544	0	0	0	0	0	0	0	0	0	0	0	0	0	0	0	0	0	0	0	0	0	0	0	0	0	0	0	0	0	0	0	0	0	1	
	61051	1	0	뱀의비약(12시간)	158295	1	69DDA0	42015	159528	0	0	25352	39918	0	911	0	911	8	Q005	1	Null	0	0	0	0	1	0	0	0	0	0	0	0	2	6	255	0	0	0	0	0	0	0	0	0	0	0	0	0	0	0	0	0	0	0	0	0	0	0	0	0	0	0	0	0	1	1	1	1	1	1	1	1	99	0	0	0	0	0	0	0	0	0	0	0	0	0	0	0	0	0	0	0	0	0	0	0	0	0	0	0	0	0	0	0	0	0	0	0	0	0	0	0	0	0	0	0	0	0	120	0	0	0	0	15	25	0	0	0	0	5000	0	0	0	55545	0	0	0	0	0	0	0	0	0	0	0	0	0	0	0	0	0	0	0	0	0	0	0	0	0	0	0	0	0	0	0	0	0	1	
	61052	1	0	뱀의비약(24시간)	158296	1	69DDA0	42015	159528	0	0	25352	39918	0	911	0	911	8	Q005	1	Null	0	0	0	0	1	0	0	0	0	0	0	0	2	6	255	0	0	0	0	0	0	0	0	0	0	0	0	0	0	0	0	0	0	0	0	0	0	0	0	0	0	0	0	0	1	1	1	1	1	1	1	1	99	0	0	0	0	0	0	0	0	0	0	0	0	0	0	0	0	0	0	0	0	0	0	0	0	0	0	0	0	0	0	0	0	0	0	0	0	0	0	0	0	0	0	0	0	0	120	0	0	0	0	15	25	0	0	0	0	5000	0	0	0	55546	0	0	0	0	0	0	0	0	0	0	0	0	0	0	0	0	0	0	0	0	0	0	0	0	0	0	0	0	0	0	0	0	0	1	
	61053	1	0	승냥이의비약_2(10분)	158297	1	69DDA0	42015	159530	0	0	25353	39918	0	911	0	911	8	Q005	1	Null	0	0	0	0	1	0	0	0	0	0	0	0	2	6	255	0	0	0	0	0	0	0	0	0	0	0	0	0	0	0	0	0	0	0	0	0	0	0	0	0	0	0	0	0	1	1	1	1	1	1	1	1	99	0	0	0	0	0	0	0	0	0	0	0	0	0	0	0	0	0	0	0	0	0	0	0	0	0	0	0	0	0	0	0	0	0	0	0	0	0	0	0	0	0	0	0	0	0	120	0	0	0	0	15	26	0	0	0	0	5000	0	0	0	55551	0	0	0	0	0	0	0	0	0	0	0	0	0	0	0	0	0	0	0	0	0	0	0	0	0	0	0	0	0	0	0	0	0	1	
	61054	1	0	승냥이의비약_2(30분)	158298	1	69DDA0	42015	159530	0	0	25353	39918	0	911	0	911	8	Q005	1	Null	0	0	0	0	1	0	0	0	0	0	0	0	2	6	255	0	0	0	0	0	0	0	0	0	0	0	0	0	0	0	0	0	0	0	0	0	0	0	0	0	0	0	0	0	1	1	1	1	1	1	1	1	99	0	0	0	0	0	0	0	0	0	0	0	0	0	0	0	0	0	0	0	0	0	0	0	0	0	0	0	0	0	0	0	0	0	0	0	0	0	0	0	0	0	0	0	0	0	120	0	0	0	0	15	26	0	0	0	0	5000	0	0	0	55552	0	0	0	0	0	0	0	0	0	0	0	0	0	0	0	0	0	0	0	0	0	0	0	0	0	0	0	0	0	0	0	0	0	1	
	61055	1	0	승냥이의비약_2(60분)	158299	1	69DDA0	42015	159530	0	0	25353	39918	0	911	0	911	8	Q005	1	Null	0	0	0	0	1	0	0	0	0	0	0	0	2	6	255	0	0	0	0	0	0	0	0	0	0	0	0	0	0	0	0	0	0	0	0	0	0	0	0	0	0	0	0	0	1	1	1	1	1	1	1	1	99	0	0	0	0	0	0	0	0	0	0	0	0	0	0	0	0	0	0	0	0	0	0	0	0	0	0	0	0	0	0	0	0	0	0	0	0	0	0	0	0	0	0	0	0	0	120	0	0	0	0	15	26	0	0	0	0	5000	0	0	0	55553	0	0	0	0	0	0	0	0	0	0	0	0	0	0	0	0	0	0	0	0	0	0	0	0	0	0	0	0	0	0	0	0	0	1	
	61056	1	0	승냥이의비약_2(6시간)	158300	1	69DDA0	42015	159530	0	0	25353	39918	0	911	0	911	8	Q005	1	Null	0	0	0	0	1	0	0	0	0	0	0	0	2	6	255	0	0	0	0	0	0	0	0	0	0	0	0	0	0	0	0	0	0	0	0	0	0	0	0	0	0	0	0	0	1	1	1	1	1	1	1	1	99	0	0	0	0	0	0	0	0	0	0	0	0	0	0	0	0	0	0	0	0	0	0	0	0	0	0	0	0	0	0	0	0	0	0	0	0	0	0	0	0	0	0	0	0	0	120	0	0	0	0	15	26	0	0	0	0	5000	0	0	0	55554	0	0	0	0	0	0	0	0	0	0	0	0	0	0	0	0	0	0	0	0	0	0	0	0	0	0	0	0	0	0	0	0	0	1	
	61057	1	0	승냥이의비약_2(12시간)	158301	1	69DDA0	42015	159530	0	0	25353	39918	0	911	0	911	8	Q005	1	Null	0	0	0	0	1	0	0	0	0	0	0	0	2	6	255	0	0	0	0	0	0	0	0	0	0	0	0	0	0	0	0	0	0	0	0	0	0	0	0	0	0	0	0	0	1	1	1	1	1	1	1	1	99	0	0	0	0	0	0	0	0	0	0	0	0	0	0	0	0	0	0	0	0	0	0	0	0	0	0	0	0	0	0	0	0	0	0	0	0	0	0	0	0	0	0	0	0	0	120	0	0	0	0	15	26	0	0	0	0	5000	0	0	0	55555	0	0	0	0	0	0	0	0	0	0	0	0	0	0	0	0	0	0	0	0	0	0	0	0	0	0	0	0	0	0	0	0	0	1	
	61058	1	0	승냥이의비약_2(24시간)	158302	1	69DDA0	42015	159530	0	0	25353	39918	0	911	0	911	8	Q005	1	Null	0	0	0	0	1	0	0	0	0	0	0	0	2	6	255	0	0	0	0	0	0	0	0	0	0	0	0	0	0	0	0	0	0	0	0	0	0	0	0	0	0	0	0	0	1	1	1	1	1	1	1	1	99	0	0	0	0	0	0	0	0	0	0	0	0	0	0	0	0	0	0	0	0	0	0	0	0	0	0	0	0	0	0	0	0	0	0	0	0	0	0	0	0	0	0	0	0	0	120	0	0	0	0	15	26	0	0	0	0	5000	0	0	0	55556	0	0	0	0	0	0	0	0	0	0	0	0	0	0	0	0	0	0	0	0	0	0	0	0	0	0	0	0	0	0	0	0	0	1	
	61123	1	0	치타의기세(10분)_LE	158601	1	69DDA0	42015	159205	0	0	72511	39918	0	911	0	911	8	Q005	1	Null	0	0	0	0	1	0	0	0	0	0	0	0	2	6	255	0	0	0	0	0	0	0	0	0	0	0	0	0	0	0	0	0	0	0	0	0	0	0	0	0	0	0	0	0	1	1	1	1	1	1	1	1	99	0	0	0	0	0	0	0	0	0	0	0	0	0	0	0	0	0	0	0	0	0	0	0	0	0	0	0	0	0	0	0	0	0	0	0	0	0	0	0	0	0	0	0	0	0	120	0	0	0	0	15	21	0	0	0	0	5000	0	0	0	58536	0	0	0	0	0	0	0	0	0	0	0	0	0	0	0	0	0	0	0	0	0	0	0	0	0	0	0	0	0	0	0	0	0	1	
	61124	1	0	치타의기세(30분)_LE	158602	1	69DDA0	42015	159205	0	0	72511	39918	0	911	0	911	8	Q005	1	Null	0	0	0	0	1	0	0	0	0	0	0	0	2	6	255	0	0	0	0	0	0	0	0	0	0	0	0	0	0	0	0	0	0	0	0	0	0	0	0	0	0	0	0	0	1	1	1	1	1	1	1	1	99	0	0	0	0	0	0	0	0	0	0	0	0	0	0	0	0	0	0	0	0	0	0	0	0	0	0	0	0	0	0	0	0	0	0	0	0	0	0	0	0	0	0	0	0	0	120	0	0	0	0	15	21	0	0	0	0	5000	0	0	0	58501	0	0	0	0	0	0	0	0	0	0	0	0	0	0	0	0	0	0	0	0	0	0	0	0	0	0	0	0	0	0	0	0	0	1	
	61125	1	0	치타의기세(60분)_LE	158603	1	69DDA0	42015	159205	0	0	72511	39918	0	911	0	911	8	Q005	1	Null	0	0	0	0	1	0	0	0	0	0	0	0	2	6	255	0	0	0	0	0	0	0	0	0	0	0	0	0	0	0	0	0	0	0	0	0	0	0	0	0	0	0	0	0	1	1	1	1	1	1	1	1	99	0	0	0	0	0	0	0	0	0	0	0	0	0	0	0	0	0	0	0	0	0	0	0	0	0	0	0	0	0	0	0	0	0	0	0	0	0	0	0	0	0	0	0	0	0	120	0	0	0	0	15	21	0	0	0	0	5000	0	0	0	58502	0	0	0	0	0	0	0	0	0	0	0	0	0	0	0	0	0	0	0	0	0	0	0	0	0	0	0	0	0	0	0	0	0	1	
	61126	1	0	치타의기세(6시간)_LE	158604	1	69DDA0	42015	159205	0	0	72511	39918	0	911	0	911	8	Q005	1	Null	0	0	0	0	1	0	0	0	0	0	0	0	2	6	255	0	0	0	0	0	0	0	0	0	0	0	0	0	0	0	0	0	0	0	0	0	0	0	0	0	0	0	0	0	1	1	1	1	1	1	1	1	99	0	0	0	0	0	0	0	0	0	0	0	0	0	0	0	0	0	0	0	0	0	0	0	0	0	0	0	0	0	0	0	0	0	0	0	0	0	0	0	0	0	0	0	0	0	120	0	0	0	0	15	21	0	0	0	0	5000	0	0	0	58503	0	0	0	0	0	0	0	0	0	0	0	0	0	0	0	0	0	0	0	0	0	0	0	0	0	0	0	0	0	0	0	0	0	1	
	61127	1	0	치타의기세(12시간)_LE	158605	1	69DDA0	42015	159205	0	0	72511	39918	0	911	0	911	8	Q005	1	Null	0	0	0	0	1	0	0	0	0	0	0	0	2	6	255	0	0	0	0	0	0	0	0	0	0	0	0	0	0	0	0	0	0	0	0	0	0	0	0	0	0	0	0	0	1	1	1	1	1	1	1	1	99	0	0	0	0	0	0	0	0	0	0	0	0	0	0	0	0	0	0	0	0	0	0	0	0	0	0	0	0	0	0	0	0	0	0	0	0	0	0	0	0	0	0	0	0	0	120	0	0	0	0	15	21	0	0	0	0	5000	0	0	0	58504	0	0	0	0	0	0	0	0	0	0	0	0	0	0	0	0	0	0	0	0	0	0	0	0	0	0	0	0	0	0	0	0	0	1	
	61128	1	0	치타의기세(24시간)_LE	158606	1	69DDA0	42015	159205	0	0	72511	39918	0	911	0	911	8	Q005	1	Null	0	0	0	0	1	0	0	0	0	0	0	0	2	6	255	0	0	0	0	0	0	0	0	0	0	0	0	0	0	0	0	0	0	0	0	0	0	0	0	0	0	0	0	0	1	1	1	1	1	1	1	1	99	0	0	0	0	0	0	0	0	0	0	0	0	0	0	0	0	0	0	0	0	0	0	0	0	0	0	0	0	0	0	0	0	0	0	0	0	0	0	0	0	0	0	0	0	0	120	0	0	0	0	15	21	0	0	0	0	5000	0	0	0	58505	0	0	0	0	0	0	0	0	0	0	0	0	0	0	0	0	0	0	0	0	0	0	0	0	0	0	0	0	0	0	0	0	0	1	
	61129	1	0	곰의기세(10분)_LE	158607	1	69DDA0	42015	159206	0	0	72512	39918	0	911	0	911	8	Q005	1	Null	0	0	0	0	1	0	0	0	0	0	0	0	2	6	255	0	0	0	0	0	0	0	0	0	0	0	0	0	0	0	0	0	0	0	0	0	0	0	0	0	0	0	0	0	1	1	1	1	1	1	1	1	99	0	0	0	0	0	0	0	0	0	0	0	0	0	0	0	0	0	0	0	0	0	0	0	0	0	0	0	0	0	0	0	0	0	0	0	0	0	0	0	0	0	0	0	0	0	120	0	0	0	0	15	22	0	0	0	0	5000	0	0	0	58537	0	0	0	0	0	0	0	0	0	0	0	0	0	0	0	0	0	0	0	0	0	0	0	0	0	0	0	0	0	0	0	0	0	1	
	61130	1	0	곰의기세(30분)_LE	158608	1	69DDA0	42015	159206	0	0	72512	39918	0	911	0	911	8	Q005	1	Null	0	0	0	0	1	0	0	0	0	0	0	0	2	6	255	0	0	0	0	0	0	0	0	0	0	0	0	0	0	0	0	0	0	0	0	0	0	0	0	0	0	0	0	0	1	1	1	1	1	1	1	1	99	0	0	0	0	0	0	0	0	0	0	0	0	0	0	0	0	0	0	0	0	0	0	0	0	0	0	0	0	0	0	0	0	0	0	0	0	0	0	0	0	0	0	0	0	0	120	0	0	0	0	15	22	0	0	0	0	5000	0	0	0	58511	0	0	0	0	0	0	0	0	0	0	0	0	0	0	0	0	0	0	0	0	0	0	0	0	0	0	0	0	0	0	0	0	0	1	
	61131	1	0	곰의기세(60분)_LE	158609	1	69DDA0	42015	159206	0	0	72512	39918	0	911	0	911	8	Q005	1	Null	0	0	0	0	1	0	0	0	0	0	0	0	2	6	255	0	0	0	0	0	0	0	0	0	0	0	0	0	0	0	0	0	0	0	0	0	0	0	0	0	0	0	0	0	1	1	1	1	1	1	1	1	99	0	0	0	0	0	0	0	0	0	0	0	0	0	0	0	0	0	0	0	0	0	0	0	0	0	0	0	0	0	0	0	0	0	0	0	0	0	0	0	0	0	0	0	0	0	120	0	0	0	0	15	22	0	0	0	0	5000	0	0	0	58512	0	0	0	0	0	0	0	0	0	0	0	0	0	0	0	0	0	0	0	0	0	0	0	0	0	0	0	0	0	0	0	0	0	1	
	61132	1	0	곰의기세(6시간)_LE	158610	1	69DDA0	42015	159206	0	0	72512	39918	0	911	0	911	8	Q005	1	Null	0	0	0	0	1	0	0	0	0	0	0	0	2	6	255	0	0	0	0	0	0	0	0	0	0	0	0	0	0	0	0	0	0	0	0	0	0	0	0	0	0	0	0	0	1	1	1	1	1	1	1	1	99	0	0	0	0	0	0	0	0	0	0	0	0	0	0	0	0	0	0	0	0	0	0	0	0	0	0	0	0	0	0	0	0	0	0	0	0	0	0	0	0	0	0	0	0	0	120	0	0	0	0	15	22	0	0	0	0	5000	0	0	0	58513	0	0	0	0	0	0	0	0	0	0	0	0	0	0	0	0	0	0	0	0	0	0	0	0	0	0	0	0	0	0	0	0	0	1	
	61133	1	0	곰의기세(12시간)_LE	158611	1	69DDA0	42015	159206	0	0	72512	39918	0	911	0	911	8	Q005	1	Null	0	0	0	0	1	0	0	0	0	0	0	0	2	6	255	0	0	0	0	0	0	0	0	0	0	0	0	0	0	0	0	0	0	0	0	0	0	0	0	0	0	0	0	0	1	1	1	1	1	1	1	1	99	0	0	0	0	0	0	0	0	0	0	0	0	0	0	0	0	0	0	0	0	0	0	0	0	0	0	0	0	0	0	0	0	0	0	0	0	0	0	0	0	0	0	0	0	0	120	0	0	0	0	15	22	0	0	0	0	5000	0	0	0	58514	0	0	0	0	0	0	0	0	0	0	0	0	0	0	0	0	0	0	0	0	0	0	0	0	0	0	0	0	0	0	0	0	0	1	
	61134	1	0	곰의기세(24시간)_LE	158612	1	69DDA0	42015	159206	0	0	72512	39918	0	911	0	911	8	Q005	1	Null	0	0	0	0	1	0	0	0	0	0	0	0	2	6	255	0	0	0	0	0	0	0	0	0	0	0	0	0	0	0	0	0	0	0	0	0	0	0	0	0	0	0	0	0	1	1	1	1	1	1	1	1	99	0	0	0	0	0	0	0	0	0	0	0	0	0	0	0	0	0	0	0	0	0	0	0	0	0	0	0	0	0	0	0	0	0	0	0	0	0	0	0	0	0	0	0	0	0	120	0	0	0	0	15	22	0	0	0	0	5000	0	0	0	58515	0	0	0	0	0	0	0	0	0	0	0	0	0	0	0	0	0	0	0	0	0	0	0	0	0	0	0	0	0	0	0	0	0	1	
	61135	1	0	늑대의기세(10분)_LE	158613	1	69DDA0	42015	159207	0	0	72513	39918	0	911	0	911	8	Q005	1	Null	0	0	0	0	1	0	0	0	0	0	0	0	2	6	255	0	0	0	0	0	0	0	0	0	0	0	0	0	0	0	0	0	0	0	0	0	0	0	0	0	0	0	0	0	1	1	1	1	1	1	1	1	99	0	0	0	0	0	0	0	0	0	0	0	0	0	0	0	0	0	0	0	0	0	0	0	0	0	0	0	0	0	0	0	0	0	0	0	0	0	0	0	0	0	0	0	0	0	120	0	0	0	0	15	23	0	0	0	0	5000	0	0	0	58538	0	0	0	0	0	0	0	0	0	0	0	0	0	0	0	0	0	0	0	0	0	0	0	0	0	0	0	0	0	0	0	0	0	1	
	61136	1	0	늑대의기세(30분)_LE	158614	1	69DDA0	42015	159207	0	0	72513	39918	0	911	0	911	8	Q005	1	Null	0	0	0	0	1	0	0	0	0	0	0	0	2	6	255	0	0	0	0	0	0	0	0	0	0	0	0	0	0	0	0	0	0	0	0	0	0	0	0	0	0	0	0	0	1	1	1	1	1	1	1	1	99	0	0	0	0	0	0	0	0	0	0	0	0	0	0	0	0	0	0	0	0	0	0	0	0	0	0	0	0	0	0	0	0	0	0	0	0	0	0	0	0	0	0	0	0	0	120	0	0	0	0	15	23	0	0	0	0	5000	0	0	0	58521	0	0	0	0	0	0	0	0	0	0	0	0	0	0	0	0	0	0	0	0	0	0	0	0	0	0	0	0	0	0	0	0	0	1	
	61137	1	0	늑대의기세(60분)_LE	158615	1	69DDA0	42015	159207	0	0	72513	39918	0	911	0	911	8	Q005	1	Null	0	0	0	0	1	0	0	0	0	0	0	0	2	6	255	0	0	0	0	0	0	0	0	0	0	0	0	0	0	0	0	0	0	0	0	0	0	0	0	0	0	0	0	0	1	1	1	1	1	1	1	1	99	0	0	0	0	0	0	0	0	0	0	0	0	0	0	0	0	0	0	0	0	0	0	0	0	0	0	0	0	0	0	0	0	0	0	0	0	0	0	0	0	0	0	0	0	0	120	0	0	0	0	15	23	0	0	0	0	5000	0	0	0	58522	0	0	0	0	0	0	0	0	0	0	0	0	0	0	0	0	0	0	0	0	0	0	0	0	0	0	0	0	0	0	0	0	0	1	
	61138	1	0	늑대의기세(6시간)_LE	158616	1	69DDA0	42015	159207	0	0	72513	39918	0	911	0	911	8	Q005	1	Null	0	0	0	0	1	0	0	0	0	0	0	0	2	6	255	0	0	0	0	0	0	0	0	0	0	0	0	0	0	0	0	0	0	0	0	0	0	0	0	0	0	0	0	0	1	1	1	1	1	1	1	1	99	0	0	0	0	0	0	0	0	0	0	0	0	0	0	0	0	0	0	0	0	0	0	0	0	0	0	0	0	0	0	0	0	0	0	0	0	0	0	0	0	0	0	0	0	0	120	0	0	0	0	15	23	0	0	0	0	5000	0	0	0	58523	0	0	0	0	0	0	0	0	0	0	0	0	0	0	0	0	0	0	0	0	0	0	0	0	0	0	0	0	0	0	0	0	0	1	
	61139	1	0	늑대의기세(12시간)_LE	158617	1	69DDA0	42015	159207	0	0	72513	39918	0	911	0	911	8	Q005	1	Null	0	0	0	0	1	0	0	0	0	0	0	0	2	6	255	0	0	0	0	0	0	0	0	0	0	0	0	0	0	0	0	0	0	0	0	0	0	0	0	0	0	0	0	0	1	1	1	1	1	1	1	1	99	0	0	0	0	0	0	0	0	0	0	0	0	0	0	0	0	0	0	0	0	0	0	0	0	0	0	0	0	0	0	0	0	0	0	0	0	0	0	0	0	0	0	0	0	0	120	0	0	0	0	15	23	0	0	0	0	5000	0	0	0	58524	0	0	0	0	0	0	0	0	0	0	0	0	0	0	0	0	0	0	0	0	0	0	0	0	0	0	0	0	0	0	0	0	0	1	
	61140	1	0	늑대의기세(24시간)_LE	158618	1	69DDA0	42015	159207	0	0	72513	39918	0	911	0	911	8	Q005	1	Null	0	0	0	0	1	0	0	0	0	0	0	0	2	6	255	0	0	0	0	0	0	0	0	0	0	0	0	0	0	0	0	0	0	0	0	0	0	0	0	0	0	0	0	0	1	1	1	1	1	1	1	1	99	0	0	0	0	0	0	0	0	0	0	0	0	0	0	0	0	0	0	0	0	0	0	0	0	0	0	0	0	0	0	0	0	0	0	0	0	0	0	0	0	0	0	0	0	0	120	0	0	0	0	15	23	0	0	0	0	5000	0	0	0	58525	0	0	0	0	0	0	0	0	0	0	0	0	0	0	0	0	0	0	0	0	0	0	0	0	0	0	0	0	0	0	0	0	0	1	
	61141	1	0	매의기세(10분)_LE	158619	1	69DDA0	42015	159208	0	0	72514	39918	0	911	0	911	8	Q005	1	Null	0	0	0	0	1	0	0	0	0	0	0	0	2	6	255	0	0	0	0	0	0	0	0	0	0	0	0	0	0	0	0	0	0	0	0	0	0	0	0	0	0	0	0	0	1	1	1	1	1	1	1	1	99	0	0	0	0	0	0	0	0	0	0	0	0	0	0	0	0	0	0	0	0	0	0	0	0	0	0	0	0	0	0	0	0	0	0	0	0	0	0	0	0	0	0	0	0	0	120	0	0	0	0	15	24	0	0	0	0	5000	0	0	0	58539	0	0	0	0	0	0	0	0	0	0	0	0	0	0	0	0	0	0	0	0	0	0	0	0	0	0	0	0	0	0	0	0	0	1	
	61142	1	0	매의기세(30분)_LE	158620	1	69DDA0	42015	159208	0	0	72514	39918	0	911	0	911	8	Q005	1	Null	0	0	0	0	1	0	0	0	0	0	0	0	2	6	255	0	0	0	0	0	0	0	0	0	0	0	0	0	0	0	0	0	0	0	0	0	0	0	0	0	0	0	0	0	1	1	1	1	1	1	1	1	99	0	0	0	0	0	0	0	0	0	0	0	0	0	0	0	0	0	0	0	0	0	0	0	0	0	0	0	0	0	0	0	0	0	0	0	0	0	0	0	0	0	0	0	0	0	120	0	0	0	0	15	24	0	0	0	0	5000	0	0	0	58531	0	0	0	0	0	0	0	0	0	0	0	0	0	0	0	0	0	0	0	0	0	0	0	0	0	0	0	0	0	0	0	0	0	1	
	61143	1	0	매의기세(60분)_LE	158621	1	69DDA0	42015	159208	0	0	72514	39918	0	911	0	911	8	Q005	1	Null	0	0	0	0	1	0	0	0	0	0	0	0	2	6	255	0	0	0	0	0	0	0	0	0	0	0	0	0	0	0	0	0	0	0	0	0	0	0	0	0	0	0	0	0	1	1	1	1	1	1	1	1	99	0	0	0	0	0	0	0	0	0	0	0	0	0	0	0	0	0	0	0	0	0	0	0	0	0	0	0	0	0	0	0	0	0	0	0	0	0	0	0	0	0	0	0	0	0	120	0	0	0	0	15	24	0	0	0	0	5000	0	0	0	58532	0	0	0	0	0	0	0	0	0	0	0	0	0	0	0	0	0	0	0	0	0	0	0	0	0	0	0	0	0	0	0	0	0	1	
	61144	1	0	매의기세(6시간)_LE	158622	1	69DDA0	42015	159208	0	0	72514	39918	0	911	0	911	8	Q005	1	Null	0	0	0	0	1	0	0	0	0	0	0	0	2	6	255	0	0	0	0	0	0	0	0	0	0	0	0	0	0	0	0	0	0	0	0	0	0	0	0	0	0	0	0	0	1	1	1	1	1	1	1	1	99	0	0	0	0	0	0	0	0	0	0	0	0	0	0	0	0	0	0	0	0	0	0	0	0	0	0	0	0	0	0	0	0	0	0	0	0	0	0	0	0	0	0	0	0	0	120	0	0	0	0	15	24	0	0	0	0	5000	0	0	0	58533	0	0	0	0	0	0	0	0	0	0	0	0	0	0	0	0	0	0	0	0	0	0	0	0	0	0	0	0	0	0	0	0	0	1	
	61145	1	0	매의기세(12시간)_LE	158623	1	69DDA0	42015	159208	0	0	72514	39918	0	911	0	911	8	Q005	1	Null	0	0	0	0	1	0	0	0	0	0	0	0	2	6	255	0	0	0	0	0	0	0	0	0	0	0	0	0	0	0	0	0	0	0	0	0	0	0	0	0	0	0	0	0	1	1	1	1	1	1	1	1	99	0	0	0	0	0	0	0	0	0	0	0	0	0	0	0	0	0	0	0	0	0	0	0	0	0	0	0	0	0	0	0	0	0	0	0	0	0	0	0	0	0	0	0	0	0	120	0	0	0	0	15	24	0	0	0	0	5000	0	0	0	58534	0	0	0	0	0	0	0	0	0	0	0	0	0	0	0	0	0	0	0	0	0	0	0	0	0	0	0	0	0	0	0	0	0	1	
	61146	1	0	매의기세(24시간)_LE	158624	1	69DDA0	42015	159208	0	0	72514	39918	0	911	0	911	8	Q005	1	Null	0	0	0	0	1	0	0	0	0	0	0	0	2	6	255	0	0	0	0	0	0	0	0	0	0	0	0	0	0	0	0	0	0	0	0	0	0	0	0	0	0	0	0	0	1	1	1	1	1	1	1	1	99	0	0	0	0	0	0	0	0	0	0	0	0	0	0	0	0	0	0	0	0	0	0	0	0	0	0	0	0	0	0	0	0	0	0	0	0	0	0	0	0	0	0	0	0	0	120	0	0	0	0	15	24	0	0	0	0	5000	0	0	0	58535	0	0	0	0	0	0	0	0	0	0	0	0	0	0	0	0	0	0	0	0	0	0	0	0	0	0	0	0	0	0	0	0	0	1	
	61147	1	0	뱀의기세(10분)_LE	158625	1	69DDA0	42015	159528	0	0	72515	39918	0	911	0	911	8	Q005	1	Null	0	0	0	0	1	0	0	0	0	0	0	0	2	6	255	0	0	0	0	0	0	0	0	0	0	0	0	0	0	0	0	0	0	0	0	0	0	0	0	0	0	0	0	0	1	1	1	1	1	1	1	1	99	0	0	0	0	0	0	0	0	0	0	0	0	0	0	0	0	0	0	0	0	0	0	0	0	0	0	0	0	0	0	0	0	0	0	0	0	0	0	0	0	0	0	0	0	0	120	0	0	0	0	15	25	0	0	0	0	5000	0	0	0	58541	0	0	0	0	0	0	0	0	0	0	0	0	0	0	0	0	0	0	0	0	0	0	0	0	0	0	0	0	0	0	0	0	0	1	
	61148	1	0	뱀의기세(30분)_LE	158626	1	69DDA0	42015	159528	0	0	72515	39918	0	911	0	911	8	Q005	1	Null	0	0	0	0	1	0	0	0	0	0	0	0	2	6	255	0	0	0	0	0	0	0	0	0	0	0	0	0	0	0	0	0	0	0	0	0	0	0	0	0	0	0	0	0	1	1	1	1	1	1	1	1	99	0	0	0	0	0	0	0	0	0	0	0	0	0	0	0	0	0	0	0	0	0	0	0	0	0	0	0	0	0	0	0	0	0	0	0	0	0	0	0	0	0	0	0	0	0	120	0	0	0	0	15	25	0	0	0	0	5000	0	0	0	58542	0	0	0	0	0	0	0	0	0	0	0	0	0	0	0	0	0	0	0	0	0	0	0	0	0	0	0	0	0	0	0	0	0	1	
	61149	1	0	뱀의기세(60분)_LE	158627	1	69DDA0	42015	159528	0	0	72515	39918	0	911	0	911	8	Q005	1	Null	0	0	0	0	1	0	0	0	0	0	0	0	2	6	255	0	0	0	0	0	0	0	0	0	0	0	0	0	0	0	0	0	0	0	0	0	0	0	0	0	0	0	0	0	1	1	1	1	1	1	1	1	99	0	0	0	0	0	0	0	0	0	0	0	0	0	0	0	0	0	0	0	0	0	0	0	0	0	0	0	0	0	0	0	0	0	0	0	0	0	0	0	0	0	0	0	0	0	120	0	0	0	0	15	25	0	0	0	0	5000	0	0	0	58543	0	0	0	0	0	0	0	0	0	0	0	0	0	0	0	0	0	0	0	0	0	0	0	0	0	0	0	0	0	0	0	0	0	1	
	61150	1	0	뱀의기세(6시간)_LE	158628	1	69DDA0	42015	159528	0	0	72515	39918	0	911	0	911	8	Q005	1	Null	0	0	0	0	1	0	0	0	0	0	0	0	2	6	255	0	0	0	0	0	0	0	0	0	0	0	0	0	0	0	0	0	0	0	0	0	0	0	0	0	0	0	0	0	1	1	1	1	1	1	1	1	99	0	0	0	0	0	0	0	0	0	0	0	0	0	0	0	0	0	0	0	0	0	0	0	0	0	0	0	0	0	0	0	0	0	0	0	0	0	0	0	0	0	0	0	0	0	120	0	0	0	0	15	25	0	0	0	0	5000	0	0	0	58544	0	0	0	0	0	0	0	0	0	0	0	0	0	0	0	0	0	0	0	0	0	0	0	0	0	0	0	0	0	0	0	0	0	1	
	61151	1	0	뱀의기세(12시간)_LE	158629	1	69DDA0	42015	159528	0	0	72515	39918	0	911	0	911	8	Q005	1	Null	0	0	0	0	1	0	0	0	0	0	0	0	2	6	255	0	0	0	0	0	0	0	0	0	0	0	0	0	0	0	0	0	0	0	0	0	0	0	0	0	0	0	0	0	1	1	1	1	1	1	1	1	99	0	0	0	0	0	0	0	0	0	0	0	0	0	0	0	0	0	0	0	0	0	0	0	0	0	0	0	0	0	0	0	0	0	0	0	0	0	0	0	0	0	0	0	0	0	120	0	0	0	0	15	25	0	0	0	0	5000	0	0	0	58545	0	0	0	0	0	0	0	0	0	0	0	0	0	0	0	0	0	0	0	0	0	0	0	0	0	0	0	0	0	0	0	0	0	1	
	61152	1	0	뱀의기세(24시간)_LE	158630	1	69DDA0	42015	159528	0	0	72515	39918	0	911	0	911	8	Q005	1	Null	0	0	0	0	1	0	0	0	0	0	0	0	2	6	255	0	0	0	0	0	0	0	0	0	0	0	0	0	0	0	0	0	0	0	0	0	0	0	0	0	0	0	0	0	1	1	1	1	1	1	1	1	99	0	0	0	0	0	0	0	0	0	0	0	0	0	0	0	0	0	0	0	0	0	0	0	0	0	0	0	0	0	0	0	0	0	0	0	0	0	0	0	0	0	0	0	0	0	120	0	0	0	0	15	25	0	0	0	0	5000	0	0	0	58546	0	0	0	0	0	0	0	0	0	0	0	0	0	0	0	0	0	0	0	0	0	0	0	0	0	0	0	0	0	0	0	0	0	1	
	61153	1	0	승냥이의기세(10분)_LE	158631	1	69DDA0	42015	159531	0	0	72516	39918	0	911	0	911	8	Q005	1	Null	0	0	0	0	1	0	0	0	0	0	0	0	2	6	255	0	0	0	0	0	0	0	0	0	0	0	0	0	0	0	0	0	0	0	0	0	0	0	0	0	0	0	0	0	1	1	1	1	1	1	1	1	99	0	0	0	0	0	0	0	0	0	0	0	0	0	0	0	0	0	0	0	0	0	0	0	0	0	0	0	0	0	0	0	0	0	0	0	0	0	0	0	0	0	0	0	0	0	120	0	0	0	0	15	26	0	0	0	0	5000	0	0	0	58551	0	0	0	0	0	0	0	0	0	0	0	0	0	0	0	0	0	0	0	0	0	0	0	0	0	0	0	0	0	0	0	0	0	1	
	61154	1	0	승냥이의기세(30분)_LE	158632	1	69DDA0	42015	159531	0	0	72516	39918	0	911	0	911	8	Q005	1	Null	0	0	0	0	1	0	0	0	0	0	0	0	2	6	255	0	0	0	0	0	0	0	0	0	0	0	0	0	0	0	0	0	0	0	0	0	0	0	0	0	0	0	0	0	1	1	1	1	1	1	1	1	99	0	0	0	0	0	0	0	0	0	0	0	0	0	0	0	0	0	0	0	0	0	0	0	0	0	0	0	0	0	0	0	0	0	0	0	0	0	0	0	0	0	0	0	0	0	120	0	0	0	0	15	26	0	0	0	0	5000	0	0	0	58552	0	0	0	0	0	0	0	0	0	0	0	0	0	0	0	0	0	0	0	0	0	0	0	0	0	0	0	0	0	0	0	0	0	1	
	61155	1	0	승냥이의기세(60분)_LE	158633	1	69DDA0	42015	159531	0	0	72516	39918	0	911	0	911	8	Q005	1	Null	0	0	0	0	1	0	0	0	0	0	0	0	2	6	255	0	0	0	0	0	0	0	0	0	0	0	0	0	0	0	0	0	0	0	0	0	0	0	0	0	0	0	0	0	1	1	1	1	1	1	1	1	99	0	0	0	0	0	0	0	0	0	0	0	0	0	0	0	0	0	0	0	0	0	0	0	0	0	0	0	0	0	0	0	0	0	0	0	0	0	0	0	0	0	0	0	0	0	120	0	0	0	0	15	26	0	0	0	0	5000	0	0	0	58553	0	0	0	0	0	0	0	0	0	0	0	0	0	0	0	0	0	0	0	0	0	0	0	0	0	0	0	0	0	0	0	0	0	1	
	61156	1	0	승냥이의기세(6시간)_LE	158634	1	69DDA0	42015	159531	0	0	72516	39918	0	911	0	911	8	Q005	1	Null	0	0	0	0	1	0	0	0	0	0	0	0	2	6	255	0	0	0	0	0	0	0	0	0	0	0	0	0	0	0	0	0	0	0	0	0	0	0	0	0	0	0	0	0	1	1	1	1	1	1	1	1	99	0	0	0	0	0	0	0	0	0	0	0	0	0	0	0	0	0	0	0	0	0	0	0	0	0	0	0	0	0	0	0	0	0	0	0	0	0	0	0	0	0	0	0	0	0	120	0	0	0	0	15	26	0	0	0	0	5000	0	0	0	58554	0	0	0	0	0	0	0	0	0	0	0	0	0	0	0	0	0	0	0	0	0	0	0	0	0	0	0	0	0	0	0	0	0	1	
	61157	1	0	승냥이의기세(12시간)_LE	158635	1	69DDA0	42015	159531	0	0	72516	39918	0	911	0	911	8	Q005	1	Null	0	0	0	0	1	0	0	0	0	0	0	0	2	6	255	0	0	0	0	0	0	0	0	0	0	0	0	0	0	0	0	0	0	0	0	0	0	0	0	0	0	0	0	0	1	1	1	1	1	1	1	1	99	0	0	0	0	0	0	0	0	0	0	0	0	0	0	0	0	0	0	0	0	0	0	0	0	0	0	0	0	0	0	0	0	0	0	0	0	0	0	0	0	0	0	0	0	0	120	0	0	0	0	15	26	0	0	0	0	5000	0	0	0	58555	0	0	0	0	0	0	0	0	0	0	0	0	0	0	0	0	0	0	0	0	0	0	0	0	0	0	0	0	0	0	0	0	0	1	
	61158	1	0	승냥이의기세(24시간)_LE	158636	1	69DDA0	42015	159531	0	0	72516	39918	0	911	0	911	8	Q005	1	Null	0	0	0	0	1	0	0	0	0	0	0	0	2	6	255	0	0	0	0	0	0	0	0	0	0	0	0	0	0	0	0	0	0	0	0	0	0	0	0	0	0	0	0	0	1	1	1	1	1	1	1	1	99	0	0	0	0	0	0	0	0	0	0	0	0	0	0	0	0	0	0	0	0	0	0	0	0	0	0	0	0	0	0	0	0	0	0	0	0	0	0	0	0	0	0	0	0	0	120	0	0	0	0	15	26	0	0	0	0	5000	0	0	0	58556	0	0	0	0	0	0	0	0	0	0	0	0	0	0	0	0	0	0	0	0	0	0	0	0	0	0	0	0	0	0	0	0	0	1	
	61159	1	0	치타의정기(10분)_LE	155901	1	69DDA0	42015	158901	0	0	25325	39918	0	911	0	911	8	Q005	1	Null	0	0	0	0	1	0	0	0	0	0	0	0	2	6	255	0	0	0	0	0	0	0	0	0	0	0	0	0	0	0	0	0	0	0	0	0	0	0	0	0	0	0	0	0	1	1	1	1	1	1	1	1	99	0	0	0	0	0	0	0	0	0	0	0	0	0	0	0	0	0	0	0	0	0	0	0	0	0	0	0	0	0	0	0	0	0	0	0	0	0	0	0	0	0	0	0	0	0	120	0	0	0	0	15	21	0	0	0	0	5000	0	0	0	58557	0	0	0	0	0	0	0	0	0	0	0	0	0	0	0	0	0	0	0	0	0	0	0	0	0	0	0	0	0	0	0	0	0	1	
	61160	1	0	치타의정기(30분)_LE	155902	1	69DDA0	42015	158901	0	0	25325	39918	0	911	0	911	8	Q005	1	Null	0	0	0	0	1	0	0	0	0	0	0	0	2	6	255	0	0	0	0	0	0	0	0	0	0	0	0	0	0	0	0	0	0	0	0	0	0	0	0	0	0	0	0	0	1	1	1	1	1	1	1	1	99	0	0	0	0	0	0	0	0	0	0	0	0	0	0	0	0	0	0	0	0	0	0	0	0	0	0	0	0	0	0	0	0	0	0	0	0	0	0	0	0	0	0	0	0	0	120	0	0	0	0	15	21	0	0	0	0	5000	0	0	0	58558	0	0	0	0	0	0	0	0	0	0	0	0	0	0	0	0	0	0	0	0	0	0	0	0	0	0	0	0	0	0	0	0	0	1	
	61161	1	0	치타의정기(60분)_LE	155903	1	69DDA0	42015	158901	0	0	25325	39918	0	911	0	911	8	Q005	1	Null	0	0	0	0	1	0	0	0	0	0	0	0	2	6	255	0	0	0	0	0	0	0	0	0	0	0	0	0	0	0	0	0	0	0	0	0	0	0	0	0	0	0	0	0	1	1	1	1	1	1	1	1	99	0	0	0	0	0	0	0	0	0	0	0	0	0	0	0	0	0	0	0	0	0	0	0	0	0	0	0	0	0	0	0	0	0	0	0	0	0	0	0	0	0	0	0	0	0	120	0	0	0	0	15	21	0	0	0	0	5000	0	0	0	58559	0	0	0	0	0	0	0	0	0	0	0	0	0	0	0	0	0	0	0	0	0	0	0	0	0	0	0	0	0	0	0	0	0	1	
	61162	1	0	치타의정기(6시간)_LE	155904	1	69DDA0	42015	158901	0	0	25325	39918	0	911	0	911	8	Q005	1	Null	0	0	0	0	1	0	0	0	0	0	0	0	2	6	255	0	0	0	0	0	0	0	0	0	0	0	0	0	0	0	0	0	0	0	0	0	0	0	0	0	0	0	0	0	1	1	1	1	1	1	1	1	99	0	0	0	0	0	0	0	0	0	0	0	0	0	0	0	0	0	0	0	0	0	0	0	0	0	0	0	0	0	0	0	0	0	0	0	0	0	0	0	0	0	0	0	0	0	120	0	0	0	0	15	21	0	0	0	0	5000	0	0	0	58560	0	0	0	0	0	0	0	0	0	0	0	0	0	0	0	0	0	0	0	0	0	0	0	0	0	0	0	0	0	0	0	0	0	1	
	61163	1	0	치타의정기(12시간)_LE	155905	1	69DDA0	42015	158901	0	0	25325	39918	0	911	0	911	8	Q005	1	Null	0	0	0	0	1	0	0	0	0	0	0	0	2	6	255	0	0	0	0	0	0	0	0	0	0	0	0	0	0	0	0	0	0	0	0	0	0	0	0	0	0	0	0	0	1	1	1	1	1	1	1	1	99	0	0	0	0	0	0	0	0	0	0	0	0	0	0	0	0	0	0	0	0	0	0	0	0	0	0	0	0	0	0	0	0	0	0	0	0	0	0	0	0	0	0	0	0	0	120	0	0	0	0	15	21	0	0	0	0	5000	0	0	0	58561	0	0	0	0	0	0	0	0	0	0	0	0	0	0	0	0	0	0	0	0	0	0	0	0	0	0	0	0	0	0	0	0	0	1	
	61164	1	0	치타의정기(24시간)_LE	155906	1	69DDA0	42015	158901	0	0	25325	39918	0	911	0	911	8	Q005	1	Null	0	0	0	0	1	0	0	0	0	0	0	0	2	6	255	0	0	0	0	0	0	0	0	0	0	0	0	0	0	0	0	0	0	0	0	0	0	0	0	0	0	0	0	0	1	1	1	1	1	1	1	1	99	0	0	0	0	0	0	0	0	0	0	0	0	0	0	0	0	0	0	0	0	0	0	0	0	0	0	0	0	0	0	0	0	0	0	0	0	0	0	0	0	0	0	0	0	0	120	0	0	0	0	15	21	0	0	0	0	5000	0	0	0	58562	0	0	0	0	0	0	0	0	0	0	0	0	0	0	0	0	0	0	0	0	0	0	0	0	0	0	0	0	0	0	0	0	0	1	
	61165	1	0	곰의정기(10분)_LE	155907	1	69DDA0	42015	158907	0	0	25326	39918	0	911	0	911	8	Q005	1	Null	0	0	0	0	1	0	0	0	0	0	0	0	2	6	255	0	0	0	0	0	0	0	0	0	0	0	0	0	0	0	0	0	0	0	0	0	0	0	0	0	0	0	0	0	1	1	1	1	1	1	1	1	99	0	0	0	0	0	0	0	0	0	0	0	0	0	0	0	0	0	0	0	0	0	0	0	0	0	0	0	0	0	0	0	0	0	0	0	0	0	0	0	0	0	0	0	0	0	120	0	0	0	0	15	22	0	0	0	0	5000	0	0	0	58563	0	0	0	0	0	0	0	0	0	0	0	0	0	0	0	0	0	0	0	0	0	0	0	0	0	0	0	0	0	0	0	0	0	1	
	61166	1	0	곰의정기(30분)_LE	155908	1	69DDA0	42015	158907	0	0	25326	39918	0	911	0	911	8	Q005	1	Null	0	0	0	0	1	0	0	0	0	0	0	0	2	6	255	0	0	0	0	0	0	0	0	0	0	0	0	0	0	0	0	0	0	0	0	0	0	0	0	0	0	0	0	0	1	1	1	1	1	1	1	1	99	0	0	0	0	0	0	0	0	0	0	0	0	0	0	0	0	0	0	0	0	0	0	0	0	0	0	0	0	0	0	0	0	0	0	0	0	0	0	0	0	0	0	0	0	0	120	0	0	0	0	15	22	0	0	0	0	5000	0	0	0	58564	0	0	0	0	0	0	0	0	0	0	0	0	0	0	0	0	0	0	0	0	0	0	0	0	0	0	0	0	0	0	0	0	0	1	
	61167	1	0	곰의정기(60분)_LE	155909	1	69DDA0	42015	158907	0	0	25326	39918	0	911	0	911	8	Q005	1	Null	0	0	0	0	1	0	0	0	0	0	0	0	2	6	255	0	0	0	0	0	0	0	0	0	0	0	0	0	0	0	0	0	0	0	0	0	0	0	0	0	0	0	0	0	1	1	1	1	1	1	1	1	99	0	0	0	0	0	0	0	0	0	0	0	0	0	0	0	0	0	0	0	0	0	0	0	0	0	0	0	0	0	0	0	0	0	0	0	0	0	0	0	0	0	0	0	0	0	120	0	0	0	0	15	22	0	0	0	0	5000	0	0	0	58565	0	0	0	0	0	0	0	0	0	0	0	0	0	0	0	0	0	0	0	0	0	0	0	0	0	0	0	0	0	0	0	0	0	1	
	61168	1	0	곰의정기(6시간)_LE	155910	1	69DDA0	42015	158907	0	0	25326	39918	0	911	0	911	8	Q005	1	Null	0	0	0	0	1	0	0	0	0	0	0	0	2	6	255	0	0	0	0	0	0	0	0	0	0	0	0	0	0	0	0	0	0	0	0	0	0	0	0	0	0	0	0	0	1	1	1	1	1	1	1	1	99	0	0	0	0	0	0	0	0	0	0	0	0	0	0	0	0	0	0	0	0	0	0	0	0	0	0	0	0	0	0	0	0	0	0	0	0	0	0	0	0	0	0	0	0	0	120	0	0	0	0	15	22	0	0	0	0	5000	0	0	0	58566	0	0	0	0	0	0	0	0	0	0	0	0	0	0	0	0	0	0	0	0	0	0	0	0	0	0	0	0	0	0	0	0	0	1	
	61169	1	0	곰의정기(12시간)_LE	155911	1	69DDA0	42015	158907	0	0	25326	39918	0	911	0	911	8	Q005	1	Null	0	0	0	0	1	0	0	0	0	0	0	0	2	6	255	0	0	0	0	0	0	0	0	0	0	0	0	0	0	0	0	0	0	0	0	0	0	0	0	0	0	0	0	0	1	1	1	1	1	1	1	1	99	0	0	0	0	0	0	0	0	0	0	0	0	0	0	0	0	0	0	0	0	0	0	0	0	0	0	0	0	0	0	0	0	0	0	0	0	0	0	0	0	0	0	0	0	0	120	0	0	0	0	15	22	0	0	0	0	5000	0	0	0	58567	0	0	0	0	0	0	0	0	0	0	0	0	0	0	0	0	0	0	0	0	0	0	0	0	0	0	0	0	0	0	0	0	0	1	
	61170	1	0	곰의정기(24시간)_LE	155912	1	69DDA0	42015	158907	0	0	25326	39918	0	911	0	911	8	Q005	1	Null	0	0	0	0	1	0	0	0	0	0	0	0	2	6	255	0	0	0	0	0	0	0	0	0	0	0	0	0	0	0	0	0	0	0	0	0	0	0	0	0	0	0	0	0	1	1	1	1	1	1	1	1	99	0	0	0	0	0	0	0	0	0	0	0	0	0	0	0	0	0	0	0	0	0	0	0	0	0	0	0	0	0	0	0	0	0	0	0	0	0	0	0	0	0	0	0	0	0	120	0	0	0	0	15	22	0	0	0	0	5000	0	0	0	58568	0	0	0	0	0	0	0	0	0	0	0	0	0	0	0	0	0	0	0	0	0	0	0	0	0	0	0	0	0	0	0	0	0	1	
	61171	1	0	늑대의정기(10분)_LE	155913	1	69DDA0	42015	158913	0	0	25327	39918	0	911	0	911	8	Q005	1	Null	0	0	0	0	1	0	0	0	0	0	0	0	2	6	255	0	0	0	0	0	0	0	0	0	0	0	0	0	0	0	0	0	0	0	0	0	0	0	0	0	0	0	0	0	1	1	1	1	1	1	1	1	99	0	0	0	0	0	0	0	0	0	0	0	0	0	0	0	0	0	0	0	0	0	0	0	0	0	0	0	0	0	0	0	0	0	0	0	0	0	0	0	0	0	0	0	0	0	120	0	0	0	0	15	23	0	0	0	0	5000	0	0	0	58569	0	0	0	0	0	0	0	0	0	0	0	0	0	0	0	0	0	0	0	0	0	0	0	0	0	0	0	0	0	0	0	0	0	1	
	61172	1	0	늑대의정기(30분)_LE	155914	1	69DDA0	42015	158913	0	0	25327	39918	0	911	0	911	8	Q005	1	Null	0	0	0	0	1	0	0	0	0	0	0	0	2	6	255	0	0	0	0	0	0	0	0	0	0	0	0	0	0	0	0	0	0	0	0	0	0	0	0	0	0	0	0	0	1	1	1	1	1	1	1	1	99	0	0	0	0	0	0	0	0	0	0	0	0	0	0	0	0	0	0	0	0	0	0	0	0	0	0	0	0	0	0	0	0	0	0	0	0	0	0	0	0	0	0	0	0	0	120	0	0	0	0	15	23	0	0	0	0	5000	0	0	0	58570	0	0	0	0	0	0	0	0	0	0	0	0	0	0	0	0	0	0	0	0	0	0	0	0	0	0	0	0	0	0	0	0	0	1	
	61173	1	0	늑대의정기(60분)_LE	155915	1	69DDA0	42015	158913	0	0	25327	39918	0	911	0	911	8	Q005	1	Null	0	0	0	0	1	0	0	0	0	0	0	0	2	6	255	0	0	0	0	0	0	0	0	0	0	0	0	0	0	0	0	0	0	0	0	0	0	0	0	0	0	0	0	0	1	1	1	1	1	1	1	1	99	0	0	0	0	0	0	0	0	0	0	0	0	0	0	0	0	0	0	0	0	0	0	0	0	0	0	0	0	0	0	0	0	0	0	0	0	0	0	0	0	0	0	0	0	0	120	0	0	0	0	15	23	0	0	0	0	5000	0	0	0	58571	0	0	0	0	0	0	0	0	0	0	0	0	0	0	0	0	0	0	0	0	0	0	0	0	0	0	0	0	0	0	0	0	0	1	
	61174	1	0	늑대의정기(6시간)_LE	155916	1	69DDA0	42015	158913	0	0	25327	39918	0	911	0	911	8	Q005	1	Null	0	0	0	0	1	0	0	0	0	0	0	0	2	6	255	0	0	0	0	0	0	0	0	0	0	0	0	0	0	0	0	0	0	0	0	0	0	0	0	0	0	0	0	0	1	1	1	1	1	1	1	1	99	0	0	0	0	0	0	0	0	0	0	0	0	0	0	0	0	0	0	0	0	0	0	0	0	0	0	0	0	0	0	0	0	0	0	0	0	0	0	0	0	0	0	0	0	0	120	0	0	0	0	15	23	0	0	0	0	5000	0	0	0	58572	0	0	0	0	0	0	0	0	0	0	0	0	0	0	0	0	0	0	0	0	0	0	0	0	0	0	0	0	0	0	0	0	0	1	
	61175	1	0	늑대의정기(12시간)_LE	155917	1	69DDA0	42015	158913	0	0	25327	39918	0	911	0	911	8	Q005	1	Null	0	0	0	0	1	0	0	0	0	0	0	0	2	6	255	0	0	0	0	0	0	0	0	0	0	0	0	0	0	0	0	0	0	0	0	0	0	0	0	0	0	0	0	0	1	1	1	1	1	1	1	1	99	0	0	0	0	0	0	0	0	0	0	0	0	0	0	0	0	0	0	0	0	0	0	0	0	0	0	0	0	0	0	0	0	0	0	0	0	0	0	0	0	0	0	0	0	0	120	0	0	0	0	15	23	0	0	0	0	5000	0	0	0	58573	0	0	0	0	0	0	0	0	0	0	0	0	0	0	0	0	0	0	0	0	0	0	0	0	0	0	0	0	0	0	0	0	0	1	
	61176	1	0	늑대의정기(24시간)_LE	155918	1	69DDA0	42015	158913	0	0	25327	39918	0	911	0	911	8	Q005	1	Null	0	0	0	0	1	0	0	0	0	0	0	0	2	6	255	0	0	0	0	0	0	0	0	0	0	0	0	0	0	0	0	0	0	0	0	0	0	0	0	0	0	0	0	0	1	1	1	1	1	1	1	1	99	0	0	0	0	0	0	0	0	0	0	0	0	0	0	0	0	0	0	0	0	0	0	0	0	0	0	0	0	0	0	0	0	0	0	0	0	0	0	0	0	0	0	0	0	0	120	0	0	0	0	15	23	0	0	0	0	5000	0	0	0	58574	0	0	0	0	0	0	0	0	0	0	0	0	0	0	0	0	0	0	0	0	0	0	0	0	0	0	0	0	0	0	0	0	0	1	
	61177	1	0	매의정기(10분)_LE	155919	1	69DDA0	42015	158919	0	0	25328	39918	0	911	0	911	8	Q005	1	Null	0	0	0	0	1	0	0	0	0	0	0	0	2	6	255	0	0	0	0	0	0	0	0	0	0	0	0	0	0	0	0	0	0	0	0	0	0	0	0	0	0	0	0	0	1	1	1	1	1	1	1	1	99	0	0	0	0	0	0	0	0	0	0	0	0	0	0	0	0	0	0	0	0	0	0	0	0	0	0	0	0	0	0	0	0	0	0	0	0	0	0	0	0	0	0	0	0	0	120	0	0	0	0	15	24	0	0	0	0	5000	0	0	0	58575	0	0	0	0	0	0	0	0	0	0	0	0	0	0	0	0	0	0	0	0	0	0	0	0	0	0	0	0	0	0	0	0	0	1	
	61178	1	0	매의정기(30분)_LE	155920	1	69DDA0	42015	158919	0	0	25328	39918	0	911	0	911	8	Q005	1	Null	0	0	0	0	1	0	0	0	0	0	0	0	2	6	255	0	0	0	0	0	0	0	0	0	0	0	0	0	0	0	0	0	0	0	0	0	0	0	0	0	0	0	0	0	1	1	1	1	1	1	1	1	99	0	0	0	0	0	0	0	0	0	0	0	0	0	0	0	0	0	0	0	0	0	0	0	0	0	0	0	0	0	0	0	0	0	0	0	0	0	0	0	0	0	0	0	0	0	120	0	0	0	0	15	24	0	0	0	0	5000	0	0	0	58576	0	0	0	0	0	0	0	0	0	0	0	0	0	0	0	0	0	0	0	0	0	0	0	0	0	0	0	0	0	0	0	0	0	1	
	61179	1	0	매의정기(60분)_LE	155921	1	69DDA0	42015	158919	0	0	25328	39918	0	911	0	911	8	Q005	1	Null	0	0	0	0	1	0	0	0	0	0	0	0	2	6	255	0	0	0	0	0	0	0	0	0	0	0	0	0	0	0	0	0	0	0	0	0	0	0	0	0	0	0	0	0	1	1	1	1	1	1	1	1	99	0	0	0	0	0	0	0	0	0	0	0	0	0	0	0	0	0	0	0	0	0	0	0	0	0	0	0	0	0	0	0	0	0	0	0	0	0	0	0	0	0	0	0	0	0	120	0	0	0	0	15	24	0	0	0	0	5000	0	0	0	58577	0	0	0	0	0	0	0	0	0	0	0	0	0	0	0	0	0	0	0	0	0	0	0	0	0	0	0	0	0	0	0	0	0	1	
	61180	1	0	매의정기(6시간)_LE	155922	1	69DDA0	42015	158919	0	0	25328	39918	0	911	0	911	8	Q005	1	Null	0	0	0	0	1	0	0	0	0	0	0	0	2	6	255	0	0	0	0	0	0	0	0	0	0	0	0	0	0	0	0	0	0	0	0	0	0	0	0	0	0	0	0	0	1	1	1	1	1	1	1	1	99	0	0	0	0	0	0	0	0	0	0	0	0	0	0	0	0	0	0	0	0	0	0	0	0	0	0	0	0	0	0	0	0	0	0	0	0	0	0	0	0	0	0	0	0	0	120	0	0	0	0	15	24	0	0	0	0	5000	0	0	0	58578	0	0	0	0	0	0	0	0	0	0	0	0	0	0	0	0	0	0	0	0	0	0	0	0	0	0	0	0	0	0	0	0	0	1	
	61181	1	0	매의정기(12시간)_LE	155923	1	69DDA0	42015	158919	0	0	25328	39918	0	911	0	911	8	Q005	1	Null	0	0	0	0	1	0	0	0	0	0	0	0	2	6	255	0	0	0	0	0	0	0	0	0	0	0	0	0	0	0	0	0	0	0	0	0	0	0	0	0	0	0	0	0	1	1	1	1	1	1	1	1	99	0	0	0	0	0	0	0	0	0	0	0	0	0	0	0	0	0	0	0	0	0	0	0	0	0	0	0	0	0	0	0	0	0	0	0	0	0	0	0	0	0	0	0	0	0	120	0	0	0	0	15	24	0	0	0	0	5000	0	0	0	58579	0	0	0	0	0	0	0	0	0	0	0	0	0	0	0	0	0	0	0	0	0	0	0	0	0	0	0	0	0	0	0	0	0	1	
	61182	1	0	매의정기(24시간)_LE	155924	1	69DDA0	42015	158919	0	0	25328	39918	0	911	0	911	8	Q005	1	Null	0	0	0	0	1	0	0	0	0	0	0	0	2	6	255	0	0	0	0	0	0	0	0	0	0	0	0	0	0	0	0	0	0	0	0	0	0	0	0	0	0	0	0	0	1	1	1	1	1	1	1	1	99	0	0	0	0	0	0	0	0	0	0	0	0	0	0	0	0	0	0	0	0	0	0	0	0	0	0	0	0	0	0	0	0	0	0	0	0	0	0	0	0	0	0	0	0	0	120	0	0	0	0	15	24	0	0	0	0	5000	0	0	0	58580	0	0	0	0	0	0	0	0	0	0	0	0	0	0	0	0	0	0	0	0	0	0	0	0	0	0	0	0	0	0	0	0	0	1	
	61183	1	0	뱀의정기(10분)_LE	155925	1	69DDA0	42015	158925	0	0	25329	39918	0	911	0	911	8	Q005	1	Null	0	0	0	0	1	0	0	0	0	0	0	0	2	6	255	0	0	0	0	0	0	0	0	0	0	0	0	0	0	0	0	0	0	0	0	0	0	0	0	0	0	0	0	0	1	1	1	1	1	1	1	1	99	0	0	0	0	0	0	0	0	0	0	0	0	0	0	0	0	0	0	0	0	0	0	0	0	0	0	0	0	0	0	0	0	0	0	0	0	0	0	0	0	0	0	0	0	0	120	0	0	0	0	15	25	0	0	0	0	5000	0	0	0	58581	0	0	0	0	0	0	0	0	0	0	0	0	0	0	0	0	0	0	0	0	0	0	0	0	0	0	0	0	0	0	0	0	0	1	
	61184	1	0	뱀의정기(30분)_LE	155926	1	69DDA0	42015	158925	0	0	25329	39918	0	911	0	911	8	Q005	1	Null	0	0	0	0	1	0	0	0	0	0	0	0	2	6	255	0	0	0	0	0	0	0	0	0	0	0	0	0	0	0	0	0	0	0	0	0	0	0	0	0	0	0	0	0	1	1	1	1	1	1	1	1	99	0	0	0	0	0	0	0	0	0	0	0	0	0	0	0	0	0	0	0	0	0	0	0	0	0	0	0	0	0	0	0	0	0	0	0	0	0	0	0	0	0	0	0	0	0	120	0	0	0	0	15	25	0	0	0	0	5000	0	0	0	58582	0	0	0	0	0	0	0	0	0	0	0	0	0	0	0	0	0	0	0	0	0	0	0	0	0	0	0	0	0	0	0	0	0	1	
	61185	1	0	뱀의정기(60분)_LE	155927	1	69DDA0	42015	158925	0	0	25329	39918	0	911	0	911	8	Q005	1	Null	0	0	0	0	1	0	0	0	0	0	0	0	2	6	255	0	0	0	0	0	0	0	0	0	0	0	0	0	0	0	0	0	0	0	0	0	0	0	0	0	0	0	0	0	1	1	1	1	1	1	1	1	99	0	0	0	0	0	0	0	0	0	0	0	0	0	0	0	0	0	0	0	0	0	0	0	0	0	0	0	0	0	0	0	0	0	0	0	0	0	0	0	0	0	0	0	0	0	120	0	0	0	0	15	25	0	0	0	0	5000	0	0	0	58583	0	0	0	0	0	0	0	0	0	0	0	0	0	0	0	0	0	0	0	0	0	0	0	0	0	0	0	0	0	0	0	0	0	1	
	61186	1	0	뱀의정기(6시간)_LE	155928	1	69DDA0	42015	158925	0	0	25329	39918	0	911	0	911	8	Q005	1	Null	0	0	0	0	1	0	0	0	0	0	0	0	2	6	255	0	0	0	0	0	0	0	0	0	0	0	0	0	0	0	0	0	0	0	0	0	0	0	0	0	0	0	0	0	1	1	1	1	1	1	1	1	99	0	0	0	0	0	0	0	0	0	0	0	0	0	0	0	0	0	0	0	0	0	0	0	0	0	0	0	0	0	0	0	0	0	0	0	0	0	0	0	0	0	0	0	0	0	120	0	0	0	0	15	25	0	0	0	0	5000	0	0	0	58584	0	0	0	0	0	0	0	0	0	0	0	0	0	0	0	0	0	0	0	0	0	0	0	0	0	0	0	0	0	0	0	0	0	1	
	61187	1	0	뱀의정기(12시간)_LE	155929	1	69DDA0	42015	158925	0	0	25329	39918	0	911	0	911	8	Q005	1	Null	0	0	0	0	1	0	0	0	0	0	0	0	2	6	255	0	0	0	0	0	0	0	0	0	0	0	0	0	0	0	0	0	0	0	0	0	0	0	0	0	0	0	0	0	1	1	1	1	1	1	1	1	99	0	0	0	0	0	0	0	0	0	0	0	0	0	0	0	0	0	0	0	0	0	0	0	0	0	0	0	0	0	0	0	0	0	0	0	0	0	0	0	0	0	0	0	0	0	120	0	0	0	0	15	25	0	0	0	0	5000	0	0	0	58585	0	0	0	0	0	0	0	0	0	0	0	0	0	0	0	0	0	0	0	0	0	0	0	0	0	0	0	0	0	0	0	0	0	1	
	61188	1	0	뱀의정기(24시간)_LE	155930	1	69DDA0	42015	158925	0	0	25329	39918	0	911	0	911	8	Q005	1	Null	0	0	0	0	1	0	0	0	0	0	0	0	2	6	255	0	0	0	0	0	0	0	0	0	0	0	0	0	0	0	0	0	0	0	0	0	0	0	0	0	0	0	0	0	1	1	1	1	1	1	1	1	99	0	0	0	0	0	0	0	0	0	0	0	0	0	0	0	0	0	0	0	0	0	0	0	0	0	0	0	0	0	0	0	0	0	0	0	0	0	0	0	0	0	0	0	0	0	120	0	0	0	0	15	25	0	0	0	0	5000	0	0	0	58586	0	0	0	0	0	0	0	0	0	0	0	0	0	0	0	0	0	0	0	0	0	0	0	0	0	0	0	0	0	0	0	0	0	1	
	61189	1	0	승냥이의정기(10분)_LE	155931	1	69DDA0	42015	158931	0	0	25330	39918	0	911	0	911	8	Q005	1	Null	0	0	0	0	1	0	0	0	0	0	0	0	2	6	255	0	0	0	0	0	0	0	0	0	0	0	0	0	0	0	0	0	0	0	0	0	0	0	0	0	0	0	0	0	1	1	1	1	1	1	1	1	99	0	0	0	0	0	0	0	0	0	0	0	0	0	0	0	0	0	0	0	0	0	0	0	0	0	0	0	0	0	0	0	0	0	0	0	0	0	0	0	0	0	0	0	0	0	120	0	0	0	0	15	26	0	0	0	0	5000	0	0	0	58587	0	0	0	0	0	0	0	0	0	0	0	0	0	0	0	0	0	0	0	0	0	0	0	0	0	0	0	0	0	0	0	0	0	1	
	61190	1	0	승냥이의정기(30분)_LE	155932	1	69DDA0	42015	158931	0	0	25330	39918	0	911	0	911	8	Q005	1	Null	0	0	0	0	1	0	0	0	0	0	0	0	2	6	255	0	0	0	0	0	0	0	0	0	0	0	0	0	0	0	0	0	0	0	0	0	0	0	0	0	0	0	0	0	1	1	1	1	1	1	1	1	99	0	0	0	0	0	0	0	0	0	0	0	0	0	0	0	0	0	0	0	0	0	0	0	0	0	0	0	0	0	0	0	0	0	0	0	0	0	0	0	0	0	0	0	0	0	120	0	0	0	0	15	26	0	0	0	0	5000	0	0	0	58588	0	0	0	0	0	0	0	0	0	0	0	0	0	0	0	0	0	0	0	0	0	0	0	0	0	0	0	0	0	0	0	0	0	1	
	61191	1	0	승냥이의정기(60분)_LE	155933	1	69DDA0	42015	158931	0	0	25330	39918	0	911	0	911	8	Q005	1	Null	0	0	0	0	1	0	0	0	0	0	0	0	2	6	255	0	0	0	0	0	0	0	0	0	0	0	0	0	0	0	0	0	0	0	0	0	0	0	0	0	0	0	0	0	1	1	1	1	1	1	1	1	99	0	0	0	0	0	0	0	0	0	0	0	0	0	0	0	0	0	0	0	0	0	0	0	0	0	0	0	0	0	0	0	0	0	0	0	0	0	0	0	0	0	0	0	0	0	120	0	0	0	0	15	26	0	0	0	0	5000	0	0	0	58589	0	0	0	0	0	0	0	0	0	0	0	0	0	0	0	0	0	0	0	0	0	0	0	0	0	0	0	0	0	0	0	0	0	1	
	61192	1	0	승냥이의정기(6시간)_LE	155934	1	69DDA0	42015	158931	0	0	25330	39918	0	911	0	911	8	Q005	1	Null	0	0	0	0	1	0	0	0	0	0	0	0	2	6	255	0	0	0	0	0	0	0	0	0	0	0	0	0	0	0	0	0	0	0	0	0	0	0	0	0	0	0	0	0	1	1	1	1	1	1	1	1	99	0	0	0	0	0	0	0	0	0	0	0	0	0	0	0	0	0	0	0	0	0	0	0	0	0	0	0	0	0	0	0	0	0	0	0	0	0	0	0	0	0	0	0	0	0	120	0	0	0	0	15	26	0	0	0	0	5000	0	0	0	58590	0	0	0	0	0	0	0	0	0	0	0	0	0	0	0	0	0	0	0	0	0	0	0	0	0	0	0	0	0	0	0	0	0	1	
	61193	1	0	승냥이의정기(12시간)_LE	155935	1	69DDA0	42015	158931	0	0	25330	39918	0	911	0	911	8	Q005	1	Null	0	0	0	0	1	0	0	0	0	0	0	0	2	6	255	0	0	0	0	0	0	0	0	0	0	0	0	0	0	0	0	0	0	0	0	0	0	0	0	0	0	0	0	0	1	1	1	1	1	1	1	1	99	0	0	0	0	0	0	0	0	0	0	0	0	0	0	0	0	0	0	0	0	0	0	0	0	0	0	0	0	0	0	0	0	0	0	0	0	0	0	0	0	0	0	0	0	0	120	0	0	0	0	15	26	0	0	0	0	5000	0	0	0	58591	0	0	0	0	0	0	0	0	0	0	0	0	0	0	0	0	0	0	0	0	0	0	0	0	0	0	0	0	0	0	0	0	0	1	
	61194	1	0	승냥이의정기(24시간)_LE	155936	1	69DDA0	42015	158931	0	0	25330	39918	0	911	0	911	8	Q005	1	Null	0	0	0	0	1	0	0	0	0	0	0	0	2	6	255	0	0	0	0	0	0	0	0	0	0	0	0	0	0	0	0	0	0	0	0	0	0	0	0	0	0	0	0	0	1	1	1	1	1	1	1	1	99	0	0	0	0	0	0	0	0	0	0	0	0	0	0	0	0	0	0	0	0	0	0	0	0	0	0	0	0	0	0	0	0	0	0	0	0	0	0	0	0	0	0	0	0	0	120	0	0	0	0	15	26	0	0	0	0	5000	0	0	0	58592	0	0	0	0	0	0	0	0	0	0	0	0	0	0	0	0	0	0	0	0	0	0	0	0	0	0	0	0	0	0	0	0	0	1	
	61195	1	0	생명의기세(10분)	158646	1	69DDA0	42015	159646	0	0	72518	39918	0	911	0	911	0	Q005	1	Null	0	0	0	0	1	0	0	0	0	0	0	0	2	6	255	0	0	0	0	0	0	0	0	0	0	0	0	0	0	0	0	0	0	0	0	0	0	0	0	0	0	0	0	0 	1	1	1	1	1	1	1	1	99	0	0	0	0	0	0	0	0	0	0	0	0	0	0	0	0	0	0	0	0	0	0	0	0	0	0	0	0	0	0	0	0	0	0	0	0	0	0	0	0	0	0	0	0	0	120	0	0	0	0	15	27	0	0	0	0	5000	0	0	0	55589	0	0	0	0	0	0	0	0	0	0	0	0	0	0	0	0	0	0	0	0	0	0	0	0	0	0	0	0	0	0	0	0	0	1	
	61196	1	0	생명의기세(30분)	158647	1	69DDA0	42015	159647	0	0	72518	39918	0	911	0	911	0	Q005	1	Null	0	0	0	0	1	0	0	0	0	0	0	0	2	6	255	0	0	0	0	0	0	0	0	0	0	0	0	0	0	0	0	0	0	0	0	0	0	0	0	0	0	0	0	0 	1	1	1	1	1	1	1	1	99	0	0	0	0	0	0	0	0	0	0	0	0	0	0	0	0	0	0	0	0	0	0	0	0	0	0	0	0	0	0	0	0	0	0	0	0	0	0	0	0	0	0	0	0	0	120	0	0	0	0	15	27	0	0	0	0	5000	0	0	0	55590	0	0	0	0	0	0	0	0	0	0	0	0	0	0	0	0	0	0	0	0	0	0	0	0	0	0	0	0	0	0	0	0	0	1	
	61197	1	0	생명의기세(60분)	158648	1	69DDA0	42015	159648	0	0	72518	39918	0	911	0	911	0	Q005	1	Null	0	0	0	0	1	0	0	0	0	0	0	0	2	6	255	0	0	0	0	0	0	0	0	0	0	0	0	0	0	0	0	0	0	0	0	0	0	0	0	0	0	0	0	0 	1	1	1	1	1	1	1	1	99	0	0	0	0	0	0	0	0	0	0	0	0	0	0	0	0	0	0	0	0	0	0	0	0	0	0	0	0	0	0	0	0	0	0	0	0	0	0	0	0	0	0	0	0	0	120	0	0	0	0	15	27	0	0	0	0	5000	0	0	0	55591	0	0	0	0	0	0	0	0	0	0	0	0	0	0	0	0	0	0	0	0	0	0	0	0	0	0	0	0	0	0	0	0	0	1	
	61198	1	0	생명의정기(10분)	158649	1	69DDA0	42015	159649	0	0	72518	39918	0	911	0	911	0	Q005	1	Null	0	0	0	0	1	0	0	0	0	0	0	0	2	6	255	0	0	0	0	0	0	0	0	0	0	0	0	0	0	0	0	0	0	0	0	0	0	0	0	0	0	0	0	0 	1	1	1	1	1	1	1	1	99	0	0	0	0	0	0	0	0	0	0	0	0	0	0	0	0	0	0	0	0	0	0	0	0	0	0	0	0	0	0	0	0	0	0	0	0	0	0	0	0	0	0	0	0	0	120	0	0	0	0	15	27	0	0	0	0	5000	0	0	0	55592	0	0	0	0	0	0	0	0	0	0	0	0	0	0	0	0	0	0	0	0	0	0	0	0	0	0	0	0	0	0	0	0	0	1	
	61199	1	0	생명의정기(30분)	158650	1	69DDA0	42015	159650	0	0	72518	39918	0	911	0	911	0	Q005	1	Null	0	0	0	0	1	0	0	0	0	0	0	0	2	6	255	0	0	0	0	0	0	0	0	0	0	0	0	0	0	0	0	0	0	0	0	0	0	0	0	0	0	0	0	0 	1	1	1	1	1	1	1	1	99	0	0	0	0	0	0	0	0	0	0	0	0	0	0	0	0	0	0	0	0	0	0	0	0	0	0	0	0	0	0	0	0	0	0	0	0	0	0	0	0	0	0	0	0	0	120	0	0	0	0	15	27	0	0	0	0	5000	0	0	0	55593	0	0	0	0	0	0	0	0	0	0	0	0	0	0	0	0	0	0	0	0	0	0	0	0	0	0	0	0	0	0	0	0	0	1	
	61200	1	0	생명의정기(60분)	158651	1	69DDA0	42015	159651	0	0	72518	39918	0	911	0	911	0	Q005	1	Null	0	0	0	0	1	0	0	0	0	0	0	0	2	6	255	0	0	0	0	0	0	0	0	0	0	0	0	0	0	0	0	0	0	0	0	0	0	0	0	0	0	0	0	0 	1	1	1	1	1	1	1	1	99	0	0	0	0	0	0	0	0	0	0	0	0	0	0	0	0	0	0	0	0	0	0	0	0	0	0	0	0	0	0	0	0	0	0	0	0	0	0	0	0	0	0	0	0	0	120	0	0	0	0	15	27	0	0	0	0	5000	0	0	0	55594	0	0	0	0	0	0	0	0	0	0	0	0	0	0	0	0	0	0	0	0	0	0	0	0	0	0	0	0	0	0	0	0	0	1	
	61201	1	0	생명의비약(10분)	158652	1	69DDA0	42015	159652	0	0	72518	39918	0	911	0	911	0	Q005	1	Null	0	0	0	0	1	0	0	0	0	0	0	0	2	6	255	0	0	0	0	0	0	0	0	0	0	0	0	0	0	0	0	0	0	0	0	0	0	0	0	0	0	0	0	0 	1	1	1	1	1	1	1	1	99	0	0	0	0	0	0	0	0	0	0	0	0	0	0	0	0	0	0	0	0	0	0	0	0	0	0	0	0	0	0	0	0	0	0	0	0	0	0	0	0	0	0	0	0	0	120	0	0	0	0	15	27	0	0	0	0	5000	0	0	0	55595	0	0	0	0	0	0	0	0	0	0	0	0	0	0	0	0	0	0	0	0	0	0	0	0	0	0	0	0	0	0	0	0	0	1	
	61202	1	0	생명의비약(30분)	158653	1	69DDA0	42015	159653	0	0	72518	39918	0	911	0	911	0	Q005	1	Null	0	0	0	0	1	0	0	0	0	0	0	0	2	6	255	0	0	0	0	0	0	0	0	0	0	0	0	0	0	0	0	0	0	0	0	0	0	0	0	0	0	0	0	0 	1	1	1	1	1	1	1	1	99	0	0	0	0	0	0	0	0	0	0	0	0	0	0	0	0	0	0	0	0	0	0	0	0	0	0	0	0	0	0	0	0	0	0	0	0	0	0	0	0	0	0	0	0	0	120	0	0	0	0	15	27	0	0	0	0	5000	0	0	0	55596	0	0	0	0	0	0	0	0	0	0	0	0	0	0	0	0	0	0	0	0	0	0	0	0	0	0	0	0	0	0	0	0	0	1	
	61203	1	0	생명의비약(60분)	158654	1	69DDA0	42015	159654	0	0	72518	39918	0	911	0	911	0	Q005	1	Null	0	0	0	0	1	0	0	0	0	0	0	0	2	6	255	0	0	0	0	0	0	0	0	0	0	0	0	0	0	0	0	0	0	0	0	0	0	0	0	0	0	0	0	0 	1	1	1	1	1	1	1	1	99	0	0	0	0	0	0	0	0	0	0	0	0	0	0	0	0	0	0	0	0	0	0	0	0	0	0	0	0	0	0	0	0	0	0	0	0	0	0	0	0	0	0	0	0	0	120	0	0	0	0	15	27	0	0	0	0	5000	0	0	0	55597	0	0	0	0	0	0	0	0	0	0	0	0	0	0	0	0	0	0	0	0	0	0	0	0	0	0	0	0	0	0	0	0	0	1	
	61204	1	0	보호의기세(10분)	158655	1	69DDA0	42015	159655	0	0	72519	39918	0	911	0	911	0	Q005	1	Null	0	0	0	0	1	0	0	0	0	0	0	0	2	6	255	0	0	0	0	0	0	0	0	0	0	0	0	0	0	0	0	0	0	0	0	0	0	0	0	0	0	0	0	0 	1	1	1	1	1	1	1	1	99	0	0	0	0	0	0	0	0	0	0	0	0	0	0	0	0	0	0	0	0	0	0	0	0	0	0	0	0	0	0	0	0	0	0	0	0	0	0	0	0	0	0	0	0	0	120	0	0	0	0	15	28	0	0	0	0	5000	0	0	0	55598	0	0	0	0	0	0	0	0	0	0	0	0	0	0	0	0	0	0	0	0	0	0	0	0	0	0	0	0	0	0	0	0	0	1	
	61205	1	0	보호의기세(30분)	158656	1	69DDA0	42015	159656	0	0	72519	39918	0	911	0	911	0	Q005	1	Null	0	0	0	0	1	0	0	0	0	0	0	0	2	6	255	0	0	0	0	0	0	0	0	0	0	0	0	0	0	0	0	0	0	0	0	0	0	0	0	0	0	0	0	0 	1	1	1	1	1	1	1	1	99	0	0	0	0	0	0	0	0	0	0	0	0	0	0	0	0	0	0	0	0	0	0	0	0	0	0	0	0	0	0	0	0	0	0	0	0	0	0	0	0	0	0	0	0	0	120	0	0	0	0	15	28	0	0	0	0	5000	0	0	0	55599	0	0	0	0	0	0	0	0	0	0	0	0	0	0	0	0	0	0	0	0	0	0	0	0	0	0	0	0	0	0	0	0	0	1	
	61206	1	0	보호의기세(60분)	158657	1	69DDA0	42015	159657	0	0	72519	39918	0	911	0	911	0	Q005	1	Null	0	0	0	0	1	0	0	0	0	0	0	0	2	6	255	0	0	0	0	0	0	0	0	0	0	0	0	0	0	0	0	0	0	0	0	0	0	0	0	0	0	0	0	0 	1	1	1	1	1	1	1	1	99	0	0	0	0	0	0	0	0	0	0	0	0	0	0	0	0	0	0	0	0	0	0	0	0	0	0	0	0	0	0	0	0	0	0	0	0	0	0	0	0	0	0	0	0	0	120	0	0	0	0	15	28	0	0	0	0	5000	0	0	0	55600	0	0	0	0	0	0	0	0	0	0	0	0	0	0	0	0	0	0	0	0	0	0	0	0	0	0	0	0	0	0	0	0	0	1	
	61207	1	0	보호의정기(10분)	158658	1	69DDA0	42015	159658	0	0	72519	39918	0	911	0	911	0	Q005	1	Null	0	0	0	0	1	0	0	0	0	0	0	0	2	6	255	0	0	0	0	0	0	0	0	0	0	0	0	0	0	0	0	0	0	0	0	0	0	0	0	0	0	0	0	0 	1	1	1	1	1	1	1	1	99	0	0	0	0	0	0	0	0	0	0	0	0	0	0	0	0	0	0	0	0	0	0	0	0	0	0	0	0	0	0	0	0	0	0	0	0	0	0	0	0	0	0	0	0	0	120	0	0	0	0	15	28	0	0	0	0	5000	0	0	0	55601	0	0	0	0	0	0	0	0	0	0	0	0	0	0	0	0	0	0	0	0	0	0	0	0	0	0	0	0	0	0	0	0	0	1	
	61208	1	0	보호의정기(30분)	158659	1	69DDA0	42015	159659	0	0	72519	39918	0	911	0	911	0	Q005	1	Null	0	0	0	0	1	0	0	0	0	0	0	0	2	6	255	0	0	0	0	0	0	0	0	0	0	0	0	0	0	0	0	0	0	0	0	0	0	0	0	0	0	0	0	0 	1	1	1	1	1	1	1	1	99	0	0	0	0	0	0	0	0	0	0	0	0	0	0	0	0	0	0	0	0	0	0	0	0	0	0	0	0	0	0	0	0	0	0	0	0	0	0	0	0	0	0	0	0	0	120	0	0	0	0	15	28	0	0	0	0	5000	0	0	0	55602	0	0	0	0	0	0	0	0	0	0	0	0	0	0	0	0	0	0	0	0	0	0	0	0	0	0	0	0	0	0	0	0	0	1	
	61209	1	0	보호의정기(60분)	158660	1	69DDA0	42015	159660	0	0	72519	39918	0	911	0	911	0	Q005	1	Null	0	0	0	0	1	0	0	0	0	0	0	0	2	6	255	0	0	0	0	0	0	0	0	0	0	0	0	0	0	0	0	0	0	0	0	0	0	0	0	0	0	0	0	0 	1	1	1	1	1	1	1	1	99	0	0	0	0	0	0	0	0	0	0	0	0	0	0	0	0	0	0	0	0	0	0	0	0	0	0	0	0	0	0	0	0	0	0	0	0	0	0	0	0	0	0	0	0	0	120	0	0	0	0	15	28	0	0	0	0	5000	0	0	0	55603	0	0	0	0	0	0	0	0	0	0	0	0	0	0	0	0	0	0	0	0	0	0	0	0	0	0	0	0	0	0	0	0	0	1	
	61210	1	0	보호의비약(10분)	158661	1	69DDA0	42015	159661	0	0	72519	39918	0	911	0	911	0	Q005	1	Null	0	0	0	0	1	0	0	0	0	0	0	0	2	6	255	0	0	0	0	0	0	0	0	0	0	0	0	0	0	0	0	0	0	0	0	0	0	0	0	0	0	0	0	0 	1	1	1	1	1	1	1	1	99	0	0	0	0	0	0	0	0	0	0	0	0	0	0	0	0	0	0	0	0	0	0	0	0	0	0	0	0	0	0	0	0	0	0	0	0	0	0	0	0	0	0	0	0	0	120	0	0	0	0	15	28	0	0	0	0	5000	0	0	0	55604	0	0	0	0	0	0	0	0	0	0	0	0	0	0	0	0	0	0	0	0	0	0	0	0	0	0	0	0	0	0	0	0	0	1	
	61211	1	0	보호의비약(30분)	158662	1	69DDA0	42015	159662	0	0	72519	39918	0	911	0	911	0	Q005	1	Null	0	0	0	0	1	0	0	0	0	0	0	0	2	6	255	0	0	0	0	0	0	0	0	0	0	0	0	0	0	0	0	0	0	0	0	0	0	0	0	0	0	0	0	0 	1	1	1	1	1	1	1	1	99	0	0	0	0	0	0	0	0	0	0	0	0	0	0	0	0	0	0	0	0	0	0	0	0	0	0	0	0	0	0	0	0	0	0	0	0	0	0	0	0	0	0	0	0	0	120	0	0	0	0	15	28	0	0	0	0	5000	0	0	0	55605	0	0	0	0	0	0	0	0	0	0	0	0	0	0	0	0	0	0	0	0	0	0	0	0	0	0	0	0	0	0	0	0	0	1	
	61212	1	0	보호의비약(60분)	158663	1	69DDA0	42015	159663	0	0	72519	39918	0	911	0	911	0	Q005	1	Null	0	0	0	0	1	0	0	0	0	0	0	0	2	6	255	0	0	0	0	0	0	0	0	0	0	0	0	0	0	0	0	0	0	0	0	0	0	0	0	0	0	0	0	0 	1	1	1	1	1	1	1	1	99	0	0	0	0	0	0	0	0	0	0	0	0	0	0	0	0	0	0	0	0	0	0	0	0	0	0	0	0	0	0	0	0	0	0	0	0	0	0	0	0	0	0	0	0	0	120	0	0	0	0	15	28	0	0	0	0	5000	0	0	0	55606	0	0	0	0	0	0	0	0	0	0	0	0	0	0	0	0	0	0	0	0	0	0	0	0	0	0	0	0	0	0	0	0	0	1	
//일본요청 전용 캐시 아이템								#N/A																																																																																																																																																																	
//	61213	1	0	치타의비결(이동속도40%10분)	155979	1	69DDA0	42015	155981	0	0	72511	39918	0	911	0	911	8	Q005	1	Null	0	0	0	0	1	0	0	0	0	0	0	0	2	263	255	0	0	0	0	0	0	0	0	0	0	0	0	0	0	0	0	0	0	0	0	0	0	0	0	0	0	0	0	0	1	1	1	1	1	1	1	1	99	0	0	0	0	0	0	0	0	0	0	0	0	0	0	0	0	0	0	0	0	0	0	0	0	0	0	0	0	0	0	0	0	0	0	0	0	0	0	0	0	0	0	0	0	0	120	0	0	0	0	15	21	0	0	0	0	5000	0	0	0	55607	0	0	0	0	0	0	0	0	0	0	0	0	0	0	0	0	0	0	0	0	0	0	0	0	0	0	0	0	0	0	0	0	0	1
//	61214	1	0	치타의비결(이동속도40%60분)	155980	1	69DDA0	42015	155981	0	0	72511	39918	0	911	0	911	8	Q005	1	Null	0	0	0	0	1	0	0	0	0	0	0	0	2	263	255	0	0	0	0	0	0	0	0	0	0	0	0	0	0	0	0	0	0	0	0	0	0	0	0	0	0	0	0	0	1	1	1	1	1	1	1	1	99	0	0	0	0	0	0	0	0	0	0	0	0	0	0	0	0	0	0	0	0	0	0	0	0	0	0	0	0	0	0	0	0	0	0	0	0	0	0	0	0	0	0	0	0	0	120	0	0	0	0	15	21	0	0	0	0	5000	0	0	0	55608	0	0	0	0	0	0	0	0	0	0	0	0	0	0	0	0	0	0	0	0	0	0	0	0	0	0	0	0	0	0	0	0	0	1
//	61215	1	2	해방군의각오(경험치40%)	155982	1	69DDA0	40022	155983	0	0	72012	39918	0	811	0	811	8	Q000	1	Null	0	0	0	0	1	0	0	0	0	0	0	0	1	263	255	0	0	0	0	0	0	0	0	0	0	0	0	0	0	0	0	0	0	0	0	0	0	0	0	0	0	0	0	0	1	1	1	1	1	1	1	1	16	1	45	5	40	0	0	0	0	0	0	0	0	0	0	0	0	0	0	0	0	0	0	0	0	0	0	0	0	0	0	0	0	0	0	0	0	0	0	0	0	0	0	0	0	0	1	1	0	3	1	0	0	0	0	0	0	0	0	0	0	0	0	0	0	0	0	0	0	0	0	0	0	0	0	0	0	0	0	0	0	0	0	0	0	0	0	0	0	0	0	0	0	0	0	1
//	61216	1	2	저항의반지(모든속성저항5%)	155984	1	69DDA0	40022	155986	0	0	72014	39918	0	811	0	811	8	Q000	1	Null	0	0	0	0	1	0	0	0	0	0	0	0	1	6	255	0	0	0	0	0	0	0	0	0	0	0	0	0	0	0	0	0	0	0	0	0	0	0	0	0	0	0	0	0	1	1	1	1	1	1	1	1	16	1	36	1	5	0	0	0	0	0	0	0	0	0	0	0	0	0	0	0	0	1	36	1	5	0	0	0	0	0	0	0	0	0	0	0	0	0	0	0	0	0	0	0	0	0	1	1	0	0	0	0	0	0	0	0	0	0	0	0	0	0	0	0	0	0	0	0	0	0	0	0	0	0	0	0	0	0	0	0	0	0	0	0	0	0	0	0	0	0	0	0	0	0	0	1
//	61217	1	2	마법의반지(스킬데미지추가10%)	155985	1	69DDA0	40022	155987	0	0	72004	39918	0	811	0	811	8	Q000	1	Null	0	0	0	0	1	0	0	0	0	0	0	0	1	6	255	0	0	0	0	0	0	0	0	0	0	0	0	0	0	0	0	0	0	0	0	0	0	0	0	0	0	0	0	0	1	1	1	1	1	1	1	1	16	1	31	1	10	0	0	0	0	0	0	0	0	0	0	0	0	0	0	0	0	1	31	1	10	0	0	0	0	0	0	0	0	0	0	0	0	0	0	0	0	0	0	0	0	0	1	1	0	0	0	0	0	0	0	0	0	0	0	0	0	0	0	0	0	0	0	0	0	0	0	0	0	0	0	0	0	0	0	0	0	0	0	0	0	0	0	0	0	0	0	0	0	0	0	1
//신규캐시아이템추가								#N/A																																																																																																																																																																	
	61218	1	0	치타의혼(10분)_LE	155937	1	69DDA0	42015	158937	0	0	25331	39918	0	911	0	911	8	Q005	1	Null	0	0	0	0	1	0	0	0	0	0	0	0	2	6	255	0	0	0	0	0	0	0	0	0	0	0	0	0	0	0	0	0	0	0	0	0	0	0	0	0	0	0	0	0	1	1	1	1	1	1	1	1	99	0	0	0	0	0	0	0	0	0	0	0	0	0	0	0	0	0	0	0	0	0	0	0	0	0	0	0	0	0	0	0	0	0	0	0	0	0	0	0	0	0	0	0	0	0	120	0	0	0	0	15	21	0	0	0	0	5000	0	0	0	58593	0	0	0	0	0	0	0	0	0	0	0	0	0	0	0	0	0	0	0	0	0	0	0	0	0	0	0	0	0	0	0	0	0	1	
	61219	1	0	치타의혼(30분)_LE	155938	1	69DDA0	42015	158937	0	0	25331	39918	0	911	0	911	8	Q005	1	Null	0	0	0	0	1	0	0	0	0	0	0	0	2	6	255	0	0	0	0	0	0	0	0	0	0	0	0	0	0	0	0	0	0	0	0	0	0	0	0	0	0	0	0	0	1	1	1	1	1	1	1	1	99	0	0	0	0	0	0	0	0	0	0	0	0	0	0	0	0	0	0	0	0	0	0	0	0	0	0	0	0	0	0	0	0	0	0	0	0	0	0	0	0	0	0	0	0	0	120	0	0	0	0	15	21	0	0	0	0	5000	0	0	0	58594	0	0	0	0	0	0	0	0	0	0	0	0	0	0	0	0	0	0	0	0	0	0	0	0	0	0	0	0	0	0	0	0	0	1	
	61220	1	0	치타의혼(60분)_LE	155939	1	69DDA0	42015	158937	0	0	25331	39918	0	911	0	911	8	Q005	1	Null	0	0	0	0	1	0	0	0	0	0	0	0	2	6	255	0	0	0	0	0	0	0	0	0	0	0	0	0	0	0	0	0	0	0	0	0	0	0	0	0	0	0	0	0	1	1	1	1	1	1	1	1	99	0	0	0	0	0	0	0	0	0	0	0	0	0	0	0	0	0	0	0	0	0	0	0	0	0	0	0	0	0	0	0	0	0	0	0	0	0	0	0	0	0	0	0	0	0	120	0	0	0	0	15	21	0	0	0	0	5000	0	0	0	58595	0	0	0	0	0	0	0	0	0	0	0	0	0	0	0	0	0	0	0	0	0	0	0	0	0	0	0	0	0	0	0	0	0	1	
	61221	1	0	치타의혼(6시간)_LE	155940	1	69DDA0	42015	158937	0	0	25331	39918	0	911	0	911	8	Q005	1	Null	0	0	0	0	1	0	0	0	0	0	0	0	2	6	255	0	0	0	0	0	0	0	0	0	0	0	0	0	0	0	0	0	0	0	0	0	0	0	0	0	0	0	0	0	1	1	1	1	1	1	1	1	99	0	0	0	0	0	0	0	0	0	0	0	0	0	0	0	0	0	0	0	0	0	0	0	0	0	0	0	0	0	0	0	0	0	0	0	0	0	0	0	0	0	0	0	0	0	120	0	0	0	0	15	21	0	0	0	0	5000	0	0	0	58596	0	0	0	0	0	0	0	0	0	0	0	0	0	0	0	0	0	0	0	0	0	0	0	0	0	0	0	0	0	0	0	0	0	1	
	61222	1	0	치타의혼(12시간)_LE	155941	1	69DDA0	42015	158937	0	0	25331	39918	0	911	0	911	8	Q005	1	Null	0	0	0	0	1	0	0	0	0	0	0	0	2	6	255	0	0	0	0	0	0	0	0	0	0	0	0	0	0	0	0	0	0	0	0	0	0	0	0	0	0	0	0	0	1	1	1	1	1	1	1	1	99	0	0	0	0	0	0	0	0	0	0	0	0	0	0	0	0	0	0	0	0	0	0	0	0	0	0	0	0	0	0	0	0	0	0	0	0	0	0	0	0	0	0	0	0	0	120	0	0	0	0	15	21	0	0	0	0	5000	0	0	0	58597	0	0	0	0	0	0	0	0	0	0	0	0	0	0	0	0	0	0	0	0	0	0	0	0	0	0	0	0	0	0	0	0	0	1	
	61223	1	0	치타의혼(24시간)_LE	155942	1	69DDA0	42015	158937	0	0	25331	39918	0	911	0	911	8	Q005	1	Null	0	0	0	0	1	0	0	0	0	0	0	0	2	6	255	0	0	0	0	0	0	0	0	0	0	0	0	0	0	0	0	0	0	0	0	0	0	0	0	0	0	0	0	0	1	1	1	1	1	1	1	1	99	0	0	0	0	0	0	0	0	0	0	0	0	0	0	0	0	0	0	0	0	0	0	0	0	0	0	0	0	0	0	0	0	0	0	0	0	0	0	0	0	0	0	0	0	0	120	0	0	0	0	15	21	0	0	0	0	5000	0	0	0	58598	0	0	0	0	0	0	0	0	0	0	0	0	0	0	0	0	0	0	0	0	0	0	0	0	0	0	0	0	0	0	0	0	0	1	
	61224	1	0	곰의혼(10분)_LE	155943	1	69DDA0	42015	158943	0	0	25332	39918	0	911	0	911	8	Q005	1	Null	0	0	0	0	1	0	0	0	0	0	0	0	2	6	255	0	0	0	0	0	0	0	0	0	0	0	0	0	0	0	0	0	0	0	0	0	0	0	0	0	0	0	0	0	1	1	1	1	1	1	1	1	99	0	0	0	0	0	0	0	0	0	0	0	0	0	0	0	0	0	0	0	0	0	0	0	0	0	0	0	0	0	0	0	0	0	0	0	0	0	0	0	0	0	0	0	0	0	120	0	0	0	0	15	22	0	0	0	0	5000	0	0	0	58599	0	0	0	0	0	0	0	0	0	0	0	0	0	0	0	0	0	0	0	0	0	0	0	0	0	0	0	0	0	0	0	0	0	1	
	61225	1	0	곰의혼(30분)_LE	155944	1	69DDA0	42015	158943	0	0	25332	39918	0	911	0	911	8	Q005	1	Null	0	0	0	0	1	0	0	0	0	0	0	0	2	6	255	0	0	0	0	0	0	0	0	0	0	0	0	0	0	0	0	0	0	0	0	0	0	0	0	0	0	0	0	0	1	1	1	1	1	1	1	1	99	0	0	0	0	0	0	0	0	0	0	0	0	0	0	0	0	0	0	0	0	0	0	0	0	0	0	0	0	0	0	0	0	0	0	0	0	0	0	0	0	0	0	0	0	0	120	0	0	0	0	15	22	0	0	0	0	5000	0	0	0	58600	0	0	0	0	0	0	0	0	0	0	0	0	0	0	0	0	0	0	0	0	0	0	0	0	0	0	0	0	0	0	0	0	0	1	
	61226	1	0	곰의혼(60분)_LE	155945	1	69DDA0	42015	158943	0	0	25332	39918	0	911	0	911	8	Q005	1	Null	0	0	0	0	1	0	0	0	0	0	0	0	2	6	255	0	0	0	0	0	0	0	0	0	0	0	0	0	0	0	0	0	0	0	0	0	0	0	0	0	0	0	0	0	1	1	1	1	1	1	1	1	99	0	0	0	0	0	0	0	0	0	0	0	0	0	0	0	0	0	0	0	0	0	0	0	0	0	0	0	0	0	0	0	0	0	0	0	0	0	0	0	0	0	0	0	0	0	120	0	0	0	0	15	22	0	0	0	0	5000	0	0	0	58601	0	0	0	0	0	0	0	0	0	0	0	0	0	0	0	0	0	0	0	0	0	0	0	0	0	0	0	0	0	0	0	0	0	1	
	61227	1	0	곰의혼(6시간)_LE	155946	1	69DDA0	42015	158943	0	0	25332	39918	0	911	0	911	8	Q005	1	Null	0	0	0	0	1	0	0	0	0	0	0	0	2	6	255	0	0	0	0	0	0	0	0	0	0	0	0	0	0	0	0	0	0	0	0	0	0	0	0	0	0	0	0	0	1	1	1	1	1	1	1	1	99	0	0	0	0	0	0	0	0	0	0	0	0	0	0	0	0	0	0	0	0	0	0	0	0	0	0	0	0	0	0	0	0	0	0	0	0	0	0	0	0	0	0	0	0	0	120	0	0	0	0	15	22	0	0	0	0	5000	0	0	0	58602	0	0	0	0	0	0	0	0	0	0	0	0	0	0	0	0	0	0	0	0	0	0	0	0	0	0	0	0	0	0	0	0	0	1	
	61228	1	0	곰의혼(12시간)_LE	155947	1	69DDA0	42015	158943	0	0	25332	39918	0	911	0	911	8	Q005	1	Null	0	0	0	0	1	0	0	0	0	0	0	0	2	6	255	0	0	0	0	0	0	0	0	0	0	0	0	0	0	0	0	0	0	0	0	0	0	0	0	0	0	0	0	0	1	1	1	1	1	1	1	1	99	0	0	0	0	0	0	0	0	0	0	0	0	0	0	0	0	0	0	0	0	0	0	0	0	0	0	0	0	0	0	0	0	0	0	0	0	0	0	0	0	0	0	0	0	0	120	0	0	0	0	15	22	0	0	0	0	5000	0	0	0	58603	0	0	0	0	0	0	0	0	0	0	0	0	0	0	0	0	0	0	0	0	0	0	0	0	0	0	0	0	0	0	0	0	0	1	
	61229	1	0	곰의혼(24시간)_LE	155948	1	69DDA0	42015	158943	0	0	25332	39918	0	911	0	911	8	Q005	1	Null	0	0	0	0	1	0	0	0	0	0	0	0	2	6	255	0	0	0	0	0	0	0	0	0	0	0	0	0	0	0	0	0	0	0	0	0	0	0	0	0	0	0	0	0	1	1	1	1	1	1	1	1	99	0	0	0	0	0	0	0	0	0	0	0	0	0	0	0	0	0	0	0	0	0	0	0	0	0	0	0	0	0	0	0	0	0	0	0	0	0	0	0	0	0	0	0	0	0	120	0	0	0	0	15	22	0	0	0	0	5000	0	0	0	58604	0	0	0	0	0	0	0	0	0	0	0	0	0	0	0	0	0	0	0	0	0	0	0	0	0	0	0	0	0	0	0	0	0	1	
	61230	1	0	늑대의혼(10분)_LE	155949	1	69DDA0	42015	158949	0	0	25333	39918	0	911	0	911	8	Q005	1	Null	0	0	0	0	1	0	0	0	0	0	0	0	2	6	255	0	0	0	0	0	0	0	0	0	0	0	0	0	0	0	0	0	0	0	0	0	0	0	0	0	0	0	0	0	1	1	1	1	1	1	1	1	99	0	0	0	0	0	0	0	0	0	0	0	0	0	0	0	0	0	0	0	0	0	0	0	0	0	0	0	0	0	0	0	0	0	0	0	0	0	0	0	0	0	0	0	0	0	120	0	0	0	0	15	23	0	0	0	0	5000	0	0	0	58605	0	0	0	0	0	0	0	0	0	0	0	0	0	0	0	0	0	0	0	0	0	0	0	0	0	0	0	0	0	0	0	0	0	1	
	61231	1	0	늑대의혼(30분)_LE	155950	1	69DDA0	42015	158949	0	0	25333	39918	0	911	0	911	8	Q005	1	Null	0	0	0	0	1	0	0	0	0	0	0	0	2	6	255	0	0	0	0	0	0	0	0	0	0	0	0	0	0	0	0	0	0	0	0	0	0	0	0	0	0	0	0	0	1	1	1	1	1	1	1	1	99	0	0	0	0	0	0	0	0	0	0	0	0	0	0	0	0	0	0	0	0	0	0	0	0	0	0	0	0	0	0	0	0	0	0	0	0	0	0	0	0	0	0	0	0	0	120	0	0	0	0	15	23	0	0	0	0	5000	0	0	0	58606	0	0	0	0	0	0	0	0	0	0	0	0	0	0	0	0	0	0	0	0	0	0	0	0	0	0	0	0	0	0	0	0	0	1	
	61232	1	0	늑대의혼(60분)_LE	155951	1	69DDA0	42015	158949	0	0	25333	39918	0	911	0	911	8	Q005	1	Null	0	0	0	0	1	0	0	0	0	0	0	0	2	6	255	0	0	0	0	0	0	0	0	0	0	0	0	0	0	0	0	0	0	0	0	0	0	0	0	0	0	0	0	0	1	1	1	1	1	1	1	1	99	0	0	0	0	0	0	0	0	0	0	0	0	0	0	0	0	0	0	0	0	0	0	0	0	0	0	0	0	0	0	0	0	0	0	0	0	0	0	0	0	0	0	0	0	0	120	0	0	0	0	15	23	0	0	0	0	5000	0	0	0	58607	0	0	0	0	0	0	0	0	0	0	0	0	0	0	0	0	0	0	0	0	0	0	0	0	0	0	0	0	0	0	0	0	0	1	
	61233	1	0	늑대의혼(6시간)_LE	155952	1	69DDA0	42015	158949	0	0	25333	39918	0	911	0	911	8	Q005	1	Null	0	0	0	0	1	0	0	0	0	0	0	0	2	6	255	0	0	0	0	0	0	0	0	0	0	0	0	0	0	0	0	0	0	0	0	0	0	0	0	0	0	0	0	0	1	1	1	1	1	1	1	1	99	0	0	0	0	0	0	0	0	0	0	0	0	0	0	0	0	0	0	0	0	0	0	0	0	0	0	0	0	0	0	0	0	0	0	0	0	0	0	0	0	0	0	0	0	0	120	0	0	0	0	15	23	0	0	0	0	5000	0	0	0	58608	0	0	0	0	0	0	0	0	0	0	0	0	0	0	0	0	0	0	0	0	0	0	0	0	0	0	0	0	0	0	0	0	0	1	
	61234	1	0	늑대의혼(12시간)_LE	155953	1	69DDA0	42015	158949	0	0	25333	39918	0	911	0	911	8	Q005	1	Null	0	0	0	0	1	0	0	0	0	0	0	0	2	6	255	0	0	0	0	0	0	0	0	0	0	0	0	0	0	0	0	0	0	0	0	0	0	0	0	0	0	0	0	0	1	1	1	1	1	1	1	1	99	0	0	0	0	0	0	0	0	0	0	0	0	0	0	0	0	0	0	0	0	0	0	0	0	0	0	0	0	0	0	0	0	0	0	0	0	0	0	0	0	0	0	0	0	0	120	0	0	0	0	15	23	0	0	0	0	5000	0	0	0	58609	0	0	0	0	0	0	0	0	0	0	0	0	0	0	0	0	0	0	0	0	0	0	0	0	0	0	0	0	0	0	0	0	0	1	
	61235	1	0	늑대의혼(24시간)_LE	155954	1	69DDA0	42015	158949	0	0	25333	39918	0	911	0	911	8	Q005	1	Null	0	0	0	0	1	0	0	0	0	0	0	0	2	6	255	0	0	0	0	0	0	0	0	0	0	0	0	0	0	0	0	0	0	0	0	0	0	0	0	0	0	0	0	0	1	1	1	1	1	1	1	1	99	0	0	0	0	0	0	0	0	0	0	0	0	0	0	0	0	0	0	0	0	0	0	0	0	0	0	0	0	0	0	0	0	0	0	0	0	0	0	0	0	0	0	0	0	0	120	0	0	0	0	15	23	0	0	0	0	5000	0	0	0	58610	0	0	0	0	0	0	0	0	0	0	0	0	0	0	0	0	0	0	0	0	0	0	0	0	0	0	0	0	0	0	0	0	0	1	
	61236	1	0	매의혼(10분)_LE	155955	1	69DDA0	42015	158955	0	0	25334	39918	0	911	0	911	8	Q005	1	Null	0	0	0	0	1	0	0	0	0	0	0	0	2	6	255	0	0	0	0	0	0	0	0	0	0	0	0	0	0	0	0	0	0	0	0	0	0	0	0	0	0	0	0	0	1	1	1	1	1	1	1	1	99	0	0	0	0	0	0	0	0	0	0	0	0	0	0	0	0	0	0	0	0	0	0	0	0	0	0	0	0	0	0	0	0	0	0	0	0	0	0	0	0	0	0	0	0	0	120	0	0	0	0	15	24	0	0	0	0	5000	0	0	0	58611	0	0	0	0	0	0	0	0	0	0	0	0	0	0	0	0	0	0	0	0	0	0	0	0	0	0	0	0	0	0	0	0	0	1	
	61237	1	0	매의혼(30분)_LE	155956	1	69DDA0	42015	158955	0	0	25334	39918	0	911	0	911	8	Q005	1	Null	0	0	0	0	1	0	0	0	0	0	0	0	2	6	255	0	0	0	0	0	0	0	0	0	0	0	0	0	0	0	0	0	0	0	0	0	0	0	0	0	0	0	0	0	1	1	1	1	1	1	1	1	99	0	0	0	0	0	0	0	0	0	0	0	0	0	0	0	0	0	0	0	0	0	0	0	0	0	0	0	0	0	0	0	0	0	0	0	0	0	0	0	0	0	0	0	0	0	120	0	0	0	0	15	24	0	0	0	0	5000	0	0	0	58612	0	0	0	0	0	0	0	0	0	0	0	0	0	0	0	0	0	0	0	0	0	0	0	0	0	0	0	0	0	0	0	0	0	1	
	61238	1	0	매의혼(60분)_LE	155957	1	69DDA0	42015	158955	0	0	25334	39918	0	911	0	911	8	Q005	1	Null	0	0	0	0	1	0	0	0	0	0	0	0	2	6	255	0	0	0	0	0	0	0	0	0	0	0	0	0	0	0	0	0	0	0	0	0	0	0	0	0	0	0	0	0	1	1	1	1	1	1	1	1	99	0	0	0	0	0	0	0	0	0	0	0	0	0	0	0	0	0	0	0	0	0	0	0	0	0	0	0	0	0	0	0	0	0	0	0	0	0	0	0	0	0	0	0	0	0	120	0	0	0	0	15	24	0	0	0	0	5000	0	0	0	58613	0	0	0	0	0	0	0	0	0	0	0	0	0	0	0	0	0	0	0	0	0	0	0	0	0	0	0	0	0	0	0	0	0	1	
	61239	1	0	매의혼(6시간)_LE	155958	1	69DDA0	42015	158955	0	0	25334	39918	0	911	0	911	8	Q005	1	Null	0	0	0	0	1	0	0	0	0	0	0	0	2	6	255	0	0	0	0	0	0	0	0	0	0	0	0	0	0	0	0	0	0	0	0	0	0	0	0	0	0	0	0	0	1	1	1	1	1	1	1	1	99	0	0	0	0	0	0	0	0	0	0	0	0	0	0	0	0	0	0	0	0	0	0	0	0	0	0	0	0	0	0	0	0	0	0	0	0	0	0	0	0	0	0	0	0	0	120	0	0	0	0	15	24	0	0	0	0	5000	0	0	0	58614	0	0	0	0	0	0	0	0	0	0	0	0	0	0	0	0	0	0	0	0	0	0	0	0	0	0	0	0	0	0	0	0	0	1	
	61240	1	0	매의혼(12시간)_LE	155959	1	69DDA0	42015	158955	0	0	25334	39918	0	911	0	911	8	Q005	1	Null	0	0	0	0	1	0	0	0	0	0	0	0	2	6	255	0	0	0	0	0	0	0	0	0	0	0	0	0	0	0	0	0	0	0	0	0	0	0	0	0	0	0	0	0	1	1	1	1	1	1	1	1	99	0	0	0	0	0	0	0	0	0	0	0	0	0	0	0	0	0	0	0	0	0	0	0	0	0	0	0	0	0	0	0	0	0	0	0	0	0	0	0	0	0	0	0	0	0	120	0	0	0	0	15	24	0	0	0	0	5000	0	0	0	58615	0	0	0	0	0	0	0	0	0	0	0	0	0	0	0	0	0	0	0	0	0	0	0	0	0	0	0	0	0	0	0	0	0	1	
	61241	1	0	매의혼(24시간)_LE	155960	1	69DDA0	42015	158955	0	0	25334	39918	0	911	0	911	8	Q005	1	Null	0	0	0	0	1	0	0	0	0	0	0	0	2	6	255	0	0	0	0	0	0	0	0	0	0	0	0	0	0	0	0	0	0	0	0	0	0	0	0	0	0	0	0	0	1	1	1	1	1	1	1	1	99	0	0	0	0	0	0	0	0	0	0	0	0	0	0	0	0	0	0	0	0	0	0	0	0	0	0	0	0	0	0	0	0	0	0	0	0	0	0	0	0	0	0	0	0	0	120	0	0	0	0	15	24	0	0	0	0	5000	0	0	0	58616	0	0	0	0	0	0	0	0	0	0	0	0	0	0	0	0	0	0	0	0	0	0	0	0	0	0	0	0	0	0	0	0	0	1	
	61242	1	0	뱀의혼(10분)_LE	155961	1	69DDA0	42015	158961	0	0	25335	39918	0	911	0	911	8	Q005	1	Null	0	0	0	0	1	0	0	0	0	0	0	0	2	6	255	0	0	0	0	0	0	0	0	0	0	0	0	0	0	0	0	0	0	0	0	0	0	0	0	0	0	0	0	0	1	1	1	1	1	1	1	1	99	0	0	0	0	0	0	0	0	0	0	0	0	0	0	0	0	0	0	0	0	0	0	0	0	0	0	0	0	0	0	0	0	0	0	0	0	0	0	0	0	0	0	0	0	0	120	0	0	0	0	15	25	0	0	0	0	5000	0	0	0	58617	0	0	0	0	0	0	0	0	0	0	0	0	0	0	0	0	0	0	0	0	0	0	0	0	0	0	0	0	0	0	0	0	0	1	
	61243	1	0	뱀의혼(30분)_LE	155962	1	69DDA0	42015	158961	0	0	25335	39918	0	911	0	911	8	Q005	1	Null	0	0	0	0	1	0	0	0	0	0	0	0	2	6	255	0	0	0	0	0	0	0	0	0	0	0	0	0	0	0	0	0	0	0	0	0	0	0	0	0	0	0	0	0	1	1	1	1	1	1	1	1	99	0	0	0	0	0	0	0	0	0	0	0	0	0	0	0	0	0	0	0	0	0	0	0	0	0	0	0	0	0	0	0	0	0	0	0	0	0	0	0	0	0	0	0	0	0	120	0	0	0	0	15	25	0	0	0	0	5000	0	0	0	58618	0	0	0	0	0	0	0	0	0	0	0	0	0	0	0	0	0	0	0	0	0	0	0	0	0	0	0	0	0	0	0	0	0	1	
	61244	1	0	뱀의혼(60분)_LE	155963	1	69DDA0	42015	158961	0	0	25335	39918	0	911	0	911	8	Q005	1	Null	0	0	0	0	1	0	0	0	0	0	0	0	2	6	255	0	0	0	0	0	0	0	0	0	0	0	0	0	0	0	0	0	0	0	0	0	0	0	0	0	0	0	0	0	1	1	1	1	1	1	1	1	99	0	0	0	0	0	0	0	0	0	0	0	0	0	0	0	0	0	0	0	0	0	0	0	0	0	0	0	0	0	0	0	0	0	0	0	0	0	0	0	0	0	0	0	0	0	120	0	0	0	0	15	25	0	0	0	0	5000	0	0	0	58619	0	0	0	0	0	0	0	0	0	0	0	0	0	0	0	0	0	0	0	0	0	0	0	0	0	0	0	0	0	0	0	0	0	1	
	61245	1	0	뱀의혼(6시간)_LE	155964	1	69DDA0	42015	158961	0	0	25335	39918	0	911	0	911	8	Q005	1	Null	0	0	0	0	1	0	0	0	0	0	0	0	2	6	255	0	0	0	0	0	0	0	0	0	0	0	0	0	0	0	0	0	0	0	0	0	0	0	0	0	0	0	0	0	1	1	1	1	1	1	1	1	99	0	0	0	0	0	0	0	0	0	0	0	0	0	0	0	0	0	0	0	0	0	0	0	0	0	0	0	0	0	0	0	0	0	0	0	0	0	0	0	0	0	0	0	0	0	120	0	0	0	0	15	25	0	0	0	0	5000	0	0	0	58620	0	0	0	0	0	0	0	0	0	0	0	0	0	0	0	0	0	0	0	0	0	0	0	0	0	0	0	0	0	0	0	0	0	1	
	61246	1	0	뱀의혼(12시간)_LE	155965	1	69DDA0	42015	158961	0	0	25335	39918	0	911	0	911	8	Q005	1	Null	0	0	0	0	1	0	0	0	0	0	0	0	2	6	255	0	0	0	0	0	0	0	0	0	0	0	0	0	0	0	0	0	0	0	0	0	0	0	0	0	0	0	0	0	1	1	1	1	1	1	1	1	99	0	0	0	0	0	0	0	0	0	0	0	0	0	0	0	0	0	0	0	0	0	0	0	0	0	0	0	0	0	0	0	0	0	0	0	0	0	0	0	0	0	0	0	0	0	120	0	0	0	0	15	25	0	0	0	0	5000	0	0	0	58621	0	0	0	0	0	0	0	0	0	0	0	0	0	0	0	0	0	0	0	0	0	0	0	0	0	0	0	0	0	0	0	0	0	1	
	61247	1	0	뱀의혼(24시간)_LE	155966	1	69DDA0	42015	158961	0	0	25335	39918	0	911	0	911	8	Q005	1	Null	0	0	0	0	1	0	0	0	0	0	0	0	2	6	255	0	0	0	0	0	0	0	0	0	0	0	0	0	0	0	0	0	0	0	0	0	0	0	0	0	0	0	0	0	1	1	1	1	1	1	1	1	99	0	0	0	0	0	0	0	0	0	0	0	0	0	0	0	0	0	0	0	0	0	0	0	0	0	0	0	0	0	0	0	0	0	0	0	0	0	0	0	0	0	0	0	0	0	120	0	0	0	0	15	25	0	0	0	0	5000	0	0	0	58622	0	0	0	0	0	0	0	0	0	0	0	0	0	0	0	0	0	0	0	0	0	0	0	0	0	0	0	0	0	0	0	0	0	1	
	61248	1	0	승냥이의혼(10분)_LE	155967	1	69DDA0	42015	158967	0	0	25336	39918	0	911	0	911	8	Q005	1	Null	0	0	0	0	1	0	0	0	0	0	0	0	2	6	255	0	0	0	0	0	0	0	0	0	0	0	0	0	0	0	0	0	0	0	0	0	0	0	0	0	0	0	0	0	1	1	1	1	1	1	1	1	99	0	0	0	0	0	0	0	0	0	0	0	0	0	0	0	0	0	0	0	0	0	0	0	0	0	0	0	0	0	0	0	0	0	0	0	0	0	0	0	0	0	0	0	0	0	120	0	0	0	0	15	26	0	0	0	0	5000	0	0	0	58623	0	0	0	0	0	0	0	0	0	0	0	0	0	0	0	0	0	0	0	0	0	0	0	0	0	0	0	0	0	0	0	0	0	1	
	61249	1	0	승냥이의혼(30분)_LE	155968	1	69DDA0	42015	158967	0	0	25336	39918	0	911	0	911	8	Q005	1	Null	0	0	0	0	1	0	0	0	0	0	0	0	2	6	255	0	0	0	0	0	0	0	0	0	0	0	0	0	0	0	0	0	0	0	0	0	0	0	0	0	0	0	0	0	1	1	1	1	1	1	1	1	99	0	0	0	0	0	0	0	0	0	0	0	0	0	0	0	0	0	0	0	0	0	0	0	0	0	0	0	0	0	0	0	0	0	0	0	0	0	0	0	0	0	0	0	0	0	120	0	0	0	0	15	26	0	0	0	0	5000	0	0	0	58624	0	0	0	0	0	0	0	0	0	0	0	0	0	0	0	0	0	0	0	0	0	0	0	0	0	0	0	0	0	0	0	0	0	1	
	61250	1	0	승냥이의혼(60분)_LE	155969	1	69DDA0	42015	158967	0	0	25336	39918	0	911	0	911	8	Q005	1	Null	0	0	0	0	1	0	0	0	0	0	0	0	2	6	255	0	0	0	0	0	0	0	0	0	0	0	0	0	0	0	0	0	0	0	0	0	0	0	0	0	0	0	0	0	1	1	1	1	1	1	1	1	99	0	0	0	0	0	0	0	0	0	0	0	0	0	0	0	0	0	0	0	0	0	0	0	0	0	0	0	0	0	0	0	0	0	0	0	0	0	0	0	0	0	0	0	0	0	120	0	0	0	0	15	26	0	0	0	0	5000	0	0	0	58625	0	0	0	0	0	0	0	0	0	0	0	0	0	0	0	0	0	0	0	0	0	0	0	0	0	0	0	0	0	0	0	0	0	1	
	61251	1	0	승냥이의혼(6시간)_LE	155970	1	69DDA0	42015	158967	0	0	25336	39918	0	911	0	911	8	Q005	1	Null	0	0	0	0	1	0	0	0	0	0	0	0	2	6	255	0	0	0	0	0	0	0	0	0	0	0	0	0	0	0	0	0	0	0	0	0	0	0	0	0	0	0	0	0	1	1	1	1	1	1	1	1	99	0	0	0	0	0	0	0	0	0	0	0	0	0	0	0	0	0	0	0	0	0	0	0	0	0	0	0	0	0	0	0	0	0	0	0	0	0	0	0	0	0	0	0	0	0	120	0	0	0	0	15	26	0	0	0	0	5000	0	0	0	58626	0	0	0	0	0	0	0	0	0	0	0	0	0	0	0	0	0	0	0	0	0	0	0	0	0	0	0	0	0	0	0	0	0	1	
	61252	1	0	승냥이의혼(12시간)_LE	155971	1	69DDA0	42015	158967	0	0	25336	39918	0	911	0	911	8	Q005	1	Null	0	0	0	0	1	0	0	0	0	0	0	0	2	6	255	0	0	0	0	0	0	0	0	0	0	0	0	0	0	0	0	0	0	0	0	0	0	0	0	0	0	0	0	0	1	1	1	1	1	1	1	1	99	0	0	0	0	0	0	0	0	0	0	0	0	0	0	0	0	0	0	0	0	0	0	0	0	0	0	0	0	0	0	0	0	0	0	0	0	0	0	0	0	0	0	0	0	0	120	0	0	0	0	15	26	0	0	0	0	5000	0	0	0	58627	0	0	0	0	0	0	0	0	0	0	0	0	0	0	0	0	0	0	0	0	0	0	0	0	0	0	0	0	0	0	0	0	0	1	
	61253	1	0	승냥이의혼(24시간)_LE	155972	1	69DDA0	42015	158967	0	0	25336	39918	0	911	0	911	8	Q005	1	Null	0	0	0	0	1	0	0	0	0	0	0	0	2	6	255	0	0	0	0	0	0	0	0	0	0	0	0	0	0	0	0	0	0	0	0	0	0	0	0	0	0	0	0	0	1	1	1	1	1	1	1	1	99	0	0	0	0	0	0	0	0	0	0	0	0	0	0	0	0	0	0	0	0	0	0	0	0	0	0	0	0	0	0	0	0	0	0	0	0	0	0	0	0	0	0	0	0	0	120	0	0	0	0	15	26	0	0	0	0	5000	0	0	0	58628	0	0	0	0	0	0	0	0	0	0	0	0	0	0	0	0	0	0	0	0	0	0	0	0	0	0	0	0	0	0	0	0	0	1	
	61254	1	0	일일퀘스트초기화	43131	1	69DDA0	9445	44131	0	0	73571	39918	0	1005	0	911	8	A896	1	Null	0	0	0	0	1	0	0	0	0	0	0	1	2	6	255	0	0	0	0	0	0	0	0	0	0	0	0	0	0	0	0	0	0	0	0	0	0	0	0	0	0	0	0	0	1	1	1	1	1	1	1	1	99	0	0	0	0	0	0	0	0	0	0	0	0	0	0	0	0	0	0	0	0	0	0	0	0	0	0	0	0	0	0	0	0	0	0	0	0	0	0	0	0	0	0	0	0	0	120	0	0	0	0	0	0	0	0	0	0	0	0	0	0	0	0	0	0	0	0	0	0	0	0	0	0	0	0	0	0	0	0	0	0	0	0	0	0	0	0	0	0	0	0	0	0	0	0	1	
	61255	1	0	길드시설초기화	43213	1	69DDA0	40013	44213	0	0	33725	39918	0	20067	0	911	8	A896	1	Null	0	0	0	0	1	0	0	0	0	0	0	1	2	6	255	0	0	0	0	0	0	0	0	0	0	0	0	0	0	0	0	0	0	0	0	0	0	0	0	0	0	0	0	0	1	1	1	1	1	1	1	1	99	0	0	0	0	0	0	0	0	0	0	0	0	0	0	0	0	0	0	0	0	0	0	0	0	0	0	0	0	0	0	0	0	0	0	0	0	0	0	0	0	0	0	0	0	0	120	0	0	0	0	0	0	0	0	0	0	0	0	0	0	0	0	0	0	0	0	0	0	0	0	0	0	0	0	0	0	0	0	0	0	0	0	0	0	0	0	0	0	0	0	0	0	0	0	1	
	61256	1	0	[지급품]일일퀘스트초기화	43133	1	69DDA0	9445	44131	0	0	73571	39918	0	1005	0	911	8	A896	1	Null	0	0	0	0	1	0	0	0	0	0	0	1	2	263	255	0	0	0	0	0	0	0	0	0	0	0	0	0	0	0	0	0	0	0	0	0	0	0	0	0	0	0	0	0	1	1	1	1	1	1	1	1	99	0	0	0	0	0	0	0	0	0	0	0	0	0	0	0	0	0	0	0	0	0	0	0	0	0	0	0	0	0	0	0	0	0	0	0	0	0	0	0	0	0	0	0	0	0	120	0	0	0	0	0	0	0	0	0	0	0	0	0	0	0	0	0	0	0	0	0	0	0	0	0	0	0	0	0	0	0	0	0	0	0	0	0	0	0	0	0	0	0	0	0	0	0	0	1	
//	[ID61000~]_비약		PP전용					#N/A																								0					0	0																																																																																												0																																				0			
//	61061	2	0	치타의비약(10분)	158267	1	69DDA0	42015	159027	0	0	25348	39918	0	911	0	911	8	Q005	1	Null	0	0	0	0	1	0	0	0	0	0	0	0	2	455	255	0	0	0	0	0	0	0	0	0	0	0	0	0	0	0	0	0	0	0	0	0	0	0	0	0	0	1	1	0	1	1	1	99	0	0	0	0	0	0	0	0	0	0	0	0	0	0	0	0	0	0	0	0	0	0	0	0	0	0	0	0	0	0	0	0	0	0	0	0	0	0	0	0	0	0	0	0	0	0	120	120	0	0	0	0	0	15	5	0	0	0	0	5000	0	0	0	55536	0	0	0	0	0	0	0	0	0	0	0	0	0	0	0	0	0	0	0	0	0	0	0	0	0	0	0	0	0	0	0	0	0	0	0	
//	61062	2	0	치타의비약(30분)	158268	1	69DDA0	42015	159027	0	0	25348	39918	0	911	0	911	8	Q005	1	Null	0	0	0	0	1	0	0	0	0	0	0	0	2	455	255	0	0	0	0	0	0	0	0	0	0	0	0	0	0	0	0	0	0	0	0	0	0	0	0	0	0	1	1	0	1	1	1	99	0	0	0	0	0	0	0	0	0	0	0	0	0	0	0	0	0	0	0	0	0	0	0	0	0	0	0	0	0	0	0	0	0	0	0	0	0	0	0	0	0	0	0	0	0	0	120	120	0	0	0	0	0	15	5	0	0	0	0	5000	0	0	0	55501	0	0	0	0	0	0	0	0	0	0	0	0	0	0	0	0	0	0	0	0	0	0	0	0	0	0	0	0	0	0	0	0	0	0	0	
//	61063	2	0	치타의비약(60분)	158269	1	69DDA0	42015	159027	0	0	25348	39918	0	911	0	911	8	Q005	1	Null	0	0	0	0	1	0	0	0	0	0	0	0	2	455	255	0	0	0	0	0	0	0	0	0	0	0	0	0	0	0	0	0	0	0	0	0	0	0	0	0	0	1	1	0	1	1	1	99	0	0	0	0	0	0	0	0	0	0	0	0	0	0	0	0	0	0	0	0	0	0	0	0	0	0	0	0	0	0	0	0	0	0	0	0	0	0	0	0	0	0	0	0	0	0	120	120	0	0	0	0	0	15	5	0	0	0	0	5000	0	0	0	55502	0	0	0	0	0	0	0	0	0	0	0	0	0	0	0	0	0	0	0	0	0	0	0	0	0	0	0	0	0	0	0	0	0	0	0	
//	61064	2	0	치타의비약(6시간)	158270	1	69DDA0	42015	159027	0	0	25348	39918	0	911	0	911	8	Q005	1	Null	0	0	0	0	1	0	0	0	0	0	0	0	2	455	255	0	0	0	0	0	0	0	0	0	0	0	0	0	0	0	0	0	0	0	0	0	0	0	0	0	0	1	1	0	1	1	1	99	0	0	0	0	0	0	0	0	0	0	0	0	0	0	0	0	0	0	0	0	0	0	0	0	0	0	0	0	0	0	0	0	0	0	0	0	0	0	0	0	0	0	0	0	0	0	120	120	0	0	0	0	0	15	5	0	0	0	0	5000	0	0	0	55503	0	0	0	0	0	0	0	0	0	0	0	0	0	0	0	0	0	0	0	0	0	0	0	0	0	0	0	0	0	0	0	0	0	0	0	
//	61065	2	0	치타의비약(12시간)	158271	1	69DDA0	42015	159027	0	0	25348	39918	0	911	0	911	8	Q005	1	Null	0	0	0	0	1	0	0	0	0	0	0	0	2	455	255	0	0	0	0	0	0	0	0	0	0	0	0	0	0	0	0	0	0	0	0	0	0	0	0	0	0	1	1	0	1	1	1	99	0	0	0	0	0	0	0	0	0	0	0	0	0	0	0	0	0	0	0	0	0	0	0	0	0	0	0	0	0	0	0	0	0	0	0	0	0	0	0	0	0	0	0	0	0	0	120	120	0	0	0	0	0	15	5	0	0	0	0	5000	0	0	0	55504	0	0	0	0	0	0	0	0	0	0	0	0	0	0	0	0	0	0	0	0	0	0	0	0	0	0	0	0	0	0	0	0	0	0	0	
//	61066	2	0	치타의비약(24시간)	158272	1	69DDA0	42015	159027	0	0	25348	39918	0	911	0	911	8	Q005	1	Null	0	0	0	0	1	0	0	0	0	0	0	0	2	455	255	0	0	0	0	0	0	0	0	0	0	0	0	0	0	0	0	0	0	0	0	0	0	0	0	0	0	1	1	0	1	1	1	99	0	0	0	0	0	0	0	0	0	0	0	0	0	0	0	0	0	0	0	0	0	0	0	0	0	0	0	0	0	0	0	0	0	0	0	0	0	0	0	0	0	0	0	0	0	0	120	120	0	0	0	0	0	15	5	0	0	0	0	5000	0	0	0	55505	0	0	0	0	0	0	0	0	0	0	0	0	0	0	0	0	0	0	0	0	0	0	0	0	0	0	0	0	0	0	0	0	0	0	0	
//	61067	2	0	곰의비약2(10분)	158273	1	69DDA0	42015	159064	0	0	25349	39918	0	911	0	911	8	Q005	1	Null	0	0	0	0	1	0	0	0	0	0	0	0	2	455	255	0	0	0	0	0	0	0	0	0	0	0	0	0	0	0	0	0	0	0	0	0	0	0	0	0	0	1	1	0	1	1	1	99	0	0	0	0	0	0	0	0	0	0	0	0	0	0	0	0	0	0	0	0	0	0	0	0	0	0	0	0	0	0	0	0	0	0	0	0	0	0	0	0	0	0	0	0	0	0	120	120	0	0	0	0	0	15	5	0	0	0	0	5000	0	0	0	55537	0	0	0	0	0	0	0	0	0	0	0	0	0	0	0	0	0	0	0	0	0	0	0	0	0	0	0	0	0	0	0	0	0	0	0	
//	61068	2	0	곰의비약2(30분)	158274	1	69DDA0	42015	159064	0	0	25349	39918	0	911	0	911	8	Q005	1	Null	0	0	0	0	1	0	0	0	0	0	0	0	2	455	255	0	0	0	0	0	0	0	0	0	0	0	0	0	0	0	0	0	0	0	0	0	0	0	0	0	0	1	1	0	1	1	1	99	0	0	0	0	0	0	0	0	0	0	0	0	0	0	0	0	0	0	0	0	0	0	0	0	0	0	0	0	0	0	0	0	0	0	0	0	0	0	0	0	0	0	0	0	0	0	120	120	0	0	0	0	0	15	5	0	0	0	0	5000	0	0	0	55511	0	0	0	0	0	0	0	0	0	0	0	0	0	0	0	0	0	0	0	0	0	0	0	0	0	0	0	0	0	0	0	0	0	0	0	
//	61069	2	0	곰의비약2(60분)	158275	1	69DDA0	42015	159064	0	0	25349	39918	0	911	0	911	8	Q005	1	Null	0	0	0	0	1	0	0	0	0	0	0	0	2	455	255	0	0	0	0	0	0	0	0	0	0	0	0	0	0	0	0	0	0	0	0	0	0	0	0	0	0	1	1	0	1	1	1	99	0	0	0	0	0	0	0	0	0	0	0	0	0	0	0	0	0	0	0	0	0	0	0	0	0	0	0	0	0	0	0	0	0	0	0	0	0	0	0	0	0	0	0	0	0	0	120	120	0	0	0	0	0	15	5	0	0	0	0	5000	0	0	0	55512	0	0	0	0	0	0	0	0	0	0	0	0	0	0	0	0	0	0	0	0	0	0	0	0	0	0	0	0	0	0	0	0	0	0	0	
//	61070	2	0	곰의비약2(6시간)	158276	1	69DDA0	42015	159064	0	0	25349	39918	0	911	0	911	8	Q005	1	Null	0	0	0	0	1	0	0	0	0	0	0	0	2	455	255	0	0	0	0	0	0	0	0	0	0	0	0	0	0	0	0	0	0	0	0	0	0	0	0	0	0	1	1	0	1	1	1	99	0	0	0	0	0	0	0	0	0	0	0	0	0	0	0	0	0	0	0	0	0	0	0	0	0	0	0	0	0	0	0	0	0	0	0	0	0	0	0	0	0	0	0	0	0	0	120	120	0	0	0	0	0	15	5	0	0	0	0	5000	0	0	0	55513	0	0	0	0	0	0	0	0	0	0	0	0	0	0	0	0	0	0	0	0	0	0	0	0	0	0	0	0	0	0	0	0	0	0	0	
//	61071	2	0	곰의비약2(12시간)	158277	1	69DDA0	42015	159064	0	0	25349	39918	0	911	0	911	8	Q005	1	Null	0	0	0	0	1	0	0	0	0	0	0	0	2	455	255	0	0	0	0	0	0	0	0	0	0	0	0	0	0	0	0	0	0	0	0	0	0	0	0	0	0	1	1	0	1	1	1	99	0	0	0	0	0	0	0	0	0	0	0	0	0	0	0	0	0	0	0	0	0	0	0	0	0	0	0	0	0	0	0	0	0	0	0	0	0	0	0	0	0	0	0	0	0	0	120	120	0	0	0	0	0	15	5	0	0	0	0	5000	0	0	0	55514	0	0	0	0	0	0	0	0	0	0	0	0	0	0	0	0	0	0	0	0	0	0	0	0	0	0	0	0	0	0	0	0	0	0	0	
//	61072	2	0	곰의비약2(24시간)	158278	1	69DDA0	42015	159064	0	0	25349	39918	0	911	0	911	8	Q005	1	Null	0	0	0	0	1	0	0	0	0	0	0	0	2	455	255	0	0	0	0	0	0	0	0	0	0	0	0	0	0	0	0	0	0	0	0	0	0	0	0	0	0	1	1	0	1	1	1	99	0	0	0	0	0	0	0	0	0	0	0	0	0	0	0	0	0	0	0	0	0	0	0	0	0	0	0	0	0	0	0	0	0	0	0	0	0	0	0	0	0	0	0	0	0	0	120	120	0	0	0	0	0	15	5	0	0	0	0	5000	0	0	0	55515	0	0	0	0	0	0	0	0	0	0	0	0	0	0	0	0	0	0	0	0	0	0	0	0	0	0	0	0	0	0	0	0	0	0	0	
//	61073	2	0	늑대의비약2(10분)	158279	1	69DDA0	42015	159062	0	0	25350	39918	0	911	0	911	8	Q005	1	Null	0	0	0	0	1	0	0	0	0	0	0	0	2	455	255	0	0	0	0	0	0	0	0	0	0	0	0	0	0	0	0	0	0	0	0	0	0	0	0	0	0	1	1	0	1	1	1	99	0	0	0	0	0	0	0	0	0	0	0	0	0	0	0	0	0	0	0	0	0	0	0	0	0	0	0	0	0	0	0	0	0	0	0	0	0	0	0	0	0	0	0	0	0	0	120	120	0	0	0	0	0	15	5	0	0	0	0	5000	0	0	0	55538	0	0	0	0	0	0	0	0	0	0	0	0	0	0	0	0	0	0	0	0	0	0	0	0	0	0	0	0	0	0	0	0	0	0	0	
//	61074	2	0	늑대의비약2(30분)	158280	1	69DDA0	42015	159062	0	0	25350	39918	0	911	0	911	8	Q005	1	Null	0	0	0	0	1	0	0	0	0	0	0	0	2	455	255	0	0	0	0	0	0	0	0	0	0	0	0	0	0	0	0	0	0	0	0	0	0	0	0	0	0	1	1	0	1	1	1	99	0	0	0	0	0	0	0	0	0	0	0	0	0	0	0	0	0	0	0	0	0	0	0	0	0	0	0	0	0	0	0	0	0	0	0	0	0	0	0	0	0	0	0	0	0	0	120	120	0	0	0	0	0	15	5	0	0	0	0	5000	0	0	0	55521	0	0	0	0	0	0	0	0	0	0	0	0	0	0	0	0	0	0	0	0	0	0	0	0	0	0	0	0	0	0	0	0	0	0	0	
//	61075	2	0	늑대의비약2(60분)	158281	1	69DDA0	42015	159062	0	0	25350	39918	0	911	0	911	8	Q005	1	Null	0	0	0	0	1	0	0	0	0	0	0	0	2	455	255	0	0	0	0	0	0	0	0	0	0	0	0	0	0	0	0	0	0	0	0	0	0	0	0	0	0	1	1	0	1	1	1	99	0	0	0	0	0	0	0	0	0	0	0	0	0	0	0	0	0	0	0	0	0	0	0	0	0	0	0	0	0	0	0	0	0	0	0	0	0	0	0	0	0	0	0	0	0	0	120	120	0	0	0	0	0	15	5	0	0	0	0	5000	0	0	0	55522	0	0	0	0	0	0	0	0	0	0	0	0	0	0	0	0	0	0	0	0	0	0	0	0	0	0	0	0	0	0	0	0	0	0	0	
//	61076	2	0	늑대의비약2(6시간)	158282	1	69DDA0	42015	159062	0	0	25350	39918	0	911	0	911	8	Q005	1	Null	0	0	0	0	1	0	0	0	0	0	0	0	2	455	255	0	0	0	0	0	0	0	0	0	0	0	0	0	0	0	0	0	0	0	0	0	0	0	0	0	0	1	1	0	1	1	1	99	0	0	0	0	0	0	0	0	0	0	0	0	0	0	0	0	0	0	0	0	0	0	0	0	0	0	0	0	0	0	0	0	0	0	0	0	0	0	0	0	0	0	0	0	0	0	120	120	0	0	0	0	0	15	5	0	0	0	0	5000	0	0	0	55523	0	0	0	0	0	0	0	0	0	0	0	0	0	0	0	0	0	0	0	0	0	0	0	0	0	0	0	0	0	0	0	0	0	0	0	
//	61077	2	0	늑대의비약2(12시간)	158283	1	69DDA0	42015	159062	0	0	25350	39918	0	911	0	911	8	Q005	1	Null	0	0	0	0	1	0	0	0	0	0	0	0	2	455	255	0	0	0	0	0	0	0	0	0	0	0	0	0	0	0	0	0	0	0	0	0	0	0	0	0	0	1	1	0	1	1	1	99	0	0	0	0	0	0	0	0	0	0	0	0	0	0	0	0	0	0	0	0	0	0	0	0	0	0	0	0	0	0	0	0	0	0	0	0	0	0	0	0	0	0	0	0	0	0	120	120	0	0	0	0	0	15	5	0	0	0	0	5000	0	0	0	55524	0	0	0	0	0	0	0	0	0	0	0	0	0	0	0	0	0	0	0	0	0	0	0	0	0	0	0	0	0	0	0	0	0	0	0	
//	61078	2	0	늑대의비약2(24시간)	158284	1	69DDA0	42015	159062	0	0	25350	39918	0	911	0	911	8	Q005	1	Null	0	0	0	0	1	0	0	0	0	0	0	0	2	455	255	0	0	0	0	0	0	0	0	0	0	0	0	0	0	0	0	0	0	0	0	0	0	0	0	0	0	1	1	0	1	1	1	99	0	0	0	0	0	0	0	0	0	0	0	0	0	0	0	0	0	0	0	0	0	0	0	0	0	0	0	0	0	0	0	0	0	0	0	0	0	0	0	0	0	0	0	0	0	0	120	120	0	0	0	0	0	15	5	0	0	0	0	5000	0	0	0	55525	0	0	0	0	0	0	0	0	0	0	0	0	0	0	0	0	0	0	0	0	0	0	0	0	0	0	0	0	0	0	0	0	0	0	0	
//	61079	2	0	매의비약(10분)	158285	1	69DDA0	42015	159100	0	0	25351	39918	0	911	0	911	8	Q005	1	Null	0	0	0	0	1	0	0	0	0	0	0	0	2	455	255	0	0	0	0	0	0	0	0	0	0	0	0	0	0	0	0	0	0	0	0	0	0	0	0	0	0	1	1	0	1	1	1	99	0	0	0	0	0	0	0	0	0	0	0	0	0	0	0	0	0	0	0	0	0	0	0	0	0	0	0	0	0	0	0	0	0	0	0	0	0	0	0	0	0	0	0	0	0	0	120	120	0	0	0	0	0	15	5	0	0	0	0	5000	0	0	0	55539	0	0	0	0	0	0	0	0	0	0	0	0	0	0	0	0	0	0	0	0	0	0	0	0	0	0	0	0	0	0	0	0	0	0	0	
//	61080	2	0	매의비약(30분)	158286	1	69DDA0	42015	159100	0	0	25351	39918	0	911	0	911	8	Q005	1	Null	0	0	0	0	1	0	0	0	0	0	0	0	2	455	255	0	0	0	0	0	0	0	0	0	0	0	0	0	0	0	0	0	0	0	0	0	0	0	0	0	0	1	1	0	1	1	1	99	0	0	0	0	0	0	0	0	0	0	0	0	0	0	0	0	0	0	0	0	0	0	0	0	0	0	0	0	0	0	0	0	0	0	0	0	0	0	0	0	0	0	0	0	0	0	120	120	0	0	0	0	0	15	5	0	0	0	0	5000	0	0	0	55531	0	0	0	0	0	0	0	0	0	0	0	0	0	0	0	0	0	0	0	0	0	0	0	0	0	0	0	0	0	0	0	0	0	0	0	
//	61081	2	0	매의비약(60분)	158287	1	69DDA0	42015	159100	0	0	25351	39918	0	911	0	911	8	Q005	1	Null	0	0	0	0	1	0	0	0	0	0	0	0	2	455	255	0	0	0	0	0	0	0	0	0	0	0	0	0	0	0	0	0	0	0	0	0	0	0	0	0	0	1	1	0	1	1	1	99	0	0	0	0	0	0	0	0	0	0	0	0	0	0	0	0	0	0	0	0	0	0	0	0	0	0	0	0	0	0	0	0	0	0	0	0	0	0	0	0	0	0	0	0	0	0	120	120	0	0	0	0	0	15	5	0	0	0	0	5000	0	0	0	55532	0	0	0	0	0	0	0	0	0	0	0	0	0	0	0	0	0	0	0	0	0	0	0	0	0	0	0	0	0	0	0	0	0	0	0	
//	61082	2	0	매의비약(6시간)	158288	1	69DDA0	42015	159100	0	0	25351	39918	0	911	0	911	8	Q005	1	Null	0	0	0	0	1	0	0	0	0	0	0	0	2	455	255	0	0	0	0	0	0	0	0	0	0	0	0	0	0	0	0	0	0	0	0	0	0	0	0	0	0	1	1	0	1	1	1	99	0	0	0	0	0	0	0	0	0	0	0	0	0	0	0	0	0	0	0	0	0	0	0	0	0	0	0	0	0	0	0	0	0	0	0	0	0	0	0	0	0	0	0	0	0	0	120	120	0	0	0	0	0	15	5	0	0	0	0	5000	0	0	0	55533	0	0	0	0	0	0	0	0	0	0	0	0	0	0	0	0	0	0	0	0	0	0	0	0	0	0	0	0	0	0	0	0	0	0	0	
//	61083	2	0	매의비약(12시간)	158289	1	69DDA0	42015	159100	0	0	25351	39918	0	911	0	911	8	Q005	1	Null	0	0	0	0	1	0	0	0	0	0	0	0	2	455	255	0	0	0	0	0	0	0	0	0	0	0	0	0	0	0	0	0	0	0	0	0	0	0	0	0	0	1	1	0	1	1	1	99	0	0	0	0	0	0	0	0	0	0	0	0	0	0	0	0	0	0	0	0	0	0	0	0	0	0	0	0	0	0	0	0	0	0	0	0	0	0	0	0	0	0	0	0	0	0	120	120	0	0	0	0	0	15	5	0	0	0	0	5000	0	0	0	55534	0	0	0	0	0	0	0	0	0	0	0	0	0	0	0	0	0	0	0	0	0	0	0	0	0	0	0	0	0	0	0	0	0	0	0	
//	61084	2	0	매의비약(24시간)	158290	1	69DDA0	42015	159100	0	0	25351	39918	0	911	0	911	8	Q005	1	Null	0	0	0	0	1	0	0	0	0	0	0	0	2	455	255	0	0	0	0	0	0	0	0	0	0	0	0	0	0	0	0	0	0	0	0	0	0	0	0	0	0	1	1	0	1	1	1	99	0	0	0	0	0	0	0	0	0	0	0	0	0	0	0	0	0	0	0	0	0	0	0	0	0	0	0	0	0	0	0	0	0	0	0	0	0	0	0	0	0	0	0	0	0	0	120	120	0	0	0	0	0	15	5	0	0	0	0	5000	0	0	0	55535	0	0	0	0	0	0	0	0	0	0	0	0	0	0	0	0	0	0	0	0	0	0	0	0	0	0	0	0	0	0	0	0	0	0	0	
//	61085	2	0	뱀의비약(10분)	158291	1	69DDA0	42015	159053	0	0	25352	39918	0	911	0	911	8	Q005	1	Null	0	0	0	0	1	0	0	0	0	0	0	0	2	455	255	0	0	0	0	0	0	0	0	0	0	0	0	0	0	0	0	0	0	0	0	0	0	0	0	0	0	1	1	0	1	1	1	99	0	0	0	0	0	0	0	0	0	0	0	0	0	0	0	0	0	0	0	0	0	0	0	0	0	0	0	0	0	0	0	0	0	0	0	0	0	0	0	0	0	0	0	0	0	0	120	120	0	0	0	0	0	15	5	0	0	0	0	5000	0	0	0	55541	0	0	0	0	0	0	0	0	0	0	0	0	0	0	0	0	0	0	0	0	0	0	0	0	0	0	0	0	0	0	0	0	0	0	0	
//	61086	2	0	뱀의비약(30분)	158292	1	69DDA0	42015	159053	0	0	25352	39918	0	911	0	911	8	Q005	1	Null	0	0	0	0	1	0	0	0	0	0	0	0	2	455	255	0	0	0	0	0	0	0	0	0	0	0	0	0	0	0	0	0	0	0	0	0	0	0	0	0	0	1	1	0	1	1	1	99	0	0	0	0	0	0	0	0	0	0	0	0	0	0	0	0	0	0	0	0	0	0	0	0	0	0	0	0	0	0	0	0	0	0	0	0	0	0	0	0	0	0	0	0	0	0	120	120	0	0	0	0	0	15	5	0	0	0	0	5000	0	0	0	55542	0	0	0	0	0	0	0	0	0	0	0	0	0	0	0	0	0	0	0	0	0	0	0	0	0	0	0	0	0	0	0	0	0	0	0	
//	61087	2	0	뱀의비약(60분)	158293	1	69DDA0	42015	159053	0	0	25352	39918	0	911	0	911	8	Q005	1	Null	0	0	0	0	1	0	0	0	0	0	0	0	2	455	255	0	0	0	0	0	0	0	0	0	0	0	0	0	0	0	0	0	0	0	0	0	0	0	0	0	0	1	1	0	1	1	1	99	0	0	0	0	0	0	0	0	0	0	0	0	0	0	0	0	0	0	0	0	0	0	0	0	0	0	0	0	0	0	0	0	0	0	0	0	0	0	0	0	0	0	0	0	0	0	120	120	0	0	0	0	0	15	5	0	0	0	0	5000	0	0	0	55543	0	0	0	0	0	0	0	0	0	0	0	0	0	0	0	0	0	0	0	0	0	0	0	0	0	0	0	0	0	0	0	0	0	0	0	
//	61088	2	0	뱀의비약(6시간)	158294	1	69DDA0	42015	159053	0	0	25352	39918	0	911	0	911	8	Q005	1	Null	0	0	0	0	1	0	0	0	0	0	0	0	2	455	255	0	0	0	0	0	0	0	0	0	0	0	0	0	0	0	0	0	0	0	0	0	0	0	0	0	0	1	1	0	1	1	1	99	0	0	0	0	0	0	0	0	0	0	0	0	0	0	0	0	0	0	0	0	0	0	0	0	0	0	0	0	0	0	0	0	0	0	0	0	0	0	0	0	0	0	0	0	0	0	120	120	0	0	0	0	0	15	5	0	0	0	0	5000	0	0	0	55544	0	0	0	0	0	0	0	0	0	0	0	0	0	0	0	0	0	0	0	0	0	0	0	0	0	0	0	0	0	0	0	0	0	0	0	
//	61089	2	0	뱀의비약(12시간)	158295	1	69DDA0	42015	159053	0	0	25352	39918	0	911	0	911	8	Q005	1	Null	0	0	0	0	1	0	0	0	0	0	0	0	2	455	255	0	0	0	0	0	0	0	0	0	0	0	0	0	0	0	0	0	0	0	0	0	0	0	0	0	0	1	1	0	1	1	1	99	0	0	0	0	0	0	0	0	0	0	0	0	0	0	0	0	0	0	0	0	0	0	0	0	0	0	0	0	0	0	0	0	0	0	0	0	0	0	0	0	0	0	0	0	0	0	120	120	0	0	0	0	0	15	5	0	0	0	0	5000	0	0	0	55545	0	0	0	0	0	0	0	0	0	0	0	0	0	0	0	0	0	0	0	0	0	0	0	0	0	0	0	0	0	0	0	0	0	0	0	
//	61090	2	0	뱀의비약(24시간)	158296	1	69DDA0	42015	159053	0	0	25352	39918	0	911	0	911	8	Q005	1	Null	0	0	0	0	1	0	0	0	0	0	0	0	2	455	255	0	0	0	0	0	0	0	0	0	0	0	0	0	0	0	0	0	0	0	0	0	0	0	0	0	0	1	1	0	1	1	1	99	0	0	0	0	0	0	0	0	0	0	0	0	0	0	0	0	0	0	0	0	0	0	0	0	0	0	0	0	0	0	0	0	0	0	0	0	0	0	0	0	0	0	0	0	0	0	120	120	0	0	0	0	0	15	5	0	0	0	0	5000	0	0	0	55546	0	0	0	0	0	0	0	0	0	0	0	0	0	0	0	0	0	0	0	0	0	0	0	0	0	0	0	0	0	0	0	0	0	0	0	
//	61091	2	0	승냥이의비약_2(10분)	158297	1	69DDA0	42015	159063	0	0	25353	39918	0	911	0	911	8	Q005	1	Null	0	0	0	0	1	0	0	0	0	0	0	0	2	455	255	0	0	0	0	0	0	0	0	0	0	0	0	0	0	0	0	0	0	0	0	0	0	0	0	0	0	1	1	0	1	1	1	99	0	0	0	0	0	0	0	0	0	0	0	0	0	0	0	0	0	0	0	0	0	0	0	0	0	0	0	0	0	0	0	0	0	0	0	0	0	0	0	0	0	0	0	0	0	0	120	120	0	0	0	0	0	15	5	0	0	0	0	5000	0	0	0	55551	0	0	0	0	0	0	0	0	0	0	0	0	0	0	0	0	0	0	0	0	0	0	0	0	0	0	0	0	0	0	0	0	0	0	0	
//	61092	2	0	승냥이의비약_2(30분)	158298	1	69DDA0	42015	159063	0	0	25353	39918	0	911	0	911	8	Q005	1	Null	0	0	0	0	1	0	0	0	0	0	0	0	2	455	255	0	0	0	0	0	0	0	0	0	0	0	0	0	0	0	0	0	0	0	0	0	0	0	0	0	0	1	1	0	1	1	1	99	0	0	0	0	0	0	0	0	0	0	0	0	0	0	0	0	0	0	0	0	0	0	0	0	0	0	0	0	0	0	0	0	0	0	0	0	0	0	0	0	0	0	0	0	0	0	120	120	0	0	0	0	0	15	5	0	0	0	0	5000	0	0	0	55552	0	0	0	0	0	0	0	0	0	0	0	0	0	0	0	0	0	0	0	0	0	0	0	0	0	0	0	0	0	0	0	0	0	0	0	
//	61093	2	0	승냥이의비약_2(60분)	158299	1	69DDA0	42015	159063	0	0	25353	39918	0	911	0	911	8	Q005	1	Null	0	0	0	0	1	0	0	0	0	0	0	0	2	455	255	0	0	0	0	0	0	0	0	0	0	0	0	0	0	0	0	0	0	0	0	0	0	0	0	0	0	1	1	0	1	1	1	99	0	0	0	0	0	0	0	0	0	0	0	0	0	0	0	0	0	0	0	0	0	0	0	0	0	0	0	0	0	0	0	0	0	0	0	0	0	0	0	0	0	0	0	0	0	0	120	120	0	0	0	0	0	15	5	0	0	0	0	5000	0	0	0	55553	0	0	0	0	0	0	0	0	0	0	0	0	0	0	0	0	0	0	0	0	0	0	0	0	0	0	0	0	0	0	0	0	0	0	0	
//	61094	2	0	승냥이의비약_2(6시간)	158300	1	69DDA0	42015	159063	0	0	25353	39918	0	911	0	911	8	Q005	1	Null	0	0	0	0	1	0	0	0	0	0	0	0	2	455	255	0	0	0	0	0	0	0	0	0	0	0	0	0	0	0	0	0	0	0	0	0	0	0	0	0	0	1	1	0	1	1	1	99	0	0	0	0	0	0	0	0	0	0	0	0	0	0	0	0	0	0	0	0	0	0	0	0	0	0	0	0	0	0	0	0	0	0	0	0	0	0	0	0	0	0	0	0	0	0	120	120	0	0	0	0	0	15	5	0	0	0	0	5000	0	0	0	55554	0	0	0	0	0	0	0	0	0	0	0	0	0	0	0	0	0	0	0	0	0	0	0	0	0	0	0	0	0	0	0	0	0	0	0	
//	61095	2	0	승냥이의비약_2(12시간)	158301	1	69DDA0	42015	159063	0	0	25353	39918	0	911	0	911	8	Q005	1	Null	0	0	0	0	1	0	0	0	0	0	0	0	2	455	255	0	0	0	0	0	0	0	0	0	0	0	0	0	0	0	0	0	0	0	0	0	0	0	0	0	0	1	1	0	1	1	1	99	0	0	0	0	0	0	0	0	0	0	0	0	0	0	0	0	0	0	0	0	0	0	0	0	0	0	0	0	0	0	0	0	0	0	0	0	0	0	0	0	0	0	0	0	0	0	120	120	0	0	0	0	0	15	5	0	0	0	0	5000	0	0	0	55555	0	0	0	0	0	0	0	0	0	0	0	0	0	0	0	0	0	0	0	0	0	0	0	0	0	0	0	0	0	0	0	0	0	0	0	
//	61096	2	0	승냥이의비약_2(24시간)	158302	1	69DDA0	42015	159063	0	0	25353	39918	0	911	0	911	8	Q005	1	Null	0	0	0	0	1	0	0	0	0	0	0	0	2	455	255	0	0	0	0	0	0	0	0	0	0	0	0	0	0	0	0	0	0	0	0	0	0	0	0	0	0	1	1	0	1	1	1	99	0	0	0	0	0	0	0	0	0	0	0	0	0	0	0	0	0	0	0	0	0	0	0	0	0	0	0	0	0	0	0	0	0	0	0	0	0	0	0	0	0	0	0	0	0	0	120	120	0	0	0	0	0	15	5	0	0	0	0	5000	0	0	0	55556	0	0	0	0	0	0	0	0	0	0	0	0	0	0	0	0	0	0	0	0	0	0	0	0	0	0	0	0	0	0	0	0	0	0	0	
//	[ID61100~]글로벌_캐시아이템(30분)_기능상향							#N/A																								0						0																																																																																																																																			
//	61100	1	0	치타의비약(30분)	158268	1	69DDA0	42015	159027	0	0	25348	39918	0	911	0	911	8	Q005	1	Null	0	0	0	0	1	0	0	0	0	0	0	0	2	455	255	0	0	0	0	0	0	0	0	0	0	0	0	0	0	0	0	0	0	0	0	0	0	0	0	0	0	0	0	0	1	1	1	1	1	1	1	1	99	0	0	0	0	0	0	0	0	0	0	0	0	0	0	0	0	0	0	0	0	0	0	0	0	0	0	0	0	0	0	0	0	0	0	0	0	0	0	0	0	0	0	0	0	0	120	0	0	0	0	15	21	0	0	0	0	5000	0	0	0	18086	0	0	0	0	0	0	0	0	0	0	0	0	0	0	0	0	0	0	0	0	0	0	0	0	0	0	0	0	0	0	0	0	0	1
//	61101	1	0	곰의비약2(30분)	158274	1	69DDA0	42015	159064	0	0	25349	39918	0	911	0	911	8	Q005	1	Null	0	0	0	0	1	0	0	0	0	0	0	0	2	455	255	0	0	0	0	0	0	0	0	0	0	0	0	0	0	0	0	0	0	0	0	0	0	0	0	0	0	0	0	0	1	1	1	1	1	1	1	1	99	0	0	0	0	0	0	0	0	0	0	0	0	0	0	0	0	0	0	0	0	0	0	0	0	0	0	0	0	0	0	0	0	0	0	0	0	0	0	0	0	0	0	0	0	0	120	0	0	0	0	15	22	0	0	0	0	5000	0	0	0	18087	0	0	0	0	0	0	0	0	0	0	0	0	0	0	0	0	0	0	0	0	0	0	0	0	0	0	0	0	0	0	0	0	0	1
//	61102	1	0	늑대의비약2(30분)	158280	1	69DDA0	42015	159062	0	0	25350	39918	0	911	0	911	8	Q005	1	Null	0	0	0	0	1	0	0	0	0	0	0	0	2	455	255	0	0	0	0	0	0	0	0	0	0	0	0	0	0	0	0	0	0	0	0	0	0	0	0	0	0	0	0	0	1	1	1	1	1	1	1	1	99	0	0	0	0	0	0	0	0	0	0	0	0	0	0	0	0	0	0	0	0	0	0	0	0	0	0	0	0	0	0	0	0	0	0	0	0	0	0	0	0	0	0	0	0	0	120	0	0	0	0	15	23	0	0	0	0	5000	0	0	0	18088	0	0	0	0	0	0	0	0	0	0	0	0	0	0	0	0	0	0	0	0	0	0	0	0	0	0	0	0	0	0	0	0	0	1
//	61103	1	0	매의비약(30분)	158286	1	69DDA0	42015	159100	0	0	25351	39918	0	911	0	911	8	Q005	1	Null	0	0	0	0	1	0	0	0	0	0	0	0	2	455	255	0	0	0	0	0	0	0	0	0	0	0	0	0	0	0	0	0	0	0	0	0	0	0	0	0	0	0	0	0	1	1	1	1	1	1	1	1	99	0	0	0	0	0	0	0	0	0	0	0	0	0	0	0	0	0	0	0	0	0	0	0	0	0	0	0	0	0	0	0	0	0	0	0	0	0	0	0	0	0	0	0	0	0	120	0	0	0	0	15	24	0	0	0	0	5000	0	0	0	18089	0	0	0	0	0	0	0	0	0	0	0	0	0	0	0	0	0	0	0	0	0	0	0	0	0	0	0	0	0	0	0	0	0	1
//	61104	1	0	뱀의비약(30분)	158292	1	69DDA0	42015	159053	0	0	25352	39918	0	911	0	911	8	Q005	1	Null	0	0	0	0	1	0	0	0	0	0	0	0	2	455	255	0	0	0	0	0	0	0	0	0	0	0	0	0	0	0	0	0	0	0	0	0	0	0	0	0	0	0	0	0	1	1	1	1	1	1	1	1	99	0	0	0	0	0	0	0	0	0	0	0	0	0	0	0	0	0	0	0	0	0	0	0	0	0	0	0	0	0	0	0	0	0	0	0	0	0	0	0	0	0	0	0	0	0	120	0	0	0	0	15	25	0	0	0	0	5000	0	0	0	18090	0	0	0	0	0	0	0	0	0	0	0	0	0	0	0	0	0	0	0	0	0	0	0	0	0	0	0	0	0	0	0	0	0	1
//	61105	1	0	승냥이의비약_2(30분)	158298	1	69DDA0	42015	159063	0	0	25353	39918	0	911	0	911	8	Q005	1	Null	0	0	0	0	1	0	0	0	0	0	0	0	2	455	255	0	0	0	0	0	0	0	0	0	0	0	0	0	0	0	0	0	0	0	0	0	0	0	0	0	0	0	0	0	1	1	1	1	1	1	1	1	99	0	0	0	0	0	0	0	0	0	0	0	0	0	0	0	0	0	0	0	0	0	0	0	0	0	0	0	0	0	0	0	0	0	0	0	0	0	0	0	0	0	0	0	0	0	120	0	0	0	0	15	26	0	0	0	0	5000	0	0	0	18091	0	0	0	0	0	0	0	0	0	0	0	0	0	0	0	0	0	0	0	0	0	0	0	0	0	0	0	0	0	0	0	0	0	1
//일본부트캠프헤어								#N/A																																																																	1																																																																																																
	61106	1	0	헤어3(버서커)[낱개]	2216	1	69DDA0	42024	2217	0	0	61229	39918	0	20049	0	911	0	Null	0	Null	0	0	0	0	1	0	0	0	0	0	0	0	2	6	255	0	0	0	0	0	0	0	0	0	0	0	0	0	0	0	0	0	0	0	0	0	0	0	0	0	0	0	0	0	1	0	0	0	0	0	0	0	99	0	0	0	0	0	0	0	0	0	0	0	0	0	0	0	0	0	0	0	0	0	0	0	0	0	0	0	0	0	0	0	0	0	0	0	0	0	0	0	0	0	0	0	0	0	1	0	0	0	0	8	0	0	0	0	0	0	0	0	0	0	0	0	0	0	0	0	0	0	0	0	0	0	0	0	0	0	0	0	0	0	0	0	0	0	0	0	0	0	0	0	0	0	0	0	
	61107	1	0	헤어3(드래곤)[낱개]	2415	1	69DDA0	42024	2416	0	0	61230	39918	0	20049	0	911	0	Null	0	Null	0	0	0	0	1	0	0	0	0	0	0	0	2	6	255	0	0	0	0	0	0	0	0	0	0	0	0	0	0	0	0	0	0	0	0	0	0	0	0	0	0	0	0	0	0	1	0	0	0	0	0	0	99	0	0	0	0	0	0	0	0	0	0	0	0	0	0	0	0	0	0	0	0	0	0	0	0	0	0	0	0	0	0	0	0	0	0	0	0	0	0	0	0	0	0	0	0	0	1	0	0	0	0	8	0	0	0	0	0	0	0	0	0	0	0	0	0	0	0	0	0	0	0	0	0	0	0	0	0	0	0	0	0	0	0	0	0	0	0	0	0	0	0	0	0	0	0	0	
	61108	1	0	헤어3(발키리)[낱개]	2417	1	69DDA0	42024	2418	0	0	61231	39918	0	20049	0	911	0	Null	0	Null	0	0	0	0	1	0	0	0	0	0	0	0	2	6	255	0	0	0	0	0	0	0	0	0	0	0	0	0	0	0	0	0	0	0	0	0	0	0	0	0	0	0	0	0	0	0	0	1	0	0	0	0	99	0	0	0	0	0	0	0	0	0	0	0	0	0	0	0	0	0	0	0	0	0	0	0	0	0	0	0	0	0	0	0	0	0	0	0	0	0	0	0	0	0	0	0	0	0	1	0	0	0	0	8	0	0	0	0	0	0	0	0	0	0	0	0	0	0	0	0	0	0	0	0	0	0	0	0	0	0	0	0	0	0	0	0	0	0	0	0	0	0	0	0	0	0	0	0	
	61109	1	0	헤어3(엘리멘탈)[낱개]	2427	1	69DDA0	42024	2428	0	0	61232	39918	0	20049	0	911	0	Null	0	Null	0	0	0	0	1	0	0	0	0	0	0	0	2	6	255	0	0	0	0	0	0	0	0	0	0	0	0	0	0	0	0	0	0	0	0	0	0	0	0	0	0	0	0	0	0	0	0	0	1	0	0	0	99	0	0	0	0	0	0	0	0	0	0	0	0	0	0	0	0	0	0	0	0	0	0	0	0	0	0	0	0	0	0	0	0	0	0	0	0	0	0	0	0	0	0	0	0	0	1	0	0	0	0	8	0	0	0	0	0	0	0	0	0	0	0	0	0	0	0	0	0	0	0	0	0	0	0	0	0	0	0	0	0	0	0	0	0	0	0	0	0	0	0	0	0	0	0	0	
	61110	1	0	헤어3(섀도우)[낱개]	2429	1	69DDA0	42024	2430	0	0	61233	39918	0	20049	0	911	0	Null	0	Null	0	0	0	0	1	0	0	0	0	0	0	0	2	6	255	0	0	0	0	0	0	0	0	0	0	0	0	0	0	0	0	0	0	0	0	0	0	0	0	0	0	0	0	0	0	0	1	0	0	0	0	0	99	0	0	0	0	0	0	0	0	0	0	0	0	0	0	0	0	0	0	0	0	0	0	0	0	0	0	0	0	0	0	0	0	0	0	0	0	0	0	0	0	0	0	0	0	0	1	0	0	0	0	8	0	0	0	0	0	0	0	0	0	0	0	0	0	0	0	0	0	0	0	0	0	0	0	0	0	0	0	0	0	0	0	0	0	0	0	0	0	0	0	0	0	0	0	0	
	61111	1	0	미스틱헤어10	2438	1	69DDA0	42024	2439	0	0	61234	39918	0	20049	0	911	0	Null	0	Null	0	0	0	0	1	0	0	0	0	0	0	0	2	6	255	0	0	0	0	0	0	0	0	0	0	0	0	0	0	0	0	0	0	0	0	0	0	0	0	0	0	0	0	0	0	0	0	0	0	1	0	0	99	0	0	0	0	0	0	0	0	0	0	0	0	0	0	0	0	0	0	0	0	0	0	0	0	0	0	0	0	0	0	0	0	0	0	0	0	0	0	0	0	0	0	0	0	0	1	0	0	0	0	15	0	0	0	0	0	0	0	0	0	0	0	0	0	0	0	0	0	0	0	0	0	0	0	0	0	0	0	0	0	0	0	0	0	0	0	0	0	0	0	0	0	0	0	0	
//	[ID62000~]_스텟사용							#N/A																								0					0	0																																																																																														0																																					
	62000	1	0	용자의후회_힘	158013	1	69DDA0	9445	159013	0	0	73001	39918	0	20008	0	20008	0	Null	0	Null	0	0	0	0	1	0	0	0	0	0	0	0	2	6	255	0	0	0	0	0	0	0	0	0	0	0	0	0	0	0	0	0	0	0	0	0	0	0	0	0	0	0	0	0	1	1	0	1	1	1	1	1	99	0	0	0	0	0	0	0	0	0	0	0	0	0	0	0	0	0	0	0	0	0	0	0	0	0	0	0	0	0	0	0	0	0	0	0	0	0	0	0	0	0	0	0	0	0	30	0	0	0	0	1	0	0	0	0	0	0	0	0	0	0	0	0	0	0	0	0	0	0	0	0	0	0	0	0	0	0	0	0	0	0	0	0	0	0	0	0	0	0	0	0	0	0	0	0	
	62001	1	0	질풍의후회_민첩	158012	1	69DDA0	9445	159012	0	0	73002	39918	0	20008	0	20008	0	Null	0	Null	0	0	0	0	1	0	0	0	0	0	0	0	2	6	255	0	0	0	0	0	0	0	0	0	0	0	0	0	0	0	0	0	0	0	0	0	0	0	0	0	0	0	0	0	1	1	0	1	1	1	1	1	99	0	0	0	0	0	0	0	0	0	0	0	0	0	0	0	0	0	0	0	0	0	0	0	0	0	0	0	0	0	0	0	0	0	0	0	0	0	0	0	0	0	0	0	0	0	30	0	0	0	0	2	0	0	0	0	0	0	0	0	0	0	0	0	0	0	0	0	0	0	0	0	0	0	0	0	0	0	0	0	0	0	0	0	0	0	0	0	0	0	0	0	0	0	0	0	
	62002	1	0	철인의후회_체력	158011	1	69DDA0	9445	159011	0	0	73003	39918	0	20008	0	20008	0	Null	0	Null	0	0	0	0	1	0	0	0	0	0	0	0	2	6	255	0	0	0	0	0	0	0	0	0	0	0	0	0	0	0	0	0	0	0	0	0	0	0	0	0	0	0	0	0	1	1	0	1	1	1	1	1	99	0	0	0	0	0	0	0	0	0	0	0	0	0	0	0	0	0	0	0	0	0	0	0	0	0	0	0	0	0	0	0	0	0	0	0	0	0	0	0	0	0	0	0	0	0	30	0	0	0	0	3	0	0	0	0	0	0	0	0	0	0	0	0	0	0	0	0	0	0	0	0	0	0	0	0	0	0	0	0	0	0	0	0	0	0	0	0	0	0	0	0	0	0	0	0	
	62003	1	0	현자의후회_지력	158010	1	69DDA0	9445	159010	0	0	73004	39918	0	20008	0	20008	0	Null	0	Null	0	0	0	0	1	0	0	0	0	0	0	0	2	6	255	0	0	0	0	0	0	0	0	0	0	0	0	0	0	0	0	0	0	0	0	0	0	0	0	0	0	0	0	0	1	1	0	1	1	1	1	1	99	0	0	0	0	0	0	0	0	0	0	0	0	0	0	0	0	0	0	0	0	0	0	0	0	0	0	0	0	0	0	0	0	0	0	0	0	0	0	0	0	0	0	0	0	0	30	0	0	0	0	5	0	0	0	0	0	0	0	0	0	0	0	0	0	0	0	0	0	0	0	0	0	0	0	0	0	0	0	0	0	0	0	0	0	0	0	0	0	0	0	0	0	0	0	0	
	62004	1	0	수도승의후회_정신	158009	1	69DDA0	9445	159009	0	0	73005	39918	0	20008	0	20008	0	Null	0	Null	0	0	0	0	1	0	0	0	0	0	0	0	2	6	255	0	0	0	0	0	0	0	0	0	0	0	0	0	0	0	0	0	0	0	0	0	0	0	0	0	0	0	0	0	1	1	0	1	1	1	1	1	99	0	0	0	0	0	0	0	0	0	0	0	0	0	0	0	0	0	0	0	0	0	0	0	0	0	0	0	0	0	0	0	0	0	0	0	0	0	0	0	0	0	0	0	0	0	30	0	0	0	0	4	0	0	0	0	0	0	0	0	0	0	0	0	0	0	0	0	0	0	0	0	0	0	0	0	0	0	0	0	0	0	0	0	0	0	0	0	0	0	0	0	0	0	0	0	
	62005	1	0	숙련자의후회_숙련1	25009	1	69DDA0	9445	26009	0	0	73002	39918	0	20008	0	20008	0	Null	0	Null	0	0	0	0	1	0	0	0	0	0	0	0	2	6	255	0	0	0	0	0	0	0	0	0	0	0	0	0	0	0	0	0	0	0	0	0	0	0	0	0	0	0	0	0	1	1	0	1	1	1	1	1	99	0	0	0	0	0	0	0	0	0	0	0	0	0	0	0	0	0	0	0	0	0	0	0	0	0	0	0	0	0	0	0	0	0	0	0	0	0	0	0	0	0	0	0	0	0	30	0	0	0	0	10	0	0	0	0	0	0	0	0	0	0	0	0	0	0	0	0	0	0	0	0	0	0	0	0	0	0	0	0	0	0	0	0	0	0	0	0	0	0	0	0	0	0	0	0	
	62006	1	0	명인의후회_숙련2	25009	1	69DDA0	9445	26009	0	0	73002	39918	0	20008	0	20008	0	Null	0	Null	0	0	0	0	1	0	0	0	0	0	0	0	2	6	255	0	0	0	0	0	0	0	0	0	0	0	0	0	0	0	0	0	0	0	0	0	0	0	0	0	0	0	0	0	1	1	0	1	1	1	1	1	99	0	0	0	0	0	0	0	0	0	0	0	0	0	0	0	0	0	0	0	0	0	0	0	0	0	0	0	0	0	0	0	0	0	0	0	0	0	0	0	0	0	0	0	0	0	30	0	0	0	0	10	0	0	0	0	0	0	0	0	0	0	0	0	0	0	0	0	0	0	0	0	0	0	0	0	0	0	0	0	0	0	0	0	0	0	0	0	0	0	0	0	0	0	0	0	
	62007	1	0	레테의물병_모두	158006	1	69DDA0	9445	159006	0	0	73008	39918	0	20008	0	20008	0	Null	0	Null	0	0	0	0	1	0	0	0	0	0	0	0	2	6	255	0	0	0	0	0	0	0	0	0	0	0	0	0	0	0	0	0	0	0	0	0	0	0	0	0	0	0	0	0	1	1	0	1	1	1	1	1	99	0	0	0	0	0	0	0	0	0	0	0	0	0	0	0	0	0	0	0	0	0	0	0	0	0	0	0	0	0	0	0	0	0	0	0	0	0	0	0	0	0	0	0	0	0	30	0	0	0	0	8	0	0	0	0	0	0	0	0	0	0	0	0	0	0	0	0	0	0	0	0	0	0	0	0	0	0	0	0	0	0	0	0	0	0	0	0	0	0	0	0	0	0	0	0	
	62008	1	0	스텟모두	158056	1	69DDA0	9445	159056	0	0	73001	39918	0	20008	0	20008	0	Null	0	Null	0	0	0	0	1	0	0	0	0	0	0	0	2	6	255	0	0	0	0	0	0	0	0	0	0	0	0	0	0	0	0	0	0	0	0	0	0	0	0	0	0	0	0	0	1	1	0	1	1	1	1	1	99	0	0	0	0	0	0	0	0	0	0	0	0	0	0	0	0	0	0	0	0	0	0	0	0	0	0	0	0	0	0	0	0	0	0	0	0	0	0	0	0	0	0	0	0	0	30	0	0	0	0	9	0	0	0	0	0	0	0	0	0	0	0	0	0	0	0	0	0	0	0	0	0	0	0	0	0	0	0	0	0	0	0	0	0	0	0	0	0	0	0	0	0	0	0	0	
	62009	1	0	스킬초기화(구_숙련도모두)	25009	1	69DDA0	9445	26009	0	0	73002	39918	0	20008	0	20008	0	Null	0	Null	0	0	0	0	1	0	0	0	0	0	0	0	2	6	255	0	0	0	0	0	0	0	0	0	0	0	0	0	0	0	0	0	0	0	0	0	0	0	0	0	0	0	0	0	1	1	0	1	1	1	1	1	99	0	0	0	0	0	0	0	0	0	0	0	0	0	0	0	0	0	0	0	0	0	0	0	0	0	0	0	0	0	0	0	0	0	0	0	0	0	0	0	0	0	0	0	0	0	30	0	0	0	0	10	0	0	0	0	0	0	0	0	0	0	0	0	0	0	0	0	0	0	0	0	0	0	0	0	0	0	0	0	0	0	0	0	0	0	0	0	0	0	0	0	0	0	0	0	
	62010	1	0	스킬초기화(구_패시브모두)	25009	1	69DDA0	9445	26009	0	0	73003	39918	0	20008	0	20008	0	Null	0	Null	0	0	0	0	1	0	0	0	0	0	0	0	2	6	255	0	0	0	0	0	0	0	0	0	0	0	0	0	0	0	0	0	0	0	0	0	0	0	0	0	0	0	0	0	1	1	0	1	1	1	1	1	99	0	0	0	0	0	0	0	0	0	0	0	0	0	0	0	0	0	0	0	0	0	0	0	0	0	0	0	0	0	0	0	0	0	0	0	0	0	0	0	0	0	0	0	0	0	30	0	0	0	0	10	0	0	0	0	0	0	0	0	0	0	0	0	0	0	0	0	0	0	0	0	0	0	0	0	0	0	0	0	0	0	0	0	0	0	0	0	0	0	0	0	0	0	0	0	
	62011	1	0	스텟모두_이벤트용	158056	1	69DDA0	9445	159056	0	0	73001	39918	0	20008	0	911	0	Null	0	Null	0	0	0	0	1	0	0	0	0	0	0	0	2	7	255	0	0	0	0	0	0	0	0	0	0	0	0	0	0	0	0	0	0	0	0	0	0	0	0	0	0	0	0	0	1	1	1	1	1	1	1	1	99	0	0	0	0	0	0	0	0	0	0	0	0	0	0	0	0	0	0	0	0	0	0	0	0	0	0	0	0	0	0	0	0	0	0	0	0	0	0	0	0	0	0	0	0	0	30	0	0	0	0	9	0	0	0	0	0	0	0	0	0	0	0	0	0	0	0	0	0	0	0	0	0	0	0	0	0	0	0	0	0	0	0	0	0	0	0	0	0	0	0	0	0	0	0	1	
	62012	1	0	스킬초기화(구_숙련도모두_이벤트용)	25010	1	69DDA0	9445	26009	0	0	73002	39918	0	20008	0	911	0	Null	0	Null	0	0	0	0	1	0	0	0	0	0	0	0	2	7	255	0	0	0	0	0	0	0	0	0	0	0	0	0	0	0	0	0	0	0	0	0	0	0	0	0	0	0	0	0	1	1	1	1	1	1	1	1	99	0	0	0	0	0	0	0	0	0	0	0	0	0	0	0	0	0	0	0	0	0	0	0	0	0	0	0	0	0	0	0	0	0	0	0	0	0	0	0	0	0	0	0	0	0	30	0	0	0	0	10	0	0	0	0	0	0	0	0	0	0	0	0	0	0	0	0	0	0	0	0	0	0	0	0	0	0	0	0	0	0	0	0	0	0	0	0	0	0	0	0	0	0	0	1	
	62013	1	0	스킬초기화(구_패시브모두_이벤트용)	25010	1	69DDA0	9445	26009	0	0	73003	39918	0	20008	0	911	0	Null	0	Null	0	0	0	0	1	0	0	0	0	0	0	0	2	7	255	0	0	0	0	0	0	0	0	0	0	0	0	0	0	0	0	0	0	0	0	0	0	0	0	0	0	0	0	0	1	1	1	1	1	1	1	1	99	0	0	0	0	0	0	0	0	0	0	0	0	0	0	0	0	0	0	0	0	0	0	0	0	0	0	0	0	0	0	0	0	0	0	0	0	0	0	0	0	0	0	0	0	0	30	0	0	0	0	10	0	0	0	0	0	0	0	0	0	0	0	0	0	0	0	0	0	0	0	0	0	0	0	0	0	0	0	0	0	0	0	0	0	0	0	0	0	0	0	0	0	0	0	1	
	62014	1	0	스킬초기화(거래/창고불가)	158468	1	69DDA0	9445	26009	0	0	73002	39918	0	20008	0	911	0	Null	0	Null	0	0	0	0	1	0	0	0	0	0	0	0	2	295	255	0	0	0	0	0	0	0	0	0	0	0	0	0	0	0	0	0	0	0	0	0	0	0	0	0	0	0	0	0	1	1	1	1	1	1	1	1	99	0	0	0	0	0	0	0	0	0	0	0	0	0	0	0	0	0	0	0	0	0	0	0	0	0	0	0	0	0	0	0	0	0	0	0	0	0	0	0	0	0	0	0	0	0	30	0	0	0	0	10	0	0	0	0	0	0	0	0	0	0	0	0	0	0	0	0	0	0	0	0	0	0	0	0	0	0	0	0	0	0	0	0	0	0	0	0	0	0	0	0	0	0	0	1	
	62015	1	0	스텟모두(거래/창고불가)	158469	1	69DDA0	9445	159056	0	0	73001	39918	0	20008	0	911	0	Null	0	Null	0	0	0	0	1	0	0	0	0	0	0	0	2	295	255	0	0	0	0	0	0	0	0	0	0	0	0	0	0	0	0	0	0	0	0	0	0	0	0	0	0	0	0	0	1	1	1	1	1	1	1	1	99	0	0	0	0	0	0	0	0	0	0	0	0	0	0	0	0	0	0	0	0	0	0	0	0	0	0	0	0	0	0	0	0	0	0	0	0	0	0	0	0	0	0	0	0	0	30	0	0	0	0	9	0	0	0	0	0	0	0	0	0	0	0	0	0	0	0	0	0	0	0	0	0	0	0	0	0	0	0	0	0	0	0	0	0	0	0	0	0	0	0	0	0	0	0	1	
	62016	1	0	스텟모두(거래/창고불가)_사용종료	302379	0	0	9445	302380	0	0	73001	39918	0	984	0	984	0	Null	0	Null	0	0	0	0	1	0	0	0	0	0	0	0	0	295	255	0	0	0	0	0	0	0	0	0	0	0	0	0	0	0	0	0	0	0	0	0	0	0	0	0	0	0	0	0	0	0	0	0	0	0	0	0	99	0	0	0	0	0	0	0	0	0	0	0	0	0	0	0	0	0	0	0	0	0	0	0	0	0	0	0	0	0	0	0	0	0	0	0	0	0	0	0	0	0	0	0	0	0	30	0	0	0	0	0	0	0	0	0	0	0	0	0	0	0	0	0	0	0	0	0	0	0	0	0	0	0	0	0	0	0	0	0	0	0	0	0	0	0	0	0	0	0	0	0	0	0	0	0	
	62017	1	0	스킬초기화(거래/창고불가)_사용종료	302381	0	0	9445	302382	0	0	73002	39918	0	984	0	984	0	Null	0	Null	0	0	0	0	1	0	0	0	0	0	0	0	0	295	255	0	0	0	0	0	0	0	0	0	0	0	0	0	0	0	0	0	0	0	0	0	0	0	0	0	0	0	0	0	0	0	0	0	0	0	0	0	99	0	0	0	0	0	0	0	0	0	0	0	0	0	0	0	0	0	0	0	0	0	0	0	0	0	0	0	0	0	0	0	0	0	0	0	0	0	0	0	0	0	0	0	0	0	30	0	0	0	0	0	0	0	0	0	0	0	0	0	0	0	0	0	0	0	0	0	0	0	0	0	0	0	0	0	0	0	0	0	0	0	0	0	0	0	0	0	0	0	0	0	0	0	0	0	
//	[ID62900~]기간제 뱃지 아이템							#N/A																								0					0	0																																																																																														0																																					
	62999	1	1	SUN_CLUB_White(고액PU기간제)	45994	0	0	40028	46822	0	0	90065	39918	0	999	0	911	0	A639	0	Null	0	0	0	0	1	0	0	0	0	0	0	0	4	39	255	0	0	0	0	0	0	0	0	0	0	0	0	0	0	0	0	0	0	0	0	0	0	0	0	0	0	0	0	0	1	1	1	1	1	1	1	1	99	1	47	2	15	1	49	1	150	1	14	1	15	1	44	5	150	1	36	1	10	0	0	0	0	0	0	0	0	0	0	0	0	0	0	0	0	0	0	0	0	0	0	0	0	0	1	1	0	0	0	0	0	0	0	0	0	0	0	0	0	0	0	0	0	0	0	0	0	0	0	0	0	0	0	0	0	0	0	0	0	0	0	0	0	0	0	0	0	0	0	0	0	0	0	1	
//	[ID63000~]_기타							#N/A																								0					0	0																																																																																														0																																					
	63000	1	0	여신의은혜	158023	1	69DDA0	40008	159023	0	0	73501	39918	0	20011	0	911	0	Null	0	Null	0	0	0	0	1	0	0	0	0	0	0	0	2	6	255	0	0	0	0	0	0	0	0	0	0	0	0	0	0	0	0	0	0	0	0	0	0	0	0	0	0	0	0	0	1	1	1	1	1	1	1	1	99	0	0	0	0	0	0	0	0	0	0	0	0	0	0	0	0	0	0	0	0	0	0	0	0	0	0	0	0	0	0	0	0	0	0	0	0	0	0	0	0	0	0	0	0	0	100	0	0	0	0	3	13	0	0	0	0	90000	0	0	0	55006	0	0	0	0	0	0	0	0	0	0	0	0	0	0	0	0	0	0	0	0	0	0	0	0	0	0	0	0	0	0	0	0	0	1	
	63001	1	0	빛을잃은쟈드추출석(하급_소멸)	158022	1	69DDA0	40008	159022	0	0	73502	39918	0	20003	0	911	0	Null	0	Null	0	0	0	0	1	0	0	0	0	0	0	0	2	6	255	0	0	0	0	0	0	0	0	0	0	0	0	0	0	0	0	0	0	0	0	0	0	0	0	0	0	0	0	0	1	1	1	1	1	1	1	1	99	0	0	0	0	0	0	0	0	0	0	0	0	0	0	0	0	0	0	0	0	0	0	0	0	0	0	0	0	0	0	0	0	0	0	0	0	0	0	0	0	0	0	0	0	0	30	0	0	0	0	0	15	0	0	0	0	0	0	0	0	0	0	0	0	0	0	0	0	0	0	0	0	0	0	0	0	0	0	0	0	0	0	0	0	0	0	0	0	0	0	0	0	0	0	1	
	63002	1	0	명인의키트	158021	1	69DDA0	40008	159021	0	0	73503	39918	0	20006	0	911	0	Null	0	Null	0	0	0	0	1	0	0	0	0	0	0	0	2	6	255	0	0	0	0	0	0	0	0	0	0	0	0	0	0	0	0	0	0	0	0	0	0	0	0	0	0	0	0	0	1	1	1	1	1	1	1	1	99	0	0	0	0	0	0	0	0	0	0	0	0	0	0	0	0	0	0	0	0	0	0	0	0	0	0	0	0	0	0	0	0	0	0	0	0	0	0	0	0	0	0	0	0	0	255	0	0	0	0	3	14	0	0	0	0	10000	0	0	0	0	0	0	0	0	0	0	0	0	0	0	0	0	0	0	0	0	0	0	0	0	0	0	0	0	0	0	0	0	0	0	0	0	0	1	
	63003	1	0	원정용가방	158020	1	69DDA0	40022	159020	0	0	73504	39918	0	20009	0	911	0	Null	0	Null	0	0	0	0	1	0	0	0	0	0	0	1	2	6	255	0	0	0	0	0	0	0	0	0	0	0	0	0	0	0	0	0	0	0	0	0	0	0	0	0	0	0	0	0	1	1	1	1	1	1	1	1	99	0	0	0	0	0	0	0	0	0	0	0	0	0	0	0	0	0	0	0	0	0	0	0	0	0	0	0	0	0	0	0	0	0	0	0	0	0	0	0	0	0	0	0	0	0	1	0	0	0	0	0	0	0	0	0	0	0	0	0	0	0	0	0	0	0	0	0	0	0	0	0	0	0	0	0	0	0	0	0	0	0	0	0	0	0	0	0	0	0	0	0	0	0	0	1	
	63004	1	0	종속의고리	158044	1	69DDA0	9445	159044	0	0	73505	39918	0	20007	0	911	0	Null	0	Null	0	0	0	0	1	0	0	0	0	0	0	0	0	6	255	0	0	0	0	0	0	0	0	0	0	0	0	0	0	0	0	0	0	0	0	0	0	0	0	0	0	0	0	0	1	1	1	1	1	1	1	1	99	0	0	0	0	0	0	0	0	0	0	0	0	0	0	0	0	0	0	0	0	0	0	0	0	0	0	0	0	0	0	0	0	0	0	0	0	0	0	0	0	0	0	0	0	0	100	0	0	0	0	0	0	0	0	0	0	0	0	0	0	0	0	0	0	0	0	0	0	0	0	0	0	0	0	0	0	0	0	0	0	0	0	0	0	0	0	0	0	0	0	0	0	0	0	1	
	63005	1	1	해방군의포고문	158043	1	69DDA0	40008	159043	0	0	73506	39918	0	20004	0	911	0	Null	0	Null	0	0	0	0	1	0	0	0	0	0	0	0	1	7	255	0	0	0	0	0	0	0	0	0	0	0	0	0	0	0	0	0	0	0	0	0	0	0	0	0	0	0	0	0	1	1	1	1	1	1	1	1	99	0	0	0	0	0	0	0	0	0	0	0	0	0	0	0	0	0	0	0	0	0	0	0	0	0	0	0	0	0	0	0	0	0	0	0	0	0	0	0	0	0	0	0	0	0	1	0	0	0	0	0	0	0	0	0	0	0	0	0	0	0	0	0	0	0	0	0	0	0	0	0	0	0	0	0	0	0	0	0	0	0	0	0	0	0	0	0	0	0	0	0	0	0	0	1	
	63006	1	1	명지휘관의지휘봉_1	158019	1	69DDA0	40022	159019	0	0	73507	39918	0	20000	0	911	0	Null	0	Null	0	0	0	0	1	0	0	0	0	0	0	0	0	86	255	0	0	0	0	0	0	0	0	0	0	0	0	0	0	0	0	0	0	0	0	0	0	0	0	0	0	0	0	0	1	1	1	1	1	1	1	1	99	0	0	0	0	0	0	0	0	0	0	0	0	0	0	0	0	0	0	0	0	0	0	0	0	0	0	0	0	0	0	0	0	0	0	0	0	0	0	0	0	0	0	0	0	0	1	0	0	0	0	0	0	0	0	0	0	0	0	0	0	0	0	0	0	0	0	0	0	0	0	0	0	0	0	0	0	0	0	0	0	0	0	0	0	0	0	0	0	0	0	0	0	0	0	1	
	63007	1	1	명지휘관의지휘봉_2	158018	1	69DDA0	40022	159018	0	0	73508	39918	0	20000	0	911	0	Null	0	Null	0	0	0	0	1	0	0	0	0	0	0	0	0	86	255	0	0	0	0	0	0	0	0	0	0	0	0	0	0	0	0	0	0	0	0	0	0	0	0	0	0	0	0	0	1	1	1	1	1	1	1	1	99	0	0	0	0	0	0	0	0	0	0	0	0	0	0	0	0	0	0	0	0	0	0	0	0	0	0	0	0	0	0	0	0	0	0	0	0	0	0	0	0	0	0	0	0	0	1	0	0	0	0	0	0	0	0	0	0	0	0	0	0	0	0	0	0	0	0	0	0	0	0	0	0	0	0	0	0	0	0	0	0	0	0	0	0	0	0	0	0	0	0	0	0	0	0	1	
//	63008	1	1	명지휘관의지휘봉_3	158017	1	69DDA0	40022	159017	0	0	73509	39918	0	20000	0	911	0	Null	0	Null	0	0	0	0	1	0	0	0	0	0	0	0	0	86	255	0	0	0	0	0	0	0	0	0	0	0	0	0	0	0	0	0	0	0	0	0	0	0	0	0	0	0	0	0	1	1	1	1	1	1	1	1	99	0	0	0	0	0	0	0	0	0	0	0	0	0	0	0	0	0	0	0	0	0	0	0	0	0	0	0	0	0	0	0	0	0	0	0	0	0	0	0	0	0	0	0	0	0	1	0	0	0	0	0	0	0	0	0	0	0	0	0	0	0	0	0	0	0	0	0	0	0	0	0	0	0	0	0	0	0	0	0	0	0	0	0	0	0	0	0	0	0	0	0	0	0	0	1
	63009	1	4	야전지휘관의작전지도	158014	1	69DDA0	9445	159014	0	0	73510	39918	0	20002	0	911	0	Null	0	Null	0	0	0	0	1	0	0	0	0	0	0	0	4	15	255	0	0	0	0	0	0	0	0	0	0	0	0	0	0	0	0	0	0	0	0	0	0	0	0	0	0	0	0	0	1	1	1	1	1	1	1	1	99	0	0	0	0	0	0	0	0	0	0	0	0	0	0	0	0	0	0	0	0	0	0	0	0	0	0	0	0	0	0	0	0	0	0	0	0	0	0	0	0	0	0	0	0	0	1	0	0	0	0	3	16	0	0	0	0	0	0	0	0	0	0	0	0	0	0	0	0	0	0	0	0	0	0	0	0	0	0	0	0	0	0	0	0	0	0	0	0	0	0	0	0	0	0	1	
	63010	1	0	야전지휘관의작전깃발	158015	1	69DDA0	9445	159015	0	0	73511	39918	0	20001	0	911	0	Null	0	Null	0	0	0	0	1	0	0	0	0	0	0	0	2	6	255	0	0	0	0	0	0	0	0	0	0	0	0	0	0	0	0	0	0	0	0	0	0	0	0	0	0	0	0	0	1	1	1	1	1	1	1	1	99	0	0	0	0	0	0	0	0	0	0	0	0	0	0	0	0	0	0	0	0	0	0	0	0	0	0	0	0	0	0	0	0	0	0	0	0	0	0	0	0	0	0	0	0	0	120	0	0	0	0	3	16	0	0	0	0	0	0	0	0	0	0	0	0	0	0	0	0	0	0	0	0	0	0	0	0	0	0	0	0	0	0	0	0	0	0	0	0	0	0	0	0	0	0	1	
	63011	1	1	명지휘관의지휘봉_체험용	158050	1	69DDA0	40022	159019	0	0	73507	39918	0	20000	0	911	0	Null	0	Null	0	0	0	0	1	0	0	0	0	0	0	0	0	15	255	0	0	0	0	0	0	0	0	0	0	0	0	0	0	0	0	0	0	0	0	0	0	0	0	0	0	0	0	0	1	1	1	1	1	1	1	1	99	0	0	0	0	0	0	0	0	0	0	0	0	0	0	0	0	0	0	0	0	0	0	0	0	0	0	0	0	0	0	0	0	0	0	0	0	0	0	0	0	0	0	0	0	0	1	0	0	0	0	0	0	0	0	0	0	0	0	0	0	0	0	0	0	0	0	0	0	0	0	0	0	0	0	0	0	0	0	0	0	0	0	0	0	0	0	0	0	0	0	0	0	0	0	1	
	63012	1	0	명인의키트_체험용	158034	1	69DDA0	40008	159021	0	0	73503	39918	0	20006	0	911	0	Null	0	Null	0	0	0	0	1	0	0	0	0	0	0	0	2	15	255	0	0	0	0	0	0	0	0	0	0	0	0	0	0	0	0	0	0	0	0	0	0	0	0	0	0	0	0	0	1	1	1	1	1	1	1	1	99	0	0	0	0	0	0	0	0	0	0	0	0	0	0	0	0	0	0	0	0	0	0	0	0	0	0	0	0	0	0	0	0	0	0	0	0	0	0	0	0	0	0	0	0	0	255	0	0	0	0	3	14	0	0	0	0	10000	0	0	0	0	0	0	0	0	0	0	0	0	0	0	0	0	0	0	0	0	0	0	0	0	0	0	0	0	0	0	0	0	0	0	0	0	0	1	
	63013	1	0	반짝거리는쟈드추출석(상급_50%)	158052	1	69DDA0	40008	159049	0	0	73502	39918	0	20003	0	911	0	Null	0	Null	0	0	0	0	1	0	0	0	0	0	0	0	2	6	255	0	0	0	0	0	0	0	0	0	0	0	0	0	0	0	0	0	0	0	0	0	0	0	0	0	0	0	0	0	1	1	1	1	1	1	1	1	99	0	0	0	0	0	0	0	0	0	0	0	0	0	0	0	0	0	0	0	0	0	0	0	0	0	0	0	0	0	0	0	0	0	0	0	0	0	0	0	0	0	0	0	0	0	30	0	0	0	0	0	15	0	0	0	0	0	0	0	0	0	0	0	500	0	0	0	0	0	0	0	0	0	0	0	0	0	0	0	0	0	0	0	0	0	0	0	0	0	0	0	0	0	0	1	
	63014	1	0	생명의나무	158005	1	69DDA0	40008	159005	0	0	73512	39918	0	993	0	911	0	Q025	1	Null	0	0	0	0	1	0	300000	0	0	0	0	0	2	6	255	0	0	0	0	0	0	0	0	0	0	0	0	0	0	0	0	0	0	0	0	0	0	0	0	0	0	0	0	0	1	1	1	1	1	1	1	1	99	0	0	0	0	0	0	0	0	0	0	0	0	0	0	0	0	0	0	0	0	0	0	0	0	0	0	0	0	0	0	0	0	0	0	0	0	0	0	0	0	0	0	0	0	0	255	0	0	0	0	3	10	0	0	0	0	0	0	0	0	64520	0	0	0	0	0	0	0	0	0	0	0	0	0	0	0	0	0	0	0	0	0	0	0	0	0	0	0	0	0	0	0	0	0	1	
	63015	1	0	정신의나무	158004	1	69DDA0	40008	159004	0	0	73513	39918	0	993	0	911	0	Q030	1	Null	0	0	0	0	1	0	300000	0	0	0	0	0	2	6	255	0	0	0	0	0	0	0	0	0	0	0	0	0	0	0	0	0	0	0	0	0	0	0	0	0	0	0	0	0	1	1	1	1	1	1	1	1	99	0	0	0	0	0	0	0	0	0	0	0	0	0	0	0	0	0	0	0	0	0	0	0	0	0	0	0	0	0	0	0	0	0	0	0	0	0	0	0	0	0	0	0	0	0	255	0	0	0	0	3	10	0	0	0	0	0	0	0	0	64521	0	0	0	0	0	0	0	0	0	0	0	0	0	0	0	0	0	0	0	0	0	0	0	0	0	0	0	0	0	0	0	0	0	1	
	63016	1	0	속박의팬던트_3마리	158001	1	69DDA0	9445	159001	0	0	73514	39918	0	20005	0	911	0	Null	0	Null	0	0	0	0	1	0	0	0	0	0	0	0	2	6	255	0	0	0	0	0	0	0	0	0	0	0	0	0	0	0	0	0	0	0	0	0	0	0	0	0	0	0	0	0	1	1	1	1	1	1	1	1	99	0	0	0	0	0	0	0	0	0	0	0	0	0	0	0	0	0	0	0	0	0	0	0	0	0	0	0	0	0	0	0	0	0	0	0	0	0	0	0	0	0	0	0	0	0	30	0	0	0	0	3	11	0	0	0	0	600000	0	0	0	1	0	0	0	0	0	0	0	0	0	0	0	0	0	0	0	0	0	0	0	0	0	0	0	0	0	0	0	0	0	0	0	0	0	1	
	63017	1	0	속박의팬던트_5마리	158054	1	69DDA0	9445	159054	0	0	73514	39918	0	20005	0	911	0	Null	0	Null	0	0	0	0	1	0	0	0	0	0	0	0	2	6	255	0	0	0	0	0	0	0	0	0	0	0	0	0	0	0	0	0	0	0	0	0	0	0	0	0	0	0	0	0	1	1	1	1	1	1	1	1	99	0	0	0	0	0	0	0	0	0	0	0	0	0	0	0	0	0	0	0	0	0	0	0	0	0	0	0	0	0	0	0	0	0	0	0	0	0	0	0	0	0	0	0	0	0	30	0	0	0	0	3	11	0	0	0	0	600000	0	0	0	2	0	0	0	0	0	0	0	0	0	0	0	0	0	0	0	0	0	0	0	0	0	0	0	0	0	0	0	0	0	0	0	0	0	1	
	63018	1	0	속박의팬던트_10마리	158055	1	69DDA0	9445	159055	0	0	73514	39918	0	20005	0	911	0	Null	0	Null	0	0	0	0	1	0	0	0	0	0	0	0	2	6	255	0	0	0	0	0	0	0	0	0	0	0	0	0	0	0	0	0	0	0	0	0	0	0	0	0	0	0	0	0	1	1	1	1	1	1	1	1	99	0	0	0	0	0	0	0	0	0	0	0	0	0	0	0	0	0	0	0	0	0	0	0	0	0	0	0	0	0	0	0	0	0	0	0	0	0	0	0	0	0	0	0	0	0	30	0	0	0	0	3	11	0	0	0	0	600000	0	0	0	3	0	0	0	0	0	0	0	0	0	0	0	0	0	0	0	0	0	0	0	0	0	0	0	0	0	0	0	0	0	0	0	0	0	1	
	63019	1	0	창고슬롯추가	158065	1	69DDA0	#N/A	159065	0	0	73504	39918	0	20012	0	911	0	Null	0	Null	0	0	0	0	1	0	0	0	0	0	0	0	2	6	255	0	0	0	0	0	0	0	0	0	0	0	0	0	0	0	0	0	0	0	0	0	0	0	0	0	0	0	0	0	1	1	1	1	1	1	1	1	99	0	0	0	0	0	0	0	0	0	0	0	0	0	0	0	0	0	0	0	0	0	0	0	0	0	0	0	0	0	0	0	0	0	0	0	0	0	0	0	0	0	0	0	0	0	1	0	0	0	0	0	0	0	0	0	0	0	0	0	0	0	0	0	0	0	0	0	0	0	0	0	0	0	0	0	0	0	0	0	0	0	0	0	0	0	0	0	0	0	0	0	0	0	0	1	
	63020	1	0	대지의열쇠_저주받은탑_캐시	158066	1	69DDA0	9466	159066	0	0	73518	39919	0	995	0	911	0	Null	0	Null	0	0	0	0	1	0	0	0	0	0	0	0	0	6	255	0	0	0	0	0	0	0	0	0	0	0	0	0	0	0	0	0	0	0	0	0	0	0	0	0	0	0	0	0	0	0	0	0	0	0	0	0	99	0	0	0	0	0	0	0	0	0	0	0	0	0	0	0	0	0	0	0	0	0	0	0	0	0	0	0	0	0	0	0	0	0	0	0	0	0	0	0	0	0	0	0	0	0	255	0	0	0	0	0	0	0	0	0	0	0	0	0	0	60001	0	0	0	0	0	0	0	0	0	0	0	0	0	0	0	0	0	0	0	0	0	0	0	0	0	0	0	0	0	0	0	0	0	0	
	63021	1	0	물의열쇠_저주받은탑_캐시	158067	1	69DDA0	9466	159067	0	0	73519	39919	0	995	0	911	0	Null	0	Null	0	0	0	0	1	0	0	0	0	0	0	0	0	6	255	0	0	0	0	0	0	0	0	0	0	0	0	0	0	0	0	0	0	0	0	0	0	0	0	0	0	0	0	0	0	0	0	0	0	0	0	0	99	0	0	0	0	0	0	0	0	0	0	0	0	0	0	0	0	0	0	0	0	0	0	0	0	0	0	0	0	0	0	0	0	0	0	0	0	0	0	0	0	0	0	0	0	0	255	0	0	0	0	0	0	0	0	0	0	0	0	0	0	60101	0	0	0	0	0	0	0	0	0	0	0	0	0	0	0	0	0	0	0	0	0	0	0	0	0	0	0	0	0	0	0	0	0	0	
	63022	1	0	불의열쇠_저주받은탑_캐시	158068	1	69DDA0	9466	159068	0	0	73520	39919	0	995	0	911	0	Null	0	Null	0	0	0	0	1	0	0	0	0	0	0	0	0	6	255	0	0	0	0	0	0	0	0	0	0	0	0	0	0	0	0	0	0	0	0	0	0	0	0	0	0	0	0	0	0	0	0	0	0	0	0	0	99	0	0	0	0	0	0	0	0	0	0	0	0	0	0	0	0	0	0	0	0	0	0	0	0	0	0	0	0	0	0	0	0	0	0	0	0	0	0	0	0	0	0	0	0	0	255	0	0	0	0	0	0	0	0	0	0	0	0	0	0	60201	0	0	0	0	0	0	0	0	0	0	0	0	0	0	0	0	0	0	0	0	0	0	0	0	0	0	0	0	0	0	0	0	0	0	
	63023	1	0	바람의열쇠_저주받은탑_캐시	158069	1	69DDA0	9466	159069	0	0	73521	39919	0	995	0	911	0	Null	0	Null	0	0	0	0	1	0	0	0	0	0	0	0	0	6	255	0	0	0	0	0	0	0	0	0	0	0	0	0	0	0	0	0	0	0	0	0	0	0	0	0	0	0	0	0	0	0	0	0	0	0	0	0	99	0	0	0	0	0	0	0	0	0	0	0	0	0	0	0	0	0	0	0	0	0	0	0	0	0	0	0	0	0	0	0	0	0	0	0	0	0	0	0	0	0	0	0	0	0	255	0	0	0	0	0	0	0	0	0	0	0	0	0	0	60301	0	0	0	0	0	0	0	0	0	0	0	0	0	0	0	0	0	0	0	0	0	0	0	0	0	0	0	0	0	0	0	0	0	0	
	63024	1	0	해방군의포고문2(소모성)	158115	1	69DDA0	40008	159115	0	0	73506	39918	0	20030	0	911	0	Null	0	Null	0	0	0	0	1	0	0	0	0	0	0	0	2	7	255	0	0	0	0	0	0	0	0	0	0	0	0	0	0	0	0	0	0	0	0	0	0	0	0	0	0	0	0	0	1	1	1	1	1	1	1	1	99	0	0	0	0	0	0	0	0	0	0	0	0	0	0	0	0	0	0	0	0	0	0	0	0	0	0	0	0	0	0	0	0	0	0	0	0	0	0	0	0	0	0	0	0	0	255	0	0	0	0	0	0	0	0	0	0	0	0	0	0	0	0	0	0	0	0	0	0	0	0	0	0	0	0	0	0	0	0	0	0	0	0	0	0	0	0	0	0	0	0	0	0	0	0	1	
	63025	1	0	악세서리AC아이템복권	47047	1	69DDA0	40067	48047	0	0	74501	39999	0	989	0	911	0	Null	0	Null	0	0	0	0	1	0	0	0	0	0	0	0	0	2	255	0	0	0	0	0	0	0	0	0	0	0	0	0	0	0	0	0	0	0	0	0	0	0	0	0	0	0	0	0	1	1	1	1	1	1	1	1	99	0	0	0	0	0	0	0	0	0	0	0	0	0	0	0	0	0	0	0	0	0	0	0	0	0	0	0	0	0	0	0	0	0	0	0	0	0	0	0	0	0	0	0	0	0	3	0	0	0	0	0	0	0	0	0	0	0	0	0	0	0	0	0	0	0	0	0	0	0	0	0	0	0	0	0	0	0	0	0	0	0	0	0	0	0	0	0	0	0	0	0	0	0	0	1	
	63026	1	0	악세서리특수아이템복권	47048	1	69DDA0	40067	48047	0	0	74502	39999	0	989	0	911	0	Null	0	Null	0	0	0	0	1	0	0	0	0	0	0	0	0	2	255	0	0	0	0	0	0	0	0	0	0	0	0	0	0	0	0	0	0	0	0	0	0	0	0	0	0	0	0	0	1	1	1	1	1	1	1	1	99	0	0	0	0	0	0	0	0	0	0	0	0	0	0	0	0	0	0	0	0	0	0	0	0	0	0	0	0	0	0	0	0	0	0	0	0	0	0	0	0	0	0	0	0	0	3	0	0	0	0	0	0	0	0	0	0	0	0	0	0	0	0	0	0	0	0	0	0	0	0	0	0	0	0	0	0	0	0	0	0	0	0	0	0	0	0	0	0	0	0	0	0	0	0	1	
	63027	1	0	악세서리기타아이템복권	47049	1	69DDA0	40067	48047	0	0	74503	39999	0	989	0	911	0	Null	0	Null	0	0	0	0	1	0	0	0	0	0	0	0	0	2	255	0	0	0	0	0	0	0	0	0	0	0	0	0	0	0	0	0	0	0	0	0	0	0	0	0	0	0	0	0	1	1	1	1	1	1	1	1	99	0	0	0	0	0	0	0	0	0	0	0	0	0	0	0	0	0	0	0	0	0	0	0	0	0	0	0	0	0	0	0	0	0	0	0	0	0	0	0	0	0	0	0	0	0	3	0	0	0	0	0	0	0	0	0	0	0	0	0	0	0	0	0	0	0	0	0	0	0	0	0	0	0	0	0	0	0	0	0	0	0	0	0	0	0	0	0	0	0	0	0	0	0	0	1	
	63028	1	0	보석아이템복권	47050	1	69DDA0	40067	48047	0	0	74504	39999	0	989	0	911	0	Null	0	Null	0	0	0	0	1	0	0	0	0	0	0	0	0	2	255	0	0	0	0	0	0	0	0	0	0	0	0	0	0	0	0	0	0	0	0	0	0	0	0	0	0	0	0	0	1	1	1	1	1	1	1	1	99	0	0	0	0	0	0	0	0	0	0	0	0	0	0	0	0	0	0	0	0	0	0	0	0	0	0	0	0	0	0	0	0	0	0	0	0	0	0	0	0	0	0	0	0	0	3	0	0	0	0	0	0	0	0	0	0	0	0	0	0	0	0	0	0	0	0	0	0	0	0	0	0	0	0	0	0	0	0	0	0	0	0	0	0	0	0	0	0	0	0	0	0	0	0	1	
	63029	1	0	엘리트재료아이템복권	47051	1	69DDA0	40067	48047	0	0	74505	39999	0	989	0	911	0	Null	0	Null	0	0	0	0	1	0	0	0	0	0	0	0	0	2	255	0	0	0	0	0	0	0	0	0	0	0	0	0	0	0	0	0	0	0	0	0	0	0	0	0	0	0	0	0	1	1	1	1	1	1	1	1	99	0	0	0	0	0	0	0	0	0	0	0	0	0	0	0	0	0	0	0	0	0	0	0	0	0	0	0	0	0	0	0	0	0	0	0	0	0	0	0	0	0	0	0	0	0	3	0	0	0	0	0	0	0	0	0	0	0	0	0	0	0	0	0	0	0	0	0	0	0	0	0	0	0	0	0	0	0	0	0	0	0	0	0	0	0	0	0	0	0	0	0	0	0	0	1	
	63030	1	0	장착아이템(상)복권	47052	1	69DDA0	40067	48047	0	0	74506	39999	0	989	0	911	0	Null	0	Null	0	0	0	0	1	0	0	0	0	0	0	0	0	2	255	0	0	0	0	0	0	0	0	0	0	0	0	0	0	0	0	0	0	0	0	0	0	0	0	0	0	0	0	0	1	1	1	1	1	1	1	1	99	0	0	0	0	0	0	0	0	0	0	0	0	0	0	0	0	0	0	0	0	0	0	0	0	0	0	0	0	0	0	0	0	0	0	0	0	0	0	0	0	0	0	0	0	0	3	0	0	0	0	0	0	0	0	0	0	0	0	0	0	0	0	0	0	0	0	0	0	0	0	0	0	0	0	0	0	0	0	0	0	0	0	0	0	0	0	0	0	0	0	0	0	0	0	1	
	63031	1	0	장착아이템(중)복권	47053	1	69DDA0	40067	48047	0	0	74507	39999	0	989	0	911	0	Null	0	Null	0	0	0	0	1	0	0	0	0	0	0	0	0	2	255	0	0	0	0	0	0	0	0	0	0	0	0	0	0	0	0	0	0	0	0	0	0	0	0	0	0	0	0	0	1	1	1	1	1	1	1	1	99	0	0	0	0	0	0	0	0	0	0	0	0	0	0	0	0	0	0	0	0	0	0	0	0	0	0	0	0	0	0	0	0	0	0	0	0	0	0	0	0	0	0	0	0	0	3	0	0	0	0	0	0	0	0	0	0	0	0	0	0	0	0	0	0	0	0	0	0	0	0	0	0	0	0	0	0	0	0	0	0	0	0	0	0	0	0	0	0	0	0	0	0	0	0	1	
	63032	1	0	장착아이템(하)복권	47054	1	69DDA0	40067	48047	0	0	74508	39999	0	989	0	911	0	Null	0	Null	0	0	0	0	1	0	0	0	0	0	0	0	0	2	255	0	0	0	0	0	0	0	0	0	0	0	0	0	0	0	0	0	0	0	0	0	0	0	0	0	0	0	0	0	1	1	1	1	1	1	1	1	99	0	0	0	0	0	0	0	0	0	0	0	0	0	0	0	0	0	0	0	0	0	0	0	0	0	0	0	0	0	0	0	0	0	0	0	0	0	0	0	0	0	0	0	0	0	3	0	0	0	0	0	0	0	0	0	0	0	0	0	0	0	0	0	0	0	0	0	0	0	0	0	0	0	0	0	0	0	0	0	0	0	0	0	0	0	0	0	0	0	0	0	0	0	0	1	
	63033	1	0	썬온라인대박복권	47055	1	69DDA0	40067	48047	0	0	74509	39999	0	989	0	911	0	Null	0	Null	0	0	0	0	1	0	0	0	0	0	0	0	0	2	255	0	0	0	0	0	0	0	0	0	0	0	0	0	0	0	0	0	0	0	0	0	0	0	0	0	0	0	0	0	1	1	1	1	1	1	1	1	99	0	0	0	0	0	0	0	0	0	0	0	0	0	0	0	0	0	0	0	0	0	0	0	0	0	0	0	0	0	0	0	0	0	0	0	0	0	0	0	0	0	0	0	0	0	3	0	0	0	0	0	0	0	0	0	0	0	0	0	0	0	0	0	0	0	0	0	0	0	0	0	0	0	0	0	0	0	0	0	0	0	0	0	0	0	0	0	0	0	0	0	0	0	0	1	
	63034	1	0	종속의고리2	158044	1	69DDA0	40008	159044	0	0	73505	39918	0	20019	0	911	0	Null	0	Null	0	0	0	0	1	0	0	0	0	0	0	0	0	7	255	0	0	0	0	0	0	0	0	0	0	0	0	0	0	0	0	0	0	0	0	0	0	0	0	0	0	0	0	0	1	1	1	1	1	1	1	1	99	0	0	0	0	0	0	0	0	0	0	0	0	0	0	0	0	0	0	0	0	0	0	0	0	0	0	0	0	0	0	0	0	0	0	0	0	0	0	0	0	0	0	0	0	0	100	0	0	0	0	0	0	0	0	0	0	0	0	0	0	0	0	0	0	0	0	0	0	0	0	0	0	0	0	0	0	0	0	0	0	0	0	0	0	0	0	0	0	0	0	0	0	0	0	1	
	63035	1	0	[식목일]_생명의나무	158098	1	69DDA0	40008	159005	0	0	73512	39918	0	993	0	911	0	Q025	1	Null	0	0	0	0	1	0	300000	0	0	0	0	0	2	167	255	0	0	0	0	0	0	0	0	0	0	0	0	0	0	0	0	0	0	0	0	0	0	0	0	0	0	0	0	0	1	1	1	1	1	1	1	1	99	0	0	0	0	0	0	0	0	0	0	0	0	0	0	0	0	0	0	0	0	0	0	0	0	0	0	0	0	0	0	0	0	0	0	0	0	0	0	0	0	0	0	0	0	0	255	0	0	0	0	3	10	0	0	0	0	0	0	0	0	64520	0	0	0	0	0	0	0	0	0	0	0	0	0	0	0	0	0	0	0	0	0	0	0	0	0	0	0	0	0	0	0	0	0	1	
	63036	1	0	[식목일]_정신의나무	158097	1	69DDA0	40008	159004	0	0	73513	39918	0	993	0	911	0	Q030	1	Null	0	0	0	0	1	0	300000	0	0	0	0	0	2	167	255	0	0	0	0	0	0	0	0	0	0	0	0	0	0	0	0	0	0	0	0	0	0	0	0	0	0	0	0	0	1	1	1	1	1	1	1	1	99	0	0	0	0	0	0	0	0	0	0	0	0	0	0	0	0	0	0	0	0	0	0	0	0	0	0	0	0	0	0	0	0	0	0	0	0	0	0	0	0	0	0	0	0	0	255	0	0	0	0	3	10	0	0	0	0	0	0	0	0	64521	0	0	0	0	0	0	0	0	0	0	0	0	0	0	0	0	0	0	0	0	0	0	0	0	0	0	0	0	0	0	0	0	0	1	
	63037	1	0	암흑의열쇠_저주받은탑_캐시	158170	1	69DDA0	9466	159170	0	0	73533	39919	0	995	0	911	0	Null	0	Null	0	0	0	0	1	0	0	0	0	0	0	0	0	6	255	0	0	0	0	0	0	0	0	0	0	0	0	0	0	0	0	0	0	0	0	0	0	0	0	0	0	0	0	0	0	0	0	0	0	0	0	0	99	0	0	0	0	0	0	0	0	0	0	0	0	0	0	0	0	0	0	0	0	0	0	0	0	0	0	0	0	0	0	0	0	0	0	0	0	0	0	0	0	0	0	0	0	0	255	0	0	0	0	0	0	0	0	0	0	0	0	0	0	60401	0	0	0	0	0	0	0	0	0	0	0	0	0	0	0	0	0	0	0	0	0	0	0	0	0	0	0	0	0	0	0	0	0	0	
	63038	1	8	룬스톤_개인웨이포인트	45306	1	69DDA0	9445	46306	0	0	73539	39918	0	20038	0	911	0	Null	0	Null	0	0	0	0	1	0	0	0	0	0	0	0	4	86	255	0	0	0	0	0	0	0	0	0	0	0	0	0	0	0	0	0	0	0	0	0	0	0	0	0	0	0	0	0	1	1	1	1	1	1	1	1	99	0	0	0	0	0	0	0	0	0	0	0	0	0	0	0	0	0	0	0	0	0	0	0	0	0	0	0	0	0	0	0	0	0	0	0	0	0	0	0	0	0	0	0	0	0	1	0	0	0	0	3	16	0	0	0	0	0	0	0	0	0	0	0	0	0	0	0	0	0	0	0	0	0	0	0	0	0	0	0	0	0	0	0	0	0	0	0	0	0	0	0	0	0	0	1	
	63039	1	2	명지휘관의지휘봉_1	158019	1	69DDA0	40022	159019	0	0	73507	39918	0	20000	0	911	0	Null	0	Null	0	0	0	0	1	0	0	0	0	0	0	0	0	6	255	0	0	0	0	0	0	0	0	0	0	0	0	0	0	0	0	0	0	0	0	0	0	0	0	0	0	0	0	0	1	1	1	1	1	1	1	1	99	0	0	0	0	0	0	0	0	0	0	0	0	0	0	0	0	0	0	0	0	0	0	0	0	0	0	0	0	0	0	0	0	0	0	0	0	0	0	0	0	0	0	0	0	0	1	0	0	0	0	0	0	0	0	0	0	0	0	0	0	0	0	0	0	0	0	0	0	0	0	0	0	0	0	0	0	0	0	0	0	0	0	0	0	0	0	0	0	0	0	0	0	0	0	1	
	63040	1	0	은빛상자	47309	1	69DDA0	42024	48309	0	0	34076	39999	0	20029	0	911	0	Null	0	Null	0	0	0	0	1	0	0	0	0	0	0	0	2	63	255	0	0	0	0	0	0	0	0	0	0	0	0	0	0	0	0	0	0	0	0	0	0	0	0	0	0	0	0	0	1	1	1	1	1	1	1	1	99	0	0	0	0	0	0	0	0	0	0	0	0	0	0	0	0	0	0	0	0	0	0	0	0	0	0	0	0	0	0	0	0	0	0	0	0	0	0	0	0	0	0	0	0	0	1	0	0	0	0	0	0	0	0	0	0	0	0	0	87	0	0	0	0	0	0	0	0	0	0	0	0	0	0	0	0	0	0	0	0	0	0	0	0	0	0	0	0	0	0	0	0	0	0	1	
	63041	1	0	금빛상자	47310	1	69DDA0	42024	48309	0	0	34077	39999	0	20029	0	911	0	Null	0	Null	0	0	0	0	1	0	0	0	0	0	0	0	2	63	255	0	0	0	0	0	0	0	0	0	0	0	0	0	0	0	0	0	0	0	0	0	0	0	0	0	0	0	0	0	1	1	1	1	1	1	1	1	99	0	0	0	0	0	0	0	0	0	0	0	0	0	0	0	0	0	0	0	0	0	0	0	0	0	0	0	0	0	0	0	0	0	0	0	0	0	0	0	0	0	0	0	0	0	1	0	0	0	0	0	0	0	0	0	0	0	0	0	88	0	0	0	0	0	0	0	0	0	0	0	0	0	0	0	0	0	0	0	0	0	0	0	0	0	0	0	0	0	0	0	0	0	0	1	
//	63042	1	0	북미복권_버서커	158330	1	69DDA0	42024	159330	0	0	34076	39999	0	20029	0	911	0	Null	0	Null	0	0	0	0	1	0	0	0	0	0	0	0	2	63	255	0	0	0	0	0	0	0	0	0	0	0	0	0	0	0	0	0	0	0	0	0	0	0	0	0	0	0	0	0	1	1	1	1	1	1	1	1	99	0	0	0	0	0	0	0	0	0	0	0	0	0	0	0	0	0	0	0	0	0	0	0	0	0	0	0	0	0	0	0	0	0	0	0	0	0	0	0	0	0	0	0	0	0	1	0	0	0	0	0	0	0	0	0	0	0	0	0	100	0	0	0	0	0	0	0	0	0	0	0	0	0	0	0	0	0	0	0	0	0	0	0	0	0	0	0	0	0	0	0	0	0	0	1
//	63043	1	0	북미복권_드래곤나이트	158331	1	69DDA0	42024	159330	0	0	34076	39999	0	20029	0	911	0	Null	0	Null	0	0	0	0	1	0	0	0	0	0	0	0	2	63	255	0	0	0	0	0	0	0	0	0	0	0	0	0	0	0	0	0	0	0	0	0	0	0	0	0	0	0	0	0	1	1	1	1	1	1	1	1	99	0	0	0	0	0	0	0	0	0	0	0	0	0	0	0	0	0	0	0	0	0	0	0	0	0	0	0	0	0	0	0	0	0	0	0	0	0	0	0	0	0	0	0	0	0	1	0	0	0	0	0	0	0	0	0	0	0	0	0	101	0	0	0	0	0	0	0	0	0	0	0	0	0	0	0	0	0	0	0	0	0	0	0	0	0	0	0	0	0	0	0	0	0	0	1
//	63044	1	0	북미복권_발키리	158332	1	69DDA0	42024	159330	0	0	34076	39999	0	20029	0	911	0	Null	0	Null	0	0	0	0	1	0	0	0	0	0	0	0	2	63	255	0	0	0	0	0	0	0	0	0	0	0	0	0	0	0	0	0	0	0	0	0	0	0	0	0	0	0	0	0	1	1	1	1	1	1	1	1	99	0	0	0	0	0	0	0	0	0	0	0	0	0	0	0	0	0	0	0	0	0	0	0	0	0	0	0	0	0	0	0	0	0	0	0	0	0	0	0	0	0	0	0	0	0	1	0	0	0	0	0	0	0	0	0	0	0	0	0	102	0	0	0	0	0	0	0	0	0	0	0	0	0	0	0	0	0	0	0	0	0	0	0	0	0	0	0	0	0	0	0	0	0	0	1
//	63045	1	0	북미복권_엘리멘탈리스트	158333	1	69DDA0	42024	159330	0	0	34076	39999	0	20029	0	911	0	Null	0	Null	0	0	0	0	1	0	0	0	0	0	0	0	2	63	255	0	0	0	0	0	0	0	0	0	0	0	0	0	0	0	0	0	0	0	0	0	0	0	0	0	0	0	0	0	1	1	1	1	1	1	1	1	99	0	0	0	0	0	0	0	0	0	0	0	0	0	0	0	0	0	0	0	0	0	0	0	0	0	0	0	0	0	0	0	0	0	0	0	0	0	0	0	0	0	0	0	0	0	1	0	0	0	0	0	0	0	0	0	0	0	0	0	103	0	0	0	0	0	0	0	0	0	0	0	0	0	0	0	0	0	0	0	0	0	0	0	0	0	0	0	0	0	0	0	0	0	0	1
	63046	1	0	볓빛상자	47325	1	69DDA0	42024	48324	0	0	34100	39999	0	20029	0	911	0	Null	0	Null	0	0	0	0	1	0	0	0	0	0	0	0	2	63	255	0	0	0	0	0	0	0	0	0	0	0	0	0	0	0	0	0	0	0	0	0	0	0	0	0	0	0	0	0	1	1	1	1	1	1	1	1	99	0	0	0	0	0	0	0	0	0	0	0	0	0	0	0	0	0	0	0	0	0	0	0	0	0	0	0	0	0	0	0	0	0	0	0	0	0	0	0	0	0	0	0	0	0	1	0	0	0	0	0	0	0	0	0	0	0	0	0	104	0	0	0	0	0	0	0	0	0	0	0	0	0	0	0	0	0	0	0	0	0	0	0	0	0	0	0	0	0	0	0	0	0	0	1	
	63047	1	0	달빛상자	47324	1	69DDA0	42024	48324	0	0	34101	39999	0	20029	0	911	0	Null	0	Null	0	0	0	0	1	0	0	0	0	0	0	0	2	63	255	0	0	0	0	0	0	0	0	0	0	0	0	0	0	0	0	0	0	0	0	0	0	0	0	0	0	0	0	0	1	1	1	1	1	1	1	1	99	0	0	0	0	0	0	0	0	0	0	0	0	0	0	0	0	0	0	0	0	0	0	0	0	0	0	0	0	0	0	0	0	0	0	0	0	0	0	0	0	0	0	0	0	0	1	0	0	0	0	0	0	0	0	0	0	0	0	0	105	0	0	0	0	0	0	0	0	0	0	0	0	0	0	0	0	0	0	0	0	0	0	0	0	0	0	0	0	0	0	0	0	0	0	1	
	63048	1	0	BoxofWonder(10WCoin)_글로벌복권	158365	1	69DDA0	42024	48309	0	0	34076	39999	0	20029	0	911	0	Null	0	Null	0	0	0	0	1	0	0	0	0	0	0	0	2	455	255	0	0	0	0	0	0	0	0	0	0	0	0	0	0	0	0	0	0	0	0	0	0	0	0	0	0	0	0	0	1	1	1	1	1	1	1	1	99	0	0	0	0	0	0	0	0	0	0	0	0	0	0	0	0	0	0	0	0	0	0	0	0	0	0	0	0	0	0	0	0	0	0	0	0	0	0	0	0	0	0	0	0	0	1	0	0	0	0	0	0	0	0	0	0	0	0	0	87	0	0	0	0	0	0	0	0	0	0	0	0	0	0	0	0	0	0	0	0	0	0	0	0	0	0	0	0	0	0	0	0	0	0	1	
	63049	1	0	BoxofWonder(100WCoin)_글로벌복권	158366	1	69DDA0	42024	48309	0	0	34076	39999	0	20029	0	911	0	Null	0	Null	0	0	0	0	1	0	0	0	0	0	0	0	2	455	255	0	0	0	0	0	0	0	0	0	0	0	0	0	0	0	0	0	0	0	0	0	0	0	0	0	0	0	0	0	1	1	1	1	1	1	1	1	99	0	0	0	0	0	0	0	0	0	0	0	0	0	0	0	0	0	0	0	0	0	0	0	0	0	0	0	0	0	0	0	0	0	0	0	0	0	0	0	0	0	0	0	0	0	1	0	0	0	0	0	0	0	0	0	0	0	0	0	88	0	0	0	0	0	0	0	0	0	0	0	0	0	0	0	0	0	0	0	0	0	0	0	0	0	0	0	0	0	0	0	0	0	0	1	
	63050	1	0	BoxofWonder(50WCoin)_글로벌복권	158367	1	69DDA0	42024	48309	0	0	34076	39999	0	20029	0	911	0	Null	0	Null	0	0	0	0	1	0	0	0	0	0	0	0	2	455	255	0	0	0	0	0	0	0	0	0	0	0	0	0	0	0	0	0	0	0	0	0	0	0	0	0	0	0	0	0	1	1	1	1	1	1	1	1	99	0	0	0	0	0	0	0	0	0	0	0	0	0	0	0	0	0	0	0	0	0	0	0	0	0	0	0	0	0	0	0	0	0	0	0	0	0	0	0	0	0	0	0	0	0	1	0	0	0	0	0	0	0	0	0	0	0	0	0	88	0	0	0	0	0	0	0	0	0	0	0	0	0	0	0	0	0	0	0	0	0	0	0	0	0	0	0	0	0	0	0	0	0	0	1	
	63051	1	0	은빛상자2	47309	1	69DDA0	42024	48309	0	0	34076	39999	0	20029	0	911	0	Null	0	Null	0	0	0	0	1	0	0	0	0	0	0	0	2	63	255	0	0	0	0	0	0	0	0	0	0	0	0	0	0	0	0	0	0	0	0	0	0	0	0	0	0	0	0	0	1	1	1	1	1	1	1	1	99	0	0	0	0	0	0	0	0	0	0	0	0	0	0	0	0	0	0	0	0	0	0	0	0	0	0	0	0	0	0	0	0	0	0	0	0	0	0	0	0	0	0	0	0	0	1	0	0	0	0	0	0	0	0	0	0	0	0	0	121	0	0	0	0	0	0	0	0	0	0	0	0	0	0	0	0	0	0	0	0	0	0	0	0	0	0	0	0	0	0	0	0	0	0	1	
	63052	1	0	금빛상자2	47310	1	69DDA0	42024	48309	0	0	34077	39999	0	20029	0	911	0	Null	0	Null	0	0	0	0	1	0	0	0	0	0	0	0	2	63	255	0	0	0	0	0	0	0	0	0	0	0	0	0	0	0	0	0	0	0	0	0	0	0	0	0	0	0	0	0	1	1	1	1	1	1	1	1	99	0	0	0	0	0	0	0	0	0	0	0	0	0	0	0	0	0	0	0	0	0	0	0	0	0	0	0	0	0	0	0	0	0	0	0	0	0	0	0	0	0	0	0	0	0	1	0	0	0	0	0	0	0	0	0	0	0	0	0	122	0	0	0	0	0	0	0	0	0	0	0	0	0	0	0	0	0	0	0	0	0	0	0	0	0	0	0	0	0	0	0	0	0	0	1	
	63053	1	0	4차방어구_드나(7인챈)	158387	1	69DDA0	42024	48309	0	0	34076	39999	0	20029	0	911	0	Null	0	Null	0	0	0	0	1	0	0	0	0	0	0	0	2	455	255	0	0	0	0	0	0	0	0	0	0	0	0	0	0	0	0	0	0	0	0	0	0	0	0	0	0	0	0	0	1	1	1	1	1	1	1	1	99	0	0	0	0	0	0	0	0	0	0	0	0	0	0	0	0	0	0	0	0	0	0	0	0	0	0	0	0	0	0	0	0	0	0	0	0	0	0	0	0	0	0	0	0	0	1	0	0	0	0	0	0	0	0	0	0	0	0	0	109	0	0	0	0	0	0	0	0	0	0	0	0	0	0	0	0	0	0	0	0	0	0	0	0	0	0	0	0	0	0	0	0	0	0	1	
	63054	1	0	4차방어구_발키리(7인챈)	158388	1	69DDA0	42024	48309	0	0	34076	39999	0	20029	0	911	0	Null	0	Null	0	0	0	0	1	0	0	0	0	0	0	0	2	455	255	0	0	0	0	0	0	0	0	0	0	0	0	0	0	0	0	0	0	0	0	0	0	0	0	0	0	0	0	0	1	1	1	1	1	1	1	1	99	0	0	0	0	0	0	0	0	0	0	0	0	0	0	0	0	0	0	0	0	0	0	0	0	0	0	0	0	0	0	0	0	0	0	0	0	0	0	0	0	0	0	0	0	0	1	0	0	0	0	0	0	0	0	0	0	0	0	0	110	0	0	0	0	0	0	0	0	0	0	0	0	0	0	0	0	0	0	0	0	0	0	0	0	0	0	0	0	0	0	0	0	0	0	1	
	63055	1	0	4차방어구_엘리(7인챈)	158389	1	69DDA0	42024	48309	0	0	34076	39999	0	20029	0	911	0	Null	0	Null	0	0	0	0	1	0	0	0	0	0	0	0	2	455	255	0	0	0	0	0	0	0	0	0	0	0	0	0	0	0	0	0	0	0	0	0	0	0	0	0	0	0	0	0	1	1	1	1	1	1	1	1	99	0	0	0	0	0	0	0	0	0	0	0	0	0	0	0	0	0	0	0	0	0	0	0	0	0	0	0	0	0	0	0	0	0	0	0	0	0	0	0	0	0	0	0	0	0	1	0	0	0	0	0	0	0	0	0	0	0	0	0	111	0	0	0	0	0	0	0	0	0	0	0	0	0	0	0	0	0	0	0	0	0	0	0	0	0	0	0	0	0	0	0	0	0	0	1	
	63056	1	0	9차무기_버서커(7인챈)	158390	1	69DDA0	42024	48309	0	0	34076	39999	0	20029	0	911	0	Null	0	Null	0	0	0	0	1	0	0	0	0	0	0	0	2	455	255	0	0	0	0	0	0	0	0	0	0	0	0	0	0	0	0	0	0	0	0	0	0	0	0	0	0	0	0	0	1	1	1	1	1	1	1	1	99	0	0	0	0	0	0	0	0	0	0	0	0	0	0	0	0	0	0	0	0	0	0	0	0	0	0	0	0	0	0	0	0	0	0	0	0	0	0	0	0	0	0	0	0	0	1	0	0	0	0	0	0	0	0	0	0	0	0	0	112	0	0	0	0	0	0	0	0	0	0	0	0	0	0	0	0	0	0	0	0	0	0	0	0	0	0	0	0	0	0	0	0	0	0	1	
	63057	1	0	9차무기_드나(7인챈)	158391	1	69DDA0	42024	48309	0	0	34076	39999	0	20029	0	911	0	Null	0	Null	0	0	0	0	1	0	0	0	0	0	0	0	2	455	255	0	0	0	0	0	0	0	0	0	0	0	0	0	0	0	0	0	0	0	0	0	0	0	0	0	0	0	0	0	1	1	1	1	1	1	1	1	99	0	0	0	0	0	0	0	0	0	0	0	0	0	0	0	0	0	0	0	0	0	0	0	0	0	0	0	0	0	0	0	0	0	0	0	0	0	0	0	0	0	0	0	0	0	1	0	0	0	0	0	0	0	0	0	0	0	0	0	113	0	0	0	0	0	0	0	0	0	0	0	0	0	0	0	0	0	0	0	0	0	0	0	0	0	0	0	0	0	0	0	0	0	0	1	
	63058	1	0	9차무기_발키리(7인챈)	158392	1	69DDA0	42024	48309	0	0	34076	39999	0	20029	0	911	0	Null	0	Null	0	0	0	0	1	0	0	0	0	0	0	0	2	455	255	0	0	0	0	0	0	0	0	0	0	0	0	0	0	0	0	0	0	0	0	0	0	0	0	0	0	0	0	0	1	1	1	1	1	1	1	1	99	0	0	0	0	0	0	0	0	0	0	0	0	0	0	0	0	0	0	0	0	0	0	0	0	0	0	0	0	0	0	0	0	0	0	0	0	0	0	0	0	0	0	0	0	0	1	0	0	0	0	0	0	0	0	0	0	0	0	0	114	0	0	0	0	0	0	0	0	0	0	0	0	0	0	0	0	0	0	0	0	0	0	0	0	0	0	0	0	0	0	0	0	0	0	1	
	63059	1	0	9차무기_엘리(7인챈)	158393	1	69DDA0	42024	48309	0	0	34076	39999	0	20029	0	911	0	Null	0	Null	0	0	0	0	1	0	0	0	0	0	0	0	2	455	255	0	0	0	0	0	0	0	0	0	0	0	0	0	0	0	0	0	0	0	0	0	0	0	0	0	0	0	0	0	1	1	1	1	1	1	1	1	99	0	0	0	0	0	0	0	0	0	0	0	0	0	0	0	0	0	0	0	0	0	0	0	0	0	0	0	0	0	0	0	0	0	0	0	0	0	0	0	0	0	0	0	0	0	1	0	0	0	0	0	0	0	0	0	0	0	0	0	115	0	0	0	0	0	0	0	0	0	0	0	0	0	0	0	0	0	0	0	0	0	0	0	0	0	0	0	0	0	0	0	0	0	0	1	
//	63060	1	0	KalbusBoxofWonder(B)_글로벌복권	158394	1	69DDA0	42024	48309	0	0	34076	39999	0	20029	0	911	0	Null	0	Null	0	0	0	0	1	0	0	0	0	0	0	0	2	455	255	0	0	0	0	0	0	0	0	0	0	0	0	0	0	0	0	0	0	0	0	0	0	0	0	0	0	0	0	0	1	1	1	1	1	1	1	1	99	0	0	0	0	0	0	0	0	0	0	0	0	0	0	0	0	0	0	0	0	0	0	0	0	0	0	0	0	0	0	0	0	0	0	0	0	0	0	0	0	0	0	0	0	0	1	0	0	0	0	0	0	0	0	0	0	0	0	0	116	0	0	0	0	0	0	0	0	0	0	0	0	0	0	0	0	0	0	0	0	0	0	0	0	0	0	0	0	0	0	0	0	0	0	1
//	63061	1	0	KalbusBoxofWonder(D)_글로벌복권	158394	1	69DDA0	42024	48309	0	0	34076	39999	0	20029	0	911	0	Null	0	Null	0	0	0	0	1	0	0	0	0	0	0	0	2	455	255	0	0	0	0	0	0	0	0	0	0	0	0	0	0	0	0	0	0	0	0	0	0	0	0	0	0	0	0	0	1	1	1	1	1	1	1	1	99	0	0	0	0	0	0	0	0	0	0	0	0	0	0	0	0	0	0	0	0	0	0	0	0	0	0	0	0	0	0	0	0	0	0	0	0	0	0	0	0	0	0	0	0	0	1	0	0	0	0	0	0	0	0	0	0	0	0	0	117	0	0	0	0	0	0	0	0	0	0	0	0	0	0	0	0	0	0	0	0	0	0	0	0	0	0	0	0	0	0	0	0	0	0	1
//	63062	1	0	KalbusBoxofWonder(V)_글로벌복권	158394	1	69DDA0	42024	48309	0	0	34076	39999	0	20029	0	911	0	Null	0	Null	0	0	0	0	1	0	0	0	0	0	0	0	2	455	255	0	0	0	0	0	0	0	0	0	0	0	0	0	0	0	0	0	0	0	0	0	0	0	0	0	0	0	0	0	1	1	1	1	1	1	1	1	99	0	0	0	0	0	0	0	0	0	0	0	0	0	0	0	0	0	0	0	0	0	0	0	0	0	0	0	0	0	0	0	0	0	0	0	0	0	0	0	0	0	0	0	0	0	1	0	0	0	0	0	0	0	0	0	0	0	0	0	118	0	0	0	0	0	0	0	0	0	0	0	0	0	0	0	0	0	0	0	0	0	0	0	0	0	0	0	0	0	0	0	0	0	0	1
//	63063	1	0	KalbusBoxofWonder(E)_글로벌복권	158394	1	69DDA0	42024	48309	0	0	34076	39999	0	20029	0	911	0	Null	0	Null	0	0	0	0	1	0	0	0	0	0	0	0	2	455	255	0	0	0	0	0	0	0	0	0	0	0	0	0	0	0	0	0	0	0	0	0	0	0	0	0	0	0	0	0	1	1	1	1	1	1	1	1	99	0	0	0	0	0	0	0	0	0	0	0	0	0	0	0	0	0	0	0	0	0	0	0	0	0	0	0	0	0	0	0	0	0	0	0	0	0	0	0	0	0	0	0	0	0	1	0	0	0	0	0	0	0	0	0	0	0	0	0	119	0	0	0	0	0	0	0	0	0	0	0	0	0	0	0	0	0	0	0	0	0	0	0	0	0	0	0	0	0	0	0	0	0	0	1
	63064	1	0	볓빛상자2	47325	1	69DDA0	42024	48324	0	0	34100	39999	0	20029	0	911	0	Null	0	Null	0	0	0	0	1	0	0	0	0	0	0	0	2	63	255	0	0	0	0	0	0	0	0	0	0	0	0	0	0	0	0	0	0	0	0	0	0	0	0	0	0	0	0	0	1	1	1	1	1	1	1	1	99	0	0	0	0	0	0	0	0	0	0	0	0	0	0	0	0	0	0	0	0	0	0	0	0	0	0	0	0	0	0	0	0	0	0	0	0	0	0	0	0	0	0	0	0	0	1	0	0	0	0	0	0	0	0	0	0	0	0	0	126	0	0	0	0	0	0	0	0	0	0	0	0	0	0	0	0	0	0	0	0	0	0	0	0	0	0	0	0	0	0	0	0	0	0	1	
	63065	1	0	달빛상자2	47324	1	69DDA0	42024	48324	0	0	34101	39999	0	20029	0	911	0	Null	0	Null	0	0	0	0	1	0	0	0	0	0	0	0	2	63	255	0	0	0	0	0	0	0	0	0	0	0	0	0	0	0	0	0	0	0	0	0	0	0	0	0	0	0	0	0	1	1	1	1	1	1	1	1	99	0	0	0	0	0	0	0	0	0	0	0	0	0	0	0	0	0	0	0	0	0	0	0	0	0	0	0	0	0	0	0	0	0	0	0	0	0	0	0	0	0	0	0	0	0	1	0	0	0	0	0	0	0	0	0	0	0	0	0	127	0	0	0	0	0	0	0	0	0	0	0	0	0	0	0	0	0	0	0	0	0	0	0	0	0	0	0	0	0	0	0	0	0	0	1	
	63066	1	0	Christma_BOX(크리스마스박스)	45355	1	69DDA0	42024	48309	0	0	25051	39920	0	20029	0	911	0	Null	0	Null	0	0	0	0	1	0	0	0	0	0	0	0	2	455	255	0	0	0	0	0	0	0	0	0	0	0	0	0	0	0	0	0	0	0	0	0	0	0	0	0	0	0	0	0	1	1	1	1	1	1	1	1	99	0	0	0	0	0	0	0	0	0	0	0	0	0	0	0	0	0	0	0	0	0	0	0	0	0	0	0	0	0	0	0	0	0	0	0	0	0	0	0	0	0	0	0	0	0	1	0	0	0	0	0	0	0	0	0	0	0	0	0	120	0	0	0	0	0	0	0	0	0	0	0	0	0	0	0	0	0	0	0	0	0	0	0	0	0	0	0	0	0	0	0	0	0	0	1	
	63067	1	0	Click_BOX(출석체크박스)	158396	1	69DDA0	42024	48309	0	0	34076	39999	0	20029	0	911	0	Null	0	Null	0	0	0	0	1	0	0	0	0	0	0	0	2	487	255	0	0	0	0	0	0	0	0	0	0	0	0	0	0	0	0	0	0	0	0	0	0	0	0	0	0	0	0	0	1	1	1	1	1	1	1	1	99	0	0	0	0	0	0	0	0	0	0	0	0	0	0	0	0	0	0	0	0	0	0	0	0	0	0	0	0	0	0	0	0	0	0	0	0	0	0	0	0	0	0	0	0	0	1	0	0	0	0	0	0	0	0	0	0	0	0	0	121	0	0	0	0	0	0	0	0	0	0	0	0	0	0	0	0	0	0	0	0	0	0	0	0	0	0	0	0	0	0	0	0	0	0	1	
	63068	1	0	폭죽아이템_하트	47267	0	0	40008	48252	0	0	73535	39918	0	20031	0	20031	0	E290	0	Null	0	0	0	0	1	0	0	0	5000	5000	0	0	2	455	255	0	0	0	0	0	0	0	0	0	0	0	0	0	0	0	0	0	0	0	0	0	0	0	0	0	0	0	0	0	0	0	0	0	0	0	0	0	99	0	0	0	0	0	0	0	0	0	0	0	0	0	0	0	0	0	0	0	0	0	0	0	0	0	0	0	0	0	0	0	0	0	0	0	0	0	0	0	0	0	0	0	0	0	255	0	0	0	0	3	20	0	0	0	1	10000	0	0	0	0	0	0	0	0	0	0	0	0	0	0	0	0	0	0	0	0	0	0	0	0	0	0	0	0	0	0	0	0	0	0	0	0	0	0	
	63069	1	0	크리스마스트리_생명의나무효과	45357	0	0	40008	46357	0	0	25036	39918	0	993	0	911	0	Q025	1	Null	0	0	0	0	1	0	300000	0	0	0	0	0	2	455	255	0	0	0	0	0	0	0	0	0	0	0	0	0	0	0	0	0	0	0	0	0	0	0	0	0	0	0	0	0	1	1	1	1	1	1	1	1	99	0	0	0	0	0	0	0	0	0	0	0	0	0	0	0	0	0	0	0	0	0	0	0	0	0	0	0	0	0	0	0	0	0	0	0	0	0	0	0	0	0	0	0	0	0	255	0	0	0	0	3	10	0	0	0	0	0	0	0	0	65107	0	0	0	0	0	0	0	0	0	0	0	0	0	0	0	0	0	0	0	0	0	0	0	0	0	0	0	0	0	0	0	0	0	1	
	63070	1	0	화이트데이_사탕부츠_버서커	45433	0	0	35005	46433	4047	0	25090	39999	0	501	0	501	0	Null	0	Null	0	0	0	0	1	100	15000	1	600	600	0	0	1	4	121	0	0	0	0	0	0	0	0	0	0	0	0	0	0	0	0	0	0	0	0	0	4	0	0	0	0	0	0	0	1	0	0	0	0	0	0	0	5	0	0	0	0	0	0	0	0	0	0	0	0	0	0	0	0	0	0	0	0	0	0	0	0	0	0	0	0	0	0	0	0	0	0	0	0	0	0	0	0	0	0	0	0	0	1	0	0	0	0	0	0	0	0	0	0	0	0	0	0	0	0	0	0	0	0	0	0	0	0	0	0	0	0	0	0	0	0	0	0	0	0	0	0	0	0	0	0	0	0	0	0	1	0	0	
	63071	1	0	화이트데이_사탕부츠_드나	45434	0	0	35005	46433	4048	0	25090	39999	0	501	0	501	0	Null	0	Null	0	0	0	0	1	100	15000	1	600	600	0	0	1	4	121	0	0	0	0	0	0	0	0	0	0	0	0	0	0	0	0	0	0	0	0	0	4	0	0	0	0	0	0	0	0	1	0	0	0	0	0	0	5	0	0	0	0	0	0	0	0	0	0	0	0	0	0	0	0	0	0	0	0	0	0	0	0	0	0	0	0	0	0	0	0	0	0	0	0	0	0	0	0	0	0	0	0	0	1	0	0	0	0	0	0	0	0	0	0	0	0	0	0	0	0	0	0	0	0	0	0	0	0	0	0	0	0	0	0	0	0	0	0	0	0	0	0	0	0	0	0	0	0	0	0	1	0	0	
	63072	1	0	화이트데이_사탕부츠_발키리	45436	0	0	35005	46433	4050	0	25090	39999	0	501	0	501	0	Null	0	Null	0	0	0	0	1	100	15000	1	600	600	0	0	1	4	121	0	0	0	0	0	0	0	0	0	0	0	0	0	0	0	0	0	0	0	0	0	4	0	0	0	0	0	0	0	0	0	0	1	0	0	0	0	5	0	0	0	0	0	0	0	0	0	0	0	0	0	0	0	0	0	0	0	0	0	0	0	0	0	0	0	0	0	0	0	0	0	0	0	0	0	0	0	0	0	0	0	0	0	1	0	0	0	0	0	0	0	0	0	0	0	0	0	0	0	0	0	0	0	0	0	0	0	0	0	0	0	0	0	0	0	0	0	0	0	0	0	0	0	0	0	0	0	0	0	0	1	0	0	
	63073	1	0	화이트데이_사탕부츠_엘리	45437	0	0	35005	46433	4051	0	25090	39999	0	501	0	501	0	Null	0	Null	0	0	0	0	1	100	15000	1	600	600	0	0	1	4	121	0	0	0	0	0	0	0	0	0	0	0	0	0	0	0	0	0	0	0	0	0	4	0	0	0	0	0	0	0	0	0	0	0	1	0	0	0	5	0	0	0	0	0	0	0	0	0	0	0	0	0	0	0	0	0	0	0	0	0	0	0	0	0	0	0	0	0	0	0	0	0	0	0	0	0	0	0	0	0	0	0	0	0	1	0	0	0	0	0	0	0	0	0	0	0	0	0	0	0	0	0	0	0	0	0	0	0	0	0	0	0	0	0	0	0	0	0	0	0	0	0	0	0	0	0	0	0	0	0	0	1	0	0	
	63074	1	0	은빛상자2	47309	1	69DDA0	42024	48309	0	0	34076	39999	0	20029	0	911	0	Null	0	Null	0	0	0	0	1	0	0	0	0	0	0	0	2	63	255	0	0	0	0	0	0	0	0	0	0	0	0	0	0	0	0	0	0	0	0	0	0	0	0	0	0	0	0	0	1	1	1	1	1	1	1	1	99	0	0	0	0	0	0	0	0	0	0	0	0	0	0	0	0	0	0	0	0	0	0	0	0	0	0	0	0	0	0	0	0	0	0	0	0	0	0	0	0	0	0	0	0	0	1	0	0	0	0	0	0	0	0	0	0	0	0	0	128	0	0	0	0	0	0	0	0	0	0	0	0	0	0	0	0	0	0	0	0	0	0	0	0	0	0	0	0	0	0	0	0	0	0	1	
	63075	1	0	금빛상자2	47310	1	69DDA0	42024	48309	0	0	34077	39999	0	20029	0	911	0	Null	0	Null	0	0	0	0	1	0	0	0	0	0	0	0	2	63	255	0	0	0	0	0	0	0	0	0	0	0	0	0	0	0	0	0	0	0	0	0	0	0	0	0	0	0	0	0	1	1	1	1	1	1	1	1	99	0	0	0	0	0	0	0	0	0	0	0	0	0	0	0	0	0	0	0	0	0	0	0	0	0	0	0	0	0	0	0	0	0	0	0	0	0	0	0	0	0	0	0	0	0	1	0	0	0	0	0	0	0	0	0	0	0	0	0	129	0	0	0	0	0	0	0	0	0	0	0	0	0	0	0	0	0	0	0	0	0	0	0	0	0	0	0	0	0	0	0	0	0	0	1	
	63076	1	0	BoxofWonder_Set1_글로벌복권	158398	1	69DDA0	42024	48309	0	0	34076	39999	0	20029	0	911	0	Null	0	Null	0	0	0	0	1	0	0	0	0	0	0	0	2	455	255	0	0	0	0	0	0	0	0	0	0	0	0	0	0	0	0	0	0	0	0	0	0	0	0	0	0	0	0	0	1	1	1	1	1	1	1	1	99	0	0	0	0	0	0	0	0	0	0	0	0	0	0	0	0	0	0	0	0	0	0	0	0	0	0	0	0	0	0	0	0	0	0	0	0	0	0	0	0	0	0	0	0	0	1	0	0	0	0	0	0	0	0	0	0	0	0	0	134	0	0	0	0	0	0	0	0	0	0	0	0	0	0	0	0	0	0	0	0	0	0	0	0	0	0	0	0	0	0	0	0	0	0	1	
	63077	1	0	BoxofWonder_Set2_글로벌복권	158399	1	69DDA0	42024	48309	0	0	34076	39999	0	20029	0	911	0	Null	0	Null	0	0	0	0	1	0	0	0	0	0	0	0	2	455	255	0	0	0	0	0	0	0	0	0	0	0	0	0	0	0	0	0	0	0	0	0	0	0	0	0	0	0	0	0	1	1	1	1	1	1	1	1	99	0	0	0	0	0	0	0	0	0	0	0	0	0	0	0	0	0	0	0	0	0	0	0	0	0	0	0	0	0	0	0	0	0	0	0	0	0	0	0	0	0	0	0	0	0	1	0	0	0	0	0	0	0	0	0	0	0	0	0	135	0	0	0	0	0	0	0	0	0	0	0	0	0	0	0	0	0	0	0	0	0	0	0	0	0	0	0	0	0	0	0	0	0	0	1	
//	63078	1	1	리오카니발이벤트_기간제(7일)_버서커	45517	0	69DDA0	35003	46538	4062	0	25127	39999	0	301	0	301	0	Null	0	Null	0	0	0	0	1	100	15000	1	0	0	0	0	1	455	255	0	0	0	0	0	0	0	0	0	0	0	0	0	0	0	0	0	0	0	0	0	1	0	0	0	0	0	0	0	1	0	0	0	0	0	0	0	3	0	0	0	0	0	0	0	0	0	0	0	0	0	0	0	0	0	0	0	0	0	0	0	0	0	0	0	0	0	0	0	0	0	0	0	0	0	0	0	0	0	1	1	0	0	1	0	0	0	0	0	0	0	0	0	0	0	0	0	0	0	0	0	0	0	0	0	0	0	0	0	0	0	0	0	0	126	111	0	0	0	0	0	0	0	0	0	0	0	0	0	0	0	0	
//	63079	1	1	리오카니발이벤트_기간제(7일)_드나	45518	0	69DDA0	35003	46538	4063	0	25127	39999	0	301	0	301	0	Null	0	Null	0	0	0	0	1	100	15000	1	0	0	0	0	1	455	255	0	0	0	0	0	0	0	0	0	0	0	0	0	0	0	0	0	0	0	0	0	2	0	0	0	0	0	0	0	0	1	0	0	0	0	0	0	3	0	0	0	0	0	0	0	0	0	0	0	0	0	0	0	0	0	0	0	0	0	0	0	0	0	0	0	0	0	0	0	0	0	0	0	0	0	0	0	0	0	2	2	0	0	1	0	0	0	0	0	0	0	0	0	0	0	0	0	0	0	0	0	0	0	0	0	0	0	0	0	0	0	0	0	0	110	141	0	0	0	0	0	0	0	0	0	0	0	0	0	0	0	0	
//	63080	1	1	리오카니발이벤트_기간제(7일)_쉐도우	45519	0	69DDA0	35003	46538	4064	0	25127	39999	0	301	0	301	0	Null	0	Null	0	0	0	0	1	100	15000	1	0	0	0	0	1	455	255	0	0	0	0	0	0	0	0	0	0	0	0	0	0	0	0	0	0	0	0	0	2	0	0	0	0	0	0	0	0	0	1	0	0	0	0	0	3	0	0	0	0	0	0	0	0	0	0	0	0	0	0	0	0	0	0	0	0	0	0	0	0	0	0	0	0	0	0	0	0	0	0	0	0	0	0	0	0	0	3	3	0	0	1	0	0	0	0	0	0	0	0	0	0	0	0	0	0	0	0	0	0	0	0	0	0	0	0	0	0	0	0	0	0	109	181	0	0	0	0	0	0	0	0	0	0	0	0	0	0	0	0	
//	63081	1	1	리오카니발이벤트_기간제(7일)_발키리	45520	0	69DDA0	35003	46538	4065	0	25127	39999	0	301	0	301	0	Null	0	Null	0	0	0	0	1	100	15000	1	0	0	0	0	1	455	255	0	0	0	0	0	0	0	0	0	0	0	0	0	0	0	0	0	0	0	0	0	2	0	0	0	0	0	0	0	0	0	0	1	0	0	0	0	3	0	0	0	0	0	0	0	0	0	0	0	0	0	0	0	0	0	0	0	0	0	0	0	0	0	0	0	0	0	0	0	0	0	0	0	0	0	0	0	0	0	3	3	0	0	1	0	0	0	0	0	0	0	0	0	0	0	0	0	0	0	0	0	0	0	0	0	0	0	0	0	0	0	0	0	0	106	166	0	0	0	0	0	0	0	0	0	0	0	0	0	0	0	0	
//	63082	1	1	리오카니발이벤트_기간제(7일)_엘리	45521	0	69DDA0	35003	46538	4066	0	25127	39999	0	301	0	301	0	Null	0	Null	0	0	0	0	1	100	15000	1	0	0	0	0	1	455	255	0	0	0	0	0	0	0	0	0	0	0	0	0	0	0	0	0	0	0	0	0	3	0	0	0	0	0	0	0	0	0	0	0	1	0	0	0	3	0	0	0	0	0	0	0	0	0	0	0	0	0	0	0	0	0	0	0	0	0	0	0	0	0	0	0	0	0	0	0	0	0	0	0	0	0	0	0	0	0	0	0	0	0	1	0	0	0	0	0	0	0	0	0	0	0	0	0	0	0	0	0	0	0	0	0	0	0	0	0	0	0	0	0	0	100	193	0	0	0	0	0	0	0	0	0	0	0	0	0	0	0	0	
	63083	1	0	[PC방]생명의나무	158401	1	69DDA0	40008	158402	0	0	73512	39918	0	993	0	911	0	Q025	1	Null	0	0	0	0	1	0	300000	0	0	0	0	0	2	295	255	0	0	0	0	0	0	0	0	0	0	0	0	0	0	0	0	0	0	0	0	0	0	0	0	0	0	0	0	0	1	1	1	1	1	1	1	1	99	0	0	0	0	0	0	0	0	0	0	0	0	0	0	0	0	0	0	0	0	0	0	0	0	0	0	0	0	0	0	0	0	0	0	0	0	0	0	0	0	0	0	0	0	0	1	0	0	0	0	3	10	0	0	0	0	0	0	0	0	65433	0	0	0	0	0	0	0	0	0	0	0	0	0	0	0	0	0	0	0	0	0	0	0	0	0	0	0	0	0	0	0	0	0	1	
//	63084	1	0	PlatinumBox(B)_글로벌복권	158405	1	69DDA0	42024	48309	0	0	34077	39999	0	20029	0	911	0	Null	0	Null	0	0	0	0	1	0	0	0	0	0	0	0	2	0	255	0	0	0	0	0	0	0	0	0	0	0	0	0	0	0	0	0	0	0	0	0	0	0	0	0	0	0	0	0	1	1	1	1	1	1	1	1	99	0	0	0	0	0	0	0	0	0	0	0	0	0	0	0	0	0	0	0	0	0	0	0	0	0	0	0	0	0	0	0	0	0	0	0	0	0	0	0	0	0	0	0	0	0	1	0	0	0	0	0	0	0	0	0	0	0	0	0	155	0	0	0	0	0	0	0	0	0	0	0	0	0	0	0	0	0	0	0	0	0	0	0	0	0	0	0	0	0	0	0	0	0	0	1
//	63085	1	0	PlatinumBox(D)_글로벌복권	158406	1	69DDA0	42024	48309	0	0	34077	39999	0	20029	0	911	0	Null	0	Null	0	0	0	0	1	0	0	0	0	0	0	0	2	0	255	0	0	0	0	0	0	0	0	0	0	0	0	0	0	0	0	0	0	0	0	0	0	0	0	0	0	0	0	0	1	1	1	1	1	1	1	1	99	0	0	0	0	0	0	0	0	0	0	0	0	0	0	0	0	0	0	0	0	0	0	0	0	0	0	0	0	0	0	0	0	0	0	0	0	0	0	0	0	0	0	0	0	0	1	0	0	0	0	0	0	0	0	0	0	0	0	0	156	0	0	0	0	0	0	0	0	0	0	0	0	0	0	0	0	0	0	0	0	0	0	0	0	0	0	0	0	0	0	0	0	0	0	1
//	63086	1	0	PlatinumBox(V)_글로벌복권	158407	1	69DDA0	42024	48309	0	0	34077	39999	0	20029	0	911	0	Null	0	Null	0	0	0	0	1	0	0	0	0	0	0	0	2	0	255	0	0	0	0	0	0	0	0	0	0	0	0	0	0	0	0	0	0	0	0	0	0	0	0	0	0	0	0	0	1	1	1	1	1	1	1	1	99	0	0	0	0	0	0	0	0	0	0	0	0	0	0	0	0	0	0	0	0	0	0	0	0	0	0	0	0	0	0	0	0	0	0	0	0	0	0	0	0	0	0	0	0	0	1	0	0	0	0	0	0	0	0	0	0	0	0	0	157	0	0	0	0	0	0	0	0	0	0	0	0	0	0	0	0	0	0	0	0	0	0	0	0	0	0	0	0	0	0	0	0	0	0	1
//	63087	1	0	PlatinumBox(E)_글로벌복권	158408	1	69DDA0	42024	48309	0	0	34077	39999	0	20029	0	911	0	Null	0	Null	0	0	0	0	1	0	0	0	0	0	0	0	2	0	255	0	0	0	0	0	0	0	0	0	0	0	0	0	0	0	0	0	0	0	0	0	0	0	0	0	0	0	0	0	1	1	1	1	1	1	1	1	99	0	0	0	0	0	0	0	0	0	0	0	0	0	0	0	0	0	0	0	0	0	0	0	0	0	0	0	0	0	0	0	0	0	0	0	0	0	0	0	0	0	0	0	0	0	1	0	0	0	0	0	0	0	0	0	0	0	0	0	158	0	0	0	0	0	0	0	0	0	0	0	0	0	0	0	0	0	0	0	0	0	0	0	0	0	0	0	0	0	0	0	0	0	0	1
//	63088	1	0	GolenBox(B)_글로벌복권	158409	1	69DDA0	42024	48309	0	0	34077	39999	0	20029	0	911	0	Null	0	Null	0	0	0	0	1	0	0	0	0	0	0	0	2	0	255	0	0	0	0	0	0	0	0	0	0	0	0	0	0	0	0	0	0	0	0	0	0	0	0	0	0	0	0	0	1	1	1	1	1	1	1	1	99	0	0	0	0	0	0	0	0	0	0	0	0	0	0	0	0	0	0	0	0	0	0	0	0	0	0	0	0	0	0	0	0	0	0	0	0	0	0	0	0	0	0	0	0	0	1	0	0	0	0	0	0	0	0	0	0	0	0	0	159	0	0	0	0	0	0	0	0	0	0	0	0	0	0	0	0	0	0	0	0	0	0	0	0	0	0	0	0	0	0	0	0	0	0	1
//	63089	1	0	GolenBox(D)_글로벌복권	158410	1	69DDA0	42024	48309	0	0	34077	39999	0	20029	0	911	0	Null	0	Null	0	0	0	0	1	0	0	0	0	0	0	0	2	0	255	0	0	0	0	0	0	0	0	0	0	0	0	0	0	0	0	0	0	0	0	0	0	0	0	0	0	0	0	0	1	1	1	1	1	1	1	1	99	0	0	0	0	0	0	0	0	0	0	0	0	0	0	0	0	0	0	0	0	0	0	0	0	0	0	0	0	0	0	0	0	0	0	0	0	0	0	0	0	0	0	0	0	0	1	0	0	0	0	0	0	0	0	0	0	0	0	0	160	0	0	0	0	0	0	0	0	0	0	0	0	0	0	0	0	0	0	0	0	0	0	0	0	0	0	0	0	0	0	0	0	0	0	1
//	63090	1	0	GolenBox(V)_글로벌복권	158411	1	69DDA0	42024	48309	0	0	34077	39999	0	20029	0	911	0	Null	0	Null	0	0	0	0	1	0	0	0	0	0	0	0	2	0	255	0	0	0	0	0	0	0	0	0	0	0	0	0	0	0	0	0	0	0	0	0	0	0	0	0	0	0	0	0	1	1	1	1	1	1	1	1	99	0	0	0	0	0	0	0	0	0	0	0	0	0	0	0	0	0	0	0	0	0	0	0	0	0	0	0	0	0	0	0	0	0	0	0	0	0	0	0	0	0	0	0	0	0	1	0	0	0	0	0	0	0	0	0	0	0	0	0	161	0	0	0	0	0	0	0	0	0	0	0	0	0	0	0	0	0	0	0	0	0	0	0	0	0	0	0	0	0	0	0	0	0	0	1
//	63091	1	0	GolenBox(E)_글로벌복권	158412	1	69DDA0	42024	48309	0	0	34077	39999	0	20029	0	911	0	Null	0	Null	0	0	0	0	1	0	0	0	0	0	0	0	2	0	255	0	0	0	0	0	0	0	0	0	0	0	0	0	0	0	0	0	0	0	0	0	0	0	0	0	0	0	0	0	1	1	1	1	1	1	1	1	99	0	0	0	0	0	0	0	0	0	0	0	0	0	0	0	0	0	0	0	0	0	0	0	0	0	0	0	0	0	0	0	0	0	0	0	0	0	0	0	0	0	0	0	0	0	1	0	0	0	0	0	0	0	0	0	0	0	0	0	162	0	0	0	0	0	0	0	0	0	0	0	0	0	0	0	0	0	0	0	0	0	0	0	0	0	0	0	0	0	0	0	0	0	0	1
	63092	1	0	달쏭큐브	47357	1	69DDA0	42024	48324	0	0	34114	39999	0	20029	0	911	0	Null	0	Null	0	0	0	0	1	0	0	0	0	0	0	0	2	63	255	0	0	0	0	0	0	0	0	0	0	0	0	0	0	0	0	0	0	0	0	0	0	0	0	0	0	0	0	0	1	1	1	1	1	1	1	1	99	0	0	0	0	0	0	0	0	0	0	0	0	0	0	0	0	0	0	0	0	0	0	0	0	0	0	0	0	0	0	0	0	0	0	0	0	0	0	0	0	0	0	0	0	0	1	0	0	0	0	0	0	0	0	0	0	0	0	0	166	0	0	0	0	0	0	0	0	0	0	0	0	0	0	0	0	0	0	0	0	0	0	0	0	0	0	0	0	0	0	0	0	0	0	1	
	63093	1	0	알쏭큐브	47356	1	69DDA0	42024	48324	0	0	34113	39999	0	20029	0	911	0	Null	0	Null	0	0	0	0	1	0	0	0	0	0	0	0	2	63	255	0	0	0	0	0	0	0	0	0	0	0	0	0	0	0	0	0	0	0	0	0	0	0	0	0	0	0	0	0	1	1	1	1	1	1	1	1	99	0	0	0	0	0	0	0	0	0	0	0	0	0	0	0	0	0	0	0	0	0	0	0	0	0	0	0	0	0	0	0	0	0	0	0	0	0	0	0	0	0	0	0	0	0	1	0	0	0	0	0	0	0	0	0	0	0	0	0	167	0	0	0	0	0	0	0	0	0	0	0	0	0	0	0	0	0	0	0	0	0	0	0	0	0	0	0	0	0	0	0	0	0	0	1	
	63094	1	0	흰색오크피그세트	47353	1	69DDA0	42024	48324	0	0	34100	39999	0	20029	0	911	0	Null	0	Null	0	0	0	0	1	0	0	0	0	0	0	0	2	63	255	0	0	0	0	0	0	0	0	0	0	0	0	0	0	0	0	0	0	0	0	0	0	0	0	0	0	0	0	0	1	1	1	1	1	1	1	1	99	0	0	0	0	0	0	0	0	0	0	0	0	0	0	0	0	0	0	0	0	0	0	0	0	0	0	0	0	0	0	0	0	0	0	0	0	0	0	0	0	0	0	0	0	0	1	0	0	0	0	0	0	0	0	0	0	0	0	0	163	0	0	0	0	0	0	0	0	0	0	0	0	0	0	0	0	0	0	0	0	0	0	0	0	0	0	0	0	0	0	0	0	0	0	1	
	63095	1	0	검정오크피그세트	47354	1	69DDA0	42024	48324	0	0	34100	39999	0	20029	0	911	0	Null	0	Null	0	0	0	0	1	0	0	0	0	0	0	0	2	63	255	0	0	0	0	0	0	0	0	0	0	0	0	0	0	0	0	0	0	0	0	0	0	0	0	0	0	0	0	0	1	1	1	1	1	1	1	1	99	0	0	0	0	0	0	0	0	0	0	0	0	0	0	0	0	0	0	0	0	0	0	0	0	0	0	0	0	0	0	0	0	0	0	0	0	0	0	0	0	0	0	0	0	0	1	0	0	0	0	0	0	0	0	0	0	0	0	0	164	0	0	0	0	0	0	0	0	0	0	0	0	0	0	0	0	0	0	0	0	0	0	0	0	0	0	0	0	0	0	0	0	0	0	1	
	63096	1	0	오크피그세트	47355	1	69DDA0	42024	48324	0	0	34101	39999	0	20029	0	911	0	Null	0	Null	0	0	0	0	1	0	0	0	0	0	0	0	2	63	255	0	0	0	0	0	0	0	0	0	0	0	0	0	0	0	0	0	0	0	0	0	0	0	0	0	0	0	0	0	1	1	1	1	1	1	1	1	99	0	0	0	0	0	0	0	0	0	0	0	0	0	0	0	0	0	0	0	0	0	0	0	0	0	0	0	0	0	0	0	0	0	0	0	0	0	0	0	0	0	0	0	0	0	1	0	0	0	0	0	0	0	0	0	0	0	0	0	165	0	0	0	0	0	0	0	0	0	0	0	0	0	0	0	0	0	0	0	0	0	0	0	0	0	0	0	0	0	0	0	0	0	0	1	
	63097	1	0	작은알_국내7차복권(100)	47383	1	69DDA0	42024	48383	0	0	34134	39999	0	20029	0	911	0	Null	0	Null	0	0	0	0	1	0	0	0	0	0	0	0	2	63	255	0	0	0	0	0	0	0	0	0	0	0	0	0	0	0	0	0	0	0	0	0	0	0	0	0	0	0	0	0	1	1	1	1	1	1	1	1	99	0	0	0	0	0	0	0	0	0	0	0	0	0	0	0	0	0	0	0	0	0	0	0	0	0	0	0	0	0	0	0	0	0	0	0	0	0	0	0	0	0	0	0	0	0	1	0	0	0	0	0	0	0	0	0	0	0	0	0	184	0	0	0	0	0	0	0	0	0	0	0	0	0	0	0	0	0	0	0	0	0	0	0	0	0	0	0	0	0	0	0	0	0	0	1	
	63098	1	0	큰알_국내7차복권(1000)	47384	1	69DDA0	42024	48383	0	0	34135	39999	0	20029	0	911	0	Null	0	Null	0	0	0	0	1	0	0	0	0	0	0	0	2	63	255	0	0	0	0	0	0	0	0	0	0	0	0	0	0	0	0	0	0	0	0	0	0	0	0	0	0	0	0	0	1	1	1	1	1	1	1	1	99	0	0	0	0	0	0	0	0	0	0	0	0	0	0	0	0	0	0	0	0	0	0	0	0	0	0	0	0	0	0	0	0	0	0	0	0	0	0	0	0	0	0	0	0	0	1	0	0	0	0	0	0	0	0	0	0	0	0	0	185	0	0	0	0	0	0	0	0	0	0	0	0	0	0	0	0	0	0	0	0	0	0	0	0	0	0	0	0	0	0	0	0	0	0	1	
	63099	1	0	작은알_국내8차복권(100)	47325	1	69DDA0	42024	48324	0	0	34100	39999	0	20029	0	911	0	Null	0	Null	0	0	0	0	1	0	0	0	0	0	0	0	2	63	255	0	0	0	0	0	0	0	0	0	0	0	0	0	0	0	0	0	0	0	0	0	0	0	0	0	0	0	0	0	1	1	1	1	1	1	1	1	99	0	0	0	0	0	0	0	0	0	0	0	0	0	0	0	0	0	0	0	0	0	0	0	0	0	0	0	0	0	0	0	0	0	0	0	0	0	0	0	0	0	0	0	0	0	1	0	0	0	0	0	0	0	0	0	0	0	0	0	195	0	0	0	0	0	0	0	0	0	0	0	0	0	0	0	0	0	0	0	0	0	0	0	0	0	0	0	0	0	0	0	0	0	0	1	
	63100	1	0	큰알_국내8차복권(1000)	47324	1	69DDA0	42024	48324	0	0	34101	39999	0	20029	0	911	0	Null	0	Null	0	0	0	0	1	0	0	0	0	0	0	0	2	63	255	0	0	0	0	0	0	0	0	0	0	0	0	0	0	0	0	0	0	0	0	0	0	0	0	0	0	0	0	0	1	1	1	1	1	1	1	1	99	0	0	0	0	0	0	0	0	0	0	0	0	0	0	0	0	0	0	0	0	0	0	0	0	0	0	0	0	0	0	0	0	0	0	0	0	0	0	0	0	0	0	0	0	0	1	0	0	0	0	0	0	0	0	0	0	0	0	0	196	0	0	0	0	0	0	0	0	0	0	0	0	0	0	0	0	0	0	0	0	0	0	0	0	0	0	0	0	0	0	0	0	0	0	1	
//	63111	1	0	헤어변경권(초기화권)	2131	1	69DDA0	42024	0	0	0	25144	39918	0	20049	0	911	0	Null	0	Null	0	0	0	0	1	0	0	0	0	0	0	0	2	6	255	0	1	0	0	0	0	0	0	0	0	0	0	0	0	0	0	0	0	0	0	0	0	0	0	0	0	0	0	0	1	1	1	1	1	1	1	1	99	0	0	0	0	0	0	0	0	0	0	0	0	0	0	0	0	0	0	0	0	0	0	0	0	0	0	0	0	0	0	0	0	0	0	0	0	0	0	0	0	0	0	0	0	0	1	0	0	0	0	0	0	0	0	0	0	0	0	0	0	0	0	0	0	0	0	0	0	0	0	0	0	0	0	0	0	0	0	0	0	0	0	0	0	0	0	0	0	0	0	0	0	0	0	1
//	63112	1	0	얼굴변경권(초기화권)	2130	1	69DDA0	42024	0	0	0	25145	39918	0	20048	0	911	0	Null	0	Null	0	0	0	0	1	0	0	0	0	0	0	0	2	6	255	0	0	0	0	0	0	0	0	0	0	0	0	0	0	0	0	0	0	0	0	0	0	0	0	0	0	0	0	0	1	1	1	1	1	1	1	1	99	0	0	0	0	0	0	0	0	0	0	0	0	0	0	0	0	0	0	0	0	0	0	0	0	0	0	0	0	0	0	0	0	0	0	0	0	0	0	0	0	0	0	0	0	0	1	0	0	0	0	0	0	0	0	0	0	0	0	0	0	0	0	0	0	0	0	0	0	0	0	0	0	0	0	0	0	0	0	0	0	0	0	0	0	0	0	0	0	0	0	0	0	0	0	1
	63113	1	0	기본외형변경권	2132	1	69DDA0	42024	2229	0	0	25143	39918	0	20047	0	911	0	Null	0	Null	0	0	0	0	1	0	0	0	0	0	0	0	2	6	255	0	0	0	0	0	0	0	0	0	0	0	0	0	0	0	0	0	0	0	0	0	0	0	0	0	0	0	0	0	1	1	1	1	1	1	1	1	99	0	0	0	0	0	0	0	0	0	0	0	0	0	0	0	0	0	0	0	0	0	0	0	0	0	0	0	0	0	0	0	0	0	0	0	0	0	0	0	0	0	0	0	0	0	1	0	0	0	0	0	0	0	0	0	0	0	0	0	0	0	0	0	0	0	0	0	0	0	0	0	0	0	0	0	0	0	0	0	0	0	0	0	0	0	0	0	0	0	0	0	0	0	0	1	
	63121	1	0	헤어1(버서커)[낱개]	2218	1	69DDA0	42024	2219	0	0	25133	39918	0	20049	0	911	0	Null	0	Null	0	0	0	0	1	0	0	0	0	0	0	0	2	6	255	0	0	0	0	0	0	0	0	0	0	0	0	0	0	0	0	0	0	0	0	0	0	0	0	0	0	0	0	0	1	0	0	0	0	0	0	0	99	0	0	0	0	0	0	0	0	0	0	0	0	0	0	0	0	0	0	0	0	0	0	0	0	0	0	0	0	0	0	0	0	0	0	0	0	0	0	0	0	0	0	0	0	0	1	0	0	0	0	6	0	0	0	0	0	0	0	0	0	0	0	0	0	0	0	0	0	0	0	0	0	0	0	0	0	0	0	0	0	0	0	0	0	0	0	0	0	0	0	0	0	0	0	0	
	63122	1	0	헤어1(드래곤)[낱개]	2220	1	69DDA0	42024	2221	0	0	25134	39918	0	20049	0	911	0	Null	0	Null	0	0	0	0	1	0	0	0	0	0	0	0	2	6	255	0	0	0	0	0	0	0	0	0	0	0	0	0	0	0	0	0	0	0	0	0	0	0	0	0	0	0	0	0	0	1	0	0	0	0	0	0	99	0	0	0	0	0	0	0	0	0	0	0	0	0	0	0	0	0	0	0	0	0	0	0	0	0	0	0	0	0	0	0	0	0	0	0	0	0	0	0	0	0	0	0	0	0	1	0	0	0	0	6	0	0	0	0	0	0	0	0	0	0	0	0	0	0	0	0	0	0	0	0	0	0	0	0	0	0	0	0	0	0	0	0	0	0	0	0	0	0	0	0	0	0	0	0	
	63123	1	0	헤어1(발키리)[낱개]	2222	1	69DDA0	42024	2223	0	0	25135	39918	0	20049	0	911	0	Null	0	Null	0	0	0	0	1	0	0	0	0	0	0	0	2	6	255	0	0	0	0	0	0	0	0	0	0	0	0	0	0	0	0	0	0	0	0	0	0	0	0	0	0	0	0	0	0	0	0	1	0	0	0	0	99	0	0	0	0	0	0	0	0	0	0	0	0	0	0	0	0	0	0	0	0	0	0	0	0	0	0	0	0	0	0	0	0	0	0	0	0	0	0	0	0	0	0	0	0	0	1	0	0	0	0	6	0	0	0	0	0	0	0	0	0	0	0	0	0	0	0	0	0	0	0	0	0	0	0	0	0	0	0	0	0	0	0	0	0	0	0	0	0	0	0	0	0	0	0	0	
	63124	1	0	헤어1(엘리멘탈)[낱개]	2224	1	69DDA0	42024	2225	0	0	25136	39918	0	20049	0	911	0	Null	0	Null	0	0	0	0	1	0	0	0	0	0	0	0	2	6	255	0	0	0	0	0	0	0	0	0	0	0	0	0	0	0	0	0	0	0	0	0	0	0	0	0	0	0	0	0	0	0	0	0	1	0	0	0	99	0	0	0	0	0	0	0	0	0	0	0	0	0	0	0	0	0	0	0	0	0	0	0	0	0	0	0	0	0	0	0	0	0	0	0	0	0	0	0	0	0	0	0	0	0	1	0	0	0	0	6	0	0	0	0	0	0	0	0	0	0	0	0	0	0	0	0	0	0	0	0	0	0	0	0	0	0	0	0	0	0	0	0	0	0	0	0	0	0	0	0	0	0	0	0	
	63125	1	0	헤어1(섀도우)[낱개]	2226	1	69DDA0	42024	2227	0	0	25137	39918	0	20049	0	911	0	Null	0	Null	0	0	0	0	1	0	0	0	0	0	0	0	2	6	255	0	0	0	0	0	0	0	0	0	0	0	0	0	0	0	0	0	0	0	0	0	0	0	0	0	0	0	0	0	0	0	1	0	0	0	0	0	99	0	0	0	0	0	0	0	0	0	0	0	0	0	0	0	0	0	0	0	0	0	0	0	0	0	0	0	0	0	0	0	0	0	0	0	0	0	0	0	0	0	0	0	0	0	1	0	0	0	0	6	0	0	0	0	0	0	0	0	0	0	0	0	0	0	0	0	0	0	0	0	0	0	0	0	0	0	0	0	0	0	0	0	0	0	0	0	0	0	0	0	0	0	0	0	
	63126	1	0	헤어2(버서커)[낱개]	2245	1	69DDA0	42024	2246	0	0	25138	39918	0	20049	0	911	0	Null	0	Null	0	0	0	0	1	0	0	0	0	0	0	0	2	6	255	0	0	0	0	0	0	0	0	0	0	0	0	0	0	0	0	0	0	0	0	0	0	0	0	0	0	0	0	0	1	0	0	0	0	0	0	0	99	0	0	0	0	0	0	0	0	0	0	0	0	0	0	0	0	0	0	0	0	0	0	0	0	0	0	0	0	0	0	0	0	0	0	0	0	0	0	0	0	0	0	0	0	0	1	0	0	0	0	7	0	0	0	0	0	0	0	0	0	0	0	0	0	0	0	0	0	0	0	0	0	0	0	0	0	0	0	0	0	0	0	0	0	0	0	0	0	0	0	0	0	0	0	0	
	63127	1	0	헤어2(드래곤)[낱개]	2247	1	69DDA0	42024	2248	0	0	25139	39918	0	20049	0	911	0	Null	0	Null	0	0	0	0	1	0	0	0	0	0	0	0	2	6	255	0	0	0	0	0	0	0	0	0	0	0	0	0	0	0	0	0	0	0	0	0	0	0	0	0	0	0	0	0	0	1	0	0	0	0	0	0	99	0	0	0	0	0	0	0	0	0	0	0	0	0	0	0	0	0	0	0	0	0	0	0	0	0	0	0	0	0	0	0	0	0	0	0	0	0	0	0	0	0	0	0	0	0	1	0	0	0	0	7	0	0	0	0	0	0	0	0	0	0	0	0	0	0	0	0	0	0	0	0	0	0	0	0	0	0	0	0	0	0	0	0	0	0	0	0	0	0	0	0	0	0	0	0	
	63128	1	0	헤어2(발키리)[낱개]	2249	1	69DDA0	42024	2250	0	0	25140	39918	0	20049	0	911	0	Null	0	Null	0	0	0	0	1	0	0	0	0	0	0	0	2	6	255	0	0	0	0	0	0	0	0	0	0	0	0	0	0	0	0	0	0	0	0	0	0	0	0	0	0	0	0	0	0	0	0	1	0	0	0	0	99	0	0	0	0	0	0	0	0	0	0	0	0	0	0	0	0	0	0	0	0	0	0	0	0	0	0	0	0	0	0	0	0	0	0	0	0	0	0	0	0	0	0	0	0	0	1	0	0	0	0	7	0	0	0	0	0	0	0	0	0	0	0	0	0	0	0	0	0	0	0	0	0	0	0	0	0	0	0	0	0	0	0	0	0	0	0	0	0	0	0	0	0	0	0	0	
	63129	1	0	헤어2(엘리멘탈)[낱개]	2251	1	69DDA0	42024	2252	0	0	25141	39918	0	20049	0	911	0	Null	0	Null	0	0	0	0	1	0	0	0	0	0	0	0	2	6	255	0	0	0	0	0	0	0	0	0	0	0	0	0	0	0	0	0	0	0	0	0	0	0	0	0	0	0	0	0	0	0	0	0	1	0	0	0	99	0	0	0	0	0	0	0	0	0	0	0	0	0	0	0	0	0	0	0	0	0	0	0	0	0	0	0	0	0	0	0	0	0	0	0	0	0	0	0	0	0	0	0	0	0	1	0	0	0	0	7	0	0	0	0	0	0	0	0	0	0	0	0	0	0	0	0	0	0	0	0	0	0	0	0	0	0	0	0	0	0	0	0	0	0	0	0	0	0	0	0	0	0	0	0	
	63130	1	0	헤어2(섀도우)[낱개]	2253	1	69DDA0	42024	2254	0	0	25142	39918	0	20049	0	911	0	Null	0	Null	0	0	0	0	1	0	0	0	0	0	0	0	2	6	255	0	0	0	0	0	0	0	0	0	0	0	0	0	0	0	0	0	0	0	0	0	0	0	0	0	0	0	0	0	0	0	1	0	0	0	0	0	99	0	0	0	0	0	0	0	0	0	0	0	0	0	0	0	0	0	0	0	0	0	0	0	0	0	0	0	0	0	0	0	0	0	0	0	0	0	0	0	0	0	0	0	0	0	1	0	0	0	0	7	0	0	0	0	0	0	0	0	0	0	0	0	0	0	0	0	0	0	0	0	0	0	0	0	0	0	0	0	0	0	0	0	0	0	0	0	0	0	0	0	0	0	0	0	
//	63131	1	0	얼굴1(버서커)[낱개]	2130	1	69DDA0	42024	0	0	0	0	39918	0	20048	0	911	0	Null	0	Null	0	0	0	0	1	0	0	0	0	0	0	0	2	6	255	0	0	0	0	0	0	0	0	0	0	0	0	0	0	0	0	0	0	0	0	0	0	0	0	0	0	0	0	0	1	0	0	0	0	0	0	0	99	0	0	0	0	0	0	0	0	0	0	0	0	0	0	0	0	0	0	0	0	0	0	0	0	0	0	0	0	0	0	0	0	0	0	0	0	0	0	0	0	0	0	0	0	0	1	0	0	0	0	6	0	0	0	0	0	0	0	0	0	0	0	0	0	0	0	0	0	0	0	0	0	0	0	0	0	0	0	0	0	0	0	0	0	0	0	0	0	0	0	0	0	0	0	
//	63132	1	0	얼굴1(드래곤)[낱개]	2130	1	69DDA0	42024	0	0	0	0	39918	0	20048	0	911	0	Null	0	Null	0	0	0	0	1	0	0	0	0	0	0	0	2	6	255	0	0	0	0	0	0	0	0	0	0	0	0	0	0	0	0	0	0	0	0	0	0	0	0	0	0	0	0	0	0	1	0	0	0	0	0	0	99	0	0	0	0	0	0	0	0	0	0	0	0	0	0	0	0	0	0	0	0	0	0	0	0	0	0	0	0	0	0	0	0	0	0	0	0	0	0	0	0	0	0	0	0	0	1	0	0	0	0	6	0	0	0	0	0	0	0	0	0	0	0	0	0	0	0	0	0	0	0	0	0	0	0	0	0	0	0	0	0	0	0	0	0	0	0	0	0	0	0	0	0	0	0	
//	63133	1	0	얼굴1(발키리)[낱개]	2130	1	69DDA0	42024	0	0	0	0	39918	0	20048	0	911	0	Null	0	Null	0	0	0	0	1	0	0	0	0	0	0	0	2	6	255	0	0	0	0	0	0	0	0	0	0	0	0	0	0	0	0	0	0	0	0	0	0	0	0	0	0	0	0	0	0	0	0	1	0	0	0	0	99	0	0	0	0	0	0	0	0	0	0	0	0	0	0	0	0	0	0	0	0	0	0	0	0	0	0	0	0	0	0	0	0	0	0	0	0	0	0	0	0	0	0	0	0	0	1	0	0	0	0	6	0	0	0	0	0	0	0	0	0	0	0	0	0	0	0	0	0	0	0	0	0	0	0	0	0	0	0	0	0	0	0	0	0	0	0	0	0	0	0	0	0	0	0	
//	63134	1	0	얼굴1(엘리멘탈)[낱개]	2130	1	69DDA0	42024	0	0	0	0	39918	0	20048	0	911	0	Null	0	Null	0	0	0	0	1	0	0	0	0	0	0	0	2	6	255	0	0	0	0	0	0	0	0	0	0	0	0	0	0	0	0	0	0	0	0	0	0	0	0	0	0	0	0	0	0	0	0	0	1	0	0	0	99	0	0	0	0	0	0	0	0	0	0	0	0	0	0	0	0	0	0	0	0	0	0	0	0	0	0	0	0	0	0	0	0	0	0	0	0	0	0	0	0	0	0	0	0	0	1	0	0	0	0	6	0	0	0	0	0	0	0	0	0	0	0	0	0	0	0	0	0	0	0	0	0	0	0	0	0	0	0	0	0	0	0	0	0	0	0	0	0	0	0	0	0	0	0	
//	63135	1	0	얼굴1(섀도우)[낱개]	2130	1	69DDA0	42024	0	0	0	0	39918	0	20048	0	911	0	Null	0	Null	0	0	0	0	1	0	0	0	0	0	0	0	2	6	255	0	0	0	0	0	0	0	0	0	0	0	0	0	0	0	0	0	0	0	0	0	0	0	0	0	0	0	0	0	0	0	1	0	0	0	0	0	99	0	0	0	0	0	0	0	0	0	0	0	0	0	0	0	0	0	0	0	0	0	0	0	0	0	0	0	0	0	0	0	0	0	0	0	0	0	0	0	0	0	0	0	0	0	1	0	0	0	0	6	0	0	0	0	0	0	0	0	0	0	0	0	0	0	0	0	0	0	0	0	0	0	0	0	0	0	0	0	0	0	0	0	0	0	0	0	0	0	0	0	0	0	0	
	63136	1	0	미니에그_국내10차복권(100)	47425	1	69DDA0	42024	48383	0	0	34134	39999	0	20029	0	911	0	Null	0	Null	0	0	0	0	1	0	0	0	0	0	0	0	2	63	255	0	0	0	0	0	0	0	0	0	0	0	0	0	0	0	0	0	0	0	0	0	0	0	0	0	0	0	0	0	1	1	1	1	1	1	1	1	99	0	0	0	0	0	0	0	0	0	0	0	0	0	0	0	0	0	0	0	0	0	0	0	0	0	0	0	0	0	0	0	0	0	0	0	0	0	0	0	0	0	0	0	0	0	1	0	0	0	0	0	0	0	0	0	0	0	0	0	218	0	0	0	0	0	0	0	0	0	0	0	0	0	0	0	0	0	0	0	0	0	0	0	0	0	0	0	0	0	0	0	0	0	0	1	
	63137	1	0	점보에그_국내10차복권(1000)	47426	1	69DDA0	42024	48383	0	0	34135	39999	0	20029	0	911	0	Null	0	Null	0	0	0	0	1	0	0	0	0	0	0	0	2	63	255	0	0	0	0	0	0	0	0	0	0	0	0	0	0	0	0	0	0	0	0	0	0	0	0	0	0	0	0	0	1	1	1	1	1	1	1	1	99	0	0	0	0	0	0	0	0	0	0	0	0	0	0	0	0	0	0	0	0	0	0	0	0	0	0	0	0	0	0	0	0	0	0	0	0	0	0	0	0	0	0	0	0	0	1	0	0	0	0	0	0	0	0	0	0	0	0	0	219	0	0	0	0	0	0	0	0	0	0	0	0	0	0	0	0	0	0	0	0	0	0	0	0	0	0	0	0	0	0	0	0	0	0	1	
	63138	1	0	미스틱헤어1	2212	1	69DDA0	42024	2213	0	0	73567	39918	0	20049	0	911	0	Null	0	Null	0	0	0	0	1	0	0	0	0	0	0	0	2	6	255	0	0	0	0	0	0	0	0	0	0	0	0	0	0	0	0	0	0	0	0	0	0	0	0	0	0	0	0	0	0	0	0	0	0	1	0	0	99	0	0	0	0	0	0	0	0	0	0	0	0	0	0	0	0	0	0	0	0	0	0	0	0	0	0	0	0	0	0	0	0	0	0	0	0	0	0	0	0	0	0	0	0	0	1	0	0	0	0	6	0	0	0	0	0	0	0	0	0	0	0	0	0	0	0	0	0	0	0	0	0	0	0	0	0	0	0	0	0	0	0	0	0	0	0	0	0	0	0	0	0	0	0	0	
	63139	1	0	미스틱헤어2	2214	1	69DDA0	42024	2215	0	0	73568	39918	0	20049	0	911	0	Null	0	Null	0	0	0	0	1	0	0	0	0	0	0	0	2	6	255	0	0	0	0	0	0	0	0	0	0	0	0	0	0	0	0	0	0	0	0	0	0	0	0	0	0	0	0	0	0	0	0	0	0	1	0	0	99	0	0	0	0	0	0	0	0	0	0	0	0	0	0	0	0	0	0	0	0	0	0	0	0	0	0	0	0	0	0	0	0	0	0	0	0	0	0	0	0	0	0	0	0	0	1	0	0	0	0	7	0	0	0	0	0	0	0	0	0	0	0	0	0	0	0	0	0	0	0	0	0	0	0	0	0	0	0	0	0	0	0	0	0	0	0	0	0	0	0	0	0	0	0	0	
	63141	1	0	피의정기(성문)_HP회복	3421	1	69DDA0	9445	3422	0	0	25147	39918	0	20056	0	911	0	Null	0	Null	0	0	0	0	1	0	0	0	0	0	0	0	2	6	255	0	0	0	0	0	0	0	0	0	0	0	0	0	0	0	0	0	0	0	0	0	0	0	0	0	0	0	0	0	1	1	1	1	1	1	1	1	99	0	0	0	60003	0	0	0	0	0	0	0	0	0	0	0	0	0	0	0	0	0	0	0	0	0	0	0	0	0	0	0	0	0	0	0	0	0	0	0	0	0	0	0	0	0	255	0	0	0	0	0	0	0	0	0	0	0	0	0	0	55581	0	0	0	0	0	0	0	0	0	0	0	0	0	0	0	0	0	0	0	0	0	0	0	0	0	0	0	0	0	0	0	0	0	1	
	63142	1	0	피의방패(성문)_물방마방버프	3423	1	69DDA0	9445	3424	0	0	25150	39918	0	20056	0	911	0	Null	0	Null	0	0	0	0	1	0	0	0	0	0	0	0	2	6	255	0	0	0	0	0	0	0	0	0	0	0	0	0	0	0	0	0	0	0	0	0	0	0	0	0	0	0	0	0	1	1	1	1	1	1	1	1	99	0	0	0	60003	0	0	0	0	0	0	0	0	0	0	0	0	0	0	0	0	0	0	0	0	0	0	0	0	0	0	0	0	0	0	0	0	0	0	0	0	0	0	0	0	0	255	0	0	0	0	0	0	0	0	0	0	0	0	0	0	55582	0	0	0	0	0	0	0	0	0	0	0	0	0	0	0	0	0	0	0	0	0	0	0	0	0	0	0	0	0	0	0	0	0	1	
	63143	1	0	피의정기(피의고리)_HP회복	3425	1	69DDA0	9445	3426	0	0	25148	39918	0	20056	0	911	0	Null	0	Null	0	0	0	0	1	0	0	0	0	0	0	0	2	6	255	0	0	0	0	0	0	0	0	0	0	0	0	0	0	0	0	0	0	0	0	0	0	0	0	0	0	0	0	0	1	1	1	1	1	1	1	1	99	0	0	0	60006	0	0	0	0	0	0	0	0	0	0	0	0	0	0	0	0	0	0	0	0	0	0	0	0	0	0	0	0	0	0	0	0	0	0	0	0	0	0	0	0	0	255	0	0	0	0	0	0	0	0	0	0	0	0	0	0	55583	0	0	0	0	0	0	0	0	0	0	0	0	0	0	0	0	0	0	0	0	0	0	0	0	0	0	0	0	0	0	0	0	0	1	
	63144	1	0	피의방패(피의고리)_물방마방버프	3429	1	69DDA0	9445	3430	0	0	25151	39918	0	20056	0	911	0	Null	0	Null	0	0	0	0	1	0	0	0	0	0	0	0	2	6	255	0	0	0	0	0	0	0	0	0	0	0	0	0	0	0	0	0	0	0	0	0	0	0	0	0	0	0	0	0	1	1	1	1	1	1	1	1	99	0	0	0	60006	0	0	0	0	0	0	0	0	0	0	0	0	0	0	0	0	0	0	0	0	0	0	0	0	0	0	0	0	0	0	0	0	0	0	0	0	0	0	0	0	0	255	0	0	0	0	0	0	0	0	0	0	0	0	0	0	55584	0	0	0	0	0	0	0	0	0	0	0	0	0	0	0	0	0	0	0	0	0	0	0	0	0	0	0	0	0	0	0	0	0	1	
	63145	1	0	피의정기(피의결정체)_HP회복	3427	1	69DDA0	9445	3428	0	0	25149	39918	0	20056	0	911	0	Null	0	Null	0	0	0	0	1	0	0	0	0	0	0	0	2	6	255	0	0	0	0	0	0	0	0	0	0	0	0	0	0	0	0	0	0	0	0	0	0	0	0	0	0	0	0	0	1	1	1	1	1	1	1	1	99	0	0	0	60007	0	0	0	0	0	0	0	0	0	0	0	0	0	0	0	0	0	0	0	0	0	0	0	0	0	0	0	0	0	0	0	0	0	0	0	0	0	0	0	0	0	255	0	0	0	0	0	0	0	0	0	0	0	0	0	0	55585	0	0	0	0	0	0	0	0	0	0	0	0	0	0	0	0	0	0	0	0	0	0	0	0	0	0	0	0	0	0	0	0	0	1	
	63146	1	0	피의방패(피의결정체)_물방마방버프	3431	1	69DDA0	9445	3432	0	0	25152	39918	0	20056	0	911	0	Null	0	Null	0	0	0	0	1	0	0	0	0	0	0	0	2	6	255	0	0	0	0	0	0	0	0	0	0	0	0	0	0	0	0	0	0	0	0	0	0	0	0	0	0	0	0	0	1	1	1	1	1	1	1	1	99	0	0	0	60007	0	0	0	0	0	0	0	0	0	0	0	0	0	0	0	0	0	0	0	0	0	0	0	0	0	0	0	0	0	0	0	0	0	0	0	0	0	0	0	0	0	255	0	0	0	0	0	0	0	0	0	0	0	0	0	0	55586	0	0	0	0	0	0	0	0	0	0	0	0	0	0	0	0	0	0	0	0	0	0	0	0	0	0	0	0	0	0	0	0	0	1	
	63147	1	2	[캐쉬퍽]배테랑모험가	25915	1	69DDA0	40022	28915	0	0	36893	39918	0	20053	0	911	0	Null	0	Null	0	0	0	0	1	0	0	0	0	0	0	0	2	70	255	0	0	0	0	0	0	0	0	0	0	0	0	0	0	0	0	0	0	0	0	0	0	0	0	0	0	0	0	0	1	1	1	1	1	1	1	1	99	0	0	0	0	0	0	0	0	0	0	0	0	0	0	0	0	0	0	0	0	0	0	0	0	0	0	0	0	0	0	0	0	0	0	0	0	0	0	0	0	0	0	0	0	0	1	0	0	0	0	0	0	0	0	0	0	0	0	0	0	21	0	0	0	0	0	0	0	0	0	0	0	0	0	0	0	0	0	0	0	0	0	0	0	0	0	0	0	0	0	0	0	0	0	1	
	63148	1	2	[캐쉬퍽]축복받은검투사	25916	1	69DDA0	40022	28916	0	0	36894	39918	0	20053	0	911	0	Null	0	Null	0	0	0	0	1	0	0	0	0	0	0	0	2	70	255	0	0	0	0	0	0	0	0	0	0	0	0	0	0	0	0	0	0	0	0	0	0	0	0	0	0	0	0	0	1	1	1	1	1	1	1	1	99	0	0	0	0	0	0	0	0	0	0	0	0	0	0	0	0	0	0	0	0	0	0	0	0	0	0	0	0	0	0	0	0	0	0	0	0	0	0	0	0	0	0	0	0	0	1	0	0	0	0	0	0	0	0	0	0	0	0	0	0	22	0	0	0	0	0	0	0	0	0	0	0	0	0	0	0	0	0	0	0	0	0	0	0	0	0	0	0	0	0	0	0	0	0	1	
	63149	1	2	[캐쉬퍽]몬스터사냥꾼	25917	1	69DDA0	40022	28917	0	0	36895	39918	0	20053	0	911	0	Null	0	Null	0	0	0	0	1	0	0	0	0	0	0	0	2	70	255	0	0	0	0	0	0	0	0	0	0	0	0	0	0	0	0	0	0	0	0	0	0	0	0	0	0	0	0	0	1	1	1	1	1	1	1	1	99	0	0	0	0	0	0	0	0	0	0	0	0	0	0	0	0	0	0	0	0	0	0	0	0	0	0	0	0	0	0	0	0	0	0	0	0	0	0	0	0	0	0	0	0	0	1	0	0	0	0	0	0	0	0	0	0	0	0	0	0	23	0	0	0	0	0	0	0	0	0	0	0	0	0	0	0	0	0	0	0	0	0	0	0	0	0	0	0	0	0	0	0	0	0	1	
	63150	1	2	[캐쉬퍽]조합전문가	25918	1	69DDA0	40022	28918	0	0	36896	39918	0	20053	0	911	0	Null	0	Null	0	0	0	0	1	0	0	0	0	0	0	0	2	70	255	0	0	0	0	0	0	0	0	0	0	0	0	0	0	0	0	0	0	0	0	0	0	0	0	0	0	0	0	0	1	1	1	1	1	1	1	1	99	0	0	0	0	0	0	0	0	0	0	0	0	0	0	0	0	0	0	0	0	0	0	0	0	0	0	0	0	0	0	0	0	0	0	0	0	0	0	0	0	0	0	0	0	0	1	0	0	0	0	0	0	0	0	0	0	0	0	0	0	24	0	0	0	0	0	0	0	0	0	0	0	0	0	0	0	0	0	0	0	0	0	0	0	0	0	0	0	0	0	0	0	0	0	1	
	63151	1	2	캐쉬퍽5	25919	1	69DDA0	40022	28919	0	0	36897	39918	0	20053	0	911	0	Null	0	Null	0	0	0	0	1	0	0	0	0	0	0	0	2	70	255	0	0	0	0	0	0	0	0	0	0	0	0	0	0	0	0	0	0	0	0	0	0	0	0	0	0	0	0	0	1	1	1	1	1	1	1	1	99	0	0	0	0	0	0	0	0	0	0	0	0	0	0	0	0	0	0	0	0	0	0	0	0	0	0	0	0	0	0	0	0	0	0	0	0	0	0	0	0	0	0	0	0	0	1	0	0	0	0	0	0	0	0	0	0	0	0	0	0	25	0	0	0	0	0	0	0	0	0	0	0	0	0	0	0	0	0	0	0	0	0	0	0	0	0	0	0	0	0	0	0	0	0	1	
	63152	1	1	큐브(캐시_정액제)	2123	0	69DDA0	9445	3401	0	0	25153	39919	0	20058	0	20058	0	Null	0	Null	0	0	0	0	1	0	0	0	5000	5000	0	0	0	6	255	0	0	0	0	0	0	0	0	0	0	0	0	0	0	0	0	0	0	0	0	0	0	0	0	0	0	0	0	0	0	0	0	0	0	0	0	0	99	0	0	0	0	0	0	0	0	0	0	0	0	0	0	0	0	0	0	0	0	0	0	0	0	0	0	0	0	0	0	0	0	0	0	0	0	0	0	0	0	0	0	0	0	0	1	0	0	0	0	0	0	0	0	0	0	0	0	0	0	0	0	0	0	0	0	0	0	0	0	0	0	0	0	0	0	0	0	0	0	0	0	0	0	0	0	0	0	0	0	0	0	0	0	0	
	63153	1	0	달빛상자_국내11차복권(1000)	47520	1	69DDA0	42024	48520	0	0	34100	39999	0	20029	0	911	0	Null	0	Null	0	0	0	0	1	0	0	0	0	0	0	0	2	63	255	0	0	0	0	0	0	0	0	0	0	0	0	0	0	0	0	0	0	0	0	0	0	0	0	0	0	0	0	0	1	1	1	1	1	1	1	1	99	0	0	0	0	0	0	0	0	0	0	0	0	0	0	0	0	0	0	0	0	0	0	0	0	0	0	0	0	0	0	0	0	0	0	0	0	0	0	0	0	0	0	0	0	0	1	0	0	0	0	0	0	0	0	0	0	0	0	0	287	0	0	0	0	0	0	0	0	0	0	0	0	0	0	0	0	0	0	0	0	0	0	0	0	0	0	0	0	0	0	0	0	0	0	1	
	63154	1	0	버서커용_햇빛_상자_국내11차복권(2000)	47521	1	69DDA0	42024	48521	0	0	34139	39999	0	20029	0	911	0	Null	0	Null	0	0	0	0	1	0	0	0	0	0	0	0	2	63	255	0	0	0	0	0	0	0	0	0	0	0	0	0	0	0	0	0	0	0	0	0	0	0	0	0	0	0	0	0	1	1	1	1	1	1	1	1	99	0	0	0	0	0	0	0	0	0	0	0	0	0	0	0	0	0	0	0	0	0	0	0	0	0	0	0	0	0	0	0	0	0	0	0	0	0	0	0	0	0	0	0	0	0	1	0	0	0	0	0	0	0	0	0	0	0	0	0	288	0	0	0	0	0	0	0	0	0	0	0	0	0	0	0	0	0	0	0	0	0	0	0	0	0	0	0	0	0	0	0	0	0	0	1	
	63155	1	0	드래곤나이트용_햇빛상자_국내11차복권(2000)	47522	1	69DDA0	42024	48522	0	0	34140	39999	0	20029	0	911	0	Null	0	Null	0	0	0	0	1	0	0	0	0	0	0	0	2	63	255	0	0	0	0	0	0	0	0	0	0	0	0	0	0	0	0	0	0	0	0	0	0	0	0	0	0	0	0	0	1	1	1	1	1	1	1	1	99	0	0	0	0	0	0	0	0	0	0	0	0	0	0	0	0	0	0	0	0	0	0	0	0	0	0	0	0	0	0	0	0	0	0	0	0	0	0	0	0	0	0	0	0	0	1	0	0	0	0	0	0	0	0	0	0	0	0	0	289	0	0	0	0	0	0	0	0	0	0	0	0	0	0	0	0	0	0	0	0	0	0	0	0	0	0	0	0	0	0	0	0	0	0	1	
	63156	1	0	섀도우용_햇빛상자_국내11차복권(2000)	47523	1	69DDA0	42024	48523	0	0	34141	39999	0	20029	0	911	0	Null	0	Null	0	0	0	0	1	0	0	0	0	0	0	0	2	63	255	0	0	0	0	0	0	0	0	0	0	0	0	0	0	0	0	0	0	0	0	0	0	0	0	0	0	0	0	0	1	1	1	1	1	1	1	1	99	0	0	0	0	0	0	0	0	0	0	0	0	0	0	0	0	0	0	0	0	0	0	0	0	0	0	0	0	0	0	0	0	0	0	0	0	0	0	0	0	0	0	0	0	0	1	0	0	0	0	0	0	0	0	0	0	0	0	0	290	0	0	0	0	0	0	0	0	0	0	0	0	0	0	0	0	0	0	0	0	0	0	0	0	0	0	0	0	0	0	0	0	0	0	1	
	63157	1	0	발키리용_햇빛상자_국내11차복권(2000)	47524	1	69DDA0	42024	48524	0	0	34142	39999	0	20029	0	911	0	Null	0	Null	0	0	0	0	1	0	0	0	0	0	0	0	2	63	255	0	0	0	0	0	0	0	0	0	0	0	0	0	0	0	0	0	0	0	0	0	0	0	0	0	0	0	0	0	1	1	1	1	1	1	1	1	99	0	0	0	0	0	0	0	0	0	0	0	0	0	0	0	0	0	0	0	0	0	0	0	0	0	0	0	0	0	0	0	0	0	0	0	0	0	0	0	0	0	0	0	0	0	1	0	0	0	0	0	0	0	0	0	0	0	0	0	291	0	0	0	0	0	0	0	0	0	0	0	0	0	0	0	0	0	0	0	0	0	0	0	0	0	0	0	0	0	0	0	0	0	0	1	
	63158	1	0	엘리멘탈리스트용_햇빛상자_국내11차복권(2000)	47525	1	69DDA0	42024	48525	0	0	34143	39999	0	20029	0	911	0	Null	0	Null	0	0	0	0	1	0	0	0	0	0	0	0	2	63	255	0	0	0	0	0	0	0	0	0	0	0	0	0	0	0	0	0	0	0	0	0	0	0	0	0	0	0	0	0	1	1	1	1	1	1	1	1	99	0	0	0	0	0	0	0	0	0	0	0	0	0	0	0	0	0	0	0	0	0	0	0	0	0	0	0	0	0	0	0	0	0	0	0	0	0	0	0	0	0	0	0	0	0	1	0	0	0	0	0	0	0	0	0	0	0	0	0	292	0	0	0	0	0	0	0	0	0	0	0	0	0	0	0	0	0	0	0	0	0	0	0	0	0	0	0	0	0	0	0	0	0	0	1	
	63159	1	0	버서커용_보은상자_국내11차복권(비매품)	47526	1	69DDA0	42024	48526	0	0	34139	39999	0	20029	0	911	0	Null	0	Null	0	0	0	0	1	0	0	0	0	0	0	0	2	63	255	0	0	0	0	0	0	0	0	0	0	0	0	0	0	0	0	0	0	0	0	0	0	0	0	0	0	0	0	0	1	1	1	1	1	1	1	1	99	0	0	0	0	0	0	0	0	0	0	0	0	0	0	0	0	0	0	0	0	0	0	0	0	0	0	0	0	0	0	0	0	0	0	0	0	0	0	0	0	0	0	0	0	0	1	0	0	0	0	0	0	0	0	0	0	0	0	0	293	0	0	0	0	0	0	0	0	0	0	0	0	0	0	0	0	0	0	0	0	0	0	0	0	0	0	0	0	0	0	0	0	0	0	1	
	63160	1	0	드래곤나이트용_보은상자_국내11차복권(비매품)	47527	1	69DDA0	42024	48527	0	0	34140	39999	0	20029	0	911	0	Null	0	Null	0	0	0	0	1	0	0	0	0	0	0	0	2	63	255	0	0	0	0	0	0	0	0	0	0	0	0	0	0	0	0	0	0	0	0	0	0	0	0	0	0	0	0	0	1	1	1	1	1	1	1	1	99	0	0	0	0	0	0	0	0	0	0	0	0	0	0	0	0	0	0	0	0	0	0	0	0	0	0	0	0	0	0	0	0	0	0	0	0	0	0	0	0	0	0	0	0	0	1	0	0	0	0	0	0	0	0	0	0	0	0	0	294	0	0	0	0	0	0	0	0	0	0	0	0	0	0	0	0	0	0	0	0	0	0	0	0	0	0	0	0	0	0	0	0	0	0	1	
	63161	1	0	섀도우용_보은상자_국내11차복권(비매품)	47528	1	69DDA0	42024	48528	0	0	34141	39999	0	20029	0	911	0	Null	0	Null	0	0	0	0	1	0	0	0	0	0	0	0	2	63	255	0	0	0	0	0	0	0	0	0	0	0	0	0	0	0	0	0	0	0	0	0	0	0	0	0	0	0	0	0	1	1	1	1	1	1	1	1	99	0	0	0	0	0	0	0	0	0	0	0	0	0	0	0	0	0	0	0	0	0	0	0	0	0	0	0	0	0	0	0	0	0	0	0	0	0	0	0	0	0	0	0	0	0	1	0	0	0	0	0	0	0	0	0	0	0	0	0	295	0	0	0	0	0	0	0	0	0	0	0	0	0	0	0	0	0	0	0	0	0	0	0	0	0	0	0	0	0	0	0	0	0	0	1	
	63162	1	0	발키리용_보은상자_국내11차복권(비매품)	47529	1	69DDA0	42024	48529	0	0	34142	39999	0	20029	0	911	0	Null	0	Null	0	0	0	0	1	0	0	0	0	0	0	0	2	63	255	0	0	0	0	0	0	0	0	0	0	0	0	0	0	0	0	0	0	0	0	0	0	0	0	0	0	0	0	0	1	1	1	1	1	1	1	1	99	0	0	0	0	0	0	0	0	0	0	0	0	0	0	0	0	0	0	0	0	0	0	0	0	0	0	0	0	0	0	0	0	0	0	0	0	0	0	0	0	0	0	0	0	0	1	0	0	0	0	0	0	0	0	0	0	0	0	0	296	0	0	0	0	0	0	0	0	0	0	0	0	0	0	0	0	0	0	0	0	0	0	0	0	0	0	0	0	0	0	0	0	0	0	1	
	63163	1	0	엘리멘탈리스트용_보은상자_국내11차복권(비매품)	47530	1	69DDA0	42024	48530	0	0	34143	39999	0	20029	0	911	0	Null	0	Null	0	0	0	0	1	0	0	0	0	0	0	0	2	63	255	0	0	0	0	0	0	0	0	0	0	0	0	0	0	0	0	0	0	0	0	0	0	0	0	0	0	0	0	0	1	1	1	1	1	1	1	1	99	0	0	0	0	0	0	0	0	0	0	0	0	0	0	0	0	0	0	0	0	0	0	0	0	0	0	0	0	0	0	0	0	0	0	0	0	0	0	0	0	0	0	0	0	0	1	0	0	0	0	0	0	0	0	0	0	0	0	0	297	0	0	0	0	0	0	0	0	0	0	0	0	0	0	0	0	0	0	0	0	0	0	0	0	0	0	0	0	0	0	0	0	0	0	1	
	63164	1	0	큐브(캐시)	2123	0	69DDA0	9445	3401	0	0	25153	39999	0	20058	0	911	0	Null	0	Null	0	0	0	0	1	0	0	0	5000	5000	0	0	0	6	255	0	0	0	0	0	0	0	0	0	0	0	0	0	0	0	0	0	0	0	0	0	0	0	0	0	0	0	0	0	0	0	0	0	0	0	0	0	99	0	0	0	0	0	0	0	0	0	0	0	0	0	0	0	0	0	0	0	0	0	0	0	0	0	0	0	0	0	0	0	0	0	0	0	0	0	0	0	0	0	0	0	0	0	1	0	0	0	0	0	0	0	0	0	0	0	0	0	0	0	0	0	0	0	0	0	0	0	0	0	0	0	0	0	0	0	0	0	0	0	0	0	0	0	0	0	0	0	0	0	0	0	0	0	
	63165	1	0	상급쟈드합성첨가제	12156	0	69DDA0	40008	12158	0	0	25155	39919	0	20054	0	931	0	Null	0	Null	0	0	0	0	1	0	0	0	50	50	0	0	2	6	255	0	0	0	0	0	0	0	0	0	0	0	0	0	0	0	0	0	0	0	0	0	0	0	0	0	0	0	0	0	0	0	0	0	0	0	0	0	99	0	0	0	0	0	0	0	0	0	0	0	0	0	0	0	0	0	0	0	0	0	0	0	0	0	0	0	0	0	0	0	0	0	0	0	0	0	0	0	0	0	0	0	0	0	255	0	0	0	0	0	0	0	0	0	0	0	0	0	0	0	0	0	200	0	0	0	0	0	0	0	0	0	0	0	0	0	0	0	0	0	0	0	0	0	0	0	0	0	0	0	0	0	0	0	
	63166	1	0	원정용가방(지급용)	158997	1	69DDA0	9445	159020	0	0	73504	39918	0	20009	0	911	0	Null	0	Null	0	0	0	0	1	0	0	0	0	0	0	1	2	263	255	0	0	0	0	0	0	0	0	0	0	0	0	0	0	0	0	0	0	0	0	0	0	0	0	0	0	0	0	0	1	1	1	1	1	1	1	1	99	0	0	0	0	0	0	0	0	0	0	0	0	0	0	0	0	0	0	0	0	0	0	0	0	0	0	0	0	0	0	0	0	0	0	0	0	0	0	0	0	0	0	0	0	0	1	0	0	0	0	0	0	0	0	0	0	0	0	0	0	0	0	0	0	0	0	0	0	0	0	0	0	0	0	0	0	0	0	0	0	0	0	0	0	0	0	0	0	0	0	0	0	0	0	1	
	63167	1	0	희미한빛의쟈드추출석(중급_25%)	158162	1	69DDA0	40008	159049	0	0	73502	39918	0	20003	0	911	0	Null	0	Null	0	0	0	0	1	0	0	0	0	0	0	0	2	6	255	0	0	0	0	0	0	0	0	0	0	0	0	0	0	0	0	0	0	0	0	0	0	0	0	0	0	0	0	0	1	1	1	1	1	1	1	1	99	0	0	0	0	0	0	0	0	0	0	0	0	0	0	0	0	0	0	0	0	0	0	0	0	0	0	0	0	0	0	0	0	0	0	0	0	0	0	0	0	0	0	0	0	0	30	0	0	0	0	0	15	0	0	0	0	0	0	0	0	0	0	0	250	0	0	0	0	0	0	0	0	0	0	0	0	0	0	0	0	0	0	0	0	0	0	0	0	0	0	0	0	0	0	1	
	63168	1	0	찬란한빛의쟈드추출석(최상급_100%)	158167	1	69DDA0	40008	159049	0	0	73502	39918	0	20003	0	911	0	Null	0	Null	0	0	0	0	1	0	0	0	0	0	0	0	2	6	255	0	0	0	0	0	0	0	0	0	0	0	0	0	0	0	0	0	0	0	0	0	0	0	0	0	0	0	0	0	1	1	1	1	1	1	1	1	99	0	0	0	0	0	0	0	0	0	0	0	0	0	0	0	0	0	0	0	0	0	0	0	0	0	0	0	0	0	0	0	0	0	0	0	0	0	0	0	0	0	0	0	0	0	30	0	0	0	0	0	15	0	0	0	0	0	0	0	0	0	0	0	1000	0	0	0	0	0	0	0	0	0	0	0	0	0	0	0	0	0	0	0	0	0	0	0	0	0	0	0	0	0	0	1	
	63169	1	0	특권의나무(개인용)	158465	1	69DDA0	40008	159465	0	0	73551	39918	0	993	0	911	0	Q035	1	Null	0	0	0	0	1	0	300000	0	0	0	0	0	2	6	255	0	0	0	0	0	0	0	0	0	0	0	0	0	0	0	0	0	0	0	0	0	0	0	0	0	0	0	0	0	1	1	1	1	1	1	1	1	99	0	0	0	0	0	0	0	0	0	0	0	0	0	0	0	0	0	0	0	0	0	0	0	0	0	0	0	0	0	0	0	0	0	0	0	0	0	0	0	0	0	0	0	0	0	30	0	0	0	0	3	10	0	0	0	0	0	0	0	0	65528	0	0	0	0	0	0	0	0	0	0	0	0	0	0	0	0	0	0	0	0	0	0	0	0	0	0	0	0	0	0	0	0	0	1	
	63170	1	0	특권의나무(파티용)	158466	1	69DDA0	40008	159466	0	0	73552	39918	0	993	0	911	0	Q040	1	Null	0	0	0	0	1	0	300000	0	0	0	0	0	2	6	255	0	0	0	0	0	0	0	0	0	0	0	0	0	0	0	0	0	0	0	0	0	0	0	0	0	0	0	0	0	1	1	1	1	1	1	1	1	99	0	0	0	0	0	0	0	0	0	0	0	0	0	0	0	0	0	0	0	0	0	0	0	0	0	0	0	0	0	0	0	0	0	0	0	0	0	0	0	0	0	0	0	0	0	30	0	0	0	0	3	10	0	0	0	0	0	0	0	0	65529	0	0	0	0	0	0	0	0	0	0	0	0	0	0	0	0	0	0	0	0	0	0	0	0	0	0	0	0	0	0	0	0	0	1	
	63171	1	0	20110504_소울카드_국내12차복권(1000)	47543	1	69DDA0	42024	48543	0	0	95003	39999	0	20029	0	911	0	Null	0	Null	0	0	0	0	1	0	0	0	0	0	0	0	2	63	255	0	0	0	0	0	0	0	0	0	0	0	0	0	0	0	0	0	0	0	0	0	0	0	0	0	0	0	0	0	1	1	1	1	1	1	1	1	99	0	0	0	0	0	0	0	0	0	0	0	0	0	0	0	0	0	0	0	0	0	0	0	0	0	0	0	0	0	0	0	0	0	0	0	0	0	0	0	0	0	0	0	0	0	1	0	0	0	0	0	0	0	0	0	0	0	0	0	366	0	0	0	0	0	0	0	0	0	0	0	0	0	0	0	0	0	0	0	0	0	0	0	0	0	0	0	0	0	0	0	0	0	0	1	
	63172	1	0	버서커용_소울카드_2nd_국내11년7월(2000)	47546	1	69DDA0	42024	48546	0	0	34139	39999	0	20029	0	911	0	Null	0	Null	0	0	0	0	1	0	0	0	0	0	0	0	2	63	255	0	0	0	0	0	0	0	0	0	0	0	0	0	0	0	0	0	0	0	0	0	0	0	0	0	0	0	0	0	1	1	1	1	1	1	1	1	99	0	0	0	0	0	0	0	0	0	0	0	0	0	0	0	0	0	0	0	0	0	0	0	0	0	0	0	0	0	0	0	0	0	0	0	0	0	0	0	0	0	0	0	0	0	1	0	0	0	0	0	0	0	0	0	0	0	0	0	`	0	0	0	0	0	0	0	0	0	0	0	0	0	0	0	0	0	0	0	0	0	0	0	0	0	0	0	0	0	0	0	0	0	0	1	
	63173	1	0	드래곤나이트용_소울카드_2nd_국내11년7월(2000)	47547	1	69DDA0	42024	48547	0	0	34140	39999	0	20029	0	911	0	Null	0	Null	0	0	0	0	1	0	0	0	0	0	0	0	2	63	255	0	0	0	0	0	0	0	0	0	0	0	0	0	0	0	0	0	0	0	0	0	0	0	0	0	0	0	0	0	1	1	1	1	1	1	1	1	99	0	0	0	0	0	0	0	0	0	0	0	0	0	0	0	0	0	0	0	0	0	0	0	0	0	0	0	0	0	0	0	0	0	0	0	0	0	0	0	0	0	0	0	0	0	1	0	0	0	0	0	0	0	0	0	0	0	0	0	368	0	0	0	0	0	0	0	0	0	0	0	0	0	0	0	0	0	0	0	0	0	0	0	0	0	0	0	0	0	0	0	0	0	0	1	
	63174	1	0	섀도우용_소울카드_2nd_국내11년7월(2000)	47548	1	69DDA0	42024	48548	0	0	34141	39999	0	20029	0	911	0	Null	0	Null	0	0	0	0	1	0	0	0	0	0	0	0	2	63	255	0	0	0	0	0	0	0	0	0	0	0	0	0	0	0	0	0	0	0	0	0	0	0	0	0	0	0	0	0	1	1	1	1	1	1	1	1	99	0	0	0	0	0	0	0	0	0	0	0	0	0	0	0	0	0	0	0	0	0	0	0	0	0	0	0	0	0	0	0	0	0	0	0	0	0	0	0	0	0	0	0	0	0	1	0	0	0	0	0	0	0	0	0	0	0	0	0	369	0	0	0	0	0	0	0	0	0	0	0	0	0	0	0	0	0	0	0	0	0	0	0	0	0	0	0	0	0	0	0	0	0	0	1	
	63175	1	0	발키리용_소울카드_2nd_국내11년7월(2000)	47549	1	69DDA0	42024	48549	0	0	34142	39999	0	20029	0	911	0	Null	0	Null	0	0	0	0	1	0	0	0	0	0	0	0	2	63	255	0	0	0	0	0	0	0	0	0	0	0	0	0	0	0	0	0	0	0	0	0	0	0	0	0	0	0	0	0	1	1	1	1	1	1	1	1	99	0	0	0	0	0	0	0	0	0	0	0	0	0	0	0	0	0	0	0	0	0	0	0	0	0	0	0	0	0	0	0	0	0	0	0	0	0	0	0	0	0	0	0	0	0	1	0	0	0	0	0	0	0	0	0	0	0	0	0	370	0	0	0	0	0	0	0	0	0	0	0	0	0	0	0	0	0	0	0	0	0	0	0	0	0	0	0	0	0	0	0	0	0	0	1	
	63176	1	0	엘리멘탈리스트용_소울카드_2nd_국내11년7월(2000)	47550	1	69DDA0	42024	48550	0	0	34143	39999	0	20029	0	911	0	Null	0	Null	0	0	0	0	1	0	0	0	0	0	0	0	2	63	255	0	0	0	0	0	0	0	0	0	0	0	0	0	0	0	0	0	0	0	0	0	0	0	0	0	0	0	0	0	1	1	1	1	1	1	1	1	99	0	0	0	0	0	0	0	0	0	0	0	0	0	0	0	0	0	0	0	0	0	0	0	0	0	0	0	0	0	0	0	0	0	0	0	0	0	0	0	0	0	0	0	0	0	1	0	0	0	0	0	0	0	0	0	0	0	0	0	371	0	0	0	0	0	0	0	0	0	0	0	0	0	0	0	0	0	0	0	0	0	0	0	0	0	0	0	0	0	0	0	0	0	0	1	
	63177	1	0	소울카드_3rd_국내11년8월(2000)	47555	1	69DDA0	42024	48555	0	0	95003	39999	0	20029	0	911	0	Null	0	Null	0	0	0	0	1	0	0	0	0	0	0	0	2	63	255	0	0	0	0	0	0	0	0	0	0	0	0	0	0	0	0	0	0	0	0	0	0	0	0	0	0	0	0	0	1	1	1	1	1	1	1	1	99	0	0	0	0	0	0	0	0	0	0	0	0	0	0	0	0	0	0	0	0	0	0	0	0	0	0	0	0	0	0	0	0	0	0	0	0	0	0	0	0	0	0	0	0	0	1	0	0	0	0	0	0	0	0	0	0	0	0	0	395	0	0	0	0	0	0	0	0	0	0	0	0	0	0	0	0	0	0	0	0	0	0	0	0	0	0	0	0	0	0	0	0	0	0	1	
	63178	1	0	러시아_일반복권_버서커	158330	1	69DDA0	42024	159330	0	0	34076	39999	0	20029	0	911	0	Null	0	Null	0	0	0	0	1	0	0	0	0	0	0	0	2	63	255	0	0	0	0	0	0	0	0	0	0	0	0	0	0	0	0	0	0	0	0	0	0	0	0	0	0	0	0	0	1	1	1	1	1	1	1	1	99	0	0	0	0	0	0	0	0	0	0	0	0	0	0	0	0	0	0	0	0	0	0	0	0	0	0	0	0	0	0	0	0	0	0	0	0	0	0	0	0	0	0	0	0	0	1	0	0	0	0	0	0	0	0	0	0	0	0	0	396	0	0	0	0	0	0	0	0	0	0	0	0	0	0	0	0	0	0	0	0	0	0	0	0	0	0	0	0	0	0	0	0	0	0	1	
	63179	1	0	러시아_일반복권_드래곤나이트	158330	1	69DDA0	42024	159330	0	0	34076	39999	0	20029	0	911	0	Null	0	Null	0	0	0	0	1	0	0	0	0	0	0	0	2	63	255	0	0	0	0	0	0	0	0	0	0	0	0	0	0	0	0	0	0	0	0	0	0	0	0	0	0	0	0	0	1	1	1	1	1	1	1	1	99	0	0	0	0	0	0	0	0	0	0	0	0	0	0	0	0	0	0	0	0	0	0	0	0	0	0	0	0	0	0	0	0	0	0	0	0	0	0	0	0	0	0	0	0	0	1	0	0	0	0	0	0	0	0	0	0	0	0	0	397	0	0	0	0	0	0	0	0	0	0	0	0	0	0	0	0	0	0	0	0	0	0	0	0	0	0	0	0	0	0	0	0	0	0	1	
	63180	1	0	러시아_일반복권_섀도우	158330	1	69DDA0	42024	159330	0	0	34076	39999	0	20029	0	911	0	Null	0	Null	0	0	0	0	1	0	0	0	0	0	0	0	2	63	255	0	0	0	0	0	0	0	0	0	0	0	0	0	0	0	0	0	0	0	0	0	0	0	0	0	0	0	0	0	1	1	1	1	1	1	1	1	99	0	0	0	0	0	0	0	0	0	0	0	0	0	0	0	0	0	0	0	0	0	0	0	0	0	0	0	0	0	0	0	0	0	0	0	0	0	0	0	0	0	0	0	0	0	1	0	0	0	0	0	0	0	0	0	0	0	0	0	398	0	0	0	0	0	0	0	0	0	0	0	0	0	0	0	0	0	0	0	0	0	0	0	0	0	0	0	0	0	0	0	0	0	0	1	
	63181	1	0	러시아_일반복권_발키리	158330	1	69DDA0	42024	159330	0	0	34076	39999	0	20029	0	911	0	Null	0	Null	0	0	0	0	1	0	0	0	0	0	0	0	2	63	255	0	0	0	0	0	0	0	0	0	0	0	0	0	0	0	0	0	0	0	0	0	0	0	0	0	0	0	0	0	1	1	1	1	1	1	1	1	99	0	0	0	0	0	0	0	0	0	0	0	0	0	0	0	0	0	0	0	0	0	0	0	0	0	0	0	0	0	0	0	0	0	0	0	0	0	0	0	0	0	0	0	0	0	1	0	0	0	0	0	0	0	0	0	0	0	0	0	399	0	0	0	0	0	0	0	0	0	0	0	0	0	0	0	0	0	0	0	0	0	0	0	0	0	0	0	0	0	0	0	0	0	0	1	
	63182	1	0	러시아_일반복권_엘리멘탈리스트	158330	1	69DDA0	42024	159330	0	0	34076	39999	0	20029	0	911	0	Null	0	Null	0	0	0	0	1	0	0	0	0	0	0	0	2	63	255	0	0	0	0	0	0	0	0	0	0	0	0	0	0	0	0	0	0	0	0	0	0	0	0	0	0	0	0	0	1	1	1	1	1	1	1	1	99	0	0	0	0	0	0	0	0	0	0	0	0	0	0	0	0	0	0	0	0	0	0	0	0	0	0	0	0	0	0	0	0	0	0	0	0	0	0	0	0	0	0	0	0	0	1	0	0	0	0	0	0	0	0	0	0	0	0	0	400	0	0	0	0	0	0	0	0	0	0	0	0	0	0	0	0	0	0	0	0	0	0	0	0	0	0	0	0	0	0	0	0	0	0	1	
	63183	1	0	버서커용_소울카드_4th_국내11년10월(2000)	47565	1	69DDA0	42024	48565	0	0	34139	39999	0	20029	0	911	0	Null	0	Null	0	0	0	0	1	0	0	0	0	0	0	0	2	63	255	0	0	0	0	0	0	0	0	0	0	0	0	0	0	0	0	0	0	0	0	0	0	0	0	0	0	0	0	0	1	1	1	1	1	1	1	1	99	0	0	0	0	0	0	0	0	0	0	0	0	0	0	0	0	0	0	0	0	0	0	0	0	0	0	0	0	0	0	0	0	0	0	0	0	0	0	0	0	0	0	0	0	0	1	0	0	0	0	0	0	0	0	0	0	0	0	0	406	0	0	0	0	0	0	0	0	0	0	0	0	0	0	0	0	0	0	0	0	0	0	0	0	0	0	0	0	0	0	0	0	0	0	1	
	63184	1	0	드래곤나이트용_소울카드_4th_국내11년10월(2000)	47566	1	69DDA0	42024	48566	0	0	34140	39999	0	20029	0	911	0	Null	0	Null	0	0	0	0	1	0	0	0	0	0	0	0	2	63	255	0	0	0	0	0	0	0	0	0	0	0	0	0	0	0	0	0	0	0	0	0	0	0	0	0	0	0	0	0	1	1	1	1	1	1	1	1	99	0	0	0	0	0	0	0	0	0	0	0	0	0	0	0	0	0	0	0	0	0	0	0	0	0	0	0	0	0	0	0	0	0	0	0	0	0	0	0	0	0	0	0	0	0	1	0	0	0	0	0	0	0	0	0	0	0	0	0	407	0	0	0	0	0	0	0	0	0	0	0	0	0	0	0	0	0	0	0	0	0	0	0	0	0	0	0	0	0	0	0	0	0	0	1	
	63185	1	0	섀도우용_소울카드_4th_국내11년10월(2000)	47567	1	69DDA0	42024	48567	0	0	34141	39999	0	20029	0	911	0	Null	0	Null	0	0	0	0	1	0	0	0	0	0	0	0	2	63	255	0	0	0	0	0	0	0	0	0	0	0	0	0	0	0	0	0	0	0	0	0	0	0	0	0	0	0	0	0	1	1	1	1	1	1	1	1	99	0	0	0	0	0	0	0	0	0	0	0	0	0	0	0	0	0	0	0	0	0	0	0	0	0	0	0	0	0	0	0	0	0	0	0	0	0	0	0	0	0	0	0	0	0	1	0	0	0	0	0	0	0	0	0	0	0	0	0	408	0	0	0	0	0	0	0	0	0	0	0	0	0	0	0	0	0	0	0	0	0	0	0	0	0	0	0	0	0	0	0	0	0	0	1	
	63186	1	0	발키리용_소울카드_4th_국내11년10월(2000)	47568	1	69DDA0	42024	48568	0	0	34142	39999	0	20029	0	911	0	Null	0	Null	0	0	0	0	1	0	0	0	0	0	0	0	2	63	255	0	0	0	0	0	0	0	0	0	0	0	0	0	0	0	0	0	0	0	0	0	0	0	0	0	0	0	0	0	1	1	1	1	1	1	1	1	99	0	0	0	0	0	0	0	0	0	0	0	0	0	0	0	0	0	0	0	0	0	0	0	0	0	0	0	0	0	0	0	0	0	0	0	0	0	0	0	0	0	0	0	0	0	1	0	0	0	0	0	0	0	0	0	0	0	0	0	409	0	0	0	0	0	0	0	0	0	0	0	0	0	0	0	0	0	0	0	0	0	0	0	0	0	0	0	0	0	0	0	0	0	0	1	
	63187	1	0	엘리멘탈리스트용_소울카드_4th_국내11년10월(2000)	47569	1	69DDA0	42024	48569	0	0	34143	39999	0	20029	0	911	0	Null	0	Null	0	0	0	0	1	0	0	0	0	0	0	0	2	63	255	0	0	0	0	0	0	0	0	0	0	0	0	0	0	0	0	0	0	0	0	0	0	0	0	0	0	0	0	0	1	1	1	1	1	1	1	1	99	0	0	0	0	0	0	0	0	0	0	0	0	0	0	0	0	0	0	0	0	0	0	0	0	0	0	0	0	0	0	0	0	0	0	0	0	0	0	0	0	0	0	0	0	0	1	0	0	0	0	0	0	0	0	0	0	0	0	0	410	0	0	0	0	0	0	0	0	0	0	0	0	0	0	0	0	0	0	0	0	0	0	0	0	0	0	0	0	0	0	0	0	0	0	1	
//	63188	1	0	이스라필의낡모래시계	43081	1	69DDA0	9445	44081	0	0	73556	39918	0	20063	0	911	0	Null	0	Null	0	1	0	0	1	0	0	0	0	0	0	0	2	263	255	0	0	0	0	0	0	0	0	0	0	0	0	0	0	0	0	0	0	0	0	0	0	0	0	0	0	0	0	0	0	0	0	0	0	0	0	0	99	0	0	0	0	0	0	0	0	0	0	0	0	0	0	0	0	0	0	0	0	0	0	0	0	0	0	0	0	0	0	0	0	0	0	0	0	0	0	0	0	0	0	0	0	0	255	0	0	0	0	0	0	0	0	0	0	0	0	0	0	0	0	0	0	0	0	0	0	0	0	0	0	0	0	0	0	0	0	0	0	0	0	0	0	0	0	0	0	0	0	0	0	0	0	
//	63189	1	0	이스라필의평범한모래시계	43082	1	69DDA0	9445	44082	0	0	73557	39918	0	20063	0	911	0	Null	0	Null	0	2	0	0	1	0	0	0	0	0	0	0	2	263	255	0	0	0	0	0	0	0	0	0	0	0	0	0	0	0	0	0	0	0	0	0	0	0	0	0	0	0	0	0	0	0	0	0	0	0	0	0	99	0	0	0	0	0	0	0	0	0	0	0	0	0	0	0	0	0	0	0	0	0	0	0	0	0	0	0	0	0	0	0	0	0	0	0	0	0	0	0	0	0	0	0	0	0	255	0	0	0	0	0	0	0	0	0	0	0	0	0	0	0	0	0	0	0	0	0	0	0	0	0	0	0	0	0	0	0	0	0	0	0	0	0	0	0	0	0	0	0	0	0	0	0	0	
//	63190	1	0	이스라필의고급모래시계	43083	1	69DDA0	9445	44083	0	0	73558	39918	0	20063	0	911	0	Null	0	Null	0	2	0	0	1	0	0	0	0	0	0	0	2	263	255	0	0	0	0	0	0	0	0	0	0	0	0	0	0	0	0	0	0	0	0	0	0	0	0	0	0	0	0	0	0	0	0	0	0	0	0	0	99	0	0	0	0	0	0	0	0	0	0	0	0	0	0	0	0	0	0	0	0	0	0	0	0	0	0	0	0	0	0	0	0	0	0	0	0	0	0	0	0	0	0	0	0	0	255	0	0	0	0	0	0	0	0	0	0	0	0	0	0	0	0	0	0	0	0	0	0	0	0	0	0	0	0	0	0	0	0	0	0	0	0	0	0	0	0	0	0	0	0	0	0	0	0	
	63191	1	0	청색시약(인첸트다운방지)	40083	1	69DDA0	40003	41083	0	0	73554	39918	0	921	0	911	0	Null	0	Null	0	1	0	0	1	0	0	0	0	0	0	0	5	6	255	0	0	0	0	0	0	0	0	0	0	0	0	0	0	0	0	0	0	0	0	0	0	0	0	0	0	0	0	0	1	1	1	1	1	1	1	1	99	0	0	0	0	0	0	0	0	0	0	0	0	0	0	0	0	0	0	0	0	0	0	0	0	0	0	0	0	0	0	0	0	0	0	0	0	0	0	0	0	0	0	0	0	0	255	0	0	0	0	0	0	0	0	0	0	0	0	0	0	0	0	0	0	0	0	0	0	0	0	0	0	0	0	0	0	0	0	0	0	0	0	0	0	0	0	0	0	0	0	0	0	0	0	1	
	63192	1	0	적색시약(인첸트소멸방지)	40084	1	69DDA0	40003	41084	0	0	73555	39918	0	921	0	911	0	Null	0	Null	0	2	0	0	1	0	0	0	0	0	0	0	5	6	255	0	0	0	0	0	0	0	0	0	0	0	0	0	0	0	0	0	0	0	0	0	0	0	0	0	0	0	0	0	1	1	1	1	1	1	1	1	99	0	0	0	0	0	0	0	0	0	0	0	0	0	0	0	0	0	0	0	0	0	0	0	0	0	0	0	0	0	0	0	0	0	0	0	0	0	0	0	0	0	0	0	0	0	255	0	0	0	0	0	0	0	0	0	0	0	0	0	0	0	0	0	0	0	0	0	0	0	0	0	0	0	0	0	0	0	0	0	0	0	0	0	0	0	0	0	0	0	0	0	0	0	0	1	
	63351	1	3	크리스탈펠레스(PC방효과아이템)	45801	1	69DDA0	45802	46801	0	0	73559	39918	0	20065	0	911	0	Null	0	Null	0	0	0	0	1	0	0	0	0	0	0	0	4	6	255	0	0	0	0	0	0	0	0	0	0	0	0	0	0	0	0	0	0	0	0	0	0	0	0	0	0	0	0	0	1	1	1	1	1	1	1	1	99	1	97	1	1	0	0	0	0	0	0	0	0	0	0	0	0	0	0	0	0	0	0	0	0	0	0	0	0	0	0	0	0	0	0	0	0	0	0	0	0	0	0	0	0	0	1	0	0	0	0	0	0	0	0	0	0	0	0	0	0	0	0	0	0	0	0	0	0	0	0	0	0	0	0	0	0	0	0	0	0	0	0	0	0	0	0	0	0	0	0	0	0	0	0	1	
	63352	1	0	글로벌복권_Delight_B	43107	1	69DDA0	42024	48309	0	0	34139	39999	0	20029	0	911	0	Null	0	Null	0	0	0	0	1	0	0	0	0	0	0	0	2	455	255	0	0	0	0	0	0	0	0	0	0	0	0	0	0	0	0	0	0	0	0	0	0	0	0	0	0	0	0	0	1	1	1	1	1	1	1	1	99	0	0	0	0	0	0	0	0	0	0	0	0	0	0	0	0	0	0	0	0	0	0	0	0	0	0	0	0	0	0	0	0	0	0	0	0	0	0	0	0	0	0	0	0	0	1	0	0	0	0	0	0	0	0	0	0	0	0	0	1086	0	0	0	0	0	0	0	0	0	0	0	0	0	0	0	0	0	0	0	0	0	0	0	0	0	0	0	0	0	0	0	0	0	0	1	
	63353	1	0	글로벌복권_Delight_D	43108	1	69DDA0	42024	48309	0	0	34140	39999	0	20029	0	911	0	Null	0	Null	0	0	0	0	1	0	0	0	0	0	0	0	2	455	255	0	0	0	0	0	0	0	0	0	0	0	0	0	0	0	0	0	0	0	0	0	0	0	0	0	0	0	0	0	1	1	1	1	1	1	1	1	99	0	0	0	0	0	0	0	0	0	0	0	0	0	0	0	0	0	0	0	0	0	0	0	0	0	0	0	0	0	0	0	0	0	0	0	0	0	0	0	0	0	0	0	0	0	1	0	0	0	0	0	0	0	0	0	0	0	0	0	1087	0	0	0	0	0	0	0	0	0	0	0	0	0	0	0	0	0	0	0	0	0	0	0	0	0	0	0	0	0	0	0	0	0	0	1	
	63354	1	0	글로벌복권_Delight_V	43109	1	69DDA0	42024	48309	0	0	34142	39999	0	20029	0	911	0	Null	0	Null	0	0	0	0	1	0	0	0	0	0	0	0	2	455	255	0	0	0	0	0	0	0	0	0	0	0	0	0	0	0	0	0	0	0	0	0	0	0	0	0	0	0	0	0	1	1	1	1	1	1	1	1	99	0	0	0	0	0	0	0	0	0	0	0	0	0	0	0	0	0	0	0	0	0	0	0	0	0	0	0	0	0	0	0	0	0	0	0	0	0	0	0	0	0	0	0	0	0	1	0	0	0	0	0	0	0	0	0	0	0	0	0	1089	0	0	0	0	0	0	0	0	0	0	0	0	0	0	0	0	0	0	0	0	0	0	0	0	0	0	0	0	0	0	0	0	0	0	1	
	63355	1	0	글로벌복권_Delight_E	43110	1	69DDA0	42024	48309	0	0	34143	39999	0	20029	0	911	0	Null	0	Null	0	0	0	0	1	0	0	0	0	0	0	0	2	455	255	0	0	0	0	0	0	0	0	0	0	0	0	0	0	0	0	0	0	0	0	0	0	0	0	0	0	0	0	0	1	1	1	1	1	1	1	1	99	0	0	0	0	0	0	0	0	0	0	0	0	0	0	0	0	0	0	0	0	0	0	0	0	0	0	0	0	0	0	0	0	0	0	0	0	0	0	0	0	0	0	0	0	0	1	0	0	0	0	0	0	0	0	0	0	0	0	0	1088	0	0	0	0	0	0	0	0	0	0	0	0	0	0	0	0	0	0	0	0	0	0	0	0	0	0	0	0	0	0	0	0	0	0	1	
	63356	1	0	글로벌복권_Delight_S	43111	1	69DDA0	42024	48309	0	0	34141	39999	0	20029	0	911	0	Null	0	Null	0	0	0	0	1	0	0	0	0	0	0	0	2	455	255	0	0	0	0	0	0	0	0	0	0	0	0	0	0	0	0	0	0	0	0	0	0	0	0	0	0	0	0	0	1	1	1	1	1	1	1	1	99	0	0	0	0	0	0	0	0	0	0	0	0	0	0	0	0	0	0	0	0	0	0	0	0	0	0	0	0	0	0	0	0	0	0	0	0	0	0	0	0	0	0	0	0	0	1	0	0	0	0	0	0	0	0	0	0	0	0	0	1090	0	0	0	0	0	0	0	0	0	0	0	0	0	0	0	0	0	0	0	0	0	0	0	0	0	0	0	0	0	0	0	0	0	0	1	
	63357	1	0	글로벌복권_Fortune_B	43112	1	69DDA0	42024	48309	0	0	34196	39999	0	20029	0	911	0	Null	0	Null	0	0	0	0	1	0	0	0	0	0	0	0	2	455	255	0	0	0	0	0	0	0	0	0	0	0	0	0	0	0	0	0	0	0	0	0	0	0	0	0	0	0	0	0	1	1	1	1	1	1	1	1	99	0	0	0	0	0	0	0	0	0	0	0	0	0	0	0	0	0	0	0	0	0	0	0	0	0	0	0	0	0	0	0	0	0	0	0	0	0	0	0	0	0	0	0	0	0	1	0	0	0	0	0	0	0	0	0	0	0	0	0	1091	0	0	0	0	0	0	0	0	0	0	0	0	0	0	0	0	0	0	0	0	0	0	0	0	0	0	0	0	0	0	0	0	0	0	1	
	63358	1	0	글로벌복권_Fortune_D	43113	1	69DDA0	42024	48309	0	0	34197	39999	0	20029	0	911	0	Null	0	Null	0	0	0	0	1	0	0	0	0	0	0	0	2	455	255	0	0	0	0	0	0	0	0	0	0	0	0	0	0	0	0	0	0	0	0	0	0	0	0	0	0	0	0	0	1	1	1	1	1	1	1	1	99	0	0	0	0	0	0	0	0	0	0	0	0	0	0	0	0	0	0	0	0	0	0	0	0	0	0	0	0	0	0	0	0	0	0	0	0	0	0	0	0	0	0	0	0	0	1	0	0	0	0	0	0	0	0	0	0	0	0	0	1092	0	0	0	0	0	0	0	0	0	0	0	0	0	0	0	0	0	0	0	0	0	0	0	0	0	0	0	0	0	0	0	0	0	0	1	
	63359	1	0	글로벌복권_Fortune_V	43114	1	69DDA0	42024	48309	0	0	34199	39999	0	20029	0	911	0	Null	0	Null	0	0	0	0	1	0	0	0	0	0	0	0	2	455	255	0	0	0	0	0	0	0	0	0	0	0	0	0	0	0	0	0	0	0	0	0	0	0	0	0	0	0	0	0	1	1	1	1	1	1	1	1	99	0	0	0	0	0	0	0	0	0	0	0	0	0	0	0	0	0	0	0	0	0	0	0	0	0	0	0	0	0	0	0	0	0	0	0	0	0	0	0	0	0	0	0	0	0	1	0	0	0	0	0	0	0	0	0	0	0	0	0	1094	0	0	0	0	0	0	0	0	0	0	0	0	0	0	0	0	0	0	0	0	0	0	0	0	0	0	0	0	0	0	0	0	0	0	1	
	63360	1	0	글로벌복권_Fortune_E	43115	1	69DDA0	42024	48309	0	0	34200	39999	0	20029	0	911	0	Null	0	Null	0	0	0	0	1	0	0	0	0	0	0	0	2	455	255	0	0	0	0	0	0	0	0	0	0	0	0	0	0	0	0	0	0	0	0	0	0	0	0	0	0	0	0	0	1	1	1	1	1	1	1	1	99	0	0	0	0	0	0	0	0	0	0	0	0	0	0	0	0	0	0	0	0	0	0	0	0	0	0	0	0	0	0	0	0	0	0	0	0	0	0	0	0	0	0	0	0	0	1	0	0	0	0	0	0	0	0	0	0	0	0	0	1093	0	0	0	0	0	0	0	0	0	0	0	0	0	0	0	0	0	0	0	0	0	0	0	0	0	0	0	0	0	0	0	0	0	0	1	
	63361	1	0	글로벌복권_Fortune_S	43116	1	69DDA0	42024	48309	0	0	34198	39999	0	20029	0	911	0	Null	0	Null	0	0	0	0	1	0	0	0	0	0	0	0	2	455	255	0	0	0	0	0	0	0	0	0	0	0	0	0	0	0	0	0	0	0	0	0	0	0	0	0	0	0	0	0	1	1	1	1	1	1	1	1	99	0	0	0	0	0	0	0	0	0	0	0	0	0	0	0	0	0	0	0	0	0	0	0	0	0	0	0	0	0	0	0	0	0	0	0	0	0	0	0	0	0	0	0	0	0	1	0	0	0	0	0	0	0	0	0	0	0	0	0	1095	0	0	0	0	0	0	0	0	0	0	0	0	0	0	0	0	0	0	0	0	0	0	0	0	0	0	0	0	0	0	0	0	0	0	1	
	63407	1	0	글로벌복권_Delight_M	43117	1	69DDA0	42024	48309	0	0	34201	39999	0	20029	0	911	0	Null	0	Null	0	0	0	0	1	0	0	0	0	0	0	0	2	455	255	0	0	0	0	0	0	0	0	0	0	0	0	0	0	0	0	0	0	0	0	0	0	0	0	0	0	0	0	0	1	1	1	1	1	1	1	1	99	0	0	0	0	0	0	0	0	0	0	0	0	0	0	0	0	0	0	0	0	0	0	0	0	0	0	0	0	0	0	0	0	0	0	0	0	0	0	0	0	0	0	0	0	0	1	0	0	0	0	0	0	0	0	0	0	0	0	0	1207	0	0	0	0	0	0	0	0	0	0	0	0	0	0	0	0	0	0	0	0	0	0	0	0	0	0	0	0	0	0	0	0	0	0	1	
	63408	1	0	글로벌복권_Fortune_M	43118	1	69DDA0	42024	48309	0	0	34202	39999	0	20029	0	911	0	Null	0	Null	0	0	0	0	1	0	0	0	0	0	0	0	2	455	255	0	0	0	0	0	0	0	0	0	0	0	0	0	0	0	0	0	0	0	0	0	0	0	0	0	0	0	0	0	1	1	1	1	1	1	1	1	99	0	0	0	0	0	0	0	0	0	0	0	0	0	0	0	0	0	0	0	0	0	0	0	0	0	0	0	0	0	0	0	0	0	0	0	0	0	0	0	0	0	0	0	0	0	1	0	0	0	0	0	0	0	0	0	0	0	0	0	1208	0	0	0	0	0	0	0	0	0	0	0	0	0	0	0	0	0	0	0	0	0	0	0	0	0	0	0	0	0	0	0	0	0	0	1	
	63362	1	0	국내2012년_11월_프리미엄가챠	159855	1	69DDA0	42024	159856	0	0	25358	39999	0	20029	0	911	0	Null	0	Null	0	0	0	0	1	0	0	0	0	0	0	0	2	22	255	0	0	0	0	0	0	0	0	0	0	0	0	0	0	0	0	0	0	0	0	0	0	0	0	0	0	0	0	0	1	1	1	1	1	1	1	1	99	0	0	0	0	0	0	0	0	0	0	0	0	0	0	0	0	0	0	0	0	0	0	0	0	0	0	0	0	0	0	0	0	0	0	0	0	0	0	0	0	0	0	0	0	0	1	0	0	0	0	0	0	0	0	0	0	0	0	0	1175	0	0	0	0	0	0	0	0	0	0	0	0	0	0	0	0	0	0	0	0	0	0	0	0	0	0	0	0	0	0	0	0	0	0	1	
	63363	1	0	미완의타락한사원무기상자0인챈_랜덤소켓(버서커)	159857	1	69DDA0	42024	159863	0	0	74011	39999	0	20029	0	911	0	Null	0	Null	0	0	0	0	1	0	0	0	0	0	0	0	2	22	255	0	0	0	0	0	0	0	0	0	0	0	0	0	0	0	0	0	0	0	0	0	0	0	0	0	0	0	0	0	1	1	1	1	1	1	1	1	99	0	0	0	0	0	0	0	0	0	0	0	0	0	0	0	0	0	0	0	0	0	0	0	0	0	0	0	0	0	0	0	0	0	0	0	0	0	0	0	0	0	0	0	0	0	1	0	0	0	0	0	0	0	0	0	0	0	0	0	1176	0	0	0	0	0	0	0	0	0	0	0	0	0	0	0	0	0	0	0	0	0	0	0	0	0	0	0	0	0	0	0	0	0	0	1	
	63364	1	0	미완의타락한사원무기상자0인챈_랜덤소켓(드래곤)	159858	1	69DDA0	42024	159864	0	0	74011	39999	0	20029	0	911	0	Null	0	Null	0	0	0	0	1	0	0	0	0	0	0	0	2	22	255	0	0	0	0	0	0	0	0	0	0	0	0	0	0	0	0	0	0	0	0	0	0	0	0	0	0	0	0	0	1	1	1	1	1	1	1	1	99	0	0	0	0	0	0	0	0	0	0	0	0	0	0	0	0	0	0	0	0	0	0	0	0	0	0	0	0	0	0	0	0	0	0	0	0	0	0	0	0	0	0	0	0	0	1	0	0	0	0	0	0	0	0	0	0	0	0	0	1177	0	0	0	0	0	0	0	0	0	0	0	0	0	0	0	0	0	0	0	0	0	0	0	0	0	0	0	0	0	0	0	0	0	0	1	
	63365	1	0	미완의타락한사원무기상자0인챈_랜덤소켓(발키리)	159859	1	69DDA0	42024	159865	0	0	74011	39999	0	20029	0	911	0	Null	0	Null	0	0	0	0	1	0	0	0	0	0	0	0	2	22	255	0	0	0	0	0	0	0	0	0	0	0	0	0	0	0	0	0	0	0	0	0	0	0	0	0	0	0	0	0	1	1	1	1	1	1	1	1	99	0	0	0	0	0	0	0	0	0	0	0	0	0	0	0	0	0	0	0	0	0	0	0	0	0	0	0	0	0	0	0	0	0	0	0	0	0	0	0	0	0	0	0	0	0	1	0	0	0	0	0	0	0	0	0	0	0	0	0	1178	0	0	0	0	0	0	0	0	0	0	0	0	0	0	0	0	0	0	0	0	0	0	0	0	0	0	0	0	0	0	0	0	0	0	1	
	63366	1	0	미완의타락한사원무기상자0인챈_랜덤소켓(엘리)	159860	1	69DDA0	42024	159866	0	0	74011	39999	0	20029	0	911	0	Null	0	Null	0	0	0	0	1	0	0	0	0	0	0	0	2	22	255	0	0	0	0	0	0	0	0	0	0	0	0	0	0	0	0	0	0	0	0	0	0	0	0	0	0	0	0	0	1	1	1	1	1	1	1	1	99	0	0	0	0	0	0	0	0	0	0	0	0	0	0	0	0	0	0	0	0	0	0	0	0	0	0	0	0	0	0	0	0	0	0	0	0	0	0	0	0	0	0	0	0	0	1	0	0	0	0	0	0	0	0	0	0	0	0	0	1179	0	0	0	0	0	0	0	0	0	0	0	0	0	0	0	0	0	0	0	0	0	0	0	0	0	0	0	0	0	0	0	0	0	0	1	
	63367	1	0	미완의타락한사원무기상자0인챈_랜덤소켓(섀도우)	159861	1	69DDA0	42024	159867	0	0	74011	39999	0	20029	0	911	0	Null	0	Null	0	0	0	0	1	0	0	0	0	0	0	0	2	22	255	0	0	0	0	0	0	0	0	0	0	0	0	0	0	0	0	0	0	0	0	0	0	0	0	0	0	0	0	0	1	1	1	1	1	1	1	1	99	0	0	0	0	0	0	0	0	0	0	0	0	0	0	0	0	0	0	0	0	0	0	0	0	0	0	0	0	0	0	0	0	0	0	0	0	0	0	0	0	0	0	0	0	0	1	0	0	0	0	0	0	0	0	0	0	0	0	0	1180	0	0	0	0	0	0	0	0	0	0	0	0	0	0	0	0	0	0	0	0	0	0	0	0	0	0	0	0	0	0	0	0	0	0	1	
	63368	1	0	미완의타락한사원무기상자0인챈_랜덤소켓(미스틱)	159862	1	69DDA0	42024	159868	0	0	74011	39999	0	20029	0	911	0	Null	0	Null	0	0	0	0	1	0	0	0	0	0	0	0	2	22	255	0	0	0	0	0	0	0	0	0	0	0	0	0	0	0	0	0	0	0	0	0	0	0	0	0	0	0	0	0	1	1	1	1	1	1	1	1	99	0	0	0	0	0	0	0	0	0	0	0	0	0	0	0	0	0	0	0	0	0	0	0	0	0	0	0	0	0	0	0	0	0	0	0	0	0	0	0	0	0	0	0	0	0	1	0	0	0	0	0	0	0	0	0	0	0	0	0	1181	0	0	0	0	0	0	0	0	0	0	0	0	0	0	0	0	0	0	0	0	0	0	0	0	0	0	0	0	0	0	0	0	0	0	1	
	63369	1	0	미스틱헤어3	2620	1	69DDA0	42024	2621	0	0	61205	39918	0	20049	0	911	0	Null	0	Null	0	0	0	0	1	0	0	0	0	0	0	0	2	6	255	0	0	0	0	0	0	0	0	0	0	0	0	0	0	0	0	0	0	0	0	0	0	0	0	0	0	0	0	0	0	0	0	0	0	1	0	0	99	0	0	0	0	0	0	0	0	0	0	0	0	0	0	0	0	0	0	0	0	0	0	0	0	0	0	0	0	0	0	0	0	0	0	0	0	0	0	0	0	0	0	0	0	0	1	0	0	0	0	8	0	0	0	0	0	0	0	0	0	0	0	0	0	0	0	0	0	0	0	0	0	0	0	0	0	0	0	0	0	0	0	0	0	0	0	0	0	0	0	0	0	0	0	0	
	63370	1	0	미스틱헤어4	2622	1	69DDA0	42024	2623	0	0	61206	39918	0	20049	0	911	0	Null	0	Null	0	0	0	0	1	0	0	0	0	0	0	0	2	6	255	0	0	0	0	0	0	0	0	0	0	0	0	0	0	0	0	0	0	0	0	0	0	0	0	0	0	0	0	0	0	0	0	0	0	1	0	0	99	0	0	0	0	0	0	0	0	0	0	0	0	0	0	0	0	0	0	0	0	0	0	0	0	0	0	0	0	0	0	0	0	0	0	0	0	0	0	0	0	0	0	0	0	0	1	0	0	0	0	9	0	0	0	0	0	0	0	0	0	0	0	0	0	0	0	0	0	0	0	0	0	0	0	0	0	0	0	0	0	0	0	0	0	0	0	0	0	0	0	0	0	0	0	0	
	63371	1	0	미스틱헤어5	2624	1	69DDA0	42024	2625	0	0	61207	39918	0	20049	0	911	0	Null	0	Null	0	0	0	0	1	0	0	0	0	0	0	0	2	6	255	0	0	0	0	0	0	0	0	0	0	0	0	0	0	0	0	0	0	0	0	0	0	0	0	0	0	0	0	0	0	0	0	0	0	1	0	0	99	0	0	0	0	0	0	0	0	0	0	0	0	0	0	0	0	0	0	0	0	0	0	0	0	0	0	0	0	0	0	0	0	0	0	0	0	0	0	0	0	0	0	0	0	0	1	0	0	0	0	10	0	0	0	0	0	0	0	0	0	0	0	0	0	0	0	0	0	0	0	0	0	0	0	0	0	0	0	0	0	0	0	0	0	0	0	0	0	0	0	0	0	0	0	0	
	63372	1	0	미스틱헤어6	2626	1	69DDA0	42024	2627	0	0	61208	39918	0	20049	0	911	0	Null	0	Null	0	0	0	0	1	0	0	0	0	0	0	0	2	6	255	0	0	0	0	0	0	0	0	0	0	0	0	0	0	0	0	0	0	0	0	0	0	0	0	0	0	0	0	0	0	0	0	0	0	1	0	0	99	0	0	0	0	0	0	0	0	0	0	0	0	0	0	0	0	0	0	0	0	0	0	0	0	0	0	0	0	0	0	0	0	0	0	0	0	0	0	0	0	0	0	0	0	0	1	0	0	0	0	11	0	0	0	0	0	0	0	0	0	0	0	0	0	0	0	0	0	0	0	0	0	0	0	0	0	0	0	0	0	0	0	0	0	0	0	0	0	0	0	0	0	0	0	0	
	63373	1	0	미스틱헤어7	2628	1	69DDA0	42024	2629	0	0	61209	39918	0	20049	0	911	0	Null	0	Null	0	0	0	0	1	0	0	0	0	0	0	0	2	6	255	0	0	0	0	0	0	0	0	0	0	0	0	0	0	0	0	0	0	0	0	0	0	0	0	0	0	0	0	0	0	0	0	0	0	1	0	0	99	0	0	0	0	0	0	0	0	0	0	0	0	0	0	0	0	0	0	0	0	0	0	0	0	0	0	0	0	0	0	0	0	0	0	0	0	0	0	0	0	0	0	0	0	0	1	0	0	0	0	12	0	0	0	0	0	0	0	0	0	0	0	0	0	0	0	0	0	0	0	0	0	0	0	0	0	0	0	0	0	0	0	0	0	0	0	0	0	0	0	0	0	0	0	0	
	63374	1	0	미스틱헤어8	2630	1	69DDA0	42024	2631	0	0	61210	39918	0	20049	0	911	0	Null	0	Null	0	0	0	0	1	0	0	0	0	0	0	0	2	6	255	0	0	0	0	0	0	0	0	0	0	0	0	0	0	0	0	0	0	0	0	0	0	0	0	0	0	0	0	0	0	0	0	0	0	1	0	0	99	0	0	0	0	0	0	0	0	0	0	0	0	0	0	0	0	0	0	0	0	0	0	0	0	0	0	0	0	0	0	0	0	0	0	0	0	0	0	0	0	0	0	0	0	0	1	0	0	0	0	13	0	0	0	0	0	0	0	0	0	0	0	0	0	0	0	0	0	0	0	0	0	0	0	0	0	0	0	0	0	0	0	0	0	0	0	0	0	0	0	0	0	0	0	0	
	63375	1	0	미스틱헤어9	2632	1	69DDA0	42024	2633	0	0	61211	39918	0	20049	0	911	0	Null	0	Null	0	0	0	0	1	0	0	0	0	0	0	0	2	6	255	0	0	0	0	0	0	0	0	0	0	0	0	0	0	0	0	0	0	0	0	0	0	0	0	0	0	0	0	0	0	0	0	0	0	1	0	0	99	0	0	0	0	0	0	0	0	0	0	0	0	0	0	0	0	0	0	0	0	0	0	0	0	0	0	0	0	0	0	0	0	0	0	0	0	0	0	0	0	0	0	0	0	0	1	0	0	0	0	14	0	0	0	0	0	0	0	0	0	0	0	0	0	0	0	0	0	0	0	0	0	0	0	0	0	0	0	0	0	0	0	0	0	0	0	0	0	0	0	0	0	0	0	0	
//일본복권추가_미스틱								#N/A																																																																																																																																																																	
	63376	1	0	럭셔리티켓(1000엔)_미스틱	48216	1	69DDA0	42024	48047	0	0	33821	39999	0	20029	0	911	0	Null	0	Null	0	0	0	0	1	0	0	0	0	0	0	0	2	22	255	0	0	0	0	0	0	0	0	0	0	0	0	0	0	0	0	0	0	0	0	0	0	0	0	0	0	0	0	0	1	1	1	1	1	1	1	1	99	0	0	0	0	0	0	0	0	0	0	0	0	0	0	0	0	0	0	0	0	0	0	0	0	0	0	0	0	0	0	0	0	0	0	0	0	0	0	0	0	0	0	0	0	0	1	0	0	0	0	0	0	0	0	0	0	0	0	0	1183	0	0	0	0	0	0	0	0	0	0	0	0	0	0	0	0	0	0	0	0	0	0	0	0	0	0	0	0	0	0	0	0	0	0	1	
	63377	1	0	럭셔리티켓프티(500엔)_미스틱	48217	1	69DDA0	42024	48047	0	0	33822	39999	0	20029	0	911	0	Null	0	Null	0	0	0	0	1	0	0	0	0	0	0	0	2	22	255	0	0	0	0	0	0	0	0	0	0	0	0	0	0	0	0	0	0	0	0	0	0	0	0	0	0	0	0	0	1	1	1	1	1	1	1	1	99	0	0	0	0	0	0	0	0	0	0	0	0	0	0	0	0	0	0	0	0	0	0	0	0	0	0	0	0	0	0	0	0	0	0	0	0	0	0	0	0	0	0	0	0	0	1	0	0	0	0	0	0	0	0	0	0	0	0	0	1184	0	0	0	0	0	0	0	0	0	0	0	0	0	0	0	0	0	0	0	0	0	0	0	0	0	0	0	0	0	0	0	0	0	0	1	
	63378	1	0	럭셔리티켓미디(특별)_미스틱	48218	1	69DDA0	42024	48047	0	0	33823	39999	0	20029	0	911	0	Null	0	Null	0	0	0	0	1	0	0	0	0	0	0	0	2	63	255	0	0	0	0	0	0	0	0	0	0	0	0	0	0	0	0	0	0	0	0	0	0	0	0	0	0	0	0	0	1	1	1	1	1	1	1	1	99	0	0	0	0	0	0	0	0	0	0	0	0	0	0	0	0	0	0	0	0	0	0	0	0	0	0	0	0	0	0	0	0	0	0	0	0	0	0	0	0	0	0	0	0	0	1	0	0	0	0	0	0	0	0	0	0	0	0	0	1185	0	0	0	0	0	0	0	0	0	0	0	0	0	0	0	0	0	0	0	0	0	0	0	0	0	0	0	0	0	0	0	0	0	0	1	
	63452	1	0	미완의타락한사원방어구상자0인챈_랜덤소켓(버서커)	159876	1	69DDA0	42022	159882	0	0	74011	39999	0	20029	0	911	0	Null	0	Null	0	0	0	0	1	0	0	0	0	0	0	0	2	22	255	0	0	0	0	0	0	0	0	0	0	0	0	0	0	0	0	0	0	0	0	0	0	0	0	0	0	0	0	0	1	1	1	1	1	1	1	1	99	0	0	0	0	0	0	0	0	0	0	0	0	0	0	0	0	0	0	0	0	0	0	0	0	0	0	0	0	0	0	0	0	0	0	0	0	0	0	0	0	0	0	0	0	0	1	0	0	0	0	0	0	0	0	0	0	0	0	0	1338	0	0	0	0	0	0	0	0	0	0	0	0	0	0	0	0	0	0	0	0	0	0	0	0	0	0	0	0	0	0	0	0	0	0	1	
	63453	1	0	미완의타락한사원방어구상자0인챈_랜덤소켓(드래곤)	159877	1	69DDA0	42022	159883	0	0	74011	39999	0	20029	0	911	0	Null	0	Null	0	0	0	0	1	0	0	0	0	0	0	0	2	22	255	0	0	0	0	0	0	0	0	0	0	0	0	0	0	0	0	0	0	0	0	0	0	0	0	0	0	0	0	0	1	1	1	1	1	1	1	1	99	0	0	0	0	0	0	0	0	0	0	0	0	0	0	0	0	0	0	0	0	0	0	0	0	0	0	0	0	0	0	0	0	0	0	0	0	0	0	0	0	0	0	0	0	0	1	0	0	0	0	0	0	0	0	0	0	0	0	0	1339	0	0	0	0	0	0	0	0	0	0	0	0	0	0	0	0	0	0	0	0	0	0	0	0	0	0	0	0	0	0	0	0	0	0	1	
	63454	1	0	미완의타락한사원방어구상자0인챈_랜덤소켓(발키리)	159878	1	69DDA0	42022	159884	0	0	74011	39999	0	20029	0	911	0	Null	0	Null	0	0	0	0	1	0	0	0	0	0	0	0	2	22	255	0	0	0	0	0	0	0	0	0	0	0	0	0	0	0	0	0	0	0	0	0	0	0	0	0	0	0	0	0	1	1	1	1	1	1	1	1	99	0	0	0	0	0	0	0	0	0	0	0	0	0	0	0	0	0	0	0	0	0	0	0	0	0	0	0	0	0	0	0	0	0	0	0	0	0	0	0	0	0	0	0	0	0	1	0	0	0	0	0	0	0	0	0	0	0	0	0	1340	0	0	0	0	0	0	0	0	0	0	0	0	0	0	0	0	0	0	0	0	0	0	0	0	0	0	0	0	0	0	0	0	0	0	1	
	63455	1	0	미완의타락한사원방어구상자0인챈_랜덤소켓(엘리)	159879	1	69DDA0	42022	159885	0	0	74011	39999	0	20029	0	911	0	Null	0	Null	0	0	0	0	1	0	0	0	0	0	0	0	2	22	255	0	0	0	0	0	0	0	0	0	0	0	0	0	0	0	0	0	0	0	0	0	0	0	0	0	0	0	0	0	1	1	1	1	1	1	1	1	99	0	0	0	0	0	0	0	0	0	0	0	0	0	0	0	0	0	0	0	0	0	0	0	0	0	0	0	0	0	0	0	0	0	0	0	0	0	0	0	0	0	0	0	0	0	1	0	0	0	0	0	0	0	0	0	0	0	0	0	1341	0	0	0	0	0	0	0	0	0	0	0	0	0	0	0	0	0	0	0	0	0	0	0	0	0	0	0	0	0	0	0	0	0	0	1	
	63456	1	0	미완의타락한사원방어구상자0인챈_랜덤소켓(섀도우)	159880	1	69DDA0	42022	159886	0	0	74011	39999	0	20029	0	911	0	Null	0	Null	0	0	0	0	1	0	0	0	0	0	0	0	2	22	255	0	0	0	0	0	0	0	0	0	0	0	0	0	0	0	0	0	0	0	0	0	0	0	0	0	0	0	0	0	1	1	1	1	1	1	1	1	99	0	0	0	0	0	0	0	0	0	0	0	0	0	0	0	0	0	0	0	0	0	0	0	0	0	0	0	0	0	0	0	0	0	0	0	0	0	0	0	0	0	0	0	0	0	1	0	0	0	0	0	0	0	0	0	0	0	0	0	1342	0	0	0	0	0	0	0	0	0	0	0	0	0	0	0	0	0	0	0	0	0	0	0	0	0	0	0	0	0	0	0	0	0	0	1	
	63457	1	0	미완의타락한사원방어구상자0인챈_랜덤소켓(미스틱)	159881	1	69DDA0	42022	159887	0	0	74011	39999	0	20029	0	911	0	Null	0	Null	0	0	0	0	1	0	0	0	0	0	0	0	2	22	255	0	0	0	0	0	0	0	0	0	0	0	0	0	0	0	0	0	0	0	0	0	0	0	0	0	0	0	0	0	1	1	1	1	1	1	1	1	99	0	0	0	0	0	0	0	0	0	0	0	0	0	0	0	0	0	0	0	0	0	0	0	0	0	0	0	0	0	0	0	0	0	0	0	0	0	0	0	0	0	0	0	0	0	1	0	0	0	0	0	0	0	0	0	0	0	0	0	1343	0	0	0	0	0	0	0	0	0	0	0	0	0	0	0	0	0	0	0	0	0	0	0	0	0	0	0	0	0	0	0	0	0	0	1	
	63458	1	0	부트캠프_럭셔리티켓프리(하급)_All	159965	1	69DDA0	42024	48047	0	0	33822	39999	0	20029	0	911	0	Null	0	Null	0	0	0	0	1	0	0	0	0	0	0	0	2	22	255	0	0	0	0	0	0	0	0	0	0	0	0	0	0	0	0	0	0	0	0	0	0	0	0	0	0	0	0	0	1	1	1	1	1	1	1	1	99	0	0	0	0	0	0	0	0	0	0	0	0	0	0	0	0	0	0	0	0	0	0	0	0	0	0	0	0	0	0	0	0	0	0	0	0	0	0	0	0	0	0	0	0	0	1	0	0	0	0	0	0	0	0	0	0	0	0	0	1591	0	0	0	0	0	0	0	0	0	0	0	0	0	0	0	0	0	0	0	0	0	0	0	0	0	0	0	0	0	0	0	0	0	0	1	
	63459	1	0	부트캠프_럭셔리티켓프리(중급)_All	159966	1	69DDA0	42024	48047	0	0	33822	39999	0	20029	0	911	0	Null	0	Null	0	0	0	0	1	0	0	0	0	0	0	0	2	22	255	0	0	0	0	0	0	0	0	0	0	0	0	0	0	0	0	0	0	0	0	0	0	0	0	0	0	0	0	0	1	1	1	1	1	1	1	1	99	0	0	0	0	0	0	0	0	0	0	0	0	0	0	0	0	0	0	0	0	0	0	0	0	0	0	0	0	0	0	0	0	0	0	0	0	0	0	0	0	0	0	0	0	0	1	0	0	0	0	0	0	0	0	0	0	0	0	0	1592	0	0	0	0	0	0	0	0	0	0	0	0	0	0	0	0	0	0	0	0	0	0	0	0	0	0	0	0	0	0	0	0	0	0	1	
	63460	1	0	부트캠프_럭셔리티켓프리(상급)_All	159967	1	69DDA0	42024	48047	0	0	33822	39999	0	20029	0	911	0	Null	0	Null	0	0	0	0	1	0	0	0	0	0	0	0	2	22	255	0	0	0	0	0	0	0	0	0	0	0	0	0	0	0	0	0	0	0	0	0	0	0	0	0	0	0	0	0	1	1	1	1	1	1	1	1	99	0	0	0	0	0	0	0	0	0	0	0	0	0	0	0	0	0	0	0	0	0	0	0	0	0	0	0	0	0	0	0	0	0	0	0	0	0	0	0	0	0	0	0	0	0	1	0	0	0	0	0	0	0	0	0	0	0	0	0	1593	0	0	0	0	0	0	0	0	0	0	0	0	0	0	0	0	0	0	0	0	0	0	0	0	0	0	0	0	0	0	0	0	0	0	1	
//국내_프리미엄가챠								#N/A																																																																																																																																																																	
	63406	1	0	국내2012년_12월_프리미엄가챠	159855	1	69DDA0	42022	159856	0	0	25356	39999	0	20029	0	911	0	Null	0	Null	0	0	0	0	1	0	0	0	0	0	0	0	2	22	255	0	0	0	0	0	0	0	0	0	0	0	0	0	0	0	0	0	0	0	0	0	0	0	0	0	0	0	0	0	1	1	1	1	1	1	1	1	99	0	0	0	0	0	0	0	0	0	0	0	0	0	0	0	0	0	0	0	0	0	0	0	0	0	0	0	0	0	0	0	0	0	0	0	0	0	0	0	0	0	0	0	0	0	1	0	0	0	0	0	0	0	0	0	0	0	0	0	1186	0	0	0	0	0	0	0	0	0	0	0	0	0	0	0	0	0	0	0	0	0	0	0	0	0	0	0	0	0	0	0	0	0	0	1	
	63409	1	0	국내2013년_1월_프리미엄가챠	159855	1	69DDA0	42022	159856	0	0	25357	39999	0	20029	0	911	0	Null	0	Null	0	0	0	0	1	0	0	0	0	0	0	0	2	22	255	0	0	0	0	0	0	0	0	0	0	0	0	0	0	0	0	0	0	0	0	0	0	0	0	0	0	0	0	0	1	1	1	1	1	1	1	1	99	0	0	0	0	0	0	0	0	0	0	0	0	0	0	0	0	0	0	0	0	0	0	0	0	0	0	0	0	0	0	0	0	0	0	0	0	0	0	0	0	0	0	0	0	0	1	0	0	0	0	0	0	0	0	0	0	0	0	0	1226	0	0	0	0	0	0	0	0	0	0	0	0	0	0	0	0	0	0	0	0	0	0	0	0	0	0	0	0	0	0	0	0	0	0	1	
	63410	1	0	국내2013년_2월_프리미엄가챠	159855	1	69DDA0	42022	159856	0	0	34077	39999	0	20029	0	911	0	Null	0	Null	0	0	0	0	1	0	0	0	0	0	0	0	2	22	255	0	0	0	0	0	0	0	0	0	0	0	0	0	0	0	0	0	0	0	0	0	0	0	0	0	0	0	0	0	1	1	1	1	1	1	1	1	99	0	0	0	0	0	0	0	0	0	0	0	0	0	0	0	0	0	0	0	0	0	0	0	0	0	0	0	0	0	0	0	0	0	0	0	0	0	0	0	0	0	0	0	0	0	1	0	0	0	0	0	0	0	0	0	0	0	0	0	1238	0	0	0	0	0	0	0	0	0	0	0	0	0	0	0	0	0	0	0	0	0	0	0	0	0	0	0	0	0	0	0	0	0	0	1	
	63417	1	0	국내2013년_3월_프리미엄가챠	159855	1	69DDA0	42022	159856	0	0	34135	39999	0	20029	0	911	0	Null	0	Null	0	0	0	0	1	0	0	0	0	0	0	0	2	22	255	0	0	0	0	0	0	0	0	0	0	0	0	0	0	0	0	0	0	0	0	0	0	0	0	0	0	0	0	0	1	1	1	1	1	1	1	1	99	0	0	0	0	0	0	0	0	0	0	0	0	0	0	0	0	0	0	0	0	0	0	0	0	0	0	0	0	0	0	0	0	0	0	0	0	0	0	0	0	0	0	0	0	0	1	0	0	0	0	0	0	0	0	0	0	0	0	0	1252	0	0	0	0	0	0	0	0	0	0	0	0	0	0	0	0	0	0	0	0	0	0	0	0	0	0	0	0	0	0	0	0	0	0	1	
	63418	1	0	국내2013년_4월_프리미엄가챠	159855	1	69DDA0	42022	159856	0	0	25359	39999	0	20029	0	911	0	Null	0	Null	0	0	0	0	1	0	0	0	0	0	0	0	2	22	255	0	0	0	0	0	0	0	0	0	0	0	0	0	0	0	0	0	0	0	0	0	0	0	0	0	0	0	0	0	1	1	1	1	1	1	1	1	99	0	0	0	0	0	0	0	0	0	0	0	0	0	0	0	0	0	0	0	0	0	0	0	0	0	0	0	0	0	0	0	0	0	0	0	0	0	0	0	0	0	0	0	0	0	1	0	0	0	0	0	0	0	0	0	0	0	0	0	1253	0	0	0	0	0	0	0	0	0	0	0	0	0	0	0	0	0	0	0	0	0	0	0	0	0	0	0	0	0	0	0	0	0	0	1	
	63419	1	0	국내2013년_5월_프리미엄가챠	159855	1	69DDA0	42022	159856	0	0	25358	39999	0	20029	0	911	0	Null	0	Null	0	0	0	0	1	0	0	0	0	0	0	0	2	22	255	0	0	0	0	0	0	0	0	0	0	0	0	0	0	0	0	0	0	0	0	0	0	0	0	0	0	0	0	0	1	1	1	1	1	1	1	1	99	0	0	0	0	0	0	0	0	0	0	0	0	0	0	0	0	0	0	0	0	0	0	0	0	0	0	0	0	0	0	0	0	0	0	0	0	0	0	0	0	0	0	0	0	0	1	0	0	0	0	0	0	0	0	0	0	0	0	0	1285	0	0	0	0	0	0	0	0	0	0	0	0	0	0	0	0	0	0	0	0	0	0	0	0	0	0	0	0	0	0	0	0	0	0	1	
	63420	1	0	국내2013년_6월_프리미엄가챠	159855	1	69DDA0	42022	159856	0	0	25356	39999	0	20029	0	911	0	Null	0	Null	0	0	0	0	1	0	0	0	0	0	0	0	2	22	255	0	0	0	0	0	0	0	0	0	0	0	0	0	0	0	0	0	0	0	0	0	0	0	0	0	0	0	0	0	1	1	1	1	1	1	1	1	99	0	0	0	0	0	0	0	0	0	0	0	0	0	0	0	0	0	0	0	0	0	0	0	0	0	0	0	0	0	0	0	0	0	0	0	0	0	0	0	0	0	0	0	0	0	1	0	0	0	0	0	0	0	0	0	0	0	0	0	1287	0	0	0	0	0	0	0	0	0	0	0	0	0	0	0	0	0	0	0	0	0	0	0	0	0	0	0	0	0	0	0	0	0	0	1	
	63421	1	0	국내2013년_7월_프리미엄가챠	159855	1	69DDA0	42022	159856	0	0	34134	39999	0	20029	0	911	0	Null	0	Null	0	0	0	0	1	0	0	0	0	0	0	0	2	22	255	0	0	0	0	0	0	0	0	0	0	0	0	0	0	0	0	0	0	0	0	0	0	0	0	0	0	0	0	0	1	1	1	1	1	1	1	1	99	0	0	0	0	0	0	0	0	0	0	0	0	0	0	0	0	0	0	0	0	0	0	0	0	0	0	0	0	0	0	0	0	0	0	0	0	0	0	0	0	0	0	0	0	0	1	0	0	0	0	0	0	0	0	0	0	0	0	0	1344	0	0	0	0	0	0	0	0	0	0	0	0	0	0	0	0	0	0	0	0	0	0	0	0	0	0	0	0	0	0	0	0	0	0	1	
	63422	1	0	국내2013년_8월_프리미엄가챠	159855	1	69DDA0	42022	159856	0	0	90252	39999	0	20029	0	911	0	Null	0	Null	0	0	0	0	1	0	0	0	0	0	0	0	2	22	255	0	0	0	0	0	0	0	0	0	0	0	0	0	0	0	0	0	0	0	0	0	0	0	0	0	0	0	0	0	1	1	1	1	1	1	1	1	99	0	0	0	0	0	0	0	0	0	0	0	0	0	0	0	0	0	0	0	0	0	0	0	0	0	0	0	0	0	0	0	0	0	0	0	0	0	0	0	0	0	0	0	0	0	1	0	0	0	0	0	0	0	0	0	0	0	0	0	1506	0	0	0	0	0	0	0	0	0	0	0	0	0	0	0	0	0	0	0	0	0	0	0	0	0	0	0	0	0	0	0	0	0	0	1	
	63439	1	0	국내2013년_9월_프리미엄가챠	159855	1	69DDA0	42022	159856	0	0	90250	39999	0	20029	0	911	0	Null	0	Null	0	0	0	0	1	0	0	0	0	0	0	0	2	22	255	0	0	0	0	0	0	0	0	0	0	0	0	0	0	0	0	0	0	0	0	0	0	0	0	0	0	0	0	0	1	1	1	1	1	1	1	1	99	0	0	0	0	0	0	0	0	0	0	0	0	0	0	0	0	0	0	0	0	0	0	0	0	0	0	0	0	0	0	0	0	0	0	0	0	0	0	0	0	0	0	0	0	0	1	0	0	0	0	0	0	0	0	0	0	0	0	0	1594	0	0	0	0	0	0	0	0	0	0	0	0	0	0	0	0	0	0	0	0	0	0	0	0	0	0	0	0	0	0	0	0	0	0	1	
	63447	1	0	국내2013년_10월_프리미엄가챠	159855	1	69DDA0	42022	159856	0	0	14045	39999	0	20029	0	911	0	Null	0	Null	0	0	0	0	1	0	0	0	0	0	0	0	2	22	255	0	0	0	0	0	0	0	0	0	0	0	0	0	0	0	0	0	0	0	0	0	0	0	0	0	0	0	0	0	1	1	1	1	1	1	1	1	99	0	0	0	0	0	0	0	0	0	0	0	0	0	0	0	0	0	0	0	0	0	0	0	0	0	0	0	0	0	0	0	0	0	0	0	0	0	0	0	0	0	0	0	0	0	1	0	0	0	0	0	0	0	0	0	0	0	0	0	1601	0	0	0	0	0	0	0	0	0	0	0	0	0	0	0	0	0	0	0	0	0	0	0	0	0	0	0	0	0	0	0	0	0	0	1	
	63448	1	0	국내2013년_11월_프리미엄가챠	159855	1	69DDA0	42022	159856	0	0	25356	39999	0	20029	0	911	0	Null	0	Null	0	0	0	0	1	0	0	0	0	0	0	0	2	22	255	0	0	0	0	0	0	0	0	0	0	0	0	0	0	0	0	0	0	0	0	0	0	0	0	0	0	0	0	0	1	1	1	1	1	1	1	1	99	0	0	0	0	0	0	0	0	0	0	0	0	0	0	0	0	0	0	0	0	0	0	0	0	0	0	0	0	0	0	0	0	0	0	0	0	0	0	0	0	0	0	0	0	0	1	0	0	0	0	0	0	0	0	0	0	0	0	0	1605	0	0	0	0	0	0	0	0	0	0	0	0	0	0	0	0	0	0	0	0	0	0	0	0	0	0	0	0	0	0	0	0	0	0	1	
	63449	1	0	국내2013년_12월_프리미엄가챠	159855	1	69DDA0	42022	159856	0	0	32103	39999	0	20029	0	911	0	Null	0	Null	0	0	0	0	1	0	0	0	0	0	0	0	2	22	255	0	0	0	0	0	0	0	0	0	0	0	0	0	0	0	0	0	0	0	0	0	0	0	0	0	0	0	0	0	1	1	1	1	1	1	1	1	99	0	0	0	0	0	0	0	0	0	0	0	0	0	0	0	0	0	0	0	0	0	0	0	0	0	0	0	0	0	0	0	0	0	0	0	0	0	0	0	0	0	0	0	0	0	1	0	0	0	0	0	0	0	0	0	0	0	0	0	1622	0	0	0	0	0	0	0	0	0	0	0	0	0	0	0	0	0	0	0	0	0	0	0	0	0	0	0	0	0	0	0	0	0	0	1	
	63461	1	0	국내2014년_1월_프리미엄가챠	159855	1	69DDA0	42022	159856	0	0	34218	39999	0	20029	0	911	0	Null	0	Null	0	0	0	0	1	0	0	0	0	0	0	0	2	22	255	0	0	0	0	0	0	0	0	0	0	0	0	0	0	0	0	0	0	0	0	0	0	0	0	0	0	0	0	0	1	1	1	1	1	1	1	1	99	0	0	0	0	0	0	0	0	0	0	0	0	0	0	0	0	0	0	0	0	0	0	0	0	0	0	0	0	0	0	0	0	0	0	0	0	0	0	0	0	0	0	0	0	0	1	0	0	0	0	0	0	0	0	0	0	0	0	0	1670	0	0	0	0	0	0	0	0	0	0	0	0	0	0	0	0	0	0	0	0	0	0	0	0	0	0	0	0	0	0	0	0	0	0	1	
	63266	1	0	국내2014년_2월_프리미엄가챠	159855	1	69DDA0	42022	159856	0	0	34219	39999	0	20029	0	911	0	Null	0	Null	0	0	0	0	1	0	0	0	0	0	0	0	2	22	255	0	0	0	0	0	0	0	0	0	0	0	0	0	0	0	0	0	0	0	0	0	0	0	0	0	0	0	0	0	1	1	1	1	1	1	1	1	99	0	0	0	0	0	0	0	0	0	0	0	0	0	0	0	0	0	0	0	0	0	0	0	0	0	0	0	0	0	0	0	0	0	0	0	0	0	0	0	0	0	0	0	0	0	1	0	0	0	0	0	0	0	0	0	0	0	0	0	1693	0	0	0	0	0	0	0	0	0	0	0	0	0	0	0	0	0	0	0	0	0	0	0	0	0	0	0	0	0	0	0	0	0	0	1	
	63101	1	0	국내2014년_3월_프리미엄가챠	159855	1	69DDA0	42022	159856	0	0	34217	39999	0	20029	0	911	0	Null	0	Null	0	0	0	0	1	0	0	0	0	0	0	0	2	22	255	0	0	0	0	0	0	0	0	0	0	0	0	0	0	0	0	0	0	0	0	0	0	0	0	0	0	0	0	0	1	1	1	1	1	1	1	1	99	0	0	0	0	0	0	0	0	0	0	0	0	0	0	0	0	0	0	0	0	0	0	0	0	0	0	0	0	0	0	0	0	0	0	0	0	0	0	0	0	0	0	0	0	0	1	0	0	0	0	0	0	0	0	0	0	0	0	0	1712	0	0	0	0	0	0	0	0	0	0	0	0	0	0	0	0	0	0	0	0	0	0	0	0	0	0	0	0	0	0	0	0	0	0	1	
	63487	1	0	국내2014년_4월_프리미엄가챠	159855	1	69DDA0	42022	159856	0	0	34220	39999	0	20029	0	911	0	Null	0	Null	0	0	0	0	1	0	0	0	0	0	0	0	2	22	255	0	0	0	0	0	0	0	0	0	0	0	0	0	0	0	0	0	0	0	0	0	0	0	0	0	0	0	0	0	1	1	1	1	1	1	1	1	99	0	0	0	0	0	0	0	0	0	0	0	0	0	0	0	0	0	0	0	0	0	0	0	0	0	0	0	0	0	0	0	0	0	0	0	0	0	0	0	0	0	0	0	0	0	1	0	0	0	0	0	0	0	0	0	0	0	0	0	1720	0	0	0	0	0	0	0	0	0	0	0	0	0	0	0	0	0	0	0	0	0	0	0	0	0	0	0	0	0	0	0	0	0	0	1	
	63488	1	0	국내2014년_5월_프리미엄가챠	159855	1	69DDA0	42022	159856	0	0	20151	39999	0	20029	0	911	0	Null	0	Null	0	0	0	0	1	0	0	0	0	0	0	0	2	22	255	0	0	0	0	0	0	0	0	0	0	0	0	0	0	0	0	0	0	0	0	0	0	0	0	0	0	0	0	0	1	1	1	1	1	1	1	1	99	0	0	0	0	0	0	0	0	0	0	0	0	0	0	0	0	0	0	0	0	0	0	0	0	0	0	0	0	0	0	0	0	0	0	0	0	0	0	0	0	0	0	0	0	0	1	0	0	0	0	0	0	0	0	0	0	0	0	0	1765	0	0	0	0	0	0	0	0	0	0	0	0	0	0	0	0	0	0	0	0	0	0	0	0	0	0	0	0	0	0	0	0	0	0	1	
	63489	1	0	국내2014년_6월_프리미엄가챠	159855	1	69DDA0	42022	159856	0	0	73535	39999	0	20029	0	911	0	Null	0	Null	0	0	0	0	1	0	0	0	0	0	0	0	2	22	255	0	0	0	0	0	0	0	0	0	0	0	0	0	0	0	0	0	0	0	0	0	0	0	0	0	0	0	0	0	1	1	1	1	1	1	1	1	99	0	0	0	0	0	0	0	0	0	0	0	0	0	0	0	0	0	0	0	0	0	0	0	0	0	0	0	0	0	0	0	0	0	0	0	0	0	0	0	0	0	0	0	0	0	1	0	0	0	0	0	0	0	0	0	0	0	0	0	1787	0	0	0	0	0	0	0	0	0	0	0	0	0	0	0	0	0	0	0	0	0	0	0	0	0	0	0	0	0	0	0	0	0	0	1	
	63496	1	0	국내2014년_7월_프리미엄가챠	159855	1	69DDA0	42022	159856	0	0	34077	39999	0	20029	0	911	0	Null	0	Null	0	0	0	0	1	0	0	0	0	0	0	0	2	22	255	0	0	0	0	0	0	0	0	0	0	0	0	0	0	0	0	0	0	0	0	0	0	0	0	0	0	0	0	0	1	1	1	1	1	1	1	1	99	0	0	0	0	0	0	0	0	0	0	0	0	0	0	0	0	0	0	0	0	0	0	0	0	0	0	0	0	0	0	0	0	0	0	0	0	0	0	0	0	0	0	0	0	0	1	0	0	0	0	0	0	0	0	0	0	0	0	0	1836	0	0	0	0	0	0	0	0	0	0	0	0	0	0	0	0	0	0	0	0	0	0	0	0	0	0	0	0	0	0	0	0	0	0	1	
	63497	1	0	국내2014년_8월_프리미엄가챠	159855	1	69DDA0	42022	159856	0	0	33130	39999	0	20029	0	911	0	Null	0	Null	0	0	0	0	1	0	0	0	0	0	0	0	2	22	255	0	0	0	0	0	0	0	0	0	0	0	0	0	0	0	0	0	0	0	0	0	0	0	0	0	0	0	0	0	1	1	1	1	1	1	1	1	99	0	0	0	0	0	0	0	0	0	0	0	0	0	0	0	0	0	0	0	0	0	0	0	0	0	0	0	0	0	0	0	0	0	0	0	0	0	0	0	0	0	0	0	0	0	1	0	0	0	0	0	0	0	0	0	0	0	0	0	1867	0	0	0	0	0	0	0	0	0	0	0	0	0	0	0	0	0	0	0	0	0	0	0	0	0	0	0	0	0	0	0	0	0	0	1	
	63498	1	0	국내2014년_9월_프리미엄가챠	159855	1	69DDA0	42022	159856	0	0	34306	39999	0	20029	0	911	0	Null	0	Null	0	0	0	0	1	0	0	0	0	0	0	0	2	22	255	0	0	0	0	0	0	0	0	0	0	0	0	0	0	0	0	0	0	0	0	0	0	0	0	0	0	0	0	0	1	1	1	1	1	1	1	1	99	0	0	0	0	0	0	0	0	0	0	0	0	0	0	0	0	0	0	0	0	0	0	0	0	0	0	0	0	0	0	0	0	0	0	0	0	0	0	0	0	0	0	0	0	0	1	0	0	0	0	0	0	0	0	0	0	0	0	0	1873	0	0	0	0	0	0	0	0	0	0	0	0	0	0	0	0	0	0	0	0	0	0	0	0	0	0	0	0	0	0	0	0	0	0	1	
	63499	1	0	국내2014년_10월_프리미엄가챠	159855	1	69DDA0	42022	159856	0	0	39948	39999	0	20029	0	911	0	Null	0	Null	0	0	0	0	1	0	0	0	0	0	0	0	2	22	255	0	0	0	0	0	0	0	0	0	0	0	0	0	0	0	0	0	0	0	0	0	0	0	0	0	0	0	0	0	1	1	1	1	1	1	1	1	99	0	0	0	0	0	0	0	0	0	0	0	0	0	0	0	0	0	0	0	0	0	0	0	0	0	0	0	0	0	0	0	0	0	0	0	0	0	0	0	0	0	0	0	0	0	1	0	0	0	0	0	0	0	0	0	0	0	0	0	1922	0	0	0	0	0	0	0	0	0	0	0	0	0	0	0	0	0	0	0	0	0	0	0	0	0	0	0	0	0	0	0	0	0	0	1	
	63500	1	0	국내2014년_11월_프리미엄가챠	159855	1	69DDA0	42022	159856	0	0	39946	39999	0	20029	0	911	0	Null	0	Null	0	0	0	0	1	0	0	0	0	0	0	0	2	22	255	0	0	0	0	0	0	0	0	0	0	0	0	0	0	0	0	0	0	0	0	0	0	0	0	0	0	0	0	0	1	1	1	1	1	1	1	1	99	0	0	0	0	0	0	0	0	0	0	0	0	0	0	0	0	0	0	0	0	0	0	0	0	0	0	0	0	0	0	0	0	0	0	0	0	0	0	0	0	0	0	0	0	0	1	0	0	0	0	0	0	0	0	0	0	0	0	0	1938	0	0	0	0	0	0	0	0	0	0	0	0	0	0	0	0	0	0	0	0	0	0	0	0	0	0	0	0	0	0	0	0	0	0	1	
	63501	1	0	국내2014년_12월_프리미엄가챠	159855	1	69DDA0	42022	159856	0	0	39945	39999	0	20029	0	911	0	Null	0	Null	0	0	0	0	1	0	0	0	0	0	0	0	2	22	255	0	0	0	0	0	0	0	0	0	0	0	0	0	0	0	0	0	0	0	0	0	0	0	0	0	0	0	0	0	1	1	1	1	1	1	1	1	99	0	0	0	0	0	0	0	0	0	0	0	0	0	0	0	0	0	0	0	0	0	0	0	0	0	0	0	0	0	0	0	0	0	0	0	0	0	0	0	0	0	0	0	0	0	1	0	0	0	0	0	0	0	0	0	0	0	0	0	2014	0	0	0	0	0	0	0	0	0	0	0	0	0	0	0	0	0	0	0	0	0	0	0	0	0	0	0	0	0	0	0	0	0	0	1	
	63502	1	0	국내2015년_1월_프리미엄가챠	159855	1	69DDA0	42022	159856	0	0	39947	39999	0	20029	0	911	0	Null	0	Null	0	0	0	0	1	0	0	0	0	0	0	0	2	22	255	0	0	0	0	0	0	0	0	0	0	0	0	0	0	0	0	0	0	0	0	0	0	0	0	0	0	0	0	0	1	1	1	1	1	1	1	1	99	0	0	0	0	0	0	0	0	0	0	0	0	0	0	0	0	0	0	0	0	0	0	0	0	0	0	0	0	0	0	0	0	0	0	0	0	0	0	0	0	0	0	0	0	0	1	0	0	0	0	0	0	0	0	0	0	0	0	0	2058	0	0	0	0	0	0	0	0	0	0	0	0	0	0	0	0	0	0	0	0	0	0	0	0	0	0	0	0	0	0	0	0	0	0	1	
	63503	1	0	국내2015년_2월_프리미엄가챠	159855	1	69DDA0	42022	159856	0	0	39949	39999	0	20029	0	911	0	Null	0	Null	0	0	0	0	1	0	0	0	0	0	0	0	2	22	255	0	0	0	0	0	0	0	0	0	0	0	0	0	0	0	0	0	0	0	0	0	0	0	0	0	0	0	0	0	1	1	1	1	1	1	1	1	99	0	0	0	0	0	0	0	0	0	0	0	0	0	0	0	0	0	0	0	0	0	0	0	0	0	0	0	0	0	0	0	0	0	0	0	0	0	0	0	0	0	0	0	0	0	1	0	0	0	0	0	0	0	0	0	0	0	0	0	2059	0	0	0	0	0	0	0	0	0	0	0	0	0	0	0	0	0	0	0	0	0	0	0	0	0	0	0	0	0	0	0	0	0	0	1	
	63504	1	0	국내2015년_3월_프리미엄가챠	159855	1	69DDA0	42022	159856	0	0	39952	39999	0	20029	0	911	0	Null	0	Null	0	0	0	0	1	0	0	0	0	0	0	0	2	22	255	0	0	0	0	0	0	0	0	0	0	0	0	0	0	0	0	0	0	0	0	0	0	0	0	0	0	0	0	0	1	1	1	1	1	1	1	1	99	0	0	0	0	0	0	0	0	0	0	0	0	0	0	0	0	0	0	0	0	0	0	0	0	0	0	0	0	0	0	0	0	0	0	0	0	0	0	0	0	0	0	0	0	0	1	0	0	0	0	0	0	0	0	0	0	0	0	0	2072	0	0	0	0	0	0	0	0	0	0	0	0	0	0	0	0	0	0	0	0	0	0	0	0	0	0	0	0	0	0	0	0	0	0	1	
	63505	1	0	국내2015년_4월_프리미엄가챠	159855	1	69DDA0	42022	159856	0	0	39950	39999	0	20029	0	911	0	Null	0	Null	0	0	0	0	1	0	0	0	0	0	0	0	2	22	255	0	0	0	0	0	0	0	0	0	0	0	0	0	0	0	0	0	0	0	0	0	0	0	0	0	0	0	0	0	1	1	1	1	1	1	1	1	99	0	0	0	0	0	0	0	0	0	0	0	0	0	0	0	0	0	0	0	0	0	0	0	0	0	0	0	0	0	0	0	0	0	0	0	0	0	0	0	0	0	0	0	0	0	1	0	0	0	0	0	0	0	0	0	0	0	0	0	2118	0	0	0	0	0	0	0	0	0	0	0	0	0	0	0	0	0	0	0	0	0	0	0	0	0	0	0	0	0	0	0	0	0	0	1	
//2015년 6월 가챠 리뉴얼																																																																																																																																																																									
	63506	1	0	수호신버서커의상자	41001	1	69DDA0	42022	41025	0	0	86191	39999	0	20029	0	911	0	Null	0	Null	0	0	0	0	1	0	0	0	0	0	0	0	2	22	255	0	0	0	0	0	0	0	0	0	0	0	0	0	0	0	0	0	0	0	0	0	0	0	0	0	0	0	0	0	1	1	1	1	1	1	1	1	99	0	0	0	0	0	0	0	0	0	0	0	0	0	0	0	0	0	0	0	0	0	0	0	0	0	0	0	0	0	0	0	0	0	0	0	0	0	0	0	0	0	0	0	0	0	1	0	0	0	0	0	0	0	0	0	0	0	0	0	2120	0	0	0	0	0	0	0	0	0	0	0	0	0	0	0	0	0	0	0	0	0	0	0	0	0	0	0	0	0	0	0	0	0	0	1	
	63507	1	0	수호신드래곤나이트의상자	41002	1	69DDA0	42022	41026	0	0	86192	39999	0	20029	0	911	0	Null	0	Null	0	0	0	0	1	0	0	0	0	0	0	0	2	22	255	0	0	0	0	0	0	0	0	0	0	0	0	0	0	0	0	0	0	0	0	0	0	0	0	0	0	0	0	0	1	1	1	1	1	1	1	1	99	0	0	0	0	0	0	0	0	0	0	0	0	0	0	0	0	0	0	0	0	0	0	0	0	0	0	0	0	0	0	0	0	0	0	0	0	0	0	0	0	0	0	0	0	0	1	0	0	0	0	0	0	0	0	0	0	0	0	0	2121	0	0	0	0	0	0	0	0	0	0	0	0	0	0	0	0	0	0	0	0	0	0	0	0	0	0	0	0	0	0	0	0	0	0	1	
	63508	1	0	수호신발키리의상자	41003	1	69DDA0	42022	41027	0	0	86193	39999	0	20029	0	911	0	Null	0	Null	0	0	0	0	1	0	0	0	0	0	0	0	2	22	255	0	0	0	0	0	0	0	0	0	0	0	0	0	0	0	0	0	0	0	0	0	0	0	0	0	0	0	0	0	1	1	1	1	1	1	1	1	99	0	0	0	0	0	0	0	0	0	0	0	0	0	0	0	0	0	0	0	0	0	0	0	0	0	0	0	0	0	0	0	0	0	0	0	0	0	0	0	0	0	0	0	0	0	1	0	0	0	0	0	0	0	0	0	0	0	0	0	2122	0	0	0	0	0	0	0	0	0	0	0	0	0	0	0	0	0	0	0	0	0	0	0	0	0	0	0	0	0	0	0	0	0	0	1	
	63509	1	0	수호신엘리멘탈리스트의상자	41004	1	69DDA0	42022	41028	0	0	86194	39999	0	20029	0	911	0	Null	0	Null	0	0	0	0	1	0	0	0	0	0	0	0	2	22	255	0	0	0	0	0	0	0	0	0	0	0	0	0	0	0	0	0	0	0	0	0	0	0	0	0	0	0	0	0	1	1	1	1	1	1	1	1	99	0	0	0	0	0	0	0	0	0	0	0	0	0	0	0	0	0	0	0	0	0	0	0	0	0	0	0	0	0	0	0	0	0	0	0	0	0	0	0	0	0	0	0	0	0	1	0	0	0	0	0	0	0	0	0	0	0	0	0	2123	0	0	0	0	0	0	0	0	0	0	0	0	0	0	0	0	0	0	0	0	0	0	0	0	0	0	0	0	0	0	0	0	0	0	1	
	63510	1	0	수호신섀도우의상자	41005	1	69DDA0	42022	41029	0	0	86195	39999	0	20029	0	911	0	Null	0	Null	0	0	0	0	1	0	0	0	0	0	0	0	2	22	255	0	0	0	0	0	0	0	0	0	0	0	0	0	0	0	0	0	0	0	0	0	0	0	0	0	0	0	0	0	1	1	1	1	1	1	1	1	99	0	0	0	0	0	0	0	0	0	0	0	0	0	0	0	0	0	0	0	0	0	0	0	0	0	0	0	0	0	0	0	0	0	0	0	0	0	0	0	0	0	0	0	0	0	1	0	0	0	0	0	0	0	0	0	0	0	0	0	2124	0	0	0	0	0	0	0	0	0	0	0	0	0	0	0	0	0	0	0	0	0	0	0	0	0	0	0	0	0	0	0	0	0	0	1	
	63511	1	0	수호신미스틱의상자	41006	1	69DDA0	42022	41030	0	0	86196	39999	0	20029	0	911	0	Null	0	Null	0	0	0	0	1	0	0	0	0	0	0	0	2	22	255	0	0	0	0	0	0	0	0	0	0	0	0	0	0	0	0	0	0	0	0	0	0	0	0	0	0	0	0	0	1	1	1	1	1	1	1	1	99	0	0	0	0	0	0	0	0	0	0	0	0	0	0	0	0	0	0	0	0	0	0	0	0	0	0	0	0	0	0	0	0	0	0	0	0	0	0	0	0	0	0	0	0	0	1	0	0	0	0	0	0	0	0	0	0	0	0	0	2125	0	0	0	0	0	0	0	0	0	0	0	0	0	0	0	0	0	0	0	0	0	0	0	0	0	0	0	0	0	0	0	0	0	0	1	
	63512	1	0	수호신헬로이드의상자	41007	1	69DDA0	42022	42026	0	0	86197	39999	0	20029	0	911	0	Null	0	Null	0	0	0	0	1	0	0	0	0	0	0	0	2	22	255	0	0	0	0	0	0	0	0	0	0	0	0	0	0	0	0	0	0	0	0	0	0	0	0	0	0	0	0	0	1	1	1	1	1	1	1	1	99	0	0	0	0	0	0	0	0	0	0	0	0	0	0	0	0	0	0	0	0	0	0	0	0	0	0	0	0	0	0	0	0	0	0	0	0	0	0	0	0	0	0	0	0	0	1	0	0	0	0	0	0	0	0	0	0	0	0	0	2126	0	0	0	0	0	0	0	0	0	0	0	0	0	0	0	0	0	0	0	0	0	0	0	0	0	0	0	0	0	0	0	0	0	0	1	
	63513	1	0	수호신위치블레이드의상자	41008	1	69DDA0	42022	42027	0	0	86198	39999	0	20029	0	911	0	Null	0	Null	0	0	0	0	1	0	0	0	0	0	0	0	2	22	255	0	0	0	0	0	0	0	0	0	0	0	0	0	0	0	0	0	0	0	0	0	0	0	0	0	0	0	0	0	1	1	1	1	1	1	1	1	99	0	0	0	0	0	0	0	0	0	0	0	0	0	0	0	0	0	0	0	0	0	0	0	0	0	0	0	0	0	0	0	0	0	0	0	0	0	0	0	0	0	0	0	0	0	1	0	0	0	0	0	0	0	0	0	0	0	0	0	2127	0	0	0	0	0	0	0	0	0	0	0	0	0	0	0	0	0	0	0	0	0	0	0	0	0	0	0	0	0	0	0	0	0	0	1	
	63514	1	0	파괴신버서커의상자	41009	1	69DDA0	42022	42028	0	0	86199	39999	0	20029	0	911	0	Null	0	Null	0	0	0	0	1	0	0	0	0	0	0	0	2	22	255	0	0	0	0	0	0	0	0	0	0	0	0	0	0	0	0	0	0	0	0	0	0	0	0	0	0	0	0	0	1	1	1	1	1	1	1	1	99	0	0	0	0	0	0	0	0	0	0	0	0	0	0	0	0	0	0	0	0	0	0	0	0	0	0	0	0	0	0	0	0	0	0	0	0	0	0	0	0	0	0	0	0	0	1	0	0	0	0	0	0	0	0	0	0	0	0	0	2128	0	0	0	0	0	0	0	0	0	0	0	0	0	0	0	0	0	0	0	0	0	0	0	0	0	0	0	0	0	0	0	0	0	0	1	
	63515	1	0	파괴신드래곤나이트의상자	41010	1	69DDA0	42022	42029	0	0	86200	39999	0	20029	0	911	0	Null	0	Null	0	0	0	0	1	0	0	0	0	0	0	0	2	22	255	0	0	0	0	0	0	0	0	0	0	0	0	0	0	0	0	0	0	0	0	0	0	0	0	0	0	0	0	0	1	1	1	1	1	1	1	1	99	0	0	0	0	0	0	0	0	0	0	0	0	0	0	0	0	0	0	0	0	0	0	0	0	0	0	0	0	0	0	0	0	0	0	0	0	0	0	0	0	0	0	0	0	0	1	0	0	0	0	0	0	0	0	0	0	0	0	0	2129	0	0	0	0	0	0	0	0	0	0	0	0	0	0	0	0	0	0	0	0	0	0	0	0	0	0	0	0	0	0	0	0	0	0	1	
	63516	1	0	파괴신발키리의상자	41011	1	69DDA0	42022	42030	0	0	86201	39999	0	20029	0	911	0	Null	0	Null	0	0	0	0	1	0	0	0	0	0	0	0	2	22	255	0	0	0	0	0	0	0	0	0	0	0	0	0	0	0	0	0	0	0	0	0	0	0	0	0	0	0	0	0	1	1	1	1	1	1	1	1	99	0	0	0	0	0	0	0	0	0	0	0	0	0	0	0	0	0	0	0	0	0	0	0	0	0	0	0	0	0	0	0	0	0	0	0	0	0	0	0	0	0	0	0	0	0	1	0	0	0	0	0	0	0	0	0	0	0	0	0	2130	0	0	0	0	0	0	0	0	0	0	0	0	0	0	0	0	0	0	0	0	0	0	0	0	0	0	0	0	0	0	0	0	0	0	1	
	63517	1	0	파괴신엘리멘탈리스트의상자	41012	1	69DDA0	42022	41046	0	0	86202	39999	0	20029	0	911	0	Null	0	Null	0	0	0	0	1	0	0	0	0	0	0	0	2	22	255	0	0	0	0	0	0	0	0	0	0	0	0	0	0	0	0	0	0	0	0	0	0	0	0	0	0	0	0	0	1	1	1	1	1	1	1	1	99	0	0	0	0	0	0	0	0	0	0	0	0	0	0	0	0	0	0	0	0	0	0	0	0	0	0	0	0	0	0	0	0	0	0	0	0	0	0	0	0	0	0	0	0	0	1	0	0	0	0	0	0	0	0	0	0	0	0	0	2131	0	0	0	0	0	0	0	0	0	0	0	0	0	0	0	0	0	0	0	0	0	0	0	0	0	0	0	0	0	0	0	0	0	0	1	
	63518	1	0	파괴신섀도우의상자	41013	1	69DDA0	42022	41047	0	0	86203	39999	0	20029	0	911	0	Null	0	Null	0	0	0	0	1	0	0	0	0	0	0	0	2	22	255	0	0	0	0	0	0	0	0	0	0	0	0	0	0	0	0	0	0	0	0	0	0	0	0	0	0	0	0	0	1	1	1	1	1	1	1	1	99	0	0	0	0	0	0	0	0	0	0	0	0	0	0	0	0	0	0	0	0	0	0	0	0	0	0	0	0	0	0	0	0	0	0	0	0	0	0	0	0	0	0	0	0	0	1	0	0	0	0	0	0	0	0	0	0	0	0	0	2132	0	0	0	0	0	0	0	0	0	0	0	0	0	0	0	0	0	0	0	0	0	0	0	0	0	0	0	0	0	0	0	0	0	0	1	
	63519	1	0	파괴신미스틱의상자	41014	1	69DDA0	42022	41048	0	0	86204	39999	0	20029	0	911	0	Null	0	Null	0	0	0	0	1	0	0	0	0	0	0	0	2	22	255	0	0	0	0	0	0	0	0	0	0	0	0	0	0	0	0	0	0	0	0	0	0	0	0	0	0	0	0	0	1	1	1	1	1	1	1	1	99	0	0	0	0	0	0	0	0	0	0	0	0	0	0	0	0	0	0	0	0	0	0	0	0	0	0	0	0	0	0	0	0	0	0	0	0	0	0	0	0	0	0	0	0	0	1	0	0	0	0	0	0	0	0	0	0	0	0	0	2133	0	0	0	0	0	0	0	0	0	0	0	0	0	0	0	0	0	0	0	0	0	0	0	0	0	0	0	0	0	0	0	0	0	0	1	
	63520	1	0	파괴신헬로이드의상자	41015	1	69DDA0	42022	41049	0	0	86205	39999	0	20029	0	911	0	Null	0	Null	0	0	0	0	1	0	0	0	0	0	0	0	2	22	255	0	0	0	0	0	0	0	0	0	0	0	0	0	0	0	0	0	0	0	0	0	0	0	0	0	0	0	0	0	1	1	1	1	1	1	1	1	99	0	0	0	0	0	0	0	0	0	0	0	0	0	0	0	0	0	0	0	0	0	0	0	0	0	0	0	0	0	0	0	0	0	0	0	0	0	0	0	0	0	0	0	0	0	1	0	0	0	0	0	0	0	0	0	0	0	0	0	2134	0	0	0	0	0	0	0	0	0	0	0	0	0	0	0	0	0	0	0	0	0	0	0	0	0	0	0	0	0	0	0	0	0	0	1	
	63521	1	0	파괴신위치블레이드의상자	41016	1	69DDA0	42022	42046	0	0	86206	39999	0	20029	0	911	0	Null	0	Null	0	0	0	0	1	0	0	0	0	0	0	0	2	22	255	0	0	0	0	0	0	0	0	0	0	0	0	0	0	0	0	0	0	0	0	0	0	0	0	0	0	0	0	0	1	1	1	1	1	1	1	1	99	0	0	0	0	0	0	0	0	0	0	0	0	0	0	0	0	0	0	0	0	0	0	0	0	0	0	0	0	0	0	0	0	0	0	0	0	0	0	0	0	0	0	0	0	0	1	0	0	0	0	0	0	0	0	0	0	0	0	0	2135	0	0	0	0	0	0	0	0	0	0	0	0	0	0	0	0	0	0	0	0	0	0	0	0	0	0	0	0	0	0	0	0	0	0	1	
	63522	1	0	수호신_파괴신버서커의상자	41017	1	69DDA0	42022	42047	0	0	86207	39999	0	20029	0	911	0	Null	0	Null	0	0	0	0	1	0	0	0	0	0	0	0	2	22	255	0	0	0	0	0	0	0	0	0	0	0	0	0	0	0	0	0	0	0	0	0	0	0	0	0	0	0	0	0	1	1	1	1	1	1	1	1	99	0	0	0	0	0	0	0	0	0	0	0	0	0	0	0	0	0	0	0	0	0	0	0	0	0	0	0	0	0	0	0	0	0	0	0	0	0	0	0	0	0	0	0	0	0	1	0	0	0	0	0	0	0	0	0	0	0	0	0	2136	0	0	0	0	0	0	0	0	0	0	0	0	0	0	0	0	0	0	0	0	0	0	0	0	0	0	0	0	0	0	0	0	0	0	1	
	63523	1	0	수호신_파괴신드래곤나이트의상자	41018	1	69DDA0	42022	42048	0	0	86208	39999	0	20029	0	911	0	Null	0	Null	0	0	0	0	1	0	0	0	0	0	0	0	2	22	255	0	0	0	0	0	0	0	0	0	0	0	0	0	0	0	0	0	0	0	0	0	0	0	0	0	0	0	0	0	1	1	1	1	1	1	1	1	99	0	0	0	0	0	0	0	0	0	0	0	0	0	0	0	0	0	0	0	0	0	0	0	0	0	0	0	0	0	0	0	0	0	0	0	0	0	0	0	0	0	0	0	0	0	1	0	0	0	0	0	0	0	0	0	0	0	0	0	2137	0	0	0	0	0	0	0	0	0	0	0	0	0	0	0	0	0	0	0	0	0	0	0	0	0	0	0	0	0	0	0	0	0	0	1	
	63524	1	0	수호신_파괴신발키리의상자	41019	1	69DDA0	42022	42049	0	0	86209	39999	0	20029	0	911	0	Null	0	Null	0	0	0	0	1	0	0	0	0	0	0	0	2	22	255	0	0	0	0	0	0	0	0	0	0	0	0	0	0	0	0	0	0	0	0	0	0	0	0	0	0	0	0	0	1	1	1	1	1	1	1	1	99	0	0	0	0	0	0	0	0	0	0	0	0	0	0	0	0	0	0	0	0	0	0	0	0	0	0	0	0	0	0	0	0	0	0	0	0	0	0	0	0	0	0	0	0	0	1	0	0	0	0	0	0	0	0	0	0	0	0	0	2138	0	0	0	0	0	0	0	0	0	0	0	0	0	0	0	0	0	0	0	0	0	0	0	0	0	0	0	0	0	0	0	0	0	0	1	
	63525	1	0	수호신_파괴신엘리멘탈리스트의상자	41020	1	69DDA0	42022	42050	0	0	86210	39999	0	20029	0	911	0	Null	0	Null	0	0	0	0	1	0	0	0	0	0	0	0	2	22	255	0	0	0	0	0	0	0	0	0	0	0	0	0	0	0	0	0	0	0	0	0	0	0	0	0	0	0	0	0	1	1	1	1	1	1	1	1	99	0	0	0	0	0	0	0	0	0	0	0	0	0	0	0	0	0	0	0	0	0	0	0	0	0	0	0	0	0	0	0	0	0	0	0	0	0	0	0	0	0	0	0	0	0	1	0	0	0	0	0	0	0	0	0	0	0	0	0	2139	0	0	0	0	0	0	0	0	0	0	0	0	0	0	0	0	0	0	0	0	0	0	0	0	0	0	0	0	0	0	0	0	0	0	1	
	63526	1	0	수호신_파괴신섀도우의상자	41021	1	69DDA0	42022	42056	0	0	86211	39999	0	20029	0	911	0	Null	0	Null	0	0	0	0	1	0	0	0	0	0	0	0	2	22	255	0	0	0	0	0	0	0	0	0	0	0	0	0	0	0	0	0	0	0	0	0	0	0	0	0	0	0	0	0	1	1	1	1	1	1	1	1	99	0	0	0	0	0	0	0	0	0	0	0	0	0	0	0	0	0	0	0	0	0	0	0	0	0	0	0	0	0	0	0	0	0	0	0	0	0	0	0	0	0	0	0	0	0	1	0	0	0	0	0	0	0	0	0	0	0	0	0	2140	0	0	0	0	0	0	0	0	0	0	0	0	0	0	0	0	0	0	0	0	0	0	0	0	0	0	0	0	0	0	0	0	0	0	1	
	63527	1	0	수호신_파괴신미스틱의상자	41022	1	69DDA0	42022	42057	0	0	86212	39999	0	20029	0	911	0	Null	0	Null	0	0	0	0	1	0	0	0	0	0	0	0	2	22	255	0	0	0	0	0	0	0	0	0	0	0	0	0	0	0	0	0	0	0	0	0	0	0	0	0	0	0	0	0	1	1	1	1	1	1	1	1	99	0	0	0	0	0	0	0	0	0	0	0	0	0	0	0	0	0	0	0	0	0	0	0	0	0	0	0	0	0	0	0	0	0	0	0	0	0	0	0	0	0	0	0	0	0	1	0	0	0	0	0	0	0	0	0	0	0	0	0	2141	0	0	0	0	0	0	0	0	0	0	0	0	0	0	0	0	0	0	0	0	0	0	0	0	0	0	0	0	0	0	0	0	0	0	1	
	63528	1	0	수호신_파괴신헬로이드의상자	41023	1	69DDA0	42022	42058	0	0	86213	39999	0	20029	0	911	0	Null	0	Null	0	0	0	0	1	0	0	0	0	0	0	0	2	22	255	0	0	0	0	0	0	0	0	0	0	0	0	0	0	0	0	0	0	0	0	0	0	0	0	0	0	0	0	0	1	1	1	1	1	1	1	1	99	0	0	0	0	0	0	0	0	0	0	0	0	0	0	0	0	0	0	0	0	0	0	0	0	0	0	0	0	0	0	0	0	0	0	0	0	0	0	0	0	0	0	0	0	0	1	0	0	0	0	0	0	0	0	0	0	0	0	0	2142	0	0	0	0	0	0	0	0	0	0	0	0	0	0	0	0	0	0	0	0	0	0	0	0	0	0	0	0	0	0	0	0	0	0	1	
	63529	1	0	수호신_파괴신위치블레이드의상자	41024	1	69DDA0	42022	42059	0	0	86214	39999	0	20029	0	911	0	Null	0	Null	0	0	0	0	1	0	0	0	0	0	0	0	2	22	255	0	0	0	0	0	0	0	0	0	0	0	0	0	0	0	0	0	0	0	0	0	0	0	0	0	0	0	0	0	1	1	1	1	1	1	1	1	99	0	0	0	0	0	0	0	0	0	0	0	0	0	0	0	0	0	0	0	0	0	0	0	0	0	0	0	0	0	0	0	0	0	0	0	0	0	0	0	0	0	0	0	0	0	1	0	0	0	0	0	0	0	0	0	0	0	0	0	2143	0	0	0	0	0	0	0	0	0	0	0	0	0	0	0	0	0	0	0	0	0	0	0	0	0	0	0	0	0	0	0	0	0	0	1	
//지급용캐시아이템								#N/A																																																																																																																																																																	
	63423	1	2	버서커_팬더(기간제)	43085	1	69DDA0	43077	44085	85803	85832	85840	39918	0	20064	0	911	0	Null	0	Null	0	25355	0	0	1	0	0	0	0	0	0	0	4	263	255	0	0	0	0	0	0	0	0	0	0	0	0	0	0	0	0	0	0	0	0	0	0	0	0	0	0	0	0	0	1	0	0	0	0	0	0	0	99	0	49	2	100	0	47	2	100	0	32	1	7	0	0	0	0	0	0	0	0	0	0	0	0	0	0	0	0	0	0	0	0	0	0	0	0	0	0	0	0	0	3	3	0	0	1	0	0	0	0	0	0	0	0	0	0	0	0	0	0	0	0	0	0	0	0	0	0	0	0	0	0	0	0	0	0	0	0	0	0	0	0	0	0	0	0	0	0	0	0	0	0	0	0	0	
	63424	1	2	드래곤나이트_팬더(기간제)	43087	1	69DDA0	43077	44085	85810	85832	85840	39918	0	20064	0	911	0	Null	0	Null	0	25355	0	0	1	0	0	0	0	0	0	0	4	263	255	0	0	0	0	0	0	0	0	0	0	0	0	0	0	0	0	0	0	0	0	0	0	0	0	0	0	0	0	0	0	1	0	0	0	0	0	0	99	0	49	2	100	0	47	2	100	0	32	1	7	0	0	0	0	0	0	0	0	0	0	0	0	0	0	0	0	0	0	0	0	0	0	0	0	0	0	0	0	0	3	3	0	0	1	0	0	0	0	0	0	0	0	0	0	0	0	0	0	0	0	0	0	0	0	0	0	0	0	0	0	0	0	0	0	0	0	0	0	0	0	0	0	0	0	0	0	0	0	0	0	0	0	0	
	63425	1	2	섀도우_팬더(기간제)	43089	1	69DDA0	43077	44085	85817	85824	85840	39918	0	20064	0	911	0	Null	0	Null	0	25355	0	0	1	0	0	0	0	0	0	0	4	263	255	0	0	0	0	0	0	0	0	0	0	0	0	0	0	0	0	0	0	0	0	0	0	0	0	0	0	0	0	0	0	0	1	0	0	0	0	0	99	0	49	2	100	0	47	2	100	0	32	1	7	0	0	0	0	0	0	0	0	0	0	0	0	0	0	0	0	0	0	0	0	0	0	0	0	0	0	0	0	0	3	3	0	0	1	0	0	0	0	0	0	0	0	0	0	0	0	0	0	0	0	0	0	0	0	0	0	0	0	0	0	0	0	0	0	0	0	0	0	0	0	0	0	0	0	0	0	0	0	0	0	0	0	0	
	63426	1	2	엘리멘탈리스트_팬더(기간제)	43091	1	69DDA0	43077	44085	85817	85824	85861	39918	0	20064	0	911	0	Null	0	Null	0	25355	0	0	1	0	0	0	0	0	0	0	4	263	255	0	0	0	0	0	0	0	0	0	0	0	0	0	0	0	0	0	0	0	0	0	0	0	0	0	0	0	0	0	0	0	0	0	1	0	0	0	99	0	49	2	100	0	47	2	100	0	32	1	7	0	0	0	0	0	0	0	0	0	0	0	0	0	0	0	0	0	0	0	0	0	0	0	0	0	0	0	0	0	3	3	0	0	1	0	0	0	0	0	0	0	0	0	0	0	0	0	0	0	0	0	0	0	0	0	0	0	0	0	0	0	0	0	0	0	0	0	0	0	0	0	0	0	0	0	0	0	0	0	0	0	0	0	
	63427	1	2	발키리_팬더(기간제)	43093	1	69DDA0	43077	44085	85810	85832	85861	39918	0	20064	0	911	0	Null	0	Null	0	25355	0	0	1	0	0	0	0	0	0	0	4	263	255	0	0	0	0	0	0	0	0	0	0	0	0	0	0	0	0	0	0	0	0	0	0	0	0	0	0	0	0	0	0	0	0	1	0	0	0	0	99	0	49	2	100	0	47	2	100	0	32	1	7	0	0	0	0	0	0	0	0	0	0	0	0	0	0	0	0	0	0	0	0	0	0	0	0	0	0	0	0	0	3	3	0	0	1	0	0	0	0	0	0	0	0	0	0	0	0	0	0	0	0	0	0	0	0	0	0	0	0	0	0	0	0	0	0	0	0	0	0	0	0	0	0	0	0	0	0	0	0	0	0	0	0	0	
	63428	1	2	버서커_팬더(한정판)	43095	1	69DDA0	43077	44095	85803	85832	86003	39918	0	20064	0	911	0	Null	0	Null	0	25355	0	0	1	0	0	0	0	0	0	0	4	263	255	0	0	0	0	0	0	0	0	0	0	0	0	0	0	0	0	0	0	0	0	0	0	0	0	0	0	0	0	0	1	0	0	0	0	0	0	0	99	0	42	2	100	0	31	5	100	0	49	2	100	0	47	2	100	0	32	1	10	0	0	0	0	0	0	0	0	0	0	0	0	0	0	0	0	0	0	0	0	0	3	3	0	0	1	0	0	0	0	0	0	0	0	0	0	0	0	0	0	0	0	0	0	0	0	0	0	0	0	0	0	0	0	0	0	0	0	0	0	0	0	0	0	0	0	0	0	0	0	0	0	0	0	0	
	63429	1	2	드래곤나이트_팬더(한정판)	43097	1	69DDA0	43077	44095	85810	85832	86003	39918	0	20064	0	911	0	Null	0	Null	0	25355	0	0	1	0	0	0	0	0	0	0	4	263	255	0	0	0	0	0	0	0	0	0	0	0	0	0	0	0	0	0	0	0	0	0	0	0	0	0	0	0	0	0	0	1	0	0	0	0	0	0	99	0	42	2	100	0	31	5	100	0	49	2	100	0	47	2	100	0	32	1	10	0	0	0	0	0	0	0	0	0	0	0	0	0	0	0	0	0	0	0	0	0	3	3	0	0	1	0	0	0	0	0	0	0	0	0	0	0	0	0	0	0	0	0	0	0	0	0	0	0	0	0	0	0	0	0	0	0	0	0	0	0	0	0	0	0	0	0	0	0	0	0	0	0	0	0	
	63430	1	2	섀도우_팬더(한정판)	43099	1	69DDA0	43077	44095	85817	85824	86003	39918	0	20064	0	911	0	Null	0	Null	0	25355	0	0	1	0	0	0	0	0	0	0	4	263	255	0	0	0	0	0	0	0	0	0	0	0	0	0	0	0	0	0	0	0	0	0	0	0	0	0	0	0	0	0	0	0	1	0	0	0	0	0	99	0	42	2	100	0	31	5	100	0	49	2	100	0	47	2	100	0	32	1	10	0	0	0	0	0	0	0	0	0	0	0	0	0	0	0	0	0	0	0	0	0	3	3	0	0	1	0	0	0	0	0	0	0	0	0	0	0	0	0	0	0	0	0	0	0	0	0	0	0	0	0	0	0	0	0	0	0	0	0	0	0	0	0	0	0	0	0	0	0	0	0	0	0	0	0	
	63431	1	2	엘리멘탈리스트_팬더(한정판)	43101	1	69DDA0	43077	44095	85817	85824	86005	39918	0	20064	0	911	0	Null	0	Null	0	25355	0	0	1	0	0	0	0	0	0	0	4	263	255	0	0	0	0	0	0	0	0	0	0	0	0	0	0	0	0	0	0	0	0	0	0	0	0	0	0	0	0	0	0	0	0	0	1	0	0	0	99	0	42	2	100	0	31	5	100	0	49	2	100	0	47	2	100	0	32	1	10	0	0	0	0	0	0	0	0	0	0	0	0	0	0	0	0	0	0	0	0	0	3	3	0	0	1	0	0	0	0	0	0	0	0	0	0	0	0	0	0	0	0	0	0	0	0	0	0	0	0	0	0	0	0	0	0	0	0	0	0	0	0	0	0	0	0	0	0	0	0	0	0	0	0	0	
	63432	1	2	발키리_팬더(한정판)	43103	1	69DDA0	43077	44095	85810	85832	86005	39918	0	20064	0	911	0	Null	0	Null	0	25355	0	0	1	0	0	0	0	0	0	0	4	263	255	0	0	0	0	0	0	0	0	0	0	0	0	0	0	0	0	0	0	0	0	0	0	0	0	0	0	0	0	0	0	0	0	1	0	0	0	0	99	0	42	2	100	0	31	5	100	0	49	2	100	0	47	2	100	0	32	1	10	0	0	0	0	0	0	0	0	0	0	0	0	0	0	0	0	0	0	0	0	0	3	3	0	0	1	0	0	0	0	0	0	0	0	0	0	0	0	0	0	0	0	0	0	0	0	0	0	0	0	0	0	0	0	0	0	0	0	0	0	0	0	0	0	0	0	0	0	0	0	0	0	0	0	0	
	63433	1	2	미스틱용_분홍색_드레스	43123	1	69DDA0	43077	44078	0	86034	86037	39918	0	20064	0	911	0	Null	0	Null	0	25355	0	0	1	0	0	0	0	0	0	0	4	263	255	0	0	0	0	0	0	0	0	0	0	0	0	0	0	0	0	0	0	0	0	0	0	0	0	0	0	0	0	0	0	0	0	0	0	1	0	0	99	0	49	2	100	0	47	2	100	0	32	1	7	0	0	0	0	0	0	0	0	0	0	0	0	0	0	0	0	0	0	0	0	0	0	0	0	0	0	0	0	0	0	0	0	0	1	0	0	0	0	0	0	0	0	0	0	0	0	0	0	0	0	0	0	0	0	0	0	0	0	0	0	0	0	0	0	0	0	0	0	0	0	0	0	0	0	0	0	0	0	0	0	0	0	0	
	63434	1	2	[강화판]미스틱용_분홍색_드레스	43126	1	69DDA0	43077	44078	0	86034	86040	39918	0	20064	0	911	0	Null	0	Null	0	25355	0	0	1	0	0	0	0	0	0	0	4	263	255	0	0	0	0	0	0	0	0	0	0	0	0	0	0	0	0	0	0	0	0	0	0	0	0	0	0	0	0	0	0	0	0	0	0	1	0	0	99	0	42	2	100	0	31	5	100	0	49	2	100	0	47	2	100	0	32	1	10	0	0	0	0	0	0	0	0	0	0	0	0	0	0	0	0	0	0	0	0	0	0	0	0	0	1	0	0	0	0	0	0	0	0	0	0	0	0	0	0	0	0	0	0	0	0	0	0	0	0	0	0	0	0	0	0	0	0	0	0	0	0	0	0	0	0	0	0	0	0	0	0	0	0	0	
	63435	1	2	[캐쉬퍽]배테랑모험가	25915	1	69DDA0	40022	28915	0	0	36893	39918	0	20053	0	911	0	Null	0	Null	0	0	0	0	1	0	0	0	0	0	0	0	2	263	255	0	0	0	0	0	0	0	0	0	0	0	0	0	0	0	0	0	0	0	0	0	0	0	0	0	0	0	0	0	1	1	1	1	1	1	1	1	99	0	0	0	0	0	0	0	0	0	0	0	0	0	0	0	0	0	0	0	0	0	0	0	0	0	0	0	0	0	0	0	0	0	0	0	0	0	0	0	0	0	0	0	0	0	1	0	0	0	0	0	0	0	0	0	0	0	0	0	0	21	0	0	0	0	0	0	0	0	0	0	0	0	0	0	0	0	0	0	0	0	0	0	0	0	0	0	0	0	0	0	0	0	0	1	
	63436	1	2	[캐쉬퍽]축복받은검투사	25916	1	69DDA0	40022	28916	0	0	36894	39918	0	20053	0	911	0	Null	0	Null	0	0	0	0	1	0	0	0	0	0	0	0	2	263	255	0	0	0	0	0	0	0	0	0	0	0	0	0	0	0	0	0	0	0	0	0	0	0	0	0	0	0	0	0	1	1	1	1	1	1	1	1	99	0	0	0	0	0	0	0	0	0	0	0	0	0	0	0	0	0	0	0	0	0	0	0	0	0	0	0	0	0	0	0	0	0	0	0	0	0	0	0	0	0	0	0	0	0	1	0	0	0	0	0	0	0	0	0	0	0	0	0	0	22	0	0	0	0	0	0	0	0	0	0	0	0	0	0	0	0	0	0	0	0	0	0	0	0	0	0	0	0	0	0	0	0	0	1	
	63437	1	2	[캐쉬퍽]몬스터사냥꾼	25917	1	69DDA0	40022	28917	0	0	36895	39918	0	20053	0	911	0	Null	0	Null	0	0	0	0	1	0	0	0	0	0	0	0	2	263	255	0	0	0	0	0	0	0	0	0	0	0	0	0	0	0	0	0	0	0	0	0	0	0	0	0	0	0	0	0	1	1	1	1	1	1	1	1	99	0	0	0	0	0	0	0	0	0	0	0	0	0	0	0	0	0	0	0	0	0	0	0	0	0	0	0	0	0	0	0	0	0	0	0	0	0	0	0	0	0	0	0	0	0	1	0	0	0	0	0	0	0	0	0	0	0	0	0	0	23	0	0	0	0	0	0	0	0	0	0	0	0	0	0	0	0	0	0	0	0	0	0	0	0	0	0	0	0	0	0	0	0	0	1	
	63438	1	2	[캐쉬퍽]조합전문가	25918	1	69DDA0	40022	28918	0	0	36896	39918	0	20053	0	911	0	Null	0	Null	0	0	0	0	1	0	0	0	0	0	0	0	2	263	255	0	0	0	0	0	0	0	0	0	0	0	0	0	0	0	0	0	0	0	0	0	0	0	0	0	0	0	0	0	1	1	1	1	1	1	1	1	99	0	0	0	0	0	0	0	0	0	0	0	0	0	0	0	0	0	0	0	0	0	0	0	0	0	0	0	0	0	0	0	0	0	0	0	0	0	0	0	0	0	0	0	0	0	1	0	0	0	0	0	0	0	0	0	0	0	0	0	0	24	0	0	0	0	0	0	0	0	0	0	0	0	0	0	0	0	0	0	0	0	0	0	0	0	0	0	0	0	0	0	0	0	0	1	
	63440	1	0	봉인이풀린마법사의돌	158681	1	69DDA0	9466	159891	0	0	39957	39919	0	995	0	911	0	Null	0	Null	0	0	0	0	1	0	0	0	0	0	0	0	0	263	255	0	0	0	0	0	0	0	0	0	0	0	0	0	0	0	0	0	0	0	0	0	0	0	0	0	0	0	0	0 	0	0	0	0	0	0	0	0	99	0	0	0	0	0	0	0	0	0	0	0	0	0	0	0	0	0	0	0	0	0	0	0	0	0	0	0	0	0	0	0	0	0	0	0	0	0	0	0	0	0	0	0	0	0	255	0	0	0	0	0	0	0	0	0	0	0	0	0	0	64	0	0	0	0	0	0	0	0	0	0	0	0	0	0	0	0	0	0	0	0	0	0	0	0	0	0	0	0	0	0	0	0	0	0	
	63441	1	0	암흑의열쇠_저주받은탑_캐시	158170	1	69DDA0	9466	159170	0	0	73533	39919	0	995	0	911	0	Null	0	Null	0	0	0	0	1	0	0	0	0	0	0	0	0	263	255	0	0	0	0	0	0	0	0	0	0	0	0	0	0	0	0	0	0	0	0	0	0	0	0	0	0	0	0	0	0	0	0	0	0	0	0	0	99	0	0	0	0	0	0	0	0	0	0	0	0	0	0	0	0	0	0	0	0	0	0	0	0	0	0	0	0	0	0	0	0	0	0	0	0	0	0	0	0	0	0	0	0	0	255	0	0	0	0	0	0	0	0	0	0	0	0	0	0	60401	0	0	0	0	0	0	0	0	0	0	0	0	0	0	0	0	0	0	0	0	0	0	0	0	0	0	0	0	0	0	0	0	0	0	
	63442	1	0	치타의혼(30분)_LE	155938	1	69DDA0	42015	158937	0	0	25331	39918	0	911	0	911	8	Q005	1	Null	0	0	0	0	1	0	0	0	0	0	0	0	2	263	255	0	0	0	0	0	0	0	0	0	0	0	0	0	0	0	0	0	0	0	0	0	0	0	0	0	0	0	0	0	1	1	1	1	1	1	1	1	99	0	0	0	0	0	0	0	0	0	0	0	0	0	0	0	0	0	0	0	0	0	0	0	0	0	0	0	0	0	0	0	0	0	0	0	0	0	0	0	0	0	0	0	0	0	120	0	0	0	0	15	21	0	0	0	0	5000	0	0	0	58594	0	0	0	0	0	0	0	0	0	0	0	0	0	0	0	0	0	0	0	0	0	0	0	0	0	0	0	0	0	0	0	0	0	1	
	63443	1	0	곰의혼(30분)_LE	155944	1	69DDA0	42015	158943	0	0	25332	39918	0	911	0	911	8	Q005	1	Null	0	0	0	0	1	0	0	0	0	0	0	0	2	263	255	0	0	0	0	0	0	0	0	0	0	0	0	0	0	0	0	0	0	0	0	0	0	0	0	0	0	0	0	0	1	1	1	1	1	1	1	1	99	0	0	0	0	0	0	0	0	0	0	0	0	0	0	0	0	0	0	0	0	0	0	0	0	0	0	0	0	0	0	0	0	0	0	0	0	0	0	0	0	0	0	0	0	0	120	0	0	0	0	15	22	0	0	0	0	5000	0	0	0	58600	0	0	0	0	0	0	0	0	0	0	0	0	0	0	0	0	0	0	0	0	0	0	0	0	0	0	0	0	0	0	0	0	0	1	
	63444	1	0	늑대의혼(30분)_LE	155950	1	69DDA0	42015	158949	0	0	25333	39918	0	911	0	911	8	Q005	1	Null	0	0	0	0	1	0	0	0	0	0	0	0	2	263	255	0	0	0	0	0	0	0	0	0	0	0	0	0	0	0	0	0	0	0	0	0	0	0	0	0	0	0	0	0	1	1	1	1	1	1	1	1	99	0	0	0	0	0	0	0	0	0	0	0	0	0	0	0	0	0	0	0	0	0	0	0	0	0	0	0	0	0	0	0	0	0	0	0	0	0	0	0	0	0	0	0	0	0	120	0	0	0	0	15	23	0	0	0	0	5000	0	0	0	58606	0	0	0	0	0	0	0	0	0	0	0	0	0	0	0	0	0	0	0	0	0	0	0	0	0	0	0	0	0	0	0	0	0	1	
	63445	1	0	매의혼(30분)_LE	155956	1	69DDA0	42015	158955	0	0	25334	39918	0	911	0	911	8	Q005	1	Null	0	0	0	0	1	0	0	0	0	0	0	0	2	263	255	0	0	0	0	0	0	0	0	0	0	0	0	0	0	0	0	0	0	0	0	0	0	0	0	0	0	0	0	0	1	1	1	1	1	1	1	1	99	0	0	0	0	0	0	0	0	0	0	0	0	0	0	0	0	0	0	0	0	0	0	0	0	0	0	0	0	0	0	0	0	0	0	0	0	0	0	0	0	0	0	0	0	0	120	0	0	0	0	15	24	0	0	0	0	5000	0	0	0	58612	0	0	0	0	0	0	0	0	0	0	0	0	0	0	0	0	0	0	0	0	0	0	0	0	0	0	0	0	0	0	0	0	0	1	
	63446	1	0	뱀의혼(30분)_LE	155962	1	69DDA0	42015	158961	0	0	25335	39918	0	911	0	911	8	Q005	1	Null	0	0	0	0	1	0	0	0	0	0	0	0	2	263	255	0	0	0	0	0	0	0	0	0	0	0	0	0	0	0	0	0	0	0	0	0	0	0	0	0	0	0	0	0	1	1	1	1	1	1	1	1	99	0	0	0	0	0	0	0	0	0	0	0	0	0	0	0	0	0	0	0	0	0	0	0	0	0	0	0	0	0	0	0	0	0	0	0	0	0	0	0	0	0	0	0	0	0	120	0	0	0	0	15	25	0	0	0	0	5000	0	0	0	58618	0	0	0	0	0	0	0	0	0	0	0	0	0	0	0	0	0	0	0	0	0	0	0	0	0	0	0	0	0	0	0	0	0	1	
	60350	1	0	생명의비약(30분)	158653	1	69DDA0	42015	159653	0	0	72518	39918	0	911	0	911	0	Q005	1	Null	0	0	0	0	1	0	0	0	0	0	0	0	2	263	255	0	0	0	0	0	0	0	0	0	0	0	0	0	0	0	0	0	0	0	0	0	0	0	0	0	0	0	0	0	1	1	1	1	1	1	1	1	99	0	0	0	0	0	0	0	0	0	0	0	0	0	0	0	0	0	0	0	0	0	0	0	0	0	0	0	0	0	0	0	0	0	0	0	0	0	0	0	0	0	0	0	0	0	120	0	0	0	0	15	27	0	0	0	0	5000	0	0	0	55596	0	0	0	0	0	0	0	0	0	0	0	0	0	0	0	0	0	0	0	0	0	0	0	0	0	0	0	0	0	0	0	0	0	1	
	60351	0	0	여신의물약Lv4	47763	0	0	9456	48763	0	0	34157	39918	0	911	0	911	2	A016	0	Null	0	0	0	0	1	0	0	0	0	0	0	0	2	263	255	0	0	0	0	0	0	0	0	0	0	0	0	0	0	0	0	0	0	0	0	0	0	0	0	0	0	0	0	0	0	0	0	0	0	0	0	0	99	0	0	0	0	0	0	0	0	0	0	0	0	0	0	0	0	0	0	0	0	0	0	0	0	0	0	0	0	0	0	0	0	0	0	0	0	0	0	0	0	0	0	0	0	0	255	0	0	0	0	18	66	4000	0	1	1	10000	0	0	0	0	0	0	0	0	0	0	0	0	0	0	0	0	0	0	0	0	0	0	0	0	0	0	0	0	0	0	0	0	0	0	0	0	0	0	
//국내_VIP뱃지								#N/A																																																																																																																																																																	
	63450	1	0	1301_VIP뱃지	46609	0	0	45779	46610	0	0	90297	39918	0	999	0	911	0	A781	0	Null	0	0	0	0	1	0	0	0	0	0	0	0	4	263	255	0	0	0	0	0	0	0	0	0	0	0	0	0	0	0	0	0	0	0	0	0	0	0	0	0	0	0	0	0	1	1	1	1	1	1	1	1	99	0	0	0	0	0	0	0	0	0	0	0	0	0	0	0	0	0	0	0	0	0	0	0	0	0	0	0	0	0	0	0	0	0	0	0	0	0	0	0	0	0	0	0	0	0	1	1	0	0	0	0	0	0	0	0	0	0	0	0	0	0	0	0	0	0	0	0	0	0	0	0	0	0	0	0	0	0	0	0	0	0	0	0	0	0	0	0	0	0	0	0	0	0	0	1	
	63451	1	0	1302_VIP뱃지	46609	0	0	45779	46610	0	0	90064	39918	0	999	0	911	0	A638	0	Null	0	0	0	0	1	0	0	0	0	0	0	0	4	263	255	0	0	0	0	0	0	0	0	0	0	0	0	0	0	0	0	0	0	0	0	0	0	0	0	0	0	0	0	0	1	1	1	1	1	1	1	1	99	0	0	0	0	0	0	0	0	0	0	0	0	0	0	0	0	0	0	0	0	0	0	0	0	0	0	0	0	0	0	0	0	0	0	0	0	0	0	0	0	0	0	0	0	0	1	1	0	0	0	0	0	0	0	0	0	0	0	0	0	0	0	0	0	0	0	0	0	0	0	0	0	0	0	0	0	0	0	0	0	0	0	0	0	0	0	0	0	0	0	0	0	0	0	1	
//코스튬								#N/A																																																																																																																																																																	
	63193	1	2	버서커_에텔레인예복(기간제)	44048	1	69DDA0	43077	44077	85801	85830	85838	39918	0	20064	0	911	0	Null	0	Null	0	25355	0	0	1	0	0	0	0	0	0	0	4	86	255	0	0	0	0	0	0	0	0	0	0	0	0	0	0	0	0	0	0	0	0	0	0	0	0	0	0	0	0	0	1	0	0	0	0	0	0	0	99	0	49	2	100	0	47	2	100	0	32	1	7	0	0	0	0	0	0	0	0	0	0	0	0	0	0	0	0	0	0	0	0	0	0	0	0	0	0	0	0	0	0	0	0	0	1	0	0	0	0	0	0	0	0	0	0	0	0	0	0	0	0	0	0	0	0	0	0	0	0	0	0	0	0	0	0	0	0	0	0	0	0	0	0	0	0	0	0	0	0	0	0	0	0	0	
	63194	1	2	버서커_곰돌이(기간제)	43084	1	69DDA0	43077	44077	85802	85831	85839	39918	0	20064	0	911	0	Null	0	Null	0	25355	0	0	1	0	0	0	0	0	0	0	4	86	255	0	0	0	0	0	0	0	0	0	0	0	0	0	0	0	0	0	0	0	0	0	0	0	0	0	0	0	0	0	1	0	0	0	0	0	0	0	99	0	49	2	100	0	47	2	100	0	44	5	200	0	0	0	0	0	0	0	0	0	0	0	0	0	0	0	0	0	0	0	0	0	0	0	0	0	0	0	0	0	3	3	0	0	1	0	0	0	0	0	0	0	0	0	0	0	0	0	0	0	0	0	0	0	0	0	0	0	0	0	0	0	0	0	0	0	0	0	0	0	0	0	0	0	0	0	0	0	0	0	0	0	0	0	
	63195	1	2	버서커_팬더(기간제)	43085	1	69DDA0	43077	44077	85803	85832	85840	39918	0	20064	0	911	0	Null	0	Null	0	25355	0	0	1	0	0	0	0	0	0	0	4	86	255	0	0	0	0	0	0	0	0	0	0	0	0	0	0	0	0	0	0	0	0	0	0	0	0	0	0	0	0	0	1	0	0	0	0	0	0	0	99	0	49	2	100	0	47	2	100	0	32	1	7	0	0	0	0	0	0	0	0	0	0	0	0	0	0	0	0	0	0	0	0	0	0	0	0	0	0	0	0	0	3	3	0	0	1	0	0	0	0	0	0	0	0	0	0	0	0	0	0	0	0	0	0	0	0	0	0	0	0	0	0	0	0	0	0	0	0	0	0	0	0	0	0	0	0	0	0	0	0	0	0	0	0	0	
	63196	1	2	버서커_검은_사무라이(기간제)	44049	1	69DDA0	43077	44077	85804	85833	85841	39918	0	20064	0	911	0	Null	0	Null	0	25355	0	0	1	0	0	0	0	0	0	0	4	86	255	0	0	0	0	0	0	0	0	0	0	0	0	0	0	0	0	0	0	0	0	0	0	0	0	0	0	0	0	0	1	0	0	0	0	0	0	0	99	0	49	2	100	0	47	2	100	0	32	1	7	0	0	0	0	0	0	0	0	0	0	0	0	0	0	0	0	0	0	0	0	0	0	0	0	0	0	0	0	0	0	0	0	0	1	0	0	0	0	0	0	0	0	0	0	0	0	0	0	0	0	0	0	0	0	0	0	0	0	0	0	0	0	0	0	0	0	0	0	0	0	0	0	0	0	0	0	0	0	0	0	0	0	0	
	63197	1	2	버서커_붉은_사무라이(기간제)	44050	1	69DDA0	43077	44077	85805	85834	85842	39918	0	20064	0	911	0	Null	0	Null	0	25355	0	0	1	0	0	0	0	0	0	0	4	86	255	0	0	0	0	0	0	0	0	0	0	0	0	0	0	0	0	0	0	0	0	0	0	0	0	0	0	0	0	0	1	0	0	0	0	0	0	0	99	0	49	2	100	0	47	2	100	0	32	1	7	0	0	0	0	0	0	0	0	0	0	0	0	0	0	0	0	0	0	0	0	0	0	0	0	0	0	0	0	0	0	0	0	0	1	0	0	0	0	0	0	0	0	0	0	0	0	0	0	0	0	0	0	0	0	0	0	0	0	0	0	0	0	0	0	0	0	0	0	0	0	0	0	0	0	0	0	0	0	0	0	0	0	0	
	63198	1	2	버서커_삐에로(기간제)	44051	1	69DDA0	43077	44077	85806	85835	85843	39918	0	20064	0	911	0	Null	0	Null	0	25355	0	0	1	0	0	0	0	0	0	0	4	86	255	0	0	0	0	0	0	0	0	0	0	0	0	0	0	0	0	0	0	0	0	0	0	0	0	0	0	0	0	0	1	0	0	0	0	0	0	0	99	0	49	2	100	0	47	2	100	0	32	1	7	0	0	0	0	0	0	0	0	0	0	0	0	0	0	0	0	0	0	0	0	0	0	0	0	0	0	0	0	0	3	3	0	0	1	0	0	0	0	0	0	0	0	0	0	0	0	0	0	0	0	0	0	0	0	0	0	0	0	0	0	0	0	0	0	0	0	0	0	0	0	0	0	0	0	0	0	0	0	0	0	0	0	0	
	63199	1	2	버서커_사제(기간제)	44052	1	69DDA0	43077	44077	85807	85836	85844	39918	0	20064	0	911	0	Null	0	Null	0	25355	0	0	1	0	0	0	0	0	0	0	4	86	255	0	0	0	0	0	0	0	0	0	0	0	0	0	0	0	0	0	0	0	0	0	0	0	0	0	0	0	0	0	1	0	0	0	0	0	0	0	99	0	49	2	100	0	47	2	100	0	32	1	7	0	0	0	0	0	0	0	0	0	0	0	0	0	0	0	0	0	0	0	0	0	0	0	0	0	0	0	0	0	0	0	0	0	1	0	0	0	0	0	0	0	0	0	0	0	0	0	0	0	0	0	0	0	0	0	0	0	0	0	0	0	0	0	0	0	0	0	0	0	0	0	0	0	0	0	0	0	0	0	0	0	0	0	
	63200	1	2	드래곤나이트_에텔레인예복(기간제)	44053	1	69DDA0	43077	44077	85808	85830	85838	39918	0	20064	0	911	0	Null	0	Null	0	25355	0	0	1	0	0	0	0	0	0	0	4	86	255	0	0	0	0	0	0	0	0	0	0	0	0	0	0	0	0	0	0	0	0	0	0	0	0	0	0	0	0	0	0	1	0	0	0	0	0	0	99	0	49	2	100	0	47	2	100	0	32	1	7	0	0	0	0	0	0	0	0	0	0	0	0	0	0	0	0	0	0	0	0	0	0	0	0	0	0	0	0	0	0	0	0	0	1	0	0	0	0	0	0	0	0	0	0	0	0	0	0	0	0	0	0	0	0	0	0	0	0	0	0	0	0	0	0	0	0	0	0	0	0	0	0	0	0	0	0	0	0	0	0	0	0	0	
	63267	1	2	드래곤나이트_곰돌이(기간제)	43086	1	69DDA0	43077	44077	85809	85831	85839	39918	0	20064	0	911	0	Null	0	Null	0	25355	0	0	1	0	0	0	0	0	0	0	4	86	255	0	0	0	0	0	0	0	0	0	0	0	0	0	0	0	0	0	0	0	0	0	0	0	0	0	0	0	0	0	0	1	0	0	0	0	0	0	99	0	49	2	100	0	47	2	100	0	44	5	200	0	0	0	0	0	0	0	0	0	0	0	0	0	0	0	0	0	0	0	0	0	0	0	0	0	0	0	0	0	3	3	0	0	1	0	0	0	0	0	0	0	0	0	0	0	0	0	0	0	0	0	0	0	0	0	0	0	0	0	0	0	0	0	0	0	0	0	0	0	0	0	0	0	0	0	0	0	0	0	0	0	0	0	
	63268	1	2	드래곤나이트_팬더(기간제)	43087	1	69DDA0	43077	44077	85810	85832	85840	39918	0	20064	0	911	0	Null	0	Null	0	25355	0	0	1	0	0	0	0	0	0	0	4	86	255	0	0	0	0	0	0	0	0	0	0	0	0	0	0	0	0	0	0	0	0	0	0	0	0	0	0	0	0	0	0	1	0	0	0	0	0	0	99	0	49	2	100	0	47	2	100	0	32	1	7	0	0	0	0	0	0	0	0	0	0	0	0	0	0	0	0	0	0	0	0	0	0	0	0	0	0	0	0	0	3	3	0	0	1	0	0	0	0	0	0	0	0	0	0	0	0	0	0	0	0	0	0	0	0	0	0	0	0	0	0	0	0	0	0	0	0	0	0	0	0	0	0	0	0	0	0	0	0	0	0	0	0	0	
	63269	1	2	드래곤나이트_검은_사무라이(기간제)	44054	1	69DDA0	43077	44077	85811	85833	85841	39918	0	20064	0	911	0	Null	0	Null	0	25355	0	0	1	0	0	0	0	0	0	0	4	86	255	0	0	0	0	0	0	0	0	0	0	0	0	0	0	0	0	0	0	0	0	0	0	0	0	0	0	0	0	0	0	1	0	0	0	0	0	0	99	0	49	2	100	0	47	2	100	0	32	1	7	0	0	0	0	0	0	0	0	0	0	0	0	0	0	0	0	0	0	0	0	0	0	0	0	0	0	0	0	0	0	0	0	0	1	0	0	0	0	0	0	0	0	0	0	0	0	0	0	0	0	0	0	0	0	0	0	0	0	0	0	0	0	0	0	0	0	0	0	0	0	0	0	0	0	0	0	0	0	0	0	0	0	0	
	63270	1	2	드래곤나이트_붉은_사무라이(기간제)	44055	1	69DDA0	43077	44077	85812	85834	85842	39918	0	20064	0	911	0	Null	0	Null	0	25355	0	0	1	0	0	0	0	0	0	0	4	86	255	0	0	0	0	0	0	0	0	0	0	0	0	0	0	0	0	0	0	0	0	0	0	0	0	0	0	0	0	0	0	1	0	0	0	0	0	0	99	0	49	2	100	0	47	2	100	0	32	1	7	0	0	0	0	0	0	0	0	0	0	0	0	0	0	0	0	0	0	0	0	0	0	0	0	0	0	0	0	0	0	0	0	0	1	0	0	0	0	0	0	0	0	0	0	0	0	0	0	0	0	0	0	0	0	0	0	0	0	0	0	0	0	0	0	0	0	0	0	0	0	0	0	0	0	0	0	0	0	0	0	0	0	0	
	63271	1	2	드래곤나이트_삐에로(기간제)	44056	1	69DDA0	43077	44077	85813	85835	85843	39918	0	20064	0	911	0	Null	0	Null	0	25355	0	0	1	0	0	0	0	0	0	0	4	86	255	0	0	0	0	0	0	0	0	0	0	0	0	0	0	0	0	0	0	0	0	0	0	0	0	0	0	0	0	0	0	1	0	0	0	0	0	0	99	0	49	2	100	0	47	2	100	0	32	1	7	0	0	0	0	0	0	0	0	0	0	0	0	0	0	0	0	0	0	0	0	0	0	0	0	0	0	0	0	0	3	3	0	0	1	0	0	0	0	0	0	0	0	0	0	0	0	0	0	0	0	0	0	0	0	0	0	0	0	0	0	0	0	0	0	0	0	0	0	0	0	0	0	0	0	0	0	0	0	0	0	0	0	0	
	63272	1	2	드래곤나이트_사제(기간제)	44057	1	69DDA0	43077	44077	85814	85836	85844	39918	0	20064	0	911	0	Null	0	Null	0	25355	0	0	1	0	0	0	0	0	0	0	4	86	255	0	0	0	0	0	0	0	0	0	0	0	0	0	0	0	0	0	0	0	0	0	0	0	0	0	0	0	0	0	0	1	0	0	0	0	0	0	99	0	49	2	100	0	47	2	100	0	32	1	7	0	0	0	0	0	0	0	0	0	0	0	0	0	0	0	0	0	0	0	0	0	0	0	0	0	0	0	0	0	0	0	0	0	1	0	0	0	0	0	0	0	0	0	0	0	0	0	0	0	0	0	0	0	0	0	0	0	0	0	0	0	0	0	0	0	0	0	0	0	0	0	0	0	0	0	0	0	0	0	0	0	0	0	
	63273	1	2	섀도우_에텔레인예복(기간제)	44058	1	69DDA0	43077	44077	85815	85822	85838	39918	0	20064	0	911	0	Null	0	Null	0	25355	0	0	1	0	0	0	0	0	0	0	4	86	255	0	0	0	0	0	0	0	0	0	0	0	0	0	0	0	0	0	0	0	0	0	0	0	0	0	0	0	0	0	0	0	1	0	0	0	0	0	99	0	49	2	100	0	47	2	100	0	32	1	7	0	0	0	0	0	0	0	0	0	0	0	0	0	0	0	0	0	0	0	0	0	0	0	0	0	0	0	0	0	0	0	0	0	1	0	0	0	0	0	0	0	0	0	0	0	0	0	0	0	0	0	0	0	0	0	0	0	0	0	0	0	0	0	0	0	0	0	0	0	0	0	0	0	0	0	0	0	0	0	0	0	0	0	
	63274	1	2	섀도우_곰돌이(기간제)	43088	1	69DDA0	43077	44077	85816	85823	85839	39918	0	20064	0	911	0	Null	0	Null	0	25355	0	0	1	0	0	0	0	0	0	0	4	86	255	0	0	0	0	0	0	0	0	0	0	0	0	0	0	0	0	0	0	0	0	0	0	0	0	0	0	0	0	0	0	0	1	0	0	0	0	0	99	0	49	2	100	0	47	2	100	0	44	5	200	0	0	0	0	0	0	0	0	0	0	0	0	0	0	0	0	0	0	0	0	0	0	0	0	0	0	0	0	0	3	3	0	0	1	0	0	0	0	0	0	0	0	0	0	0	0	0	0	0	0	0	0	0	0	0	0	0	0	0	0	0	0	0	0	0	0	0	0	0	0	0	0	0	0	0	0	0	0	0	0	0	0	0	
	63275	1	2	섀도우_팬더(기간제)	43089	1	69DDA0	43077	44077	85817	85824	85840	39918	0	20064	0	911	0	Null	0	Null	0	25355	0	0	1	0	0	0	0	0	0	0	4	86	255	0	0	0	0	0	0	0	0	0	0	0	0	0	0	0	0	0	0	0	0	0	0	0	0	0	0	0	0	0	0	0	1	0	0	0	0	0	99	0	49	2	100	0	47	2	100	0	32	1	7	0	0	0	0	0	0	0	0	0	0	0	0	0	0	0	0	0	0	0	0	0	0	0	0	0	0	0	0	0	3	3	0	0	1	0	0	0	0	0	0	0	0	0	0	0	0	0	0	0	0	0	0	0	0	0	0	0	0	0	0	0	0	0	0	0	0	0	0	0	0	0	0	0	0	0	0	0	0	0	0	0	0	0	
	63276	1	2	섀도우_검은_사무라이(기간제)	44059	1	69DDA0	43077	44077	85818	85825	85841	39918	0	20064	0	911	0	Null	0	Null	0	25355	0	0	1	0	0	0	0	0	0	0	4	86	255	0	0	0	0	0	0	0	0	0	0	0	0	0	0	0	0	0	0	0	0	0	0	0	0	0	0	0	0	0	0	0	1	0	0	0	0	0	99	0	49	2	100	0	47	2	100	0	32	1	7	0	0	0	0	0	0	0	0	0	0	0	0	0	0	0	0	0	0	0	0	0	0	0	0	0	0	0	0	0	0	0	0	0	1	0	0	0	0	0	0	0	0	0	0	0	0	0	0	0	0	0	0	0	0	0	0	0	0	0	0	0	0	0	0	0	0	0	0	0	0	0	0	0	0	0	0	0	0	0	0	0	0	0	
	63277	1	2	섀도우_붉은_사무라이(기간제)	44060	1	69DDA0	43077	44077	85819	85826	85842	39918	0	20064	0	911	0	Null	0	Null	0	25355	0	0	1	0	0	0	0	0	0	0	4	86	255	0	0	0	0	0	0	0	0	0	0	0	0	0	0	0	0	0	0	0	0	0	0	0	0	0	0	0	0	0	0	0	1	0	0	0	0	0	99	0	49	2	100	0	47	2	100	0	32	1	7	0	0	0	0	0	0	0	0	0	0	0	0	0	0	0	0	0	0	0	0	0	0	0	0	0	0	0	0	0	0	0	0	0	1	0	0	0	0	0	0	0	0	0	0	0	0	0	0	0	0	0	0	0	0	0	0	0	0	0	0	0	0	0	0	0	0	0	0	0	0	0	0	0	0	0	0	0	0	0	0	0	0	0	
	63278	1	2	섀도우_삐에로(기간제)	44061	1	69DDA0	43077	44077	85820	85827	85843	39918	0	20064	0	911	0	Null	0	Null	0	25355	0	0	1	0	0	0	0	0	0	0	4	86	255	0	0	0	0	0	0	0	0	0	0	0	0	0	0	0	0	0	0	0	0	0	0	0	0	0	0	0	0	0	0	0	1	0	0	0	0	0	99	0	49	2	100	0	47	2	100	0	32	1	7	0	0	0	0	0	0	0	0	0	0	0	0	0	0	0	0	0	0	0	0	0	0	0	0	0	0	0	0	0	3	3	0	0	1	0	0	0	0	0	0	0	0	0	0	0	0	0	0	0	0	0	0	0	0	0	0	0	0	0	0	0	0	0	0	0	0	0	0	0	0	0	0	0	0	0	0	0	0	0	0	0	0	0	
	63279	1	2	섀도우_사제(기간제)	44062	1	69DDA0	43077	44077	85821	85828	85844	39918	0	20064	0	911	0	Null	0	Null	0	25355	0	0	1	0	0	0	0	0	0	0	4	86	255	0	0	0	0	0	0	0	0	0	0	0	0	0	0	0	0	0	0	0	0	0	0	0	0	0	0	0	0	0	0	0	1	0	0	0	0	0	99	0	49	2	100	0	47	2	100	0	32	1	7	0	0	0	0	0	0	0	0	0	0	0	0	0	0	0	0	0	0	0	0	0	0	0	0	0	0	0	0	0	0	0	0	0	1	0	0	0	0	0	0	0	0	0	0	0	0	0	0	0	0	0	0	0	0	0	0	0	0	0	0	0	0	0	0	0	0	0	0	0	0	0	0	0	0	0	0	0	0	0	0	0	0	0	
	63280	1	2	엘리멘탈리스트_에텔레인예복(기간제)	44063	1	69DDA0	43077	44077	85815	85822	85859	39918	0	20064	0	911	0	Null	0	Null	0	25355	0	0	1	0	0	0	0	0	0	0	4	86	255	0	0	0	0	0	0	0	0	0	0	0	0	0	0	0	0	0	0	0	0	0	0	0	0	0	0	0	0	0	0	0	0	0	1	0	0	0	99	0	49	2	100	0	47	2	100	0	32	1	7	0	0	0	0	0	0	0	0	0	0	0	0	0	0	0	0	0	0	0	0	0	0	0	0	0	0	0	0	0	0	0	0	0	1	0	0	0	0	0	0	0	0	0	0	0	0	0	0	0	0	0	0	0	0	0	0	0	0	0	0	0	0	0	0	0	0	0	0	0	0	0	0	0	0	0	0	0	0	0	0	0	0	0	
	63281	1	2	엘리멘탈리스트_곰돌이(기간제)	43090	1	69DDA0	43077	44077	85816	85823	85860	39918	0	20064	0	911	0	Null	0	Null	0	25355	0	0	1	0	0	0	0	0	0	0	4	86	255	0	0	0	0	0	0	0	0	0	0	0	0	0	0	0	0	0	0	0	0	0	0	0	0	0	0	0	0	0	0	0	0	0	1	0	0	0	99	0	49	2	100	0	47	2	100	0	44	5	200	0	0	0	0	0	0	0	0	0	0	0	0	0	0	0	0	0	0	0	0	0	0	0	0	0	0	0	0	0	3	3	0	0	1	0	0	0	0	0	0	0	0	0	0	0	0	0	0	0	0	0	0	0	0	0	0	0	0	0	0	0	0	0	0	0	0	0	0	0	0	0	0	0	0	0	0	0	0	0	0	0	0	0	
	63282	1	2	엘리멘탈리스트_팬더(기간제)	43091	1	69DDA0	43077	44077	85817	85824	85861	39918	0	20064	0	911	0	Null	0	Null	0	25355	0	0	1	0	0	0	0	0	0	0	4	86	255	0	0	0	0	0	0	0	0	0	0	0	0	0	0	0	0	0	0	0	0	0	0	0	0	0	0	0	0	0	0	0	0	0	1	0	0	0	99	0	49	2	100	0	47	2	100	0	32	1	7	0	0	0	0	0	0	0	0	0	0	0	0	0	0	0	0	0	0	0	0	0	0	0	0	0	0	0	0	0	3	3	0	0	1	0	0	0	0	0	0	0	0	0	0	0	0	0	0	0	0	0	0	0	0	0	0	0	0	0	0	0	0	0	0	0	0	0	0	0	0	0	0	0	0	0	0	0	0	0	0	0	0	0	
	63283	1	2	엘리멘탈리스트_검은_사무라이(기간제)	44064	1	69DDA0	43077	44077	85818	85825	85862	39918	0	20064	0	911	0	Null	0	Null	0	25355	0	0	1	0	0	0	0	0	0	0	4	86	255	0	0	0	0	0	0	0	0	0	0	0	0	0	0	0	0	0	0	0	0	0	0	0	0	0	0	0	0	0	0	0	0	0	1	0	0	0	99	0	49	2	100	0	47	2	100	0	32	1	7	0	0	0	0	0	0	0	0	0	0	0	0	0	0	0	0	0	0	0	0	0	0	0	0	0	0	0	0	0	0	0	0	0	1	0	0	0	0	0	0	0	0	0	0	0	0	0	0	0	0	0	0	0	0	0	0	0	0	0	0	0	0	0	0	0	0	0	0	0	0	0	0	0	0	0	0	0	0	0	0	0	0	0	
	63284	1	2	엘리멘탈리스트_붉은_사무라이(기간제)	44065	1	69DDA0	43077	44077	85819	85826	85863	39918	0	20064	0	911	0	Null	0	Null	0	25355	0	0	1	0	0	0	0	0	0	0	4	86	255	0	0	0	0	0	0	0	0	0	0	0	0	0	0	0	0	0	0	0	0	0	0	0	0	0	0	0	0	0	0	0	0	0	1	0	0	0	99	0	49	2	100	0	47	2	100	0	32	1	7	0	0	0	0	0	0	0	0	0	0	0	0	0	0	0	0	0	0	0	0	0	0	0	0	0	0	0	0	0	0	0	0	0	1	0	0	0	0	0	0	0	0	0	0	0	0	0	0	0	0	0	0	0	0	0	0	0	0	0	0	0	0	0	0	0	0	0	0	0	0	0	0	0	0	0	0	0	0	0	0	0	0	0	
	63285	1	2	엘리멘탈리스트_삐에로(기간제)	44066	1	69DDA0	43077	44077	85820	85827	85864	39918	0	20064	0	911	0	Null	0	Null	0	25355	0	0	1	0	0	0	0	0	0	0	4	86	255	0	0	0	0	0	0	0	0	0	0	0	0	0	0	0	0	0	0	0	0	0	0	0	0	0	0	0	0	0	0	0	0	0	1	0	0	0	99	0	49	2	100	0	47	2	100	0	32	1	7	0	0	0	0	0	0	0	0	0	0	0	0	0	0	0	0	0	0	0	0	0	0	0	0	0	0	0	0	0	3	3	0	0	1	0	0	0	0	0	0	0	0	0	0	0	0	0	0	0	0	0	0	0	0	0	0	0	0	0	0	0	0	0	0	0	0	0	0	0	0	0	0	0	0	0	0	0	0	0	0	0	0	0	
	63286	1	2	엘리멘탈리스트_수녀(기간제)	44067	1	69DDA0	43077	44077	85821	85828	85865	39918	0	20064	0	911	0	Null	0	Null	0	25355	0	0	1	0	0	0	0	0	0	0	4	86	255	0	0	0	0	0	0	0	0	0	0	0	0	0	0	0	0	0	0	0	0	0	0	0	0	0	0	0	0	0	0	0	0	0	1	0	0	0	99	0	49	2	100	0	47	2	100	0	32	1	7	0	0	0	0	0	0	0	0	0	0	0	0	0	0	0	0	0	0	0	0	0	0	0	0	0	0	0	0	0	3	3	0	0	1	0	0	0	0	0	0	0	0	0	0	0	0	0	0	0	0	0	0	0	0	0	0	0	0	0	0	0	0	0	0	0	0	0	0	0	0	0	0	0	0	0	0	0	0	0	0	0	0	0	
	63287	1	2	엘리멘탈리스트_호피(기간제)	44068	1	69DDA0	43077	44078	0	85829	85866	39918	0	20064	0	911	0	Null	0	Null	0	25355	0	0	1	0	0	0	0	0	0	0	4	86	255	0	0	0	0	0	0	0	0	0	0	0	0	0	0	0	0	0	0	0	0	0	0	0	0	0	0	0	0	2	0	0	0	0	1	0	0	0	99	0	49	2	100	0	47	2	100	0	32	1	7	0	0	0	0	0	0	0	0	0	0	0	0	0	0	0	0	0	0	0	0	0	0	0	0	0	0	0	0	0	0	0	0	0	1	0	0	0	0	0	0	0	0	0	0	0	0	0	0	0	0	0	0	0	0	0	0	0	0	0	0	0	0	0	0	0	0	0	0	0	0	0	0	0	0	0	0	0	0	0	0	0	0	0	
	63288	1	2	발키리_에텔레인예복(기간제)	44069	1	69DDA0	43077	44077	85808	85830	85859	39918	0	20064	0	911	0	Null	0	Null	0	25355	0	0	1	0	0	0	0	0	0	0	4	86	255	0	0	0	0	0	0	0	0	0	0	0	0	0	0	0	0	0	0	0	0	0	0	0	0	0	0	0	0	0	0	0	0	1	0	0	0	0	99	0	49	2	100	0	47	2	100	0	32	1	7	0	0	0	0	0	0	0	0	0	0	0	0	0	0	0	0	0	0	0	0	0	0	0	0	0	0	0	0	0	0	0	0	0	1	0	0	0	0	0	0	0	0	0	0	0	0	0	0	0	0	0	0	0	0	0	0	0	0	0	0	0	0	0	0	0	0	0	0	0	0	0	0	0	0	0	0	0	0	0	0	0	0	0	
	63289	1	2	발키리_곰돌이(기간제)	43092	1	69DDA0	43077	44077	85809	85831	85860	39918	0	20064	0	911	0	Null	0	Null	0	25355	0	0	1	0	0	0	0	0	0	0	4	86	255	0	0	0	0	0	0	0	0	0	0	0	0	0	0	0	0	0	0	0	0	0	0	0	0	0	0	0	0	0	0	0	0	1	0	0	0	0	99	0	49	2	100	0	47	2	100	0	44	5	200	0	0	0	0	0	0	0	0	0	0	0	0	0	0	0	0	0	0	0	0	0	0	0	0	0	0	0	0	0	3	3	0	0	1	0	0	0	0	0	0	0	0	0	0	0	0	0	0	0	0	0	0	0	0	0	0	0	0	0	0	0	0	0	0	0	0	0	0	0	0	0	0	0	0	0	0	0	0	0	0	0	0	0	
	63290	1	2	발키리_팬더(기간제)	43093	1	69DDA0	43077	44077	85810	85832	85861	39918	0	20064	0	911	0	Null	0	Null	0	25355	0	0	1	0	0	0	0	0	0	0	4	86	255	0	0	0	0	0	0	0	0	0	0	0	0	0	0	0	0	0	0	0	0	0	0	0	0	0	0	0	0	0	0	0	0	1	0	0	0	0	99	0	49	2	100	0	47	2	100	0	32	1	7	0	0	0	0	0	0	0	0	0	0	0	0	0	0	0	0	0	0	0	0	0	0	0	0	0	0	0	0	0	3	3	0	0	1	0	0	0	0	0	0	0	0	0	0	0	0	0	0	0	0	0	0	0	0	0	0	0	0	0	0	0	0	0	0	0	0	0	0	0	0	0	0	0	0	0	0	0	0	0	0	0	0	0	
	63291	1	2	발키리_검은_사무라이(기간제)	44070	1	69DDA0	43077	44077	85811	85833	85862	39918	0	20064	0	911	0	Null	0	Null	0	25355	0	0	1	0	0	0	0	0	0	0	4	86	255	0	0	0	0	0	0	0	0	0	0	0	0	0	0	0	0	0	0	0	0	0	0	0	0	0	0	0	0	0	0	0	0	1	0	0	0	0	99	0	49	2	100	0	47	2	100	0	32	1	7	0	0	0	0	0	0	0	0	0	0	0	0	0	0	0	0	0	0	0	0	0	0	0	0	0	0	0	0	0	0	0	0	0	1	0	0	0	0	0	0	0	0	0	0	0	0	0	0	0	0	0	0	0	0	0	0	0	0	0	0	0	0	0	0	0	0	0	0	0	0	0	0	0	0	0	0	0	0	0	0	0	0	0	
	63292	1	2	발키리_붉은_사무라이(기간제)	44071	1	69DDA0	43077	44077	85812	85834	85863	39918	0	20064	0	911	0	Null	0	Null	0	25355	0	0	1	0	0	0	0	0	0	0	4	86	255	0	0	0	0	0	0	0	0	0	0	0	0	0	0	0	0	0	0	0	0	0	0	0	0	0	0	0	0	0	0	0	0	1	0	0	0	0	99	0	49	2	100	0	47	2	100	0	32	1	7	0	0	0	0	0	0	0	0	0	0	0	0	0	0	0	0	0	0	0	0	0	0	0	0	0	0	0	0	0	0	0	0	0	1	0	0	0	0	0	0	0	0	0	0	0	0	0	0	0	0	0	0	0	0	0	0	0	0	0	0	0	0	0	0	0	0	0	0	0	0	0	0	0	0	0	0	0	0	0	0	0	0	0	
	63293	1	2	발키리_삐에로(기간제)	44072	1	69DDA0	43077	44077	85813	85835	85864	39918	0	20064	0	911	0	Null	0	Null	0	25355	0	0	1	0	0	0	0	0	0	0	4	86	255	0	0	0	0	0	0	0	0	0	0	0	0	0	0	0	0	0	0	0	0	0	0	0	0	0	0	0	0	0	0	0	0	1	0	0	0	0	99	0	49	2	100	0	47	2	100	0	32	1	7	0	0	0	0	0	0	0	0	0	0	0	0	0	0	0	0	0	0	0	0	0	0	0	0	0	0	0	0	0	3	3	0	0	1	0	0	0	0	0	0	0	0	0	0	0	0	0	0	0	0	0	0	0	0	0	0	0	0	0	0	0	0	0	0	0	0	0	0	0	0	0	0	0	0	0	0	0	0	0	0	0	0	0	
	63294	1	2	발키리_수녀(기간제)	44073	1	69DDA0	43077	44077	85814	85836	85865	39918	0	20064	0	911	0	Null	0	Null	0	25355	0	0	1	0	0	0	0	0	0	0	4	86	255	0	0	0	0	0	0	0	0	0	0	0	0	0	0	0	0	0	0	0	0	0	0	0	0	0	0	0	0	0	0	0	0	1	0	0	0	0	99	0	49	2	100	0	47	2	100	0	32	1	7	0	0	0	0	0	0	0	0	0	0	0	0	0	0	0	0	0	0	0	0	0	0	0	0	0	0	0	0	0	3	3	0	0	1	0	0	0	0	0	0	0	0	0	0	0	0	0	0	0	0	0	0	0	0	0	0	0	0	0	0	0	0	0	0	0	0	0	0	0	0	0	0	0	0	0	0	0	0	0	0	0	0	0	
	63295	1	2	발키리_호피(기간제)	44074	1	69DDA0	43077	44078	0	85837	85866	39918	0	20064	0	911	0	Null	0	Null	0	25355	0	0	1	0	0	0	0	0	0	0	4	86	255	0	0	0	0	0	0	0	0	0	0	0	0	0	0	0	0	0	0	0	0	0	0	0	0	0	0	0	0	2	0	0	0	1	0	0	0	0	99	0	49	2	100	0	47	2	100	0	32	1	7	0	0	0	0	0	0	0	0	0	0	0	0	0	0	0	0	0	0	0	0	0	0	0	0	0	0	0	0	0	0	0	0	0	1	0	0	0	0	0	0	0	0	0	0	0	0	0	0	0	0	0	0	0	0	0	0	0	0	0	0	0	0	0	0	0	0	0	0	0	0	0	0	0	0	0	0	0	0	0	0	0	0	0	
	63296	1	2	버서커_도끼_일본식	43057	1	69DDA0	30001	0	85875	85875	85895	39918	0	1	0	911	0	Null	0	Null	0	25355	0	0	1	0	0	0	0	0	0	0	1	6	255	0	0	0	0	0	0	0	0	0	0	0	0	0	0	0	0	0	0	0	0	0	0	0	0	0	0	0	0	0	1	0	0	0	0	0	0	0	0	0	0	0	0	0	0	0	0	0	0	0	0	0	0	0	0	0	0	0	0	0	0	0	0	0	0	0	0	0	0	0	0	0	0	0	0	0	0	0	0	0	0	0	0	0	1	0	0	0	0	0	0	0	0	0	0	0	0	0	0	0	0	0	0	0	0	0	0	0	0	0	0	0	0	0	0	0	0	0	0	0	0	0	0	0	0	0	0	0	0	0	0	0	0	0	
	63297	1	2	버서커_양손검_일본식	43058	1	69DDA0	30002	0	85876	85876	85896	39918	0	2	0	911	0	Null	0	Null	0	25355	0	0	1	0	0	0	0	0	0	0	1	6	255	0	0	0	0	0	0	0	0	0	0	0	0	0	0	0	0	0	0	0	0	0	0	0	0	0	0	0	0	0	1	0	0	0	0	0	0	0	0	0	0	0	0	0	0	0	0	0	0	0	0	0	0	0	0	0	0	0	0	0	0	0	0	0	0	0	0	0	0	0	0	0	0	0	0	0	0	0	0	0	0	0	0	0	1	0	0	0	0	0	0	0	0	0	0	0	0	0	0	0	0	0	0	0	0	0	0	0	0	0	0	0	0	0	0	0	0	0	0	0	0	0	0	0	0	0	0	0	0	0	0	0	0	0	
	63298	1	2	버서커_도끼_중국식	43059	1	69DDA0	30001	0	85877	85877	85897	39918	0	1	0	911	0	Null	0	Null	0	25355	0	0	1	0	0	0	0	0	0	0	1	6	255	0	0	0	0	0	0	0	0	0	0	0	0	0	0	0	0	0	0	0	0	0	0	0	0	0	0	0	0	0	1	0	0	0	0	0	0	0	0	0	0	0	0	0	0	0	0	0	0	0	0	0	0	0	0	0	0	0	0	0	0	0	0	0	0	0	0	0	0	0	0	0	0	0	0	0	0	0	0	0	0	0	0	0	1	0	0	0	0	0	0	0	0	0	0	0	0	0	0	0	0	0	0	0	0	0	0	0	0	0	0	0	0	0	0	0	0	0	0	0	0	0	0	0	0	0	0	0	0	0	0	0	0	0	
	63299	1	2	버서커_양손검_중국식	43060	1	69DDA0	30002	0	85878	85878	85898	39918	0	2	0	911	0	Null	0	Null	0	25355	0	0	1	0	0	0	0	0	0	0	1	6	255	0	0	0	0	0	0	0	0	0	0	0	0	0	0	0	0	0	0	0	0	0	0	0	0	0	0	0	0	0	1	0	0	0	0	0	0	0	0	0	0	0	0	0	0	0	0	0	0	0	0	0	0	0	0	0	0	0	0	0	0	0	0	0	0	0	0	0	0	0	0	0	0	0	0	0	0	0	0	0	0	0	0	0	1	0	0	0	0	0	0	0	0	0	0	0	0	0	0	0	0	0	0	0	0	0	0	0	0	0	0	0	0	0	0	0	0	0	0	0	0	0	0	0	0	0	0	0	0	0	0	0	0	0	
	63300	1	2	드래곤나이트_한손검_일본식	43061	1	69DDA0	30003	0	85879	85879	85899	39918	0	3	0	911	0	Null	0	Null	0	25355	0	0	1	0	0	0	0	0	0	0	1	6	255	0	0	0	0	0	0	0	0	0	0	0	0	0	0	0	0	0	0	0	0	0	0	0	0	0	0	0	0	0	0	1	0	0	0	0	0	0	0	0	0	0	0	0	0	0	0	0	0	0	0	0	0	0	0	0	0	0	0	0	0	0	0	0	0	0	0	0	0	0	0	0	0	0	0	0	0	0	0	0	0	0	0	0	1	0	0	0	0	0	0	0	0	0	0	0	0	0	0	0	0	0	0	0	0	0	0	0	0	0	0	0	0	0	0	0	0	0	0	0	0	0	0	0	0	0	0	0	0	0	0	0	0	0	
	63301	1	2	드래곤나이트_창_일본식	43062	1	69DDA0	30004	0	85880	85880	85900	39918	0	4	0	911	0	Null	0	Null	0	25355	0	0	1	0	0	0	0	0	0	0	1	6	255	0	0	0	0	0	0	0	0	0	0	0	0	0	0	0	0	0	0	0	0	0	0	0	0	0	0	0	0	0	0	1	0	0	0	0	0	0	0	0	0	0	0	0	0	0	0	0	0	0	0	0	0	0	0	0	0	0	0	0	0	0	0	0	0	0	0	0	0	0	0	0	0	0	0	0	0	0	0	0	0	0	0	0	1	0	0	0	0	0	0	0	0	0	0	0	0	0	0	0	0	0	0	0	0	0	0	0	0	0	0	0	0	0	0	0	0	0	0	0	0	0	0	0	0	0	0	0	0	0	0	0	0	0	
	63302	1	2	드래곤나이트_한손검_중국식	43063	1	69DDA0	30003	0	85881	85881	85901	39918	0	3	0	911	0	Null	0	Null	0	25355	0	0	1	0	0	0	0	0	0	0	1	6	255	0	0	0	0	0	0	0	0	0	0	0	0	0	0	0	0	0	0	0	0	0	0	0	0	0	0	0	0	0	0	1	0	0	0	0	0	0	0	0	0	0	0	0	0	0	0	0	0	0	0	0	0	0	0	0	0	0	0	0	0	0	0	0	0	0	0	0	0	0	0	0	0	0	0	0	0	0	0	0	0	0	0	0	1	0	0	0	0	0	0	0	0	0	0	0	0	0	0	0	0	0	0	0	0	0	0	0	0	0	0	0	0	0	0	0	0	0	0	0	0	0	0	0	0	0	0	0	0	0	0	0	0	0	
	63303	1	2	드래곤나이트_창_중국식	43064	1	69DDA0	30004	0	85882	85882	85902	39918	0	4	0	911	0	Null	0	Null	0	25355	0	0	1	0	0	0	0	0	0	0	1	6	255	0	0	0	0	0	0	0	0	0	0	0	0	0	0	0	0	0	0	0	0	0	0	0	0	0	0	0	0	0	0	1	0	0	0	0	0	0	0	0	0	0	0	0	0	0	0	0	0	0	0	0	0	0	0	0	0	0	0	0	0	0	0	0	0	0	0	0	0	0	0	0	0	0	0	0	0	0	0	0	0	0	0	0	1	0	0	0	0	0	0	0	0	0	0	0	0	0	0	0	0	0	0	0	0	0	0	0	0	0	0	0	0	0	0	0	0	0	0	0	0	0	0	0	0	0	0	0	0	0	0	0	0	0	
	63304	1	2	엘리멘탈리스트_지팡이_일본식	43065	1	69DDA0	30009	0	85883	85883	85903	39918	0	10	0	911	0	Null	0	Null	0	25355	0	0	1	0	0	0	0	0	0	0	1	6	255	0	0	0	0	0	0	0	0	0	0	0	0	0	0	0	0	0	0	0	0	0	0	0	0	0	0	0	0	0	0	0	0	0	1	0	0	0	0	0	0	0	0	0	0	0	0	0	0	0	0	0	0	0	0	0	0	0	0	0	0	0	0	0	0	0	0	0	0	0	0	0	0	0	0	0	0	0	0	0	0	0	0	0	1	0	0	0	0	0	0	0	0	0	0	0	0	0	0	0	0	0	0	0	0	0	0	0	0	0	0	0	0	0	0	0	0	0	0	0	0	0	0	0	0	0	0	0	0	0	0	0	0	0	
	63305	1	2	엘리멘탈리스트_오브_일본식	43066	1	69DDA0	30010	0	85884	85884	85904	39918	0	11	0	911	0	Null	0	Null	0	25355	0	0	1	0	0	0	0	0	0	0	1	6	255	0	0	0	0	0	0	0	0	0	0	0	0	0	0	0	0	0	0	0	0	0	0	0	0	0	0	0	0	0	0	0	0	0	1	0	0	0	0	0	0	0	0	0	0	0	0	0	0	0	0	0	0	0	0	0	0	0	0	0	0	0	0	0	0	0	0	0	0	0	0	0	0	0	0	0	0	0	0	0	0	0	0	0	1	0	0	0	0	0	0	0	0	0	0	0	0	0	0	0	0	0	0	0	0	0	0	0	0	0	0	0	0	0	0	0	0	0	0	0	0	0	0	0	0	0	0	0	0	0	0	0	0	0	
	63306	1	2	엘리멘탈리스트_지팡이_중국식	43067	1	69DDA0	30009	0	85885	85885	85905	39918	0	10	0	911	0	Null	0	Null	0	25355	0	0	1	0	0	0	0	0	0	0	1	6	255	0	0	0	0	0	0	0	0	0	0	0	0	0	0	0	0	0	0	0	0	0	0	0	0	0	0	0	0	0	0	0	0	0	1	0	0	0	0	0	0	0	0	0	0	0	0	0	0	0	0	0	0	0	0	0	0	0	0	0	0	0	0	0	0	0	0	0	0	0	0	0	0	0	0	0	0	0	0	0	0	0	0	0	1	0	0	0	0	0	0	0	0	0	0	0	0	0	0	0	0	0	0	0	0	0	0	0	0	0	0	0	0	0	0	0	0	0	0	0	0	0	0	0	0	0	0	0	0	0	0	0	0	0	
	63307	1	2	엘리멘탈리스트_오브_중국식	43068	1	69DDA0	30010	0	85886	85886	85906	39918	0	11	0	911	0	Null	0	Null	0	25355	0	0	1	0	0	0	0	0	0	0	1	6	255	0	0	0	0	0	0	0	0	0	0	0	0	0	0	0	0	0	0	0	0	0	0	0	0	0	0	0	0	0	0	0	0	0	1	0	0	0	0	0	0	0	0	0	0	0	0	0	0	0	0	0	0	0	0	0	0	0	0	0	0	0	0	0	0	0	0	0	0	0	0	0	0	0	0	0	0	0	0	0	0	0	0	0	1	0	0	0	0	0	0	0	0	0	0	0	0	0	0	0	0	0	0	0	0	0	0	0	0	0	0	0	0	0	0	0	0	0	0	0	0	0	0	0	0	0	0	0	0	0	0	0	0	0	
	63308	1	2	발키리_한손석궁_일본식	43069	1	69DDA0	30007	0	85887	85887	85907	39918	0	7	0	911	0	Null	0	Null	0	25355	0	0	1	0	0	0	0	0	0	0	1	6	255	0	0	0	0	0	0	0	0	0	0	0	0	0	0	0	0	0	0	0	0	0	0	0	0	0	0	0	0	0	0	0	0	1	0	0	0	0	0	0	0	0	0	0	0	0	0	0	0	0	0	0	0	0	0	0	0	0	0	0	0	0	0	0	0	0	0	0	0	0	0	0	0	0	0	0	0	0	0	0	0	0	0	0	1	0	0	0	0	0	0	0	0	0	0	0	0	0	0	0	0	0	0	0	0	0	0	0	0	0	0	0	0	0	0	0	0	0	0	0	0	0	0	0	0	0	0	0	0	0	0	0	0	0	
	63309	1	2	발키리_에테르웨폰_일본식	43070	1	69DDA0	30008	0	85888	85888	85908	39918	0	8	0	911	0	Null	0	Null	0	25355	0	0	1	0	0	0	0	0	0	0	1	6	255	0	0	0	0	0	0	0	0	0	0	0	0	0	0	0	0	0	0	0	0	0	0	0	0	0	0	0	0	0	0	0	0	1	0	0	0	0	0	0	0	0	0	0	0	0	0	0	0	0	0	0	0	0	0	0	0	0	0	0	0	0	0	0	0	0	0	0	0	0	0	0	0	0	0	0	0	0	0	0	0	0	0	0	1	0	0	0	0	0	0	0	0	0	0	0	0	0	0	0	0	0	0	0	0	0	0	0	0	0	0	0	0	0	0	0	0	0	0	0	0	0	0	0	0	0	0	0	0	0	0	0	0	0	
	63310	1	2	발키리_한손석궁_중국식	43071	1	69DDA0	30007	0	85889	85889	85909	39918	0	7	0	911	0	Null	0	Null	0	25355	0	0	1	0	0	0	0	0	0	0	1	6	255	0	0	0	0	0	0	0	0	0	0	0	0	0	0	0	0	0	0	0	0	0	0	0	0	0	0	0	0	0	0	0	0	1	0	0	0	0	0	0	0	0	0	0	0	0	0	0	0	0	0	0	0	0	0	0	0	0	0	0	0	0	0	0	0	0	0	0	0	0	0	0	0	0	0	0	0	0	0	0	0	0	0	0	1	0	0	0	0	0	0	0	0	0	0	0	0	0	0	0	0	0	0	0	0	0	0	0	0	0	0	0	0	0	0	0	0	0	0	0	0	0	0	0	0	0	0	0	0	0	0	0	0	0	
	63311	1	2	발키리_에테르웨폰_중국식	43072	1	69DDA0	30008	0	85890	85890	85910	39918	0	8	0	911	0	Null	0	Null	0	25355	0	0	1	0	0	0	0	0	0	0	1	6	255	0	0	0	0	0	0	0	0	0	0	0	0	0	0	0	0	0	0	0	0	0	0	0	0	0	0	0	0	0	0	0	0	1	0	0	0	0	0	0	0	0	0	0	0	0	0	0	0	0	0	0	0	0	0	0	0	0	0	0	0	0	0	0	0	0	0	0	0	0	0	0	0	0	0	0	0	0	0	0	0	0	0	0	1	0	0	0	0	0	0	0	0	0	0	0	0	0	0	0	0	0	0	0	0	0	0	0	0	0	0	0	0	0	0	0	0	0	0	0	0	0	0	0	0	0	0	0	0	0	0	0	0	0	
	63312	1	2	섀도우_대거_일본식	43073	1	69DDA0	31156	0	85891	85891	85911	39918	0	5	0	911	0	Null	0	Null	0	25355	0	0	1	0	0	0	0	0	0	0	1	6	255	0	0	0	0	0	0	0	0	0	0	0	0	0	0	0	0	0	0	0	0	0	0	0	0	0	0	0	0	0	0	0	1	0	0	0	0	0	0	0	0	0	0	0	0	0	0	0	0	0	0	0	0	0	0	0	0	0	0	0	0	0	0	0	0	0	0	0	0	0	0	0	0	0	0	0	0	0	0	0	0	0	0	0	1	0	0	0	0	0	0	0	0	0	0	0	0	0	0	0	0	0	0	0	0	0	0	0	0	0	0	0	0	0	0	0	0	0	0	0	0	0	0	0	0	0	0	0	0	0	0	0	0	0	
	63313	1	2	섀도우_채찍검_일본식	43074	1	69DDA0	31157	0	85892	85892	85912	39918	0	6	0	911	0	Null	0	Null	0	25355	0	0	1	0	0	0	0	0	0	0	1	6	255	0	0	0	0	0	0	0	0	0	0	0	0	0	0	0	0	0	0	0	0	0	0	0	0	0	0	0	0	0	0	0	1	0	0	0	0	0	0	0	0	0	0	0	0	0	0	0	0	0	0	0	0	0	0	0	0	0	0	0	0	0	0	0	0	0	0	0	0	0	0	0	0	0	0	0	0	0	0	0	0	0	0	0	1	0	0	0	0	0	0	0	0	0	0	0	0	0	0	0	0	0	0	0	0	0	0	0	0	0	0	0	0	0	0	0	0	0	0	0	0	0	0	0	0	0	0	0	0	0	0	0	0	0	
	63314	1	2	섀도우_대거_중국식	43075	1	69DDA0	31156	0	85893	85893	85913	39918	0	5	0	911	0	Null	0	Null	0	25355	0	0	1	0	0	0	0	0	0	0	1	6	255	0	0	0	0	0	0	0	0	0	0	0	0	0	0	0	0	0	0	0	0	0	0	0	0	0	0	0	0	0	0	0	1	0	0	0	0	0	0	0	0	0	0	0	0	0	0	0	0	0	0	0	0	0	0	0	0	0	0	0	0	0	0	0	0	0	0	0	0	0	0	0	0	0	0	0	0	0	0	0	0	0	0	0	1	0	0	0	0	0	0	0	0	0	0	0	0	0	0	0	0	0	0	0	0	0	0	0	0	0	0	0	0	0	0	0	0	0	0	0	0	0	0	0	0	0	0	0	0	0	0	0	0	0	
	63315	1	2	섀도우_채찍검_중국식	43076	1	69DDA0	31157	0	85894	85894	85914	39918	0	6	0	911	0	Null	0	Null	0	25355	0	0	1	0	0	0	0	0	0	0	1	6	255	0	0	0	0	0	0	0	0	0	0	0	0	0	0	0	0	0	0	0	0	0	0	0	0	0	0	0	0	0	0	0	1	0	0	0	0	0	0	0	0	0	0	0	0	0	0	0	0	0	0	0	0	0	0	0	0	0	0	0	0	0	0	0	0	0	0	0	0	0	0	0	0	0	0	0	0	0	0	0	0	0	0	0	1	0	0	0	0	0	0	0	0	0	0	0	0	0	0	0	0	0	0	0	0	0	0	0	0	0	0	0	0	0	0	0	0	0	0	0	0	0	0	0	0	0	0	0	0	0	0	0	0	0	
	63316	1	2	버서커_카르나투스군_헬멧	43056	1	69DDA0	35003	0	85915	85935	85940	39918	0	301	0	911	0	Null	0	Null	0	25355	0	0	1	0	0	0	0	0	0	0	1	6	255	0	0	0	0	0	0	0	0	0	0	0	0	0	0	0	0	0	0	0	0	0	0	0	0	0	0	0	0	0	1	0	0	0	0	0	0	0	3	0	0	0	0	0	0	0	0	0	0	0	0	0	0	0	0	0	0	0	0	0	0	0	0	0	0	0	0	0	0	0	0	0	0	0	0	0	0	0	0	0	0	0	0	0	1	0	0	0	0	0	0	0	0	0	0	0	0	0	0	0	0	0	0	0	0	0	0	0	0	0	0	0	0	0	0	0	0	0	0	0	0	0	0	0	0	0	0	0	0	0	0	0	0	0	
	63317	1	2	버서커_카르나투스군_갑옷	43056	1	69DDA0	35001	0	85916	85936	85941	39918	0	101	0	911	0	Null	0	Null	0	25355	0	0	1	0	0	0	0	0	0	0	1	6	255	0	0	0	0	0	0	0	0	0	0	0	0	0	0	0	0	0	0	0	0	0	0	0	0	0	0	0	0	0	1	0	0	0	0	0	0	0	1	0	0	0	0	0	0	0	0	0	0	0	0	0	0	0	0	0	0	0	0	0	0	0	0	0	0	0	0	0	0	0	0	0	0	0	0	0	0	0	0	0	0	0	0	0	1	0	0	0	0	0	0	0	0	0	0	0	0	0	0	0	0	0	0	0	0	0	0	0	0	0	0	0	0	0	0	0	0	0	0	0	0	0	0	0	0	0	0	0	0	0	0	0	0	0	
	63318	1	2	버서커_카르나투스군_장갑	43056	1	69DDA0	35006	0	85917	85937	85942	39918	0	601	0	911	0	Null	0	Null	0	25355	0	0	1	0	0	0	0	0	0	0	1	6	255	0	0	0	0	0	0	0	0	0	0	0	0	0	0	0	0	0	0	0	0	0	0	0	0	0	0	0	0	0	1	0	0	0	0	0	0	0	6	0	0	0	0	0	0	0	0	0	0	0	0	0	0	0	0	0	0	0	0	0	0	0	0	0	0	0	0	0	0	0	0	0	0	0	0	0	0	0	0	0	0	0	0	0	1	0	0	0	0	0	0	0	0	0	0	0	0	0	0	0	0	0	0	0	0	0	0	0	0	0	0	0	0	0	0	0	0	0	0	0	0	0	0	0	0	0	0	0	0	0	0	0	0	0	
	63319	1	2	버서커_카르나투스군_바지	43056	1	69DDA0	35004	0	85918	85938	85943	39918	0	401	0	911	0	Null	0	Null	0	25355	0	0	1	0	0	0	0	0	0	0	1	6	255	0	0	0	0	0	0	0	0	0	0	0	0	0	0	0	0	0	0	0	0	0	0	0	0	0	0	0	0	0	1	0	0	0	0	0	0	0	4	0	0	0	0	0	0	0	0	0	0	0	0	0	0	0	0	0	0	0	0	0	0	0	0	0	0	0	0	0	0	0	0	0	0	0	0	0	0	0	0	0	0	0	0	0	1	0	0	0	0	0	0	0	0	0	0	0	0	0	0	0	0	0	0	0	0	0	0	0	0	0	0	0	0	0	0	0	0	0	0	0	0	0	0	0	0	0	0	0	0	0	0	0	0	0	
	63320	1	2	버서커_카르나투스군_부츠	43056	1	69DDA0	35005	0	85919	85939	85944	39918	0	501	0	911	0	Null	0	Null	0	25355	0	0	1	0	0	0	0	0	0	0	1	6	255	0	0	0	0	0	0	0	0	0	0	0	0	0	0	0	0	0	0	0	0	0	0	0	0	0	0	0	0	0	1	0	0	0	0	0	0	0	5	0	0	0	0	0	0	0	0	0	0	0	0	0	0	0	0	0	0	0	0	0	0	0	0	0	0	0	0	0	0	0	0	0	0	0	0	0	0	0	0	0	0	0	0	0	1	0	0	0	0	0	0	0	0	0	0	0	0	0	0	0	0	0	0	0	0	0	0	0	0	0	0	0	0	0	0	0	0	0	0	0	0	0	0	0	0	0	0	0	0	0	0	0	0	0	
	63321	1	2	드래곤나이트_카르나투스군_헬멧	43056	1	69DDA0	35003	0	85920	85935	85945	39918	0	301	0	911	0	Null	0	Null	0	25355	0	0	1	0	0	0	0	0	0	0	1	6	255	0	0	0	0	0	0	0	0	0	0	0	0	0	0	0	0	0	0	0	0	0	0	0	0	0	0	0	0	0	0	1	0	0	0	0	0	0	3	0	0	0	0	0	0	0	0	0	0	0	0	0	0	0	0	0	0	0	0	0	0	0	0	0	0	0	0	0	0	0	0	0	0	0	0	0	0	0	0	0	0	0	0	0	1	0	0	0	0	0	0	0	0	0	0	0	0	0	0	0	0	0	0	0	0	0	0	0	0	0	0	0	0	0	0	0	0	0	0	0	0	0	0	0	0	0	0	0	0	0	0	0	0	0	
	63322	1	2	드래곤나이트_카르나투스군_갑옷	43056	1	69DDA0	35001	0	85921	85936	85946	39918	0	101	0	911	0	Null	0	Null	0	25355	0	0	1	0	0	0	0	0	0	0	1	6	255	0	0	0	0	0	0	0	0	0	0	0	0	0	0	0	0	0	0	0	0	0	0	0	0	0	0	0	0	0	0	1	0	0	0	0	0	0	1	0	0	0	0	0	0	0	0	0	0	0	0	0	0	0	0	0	0	0	0	0	0	0	0	0	0	0	0	0	0	0	0	0	0	0	0	0	0	0	0	0	0	0	0	0	1	0	0	0	0	0	0	0	0	0	0	0	0	0	0	0	0	0	0	0	0	0	0	0	0	0	0	0	0	0	0	0	0	0	0	0	0	0	0	0	0	0	0	0	0	0	0	0	0	0	
	63323	1	2	드래곤나이트_카르나투스군_장갑	43056	1	69DDA0	35006	0	85922	85937	85947	39918	0	601	0	911	0	Null	0	Null	0	25355	0	0	1	0	0	0	0	0	0	0	1	6	255	0	0	0	0	0	0	0	0	0	0	0	0	0	0	0	0	0	0	0	0	0	0	0	0	0	0	0	0	0	0	1	0	0	0	0	0	0	6	0	0	0	0	0	0	0	0	0	0	0	0	0	0	0	0	0	0	0	0	0	0	0	0	0	0	0	0	0	0	0	0	0	0	0	0	0	0	0	0	0	0	0	0	0	1	0	0	0	0	0	0	0	0	0	0	0	0	0	0	0	0	0	0	0	0	0	0	0	0	0	0	0	0	0	0	0	0	0	0	0	0	0	0	0	0	0	0	0	0	0	0	0	0	0	
	63324	1	2	드래곤나이트_카르나투스군_바지	43056	1	69DDA0	35004	0	85923	85938	85948	39918	0	401	0	911	0	Null	0	Null	0	25355	0	0	1	0	0	0	0	0	0	0	1	6	255	0	0	0	0	0	0	0	0	0	0	0	0	0	0	0	0	0	0	0	0	0	0	0	0	0	0	0	0	0	0	1	0	0	0	0	0	0	4	0	0	0	0	0	0	0	0	0	0	0	0	0	0	0	0	0	0	0	0	0	0	0	0	0	0	0	0	0	0	0	0	0	0	0	0	0	0	0	0	0	0	0	0	0	1	0	0	0	0	0	0	0	0	0	0	0	0	0	0	0	0	0	0	0	0	0	0	0	0	0	0	0	0	0	0	0	0	0	0	0	0	0	0	0	0	0	0	0	0	0	0	0	0	0	
	63325	1	2	드래곤나이트_카르나투스군_부츠	43056	1	69DDA0	35005	0	85924	85939	85949	39918	0	501	0	911	0	Null	0	Null	0	25355	0	0	1	0	0	0	0	0	0	0	1	6	255	0	0	0	0	0	0	0	0	0	0	0	0	0	0	0	0	0	0	0	0	0	0	0	0	0	0	0	0	0	0	1	0	0	0	0	0	0	5	0	0	0	0	0	0	0	0	0	0	0	0	0	0	0	0	0	0	0	0	0	0	0	0	0	0	0	0	0	0	0	0	0	0	0	0	0	0	0	0	0	0	0	0	0	1	0	0	0	0	0	0	0	0	0	0	0	0	0	0	0	0	0	0	0	0	0	0	0	0	0	0	0	0	0	0	0	0	0	0	0	0	0	0	0	0	0	0	0	0	0	0	0	0	0	
	63326	1	2	섀도우_카르나투스군_헬멧	43056	1	69DDA0	35003	0	85925	85930	85950	39918	0	301	0	911	0	Null	0	Null	0	25355	0	0	1	0	0	0	0	0	0	0	1	6	255	0	0	0	0	0	0	0	0	0	0	0	0	0	0	0	0	0	0	0	0	0	0	0	0	0	0	0	0	0	0	0	1	0	0	0	0	0	3	0	0	0	0	0	0	0	0	0	0	0	0	0	0	0	0	0	0	0	0	0	0	0	0	0	0	0	0	0	0	0	0	0	0	0	0	0	0	0	0	0	0	0	0	0	1	0	0	0	0	0	0	0	0	0	0	0	0	0	0	0	0	0	0	0	0	0	0	0	0	0	0	0	0	0	0	0	0	0	0	0	0	0	0	0	0	0	0	0	0	0	0	0	0	0	
	63327	1	2	섀도우_카르나투스군_갑옷	43056	1	69DDA0	35001	0	85926	85931	85951	39918	0	101	0	911	0	Null	0	Null	0	25355	0	0	1	0	0	0	0	0	0	0	1	6	255	0	0	0	0	0	0	0	0	0	0	0	0	0	0	0	0	0	0	0	0	0	0	0	0	0	0	0	0	0	0	0	1	0	0	0	0	0	1	0	0	0	0	0	0	0	0	0	0	0	0	0	0	0	0	0	0	0	0	0	0	0	0	0	0	0	0	0	0	0	0	0	0	0	0	0	0	0	0	0	0	0	0	0	1	0	0	0	0	0	0	0	0	0	0	0	0	0	0	0	0	0	0	0	0	0	0	0	0	0	0	0	0	0	0	0	0	0	0	0	0	0	0	0	0	0	0	0	0	0	0	0	0	0	
	63328	1	2	섀도우_카르나투스군_장갑	43056	1	69DDA0	35006	0	85927	85932	85952	39918	0	601	0	911	0	Null	0	Null	0	25355	0	0	1	0	0	0	0	0	0	0	1	6	255	0	0	0	0	0	0	0	0	0	0	0	0	0	0	0	0	0	0	0	0	0	0	0	0	0	0	0	0	0	0	0	1	0	0	0	0	0	6	0	0	0	0	0	0	0	0	0	0	0	0	0	0	0	0	0	0	0	0	0	0	0	0	0	0	0	0	0	0	0	0	0	0	0	0	0	0	0	0	0	0	0	0	0	1	0	0	0	0	0	0	0	0	0	0	0	0	0	0	0	0	0	0	0	0	0	0	0	0	0	0	0	0	0	0	0	0	0	0	0	0	0	0	0	0	0	0	0	0	0	0	0	0	0	
	63329	1	2	섀도우_카르나투스군_바지	43056	1	69DDA0	35004	0	85928	85933	85953	39918	0	401	0	911	0	Null	0	Null	0	25355	0	0	1	0	0	0	0	0	0	0	1	6	255	0	0	0	0	0	0	0	0	0	0	0	0	0	0	0	0	0	0	0	0	0	0	0	0	0	0	0	0	0	0	0	1	0	0	0	0	0	4	0	0	0	0	0	0	0	0	0	0	0	0	0	0	0	0	0	0	0	0	0	0	0	0	0	0	0	0	0	0	0	0	0	0	0	0	0	0	0	0	0	0	0	0	0	1	0	0	0	0	0	0	0	0	0	0	0	0	0	0	0	0	0	0	0	0	0	0	0	0	0	0	0	0	0	0	0	0	0	0	0	0	0	0	0	0	0	0	0	0	0	0	0	0	0	
	63330	1	2	섀도우_카르나투스군_부츠	43056	1	69DDA0	35005	0	85929	85934	85954	39918	0	501	0	911	0	Null	0	Null	0	25355	0	0	1	0	0	0	0	0	0	0	1	6	255	0	0	0	0	0	0	0	0	0	0	0	0	0	0	0	0	0	0	0	0	0	0	0	0	0	0	0	0	0	0	0	1	0	0	0	0	0	5	0	0	0	0	0	0	0	0	0	0	0	0	0	0	0	0	0	0	0	0	0	0	0	0	0	0	0	0	0	0	0	0	0	0	0	0	0	0	0	0	0	0	0	0	0	1	0	0	0	0	0	0	0	0	0	0	0	0	0	0	0	0	0	0	0	0	0	0	0	0	0	0	0	0	0	0	0	0	0	0	0	0	0	0	0	0	0	0	0	0	0	0	0	0	0	
	63331	1	2	엘리멘탈리스트_카르나투스군_헬멧	43056	1	69DDA0	35003	0	85925	85930	85955	39918	0	301	0	911	0	Null	0	Null	0	25355	0	0	1	0	0	0	0	0	0	0	1	6	255	0	0	0	0	0	0	0	0	0	0	0	0	0	0	0	0	0	0	0	0	0	0	0	0	0	0	0	0	0	0	0	0	0	1	0	0	0	3	0	0	0	0	0	0	0	0	0	0	0	0	0	0	0	0	0	0	0	0	0	0	0	0	0	0	0	0	0	0	0	0	0	0	0	0	0	0	0	0	0	0	0	0	0	1	0	0	0	0	0	0	0	0	0	0	0	0	0	0	0	0	0	0	0	0	0	0	0	0	0	0	0	0	0	0	0	0	0	0	0	0	0	0	0	0	0	0	0	0	0	0	0	0	0	
	63332	1	2	엘리멘탈리스트_카르나투스군_갑옷	43056	1	69DDA0	35001	0	85926	85931	85956	39918	0	101	0	911	0	Null	0	Null	0	25355	0	0	1	0	0	0	0	0	0	0	1	6	255	0	0	0	0	0	0	0	0	0	0	0	0	0	0	0	0	0	0	0	0	0	0	0	0	0	0	0	0	0	0	0	0	0	1	0	0	0	1	0	0	0	0	0	0	0	0	0	0	0	0	0	0	0	0	0	0	0	0	0	0	0	0	0	0	0	0	0	0	0	0	0	0	0	0	0	0	0	0	0	0	0	0	0	1	0	0	0	0	0	0	0	0	0	0	0	0	0	0	0	0	0	0	0	0	0	0	0	0	0	0	0	0	0	0	0	0	0	0	0	0	0	0	0	0	0	0	0	0	0	0	0	0	0	
	63333	1	2	엘리멘탈리스트_카르나투스군_장갑	43056	1	69DDA0	35006	0	85927	85932	85957	39918	0	601	0	911	0	Null	0	Null	0	25355	0	0	1	0	0	0	0	0	0	0	1	6	255	0	0	0	0	0	0	0	0	0	0	0	0	0	0	0	0	0	0	0	0	0	0	0	0	0	0	0	0	0	0	0	0	0	1	0	0	0	6	0	0	0	0	0	0	0	0	0	0	0	0	0	0	0	0	0	0	0	0	0	0	0	0	0	0	0	0	0	0	0	0	0	0	0	0	0	0	0	0	0	0	0	0	0	1	0	0	0	0	0	0	0	0	0	0	0	0	0	0	0	0	0	0	0	0	0	0	0	0	0	0	0	0	0	0	0	0	0	0	0	0	0	0	0	0	0	0	0	0	0	0	0	0	0	
	63334	1	2	엘리멘탈리스트_카르나투스군_바지	43056	1	69DDA0	35004	0	85928	85933	85958	39918	0	401	0	911	0	Null	0	Null	0	25355	0	0	1	0	0	0	0	0	0	0	1	6	255	0	0	0	0	0	0	0	0	0	0	0	0	0	0	0	0	0	0	0	0	0	0	0	0	0	0	0	0	0	0	0	0	0	1	0	0	0	4	0	0	0	0	0	0	0	0	0	0	0	0	0	0	0	0	0	0	0	0	0	0	0	0	0	0	0	0	0	0	0	0	0	0	0	0	0	0	0	0	0	0	0	0	0	1	0	0	0	0	0	0	0	0	0	0	0	0	0	0	0	0	0	0	0	0	0	0	0	0	0	0	0	0	0	0	0	0	0	0	0	0	0	0	0	0	0	0	0	0	0	0	0	0	0	
	63335	1	2	엘리멘탈리스트_카르나투스군_부츠	43056	1	69DDA0	35005	0	85929	85934	85959	39918	0	501	0	911	0	Null	0	Null	0	25355	0	0	1	0	0	0	0	0	0	0	1	6	255	0	0	0	0	0	0	0	0	0	0	0	0	0	0	0	0	0	0	0	0	0	0	0	0	0	0	0	0	0	0	0	0	0	1	0	0	0	5	0	0	0	0	0	0	0	0	0	0	0	0	0	0	0	0	0	0	0	0	0	0	0	0	0	0	0	0	0	0	0	0	0	0	0	0	0	0	0	0	0	0	0	0	0	1	0	0	0	0	0	0	0	0	0	0	0	0	0	0	0	0	0	0	0	0	0	0	0	0	0	0	0	0	0	0	0	0	0	0	0	0	0	0	0	0	0	0	0	0	0	0	0	0	0	
	63336	1	2	발키리_카르나투스군_헬멧	43056	1	69DDA0	35003	0	85920	85935	85960	39918	0	301	0	911	0	Null	0	Null	0	25355	0	0	1	0	0	0	0	0	0	0	1	6	255	0	0	0	0	0	0	0	0	0	0	0	0	0	0	0	0	0	0	0	0	0	0	0	0	0	0	0	0	0	0	0	0	1	0	0	0	0	3	0	0	0	0	0	0	0	0	0	0	0	0	0	0	0	0	0	0	0	0	0	0	0	0	0	0	0	0	0	0	0	0	0	0	0	0	0	0	0	0	0	0	0	0	0	1	0	0	0	0	0	0	0	0	0	0	0	0	0	0	0	0	0	0	0	0	0	0	0	0	0	0	0	0	0	0	0	0	0	0	0	0	0	0	0	0	0	0	0	0	0	0	0	0	0	
	63337	1	2	발키리_카르나투스군_갑옷	43056	1	69DDA0	35001	0	85921	85936	85961	39918	0	101	0	911	0	Null	0	Null	0	25355	0	0	1	0	0	0	0	0	0	0	1	6	255	0	0	0	0	0	0	0	0	0	0	0	0	0	0	0	0	0	0	0	0	0	0	0	0	0	0	0	0	0	0	0	0	1	0	0	0	0	1	0	0	0	0	0	0	0	0	0	0	0	0	0	0	0	0	0	0	0	0	0	0	0	0	0	0	0	0	0	0	0	0	0	0	0	0	0	0	0	0	0	0	0	0	0	1	0	0	0	0	0	0	0	0	0	0	0	0	0	0	0	0	0	0	0	0	0	0	0	0	0	0	0	0	0	0	0	0	0	0	0	0	0	0	0	0	0	0	0	0	0	0	0	0	0	
	63338	1	2	발키리_카르나투스군_장갑	43056	1	69DDA0	35006	0	85922	85937	85962	39918	0	601	0	911	0	Null	0	Null	0	25355	0	0	1	0	0	0	0	0	0	0	1	6	255	0	0	0	0	0	0	0	0	0	0	0	0	0	0	0	0	0	0	0	0	0	0	0	0	0	0	0	0	0	0	0	0	1	0	0	0	0	6	0	0	0	0	0	0	0	0	0	0	0	0	0	0	0	0	0	0	0	0	0	0	0	0	0	0	0	0	0	0	0	0	0	0	0	0	0	0	0	0	0	0	0	0	0	1	0	0	0	0	0	0	0	0	0	0	0	0	0	0	0	0	0	0	0	0	0	0	0	0	0	0	0	0	0	0	0	0	0	0	0	0	0	0	0	0	0	0	0	0	0	0	0	0	0	
	63339	1	2	발키리_카르나투스군_바지	43056	1	69DDA0	35004	0	85923	85938	85963	39918	0	401	0	911	0	Null	0	Null	0	25355	0	0	1	0	0	0	0	0	0	0	1	6	255	0	0	0	0	0	0	0	0	0	0	0	0	0	0	0	0	0	0	0	0	0	0	0	0	0	0	0	0	0	0	0	0	1	0	0	0	0	4	0	0	0	0	0	0	0	0	0	0	0	0	0	0	0	0	0	0	0	0	0	0	0	0	0	0	0	0	0	0	0	0	0	0	0	0	0	0	0	0	0	0	0	0	0	1	0	0	0	0	0	0	0	0	0	0	0	0	0	0	0	0	0	0	0	0	0	0	0	0	0	0	0	0	0	0	0	0	0	0	0	0	0	0	0	0	0	0	0	0	0	0	0	0	0	
	63340	1	2	발키리_카르나투스군_부츠	43056	1	69DDA0	35005	0	85924	85939	85964	39918	0	501	0	911	0	Null	0	Null	0	25355	0	0	1	0	0	0	0	0	0	0	1	6	255	0	0	0	0	0	0	0	0	0	0	0	0	0	0	0	0	0	0	0	0	0	0	0	0	0	0	0	0	0	0	0	0	1	0	0	0	0	5	0	0	0	0	0	0	0	0	0	0	0	0	0	0	0	0	0	0	0	0	0	0	0	0	0	0	0	0	0	0	0	0	0	0	0	0	0	0	0	0	0	0	0	0	0	1	0	0	0	0	0	0	0	0	0	0	0	0	0	0	0	0	0	0	0	0	0	0	0	0	0	0	0	0	0	0	0	0	0	0	0	0	0	0	0	0	0	0	0	0	0	0	0	0	0	
	63341	1	2	버서커_곰돌이(한정판)	43094	1	69DDA0	43077	44077	85802	85831	86002	39918	0	20064	0	911	0	Null	0	Null	0	25355	0	0	1	0	0	0	0	0	0	0	4	86	255	0	0	0	0	0	0	0	0	0	0	0	0	0	0	0	0	0	0	0	0	0	0	0	0	0	0	0	0	0	1	0	0	0	0	0	0	0	99	0	42	2	100	0	31	5	100	0	49	2	100	0	47	2	100	0	44	5	200	0	0	0	0	0	0	0	0	0	0	0	0	0	0	0	0	0	0	0	0	0	3	3	0	0	1	0	0	0	0	0	0	0	0	0	0	0	0	0	0	0	0	0	0	0	0	0	0	0	0	0	0	0	0	0	0	0	0	0	0	0	0	0	0	0	0	0	0	0	0	0	0	0	0	0	
	63342	1	2	버서커_팬더(한정판)	43095	1	69DDA0	43077	44077	85803	85832	86003	39918	0	20064	0	911	0	Null	0	Null	0	25355	0	0	1	0	0	0	0	0	0	0	4	86	255	0	0	0	0	0	0	0	0	0	0	0	0	0	0	0	0	0	0	0	0	0	0	0	0	0	0	0	0	0	1	0	0	0	0	0	0	0	99	0	42	2	100	0	31	5	100	0	49	2	100	0	47	2	100	0	32	1	10	0	0	0	0	0	0	0	0	0	0	0	0	0	0	0	0	0	0	0	0	0	3	3	0	0	1	0	0	0	0	0	0	0	0	0	0	0	0	0	0	0	0	0	0	0	0	0	0	0	0	0	0	0	0	0	0	0	0	0	0	0	0	0	0	0	0	0	0	0	0	0	0	0	0	0	
	63343	1	2	드래곤나이트_곰돌이(한정판)	43096	1	69DDA0	43077	44077	85809	85831	86002	39918	0	20064	0	911	0	Null	0	Null	0	25355	0	0	1	0	0	0	0	0	0	0	4	86	255	0	0	0	0	0	0	0	0	0	0	0	0	0	0	0	0	0	0	0	0	0	0	0	0	0	0	0	0	0	0	1	0	0	0	0	0	0	99	0	42	2	100	0	31	5	100	0	49	2	100	0	47	2	100	0	44	5	200	0	0	0	0	0	0	0	0	0	0	0	0	0	0	0	0	0	0	0	0	0	3	3	0	0	1	0	0	0	0	0	0	0	0	0	0	0	0	0	0	0	0	0	0	0	0	0	0	0	0	0	0	0	0	0	0	0	0	0	0	0	0	0	0	0	0	0	0	0	0	0	0	0	0	0	
	63344	1	2	드래곤나이트_팬더(한정판)	43097	1	69DDA0	43077	44077	85810	85832	86003	39918	0	20064	0	911	0	Null	0	Null	0	25355	0	0	1	0	0	0	0	0	0	0	4	86	255	0	0	0	0	0	0	0	0	0	0	0	0	0	0	0	0	0	0	0	0	0	0	0	0	0	0	0	0	0	0	1	0	0	0	0	0	0	99	0	42	2	100	0	31	5	100	0	49	2	100	0	47	2	100	0	32	1	10	0	0	0	0	0	0	0	0	0	0	0	0	0	0	0	0	0	0	0	0	0	3	3	0	0	1	0	0	0	0	0	0	0	0	0	0	0	0	0	0	0	0	0	0	0	0	0	0	0	0	0	0	0	0	0	0	0	0	0	0	0	0	0	0	0	0	0	0	0	0	0	0	0	0	0	
	63345	1	2	섀도우_곰돌이(한정판)	43098	1	69DDA0	43077	44077	85816	85823	86002	39918	0	20064	0	911	0	Null	0	Null	0	25355	0	0	1	0	0	0	0	0	0	0	4	86	255	0	0	0	0	0	0	0	0	0	0	0	0	0	0	0	0	0	0	0	0	0	0	0	0	0	0	0	0	0	0	0	1	0	0	0	0	0	99	0	42	2	100	0	31	5	100	0	49	2	100	0	47	2	100	0	44	5	200	0	0	0	0	0	0	0	0	0	0	0	0	0	0	0	0	0	0	0	0	0	3	3	0	0	1	0	0	0	0	0	0	0	0	0	0	0	0	0	0	0	0	0	0	0	0	0	0	0	0	0	0	0	0	0	0	0	0	0	0	0	0	0	0	0	0	0	0	0	0	0	0	0	0	0	
	63346	1	2	섀도우_팬더(한정판)	43099	1	69DDA0	43077	44077	85817	85824	86003	39918	0	20064	0	911	0	Null	0	Null	0	25355	0	0	1	0	0	0	0	0	0	0	4	86	255	0	0	0	0	0	0	0	0	0	0	0	0	0	0	0	0	0	0	0	0	0	0	0	0	0	0	0	0	0	0	0	1	0	0	0	0	0	99	0	42	2	100	0	31	5	100	0	49	2	100	0	47	2	100	0	32	1	10	0	0	0	0	0	0	0	0	0	0	0	0	0	0	0	0	0	0	0	0	0	3	3	0	0	1	0	0	0	0	0	0	0	0	0	0	0	0	0	0	0	0	0	0	0	0	0	0	0	0	0	0	0	0	0	0	0	0	0	0	0	0	0	0	0	0	0	0	0	0	0	0	0	0	0	
	63347	1	2	엘리멘탈리스트_곰돌이(한정판)	43100	1	69DDA0	43077	44077	85816	85823	86004	39918	0	20064	0	911	0	Null	0	Null	0	25355	0	0	1	0	0	0	0	0	0	0	4	86	255	0	0	0	0	0	0	0	0	0	0	0	0	0	0	0	0	0	0	0	0	0	0	0	0	0	0	0	0	0	0	0	0	0	1	0	0	0	99	0	42	2	100	0	31	5	100	0	49	2	100	0	47	2	100	0	44	5	200	0	0	0	0	0	0	0	0	0	0	0	0	0	0	0	0	0	0	0	0	0	3	3	0	0	1	0	0	0	0	0	0	0	0	0	0	0	0	0	0	0	0	0	0	0	0	0	0	0	0	0	0	0	0	0	0	0	0	0	0	0	0	0	0	0	0	0	0	0	0	0	0	0	0	0	
	63348	1	2	엘리멘탈리스트_팬더(한정판)	43101	1	69DDA0	43077	44077	85817	85824	86005	39918	0	20064	0	911	0	Null	0	Null	0	25355	0	0	1	0	0	0	0	0	0	0	4	86	255	0	0	0	0	0	0	0	0	0	0	0	0	0	0	0	0	0	0	0	0	0	0	0	0	0	0	0	0	0	0	0	0	0	1	0	0	0	99	0	42	2	100	0	31	5	100	0	49	2	100	0	47	2	100	0	32	1	10	0	0	0	0	0	0	0	0	0	0	0	0	0	0	0	0	0	0	0	0	0	3	3	0	0	1	0	0	0	0	0	0	0	0	0	0	0	0	0	0	0	0	0	0	0	0	0	0	0	0	0	0	0	0	0	0	0	0	0	0	0	0	0	0	0	0	0	0	0	0	0	0	0	0	0	
	63349	1	2	발키리_곰돌이(한정판)	43102	1	69DDA0	43077	44077	85809	85831	86004	39918	0	20064	0	911	0	Null	0	Null	0	25355	0	0	1	0	0	0	0	0	0	0	4	86	255	0	0	0	0	0	0	0	0	0	0	0	0	0	0	0	0	0	0	0	0	0	0	0	0	0	0	0	0	0	0	0	0	1	0	0	0	0	99	0	42	2	100	0	31	5	100	0	49	2	100	0	47	2	100	0	44	5	200	0	0	0	0	0	0	0	0	0	0	0	0	0	0	0	0	0	0	0	0	0	3	3	0	0	1	0	0	0	0	0	0	0	0	0	0	0	0	0	0	0	0	0	0	0	0	0	0	0	0	0	0	0	0	0	0	0	0	0	0	0	0	0	0	0	0	0	0	0	0	0	0	0	0	0	
	63350	1	2	발키리_팬더(한정판)	43103	1	69DDA0	43077	44077	85810	85832	86005	39918	0	20064	0	911	0	Null	0	Null	0	25355	0	0	1	0	0	0	0	0	0	0	4	86	255	0	0	0	0	0	0	0	0	0	0	0	0	0	0	0	0	0	0	0	0	0	0	0	0	0	0	0	0	0	0	0	0	1	0	0	0	0	99	0	42	2	100	0	31	5	100	0	49	2	100	0	47	2	100	0	32	1	10	0	0	0	0	0	0	0	0	0	0	0	0	0	0	0	0	0	0	0	0	0	3	3	0	0	1	0	0	0	0	0	0	0	0	0	0	0	0	0	0	0	0	0	0	0	0	0	0	0	0	0	0	0	0	0	0	0	0	0	0	0	0	0	0	0	0	0	0	0	0	0	0	0	0	0	
	63379	1	2	버서커_에텔레인예복(한정판)	44096	1	69DDA0	43077	44077	85801	85830	86023	39918	0	20064	0	911	0	Null	0	Null	0	25355	0	0	1	0	0	0	0	0	0	0	4	86	255	0	0	0	0	0	0	0	0	0	0	0	0	0	0	0	0	0	0	0	0	0	0	0	0	0	0	0	0	0	1	0	0	0	0	0	0	0	99	0	42	2	100	0	31	5	100	0	49	2	100	0	47	2	100	0	32	1	10	0	0	0	0	0	0	0	0	0	0	0	0	0	0	0	0	0	0	0	0	0	0	0	0	0	1	0	0	0	0	0	0	0	0	0	0	0	0	0	0	0	0	0	0	0	0	0	0	0	0	0	0	0	0	0	0	0	0	0	0	0	0	0	0	0	0	0	0	0	0	0	0	0	0	0	
	63380	1	2	버서커_검은_사무라이(한정판)	44097	1	69DDA0	43077	44077	85804	85833	86024	39918	0	20064	0	911	0	Null	0	Null	0	25355	0	0	1	0	0	0	0	0	0	0	4	86	255	0	0	0	0	0	0	0	0	0	0	0	0	0	0	0	0	0	0	0	0	0	0	0	0	0	0	0	0	0	1	0	0	0	0	0	0	0	99	0	42	2	100	0	31	5	100	0	49	2	100	0	47	2	100	0	32	1	10	0	0	0	0	0	0	0	0	0	0	0	0	0	0	0	0	0	0	0	0	0	0	0	0	0	1	0	0	0	0	0	0	0	0	0	0	0	0	0	0	0	0	0	0	0	0	0	0	0	0	0	0	0	0	0	0	0	0	0	0	0	0	0	0	0	0	0	0	0	0	0	0	0	0	0	
	63381	1	2	버서커_붉은_사무라이(한정판)	44098	1	69DDA0	43077	44077	85805	85834	86025	39918	0	20064	0	911	0	Null	0	Null	0	25355	0	0	1	0	0	0	0	0	0	0	4	86	255	0	0	0	0	0	0	0	0	0	0	0	0	0	0	0	0	0	0	0	0	0	0	0	0	0	0	0	0	0	1	0	0	0	0	0	0	0	99	0	42	2	100	0	31	5	100	0	49	2	100	0	47	2	100	0	32	1	10	0	0	0	0	0	0	0	0	0	0	0	0	0	0	0	0	0	0	0	0	0	0	0	0	0	1	0	0	0	0	0	0	0	0	0	0	0	0	0	0	0	0	0	0	0	0	0	0	0	0	0	0	0	0	0	0	0	0	0	0	0	0	0	0	0	0	0	0	0	0	0	0	0	0	0	
	63382	1	2	버서커_삐에로(한정판)	44099	1	69DDA0	43077	44077	85806	85835	86026	39918	0	20064	0	911	0	Null	0	Null	0	25355	0	0	1	0	0	0	0	0	0	0	4	86	255	0	0	0	0	0	0	0	0	0	0	0	0	0	0	0	0	0	0	0	0	0	0	0	0	0	0	0	0	0	1	0	0	0	0	0	0	0	99	0	42	2	100	0	31	5	100	0	49	2	100	0	47	2	100	0	32	1	10	0	0	0	0	0	0	0	0	0	0	0	0	0	0	0	0	0	0	0	0	0	3	3	0	0	1	0	0	0	0	0	0	0	0	0	0	0	0	0	0	0	0	0	0	0	0	0	0	0	0	0	0	0	0	0	0	0	0	0	0	0	0	0	0	0	0	0	0	0	0	0	0	0	0	0	
	63383	1	2	버서커_사제(한정판)	44100	1	69DDA0	43077	44077	85807	85836	86027	39918	0	20064	0	911	0	Null	0	Null	0	25355	0	0	1	0	0	0	0	0	0	0	4	86	255	0	0	0	0	0	0	0	0	0	0	0	0	0	0	0	0	0	0	0	0	0	0	0	0	0	0	0	0	0	1	0	0	0	0	0	0	0	99	0	42	2	100	0	31	5	100	0	49	2	100	0	47	2	100	0	32	1	10	0	0	0	0	0	0	0	0	0	0	0	0	0	0	0	0	0	0	0	0	0	0	0	0	0	1	0	0	0	0	0	0	0	0	0	0	0	0	0	0	0	0	0	0	0	0	0	0	0	0	0	0	0	0	0	0	0	0	0	0	0	0	0	0	0	0	0	0	0	0	0	0	0	0	0	
	63384	1	2	드래곤나이트_에텔레인예복(한정판)	44101	1	69DDA0	43077	44077	85808	85830	86023	39918	0	20064	0	911	0	Null	0	Null	0	25355	0	0	1	0	0	0	0	0	0	0	4	86	255	0	0	0	0	0	0	0	0	0	0	0	0	0	0	0	0	0	0	0	0	0	0	0	0	0	0	0	0	0	0	1	0	0	0	0	0	0	99	0	42	2	100	0	31	5	100	0	49	2	100	0	47	2	100	0	32	1	10	0	0	0	0	0	0	0	0	0	0	0	0	0	0	0	0	0	0	0	0	0	0	0	0	0	1	0	0	0	0	0	0	0	0	0	0	0	0	0	0	0	0	0	0	0	0	0	0	0	0	0	0	0	0	0	0	0	0	0	0	0	0	0	0	0	0	0	0	0	0	0	0	0	0	0	
	63385	1	2	드래곤나이트_검은_사무라이(한정판)	44102	1	69DDA0	43077	44077	85811	85833	86024	39918	0	20064	0	911	0	Null	0	Null	0	25355	0	0	1	0	0	0	0	0	0	0	4	86	255	0	0	0	0	0	0	0	0	0	0	0	0	0	0	0	0	0	0	0	0	0	0	0	0	0	0	0	0	0	0	1	0	0	0	0	0	0	99	0	42	2	100	0	31	5	100	0	49	2	100	0	47	2	100	0	32	1	10	0	0	0	0	0	0	0	0	0	0	0	0	0	0	0	0	0	0	0	0	0	0	0	0	0	1	0	0	0	0	0	0	0	0	0	0	0	0	0	0	0	0	0	0	0	0	0	0	0	0	0	0	0	0	0	0	0	0	0	0	0	0	0	0	0	0	0	0	0	0	0	0	0	0	0	
	63386	1	2	드래곤나이트_붉은_사무라이(한정판)	44103	1	69DDA0	43077	44077	85812	85834	86025	39918	0	20064	0	911	0	Null	0	Null	0	25355	0	0	1	0	0	0	0	0	0	0	4	86	255	0	0	0	0	0	0	0	0	0	0	0	0	0	0	0	0	0	0	0	0	0	0	0	0	0	0	0	0	0	0	1	0	0	0	0	0	0	99	0	42	2	100	0	31	5	100	0	49	2	100	0	47	2	100	0	32	1	10	0	0	0	0	0	0	0	0	0	0	0	0	0	0	0	0	0	0	0	0	0	0	0	0	0	1	0	0	0	0	0	0	0	0	0	0	0	0	0	0	0	0	0	0	0	0	0	0	0	0	0	0	0	0	0	0	0	0	0	0	0	0	0	0	0	0	0	0	0	0	0	0	0	0	0	
	63387	1	2	드래곤나이트_삐에로(한정판)	44104	1	69DDA0	43077	44077	85813	85835	86026	39918	0	20064	0	911	0	Null	0	Null	0	25355	0	0	1	0	0	0	0	0	0	0	4	86	255	0	0	0	0	0	0	0	0	0	0	0	0	0	0	0	0	0	0	0	0	0	0	0	0	0	0	0	0	0	0	1	0	0	0	0	0	0	99	0	42	2	100	0	31	5	100	0	49	2	100	0	47	2	100	0	32	1	10	0	0	0	0	0	0	0	0	0	0	0	0	0	0	0	0	0	0	0	0	0	3	3	0	0	1	0	0	0	0	0	0	0	0	0	0	0	0	0	0	0	0	0	0	0	0	0	0	0	0	0	0	0	0	0	0	0	0	0	0	0	0	0	0	0	0	0	0	0	0	0	0	0	0	0	
	63388	1	2	드래곤나이트_사제(한정판)	44105	1	69DDA0	43077	44077	85814	85836	86027	39918	0	20064	0	911	0	Null	0	Null	0	25355	0	0	1	0	0	0	0	0	0	0	4	86	255	0	0	0	0	0	0	0	0	0	0	0	0	0	0	0	0	0	0	0	0	0	0	0	0	0	0	0	0	0	0	1	0	0	0	0	0	0	99	0	42	2	100	0	31	5	100	0	49	2	100	0	47	2	100	0	32	1	10	0	0	0	0	0	0	0	0	0	0	0	0	0	0	0	0	0	0	0	0	0	0	0	0	0	1	0	0	0	0	0	0	0	0	0	0	0	0	0	0	0	0	0	0	0	0	0	0	0	0	0	0	0	0	0	0	0	0	0	0	0	0	0	0	0	0	0	0	0	0	0	0	0	0	0	
	63389	1	2	섀도우_에텔레인예복(한정판)	44106	1	69DDA0	43077	44077	85815	85822	86023	39918	0	20064	0	911	0	Null	0	Null	0	25355	0	0	1	0	0	0	0	0	0	0	4	86	255	0	0	0	0	0	0	0	0	0	0	0	0	0	0	0	0	0	0	0	0	0	0	0	0	0	0	0	0	0	0	0	1	0	0	0	0	0	99	0	42	2	100	0	31	5	100	0	49	2	100	0	47	2	100	0	32	1	10	0	0	0	0	0	0	0	0	0	0	0	0	0	0	0	0	0	0	0	0	0	0	0	0	0	1	0	0	0	0	0	0	0	0	0	0	0	0	0	0	0	0	0	0	0	0	0	0	0	0	0	0	0	0	0	0	0	0	0	0	0	0	0	0	0	0	0	0	0	0	0	0	0	0	0	
	63390	1	2	섀도우_검은_사무라이(한정판)	44107	1	69DDA0	43077	44077	85818	85825	86024	39918	0	20064	0	911	0	Null	0	Null	0	25355	0	0	1	0	0	0	0	0	0	0	4	86	255	0	0	0	0	0	0	0	0	0	0	0	0	0	0	0	0	0	0	0	0	0	0	0	0	0	0	0	0	0	0	0	1	0	0	0	0	0	99	0	42	2	100	0	31	5	100	0	49	2	100	0	47	2	100	0	32	1	10	0	0	0	0	0	0	0	0	0	0	0	0	0	0	0	0	0	0	0	0	0	0	0	0	0	1	0	0	0	0	0	0	0	0	0	0	0	0	0	0	0	0	0	0	0	0	0	0	0	0	0	0	0	0	0	0	0	0	0	0	0	0	0	0	0	0	0	0	0	0	0	0	0	0	0	
	63391	1	2	섀도우_붉은_사무라이(한정판)	44108	1	69DDA0	43077	44077	85819	85826	86025	39918	0	20064	0	911	0	Null	0	Null	0	25355	0	0	1	0	0	0	0	0	0	0	4	86	255	0	0	0	0	0	0	0	0	0	0	0	0	0	0	0	0	0	0	0	0	0	0	0	0	0	0	0	0	0	0	0	1	0	0	0	0	0	99	0	42	2	100	0	31	5	100	0	49	2	100	0	47	2	100	0	32	1	10	0	0	0	0	0	0	0	0	0	0	0	0	0	0	0	0	0	0	0	0	0	0	0	0	0	1	0	0	0	0	0	0	0	0	0	0	0	0	0	0	0	0	0	0	0	0	0	0	0	0	0	0	0	0	0	0	0	0	0	0	0	0	0	0	0	0	0	0	0	0	0	0	0	0	0	
	63392	1	2	섀도우_삐에로(한정판)	44109	1	69DDA0	43077	44077	85820	85827	86026	39918	0	20064	0	911	0	Null	0	Null	0	25355	0	0	1	0	0	0	0	0	0	0	4	86	255	0	0	0	0	0	0	0	0	0	0	0	0	0	0	0	0	0	0	0	0	0	0	0	0	0	0	0	0	0	0	0	1	0	0	0	0	0	99	0	42	2	100	0	31	5	100	0	49	2	100	0	47	2	100	0	32	1	10	0	0	0	0	0	0	0	0	0	0	0	0	0	0	0	0	0	0	0	0	0	3	3	0	0	1	0	0	0	0	0	0	0	0	0	0	0	0	0	0	0	0	0	0	0	0	0	0	0	0	0	0	0	0	0	0	0	0	0	0	0	0	0	0	0	0	0	0	0	0	0	0	0	0	0	
	63393	1	2	섀도우_사제(한정판)	44110	1	69DDA0	43077	44077	85821	85828	86027	39918	0	20064	0	911	0	Null	0	Null	0	25355	0	0	1	0	0	0	0	0	0	0	4	86	255	0	0	0	0	0	0	0	0	0	0	0	0	0	0	0	0	0	0	0	0	0	0	0	0	0	0	0	0	0	0	0	1	0	0	0	0	0	99	0	42	2	100	0	31	5	100	0	49	2	100	0	47	2	100	0	32	1	10	0	0	0	0	0	0	0	0	0	0	0	0	0	0	0	0	0	0	0	0	0	0	0	0	0	1	0	0	0	0	0	0	0	0	0	0	0	0	0	0	0	0	0	0	0	0	0	0	0	0	0	0	0	0	0	0	0	0	0	0	0	0	0	0	0	0	0	0	0	0	0	0	0	0	0	
	63394	1	2	엘리멘탈리스트_에텔레인예복(한정판)	44111	1	69DDA0	43077	44077	85815	85822	86028	39918	0	20064	0	911	0	Null	0	Null	0	25355	0	0	1	0	0	0	0	0	0	0	4	86	255	0	0	0	0	0	0	0	0	0	0	0	0	0	0	0	0	0	0	0	0	0	0	0	0	0	0	0	0	0	0	0	0	0	1	0	0	0	99	0	42	2	100	0	31	5	100	0	49	2	100	0	47	2	100	0	32	1	10	0	0	0	0	0	0	0	0	0	0	0	0	0	0	0	0	0	0	0	0	0	0	0	0	0	1	0	0	0	0	0	0	0	0	0	0	0	0	0	0	0	0	0	0	0	0	0	0	0	0	0	0	0	0	0	0	0	0	0	0	0	0	0	0	0	0	0	0	0	0	0	0	0	0	0	
	63395	1	2	엘리멘탈리스트_검은_사무라이(한정판)	44112	1	69DDA0	43077	44077	85818	85825	86029	39918	0	20064	0	911	0	Null	0	Null	0	25355	0	0	1	0	0	0	0	0	0	0	4	86	255	0	0	0	0	0	0	0	0	0	0	0	0	0	0	0	0	0	0	0	0	0	0	0	0	0	0	0	0	0	0	0	0	0	1	0	0	0	99	0	42	2	100	0	31	5	100	0	49	2	100	0	47	2	100	0	32	1	10	0	0	0	0	0	0	0	0	0	0	0	0	0	0	0	0	0	0	0	0	0	0	0	0	0	1	0	0	0	0	0	0	0	0	0	0	0	0	0	0	0	0	0	0	0	0	0	0	0	0	0	0	0	0	0	0	0	0	0	0	0	0	0	0	0	0	0	0	0	0	0	0	0	0	0	
	63396	1	2	엘리멘탈리스트_붉은_사무라이(한정판)	44113	1	69DDA0	43077	44077	85819	85826	86030	39918	0	20064	0	911	0	Null	0	Null	0	25355	0	0	1	0	0	0	0	0	0	0	4	86	255	0	0	0	0	0	0	0	0	0	0	0	0	0	0	0	0	0	0	0	0	0	0	0	0	0	0	0	0	0	0	0	0	0	1	0	0	0	99	0	42	2	100	0	31	5	100	0	49	2	100	0	47	2	100	0	32	1	10	0	0	0	0	0	0	0	0	0	0	0	0	0	0	0	0	0	0	0	0	0	0	0	0	0	1	0	0	0	0	0	0	0	0	0	0	0	0	0	0	0	0	0	0	0	0	0	0	0	0	0	0	0	0	0	0	0	0	0	0	0	0	0	0	0	0	0	0	0	0	0	0	0	0	0	
	63397	1	2	엘리멘탈리스트_삐에로(한정판)	44114	1	69DDA0	43077	44077	85820	85827	86031	39918	0	20064	0	911	0	Null	0	Null	0	25355	0	0	1	0	0	0	0	0	0	0	4	86	255	0	0	0	0	0	0	0	0	0	0	0	0	0	0	0	0	0	0	0	0	0	0	0	0	0	0	0	0	0	0	0	0	0	1	0	0	0	99	0	42	2	100	0	31	5	100	0	49	2	100	0	47	2	100	0	32	1	10	0	0	0	0	0	0	0	0	0	0	0	0	0	0	0	0	0	0	0	0	0	3	3	0	0	1	0	0	0	0	0	0	0	0	0	0	0	0	0	0	0	0	0	0	0	0	0	0	0	0	0	0	0	0	0	0	0	0	0	0	0	0	0	0	0	0	0	0	0	0	0	0	0	0	0	
	63398	1	2	엘리멘탈리스트_수녀(한정판)	44115	1	69DDA0	43077	44077	85821	85828	86032	39918	0	20064	0	911	0	Null	0	Null	0	25355	0	0	1	0	0	0	0	0	0	0	4	86	255	0	0	0	0	0	0	0	0	0	0	0	0	0	0	0	0	0	0	0	0	0	0	0	0	0	0	0	0	0	0	0	0	0	1	0	0	0	99	0	42	2	100	0	31	5	100	0	49	2	100	0	47	2	100	0	32	1	10	0	0	0	0	0	0	0	0	0	0	0	0	0	0	0	0	0	0	0	0	0	3	3	0	0	1	0	0	0	0	0	0	0	0	0	0	0	0	0	0	0	0	0	0	0	0	0	0	0	0	0	0	0	0	0	0	0	0	0	0	0	0	0	0	0	0	0	0	0	0	0	0	0	0	0	
	63399	1	2	엘리멘탈리스트_호피(한정판)	44116	1	69DDA0	43077	44078	0	85829	86033	39918	0	20064	0	911	0	Null	0	Null	0	25355	0	0	1	0	0	0	0	0	0	0	4	86	255	0	0	0	0	0	0	0	0	0	0	0	0	0	0	0	0	0	0	0	0	0	0	0	0	0	0	0	0	2	0	0	0	0	1	0	0	0	99	0	42	2	100	0	31	5	100	0	49	2	100	0	47	2	100	0	32	1	10	0	0	0	0	0	0	0	0	0	0	0	0	0	0	0	0	0	0	0	0	0	0	0	0	0	1	0	0	0	0	0	0	0	0	0	0	0	0	0	0	0	0	0	0	0	0	0	0	0	0	0	0	0	0	0	0	0	0	0	0	0	0	0	0	0	0	0	0	0	0	0	0	0	0	0	
	63400	1	2	발키리_에텔레인예복(한정판)	44117	1	69DDA0	43077	44077	85808	85830	86028	39918	0	20064	0	911	0	Null	0	Null	0	25355	0	0	1	0	0	0	0	0	0	0	4	86	255	0	0	0	0	0	0	0	0	0	0	0	0	0	0	0	0	0	0	0	0	0	0	0	0	0	0	0	0	0	0	0	0	1	0	0	0	0	99	0	42	2	100	0	31	5	100	0	49	2	100	0	47	2	100	0	32	1	10	0	0	0	0	0	0	0	0	0	0	0	0	0	0	0	0	0	0	0	0	0	0	0	0	0	1	0	0	0	0	0	0	0	0	0	0	0	0	0	0	0	0	0	0	0	0	0	0	0	0	0	0	0	0	0	0	0	0	0	0	0	0	0	0	0	0	0	0	0	0	0	0	0	0	0	
	63401	1	2	발키리_검은_사무라이(한정판)	44118	1	69DDA0	43077	44077	85811	85833	86029	39918	0	20064	0	911	0	Null	0	Null	0	25355	0	0	1	0	0	0	0	0	0	0	4	86	255	0	0	0	0	0	0	0	0	0	0	0	0	0	0	0	0	0	0	0	0	0	0	0	0	0	0	0	0	0	0	0	0	1	0	0	0	0	99	0	42	2	100	0	31	5	100	0	49	2	100	0	47	2	100	0	32	1	10	0	0	0	0	0	0	0	0	0	0	0	0	0	0	0	0	0	0	0	0	0	0	0	0	0	1	0	0	0	0	0	0	0	0	0	0	0	0	0	0	0	0	0	0	0	0	0	0	0	0	0	0	0	0	0	0	0	0	0	0	0	0	0	0	0	0	0	0	0	0	0	0	0	0	0	
	63402	1	2	발키리_붉은_사무라이(한정판)	44119	1	69DDA0	43077	44077	85812	85834	86030	39918	0	20064	0	911	0	Null	0	Null	0	25355	0	0	1	0	0	0	0	0	0	0	4	86	255	0	0	0	0	0	0	0	0	0	0	0	0	0	0	0	0	0	0	0	0	0	0	0	0	0	0	0	0	0	0	0	0	1	0	0	0	0	99	0	42	2	100	0	31	5	100	0	49	2	100	0	47	2	100	0	32	1	10	0	0	0	0	0	0	0	0	0	0	0	0	0	0	0	0	0	0	0	0	0	0	0	0	0	1	0	0	0	0	0	0	0	0	0	0	0	0	0	0	0	0	0	0	0	0	0	0	0	0	0	0	0	0	0	0	0	0	0	0	0	0	0	0	0	0	0	0	0	0	0	0	0	0	0	
	63403	1	2	발키리_삐에로(한정판)	44120	1	69DDA0	43077	44077	85813	85835	86031	39918	0	20064	0	911	0	Null	0	Null	0	25355	0	0	1	0	0	0	0	0	0	0	4	86	255	0	0	0	0	0	0	0	0	0	0	0	0	0	0	0	0	0	0	0	0	0	0	0	0	0	0	0	0	0	0	0	0	1	0	0	0	0	99	0	42	2	100	0	31	5	100	0	49	2	100	0	47	2	100	0	32	1	10	0	0	0	0	0	0	0	0	0	0	0	0	0	0	0	0	0	0	0	0	0	3	3	0	0	1	0	0	0	0	0	0	0	0	0	0	0	0	0	0	0	0	0	0	0	0	0	0	0	0	0	0	0	0	0	0	0	0	0	0	0	0	0	0	0	0	0	0	0	0	0	0	0	0	0	
	63404	1	2	발키리_수녀(한정판)	44121	1	69DDA0	43077	44077	85814	85836	86032	39918	0	20064	0	911	0	Null	0	Null	0	25355	0	0	1	0	0	0	0	0	0	0	4	86	255	0	0	0	0	0	0	0	0	0	0	0	0	0	0	0	0	0	0	0	0	0	0	0	0	0	0	0	0	0	0	0	0	1	0	0	0	0	99	0	42	2	100	0	31	5	100	0	49	2	100	0	47	2	100	0	32	1	10	0	0	0	0	0	0	0	0	0	0	0	0	0	0	0	0	0	0	0	0	0	3	3	0	0	1	0	0	0	0	0	0	0	0	0	0	0	0	0	0	0	0	0	0	0	0	0	0	0	0	0	0	0	0	0	0	0	0	0	0	0	0	0	0	0	0	0	0	0	0	0	0	0	0	0	
	63405	1	2	발키리_호피(한정판)	44122	1	69DDA0	43077	44078	0	85837	86033	39918	0	20064	0	911	0	Null	0	Null	0	25355	0	0	1	0	0	0	0	0	0	0	4	86	255	0	0	0	0	0	0	0	0	0	0	0	0	0	0	0	0	0	0	0	0	0	0	0	0	0	0	0	0	2	0	0	0	1	0	0	0	0	99	0	42	2	100	0	31	5	100	0	49	2	100	0	47	2	100	0	32	1	10	0	0	0	0	0	0	0	0	0	0	0	0	0	0	0	0	0	0	0	0	0	0	0	0	0	1	0	0	0	0	0	0	0	0	0	0	0	0	0	0	0	0	0	0	0	0	0	0	0	0	0	0	0	0	0	0	0	0	0	0	0	0	0	0	0	0	0	0	0	0	0	0	0	0	0	
	63411	1	2	미스틱용_분홍색_드레스	43123	1	69DDA0	43077	44078	0	86034	86037	39918	0	20064	0	911	0	Null	0	Null	0	25355	0	0	1	0	0	0	0	0	0	0	4	86	255	0	0	0	0	0	0	0	0	0	0	0	0	0	0	0	0	0	0	0	0	0	0	0	0	0	0	0	0	0	0	0	0	0	0	1	0	0	99	0	49	2	100	0	47	2	100	0	32	1	7	0	0	0	0	0	0	0	0	0	0	0	0	0	0	0	0	0	0	0	0	0	0	0	0	0	0	0	0	0	0	0	0	0	1	0	0	0	0	0	0	0	0	0	0	0	0	0	0	0	0	0	0	0	0	0	0	0	0	0	0	0	0	0	0	0	0	0	0	0	0	0	0	0	0	0	0	0	0	0	0	0	0	0	
	63412	1	2	미스틱용_갈색곰_의상	43124	1	69DDA0	43077	44078	0	86035	86038	39918	0	20064	0	911	0	Null	0	Null	0	25355	0	0	1	0	0	0	0	0	0	0	4	86	255	0	0	0	0	0	0	0	0	0	0	0	0	0	0	0	0	0	0	0	0	0	0	0	0	0	0	0	0	0	0	0	0	0	0	1	0	0	99	0	49	2	100	0	47	2	100	0	44	5	200	0	0	0	0	0	0	0	0	0	0	0	0	0	0	0	0	0	0	0	0	0	0	0	0	0	0	0	0	0	3	3	0	0	1	0	0	0	0	0	0	0	0	0	0	0	0	0	0	0	0	0	0	0	0	0	0	0	0	0	0	0	0	0	0	0	0	0	0	0	0	0	0	0	0	0	0	0	0	0	0	0	0	0	
	63413	1	2	미스틱용_팬더_의상	43125	1	69DDA0	43077	44078	0	86036	86039	39918	0	20064	0	911	0	Null	0	Null	0	25355	0	0	1	0	0	0	0	0	0	0	4	86	255	0	0	0	0	0	0	0	0	0	0	0	0	0	0	0	0	0	0	0	0	0	0	0	0	0	0	0	0	0	0	0	0	0	0	1	0	0	99	0	49	2	100	0	47	2	100	0	32	1	7	0	0	0	0	0	0	0	0	0	0	0	0	0	0	0	0	0	0	0	0	0	0	0	0	0	0	0	0	0	3	3	0	0	1	0	0	0	0	0	0	0	0	0	0	0	0	0	0	0	0	0	0	0	0	0	0	0	0	0	0	0	0	0	0	0	0	0	0	0	0	0	0	0	0	0	0	0	0	0	0	0	0	0	
	63414	1	2	[강화판]미스틱용_분홍색_드레스	43126	1	69DDA0	43077	44078	0	86034	86040	39918	0	20064	0	911	0	Null	0	Null	0	25355	0	0	1	0	0	0	0	0	0	0	4	86	255	0	0	0	0	0	0	0	0	0	0	0	0	0	0	0	0	0	0	0	0	0	0	0	0	0	0	0	0	0	0	0	0	0	0	1	0	0	99	0	42	2	100	0	31	5	100	0	49	2	100	0	47	2	100	0	32	1	10	0	0	0	0	0	0	0	0	0	0	0	0	0	0	0	0	0	0	0	0	0	0	0	0	0	1	0	0	0	0	0	0	0	0	0	0	0	0	0	0	0	0	0	0	0	0	0	0	0	0	0	0	0	0	0	0	0	0	0	0	0	0	0	0	0	0	0	0	0	0	0	0	0	0	0	
	63415	1	2	[강화판]미스틱용_갈색곰_의상	43127	1	69DDA0	43077	44078	0	86035	86041	39918	0	20064	0	911	0	Null	0	Null	0	25355	0	0	1	0	0	0	0	0	0	0	4	86	255	0	0	0	0	0	0	0	0	0	0	0	0	0	0	0	0	0	0	0	0	0	0	0	0	0	0	0	0	0	0	0	0	0	0	1	0	0	99	0	42	2	100	0	31	5	100	0	49	2	100	0	47	2	100	0	44	5	200	0	0	0	0	0	0	0	0	0	0	0	0	0	0	0	0	0	0	0	0	0	3	3	0	0	1	0	0	0	0	0	0	0	0	0	0	0	0	0	0	0	0	0	0	0	0	0	0	0	0	0	0	0	0	0	0	0	0	0	0	0	0	0	0	0	0	0	0	0	0	0	0	0	0	0	
	63416	1	2	[강화판]미스틱용_팬더_의상	43128	1	69DDA0	43077	44078	0	86036	86042	39918	0	20064	0	911	0	Null	0	Null	0	25355	0	0	1	0	0	0	0	0	0	0	4	86	255	0	0	0	0	0	0	0	0	0	0	0	0	0	0	0	0	0	0	0	0	0	0	0	0	0	0	0	0	0	0	0	0	0	0	1	0	0	99	0	42	2	100	0	31	5	100	0	49	2	100	0	47	2	100	0	32	1	10	0	0	0	0	0	0	0	0	0	0	0	0	0	0	0	0	0	0	0	0	0	3	3	0	0	1	0	0	0	0	0	0	0	0	0	0	0	0	0	0	0	0	0	0	0	0	0	0	0	0	0	0	0	0	0	0	0	0	0	0	0	0	0	0	0	0	0	0	0	0	0	0	0	0	0	
	60166	1	2	[지급품]버서커_곰돌이(기간제)	43084	1	69DDA0	43077	44077	85802	85831	85839	39918	0	20064	0	911	0	Null	0	Null	0	25355	0	0	1	0	0	0	0	0	0	0	4	295	255	0	0	0	0	0	0	0	0	0	0	0	0	0	0	0	0	0	0	0	0	0	0	0	0	0	0	0	0	0	1	0	0	0	0	0	0	0	99	0	49	2	100	0	47	2	100	0	44	5	200	0	0	0	0	0	0	0	0	0	0	0	0	0	0	0	0	0	0	0	0	0	0	0	0	0	0	0	0	0	3	3	0	0	1	0	0	0	0	0	0	0	0	0	0	0	0	0	0	0	0	0	0	0	0	0	0	0	0	0	0	0	0	0	0	0	0	0	0	0	0	0	0	0	0	0	0	0	0	0	0	0	0	0	
	60167	1	2	[지급품]드래곤나이트_곰돌이(기간제)	43086	1	69DDA0	43077	44077	85809	85831	85839	39918	0	20064	0	911	0	Null	0	Null	0	25355	0	0	1	0	0	0	0	0	0	0	4	295	255	0	0	0	0	0	0	0	0	0	0	0	0	0	0	0	0	0	0	0	0	0	0	0	0	0	0	0	0	0	0	1	0	0	0	0	0	0	99	0	49	2	100	0	47	2	100	0	44	5	200	0	0	0	0	0	0	0	0	0	0	0	0	0	0	0	0	0	0	0	0	0	0	0	0	0	0	0	0	0	3	3	0	0	1	0	0	0	0	0	0	0	0	0	0	0	0	0	0	0	0	0	0	0	0	0	0	0	0	0	0	0	0	0	0	0	0	0	0	0	0	0	0	0	0	0	0	0	0	0	0	0	0	0	
	60168	1	2	[지급품]섀도우_곰돌이(기간제)	43088	1	69DDA0	43077	44077	85816	85823	85839	39918	0	20064	0	911	0	Null	0	Null	0	25355	0	0	1	0	0	0	0	0	0	0	4	295	255	0	0	0	0	0	0	0	0	0	0	0	0	0	0	0	0	0	0	0	0	0	0	0	0	0	0	0	0	0	0	0	1	0	0	0	0	0	99	0	49	2	100	0	47	2	100	0	44	5	200	0	0	0	0	0	0	0	0	0	0	0	0	0	0	0	0	0	0	0	0	0	0	0	0	0	0	0	0	0	3	3	0	0	1	0	0	0	0	0	0	0	0	0	0	0	0	0	0	0	0	0	0	0	0	0	0	0	0	0	0	0	0	0	0	0	0	0	0	0	0	0	0	0	0	0	0	0	0	0	0	0	0	0	
	60169	1	2	[지급품]엘리멘탈리스트_곰돌이(기간제)	43090	1	69DDA0	43077	44077	85816	85823	85860	39918	0	20064	0	911	0	Null	0	Null	0	25355	0	0	1	0	0	0	0	0	0	0	4	295	255	0	0	0	0	0	0	0	0	0	0	0	0	0	0	0	0	0	0	0	0	0	0	0	0	0	0	0	0	0	0	0	0	0	1	0	0	0	99	0	49	2	100	0	47	2	100	0	44	5	200	0	0	0	0	0	0	0	0	0	0	0	0	0	0	0	0	0	0	0	0	0	0	0	0	0	0	0	0	0	3	3	0	0	1	0	0	0	0	0	0	0	0	0	0	0	0	0	0	0	0	0	0	0	0	0	0	0	0	0	0	0	0	0	0	0	0	0	0	0	0	0	0	0	0	0	0	0	0	0	0	0	0	0	
	60170	1	2	[지급품]발키리_곰돌이(기간제)	43092	1	69DDA0	43077	44077	85809	85831	85860	39918	0	20064	0	911	0	Null	0	Null	0	25355	0	0	1	0	0	0	0	0	0	0	4	295	255	0	0	0	0	0	0	0	0	0	0	0	0	0	0	0	0	0	0	0	0	0	0	0	0	0	0	0	0	0	0	0	0	1	0	0	0	0	99	0	49	2	100	0	47	2	100	0	44	5	200	0	0	0	0	0	0	0	0	0	0	0	0	0	0	0	0	0	0	0	0	0	0	0	0	0	0	0	0	0	3	3	0	0	1	0	0	0	0	0	0	0	0	0	0	0	0	0	0	0	0	0	0	0	0	0	0	0	0	0	0	0	0	0	0	0	0	0	0	0	0	0	0	0	0	0	0	0	0	0	0	0	0	0	
	60171	1	2	[지급품]미스틱용_갈색곰_의상	43124	1	69DDA0	43077	44078	0	86035	86038	39918	0	20064	0	911	0	Null	0	Null	0	25355	0	0	1	0	0	0	0	0	0	0	4	295	255	0	0	0	0	0	0	0	0	0	0	0	0	0	0	0	0	0	0	0	0	0	0	0	0	0	0	0	0	0	0	0	0	0	0	1	0	0	99	0	49	2	100	0	47	2	100	0	44	5	200	0	0	0	0	0	0	0	0	0	0	0	0	0	0	0	0	0	0	0	0	0	0	0	0	0	0	0	0	0	3	3	0	0	1	0	0	0	0	0	0	0	0	0	0	0	0	0	0	0	0	0	0	0	0	0	0	0	0	0	0	0	0	0	0	0	0	0	0	0	0	0	0	0	0	0	0	0	0	0	0	0	0	0	
	60172	1	2	버서커용_인디언전사코스튬(기간제)	44075	1	69DDA0	43077	44079	85867	0	86043	39918	0	20064	0	911	0	Null	0	Null	0	25355	0	0	1	0	0	0	0	0	0	0	4	86	255	0	0	0	0	0	0	0	0	0	0	0	0	0	0	0	0	0	0	0	0	0	0	0	0	0	0	0	0	1	1	0	0	0	0	0	0	0	99	0	49	2	100	0	47	2	100	0	32	1	7	0	0	0	0	0	0	0	0	0	0	0	0	0	0	0	0	0	0	0	0	0	0	0	0	0	0	0	0	0	3	0	0	0	1	0	0	0	0	0	0	0	0	0	0	0	0	0	0	0	0	0	0	0	0	0	0	0	0	0	0	0	0	0	0	0	0	0	0	0	0	0	0	0	0	0	0	0	0	0	0	0	0	0	
	60173	1	2	드래곤나이트용_붉은예복코스튬(기간제)	44080	1	69DDA0	43077	44079	85868	0	86044	39918	0	20064	0	911	0	Null	0	Null	0	25355	0	0	1	0	0	0	0	0	0	0	4	86	255	0	0	0	0	0	0	0	0	0	0	0	0	0	0	0	0	0	0	0	0	0	0	0	0	0	0	0	0	1	0	1	0	0	0	0	0	0	99	0	49	2	100	0	47	2	100	0	32	1	7	0	0	0	0	0	0	0	0	0	0	0	0	0	0	0	0	0	0	0	0	0	0	0	0	0	0	0	0	0	0	0	0	0	1	0	0	0	0	0	0	0	0	0	0	0	0	0	0	0	0	0	0	0	0	0	0	0	0	0	0	0	0	0	0	0	0	0	0	0	0	0	0	0	0	0	0	0	0	0	0	0	0	0	
	60174	1	2	발키리용_말괄량이카우걸코스튬(기간제)	44087	1	69DDA0	43077	44078	0	85869	86045	39918	0	20064	0	911	0	Null	0	Null	0	25355	0	0	1	0	0	0	0	0	0	0	4	86	255	0	0	0	0	0	0	0	0	0	0	0	0	0	0	0	0	0	0	0	0	0	0	0	0	0	0	0	0	2	0	0	0	1	0	0	0	0	99	0	49	2	100	0	47	2	100	0	32	1	7	0	0	0	0	0	0	0	0	0	0	0	0	0	0	0	0	0	0	0	0	0	0	0	0	0	0	0	0	0	0	2	0	0	1	0	0	0	0	0	0	0	0	0	0	0	0	0	0	0	0	0	0	0	0	0	0	0	0	0	0	0	0	0	0	0	0	0	0	0	0	0	0	0	0	0	0	0	0	0	0	0	0	0	
	60175	1	2	엘리용_붉은예복코스튬(기간제)	44089	1	69DDA0	43077	44078	0	85870	86046	39918	0	20064	0	911	0	Null	0	Null	0	25355	0	0	1	0	0	0	0	0	0	0	4	86	255	0	0	0	0	0	0	0	0	0	0	0	0	0	0	0	0	0	0	0	0	0	0	0	0	0	0	0	0	2	0	0	0	0	1	0	0	0	99	0	49	2	100	0	47	2	100	0	32	1	7	0	0	0	0	0	0	0	0	0	0	0	0	0	0	0	0	0	0	0	0	0	0	0	0	0	0	0	0	0	0	0	0	0	1	0	0	0	0	0	0	0	0	0	0	0	0	0	0	0	0	0	0	0	0	0	0	0	0	0	0	0	0	0	0	0	0	0	0	0	0	0	0	0	0	0	0	0	0	0	0	0	0	0	
	60176	1	2	섀도우용_은밀한암살자코스튬(기간제)	44091	1	69DDA0	43077	44079	85871	0	86047	39918	0	20064	0	911	0	Null	0	Null	0	25355	0	0	1	0	0	0	0	0	0	0	4	86	255	0	0	0	0	0	0	0	0	0	0	0	0	0	0	0	0	0	0	0	0	0	0	0	0	0	0	0	0	1	0	0	1	0	0	0	0	0	99	0	49	2	100	0	47	2	100	0	32	1	7	0	0	0	0	0	0	0	0	0	0	0	0	0	0	0	0	0	0	0	0	0	0	0	0	0	0	0	0	0	3	0	0	0	1	0	0	0	0	0	0	0	0	0	0	0	0	0	0	0	0	0	0	0	0	0	0	0	0	0	0	0	0	0	0	0	0	0	0	0	0	0	0	0	0	0	0	0	0	0	0	0	0	0	
	60177	1	2	미스틱용_올리브그린드레스코스튬(기간제)	43079	1	69DDA0	43077	44078	0	85872	86048	39918	0	20064	0	911	0	Null	0	Null	0	25355	0	0	1	0	0	0	0	0	0	0	4	86	255	0	0	0	0	0	0	0	0	0	0	0	0	0	0	0	0	0	0	0	0	0	0	0	0	0	0	0	0	2	0	0	0	0	0	1	0	0	99	0	49	2	100	0	47	2	100	0	32	1	7	0	0	0	0	0	0	0	0	0	0	0	0	0	0	0	0	0	0	0	0	0	0	0	0	0	0	0	0	0	0	0	0	0	1	0	0	0	0	0	0	0	0	0	0	0	0	0	0	0	0	0	0	0	0	0	0	0	0	0	0	0	0	0	0	0	0	0	0	0	0	0	0	0	0	0	0	0	0	0	0	0	0	0	
	60178	1	2	미스틱용_꼬마모험가코스튬(기간제)	44093	1	69DDA0	43077	44078	0	85873	86049	39918	0	20064	0	911	0	Null	0	Null	0	25355	0	0	1	0	0	0	0	0	0	0	4	86	255	0	0	0	0	0	0	0	0	0	0	0	0	0	0	0	0	0	0	0	0	0	0	0	0	0	0	0	0	2	0	0	0	0	0	1	0	0	99	0	49	2	100	0	47	2	100	0	32	1	7	0	0	0	0	0	0	0	0	0	0	0	0	0	0	0	0	0	0	0	0	0	0	0	0	0	0	0	0	0	0	0	0	0	1	0	0	0	0	0	0	0	0	0	0	0	0	0	0	0	0	0	0	0	0	0	0	0	0	0	0	0	0	0	0	0	0	0	0	0	0	0	0	0	0	0	0	0	0	0	0	0	0	0	
	60179	1	2	헬로이드용_블러드아이언코스튬(기간제)	43105	1	69DDA0	43077	44079	85874	0	86050	39918	0	20064	0	911	0	Null	0	Null	0	25355	0	0	1	0	0	0	0	0	0	0	4	86	255	0	0	0	0	0	0	0	0	0	0	0	0	0	0	0	0	0	0	0	0	0	0	0	0	0	0	0	0	1	0	0	0	0	0	0	1	0	99	0	49	2	100	0	47	2	100	0	32	1	7	0	0	0	0	0	0	0	0	0	0	0	0	0	0	0	0	0	0	0	0	0	0	0	0	0	0	0	0	0	3	0	0	0	1	0	0	0	0	0	0	0	0	0	0	0	0	0	0	0	0	0	0	0	0	0	0	0	0	0	0	0	0	0	0	0	0	0	0	0	0	0	0	0	0	0	0	0	0	0	0	0	0	0	
	60180	1	2	버서커용_인디언전사코스튬(강화판)	44076	1	69DDA0	43077	44079	85867	0	86051	39918	0	20064	0	911	0	Null	0	Null	0	25355	0	0	1	0	0	0	0	0	0	0	4	86	255	0	0	0	0	0	0	0	0	0	0	0	0	0	0	0	0	0	0	0	0	0	0	0	0	0	0	0	0	1	1	0	0	0	0	0	0	0	99	0	42	2	100	0	31	5	100	0	49	2	100	0	47	2	100	0	32	1	10	0	0	0	0	0	0	0	0	0	0	0	0	0	0	0	0	0	0	0	0	0	3	0	0	0	1	0	0	0	0	0	0	0	0	0	0	0	0	0	0	0	0	0	0	0	0	0	0	0	0	0	0	0	0	0	0	0	0	0	0	0	0	0	0	0	0	0	0	0	0	0	0	0	0	0	
	60181	1	2	드래곤나이트용_붉은예복코스튬(강화판)	44086	1	69DDA0	43077	44079	85868	0	86052	39918	0	20064	0	911	0	Null	0	Null	0	25355	0	0	1	0	0	0	0	0	0	0	4	86	255	0	0	0	0	0	0	0	0	0	0	0	0	0	0	0	0	0	0	0	0	0	0	0	0	0	0	0	0	1	0	1	0	0	0	0	0	0	99	0	42	2	100	0	31	5	100	0	49	2	100	0	47	2	100	0	32	1	10	0	0	0	0	0	0	0	0	0	0	0	0	0	0	0	0	0	0	0	0	0	0	0	0	0	1	0	0	0	0	0	0	0	0	0	0	0	0	0	0	0	0	0	0	0	0	0	0	0	0	0	0	0	0	0	0	0	0	0	0	0	0	0	0	0	0	0	0	0	0	0	0	0	0	0	
	60182	1	2	발키리용_말괄량이카우걸코스튬(강화판)	44088	1	69DDA0	43077	44078	0	85869	86053	39918	0	20064	0	911	0	Null	0	Null	0	25355	0	0	1	0	0	0	0	0	0	0	4	86	255	0	0	0	0	0	0	0	0	0	0	0	0	0	0	0	0	0	0	0	0	0	0	0	0	0	0	0	0	2	0	0	0	1	0	0	0	0	99	0	42	2	100	0	31	5	100	0	49	2	100	0	47	2	100	0	32	1	10	0	0	0	0	0	0	0	0	0	0	0	0	0	0	0	0	0	0	0	0	0	0	2	0	0	1	0	0	0	0	0	0	0	0	0	0	0	0	0	0	0	0	0	0	0	0	0	0	0	0	0	0	0	0	0	0	0	0	0	0	0	0	0	0	0	0	0	0	0	0	0	0	0	0	0	
	60183	1	2	엘리용_붉은예복코스튬(강화판)	44090	1	69DDA0	43077	44078	0	85870	86054	39918	0	20064	0	911	0	Null	0	Null	0	25355	0	0	1	0	0	0	0	0	0	0	4	86	255	0	0	0	0	0	0	0	0	0	0	0	0	0	0	0	0	0	0	0	0	0	0	0	0	0	0	0	0	2	0	0	0	0	1	0	0	0	99	0	42	2	100	0	31	5	100	0	49	2	100	0	47	2	100	0	32	1	10	0	0	0	0	0	0	0	0	0	0	0	0	0	0	0	0	0	0	0	0	0	0	0	0	0	1	0	0	0	0	0	0	0	0	0	0	0	0	0	0	0	0	0	0	0	0	0	0	0	0	0	0	0	0	0	0	0	0	0	0	0	0	0	0	0	0	0	0	0	0	0	0	0	0	0	
	60184	1	2	섀도우용_은밀한암살자코스튬(강화판)	44092	1	69DDA0	43077	44079	85871	0	86055	39918	0	20064	0	911	0	Null	0	Null	0	25355	0	0	1	0	0	0	0	0	0	0	4	86	255	0	0	0	0	0	0	0	0	0	0	0	0	0	0	0	0	0	0	0	0	0	0	0	0	0	0	0	0	1	0	0	1	0	0	0	0	0	99	0	42	2	100	0	31	5	100	0	49	2	100	0	47	2	100	0	32	1	10	0	0	0	0	0	0	0	0	0	0	0	0	0	0	0	0	0	0	0	0	0	3	0	0	0	1	0	0	0	0	0	0	0	0	0	0	0	0	0	0	0	0	0	0	0	0	0	0	0	0	0	0	0	0	0	0	0	0	0	0	0	0	0	0	0	0	0	0	0	0	0	0	0	0	0	
	60185	1	2	미스틱용_올리브그린드레스코스튬(강화판)	43080	1	69DDA0	43077	44078	0	85872	86056	39918	0	20064	0	911	0	Null	0	Null	0	25355	0	0	1	0	0	0	0	0	0	0	4	86	255	0	0	0	0	0	0	0	0	0	0	0	0	0	0	0	0	0	0	0	0	0	0	0	0	0	0	0	0	2	0	0	0	0	0	1	0	0	99	0	42	2	100	0	31	5	100	0	49	2	100	0	47	2	100	0	32	1	10	0	0	0	0	0	0	0	0	0	0	0	0	0	0	0	0	0	0	0	0	0	0	0	0	0	1	0	0	0	0	0	0	0	0	0	0	0	0	0	0	0	0	0	0	0	0	0	0	0	0	0	0	0	0	0	0	0	0	0	0	0	0	0	0	0	0	0	0	0	0	0	0	0	0	0	
	60186	1	2	미스틱용_꼬마모험가코스튬(강화판)	43104	1	69DDA0	43077	44078	0	85873	86057	39918	0	20064	0	911	0	Null	0	Null	0	25355	0	0	1	0	0	0	0	0	0	0	4	86	255	0	0	0	0	0	0	0	0	0	0	0	0	0	0	0	0	0	0	0	0	0	0	0	0	0	0	0	0	2	0	0	0	0	0	1	0	0	99	0	42	2	100	0	31	5	100	0	49	2	100	0	47	2	100	0	32	1	10	0	0	0	0	0	0	0	0	0	0	0	0	0	0	0	0	0	0	0	0	0	0	0	0	0	1	0	0	0	0	0	0	0	0	0	0	0	0	0	0	0	0	0	0	0	0	0	0	0	0	0	0	0	0	0	0	0	0	0	0	0	0	0	0	0	0	0	0	0	0	0	0	0	0	0	
	60187	1	2	헬로이드용_블러드아이언코스튬(강화판)	43106	1	69DDA0	43077	44079	85874	0	86058	39918	0	20064	0	911	0	Null	0	Null	0	25355	0	0	1	0	0	0	0	0	0	0	4	86	255	0	0	0	0	0	0	0	0	0	0	0	0	0	0	0	0	0	0	0	0	0	0	0	0	0	0	0	0	1	0	0	0	0	0	0	1	0	99	0	42	2	100	0	31	5	100	0	49	2	100	0	47	2	100	0	32	1	10	0	0	0	0	0	0	0	0	0	0	0	0	0	0	0	0	0	0	0	0	0	3	0	0	0	1	0	0	0	0	0	0	0	0	0	0	0	0	0	0	0	0	0	0	0	0	0	0	0	0	0	0	0	0	0	0	0	0	0	0	0	0	0	0	0	0	0	0	0	0	0	0	0	0	0	
	60188	1	2	사내지급용_버서커용_인디언전사코스튬(강화판)	44076	1	69DDA0	43077	44079	85867	0	86051	39918	0	20064	0	911	0	Null	0	Null	0	25355	0	0	1	0	0	0	0	0	0	0	4	263	255	0	0	0	0	0	0	0	0	0	0	0	0	0	0	0	0	0	0	0	0	0	0	0	0	0	0	0	0	1	1	0	0	0	0	0	0	0	99	0	42	2	100	0	31	5	100	0	49	2	100	0	47	2	100	0	32	1	10	0	0	0	0	0	0	0	0	0	0	0	0	0	0	0	0	0	0	0	0	0	3	0	0	0	1	0	0	0	0	0	0	0	0	0	0	0	0	0	0	0	0	0	0	0	0	0	0	0	0	0	0	0	0	0	0	0	0	0	0	0	0	0	0	0	0	0	0	0	0	0	0	0	0	0	
	60189	1	2	사내지급용_드래곤나이트용_붉은예복코스튬(강화판)	44086	1	69DDA0	43077	44079	85868	0	86052	39918	0	20064	0	911	0	Null	0	Null	0	25355	0	0	1	0	0	0	0	0	0	0	4	263	255	0	0	0	0	0	0	0	0	0	0	0	0	0	0	0	0	0	0	0	0	0	0	0	0	0	0	0	0	1	0	1	0	0	0	0	0	0	99	0	42	2	100	0	31	5	100	0	49	2	100	0	47	2	100	0	32	1	10	0	0	0	0	0	0	0	0	0	0	0	0	0	0	0	0	0	0	0	0	0	0	0	0	0	1	0	0	0	0	0	0	0	0	0	0	0	0	0	0	0	0	0	0	0	0	0	0	0	0	0	0	0	0	0	0	0	0	0	0	0	0	0	0	0	0	0	0	0	0	0	0	0	0	0	
	60190	1	2	사내지급용_발키리용_말괄량이카우걸코스튬(강화판)	44088	1	69DDA0	43077	44078	0	85869	86053	39918	0	20064	0	911	0	Null	0	Null	0	25355	0	0	1	0	0	0	0	0	0	0	4	263	255	0	0	0	0	0	0	0	0	0	0	0	0	0	0	0	0	0	0	0	0	0	0	0	0	0	0	0	0	2	0	0	0	1	0	0	0	0	99	0	42	2	100	0	31	5	100	0	49	2	100	0	47	2	100	0	32	1	10	0	0	0	0	0	0	0	0	0	0	0	0	0	0	0	0	0	0	0	0	0	0	2	0	0	1	0	0	0	0	0	0	0	0	0	0	0	0	0	0	0	0	0	0	0	0	0	0	0	0	0	0	0	0	0	0	0	0	0	0	0	0	0	0	0	0	0	0	0	0	0	0	0	0	0	
	60191	1	2	사내지급용_엘리용_붉은예복코스튬(강화판)	44090	1	69DDA0	43077	44078	0	85870	86054	39918	0	20064	0	911	0	Null	0	Null	0	25355	0	0	1	0	0	0	0	0	0	0	4	263	255	0	0	0	0	0	0	0	0	0	0	0	0	0	0	0	0	0	0	0	0	0	0	0	0	0	0	0	0	2	0	0	0	0	1	0	0	0	99	0	42	2	100	0	31	5	100	0	49	2	100	0	47	2	100	0	32	1	10	0	0	0	0	0	0	0	0	0	0	0	0	0	0	0	0	0	0	0	0	0	0	0	0	0	1	0	0	0	0	0	0	0	0	0	0	0	0	0	0	0	0	0	0	0	0	0	0	0	0	0	0	0	0	0	0	0	0	0	0	0	0	0	0	0	0	0	0	0	0	0	0	0	0	0	
	60192	1	2	사내지급용_섀도우용_은밀한암살자코스튬(강화판)	44092	1	69DDA0	43077	44079	85871	0	86055	39918	0	20064	0	911	0	Null	0	Null	0	25355	0	0	1	0	0	0	0	0	0	0	4	263	255	0	0	0	0	0	0	0	0	0	0	0	0	0	0	0	0	0	0	0	0	0	0	0	0	0	0	0	0	1	0	0	1	0	0	0	0	0	99	0	42	2	100	0	31	5	100	0	49	2	100	0	47	2	100	0	32	1	10	0	0	0	0	0	0	0	0	0	0	0	0	0	0	0	0	0	0	0	0	0	3	0	0	0	1	0	0	0	0	0	0	0	0	0	0	0	0	0	0	0	0	0	0	0	0	0	0	0	0	0	0	0	0	0	0	0	0	0	0	0	0	0	0	0	0	0	0	0	0	0	0	0	0	0	
	60193	1	2	사내지급용_미스틱용_올리브그린드레스코스튬(강화판)	43080	1	69DDA0	43077	44078	0	85872	86056	39918	0	20064	0	911	0	Null	0	Null	0	25355	0	0	1	0	0	0	0	0	0	0	4	263	255	0	0	0	0	0	0	0	0	0	0	0	0	0	0	0	0	0	0	0	0	0	0	0	0	0	0	0	0	2	0	0	0	0	0	1	0	0	99	0	42	2	100	0	31	5	100	0	49	2	100	0	47	2	100	0	32	1	10	0	0	0	0	0	0	0	0	0	0	0	0	0	0	0	0	0	0	0	0	0	0	0	0	0	1	0	0	0	0	0	0	0	0	0	0	0	0	0	0	0	0	0	0	0	0	0	0	0	0	0	0	0	0	0	0	0	0	0	0	0	0	0	0	0	0	0	0	0	0	0	0	0	0	0	
	60194	1	2	사내지급용_미스틱용_꼬마모험가코스튬(강화판)	43104	1	69DDA0	43077	44078	0	85873	86057	39918	0	20064	0	911	0	Null	0	Null	0	25355	0	0	1	0	0	0	0	0	0	0	4	263	255	0	0	0	0	0	0	0	0	0	0	0	0	0	0	0	0	0	0	0	0	0	0	0	0	0	0	0	0	2	0	0	0	0	0	1	0	0	99	0	42	2	100	0	31	5	100	0	49	2	100	0	47	2	100	0	32	1	10	0	0	0	0	0	0	0	0	0	0	0	0	0	0	0	0	0	0	0	0	0	0	0	0	0	1	0	0	0	0	0	0	0	0	0	0	0	0	0	0	0	0	0	0	0	0	0	0	0	0	0	0	0	0	0	0	0	0	0	0	0	0	0	0	0	0	0	0	0	0	0	0	0	0	0	
	60195	1	2	사내지급용_헬로이드용_블러드아이언코스튬(강화판)	43106	1	69DDA0	43077	44079	85874	0	86058	39918	0	20064	0	911	0	Null	0	Null	0	25355	0	0	1	0	0	0	0	0	0	0	4	263	255	0	0	0	0	0	0	0	0	0	0	0	0	0	0	0	0	0	0	0	0	0	0	0	0	0	0	0	0	1	0	0	0	0	0	0	1	0	99	0	42	2	100	0	31	5	100	0	49	2	100	0	47	2	100	0	32	1	10	0	0	0	0	0	0	0	0	0	0	0	0	0	0	0	0	0	0	0	0	0	3	0	0	0	1	0	0	0	0	0	0	0	0	0	0	0	0	0	0	0	0	0	0	0	0	0	0	0	0	0	0	0	0	0	0	0	0	0	0	0	0	0	0	0	0	0	0	0	0	0	0	0	0	0	
	60196	1	2	발키리용_붉은예복코스튬(기간제)	44123	1	69DDA0	43077	44079	85868	0	86044	39918	0	20064	0	911	0	Null	0	Null	0	25355	0	0	1	0	0	0	0	0	0	0	4	86	255	0	0	0	0	0	0	0	0	0	0	0	0	0	0	0	0	0	0	0	0	0	0	0	0	0	0	0	0	1	0	0	0	1	0	0	0	0	99	0	49	2	100	0	47	2	100	0	32	1	7	0	0	0	0	0	0	0	0	0	0	0	0	0	0	0	0	0	0	0	0	0	0	0	0	0	0	0	0	0	0	0	0	0	1	0	0	0	0	0	0	0	0	0	0	0	0	0	0	0	0	0	0	0	0	0	0	0	0	0	0	0	0	0	0	0	0	0	0	0	0	0	0	0	0	0	0	0	0	0	0	0	0	0	
	60197	1	2	버서커용_말괄량이카우걸코스튬(기간제)	44124	1	69DDA0	43077	44078	0	85869	86045	39918	0	20064	0	911	0	Null	0	Null	0	25355	0	0	1	0	0	0	0	0	0	0	4	86	255	0	0	0	0	0	0	0	0	0	0	0	0	0	0	0	0	0	0	0	0	0	0	0	0	0	0	0	0	2	1	0	0	0	0	0	0	0	99	0	49	2	100	0	47	2	100	0	32	1	7	0	0	0	0	0	0	0	0	0	0	0	0	0	0	0	0	0	0	0	0	0	0	0	0	0	0	0	0	0	0	2	0	0	1	0	0	0	0	0	0	0	0	0	0	0	0	0	0	0	0	0	0	0	0	0	0	0	0	0	0	0	0	0	0	0	0	0	0	0	0	0	0	0	0	0	0	0	0	0	0	0	0	0	
	60198	1	2	드래곤나이트용_말괄량이카우걸코스튬(기간제)	44125	1	69DDA0	43077	44078	0	85869	86045	39918	0	20064	0	911	0	Null	0	Null	0	25355	0	0	1	0	0	0	0	0	0	0	4	86	255	0	0	0	0	0	0	0	0	0	0	0	0	0	0	0	0	0	0	0	0	0	0	0	0	0	0	0	0	2	0	1	0	0	0	0	0	0	99	0	49	2	100	0	47	2	100	0	32	1	7	0	0	0	0	0	0	0	0	0	0	0	0	0	0	0	0	0	0	0	0	0	0	0	0	0	0	0	0	0	0	2	0	0	1	0	0	0	0	0	0	0	0	0	0	0	0	0	0	0	0	0	0	0	0	0	0	0	0	0	0	0	0	0	0	0	0	0	0	0	0	0	0	0	0	0	0	0	0	0	0	0	0	0	
	60199	1	2	섀도우용_붉은예복코스튬(기간제)	44126	1	69DDA0	43077	44078	0	85870	86046	39918	0	20064	0	911	0	Null	0	Null	0	25355	0	0	1	0	0	0	0	0	0	0	4	86	255	0	0	0	0	0	0	0	0	0	0	0	0	0	0	0	0	0	0	0	0	0	0	0	0	0	0	0	0	2	0	0	1	0	0	0	0	0	99	0	49	2	100	0	47	2	100	0	32	1	7	0	0	0	0	0	0	0	0	0	0	0	0	0	0	0	0	0	0	0	0	0	0	0	0	0	0	0	0	0	0	0	0	0	1	0	0	0	0	0	0	0	0	0	0	0	0	0	0	0	0	0	0	0	0	0	0	0	0	0	0	0	0	0	0	0	0	0	0	0	0	0	0	0	0	0	0	0	0	0	0	0	0	0	
	60339	1	2	엘리용_은밀한암살자코스튬(기간제)	44127	1	69DDA0	43077	44079	85871	0	86047	39918	0	20064	0	911	0	Null	0	Null	0	25355	0	0	1	0	0	0	0	0	0	0	4	86	255	0	0	0	0	0	0	0	0	0	0	0	0	0	0	0	0	0	0	0	0	0	0	0	0	0	0	0	0	1	0	0	0	0	1	0	0	0	99	0	49	2	100	0	47	2	100	0	32	1	7	0	0	0	0	0	0	0	0	0	0	0	0	0	0	0	0	0	0	0	0	0	0	0	0	0	0	0	0	0	3	0	0	0	1	0	0	0	0	0	0	0	0	0	0	0	0	0	0	0	0	0	0	0	0	0	0	0	0	0	0	0	0	0	0	0	0	0	0	0	0	0	0	0	0	0	0	0	0	0	0	0	0	0	
	60340	1	2	발키리용_붉은예복코스튬(강화판)	44128	1	69DDA0	43077	44079	85868	0	86052	39918	0	20064	0	911	0	Null	0	Null	0	25355	0	0	1	0	0	0	0	0	0	0	4	86	255	0	0	0	0	0	0	0	0	0	0	0	0	0	0	0	0	0	0	0	0	0	0	0	0	0	0	0	0	1	0	0	0	1	0	0	0	0	99	0	42	2	100	0	31	5	100	0	49	2	100	0	47	2	100	0	32	1	10	0	0	0	0	0	0	0	0	0	0	0	0	0	0	0	0	0	0	0	0	0	0	0	0	0	1	0	0	0	0	0	0	0	0	0	0	0	0	0	0	0	0	0	0	0	0	0	0	0	0	0	0	0	0	0	0	0	0	0	0	0	0	0	0	0	0	0	0	0	0	0	0	0	0	0	
	60341	1	2	버서커용_말괄량이카우걸코스튬(강화판)	44129	1	69DDA0	43077	44078	0	85869	86053	39918	0	20064	0	911	0	Null	0	Null	0	25355	0	0	1	0	0	0	0	0	0	0	4	86	255	0	0	0	0	0	0	0	0	0	0	0	0	0	0	0	0	0	0	0	0	0	0	0	0	0	0	0	0	2	1	0	0	0	0	0	0	0	99	0	42	2	100	0	31	5	100	0	49	2	100	0	47	2	100	0	32	1	10	0	0	0	0	0	0	0	0	0	0	0	0	0	0	0	0	0	0	0	0	0	0	2	0	0	1	0	0	0	0	0	0	0	0	0	0	0	0	0	0	0	0	0	0	0	0	0	0	0	0	0	0	0	0	0	0	0	0	0	0	0	0	0	0	0	0	0	0	0	0	0	0	0	0	0	
	60342	1	2	드래곤나이트용_말괄량이카우걸코스튬(강화판)	44130	1	69DDA0	43077	44078	0	85869	86053	39918	0	20064	0	911	0	Null	0	Null	0	25355	0	0	1	0	0	0	0	0	0	0	4	86	255	0	0	0	0	0	0	0	0	0	0	0	0	0	0	0	0	0	0	0	0	0	0	0	0	0	0	0	0	2	0	1	0	0	0	0	0	0	99	0	42	2	100	0	31	5	100	0	49	2	100	0	47	2	100	0	32	1	10	0	0	0	0	0	0	0	0	0	0	0	0	0	0	0	0	0	0	0	0	0	0	2	0	0	1	0	0	0	0	0	0	0	0	0	0	0	0	0	0	0	0	0	0	0	0	0	0	0	0	0	0	0	0	0	0	0	0	0	0	0	0	0	0	0	0	0	0	0	0	0	0	0	0	0	
	60343	1	2	섀도우용_붉은예복코스튬(강화판)	44132	1	69DDA0	43077	44078	0	85870	86054	39918	0	20064	0	911	0	Null	0	Null	0	25355	0	0	1	0	0	0	0	0	0	0	4	86	255	0	0	0	0	0	0	0	0	0	0	0	0	0	0	0	0	0	0	0	0	0	0	0	0	0	0	0	0	2	0	0	1	0	0	0	0	0	99	0	42	2	100	0	31	5	100	0	49	2	100	0	47	2	100	0	32	1	10	0	0	0	0	0	0	0	0	0	0	0	0	0	0	0	0	0	0	0	0	0	0	0	0	0	1	0	0	0	0	0	0	0	0	0	0	0	0	0	0	0	0	0	0	0	0	0	0	0	0	0	0	0	0	0	0	0	0	0	0	0	0	0	0	0	0	0	0	0	0	0	0	0	0	0	
	60344	1	2	엘리용_은밀한암살자코스튬(강화판)	44133	1	69DDA0	43077	44079	85871	0	86055	39918	0	20064	0	911	0	Null	0	Null	0	25355	0	0	1	0	0	0	0	0	0	0	4	86	255	0	0	0	0	0	0	0	0	0	0	0	0	0	0	0	0	0	0	0	0	0	0	0	0	0	0	0	0	1	0	0	0	0	1	0	0	0	99	0	42	2	100	0	31	5	100	0	49	2	100	0	47	2	100	0	32	1	10	0	0	0	0	0	0	0	0	0	0	0	0	0	0	0	0	0	0	0	0	0	3	0	0	0	1	0	0	0	0	0	0	0	0	0	0	0	0	0	0	0	0	0	0	0	0	0	0	0	0	0	0	0	0	0	0	0	0	0	0	0	0	0	0	0	0	0	0	0	0	0	0	0	0	0	
	60345	1	2	사내지급용_발키리용_붉은예복코스튬(강화판)	44128	1	69DDA0	43077	44079	85868	0	86052	39918	0	20064	0	911	0	Null	0	Null	0	25355	0	0	1	0	0	0	0	0	0	0	4	263	255	0	0	0	0	0	0	0	0	0	0	0	0	0	0	0	0	0	0	0	0	0	0	0	0	0	0	0	0	1	0	0	0	1	0	0	0	0	99	0	42	2	100	0	31	5	100	0	49	2	100	0	47	2	100	0	32	1	10	0	0	0	0	0	0	0	0	0	0	0	0	0	0	0	0	0	0	0	0	0	0	0	0	0	1	0	0	0	0	0	0	0	0	0	0	0	0	0	0	0	0	0	0	0	0	0	0	0	0	0	0	0	0	0	0	0	0	0	0	0	0	0	0	0	0	0	0	0	0	0	0	0	0	0	
	60346	1	2	사내지급용_버서커용_말괄량이카우걸코스튬(강화판)	44129	1	69DDA0	43077	44078	0	85869	86053	39918	0	20064	0	911	0	Null	0	Null	0	25355	0	0	1	0	0	0	0	0	0	0	4	263	255	0	0	0	0	0	0	0	0	0	0	0	0	0	0	0	0	0	0	0	0	0	0	0	0	0	0	0	0	2	1	0	0	0	0	0	0	0	99	0	42	2	100	0	31	5	100	0	49	2	100	0	47	2	100	0	32	1	10	0	0	0	0	0	0	0	0	0	0	0	0	0	0	0	0	0	0	0	0	0	0	2	0	0	1	0	0	0	0	0	0	0	0	0	0	0	0	0	0	0	0	0	0	0	0	0	0	0	0	0	0	0	0	0	0	0	0	0	0	0	0	0	0	0	0	0	0	0	0	0	0	0	0	0	
	60347	1	2	사내지급용_드래곤나이트용_말괄량이카우걸코스튬(강화판)	44130	1	69DDA0	43077	44078	0	85869	86053	39918	0	20064	0	911	0	Null	0	Null	0	25355	0	0	1	0	0	0	0	0	0	0	4	263	255	0	0	0	0	0	0	0	0	0	0	0	0	0	0	0	0	0	0	0	0	0	0	0	0	0	0	0	0	2	0	1	0	0	0	0	0	0	99	0	42	2	100	0	31	5	100	0	49	2	100	0	47	2	100	0	32	1	10	0	0	0	0	0	0	0	0	0	0	0	0	0	0	0	0	0	0	0	0	0	0	2	0	0	1	0	0	0	0	0	0	0	0	0	0	0	0	0	0	0	0	0	0	0	0	0	0	0	0	0	0	0	0	0	0	0	0	0	0	0	0	0	0	0	0	0	0	0	0	0	0	0	0	0	
	60348	1	2	사내지급용_섀도우용_붉은예복코스튬(강화판)	44132	1	69DDA0	43077	44078	0	85870	86054	39918	0	20064	0	911	0	Null	0	Null	0	25355	0	0	1	0	0	0	0	0	0	0	4	263	255	0	0	0	0	0	0	0	0	0	0	0	0	0	0	0	0	0	0	0	0	0	0	0	0	0	0	0	0	2	0	0	1	0	0	0	0	0	99	0	42	2	100	0	31	5	100	0	49	2	100	0	47	2	100	0	32	1	10	0	0	0	0	0	0	0	0	0	0	0	0	0	0	0	0	0	0	0	0	0	0	0	0	0	1	0	0	0	0	0	0	0	0	0	0	0	0	0	0	0	0	0	0	0	0	0	0	0	0	0	0	0	0	0	0	0	0	0	0	0	0	0	0	0	0	0	0	0	0	0	0	0	0	0	
	60349	1	2	사내지급용_엘리용_은밀한암살자코스튬(강화판)	44133	1	69DDA0	43077	44079	85871	0	86055	39918	0	20064	0	911	0	Null	0	Null	0	25355	0	0	1	0	0	0	0	0	0	0	4	263	255	0	0	0	0	0	0	0	0	0	0	0	0	0	0	0	0	0	0	0	0	0	0	0	0	0	0	0	0	1	0	0	0	0	1	0	0	0	99	0	42	2	100	0	31	5	100	0	49	2	100	0	47	2	100	0	32	1	10	0	0	0	0	0	0	0	0	0	0	0	0	0	0	0	0	0	0	0	0	0	3	0	0	0	1	0	0	0	0	0	0	0	0	0	0	0	0	0	0	0	0	0	0	0	0	0	0	0	0	0	0	0	0	0	0	0	0	0	0	0	0	0	0	0	0	0	0	0	0	0	0	0	0	0	
	60352	1	2	헬로이드용_블러드아이언코스튬(기간제)	43105	1	69DDA0	43077	44079	85874	0	86050	39918	0	20064	0	911	0	Null	0	Null	0	25355	0	0	1	0	0	0	0	0	0	0	4	295	255	0	0	0	0	0	0	0	0	0	0	0	0	0	0	0	0	0	0	0	0	0	0	0	0	0	0	0	0	1	0	0	0	0	0	0	1	0	99	0	49	2	100	0	47	2	100	0	32	1	7	0	0	0	0	0	0	0	0	0	0	0	0	0	0	0	0	0	0	0	0	0	0	0	0	0	0	0	0	0	3	0	0	0	1	0	0	0	0	0	0	0	0	0	0	0	0	0	0	0	0	0	0	0	0	0	0	0	0	0	0	0	0	0	0	0	0	0	0	0	0	0	0	0	0	0	0	0	0	0	0	0	0	0	
	60353	1	0	버서커_사제(무제한)	43157	1	69DDA0	43077	44077	85807	85836	85844	39918	0	20064	0	911	0	Null	0	Null	0	25355	0	0	1	0	0	0	0	0	0	0	4	6	255	0	0	0	0	0	0	0	0	0	0	0	0	0	0	0	0	0	0	0	0	0	0	0	0	0	0	0	0	0	1	0	0	0	0	0	0	0	99	0	49	2	100	0	47	2	100	0	32	1	7	0	0	0	0	0	0	0	0	0	0	0	0	0	0	0	0	0	0	0	0	0	0	0	0	0	0	0	0	0	0	0	0	0	1	0	0	0	0	0	0	0	0	0	0	0	0	0	0	0	0	0	0	0	0	0	0	0	0	0	0	0	0	0	0	0	0	0	0	0	0	0	0	0	0	0	0	0	0	0	0	0	0	0	
	60354	1	0	드래곤나이트_사제(무제한)	43158	1	69DDA0	43077	44077	85814	85836	85844	39918	0	20064	0	911	0	Null	0	Null	0	25355	0	0	1	0	0	0	0	0	0	0	4	6	255	0	0	0	0	0	0	0	0	0	0	0	0	0	0	0	0	0	0	0	0	0	0	0	0	0	0	0	0	0	0	1	0	0	0	0	0	0	99	0	49	2	100	0	47	2	100	0	32	1	7	0	0	0	0	0	0	0	0	0	0	0	0	0	0	0	0	0	0	0	0	0	0	0	0	0	0	0	0	0	0	0	0	0	1	0	0	0	0	0	0	0	0	0	0	0	0	0	0	0	0	0	0	0	0	0	0	0	0	0	0	0	0	0	0	0	0	0	0	0	0	0	0	0	0	0	0	0	0	0	0	0	0	0	
	60355	1	0	섀도우_사제(무제한)	43159	1	69DDA0	43077	44077	85821	85828	85844	39918	0	20064	0	911	0	Null	0	Null	0	25355	0	0	1	0	0	0	0	0	0	0	4	6	255	0	0	0	0	0	0	0	0	0	0	0	0	0	0	0	0	0	0	0	0	0	0	0	0	0	0	0	0	0	0	0	1	0	0	0	0	0	99	0	49	2	100	0	47	2	100	0	32	1	7	0	0	0	0	0	0	0	0	0	0	0	0	0	0	0	0	0	0	0	0	0	0	0	0	0	0	0	0	0	0	0	0	0	1	0	0	0	0	0	0	0	0	0	0	0	0	0	0	0	0	0	0	0	0	0	0	0	0	0	0	0	0	0	0	0	0	0	0	0	0	0	0	0	0	0	0	0	0	0	0	0	0	0	
	60356	1	0	엘리멘탈리스트_수녀(무제한)	43161	1	69DDA0	43077	44077	85821	85828	85865	39918	0	20064	0	911	0	Null	0	Null	0	25355	0	0	1	0	0	0	0	0	0	0	4	6	255	0	0	0	0	0	0	0	0	0	0	0	0	0	0	0	0	0	0	0	0	0	0	0	0	0	0	0	0	0	0	0	0	0	1	0	0	0	99	0	49	2	100	0	47	2	100	0	32	1	7	0	0	0	0	0	0	0	0	0	0	0	0	0	0	0	0	0	0	0	0	0	0	0	0	0	0	0	0	0	3	3	0	0	1	0	0	0	0	0	0	0	0	0	0	0	0	0	0	0	0	0	0	0	0	0	0	0	0	0	0	0	0	0	0	0	0	0	0	0	0	0	0	0	0	0	0	0	0	0	0	0	0	0	
	60357	1	0	발키리_수녀(무제한)	43160	1	69DDA0	43077	44077	85814	85836	85865	39918	0	20064	0	911	0	Null	0	Null	0	25355	0	0	1	0	0	0	0	0	0	0	4	6	255	0	0	0	0	0	0	0	0	0	0	0	0	0	0	0	0	0	0	0	0	0	0	0	0	0	0	0	0	0	0	0	0	1	0	0	0	0	99	0	49	2	100	0	47	2	100	0	32	1	7	0	0	0	0	0	0	0	0	0	0	0	0	0	0	0	0	0	0	0	0	0	0	0	0	0	0	0	0	0	3	3	0	0	1	0	0	0	0	0	0	0	0	0	0	0	0	0	0	0	0	0	0	0	0	0	0	0	0	0	0	0	0	0	0	0	0	0	0	0	0	0	0	0	0	0	0	0	0	0	0	0	0	0	
	60358	1	0	미스틱용_분홍색_드레스(무제한)	43162	1	69DDA0	43077	44078	0	86034	86037	39918	0	20064	0	911	0	Null	0	Null	0	25355	0	0	1	0	0	0	0	0	0	0	4	6	255	0	0	0	0	0	0	0	0	0	0	0	0	0	0	0	0	0	0	0	0	0	0	0	0	0	0	0	0	0	0	0	0	0	0	1	0	0	99	0	49	2	100	0	47	2	100	0	32	1	7	0	0	0	0	0	0	0	0	0	0	0	0	0	0	0	0	0	0	0	0	0	0	0	0	0	0	0	0	0	0	0	0	0	1	0	0	0	0	0	0	0	0	0	0	0	0	0	0	0	0	0	0	0	0	0	0	0	0	0	0	0	0	0	0	0	0	0	0	0	0	0	0	0	0	0	0	0	0	0	0	0	0	0	
	60359	1	0	헬로이드용_블러드아이언코스튬(무제한)	43163	1	69DDA0	43077	44079	85874	0	86050	39918	0	20064	0	911	0	Null	0	Null	0	25355	0	0	1	0	0	0	0	0	0	0	4	6	255	0	0	0	0	0	0	0	0	0	0	0	0	0	0	0	0	0	0	0	0	0	0	0	0	0	0	0	0	1	0	0	0	0	0	0	1	0	99	0	49	2	100	0	47	2	100	0	32	1	7	0	0	0	0	0	0	0	0	0	0	0	0	0	0	0	0	0	0	0	0	0	0	0	0	0	0	0	0	0	3	0	0	0	1	0	0	0	0	0	0	0	0	0	0	0	0	0	0	0	0	0	0	0	0	0	0	0	0	0	0	0	0	0	0	0	0	0	0	0	0	0	0	0	0	0	0	0	0	0	0	0	0	0	
	60360	1	0	버서커_사제(한정판)(무제한)	44157	1	69DDA0	43077	44077	85807	85836	86027	39918	0	20064	0	911	0	Null	0	Null	0	25355	0	0	1	0	0	0	0	0	0	0	4	6	255	0	0	0	0	0	0	0	0	0	0	0	0	0	0	0	0	0	0	0	0	0	0	0	0	0	0	0	0	0	1	0	0	0	0	0	0	0	99	0	42	2	100	0	31	5	100	0	49	2	100	0	47	2	100	0	32	1	10	0	0	0	0	0	0	0	0	0	0	0	0	0	0	0	0	0	0	0	0	0	0	0	0	0	1	0	0	0	0	0	0	0	0	0	0	0	0	0	0	0	0	0	0	0	0	0	0	0	0	0	0	0	0	0	0	0	0	0	0	0	0	0	0	0	0	0	0	0	0	0	0	0	0	0	
	60361	1	0	드래곤나이트_사제(한정판)(무제한)	44158	1	69DDA0	43077	44077	85814	85836	86027	39918	0	20064	0	911	0	Null	0	Null	0	25355	0	0	1	0	0	0	0	0	0	0	4	6	255	0	0	0	0	0	0	0	0	0	0	0	0	0	0	0	0	0	0	0	0	0	0	0	0	0	0	0	0	0	0	1	0	0	0	0	0	0	99	0	42	2	100	0	31	5	100	0	49	2	100	0	47	2	100	0	32	1	10	0	0	0	0	0	0	0	0	0	0	0	0	0	0	0	0	0	0	0	0	0	0	0	0	0	1	0	0	0	0	0	0	0	0	0	0	0	0	0	0	0	0	0	0	0	0	0	0	0	0	0	0	0	0	0	0	0	0	0	0	0	0	0	0	0	0	0	0	0	0	0	0	0	0	0	
	60362	1	0	섀도우_사제(한정판)(무제한)	44159	1	69DDA0	43077	44077	85821	85828	86027	39918	0	20064	0	911	0	Null	0	Null	0	25355	0	0	1	0	0	0	0	0	0	0	4	6	255	0	0	0	0	0	0	0	0	0	0	0	0	0	0	0	0	0	0	0	0	0	0	0	0	0	0	0	0	0	0	0	1	0	0	0	0	0	99	0	42	2	100	0	31	5	100	0	49	2	100	0	47	2	100	0	32	1	10	0	0	0	0	0	0	0	0	0	0	0	0	0	0	0	0	0	0	0	0	0	0	0	0	0	1	0	0	0	0	0	0	0	0	0	0	0	0	0	0	0	0	0	0	0	0	0	0	0	0	0	0	0	0	0	0	0	0	0	0	0	0	0	0	0	0	0	0	0	0	0	0	0	0	0	
	60363	1	0	엘리멘탈리스트_수녀(한정판)(무제한)	44160	1	69DDA0	43077	44077	85821	85828	86032	39918	0	20064	0	911	0	Null	0	Null	0	25355	0	0	1	0	0	0	0	0	0	0	4	6	255	0	0	0	0	0	0	0	0	0	0	0	0	0	0	0	0	0	0	0	0	0	0	0	0	0	0	0	0	0	0	0	0	0	1	0	0	0	99	0	42	2	100	0	31	5	100	0	49	2	100	0	47	2	100	0	32	1	10	0	0	0	0	0	0	0	0	0	0	0	0	0	0	0	0	0	0	0	0	0	3	3	0	0	1	0	0	0	0	0	0	0	0	0	0	0	0	0	0	0	0	0	0	0	0	0	0	0	0	0	0	0	0	0	0	0	0	0	0	0	0	0	0	0	0	0	0	0	0	0	0	0	0	0	
	60364	1	0	발키리_수녀(한정판)(무제한)	44161	1	69DDA0	43077	44077	85814	85836	86032	39918	0	20064	0	911	0	Null	0	Null	0	25355	0	0	1	0	0	0	0	0	0	0	4	6	255	0	0	0	0	0	0	0	0	0	0	0	0	0	0	0	0	0	0	0	0	0	0	0	0	0	0	0	0	0	0	0	0	1	0	0	0	0	99	0	42	2	100	0	31	5	100	0	49	2	100	0	47	2	100	0	32	1	10	0	0	0	0	0	0	0	0	0	0	0	0	0	0	0	0	0	0	0	0	0	3	3	0	0	1	0	0	0	0	0	0	0	0	0	0	0	0	0	0	0	0	0	0	0	0	0	0	0	0	0	0	0	0	0	0	0	0	0	0	0	0	0	0	0	0	0	0	0	0	0	0	0	0	0	
	60365	1	0	[강화판]미스틱용_분홍색_드레스(무제한)	44162	1	69DDA0	43077	44078	0	86034	86040	39918	0	20064	0	911	0	Null	0	Null	0	25355	0	0	1	0	0	0	0	0	0	0	4	6	255	0	0	0	0	0	0	0	0	0	0	0	0	0	0	0	0	0	0	0	0	0	0	0	0	0	0	0	0	0	0	0	0	0	0	1	0	0	99	0	42	2	100	0	31	5	100	0	49	2	100	0	47	2	100	0	32	1	10	0	0	0	0	0	0	0	0	0	0	0	0	0	0	0	0	0	0	0	0	0	0	0	0	0	1	0	0	0	0	0	0	0	0	0	0	0	0	0	0	0	0	0	0	0	0	0	0	0	0	0	0	0	0	0	0	0	0	0	0	0	0	0	0	0	0	0	0	0	0	0	0	0	0	0	
	60366	1	0	헬로이드용_블러드아이언코스튬(강화판)(무제한)	44163	1	69DDA0	43077	44079	85874	0	86058	39918	0	20064	0	911	0	Null	0	Null	0	25355	0	0	1	0	0	0	0	0	0	0	4	6	255	0	0	0	0	0	0	0	0	0	0	0	0	0	0	0	0	0	0	0	0	0	0	0	0	0	0	0	0	1	0	0	0	0	0	0	1	0	99	0	42	2	100	0	31	5	100	0	49	2	100	0	47	2	100	0	32	1	10	0	0	0	0	0	0	0	0	0	0	0	0	0	0	0	0	0	0	0	0	0	3	0	0	0	1	0	0	0	0	0	0	0	0	0	0	0	0	0	0	0	0	0	0	0	0	0	0	0	0	0	0	0	0	0	0	0	0	0	0	0	0	0	0	0	0	0	0	0	0	0	0	0	0	0	
	60604	1	2	버서커용_해적코스튬(기간제)	44186	1	69DDA0	43077	44077	86089	86091	86075	39918	0	20064	0	911	0	Null	0	Null	0	25355	0	0	1	0	0	0	0	0	0	0	4	86	255	0	0	0	0	0	0	0	0	0	0	0	0	0	0	0	0	0	0	0	0	0	0	0	0	0	0	0	0	0	1	0	0	0	0	0	0	0	99	0	49	2	100	0	47	2	100	0	32	1	7	0	0	0	0	0	0	0	0	0	0	0	0	0	0	0	0	0	0	0	0	0	0	0	0	0	0	0	0	0	3	0	0	0	1	0	0	0	0	0	0	0	0	0	0	0	0	0	0	0	0	0	0	0	0	0	0	0	0	0	0	0	0	0	0	0	0	0	0	0	0	0	0	0	0	0	0	0	0	0	0	0	0	0	
	60605	1	2	드래곤나이트용_해적코스튬(기간제)	44187	1	69DDA0	43077	44077	86090	86091	86076	39918	0	20064	0	911	0	Null	0	Null	0	25355	0	0	1	0	0	0	0	0	0	0	4	86	255	0	0	0	0	0	0	0	0	0	0	0	0	0	0	0	0	0	0	0	0	0	0	0	0	0	0	0	0	0	0	1	0	0	0	0	0	0	99	0	49	2	100	0	47	2	100	0	32	1	7	0	0	0	0	0	0	0	0	0	0	0	0	0	0	0	0	0	0	0	0	0	0	0	0	0	0	0	0	0	3	0	0	0	1	0	0	0	0	0	0	0	0	0	0	0	0	0	0	0	0	0	0	0	0	0	0	0	0	0	0	0	0	0	0	0	0	0	0	0	0	0	0	0	0	0	0	0	0	0	0	0	0	0	
	60606	1	2	발키리용_해적코스튬(기간제)	44188	1	69DDA0	43077	44077	86090	86091	86077	39918	0	20064	0	911	0	Null	0	Null	0	25355	0	0	1	0	0	0	0	0	0	0	4	86	255	0	0	0	0	0	0	0	0	0	0	0	0	0	0	0	0	0	0	0	0	0	0	0	0	0	0	0	0	0	0	0	0	1	0	0	0	0	99	0	49	2	100	0	47	2	100	0	32	1	7	0	0	0	0	0	0	0	0	0	0	0	0	0	0	0	0	0	0	0	0	0	0	0	0	0	0	0	0	0	3	0	0	0	1	0	0	0	0	0	0	0	0	0	0	0	0	0	0	0	0	0	0	0	0	0	0	0	0	0	0	0	0	0	0	0	0	0	0	0	0	0	0	0	0	0	0	0	0	0	0	0	0	0	
	60607	1	2	엘리용_해적코스튬(기간제)	44189	1	69DDA0	43077	44077	86093	86092	86078	39918	0	20064	0	911	0	Null	0	Null	0	25355	0	0	1	0	0	0	0	0	0	0	4	86	255	0	0	0	0	0	0	0	0	0	0	0	0	0	0	0	0	0	0	0	0	0	0	0	0	0	0	0	0	0	0	0	0	0	1	0	0	0	99	0	49	2	100	0	47	2	100	0	32	1	7	0	0	0	0	0	0	0	0	0	0	0	0	0	0	0	0	0	0	0	0	0	0	0	0	0	0	0	0	0	3	0	0	0	1	0	0	0	0	0	0	0	0	0	0	0	0	0	0	0	0	0	0	0	0	0	0	0	0	0	0	0	0	0	0	0	0	0	0	0	0	0	0	0	0	0	0	0	0	0	0	0	0	0	
	60608	1	2	섀도우용_해적코스튬(기간제)	44190	1	69DDA0	43077	44077	86093	86092	86079	39918	0	20064	0	911	0	Null	0	Null	0	25355	0	0	1	0	0	0	0	0	0	0	4	86	255	0	0	0	0	0	0	0	0	0	0	0	0	0	0	0	0	0	0	0	0	0	0	0	0	0	0	0	0	0	0	0	1	0	0	0	0	0	99	0	49	2	100	0	47	2	100	0	32	1	7	0	0	0	0	0	0	0	0	0	0	0	0	0	0	0	0	0	0	0	0	0	0	0	0	0	0	0	0	0	3	0	0	0	1	0	0	0	0	0	0	0	0	0	0	0	0	0	0	0	0	0	0	0	0	0	0	0	0	0	0	0	0	0	0	0	0	0	0	0	0	0	0	0	0	0	0	0	0	0	0	0	0	0	
	60609	1	2	미스틱용_해적코스튬(기간제)	44191	1	69DDA0	43077	44077	0	86094	86080	39918	0	20064	0	911	0	Null	0	Null	0	25355	0	0	1	0	0	0	0	0	0	0	4	86	255	0	0	0	0	0	0	0	0	0	0	0	0	0	0	0	0	0	0	0	0	0	0	0	0	0	0	0	0	2	0	0	0	0	0	1	0	0	99	0	49	2	100	0	47	2	100	0	32	1	7	0	0	0	0	0	0	0	0	0	0	0	0	0	0	0	0	0	0	0	0	0	0	0	0	0	0	0	0	0	0	0	0	0	1	0	0	0	0	0	0	0	0	0	0	0	0	0	0	0	0	0	0	0	0	0	0	0	0	0	0	0	0	0	0	0	0	0	0	0	0	0	0	0	0	0	0	0	0	0	0	0	0	0	
	60610	1	2	헬로이드용_로열가드코스튬(기간제)	44192	1	69DDA0	43077	44077	86095	0	86081	39918	0	20064	0	911	0	Null	0	Null	0	25355	0	0	1	0	0	0	0	0	0	0	4	86	255	0	0	0	0	0	0	0	0	0	0	0	0	0	0	0	0	0	0	0	0	0	0	0	0	0	0	0	0	1	0	0	0	0	0	0	1	0	99	0	49	2	100	0	47	2	100	0	32	1	7	0	0	0	0	0	0	0	0	0	0	0	0	0	0	0	0	0	0	0	0	0	0	0	0	0	0	0	0	0	3	0	0	0	1	0	0	0	0	0	0	0	0	0	0	0	0	0	0	0	0	0	0	0	0	0	0	0	0	0	0	0	0	0	0	0	0	0	0	0	0	0	0	0	0	0	0	0	0	0	0	0	0	0	
	60611	1	2	버서커용_해적코스튬(강화판)	44193	1	69DDA0	43077	44077	86089	86091	86082	39918	0	20064	0	911	0	Null	0	Null	0	25355	0	0	1	0	0	0	0	0	0	0	4	86	255	0	0	0	0	0	0	0	0	0	0	0	0	0	0	0	0	0	0	0	0	0	0	0	0	0	0	0	0	0	1	0	0	0	0	0	0	0	99	0	42	2	100	0	31	5	100	0	49	2	100	0	47	2	100	0	32	1	10	0	0	0	0	0	0	0	0	0	0	0	0	0	0	0	0	0	0	0	0	0	3	0	0	0	1	0	0	0	0	0	0	0	0	0	0	0	0	0	0	0	0	0	0	0	0	0	0	0	0	0	0	0	0	0	0	0	0	0	0	0	0	0	0	0	0	0	0	0	0	0	0	0	0	0	
	60612	1	2	드래곤나이트용_해적코스튬(강화판)	44194	1	69DDA0	43077	44077	86090	86091	86083	39918	0	20064	0	911	0	Null	0	Null	0	25355	0	0	1	0	0	0	0	0	0	0	4	86	255	0	0	0	0	0	0	0	0	0	0	0	0	0	0	0	0	0	0	0	0	0	0	0	0	0	0	0	0	0	0	1	0	0	0	0	0	0	99	0	42	2	100	0	31	5	100	0	49	2	100	0	47	2	100	0	32	1	10	0	0	0	0	0	0	0	0	0	0	0	0	0	0	0	0	0	0	0	0	0	3	0	0	0	1	0	0	0	0	0	0	0	0	0	0	0	0	0	0	0	0	0	0	0	0	0	0	0	0	0	0	0	0	0	0	0	0	0	0	0	0	0	0	0	0	0	0	0	0	0	0	0	0	0	
	60613	1	2	발키리용_해적코스튬(강화판)	44195	1	69DDA0	43077	44077	86090	86091	86084	39918	0	20064	0	911	0	Null	0	Null	0	25355	0	0	1	0	0	0	0	0	0	0	4	86	255	0	0	0	0	0	0	0	0	0	0	0	0	0	0	0	0	0	0	0	0	0	0	0	0	0	0	0	0	0	0	0	0	1	0	0	0	0	99	0	42	2	100	0	31	5	100	0	49	2	100	0	47	2	100	0	32	1	10	0	0	0	0	0	0	0	0	0	0	0	0	0	0	0	0	0	0	0	0	0	3	0	0	0	1	0	0	0	0	0	0	0	0	0	0	0	0	0	0	0	0	0	0	0	0	0	0	0	0	0	0	0	0	0	0	0	0	0	0	0	0	0	0	0	0	0	0	0	0	0	0	0	0	0	
	60614	1	2	엘리용_해적코스튬(강화판)	44196	1	69DDA0	43077	44077	86093	86092	86085	39918	0	20064	0	911	0	Null	0	Null	0	25355	0	0	1	0	0	0	0	0	0	0	4	86	255	0	0	0	0	0	0	0	0	0	0	0	0	0	0	0	0	0	0	0	0	0	0	0	0	0	0	0	0	0	0	0	0	0	1	0	0	0	99	0	42	2	100	0	31	5	100	0	49	2	100	0	47	2	100	0	32	1	10	0	0	0	0	0	0	0	0	0	0	0	0	0	0	0	0	0	0	0	0	0	3	0	0	0	1	0	0	0	0	0	0	0	0	0	0	0	0	0	0	0	0	0	0	0	0	0	0	0	0	0	0	0	0	0	0	0	0	0	0	0	0	0	0	0	0	0	0	0	0	0	0	0	0	0	
	60615	1	2	섀도우용_해적코스튬(강화판)	44197	1	69DDA0	43077	44077	86093	86092	86086	39918	0	20064	0	911	0	Null	0	Null	0	25355	0	0	1	0	0	0	0	0	0	0	4	86	255	0	0	0	0	0	0	0	0	0	0	0	0	0	0	0	0	0	0	0	0	0	0	0	0	0	0	0	0	0	0	0	1	0	0	0	0	0	99	0	42	2	100	0	31	5	100	0	49	2	100	0	47	2	100	0	32	1	10	0	0	0	0	0	0	0	0	0	0	0	0	0	0	0	0	0	0	0	0	0	3	0	0	0	1	0	0	0	0	0	0	0	0	0	0	0	0	0	0	0	0	0	0	0	0	0	0	0	0	0	0	0	0	0	0	0	0	0	0	0	0	0	0	0	0	0	0	0	0	0	0	0	0	0	
	60616	1	2	미스틱용_해적코스튬(강화판)	44198	1	69DDA0	43077	44077	0	86094	86087	39918	0	20064	0	911	0	Null	0	Null	0	25355	0	0	1	0	0	0	0	0	0	0	4	86	255	0	0	0	0	0	0	0	0	0	0	0	0	0	0	0	0	0	0	0	0	0	0	0	0	0	0	0	0	2	0	0	0	0	0	1	0	0	99	0	42	2	100	0	31	5	100	0	49	2	100	0	47	2	100	0	32	1	10	0	0	0	0	0	0	0	0	0	0	0	0	0	0	0	0	0	0	0	0	0	0	0	0	0	1	0	0	0	0	0	0	0	0	0	0	0	0	0	0	0	0	0	0	0	0	0	0	0	0	0	0	0	0	0	0	0	0	0	0	0	0	0	0	0	0	0	0	0	0	0	0	0	0	0	
	60617	1	2	헬로이드용_로열가드코스튬(강화판)	44199	1	69DDA0	43077	44077	86095	0	86088	39918	0	20064	0	911	0	Null	0	Null	0	25355	0	0	1	0	0	0	0	0	0	0	4	86	255	0	0	0	0	0	0	0	0	0	0	0	0	0	0	0	0	0	0	0	0	0	0	0	0	0	0	0	0	1	0	0	0	0	0	0	1	0	99	0	42	2	100	0	31	5	100	0	49	2	100	0	47	2	100	0	32	1	10	0	0	0	0	0	0	0	0	0	0	0	0	0	0	0	0	0	0	0	0	0	3	0	0	0	1	0	0	0	0	0	0	0	0	0	0	0	0	0	0	0	0	0	0	0	0	0	0	0	0	0	0	0	0	0	0	0	0	0	0	0	0	0	0	0	0	0	0	0	0	0	0	0	0	0	
	60618	1	0	버서커용_해적코스튬_영구	44215	1	69DDA0	43077	44077	86089	86091	86075	39918	0	20064	0	911	0	Null	0	Null	0	25355	0	0	1	0	0	0	0	0	0	0	4	6	255	0	0	0	0	0	0	0	0	0	0	0	0	0	0	0	0	0	0	0	0	0	0	0	0	0	0	0	0	0	1	0	0	0	0	0	0	0	99	0	49	2	100	0	47	2	100	0	32	1	7	0	0	0	0	0	0	0	0	0	0	0	0	0	0	0	0	0	0	0	0	0	0	0	0	0	0	0	0	0	3	0	0	0	1	0	0	0	0	0	0	0	0	0	0	0	0	0	0	0	0	0	0	0	0	0	0	0	0	0	0	0	0	0	0	0	0	0	0	0	0	0	0	0	0	0	0	0	0	0	0	0	0	0	
	60619	1	0	드래곤나이트용_해적코스튬_영구	44216	1	69DDA0	43077	44077	86090	86091	86076	39918	0	20064	0	911	0	Null	0	Null	0	25355	0	0	1	0	0	0	0	0	0	0	4	6	255	0	0	0	0	0	0	0	0	0	0	0	0	0	0	0	0	0	0	0	0	0	0	0	0	0	0	0	0	0	0	1	0	0	0	0	0	0	99	0	49	2	100	0	47	2	100	0	32	1	7	0	0	0	0	0	0	0	0	0	0	0	0	0	0	0	0	0	0	0	0	0	0	0	0	0	0	0	0	0	3	0	0	0	1	0	0	0	0	0	0	0	0	0	0	0	0	0	0	0	0	0	0	0	0	0	0	0	0	0	0	0	0	0	0	0	0	0	0	0	0	0	0	0	0	0	0	0	0	0	0	0	0	0	
	60620	1	0	발키리용_해적코스튬_영구	44217	1	69DDA0	43077	44077	86090	86091	86077	39918	0	20064	0	911	0	Null	0	Null	0	25355	0	0	1	0	0	0	0	0	0	0	4	6	255	0	0	0	0	0	0	0	0	0	0	0	0	0	0	0	0	0	0	0	0	0	0	0	0	0	0	0	0	0	0	0	0	1	0	0	0	0	99	0	49	2	100	0	47	2	100	0	32	1	7	0	0	0	0	0	0	0	0	0	0	0	0	0	0	0	0	0	0	0	0	0	0	0	0	0	0	0	0	0	3	0	0	0	1	0	0	0	0	0	0	0	0	0	0	0	0	0	0	0	0	0	0	0	0	0	0	0	0	0	0	0	0	0	0	0	0	0	0	0	0	0	0	0	0	0	0	0	0	0	0	0	0	0	
	60621	1	0	엘리용_해적코스튬_영구	44218	1	69DDA0	43077	44077	86093	86092	86078	39918	0	20064	0	911	0	Null	0	Null	0	25355	0	0	1	0	0	0	0	0	0	0	4	6	255	0	0	0	0	0	0	0	0	0	0	0	0	0	0	0	0	0	0	0	0	0	0	0	0	0	0	0	0	0	0	0	0	0	1	0	0	0	99	0	49	2	100	0	47	2	100	0	32	1	7	0	0	0	0	0	0	0	0	0	0	0	0	0	0	0	0	0	0	0	0	0	0	0	0	0	0	0	0	0	3	0	0	0	1	0	0	0	0	0	0	0	0	0	0	0	0	0	0	0	0	0	0	0	0	0	0	0	0	0	0	0	0	0	0	0	0	0	0	0	0	0	0	0	0	0	0	0	0	0	0	0	0	0	
	60622	1	0	섀도우용_해적코스튬_영구	44219	1	69DDA0	43077	44077	86093	86092	86079	39918	0	20064	0	911	0	Null	0	Null	0	25355	0	0	1	0	0	0	0	0	0	0	4	6	255	0	0	0	0	0	0	0	0	0	0	0	0	0	0	0	0	0	0	0	0	0	0	0	0	0	0	0	0	0	0	0	1	0	0	0	0	0	99	0	49	2	100	0	47	2	100	0	32	1	7	0	0	0	0	0	0	0	0	0	0	0	0	0	0	0	0	0	0	0	0	0	0	0	0	0	0	0	0	0	3	0	0	0	1	0	0	0	0	0	0	0	0	0	0	0	0	0	0	0	0	0	0	0	0	0	0	0	0	0	0	0	0	0	0	0	0	0	0	0	0	0	0	0	0	0	0	0	0	0	0	0	0	0	
	60623	1	0	미스틱용_해적코스튬_영구	44220	1	69DDA0	43077	44077	0	86094	86080	39918	0	20064	0	911	0	Null	0	Null	0	25355	0	0	1	0	0	0	0	0	0	0	4	6	255	0	0	0	0	0	0	0	0	0	0	0	0	0	0	0	0	0	0	0	0	0	0	0	0	0	0	0	0	2	0	0	0	0	0	1	0	0	99	0	49	2	100	0	47	2	100	0	32	1	7	0	0	0	0	0	0	0	0	0	0	0	0	0	0	0	0	0	0	0	0	0	0	0	0	0	0	0	0	0	0	0	0	0	1	0	0	0	0	0	0	0	0	0	0	0	0	0	0	0	0	0	0	0	0	0	0	0	0	0	0	0	0	0	0	0	0	0	0	0	0	0	0	0	0	0	0	0	0	0	0	0	0	0	
	60624	1	0	헬로이드용_로열가드코스튬_영구	44221	1	69DDA0	43077	44077	86095	0	86081	39918	0	20064	0	911	0	Null	0	Null	0	25355	0	0	1	0	0	0	0	0	0	0	4	6	255	0	0	0	0	0	0	0	0	0	0	0	0	0	0	0	0	0	0	0	0	0	0	0	0	0	0	0	0	1	0	0	0	0	0	0	1	0	99	0	49	2	100	0	47	2	100	0	32	1	7	0	0	0	0	0	0	0	0	0	0	0	0	0	0	0	0	0	0	0	0	0	0	0	0	0	0	0	0	0	3	0	0	0	1	0	0	0	0	0	0	0	0	0	0	0	0	0	0	0	0	0	0	0	0	0	0	0	0	0	0	0	0	0	0	0	0	0	0	0	0	0	0	0	0	0	0	0	0	0	0	0	0	0	
	60625	1	0	버서커용_해적코스튬(강화판)_영구	44222	1	69DDA0	43077	44077	86089	86091	86082	39918	0	20064	0	911	0	Null	0	Null	0	25355	0	0	1	0	0	0	0	0	0	0	4	6	255	0	0	0	0	0	0	0	0	0	0	0	0	0	0	0	0	0	0	0	0	0	0	0	0	0	0	0	0	0	1	0	0	0	0	0	0	0	99	0	42	2	100	0	31	5	100	0	49	2	100	0	47	2	100	0	32	1	10	0	0	0	0	0	0	0	0	0	0	0	0	0	0	0	0	0	0	0	0	0	3	0	0	0	1	0	0	0	0	0	0	0	0	0	0	0	0	0	0	0	0	0	0	0	0	0	0	0	0	0	0	0	0	0	0	0	0	0	0	0	0	0	0	0	0	0	0	0	0	0	0	0	0	0	
	60626	1	0	드래곤나이트용_해적코스튬(강화판)_영구	44223	1	69DDA0	43077	44077	86090	86091	86083	39918	0	20064	0	911	0	Null	0	Null	0	25355	0	0	1	0	0	0	0	0	0	0	4	6	255	0	0	0	0	0	0	0	0	0	0	0	0	0	0	0	0	0	0	0	0	0	0	0	0	0	0	0	0	0	0	1	0	0	0	0	0	0	99	0	42	2	100	0	31	5	100	0	49	2	100	0	47	2	100	0	32	1	10	0	0	0	0	0	0	0	0	0	0	0	0	0	0	0	0	0	0	0	0	0	3	0	0	0	1	0	0	0	0	0	0	0	0	0	0	0	0	0	0	0	0	0	0	0	0	0	0	0	0	0	0	0	0	0	0	0	0	0	0	0	0	0	0	0	0	0	0	0	0	0	0	0	0	0	
	60627	1	0	발키리용_해적코스튬(강화판)_영구	44224	1	69DDA0	43077	44077	86090	86091	86084	39918	0	20064	0	911	0	Null	0	Null	0	25355	0	0	1	0	0	0	0	0	0	0	4	6	255	0	0	0	0	0	0	0	0	0	0	0	0	0	0	0	0	0	0	0	0	0	0	0	0	0	0	0	0	0	0	0	0	1	0	0	0	0	99	0	42	2	100	0	31	5	100	0	49	2	100	0	47	2	100	0	32	1	10	0	0	0	0	0	0	0	0	0	0	0	0	0	0	0	0	0	0	0	0	0	3	0	0	0	1	0	0	0	0	0	0	0	0	0	0	0	0	0	0	0	0	0	0	0	0	0	0	0	0	0	0	0	0	0	0	0	0	0	0	0	0	0	0	0	0	0	0	0	0	0	0	0	0	0	
	60628	1	0	엘리용_해적코스튬(강화판)_영구	44225	1	69DDA0	43077	44077	86093	86092	86085	39918	0	20064	0	911	0	Null	0	Null	0	25355	0	0	1	0	0	0	0	0	0	0	4	6	255	0	0	0	0	0	0	0	0	0	0	0	0	0	0	0	0	0	0	0	0	0	0	0	0	0	0	0	0	0	0	0	0	0	1	0	0	0	99	0	42	2	100	0	31	5	100	0	49	2	100	0	47	2	100	0	32	1	10	0	0	0	0	0	0	0	0	0	0	0	0	0	0	0	0	0	0	0	0	0	3	0	0	0	1	0	0	0	0	0	0	0	0	0	0	0	0	0	0	0	0	0	0	0	0	0	0	0	0	0	0	0	0	0	0	0	0	0	0	0	0	0	0	0	0	0	0	0	0	0	0	0	0	0	
	60629	1	0	섀도우용_해적코스튬(강화판)_영구	44226	1	69DDA0	43077	44077	86093	86092	86086	39918	0	20064	0	911	0	Null	0	Null	0	25355	0	0	1	0	0	0	0	0	0	0	4	6	255	0	0	0	0	0	0	0	0	0	0	0	0	0	0	0	0	0	0	0	0	0	0	0	0	0	0	0	0	0	0	0	1	0	0	0	0	0	99	0	42	2	100	0	31	5	100	0	49	2	100	0	47	2	100	0	32	1	10	0	0	0	0	0	0	0	0	0	0	0	0	0	0	0	0	0	0	0	0	0	3	0	0	0	1	0	0	0	0	0	0	0	0	0	0	0	0	0	0	0	0	0	0	0	0	0	0	0	0	0	0	0	0	0	0	0	0	0	0	0	0	0	0	0	0	0	0	0	0	0	0	0	0	0	
	60630	1	0	미스틱용_해적코스튬(강화판)_영구	44227	1	69DDA0	43077	44077	0	86094	86087	39918	0	20064	0	911	0	Null	0	Null	0	25355	0	0	1	0	0	0	0	0	0	0	4	6	255	0	0	0	0	0	0	0	0	0	0	0	0	0	0	0	0	0	0	0	0	0	0	0	0	0	0	0	0	2	0	0	0	0	0	1	0	0	99	0	42	2	100	0	31	5	100	0	49	2	100	0	47	2	100	0	32	1	10	0	0	0	0	0	0	0	0	0	0	0	0	0	0	0	0	0	0	0	0	0	0	0	0	0	1	0	0	0	0	0	0	0	0	0	0	0	0	0	0	0	0	0	0	0	0	0	0	0	0	0	0	0	0	0	0	0	0	0	0	0	0	0	0	0	0	0	0	0	0	0	0	0	0	0	
	60631	1	0	헬로이드용_로열가드코스튬(강화판)_영구	44228	1	69DDA0	43077	44077	86095	0	86088	39918	0	20064	0	911	0	Null	0	Null	0	25355	0	0	1	0	0	0	0	0	0	0	4	6	255	0	0	0	0	0	0	0	0	0	0	0	0	0	0	0	0	0	0	0	0	0	0	0	0	0	0	0	0	1	0	0	0	0	0	0	1	0	99	0	42	2	100	0	31	5	100	0	49	2	100	0	47	2	100	0	32	1	10	0	0	0	0	0	0	0	0	0	0	0	0	0	0	0	0	0	0	0	0	0	3	0	0	0	1	0	0	0	0	0	0	0	0	0	0	0	0	0	0	0	0	0	0	0	0	0	0	0	0	0	0	0	0	0	0	0	0	0	0	0	0	0	0	0	0	0	0	0	0	0	0	0	0	0	
//남여코스튬분리																																																																																																																																																																									
	60632	1	2	버서커_에텔레인예복(기간제)_남	44048	1	69DDA0	43077	44079	85801	0	85838	39918	0	20064	0	911	0	Null	0	Null	0	25355	0	0	1	0	0	0	0	0	0	0	4	86	255	0	0	0	0	0	0	0	0	0	0	0	0	0	0	0	0	0	0	0	0	0	0	0	0	0	0	0	0	1	1	0	0	0	0	0	0	0	99	0	49	2	100	0	47	2	100	0	32	1	7	0	0	0	0	0	0	0	0	0	0	0	0	0	0	0	0	0	0	0	0	0	0	0	0	0	0	0	0	0	0	0	0	0	1	0	0	0	0	0	0	0	0	0	0	0	0	0	0	0	0	0	0	0	0	0	0	0	0	0	0	0	0	0	0	0	0	0	0	0	0	0	0	0	0	0	0	0	0	0	0	0	0	0	
	60633	1	2	버서커_곰돌이(기간제)_남	43084	1	69DDA0	43077	44079	85802	0	85839	39918	0	20064	0	911	0	Null	0	Null	0	25355	0	0	1	0	0	0	0	0	0	0	4	86	255	0	0	0	0	0	0	0	0	0	0	0	0	0	0	0	0	0	0	0	0	0	0	0	0	0	0	0	0	1	1	0	0	0	0	0	0	0	99	0	49	2	100	0	47	2	100	0	44	5	200	0	0	0	0	0	0	0	0	0	0	0	0	0	0	0	0	0	0	0	0	0	0	0	0	0	0	0	0	0	3	0	0	0	1	0	0	0	0	0	0	0	0	0	0	0	0	0	0	0	0	0	0	0	0	0	0	0	0	0	0	0	0	0	0	0	0	0	0	0	0	0	0	0	0	0	0	0	0	0	0	0	0	0	
	60634	1	2	버서커_팬더(기간제)_남	43085	1	69DDA0	43077	44079	85803	0	85840	39918	0	20064	0	911	0	Null	0	Null	0	25355	0	0	1	0	0	0	0	0	0	0	4	86	255	0	0	0	0	0	0	0	0	0	0	0	0	0	0	0	0	0	0	0	0	0	0	0	0	0	0	0	0	1	1	0	0	0	0	0	0	0	99	0	49	2	100	0	47	2	100	0	32	1	7	0	0	0	0	0	0	0	0	0	0	0	0	0	0	0	0	0	0	0	0	0	0	0	0	0	0	0	0	0	3	0	0	0	1	0	0	0	0	0	0	0	0	0	0	0	0	0	0	0	0	0	0	0	0	0	0	0	0	0	0	0	0	0	0	0	0	0	0	0	0	0	0	0	0	0	0	0	0	0	0	0	0	0	
	60635	1	2	버서커_검은_사무라이(기간제)_남	44049	1	69DDA0	43077	44079	85804	0	85841	39918	0	20064	0	911	0	Null	0	Null	0	25355	0	0	1	0	0	0	0	0	0	0	4	86	255	0	0	0	0	0	0	0	0	0	0	0	0	0	0	0	0	0	0	0	0	0	0	0	0	0	0	0	0	1	1	0	0	0	0	0	0	0	99	0	49	2	100	0	47	2	100	0	32	1	7	0	0	0	0	0	0	0	0	0	0	0	0	0	0	0	0	0	0	0	0	0	0	0	0	0	0	0	0	0	0	0	0	0	1	0	0	0	0	0	0	0	0	0	0	0	0	0	0	0	0	0	0	0	0	0	0	0	0	0	0	0	0	0	0	0	0	0	0	0	0	0	0	0	0	0	0	0	0	0	0	0	0	0	
	60636	1	2	버서커_붉은_사무라이(기간제)_남	44050	1	69DDA0	43077	44079	85805	0	85842	39918	0	20064	0	911	0	Null	0	Null	0	25355	0	0	1	0	0	0	0	0	0	0	4	86	255	0	0	0	0	0	0	0	0	0	0	0	0	0	0	0	0	0	0	0	0	0	0	0	0	0	0	0	0	1	1	0	0	0	0	0	0	0	99	0	49	2	100	0	47	2	100	0	32	1	7	0	0	0	0	0	0	0	0	0	0	0	0	0	0	0	0	0	0	0	0	0	0	0	0	0	0	0	0	0	0	0	0	0	1	0	0	0	0	0	0	0	0	0	0	0	0	0	0	0	0	0	0	0	0	0	0	0	0	0	0	0	0	0	0	0	0	0	0	0	0	0	0	0	0	0	0	0	0	0	0	0	0	0	
	60637	1	2	버서커_삐에로(기간제)_남	44051	1	69DDA0	43077	44079	85806	0	85843	39918	0	20064	0	911	0	Null	0	Null	0	25355	0	0	1	0	0	0	0	0	0	0	4	86	255	0	0	0	0	0	0	0	0	0	0	0	0	0	0	0	0	0	0	0	0	0	0	0	0	0	0	0	0	1	1	0	0	0	0	0	0	0	99	0	49	2	100	0	47	2	100	0	32	1	7	0	0	0	0	0	0	0	0	0	0	0	0	0	0	0	0	0	0	0	0	0	0	0	0	0	0	0	0	0	3	0	0	0	1	0	0	0	0	0	0	0	0	0	0	0	0	0	0	0	0	0	0	0	0	0	0	0	0	0	0	0	0	0	0	0	0	0	0	0	0	0	0	0	0	0	0	0	0	0	0	0	0	0	
	60638	1	2	버서커_사제(기간제)_남	44052	1	69DDA0	43077	44079	85807	0	85844	39918	0	20064	0	911	0	Null	0	Null	0	25355	0	0	1	0	0	0	0	0	0	0	4	86	255	0	0	0	0	0	0	0	0	0	0	0	0	0	0	0	0	0	0	0	0	0	0	0	0	0	0	0	0	1	1	0	0	0	0	0	0	0	99	0	49	2	100	0	47	2	100	0	32	1	7	0	0	0	0	0	0	0	0	0	0	0	0	0	0	0	0	0	0	0	0	0	0	0	0	0	0	0	0	0	0	0	0	0	1	0	0	0	0	0	0	0	0	0	0	0	0	0	0	0	0	0	0	0	0	0	0	0	0	0	0	0	0	0	0	0	0	0	0	0	0	0	0	0	0	0	0	0	0	0	0	0	0	0	
	60639	1	2	버서커용_해적코스튬(기간제)_남	44186	1	69DDA0	43077	44079	86089	0	86075	39918	0	20064	0	911	0	Null	0	Null	0	25355	0	0	1	0	0	0	0	0	0	0	4	86	255	0	0	0	0	0	0	0	0	0	0	0	0	0	0	0	0	0	0	0	0	0	0	0	0	0	0	0	0	1	1	0	0	0	0	0	0	0	99	0	49	2	100	0	47	2	100	0	32	1	7	0	0	0	0	0	0	0	0	0	0	0	0	0	0	0	0	0	0	0	0	0	0	0	0	0	0	0	0	0	3	0	0	0	1	0	0	0	0	0	0	0	0	0	0	0	0	0	0	0	0	0	0	0	0	0	0	0	0	0	0	0	0	0	0	0	0	0	0	0	0	0	0	0	0	0	0	0	0	0	0	0	0	0	
	60640	1	2	버서커_에텔레인예복(기간제)_여	44048	1	69DDA0	43077	44078	0	85830	85859	39918	0	20064	0	911	0	Null	0	Null	0	25355	0	0	1	0	0	0	0	0	0	0	4	86	255	0	0	0	0	0	0	0	0	0	0	0	0	0	0	0	0	0	0	0	0	0	0	0	0	0	0	0	0	2	1	0	0	0	0	0	0	0	99	0	49	2	100	0	47	2	100	0	32	1	7	0	0	0	0	0	0	0	0	0	0	0	0	0	0	0	0	0	0	0	0	0	0	0	0	0	0	0	0	0	0	0	0	0	1	0	0	0	0	0	0	0	0	0	0	0	0	0	0	0	0	0	0	0	0	0	0	0	0	0	0	0	0	0	0	0	0	0	0	0	0	0	0	0	0	0	0	0	0	0	0	0	0	0	
	60641	1	2	버서커_곰돌이(기간제)_여	43084	1	69DDA0	43077	44078	0	85831	85839	39918	0	20064	0	911	0	Null	0	Null	0	25355	0	0	1	0	0	0	0	0	0	0	4	86	255	0	0	0	0	0	0	0	0	0	0	0	0	0	0	0	0	0	0	0	0	0	0	0	0	0	0	0	0	2	1	0	0	0	0	0	0	0	99	0	49	2	100	0	47	2	100	0	44	5	200	0	0	0	0	0	0	0	0	0	0	0	0	0	0	0	0	0	0	0	0	0	0	0	0	0	0	0	0	0	0	3	0	0	1	0	0	0	0	0	0	0	0	0	0	0	0	0	0	0	0	0	0	0	0	0	0	0	0	0	0	0	0	0	0	0	0	0	0	0	0	0	0	0	0	0	0	0	0	0	0	0	0	0	
	60642	1	2	버서커_팬더(기간제)_여	43085	1	69DDA0	43077	44078	0	85832	85840	39918	0	20064	0	911	0	Null	0	Null	0	25355	0	0	1	0	0	0	0	0	0	0	4	86	255	0	0	0	0	0	0	0	0	0	0	0	0	0	0	0	0	0	0	0	0	0	0	0	0	0	0	0	0	2	1	0	0	0	0	0	0	0	99	0	49	2	100	0	47	2	100	0	32	1	7	0	0	0	0	0	0	0	0	0	0	0	0	0	0	0	0	0	0	0	0	0	0	0	0	0	0	0	0	0	0	3	0	0	1	0	0	0	0	0	0	0	0	0	0	0	0	0	0	0	0	0	0	0	0	0	0	0	0	0	0	0	0	0	0	0	0	0	0	0	0	0	0	0	0	0	0	0	0	0	0	0	0	0	
	60643	1	2	버서커_검은_사무라이(기간제)_여	44049	1	69DDA0	43077	44078	0	85833	85841	39918	0	20064	0	911	0	Null	0	Null	0	25355	0	0	1	0	0	0	0	0	0	0	4	86	255	0	0	0	0	0	0	0	0	0	0	0	0	0	0	0	0	0	0	0	0	0	0	0	0	0	0	0	0	2	1	0	0	0	0	0	0	0	99	0	49	2	100	0	47	2	100	0	32	1	7	0	0	0	0	0	0	0	0	0	0	0	0	0	0	0	0	0	0	0	0	0	0	0	0	0	0	0	0	0	0	0	0	0	1	0	0	0	0	0	0	0	0	0	0	0	0	0	0	0	0	0	0	0	0	0	0	0	0	0	0	0	0	0	0	0	0	0	0	0	0	0	0	0	0	0	0	0	0	0	0	0	0	0	
	60644	1	2	버서커_붉은_사무라이(기간제)_여	44050	1	69DDA0	43077	44078	0	85834	85842	39918	0	20064	0	911	0	Null	0	Null	0	25355	0	0	1	0	0	0	0	0	0	0	4	86	255	0	0	0	0	0	0	0	0	0	0	0	0	0	0	0	0	0	0	0	0	0	0	0	0	0	0	0	0	2	1	0	0	0	0	0	0	0	99	0	49	2	100	0	47	2	100	0	32	1	7	0	0	0	0	0	0	0	0	0	0	0	0	0	0	0	0	0	0	0	0	0	0	0	0	0	0	0	0	0	0	0	0	0	1	0	0	0	0	0	0	0	0	0	0	0	0	0	0	0	0	0	0	0	0	0	0	0	0	0	0	0	0	0	0	0	0	0	0	0	0	0	0	0	0	0	0	0	0	0	0	0	0	0	
	60645	1	2	버서커_삐에로(기간제)_여	44051	1	69DDA0	43077	44078	0	85835	85843	39918	0	20064	0	911	0	Null	0	Null	0	25355	0	0	1	0	0	0	0	0	0	0	4	86	255	0	0	0	0	0	0	0	0	0	0	0	0	0	0	0	0	0	0	0	0	0	0	0	0	0	0	0	0	2	1	0	0	0	0	0	0	0	99	0	49	2	100	0	47	2	100	0	32	1	7	0	0	0	0	0	0	0	0	0	0	0	0	0	0	0	0	0	0	0	0	0	0	0	0	0	0	0	0	0	0	3	0	0	1	0	0	0	0	0	0	0	0	0	0	0	0	0	0	0	0	0	0	0	0	0	0	0	0	0	0	0	0	0	0	0	0	0	0	0	0	0	0	0	0	0	0	0	0	0	0	0	0	0	
	60646	1	2	버서커_수녀(기간제)_여	43172	1	69DDA0	43077	44078	0	85836	85865	39918	0	20064	0	911	0	Null	0	Null	0	25355	0	0	1	0	0	0	0	0	0	0	4	86	255	0	0	0	0	0	0	0	0	0	0	0	0	0	0	0	0	0	0	0	0	0	0	0	0	0	0	0	0	2	1	0	0	0	0	0	0	0	99	0	49	2	100	0	47	2	100	0	32	1	7	0	0	0	0	0	0	0	0	0	0	0	0	0	0	0	0	0	0	0	0	0	0	0	0	0	0	0	0	0	0	3	0	0	1	0	0	0	0	0	0	0	0	0	0	0	0	0	0	0	0	0	0	0	0	0	0	0	0	0	0	0	0	0	0	0	0	0	0	0	0	0	0	0	0	0	0	0	0	0	0	0	0	0	
	60647	1	2	버서커용_해적코스튬(기간제)_여	44186	1	69DDA0	43077	44078	0	86091	86077	39918	0	20064	0	911	0	Null	0	Null	0	25355	0	0	1	0	0	0	0	0	0	0	4	86	255	0	0	0	0	0	0	0	0	0	0	0	0	0	0	0	0	0	0	0	0	0	0	0	0	0	0	0	0	2	1	0	0	0	0	0	0	0	99	0	49	2	100	0	47	2	100	0	32	1	7	0	0	0	0	0	0	0	0	0	0	0	0	0	0	0	0	0	0	0	0	0	0	0	0	0	0	0	0	0	0	0	0	0	1	0	0	0	0	0	0	0	0	0	0	0	0	0	0	0	0	0	0	0	0	0	0	0	0	0	0	0	0	0	0	0	0	0	0	0	0	0	0	0	0	0	0	0	0	0	0	0	0	0	
	60648	1	2	버서커용_호피(기간제)_여	44204	1	69DDA0	43077	44078	0	85837	85866	39918	0	20064	0	911	0	Null	0	Null	0	25355	0	0	1	0	0	0	0	0	0	0	4	86	255	0	0	0	0	0	0	0	0	0	0	0	0	0	0	0	0	0	0	0	0	0	0	0	0	0	0	0	0	2	1	0	0	0	0	0	0	0	99	0	49	2	100	0	47	2	100	0	32	1	7	0	0	0	0	0	0	0	0	0	0	0	0	0	0	0	0	0	0	0	0	0	0	0	0	0	0	0	0	0	0	0	0	0	1	0	0	0	0	0	0	0	0	0	0	0	0	0	0	0	0	0	0	0	0	0	0	0	0	0	0	0	0	0	0	0	0	0	0	0	0	0	0	0	0	0	0	0	0	0	0	0	0	0	
	60649	1	2	버서커_에텔레인예복(강화판)_남	44096	1	69DDA0	43077	44079	85801	0	86023	39918	0	20064	0	911	0	Null	0	Null	0	25355	0	0	1	0	0	0	0	0	0	0	4	86	255	0	0	0	0	0	0	0	0	0	0	0	0	0	0	0	0	0	0	0	0	0	0	0	0	0	0	0	0	1	1	0	0	0	0	0	0	0	99	0	42	2	100	0	31	5	100	0	49	2	100	0	47	2	100	0	32	1	10	0	0	0	0	0	0	0	0	0	0	0	0	0	0	0	0	0	0	0	0	0	0	0	0	0	1	0	0	0	0	0	0	0	0	0	0	0	0	0	0	0	0	0	0	0	0	0	0	0	0	0	0	0	0	0	0	0	0	0	0	0	0	0	0	0	0	0	0	0	0	0	0	0	0	0	
	60650	1	2	버서커_곰돌이(강화판)_남	43094	1	69DDA0	43077	44079	85802	0	86002	39918	0	20064	0	911	0	Null	0	Null	0	25355	0	0	1	0	0	0	0	0	0	0	4	86	255	0	0	0	0	0	0	0	0	0	0	0	0	0	0	0	0	0	0	0	0	0	0	0	0	0	0	0	0	1	1	0	0	0	0	0	0	0	99	0	42	2	100	0	31	5	100	0	49	2	100	0	47	2	100	0	44	5	200	0	0	0	0	0	0	0	0	0	0	0	0	0	0	0	0	0	0	0	0	0	3	0	0	0	1	0	0	0	0	0	0	0	0	0	0	0	0	0	0	0	0	0	0	0	0	0	0	0	0	0	0	0	0	0	0	0	0	0	0	0	0	0	0	0	0	0	0	0	0	0	0	0	0	0	
	60651	1	2	버서커_팬더(강화판)_남	43095	1	69DDA0	43077	44079	85803	0	86003	39918	0	20064	0	911	0	Null	0	Null	0	25355	0	0	1	0	0	0	0	0	0	0	4	86	255	0	0	0	0	0	0	0	0	0	0	0	0	0	0	0	0	0	0	0	0	0	0	0	0	0	0	0	0	1	1	0	0	0	0	0	0	0	99	0	42	2	100	0	31	5	100	0	49	2	100	0	47	2	100	0	32	1	10	0	0	0	0	0	0	0	0	0	0	0	0	0	0	0	0	0	0	0	0	0	3	0	0	0	1	0	0	0	0	0	0	0	0	0	0	0	0	0	0	0	0	0	0	0	0	0	0	0	0	0	0	0	0	0	0	0	0	0	0	0	0	0	0	0	0	0	0	0	0	0	0	0	0	0	
	60652	1	2	버서커_검은_사무라이(강화판)_남	44097	1	69DDA0	43077	44079	85804	0	86024	39918	0	20064	0	911	0	Null	0	Null	0	25355	0	0	1	0	0	0	0	0	0	0	4	86	255	0	0	0	0	0	0	0	0	0	0	0	0	0	0	0	0	0	0	0	0	0	0	0	0	0	0	0	0	1	1	0	0	0	0	0	0	0	99	0	42	2	100	0	31	5	100	0	49	2	100	0	47	2	100	0	32	1	10	0	0	0	0	0	0	0	0	0	0	0	0	0	0	0	0	0	0	0	0	0	0	0	0	0	1	0	0	0	0	0	0	0	0	0	0	0	0	0	0	0	0	0	0	0	0	0	0	0	0	0	0	0	0	0	0	0	0	0	0	0	0	0	0	0	0	0	0	0	0	0	0	0	0	0	
	60653	1	2	버서커_붉은_사무라이(강화판)_남	44098	1	69DDA0	43077	44079	85805	0	86025	39918	0	20064	0	911	0	Null	0	Null	0	25355	0	0	1	0	0	0	0	0	0	0	4	86	255	0	0	0	0	0	0	0	0	0	0	0	0	0	0	0	0	0	0	0	0	0	0	0	0	0	0	0	0	1	1	0	0	0	0	0	0	0	99	0	42	2	100	0	31	5	100	0	49	2	100	0	47	2	100	0	32	1	10	0	0	0	0	0	0	0	0	0	0	0	0	0	0	0	0	0	0	0	0	0	0	0	0	0	1	0	0	0	0	0	0	0	0	0	0	0	0	0	0	0	0	0	0	0	0	0	0	0	0	0	0	0	0	0	0	0	0	0	0	0	0	0	0	0	0	0	0	0	0	0	0	0	0	0	
	60654	1	2	버서커_삐에로(강화판)_남	44099	1	69DDA0	43077	44079	85806	0	86026	39918	0	20064	0	911	0	Null	0	Null	0	25355	0	0	1	0	0	0	0	0	0	0	4	86	255	0	0	0	0	0	0	0	0	0	0	0	0	0	0	0	0	0	0	0	0	0	0	0	0	0	0	0	0	1	1	0	0	0	0	0	0	0	99	0	42	2	100	0	31	5	100	0	49	2	100	0	47	2	100	0	32	1	10	0	0	0	0	0	0	0	0	0	0	0	0	0	0	0	0	0	0	0	0	0	3	0	0	0	1	0	0	0	0	0	0	0	0	0	0	0	0	0	0	0	0	0	0	0	0	0	0	0	0	0	0	0	0	0	0	0	0	0	0	0	0	0	0	0	0	0	0	0	0	0	0	0	0	0	
	60655	1	2	버서커_사제(강화판)_남	44100	1	69DDA0	43077	44079	85807	0	86027	39918	0	20064	0	911	0	Null	0	Null	0	25355	0	0	1	0	0	0	0	0	0	0	4	86	255	0	0	0	0	0	0	0	0	0	0	0	0	0	0	0	0	0	0	0	0	0	0	0	0	0	0	0	0	1	1	0	0	0	0	0	0	0	99	0	42	2	100	0	31	5	100	0	49	2	100	0	47	2	100	0	32	1	10	0	0	0	0	0	0	0	0	0	0	0	0	0	0	0	0	0	0	0	0	0	0	0	0	0	1	0	0	0	0	0	0	0	0	0	0	0	0	0	0	0	0	0	0	0	0	0	0	0	0	0	0	0	0	0	0	0	0	0	0	0	0	0	0	0	0	0	0	0	0	0	0	0	0	0	
	60656	1	2	버서커용_해적코스튬(강화판)_남	44193	1	69DDA0	43077	44079	86089	0	86082	39918	0	20064	0	911	0	Null	0	Null	0	25355	0	0	1	0	0	0	0	0	0	0	4	86	255	0	0	0	0	0	0	0	0	0	0	0	0	0	0	0	0	0	0	0	0	0	0	0	0	0	0	0	0	1	1	0	0	0	0	0	0	0	99	0	42	2	100	0	31	5	100	0	49	2	100	0	47	2	100	0	32	1	10	0	0	0	0	0	0	0	0	0	0	0	0	0	0	0	0	0	0	0	0	0	3	0	0	0	1	0	0	0	0	0	0	0	0	0	0	0	0	0	0	0	0	0	0	0	0	0	0	0	0	0	0	0	0	0	0	0	0	0	0	0	0	0	0	0	0	0	0	0	0	0	0	0	0	0	
	60657	1	2	버서커_에텔레인예복(강화판)_여	44096	1	69DDA0	43077	44078	0	85830	86028	39918	0	20064	0	911	0	Null	0	Null	0	25355	0	0	1	0	0	0	0	0	0	0	4	86	255	0	0	0	0	0	0	0	0	0	0	0	0	0	0	0	0	0	0	0	0	0	0	0	0	0	0	0	0	2	1	0	0	0	0	0	0	0	99	0	42	2	100	0	31	5	100	0	49	2	100	0	47	2	100	0	32	1	10	0	0	0	0	0	0	0	0	0	0	0	0	0	0	0	0	0	0	0	0	0	0	0	0	0	1	0	0	0	0	0	0	0	0	0	0	0	0	0	0	0	0	0	0	0	0	0	0	0	0	0	0	0	0	0	0	0	0	0	0	0	0	0	0	0	0	0	0	0	0	0	0	0	0	0	
	60658	1	2	버서커_곰돌이(강화판)_여	43094	1	69DDA0	43077	44078	0	85831	86002	39918	0	20064	0	911	0	Null	0	Null	0	25355	0	0	1	0	0	0	0	0	0	0	4	86	255	0	0	0	0	0	0	0	0	0	0	0	0	0	0	0	0	0	0	0	0	0	0	0	0	0	0	0	0	2	1	0	0	0	0	0	0	0	99	0	42	2	100	0	31	5	100	0	49	2	100	0	47	2	100	0	44	5	200	0	0	0	0	0	0	0	0	0	0	0	0	0	0	0	0	0	0	0	0	0	0	3	0	0	1	0	0	0	0	0	0	0	0	0	0	0	0	0	0	0	0	0	0	0	0	0	0	0	0	0	0	0	0	0	0	0	0	0	0	0	0	0	0	0	0	0	0	0	0	0	0	0	0	0	
	60659	1	2	버서커_팬더(강화판)_여	43095	1	69DDA0	43077	44078	0	85832	86003	39918	0	20064	0	911	0	Null	0	Null	0	25355	0	0	1	0	0	0	0	0	0	0	4	86	255	0	0	0	0	0	0	0	0	0	0	0	0	0	0	0	0	0	0	0	0	0	0	0	0	0	0	0	0	2	1	0	0	0	0	0	0	0	99	0	42	2	100	0	31	5	100	0	49	2	100	0	47	2	100	0	32	1	10	0	0	0	0	0	0	0	0	0	0	0	0	0	0	0	0	0	0	0	0	0	0	3	0	0	1	0	0	0	0	0	0	0	0	0	0	0	0	0	0	0	0	0	0	0	0	0	0	0	0	0	0	0	0	0	0	0	0	0	0	0	0	0	0	0	0	0	0	0	0	0	0	0	0	0	
	60660	1	2	버서커_검은_사무라이(강화판)_여	44097	1	69DDA0	43077	44078	0	85833	86024	39918	0	20064	0	911	0	Null	0	Null	0	25355	0	0	1	0	0	0	0	0	0	0	4	86	255	0	0	0	0	0	0	0	0	0	0	0	0	0	0	0	0	0	0	0	0	0	0	0	0	0	0	0	0	2	1	0	0	0	0	0	0	0	99	0	42	2	100	0	31	5	100	0	49	2	100	0	47	2	100	0	32	1	10	0	0	0	0	0	0	0	0	0	0	0	0	0	0	0	0	0	0	0	0	0	0	0	0	0	1	0	0	0	0	0	0	0	0	0	0	0	0	0	0	0	0	0	0	0	0	0	0	0	0	0	0	0	0	0	0	0	0	0	0	0	0	0	0	0	0	0	0	0	0	0	0	0	0	0	
	60661	1	2	버서커_붉은_사무라이(강화판)_여	44098	1	69DDA0	43077	44078	0	85834	86025	39918	0	20064	0	911	0	Null	0	Null	0	25355	0	0	1	0	0	0	0	0	0	0	4	86	255	0	0	0	0	0	0	0	0	0	0	0	0	0	0	0	0	0	0	0	0	0	0	0	0	0	0	0	0	2	1	0	0	0	0	0	0	0	99	0	42	2	100	0	31	5	100	0	49	2	100	0	47	2	100	0	32	1	10	0	0	0	0	0	0	0	0	0	0	0	0	0	0	0	0	0	0	0	0	0	0	0	0	0	1	0	0	0	0	0	0	0	0	0	0	0	0	0	0	0	0	0	0	0	0	0	0	0	0	0	0	0	0	0	0	0	0	0	0	0	0	0	0	0	0	0	0	0	0	0	0	0	0	0	
	60662	1	2	버서커_삐에로(강화판)_여	44099	1	69DDA0	43077	44078	0	85835	86026	39918	0	20064	0	911	0	Null	0	Null	0	25355	0	0	1	0	0	0	0	0	0	0	4	86	255	0	0	0	0	0	0	0	0	0	0	0	0	0	0	0	0	0	0	0	0	0	0	0	0	0	0	0	0	2	1	0	0	0	0	0	0	0	99	0	42	2	100	0	31	5	100	0	49	2	100	0	47	2	100	0	32	1	10	0	0	0	0	0	0	0	0	0	0	0	0	0	0	0	0	0	0	0	0	0	0	3	0	0	1	0	0	0	0	0	0	0	0	0	0	0	0	0	0	0	0	0	0	0	0	0	0	0	0	0	0	0	0	0	0	0	0	0	0	0	0	0	0	0	0	0	0	0	0	0	0	0	0	0	
	60663	1	2	버서커_수녀(강화판)_여	43173	1	69DDA0	43077	44078	0	85836	86032	39918	0	20064	0	911	0	Null	0	Null	0	25355	0	0	1	0	0	0	0	0	0	0	4	86	255	0	0	0	0	0	0	0	0	0	0	0	0	0	0	0	0	0	0	0	0	0	0	0	0	0	0	0	0	2	1	0	0	0	0	0	0	0	99	0	42	2	100	0	31	5	100	0	49	2	100	0	47	2	100	0	32	1	10	0	0	0	0	0	0	0	0	0	0	0	0	0	0	0	0	0	0	0	0	0	0	3	0	0	1	0	0	0	0	0	0	0	0	0	0	0	0	0	0	0	0	0	0	0	0	0	0	0	0	0	0	0	0	0	0	0	0	0	0	0	0	0	0	0	0	0	0	0	0	0	0	0	0	0	
	60664	1	2	버서커용_해적코스튬(강화판)_여	44193	1	69DDA0	43077	44078	0	86091	86084	39918	0	20064	0	911	0	Null	0	Null	0	25355	0	0	1	0	0	0	0	0	0	0	4	86	255	0	0	0	0	0	0	0	0	0	0	0	0	0	0	0	0	0	0	0	0	0	0	0	0	0	0	0	0	2	1	0	0	0	0	0	0	0	99	0	42	2	100	0	31	5	100	0	49	2	100	0	47	2	100	0	32	1	10	0	0	0	0	0	0	0	0	0	0	0	0	0	0	0	0	0	0	0	0	0	0	0	0	0	1	0	0	0	0	0	0	0	0	0	0	0	0	0	0	0	0	0	0	0	0	0	0	0	0	0	0	0	0	0	0	0	0	0	0	0	0	0	0	0	0	0	0	0	0	0	0	0	0	0	
	60665	1	2	버서커_호피(강화판)_여	44205	1	69DDA0	43077	44078	0	85837	86033	39918	0	20064	0	911	0	Null	0	Null	0	25355	0	0	1	0	0	0	0	0	0	0	4	86	255	0	0	0	0	0	0	0	0	0	0	0	0	0	0	0	0	0	0	0	0	0	0	0	0	0	0	0	0	2	1	0	0	0	0	0	0	0	99	0	42	2	100	0	31	5	100	0	49	2	100	0	47	2	100	0	32	1	10	0	0	0	0	0	0	0	0	0	0	0	0	0	0	0	0	0	0	0	0	0	0	0	0	0	1	0	0	0	0	0	0	0	0	0	0	0	0	0	0	0	0	0	0	0	0	0	0	0	0	0	0	0	0	0	0	0	0	0	0	0	0	0	0	0	0	0	0	0	0	0	0	0	0	0	
	60666	1	2	드래곤나이트_에텔레인예복(기간제)_남	44053	1	69DDA0	43077	44079	85808	0	85838	39918	0	20064	0	911	0	Null	0	Null	0	25355	0	0	1	0	0	0	0	0	0	0	4	86	255	0	0	0	0	0	0	0	0	0	0	0	0	0	0	0	0	0	0	0	0	0	0	0	0	0	0	0	0	1	0	1	0	0	0	0	0	0	99	0	49	2	100	0	47	2	100	0	32	1	7	0	0	0	0	0	0	0	0	0	0	0	0	0	0	0	0	0	0	0	0	0	0	0	0	0	0	0	0	0	0	0	0	0	1	0	0	0	0	0	0	0	0	0	0	0	0	0	0	0	0	0	0	0	0	0	0	0	0	0	0	0	0	0	0	0	0	0	0	0	0	0	0	0	0	0	0	0	0	0	0	0	0	0	
	60667	1	2	드래곤나이트_곰돌이(기간제)_남	43086	1	69DDA0	43077	44079	85809	0	85839	39918	0	20064	0	911	0	Null	0	Null	0	25355	0	0	1	0	0	0	0	0	0	0	4	86	255	0	0	0	0	0	0	0	0	0	0	0	0	0	0	0	0	0	0	0	0	0	0	0	0	0	0	0	0	1	0	1	0	0	0	0	0	0	99	0	49	2	100	0	47	2	100	0	44	5	200	0	0	0	0	0	0	0	0	0	0	0	0	0	0	0	0	0	0	0	0	0	0	0	0	0	0	0	0	0	3	0	0	0	1	0	0	0	0	0	0	0	0	0	0	0	0	0	0	0	0	0	0	0	0	0	0	0	0	0	0	0	0	0	0	0	0	0	0	0	0	0	0	0	0	0	0	0	0	0	0	0	0	0	
	60668	1	2	드래곤나이트_팬더(기간제)_남	43087	1	69DDA0	43077	44079	85810	0	85840	39918	0	20064	0	911	0	Null	0	Null	0	25355	0	0	1	0	0	0	0	0	0	0	4	86	255	0	0	0	0	0	0	0	0	0	0	0	0	0	0	0	0	0	0	0	0	0	0	0	0	0	0	0	0	1	0	1	0	0	0	0	0	0	99	0	49	2	100	0	47	2	100	0	32	1	7	0	0	0	0	0	0	0	0	0	0	0	0	0	0	0	0	0	0	0	0	0	0	0	0	0	0	0	0	0	3	0	0	0	1	0	0	0	0	0	0	0	0	0	0	0	0	0	0	0	0	0	0	0	0	0	0	0	0	0	0	0	0	0	0	0	0	0	0	0	0	0	0	0	0	0	0	0	0	0	0	0	0	0	
	60669	1	2	드래곤나이트_검은_사무라이(기간제)_남	44054	1	69DDA0	43077	44079	85811	0	85841	39918	0	20064	0	911	0	Null	0	Null	0	25355	0	0	1	0	0	0	0	0	0	0	4	86	255	0	0	0	0	0	0	0	0	0	0	0	0	0	0	0	0	0	0	0	0	0	0	0	0	0	0	0	0	1	0	1	0	0	0	0	0	0	99	0	49	2	100	0	47	2	100	0	32	1	7	0	0	0	0	0	0	0	0	0	0	0	0	0	0	0	0	0	0	0	0	0	0	0	0	0	0	0	0	0	0	0	0	0	1	0	0	0	0	0	0	0	0	0	0	0	0	0	0	0	0	0	0	0	0	0	0	0	0	0	0	0	0	0	0	0	0	0	0	0	0	0	0	0	0	0	0	0	0	0	0	0	0	0	
	60670	1	2	드래곤나이트_붉은_사무라이(기간제)_남	44055	1	69DDA0	43077	44079	85812	0	85842	39918	0	20064	0	911	0	Null	0	Null	0	25355	0	0	1	0	0	0	0	0	0	0	4	86	255	0	0	0	0	0	0	0	0	0	0	0	0	0	0	0	0	0	0	0	0	0	0	0	0	0	0	0	0	1	0	1	0	0	0	0	0	0	99	0	49	2	100	0	47	2	100	0	32	1	7	0	0	0	0	0	0	0	0	0	0	0	0	0	0	0	0	0	0	0	0	0	0	0	0	0	0	0	0	0	0	0	0	0	1	0	0	0	0	0	0	0	0	0	0	0	0	0	0	0	0	0	0	0	0	0	0	0	0	0	0	0	0	0	0	0	0	0	0	0	0	0	0	0	0	0	0	0	0	0	0	0	0	0	
	60671	1	2	드래곤나이트_삐에로(기간제)_남	44056	1	69DDA0	43077	44079	85813	0	85843	39918	0	20064	0	911	0	Null	0	Null	0	25355	0	0	1	0	0	0	0	0	0	0	4	86	255	0	0	0	0	0	0	0	0	0	0	0	0	0	0	0	0	0	0	0	0	0	0	0	0	0	0	0	0	1	0	1	0	0	0	0	0	0	99	0	49	2	100	0	47	2	100	0	32	1	7	0	0	0	0	0	0	0	0	0	0	0	0	0	0	0	0	0	0	0	0	0	0	0	0	0	0	0	0	0	3	0	0	0	1	0	0	0	0	0	0	0	0	0	0	0	0	0	0	0	0	0	0	0	0	0	0	0	0	0	0	0	0	0	0	0	0	0	0	0	0	0	0	0	0	0	0	0	0	0	0	0	0	0	
	60672	1	2	드래곤나이트_사제(기간제)_남	44057	1	69DDA0	43077	44079	85814	0	85844	39918	0	20064	0	911	0	Null	0	Null	0	25355	0	0	1	0	0	0	0	0	0	0	4	86	255	0	0	0	0	0	0	0	0	0	0	0	0	0	0	0	0	0	0	0	0	0	0	0	0	0	0	0	0	1	0	1	0	0	0	0	0	0	99	0	49	2	100	0	47	2	100	0	32	1	7	0	0	0	0	0	0	0	0	0	0	0	0	0	0	0	0	0	0	0	0	0	0	0	0	0	0	0	0	0	0	0	0	0	1	0	0	0	0	0	0	0	0	0	0	0	0	0	0	0	0	0	0	0	0	0	0	0	0	0	0	0	0	0	0	0	0	0	0	0	0	0	0	0	0	0	0	0	0	0	0	0	0	0	
	60673	1	2	드래곤나이트용_해적코스튬(기간제)_남	44187	1	69DDA0	43077	44079	86090	0	86076	39918	0	20064	0	911	0	Null	0	Null	0	25355	0	0	1	0	0	0	0	0	0	0	4	86	255	0	0	0	0	0	0	0	0	0	0	0	0	0	0	0	0	0	0	0	0	0	0	0	0	0	0	0	0	1	0	1	0	0	0	0	0	0	99	0	49	2	100	0	47	2	100	0	32	1	7	0	0	0	0	0	0	0	0	0	0	0	0	0	0	0	0	0	0	0	0	0	0	0	0	0	0	0	0	0	3	0	0	0	1	0	0	0	0	0	0	0	0	0	0	0	0	0	0	0	0	0	0	0	0	0	0	0	0	0	0	0	0	0	0	0	0	0	0	0	0	0	0	0	0	0	0	0	0	0	0	0	0	0	
	60674	1	2	드래곤나이트_에텔레인예복(기간제)_여	44053	1	69DDA0	43077	44078	0	85830	85859	39918	0	20064	0	911	0	Null	0	Null	0	25355	0	0	1	0	0	0	0	0	0	0	4	86	255	0	0	0	0	0	0	0	0	0	0	0	0	0	0	0	0	0	0	0	0	0	0	0	0	0	0	0	0	2	0	1	0	0	0	0	0	0	99	0	49	2	100	0	47	2	100	0	32	1	7	0	0	0	0	0	0	0	0	0	0	0	0	0	0	0	0	0	0	0	0	0	0	0	0	0	0	0	0	0	0	0	0	0	1	0	0	0	0	0	0	0	0	0	0	0	0	0	0	0	0	0	0	0	0	0	0	0	0	0	0	0	0	0	0	0	0	0	0	0	0	0	0	0	0	0	0	0	0	0	0	0	0	0	
	60675	1	2	드래곤나이트_곰돌이(기간제)_여	43086	1	69DDA0	43077	44078	0	85831	85839	39918	0	20064	0	911	0	Null	0	Null	0	25355	0	0	1	0	0	0	0	0	0	0	4	86	255	0	0	0	0	0	0	0	0	0	0	0	0	0	0	0	0	0	0	0	0	0	0	0	0	0	0	0	0	2	0	1	0	0	0	0	0	0	99	0	49	2	100	0	47	2	100	0	44	5	200	0	0	0	0	0	0	0	0	0	0	0	0	0	0	0	0	0	0	0	0	0	0	0	0	0	0	0	0	0	0	3	0	0	1	0	0	0	0	0	0	0	0	0	0	0	0	0	0	0	0	0	0	0	0	0	0	0	0	0	0	0	0	0	0	0	0	0	0	0	0	0	0	0	0	0	0	0	0	0	0	0	0	0	
	60676	1	2	드래곤나이트_팬더(기간제)_여	43087	1	69DDA0	43077	44078	0	85832	85840	39918	0	20064	0	911	0	Null	0	Null	0	25355	0	0	1	0	0	0	0	0	0	0	4	86	255	0	0	0	0	0	0	0	0	0	0	0	0	0	0	0	0	0	0	0	0	0	0	0	0	0	0	0	0	2	0	1	0	0	0	0	0	0	99	0	49	2	100	0	47	2	100	0	32	1	7	0	0	0	0	0	0	0	0	0	0	0	0	0	0	0	0	0	0	0	0	0	0	0	0	0	0	0	0	0	0	3	0	0	1	0	0	0	0	0	0	0	0	0	0	0	0	0	0	0	0	0	0	0	0	0	0	0	0	0	0	0	0	0	0	0	0	0	0	0	0	0	0	0	0	0	0	0	0	0	0	0	0	0	
	60677	1	2	드래곤나이트_검은_사무라이(기간제)_여	44054	1	69DDA0	43077	44078	0	85833	85841	39918	0	20064	0	911	0	Null	0	Null	0	25355	0	0	1	0	0	0	0	0	0	0	4	86	255	0	0	0	0	0	0	0	0	0	0	0	0	0	0	0	0	0	0	0	0	0	0	0	0	0	0	0	0	2	0	1	0	0	0	0	0	0	99	0	49	2	100	0	47	2	100	0	32	1	7	0	0	0	0	0	0	0	0	0	0	0	0	0	0	0	0	0	0	0	0	0	0	0	0	0	0	0	0	0	0	0	0	0	1	0	0	0	0	0	0	0	0	0	0	0	0	0	0	0	0	0	0	0	0	0	0	0	0	0	0	0	0	0	0	0	0	0	0	0	0	0	0	0	0	0	0	0	0	0	0	0	0	0	
	60678	1	2	드래곤나이트_붉은_사무라이(기간제)_여	44055	1	69DDA0	43077	44078	0	85834	85842	39918	0	20064	0	911	0	Null	0	Null	0	25355	0	0	1	0	0	0	0	0	0	0	4	86	255	0	0	0	0	0	0	0	0	0	0	0	0	0	0	0	0	0	0	0	0	0	0	0	0	0	0	0	0	2	0	1	0	0	0	0	0	0	99	0	49	2	100	0	47	2	100	0	32	1	7	0	0	0	0	0	0	0	0	0	0	0	0	0	0	0	0	0	0	0	0	0	0	0	0	0	0	0	0	0	0	0	0	0	1	0	0	0	0	0	0	0	0	0	0	0	0	0	0	0	0	0	0	0	0	0	0	0	0	0	0	0	0	0	0	0	0	0	0	0	0	0	0	0	0	0	0	0	0	0	0	0	0	0	
	60679	1	2	드래곤나이트_삐에로(기간제)_여	44056	1	69DDA0	43077	44078	0	85835	85843	39918	0	20064	0	911	0	Null	0	Null	0	25355	0	0	1	0	0	0	0	0	0	0	4	86	255	0	0	0	0	0	0	0	0	0	0	0	0	0	0	0	0	0	0	0	0	0	0	0	0	0	0	0	0	2	0	1	0	0	0	0	0	0	99	0	49	2	100	0	47	2	100	0	32	1	7	0	0	0	0	0	0	0	0	0	0	0	0	0	0	0	0	0	0	0	0	0	0	0	0	0	0	0	0	0	0	3	0	0	1	0	0	0	0	0	0	0	0	0	0	0	0	0	0	0	0	0	0	0	0	0	0	0	0	0	0	0	0	0	0	0	0	0	0	0	0	0	0	0	0	0	0	0	0	0	0	0	0	0	
	60680	1	2	드래곤나이트_수녀(기간제)_여	43174	1	69DDA0	43077	44078	0	85836	85865	39918	0	20064	0	911	0	Null	0	Null	0	25355	0	0	1	0	0	0	0	0	0	0	4	86	255	0	0	0	0	0	0	0	0	0	0	0	0	0	0	0	0	0	0	0	0	0	0	0	0	0	0	0	0	2	0	1	0	0	0	0	0	0	99	0	49	2	100	0	47	2	100	0	32	1	7	0	0	0	0	0	0	0	0	0	0	0	0	0	0	0	0	0	0	0	0	0	0	0	0	0	0	0	0	0	0	3	0	0	1	0	0	0	0	0	0	0	0	0	0	0	0	0	0	0	0	0	0	0	0	0	0	0	0	0	0	0	0	0	0	0	0	0	0	0	0	0	0	0	0	0	0	0	0	0	0	0	0	0	
	60681	1	2	드래곤나이트용_해적코스튬(기간제)_여	44187	1	69DDA0	43077	44078	0	86091	86077	39918	0	20064	0	911	0	Null	0	Null	0	25355	0	0	1	0	0	0	0	0	0	0	4	86	255	0	0	0	0	0	0	0	0	0	0	0	0	0	0	0	0	0	0	0	0	0	0	0	0	0	0	0	0	2	0	1	0	0	0	0	0	0	99	0	49	2	100	0	47	2	100	0	32	1	7	0	0	0	0	0	0	0	0	0	0	0	0	0	0	0	0	0	0	0	0	0	0	0	0	0	0	0	0	0	0	0	0	0	1	0	0	0	0	0	0	0	0	0	0	0	0	0	0	0	0	0	0	0	0	0	0	0	0	0	0	0	0	0	0	0	0	0	0	0	0	0	0	0	0	0	0	0	0	0	0	0	0	0	
	60682	1	2	드래곤나이트_호피(기간제)_여	44206	1	69DDA0	43077	44078	0	85837	85866	39918	0	20064	0	911	0	Null	0	Null	0	25355	0	0	1	0	0	0	0	0	0	0	4	86	255	0	0	0	0	0	0	0	0	0	0	0	0	0	0	0	0	0	0	0	0	0	0	0	0	0	0	0	0	2	0	1	0	0	0	0	0	0	99	0	49	2	100	0	47	2	100	0	32	1	7	0	0	0	0	0	0	0	0	0	0	0	0	0	0	0	0	0	0	0	0	0	0	0	0	0	0	0	0	0	0	0	0	0	1	0	0	0	0	0	0	0	0	0	0	0	0	0	0	0	0	0	0	0	0	0	0	0	0	0	0	0	0	0	0	0	0	0	0	0	0	0	0	0	0	0	0	0	0	0	0	0	0	0	
	60683	1	2	드래곤나이트_에텔레인예복(강화판)_남	44101	1	69DDA0	43077	44079	85808	0	86023	39918	0	20064	0	911	0	Null	0	Null	0	25355	0	0	1	0	0	0	0	0	0	0	4	86	255	0	0	0	0	0	0	0	0	0	0	0	0	0	0	0	0	0	0	0	0	0	0	0	0	0	0	0	0	1	0	1	0	0	0	0	0	0	99	0	42	2	100	0	31	5	100	0	49	2	100	0	47	2	100	0	32	1	10	0	0	0	0	0	0	0	0	0	0	0	0	0	0	0	0	0	0	0	0	0	0	0	0	0	1	0	0	0	0	0	0	0	0	0	0	0	0	0	0	0	0	0	0	0	0	0	0	0	0	0	0	0	0	0	0	0	0	0	0	0	0	0	0	0	0	0	0	0	0	0	0	0	0	0	
	60684	1	2	드래곤나이트_곰돌이(강화판)_남	43096	1	69DDA0	43077	44079	85809	0	86002	39918	0	20064	0	911	0	Null	0	Null	0	25355	0	0	1	0	0	0	0	0	0	0	4	86	255	0	0	0	0	0	0	0	0	0	0	0	0	0	0	0	0	0	0	0	0	0	0	0	0	0	0	0	0	1	0	1	0	0	0	0	0	0	99	0	42	2	100	0	31	5	100	0	49	2	100	0	47	2	100	0	44	5	200	0	0	0	0	0	0	0	0	0	0	0	0	0	0	0	0	0	0	0	0	0	3	0	0	0	1	0	0	0	0	0	0	0	0	0	0	0	0	0	0	0	0	0	0	0	0	0	0	0	0	0	0	0	0	0	0	0	0	0	0	0	0	0	0	0	0	0	0	0	0	0	0	0	0	0	
	60685	1	2	드래곤나이트_팬더(강화판)_남	43097	1	69DDA0	43077	44079	85810	0	86003	39918	0	20064	0	911	0	Null	0	Null	0	25355	0	0	1	0	0	0	0	0	0	0	4	86	255	0	0	0	0	0	0	0	0	0	0	0	0	0	0	0	0	0	0	0	0	0	0	0	0	0	0	0	0	1	0	1	0	0	0	0	0	0	99	0	42	2	100	0	31	5	100	0	49	2	100	0	47	2	100	0	32	1	10	0	0	0	0	0	0	0	0	0	0	0	0	0	0	0	0	0	0	0	0	0	3	0	0	0	1	0	0	0	0	0	0	0	0	0	0	0	0	0	0	0	0	0	0	0	0	0	0	0	0	0	0	0	0	0	0	0	0	0	0	0	0	0	0	0	0	0	0	0	0	0	0	0	0	0	
	60686	1	2	드래곤나이트_검은_사무라이(강화판)_남	44102	1	69DDA0	43077	44079	85811	0	86024	39918	0	20064	0	911	0	Null	0	Null	0	25355	0	0	1	0	0	0	0	0	0	0	4	86	255	0	0	0	0	0	0	0	0	0	0	0	0	0	0	0	0	0	0	0	0	0	0	0	0	0	0	0	0	1	0	1	0	0	0	0	0	0	99	0	42	2	100	0	31	5	100	0	49	2	100	0	47	2	100	0	32	1	10	0	0	0	0	0	0	0	0	0	0	0	0	0	0	0	0	0	0	0	0	0	0	0	0	0	1	0	0	0	0	0	0	0	0	0	0	0	0	0	0	0	0	0	0	0	0	0	0	0	0	0	0	0	0	0	0	0	0	0	0	0	0	0	0	0	0	0	0	0	0	0	0	0	0	0	
	60687	1	2	드래곤나이트_붉은_사무라이(강화판)_남	44103	1	69DDA0	43077	44079	85812	0	86025	39918	0	20064	0	911	0	Null	0	Null	0	25355	0	0	1	0	0	0	0	0	0	0	4	86	255	0	0	0	0	0	0	0	0	0	0	0	0	0	0	0	0	0	0	0	0	0	0	0	0	0	0	0	0	1	0	1	0	0	0	0	0	0	99	0	42	2	100	0	31	5	100	0	49	2	100	0	47	2	100	0	32	1	10	0	0	0	0	0	0	0	0	0	0	0	0	0	0	0	0	0	0	0	0	0	0	0	0	0	1	0	0	0	0	0	0	0	0	0	0	0	0	0	0	0	0	0	0	0	0	0	0	0	0	0	0	0	0	0	0	0	0	0	0	0	0	0	0	0	0	0	0	0	0	0	0	0	0	0	
	60688	1	2	드래곤나이트_삐에로(강화판)_남	44104	1	69DDA0	43077	44079	85813	0	86026	39918	0	20064	0	911	0	Null	0	Null	0	25355	0	0	1	0	0	0	0	0	0	0	4	86	255	0	0	0	0	0	0	0	0	0	0	0	0	0	0	0	0	0	0	0	0	0	0	0	0	0	0	0	0	1	0	1	0	0	0	0	0	0	99	0	42	2	100	0	31	5	100	0	49	2	100	0	47	2	100	0	32	1	10	0	0	0	0	0	0	0	0	0	0	0	0	0	0	0	0	0	0	0	0	0	3	0	0	0	1	0	0	0	0	0	0	0	0	0	0	0	0	0	0	0	0	0	0	0	0	0	0	0	0	0	0	0	0	0	0	0	0	0	0	0	0	0	0	0	0	0	0	0	0	0	0	0	0	0	
	60689	1	2	드래곤나이트_사제(강화판)_남	44105	1	69DDA0	43077	44079	85814	0	86027	39918	0	20064	0	911	0	Null	0	Null	0	25355	0	0	1	0	0	0	0	0	0	0	4	86	255	0	0	0	0	0	0	0	0	0	0	0	0	0	0	0	0	0	0	0	0	0	0	0	0	0	0	0	0	1	0	1	0	0	0	0	0	0	99	0	42	2	100	0	31	5	100	0	49	2	100	0	47	2	100	0	32	1	10	0	0	0	0	0	0	0	0	0	0	0	0	0	0	0	0	0	0	0	0	0	0	0	0	0	1	0	0	0	0	0	0	0	0	0	0	0	0	0	0	0	0	0	0	0	0	0	0	0	0	0	0	0	0	0	0	0	0	0	0	0	0	0	0	0	0	0	0	0	0	0	0	0	0	0	
	60690	1	2	드래곤나이트용_해적코스튬(강화판)_남	44194	1	69DDA0	43077	44079	86090	0	86083	39918	0	20064	0	911	0	Null	0	Null	0	25355	0	0	1	0	0	0	0	0	0	0	4	86	255	0	0	0	0	0	0	0	0	0	0	0	0	0	0	0	0	0	0	0	0	0	0	0	0	0	0	0	0	1	0	1	0	0	0	0	0	0	99	0	42	2	100	0	31	5	100	0	49	2	100	0	47	2	100	0	32	1	10	0	0	0	0	0	0	0	0	0	0	0	0	0	0	0	0	0	0	0	0	0	3	0	0	0	1	0	0	0	0	0	0	0	0	0	0	0	0	0	0	0	0	0	0	0	0	0	0	0	0	0	0	0	0	0	0	0	0	0	0	0	0	0	0	0	0	0	0	0	0	0	0	0	0	0	
	60691	1	2	드래곤나이트_에텔레인예복(강화판)_여	44101	1	69DDA0	43077	44078	0	85830	86028	39918	0	20064	0	911	0	Null	0	Null	0	25355	0	0	1	0	0	0	0	0	0	0	4	86	255	0	0	0	0	0	0	0	0	0	0	0	0	0	0	0	0	0	0	0	0	0	0	0	0	0	0	0	0	2	0	1	0	0	0	0	0	0	99	0	42	2	100	0	31	5	100	0	49	2	100	0	47	2	100	0	32	1	10	0	0	0	0	0	0	0	0	0	0	0	0	0	0	0	0	0	0	0	0	0	0	0	0	0	1	0	0	0	0	0	0	0	0	0	0	0	0	0	0	0	0	0	0	0	0	0	0	0	0	0	0	0	0	0	0	0	0	0	0	0	0	0	0	0	0	0	0	0	0	0	0	0	0	0	
	60692	1	2	드래곤나이트_곰돌이(강화판)_여	43096	1	69DDA0	43077	44078	0	85831	86002	39918	0	20064	0	911	0	Null	0	Null	0	25355	0	0	1	0	0	0	0	0	0	0	4	86	255	0	0	0	0	0	0	0	0	0	0	0	0	0	0	0	0	0	0	0	0	0	0	0	0	0	0	0	0	2	0	1	0	0	0	0	0	0	99	0	42	2	100	0	31	5	100	0	49	2	100	0	47	2	100	0	44	5	200	0	0	0	0	0	0	0	0	0	0	0	0	0	0	0	0	0	0	0	0	0	0	3	0	0	1	0	0	0	0	0	0	0	0	0	0	0	0	0	0	0	0	0	0	0	0	0	0	0	0	0	0	0	0	0	0	0	0	0	0	0	0	0	0	0	0	0	0	0	0	0	0	0	0	0	
	60693	1	2	드래곤나이트_팬더(강화판)_여	43097	1	69DDA0	43077	44078	0	85832	86003	39918	0	20064	0	911	0	Null	0	Null	0	25355	0	0	1	0	0	0	0	0	0	0	4	86	255	0	0	0	0	0	0	0	0	0	0	0	0	0	0	0	0	0	0	0	0	0	0	0	0	0	0	0	0	2	0	1	0	0	0	0	0	0	99	0	42	2	100	0	31	5	100	0	49	2	100	0	47	2	100	0	32	1	10	0	0	0	0	0	0	0	0	0	0	0	0	0	0	0	0	0	0	0	0	0	0	3	0	0	1	0	0	0	0	0	0	0	0	0	0	0	0	0	0	0	0	0	0	0	0	0	0	0	0	0	0	0	0	0	0	0	0	0	0	0	0	0	0	0	0	0	0	0	0	0	0	0	0	0	
	60694	1	2	드래곤나이트_검은_사무라이(강화판)_여	44102	1	69DDA0	43077	44078	0	85833	86024	39918	0	20064	0	911	0	Null	0	Null	0	25355	0	0	1	0	0	0	0	0	0	0	4	86	255	0	0	0	0	0	0	0	0	0	0	0	0	0	0	0	0	0	0	0	0	0	0	0	0	0	0	0	0	2	0	1	0	0	0	0	0	0	99	0	42	2	100	0	31	5	100	0	49	2	100	0	47	2	100	0	32	1	10	0	0	0	0	0	0	0	0	0	0	0	0	0	0	0	0	0	0	0	0	0	0	0	0	0	1	0	0	0	0	0	0	0	0	0	0	0	0	0	0	0	0	0	0	0	0	0	0	0	0	0	0	0	0	0	0	0	0	0	0	0	0	0	0	0	0	0	0	0	0	0	0	0	0	0	
	60695	1	2	드래곤나이트_붉은_사무라이(강화판)_여	44103	1	69DDA0	43077	44078	0	85834	86025	39918	0	20064	0	911	0	Null	0	Null	0	25355	0	0	1	0	0	0	0	0	0	0	4	86	255	0	0	0	0	0	0	0	0	0	0	0	0	0	0	0	0	0	0	0	0	0	0	0	0	0	0	0	0	2	0	1	0	0	0	0	0	0	99	0	42	2	100	0	31	5	100	0	49	2	100	0	47	2	100	0	32	1	10	0	0	0	0	0	0	0	0	0	0	0	0	0	0	0	0	0	0	0	0	0	0	0	0	0	1	0	0	0	0	0	0	0	0	0	0	0	0	0	0	0	0	0	0	0	0	0	0	0	0	0	0	0	0	0	0	0	0	0	0	0	0	0	0	0	0	0	0	0	0	0	0	0	0	0	
	60696	1	2	드래곤나이트_삐에로(강화판)_여	44104	1	69DDA0	43077	44078	0	85835	86026	39918	0	20064	0	911	0	Null	0	Null	0	25355	0	0	1	0	0	0	0	0	0	0	4	86	255	0	0	0	0	0	0	0	0	0	0	0	0	0	0	0	0	0	0	0	0	0	0	0	0	0	0	0	0	2	0	1	0	0	0	0	0	0	99	0	42	2	100	0	31	5	100	0	49	2	100	0	47	2	100	0	32	1	10	0	0	0	0	0	0	0	0	0	0	0	0	0	0	0	0	0	0	0	0	0	0	3	0	0	1	0	0	0	0	0	0	0	0	0	0	0	0	0	0	0	0	0	0	0	0	0	0	0	0	0	0	0	0	0	0	0	0	0	0	0	0	0	0	0	0	0	0	0	0	0	0	0	0	0	
	60697	1	2	드래곤나이트_사제(강화판)_여	43175	1	69DDA0	43077	44078	0	85836	86032	39918	0	20064	0	911	0	Null	0	Null	0	25355	0	0	1	0	0	0	0	0	0	0	4	86	255	0	0	0	0	0	0	0	0	0	0	0	0	0	0	0	0	0	0	0	0	0	0	0	0	0	0	0	0	2	0	1	0	0	0	0	0	0	99	0	42	2	100	0	31	5	100	0	49	2	100	0	47	2	100	0	32	1	10	0	0	0	0	0	0	0	0	0	0	0	0	0	0	0	0	0	0	0	0	0	0	3	0	0	1	0	0	0	0	0	0	0	0	0	0	0	0	0	0	0	0	0	0	0	0	0	0	0	0	0	0	0	0	0	0	0	0	0	0	0	0	0	0	0	0	0	0	0	0	0	0	0	0	0	
	60698	1	2	드래곤나이트용_해적코스튬(강화판)_여	44194	1	69DDA0	43077	44078	0	86091	86084	39918	0	20064	0	911	0	Null	0	Null	0	25355	0	0	1	0	0	0	0	0	0	0	4	86	255	0	0	0	0	0	0	0	0	0	0	0	0	0	0	0	0	0	0	0	0	0	0	0	0	0	0	0	0	2	0	1	0	0	0	0	0	0	99	0	42	2	100	0	31	5	100	0	49	2	100	0	47	2	100	0	32	1	10	0	0	0	0	0	0	0	0	0	0	0	0	0	0	0	0	0	0	0	0	0	0	0	0	0	1	0	0	0	0	0	0	0	0	0	0	0	0	0	0	0	0	0	0	0	0	0	0	0	0	0	0	0	0	0	0	0	0	0	0	0	0	0	0	0	0	0	0	0	0	0	0	0	0	0	
	60699	1	2	드래곤나이트_호피(강화판)_여	44207	1	69DDA0	43077	44078	0	85837	86033	39918	0	20064	0	911	0	Null	0	Null	0	25355	0	0	1	0	0	0	0	0	0	0	4	86	255	0	0	0	0	0	0	0	0	0	0	0	0	0	0	0	0	0	0	0	0	0	0	0	0	0	0	0	0	2	0	1	0	0	0	0	0	0	99	0	42	2	100	0	31	5	100	0	49	2	100	0	47	2	100	0	32	1	10	0	0	0	0	0	0	0	0	0	0	0	0	0	0	0	0	0	0	0	0	0	0	0	0	0	1	0	0	0	0	0	0	0	0	0	0	0	0	0	0	0	0	0	0	0	0	0	0	0	0	0	0	0	0	0	0	0	0	0	0	0	0	0	0	0	0	0	0	0	0	0	0	0	0	0	
	60700	1	2	발키리_에텔레인예복(기간제)_남	44069	1	69DDA0	43077	44079	85808	0	85838	39918	0	20064	0	911	0	Null	0	Null	0	25355	0	0	1	0	0	0	0	0	0	0	4	86	255	0	0	0	0	0	0	0	0	0	0	0	0	0	0	0	0	0	0	0	0	0	0	0	0	0	0	0	0	1	0	0	0	1	0	0	0	0	99	0	49	2	100	0	47	2	100	0	32	1	7	0	0	0	0	0	0	0	0	0	0	0	0	0	0	0	0	0	0	0	0	0	0	0	0	0	0	0	0	0	0	0	0	0	1	0	0	0	0	0	0	0	0	0	0	0	0	0	0	0	0	0	0	0	0	0	0	0	0	0	0	0	0	0	0	0	0	0	0	0	0	0	0	0	0	0	0	0	0	0	0	0	0	0	
	60701	1	2	발키리_곰돌이(기간제)_남	43092	1	69DDA0	43077	44079	85809	0	85860	39918	0	20064	0	911	0	Null	0	Null	0	25355	0	0	1	0	0	0	0	0	0	0	4	86	255	0	0	0	0	0	0	0	0	0	0	0	0	0	0	0	0	0	0	0	0	0	0	0	0	0	0	0	0	1	0	0	0	1	0	0	0	0	99	0	49	2	100	0	47	2	100	0	44	5	200	0	0	0	0	0	0	0	0	0	0	0	0	0	0	0	0	0	0	0	0	0	0	0	0	0	0	0	0	0	3	0	0	0	1	0	0	0	0	0	0	0	0	0	0	0	0	0	0	0	0	0	0	0	0	0	0	0	0	0	0	0	0	0	0	0	0	0	0	0	0	0	0	0	0	0	0	0	0	0	0	0	0	0	
	60702	1	2	발키리_팬더(기간제)_남	43093	1	69DDA0	43077	44079	85810	0	85861	39918	0	20064	0	911	0	Null	0	Null	0	25355	0	0	1	0	0	0	0	0	0	0	4	86	255	0	0	0	0	0	0	0	0	0	0	0	0	0	0	0	0	0	0	0	0	0	0	0	0	0	0	0	0	1	0	0	0	1	0	0	0	0	99	0	49	2	100	0	47	2	100	0	32	1	7	0	0	0	0	0	0	0	0	0	0	0	0	0	0	0	0	0	0	0	0	0	0	0	0	0	0	0	0	0	3	0	0	0	1	0	0	0	0	0	0	0	0	0	0	0	0	0	0	0	0	0	0	0	0	0	0	0	0	0	0	0	0	0	0	0	0	0	0	0	0	0	0	0	0	0	0	0	0	0	0	0	0	0	
	60703	1	2	발키리_검은_사무라이(기간제)_남	44070	1	69DDA0	43077	44079	85811	0	85862	39918	0	20064	0	911	0	Null	0	Null	0	25355	0	0	1	0	0	0	0	0	0	0	4	86	255	0	0	0	0	0	0	0	0	0	0	0	0	0	0	0	0	0	0	0	0	0	0	0	0	0	0	0	0	1	0	0	0	1	0	0	0	0	99	0	49	2	100	0	47	2	100	0	32	1	7	0	0	0	0	0	0	0	0	0	0	0	0	0	0	0	0	0	0	0	0	0	0	0	0	0	0	0	0	0	0	0	0	0	1	0	0	0	0	0	0	0	0	0	0	0	0	0	0	0	0	0	0	0	0	0	0	0	0	0	0	0	0	0	0	0	0	0	0	0	0	0	0	0	0	0	0	0	0	0	0	0	0	0	
	60704	1	2	발키리_붉은_사무라이(기간제)_남	44071	1	69DDA0	43077	44079	85812	0	85863	39918	0	20064	0	911	0	Null	0	Null	0	25355	0	0	1	0	0	0	0	0	0	0	4	86	255	0	0	0	0	0	0	0	0	0	0	0	0	0	0	0	0	0	0	0	0	0	0	0	0	0	0	0	0	1	0	0	0	1	0	0	0	0	99	0	49	2	100	0	47	2	100	0	32	1	7	0	0	0	0	0	0	0	0	0	0	0	0	0	0	0	0	0	0	0	0	0	0	0	0	0	0	0	0	0	0	0	0	0	1	0	0	0	0	0	0	0	0	0	0	0	0	0	0	0	0	0	0	0	0	0	0	0	0	0	0	0	0	0	0	0	0	0	0	0	0	0	0	0	0	0	0	0	0	0	0	0	0	0	
	60705	1	2	발키리_삐에로(기간제)_남	44072	1	69DDA0	43077	44079	85813	0	85864	39918	0	20064	0	911	0	Null	0	Null	0	25355	0	0	1	0	0	0	0	0	0	0	4	86	255	0	0	0	0	0	0	0	0	0	0	0	0	0	0	0	0	0	0	0	0	0	0	0	0	0	0	0	0	1	0	0	0	1	0	0	0	0	99	0	49	2	100	0	47	2	100	0	32	1	7	0	0	0	0	0	0	0	0	0	0	0	0	0	0	0	0	0	0	0	0	0	0	0	0	0	0	0	0	0	3	0	0	0	1	0	0	0	0	0	0	0	0	0	0	0	0	0	0	0	0	0	0	0	0	0	0	0	0	0	0	0	0	0	0	0	0	0	0	0	0	0	0	0	0	0	0	0	0	0	0	0	0	0	
	60706	1	2	발키리_사제(기간제)_남	43176	1	69DDA0	43077	44079	85814	0	85844	39918	0	20064	0	911	0	Null	0	Null	0	25355	0	0	1	0	0	0	0	0	0	0	4	86	255	0	0	0	0	0	0	0	0	0	0	0	0	0	0	0	0	0	0	0	0	0	0	0	0	0	0	0	0	1	0	0	0	1	0	0	0	0	99	0	49	2	100	0	47	2	100	0	32	1	7	0	0	0	0	0	0	0	0	0	0	0	0	0	0	0	0	0	0	0	0	0	0	0	0	0	0	0	0	0	0	0	0	0	1	0	0	0	0	0	0	0	0	0	0	0	0	0	0	0	0	0	0	0	0	0	0	0	0	0	0	0	0	0	0	0	0	0	0	0	0	0	0	0	0	0	0	0	0	0	0	0	0	0	
	60707	1	2	발키리용_해적코스튬(기간제)_남	44188	1	69DDA0	43077	44079	86090	0	86076	39918	0	20064	0	911	0	Null	0	Null	0	25355	0	0	1	0	0	0	0	0	0	0	4	86	255	0	0	0	0	0	0	0	0	0	0	0	0	0	0	0	0	0	0	0	0	0	0	0	0	0	0	0	0	1	0	0	0	1	0	0	0	0	99	0	49	2	100	0	47	2	100	0	32	1	7	0	0	0	0	0	0	0	0	0	0	0	0	0	0	0	0	0	0	0	0	0	0	0	0	0	0	0	0	0	3	0	0	0	1	0	0	0	0	0	0	0	0	0	0	0	0	0	0	0	0	0	0	0	0	0	0	0	0	0	0	0	0	0	0	0	0	0	0	0	0	0	0	0	0	0	0	0	0	0	0	0	0	0	
	60708	1	2	발키리_에텔레인예복(기간제)_여	44069	1	69DDA0	43077	44078	0	85830	85859	39918	0	20064	0	911	0	Null	0	Null	0	25355	0	0	1	0	0	0	0	0	0	0	4	86	255	0	0	0	0	0	0	0	0	0	0	0	0	0	0	0	0	0	0	0	0	0	0	0	0	0	0	0	0	2	0	0	0	1	0	0	0	0	99	0	49	2	100	0	47	2	100	0	32	1	7	0	0	0	0	0	0	0	0	0	0	0	0	0	0	0	0	0	0	0	0	0	0	0	0	0	0	0	0	0	0	0	0	0	1	0	0	0	0	0	0	0	0	0	0	0	0	0	0	0	0	0	0	0	0	0	0	0	0	0	0	0	0	0	0	0	0	0	0	0	0	0	0	0	0	0	0	0	0	0	0	0	0	0	
	60709	1	2	발키리_곰돌이(기간제)_여	43092	1	69DDA0	43077	44078	0	85831	85860	39918	0	20064	0	911	0	Null	0	Null	0	25355	0	0	1	0	0	0	0	0	0	0	4	86	255	0	0	0	0	0	0	0	0	0	0	0	0	0	0	0	0	0	0	0	0	0	0	0	0	0	0	0	0	2	0	0	0	1	0	0	0	0	99	0	49	2	100	0	47	2	100	0	44	5	200	0	0	0	0	0	0	0	0	0	0	0	0	0	0	0	0	0	0	0	0	0	0	0	0	0	0	0	0	0	0	3	0	0	1	0	0	0	0	0	0	0	0	0	0	0	0	0	0	0	0	0	0	0	0	0	0	0	0	0	0	0	0	0	0	0	0	0	0	0	0	0	0	0	0	0	0	0	0	0	0	0	0	0	
	60710	1	2	발키리_팬더(기간제)_여	43093	1	69DDA0	43077	44078	0	85832	85861	39918	0	20064	0	911	0	Null	0	Null	0	25355	0	0	1	0	0	0	0	0	0	0	4	86	255	0	0	0	0	0	0	0	0	0	0	0	0	0	0	0	0	0	0	0	0	0	0	0	0	0	0	0	0	2	0	0	0	1	0	0	0	0	99	0	49	2	100	0	47	2	100	0	32	1	7	0	0	0	0	0	0	0	0	0	0	0	0	0	0	0	0	0	0	0	0	0	0	0	0	0	0	0	0	0	0	3	0	0	1	0	0	0	0	0	0	0	0	0	0	0	0	0	0	0	0	0	0	0	0	0	0	0	0	0	0	0	0	0	0	0	0	0	0	0	0	0	0	0	0	0	0	0	0	0	0	0	0	0	
	60711	1	2	발키리_검은_사무라이(기간제)_여	44070	1	69DDA0	43077	44078	0	85833	85862	39918	0	20064	0	911	0	Null	0	Null	0	25355	0	0	1	0	0	0	0	0	0	0	4	86	255	0	0	0	0	0	0	0	0	0	0	0	0	0	0	0	0	0	0	0	0	0	0	0	0	0	0	0	0	2	0	0	0	1	0	0	0	0	99	0	49	2	100	0	47	2	100	0	32	1	7	0	0	0	0	0	0	0	0	0	0	0	0	0	0	0	0	0	0	0	0	0	0	0	0	0	0	0	0	0	0	0	0	0	1	0	0	0	0	0	0	0	0	0	0	0	0	0	0	0	0	0	0	0	0	0	0	0	0	0	0	0	0	0	0	0	0	0	0	0	0	0	0	0	0	0	0	0	0	0	0	0	0	0	
	60712	1	2	발키리_붉은_사무라이(기간제)_여	44071	1	69DDA0	43077	44078	0	85834	85863	39918	0	20064	0	911	0	Null	0	Null	0	25355	0	0	1	0	0	0	0	0	0	0	4	86	255	0	0	0	0	0	0	0	0	0	0	0	0	0	0	0	0	0	0	0	0	0	0	0	0	0	0	0	0	2	0	0	0	1	0	0	0	0	99	0	49	2	100	0	47	2	100	0	32	1	7	0	0	0	0	0	0	0	0	0	0	0	0	0	0	0	0	0	0	0	0	0	0	0	0	0	0	0	0	0	0	0	0	0	1	0	0	0	0	0	0	0	0	0	0	0	0	0	0	0	0	0	0	0	0	0	0	0	0	0	0	0	0	0	0	0	0	0	0	0	0	0	0	0	0	0	0	0	0	0	0	0	0	0	
	60713	1	2	발키리_삐에로(기간제)_여	44072	1	69DDA0	43077	44078	0	85835	85864	39918	0	20064	0	911	0	Null	0	Null	0	25355	0	0	1	0	0	0	0	0	0	0	4	86	255	0	0	0	0	0	0	0	0	0	0	0	0	0	0	0	0	0	0	0	0	0	0	0	0	0	0	0	0	2	0	0	0	1	0	0	0	0	99	0	49	2	100	0	47	2	100	0	32	1	7	0	0	0	0	0	0	0	0	0	0	0	0	0	0	0	0	0	0	0	0	0	0	0	0	0	0	0	0	0	0	3	0	0	1	0	0	0	0	0	0	0	0	0	0	0	0	0	0	0	0	0	0	0	0	0	0	0	0	0	0	0	0	0	0	0	0	0	0	0	0	0	0	0	0	0	0	0	0	0	0	0	0	0	
	60714	1	2	발키리_수녀(기간제)_여	44073	1	69DDA0	43077	44078	0	85836	85865	39918	0	20064	0	911	0	Null	0	Null	0	25355	0	0	1	0	0	0	0	0	0	0	4	86	255	0	0	0	0	0	0	0	0	0	0	0	0	0	0	0	0	0	0	0	0	0	0	0	0	0	0	0	0	2	0	0	0	1	0	0	0	0	99	0	49	2	100	0	47	2	100	0	32	1	7	0	0	0	0	0	0	0	0	0	0	0	0	0	0	0	0	0	0	0	0	0	0	0	0	0	0	0	0	0	0	3	0	0	1	0	0	0	0	0	0	0	0	0	0	0	0	0	0	0	0	0	0	0	0	0	0	0	0	0	0	0	0	0	0	0	0	0	0	0	0	0	0	0	0	0	0	0	0	0	0	0	0	0	
	60715	1	2	발키리용_해적코스튬(기간제)_여	44188	1	69DDA0	43077	44078	0	86091	86077	39918	0	20064	0	911	0	Null	0	Null	0	25355	0	0	1	0	0	0	0	0	0	0	4	86	255	0	0	0	0	0	0	0	0	0	0	0	0	0	0	0	0	0	0	0	0	0	0	0	0	0	0	0	0	2	0	0	0	1	0	0	0	0	99	0	49	2	100	0	47	2	100	0	32	1	7	0	0	0	0	0	0	0	0	0	0	0	0	0	0	0	0	0	0	0	0	0	0	0	0	0	0	0	0	0	0	0	0	0	1	0	0	0	0	0	0	0	0	0	0	0	0	0	0	0	0	0	0	0	0	0	0	0	0	0	0	0	0	0	0	0	0	0	0	0	0	0	0	0	0	0	0	0	0	0	0	0	0	0	
	60716	1	2	발키리_에텔레인예복(강화판)_남	44117	1	69DDA0	43077	44079	85808	0	86023	39918	0	20064	0	911	0	Null	0	Null	0	25355	0	0	1	0	0	0	0	0	0	0	4	86	255	0	0	0	0	0	0	0	0	0	0	0	0	0	0	0	0	0	0	0	0	0	0	0	0	0	0	0	0	1	0	0	0	1	0	0	0	0	99	0	42	2	100	0	31	5	100	0	49	2	100	0	47	2	100	0	32	1	10	0	0	0	0	0	0	0	0	0	0	0	0	0	0	0	0	0	0	0	0	0	0	0	0	0	1	0	0	0	0	0	0	0	0	0	0	0	0	0	0	0	0	0	0	0	0	0	0	0	0	0	0	0	0	0	0	0	0	0	0	0	0	0	0	0	0	0	0	0	0	0	0	0	0	0	
	60717	1	2	발키리_곰돌이(강화판)_남	43102	1	69DDA0	43077	44079	85809	0	86004	39918	0	20064	0	911	0	Null	0	Null	0	25355	0	0	1	0	0	0	0	0	0	0	4	86	255	0	0	0	0	0	0	0	0	0	0	0	0	0	0	0	0	0	0	0	0	0	0	0	0	0	0	0	0	1	0	0	0	1	0	0	0	0	99	0	42	2	100	0	31	5	100	0	49	2	100	0	47	2	100	0	44	5	200	0	0	0	0	0	0	0	0	0	0	0	0	0	0	0	0	0	0	0	0	0	3	0	0	0	1	0	0	0	0	0	0	0	0	0	0	0	0	0	0	0	0	0	0	0	0	0	0	0	0	0	0	0	0	0	0	0	0	0	0	0	0	0	0	0	0	0	0	0	0	0	0	0	0	0	
	60718	1	2	발키리_팬더(강화판)_남	43103	1	69DDA0	43077	44079	85810	0	86005	39918	0	20064	0	911	0	Null	0	Null	0	25355	0	0	1	0	0	0	0	0	0	0	4	86	255	0	0	0	0	0	0	0	0	0	0	0	0	0	0	0	0	0	0	0	0	0	0	0	0	0	0	0	0	1	0	0	0	1	0	0	0	0	99	0	42	2	100	0	31	5	100	0	49	2	100	0	47	2	100	0	32	1	10	0	0	0	0	0	0	0	0	0	0	0	0	0	0	0	0	0	0	0	0	0	3	0	0	0	1	0	0	0	0	0	0	0	0	0	0	0	0	0	0	0	0	0	0	0	0	0	0	0	0	0	0	0	0	0	0	0	0	0	0	0	0	0	0	0	0	0	0	0	0	0	0	0	0	0	
	60719	1	2	발키리_검은_사무라이(강화판)_남	44118	1	69DDA0	43077	44079	85811	0	86029	39918	0	20064	0	911	0	Null	0	Null	0	25355	0	0	1	0	0	0	0	0	0	0	4	86	255	0	0	0	0	0	0	0	0	0	0	0	0	0	0	0	0	0	0	0	0	0	0	0	0	0	0	0	0	1	0	0	0	1	0	0	0	0	99	0	42	2	100	0	31	5	100	0	49	2	100	0	47	2	100	0	32	1	10	0	0	0	0	0	0	0	0	0	0	0	0	0	0	0	0	0	0	0	0	0	0	0	0	0	1	0	0	0	0	0	0	0	0	0	0	0	0	0	0	0	0	0	0	0	0	0	0	0	0	0	0	0	0	0	0	0	0	0	0	0	0	0	0	0	0	0	0	0	0	0	0	0	0	0	
	60720	1	2	발키리_붉은_사무라이(강화판)_남	44119	1	69DDA0	43077	44079	85812	0	86030	39918	0	20064	0	911	0	Null	0	Null	0	25355	0	0	1	0	0	0	0	0	0	0	4	86	255	0	0	0	0	0	0	0	0	0	0	0	0	0	0	0	0	0	0	0	0	0	0	0	0	0	0	0	0	1	0	0	0	1	0	0	0	0	99	0	42	2	100	0	31	5	100	0	49	2	100	0	47	2	100	0	32	1	10	0	0	0	0	0	0	0	0	0	0	0	0	0	0	0	0	0	0	0	0	0	0	0	0	0	1	0	0	0	0	0	0	0	0	0	0	0	0	0	0	0	0	0	0	0	0	0	0	0	0	0	0	0	0	0	0	0	0	0	0	0	0	0	0	0	0	0	0	0	0	0	0	0	0	0	
	60721	1	2	발키리_삐에로(강화판)_남	44120	1	69DDA0	43077	44079	85813	0	86031	39918	0	20064	0	911	0	Null	0	Null	0	25355	0	0	1	0	0	0	0	0	0	0	4	86	255	0	0	0	0	0	0	0	0	0	0	0	0	0	0	0	0	0	0	0	0	0	0	0	0	0	0	0	0	1	0	0	0	1	0	0	0	0	99	0	42	2	100	0	31	5	100	0	49	2	100	0	47	2	100	0	32	1	10	0	0	0	0	0	0	0	0	0	0	0	0	0	0	0	0	0	0	0	0	0	3	0	0	0	1	0	0	0	0	0	0	0	0	0	0	0	0	0	0	0	0	0	0	0	0	0	0	0	0	0	0	0	0	0	0	0	0	0	0	0	0	0	0	0	0	0	0	0	0	0	0	0	0	0	
	60722	1	2	발키리_사제(강화판)_남	43177	1	69DDA0	43077	44079	85814	0	86027	39918	0	20064	0	911	0	Null	0	Null	0	25355	0	0	1	0	0	0	0	0	0	0	4	86	255	0	0	0	0	0	0	0	0	0	0	0	0	0	0	0	0	0	0	0	0	0	0	0	0	0	0	0	0	1	0	0	0	1	0	0	0	0	99	0	42	2	100	0	31	5	100	0	49	2	100	0	47	2	100	0	32	1	10	0	0	0	0	0	0	0	0	0	0	0	0	0	0	0	0	0	0	0	0	0	0	0	0	0	1	0	0	0	0	0	0	0	0	0	0	0	0	0	0	0	0	0	0	0	0	0	0	0	0	0	0	0	0	0	0	0	0	0	0	0	0	0	0	0	0	0	0	0	0	0	0	0	0	0	
	60723	1	2	발키리용_해적코스튬(강화판)_남	44195	1	69DDA0	43077	44079	86090	0	86083	39918	0	20064	0	911	0	Null	0	Null	0	25355	0	0	1	0	0	0	0	0	0	0	4	86	255	0	0	0	0	0	0	0	0	0	0	0	0	0	0	0	0	0	0	0	0	0	0	0	0	0	0	0	0	1	0	0	0	1	0	0	0	0	99	0	42	2	100	0	31	5	100	0	49	2	100	0	47	2	100	0	32	1	10	0	0	0	0	0	0	0	0	0	0	0	0	0	0	0	0	0	0	0	0	0	3	0	0	0	1	0	0	0	0	0	0	0	0	0	0	0	0	0	0	0	0	0	0	0	0	0	0	0	0	0	0	0	0	0	0	0	0	0	0	0	0	0	0	0	0	0	0	0	0	0	0	0	0	0	
	60724	1	2	발키리_에텔레인예복(강화판)_여	44117	1	69DDA0	43077	44078	0	85830	86028	39918	0	20064	0	911	0	Null	0	Null	0	25355	0	0	1	0	0	0	0	0	0	0	4	86	255	0	0	0	0	0	0	0	0	0	0	0	0	0	0	0	0	0	0	0	0	0	0	0	0	0	0	0	0	2	0	0	0	1	0	0	0	0	99	0	42	2	100	0	31	5	100	0	49	2	100	0	47	2	100	0	32	1	10	0	0	0	0	0	0	0	0	0	0	0	0	0	0	0	0	0	0	0	0	0	0	0	0	0	1	0	0	0	0	0	0	0	0	0	0	0	0	0	0	0	0	0	0	0	0	0	0	0	0	0	0	0	0	0	0	0	0	0	0	0	0	0	0	0	0	0	0	0	0	0	0	0	0	0	
	60725	1	2	발키리_곰돌이(강화판)_여	43102	1	69DDA0	43077	44078	0	85831	86004	39918	0	20064	0	911	0	Null	0	Null	0	25355	0	0	1	0	0	0	0	0	0	0	4	86	255	0	0	0	0	0	0	0	0	0	0	0	0	0	0	0	0	0	0	0	0	0	0	0	0	0	0	0	0	2	0	0	0	1	0	0	0	0	99	0	42	2	100	0	31	5	100	0	49	2	100	0	47	2	100	0	44	5	200	0	0	0	0	0	0	0	0	0	0	0	0	0	0	0	0	0	0	0	0	0	0	3	0	0	1	0	0	0	0	0	0	0	0	0	0	0	0	0	0	0	0	0	0	0	0	0	0	0	0	0	0	0	0	0	0	0	0	0	0	0	0	0	0	0	0	0	0	0	0	0	0	0	0	0	
	60726	1	2	발키리_팬더(강화판)_여	43103	1	69DDA0	43077	44078	0	85832	86005	39918	0	20064	0	911	0	Null	0	Null	0	25355	0	0	1	0	0	0	0	0	0	0	4	86	255	0	0	0	0	0	0	0	0	0	0	0	0	0	0	0	0	0	0	0	0	0	0	0	0	0	0	0	0	2	0	0	0	1	0	0	0	0	99	0	42	2	100	0	31	5	100	0	49	2	100	0	47	2	100	0	32	1	10	0	0	0	0	0	0	0	0	0	0	0	0	0	0	0	0	0	0	0	0	0	0	3	0	0	1	0	0	0	0	0	0	0	0	0	0	0	0	0	0	0	0	0	0	0	0	0	0	0	0	0	0	0	0	0	0	0	0	0	0	0	0	0	0	0	0	0	0	0	0	0	0	0	0	0	
	60727	1	2	발키리_검은_사무라이(강화판)_여	44118	1	69DDA0	43077	44078	0	85833	86029	39918	0	20064	0	911	0	Null	0	Null	0	25355	0	0	1	0	0	0	0	0	0	0	4	86	255	0	0	0	0	0	0	0	0	0	0	0	0	0	0	0	0	0	0	0	0	0	0	0	0	0	0	0	0	2	0	0	0	1	0	0	0	0	99	0	42	2	100	0	31	5	100	0	49	2	100	0	47	2	100	0	32	1	10	0	0	0	0	0	0	0	0	0	0	0	0	0	0	0	0	0	0	0	0	0	0	0	0	0	1	0	0	0	0	0	0	0	0	0	0	0	0	0	0	0	0	0	0	0	0	0	0	0	0	0	0	0	0	0	0	0	0	0	0	0	0	0	0	0	0	0	0	0	0	0	0	0	0	0	
	60728	1	2	발키리_붉은_사무라이(강화판)_여	44119	1	69DDA0	43077	44078	0	85834	86030	39918	0	20064	0	911	0	Null	0	Null	0	25355	0	0	1	0	0	0	0	0	0	0	4	86	255	0	0	0	0	0	0	0	0	0	0	0	0	0	0	0	0	0	0	0	0	0	0	0	0	0	0	0	0	2	0	0	0	1	0	0	0	0	99	0	42	2	100	0	31	5	100	0	49	2	100	0	47	2	100	0	32	1	10	0	0	0	0	0	0	0	0	0	0	0	0	0	0	0	0	0	0	0	0	0	0	0	0	0	1	0	0	0	0	0	0	0	0	0	0	0	0	0	0	0	0	0	0	0	0	0	0	0	0	0	0	0	0	0	0	0	0	0	0	0	0	0	0	0	0	0	0	0	0	0	0	0	0	0	
	60729	1	2	발키리_삐에로(강화판)_여	44120	1	69DDA0	43077	44078	0	85835	86031	39918	0	20064	0	911	0	Null	0	Null	0	25355	0	0	1	0	0	0	0	0	0	0	4	86	255	0	0	0	0	0	0	0	0	0	0	0	0	0	0	0	0	0	0	0	0	0	0	0	0	0	0	0	0	2	0	0	0	1	0	0	0	0	99	0	42	2	100	0	31	5	100	0	49	2	100	0	47	2	100	0	32	1	10	0	0	0	0	0	0	0	0	0	0	0	0	0	0	0	0	0	0	0	0	0	0	3	0	0	1	0	0	0	0	0	0	0	0	0	0	0	0	0	0	0	0	0	0	0	0	0	0	0	0	0	0	0	0	0	0	0	0	0	0	0	0	0	0	0	0	0	0	0	0	0	0	0	0	0	
	60730	1	2	발키리_수녀(강화판)_여	44121	1	69DDA0	43077	44078	0	85836	86032	39918	0	20064	0	911	0	Null	0	Null	0	25355	0	0	1	0	0	0	0	0	0	0	4	86	255	0	0	0	0	0	0	0	0	0	0	0	0	0	0	0	0	0	0	0	0	0	0	0	0	0	0	0	0	2	0	0	0	1	0	0	0	0	99	0	42	2	100	0	31	5	100	0	49	2	100	0	47	2	100	0	32	1	10	0	0	0	0	0	0	0	0	0	0	0	0	0	0	0	0	0	0	0	0	0	0	3	0	0	1	0	0	0	0	0	0	0	0	0	0	0	0	0	0	0	0	0	0	0	0	0	0	0	0	0	0	0	0	0	0	0	0	0	0	0	0	0	0	0	0	0	0	0	0	0	0	0	0	0	
	60731	1	2	발키리용_해적코스튬(강화판)_여	44195	1	69DDA0	43077	44078	0	86091	86084	39918	0	20064	0	911	0	Null	0	Null	0	25355	0	0	1	0	0	0	0	0	0	0	4	86	255	0	0	0	0	0	0	0	0	0	0	0	0	0	0	0	0	0	0	0	0	0	0	0	0	0	0	0	0	2	0	0	0	1	0	0	0	0	99	0	42	2	100	0	31	5	100	0	49	2	100	0	47	2	100	0	32	1	10	0	0	0	0	0	0	0	0	0	0	0	0	0	0	0	0	0	0	0	0	0	0	0	0	0	1	0	0	0	0	0	0	0	0	0	0	0	0	0	0	0	0	0	0	0	0	0	0	0	0	0	0	0	0	0	0	0	0	0	0	0	0	0	0	0	0	0	0	0	0	0	0	0	0	0	
	60732	1	2	엘리멘탈리스트_에텔레인예복(기간제)_남	44063	1	69DDA0	43077	44079	85815	0	85838	39918	0	20064	0	911	0	Null	0	Null	0	25355	0	0	1	0	0	0	0	0	0	0	4	86	255	0	0	0	0	0	0	0	0	0	0	0	0	0	0	0	0	0	0	0	0	0	0	0	0	0	0	0	0	1	0	0	0	0	1	0	0	0	99	0	49	2	100	0	47	2	100	0	32	1	7	0	0	0	0	0	0	0	0	0	0	0	0	0	0	0	0	0	0	0	0	0	0	0	0	0	0	0	0	0	0	0	0	0	1	0	0	0	0	0	0	0	0	0	0	0	0	0	0	0	0	0	0	0	0	0	0	0	0	0	0	0	0	0	0	0	0	0	0	0	0	0	0	0	0	0	0	0	0	0	0	0	0	0	
	60733	1	2	엘리멘탈리스트_곰돌이(기간제)_남	43090	1	69DDA0	43077	44079	85816	0	85860	39918	0	20064	0	911	0	Null	0	Null	0	25355	0	0	1	0	0	0	0	0	0	0	4	86	255	0	0	0	0	0	0	0	0	0	0	0	0	0	0	0	0	0	0	0	0	0	0	0	0	0	0	0	0	1	0	0	0	0	1	0	0	0	99	0	49	2	100	0	47	2	100	0	44	5	200	0	0	0	0	0	0	0	0	0	0	0	0	0	0	0	0	0	0	0	0	0	0	0	0	0	0	0	0	0	3	0	0	0	1	0	0	0	0	0	0	0	0	0	0	0	0	0	0	0	0	0	0	0	0	0	0	0	0	0	0	0	0	0	0	0	0	0	0	0	0	0	0	0	0	0	0	0	0	0	0	0	0	0	
	60734	1	2	엘리멘탈리스트_팬더(기간제)_남	43091	1	69DDA0	43077	44079	85817	0	85861	39918	0	20064	0	911	0	Null	0	Null	0	25355	0	0	1	0	0	0	0	0	0	0	4	86	255	0	0	0	0	0	0	0	0	0	0	0	0	0	0	0	0	0	0	0	0	0	0	0	0	0	0	0	0	1	0	0	0	0	1	0	0	0	99	0	49	2	100	0	47	2	100	0	32	1	7	0	0	0	0	0	0	0	0	0	0	0	0	0	0	0	0	0	0	0	0	0	0	0	0	0	0	0	0	0	3	0	0	0	1	0	0	0	0	0	0	0	0	0	0	0	0	0	0	0	0	0	0	0	0	0	0	0	0	0	0	0	0	0	0	0	0	0	0	0	0	0	0	0	0	0	0	0	0	0	0	0	0	0	
	60735	1	2	엘리멘탈리스트_검은_사무라이(기간제)_남	44064	1	69DDA0	43077	44079	85818	0	85862	39918	0	20064	0	911	0	Null	0	Null	0	25355	0	0	1	0	0	0	0	0	0	0	4	86	255	0	0	0	0	0	0	0	0	0	0	0	0	0	0	0	0	0	0	0	0	0	0	0	0	0	0	0	0	1	0	0	0	0	1	0	0	0	99	0	49	2	100	0	47	2	100	0	32	1	7	0	0	0	0	0	0	0	0	0	0	0	0	0	0	0	0	0	0	0	0	0	0	0	0	0	0	0	0	0	0	0	0	0	1	0	0	0	0	0	0	0	0	0	0	0	0	0	0	0	0	0	0	0	0	0	0	0	0	0	0	0	0	0	0	0	0	0	0	0	0	0	0	0	0	0	0	0	0	0	0	0	0	0	
	60736	1	2	엘리멘탈리스트_붉은_사무라이(기간제)_남	44065	1	69DDA0	43077	44079	85819	0	85863	39918	0	20064	0	911	0	Null	0	Null	0	25355	0	0	1	0	0	0	0	0	0	0	4	86	255	0	0	0	0	0	0	0	0	0	0	0	0	0	0	0	0	0	0	0	0	0	0	0	0	0	0	0	0	1	0	0	0	0	1	0	0	0	99	0	49	2	100	0	47	2	100	0	32	1	7	0	0	0	0	0	0	0	0	0	0	0	0	0	0	0	0	0	0	0	0	0	0	0	0	0	0	0	0	0	0	0	0	0	1	0	0	0	0	0	0	0	0	0	0	0	0	0	0	0	0	0	0	0	0	0	0	0	0	0	0	0	0	0	0	0	0	0	0	0	0	0	0	0	0	0	0	0	0	0	0	0	0	0	
	60737	1	2	엘리멘탈리스트_삐에로(기간제)_남	44066	1	69DDA0	43077	44079	85820	0	85864	39918	0	20064	0	911	0	Null	0	Null	0	25355	0	0	1	0	0	0	0	0	0	0	4	86	255	0	0	0	0	0	0	0	0	0	0	0	0	0	0	0	0	0	0	0	0	0	0	0	0	0	0	0	0	1	0	0	0	0	1	0	0	0	99	0	49	2	100	0	47	2	100	0	32	1	7	0	0	0	0	0	0	0	0	0	0	0	0	0	0	0	0	0	0	0	0	0	0	0	0	0	0	0	0	0	3	0	0	0	1	0	0	0	0	0	0	0	0	0	0	0	0	0	0	0	0	0	0	0	0	0	0	0	0	0	0	0	0	0	0	0	0	0	0	0	0	0	0	0	0	0	0	0	0	0	0	0	0	0	
	60738	1	2	엘리멘탈리스트_사제(기간제)_남	44200	1	69DDA0	43077	44079	85821	0	85844	39918	0	20064	0	911	0	Null	0	Null	0	25355	0	0	1	0	0	0	0	0	0	0	4	86	255	0	0	0	0	0	0	0	0	0	0	0	0	0	0	0	0	0	0	0	0	0	0	0	0	0	0	0	0	1	0	0	0	0	1	0	0	0	99	0	49	2	100	0	47	2	100	0	32	1	7	0	0	0	0	0	0	0	0	0	0	0	0	0	0	0	0	0	0	0	0	0	0	0	0	0	0	0	0	0	0	0	0	0	1	0	0	0	0	0	0	0	0	0	0	0	0	0	0	0	0	0	0	0	0	0	0	0	0	0	0	0	0	0	0	0	0	0	0	0	0	0	0	0	0	0	0	0	0	0	0	0	0	0	
	60739	1	2	엘리용_해적코스튬(기간제)_남	44189	1	69DDA0	43077	44079	86093	0	86079	39918	0	20064	0	911	0	Null	0	Null	0	25355	0	0	1	0	0	0	0	0	0	0	4	86	255	0	0	0	0	0	0	0	0	0	0	0	0	0	0	0	0	0	0	0	0	0	0	0	0	0	0	0	0	1	0	0	0	0	1	0	0	0	99	0	49	2	100	0	47	2	100	0	32	1	7	0	0	0	0	0	0	0	0	0	0	0	0	0	0	0	0	0	0	0	0	0	0	0	0	0	0	0	0	0	3	0	0	0	1	0	0	0	0	0	0	0	0	0	0	0	0	0	0	0	0	0	0	0	0	0	0	0	0	0	0	0	0	0	0	0	0	0	0	0	0	0	0	0	0	0	0	0	0	0	0	0	0	0	
	60740	1	2	엘리멘탈리스트_에텔레인예복(기간제)_여	44063	1	69DDA0	43077	44078	0	85822	85859	39918	0	20064	0	911	0	Null	0	Null	0	25355	0	0	1	0	0	0	0	0	0	0	4	86	255	0	0	0	0	0	0	0	0	0	0	0	0	0	0	0	0	0	0	0	0	0	0	0	0	0	0	0	0	2	0	0	0	0	1	0	0	0	99	0	49	2	100	0	47	2	100	0	32	1	7	0	0	0	0	0	0	0	0	0	0	0	0	0	0	0	0	0	0	0	0	0	0	0	0	0	0	0	0	0	0	0	0	0	1	0	0	0	0	0	0	0	0	0	0	0	0	0	0	0	0	0	0	0	0	0	0	0	0	0	0	0	0	0	0	0	0	0	0	0	0	0	0	0	0	0	0	0	0	0	0	0	0	0	
	60741	1	2	엘리멘탈리스트_곰돌이(기간제)_여	43090	1	69DDA0	43077	44078	0	85823	85860	39918	0	20064	0	911	0	Null	0	Null	0	25355	0	0	1	0	0	0	0	0	0	0	4	86	255	0	0	0	0	0	0	0	0	0	0	0	0	0	0	0	0	0	0	0	0	0	0	0	0	0	0	0	0	2	0	0	0	0	1	0	0	0	99	0	49	2	100	0	47	2	100	0	44	5	200	0	0	0	0	0	0	0	0	0	0	0	0	0	0	0	0	0	0	0	0	0	0	0	0	0	0	0	0	0	0	3	0	0	1	0	0	0	0	0	0	0	0	0	0	0	0	0	0	0	0	0	0	0	0	0	0	0	0	0	0	0	0	0	0	0	0	0	0	0	0	0	0	0	0	0	0	0	0	0	0	0	0	0	
	60742	1	2	엘리멘탈리스트_팬더(기간제)_여	43091	1	69DDA0	43077	44078	0	85824	85861	39918	0	20064	0	911	0	Null	0	Null	0	25355	0	0	1	0	0	0	0	0	0	0	4	86	255	0	0	0	0	0	0	0	0	0	0	0	0	0	0	0	0	0	0	0	0	0	0	0	0	0	0	0	0	2	0	0	0	0	1	0	0	0	99	0	49	2	100	0	47	2	100	0	32	1	7	0	0	0	0	0	0	0	0	0	0	0	0	0	0	0	0	0	0	0	0	0	0	0	0	0	0	0	0	0	0	3	0	0	1	0	0	0	0	0	0	0	0	0	0	0	0	0	0	0	0	0	0	0	0	0	0	0	0	0	0	0	0	0	0	0	0	0	0	0	0	0	0	0	0	0	0	0	0	0	0	0	0	0	
	60743	1	2	엘리멘탈리스트_검은_사무라이(기간제)_여	44064	1	69DDA0	43077	44078	0	85825	85862	39918	0	20064	0	911	0	Null	0	Null	0	25355	0	0	1	0	0	0	0	0	0	0	4	86	255	0	0	0	0	0	0	0	0	0	0	0	0	0	0	0	0	0	0	0	0	0	0	0	0	0	0	0	0	2	0	0	0	0	1	0	0	0	99	0	49	2	100	0	47	2	100	0	32	1	7	0	0	0	0	0	0	0	0	0	0	0	0	0	0	0	0	0	0	0	0	0	0	0	0	0	0	0	0	0	0	0	0	0	1	0	0	0	0	0	0	0	0	0	0	0	0	0	0	0	0	0	0	0	0	0	0	0	0	0	0	0	0	0	0	0	0	0	0	0	0	0	0	0	0	0	0	0	0	0	0	0	0	0	
	60744	1	2	엘리멘탈리스트_붉은_사무라이(기간제)_여	44065	1	69DDA0	43077	44078	0	85826	85863	39918	0	20064	0	911	0	Null	0	Null	0	25355	0	0	1	0	0	0	0	0	0	0	4	86	255	0	0	0	0	0	0	0	0	0	0	0	0	0	0	0	0	0	0	0	0	0	0	0	0	0	0	0	0	2	0	0	0	0	1	0	0	0	99	0	49	2	100	0	47	2	100	0	32	1	7	0	0	0	0	0	0	0	0	0	0	0	0	0	0	0	0	0	0	0	0	0	0	0	0	0	0	0	0	0	0	0	0	0	1	0	0	0	0	0	0	0	0	0	0	0	0	0	0	0	0	0	0	0	0	0	0	0	0	0	0	0	0	0	0	0	0	0	0	0	0	0	0	0	0	0	0	0	0	0	0	0	0	0	
	60745	1	2	엘리멘탈리스트_삐에로(기간제)_여	44066	1	69DDA0	43077	44078	0	85827	85864	39918	0	20064	0	911	0	Null	0	Null	0	25355	0	0	1	0	0	0	0	0	0	0	4	86	255	0	0	0	0	0	0	0	0	0	0	0	0	0	0	0	0	0	0	0	0	0	0	0	0	0	0	0	0	2	0	0	0	0	1	0	0	0	99	0	49	2	100	0	47	2	100	0	32	1	7	0	0	0	0	0	0	0	0	0	0	0	0	0	0	0	0	0	0	0	0	0	0	0	0	0	0	0	0	0	0	3	0	0	1	0	0	0	0	0	0	0	0	0	0	0	0	0	0	0	0	0	0	0	0	0	0	0	0	0	0	0	0	0	0	0	0	0	0	0	0	0	0	0	0	0	0	0	0	0	0	0	0	0	
	60746	1	2	엘리멘탈리스트_수녀(기간제)_여	44067	1	69DDA0	43077	44078	0	85828	85865	39918	0	20064	0	911	0	Null	0	Null	0	25355	0	0	1	0	0	0	0	0	0	0	4	86	255	0	0	0	0	0	0	0	0	0	0	0	0	0	0	0	0	0	0	0	0	0	0	0	0	0	0	0	0	2	0	0	0	0	1	0	0	0	99	0	49	2	100	0	47	2	100	0	32	1	7	0	0	0	0	0	0	0	0	0	0	0	0	0	0	0	0	0	0	0	0	0	0	0	0	0	0	0	0	0	0	3	0	0	1	0	0	0	0	0	0	0	0	0	0	0	0	0	0	0	0	0	0	0	0	0	0	0	0	0	0	0	0	0	0	0	0	0	0	0	0	0	0	0	0	0	0	0	0	0	0	0	0	0	
	60747	1	2	엘리용_해적코스튬(기간제)_여	44189	1	69DDA0	43077	44078	0	86092	86078	39918	0	20064	0	911	0	Null	0	Null	0	25355	0	0	1	0	0	0	0	0	0	0	4	86	255	0	0	0	0	0	0	0	0	0	0	0	0	0	0	0	0	0	0	0	0	0	0	0	0	0	0	0	0	2	0	0	0	0	1	0	0	0	99	0	49	2	100	0	47	2	100	0	32	1	7	0	0	0	0	0	0	0	0	0	0	0	0	0	0	0	0	0	0	0	0	0	0	0	0	0	0	0	0	0	0	0	0	0	1	0	0	0	0	0	0	0	0	0	0	0	0	0	0	0	0	0	0	0	0	0	0	0	0	0	0	0	0	0	0	0	0	0	0	0	0	0	0	0	0	0	0	0	0	0	0	0	0	0	
	60748	1	2	엘리멘탈리스트_에텔레인예복(강화판)_남	44111	1	69DDA0	43077	44079	85815	0	86023	39918	0	20064	0	911	0	Null	0	Null	0	25355	0	0	1	0	0	0	0	0	0	0	4	86	255	0	0	0	0	0	0	0	0	0	0	0	0	0	0	0	0	0	0	0	0	0	0	0	0	0	0	0	0	1	0	0	0	0	1	0	0	0	99	0	42	2	100	0	31	5	100	0	49	2	100	0	47	2	100	0	32	1	10	0	0	0	0	0	0	0	0	0	0	0	0	0	0	0	0	0	0	0	0	0	0	0	0	0	1	0	0	0	0	0	0	0	0	0	0	0	0	0	0	0	0	0	0	0	0	0	0	0	0	0	0	0	0	0	0	0	0	0	0	0	0	0	0	0	0	0	0	0	0	0	0	0	0	0	
	60749	1	2	엘리멘탈리스트_곰돌이(강화판)_남	43100	1	69DDA0	43077	44079	85816	0	86004	39918	0	20064	0	911	0	Null	0	Null	0	25355	0	0	1	0	0	0	0	0	0	0	4	86	255	0	0	0	0	0	0	0	0	0	0	0	0	0	0	0	0	0	0	0	0	0	0	0	0	0	0	0	0	1	0	0	0	0	1	0	0	0	99	0	42	2	100	0	31	5	100	0	49	2	100	0	47	2	100	0	44	5	200	0	0	0	0	0	0	0	0	0	0	0	0	0	0	0	0	0	0	0	0	0	3	0	0	0	1	0	0	0	0	0	0	0	0	0	0	0	0	0	0	0	0	0	0	0	0	0	0	0	0	0	0	0	0	0	0	0	0	0	0	0	0	0	0	0	0	0	0	0	0	0	0	0	0	0	
	60750	1	2	엘리멘탈리스트_팬더(강화판)_남	43101	1	69DDA0	43077	44079	85817	0	86005	39918	0	20064	0	911	0	Null	0	Null	0	25355	0	0	1	0	0	0	0	0	0	0	4	86	255	0	0	0	0	0	0	0	0	0	0	0	0	0	0	0	0	0	0	0	0	0	0	0	0	0	0	0	0	1	0	0	0	0	1	0	0	0	99	0	42	2	100	0	31	5	100	0	49	2	100	0	47	2	100	0	32	1	10	0	0	0	0	0	0	0	0	0	0	0	0	0	0	0	0	0	0	0	0	0	3	0	0	0	1	0	0	0	0	0	0	0	0	0	0	0	0	0	0	0	0	0	0	0	0	0	0	0	0	0	0	0	0	0	0	0	0	0	0	0	0	0	0	0	0	0	0	0	0	0	0	0	0	0	
	60751	1	2	엘리멘탈리스트_검은_사무라이(강화판)_남	44112	1	69DDA0	43077	44079	85818	0	86029	39918	0	20064	0	911	0	Null	0	Null	0	25355	0	0	1	0	0	0	0	0	0	0	4	86	255	0	0	0	0	0	0	0	0	0	0	0	0	0	0	0	0	0	0	0	0	0	0	0	0	0	0	0	0	1	0	0	0	0	1	0	0	0	99	0	42	2	100	0	31	5	100	0	49	2	100	0	47	2	100	0	32	1	10	0	0	0	0	0	0	0	0	0	0	0	0	0	0	0	0	0	0	0	0	0	0	0	0	0	1	0	0	0	0	0	0	0	0	0	0	0	0	0	0	0	0	0	0	0	0	0	0	0	0	0	0	0	0	0	0	0	0	0	0	0	0	0	0	0	0	0	0	0	0	0	0	0	0	0	
	60752	1	2	엘리멘탈리스트_붉은_사무라이(강화판)_남	44113	1	69DDA0	43077	44079	85819	0	86030	39918	0	20064	0	911	0	Null	0	Null	0	25355	0	0	1	0	0	0	0	0	0	0	4	86	255	0	0	0	0	0	0	0	0	0	0	0	0	0	0	0	0	0	0	0	0	0	0	0	0	0	0	0	0	1	0	0	0	0	1	0	0	0	99	0	42	2	100	0	31	5	100	0	49	2	100	0	47	2	100	0	32	1	10	0	0	0	0	0	0	0	0	0	0	0	0	0	0	0	0	0	0	0	0	0	0	0	0	0	1	0	0	0	0	0	0	0	0	0	0	0	0	0	0	0	0	0	0	0	0	0	0	0	0	0	0	0	0	0	0	0	0	0	0	0	0	0	0	0	0	0	0	0	0	0	0	0	0	0	
	60753	1	2	엘리멘탈리스트_삐에로(강화판)_남	44114	1	69DDA0	43077	44079	85820	0	86031	39918	0	20064	0	911	0	Null	0	Null	0	25355	0	0	1	0	0	0	0	0	0	0	4	86	255	0	0	0	0	0	0	0	0	0	0	0	0	0	0	0	0	0	0	0	0	0	0	0	0	0	0	0	0	1	0	0	0	0	1	0	0	0	99	0	42	2	100	0	31	5	100	0	49	2	100	0	47	2	100	0	32	1	10	0	0	0	0	0	0	0	0	0	0	0	0	0	0	0	0	0	0	0	0	0	3	0	0	0	1	0	0	0	0	0	0	0	0	0	0	0	0	0	0	0	0	0	0	0	0	0	0	0	0	0	0	0	0	0	0	0	0	0	0	0	0	0	0	0	0	0	0	0	0	0	0	0	0	0	
	60754	1	2	엘리멘탈리스트_사제(강화판)_남	44201	1	69DDA0	43077	44079	85821	0	86027	39918	0	20064	0	911	0	Null	0	Null	0	25355	0	0	1	0	0	0	0	0	0	0	4	86	255	0	0	0	0	0	0	0	0	0	0	0	0	0	0	0	0	0	0	0	0	0	0	0	0	0	0	0	0	1	0	0	0	0	1	0	0	0	99	0	42	2	100	0	31	5	100	0	49	2	100	0	47	2	100	0	32	1	10	0	0	0	0	0	0	0	0	0	0	0	0	0	0	0	0	0	0	0	0	0	0	0	0	0	1	0	0	0	0	0	0	0	0	0	0	0	0	0	0	0	0	0	0	0	0	0	0	0	0	0	0	0	0	0	0	0	0	0	0	0	0	0	0	0	0	0	0	0	0	0	0	0	0	0	
	60755	1	2	엘리용_해적코스튬(강화판)_남	44196	1	69DDA0	43077	44079	86093	0	86086	39918	0	20064	0	911	0	Null	0	Null	0	25355	0	0	1	0	0	0	0	0	0	0	4	86	255	0	0	0	0	0	0	0	0	0	0	0	0	0	0	0	0	0	0	0	0	0	0	0	0	0	0	0	0	1	0	0	0	0	1	0	0	0	99	0	42	2	100	0	31	5	100	0	49	2	100	0	47	2	100	0	32	1	10	0	0	0	0	0	0	0	0	0	0	0	0	0	0	0	0	0	0	0	0	0	3	0	0	0	1	0	0	0	0	0	0	0	0	0	0	0	0	0	0	0	0	0	0	0	0	0	0	0	0	0	0	0	0	0	0	0	0	0	0	0	0	0	0	0	0	0	0	0	0	0	0	0	0	0	
	60756	1	2	엘리멘탈리스트_에텔레인예복(강화판)_여	44111	1	69DDA0	43077	44078	0	85822	86028	39918	0	20064	0	911	0	Null	0	Null	0	25355	0	0	1	0	0	0	0	0	0	0	4	86	255	0	0	0	0	0	0	0	0	0	0	0	0	0	0	0	0	0	0	0	0	0	0	0	0	0	0	0	0	2	0	0	0	0	1	0	0	0	99	0	42	2	100	0	31	5	100	0	49	2	100	0	47	2	100	0	32	1	10	0	0	0	0	0	0	0	0	0	0	0	0	0	0	0	0	0	0	0	0	0	0	0	0	0	1	0	0	0	0	0	0	0	0	0	0	0	0	0	0	0	0	0	0	0	0	0	0	0	0	0	0	0	0	0	0	0	0	0	0	0	0	0	0	0	0	0	0	0	0	0	0	0	0	0	
	60757	1	2	엘리멘탈리스트_곰돌이(강화판)_여	43100	1	69DDA0	43077	44078	0	85823	86004	39918	0	20064	0	911	0	Null	0	Null	0	25355	0	0	1	0	0	0	0	0	0	0	4	86	255	0	0	0	0	0	0	0	0	0	0	0	0	0	0	0	0	0	0	0	0	0	0	0	0	0	0	0	0	2	0	0	0	0	1	0	0	0	99	0	42	2	100	0	31	5	100	0	49	2	100	0	47	2	100	0	44	5	200	0	0	0	0	0	0	0	0	0	0	0	0	0	0	0	0	0	0	0	0	0	0	3	0	0	1	0	0	0	0	0	0	0	0	0	0	0	0	0	0	0	0	0	0	0	0	0	0	0	0	0	0	0	0	0	0	0	0	0	0	0	0	0	0	0	0	0	0	0	0	0	0	0	0	0	
	60758	1	2	엘리멘탈리스트_팬더(강화판)_여	43101	1	69DDA0	43077	44078	0	85824	86005	39918	0	20064	0	911	0	Null	0	Null	0	25355	0	0	1	0	0	0	0	0	0	0	4	86	255	0	0	0	0	0	0	0	0	0	0	0	0	0	0	0	0	0	0	0	0	0	0	0	0	0	0	0	0	2	0	0	0	0	1	0	0	0	99	0	42	2	100	0	31	5	100	0	49	2	100	0	47	2	100	0	32	1	10	0	0	0	0	0	0	0	0	0	0	0	0	0	0	0	0	0	0	0	0	0	0	3	0	0	1	0	0	0	0	0	0	0	0	0	0	0	0	0	0	0	0	0	0	0	0	0	0	0	0	0	0	0	0	0	0	0	0	0	0	0	0	0	0	0	0	0	0	0	0	0	0	0	0	0	
	60759	1	2	엘리멘탈리스트_검은_사무라이(강화판)_여	44112	1	69DDA0	43077	44078	0	85825	86029	39918	0	20064	0	911	0	Null	0	Null	0	25355	0	0	1	0	0	0	0	0	0	0	4	86	255	0	0	0	0	0	0	0	0	0	0	0	0	0	0	0	0	0	0	0	0	0	0	0	0	0	0	0	0	2	0	0	0	0	1	0	0	0	99	0	42	2	100	0	31	5	100	0	49	2	100	0	47	2	100	0	32	1	10	0	0	0	0	0	0	0	0	0	0	0	0	0	0	0	0	0	0	0	0	0	0	0	0	0	1	0	0	0	0	0	0	0	0	0	0	0	0	0	0	0	0	0	0	0	0	0	0	0	0	0	0	0	0	0	0	0	0	0	0	0	0	0	0	0	0	0	0	0	0	0	0	0	0	0	
	60760	1	2	엘리멘탈리스트_붉은_사무라이(강화판)_여	44113	1	69DDA0	43077	44078	0	85826	86030	39918	0	20064	0	911	0	Null	0	Null	0	25355	0	0	1	0	0	0	0	0	0	0	4	86	255	0	0	0	0	0	0	0	0	0	0	0	0	0	0	0	0	0	0	0	0	0	0	0	0	0	0	0	0	2	0	0	0	0	1	0	0	0	99	0	42	2	100	0	31	5	100	0	49	2	100	0	47	2	100	0	32	1	10	0	0	0	0	0	0	0	0	0	0	0	0	0	0	0	0	0	0	0	0	0	0	0	0	0	1	0	0	0	0	0	0	0	0	0	0	0	0	0	0	0	0	0	0	0	0	0	0	0	0	0	0	0	0	0	0	0	0	0	0	0	0	0	0	0	0	0	0	0	0	0	0	0	0	0	
	60761	1	2	엘리멘탈리스트_삐에로(강화판)_여	44114	1	69DDA0	43077	44078	0	85827	86031	39918	0	20064	0	911	0	Null	0	Null	0	25355	0	0	1	0	0	0	0	0	0	0	4	86	255	0	0	0	0	0	0	0	0	0	0	0	0	0	0	0	0	0	0	0	0	0	0	0	0	0	0	0	0	2	0	0	0	0	1	0	0	0	99	0	42	2	100	0	31	5	100	0	49	2	100	0	47	2	100	0	32	1	10	0	0	0	0	0	0	0	0	0	0	0	0	0	0	0	0	0	0	0	0	0	0	3	0	0	1	0	0	0	0	0	0	0	0	0	0	0	0	0	0	0	0	0	0	0	0	0	0	0	0	0	0	0	0	0	0	0	0	0	0	0	0	0	0	0	0	0	0	0	0	0	0	0	0	0	
	60762	1	2	엘리멘탈리스트_수녀(강화판)_여	44115	1	69DDA0	43077	44078	0	85828	86032	39918	0	20064	0	911	0	Null	0	Null	0	25355	0	0	1	0	0	0	0	0	0	0	4	86	255	0	0	0	0	0	0	0	0	0	0	0	0	0	0	0	0	0	0	0	0	0	0	0	0	0	0	0	0	2	0	0	0	0	1	0	0	0	99	0	42	2	100	0	31	5	100	0	49	2	100	0	47	2	100	0	32	1	10	0	0	0	0	0	0	0	0	0	0	0	0	0	0	0	0	0	0	0	0	0	0	3	0	0	1	0	0	0	0	0	0	0	0	0	0	0	0	0	0	0	0	0	0	0	0	0	0	0	0	0	0	0	0	0	0	0	0	0	0	0	0	0	0	0	0	0	0	0	0	0	0	0	0	0	
	60763	1	2	엘리용_해적코스튬(강화판)_여	44196	1	69DDA0	43077	44078	0	86092	86085	39918	0	20064	0	911	0	Null	0	Null	0	25355	0	0	1	0	0	0	0	0	0	0	4	86	255	0	0	0	0	0	0	0	0	0	0	0	0	0	0	0	0	0	0	0	0	0	0	0	0	0	0	0	0	2	0	0	0	0	1	0	0	0	99	0	42	2	100	0	31	5	100	0	49	2	100	0	47	2	100	0	32	1	10	0	0	0	0	0	0	0	0	0	0	0	0	0	0	0	0	0	0	0	0	0	0	0	0	0	1	0	0	0	0	0	0	0	0	0	0	0	0	0	0	0	0	0	0	0	0	0	0	0	0	0	0	0	0	0	0	0	0	0	0	0	0	0	0	0	0	0	0	0	0	0	0	0	0	0	
	60764	1	2	섀도우_에텔레인예복(기간제)_남	44058	1	69DDA0	43077	44079	85815	0	85838	39918	0	20064	0	911	0	Null	0	Null	0	25355	0	0	1	0	0	0	0	0	0	0	4	86	255	0	0	0	0	0	0	0	0	0	0	0	0	0	0	0	0	0	0	0	0	0	0	0	0	0	0	0	0	1	0	0	1	0	0	0	0	0	99	0	49	2	100	0	47	2	100	0	32	1	7	0	0	0	0	0	0	0	0	0	0	0	0	0	0	0	0	0	0	0	0	0	0	0	0	0	0	0	0	0	0	0	0	0	1	0	0	0	0	0	0	0	0	0	0	0	0	0	0	0	0	0	0	0	0	0	0	0	0	0	0	0	0	0	0	0	0	0	0	0	0	0	0	0	0	0	0	0	0	0	0	0	0	0	
	60765	1	2	섀도우_곰돌이(기간제)_남	43088	1	69DDA0	43077	44079	85816	0	85839	39918	0	20064	0	911	0	Null	0	Null	0	25355	0	0	1	0	0	0	0	0	0	0	4	86	255	0	0	0	0	0	0	0	0	0	0	0	0	0	0	0	0	0	0	0	0	0	0	0	0	0	0	0	0	1	0	0	1	0	0	0	0	0	99	0	49	2	100	0	47	2	100	0	44	5	200	0	0	0	0	0	0	0	0	0	0	0	0	0	0	0	0	0	0	0	0	0	0	0	0	0	0	0	0	0	3	0	0	0	1	0	0	0	0	0	0	0	0	0	0	0	0	0	0	0	0	0	0	0	0	0	0	0	0	0	0	0	0	0	0	0	0	0	0	0	0	0	0	0	0	0	0	0	0	0	0	0	0	0	
	60766	1	2	섀도우_팬더(기간제)_남	43089	1	69DDA0	43077	44079	85817	0	85840	39918	0	20064	0	911	0	Null	0	Null	0	25355	0	0	1	0	0	0	0	0	0	0	4	86	255	0	0	0	0	0	0	0	0	0	0	0	0	0	0	0	0	0	0	0	0	0	0	0	0	0	0	0	0	1	0	0	1	0	0	0	0	0	99	0	49	2	100	0	47	2	100	0	32	1	7	0	0	0	0	0	0	0	0	0	0	0	0	0	0	0	0	0	0	0	0	0	0	0	0	0	0	0	0	0	3	0	0	0	1	0	0	0	0	0	0	0	0	0	0	0	0	0	0	0	0	0	0	0	0	0	0	0	0	0	0	0	0	0	0	0	0	0	0	0	0	0	0	0	0	0	0	0	0	0	0	0	0	0	
	60767	1	2	섀도우_검은_사무라이(기간제)_남	44059	1	69DDA0	43077	44079	85818	0	85841	39918	0	20064	0	911	0	Null	0	Null	0	25355	0	0	1	0	0	0	0	0	0	0	4	86	255	0	0	0	0	0	0	0	0	0	0	0	0	0	0	0	0	0	0	0	0	0	0	0	0	0	0	0	0	1	0	0	1	0	0	0	0	0	99	0	49	2	100	0	47	2	100	0	32	1	7	0	0	0	0	0	0	0	0	0	0	0	0	0	0	0	0	0	0	0	0	0	0	0	0	0	0	0	0	0	0	0	0	0	1	0	0	0	0	0	0	0	0	0	0	0	0	0	0	0	0	0	0	0	0	0	0	0	0	0	0	0	0	0	0	0	0	0	0	0	0	0	0	0	0	0	0	0	0	0	0	0	0	0	
	60768	1	2	섀도우_붉은_사무라이(기간제)_남	44060	1	69DDA0	43077	44079	85819	0	85842	39918	0	20064	0	911	0	Null	0	Null	0	25355	0	0	1	0	0	0	0	0	0	0	4	86	255	0	0	0	0	0	0	0	0	0	0	0	0	0	0	0	0	0	0	0	0	0	0	0	0	0	0	0	0	1	0	0	1	0	0	0	0	0	99	0	49	2	100	0	47	2	100	0	32	1	7	0	0	0	0	0	0	0	0	0	0	0	0	0	0	0	0	0	0	0	0	0	0	0	0	0	0	0	0	0	0	0	0	0	1	0	0	0	0	0	0	0	0	0	0	0	0	0	0	0	0	0	0	0	0	0	0	0	0	0	0	0	0	0	0	0	0	0	0	0	0	0	0	0	0	0	0	0	0	0	0	0	0	0	
	60769	1	2	섀도우_삐에로(기간제)_남	44061	1	69DDA0	43077	44079	85820	0	85843	39918	0	20064	0	911	0	Null	0	Null	0	25355	0	0	1	0	0	0	0	0	0	0	4	86	255	0	0	0	0	0	0	0	0	0	0	0	0	0	0	0	0	0	0	0	0	0	0	0	0	0	0	0	0	1	0	0	1	0	0	0	0	0	99	0	49	2	100	0	47	2	100	0	32	1	7	0	0	0	0	0	0	0	0	0	0	0	0	0	0	0	0	0	0	0	0	0	0	0	0	0	0	0	0	0	3	0	0	0	1	0	0	0	0	0	0	0	0	0	0	0	0	0	0	0	0	0	0	0	0	0	0	0	0	0	0	0	0	0	0	0	0	0	0	0	0	0	0	0	0	0	0	0	0	0	0	0	0	0	
	60770	1	2	섀도우_사제(기간제)_남	44062	1	69DDA0	43077	44079	85821	0	85844	39918	0	20064	0	911	0	Null	0	Null	0	25355	0	0	1	0	0	0	0	0	0	0	4	86	255	0	0	0	0	0	0	0	0	0	0	0	0	0	0	0	0	0	0	0	0	0	0	0	0	0	0	0	0	1	0	0	1	0	0	0	0	0	99	0	49	2	100	0	47	2	100	0	32	1	7	0	0	0	0	0	0	0	0	0	0	0	0	0	0	0	0	0	0	0	0	0	0	0	0	0	0	0	0	0	0	0	0	0	1	0	0	0	0	0	0	0	0	0	0	0	0	0	0	0	0	0	0	0	0	0	0	0	0	0	0	0	0	0	0	0	0	0	0	0	0	0	0	0	0	0	0	0	0	0	0	0	0	0	
	60771	1	2	섀도우_해적코스튬(기간제)_남	44190	1	69DDA0	43077	44079	86093	0	86079	39918	0	20064	0	911	0	Null	0	Null	0	25355	0	0	1	0	0	0	0	0	0	0	4	86	255	0	0	0	0	0	0	0	0	0	0	0	0	0	0	0	0	0	0	0	0	0	0	0	0	0	0	0	0	1	0	0	1	0	0	0	0	0	99	0	49	2	100	0	47	2	100	0	32	1	7	0	0	0	0	0	0	0	0	0	0	0	0	0	0	0	0	0	0	0	0	0	0	0	0	0	0	0	0	0	3	0	0	0	1	0	0	0	0	0	0	0	0	0	0	0	0	0	0	0	0	0	0	0	0	0	0	0	0	0	0	0	0	0	0	0	0	0	0	0	0	0	0	0	0	0	0	0	0	0	0	0	0	0	
	60772	1	2	섀도우_에텔레인예복(기간제)_여	44058	1	69DDA0	43077	44078	0	85822	85859	39918	0	20064	0	911	0	Null	0	Null	0	25355	0	0	1	0	0	0	0	0	0	0	4	86	255	0	0	0	0	0	0	0	0	0	0	0	0	0	0	0	0	0	0	0	0	0	0	0	0	0	0	0	0	2	0	0	1	0	0	0	0	0	99	0	49	2	100	0	47	2	100	0	32	1	7	0	0	0	0	0	0	0	0	0	0	0	0	0	0	0	0	0	0	0	0	0	0	0	0	0	0	0	0	0	0	0	0	0	1	0	0	0	0	0	0	0	0	0	0	0	0	0	0	0	0	0	0	0	0	0	0	0	0	0	0	0	0	0	0	0	0	0	0	0	0	0	0	0	0	0	0	0	0	0	0	0	0	0	
	60773	1	2	섀도우_곰돌이(기간제)_여	43088	1	69DDA0	43077	44078	0	85823	85839	39918	0	20064	0	911	0	Null	0	Null	0	25355	0	0	1	0	0	0	0	0	0	0	4	86	255	0	0	0	0	0	0	0	0	0	0	0	0	0	0	0	0	0	0	0	0	0	0	0	0	0	0	0	0	2	0	0	1	0	0	0	0	0	99	0	49	2	100	0	47	2	100	0	44	5	200	0	0	0	0	0	0	0	0	0	0	0	0	0	0	0	0	0	0	0	0	0	0	0	0	0	0	0	0	0	0	3	0	0	1	0	0	0	0	0	0	0	0	0	0	0	0	0	0	0	0	0	0	0	0	0	0	0	0	0	0	0	0	0	0	0	0	0	0	0	0	0	0	0	0	0	0	0	0	0	0	0	0	0	
	60774	1	2	섀도우_팬더(기간제)_여	43089	1	69DDA0	43077	44078	0	85824	85840	39918	0	20064	0	911	0	Null	0	Null	0	25355	0	0	1	0	0	0	0	0	0	0	4	86	255	0	0	0	0	0	0	0	0	0	0	0	0	0	0	0	0	0	0	0	0	0	0	0	0	0	0	0	0	2	0	0	1	0	0	0	0	0	99	0	49	2	100	0	47	2	100	0	32	1	7	0	0	0	0	0	0	0	0	0	0	0	0	0	0	0	0	0	0	0	0	0	0	0	0	0	0	0	0	0	0	3	0	0	1	0	0	0	0	0	0	0	0	0	0	0	0	0	0	0	0	0	0	0	0	0	0	0	0	0	0	0	0	0	0	0	0	0	0	0	0	0	0	0	0	0	0	0	0	0	0	0	0	0	
	60775	1	2	섀도우_검은_사무라이(기간제)_여	44059	1	69DDA0	43077	44078	0	85825	85841	39918	0	20064	0	911	0	Null	0	Null	0	25355	0	0	1	0	0	0	0	0	0	0	4	86	255	0	0	0	0	0	0	0	0	0	0	0	0	0	0	0	0	0	0	0	0	0	0	0	0	0	0	0	0	2	0	0	1	0	0	0	0	0	99	0	49	2	100	0	47	2	100	0	32	1	7	0	0	0	0	0	0	0	0	0	0	0	0	0	0	0	0	0	0	0	0	0	0	0	0	0	0	0	0	0	0	0	0	0	1	0	0	0	0	0	0	0	0	0	0	0	0	0	0	0	0	0	0	0	0	0	0	0	0	0	0	0	0	0	0	0	0	0	0	0	0	0	0	0	0	0	0	0	0	0	0	0	0	0	
	60776	1	2	섀도우_붉은_사무라이(기간제)_여	44060	1	69DDA0	43077	44078	0	85826	85842	39918	0	20064	0	911	0	Null	0	Null	0	25355	0	0	1	0	0	0	0	0	0	0	4	86	255	0	0	0	0	0	0	0	0	0	0	0	0	0	0	0	0	0	0	0	0	0	0	0	0	0	0	0	0	2	0	0	1	0	0	0	0	0	99	0	49	2	100	0	47	2	100	0	32	1	7	0	0	0	0	0	0	0	0	0	0	0	0	0	0	0	0	0	0	0	0	0	0	0	0	0	0	0	0	0	0	0	0	0	1	0	0	0	0	0	0	0	0	0	0	0	0	0	0	0	0	0	0	0	0	0	0	0	0	0	0	0	0	0	0	0	0	0	0	0	0	0	0	0	0	0	0	0	0	0	0	0	0	0	
	60777	1	2	섀도우_삐에로(기간제)_여	44061	1	69DDA0	43077	44078	0	85827	85843	39918	0	20064	0	911	0	Null	0	Null	0	25355	0	0	1	0	0	0	0	0	0	0	4	86	255	0	0	0	0	0	0	0	0	0	0	0	0	0	0	0	0	0	0	0	0	0	0	0	0	0	0	0	0	2	0	0	1	0	0	0	0	0	99	0	49	2	100	0	47	2	100	0	32	1	7	0	0	0	0	0	0	0	0	0	0	0	0	0	0	0	0	0	0	0	0	0	0	0	0	0	0	0	0	0	0	3	0	0	1	0	0	0	0	0	0	0	0	0	0	0	0	0	0	0	0	0	0	0	0	0	0	0	0	0	0	0	0	0	0	0	0	0	0	0	0	0	0	0	0	0	0	0	0	0	0	0	0	0	
	60778	1	2	섀도우_수녀(기간제)_여	44202	1	69DDA0	43077	44078	0	85828	85865	39918	0	20064	0	911	0	Null	0	Null	0	25355	0	0	1	0	0	0	0	0	0	0	4	86	255	0	0	0	0	0	0	0	0	0	0	0	0	0	0	0	0	0	0	0	0	0	0	0	0	0	0	0	0	2	0	0	1	0	0	0	0	0	99	0	49	2	100	0	47	2	100	0	32	1	7	0	0	0	0	0	0	0	0	0	0	0	0	0	0	0	0	0	0	0	0	0	0	0	0	0	0	0	0	0	0	3	0	0	1	0	0	0	0	0	0	0	0	0	0	0	0	0	0	0	0	0	0	0	0	0	0	0	0	0	0	0	0	0	0	0	0	0	0	0	0	0	0	0	0	0	0	0	0	0	0	0	0	0	
	60779	1	2	섀도우_해적코스튬(기간제)_여	44190	1	69DDA0	43077	44078	0	86092	86078	39918	0	20064	0	911	0	Null	0	Null	0	25355	0	0	1	0	0	0	0	0	0	0	4	86	255	0	0	0	0	0	0	0	0	0	0	0	0	0	0	0	0	0	0	0	0	0	0	0	0	0	0	0	0	2	0	0	1	0	0	0	0	0	99	0	49	2	100	0	47	2	100	0	32	1	7	0	0	0	0	0	0	0	0	0	0	0	0	0	0	0	0	0	0	0	0	0	0	0	0	0	0	0	0	0	0	0	0	0	1	0	0	0	0	0	0	0	0	0	0	0	0	0	0	0	0	0	0	0	0	0	0	0	0	0	0	0	0	0	0	0	0	0	0	0	0	0	0	0	0	0	0	0	0	0	0	0	0	0	
	60780	1	2	섀도우_호피(기간제)_여	44208	1	69DDA0	43077	44078	0	85829	85866	39918	0	20064	0	911	0	Null	0	Null	0	25355	0	0	1	0	0	0	0	0	0	0	4	86	255	0	0	0	0	0	0	0	0	0	0	0	0	0	0	0	0	0	0	0	0	0	0	0	0	0	0	0	0	2	0	0	1	0	0	0	0	0	99	0	49	2	100	0	47	2	100	0	32	1	7	0	0	0	0	0	0	0	0	0	0	0	0	0	0	0	0	0	0	0	0	0	0	0	0	0	0	0	0	0	0	0	0	0	1	0	0	0	0	0	0	0	0	0	0	0	0	0	0	0	0	0	0	0	0	0	0	0	0	0	0	0	0	0	0	0	0	0	0	0	0	0	0	0	0	0	0	0	0	0	0	0	0	0	
	60781	1	2	섀도우_에텔레인예복(강화판)_남	44106	1	69DDA0	43077	44079	85815	0	86023	39918	0	20064	0	911	0	Null	0	Null	0	25355	0	0	1	0	0	0	0	0	0	0	4	86	255	0	0	0	0	0	0	0	0	0	0	0	0	0	0	0	0	0	0	0	0	0	0	0	0	0	0	0	0	1	0	0	1	0	0	0	0	0	99	0	42	2	100	0	31	5	100	0	49	2	100	0	47	2	100	0	32	1	10	0	0	0	0	0	0	0	0	0	0	0	0	0	0	0	0	0	0	0	0	0	0	0	0	0	1	0	0	0	0	0	0	0	0	0	0	0	0	0	0	0	0	0	0	0	0	0	0	0	0	0	0	0	0	0	0	0	0	0	0	0	0	0	0	0	0	0	0	0	0	0	0	0	0	0	
	60782	1	2	섀도우_곰돌이(강화판)_남	43098	1	69DDA0	43077	44079	85816	0	86002	39918	0	20064	0	911	0	Null	0	Null	0	25355	0	0	1	0	0	0	0	0	0	0	4	86	255	0	0	0	0	0	0	0	0	0	0	0	0	0	0	0	0	0	0	0	0	0	0	0	0	0	0	0	0	1	0	0	1	0	0	0	0	0	99	0	42	2	100	0	31	5	100	0	49	2	100	0	47	2	100	0	44	5	200	0	0	0	0	0	0	0	0	0	0	0	0	0	0	0	0	0	0	0	0	0	3	0	0	0	1	0	0	0	0	0	0	0	0	0	0	0	0	0	0	0	0	0	0	0	0	0	0	0	0	0	0	0	0	0	0	0	0	0	0	0	0	0	0	0	0	0	0	0	0	0	0	0	0	0	
	60783	1	2	섀도우_팬더(강화판)_남	43099	1	69DDA0	43077	44079	85817	0	86003	39918	0	20064	0	911	0	Null	0	Null	0	25355	0	0	1	0	0	0	0	0	0	0	4	86	255	0	0	0	0	0	0	0	0	0	0	0	0	0	0	0	0	0	0	0	0	0	0	0	0	0	0	0	0	1	0	0	1	0	0	0	0	0	99	0	42	2	100	0	31	5	100	0	49	2	100	0	47	2	100	0	32	1	10	0	0	0	0	0	0	0	0	0	0	0	0	0	0	0	0	0	0	0	0	0	3	0	0	0	1	0	0	0	0	0	0	0	0	0	0	0	0	0	0	0	0	0	0	0	0	0	0	0	0	0	0	0	0	0	0	0	0	0	0	0	0	0	0	0	0	0	0	0	0	0	0	0	0	0	
	60784	1	2	섀도우_검은_사무라이(강화판)_남	44107	1	69DDA0	43077	44079	85818	0	86024	39918	0	20064	0	911	0	Null	0	Null	0	25355	0	0	1	0	0	0	0	0	0	0	4	86	255	0	0	0	0	0	0	0	0	0	0	0	0	0	0	0	0	0	0	0	0	0	0	0	0	0	0	0	0	1	0	0	1	0	0	0	0	0	99	0	42	2	100	0	31	5	100	0	49	2	100	0	47	2	100	0	32	1	10	0	0	0	0	0	0	0	0	0	0	0	0	0	0	0	0	0	0	0	0	0	0	0	0	0	1	0	0	0	0	0	0	0	0	0	0	0	0	0	0	0	0	0	0	0	0	0	0	0	0	0	0	0	0	0	0	0	0	0	0	0	0	0	0	0	0	0	0	0	0	0	0	0	0	0	
	60785	1	2	섀도우_붉은_사무라이(강화판)_남	44108	1	69DDA0	43077	44079	85819	0	86025	39918	0	20064	0	911	0	Null	0	Null	0	25355	0	0	1	0	0	0	0	0	0	0	4	86	255	0	0	0	0	0	0	0	0	0	0	0	0	0	0	0	0	0	0	0	0	0	0	0	0	0	0	0	0	1	0	0	1	0	0	0	0	0	99	0	42	2	100	0	31	5	100	0	49	2	100	0	47	2	100	0	32	1	10	0	0	0	0	0	0	0	0	0	0	0	0	0	0	0	0	0	0	0	0	0	0	0	0	0	1	0	0	0	0	0	0	0	0	0	0	0	0	0	0	0	0	0	0	0	0	0	0	0	0	0	0	0	0	0	0	0	0	0	0	0	0	0	0	0	0	0	0	0	0	0	0	0	0	0	
	60786	1	2	섀도우_삐에로(강화판)_남	44109	1	69DDA0	43077	44079	85820	0	86026	39918	0	20064	0	911	0	Null	0	Null	0	25355	0	0	1	0	0	0	0	0	0	0	4	86	255	0	0	0	0	0	0	0	0	0	0	0	0	0	0	0	0	0	0	0	0	0	0	0	0	0	0	0	0	1	0	0	1	0	0	0	0	0	99	0	42	2	100	0	31	5	100	0	49	2	100	0	47	2	100	0	32	1	10	0	0	0	0	0	0	0	0	0	0	0	0	0	0	0	0	0	0	0	0	0	3	0	0	0	1	0	0	0	0	0	0	0	0	0	0	0	0	0	0	0	0	0	0	0	0	0	0	0	0	0	0	0	0	0	0	0	0	0	0	0	0	0	0	0	0	0	0	0	0	0	0	0	0	0	
	60787	1	2	섀도우_사제(강화판)_남	44110	1	69DDA0	43077	44079	85821	0	86027	39918	0	20064	0	911	0	Null	0	Null	0	25355	0	0	1	0	0	0	0	0	0	0	4	86	255	0	0	0	0	0	0	0	0	0	0	0	0	0	0	0	0	0	0	0	0	0	0	0	0	0	0	0	0	1	0	0	1	0	0	0	0	0	99	0	42	2	100	0	31	5	100	0	49	2	100	0	47	2	100	0	32	1	10	0	0	0	0	0	0	0	0	0	0	0	0	0	0	0	0	0	0	0	0	0	0	0	0	0	1	0	0	0	0	0	0	0	0	0	0	0	0	0	0	0	0	0	0	0	0	0	0	0	0	0	0	0	0	0	0	0	0	0	0	0	0	0	0	0	0	0	0	0	0	0	0	0	0	0	
	60788	1	2	섀도우용_해적코스튬(강화판)_남	44197	1	69DDA0	43077	44079	86093	0	86086	39918	0	20064	0	911	0	Null	0	Null	0	25355	0	0	1	0	0	0	0	0	0	0	4	86	255	0	0	0	0	0	0	0	0	0	0	0	0	0	0	0	0	0	0	0	0	0	0	0	0	0	0	0	0	1	0	0	1	0	0	0	0	0	99	0	42	2	100	0	31	5	100	0	49	2	100	0	47	2	100	0	32	1	10	0	0	0	0	0	0	0	0	0	0	0	0	0	0	0	0	0	0	0	0	0	3	0	0	0	1	0	0	0	0	0	0	0	0	0	0	0	0	0	0	0	0	0	0	0	0	0	0	0	0	0	0	0	0	0	0	0	0	0	0	0	0	0	0	0	0	0	0	0	0	0	0	0	0	0	
	60789	1	2	섀도우_에텔레인예복(강화판)_여	44106	1	69DDA0	43077	44078	0	85822	86028	39918	0	20064	0	911	0	Null	0	Null	0	25355	0	0	1	0	0	0	0	0	0	0	4	86	255	0	0	0	0	0	0	0	0	0	0	0	0	0	0	0	0	0	0	0	0	0	0	0	0	0	0	0	0	2	0	0	1	0	0	0	0	0	99	0	42	2	100	0	31	5	100	0	49	2	100	0	47	2	100	0	32	1	10	0	0	0	0	0	0	0	0	0	0	0	0	0	0	0	0	0	0	0	0	0	0	0	0	0	1	0	0	0	0	0	0	0	0	0	0	0	0	0	0	0	0	0	0	0	0	0	0	0	0	0	0	0	0	0	0	0	0	0	0	0	0	0	0	0	0	0	0	0	0	0	0	0	0	0	
	60790	1	2	섀도우_곰돌이(강화판)_여	43098	1	69DDA0	43077	44078	0	85823	86002	39918	0	20064	0	911	0	Null	0	Null	0	25355	0	0	1	0	0	0	0	0	0	0	4	86	255	0	0	0	0	0	0	0	0	0	0	0	0	0	0	0	0	0	0	0	0	0	0	0	0	0	0	0	0	2	0	0	1	0	0	0	0	0	99	0	42	2	100	0	31	5	100	0	49	2	100	0	47	2	100	0	44	5	200	0	0	0	0	0	0	0	0	0	0	0	0	0	0	0	0	0	0	0	0	0	0	3	0	0	1	0	0	0	0	0	0	0	0	0	0	0	0	0	0	0	0	0	0	0	0	0	0	0	0	0	0	0	0	0	0	0	0	0	0	0	0	0	0	0	0	0	0	0	0	0	0	0	0	0	
	60791	1	2	섀도우_팬더(강화판)_여	43099	1	69DDA0	43077	44078	0	85824	86003	39918	0	20064	0	911	0	Null	0	Null	0	25355	0	0	1	0	0	0	0	0	0	0	4	86	255	0	0	0	0	0	0	0	0	0	0	0	0	0	0	0	0	0	0	0	0	0	0	0	0	0	0	0	0	2	0	0	1	0	0	0	0	0	99	0	42	2	100	0	31	5	100	0	49	2	100	0	47	2	100	0	32	1	10	0	0	0	0	0	0	0	0	0	0	0	0	0	0	0	0	0	0	0	0	0	0	3	0	0	1	0	0	0	0	0	0	0	0	0	0	0	0	0	0	0	0	0	0	0	0	0	0	0	0	0	0	0	0	0	0	0	0	0	0	0	0	0	0	0	0	0	0	0	0	0	0	0	0	0	
	60792	1	2	섀도우_검은_사무라이(강화판)_여	44107	1	69DDA0	43077	44078	0	85825	86024	39918	0	20064	0	911	0	Null	0	Null	0	25355	0	0	1	0	0	0	0	0	0	0	4	86	255	0	0	0	0	0	0	0	0	0	0	0	0	0	0	0	0	0	0	0	0	0	0	0	0	0	0	0	0	2	0	0	1	0	0	0	0	0	99	0	42	2	100	0	31	5	100	0	49	2	100	0	47	2	100	0	32	1	10	0	0	0	0	0	0	0	0	0	0	0	0	0	0	0	0	0	0	0	0	0	0	0	0	0	1	0	0	0	0	0	0	0	0	0	0	0	0	0	0	0	0	0	0	0	0	0	0	0	0	0	0	0	0	0	0	0	0	0	0	0	0	0	0	0	0	0	0	0	0	0	0	0	0	0	
	60793	1	2	섀도우_붉은_사무라이(강화판)_여	44108	1	69DDA0	43077	44078	0	85826	86025	39918	0	20064	0	911	0	Null	0	Null	0	25355	0	0	1	0	0	0	0	0	0	0	4	86	255	0	0	0	0	0	0	0	0	0	0	0	0	0	0	0	0	0	0	0	0	0	0	0	0	0	0	0	0	2	0	0	1	0	0	0	0	0	99	0	42	2	100	0	31	5	100	0	49	2	100	0	47	2	100	0	32	1	10	0	0	0	0	0	0	0	0	0	0	0	0	0	0	0	0	0	0	0	0	0	0	0	0	0	1	0	0	0	0	0	0	0	0	0	0	0	0	0	0	0	0	0	0	0	0	0	0	0	0	0	0	0	0	0	0	0	0	0	0	0	0	0	0	0	0	0	0	0	0	0	0	0	0	0	
	60794	1	2	섀도우_삐에로(강화판)_여	44109	1	69DDA0	43077	44078	0	85827	86026	39918	0	20064	0	911	0	Null	0	Null	0	25355	0	0	1	0	0	0	0	0	0	0	4	86	255	0	0	0	0	0	0	0	0	0	0	0	0	0	0	0	0	0	0	0	0	0	0	0	0	0	0	0	0	2	0	0	1	0	0	0	0	0	99	0	42	2	100	0	31	5	100	0	49	2	100	0	47	2	100	0	32	1	10	0	0	0	0	0	0	0	0	0	0	0	0	0	0	0	0	0	0	0	0	0	0	3	0	0	1	0	0	0	0	0	0	0	0	0	0	0	0	0	0	0	0	0	0	0	0	0	0	0	0	0	0	0	0	0	0	0	0	0	0	0	0	0	0	0	0	0	0	0	0	0	0	0	0	0	
	60795	1	2	섀도우_수녀(강화판)_여	44203	1	69DDA0	43077	44078	0	85828	86032	39918	0	20064	0	911	0	Null	0	Null	0	25355	0	0	1	0	0	0	0	0	0	0	4	86	255	0	0	0	0	0	0	0	0	0	0	0	0	0	0	0	0	0	0	0	0	0	0	0	0	0	0	0	0	2	0	0	1	0	0	0	0	0	99	0	42	2	100	0	31	5	100	0	49	2	100	0	47	2	100	0	32	1	10	0	0	0	0	0	0	0	0	0	0	0	0	0	0	0	0	0	0	0	0	0	0	3	0	0	1	0	0	0	0	0	0	0	0	0	0	0	0	0	0	0	0	0	0	0	0	0	0	0	0	0	0	0	0	0	0	0	0	0	0	0	0	0	0	0	0	0	0	0	0	0	0	0	0	0	
	60796	1	2	섀도우용_해적코스튬(강화판)_여	44197	1	69DDA0	43077	44078	0	86092	86085	39918	0	20064	0	911	0	Null	0	Null	0	25355	0	0	1	0	0	0	0	0	0	0	4	86	255	0	0	0	0	0	0	0	0	0	0	0	0	0	0	0	0	0	0	0	0	0	0	0	0	0	0	0	0	2	0	0	1	0	0	0	0	0	99	0	42	2	100	0	31	5	100	0	49	2	100	0	47	2	100	0	32	1	10	0	0	0	0	0	0	0	0	0	0	0	0	0	0	0	0	0	0	0	0	0	0	0	0	0	1	0	0	0	0	0	0	0	0	0	0	0	0	0	0	0	0	0	0	0	0	0	0	0	0	0	0	0	0	0	0	0	0	0	0	0	0	0	0	0	0	0	0	0	0	0	0	0	0	0	
	60797	1	2	섀도우_호피(강화판)_여	44209	1	69DDA0	43077	44078	0	85829	86033	39918	0	20064	0	911	0	Null	0	Null	0	25355	0	0	1	0	0	0	0	0	0	0	4	86	255	0	0	0	0	0	0	0	0	0	0	0	0	0	0	0	0	0	0	0	0	0	0	0	0	0	0	0	0	2	0	0	1	0	0	0	0	0	99	0	42	2	100	0	31	5	100	0	49	2	100	0	47	2	100	0	32	1	10	0	0	0	0	0	0	0	0	0	0	0	0	0	0	0	0	0	0	0	0	0	0	0	0	0	1	0	0	0	0	0	0	0	0	0	0	0	0	0	0	0	0	0	0	0	0	0	0	0	0	0	0	0	0	0	0	0	0	0	0	0	0	0	0	0	0	0	0	0	0	0	0	0	0	0	
	60798	1	2	헬로이드용_사파이어아이언코스튬(기간제)	43170	1	69DDA0	43077	44079	86059	0	86061	39918	0	20064	0	911	0	Null	0	Null	0	25355	0	0	1	0	0	0	0	0	0	0	4	6	255	0	0	0	0	0	0	0	0	0	0	0	0	0	0	0	0	0	0	0	0	0	0	0	0	0	0	0	0	1	0	0	0	0	0	0	1	0	99	0	49	2	100	0	47	2	100	0	32	1	7	0	0	0	0	0	0	0	0	0	0	0	0	0	0	0	0	0	0	0	0	0	0	0	0	0	0	0	0	0	3	0	0	0	1	0	0	0	0	0	0	0	0	0	0	0	0	0	0	0	0	0	0	0	0	0	0	0	0	0	0	0	0	0	0	0	0	0	0	0	0	0	0	0	0	0	0	0	0	0	0	0	0	0	
	60799	1	2	헬로이드용_사파이어아이언코스튬(강화판)	43171	1	69DDA0	43077	44079	86059	0	86062	39918	0	20064	0	911	0	Null	0	Null	0	25355	0	0	1	0	0	0	0	0	0	0	4	6	255	0	0	0	0	0	0	0	0	0	0	0	0	0	0	0	0	0	0	0	0	0	0	0	0	0	0	0	0	1	0	0	0	0	0	0	1	0	99	0	42	2	100	0	31	5	100	0	49	2	100	0	47	2	100	0	32	1	10	0	0	0	0	0	0	0	0	0	0	0	0	0	0	0	0	0	0	0	0	0	3	0	0	0	1	0	0	0	0	0	0	0	0	0	0	0	0	0	0	0	0	0	0	0	0	0	0	0	0	0	0	0	0	0	0	0	0	0	0	0	0	0	0	0	0	0	0	0	0	0	0	0	0	0	
	60800	1	2	위치블레이드용_해적코스튬(기간제)	44210	1	69DDA0	43077	44078	0	86096	86097	39918	0	20064	0	911	0	Null	0	Null	0	25355	0	0	1	0	0	0	0	0	0	0	4	86	255	0	0	0	0	0	0	0	0	0	0	0	0	0	0	0	0	0	0	0	0	0	0	0	0	0	0	0	0	2	0	0	0	0	0	0	0	1	99	0	49	2	100	0	47	2	100	0	32	1	7	0	0	0	0	0	0	0	0	0	0	0	0	0	0	0	0	0	0	0	0	0	0	0	0	0	0	0	0	0	0	0	0	0	1	0	0	0	0	0	0	0	0	0	0	0	0	0	0	0	0	0	0	0	0	0	0	0	0	0	0	0	0	0	0	0	0	0	0	0	0	0	0	0	0	0	0	0	0	0	0	0	0	0	
	60801	1	2	위치블레이드용_해적코스튬(강화판)	44211	1	69DDA0	43077	44078	0	86096	86098	39918	0	20064	0	911	0	Null	0	Null	0	25355	0	0	1	0	0	0	0	0	0	0	4	86	255	0	0	0	0	0	0	0	0	0	0	0	0	0	0	0	0	0	0	0	0	0	0	0	0	0	0	0	0	2	0	0	0	0	0	0	0	1	99	0	42	2	100	0	31	5	100	0	49	2	100	0	47	2	100	0	32	1	10	0	0	0	0	0	0	0	0	0	0	0	0	0	0	0	0	0	0	0	0	0	0	0	0	0	1	0	0	0	0	0	0	0	0	0	0	0	0	0	0	0	0	0	0	0	0	0	0	0	0	0	0	0	0	0	0	0	0	0	0	0	0	0	0	0	0	0	0	0	0	0	0	0	0	0	
	60802	1	0	위치블레이드용_해적코스튬_영구	44212	1	69DDA0	43077	44078	0	86096	86097	39918	0	20064	0	911	0	Null	0	Null	0	25355	0	0	1	0	0	0	0	0	0	0	4	6	255	0	0	0	0	0	0	0	0	0	0	0	0	0	0	0	0	0	0	0	0	0	0	0	0	0	0	0	0	2	0	0	0	0	0	0	0	1	99	0	49	2	100	0	47	2	100	0	32	1	7	0	0	0	0	0	0	0	0	0	0	0	0	0	0	0	0	0	0	0	0	0	0	0	0	0	0	0	0	0	0	0	0	0	1	0	0	0	0	0	0	0	0	0	0	0	0	0	0	0	0	0	0	0	0	0	0	0	0	0	0	0	0	0	0	0	0	0	0	0	0	0	0	0	0	0	0	0	0	0	0	0	0	0	
	60803	1	0	위치블레이드용_해적코스튬(강화판)_영구	44266	1	69DDA0	43077	44078	0	86096	86098	39918	0	20064	0	911	0	Null	0	Null	0	25355	0	0	1	0	0	0	0	0	0	0	4	6	255	0	0	0	0	0	0	0	0	0	0	0	0	0	0	0	0	0	0	0	0	0	0	0	0	0	0	0	0	2	0	0	0	0	0	0	0	1	99	0	42	2	100	0	31	5	100	0	49	2	100	0	47	2	100	0	32	1	10	0	0	0	0	0	0	0	0	0	0	0	0	0	0	0	0	0	0	0	0	0	0	0	0	0	1	0	0	0	0	0	0	0	0	0	0	0	0	0	0	0	0	0	0	0	0	0	0	0	0	0	0	0	0	0	0	0	0	0	0	0	0	0	0	0	0	0	0	0	0	0	0	0	0	0	
	60804	1	2	사내지급용_위치블레이드용_해적코스튬(강화판)	44211	1	69DDA0	43077	44078	0	86096	86098	39918	0	20064	0	911	0	Null	0	Null	0	25355	0	0	1	0	0	0	0	0	0	0	4	263	255	0	0	0	0	0	0	0	0	0	0	0	0	0	0	0	0	0	0	0	0	0	0	0	0	0	0	0	0	2	0	0	0	0	0	0	0	1	99	0	42	2	100	0	31	5	100	0	49	2	100	0	47	2	100	0	32	1	10	0	0	0	0	0	0	0	0	0	0	0	0	0	0	0	0	0	0	0	0	0	0	0	0	0	1	0	0	0	0	0	0	0	0	0	0	0	0	0	0	0	0	0	0	0	0	0	0	0	0	0	0	0	0	0	0	0	0	0	0	0	0	0	0	0	0	0	0	0	0	0	0	0	0	0	
	60805	1	0	버서커용_무사코스튬_영구_남	44283	1	69DDA0	43077	44079	86099	0	86107	39918	0	20064	0	911	0	Null	0	Null	0	25355	0	0	1	0	0	0	0	0	0	0	4	6	255	0	0	0	0	0	0	0	0	0	0	0	0	0	0	0	0	0	0	0	0	0	0	0	0	0	0	0	0	1	1	0	0	0	0	0	0	0	99	0	49	2	100	0	47	2	100	0	32	1	7	0	0	0	0	0	0	0	0	0	0	0	0	0	0	0	0	0	0	0	0	0	0	0	0	0	0	0	0	0	3	0	0	0	1	0	0	0	0	0	0	0	0	0	0	0	0	0	0	0	0	0	0	0	0	0	0	0	0	0	0	0	0	0	0	0	0	0	0	0	0	0	0	0	0	0	0	0	0	0	0	0	0	0	
	60806	1	0	드래곤나이트용_무사코스튬_영구_남	44284	1	69DDA0	43077	44079	86100	0	86108	39918	0	20064	0	911	0	Null	0	Null	0	25355	0	0	1	0	0	0	0	0	0	0	4	6	255	0	0	0	0	0	0	0	0	0	0	0	0	0	0	0	0	0	0	0	0	0	0	0	0	0	0	0	0	1	0	1	0	0	0	0	0	0	99	0	49	2	100	0	47	2	100	0	32	1	7	0	0	0	0	0	0	0	0	0	0	0	0	0	0	0	0	0	0	0	0	0	0	0	0	0	0	0	0	0	3	0	0	0	1	0	0	0	0	0	0	0	0	0	0	0	0	0	0	0	0	0	0	0	0	0	0	0	0	0	0	0	0	0	0	0	0	0	0	0	0	0	0	0	0	0	0	0	0	0	0	0	0	0	
	60807	1	0	발키리용_무사코스튬_영구_남	44285	1	69DDA0	43077	44079	86100	0	86108	39918	0	20064	0	911	0	Null	0	Null	0	25355	0	0	1	0	0	0	0	0	0	0	4	6	255	0	0	0	0	0	0	0	0	0	0	0	0	0	0	0	0	0	0	0	0	0	0	0	0	0	0	0	0	1	0	0	0	1	0	0	0	0	99	0	49	2	100	0	47	2	100	0	32	1	7	0	0	0	0	0	0	0	0	0	0	0	0	0	0	0	0	0	0	0	0	0	0	0	0	0	0	0	0	0	3	0	0	0	1	0	0	0	0	0	0	0	0	0	0	0	0	0	0	0	0	0	0	0	0	0	0	0	0	0	0	0	0	0	0	0	0	0	0	0	0	0	0	0	0	0	0	0	0	0	0	0	0	0	
	60808	1	0	엘리용_무사코스튬_영구_남	44286	1	69DDA0	43077	44079	86103	0	86128	39918	0	20064	0	911	0	Null	0	Null	0	25355	0	0	1	0	0	0	0	0	0	0	4	6	255	0	0	0	0	0	0	0	0	0	0	0	0	0	0	0	0	0	0	0	0	0	0	0	0	0	0	0	0	1	0	0	0	0	1	0	0	0	99	0	49	2	100	0	47	2	100	0	32	1	7	0	0	0	0	0	0	0	0	0	0	0	0	0	0	0	0	0	0	0	0	0	0	0	0	0	0	0	0	0	3	0	0	0	1	0	0	0	0	0	0	0	0	0	0	0	0	0	0	0	0	0	0	0	0	0	0	0	0	0	0	0	0	0	0	0	0	0	0	0	0	0	0	0	0	0	0	0	0	0	0	0	0	0	
	60809	1	0	섀도우용_무사코스튬_영구_남	44287	1	69DDA0	43077	44079	86103	0	86128	39918	0	20064	0	911	0	Null	0	Null	0	25355	0	0	1	0	0	0	0	0	0	0	4	6	255	0	0	0	0	0	0	0	0	0	0	0	0	0	0	0	0	0	0	0	0	0	0	0	0	0	0	0	0	1	0	0	1	0	0	0	0	0	99	0	49	2	100	0	47	2	100	0	32	1	7	0	0	0	0	0	0	0	0	0	0	0	0	0	0	0	0	0	0	0	0	0	0	0	0	0	0	0	0	0	3	0	0	0	1	0	0	0	0	0	0	0	0	0	0	0	0	0	0	0	0	0	0	0	0	0	0	0	0	0	0	0	0	0	0	0	0	0	0	0	0	0	0	0	0	0	0	0	0	0	0	0	0	0	
	60810	1	0	미스틱용_무사코스튬_영구	44288	1	69DDA0	43077	44078	0	86104	86111	39918	0	20064	0	911	0	Null	0	Null	0	25355	0	0	1	0	0	0	0	0	0	0	4	6	255	0	0	0	0	0	0	0	0	0	0	0	0	0	0	0	0	0	0	0	0	0	0	0	0	0	0	0	0	2	0	0	0	0	0	1	0	0	99	0	49	2	100	0	47	2	100	0	32	1	7	0	0	0	0	0	0	0	0	0	0	0	0	0	0	0	0	0	0	0	0	0	0	0	0	0	0	0	0	0	0	0	0	0	1	0	0	0	0	0	0	0	0	0	0	0	0	0	0	0	0	0	0	0	0	0	0	0	0	0	0	0	0	0	0	0	0	0	0	0	0	0	0	0	0	0	0	0	0	0	0	0	0	0	
	60811	1	0	헬로이드용_곰돌이코스튬_영구	44289	1	69DDA0	43077	44079	86105	0	86112	39918	0	20064	0	911	0	Null	0	Null	0	25355	0	0	1	0	0	0	0	0	0	0	4	6	255	0	0	0	0	0	0	0	0	0	0	0	0	0	0	0	0	0	0	0	0	0	0	0	0	0	0	0	0	1	0	0	0	0	0	0	1	0	99	0	49	2	100	0	47	2	100	0	32	1	7	0	0	0	0	0	0	0	0	0	0	0	0	0	0	0	0	0	0	0	0	0	0	0	0	0	0	0	0	0	3	0	0	0	1	0	0	0	0	0	0	0	0	0	0	0	0	0	0	0	0	0	0	0	0	0	0	0	0	0	0	0	0	0	0	0	0	0	0	0	0	0	0	0	0	0	0	0	0	0	0	0	0	0	
	60812	1	0	위치블레이드용_무사코스튬_영구	44290	1	69DDA0	43077	44078	0	86106	86113	39918	0	20064	0	911	0	Null	0	Null	0	25355	0	0	1	0	0	0	0	0	0	0	4	6	255	0	0	0	0	0	0	0	0	0	0	0	0	0	0	0	0	0	0	0	0	0	0	0	0	0	0	0	0	2	0	0	0	0	0	0	0	1	99	0	49	2	100	0	47	2	100	0	32	1	7	0	0	0	0	0	0	0	0	0	0	0	0	0	0	0	0	0	0	0	0	0	0	0	0	0	0	0	0	0	0	0	0	0	1	0	0	0	0	0	0	0	0	0	0	0	0	0	0	0	0	0	0	0	0	0	0	0	0	0	0	0	0	0	0	0	0	0	0	0	0	0	0	0	0	0	0	0	0	0	0	0	0	0	
	60813	1	0	버서커용_무사코스튬_영구_여	44283	1	69DDA0	43077	44078	0	86101	86109	39918	0	20064	0	911	0	Null	0	Null	0	25355	0	0	1	0	0	0	0	0	0	0	4	6	255	0	0	0	0	0	0	0	0	0	0	0	0	0	0	0	0	0	0	0	0	0	0	0	0	0	0	0	0	2	1	0	0	0	0	0	0	0	99	0	49	2	100	0	47	2	100	0	32	1	7	0	0	0	0	0	0	0	0	0	0	0	0	0	0	0	0	0	0	0	0	0	0	0	0	0	0	0	0	0	3	0	0	0	1	0	0	0	0	0	0	0	0	0	0	0	0	0	0	0	0	0	0	0	0	0	0	0	0	0	0	0	0	0	0	0	0	0	0	0	0	0	0	0	0	0	0	0	0	0	0	0	0	0	
	60814	1	0	드래곤나이트용_무사코스튬_영구_여	44284	1	69DDA0	43077	44078	0	86101	86109	39918	0	20064	0	911	0	Null	0	Null	0	25355	0	0	1	0	0	0	0	0	0	0	4	6	255	0	0	0	0	0	0	0	0	0	0	0	0	0	0	0	0	0	0	0	0	0	0	0	0	0	0	0	0	2	0	1	0	0	0	0	0	0	99	0	49	2	100	0	47	2	100	0	32	1	7	0	0	0	0	0	0	0	0	0	0	0	0	0	0	0	0	0	0	0	0	0	0	0	0	0	0	0	0	0	3	0	0	0	1	0	0	0	0	0	0	0	0	0	0	0	0	0	0	0	0	0	0	0	0	0	0	0	0	0	0	0	0	0	0	0	0	0	0	0	0	0	0	0	0	0	0	0	0	0	0	0	0	0	
	60815	1	0	발키리용_무사코스튬_영구_여	44285	1	69DDA0	43077	44078	0	86101	86109	39918	0	20064	0	911	0	Null	0	Null	0	25355	0	0	1	0	0	0	0	0	0	0	4	6	255	0	0	0	0	0	0	0	0	0	0	0	0	0	0	0	0	0	0	0	0	0	0	0	0	0	0	0	0	2	0	0	0	1	0	0	0	0	99	0	49	2	100	0	47	2	100	0	32	1	7	0	0	0	0	0	0	0	0	0	0	0	0	0	0	0	0	0	0	0	0	0	0	0	0	0	0	0	0	0	3	0	0	0	1	0	0	0	0	0	0	0	0	0	0	0	0	0	0	0	0	0	0	0	0	0	0	0	0	0	0	0	0	0	0	0	0	0	0	0	0	0	0	0	0	0	0	0	0	0	0	0	0	0	
	60816	1	0	엘리용_무사코스튬_영구_여	44286	1	69DDA0	43077	44078	0	86102	86110	39918	0	20064	0	911	0	Null	0	Null	0	25355	0	0	1	0	0	0	0	0	0	0	4	6	255	0	0	0	0	0	0	0	0	0	0	0	0	0	0	0	0	0	0	0	0	0	0	0	0	0	0	0	0	2	0	0	0	0	1	0	0	0	99	0	49	2	100	0	47	2	100	0	32	1	7	0	0	0	0	0	0	0	0	0	0	0	0	0	0	0	0	0	0	0	0	0	0	0	0	0	0	0	0	0	3	0	0	0	1	0	0	0	0	0	0	0	0	0	0	0	0	0	0	0	0	0	0	0	0	0	0	0	0	0	0	0	0	0	0	0	0	0	0	0	0	0	0	0	0	0	0	0	0	0	0	0	0	0	
	60817	1	0	섀도우용_무사코스튬_영구_여	44287	1	69DDA0	43077	44078	0	86102	86110	39918	0	20064	0	911	0	Null	0	Null	0	25355	0	0	1	0	0	0	0	0	0	0	4	6	255	0	0	0	0	0	0	0	0	0	0	0	0	0	0	0	0	0	0	0	0	0	0	0	0	0	0	0	0	2	0	0	1	0	0	0	0	0	99	0	49	2	100	0	47	2	100	0	32	1	7	0	0	0	0	0	0	0	0	0	0	0	0	0	0	0	0	0	0	0	0	0	0	0	0	0	0	0	0	0	3	0	0	0	1	0	0	0	0	0	0	0	0	0	0	0	0	0	0	0	0	0	0	0	0	0	0	0	0	0	0	0	0	0	0	0	0	0	0	0	0	0	0	0	0	0	0	0	0	0	0	0	0	0	
	60818	1	2	버서커용_무사코스튬_기간제_남	44267	1	69DDA0	43077	44079	86099	0	86107	39918	0	20064	0	911	0	Null	0	Null	0	25355	0	0	1	0	0	0	0	0	0	0	4	86	255	0	0	0	0	0	0	0	0	0	0	0	0	0	0	0	0	0	0	0	0	0	0	0	0	0	0	0	0	1	1	0	0	0	0	0	0	0	99	0	49	2	100	0	47	2	100	0	32	1	7	0	0	0	0	0	0	0	0	0	0	0	0	0	0	0	0	0	0	0	0	0	0	0	0	0	0	0	0	0	3	0	0	0	1	0	0	0	0	0	0	0	0	0	0	0	0	0	0	0	0	0	0	0	0	0	0	0	0	0	0	0	0	0	0	0	0	0	0	0	0	0	0	0	0	0	0	0	0	0	0	0	0	0	
	60819	1	2	드래곤나이트용_무사코스튬_기간제_남	44268	1	69DDA0	43077	44079	86100	0	86108	39918	0	20064	0	911	0	Null	0	Null	0	25355	0	0	1	0	0	0	0	0	0	0	4	86	255	0	0	0	0	0	0	0	0	0	0	0	0	0	0	0	0	0	0	0	0	0	0	0	0	0	0	0	0	1	0	1	0	0	0	0	0	0	99	0	49	2	100	0	47	2	100	0	32	1	7	0	0	0	0	0	0	0	0	0	0	0	0	0	0	0	0	0	0	0	0	0	0	0	0	0	0	0	0	0	3	0	0	0	1	0	0	0	0	0	0	0	0	0	0	0	0	0	0	0	0	0	0	0	0	0	0	0	0	0	0	0	0	0	0	0	0	0	0	0	0	0	0	0	0	0	0	0	0	0	0	0	0	0	
	60820	1	2	발키리용_무사코스튬_기간제_남	44269	1	69DDA0	43077	44079	86100	0	86108	39918	0	20064	0	911	0	Null	0	Null	0	25355	0	0	1	0	0	0	0	0	0	0	4	86	255	0	0	0	0	0	0	0	0	0	0	0	0	0	0	0	0	0	0	0	0	0	0	0	0	0	0	0	0	1	0	0	0	1	0	0	0	0	99	0	49	2	100	0	47	2	100	0	32	1	7	0	0	0	0	0	0	0	0	0	0	0	0	0	0	0	0	0	0	0	0	0	0	0	0	0	0	0	0	0	3	0	0	0	1	0	0	0	0	0	0	0	0	0	0	0	0	0	0	0	0	0	0	0	0	0	0	0	0	0	0	0	0	0	0	0	0	0	0	0	0	0	0	0	0	0	0	0	0	0	0	0	0	0	
	60821	1	2	엘리용_무사코스튬_기간제_남	44270	1	69DDA0	43077	44079	86103	0	86128	39918	0	20064	0	911	0	Null	0	Null	0	25355	0	0	1	0	0	0	0	0	0	0	4	86	255	0	0	0	0	0	0	0	0	0	0	0	0	0	0	0	0	0	0	0	0	0	0	0	0	0	0	0	0	1	0	0	0	0	1	0	0	0	99	0	49	2	100	0	47	2	100	0	32	1	7	0	0	0	0	0	0	0	0	0	0	0	0	0	0	0	0	0	0	0	0	0	0	0	0	0	0	0	0	0	3	0	0	0	1	0	0	0	0	0	0	0	0	0	0	0	0	0	0	0	0	0	0	0	0	0	0	0	0	0	0	0	0	0	0	0	0	0	0	0	0	0	0	0	0	0	0	0	0	0	0	0	0	0	
	60822	1	2	섀도우용_무사코스튬_기간제_남	44271	1	69DDA0	43077	44079	86103	0	86128	39918	0	20064	0	911	0	Null	0	Null	0	25355	0	0	1	0	0	0	0	0	0	0	4	86	255	0	0	0	0	0	0	0	0	0	0	0	0	0	0	0	0	0	0	0	0	0	0	0	0	0	0	0	0	1	0	0	1	0	0	0	0	0	99	0	49	2	100	0	47	2	100	0	32	1	7	0	0	0	0	0	0	0	0	0	0	0	0	0	0	0	0	0	0	0	0	0	0	0	0	0	0	0	0	0	3	0	0	0	1	0	0	0	0	0	0	0	0	0	0	0	0	0	0	0	0	0	0	0	0	0	0	0	0	0	0	0	0	0	0	0	0	0	0	0	0	0	0	0	0	0	0	0	0	0	0	0	0	0	
	60823	1	2	미스틱용_무사코스튬_기간제	44272	1	69DDA0	43077	44078	0	86104	86111	39918	0	20064	0	911	0	Null	0	Null	0	25355	0	0	1	0	0	0	0	0	0	0	4	86	255	0	0	0	0	0	0	0	0	0	0	0	0	0	0	0	0	0	0	0	0	0	0	0	0	0	0	0	0	2	0	0	0	0	0	1	0	0	99	0	49	2	100	0	47	2	100	0	32	1	7	0	0	0	0	0	0	0	0	0	0	0	0	0	0	0	0	0	0	0	0	0	0	0	0	0	0	0	0	0	0	0	0	0	1	0	0	0	0	0	0	0	0	0	0	0	0	0	0	0	0	0	0	0	0	0	0	0	0	0	0	0	0	0	0	0	0	0	0	0	0	0	0	0	0	0	0	0	0	0	0	0	0	0	
	60824	1	2	헬로이드용_곰돌이코스튬_기간제	44273	1	69DDA0	43077	44079	86105	0	86112	39918	0	20064	0	911	0	Null	0	Null	0	25355	0	0	1	0	0	0	0	0	0	0	4	86	255	0	0	0	0	0	0	0	0	0	0	0	0	0	0	0	0	0	0	0	0	0	0	0	0	0	0	0	0	1	0	0	0	0	0	0	1	0	99	0	49	2	100	0	47	2	100	0	32	1	7	0	0	0	0	0	0	0	0	0	0	0	0	0	0	0	0	0	0	0	0	0	0	0	0	0	0	0	0	0	3	0	0	0	1	0	0	0	0	0	0	0	0	0	0	0	0	0	0	0	0	0	0	0	0	0	0	0	0	0	0	0	0	0	0	0	0	0	0	0	0	0	0	0	0	0	0	0	0	0	0	0	0	0	
	60825	1	2	위치블레이드용_무사코스튬_기간제	44274	1	69DDA0	43077	44078	0	86106	86113	39918	0	20064	0	911	0	Null	0	Null	0	25355	0	0	1	0	0	0	0	0	0	0	4	86	255	0	0	0	0	0	0	0	0	0	0	0	0	0	0	0	0	0	0	0	0	0	0	0	0	0	0	0	0	2	0	0	0	0	0	0	0	1	99	0	49	2	100	0	47	2	100	0	32	1	7	0	0	0	0	0	0	0	0	0	0	0	0	0	0	0	0	0	0	0	0	0	0	0	0	0	0	0	0	0	0	0	0	0	1	0	0	0	0	0	0	0	0	0	0	0	0	0	0	0	0	0	0	0	0	0	0	0	0	0	0	0	0	0	0	0	0	0	0	0	0	0	0	0	0	0	0	0	0	0	0	0	0	0	
	60826	1	2	버서커용_무사코스튬_기간제_여	44267	1	69DDA0	43077	44078	0	86101	86109	39918	0	20064	0	911	0	Null	0	Null	0	25355	0	0	1	0	0	0	0	0	0	0	4	86	255	0	0	0	0	0	0	0	0	0	0	0	0	0	0	0	0	0	0	0	0	0	0	0	0	0	0	0	0	2	1	0	0	0	0	0	0	0	99	0	49	2	100	0	47	2	100	0	32	1	7	0	0	0	0	0	0	0	0	0	0	0	0	0	0	0	0	0	0	0	0	0	0	0	0	0	0	0	0	0	3	0	0	0	1	0	0	0	0	0	0	0	0	0	0	0	0	0	0	0	0	0	0	0	0	0	0	0	0	0	0	0	0	0	0	0	0	0	0	0	0	0	0	0	0	0	0	0	0	0	0	0	0	0	
	60827	1	2	드래곤나이트용_무사코스튬_기간제_여	44268	1	69DDA0	43077	44078	0	86101	86109	39918	0	20064	0	911	0	Null	0	Null	0	25355	0	0	1	0	0	0	0	0	0	0	4	86	255	0	0	0	0	0	0	0	0	0	0	0	0	0	0	0	0	0	0	0	0	0	0	0	0	0	0	0	0	2	0	1	0	0	0	0	0	0	99	0	49	2	100	0	47	2	100	0	32	1	7	0	0	0	0	0	0	0	0	0	0	0	0	0	0	0	0	0	0	0	0	0	0	0	0	0	0	0	0	0	3	0	0	0	1	0	0	0	0	0	0	0	0	0	0	0	0	0	0	0	0	0	0	0	0	0	0	0	0	0	0	0	0	0	0	0	0	0	0	0	0	0	0	0	0	0	0	0	0	0	0	0	0	0	
	60828	1	2	발키리용_무사코스튬_기간제_여	44269	1	69DDA0	43077	44078	0	86101	86109	39918	0	20064	0	911	0	Null	0	Null	0	25355	0	0	1	0	0	0	0	0	0	0	4	86	255	0	0	0	0	0	0	0	0	0	0	0	0	0	0	0	0	0	0	0	0	0	0	0	0	0	0	0	0	2	0	0	0	1	0	0	0	0	99	0	49	2	100	0	47	2	100	0	32	1	7	0	0	0	0	0	0	0	0	0	0	0	0	0	0	0	0	0	0	0	0	0	0	0	0	0	0	0	0	0	3	0	0	0	1	0	0	0	0	0	0	0	0	0	0	0	0	0	0	0	0	0	0	0	0	0	0	0	0	0	0	0	0	0	0	0	0	0	0	0	0	0	0	0	0	0	0	0	0	0	0	0	0	0	
	60829	1	2	엘리용_무사코스튬_기간제_여	44270	1	69DDA0	43077	44078	0	86102	86110	39918	0	20064	0	911	0	Null	0	Null	0	25355	0	0	1	0	0	0	0	0	0	0	4	86	255	0	0	0	0	0	0	0	0	0	0	0	0	0	0	0	0	0	0	0	0	0	0	0	0	0	0	0	0	2	0	0	0	0	1	0	0	0	99	0	49	2	100	0	47	2	100	0	32	1	7	0	0	0	0	0	0	0	0	0	0	0	0	0	0	0	0	0	0	0	0	0	0	0	0	0	0	0	0	0	3	0	0	0	1	0	0	0	0	0	0	0	0	0	0	0	0	0	0	0	0	0	0	0	0	0	0	0	0	0	0	0	0	0	0	0	0	0	0	0	0	0	0	0	0	0	0	0	0	0	0	0	0	0	
	60830	1	2	섀도우용_무사코스튬_기간제_여	44271	1	69DDA0	43077	44078	0	86102	86110	39918	0	20064	0	911	0	Null	0	Null	0	25355	0	0	1	0	0	0	0	0	0	0	4	86	255	0	0	0	0	0	0	0	0	0	0	0	0	0	0	0	0	0	0	0	0	0	0	0	0	0	0	0	0	2	0	0	1	0	0	0	0	0	99	0	49	2	100	0	47	2	100	0	32	1	7	0	0	0	0	0	0	0	0	0	0	0	0	0	0	0	0	0	0	0	0	0	0	0	0	0	0	0	0	0	3	0	0	0	1	0	0	0	0	0	0	0	0	0	0	0	0	0	0	0	0	0	0	0	0	0	0	0	0	0	0	0	0	0	0	0	0	0	0	0	0	0	0	0	0	0	0	0	0	0	0	0	0	0	
	60831	1	0	버서커용_무사코스튬(강화판)_영구_남	44291	1	69DDA0	43077	44079	86099	0	86114	39918	0	20064	0	911	0	Null	0	Null	0	25355	0	0	1	0	0	0	0	0	0	0	4	6	255	0	0	0	0	0	0	0	0	0	0	0	0	0	0	0	0	0	0	0	0	0	0	0	0	0	0	0	0	1	1	0	0	0	0	0	0	0	99	0	42	2	100	0	31	5	100	0	49	2	100	0	47	2	100	0	32	1	10	0	0	0	0	0	0	0	0	0	0	0	0	0	0	0	0	0	0	0	0	0	3	0	0	0	1	0	0	0	0	0	0	0	0	0	0	0	0	0	0	0	0	0	0	0	0	0	0	0	0	0	0	0	0	0	0	0	0	0	0	0	0	0	0	0	0	0	0	0	0	0	0	0	0	0	
	60832	1	0	드래곤나이트용_무사코스튬(강화판)_영구_남	44292	1	69DDA0	43077	44079	86100	0	86115	39918	0	20064	0	911	0	Null	0	Null	0	25355	0	0	1	0	0	0	0	0	0	0	4	6	255	0	0	0	0	0	0	0	0	0	0	0	0	0	0	0	0	0	0	0	0	0	0	0	0	0	0	0	0	1	0	1	0	0	0	0	0	0	99	0	42	2	100	0	31	5	100	0	49	2	100	0	47	2	100	0	32	1	10	0	0	0	0	0	0	0	0	0	0	0	0	0	0	0	0	0	0	0	0	0	3	0	0	0	1	0	0	0	0	0	0	0	0	0	0	0	0	0	0	0	0	0	0	0	0	0	0	0	0	0	0	0	0	0	0	0	0	0	0	0	0	0	0	0	0	0	0	0	0	0	0	0	0	0	
	60833	1	0	발키리용_무사코스튬(강화판)_영구_남	44293	1	69DDA0	43077	44079	86100	0	86115	39918	0	20064	0	911	0	Null	0	Null	0	25355	0	0	1	0	0	0	0	0	0	0	4	6	255	0	0	0	0	0	0	0	0	0	0	0	0	0	0	0	0	0	0	0	0	0	0	0	0	0	0	0	0	1	0	0	0	1	0	0	0	0	99	0	42	2	100	0	31	5	100	0	49	2	100	0	47	2	100	0	32	1	10	0	0	0	0	0	0	0	0	0	0	0	0	0	0	0	0	0	0	0	0	0	3	0	0	0	1	0	0	0	0	0	0	0	0	0	0	0	0	0	0	0	0	0	0	0	0	0	0	0	0	0	0	0	0	0	0	0	0	0	0	0	0	0	0	0	0	0	0	0	0	0	0	0	0	0	
	60834	1	0	엘리용_무사코스튬(강화판)_영구_남	44294	1	69DDA0	43077	44079	86103	0	86118	39918	0	20064	0	911	0	Null	0	Null	0	25355	0	0	1	0	0	0	0	0	0	0	4	6	255	0	0	0	0	0	0	0	0	0	0	0	0	0	0	0	0	0	0	0	0	0	0	0	0	0	0	0	0	1	0	0	0	0	1	0	0	0	99	0	42	2	100	0	31	5	100	0	49	2	100	0	47	2	100	0	32	1	10	0	0	0	0	0	0	0	0	0	0	0	0	0	0	0	0	0	0	0	0	0	3	0	0	0	1	0	0	0	0	0	0	0	0	0	0	0	0	0	0	0	0	0	0	0	0	0	0	0	0	0	0	0	0	0	0	0	0	0	0	0	0	0	0	0	0	0	0	0	0	0	0	0	0	0	
	60835	1	0	섀도우용_무사코스튬(강화판)_영구_남	44295	1	69DDA0	43077	44079	86103	0	86118	39918	0	20064	0	911	0	Null	0	Null	0	25355	0	0	1	0	0	0	0	0	0	0	4	6	255	0	0	0	0	0	0	0	0	0	0	0	0	0	0	0	0	0	0	0	0	0	0	0	0	0	0	0	0	1	0	0	1	0	0	0	0	0	99	0	42	2	100	0	31	5	100	0	49	2	100	0	47	2	100	0	32	1	10	0	0	0	0	0	0	0	0	0	0	0	0	0	0	0	0	0	0	0	0	0	3	0	0	0	1	0	0	0	0	0	0	0	0	0	0	0	0	0	0	0	0	0	0	0	0	0	0	0	0	0	0	0	0	0	0	0	0	0	0	0	0	0	0	0	0	0	0	0	0	0	0	0	0	0	
	60836	1	0	미스틱용_무사코스튬(강화판)_영구	44296	1	69DDA0	43077	44078	0	86104	86119	39918	0	20064	0	911	0	Null	0	Null	0	25355	0	0	1	0	0	0	0	0	0	0	4	6	255	0	0	0	0	0	0	0	0	0	0	0	0	0	0	0	0	0	0	0	0	0	0	0	0	0	0	0	0	2	0	0	0	0	0	1	0	0	99	0	42	2	100	0	31	5	100	0	49	2	100	0	47	2	100	0	32	1	10	0	0	0	0	0	0	0	0	0	0	0	0	0	0	0	0	0	0	0	0	0	0	0	0	0	1	0	0	0	0	0	0	0	0	0	0	0	0	0	0	0	0	0	0	0	0	0	0	0	0	0	0	0	0	0	0	0	0	0	0	0	0	0	0	0	0	0	0	0	0	0	0	0	0	0	
	60837	1	0	헬로이드용_곰돌이코스튬(강화판)_영구	44297	1	69DDA0	43077	44079	86105	0	86120	39918	0	20064	0	911	0	Null	0	Null	0	25355	0	0	1	0	0	0	0	0	0	0	4	6	255	0	0	0	0	0	0	0	0	0	0	0	0	0	0	0	0	0	0	0	0	0	0	0	0	0	0	0	0	1	0	0	0	0	0	0	1	0	99	0	42	2	100	0	31	5	100	0	49	2	100	0	47	2	100	0	32	1	10	0	0	0	0	0	0	0	0	0	0	0	0	0	0	0	0	0	0	0	0	0	3	0	0	0	1	0	0	0	0	0	0	0	0	0	0	0	0	0	0	0	0	0	0	0	0	0	0	0	0	0	0	0	0	0	0	0	0	0	0	0	0	0	0	0	0	0	0	0	0	0	0	0	0	0	
	60838	1	0	위치블레이드용_무사코스튬(강화판)_영구	44298	1	69DDA0	43077	44078	0	86106	86121	39918	0	20064	0	911	0	Null	0	Null	0	25355	0	0	1	0	0	0	0	0	0	0	4	6	255	0	0	0	0	0	0	0	0	0	0	0	0	0	0	0	0	0	0	0	0	0	0	0	0	0	0	0	0	2	0	0	0	0	0	0	0	1	99	0	42	2	100	0	31	5	100	0	49	2	100	0	47	2	100	0	32	1	10	0	0	0	0	0	0	0	0	0	0	0	0	0	0	0	0	0	0	0	0	0	0	0	0	0	1	0	0	0	0	0	0	0	0	0	0	0	0	0	0	0	0	0	0	0	0	0	0	0	0	0	0	0	0	0	0	0	0	0	0	0	0	0	0	0	0	0	0	0	0	0	0	0	0	0	
	60839	1	0	버서커용_무사코스튬(강화판)_영구_여	44291	1	69DDA0	43077	44078	0	86101	86116	39918	0	20064	0	911	0	Null	0	Null	0	25355	0	0	1	0	0	0	0	0	0	0	4	6	255	0	0	0	0	0	0	0	0	0	0	0	0	0	0	0	0	0	0	0	0	0	0	0	0	0	0	0	0	2	1	0	0	0	0	0	0	0	99	0	42	2	100	0	31	5	100	0	49	2	100	0	47	2	100	0	32	1	10	0	0	0	0	0	0	0	0	0	0	0	0	0	0	0	0	0	0	0	0	0	3	0	0	0	1	0	0	0	0	0	0	0	0	0	0	0	0	0	0	0	0	0	0	0	0	0	0	0	0	0	0	0	0	0	0	0	0	0	0	0	0	0	0	0	0	0	0	0	0	0	0	0	0	0	
	60840	1	0	드래곤나이트용_무사코스튬(강화판)_영구_여	44292	1	69DDA0	43077	44078	0	86101	86116	39918	0	20064	0	911	0	Null	0	Null	0	25355	0	0	1	0	0	0	0	0	0	0	4	6	255	0	0	0	0	0	0	0	0	0	0	0	0	0	0	0	0	0	0	0	0	0	0	0	0	0	0	0	0	2	0	1	0	0	0	0	0	0	99	0	42	2	100	0	31	5	100	0	49	2	100	0	47	2	100	0	32	1	10	0	0	0	0	0	0	0	0	0	0	0	0	0	0	0	0	0	0	0	0	0	3	0	0	0	1	0	0	0	0	0	0	0	0	0	0	0	0	0	0	0	0	0	0	0	0	0	0	0	0	0	0	0	0	0	0	0	0	0	0	0	0	0	0	0	0	0	0	0	0	0	0	0	0	0	
	60841	1	0	발키리용_무사코스튬(강화판)_영구_여	44293	1	69DDA0	43077	44078	0	86101	86116	39918	0	20064	0	911	0	Null	0	Null	0	25355	0	0	1	0	0	0	0	0	0	0	4	6	255	0	0	0	0	0	0	0	0	0	0	0	0	0	0	0	0	0	0	0	0	0	0	0	0	0	0	0	0	2	0	0	0	1	0	0	0	0	99	0	42	2	100	0	31	5	100	0	49	2	100	0	47	2	100	0	32	1	10	0	0	0	0	0	0	0	0	0	0	0	0	0	0	0	0	0	0	0	0	0	3	0	0	0	1	0	0	0	0	0	0	0	0	0	0	0	0	0	0	0	0	0	0	0	0	0	0	0	0	0	0	0	0	0	0	0	0	0	0	0	0	0	0	0	0	0	0	0	0	0	0	0	0	0	
	60842	1	0	엘리용_무사코스튬(강화판)_영구_여	44294	1	69DDA0	43077	44078	0	86102	86117	39918	0	20064	0	911	0	Null	0	Null	0	25355	0	0	1	0	0	0	0	0	0	0	4	6	255	0	0	0	0	0	0	0	0	0	0	0	0	0	0	0	0	0	0	0	0	0	0	0	0	0	0	0	0	2	0	0	0	0	1	0	0	0	99	0	42	2	100	0	31	5	100	0	49	2	100	0	47	2	100	0	32	1	10	0	0	0	0	0	0	0	0	0	0	0	0	0	0	0	0	0	0	0	0	0	3	0	0	0	1	0	0	0	0	0	0	0	0	0	0	0	0	0	0	0	0	0	0	0	0	0	0	0	0	0	0	0	0	0	0	0	0	0	0	0	0	0	0	0	0	0	0	0	0	0	0	0	0	0	
	60843	1	0	섀도우용_무사코스튬(강화판)_영구_여	44295	1	69DDA0	43077	44078	0	86102	86117	39918	0	20064	0	911	0	Null	0	Null	0	25355	0	0	1	0	0	0	0	0	0	0	4	6	255	0	0	0	0	0	0	0	0	0	0	0	0	0	0	0	0	0	0	0	0	0	0	0	0	0	0	0	0	2	0	0	1	0	0	0	0	0	99	0	42	2	100	0	31	5	100	0	49	2	100	0	47	2	100	0	32	1	10	0	0	0	0	0	0	0	0	0	0	0	0	0	0	0	0	0	0	0	0	0	3	0	0	0	1	0	0	0	0	0	0	0	0	0	0	0	0	0	0	0	0	0	0	0	0	0	0	0	0	0	0	0	0	0	0	0	0	0	0	0	0	0	0	0	0	0	0	0	0	0	0	0	0	0	
	60844	1	2	버서커용_무사코스튬(강화판)_기간제_남	44275	1	69DDA0	43077	44079	86099	0	86114	39918	0	20064	0	911	0	Null	0	Null	0	25355	0	0	1	0	0	0	0	0	0	0	4	86	255	0	0	0	0	0	0	0	0	0	0	0	0	0	0	0	0	0	0	0	0	0	0	0	0	0	0	0	0	1	1	0	0	0	0	0	0	0	99	0	42	2	100	0	31	5	100	0	49	2	100	0	47	2	100	0	32	1	10	0	0	0	0	0	0	0	0	0	0	0	0	0	0	0	0	0	0	0	0	0	3	0	0	0	1	0	0	0	0	0	0	0	0	0	0	0	0	0	0	0	0	0	0	0	0	0	0	0	0	0	0	0	0	0	0	0	0	0	0	0	0	0	0	0	0	0	0	0	0	0	0	0	0	0	
	60845	1	2	드래곤나이트용_무사코스튬(강화판)_기간제_남	44276	1	69DDA0	43077	44079	86100	0	86115	39918	0	20064	0	911	0	Null	0	Null	0	25355	0	0	1	0	0	0	0	0	0	0	4	86	255	0	0	0	0	0	0	0	0	0	0	0	0	0	0	0	0	0	0	0	0	0	0	0	0	0	0	0	0	1	0	1	0	0	0	0	0	0	99	0	42	2	100	0	31	5	100	0	49	2	100	0	47	2	100	0	32	1	10	0	0	0	0	0	0	0	0	0	0	0	0	0	0	0	0	0	0	0	0	0	3	0	0	0	1	0	0	0	0	0	0	0	0	0	0	0	0	0	0	0	0	0	0	0	0	0	0	0	0	0	0	0	0	0	0	0	0	0	0	0	0	0	0	0	0	0	0	0	0	0	0	0	0	0	
	60846	1	2	발키리용_무사코스튬(강화판)_기간제_남	44277	1	69DDA0	43077	44079	86100	0	86115	39918	0	20064	0	911	0	Null	0	Null	0	25355	0	0	1	0	0	0	0	0	0	0	4	86	255	0	0	0	0	0	0	0	0	0	0	0	0	0	0	0	0	0	0	0	0	0	0	0	0	0	0	0	0	1	0	0	0	1	0	0	0	0	99	0	42	2	100	0	31	5	100	0	49	2	100	0	47	2	100	0	32	1	10	0	0	0	0	0	0	0	0	0	0	0	0	0	0	0	0	0	0	0	0	0	3	0	0	0	1	0	0	0	0	0	0	0	0	0	0	0	0	0	0	0	0	0	0	0	0	0	0	0	0	0	0	0	0	0	0	0	0	0	0	0	0	0	0	0	0	0	0	0	0	0	0	0	0	0	
	60847	1	2	엘리용_무사코스튬(강화판)_기간제_남	44278	1	69DDA0	43077	44079	86103	0	86118	39918	0	20064	0	911	0	Null	0	Null	0	25355	0	0	1	0	0	0	0	0	0	0	4	86	255	0	0	0	0	0	0	0	0	0	0	0	0	0	0	0	0	0	0	0	0	0	0	0	0	0	0	0	0	1	0	0	0	0	1	0	0	0	99	0	42	2	100	0	31	5	100	0	49	2	100	0	47	2	100	0	32	1	10	0	0	0	0	0	0	0	0	0	0	0	0	0	0	0	0	0	0	0	0	0	3	0	0	0	1	0	0	0	0	0	0	0	0	0	0	0	0	0	0	0	0	0	0	0	0	0	0	0	0	0	0	0	0	0	0	0	0	0	0	0	0	0	0	0	0	0	0	0	0	0	0	0	0	0	
	60848	1	2	섀도우용_무사코스튬(강화판)_기간제_남	44279	1	69DDA0	43077	44079	86103	0	86118	39918	0	20064	0	911	0	Null	0	Null	0	25355	0	0	1	0	0	0	0	0	0	0	4	86	255	0	0	0	0	0	0	0	0	0	0	0	0	0	0	0	0	0	0	0	0	0	0	0	0	0	0	0	0	1	0	0	1	0	0	0	0	0	99	0	42	2	100	0	31	5	100	0	49	2	100	0	47	2	100	0	32	1	10	0	0	0	0	0	0	0	0	0	0	0	0	0	0	0	0	0	0	0	0	0	3	0	0	0	1	0	0	0	0	0	0	0	0	0	0	0	0	0	0	0	0	0	0	0	0	0	0	0	0	0	0	0	0	0	0	0	0	0	0	0	0	0	0	0	0	0	0	0	0	0	0	0	0	0	
	60849	1	2	미스틱용_무사코스튬(강화판)_기간제	44280	1	69DDA0	43077	44078	0	86104	86119	39918	0	20064	0	911	0	Null	0	Null	0	25355	0	0	1	0	0	0	0	0	0	0	4	86	255	0	0	0	0	0	0	0	0	0	0	0	0	0	0	0	0	0	0	0	0	0	0	0	0	0	0	0	0	2	0	0	0	0	0	1	0	0	99	0	42	2	100	0	31	5	100	0	49	2	100	0	47	2	100	0	32	1	10	0	0	0	0	0	0	0	0	0	0	0	0	0	0	0	0	0	0	0	0	0	0	0	0	0	1	0	0	0	0	0	0	0	0	0	0	0	0	0	0	0	0	0	0	0	0	0	0	0	0	0	0	0	0	0	0	0	0	0	0	0	0	0	0	0	0	0	0	0	0	0	0	0	0	0	
	60850	1	2	헬로이드용_곰돌이코스튬(강화판)_기간제	44281	1	69DDA0	43077	44079	86105	0	86120	39918	0	20064	0	911	0	Null	0	Null	0	25355	0	0	1	0	0	0	0	0	0	0	4	86	255	0	0	0	0	0	0	0	0	0	0	0	0	0	0	0	0	0	0	0	0	0	0	0	0	0	0	0	0	1	0	0	0	0	0	0	1	0	99	0	42	2	100	0	31	5	100	0	49	2	100	0	47	2	100	0	32	1	10	0	0	0	0	0	0	0	0	0	0	0	0	0	0	0	0	0	0	0	0	0	3	0	0	0	1	0	0	0	0	0	0	0	0	0	0	0	0	0	0	0	0	0	0	0	0	0	0	0	0	0	0	0	0	0	0	0	0	0	0	0	0	0	0	0	0	0	0	0	0	0	0	0	0	0	
	60851	1	2	위치블레이드용_무사코스튬(강화판)_기간제	44282	1	69DDA0	43077	44078	0	86106	86121	39918	0	20064	0	911	0	Null	0	Null	0	25355	0	0	1	0	0	0	0	0	0	0	4	86	255	0	0	0	0	0	0	0	0	0	0	0	0	0	0	0	0	0	0	0	0	0	0	0	0	0	0	0	0	2	0	0	0	0	0	0	0	1	99	0	42	2	100	0	31	5	100	0	49	2	100	0	47	2	100	0	32	1	10	0	0	0	0	0	0	0	0	0	0	0	0	0	0	0	0	0	0	0	0	0	0	0	0	0	1	0	0	0	0	0	0	0	0	0	0	0	0	0	0	0	0	0	0	0	0	0	0	0	0	0	0	0	0	0	0	0	0	0	0	0	0	0	0	0	0	0	0	0	0	0	0	0	0	0	
	60852	1	2	버서커용_무사코스튬(강화판)_기간제_여	44275	1	69DDA0	43077	44078	0	86101	86116	39918	0	20064	0	911	0	Null	0	Null	0	25355	0	0	1	0	0	0	0	0	0	0	4	86	255	0	0	0	0	0	0	0	0	0	0	0	0	0	0	0	0	0	0	0	0	0	0	0	0	0	0	0	0	2	1	0	0	0	0	0	0	0	99	0	42	2	100	0	31	5	100	0	49	2	100	0	47	2	100	0	32	1	10	0	0	0	0	0	0	0	0	0	0	0	0	0	0	0	0	0	0	0	0	0	3	0	0	0	1	0	0	0	0	0	0	0	0	0	0	0	0	0	0	0	0	0	0	0	0	0	0	0	0	0	0	0	0	0	0	0	0	0	0	0	0	0	0	0	0	0	0	0	0	0	0	0	0	0	
	60853	1	2	드래곤나이트용_무사코스튬(강화판)_기간제_여	44276	1	69DDA0	43077	44078	0	86101	86116	39918	0	20064	0	911	0	Null	0	Null	0	25355	0	0	1	0	0	0	0	0	0	0	4	86	255	0	0	0	0	0	0	0	0	0	0	0	0	0	0	0	0	0	0	0	0	0	0	0	0	0	0	0	0	2	0	1	0	0	0	0	0	0	99	0	42	2	100	0	31	5	100	0	49	2	100	0	47	2	100	0	32	1	10	0	0	0	0	0	0	0	0	0	0	0	0	0	0	0	0	0	0	0	0	0	3	0	0	0	1	0	0	0	0	0	0	0	0	0	0	0	0	0	0	0	0	0	0	0	0	0	0	0	0	0	0	0	0	0	0	0	0	0	0	0	0	0	0	0	0	0	0	0	0	0	0	0	0	0	
	60854	1	2	발키리용_무사코스튬(강화판)_기간제_여	44277	1	69DDA0	43077	44078	0	86101	86116	39918	0	20064	0	911	0	Null	0	Null	0	25355	0	0	1	0	0	0	0	0	0	0	4	86	255	0	0	0	0	0	0	0	0	0	0	0	0	0	0	0	0	0	0	0	0	0	0	0	0	0	0	0	0	2	0	0	0	1	0	0	0	0	99	0	42	2	100	0	31	5	100	0	49	2	100	0	47	2	100	0	32	1	10	0	0	0	0	0	0	0	0	0	0	0	0	0	0	0	0	0	0	0	0	0	3	0	0	0	1	0	0	0	0	0	0	0	0	0	0	0	0	0	0	0	0	0	0	0	0	0	0	0	0	0	0	0	0	0	0	0	0	0	0	0	0	0	0	0	0	0	0	0	0	0	0	0	0	0	
	60855	1	2	엘리용_무사코스튬(강화판)_기간제_여	44278	1	69DDA0	43077	44078	0	86102	86117	39918	0	20064	0	911	0	Null	0	Null	0	25355	0	0	1	0	0	0	0	0	0	0	4	86	255	0	0	0	0	0	0	0	0	0	0	0	0	0	0	0	0	0	0	0	0	0	0	0	0	0	0	0	0	2	0	0	0	0	1	0	0	0	99	0	42	2	100	0	31	5	100	0	49	2	100	0	47	2	100	0	32	1	10	0	0	0	0	0	0	0	0	0	0	0	0	0	0	0	0	0	0	0	0	0	3	0	0	0	1	0	0	0	0	0	0	0	0	0	0	0	0	0	0	0	0	0	0	0	0	0	0	0	0	0	0	0	0	0	0	0	0	0	0	0	0	0	0	0	0	0	0	0	0	0	0	0	0	0	
	60856	1	2	섀도우용_무사코스튬(강화판)_기간제_여	44279	1	69DDA0	43077	44078	0	86102	86117	39918	0	20064	0	911	0	Null	0	Null	0	25355	0	0	1	0	0	0	0	0	0	0	4	86	255	0	0	0	0	0	0	0	0	0	0	0	0	0	0	0	0	0	0	0	0	0	0	0	0	0	0	0	0	2	0	0	1	0	0	0	0	0	99	0	42	2	100	0	31	5	100	0	49	2	100	0	47	2	100	0	32	1	10	0	0	0	0	0	0	0	0	0	0	0	0	0	0	0	0	0	0	0	0	0	3	0	0	0	1	0	0	0	0	0	0	0	0	0	0	0	0	0	0	0	0	0	0	0	0	0	0	0	0	0	0	0	0	0	0	0	0	0	0	0	0	0	0	0	0	0	0	0	0	0	0	0	0	0	
	60857	1	0	버서커용_메딕코스튬_영구_남	44299	1	69DDA0	43077	44079	86129	0	86137	39918	0	20064	0	911	0	Null	0	Null	0	25355	0	0	1	0	0	0	0	0	0	0	4	6	255	0	0	0	0	0	0	0	0	0	0	0	0	0	0	0	0	0	0	0	0	0	0	0	0	0	0	0	0	1	1	0	0	0	0	0	0	0	99	0	49	2	100	0	47	2	100	0	32	1	7	0	0	0	0	0	0	0	0	0	0	0	0	0	0	0	0	0	0	0	0	0	0	0	0	0	0	0	0	0	3	0	0	0	1	0	0	0	0	0	0	0	0	0	0	0	0	0	0	0	0	0	0	0	0	0	0	0	0	0	0	0	0	0	0	0	0	0	0	0	0	0	0	0	0	0	0	0	0	0	0	0	0	0	
	60858	1	0	드래곤나이트용_메딕코스튬_영구_남	44300	1	69DDA0	43077	44079	86130	0	86138	39918	0	20064	0	911	0	Null	0	Null	0	25355	0	0	1	0	0	0	0	0	0	0	4	6	255	0	0	0	0	0	0	0	0	0	0	0	0	0	0	0	0	0	0	0	0	0	0	0	0	0	0	0	0	1	0	1	0	0	0	0	0	0	99	0	49	2	100	0	47	2	100	0	32	1	7	0	0	0	0	0	0	0	0	0	0	0	0	0	0	0	0	0	0	0	0	0	0	0	0	0	0	0	0	0	3	0	0	0	1	0	0	0	0	0	0	0	0	0	0	0	0	0	0	0	0	0	0	0	0	0	0	0	0	0	0	0	0	0	0	0	0	0	0	0	0	0	0	0	0	0	0	0	0	0	0	0	0	0	
	60859	1	0	발키리용_메딕코스튬_영구_남	44301	1	69DDA0	43077	44079	86130	0	86138	39918	0	20064	0	911	0	Null	0	Null	0	25355	0	0	1	0	0	0	0	0	0	0	4	6	255	0	0	0	0	0	0	0	0	0	0	0	0	0	0	0	0	0	0	0	0	0	0	0	0	0	0	0	0	1	0	0	0	1	0	0	0	0	99	0	49	2	100	0	47	2	100	0	32	1	7	0	0	0	0	0	0	0	0	0	0	0	0	0	0	0	0	0	0	0	0	0	0	0	0	0	0	0	0	0	3	0	0	0	1	0	0	0	0	0	0	0	0	0	0	0	0	0	0	0	0	0	0	0	0	0	0	0	0	0	0	0	0	0	0	0	0	0	0	0	0	0	0	0	0	0	0	0	0	0	0	0	0	0	
	60860	1	0	엘리용_메딕코스튬_영구_남	44302	1	69DDA0	43077	44079	86133	0	86141	39918	0	20064	0	911	0	Null	0	Null	0	25355	0	0	1	0	0	0	0	0	0	0	4	6	255	0	0	0	0	0	0	0	0	0	0	0	0	0	0	0	0	0	0	0	0	0	0	0	0	0	0	0	0	1	0	0	0	0	1	0	0	0	99	0	49	2	100	0	47	2	100	0	32	1	7	0	0	0	0	0	0	0	0	0	0	0	0	0	0	0	0	0	0	0	0	0	0	0	0	0	0	0	0	0	3	0	0	0	1	0	0	0	0	0	0	0	0	0	0	0	0	0	0	0	0	0	0	0	0	0	0	0	0	0	0	0	0	0	0	0	0	0	0	0	0	0	0	0	0	0	0	0	0	0	0	0	0	0	
	60861	1	0	섀도우용_메딕코스튬_영구_남	44303	1	69DDA0	43077	44079	86133	0	86141	39918	0	20064	0	911	0	Null	0	Null	0	25355	0	0	1	0	0	0	0	0	0	0	4	6	255	0	0	0	0	0	0	0	0	0	0	0	0	0	0	0	0	0	0	0	0	0	0	0	0	0	0	0	0	1	0	0	1	0	0	0	0	0	99	0	49	2	100	0	47	2	100	0	32	1	7	0	0	0	0	0	0	0	0	0	0	0	0	0	0	0	0	0	0	0	0	0	0	0	0	0	0	0	0	0	3	0	0	0	1	0	0	0	0	0	0	0	0	0	0	0	0	0	0	0	0	0	0	0	0	0	0	0	0	0	0	0	0	0	0	0	0	0	0	0	0	0	0	0	0	0	0	0	0	0	0	0	0	0	
	60862	1	0	미스틱용_메딕코스튬_영구	44304	1	69DDA0	43077	44078	0	86134	86142	39918	0	20064	0	911	0	Null	0	Null	0	25355	0	0	1	0	0	0	0	0	0	0	4	6	255	0	0	0	0	0	0	0	0	0	0	0	0	0	0	0	0	0	0	0	0	0	0	0	0	0	0	0	0	2	0	0	0	0	0	1	0	0	99	0	49	2	100	0	47	2	100	0	32	1	7	0	0	0	0	0	0	0	0	0	0	0	0	0	0	0	0	0	0	0	0	0	0	0	0	0	0	0	0	0	0	0	0	0	1	0	0	0	0	0	0	0	0	0	0	0	0	0	0	0	0	0	0	0	0	0	0	0	0	0	0	0	0	0	0	0	0	0	0	0	0	0	0	0	0	0	0	0	0	0	0	0	0	0	
	60863	1	0	헬로이드용_팬더코스튬_영구	44305	1	69DDA0	43077	44079	86135	0	86143	39918	0	20064	0	911	0	Null	0	Null	0	25355	0	0	1	0	0	0	0	0	0	0	4	6	255	0	0	0	0	0	0	0	0	0	0	0	0	0	0	0	0	0	0	0	0	0	0	0	0	0	0	0	0	1	0	0	0	0	0	0	1	0	99	0	49	2	100	0	47	2	100	0	32	1	7	0	0	0	0	0	0	0	0	0	0	0	0	0	0	0	0	0	0	0	0	0	0	0	0	0	0	0	0	0	3	0	0	0	1	0	0	0	0	0	0	0	0	0	0	0	0	0	0	0	0	0	0	0	0	0	0	0	0	0	0	0	0	0	0	0	0	0	0	0	0	0	0	0	0	0	0	0	0	0	0	0	0	0	
	60864	1	0	위치블레이드용_메딕코스튬_영구	44306	1	69DDA0	43077	44078	0	86136	86144	39918	0	20064	0	911	0	Null	0	Null	0	25355	0	0	1	0	0	0	0	0	0	0	4	6	255	0	0	0	0	0	0	0	0	0	0	0	0	0	0	0	0	0	0	0	0	0	0	0	0	0	0	0	0	2	0	0	0	0	0	0	0	1	99	0	49	2	100	0	47	2	100	0	32	1	7	0	0	0	0	0	0	0	0	0	0	0	0	0	0	0	0	0	0	0	0	0	0	0	0	0	0	0	0	0	0	0	0	0	1	0	0	0	0	0	0	0	0	0	0	0	0	0	0	0	0	0	0	0	0	0	0	0	0	0	0	0	0	0	0	0	0	0	0	0	0	0	0	0	0	0	0	0	0	0	0	0	0	0	
	60865	1	0	버서커용_메딕코스튬_영구_여	44299	1	69DDA0	43077	44078	0	86131	86139	39918	0	20064	0	911	0	Null	0	Null	0	25355	0	0	1	0	0	0	0	0	0	0	4	6	255	0	0	0	0	0	0	0	0	0	0	0	0	0	0	0	0	0	0	0	0	0	0	0	0	0	0	0	0	2	1	0	0	0	0	0	0	0	99	0	49	2	100	0	47	2	100	0	32	1	7	0	0	0	0	0	0	0	0	0	0	0	0	0	0	0	0	0	0	0	0	0	0	0	0	0	0	0	0	0	3	0	0	0	1	0	0	0	0	0	0	0	0	0	0	0	0	0	0	0	0	0	0	0	0	0	0	0	0	0	0	0	0	0	0	0	0	0	0	0	0	0	0	0	0	0	0	0	0	0	0	0	0	0	
	60866	1	0	드래곤나이트용_메딕코스튬_영구_여	44300	1	69DDA0	43077	44078	0	86131	86139	39918	0	20064	0	911	0	Null	0	Null	0	25355	0	0	1	0	0	0	0	0	0	0	4	6	255	0	0	0	0	0	0	0	0	0	0	0	0	0	0	0	0	0	0	0	0	0	0	0	0	0	0	0	0	2	0	1	0	0	0	0	0	0	99	0	49	2	100	0	47	2	100	0	32	1	7	0	0	0	0	0	0	0	0	0	0	0	0	0	0	0	0	0	0	0	0	0	0	0	0	0	0	0	0	0	3	0	0	0	1	0	0	0	0	0	0	0	0	0	0	0	0	0	0	0	0	0	0	0	0	0	0	0	0	0	0	0	0	0	0	0	0	0	0	0	0	0	0	0	0	0	0	0	0	0	0	0	0	0	
	60867	1	0	발키리용_메딕코스튬_영구_여	44301	1	69DDA0	43077	44078	0	86131	86139	39918	0	20064	0	911	0	Null	0	Null	0	25355	0	0	1	0	0	0	0	0	0	0	4	6	255	0	0	0	0	0	0	0	0	0	0	0	0	0	0	0	0	0	0	0	0	0	0	0	0	0	0	0	0	2	0	0	0	1	0	0	0	0	99	0	49	2	100	0	47	2	100	0	32	1	7	0	0	0	0	0	0	0	0	0	0	0	0	0	0	0	0	0	0	0	0	0	0	0	0	0	0	0	0	0	3	0	0	0	1	0	0	0	0	0	0	0	0	0	0	0	0	0	0	0	0	0	0	0	0	0	0	0	0	0	0	0	0	0	0	0	0	0	0	0	0	0	0	0	0	0	0	0	0	0	0	0	0	0	
	60868	1	0	엘리용_메딕코스튬_영구_여	44302	1	69DDA0	43077	44078	0	86132	86140	39918	0	20064	0	911	0	Null	0	Null	0	25355	0	0	1	0	0	0	0	0	0	0	4	6	255	0	0	0	0	0	0	0	0	0	0	0	0	0	0	0	0	0	0	0	0	0	0	0	0	0	0	0	0	2	0	0	0	0	1	0	0	0	99	0	49	2	100	0	47	2	100	0	32	1	7	0	0	0	0	0	0	0	0	0	0	0	0	0	0	0	0	0	0	0	0	0	0	0	0	0	0	0	0	0	3	0	0	0	1	0	0	0	0	0	0	0	0	0	0	0	0	0	0	0	0	0	0	0	0	0	0	0	0	0	0	0	0	0	0	0	0	0	0	0	0	0	0	0	0	0	0	0	0	0	0	0	0	0	
	60869	1	0	섀도우용_메딕코스튬_영구_여	44303	1	69DDA0	43077	44078	0	86132	86140	39918	0	20064	0	911	0	Null	0	Null	0	25355	0	0	1	0	0	0	0	0	0	0	4	6	255	0	0	0	0	0	0	0	0	0	0	0	0	0	0	0	0	0	0	0	0	0	0	0	0	0	0	0	0	2	0	0	1	0	0	0	0	0	99	0	49	2	100	0	47	2	100	0	32	1	7	0	0	0	0	0	0	0	0	0	0	0	0	0	0	0	0	0	0	0	0	0	0	0	0	0	0	0	0	0	3	0	0	0	1	0	0	0	0	0	0	0	0	0	0	0	0	0	0	0	0	0	0	0	0	0	0	0	0	0	0	0	0	0	0	0	0	0	0	0	0	0	0	0	0	0	0	0	0	0	0	0	0	0	
	60870	1	2	버서커용_메딕코스튬_기간제_남	44307	1	69DDA0	43077	44079	86129	0	86137	39918	0	20064	0	911	0	Null	0	Null	0	25355	0	0	1	0	0	0	0	0	0	0	4	86	255	0	0	0	0	0	0	0	0	0	0	0	0	0	0	0	0	0	0	0	0	0	0	0	0	0	0	0	0	1	1	0	0	0	0	0	0	0	99	0	49	2	100	0	47	2	100	0	32	1	7	0	0	0	0	0	0	0	0	0	0	0	0	0	0	0	0	0	0	0	0	0	0	0	0	0	0	0	0	0	3	0	0	0	1	0	0	0	0	0	0	0	0	0	0	0	0	0	0	0	0	0	0	0	0	0	0	0	0	0	0	0	0	0	0	0	0	0	0	0	0	0	0	0	0	0	0	0	0	0	0	0	0	0	
	60871	1	2	드래곤나이트용_메딕코스튬_기간제_남	44308	1	69DDA0	43077	44079	86130	0	86138	39918	0	20064	0	911	0	Null	0	Null	0	25355	0	0	1	0	0	0	0	0	0	0	4	86	255	0	0	0	0	0	0	0	0	0	0	0	0	0	0	0	0	0	0	0	0	0	0	0	0	0	0	0	0	1	0	1	0	0	0	0	0	0	99	0	49	2	100	0	47	2	100	0	32	1	7	0	0	0	0	0	0	0	0	0	0	0	0	0	0	0	0	0	0	0	0	0	0	0	0	0	0	0	0	0	3	0	0	0	1	0	0	0	0	0	0	0	0	0	0	0	0	0	0	0	0	0	0	0	0	0	0	0	0	0	0	0	0	0	0	0	0	0	0	0	0	0	0	0	0	0	0	0	0	0	0	0	0	0	
	60872	1	2	발키리용_메딕코스튬_기간제_남	44309	1	69DDA0	43077	44079	86130	0	86138	39918	0	20064	0	911	0	Null	0	Null	0	25355	0	0	1	0	0	0	0	0	0	0	4	86	255	0	0	0	0	0	0	0	0	0	0	0	0	0	0	0	0	0	0	0	0	0	0	0	0	0	0	0	0	1	0	0	0	1	0	0	0	0	99	0	49	2	100	0	47	2	100	0	32	1	7	0	0	0	0	0	0	0	0	0	0	0	0	0	0	0	0	0	0	0	0	0	0	0	0	0	0	0	0	0	3	0	0	0	1	0	0	0	0	0	0	0	0	0	0	0	0	0	0	0	0	0	0	0	0	0	0	0	0	0	0	0	0	0	0	0	0	0	0	0	0	0	0	0	0	0	0	0	0	0	0	0	0	0	
	60873	1	2	엘리용_메딕코스튬_기간제_남	44310	1	69DDA0	43077	44079	86133	0	86141	39918	0	20064	0	911	0	Null	0	Null	0	25355	0	0	1	0	0	0	0	0	0	0	4	86	255	0	0	0	0	0	0	0	0	0	0	0	0	0	0	0	0	0	0	0	0	0	0	0	0	0	0	0	0	1	0	0	0	0	1	0	0	0	99	0	49	2	100	0	47	2	100	0	32	1	7	0	0	0	0	0	0	0	0	0	0	0	0	0	0	0	0	0	0	0	0	0	0	0	0	0	0	0	0	0	3	0	0	0	1	0	0	0	0	0	0	0	0	0	0	0	0	0	0	0	0	0	0	0	0	0	0	0	0	0	0	0	0	0	0	0	0	0	0	0	0	0	0	0	0	0	0	0	0	0	0	0	0	0	
	60874	1	2	섀도우용_메딕코스튬_기간제_남	44311	1	69DDA0	43077	44079	86133	0	86141	39918	0	20064	0	911	0	Null	0	Null	0	25355	0	0	1	0	0	0	0	0	0	0	4	86	255	0	0	0	0	0	0	0	0	0	0	0	0	0	0	0	0	0	0	0	0	0	0	0	0	0	0	0	0	1	0	0	1	0	0	0	0	0	99	0	49	2	100	0	47	2	100	0	32	1	7	0	0	0	0	0	0	0	0	0	0	0	0	0	0	0	0	0	0	0	0	0	0	0	0	0	0	0	0	0	3	0	0	0	1	0	0	0	0	0	0	0	0	0	0	0	0	0	0	0	0	0	0	0	0	0	0	0	0	0	0	0	0	0	0	0	0	0	0	0	0	0	0	0	0	0	0	0	0	0	0	0	0	0	
	60875	1	2	미스틱용_메딕코스튬_기간제	44312	1	69DDA0	43077	44078	0	86134	86142	39918	0	20064	0	911	0	Null	0	Null	0	25355	0	0	1	0	0	0	0	0	0	0	4	86	255	0	0	0	0	0	0	0	0	0	0	0	0	0	0	0	0	0	0	0	0	0	0	0	0	0	0	0	0	2	0	0	0	0	0	1	0	0	99	0	49	2	100	0	47	2	100	0	32	1	7	0	0	0	0	0	0	0	0	0	0	0	0	0	0	0	0	0	0	0	0	0	0	0	0	0	0	0	0	0	0	0	0	0	1	0	0	0	0	0	0	0	0	0	0	0	0	0	0	0	0	0	0	0	0	0	0	0	0	0	0	0	0	0	0	0	0	0	0	0	0	0	0	0	0	0	0	0	0	0	0	0	0	0	
	60876	1	2	헬로이드용_팬더코스튬_기간제	44313	1	69DDA0	43077	44079	86135	0	86143	39918	0	20064	0	911	0	Null	0	Null	0	25355	0	0	1	0	0	0	0	0	0	0	4	86	255	0	0	0	0	0	0	0	0	0	0	0	0	0	0	0	0	0	0	0	0	0	0	0	0	0	0	0	0	1	0	0	0	0	0	0	1	0	99	0	49	2	100	0	47	2	100	0	32	1	7	0	0	0	0	0	0	0	0	0	0	0	0	0	0	0	0	0	0	0	0	0	0	0	0	0	0	0	0	0	3	0	0	0	1	0	0	0	0	0	0	0	0	0	0	0	0	0	0	0	0	0	0	0	0	0	0	0	0	0	0	0	0	0	0	0	0	0	0	0	0	0	0	0	0	0	0	0	0	0	0	0	0	0	
	60877	1	2	위치블레이드용_메딕코스튬_기간제	44314	1	69DDA0	43077	44078	0	86136	86144	39918	0	20064	0	911	0	Null	0	Null	0	25355	0	0	1	0	0	0	0	0	0	0	4	86	255	0	0	0	0	0	0	0	0	0	0	0	0	0	0	0	0	0	0	0	0	0	0	0	0	0	0	0	0	2	0	0	0	0	0	0	0	1	99	0	49	2	100	0	47	2	100	0	32	1	7	0	0	0	0	0	0	0	0	0	0	0	0	0	0	0	0	0	0	0	0	0	0	0	0	0	0	0	0	0	0	0	0	0	1	0	0	0	0	0	0	0	0	0	0	0	0	0	0	0	0	0	0	0	0	0	0	0	0	0	0	0	0	0	0	0	0	0	0	0	0	0	0	0	0	0	0	0	0	0	0	0	0	0	
	60878	1	2	버서커용_메딕코스튬_기간제_여	44307	1	69DDA0	43077	44078	0	86131	86139	39918	0	20064	0	911	0	Null	0	Null	0	25355	0	0	1	0	0	0	0	0	0	0	4	86	255	0	0	0	0	0	0	0	0	0	0	0	0	0	0	0	0	0	0	0	0	0	0	0	0	0	0	0	0	2	1	0	0	0	0	0	0	0	99	0	49	2	100	0	47	2	100	0	32	1	7	0	0	0	0	0	0	0	0	0	0	0	0	0	0	0	0	0	0	0	0	0	0	0	0	0	0	0	0	0	3	0	0	0	1	0	0	0	0	0	0	0	0	0	0	0	0	0	0	0	0	0	0	0	0	0	0	0	0	0	0	0	0	0	0	0	0	0	0	0	0	0	0	0	0	0	0	0	0	0	0	0	0	0	
	60879	1	2	드래곤나이트용_메딕코스튬_기간제_여	44308	1	69DDA0	43077	44078	0	86131	86139	39918	0	20064	0	911	0	Null	0	Null	0	25355	0	0	1	0	0	0	0	0	0	0	4	86	255	0	0	0	0	0	0	0	0	0	0	0	0	0	0	0	0	0	0	0	0	0	0	0	0	0	0	0	0	2	0	1	0	0	0	0	0	0	99	0	49	2	100	0	47	2	100	0	32	1	7	0	0	0	0	0	0	0	0	0	0	0	0	0	0	0	0	0	0	0	0	0	0	0	0	0	0	0	0	0	3	0	0	0	1	0	0	0	0	0	0	0	0	0	0	0	0	0	0	0	0	0	0	0	0	0	0	0	0	0	0	0	0	0	0	0	0	0	0	0	0	0	0	0	0	0	0	0	0	0	0	0	0	0	
	60880	1	2	발키리용_메딕코스튬_기간제_여	44309	1	69DDA0	43077	44078	0	86131	86139	39918	0	20064	0	911	0	Null	0	Null	0	25355	0	0	1	0	0	0	0	0	0	0	4	86	255	0	0	0	0	0	0	0	0	0	0	0	0	0	0	0	0	0	0	0	0	0	0	0	0	0	0	0	0	2	0	0	0	1	0	0	0	0	99	0	49	2	100	0	47	2	100	0	32	1	7	0	0	0	0	0	0	0	0	0	0	0	0	0	0	0	0	0	0	0	0	0	0	0	0	0	0	0	0	0	3	0	0	0	1	0	0	0	0	0	0	0	0	0	0	0	0	0	0	0	0	0	0	0	0	0	0	0	0	0	0	0	0	0	0	0	0	0	0	0	0	0	0	0	0	0	0	0	0	0	0	0	0	0	
	60881	1	2	엘리용_메딕코스튬_기간제_여	44310	1	69DDA0	43077	44078	0	86132	86140	39918	0	20064	0	911	0	Null	0	Null	0	25355	0	0	1	0	0	0	0	0	0	0	4	86	255	0	0	0	0	0	0	0	0	0	0	0	0	0	0	0	0	0	0	0	0	0	0	0	0	0	0	0	0	2	0	0	0	0	1	0	0	0	99	0	49	2	100	0	47	2	100	0	32	1	7	0	0	0	0	0	0	0	0	0	0	0	0	0	0	0	0	0	0	0	0	0	0	0	0	0	0	0	0	0	3	0	0	0	1	0	0	0	0	0	0	0	0	0	0	0	0	0	0	0	0	0	0	0	0	0	0	0	0	0	0	0	0	0	0	0	0	0	0	0	0	0	0	0	0	0	0	0	0	0	0	0	0	0	
	60882	1	2	섀도우용_메딕코스튬_기간제_여	44311	1	69DDA0	43077	44078	0	86132	86140	39918	0	20064	0	911	0	Null	0	Null	0	25355	0	0	1	0	0	0	0	0	0	0	4	86	255	0	0	0	0	0	0	0	0	0	0	0	0	0	0	0	0	0	0	0	0	0	0	0	0	0	0	0	0	2	0	0	1	0	0	0	0	0	99	0	49	2	100	0	47	2	100	0	32	1	7	0	0	0	0	0	0	0	0	0	0	0	0	0	0	0	0	0	0	0	0	0	0	0	0	0	0	0	0	0	3	0	0	0	1	0	0	0	0	0	0	0	0	0	0	0	0	0	0	0	0	0	0	0	0	0	0	0	0	0	0	0	0	0	0	0	0	0	0	0	0	0	0	0	0	0	0	0	0	0	0	0	0	0	
	60883	1	0	버서커용_메딕코스튬(강화판)_영구_남	44315	1	69DDA0	43077	44079	86129	0	86145	39918	0	20064	0	911	0	Null	0	Null	0	25355	0	0	1	0	0	0	0	0	0	0	4	6	255	0	0	0	0	0	0	0	0	0	0	0	0	0	0	0	0	0	0	0	0	0	0	0	0	0	0	0	0	1	1	0	0	0	0	0	0	0	99	0	42	2	100	0	31	5	100	0	49	2	100	0	47	2	100	0	32	1	10	0	0	0	0	0	0	0	0	0	0	0	0	0	0	0	0	0	0	0	0	0	3	0	0	0	1	0	0	0	0	0	0	0	0	0	0	0	0	0	0	0	0	0	0	0	0	0	0	0	0	0	0	0	0	0	0	0	0	0	0	0	0	0	0	0	0	0	0	0	0	0	0	0	0	0	
	60884	1	0	드래곤나이트용_메딕코스튬(강화판)_영구_남	44316	1	69DDA0	43077	44079	86130	0	86146	39918	0	20064	0	911	0	Null	0	Null	0	25355	0	0	1	0	0	0	0	0	0	0	4	6	255	0	0	0	0	0	0	0	0	0	0	0	0	0	0	0	0	0	0	0	0	0	0	0	0	0	0	0	0	1	0	1	0	0	0	0	0	0	99	0	42	2	100	0	31	5	100	0	49	2	100	0	47	2	100	0	32	1	10	0	0	0	0	0	0	0	0	0	0	0	0	0	0	0	0	0	0	0	0	0	3	0	0	0	1	0	0	0	0	0	0	0	0	0	0	0	0	0	0	0	0	0	0	0	0	0	0	0	0	0	0	0	0	0	0	0	0	0	0	0	0	0	0	0	0	0	0	0	0	0	0	0	0	0	
	60885	1	0	발키리용_메딕코스튬(강화판)_영구_남	44317	1	69DDA0	43077	44079	86130	0	86146	39918	0	20064	0	911	0	Null	0	Null	0	25355	0	0	1	0	0	0	0	0	0	0	4	6	255	0	0	0	0	0	0	0	0	0	0	0	0	0	0	0	0	0	0	0	0	0	0	0	0	0	0	0	0	1	0	0	0	1	0	0	0	0	99	0	42	2	100	0	31	5	100	0	49	2	100	0	47	2	100	0	32	1	10	0	0	0	0	0	0	0	0	0	0	0	0	0	0	0	0	0	0	0	0	0	3	0	0	0	1	0	0	0	0	0	0	0	0	0	0	0	0	0	0	0	0	0	0	0	0	0	0	0	0	0	0	0	0	0	0	0	0	0	0	0	0	0	0	0	0	0	0	0	0	0	0	0	0	0	
	60886	1	0	엘리용_메딕코스튬(강화판)_영구_남	44318	1	69DDA0	43077	44079	86133	0	86149	39918	0	20064	0	911	0	Null	0	Null	0	25355	0	0	1	0	0	0	0	0	0	0	4	6	255	0	0	0	0	0	0	0	0	0	0	0	0	0	0	0	0	0	0	0	0	0	0	0	0	0	0	0	0	1	0	0	0	0	1	0	0	0	99	0	42	2	100	0	31	5	100	0	49	2	100	0	47	2	100	0	32	1	10	0	0	0	0	0	0	0	0	0	0	0	0	0	0	0	0	0	0	0	0	0	3	0	0	0	1	0	0	0	0	0	0	0	0	0	0	0	0	0	0	0	0	0	0	0	0	0	0	0	0	0	0	0	0	0	0	0	0	0	0	0	0	0	0	0	0	0	0	0	0	0	0	0	0	0	
	60887	1	0	섀도우용_메딕코스튬(강화판)_영구_남	44319	1	69DDA0	43077	44079	86133	0	86149	39918	0	20064	0	911	0	Null	0	Null	0	25355	0	0	1	0	0	0	0	0	0	0	4	6	255	0	0	0	0	0	0	0	0	0	0	0	0	0	0	0	0	0	0	0	0	0	0	0	0	0	0	0	0	1	0	0	1	0	0	0	0	0	99	0	42	2	100	0	31	5	100	0	49	2	100	0	47	2	100	0	32	1	10	0	0	0	0	0	0	0	0	0	0	0	0	0	0	0	0	0	0	0	0	0	3	0	0	0	1	0	0	0	0	0	0	0	0	0	0	0	0	0	0	0	0	0	0	0	0	0	0	0	0	0	0	0	0	0	0	0	0	0	0	0	0	0	0	0	0	0	0	0	0	0	0	0	0	0	
	60888	1	0	미스틱용_메딕코스튬(강화판)_영구	44320	1	69DDA0	43077	44078	0	86134	86150	39918	0	20064	0	911	0	Null	0	Null	0	25355	0	0	1	0	0	0	0	0	0	0	4	6	255	0	0	0	0	0	0	0	0	0	0	0	0	0	0	0	0	0	0	0	0	0	0	0	0	0	0	0	0	2	0	0	0	0	0	1	0	0	99	0	42	2	100	0	31	5	100	0	49	2	100	0	47	2	100	0	32	1	10	0	0	0	0	0	0	0	0	0	0	0	0	0	0	0	0	0	0	0	0	0	0	0	0	0	1	0	0	0	0	0	0	0	0	0	0	0	0	0	0	0	0	0	0	0	0	0	0	0	0	0	0	0	0	0	0	0	0	0	0	0	0	0	0	0	0	0	0	0	0	0	0	0	0	0	
	60889	1	0	헬로이드용_팬더코스튬(강화판)_영구	44321	1	69DDA0	43077	44079	86135	0	86151	39918	0	20064	0	911	0	Null	0	Null	0	25355	0	0	1	0	0	0	0	0	0	0	4	6	255	0	0	0	0	0	0	0	0	0	0	0	0	0	0	0	0	0	0	0	0	0	0	0	0	0	0	0	0	1	0	0	0	0	0	0	1	0	99	0	42	2	100	0	31	5	100	0	49	2	100	0	47	2	100	0	32	1	10	0	0	0	0	0	0	0	0	0	0	0	0	0	0	0	0	0	0	0	0	0	3	0	0	0	1	0	0	0	0	0	0	0	0	0	0	0	0	0	0	0	0	0	0	0	0	0	0	0	0	0	0	0	0	0	0	0	0	0	0	0	0	0	0	0	0	0	0	0	0	0	0	0	0	0	
	60890	1	0	위치블레이드용_메딕코스튬(강화판)_영구	44322	1	69DDA0	43077	44078	0	86136	86152	39918	0	20064	0	911	0	Null	0	Null	0	25355	0	0	1	0	0	0	0	0	0	0	4	6	255	0	0	0	0	0	0	0	0	0	0	0	0	0	0	0	0	0	0	0	0	0	0	0	0	0	0	0	0	2	0	0	0	0	0	0	0	1	99	0	42	2	100	0	31	5	100	0	49	2	100	0	47	2	100	0	32	1	10	0	0	0	0	0	0	0	0	0	0	0	0	0	0	0	0	0	0	0	0	0	0	0	0	0	1	0	0	0	0	0	0	0	0	0	0	0	0	0	0	0	0	0	0	0	0	0	0	0	0	0	0	0	0	0	0	0	0	0	0	0	0	0	0	0	0	0	0	0	0	0	0	0	0	0	
	60891	1	0	버서커용_메딕코스튬(강화판)_영구_여	44315	1	69DDA0	43077	44078	0	86131	86146	39918	0	20064	0	911	0	Null	0	Null	0	25355	0	0	1	0	0	0	0	0	0	0	4	6	255	0	0	0	0	0	0	0	0	0	0	0	0	0	0	0	0	0	0	0	0	0	0	0	0	0	0	0	0	2	1	0	0	0	0	0	0	0	99	0	42	2	100	0	31	5	100	0	49	2	100	0	47	2	100	0	32	1	10	0	0	0	0	0	0	0	0	0	0	0	0	0	0	0	0	0	0	0	0	0	3	0	0	0	1	0	0	0	0	0	0	0	0	0	0	0	0	0	0	0	0	0	0	0	0	0	0	0	0	0	0	0	0	0	0	0	0	0	0	0	0	0	0	0	0	0	0	0	0	0	0	0	0	0	
	60892	1	0	드래곤나이트용_메딕코스튬(강화판)_영구_여	44316	1	69DDA0	43077	44078	0	86131	86146	39918	0	20064	0	911	0	Null	0	Null	0	25355	0	0	1	0	0	0	0	0	0	0	4	6	255	0	0	0	0	0	0	0	0	0	0	0	0	0	0	0	0	0	0	0	0	0	0	0	0	0	0	0	0	2	0	1	0	0	0	0	0	0	99	0	42	2	100	0	31	5	100	0	49	2	100	0	47	2	100	0	32	1	10	0	0	0	0	0	0	0	0	0	0	0	0	0	0	0	0	0	0	0	0	0	3	0	0	0	1	0	0	0	0	0	0	0	0	0	0	0	0	0	0	0	0	0	0	0	0	0	0	0	0	0	0	0	0	0	0	0	0	0	0	0	0	0	0	0	0	0	0	0	0	0	0	0	0	0	
	60893	1	0	발키리용_메딕코스튬(강화판)_영구_여	44317	1	69DDA0	43077	44078	0	86131	86146	39918	0	20064	0	911	0	Null	0	Null	0	25355	0	0	1	0	0	0	0	0	0	0	4	6	255	0	0	0	0	0	0	0	0	0	0	0	0	0	0	0	0	0	0	0	0	0	0	0	0	0	0	0	0	2	0	0	0	1	0	0	0	0	99	0	42	2	100	0	31	5	100	0	49	2	100	0	47	2	100	0	32	1	10	0	0	0	0	0	0	0	0	0	0	0	0	0	0	0	0	0	0	0	0	0	3	0	0	0	1	0	0	0	0	0	0	0	0	0	0	0	0	0	0	0	0	0	0	0	0	0	0	0	0	0	0	0	0	0	0	0	0	0	0	0	0	0	0	0	0	0	0	0	0	0	0	0	0	0	
	60894	1	0	엘리용_메딕코스튬(강화판)_영구_여	44318	1	69DDA0	43077	44078	0	86132	86148	39918	0	20064	0	911	0	Null	0	Null	0	25355	0	0	1	0	0	0	0	0	0	0	4	6	255	0	0	0	0	0	0	0	0	0	0	0	0	0	0	0	0	0	0	0	0	0	0	0	0	0	0	0	0	2	0	0	0	0	1	0	0	0	99	0	42	2	100	0	31	5	100	0	49	2	100	0	47	2	100	0	32	1	10	0	0	0	0	0	0	0	0	0	0	0	0	0	0	0	0	0	0	0	0	0	3	0	0	0	1	0	0	0	0	0	0	0	0	0	0	0	0	0	0	0	0	0	0	0	0	0	0	0	0	0	0	0	0	0	0	0	0	0	0	0	0	0	0	0	0	0	0	0	0	0	0	0	0	0	
	60895	1	0	섀도우용_메딕코스튬(강화판)_영구_여	44319	1	69DDA0	43077	44078	0	86132	86148	39918	0	20064	0	911	0	Null	0	Null	0	25355	0	0	1	0	0	0	0	0	0	0	4	6	255	0	0	0	0	0	0	0	0	0	0	0	0	0	0	0	0	0	0	0	0	0	0	0	0	0	0	0	0	2	0	0	1	0	0	0	0	0	99	0	42	2	100	0	31	5	100	0	49	2	100	0	47	2	100	0	32	1	10	0	0	0	0	0	0	0	0	0	0	0	0	0	0	0	0	0	0	0	0	0	3	0	0	0	1	0	0	0	0	0	0	0	0	0	0	0	0	0	0	0	0	0	0	0	0	0	0	0	0	0	0	0	0	0	0	0	0	0	0	0	0	0	0	0	0	0	0	0	0	0	0	0	0	0	
	60896	1	2	버서커용_메딕코스튬(강화판)_기간제_남	44323	1	69DDA0	43077	44079	86129	0	86145	39918	0	20064	0	911	0	Null	0	Null	0	25355	0	0	1	0	0	0	0	0	0	0	4	86	255	0	0	0	0	0	0	0	0	0	0	0	0	0	0	0	0	0	0	0	0	0	0	0	0	0	0	0	0	1	1	0	0	0	0	0	0	0	99	0	42	2	100	0	31	5	100	0	49	2	100	0	47	2	100	0	32	1	10	0	0	0	0	0	0	0	0	0	0	0	0	0	0	0	0	0	0	0	0	0	3	0	0	0	1	0	0	0	0	0	0	0	0	0	0	0	0	0	0	0	0	0	0	0	0	0	0	0	0	0	0	0	0	0	0	0	0	0	0	0	0	0	0	0	0	0	0	0	0	0	0	0	0	0	
	60897	1	2	드래곤나이트용_메딕코스튬(강화판)_기간제_남	44324	1	69DDA0	43077	44079	86130	0	86146	39918	0	20064	0	911	0	Null	0	Null	0	25355	0	0	1	0	0	0	0	0	0	0	4	86	255	0	0	0	0	0	0	0	0	0	0	0	0	0	0	0	0	0	0	0	0	0	0	0	0	0	0	0	0	1	0	1	0	0	0	0	0	0	99	0	42	2	100	0	31	5	100	0	49	2	100	0	47	2	100	0	32	1	10	0	0	0	0	0	0	0	0	0	0	0	0	0	0	0	0	0	0	0	0	0	3	0	0	0	1	0	0	0	0	0	0	0	0	0	0	0	0	0	0	0	0	0	0	0	0	0	0	0	0	0	0	0	0	0	0	0	0	0	0	0	0	0	0	0	0	0	0	0	0	0	0	0	0	0	
	60898	1	2	발키리용_메딕코스튬(강화판)_기간제_남	44325	1	69DDA0	43077	44079	86130	0	86146	39918	0	20064	0	911	0	Null	0	Null	0	25355	0	0	1	0	0	0	0	0	0	0	4	86	255	0	0	0	0	0	0	0	0	0	0	0	0	0	0	0	0	0	0	0	0	0	0	0	0	0	0	0	0	1	0	0	0	1	0	0	0	0	99	0	42	2	100	0	31	5	100	0	49	2	100	0	47	2	100	0	32	1	10	0	0	0	0	0	0	0	0	0	0	0	0	0	0	0	0	0	0	0	0	0	3	0	0	0	1	0	0	0	0	0	0	0	0	0	0	0	0	0	0	0	0	0	0	0	0	0	0	0	0	0	0	0	0	0	0	0	0	0	0	0	0	0	0	0	0	0	0	0	0	0	0	0	0	0	
	60899	1	2	엘리용_메딕코스튬(강화판)_기간제_남	44326	1	69DDA0	43077	44079	86133	0	86149	39918	0	20064	0	911	0	Null	0	Null	0	25355	0	0	1	0	0	0	0	0	0	0	4	86	255	0	0	0	0	0	0	0	0	0	0	0	0	0	0	0	0	0	0	0	0	0	0	0	0	0	0	0	0	1	0	0	0	0	1	0	0	0	99	0	42	2	100	0	31	5	100	0	49	2	100	0	47	2	100	0	32	1	10	0	0	0	0	0	0	0	0	0	0	0	0	0	0	0	0	0	0	0	0	0	3	0	0	0	1	0	0	0	0	0	0	0	0	0	0	0	0	0	0	0	0	0	0	0	0	0	0	0	0	0	0	0	0	0	0	0	0	0	0	0	0	0	0	0	0	0	0	0	0	0	0	0	0	0	
	60900	1	2	섀도우용_메딕코스튬(강화판)_기간제_남	44327	1	69DDA0	43077	44079	86133	0	86149	39918	0	20064	0	911	0	Null	0	Null	0	25355	0	0	1	0	0	0	0	0	0	0	4	86	255	0	0	0	0	0	0	0	0	0	0	0	0	0	0	0	0	0	0	0	0	0	0	0	0	0	0	0	0	1	0	0	1	0	0	0	0	0	99	0	42	2	100	0	31	5	100	0	49	2	100	0	47	2	100	0	32	1	10	0	0	0	0	0	0	0	0	0	0	0	0	0	0	0	0	0	0	0	0	0	3	0	0	0	1	0	0	0	0	0	0	0	0	0	0	0	0	0	0	0	0	0	0	0	0	0	0	0	0	0	0	0	0	0	0	0	0	0	0	0	0	0	0	0	0	0	0	0	0	0	0	0	0	0	
	60901	1	2	미스틱용_메딕코스튬(강화판)_기간제	44328	1	69DDA0	43077	44078	0	86134	86150	39918	0	20064	0	911	0	Null	0	Null	0	25355	0	0	1	0	0	0	0	0	0	0	4	86	255	0	0	0	0	0	0	0	0	0	0	0	0	0	0	0	0	0	0	0	0	0	0	0	0	0	0	0	0	2	0	0	0	0	0	1	0	0	99	0	42	2	100	0	31	5	100	0	49	2	100	0	47	2	100	0	32	1	10	0	0	0	0	0	0	0	0	0	0	0	0	0	0	0	0	0	0	0	0	0	0	0	0	0	1	0	0	0	0	0	0	0	0	0	0	0	0	0	0	0	0	0	0	0	0	0	0	0	0	0	0	0	0	0	0	0	0	0	0	0	0	0	0	0	0	0	0	0	0	0	0	0	0	0	
	60902	1	2	헬로이드용_팬더코스튬(강화판)_기간제	44329	1	69DDA0	43077	44079	86135	0	86151	39918	0	20064	0	911	0	Null	0	Null	0	25355	0	0	1	0	0	0	0	0	0	0	4	86	255	0	0	0	0	0	0	0	0	0	0	0	0	0	0	0	0	0	0	0	0	0	0	0	0	0	0	0	0	1	0	0	0	0	0	0	1	0	99	0	42	2	100	0	31	5	100	0	49	2	100	0	47	2	100	0	32	1	10	0	0	0	0	0	0	0	0	0	0	0	0	0	0	0	0	0	0	0	0	0	3	0	0	0	1	0	0	0	0	0	0	0	0	0	0	0	0	0	0	0	0	0	0	0	0	0	0	0	0	0	0	0	0	0	0	0	0	0	0	0	0	0	0	0	0	0	0	0	0	0	0	0	0	0	
	60903	1	2	위치블레이드용_메딕코스튬(강화판)_기간제	44330	1	69DDA0	43077	44078	0	86136	86152	39918	0	20064	0	911	0	Null	0	Null	0	25355	0	0	1	0	0	0	0	0	0	0	4	86	255	0	0	0	0	0	0	0	0	0	0	0	0	0	0	0	0	0	0	0	0	0	0	0	0	0	0	0	0	2	0	0	0	0	0	0	0	1	99	0	42	2	100	0	31	5	100	0	49	2	100	0	47	2	100	0	32	1	10	0	0	0	0	0	0	0	0	0	0	0	0	0	0	0	0	0	0	0	0	0	0	0	0	0	1	0	0	0	0	0	0	0	0	0	0	0	0	0	0	0	0	0	0	0	0	0	0	0	0	0	0	0	0	0	0	0	0	0	0	0	0	0	0	0	0	0	0	0	0	0	0	0	0	0	
	60904	1	2	버서커용_메딕코스튬(강화판)_기간제_여	44323	1	69DDA0	43077	44078	0	86131	86146	39918	0	20064	0	911	0	Null	0	Null	0	25355	0	0	1	0	0	0	0	0	0	0	4	86	255	0	0	0	0	0	0	0	0	0	0	0	0	0	0	0	0	0	0	0	0	0	0	0	0	0	0	0	0	2	1	0	0	0	0	0	0	0	99	0	42	2	100	0	31	5	100	0	49	2	100	0	47	2	100	0	32	1	10	0	0	0	0	0	0	0	0	0	0	0	0	0	0	0	0	0	0	0	0	0	3	0	0	0	1	0	0	0	0	0	0	0	0	0	0	0	0	0	0	0	0	0	0	0	0	0	0	0	0	0	0	0	0	0	0	0	0	0	0	0	0	0	0	0	0	0	0	0	0	0	0	0	0	0	
	60905	1	2	드래곤나이트용_메딕코스튬(강화판)_기간제_여	44324	1	69DDA0	43077	44078	0	86131	86146	39918	0	20064	0	911	0	Null	0	Null	0	25355	0	0	1	0	0	0	0	0	0	0	4	86	255	0	0	0	0	0	0	0	0	0	0	0	0	0	0	0	0	0	0	0	0	0	0	0	0	0	0	0	0	2	0	1	0	0	0	0	0	0	99	0	42	2	100	0	31	5	100	0	49	2	100	0	47	2	100	0	32	1	10	0	0	0	0	0	0	0	0	0	0	0	0	0	0	0	0	0	0	0	0	0	3	0	0	0	1	0	0	0	0	0	0	0	0	0	0	0	0	0	0	0	0	0	0	0	0	0	0	0	0	0	0	0	0	0	0	0	0	0	0	0	0	0	0	0	0	0	0	0	0	0	0	0	0	0	
	60906	1	2	발키리용_메딕코스튬(강화판)_기간제_여	44325	1	69DDA0	43077	44078	0	86131	86146	39918	0	20064	0	911	0	Null	0	Null	0	25355	0	0	1	0	0	0	0	0	0	0	4	86	255	0	0	0	0	0	0	0	0	0	0	0	0	0	0	0	0	0	0	0	0	0	0	0	0	0	0	0	0	2	0	0	0	1	0	0	0	0	99	0	42	2	100	0	31	5	100	0	49	2	100	0	47	2	100	0	32	1	10	0	0	0	0	0	0	0	0	0	0	0	0	0	0	0	0	0	0	0	0	0	3	0	0	0	1	0	0	0	0	0	0	0	0	0	0	0	0	0	0	0	0	0	0	0	0	0	0	0	0	0	0	0	0	0	0	0	0	0	0	0	0	0	0	0	0	0	0	0	0	0	0	0	0	0	
	60907	1	2	엘리용_메딕코스튬(강화판)_기간제_여	44326	1	69DDA0	43077	44078	0	86132	86148	39918	0	20064	0	911	0	Null	0	Null	0	25355	0	0	1	0	0	0	0	0	0	0	4	86	255	0	0	0	0	0	0	0	0	0	0	0	0	0	0	0	0	0	0	0	0	0	0	0	0	0	0	0	0	2	0	0	0	0	1	0	0	0	99	0	42	2	100	0	31	5	100	0	49	2	100	0	47	2	100	0	32	1	10	0	0	0	0	0	0	0	0	0	0	0	0	0	0	0	0	0	0	0	0	0	3	0	0	0	1	0	0	0	0	0	0	0	0	0	0	0	0	0	0	0	0	0	0	0	0	0	0	0	0	0	0	0	0	0	0	0	0	0	0	0	0	0	0	0	0	0	0	0	0	0	0	0	0	0	
	60908	1	2	섀도우용_메딕코스튬(강화판)_기간제_여	44327	1	69DDA0	43077	44078	0	86132	86148	39918	0	20064	0	911	0	Null	0	Null	0	25355	0	0	1	0	0	0	0	0	0	0	4	86	255	0	0	0	0	0	0	0	0	0	0	0	0	0	0	0	0	0	0	0	0	0	0	0	0	0	0	0	0	2	0	0	1	0	0	0	0	0	99	0	42	2	100	0	31	5	100	0	49	2	100	0	47	2	100	0	32	1	10	0	0	0	0	0	0	0	0	0	0	0	0	0	0	0	0	0	0	0	0	0	3	0	0	0	1	0	0	0	0	0	0	0	0	0	0	0	0	0	0	0	0	0	0	0	0	0	0	0	0	0	0	0	0	0	0	0	0	0	0	0	0	0	0	0	0	0	0	0	0	0	0	0	0	0	
	60909	1	0	버서커용_온천코스튬	44291	1	69DDA0	43077	44079	7151	7161	86114	39918	0	20064	0	911	0	Null	0	Null	0	25355	0	0	1	0	0	0	0	0	0	0	4	6	255	0	0	0	0	0	0	0	0	0	0	0	0	0	0	0	0	0	0	0	0	0	0	0	0	0	0	0	0	1	1	0	0	0	0	0	0	0	99	0	42	2	100	0	31	5	100	0	49	2	100	0	47	2	100	0	32	1	10	0	0	0	0	0	0	0	0	0	0	0	0	0	0	0	0	0	0	0	0	0	3	3	0	0	1	0	0	0	0	0	0	0	0	0	0	0	0	0	0	0	0	0	0	0	0	0	0	0	0	0	0	0	0	0	0	0	0	0	0	0	0	0	0	0	0	0	0	0	0	0	0	0	0	0	
	60910	1	0	버서커용_온천코스튬_일본용	44291	1	69DDA0	43077	44079	7152	7161	86114	39918	0	20064	0	911	0	Null	0	Null	0	25355	0	0	1	0	0	0	0	0	0	0	4	6	255	0	0	0	0	0	0	0	0	0	0	0	0	0	0	0	0	0	0	0	0	0	0	0	0	0	0	0	0	1	1	0	0	0	0	0	0	0	99	0	42	2	100	0	31	5	100	0	49	2	100	0	47	2	100	0	32	1	10	0	0	0	0	0	0	0	0	0	0	0	0	0	0	0	0	0	0	0	0	0	3	3	0	0	1	0	0	0	0	0	0	0	0	0	0	0	0	0	0	0	0	0	0	0	0	0	0	0	0	0	0	0	0	0	0	0	0	0	0	0	0	0	0	0	0	0	0	0	0	0	0	0	0	0	
	60911	1	0	드래곤나이트용_온천코스튬	44292	1	69DDA0	43077	44079	7153	7161	86115	39918	0	20064	0	911	0	Null	0	Null	0	25355	0	0	1	0	0	0	0	0	0	0	4	6	255	0	0	0	0	0	0	0	0	0	0	0	0	0	0	0	0	0	0	0	0	0	0	0	0	0	0	0	0	1	0	1	0	0	0	0	0	0	99	0	42	2	100	0	31	5	100	0	49	2	100	0	47	2	100	0	32	1	10	0	0	0	0	0	0	0	0	0	0	0	0	0	0	0	0	0	0	0	0	0	3	3	0	0	1	0	0	0	0	0	0	0	0	0	0	0	0	0	0	0	0	0	0	0	0	0	0	0	0	0	0	0	0	0	0	0	0	0	0	0	0	0	0	0	0	0	0	0	0	0	0	0	0	0	
	60912	1	0	드래곤나이트용_온천코스튬_일본용	44292	1	69DDA0	43077	44079	7154	7161	86115	39918	0	20064	0	911	0	Null	0	Null	0	25355	0	0	1	0	0	0	0	0	0	0	4	6	255	0	0	0	0	0	0	0	0	0	0	0	0	0	0	0	0	0	0	0	0	0	0	0	0	0	0	0	0	1	0	1	0	0	0	0	0	0	99	0	42	2	100	0	31	5	100	0	49	2	100	0	47	2	100	0	32	1	10	0	0	0	0	0	0	0	0	0	0	0	0	0	0	0	0	0	0	0	0	0	3	3	0	0	1	0	0	0	0	0	0	0	0	0	0	0	0	0	0	0	0	0	0	0	0	0	0	0	0	0	0	0	0	0	0	0	0	0	0	0	0	0	0	0	0	0	0	0	0	0	0	0	0	0	
	60913	1	0	발키리용_온천코스튬	44293	1	69DDA0	43077	44079	7153	7161	86115	39918	0	20064	0	911	0	Null	0	Null	0	25355	0	0	1	0	0	0	0	0	0	0	4	6	255	0	0	0	0	0	0	0	0	0	0	0	0	0	0	0	0	0	0	0	0	0	0	0	0	0	0	0	0	1	0	0	0	1	0	0	0	0	99	0	42	2	100	0	31	5	100	0	49	2	100	0	47	2	100	0	32	1	10	0	0	0	0	0	0	0	0	0	0	0	0	0	0	0	0	0	0	0	0	0	3	3	0	0	1	0	0	0	0	0	0	0	0	0	0	0	0	0	0	0	0	0	0	0	0	0	0	0	0	0	0	0	0	0	0	0	0	0	0	0	0	0	0	0	0	0	0	0	0	0	0	0	0	0	
	60914	1	0	발키리용_온천코스튬_일본용	44293	1	69DDA0	43077	44079	7154	7161	86115	39918	0	20064	0	911	0	Null	0	Null	0	25355	0	0	1	0	0	0	0	0	0	0	4	6	255	0	0	0	0	0	0	0	0	0	0	0	0	0	0	0	0	0	0	0	0	0	0	0	0	0	0	0	0	1	0	0	0	1	0	0	0	0	99	0	42	2	100	0	31	5	100	0	49	2	100	0	47	2	100	0	32	1	10	0	0	0	0	0	0	0	0	0	0	0	0	0	0	0	0	0	0	0	0	0	3	3	0	0	1	0	0	0	0	0	0	0	0	0	0	0	0	0	0	0	0	0	0	0	0	0	0	0	0	0	0	0	0	0	0	0	0	0	0	0	0	0	0	0	0	0	0	0	0	0	0	0	0	0	
	60915	1	0	엘리용_온천코스튬	44294	1	69DDA0	43077	44079	7159	7157	86118	39918	0	20064	0	911	0	Null	0	Null	0	25355	0	0	1	0	0	0	0	0	0	0	4	6	255	0	0	0	0	0	0	0	0	0	0	0	0	0	0	0	0	0	0	0	0	0	0	0	0	0	0	0	0	1	0	0	0	0	1	0	0	0	99	0	42	2	100	0	31	5	100	0	49	2	100	0	47	2	100	0	32	1	10	0	0	0	0	0	0	0	0	0	0	0	0	0	0	0	0	0	0	0	0	0	3	3	0	0	1	0	0	0	0	0	0	0	0	0	0	0	0	0	0	0	0	0	0	0	0	0	0	0	0	0	0	0	0	0	0	0	0	0	0	0	0	0	0	0	0	0	0	0	0	0	0	0	0	0	
	60916	1	0	엘리용_온천코스튬_일본용	44294	1	69DDA0	43077	44079	7160	7157	86118	39918	0	20064	0	911	0	Null	0	Null	0	25355	0	0	1	0	0	0	0	0	0	0	4	6	255	0	0	0	0	0	0	0	0	0	0	0	0	0	0	0	0	0	0	0	0	0	0	0	0	0	0	0	0	1	0	0	0	0	1	0	0	0	99	0	42	2	100	0	31	5	100	0	49	2	100	0	47	2	100	0	32	1	10	0	0	0	0	0	0	0	0	0	0	0	0	0	0	0	0	0	0	0	0	0	3	3	0	0	1	0	0	0	0	0	0	0	0	0	0	0	0	0	0	0	0	0	0	0	0	0	0	0	0	0	0	0	0	0	0	0	0	0	0	0	0	0	0	0	0	0	0	0	0	0	0	0	0	0	
	60917	1	0	섀도우용_온천코스튬	44295	1	69DDA0	43077	44079	7159	7157	86118	39918	0	20064	0	911	0	Null	0	Null	0	25355	0	0	1	0	0	0	0	0	0	0	4	6	255	0	0	0	0	0	0	0	0	0	0	0	0	0	0	0	0	0	0	0	0	0	0	0	0	0	0	0	0	1	0	0	1	0	0	0	0	0	99	0	42	2	100	0	31	5	100	0	49	2	100	0	47	2	100	0	32	1	10	0	0	0	0	0	0	0	0	0	0	0	0	0	0	0	0	0	0	0	0	0	3	3	0	0	1	0	0	0	0	0	0	0	0	0	0	0	0	0	0	0	0	0	0	0	0	0	0	0	0	0	0	0	0	0	0	0	0	0	0	0	0	0	0	0	0	0	0	0	0	0	0	0	0	0	
	60918	1	0	섀도우용_온천코스튬_일본용	44295	1	69DDA0	43077	44079	7160	7157	86118	39918	0	20064	0	911	0	Null	0	Null	0	25355	0	0	1	0	0	0	0	0	0	0	4	6	255	0	0	0	0	0	0	0	0	0	0	0	0	0	0	0	0	0	0	0	0	0	0	0	0	0	0	0	0	1	0	0	1	0	0	0	0	0	99	0	42	2	100	0	31	5	100	0	49	2	100	0	47	2	100	0	32	1	10	0	0	0	0	0	0	0	0	0	0	0	0	0	0	0	0	0	0	0	0	0	3	3	0	0	1	0	0	0	0	0	0	0	0	0	0	0	0	0	0	0	0	0	0	0	0	0	0	0	0	0	0	0	0	0	0	0	0	0	0	0	0	0	0	0	0	0	0	0	0	0	0	0	0	0	
	60919	1	0	미스틱용_온천코스튬	44296	1	69DDA0	43077	44078	0	7158	86119	39918	0	20064	0	911	0	Null	0	Null	0	25355	0	0	1	0	0	0	0	0	0	0	4	6	255	0	0	0	0	0	0	0	0	0	0	0	0	0	0	0	0	0	0	0	0	0	0	0	0	0	0	0	0	2	0	0	0	0	0	1	0	0	99	0	42	2	100	0	31	5	100	0	49	2	100	0	47	2	100	0	32	1	10	0	0	0	0	0	0	0	0	0	0	0	0	0	0	0	0	0	0	0	0	0	3	3	0	0	1	0	0	0	0	0	0	0	0	0	0	0	0	0	0	0	0	0	0	0	0	0	0	0	0	0	0	0	0	0	0	0	0	0	0	0	0	0	0	0	0	0	0	0	0	0	0	0	0	0	
	60920	1	0	헬로이드용_온천코스튬	44297	1	69DDA0	43077	44079	7155	0	86120	39918	0	20064	0	911	0	Null	0	Null	0	25355	0	0	1	0	0	0	0	0	0	0	4	6	255	0	0	0	0	0	0	0	0	0	0	0	0	0	0	0	0	0	0	0	0	0	0	0	0	0	0	0	0	1	0	0	0	0	0	0	1	0	99	0	42	2	100	0	31	5	100	0	49	2	100	0	47	2	100	0	32	1	10	0	0	0	0	0	0	0	0	0	0	0	0	0	0	0	0	0	0	0	0	0	3	3	0	0	1	0	0	0	0	0	0	0	0	0	0	0	0	0	0	0	0	0	0	0	0	0	0	0	0	0	0	0	0	0	0	0	0	0	0	0	0	0	0	0	0	0	0	0	0	0	0	0	0	0	
	60921	1	0	헬로이드용_온천코스튬_일본용	44297	1	69DDA0	43077	44079	7156	0	86120	39918	0	20064	0	911	0	Null	0	Null	0	25355	0	0	1	0	0	0	0	0	0	0	4	6	255	0	0	0	0	0	0	0	0	0	0	0	0	0	0	0	0	0	0	0	0	0	0	0	0	0	0	0	0	1	0	0	0	0	0	0	1	0	99	0	42	2	100	0	31	5	100	0	49	2	100	0	47	2	100	0	32	1	10	0	0	0	0	0	0	0	0	0	0	0	0	0	0	0	0	0	0	0	0	0	3	3	0	0	1	0	0	0	0	0	0	0	0	0	0	0	0	0	0	0	0	0	0	0	0	0	0	0	0	0	0	0	0	0	0	0	0	0	0	0	0	0	0	0	0	0	0	0	0	0	0	0	0	0	
	60922	1	0	위치블레이드용_온천코스튬	44298	1	69DDA0	43077	44078	0	7162	86121	39918	0	20064	0	911	0	Null	0	Null	0	25355	0	0	1	0	0	0	0	0	0	0	4	6	255	0	0	0	0	0	0	0	0	0	0	0	0	0	0	0	0	0	0	0	0	0	0	0	0	0	0	0	0	2	0	0	0	0	0	0	0	1	99	0	42	2	100	0	31	5	100	0	49	2	100	0	47	2	100	0	32	1	10	0	0	0	0	0	0	0	0	0	0	0	0	0	0	0	0	0	0	0	0	0	3	3	0	0	1	0	0	0	0	0	0	0	0	0	0	0	0	0	0	0	0	0	0	0	0	0	0	0	0	0	0	0	0	0	0	0	0	0	0	0	0	0	0	0	0	0	0	0	0	0	0	0	0	0	
	60923	1	0	버서커용_대장군코스튬_영구_남	44331	1	69DDA0	43077	44079	86153	0	86161	39918	0	20064	0	911	0	Null	0	Null	0	25355	0	0	1	0	0	0	0	0	0	0	4	6	255	0	0	0	0	0	0	0	0	0	0	0	0	0	0	0	0	0	0	0	0	0	0	0	0	0	0	0	0	1	1	0	0	0	0	0	0	0	99	0	49	2	100	0	47	2	100	0	32	1	7	0	0	0	0	0	0	0	0	0	0	0	0	0	0	0	0	0	0	0	0	0	0	0	0	0	0	0	0	0	3	0	0	0	1	0	0	0	0	0	0	0	0	0	0	0	0	0	0	0	0	0	0	0	0	0	0	0	0	0	0	0	0	0	0	0	0	0	0	0	0	0	0	0	0	0	0	0	0	0	0	0	0	0	
	60924	1	0	드래곤나이트용_대장군코스튬_영구_남	44332	1	69DDA0	43077	44079	86154	0	86162	39918	0	20064	0	911	0	Null	0	Null	0	25355	0	0	1	0	0	0	0	0	0	0	4	6	255	0	0	0	0	0	0	0	0	0	0	0	0	0	0	0	0	0	0	0	0	0	0	0	0	0	0	0	0	1	0	1	0	0	0	0	0	0	99	0	49	2	100	0	47	2	100	0	32	1	7	0	0	0	0	0	0	0	0	0	0	0	0	0	0	0	0	0	0	0	0	0	0	0	0	0	0	0	0	0	3	0	0	0	1	0	0	0	0	0	0	0	0	0	0	0	0	0	0	0	0	0	0	0	0	0	0	0	0	0	0	0	0	0	0	0	0	0	0	0	0	0	0	0	0	0	0	0	0	0	0	0	0	0	
	60925	1	0	발키리용_대장군코스튬_영구_남	44333	1	69DDA0	43077	44079	86154	0	86162	39918	0	20064	0	911	0	Null	0	Null	0	25355	0	0	1	0	0	0	0	0	0	0	4	6	255	0	0	0	0	0	0	0	0	0	0	0	0	0	0	0	0	0	0	0	0	0	0	0	0	0	0	0	0	1	0	0	0	1	0	0	0	0	99	0	49	2	100	0	47	2	100	0	32	1	7	0	0	0	0	0	0	0	0	0	0	0	0	0	0	0	0	0	0	0	0	0	0	0	0	0	0	0	0	0	3	0	0	0	1	0	0	0	0	0	0	0	0	0	0	0	0	0	0	0	0	0	0	0	0	0	0	0	0	0	0	0	0	0	0	0	0	0	0	0	0	0	0	0	0	0	0	0	0	0	0	0	0	0	
	60926	1	0	엘리용_대장군코스튬_영구_남	44334	1	69DDA0	43077	44079	86157	0	86165	39918	0	20064	0	911	0	Null	0	Null	0	25355	0	0	1	0	0	0	0	0	0	0	4	6	255	0	0	0	0	0	0	0	0	0	0	0	0	0	0	0	0	0	0	0	0	0	0	0	0	0	0	0	0	1	0	0	0	0	1	0	0	0	99	0	49	2	100	0	47	2	100	0	32	1	7	0	0	0	0	0	0	0	0	0	0	0	0	0	0	0	0	0	0	0	0	0	0	0	0	0	0	0	0	0	3	0	0	0	1	0	0	0	0	0	0	0	0	0	0	0	0	0	0	0	0	0	0	0	0	0	0	0	0	0	0	0	0	0	0	0	0	0	0	0	0	0	0	0	0	0	0	0	0	0	0	0	0	0	
	60927	1	0	섀도우용_대장군코스튬_영구_남	44335	1	69DDA0	43077	44079	86157	0	86165	39918	0	20064	0	911	0	Null	0	Null	0	25355	0	0	1	0	0	0	0	0	0	0	4	6	255	0	0	0	0	0	0	0	0	0	0	0	0	0	0	0	0	0	0	0	0	0	0	0	0	0	0	0	0	1	0	0	1	0	0	0	0	0	99	0	49	2	100	0	47	2	100	0	32	1	7	0	0	0	0	0	0	0	0	0	0	0	0	0	0	0	0	0	0	0	0	0	0	0	0	0	0	0	0	0	3	0	0	0	1	0	0	0	0	0	0	0	0	0	0	0	0	0	0	0	0	0	0	0	0	0	0	0	0	0	0	0	0	0	0	0	0	0	0	0	0	0	0	0	0	0	0	0	0	0	0	0	0	0	
	60928	1	0	미스틱용_대장군코스튬_영구	44336	1	69DDA0	43077	44078	0	86158	86166	39918	0	20064	0	911	0	Null	0	Null	0	25355	0	0	1	0	0	0	0	0	0	0	4	6	255	0	0	0	0	0	0	0	0	0	0	0	0	0	0	0	0	0	0	0	0	0	0	0	0	0	0	0	0	2	0	0	0	0	0	1	0	0	99	0	49	2	100	0	47	2	100	0	32	1	7	0	0	0	0	0	0	0	0	0	0	0	0	0	0	0	0	0	0	0	0	0	0	0	0	0	0	0	0	0	0	0	0	0	1	0	0	0	0	0	0	0	0	0	0	0	0	0	0	0	0	0	0	0	0	0	0	0	0	0	0	0	0	0	0	0	0	0	0	0	0	0	0	0	0	0	0	0	0	0	0	0	0	0	
	60929	1	0	헬로이드용_로봇팬더코스튬_영구	44337	1	69DDA0	43077	44079	86159	0	86167	39918	0	20064	0	911	0	Null	0	Null	0	25355	0	0	1	0	0	0	0	0	0	0	4	6	255	0	0	0	0	0	0	0	0	0	0	0	0	0	0	0	0	0	0	0	0	0	0	0	0	0	0	0	0	1	0	0	0	0	0	0	1	0	99	0	49	2	100	0	47	2	100	0	32	1	7	0	0	0	0	0	0	0	0	0	0	0	0	0	0	0	0	0	0	0	0	0	0	0	0	0	0	0	0	0	3	0	0	0	1	0	0	0	0	0	0	0	0	0	0	0	0	0	0	0	0	0	0	0	0	0	0	0	0	0	0	0	0	0	0	0	0	0	0	0	0	0	0	0	0	0	0	0	0	0	0	0	0	0	
	60930	1	0	위치블레이드용_대장군코스튬_영구	44338	1	69DDA0	43077	44078	0	86160	86168	39918	0	20064	0	911	0	Null	0	Null	0	25355	0	0	1	0	0	0	0	0	0	0	4	6	255	0	0	0	0	0	0	0	0	0	0	0	0	0	0	0	0	0	0	0	0	0	0	0	0	0	0	0	0	2	0	0	0	0	0	0	0	1	99	0	49	2	100	0	47	2	100	0	32	1	7	0	0	0	0	0	0	0	0	0	0	0	0	0	0	0	0	0	0	0	0	0	0	0	0	0	0	0	0	0	0	0	0	0	1	0	0	0	0	0	0	0	0	0	0	0	0	0	0	0	0	0	0	0	0	0	0	0	0	0	0	0	0	0	0	0	0	0	0	0	0	0	0	0	0	0	0	0	0	0	0	0	0	0	
	60931	1	0	버서커용_대장군코스튬_영구_여	44331	1	69DDA0	43077	44078	0	86155	86163	39918	0	20064	0	911	0	Null	0	Null	0	25355	0	0	1	0	0	0	0	0	0	0	4	6	255	0	0	0	0	0	0	0	0	0	0	0	0	0	0	0	0	0	0	0	0	0	0	0	0	0	0	0	0	2	1	0	0	0	0	0	0	0	99	0	49	2	100	0	47	2	100	0	32	1	7	0	0	0	0	0	0	0	0	0	0	0	0	0	0	0	0	0	0	0	0	0	0	0	0	0	0	0	0	0	3	0	0	0	1	0	0	0	0	0	0	0	0	0	0	0	0	0	0	0	0	0	0	0	0	0	0	0	0	0	0	0	0	0	0	0	0	0	0	0	0	0	0	0	0	0	0	0	0	0	0	0	0	0	
	60932	1	0	드래곤나이트용_대장군코스튬_영구_여	44332	1	69DDA0	43077	44078	0	86155	86163	39918	0	20064	0	911	0	Null	0	Null	0	25355	0	0	1	0	0	0	0	0	0	0	4	6	255	0	0	0	0	0	0	0	0	0	0	0	0	0	0	0	0	0	0	0	0	0	0	0	0	0	0	0	0	2	0	1	0	0	0	0	0	0	99	0	49	2	100	0	47	2	100	0	32	1	7	0	0	0	0	0	0	0	0	0	0	0	0	0	0	0	0	0	0	0	0	0	0	0	0	0	0	0	0	0	3	0	0	0	1	0	0	0	0	0	0	0	0	0	0	0	0	0	0	0	0	0	0	0	0	0	0	0	0	0	0	0	0	0	0	0	0	0	0	0	0	0	0	0	0	0	0	0	0	0	0	0	0	0	
	60933	1	0	발키리용_대장군코스튬_영구_여	44333	1	69DDA0	43077	44078	0	86155	86163	39918	0	20064	0	911	0	Null	0	Null	0	25355	0	0	1	0	0	0	0	0	0	0	4	6	255	0	0	0	0	0	0	0	0	0	0	0	0	0	0	0	0	0	0	0	0	0	0	0	0	0	0	0	0	2	0	0	0	1	0	0	0	0	99	0	49	2	100	0	47	2	100	0	32	1	7	0	0	0	0	0	0	0	0	0	0	0	0	0	0	0	0	0	0	0	0	0	0	0	0	0	0	0	0	0	3	0	0	0	1	0	0	0	0	0	0	0	0	0	0	0	0	0	0	0	0	0	0	0	0	0	0	0	0	0	0	0	0	0	0	0	0	0	0	0	0	0	0	0	0	0	0	0	0	0	0	0	0	0	
	60934	1	0	엘리용_대장군코스튬_영구_여	44334	1	69DDA0	43077	44078	0	86156	86164	39918	0	20064	0	911	0	Null	0	Null	0	25355	0	0	1	0	0	0	0	0	0	0	4	6	255	0	0	0	0	0	0	0	0	0	0	0	0	0	0	0	0	0	0	0	0	0	0	0	0	0	0	0	0	2	0	0	0	0	1	0	0	0	99	0	49	2	100	0	47	2	100	0	32	1	7	0	0	0	0	0	0	0	0	0	0	0	0	0	0	0	0	0	0	0	0	0	0	0	0	0	0	0	0	0	3	0	0	0	1	0	0	0	0	0	0	0	0	0	0	0	0	0	0	0	0	0	0	0	0	0	0	0	0	0	0	0	0	0	0	0	0	0	0	0	0	0	0	0	0	0	0	0	0	0	0	0	0	0	
	60935	1	0	섀도우용_대장군코스튬_영구_여	44335	1	69DDA0	43077	44078	0	86156	86164	39918	0	20064	0	911	0	Null	0	Null	0	25355	0	0	1	0	0	0	0	0	0	0	4	6	255	0	0	0	0	0	0	0	0	0	0	0	0	0	0	0	0	0	0	0	0	0	0	0	0	0	0	0	0	2	0	0	1	0	0	0	0	0	99	0	49	2	100	0	47	2	100	0	32	1	7	0	0	0	0	0	0	0	0	0	0	0	0	0	0	0	0	0	0	0	0	0	0	0	0	0	0	0	0	0	3	0	0	0	1	0	0	0	0	0	0	0	0	0	0	0	0	0	0	0	0	0	0	0	0	0	0	0	0	0	0	0	0	0	0	0	0	0	0	0	0	0	0	0	0	0	0	0	0	0	0	0	0	0	
	60936	1	2	버서커용_대장군코스튬_기간제_남	44339	1	69DDA0	43077	44079	86153	0	86161	39918	0	20064	0	911	0	Null	0	Null	0	25355	0	0	1	0	0	0	0	0	0	0	4	86	255	0	0	0	0	0	0	0	0	0	0	0	0	0	0	0	0	0	0	0	0	0	0	0	0	0	0	0	0	1	1	0	0	0	0	0	0	0	99	0	49	2	100	0	47	2	100	0	32	1	7	0	0	0	0	0	0	0	0	0	0	0	0	0	0	0	0	0	0	0	0	0	0	0	0	0	0	0	0	0	3	0	0	0	1	0	0	0	0	0	0	0	0	0	0	0	0	0	0	0	0	0	0	0	0	0	0	0	0	0	0	0	0	0	0	0	0	0	0	0	0	0	0	0	0	0	0	0	0	0	0	0	0	0	
	60937	1	2	드래곤나이트용_대장군코스튬_기간제_남	44340	1	69DDA0	43077	44079	86154	0	86162	39918	0	20064	0	911	0	Null	0	Null	0	25355	0	0	1	0	0	0	0	0	0	0	4	86	255	0	0	0	0	0	0	0	0	0	0	0	0	0	0	0	0	0	0	0	0	0	0	0	0	0	0	0	0	1	0	1	0	0	0	0	0	0	99	0	49	2	100	0	47	2	100	0	32	1	7	0	0	0	0	0	0	0	0	0	0	0	0	0	0	0	0	0	0	0	0	0	0	0	0	0	0	0	0	0	3	0	0	0	1	0	0	0	0	0	0	0	0	0	0	0	0	0	0	0	0	0	0	0	0	0	0	0	0	0	0	0	0	0	0	0	0	0	0	0	0	0	0	0	0	0	0	0	0	0	0	0	0	0	
	60938	1	2	발키리용_대장군코스튬_기간제_남	44341	1	69DDA0	43077	44079	86154	0	86162	39918	0	20064	0	911	0	Null	0	Null	0	25355	0	0	1	0	0	0	0	0	0	0	4	86	255	0	0	0	0	0	0	0	0	0	0	0	0	0	0	0	0	0	0	0	0	0	0	0	0	0	0	0	0	1	0	0	0	1	0	0	0	0	99	0	49	2	100	0	47	2	100	0	32	1	7	0	0	0	0	0	0	0	0	0	0	0	0	0	0	0	0	0	0	0	0	0	0	0	0	0	0	0	0	0	3	0	0	0	1	0	0	0	0	0	0	0	0	0	0	0	0	0	0	0	0	0	0	0	0	0	0	0	0	0	0	0	0	0	0	0	0	0	0	0	0	0	0	0	0	0	0	0	0	0	0	0	0	0	
	60939	1	2	엘리용_대장군코스튬_기간제_남	44342	1	69DDA0	43077	44079	86157	0	86165	39918	0	20064	0	911	0	Null	0	Null	0	25355	0	0	1	0	0	0	0	0	0	0	4	86	255	0	0	0	0	0	0	0	0	0	0	0	0	0	0	0	0	0	0	0	0	0	0	0	0	0	0	0	0	1	0	0	0	0	1	0	0	0	99	0	49	2	100	0	47	2	100	0	32	1	7	0	0	0	0	0	0	0	0	0	0	0	0	0	0	0	0	0	0	0	0	0	0	0	0	0	0	0	0	0	3	0	0	0	1	0	0	0	0	0	0	0	0	0	0	0	0	0	0	0	0	0	0	0	0	0	0	0	0	0	0	0	0	0	0	0	0	0	0	0	0	0	0	0	0	0	0	0	0	0	0	0	0	0	
	60940	1	2	섀도우용_대장군코스튬_기간제_남	44343	1	69DDA0	43077	44079	86157	0	86165	39918	0	20064	0	911	0	Null	0	Null	0	25355	0	0	1	0	0	0	0	0	0	0	4	86	255	0	0	0	0	0	0	0	0	0	0	0	0	0	0	0	0	0	0	0	0	0	0	0	0	0	0	0	0	1	0	0	1	0	0	0	0	0	99	0	49	2	100	0	47	2	100	0	32	1	7	0	0	0	0	0	0	0	0	0	0	0	0	0	0	0	0	0	0	0	0	0	0	0	0	0	0	0	0	0	3	0	0	0	1	0	0	0	0	0	0	0	0	0	0	0	0	0	0	0	0	0	0	0	0	0	0	0	0	0	0	0	0	0	0	0	0	0	0	0	0	0	0	0	0	0	0	0	0	0	0	0	0	0	
	60941	1	2	미스틱용_대장군코스튬_기간제	44344	1	69DDA0	43077	44078	0	86158	86166	39918	0	20064	0	911	0	Null	0	Null	0	25355	0	0	1	0	0	0	0	0	0	0	4	86	255	0	0	0	0	0	0	0	0	0	0	0	0	0	0	0	0	0	0	0	0	0	0	0	0	0	0	0	0	2	0	0	0	0	0	1	0	0	99	0	49	2	100	0	47	2	100	0	32	1	7	0	0	0	0	0	0	0	0	0	0	0	0	0	0	0	0	0	0	0	0	0	0	0	0	0	0	0	0	0	0	0	0	0	1	0	0	0	0	0	0	0	0	0	0	0	0	0	0	0	0	0	0	0	0	0	0	0	0	0	0	0	0	0	0	0	0	0	0	0	0	0	0	0	0	0	0	0	0	0	0	0	0	0	
	60942	1	2	헬로이드용_로봇팬더코스튬_기간제	44345	1	69DDA0	43077	44079	86159	0	86167	39918	0	20064	0	911	0	Null	0	Null	0	25355	0	0	1	0	0	0	0	0	0	0	4	86	255	0	0	0	0	0	0	0	0	0	0	0	0	0	0	0	0	0	0	0	0	0	0	0	0	0	0	0	0	1	0	0	0	0	0	0	1	0	99	0	49	2	100	0	47	2	100	0	32	1	7	0	0	0	0	0	0	0	0	0	0	0	0	0	0	0	0	0	0	0	0	0	0	0	0	0	0	0	0	0	3	0	0	0	1	0	0	0	0	0	0	0	0	0	0	0	0	0	0	0	0	0	0	0	0	0	0	0	0	0	0	0	0	0	0	0	0	0	0	0	0	0	0	0	0	0	0	0	0	0	0	0	0	0	
	60943	1	2	위치블레이드용_대장군코스튬_기간제	44346	1	69DDA0	43077	44078	0	86160	86168	39918	0	20064	0	911	0	Null	0	Null	0	25355	0	0	1	0	0	0	0	0	0	0	4	86	255	0	0	0	0	0	0	0	0	0	0	0	0	0	0	0	0	0	0	0	0	0	0	0	0	0	0	0	0	2	0	0	0	0	0	0	0	1	99	0	49	2	100	0	47	2	100	0	32	1	7	0	0	0	0	0	0	0	0	0	0	0	0	0	0	0	0	0	0	0	0	0	0	0	0	0	0	0	0	0	0	0	0	0	1	0	0	0	0	0	0	0	0	0	0	0	0	0	0	0	0	0	0	0	0	0	0	0	0	0	0	0	0	0	0	0	0	0	0	0	0	0	0	0	0	0	0	0	0	0	0	0	0	0	
	60944	1	2	버서커용_대장군코스튬_기간제_여	44339	1	69DDA0	43077	44078	0	86155	86163	39918	0	20064	0	911	0	Null	0	Null	0	25355	0	0	1	0	0	0	0	0	0	0	4	86	255	0	0	0	0	0	0	0	0	0	0	0	0	0	0	0	0	0	0	0	0	0	0	0	0	0	0	0	0	2	1	0	0	0	0	0	0	0	99	0	49	2	100	0	47	2	100	0	32	1	7	0	0	0	0	0	0	0	0	0	0	0	0	0	0	0	0	0	0	0	0	0	0	0	0	0	0	0	0	0	3	0	0	0	1	0	0	0	0	0	0	0	0	0	0	0	0	0	0	0	0	0	0	0	0	0	0	0	0	0	0	0	0	0	0	0	0	0	0	0	0	0	0	0	0	0	0	0	0	0	0	0	0	0	
	60945	1	2	드래곤나이트용_대장군코스튬_기간제_여	44340	1	69DDA0	43077	44078	0	86155	86163	39918	0	20064	0	911	0	Null	0	Null	0	25355	0	0	1	0	0	0	0	0	0	0	4	86	255	0	0	0	0	0	0	0	0	0	0	0	0	0	0	0	0	0	0	0	0	0	0	0	0	0	0	0	0	2	0	1	0	0	0	0	0	0	99	0	49	2	100	0	47	2	100	0	32	1	7	0	0	0	0	0	0	0	0	0	0	0	0	0	0	0	0	0	0	0	0	0	0	0	0	0	0	0	0	0	3	0	0	0	1	0	0	0	0	0	0	0	0	0	0	0	0	0	0	0	0	0	0	0	0	0	0	0	0	0	0	0	0	0	0	0	0	0	0	0	0	0	0	0	0	0	0	0	0	0	0	0	0	0	
	60946	1	2	발키리용_대장군코스튬_기간제_여	44341	1	69DDA0	43077	44078	0	86155	86163	39918	0	20064	0	911	0	Null	0	Null	0	25355	0	0	1	0	0	0	0	0	0	0	4	86	255	0	0	0	0	0	0	0	0	0	0	0	0	0	0	0	0	0	0	0	0	0	0	0	0	0	0	0	0	2	0	0	0	1	0	0	0	0	99	0	49	2	100	0	47	2	100	0	32	1	7	0	0	0	0	0	0	0	0	0	0	0	0	0	0	0	0	0	0	0	0	0	0	0	0	0	0	0	0	0	3	0	0	0	1	0	0	0	0	0	0	0	0	0	0	0	0	0	0	0	0	0	0	0	0	0	0	0	0	0	0	0	0	0	0	0	0	0	0	0	0	0	0	0	0	0	0	0	0	0	0	0	0	0	
	60947	1	2	엘리용_대장군코스튬_기간제_여	44342	1	69DDA0	43077	44078	0	86156	86164	39918	0	20064	0	911	0	Null	0	Null	0	25355	0	0	1	0	0	0	0	0	0	0	4	86	255	0	0	0	0	0	0	0	0	0	0	0	0	0	0	0	0	0	0	0	0	0	0	0	0	0	0	0	0	2	0	0	0	0	1	0	0	0	99	0	49	2	100	0	47	2	100	0	32	1	7	0	0	0	0	0	0	0	0	0	0	0	0	0	0	0	0	0	0	0	0	0	0	0	0	0	0	0	0	0	3	0	0	0	1	0	0	0	0	0	0	0	0	0	0	0	0	0	0	0	0	0	0	0	0	0	0	0	0	0	0	0	0	0	0	0	0	0	0	0	0	0	0	0	0	0	0	0	0	0	0	0	0	0	
	60948	1	2	섀도우용_대장군코스튬_기간제_여	44343	1	69DDA0	43077	44078	0	86156	86164	39918	0	20064	0	911	0	Null	0	Null	0	25355	0	0	1	0	0	0	0	0	0	0	4	86	255	0	0	0	0	0	0	0	0	0	0	0	0	0	0	0	0	0	0	0	0	0	0	0	0	0	0	0	0	2	0	0	1	0	0	0	0	0	99	0	49	2	100	0	47	2	100	0	32	1	7	0	0	0	0	0	0	0	0	0	0	0	0	0	0	0	0	0	0	0	0	0	0	0	0	0	0	0	0	0	3	0	0	0	1	0	0	0	0	0	0	0	0	0	0	0	0	0	0	0	0	0	0	0	0	0	0	0	0	0	0	0	0	0	0	0	0	0	0	0	0	0	0	0	0	0	0	0	0	0	0	0	0	0	
	60949	1	0	버서커용_대장군코스튬(강화판)_영구_남	44347	1	69DDA0	43077	44079	86153	0	86169	39918	0	20064	0	911	0	Null	0	Null	0	25355	0	0	1	0	0	0	0	0	0	0	4	6	255	0	0	0	0	0	0	0	0	0	0	0	0	0	0	0	0	0	0	0	0	0	0	0	0	0	0	0	0	1	1	0	0	0	0	0	0	0	99	0	42	2	100	0	31	5	100	0	49	2	100	0	47	2	100	0	32	1	10	0	0	0	0	0	0	0	0	0	0	0	0	0	0	0	0	0	0	0	0	0	3	0	0	0	1	0	0	0	0	0	0	0	0	0	0	0	0	0	0	0	0	0	0	0	0	0	0	0	0	0	0	0	0	0	0	0	0	0	0	0	0	0	0	0	0	0	0	0	0	0	0	0	0	0	
	60950	1	0	드래곤나이트용_대장군코스튬(강화판)_영구_남	44348	1	69DDA0	43077	44079	86154	0	86170	39918	0	20064	0	911	0	Null	0	Null	0	25355	0	0	1	0	0	0	0	0	0	0	4	6	255	0	0	0	0	0	0	0	0	0	0	0	0	0	0	0	0	0	0	0	0	0	0	0	0	0	0	0	0	1	0	1	0	0	0	0	0	0	99	0	42	2	100	0	31	5	100	0	49	2	100	0	47	2	100	0	32	1	10	0	0	0	0	0	0	0	0	0	0	0	0	0	0	0	0	0	0	0	0	0	3	0	0	0	1	0	0	0	0	0	0	0	0	0	0	0	0	0	0	0	0	0	0	0	0	0	0	0	0	0	0	0	0	0	0	0	0	0	0	0	0	0	0	0	0	0	0	0	0	0	0	0	0	0	
	60951	1	0	발키리용_대장군코스튬(강화판)_영구_남	44349	1	69DDA0	43077	44079	86154	0	86170	39918	0	20064	0	911	0	Null	0	Null	0	25355	0	0	1	0	0	0	0	0	0	0	4	6	255	0	0	0	0	0	0	0	0	0	0	0	0	0	0	0	0	0	0	0	0	0	0	0	0	0	0	0	0	1	0	0	0	1	0	0	0	0	99	0	42	2	100	0	31	5	100	0	49	2	100	0	47	2	100	0	32	1	10	0	0	0	0	0	0	0	0	0	0	0	0	0	0	0	0	0	0	0	0	0	3	0	0	0	1	0	0	0	0	0	0	0	0	0	0	0	0	0	0	0	0	0	0	0	0	0	0	0	0	0	0	0	0	0	0	0	0	0	0	0	0	0	0	0	0	0	0	0	0	0	0	0	0	0	
	60952	1	0	엘리용_대장군코스튬(강화판)_영구_남	44350	1	69DDA0	43077	44079	86157	0	86173	39918	0	20064	0	911	0	Null	0	Null	0	25355	0	0	1	0	0	0	0	0	0	0	4	6	255	0	0	0	0	0	0	0	0	0	0	0	0	0	0	0	0	0	0	0	0	0	0	0	0	0	0	0	0	1	0	0	0	0	1	0	0	0	99	0	42	2	100	0	31	5	100	0	49	2	100	0	47	2	100	0	32	1	10	0	0	0	0	0	0	0	0	0	0	0	0	0	0	0	0	0	0	0	0	0	3	0	0	0	1	0	0	0	0	0	0	0	0	0	0	0	0	0	0	0	0	0	0	0	0	0	0	0	0	0	0	0	0	0	0	0	0	0	0	0	0	0	0	0	0	0	0	0	0	0	0	0	0	0	
	60953	1	0	섀도우용_대장군코스튬(강화판)_영구_남	44351	1	69DDA0	43077	44079	86157	0	86173	39918	0	20064	0	911	0	Null	0	Null	0	25355	0	0	1	0	0	0	0	0	0	0	4	6	255	0	0	0	0	0	0	0	0	0	0	0	0	0	0	0	0	0	0	0	0	0	0	0	0	0	0	0	0	1	0	0	1	0	0	0	0	0	99	0	42	2	100	0	31	5	100	0	49	2	100	0	47	2	100	0	32	1	10	0	0	0	0	0	0	0	0	0	0	0	0	0	0	0	0	0	0	0	0	0	3	0	0	0	1	0	0	0	0	0	0	0	0	0	0	0	0	0	0	0	0	0	0	0	0	0	0	0	0	0	0	0	0	0	0	0	0	0	0	0	0	0	0	0	0	0	0	0	0	0	0	0	0	0	
	60954	1	0	미스틱용_대장군코스튬(강화판)_영구	44352	1	69DDA0	43077	44078	0	86158	86174	39918	0	20064	0	911	0	Null	0	Null	0	25355	0	0	1	0	0	0	0	0	0	0	4	6	255	0	0	0	0	0	0	0	0	0	0	0	0	0	0	0	0	0	0	0	0	0	0	0	0	0	0	0	0	2	0	0	0	0	0	1	0	0	99	0	42	2	100	0	31	5	100	0	49	2	100	0	47	2	100	0	32	1	10	0	0	0	0	0	0	0	0	0	0	0	0	0	0	0	0	0	0	0	0	0	0	0	0	0	1	0	0	0	0	0	0	0	0	0	0	0	0	0	0	0	0	0	0	0	0	0	0	0	0	0	0	0	0	0	0	0	0	0	0	0	0	0	0	0	0	0	0	0	0	0	0	0	0	0	
	60955	1	0	헬로이드용_로봇팬더코스튬(강화판)_영구	44353	1	69DDA0	43077	44079	86159	0	86175	39918	0	20064	0	911	0	Null	0	Null	0	25355	0	0	1	0	0	0	0	0	0	0	4	6	255	0	0	0	0	0	0	0	0	0	0	0	0	0	0	0	0	0	0	0	0	0	0	0	0	0	0	0	0	1	0	0	0	0	0	0	1	0	99	0	42	2	100	0	31	5	100	0	49	2	100	0	47	2	100	0	32	1	10	0	0	0	0	0	0	0	0	0	0	0	0	0	0	0	0	0	0	0	0	0	3	0	0	0	1	0	0	0	0	0	0	0	0	0	0	0	0	0	0	0	0	0	0	0	0	0	0	0	0	0	0	0	0	0	0	0	0	0	0	0	0	0	0	0	0	0	0	0	0	0	0	0	0	0	
	60956	1	0	위치블레이드용_대장군코스튬(강화판)_영구	44354	1	69DDA0	43077	44078	0	86160	86176	39918	0	20064	0	911	0	Null	0	Null	0	25355	0	0	1	0	0	0	0	0	0	0	4	6	255	0	0	0	0	0	0	0	0	0	0	0	0	0	0	0	0	0	0	0	0	0	0	0	0	0	0	0	0	2	0	0	0	0	0	0	0	1	99	0	42	2	100	0	31	5	100	0	49	2	100	0	47	2	100	0	32	1	10	0	0	0	0	0	0	0	0	0	0	0	0	0	0	0	0	0	0	0	0	0	0	0	0	0	1	0	0	0	0	0	0	0	0	0	0	0	0	0	0	0	0	0	0	0	0	0	0	0	0	0	0	0	0	0	0	0	0	0	0	0	0	0	0	0	0	0	0	0	0	0	0	0	0	0	
	60957	1	0	버서커용_대장군코스튬(강화판)_영구_여	44347	1	69DDA0	43077	44078	0	86155	86171	39918	0	20064	0	911	0	Null	0	Null	0	25355	0	0	1	0	0	0	0	0	0	0	4	6	255	0	0	0	0	0	0	0	0	0	0	0	0	0	0	0	0	0	0	0	0	0	0	0	0	0	0	0	0	2	1	0	0	0	0	0	0	0	99	0	42	2	100	0	31	5	100	0	49	2	100	0	47	2	100	0	32	1	10	0	0	0	0	0	0	0	0	0	0	0	0	0	0	0	0	0	0	0	0	0	3	0	0	0	1	0	0	0	0	0	0	0	0	0	0	0	0	0	0	0	0	0	0	0	0	0	0	0	0	0	0	0	0	0	0	0	0	0	0	0	0	0	0	0	0	0	0	0	0	0	0	0	0	0	
	60958	1	0	드래곤나이트용_대장군코스튬(강화판)_영구_여	44348	1	69DDA0	43077	44078	0	86155	86171	39918	0	20064	0	911	0	Null	0	Null	0	25355	0	0	1	0	0	0	0	0	0	0	4	6	255	0	0	0	0	0	0	0	0	0	0	0	0	0	0	0	0	0	0	0	0	0	0	0	0	0	0	0	0	2	0	1	0	0	0	0	0	0	99	0	42	2	100	0	31	5	100	0	49	2	100	0	47	2	100	0	32	1	10	0	0	0	0	0	0	0	0	0	0	0	0	0	0	0	0	0	0	0	0	0	3	0	0	0	1	0	0	0	0	0	0	0	0	0	0	0	0	0	0	0	0	0	0	0	0	0	0	0	0	0	0	0	0	0	0	0	0	0	0	0	0	0	0	0	0	0	0	0	0	0	0	0	0	0	
	60959	1	0	발키리용_대장군코스튬(강화판)_영구_여	44349	1	69DDA0	43077	44078	0	86155	86171	39918	0	20064	0	911	0	Null	0	Null	0	25355	0	0	1	0	0	0	0	0	0	0	4	6	255	0	0	0	0	0	0	0	0	0	0	0	0	0	0	0	0	0	0	0	0	0	0	0	0	0	0	0	0	2	0	0	0	1	0	0	0	0	99	0	42	2	100	0	31	5	100	0	49	2	100	0	47	2	100	0	32	1	10	0	0	0	0	0	0	0	0	0	0	0	0	0	0	0	0	0	0	0	0	0	3	0	0	0	1	0	0	0	0	0	0	0	0	0	0	0	0	0	0	0	0	0	0	0	0	0	0	0	0	0	0	0	0	0	0	0	0	0	0	0	0	0	0	0	0	0	0	0	0	0	0	0	0	0	
	60960	1	0	엘리용_대장군코스튬(강화판)_영구_여	44350	1	69DDA0	43077	44078	0	86156	86172	39918	0	20064	0	911	0	Null	0	Null	0	25355	0	0	1	0	0	0	0	0	0	0	4	6	255	0	0	0	0	0	0	0	0	0	0	0	0	0	0	0	0	0	0	0	0	0	0	0	0	0	0	0	0	2	0	0	0	0	1	0	0	0	99	0	42	2	100	0	31	5	100	0	49	2	100	0	47	2	100	0	32	1	10	0	0	0	0	0	0	0	0	0	0	0	0	0	0	0	0	0	0	0	0	0	3	0	0	0	1	0	0	0	0	0	0	0	0	0	0	0	0	0	0	0	0	0	0	0	0	0	0	0	0	0	0	0	0	0	0	0	0	0	0	0	0	0	0	0	0	0	0	0	0	0	0	0	0	0	
	60961	1	0	섀도우용_대장군코스튬(강화판)_영구_여	44351	1	69DDA0	43077	44078	0	86156	86172	39918	0	20064	0	911	0	Null	0	Null	0	25355	0	0	1	0	0	0	0	0	0	0	4	6	255	0	0	0	0	0	0	0	0	0	0	0	0	0	0	0	0	0	0	0	0	0	0	0	0	0	0	0	0	2	0	0	1	0	0	0	0	0	99	0	42	2	100	0	31	5	100	0	49	2	100	0	47	2	100	0	32	1	10	0	0	0	0	0	0	0	0	0	0	0	0	0	0	0	0	0	0	0	0	0	3	0	0	0	1	0	0	0	0	0	0	0	0	0	0	0	0	0	0	0	0	0	0	0	0	0	0	0	0	0	0	0	0	0	0	0	0	0	0	0	0	0	0	0	0	0	0	0	0	0	0	0	0	0	
	60962	1	2	버서커용_대장군코스튬(강화판)_기간제_남	44355	1	69DDA0	43077	44079	86153	0	86169	39918	0	20064	0	911	0	Null	0	Null	0	25355	0	0	1	0	0	0	0	0	0	0	4	86	255	0	0	0	0	0	0	0	0	0	0	0	0	0	0	0	0	0	0	0	0	0	0	0	0	0	0	0	0	1	1	0	0	0	0	0	0	0	99	0	42	2	100	0	31	5	100	0	49	2	100	0	47	2	100	0	32	1	10	0	0	0	0	0	0	0	0	0	0	0	0	0	0	0	0	0	0	0	0	0	3	0	0	0	1	0	0	0	0	0	0	0	0	0	0	0	0	0	0	0	0	0	0	0	0	0	0	0	0	0	0	0	0	0	0	0	0	0	0	0	0	0	0	0	0	0	0	0	0	0	0	0	0	0	
	60963	1	2	드래곤나이트용_대장군코스튬(강화판)_기간제_남	44356	1	69DDA0	43077	44079	86154	0	86170	39918	0	20064	0	911	0	Null	0	Null	0	25355	0	0	1	0	0	0	0	0	0	0	4	86	255	0	0	0	0	0	0	0	0	0	0	0	0	0	0	0	0	0	0	0	0	0	0	0	0	0	0	0	0	1	0	1	0	0	0	0	0	0	99	0	42	2	100	0	31	5	100	0	49	2	100	0	47	2	100	0	32	1	10	0	0	0	0	0	0	0	0	0	0	0	0	0	0	0	0	0	0	0	0	0	3	0	0	0	1	0	0	0	0	0	0	0	0	0	0	0	0	0	0	0	0	0	0	0	0	0	0	0	0	0	0	0	0	0	0	0	0	0	0	0	0	0	0	0	0	0	0	0	0	0	0	0	0	0	
	60964	1	2	발키리용_대장군코스튬(강화판)_기간제_남	44357	1	69DDA0	43077	44079	86154	0	86170	39918	0	20064	0	911	0	Null	0	Null	0	25355	0	0	1	0	0	0	0	0	0	0	4	86	255	0	0	0	0	0	0	0	0	0	0	0	0	0	0	0	0	0	0	0	0	0	0	0	0	0	0	0	0	1	0	0	0	1	0	0	0	0	99	0	42	2	100	0	31	5	100	0	49	2	100	0	47	2	100	0	32	1	10	0	0	0	0	0	0	0	0	0	0	0	0	0	0	0	0	0	0	0	0	0	3	0	0	0	1	0	0	0	0	0	0	0	0	0	0	0	0	0	0	0	0	0	0	0	0	0	0	0	0	0	0	0	0	0	0	0	0	0	0	0	0	0	0	0	0	0	0	0	0	0	0	0	0	0	
	60965	1	2	엘리용_대장군코스튬(강화판)_기간제_남	44358	1	69DDA0	43077	44079	86157	0	86173	39918	0	20064	0	911	0	Null	0	Null	0	25355	0	0	1	0	0	0	0	0	0	0	4	86	255	0	0	0	0	0	0	0	0	0	0	0	0	0	0	0	0	0	0	0	0	0	0	0	0	0	0	0	0	1	0	0	0	0	1	0	0	0	99	0	42	2	100	0	31	5	100	0	49	2	100	0	47	2	100	0	32	1	10	0	0	0	0	0	0	0	0	0	0	0	0	0	0	0	0	0	0	0	0	0	3	0	0	0	1	0	0	0	0	0	0	0	0	0	0	0	0	0	0	0	0	0	0	0	0	0	0	0	0	0	0	0	0	0	0	0	0	0	0	0	0	0	0	0	0	0	0	0	0	0	0	0	0	0	
	60966	1	2	섀도우용_대장군코스튬(강화판)_기간제_남	44359	1	69DDA0	43077	44079	86157	0	86173	39918	0	20064	0	911	0	Null	0	Null	0	25355	0	0	1	0	0	0	0	0	0	0	4	86	255	0	0	0	0	0	0	0	0	0	0	0	0	0	0	0	0	0	0	0	0	0	0	0	0	0	0	0	0	1	0	0	1	0	0	0	0	0	99	0	42	2	100	0	31	5	100	0	49	2	100	0	47	2	100	0	32	1	10	0	0	0	0	0	0	0	0	0	0	0	0	0	0	0	0	0	0	0	0	0	3	0	0	0	1	0	0	0	0	0	0	0	0	0	0	0	0	0	0	0	0	0	0	0	0	0	0	0	0	0	0	0	0	0	0	0	0	0	0	0	0	0	0	0	0	0	0	0	0	0	0	0	0	0	
	60967	1	2	미스틱용_대장군코스튬(강화판)_기간제	44360	1	69DDA0	43077	44078	0	86158	86174	39918	0	20064	0	911	0	Null	0	Null	0	25355	0	0	1	0	0	0	0	0	0	0	4	86	255	0	0	0	0	0	0	0	0	0	0	0	0	0	0	0	0	0	0	0	0	0	0	0	0	0	0	0	0	2	0	0	0	0	0	1	0	0	99	0	42	2	100	0	31	5	100	0	49	2	100	0	47	2	100	0	32	1	10	0	0	0	0	0	0	0	0	0	0	0	0	0	0	0	0	0	0	0	0	0	0	0	0	0	1	0	0	0	0	0	0	0	0	0	0	0	0	0	0	0	0	0	0	0	0	0	0	0	0	0	0	0	0	0	0	0	0	0	0	0	0	0	0	0	0	0	0	0	0	0	0	0	0	0	
	60968	1	2	헬로이드용_로봇팬더코스튬(강화판)_기간제	44361	1	69DDA0	43077	44079	86159	0	86175	39918	0	20064	0	911	0	Null	0	Null	0	25355	0	0	1	0	0	0	0	0	0	0	4	86	255	0	0	0	0	0	0	0	0	0	0	0	0	0	0	0	0	0	0	0	0	0	0	0	0	0	0	0	0	1	0	0	0	0	0	0	1	0	99	0	42	2	100	0	31	5	100	0	49	2	100	0	47	2	100	0	32	1	10	0	0	0	0	0	0	0	0	0	0	0	0	0	0	0	0	0	0	0	0	0	3	0	0	0	1	0	0	0	0	0	0	0	0	0	0	0	0	0	0	0	0	0	0	0	0	0	0	0	0	0	0	0	0	0	0	0	0	0	0	0	0	0	0	0	0	0	0	0	0	0	0	0	0	0	
	60969	1	2	위치블레이드용_대장군코스튬(강화판)_기간제	44362	1	69DDA0	43077	44078	0	86160	86176	39918	0	20064	0	911	0	Null	0	Null	0	25355	0	0	1	0	0	0	0	0	0	0	4	86	255	0	0	0	0	0	0	0	0	0	0	0	0	0	0	0	0	0	0	0	0	0	0	0	0	0	0	0	0	2	0	0	0	0	0	0	0	1	99	0	42	2	100	0	31	5	100	0	49	2	100	0	47	2	100	0	32	1	10	0	0	0	0	0	0	0	0	0	0	0	0	0	0	0	0	0	0	0	0	0	0	0	0	0	1	0	0	0	0	0	0	0	0	0	0	0	0	0	0	0	0	0	0	0	0	0	0	0	0	0	0	0	0	0	0	0	0	0	0	0	0	0	0	0	0	0	0	0	0	0	0	0	0	0	
	60970	1	2	버서커용_대장군코스튬(강화판)_기간제_여	44355	1	69DDA0	43077	44078	0	86155	86171	39918	0	20064	0	911	0	Null	0	Null	0	25355	0	0	1	0	0	0	0	0	0	0	4	86	255	0	0	0	0	0	0	0	0	0	0	0	0	0	0	0	0	0	0	0	0	0	0	0	0	0	0	0	0	2	1	0	0	0	0	0	0	0	99	0	42	2	100	0	31	5	100	0	49	2	100	0	47	2	100	0	32	1	10	0	0	0	0	0	0	0	0	0	0	0	0	0	0	0	0	0	0	0	0	0	3	0	0	0	1	0	0	0	0	0	0	0	0	0	0	0	0	0	0	0	0	0	0	0	0	0	0	0	0	0	0	0	0	0	0	0	0	0	0	0	0	0	0	0	0	0	0	0	0	0	0	0	0	0	
	60971	1	2	드래곤나이트용_대장군코스튬(강화판)_기간제_여	44356	1	69DDA0	43077	44078	0	86155	86171	39918	0	20064	0	911	0	Null	0	Null	0	25355	0	0	1	0	0	0	0	0	0	0	4	86	255	0	0	0	0	0	0	0	0	0	0	0	0	0	0	0	0	0	0	0	0	0	0	0	0	0	0	0	0	2	0	1	0	0	0	0	0	0	99	0	42	2	100	0	31	5	100	0	49	2	100	0	47	2	100	0	32	1	10	0	0	0	0	0	0	0	0	0	0	0	0	0	0	0	0	0	0	0	0	0	3	0	0	0	1	0	0	0	0	0	0	0	0	0	0	0	0	0	0	0	0	0	0	0	0	0	0	0	0	0	0	0	0	0	0	0	0	0	0	0	0	0	0	0	0	0	0	0	0	0	0	0	0	0	
	60972	1	2	발키리용_대장군코스튬(강화판)_기간제_여	44357	1	69DDA0	43077	44078	0	86155	86171	39918	0	20064	0	911	0	Null	0	Null	0	25355	0	0	1	0	0	0	0	0	0	0	4	86	255	0	0	0	0	0	0	0	0	0	0	0	0	0	0	0	0	0	0	0	0	0	0	0	0	0	0	0	0	2	0	0	0	1	0	0	0	0	99	0	42	2	100	0	31	5	100	0	49	2	100	0	47	2	100	0	32	1	10	0	0	0	0	0	0	0	0	0	0	0	0	0	0	0	0	0	0	0	0	0	3	0	0	0	1	0	0	0	0	0	0	0	0	0	0	0	0	0	0	0	0	0	0	0	0	0	0	0	0	0	0	0	0	0	0	0	0	0	0	0	0	0	0	0	0	0	0	0	0	0	0	0	0	0	
	60973	1	2	엘리용_대장군코스튬(강화판)_기간제_여	44358	1	69DDA0	43077	44078	0	86156	86172	39918	0	20064	0	911	0	Null	0	Null	0	25355	0	0	1	0	0	0	0	0	0	0	4	86	255	0	0	0	0	0	0	0	0	0	0	0	0	0	0	0	0	0	0	0	0	0	0	0	0	0	0	0	0	2	0	0	0	0	1	0	0	0	99	0	42	2	100	0	31	5	100	0	49	2	100	0	47	2	100	0	32	1	10	0	0	0	0	0	0	0	0	0	0	0	0	0	0	0	0	0	0	0	0	0	3	0	0	0	1	0	0	0	0	0	0	0	0	0	0	0	0	0	0	0	0	0	0	0	0	0	0	0	0	0	0	0	0	0	0	0	0	0	0	0	0	0	0	0	0	0	0	0	0	0	0	0	0	0	
	60974	1	2	섀도우용_대장군코스튬(강화판)_기간제_여	44359	1	69DDA0	43077	44078	0	86156	86172	39918	0	20064	0	911	0	Null	0	Null	0	25355	0	0	1	0	0	0	0	0	0	0	4	86	255	0	0	0	0	0	0	0	0	0	0	0	0	0	0	0	0	0	0	0	0	0	0	0	0	0	0	0	0	2	0	0	1	0	0	0	0	0	99	0	42	2	100	0	31	5	100	0	49	2	100	0	47	2	100	0	32	1	10	0	0	0	0	0	0	0	0	0	0	0	0	0	0	0	0	0	0	0	0	0	3	0	0	0	1	0	0	0	0	0	0	0	0	0	0	0	0	0	0	0	0	0	0	0	0	0	0	0	0	0	0	0	0	0	0	0	0	0	0	0	0	0	0	0	0	0	0	0	0	0	0	0	0	0	
	60975	1	0	버서커용_천하대장군코스튬(강화판)_영구_남	44363	1	69DDA0	43077	44079	86177	0	86184	39918	0	20064	0	911	0	Null	0	Null	0	25355	0	0	1	0	0	0	0	0	0	0	4	6	255	0	0	0	0	0	0	0	0	0	0	0	0	0	0	0	0	0	0	0	0	0	0	0	0	0	0	0	0	1	1	0	0	0	0	0	0	0	99	0	42	2	100	0	31	5	100	0	49	2	100	0	47	2	100	0	32	1	10	0	0	0	0	0	0	0	0	0	0	0	0	0	0	0	0	0	0	0	0	0	3	0	0	0	1	0	0	0	0	0	0	0	0	0	0	0	0	0	0	0	0	0	0	0	0	0	0	0	0	0	0	0	0	0	0	0	0	0	0	0	0	0	0	0	0	0	0	0	0	0	0	0	0	0	
	60976	1	0	드래곤나이트용_천하대장군코스튬(강화판)_영구_남	44364	1	69DDA0	43077	44079	86178	0	86185	39918	0	20064	0	911	0	Null	0	Null	0	25355	0	0	1	0	0	0	0	0	0	0	4	6	255	0	0	0	0	0	0	0	0	0	0	0	0	0	0	0	0	0	0	0	0	0	0	0	0	0	0	0	0	1	0	1	0	0	0	0	0	0	99	0	42	2	100	0	31	5	100	0	49	2	100	0	47	2	100	0	32	1	10	0	0	0	0	0	0	0	0	0	0	0	0	0	0	0	0	0	0	0	0	0	3	0	0	0	1	0	0	0	0	0	0	0	0	0	0	0	0	0	0	0	0	0	0	0	0	0	0	0	0	0	0	0	0	0	0	0	0	0	0	0	0	0	0	0	0	0	0	0	0	0	0	0	0	0	
	60977	1	0	발키리용_천하대장군코스튬(강화판)_영구_남	44365	1	69DDA0	43077	44079	86178	0	86185	39918	0	20064	0	911	0	Null	0	Null	0	25355	0	0	1	0	0	0	0	0	0	0	4	6	255	0	0	0	0	0	0	0	0	0	0	0	0	0	0	0	0	0	0	0	0	0	0	0	0	0	0	0	0	1	0	0	0	1	0	0	0	0	99	0	42	2	100	0	31	5	100	0	49	2	100	0	47	2	100	0	32	1	10	0	0	0	0	0	0	0	0	0	0	0	0	0	0	0	0	0	0	0	0	0	3	0	0	0	1	0	0	0	0	0	0	0	0	0	0	0	0	0	0	0	0	0	0	0	0	0	0	0	0	0	0	0	0	0	0	0	0	0	0	0	0	0	0	0	0	0	0	0	0	0	0	0	0	0	
	60978	1	0	엘리용_천하대장군코스튬(강화판)_영구_남	44366	1	69DDA0	43077	44079	86181	0	86188	39918	0	20064	0	911	0	Null	0	Null	0	25355	0	0	1	0	0	0	0	0	0	0	4	6	255	0	0	0	0	0	0	0	0	0	0	0	0	0	0	0	0	0	0	0	0	0	0	0	0	0	0	0	0	1	0	0	0	0	1	0	0	0	99	0	42	2	100	0	31	5	100	0	49	2	100	0	47	2	100	0	32	1	10	0	0	0	0	0	0	0	0	0	0	0	0	0	0	0	0	0	0	0	0	0	3	0	0	0	1	0	0	0	0	0	0	0	0	0	0	0	0	0	0	0	0	0	0	0	0	0	0	0	0	0	0	0	0	0	0	0	0	0	0	0	0	0	0	0	0	0	0	0	0	0	0	0	0	0	
	60979	1	0	섀도우용_천하대장군코스튬(강화판)_영구_남	44367	1	69DDA0	43077	44079	86181	0	86188	39918	0	20064	0	911	0	Null	0	Null	0	25355	0	0	1	0	0	0	0	0	0	0	4	6	255	0	0	0	0	0	0	0	0	0	0	0	0	0	0	0	0	0	0	0	0	0	0	0	0	0	0	0	0	1	0	0	1	0	0	0	0	0	99	0	42	2	100	0	31	5	100	0	49	2	100	0	47	2	100	0	32	1	10	0	0	0	0	0	0	0	0	0	0	0	0	0	0	0	0	0	0	0	0	0	3	0	0	0	1	0	0	0	0	0	0	0	0	0	0	0	0	0	0	0	0	0	0	0	0	0	0	0	0	0	0	0	0	0	0	0	0	0	0	0	0	0	0	0	0	0	0	0	0	0	0	0	0	0	
	60980	1	0	미스틱용_천하대장군코스튬(강화판)_영구	44368	1	69DDA0	43077	44078	0	86182	86189	39918	0	20064	0	911	0	Null	0	Null	0	25355	0	0	1	0	0	0	0	0	0	0	4	6	255	0	0	0	0	0	0	0	0	0	0	0	0	0	0	0	0	0	0	0	0	0	0	0	0	0	0	0	0	2	0	0	0	0	0	1	0	0	99	0	42	2	100	0	31	5	100	0	49	2	100	0	47	2	100	0	32	1	10	0	0	0	0	0	0	0	0	0	0	0	0	0	0	0	0	0	0	0	0	0	0	0	0	0	1	0	0	0	0	0	0	0	0	0	0	0	0	0	0	0	0	0	0	0	0	0	0	0	0	0	0	0	0	0	0	0	0	0	0	0	0	0	0	0	0	0	0	0	0	0	0	0	0	0	
	60981	1	0	위치블레이드용_천하대장군코스튬(강화판)_영구	44369	1	69DDA0	43077	44078	0	86183	86190	39918	0	20064	0	911	0	Null	0	Null	0	25355	0	0	1	0	0	0	0	0	0	0	4	6	255	0	0	0	0	0	0	0	0	0	0	0	0	0	0	0	0	0	0	0	0	0	0	0	0	0	0	0	0	2	0	0	0	0	0	0	0	1	99	0	42	2	100	0	31	5	100	0	49	2	100	0	47	2	100	0	32	1	10	0	0	0	0	0	0	0	0	0	0	0	0	0	0	0	0	0	0	0	0	0	0	0	0	0	1	0	0	0	0	0	0	0	0	0	0	0	0	0	0	0	0	0	0	0	0	0	0	0	0	0	0	0	0	0	0	0	0	0	0	0	0	0	0	0	0	0	0	0	0	0	0	0	0	0	
	60982	1	0	버서커용_천하대장군코스튬(강화판)_영구_여	44363	1	69DDA0	43077	44078	0	86179	86186	39918	0	20064	0	911	0	Null	0	Null	0	25355	0	0	1	0	0	0	0	0	0	0	4	6	255	0	0	0	0	0	0	0	0	0	0	0	0	0	0	0	0	0	0	0	0	0	0	0	0	0	0	0	0	2	1	0	0	0	0	0	0	0	99	0	42	2	100	0	31	5	100	0	49	2	100	0	47	2	100	0	32	1	10	0	0	0	0	0	0	0	0	0	0	0	0	0	0	0	0	0	0	0	0	0	3	0	0	0	1	0	0	0	0	0	0	0	0	0	0	0	0	0	0	0	0	0	0	0	0	0	0	0	0	0	0	0	0	0	0	0	0	0	0	0	0	0	0	0	0	0	0	0	0	0	0	0	0	0	
	60983	1	0	드래곤나이트용_천하대장군코스튬(강화판)_영구_여	44364	1	69DDA0	43077	44078	0	86179	86186	39918	0	20064	0	911	0	Null	0	Null	0	25355	0	0	1	0	0	0	0	0	0	0	4	6	255	0	0	0	0	0	0	0	0	0	0	0	0	0	0	0	0	0	0	0	0	0	0	0	0	0	0	0	0	2	0	1	0	0	0	0	0	0	99	0	42	2	100	0	31	5	100	0	49	2	100	0	47	2	100	0	32	1	10	0	0	0	0	0	0	0	0	0	0	0	0	0	0	0	0	0	0	0	0	0	3	0	0	0	1	0	0	0	0	0	0	0	0	0	0	0	0	0	0	0	0	0	0	0	0	0	0	0	0	0	0	0	0	0	0	0	0	0	0	0	0	0	0	0	0	0	0	0	0	0	0	0	0	0	
	60984	1	0	발키리용_천하대장군코스튬(강화판)_영구_여	44365	1	69DDA0	43077	44078	0	86179	86186	39918	0	20064	0	911	0	Null	0	Null	0	25355	0	0	1	0	0	0	0	0	0	0	4	6	255	0	0	0	0	0	0	0	0	0	0	0	0	0	0	0	0	0	0	0	0	0	0	0	0	0	0	0	0	2	0	0	0	1	0	0	0	0	99	0	42	2	100	0	31	5	100	0	49	2	100	0	47	2	100	0	32	1	10	0	0	0	0	0	0	0	0	0	0	0	0	0	0	0	0	0	0	0	0	0	3	0	0	0	1	0	0	0	0	0	0	0	0	0	0	0	0	0	0	0	0	0	0	0	0	0	0	0	0	0	0	0	0	0	0	0	0	0	0	0	0	0	0	0	0	0	0	0	0	0	0	0	0	0	
	60985	1	0	엘리용_천하대장군코스튬(강화판)_영구_여	44366	1	69DDA0	43077	44078	0	86180	86187	39918	0	20064	0	911	0	Null	0	Null	0	25355	0	0	1	0	0	0	0	0	0	0	4	6	255	0	0	0	0	0	0	0	0	0	0	0	0	0	0	0	0	0	0	0	0	0	0	0	0	0	0	0	0	2	0	0	0	0	1	0	0	0	99	0	42	2	100	0	31	5	100	0	49	2	100	0	47	2	100	0	32	1	10	0	0	0	0	0	0	0	0	0	0	0	0	0	0	0	0	0	0	0	0	0	3	0	0	0	1	0	0	0	0	0	0	0	0	0	0	0	0	0	0	0	0	0	0	0	0	0	0	0	0	0	0	0	0	0	0	0	0	0	0	0	0	0	0	0	0	0	0	0	0	0	0	0	0	0	
	60986	1	0	섀도우용_천하대장군코스튬(강화판)_영구_여	44367	1	69DDA0	43077	44078	0	86180	86187	39918	0	20064	0	911	0	Null	0	Null	0	25355	0	0	1	0	0	0	0	0	0	0	4	6	255	0	0	0	0	0	0	0	0	0	0	0	0	0	0	0	0	0	0	0	0	0	0	0	0	0	0	0	0	2	0	0	1	0	0	0	0	0	99	0	42	2	100	0	31	5	100	0	49	2	100	0	47	2	100	0	32	1	10	0	0	0	0	0	0	0	0	0	0	0	0	0	0	0	0	0	0	0	0	0	3	0	0	0	1	0	0	0	0	0	0	0	0	0	0	0	0	0	0	0	0	0	0	0	0	0	0	0	0	0	0	0	0	0	0	0	0	0	0	0	0	0	0	0	0	0	0	0	0	0	0	0	0	0	
	60987	1	2	버서커용_천하대장군코스튬(강화판)_기간제_남	44370	1	69DDA0	43077	44079	86177	0	86184	39918	0	20064	0	911	0	Null	0	Null	0	25355	0	0	1	0	0	0	0	0	0	0	4	86	255	0	0	0	0	0	0	0	0	0	0	0	0	0	0	0	0	0	0	0	0	0	0	0	0	0	0	0	0	1	1	0	0	0	0	0	0	0	99	0	42	2	100	0	31	5	100	0	49	2	100	0	47	2	100	0	32	1	10	0	0	0	0	0	0	0	0	0	0	0	0	0	0	0	0	0	0	0	0	0	3	0	0	0	1	0	0	0	0	0	0	0	0	0	0	0	0	0	0	0	0	0	0	0	0	0	0	0	0	0	0	0	0	0	0	0	0	0	0	0	0	0	0	0	0	0	0	0	0	0	0	0	0	0	
	60988	1	2	드래곤나이트용_천하대장군코스튬(강화판)_기간제_남	44371	1	69DDA0	43077	44079	86178	0	86185	39918	0	20064	0	911	0	Null	0	Null	0	25355	0	0	1	0	0	0	0	0	0	0	4	86	255	0	0	0	0	0	0	0	0	0	0	0	0	0	0	0	0	0	0	0	0	0	0	0	0	0	0	0	0	1	0	1	0	0	0	0	0	0	99	0	42	2	100	0	31	5	100	0	49	2	100	0	47	2	100	0	32	1	10	0	0	0	0	0	0	0	0	0	0	0	0	0	0	0	0	0	0	0	0	0	3	0	0	0	1	0	0	0	0	0	0	0	0	0	0	0	0	0	0	0	0	0	0	0	0	0	0	0	0	0	0	0	0	0	0	0	0	0	0	0	0	0	0	0	0	0	0	0	0	0	0	0	0	0	
	60989	1	2	발키리용_천하대장군코스튬(강화판)_기간제_남	44372	1	69DDA0	43077	44079	86178	0	86185	39918	0	20064	0	911	0	Null	0	Null	0	25355	0	0	1	0	0	0	0	0	0	0	4	86	255	0	0	0	0	0	0	0	0	0	0	0	0	0	0	0	0	0	0	0	0	0	0	0	0	0	0	0	0	1	0	0	0	1	0	0	0	0	99	0	42	2	100	0	31	5	100	0	49	2	100	0	47	2	100	0	32	1	10	0	0	0	0	0	0	0	0	0	0	0	0	0	0	0	0	0	0	0	0	0	3	0	0	0	1	0	0	0	0	0	0	0	0	0	0	0	0	0	0	0	0	0	0	0	0	0	0	0	0	0	0	0	0	0	0	0	0	0	0	0	0	0	0	0	0	0	0	0	0	0	0	0	0	0	
	60990	1	2	엘리용_천하대장군코스튬(강화판)_기간제_남	44373	1	69DDA0	43077	44079	86181	0	86188	39918	0	20064	0	911	0	Null	0	Null	0	25355	0	0	1	0	0	0	0	0	0	0	4	86	255	0	0	0	0	0	0	0	0	0	0	0	0	0	0	0	0	0	0	0	0	0	0	0	0	0	0	0	0	1	0	0	0	0	1	0	0	0	99	0	42	2	100	0	31	5	100	0	49	2	100	0	47	2	100	0	32	1	10	0	0	0	0	0	0	0	0	0	0	0	0	0	0	0	0	0	0	0	0	0	3	0	0	0	1	0	0	0	0	0	0	0	0	0	0	0	0	0	0	0	0	0	0	0	0	0	0	0	0	0	0	0	0	0	0	0	0	0	0	0	0	0	0	0	0	0	0	0	0	0	0	0	0	0	
	60991	1	2	섀도우용_천하대장군코스튬(강화판)_기간제_남	44374	1	69DDA0	43077	44079	86181	0	86188	39918	0	20064	0	911	0	Null	0	Null	0	25355	0	0	1	0	0	0	0	0	0	0	4	86	255	0	0	0	0	0	0	0	0	0	0	0	0	0	0	0	0	0	0	0	0	0	0	0	0	0	0	0	0	1	0	0	1	0	0	0	0	0	99	0	42	2	100	0	31	5	100	0	49	2	100	0	47	2	100	0	32	1	10	0	0	0	0	0	0	0	0	0	0	0	0	0	0	0	0	0	0	0	0	0	3	0	0	0	1	0	0	0	0	0	0	0	0	0	0	0	0	0	0	0	0	0	0	0	0	0	0	0	0	0	0	0	0	0	0	0	0	0	0	0	0	0	0	0	0	0	0	0	0	0	0	0	0	0	
	60992	1	2	미스틱용_천하대장군코스튬(강화판)_기간제	44375	1	69DDA0	43077	44078	0	86182	86189	39918	0	20064	0	911	0	Null	0	Null	0	25355	0	0	1	0	0	0	0	0	0	0	4	86	255	0	0	0	0	0	0	0	0	0	0	0	0	0	0	0	0	0	0	0	0	0	0	0	0	0	0	0	0	2	0	0	0	0	0	1	0	0	99	0	42	2	100	0	31	5	100	0	49	2	100	0	47	2	100	0	32	1	10	0	0	0	0	0	0	0	0	0	0	0	0	0	0	0	0	0	0	0	0	0	0	0	0	0	1	0	0	0	0	0	0	0	0	0	0	0	0	0	0	0	0	0	0	0	0	0	0	0	0	0	0	0	0	0	0	0	0	0	0	0	0	0	0	0	0	0	0	0	0	0	0	0	0	0	
	60993	1	2	위치블레이드용_천하대장군코스튬(강화판)_기간제	44376	1	69DDA0	43077	44078	0	86183	86190	39918	0	20064	0	911	0	Null	0	Null	0	25355	0	0	1	0	0	0	0	0	0	0	4	86	255	0	0	0	0	0	0	0	0	0	0	0	0	0	0	0	0	0	0	0	0	0	0	0	0	0	0	0	0	2	0	0	0	0	0	0	0	1	99	0	42	2	100	0	31	5	100	0	49	2	100	0	47	2	100	0	32	1	10	0	0	0	0	0	0	0	0	0	0	0	0	0	0	0	0	0	0	0	0	0	0	0	0	0	1	0	0	0	0	0	0	0	0	0	0	0	0	0	0	0	0	0	0	0	0	0	0	0	0	0	0	0	0	0	0	0	0	0	0	0	0	0	0	0	0	0	0	0	0	0	0	0	0	0	
	60994	1	2	버서커용_천하대장군코스튬(강화판)_기간제_여	44370	1	69DDA0	43077	44078	0	86179	86186	39918	0	20064	0	911	0	Null	0	Null	0	25355	0	0	1	0	0	0	0	0	0	0	4	86	255	0	0	0	0	0	0	0	0	0	0	0	0	0	0	0	0	0	0	0	0	0	0	0	0	0	0	0	0	2	1	0	0	0	0	0	0	0	99	0	42	2	100	0	31	5	100	0	49	2	100	0	47	2	100	0	32	1	10	0	0	0	0	0	0	0	0	0	0	0	0	0	0	0	0	0	0	0	0	0	3	0	0	0	1	0	0	0	0	0	0	0	0	0	0	0	0	0	0	0	0	0	0	0	0	0	0	0	0	0	0	0	0	0	0	0	0	0	0	0	0	0	0	0	0	0	0	0	0	0	0	0	0	0	
	60995	1	2	드래곤나이트용_천하대장군코스튬(강화판)_기간제_여	44371	1	69DDA0	43077	44078	0	86179	86186	39918	0	20064	0	911	0	Null	0	Null	0	25355	0	0	1	0	0	0	0	0	0	0	4	86	255	0	0	0	0	0	0	0	0	0	0	0	0	0	0	0	0	0	0	0	0	0	0	0	0	0	0	0	0	2	0	1	0	0	0	0	0	0	99	0	42	2	100	0	31	5	100	0	49	2	100	0	47	2	100	0	32	1	10	0	0	0	0	0	0	0	0	0	0	0	0	0	0	0	0	0	0	0	0	0	3	0	0	0	1	0	0	0	0	0	0	0	0	0	0	0	0	0	0	0	0	0	0	0	0	0	0	0	0	0	0	0	0	0	0	0	0	0	0	0	0	0	0	0	0	0	0	0	0	0	0	0	0	0	
	60996	1	2	발키리용_천하대장군코스튬(강화판)_기간제_여	44372	1	69DDA0	43077	44078	0	86179	86186	39918	0	20064	0	911	0	Null	0	Null	0	25355	0	0	1	0	0	0	0	0	0	0	4	86	255	0	0	0	0	0	0	0	0	0	0	0	0	0	0	0	0	0	0	0	0	0	0	0	0	0	0	0	0	2	0	0	0	1	0	0	0	0	99	0	42	2	100	0	31	5	100	0	49	2	100	0	47	2	100	0	32	1	10	0	0	0	0	0	0	0	0	0	0	0	0	0	0	0	0	0	0	0	0	0	3	0	0	0	1	0	0	0	0	0	0	0	0	0	0	0	0	0	0	0	0	0	0	0	0	0	0	0	0	0	0	0	0	0	0	0	0	0	0	0	0	0	0	0	0	0	0	0	0	0	0	0	0	0	
	60997	1	2	엘리용_천하대장군코스튬(강화판)_기간제_여	44373	1	69DDA0	43077	44078	0	86180	86187	39918	0	20064	0	911	0	Null	0	Null	0	25355	0	0	1	0	0	0	0	0	0	0	4	86	255	0	0	0	0	0	0	0	0	0	0	0	0	0	0	0	0	0	0	0	0	0	0	0	0	0	0	0	0	2	0	0	0	0	1	0	0	0	99	0	42	2	100	0	31	5	100	0	49	2	100	0	47	2	100	0	32	1	10	0	0	0	0	0	0	0	0	0	0	0	0	0	0	0	0	0	0	0	0	0	3	0	0	0	1	0	0	0	0	0	0	0	0	0	0	0	0	0	0	0	0	0	0	0	0	0	0	0	0	0	0	0	0	0	0	0	0	0	0	0	0	0	0	0	0	0	0	0	0	0	0	0	0	0	
	60998	1	2	섀도우용_천하대장군코스튬(강화판)_기간제_여	44374	1	69DDA0	43077	44078	0	86180	86187	39918	0	20064	0	911	0	Null	0	Null	0	25355	0	0	1	0	0	0	0	0	0	0	4	86	255	0	0	0	0	0	0	0	0	0	0	0	0	0	0	0	0	0	0	0	0	0	0	0	0	0	0	0	0	2	0	0	1	0	0	0	0	0	99	0	42	2	100	0	31	5	100	0	49	2	100	0	47	2	100	0	32	1	10	0	0	0	0	0	0	0	0	0	0	0	0	0	0	0	0	0	0	0	0	0	3	0	0	0	1	0	0	0	0	0	0	0	0	0	0	0	0	0	0	0	0	0	0	0	0	0	0	0	0	0	0	0	0	0	0	0	0	0	0	0	0	0	0	0	0	0	0	0	0	0	0	0	0	0	
	61257	1	0	버서커용_수영복코스튬_영구_남	43227	1	69DDA0	43077	44079	86217	0	86225	39918	0	20064	0	911	0	Null	0	Null	0	25355	0	0	1	0	0	0	0	0	0	0	4	6	255	0	0	0	0	0	0	0	0	0	0	0	0	0	0	0	0	0	0	0	0	0	0	0	0	0	0	0	0	1	1	0	0	0	0	0	0	0	99	0	49	2	100	0	47	2	100	0	32	1	7	0	0	0	0	0	0	0	0	0	0	0	0	0	0	0	0	0	0	0	0	0	0	0	0	0	0	0	0	0	0	0	0	0	1	0	0	0	0	0	0	0	0	0	0	0	0	0	0	0	0	0	0	0	0	0	0	0	0	0	0	0	0	0	0	0	0	0	0	0	0	0	0	0	0	0	0	0	0	0	0	0	0	0	
	61258	1	0	드래곤나이트용_수영복코스튬_영구_남	43228	1	69DDA0	43077	44079	86218	0	86226	39918	0	20064	0	911	0	Null	0	Null	0	25355	0	0	1	0	0	0	0	0	0	0	4	6	255	0	0	0	0	0	0	0	0	0	0	0	0	0	0	0	0	0	0	0	0	0	0	0	0	0	0	0	0	1	0	1	0	0	0	0	0	0	99	0	49	2	100	0	47	2	100	0	32	1	7	0	0	0	0	0	0	0	0	0	0	0	0	0	0	0	0	0	0	0	0	0	0	0	0	0	0	0	0	0	0	0	0	0	1	0	0	0	0	0	0	0	0	0	0	0	0	0	0	0	0	0	0	0	0	0	0	0	0	0	0	0	0	0	0	0	0	0	0	0	0	0	0	0	0	0	0	0	0	0	0	0	0	0	
	61259	1	0	발키리용_수영복코스튬_영구_남	43229	1	69DDA0	43077	44079	86218	0	86226	39918	0	20064	0	911	0	Null	0	Null	0	25355	0	0	1	0	0	0	0	0	0	0	4	6	255	0	0	0	0	0	0	0	0	0	0	0	0	0	0	0	0	0	0	0	0	0	0	0	0	0	0	0	0	1	0	0	0	1	0	0	0	0	99	0	49	2	100	0	47	2	100	0	32	1	7	0	0	0	0	0	0	0	0	0	0	0	0	0	0	0	0	0	0	0	0	0	0	0	0	0	0	0	0	0	0	0	0	0	1	0	0	0	0	0	0	0	0	0	0	0	0	0	0	0	0	0	0	0	0	0	0	0	0	0	0	0	0	0	0	0	0	0	0	0	0	0	0	0	0	0	0	0	0	0	0	0	0	0	
	61260	1	0	엘리용_수영복코스튬_영구_남	43230	1	69DDA0	43077	44079	86221	0	86229	39918	0	20064	0	911	0	Null	0	Null	0	25355	0	0	1	0	0	0	0	0	0	0	4	6	255	0	0	0	0	0	0	0	0	0	0	0	0	0	0	0	0	0	0	0	0	0	0	0	0	0	0	0	0	1	0	0	0	0	1	0	0	0	99	0	49	2	100	0	47	2	100	0	32	1	7	0	0	0	0	0	0	0	0	0	0	0	0	0	0	0	0	0	0	0	0	0	0	0	0	0	0	0	0	0	0	0	0	0	1	0	0	0	0	0	0	0	0	0	0	0	0	0	0	0	0	0	0	0	0	0	0	0	0	0	0	0	0	0	0	0	0	0	0	0	0	0	0	0	0	0	0	0	0	0	0	0	0	0	
	61261	1	0	섀도우용_수영복코스튬_영구_남	43231	1	69DDA0	43077	44079	86221	0	86229	39918	0	20064	0	911	0	Null	0	Null	0	25355	0	0	1	0	0	0	0	0	0	0	4	6	255	0	0	0	0	0	0	0	0	0	0	0	0	0	0	0	0	0	0	0	0	0	0	0	0	0	0	0	0	1	0	0	1	0	0	0	0	0	99	0	49	2	100	0	47	2	100	0	32	1	7	0	0	0	0	0	0	0	0	0	0	0	0	0	0	0	0	0	0	0	0	0	0	0	0	0	0	0	0	0	0	0	0	0	1	0	0	0	0	0	0	0	0	0	0	0	0	0	0	0	0	0	0	0	0	0	0	0	0	0	0	0	0	0	0	0	0	0	0	0	0	0	0	0	0	0	0	0	0	0	0	0	0	0	
	61262	1	0	미스틱용_수영복코스튬_영구	43232	1	69DDA0	43077	44078	0	86222	86230	39918	0	20064	0	911	0	Null	0	Null	0	25355	0	0	1	0	0	0	0	0	0	0	4	6	255	0	0	0	0	0	0	0	0	0	0	0	0	0	0	0	0	0	0	0	0	0	0	0	0	0	0	0	0	2	0	0	0	0	0	1	0	0	99	0	49	2	100	0	47	2	100	0	32	1	7	0	0	0	0	0	0	0	0	0	0	0	0	0	0	0	0	0	0	0	0	0	0	0	0	0	0	0	0	0	0	0	0	0	1	0	0	0	0	0	0	0	0	0	0	0	0	0	0	0	0	0	0	0	0	0	0	0	0	0	0	0	0	0	0	0	0	0	0	0	0	0	0	0	0	0	0	0	0	0	0	0	0	0	
	61263	1	0	헬로이드용_수영복코스튬_영구	43233	1	69DDA0	43077	44079	86223	0	86231	39918	0	20064	0	911	0	Null	0	Null	0	25355	0	0	1	0	0	0	0	0	0	0	4	6	255	0	0	0	0	0	0	0	0	0	0	0	0	0	0	0	0	0	0	0	0	0	0	0	0	0	0	0	0	1	0	0	0	0	0	0	1	0	99	0	49	2	100	0	47	2	100	0	32	1	7	0	0	0	0	0	0	0	0	0	0	0	0	0	0	0	0	0	0	0	0	0	0	0	0	0	0	0	0	0	0	0	0	0	1	0	0	0	0	0	0	0	0	0	0	0	0	0	0	0	0	0	0	0	0	0	0	0	0	0	0	0	0	0	0	0	0	0	0	0	0	0	0	0	0	0	0	0	0	0	0	0	0	0	
	61264	1	0	위치블레이드용_수영복코스튬_영구	43234	1	69DDA0	43077	44078	0	86224	86232	39918	0	20064	0	911	0	Null	0	Null	0	25355	0	0	1	0	0	0	0	0	0	0	4	6	255	0	0	0	0	0	0	0	0	0	0	0	0	0	0	0	0	0	0	0	0	0	0	0	0	0	0	0	0	2	0	0	0	0	0	0	0	1	99	0	49	2	100	0	47	2	100	0	32	1	7	0	0	0	0	0	0	0	0	0	0	0	0	0	0	0	0	0	0	0	0	0	0	0	0	0	0	0	0	0	0	0	0	0	1	0	0	0	0	0	0	0	0	0	0	0	0	0	0	0	0	0	0	0	0	0	0	0	0	0	0	0	0	0	0	0	0	0	0	0	0	0	0	0	0	0	0	0	0	0	0	0	0	0	
	61265	1	0	버서커용_수영복코스튬_영구_여	43227	1	69DDA0	43077	44078	0	86219	86227	39918	0	20064	0	911	0	Null	0	Null	0	25355	0	0	1	0	0	0	0	0	0	0	4	6	255	0	0	0	0	0	0	0	0	0	0	0	0	0	0	0	0	0	0	0	0	0	0	0	0	0	0	0	0	2	1	0	0	0	0	0	0	0	99	0	49	2	100	0	47	2	100	0	32	1	7	0	0	0	0	0	0	0	0	0	0	0	0	0	0	0	0	0	0	0	0	0	0	0	0	0	0	0	0	0	0	0	0	0	1	0	0	0	0	0	0	0	0	0	0	0	0	0	0	0	0	0	0	0	0	0	0	0	0	0	0	0	0	0	0	0	0	0	0	0	0	0	0	0	0	0	0	0	0	0	0	0	0	0	
	61266	1	0	드래곤나이트용_수영복코스튬_영구_여	43228	1	69DDA0	43077	44078	0	86219	86227	39918	0	20064	0	911	0	Null	0	Null	0	25355	0	0	1	0	0	0	0	0	0	0	4	6	255	0	0	0	0	0	0	0	0	0	0	0	0	0	0	0	0	0	0	0	0	0	0	0	0	0	0	0	0	2	0	1	0	0	0	0	0	0	99	0	49	2	100	0	47	2	100	0	32	1	7	0	0	0	0	0	0	0	0	0	0	0	0	0	0	0	0	0	0	0	0	0	0	0	0	0	0	0	0	0	0	0	0	0	1	0	0	0	0	0	0	0	0	0	0	0	0	0	0	0	0	0	0	0	0	0	0	0	0	0	0	0	0	0	0	0	0	0	0	0	0	0	0	0	0	0	0	0	0	0	0	0	0	0	
	61267	1	0	발키리용_수영복코스튬_영구_여	43229	1	69DDA0	43077	44078	0	86219	86227	39918	0	20064	0	911	0	Null	0	Null	0	25355	0	0	1	0	0	0	0	0	0	0	4	6	255	0	0	0	0	0	0	0	0	0	0	0	0	0	0	0	0	0	0	0	0	0	0	0	0	0	0	0	0	2	0	0	0	1	0	0	0	0	99	0	49	2	100	0	47	2	100	0	32	1	7	0	0	0	0	0	0	0	0	0	0	0	0	0	0	0	0	0	0	0	0	0	0	0	0	0	0	0	0	0	0	0	0	0	1	0	0	0	0	0	0	0	0	0	0	0	0	0	0	0	0	0	0	0	0	0	0	0	0	0	0	0	0	0	0	0	0	0	0	0	0	0	0	0	0	0	0	0	0	0	0	0	0	0	
	61268	1	0	엘리용_수영복코스튬_영구_여	43230	1	69DDA0	43077	44078	0	86220	86228	39918	0	20064	0	911	0	Null	0	Null	0	25355	0	0	1	0	0	0	0	0	0	0	4	6	255	0	0	0	0	0	0	0	0	0	0	0	0	0	0	0	0	0	0	0	0	0	0	0	0	0	0	0	0	2	0	0	0	0	1	0	0	0	99	0	49	2	100	0	47	2	100	0	32	1	7	0	0	0	0	0	0	0	0	0	0	0	0	0	0	0	0	0	0	0	0	0	0	0	0	0	0	0	0	0	0	0	0	0	1	0	0	0	0	0	0	0	0	0	0	0	0	0	0	0	0	0	0	0	0	0	0	0	0	0	0	0	0	0	0	0	0	0	0	0	0	0	0	0	0	0	0	0	0	0	0	0	0	0	
	61269	1	0	섀도우용_수영복코스튬_영구_여	43231	1	69DDA0	43077	44078	0	86220	86228	39918	0	20064	0	911	0	Null	0	Null	0	25355	0	0	1	0	0	0	0	0	0	0	4	6	255	0	0	0	0	0	0	0	0	0	0	0	0	0	0	0	0	0	0	0	0	0	0	0	0	0	0	0	0	2	0	0	1	0	0	0	0	0	99	0	49	2	100	0	47	2	100	0	32	1	7	0	0	0	0	0	0	0	0	0	0	0	0	0	0	0	0	0	0	0	0	0	0	0	0	0	0	0	0	0	0	0	0	0	1	0	0	0	0	0	0	0	0	0	0	0	0	0	0	0	0	0	0	0	0	0	0	0	0	0	0	0	0	0	0	0	0	0	0	0	0	0	0	0	0	0	0	0	0	0	0	0	0	0	
	61270	1	2	버서커용_수영복코스튬_기간제_남	43235	1	69DDA0	43077	44079	86217	0	86225	39918	0	20064	0	911	0	Null	0	Null	0	25355	0	0	1	0	0	0	0	0	0	0	4	86	255	0	0	0	0	0	0	0	0	0	0	0	0	0	0	0	0	0	0	0	0	0	0	0	0	0	0	0	0	1	1	0	0	0	0	0	0	0	99	0	49	2	100	0	47	2	100	0	32	1	7	0	0	0	0	0	0	0	0	0	0	0	0	0	0	0	0	0	0	0	0	0	0	0	0	0	0	0	0	0	0	0	0	0	1	0	0	0	0	0	0	0	0	0	0	0	0	0	0	0	0	0	0	0	0	0	0	0	0	0	0	0	0	0	0	0	0	0	0	0	0	0	0	0	0	0	0	0	0	0	0	0	0	0	
	61271	1	2	드래곤나이트용_수영복코스튬_기간제_남	43236	1	69DDA0	43077	44079	86218	0	86226	39918	0	20064	0	911	0	Null	0	Null	0	25355	0	0	1	0	0	0	0	0	0	0	4	86	255	0	0	0	0	0	0	0	0	0	0	0	0	0	0	0	0	0	0	0	0	0	0	0	0	0	0	0	0	1	0	1	0	0	0	0	0	0	99	0	49	2	100	0	47	2	100	0	32	1	7	0	0	0	0	0	0	0	0	0	0	0	0	0	0	0	0	0	0	0	0	0	0	0	0	0	0	0	0	0	0	0	0	0	1	0	0	0	0	0	0	0	0	0	0	0	0	0	0	0	0	0	0	0	0	0	0	0	0	0	0	0	0	0	0	0	0	0	0	0	0	0	0	0	0	0	0	0	0	0	0	0	0	0	
	61272	1	2	발키리용_수영복코스튬_기간제_남	43237	1	69DDA0	43077	44079	86218	0	86226	39918	0	20064	0	911	0	Null	0	Null	0	25355	0	0	1	0	0	0	0	0	0	0	4	86	255	0	0	0	0	0	0	0	0	0	0	0	0	0	0	0	0	0	0	0	0	0	0	0	0	0	0	0	0	1	0	0	0	1	0	0	0	0	99	0	49	2	100	0	47	2	100	0	32	1	7	0	0	0	0	0	0	0	0	0	0	0	0	0	0	0	0	0	0	0	0	0	0	0	0	0	0	0	0	0	0	0	0	0	1	0	0	0	0	0	0	0	0	0	0	0	0	0	0	0	0	0	0	0	0	0	0	0	0	0	0	0	0	0	0	0	0	0	0	0	0	0	0	0	0	0	0	0	0	0	0	0	0	0	
	61273	1	2	엘리용_수영복코스튬_기간제_남	43238	1	69DDA0	43077	44079	86221	0	86229	39918	0	20064	0	911	0	Null	0	Null	0	25355	0	0	1	0	0	0	0	0	0	0	4	86	255	0	0	0	0	0	0	0	0	0	0	0	0	0	0	0	0	0	0	0	0	0	0	0	0	0	0	0	0	1	0	0	0	0	1	0	0	0	99	0	49	2	100	0	47	2	100	0	32	1	7	0	0	0	0	0	0	0	0	0	0	0	0	0	0	0	0	0	0	0	0	0	0	0	0	0	0	0	0	0	0	0	0	0	1	0	0	0	0	0	0	0	0	0	0	0	0	0	0	0	0	0	0	0	0	0	0	0	0	0	0	0	0	0	0	0	0	0	0	0	0	0	0	0	0	0	0	0	0	0	0	0	0	0	
	61274	1	2	섀도우용_수영복코스튬_기간제_남	43239	1	69DDA0	43077	44079	86221	0	86229	39918	0	20064	0	911	0	Null	0	Null	0	25355	0	0	1	0	0	0	0	0	0	0	4	86	255	0	0	0	0	0	0	0	0	0	0	0	0	0	0	0	0	0	0	0	0	0	0	0	0	0	0	0	0	1	0	0	1	0	0	0	0	0	99	0	49	2	100	0	47	2	100	0	32	1	7	0	0	0	0	0	0	0	0	0	0	0	0	0	0	0	0	0	0	0	0	0	0	0	0	0	0	0	0	0	0	0	0	0	1	0	0	0	0	0	0	0	0	0	0	0	0	0	0	0	0	0	0	0	0	0	0	0	0	0	0	0	0	0	0	0	0	0	0	0	0	0	0	0	0	0	0	0	0	0	0	0	0	0	
	61275	1	2	미스틱용_수영복코스튬_기간제	43240	1	69DDA0	43077	44078	0	86222	86230	39918	0	20064	0	911	0	Null	0	Null	0	25355	0	0	1	0	0	0	0	0	0	0	4	86	255	0	0	0	0	0	0	0	0	0	0	0	0	0	0	0	0	0	0	0	0	0	0	0	0	0	0	0	0	2	0	0	0	0	0	1	0	0	99	0	49	2	100	0	47	2	100	0	32	1	7	0	0	0	0	0	0	0	0	0	0	0	0	0	0	0	0	0	0	0	0	0	0	0	0	0	0	0	0	0	0	0	0	0	1	0	0	0	0	0	0	0	0	0	0	0	0	0	0	0	0	0	0	0	0	0	0	0	0	0	0	0	0	0	0	0	0	0	0	0	0	0	0	0	0	0	0	0	0	0	0	0	0	0	
	61276	1	2	헬로이드용_수영복코스튬_기간제	43241	1	69DDA0	43077	44079	86223	0	86231	39918	0	20064	0	911	0	Null	0	Null	0	25355	0	0	1	0	0	0	0	0	0	0	4	86	255	0	0	0	0	0	0	0	0	0	0	0	0	0	0	0	0	0	0	0	0	0	0	0	0	0	0	0	0	1	0	0	0	0	0	0	1	0	99	0	49	2	100	0	47	2	100	0	32	1	7	0	0	0	0	0	0	0	0	0	0	0	0	0	0	0	0	0	0	0	0	0	0	0	0	0	0	0	0	0	0	0	0	0	1	0	0	0	0	0	0	0	0	0	0	0	0	0	0	0	0	0	0	0	0	0	0	0	0	0	0	0	0	0	0	0	0	0	0	0	0	0	0	0	0	0	0	0	0	0	0	0	0	0	
	61277	1	2	위치블레이드용_수영복코스튬_기간제	43242	1	69DDA0	43077	44078	0	86224	86232	39918	0	20064	0	911	0	Null	0	Null	0	25355	0	0	1	0	0	0	0	0	0	0	4	86	255	0	0	0	0	0	0	0	0	0	0	0	0	0	0	0	0	0	0	0	0	0	0	0	0	0	0	0	0	2	0	0	0	0	0	0	0	1	99	0	49	2	100	0	47	2	100	0	32	1	7	0	0	0	0	0	0	0	0	0	0	0	0	0	0	0	0	0	0	0	0	0	0	0	0	0	0	0	0	0	0	0	0	0	1	0	0	0	0	0	0	0	0	0	0	0	0	0	0	0	0	0	0	0	0	0	0	0	0	0	0	0	0	0	0	0	0	0	0	0	0	0	0	0	0	0	0	0	0	0	0	0	0	0	
	61278	1	2	버서커용_수영복코스튬_기간제_여	43235	1	69DDA0	43077	44078	0	86219	86227	39918	0	20064	0	911	0	Null	0	Null	0	25355	0	0	1	0	0	0	0	0	0	0	4	86	255	0	0	0	0	0	0	0	0	0	0	0	0	0	0	0	0	0	0	0	0	0	0	0	0	0	0	0	0	2	1	0	0	0	0	0	0	0	99	0	49	2	100	0	47	2	100	0	32	1	7	0	0	0	0	0	0	0	0	0	0	0	0	0	0	0	0	0	0	0	0	0	0	0	0	0	0	0	0	0	0	0	0	0	1	0	0	0	0	0	0	0	0	0	0	0	0	0	0	0	0	0	0	0	0	0	0	0	0	0	0	0	0	0	0	0	0	0	0	0	0	0	0	0	0	0	0	0	0	0	0	0	0	0	
	61279	1	2	드래곤나이트용_수영복코스튬_기간제_여	43236	1	69DDA0	43077	44078	0	86219	86227	39918	0	20064	0	911	0	Null	0	Null	0	25355	0	0	1	0	0	0	0	0	0	0	4	86	255	0	0	0	0	0	0	0	0	0	0	0	0	0	0	0	0	0	0	0	0	0	0	0	0	0	0	0	0	2	0	1	0	0	0	0	0	0	99	0	49	2	100	0	47	2	100	0	32	1	7	0	0	0	0	0	0	0	0	0	0	0	0	0	0	0	0	0	0	0	0	0	0	0	0	0	0	0	0	0	0	0	0	0	1	0	0	0	0	0	0	0	0	0	0	0	0	0	0	0	0	0	0	0	0	0	0	0	0	0	0	0	0	0	0	0	0	0	0	0	0	0	0	0	0	0	0	0	0	0	0	0	0	0	
	61280	1	2	발키리용_수영복코스튬_기간제_여	43237	1	69DDA0	43077	44078	0	86219	86227	39918	0	20064	0	911	0	Null	0	Null	0	25355	0	0	1	0	0	0	0	0	0	0	4	86	255	0	0	0	0	0	0	0	0	0	0	0	0	0	0	0	0	0	0	0	0	0	0	0	0	0	0	0	0	2	0	0	0	1	0	0	0	0	99	0	49	2	100	0	47	2	100	0	32	1	7	0	0	0	0	0	0	0	0	0	0	0	0	0	0	0	0	0	0	0	0	0	0	0	0	0	0	0	0	0	0	0	0	0	1	0	0	0	0	0	0	0	0	0	0	0	0	0	0	0	0	0	0	0	0	0	0	0	0	0	0	0	0	0	0	0	0	0	0	0	0	0	0	0	0	0	0	0	0	0	0	0	0	0	
	61281	1	2	엘리용_수영복코스튬_기간제_여	43238	1	69DDA0	43077	44078	0	86220	86228	39918	0	20064	0	911	0	Null	0	Null	0	25355	0	0	1	0	0	0	0	0	0	0	4	86	255	0	0	0	0	0	0	0	0	0	0	0	0	0	0	0	0	0	0	0	0	0	0	0	0	0	0	0	0	2	0	0	0	0	1	0	0	0	99	0	49	2	100	0	47	2	100	0	32	1	7	0	0	0	0	0	0	0	0	0	0	0	0	0	0	0	0	0	0	0	0	0	0	0	0	0	0	0	0	0	0	0	0	0	1	0	0	0	0	0	0	0	0	0	0	0	0	0	0	0	0	0	0	0	0	0	0	0	0	0	0	0	0	0	0	0	0	0	0	0	0	0	0	0	0	0	0	0	0	0	0	0	0	0	
	61282	1	2	섀도우용_수영복코스튬_기간제_여	43239	1	69DDA0	43077	44078	0	86220	86228	39918	0	20064	0	911	0	Null	0	Null	0	25355	0	0	1	0	0	0	0	0	0	0	4	86	255	0	0	0	0	0	0	0	0	0	0	0	0	0	0	0	0	0	0	0	0	0	0	0	0	0	0	0	0	2	0	0	1	0	0	0	0	0	99	0	49	2	100	0	47	2	100	0	32	1	7	0	0	0	0	0	0	0	0	0	0	0	0	0	0	0	0	0	0	0	0	0	0	0	0	0	0	0	0	0	0	0	0	0	1	0	0	0	0	0	0	0	0	0	0	0	0	0	0	0	0	0	0	0	0	0	0	0	0	0	0	0	0	0	0	0	0	0	0	0	0	0	0	0	0	0	0	0	0	0	0	0	0	0	
	61283	1	0	버서커용_수영복코스튬(강화판)_영구_남	43243	1	69DDA0	43077	44079	86217	0	86233	39918	0	20064	0	911	0	Null	0	Null	0	25355	0	0	1	0	0	0	0	0	0	0	4	6	255	0	0	0	0	0	0	0	0	0	0	0	0	0	0	0	0	0	0	0	0	0	0	0	0	0	0	0	0	1	1	0	0	0	0	0	0	0	99	0	42	2	100	0	31	5	100	0	49	2	100	0	47	2	100	0	32	1	10	0	0	0	0	0	0	0	0	0	0	0	0	0	0	0	0	0	0	0	0	0	0	0	0	0	1	0	0	0	0	0	0	0	0	0	0	0	0	0	0	0	0	0	0	0	0	0	0	0	0	0	0	0	0	0	0	0	0	0	0	0	0	0	0	0	0	0	0	0	0	0	0	0	0	0	
	61284	1	0	드래곤나이트용_수영복코스튬(강화판)_영구_남	43244	1	69DDA0	43077	44079	86218	0	86234	39918	0	20064	0	911	0	Null	0	Null	0	25355	0	0	1	0	0	0	0	0	0	0	4	6	255	0	0	0	0	0	0	0	0	0	0	0	0	0	0	0	0	0	0	0	0	0	0	0	0	0	0	0	0	1	0	1	0	0	0	0	0	0	99	0	42	2	100	0	31	5	100	0	49	2	100	0	47	2	100	0	32	1	10	0	0	0	0	0	0	0	0	0	0	0	0	0	0	0	0	0	0	0	0	0	0	0	0	0	1	0	0	0	0	0	0	0	0	0	0	0	0	0	0	0	0	0	0	0	0	0	0	0	0	0	0	0	0	0	0	0	0	0	0	0	0	0	0	0	0	0	0	0	0	0	0	0	0	0	
	61285	1	0	발키리용_수영복코스튬(강화판)_영구_남	43245	1	69DDA0	43077	44079	86218	0	86234	39918	0	20064	0	911	0	Null	0	Null	0	25355	0	0	1	0	0	0	0	0	0	0	4	6	255	0	0	0	0	0	0	0	0	0	0	0	0	0	0	0	0	0	0	0	0	0	0	0	0	0	0	0	0	1	0	0	0	1	0	0	0	0	99	0	42	2	100	0	31	5	100	0	49	2	100	0	47	2	100	0	32	1	10	0	0	0	0	0	0	0	0	0	0	0	0	0	0	0	0	0	0	0	0	0	0	0	0	0	1	0	0	0	0	0	0	0	0	0	0	0	0	0	0	0	0	0	0	0	0	0	0	0	0	0	0	0	0	0	0	0	0	0	0	0	0	0	0	0	0	0	0	0	0	0	0	0	0	0	
	61286	1	0	엘리용_수영복코스튬(강화판)_영구_남	43246	1	69DDA0	43077	44079	86221	0	86237	39918	0	20064	0	911	0	Null	0	Null	0	25355	0	0	1	0	0	0	0	0	0	0	4	6	255	0	0	0	0	0	0	0	0	0	0	0	0	0	0	0	0	0	0	0	0	0	0	0	0	0	0	0	0	1	0	0	0	0	1	0	0	0	99	0	42	2	100	0	31	5	100	0	49	2	100	0	47	2	100	0	32	1	10	0	0	0	0	0	0	0	0	0	0	0	0	0	0	0	0	0	0	0	0	0	0	0	0	0	1	0	0	0	0	0	0	0	0	0	0	0	0	0	0	0	0	0	0	0	0	0	0	0	0	0	0	0	0	0	0	0	0	0	0	0	0	0	0	0	0	0	0	0	0	0	0	0	0	0	
	61287	1	0	섀도우용_수영복코스튬(강화판)_영구_남	43247	1	69DDA0	43077	44079	86221	0	86237	39918	0	20064	0	911	0	Null	0	Null	0	25355	0	0	1	0	0	0	0	0	0	0	4	6	255	0	0	0	0	0	0	0	0	0	0	0	0	0	0	0	0	0	0	0	0	0	0	0	0	0	0	0	0	1	0	0	1	0	0	0	0	0	99	0	42	2	100	0	31	5	100	0	49	2	100	0	47	2	100	0	32	1	10	0	0	0	0	0	0	0	0	0	0	0	0	0	0	0	0	0	0	0	0	0	0	0	0	0	1	0	0	0	0	0	0	0	0	0	0	0	0	0	0	0	0	0	0	0	0	0	0	0	0	0	0	0	0	0	0	0	0	0	0	0	0	0	0	0	0	0	0	0	0	0	0	0	0	0	
	61288	1	0	미스틱용_수영복코스튬(강화판)_영구	43248	1	69DDA0	43077	44078	0	86222	86238	39918	0	20064	0	911	0	Null	0	Null	0	25355	0	0	1	0	0	0	0	0	0	0	4	6	255	0	0	0	0	0	0	0	0	0	0	0	0	0	0	0	0	0	0	0	0	0	0	0	0	0	0	0	0	2	0	0	0	0	0	1	0	0	99	0	42	2	100	0	31	5	100	0	49	2	100	0	47	2	100	0	32	1	10	0	0	0	0	0	0	0	0	0	0	0	0	0	0	0	0	0	0	0	0	0	0	0	0	0	1	0	0	0	0	0	0	0	0	0	0	0	0	0	0	0	0	0	0	0	0	0	0	0	0	0	0	0	0	0	0	0	0	0	0	0	0	0	0	0	0	0	0	0	0	0	0	0	0	0	
	61289	1	0	헬로이드용_수영복코스튬(강화판)_영구	43249	1	69DDA0	43077	44079	86223	0	86239	39918	0	20064	0	911	0	Null	0	Null	0	25355	0	0	1	0	0	0	0	0	0	0	4	6	255	0	0	0	0	0	0	0	0	0	0	0	0	0	0	0	0	0	0	0	0	0	0	0	0	0	0	0	0	1	0	0	0	0	0	0	1	0	99	0	42	2	100	0	31	5	100	0	49	2	100	0	47	2	100	0	32	1	10	0	0	0	0	0	0	0	0	0	0	0	0	0	0	0	0	0	0	0	0	0	0	0	0	0	1	0	0	0	0	0	0	0	0	0	0	0	0	0	0	0	0	0	0	0	0	0	0	0	0	0	0	0	0	0	0	0	0	0	0	0	0	0	0	0	0	0	0	0	0	0	0	0	0	0	
	61290	1	0	위치블레이드용_수영복코스튬(강화판)_영구	43250	1	69DDA0	43077	44078	0	86224	86240	39918	0	20064	0	911	0	Null	0	Null	0	25355	0	0	1	0	0	0	0	0	0	0	4	6	255	0	0	0	0	0	0	0	0	0	0	0	0	0	0	0	0	0	0	0	0	0	0	0	0	0	0	0	0	2	0	0	0	0	0	0	0	1	99	0	42	2	100	0	31	5	100	0	49	2	100	0	47	2	100	0	32	1	10	0	0	0	0	0	0	0	0	0	0	0	0	0	0	0	0	0	0	0	0	0	0	0	0	0	1	0	0	0	0	0	0	0	0	0	0	0	0	0	0	0	0	0	0	0	0	0	0	0	0	0	0	0	0	0	0	0	0	0	0	0	0	0	0	0	0	0	0	0	0	0	0	0	0	0	
	61291	1	0	버서커용_수영복코스튬(강화판)_영구_여	43243	1	69DDA0	43077	44078	0	86219	86235	39918	0	20064	0	911	0	Null	0	Null	0	25355	0	0	1	0	0	0	0	0	0	0	4	6	255	0	0	0	0	0	0	0	0	0	0	0	0	0	0	0	0	0	0	0	0	0	0	0	0	0	0	0	0	2	1	0	0	0	0	0	0	0	99	0	42	2	100	0	31	5	100	0	49	2	100	0	47	2	100	0	32	1	10	0	0	0	0	0	0	0	0	0	0	0	0	0	0	0	0	0	0	0	0	0	0	0	0	0	1	0	0	0	0	0	0	0	0	0	0	0	0	0	0	0	0	0	0	0	0	0	0	0	0	0	0	0	0	0	0	0	0	0	0	0	0	0	0	0	0	0	0	0	0	0	0	0	0	0	
	61292	1	0	드래곤나이트용_수영복코스튬(강화판)_영구_여	43244	1	69DDA0	43077	44078	0	86219	86235	39918	0	20064	0	911	0	Null	0	Null	0	25355	0	0	1	0	0	0	0	0	0	0	4	6	255	0	0	0	0	0	0	0	0	0	0	0	0	0	0	0	0	0	0	0	0	0	0	0	0	0	0	0	0	2	0	1	0	0	0	0	0	0	99	0	42	2	100	0	31	5	100	0	49	2	100	0	47	2	100	0	32	1	10	0	0	0	0	0	0	0	0	0	0	0	0	0	0	0	0	0	0	0	0	0	0	0	0	0	1	0	0	0	0	0	0	0	0	0	0	0	0	0	0	0	0	0	0	0	0	0	0	0	0	0	0	0	0	0	0	0	0	0	0	0	0	0	0	0	0	0	0	0	0	0	0	0	0	0	
	61293	1	0	발키리용_수영복코스튬(강화판)_영구_여	43245	1	69DDA0	43077	44078	0	86219	86235	39918	0	20064	0	911	0	Null	0	Null	0	25355	0	0	1	0	0	0	0	0	0	0	4	6	255	0	0	0	0	0	0	0	0	0	0	0	0	0	0	0	0	0	0	0	0	0	0	0	0	0	0	0	0	2	0	0	0	1	0	0	0	0	99	0	42	2	100	0	31	5	100	0	49	2	100	0	47	2	100	0	32	1	10	0	0	0	0	0	0	0	0	0	0	0	0	0	0	0	0	0	0	0	0	0	0	0	0	0	1	0	0	0	0	0	0	0	0	0	0	0	0	0	0	0	0	0	0	0	0	0	0	0	0	0	0	0	0	0	0	0	0	0	0	0	0	0	0	0	0	0	0	0	0	0	0	0	0	0	
	61294	1	0	엘리용_수영복코스튬(강화판)_영구_여	43246	1	69DDA0	43077	44078	0	86220	86236	39918	0	20064	0	911	0	Null	0	Null	0	25355	0	0	1	0	0	0	0	0	0	0	4	6	255	0	0	0	0	0	0	0	0	0	0	0	0	0	0	0	0	0	0	0	0	0	0	0	0	0	0	0	0	2	0	0	0	0	1	0	0	0	99	0	42	2	100	0	31	5	100	0	49	2	100	0	47	2	100	0	32	1	10	0	0	0	0	0	0	0	0	0	0	0	0	0	0	0	0	0	0	0	0	0	0	0	0	0	1	0	0	0	0	0	0	0	0	0	0	0	0	0	0	0	0	0	0	0	0	0	0	0	0	0	0	0	0	0	0	0	0	0	0	0	0	0	0	0	0	0	0	0	0	0	0	0	0	0	
	61295	1	0	섀도우용_수영복코스튬(강화판)_영구_여	43247	1	69DDA0	43077	44078	0	86220	86236	39918	0	20064	0	911	0	Null	0	Null	0	25355	0	0	1	0	0	0	0	0	0	0	4	6	255	0	0	0	0	0	0	0	0	0	0	0	0	0	0	0	0	0	0	0	0	0	0	0	0	0	0	0	0	2	0	0	1	0	0	0	0	0	99	0	42	2	100	0	31	5	100	0	49	2	100	0	47	2	100	0	32	1	10	0	0	0	0	0	0	0	0	0	0	0	0	0	0	0	0	0	0	0	0	0	0	0	0	0	1	0	0	0	0	0	0	0	0	0	0	0	0	0	0	0	0	0	0	0	0	0	0	0	0	0	0	0	0	0	0	0	0	0	0	0	0	0	0	0	0	0	0	0	0	0	0	0	0	0	
	61296	1	2	버서커용_수영복코스튬(강화판)_기간제_남	43251	1	69DDA0	43077	44079	86217	0	86233	39918	0	20064	0	911	0	Null	0	Null	0	25355	0	0	1	0	0	0	0	0	0	0	4	86	255	0	0	0	0	0	0	0	0	0	0	0	0	0	0	0	0	0	0	0	0	0	0	0	0	0	0	0	0	1	1	0	0	0	0	0	0	0	99	0	42	2	100	0	31	5	100	0	49	2	100	0	47	2	100	0	32	1	10	0	0	0	0	0	0	0	0	0	0	0	0	0	0	0	0	0	0	0	0	0	0	0	0	0	1	0	0	0	0	0	0	0	0	0	0	0	0	0	0	0	0	0	0	0	0	0	0	0	0	0	0	0	0	0	0	0	0	0	0	0	0	0	0	0	0	0	0	0	0	0	0	0	0	0	
	61297	1	2	드래곤나이트용_수영복코스튬(강화판)_기간제_남	43252	1	69DDA0	43077	44079	86218	0	86234	39918	0	20064	0	911	0	Null	0	Null	0	25355	0	0	1	0	0	0	0	0	0	0	4	86	255	0	0	0	0	0	0	0	0	0	0	0	0	0	0	0	0	0	0	0	0	0	0	0	0	0	0	0	0	1	0	1	0	0	0	0	0	0	99	0	42	2	100	0	31	5	100	0	49	2	100	0	47	2	100	0	32	1	10	0	0	0	0	0	0	0	0	0	0	0	0	0	0	0	0	0	0	0	0	0	0	0	0	0	1	0	0	0	0	0	0	0	0	0	0	0	0	0	0	0	0	0	0	0	0	0	0	0	0	0	0	0	0	0	0	0	0	0	0	0	0	0	0	0	0	0	0	0	0	0	0	0	0	0	
	61298	1	2	발키리용_수영복코스튬(강화판)_기간제_남	43253	1	69DDA0	43077	44079	86218	0	86234	39918	0	20064	0	911	0	Null	0	Null	0	25355	0	0	1	0	0	0	0	0	0	0	4	86	255	0	0	0	0	0	0	0	0	0	0	0	0	0	0	0	0	0	0	0	0	0	0	0	0	0	0	0	0	1	0	0	0	1	0	0	0	0	99	0	42	2	100	0	31	5	100	0	49	2	100	0	47	2	100	0	32	1	10	0	0	0	0	0	0	0	0	0	0	0	0	0	0	0	0	0	0	0	0	0	0	0	0	0	1	0	0	0	0	0	0	0	0	0	0	0	0	0	0	0	0	0	0	0	0	0	0	0	0	0	0	0	0	0	0	0	0	0	0	0	0	0	0	0	0	0	0	0	0	0	0	0	0	0	
	61299	1	2	엘리용_수영복코스튬(강화판)_기간제_남	43254	1	69DDA0	43077	44079	86221	0	86237	39918	0	20064	0	911	0	Null	0	Null	0	25355	0	0	1	0	0	0	0	0	0	0	4	86	255	0	0	0	0	0	0	0	0	0	0	0	0	0	0	0	0	0	0	0	0	0	0	0	0	0	0	0	0	1	0	0	0	0	1	0	0	0	99	0	42	2	100	0	31	5	100	0	49	2	100	0	47	2	100	0	32	1	10	0	0	0	0	0	0	0	0	0	0	0	0	0	0	0	0	0	0	0	0	0	0	0	0	0	1	0	0	0	0	0	0	0	0	0	0	0	0	0	0	0	0	0	0	0	0	0	0	0	0	0	0	0	0	0	0	0	0	0	0	0	0	0	0	0	0	0	0	0	0	0	0	0	0	0	
	61300	1	2	섀도우용_수영복코스튬(강화판)_기간제_남	43255	1	69DDA0	43077	44079	86221	0	86237	39918	0	20064	0	911	0	Null	0	Null	0	25355	0	0	1	0	0	0	0	0	0	0	4	86	255	0	0	0	0	0	0	0	0	0	0	0	0	0	0	0	0	0	0	0	0	0	0	0	0	0	0	0	0	1	0	0	1	0	0	0	0	0	99	0	42	2	100	0	31	5	100	0	49	2	100	0	47	2	100	0	32	1	10	0	0	0	0	0	0	0	0	0	0	0	0	0	0	0	0	0	0	0	0	0	0	0	0	0	1	0	0	0	0	0	0	0	0	0	0	0	0	0	0	0	0	0	0	0	0	0	0	0	0	0	0	0	0	0	0	0	0	0	0	0	0	0	0	0	0	0	0	0	0	0	0	0	0	0	
	61301	1	2	미스틱용_수영복코스튬(강화판)_기간제	43256	1	69DDA0	43077	44078	0	86222	86238	39918	0	20064	0	911	0	Null	0	Null	0	25355	0	0	1	0	0	0	0	0	0	0	4	86	255	0	0	0	0	0	0	0	0	0	0	0	0	0	0	0	0	0	0	0	0	0	0	0	0	0	0	0	0	2	0	0	0	0	0	1	0	0	99	0	42	2	100	0	31	5	100	0	49	2	100	0	47	2	100	0	32	1	10	0	0	0	0	0	0	0	0	0	0	0	0	0	0	0	0	0	0	0	0	0	0	0	0	0	1	0	0	0	0	0	0	0	0	0	0	0	0	0	0	0	0	0	0	0	0	0	0	0	0	0	0	0	0	0	0	0	0	0	0	0	0	0	0	0	0	0	0	0	0	0	0	0	0	0	
	61302	1	2	헬로이드용_수영복코스튬(강화판)_기간제	43257	1	69DDA0	43077	44079	86223	0	86239	39918	0	20064	0	911	0	Null	0	Null	0	25355	0	0	1	0	0	0	0	0	0	0	4	86	255	0	0	0	0	0	0	0	0	0	0	0	0	0	0	0	0	0	0	0	0	0	0	0	0	0	0	0	0	1	0	0	0	0	0	0	1	0	99	0	42	2	100	0	31	5	100	0	49	2	100	0	47	2	100	0	32	1	10	0	0	0	0	0	0	0	0	0	0	0	0	0	0	0	0	0	0	0	0	0	0	0	0	0	1	0	0	0	0	0	0	0	0	0	0	0	0	0	0	0	0	0	0	0	0	0	0	0	0	0	0	0	0	0	0	0	0	0	0	0	0	0	0	0	0	0	0	0	0	0	0	0	0	0	
	61303	1	2	위치블레이드용_수영복코스튬(강화판)_기간제	43258	1	69DDA0	43077	44078	0	86224	86240	39918	0	20064	0	911	0	Null	0	Null	0	25355	0	0	1	0	0	0	0	0	0	0	4	86	255	0	0	0	0	0	0	0	0	0	0	0	0	0	0	0	0	0	0	0	0	0	0	0	0	0	0	0	0	2	0	0	0	0	0	0	0	1	99	0	42	2	100	0	31	5	100	0	49	2	100	0	47	2	100	0	32	1	10	0	0	0	0	0	0	0	0	0	0	0	0	0	0	0	0	0	0	0	0	0	0	0	0	0	1	0	0	0	0	0	0	0	0	0	0	0	0	0	0	0	0	0	0	0	0	0	0	0	0	0	0	0	0	0	0	0	0	0	0	0	0	0	0	0	0	0	0	0	0	0	0	0	0	0	
	61304	1	2	버서커용_수영복코스튬(강화판)_기간제_여	43251	1	69DDA0	43077	44078	0	86219	86235	39918	0	20064	0	911	0	Null	0	Null	0	25355	0	0	1	0	0	0	0	0	0	0	4	86	255	0	0	0	0	0	0	0	0	0	0	0	0	0	0	0	0	0	0	0	0	0	0	0	0	0	0	0	0	2	1	0	0	0	0	0	0	0	99	0	42	2	100	0	31	5	100	0	49	2	100	0	47	2	100	0	32	1	10	0	0	0	0	0	0	0	0	0	0	0	0	0	0	0	0	0	0	0	0	0	0	0	0	0	1	0	0	0	0	0	0	0	0	0	0	0	0	0	0	0	0	0	0	0	0	0	0	0	0	0	0	0	0	0	0	0	0	0	0	0	0	0	0	0	0	0	0	0	0	0	0	0	0	0	
	61305	1	2	드래곤나이트용_수영복코스튬(강화판)_기간제_여	43252	1	69DDA0	43077	44078	0	86219	86235	39918	0	20064	0	911	0	Null	0	Null	0	25355	0	0	1	0	0	0	0	0	0	0	4	86	255	0	0	0	0	0	0	0	0	0	0	0	0	0	0	0	0	0	0	0	0	0	0	0	0	0	0	0	0	2	0	1	0	0	0	0	0	0	99	0	42	2	100	0	31	5	100	0	49	2	100	0	47	2	100	0	32	1	10	0	0	0	0	0	0	0	0	0	0	0	0	0	0	0	0	0	0	0	0	0	0	0	0	0	1	0	0	0	0	0	0	0	0	0	0	0	0	0	0	0	0	0	0	0	0	0	0	0	0	0	0	0	0	0	0	0	0	0	0	0	0	0	0	0	0	0	0	0	0	0	0	0	0	0	
	61306	1	2	발키리용_수영복코스튬(강화판)_기간제_여	43253	1	69DDA0	43077	44078	0	86219	86235	39918	0	20064	0	911	0	Null	0	Null	0	25355	0	0	1	0	0	0	0	0	0	0	4	86	255	0	0	0	0	0	0	0	0	0	0	0	0	0	0	0	0	0	0	0	0	0	0	0	0	0	0	0	0	2	0	0	0	1	0	0	0	0	99	0	42	2	100	0	31	5	100	0	49	2	100	0	47	2	100	0	32	1	10	0	0	0	0	0	0	0	0	0	0	0	0	0	0	0	0	0	0	0	0	0	0	0	0	0	1	0	0	0	0	0	0	0	0	0	0	0	0	0	0	0	0	0	0	0	0	0	0	0	0	0	0	0	0	0	0	0	0	0	0	0	0	0	0	0	0	0	0	0	0	0	0	0	0	0	
	61307	1	2	엘리용_수영복코스튬(강화판)_기간제_여	43254	1	69DDA0	43077	44078	0	86220	86236	39918	0	20064	0	911	0	Null	0	Null	0	25355	0	0	1	0	0	0	0	0	0	0	4	86	255	0	0	0	0	0	0	0	0	0	0	0	0	0	0	0	0	0	0	0	0	0	0	0	0	0	0	0	0	2	0	0	0	0	1	0	0	0	99	0	42	2	100	0	31	5	100	0	49	2	100	0	47	2	100	0	32	1	10	0	0	0	0	0	0	0	0	0	0	0	0	0	0	0	0	0	0	0	0	0	0	0	0	0	1	0	0	0	0	0	0	0	0	0	0	0	0	0	0	0	0	0	0	0	0	0	0	0	0	0	0	0	0	0	0	0	0	0	0	0	0	0	0	0	0	0	0	0	0	0	0	0	0	0	
	61308	1	2	섀도우용_수영복코스튬(강화판)_기간제_여	43255	1	69DDA0	43077	44078	0	86220	86236	39918	0	20064	0	911	0	Null	0	Null	0	25355	0	0	1	0	0	0	0	0	0	0	4	86	255	0	0	0	0	0	0	0	0	0	0	0	0	0	0	0	0	0	0	0	0	0	0	0	0	0	0	0	0	2	0	0	1	0	0	0	0	0	99	0	42	2	100	0	31	5	100	0	49	2	100	0	47	2	100	0	32	1	10	0	0	0	0	0	0	0	0	0	0	0	0	0	0	0	0	0	0	0	0	0	0	0	0	0	1	0	0	0	0	0	0	0	0	0	0	0	0	0	0	0	0	0	0	0	0	0	0	0	0	0	0	0	0	0	0	0	0	0	0	0	0	0	0	0	0	0	0	0	0	0	0	0	0	0	
//7월 SUMMER FESTIVAL 전용 거래불가형 코스튬 추가																																																																																																																																																																									
	61309	1	2	버서커용_수영복코스튬(강화판)_기간제_남	43251	1	69DDA0	43077	44079	86217	0	86233	39918	0	20064	0	911	0	Null	0	Null	0	25355	0	0	1	0	0	0	0	0	0	0	4	263	255	0	0	0	0	0	0	0	0	0	0	0	0	0	0	0	0	0	0	0	0	0	0	0	0	0	0	0	0	1	1	0	0	0	0	0	0	0	99	0	42	2	100	0	31	5	100	0	49	2	100	0	47	2	100	0	32	1	10	0	0	0	0	0	0	0	0	0	0	0	0	0	0	0	0	0	0	0	0	0	0	0	0	0	1	0	0	0	0	0	0	0	0	0	0	0	0	0	0	0	0	0	0	0	0	0	0	0	0	0	0	0	0	0	0	0	0	0	0	0	0	0	0	0	0	0	0	0	0	0	0	0	0	0	
	61310	1	2	드래곤나이트용_수영복코스튬(강화판)_기간제_남	43252	1	69DDA0	43077	44079	86218	0	86234	39918	0	20064	0	911	0	Null	0	Null	0	25355	0	0	1	0	0	0	0	0	0	0	4	263	255	0	0	0	0	0	0	0	0	0	0	0	0	0	0	0	0	0	0	0	0	0	0	0	0	0	0	0	0	1	0	1	0	0	0	0	0	0	99	0	42	2	100	0	31	5	100	0	49	2	100	0	47	2	100	0	32	1	10	0	0	0	0	0	0	0	0	0	0	0	0	0	0	0	0	0	0	0	0	0	0	0	0	0	1	0	0	0	0	0	0	0	0	0	0	0	0	0	0	0	0	0	0	0	0	0	0	0	0	0	0	0	0	0	0	0	0	0	0	0	0	0	0	0	0	0	0	0	0	0	0	0	0	0	
	61311	1	2	발키리용_수영복코스튬(강화판)_기간제_남	43253	1	69DDA0	43077	44079	86218	0	86234	39918	0	20064	0	911	0	Null	0	Null	0	25355	0	0	1	0	0	0	0	0	0	0	4	263	255	0	0	0	0	0	0	0	0	0	0	0	0	0	0	0	0	0	0	0	0	0	0	0	0	0	0	0	0	1	0	0	0	1	0	0	0	0	99	0	42	2	100	0	31	5	100	0	49	2	100	0	47	2	100	0	32	1	10	0	0	0	0	0	0	0	0	0	0	0	0	0	0	0	0	0	0	0	0	0	0	0	0	0	1	0	0	0	0	0	0	0	0	0	0	0	0	0	0	0	0	0	0	0	0	0	0	0	0	0	0	0	0	0	0	0	0	0	0	0	0	0	0	0	0	0	0	0	0	0	0	0	0	0	
	61312	1	2	엘리용_수영복코스튬(강화판)_기간제_남	43254	1	69DDA0	43077	44079	86221	0	86237	39918	0	20064	0	911	0	Null	0	Null	0	25355	0	0	1	0	0	0	0	0	0	0	4	263	255	0	0	0	0	0	0	0	0	0	0	0	0	0	0	0	0	0	0	0	0	0	0	0	0	0	0	0	0	1	0	0	0	0	1	0	0	0	99	0	42	2	100	0	31	5	100	0	49	2	100	0	47	2	100	0	32	1	10	0	0	0	0	0	0	0	0	0	0	0	0	0	0	0	0	0	0	0	0	0	0	0	0	0	1	0	0	0	0	0	0	0	0	0	0	0	0	0	0	0	0	0	0	0	0	0	0	0	0	0	0	0	0	0	0	0	0	0	0	0	0	0	0	0	0	0	0	0	0	0	0	0	0	0	
	61313	1	2	섀도우용_수영복코스튬(강화판)_기간제_남	43255	1	69DDA0	43077	44079	86221	0	86237	39918	0	20064	0	911	0	Null	0	Null	0	25355	0	0	1	0	0	0	0	0	0	0	4	263	255	0	0	0	0	0	0	0	0	0	0	0	0	0	0	0	0	0	0	0	0	0	0	0	0	0	0	0	0	1	0	0	1	0	0	0	0	0	99	0	42	2	100	0	31	5	100	0	49	2	100	0	47	2	100	0	32	1	10	0	0	0	0	0	0	0	0	0	0	0	0	0	0	0	0	0	0	0	0	0	0	0	0	0	1	0	0	0	0	0	0	0	0	0	0	0	0	0	0	0	0	0	0	0	0	0	0	0	0	0	0	0	0	0	0	0	0	0	0	0	0	0	0	0	0	0	0	0	0	0	0	0	0	0	
	61314	1	2	미스틱용_수영복코스튬(강화판)_기간제	43256	1	69DDA0	43077	44078	0	86222	86238	39918	0	20064	0	911	0	Null	0	Null	0	25355	0	0	1	0	0	0	0	0	0	0	4	263	255	0	0	0	0	0	0	0	0	0	0	0	0	0	0	0	0	0	0	0	0	0	0	0	0	0	0	0	0	2	0	0	0	0	0	1	0	0	99	0	42	2	100	0	31	5	100	0	49	2	100	0	47	2	100	0	32	1	10	0	0	0	0	0	0	0	0	0	0	0	0	0	0	0	0	0	0	0	0	0	0	0	0	0	1	0	0	0	0	0	0	0	0	0	0	0	0	0	0	0	0	0	0	0	0	0	0	0	0	0	0	0	0	0	0	0	0	0	0	0	0	0	0	0	0	0	0	0	0	0	0	0	0	0	
	61315	1	2	헬로이드용_수영복코스튬(강화판)_기간제	43257	1	69DDA0	43077	44079	86223	0	86239	39918	0	20064	0	911	0	Null	0	Null	0	25355	0	0	1	0	0	0	0	0	0	0	4	263	255	0	0	0	0	0	0	0	0	0	0	0	0	0	0	0	0	0	0	0	0	0	0	0	0	0	0	0	0	1	0	0	0	0	0	0	1	0	99	0	42	2	100	0	31	5	100	0	49	2	100	0	47	2	100	0	32	1	10	0	0	0	0	0	0	0	0	0	0	0	0	0	0	0	0	0	0	0	0	0	0	0	0	0	1	0	0	0	0	0	0	0	0	0	0	0	0	0	0	0	0	0	0	0	0	0	0	0	0	0	0	0	0	0	0	0	0	0	0	0	0	0	0	0	0	0	0	0	0	0	0	0	0	0	
	61316	1	2	위치블레이드용_수영복코스튬(강화판)_기간제	43258	1	69DDA0	43077	44078	0	86224	86240	39918	0	20064	0	911	0	Null	0	Null	0	25355	0	0	1	0	0	0	0	0	0	0	4	263	255	0	0	0	0	0	0	0	0	0	0	0	0	0	0	0	0	0	0	0	0	0	0	0	0	0	0	0	0	2	0	0	0	0	0	0	0	1	99	0	42	2	100	0	31	5	100	0	49	2	100	0	47	2	100	0	32	1	10	0	0	0	0	0	0	0	0	0	0	0	0	0	0	0	0	0	0	0	0	0	0	0	0	0	1	0	0	0	0	0	0	0	0	0	0	0	0	0	0	0	0	0	0	0	0	0	0	0	0	0	0	0	0	0	0	0	0	0	0	0	0	0	0	0	0	0	0	0	0	0	0	0	0	0	
	61317	1	2	버서커용_수영복코스튬(강화판)_기간제_여	43251	1	69DDA0	43077	44078	0	86219	86235	39918	0	20064	0	911	0	Null	0	Null	0	25355	0	0	1	0	0	0	0	0	0	0	4	263	255	0	0	0	0	0	0	0	0	0	0	0	0	0	0	0	0	0	0	0	0	0	0	0	0	0	0	0	0	2	1	0	0	0	0	0	0	0	99	0	42	2	100	0	31	5	100	0	49	2	100	0	47	2	100	0	32	1	10	0	0	0	0	0	0	0	0	0	0	0	0	0	0	0	0	0	0	0	0	0	0	0	0	0	1	0	0	0	0	0	0	0	0	0	0	0	0	0	0	0	0	0	0	0	0	0	0	0	0	0	0	0	0	0	0	0	0	0	0	0	0	0	0	0	0	0	0	0	0	0	0	0	0	0	
	61318	1	2	드래곤나이트용_수영복코스튬(강화판)_기간제_여	43252	1	69DDA0	43077	44078	0	86219	86235	39918	0	20064	0	911	0	Null	0	Null	0	25355	0	0	1	0	0	0	0	0	0	0	4	263	255	0	0	0	0	0	0	0	0	0	0	0	0	0	0	0	0	0	0	0	0	0	0	0	0	0	0	0	0	2	0	1	0	0	0	0	0	0	99	0	42	2	100	0	31	5	100	0	49	2	100	0	47	2	100	0	32	1	10	0	0	0	0	0	0	0	0	0	0	0	0	0	0	0	0	0	0	0	0	0	0	0	0	0	1	0	0	0	0	0	0	0	0	0	0	0	0	0	0	0	0	0	0	0	0	0	0	0	0	0	0	0	0	0	0	0	0	0	0	0	0	0	0	0	0	0	0	0	0	0	0	0	0	0	
	61319	1	2	발키리용_수영복코스튬(강화판)_기간제_여	43253	1	69DDA0	43077	44078	0	86219	86235	39918	0	20064	0	911	0	Null	0	Null	0	25355	0	0	1	0	0	0	0	0	0	0	4	263	255	0	0	0	0	0	0	0	0	0	0	0	0	0	0	0	0	0	0	0	0	0	0	0	0	0	0	0	0	2	0	0	0	1	0	0	0	0	99	0	42	2	100	0	31	5	100	0	49	2	100	0	47	2	100	0	32	1	10	0	0	0	0	0	0	0	0	0	0	0	0	0	0	0	0	0	0	0	0	0	0	0	0	0	1	0	0	0	0	0	0	0	0	0	0	0	0	0	0	0	0	0	0	0	0	0	0	0	0	0	0	0	0	0	0	0	0	0	0	0	0	0	0	0	0	0	0	0	0	0	0	0	0	0	
	61320	1	2	엘리용_수영복코스튬(강화판)_기간제_여	43254	1	69DDA0	43077	44078	0	86220	86236	39918	0	20064	0	911	0	Null	0	Null	0	25355	0	0	1	0	0	0	0	0	0	0	4	263	255	0	0	0	0	0	0	0	0	0	0	0	0	0	0	0	0	0	0	0	0	0	0	0	0	0	0	0	0	2	0	0	0	0	1	0	0	0	99	0	42	2	100	0	31	5	100	0	49	2	100	0	47	2	100	0	32	1	10	0	0	0	0	0	0	0	0	0	0	0	0	0	0	0	0	0	0	0	0	0	0	0	0	0	1	0	0	0	0	0	0	0	0	0	0	0	0	0	0	0	0	0	0	0	0	0	0	0	0	0	0	0	0	0	0	0	0	0	0	0	0	0	0	0	0	0	0	0	0	0	0	0	0	0	
	61321	1	2	섀도우용_수영복코스튬(강화판)_기간제_여	43255	1	69DDA0	43077	44078	0	86220	86236	39918	0	20064	0	911	0	Null	0	Null	0	25355	0	0	1	0	0	0	0	0	0	0	4	263	255	0	0	0	0	0	0	0	0	0	0	0	0	0	0	0	0	0	0	0	0	0	0	0	0	0	0	0	0	2	0	0	1	0	0	0	0	0	99	0	42	2	100	0	31	5	100	0	49	2	100	0	47	2	100	0	32	1	10	0	0	0	0	0	0	0	0	0	0	0	0	0	0	0	0	0	0	0	0	0	0	0	0	0	1	0	0	0	0	0	0	0	0	0	0	0	0	0	0	0	0	0	0	0	0	0	0	0	0	0	0	0	0	0	0	0	0	0	0	0	0	0	0	0	0	0	0	0	0	0	0	0	0	0	
//수영복외형변경을 위한 데이터 아이템(남여공용으로 사용하기 위해 추가)																																																																																																																																																																									
	61322	1	0	버서커용_수영복코스튬(강화판)	43251	1	69DDA0	43077	44079	86217	86219	86233	39918	0	20064	0	911	0	Null	0	Null	0	25355	0	0	1	0	0	0	0	0	0	0	4	263	255	0	0	0	0	0	0	0	0	0	0	0	0	0	0	0	0	0	0	0	0	0	0	0	0	0	0	0	0	1	1	0	0	0	0	0	0	0	99	0	42	2	100	0	31	5	100	0	49	2	100	0	47	2	100	0	32	1	10	0	0	0	0	0	0	0	0	0	0	0	0	0	0	0	0	0	0	0	0	0	0	0	0	0	1	0	0	0	0	0	0	0	0	0	0	0	0	0	0	0	0	0	0	0	0	0	0	0	0	0	0	0	0	0	0	0	0	0	0	0	0	0	0	0	0	0	0	0	0	0	0	0	0	0	
	61323	1	0	드래곤나이트용_수영복코스튬(강화판)	43252	1	69DDA0	43077	44079	86218	86219	86234	39918	0	20064	0	911	0	Null	0	Null	0	25355	0	0	1	0	0	0	0	0	0	0	4	263	255	0	0	0	0	0	0	0	0	0	0	0	0	0	0	0	0	0	0	0	0	0	0	0	0	0	0	0	0	1	0	1	0	0	0	0	0	0	99	0	42	2	100	0	31	5	100	0	49	2	100	0	47	2	100	0	32	1	10	0	0	0	0	0	0	0	0	0	0	0	0	0	0	0	0	0	0	0	0	0	0	0	0	0	1	0	0	0	0	0	0	0	0	0	0	0	0	0	0	0	0	0	0	0	0	0	0	0	0	0	0	0	0	0	0	0	0	0	0	0	0	0	0	0	0	0	0	0	0	0	0	0	0	0	
	61324	1	0	발키리용_수영복코스튬(강화판)	43253	1	69DDA0	43077	44079	86218	86219	86234	39918	0	20064	0	911	0	Null	0	Null	0	25355	0	0	1	0	0	0	0	0	0	0	4	263	255	0	0	0	0	0	0	0	0	0	0	0	0	0	0	0	0	0	0	0	0	0	0	0	0	0	0	0	0	1	0	0	0	1	0	0	0	0	99	0	42	2	100	0	31	5	100	0	49	2	100	0	47	2	100	0	32	1	10	0	0	0	0	0	0	0	0	0	0	0	0	0	0	0	0	0	0	0	0	0	0	0	0	0	1	0	0	0	0	0	0	0	0	0	0	0	0	0	0	0	0	0	0	0	0	0	0	0	0	0	0	0	0	0	0	0	0	0	0	0	0	0	0	0	0	0	0	0	0	0	0	0	0	0	
	61325	1	0	엘리용_수영복코스튬(강화판)	43254	1	69DDA0	43077	44079	86221	86220	86237	39918	0	20064	0	911	0	Null	0	Null	0	25355	0	0	1	0	0	0	0	0	0	0	4	263	255	0	0	0	0	0	0	0	0	0	0	0	0	0	0	0	0	0	0	0	0	0	0	0	0	0	0	0	0	1	0	0	0	0	1	0	0	0	99	0	42	2	100	0	31	5	100	0	49	2	100	0	47	2	100	0	32	1	10	0	0	0	0	0	0	0	0	0	0	0	0	0	0	0	0	0	0	0	0	0	0	0	0	0	1	0	0	0	0	0	0	0	0	0	0	0	0	0	0	0	0	0	0	0	0	0	0	0	0	0	0	0	0	0	0	0	0	0	0	0	0	0	0	0	0	0	0	0	0	0	0	0	0	0	
	61326	1	0	섀도우용_수영복코스튬(강화판)	43255	1	69DDA0	43077	44079	86221	86220	86237	39918	0	20064	0	911	0	Null	0	Null	0	25355	0	0	1	0	0	0	0	0	0	0	4	263	255	0	0	0	0	0	0	0	0	0	0	0	0	0	0	0	0	0	0	0	0	0	0	0	0	0	0	0	0	1	0	0	1	0	0	0	0	0	99	0	42	2	100	0	31	5	100	0	49	2	100	0	47	2	100	0	32	1	10	0	0	0	0	0	0	0	0	0	0	0	0	0	0	0	0	0	0	0	0	0	0	0	0	0	1	0	0	0	0	0	0	0	0	0	0	0	0	0	0	0	0	0	0	0	0	0	0	0	0	0	0	0	0	0	0	0	0	0	0	0	0	0	0	0	0	0	0	0	0	0	0	0	0	0	
	61327	1	0	헬로이드용_대장군코스튬_영구	44378	1	69DDA0	43077	44079	86241	0	86243	39918	0	20064	0	911	0	Null	0	Null	0	25355	0	0	1	0	0	0	0	0	0	0	4	6	255	0	0	0	0	0	0	0	0	0	0	0	0	0	0	0	0	0	0	0	0	0	0	0	0	0	0	0	0	1	0	0	0	0	0	0	1	0	99	0	49	2	100	0	47	2	100	0	32	1	7	0	0	0	0	0	0	0	0	0	0	0	0	0	0	0	0	0	0	0	0	0	0	0	0	0	0	0	0	0	3	0	0	0	1	0	0	0	0	0	0	0	0	0	0	0	0	0	0	0	0	0	0	0	0	0	0	0	0	0	0	0	0	0	0	0	0	0	0	0	0	0	0	0	0	0	0	0	0	0	0	0	0	0	
	61328	1	2	헬로이드용_대장군코스튬_기간제	44379	1	69DDA0	43077	44079	86241	0	86243	39918	0	20064	0	911	0	Null	0	Null	0	25355	0	0	1	0	0	0	0	0	0	0	4	86	255	0	0	0	0	0	0	0	0	0	0	0	0	0	0	0	0	0	0	0	0	0	0	0	0	0	0	0	0	1	0	0	0	0	0	0	1	0	99	0	49	2	100	0	47	2	100	0	32	1	7	0	0	0	0	0	0	0	0	0	0	0	0	0	0	0	0	0	0	0	0	0	0	0	0	0	0	0	0	0	3	0	0	0	1	0	0	0	0	0	0	0	0	0	0	0	0	0	0	0	0	0	0	0	0	0	0	0	0	0	0	0	0	0	0	0	0	0	0	0	0	0	0	0	0	0	0	0	0	0	0	0	0	0	
	61329	1	0	헬로이드용_천하대장군코스튬(강화판)_영구	44380	1	69DDA0	43077	44079	86242	0	86244	39918	0	20064	0	911	0	Null	0	Null	0	25355	0	0	1	0	0	0	0	0	0	0	4	6	255	0	0	0	0	0	0	0	0	0	0	0	0	0	0	0	0	0	0	0	0	0	0	0	0	0	0	0	0	1	0	0	0	0	0	0	1	0	99	0	42	2	100	0	31	5	100	0	49	2	100	0	47	2	100	0	32	1	10	0	0	0	0	0	0	0	0	0	0	0	0	0	0	0	0	0	0	0	0	0	3	0	0	0	1	0	0	0	0	0	0	0	0	0	0	0	0	0	0	0	0	0	0	0	0	0	0	0	0	0	0	0	0	0	0	0	0	0	0	0	0	0	0	0	0	0	0	0	0	0	0	0	0	0	
	61330	1	2	헬로이드용_천하대장군코스튬(강화판)_기간제	44381	1	69DDA0	43077	44079	86242	0	86244	39918	0	20064	0	911	0	Null	0	Null	0	25355	0	0	1	0	0	0	0	0	0	0	4	86	255	0	0	0	0	0	0	0	0	0	0	0	0	0	0	0	0	0	0	0	0	0	0	0	0	0	0	0	0	1	0	0	0	0	0	0	1	0	99	0	42	2	100	0	31	5	100	0	49	2	100	0	47	2	100	0	32	1	10	0	0	0	0	0	0	0	0	0	0	0	0	0	0	0	0	0	0	0	0	0	3	0	0	0	1	0	0	0	0	0	0	0	0	0	0	0	0	0	0	0	0	0	0	0	0	0	0	0	0	0	0	0	0	0	0	0	0	0	0	0	0	0	0	0	0	0	0	0	0	0	0	0	0	0	
//할로윈이벤트_코스튬추가(외형변경용도)																																																																																																																																																																									
	61331	1	0	버서커용_할로윈코스튬(강화판)	43251	1	69DDA0	43077	44079	86245	86247	86233	39918	0	20064	0	911	0	Null	0	Null	0	25355	0	0	1	0	0	0	0	0	0	0	4	263	255	0	0	0	0	0	0	0	0	0	0	0	0	0	0	0	0	0	0	0	0	0	0	0	0	0	0	0	0	1	1	0	0	0	0	0	0	0	99	0	42	2	100	0	31	5	100	0	49	2	100	0	47	2	100	0	32	1	10	0	0	0	0	0	0	0	0	0	0	0	0	0	0	0	0	0	0	0	0	0	3	3	0	0	1	0	0	0	0	0	0	0	0	0	0	0	0	0	0	0	0	0	0	0	0	0	0	0	0	0	0	0	0	0	0	0	0	0	0	0	0	0	0	0	0	0	0	0	0	0	0	0	0	0	
	61332	1	0	드래곤나이트용_할로윈코스튬(강화판)	43252	1	69DDA0	43077	44079	86246	86247	86234	39918	0	20064	0	911	0	Null	0	Null	0	25355	0	0	1	0	0	0	0	0	0	0	4	263	255	0	0	0	0	0	0	0	0	0	0	0	0	0	0	0	0	0	0	0	0	0	0	0	0	0	0	0	0	1	0	1	0	0	0	0	0	0	99	0	42	2	100	0	31	5	100	0	49	2	100	0	47	2	100	0	32	1	10	0	0	0	0	0	0	0	0	0	0	0	0	0	0	0	0	0	0	0	0	0	3	3	0	0	1	0	0	0	0	0	0	0	0	0	0	0	0	0	0	0	0	0	0	0	0	0	0	0	0	0	0	0	0	0	0	0	0	0	0	0	0	0	0	0	0	0	0	0	0	0	0	0	0	0	
	61333	1	0	발키리용_할로윈코스튬(강화판)	43253	1	69DDA0	43077	44079	86246	86247	86234	39918	0	20064	0	911	0	Null	0	Null	0	25355	0	0	1	0	0	0	0	0	0	0	4	263	255	0	0	0	0	0	0	0	0	0	0	0	0	0	0	0	0	0	0	0	0	0	0	0	0	0	0	0	0	1	0	0	0	1	0	0	0	0	99	0	42	2	100	0	31	5	100	0	49	2	100	0	47	2	100	0	32	1	10	0	0	0	0	0	0	0	0	0	0	0	0	0	0	0	0	0	0	0	0	0	3	3	0	0	1	0	0	0	0	0	0	0	0	0	0	0	0	0	0	0	0	0	0	0	0	0	0	0	0	0	0	0	0	0	0	0	0	0	0	0	0	0	0	0	0	0	0	0	0	0	0	0	0	0	
	61334	1	0	엘리용_할로윈코스튬(강화판)	43254	1	69DDA0	43077	44079	86249	86248	86237	39918	0	20064	0	911	0	Null	0	Null	0	25355	0	0	1	0	0	0	0	0	0	0	4	263	255	0	0	0	0	0	0	0	0	0	0	0	0	0	0	0	0	0	0	0	0	0	0	0	0	0	0	0	0	1	0	0	0	0	1	0	0	0	99	0	42	2	100	0	31	5	100	0	49	2	100	0	47	2	100	0	32	1	10	0	0	0	0	0	0	0	0	0	0	0	0	0	0	0	0	0	0	0	0	0	3	3	0	0	1	0	0	0	0	0	0	0	0	0	0	0	0	0	0	0	0	0	0	0	0	0	0	0	0	0	0	0	0	0	0	0	0	0	0	0	0	0	0	0	0	0	0	0	0	0	0	0	0	0	
	61335	1	0	섀도우용_할로윈코스튬(강화판)	43255	1	69DDA0	43077	44079	86249	86248	86237	39918	0	20064	0	911	0	Null	0	Null	0	25355	0	0	1	0	0	0	0	0	0	0	4	263	255	0	0	0	0	0	0	0	0	0	0	0	0	0	0	0	0	0	0	0	0	0	0	0	0	0	0	0	0	1	0	0	1	0	0	0	0	0	99	0	42	2	100	0	31	5	100	0	49	2	100	0	47	2	100	0	32	1	10	0	0	0	0	0	0	0	0	0	0	0	0	0	0	0	0	0	0	0	0	0	3	3	0	0	1	0	0	0	0	0	0	0	0	0	0	0	0	0	0	0	0	0	0	0	0	0	0	0	0	0	0	0	0	0	0	0	0	0	0	0	0	0	0	0	0	0	0	0	0	0	0	0	0	0	
	61336	1	0	미스틱용_할로윈코스튬(강화판)	43256	1	69DDA0	43077	44078	0	86250	86238	39918	0	20064	0	911	0	Null	0	Null	0	25355	0	0	1	0	0	0	0	0	0	0	4	263	255	0	0	0	0	0	0	0	0	0	0	0	0	0	0	0	0	0	0	0	0	0	0	0	0	0	0	0	0	2	0	0	0	0	0	1	0	0	99	0	42	2	100	0	31	5	100	0	49	2	100	0	47	2	100	0	32	1	10	0	0	0	0	0	0	0	0	0	0	0	0	0	0	0	0	0	0	0	0	0	3	3	0	0	1	0	0	0	0	0	0	0	0	0	0	0	0	0	0	0	0	0	0	0	0	0	0	0	0	0	0	0	0	0	0	0	0	0	0	0	0	0	0	0	0	0	0	0	0	0	0	0	0	0	
	61337	1	0	헬로이드용_할로윈코스튬(강화판)	43257	1	69DDA0	43077	44079	86251	0	86239	39918	0	20064	0	911	0	Null	0	Null	0	25355	0	0	1	0	0	0	0	0	0	0	4	263	255	0	0	0	0	0	0	0	0	0	0	0	0	0	0	0	0	0	0	0	0	0	0	0	0	0	0	0	0	1	0	0	0	0	0	0	1	0	99	0	42	2	100	0	31	5	100	0	49	2	100	0	47	2	100	0	32	1	10	0	0	0	0	0	0	0	0	0	0	0	0	0	0	0	0	0	0	0	0	0	3	3	0	0	1	0	0	0	0	0	0	0	0	0	0	0	0	0	0	0	0	0	0	0	0	0	0	0	0	0	0	0	0	0	0	0	0	0	0	0	0	0	0	0	0	0	0	0	0	0	0	0	0	0	
	61338	1	0	위치블레이드용_할로윈코스튬(강화판)	43258	1	69DDA0	43077	44078	0	86252	86240	39918	0	20064	0	911	0	Null	0	Null	0	25355	0	0	1	0	0	0	0	0	0	0	4	263	255	0	0	0	0	0	0	0	0	0	0	0	0	0	0	0	0	0	0	0	0	0	0	0	0	0	0	0	0	2	0	0	0	0	0	0	0	1	99	0	42	2	100	0	31	5	100	0	49	2	100	0	47	2	100	0	32	1	10	0	0	0	0	0	0	0	0	0	0	0	0	0	0	0	0	0	0	0	0	0	0	0	0	0	1	0	0	0	0	0	0	0	0	0	0	0	0	0	0	0	0	0	0	0	0	0	0	0	0	0	0	0	0	0	0	0	0	0	0	0	0	0	0	0	0	0	0	0	0	0	0	0	0	0	
//	61339	1	0	버서커용_크리스마스코스튬_영구_남	44406	1	69DDA0	43077	44079	86261	86263	86275	39918	0	20064	0	911	0	Null	0	Null	0	25355	0	0	1	0	0	0	0	0	0	0	4	6	255	0	0	0	0	0	0	0	0	0	0	0	0	0	0	0	0	0	0	0	0	0	0	0	0	0	0	0	0	1	1	0	0	0	0	0	0	0	99	0	49	2	100	0	47	2	100	0	32	1	7	0	0	0	0	0	0	0	0	0	0	0	0	0	0	0	0	0	0	0	0	0	0	0	0	0	0	0	0	0	3	0	0	0	1	0	0	0	0	0	0	0	0	0	0	0	0	0	0	0	0	0	0	0	0	0	0	0	0	0	0	0	0	0	0	0	0	0	0	0	0	0	0	0	0	0	0	0	0	0	0	0	0	
//	61340	1	0	드래곤나이트용_크리스마스코스튬_영구_남	44407	1	69DDA0	43077	44079	86262	86263	86276	39918	0	20064	0	911	0	Null	0	Null	0	25355	0	0	1	0	0	0	0	0	0	0	4	6	255	0	0	0	0	0	0	0	0	0	0	0	0	0	0	0	0	0	0	0	0	0	0	0	0	0	0	0	0	1	0	1	0	0	0	0	0	0	99	0	49	2	100	0	47	2	100	0	32	1	7	0	0	0	0	0	0	0	0	0	0	0	0	0	0	0	0	0	0	0	0	0	0	0	0	0	0	0	0	0	3	0	0	0	1	0	0	0	0	0	0	0	0	0	0	0	0	0	0	0	0	0	0	0	0	0	0	0	0	0	0	0	0	0	0	0	0	0	0	0	0	0	0	0	0	0	0	0	0	0	0	0	0	
//	61341	1	0	발키리용_크리스마스코스튬_영구_남	44408	1	69DDA0	43077	44079	86262	86263	86277	39918	0	20064	0	911	0	Null	0	Null	0	25355	0	0	1	0	0	0	0	0	0	0	4	6	255	0	0	0	0	0	0	0	0	0	0	0	0	0	0	0	0	0	0	0	0	0	0	0	0	0	0	0	0	1	0	0	0	1	0	0	0	0	99	0	49	2	100	0	47	2	100	0	32	1	7	0	0	0	0	0	0	0	0	0	0	0	0	0	0	0	0	0	0	0	0	0	0	0	0	0	0	0	0	0	3	0	0	0	1	0	0	0	0	0	0	0	0	0	0	0	0	0	0	0	0	0	0	0	0	0	0	0	0	0	0	0	0	0	0	0	0	0	0	0	0	0	0	0	0	0	0	0	0	0	0	0	0	
//	61342	1	0	엘리용_크리스마스코스튬_영구_남	44409	1	69DDA0	43077	44079	86265	86264	86278	39918	0	20064	0	911	0	Null	0	Null	0	25355	0	0	1	0	0	0	0	0	0	0	4	6	255	0	0	0	0	0	0	0	0	0	0	0	0	0	0	0	0	0	0	0	0	0	0	0	0	0	0	0	0	1	0	0	0	0	1	0	0	0	99	0	49	2	100	0	47	2	100	0	32	1	7	0	0	0	0	0	0	0	0	0	0	0	0	0	0	0	0	0	0	0	0	0	0	0	0	0	0	0	0	0	3	0	0	0	1	0	0	0	0	0	0	0	0	0	0	0	0	0	0	0	0	0	0	0	0	0	0	0	0	0	0	0	0	0	0	0	0	0	0	0	0	0	0	0	0	0	0	0	0	0	0	0	0	
//	61343	1	0	섀도우용_크리스마스코스튬_영구_남	44410	1	69DDA0	43077	44079	86265	86264	86279	39918	0	20064	0	911	0	Null	0	Null	0	25355	0	0	1	0	0	0	0	0	0	0	4	6	255	0	0	0	0	0	0	0	0	0	0	0	0	0	0	0	0	0	0	0	0	0	0	0	0	0	0	0	0	1	0	0	1	0	0	0	0	0	99	0	49	2	100	0	47	2	100	0	32	1	7	0	0	0	0	0	0	0	0	0	0	0	0	0	0	0	0	0	0	0	0	0	0	0	0	0	0	0	0	0	3	0	0	0	1	0	0	0	0	0	0	0	0	0	0	0	0	0	0	0	0	0	0	0	0	0	0	0	0	0	0	0	0	0	0	0	0	0	0	0	0	0	0	0	0	0	0	0	0	0	0	0	0	
//	61344	1	0	미스틱용_크리스마스코스튬_영구	44411	1	69DDA0	43077	44078	86266	86266	86280	39918	0	20064	0	911	0	Null	0	Null	0	25355	0	0	1	0	0	0	0	0	0	0	4	6	255	0	0	0	0	0	0	0	0	0	0	0	0	0	0	0	0	0	0	0	0	0	0	0	0	0	0	0	0	2	0	0	0	0	0	1	0	0	99	0	49	2	100	0	47	2	100	0	32	1	7	0	0	0	0	0	0	0	0	0	0	0	0	0	0	0	0	0	0	0	0	0	0	0	0	0	0	0	0	0	0	0	0	0	1	0	0	0	0	0	0	0	0	0	0	0	0	0	0	0	0	0	0	0	0	0	0	0	0	0	0	0	0	0	0	0	0	0	0	0	0	0	0	0	0	0	0	0	0	0	0	0	0	
//	61345	1	0	헬로이드용_크리스마스코스튬_영구	44412	1	69DDA0	43077	44079	86267	86267	86281	39918	0	20064	0	911	0	Null	0	Null	0	25355	0	0	1	0	0	0	0	0	0	0	4	6	255	0	0	0	0	0	0	0	0	0	0	0	0	0	0	0	0	0	0	0	0	0	0	0	0	0	0	0	0	1	0	0	0	0	0	0	1	0	99	0	49	2	100	0	47	2	100	0	32	1	7	0	0	0	0	0	0	0	0	0	0	0	0	0	0	0	0	0	0	0	0	0	0	0	0	0	0	0	0	0	3	0	0	0	1	0	0	0	0	0	0	0	0	0	0	0	0	0	0	0	0	0	0	0	0	0	0	0	0	0	0	0	0	0	0	0	0	0	0	0	0	0	0	0	0	0	0	0	0	0	0	0	0	
//	61346	1	0	위치블레이드용_크리스마스코스튬_영구	44413	1	69DDA0	43077	44078	86268	86268	86282	39918	0	20064	0	911	0	Null	0	Null	0	25355	0	0	1	0	0	0	0	0	0	0	4	6	255	0	0	0	0	0	0	0	0	0	0	0	0	0	0	0	0	0	0	0	0	0	0	0	0	0	0	0	0	2	0	0	0	0	0	0	0	1	99	0	49	2	100	0	47	2	100	0	32	1	7	0	0	0	0	0	0	0	0	0	0	0	0	0	0	0	0	0	0	0	0	0	0	0	0	0	0	0	0	0	0	0	0	0	1	0	0	0	0	0	0	0	0	0	0	0	0	0	0	0	0	0	0	0	0	0	0	0	0	0	0	0	0	0	0	0	0	0	0	0	0	0	0	0	0	0	0	0	0	0	0	0	0	
//	61347	1	0	버서커용_크리스마스코스튬_영구_여	44406	1	69DDA0	43077	44078	86261	86263	86275	39918	0	20064	0	911	0	Null	0	Null	0	25355	0	0	1	0	0	0	0	0	0	0	4	6	255	0	0	0	0	0	0	0	0	0	0	0	0	0	0	0	0	0	0	0	0	0	0	0	0	0	0	0	0	2	1	0	0	0	0	0	0	0	99	0	49	2	100	0	47	2	100	0	32	1	7	0	0	0	0	0	0	0	0	0	0	0	0	0	0	0	0	0	0	0	0	0	0	0	0	0	0	0	0	0	3	0	0	0	1	0	0	0	0	0	0	0	0	0	0	0	0	0	0	0	0	0	0	0	0	0	0	0	0	0	0	0	0	0	0	0	0	0	0	0	0	0	0	0	0	0	0	0	0	0	0	0	0	
//	61348	1	0	드래곤나이트용_크리스마스코스튬_영구_여	44407	1	69DDA0	43077	44078	86262	86263	86276	39918	0	20064	0	911	0	Null	0	Null	0	25355	0	0	1	0	0	0	0	0	0	0	4	6	255	0	0	0	0	0	0	0	0	0	0	0	0	0	0	0	0	0	0	0	0	0	0	0	0	0	0	0	0	2	0	1	0	0	0	0	0	0	99	0	49	2	100	0	47	2	100	0	32	1	7	0	0	0	0	0	0	0	0	0	0	0	0	0	0	0	0	0	0	0	0	0	0	0	0	0	0	0	0	0	3	0	0	0	1	0	0	0	0	0	0	0	0	0	0	0	0	0	0	0	0	0	0	0	0	0	0	0	0	0	0	0	0	0	0	0	0	0	0	0	0	0	0	0	0	0	0	0	0	0	0	0	0	
//	61349	1	0	발키리용_크리스마스코스튬_영구_여	44408	1	69DDA0	43077	44078	86262	86263	86277	39918	0	20064	0	911	0	Null	0	Null	0	25355	0	0	1	0	0	0	0	0	0	0	4	6	255	0	0	0	0	0	0	0	0	0	0	0	0	0	0	0	0	0	0	0	0	0	0	0	0	0	0	0	0	2	0	0	0	1	0	0	0	0	99	0	49	2	100	0	47	2	100	0	32	1	7	0	0	0	0	0	0	0	0	0	0	0	0	0	0	0	0	0	0	0	0	0	0	0	0	0	0	0	0	0	3	0	0	0	1	0	0	0	0	0	0	0	0	0	0	0	0	0	0	0	0	0	0	0	0	0	0	0	0	0	0	0	0	0	0	0	0	0	0	0	0	0	0	0	0	0	0	0	0	0	0	0	0	
//	61350	1	0	엘리용_크리스마스코스튬_영구_여	44409	1	69DDA0	43077	44078	86265	86264	86278	39918	0	20064	0	911	0	Null	0	Null	0	25355	0	0	1	0	0	0	0	0	0	0	4	6	255	0	0	0	0	0	0	0	0	0	0	0	0	0	0	0	0	0	0	0	0	0	0	0	0	0	0	0	0	2	0	0	0	0	1	0	0	0	99	0	49	2	100	0	47	2	100	0	32	1	7	0	0	0	0	0	0	0	0	0	0	0	0	0	0	0	0	0	0	0	0	0	0	0	0	0	0	0	0	0	3	0	0	0	1	0	0	0	0	0	0	0	0	0	0	0	0	0	0	0	0	0	0	0	0	0	0	0	0	0	0	0	0	0	0	0	0	0	0	0	0	0	0	0	0	0	0	0	0	0	0	0	0	
//	61351	1	0	섀도우용_크리스마스코스튬_영구_여	44410	1	69DDA0	43077	44078	86265	86264	86279	39918	0	20064	0	911	0	Null	0	Null	0	25355	0	0	1	0	0	0	0	0	0	0	4	6	255	0	0	0	0	0	0	0	0	0	0	0	0	0	0	0	0	0	0	0	0	0	0	0	0	0	0	0	0	2	0	0	1	0	0	0	0	0	99	0	49	2	100	0	47	2	100	0	32	1	7	0	0	0	0	0	0	0	0	0	0	0	0	0	0	0	0	0	0	0	0	0	0	0	0	0	0	0	0	0	3	0	0	0	1	0	0	0	0	0	0	0	0	0	0	0	0	0	0	0	0	0	0	0	0	0	0	0	0	0	0	0	0	0	0	0	0	0	0	0	0	0	0	0	0	0	0	0	0	0	0	0	0	
//	61352	1	2	버서커용_크리스마스코스튬_기간제_남	44414	1	69DDA0	43077	44079	86261	86263	86275	39918	0	20064	0	911	0	Null	0	Null	0	25355	0	0	1	0	0	0	0	0	0	0	4	86	255	0	0	0	0	0	0	0	0	0	0	0	0	0	0	0	0	0	0	0	0	0	0	0	0	0	0	0	0	1	1	0	0	0	0	0	0	0	99	0	49	2	100	0	47	2	100	0	32	1	7	0	0	0	0	0	0	0	0	0	0	0	0	0	0	0	0	0	0	0	0	0	0	0	0	0	0	0	0	0	3	0	0	0	1	0	0	0	0	0	0	0	0	0	0	0	0	0	0	0	0	0	0	0	0	0	0	0	0	0	0	0	0	0	0	0	0	0	0	0	0	0	0	0	0	0	0	0	0	0	0	0	0	
//	61353	1	2	드래곤나이트용_크리스마스코스튬_기간제_남	44415	1	69DDA0	43077	44079	86262	86263	86276	39918	0	20064	0	911	0	Null	0	Null	0	25355	0	0	1	0	0	0	0	0	0	0	4	86	255	0	0	0	0	0	0	0	0	0	0	0	0	0	0	0	0	0	0	0	0	0	0	0	0	0	0	0	0	1	0	1	0	0	0	0	0	0	99	0	49	2	100	0	47	2	100	0	32	1	7	0	0	0	0	0	0	0	0	0	0	0	0	0	0	0	0	0	0	0	0	0	0	0	0	0	0	0	0	0	3	0	0	0	1	0	0	0	0	0	0	0	0	0	0	0	0	0	0	0	0	0	0	0	0	0	0	0	0	0	0	0	0	0	0	0	0	0	0	0	0	0	0	0	0	0	0	0	0	0	0	0	0	
//	61354	1	2	발키리용_크리스마스코스튬_기간제_남	44416	1	69DDA0	43077	44079	86262	86263	86277	39918	0	20064	0	911	0	Null	0	Null	0	25355	0	0	1	0	0	0	0	0	0	0	4	86	255	0	0	0	0	0	0	0	0	0	0	0	0	0	0	0	0	0	0	0	0	0	0	0	0	0	0	0	0	1	0	0	0	1	0	0	0	0	99	0	49	2	100	0	47	2	100	0	32	1	7	0	0	0	0	0	0	0	0	0	0	0	0	0	0	0	0	0	0	0	0	0	0	0	0	0	0	0	0	0	3	0	0	0	1	0	0	0	0	0	0	0	0	0	0	0	0	0	0	0	0	0	0	0	0	0	0	0	0	0	0	0	0	0	0	0	0	0	0	0	0	0	0	0	0	0	0	0	0	0	0	0	0	
//	61355	1	2	엘리용_크리스마스코스튬_기간제_남	44417	1	69DDA0	43077	44079	86265	86264	86278	39918	0	20064	0	911	0	Null	0	Null	0	25355	0	0	1	0	0	0	0	0	0	0	4	86	255	0	0	0	0	0	0	0	0	0	0	0	0	0	0	0	0	0	0	0	0	0	0	0	0	0	0	0	0	1	0	0	0	0	1	0	0	0	99	0	49	2	100	0	47	2	100	0	32	1	7	0	0	0	0	0	0	0	0	0	0	0	0	0	0	0	0	0	0	0	0	0	0	0	0	0	0	0	0	0	3	0	0	0	1	0	0	0	0	0	0	0	0	0	0	0	0	0	0	0	0	0	0	0	0	0	0	0	0	0	0	0	0	0	0	0	0	0	0	0	0	0	0	0	0	0	0	0	0	0	0	0	0	
//	61356	1	2	섀도우용_크리스마스코스튬_기간제_남	44418	1	69DDA0	43077	44079	86265	86264	86279	39918	0	20064	0	911	0	Null	0	Null	0	25355	0	0	1	0	0	0	0	0	0	0	4	86	255	0	0	0	0	0	0	0	0	0	0	0	0	0	0	0	0	0	0	0	0	0	0	0	0	0	0	0	0	1	0	0	1	0	0	0	0	0	99	0	49	2	100	0	47	2	100	0	32	1	7	0	0	0	0	0	0	0	0	0	0	0	0	0	0	0	0	0	0	0	0	0	0	0	0	0	0	0	0	0	3	0	0	0	1	0	0	0	0	0	0	0	0	0	0	0	0	0	0	0	0	0	0	0	0	0	0	0	0	0	0	0	0	0	0	0	0	0	0	0	0	0	0	0	0	0	0	0	0	0	0	0	0	
//	61357	1	2	미스틱용_크리스마스코스튬_기간제	44419	1	69DDA0	43077	44078	86266	86266	86280	39918	0	20064	0	911	0	Null	0	Null	0	25355	0	0	1	0	0	0	0	0	0	0	4	86	255	0	0	0	0	0	0	0	0	0	0	0	0	0	0	0	0	0	0	0	0	0	0	0	0	0	0	0	0	2	0	0	0	0	0	1	0	0	99	0	49	2	100	0	47	2	100	0	32	1	7	0	0	0	0	0	0	0	0	0	0	0	0	0	0	0	0	0	0	0	0	0	0	0	0	0	0	0	0	0	0	0	0	0	1	0	0	0	0	0	0	0	0	0	0	0	0	0	0	0	0	0	0	0	0	0	0	0	0	0	0	0	0	0	0	0	0	0	0	0	0	0	0	0	0	0	0	0	0	0	0	0	0	
//	61358	1	2	헬로이드용_크리스마스코스튬_기간제	44420	1	69DDA0	43077	44079	86267	86267	86281	39918	0	20064	0	911	0	Null	0	Null	0	25355	0	0	1	0	0	0	0	0	0	0	4	86	255	0	0	0	0	0	0	0	0	0	0	0	0	0	0	0	0	0	0	0	0	0	0	0	0	0	0	0	0	1	0	0	0	0	0	0	1	0	99	0	49	2	100	0	47	2	100	0	32	1	7	0	0	0	0	0	0	0	0	0	0	0	0	0	0	0	0	0	0	0	0	0	0	0	0	0	0	0	0	0	3	0	0	0	1	0	0	0	0	0	0	0	0	0	0	0	0	0	0	0	0	0	0	0	0	0	0	0	0	0	0	0	0	0	0	0	0	0	0	0	0	0	0	0	0	0	0	0	0	0	0	0	0	
//	61359	1	2	위치블레이드용_크리스마스코스튬_기간제	44421	1	69DDA0	43077	44078	86268	86268	86282	39918	0	20064	0	911	0	Null	0	Null	0	25355	0	0	1	0	0	0	0	0	0	0	4	86	255	0	0	0	0	0	0	0	0	0	0	0	0	0	0	0	0	0	0	0	0	0	0	0	0	0	0	0	0	2	0	0	0	0	0	0	0	1	99	0	49	2	100	0	47	2	100	0	32	1	7	0	0	0	0	0	0	0	0	0	0	0	0	0	0	0	0	0	0	0	0	0	0	0	0	0	0	0	0	0	0	0	0	0	1	0	0	0	0	0	0	0	0	0	0	0	0	0	0	0	0	0	0	0	0	0	0	0	0	0	0	0	0	0	0	0	0	0	0	0	0	0	0	0	0	0	0	0	0	0	0	0	0	
//	61360	1	2	버서커용_크리스마스코스튬_기간제_여	44414	1	69DDA0	43077	44078	86261	86263	86275	39918	0	20064	0	911	0	Null	0	Null	0	25355	0	0	1	0	0	0	0	0	0	0	4	86	255	0	0	0	0	0	0	0	0	0	0	0	0	0	0	0	0	0	0	0	0	0	0	0	0	0	0	0	0	2	1	0	0	0	0	0	0	0	99	0	49	2	100	0	47	2	100	0	32	1	7	0	0	0	0	0	0	0	0	0	0	0	0	0	0	0	0	0	0	0	0	0	0	0	0	0	0	0	0	0	3	0	0	0	1	0	0	0	0	0	0	0	0	0	0	0	0	0	0	0	0	0	0	0	0	0	0	0	0	0	0	0	0	0	0	0	0	0	0	0	0	0	0	0	0	0	0	0	0	0	0	0	0	
//	61361	1	2	드래곤나이트용_크리스마스코스튬_기간제_여	44415	1	69DDA0	43077	44078	86262	86263	86276	39918	0	20064	0	911	0	Null	0	Null	0	25355	0	0	1	0	0	0	0	0	0	0	4	86	255	0	0	0	0	0	0	0	0	0	0	0	0	0	0	0	0	0	0	0	0	0	0	0	0	0	0	0	0	2	0	1	0	0	0	0	0	0	99	0	49	2	100	0	47	2	100	0	32	1	7	0	0	0	0	0	0	0	0	0	0	0	0	0	0	0	0	0	0	0	0	0	0	0	0	0	0	0	0	0	3	0	0	0	1	0	0	0	0	0	0	0	0	0	0	0	0	0	0	0	0	0	0	0	0	0	0	0	0	0	0	0	0	0	0	0	0	0	0	0	0	0	0	0	0	0	0	0	0	0	0	0	0	
//	61362	1	2	발키리용_크리스마스코스튬_기간제_여	44416	1	69DDA0	43077	44078	86262	86263	86277	39918	0	20064	0	911	0	Null	0	Null	0	25355	0	0	1	0	0	0	0	0	0	0	4	86	255	0	0	0	0	0	0	0	0	0	0	0	0	0	0	0	0	0	0	0	0	0	0	0	0	0	0	0	0	2	0	0	0	1	0	0	0	0	99	0	49	2	100	0	47	2	100	0	32	1	7	0	0	0	0	0	0	0	0	0	0	0	0	0	0	0	0	0	0	0	0	0	0	0	0	0	0	0	0	0	3	0	0	0	1	0	0	0	0	0	0	0	0	0	0	0	0	0	0	0	0	0	0	0	0	0	0	0	0	0	0	0	0	0	0	0	0	0	0	0	0	0	0	0	0	0	0	0	0	0	0	0	0	
//	61363	1	2	엘리용_크리스마스코스튬_기간제_여	44417	1	69DDA0	43077	44078	86265	86264	86278	39918	0	20064	0	911	0	Null	0	Null	0	25355	0	0	1	0	0	0	0	0	0	0	4	86	255	0	0	0	0	0	0	0	0	0	0	0	0	0	0	0	0	0	0	0	0	0	0	0	0	0	0	0	0	2	0	0	0	0	1	0	0	0	99	0	49	2	100	0	47	2	100	0	32	1	7	0	0	0	0	0	0	0	0	0	0	0	0	0	0	0	0	0	0	0	0	0	0	0	0	0	0	0	0	0	3	0	0	0	1	0	0	0	0	0	0	0	0	0	0	0	0	0	0	0	0	0	0	0	0	0	0	0	0	0	0	0	0	0	0	0	0	0	0	0	0	0	0	0	0	0	0	0	0	0	0	0	0	
//	61364	1	2	섀도우용_크리스마스코스튬_기간제_여	44418	1	69DDA0	43077	44078	86265	86264	86279	39918	0	20064	0	911	0	Null	0	Null	0	25355	0	0	1	0	0	0	0	0	0	0	4	86	255	0	0	0	0	0	0	0	0	0	0	0	0	0	0	0	0	0	0	0	0	0	0	0	0	0	0	0	0	2	0	0	1	0	0	0	0	0	99	0	49	2	100	0	47	2	100	0	32	1	7	0	0	0	0	0	0	0	0	0	0	0	0	0	0	0	0	0	0	0	0	0	0	0	0	0	0	0	0	0	3	0	0	0	1	0	0	0	0	0	0	0	0	0	0	0	0	0	0	0	0	0	0	0	0	0	0	0	0	0	0	0	0	0	0	0	0	0	0	0	0	0	0	0	0	0	0	0	0	0	0	0	0	
//	61365	1	0	버서커용_크리스마스코스튬(강화판)_영구_남	44422	1	69DDA0	43077	44079	86261	86263	86283	39918	0	20064	0	911	0	Null	0	Null	0	25355	0	0	1	0	0	0	0	0	0	0	4	6	255	0	0	0	0	0	0	0	0	0	0	0	0	0	0	0	0	0	0	0	0	0	0	0	0	0	0	0	0	1	1	0	0	0	0	0	0	0	99	0	42	2	100	0	31	5	100	0	49	2	100	0	47	2	100	0	32	1	10	0	0	0	0	0	0	0	0	0	0	0	0	0	0	0	0	0	0	0	0	0	3	0	0	0	1	0	0	0	0	0	0	0	0	0	0	0	0	0	0	0	0	0	0	0	0	0	0	0	0	0	0	0	0	0	0	0	0	0	0	0	0	0	0	0	0	0	0	0	0	0	0	0	0	
//	61366	1	0	드래곤나이트용_크리스마스코스튬(강화판)_영구_남	44423	1	69DDA0	43077	44079	86262	86263	86284	39918	0	20064	0	911	0	Null	0	Null	0	25355	0	0	1	0	0	0	0	0	0	0	4	6	255	0	0	0	0	0	0	0	0	0	0	0	0	0	0	0	0	0	0	0	0	0	0	0	0	0	0	0	0	1	0	1	0	0	0	0	0	0	99	0	42	2	100	0	31	5	100	0	49	2	100	0	47	2	100	0	32	1	10	0	0	0	0	0	0	0	0	0	0	0	0	0	0	0	0	0	0	0	0	0	3	0	0	0	1	0	0	0	0	0	0	0	0	0	0	0	0	0	0	0	0	0	0	0	0	0	0	0	0	0	0	0	0	0	0	0	0	0	0	0	0	0	0	0	0	0	0	0	0	0	0	0	0	
//	61367	1	0	발키리용_크리스마스코스튬(강화판)_영구_남	44424	1	69DDA0	43077	44079	86262	86263	86285	39918	0	20064	0	911	0	Null	0	Null	0	25355	0	0	1	0	0	0	0	0	0	0	4	6	255	0	0	0	0	0	0	0	0	0	0	0	0	0	0	0	0	0	0	0	0	0	0	0	0	0	0	0	0	1	0	0	0	1	0	0	0	0	99	0	42	2	100	0	31	5	100	0	49	2	100	0	47	2	100	0	32	1	10	0	0	0	0	0	0	0	0	0	0	0	0	0	0	0	0	0	0	0	0	0	3	0	0	0	1	0	0	0	0	0	0	0	0	0	0	0	0	0	0	0	0	0	0	0	0	0	0	0	0	0	0	0	0	0	0	0	0	0	0	0	0	0	0	0	0	0	0	0	0	0	0	0	0	
//	61368	1	0	엘리용_크리스마스코스튬(강화판)_영구_남	44425	1	69DDA0	43077	44079	86265	86264	86286	39918	0	20064	0	911	0	Null	0	Null	0	25355	0	0	1	0	0	0	0	0	0	0	4	6	255	0	0	0	0	0	0	0	0	0	0	0	0	0	0	0	0	0	0	0	0	0	0	0	0	0	0	0	0	1	0	0	0	0	1	0	0	0	99	0	42	2	100	0	31	5	100	0	49	2	100	0	47	2	100	0	32	1	10	0	0	0	0	0	0	0	0	0	0	0	0	0	0	0	0	0	0	0	0	0	3	0	0	0	1	0	0	0	0	0	0	0	0	0	0	0	0	0	0	0	0	0	0	0	0	0	0	0	0	0	0	0	0	0	0	0	0	0	0	0	0	0	0	0	0	0	0	0	0	0	0	0	0	
//	61369	1	0	섀도우용_크리스마스코스튬(강화판)_영구_남	44426	1	69DDA0	43077	44079	86265	86264	86287	39918	0	20064	0	911	0	Null	0	Null	0	25355	0	0	1	0	0	0	0	0	0	0	4	6	255	0	0	0	0	0	0	0	0	0	0	0	0	0	0	0	0	0	0	0	0	0	0	0	0	0	0	0	0	1	0	0	1	0	0	0	0	0	99	0	42	2	100	0	31	5	100	0	49	2	100	0	47	2	100	0	32	1	10	0	0	0	0	0	0	0	0	0	0	0	0	0	0	0	0	0	0	0	0	0	3	0	0	0	1	0	0	0	0	0	0	0	0	0	0	0	0	0	0	0	0	0	0	0	0	0	0	0	0	0	0	0	0	0	0	0	0	0	0	0	0	0	0	0	0	0	0	0	0	0	0	0	0	
//	61370	1	0	미스틱용_크리스마스코스튬(강화판)_영구	44427	1	69DDA0	43077	44078	86266	86266	86288	39918	0	20064	0	911	0	Null	0	Null	0	25355	0	0	1	0	0	0	0	0	0	0	4	6	255	0	0	0	0	0	0	0	0	0	0	0	0	0	0	0	0	0	0	0	0	0	0	0	0	0	0	0	0	2	0	0	0	0	0	1	0	0	99	0	42	2	100	0	31	5	100	0	49	2	100	0	47	2	100	0	32	1	10	0	0	0	0	0	0	0	0	0	0	0	0	0	0	0	0	0	0	0	0	0	0	0	0	0	1	0	0	0	0	0	0	0	0	0	0	0	0	0	0	0	0	0	0	0	0	0	0	0	0	0	0	0	0	0	0	0	0	0	0	0	0	0	0	0	0	0	0	0	0	0	0	0	0	
//	61371	1	0	헬로이드용_크리스마스코스튬(강화판)_영구	44428	1	69DDA0	43077	44079	86267	86267	86289	39918	0	20064	0	911	0	Null	0	Null	0	25355	0	0	1	0	0	0	0	0	0	0	4	6	255	0	0	0	0	0	0	0	0	0	0	0	0	0	0	0	0	0	0	0	0	0	0	0	0	0	0	0	0	1	0	0	0	0	0	0	1	0	99	0	42	2	100	0	31	5	100	0	49	2	100	0	47	2	100	0	32	1	10	0	0	0	0	0	0	0	0	0	0	0	0	0	0	0	0	0	0	0	0	0	3	0	0	0	1	0	0	0	0	0	0	0	0	0	0	0	0	0	0	0	0	0	0	0	0	0	0	0	0	0	0	0	0	0	0	0	0	0	0	0	0	0	0	0	0	0	0	0	0	0	0	0	0	
//	61372	1	0	위치블레이드용_크리스마스코스튬(강화판)_영구	44429	1	69DDA0	43077	44078	86268	86268	86290	39918	0	20064	0	911	0	Null	0	Null	0	25355	0	0	1	0	0	0	0	0	0	0	4	6	255	0	0	0	0	0	0	0	0	0	0	0	0	0	0	0	0	0	0	0	0	0	0	0	0	0	0	0	0	2	0	0	0	0	0	0	0	1	99	0	42	2	100	0	31	5	100	0	49	2	100	0	47	2	100	0	32	1	10	0	0	0	0	0	0	0	0	0	0	0	0	0	0	0	0	0	0	0	0	0	0	0	0	0	1	0	0	0	0	0	0	0	0	0	0	0	0	0	0	0	0	0	0	0	0	0	0	0	0	0	0	0	0	0	0	0	0	0	0	0	0	0	0	0	0	0	0	0	0	0	0	0	0	
//	61373	1	0	버서커용_크리스마스코스튬(강화판)_영구_여	44422	1	69DDA0	43077	44078	86261	86263	86283	39918	0	20064	0	911	0	Null	0	Null	0	25355	0	0	1	0	0	0	0	0	0	0	4	6	255	0	0	0	0	0	0	0	0	0	0	0	0	0	0	0	0	0	0	0	0	0	0	0	0	0	0	0	0	2	1	0	0	0	0	0	0	0	99	0	42	2	100	0	31	5	100	0	49	2	100	0	47	2	100	0	32	1	10	0	0	0	0	0	0	0	0	0	0	0	0	0	0	0	0	0	0	0	0	0	3	0	0	0	1	0	0	0	0	0	0	0	0	0	0	0	0	0	0	0	0	0	0	0	0	0	0	0	0	0	0	0	0	0	0	0	0	0	0	0	0	0	0	0	0	0	0	0	0	0	0	0	0	
//	61374	1	0	드래곤나이트용_크리스마스코스튬(강화판)_영구_여	44423	1	69DDA0	43077	44078	86262	86263	86284	39918	0	20064	0	911	0	Null	0	Null	0	25355	0	0	1	0	0	0	0	0	0	0	4	6	255	0	0	0	0	0	0	0	0	0	0	0	0	0	0	0	0	0	0	0	0	0	0	0	0	0	0	0	0	2	0	1	0	0	0	0	0	0	99	0	42	2	100	0	31	5	100	0	49	2	100	0	47	2	100	0	32	1	10	0	0	0	0	0	0	0	0	0	0	0	0	0	0	0	0	0	0	0	0	0	3	0	0	0	1	0	0	0	0	0	0	0	0	0	0	0	0	0	0	0	0	0	0	0	0	0	0	0	0	0	0	0	0	0	0	0	0	0	0	0	0	0	0	0	0	0	0	0	0	0	0	0	0	
//	61375	1	0	발키리용_크리스마스코스튬(강화판)_영구_여	44424	1	69DDA0	43077	44078	86262	86263	86285	39918	0	20064	0	911	0	Null	0	Null	0	25355	0	0	1	0	0	0	0	0	0	0	4	6	255	0	0	0	0	0	0	0	0	0	0	0	0	0	0	0	0	0	0	0	0	0	0	0	0	0	0	0	0	2	0	0	0	1	0	0	0	0	99	0	42	2	100	0	31	5	100	0	49	2	100	0	47	2	100	0	32	1	10	0	0	0	0	0	0	0	0	0	0	0	0	0	0	0	0	0	0	0	0	0	3	0	0	0	1	0	0	0	0	0	0	0	0	0	0	0	0	0	0	0	0	0	0	0	0	0	0	0	0	0	0	0	0	0	0	0	0	0	0	0	0	0	0	0	0	0	0	0	0	0	0	0	0	
//	61376	1	0	엘리용_크리스마스코스튬(강화판)_영구_여	44425	1	69DDA0	43077	44078	86265	86264	86286	39918	0	20064	0	911	0	Null	0	Null	0	25355	0	0	1	0	0	0	0	0	0	0	4	6	255	0	0	0	0	0	0	0	0	0	0	0	0	0	0	0	0	0	0	0	0	0	0	0	0	0	0	0	0	2	0	0	0	0	1	0	0	0	99	0	42	2	100	0	31	5	100	0	49	2	100	0	47	2	100	0	32	1	10	0	0	0	0	0	0	0	0	0	0	0	0	0	0	0	0	0	0	0	0	0	3	0	0	0	1	0	0	0	0	0	0	0	0	0	0	0	0	0	0	0	0	0	0	0	0	0	0	0	0	0	0	0	0	0	0	0	0	0	0	0	0	0	0	0	0	0	0	0	0	0	0	0	0	
//	61377	1	0	섀도우용_크리스마스코스튬(강화판)_영구_여	44426	1	69DDA0	43077	44078	86265	86264	86287	39918	0	20064	0	911	0	Null	0	Null	0	25355	0	0	1	0	0	0	0	0	0	0	4	6	255	0	0	0	0	0	0	0	0	0	0	0	0	0	0	0	0	0	0	0	0	0	0	0	0	0	0	0	0	2	0	0	1	0	0	0	0	0	99	0	42	2	100	0	31	5	100	0	49	2	100	0	47	2	100	0	32	1	10	0	0	0	0	0	0	0	0	0	0	0	0	0	0	0	0	0	0	0	0	0	3	0	0	0	1	0	0	0	0	0	0	0	0	0	0	0	0	0	0	0	0	0	0	0	0	0	0	0	0	0	0	0	0	0	0	0	0	0	0	0	0	0	0	0	0	0	0	0	0	0	0	0	0	
	61378	0	1	버서커용_크리스마스코스튬(강화판)_기간제_남	44430	1	69DDA0	43077	44077	86261	86263	86283	39918	0	20064	0	911	0	Null	0	Null	0	25355	0	0	1	0	0	0	0	0	0	0	4	86	255	0	0	0	0	0	0	0	0	0	0	0	0	0	0	0	0	0	0	0	0	0	0	0	0	0	0	0	0	0	1	0	0	0	0	0	0	0	99	0	42	2	100	0	31	5	100	0	49	2	100	0	47	2	100	0	44	5	250	0	0	0	0	0	0	0	0	0	0	0	0	0	0	0	0	0	0	0	0	0	3	0	0	0	1	0	0	0	0	0	0	0	0	0	0	0	0	0	0	0	0	0	0	0	0	0	0	0	0	0	0	0	0	0	0	0	0	0	0	0	0	0	0	0	0	0	0	0	0	0	0	0	0	0	
	61379	0	1	드래곤나이트용_크리스마스코스튬(강화판)_기간제_남	44431	1	69DDA0	43077	44077	86262	86263	86284	39918	0	20064	0	911	0	Null	0	Null	0	25355	0	0	1	0	0	0	0	0	0	0	4	86	255	0	0	0	0	0	0	0	0	0	0	0	0	0	0	0	0	0	0	0	0	0	0	0	0	0	0	0	0	0	0	1	0	0	0	0	0	0	99	0	42	2	100	0	31	5	100	0	49	2	100	0	47	2	100	0	44	5	250	0	0	0	0	0	0	0	0	0	0	0	0	0	0	0	0	0	0	0	0	0	3	0	0	0	1	0	0	0	0	0	0	0	0	0	0	0	0	0	0	0	0	0	0	0	0	0	0	0	0	0	0	0	0	0	0	0	0	0	0	0	0	0	0	0	0	0	0	0	0	0	0	0	0	0	
	61380	0	1	발키리용_크리스마스코스튬(강화판)_기간제_남	44432	1	69DDA0	43077	44077	86262	86263	86285	39918	0	20064	0	911	0	Null	0	Null	0	25355	0	0	1	0	0	0	0	0	0	0	4	86	255	0	0	0	0	0	0	0	0	0	0	0	0	0	0	0	0	0	0	0	0	0	0	0	0	0	0	0	0	0	0	0	0	1	0	0	0	0	99	0	42	2	100	0	31	5	100	0	49	2	100	0	47	2	100	0	44	5	250	0	0	0	0	0	0	0	0	0	0	0	0	0	0	0	0	0	0	0	0	0	3	0	0	0	1	0	0	0	0	0	0	0	0	0	0	0	0	0	0	0	0	0	0	0	0	0	0	0	0	0	0	0	0	0	0	0	0	0	0	0	0	0	0	0	0	0	0	0	0	0	0	0	0	0	
	61381	0	1	엘리용_크리스마스코스튬(강화판)_기간제_남	44433	1	69DDA0	43077	44077	86265	86264	86286	39918	0	20064	0	911	0	Null	0	Null	0	25355	0	0	1	0	0	0	0	0	0	0	4	86	255	0	0	0	0	0	0	0	0	0	0	0	0	0	0	0	0	0	0	0	0	0	0	0	0	0	0	0	0	0	0	0	0	0	1	0	0	0	99	0	42	2	100	0	31	5	100	0	49	2	100	0	47	2	100	0	44	5	250	0	0	0	0	0	0	0	0	0	0	0	0	0	0	0	0	0	0	0	0	0	3	0	0	0	1	0	0	0	0	0	0	0	0	0	0	0	0	0	0	0	0	0	0	0	0	0	0	0	0	0	0	0	0	0	0	0	0	0	0	0	0	0	0	0	0	0	0	0	0	0	0	0	0	0	
	61382	0	1	섀도우용_크리스마스코스튬(강화판)_기간제_남	44434	1	69DDA0	43077	44077	86265	86264	86287	39918	0	20064	0	911	0	Null	0	Null	0	25355	0	0	1	0	0	0	0	0	0	0	4	86	255	0	0	0	0	0	0	0	0	0	0	0	0	0	0	0	0	0	0	0	0	0	0	0	0	0	0	0	0	0	0	0	1	0	0	0	0	0	99	0	42	2	100	0	31	5	100	0	49	2	100	0	47	2	100	0	44	5	250	0	0	0	0	0	0	0	0	0	0	0	0	0	0	0	0	0	0	0	0	0	3	0	0	0	1	0	0	0	0	0	0	0	0	0	0	0	0	0	0	0	0	0	0	0	0	0	0	0	0	0	0	0	0	0	0	0	0	0	0	0	0	0	0	0	0	0	0	0	0	0	0	0	0	0	
	61383	0	1	미스틱용_크리스마스코스튬(강화판)_기간제	44435	1	69DDA0	43077	44077	86266	86266	86288	39918	0	20064	0	911	0	Null	0	Null	0	25355	0	0	1	0	0	0	0	0	0	0	4	86	255	0	0	0	0	0	0	0	0	0	0	0	0	0	0	0	0	0	0	0	0	0	0	0	0	0	0	0	0	2	0	0	0	0	0	1	0	0	99	0	42	2	100	0	31	5	100	0	49	2	100	0	47	2	100	0	44	5	250	0	0	0	0	0	0	0	0	0	0	0	0	0	0	0	0	0	0	0	0	0	0	0	0	0	1	0	0	0	0	0	0	0	0	0	0	0	0	0	0	0	0	0	0	0	0	0	0	0	0	0	0	0	0	0	0	0	0	0	0	0	0	0	0	0	0	0	0	0	0	0	0	0	0	0	
	61384	0	1	헬로이드용_크리스마스코스튬(강화판)_기간제	44436	1	69DDA0	43077	44077	86267	86267	86289	39918	0	20064	0	911	0	Null	0	Null	0	25355	0	0	1	0	0	0	0	0	0	0	4	86	255	0	0	0	0	0	0	0	0	0	0	0	0	0	0	0	0	0	0	0	0	0	0	0	0	0	0	0	0	1	0	0	0	0	0	0	1	0	99	0	42	2	100	0	31	5	100	0	49	2	100	0	47	2	100	0	44	5	250	0	0	0	0	0	0	0	0	0	0	0	0	0	0	0	0	0	0	0	0	0	3	0	0	0	1	0	0	0	0	0	0	0	0	0	0	0	0	0	0	0	0	0	0	0	0	0	0	0	0	0	0	0	0	0	0	0	0	0	0	0	0	0	0	0	0	0	0	0	0	0	0	0	0	0	
	61385	0	1	위치블레이드용_크리스마스코스튬(강화판)_기간제	44437	1	69DDA0	43077	44077	86268	86268	86290	39918	0	20064	0	911	0	Null	0	Null	0	25355	0	0	1	0	0	0	0	0	0	0	4	86	255	0	0	0	0	0	0	0	0	0	0	0	0	0	0	0	0	0	0	0	0	0	0	0	0	0	0	0	0	2	0	0	0	0	0	0	0	1	99	0	42	2	100	0	31	5	100	0	49	2	100	0	47	2	100	0	44	5	250	0	0	0	0	0	0	0	0	0	0	0	0	0	0	0	0	0	0	0	0	0	0	0	0	0	1	0	0	0	0	0	0	0	0	0	0	0	0	0	0	0	0	0	0	0	0	0	0	0	0	0	0	0	0	0	0	0	0	0	0	0	0	0	0	0	0	0	0	0	0	0	0	0	0	0	
//	61386	1	2	버서커용_크리스마스코스튬(강화판)_기간제_여	44430	1	69DDA0	43077	44078	86261	86263	86283	39918	0	20064	0	911	0	Null	0	Null	0	25355	0	0	1	0	0	0	0	0	0	0	4	86	255	0	0	0	0	0	0	0	0	0	0	0	0	0	0	0	0	0	0	0	0	0	0	0	0	0	0	0	0	2	1	0	0	0	0	0	0	0	99	0	42	2	100	0	31	5	100	0	49	2	100	0	47	2	100	0	32	1	10	0	0	0	0	0	0	0	0	0	0	0	0	0	0	0	0	0	0	0	0	0	3	0	0	0	1	0	0	0	0	0	0	0	0	0	0	0	0	0	0	0	0	0	0	0	0	0	0	0	0	0	0	0	0	0	0	0	0	0	0	0	0	0	0	0	0	0	0	0	0	0	0	0	0	
//	61387	1	2	드래곤나이트용_크리스마스코스튬(강화판)_기간제_여	44431	1	69DDA0	43077	44078	86262	86263	86284	39918	0	20064	0	911	0	Null	0	Null	0	25355	0	0	1	0	0	0	0	0	0	0	4	86	255	0	0	0	0	0	0	0	0	0	0	0	0	0	0	0	0	0	0	0	0	0	0	0	0	0	0	0	0	2	0	1	0	0	0	0	0	0	99	0	42	2	100	0	31	5	100	0	49	2	100	0	47	2	100	0	32	1	10	0	0	0	0	0	0	0	0	0	0	0	0	0	0	0	0	0	0	0	0	0	3	0	0	0	1	0	0	0	0	0	0	0	0	0	0	0	0	0	0	0	0	0	0	0	0	0	0	0	0	0	0	0	0	0	0	0	0	0	0	0	0	0	0	0	0	0	0	0	0	0	0	0	0	
//	61388	1	2	발키리용_크리스마스코스튬(강화판)_기간제_여	44432	1	69DDA0	43077	44078	86262	86263	86285	39918	0	20064	0	911	0	Null	0	Null	0	25355	0	0	1	0	0	0	0	0	0	0	4	86	255	0	0	0	0	0	0	0	0	0	0	0	0	0	0	0	0	0	0	0	0	0	0	0	0	0	0	0	0	2	0	0	0	1	0	0	0	0	99	0	42	2	100	0	31	5	100	0	49	2	100	0	47	2	100	0	32	1	10	0	0	0	0	0	0	0	0	0	0	0	0	0	0	0	0	0	0	0	0	0	3	0	0	0	1	0	0	0	0	0	0	0	0	0	0	0	0	0	0	0	0	0	0	0	0	0	0	0	0	0	0	0	0	0	0	0	0	0	0	0	0	0	0	0	0	0	0	0	0	0	0	0	0	
//	61389	1	2	엘리용_크리스마스코스튬(강화판)_기간제_여	44433	1	69DDA0	43077	44078	86265	86264	86286	39918	0	20064	0	911	0	Null	0	Null	0	25355	0	0	1	0	0	0	0	0	0	0	4	86	255	0	0	0	0	0	0	0	0	0	0	0	0	0	0	0	0	0	0	0	0	0	0	0	0	0	0	0	0	2	0	0	0	0	1	0	0	0	99	0	42	2	100	0	31	5	100	0	49	2	100	0	47	2	100	0	32	1	10	0	0	0	0	0	0	0	0	0	0	0	0	0	0	0	0	0	0	0	0	0	3	0	0	0	1	0	0	0	0	0	0	0	0	0	0	0	0	0	0	0	0	0	0	0	0	0	0	0	0	0	0	0	0	0	0	0	0	0	0	0	0	0	0	0	0	0	0	0	0	0	0	0	0	
//	61390	1	2	섀도우용_크리스마스코스튬(강화판)_기간제_여	44434	1	69DDA0	43077	44078	86265	86264	86287	39918	0	20064	0	911	0	Null	0	Null	0	25355	0	0	1	0	0	0	0	0	0	0	4	86	255	0	0	0	0	0	0	0	0	0	0	0	0	0	0	0	0	0	0	0	0	0	0	0	0	0	0	0	0	2	0	0	1	0	0	0	0	0	99	0	42	2	100	0	31	5	100	0	49	2	100	0	47	2	100	0	32	1	10	0	0	0	0	0	0	0	0	0	0	0	0	0	0	0	0	0	0	0	0	0	3	0	0	0	1	0	0	0	0	0	0	0	0	0	0	0	0	0	0	0	0	0	0	0	0	0	0	0	0	0	0	0	0	0	0	0	0	0	0	0	0	0	0	0	0	0	0	0	0	0	0	0	0	
//	[ID63201~] 아이템베리에이션 세트(A)																															0																																																																																																																																									
	63201	1	0	버서커_방어구_1차_베리에이션세트A	47438	1	69DDA0	42022	48438	0	0	74001	39999	0	20029	0	911	0	Null	0	Null	0	0	0	0	1	0	0	0	0	0	0	0	2	2	255	0	0	0	0	0	0	0	0	0	0	0	0	0	0	0	0	0	0	0	0	0	0	0	0	0	0	0	0	0	1	1	1	1	1	1	1	1	99	0	0	0	0	0	0	0	0	0	0	0	0	0	0	0	0	0	0	0	0	0	0	0	0	0	0	0	0	0	0	0	0	0	0	0	0	0	0	0	0	0	0	0	0	0	1	0	0	0	0	0	0	0	0	0	0	0	0	0	230	0	0	0	0	0	0	0	0	0	0	0	0	0	0	0	0	0	0	0	0	0	0	0	0	0	0	0	0	0	0	0	0	0	0	1	
	63202	1	0	버서커_방어구_2차_베리에이션세트A	47439	1	69DDA0	42022	48439	0	0	74002	39999	0	20029	0	911	0	Null	0	Null	0	0	0	0	1	0	0	0	0	0	0	0	2	2	255	0	0	0	0	0	0	0	0	0	0	0	0	0	0	0	0	0	0	0	0	0	0	0	0	0	0	0	0	0	1	1	1	1	1	1	1	1	99	0	0	0	0	0	0	0	0	0	0	0	0	0	0	0	0	0	0	0	0	0	0	0	0	0	0	0	0	0	0	0	0	0	0	0	0	0	0	0	0	0	0	0	0	0	1	0	0	0	0	0	0	0	0	0	0	0	0	0	231	0	0	0	0	0	0	0	0	0	0	0	0	0	0	0	0	0	0	0	0	0	0	0	0	0	0	0	0	0	0	0	0	0	0	1	
	63203	1	0	버서커_방어구_3차_베리에이션세트A	47440	1	69DDA0	42022	48440	0	0	74003	39999	0	20029	0	911	0	Null	0	Null	0	0	0	0	1	0	0	0	0	0	0	0	2	2	255	0	0	0	0	0	0	0	0	0	0	0	0	0	0	0	0	0	0	0	0	0	0	0	0	0	0	0	0	0	1	1	1	1	1	1	1	1	99	0	0	0	0	0	0	0	0	0	0	0	0	0	0	0	0	0	0	0	0	0	0	0	0	0	0	0	0	0	0	0	0	0	0	0	0	0	0	0	0	0	0	0	0	0	1	0	0	0	0	0	0	0	0	0	0	0	0	0	232	0	0	0	0	0	0	0	0	0	0	0	0	0	0	0	0	0	0	0	0	0	0	0	0	0	0	0	0	0	0	0	0	0	0	1	
	63204	1	0	버서커_방어구_4차_베리에이션세트A	47441	1	69DDA0	42022	48441	0	0	74004	39999	0	20029	0	911	0	Null	0	Null	0	0	0	0	1	0	0	0	0	0	0	0	2	2	255	0	0	0	0	0	0	0	0	0	0	0	0	0	0	0	0	0	0	0	0	0	0	0	0	0	0	0	0	0	1	1	1	1	1	1	1	1	99	0	0	0	0	0	0	0	0	0	0	0	0	0	0	0	0	0	0	0	0	0	0	0	0	0	0	0	0	0	0	0	0	0	0	0	0	0	0	0	0	0	0	0	0	0	1	0	0	0	0	0	0	0	0	0	0	0	0	0	233	0	0	0	0	0	0	0	0	0	0	0	0	0	0	0	0	0	0	0	0	0	0	0	0	0	0	0	0	0	0	0	0	0	0	1	
	63205	1	0	버서커_방어구_5차_베리에이션세트A	47442	1	69DDA0	42022	48442	0	0	74005	39999	0	20029	0	911	0	Null	0	Null	0	0	0	0	1	0	0	0	0	0	0	0	2	2	255	0	0	0	0	0	0	0	0	0	0	0	0	0	0	0	0	0	0	0	0	0	0	0	0	0	0	0	0	0	1	1	1	1	1	1	1	1	99	0	0	0	0	0	0	0	0	0	0	0	0	0	0	0	0	0	0	0	0	0	0	0	0	0	0	0	0	0	0	0	0	0	0	0	0	0	0	0	0	0	0	0	0	0	1	0	0	0	0	0	0	0	0	0	0	0	0	0	234	0	0	0	0	0	0	0	0	0	0	0	0	0	0	0	0	0	0	0	0	0	0	0	0	0	0	0	0	0	0	0	0	0	0	1	
	63206	1	0	버서커_방어구_6차_베리에이션세트A	47443	1	69DDA0	42022	48443	0	0	74006	39999	0	20029	0	911	0	Null	0	Null	0	0	0	0	1	0	0	0	0	0	0	0	2	2	255	0	0	0	0	0	0	0	0	0	0	0	0	0	0	0	0	0	0	0	0	0	0	0	0	0	0	0	0	0	1	1	1	1	1	1	1	1	99	0	0	0	0	0	0	0	0	0	0	0	0	0	0	0	0	0	0	0	0	0	0	0	0	0	0	0	0	0	0	0	0	0	0	0	0	0	0	0	0	0	0	0	0	0	1	0	0	0	0	0	0	0	0	0	0	0	0	0	235	0	0	0	0	0	0	0	0	0	0	0	0	0	0	0	0	0	0	0	0	0	0	0	0	0	0	0	0	0	0	0	0	0	0	1	
	63207	1	0	버서커_방어구_7차_베리에이션세트A	47444	1	69DDA0	42022	48444	0	0	74007	39999	0	20029	0	911	0	Null	0	Null	0	0	0	0	1	0	0	0	0	0	0	0	2	2	255	0	0	0	0	0	0	0	0	0	0	0	0	0	0	0	0	0	0	0	0	0	0	0	0	0	0	0	0	0	1	1	1	1	1	1	1	1	99	0	0	0	0	0	0	0	0	0	0	0	0	0	0	0	0	0	0	0	0	0	0	0	0	0	0	0	0	0	0	0	0	0	0	0	0	0	0	0	0	0	0	0	0	0	1	0	0	0	0	0	0	0	0	0	0	0	0	0	236	0	0	0	0	0	0	0	0	0	0	0	0	0	0	0	0	0	0	0	0	0	0	0	0	0	0	0	0	0	0	0	0	0	0	1	
	63208	1	0	버서커_방어구_8차_베리에이션세트A	47445	1	69DDA0	42022	48445	0	0	74008	39999	0	20029	0	911	0	Null	0	Null	0	0	0	0	1	0	0	0	0	0	0	0	2	2	255	0	0	0	0	0	0	0	0	0	0	0	0	0	0	0	0	0	0	0	0	0	0	0	0	0	0	0	0	0	1	1	1	1	1	1	1	1	99	0	0	0	0	0	0	0	0	0	0	0	0	0	0	0	0	0	0	0	0	0	0	0	0	0	0	0	0	0	0	0	0	0	0	0	0	0	0	0	0	0	0	0	0	0	1	0	0	0	0	0	0	0	0	0	0	0	0	0	237	0	0	0	0	0	0	0	0	0	0	0	0	0	0	0	0	0	0	0	0	0	0	0	0	0	0	0	0	0	0	0	0	0	0	1	
	63209	1	0	버서커_방어구_9차_베리에이션세트A	47446	1	69DDA0	42022	48446	0	0	74009	39999	0	20029	0	911	0	Null	0	Null	0	0	0	0	1	0	0	0	0	0	0	0	2	2	255	0	0	0	0	0	0	0	0	0	0	0	0	0	0	0	0	0	0	0	0	0	0	0	0	0	0	0	0	0	1	1	1	1	1	1	1	1	99	0	0	0	0	0	0	0	0	0	0	0	0	0	0	0	0	0	0	0	0	0	0	0	0	0	0	0	0	0	0	0	0	0	0	0	0	0	0	0	0	0	0	0	0	0	1	0	0	0	0	0	0	0	0	0	0	0	0	0	238	0	0	0	0	0	0	0	0	0	0	0	0	0	0	0	0	0	0	0	0	0	0	0	0	0	0	0	0	0	0	0	0	0	0	1	
	63210	1	0	버서커_방어구_10차_베리에이션세트A	47447	1	69DDA0	42022	48447	0	0	74010	39999	0	20029	0	911	0	Null	0	Null	0	0	0	0	1	0	0	0	0	0	0	0	2	2	255	0	0	0	0	0	0	0	0	0	0	0	0	0	0	0	0	0	0	0	0	0	0	0	0	0	0	0	0	0	1	1	1	1	1	1	1	1	99	0	0	0	0	0	0	0	0	0	0	0	0	0	0	0	0	0	0	0	0	0	0	0	0	0	0	0	0	0	0	0	0	0	0	0	0	0	0	0	0	0	0	0	0	0	1	0	0	0	0	0	0	0	0	0	0	0	0	0	239	0	0	0	0	0	0	0	0	0	0	0	0	0	0	0	0	0	0	0	0	0	0	0	0	0	0	0	0	0	0	0	0	0	0	1	
	63211	1	0	드래곤나이트_방어구_1차_베리에이션세트A	47448	1	69DDA0	42022	48448	0	0	74001	39999	0	20029	0	911	0	Null	0	Null	0	0	0	0	1	0	0	0	0	0	0	0	2	2	255	0	0	0	0	0	0	0	0	0	0	0	0	0	0	0	0	0	0	0	0	0	0	0	0	0	0	0	0	0	1	1	1	1	1	1	1	1	99	0	0	0	0	0	0	0	0	0	0	0	0	0	0	0	0	0	0	0	0	0	0	0	0	0	0	0	0	0	0	0	0	0	0	0	0	0	0	0	0	0	0	0	0	0	1	0	0	0	0	0	0	0	0	0	0	0	0	0	240	0	0	0	0	0	0	0	0	0	0	0	0	0	0	0	0	0	0	0	0	0	0	0	0	0	0	0	0	0	0	0	0	0	0	1	
	63212	1	0	드래곤나이트_방어구_2차_베리에이션세트A	47449	1	69DDA0	42022	48449	0	0	74002	39999	0	20029	0	911	0	Null	0	Null	0	0	0	0	1	0	0	0	0	0	0	0	2	2	255	0	0	0	0	0	0	0	0	0	0	0	0	0	0	0	0	0	0	0	0	0	0	0	0	0	0	0	0	0	1	1	1	1	1	1	1	1	99	0	0	0	0	0	0	0	0	0	0	0	0	0	0	0	0	0	0	0	0	0	0	0	0	0	0	0	0	0	0	0	0	0	0	0	0	0	0	0	0	0	0	0	0	0	1	0	0	0	0	0	0	0	0	0	0	0	0	0	241	0	0	0	0	0	0	0	0	0	0	0	0	0	0	0	0	0	0	0	0	0	0	0	0	0	0	0	0	0	0	0	0	0	0	1	
	63213	1	0	드래곤나이트_방어구_3차_베리에이션세트A	47450	1	69DDA0	42022	48450	0	0	74003	39999	0	20029	0	911	0	Null	0	Null	0	0	0	0	1	0	0	0	0	0	0	0	2	2	255	0	0	0	0	0	0	0	0	0	0	0	0	0	0	0	0	0	0	0	0	0	0	0	0	0	0	0	0	0	1	1	1	1	1	1	1	1	99	0	0	0	0	0	0	0	0	0	0	0	0	0	0	0	0	0	0	0	0	0	0	0	0	0	0	0	0	0	0	0	0	0	0	0	0	0	0	0	0	0	0	0	0	0	1	0	0	0	0	0	0	0	0	0	0	0	0	0	242	0	0	0	0	0	0	0	0	0	0	0	0	0	0	0	0	0	0	0	0	0	0	0	0	0	0	0	0	0	0	0	0	0	0	1	
	63214	1	0	드래곤나이트_방어구_4차_베리에이션세트A	47451	1	69DDA0	42022	48451	0	0	74004	39999	0	20029	0	911	0	Null	0	Null	0	0	0	0	1	0	0	0	0	0	0	0	2	2	255	0	0	0	0	0	0	0	0	0	0	0	0	0	0	0	0	0	0	0	0	0	0	0	0	0	0	0	0	0	1	1	1	1	1	1	1	1	99	0	0	0	0	0	0	0	0	0	0	0	0	0	0	0	0	0	0	0	0	0	0	0	0	0	0	0	0	0	0	0	0	0	0	0	0	0	0	0	0	0	0	0	0	0	1	0	0	0	0	0	0	0	0	0	0	0	0	0	243	0	0	0	0	0	0	0	0	0	0	0	0	0	0	0	0	0	0	0	0	0	0	0	0	0	0	0	0	0	0	0	0	0	0	1	
	63215	1	0	드래곤나이트_방어구_5차_베리에이션세트A	47452	1	69DDA0	42022	48452	0	0	74005	39999	0	20029	0	911	0	Null	0	Null	0	0	0	0	1	0	0	0	0	0	0	0	2	2	255	0	0	0	0	0	0	0	0	0	0	0	0	0	0	0	0	0	0	0	0	0	0	0	0	0	0	0	0	0	1	1	1	1	1	1	1	1	99	0	0	0	0	0	0	0	0	0	0	0	0	0	0	0	0	0	0	0	0	0	0	0	0	0	0	0	0	0	0	0	0	0	0	0	0	0	0	0	0	0	0	0	0	0	1	0	0	0	0	0	0	0	0	0	0	0	0	0	244	0	0	0	0	0	0	0	0	0	0	0	0	0	0	0	0	0	0	0	0	0	0	0	0	0	0	0	0	0	0	0	0	0	0	1	
	63216	1	0	드래곤나이트_방어구_6차_베리에이션세트A	47453	1	69DDA0	42022	48453	0	0	74006	39999	0	20029	0	911	0	Null	0	Null	0	0	0	0	1	0	0	0	0	0	0	0	2	2	255	0	0	0	0	0	0	0	0	0	0	0	0	0	0	0	0	0	0	0	0	0	0	0	0	0	0	0	0	0	1	1	1	1	1	1	1	1	99	0	0	0	0	0	0	0	0	0	0	0	0	0	0	0	0	0	0	0	0	0	0	0	0	0	0	0	0	0	0	0	0	0	0	0	0	0	0	0	0	0	0	0	0	0	1	0	0	0	0	0	0	0	0	0	0	0	0	0	245	0	0	0	0	0	0	0	0	0	0	0	0	0	0	0	0	0	0	0	0	0	0	0	0	0	0	0	0	0	0	0	0	0	0	1	
	63217	1	0	드래곤나이트_방어구_7차_베리에이션세트A	47454	1	69DDA0	42022	48454	0	0	74007	39999	0	20029	0	911	0	Null	0	Null	0	0	0	0	1	0	0	0	0	0	0	0	2	2	255	0	0	0	0	0	0	0	0	0	0	0	0	0	0	0	0	0	0	0	0	0	0	0	0	0	0	0	0	0	1	1	1	1	1	1	1	1	99	0	0	0	0	0	0	0	0	0	0	0	0	0	0	0	0	0	0	0	0	0	0	0	0	0	0	0	0	0	0	0	0	0	0	0	0	0	0	0	0	0	0	0	0	0	1	0	0	0	0	0	0	0	0	0	0	0	0	0	246	0	0	0	0	0	0	0	0	0	0	0	0	0	0	0	0	0	0	0	0	0	0	0	0	0	0	0	0	0	0	0	0	0	0	1	
	63218	1	0	드래곤나이트_방어구_8차_베리에이션세트A	47455	1	69DDA0	42022	48455	0	0	74008	39999	0	20029	0	911	0	Null	0	Null	0	0	0	0	1	0	0	0	0	0	0	0	2	2	255	0	0	0	0	0	0	0	0	0	0	0	0	0	0	0	0	0	0	0	0	0	0	0	0	0	0	0	0	0	1	1	1	1	1	1	1	1	99	0	0	0	0	0	0	0	0	0	0	0	0	0	0	0	0	0	0	0	0	0	0	0	0	0	0	0	0	0	0	0	0	0	0	0	0	0	0	0	0	0	0	0	0	0	1	0	0	0	0	0	0	0	0	0	0	0	0	0	247	0	0	0	0	0	0	0	0	0	0	0	0	0	0	0	0	0	0	0	0	0	0	0	0	0	0	0	0	0	0	0	0	0	0	1	
	63219	1	0	드래곤나이트_방어구_9차_베리에이션세트A	47456	1	69DDA0	42022	48456	0	0	74009	39999	0	20029	0	911	0	Null	0	Null	0	0	0	0	1	0	0	0	0	0	0	0	2	2	255	0	0	0	0	0	0	0	0	0	0	0	0	0	0	0	0	0	0	0	0	0	0	0	0	0	0	0	0	0	1	1	1	1	1	1	1	1	99	0	0	0	0	0	0	0	0	0	0	0	0	0	0	0	0	0	0	0	0	0	0	0	0	0	0	0	0	0	0	0	0	0	0	0	0	0	0	0	0	0	0	0	0	0	1	0	0	0	0	0	0	0	0	0	0	0	0	0	248	0	0	0	0	0	0	0	0	0	0	0	0	0	0	0	0	0	0	0	0	0	0	0	0	0	0	0	0	0	0	0	0	0	0	1	
	63220	1	0	드래곤나이트_방어구_10차_베리에이션세트A	47457	1	69DDA0	42022	48457	0	0	74010	39999	0	20029	0	911	0	Null	0	Null	0	0	0	0	1	0	0	0	0	0	0	0	2	2	255	0	0	0	0	0	0	0	0	0	0	0	0	0	0	0	0	0	0	0	0	0	0	0	0	0	0	0	0	0	1	1	1	1	1	1	1	1	99	0	0	0	0	0	0	0	0	0	0	0	0	0	0	0	0	0	0	0	0	0	0	0	0	0	0	0	0	0	0	0	0	0	0	0	0	0	0	0	0	0	0	0	0	0	1	0	0	0	0	0	0	0	0	0	0	0	0	0	249	0	0	0	0	0	0	0	0	0	0	0	0	0	0	0	0	0	0	0	0	0	0	0	0	0	0	0	0	0	0	0	0	0	0	1	
	63221	1	0	섀도우_방어구_1차_베리에이션세트A	47458	1	69DDA0	42022	48458	0	0	74001	39999	0	20029	0	911	0	Null	0	Null	0	0	0	0	1	0	0	0	0	0	0	0	2	2	255	0	0	0	0	0	0	0	0	0	0	0	0	0	0	0	0	0	0	0	0	0	0	0	0	0	0	0	0	0	1	1	1	1	1	1	1	1	99	0	0	0	0	0	0	0	0	0	0	0	0	0	0	0	0	0	0	0	0	0	0	0	0	0	0	0	0	0	0	0	0	0	0	0	0	0	0	0	0	0	0	0	0	0	1	0	0	0	0	0	0	0	0	0	0	0	0	0	250	0	0	0	0	0	0	0	0	0	0	0	0	0	0	0	0	0	0	0	0	0	0	0	0	0	0	0	0	0	0	0	0	0	0	1	
	63222	1	0	섀도우_방어구_2차_베리에이션세트A	47459	1	69DDA0	42022	48459	0	0	74002	39999	0	20029	0	911	0	Null	0	Null	0	0	0	0	1	0	0	0	0	0	0	0	2	2	255	0	0	0	0	0	0	0	0	0	0	0	0	0	0	0	0	0	0	0	0	0	0	0	0	0	0	0	0	0	1	1	1	1	1	1	1	1	99	0	0	0	0	0	0	0	0	0	0	0	0	0	0	0	0	0	0	0	0	0	0	0	0	0	0	0	0	0	0	0	0	0	0	0	0	0	0	0	0	0	0	0	0	0	1	0	0	0	0	0	0	0	0	0	0	0	0	0	251	0	0	0	0	0	0	0	0	0	0	0	0	0	0	0	0	0	0	0	0	0	0	0	0	0	0	0	0	0	0	0	0	0	0	1	
	63223	1	0	섀도우_방어구_3차_베리에이션세트A	47460	1	69DDA0	42022	48460	0	0	74003	39999	0	20029	0	911	0	Null	0	Null	0	0	0	0	1	0	0	0	0	0	0	0	2	2	255	0	0	0	0	0	0	0	0	0	0	0	0	0	0	0	0	0	0	0	0	0	0	0	0	0	0	0	0	0	1	1	1	1	1	1	1	1	99	0	0	0	0	0	0	0	0	0	0	0	0	0	0	0	0	0	0	0	0	0	0	0	0	0	0	0	0	0	0	0	0	0	0	0	0	0	0	0	0	0	0	0	0	0	1	0	0	0	0	0	0	0	0	0	0	0	0	0	252	0	0	0	0	0	0	0	0	0	0	0	0	0	0	0	0	0	0	0	0	0	0	0	0	0	0	0	0	0	0	0	0	0	0	1	
	63224	1	0	섀도우_방어구_4차_베리에이션세트A	47461	1	69DDA0	42022	48461	0	0	74004	39999	0	20029	0	911	0	Null	0	Null	0	0	0	0	1	0	0	0	0	0	0	0	2	2	255	0	0	0	0	0	0	0	0	0	0	0	0	0	0	0	0	0	0	0	0	0	0	0	0	0	0	0	0	0	1	1	1	1	1	1	1	1	99	0	0	0	0	0	0	0	0	0	0	0	0	0	0	0	0	0	0	0	0	0	0	0	0	0	0	0	0	0	0	0	0	0	0	0	0	0	0	0	0	0	0	0	0	0	1	0	0	0	0	0	0	0	0	0	0	0	0	0	253	0	0	0	0	0	0	0	0	0	0	0	0	0	0	0	0	0	0	0	0	0	0	0	0	0	0	0	0	0	0	0	0	0	0	1	
	63225	1	0	섀도우_방어구_5차_베리에이션세트A	47462	1	69DDA0	42022	48462	0	0	74005	39999	0	20029	0	911	0	Null	0	Null	0	0	0	0	1	0	0	0	0	0	0	0	2	2	255	0	0	0	0	0	0	0	0	0	0	0	0	0	0	0	0	0	0	0	0	0	0	0	0	0	0	0	0	0	1	1	1	1	1	1	1	1	99	0	0	0	0	0	0	0	0	0	0	0	0	0	0	0	0	0	0	0	0	0	0	0	0	0	0	0	0	0	0	0	0	0	0	0	0	0	0	0	0	0	0	0	0	0	1	0	0	0	0	0	0	0	0	0	0	0	0	0	254	0	0	0	0	0	0	0	0	0	0	0	0	0	0	0	0	0	0	0	0	0	0	0	0	0	0	0	0	0	0	0	0	0	0	1	
	63226	1	0	섀도우_방어구_6차_베리에이션세트A	47463	1	69DDA0	42022	48463	0	0	74006	39999	0	20029	0	911	0	Null	0	Null	0	0	0	0	1	0	0	0	0	0	0	0	2	2	255	0	0	0	0	0	0	0	0	0	0	0	0	0	0	0	0	0	0	0	0	0	0	0	0	0	0	0	0	0	1	1	1	1	1	1	1	1	99	0	0	0	0	0	0	0	0	0	0	0	0	0	0	0	0	0	0	0	0	0	0	0	0	0	0	0	0	0	0	0	0	0	0	0	0	0	0	0	0	0	0	0	0	0	1	0	0	0	0	0	0	0	0	0	0	0	0	0	255	0	0	0	0	0	0	0	0	0	0	0	0	0	0	0	0	0	0	0	0	0	0	0	0	0	0	0	0	0	0	0	0	0	0	1	
	63227	1	0	섀도우_방어구_7차_베리에이션세트A	47464	1	69DDA0	42022	48464	0	0	74007	39999	0	20029	0	911	0	Null	0	Null	0	0	0	0	1	0	0	0	0	0	0	0	2	2	255	0	0	0	0	0	0	0	0	0	0	0	0	0	0	0	0	0	0	0	0	0	0	0	0	0	0	0	0	0	1	1	1	1	1	1	1	1	99	0	0	0	0	0	0	0	0	0	0	0	0	0	0	0	0	0	0	0	0	0	0	0	0	0	0	0	0	0	0	0	0	0	0	0	0	0	0	0	0	0	0	0	0	0	1	0	0	0	0	0	0	0	0	0	0	0	0	0	256	0	0	0	0	0	0	0	0	0	0	0	0	0	0	0	0	0	0	0	0	0	0	0	0	0	0	0	0	0	0	0	0	0	0	1	
	63228	1	0	섀도우_방어구_8차_베리에이션세트A	47465	1	69DDA0	42022	48465	0	0	74008	39999	0	20029	0	911	0	Null	0	Null	0	0	0	0	1	0	0	0	0	0	0	0	2	2	255	0	0	0	0	0	0	0	0	0	0	0	0	0	0	0	0	0	0	0	0	0	0	0	0	0	0	0	0	0	1	1	1	1	1	1	1	1	99	0	0	0	0	0	0	0	0	0	0	0	0	0	0	0	0	0	0	0	0	0	0	0	0	0	0	0	0	0	0	0	0	0	0	0	0	0	0	0	0	0	0	0	0	0	1	0	0	0	0	0	0	0	0	0	0	0	0	0	257	0	0	0	0	0	0	0	0	0	0	0	0	0	0	0	0	0	0	0	0	0	0	0	0	0	0	0	0	0	0	0	0	0	0	1	
	63229	1	0	섀도우_방어구_9차_베리에이션세트A	47466	1	69DDA0	42022	48466	0	0	74009	39999	0	20029	0	911	0	Null	0	Null	0	0	0	0	1	0	0	0	0	0	0	0	2	2	255	0	0	0	0	0	0	0	0	0	0	0	0	0	0	0	0	0	0	0	0	0	0	0	0	0	0	0	0	0	1	1	1	1	1	1	1	1	99	0	0	0	0	0	0	0	0	0	0	0	0	0	0	0	0	0	0	0	0	0	0	0	0	0	0	0	0	0	0	0	0	0	0	0	0	0	0	0	0	0	0	0	0	0	1	0	0	0	0	0	0	0	0	0	0	0	0	0	258	0	0	0	0	0	0	0	0	0	0	0	0	0	0	0	0	0	0	0	0	0	0	0	0	0	0	0	0	0	0	0	0	0	0	1	
	63230	1	0	섀도우_방어구_10차_베리에이션세트A	47467	1	69DDA0	42022	48467	0	0	74010	39999	0	20029	0	911	0	Null	0	Null	0	0	0	0	1	0	0	0	0	0	0	0	2	2	255	0	0	0	0	0	0	0	0	0	0	0	0	0	0	0	0	0	0	0	0	0	0	0	0	0	0	0	0	0	1	1	1	1	1	1	1	1	99	0	0	0	0	0	0	0	0	0	0	0	0	0	0	0	0	0	0	0	0	0	0	0	0	0	0	0	0	0	0	0	0	0	0	0	0	0	0	0	0	0	0	0	0	0	1	0	0	0	0	0	0	0	0	0	0	0	0	0	259	0	0	0	0	0	0	0	0	0	0	0	0	0	0	0	0	0	0	0	0	0	0	0	0	0	0	0	0	0	0	0	0	0	0	1	
	63231	1	0	발키리_방어구_1차_베리에이션세트A	47468	1	69DDA0	42022	48468	0	0	74001	39999	0	20029	0	911	0	Null	0	Null	0	0	0	0	1	0	0	0	0	0	0	0	2	2	255	0	0	0	0	0	0	0	0	0	0	0	0	0	0	0	0	0	0	0	0	0	0	0	0	0	0	0	0	0	1	1	1	1	1	1	1	1	99	0	0	0	0	0	0	0	0	0	0	0	0	0	0	0	0	0	0	0	0	0	0	0	0	0	0	0	0	0	0	0	0	0	0	0	0	0	0	0	0	0	0	0	0	0	1	0	0	0	0	0	0	0	0	0	0	0	0	0	260	0	0	0	0	0	0	0	0	0	0	0	0	0	0	0	0	0	0	0	0	0	0	0	0	0	0	0	0	0	0	0	0	0	0	1	
	63232	1	0	발키리_방어구_2차_베리에이션세트A	47469	1	69DDA0	42022	48469	0	0	74002	39999	0	20029	0	911	0	Null	0	Null	0	0	0	0	1	0	0	0	0	0	0	0	2	2	255	0	0	0	0	0	0	0	0	0	0	0	0	0	0	0	0	0	0	0	0	0	0	0	0	0	0	0	0	0	1	1	1	1	1	1	1	1	99	0	0	0	0	0	0	0	0	0	0	0	0	0	0	0	0	0	0	0	0	0	0	0	0	0	0	0	0	0	0	0	0	0	0	0	0	0	0	0	0	0	0	0	0	0	1	0	0	0	0	0	0	0	0	0	0	0	0	0	261	0	0	0	0	0	0	0	0	0	0	0	0	0	0	0	0	0	0	0	0	0	0	0	0	0	0	0	0	0	0	0	0	0	0	1	
	63233	1	0	발키리_방어구_3차_베리에이션세트A	47470	1	69DDA0	42022	48470	0	0	74003	39999	0	20029	0	911	0	Null	0	Null	0	0	0	0	1	0	0	0	0	0	0	0	2	2	255	0	0	0	0	0	0	0	0	0	0	0	0	0	0	0	0	0	0	0	0	0	0	0	0	0	0	0	0	0	1	1	1	1	1	1	1	1	99	0	0	0	0	0	0	0	0	0	0	0	0	0	0	0	0	0	0	0	0	0	0	0	0	0	0	0	0	0	0	0	0	0	0	0	0	0	0	0	0	0	0	0	0	0	1	0	0	0	0	0	0	0	0	0	0	0	0	0	262	0	0	0	0	0	0	0	0	0	0	0	0	0	0	0	0	0	0	0	0	0	0	0	0	0	0	0	0	0	0	0	0	0	0	1	
	63234	1	0	발키리_방어구_4차_베리에이션세트A	47471	1	69DDA0	42022	48471	0	0	74004	39999	0	20029	0	911	0	Null	0	Null	0	0	0	0	1	0	0	0	0	0	0	0	2	2	255	0	0	0	0	0	0	0	0	0	0	0	0	0	0	0	0	0	0	0	0	0	0	0	0	0	0	0	0	0	1	1	1	1	1	1	1	1	99	0	0	0	0	0	0	0	0	0	0	0	0	0	0	0	0	0	0	0	0	0	0	0	0	0	0	0	0	0	0	0	0	0	0	0	0	0	0	0	0	0	0	0	0	0	1	0	0	0	0	0	0	0	0	0	0	0	0	0	263	0	0	0	0	0	0	0	0	0	0	0	0	0	0	0	0	0	0	0	0	0	0	0	0	0	0	0	0	0	0	0	0	0	0	1	
	63235	1	0	발키리_방어구_5차_베리에이션세트A	47472	1	69DDA0	42022	48472	0	0	74005	39999	0	20029	0	911	0	Null	0	Null	0	0	0	0	1	0	0	0	0	0	0	0	2	2	255	0	0	0	0	0	0	0	0	0	0	0	0	0	0	0	0	0	0	0	0	0	0	0	0	0	0	0	0	0	1	1	1	1	1	1	1	1	99	0	0	0	0	0	0	0	0	0	0	0	0	0	0	0	0	0	0	0	0	0	0	0	0	0	0	0	0	0	0	0	0	0	0	0	0	0	0	0	0	0	0	0	0	0	1	0	0	0	0	0	0	0	0	0	0	0	0	0	264	0	0	0	0	0	0	0	0	0	0	0	0	0	0	0	0	0	0	0	0	0	0	0	0	0	0	0	0	0	0	0	0	0	0	1	
	63236	1	0	발키리_방어구_6차_베리에이션세트A	47473	1	69DDA0	42022	48473	0	0	74006	39999	0	20029	0	911	0	Null	0	Null	0	0	0	0	1	0	0	0	0	0	0	0	2	2	255	0	0	0	0	0	0	0	0	0	0	0	0	0	0	0	0	0	0	0	0	0	0	0	0	0	0	0	0	0	1	1	1	1	1	1	1	1	99	0	0	0	0	0	0	0	0	0	0	0	0	0	0	0	0	0	0	0	0	0	0	0	0	0	0	0	0	0	0	0	0	0	0	0	0	0	0	0	0	0	0	0	0	0	1	0	0	0	0	0	0	0	0	0	0	0	0	0	265	0	0	0	0	0	0	0	0	0	0	0	0	0	0	0	0	0	0	0	0	0	0	0	0	0	0	0	0	0	0	0	0	0	0	1	
	63237	1	0	발키리_방어구_7차_베리에이션세트A	47474	1	69DDA0	42022	48474	0	0	74007	39999	0	20029	0	911	0	Null	0	Null	0	0	0	0	1	0	0	0	0	0	0	0	2	2	255	0	0	0	0	0	0	0	0	0	0	0	0	0	0	0	0	0	0	0	0	0	0	0	0	0	0	0	0	0	1	1	1	1	1	1	1	1	99	0	0	0	0	0	0	0	0	0	0	0	0	0	0	0	0	0	0	0	0	0	0	0	0	0	0	0	0	0	0	0	0	0	0	0	0	0	0	0	0	0	0	0	0	0	1	0	0	0	0	0	0	0	0	0	0	0	0	0	266	0	0	0	0	0	0	0	0	0	0	0	0	0	0	0	0	0	0	0	0	0	0	0	0	0	0	0	0	0	0	0	0	0	0	1	
	63238	1	0	발키리_방어구_8차_베리에이션세트A	47475	1	69DDA0	42022	48475	0	0	74008	39999	0	20029	0	911	0	Null	0	Null	0	0	0	0	1	0	0	0	0	0	0	0	2	2	255	0	0	0	0	0	0	0	0	0	0	0	0	0	0	0	0	0	0	0	0	0	0	0	0	0	0	0	0	0	1	1	1	1	1	1	1	1	99	0	0	0	0	0	0	0	0	0	0	0	0	0	0	0	0	0	0	0	0	0	0	0	0	0	0	0	0	0	0	0	0	0	0	0	0	0	0	0	0	0	0	0	0	0	1	0	0	0	0	0	0	0	0	0	0	0	0	0	267	0	0	0	0	0	0	0	0	0	0	0	0	0	0	0	0	0	0	0	0	0	0	0	0	0	0	0	0	0	0	0	0	0	0	1	
	63239	1	0	발키리_방어구_9차_베리에이션세트A	47476	1	69DDA0	42022	48476	0	0	74009	39999	0	20029	0	911	0	Null	0	Null	0	0	0	0	1	0	0	0	0	0	0	0	2	2	255	0	0	0	0	0	0	0	0	0	0	0	0	0	0	0	0	0	0	0	0	0	0	0	0	0	0	0	0	0	1	1	1	1	1	1	1	1	99	0	0	0	0	0	0	0	0	0	0	0	0	0	0	0	0	0	0	0	0	0	0	0	0	0	0	0	0	0	0	0	0	0	0	0	0	0	0	0	0	0	0	0	0	0	1	0	0	0	0	0	0	0	0	0	0	0	0	0	268	0	0	0	0	0	0	0	0	0	0	0	0	0	0	0	0	0	0	0	0	0	0	0	0	0	0	0	0	0	0	0	0	0	0	1	
	63240	1	0	발키리_방어구_10차_베리에이션세트A	47477	1	69DDA0	42022	48477	0	0	74010	39999	0	20029	0	911	0	Null	0	Null	0	0	0	0	1	0	0	0	0	0	0	0	2	2	255	0	0	0	0	0	0	0	0	0	0	0	0	0	0	0	0	0	0	0	0	0	0	0	0	0	0	0	0	0	1	1	1	1	1	1	1	1	99	0	0	0	0	0	0	0	0	0	0	0	0	0	0	0	0	0	0	0	0	0	0	0	0	0	0	0	0	0	0	0	0	0	0	0	0	0	0	0	0	0	0	0	0	0	1	0	0	0	0	0	0	0	0	0	0	0	0	0	269	0	0	0	0	0	0	0	0	0	0	0	0	0	0	0	0	0	0	0	0	0	0	0	0	0	0	0	0	0	0	0	0	0	0	1	
	63241	1	0	엘리멘탈리스트_방어구_1차_베리에이션세트A	47478	1	69DDA0	42022	48478	0	0	74001	39999	0	20029	0	911	0	Null	0	Null	0	0	0	0	1	0	0	0	0	0	0	0	2	2	255	0	0	0	0	0	0	0	0	0	0	0	0	0	0	0	0	0	0	0	0	0	0	0	0	0	0	0	0	0	1	1	1	1	1	1	1	1	99	0	0	0	0	0	0	0	0	0	0	0	0	0	0	0	0	0	0	0	0	0	0	0	0	0	0	0	0	0	0	0	0	0	0	0	0	0	0	0	0	0	0	0	0	0	1	0	0	0	0	0	0	0	0	0	0	0	0	0	270	0	0	0	0	0	0	0	0	0	0	0	0	0	0	0	0	0	0	0	0	0	0	0	0	0	0	0	0	0	0	0	0	0	0	1	
	63242	1	0	엘리멘탈리스트_방어구_2차_베리에이션세트A	47479	1	69DDA0	42022	48479	0	0	74002	39999	0	20029	0	911	0	Null	0	Null	0	0	0	0	1	0	0	0	0	0	0	0	2	2	255	0	0	0	0	0	0	0	0	0	0	0	0	0	0	0	0	0	0	0	0	0	0	0	0	0	0	0	0	0	1	1	1	1	1	1	1	1	99	0	0	0	0	0	0	0	0	0	0	0	0	0	0	0	0	0	0	0	0	0	0	0	0	0	0	0	0	0	0	0	0	0	0	0	0	0	0	0	0	0	0	0	0	0	1	0	0	0	0	0	0	0	0	0	0	0	0	0	271	0	0	0	0	0	0	0	0	0	0	0	0	0	0	0	0	0	0	0	0	0	0	0	0	0	0	0	0	0	0	0	0	0	0	1	
	63243	1	0	엘리멘탈리스트_방어구_3차_베리에이션세트A	47480	1	69DDA0	42022	48480	0	0	74003	39999	0	20029	0	911	0	Null	0	Null	0	0	0	0	1	0	0	0	0	0	0	0	2	2	255	0	0	0	0	0	0	0	0	0	0	0	0	0	0	0	0	0	0	0	0	0	0	0	0	0	0	0	0	0	1	1	1	1	1	1	1	1	99	0	0	0	0	0	0	0	0	0	0	0	0	0	0	0	0	0	0	0	0	0	0	0	0	0	0	0	0	0	0	0	0	0	0	0	0	0	0	0	0	0	0	0	0	0	1	0	0	0	0	0	0	0	0	0	0	0	0	0	272	0	0	0	0	0	0	0	0	0	0	0	0	0	0	0	0	0	0	0	0	0	0	0	0	0	0	0	0	0	0	0	0	0	0	1	
	63244	1	0	엘리멘탈리스트_방어구_4차_베리에이션세트A	47481	1	69DDA0	42022	48481	0	0	74004	39999	0	20029	0	911	0	Null	0	Null	0	0	0	0	1	0	0	0	0	0	0	0	2	2	255	0	0	0	0	0	0	0	0	0	0	0	0	0	0	0	0	0	0	0	0	0	0	0	0	0	0	0	0	0	1	1	1	1	1	1	1	1	99	0	0	0	0	0	0	0	0	0	0	0	0	0	0	0	0	0	0	0	0	0	0	0	0	0	0	0	0	0	0	0	0	0	0	0	0	0	0	0	0	0	0	0	0	0	1	0	0	0	0	0	0	0	0	0	0	0	0	0	273	0	0	0	0	0	0	0	0	0	0	0	0	0	0	0	0	0	0	0	0	0	0	0	0	0	0	0	0	0	0	0	0	0	0	1	
	63245	1	0	엘리멘탈리스트_방어구_5차_베리에이션세트A	47482	1	69DDA0	42022	48482	0	0	74005	39999	0	20029	0	911	0	Null	0	Null	0	0	0	0	1	0	0	0	0	0	0	0	2	2	255	0	0	0	0	0	0	0	0	0	0	0	0	0	0	0	0	0	0	0	0	0	0	0	0	0	0	0	0	0	1	1	1	1	1	1	1	1	99	0	0	0	0	0	0	0	0	0	0	0	0	0	0	0	0	0	0	0	0	0	0	0	0	0	0	0	0	0	0	0	0	0	0	0	0	0	0	0	0	0	0	0	0	0	1	0	0	0	0	0	0	0	0	0	0	0	0	0	274	0	0	0	0	0	0	0	0	0	0	0	0	0	0	0	0	0	0	0	0	0	0	0	0	0	0	0	0	0	0	0	0	0	0	1	
	63246	1	0	엘리멘탈리스트_방어구_6차_베리에이션세트A	47483	1	69DDA0	42022	48483	0	0	74006	39999	0	20029	0	911	0	Null	0	Null	0	0	0	0	1	0	0	0	0	0	0	0	2	2	255	0	0	0	0	0	0	0	0	0	0	0	0	0	0	0	0	0	0	0	0	0	0	0	0	0	0	0	0	0	1	1	1	1	1	1	1	1	99	0	0	0	0	0	0	0	0	0	0	0	0	0	0	0	0	0	0	0	0	0	0	0	0	0	0	0	0	0	0	0	0	0	0	0	0	0	0	0	0	0	0	0	0	0	1	0	0	0	0	0	0	0	0	0	0	0	0	0	275	0	0	0	0	0	0	0	0	0	0	0	0	0	0	0	0	0	0	0	0	0	0	0	0	0	0	0	0	0	0	0	0	0	0	1	
	63247	1	0	엘리멘탈리스트_방어구_7차_베리에이션세트A	47484	1	69DDA0	42022	48484	0	0	74007	39999	0	20029	0	911	0	Null	0	Null	0	0	0	0	1	0	0	0	0	0	0	0	2	2	255	0	0	0	0	0	0	0	0	0	0	0	0	0	0	0	0	0	0	0	0	0	0	0	0	0	0	0	0	0	1	1	1	1	1	1	1	1	99	0	0	0	0	0	0	0	0	0	0	0	0	0	0	0	0	0	0	0	0	0	0	0	0	0	0	0	0	0	0	0	0	0	0	0	0	0	0	0	0	0	0	0	0	0	1	0	0	0	0	0	0	0	0	0	0	0	0	0	276	0	0	0	0	0	0	0	0	0	0	0	0	0	0	0	0	0	0	0	0	0	0	0	0	0	0	0	0	0	0	0	0	0	0	1	
	63248	1	0	엘리멘탈리스트_방어구_8차_베리에이션세트A	47485	1	69DDA0	42022	48485	0	0	74008	39999	0	20029	0	911	0	Null	0	Null	0	0	0	0	1	0	0	0	0	0	0	0	2	2	255	0	0	0	0	0	0	0	0	0	0	0	0	0	0	0	0	0	0	0	0	0	0	0	0	0	0	0	0	0	1	1	1	1	1	1	1	1	99	0	0	0	0	0	0	0	0	0	0	0	0	0	0	0	0	0	0	0	0	0	0	0	0	0	0	0	0	0	0	0	0	0	0	0	0	0	0	0	0	0	0	0	0	0	1	0	0	0	0	0	0	0	0	0	0	0	0	0	277	0	0	0	0	0	0	0	0	0	0	0	0	0	0	0	0	0	0	0	0	0	0	0	0	0	0	0	0	0	0	0	0	0	0	1	
	63249	1	0	엘리멘탈리스트_방어구_9차_베리에이션세트A	47486	1	69DDA0	42022	48486	0	0	74009	39999	0	20029	0	911	0	Null	0	Null	0	0	0	0	1	0	0	0	0	0	0	0	2	2	255	0	0	0	0	0	0	0	0	0	0	0	0	0	0	0	0	0	0	0	0	0	0	0	0	0	0	0	0	0	1	1	1	1	1	1	1	1	99	0	0	0	0	0	0	0	0	0	0	0	0	0	0	0	0	0	0	0	0	0	0	0	0	0	0	0	0	0	0	0	0	0	0	0	0	0	0	0	0	0	0	0	0	0	1	0	0	0	0	0	0	0	0	0	0	0	0	0	278	0	0	0	0	0	0	0	0	0	0	0	0	0	0	0	0	0	0	0	0	0	0	0	0	0	0	0	0	0	0	0	0	0	0	1	
	63250	1	0	엘리멘탈리스트_방어구_10차_베리에이션세트A	47487	1	69DDA0	42022	48487	0	0	74010	39999	0	20029	0	911	0	Null	0	Null	0	0	0	0	1	0	0	0	0	0	0	0	2	2	255	0	0	0	0	0	0	0	0	0	0	0	0	0	0	0	0	0	0	0	0	0	0	0	0	0	0	0	0	0	1	1	1	1	1	1	1	1	99	0	0	0	0	0	0	0	0	0	0	0	0	0	0	0	0	0	0	0	0	0	0	0	0	0	0	0	0	0	0	0	0	0	0	0	0	0	0	0	0	0	0	0	0	0	1	0	0	0	0	0	0	0	0	0	0	0	0	0	279	0	0	0	0	0	0	0	0	0	0	0	0	0	0	0	0	0	0	0	0	0	0	0	0	0	0	0	0	0	0	0	0	0	0	1	
	63251	1	0	버서커_파괴신아폴로_세트	47531	1	69DDA0	42022	48531	0	0	74011	39999	0	20029	0	911	0	Null	0	Null	0	0	0	0	1	0	0	0	0	0	0	0	2	2	255	0	0	0	0	0	0	0	0	0	0	0	0	0	0	0	0	0	0	0	0	0	0	0	0	0	0	0	0	0	1	1	1	1	1	1	1	1	99	0	0	0	0	0	0	0	0	0	0	0	0	0	0	0	0	0	0	0	0	0	0	0	0	0	0	0	0	0	0	0	0	0	0	0	0	0	0	0	0	0	0	0	0	0	1	0	0	0	0	0	0	0	0	0	0	0	0	0	298	0	0	0	0	0	0	0	0	0	0	0	0	0	0	0	0	0	0	0	0	0	0	0	0	0	0	0	0	0	0	0	0	0	0	1	
	63252	1	0	드래곤_저주의아레스_세트	47532	1	69DDA0	42022	48532	0	0	74011	39999	0	20029	0	911	0	Null	0	Null	0	0	0	0	1	0	0	0	0	0	0	0	2	2	255	0	0	0	0	0	0	0	0	0	0	0	0	0	0	0	0	0	0	0	0	0	0	0	0	0	0	0	0	0	1	1	1	1	1	1	1	1	99	0	0	0	0	0	0	0	0	0	0	0	0	0	0	0	0	0	0	0	0	0	0	0	0	0	0	0	0	0	0	0	0	0	0	0	0	0	0	0	0	0	0	0	0	0	1	0	0	0	0	0	0	0	0	0	0	0	0	0	299	0	0	0	0	0	0	0	0	0	0	0	0	0	0	0	0	0	0	0	0	0	0	0	0	0	0	0	0	0	0	0	0	0	0	1	
	63253	1	0	섀도우_탐욕의헤르메스_세트	47533	1	69DDA0	42022	48533	0	0	74011	39999	0	20029	0	911	0	Null	0	Null	0	0	0	0	1	0	0	0	0	0	0	0	2	2	255	0	0	0	0	0	0	0	0	0	0	0	0	0	0	0	0	0	0	0	0	0	0	0	0	0	0	0	0	0	1	1	1	1	1	1	1	1	99	0	0	0	0	0	0	0	0	0	0	0	0	0	0	0	0	0	0	0	0	0	0	0	0	0	0	0	0	0	0	0	0	0	0	0	0	0	0	0	0	0	0	0	0	0	1	0	0	0	0	0	0	0	0	0	0	0	0	0	300	0	0	0	0	0	0	0	0	0	0	0	0	0	0	0	0	0	0	0	0	0	0	0	0	0	0	0	0	0	0	0	0	0	0	1	
	63254	1	0	발키리_타락한니케_세트	47534	1	69DDA0	42022	48534	0	0	74011	39999	0	20029	0	911	0	Null	0	Null	0	0	0	0	1	0	0	0	0	0	0	0	2	2	255	0	0	0	0	0	0	0	0	0	0	0	0	0	0	0	0	0	0	0	0	0	0	0	0	0	0	0	0	0	1	1	1	1	1	1	1	1	99	0	0	0	0	0	0	0	0	0	0	0	0	0	0	0	0	0	0	0	0	0	0	0	0	0	0	0	0	0	0	0	0	0	0	0	0	0	0	0	0	0	0	0	0	0	1	0	0	0	0	0	0	0	0	0	0	0	0	0	301	0	0	0	0	0	0	0	0	0	0	0	0	0	0	0	0	0	0	0	0	0	0	0	0	0	0	0	0	0	0	0	0	0	0	1	
	63255	1	0	엘리멘탈리스트_죽음의아르테미스_세트	47535	1	69DDA0	42022	48535	0	0	74011	39999	0	20029	0	911	0	Null	0	Null	0	0	0	0	1	0	0	0	0	0	0	0	2	2	255	0	0	0	0	0	0	0	0	0	0	0	0	0	0	0	0	0	0	0	0	0	0	0	0	0	0	0	0	0	1	1	1	1	1	1	1	1	99	0	0	0	0	0	0	0	0	0	0	0	0	0	0	0	0	0	0	0	0	0	0	0	0	0	0	0	0	0	0	0	0	0	0	0	0	0	0	0	0	0	0	0	0	0	1	0	0	0	0	0	0	0	0	0	0	0	0	0	302	0	0	0	0	0	0	0	0	0	0	0	0	0	0	0	0	0	0	0	0	0	0	0	0	0	0	0	0	0	0	0	0	0	0	1	
	63256	1	0	버서커_파괴신아폴로_스킨세트	47536	1	69DDA0	42022	48536	0	0	74011	39999	0	20029	0	911	0	Null	0	Null	0	0	0	0	1	0	0	0	0	0	0	0	2	2	255	0	0	0	0	0	0	0	0	0	0	0	0	0	0	0	0	0	0	0	0	0	0	0	0	0	0	0	0	0	1	1	1	1	1	1	1	1	99	0	0	0	0	0	0	0	0	0	0	0	0	0	0	0	0	0	0	0	0	0	0	0	0	0	0	0	0	0	0	0	0	0	0	0	0	0	0	0	0	0	0	0	0	0	1	0	0	0	0	0	0	0	0	0	0	0	0	0	303	0	0	0	0	0	0	0	0	0	0	0	0	0	0	0	0	0	0	0	0	0	0	0	0	0	0	0	0	0	0	0	0	0	0	1	
	63257	1	0	드래곤_저주의아레스_스킨세트	47537	1	69DDA0	42022	48537	0	0	74011	39999	0	20029	0	911	0	Null	0	Null	0	0	0	0	1	0	0	0	0	0	0	0	2	2	255	0	0	0	0	0	0	0	0	0	0	0	0	0	0	0	0	0	0	0	0	0	0	0	0	0	0	0	0	0	1	1	1	1	1	1	1	1	99	0	0	0	0	0	0	0	0	0	0	0	0	0	0	0	0	0	0	0	0	0	0	0	0	0	0	0	0	0	0	0	0	0	0	0	0	0	0	0	0	0	0	0	0	0	1	0	0	0	0	0	0	0	0	0	0	0	0	0	304	0	0	0	0	0	0	0	0	0	0	0	0	0	0	0	0	0	0	0	0	0	0	0	0	0	0	0	0	0	0	0	0	0	0	1	
	63258	1	0	섀도우_탐욕의헤르메스_스킨세트	47538	1	69DDA0	42022	48538	0	0	74011	39999	0	20029	0	911	0	Null	0	Null	0	0	0	0	1	0	0	0	0	0	0	0	2	2	255	0	0	0	0	0	0	0	0	0	0	0	0	0	0	0	0	0	0	0	0	0	0	0	0	0	0	0	0	0	1	1	1	1	1	1	1	1	99	0	0	0	0	0	0	0	0	0	0	0	0	0	0	0	0	0	0	0	0	0	0	0	0	0	0	0	0	0	0	0	0	0	0	0	0	0	0	0	0	0	0	0	0	0	1	0	0	0	0	0	0	0	0	0	0	0	0	0	305	0	0	0	0	0	0	0	0	0	0	0	0	0	0	0	0	0	0	0	0	0	0	0	0	0	0	0	0	0	0	0	0	0	0	1	
	63259	1	0	발키리_타락한니케_스킨세트	47539	1	69DDA0	42022	48539	0	0	74011	39999	0	20029	0	911	0	Null	0	Null	0	0	0	0	1	0	0	0	0	0	0	0	2	2	255	0	0	0	0	0	0	0	0	0	0	0	0	0	0	0	0	0	0	0	0	0	0	0	0	0	0	0	0	0	1	1	1	1	1	1	1	1	99	0	0	0	0	0	0	0	0	0	0	0	0	0	0	0	0	0	0	0	0	0	0	0	0	0	0	0	0	0	0	0	0	0	0	0	0	0	0	0	0	0	0	0	0	0	1	0	0	0	0	0	0	0	0	0	0	0	0	0	306	0	0	0	0	0	0	0	0	0	0	0	0	0	0	0	0	0	0	0	0	0	0	0	0	0	0	0	0	0	0	0	0	0	0	1	
	63260	1	0	엘리멘탈리스트_죽음의아르테미스_스킨세트	47540	1	69DDA0	42022	48540	0	0	74011	39999	0	20029	0	911	0	Null	0	Null	0	0	0	0	1	0	0	0	0	0	0	0	2	2	255	0	0	0	0	0	0	0	0	0	0	0	0	0	0	0	0	0	0	0	0	0	0	0	0	0	0	0	0	0	1	1	1	1	1	1	1	1	99	0	0	0	0	0	0	0	0	0	0	0	0	0	0	0	0	0	0	0	0	0	0	0	0	0	0	0	0	0	0	0	0	0	0	0	0	0	0	0	0	0	0	0	0	0	1	0	0	0	0	0	0	0	0	0	0	0	0	0	307	0	0	0	0	0	0	0	0	0	0	0	0	0	0	0	0	0	0	0	0	0	0	0	0	0	0	0	0	0	0	0	0	0	0	1	
	63261	1	0	버서커_아폴로-A스킨세트상자	47560	1	69DDA0	42022	48560	0	0	74011	39999	0	20029	0	911	0	Null	0	Null	0	0	0	0	1	0	0	0	0	0	0	0	2	2	255	0	0	0	0	0	0	0	0	0	0	0	0	0	0	0	0	0	0	0	0	0	0	0	0	0	0	0	0	0	1	1	1	1	1	1	1	1	99	0	0	0	0	0	0	0	0	0	0	0	0	0	0	0	0	0	0	0	0	0	0	0	0	0	0	0	0	0	0	0	0	0	0	0	0	0	0	0	0	0	0	0	0	0	1	0	0	0	0	0	0	0	0	0	0	0	0	0	280	0	0	0	0	0	0	0	0	0	0	0	0	0	0	0	0	0	0	0	0	0	0	0	0	0	0	0	0	0	0	0	0	0	0	1	
	63262	1	0	드래곤나이트_아레스-A스킨세트상자	47561	1	69DDA0	42022	48561	0	0	74011	39999	0	20029	0	911	0	Null	0	Null	0	0	0	0	1	0	0	0	0	0	0	0	2	2	255	0	0	0	0	0	0	0	0	0	0	0	0	0	0	0	0	0	0	0	0	0	0	0	0	0	0	0	0	0	1	1	1	1	1	1	1	1	99	0	0	0	0	0	0	0	0	0	0	0	0	0	0	0	0	0	0	0	0	0	0	0	0	0	0	0	0	0	0	0	0	0	0	0	0	0	0	0	0	0	0	0	0	0	1	0	0	0	0	0	0	0	0	0	0	0	0	0	281	0	0	0	0	0	0	0	0	0	0	0	0	0	0	0	0	0	0	0	0	0	0	0	0	0	0	0	0	0	0	0	0	0	0	1	
	63263	1	0	섀도우_헤르메스-A_스킨세트상자	47562	1	69DDA0	42022	48562	0	0	74011	39999	0	20029	0	911	0	Null	0	Null	0	0	0	0	1	0	0	0	0	0	0	0	2	2	255	0	0	0	0	0	0	0	0	0	0	0	0	0	0	0	0	0	0	0	0	0	0	0	0	0	0	0	0	0	1	1	1	1	1	1	1	1	99	0	0	0	0	0	0	0	0	0	0	0	0	0	0	0	0	0	0	0	0	0	0	0	0	0	0	0	0	0	0	0	0	0	0	0	0	0	0	0	0	0	0	0	0	0	1	0	0	0	0	0	0	0	0	0	0	0	0	0	282	0	0	0	0	0	0	0	0	0	0	0	0	0	0	0	0	0	0	0	0	0	0	0	0	0	0	0	0	0	0	0	0	0	0	1	
	63264	1	0	발키리_니케-A_스킨세트상자	47563	1	69DDA0	42022	48563	0	0	74011	39999	0	20029	0	911	0	Null	0	Null	0	0	0	0	1	0	0	0	0	0	0	0	2	2	255	0	0	0	0	0	0	0	0	0	0	0	0	0	0	0	0	0	0	0	0	0	0	0	0	0	0	0	0	0	1	1	1	1	1	1	1	1	99	0	0	0	0	0	0	0	0	0	0	0	0	0	0	0	0	0	0	0	0	0	0	0	0	0	0	0	0	0	0	0	0	0	0	0	0	0	0	0	0	0	0	0	0	0	1	0	0	0	0	0	0	0	0	0	0	0	0	0	283	0	0	0	0	0	0	0	0	0	0	0	0	0	0	0	0	0	0	0	0	0	0	0	0	0	0	0	0	0	0	0	0	0	0	1	
	63265	1	0	엘리_아르테미스-A_스킨세트상자	47564	1	69DDA0	42022	48564	0	0	74011	39999	0	20029	0	911	0	Null	0	Null	0	0	0	0	1	0	0	0	0	0	0	0	2	2	255	0	0	0	0	0	0	0	0	0	0	0	0	0	0	0	0	0	0	0	0	0	0	0	0	0	0	0	0	0	1	1	1	1	1	1	1	1	99	0	0	0	0	0	0	0	0	0	0	0	0	0	0	0	0	0	0	0	0	0	0	0	0	0	0	0	0	0	0	0	0	0	0	0	0	0	0	0	0	0	0	0	0	0	1	0	0	0	0	0	0	0	0	0	0	0	0	0	284	0	0	0	0	0	0	0	0	0	0	0	0	0	0	0	0	0	0	0	0	0	0	0	0	0	0	0	0	0	0	0	0	0	0	1	
//	[ID63201~] 아이템베리에이션 세트(B)							#N/A																								0																																																																																																																																									
	63462	1	0	버서커_방어구_5차_베리에이션세트B	48638	1	69DDA0	42022	48442	0	0	74005	39999	0	20029	0	911	0	Null	0	Null	0	0	0	0	1	0	0	0	0	0	0	0	2	2	255	0	0	0	0	0	0	0	0	0	0	0	0	0	0	0	0	0	0	0	0	0	0	0	0	0	0	0	0	0	1	1	1	1	1	1	1	1	99	0	0	0	0	0	0	0	0	0	0	0	0	0	0	0	0	0	0	0	0	0	0	0	0	0	0	0	0	0	0	0	0	0	0	0	0	0	0	0	0	0	0	0	0	0	1	0	0	0	0	0	0	0	0	0	0	0	0	0	1671	0	0	0	0	0	0	0	0	0	0	0	0	0	0	0	0	0	0	0	0	0	0	0	0	0	0	0	0	0	0	0	0	0	0	1	
	63463	1	0	버서커_방어구_6차_베리에이션세트B	48639	1	69DDA0	42022	48443	0	0	74006	39999	0	20029	0	911	0	Null	0	Null	0	0	0	0	1	0	0	0	0	0	0	0	2	2	255	0	0	0	0	0	0	0	0	0	0	0	0	0	0	0	0	0	0	0	0	0	0	0	0	0	0	0	0	0	1	1	1	1	1	1	1	1	99	0	0	0	0	0	0	0	0	0	0	0	0	0	0	0	0	0	0	0	0	0	0	0	0	0	0	0	0	0	0	0	0	0	0	0	0	0	0	0	0	0	0	0	0	0	1	0	0	0	0	0	0	0	0	0	0	0	0	0	1672	0	0	0	0	0	0	0	0	0	0	0	0	0	0	0	0	0	0	0	0	0	0	0	0	0	0	0	0	0	0	0	0	0	0	1	
	63464	1	0	버서커_방어구_7차_베리에이션세트B	48640	1	69DDA0	42022	48444	0	0	74007	39999	0	20029	0	911	0	Null	0	Null	0	0	0	0	1	0	0	0	0	0	0	0	2	2	255	0	0	0	0	0	0	0	0	0	0	0	0	0	0	0	0	0	0	0	0	0	0	0	0	0	0	0	0	0	1	1	1	1	1	1	1	1	99	0	0	0	0	0	0	0	0	0	0	0	0	0	0	0	0	0	0	0	0	0	0	0	0	0	0	0	0	0	0	0	0	0	0	0	0	0	0	0	0	0	0	0	0	0	1	0	0	0	0	0	0	0	0	0	0	0	0	0	1673	0	0	0	0	0	0	0	0	0	0	0	0	0	0	0	0	0	0	0	0	0	0	0	0	0	0	0	0	0	0	0	0	0	0	1	
	63465	1	0	버서커_방어구_8차_베리에이션세트B	48641	1	69DDA0	42022	48445	0	0	74008	39999	0	20029	0	911	0	Null	0	Null	0	0	0	0	1	0	0	0	0	0	0	0	2	2	255	0	0	0	0	0	0	0	0	0	0	0	0	0	0	0	0	0	0	0	0	0	0	0	0	0	0	0	0	0	1	1	1	1	1	1	1	1	99	0	0	0	0	0	0	0	0	0	0	0	0	0	0	0	0	0	0	0	0	0	0	0	0	0	0	0	0	0	0	0	0	0	0	0	0	0	0	0	0	0	0	0	0	0	1	0	0	0	0	0	0	0	0	0	0	0	0	0	1674	0	0	0	0	0	0	0	0	0	0	0	0	0	0	0	0	0	0	0	0	0	0	0	0	0	0	0	0	0	0	0	0	0	0	1	
	63466	1	0	드래곤나이트_방어구_5차_베리에이션세트B	48642	1	69DDA0	42022	48452	0	0	74005	39999	0	20029	0	911	0	Null	0	Null	0	0	0	0	1	0	0	0	0	0	0	0	2	2	255	0	0	0	0	0	0	0	0	0	0	0	0	0	0	0	0	0	0	0	0	0	0	0	0	0	0	0	0	0	1	1	1	1	1	1	1	1	99	0	0	0	0	0	0	0	0	0	0	0	0	0	0	0	0	0	0	0	0	0	0	0	0	0	0	0	0	0	0	0	0	0	0	0	0	0	0	0	0	0	0	0	0	0	1	0	0	0	0	0	0	0	0	0	0	0	0	0	1675	0	0	0	0	0	0	0	0	0	0	0	0	0	0	0	0	0	0	0	0	0	0	0	0	0	0	0	0	0	0	0	0	0	0	1	
	63467	1	0	드래곤나이트_방어구_6차_베리에이션세트B	48643	1	69DDA0	42022	48453	0	0	74006	39999	0	20029	0	911	0	Null	0	Null	0	0	0	0	1	0	0	0	0	0	0	0	2	2	255	0	0	0	0	0	0	0	0	0	0	0	0	0	0	0	0	0	0	0	0	0	0	0	0	0	0	0	0	0	1	1	1	1	1	1	1	1	99	0	0	0	0	0	0	0	0	0	0	0	0	0	0	0	0	0	0	0	0	0	0	0	0	0	0	0	0	0	0	0	0	0	0	0	0	0	0	0	0	0	0	0	0	0	1	0	0	0	0	0	0	0	0	0	0	0	0	0	1676	0	0	0	0	0	0	0	0	0	0	0	0	0	0	0	0	0	0	0	0	0	0	0	0	0	0	0	0	0	0	0	0	0	0	1	
	63468	1	0	드래곤나이트_방어구_7차_베리에이션세트B	48644	1	69DDA0	42022	48454	0	0	74007	39999	0	20029	0	911	0	Null	0	Null	0	0	0	0	1	0	0	0	0	0	0	0	2	2	255	0	0	0	0	0	0	0	0	0	0	0	0	0	0	0	0	0	0	0	0	0	0	0	0	0	0	0	0	0	1	1	1	1	1	1	1	1	99	0	0	0	0	0	0	0	0	0	0	0	0	0	0	0	0	0	0	0	0	0	0	0	0	0	0	0	0	0	0	0	0	0	0	0	0	0	0	0	0	0	0	0	0	0	1	0	0	0	0	0	0	0	0	0	0	0	0	0	1677	0	0	0	0	0	0	0	0	0	0	0	0	0	0	0	0	0	0	0	0	0	0	0	0	0	0	0	0	0	0	0	0	0	0	1	
	63469	1	0	드래곤나이트_방어구_8차_베리에이션세트B	48645	1	69DDA0	42022	48455	0	0	74008	39999	0	20029	0	911	0	Null	0	Null	0	0	0	0	1	0	0	0	0	0	0	0	2	2	255	0	0	0	0	0	0	0	0	0	0	0	0	0	0	0	0	0	0	0	0	0	0	0	0	0	0	0	0	0	1	1	1	1	1	1	1	1	99	0	0	0	0	0	0	0	0	0	0	0	0	0	0	0	0	0	0	0	0	0	0	0	0	0	0	0	0	0	0	0	0	0	0	0	0	0	0	0	0	0	0	0	0	0	1	0	0	0	0	0	0	0	0	0	0	0	0	0	1678	0	0	0	0	0	0	0	0	0	0	0	0	0	0	0	0	0	0	0	0	0	0	0	0	0	0	0	0	0	0	0	0	0	0	1	
	63470	1	0	발키리_방어구_5차_베리에이션세트B	48646	1	69DDA0	42022	48472	0	0	74005	39999	0	20029	0	911	0	Null	0	Null	0	0	0	0	1	0	0	0	0	0	0	0	2	2	255	0	0	0	0	0	0	0	0	0	0	0	0	0	0	0	0	0	0	0	0	0	0	0	0	0	0	0	0	0	1	1	1	1	1	1	1	1	99	0	0	0	0	0	0	0	0	0	0	0	0	0	0	0	0	0	0	0	0	0	0	0	0	0	0	0	0	0	0	0	0	0	0	0	0	0	0	0	0	0	0	0	0	0	1	0	0	0	0	0	0	0	0	0	0	0	0	0	1679	0	0	0	0	0	0	0	0	0	0	0	0	0	0	0	0	0	0	0	0	0	0	0	0	0	0	0	0	0	0	0	0	0	0	1	
	63471	1	0	발키리_방어구_6차_베리에이션세트B	48647	1	69DDA0	42022	48473	0	0	74006	39999	0	20029	0	911	0	Null	0	Null	0	0	0	0	1	0	0	0	0	0	0	0	2	2	255	0	0	0	0	0	0	0	0	0	0	0	0	0	0	0	0	0	0	0	0	0	0	0	0	0	0	0	0	0	1	1	1	1	1	1	1	1	99	0	0	0	0	0	0	0	0	0	0	0	0	0	0	0	0	0	0	0	0	0	0	0	0	0	0	0	0	0	0	0	0	0	0	0	0	0	0	0	0	0	0	0	0	0	1	0	0	0	0	0	0	0	0	0	0	0	0	0	1680	0	0	0	0	0	0	0	0	0	0	0	0	0	0	0	0	0	0	0	0	0	0	0	0	0	0	0	0	0	0	0	0	0	0	1	
	63472	1	0	발키리_방어구_7차_베리에이션세트B	48648	1	69DDA0	42022	48474	0	0	74007	39999	0	20029	0	911	0	Null	0	Null	0	0	0	0	1	0	0	0	0	0	0	0	2	2	255	0	0	0	0	0	0	0	0	0	0	0	0	0	0	0	0	0	0	0	0	0	0	0	0	0	0	0	0	0	1	1	1	1	1	1	1	1	99	0	0	0	0	0	0	0	0	0	0	0	0	0	0	0	0	0	0	0	0	0	0	0	0	0	0	0	0	0	0	0	0	0	0	0	0	0	0	0	0	0	0	0	0	0	1	0	0	0	0	0	0	0	0	0	0	0	0	0	1681	0	0	0	0	0	0	0	0	0	0	0	0	0	0	0	0	0	0	0	0	0	0	0	0	0	0	0	0	0	0	0	0	0	0	1	
	63473	1	0	발키리_방어구_8차_베리에이션세트B	48649	1	69DDA0	42022	48475	0	0	74008	39999	0	20029	0	911	0	Null	0	Null	0	0	0	0	1	0	0	0	0	0	0	0	2	2	255	0	0	0	0	0	0	0	0	0	0	0	0	0	0	0	0	0	0	0	0	0	0	0	0	0	0	0	0	0	1	1	1	1	1	1	1	1	99	0	0	0	0	0	0	0	0	0	0	0	0	0	0	0	0	0	0	0	0	0	0	0	0	0	0	0	0	0	0	0	0	0	0	0	0	0	0	0	0	0	0	0	0	0	1	0	0	0	0	0	0	0	0	0	0	0	0	0	1682	0	0	0	0	0	0	0	0	0	0	0	0	0	0	0	0	0	0	0	0	0	0	0	0	0	0	0	0	0	0	0	0	0	0	1	
	63474	1	0	엘리멘탈리스트_방어구_5차_베리에이션세트B	48494	1	69DDA0	42022	48482	0	0	74005	39999	0	20029	0	911	0	Null	0	Null	0	0	0	0	1	0	0	0	0	0	0	0	2	2	255	0	0	0	0	0	0	0	0	0	0	0	0	0	0	0	0	0	0	0	0	0	0	0	0	0	0	0	0	0	1	1	1	1	1	1	1	1	99	0	0	0	0	0	0	0	0	0	0	0	0	0	0	0	0	0	0	0	0	0	0	0	0	0	0	0	0	0	0	0	0	0	0	0	0	0	0	0	0	0	0	0	0	0	1	0	0	0	0	0	0	0	0	0	0	0	0	0	1683	0	0	0	0	0	0	0	0	0	0	0	0	0	0	0	0	0	0	0	0	0	0	0	0	0	0	0	0	0	0	0	0	0	0	1	
	63475	1	0	엘리멘탈리스트_방어구_6차_베리에이션세트B	48495	1	69DDA0	42022	48483	0	0	74006	39999	0	20029	0	911	0	Null	0	Null	0	0	0	0	1	0	0	0	0	0	0	0	2	2	255	0	0	0	0	0	0	0	0	0	0	0	0	0	0	0	0	0	0	0	0	0	0	0	0	0	0	0	0	0	1	1	1	1	1	1	1	1	99	0	0	0	0	0	0	0	0	0	0	0	0	0	0	0	0	0	0	0	0	0	0	0	0	0	0	0	0	0	0	0	0	0	0	0	0	0	0	0	0	0	0	0	0	0	1	0	0	0	0	0	0	0	0	0	0	0	0	0	1684	0	0	0	0	0	0	0	0	0	0	0	0	0	0	0	0	0	0	0	0	0	0	0	0	0	0	0	0	0	0	0	0	0	0	1	
	63476	1	0	엘리멘탈리스트_방어구_7차_베리에이션세트B	48496	1	69DDA0	42022	48484	0	0	74007	39999	0	20029	0	911	0	Null	0	Null	0	0	0	0	1	0	0	0	0	0	0	0	2	2	255	0	0	0	0	0	0	0	0	0	0	0	0	0	0	0	0	0	0	0	0	0	0	0	0	0	0	0	0	0	1	1	1	1	1	1	1	1	99	0	0	0	0	0	0	0	0	0	0	0	0	0	0	0	0	0	0	0	0	0	0	0	0	0	0	0	0	0	0	0	0	0	0	0	0	0	0	0	0	0	0	0	0	0	1	0	0	0	0	0	0	0	0	0	0	0	0	0	1685	0	0	0	0	0	0	0	0	0	0	0	0	0	0	0	0	0	0	0	0	0	0	0	0	0	0	0	0	0	0	0	0	0	0	1	
	63477	1	0	엘리멘탈리스트_방어구_8차_베리에이션세트B	48497	1	69DDA0	42022	48485	0	0	74008	39999	0	20029	0	911	0	Null	0	Null	0	0	0	0	1	0	0	0	0	0	0	0	2	2	255	0	0	0	0	0	0	0	0	0	0	0	0	0	0	0	0	0	0	0	0	0	0	0	0	0	0	0	0	0	1	1	1	1	1	1	1	1	99	0	0	0	0	0	0	0	0	0	0	0	0	0	0	0	0	0	0	0	0	0	0	0	0	0	0	0	0	0	0	0	0	0	0	0	0	0	0	0	0	0	0	0	0	0	1	0	0	0	0	0	0	0	0	0	0	0	0	0	1686	0	0	0	0	0	0	0	0	0	0	0	0	0	0	0	0	0	0	0	0	0	0	0	0	0	0	0	0	0	0	0	0	0	0	1	
	63478	1	0	럭셔리티켓(1000엔)_헬로이드	48221	1	69DDA0	42024	48047	0	0	33821	39999	0	20029	0	911	0	Null	0	Null	0	0	0	0	1	0	0	0	0	0	0	0	2	22	255	0	0	0	0	0	0	0	0	0	0	0	0	0	0	0	0	0	0	0	0	0	0	0	0	0	0	0	0	0	1	1	1	1	1	1	1	1	99	0	0	0	0	0	0	0	0	0	0	0	0	0	0	0	0	0	0	0	0	0	0	0	0	0	0	0	0	0	0	0	0	0	0	0	0	0	0	0	0	0	0	0	0	0	1	0	0	0	0	0	0	0	0	0	0	0	0	0	1690	0	0	0	0	0	0	0	0	0	0	0	0	0	0	0	0	0	0	0	0	0	0	0	0	0	0	0	0	0	0	0	0	0	0	1	
	63479	1	0	럭셔리티켓프티(500엔)_헬로이드	48222	1	69DDA0	42024	48047	0	0	33822	39999	0	20029	0	911	0	Null	0	Null	0	0	0	0	1	0	0	0	0	0	0	0	2	22	255	0	0	0	0	0	0	0	0	0	0	0	0	0	0	0	0	0	0	0	0	0	0	0	0	0	0	0	0	0	1	1	1	1	1	1	1	1	99	0	0	0	0	0	0	0	0	0	0	0	0	0	0	0	0	0	0	0	0	0	0	0	0	0	0	0	0	0	0	0	0	0	0	0	0	0	0	0	0	0	0	0	0	0	1	0	0	0	0	0	0	0	0	0	0	0	0	0	1691	0	0	0	0	0	0	0	0	0	0	0	0	0	0	0	0	0	0	0	0	0	0	0	0	0	0	0	0	0	0	0	0	0	0	1	
	63480	1	0	럭셔리티켓미디(특별)_헬로이드	48223	1	69DDA0	42024	48047	0	0	33823	39999	0	20029	0	911	0	Null	0	Null	0	0	0	0	1	0	0	0	0	0	0	0	2	63	255	0	0	0	0	0	0	0	0	0	0	0	0	0	0	0	0	0	0	0	0	0	0	0	0	0	0	0	0	0	1	1	1	1	1	1	1	1	99	0	0	0	0	0	0	0	0	0	0	0	0	0	0	0	0	0	0	0	0	0	0	0	0	0	0	0	0	0	0	0	0	0	0	0	0	0	0	0	0	0	0	0	0	0	1	0	0	0	0	0	0	0	0	0	0	0	0	0	1692	0	0	0	0	0	0	0	0	0	0	0	0	0	0	0	0	0	0	0	0	0	0	0	0	0	0	0	0	0	0	0	0	0	0	1	
//	복권용 뱃지 추가							#N/A																																																																																																																																																																	
	63481	1	0	SUN_CLUB_RED_1	45988	0	0	45779	46988	0	0	90066	39918	0	999	0	911	0	A640	0	Null	0	0	0	0	1	0	0	0	0	0	0	0	4	22	255	0	0	0	0	0	0	0	0	0	0	0	0	0	0	0	0	0	0	0	0	0	0	0	0	0	0	0	0	0	1	1	1	1	1	1	1	1	99	1	47	2	9	1	42	2	1	1	35	2	1	1	30	1	50	1	3	1	100	0	0	0	0	0	0	0	0	0	0	0	0	0	0	0	0	0	0	0	0	0	0	0	0	0	1	1	0	0	0	0	0	0	0	0	0	0	0	0	0	0	0	0	0	0	0	0	0	0	0	0	0	0	0	0	0	0	0	0	0	0	0	0	0	0	0	0	0	0	0	0	0	0	0	1	
	63482	1	0	SUN_CLUB_RED_2	45989	0	0	45779	46988	0	0	90066	39918	0	999	0	911	0	A640	0	Null	0	0	0	0	1	0	0	0	0	0	0	0	4	22	255	0	0	0	0	0	0	0	0	0	0	0	0	0	0	0	0	0	0	0	0	0	0	0	0	0	0	0	0	0	1	1	1	1	1	1	1	1	99	1	47	2	10	1	42	2	2	1	35	2	2	1	30	1	50	1	3	1	100	0	0	0	0	0	0	0	0	0	0	0	0	0	0	0	0	0	0	0	0	0	0	0	0	0	1	1	0	0	0	0	0	0	0	0	0	0	0	0	0	0	0	0	0	0	0	0	0	0	0	0	0	0	0	0	0	0	0	0	0	0	0	0	0	0	0	0	0	0	0	0	0	0	0	1	
	63483	1	0	SUN_CLUB_RED_3	45990	0	0	45779	46988	0	0	90066	39918	0	999	0	911	0	A640	0	Null	0	0	0	0	1	0	0	0	0	0	0	0	4	22	255	0	0	0	0	0	0	0	0	0	0	0	0	0	0	0	0	0	0	0	0	0	0	0	0	0	0	0	0	0	1	1	1	1	1	1	1	1	99	1	47	2	11	1	42	2	3	1	35	2	3	1	30	1	50	1	3	1	100	0	0	0	0	0	0	0	0	0	0	0	0	0	0	0	0	0	0	0	0	0	0	0	0	0	1	1	0	0	0	0	0	0	0	0	0	0	0	0	0	0	0	0	0	0	0	0	0	0	0	0	0	0	0	0	0	0	0	0	0	0	0	0	0	0	0	0	0	0	0	0	0	0	0	1	
	63484	1	0	SUN_CLUB_GREEN_1	45991	0	0	45779	46988	0	0	90068	39918	0	999	0	911	0	A642	0	Null	0	0	0	0	1	0	0	0	0	0	0	0	4	22	255	0	0	0	0	0	0	0	0	0	0	0	0	0	0	0	0	0	0	0	0	0	0	0	0	0	0	0	0	0	1	1	1	1	1	1	1	1	99	1	14	1	9	1	36	1	3	1	49	1	90	1	15	1	1	1	6	1	100	0	0	0	0	0	0	0	0	0	0	0	0	0	0	0	0	0	0	0	0	0	0	0	0	0	1	1	0	0	0	0	0	0	0	0	0	0	0	0	0	0	0	0	0	0	0	0	0	0	0	0	0	0	0	0	0	0	0	0	0	0	0	0	0	0	0	0	0	0	0	0	0	0	0	1	
	63485	1	0	SUN_CLUB_GREEN_2	45992	0	0	45779	46988	0	0	90068	39918	0	999	0	911	0	A642	0	Null	0	0	0	0	1	0	0	0	0	0	0	0	4	22	255	0	0	0	0	0	0	0	0	0	0	0	0	0	0	0	0	0	0	0	0	0	0	0	0	0	0	0	0	0	1	1	1	1	1	1	1	1	99	1	14	1	10	1	36	1	3	1	49	1	100	1	15	1	2	1	6	1	100	0	0	0	0	0	0	0	0	0	0	0	0	0	0	0	0	0	0	0	0	0	0	0	0	0	1	1	0	0	0	0	0	0	0	0	0	0	0	0	0	0	0	0	0	0	0	0	0	0	0	0	0	0	0	0	0	0	0	0	0	0	0	0	0	0	0	0	0	0	0	0	0	0	0	1	
	63486	1	0	SUN_CLUB_GREEN_3	45993	0	0	45779	46988	0	0	90068	39918	0	999	0	911	0	A642	0	Null	0	0	0	0	1	0	0	0	0	0	0	0	4	22	255	0	0	0	0	0	0	0	0	0	0	0	0	0	0	0	0	0	0	0	0	0	0	0	0	0	0	0	0	0	1	1	1	1	1	1	1	1	99	1	14	1	11	1	36	1	3	1	49	1	110	1	15	1	3	1	6	1	100	0	0	0	0	0	0	0	0	0	0	0	0	0	0	0	0	0	0	0	0	0	0	0	0	0	1	1	0	0	0	0	0	0	0	0	0	0	0	0	0	0	0	0	0	0	0	0	0	0	0	0	0	0	0	0	0	0	0	0	0	0	0	0	0	0	0	0	0	0	0	0	0	0	0	1	
	63490	1	0	SUN_CLUB_GOLD_1	45995	0	0	45779	46988	0	0	90064	39918	0	999	0	911	0	A638	0	Null	0	0	0	0	1	0	0	0	0	0	0	0	4	22	255	0	0	0	0	0	0	0	0	0	0	0	0	0	0	0	0	0	0	0	0	0	0	0	0	0	0	0	0	0	1	1	1	1	1	1	1	1	99	1	93	1	100	1	28	1	100	1	1	2	8	1	44	5	8	1	5	1	100	1	14	2	8	0	0	0	0	0	0	0	0	0	0	0	0	0	0	0	0	0	0	0	0	0	1	1	0	0	0	0	0	0	0	0	0	0	0	0	0	0	0	0	0	0	0	0	0	0	0	0	0	0	0	0	0	0	0	0	0	0	0	0	0	0	0	0	0	0	0	0	0	0	0	1	
	63491	1	0	SUN_CLUB_GOLD_2	45996	0	0	45779	46988	0	0	90064	39918	0	999	0	911	0	A638	0	Null	0	0	0	0	1	0	0	0	0	0	0	0	4	22	255	0	0	0	0	0	0	0	0	0	0	0	0	0	0	0	0	0	0	0	0	0	0	0	0	0	0	0	0	0	1	1	1	1	1	1	1	1	99	1	93	1	200	1	28	1	200	1	1	2	9	1	44	5	9	1	5	1	100	1	14	2	9	0	0	0	0	0	0	0	0	0	0	0	0	0	0	0	0	0	0	0	0	0	1	1	0	0	0	0	0	0	0	0	0	0	0	0	0	0	0	0	0	0	0	0	0	0	0	0	0	0	0	0	0	0	0	0	0	0	0	0	0	0	0	0	0	0	0	0	0	0	0	1	
	63492	1	0	SUN_CLUB_GOLD_3	45997	0	0	45779	46988	0	0	90064	39918	0	999	0	911	0	A638	0	Null	0	0	0	0	1	0	0	0	0	0	0	0	4	22	255	0	0	0	0	0	0	0	0	0	0	0	0	0	0	0	0	0	0	0	0	0	0	0	0	0	0	0	0	0	1	1	1	1	1	1	1	1	99	1	93	1	300	1	28	1	300	1	1	2	10	1	44	5	10	1	5	1	100	1	14	2	10	0	0	0	0	0	0	0	0	0	0	0	0	0	0	0	0	0	0	0	0	0	1	1	0	0	0	0	0	0	0	0	0	0	0	0	0	0	0	0	0	0	0	0	0	0	0	0	0	0	0	0	0	0	0	0	0	0	0	0	0	0	0	0	0	0	0	0	0	0	0	1	
	63493	1	0	SUN_CLUB_DIAMOND_1	45998	0	0	45779	46988	0	0	90065	39918	0	999	0	911	0	A639	0	Null	0	0	0	0	1	0	0	0	0	0	0	0	4	22	255	0	0	0	0	0	0	0	0	0	0	0	0	0	0	0	0	0	0	0	0	0	0	0	0	0	0	0	0	0	1	1	1	1	1	1	1	1	99	1	47	2	8	1	7	1	100	1	41	1	1	1	42	2	1	0	0	0	0	1	49	2	8	0	0	0	0	0	0	0	0	0	0	0	0	0	0	0	0	0	0	0	0	0	1	1	0	0	0	0	0	0	0	0	0	0	0	0	0	0	0	0	0	0	0	0	0	0	0	0	0	0	0	0	0	0	0	0	0	0	0	0	0	0	0	0	0	0	0	0	0	0	0	1	
	63494	1	0	SUN_CLUB_DIAMOND_2	45999	0	0	45779	46988	0	0	90065	39918	0	999	0	911	0	A639	0	Null	0	0	0	0	1	0	0	0	0	0	0	0	4	22	255	0	0	0	0	0	0	0	0	0	0	0	0	0	0	0	0	0	0	0	0	0	0	0	0	0	0	0	0	0	1	1	1	1	1	1	1	1	99	1	47	2	9	1	7	1	100	1	41	1	2	1	42	2	2	0	0	0	0	1	49	2	9	0	0	0	0	0	0	0	0	0	0	0	0	0	0	0	0	0	0	0	0	0	1	1	0	0	0	0	0	0	0	0	0	0	0	0	0	0	0	0	0	0	0	0	0	0	0	0	0	0	0	0	0	0	0	0	0	0	0	0	0	0	0	0	0	0	0	0	0	0	0	1	
	63495	1	0	SUN_CLUB_DIAMOND_3	46000	0	0	45779	46988	0	0	90065	39918	0	999	0	911	0	A639	0	Null	0	0	0	0	1	0	0	0	0	0	0	0	4	22	255	0	0	0	0	0	0	0	0	0	0	0	0	0	0	0	0	0	0	0	0	0	0	0	0	0	0	0	0	0	1	1	1	1	1	1	1	1	99	1	47	2	10	1	7	1	100	1	41	1	3	1	42	2	3	0	0	0	0	1	49	2	10	0	0	0	0	0	0	0	0	0	0	0	0	0	0	0	0	0	0	0	0	0	1	1	0	0	0	0	0	0	0	0	0	0	0	0	0	0	0	0	0	0	0	0	0	0	0	0	0	0	0	0	0	0	0	0	0	0	0	0	0	0	0	0	0	0	0	0	0	0	0	1	
//	[64000~64200]_중국각종기간제아이템							#N/A																								0					0	0																																																																																																																																			
	64000	1	1	탈그룬트의_양손도끼	30048	0	0	30001	0	20	20	2020	39999	0	1	0	1	0	Null	0	Null	0	2	0	0	33	65	661230	1	149000	149000	0	0	1	0	121	0	0	80	0	0	0	0	0	0	0	0	0	0	0	105	0	0	1	1	3	1.5	0	0	0	0	0	0	0	0	1	0	0	0	0	0	0	0	0	1	41	2	5	1	46	5	15	1	32	1	12	0	0	0	0	0	0	0	0	0	0	0	0	0	0	0	0	0	0	0	0	0	0	0	0	0	0	0	0	0	0	0	0	0	1	0	0	0	0	0	0	0	0	0	0	0	0	0	0	0	0	0	0	0	0	0	0	0	0	0	0	0	0	0	0	0	0	0	0	0	0	0	0	0	0	250	449	0	0	0	0	0	0	0	
//	64001	1	1	볼칸의_양손도끼	30049	0	0	30001	0	21	21	2021	39999	0	1	0	1	0	Null	0	Null	0	2	0	0	34	68	715470	1	554980	554980	0	0	1	0	121	0	0	85	0	0	0	0	0	0	0	0	0	0	0	105	0	0	1	1	3	1.5	0	0	0	0	0	0	0	0	1	0	0	0	0	0	0	0	0	1	41	2	10	1	46	5	15	1	32	1	16	0	0	0	0	0	0	0	0	0	0	0	0	0	0	0	0	0	0	0	0	0	0	0	0	0	0	0	0	0	0	0	0	0	1	0	0	0	0	0	0	0	0	0	0	0	0	0	0	0	0	0	0	0	0	0	0	0	0	0	0	0	0	0	0	0	0	0	0	0	0	0	0	0	0	164	218	0	0	0	0	0	0	
	64002	1	1	슈트라의_양손검	30078	0	0	30002	0	120	120	2120	39999	0	2	0	2	0	Null	0	Null	0	2	0	0	33	65	395280	1	149000	149000	0	0	1	0	121	0	0	80	0	0	0	0	0	0	0	0	0	0	0	115	0	0	1	1	1	1.8	0	0	0	0	0	0	0	0	1	0	0	0	0	0	0	0	0	1	41	2	5	1	46	5	15	1	32	1	12	0	0	0	0	0	0	0	0	0	0	0	0	0	0	0	0	0	0	0	0	0	0	0	0	0	0	0	0	0	0	0	0	0	1	0	0	0	0	0	0	0	0	0	0	0	0	0	0	0	0	0	0	0	0	0	0	0	0	0	0	0	0	0	0	0	0	0	0	0	0	0	0	0	0	196	260	0	0	0	0	0	0	0	
//	64003	1	1	운베터의_양손검	30079	0	0	30002	0	121	121	2121	39999	0	2	0	2	0	Null	0	Null	0	2	0	0	34	68	429690	1	554980	554980	0	0	1	0	121	0	0	85	0	0	0	0	0	0	0	0	0	0	0	115	0	0	1	1	1	1.8	0	0	0	0	0	0	0	0	1	0	0	0	0	0	0	0	0	1	41	2	10	1	46	5	15	1	32	1	16	0	0	0	0	0	0	0	0	0	0	0	0	0	0	0	0	0	0	0	0	0	0	0	0	0	0	0	0	0	0	0	0	0	1	0	0	0	0	0	0	0	0	0	0	0	0	0	0	0	0	0	0	0	0	0	0	0	0	0	0	0	0	0	0	0	0	0	0	0	0	0	0	0	0	75	109	0	0	0	0	0	0	
	64004	1	1	베르텍스의_한손검	30108	0	0	30003	0	221	221	2220	39999	0	3	0	3	0	Null	0	Null	0	2	0	0	33	65	312780	1	149000	149000	0	0	1	0	121	0	0	80	0	0	0	0	0	0	0	0	0	0	0	135	0	0	1	1	1	1	0	0	0	0	0	0	0	0	0	1	0	0	0	0	0	0	0	1	1	2	10	1	46	5	15	1	32	1	12	0	0	0	0	0	0	0	0	0	0	0	0	0	0	0	0	0	0	0	0	0	0	0	0	0	0	0	0	0	0	0	0	0	1	0	0	0	0	0	0	0	0	0	0	0	0	0	0	0	0	0	0	0	0	0	0	0	0	0	0	0	0	0	0	0	0	0	0	0	0	0	0	0	0	91	132	0	0	0	0	0	0	0	
//	64005	1	1	토렌스의_한손검	30109	0	0	30003	0	220	220	2221	39999	0	3	0	3	0	Null	0	Null	0	2	0	0	34	68	345060	1	554980	554980	0	0	1	0	121	0	0	85	0	0	0	0	0	0	0	0	0	0	0	135	0	0	1	1	1	1	0	0	0	0	0	0	0	0	0	1	0	0	0	0	0	0	0	1	1	2	15	1	46	5	15	1	32	1	16	0	0	0	0	0	0	0	0	0	0	0	0	0	0	0	0	0	0	0	0	0	0	0	0	0	0	0	0	0	0	0	0	0	1	0	0	0	0	0	0	0	0	0	0	0	0	0	0	0	0	0	0	0	0	0	0	0	0	0	0	0	0	0	0	0	0	0	0	0	0	0	0	0	0	85	208	0	0	0	0	0	0	
	64006	1	1	팔랑크스의_창	30138	0	0	30004	0	320	320	2320	39999	0	4	0	4	0	Null	0	Null	0	2	0	0	33	65	419220	1	149000	149000	0	0	1	0	121	0	0	80	0	0	0	0	0	0	0	0	0	0	0	120	0	0	1	1	1	2.5	0	0	0	0	0	0	0	0	0	1	0	0	0	0	0	0	0	1	1	2	10	1	46	5	15	1	32	1	12	0	0	0	0	0	0	0	0	0	0	0	0	0	0	0	0	0	0	0	0	0	0	0	0	0	0	0	0	0	0	0	0	0	1	0	0	0	0	0	0	0	0	0	0	0	0	0	0	0	0	0	0	0	0	0	0	0	0	0	0	0	0	0	0	0	0	0	0	0	0	0	0	0	0	103	248	0	0	0	0	0	0	0	
//	64007	1	1	메테오라의_창	30139	0	0	30004	0	321	321	2321	39999	0	4	0	4	0	Null	0	Null	0	2	0	0	34	68	457680	1	554980	554980	0	0	1	0	121	0	0	85	0	0	0	0	0	0	0	0	0	0	0	120	0	0	1	1	1	2.5	0	0	0	0	0	0	0	0	0	1	0	0	0	0	0	0	0	1	1	2	15	1	46	5	15	1	32	1	16	0	0	0	0	0	0	0	0	0	0	0	0	0	0	0	0	0	0	0	0	0	0	0	0	0	0	0	0	0	0	0	0	0	1	0	0	0	0	0	0	0	0	0	0	0	0	0	0	0	0	0	0	0	0	0	0	0	0	0	0	0	0	0	0	0	0	0	0	0	0	0	0	0	0	54	81	0	0	0	0	0	0	
	64008	1	1	오리야의_한손석궁	30228	0	0	30007	0	620	620	2620	39999	0	7	0	7	0	Null	0	Null	0	2	0	0	33	65	213120	1	149000	149000	0	0	1	0	121	0	0	80	0	0	0	0	0	0	0	0	0	0	0	150	0	0	2	2	2	19	0	0	0	0	0	0	0	0	0	0	0	1	0	0	0	0	0	1	42	2	10	1	46	5	15	1	32	1	12	0	0	0	0	0	0	0	0	0	0	0	0	0	0	0	0	0	0	0	0	0	0	0	0	0	0	0	0	0	0	0	0	0	1	0	0	0	0	0	0	0	0	0	0	0	0	0	0	0	0	0	0	0	0	0	0	0	0	0	0	0	0	0	0	0	0	0	0	0	0	0	0	0	0	67	99	0	0	0	0	0	0	0	
//	64009	1	1	아우라의_한손석궁	30229	0	0	30007	0	621	621	2621	39999	0	7	0	7	0	Null	0	Null	0	2	0	0	34	68	237750	1	554980	554980	0	0	1	0	121	0	0	85	0	0	0	0	0	0	0	0	0	0	0	150	0	0	2	2	2	19	0	0	0	0	0	0	0	0	0	0	0	1	0	0	0	0	0	1	42	2	15	1	46	5	15	1	32	1	16	0	0	0	0	0	0	0	0	0	0	0	0	0	0	0	0	0	0	0	0	0	0	0	0	0	0	0	0	0	0	0	0	0	1	0	0	0	0	0	0	0	0	0	0	0	0	0	0	0	0	0	0	0	0	0	0	0	0	0	0	0	0	0	0	0	0	0	0	0	0	0	0	0	0	128	230	0	0	0	0	0	0	
	64010	1	1	알베우스의_에테르웨폰	30258	0	0	30008	0	720	720	2720	39999	0	8	0	8	0	Null	0	Null	0	2	0	0	33	65	346950	1	149000	149000	0	0	1	0	121	0	0	80	0	0	0	0	0	0	0	0	0	0	0	105	0	0	2	2	2	16	0	0	0	0	0	0	0	0	0	0	0	1	0	0	0	0	0	1	42	2	10	1	41	2	15	1	32	1	12	0	0	0	0	0	0	0	0	0	0	0	0	0	0	0	0	0	0	0	0	0	0	0	0	0	0	0	0	0	0	0	0	0	1	0	0	0	0	0	0	0	0	0	0	0	0	0	0	0	0	0	0	0	0	0	0	0	0	0	0	0	0	0	0	0	0	0	0	0	0	0	0	0	0	155	275	0	0	0	0	0	0	0	
//	64011	1	1	카우시스의_에테르웨폰	30259	0	0	30008	0	721	721	2721	39999	0	8	0	8	0	Null	0	Null	0	2	0	0	34	68	376650	1	554980	554980	0	0	1	0	121	0	0	85	0	0	0	0	0	0	0	0	0	0	0	105	0	0	2	2	2	16	0	0	0	0	0	0	0	0	0	0	0	1	0	0	0	0	0	1	42	2	15	1	41	2	15	1	32	1	16	0	0	0	0	0	0	0	0	0	0	0	0	0	0	0	0	0	0	0	0	0	0	0	0	0	0	0	0	0	0	0	0	0	1	0	0	0	0	0	0	0	0	0	0	0	0	0	0	0	0	0	0	0	0	0	0	0	0	0	0	0	0	0	0	0	0	0	0	0	0	0	0	0	0	70	112	185	221	0	0	0	0	
	64012	1	1	콘발리페의_지팡이	30288	0	0	30009	0	820	820	2820	39999	0	10	0	10	0	Null	0	Null	0	2	0	0	33	65	641580	1	149000	149000	0	0	1	0	121	0	0	80	0	0	0	0	0	0	0	0	0	0	0	95	0	0	1	1	4	2.5	0	0	0	0	0	0	0	0	0	0	0	0	1	0	0	0	0	1	34	1	-15	1	51	2	15	1	32	1	12	0	0	0	0	0	0	0	0	0	0	0	0	0	0	0	0	0	0	0	0	0	0	0	0	0	0	0	0	0	0	0	0	0	1	0	0	0	0	0	0	0	0	0	0	0	0	0	0	0	0	0	0	0	0	0	0	0	0	0	0	0	0	0	0	0	0	0	0	0	0	0	0	0	0	86	135	219	261	0	0	0	0	0	
//	64013	1	1	이그니시온의_지팡이	30289	0	0	30009	0	821	821	2821	39999	0	10	0	10	0	Null	0	Null	0	2	0	0	34	68	695280	1	554980	554980	0	0	1	0	121	0	0	85	0	0	0	0	0	0	0	0	0	0	0	95	0	0	1	1	4	2.5	0	0	0	0	0	0	0	0	0	0	0	0	1	0	0	0	0	1	34	1	-20	1	51	2	15	1	32	1	16	0	0	0	0	0	0	0	0	0	0	0	0	0	0	0	0	0	0	0	0	0	0	0	0	0	0	0	0	0	0	0	0	0	1	0	0	0	0	0	0	0	0	0	0	0	0	0	0	0	0	0	0	0	0	0	0	0	0	0	0	0	0	0	0	0	0	0	0	0	0	0	0	0	0	62	95	149	192	0	0	0	0	
	64014	1	1	브로테의_오브	30318	0	0	30010	0	920	920	2920	39999	0	11	0	11	0	Null	0	Null	0	2	0	0	33	65	522330	1	149000	149000	0	0	1	0	121	0	0	80	0	0	0	0	0	0	0	0	0	0	0	100	0	0	2	2	4	13	0	0	0	0	0	0	0	0	0	0	0	0	1	0	0	0	0	1	34	1	-15	1	51	2	15	1	32	1	12	0	0	0	0	0	0	0	0	0	0	0	0	0	0	0	0	0	0	0	0	0	0	0	0	0	0	0	0	0	0	0	0	0	1	0	0	0	0	0	0	0	0	0	0	0	0	0	0	0	0	0	0	0	0	0	0	0	0	0	0	0	0	0	0	0	0	0	0	0	0	0	0	0	0	77	116	176	227	0	0	0	0	0	
//	64015	1	1	소르젠테의_오브	30319	0	0	30010	0	921	921	2921	39999	0	11	0	11	0	Null	0	Null	0	2	0	0	34	68	567510	1	554980	554980	0	0	1	0	121	0	0	85	0	0	0	0	0	0	0	0	0	0	0	100	0	0	2	2	4	13	0	0	0	0	0	0	0	0	0	0	0	0	1	0	0	0	0	1	34	1	-20	1	51	2	15	1	32	1	16	0	0	0	0	0	0	0	0	0	0	0	0	0	0	0	0	0	0	0	0	0	0	0	0	0	0	0	0	0	0	0	0	0	1	0	0	0	0	0	0	0	0	0	0	0	0	0	0	0	0	0	0	0	0	0	0	0	0	0	0	0	0	0	0	0	0	0	0	0	0	0	0	0	0	68	97	0	0	0	0	0	0	
	64016	1	1	바쿠의_대거	31155	0	0	31156	0	420	420	2420	39999	0	5	0	5	1	Null	1	Null	1	2	0	0	33	65	312780	1	149000	149000	0	0	1	0	121	0	0	80	0	0	0	0	0	0	0	0	0	0	0	140	0	0	1	1	1	2.5	0	0	0	0	0	0	0	0	0	0	1	0	0	0	0	0	0	1	1	2	10	1	46	5	15	1	32	1	12	0	0	0	0	0	0	0	0	0	0	0	0	0	0	0	0	0	0	0	0	0	0	0	0	0	0	0	0	0	0	0	0	0	1	0	0	0	0	0	0	0	0	0	0	0	0	0	0	0	0	0	0	0	0	0	0	0	0	0	0	0	0	0	0	0	0	0	0	0	0	0	0	0	0	82	117	0	0	0	0	0	0	0	
//	64017	1	1	시드의_대거	31158	0	0	31156	0	421	421	2421	39999	0	5	0	5	2	Null	2	Null	2	2	0	0	34	68	345060	1	554980	554980	0	0	1	0	121	0	0	85	0	0	0	0	0	0	0	0	0	0	0	140	0	0	1	1	1	2.5	0	0	0	0	0	0	0	0	0	0	1	0	0	0	0	0	0	1	1	2	15	1	46	5	15	1	32	1	16	0	0	0	0	0	0	0	0	0	0	0	0	0	0	0	0	0	0	0	0	0	0	0	0	0	0	0	0	0	0	0	0	0	1	0	0	0	0	0	0	0	0	0	0	0	0	0	0	0	0	0	0	0	0	0	0	0	0	0	0	0	0	0	0	0	0	0	0	0	0	0	0	0	0	82	196	0	0	0	0	0	0	
	64018	1	1	바쿠의_채찍검	31155	0	0	31157	0	520	520	2520	39999	0	6	0	6	3	Null	3	Null	3	2	0	0	33	65	419220	1	149000	149000	0	0	1	0	121	0	0	80	0	0	0	0	0	0	0	0	0	0	0	125	0	0	1	1	1	3.5	0	0	0	0	0	0	0	0	0	0	1	0	0	0	0	0	0	1	1	2	10	1	46	5	15	1	32	1	12	0	0	0	0	0	0	0	0	0	0	0	0	0	0	0	0	0	0	0	0	0	0	0	0	0	0	0	0	0	0	0	0	0	1	0	0	0	0	0	0	0	0	0	0	0	0	0	0	0	0	0	0	0	0	0	0	0	0	0	0	0	0	0	0	0	0	0	0	0	0	0	0	0	0	99	237	0	0	0	0	0	0	0	
//	64019	1	1	시드의_채찍검	31158	0	0	31157	0	521	521	2521	39999	0	6	0	6	4	Null	4	Null	4	2	0	0	34	68	457680	1	554980	554980	0	0	1	0	121	0	0	85	0	0	0	0	0	0	0	0	0	0	0	125	0	0	1	1	1	3.5	0	0	0	0	0	0	0	0	0	0	1	0	0	0	0	0	0	1	1	2	15	1	46	5	15	1	32	1	16	0	0	0	0	0	0	0	0	0	0	0	0	0	0	0	0	0	0	0	0	0	0	0	0	0	0	0	0	0	0	0	0	0	1	0	0	0	0	0	0	0	0	0	0	0	0	0	0	0	0	0	0	0	0	0	0	0	0	0	0	0	0	0	0	0	0	0	0	0	0	0	0	0	0	91	213	0	0	0	0	0	0	
//	중국스킨아이템_영구_중국전용							#N/A																					1			0																																																																																																				0																																					
	64020	1	0	버서커_에텔레인예복	43048	1	69DDA0	43077	44077	85801	85830	85838	39918	0	20064	0	911	0	Null	0	Null	0	25355	0	0	1	0	0	0	0	0	0	0	4	263	255	0	0	0	0	0	0	0	0	0	0	0	0	0	0	0	0	0	0	0	0	0	0	0	0	0	0	0	0	0	1	0	0	0	0	0	0	0	99	0	0	0	0	0	0	0	0	0	0	0	0	0	0	0	0	0	0	0	0	0	0	0	0	0	0	0	0	0	0	0	0	0	0	0	0	0	0	0	0	0	0	0	0	0	1	0	0	0	0	0	0	0	0	0	0	0	0	0	0	0	0	0	0	0	0	0	0	0	0	0	0	0	0	0	0	0	0	0	0	0	0	0	0	0	0	0	0	0	0	0	0	0	0	0	
	64021	1	0	버서커_곰돌이(기간제)	43084	1	69DDA0	43077	44084	85802	85831	85839	39918	0	20064	0	911	0	Null	0	Null	0	25355	0	0	1	0	0	0	0	0	0	0	4	263	255	0	0	0	0	0	0	0	0	0	0	0	0	0	0	0	0	0	0	0	0	0	0	0	0	0	0	0	0	0	1	0	0	0	0	0	0	0	99	0	0	0	0	0	0	0	0	0	0	0	0	0	0	0	0	0	0	0	0	0	0	0	0	0	0	0	0	0	0	0	0	0	0	0	0	0	0	0	0	0	3	3	0	0	1	0	0	0	0	0	0	0	0	0	0	0	0	0	0	0	0	0	0	0	0	0	0	0	0	0	0	0	0	0	0	0	0	0	0	0	0	0	0	0	0	0	0	0	0	0	0	0	0	0	
	64022	1	0	버서커_팬더(기간제)	43085	1	69DDA0	43077	44085	85803	85832	85840	39918	0	20064	0	911	0	Null	0	Null	0	25355	0	0	1	0	0	0	0	0	0	0	4	263	255	0	0	0	0	0	0	0	0	0	0	0	0	0	0	0	0	0	0	0	0	0	0	0	0	0	0	0	0	0	1	0	0	0	0	0	0	0	99	0	0	0	0	0	0	0	0	0	0	0	0	0	0	0	0	0	0	0	0	0	0	0	0	0	0	0	0	0	0	0	0	0	0	0	0	0	0	0	0	0	3	3	0	0	1	0	0	0	0	0	0	0	0	0	0	0	0	0	0	0	0	0	0	0	0	0	0	0	0	0	0	0	0	0	0	0	0	0	0	0	0	0	0	0	0	0	0	0	0	0	0	0	0	0	
	64023	1	0	버서커_검은_사무라이	43051	1	69DDA0	43077	44077	85804	85833	85841	39918	0	20064	0	911	0	Null	0	Null	0	25355	0	0	1	0	0	0	0	0	0	0	4	263	255	0	0	0	0	0	0	0	0	0	0	0	0	0	0	0	0	0	0	0	0	0	0	0	0	0	0	0	0	0	1	0	0	0	0	0	0	0	99	0	0	0	0	0	0	0	0	0	0	0	0	0	0	0	0	0	0	0	0	0	0	0	0	0	0	0	0	0	0	0	0	0	0	0	0	0	0	0	0	0	0	0	0	0	1	0	0	0	0	0	0	0	0	0	0	0	0	0	0	0	0	0	0	0	0	0	0	0	0	0	0	0	0	0	0	0	0	0	0	0	0	0	0	0	0	0	0	0	0	0	0	0	0	0	
	64024	1	0	버서커_붉은_사무라이	43052	1	69DDA0	43077	44077	85805	85834	85842	39918	0	20064	0	911	0	Null	0	Null	0	25355	0	0	1	0	0	0	0	0	0	0	4	263	255	0	0	0	0	0	0	0	0	0	0	0	0	0	0	0	0	0	0	0	0	0	0	0	0	0	0	0	0	0	1	0	0	0	0	0	0	0	99	0	0	0	0	0	0	0	0	0	0	0	0	0	0	0	0	0	0	0	0	0	0	0	0	0	0	0	0	0	0	0	0	0	0	0	0	0	0	0	0	0	0	0	0	0	1	0	0	0	0	0	0	0	0	0	0	0	0	0	0	0	0	0	0	0	0	0	0	0	0	0	0	0	0	0	0	0	0	0	0	0	0	0	0	0	0	0	0	0	0	0	0	0	0	0	
	64025	1	0	버서커_삐에로	43053	1	69DDA0	43077	44077	85806	85835	85843	39918	0	20064	0	911	0	Null	0	Null	0	25355	0	0	1	0	0	0	0	0	0	0	4	263	255	0	0	0	0	0	0	0	0	0	0	0	0	0	0	0	0	0	0	0	0	0	0	0	0	0	0	0	0	0	1	0	0	0	0	0	0	0	99	0	0	0	0	0	0	0	0	0	0	0	0	0	0	0	0	0	0	0	0	0	0	0	0	0	0	0	0	0	0	0	0	0	0	0	0	0	0	0	0	0	3	3	0	0	1	0	0	0	0	0	0	0	0	0	0	0	0	0	0	0	0	0	0	0	0	0	0	0	0	0	0	0	0	0	0	0	0	0	0	0	0	0	0	0	0	0	0	0	0	0	0	0	0	0	
	64026	1	0	버서커_사제	43078	1	69DDA0	43077	44077	85807	85836	85844	39918	0	20064	0	911	0	Null	0	Null	0	25355	0	0	1	0	0	0	0	0	0	0	4	263	255	0	0	0	0	0	0	0	0	0	0	0	0	0	0	0	0	0	0	0	0	0	0	0	0	0	0	0	0	0	1	0	0	0	0	0	0	0	99	0	0	0	0	0	0	0	0	0	0	0	0	0	0	0	0	0	0	0	0	0	0	0	0	0	0	0	0	0	0	0	0	0	0	0	0	0	0	0	0	0	0	0	0	0	1	0	0	0	0	0	0	0	0	0	0	0	0	0	0	0	0	0	0	0	0	0	0	0	0	0	0	0	0	0	0	0	0	0	0	0	0	0	0	0	0	0	0	0	0	0	0	0	0	0	
	64027	1	0	드래곤나이트_에텔레인예복	43048	1	69DDA0	43077	44077	85808	85830	85838	39918	0	20064	0	911	0	Null	0	Null	0	25355	0	0	1	0	0	0	0	0	0	0	4	263	255	0	0	0	0	0	0	0	0	0	0	0	0	0	0	0	0	0	0	0	0	0	0	0	0	0	0	0	0	0	0	1	0	0	0	0	0	0	99	0	0	0	0	0	0	0	0	0	0	0	0	0	0	0	0	0	0	0	0	0	0	0	0	0	0	0	0	0	0	0	0	0	0	0	0	0	0	0	0	0	0	0	0	0	1	0	0	0	0	0	0	0	0	0	0	0	0	0	0	0	0	0	0	0	0	0	0	0	0	0	0	0	0	0	0	0	0	0	0	0	0	0	0	0	0	0	0	0	0	0	0	0	0	0	
	64028	1	0	드래곤나이트_곰돌이(기간제)	43086	1	69DDA0	43077	44084	85809	85831	85839	39918	0	20064	0	911	0	Null	0	Null	0	25355	0	0	1	0	0	0	0	0	0	0	4	263	255	0	0	0	0	0	0	0	0	0	0	0	0	0	0	0	0	0	0	0	0	0	0	0	0	0	0	0	0	0	0	1	0	0	0	0	0	0	99	0	0	0	0	0	0	0	0	0	0	0	0	0	0	0	0	0	0	0	0	0	0	0	0	0	0	0	0	0	0	0	0	0	0	0	0	0	0	0	0	0	3	3	0	0	1	0	0	0	0	0	0	0	0	0	0	0	0	0	0	0	0	0	0	0	0	0	0	0	0	0	0	0	0	0	0	0	0	0	0	0	0	0	0	0	0	0	0	0	0	0	0	0	0	0	
	64029	1	0	드래곤나이트_팬더(기간제)	43087	1	69DDA0	43077	44085	85810	85832	85840	39918	0	20064	0	911	0	Null	0	Null	0	25355	0	0	1	0	0	0	0	0	0	0	4	263	255	0	0	0	0	0	0	0	0	0	0	0	0	0	0	0	0	0	0	0	0	0	0	0	0	0	0	0	0	0	0	1	0	0	0	0	0	0	99	0	0	0	0	0	0	0	0	0	0	0	0	0	0	0	0	0	0	0	0	0	0	0	0	0	0	0	0	0	0	0	0	0	0	0	0	0	0	0	0	0	3	3	0	0	1	0	0	0	0	0	0	0	0	0	0	0	0	0	0	0	0	0	0	0	0	0	0	0	0	0	0	0	0	0	0	0	0	0	0	0	0	0	0	0	0	0	0	0	0	0	0	0	0	0	
	64030	1	0	드래곤나이트_검은_사무라이	43051	1	69DDA0	43077	44077	85811	85833	85841	39918	0	20064	0	911	0	Null	0	Null	0	25355	0	0	1	0	0	0	0	0	0	0	4	263	255	0	0	0	0	0	0	0	0	0	0	0	0	0	0	0	0	0	0	0	0	0	0	0	0	0	0	0	0	0	0	1	0	0	0	0	0	0	99	0	0	0	0	0	0	0	0	0	0	0	0	0	0	0	0	0	0	0	0	0	0	0	0	0	0	0	0	0	0	0	0	0	0	0	0	0	0	0	0	0	0	0	0	0	1	0	0	0	0	0	0	0	0	0	0	0	0	0	0	0	0	0	0	0	0	0	0	0	0	0	0	0	0	0	0	0	0	0	0	0	0	0	0	0	0	0	0	0	0	0	0	0	0	0	
	64031	1	0	드래곤나이트_붉은_사무라이	43052	1	69DDA0	43077	44077	85812	85834	85842	39918	0	20064	0	911	0	Null	0	Null	0	25355	0	0	1	0	0	0	0	0	0	0	4	263	255	0	0	0	0	0	0	0	0	0	0	0	0	0	0	0	0	0	0	0	0	0	0	0	0	0	0	0	0	0	0	1	0	0	0	0	0	0	99	0	0	0	0	0	0	0	0	0	0	0	0	0	0	0	0	0	0	0	0	0	0	0	0	0	0	0	0	0	0	0	0	0	0	0	0	0	0	0	0	0	0	0	0	0	1	0	0	0	0	0	0	0	0	0	0	0	0	0	0	0	0	0	0	0	0	0	0	0	0	0	0	0	0	0	0	0	0	0	0	0	0	0	0	0	0	0	0	0	0	0	0	0	0	0	
	64032	1	0	드래곤나이트_삐에로	43053	1	69DDA0	43077	44077	85813	85835	85843	39918	0	20064	0	911	0	Null	0	Null	0	25355	0	0	1	0	0	0	0	0	0	0	4	263	255	0	0	0	0	0	0	0	0	0	0	0	0	0	0	0	0	0	0	0	0	0	0	0	0	0	0	0	0	0	0	1	0	0	0	0	0	0	99	0	0	0	0	0	0	0	0	0	0	0	0	0	0	0	0	0	0	0	0	0	0	0	0	0	0	0	0	0	0	0	0	0	0	0	0	0	0	0	0	0	3	3	0	0	1	0	0	0	0	0	0	0	0	0	0	0	0	0	0	0	0	0	0	0	0	0	0	0	0	0	0	0	0	0	0	0	0	0	0	0	0	0	0	0	0	0	0	0	0	0	0	0	0	0	
	64033	1	0	드래곤나이트_사제	43078	1	69DDA0	43077	44077	85814	85836	85844	39918	0	20064	0	911	0	Null	0	Null	0	25355	0	0	1	0	0	0	0	0	0	0	4	263	255	0	0	0	0	0	0	0	0	0	0	0	0	0	0	0	0	0	0	0	0	0	0	0	0	0	0	0	0	0	0	1	0	0	0	0	0	0	99	0	0	0	0	0	0	0	0	0	0	0	0	0	0	0	0	0	0	0	0	0	0	0	0	0	0	0	0	0	0	0	0	0	0	0	0	0	0	0	0	0	0	0	0	0	1	0	0	0	0	0	0	0	0	0	0	0	0	0	0	0	0	0	0	0	0	0	0	0	0	0	0	0	0	0	0	0	0	0	0	0	0	0	0	0	0	0	0	0	0	0	0	0	0	0	
	64034	1	0	섀도우_에텔레인예복	43048	1	69DDA0	43077	44077	85815	85822	85838	39918	0	20064	0	911	0	Null	0	Null	0	25355	0	0	1	0	0	0	0	0	0	0	4	263	255	0	0	0	0	0	0	0	0	0	0	0	0	0	0	0	0	0	0	0	0	0	0	0	0	0	0	0	0	0	0	0	1	0	0	0	0	0	99	0	0	0	0	0	0	0	0	0	0	0	0	0	0	0	0	0	0	0	0	0	0	0	0	0	0	0	0	0	0	0	0	0	0	0	0	0	0	0	0	0	0	0	0	0	1	0	0	0	0	0	0	0	0	0	0	0	0	0	0	0	0	0	0	0	0	0	0	0	0	0	0	0	0	0	0	0	0	0	0	0	0	0	0	0	0	0	0	0	0	0	0	0	0	0	
	64035	1	0	섀도우_곰돌이(기간제)	43088	1	69DDA0	43077	44084	85816	85823	85839	39918	0	20064	0	911	0	Null	0	Null	0	25355	0	0	1	0	0	0	0	0	0	0	4	263	255	0	0	0	0	0	0	0	0	0	0	0	0	0	0	0	0	0	0	0	0	0	0	0	0	0	0	0	0	0	0	0	1	0	0	0	0	0	99	0	0	0	0	0	0	0	0	0	0	0	0	0	0	0	0	0	0	0	0	0	0	0	0	0	0	0	0	0	0	0	0	0	0	0	0	0	0	0	0	0	3	3	0	0	1	0	0	0	0	0	0	0	0	0	0	0	0	0	0	0	0	0	0	0	0	0	0	0	0	0	0	0	0	0	0	0	0	0	0	0	0	0	0	0	0	0	0	0	0	0	0	0	0	0	
	64036	1	0	섀도우_팬더(기간제)	43089	1	69DDA0	43077	44085	85817	85824	85840	39918	0	20064	0	911	0	Null	0	Null	0	25355	0	0	1	0	0	0	0	0	0	0	4	263	255	0	0	0	0	0	0	0	0	0	0	0	0	0	0	0	0	0	0	0	0	0	0	0	0	0	0	0	0	0	0	0	1	0	0	0	0	0	99	0	0	0	0	0	0	0	0	0	0	0	0	0	0	0	0	0	0	0	0	0	0	0	0	0	0	0	0	0	0	0	0	0	0	0	0	0	0	0	0	0	3	3	0	0	1	0	0	0	0	0	0	0	0	0	0	0	0	0	0	0	0	0	0	0	0	0	0	0	0	0	0	0	0	0	0	0	0	0	0	0	0	0	0	0	0	0	0	0	0	0	0	0	0	0	
	64037	1	0	섀도우_검은_사무라이	43051	1	69DDA0	43077	44077	85818	85825	85841	39918	0	20064	0	911	0	Null	0	Null	0	25355	0	0	1	0	0	0	0	0	0	0	4	263	255	0	0	0	0	0	0	0	0	0	0	0	0	0	0	0	0	0	0	0	0	0	0	0	0	0	0	0	0	0	0	0	1	0	0	0	0	0	99	0	0	0	0	0	0	0	0	0	0	0	0	0	0	0	0	0	0	0	0	0	0	0	0	0	0	0	0	0	0	0	0	0	0	0	0	0	0	0	0	0	0	0	0	0	1	0	0	0	0	0	0	0	0	0	0	0	0	0	0	0	0	0	0	0	0	0	0	0	0	0	0	0	0	0	0	0	0	0	0	0	0	0	0	0	0	0	0	0	0	0	0	0	0	0	
	64038	1	0	섀도우_붉은_사무라이	43052	1	69DDA0	43077	44077	85819	85826	85842	39918	0	20064	0	911	0	Null	0	Null	0	25355	0	0	1	0	0	0	0	0	0	0	4	263	255	0	0	0	0	0	0	0	0	0	0	0	0	0	0	0	0	0	0	0	0	0	0	0	0	0	0	0	0	0	0	0	1	0	0	0	0	0	99	0	0	0	0	0	0	0	0	0	0	0	0	0	0	0	0	0	0	0	0	0	0	0	0	0	0	0	0	0	0	0	0	0	0	0	0	0	0	0	0	0	0	0	0	0	1	0	0	0	0	0	0	0	0	0	0	0	0	0	0	0	0	0	0	0	0	0	0	0	0	0	0	0	0	0	0	0	0	0	0	0	0	0	0	0	0	0	0	0	0	0	0	0	0	0	
	64039	1	0	섀도우_삐에로	43053	1	69DDA0	43077	44077	85820	85827	85843	39918	0	20064	0	911	0	Null	0	Null	0	25355	0	0	1	0	0	0	0	0	0	0	4	263	255	0	0	0	0	0	0	0	0	0	0	0	0	0	0	0	0	0	0	0	0	0	0	0	0	0	0	0	0	0	0	0	1	0	0	0	0	0	99	0	0	0	0	0	0	0	0	0	0	0	0	0	0	0	0	0	0	0	0	0	0	0	0	0	0	0	0	0	0	0	0	0	0	0	0	0	0	0	0	0	3	3	0	0	1	0	0	0	0	0	0	0	0	0	0	0	0	0	0	0	0	0	0	0	0	0	0	0	0	0	0	0	0	0	0	0	0	0	0	0	0	0	0	0	0	0	0	0	0	0	0	0	0	0	
	64040	1	0	섀도우_사제	43078	1	69DDA0	43077	44077	85821	85828	85844	39918	0	20064	0	911	0	Null	0	Null	0	25355	0	0	1	0	0	0	0	0	0	0	4	263	255	0	0	0	0	0	0	0	0	0	0	0	0	0	0	0	0	0	0	0	0	0	0	0	0	0	0	0	0	0	0	0	1	0	0	0	0	0	99	0	0	0	0	0	0	0	0	0	0	0	0	0	0	0	0	0	0	0	0	0	0	0	0	0	0	0	0	0	0	0	0	0	0	0	0	0	0	0	0	0	0	0	0	0	1	0	0	0	0	0	0	0	0	0	0	0	0	0	0	0	0	0	0	0	0	0	0	0	0	0	0	0	0	0	0	0	0	0	0	0	0	0	0	0	0	0	0	0	0	0	0	0	0	0	
	64041	1	0	엘리멘탈리스트_에텔레인예복	43048	1	69DDA0	43077	44077	85815	85822	85859	39918	0	20064	0	911	0	Null	0	Null	0	25355	0	0	1	0	0	0	0	0	0	0	4	263	255	0	0	0	0	0	0	0	0	0	0	0	0	0	0	0	0	0	0	0	0	0	0	0	0	0	0	0	0	0	0	0	0	0	1	0	0	0	99	0	0	0	0	0	0	0	0	0	0	0	0	0	0	0	0	0	0	0	0	0	0	0	0	0	0	0	0	0	0	0	0	0	0	0	0	0	0	0	0	0	0	0	0	0	1	0	0	0	0	0	0	0	0	0	0	0	0	0	0	0	0	0	0	0	0	0	0	0	0	0	0	0	0	0	0	0	0	0	0	0	0	0	0	0	0	0	0	0	0	0	0	0	0	0	
	64042	1	0	엘리멘탈리스트_곰돌이(기간제)	43090	1	69DDA0	43077	44084	85816	85823	85860	39918	0	20064	0	911	0	Null	0	Null	0	25355	0	0	1	0	0	0	0	0	0	0	4	263	255	0	0	0	0	0	0	0	0	0	0	0	0	0	0	0	0	0	0	0	0	0	0	0	0	0	0	0	0	0	0	0	0	0	1	0	0	0	99	0	0	0	0	0	0	0	0	0	0	0	0	0	0	0	0	0	0	0	0	0	0	0	0	0	0	0	0	0	0	0	0	0	0	0	0	0	0	0	0	0	3	3	0	0	1	0	0	0	0	0	0	0	0	0	0	0	0	0	0	0	0	0	0	0	0	0	0	0	0	0	0	0	0	0	0	0	0	0	0	0	0	0	0	0	0	0	0	0	0	0	0	0	0	0	
	64043	1	0	엘리멘탈리스트_팬더(기간제)	43091	1	69DDA0	43077	44085	85817	85824	85861	39918	0	20064	0	911	0	Null	0	Null	0	25355	0	0	1	0	0	0	0	0	0	0	4	263	255	0	0	0	0	0	0	0	0	0	0	0	0	0	0	0	0	0	0	0	0	0	0	0	0	0	0	0	0	0	0	0	0	0	1	0	0	0	99	0	0	0	0	0	0	0	0	0	0	0	0	0	0	0	0	0	0	0	0	0	0	0	0	0	0	0	0	0	0	0	0	0	0	0	0	0	0	0	0	0	3	3	0	0	1	0	0	0	0	0	0	0	0	0	0	0	0	0	0	0	0	0	0	0	0	0	0	0	0	0	0	0	0	0	0	0	0	0	0	0	0	0	0	0	0	0	0	0	0	0	0	0	0	0	
	64044	1	0	엘리멘탈리스트_검은_사무라이	43051	1	69DDA0	43077	44077	85818	85825	85862	39918	0	20064	0	911	0	Null	0	Null	0	25355	0	0	1	0	0	0	0	0	0	0	4	263	255	0	0	0	0	0	0	0	0	0	0	0	0	0	0	0	0	0	0	0	0	0	0	0	0	0	0	0	0	0	0	0	0	0	1	0	0	0	99	0	0	0	0	0	0	0	0	0	0	0	0	0	0	0	0	0	0	0	0	0	0	0	0	0	0	0	0	0	0	0	0	0	0	0	0	0	0	0	0	0	0	0	0	0	1	0	0	0	0	0	0	0	0	0	0	0	0	0	0	0	0	0	0	0	0	0	0	0	0	0	0	0	0	0	0	0	0	0	0	0	0	0	0	0	0	0	0	0	0	0	0	0	0	0	
	64045	1	0	엘리멘탈리스트_붉은_사무라이	43052	1	69DDA0	43077	44077	85819	85826	85863	39918	0	20064	0	911	0	Null	0	Null	0	25355	0	0	1	0	0	0	0	0	0	0	4	263	255	0	0	0	0	0	0	0	0	0	0	0	0	0	0	0	0	0	0	0	0	0	0	0	0	0	0	0	0	0	0	0	0	0	1	0	0	0	99	0	0	0	0	0	0	0	0	0	0	0	0	0	0	0	0	0	0	0	0	0	0	0	0	0	0	0	0	0	0	0	0	0	0	0	0	0	0	0	0	0	0	0	0	0	1	0	0	0	0	0	0	0	0	0	0	0	0	0	0	0	0	0	0	0	0	0	0	0	0	0	0	0	0	0	0	0	0	0	0	0	0	0	0	0	0	0	0	0	0	0	0	0	0	0	
	64046	1	0	엘리멘탈리스트_삐에로	43053	1	69DDA0	43077	44077	85820	85827	85864	39918	0	20064	0	911	0	Null	0	Null	0	25355	0	0	1	0	0	0	0	0	0	0	4	263	255	0	0	0	0	0	0	0	0	0	0	0	0	0	0	0	0	0	0	0	0	0	0	0	0	0	0	0	0	0	0	0	0	0	1	0	0	0	99	0	0	0	0	0	0	0	0	0	0	0	0	0	0	0	0	0	0	0	0	0	0	0	0	0	0	0	0	0	0	0	0	0	0	0	0	0	0	0	0	0	3	3	0	0	1	0	0	0	0	0	0	0	0	0	0	0	0	0	0	0	0	0	0	0	0	0	0	0	0	0	0	0	0	0	0	0	0	0	0	0	0	0	0	0	0	0	0	0	0	0	0	0	0	0	
	64047	1	0	엘리멘탈리스트_수녀	43054	1	69DDA0	43077	44077	85821	85828	85865	39918	0	20064	0	911	0	Null	0	Null	0	25355	0	0	1	0	0	0	0	0	0	0	4	263	255	0	0	0	0	0	0	0	0	0	0	0	0	0	0	0	0	0	0	0	0	0	0	0	0	0	0	0	0	0	0	0	0	0	1	0	0	0	99	0	0	0	0	0	0	0	0	0	0	0	0	0	0	0	0	0	0	0	0	0	0	0	0	0	0	0	0	0	0	0	0	0	0	0	0	0	0	0	0	0	3	3	0	0	1	0	0	0	0	0	0	0	0	0	0	0	0	0	0	0	0	0	0	0	0	0	0	0	0	0	0	0	0	0	0	0	0	0	0	0	0	0	0	0	0	0	0	0	0	0	0	0	0	0	
	64048	1	0	엘리멘탈리스트_호피	43055	1	69DDA0	43077	44078	0	85829	85866	39918	0	20064	0	911	0	Null	0	Null	0	25355	0	0	1	0	0	0	0	0	0	0	4	263	255	0	0	0	0	0	0	0	0	0	0	0	0	0	0	0	0	0	0	0	0	0	0	0	0	0	0	0	0	2	0	0	0	0	1	0	0	0	99	0	0	0	0	0	0	0	0	0	0	0	0	0	0	0	0	0	0	0	0	0	0	0	0	0	0	0	0	0	0	0	0	0	0	0	0	0	0	0	0	0	0	0	0	0	1	0	0	0	0	0	0	0	0	0	0	0	0	0	0	0	0	0	0	0	0	0	0	0	0	0	0	0	0	0	0	0	0	0	0	0	0	0	0	0	0	0	0	0	0	0	0	0	0	0	
	64049	1	0	발키리_에텔레인예복	43048	1	69DDA0	43077	44077	85808	85830	85859	39918	0	20064	0	911	0	Null	0	Null	0	25355	0	0	1	0	0	0	0	0	0	0	4	263	255	0	0	0	0	0	0	0	0	0	0	0	0	0	0	0	0	0	0	0	0	0	0	0	0	0	0	0	0	0	0	0	0	1	0	0	0	0	99	0	0	0	0	0	0	0	0	0	0	0	0	0	0	0	0	0	0	0	0	0	0	0	0	0	0	0	0	0	0	0	0	0	0	0	0	0	0	0	0	0	0	0	0	0	1	0	0	0	0	0	0	0	0	0	0	0	0	0	0	0	0	0	0	0	0	0	0	0	0	0	0	0	0	0	0	0	0	0	0	0	0	0	0	0	0	0	0	0	0	0	0	0	0	0	
	64050	1	0	발키리_곰돌이(기간제)	43092	1	69DDA0	43077	44084	85809	85831	85860	39918	0	20064	0	911	0	Null	0	Null	0	25355	0	0	1	0	0	0	0	0	0	0	4	263	255	0	0	0	0	0	0	0	0	0	0	0	0	0	0	0	0	0	0	0	0	0	0	0	0	0	0	0	0	0	0	0	0	1	0	0	0	0	99	0	0	0	0	0	0	0	0	0	0	0	0	0	0	0	0	0	0	0	0	0	0	0	0	0	0	0	0	0	0	0	0	0	0	0	0	0	0	0	0	0	3	3	0	0	1	0	0	0	0	0	0	0	0	0	0	0	0	0	0	0	0	0	0	0	0	0	0	0	0	0	0	0	0	0	0	0	0	0	0	0	0	0	0	0	0	0	0	0	0	0	0	0	0	0	
	64051	1	0	발키리_팬더(기간제)	43093	1	69DDA0	43077	44085	85810	85832	85861	39918	0	20064	0	911	0	Null	0	Null	0	25355	0	0	1	0	0	0	0	0	0	0	4	263	255	0	0	0	0	0	0	0	0	0	0	0	0	0	0	0	0	0	0	0	0	0	0	0	0	0	0	0	0	0	0	0	0	1	0	0	0	0	99	0	0	0	0	0	0	0	0	0	0	0	0	0	0	0	0	0	0	0	0	0	0	0	0	0	0	0	0	0	0	0	0	0	0	0	0	0	0	0	0	0	3	3	0	0	1	0	0	0	0	0	0	0	0	0	0	0	0	0	0	0	0	0	0	0	0	0	0	0	0	0	0	0	0	0	0	0	0	0	0	0	0	0	0	0	0	0	0	0	0	0	0	0	0	0	
	64052	1	0	발키리_검은_사무라이	43051	1	69DDA0	43077	44077	85811	85833	85862	39918	0	20064	0	911	0	Null	0	Null	0	25355	0	0	1	0	0	0	0	0	0	0	4	263	255	0	0	0	0	0	0	0	0	0	0	0	0	0	0	0	0	0	0	0	0	0	0	0	0	0	0	0	0	0	0	0	0	1	0	0	0	0	99	0	0	0	0	0	0	0	0	0	0	0	0	0	0	0	0	0	0	0	0	0	0	0	0	0	0	0	0	0	0	0	0	0	0	0	0	0	0	0	0	0	0	0	0	0	1	0	0	0	0	0	0	0	0	0	0	0	0	0	0	0	0	0	0	0	0	0	0	0	0	0	0	0	0	0	0	0	0	0	0	0	0	0	0	0	0	0	0	0	0	0	0	0	0	0	
	64053	1	0	발키리_붉은_사무라이	43052	1	69DDA0	43077	44077	85812	85834	85863	39918	0	20064	0	911	0	Null	0	Null	0	25355	0	0	1	0	0	0	0	0	0	0	4	263	255	0	0	0	0	0	0	0	0	0	0	0	0	0	0	0	0	0	0	0	0	0	0	0	0	0	0	0	0	0	0	0	0	1	0	0	0	0	99	0	0	0	0	0	0	0	0	0	0	0	0	0	0	0	0	0	0	0	0	0	0	0	0	0	0	0	0	0	0	0	0	0	0	0	0	0	0	0	0	0	0	0	0	0	1	0	0	0	0	0	0	0	0	0	0	0	0	0	0	0	0	0	0	0	0	0	0	0	0	0	0	0	0	0	0	0	0	0	0	0	0	0	0	0	0	0	0	0	0	0	0	0	0	0	
	64054	1	0	발키리_삐에로	43053	1	69DDA0	43077	44077	85813	85835	85864	39918	0	20064	0	911	0	Null	0	Null	0	25355	0	0	1	0	0	0	0	0	0	0	4	263	255	0	0	0	0	0	0	0	0	0	0	0	0	0	0	0	0	0	0	0	0	0	0	0	0	0	0	0	0	0	0	0	0	1	0	0	0	0	99	0	0	0	0	0	0	0	0	0	0	0	0	0	0	0	0	0	0	0	0	0	0	0	0	0	0	0	0	0	0	0	0	0	0	0	0	0	0	0	0	0	3	3	0	0	1	0	0	0	0	0	0	0	0	0	0	0	0	0	0	0	0	0	0	0	0	0	0	0	0	0	0	0	0	0	0	0	0	0	0	0	0	0	0	0	0	0	0	0	0	0	0	0	0	0	
	64055	1	0	발키리_수녀	43054	1	69DDA0	43077	44077	85814	85836	85865	39918	0	20064	0	911	0	Null	0	Null	0	25355	0	0	1	0	0	0	0	0	0	0	4	263	255	0	0	0	0	0	0	0	0	0	0	0	0	0	0	0	0	0	0	0	0	0	0	0	0	0	0	0	0	0	0	0	0	1	0	0	0	0	99	0	0	0	0	0	0	0	0	0	0	0	0	0	0	0	0	0	0	0	0	0	0	0	0	0	0	0	0	0	0	0	0	0	0	0	0	0	0	0	0	0	3	3	0	0	1	0	0	0	0	0	0	0	0	0	0	0	0	0	0	0	0	0	0	0	0	0	0	0	0	0	0	0	0	0	0	0	0	0	0	0	0	0	0	0	0	0	0	0	0	0	0	0	0	0	
	64056	1	0	발키리_호피	43055	1	69DDA0	43077	44078	0	85837	85866	39918	0	20064	0	911	0	Null	0	Null	0	25355	0	0	1	0	0	0	0	0	0	0	4	263	255	0	0	0	0	0	0	0	0	0	0	0	0	0	0	0	0	0	0	0	0	0	0	0	0	0	0	0	0	2	0	0	0	1	0	0	0	0	99	0	0	0	0	0	0	0	0	0	0	0	0	0	0	0	0	0	0	0	0	0	0	0	0	0	0	0	0	0	0	0	0	0	0	0	0	0	0	0	0	0	0	0	0	0	1	0	0	0	0	0	0	0	0	0	0	0	0	0	0	0	0	0	0	0	0	0	0	0	0	0	0	0	0	0	0	0	0	0	0	0	0	0	0	0	0	0	0	0	0	0	0	0	0	0	
	64057	1	0	버서커_팬더(기간제)_무제한	44174	1	69DDA0	43077	44085	85803	85832	85840	39918	0	20064	0	911	0	Null	0	Null	0	25355	0	0	1	0	0	0	0	0	0	0	4	6	255	0	0	0	0	0	0	0	0	0	0	0	0	0	0	0	0	0	0	0	0	0	0	0	0	0	0	0	0	0	1	0	0	0	0	0	0	0	99	0	49	2	100	0	47	2	100	0	32	1	7	0	0	0	0	0	0	0	0	0	0	0	0	0	0	0	0	0	0	0	0	0	0	0	0	0	0	0	0	0	3	3	0	0	1	0	0	0	0	0	0	0	0	0	0	0	0	0	0	0	0	0	0	0	0	0	0	0	0	0	0	0	0	0	0	0	0	0	0	0	0	0	0	0	0	0	0	0	0	0	0	0	0	0	
	64058	1	0	드래곤나이트_팬더(기간제)_무제한	44175	1	69DDA0	43077	44085	85810	85832	85840	39918	0	20064	0	911	0	Null	0	Null	0	25355	0	0	1	0	0	0	0	0	0	0	4	6	255	0	0	0	0	0	0	0	0	0	0	0	0	0	0	0	0	0	0	0	0	0	0	0	0	0	0	0	0	0	0	1	0	0	0	0	0	0	99	0	49	2	100	0	47	2	100	0	32	1	7	0	0	0	0	0	0	0	0	0	0	0	0	0	0	0	0	0	0	0	0	0	0	0	0	0	0	0	0	0	3	3	0	0	1	0	0	0	0	0	0	0	0	0	0	0	0	0	0	0	0	0	0	0	0	0	0	0	0	0	0	0	0	0	0	0	0	0	0	0	0	0	0	0	0	0	0	0	0	0	0	0	0	0	
	64059	1	0	섀도우_팬더(기간제)_무제한	44176	1	69DDA0	43077	44085	85817	85824	85840	39918	0	20064	0	911	0	Null	0	Null	0	25355	0	0	1	0	0	0	0	0	0	0	4	6	255	0	0	0	0	0	0	0	0	0	0	0	0	0	0	0	0	0	0	0	0	0	0	0	0	0	0	0	0	0	0	0	1	0	0	0	0	0	99	0	49	2	100	0	47	2	100	0	32	1	7	0	0	0	0	0	0	0	0	0	0	0	0	0	0	0	0	0	0	0	0	0	0	0	0	0	0	0	0	0	3	3	0	0	1	0	0	0	0	0	0	0	0	0	0	0	0	0	0	0	0	0	0	0	0	0	0	0	0	0	0	0	0	0	0	0	0	0	0	0	0	0	0	0	0	0	0	0	0	0	0	0	0	0	
	64060	1	0	엘리멘탈리스트_팬더(기간제)_무제한	44178	1	69DDA0	43077	44085	85817	85824	85861	39918	0	20064	0	911	0	Null	0	Null	0	25355	0	0	1	0	0	0	0	0	0	0	4	6	255	0	0	0	0	0	0	0	0	0	0	0	0	0	0	0	0	0	0	0	0	0	0	0	0	0	0	0	0	0	0	0	0	0	1	0	0	0	99	0	49	2	100	0	47	2	100	0	32	1	7	0	0	0	0	0	0	0	0	0	0	0	0	0	0	0	0	0	0	0	0	0	0	0	0	0	0	0	0	0	3	3	0	0	1	0	0	0	0	0	0	0	0	0	0	0	0	0	0	0	0	0	0	0	0	0	0	0	0	0	0	0	0	0	0	0	0	0	0	0	0	0	0	0	0	0	0	0	0	0	0	0	0	0	
	64061	1	0	발키리_팬더(기간제)_무제한	44177	1	69DDA0	43077	44085	85810	85832	85861	39918	0	20064	0	911	0	Null	0	Null	0	25355	0	0	1	0	0	0	0	0	0	0	4	6	255	0	0	0	0	0	0	0	0	0	0	0	0	0	0	0	0	0	0	0	0	0	0	0	0	0	0	0	0	0	0	0	0	1	0	0	0	0	99	0	49	2	100	0	47	2	100	0	32	1	7	0	0	0	0	0	0	0	0	0	0	0	0	0	0	0	0	0	0	0	0	0	0	0	0	0	0	0	0	0	3	3	0	0	1	0	0	0	0	0	0	0	0	0	0	0	0	0	0	0	0	0	0	0	0	0	0	0	0	0	0	0	0	0	0	0	0	0	0	0	0	0	0	0	0	0	0	0	0	0	0	0	0	0	
	64062	1	0	미스틱용_팬더_의상	44179	1	69DDA0	43077	44078	0	86036	86039	39918	0	20064	0	911	0	Null	0	Null	0	25355	0	0	1	0	0	0	0	0	0	0	4	6	255	0	0	0	0	0	0	0	0	0	0	0	0	0	0	0	0	0	0	0	0	0	0	0	0	0	0	0	0	0	0	0	0	0	0	1	0	0	99	0	49	2	100	0	47	2	100	0	32	1	7	0	0	0	0	0	0	0	0	0	0	0	0	0	0	0	0	0	0	0	0	0	0	0	0	0	0	0	0	0	3	3	0	0	1	0	0	0	0	0	0	0	0	0	0	0	0	0	0	0	0	0	0	0	0	0	0	0	0	0	0	0	0	0	0	0	0	0	0	0	0	0	0	0	0	0	0	0	0	0	0	0	0	0	
	64063	1	0	버서커_팬더(한정판)_무제한	44180	1	69DDA0	43077	44095	85803	85832	86003	39918	0	20064	0	911	0	Null	0	Null	0	25355	0	0	1	0	0	0	0	0	0	0	4	6	255	0	0	0	0	0	0	0	0	0	0	0	0	0	0	0	0	0	0	0	0	0	0	0	0	0	0	0	0	0	1	0	0	0	0	0	0	0	99	0	42	2	100	0	31	5	100	0	49	2	100	0	47	2	100	0	32	1	10	0	0	0	0	0	0	0	0	0	0	0	0	0	0	0	0	0	0	0	0	0	3	3	0	0	1	0	0	0	0	0	0	0	0	0	0	0	0	0	0	0	0	0	0	0	0	0	0	0	0	0	0	0	0	0	0	0	0	0	0	0	0	0	0	0	0	0	0	0	0	0	0	0	0	0	
	64064	1	0	드래곤나이트_팬더(한정판)_무제한	44181	1	69DDA0	43077	44095	85810	85832	86003	39918	0	20064	0	911	0	Null	0	Null	0	25355	0	0	1	0	0	0	0	0	0	0	4	6	255	0	0	0	0	0	0	0	0	0	0	0	0	0	0	0	0	0	0	0	0	0	0	0	0	0	0	0	0	0	0	1	0	0	0	0	0	0	99	0	42	2	100	0	31	5	100	0	49	2	100	0	47	2	100	0	32	1	10	0	0	0	0	0	0	0	0	0	0	0	0	0	0	0	0	0	0	0	0	0	3	3	0	0	1	0	0	0	0	0	0	0	0	0	0	0	0	0	0	0	0	0	0	0	0	0	0	0	0	0	0	0	0	0	0	0	0	0	0	0	0	0	0	0	0	0	0	0	0	0	0	0	0	0	
	64065	1	0	섀도우_팬더(한정판)_무제한	44182	1	69DDA0	43077	44095	85817	85824	86003	39918	0	20064	0	911	0	Null	0	Null	0	25355	0	0	1	0	0	0	0	0	0	0	4	6	255	0	0	0	0	0	0	0	0	0	0	0	0	0	0	0	0	0	0	0	0	0	0	0	0	0	0	0	0	0	0	0	1	0	0	0	0	0	99	0	42	2	100	0	31	5	100	0	49	2	100	0	47	2	100	0	32	1	10	0	0	0	0	0	0	0	0	0	0	0	0	0	0	0	0	0	0	0	0	0	3	3	0	0	1	0	0	0	0	0	0	0	0	0	0	0	0	0	0	0	0	0	0	0	0	0	0	0	0	0	0	0	0	0	0	0	0	0	0	0	0	0	0	0	0	0	0	0	0	0	0	0	0	0	
	64066	1	0	엘리멘탈리스트_팬더(한정판)_무제한	44184	1	69DDA0	43077	44095	85817	85824	86005	39918	0	20064	0	911	0	Null	0	Null	0	25355	0	0	1	0	0	0	0	0	0	0	4	6	255	0	0	0	0	0	0	0	0	0	0	0	0	0	0	0	0	0	0	0	0	0	0	0	0	0	0	0	0	0	0	0	0	0	1	0	0	0	99	0	42	2	100	0	31	5	100	0	49	2	100	0	47	2	100	0	32	1	10	0	0	0	0	0	0	0	0	0	0	0	0	0	0	0	0	0	0	0	0	0	3	3	0	0	1	0	0	0	0	0	0	0	0	0	0	0	0	0	0	0	0	0	0	0	0	0	0	0	0	0	0	0	0	0	0	0	0	0	0	0	0	0	0	0	0	0	0	0	0	0	0	0	0	0	
	64067	1	0	발키리_팬더(한정판)_무제한	44183	1	69DDA0	43077	44095	85810	85832	86005	39918	0	20064	0	911	0	Null	0	Null	0	25355	0	0	1	0	0	0	0	0	0	0	4	6	255	0	0	0	0	0	0	0	0	0	0	0	0	0	0	0	0	0	0	0	0	0	0	0	0	0	0	0	0	0	0	0	0	1	0	0	0	0	99	0	42	2	100	0	31	5	100	0	49	2	100	0	47	2	100	0	32	1	10	0	0	0	0	0	0	0	0	0	0	0	0	0	0	0	0	0	0	0	0	0	3	3	0	0	1	0	0	0	0	0	0	0	0	0	0	0	0	0	0	0	0	0	0	0	0	0	0	0	0	0	0	0	0	0	0	0	0	0	0	0	0	0	0	0	0	0	0	0	0	0	0	0	0	0	
	64068	1	0	[강화판]미스틱용_팬더_의상	44185	1	69DDA0	43077	44078	0	86036	86042	39918	0	20064	0	911	0	Null	0	Null	0	25355	0	0	1	0	0	0	0	0	0	0	4	6	255	0	0	0	0	0	0	0	0	0	0	0	0	0	0	0	0	0	0	0	0	0	0	0	0	0	0	0	0	0	0	0	0	0	0	1	0	0	99	0	42	2	100	0	31	5	100	0	49	2	100	0	47	2	100	0	32	1	10	0	0	0	0	0	0	0	0	0	0	0	0	0	0	0	0	0	0	0	0	0	3	3	0	0	1	0	0	0	0	0	0	0	0	0	0	0	0	0	0	0	0	0	0	0	0	0	0	0	0	0	0	0	0	0	0	0	0	0	0	0	0	0	0	0	0	0	0	0	0	0	0	0	0	0	
//기간제탈것_파츠_중국전용[기간제탈것관련신규대역폭추가되어사용중지]								#N/A																								0																																																																																																																																									
//	64069	1	9	군마의장화	158309	0	0	158383	159309	6002	6002	74644	39999	0	20041	0	20041	0	Null	0	Null	0	0	0	0	1	0	0	0	15000000	15000000	0	0	1	0	255	0	0	0	0	0	0	0	0	0	0	0	0	0	0	0	0	0	0	0	0	0	0	0	0	0	0	0	1	0	0	0	0	0	0	0	0	0	93	0	0	0	0	0	0	0	0	0	0	0	0	0	0	0	0	0	0	0	0	0	0	0	0	0	0	0	0	0	0	0	0	0	0	0	0	0	0	0	0	0	0	0	0	0	1	0	0	0	0	0	0	0	0	0	0	0	0	0	0	0	0	0	0	0	0	0	0	0	0	0	0	0	0	0	0	0	0	0	0	0	0	0	0	0	0	0	0	0	0	0	0	0	0	
//	64070	1	9	표범의투구	158310	0	0	158383	159310	6003	6003	74645	39999	0	20041	0	20041	0	Null	0	Null	0	0	0	0	1	0	0	0	20000000	20000000	0	0	1	0	255	0	0	0	0	0	0	0	0	0	0	0	0	0	0	0	0	0	0	0	0	0	0	0	0	0	0	0	2	0	0	0	0	0	0	0	0	0	91	1	14	1	5	0	0	0	0	0	0	0	0	0	0	0	0	0	0	0	0	0	0	0	0	0	0	0	0	0	0	0	0	0	0	0	0	0	0	0	0	0	0	0	0	0	1	0	0	0	0	0	0	0	0	0	0	0	0	0	0	0	0	0	0	0	0	0	0	0	0	0	0	0	0	0	0	0	0	0	0	0	0	0	0	0	0	0	0	0	0	0	0	0	0	
//	64071	1	9	표범의갑옷	158311	0	0	158383	159311	6004	6004	74646	39999	0	20041	0	20041	0	Null	0	Null	0	0	0	0	1	0	0	0	20000000	20000000	0	0	1	0	255	0	0	0	0	0	0	0	0	0	0	0	0	0	0	0	0	0	0	0	0	0	0	0	0	0	0	0	2	0	0	0	0	0	0	0	0	0	92	1	14	1	5	0	0	0	0	0	0	0	0	0	0	0	0	0	0	0	0	0	0	0	0	0	0	0	0	0	0	0	0	0	0	0	0	0	0	0	0	0	0	0	0	0	1	0	0	0	0	0	0	0	0	0	0	0	0	0	0	0	0	0	0	0	0	0	0	0	0	0	0	0	0	0	0	0	0	0	0	0	0	0	0	0	0	0	0	0	0	0	0	0	0	
//	64072	1	9	표범의장화	158312	0	0	158383	159312	6005	6005	74647	39999	0	20041	0	20041	0	Null	0	Null	0	0	0	0	1	0	0	0	20000000	20000000	0	0	1	0	255	0	0	0	0	0	0	0	0	0	0	0	0	0	0	0	0	0	0	0	0	0	0	0	0	0	0	0	2	0	0	0	0	0	0	0	0	0	93	1	14	1	10	0	0	0	0	0	0	0	0	0	0	0	0	0	0	0	0	0	0	0	0	0	0	0	0	0	0	0	0	0	0	0	0	0	0	0	0	0	0	0	0	0	1	0	0	0	0	0	0	0	0	0	0	0	0	0	0	0	0	0	0	0	0	0	0	0	0	0	0	0	0	0	0	0	0	0	0	0	0	0	0	0	0	0	0	0	0	0	0	0	0	
//	64073	1	9	오크피그의투구	158313	0	0	158383	159313	6006	6006	74648	39999	0	20041	0	20041	0	Null	0	Null	0	0	0	0	1	0	0	0	20000000	20000000	0	0	1	0	255	0	0	0	0	0	0	0	0	0	0	0	0	0	0	0	0	0	0	0	0	0	0	0	0	0	0	0	3	0	0	0	0	0	0	0	0	0	91	1	14	1	5	0	0	0	0	0	0	0	0	0	0	0	0	0	0	0	0	0	0	0	0	0	0	0	0	0	0	0	0	0	0	0	0	0	0	0	0	0	0	0	0	0	1	0	0	0	0	0	0	0	0	0	0	0	0	0	0	0	0	0	0	0	0	0	0	0	0	0	0	0	0	0	0	0	0	0	0	0	0	0	0	0	0	0	0	0	0	0	0	0	0	
//	64074	1	9	오크피그의갑옷	158314	0	0	158383	159314	6007	6007	74649	39999	0	20041	0	20041	0	Null	0	Null	0	0	0	0	1	0	0	0	20000000	20000000	0	0	1	0	255	0	0	0	0	0	0	0	0	0	0	0	0	0	0	0	0	0	0	0	0	0	0	0	0	0	0	0	3	0	0	0	0	0	0	0	0	0	92	1	14	1	5	0	0	0	0	0	0	0	0	0	0	0	0	0	0	0	0	0	0	0	0	0	0	0	0	0	0	0	0	0	0	0	0	0	0	0	0	0	0	0	0	0	1	0	0	0	0	0	0	0	0	0	0	0	0	0	0	0	0	0	0	0	0	0	0	0	0	0	0	0	0	0	0	0	0	0	0	0	0	0	0	0	0	0	0	0	0	0	0	0	0	
//	64075	1	9	오크피그의장화	158315	0	0	158383	159315	6008	6008	74650	39999	0	20041	0	20041	0	Null	0	Null	0	0	0	0	1	0	0	0	20000000	20000000	0	0	1	0	255	0	0	0	0	0	0	0	0	0	0	0	0	0	0	0	0	0	0	0	0	0	0	0	0	0	0	0	3	0	0	0	0	0	0	0	0	0	93	1	14	1	10	0	0	0	0	0	0	0	0	0	0	0	0	0	0	0	0	0	0	0	0	0	0	0	0	0	0	0	0	0	0	0	0	0	0	0	0	0	0	0	0	0	1	0	0	0	0	0	0	0	0	0	0	0	0	0	0	0	0	0	0	0	0	0	0	0	0	0	0	0	0	0	0	0	0	0	0	0	0	0	0	0	0	0	0	0	0	0	0	0	0	
//	64076	1	9	용맹한군마의투구	158374	0	0	158383	159374	6009	6009	74651	39999	0	20041	0	20041	0	Null	0	Null	0	0	1	102	1	0	0	0	50000000	50000000	0	0	1	0	255	0	0	0	0	0	0	0	0	0	0	0	0	0	0	0	0	0	0	0	0	0	0	0	0	0	0	0	1	0	0	0	0	0	0	0	0	0	91	1	14	1	10	0	0	0	0	0	0	0	0	0	0	0	0	0	0	0	0	0	0	0	0	0	0	0	0	0	0	0	0	0	0	0	0	0	0	0	0	0	0	0	0	0	1	0	0	0	0	0	0	0	0	0	0	0	0	0	0	0	0	0	0	0	0	0	0	0	0	0	0	0	0	0	0	0	0	0	0	0	0	0	0	0	0	0	0	0	0	0	0	0	0	
//	64077	1	9	용맹한군마의갑옷	158375	0	0	158383	159375	6010	6010	74652	39999	0	20041	0	20041	0	Null	0	Null	0	0	1	102	1	0	0	0	50000000	50000000	0	0	1	0	255	0	0	0	0	0	0	0	0	0	0	0	0	0	0	0	0	0	0	0	0	0	0	0	0	0	0	0	1	0	0	0	0	0	0	0	0	0	92	1	14	1	10	0	0	0	0	0	0	0	0	0	0	0	0	0	0	0	0	0	0	0	0	0	0	0	0	0	0	0	0	0	0	0	0	0	0	0	0	0	0	0	0	0	1	0	0	0	0	0	0	0	0	0	0	0	0	0	0	0	0	0	0	0	0	0	0	0	0	0	0	0	0	0	0	0	0	0	0	0	0	0	0	0	0	0	0	0	0	0	0	0	0	
//	64078	1	9	용맹한군마의장화	158376	0	0	158383	159376	6011	6011	74653	39999	0	20041	0	20041	0	Null	0	Null	0	0	1	102	1	0	0	0	50000000	50000000	0	0	1	0	255	0	0	0	0	0	0	0	0	0	0	0	0	0	0	0	0	0	0	0	0	0	0	0	0	0	0	0	1	0	0	0	0	0	0	0	0	0	93	1	14	1	15	0	0	0	0	0	0	0	0	0	0	0	0	0	0	0	0	0	0	0	0	0	0	0	0	0	0	0	0	0	0	0	0	0	0	0	0	0	0	0	0	0	1	0	0	0	0	0	0	0	0	0	0	0	0	0	0	0	0	0	0	0	0	0	0	0	0	0	0	0	0	0	0	0	0	0	0	0	0	0	0	0	0	0	0	0	0	0	0	0	0	
//	64079	1	9	용맹한표범의투구	158377	0	0	158383	159377	6012	6012	74654	39999	0	20041	0	20041	0	Null	0	Null	0	0	1	102	1	0	0	0	50000000	50000000	0	0	1	0	255	0	0	0	0	0	0	0	0	0	0	0	0	0	0	0	0	0	0	0	0	0	0	0	0	0	0	0	2	0	0	0	0	0	0	0	0	0	91	1	14	1	10	0	0	0	0	0	0	0	0	0	0	0	0	0	0	0	0	0	0	0	0	0	0	0	0	0	0	0	0	0	0	0	0	0	0	0	0	0	0	0	0	0	1	0	0	0	0	0	0	0	0	0	0	0	0	0	0	0	0	0	0	0	0	0	0	0	0	0	0	0	0	0	0	0	0	0	0	0	0	0	0	0	0	0	0	0	0	0	0	0	0	
//	64080	1	9	용맹한표범의갑옷	158378	0	0	158383	159378	6013	6013	74655	39999	0	20041	0	20041	0	Null	0	Null	0	0	1	102	1	0	0	0	50000000	50000000	0	0	1	0	255	0	0	0	0	0	0	0	0	0	0	0	0	0	0	0	0	0	0	0	0	0	0	0	0	0	0	0	2	0	0	0	0	0	0	0	0	0	92	1	14	1	10	0	0	0	0	0	0	0	0	0	0	0	0	0	0	0	0	0	0	0	0	0	0	0	0	0	0	0	0	0	0	0	0	0	0	0	0	0	0	0	0	0	1	0	0	0	0	0	0	0	0	0	0	0	0	0	0	0	0	0	0	0	0	0	0	0	0	0	0	0	0	0	0	0	0	0	0	0	0	0	0	0	0	0	0	0	0	0	0	0	0	
//	64081	1	9	용맹한표범의장화	158379	0	0	158383	159379	6014	6014	74656	39999	0	20041	0	20041	0	Null	0	Null	0	0	1	102	1	0	0	0	50000000	50000000	0	0	1	0	255	0	0	0	0	0	0	0	0	0	0	0	0	0	0	0	0	0	0	0	0	0	0	0	0	0	0	0	2	0	0	0	0	0	0	0	0	0	93	1	14	1	15	0	0	0	0	0	0	0	0	0	0	0	0	0	0	0	0	0	0	0	0	0	0	0	0	0	0	0	0	0	0	0	0	0	0	0	0	0	0	0	0	0	1	0	0	0	0	0	0	0	0	0	0	0	0	0	0	0	0	0	0	0	0	0	0	0	0	0	0	0	0	0	0	0	0	0	0	0	0	0	0	0	0	0	0	0	0	0	0	0	0	
//	64082	1	9	용맹한오크피그의투구	158380	0	0	158383	159380	6015	6015	74657	39999	0	20041	0	20041	0	Null	0	Null	0	0	1	102	1	0	0	0	50000000	50000000	0	0	1	0	255	0	0	0	0	0	0	0	0	0	0	0	0	0	0	0	0	0	0	0	0	0	0	0	0	0	0	0	3	0	0	0	0	0	0	0	0	0	91	1	14	1	10	0	0	0	0	0	0	0	0	0	0	0	0	0	0	0	0	0	0	0	0	0	0	0	0	0	0	0	0	0	0	0	0	0	0	0	0	0	0	0	0	0	1	0	0	0	0	0	0	0	0	0	0	0	0	0	0	0	0	0	0	0	0	0	0	0	0	0	0	0	0	0	0	0	0	0	0	0	0	0	0	0	0	0	0	0	0	0	0	0	0	
//	64083	1	9	용맹한오크피그의갑옷	158381	0	0	158383	159381	6016	6016	74658	39999	0	20041	0	20041	0	Null	0	Null	0	0	1	102	1	0	0	0	50000000	50000000	0	0	1	0	255	0	0	0	0	0	0	0	0	0	0	0	0	0	0	0	0	0	0	0	0	0	0	0	0	0	0	0	3	0	0	0	0	0	0	0	0	0	92	1	14	1	10	0	0	0	0	0	0	0	0	0	0	0	0	0	0	0	0	0	0	0	0	0	0	0	0	0	0	0	0	0	0	0	0	0	0	0	0	0	0	0	0	0	1	0	0	0	0	0	0	0	0	0	0	0	0	0	0	0	0	0	0	0	0	0	0	0	0	0	0	0	0	0	0	0	0	0	0	0	0	0	0	0	0	0	0	0	0	0	0	0	0	
//	64084	1	9	용맹한오크피그의장화	158382	0	0	158383	159382	6017	6017	74659	39999	0	20041	0	20041	0	Null	0	Null	0	0	1	102	1	0	0	0	50000000	50000000	0	0	1	0	255	0	0	0	0	0	0	0	0	0	0	0	0	0	0	0	0	0	0	0	0	0	0	0	0	0	0	0	3	0	0	0	0	0	0	0	0	0	93	1	14	1	15	0	0	0	0	0	0	0	0	0	0	0	0	0	0	0	0	0	0	0	0	0	0	0	0	0	0	0	0	0	0	0	0	0	0	0	0	0	0	0	0	0	1	0	0	0	0	0	0	0	0	0	0	0	0	0	0	0	0	0	0	0	0	0	0	0	0	0	0	0	0	0	0	0	0	0	0	0	0	0	0	0	0	0	0	0	0	0	0	0	0	
//	64085	1	0	none	9348	0	0	40015	10348	0	0	90236	39918	0	989	0	989	0	Null	0	Null	0	0	0	0	1	0	0	0	5	5	0	0	0	39	255	0	0	0	0	0	0	0	0	0	0	0	0	0	0	0	0	0	0	0	0	0	0	0	0	0	0	0	0	0	0	0	0	0	0	0	0	0	99	0	0	0	0	0	0	0	0	0	0	0	0	0	0	0	0	0	0	0	0	0	0	0	0	0	0	0	0	0	0	0	0	0	0	0	0	0	0	0	0	0	0	0	0	0	30	0	0	0	0	0	0	0	0	0	0	0	0	0	0	0	0	0	0	0	0	0	0	0	0	0	0	0	0	0	0	0	0	0	0	0	0	0	0	0	0	0	0	0	0	0	0	0	0	
//	64086	1	0	none	9349	0	0	40015	10349	0	0	90237	39918	0	989	0	989	0	Null	0	Null	0	0	0	0	1	0	0	0	5	5	0	0	0	39	255	0	0	0	0	0	0	0	0	0	0	0	0	0	0	0	0	0	0	0	0	0	0	0	0	0	0	0	0	0	0	0	0	0	0	0	0	0	99	0	0	0	0	0	0	0	0	0	0	0	0	0	0	0	0	0	0	0	0	0	0	0	0	0	0	0	0	0	0	0	0	0	0	0	0	0	0	0	0	0	0	0	0	0	30	0	0	0	0	0	0	0	0	0	0	0	0	0	0	0	0	0	0	0	0	0	0	0	0	0	0	0	0	0	0	0	0	0	0	0	0	0	0	0	0	0	0	0	0	0	0	0	0	
//	64087	1	0	none	9350	0	0	40015	10350	0	0	90238	39918	0	989	0	989	0	Null	0	Null	0	0	0	0	1	0	0	0	5	5	0	0	0	39	255	0	0	0	0	0	0	0	0	0	0	0	0	0	0	0	0	0	0	0	0	0	0	0	0	0	0	0	0	0	0	0	0	0	0	0	0	0	99	0	0	0	0	0	0	0	0	0	0	0	0	0	0	0	0	0	0	0	0	0	0	0	0	0	0	0	0	0	0	0	0	0	0	0	0	0	0	0	0	0	0	0	0	0	30	0	0	0	0	0	0	0	0	0	0	0	0	0	0	0	0	0	0	0	0	0	0	0	0	0	0	0	0	0	0	0	0	0	0	0	0	0	0	0	0	0	0	0	0	0	0	0	0	
//	64088	1	0	none	9351	0	0	40015	10351	0	0	90239	39918	0	989	0	989	0	Null	0	Null	0	0	0	0	1	0	0	0	5	5	0	0	0	39	255	0	0	0	0	0	0	0	0	0	0	0	0	0	0	0	0	0	0	0	0	0	0	0	0	0	0	0	0	0	0	0	0	0	0	0	0	0	99	0	0	0	0	0	0	0	0	0	0	0	0	0	0	0	0	0	0	0	0	0	0	0	0	0	0	0	0	0	0	0	0	0	0	0	0	0	0	0	0	0	0	0	0	0	30	0	0	0	0	0	0	0	0	0	0	0	0	0	0	0	0	0	0	0	0	0	0	0	0	0	0	0	0	0	0	0	0	0	0	0	0	0	0	0	0	0	0	0	0	0	0	0	0	
//	64089	1	0	none	9352	0	0	40015	10352	0	0	90240	39918	0	989	0	989	0	Null	0	Null	0	0	0	0	1	0	0	0	5	5	0	0	0	39	255	0	0	0	0	0	0	0	0	0	0	0	0	0	0	0	0	0	0	0	0	0	0	0	0	0	0	0	0	0	0	0	0	0	0	0	0	0	99	0	0	0	0	0	0	0	0	0	0	0	0	0	0	0	0	0	0	0	0	0	0	0	0	0	0	0	0	0	0	0	0	0	0	0	0	0	0	0	0	0	0	0	0	0	30	0	0	0	0	0	0	0	0	0	0	0	0	0	0	0	0	0	0	0	0	0	0	0	0	0	0	0	0	0	0	0	0	0	0	0	0	0	0	0	0	0	0	0	0	0	0	0	0	
	64090	1	0	럭셔리티켓(1000엔)_위치블레이드	48306	1	69DDA0	42024	48047	0	0	33821	39999	0	20029	0	911	0	Null	0	Null	0	0	0	0	1	0	0	0	0	0	0	0	2	22	255	0	0	0	0	0	0	0	0	0	0	0	0	0	0	0	0	0	0	0	0	0	0	0	0	0	0	0	0	0	1	1	1	1	1	1	1	1	99	0	0	0	0	0	0	0	0	0	0	0	0	0	0	0	0	0	0	0	0	0	0	0	0	0	0	0	0	0	0	0	0	0	0	0	0	0	0	0	0	0	0	0	0	0	1	0	0	0	0	0	0	0	0	0	0	0	0	0	2017	0	0	0	0	0	0	0	0	0	0	0	0	0	0	0	0	0	0	0	0	0	0	0	0	0	0	0	0	0	0	0	0	0	0	1	
	64091	1	0	럭셔리티켓프티(500엔)_위치블레이드	48307	1	69DDA0	42024	48047	0	0	33822	39999	0	20029	0	911	0	Null	0	Null	0	0	0	0	1	0	0	0	0	0	0	0	2	22	255	0	0	0	0	0	0	0	0	0	0	0	0	0	0	0	0	0	0	0	0	0	0	0	0	0	0	0	0	0	1	1	1	1	1	1	1	1	99	0	0	0	0	0	0	0	0	0	0	0	0	0	0	0	0	0	0	0	0	0	0	0	0	0	0	0	0	0	0	0	0	0	0	0	0	0	0	0	0	0	0	0	0	0	1	0	0	0	0	0	0	0	0	0	0	0	0	0	2018	0	0	0	0	0	0	0	0	0	0	0	0	0	0	0	0	0	0	0	0	0	0	0	0	0	0	0	0	0	0	0	0	0	0	1	
	64092	1	0	럭셔리티켓미디(특별)_위치블레이드	48308	1	69DDA0	42024	48047	0	0	33823	39999	0	20029	0	911	0	Null	0	Null	0	0	0	0	1	0	0	0	0	0	0	0	2	63	255	0	0	0	0	0	0	0	0	0	0	0	0	0	0	0	0	0	0	0	0	0	0	0	0	0	0	0	0	0	1	1	1	1	1	1	1	1	99	0	0	0	0	0	0	0	0	0	0	0	0	0	0	0	0	0	0	0	0	0	0	0	0	0	0	0	0	0	0	0	0	0	0	0	0	0	0	0	0	0	0	0	0	0	1	0	0	0	0	0	0	0	0	0	0	0	0	0	2019	0	0	0	0	0	0	0	0	0	0	0	0	0	0	0	0	0	0	0	0	0	0	0	0	0	0	0	0	0	0	0	0	0	0	1	
//		할로윈이벤트_호박무기_기간제						#N/A																								0						0																																																																																																																																			
	64093	1	1	버서커_호박무기무기_양손도끼	45559	0	0	30001	46553	7046	7046	28056	39999	0	1	0	1	0	Null	0	Null	0	0	0	0	1	100	15000	1	600	600	0	0	1	4	255	0	0	0	0	0	0	0	0	0	0	0	1	2	0	105	0	0	1	1	3	1.5	0	0	0	0	0	0	0	0	1	0	0	0	0	0	0	0	0	0	0	0	0	0	0	0	0	0	0	0	0	0	0	0	0	0	0	0	0	0	0	0	0	0	0	0	0	0	0	0	0	0	0	0	0	0	0	0	0	0	0	0	0	0	1	0	0	0	0	0	0	0	0	0	0	0	0	0	0	0	0	0	0	0	0	0	0	0	0	0	0	0	0	0	0	0	0	0	0	0	0	0	0	0	0	0	0	0	0	0	0	0	0	0	
	64094	1	1	버서커_호박무기무기_양손검	45559	0	0	30002	46553	7047	7047	28056	39999	0	2	0	2	0	Null	0	Null	0	0	0	0	1	100	15000	1	600	600	0	0	1	4	255	0	0	0	0	0	0	0	0	0	0	0	1	2	0	115	0	0	1	1	1	1.8	0	0	0	0	0	0	0	0	1	0	0	0	0	0	0	0	0	0	0	0	0	0	0	0	0	0	0	0	0	0	0	0	0	0	0	0	0	0	0	0	0	0	0	0	0	0	0	0	0	0	0	0	0	0	0	0	0	0	0	0	0	0	1	0	0	0	0	0	0	0	0	0	0	0	0	0	0	0	0	0	0	0	0	0	0	0	0	0	0	0	0	0	0	0	0	0	0	0	0	0	0	0	0	0	0	0	0	0	0	0	0	0	
	64095	1	1	드래곤_호박무기무기_한손검	45559	0	0	30003	46553	7048	7048	28056	39999	0	3	0	3	0	Null	0	Null	0	0	0	0	1	100	15000	1	600	600	0	0	1	4	255	0	0	0	0	0	0	0	0	0	0	0	1	2	0	135	0	0	1	1	1	1	0	0	0	0	0	0	0	0	0	1	0	0	0	0	0	0	0	0	0	0	0	0	0	0	0	0	0	0	0	0	0	0	0	0	0	0	0	0	0	0	0	0	0	0	0	0	0	0	0	0	0	0	0	0	0	0	0	0	0	0	0	0	1	0	0	0	0	0	0	0	0	0	0	0	0	0	0	0	0	0	0	0	0	0	0	0	0	0	0	0	0	0	0	0	0	0	0	0	0	0	0	0	0	0	0	0	0	0	0	0	0	0	
	64096	1	1	드래곤_호박무기무기_창	45559	0	0	30004	46553	7049	7049	28056	39999	0	4	0	4	0	Null	0	Null	0	0	0	0	1	100	15000	1	600	600	0	0	1	4	255	0	0	0	0	0	0	0	0	0	0	0	1	2	0	120	0	0	1	1	1	2.5	0	0	0	0	0	0	0	0	0	1	0	0	0	0	0	0	0	0	0	0	0	0	0	0	0	0	0	0	0	0	0	0	0	0	0	0	0	0	0	0	0	0	0	0	0	0	0	0	0	0	0	0	0	0	0	0	0	0	0	0	0	0	1	0	0	0	0	0	0	0	0	0	0	0	0	0	0	0	0	0	0	0	0	0	0	0	0	0	0	0	0	0	0	0	0	0	0	0	0	0	0	0	0	0	0	0	0	0	0	0	0	0	
	64097	1	1	섀도우_호박무기무기_대거	45559	0	0	30005	46553	7050	7050	28056	39999	0	5	0	5	0	Null	0	Null	0	0	0	0	1	100	15000	1	600	600	0	0	1	4	255	0	0	0	0	0	0	0	0	0	0	0	1	2	0	140	0	0	1	1	1	2.5	0	0	0	0	0	0	0	0	0	0	1	0	0	0	0	0	0	0	0	0	0	0	0	0	0	0	0	0	0	0	0	0	0	0	0	0	0	0	0	0	0	0	0	0	0	0	0	0	0	0	0	0	0	0	0	0	0	0	0	0	0	0	1	0	0	0	0	0	0	0	0	0	0	0	0	0	0	0	0	0	0	0	0	0	0	0	0	0	0	0	0	0	0	0	0	0	0	0	0	0	0	0	0	0	0	0	0	0	0	0	0	0	
	64098	1	1	섀도우_호박무기무기_채찍	45559	0	0	30006	46553	7051	7051	28056	39999	0	6	0	6	0	Null	0	Null	0	0	0	0	1	100	15000	1	600	600	0	0	1	4	255	0	0	0	0	0	0	0	0	0	0	0	1	2	0	125	0	0	1	1	1	3.5	0	0	0	0	0	0	0	0	0	0	1	0	0	0	0	0	0	0	0	0	0	0	0	0	0	0	0	0	0	0	0	0	0	0	0	0	0	0	0	0	0	0	0	0	0	0	0	0	0	0	0	0	0	0	0	0	0	0	0	0	0	0	1	0	0	0	0	0	0	0	0	0	0	0	0	0	0	0	0	0	0	0	0	0	0	0	0	0	0	0	0	0	0	0	0	0	0	0	0	0	0	0	0	0	0	0	0	0	0	0	0	0	
	64099	1	1	발키리_호박무기무기_한손석궁	45559	0	0	30007	46553	7052	7052	28056	39999	0	7	0	7	0	Null	0	Null	0	0	0	0	1	100	15000	1	600	600	0	0	1	4	255	0	0	0	0	0	0	0	0	0	0	0	1	2	0	150	0	0	2	2	2	19	0	0	0	0	0	0	0	0	0	0	0	1	0	0	0	0	0	0	0	0	0	0	0	0	0	0	0	0	0	0	0	0	0	0	0	0	0	0	0	0	0	0	0	0	0	0	0	0	0	0	0	0	0	0	0	0	0	0	0	0	0	0	1	0	0	0	0	0	0	0	0	0	0	0	0	0	0	0	0	0	0	0	0	0	0	0	0	0	0	0	0	0	0	0	0	0	0	0	0	0	0	0	0	0	0	0	0	0	0	0	0	0	
	64100	1	1	발키리_호박무기무기_에테르웨폰	45559	0	0	30008	46553	7053	7053	28056	39999	0	8	0	8	0	Null	0	Null	0	0	0	0	1	100	15000	1	600	600	0	0	1	4	255	0	0	0	0	0	0	0	0	0	0	0	1	2	0	105	0	0	2	2	2	16	0	0	0	0	0	0	0	0	0	0	0	1	0	0	0	0	0	0	0	0	0	0	0	0	0	0	0	0	0	0	0	0	0	0	0	0	0	0	0	0	0	0	0	0	0	0	0	0	0	0	0	0	0	0	0	0	0	0	0	0	0	0	1	0	0	0	0	0	0	0	0	0	0	0	0	0	0	0	0	0	0	0	0	0	0	0	0	0	0	0	0	0	0	0	0	0	0	0	0	0	0	0	0	0	0	0	0	0	0	0	0	0	
	64101	1	1	엘리_호박무기무기_지팡이	45559	0	0	30009	46553	7054	7054	28056	39999	0	10	0	10	0	Null	0	Null	0	0	0	0	1	100	15000	1	600	600	0	0	1	4	255	0	0	0	0	0	0	0	0	0	0	0	1	2	0	95	0	0	1	1	4	2.5	0	1	2	0	0	0	0	0	0	0	0	0	1	0	0	0	0	0	0	0	0	0	0	0	0	0	0	0	0	0	0	0	0	0	0	0	0	0	0	0	0	0	0	0	0	0	0	0	0	0	0	0	0	0	0	0	0	0	0	0	0	0	1	0	0	0	0	0	0	0	0	0	0	0	0	0	0	0	0	0	0	0	0	0	0	0	0	0	0	0	0	0	0	0	0	0	0	0	0	0	0	0	0	0	0	0	0	0	0	0	0	0	
	64102	1	1	엘리_호박무기무기_오브	45559	0	0	30010	46553	7055	7055	28056	39999	0	11	0	11	0	Null	0	Null	0	0	0	0	1	100	15000	1	600	600	0	0	1	4	255	0	0	0	0	0	0	0	0	0	0	0	1	2	0	100	0	0	2	2	4	13	0	1	2	0	0	0	0	0	0	0	0	0	1	0	0	0	0	0	0	0	0	0	0	0	0	0	0	0	0	0	0	0	0	0	0	0	0	0	0	0	0	0	0	0	0	0	0	0	0	0	0	0	0	0	0	0	0	0	0	0	0	0	1	0	0	0	0	0	0	0	0	0	0	0	0	0	0	0	0	0	0	0	0	0	0	0	0	0	0	0	0	0	0	0	0	0	0	0	0	0	0	0	0	0	0	0	0	0	0	0	0	0	
//		할로윈세트_기간제						#N/A																					1			0																																																																																																				0																																					
	64103	1	1	할로윈헬멧_버서커	45554	0	0	35003	46553	7021	7024	28051	39999	0	301	1	301	0	Null	0	Null	0	0	0	0	1	100	15000	1	600	600	0 	0	1	4	255	0	0	0	0	0 	0 	0 	0 	0 	0	0	0	0	0	0	0 	0.000 	0	0	0	0	4	0	0	0	0	0	0	0	1	0	0	0	0	0	0	0	3	0	0	0	0	0	0	0	0	0	0	0	0	0	0	0	0	0	0	0	0	0	0	0	0	0	0	0	0	0	0	0	0	0	0	0	0	0	0	0	0	0	3	3	0	0	1	0	0	0	0	0	0	0	0	0	0	0	0	0	0	0	0	0	0	0	0	0	0	0	0	0	0	0	0	0	0	0	0	0	0	0	0	0	0	0 	0 	0	0	0	0	0	0	1	0	0	
	64104	1	1	할로윈헬멧_드래곤	45555	0	0	35003	46553	7022	7024	28051	39999	0	301	1	301	0	Null	0	Null	0	0	0	0	1	100	15000	1	600	600	0 	0	1	4	255	0	0	0	0	0 	0 	0 	0 	0 	0	0	0	0	0	0	0 	0.000 	0	0	0	0	4	0	0	0	0	0	0	0	0	1	0	0	0	0	0	0	3	0	0	0	0	0	0	0	0	0	0	0	0	0	0	0	0	0	0	0	0	0	0	0	0	0	0	0	0	0	0	0	0	0	0	0	0	0	0	0	0	0	3	3	0	0	1	0	0	0	0	0	0	0	0	0	0	0	0	0	0	0	0	0	0	0	0	0	0	0	0	0	0	0	0	0	0	0	0	0	0	0	0	0	0	0 	0 	0	0	0	0	0	0	1	0	0	
	64105	1	1	할로윈헬멧_섀도우	45556	0	0	35003	46553	7023	7025	28051	39999	0	301	1	301	0	Null	0	Null	0	0	0	0	1	100	15000	1	600	600	0 	0	1	4	255	0	0	0	0	0 	0 	0 	0 	0 	0	0	0	0	0	0	0 	0.000 	0	0	0	0	4	0	0	0	0	0	0	0	0	0	1	0	0	0	0	0	3	0	0	0	0	0	0	0	0	0	0	0	0	0	0	0	0	0	0	0	0	0	0	0	0	0	0	0	0	0	0	0	0	0	0	0	0	0	0	0	0	0	3	3	0	0	1	0	0	0	0	0	0	0	0	0	0	0	0	0	0	0	0	0	0	0	0	0	0	0	0	0	0	0	0	0	0	0	0	0	0	0	0	0	0	0 	0 	0	0	0	0	0	0	1	0	0	
	64106	1	1	할로윈헬멧_발키리	45557	0	0	35003	46553	7022	7024	28057	39999	0	301	1	301	0	Null	0	Null	0	0	0	0	1	100	15000	1	600	600	0 	0	1	4	255	0	0	0	0	0 	0 	0 	0 	0 	0	0	0	0	0	0	0 	0.000 	0	0	0	0	4	0	0	0	0	0	0	0	0	0	0	1	0	0	0	0	3	0	0	0	0	0	0	0	0	0	0	0	0	0	0	0	0	0	0	0	0	0	0	0	0	0	0	0	0	0	0	0	0	0	0	0	0	0	0	0	0	0	3	3	0	0	1	0	0	0	0	0	0	0	0	0	0	0	0	0	0	0	0	0	0	0	0	0	0	0	0	0	0	0	0	0	0	0	0	0	0	0	0	0	0	0 	0 	0	0	0	0	0	0	1	0	0	
	64107	1	1	할로윈헬멧_엘리	45558	0	0	35003	46553	7023	7025	28057	39999	0	301	1	301	0	Null	0	Null	0	0	0	0	1	100	15000	1	600	600	0 	0	1	4	255	0	0	0	0	0 	0 	0 	0 	0 	0	0	0	0	0	0	0 	0.000 	0	0	0	0	4	0	0	0	0	0	0	0	0	0	0	0	1	0	0	0	3	0	0	0	0	0	0	0	0	0	0	0	0	0	0	0	0	0	0	0	0	0	0	0	0	0	0	0	0	0	0	0	0	0	0	0	0	0	0	0	0	0	3	3	0	0	1	0	0	0	0	0	0	0	0	0	0	0	0	0	0	0	0	0	0	0	0	0	0	0	0	0	0	0	0	0	0	0	0	0	0	0	0	0	0	0 	0 	0	0	0	0	0	0	1	0	0	
	64108	1	1	할로윈부츠_버서커	45554	0	0	35005	46553	7026	7029	28052	39999	0	501	0	501	0	Null	0	Null	0	0	0	0	1	100	15000	1	600	600	0 	0	1	4	255	0	0	0	0	0 	0 	0 	0 	0 	0	0	0	0	0	0	0 	0.000 	0	0	0	0	4	0	0	0	0	0	0	0	1	0	0	0	0	0	0	0	5	0	0	0	0	0	0	0	0	0	0	0	0	0	0	0	0	0	0	0	0	0	0	0	0	0	0	0	0	0	0	0	0	0	0	0	0	0	0	0	0	0	0	0	0	0	1	0	0	0	0	0	0	0	0	0	0	0	0	0	0	0	0	0	0	0	0	0	0	0	0	0	0	0	0	0	0	0	0	0	0	0	0	0	0	0 	0 	0	0	0	0	0	0	1	0	0	
	64109	1	1	할로윈부츠_드래곤	45555	0	0	35005	46553	7027	7029	28052	39999	0	501	0	501	0	Null	0	Null	0	0	0	0	1	100	15000	1	600	600	0 	0	1	4	255	0	0	0	0	0 	0 	0 	0 	0 	0	0	0	0	0	0	0 	0.000 	0	0	0	0	4	0	0	0	0	0	0	0	0	1	0	0	0	0	0	0	5	0	0	0	0	0	0	0	0	0	0	0	0	0	0	0	0	0	0	0	0	0	0	0	0	0	0	0	0	0	0	0	0	0	0	0	0	0	0	0	0	0	0	0	0	0	1	0	0	0	0	0	0	0	0	0	0	0	0	0	0	0	0	0	0	0	0	0	0	0	0	0	0	0	0	0	0	0	0	0	0	0	0	0	0	0 	0 	0	0	0	0	0	0	1	0	0	
	64110	1	1	할로윈부츠_섀도우	45556	0	0	35005	46553	7028	7030	28052	39999	0	501	0	501	0	Null	0	Null	0	0	0	0	1	100	15000	1	600	600	0 	0	1	4	255	0	0	0	0	0 	0 	0 	0 	0 	0	0	0	0	0	0	0 	0.000 	0	0	0	0	4	0	0	0	0	0	0	0	0	0	1	0	0	0	0	0	5	0	0	0	0	0	0	0	0	0	0	0	0	0	0	0	0	0	0	0	0	0	0	0	0	0	0	0	0	0	0	0	0	0	0	0	0	0	0	0	0	0	0	0	0	0	1	0	0	0	0	0	0	0	0	0	0	0	0	0	0	0	0	0	0	0	0	0	0	0	0	0	0	0	0	0	0	0	0	0	0	0	0	0	0	0 	0 	0	0	0	0	0	0	1	0	0	
	64111	1	1	할로윈부츠_발키리	45557	0	0	35005	46553	7027	7029	28058	39999	0	501	0	501	0	Null	0	Null	0	0	0	0	1	100	15000	1	600	600	0 	0	1	4	255	0	0	0	0	0 	0 	0 	0 	0 	0	0	0	0	0	0	0 	0.000 	0	0	0	0	4	0	0	0	0	0	0	0	0	0	0	1	0	0	0	0	5	0	0	0	0	0	0	0	0	0	0	0	0	0	0	0	0	0	0	0	0	0	0	0	0	0	0	0	0	0	0	0	0	0	0	0	0	0	0	0	0	0	0	0	0	0	1	0	0	0	0	0	0	0	0	0	0	0	0	0	0	0	0	0	0	0	0	0	0	0	0	0	0	0	0	0	0	0	0	0	0	0	0	0	0	0 	0 	0	0	0	0	0	0	1	0	0	
	64112	1	1	할로윈부츠_엘리	45558	0	0	35005	46553	7028	7030	28058	39999	0	501	0	501	0	Null	0	Null	0	0	0	0	1	100	15000	1	600	600	0 	0	1	4	255	0	0	0	0	0 	0 	0 	0 	0 	0	0	0	0	0	0	0 	0.000 	0	0	0	0	4	0	0	0	0	0	0	0	0	0	0	0	1	0	0	0	5	0	0	0	0	0	0	0	0	0	0	0	0	0	0	0	0	0	0	0	0	0	0	0	0	0	0	0	0	0	0	0	0	0	0	0	0	0	0	0	0	0	0	0	0	0	1	0	0	0	0	0	0	0	0	0	0	0	0	0	0	0	0	0	0	0	0	0	0	0	0	0	0	0	0	0	0	0	0	0	0	0	0	0	0	0 	0 	0	0	0	0	0	0	1	0	0	
	64113	1	1	할로윈장갑_버서커	45554	0	0	35006	46553	7031	7034	28053	39999	0	601	0	601	0	Null	0	Null	0	0	0	0	1	100	15000	1	600	600	0 	0	1	4	255	0	0	0	0	0 	0 	0 	0 	0 	0	0	0	0	0	0	0 	0.000 	0	0	0	0	4	0	0	0	0	0	0	0	1	0	0	0	0	0	0	0	6	0	0	0	0	0	0	0	0	0	0	0	0	0	0	0	0	0	0	0	0	0	0	0	0	0	0	0	0	0	0	0	0	0	0	0	0	0	0	0	0	0	0	0	0	0	1	0	0	0	0	0	0	0	0	0	0	0	0	0	0	0	0	0	0	0	0	0	0	0	0	0	0	0	0	0	0	0	0	0	0	0	0	0	0	0 	0 	0	0	0	0	0	0	1	0	0	
	64114	1	1	할로윈장갑_드래곤	45555	0	0	35006	46553	7032	7034	28053	39999	0	601	0	601	0	Null	0	Null	0	0	0	0	1	100	15000	1	600	600	0 	0	1	4	255	0	0	0	0	0 	0 	0 	0 	0 	0	0	0	0	0	0	0 	0.000 	0	0	0	0	4	0	0	0	0	0	0	0	0	1	0	0	0	0	0	0	6	0	0	0	0	0	0	0	0	0	0	0	0	0	0	0	0	0	0	0	0	0	0	0	0	0	0	0	0	0	0	0	0	0	0	0	0	0	0	0	0	0	0	0	0	0	1	0	0	0	0	0	0	0	0	0	0	0	0	0	0	0	0	0	0	0	0	0	0	0	0	0	0	0	0	0	0	0	0	0	0	0	0	0	0	0 	0 	0	0	0	0	0	0	1	0	0	
	64115	1	1	할로윈장갑_섀도우	45556	0	0	35006	46553	7033	7035	28053	39999	0	601	0	601	0	Null	0	Null	0	0	0	0	1	100	15000	1	600	600	0 	0	1	4	255	0	0	0	0	0 	0 	0 	0 	0 	0	0	0	0	0	0	0 	0.000 	0	0	0	0	4	0	0	0	0	0	0	0	0	0	1	0	0	0	0	0	6	0	0	0	0	0	0	0	0	0	0	0	0	0	0	0	0	0	0	0	0	0	0	0	0	0	0	0	0	0	0	0	0	0	0	0	0	0	0	0	0	0	0	0	0	0	1	0	0	0	0	0	0	0	0	0	0	0	0	0	0	0	0	0	0	0	0	0	0	0	0	0	0	0	0	0	0	0	0	0	0	0	0	0	0	0 	0 	0	0	0	0	0	0	1	0	0	
	64116	1	1	할로윈장갑_발키리	45557	0	0	35006	46553	7032	7034	28059	39999	0	601	0	601	0	Null	0	Null	0	0	0	0	1	100	15000	1	600	600	0 	0	1	4	255	0	0	0	0	0 	0 	0 	0 	0 	0	0	0	0	0	0	0 	0.000 	0	0	0	0	4	0	0	0	0	0	0	0	0	0	0	1	0	0	0	0	6	0	0	0	0	0	0	0	0	0	0	0	0	0	0	0	0	0	0	0	0	0	0	0	0	0	0	0	0	0	0	0	0	0	0	0	0	0	0	0	0	0	0	0	0	0	1	0	0	0	0	0	0	0	0	0	0	0	0	0	0	0	0	0	0	0	0	0	0	0	0	0	0	0	0	0	0	0	0	0	0	0	0	0	0	0 	0 	0	0	0	0	0	0	1	0	0	
	64117	1	1	할로윈장갑_엘리	45558	0	0	35006	46553	7033	7035	28059	39999	0	601	0	601	0	Null	0	Null	0	0	0	0	1	100	15000	1	600	600	0 	0	1	4	255	0	0	0	0	0 	0 	0 	0 	0 	0	0	0	0	0	0	0 	0.000 	0	0	0	0	4	0	0	0	0	0	0	0	0	0	0	0	1	0	0	0	6	0	0	0	0	0	0	0	0	0	0	0	0	0	0	0	0	0	0	0	0	0	0	0	0	0	0	0	0	0	0	0	0	0	0	0	0	0	0	0	0	0	0	0	0	0	1	0	0	0	0	0	0	0	0	0	0	0	0	0	0	0	0	0	0	0	0	0	0	0	0	0	0	0	0	0	0	0	0	0	0	0	0	0	0	0 	0 	0	0	0	0	0	0	1	0	0	
	64118	1	1	할로윈바지_버서커	45554	0	0	35004	46553	7036	7039	28054	39999	0	401	0	601	0	Null	0	Null	0	0	0	0	1	100	15000	1	600	600	0 	0	1	4	255	0	0	0	0	0 	0 	0 	0 	0 	0	0	0	0	0	0	0 	0.000 	0	0	0	0	4	0	0	0	0	0	0	0	1	0	0	0	0	0	0	0	4	0	0	0	0	0	0	0	0	0	0	0	0	0	0	0	0	0	0	0	0	0	0	0	0	0	0	0	0	0	0	0	0	0	0	0	0	0	0	0	0	0	0	0	0	0	1	0	0	0	0	0	0	0	0	0	0	0	0	0	0	0	0	0	0	0	0	0	0	0	0	0	0	0	0	0	0	0	0	0	0	0	0	0	0	0 	0 	0	0	0	0	0	0	1	0	0	
	64119	1	1	할로윈바지_드래곤	45555	0	0	35004	46553	7037	7039	28054	39999	0	401	0	601	0	Null	0	Null	0	0	0	0	1	100	15000	1	600	600	0 	0	1	4	255	0	0	0	0	0 	0 	0 	0 	0 	0	0	0	0	0	0	0 	0.000 	0	0	0	0	4	0	0	0	0	0	0	0	0	1	0	0	0	0	0	0	4	0	0	0	0	0	0	0	0	0	0	0	0	0	0	0	0	0	0	0	0	0	0	0	0	0	0	0	0	0	0	0	0	0	0	0	0	0	0	0	0	0	0	0	0	0	1	0	0	0	0	0	0	0	0	0	0	0	0	0	0	0	0	0	0	0	0	0	0	0	0	0	0	0	0	0	0	0	0	0	0	0	0	0	0	0 	0 	0	0	0	0	0	0	1	0	0	
	64120	1	1	할로윈바지_섀도우	45556	0	0	35004	46553	7038	7040	28054	39999	0	401	0	601	0	Null	0	Null	0	0	0	0	1	100	15000	1	600	600	0 	0	1	4	255	0	0	0	0	0 	0 	0 	0 	0 	0	0	0	0	0	0	0 	0.000 	0	0	0	0	4	0	0	0	0	0	0	0	0	0	1	0	0	0	0	0	4	0	0	0	0	0	0	0	0	0	0	0	0	0	0	0	0	0	0	0	0	0	0	0	0	0	0	0	0	0	0	0	0	0	0	0	0	0	0	0	0	0	0	0	0	0	1	0	0	0	0	0	0	0	0	0	0	0	0	0	0	0	0	0	0	0	0	0	0	0	0	0	0	0	0	0	0	0	0	0	0	0	0	0	0	0 	0 	0	0	0	0	0	0	1	0	0	
	64121	1	1	할로윈바지_발키리	45557	0	0	35004	46553	7037	7039	28060	39999	0	401	0	601	0	Null	0	Null	0	0	0	0	1	100	15000	1	600	600	0 	0	1	4	255	0	0	0	0	0 	0 	0 	0 	0 	0	0	0	0	0	0	0 	0.000 	0	0	0	0	4	0	0	0	0	0	0	0	0	0	0	1	0	0	0	0	4	0	0	0	0	0	0	0	0	0	0	0	0	0	0	0	0	0	0	0	0	0	0	0	0	0	0	0	0	0	0	0	0	0	0	0	0	0	0	0	0	0	0	0	0	0	1	0	0	0	0	0	0	0	0	0	0	0	0	0	0	0	0	0	0	0	0	0	0	0	0	0	0	0	0	0	0	0	0	0	0	0	0	0	0	0 	0 	0	0	0	0	0	0	1	0	0	
	64122	1	1	할로윈바지_엘리	45558	0	0	35004	46553	7038	7040	28060	39999	0	401	0	601	0	Null	0	Null	0	0	0	0	1	100	15000	1	600	600	0 	0	1	4	255	0	0	0	0	0 	0 	0 	0 	0 	0	0	0	0	0	0	0 	0.000 	0	0	0	0	4	0	0	0	0	0	0	0	0	0	0	0	1	0	0	0	4	0	0	0	0	0	0	0	0	0	0	0	0	0	0	0	0	0	0	0	0	0	0	0	0	0	0	0	0	0	0	0	0	0	0	0	0	0	0	0	0	0	0	0	0	0	1	0	0	0	0	0	0	0	0	0	0	0	0	0	0	0	0	0	0	0	0	0	0	0	0	0	0	0	0	0	0	0	0	0	0	0	0	0	0	0 	0 	0	0	0	0	0	0	1	0	0	
	64123	1	1	할로윈갑옷_버서커	45554	0	0	40549	46553	7041	7044	28055	39999	0	101	0	601	0	Null	0	Null	0	0	0	0	1	100	15000	1	600	600	0 	0	1	4	255	0	0	0	0	0 	0 	0 	0 	0 	0	0	0	0	0	0	0 	0.000 	0	0	0	0	4	0	0	0	0	0	0	0	1	0	0	0	0	0	0	0	1	0	0	0	0	0	0	0	0	0	0	0	0	0	0	0	0	0	0	0	0	0	0	0	0	0	0	0	0	0	0	0	0	0	0	0	0	0	0	0	0	0	0	0	0	0	1	0	0	0	0	0	0	0	0	0	0	0	0	0	0	0	0	0	0	0	0	0	0	0	0	0	0	0	0	0	0	0	0	0	0	0	0	0	0	0 	0 	0	0	0	0	0	0	1	0	0	
	64124	1	1	할로윈갑옷_드래곤	45555	0	0	40549	46553	7042	7044	28055	39999	0	101	0	601	0	Null	0	Null	0	0	0	0	1	100	15000	1	600	600	0 	0	1	4	255	0	0	0	0	0 	0 	0 	0 	0 	0	0	0	0	0	0	0 	0.000 	0	0	0	0	4	0	0	0	0	0	0	0	0	1	0	0	0	0	0	0	1	0	0	0	0	0	0	0	0	0	0	0	0	0	0	0	0	0	0	0	0	0	0	0	0	0	0	0	0	0	0	0	0	0	0	0	0	0	0	0	0	0	0	0	0	0	1	0	0	0	0	0	0	0	0	0	0	0	0	0	0	0	0	0	0	0	0	0	0	0	0	0	0	0	0	0	0	0	0	0	0	0	0	0	0	0 	0 	0	0	0	0	0	0	1	0	0	
	64125	1	1	할로윈갑옷_섀도우	45556	0	0	40549	46553	7043	7045	28055	39999	0	101	0	601	0	Null	0	Null	0	0	0	0	1	100	15000	1	600	600	0 	0	1	4	255	0	0	0	0	0 	0 	0 	0 	0 	0	0	0	0	0	0	0 	0.000 	0	0	0	0	4	0	0	0	0	0	0	0	0	0	1	0	0	0	0	0	1	0	0	0	0	0	0	0	0	0	0	0	0	0	0	0	0	0	0	0	0	0	0	0	0	0	0	0	0	0	0	0	0	0	0	0	0	0	0	0	0	0	0	0	0	0	1	0	0	0	0	0	0	0	0	0	0	0	0	0	0	0	0	0	0	0	0	0	0	0	0	0	0	0	0	0	0	0	0	0	0	0	0	0	0	0 	0 	0	0	0	0	0	0	1	0	0	
	64126	1	1	할로윈갑옷_발키리	45557	0	0	40549	46553	7042	7044	28061	39999	0	101	0	601	0	Null	0	Null	0	0	0	0	1	100	15000	1	600	600	0 	0	1	4	255	0	0	0	0	0 	0 	0 	0 	0 	0	0	0	0	0	0	0 	0.000 	0	0	0	0	4	0	0	0	0	0	0	0	0	0	0	1	0	0	0	0	1	0	0	0	0	0	0	0	0	0	0	0	0	0	0	0	0	0	0	0	0	0	0	0	0	0	0	0	0	0	0	0	0	0	0	0	0	0	0	0	0	0	0	0	0	0	1	0	0	0	0	0	0	0	0	0	0	0	0	0	0	0	0	0	0	0	0	0	0	0	0	0	0	0	0	0	0	0	0	0	0	0	0	0	0	0 	0 	0	0	0	0	0	0	1	0	0	
	64127	1	1	할로윈갑옷_엘리	45558	0	0	40549	46553	7043	7045	28061	39999	0	101	0	601	0	Null	0	Null	0	0	0	0	1	100	15000	1	600	600	0 	0	1	4	255	0	0	0	0	0 	0 	0 	0 	0 	0	0	0	0	0	0	0 	0.000 	0	0	0	0	4	0	0	0	0	0	0	0	0	0	0	0	1	0	0	0	1	0	0	0	0	0	0	0	0	0	0	0	0	0	0	0	0	0	0	0	0	0	0	0	0	0	0	0	0	0	0	0	0	0	0	0	0	0	0	0	0	0	0	0	0	0	1	0	0	0	0	0	0	0	0	0	0	0	0	0	0	0	0	0	0	0	0	0	0	0	0	0	0	0	0	0	0	0	0	0	0	0	0	0	0	0 	0 	0	0	0	0	0	0	1	0	0	
	64128	1	1	산타머리_버서커	45565	0	0	35003	46565	7056	7056	25286	39999	0	301	0	301	0	Null	0	Null	0	0	0	0	1	100	15000	1	600	600	0	0	1	4	255	0	0	0	0	0	0	0	0	0	0	0	0	0	0	0	0	0	0	0	0	0	4	0	0	0	0	0	0	0	1	0	0	0	0	0	0	0	3	0	0	0	0	0	0	0	0	0	0	0	0	0	0	0	0	0	0	0	0	0	0	0	0	0	0	0	0	0	0	0	0	0	0	0	0	0	0	0	0	0	3	3	0	0	1	0	0	0	0	0	0	0	0	0	0	0	0	0	0	0	0	0	0	0	0	0	0	0	0	0	0	0	0	0	0	0	0	0	0	0	0	0	0	0 	0 	0	0	0	0	0	0	1	0	0	
	64129	1	1	산타머리_드래곤나이트	45566	0	0	35003	46565	7057	7057	25286	39999	0	301	0	301	0	Null	0	Null	0	0	0	0	1	100	15000	1	600	600	0	0	1	4	255	0	0	0	0	0	0	0	0	0	0	0	0	0	0	0	0	0	0	0	0	0	4	0	0	0	0	0	0	0	0	1	0	0	0	0	0	0	3	0	0	0	0	0	0	0	0	0	0	0	0	0	0	0	0	0	0	0	0	0	0	0	0	0	0	0	0	0	0	0	0	0	0	0	0	0	0	0	0	0	3	3	0	0	1	0	0	0	0	0	0	0	0	0	0	0	0	0	0	0	0	0	0	0	0	0	0	0	0	0	0	0	0	0	0	0	0	0	0	0	0	0	0	0 	0 	0	0	0	0	0	0	1	0	0	
	64130	1	1	산타머리_섀도우	45567	0	0	35003	46565	7058	7058	25286	39999	0	301	0	301	0	Null	0	Null	0	0	0	0	1	100	15000	1	600	600	0	0	1	4	255	0	0	0	0	0	0	0	0	0	0	0	0	0	0	0	0	0	0	0	0	0	4	0	0	0	0	0	0	0	0	0	1	0	0	0	0	0	3	0	0	0	0	0	0	0	0	0	0	0	0	0	0	0	0	0	0	0	0	0	0	0	0	0	0	0	0	0	0	0	0	0	0	0	0	0	0	0	0	0	3	3	0	0	1	0	0	0	0	0	0	0	0	0	0	0	0	0	0	0	0	0	0	0	0	0	0	0	0	0	0	0	0	0	0	0	0	0	0	0	0	0	0	0 	0 	0	0	0	0	0	0	1	0	0	
	64131	1	1	산타머리_발키리	45568	0	0	35003	46565	7059	7059	25286	39999	0	301	0	301	0	Null	0	Null	0	0	0	0	1	100	15000	1	600	600	0	0	1	4	255	0	0	0	0	0	0	0	0	0	0	0	0	0	0	0	0	0	0	0	0	0	4	0	0	0	0	0	0	0	0	0	0	1	0	0	0	0	3	0	0	0	0	0	0	0	0	0	0	0	0	0	0	0	0	0	0	0	0	0	0	0	0	0	0	0	0	0	0	0	0	0	0	0	0	0	0	0	0	0	3	3	0	0	1	0	0	0	0	0	0	0	0	0	0	0	0	0	0	0	0	0	0	0	0	0	0	0	0	0	0	0	0	0	0	0	0	0	0	0	0	0	0	0 	0 	0	0	0	0	0	0	1	0	0	
	64132	1	1	산타머리_엘리멘탈리스트	45569	0	0	35003	46565	7060	7060	25286	39999	0	301	0	301	0	Null	0	Null	0	0	0	0	1	100	15000	1	600	600	0	0	1	4	255	0	0	0	0	0	0	0	0	0	0	0	0	0	0	0	0	0	0	0	0	0	4	0	0	0	0	0	0	0	0	0	0	0	1	0	0	0	3	0	0	0	0	0	0	0	0	0	0	0	0	0	0	0	0	0	0	0	0	0	0	0	0	0	0	0	0	0	0	0	0	0	0	0	0	0	0	0	0	0	3	3	0	0	1	0	0	0	0	0	0	0	0	0	0	0	0	0	0	0	0	0	0	0	0	0	0	0	0	0	0	0	0	0	0	0	0	0	0	0	0	0	0	0 	0 	0	0	0	0	0	0	1	0	0	
	64133	1	1	루돌프머리_버서커	45570	0	0	35003	46570	7061	7061	25287	39999	0	301	0	301	0	Null	0	Null	0	0	0	0	1	100	15000	1	600	600	0	0	1	4	255	0	0	0	0	0	0	0	0	0	0	0	0	0	0	0	0	0	0	0	0	0	4	0	0	0	0	0	0	0	1	0	0	0	0	0	0	0	3	0	0	0	0	0	0	0	0	0	0	0	0	0	0	0	0	0	0	0	0	0	0	0	0	0	0	0	0	0	0	0	0	0	0	0	0	0	0	0	0	0	3	3	0	0	1	0	0	0	0	0	0	0	0	0	0	0	0	0	0	0	0	0	0	0	0	0	0	0	0	0	0	0	0	0	0	0	0	0	0	0	0	0	0	0 	0 	0	0	0	0	0	0	1	0	0	
	64134	1	1	루돌프머리_드래곤나이트	45571	0	0	35003	46570	7062	7062	25287	39999	0	301	0	301	0	Null	0	Null	0	0	0	0	1	100	15000	1	600	600	0	0	1	4	255	0	0	0	0	0	0	0	0	0	0	0	0	0	0	0	0	0	0	0	0	0	4	0	0	0	0	0	0	0	0	1	0	0	0	0	0	0	3	0	0	0	0	0	0	0	0	0	0	0	0	0	0	0	0	0	0	0	0	0	0	0	0	0	0	0	0	0	0	0	0	0	0	0	0	0	0	0	0	0	3	3	0	0	1	0	0	0	0	0	0	0	0	0	0	0	0	0	0	0	0	0	0	0	0	0	0	0	0	0	0	0	0	0	0	0	0	0	0	0	0	0	0	0 	0 	0	0	0	0	0	0	1	0	0	
	64135	1	1	루돌프머리_섀도우	45572	0	0	35003	46570	7063	7063	25287	39999	0	301	0	301	0	Null	0	Null	0	0	0	0	1	100	15000	1	600	600	0	0	1	4	255	0	0	0	0	0	0	0	0	0	0	0	0	0	0	0	0	0	0	0	0	0	4	0	0	0	0	0	0	0	0	0	1	0	0	0	0	0	3	0	0	0	0	0	0	0	0	0	0	0	0	0	0	0	0	0	0	0	0	0	0	0	0	0	0	0	0	0	0	0	0	0	0	0	0	0	0	0	0	0	3	3	0	0	1	0	0	0	0	0	0	0	0	0	0	0	0	0	0	0	0	0	0	0	0	0	0	0	0	0	0	0	0	0	0	0	0	0	0	0	0	0	0	0 	0 	0	0	0	0	0	0	1	0	0	
	64136	1	1	루돌프머리_발키리	45573	0	0	35003	46570	7064	7064	25287	39999	0	301	0	301	0	Null	0	Null	0	0	0	0	1	100	15000	1	600	600	0	0	1	4	255	0	0	0	0	0	0	0	0	0	0	0	0	0	0	0	0	0	0	0	0	0	4	0	0	0	0	0	0	0	0	0	0	1	0	0	0	0	3	0	0	0	0	0	0	0	0	0	0	0	0	0	0	0	0	0	0	0	0	0	0	0	0	0	0	0	0	0	0	0	0	0	0	0	0	0	0	0	0	0	3	3	0	0	1	0	0	0	0	0	0	0	0	0	0	0	0	0	0	0	0	0	0	0	0	0	0	0	0	0	0	0	0	0	0	0	0	0	0	0	0	0	0	0 	0 	0	0	0	0	0	0	1	0	0	
	64137	1	1	루돌프머리_엘리멘탈리스트	45574	0	0	35003	46570	7065	7065	25287	39999	0	301	0	301	0	Null	0	Null	0	0	0	0	1	100	15000	1	600	600	0	0	1	4	255	0	0	0	0	0	0	0	0	0	0	0	0	0	0	0	0	0	0	0	0	0	4	0	0	0	0	0	0	0	0	0	0	0	1	0	0	0	3	0	0	0	0	0	0	0	0	0	0	0	0	0	0	0	0	0	0	0	0	0	0	0	0	0	0	0	0	0	0	0	0	0	0	0	0	0	0	0	0	0	3	3	0	0	1	0	0	0	0	0	0	0	0	0	0	0	0	0	0	0	0	0	0	0	0	0	0	0	0	0	0	0	0	0	0	0	0	0	0	0	0	0	0	0 	0 	0	0	0	0	0	0	1	0	0	
	64138	1	1	산타벙어리장갑_버서커	45577	0	0	35006	46565	7066	7066	25288	39999	0	601	0	601	0	Null	0	Null	0	0	0	0	1	100	15000	1	600	600	0	0	1	4	255	0	0	0	0	0	0	0	0	0	0	0	0	0	0	0	0	0	0	0	0	0	4	0	0	0	0	0	0	0	1	0	0	0	0	0	0	0	6	0	0	0	0	0	0	0	0	0	0	0	0	0	0	0	0	0	0	0	0	0	0	0	0	0	0	0	0	0	0	0	0	0	0	0	0	0	0	0	0	0	0	0	0	0	1	0	0	0	0	0	0	0	0	0	0	0	0	0	0	0	0	0	0	0	0	0	0	0	0	0	0	0	0	0	0	0	0	0	0	0	0	0	0	0 	0 	0	0	0	0	0	0	1	0	0	
	64139	1	1	산타벙어리장갑_드래곤나이트	45578	0	0	35006	46565	7067	7067	25288	39999	0	601	0	601	0	Null	0	Null	0	0	0	0	1	100	15000	1	600	600	0	0	1	4	255	0	0	0	0	0	0	0	0	0	0	0	0	0	0	0	0	0	0	0	0	0	4	0	0	0	0	0	0	0	0	1	0	0	0	0	0	0	6	0	0	0	0	0	0	0	0	0	0	0	0	0	0	0	0	0	0	0	0	0	0	0	0	0	0	0	0	0	0	0	0	0	0	0	0	0	0	0	0	0	0	0	0	0	1	0	0	0	0	0	0	0	0	0	0	0	0	0	0	0	0	0	0	0	0	0	0	0	0	0	0	0	0	0	0	0	0	0	0	0	0	0	0	0 	0 	0	0	0	0	0	0	1	0	0	
	64140	1	1	산타벙어리장갑_섀도우	45579	0	0	35006	46565	7068	7068	25288	39999	0	601	0	601	0	Null	0	Null	0	0	0	0	1	100	15000	1	600	600	0	0	1	4	255	0	0	0	0	0	0	0	0	0	0	0	0	0	0	0	0	0	0	0	0	0	4	0	0	0	0	0	0	0	0	0	1	0	0	0	0	0	6	0	0	0	0	0	0	0	0	0	0	0	0	0	0	0	0	0	0	0	0	0	0	0	0	0	0	0	0	0	0	0	0	0	0	0	0	0	0	0	0	0	0	0	0	0	1	0	0	0	0	0	0	0	0	0	0	0	0	0	0	0	0	0	0	0	0	0	0	0	0	0	0	0	0	0	0	0	0	0	0	0	0	0	0	0 	0 	0	0	0	0	0	0	1	0	0	
	64141	1	1	산타벙어리장갑_발키리	45580	0	0	35006	46565	7069	7069	25288	39999	0	601	0	601	0	Null	0	Null	0	0	0	0	1	100	15000	1	600	600	0	0	1	4	255	0	0	0	0	0	0	0	0	0	0	0	0	0	0	0	0	0	0	0	0	0	4	0	0	0	0	0	0	0	0	0	0	1	0	0	0	0	6	0	0	0	0	0	0	0	0	0	0	0	0	0	0	0	0	0	0	0	0	0	0	0	0	0	0	0	0	0	0	0	0	0	0	0	0	0	0	0	0	0	0	0	0	0	1	0	0	0	0	0	0	0	0	0	0	0	0	0	0	0	0	0	0	0	0	0	0	0	0	0	0	0	0	0	0	0	0	0	0	0	0	0	0	0 	0 	0	0	0	0	0	0	1	0	0	
	64142	1	1	산타벙어리장갑_엘리멘탈리스트	45581	0	0	35006	46565	7070	7070	25288	39999	0	601	0	601	0	Null	0	Null	0	0	0	0	1	100	15000	1	600	600	0	0	1	4	255	0	0	0	0	0	0	0	0	0	0	0	0	0	0	0	0	0	0	0	0	0	4	0	0	0	0	0	0	0	0	0	0	0	1	0	0	0	6	0	0	0	0	0	0	0	0	0	0	0	0	0	0	0	0	0	0	0	0	0	0	0	0	0	0	0	0	0	0	0	0	0	0	0	0	0	0	0	0	0	0	0	0	0	1	0	0	0	0	0	0	0	0	0	0	0	0	0	0	0	0	0	0	0	0	0	0	0	0	0	0	0	0	0	0	0	0	0	0	0	0	0	0	0 	0 	0	0	0	0	0	0	1	0	0	
	64143	1	1	산타어그부츠_버서커	45582	0	0	35005	46565	7071	7071	25289	39999	0	501	0	501	0	Null	0	Null	0	0	0	0	1	100	15000	1	600	600	0	0	1	4	255	0	0	0	0	0	0	0	0	0	0	0	0	0	0	0	0	0	0	0	0	0	4	0	0	0	0	0	0	0	1	0	0	0	0	0	0	0	5	0	0	0	0	0	0	0	0	0	0	0	0	0	0	0	0	0	0	0	0	0	0	0	0	0	0	0	0	0	0	0	0	0	0	0	0	0	0	0	0	0	0	0	0	0	1	0	0	0	0	0	0	0	0	0	0	0	0	0	0	0	0	0	0	0	0	0	0	0	0	0	0	0	0	0	0	0	0	0	0	0	0	0	0	0 	0 	0	0	0	0	0	0	1	0	0	
	64144	1	1	산타어그부츠_드래곤나이트	45583	0	0	35005	46565	7072	7072	25289	39999	0	501	0	501	0	Null	0	Null	0	0	0	0	1	100	15000	1	600	600	0	0	1	4	255	0	0	0	0	0	0	0	0	0	0	0	0	0	0	0	0	0	0	0	0	0	4	0	0	0	0	0	0	0	0	1	0	0	0	0	0	0	5	0	0	0	0	0	0	0	0	0	0	0	0	0	0	0	0	0	0	0	0	0	0	0	0	0	0	0	0	0	0	0	0	0	0	0	0	0	0	0	0	0	0	0	0	0	1	0	0	0	0	0	0	0	0	0	0	0	0	0	0	0	0	0	0	0	0	0	0	0	0	0	0	0	0	0	0	0	0	0	0	0	0	0	0	0 	0 	0	0	0	0	0	0	1	0	0	
	64145	1	1	산타어그부츠_섀도우	45584	0	0	35005	46565	7073	7073	25289	39999	0	501	0	501	0	Null	0	Null	0	0	0	0	1	100	15000	1	600	600	0	0	1	4	255	0	0	0	0	0	0	0	0	0	0	0	0	0	0	0	0	0	0	0	0	0	4	0	0	0	0	0	0	0	0	0	1	0	0	0	0	0	5	0	0	0	0	0	0	0	0	0	0	0	0	0	0	0	0	0	0	0	0	0	0	0	0	0	0	0	0	0	0	0	0	0	0	0	0	0	0	0	0	0	0	0	0	0	1	0	0	0	0	0	0	0	0	0	0	0	0	0	0	0	0	0	0	0	0	0	0	0	0	0	0	0	0	0	0	0	0	0	0	0	0	0	0	0 	0 	0	0	0	0	0	0	1	0	0	
	64146	1	1	산타어그부츠_발키리	45585	0	0	35005	46565	7074	7074	25289	39999	0	501	0	501	0	Null	0	Null	0	0	0	0	1	100	15000	1	600	600	0	0	1	4	255	0	0	0	0	0	0	0	0	0	0	0	0	0	0	0	0	0	0	0	0	0	4	0	0	0	0	0	0	0	0	0	0	1	0	0	0	0	5	0	0	0	0	0	0	0	0	0	0	0	0	0	0	0	0	0	0	0	0	0	0	0	0	0	0	0	0	0	0	0	0	0	0	0	0	0	0	0	0	0	0	0	0	0	1	0	0	0	0	0	0	0	0	0	0	0	0	0	0	0	0	0	0	0	0	0	0	0	0	0	0	0	0	0	0	0	0	0	0	0	0	0	0	0 	0 	0	0	0	0	0	0	1	0	0	
	64147	1	1	산타어그부츠_엘리멘탈리스트	45586	0	0	35005	46565	7075	7075	25289	39999	0	501	0	501	0	Null	0	Null	0	0	0	0	1	100	15000	1	600	600	0	0	1	4	255	0	0	0	0	0	0	0	0	0	0	0	0	0	0	0	0	0	0	0	0	0	4	0	0	0	0	0	0	0	0	0	0	0	1	0	0	0	5	0	0	0	0	0	0	0	0	0	0	0	0	0	0	0	0	0	0	0	0	0	0	0	0	0	0	0	0	0	0	0	0	0	0	0	0	0	0	0	0	0	0	0	0	0	1	0	0	0	0	0	0	0	0	0	0	0	0	0	0	0	0	0	0	0	0	0	0	0	0	0	0	0	0	0	0	0	0	0	0	0	0	0	0	0 	0 	0	0	0	0	0	0	1	0	0	
//탈것3차파츠_시간제_중국[기간제탈것관련신규대역폭추가되어사용중지]								#N/A																								0																																																																																																																																									
//	64148	1	9	로슈엘의군마투구	158450	0	0	158383	159450	6023	6023	74701	39999	0	20041	0	20041	0	Null	0	Null	0	0	1	162	1	0	0	0	80000000	80000000	0	0	1	0	255	0	0	0	0	0	0	0	0	0	0	0	0	0	0	0	0	0	0	0	0	0	0	0	0	0	0	0	1	0	0	0	0	0	0	0	0	0	91	1	14	1	15	0	0	0	0	0	0	0	0	0	0	0	0	0	0	0	0	0	0	0	0	0	0	0	0	0	0	0	0	0	0	0	0	0	0	0	0	0	0	0	0	0	1	0	0	0	0	0	0	0	0	0	0	0	0	0	0	0	0	0	0	0	0	0	0	0	0	0	0	0	0	0	0	0	0	0	0	0	0	0	0	0	0	0	0	0	0	0	0	0	0	
//	64149	1	9	로슈엘의군마갑옷	158451	0	0	158383	159451	6024	6024	74702	39999	0	20041	0	20041	0	Null	0	Null	0	0	1	162	1	0	0	0	80000000	80000000	0	0	1	0	255	0	0	0	0	0	0	0	0	0	0	0	0	0	0	0	0	0	0	0	0	0	0	0	0	0	0	0	1	0	0	0	0	0	0	0	0	0	92	1	14	1	15	0	0	0	0	0	0	0	0	0	0	0	0	0	0	0	0	0	0	0	0	0	0	0	0	0	0	0	0	0	0	0	0	0	0	0	0	0	0	0	0	0	1	0	0	0	0	0	0	0	0	0	0	0	0	0	0	0	0	0	0	0	0	0	0	0	0	0	0	0	0	0	0	0	0	0	0	0	0	0	0	0	0	0	0	0	0	0	0	0	0	
//	64150	1	9	로슈엘의군마장화	158452	0	0	158383	159452	6025	6025	74703	39999	0	20041	0	20041	0	Null	0	Null	0	0	1	162	1	0	0	0	80000000	80000000	0	0	1	0	255	0	0	0	0	0	0	0	0	0	0	0	0	0	0	0	0	0	0	0	0	0	0	0	0	0	0	0	1	0	0	0	0	0	0	0	0	0	93	1	14	1	20	0	0	0	0	0	0	0	0	0	0	0	0	0	0	0	0	0	0	0	0	0	0	0	0	0	0	0	0	0	0	0	0	0	0	0	0	0	0	0	0	0	1	0	0	0	0	0	0	0	0	0	0	0	0	0	0	0	0	0	0	0	0	0	0	0	0	0	0	0	0	0	0	0	0	0	0	0	0	0	0	0	0	0	0	0	0	0	0	0	0	
//	64151	1	9	로슈엘의표범투구	158453	0	0	158383	159453	6026	6026	74704	39999	0	20041	0	20041	0	Null	0	Null	0	0	1	163	1	0	0	0	80000000	80000000	0	0	1	0	255	0	0	0	0	0	0	0	0	0	0	0	0	0	0	0	0	0	0	0	0	0	0	0	0	0	0	0	2	0	0	0	0	0	0	0	0	0	91	1	14	1	15	0	0	0	0	0	0	0	0	0	0	0	0	0	0	0	0	0	0	0	0	0	0	0	0	0	0	0	0	0	0	0	0	0	0	0	0	0	0	0	0	0	1	0	0	0	0	0	0	0	0	0	0	0	0	0	0	0	0	0	0	0	0	0	0	0	0	0	0	0	0	0	0	0	0	0	0	0	0	0	0	0	0	0	0	0	0	0	0	0	0	
//	64152	1	9	로슈엘의표범갑옷	158454	0	0	158383	159454	6027	6027	74705	39999	0	20041	0	20041	0	Null	0	Null	0	0	1	163	1	0	0	0	80000000	80000000	0	0	1	0	255	0	0	0	0	0	0	0	0	0	0	0	0	0	0	0	0	0	0	0	0	0	0	0	0	0	0	0	2	0	0	0	0	0	0	0	0	0	92	1	14	1	15	0	0	0	0	0	0	0	0	0	0	0	0	0	0	0	0	0	0	0	0	0	0	0	0	0	0	0	0	0	0	0	0	0	0	0	0	0	0	0	0	0	1	0	0	0	0	0	0	0	0	0	0	0	0	0	0	0	0	0	0	0	0	0	0	0	0	0	0	0	0	0	0	0	0	0	0	0	0	0	0	0	0	0	0	0	0	0	0	0	0	
//	64153	1	9	로슈엘의표범장화	158455	0	0	158383	159455	6028	6028	74706	39999	0	20041	0	20041	0	Null	0	Null	0	0	1	163	1	0	0	0	80000000	80000000	0	0	1	0	255	0	0	0	0	0	0	0	0	0	0	0	0	0	0	0	0	0	0	0	0	0	0	0	0	0	0	0	2	0	0	0	0	0	0	0	0	0	93	1	14	1	20	0	0	0	0	0	0	0	0	0	0	0	0	0	0	0	0	0	0	0	0	0	0	0	0	0	0	0	0	0	0	0	0	0	0	0	0	0	0	0	0	0	1	0	0	0	0	0	0	0	0	0	0	0	0	0	0	0	0	0	0	0	0	0	0	0	0	0	0	0	0	0	0	0	0	0	0	0	0	0	0	0	0	0	0	0	0	0	0	0	0	
//	64154	1	9	로슈엘의오크피그투구	158456	0	0	158383	159456	6029	6029	74707	39999	0	20041	0	20041	0	Null	0	Null	0	0	1	164	1	0	0	0	80000000	80000000	0	0	1	0	255	0	0	0	0	0	0	0	0	0	0	0	0	0	0	0	0	0	0	0	0	0	0	0	0	0	0	0	3	0	0	0	0	0	0	0	0	0	91	1	14	1	15	0	0	0	0	0	0	0	0	0	0	0	0	0	0	0	0	0	0	0	0	0	0	0	0	0	0	0	0	0	0	0	0	0	0	0	0	0	0	0	0	0	1	0	0	0	0	0	0	0	0	0	0	0	0	0	0	0	0	0	0	0	0	0	0	0	0	0	0	0	0	0	0	0	0	0	0	0	0	0	0	0	0	0	0	0	0	0	0	0	0	
//	64155	1	9	로슈엘의오크피그갑옷	158457	0	0	158383	159457	6030	6030	74708	39999	0	20041	0	20041	0	Null	0	Null	0	0	1	164	1	0	0	0	80000000	80000000	0	0	1	0	255	0	0	0	0	0	0	0	0	0	0	0	0	0	0	0	0	0	0	0	0	0	0	0	0	0	0	0	3	0	0	0	0	0	0	0	0	0	92	1	14	1	15	0	0	0	0	0	0	0	0	0	0	0	0	0	0	0	0	0	0	0	0	0	0	0	0	0	0	0	0	0	0	0	0	0	0	0	0	0	0	0	0	0	1	0	0	0	0	0	0	0	0	0	0	0	0	0	0	0	0	0	0	0	0	0	0	0	0	0	0	0	0	0	0	0	0	0	0	0	0	0	0	0	0	0	0	0	0	0	0	0	0	
//	64156	1	10	로슈엘의오크피그장화	158458	0	0	158383	159458	6031	6031	74709	39999	0	20041	0	20041	0	Null	0	Null	0	0	1	164	1	0	0	0	80000000	80000000	0	0	1	0	255	0	0	0	0	0	0	0	0	0	0	0	0	0	0	0	0	0	0	0	0	0	0	0	0	0	0	0	3	0	0	0	0	0	0	0	0	0	93	1	14	1	20	0	0	0	0	0	0	0	0	0	0	0	0	0	0	0	0	0	0	0	0	0	0	0	0	0	0	0	0	0	0	0	0	0	0	0	0	0	0	0	0	0	1	0	0	0	0	0	0	0	0	0	0	0	0	0	0	0	0	0	0	0	0	0	0	0	0	0	0	0	0	0	0	0	0	0	0	0	0	0	0	0	0	0	0	0	0	0	0	0	0	
//펫_기간제_중국[64201~64350 ]								#N/A																								0																																																																																																																																									
	64201	1	3	회색트링겔고양이	158171	0	0	155590	159171	0	0	74600	39999	0	20020	0	20020	0	Null	0	Null	0	0	0	0	1	0	0	0	5000	5000	0	0	4	6	255	0	0	0	0	0	0	0	0	0	0	0	0	0	0	0	0	0	0	0	0	0	0	0	0	0	0	0	0	0	1	1	1	1	1	1	1	1	99	0	14	1	1	0	0	0	0	0	0	0	0	0	0	0	0	0	0	0	0	0	0	0	0	0	0	0	0	0	0	0	0	0	0	0	0	0	0	0	0	0	0	0	0	0	1	0	0	0	0	0	0	0	0	0	0	0	0	0	0	1	0	0	0	0	0	0	0	0	0	0	0	0	0	0	0	0	0	0	0	0	0	0	0	0	0	0	0	0	0	0	0	0	0	1	
	64202	1	3	얼룩트링겔고양이	158172	0	0	155590	159172	0	0	74601	39999	0	20020	0	20020	0	Null	0	Null	0	0	0	0	1	0	0	0	5000	5000	0	0	4	6	255	0	0	0	0	0	0	0	0	0	0	0	0	0	0	0	0	0	0	0	0	0	0	0	0	0	0	0	0	0	1	1	1	1	1	1	1	1	99	0	14	1	1	0	0	0	0	0	0	0	0	0	0	0	0	0	0	0	0	0	0	0	0	0	0	0	0	0	0	0	0	0	0	0	0	0	0	0	0	0	0	0	0	0	1	0	0	0	0	0	0	0	0	0	0	0	0	0	0	2	0	0	0	0	0	0	0	0	0	0	0	0	0	0	0	0	0	0	0	0	0	0	0	0	0	0	0	0	0	0	0	0	0	1	
	64203	1	3	흰색트링겔고양이	158173	0	0	155590	159173	0	0	74602	39999	0	20020	0	20020	0	Null	0	Null	0	0	0	0	1	0	0	0	5000	5000	0	0	4	6	255	0	0	0	0	0	0	0	0	0	0	0	0	0	0	0	0	0	0	0	0	0	0	0	0	0	0	0	0	0	1	1	1	1	1	1	1	1	99	0	14	1	2	0	0	0	0	0	0	0	0	0	0	0	0	0	0	0	0	0	0	0	0	0	0	0	0	0	0	0	0	0	0	0	0	0	0	0	0	0	0	0	0	0	1	0	0	0	0	0	0	0	0	0	0	0	0	0	0	3	0	0	0	0	0	0	0	0	0	0	0	0	0	0	0	0	0	0	0	0	0	0	0	0	0	0	0	0	0	0	0	0	0	1	
	64204	1	3	검정트링겔고양이	158174	0	0	155590	159174	0	0	74603	39999	0	20020	0	20020	0	Null	0	Null	0	0	0	0	1	0	0	0	5000	5000	0	0	4	6	255	0	0	0	0	0	0	0	0	0	0	0	0	0	0	0	0	0	0	0	0	0	0	0	0	0	0	0	0	0	1	1	1	1	1	1	1	1	99	0	14	1	2	0	0	0	0	0	0	0	0	0	0	0	0	0	0	0	0	0	0	0	0	0	0	0	0	0	0	0	0	0	0	0	0	0	0	0	0	0	0	0	0	0	1	0	0	0	0	0	0	0	0	0	0	0	0	0	0	4	0	0	0	0	0	0	0	0	0	0	0	0	0	0	0	0	0	0	0	0	0	0	0	0	0	0	0	0	0	0	0	0	0	1	
	64205	1	3	황색트링겔고양이	158175	0	0	155590	159175	0	0	74604	39999	0	20020	0	20020	0	Null	0	Null	0	0	0	0	1	0	0	0	5000	5000	0	0	4	6	255	0	0	0	0	0	0	0	0	0	0	0	0	0	0	0	0	0	0	0	0	0	0	0	0	0	0	0	0	0	1	1	1	1	1	1	1	1	99	0	14	1	1	0	0	0	0	0	0	0	0	0	0	0	0	0	0	0	0	0	0	0	0	0	0	0	0	0	0	0	0	0	0	0	0	0	0	0	0	0	0	0	0	0	1	0	0	0	0	0	0	0	0	0	0	0	0	0	0	5	0	0	0	0	0	0	0	0	0	0	0	0	0	0	0	0	0	0	0	0	0	0	0	0	0	0	0	0	0	0	0	0	0	1	
	64206	1	3	벨트헨수닭	158176	0	0	155590	159176	0	0	74605	39999	0	20020	0	20020	0	Null	0	Null	0	0	0	0	1	0	0	0	5000	5000	0	0	4	6	255	0	0	0	0	0	0	0	0	0	0	0	0	0	0	0	0	0	0	0	0	0	0	0	0	0	0	0	0	0	1	1	1	1	1	1	1	1	99	0	14	1	2	0	0	0	0	0	0	0	0	0	0	0	0	0	0	0	0	0	0	0	0	0	0	0	0	0	0	0	0	0	0	0	0	0	0	0	0	0	0	0	0	0	1	0	0	0	0	0	0	0	0	0	0	0	0	0	0	6	0	0	0	0	0	0	0	0	0	0	0	0	0	0	0	0	0	0	0	0	0	0	0	0	0	0	0	0	0	0	0	0	0	1	
	64207	1	3	벨트헨암닭	158177	0	0	155590	159177	0	0	74606	39999	0	20020	0	20020	0	Null	0	Null	0	0	0	0	1	0	0	0	5000	5000	0	0	4	6	255	0	0	0	0	0	0	0	0	0	0	0	0	0	0	0	0	0	0	0	0	0	0	0	0	0	0	0	0	0	1	1	1	1	1	1	1	1	99	0	14	1	2	0	0	0	0	0	0	0	0	0	0	0	0	0	0	0	0	0	0	0	0	0	0	0	0	0	0	0	0	0	0	0	0	0	0	0	0	0	0	0	0	0	1	0	0	0	0	0	0	0	0	0	0	0	0	0	0	7	0	0	0	0	0	0	0	0	0	0	0	0	0	0	0	0	0	0	0	0	0	0	0	0	0	0	0	0	0	0	0	0	0	1	
	64208	1	3	흰색달토끼	158178	0	0	155590	159178	0	0	74607	39999	0	20020	0	20020	0	Null	0	Null	0	0	0	0	1	0	0	0	5000	5000	0	0	4	6	255	0	0	0	0	0	0	0	0	0	0	0	0	0	0	0	0	0	0	0	0	0	0	0	0	0	0	0	0	0	1	1	1	1	1	1	1	1	99	0	52	5	50	0	0	0	0	0	0	0	0	0	0	0	0	0	0	0	0	0	0	0	0	0	0	0	0	0	0	0	0	0	0	0	0	0	0	0	0	0	0	0	0	0	1	0	0	0	0	0	0	0	0	0	0	0	0	0	0	8	0	0	0	0	0	0	0	0	0	0	0	0	0	0	0	0	0	0	0	0	0	0	0	0	0	0	0	0	0	0	0	0	0	1	
	64209	1	3	검정달토끼	158179	0	0	155590	159179	0	0	74608	39999	0	20020	0	20020	0	Null	0	Null	0	0	0	0	1	0	0	0	5000	5000	0	0	4	6	255	0	0	0	0	0	0	0	0	0	0	0	0	0	0	0	0	0	0	0	0	0	0	0	0	0	0	0	0	0	1	1	1	1	1	1	1	1	99	0	52	5	50	0	0	0	0	0	0	0	0	0	0	0	0	0	0	0	0	0	0	0	0	0	0	0	0	0	0	0	0	0	0	0	0	0	0	0	0	0	0	0	0	0	1	0	0	0	0	0	0	0	0	0	0	0	0	0	0	9	0	0	0	0	0	0	0	0	0	0	0	0	0	0	0	0	0	0	0	0	0	0	0	0	0	0	0	0	0	0	0	0	0	1	
	64210	1	3	회색달토끼	158180	0	0	155590	159180	0	0	74609	39999	0	20020	0	20020	0	Null	0	Null	0	0	0	0	1	0	0	0	5000	5000	0	0	4	6	255	0	0	0	0	0	0	0	0	0	0	0	0	0	0	0	0	0	0	0	0	0	0	0	0	0	0	0	0	0	1	1	1	1	1	1	1	1	99	0	52	5	50	0	0	0	0	0	0	0	0	0	0	0	0	0	0	0	0	0	0	0	0	0	0	0	0	0	0	0	0	0	0	0	0	0	0	0	0	0	0	0	0	0	1	0	0	0	0	0	0	0	0	0	0	0	0	0	0	10	0	0	0	0	0	0	0	0	0	0	0	0	0	0	0	0	0	0	0	0	0	0	0	0	0	0	0	0	0	0	0	0	0	1	
	64211	1	3	검은안개박쥐	158181	0	0	155590	159181	0	0	74610	39999	0	20020	0	20020	0	Null	0	Null	0	0	0	0	1	0	0	0	5000	5000	0	0	4	6	255	0	0	0	0	0	0	0	0	0	0	0	0	0	0	0	0	0	0	0	0	0	0	0	0	0	0	0	0	0	1	1	1	1	1	1	1	1	99	0	37	1	30	0	0	0	0	0	0	0	0	0	0	0	0	0	0	0	0	0	0	0	0	0	0	0	0	0	0	0	0	0	0	0	0	0	0	0	0	0	0	0	0	0	1	0	0	0	0	0	0	0	0	0	0	0	0	0	0	11	0	0	0	0	0	0	0	0	0	0	0	0	0	0	0	0	0	0	0	0	0	0	0	0	0	0	0	0	0	0	0	0	0	1	
	64212	1	3	고스트	158182	0	0	155590	159182	0	0	74611	39999	0	20020	0	20020	0	Null	0	Null	0	0	0	0	1	0	0	0	5000	5000	0	0	4	6	255	0	0	0	0	0	0	0	0	0	0	0	0	0	0	0	0	0	0	0	0	0	0	0	0	0	0	0	0	0	1	1	1	1	1	1	1	1	99	0	15	2	20	0	0	0	0	0	0	0	0	0	0	0	0	0	0	0	0	0	0	0	0	0	0	0	0	0	0	0	0	0	0	0	0	0	0	0	0	0	0	0	0	0	1	0	0	0	0	0	0	0	0	0	0	0	0	0	0	12	0	0	0	0	0	0	0	0	0	0	0	0	0	0	0	0	0	0	0	0	0	0	0	0	0	0	0	0	0	0	0	0	0	1	
	64213	1	3	골렘	158183	0	0	155590	159183	0	0	74612	39999	0	20020	0	20020	0	Null	0	Null	0	0	0	0	1	0	0	0	5000	5000	0	0	4	6	255	0	0	0	0	0	0	0	0	0	0	0	0	0	0	0	0	0	0	0	0	0	0	0	0	0	0	0	0	0	1	1	1	1	1	1	1	1	99	0	51	2	20	0	0	0	0	0	0	0	0	0	0	0	0	0	0	0	0	0	0	0	0	0	0	0	0	0	0	0	0	0	0	0	0	0	0	0	0	0	0	0	0	0	1	0	0	0	0	0	0	0	0	0	0	0	0	0	0	13	0	0	0	0	0	0	0	0	0	0	0	0	0	0	0	0	0	0	0	0	0	0	0	0	0	0	0	0	0	0	0	0	0	1	
	64214	1	3	시베리안허스키	158184	0	0	155590	159184	0	0	74613	39999	0	20020	0	20020	0	Null	0	Null	0	0	0	0	1	0	0	0	5000	5000	0	0	4	6	255	0	0	0	0	0	0	0	0	0	0	0	0	0	0	0	0	0	0	0	0	0	0	0	0	0	0	0	0	0	1	1	1	1	1	1	1	1	99	0	49	1	10	0	0	0	0	0	0	0	0	0	0	0	0	0	0	0	0	0	0	0	0	0	0	0	0	0	0	0	0	0	0	0	0	0	0	0	0	0	0	0	0	0	1	0	0	0	0	0	0	0	0	0	0	0	0	0	0	14	0	0	0	0	0	0	0	0	0	0	0	0	0	0	0	0	0	0	0	0	0	0	0	0	0	0	0	0	0	0	0	0	0	1	
	64215	1	3	도베르만	158185	0	0	155590	159185	0	0	74614	39999	0	20020	0	20020	0	Null	0	Null	0	0	0	0	1	0	0	0	5000	5000	0	0	4	6	255	0	0	0	0	0	0	0	0	0	0	0	0	0	0	0	0	0	0	0	0	0	0	0	0	0	0	0	0	0	1	1	1	1	1	1	1	1	99	0	41	1	20	0	0	0	0	0	0	0	0	0	0	0	0	0	0	0	0	0	0	0	0	0	0	0	0	0	0	0	0	0	0	0	0	0	0	0	0	0	0	0	0	0	1	0	0	0	0	0	0	0	0	0	0	0	0	0	0	15	0	0	0	0	0	0	0	0	0	0	0	0	0	0	0	0	0	0	0	0	0	0	0	0	0	0	0	0	0	0	0	0	0	1	
	64216	1	3	세인트버나드	158186	0	0	155590	159186	0	0	74615	39999	0	20020	0	20020	0	Null	0	Null	0	0	0	0	1	0	0	0	5000	5000	0	0	4	6	255	0	0	0	0	0	0	0	0	0	0	0	0	0	0	0	0	0	0	0	0	0	0	0	0	0	0	0	0	0	1	1	1	1	1	1	1	1	99	0	41	1	20	0	0	0	0	0	0	0	0	0	0	0	0	0	0	0	0	0	0	0	0	0	0	0	0	0	0	0	0	0	0	0	0	0	0	0	0	0	0	0	0	0	1	0	0	0	0	0	0	0	0	0	0	0	0	0	0	16	0	0	0	0	0	0	0	0	0	0	0	0	0	0	0	0	0	0	0	0	0	0	0	0	0	0	0	0	0	0	0	0	0	1	
	64217	1	3	닥스훈트	158187	0	0	155590	159187	0	0	74616	39999	0	20020	0	20020	0	Null	0	Null	0	0	0	0	1	0	0	0	5000	5000	0	0	4	6	255	0	0	0	0	0	0	0	0	0	0	0	0	0	0	0	0	0	0	0	0	0	0	0	0	0	0	0	0	0	1	1	1	1	1	1	1	1	99	0	49	1	10	0	0	0	0	0	0	0	0	0	0	0	0	0	0	0	0	0	0	0	0	0	0	0	0	0	0	0	0	0	0	0	0	0	0	0	0	0	0	0	0	0	1	0	0	0	0	0	0	0	0	0	0	0	0	0	0	17	0	0	0	0	0	0	0	0	0	0	0	0	0	0	0	0	0	0	0	0	0	0	0	0	0	0	0	0	0	0	0	0	0	1	
	64218	1	3	에텔레인오색나비	158188	0	0	155590	159188	0	0	74617	39999	0	20020	0	20020	0	Null	0	Null	0	0	0	0	1	0	0	0	5000	5000	0	0	4	6	255	0	0	0	0	0	0	0	0	0	0	0	0	0	0	0	0	0	0	0	0	0	0	0	0	0	0	0	0	0	1	1	1	1	1	1	1	1	99	0	29	1	100	0	0	0	0	0	0	0	0	0	0	0	0	0	0	0	0	0	0	0	0	0	0	0	0	0	0	0	0	0	0	0	0	0	0	0	0	0	0	0	0	0	1	0	0	0	0	0	0	0	0	0	0	0	0	0	0	18	0	0	0	0	0	0	0	0	0	0	0	0	0	0	0	0	0	0	0	0	0	0	0	0	0	0	0	0	0	0	0	0	0	1	
	64219	1	3	팬더	158189	0	0	155590	159189	0	0	74618	39999	0	20020	0	20020	0	Null	0	Null	0	0	0	0	1	0	0	0	5000	5000	0	0	4	6	255	0	0	0	0	0	0	0	0	0	0	0	0	0	0	0	0	0	0	0	0	0	0	0	0	0	0	0	0	0	1	1	1	1	1	1	1	1	99	0	44	5	50	0	0	0	0	0	0	0	0	0	0	0	0	0	0	0	0	0	0	0	0	0	0	0	0	0	0	0	0	0	0	0	0	0	0	0	0	0	0	0	0	0	1	0	0	0	0	0	0	0	0	0	0	0	0	0	0	19	0	0	0	0	0	0	0	0	0	0	0	0	0	0	0	0	0	0	0	0	0	0	0	0	0	0	0	0	0	0	0	0	0	1	
	64220	1	3	팽귄(2009년크리스마스이벤트보상)	158190	0	0	155590	159190	0	0	74619	39999	0	20020	0	20020	0	Null	0	Null	0	0	0	0	1	0	0	0	5000	5000	0	0	4	6	255	0	0	0	0	0	0	0	0	0	0	0	0	0	0	0	0	0	0	0	0	0	0	0	0	0	0	0	0	0	1	1	1	1	1	1	1	1	99	0	14	1	3	0	0	0	0	0	0	0	0	0	0	0	0	0	0	0	0	0	0	0	0	0	0	0	0	0	0	0	0	0	0	0	0	0	0	0	0	0	0	0	0	0	1	0	0	0	0	0	0	0	0	0	0	0	0	0	0	20	0	0	0	0	0	0	0	0	0	0	0	0	0	0	0	0	0	0	0	0	0	0	0	0	0	0	0	0	0	0	0	0	0	1	
	64221	1	3	버찌드래곤	158191	0	0	155590	159191	0	0	74621	39999	0	20020	0	20020	0	Null	0	Null	0	0	0	0	1	0	0	0	5000	5000	0	0	4	6	255	0	0	0	0	0	0	0	0	0	0	0	0	0	0	0	0	0	0	0	0	0	0	0	0	0	0	0	0	0	1	1	1	1	1	1	1	1	99	0	60	1	30	0	0	0	0	0	0	0	0	0	0	0	0	0	0	0	0	0	0	0	0	0	0	0	0	0	0	0	0	0	0	0	0	0	0	0	0	0	0	0	0	0	1	0	0	0	0	0	0	0	0	0	0	0	0	0	0	21	0	0	0	0	0	0	0	0	0	0	0	0	0	0	0	0	0	0	0	0	0	0	0	0	0	0	0	0	0	0	0	0	0	1	
	64222	1	3	복어	158192	0	0	155590	159192	0	0	74620	39999	0	20020	0	20020	0	Null	0	Null	0	0	0	0	1	0	0	0	5000	5000	0	0	4	6	255	0	0	0	0	0	0	0	0	0	0	0	0	0	0	0	0	0	0	0	0	0	0	0	0	0	0	0	0	0	1	1	1	1	1	1	1	1	99	0	15	2	20	0	0	0	0	0	0	0	0	0	0	0	0	0	0	0	0	0	0	0	0	0	0	0	0	0	0	0	0	0	0	0	0	0	0	0	0	0	0	0	0	0	1	0	0	0	0	0	0	0	0	0	0	0	0	0	0	22	0	0	0	0	0	0	0	0	0	0	0	0	0	0	0	0	0	0	0	0	0	0	0	0	0	0	0	0	0	0	0	0	0	1	
	64223	1	3	독수리	158193	0	0	155590	159193	0	0	74624	39999	0	20020	0	20020	0	Null	0	Null	0	0	0	0	1	0	0	0	5000	5000	0	0	4	6	255	0	0	0	0	0	0	0	0	0	0	0	0	0	0	0	0	0	0	0	0	0	0	0	0	0	0	0	0	0	1	1	1	1	1	1	1	1	99	0	42	1	10	0	0	0	0	0	0	0	0	0	0	0	0	0	0	0	0	0	0	0	0	0	0	0	0	0	0	0	0	0	0	0	0	0	0	0	0	0	0	0	0	0	1	0	0	0	0	0	0	0	0	0	0	0	0	0	0	23	0	0	0	0	0	0	0	0	0	0	0	0	0	0	0	0	0	0	0	0	0	0	0	0	0	0	0	0	0	0	0	0	0	1	
	64224	1	3	스노우맨	158194	0	0	155590	159194	0	0	74625	39999	0	20020	0	20020	0	Null	0	Null	0	0	0	0	1	0	0	0	5000	5000	0	0	4	6	255	0	0	0	0	0	0	0	0	0	0	0	0	0	0	0	0	0	0	0	0	0	0	0	0	0	0	0	0	0	1	1	1	1	1	1	1	1	99	0	28	1	200	0	0	0	0	0	0	0	0	0	0	0	0	0	0	0	0	0	0	0	0	0	0	0	0	0	0	0	0	0	0	0	0	0	0	0	0	0	0	0	0	0	1	0	0	0	0	0	0	0	0	0	0	0	0	0	0	24	0	0	0	0	0	0	0	0	0	0	0	0	0	0	0	0	0	0	0	0	0	0	0	0	0	0	0	0	0	0	0	0	0	1	
	64225	1	3	리자드맨	158195	0	0	155590	159195	0	0	74626	39999	0	20020	0	20020	0	Null	0	Null	0	0	0	0	1	0	0	0	5000	5000	0	0	4	6	255	0	0	0	0	0	0	0	0	0	0	0	0	0	0	0	0	0	0	0	0	0	0	0	0	0	0	0	0	0	1	1	1	1	1	1	1	1	99	0	30	1	10	0	0	0	0	0	0	0	0	0	0	0	0	0	0	0	0	0	0	0	0	0	0	0	0	0	0	0	0	0	0	0	0	0	0	0	0	0	0	0	0	0	1	0	0	0	0	0	0	0	0	0	0	0	0	0	0	25	0	0	0	0	0	0	0	0	0	0	0	0	0	0	0	0	0	0	0	0	0	0	0	0	0	0	0	0	0	0	0	0	0	1	
	64226	1	3	데몬	158196	0	0	155590	159196	0	0	74627	39999	0	20020	0	20020	0	Null	0	Null	0	0	0	0	1	0	0	0	5000	5000	0	0	4	6	255	0	0	0	0	0	0	0	0	0	0	0	0	0	0	0	0	0	0	0	0	0	0	0	0	0	0	0	0	0	1	1	1	1	1	1	1	1	99	0	46	5	100	0	0	0	0	0	0	0	0	0	0	0	0	0	0	0	0	0	0	0	0	0	0	0	0	0	0	0	0	0	0	0	0	0	0	0	0	0	0	0	0	0	1	0	0	0	0	0	0	0	0	0	0	0	0	0	0	26	0	0	0	0	0	0	0	0	0	0	0	0	0	0	0	0	0	0	0	0	0	0	0	0	0	0	0	0	0	0	0	0	0	1	
	64227	1	3	고스트_7일용(글로벌_이벤트용)	158182	0	0	155590	159182	0	0	74611	39999	0	20020	0	20020	0	Null	0	Null	0	0	0	0	1	0	0	0	5000	5000	0	0	4	65535	255	0	0	0	0	0	0	0	0	0	0	0	0	0	0	0	0	0	0	0	0	0	0	0	0	0	0	0	0	0	1	1	1	1	1	1	1	1	99	0	15	2	20	0	0	0	0	0	0	0	0	0	0	0	0	0	0	0	0	0	0	0	0	0	0	0	0	0	0	0	0	0	0	0	0	0	0	0	0	0	0	0	0	0	1	0	0	0	0	0	0	0	0	0	0	0	0	0	0	12	0	0	0	0	0	0	0	0	0	0	0	0	0	0	0	0	0	0	0	0	0	0	0	0	0	0	0	0	0	0	0	0	0	1	
	64228	1	0	일반사료	158108	0	0	40008	159108	0	0	74622	39999	0	20021	0	20021	0	Null	0	Null	0	0	0	0	1	0	0	0	5000	5000	0	0	2	0	255	0	0	0	0	0	0	0	0	0	0	0	0	0	0	0	0	0	0	0	0	0	0	0	0	0	0	0	0	0	1	1	1	1	1	1	1	1	99	0	0	0	0	0	0	0	0	0	0	0	0	0	0	0	0	0	0	0	0	0	0	0	0	0	0	0	0	0	0	0	0	0	0	0	0	0	0	0	0	10	0	0	0	0	255	0	0	0	0	10	0	0	0	0	0	0	0	0	0	0	0	0	0	0	0	0	0	0	0	0	0	0	0	0	0	0	0	0	0	0	0	0	0	0	0	0	0	0	0	0	0	0	0	1	
	64229	1	0	고급사료	158109	0	0	40008	159109	0	0	74623	39999	0	20021	0	20021	0	Null	0	Null	0	0	0	0	1	0	0	0	1000	1000	0	0	2	6	255	0	0	0	0	0	0	0	0	0	0	0	0	0	0	0	0	0	0	0	0	0	0	0	0	0	0	0	0	0	1	1	1	1	1	1	1	1	99	0	0	0	0	0	0	0	0	0	0	0	0	0	0	0	0	0	0	0	0	0	0	0	0	0	0	0	0	0	0	0	0	0	0	0	0	0	0	0	0	30	0	0	0	0	255	0	0	0	0	10	0	0	0	0	0	0	0	0	20	0	0	0	0	0	0	0	0	0	0	0	0	0	0	0	0	0	0	0	0	0	0	0	0	0	0	0	0	0	0	0	0	0	0	1	
	64230	1	3	흰색보름달토끼(국내_독도사랑이벤트_빅사이즈)	158169	0	0	155590	159178	0	0	74629	39999	0	20020	0	20020	0	Null	0	Null	0	0	0	0	1	0	0	0	5000	5000	0	0	4	6	255	0	0	0	0	0	0	0	0	0	0	0	0	0	0	0	0	0	0	0	0	0	0	0	0	0	0	0	0	0	1	1	1	1	1	1	1	1	99	0	52	5	50	0	0	0	0	0	0	0	0	0	0	0	0	0	0	0	0	0	0	0	0	0	0	0	0	0	0	0	0	0	0	0	0	0	0	0	0	0	0	0	0	0	1	0	0	0	0	0	0	0	0	0	0	0	0	0	0	28	0	0	0	0	0	0	0	0	0	0	0	0	0	0	0	0	0	0	0	0	0	0	0	0	0	0	0	0	0	0	0	0	0	1	
	64231	1	0	네임카드	158168	0	0	9445	159168	0	0	74630	39999	0	20037	0	20037	0	Null	1	Null	0	0	0	0	1	0	0	0	50000	50000	0	0	2	0	255	0	0	0	0	0	0	0	0	0	0	0	0	0	0	0	0	0	0	0	0	0	0	0	0	0	0	0	0	0	1	1	1	1	1	1	1	1	99	0	0	0	0	0	0	0	0	0	0	0	0	0	0	0	0	0	0	0	0	0	0	0	0	0	0	0	0	0	0	0	0	0	0	0	0	0	0	0	0	0	0	0	0	0	255	0	0	0	0	0	0	0	0	0	0	0	0	0	0	0	0	0	0	0	0	0	0	0	0	0	0	0	0	0	0	0	0	0	0	0	0	0	0	0	0	0	0	0	0	0	0	0	0	1	
	64232	1	3	자이언트팬더	158208	0	0	155590	159189	0	0	74618	39999	0	20020	0	20020	0	Null	0	Null	0	0	0	0	1	0	0	0	5000	5000	0	0	4	6	255	0	0	0	0	0	0	0	0	0	0	0	0	0	0	0	0	0	0	0	0	0	0	0	0	0	0	0	0	0	1	1	1	1	1	1	1	1	99	0	1	1	5	0	0	0	0	0	0	0	0	0	0	0	0	0	0	0	0	0	0	0	0	0	0	0	0	0	0	0	0	0	0	0	0	0	0	0	0	0	0	0	0	0	1	0	0	0	0	0	0	0	0	0	0	0	0	0	0	29	0	0	0	0	0	0	0	0	0	0	0	0	0	0	0	0	0	0	0	0	0	0	0	0	0	0	0	0	0	0	0	0	0	1	
	64233	1	3	자이언트팬더	158208	0	0	155590	159189	0	0	74618	39999	0	20020	0	20020	0	Null	0	Null	0	0	0	0	1	0	0	0	5000	5000	0	0	4	6	255	0	0	0	0	0	0	0	0	0	0	0	0	0	0	0	0	0	0	0	0	0	0	0	0	0	0	0	0	0	1	1	1	1	1	1	1	1	99	0	1	1	6	0	0	0	0	0	0	0	0	0	0	0	0	0	0	0	0	0	0	0	0	0	0	0	0	0	0	0	0	0	0	0	0	0	0	0	0	0	0	0	0	0	1	0	0	0	0	0	0	0	0	0	0	0	0	0	0	30	0	0	0	0	0	0	0	0	0	0	0	0	0	0	0	0	0	0	0	0	0	0	0	0	0	0	0	0	0	0	0	0	0	1	
	64234	1	3	헬하운드	47303	0	0	155590	48303	0	0	74632	39999	0	20020	0	20020	0	Null	0	Null	0	0	0	0	1	0	0	0	5000	5000	0	0	4	6	255	0	0	0	0	0	0	0	0	0	0	0	0	0	0	0	0	0	0	0	0	0	0	0	0	0	0	0	0	0	1	1	1	1	1	1	1	1	99	0	52	5	50	0	0	0	0	0	0	0	0	0	0	0	0	0	0	0	0	0	0	0	0	0	0	0	0	0	0	0	0	0	0	0	0	0	0	0	0	0	0	0	0	0	1	0	0	0	0	0	0	0	0	0	0	0	0	0	0	41	0	0	0	0	0	0	0	0	0	0	0	0	0	0	0	0	0	0	0	0	0	0	0	0	0	0	0	0	0	0	0	0	0	1	
	64235	1	3	킹슬라임	90146	0	0	155590	92146	0	0	74633	39999	0	20020	0	20020	0	Null	0	Null	0	0	0	0	1	0	0	0	5000	5000	0	0	4	6	255	0	0	0	0	0	0	0	0	0	0	0	0	0	0	0	0	0	0	0	0	0	0	0	0	0	0	0	0	0	1	1	1	1	1	1	1	1	99	0	37	1	20	0	0	0	0	0	0	0	0	0	0	0	0	0	0	0	0	0	0	0	0	0	0	0	0	0	0	0	0	0	0	0	0	0	0	0	0	0	0	0	0	0	1	0	0	0	0	0	0	0	0	0	0	0	0	0	0	42	0	0	0	0	0	0	0	0	0	0	0	0	0	0	0	0	0	0	0	0	0	0	0	0	0	0	0	0	0	0	0	0	0	1	
	64236	1	3	오염된거미	90147	0	0	155590	92147	0	0	74634	39999	0	20020	0	20020	0	Null	0	Null	0	0	0	0	1	0	0	0	5000	5000	0	0	4	6	255	0	0	0	0	0	0	0	0	0	0	0	0	0	0	0	0	0	0	0	0	0	0	0	0	0	0	0	0	0	1	1	1	1	1	1	1	1	99	0	46	5	60	0	0	0	0	0	0	0	0	0	0	0	0	0	0	0	0	0	0	0	0	0	0	0	0	0	0	0	0	0	0	0	0	0	0	0	0	0	0	0	0	0	1	0	0	0	0	0	0	0	0	0	0	0	0	0	0	43	0	0	0	0	0	0	0	0	0	0	0	0	0	0	0	0	0	0	0	0	0	0	0	0	0	0	0	0	0	0	0	0	0	1	
	64237	1	3	아이스퀸	90148	0	0	155590	92148	0	0	74635	39999	0	20020	0	20020	0	Null	0	Null	0	0	0	0	1	0	0	0	5000	5000	0	0	4	6	255	0	0	0	0	0	0	0	0	0	0	0	0	0	0	0	0	0	0	0	0	0	0	0	0	0	0	0	0	0	1	1	1	1	1	1	1	1	99	0	28	1	130	0	0	0	0	0	0	0	0	0	0	0	0	0	0	0	0	0	0	0	0	0	0	0	0	0	0	0	0	0	0	0	0	0	0	0	0	0	0	0	0	0	1	0	0	0	0	0	0	0	0	0	0	0	0	0	0	44	0	0	0	0	0	0	0	0	0	0	0	0	0	0	0	0	0	0	0	0	0	0	0	0	0	0	0	0	0	0	0	0	0	1	
	64238	1	3	황금버찌드래곤	90149	0	0	155590	92149	0	0	74636	39999	0	20020	0	20020	0	Null	0	Null	0	0	0	0	1	0	0	0	5000	5000	0	0	4	6	255	0	0	0	0	0	0	0	0	0	0	0	0	0	0	0	0	0	0	0	0	0	0	0	0	0	0	0	0	0	1	1	1	1	1	1	1	1	99	0	60	1	10	0	0	0	0	0	0	0	0	0	0	0	0	0	0	0	0	0	0	0	0	0	0	0	0	0	0	0	0	0	0	0	0	0	0	0	0	0	0	0	0	0	1	0	0	0	0	0	0	0	0	0	0	0	0	0	0	45	0	0	0	0	0	0	0	0	0	0	0	0	0	0	0	0	0	0	0	0	0	0	0	0	0	0	0	0	0	0	0	0	0	1	
	64239	1	3	핌불베트르	90150	0	0	155590	92150	0	0	74637	39999	0	20020	0	20020	0	Null	0	Null	0	0	0	0	1	0	0	0	5000	5000	0	0	4	6	255	0	0	0	0	0	0	0	0	0	0	0	0	0	0	0	0	0	0	0	0	0	0	0	0	0	0	0	0	0	1	1	1	1	1	1	1	1	99	0	44	5	30	0	0	0	0	0	0	0	0	0	0	0	0	0	0	0	0	0	0	0	0	0	0	0	0	0	0	0	0	0	0	0	0	0	0	0	0	0	0	0	0	0	1	0	0	0	0	0	0	0	0	0	0	0	0	0	0	46	0	0	0	0	0	0	0	0	0	0	0	0	0	0	0	0	0	0	0	0	0	0	0	0	0	0	0	0	0	0	0	0	0	1	
	64240	1	3	병아리	302148	0	0	155590	302148	0	0	74638	39999	0	20020	0	20020	0	Null	0	Null	0	0	0	0	1	0	0	0	5000	5000	0	0	4	6	255	0	0	0	0	0	0	0	0	0	0	0	0	0	0	0	0	0	0	0	0	0	0	0	0	0	0	0	0	0	1	1	1	1	1	1	1	1	99	0	14	1	2	0	0	0	0	0	0	0	0	0	0	0	0	0	0	0	0	0	0	0	0	0	0	0	0	0	0	0	0	0	0	0	0	0	0	0	0	0	0	0	0	0	1	0	0	0	0	0	0	0	0	0	0	0	0	0	0	47	0	0	0	0	0	0	0	0	0	0	0	0	0	0	0	0	0	0	0	0	0	0	0	0	0	0	0	0	0	0	0	0	0	1	
	64241	1	3	닥스훈트(이벤트용)	158187	0	0	155590	159187	0	0	74616	39999	0	20020	0	20020	0	Null	0	Null	0	0	0	0	1	0	0	0	5000	5000	0	0	4	7	255	0	0	0	0	0	0	0	0	0	0	0	0	0	0	0	0	0	0	0	0	0	0	0	0	0	0	0	0	0	1	1	1	1	1	1	1	1	99	0	49	1	10	0	0	0	0	0	0	0	0	0	0	0	0	0	0	0	0	0	0	0	0	0	0	0	0	0	0	0	0	0	0	0	0	0	0	0	0	0	0	0	0	0	1	0	0	0	0	0	0	0	0	0	0	0	0	0	0	17	0	0	0	0	0	0	0	0	0	0	0	0	0	0	0	0	0	0	0	0	0	0	0	0	0	0	0	0	0	0	0	0	0	1	
	64242	1	3	시베리안허스키(이벤트용)	158184	0	0	155590	159184	0	0	74613	39999	0	20020	0	20020	0	Null	0	Null	0	0	0	0	1	0	0	0	5000	5000	0	0	4	7	255	0	0	0	0	0	0	0	0	0	0	0	0	0	0	0	0	0	0	0	0	0	0	0	0	0	0	0	0	0	1	1	1	1	1	1	1	1	99	0	49	1	10	0	0	0	0	0	0	0	0	0	0	0	0	0	0	0	0	0	0	0	0	0	0	0	0	0	0	0	0	0	0	0	0	0	0	0	0	0	0	0	0	0	1	0	0	0	0	0	0	0	0	0	0	0	0	0	0	14	0	0	0	0	0	0	0	0	0	0	0	0	0	0	0	0	0	0	0	0	0	0	0	0	0	0	0	0	0	0	0	0	0	1	
	64243	1	0	고급사료(이벤트용)	158109	0	0	40008	159109	0	0	74623	39999	0	20021	0	20021	0	Null	0	Null	0	0	0	0	1	0	0	0	1000	1000	0	0	2	7	255	0	0	0	0	0	0	0	0	0	0	0	0	0	0	0	0	0	0	0	0	0	0	0	0	0	0	0	0	0	1	1	1	1	1	1	1	1	99	0	0	0	0	0	0	0	0	0	0	0	0	0	0	0	0	0	0	0	0	0	0	0	0	0	0	0	0	0	0	0	0	0	0	0	0	0	0	0	0	30	0	0	0	0	255	0	0	0	0	10	0	0	0	0	0	0	0	0	20	0	0	0	0	0	0	0	0	0	0	0	0	0	0	0	0	0	0	0	0	0	0	0	0	0	0	0	0	0	0	0	0	0	0	1	
	64244	1	3	흰색트링겔고양이	158173	0	0	155590	159173	0	0	74602	39999	0	20020	0	20020	0	Null	0	Null	0	0	0	0	1	0	0	0	5000	5000	0	0	4	6	255	0	0	0	0	0	0	0	0	0	0	0	0	0	0	0	0	0	0	0	0	0	0	0	0	0	0	0	0	0	1	1	1	1	1	1	1	1	99	0	35	2	50	0	0	0	0	0	0	0	0	0	0	0	0	0	0	0	0	0	0	0	0	0	0	0	0	0	0	0	0	0	0	0	0	0	0	0	0	0	0	0	0	0	1	0	0	0	0	0	0	0	0	0	0	0	0	0	0	48	0	0	0	0	0	0	0	0	0	0	0	0	0	0	0	0	0	0	0	0	0	0	0	0	0	0	0	0	0	0	0	0	0	1	
	64245	1	3	노락색트링겔고양이	158242	0	0	155590	159242	0	0	74604	39999	0	20020	0	20020	0	Null	0	Null	0	0	0	0	1	0	0	0	5000	5000	0	0	4	6	255	0	0	0	0	0	0	0	0	0	0	0	0	0	0	0	0	0	0	0	0	0	0	0	0	0	0	0	0	0	1	1	1	1	1	1	1	1	99	0	1	2	30	0	24	1	7	0	0	0	0	0	0	0	0	0	0	0	0	0	0	0	0	0	0	0	0	0	0	0	0	0	0	0	0	0	0	0	0	0	0	0	0	0	1	0	0	0	0	0	0	0	0	0	0	0	0	0	0	49	0	0	0	0	0	0	0	0	0	0	0	0	0	0	0	0	0	0	0	0	0	0	0	0	0	0	0	0	0	0	0	0	0	1	
	64246	1	3	자이언트팬더	158208	0	0	155590	159189	0	0	74618	39999	0	20020	0	20020	0	Null	0	Null	0	0	0	0	1	0	0	0	5000	5000	0	0	4	6	255	0	0	0	0	0	0	0	0	0	0	0	0	0	0	0	0	0	0	0	0	0	0	0	0	0	0	0	0	0	1	1	1	1	1	1	1	1	99	0	1	1	5	0	0	0	0	0	0	0	0	0	0	0	0	0	0	0	0	0	0	0	0	0	0	0	0	0	0	0	0	0	0	0	0	0	0	0	0	0	0	0	0	0	1	0	0	0	0	0	0	0	0	0	0	0	0	0	0	50	0	0	0	0	0	0	0	0	0	0	0	0	0	0	0	0	0	0	0	0	0	0	0	0	0	0	0	0	0	0	0	0	0	1	
	64247	1	3	고스트	158182	0	0	155590	159182	0	0	74611	39999	0	20020	0	20020	0	Null	0	Null	0	0	0	0	1	0	0	0	5000	5000	0	0	4	6	255	0	0	0	0	0	0	0	0	0	0	0	0	0	0	0	0	0	0	0	0	0	0	0	0	0	0	0	0	0	1	1	1	1	1	1	1	1	99	0	15	2	20	0	0	0	0	0	0	0	0	0	0	0	0	0	0	0	0	0	0	0	0	0	0	0	0	0	0	0	0	0	0	0	0	0	0	0	0	0	0	0	0	0	1	0	0	0	0	0	0	0	0	0	0	0	0	0	0	51	0	0	0	0	0	0	0	0	0	0	0	0	0	0	0	0	0	0	0	0	0	0	0	0	0	0	0	0	0	0	0	0	0	1	
	64248	1	3	줄무늬트링겔고양이	158243	0	0	155590	159243	0	0	74601	39999	0	20020	0	20020	0	Null	0	Null	0	0	0	0	1	0	0	0	5000	5000	0	0	4	6	255	0	0	0	0	0	0	0	0	0	0	0	0	0	0	0	0	0	0	0	0	0	0	0	0	0	0	0	0	0	1	1	1	1	1	1	1	1	99	0	35	2	50	0	0	0	0	0	0	0	0	0	0	0	0	0	0	0	0	0	0	0	0	0	0	0	0	0	0	0	0	0	0	0	0	0	0	0	0	0	0	0	0	0	1	0	0	0	0	0	0	0	0	0	0	0	0	0	0	52	0	0	0	0	0	0	0	0	0	0	0	0	0	0	0	0	0	0	0	0	0	0	0	0	0	0	0	0	0	0	0	0	0	1	
	64249	1	3	황금복어	158244	0	0	155590	159244	0	0	74666	39999	0	20020	0	20020	0	Null	0	Null	0	0	0	0	1	0	0	0	5000	5000	0	0	4	6	255	0	0	0	0	0	0	0	0	0	0	0	0	0	0	0	0	0	0	0	0	0	0	0	0	0	0	0	0	0	1	1	1	1	1	1	1	1	99	0	44	5	50	0	30	1	20	0	0	0	0	0	0	0	0	0	0	0	0	0	0	0	0	0	0	0	0	0	0	0	0	0	0	0	0	0	0	0	0	0	0	0	0	0	1	0	0	0	0	0	0	0	0	0	0	0	0	0	0	53	0	0	0	0	0	0	0	0	0	0	0	0	0	0	0	0	0	0	0	0	0	0	0	0	0	0	0	0	0	0	0	0	0	1	
	64250	1	3	오염된변이체	90170	0	0	155590	92170	0	0	74665	39999	0	20020	0	20020	0	Null	0	Null	0	0	0	0	1	0	0	0	5000	5000	0	0	4	6	255	0	0	0	0	0	0	0	0	0	0	0	0	0	0	0	0	0	0	0	0	0	0	0	0	0	0	0	0	0	1	1	1	1	1	1	1	1	99	0	14	1	2	0	0	0	0	0	0	0	0	0	0	0	0	0	0	0	0	0	0	0	0	0	0	0	0	0	0	0	0	0	0	0	0	0	0	0	0	0	0	0	0	0	1	0	0	0	0	0	0	0	0	0	0	0	0	0	0	54	0	0	0	0	0	0	0	0	0	0	0	0	0	0	0	0	0	0	0	0	0	0	0	0	0	0	0	0	0	0	0	0	0	1	
	64251	1	3	호랑이(일반)	158246	0	0	155590	159247	0	0	74673	39999	0	20020	0	20020	0	Null	0	Null	0	0	0	0	1	0	0	0	5000	5000	0	0	4	6	255	0	0	0	0	0	0	0	0	0	0	0	0	0	0	0	0	0	0	0	0	0	0	0	0	0	0	0	0	0	1	1	1	1	1	1	1	1	99	0	1	2	30	0	24	1	7	0	0	0	0	0	0	0	0	0	0	0	0	0	0	0	0	0	0	0	0	0	0	0	0	0	0	0	0	0	0	0	0	0	0	0	0	0	1	0	0	0	0	0	0	0	0	0	0	0	0	0	0	55	0	0	0	0	0	0	0	0	0	0	0	0	0	0	0	0	0	0	0	0	0	0	0	0	0	0	0	0	0	0	0	0	0	1	
	64252	1	3	백호	158247	0	0	155590	159248	0	0	74674	39999	0	20020	0	20020	0	Null	0	Null	0	0	0	0	1	0	0	0	5000	5000	0	0	4	6	255	0	0	0	0	0	0	0	0	0	0	0	0	0	0	0	0	0	0	0	0	0	0	0	0	0	0	0	0	0	1	1	1	1	1	1	1	1	99	0	1	2	30	0	24	1	7	0	0	0	0	0	0	0	0	0	0	0	0	0	0	0	0	0	0	0	0	0	0	0	0	0	0	0	0	0	0	0	0	0	0	0	0	0	1	0	0	0	0	0	0	0	0	0	0	0	0	0	0	56	0	0	0	0	0	0	0	0	0	0	0	0	0	0	0	0	0	0	0	0	0	0	0	0	0	0	0	0	0	0	0	0	0	1	
	64253	1	3	위풍당당호랑이_국내(황호)	158248	0	0	155590	159245	0	0	74673	39999	0	20020	0	20020	0	Null	0	Null	0	0	0	0	1	0	0	0	5000	5000	0	0	4	6	255	0	0	0	0	0	0	0	0	0	0	0	0	0	0	0	0	0	0	0	0	0	0	0	0	0	0	0	0	0	1	1	1	1	1	1	1	1	99	0	1	1	5	0	0	0	0	0	0	0	0	0	0	0	0	0	0	0	0	0	0	0	0	0	0	0	0	0	0	0	0	0	0	0	0	0	0	0	0	0	0	0	0	0	1	0	0	0	0	0	0	0	0	0	0	0	0	0	0	57	0	0	0	0	0	0	0	0	0	0	0	0	0	0	0	0	0	0	0	0	0	0	0	0	0	0	0	0	0	0	0	0	0	1	
	64254	1	3	천하무적호랑이_국내(백호)	158249	0	0	155590	159246	0	0	74674	39999	0	20020	0	20020	0	Null	0	Null	0	0	0	0	1	0	0	0	5000	5000	0	0	4	6	255	0	0	0	0	0	0	0	0	0	0	0	0	0	0	0	0	0	0	0	0	0	0	0	0	0	0	0	0	0	1	1	1	1	1	1	1	1	99	0	1	1	5	0	0	0	0	0	0	0	0	0	0	0	0	0	0	0	0	0	0	0	0	0	0	0	0	0	0	0	0	0	0	0	0	0	0	0	0	0	0	0	0	0	1	0	0	0	0	0	0	0	0	0	0	0	0	0	0	58	0	0	0	0	0	0	0	0	0	0	0	0	0	0	0	0	0	0	0	0	0	0	0	0	0	0	0	0	0	0	0	0	0	1	
	64255	1	3	스케이트팽귄	158403	0	0	155590	159400	0	0	74619	39999	0	20020	0	20020	0	Null	0	Null	0	0	0	0	1	0	0	0	5000	5000	0	0	4	7	255	0	0	0	0	0	0	0	0	0	0	0	0	0	0	0	0	0	0	0	0	0	0	0	0	0	0	0	0	0	1	1	1	1	1	1	1	1	99	0	45	5	100	0	44	5	100	0	0	0	0	0	0	0	0	0	0	0	0	0	0	0	0	0	0	0	0	0	0	0	0	0	0	0	0	0	0	0	0	0	0	0	0	0	1	0	0	0	0	0	0	0	0	0	0	0	0	0	0	59	0	0	0	0	0	0	0	0	0	0	0	0	0	0	0	0	0	0	0	0	0	0	0	0	0	0	0	0	0	0	0	0	0	1	
	64256	1	3	스텀피	158425	0	0	155590	159425	0	0	74681	39999	0	20020	0	20020	0	Null	0	Null	0	0	0	0	1	0	0	0	5000	5000	0	0	4	6	255	0	0	0	0	0	0	0	0	0	0	0	0	0	0	0	0	0	0	0	0	0	0	0	0	0	0	0	0	0	1	1	1	1	1	1	1	1	99	0	0	0	0	0	0	0	0	0	0	0	0	0	0	0	0	0	0	0	0	0	0	0	0	0	0	0	0	0	0	0	0	0	0	0	0	0	0	0	0	0	0	0	0	0	1	0	0	0	0	0	0	0	0	0	0	0	0	0	0	60	0	0	0	0	0	0	0	0	0	0	0	0	0	0	0	0	0	0	0	0	0	0	0	0	0	0	0	0	0	0	0	0	0	1	
	64257	1	3	크라비	158426	0	0	155590	159426	0	0	74682	39999	0	20020	0	20020	0	Null	0	Null	0	0	0	0	1	0	0	0	5000	5000	0	0	4	6	255	0	0	0	0	0	0	0	0	0	0	0	0	0	0	0	0	0	0	0	0	0	0	0	0	0	0	0	0	0	1	1	1	1	1	1	1	1	99	0	0	0	0	0	0	0	0	0	0	0	0	0	0	0	0	0	0	0	0	0	0	0	0	0	0	0	0	0	0	0	0	0	0	0	0	0	0	0	0	0	0	0	0	0	1	0	0	0	0	0	0	0	0	0	0	0	0	0	0	61	0	0	0	0	0	0	0	0	0	0	0	0	0	0	0	0	0	0	0	0	0	0	0	0	0	0	0	0	0	0	0	0	0	1	
	64258	1	3	그리폰	158427	0	0	155590	159427	0	0	74683	39999	0	20020	0	20020	0	Null	0	Null	0	0	0	0	1	0	0	0	5000	5000	0	0	4	6	255	0	0	0	0	0	0	0	0	0	0	0	0	0	0	0	0	0	0	0	0	0	0	0	0	0	0	0	0	0	1	1	1	1	1	1	1	1	99	0	0	0	0	0	0	0	0	0	0	0	0	0	0	0	0	0	0	0	0	0	0	0	0	0	0	0	0	0	0	0	0	0	0	0	0	0	0	0	0	0	0	0	0	0	1	0	0	0	0	0	0	0	0	0	0	0	0	0	0	62	0	0	0	0	0	0	0	0	0	0	0	0	0	0	0	0	0	0	0	0	0	0	0	0	0	0	0	0	0	0	0	0	0	1	
	64259	1	3	피그보이	158428	0	0	155590	159428	0	0	74684	39999	0	20020	0	20020	0	Null	0	Null	0	0	0	0	1	0	0	0	5000	5000	0	0	4	6	255	0	0	0	0	0	0	0	0	0	0	0	0	0	0	0	0	0	0	0	0	0	0	0	0	0	0	0	0	0	1	1	1	1	1	1	1	1	99	0	0	0	0	0	0	0	0	0	0	0	0	0	0	0	0	0	0	0	0	0	0	0	0	0	0	0	0	0	0	0	0	0	0	0	0	0	0	0	0	0	0	0	0	0	1	0	0	0	0	0	0	0	0	0	0	0	0	0	0	63	0	0	0	0	0	0	0	0	0	0	0	0	0	0	0	0	0	0	0	0	0	0	0	0	0	0	0	0	0	0	0	0	0	1	
	64260	1	3	펠리칸	158429	0	0	155590	159429	0	0	74685	39999	0	20020	0	20020	0	Null	0	Null	0	0	0	0	1	0	0	0	5000	5000	0	0	4	6	255	0	0	0	0	0	0	0	0	0	0	0	0	0	0	0	0	0	0	0	0	0	0	0	0	0	0	0	0	0	1	1	1	1	1	1	1	1	99	0	0	0	0	0	0	0	0	0	0	0	0	0	0	0	0	0	0	0	0	0	0	0	0	0	0	0	0	0	0	0	0	0	0	0	0	0	0	0	0	0	0	0	0	0	1	0	0	0	0	0	0	0	0	0	0	0	0	0	0	64	0	0	0	0	0	0	0	0	0	0	0	0	0	0	0	0	0	0	0	0	0	0	0	0	0	0	0	0	0	0	0	0	0	1	
	64261	1	3	본헤드	158430	0	0	155590	159430	0	0	74686	39999	0	20020	0	20020	0	Null	0	Null	0	0	0	0	1	0	0	0	5000	5000	0	0	4	6	255	0	0	0	0	0	0	0	0	0	0	0	0	0	0	0	0	0	0	0	0	0	0	0	0	0	0	0	0	0	1	1	1	1	1	1	1	1	99	0	0	0	0	0	0	0	0	0	0	0	0	0	0	0	0	0	0	0	0	0	0	0	0	0	0	0	0	0	0	0	0	0	0	0	0	0	0	0	0	0	0	0	0	0	1	0	0	0	0	0	0	0	0	0	0	0	0	0	0	65	0	0	0	0	0	0	0	0	0	0	0	0	0	0	0	0	0	0	0	0	0	0	0	0	0	0	0	0	0	0	0	0	0	1	
	64262	1	3	피그렛	158431	0	0	155590	159431	0	0	74687	39999	0	20020	0	20020	0	Null	0	Null	0	0	0	0	1	0	0	0	5000	5000	0	0	4	6	255	0	0	0	0	0	0	0	0	0	0	0	0	0	0	0	0	0	0	0	0	0	0	0	0	0	0	0	0	0	1	1	1	1	1	1	1	1	99	0	0	0	0	0	0	0	0	0	0	0	0	0	0	0	0	0	0	0	0	0	0	0	0	0	0	0	0	0	0	0	0	0	0	0	0	0	0	0	0	0	0	0	0	0	1	0	0	0	0	0	0	0	0	0	0	0	0	0	0	66	0	0	0	0	0	0	0	0	0	0	0	0	0	0	0	0	0	0	0	0	0	0	0	0	0	0	0	0	0	0	0	0	0	1	
	64263	1	3	킹크랩	158432	0	0	155590	159432	0	0	74688	39999	0	20020	0	20020	0	Null	0	Null	0	0	0	0	1	0	0	0	5000	5000	0	0	4	6	255	0	0	0	0	0	0	0	0	0	0	0	0	0	0	0	0	0	0	0	0	0	0	0	0	0	0	0	0	0	1	1	1	1	1	1	1	1	99	0	0	0	0	0	0	0	0	0	0	0	0	0	0	0	0	0	0	0	0	0	0	0	0	0	0	0	0	0	0	0	0	0	0	0	0	0	0	0	0	0	0	0	0	0	1	0	0	0	0	0	0	0	0	0	0	0	0	0	0	67	0	0	0	0	0	0	0	0	0	0	0	0	0	0	0	0	0	0	0	0	0	0	0	0	0	0	0	0	0	0	0	0	0	1	
	64264	1	3	콜로서스	158433	0	0	155590	159433	0	0	74689	39999	0	20020	0	20020	0	Null	0	Null	0	0	0	0	1	0	0	0	5000	5000	0	0	4	6	255	0	0	0	0	0	0	0	0	0	0	0	0	0	0	0	0	0	0	0	0	0	0	0	0	0	0	0	0	0	1	1	1	1	1	1	1	1	99	0	0	0	0	0	0	0	0	0	0	0	0	0	0	0	0	0	0	0	0	0	0	0	0	0	0	0	0	0	0	0	0	0	0	0	0	0	0	0	0	0	0	0	0	0	1	0	0	0	0	0	0	0	0	0	0	0	0	0	0	68	0	0	0	0	0	0	0	0	0	0	0	0	0	0	0	0	0	0	0	0	0	0	0	0	0	0	0	0	0	0	0	0	0	1	
	64265	1	3	세일러	158434	0	0	155590	159434	0	0	74690	39999	0	20020	0	20020	0	Null	0	Null	0	0	0	0	1	0	0	0	5000	5000	0	0	4	6	255	0	0	0	0	0	0	0	0	0	0	0	0	0	0	0	0	0	0	0	0	0	0	0	0	0	0	0	0	0	1	1	1	1	1	1	1	1	99	0	0	0	0	0	0	0	0	0	0	0	0	0	0	0	0	0	0	0	0	0	0	0	0	0	0	0	0	0	0	0	0	0	0	0	0	0	0	0	0	0	0	0	0	0	1	0	0	0	0	0	0	0	0	0	0	0	0	0	0	69	0	0	0	0	0	0	0	0	0	0	0	0	0	0	0	0	0	0	0	0	0	0	0	0	0	0	0	0	0	0	0	0	0	1	
	64266	1	3	스와디	158435	0	0	155590	159435	0	0	74691	39999	0	20020	0	20020	0	Null	0	Null	0	0	0	0	1	0	0	0	5000	5000	0	0	4	6	255	0	0	0	0	0	0	0	0	0	0	0	0	0	0	0	0	0	0	0	0	0	0	0	0	0	0	0	0	0	1	1	1	1	1	1	1	1	99	0	0	0	0	0	0	0	0	0	0	0	0	0	0	0	0	0	0	0	0	0	0	0	0	0	0	0	0	0	0	0	0	0	0	0	0	0	0	0	0	0	0	0	0	0	1	0	0	0	0	0	0	0	0	0	0	0	0	0	0	70	0	0	0	0	0	0	0	0	0	0	0	0	0	0	0	0	0	0	0	0	0	0	0	0	0	0	0	0	0	0	0	0	0	1	
	64267	1	3	설견	158436	0	0	155590	159436	0	0	74692	39999	0	20020	0	20020	0	Null	0	Null	0	0	0	0	1	0	0	0	5000	5000	0	0	4	6	255	0	0	0	0	0	0	0	0	0	0	0	0	0	0	0	0	0	0	0	0	0	0	0	0	0	0	0	0	0	1	1	1	1	1	1	1	1	99	0	0	0	0	0	0	0	0	0	0	0	0	0	0	0	0	0	0	0	0	0	0	0	0	0	0	0	0	0	0	0	0	0	0	0	0	0	0	0	0	0	0	0	0	0	1	0	0	0	0	0	0	0	0	0	0	0	0	0	0	71	0	0	0	0	0	0	0	0	0	0	0	0	0	0	0	0	0	0	0	0	0	0	0	0	0	0	0	0	0	0	0	0	0	1	
	64268	1	3	항아리여우	158437	0	0	155590	159437	0	0	74693	39999	0	20020	0	20020	0	Null	0	Null	0	0	0	0	1	0	0	0	5000	5000	0	0	4	6	255	0	0	0	0	0	0	0	0	0	0	0	0	0	0	0	0	0	0	0	0	0	0	0	0	0	0	0	0	0	1	1	1	1	1	1	1	1	99	0	0	0	0	0	0	0	0	0	0	0	0	0	0	0	0	0	0	0	0	0	0	0	0	0	0	0	0	0	0	0	0	0	0	0	0	0	0	0	0	0	0	0	0	0	1	0	0	0	0	0	0	0	0	0	0	0	0	0	0	72	0	0	0	0	0	0	0	0	0	0	0	0	0	0	0	0	0	0	0	0	0	0	0	0	0	0	0	0	0	0	0	0	0	1	
	64269	1	3	허수아비	158438	0	0	155590	159438	0	0	74694	39999	0	20020	0	20020	0	Null	0	Null	0	0	0	0	1	0	0	0	5000	5000	0	0	4	6	255	0	0	0	0	0	0	0	0	0	0	0	0	0	0	0	0	0	0	0	0	0	0	0	0	0	0	0	0	0	1	1	1	1	1	1	1	1	99	0	0	0	0	0	0	0	0	0	0	0	0	0	0	0	0	0	0	0	0	0	0	0	0	0	0	0	0	0	0	0	0	0	0	0	0	0	0	0	0	0	0	0	0	0	1	0	0	0	0	0	0	0	0	0	0	0	0	0	0	73	0	0	0	0	0	0	0	0	0	0	0	0	0	0	0	0	0	0	0	0	0	0	0	0	0	0	0	0	0	0	0	0	0	1	
	64270	1	3	올드스텀피	158439	0	0	155590	159439	0	0	74695	39999	0	20020	0	20020	0	Null	0	Null	0	0	0	0	1	0	0	0	5000	5000	0	0	4	6	255	0	0	0	0	0	0	0	0	0	0	0	0	0	0	0	0	0	0	0	0	0	0	0	0	0	0	0	0	0	1	1	1	1	1	1	1	1	99	0	0	0	0	0	0	0	0	0	0	0	0	0	0	0	0	0	0	0	0	0	0	0	0	0	0	0	0	0	0	0	0	0	0	0	0	0	0	0	0	0	0	0	0	0	1	0	0	0	0	0	0	0	0	0	0	0	0	0	0	74	0	0	0	0	0	0	0	0	0	0	0	0	0	0	0	0	0	0	0	0	0	0	0	0	0	0	0	0	0	0	0	0	0	1	
	64271	1	3	서리여왕	158440	0	0	155590	159440	0	0	74696	39999	0	20020	0	20020	0	Null	0	Null	0	0	0	0	1	0	0	0	5000	5000	0	0	4	6	255	0	0	0	0	0	0	0	0	0	0	0	0	0	0	0	0	0	0	0	0	0	0	0	0	0	0	0	0	0	1	1	1	1	1	1	1	1	99	0	0	0	0	0	0	0	0	0	0	0	0	0	0	0	0	0	0	0	0	0	0	0	0	0	0	0	0	0	0	0	0	0	0	0	0	0	0	0	0	0	0	0	0	0	1	0	0	0	0	0	0	0	0	0	0	0	0	0	0	75	0	0	0	0	0	0	0	0	0	0	0	0	0	0	0	0	0	0	0	0	0	0	0	0	0	0	0	0	0	0	0	0	0	1	
	64272	1	3	세이렌룩	158441	0	0	155590	159441	0	0	74697	39999	0	20020	0	20020	0	Null	0	Null	0	0	0	0	1	0	0	0	5000	5000	0	0	4	6	255	0	0	0	0	0	0	0	0	0	0	0	0	0	0	0	0	0	0	0	0	0	0	0	0	0	0	0	0	0	1	1	1	1	1	1	1	1	99	0	0	0	0	0	0	0	0	0	0	0	0	0	0	0	0	0	0	0	0	0	0	0	0	0	0	0	0	0	0	0	0	0	0	0	0	0	0	0	0	0	0	0	0	0	1	0	0	0	0	0	0	0	0	0	0	0	0	0	0	76	0	0	0	0	0	0	0	0	0	0	0	0	0	0	0	0	0	0	0	0	0	0	0	0	0	0	0	0	0	0	0	0	0	1	
	64273	1	3	슬로스	158442	0	0	155590	159442	0	0	74698	39999	0	20020	0	20020	0	Null	0	Null	0	0	0	0	1	0	0	0	5000	5000	0	0	4	6	255	0	0	0	0	0	0	0	0	0	0	0	0	0	0	0	0	0	0	0	0	0	0	0	0	0	0	0	0	0	1	1	1	1	1	1	1	1	99	0	0	0	0	0	0	0	0	0	0	0	0	0	0	0	0	0	0	0	0	0	0	0	0	0	0	0	0	0	0	0	0	0	0	0	0	0	0	0	0	0	0	0	0	0	1	0	0	0	0	0	0	0	0	0	0	0	0	0	0	77	0	0	0	0	0	0	0	0	0	0	0	0	0	0	0	0	0	0	0	0	0	0	0	0	0	0	0	0	0	0	0	0	0	1	
	64274	1	3	세이렌비숍	158443	0	0	155590	159443	0	0	74699	39999	0	20020	0	20020	0	Null	0	Null	0	0	0	0	1	0	0	0	5000	5000	0	0	4	6	255	0	0	0	0	0	0	0	0	0	0	0	0	0	0	0	0	0	0	0	0	0	0	0	0	0	0	0	0	0	1	1	1	1	1	1	1	1	99	0	0	0	0	0	0	0	0	0	0	0	0	0	0	0	0	0	0	0	0	0	0	0	0	0	0	0	0	0	0	0	0	0	0	0	0	0	0	0	0	0	0	0	0	0	1	0	0	0	0	0	0	0	0	0	0	0	0	0	0	78	0	0	0	0	0	0	0	0	0	0	0	0	0	0	0	0	0	0	0	0	0	0	0	0	0	0	0	0	0	0	0	0	0	1	
	64275	1	3	세이렌폰	158444	0	0	155590	159444	0	0	74700	39999	0	20020	0	20020	0	Null	0	Null	0	0	0	0	1	0	0	0	5000	5000	0	0	4	6	255	0	0	0	0	0	0	0	0	0	0	0	0	0	0	0	0	0	0	0	0	0	0	0	0	0	0	0	0	0	1	1	1	1	1	1	1	1	99	0	0	0	0	0	0	0	0	0	0	0	0	0	0	0	0	0	0	0	0	0	0	0	0	0	0	0	0	0	0	0	0	0	0	0	0	0	0	0	0	0	0	0	0	0	1	0	0	0	0	0	0	0	0	0	0	0	0	0	0	79	0	0	0	0	0	0	0	0	0	0	0	0	0	0	0	0	0	0	0	0	0	0	0	0	0	0	0	0	0	0	0	0	0	1	
	64276	1	3	열정의펫	158446	0	0	155590	159446	0	0	34137	39999	0	20020	0	20020	0	Null	0	Null	0	0	0	0	1	0	0	0	5000	5000	0	0	4	6	255	0	0	0	0	0	0	0	0	0	0	0	0	0	0	0	0	0	0	0	0	0	0	0	0	0	0	0	0	0	1	1	1	1	1	1	1	1	99	0	28	1	200	0	0	0	0	0	0	0	0	0	0	0	0	0	0	0	0	0	0	0	0	0	0	0	0	0	0	0	0	0	0	0	0	0	0	0	0	0	0	0	0	0	1	0	0	0	0	0	0	0	0	0	0	0	0	0	0	80	0	0	0	0	0	0	0	0	0	0	0	0	0	0	0	0	0	0	0	0	0	0	0	0	0	0	0	0	0	0	0	0	0	1	
	64277	1	3	행운의펫	158447	0	0	155590	159447	0	0	34137	39999	0	20020	0	20020	0	Null	0	Null	0	0	0	0	1	0	0	0	5000	5000	0	0	4	6	255	0	0	0	0	0	0	0	0	0	0	0	0	0	0	0	0	0	0	0	0	0	0	0	0	0	0	0	0	0	1	1	1	1	1	1	1	1	99	0	55	5	10	0	0	0	0	0	0	0	0	0	0	0	0	0	0	0	0	0	0	0	0	0	0	0	0	0	0	0	0	0	0	0	0	0	0	0	0	0	0	0	0	0	1	0	0	0	0	0	0	0	0	0	0	0	0	0	0	81	0	0	0	0	0	0	0	0	0	0	0	0	0	0	0	0	0	0	0	0	0	0	0	0	0	0	0	0	0	0	0	0	0	1	
	64278	1	3	골렘_2010크리스마스이벤트	158183	0	0	155590	159183	0	0	74612	39999	0	20020	0	20020	0	Null	0	Null	0	0	0	0	1	0	0	0	5000	5000	0	0	4	6	255	0	0	0	0	0	0	0	0	0	0	0	0	0	0	0	0	0	0	0	0	0	0	0	0	0	0	0	0	0	1	1	1	1	1	1	1	1	99	0	28	1	200	0	0	0	0	0	0	0	0	0	0	0	0	0	0	0	0	0	0	0	0	0	0	0	0	0	0	0	0	0	0	0	0	0	0	0	0	0	0	0	0	0	1	0	0	0	0	0	0	0	0	0	0	0	0	0	0	82	0	0	0	0	0	0	0	0	0	0	0	0	0	0	0	0	0	0	0	0	0	0	0	0	0	0	0	0	0	0	0	0	0	1	
	64279	1	3	미니칼버스_스킨	158460	0	0	155590	159460	0	0	74710	39999	0	20020	0	20020	0	Null	0	Null	0	0	0	0	1	0	0	0	5000	5000	0	0	4	6	255	0	0	0	0	0	0	0	0	0	0	0	0	0	0	0	0	0	0	0	0	0	0	0	0	0	0	0	0	0	1	1	1	1	1	1	1	1	99	0	0	0	0	0	0	0	0	0	0	0	0	0	0	0	0	0	0	0	0	0	0	0	0	0	0	0	0	0	0	0	0	0	0	0	0	0	0	0	0	0	0	0	0	0	1	0	0	0	0	0	0	0	0	0	0	0	0	0	0	83	0	0	0	0	0	0	0	0	0	0	0	0	0	0	0	0	0	0	0	0	0	0	0	0	0	0	0	0	0	0	0	0	0	1	
	64280	1	3	고통스러운칼버스의불완전한영혼_에테리아	158461	0	0	155590	159461	0	0	34137	39999	0	20020	0	20020	0	Null	0	Null	0	0	0	0	1	0	0	0	5000	5000	0	0	4	6	255	0	0	0	0	0	0	0	0	0	0	0	0	0	0	0	0	0	0	0	0	0	0	0	0	0	0	0	0	0	1	1	1	1	1	1	1	1	99	0	1	1	3	0	0	0	0	0	0	0	0	0	0	0	0	0	0	0	0	0	0	0	0	0	0	0	0	0	0	0	0	0	0	0	0	0	0	0	0	0	0	0	0	0	1	0	0	0	0	0	0	0	0	0	0	0	0	0	0	84	0	0	0	0	0	0	0	0	0	0	0	0	0	0	0	0	0	0	0	0	0	0	0	0	0	0	0	0	0	0	0	0	0	1	
	64281	1	3	절망하는칼버스의불완전한영혼_에테리아	158462	0	0	155590	159462	0	0	34137	39999	0	20020	0	20020	0	Null	0	Null	0	0	0	0	1	0	0	0	5000	5000	0	0	4	6	255	0	0	0	0	0	0	0	0	0	0	0	0	0	0	0	0	0	0	0	0	0	0	0	0	0	0	0	0	0	1	1	1	1	1	1	1	1	99	0	1	1	3	0	0	0	0	0	0	0	0	0	0	0	0	0	0	0	0	0	0	0	0	0	0	0	0	0	0	0	0	0	0	0	0	0	0	0	0	0	0	0	0	0	1	0	0	0	0	0	0	0	0	0	0	0	0	0	0	85	0	0	0	0	0	0	0	0	0	0	0	0	0	0	0	0	0	0	0	0	0	0	0	0	0	0	0	0	0	0	0	0	0	1	
	64282	1	3	격노하는칼버스의불완전한영혼_에테리아	158463	0	0	155590	159463	0	0	34137	39999	0	20020	0	20020	0	Null	0	Null	0	0	0	0	1	0	0	0	5000	5000	0	0	4	6	255	0	0	0	0	0	0	0	0	0	0	0	0	0	0	0	0	0	0	0	0	0	0	0	0	0	0	0	0	0	1	1	1	1	1	1	1	1	99	0	1	1	3	0	0	0	0	0	0	0	0	0	0	0	0	0	0	0	0	0	0	0	0	0	0	0	0	0	0	0	0	0	0	0	0	0	0	0	0	0	0	0	0	0	1	0	0	0	0	0	0	0	0	0	0	0	0	0	0	86	0	0	0	0	0	0	0	0	0	0	0	0	0	0	0	0	0	0	0	0	0	0	0	0	0	0	0	0	0	0	0	0	0	1	
	64283	1	3	정화된칼버스의영혼_에테리아	158464	0	0	155590	159464	0	0	34137	39999	0	20020	0	20020	0	Null	0	Null	0	0	0	0	1	0	0	0	5000	5000	0	0	4	6	255	0	0	0	0	0	0	0	0	0	0	0	0	0	0	0	0	0	0	0	0	0	0	0	0	0	0	0	0	0	1	1	1	1	1	1	1	1	99	0	1	1	3	0	0	0	0	0	0	0	0	0	0	0	0	0	0	0	0	0	0	0	0	0	0	0	0	0	0	0	0	0	0	0	0	0	0	0	0	0	0	0	0	0	1	0	0	0	0	0	0	0	0	0	0	0	0	0	0	87	0	0	0	0	0	0	0	0	0	0	0	0	0	0	0	0	0	0	0	0	0	0	0	0	0	0	0	0	0	0	0	0	0	1	
	64284	1	3	아르도르원정대_스케이트_펭귄	158467	0	0	155590	159467	0	0	74619	39999	0	20020	0	20020	0	Null	0	Null	0	0	0	0	1	0	0	0	5000	5000	0	0	4	295	255	0	1	0	0	0	0	0	0	0	0	0	0	0	0	0	0	0	0	0	0	0	0	0	0	0	0	0	0	0	1	1	1	1	1	1	1	1	99	0	45	5	100	0	44	5	100	0	0	0	0	0	0	0	0	0	0	0	0	0	0	0	0	0	0	0	0	0	0	0	0	0	0	0	0	0	0	0	0	0	0	0	0	0	1	0	0	0	0	0	0	0	0	0	0	0	0	0	0	88	0	0	0	0	0	0	0	0	0	0	0	0	0	0	0	0	0	0	0	0	0	0	0	0	0	0	0	0	0	0	0	0	0	1	
	64285	1	3	중국매체용_팬더	155578	0	0	155590	159189	0	0	74618	39999	0	20020	0	20020	0	Null	0	Null	0	0	0	0	1	0	0	0	5000	5000	0	0	4	295	255	0	0	0	0	0	0	0	0	0	0	0	0	0	0	0	0	0	0	0	0	0	0	0	0	0	0	0	0	0	1	1	1	1	1	1	1	1	99	0	44	5	50	0	0	0	0	0	0	0	0	0	0	0	0	0	0	0	0	0	0	0	0	0	0	0	0	0	0	0	0	0	0	0	0	0	0	0	0	0	0	0	0	0	1	0	0	0	0	0	0	0	0	0	0	0	0	0	0	539	0	0	0	0	0	0	0	0	0	0	0	0	0	0	0	0	0	0	0	0	0	0	0	0	0	0	0	0	0	0	0	0	0	1	
	64286	1	3	중국매체용_스케이트팽귄	155579	0	0	155590	159400	0	0	74619	39999	0	20020	0	20020	0	Null	0	Null	0	0	0	0	1	0	0	0	5000	5000	0	0	4	295	255	0	0	0	0	0	0	0	0	0	0	0	0	0	0	0	0	0	0	0	0	0	0	0	0	0	0	0	0	0	1	1	1	1	1	1	1	1	99	0	45	5	100	0	44	5	100	0	0	0	0	0	0	0	0	0	0	0	0	0	0	0	0	0	0	0	0	0	0	0	0	0	0	0	0	0	0	0	0	0	0	0	0	0	1	0	0	0	0	0	0	0	0	0	0	0	0	0	0	540	0	0	0	0	0	0	0	0	0	0	0	0	0	0	0	0	0	0	0	0	0	0	0	0	0	0	0	0	0	0	0	0	0	1	
	64287	1	3	중국매체용_항아리여우	155580	0	0	155590	159437	0	0	74693	39999	0	20020	0	20020	0	Null	0	Null	0	0	0	0	1	0	0	0	5000	5000	0	0	4	295	255	0	0	0	0	0	0	0	0	0	0	0	0	0	0	0	0	0	0	0	0	0	0	0	0	0	0	0	0	0	1	1	1	1	1	1	1	1	99	0	0	0	0	0	0	0	0	0	0	0	0	0	0	0	0	0	0	0	0	0	0	0	0	0	0	0	0	0	0	0	0	0	0	0	0	0	0	0	0	0	0	0	0	0	1	0	0	0	0	0	0	0	0	0	0	0	0	0	0	541	0	0	0	0	0	0	0	0	0	0	0	0	0	0	0	0	0	0	0	0	0	0	0	0	0	0	0	0	0	0	0	0	0	1	
	64288	1	3	중국매체용_위풍당당호랑이_국내(황호)	155581	0	0	155590	159245	0	0	74673	39999	0	20020	0	20020	0	Null	0	Null	0	0	0	0	1	0	0	0	5000	5000	0	0	4	295	255	0	0	0	0	0	0	0	0	0	0	0	0	0	0	0	0	0	0	0	0	0	0	0	0	0	0	0	0	0	1	1	1	1	1	1	1	1	99	0	1	1	5	0	0	0	0	0	0	0	0	0	0	0	0	0	0	0	0	0	0	0	0	0	0	0	0	0	0	0	0	0	0	0	0	0	0	0	0	0	0	0	0	0	1	0	0	0	0	0	0	0	0	0	0	0	0	0	0	542	0	0	0	0	0	0	0	0	0	0	0	0	0	0	0	0	0	0	0	0	0	0	0	0	0	0	0	0	0	0	0	0	0	1	
	64289	1	3	중국매체용_복어	155582	0	0	155590	159192	0	0	74620	39999	0	20020	0	20020	0	Null	0	Null	0	0	0	0	1	0	0	0	5000	5000	0	0	4	295	255	0	0	0	0	0	0	0	0	0	0	0	0	0	0	0	0	0	0	0	0	0	0	0	0	0	0	0	0	0	1	1	1	1	1	1	1	1	99	0	15	2	20	0	0	0	0	0	0	0	0	0	0	0	0	0	0	0	0	0	0	0	0	0	0	0	0	0	0	0	0	0	0	0	0	0	0	0	0	0	0	0	0	0	1	0	0	0	0	0	0	0	0	0	0	0	0	0	0	543	0	0	0	0	0	0	0	0	0	0	0	0	0	0	0	0	0	0	0	0	0	0	0	0	0	0	0	0	0	0	0	0	0	1	
	64290	1	3	중국매체용_고스트	155583	0	0	155590	159182	0	0	74611	39999	0	20020	0	20020	0	Null	0	Null	0	0	0	0	1	0	0	0	5000	5000	0	0	4	295	255	0	0	0	0	0	0	0	0	0	0	0	0	0	0	0	0	0	0	0	0	0	0	0	0	0	0	0	0	0	1	1	1	1	1	1	1	1	99	0	15	2	20	0	0	0	0	0	0	0	0	0	0	0	0	0	0	0	0	0	0	0	0	0	0	0	0	0	0	0	0	0	0	0	0	0	0	0	0	0	0	0	0	0	1	0	0	0	0	0	0	0	0	0	0	0	0	0	0	544	0	0	0	0	0	0	0	0	0	0	0	0	0	0	0	0	0	0	0	0	0	0	0	0	0	0	0	0	0	0	0	0	0	1	
	64291	1	3	중국매체용_검은안개박쥐	155584	0	0	155590	159181	0	0	74610	39999	0	20020	0	20020	0	Null	0	Null	0	0	0	0	1	0	0	0	5000	5000	0	0	4	295	255	0	0	0	0	0	0	0	0	0	0	0	0	0	0	0	0	0	0	0	0	0	0	0	0	0	0	0	0	0	1	1	1	1	1	1	1	1	99	0	37	1	30	0	0	0	0	0	0	0	0	0	0	0	0	0	0	0	0	0	0	0	0	0	0	0	0	0	0	0	0	0	0	0	0	0	0	0	0	0	0	0	0	0	1	0	0	0	0	0	0	0	0	0	0	0	0	0	0	545	0	0	0	0	0	0	0	0	0	0	0	0	0	0	0	0	0	0	0	0	0	0	0	0	0	0	0	0	0	0	0	0	0	1	
	64292	1	3	중국매체용_천하무적호랑이_국내(백호)	155585	0	0	155590	159246	0	0	74674	39999	0	20020	0	20020	0	Null	0	Null	0	0	0	0	1	0	0	0	5000	5000	0	0	4	295	255	0	0	0	0	0	0	0	0	0	0	0	0	0	0	0	0	0	0	0	0	0	0	0	0	0	0	0	0	0	1	1	1	1	1	1	1	1	99	0	1	1	5	0	0	0	0	0	0	0	0	0	0	0	0	0	0	0	0	0	0	0	0	0	0	0	0	0	0	0	0	0	0	0	0	0	0	0	0	0	0	0	0	0	1	0	0	0	0	0	0	0	0	0	0	0	0	0	0	546	0	0	0	0	0	0	0	0	0	0	0	0	0	0	0	0	0	0	0	0	0	0	0	0	0	0	0	0	0	0	0	0	0	1	
	64293	1	3	중국매체용_에텔레인오색나비	155586	0	0	155590	159188	0	0	74617	39999	0	20020	0	20020	0	Null	0	Null	0	0	0	0	1	0	0	0	5000	5000	0	0	4	295	255	0	0	0	0	0	0	0	0	0	0	0	0	0	0	0	0	0	0	0	0	0	0	0	0	0	0	0	0	0	1	1	1	1	1	1	1	1	99	0	29	1	100	0	0	0	0	0	0	0	0	0	0	0	0	0	0	0	0	0	0	0	0	0	0	0	0	0	0	0	0	0	0	0	0	0	0	0	0	0	0	0	0	0	1	0	0	0	0	0	0	0	0	0	0	0	0	0	0	547	0	0	0	0	0	0	0	0	0	0	0	0	0	0	0	0	0	0	0	0	0	0	0	0	0	0	0	0	0	0	0	0	0	1	
	64294	1	3	중국매체용_흰색보름달토끼	155587	0	0	155590	159178	0	0	74629	39999	0	20020	0	20020	0	Null	0	Null	0	0	0	0	1	0	0	0	5000	5000	0	0	4	295	255	0	0	0	0	0	0	0	0	0	0	0	0	0	0	0	0	0	0	0	0	0	0	0	0	0	0	0	0	0	1	1	1	1	1	1	1	1	99	0	52	5	50	0	0	0	0	0	0	0	0	0	0	0	0	0	0	0	0	0	0	0	0	0	0	0	0	0	0	0	0	0	0	0	0	0	0	0	0	0	0	0	0	0	1	0	0	0	0	0	0	0	0	0	0	0	0	0	0	548	0	0	0	0	0	0	0	0	0	0	0	0	0	0	0	0	0	0	0	0	0	0	0	0	0	0	0	0	0	0	0	0	0	1	
	64295	1	3	중국매체용_닥스훈트	155588	0	0	155590	159187	0	0	74616	39999	0	20020	0	20020	0	Null	0	Null	0	0	0	0	1	0	0	0	5000	5000	0	0	4	295	255	0	0	0	0	0	0	0	0	0	0	0	0	0	0	0	0	0	0	0	0	0	0	0	0	0	0	0	0	0	1	1	1	1	1	1	1	1	99	0	49	1	10	0	0	0	0	0	0	0	0	0	0	0	0	0	0	0	0	0	0	0	0	0	0	0	0	0	0	0	0	0	0	0	0	0	0	0	0	0	0	0	0	0	1	0	0	0	0	0	0	0	0	0	0	0	0	0	0	549	0	0	0	0	0	0	0	0	0	0	0	0	0	0	0	0	0	0	0	0	0	0	0	0	0	0	0	0	0	0	0	0	0	1	
//국내신규캐쉬전용펫								#N/A																																																																																																																																																																	
	64296	1	0	골렘1(헬로이드특화)	155645	0	0	155590	159972	0	0	74612	39999	0	20020	0	20020	0	Null	0	Null	0	0	0	0	1	0	0	0	5000	5000	0	0	4	6	255	0	0	0	0	0	0	0	0	0	0	0	0	0	0	0	0	0	0	0	0	0	0	0	0	0	0	0	0	0	1	1	1	1	1	1	1	1	99	0	25	1	10	0	52	5	40	0	26	1	-10	0	0	0	0	0	0	0	0	0	0	0	0	0	0	0	0	0	0	0	0	0	0	0	0	0	0	0	0	0	0	0	0	0	1	0	0	0	0	0	0	0	0	0	0	0	0	0	0	567	0	0	0	0	0	0	0	0	0	0	0	0	0	0	0	0	0	0	0	0	0	0	0	0	0	0	0	0	0	0	0	0	0	1	
	64297	1	0	골렘2(헬로이드특화)	155646	0	0	155590	159972	0	0	74612	39999	0	20020	0	20020	0	Null	0	Null	0	0	0	0	1	0	0	0	5000	5000	0	0	4	6	255	0	0	0	0	0	0	0	0	0	0	0	0	0	0	0	0	0	0	0	0	0	0	0	0	0	0	0	0	0	1	1	1	1	1	1	1	1	99	0	25	1	20	0	52	5	50	0	26	1	-20	0	0	0	0	0	0	0	0	0	0	0	0	0	0	0	0	0	0	0	0	0	0	0	0	0	0	0	0	0	0	0	0	0	1	0	0	0	0	0	0	0	0	0	0	0	0	0	0	568	0	0	0	0	0	0	0	0	0	0	0	0	0	0	0	0	0	0	0	0	0	0	0	0	0	0	0	0	0	0	0	0	0	1	
	64298	1	0	골렘3(헬로이드특화)	155647	0	0	155590	159972	0	0	74612	39999	0	20020	0	20020	0	Null	0	Null	0	0	0	0	1	0	0	0	5000	5000	0	0	4	6	255	0	0	0	0	0	0	0	0	0	0	0	0	0	0	0	0	0	0	0	0	0	0	0	0	0	0	0	0	0	1	1	1	1	1	1	1	1	99	0	25	1	30	0	52	5	60	0	26	1	-30	0	0	0	0	0	0	0	0	0	0	0	0	0	0	0	0	0	0	0	0	0	0	0	0	0	0	0	0	0	0	0	0	0	1	0	0	0	0	0	0	0	0	0	0	0	0	0	0	569	0	0	0	0	0	0	0	0	0	0	0	0	0	0	0	0	0	0	0	0	0	0	0	0	0	0	0	0	0	0	0	0	0	1	
	64299	1	0	아브라하1(PVP딜러특화)	155676	0	0	155590	159973	0	0	74724	39999	0	20020	0	20020	0	Null	0	Null	0	0	0	0	1	0	0	0	5000	5000	0	0	4	6	255	0	0	0	0	0	0	0	0	0	0	0	0	0	0	0	0	0	0	0	0	0	0	0	0	0	0	0	0	0	1	1	1	1	1	1	1	1	99	0	32	1	5	0	1	2	30	0	47	2	-30	0	0	0	0	0	0	0	0	0	0	0	0	0	0	0	0	0	0	0	0	0	0	0	0	0	0	0	0	0	0	0	0	0	1	0	0	0	0	0	0	0	0	0	0	0	0	0	0	570	0	0	0	0	0	0	0	0	0	0	0	0	0	0	0	0	0	0	0	0	0	0	0	0	0	0	0	0	0	0	0	0	0	1	
	64300	1	0	아브라하2(PVP딜러특화)	155677	0	0	155590	159973	0	0	74724	39999	0	20020	0	20020	0	Null	0	Null	0	0	0	0	1	0	0	0	5000	5000	0	0	4	6	255	0	0	0	0	0	0	0	0	0	0	0	0	0	0	0	0	0	0	0	0	0	0	0	0	0	0	0	0	0	1	1	1	1	1	1	1	1	99	0	32	1	7	0	1	2	50	0	47	2	-50	0	0	0	0	0	0	0	0	0	0	0	0	0	0	0	0	0	0	0	0	0	0	0	0	0	0	0	0	0	0	0	0	0	1	0	0	0	0	0	0	0	0	0	0	0	0	0	0	571	0	0	0	0	0	0	0	0	0	0	0	0	0	0	0	0	0	0	0	0	0	0	0	0	0	0	0	0	0	0	0	0	0	1	
	64301	1	0	아브라하3(PVP딜러특화)	155679	0	0	155590	159973	0	0	74724	39999	0	20020	0	20020	0	Null	0	Null	0	0	0	0	1	0	0	0	5000	5000	0	0	4	6	255	0	0	0	0	0	0	0	0	0	0	0	0	0	0	0	0	0	0	0	0	0	0	0	0	0	0	0	0	0	1	1	1	1	1	1	1	1	99	0	32	1	10	0	1	2	70	0	47	2	-70	0	0	0	0	0	0	0	0	0	0	0	0	0	0	0	0	0	0	0	0	0	0	0	0	0	0	0	0	0	0	0	0	0	1	0	0	0	0	0	0	0	0	0	0	0	0	0	0	572	0	0	0	0	0	0	0	0	0	0	0	0	0	0	0	0	0	0	0	0	0	0	0	0	0	0	0	0	0	0	0	0	0	1	
	64302	1	3	사원으로부터의사자	159974	0	0	155590	159975	0	0	5123	39999	0	20020	0	20020	0	Null	0	Null	0	0	0	0	1	0	0	0	5000	5000	0	0	4	6	255	0	0	0	0	0	0	0	0	0	0	0	0	0	0	0	0	0	0	0	0	0	0	0	0	0	0	0	0	0	1	1	1	1	1	1	1	1	99	0	55	5	10	0	0	0	0	0	0	0	0	0	0	0	0	0	0	0	0	0	0	0	0	0	0	0	0	0	0	0	0	0	0	0	0	0	0	0	0	0	0	0	0	0	1	0	0	0	0	0	0	0	0	0	0	0	0	0	0	105	0	0	0	0	0	0	0	0	0	0	0	0	0	0	0	0	0	0	0	0	0	0	0	0	0	0	0	0	0	0	0	0	0	1	
	64303	1	0	펠리칸1	43140	0	0	155590	159976	0	0	74685	39999	0	20020	0	20020	0	Null	0	Null	0	0	0	0	1	0	0	0	5000	5000	0	0	4	6	255	0	0	0	0	0	0	0	0	0	0	0	0	0	0	0	0	0	0	0	0	0	0	0	0	0	0	0	0	0	1	1	1	1	1	1	1	1	99	0	25	1	10	0	31	1	3	0	40	0	-10	0	0	0	0	0	0	0	0	0	0	0	0	0	0	0	0	0	0	0	0	0	0	0	0	0	0	0	0	0	0	0	0	0	1	0	0	0	0	0	0	0	0	0	0	0	0	0	0	574	0	0	0	0	0	0	0	0	0	0	0	0	0	0	0	0	0	0	0	0	0	0	0	0	0	0	0	0	0	0	0	0	0	1	
	64304	1	0	펠리칸2	43141	0	0	155590	159976	0	0	74685	39999	0	20020	0	20020	0	Null	0	Null	0	0	0	0	1	0	0	0	5000	5000	0	0	4	6	255	0	0	0	0	0	0	0	0	0	0	0	0	0	0	0	0	0	0	0	0	0	0	0	0	0	0	0	0	0	1	1	1	1	1	1	1	1	99	0	25	1	20	0	31	1	5	0	40	0	-20	0	0	0	0	0	0	0	0	0	0	0	0	0	0	0	0	0	0	0	0	0	0	0	0	0	0	0	0	0	0	0	0	0	1	0	0	0	0	0	0	0	0	0	0	0	0	0	0	575	0	0	0	0	0	0	0	0	0	0	0	0	0	0	0	0	0	0	0	0	0	0	0	0	0	0	0	0	0	0	0	0	0	1	
	64305	1	0	펠리칸3	43142	0	0	155590	159976	0	0	74685	39999	0	20020	0	20020	0	Null	0	Null	0	0	0	0	1	0	0	0	5000	5000	0	0	4	6	255	0	0	0	0	0	0	0	0	0	0	0	0	0	0	0	0	0	0	0	0	0	0	0	0	0	0	0	0	0	1	1	1	1	1	1	1	1	99	0	25	1	30	0	31	1	7	0	40	0	-30	0	0	0	0	0	0	0	0	0	0	0	0	0	0	0	0	0	0	0	0	0	0	0	0	0	0	0	0	0	0	0	0	0	1	0	0	0	0	0	0	0	0	0	0	0	0	0	0	576	0	0	0	0	0	0	0	0	0	0	0	0	0	0	0	0	0	0	0	0	0	0	0	0	0	0	0	0	0	0	0	0	0	1	
	64306	1	0	회전햄스터1	43143	0	0	155590	159977	0	0	74712	39999	0	20020	0	20020	0	Null	0	Null	0	0	0	0	1	0	0	0	5000	5000	0	0	4	6	255	0	0	0	0	0	0	0	0	0	0	0	0	0	0	0	0	0	0	0	0	0	0	0	0	0	0	0	0	0	1	1	1	1	1	1	1	1	99	0	1	2	30	0	46	1	5	0	49	2	-30	0	0	0	0	0	0	0	0	0	0	0	0	0	0	0	0	0	0	0	0	0	0	0	0	0	0	0	0	0	0	0	0	0	1	0	0	0	0	0	0	0	0	0	0	0	0	0	0	577	0	0	0	0	0	0	0	0	0	0	0	0	0	0	0	0	0	0	0	0	0	0	0	0	0	0	0	0	0	0	0	0	0	1	
	64307	1	0	회전햄스터2	43144	0	0	155590	159977	0	0	74712	39999	0	20020	0	20020	0	Null	0	Null	0	0	0	0	1	0	0	0	5000	5000	0	0	4	6	255	0	0	0	0	0	0	0	0	0	0	0	0	0	0	0	0	0	0	0	0	0	0	0	0	0	0	0	0	0	1	1	1	1	1	1	1	1	99	0	1	2	50	0	46	1	10	0	49	2	-50	0	0	0	0	0	0	0	0	0	0	0	0	0	0	0	0	0	0	0	0	0	0	0	0	0	0	0	0	0	0	0	0	0	1	0	0	0	0	0	0	0	0	0	0	0	0	0	0	578	0	0	0	0	0	0	0	0	0	0	0	0	0	0	0	0	0	0	0	0	0	0	0	0	0	0	0	0	0	0	0	0	0	1	
	64308	1	0	회전햄스터3	43145	0	0	155590	159977	0	0	74712	39999	0	20020	0	20020	0	Null	0	Null	0	0	0	0	1	0	0	0	5000	5000	0	0	4	6	255	0	0	0	0	0	0	0	0	0	0	0	0	0	0	0	0	0	0	0	0	0	0	0	0	0	0	0	0	0	1	1	1	1	1	1	1	1	99	0	1	2	70	0	46	1	15	0	49	2	-70	0	0	0	0	0	0	0	0	0	0	0	0	0	0	0	0	0	0	0	0	0	0	0	0	0	0	0	0	0	0	0	0	0	1	0	0	0	0	0	0	0	0	0	0	0	0	0	0	579	0	0	0	0	0	0	0	0	0	0	0	0	0	0	0	0	0	0	0	0	0	0	0	0	0	0	0	0	0	0	0	0	0	1	
//	[ID64351~64500]_중국스킨기간제							#N/A																								0																																																																																																																																									
	64351	1	1	버서커_하트무기_양손도끼	45553	0	0	30001	46552	7086	7086	25323	39999	0	1	0	1	0	Null	0	Null	0	0	0	0	1	100	15000	1	600	600	0	0	1	4	255	0	0	0	0	0	0	0	0	0	0	0	1	2	0.8 	105.0 	0	0	1	1	3	1.5	0	0	0	0	0	0	0	0	1	0	0	0	0	0	0	0	0	0	0	0	0	0	0	0	0	0	0	0	0	0	0	0	0	1	41	1	3	0	0	0	0	0	0	0	0	0	0	0	0	0	0	0	0	0	0	0	0	0	0	0	0	0	1	0	0	0	0	0	0	0	0	0	0	0	0	0	0	0	0	0	0	0	0	0	0	0	0	0	0	0	0	0	0	0	0	0	0	0	0	0	0	0	0	0	0	0	0	0	0	0	0	0	
	64352	1	1	버서커_하트무기_양손검	45553	0	0	30002	46552	7087	7087	25323	39999	0	2	0	2	0	Null	0	Null	0	0	0	0	1	100	15000	1	600	600	0	0	1	4	255	0	0	0	0	0	0	0	0	0	0	0	1	2	0.8 	115.0 	0	0	1	1	1	1.8	0	0	0	0	0	0	0	0	1	0	0	0	0	0	0	0	0	0	0	0	0	0	0	0	0	0	0	0	0	0	0	0	0	1	41	1	5	0	0	0	0	0	0	0	0	0	0	0	0	0	0	0	0	0	0	0	0	0	0	0	0	0	1	0	0	0	0	0	0	0	0	0	0	0	0	0	0	0	0	0	0	0	0	0	0	0	0	0	0	0	0	0	0	0	0	0	0	0	0	0	0	0	0	0	0	0	0	0	0	0	0	0	
	64353	1	1	드래곤_하트무기_한손검	45553	0	0	30003	46552	7088	7088	25324	39999	0	3	0	3	0	Null	0	Null	0	0	0	0	1	100	15000	1	600	600	0	0	1	4	255	0	0	0	0	0	0	0	0	0	0	0	1	2	0.8 	135.0 	0	0	1	1	1	1	0	0	0	0	0	0	0	0	0	1	0	0	0	0	0	0	0	0	0	0	0	0	0	0	0	0	0	0	0	0	0	0	0	1	41	1	2	0	0	0	0	0	0	0	0	0	0	0	0	0	0	0	0	0	0	0	0	0	0	0	0	0	1	0	0	0	0	0	0	0	0	0	0	0	0	0	0	0	0	0	0	0	0	0	0	0	0	0	0	0	0	0	0	0	0	0	0	0	0	0	0	0	0	0	0	0	0	0	0	0	0	0	
	64354	1	1	드래곤_하트무기_창	45553	0	0	30004	46552	7089	7089	25323	39999	0	4	0	4	0	Null	0	Null	0	0	0	0	1	100	15000	1	600	600	0	0	1	4	255	0	0	0	0	0	0	0	0	0	0	0	1	2	0.8 	120.0 	0	0	1	1	1	2.5	0	0	0	0	0	0	0	0	0	1	0	0	0	0	0	0	0	0	0	0	0	0	0	0	0	0	0	0	0	0	0	0	0	1	41	1	4	0	0	0	0	0	0	0	0	0	0	0	0	0	0	0	0	0	0	0	0	0	0	0	0	0	1	0	0	0	0	0	0	0	0	0	0	0	0	0	0	0	0	0	0	0	0	0	0	0	0	0	0	0	0	0	0	0	0	0	0	0	0	0	0	0	0	0	0	0	0	0	0	0	0	0	
	64355	1	1	섀도우_하트무기_대거	45553	0	0	30005	46552	7090	7090	25324	39999	0	5	0	5	0	Null	0	Null	0	0	0	0	1	100	15000	1	600	600	0	0	1	4	255	0	0	0	0	0	0	0	0	0	0	0	1	2	0.8 	140.0 	0	0	1	1	1	2.5	0	0	0	0	0	0	0	0	0	0	1	0	0	0	0	0	0	0	0	0	0	0	0	0	0	0	0	0	0	0	0	0	0	1	41	1	2	0	0	0	0	0	0	0	0	0	0	0	0	0	0	0	0	0	0	0	0	0	0	0	0	0	1	0	0	0	0	0	0	0	0	0	0	0	0	0	0	0	0	0	0	0	0	0	0	0	0	0	0	0	0	0	0	0	0	0	0	0	0	0	0	0	0	0	0	0	0	0	0	0	0	0	
	64356	1	1	섀도우_하트무기_채찍	45553	0	0	30006	46552	7091	7091	25323	39999	0	6	0	6	0	Null	0	Null	0	0	0	0	1	100	15000	1	600	600	0	0	1	4	255	0	0	0	0	0	0	0	0	0	0	0	1	2	0.8 	125.0 	0	0	1	1	1	3.5	0	0	0	0	0	0	0	0	0	0	1	0	0	0	0	0	0	0	0	0	0	0	0	0	0	0	0	0	0	0	0	0	0	1	41	1	3	0	0	0	0	0	0	0	0	0	0	0	0	0	0	0	0	0	0	0	0	0	0	0	0	0	1	0	0	0	0	0	0	0	0	0	0	0	0	0	0	0	0	0	0	0	0	0	0	0	0	0	0	0	0	0	0	0	0	0	0	0	0	0	0	0	0	0	0	0	0	0	0	0	0	0	
	64357	1	1	발키리_하트무기_한손석궁	45553	0	0	30007	46552	7092	7092	25324	39999	0	7	0	7	0	Null	0	Null	0	0	0	0	1	100	15000	1	600	600	0	0	1	4	255	0	0	0	0	0	0	0	0	0	0	0	1	2	0.8 	150.0 	0	0	2	2	2	19	0	0	0	0	0	0	0	0	0	0	0	1	0	0	0	0	0	0	0	0	0	0	0	0	0	0	0	0	0	0	0	0	0	1	41	1	2	0	0	0	0	0	0	0	0	0	0	0	0	0	0	0	0	0	0	0	0	0	0	0	0	0	1	0	0	0	0	0	0	0	0	0	0	0	0	0	0	0	0	0	0	0	0	0	0	0	0	0	0	0	0	0	0	0	0	0	0	0	0	0	0	0	0	0	0	0	0	0	0	0	0	0	
	64358	1	1	발키리_하트무기_에테르웨폰	45553	0	0	30008	46552	7093	7093	25323	39999	0	8	0	8	0	Null	0	Null	0	0	0	0	1	100	15000	1	600	600	0	0	1	4	255	0	0	0	0	0	0	0	0	0	0	0	1	2	0.8 	105.0 	0	0	2	2	2	16	0	0	0	0	0	0	0	0	0	0	0	1	0	0	0	0	0	0	0	0	0	0	0	0	0	0	0	0	0	0	0	0	0	1	41	1	3	0	0	0	0	0	0	0	0	0	0	0	0	0	0	0	0	0	0	0	0	0	0	0	0	0	1	0	0	0	0	0	0	0	0	0	0	0	0	0	0	0	0	0	0	0	0	0	0	0	0	0	0	0	0	0	0	0	0	0	0	0	0	0	0	0	0	0	0	0	0	0	0	0	0	0	
	64359	1	1	엘리_하트무기_지팡이	45553	0	0	30009	46552	7094	7094	25323	39999	0	10	0	10	0	Null	0	Null	0	0	0	0	1	100	15000	1	600	600	0	0	1	4	255	0	0	0	0	0	0	0	0	0	0	0	1	2	0.8 	95.0 	0	0	1	1	4	2.5	0	1	2	0	0	0	0	0	0	0	0	0	1	0	0	0	0	0	0	0	0	0	0	0	0	0	0	0	0	0	0	0	0	1	41	1	1	0	0	0	0	0	0	0	0	0	0	0	0	0	0	0	0	0	0	0	0	0	0	0	0	0	1	0	0	0	0	0	0	0	0	0	0	0	0	0	0	0	0	0	0	0	0	0	0	0	0	0	0	0	0	0	0	0	0	0	0	0	0	0	0	0	0	0	0	0	0	0	0	0	0	0	
	64360	1	1	엘리_하트무기_오브	45553	0	0	30010	46552	7095	7095	25323	39999	0	11	0	11	0	Null	0	Null	0	0	0	0	1	100	15000	1	600	600	0	0	1	4	255	0	0	0	0	0	0	0	0	0	0	0	1	2	0.8 	100.0 	0	0	2	2	4	13	0	1	2	0	0	0	0	0	0	0	0	0	1	0	0	0	0	1	34	1	-5	0	0	0	0	0	0	0	0	0	0	0	0	1	41	1	1	0	0	0	0	0	0	0	0	0	0	0	0	0	0	0	0	0	0	0	0	0	0	0	0	0	1	0	0	0	0	0	0	0	0	0	0	0	0	0	0	0	0	0	0	0	0	0	0	0	0	0	0	0	0	0	0	0	0	0	0	0	0	0	0	0	0	0	0	0	0	0	0	0	0	0	
//	[ID64501~64506]_북미럭셔리복권							#N/A																								0																																																																																																																																									
//	64501	1	0	북미럭셔리복권_버서커	158330	1	69DDA0	42024	159330	0	0	34076	39999	0	20029	0	911	0	Null	0	Null	0	0	0	0	1	0	0	0	0	0	0	0	2	359	255	0	0	0	0	0	0	0	0	0	0	0	0	0	0	0	0	0	0	0	0	0	0	0	0	0	0	0	0	0	1	1	1	1	1	1	1	1	99	0	0	0	0	0	0	0	0	0	0	0	0	0	0	0	0	0	0	0	0	0	0	0	0	0	0	0	0	0	0	0	0	0	0	0	0	0	0	0	0	0	0	0	0	0	1	0	0	0	0	0	0	0	0	0	0	0	0	0	100	0	0	0	0	0	0	0	0	0	0	0	0	0	0	0	0	0	0	0	0	0	0	0	0	0	0	0	0	0	0	0	0	0	0	1
//	64502	1	0	북미럭셔리복권_드래곤나이트	158331	1	69DDA0	42024	159330	0	0	34076	39999	0	20029	0	911	0	Null	0	Null	0	0	0	0	1	0	0	0	0	0	0	0	2	359	255	0	0	0	0	0	0	0	0	0	0	0	0	0	0	0	0	0	0	0	0	0	0	0	0	0	0	0	0	0	1	1	1	1	1	1	1	1	99	0	0	0	0	0	0	0	0	0	0	0	0	0	0	0	0	0	0	0	0	0	0	0	0	0	0	0	0	0	0	0	0	0	0	0	0	0	0	0	0	0	0	0	0	0	1	0	0	0	0	0	0	0	0	0	0	0	0	0	101	0	0	0	0	0	0	0	0	0	0	0	0	0	0	0	0	0	0	0	0	0	0	0	0	0	0	0	0	0	0	0	0	0	0	1
//	64503	1	0	북미럭셔리복권_발키리	158332	1	69DDA0	42024	159330	0	0	34076	39999	0	20029	0	911	0	Null	0	Null	0	0	0	0	1	0	0	0	0	0	0	0	2	359	255	0	0	0	0	0	0	0	0	0	0	0	0	0	0	0	0	0	0	0	0	0	0	0	0	0	0	0	0	0	1	1	1	1	1	1	1	1	99	0	0	0	0	0	0	0	0	0	0	0	0	0	0	0	0	0	0	0	0	0	0	0	0	0	0	0	0	0	0	0	0	0	0	0	0	0	0	0	0	0	0	0	0	0	1	0	0	0	0	0	0	0	0	0	0	0	0	0	102	0	0	0	0	0	0	0	0	0	0	0	0	0	0	0	0	0	0	0	0	0	0	0	0	0	0	0	0	0	0	0	0	0	0	1
//	64504	1	0	북미럭셔리복권_엘리멘탈리스트	158333	1	69DDA0	42024	159330	0	0	34076	39999	0	20029	0	911	0	Null	0	Null	0	0	0	0	1	0	0	0	0	0	0	0	2	359	255	0	0	0	0	0	0	0	0	0	0	0	0	0	0	0	0	0	0	0	0	0	0	0	0	0	0	0	0	0	1	1	1	1	1	1	1	1	99	0	0	0	0	0	0	0	0	0	0	0	0	0	0	0	0	0	0	0	0	0	0	0	0	0	0	0	0	0	0	0	0	0	0	0	0	0	0	0	0	0	0	0	0	0	1	0	0	0	0	0	0	0	0	0	0	0	0	0	103	0	0	0	0	0	0	0	0	0	0	0	0	0	0	0	0	0	0	0	0	0	0	0	0	0	0	0	0	0	0	0	0	0	0	1
//	64505	1	0	북미럭셔리복권_섀도우	158333	1	69DDA0	42024	159330	0	0	34076	39999	0	20029	0	911	0	Null	0	Null	0	0	0	0	1	0	0	0	0	0	0	0	2	359	255	0	0	0	0	0	0	0	0	0	0	0	0	0	0	0	0	0	0	0	0	0	0	0	0	0	0	0	0	0	1	1	1	1	1	1	1	1	99	0	0	0	0	0	0	0	0	0	0	0	0	0	0	0	0	0	0	0	0	0	0	0	0	0	0	0	0	0	0	0	0	0	0	0	0	0	0	0	0	0	0	0	0	0	1	0	0	0	0	0	0	0	0	0	0	0	0	0	103	0	0	0	0	0	0	0	0	0	0	0	0	0	0	0	0	0	0	0	0	0	0	0	0	0	0	0	0	0	0	0	0	0	0	1
//	64506	1	0	북미복권_섀도우	158333	1	69DDA0	42024	159330	0	0	34076	39999	0	20029	0	911	0	Null	0	Null	0	0	0	0	1	0	0	0	0	0	0	0	2	359	255	0	0	0	0	0	0	0	0	0	0	0	0	0	0	0	0	0	0	0	0	0	0	0	0	0	0	0	0	0	1	1	1	1	1	1	1	1	99	0	0	0	0	0	0	0	0	0	0	0	0	0	0	0	0	0	0	0	0	0	0	0	0	0	0	0	0	0	0	0	0	0	0	0	0	0	0	0	0	0	0	0	0	0	1	0	0	0	0	0	0	0	0	0	0	0	0	0	103	0	0	0	0	0	0	0	0	0	0	0	0	0	0	0	0	0	0	0	0	0	0	0	0	0	0	0	0	0	0	0	0	0	0	1
//	64507	1	0	글로벌EX복권_버서커	158556	1	69DDA0	42024	159330	0	0	34139	39999	0	20029	0	911	0	Null	0	Null	0	0	0	0	1	0	0	0	0	0	0	0	2	359	255	0	0	0	0	0	0	0	0	0	0	0	0	0	0	0	0	0	0	0	0	0	0	0	0	0	0	0	0	0	1	1	1	1	1	1	1	1	99	0	0	0	0	0	0	0	0	0	0	0	0	0	0	0	0	0	0	0	0	0	0	0	0	0	0	0	0	0	0	0	0	0	0	0	0	0	0	0	0	0	0	0	0	0	1	0	0	0	0	0	0	0	0	0	0	0	0	0	390	0	0	0	0	0	0	0	0	0	0	0	0	0	0	0	0	0	0	0	0	0	0	0	0	0	0	0	0	0	0	0	0	0	0	1
//	64508	1	0	글로벌EX복권_드래곤나이트	158557	1	69DDA0	42024	159330	0	0	34140	39999	0	20029	0	911	0	Null	0	Null	0	0	0	0	1	0	0	0	0	0	0	0	2	359	255	0	0	0	0	0	0	0	0	0	0	0	0	0	0	0	0	0	0	0	0	0	0	0	0	0	0	0	0	0	1	1	1	1	1	1	1	1	99	0	0	0	0	0	0	0	0	0	0	0	0	0	0	0	0	0	0	0	0	0	0	0	0	0	0	0	0	0	0	0	0	0	0	0	0	0	0	0	0	0	0	0	0	0	1	0	0	0	0	0	0	0	0	0	0	0	0	0	391	0	0	0	0	0	0	0	0	0	0	0	0	0	0	0	0	0	0	0	0	0	0	0	0	0	0	0	0	0	0	0	0	0	0	1
//	64509	1	0	글로벌EX복권_발키리	158558	1	69DDA0	42024	159330	0	0	34142	39999	0	20029	0	911	0	Null	0	Null	0	0	0	0	1	0	0	0	0	0	0	0	2	359	255	0	0	0	0	0	0	0	0	0	0	0	0	0	0	0	0	0	0	0	0	0	0	0	0	0	0	0	0	0	1	1	1	1	1	1	1	1	99	0	0	0	0	0	0	0	0	0	0	0	0	0	0	0	0	0	0	0	0	0	0	0	0	0	0	0	0	0	0	0	0	0	0	0	0	0	0	0	0	0	0	0	0	0	1	0	0	0	0	0	0	0	0	0	0	0	0	0	392	0	0	0	0	0	0	0	0	0	0	0	0	0	0	0	0	0	0	0	0	0	0	0	0	0	0	0	0	0	0	0	0	0	0	1
//	64510	1	0	글로벌EX복권_엘리멘탈리스트	158559	1	69DDA0	42024	159330	0	0	34143	39999	0	20029	0	911	0	Null	0	Null	0	0	0	0	1	0	0	0	0	0	0	0	2	359	255	0	0	0	0	0	0	0	0	0	0	0	0	0	0	0	0	0	0	0	0	0	0	0	0	0	0	0	0	0	1	1	1	1	1	1	1	1	99	0	0	0	0	0	0	0	0	0	0	0	0	0	0	0	0	0	0	0	0	0	0	0	0	0	0	0	0	0	0	0	0	0	0	0	0	0	0	0	0	0	0	0	0	0	1	0	0	0	0	0	0	0	0	0	0	0	0	0	393	0	0	0	0	0	0	0	0	0	0	0	0	0	0	0	0	0	0	0	0	0	0	0	0	0	0	0	0	0	0	0	0	0	0	1
//	64511	1	0	글로벌EX복권_섀도우	158560	1	69DDA0	42024	159330	0	0	34141	39999	0	20029	0	911	0	Null	0	Null	0	0	0	0	1	0	0	0	0	0	0	0	2	359	255	0	0	0	0	0	0	0	0	0	0	0	0	0	0	0	0	0	0	0	0	0	0	0	0	0	0	0	0	0	1	1	1	1	1	1	1	1	99	0	0	0	0	0	0	0	0	0	0	0	0	0	0	0	0	0	0	0	0	0	0	0	0	0	0	0	0	0	0	0	0	0	0	0	0	0	0	0	0	0	0	0	0	0	1	0	0	0	0	0	0	0	0	0	0	0	0	0	394	0	0	0	0	0	0	0	0	0	0	0	0	0	0	0	0	0	0	0	0	0	0	0	0	0	0	0	0	0	0	0	0	0	0	1
//	[ID64520~64600]_러시아복권구역							#N/A																								0																																																																																																																																									
//	64520	1	0	러시아일반복권1	158690	1	69DDA0	42024	48309	0	0	34076	39999	0	20029	0	911	0	Null	0	Null	0	0	0	0	1	0	0	0	0	0	0	0	2	63	255	0	0	0	0	0	0	0	0	0	0	0	0	0	0	0	0	0	0	0	0	0	0	0	0	0	0	0	0	0	1	1	1	1	1	1	1	1	99	0	0	0	0	0	0	0	0	0	0	0	0	0	0	0	0	0	0	0	0	0	0	0	0	0	0	0	0	0	0	0	0	0	0	0	0	0	0	0	0	0	0	0	0	0	1	0	0	0	0	0	0	0	0	0	0	0	0	0	509	0	0	0	0	0	0	0	0	0	0	0	0	0	0	0	0	0	0	0	0	0	0	0	0	0	0	0	0	0	0	0	0	0	0	1
//	64521	1	0	러시아일반복권2	158690	1	69DDA0	42024	48309	0	0	34076	39999	0	20029	0	911	0	Null	0	Null	0	0	0	0	1	0	0	0	0	0	0	0	2	63	255	0	0	0	0	0	0	0	0	0	0	0	0	0	0	0	0	0	0	0	0	0	0	0	0	0	0	0	0	0	1	1	1	1	1	1	1	1	99	0	0	0	0	0	0	0	0	0	0	0	0	0	0	0	0	0	0	0	0	0	0	0	0	0	0	0	0	0	0	0	0	0	0	0	0	0	0	0	0	0	0	0	0	0	1	0	0	0	0	0	0	0	0	0	0	0	0	0	510	0	0	0	0	0	0	0	0	0	0	0	0	0	0	0	0	0	0	0	0	0	0	0	0	0	0	0	0	0	0	0	0	0	0	1
//	64522	1	0	러시아일반복권3	158690	1	69DDA0	42024	48309	0	0	34076	39999	0	20029	0	911	0	Null	0	Null	0	0	0	0	1	0	0	0	0	0	0	0	2	63	255	0	0	0	0	0	0	0	0	0	0	0	0	0	0	0	0	0	0	0	0	0	0	0	0	0	0	0	0	0	1	1	1	1	1	1	1	1	99	0	0	0	0	0	0	0	0	0	0	0	0	0	0	0	0	0	0	0	0	0	0	0	0	0	0	0	0	0	0	0	0	0	0	0	0	0	0	0	0	0	0	0	0	0	1	0	0	0	0	0	0	0	0	0	0	0	0	0	511	0	0	0	0	0	0	0	0	0	0	0	0	0	0	0	0	0	0	0	0	0	0	0	0	0	0	0	0	0	0	0	0	0	0	1
//	64523	1	0	러시아일반복권4	158690	1	69DDA0	42024	48309	0	0	34076	39999	0	20029	0	911	0	Null	0	Null	0	0	0	0	1	0	0	0	0	0	0	0	2	63	255	0	0	0	0	0	0	0	0	0	0	0	0	0	0	0	0	0	0	0	0	0	0	0	0	0	0	0	0	0	1	1	1	1	1	1	1	1	99	0	0	0	0	0	0	0	0	0	0	0	0	0	0	0	0	0	0	0	0	0	0	0	0	0	0	0	0	0	0	0	0	0	0	0	0	0	0	0	0	0	0	0	0	0	1	0	0	0	0	0	0	0	0	0	0	0	0	0	512	0	0	0	0	0	0	0	0	0	0	0	0	0	0	0	0	0	0	0	0	0	0	0	0	0	0	0	0	0	0	0	0	0	0	1
//	64524	1	0	러시아일반복권5	158690	1	69DDA0	42024	48309	0	0	34076	39999	0	20029	0	911	0	Null	0	Null	0	0	0	0	1	0	0	0	0	0	0	0	2	63	255	0	0	0	0	0	0	0	0	0	0	0	0	0	0	0	0	0	0	0	0	0	0	0	0	0	0	0	0	0	1	1	1	1	1	1	1	1	99	0	0	0	0	0	0	0	0	0	0	0	0	0	0	0	0	0	0	0	0	0	0	0	0	0	0	0	0	0	0	0	0	0	0	0	0	0	0	0	0	0	0	0	0	0	1	0	0	0	0	0	0	0	0	0	0	0	0	0	513	0	0	0	0	0	0	0	0	0	0	0	0	0	0	0	0	0	0	0	0	0	0	0	0	0	0	0	0	0	0	0	0	0	0	1
//	64525	1	0	러시아일반복권6	158690	1	69DDA0	42024	48309	0	0	34076	39999	0	20029	0	911	0	Null	0	Null	0	0	0	0	1	0	0	0	0	0	0	0	2	63	255	0	0	0	0	0	0	0	0	0	0	0	0	0	0	0	0	0	0	0	0	0	0	0	0	0	0	0	0	0	1	1	1	1	1	1	1	1	99	0	0	0	0	0	0	0	0	0	0	0	0	0	0	0	0	0	0	0	0	0	0	0	0	0	0	0	0	0	0	0	0	0	0	0	0	0	0	0	0	0	0	0	0	0	1	0	0	0	0	0	0	0	0	0	0	0	0	0	514	0	0	0	0	0	0	0	0	0	0	0	0	0	0	0	0	0	0	0	0	0	0	0	0	0	0	0	0	0	0	0	0	0	0	1
//	64526	1	0	러시아일반복권7	158690	1	69DDA0	42024	48309	0	0	34076	39999	0	20029	0	911	0	Null	0	Null	0	0	0	0	1	0	0	0	0	0	0	0	2	63	255	0	0	0	0	0	0	0	0	0	0	0	0	0	0	0	0	0	0	0	0	0	0	0	0	0	0	0	0	0	1	1	1	1	1	1	1	1	99	0	0	0	0	0	0	0	0	0	0	0	0	0	0	0	0	0	0	0	0	0	0	0	0	0	0	0	0	0	0	0	0	0	0	0	0	0	0	0	0	0	0	0	0	0	1	0	0	0	0	0	0	0	0	0	0	0	0	0	515	0	0	0	0	0	0	0	0	0	0	0	0	0	0	0	0	0	0	0	0	0	0	0	0	0	0	0	0	0	0	0	0	0	0	1
//	64527	1	0	러시아일반복권8	158690	1	69DDA1	42024	48309	0	0	34076	39999	0	20029	0	911	0	Null	0	Null	0	0	0	0	1	0	0	0	0	0	0	0	2	63	255	0	0	0	0	0	0	0	0	0	0	0	0	0	0	0	0	0	0	0	0	0	0	0	0	0	0	0	0	0	1	1	1	1	1	1	1	1	99	0	0	0	0	0	0	0	0	0	0	0	0	0	0	0	0	0	0	0	0	0	0	0	0	0	0	0	0	0	0	0	0	0	0	0	0	0	0	0	0	0	0	0	0	0	1	0	0	0	0	0	0	0	0	0	0	0	0	0	516	0	0	0	0	0	0	0	0	0	0	0	0	0	0	0	0	0	0	0	0	0	0	0	0	0	0	0	0	0	0	0	0	0	0	1
//	64528	1	0	러시아엘리트복권1차_장갑	158690	1	69DDA1	42024	48309	0	0	34076	39999	0	20029	0	911	0	Null	0	Null	0	0	0	0	1	0	0	0	0	0	0	0	2	63	255	0	0	0	0	0	0	0	0	0	0	0	0	0	0	0	0	0	0	0	0	0	0	0	0	0	0	0	0	0	1	1	1	1	1	1	1	1	99	0	0	0	0	0	0	0	0	0	0	0	0	0	0	0	0	0	0	0	0	0	0	0	0	0	0	0	0	0	0	0	0	0	0	0	0	0	0	0	0	0	0	0	0	0	1	0	0	0	0	0	0	0	0	0	0	0	0	0	524	0	0	0	0	0	0	0	0	0	0	0	0	0	0	0	0	0	0	0	0	0	0	0	0	0	0	0	0	0	0	0	0	0	0	1
//	64529	1	0	8월프리미엄가챠	158975	1	69DDA1	42024	158980	0	0	25357	39999	0	20029	0	911	0	Null	0	Null	0	0	0	0	1	0	0	0	0	0	0	0	2	63	255	0	0	0	0	0	0	0	0	0	0	0	0	0	0	0	0	0	0	0	0	0	0	0	0	0	0	0	0	0	1	1	1	1	1	1	1	1	99	0	0	0	0	0	0	0	0	0	0	0	0	0	0	0	0	0	0	0	0	0	0	0	0	0	0	0	0	0	0	0	0	0	0	0	0	0	0	0	0	0	0	0	0	0	1	0	0	0	0	0	0	0	0	0	0	0	0	0	1505	0	0	0	0	0	0	0	0	0	0	0	0	0	0	0	0	0	0	0	0	0	0	0	0	0	0	0	0	0	0	0	0	0	0	1
//	64530	1	0	1302프리미엄가챠2	159969	1	69DDA1	42024	158980	0	0	25356	39999	0	20029	0	911	0	Null	0	Null	0	0	0	0	1	0	0	0	0	0	0	0	2	63	255	0	0	0	0	0	0	0	0	0	0	0	0	0	0	0	0	0	0	0	0	0	0	0	0	0	0	0	0	0	1	1	1	1	1	1	1	1	99	0	0	0	0	0	0	0	0	0	0	0	0	0	0	0	0	0	0	0	0	0	0	0	0	0	0	0	0	0	0	0	0	0	0	0	0	0	0	0	0	0	0	0	0	0	1	0	0	0	0	0	0	0	0	0	0	0	0	0	1602	0	0	0	0	0	0	0	0	0	0	0	0	0	0	0	0	0	0	0	0	0	0	0	0	0	0	0	0	0	0	0	0	0	0	1
//	64531	1	0	1302프리미엄가챠3	159970	1	69DDA1	42024	158980	0	0	25358	39999	0	20029	0	911	0	Null	0	Null	0	0	0	0	1	0	0	0	0	0	0	0	2	63	255	0	0	0	0	0	0	0	0	0	0	0	0	0	0	0	0	0	0	0	0	0	0	0	0	0	0	0	0	0	1	1	1	1	1	1	1	1	99	0	0	0	0	0	0	0	0	0	0	0	0	0	0	0	0	0	0	0	0	0	0	0	0	0	0	0	0	0	0	0	0	0	0	0	0	0	0	0	0	0	0	0	0	0	1	0	0	0	0	0	0	0	0	0	0	0	0	0	1603	0	0	0	0	0	0	0	0	0	0	0	0	0	0	0	0	0	0	0	0	0	0	0	0	0	0	0	0	0	0	0	0	0	0	1
//	64532	1	0	1302프리미엄가챠4	159971	1	69DDA1	42024	158980	0	0	25359	39999	0	20029	0	911	0	Null	0	Null	0	0	0	0	1	0	0	0	0	0	0	0	2	63	255	0	0	0	0	0	0	0	0	0	0	0	0	0	0	0	0	0	0	0	0	0	0	0	0	0	0	0	0	0	1	1	1	1	1	1	1	1	99	0	0	0	0	0	0	0	0	0	0	0	0	0	0	0	0	0	0	0	0	0	0	0	0	0	0	0	0	0	0	0	0	0	0	0	0	0	0	0	0	0	0	0	0	0	1	0	0	0	0	0	0	0	0	0	0	0	0	0	1604	0	0	0	0	0	0	0	0	0	0	0	0	0	0	0	0	0	0	0	0	0	0	0	0	0	0	0	0	0	0	0	0	0	0	1
//	[ID64601~64800]_중국기간제탈것							#N/A																																																																																																																																																																	
	64601	1	9	에텔레인군마	158304	0	0	12075	159304	0	0	74639	39999	0	20040	0	20040	0	Null	0	Null	0	0	0	0	1	0	0	0	50000000	50000000	0	0	4	6	255	0	0	0	0	0	0	0	0	0	0	0	0	0	0	0	0	0	0	0	0	0	0	0	0	0	0	0	1	0	1	1	1	1	1	1	1	1	99	0	0	0	0	0	0	0	0	0	0	0	0	0	0	0	0	0	0	0	0	0	0	0	0	0	0	0	0	0	0	0	0	0	0	0	0	0	0	0	0	0	0	0	0	0	1	0	0	0	0	0	0	0	0	0	0	0	0	0	0	1	0	0	0	0	0	0	0	0	0	0	0	0	0	0	0	0	0	0	0	0	0	0	0	0	0	0	0	0	0	0	0	0	0	1	
	64602	1	9	큰발표범	158305	0	0	12075	159305	0	0	74640	39999	0	20040	0	20040	0	Null	0	Null	0	0	0	0	1	0	0	0	50000000	50000000	0	0	4	6	255	0	0	0	0	0	0	0	0	0	0	0	0	0	0	0	0	0	0	0	0	0	0	0	0	0	0	0	2	0	1	1	1	1	1	1	1	1	99	0	0	0	0	0	0	0	0	0	0	0	0	0	0	0	0	0	0	0	0	0	0	0	0	0	0	0	0	0	0	0	0	0	0	0	0	0	0	0	0	0	0	0	0	0	1	0	0	0	0	0	0	0	0	0	0	0	0	0	0	2	0	0	0	0	0	0	0	0	0	0	0	0	0	0	0	0	0	0	0	0	0	0	0	0	0	0	0	0	0	0	0	0	0	1	
	64603	1	9	오크피그	158306	0	0	12075	159306	0	0	74641	39999	0	20040	0	20040	0	Null	0	Null	0	0	0	0	1	0	0	0	50000000	50000000	0	0	4	6	255	0	0	0	0	0	0	0	0	0	0	0	0	0	0	0	0	0	0	0	0	0	0	0	0	0	0	0	3	0	1	1	1	1	1	1	1	1	99	0	0	0	0	0	0	0	0	0	0	0	0	0	0	0	0	0	0	0	0	0	0	0	0	0	0	0	0	0	0	0	0	0	0	0	0	0	0	0	0	0	0	0	0	0	1	0	0	0	0	0	0	0	0	0	0	0	0	0	0	3	0	0	0	0	0	0	0	0	0	0	0	0	0	0	0	0	0	0	0	0	0	0	0	0	0	0	0	0	0	0	0	0	0	1	
	64604	1	9	에텔레인군마_흰색	158369	0	0	12075	159304	0	0	74670	39999	0	20040	0	20040	0	Null	0	Null	0	0	0	0	1	0	0	0	50000000	50000000	0	0	4	6	255	0	0	0	0	0	0	0	0	0	0	0	0	0	0	0	0	0	0	0	0	0	0	0	0	0	0	0	1	0	1	1	1	1	1	1	1	1	99	0	0	0	0	0	0	0	0	0	0	0	0	0	0	0	0	0	0	0	0	0	0	0	0	0	0	0	0	0	0	0	0	0	0	0	0	0	0	0	0	0	0	0	0	0	1	0	0	0	0	0	0	0	0	0	0	0	0	0	0	4	0	0	0	0	0	0	0	0	0	0	0	0	0	0	0	0	0	0	0	0	0	0	0	0	0	0	0	0	0	0	0	0	0	1	
	64605	1	9	큰발표범_검은색	158373	0	0	12075	159305	0	0	74668	39999	0	20040	0	20040	0	Null	0	Null	0	0	0	0	1	0	0	0	50000000	50000000	0	0	4	6	255	0	0	0	0	0	0	0	0	0	0	0	0	0	0	0	0	0	0	0	0	0	0	0	0	0	0	0	2	0	1	1	1	1	1	1	1	1	99	0	0	0	0	0	0	0	0	0	0	0	0	0	0	0	0	0	0	0	0	0	0	0	0	0	0	0	0	0	0	0	0	0	0	0	0	0	0	0	0	0	0	0	0	0	1	0	0	0	0	0	0	0	0	0	0	0	0	0	0	5	0	0	0	0	0	0	0	0	0	0	0	0	0	0	0	0	0	0	0	0	0	0	0	0	0	0	0	0	0	0	0	0	0	1	
	64606	1	9	오크피그_흰색	158371	0	0	12075	159306	0	0	74672	39999	0	20040	0	20040	0	Null	0	Null	0	0	0	0	1	0	0	0	50000000	50000000	0	0	4	6	255	0	0	0	0	0	0	0	0	0	0	0	0	0	0	0	0	0	0	0	0	0	0	0	0	0	0	0	3	0	1	1	1	1	1	1	1	1	99	0	0	0	0	0	0	0	0	0	0	0	0	0	0	0	0	0	0	0	0	0	0	0	0	0	0	0	0	0	0	0	0	0	0	0	0	0	0	0	0	0	0	0	0	0	1	0	0	0	0	0	0	0	0	0	0	0	0	0	0	6	0	0	0	0	0	0	0	0	0	0	0	0	0	0	0	0	0	0	0	0	0	0	0	0	0	0	0	0	0	0	0	0	0	1	
	64607	1	9	에텔레인군마_검은색	158368	0	0	12075	159304	0	0	74667	39999	0	20040	0	20040	0	Null	0	Null	0	0	0	0	1	0	0	0	50000000	50000000	0	0	4	6	255	0	0	0	0	0	0	0	0	0	0	0	0	0	0	0	0	0	0	0	0	0	0	0	0	0	0	0	1	0	1	1	1	1	1	1	1	1	99	0	0	0	0	0	0	0	0	0	0	0	0	0	0	0	0	0	0	0	0	0	0	0	0	0	0	0	0	0	0	0	0	0	0	0	0	0	0	0	0	0	0	0	0	0	1	0	0	0	0	0	0	0	0	0	0	0	0	0	0	7	0	0	0	0	0	0	0	0	0	0	0	0	0	0	0	0	0	0	0	0	0	0	0	0	0	0	0	0	0	0	0	0	0	1	
	64608	1	9	큰발표범_얼룩	158370	0	0	12075	159305	0	0	74671	39999	0	20040	0	20040	0	Null	0	Null	0	0	0	0	1	0	0	0	50000000	50000000	0	0	4	6	255	0	0	0	0	0	0	0	0	0	0	0	0	0	0	0	0	0	0	0	0	0	0	0	0	0	0	0	2	0	1	1	1	1	1	1	1	1	99	0	0	0	0	0	0	0	0	0	0	0	0	0	0	0	0	0	0	0	0	0	0	0	0	0	0	0	0	0	0	0	0	0	0	0	0	0	0	0	0	0	0	0	0	0	1	0	0	0	0	0	0	0	0	0	0	0	0	0	0	8	0	0	0	0	0	0	0	0	0	0	0	0	0	0	0	0	0	0	0	0	0	0	0	0	0	0	0	0	0	0	0	0	0	1	
	64609	1	9	오크피그_검은색	158372	0	0	12075	159306	0	0	74669	39999	0	20040	0	20040	0	Null	0	Null	0	0	0	0	1	0	0	0	50000000	50000000	0	0	4	6	255	0	0	0	0	0	0	0	0	0	0	0	0	0	0	0	0	0	0	0	0	0	0	0	0	0	0	0	3	0	1	1	1	1	1	1	1	1	99	0	0	0	0	0	0	0	0	0	0	0	0	0	0	0	0	0	0	0	0	0	0	0	0	0	0	0	0	0	0	0	0	0	0	0	0	0	0	0	0	0	0	0	0	0	1	0	0	0	0	0	0	0	0	0	0	0	0	0	0	9	0	0	0	0	0	0	0	0	0	0	0	0	0	0	0	0	0	0	0	0	0	0	0	0	0	0	0	0	0	0	0	0	0	1	
	64610	1	9	칼버스	158303	0	0	12075	159303	0	0	74711	39999	0	20040	0	20040	0	Null	0	Null	0	0	0	0	1	0	0	0	50000000	50000000	0	0	4	263	255	0	0	0	0	0	0	0	0	0	0	0	0	0	0	0	0	0	0	0	0	0	0	0	0	0	0	0	0	0	1	1	1	1	1	1	1	1	99	0	0	0	0	0	0	0	0	0	0	0	0	0	0	0	0	0	0	0	0	0	0	0	0	0	0	0	0	0	0	0	0	0	0	0	0	0	0	0	0	0	0	0	0	0	1	0	0	0	0	0	0	0	0	0	0	0	0	0	0	10	0	0	0	0	0	0	0	0	0	0	0	0	0	0	0	0	0	0	0	0	0	0	0	0	0	0	0	0	0	0	0	0	0	1	
//	[ID64801~64999]_기간제탈것파츠							#N/A																																																																																																																																																																	
//탈것파츠아이템_기본세트1_이동속도합계_190								#N/A																												255		0																																																																																														0																																					
	64801	1	9	군마의투구	158307	0	0	158383	159307	6000	6000	74642	39999	0	20041	0	20041	0	Null	0	Null	0	0	0	0	1	0	0	0	20000000	20000000	0	0	1	0	255	0	0	0	0	0	0	0	0	0	0	0	0	0	0	0	0	0	0	0	0	0	0	0	0	0	0	0	1	0	0	0	0	0	0	0	0	0	91	1	14	1	5	0	0	0	0	0	0	0	0	0	0	0	0	0	0	0	0	0	0	0	0	0	0	0	0	0	0	0	0	0	0	0	0	0	0	0	0	0	0	0	0	0	1	0	0	0	0	0	0	0	0	0	0	0	0	0	0	0	0	0	0	0	0	0	0	0	0	0	0	0	0	0	0	0	0	0	0	0	0	0	0	0	0	0	0	0	0	0	0	0	0	0	
	64802	1	9	군마의갑옷	158308	0	0	158383	159308	6001	6001	74643	39999	0	20041	0	20041	0	Null	0	Null	0	0	0	0	1	0	0	0	20000000	20000000	0	0	1	0	255	0	0	0	0	0	0	0	0	0	0	0	0	0	0	0	0	0	0	0	0	0	0	0	0	0	0	0	1	0	0	0	0	0	0	0	0	0	92	1	14	1	5	0	0	0	0	0	0	0	0	0	0	0	0	0	0	0	0	0	0	0	0	0	0	0	0	0	0	0	0	0	0	0	0	0	0	0	0	0	0	0	0	0	1	0	0	0	0	0	0	0	0	0	0	0	0	0	0	0	0	0	0	0	0	0	0	0	0	0	0	0	0	0	0	0	0	0	0	0	0	0	0	0	0	0	0	0	0	0	0	0	0	0	
	64803	1	9	군마의장화	158309	0	0	158383	159309	6002	6002	74644	39999	0	20041	0	20041	0	Null	0	Null	0	0	0	0	1	0	0	0	20000000	20000000	0	0	1	0	255	0	0	0	0	0	0	0	0	0	0	0	0	0	0	0	0	0	0	0	0	0	0	0	0	0	0	0	1	0	0	0	0	0	0	0	0	0	93	1	14	1	10	0	0	0	0	0	0	0	0	0	0	0	0	0	0	0	0	0	0	0	0	0	0	0	0	0	0	0	0	0	0	0	0	0	0	0	0	0	0	0	0	0	1	0	0	0	0	0	0	0	0	0	0	0	0	0	0	0	0	0	0	0	0	0	0	0	0	0	0	0	0	0	0	0	0	0	0	0	0	0	0	0	0	0	0	0	0	0	0	0	0	0	
	64804	1	9	표범의투구	158310	0	0	158383	159310	6003	6003	74645	39999	0	20041	0	20041	0	Null	0	Null	0	0	0	0	1	0	0	0	20000000	20000000	0	0	1	0	255	0	0	0	0	0	0	0	0	0	0	0	0	0	0	0	0	0	0	0	0	0	0	0	0	0	0	0	2	0	0	0	0	0	0	0	0	0	91	1	14	1	5	0	0	0	0	0	0	0	0	0	0	0	0	0	0	0	0	0	0	0	0	0	0	0	0	0	0	0	0	0	0	0	0	0	0	0	0	0	0	0	0	0	1	0	0	0	0	0	0	0	0	0	0	0	0	0	0	0	0	0	0	0	0	0	0	0	0	0	0	0	0	0	0	0	0	0	0	0	0	0	0	0	0	0	0	0	0	0	0	0	0	0	
	64805	1	9	표범의갑옷	158311	0	0	158383	159311	6004	6004	74646	39999	0	20041	0	20041	0	Null	0	Null	0	0	0	0	1	0	0	0	20000000	20000000	0	0	1	0	255	0	0	0	0	0	0	0	0	0	0	0	0	0	0	0	0	0	0	0	0	0	0	0	0	0	0	0	2	0	0	0	0	0	0	0	0	0	92	1	14	1	5	0	0	0	0	0	0	0	0	0	0	0	0	0	0	0	0	0	0	0	0	0	0	0	0	0	0	0	0	0	0	0	0	0	0	0	0	0	0	0	0	0	1	0	0	0	0	0	0	0	0	0	0	0	0	0	0	0	0	0	0	0	0	0	0	0	0	0	0	0	0	0	0	0	0	0	0	0	0	0	0	0	0	0	0	0	0	0	0	0	0	0	
	64806	1	9	표범의장화	158312	0	0	158383	159312	6005	6005	74647	39999	0	20041	0	20041	0	Null	0	Null	0	0	0	0	1	0	0	0	20000000	20000000	0	0	1	0	255	0	0	0	0	0	0	0	0	0	0	0	0	0	0	0	0	0	0	0	0	0	0	0	0	0	0	0	2	0	0	0	0	0	0	0	0	0	93	1	14	1	10	0	0	0	0	0	0	0	0	0	0	0	0	0	0	0	0	0	0	0	0	0	0	0	0	0	0	0	0	0	0	0	0	0	0	0	0	0	0	0	0	0	1	0	0	0	0	0	0	0	0	0	0	0	0	0	0	0	0	0	0	0	0	0	0	0	0	0	0	0	0	0	0	0	0	0	0	0	0	0	0	0	0	0	0	0	0	0	0	0	0	0	
	64807	1	9	오크피그의투구	158313	0	0	158383	159313	6006	6006	74648	39999	0	20041	0	20041	0	Null	0	Null	0	0	0	0	1	0	0	0	20000000	20000000	0	0	1	0	255	0	0	0	0	0	0	0	0	0	0	0	0	0	0	0	0	0	0	0	0	0	0	0	0	0	0	0	3	0	0	0	0	0	0	0	0	0	91	1	14	1	5	0	0	0	0	0	0	0	0	0	0	0	0	0	0	0	0	0	0	0	0	0	0	0	0	0	0	0	0	0	0	0	0	0	0	0	0	0	0	0	0	0	1	0	0	0	0	0	0	0	0	0	0	0	0	0	0	0	0	0	0	0	0	0	0	0	0	0	0	0	0	0	0	0	0	0	0	0	0	0	0	0	0	0	0	0	0	0	0	0	0	0	
	64808	1	9	오크피그의갑옷	158314	0	0	158383	159314	6007	6007	74649	39999	0	20041	0	20041	0	Null	0	Null	0	0	0	0	1	0	0	0	20000000	20000000	0	0	1	0	255	0	0	0	0	0	0	0	0	0	0	0	0	0	0	0	0	0	0	0	0	0	0	0	0	0	0	0	3	0	0	0	0	0	0	0	0	0	92	1	14	1	5	0	0	0	0	0	0	0	0	0	0	0	0	0	0	0	0	0	0	0	0	0	0	0	0	0	0	0	0	0	0	0	0	0	0	0	0	0	0	0	0	0	1	0	0	0	0	0	0	0	0	0	0	0	0	0	0	0	0	0	0	0	0	0	0	0	0	0	0	0	0	0	0	0	0	0	0	0	0	0	0	0	0	0	0	0	0	0	0	0	0	0	
	64809	1	9	오크피그의장화	158315	0	0	158383	159315	6008	6008	74650	39999	0	20041	0	20041	0	Null	0	Null	0	0	0	0	1	0	0	0	20000000	20000000	0	0	1	0	255	0	0	0	0	0	0	0	0	0	0	0	0	0	0	0	0	0	0	0	0	0	0	0	0	0	0	0	3	0	0	0	0	0	0	0	0	0	93	1	14	1	10	0	0	0	0	0	0	0	0	0	0	0	0	0	0	0	0	0	0	0	0	0	0	0	0	0	0	0	0	0	0	0	0	0	0	0	0	0	0	0	0	0	1	0	0	0	0	0	0	0	0	0	0	0	0	0	0	0	0	0	0	0	0	0	0	0	0	0	0	0	0	0	0	0	0	0	0	0	0	0	0	0	0	0	0	0	0	0	0	0	0	0	
//탈것파츠아이템_세트2_이동속도합계_230								#N/A																												255		0																																																																																														0																																					
	64810	1	9	용맹한군마의투구	158374	0	0	158383	159374	6009	6009	74651	39999	0	20041	0	20041	0	Null	0	Null	0	0	1	102	1	0	0	0	50000000	50000000	0	0	1	0	255	0	0	0	0	0	0	0	0	0	0	0	0	0	0	0	0	0	0	0	0	0	0	0	0	0	0	0	1	0	0	0	0	0	0	0	0	0	91	1	14	1	10	0	0	0	0	0	0	0	0	0	0	0	0	0	0	0	0	0	0	0	0	0	0	0	0	0	0	0	0	0	0	0	0	0	0	0	0	0	0	0	0	0	1	0	0	0	0	0	0	0	0	0	0	0	0	0	0	0	0	0	0	0	0	0	0	0	0	0	0	0	0	0	0	0	0	0	0	0	0	0	0	0	0	0	0	0	0	0	0	0	0	0	
	64811	1	9	용맹한군마의갑옷	158375	0	0	158383	159375	6010	6010	74652	39999	0	20041	0	20041	0	Null	0	Null	0	0	1	102	1	0	0	0	50000000	50000000	0	0	1	0	255	0	0	0	0	0	0	0	0	0	0	0	0	0	0	0	0	0	0	0	0	0	0	0	0	0	0	0	1	0	0	0	0	0	0	0	0	0	92	1	14	1	10	0	0	0	0	0	0	0	0	0	0	0	0	0	0	0	0	0	0	0	0	0	0	0	0	0	0	0	0	0	0	0	0	0	0	0	0	0	0	0	0	0	1	0	0	0	0	0	0	0	0	0	0	0	0	0	0	0	0	0	0	0	0	0	0	0	0	0	0	0	0	0	0	0	0	0	0	0	0	0	0	0	0	0	0	0	0	0	0	0	0	0	
	64812	1	9	용맹한군마의장화	158376	0	0	158383	159376	6011	6011	74653	39999	0	20041	0	20041	0	Null	0	Null	0	0	1	102	1	0	0	0	50000000	50000000	0	0	1	0	255	0	0	0	0	0	0	0	0	0	0	0	0	0	0	0	0	0	0	0	0	0	0	0	0	0	0	0	1	0	0	0	0	0	0	0	0	0	93	1	14	1	15	0	0	0	0	0	0	0	0	0	0	0	0	0	0	0	0	0	0	0	0	0	0	0	0	0	0	0	0	0	0	0	0	0	0	0	0	0	0	0	0	0	1	0	0	0	0	0	0	0	0	0	0	0	0	0	0	0	0	0	0	0	0	0	0	0	0	0	0	0	0	0	0	0	0	0	0	0	0	0	0	0	0	0	0	0	0	0	0	0	0	0	
	64813	1	9	용맹한표범의투구	158377	0	0	158383	159377	6012	6012	74654	39999	0	20041	0	20041	0	Null	0	Null	0	0	1	102	1	0	0	0	50000000	50000000	0	0	1	0	255	0	0	0	0	0	0	0	0	0	0	0	0	0	0	0	0	0	0	0	0	0	0	0	0	0	0	0	2	0	0	0	0	0	0	0	0	0	91	1	14	1	10	0	0	0	0	0	0	0	0	0	0	0	0	0	0	0	0	0	0	0	0	0	0	0	0	0	0	0	0	0	0	0	0	0	0	0	0	0	0	0	0	0	1	0	0	0	0	0	0	0	0	0	0	0	0	0	0	0	0	0	0	0	0	0	0	0	0	0	0	0	0	0	0	0	0	0	0	0	0	0	0	0	0	0	0	0	0	0	0	0	0	0	
	64814	1	9	용맹한표범의갑옷	158378	0	0	158383	159378	6013	6013	74655	39999	0	20041	0	20041	0	Null	0	Null	0	0	1	102	1	0	0	0	50000000	50000000	0	0	1	0	255	0	0	0	0	0	0	0	0	0	0	0	0	0	0	0	0	0	0	0	0	0	0	0	0	0	0	0	2	0	0	0	0	0	0	0	0	0	92	1	14	1	10	0	0	0	0	0	0	0	0	0	0	0	0	0	0	0	0	0	0	0	0	0	0	0	0	0	0	0	0	0	0	0	0	0	0	0	0	0	0	0	0	0	1	0	0	0	0	0	0	0	0	0	0	0	0	0	0	0	0	0	0	0	0	0	0	0	0	0	0	0	0	0	0	0	0	0	0	0	0	0	0	0	0	0	0	0	0	0	0	0	0	0	
	64815	1	9	용맹한표범의장화	158379	0	0	158383	159379	6014	6014	74656	39999	0	20041	0	20041	0	Null	0	Null	0	0	1	102	1	0	0	0	50000000	50000000	0	0	1	0	255	0	0	0	0	0	0	0	0	0	0	0	0	0	0	0	0	0	0	0	0	0	0	0	0	0	0	0	2	0	0	0	0	0	0	0	0	0	93	1	14	1	15	0	0	0	0	0	0	0	0	0	0	0	0	0	0	0	0	0	0	0	0	0	0	0	0	0	0	0	0	0	0	0	0	0	0	0	0	0	0	0	0	0	1	0	0	0	0	0	0	0	0	0	0	0	0	0	0	0	0	0	0	0	0	0	0	0	0	0	0	0	0	0	0	0	0	0	0	0	0	0	0	0	0	0	0	0	0	0	0	0	0	0	
	64816	1	9	용맹한오크피그의투구	158380	0	0	158383	159380	6015	6015	74657	39999	0	20041	0	20041	0	Null	0	Null	0	0	1	102	1	0	0	0	50000000	50000000	0	0	1	0	255	0	0	0	0	0	0	0	0	0	0	0	0	0	0	0	0	0	0	0	0	0	0	0	0	0	0	0	3	0	0	0	0	0	0	0	0	0	91	1	14	1	10	0	0	0	0	0	0	0	0	0	0	0	0	0	0	0	0	0	0	0	0	0	0	0	0	0	0	0	0	0	0	0	0	0	0	0	0	0	0	0	0	0	1	0	0	0	0	0	0	0	0	0	0	0	0	0	0	0	0	0	0	0	0	0	0	0	0	0	0	0	0	0	0	0	0	0	0	0	0	0	0	0	0	0	0	0	0	0	0	0	0	0	
	64817	1	9	용맹한오크피그의갑옷	158381	0	0	158383	159381	6016	6016	74658	39999	0	20041	0	20041	0	Null	0	Null	0	0	1	102	1	0	0	0	50000000	50000000	0	0	1	0	255	0	0	0	0	0	0	0	0	0	0	0	0	0	0	0	0	0	0	0	0	0	0	0	0	0	0	0	3	0	0	0	0	0	0	0	0	0	92	1	14	1	10	0	0	0	0	0	0	0	0	0	0	0	0	0	0	0	0	0	0	0	0	0	0	0	0	0	0	0	0	0	0	0	0	0	0	0	0	0	0	0	0	0	1	0	0	0	0	0	0	0	0	0	0	0	0	0	0	0	0	0	0	0	0	0	0	0	0	0	0	0	0	0	0	0	0	0	0	0	0	0	0	0	0	0	0	0	0	0	0	0	0	0	
	64818	1	9	용맹한오크피그의장화	158382	0	0	158383	159382	6017	6017	74659	39999	0	20041	0	20041	0	Null	0	Null	0	0	1	102	1	0	0	0	50000000	50000000	0	0	1	0	255	0	0	0	0	0	0	0	0	0	0	0	0	0	0	0	0	0	0	0	0	0	0	0	0	0	0	0	3	0	0	0	0	0	0	0	0	0	93	1	14	1	15	0	0	0	0	0	0	0	0	0	0	0	0	0	0	0	0	0	0	0	0	0	0	0	0	0	0	0	0	0	0	0	0	0	0	0	0	0	0	0	0	0	1	0	0	0	0	0	0	0	0	0	0	0	0	0	0	0	0	0	0	0	0	0	0	0	0	0	0	0	0	0	0	0	0	0	0	0	0	0	0	0	0	0	0	0	0	0	0	0	0	0	
//탈것파츠아이템_기본세트2_이동속도합계210								#N/A																												255		0																																																																																														0																																					
	64819	1	9	강화된군마의투구	158321	0	0	158383	159321	6009	6009	74651	39999	0	20041	0	20041	0	Null	0	Null	0	0	1	100	1	0	0	0	50000000	50000000	0	0	1	0	255	0	0	0	0	0	0	0	0	0	0	0	0	0	0	0	0	0	0	0	0	0	0	0	0	0	0	0	1	0	0	0	0	0	0	0	0	0	91	1	14	1	10	0	0	0	0	0	0	0	0	0	0	0	0	0	0	0	0	0	0	0	0	0	0	0	0	0	0	0	0	0	0	0	0	0	0	0	0	0	0	0	0	0	1	0	0	0	0	0	0	0	0	0	0	0	0	0	0	0	0	0	0	0	0	0	0	0	0	0	0	0	0	0	0	0	0	0	0	0	0	0	0	0	0	0	0	0	0	0	0	0	0	0	
	64820	1	9	강화된군마의갑옷	158322	0	0	158383	159322	6010	6010	74652	39999	0	20041	0	20041	0	Null	0	Null	0	0	1	100	1	0	0	0	50000000	50000000	0	0	1	0	255	0	0	0	0	0	0	0	0	0	0	0	0	0	0	0	0	0	0	0	0	0	0	0	0	0	0	0	1	0	0	0	0	0	0	0	0	0	92	1	14	1	10	0	0	0	0	0	0	0	0	0	0	0	0	0	0	0	0	0	0	0	0	0	0	0	0	0	0	0	0	0	0	0	0	0	0	0	0	0	0	0	0	0	1	0	0	0	0	0	0	0	0	0	0	0	0	0	0	0	0	0	0	0	0	0	0	0	0	0	0	0	0	0	0	0	0	0	0	0	0	0	0	0	0	0	0	0	0	0	0	0	0	0	
	64821	1	9	강화된군마의장화	158323	0	0	158383	159323	6011	6011	74653	39999	0	20041	0	20041	0	Null	0	Null	0	0	1	100	1	0	0	0	50000000	50000000	0	0	1	0	255	0	0	0	0	0	0	0	0	0	0	0	0	0	0	0	0	0	0	0	0	0	0	0	0	0	0	0	1	0	0	0	0	0	0	0	0	0	93	1	14	1	15	0	0	0	0	0	0	0	0	0	0	0	0	0	0	0	0	0	0	0	0	0	0	0	0	0	0	0	0	0	0	0	0	0	0	0	0	0	0	0	0	0	1	0	0	0	0	0	0	0	0	0	0	0	0	0	0	0	0	0	0	0	0	0	0	0	0	0	0	0	0	0	0	0	0	0	0	0	0	0	0	0	0	0	0	0	0	0	0	0	0	0	
	64822	1	9	강화된표범의투구	158324	0	0	158383	159324	6012	6012	74654	39999	0	20041	0	20041	0	Null	0	Null	0	0	1	100	1	0	0	0	50000000	50000000	0	0	1	0	255	0	0	0	0	0	0	0	0	0	0	0	0	0	0	0	0	0	0	0	0	0	0	0	0	0	0	0	2	0	0	0	0	0	0	0	0	0	91	1	14	1	10	0	0	0	0	0	0	0	0	0	0	0	0	0	0	0	0	0	0	0	0	0	0	0	0	0	0	0	0	0	0	0	0	0	0	0	0	0	0	0	0	0	1	0	0	0	0	0	0	0	0	0	0	0	0	0	0	0	0	0	0	0	0	0	0	0	0	0	0	0	0	0	0	0	0	0	0	0	0	0	0	0	0	0	0	0	0	0	0	0	0	0	
	64823	1	9	강화된표범의갑옷	158325	0	0	158383	159325	6013	6013	74655	39999	0	20041	0	20041	0	Null	0	Null	0	0	1	100	1	0	0	0	50000000	50000000	0	0	1	0	255	0	0	0	0	0	0	0	0	0	0	0	0	0	0	0	0	0	0	0	0	0	0	0	0	0	0	0	2	0	0	0	0	0	0	0	0	0	92	1	14	1	10	0	0	0	0	0	0	0	0	0	0	0	0	0	0	0	0	0	0	0	0	0	0	0	0	0	0	0	0	0	0	0	0	0	0	0	0	0	0	0	0	0	1	0	0	0	0	0	0	0	0	0	0	0	0	0	0	0	0	0	0	0	0	0	0	0	0	0	0	0	0	0	0	0	0	0	0	0	0	0	0	0	0	0	0	0	0	0	0	0	0	0	
	64824	1	9	강화된표범의장화	158326	0	0	158383	159326	6014	6014	74656	39999	0	20041	0	20041	0	Null	0	Null	0	0	1	100	1	0	0	0	50000000	50000000	0	0	1	0	255	0	0	0	0	0	0	0	0	0	0	0	0	0	0	0	0	0	0	0	0	0	0	0	0	0	0	0	2	0	0	0	0	0	0	0	0	0	93	1	14	1	15	0	0	0	0	0	0	0	0	0	0	0	0	0	0	0	0	0	0	0	0	0	0	0	0	0	0	0	0	0	0	0	0	0	0	0	0	0	0	0	0	0	1	0	0	0	0	0	0	0	0	0	0	0	0	0	0	0	0	0	0	0	0	0	0	0	0	0	0	0	0	0	0	0	0	0	0	0	0	0	0	0	0	0	0	0	0	0	0	0	0	0	
	64825	1	9	강화된오크피그의투구	158327	0	0	158383	159327	6015	6015	74657	39999	0	20041	0	20041	0	Null	0	Null	0	0	1	100	1	0	0	0	50000000	50000000	0	0	1	0	255	0	0	0	0	0	0	0	0	0	0	0	0	0	0	0	0	0	0	0	0	0	0	0	0	0	0	0	3	0	0	0	0	0	0	0	0	0	91	1	14	1	10	0	0	0	0	0	0	0	0	0	0	0	0	0	0	0	0	0	0	0	0	0	0	0	0	0	0	0	0	0	0	0	0	0	0	0	0	0	0	0	0	0	1	0	0	0	0	0	0	0	0	0	0	0	0	0	0	0	0	0	0	0	0	0	0	0	0	0	0	0	0	0	0	0	0	0	0	0	0	0	0	0	0	0	0	0	0	0	0	0	0	0	
	64826	1	9	강화된오크피그의갑옷	158328	0	0	158383	159328	6016	6016	74658	39999	0	20041	0	20041	0	Null	0	Null	0	0	1	100	1	0	0	0	50000000	50000000	0	0	1	0	255	0	0	0	0	0	0	0	0	0	0	0	0	0	0	0	0	0	0	0	0	0	0	0	0	0	0	0	3	0	0	0	0	0	0	0	0	0	92	1	14	1	10	0	0	0	0	0	0	0	0	0	0	0	0	0	0	0	0	0	0	0	0	0	0	0	0	0	0	0	0	0	0	0	0	0	0	0	0	0	0	0	0	0	1	0	0	0	0	0	0	0	0	0	0	0	0	0	0	0	0	0	0	0	0	0	0	0	0	0	0	0	0	0	0	0	0	0	0	0	0	0	0	0	0	0	0	0	0	0	0	0	0	0	
	64827	1	9	강화된오크피그의장화	158329	0	0	158383	159329	6017	6017	74659	39999	0	20041	0	20041	0	Null	0	Null	0	0	1	100	1	0	0	0	50000000	50000000	0	0	1	0	255	0	0	0	0	0	0	0	0	0	0	0	0	0	0	0	0	0	0	0	0	0	0	0	0	0	0	0	3	0	0	0	0	0	0	0	0	0	93	1	14	1	15	0	0	0	0	0	0	0	0	0	0	0	0	0	0	0	0	0	0	0	0	0	0	0	0	0	0	0	0	0	0	0	0	0	0	0	0	0	0	0	0	0	1	0	0	0	0	0	0	0	0	0	0	0	0	0	0	0	0	0	0	0	0	0	0	0	0	0	0	0	0	0	0	0	0	0	0	0	0	0	0	0	0	0	0	0	0	0	0	0	0	0	
//탈것3차파츠_1006(국내)								#N/A																												255																																																																																																																																					
	64828	1	9	로슈엘의군마투구	158450	0	0	158383	159450	6023	6023	74701	39999	0	20041	0	20041	0	Null	0	Null	0	0	1	162	1	0	0	0	80000000	80000000	0	0	1	0	255	0	0	0	0	0	0	0	0	0	0	0	0	0	0	0	0	0	0	0	0	0	0	0	0	0	0	0	1	0	0	0	0	0	0	0	0	0	91	1	14	1	15	0	0	0	0	0	0	0	0	0	0	0	0	0	0	0	0	0	0	0	0	0	0	0	0	0	0	0	0	0	0	0	0	0	0	0	0	0	0	0	0	0	1	0	0	0	0	0	0	0	0	0	0	0	0	0	0	0	0	0	0	0	0	0	0	0	0	0	0	0	0	0	0	0	0	0	0	0	0	0	0	0	0	0	0	0	0	0	0	0	0	0	
	64829	1	9	로슈엘의군마갑옷	158451	0	0	158383	159451	6024	6024	74702	39999	0	20041	0	20041	0	Null	0	Null	0	0	1	162	1	0	0	0	80000000	80000000	0	0	1	0	255	0	0	0	0	0	0	0	0	0	0	0	0	0	0	0	0	0	0	0	0	0	0	0	0	0	0	0	1	0	0	0	0	0	0	0	0	0	92	1	14	1	15	0	0	0	0	0	0	0	0	0	0	0	0	0	0	0	0	0	0	0	0	0	0	0	0	0	0	0	0	0	0	0	0	0	0	0	0	0	0	0	0	0	1	0	0	0	0	0	0	0	0	0	0	0	0	0	0	0	0	0	0	0	0	0	0	0	0	0	0	0	0	0	0	0	0	0	0	0	0	0	0	0	0	0	0	0	0	0	0	0	0	0	
	64830	1	9	로슈엘의군마장화	158452	0	0	158383	159452	6025	6025	74703	39999	0	20041	0	20041	0	Null	0	Null	0	0	1	162	1	0	0	0	80000000	80000000	0	0	1	0	255	0	0	0	0	0	0	0	0	0	0	0	0	0	0	0	0	0	0	0	0	0	0	0	0	0	0	0	1	0	0	0	0	0	0	0	0	0	93	1	14	1	20	0	0	0	0	0	0	0	0	0	0	0	0	0	0	0	0	0	0	0	0	0	0	0	0	0	0	0	0	0	0	0	0	0	0	0	0	0	0	0	0	0	1	0	0	0	0	0	0	0	0	0	0	0	0	0	0	0	0	0	0	0	0	0	0	0	0	0	0	0	0	0	0	0	0	0	0	0	0	0	0	0	0	0	0	0	0	0	0	0	0	0	
	64831	1	9	로슈엘의표범투구	158453	0	0	158383	159453	6026	6026	74704	39999	0	20041	0	20041	0	Null	0	Null	0	0	1	163	1	0	0	0	80000000	80000000	0	0	1	0	255	0	0	0	0	0	0	0	0	0	0	0	0	0	0	0	0	0	0	0	0	0	0	0	0	0	0	0	2	0	0	0	0	0	0	0	0	0	91	1	14	1	15	0	0	0	0	0	0	0	0	0	0	0	0	0	0	0	0	0	0	0	0	0	0	0	0	0	0	0	0	0	0	0	0	0	0	0	0	0	0	0	0	0	1	0	0	0	0	0	0	0	0	0	0	0	0	0	0	0	0	0	0	0	0	0	0	0	0	0	0	0	0	0	0	0	0	0	0	0	0	0	0	0	0	0	0	0	0	0	0	0	0	0	
	64832	1	9	로슈엘의표범갑옷	158454	0	0	158383	159454	6027	6027	74705	39999	0	20041	0	20041	0	Null	0	Null	0	0	1	163	1	0	0	0	80000000	80000000	0	0	1	0	255	0	0	0	0	0	0	0	0	0	0	0	0	0	0	0	0	0	0	0	0	0	0	0	0	0	0	0	2	0	0	0	0	0	0	0	0	0	92	1	14	1	15	0	0	0	0	0	0	0	0	0	0	0	0	0	0	0	0	0	0	0	0	0	0	0	0	0	0	0	0	0	0	0	0	0	0	0	0	0	0	0	0	0	1	0	0	0	0	0	0	0	0	0	0	0	0	0	0	0	0	0	0	0	0	0	0	0	0	0	0	0	0	0	0	0	0	0	0	0	0	0	0	0	0	0	0	0	0	0	0	0	0	0	
	64833	1	9	로슈엘의표범장화	158455	0	0	158383	159455	6028	6028	74706	39999	0	20041	0	20041	0	Null	0	Null	0	0	1	163	1	0	0	0	80000000	80000000	0	0	1	0	255	0	0	0	0	0	0	0	0	0	0	0	0	0	0	0	0	0	0	0	0	0	0	0	0	0	0	0	2	0	0	0	0	0	0	0	0	0	93	1	14	1	20	0	0	0	0	0	0	0	0	0	0	0	0	0	0	0	0	0	0	0	0	0	0	0	0	0	0	0	0	0	0	0	0	0	0	0	0	0	0	0	0	0	1	0	0	0	0	0	0	0	0	0	0	0	0	0	0	0	0	0	0	0	0	0	0	0	0	0	0	0	0	0	0	0	0	0	0	0	0	0	0	0	0	0	0	0	0	0	0	0	0	0	
	64834	1	9	로슈엘의오크피그투구	158456	0	0	158383	159456	6029	6029	74707	39999	0	20041	0	20041	0	Null	0	Null	0	0	1	164	1	0	0	0	80000000	80000000	0	0	1	0	255	0	0	0	0	0	0	0	0	0	0	0	0	0	0	0	0	0	0	0	0	0	0	0	0	0	0	0	3	0	0	0	0	0	0	0	0	0	91	1	14	1	15	0	0	0	0	0	0	0	0	0	0	0	0	0	0	0	0	0	0	0	0	0	0	0	0	0	0	0	0	0	0	0	0	0	0	0	0	0	0	0	0	0	1	0	0	0	0	0	0	0	0	0	0	0	0	0	0	0	0	0	0	0	0	0	0	0	0	0	0	0	0	0	0	0	0	0	0	0	0	0	0	0	0	0	0	0	0	0	0	0	0	0	
	64835	1	9	로슈엘의오크피그갑옷	158457	0	0	158383	159457	6030	6030	74708	39999	0	20041	0	20041	0	Null	0	Null	0	0	1	164	1	0	0	0	80000000	80000000	0	0	1	0	255	0	0	0	0	0	0	0	0	0	0	0	0	0	0	0	0	0	0	0	0	0	0	0	0	0	0	0	3	0	0	0	0	0	0	0	0	0	92	1	14	1	15	0	0	0	0	0	0	0	0	0	0	0	0	0	0	0	0	0	0	0	0	0	0	0	0	0	0	0	0	0	0	0	0	0	0	0	0	0	0	0	0	0	1	0	0	0	0	0	0	0	0	0	0	0	0	0	0	0	0	0	0	0	0	0	0	0	0	0	0	0	0	0	0	0	0	0	0	0	0	0	0	0	0	0	0	0	0	0	0	0	0	0	
	64836	1	9	로슈엘의오크피그장화	158458	0	0	158383	159458	6031	6031	74709	39999	0	20041	0	20041	0	Null	0	Null	0	0	1	164	1	0	0	0	80000000	80000000	0	0	1	0	255	0	0	0	0	0	0	0	0	0	0	0	0	0	0	0	0	0	0	0	0	0	0	0	0	0	0	0	3	0	0	0	0	0	0	0	0	0	93	1	14	1	20	0	0	0	0	0	0	0	0	0	0	0	0	0	0	0	0	0	0	0	0	0	0	0	0	0	0	0	0	0	0	0	0	0	0	0	0	0	0	0	0	0	1	0	0	0	0	0	0	0	0	0	0	0	0	0	0	0	0	0	0	0	0	0	0	0	0	0	0	0	0	0	0	0	0	0	0	0	0	0	0	0	0	0	0	0	0	0	0	0	0	0	
//	[ID65000~]_잡아이템							#N/A																								0																																																																																																				0																																					
	65001	1	0	길드전입장권	158070	1	69DDA0	40013	159070	0	0	73527	39918	0	20012	0	911	0	Null	0	Null	0	0	0	0	1	0	0	0	0	0	0	0	0	65535	255	0	0	0	0	0	0	0	0	0	0	0	0	0	0	0	0	0	0	0	0	0	0	0	0	0	0	0	0	0	1	1	1	1	1	1	1	1	99	0	0	0	0	0	0	0	0	0	0	0	0	0	0	0	0	0	0	0	0	0	0	0	0	0	0	0	0	0	0	0	0	0	0	0	0	0	0	0	0	0	0	0	0	0	255	0	0	0	0	0	0	0	0	0	0	0	0	0	0	0	0	0	0	0	0	0	0	0	0	0	0	0	0	0	0	0	0	0	0	0	0	0	0	0	0	0	0	0	0	0	0	0	0	1	
	65002	1	0	연금술사의망치(랭크다운)	158074	1	69DDA0	9445	159074	0	0	73522	39918	0	20015	0	911	0	Null	0	Null	0	0	0	0	1	0	0	0	0	0	0	0	2	295	255	0	0	0	0	0	0	0	0	0	0	0	0	0	0	0	0	0	0	0	0	0	0	0	0	0	0	0	0	0	1	1	1	1	1	1	1	1	99	0	0	0	0	0	0	0	0	0	0	0	0	0	0	0	0	0	0	0	0	0	0	0	0	0	0	0	0	0	0	0	0	0	0	0	0	0	0	0	0	0	0	0	0	0	255	0	0	0	0	0	0	0	0	0	0	0	0	0	0	0	0	0	0	0	0	0	0	0	0	0	0	0	0	0	0	0	0	0	0	0	0	0	0	0	0	0	0	0	0	0	0	0	0	1	
	65003	1	0	캐시추가슬롯2개추가	158075	1	69DDA0	40022	159075	0	0	73524	39918	0	20013	0	911	0	Null	0	Null	0	0	0	0	1	0	0	0	0	0	0	1	2	6	255	0	0	0	0	0	0	0	0	0	0	0	0	0	0	0	0	0	0	0	0	0	0	0	0	0	0	0	0	0	1	1	1	1	1	1	1	1	99	0	0	0	0	0	0	0	0	0	0	0	0	0	0	0	0	0	0	0	0	0	0	0	0	0	0	0	0	0	0	0	0	0	0	0	0	0	0	0	0	0	0	0	0	0	1	0	0	0	0	0	0	0	0	0	0	0	0	0	0	0	0	0	0	0	0	0	0	0	0	0	0	0	0	0	0	0	0	0	0	0	0	0	0	0	0	0	0	0	0	0	0	0	0	1	
	65004	1	0	기간연장아이템(무기)	1	1	69DDA0	#N/A	0	0	0	0	0	0	20014	0	911	0	Null	0	Null	0	0	0	0	0	0	0	0	0	0	0	0	0	0	255	0	0	0	0	0	0	0	0	0	0	0	0	0	0	0	0	0	0	0	0	0	0	0	0	0	0	0	0	0	0	0	0	0	0	0	0	0	99	0	0	0	0	0	0	0	0	0	0	0	0	0	0	0	0	0	0	0	0	0	0	0	0	0	0	0	0	0	0	0	0	0	0	0	0	0	0	0	0	0	0	0	0	0	1	0	0	0	0	0	0	0	0	0	0	0	0	0	0	0	0	0	0	0	0	0	0	0	0	0	0	0	0	0	0	0	0	0	0	0	0	0	0	0	0	0	0	0	0	0	0	0	0	0	
	65005	1	0	기간연장아이템(방어구)	1	1	69DDA0	#N/A	0	0	0	0	0	0	20016	0	911	0	Null	0	Null	0	0	0	0	0	0	0	0	0	0	0	0	0	0	255	0	0	0	0	0	0	0	0	0	0	0	0	0	0	0	0	0	0	0	0	0	0	0	0	0	0	0	0	0	0	0	0	0	0	0	0	0	99	0	0	0	0	0	0	0	0	0	0	0	0	0	0	0	0	0	0	0	0	0	0	0	0	0	0	0	0	0	0	0	0	0	0	0	0	0	0	0	0	0	0	0	0	0	1	0	0	0	0	0	0	0	0	0	0	0	0	0	0	0	0	0	0	0	0	0	0	0	0	0	0	0	0	0	0	0	0	0	0	0	0	0	0	0	0	0	0	0	0	0	0	0	0	0	
	65006	1	0	명공의망치(리미티드)	158076	1	69DDA0	9445	159076	0	0	73526	39918	0	20017	0	911	0	Null	0	Null	0	0	0	0	1	0	0	0	0	0	0	0	2	6	255	0	0	0	0	0	0	0	0	0	0	0	0	0	0	0	0	0	0	0	0	0	0	0	0	0	0	0	0	0	1	1	1	1	1	1	1	1	99	0	0	0	0	0	0	0	0	0	0	0	0	0	0	0	0	0	0	0	0	0	0	0	0	0	0	0	0	0	0	0	0	0	0	0	0	0	0	0	0	0	0	0	0	0	60	0	0	0	0	0	0	0	0	0	0	0	0	0	0	0	0	0	0	0	0	0	0	0	0	0	0	0	0	0	0	0	0	0	0	0	0	0	0	0	0	0	0	0	0	0	0	0	0	1	
	65007	1	7	PC방테스트	158039	1	69DDA0	#N/A	159039	0	0	90002	39918	0	811	0	911	8	Q000	1	Null	0	0	0	0	1	0	0	0	0	0	0	0	1	7	255	0	0	0	0	0	0	0	0	0	0	0	0	0	0	0	0	0	0	0	0	0	0	0	0	0	0	0	0	0	1	1	1	1	1	1	1	1	16	0	0	0	0	0	0	0	0	0	0	0	0	0	0	0	0	0	0	0	0	1	49	2	20	0	0	0	0	0	0	0	0	0	0	0	0	0	0	0	0	0	0	0	0	0	1	2	0	0	0	0	0	0	0	0	0	0	0	0	0	0	0	0	0	0	0	0	0	0	0	0	0	0	0	0	0	0	0	0	0	0	0	0	0	0	0	0	0	0	0	0	0	0	0	1	
	65008	1	0	길드인장	158071	1	69DDA0	40013	159071	0	0	73529	39918	0	20018	0	911	0	Null	0	Null	0	0	0	0	0	0	0	0	0	0	0	0	2	2	255	0	0	0	0	0	0	0	0	0	0	0	0	0	0	0	0	0	0	0	0	0	0	0	0	0	0	0	0	0	1	1	1	1	1	1	1	1	99	0	0	0	0	0	0	0	0	0	0	0	0	0	0	0	0	0	0	0	0	0	0	0	0	0	0	0	0	0	0	0	0	0	0	0	0	0	0	0	0	0	0	0	0	0	1	0	0	0	0	0	0	0	0	0	0	0	0	0	0	0	0	0	0	0	0	0	0	0	0	0	0	0	0	0	0	0	0	0	0	0	0	0	0	0	0	0	0	0	0	0	0	0	0	1	
	65009	1	0	길드창고확장	158072	1	69DDA0	40013	159072	0	0	73530	39919	0	20028	0	911	0	Null	0	Null	0	0	0	0	1	0	0	0	0	0	0	0	2	6	255	0	0	0	0	0	0	0	0	0	0	0	0	0	0	0	0	0	0	0	0	0	0	0	0	0	0	0	0	0	1	1	1	1	1	1	1	1	99	0	0	0	0	0	0	0	0	0	0	0	0	0	0	0	0	0	0	0	0	0	0	0	0	0	0	0	0	0	0	0	0	0	0	0	0	0	0	0	0	0	0	0	0	0	1	0	0	0	0	12	0	0	0	0	0	0	0	0	0	0	0	0	0	0	0	0	0	0	0	0	0	0	0	0	0	0	0	0	0	0	0	0	0	0	0	0	0	0	0	0	0	0	0	1	
	65010	1	2	해방군의의지_캐릭터생성시지급용	158118	1	69DDA0	40022	159033	0	0	72012	39918	0	811	0	911	8	Q000	1	Null	0	0	0	0	1	0	0	0	0	0	0	0	1	39	255	0	0	0	0	0	0	0	0	0	0	0	0	0	0	0	0	0	0	0	0	0	0	0	0	0	0	0	0	0	1	1	1	1	1	1	1	1	16	1	45	5	30	0	0	0	0	0	0	0	0	0	0	0	0	0	0	0	0	1	45	5	10	0	0	0	0	0	0	0	0	0	0	0	0	0	0	0	0	0	0	0	0	0	1	1	0	3	1	0	0	0	0	0	0	0	0	0	0	0	0	0	0	0	0	0	0	0	0	0	0	0	0	0	0	0	0	0	0	0	0	0	0	0	0	0	0	0	0	0	0	0	0	1	
	65011	1	2	성역의반지_캐릭터생성시지급용	158084	1	69DDA0	40022	159039	0	0	72002	39918	0	811	0	911	8	Q000	1	Null	0	0	0	0	1	0	0	0	0	0	0	0	1	39	255	0	0	0	0	0	0	0	0	0	0	0	0	0	0	0	0	0	0	0	0	0	0	0	0	0	0	0	0	0	1	1	1	1	1	1	1	1	16	1	49	2	10	0	0	0	0	0	0	0	0	0	0	0	0	0	0	0	0	1	49	2	5	0	0	0	0	0	0	0	0	0	0	0	0	0	0	0	0	0	0	0	0	0	1	2	0	2	2	0	0	0	0	0	0	0	0	0	0	0	0	0	0	0	0	0	0	0	0	0	0	0	0	0	0	0	0	0	0	0	0	0	0	0	0	0	0	0	0	0	0	0	0	1	
	65012	1	2	군신의반지_캐릭터생성시지급용	158117	1	69DDA0	40022	159040	0	0	72001	39918	0	811	0	911	8	Q000	1	Null	0	0	0	0	1	0	0	0	0	0	0	0	1	39	255	0	0	0	0	0	0	0	0	0	0	0	0	0	0	0	0	0	0	0	0	0	0	0	0	0	0	0	0	0	1	1	1	1	1	1	1	1	16	1	47	2	10	1	35	2	10	0	0	0	0	0	0	0	0	0	0	0	0	1	47	2	5	1	35	2	5	0	0	0	0	0	0	0	0	0	0	0	0	0	0	0	0	0	1	2	0	1	2	0	0	0	0	0	0	0	0	0	0	0	0	0	0	0	0	0	0	0	0	0	0	0	0	0	0	0	0	0	0	0	0	0	0	0	0	0	0	0	0	0	0	0	0	1	
	65013	1	0	치타의비약_캐릭터생성시지급용	158047	1	69DDA0	42015	159027	0	0	25348	39918	0	911	0	911	8	Q005	1	Null	0	0	0	0	1	0	0	0	0	0	0	0	2	39	255	0	0	0	0	0	0	0	0	0	0	0	0	0	0	0	0	0	0	0	0	0	0	0	0	0	0	0	0	0	1	1	1	1	1	1	1	1	99	0	0	0	0	0	0	0	0	0	0	0	0	0	0	0	0	0	0	0	0	0	0	0	0	0	0	0	0	0	0	0	0	0	0	0	0	0	0	0	0	0	0	0	0	0	60	0	0	0	0	15	21	0	0	0	0	5000	0	0	0	55000	0	0	0	0	0	0	0	0	0	0	0	0	0	0	0	0	0	0	0	0	0	0	0	0	0	0	0	0	0	0	0	0	0	1	
	65014	1	0	여신의은혜_캐릭터생성시지급용	158119	1	69DDA0	40008	159023	0	0	73501	39918	0	20011	0	911	0	Null	0	Null	0	0	0	0	1	0	0	0	0	0	0	0	2	39	255	0	0	0	0	0	0	0	0	0	0	0	0	0	0	0	0	0	0	0	0	0	0	0	0	0	0	0	0	0	1	1	1	1	1	1	1	1	99	0	0	0	0	0	0	0	0	0	0	0	0	0	0	0	0	0	0	0	0	0	0	0	0	0	0	0	0	0	0	0	0	0	0	0	0	0	0	0	0	0	0	0	0	0	255	0	0	0	0	3	13	0	0	0	0	90000	0	0	0	55006	0	0	0	0	0	0	0	0	0	0	0	0	0	0	0	0	0	0	0	0	0	0	0	0	0	0	0	0	0	0	0	0	0	1	
	65015	1	0	여신의은혜_PC방지급용_이벤트	158119	1	69DDA0	40008	159023	0	0	73501	39918	0	20011	0	911	0	Null	0	Null	0	0	0	0	1	0	0	0	0	0	0	0	2	167	255	0	0	0	0	0	0	0	0	0	0	0	0	0	0	0	0	0	0	0	0	0	0	0	0	0	0	0	0	0	1	1	1	1	1	1	1	1	99	0	0	0	0	0	0	0	0	0	0	0	0	0	0	0	0	0	0	0	0	0	0	0	0	0	0	0	0	0	0	0	0	0	0	0	0	0	0	0	0	0	0	0	0	0	5	0	0	0	0	3	13	0	0	0	0	90000	0	0	0	55006	0	0	0	0	0	0	0	0	0	0	0	0	0	0	0	0	0	0	0	0	0	0	0	0	0	0	0	0	0	0	0	0	0	1	
	65016	1	0	(사용안함)비스바덴의열쇠_PC방_이벤트	158206	1	69DDA0	9466	159066	0	0	73518	39919	0	995	0	911	0	Null	0	Null	0	0	0	0	1	0	0	0	0	0	0	0	2	167	255	0	0	0	0	0	0	0	0	0	0	0	0	0	0	0	0	0	0	0	0	0	0	0	0	0	0	0	0	0	0	0	0	0	0	0	0	0	99	0	0	0	0	0	0	0	0	0	0	0	0	0	0	0	0	0	0	0	0	0	0	0	0	0	0	0	0	0	0	0	0	0	0	0	0	0	0	0	0	0	0	0	0	0	255	0	0	0	0	0	0	0	0	0	0	0	0	0	0	60001	0	0	0	0	0	0	0	0	0	0	0	0	0	0	0	0	0	0	0	0	0	0	0	0	0	0	0	0	0	0	0	0	0	0	
	65017	1	0	(사용안함)루이렌의열쇠_PC방_이벤트	158207	1	69DDA0	9466	159067	0	0	73519	39919	0	995	0	911	0	Null	0	Null	0	0	0	0	1	0	0	0	0	0	0	0	2	167	255	0	0	0	0	0	0	0	0	0	0	0	0	0	0	0	0	0	0	0	0	0	0	0	0	0	0	0	0	0	0	0	0	0	0	0	0	0	99	0	0	0	0	0	0	0	0	0	0	0	0	0	0	0	0	0	0	0	0	0	0	0	0	0	0	0	0	0	0	0	0	0	0	0	0	0	0	0	0	0	0	0	0	0	255	0	0	0	0	0	0	0	0	0	0	0	0	0	0	60101	0	0	0	0	0	0	0	0	0	0	0	0	0	0	0	0	0	0	0	0	0	0	0	0	0	0	0	0	0	0	0	0	0	0	
//	65018	1	0	마야스크롤(금메달)_중국	47261	1	69DDA0	9466	48261	0	0	90057	39931	0	995	0	911	0	Null	0	Null	0	0	0	0	1	0	0	0	0	0	0	0	2	0	255	0	0	0	0	0	0	0	0	0	0	0	0	0	0	0	0	0	0	0	0	0	0	0	0	0	0	0	0	0	0	0	0	0	0	0	0	0	99	0	0	0	0	0	0	0	0	0	0	0	0	0	0	0	0	0	0	0	0	0	0	0	0	0	0	0	0	0	0	0	0	0	0	0	0	0	0	0	0	0	0	0	0	0	30	0	0	0	0	0	0	0	0	0	0	0	0	0	0	60016	0	0	0	0	0	0	0	0	0	0	0	0	0	0	0	0	0	0	0	0	0	0	0	0	0	0	0	0	0	0	0	0	0	
	65019	1	0	늑대의비약2_휴면고객체험판	158116	1	69DDA0	42015	159062	0	0	25350	39918	0	911	0	911	8	Q005	1	Null	0	0	0	0	1	0	0	0	0	0	0	0	2	39	255	0	0	0	0	0	0	0	0	0	0	0	0	0	0	0	0	0	0	0	0	0	0	0	0	0	0	0	0	0	1	1	1	1	1	1	1	1	99	0	0	0	0	0	0	0	0	0	0	0	0	0	0	0	0	0	0	0	0	0	0	0	0	0	0	0	0	0	0	0	0	0	0	0	0	0	0	0	0	0	0	0	0	0	120	0	0	0	0	3	23	0	0	0	0	5000	0	0	0	55014	0	0	0	0	0	0	0	0	0	0	0	0	0	0	0	0	0	0	0	0	0	0	0	0	0	0	0	0	0	0	0	0	0	1	
	65020	1	2	명지휘관의지휘봉__캐릭터생성시지급	158050	1	69DDA0	40022	159019	0	0	73507	39918	0	20000	0	911	0	Null	0	Null	0	0	0	0	1	0	0	0	0	0	0	0	0	39	255	0	0	0	0	0	0	0	0	0	0	0	0	0	0	0	0	0	0	0	0	0	0	0	0	0	0	0	0	0	1	1	1	1	1	1	1	1	99	0	0	0	0	0	0	0	0	0	0	0	0	0	0	0	0	0	0	0	0	0	0	0	0	0	0	0	0	0	0	0	0	0	0	0	0	0	0	0	0	0	0	0	0	0	1	0	0	0	0	0	0	0	0	0	0	0	0	0	0	0	0	0	0	0	0	0	0	0	0	0	0	0	0	0	0	0	0	0	0	0	0	0	0	0	0	0	0	0	0	0	0	0	0	1	
	65021	1	0	영웅의집결_길드명변경아이템	158220	1	69DDA0	40013	159220	0	0	73540	39918	0	20039	0	911	0	Null	0	Null	0	0	0	0	1	0	0	0	0	0	0	0	2	6	255	0	0	0	0	0	0	0	0	0	0	0	0	0	0	0	0	0	0	0	0	0	0	0	0	0	0	0	0	0	1	1	1	1	1	1	1	1	99	0	0	0	0	0	0	0	0	0	0	0	0	0	0	0	0	0	0	0	0	0	0	0	0	0	0	0	0	0	0	0	0	0	0	0	0	0	0	0	0	0	0	0	0	0	1	0	0	0	0	0	0	0	0	0	0	0	0	0	0	0	0	0	0	0	0	0	0	0	0	0	0	0	0	0	0	0	0	0	0	0	0	0	0	0	0	0	0	0	0	0	0	0	0	1	
	65022	1	0	해방군의포고문_캐릭터생성시지급용	158240	1	69DDA0	40008	159115	0	0	73506	39918	0	20030	0	911	0	Null	0	Null	0	0	0	0	1	0	0	0	0	0	0	0	2	7	255	0	0	0	0	0	0	0	0	0	0	0	0	0	0	0	0	0	0	0	0	0	0	0	0	0	0	0	0	0	1	1	1	1	1	1	1	1	99	0	0	0	0	0	0	0	0	0	0	0	0	0	0	0	0	0	0	0	0	0	0	0	0	0	0	0	0	0	0	0	0	0	0	0	0	0	0	0	0	0	0	0	0	0	255	0	0	0	0	0	0	0	0	0	0	0	0	0	0	0	0	0	0	0	0	0	0	0	0	0	0	0	0	0	0	0	0	0	0	0	0	0	0	0	0	0	0	0	0	0	0	0	0	1	
	65023	1	0	매의비약_캐릭터생성시지급용	158214	1	69DDA0	42015	159100	0	0	25351	39918	0	911	0	911	8	Q005	1	Null	0	0	0	0	1	0	0	0	0	0	0	0	2	39	255	0	0	0	0	0	0	0	0	0	0	0	0	0	0	0	0	0	0	0	0	0	0	0	0	0	0	0	0	0	1	1	1	1	1	1	1	1	99	0	0	0	0	0	0	0	0	0	0	0	0	0	0	0	0	0	0	0	0	0	0	0	0	0	0	0	0	0	0	0	0	0	0	0	0	0	0	0	0	0	0	0	0	0	120	0	0	0	0	15	24	0	0	0	0	5000	0	0	0	55026	0	0	0	0	0	0	0	0	0	0	0	0	0	0	0	0	0	0	0	0	0	0	0	0	0	0	0	0	0	0	0	0	0	1	
	65024	1	0	비스바덴의열쇠_상점판매용_캐시	158066	1	FFFFFF	9466	159066	0	0	90069	39919	0	995	0	911	0	Null	0	Null	0	0	0	0	1	0	0	0	10000	10000	0	0	2	6	255	0	0	0	0	0	0	0	0	0	0	0	0	0	0	0	0	0	0	0	0	0	0	0	0	0	0	0	0	0	0	0	0	0	0	0	0	0	99	0	0	0	0	0	0	0	0	0	0	0	0	0	0	0	0	0	0	0	0	0	0	0	0	0	0	0	0	0	0	0	0	0	0	0	0	0	0	0	0	0	0	0	0	0	255	0	0	0	0	0	0	0	0	0	0	0	0	0	0	60001	0	0	0	0	0	0	0	0	0	0	0	0	0	0	0	0	0	0	0	0	0	0	0	0	0	0	0	0	0	0	0	0	0	0	
	65025	1	0	루이렌의열쇠_상점판매용_캐시	158067	1	FFFFFF	9466	159067	0	0	90070	39919	0	995	0	911	0	Null	0	Null	0	0	0	0	1	0	0	0	100000	100000	0	0	2	6	255	0	0	0	0	0	0	0	0	0	0	0	0	0	0	0	0	0	0	0	0	0	0	0	0	0	0	0	0	0	0	0	0	0	0	0	0	0	99	0	0	0	0	0	0	0	0	0	0	0	0	0	0	0	0	0	0	0	0	0	0	0	0	0	0	0	0	0	0	0	0	0	0	0	0	0	0	0	0	0	0	0	0	0	255	0	0	0	0	0	0	0	0	0	0	0	0	0	0	60101	0	0	0	0	0	0	0	0	0	0	0	0	0	0	0	0	0	0	0	0	0	0	0	0	0	0	0	0	0	0	0	0	0	0	
	65026	1	0	곰의비약_2	158231	1	69DDA0	42015	159064	0	0	72512	39918	0	911	0	911	8	Q005	1	Null	0	0	0	0	1	0	0	0	0	0	0	0	2	39	255	0	0	0	0	0	0	0	0	0	0	0	0	0	0	0	0	0	0	0	0	0	0	0	0	0	0	0	0	0	1	1	1	1	1	1	1	1	99	0	0	0	0	0	0	0	0	0	0	0	0	0	0	0	0	0	0	0	0	0	0	0	0	0	0	0	0	0	0	0	0	0	0	0	0	0	0	0	0	0	0	0	0	0	120	0	0	0	0	15	22	0	0	0	0	5000	0	0	0	55013	0	0	0	0	0	0	0	0	0	0	0	0	0	0	0	0	0	0	0	0	0	0	0	0	0	0	0	0	0	0	0	0	0	1	
	65027	1	0	영웅의집결_길드명변경아이템	158220	1	69DDA0	40013	159220	0	0	73540	39918	0	20039	0	911	0	Null	0	Null	0	0	0	0	1	0	0	0	0	0	0	0	2	39	255	0	0	0	0	0	0	0	0	0	0	0	0	0	0	0	0	0	0	0	0	0	0	0	0	0	0	0	0	0	1	1	1	1	1	1	1	1	99	0	0	0	0	0	0	0	0	0	0	0	0	0	0	0	0	0	0	0	0	0	0	0	0	0	0	0	0	0	0	0	0	0	0	0	0	0	0	0	0	0	0	0	0	0	1	0	0	0	0	0	0	0	0	0	0	0	0	0	0	0	0	0	0	0	0	0	0	0	0	0	0	0	0	0	0	0	0	0	0	0	0	0	0	0	0	0	0	0	0	0	0	0	0	1	
	65028	1	8	룬스톤_개인웨이포인트_캐릭터생성시지급용	158364	1	69DDA0	9445	46306	0	0	73539	39918	0	20038	0	911	0	Null	0	Null	0	0	0	0	1	0	0	0	0	0	0	0	4	39	255	0	0	0	0	0	0	0	0	0	0	0	0	0	0	0	0	0	0	0	0	0	0	0	0	0	0	0	0	0	1	1	1	1	1	1	1	1	99	0	0	0	0	0	0	0	0	0	0	0	0	0	0	0	0	0	0	0	0	0	0	0	0	0	0	0	0	0	0	0	0	0	0	0	0	0	0	0	0	0	0	0	0	0	1	0	0	0	0	3	16	0	0	0	0	0	0	0	0	0	0	0	0	0	0	0	0	0	0	0	0	0	0	0	0	0	0	0	0	0	0	0	0	0	0	0	0	0	0	0	0	0	0	1	
	65029	1	0	치타의비약(10분)_캐릭터생성시지급용	158334	1	69DDA0	42015	159027	0	0	25348	39918	0	911	0	911	8	Q005	1	Null	0	0	0	0	1	0	0	0	0	0	0	0	2	39	255	0	0	0	0	0	0	0	0	0	0	0	0	0	0	0	0	0	0	0	0	0	0	0	0	0	0	0	0	0	1	1	1	1	1	1	1	1	99	0	0	0	0	0	0	0	0	0	0	0	0	0	0	0	0	0	0	0	0	0	0	0	0	0	0	0	0	0	0	0	0	0	0	0	0	0	0	0	0	0	0	0	0	0	120	0	0	0	0	15	21	0	0	0	0	5000	0	0	0	55536	0	0	0	0	0	0	0	0	0	0	0	0	0	0	0	0	0	0	0	0	0	0	0	0	0	0	0	0	0	0	0	0	0	1	
	65030	1	0	치타의비약(30분)_캐릭터생성시지급용	158335	1	69DDA0	42015	159027	0	0	25348	39918	0	911	0	911	8	Q005	1	Null	0	0	0	0	1	0	0	0	0	0	0	0	2	39	255	0	0	0	0	0	0	0	0	0	0	0	0	0	0	0	0	0	0	0	0	0	0	0	0	0	0	0	0	0	1	1	1	1	1	1	1	1	99	0	0	0	0	0	0	0	0	0	0	0	0	0	0	0	0	0	0	0	0	0	0	0	0	0	0	0	0	0	0	0	0	0	0	0	0	0	0	0	0	0	0	0	0	0	120	0	0	0	0	15	21	0	0	0	0	5000	0	0	0	55501	0	0	0	0	0	0	0	0	0	0	0	0	0	0	0	0	0	0	0	0	0	0	0	0	0	0	0	0	0	0	0	0	0	1	
	65031	1	0	치타의비약(60분)_캐릭터생성시지급용	158336	1	69DDA0	42015	159027	0	0	25348	39918	0	911	0	911	8	Q005	1	Null	0	0	0	0	1	0	0	0	0	0	0	0	2	39	255	0	0	0	0	0	0	0	0	0	0	0	0	0	0	0	0	0	0	0	0	0	0	0	0	0	0	0	0	0	1	1	1	1	1	1	1	1	99	0	0	0	0	0	0	0	0	0	0	0	0	0	0	0	0	0	0	0	0	0	0	0	0	0	0	0	0	0	0	0	0	0	0	0	0	0	0	0	0	0	0	0	0	0	120	0	0	0	0	15	21	0	0	0	0	5000	0	0	0	55502	0	0	0	0	0	0	0	0	0	0	0	0	0	0	0	0	0	0	0	0	0	0	0	0	0	0	0	0	0	0	0	0	0	1	
	65033	1	0	치타의비약(12시간)_캐릭터생성시지급용	158337	1	69DDA0	42015	159027	0	0	25348	39918	0	911	0	911	8	Q005	1	Null	0	0	0	0	1	0	0	0	0	0	0	0	2	39	255	0	0	0	0	0	0	0	0	0	0	0	0	0	0	0	0	0	0	0	0	0	0	0	0	0	0	0	0	0	1	1	1	1	1	1	1	1	99	0	0	0	0	0	0	0	0	0	0	0	0	0	0	0	0	0	0	0	0	0	0	0	0	0	0	0	0	0	0	0	0	0	0	0	0	0	0	0	0	0	0	0	0	0	120	0	0	0	0	15	21	0	0	0	0	5000	0	0	0	55504	0	0	0	0	0	0	0	0	0	0	0	0	0	0	0	0	0	0	0	0	0	0	0	0	0	0	0	0	0	0	0	0	0	1	
	65034	1	0	치타의비약(24시간)_캐릭터생성시지급용	158338	1	69DDA0	42015	159027	0	0	25348	39918	0	911	0	911	8	Q005	1	Null	0	0	0	0	1	0	0	0	0	0	0	0	2	39	255	0	0	0	0	0	0	0	0	0	0	0	0	0	0	0	0	0	0	0	0	0	0	0	0	0	0	0	0	0	1	1	1	1	1	1	1	1	99	0	0	0	0	0	0	0	0	0	0	0	0	0	0	0	0	0	0	0	0	0	0	0	0	0	0	0	0	0	0	0	0	0	0	0	0	0	0	0	0	0	0	0	0	0	120	0	0	0	0	15	21	0	0	0	0	5000	0	0	0	55505	0	0	0	0	0	0	0	0	0	0	0	0	0	0	0	0	0	0	0	0	0	0	0	0	0	0	0	0	0	0	0	0	0	1	
	65035	1	0	곰의비약2(10분)_캐릭터생성시지급용	158339	1	69DDA0	42015	159064	0	0	25349	39918	0	911	0	911	8	Q005	1	Null	0	0	0	0	1	0	0	0	0	0	0	0	2	39	255	0	0	0	0	0	0	0	0	0	0	0	0	0	0	0	0	0	0	0	0	0	0	0	0	0	0	0	0	0	1	1	1	1	1	1	1	1	99	0	0	0	0	0	0	0	0	0	0	0	0	0	0	0	0	0	0	0	0	0	0	0	0	0	0	0	0	0	0	0	0	0	0	0	0	0	0	0	0	0	0	0	0	0	120	0	0	0	0	15	22	0	0	0	0	5000	0	0	0	55537	0	0	0	0	0	0	0	0	0	0	0	0	0	0	0	0	0	0	0	0	0	0	0	0	0	0	0	0	0	0	0	0	0	1	
	65036	1	0	곰의비약2(30분)_캐릭터생성시지급용	158340	1	69DDA0	42015	159064	0	0	25349	39918	0	911	0	911	8	Q005	1	Null	0	0	0	0	1	0	0	0	0	0	0	0	2	39	255	0	0	0	0	0	0	0	0	0	0	0	0	0	0	0	0	0	0	0	0	0	0	0	0	0	0	0	0	0	1	1	1	1	1	1	1	1	99	0	0	0	0	0	0	0	0	0	0	0	0	0	0	0	0	0	0	0	0	0	0	0	0	0	0	0	0	0	0	0	0	0	0	0	0	0	0	0	0	0	0	0	0	0	120	0	0	0	0	15	22	0	0	0	0	5000	0	0	0	55511	0	0	0	0	0	0	0	0	0	0	0	0	0	0	0	0	0	0	0	0	0	0	0	0	0	0	0	0	0	0	0	0	0	1	
	65037	1	0	곰의비약2(60분)_캐릭터생성시지급용	158341	1	69DDA0	42015	159064	0	0	25349	39918	0	911	0	911	8	Q005	1	Null	0	0	0	0	1	0	0	0	0	0	0	0	2	39	255	0	0	0	0	0	0	0	0	0	0	0	0	0	0	0	0	0	0	0	0	0	0	0	0	0	0	0	0	0	1	1	1	1	1	1	1	1	99	0	0	0	0	0	0	0	0	0	0	0	0	0	0	0	0	0	0	0	0	0	0	0	0	0	0	0	0	0	0	0	0	0	0	0	0	0	0	0	0	0	0	0	0	0	120	0	0	0	0	15	22	0	0	0	0	5000	0	0	0	55512	0	0	0	0	0	0	0	0	0	0	0	0	0	0	0	0	0	0	0	0	0	0	0	0	0	0	0	0	0	0	0	0	0	1	
	65039	1	0	곰의비약2(12시간)_캐릭터생성시지급용	158342	1	69DDA0	42015	159064	0	0	25349	39918	0	911	0	911	8	Q005	1	Null	0	0	0	0	1	0	0	0	0	0	0	0	2	39	255	0	0	0	0	0	0	0	0	0	0	0	0	0	0	0	0	0	0	0	0	0	0	0	0	0	0	0	0	0	1	1	1	1	1	1	1	1	99	0	0	0	0	0	0	0	0	0	0	0	0	0	0	0	0	0	0	0	0	0	0	0	0	0	0	0	0	0	0	0	0	0	0	0	0	0	0	0	0	0	0	0	0	0	120	0	0	0	0	15	22	0	0	0	0	5000	0	0	0	55514	0	0	0	0	0	0	0	0	0	0	0	0	0	0	0	0	0	0	0	0	0	0	0	0	0	0	0	0	0	0	0	0	0	1	
	65040	1	0	곰의비약2(24시간)_캐릭터생성시지급용	158343	1	69DDA0	42015	159064	0	0	25349	39918	0	911	0	911	8	Q005	1	Null	0	0	0	0	1	0	0	0	0	0	0	0	2	39	255	0	0	0	0	0	0	0	0	0	0	0	0	0	0	0	0	0	0	0	0	0	0	0	0	0	0	0	0	0	1	1	1	1	1	1	1	1	99	0	0	0	0	0	0	0	0	0	0	0	0	0	0	0	0	0	0	0	0	0	0	0	0	0	0	0	0	0	0	0	0	0	0	0	0	0	0	0	0	0	0	0	0	0	120	0	0	0	0	15	22	0	0	0	0	5000	0	0	0	55515	0	0	0	0	0	0	0	0	0	0	0	0	0	0	0	0	0	0	0	0	0	0	0	0	0	0	0	0	0	0	0	0	0	1	
	65041	1	0	늑대의비약2(10분)_캐릭터생성시지급용	158344	1	69DDA0	42015	159062	0	0	25350	39918	0	911	0	911	8	Q005	1	Null	0	0	0	0	1	0	0	0	0	0	0	0	2	39	255	0	0	0	0	0	0	0	0	0	0	0	0	0	0	0	0	0	0	0	0	0	0	0	0	0	0	0	0	0	1	1	1	1	1	1	1	1	99	0	0	0	0	0	0	0	0	0	0	0	0	0	0	0	0	0	0	0	0	0	0	0	0	0	0	0	0	0	0	0	0	0	0	0	0	0	0	0	0	0	0	0	0	0	120	0	0	0	0	15	23	0	0	0	0	5000	0	0	0	55538	0	0	0	0	0	0	0	0	0	0	0	0	0	0	0	0	0	0	0	0	0	0	0	0	0	0	0	0	0	0	0	0	0	1	
	65042	1	0	늑대의비약2(30분)_캐릭터생성시지급용	158345	1	69DDA0	42015	159062	0	0	25350	39918	0	911	0	911	8	Q005	1	Null	0	0	0	0	1	0	0	0	0	0	0	0	2	39	255	0	0	0	0	0	0	0	0	0	0	0	0	0	0	0	0	0	0	0	0	0	0	0	0	0	0	0	0	0	1	1	1	1	1	1	1	1	99	0	0	0	0	0	0	0	0	0	0	0	0	0	0	0	0	0	0	0	0	0	0	0	0	0	0	0	0	0	0	0	0	0	0	0	0	0	0	0	0	0	0	0	0	0	120	0	0	0	0	15	23	0	0	0	0	5000	0	0	0	55521	0	0	0	0	0	0	0	0	0	0	0	0	0	0	0	0	0	0	0	0	0	0	0	0	0	0	0	0	0	0	0	0	0	1	
	65043	1	0	늑대의비약2(60분)_캐릭터생성시지급용	158346	1	69DDA0	42015	159062	0	0	25350	39918	0	911	0	911	8	Q005	1	Null	0	0	0	0	1	0	0	0	0	0	0	0	2	39	255	0	0	0	0	0	0	0	0	0	0	0	0	0	0	0	0	0	0	0	0	0	0	0	0	0	0	0	0	0	1	1	1	1	1	1	1	1	99	0	0	0	0	0	0	0	0	0	0	0	0	0	0	0	0	0	0	0	0	0	0	0	0	0	0	0	0	0	0	0	0	0	0	0	0	0	0	0	0	0	0	0	0	0	120	0	0	0	0	15	23	0	0	0	0	5000	0	0	0	55522	0	0	0	0	0	0	0	0	0	0	0	0	0	0	0	0	0	0	0	0	0	0	0	0	0	0	0	0	0	0	0	0	0	1	
	65045	1	0	늑대의비약2(12시간)_캐릭터생성시지급용	158347	1	69DDA0	42015	159062	0	0	25350	39918	0	911	0	911	8	Q005	1	Null	0	0	0	0	1	0	0	0	0	0	0	0	2	39	255	0	0	0	0	0	0	0	0	0	0	0	0	0	0	0	0	0	0	0	0	0	0	0	0	0	0	0	0	0	1	1	1	1	1	1	1	1	99	0	0	0	0	0	0	0	0	0	0	0	0	0	0	0	0	0	0	0	0	0	0	0	0	0	0	0	0	0	0	0	0	0	0	0	0	0	0	0	0	0	0	0	0	0	120	0	0	0	0	15	23	0	0	0	0	5000	0	0	0	55524	0	0	0	0	0	0	0	0	0	0	0	0	0	0	0	0	0	0	0	0	0	0	0	0	0	0	0	0	0	0	0	0	0	1	
	65046	1	0	늑대의비약2(24시간)_캐릭터생성시지급용	158348	1	69DDA0	42015	159062	0	0	25350	39918	0	911	0	911	8	Q005	1	Null	0	0	0	0	1	0	0	0	0	0	0	0	2	39	255	0	0	0	0	0	0	0	0	0	0	0	0	0	0	0	0	0	0	0	0	0	0	0	0	0	0	0	0	0	1	1	1	1	1	1	1	1	99	0	0	0	0	0	0	0	0	0	0	0	0	0	0	0	0	0	0	0	0	0	0	0	0	0	0	0	0	0	0	0	0	0	0	0	0	0	0	0	0	0	0	0	0	0	120	0	0	0	0	15	23	0	0	0	0	5000	0	0	0	55525	0	0	0	0	0	0	0	0	0	0	0	0	0	0	0	0	0	0	0	0	0	0	0	0	0	0	0	0	0	0	0	0	0	1	
	65047	1	0	매의비약(10분)_캐릭터생성시지급용	158349	1	69DDA0	42015	159100	0	0	25351	39918	0	911	0	911	8	Q005	1	Null	0	0	0	0	1	0	0	0	0	0	0	0	2	39	255	0	0	0	0	0	0	0	0	0	0	0	0	0	0	0	0	0	0	0	0	0	0	0	0	0	0	0	0	0	1	1	1	1	1	1	1	1	99	0	0	0	0	0	0	0	0	0	0	0	0	0	0	0	0	0	0	0	0	0	0	0	0	0	0	0	0	0	0	0	0	0	0	0	0	0	0	0	0	0	0	0	0	0	120	0	0	0	0	15	24	0	0	0	0	5000	0	0	0	55539	0	0	0	0	0	0	0	0	0	0	0	0	0	0	0	0	0	0	0	0	0	0	0	0	0	0	0	0	0	0	0	0	0	1	
	65048	1	0	매의비약(30분)_캐릭터생성시지급용	158350	1	69DDA0	42015	159100	0	0	25351	39918	0	911	0	911	8	Q005	1	Null	0	0	0	0	1	0	0	0	0	0	0	0	2	39	255	0	0	0	0	0	0	0	0	0	0	0	0	0	0	0	0	0	0	0	0	0	0	0	0	0	0	0	0	0	1	1	1	1	1	1	1	1	99	0	0	0	0	0	0	0	0	0	0	0	0	0	0	0	0	0	0	0	0	0	0	0	0	0	0	0	0	0	0	0	0	0	0	0	0	0	0	0	0	0	0	0	0	0	120	0	0	0	0	15	24	0	0	0	0	5000	0	0	0	55531	0	0	0	0	0	0	0	0	0	0	0	0	0	0	0	0	0	0	0	0	0	0	0	0	0	0	0	0	0	0	0	0	0	1	
	65049	1	0	매의비약(60분)_캐릭터생성시지급용	158351	1	69DDA0	42015	159100	0	0	25351	39918	0	911	0	911	8	Q005	1	Null	0	0	0	0	1	0	0	0	0	0	0	0	2	39	255	0	0	0	0	0	0	0	0	0	0	0	0	0	0	0	0	0	0	0	0	0	0	0	0	0	0	0	0	0	1	1	1	1	1	1	1	1	99	0	0	0	0	0	0	0	0	0	0	0	0	0	0	0	0	0	0	0	0	0	0	0	0	0	0	0	0	0	0	0	0	0	0	0	0	0	0	0	0	0	0	0	0	0	120	0	0	0	0	15	24	0	0	0	0	5000	0	0	0	55532	0	0	0	0	0	0	0	0	0	0	0	0	0	0	0	0	0	0	0	0	0	0	0	0	0	0	0	0	0	0	0	0	0	1	
	65051	1	0	매의비약(12시간)_캐릭터생성시지급용	158352	1	69DDA0	42015	159100	0	0	25351	39918	0	911	0	911	8	Q005	1	Null	0	0	0	0	1	0	0	0	0	0	0	0	2	39	255	0	0	0	0	0	0	0	0	0	0	0	0	0	0	0	0	0	0	0	0	0	0	0	0	0	0	0	0	0	1	1	1	1	1	1	1	1	99	0	0	0	0	0	0	0	0	0	0	0	0	0	0	0	0	0	0	0	0	0	0	0	0	0	0	0	0	0	0	0	0	0	0	0	0	0	0	0	0	0	0	0	0	0	120	0	0	0	0	15	24	0	0	0	0	5000	0	0	0	55534	0	0	0	0	0	0	0	0	0	0	0	0	0	0	0	0	0	0	0	0	0	0	0	0	0	0	0	0	0	0	0	0	0	1	
	65052	1	0	매의비약(24시간)_캐릭터생성시지급용	158353	1	69DDA0	42015	159100	0	0	25351	39918	0	911	0	911	8	Q005	1	Null	0	0	0	0	1	0	0	0	0	0	0	0	2	39	255	0	0	0	0	0	0	0	0	0	0	0	0	0	0	0	0	0	0	0	0	0	0	0	0	0	0	0	0	0	1	1	1	1	1	1	1	1	99	0	0	0	0	0	0	0	0	0	0	0	0	0	0	0	0	0	0	0	0	0	0	0	0	0	0	0	0	0	0	0	0	0	0	0	0	0	0	0	0	0	0	0	0	0	120	0	0	0	0	15	24	0	0	0	0	5000	0	0	0	55535	0	0	0	0	0	0	0	0	0	0	0	0	0	0	0	0	0	0	0	0	0	0	0	0	0	0	0	0	0	0	0	0	0	1	
	65053	1	0	뱀의비약(10분)_캐릭터생성시지급용	158354	1	69DDA0	42015	159053	0	0	25352	39918	0	911	0	911	8	Q005	1	Null	0	0	0	0	1	0	0	0	0	0	0	0	2	39	255	0	0	0	0	0	0	0	0	0	0	0	0	0	0	0	0	0	0	0	0	0	0	0	0	0	0	0	0	0	1	1	1	1	1	1	1	1	99	0	0	0	0	0	0	0	0	0	0	0	0	0	0	0	0	0	0	0	0	0	0	0	0	0	0	0	0	0	0	0	0	0	0	0	0	0	0	0	0	0	0	0	0	0	120	0	0	0	0	15	25	0	0	0	0	5000	0	0	0	55541	0	0	0	0	0	0	0	0	0	0	0	0	0	0	0	0	0	0	0	0	0	0	0	0	0	0	0	0	0	0	0	0	0	1	
	65054	1	0	뱀의비약(30분)_캐릭터생성시지급용	158355	1	69DDA0	42015	159053	0	0	25352	39918	0	911	0	911	8	Q005	1	Null	0	0	0	0	1	0	0	0	0	0	0	0	2	39	255	0	0	0	0	0	0	0	0	0	0	0	0	0	0	0	0	0	0	0	0	0	0	0	0	0	0	0	0	0	1	1	1	1	1	1	1	1	99	0	0	0	0	0	0	0	0	0	0	0	0	0	0	0	0	0	0	0	0	0	0	0	0	0	0	0	0	0	0	0	0	0	0	0	0	0	0	0	0	0	0	0	0	0	120	0	0	0	0	15	25	0	0	0	0	5000	0	0	0	55542	0	0	0	0	0	0	0	0	0	0	0	0	0	0	0	0	0	0	0	0	0	0	0	0	0	0	0	0	0	0	0	0	0	1	
	65055	1	0	뱀의비약(60분)_캐릭터생성시지급용	158356	1	69DDA0	42015	159053	0	0	25352	39918	0	911	0	911	8	Q005	1	Null	0	0	0	0	1	0	0	0	0	0	0	0	2	39	255	0	0	0	0	0	0	0	0	0	0	0	0	0	0	0	0	0	0	0	0	0	0	0	0	0	0	0	0	0	1	1	1	1	1	1	1	1	99	0	0	0	0	0	0	0	0	0	0	0	0	0	0	0	0	0	0	0	0	0	0	0	0	0	0	0	0	0	0	0	0	0	0	0	0	0	0	0	0	0	0	0	0	0	120	0	0	0	0	15	25	0	0	0	0	5000	0	0	0	55543	0	0	0	0	0	0	0	0	0	0	0	0	0	0	0	0	0	0	0	0	0	0	0	0	0	0	0	0	0	0	0	0	0	1	
	65057	1	0	뱀의비약(12시간)_캐릭터생성시지급용	158357	1	69DDA0	42015	159053	0	0	25352	39918	0	911	0	911	8	Q005	1	Null	0	0	0	0	1	0	0	0	0	0	0	0	2	39	255	0	0	0	0	0	0	0	0	0	0	0	0	0	0	0	0	0	0	0	0	0	0	0	0	0	0	0	0	0	1	1	1	1	1	1	1	1	99	0	0	0	0	0	0	0	0	0	0	0	0	0	0	0	0	0	0	0	0	0	0	0	0	0	0	0	0	0	0	0	0	0	0	0	0	0	0	0	0	0	0	0	0	0	120	0	0	0	0	15	25	0	0	0	0	5000	0	0	0	55545	0	0	0	0	0	0	0	0	0	0	0	0	0	0	0	0	0	0	0	0	0	0	0	0	0	0	0	0	0	0	0	0	0	1	
	65058	1	0	뱀의비약(24시간)_캐릭터생성시지급용	158358	1	69DDA0	42015	159053	0	0	25352	39918	0	911	0	911	8	Q005	1	Null	0	0	0	0	1	0	0	0	0	0	0	0	2	39	255	0	0	0	0	0	0	0	0	0	0	0	0	0	0	0	0	0	0	0	0	0	0	0	0	0	0	0	0	0	1	1	1	1	1	1	1	1	99	0	0	0	0	0	0	0	0	0	0	0	0	0	0	0	0	0	0	0	0	0	0	0	0	0	0	0	0	0	0	0	0	0	0	0	0	0	0	0	0	0	0	0	0	0	120	0	0	0	0	15	25	0	0	0	0	5000	0	0	0	55546	0	0	0	0	0	0	0	0	0	0	0	0	0	0	0	0	0	0	0	0	0	0	0	0	0	0	0	0	0	0	0	0	0	1	
	65059	1	0	승냥이의비약_2(10분)_캐릭터생성시지급용	158359	1	69DDA0	42015	159063	0	0	25353	39918	0	911	0	911	8	Q005	1	Null	0	0	0	0	1	0	0	0	0	0	0	0	2	39	255	0	0	0	0	0	0	0	0	0	0	0	0	0	0	0	0	0	0	0	0	0	0	0	0	0	0	0	0	0	1	1	1	1	1	1	1	1	99	0	0	0	0	0	0	0	0	0	0	0	0	0	0	0	0	0	0	0	0	0	0	0	0	0	0	0	0	0	0	0	0	0	0	0	0	0	0	0	0	0	0	0	0	0	120	0	0	0	0	15	26	0	0	0	0	5000	0	0	0	55551	0	0	0	0	0	0	0	0	0	0	0	0	0	0	0	0	0	0	0	0	0	0	0	0	0	0	0	0	0	0	0	0	0	1	
	65060	1	0	승냥이의비약_2(30분)_캐릭터생성시지급용	158360	1	69DDA0	42015	159063	0	0	25353	39918	0	911	0	911	8	Q005	1	Null	0	0	0	0	1	0	0	0	0	0	0	0	2	39	255	0	0	0	0	0	0	0	0	0	0	0	0	0	0	0	0	0	0	0	0	0	0	0	0	0	0	0	0	0	1	1	1	1	1	1	1	1	99	0	0	0	0	0	0	0	0	0	0	0	0	0	0	0	0	0	0	0	0	0	0	0	0	0	0	0	0	0	0	0	0	0	0	0	0	0	0	0	0	0	0	0	0	0	120	0	0	0	0	15	26	0	0	0	0	5000	0	0	0	55552	0	0	0	0	0	0	0	0	0	0	0	0	0	0	0	0	0	0	0	0	0	0	0	0	0	0	0	0	0	0	0	0	0	1	
	65061	1	0	승냥이의비약_2(60분)_캐릭터생성시지급용	158361	1	69DDA0	42015	159063	0	0	25353	39918	0	911	0	911	8	Q005	1	Null	0	0	0	0	1	0	0	0	0	0	0	0	2	39	255	0	0	0	0	0	0	0	0	0	0	0	0	0	0	0	0	0	0	0	0	0	0	0	0	0	0	0	0	0	1	1	1	1	1	1	1	1	99	0	0	0	0	0	0	0	0	0	0	0	0	0	0	0	0	0	0	0	0	0	0	0	0	0	0	0	0	0	0	0	0	0	0	0	0	0	0	0	0	0	0	0	0	0	120	0	0	0	0	15	26	0	0	0	0	5000	0	0	0	55553	0	0	0	0	0	0	0	0	0	0	0	0	0	0	0	0	0	0	0	0	0	0	0	0	0	0	0	0	0	0	0	0	0	1	
	65063	1	0	승냥이의비약_2(12시간)_캐릭터생성시지급용	158362	1	69DDA0	42015	159063	0	0	25353	39918	0	911	0	911	8	Q005	1	Null	0	0	0	0	1	0	0	0	0	0	0	0	2	39	255	0	0	0	0	0	0	0	0	0	0	0	0	0	0	0	0	0	0	0	0	0	0	0	0	0	0	0	0	0	1	1	1	1	1	1	1	1	99	0	0	0	0	0	0	0	0	0	0	0	0	0	0	0	0	0	0	0	0	0	0	0	0	0	0	0	0	0	0	0	0	0	0	0	0	0	0	0	0	0	0	0	0	0	120	0	0	0	0	15	26	0	0	0	0	5000	0	0	0	55555	0	0	0	0	0	0	0	0	0	0	0	0	0	0	0	0	0	0	0	0	0	0	0	0	0	0	0	0	0	0	0	0	0	1	
	65064	1	0	승냥이의비약_2(24시간)_캐릭터생성시지급용	158363	1	69DDA0	42015	159063	0	0	25353	39918	0	911	0	911	8	Q005	1	Null	0	0	0	0	1	0	0	0	0	0	0	0	2	39	255	0	0	0	0	0	0	0	0	0	0	0	0	0	0	0	0	0	0	0	0	0	0	0	0	0	0	0	0	0	1	1	1	1	1	1	1	1	99	0	0	0	0	0	0	0	0	0	0	0	0	0	0	0	0	0	0	0	0	0	0	0	0	0	0	0	0	0	0	0	0	0	0	0	0	0	0	0	0	0	0	0	0	0	120	0	0	0	0	15	26	0	0	0	0	5000	0	0	0	55556	0	0	0	0	0	0	0	0	0	0	0	0	0	0	0	0	0	0	0	0	0	0	0	0	0	0	0	0	0	0	0	0	0	1	
	65065	1	0	기간연장아이템(라이더_파츠)	1	1	69DDA0	#N/A	0	0	0	0	0	0	20042	0	911	0	Null	0	Null	0	0	0	0	0	0	0	0	0	0	0	0	0	0	255	0	0	0	0	0	0	0	0	0	0	0	0	0	0	0	0	0	0	0	0	0	0	0	0	0	0	0	0	0	0	0	0	0	0	0	0	0	99	0	0	0	0	0	0	0	0	0	0	0	0	0	0	0	0	0	0	0	0	0	0	0	0	0	0	0	0	0	0	0	0	0	0	0	0	0	0	0	0	0	0	0	0	0	1	0	0	0	0	0	0	0	0	0	0	0	0	0	0	0	0	0	0	0	0	0	0	0	0	0	0	0	0	0	0	0	0	0	0	0	0	0	0	0	0	0	0	0	0	0	0	0	0	0	
	65066	1	0	종속의고리_캐릭터생성시지급용	158044	1	69DDA0	40008	159044	0	0	73505	39918	0	20007	0	911	0	Null	0	Null	0	0	0	0	1	0	0	0	0	0	0	0	0	39	255	0	0	0	0	0	0	0	0	0	0	0	0	0	0	0	0	0	0	0	0	0	0	0	0	0	0	0	0	0	1	1	1	1	1	1	1	1	99	0	0	0	0	0	0	0	0	0	0	0	0	0	0	0	0	0	0	0	0	0	0	0	0	0	0	0	0	0	0	0	0	0	0	0	0	0	0	0	0	0	0	0	0	0	30	0	0	0	0	0	0	0	0	0	0	0	0	0	0	0	0	0	0	0	0	0	0	0	0	0	0	0	0	0	0	0	0	0	0	0	0	0	0	0	0	0	0	0	0	0	0	0	0	1	
	65067	1	0	영웅의집결_길드명변경아이템_글로벌용	158220	1	69DDA0	40013	159220	0	0	73540	39918	0	20039	0	911	0	Null	0	Null	0	0	0	0	1	0	0	0	0	0	0	0	2	39	255	0	0	0	0	0	0	0	0	0	0	0	0	0	0	0	0	0	0	0	0	0	0	0	0	0	0	0	0	0	1	1	1	1	1	1	1	1	99	0	0	0	0	0	0	0	0	0	0	0	0	0	0	0	0	0	0	0	0	0	0	0	0	0	0	0	0	0	0	0	0	0	0	0	0	0	0	0	0	0	0	0	0	0	1	0	0	0	0	0	0	0	0	0	0	0	0	0	0	0	0	0	0	0	0	0	0	0	0	0	0	0	0	0	0	0	0	0	0	0	0	0	0	0	0	0	0	0	0	0	0	0	0	1	
	65068	0	0	네임카드_글로벌캐시용	158168	0	0	9445	159168	0	0	74630	39999	0	20037	0	20037	0	Null	1	Null	0	0	0	0	1	0	0	0	50000	50000	0	0	2	0	255	0	0	0	0	0	0	0	0	0	0	0	0	0	0	0	0	0	0	0	0	0	0	0	0	0	0	0	0	0	1	1	1	1	1	1	1	1	99	0	0	0	0	0	0	0	0	0	0	0	0	0	0	0	0	0	0	0	0	0	0	0	0	0	0	0	0	0	0	0	0	0	0	0	0	0	0	0	0	0	0	0	0	0	255	0	0	0	0	0	0	0	0	0	0	0	0	0	0	0	0	0	0	0	0	0	0	0	0	0	0	0	0	0	0	0	0	0	0	0	0	0	0	0	0	0	0	0	0	0	0	0	0	1	
	65069	1	0	시간의모래(무기)_1일	155860	1	69DDA0	40008	158860	0	0	34096	39999	0	911	0	911	0	Null	0	Null	0	0	0	0	0	0	0	0	0	0	0	0	2	6	255	0	0	0	0	0	0	0	0	0	0	0	0	0	0	0	0	0	0	0	0	0	0	0	0	0	0	0	0	0	0	0	0	0	0	0	0	0	99	0	0	0	0	0	0	0	0	0	0	0	0	0	0	0	0	0	0	0	0	0	0	0	0	0	0	0	0	0	0	0	0	0	0	0	0	0	0	0	0	0	0	0	0	0	1	0	0	0	0	19	0	0	0	0	0	0	0	0	1	0	0	0	0	0	0	0	0	0	0	0	0	0	0	0	0	0	0	0	0	0	0	0	0	0	0	0	0	0	0	0	0	0	0	0	
	65070	1	0	시간의모래(무기)_3일	155861	1	69DDA0	40008	158861	0	0	34096	39999	0	911	0	911	0	Null	0	Null	0	0	0	0	0	0	0	0	0	0	0	0	2	6	255	0	0	0	0	0	0	0	0	0	0	0	0	0	0	0	0	0	0	0	0	0	0	0	0	0	0	0	0	0	0	0	0	0	0	0	0	0	99	0	0	0	0	0	0	0	0	0	0	0	0	0	0	0	0	0	0	0	0	0	0	0	0	0	0	0	0	0	0	0	0	0	0	0	0	0	0	0	0	0	0	0	0	0	1	0	0	0	0	19	0	0	0	0	0	0	0	0	3	0	0	0	0	0	0	0	0	0	0	0	0	0	0	0	0	0	0	0	0	0	0	0	0	0	0	0	0	0	0	0	0	0	0	0	
	65071	1	0	시간의모래(무기)_7일	155862	1	69DDA0	40008	158862	0	0	34096	39999	0	911	0	911	0	Null	0	Null	0	0	0	0	0	0	0	0	0	0	0	0	2	6	255	0	0	0	0	0	0	0	0	0	0	0	0	0	0	0	0	0	0	0	0	0	0	0	0	0	0	0	0	0	0	0	0	0	0	0	0	0	99	0	0	0	0	0	0	0	0	0	0	0	0	0	0	0	0	0	0	0	0	0	0	0	0	0	0	0	0	0	0	0	0	0	0	0	0	0	0	0	0	0	0	0	0	0	1	0	0	0	0	19	0	0	0	0	0	0	0	0	7	0	0	0	0	0	0	0	0	0	0	0	0	0	0	0	0	0	0	0	0	0	0	0	0	0	0	0	0	0	0	0	0	0	0	0	
	65072	1	0	시간의모래(무기)_28일	155863	1	69DDA0	40008	158863	0	0	34096	39999	0	911	0	911	0	Null	0	Null	0	0	0	0	0	0	0	0	0	0	0	0	2	6	255	0	0	0	0	0	0	0	0	0	0	0	0	0	0	0	0	0	0	0	0	0	0	0	0	0	0	0	0	0	0	0	0	0	0	0	0	0	99	0	0	0	0	0	0	0	0	0	0	0	0	0	0	0	0	0	0	0	0	0	0	0	0	0	0	0	0	0	0	0	0	0	0	0	0	0	0	0	0	0	0	0	0	0	1	0	0	0	0	19	0	0	0	0	0	0	0	0	28	0	0	0	0	0	0	0	0	0	0	0	0	0	0	0	0	0	0	0	0	0	0	0	0	0	0	0	0	0	0	0	0	0	0	0	
	65073	1	0	시간의모래(방어구)_1일	155864	1	69DDA0	40008	158864	0	0	34096	39999	0	911	0	911	0	Null	0	Null	0	0	0	0	0	0	0	0	0	0	0	0	2	6	255	0	0	0	0	0	0	0	0	0	0	0	0	0	0	0	0	0	0	0	0	0	0	0	0	0	0	0	0	0	0	0	0	0	0	0	0	0	99	0	0	0	0	0	0	0	0	0	0	0	0	0	0	0	0	0	0	0	0	0	0	0	0	0	0	0	0	0	0	0	0	0	0	0	0	0	0	0	0	0	0	0	0	0	1	0	0	0	0	20	0	0	0	0	0	0	0	0	1	0	0	0	0	0	0	0	0	0	0	0	0	0	0	0	0	0	0	0	0	0	0	0	0	0	0	0	0	0	0	0	0	0	0	0	
	65074	1	0	시간의모래(방어구)_3일	155865	1	69DDA0	40008	158865	0	0	34096	39999	0	911	0	911	0	Null	0	Null	0	0	0	0	0	0	0	0	0	0	0	0	2	6	255	0	0	0	0	0	0	0	0	0	0	0	0	0	0	0	0	0	0	0	0	0	0	0	0	0	0	0	0	0	0	0	0	0	0	0	0	0	99	0	0	0	0	0	0	0	0	0	0	0	0	0	0	0	0	0	0	0	0	0	0	0	0	0	0	0	0	0	0	0	0	0	0	0	0	0	0	0	0	0	0	0	0	0	1	0	0	0	0	20	0	0	0	0	0	0	0	0	3	0	0	0	0	0	0	0	0	0	0	0	0	0	0	0	0	0	0	0	0	0	0	0	0	0	0	0	0	0	0	0	0	0	0	0	
	65075	1	0	시간의모래(방어구)_7일	155866	1	69DDA0	40008	158866	0	0	34096	39999	0	911	0	911	0	Null	0	Null	0	0	0	0	0	0	0	0	0	0	0	0	2	6	255	0	0	0	0	0	0	0	0	0	0	0	0	0	0	0	0	0	0	0	0	0	0	0	0	0	0	0	0	0	0	0	0	0	0	0	0	0	99	0	0	0	0	0	0	0	0	0	0	0	0	0	0	0	0	0	0	0	0	0	0	0	0	0	0	0	0	0	0	0	0	0	0	0	0	0	0	0	0	0	0	0	0	0	1	0	0	0	0	20	0	0	0	0	0	0	0	0	7	0	0	0	0	0	0	0	0	0	0	0	0	0	0	0	0	0	0	0	0	0	0	0	0	0	0	0	0	0	0	0	0	0	0	0	
	65076	1	0	시간의모래(방어구)_28일	155867	1	69DDA0	40008	158867	0	0	34096	39999	0	911	0	911	0	Null	0	Null	0	0	0	0	0	0	0	0	0	0	0	0	2	6	255	0	0	0	0	0	0	0	0	0	0	0	0	0	0	0	0	0	0	0	0	0	0	0	0	0	0	0	0	0	0	0	0	0	0	0	0	0	99	0	0	0	0	0	0	0	0	0	0	0	0	0	0	0	0	0	0	0	0	0	0	0	0	0	0	0	0	0	0	0	0	0	0	0	0	0	0	0	0	0	0	0	0	0	1	0	0	0	0	20	0	0	0	0	0	0	0	0	28	0	0	0	0	0	0	0	0	0	0	0	0	0	0	0	0	0	0	0	0	0	0	0	0	0	0	0	0	0	0	0	0	0	0	0	
	65077	1	0	시간의모래(탈것)_1일	155872	1	69DDA0	40008	158872	0	0	34096	39999	0	911	0	911	0	Null	0	Null	0	0	0	0	0	0	0	0	0	0	0	0	2	6	255	0	0	0	0	0	0	0	0	0	0	0	0	0	0	0	0	0	0	0	0	0	0	0	0	0	0	0	0	0	0	0	0	0	0	0	0	0	99	0	0	0	0	0	0	0	0	0	0	0	0	0	0	0	0	0	0	0	0	0	0	0	0	0	0	0	0	0	0	0	0	0	0	0	0	0	0	0	0	0	0	0	0	0	1	0	0	0	0	21	0	0	0	0	0	0	0	0	1	0	0	0	0	0	0	0	0	0	0	0	0	0	0	0	0	0	0	0	0	0	0	0	0	0	0	0	0	0	0	0	0	0	0	0	
	65078	1	0	시간의모래(탈것)_3일	155873	1	69DDA0	40008	158873	0	0	34096	39999	0	911	0	911	0	Null	0	Null	0	0	0	0	0	0	0	0	0	0	0	0	2	6	255	0	0	0	0	0	0	0	0	0	0	0	0	0	0	0	0	0	0	0	0	0	0	0	0	0	0	0	0	0	0	0	0	0	0	0	0	0	99	0	0	0	0	0	0	0	0	0	0	0	0	0	0	0	0	0	0	0	0	0	0	0	0	0	0	0	0	0	0	0	0	0	0	0	0	0	0	0	0	0	0	0	0	0	1	0	0	0	0	21	0	0	0	0	0	0	0	0	3	0	0	0	0	0	0	0	0	0	0	0	0	0	0	0	0	0	0	0	0	0	0	0	0	0	0	0	0	0	0	0	0	0	0	0	
	65079	1	0	시간의모래(탈것)_7일	155874	1	69DDA0	40008	158874	0	0	34096	39999	0	911	0	911	0	Null	0	Null	0	0	0	0	0	0	0	0	0	0	0	0	2	6	255	0	0	0	0	0	0	0	0	0	0	0	0	0	0	0	0	0	0	0	0	0	0	0	0	0	0	0	0	0	0	0	0	0	0	0	0	0	99	0	0	0	0	0	0	0	0	0	0	0	0	0	0	0	0	0	0	0	0	0	0	0	0	0	0	0	0	0	0	0	0	0	0	0	0	0	0	0	0	0	0	0	0	0	1	0	0	0	0	21	0	0	0	0	0	0	0	0	7	0	0	0	0	0	0	0	0	0	0	0	0	0	0	0	0	0	0	0	0	0	0	0	0	0	0	0	0	0	0	0	0	0	0	0	
	65080	1	0	시간의모래(탈것)_28일	155875	1	69DDA0	40008	158875	0	0	34096	39999	0	911	0	911	0	Null	0	Null	0	0	0	0	0	0	0	0	0	0	0	0	2	6	255	0	0	0	0	0	0	0	0	0	0	0	0	0	0	0	0	0	0	0	0	0	0	0	0	0	0	0	0	0	0	0	0	0	0	0	0	0	99	0	0	0	0	0	0	0	0	0	0	0	0	0	0	0	0	0	0	0	0	0	0	0	0	0	0	0	0	0	0	0	0	0	0	0	0	0	0	0	0	0	0	0	0	0	1	0	0	0	0	21	0	0	0	0	0	0	0	0	28	0	0	0	0	0	0	0	0	0	0	0	0	0	0	0	0	0	0	0	0	0	0	0	0	0	0	0	0	0	0	0	0	0	0	0	
	65081	1	0	시간의모래(파츠)_1일	155876	1	69DDA0	40008	158876	0	0	34096	39999	0	911	0	911	0	Null	0	Null	0	0	0	0	0	0	0	0	0	0	0	0	2	6	255	0	0	0	0	0	0	0	0	0	0	0	0	0	0	0	0	0	0	0	0	0	0	0	0	0	0	0	0	0	0	0	0	0	0	0	0	0	99	0	0	0	0	0	0	0	0	0	0	0	0	0	0	0	0	0	0	0	0	0	0	0	0	0	0	0	0	0	0	0	0	0	0	0	0	0	0	0	0	0	0	0	0	0	1	0	0	0	0	22	0	0	0	0	0	0	0	0	1	0	0	0	0	0	0	0	0	0	0	0	0	0	0	0	0	0	0	0	0	0	0	0	0	0	0	0	0	0	0	0	0	0	0	0	
	65082	1	0	시간의모래(파츠)_3일	155877	1	69DDA0	40008	158877	0	0	34096	39999	0	911	0	911	0	Null	0	Null	0	0	0	0	0	0	0	0	0	0	0	0	2	6	255	0	0	0	0	0	0	0	0	0	0	0	0	0	0	0	0	0	0	0	0	0	0	0	0	0	0	0	0	0	0	0	0	0	0	0	0	0	99	0	0	0	0	0	0	0	0	0	0	0	0	0	0	0	0	0	0	0	0	0	0	0	0	0	0	0	0	0	0	0	0	0	0	0	0	0	0	0	0	0	0	0	0	0	1	0	0	0	0	22	0	0	0	0	0	0	0	0	3	0	0	0	0	0	0	0	0	0	0	0	0	0	0	0	0	0	0	0	0	0	0	0	0	0	0	0	0	0	0	0	0	0	0	0	
	65083	1	0	시간의모래(파츠)_7일	155878	1	69DDA0	40008	158878	0	0	34096	39999	0	911	0	911	0	Null	0	Null	0	0	0	0	0	0	0	0	0	0	0	0	2	6	255	0	0	0	0	0	0	0	0	0	0	0	0	0	0	0	0	0	0	0	0	0	0	0	0	0	0	0	0	0	0	0	0	0	0	0	0	0	99	0	0	0	0	0	0	0	0	0	0	0	0	0	0	0	0	0	0	0	0	0	0	0	0	0	0	0	0	0	0	0	0	0	0	0	0	0	0	0	0	0	0	0	0	0	1	0	0	0	0	22	0	0	0	0	0	0	0	0	7	0	0	0	0	0	0	0	0	0	0	0	0	0	0	0	0	0	0	0	0	0	0	0	0	0	0	0	0	0	0	0	0	0	0	0	
	65084	1	0	시간의모래(파츠)_28일	155879	1	69DDA0	40008	158879	0	0	34096	39999	0	911	0	911	0	Null	0	Null	0	0	0	0	0	0	0	0	0	0	0	0	2	6	255	0	0	0	0	0	0	0	0	0	0	0	0	0	0	0	0	0	0	0	0	0	0	0	0	0	0	0	0	0	0	0	0	0	0	0	0	0	99	0	0	0	0	0	0	0	0	0	0	0	0	0	0	0	0	0	0	0	0	0	0	0	0	0	0	0	0	0	0	0	0	0	0	0	0	0	0	0	0	0	0	0	0	0	1	0	0	0	0	22	0	0	0	0	0	0	0	0	28	0	0	0	0	0	0	0	0	0	0	0	0	0	0	0	0	0	0	0	0	0	0	0	0	0	0	0	0	0	0	0	0	0	0	0	
	65085	1	0	헤르메시즘의성서(3~5소켓)	47711	1	69DDA0	9445	48711	0	0	73534	39918	0	20036	0	911	0	Null	0	Null	0	4	0	0	1	0	0	0	0	0	0	0	2	262	255	0	0	0	0	0	0	0	0	0	0	0	0	0	0	0	0	0	0	0	0	0	0	0	0	0	0	0	0	0	0	0	0	0	0	0	0	0	99	0	0	0	0	0	0	0	0	0	0	0	0	0	0	0	0	0	0	0	0	0	0	0	0	0	0	0	0	0	0	0	0	0	0	0	0	0	0	0	0	0	0	0	0	0	255	0	0	0	0	0	0	0	0	0	0	0	0	0	0	0	0	0	0	0	0	0	0	0	0	0	0	0	0	0	0	0	0	0	0	0	0	0	0	0	0	0	0	0	0	0	0	0	0	0	
//	[ID65086~]_레벨업박스지급용							#N/A																																																																																																																																																																	
	65086	1	2	레벨업박스지급용_해방군의의지(거래/창고불가)	158118	1	69DDA0	40022	159033	0	0	72012	39918	0	811	0	911	8	Q000	1	Null	0	0	0	0	1	0	0	0	0	0	0	0	1	295	255	0	0	0	0	0	0	0	0	0	0	0	0	0	0	0	0	0	0	0	0	0	0	0	0	0	0	0	0	0	1	1	1	1	1	1	1	1	16	1	45	5	30	0	0	0	0	0	0	0	0	0	0	0	0	0	0	0	0	1	45	5	10	0	0	0	0	0	0	0	0	0	0	0	0	0	0	0	0	0	0	0	0	0	1	1	0	3	1	0	0	0	0	0	0	0	0	0	0	0	0	0	0	0	0	0	0	0	0	0	0	0	0	0	0	0	0	0	0	0	0	0	0	0	0	0	0	0	0	0	0	0	0	1	
	65087	1	2	레벨업박스지급용_맹공의반지(거래/창고불가)	158508	1	69DDA0	40022	159040	0	0	72001	39918	0	811	0	811	8	Q000	1	Null	0	0	0	0	1	0	0	0	0	0	0	0	1	295	255	0	0	0	0	0	0	0	0	0	0	0	0	0	0	0	0	0	0	0	0	0	0	0	0	0	0	0	0	0	1	1	1	1	1	1	1	1	16	1	47	2	10	1	35	2	10	0	0	0	0	0	0	0	0	0	0	0	0	1	47	2	5	1	35	2	5	0	0	0	0	0	0	0	0	0	0	0	0	0	0	0	0	0	1	2	0	1	2	0	0	0	0	0	0	0	0	0	0	0	0	0	0	0	0	0	0	0	0	0	0	0	0	0	0	0	0	0	0	0	0	0	0	0	0	0	0	0	0	0	0	0	0	1	
	65088	1	2	레벨업박스지급용_수호의반지(거래/창고불가)	158509	1	69DDA0	40022	159039	0	0	72002	39918	0	811	0	811	8	Q000	1	Null	0	0	0	0	1	0	0	0	0	0	0	0	1	295	255	0	0	0	0	0	0	0	0	0	0	0	0	0	0	0	0	0	0	0	0	0	0	0	0	0	0	0	0	0	1	1	1	1	1	1	1	1	16	1	49	2	10	0	0	0	0	0	0	0	0	0	0	0	0	0	0	0	0	1	49	2	5	0	0	0	0	0	0	0	0	0	0	0	0	0	0	0	0	0	0	0	0	0	1	2	0	2	2	0	0	0	0	0	0	0	0	0	0	0	0	0	0	0	0	0	0	0	0	0	0	0	0	0	0	0	0	0	0	0	0	0	0	0	0	0	0	0	0	0	0	0	0	1	
//	[ID65089~]_승냥이의비약보상상자							#N/A																																																																																																																																																																	
	65089	1	0	승냥이의비약_2(10분)_보상상자	155988	1	69DDA0	42015	48311	0	0	25356	39999	0	20029	0	911	0	Null	0	Null	0	0	0	0	1	0	0	0	0	0	0	0	2	6	255	0	0	0	0	0	0	0	0	0	0	0	0	0	0	0	0	0	0	0	0	0	0	0	0	0	0	0	0	0	1	1	1	1	1	1	1	1	99	0	0	0	0	0	0	0	0	0	0	0	0	0	0	0	0	0	0	0	0	0	0	0	0	0	0	0	0	0	0	0	0	0	0	0	0	0	0	0	0	0	0	0	0	0	1	0	0	0	0	0	0	0	0	0	0	0	0	0	628	0	0	0	0	0	0	0	0	0	0	0	0	0	0	0	0	0	0	0	0	0	0	0	0	0	0	0	0	0	0	0	0	0	0	1	
	65090	1	0	승냥이의비약_2(30분)_보상상자	155989	1	69DDA0	42015	48312	0	0	25356	39999	0	20029	0	911	0	Null	0	Null	0	0	0	0	1	0	0	0	0	0	0	0	2	6	255	0	0	0	0	0	0	0	0	0	0	0	0	0	0	0	0	0	0	0	0	0	0	0	0	0	0	0	0	0	1	1	1	1	1	1	1	1	99	0	0	0	0	0	0	0	0	0	0	0	0	0	0	0	0	0	0	0	0	0	0	0	0	0	0	0	0	0	0	0	0	0	0	0	0	0	0	0	0	0	0	0	0	0	1	0	0	0	0	0	0	0	0	0	0	0	0	0	629	0	0	0	0	0	0	0	0	0	0	0	0	0	0	0	0	0	0	0	0	0	0	0	0	0	0	0	0	0	0	0	0	0	0	1	
	65091	1	0	승냥이의비약_2(60분)_보상상자	155990	1	69DDA0	42015	48313	0	0	25356	39999	0	20029	0	911	0	Null	0	Null	0	0	0	0	1	0	0	0	0	0	0	0	2	6	255	0	0	0	0	0	0	0	0	0	0	0	0	0	0	0	0	0	0	0	0	0	0	0	0	0	0	0	0	0	1	1	1	1	1	1	1	1	99	0	0	0	0	0	0	0	0	0	0	0	0	0	0	0	0	0	0	0	0	0	0	0	0	0	0	0	0	0	0	0	0	0	0	0	0	0	0	0	0	0	0	0	0	0	1	0	0	0	0	0	0	0	0	0	0	0	0	0	630	0	0	0	0	0	0	0	0	0	0	0	0	0	0	0	0	0	0	0	0	0	0	0	0	0	0	0	0	0	0	0	0	0	0	1	
	65092	1	0	승냥이의비약_2(6시간)_보상상자	155991	1	69DDA0	42015	48314	0	0	25356	39999	0	20029	0	911	0	Null	0	Null	0	0	0	0	1	0	0	0	0	0	0	0	2	6	255	0	0	0	0	0	0	0	0	0	0	0	0	0	0	0	0	0	0	0	0	0	0	0	0	0	0	0	0	0	1	1	1	1	1	1	1	1	99	0	0	0	0	0	0	0	0	0	0	0	0	0	0	0	0	0	0	0	0	0	0	0	0	0	0	0	0	0	0	0	0	0	0	0	0	0	0	0	0	0	0	0	0	0	1	0	0	0	0	0	0	0	0	0	0	0	0	0	631	0	0	0	0	0	0	0	0	0	0	0	0	0	0	0	0	0	0	0	0	0	0	0	0	0	0	0	0	0	0	0	0	0	0	1	
	65093	1	0	승냥이의비약_2(12시간)_보상상자	155992	1	69DDA0	42015	48315	0	0	25356	39999	0	20029	0	911	0	Null	0	Null	0	0	0	0	1	0	0	0	0	0	0	0	2	6	255	0	0	0	0	0	0	0	0	0	0	0	0	0	0	0	0	0	0	0	0	0	0	0	0	0	0	0	0	0	1	1	1	1	1	1	1	1	99	0	0	0	0	0	0	0	0	0	0	0	0	0	0	0	0	0	0	0	0	0	0	0	0	0	0	0	0	0	0	0	0	0	0	0	0	0	0	0	0	0	0	0	0	0	1	0	0	0	0	0	0	0	0	0	0	0	0	0	632	0	0	0	0	0	0	0	0	0	0	0	0	0	0	0	0	0	0	0	0	0	0	0	0	0	0	0	0	0	0	0	0	0	0	1	
	65094	1	0	승냥이의비약_2(24시간)_보상상자	155993	1	69DDA0	42015	48316	0	0	25356	39999	0	20029	0	911	0	Null	0	Null	0	0	0	0	1	0	0	0	0	0	0	0	2	6	255	0	0	0	0	0	0	0	0	0	0	0	0	0	0	0	0	0	0	0	0	0	0	0	0	0	0	0	0	0	1	1	1	1	1	1	1	1	99	0	0	0	0	0	0	0	0	0	0	0	0	0	0	0	0	0	0	0	0	0	0	0	0	0	0	0	0	0	0	0	0	0	0	0	0	0	0	0	0	0	0	0	0	0	1	0	0	0	0	0	0	0	0	0	0	0	0	0	633	0	0	0	0	0	0	0	0	0	0	0	0	0	0	0	0	0	0	0	0	0	0	0	0	0	0	0	0	0	0	0	0	0	0	1	
	65095	1	0	승냥이의기세(10분)_보상상자	155994	1	69DDA0	42015	48317	0	0	25357	39999	0	20029	0	911	0	Null	0	Null	0	0	0	0	1	0	0	0	0	0	0	0	2	6	255	0	0	0	0	0	0	0	0	0	0	0	0	0	0	0	0	0	0	0	0	0	0	0	0	0	0	0	0	0	1	1	1	1	1	1	1	1	99	0	0	0	0	0	0	0	0	0	0	0	0	0	0	0	0	0	0	0	0	0	0	0	0	0	0	0	0	0	0	0	0	0	0	0	0	0	0	0	0	0	0	0	0	0	1	0	0	0	0	0	0	0	0	0	0	0	0	0	634	0	0	0	0	0	0	0	0	0	0	0	0	0	0	0	0	0	0	0	0	0	0	0	0	0	0	0	0	0	0	0	0	0	0	1	
	65096	1	0	승냥이의기세(30분)_보상상자	155995	1	69DDA0	42015	48318	0	0	25357	39999	0	20029	0	911	0	Null	0	Null	0	0	0	0	1	0	0	0	0	0	0	0	2	6	255	0	0	0	0	0	0	0	0	0	0	0	0	0	0	0	0	0	0	0	0	0	0	0	0	0	0	0	0	0	1	1	1	1	1	1	1	1	99	0	0	0	0	0	0	0	0	0	0	0	0	0	0	0	0	0	0	0	0	0	0	0	0	0	0	0	0	0	0	0	0	0	0	0	0	0	0	0	0	0	0	0	0	0	1	0	0	0	0	0	0	0	0	0	0	0	0	0	635	0	0	0	0	0	0	0	0	0	0	0	0	0	0	0	0	0	0	0	0	0	0	0	0	0	0	0	0	0	0	0	0	0	0	1	
	65097	1	0	승냥이의기세(60분)_보상상자	155996	1	69DDA0	42015	48319	0	0	25357	39999	0	20029	0	911	0	Null	0	Null	0	0	0	0	1	0	0	0	0	0	0	0	2	6	255	0	0	0	0	0	0	0	0	0	0	0	0	0	0	0	0	0	0	0	0	0	0	0	0	0	0	0	0	0	1	1	1	1	1	1	1	1	99	0	0	0	0	0	0	0	0	0	0	0	0	0	0	0	0	0	0	0	0	0	0	0	0	0	0	0	0	0	0	0	0	0	0	0	0	0	0	0	0	0	0	0	0	0	1	0	0	0	0	0	0	0	0	0	0	0	0	0	636	0	0	0	0	0	0	0	0	0	0	0	0	0	0	0	0	0	0	0	0	0	0	0	0	0	0	0	0	0	0	0	0	0	0	1	
	65098	1	0	승냥이의기세(6시간)_보상상자	158981	1	69DDA0	42015	48320	0	0	25357	39999	0	20029	0	911	0	Null	0	Null	0	0	0	0	1	0	0	0	0	0	0	0	2	6	255	0	0	0	0	0	0	0	0	0	0	0	0	0	0	0	0	0	0	0	0	0	0	0	0	0	0	0	0	0	1	1	1	1	1	1	1	1	99	0	0	0	0	0	0	0	0	0	0	0	0	0	0	0	0	0	0	0	0	0	0	0	0	0	0	0	0	0	0	0	0	0	0	0	0	0	0	0	0	0	0	0	0	0	1	0	0	0	0	0	0	0	0	0	0	0	0	0	637	0	0	0	0	0	0	0	0	0	0	0	0	0	0	0	0	0	0	0	0	0	0	0	0	0	0	0	0	0	0	0	0	0	0	1	
	65099	1	0	승냥이의기세(12시간)_보상상자	158982	1	69DDA0	42015	48321	0	0	25357	39999	0	20029	0	911	0	Null	0	Null	0	0	0	0	1	0	0	0	0	0	0	0	2	6	255	0	0	0	0	0	0	0	0	0	0	0	0	0	0	0	0	0	0	0	0	0	0	0	0	0	0	0	0	0	1	1	1	1	1	1	1	1	99	0	0	0	0	0	0	0	0	0	0	0	0	0	0	0	0	0	0	0	0	0	0	0	0	0	0	0	0	0	0	0	0	0	0	0	0	0	0	0	0	0	0	0	0	0	1	0	0	0	0	0	0	0	0	0	0	0	0	0	638	0	0	0	0	0	0	0	0	0	0	0	0	0	0	0	0	0	0	0	0	0	0	0	0	0	0	0	0	0	0	0	0	0	0	1	
	65100	1	0	승냥이의기세(24시간)_보상상자	158983	1	69DDA0	42015	48322	0	0	25357	39999	0	20029	0	911	0	Null	0	Null	0	0	0	0	1	0	0	0	0	0	0	0	2	6	255	0	0	0	0	0	0	0	0	0	0	0	0	0	0	0	0	0	0	0	0	0	0	0	0	0	0	0	0	0	1	1	1	1	1	1	1	1	99	0	0	0	0	0	0	0	0	0	0	0	0	0	0	0	0	0	0	0	0	0	0	0	0	0	0	0	0	0	0	0	0	0	0	0	0	0	0	0	0	0	0	0	0	0	1	0	0	0	0	0	0	0	0	0	0	0	0	0	639	0	0	0	0	0	0	0	0	0	0	0	0	0	0	0	0	0	0	0	0	0	0	0	0	0	0	0	0	0	0	0	0	0	0	1	
	65101	1	0	승냥이의정기(10분)_보상상자	158984	1	69DDA0	42015	48323	0	0	25358	39999	0	20029	0	911	0	Null	0	Null	0	0	0	0	1	0	0	0	0	0	0	0	2	6	255	0	0	0	0	0	0	0	0	0	0	0	0	0	0	0	0	0	0	0	0	0	0	0	0	0	0	0	0	0	1	1	1	1	1	1	1	1	99	0	0	0	0	0	0	0	0	0	0	0	0	0	0	0	0	0	0	0	0	0	0	0	0	0	0	0	0	0	0	0	0	0	0	0	0	0	0	0	0	0	0	0	0	0	1	0	0	0	0	0	0	0	0	0	0	0	0	0	640	0	0	0	0	0	0	0	0	0	0	0	0	0	0	0	0	0	0	0	0	0	0	0	0	0	0	0	0	0	0	0	0	0	0	1	
	65102	1	0	승냥이의정기(30분)_보상상자	158985	1	69DDA0	42015	48325	0	0	25358	39999	0	20029	0	911	0	Null	0	Null	0	0	0	0	1	0	0	0	0	0	0	0	2	6	255	0	0	0	0	0	0	0	0	0	0	0	0	0	0	0	0	0	0	0	0	0	0	0	0	0	0	0	0	0	1	1	1	1	1	1	1	1	99	0	0	0	0	0	0	0	0	0	0	0	0	0	0	0	0	0	0	0	0	0	0	0	0	0	0	0	0	0	0	0	0	0	0	0	0	0	0	0	0	0	0	0	0	0	1	0	0	0	0	0	0	0	0	0	0	0	0	0	641	0	0	0	0	0	0	0	0	0	0	0	0	0	0	0	0	0	0	0	0	0	0	0	0	0	0	0	0	0	0	0	0	0	0	1	
	65103	1	0	승냥이의정기(60분)_보상상자	158986	1	69DDA0	42015	48326	0	0	25358	39999	0	20029	0	911	0	Null	0	Null	0	0	0	0	1	0	0	0	0	0	0	0	2	6	255	0	0	0	0	0	0	0	0	0	0	0	0	0	0	0	0	0	0	0	0	0	0	0	0	0	0	0	0	0	1	1	1	1	1	1	1	1	99	0	0	0	0	0	0	0	0	0	0	0	0	0	0	0	0	0	0	0	0	0	0	0	0	0	0	0	0	0	0	0	0	0	0	0	0	0	0	0	0	0	0	0	0	0	1	0	0	0	0	0	0	0	0	0	0	0	0	0	642	0	0	0	0	0	0	0	0	0	0	0	0	0	0	0	0	0	0	0	0	0	0	0	0	0	0	0	0	0	0	0	0	0	0	1	
	65104	1	0	승냥이의정기(6시간)_보상상자	158987	1	69DDA0	42015	48327	0	0	25358	39999	0	20029	0	911	0	Null	0	Null	0	0	0	0	1	0	0	0	0	0	0	0	2	6	255	0	0	0	0	0	0	0	0	0	0	0	0	0	0	0	0	0	0	0	0	0	0	0	0	0	0	0	0	0	1	1	1	1	1	1	1	1	99	0	0	0	0	0	0	0	0	0	0	0	0	0	0	0	0	0	0	0	0	0	0	0	0	0	0	0	0	0	0	0	0	0	0	0	0	0	0	0	0	0	0	0	0	0	1	0	0	0	0	0	0	0	0	0	0	0	0	0	643	0	0	0	0	0	0	0	0	0	0	0	0	0	0	0	0	0	0	0	0	0	0	0	0	0	0	0	0	0	0	0	0	0	0	1	
	65105	1	0	승냥이의정기(12시간)_보상상자	158988	1	69DDA0	42015	48328	0	0	25358	39999	0	20029	0	911	0	Null	0	Null	0	0	0	0	1	0	0	0	0	0	0	0	2	6	255	0	0	0	0	0	0	0	0	0	0	0	0	0	0	0	0	0	0	0	0	0	0	0	0	0	0	0	0	0	1	1	1	1	1	1	1	1	99	0	0	0	0	0	0	0	0	0	0	0	0	0	0	0	0	0	0	0	0	0	0	0	0	0	0	0	0	0	0	0	0	0	0	0	0	0	0	0	0	0	0	0	0	0	1	0	0	0	0	0	0	0	0	0	0	0	0	0	644	0	0	0	0	0	0	0	0	0	0	0	0	0	0	0	0	0	0	0	0	0	0	0	0	0	0	0	0	0	0	0	0	0	0	1	
	65106	1	0	승냥이의정기(24시간)_보상상자	158989	1	69DDA0	42015	48329	0	0	25358	39999	0	20029	0	911	0	Null	0	Null	0	0	0	0	1	0	0	0	0	0	0	0	2	6	255	0	0	0	0	0	0	0	0	0	0	0	0	0	0	0	0	0	0	0	0	0	0	0	0	0	0	0	0	0	1	1	1	1	1	1	1	1	99	0	0	0	0	0	0	0	0	0	0	0	0	0	0	0	0	0	0	0	0	0	0	0	0	0	0	0	0	0	0	0	0	0	0	0	0	0	0	0	0	0	0	0	0	0	1	0	0	0	0	0	0	0	0	0	0	0	0	0	645	0	0	0	0	0	0	0	0	0	0	0	0	0	0	0	0	0	0	0	0	0	0	0	0	0	0	0	0	0	0	0	0	0	0	1	
	65107	1	0	승냥이의혼(10분)_보상상자	158990	1	69DDA0	42015	48330	0	0	25359	39999	0	20029	0	911	0	Null	0	Null	0	0	0	0	1	0	0	0	0	0	0	0	2	6	255	0	0	0	0	0	0	0	0	0	0	0	0	0	0	0	0	0	0	0	0	0	0	0	0	0	0	0	0	0	1	1	1	1	1	1	1	1	99	0	0	0	0	0	0	0	0	0	0	0	0	0	0	0	0	0	0	0	0	0	0	0	0	0	0	0	0	0	0	0	0	0	0	0	0	0	0	0	0	0	0	0	0	0	1	0	0	0	0	0	0	0	0	0	0	0	0	0	646	0	0	0	0	0	0	0	0	0	0	0	0	0	0	0	0	0	0	0	0	0	0	0	0	0	0	0	0	0	0	0	0	0	0	1	
	65108	1	0	승냥이의혼(30분)_보상상자	158991	1	69DDA0	42015	48331	0	0	25359	39999	0	20029	0	911	0	Null	0	Null	0	0	0	0	1	0	0	0	0	0	0	0	2	6	255	0	0	0	0	0	0	0	0	0	0	0	0	0	0	0	0	0	0	0	0	0	0	0	0	0	0	0	0	0	1	1	1	1	1	1	1	1	99	0	0	0	0	0	0	0	0	0	0	0	0	0	0	0	0	0	0	0	0	0	0	0	0	0	0	0	0	0	0	0	0	0	0	0	0	0	0	0	0	0	0	0	0	0	1	0	0	0	0	0	0	0	0	0	0	0	0	0	647	0	0	0	0	0	0	0	0	0	0	0	0	0	0	0	0	0	0	0	0	0	0	0	0	0	0	0	0	0	0	0	0	0	0	1	
	65109	1	0	승냥이의혼(60분)_보상상자	158992	1	69DDA0	42015	48332	0	0	25359	39999	0	20029	0	911	0	Null	0	Null	0	0	0	0	1	0	0	0	0	0	0	0	2	6	255	0	0	0	0	0	0	0	0	0	0	0	0	0	0	0	0	0	0	0	0	0	0	0	0	0	0	0	0	0	1	1	1	1	1	1	1	1	99	0	0	0	0	0	0	0	0	0	0	0	0	0	0	0	0	0	0	0	0	0	0	0	0	0	0	0	0	0	0	0	0	0	0	0	0	0	0	0	0	0	0	0	0	0	1	0	0	0	0	0	0	0	0	0	0	0	0	0	648	0	0	0	0	0	0	0	0	0	0	0	0	0	0	0	0	0	0	0	0	0	0	0	0	0	0	0	0	0	0	0	0	0	0	1	
	65110	1	0	승냥이의혼(6시간)_보상상자	158993	1	69DDA0	42015	48333	0	0	25359	39999	0	20029	0	911	0	Null	0	Null	0	0	0	0	1	0	0	0	0	0	0	0	2	6	255	0	0	0	0	0	0	0	0	0	0	0	0	0	0	0	0	0	0	0	0	0	0	0	0	0	0	0	0	0	1	1	1	1	1	1	1	1	99	0	0	0	0	0	0	0	0	0	0	0	0	0	0	0	0	0	0	0	0	0	0	0	0	0	0	0	0	0	0	0	0	0	0	0	0	0	0	0	0	0	0	0	0	0	1	0	0	0	0	0	0	0	0	0	0	0	0	0	649	0	0	0	0	0	0	0	0	0	0	0	0	0	0	0	0	0	0	0	0	0	0	0	0	0	0	0	0	0	0	0	0	0	0	1	
	65111	1	0	승냥이의혼(12시간)_보상상자	158994	1	69DDA0	42015	48334	0	0	25359	39999	0	20029	0	911	0	Null	0	Null	0	0	0	0	1	0	0	0	0	0	0	0	2	6	255	0	0	0	0	0	0	0	0	0	0	0	0	0	0	0	0	0	0	0	0	0	0	0	0	0	0	0	0	0	1	1	1	1	1	1	1	1	99	0	0	0	0	0	0	0	0	0	0	0	0	0	0	0	0	0	0	0	0	0	0	0	0	0	0	0	0	0	0	0	0	0	0	0	0	0	0	0	0	0	0	0	0	0	1	0	0	0	0	0	0	0	0	0	0	0	0	0	650	0	0	0	0	0	0	0	0	0	0	0	0	0	0	0	0	0	0	0	0	0	0	0	0	0	0	0	0	0	0	0	0	0	0	1	
	65112	1	0	승냥이의혼(24시간)_보상상자	158995	1	69DDA0	42015	48335	0	0	25359	39999	0	20029	0	911	0	Null	0	Null	0	0	0	0	1	0	0	0	0	0	0	0	2	6	255	0	0	0	0	0	0	0	0	0	0	0	0	0	0	0	0	0	0	0	0	0	0	0	0	0	0	0	0	0	1	1	1	1	1	1	1	1	99	0	0	0	0	0	0	0	0	0	0	0	0	0	0	0	0	0	0	0	0	0	0	0	0	0	0	0	0	0	0	0	0	0	0	0	0	0	0	0	0	0	0	0	0	0	1	0	0	0	0	0	0	0	0	0	0	0	0	0	651	0	0	0	0	0	0	0	0	0	0	0	0	0	0	0	0	0	0	0	0	0	0	0	0	0	0	0	0	0	0	0	0	0	0	1	
//	[ID65290~65299]_성별변경 아이템							#N/A																								0																																																																																																																																									
	65290	1	0	성별변경권	25110	1	69DDA0	42024	26110	0	0	25143	39918	0	20061	0	911	0	Null	0	Null	0	0	0	0	1	0	0	0	0	0	0	0	2	6	255	0	0	0	0	0	0	0	0	0	0	0	0	0	0	0	0	0	0	0	0	0	0	0	0	0	0	0	0	0	1	0	0	0	0	0	0	0	99	0	0	0	0	0	0	0	0	0	0	0	0	0	0	0	0	0	0	0	0	0	0	0	0	0	0	0	0	0	0	0	0	0	0	0	0	0	0	0	0	0	0	0	0	0	1	0	0	0	0	0	0	0	0	0	0	0	0	0	0	0	0	0	0	0	0	0	0	0	0	0	0	0	0	0	0	0	0	0	0	0	0	0	0	0	0	0	0	0	0	0	0	0	0	0	
	65291	1	0	캐릭터슬롯추가(1개)	155974	1	69DDA0	40022	158974	0	0	73553	39918	0	20062	0	911	0	Null	0	Null	0	0	0	0	1	0	0	0	0	0	0	1	2	6	255	0	0	0	0	0	0	0	0	0	0	0	0	0	0	0	0	0	0	0	0	0	0	0	0	0	0	0	0	0	1	1	1	1	1	1	1	1	99	0	0	0	0	0	0	0	0	0	0	0	0	0	0	0	0	0	0	0	0	0	0	0	0	0	0	0	0	0	0	0	0	0	0	0	0	0	0	0	0	0	0	0	0	0	1	0	0	0	0	0	0	0	0	0	0	0	0	0	0	0	0	0	0	0	0	0	0	0	0	0	0	0	0	0	0	0	0	0	0	0	0	0	0	0	0	0	0	0	0	0	0	0	0	1	
	65292	1	0	캐릭터명변경권(지급용)	158548	1	69DDA0	40022	158549	0	0	73560	39918	0	20066	0	911	0	Null	0	Null	0	0	0	0	1	0	0	0	0	0	0	1	2	263	255	0	0	0	0	0	0	0	0	0	0	0	0	0	0	0	0	0	0	0	0	0	0	0	0	0	0	0	0	0	1	1	1	1	1	1	1	1	99	0	0	0	0	0	0	0	0	0	0	0	0	0	0	0	0	0	0	0	0	0	0	0	0	0	0	0	0	0	0	0	0	0	0	0	0	0	0	0	0	0	0	0	0	0	1	0	0	0	0	0	0	0	0	0	0	0	0	0	0	0	0	0	0	0	0	0	0	0	0	0	0	0	0	0	0	0	0	0	0	0	0	0	0	0	0	0	0	0	0	0	0	0	0	1	
	65293	1	0	캐릭터명변경권(판매용)	158677	1	69DDA0	40022	158549	0	0	73560	39918	0	20066	0	911	0	Null	0	Null	0	0	0	0	1	0	0	0	0	0	0	1	2	6	255	0	0	0	0	0	0	0	0	0	0	0	0	0	0	0	0	0	0	0	0	0	0	0	0	0	0	0	0	0	1	1	1	1	1	1	1	1	99	0	0	0	0	0	0	0	0	0	0	0	0	0	0	0	0	0	0	0	0	0	0	0	0	0	0	0	0	0	0	0	0	0	0	0	0	0	0	0	0	0	0	0	0	0	1	0	0	0	0	0	0	0	0	0	0	0	0	0	0	0	0	0	0	0	0	0	0	0	0	0	0	0	0	0	0	0	0	0	0	0	0	0	0	0	0	0	0	0	0	0	0	0	0	1	
//	[ID65300~65399]_글로벌전용_PP전용							#N/A																								0																																																																																																				0																																					
	65300	2	0	New칼버스복권_글로벌복권	158418	1	69DDA0	42024	48309	0	0	34077	39999	0	20029	0	911	0	Null	0	Null	0	0	0	0	1	0	0	0	0	0	0	0	2	0	255	0	0	0	0	0	0	0	0	0	0	0	0	0	0	0	0	0	0	0	0	0	0	0	0	0	0	0	0	0	1	1	1	1	1	1	1	1	99	0	0	0	0	0	0	0	0	0	0	0	0	0	0	0	0	0	0	0	0	0	0	0	0	0	0	0	0	0	0	0	0	0	0	0	0	0	0	0	0	0	0	0	0	0	1	0	0	0	0	0	0	0	0	0	0	0	0	0	168	0	0	0	0	0	0	0	0	0	0	0	0	0	0	0	0	0	0	0	0	0	0	0	0	0	0	0	0	0	0	0	0	0	0	1	
	65301	2	0	NewbieEquipment(B)_글로벌복권	158414	1	69DDA0	42024	48309	0	0	34077	39999	0	20029	0	911	0	Null	0	Null	0	0	0	0	1	0	0	0	0	0	0	0	2	0	255	0	0	0	0	0	0	0	0	0	0	0	0	0	0	0	0	0	0	0	0	0	0	0	0	0	0	0	0	0	1	1	1	1	1	1	1	1	99	0	0	0	0	0	0	0	0	0	0	0	0	0	0	0	0	0	0	0	0	0	0	0	0	0	0	0	0	0	0	0	0	0	0	0	0	0	0	0	0	0	0	0	0	0	1	0	0	0	0	0	0	0	0	0	0	0	0	0	169	0	0	0	0	0	0	0	0	0	0	0	0	0	0	0	0	0	0	0	0	0	0	0	0	0	0	0	0	0	0	0	0	0	0	1	
	65302	2	0	NewbieEquipment(D)_글로벌복권	158415	1	69DDA0	42024	48309	0	0	34077	39999	0	20029	0	911	0	Null	0	Null	0	0	0	0	1	0	0	0	0	0	0	0	2	0	255	0	0	0	0	0	0	0	0	0	0	0	0	0	0	0	0	0	0	0	0	0	0	0	0	0	0	0	0	0	1	1	1	1	1	1	1	1	99	0	0	0	0	0	0	0	0	0	0	0	0	0	0	0	0	0	0	0	0	0	0	0	0	0	0	0	0	0	0	0	0	0	0	0	0	0	0	0	0	0	0	0	0	0	1	0	0	0	0	0	0	0	0	0	0	0	0	0	170	0	0	0	0	0	0	0	0	0	0	0	0	0	0	0	0	0	0	0	0	0	0	0	0	0	0	0	0	0	0	0	0	0	0	1	
	65303	2	0	NewbieEquipment(V)_글로벌복권	158416	1	69DDA0	42024	48309	0	0	34077	39999	0	20029	0	911	0	Null	0	Null	0	0	0	0	1	0	0	0	0	0	0	0	2	0	255	0	0	0	0	0	0	0	0	0	0	0	0	0	0	0	0	0	0	0	0	0	0	0	0	0	0	0	0	0	1	1	1	1	1	1	1	1	99	0	0	0	0	0	0	0	0	0	0	0	0	0	0	0	0	0	0	0	0	0	0	0	0	0	0	0	0	0	0	0	0	0	0	0	0	0	0	0	0	0	0	0	0	0	1	0	0	0	0	0	0	0	0	0	0	0	0	0	171	0	0	0	0	0	0	0	0	0	0	0	0	0	0	0	0	0	0	0	0	0	0	0	0	0	0	0	0	0	0	0	0	0	0	1	
	65304	2	0	NewbieEquipment(E)_글로벌복권	158417	1	69DDA0	42024	48309	0	0	34077	39999	0	20029	0	911	0	Null	0	Null	0	0	0	0	1	0	0	0	0	0	0	0	2	0	255	0	0	0	0	0	0	0	0	0	0	0	0	0	0	0	0	0	0	0	0	0	0	0	0	0	0	0	0	0	1	1	1	1	1	1	1	1	99	0	0	0	0	0	0	0	0	0	0	0	0	0	0	0	0	0	0	0	0	0	0	0	0	0	0	0	0	0	0	0	0	0	0	0	0	0	0	0	0	0	0	0	0	0	1	0	0	0	0	0	0	0	0	0	0	0	0	0	172	0	0	0	0	0	0	0	0	0	0	0	0	0	0	0	0	0	0	0	0	0	0	0	0	0	0	0	0	0	0	0	0	0	0	1	
//	글로벌_점핑캐릭터지급용캐시아이템							#N/A																																																																																																																																																																	
	65305	1	2	[상급]해방군의의지_LE(구_신해방군의의지)_점핑지급용	158485	1	69DDA0	40022	159420	0	0	72012	39918	0	811	0	811	8	Q000	1	Null	0	0	0	0	1	0	0	0	0	0	0	0	1	295	255	0	0	0	0	0	0	0	0	0	0	0	0	0	0	0	0	0	0	0	0	0	0	0	0	0	0	0	0	0	1	1	1	1	1	1	1	1	16	1	45	5	50	1	32	1	3	0	0	0	0	0	0	0	0	0	0	0	0	0	0	0	0	0	0	0	0	0	0	0	0	0	0	0	0	0	0	0	0	0	0	0	0	0	1	1	0	3	1	0	0	0	0	0	0	0	0	0	0	0	0	0	0	0	0	0	0	0	0	0	0	0	0	0	0	0	0	0	0	0	0	0	0	0	0	0	0	0	0	0	0	0	0	1	
	65306	1	0	치타의정기(30분)_LE_점핑지급용	155902	1	69DDA0	42015	158901	0	0	72511	39918	0	911	0	911	8	Q005	1	Null	0	0	0	0	1	0	0	0	0	0	0	0	2	295	255	0	0	0	0	0	0	0	0	0	0	0	0	0	0	0	0	0	0	0	0	0	0	0	0	0	0	0	0	0	1	1	1	1	1	1	1	1	99	0	0	0	0	0	0	0	0	0	0	0	0	0	0	0	0	0	0	0	0	0	0	0	0	0	0	0	0	0	0	0	0	0	0	0	0	0	0	0	0	0	0	0	0	0	120	0	0	0	0	15	21	0	0	0	0	5000	0	0	0	58558	0	0	0	0	0	0	0	0	0	0	0	0	0	0	0	0	0	0	0	0	0	0	0	0	0	0	0	0	0	0	0	0	0	1	
	65307	1	0	곰의정기(30분)_LE_점핑지급용	155908	1	69DDA0	42015	158907	0	0	72512	39918	0	911	0	911	8	Q005	1	Null	0	0	0	0	1	0	0	0	0	0	0	0	2	295	255	0	0	0	0	0	0	0	0	0	0	0	0	0	0	0	0	0	0	0	0	0	0	0	0	0	0	0	0	0	1	1	1	1	1	1	1	1	99	0	0	0	0	0	0	0	0	0	0	0	0	0	0	0	0	0	0	0	0	0	0	0	0	0	0	0	0	0	0	0	0	0	0	0	0	0	0	0	0	0	0	0	0	0	120	0	0	0	0	15	22	0	0	0	0	5000	0	0	0	58564	0	0	0	0	0	0	0	0	0	0	0	0	0	0	0	0	0	0	0	0	0	0	0	0	0	0	0	0	0	0	0	0	0	1	
	65308	1	0	늑대의정기(30분)_LE_점핑지급용	155914	1	69DDA0	42015	158913	0	0	72513	39918	0	911	0	911	8	Q005	1	Null	0	0	0	0	1	0	0	0	0	0	0	0	2	295	255	0	0	0	0	0	0	0	0	0	0	0	0	0	0	0	0	0	0	0	0	0	0	0	0	0	0	0	0	0	1	1	1	1	1	1	1	1	99	0	0	0	0	0	0	0	0	0	0	0	0	0	0	0	0	0	0	0	0	0	0	0	0	0	0	0	0	0	0	0	0	0	0	0	0	0	0	0	0	0	0	0	0	0	120	0	0	0	0	15	23	0	0	0	0	5000	0	0	0	58570	0	0	0	0	0	0	0	0	0	0	0	0	0	0	0	0	0	0	0	0	0	0	0	0	0	0	0	0	0	0	0	0	0	1	
	65309	1	0	매의정기(30분)_LE_점핑지급용	155920	1	69DDA0	42015	158919	0	0	72514	39918	0	911	0	911	8	Q005	1	Null	0	0	0	0	1	0	0	0	0	0	0	0	2	295	255	0	0	0	0	0	0	0	0	0	0	0	0	0	0	0	0	0	0	0	0	0	0	0	0	0	0	0	0	0	1	1	1	1	1	1	1	1	99	0	0	0	0	0	0	0	0	0	0	0	0	0	0	0	0	0	0	0	0	0	0	0	0	0	0	0	0	0	0	0	0	0	0	0	0	0	0	0	0	0	0	0	0	0	120	0	0	0	0	15	24	0	0	0	0	5000	0	0	0	58576	0	0	0	0	0	0	0	0	0	0	0	0	0	0	0	0	0	0	0	0	0	0	0	0	0	0	0	0	0	0	0	0	0	1	
	65310	1	1	해방군의포고문(시간)_점핑지급용	158043	1	69DDA0	40008	159043	0	0	73506	39918	0	20004	0	911	0	Null	0	Null	0	0	0	0	1	0	0	0	0	0	0	0	1	295	255	0	0	0	0	0	0	0	0	0	0	0	0	0	0	0	0	0	0	0	0	0	0	0	0	0	0	0	0	0	1	1	1	1	1	1	1	1	99	0	0	0	0	0	0	0	0	0	0	0	0	0	0	0	0	0	0	0	0	0	0	0	0	0	0	0	0	0	0	0	0	0	0	0	0	0	0	0	0	0	0	0	0	0	1	0	0	0	0	0	0	0	0	0	0	0	0	0	0	0	0	0	0	0	0	0	0	0	0	0	0	0	0	0	0	0	0	0	0	0	0	0	0	0	0	0	0	0	0	0	0	0	0	1	
	65311	1	2	[캐쉬퍽]배테랑탐험가_일본	25921	1	69DDA0	40022	28921	0	0	36914	39918	0	20053	0	911	0	Null	0	Null	0	0	0	0	1	0	0	0	0	0	0	0	2	70	255	0	0	0	0	0	0	0	0	0	0	0	0	0	0	0	0	0	0	0	0	0	0	0	0	0	0	0	0	0	1	1	1	1	1	1	1	1	99	0	0	0	0	0	0	0	0	0	0	0	0	0	0	0	0	0	0	0	0	0	0	0	0	0	0	0	0	0	0	0	0	0	0	0	0	0	0	0	0	0	0	0	0	0	1	0	0	0	0	0	0	0	0	0	0	0	0	0	0	33	0	0	0	0	0	0	0	0	0	0	0	0	0	0	0	0	0	0	0	0	0	0	0	0	0	0	0	0	0	0	0	0	0	1	
//	[ID65400~65499]_국내이벤트지급용							#N/A																								0																																																																																														0																																											
	65400	1	8	[지급품]룬스톤_개인웨이포인트(거래불가)	158531	1	69DDA0	9445	46306	0	0	73539	39918	0	20038	0	911	0	Null	0	Null	0	0	0	0	1	0	0	0	0	0	0	0	4	263	255	0	0	0	0	0	0	0	0	0	0	0	0	0	0	0	0	0	0	0	0	0	0	0	0	0	0	0	0	0	1	1	1	1	1	1	1	1	99	0	0	0	0	0	0	0	0	0	0	0	0	0	0	0	0	0	0	0	0	0	0	0	0	0	0	0	0	0	0	0	0	0	0	0	0	0	0	0	0	0	0	0	0	0	1	0	0	0	0	3	16	0	0	0	0	0	0	0	0	0	0	0	0	0	0	0	0	0	0	0	0	0	0	0	0	0	0	0	0	0	0	0	0	0	0	0	0	0	0	0	0	0	0	1	
	65401	1	0	[지급품]여신의은혜(거래불가)	158532	1	69DDA0	40008	159023	0	0	73501	39918	0	20011	0	911	0	Null	0	Null	0	0	0	0	1	0	0	0	0	0	0	0	2	263	255	0	0	0	0	0	0	0	0	0	0	0	0	0	0	0	0	0	0	0	0	0	0	0	0	0	0	0	0	0	1	1	1	1	1	1	1	1	99	0	0	0	0	0	0	0	0	0	0	0	0	0	0	0	0	0	0	0	0	0	0	0	0	0	0	0	0	0	0	0	0	0	0	0	0	0	0	0	0	0	0	0	0	0	30	0	0	0	0	3	13	0	0	0	0	90000	0	0	0	55006	0	0	0	0	0	0	0	0	0	0	0	0	0	0	0	0	0	0	0	0	0	0	0	0	0	0	0	0	0	0	0	0	0	1	
	65402	1	0	[지급품]치타의기세(30분)(거래불가)	158492	1	69DDA0	42015	158517	0	0	72511	39918	0	911	0	911	8	Q005	1	Null	0	0	0	0	1	0	0	0	0	0	0	0	2	263	255	0	0	0	0	0	0	0	0	0	0	0	0	0	0	0	0	0	0	0	0	0	0	0	0	0	0	0	0	0	1	1	1	1	1	1	1	1	99	0	0	0	0	0	0	0	0	0	0	0	0	0	0	0	0	0	0	0	0	0	0	0	0	0	0	0	0	0	0	0	0	0	0	0	0	0	0	0	0	0	0	0	0	0	120	0	0	0	0	15	21	0	0	0	0	5000	0	0	0	58501	0	0	0	0	0	0	0	0	0	0	0	0	0	0	0	0	0	0	0	0	0	0	0	0	0	0	0	0	0	0	0	0	0	1	
	65403	1	0	[지급품]곰의기세(30분)(거래불가)	158493	1	69DDA0	42015	158519	0	0	72512	39918	0	911	0	911	8	Q005	1	Null	0	0	0	0	1	0	0	0	0	0	0	0	2	263	255	0	0	0	0	0	0	0	0	0	0	0	0	0	0	0	0	0	0	0	0	0	0	0	0	0	0	0	0	0	1	1	1	1	1	1	1	1	99	0	0	0	0	0	0	0	0	0	0	0	0	0	0	0	0	0	0	0	0	0	0	0	0	0	0	0	0	0	0	0	0	0	0	0	0	0	0	0	0	0	0	0	0	0	120	0	0	0	0	15	22	0	0	0	0	5000	0	0	0	58511	0	0	0	0	0	0	0	0	0	0	0	0	0	0	0	0	0	0	0	0	0	0	0	0	0	0	0	0	0	0	0	0	0	1	
	65404	1	0	[지급품]매의기세(30분)(거래불가)	158495	1	69DDA0	42015	158524	0	0	72514	39918	0	911	0	911	8	Q005	1	Null	0	0	0	0	1	0	0	0	0	0	0	0	2	263	255	0	0	0	0	0	0	0	0	0	0	0	0	0	0	0	0	0	0	0	0	0	0	0	0	0	0	0	0	0	1	1	1	1	1	1	1	1	99	0	0	0	0	0	0	0	0	0	0	0	0	0	0	0	0	0	0	0	0	0	0	0	0	0	0	0	0	0	0	0	0	0	0	0	0	0	0	0	0	0	0	0	0	0	120	0	0	0	0	15	24	0	0	0	0	5000	0	0	0	58531	0	0	0	0	0	0	0	0	0	0	0	0	0	0	0	0	0	0	0	0	0	0	0	0	0	0	0	0	0	0	0	0	0	1	
	65405	1	0	[지급품]뱀의기세(30분)(거래불가)	158528	1	69DDA0	42015	159053	0	0	72515	39918	0	911	0	911	8	Q005	1	Null	0	0	0	0	1	0	0	0	0	0	0	0	2	263	255	0	0	0	0	0	0	0	0	0	0	0	0	0	0	0	0	0	0	0	0	0	0	0	0	0	0	0	0	0	1	1	1	1	1	1	1	1	99	0	0	0	0	0	0	0	0	0	0	0	0	0	0	0	0	0	0	0	0	0	0	0	0	0	0	0	0	0	0	0	0	0	0	0	0	0	0	0	0	0	0	0	0	0	120	0	0	0	0	15	25	0	0	0	0	5000	0	0	0	58542	0	0	0	0	0	0	0	0	0	0	0	0	0	0	0	0	0	0	0	0	0	0	0	0	0	0	0	0	0	0	0	0	0	1	
	65407	1	0	[지급품]늑대의기세(30분)(거래불가)	158494	1	69DDA0	42015	158518	0	0	72513	39918	0	911	0	911	8	Q005	1	Null	0	0	0	0	1	0	0	0	0	0	0	0	2	263	255	0	0	0	0	0	0	0	0	0	0	0	0	0	0	0	0	0	0	0	0	0	0	0	0	0	0	0	0	0	1	1	1	1	1	1	1	1	99	0	0	0	0	0	0	0	0	0	0	0	0	0	0	0	0	0	0	0	0	0	0	0	0	0	0	0	0	0	0	0	0	0	0	0	0	0	0	0	0	0	0	0	0	0	120	0	0	0	0	15	23	0	0	0	0	5000	0	0	0	58521	0	0	0	0	0	0	0	0	0	0	0	0	0	0	0	0	0	0	0	0	0	0	0	0	0	0	0	0	0	0	0	0	0	1	
	65406	1	0	[지급품]승냥이의기세(30분)(거래/창고불가)	158496	1	69DDA0	42015	159063	0	0	72516	39918	0	911	0	911	8	Q005	1	Null	0	0	0	0	1	0	0	0	0	0	0	0	2	263	255	0	0	0	0	0	0	0	0	0	0	0	0	0	0	0	0	0	0	0	0	0	0	0	0	0	0	0	0	0	1	1	1	1	1	1	1	1	99	0	0	0	0	0	0	0	0	0	0	0	0	0	0	0	0	0	0	0	0	0	0	0	0	0	0	0	0	0	0	0	0	0	0	0	0	0	0	0	0	0	0	0	0	0	120	0	0	0	0	15	26	0	0	0	0	5000	0	0	0	58552	0	0	0	0	0	0	0	0	0	0	0	0	0	0	0	0	0	0	0	0	0	0	0	0	0	0	0	0	0	0	0	0	0	1	
	65408	1	0	[지급품]상급소멸의룬	158052	1	69DDA0	9445	159049	0	0	73502	39918	0	20003	0	911	0	Null	0	Null	0	0	0	0	1	0	0	0	0	0	0	0	2	263	255	0	0	0	0	0	0	0	0	0	0	0	0	0	0	0	0	0	0	0	0	0	0	0	0	0	0	0	0	0	1	1	1	1	1	1	1	1	99	0	0	0	0	0	0	0	0	0	0	0	0	0	0	0	0	0	0	0	0	0	0	0	0	0	0	0	0	0	0	0	0	0	0	0	0	0	0	0	0	0	0	0	0	0	30	0	0	0	0	0	15	0	0	0	0	0	0	0	0	0	0	0	500	0	0	0	0	0	0	0	0	0	0	0	0	0	0	0	0	0	0	0	0	0	0	0	0	0	0	0	0	0	0	1	
	65409	1	2	[지급품]해방군의의지	158033	1	69DDA0	40022	159033	0	0	72012	39918	0	811	0	811	8	Q000	1	Null	0	0	0	0	1	0	0	0	0	0	0	0	1	263	255	0	0	0	0	0	0	0	0	0	0	0	0	0	0	0	0	0	0	0	0	0	0	0	0	0	0	0	0	0	1	1	1	1	1	1	1	1	16	1	45	5	30	0	0	0	0	0	0	0	0	0	0	0	0	0	0	0	0	1	45	1	10	0	0	0	0	0	0	0	0	0	0	0	0	0	0	0	0	0	0	0	0	0	1	1	0	3	1	0	0	0	0	0	0	0	0	0	0	0	0	0	0	0	0	0	0	0	0	0	0	0	0	0	0	0	0	0	0	0	0	0	0	0	0	0	0	0	0	0	0	0	0	1	
	65410	1	2	[지급품]명지휘관의지휘봉	158050	1	69DDA0	40022	159019	0	0	73507	39918	0	20000	0	911	0	Null	0	Null	0	0	0	0	1	0	0	0	0	0	0	0	0	263	255	0	0	0	0	0	0	0	0	0	0	0	0	0	0	0	0	0	0	0	0	0	0	0	0	0	0	0	0	0	1	1	1	1	1	1	1	1	99	0	0	0	0	0	0	0	0	0	0	0	0	0	0	0	0	0	0	0	0	0	0	0	0	0	0	0	0	0	0	0	0	0	0	0	0	0	0	0	0	0	0	0	0	0	1	0	0	0	0	0	0	0	0	0	0	0	0	0	0	0	0	0	0	0	0	0	0	0	0	0	0	0	0	0	0	0	0	0	0	0	0	0	0	0	0	0	0	0	0	0	0	0	0	1	
	65411	1	0	[지급품]고급사료	158109	0	0	40008	159109	0	0	74623	39999	0	20021	0	20021	0	Null	0	Null	0	0	0	0	1	0	0	0	1000	1000	0	0	2	263	255	0	0	0	0	0	0	0	0	0	0	0	0	0	0	0	0	0	0	0	0	0	0	0	0	0	0	0	0	0	1	1	1	1	1	1	1	1	99	0	0	0	0	0	0	0	0	0	0	0	0	0	0	0	0	0	0	0	0	0	0	0	0	0	0	0	0	0	0	0	0	0	0	0	0	0	0	0	0	30	0	0	0	0	255	0	0	0	0	10	0	0	0	0	0	0	0	0	20	0	0	0	0	0	0	0	0	0	0	0	0	0	0	0	0	0	0	0	0	0	0	0	0	0	0	0	0	0	0	0	0	0	0	1	
	65412	1	0	[지급품]헤르메시즘의성서(랜덤형)	47279	0	0	9445	48279	0	0	73534	39918	0	20036	0	911	0	Null	0	Null	0	0	0	0	1	0	0	0	0	0	0	0	2	263	255	0	0	0	0	0	0	0	0	0	0	0	0	0	0	0	0	0	0	0	0	0	0	0	0	0	0	0	0	0	0	0	0	0	0	0	0	0	99	0	0	0	0	0	0	0	0	0	0	0	0	0	0	0	0	0	0	0	0	0	0	0	0	0	0	0	0	0	0	0	0	0	0	0	0	0	0	0	0	0	0	0	0	0	255	0	0	0	0	0	0	0	0	0	0	0	0	0	0	0	0	0	0	0	0	0	0	0	0	0	0	0	0	0	0	0	0	0	0	0	0	0	0	0	0	0	0	0	0	0	0	0	0	0	
	65413	1	0	[지급품]캐릭터슬롯추가(1개)	158998	1	69DDA0	40022	158974	0	0	73553	39918	0	20062	0	911	0	Null	0	Null	0	0	0	0	1	0	0	0	0	0	0	1	2	263	255	0	0	0	0	0	0	0	0	0	0	0	0	0	0	0	0	0	0	0	0	0	0	0	0	0	0	0	0	0	1	1	1	1	1	1	1	1	99	0	0	0	0	0	0	0	0	0	0	0	0	0	0	0	0	0	0	0	0	0	0	0	0	0	0	0	0	0	0	0	0	0	0	0	0	0	0	0	0	0	0	0	0	0	1	0	0	0	0	0	0	0	0	0	0	0	0	0	0	0	0	0	0	0	0	0	0	0	0	0	0	0	0	0	0	0	0	0	0	0	0	0	0	0	0	0	0	0	0	0	0	0	0	1	
//	2011국내휴면유저복귀지급용_거래/길드창고불가							#N/A																																																																																																																																																																	
	65414	1	2	[지급품]맹공의반지_이벤트(거래/길드창고불가)	158508	1	69DDA0	40022	159040	0	0	72001	39918	0	811	0	811	8	Q000	1	Null	0	0	0	0	1	0	0	0	0	0	0	0	1	263	255	0	0	0	0	0	0	0	0	0	0	0	0	0	0	0	0	0	0	0	0	0	0	0	0	0	0	0	0	0	1	1	1	1	1	1	1	1	16	1	47	2	10	1	35	2	10	0	0	0	0	0	0	0	0	0	0	0	0	1	47	2	5	1	35	2	5	0	0	0	0	0	0	0	0	0	0	0	0	0	0	0	0	0	1	2	0	1	2	0	0	0	0	0	0	0	0	0	0	0	0	0	0	0	0	0	0	0	0	0	0	0	0	0	0	0	0	0	0	0	0	0	0	0	0	0	0	0	0	0	0	0	0	1	
	65415	1	2	[지급품]수호의반지_이벤트(거래/길드창고불가)	158509	1	69DDA0	40022	159039	0	0	72002	39918	0	811	0	811	8	Q000	1	Null	0	0	0	0	1	0	0	0	0	0	0	0	1	263	255	0	0	0	0	0	0	0	0	0	0	0	0	0	0	0	0	0	0	0	0	0	0	0	0	0	0	0	0	0	1	1	1	1	1	1	1	1	16	1	49	2	10	0	0	0	0	0	0	0	0	0	0	0	0	0	0	0	0	1	49	2	5	0	0	0	0	0	0	0	0	0	0	0	0	0	0	0	0	0	0	0	0	0	1	2	0	2	2	0	0	0	0	0	0	0	0	0	0	0	0	0	0	0	0	0	0	0	0	0	0	0	0	0	0	0	0	0	0	0	0	0	0	0	0	0	0	0	0	0	0	0	0	1	
	65416	1	2	[지급품]분노의반지_이벤트(거래/길드창고불가)	158510	1	69DDA0	40022	159094	0	0	72002	39918	0	811	0	811	8	Q000	1	Null	0	0	0	0	1	0	0	0	0	0	0	0	1	263	255	0	0	0	0	0	0	0	0	0	0	0	0	0	0	0	0	0	0	0	0	0	0	0	0	0	0	0	0	0	1	1	1	1	1	1	1	1	16	1	31	5	10	0	0	0	0	0	0	0	0	0	0	0	0	0	0	0	0	0	0	0	0	0	0	0	0	0	0	0	0	0	0	0	0	0	0	0	0	0	0	0	0	0	1	1	0	0	0	0	0	0	0	0	0	0	0	0	0	0	0	0	0	0	0	0	0	0	0	0	0	0	0	0	0	0	0	0	0	0	0	0	0	0	0	0	0	0	0	0	0	0	0	1	
	65417	1	2	[지급품]해방군의의지(거래/길드창고불가)	158666	1	69DDA0	40022	159033	0	0	72012	39918	0	811	0	811	8	Q000	1	Null	0	0	0	0	1	0	0	0	0	0	0	0	1	263	255	0	0	0	0	0	0	0	0	0	0	0	0	0	0	0	0	0	0	0	0	0	0	0	0	0	0	0	0	0	1	1	1	1	1	1	1	1	16	1	45	5	30	0	0	0	0	0	0	0	0	0	0	0	0	0	0	0	0	1	45	1	10	0	0	0	0	0	0	0	0	0	0	0	0	0	0	0	0	0	0	0	0	0	1	1	0	3	1	0	0	0	0	0	0	0	0	0	0	0	0	0	0	0	0	0	0	0	0	0	0	0	0	0	0	0	0	0	0	0	0	0	0	0	0	0	0	0	0	0	0	0	0	1	
	65418	1	2	[지급품]명지휘관의지휘봉(거래/길드창고불가)	158539	1	69DDA0	40022	159019	0	0	73507	39918	0	20000	0	911	0	Null	0	Null	0	0	0	0	1	0	0	0	0	0	0	0	0	263	255	0	0	0	0	0	0	0	0	0	0	0	0	0	0	0	0	0	0	0	0	0	0	0	0	0	0	0	0	0	1	1	1	1	1	1	1	1	99	0	0	0	0	0	0	0	0	0	0	0	0	0	0	0	0	0	0	0	0	0	0	0	0	0	0	0	0	0	0	0	0	0	0	0	0	0	0	0	0	0	0	0	0	0	1	0	0	0	0	0	0	0	0	0	0	0	0	0	0	0	0	0	0	0	0	0	0	0	0	0	0	0	0	0	0	0	0	0	0	0	0	0	0	0	0	0	0	0	0	0	0	0	0	1	
	65419	1	8	[지급품]룬스톤_개인웨이포인트(거래/길드창고불가)	158531	1	69DDA0	9445	46306	0	0	73539	39918	0	20038	0	911	0	Null	0	Null	0	0	0	0	1	0	0	0	0	0	0	0	4	263	255	0	0	0	0	0	0	0	0	0	0	0	0	0	0	0	0	0	0	0	0	0	0	0	0	0	0	0	0	0	1	1	1	1	1	1	1	1	99	0	0	0	0	0	0	0	0	0	0	0	0	0	0	0	0	0	0	0	0	0	0	0	0	0	0	0	0	0	0	0	0	0	0	0	0	0	0	0	0	0	0	0	0	0	1	0	0	0	0	3	16	0	0	0	0	0	0	0	0	0	0	0	0	0	0	0	0	0	0	0	0	0	0	0	0	0	0	0	0	0	0	0	0	0	0	0	0	0	0	0	0	0	0	1	
	65420	1	2	[지급품]배테랑모험가(거래/길드창고불가)	158668	1	69DDA0	40022	28915	0	0	36893	39918	0	20053	0	911	0	Null	0	Null	0	0	0	0	1	0	0	0	0	0	0	0	2	263	255	0	0	0	0	0	0	0	0	0	0	0	0	0	0	0	0	0	0	0	0	0	0	0	0	0	0	0	0	0	1	1	1	1	1	1	1	1	99	0	0	0	0	0	0	0	0	0	0	0	0	0	0	0	0	0	0	0	0	0	0	0	0	0	0	0	0	0	0	0	0	0	0	0	0	0	0	0	0	0	0	0	0	0	1	0	0	0	0	0	0	0	0	0	0	0	0	0	0	21	0	0	0	0	0	0	0	0	0	0	0	0	0	0	0	0	0	0	0	0	0	0	0	0	0	0	0	0	0	0	0	0	0	1	
	65421	1	2	[지급품]조합전문가(거래/길드창고불가)	158669	1	69DDA0	40022	28918	0	0	36896	39918	0	20053	0	911	0	Null	0	Null	0	0	0	0	1	0	0	0	0	0	0	0	2	263	255	0	0	0	0	0	0	0	0	0	0	0	0	0	0	0	0	0	0	0	0	0	0	0	0	0	0	0	0	0	1	1	1	1	1	1	1	1	99	0	0	0	0	0	0	0	0	0	0	0	0	0	0	0	0	0	0	0	0	0	0	0	0	0	0	0	0	0	0	0	0	0	0	0	0	0	0	0	0	0	0	0	0	0	1	0	0	0	0	0	0	0	0	0	0	0	0	0	0	24	0	0	0	0	0	0	0	0	0	0	0	0	0	0	0	0	0	0	0	0	0	0	0	0	0	0	0	0	0	0	0	0	0	1	
	65422	1	0	[지급품]스킨/에테리아추출서(거래/길드창고불가)	158667	1	69DDA0	9445	6130	0	0	34138	39919	0	1003	0	202	0	Null	0	Null	0	0	0	0	2	0	0	0	50	50	0	0	2	263	255	0	0	0	0	0	0	0	0	0	0	0	0	0	0	0	0	0	0	0	0	0	0	0	0	0	0	0	0	0	0	0	0	0	0	0	0	0	99	0	0	0	0	0	0	0	0	0	0	0	0	0	0	0	0	0	0	0	0	0	0	0	0	0	0	0	0	0	0	0	0	0	0	0	0	0	0	0	0	0	0	0	0	0	255	0	0	0	0	0	0	0	0	0	0	0	0	0	0	0	0	0	0	0	0	0	0	0	0	0	0	0	0	0	0	0	0	0	0	0	0	0	0	0	0	0	0	0	0	0	0	0	0	0	
	65423	1	0	[지급품]명인의키트(거래/길드창고불가)	158533	1	69DDA0	40008	159021	0	0	73503	39918	0	20006	0	911	0	Null	0	Null	0	0	0	0	1	0	0	0	0	0	0	0	2	263	255	0	0	0	0	0	0	0	0	0	0	0	0	0	0	0	0	0	0	0	0	0	0	0	0	0	0	0	0	0	1	1	1	1	1	1	1	1	99	0	0	0	0	0	0	0	0	0	0	0	0	0	0	0	0	0	0	0	0	0	0	0	0	0	0	0	0	0	0	0	0	0	0	0	0	0	0	0	0	0	0	0	0	0	255	0	0	0	0	3	14	0	0	0	0	10000	0	0	0	0	0	0	0	0	0	0	0	0	0	0	0	0	0	0	0	0	0	0	0	0	0	0	0	0	0	0	0	0	0	0	0	0	0	1	
	65424	1	0	[지급품]스킬초기화(거래/길드창고불가)	158675	1	69DDA0	9445	26009	0	0	73002	39918	0	20008	0	911	0	Null	0	Null	0	0	0	0	1	0	0	0	0	0	0	0	2	263	255	0	0	0	0	0	0	0	0	0	0	0	0	0	0	0	0	0	0	0	0	0	0	0	0	0	0	0	0	0	1	1	1	1	1	1	1	1	99	0	0	0	0	0	0	0	0	0	0	0	0	0	0	0	0	0	0	0	0	0	0	0	0	0	0	0	0	0	0	0	0	0	0	0	0	0	0	0	0	0	0	0	0	0	30	0	0	0	0	10	0	0	0	0	0	0	0	0	0	0	0	0	0	0	0	0	0	0	0	0	0	0	0	0	0	0	0	0	0	0	0	0	0	0	0	0	0	0	0	0	0	0	0	1	
	65425	1	0	[지급품]스텟모두초기화(거래/길드창고불가)	158676	1	69DDA0	9445	159056	0	0	73001	39918	0	20008	0	911	0	Null	0	Null	0	0	0	0	1	0	0	0	0	0	0	0	2	263	255	0	0	0	0	0	0	0	0	0	0	0	0	0	0	0	0	0	0	0	0	0	0	0	0	0	0	0	0	0	1	1	1	1	1	1	1	1	99	0	0	0	0	0	0	0	0	0	0	0	0	0	0	0	0	0	0	0	0	0	0	0	0	0	0	0	0	0	0	0	0	0	0	0	0	0	0	0	0	0	0	0	0	0	30	0	0	0	0	9	0	0	0	0	0	0	0	0	0	0	0	0	0	0	0	0	0	0	0	0	0	0	0	0	0	0	0	0	0	0	0	0	0	0	0	0	0	0	0	0	0	0	0	1	
	65426	1	0	[지급품]치타의정기(30분)_LE(거래불가)	158497	1	69DDA0	42015	158901	0	0	25325	39918	0	911	0	911	8	Q005	1	Null	0	0	0	0	1	0	0	0	0	0	0	0	2	263	255	0	0	0	0	0	0	0	0	0	0	0	0	0	0	0	0	0	0	0	0	0	0	0	0	0	0	0	0	0	1	1	1	1	1	1	1	1	99	0	0	0	0	0	0	0	0	0	0	0	0	0	0	0	0	0	0	0	0	0	0	0	0	0	0	0	0	0	0	0	0	0	0	0	0	0	0	0	0	0	0	0	0	0	120	0	0	0	0	15	21	0	0	0	0	5000	0	0	0	58558	0	0	0	0	0	0	0	0	0	0	0	0	0	0	0	0	0	0	0	0	0	0	0	0	0	0	0	0	0	0	0	0	0	1	
	65427	1	0	[지급품]곰의정기(30분)_LE(거래불가)	158498	1	69DDA0	42015	158907	0	0	25326	39918	0	911	0	911	8	Q005	1	Null	0	0	0	0	1	0	0	0	0	0	0	0	2	263	255	0	0	0	0	0	0	0	0	0	0	0	0	0	0	0	0	0	0	0	0	0	0	0	0	0	0	0	0	0	1	1	1	1	1	1	1	1	99	0	0	0	0	0	0	0	0	0	0	0	0	0	0	0	0	0	0	0	0	0	0	0	0	0	0	0	0	0	0	0	0	0	0	0	0	0	0	0	0	0	0	0	0	0	120	0	0	0	0	15	22	0	0	0	0	5000	0	0	0	58564	0	0	0	0	0	0	0	0	0	0	0	0	0	0	0	0	0	0	0	0	0	0	0	0	0	0	0	0	0	0	0	0	0	1	
	65428	1	0	[지급품]늑대의정기(30분)_LE(거래불가)	158499	1	69DDA0	42015	158913	0	0	25327	39918	0	911	0	911	8	Q005	1	Null	0	0	0	0	1	0	0	0	0	0	0	0	2	263	255	0	0	0	0	0	0	0	0	0	0	0	0	0	0	0	0	0	0	0	0	0	0	0	0	0	0	0	0	0	1	1	1	1	1	1	1	1	99	0	0	0	0	0	0	0	0	0	0	0	0	0	0	0	0	0	0	0	0	0	0	0	0	0	0	0	0	0	0	0	0	0	0	0	0	0	0	0	0	0	0	0	0	0	120	0	0	0	0	15	23	0	0	0	0	5000	0	0	0	58570	0	0	0	0	0	0	0	0	0	0	0	0	0	0	0	0	0	0	0	0	0	0	0	0	0	0	0	0	0	0	0	0	0	1	
	65429	1	0	[지급품]매의정기(30분)_LE(거래불가)	158500	1	69DDA0	42015	158919	0	0	25328	39918	0	911	0	911	8	Q005	1	Null	0	0	0	0	1	0	0	0	0	0	0	0	2	263	255	0	0	0	0	0	0	0	0	0	0	0	0	0	0	0	0	0	0	0	0	0	0	0	0	0	0	0	0	0	1	1	1	1	1	1	1	1	99	0	0	0	0	0	0	0	0	0	0	0	0	0	0	0	0	0	0	0	0	0	0	0	0	0	0	0	0	0	0	0	0	0	0	0	0	0	0	0	0	0	0	0	0	0	120	0	0	0	0	15	24	0	0	0	0	5000	0	0	0	58576	0	0	0	0	0	0	0	0	0	0	0	0	0	0	0	0	0	0	0	0	0	0	0	0	0	0	0	0	0	0	0	0	0	1	
	65430	1	0	[지급품]뱀의정기(30분)_LE(거래불가)	158529	1	69DDA0	42015	158925	0	0	25329	39918	0	911	0	911	8	Q005	1	Null	0	0	0	0	1	0	0	0	0	0	0	0	2	263	255	0	0	0	0	0	0	0	0	0	0	0	0	0	0	0	0	0	0	0	0	0	0	0	0	0	0	0	0	0	1	1	1	1	1	1	1	1	99	0	0	0	0	0	0	0	0	0	0	0	0	0	0	0	0	0	0	0	0	0	0	0	0	0	0	0	0	0	0	0	0	0	0	0	0	0	0	0	0	0	0	0	0	0	120	0	0	0	0	15	25	0	0	0	0	5000	0	0	0	58582	0	0	0	0	0	0	0	0	0	0	0	0	0	0	0	0	0	0	0	0	0	0	0	0	0	0	0	0	0	0	0	0	0	1	
	65431	1	0	[지급품]치타의혼(30분)_LE(거래불가)	158502	1	69DDA0	42015	158937	0	0	25331	39918	0	911	0	911	8	Q005	1	Null	0	0	0	0	1	0	0	0	0	0	0	0	2	263	255	0	0	0	0	0	0	0	0	0	0	0	0	0	0	0	0	0	0	0	0	0	0	0	0	0	0	0	0	0	1	1	1	1	1	1	1	1	99	0	0	0	0	0	0	0	0	0	0	0	0	0	0	0	0	0	0	0	0	0	0	0	0	0	0	0	0	0	0	0	0	0	0	0	0	0	0	0	0	0	0	0	0	0	120	0	0	0	0	15	21	0	0	0	0	5000	0	0	0	58594	0	0	0	0	0	0	0	0	0	0	0	0	0	0	0	0	0	0	0	0	0	0	0	0	0	0	0	0	0	0	0	0	0	1	
	65432	1	0	[지급품]곰의혼(30분)_LE(거래불가)	158503	1	69DDA0	42015	158943	0	0	25332	39918	0	911	0	911	8	Q005	1	Null	0	0	0	0	1	0	0	0	0	0	0	0	2	263	255	0	0	0	0	0	0	0	0	0	0	0	0	0	0	0	0	0	0	0	0	0	0	0	0	0	0	0	0	0	1	1	1	1	1	1	1	1	99	0	0	0	0	0	0	0	0	0	0	0	0	0	0	0	0	0	0	0	0	0	0	0	0	0	0	0	0	0	0	0	0	0	0	0	0	0	0	0	0	0	0	0	0	0	120	0	0	0	0	15	22	0	0	0	0	5000	0	0	0	58600	0	0	0	0	0	0	0	0	0	0	0	0	0	0	0	0	0	0	0	0	0	0	0	0	0	0	0	0	0	0	0	0	0	1	
	65433	1	0	[지급품]늑대의혼(30분)_LE(거래불가)	158504	1	69DDA0	42015	158949	0	0	25333	39918	0	911	0	911	8	Q005	1	Null	0	0	0	0	1	0	0	0	0	0	0	0	2	263	255	0	0	0	0	0	0	0	0	0	0	0	0	0	0	0	0	0	0	0	0	0	0	0	0	0	0	0	0	0	1	1	1	1	1	1	1	1	99	0	0	0	0	0	0	0	0	0	0	0	0	0	0	0	0	0	0	0	0	0	0	0	0	0	0	0	0	0	0	0	0	0	0	0	0	0	0	0	0	0	0	0	0	0	120	0	0	0	0	15	23	0	0	0	0	5000	0	0	0	58606	0	0	0	0	0	0	0	0	0	0	0	0	0	0	0	0	0	0	0	0	0	0	0	0	0	0	0	0	0	0	0	0	0	1	
	65434	1	0	[지급품]매의혼(30분)_LE(거래불가)	158505	1	69DDA0	42015	158955	0	0	25334	39918	0	911	0	911	8	Q005	1	Null	0	0	0	0	1	0	0	0	0	0	0	0	2	263	255	0	0	0	0	0	0	0	0	0	0	0	0	0	0	0	0	0	0	0	0	0	0	0	0	0	0	0	0	0	1	1	1	1	1	1	1	1	99	0	0	0	0	0	0	0	0	0	0	0	0	0	0	0	0	0	0	0	0	0	0	0	0	0	0	0	0	0	0	0	0	0	0	0	0	0	0	0	0	0	0	0	0	0	120	0	0	0	0	15	24	0	0	0	0	5000	0	0	0	58612	0	0	0	0	0	0	0	0	0	0	0	0	0	0	0	0	0	0	0	0	0	0	0	0	0	0	0	0	0	0	0	0	0	1	
	65435	1	0	[지급품]뱀의혼(30분)_LE(거래불가)	158530	1	69DDA0	42015	158961	0	0	25335	39918	0	911	0	911	8	Q005	1	Null	0	0	0	0	1	0	0	0	0	0	0	0	2	263	255	0	0	0	0	0	0	0	0	0	0	0	0	0	0	0	0	0	0	0	0	0	0	0	0	0	0	0	0	0	1	1	1	1	1	1	1	1	99	0	0	0	0	0	0	0	0	0	0	0	0	0	0	0	0	0	0	0	0	0	0	0	0	0	0	0	0	0	0	0	0	0	0	0	0	0	0	0	0	0	0	0	0	0	120	0	0	0	0	15	25	0	0	0	0	5000	0	0	0	58618	0	0	0	0	0	0	0	0	0	0	0	0	0	0	0	0	0	0	0	0	0	0	0	0	0	0	0	0	0	0	0	0	0	1	
//	2015년 몬트샤인성 이벤트 아이템							#N/A																																																																																																																																																																	
	65436	1	0	몬트샤인표치타의혼(30분)_LE(거래불가)	44392	1	69DDA0	42015	44397	0	0	25331	39918	0	984	0	984	8	Q005	1	Null	0	0	0	0	1	0	0	0	1	1	0	0	0	295	255	0	0	0	0	0	0	0	0	0	0	0	0	0	0	0	0	0	0	0	0	0	0	0	0	0	0	0	0	0	0	0	0	0	0	0	0	0	99	0	0	0	0	0	0	0	0	0	0	0	0	0	0	0	0	0	0	0	0	0	0	0	0	0	0	0	0	0	0	0	0	0	0	0	0	0	0	0	0	0	0	0	0	0	120	0	0	0	0	0	0	0	0	0	0	0	0	0	0	0	0	0	0	0	0	0	0	0	0	0	0	0	0	0	0	0	0	0	0	0	0	0	0	0	0	0	0	0	0	0	0	0	0	0	
	65437	1	0	몬트샤인표곰의혼(30분)_LE(거래불가)	44393	1	69DDA0	42015	44397	0	0	25332	39918	0	984	0	984	8	Q005	1	Null	0	0	0	0	1	0	0	0	1	1	0	0	0	295	255	0	0	0	0	0	0	0	0	0	0	0	0	0	0	0	0	0	0	0	0	0	0	0	0	0	0	0	0	0	0	0	0	0	0	0	0	0	99	0	0	0	0	0	0	0	0	0	0	0	0	0	0	0	0	0	0	0	0	0	0	0	0	0	0	0	0	0	0	0	0	0	0	0	0	0	0	0	0	0	0	0	0	0	120	0	0	0	0	0	0	0	0	0	0	0	0	0	0	0	0	0	0	0	0	0	0	0	0	0	0	0	0	0	0	0	0	0	0	0	0	0	0	0	0	0	0	0	0	0	0	0	0	0	
	65438	1	0	몬트샤인표늑대의혼(30분)_LE(거래불가)	44394	1	69DDA0	42015	44397	0	0	25333	39918	0	984	0	984	8	Q005	1	Null	0	0	0	0	1	0	0	0	1	1	0	0	0	295	255	0	0	0	0	0	0	0	0	0	0	0	0	0	0	0	0	0	0	0	0	0	0	0	0	0	0	0	0	0	0	0	0	0	0	0	0	0	99	0	0	0	0	0	0	0	0	0	0	0	0	0	0	0	0	0	0	0	0	0	0	0	0	0	0	0	0	0	0	0	0	0	0	0	0	0	0	0	0	0	0	0	0	0	120	0	0	0	0	0	0	0	0	0	0	0	0	0	0	0	0	0	0	0	0	0	0	0	0	0	0	0	0	0	0	0	0	0	0	0	0	0	0	0	0	0	0	0	0	0	0	0	0	0	
	65439	1	0	몬트샤인표매의혼(30분)_LE(거래불가)	44395	1	69DDA0	42015	44397	0	0	25334	39918	0	984	0	984	8	Q005	1	Null	0	0	0	0	1	0	0	0	1	1	0	0	0	295	255	0	0	0	0	0	0	0	0	0	0	0	0	0	0	0	0	0	0	0	0	0	0	0	0	0	0	0	0	0	0	0	0	0	0	0	0	0	99	0	0	0	0	0	0	0	0	0	0	0	0	0	0	0	0	0	0	0	0	0	0	0	0	0	0	0	0	0	0	0	0	0	0	0	0	0	0	0	0	0	0	0	0	0	120	0	0	0	0	0	0	0	0	0	0	0	0	0	0	0	0	0	0	0	0	0	0	0	0	0	0	0	0	0	0	0	0	0	0	0	0	0	0	0	0	0	0	0	0	0	0	0	0	0	
	65440	1	0	몬트샤인표뱀의혼(30분)_LE(거래불가)	44396	1	69DDA0	42015	44397	0	0	25335	39918	0	984	0	984	8	Q005	1	Null	0	0	0	0	1	0	0	0	1	1	0	0	0	295	255	0	0	0	0	0	0	0	0	0	0	0	0	0	0	0	0	0	0	0	0	0	0	0	0	0	0	0	0	0	0	0	0	0	0	0	0	0	99	0	0	0	0	0	0	0	0	0	0	0	0	0	0	0	0	0	0	0	0	0	0	0	0	0	0	0	0	0	0	0	0	0	0	0	0	0	0	0	0	0	0	0	0	0	120	0	0	0	0	0	0	0	0	0	0	0	0	0	0	0	0	0	0	0	0	0	0	0	0	0	0	0	0	0	0	0	0	0	0	0	0	0	0	0	0	0	0	0	0	0	0	0	0	0	
	65441	0	0	몬트샤인표안정화된마야탄환	44398	0	0	40009	44399	0	0	32903	39918	0	984	0	984	0	Null	0	Null	0	0	0	0	1	0	0	0	1	1	0	0	0	295	255	0	0	0	0	0	0	0	0	0	0	0	0	0	0	0	0	0	0	0	0	0	0	0	0	0	0	0	0	0	0	0	0	0	0	0	0	0	99	0	0	0	0	0	0	0	0	0	0	0	0	0	0	0	0	0	0	0	0	0	0	0	0	0	0	0	0	0	0	0	0	0	0	0	0	0	0	0	0	0	0	0	0	0	255	0	0	0	0	0	0	0	0	0	0	0	0	0	0	0	0	0	0	0	0	0	0	0	0	0	0	0	0	0	0	0	0	0	0	0	0	0	0	0	0	0	0	0	0	0	0	0	0	0	
	65442	1	0	몬트샤인성의수호반지	44400	1	69DDA0	40022	44405	0	0	72002	39918	0	811	0	811	8	Q000	1	Null	0	0	0	0	1	0	0	0	0	0	0	0	1	295	255	0	0	0	0	0	0	0	0	0	0	0	0	0	0	0	0	0	0	0	0	0	0	0	0	0	0	0	0	0	1	1	1	1	1	1	1	1	16	0	0	0	0	0	0	0	0	0	0	0	0	0	0	0	0	0	0	0	0	0	0	0	0	0	0	0	0	0	0	0	0	0	0	0	0	0	0	0	0	0	0	0	0	0	1	1	0	0	0	0	0	0	0	0	0	0	0	0	0	0	0	0	0	0	0	0	0	0	0	0	0	0	0	0	0	0	0	0	0	0	0	0	0	0	0	0	0	0	0	0	0	0	0	1	
	65443	1	0	몬트샤인성의맹공반지	44401	1	69DDA0	40022	44405	0	0	72001	39918	0	811	0	811	8	Q000	1	Null	0	0	0	0	1	0	0	0	0	0	0	0	1	295	255	0	0	0	0	0	0	0	0	0	0	0	0	0	0	0	0	0	0	0	0	0	0	0	0	0	0	0	0	0	1	1	1	1	1	1	1	1	16	0	0	0	0	0	0	0	0	0	0	0	0	0	0	0	0	0	0	0	0	0	0	0	0	0	0	0	0	0	0	0	0	0	0	0	0	0	0	0	0	0	0	0	0	0	1	1	0	0	0	0	0	0	0	0	0	0	0	0	0	0	0	0	0	0	0	0	0	0	0	0	0	0	0	0	0	0	0	0	0	0	0	0	0	0	0	0	0	0	0	0	0	0	0	1	
	65444	1	0	몬트샤인성의분노반지	44402	1	69DDA0	40022	44405	0	0	72002	39918	0	811	0	811	8	Q000	1	Null	0	0	0	0	1	0	0	0	0	0	0	0	1	295	255	0	0	0	0	0	0	0	0	0	0	0	0	0	0	0	0	0	0	0	0	0	0	0	0	0	0	0	0	0	1	1	1	1	1	1	1	1	16	0	0	0	0	0	0	0	0	0	0	0	0	0	0	0	0	0	0	0	0	0	0	0	0	0	0	0	0	0	0	0	0	0	0	0	0	0	0	0	0	0	0	0	0	0	1	1	0	0	0	0	0	0	0	0	0	0	0	0	0	0	0	0	0	0	0	0	0	0	0	0	0	0	0	0	0	0	0	0	0	0	0	0	0	0	0	0	0	0	0	0	0	0	0	1	
	65445	1	0	몬트샤인성의폭풍반지	44403	1	69DDA0	40022	44405	0	0	72006	39918	0	811	0	811	8	Q000	1	Null	0	0	0	0	1	0	0	0	0	0	0	0	1	295	255	0	0	0	0	0	0	0	0	0	0	0	0	0	0	0	0	0	0	0	0	0	0	0	0	0	0	0	0	0	1	1	1	1	1	1	1	1	16	0	0	0	0	0	0	0	0	0	0	0	0	0	0	0	0	0	0	0	0	0	0	0	0	0	0	0	0	0	0	0	0	0	0	0	0	0	0	0	0	0	0	0	0	0	1	1	0	0	0	0	0	0	0	0	0	0	0	0	0	0	0	0	0	0	0	0	0	0	0	0	0	0	0	0	0	0	0	0	0	0	0	0	0	0	0	0	0	0	0	0	0	0	0	1	
	65446	1	0	몬트샤인성의조화반지	44404	1	69DDA0	40022	44405	0	0	72023	39918	0	811	0	811	8	Q000	1	Null	0	0	0	0	1	0	0	0	0	0	0	0	1	295	255	0	0	0	0	0	0	0	0	0	0	0	0	0	0	0	0	0	0	0	0	0	0	0	0	0	0	0	0	0	1	1	1	1	1	1	1	1	16	0	0	0	0	0	0	0	0	0	0	0	0	0	0	0	0	0	0	0	0	0	0	0	0	0	0	0	0	0	0	0	0	0	0	0	0	0	0	0	0	0	0	0	0	0	1	1	0	0	0	0	0	0	0	0	0	0	0	0	0	0	0	0	0	0	0	0	0	0	0	0	0	0	0	0	0	0	0	0	0	0	0	0	0	0	0	0	0	0	0	0	0	0	0	1	
//	2015년_6월이벤트							#N/A																								0					0	0																																																																																														0																																					
	65447	1	0	원정용가방(지급용)	158997	1	69DDA0	9445	159020	0	0	73504	39918	0	20009	0	911	0	Null	0	Null	0	0	0	0	1	0	0	0	0	0	0	1	2	295	255	0	0	0	0	0	0	0	0	0	0	0	0	0	0	0	0	0	0	0	0	0	0	0	0	0	0	0	0	0	1	1	1	1	1	1	1	1	99	0	0	0	0	0	0	0	0	0	0	0	0	0	0	0	0	0	0	0	0	0	0	0	0	0	0	0	0	0	0	0	0	0	0	0	0	0	0	0	0	0	0	0	0	0	1	0	0	0	0	0	0	0	0	0	0	0	0	0	0	0	0	0	0	0	0	0	0	0	0	0	0	0	0	0	0	0	0	0	0	0	0	0	0	0	0	0	0	0	0	0	0	0	0	1	
//	[ID65500~65531]_이벤트용							#N/A																								0					0	0																																																																																														0																																					
	65500	1	0	(사용안함)비스바덴의열쇠_저주받은탑_캐시	158250	1	69DDA0	9466	159066	0	0	73518	39919	0	995	0	911	0	Null	0	Null	0	0	0	0	1	0	0	0	0	0	0	0	0	39	255	0	0	0	0	0	0	0	0	0	0	0	0	0	0	0	0	0	0	0	0	0	0	0	0	0	0	0	0	0	0	0	0	0	0	0	0	0	99	0	0	0	0	0	0	0	0	0	0	0	0	0	0	0	0	0	0	0	0	0	0	0	0	0	0	0	0	0	0	0	0	0	0	0	0	0	0	0	0	0	0	0	0	0	255	0	0	0	0	0	0	0	0	0	0	0	0	0	0	60001	0	0	0	0	0	0	0	0	0	0	0	0	0	0	0	0	0	0	0	0	0	0	0	0	0	0	0	0	0	0	0	0	0	0	
	65501	1	4	야전지휘관의작전지도	158251	1	69DDA0	9445	159014	0	0	73510	39918	0	20002	0	911	0	Null	0	Null	0	0	0	0	1	0	0	0	0	0	0	0	4	39	255	0	0	0	0	0	0	0	0	0	0	0	0	0	0	0	0	0	0	0	0	0	0	0	0	0	0	0	0	0	1	1	1	1	1	1	1	1	99	0	0	0	0	0	0	0	0	0	0	0	0	0	0	0	0	0	0	0	0	0	0	0	0	0	0	0	0	0	0	0	0	0	0	0	0	0	0	0	0	0	0	0	0	0	1	0	0	0	0	3	16	0	0	0	0	0	0	0	0	0	0	0	0	0	0	0	0	0	0	0	0	0	0	0	0	0	0	0	0	0	0	0	0	0	0	0	0	0	0	0	0	0	0	1	
	65502	1	0	야전지휘관의작전깃발	158252	1	69DDA0	9445	159015	0	0	73511	39918	0	20001	0	911	0	Null	0	Null	0	0	0	0	1	0	0	0	0	0	0	0	2	39	255	0	0	0	0	0	0	0	0	0	0	0	0	0	0	0	0	0	0	0	0	0	0	0	0	0	0	0	0	0	1	1	1	1	1	1	1	1	99	0	0	0	0	0	0	0	0	0	0	0	0	0	0	0	0	0	0	0	0	0	0	0	0	0	0	0	0	0	0	0	0	0	0	0	0	0	0	0	0	0	0	0	0	0	120	0	0	0	0	3	16	0	0	0	0	0	0	0	0	0	0	0	0	0	0	0	0	0	0	0	0	0	0	0	0	0	0	0	0	0	0	0	0	0	0	0	0	0	0	0	0	0	0	1	
	65503	0	0	경험치물약35	158253	0	0	9076	41281	0	0	34043	39918	0	986	0	911	0	A675	0	Null	0	0	0	0	1	0	0	0	100	100	0	0	2	39	255	0	0	0	0	0	0	0	0	0	0	0	0	0	0	0	0	0	0	0	0	0	0	0	0	0	0	0	0	0	0	0	0	0	0	0	0	1	99	0	0	0	0	0	0	0	0	0	0	0	0	0	0	0	0	0	0	0	0	0	0	0	0	0	0	0	0	0	0	0	0	0	0	0	0	0	0	0	0	0	0	0	0	0	10	0	0	0	0	13	0	0	69404	0	0	1000	0	0	0	0	0	0	0	0	0	0	0	0	0	0	0	0	0	0	0	0	0	0	0	0	0	0	0	0	0	0	0	0	0	0	0	0	0	0	
	65504	1	0	(사용안함)루이렌의열쇠_저주받은탑_캐시	158254	1	69DDA0	9466	159067	0	0	73519	39919	0	995	0	911	0	Null	0	Null	0	0	0	0	1	0	0	0	0	0	0	0	0	39	255	0	0	0	0	0	0	0	0	0	0	0	0	0	0	0	0	0	0	0	0	0	0	0	0	0	0	0	0	0	0	0	0	0	0	0	0	0	99	0	0	0	0	0	0	0	0	0	0	0	0	0	0	0	0	0	0	0	0	0	0	0	0	0	0	0	0	0	0	0	0	0	0	0	0	0	0	0	0	0	0	0	0	0	255	0	0	0	0	0	0	0	0	0	0	0	0	0	0	60101	0	0	0	0	0	0	0	0	0	0	0	0	0	0	0	0	0	0	0	0	0	0	0	0	0	0	0	0	0	0	0	0	0	0	
	65505	1	0	명인의키트	158255	1	69DDA0	40008	159021	0	0	73503	39918	0	20006	0	911	0	Null	0	Null	0	0	0	0	1	0	0	0	0	0	0	0	2	39	255	0	0	0	0	0	0	0	0	0	0	0	0	0	0	0	0	0	0	0	0	0	0	0	0	0	0	0	0	0	1	1	1	1	1	1	1	1	99	0	0	0	0	0	0	0	0	0	0	0	0	0	0	0	0	0	0	0	0	0	0	0	0	0	0	0	0	0	0	0	0	0	0	0	0	0	0	0	0	0	0	0	0	0	255	0	0	0	0	3	14	0	0	0	0	10000	0	0	0	0	0	0	0	0	0	0	0	0	0	0	0	0	0	0	0	0	0	0	0	0	0	0	0	0	0	0	0	0	0	0	0	0	0	1	
	65506	0	0	마야보석3레벨_Ch	158256	1	FFFFFF	42017	46179	0	0	90015	39919	0	986	0	202	0	Null	0	Null	0	0	0	0	1	0	0	0	100	100	0	0	0	39	255	0	0	0	0	0	0	0	0	0	0	0	0	0	0	0	0	0	0	0	0	0	0	0	0	0	0	0	0	0	0	0	0	0	0	0	0	0	99	0	0	0	0	0	0	0	0	0	0	0	0	0	0	0	0	0	0	0	0	0	0	0	0	0	0	0	0	0	0	0	0	0	0	0	0	0	0	0	0	0	0	0	0	0	255	0	0	0	0	0	0	0	0	0	0	0	0	0	0	0	0	0	0	0	0	0	0	0	0	0	0	0	0	0	0	0	0	0	0	0	0	0	0	0	0	0	0	0	0	0	0	0	0	0	
	65507	0	0	마야금속3레벨_Ch	158257	1	FFFFFF	42017	46183	0	0	90019	39919	0	986	0	202	0	Null	0	Null	0	0	0	0	1	0	0	0	100	100	0	0	0	39	255	0	0	0	0	0	0	0	0	0	0	0	0	0	0	0	0	0	0	0	0	0	0	0	0	0	0	0	0	0	0	0	0	0	0	0	0	0	99	0	0	0	0	0	0	0	0	0	0	0	0	0	0	0	0	0	0	0	0	0	0	0	0	0	0	0	0	0	0	0	0	0	0	0	0	0	0	0	0	0	0	0	0	0	255	0	0	0	0	0	0	0	0	0	0	0	0	0	0	0	0	0	0	0	0	0	0	0	0	0	0	0	0	0	0	0	0	0	0	0	0	0	0	0	0	0	0	0	0	0	0	0	0	0	
	65508	1	0	치타의비약_체험용(거래불가_창고가능)	158047	1	69DDA0	42015	159027	0	0	72502	39918	0	911	0	911	8	Q005	1	Null	0	0	0	0	1	0	0	0	0	0	0	0	2	7	255	0	0	0	0	0	0	0	0	0	0	0	0	0	0	0	0	0	0	0	0	0	0	0	0	0	0	0	0	0	1	1	1	1	1	1	1	1	99	0	0	0	0	0	0	0	0	0	0	0	0	0	0	0	0	0	0	0	0	0	0	0	0	0	0	0	0	0	0	0	0	0	0	0	0	0	0	0	0	0	0	0	0	0	60	0	0	0	0	3	21	0	0	0	0	5000	0	0	0	55000	0	0	0	0	0	0	0	0	0	0	0	0	0	0	0	0	0	0	0	0	0	0	0	0	0	0	0	0	0	0	0	0	0	1	
//	[ID65532~]_국내1101이벤트용							#N/A																								0					0	0																																																																																														0																																					
	65509	1	2	[지급품]상급해방군의의지_이벤트(거래/창고불가)	158507	1	69DDA0	40022	159420	0	0	72012	39918	0	811	0	811	8	Q000	1	Null	0	0	0	0	1	0	0	0	0	0	0	0	1	295	255	0	0	0	0	0	0	0	0	0	0	0	0	0	0	0	0	0	0	0	0	0	0	0	0	0	0	0	0	0	1	1	1	1	1	1	1	1	16	1	45	5	50	1	32	1	3	0	0	0	0	0	0	0	0	0	0	0	0	0	0	0	0	0	0	0	0	0	0	0	0	0	0	0	0	0	0	0	0	0	0	0	0	0	1	1	0	3	1	0	0	0	0	0	0	0	0	0	0	0	0	0	0	0	0	0	0	0	0	0	0	0	0	0	0	0	0	0	0	0	0	0	0	0	0	0	0	0	0	0	0	0	0	1	
	65510	1	2	[지급품]맹공의반지_이벤트(거래/창고불가)_캐릭터생성시지급	158508	1	69DDA0	40022	159040	0	0	72001	39918	0	811	0	811	8	Q000	1	Null	0	0	0	0	1	0	0	0	0	0	0	0	1	295	255	0	0	0	0	0	0	0	0	0	0	0	0	0	0	0	0	0	0	0	0	0	0	0	0	0	0	0	0	0	1	1	1	1	1	1	1	1	16	1	47	2	10	1	35	2	10	0	0	0	0	0	0	0	0	0	0	0	0	1	47	2	5	1	35	2	5	0	0	0	0	0	0	0	0	0	0	0	0	0	0	0	0	0	1	2	0	1	2	0	0	0	0	0	0	0	0	0	0	0	0	0	0	0	0	0	0	0	0	0	0	0	0	0	0	0	0	0	0	0	0	0	0	0	0	0	0	0	0	0	0	0	0	1	
	65511	1	2	[지급품]수호의반지_이벤트(거래/창고불가)_캐릭터생성시지급	158509	1	69DDA0	40022	159039	0	0	72002	39918	0	811	0	811	8	Q000	1	Null	0	0	0	0	1	0	0	0	0	0	0	0	1	295	255	0	0	0	0	0	0	0	0	0	0	0	0	0	0	0	0	0	0	0	0	0	0	0	0	0	0	0	0	0	1	1	1	1	1	1	1	1	16	1	49	2	10	0	0	0	0	0	0	0	0	0	0	0	0	0	0	0	0	1	49	2	5	0	0	0	0	0	0	0	0	0	0	0	0	0	0	0	0	0	0	0	0	0	1	2	0	2	2	0	0	0	0	0	0	0	0	0	0	0	0	0	0	0	0	0	0	0	0	0	0	0	0	0	0	0	0	0	0	0	0	0	0	0	0	0	0	0	0	0	0	0	0	1	
	65512	1	2	[지급품]분노의반지_이벤트(거래/창고불가)	158510	1	69DDA0	40022	159094	0	0	72002	39918	0	811	0	811	8	Q000	1	Null	0	0	0	0	1	0	0	0	0	0	0	0	1	295	255	0	0	0	0	0	0	0	0	0	0	0	0	0	0	0	0	0	0	0	0	0	0	0	0	0	0	0	0	0	1	1	1	1	1	1	1	1	16	1	31	5	10	0	0	0	0	0	0	0	0	0	0	0	0	0	0	0	0	0	0	0	0	0	0	0	0	0	0	0	0	0	0	0	0	0	0	0	0	0	0	0	0	0	1	1	0	0	0	0	0	0	0	0	0	0	0	0	0	0	0	0	0	0	0	0	0	0	0	0	0	0	0	0	0	0	0	0	0	0	0	0	0	0	0	0	0	0	0	0	0	0	0	1	
	65513	1	2	[지급품]상급맹공의반지_이벤트(거래/창고불가)	158511	1	69DDA0	40022	159088	0	0	72001	39918	0	811	0	811	8	Q000	1	Null	0	0	0	0	1	0	0	0	0	0	0	0	1	295	255	0	0	0	0	0	0	0	0	0	0	0	0	0	0	0	0	0	0	0	0	0	0	0	0	0	0	0	0	0	1	1	1	1	1	1	1	1	16	1	47	2	15	1	35	2	15	1	1	1	3	1	32	1	3	0	0	0	0	0	0	0	0	0	0	0	0	0	0	0	0	0	0	0	0	0	0	0	0	0	0	0	0	0	1	1	0	0	0	0	0	0	0	0	0	0	0	0	0	0	0	0	0	0	0	0	0	0	0	0	0	0	0	0	0	0	0	0	0	0	0	0	0	0	0	0	0	0	0	0	0	0	0	1	
	65514	1	2	[지급품]상급수호의반지_이벤트(거래/창고불가)	158512	1	69DDA0	40022	159090	0	0	72002	39918	0	811	0	811	8	Q000	1	Null	0	0	0	0	1	0	0	0	0	0	0	0	1	295	255	0	0	0	0	0	0	0	0	0	0	0	0	0	0	0	0	0	0	0	0	0	0	0	0	0	0	0	0	0	1	1	1	1	1	1	1	1	16	1	49	2	15	1	28	1	400	1	32	1	3	0	0	0	0	0	0	0	0	0	0	0	0	0	0	0	0	0	0	0	0	0	0	0	0	0	0	0	0	0	0	0	0	0	1	1	0	0	0	0	0	0	0	0	0	0	0	0	0	0	0	0	0	0	0	0	0	0	0	0	0	0	0	0	0	0	0	0	0	0	0	0	0	0	0	0	0	0	0	0	0	0	0	1	
	65515	1	2	[지급품]상급분노의반지_이벤트(거래/창고불가)	158513	1	69DDA0	40022	159094	0	0	72002	39918	0	811	0	811	8	Q000	1	Null	0	0	0	0	1	0	0	0	0	0	0	0	1	295	255	0	0	0	0	0	0	0	0	0	0	0	0	0	0	0	0	0	0	0	0	0	0	0	0	0	0	0	0	0	1	1	1	1	1	1	1	1	16	1	31	5	15	1	29	1	100	1	32	1	3	0	0	0	0	0	0	0	0	0	0	0	0	0	0	0	0	0	0	0	0	0	0	0	0	0	0	0	0	0	0	0	0	0	1	1	0	0	0	0	0	0	0	0	0	0	0	0	0	0	0	0	0	0	0	0	0	0	0	0	0	0	0	0	0	0	0	0	0	0	0	0	0	0	0	0	0	0	0	0	0	0	0	1	
	65516	1	2	[지급품]맹공의반지_이벤트(거래불가)	158508	1	69DDA0	40022	159040	0	0	72001	39918	0	811	0	811	8	Q000	1	Null	0	0	0	0	1	0	0	0	0	0	0	0	1	7	255	0	0	0	0	0	0	0	0	0	0	0	0	0	0	0	0	0	0	0	0	0	0	0	0	0	0	0	0	0	1	1	1	1	1	1	1	1	16	1	47	2	10	1	35	2	10	0	0	0	0	0	0	0	0	0	0	0	0	1	47	2	5	1	35	2	5	0	0	0	0	0	0	0	0	0	0	0	0	0	0	0	0	0	1	2	0	1	2	0	0	0	0	0	0	0	0	0	0	0	0	0	0	0	0	0	0	0	0	0	0	0	0	0	0	0	0	0	0	0	0	0	0	0	0	0	0	0	0	0	0	0	0	1	
	65517	1	2	[지급품]수호의반지_이벤트(거래불가)	158509	1	69DDA0	40022	159039	0	0	72002	39918	0	811	0	811	8	Q000	1	Null	0	0	0	0	1	0	0	0	0	0	0	0	1	7	255	0	0	0	0	0	0	0	0	0	0	0	0	0	0	0	0	0	0	0	0	0	0	0	0	0	0	0	0	0	1	1	1	1	1	1	1	1	16	1	49	2	10	0	0	0	0	0	0	0	0	0	0	0	0	0	0	0	0	1	49	2	5	0	0	0	0	0	0	0	0	0	0	0	0	0	0	0	0	0	0	0	0	0	1	2	0	2	2	0	0	0	0	0	0	0	0	0	0	0	0	0	0	0	0	0	0	0	0	0	0	0	0	0	0	0	0	0	0	0	0	0	0	0	0	0	0	0	0	0	0	0	0	1	
	65518	1	2	[지급품]분노의반지_이벤트(거래불가)	158510	1	69DDA0	40022	159094	0	0	72002	39918	0	811	0	811	8	Q000	1	Null	0	0	0	0	1	0	0	0	0	0	0	0	1	7	255	0	0	0	0	0	0	0	0	0	0	0	0	0	0	0	0	0	0	0	0	0	0	0	0	0	0	0	0	0	1	1	1	1	1	1	1	1	16	1	31	5	10	0	0	0	0	0	0	0	0	0	0	0	0	0	0	0	0	0	0	0	0	0	0	0	0	0	0	0	0	0	0	0	0	0	0	0	0	0	0	0	0	0	1	1	0	0	0	0	0	0	0	0	0	0	0	0	0	0	0	0	0	0	0	0	0	0	0	0	0	0	0	0	0	0	0	0	0	0	0	0	0	0	0	0	0	0	0	0	0	0	0	1	
	65519	1	8	[지급품]룬스톤_개인웨이포인트(거래불가)	45306	1	69DDA0	9445	46306	0	0	73539	39918	0	20038	0	911	0	Null	0	Null	0	0	0	0	1	0	0	0	0	0	0	0	4	7	255	0	0	0	0	0	0	0	0	0	0	0	0	0	0	0	0	0	0	0	0	0	0	0	0	0	0	0	0	0	1	1	1	1	1	1	1	1	99	0	0	0	0	0	0	0	0	0	0	0	0	0	0	0	0	0	0	0	0	0	0	0	0	0	0	0	0	0	0	0	0	0	0	0	0	0	0	0	0	0	0	0	0	0	1	0	0	0	0	3	16	0	0	0	0	0	0	0	0	0	0	0	0	0	0	0	0	0	0	0	0	0	0	0	0	0	0	0	0	0	0	0	0	0	0	0	0	0	0	0	0	0	0	1	
	65520	1	0	[지급품]기본외형변경권(거래불가)	2132	1	69DDA0	42024	2229	0	0	25143	39918	0	20047	0	911	0	Null	0	Null	0	0	0	0	1	0	0	0	0	0	0	0	2	7	255	0	0	0	0	0	0	0	0	0	0	0	0	0	0	0	0	0	0	0	0	0	0	0	0	0	0	0	0	0	1	1	1	1	1	1	1	1	99	0	0	0	0	0	0	0	0	0	0	0	0	0	0	0	0	0	0	0	0	0	0	0	0	0	0	0	0	0	0	0	0	0	0	0	0	0	0	0	0	0	0	0	0	0	1	0	0	0	0	0	0	0	0	0	0	0	0	0	0	0	0	0	0	0	0	0	0	0	0	0	0	0	0	0	0	0	0	0	0	0	0	0	0	0	0	0	0	0	0	0	0	0	0	1	
	65521	1	0	[지급품]여신의은혜(거래불가)	158023	1	69DDA0	40008	159023	0	0	73501	39918	0	20011	0	911	0	Null	0	Null	0	0	0	0	1	0	0	0	0	0	0	0	2	7	255	0	0	0	0	0	0	0	0	0	0	0	0	0	0	0	0	0	0	0	0	0	0	0	0	0	0	0	0	0	1	1	1	1	1	1	1	1	99	0	0	0	0	0	0	0	0	0	0	0	0	0	0	0	0	0	0	0	0	0	0	0	0	0	0	0	0	0	0	0	0	0	0	0	0	0	0	0	0	0	0	0	0	0	30	0	0	0	0	3	13	0	0	0	0	90000	0	0	0	55006	0	0	0	0	0	0	0	0	0	0	0	0	0	0	0	0	0	0	0	0	0	0	0	0	0	0	0	0	0	0	0	0	0	1	
	65522	1	0	[지급품]명인의키트(거래불가)	158021	1	69DDA0	40008	159021	0	0	73503	39918	0	20006	0	911	0	Null	0	Null	0	0	0	0	1	0	0	0	0	0	0	0	2	7	255	0	0	0	0	0	0	0	0	0	0	0	0	0	0	0	0	0	0	0	0	0	0	0	0	0	0	0	0	0	1	1	1	1	1	1	1	1	99	0	0	0	0	0	0	0	0	0	0	0	0	0	0	0	0	0	0	0	0	0	0	0	0	0	0	0	0	0	0	0	0	0	0	0	0	0	0	0	0	0	0	0	0	0	255	0	0	0	0	3	14	0	0	0	0	10000	0	0	0	0	0	0	0	0	0	0	0	0	0	0	0	0	0	0	0	0	0	0	0	0	0	0	0	0	0	0	0	0	0	0	0	0	0	1	
	65523	1	0	[지급품]치타의기세(30분)(거래불가)	158492	1	69DDA0	42015	158517	0	0	72511	39918	0	911	0	911	8	Q005	1	Null	0	0	0	0	1	0	0	0	0	0	0	0	2	7	255	0	0	0	0	0	0	0	0	0	0	0	0	0	0	0	0	0	0	0	0	0	0	0	0	0	0	0	0	0	1	1	1	1	1	1	1	1	99	0	0	0	0	0	0	0	0	0	0	0	0	0	0	0	0	0	0	0	0	0	0	0	0	0	0	0	0	0	0	0	0	0	0	0	0	0	0	0	0	0	0	0	0	0	120	0	0	0	0	15	21	0	0	0	0	5000	0	0	0	58501	0	0	0	0	0	0	0	0	0	0	0	0	0	0	0	0	0	0	0	0	0	0	0	0	0	0	0	0	0	0	0	0	0	1	
	65524	1	0	[지급품]곰의기세(30분)(거래불가)	158493	1	69DDA0	42015	158519	0	0	72512	39918	0	911	0	911	8	Q005	1	Null	0	0	0	0	1	0	0	0	0	0	0	0	2	7	255	0	0	0	0	0	0	0	0	0	0	0	0	0	0	0	0	0	0	0	0	0	0	0	0	0	0	0	0	0	1	1	1	1	1	1	1	1	99	0	0	0	0	0	0	0	0	0	0	0	0	0	0	0	0	0	0	0	0	0	0	0	0	0	0	0	0	0	0	0	0	0	0	0	0	0	0	0	0	0	0	0	0	0	120	0	0	0	0	15	22	0	0	0	0	5000	0	0	0	58511	0	0	0	0	0	0	0	0	0	0	0	0	0	0	0	0	0	0	0	0	0	0	0	0	0	0	0	0	0	0	0	0	0	1	
	65525	1	0	[지급품]늑대의기세(30분)(거래불가)	158494	1	69DDA0	42015	158518	0	0	72513	39918	0	911	0	911	8	Q005	1	Null	0	0	0	0	1	0	0	0	0	0	0	0	2	7	255	0	0	0	0	0	0	0	0	0	0	0	0	0	0	0	0	0	0	0	0	0	0	0	0	0	0	0	0	0	1	1	1	1	1	1	1	1	99	0	0	0	0	0	0	0	0	0	0	0	0	0	0	0	0	0	0	0	0	0	0	0	0	0	0	0	0	0	0	0	0	0	0	0	0	0	0	0	0	0	0	0	0	0	120	0	0	0	0	15	23	0	0	0	0	5000	0	0	0	58521	0	0	0	0	0	0	0	0	0	0	0	0	0	0	0	0	0	0	0	0	0	0	0	0	0	0	0	0	0	0	0	0	0	1	
	65526	1	0	[지급품]매의기세(30분)(거래불가)	158495	1	69DDA0	42015	158524	0	0	72514	39918	0	911	0	911	8	Q005	1	Null	0	0	0	0	1	0	0	0	0	0	0	0	2	7	255	0	0	0	0	0	0	0	0	0	0	0	0	0	0	0	0	0	0	0	0	0	0	0	0	0	0	0	0	0	1	1	1	1	1	1	1	1	99	0	0	0	0	0	0	0	0	0	0	0	0	0	0	0	0	0	0	0	0	0	0	0	0	0	0	0	0	0	0	0	0	0	0	0	0	0	0	0	0	0	0	0	0	0	120	0	0	0	0	15	24	0	0	0	0	5000	0	0	0	58531	0	0	0	0	0	0	0	0	0	0	0	0	0	0	0	0	0	0	0	0	0	0	0	0	0	0	0	0	0	0	0	0	0	1	
	65527	1	0	[지급품]승냥이의기세(30분)(거래불가)	158496	1	69DDA0	42015	159063	0	0	72516	39918	0	911	0	911	8	Q005	1	Null	0	0	0	0	1	0	0	0	0	0	0	0	2	7	255	0	0	0	0	0	0	0	0	0	0	0	0	0	0	0	0	0	0	0	0	0	0	0	0	0	0	0	0	0	1	1	1	1	1	1	1	1	99	0	0	0	0	0	0	0	0	0	0	0	0	0	0	0	0	0	0	0	0	0	0	0	0	0	0	0	0	0	0	0	0	0	0	0	0	0	0	0	0	0	0	0	0	0	120	0	0	0	0	15	26	0	0	0	0	5000	0	0	0	58552	0	0	0	0	0	0	0	0	0	0	0	0	0	0	0	0	0	0	0	0	0	0	0	0	0	0	0	0	0	0	0	0	0	1	
	65528	1	0	[지급품]야전지휘관의작전깃발(거래불가)	158015	1	69DDA0	9445	159015	0	0	73511	39918	0	20001	0	911	0	Null	0	Null	0	0	0	0	1	0	0	0	0	0	0	0	2	7	255	0	0	0	0	0	0	0	0	0	0	0	0	0	0	0	0	0	0	0	0	0	0	0	0	0	0	0	0	0	1	1	1	1	1	1	1	1	99	0	0	0	0	0	0	0	0	0	0	0	0	0	0	0	0	0	0	0	0	0	0	0	0	0	0	0	0	0	0	0	0	0	0	0	0	0	0	0	0	0	0	0	0	0	120	0	0	0	0	3	16	0	0	0	0	0	0	0	0	0	0	0	0	0	0	0	0	0	0	0	0	0	0	0	0	0	0	0	0	0	0	0	0	0	0	0	0	0	0	0	0	0	0	1	
	65529	1	4	[지급품]야전지휘관의작전지도(거래불가)	158014	1	69DDA0	9445	159014	0	0	73510	39918	0	20002	0	911	0	Null	0	Null	0	0	0	0	1	0	0	0	0	0	0	0	4	7	255	0	0	0	0	0	0	0	0	0	0	0	0	0	0	0	0	0	0	0	0	0	0	0	0	0	0	0	0	0	1	1	1	1	1	1	1	1	99	0	0	0	0	0	0	0	0	0	0	0	0	0	0	0	0	0	0	0	0	0	0	0	0	0	0	0	0	0	0	0	0	0	0	0	0	0	0	0	0	0	0	0	0	0	1	0	0	0	0	3	16	0	0	0	0	0	0	0	0	0	0	0	0	0	0	0	0	0	0	0	0	0	0	0	0	0	0	0	0	0	0	0	0	0	0	0	0	0	0	0	0	0	0	1	
	65530	1	2	[지급품]명지휘관의지휘봉(거래불가)	158050	1	69DDA0	40022	159019	0	0	73507	39918	0	20000	0	911	0	Null	0	Null	0	0	0	0	1	0	0	0	0	0	0	0	0	7	255	0	0	0	0	0	0	0	0	0	0	0	0	0	0	0	0	0	0	0	0	0	0	0	0	0	0	0	0	0	1	1	1	1	1	1	1	1	99	0	0	0	0	0	0	0	0	0	0	0	0	0	0	0	0	0	0	0	0	0	0	0	0	0	0	0	0	0	0	0	0	0	0	0	0	0	0	0	0	0	0	0	0	0	1	0	0	0	0	0	0	0	0	0	0	0	0	0	0	0	0	0	0	0	0	0	0	0	0	0	0	0	0	0	0	0	0	0	0	0	0	0	0	0	0	0	0	0	0	0	0	0	0	1	
	65531	1	0	[지급품]치타의기세(30분)(거래불가)	158492	1	69DDA0	42015	158517	0	0	72511	39918	0	911	0	911	8	Q005	1	Null	0	0	0	0	1	0	0	0	0	0	0	0	2	263	255	0	0	0	0	0	0	0	0	0	0	0	0	0	0	0	0	0	0	0	0	0	0	0	0	0	0	0	0	0	1	1	1	1	1	1	1	1	99	0	0	0	0	0	0	0	0	0	0	0	0	0	0	0	0	0	0	0	0	0	0	0	0	0	0	0	0	0	0	0	0	0	0	0	0	0	0	0	0	0	0	0	0	0	120	0	0	0	0	15	21	0	0	0	0	5000	0	0	0	58501	0	0	0	0	0	0	0	0	0	0	0	0	0	0	0	0	0	0	0	0	0	0	0	0	0	0	0	0	0	0	0	0	0	1	
	64837	1	0	[지급품]치타의기세(30분)(거래/창고불가)_캐릭터생성시지급	158492	1	69DDA0	42015	158517	0	0	72511	39918	0	911	0	911	8	Q005	1	Null	0	0	0	0	1	0	0	0	0	0	0	0	2	295	255	0	0	0	0	0	0	0	0	0	0	0	0	0	0	0	0	0	0	0	0	0	0	0	0	0	0	0	0	0	1	1	1	1	1	1	1	1	99	0	0	0	0	0	0	0	0	0	0	0	0	0	0	0	0	0	0	0	0	0	0	0	0	0	0	0	0	0	0	0	0	0	0	0	0	0	0	0	0	0	0	0	0	0	120	0	0	0	0	15	21	0	0	0	0	5000	0	0	0	58501	0	0	0	0	0	0	0	0	0	0	0	0	0	0	0	0	0	0	0	0	0	0	0	0	0	0	0	0	0	0	0	0	0	1	
	65532	1	0	[지급품]곰의기세(30분)(거래/창고불가)_캐릭터생성시지급	158493	1	69DDA0	42015	158519	0	0	72512	39918	0	911	0	911	8	Q005	1	Null	0	0	0	0	1	0	0	0	0	0	0	0	2	295	255	0	0	0	0	0	0	0	0	0	0	0	0	0	0	0	0	0	0	0	0	0	0	0	0	0	0	0	0	0	1	1	1	1	1	1	1	1	99	0	0	0	0	0	0	0	0	0	0	0	0	0	0	0	0	0	0	0	0	0	0	0	0	0	0	0	0	0	0	0	0	0	0	0	0	0	0	0	0	0	0	0	0	0	120	0	0	0	0	15	22	0	0	0	0	5000	0	0	0	58511	0	0	0	0	0	0	0	0	0	0	0	0	0	0	0	0	0	0	0	0	0	0	0	0	0	0	0	0	0	0	0	0	0	1	
	65533	1	0	[지급품]매의기세(30분)(거래/창고불가)_캐릭터생성시지급	158495	1	69DDA0	42015	158524	0	0	72514	39918	0	911	0	911	8	Q005	1	Null	0	0	0	0	1	0	0	0	0	0	0	0	2	295	255	0	0	0	0	0	0	0	0	0	0	0	0	0	0	0	0	0	0	0	0	0	0	0	0	0	0	0	0	0	1	1	1	1	1	1	1	1	99	0	0	0	0	0	0	0	0	0	0	0	0	0	0	0	0	0	0	0	0	0	0	0	0	0	0	0	0	0	0	0	0	0	0	0	0	0	0	0	0	0	0	0	0	0	120	0	0	0	0	15	24	0	0	0	0	5000	0	0	0	58531	0	0	0	0	0	0	0	0	0	0	0	0	0	0	0	0	0	0	0	0	0	0	0	0	0	0	0	0	0	0	0	0	0	1	
//	비밀의방열쇠							#N/A																								0					0	0																																																																																														0																																					
	65113	1	0	봉인이풀린마법사의돌	158681	1	69DDA0	9466	159891	0	0	39957	39919	0	995	0	911	0	Null	0	Null	0	0	0	0	1	0	0	0	0	0	0	0	0	6	255	0	0	0	0	0	0	0	0	0	0	0	0	0	0	0	0	0	0	0	0	0	0	0	0	0	0	0	0	0 	0	0	0	0	0	0	0	0	99	0	0	0	0	0	0	0	0	0	0	0	0	0	0	0	0	0	0	0	0	0	0	0	0	0	0	0	0	0	0	0	0	0	0	0	0	0	0	0	0	0	0	0	0	0	255	0	0	0	0	0	0	0	0	0	0	0	0	0	0	64	0	0	0	0	0	0	0	0	0	0	0	0	0	0	0	0	0	0	0	0	0	0	0	0	0	0	0	0	0	0	0	0	0	0	
//2013 9월 프로모션 진격의 패키지용 아이템								#N/A																																																																																																																																																																	
	65534	1	0	[지급품]캐시추가슬롯2개추가(거래/창고불가)	158996	1	69DDA0	40022	159075	0	0	73524	39918	0	20013	0	911	0	Null	0	Null	0	0	0	0	1	0	0	0	0	0	0	1	2	263	255	0	0	0	0	0	0	0	0	0	0	0	0	0	0	0	0	0	0	0	0	0	0	0	0	0	0	0	0	0	1	1	1	1	1	1	1	1	99	0	0	0	0	0	0	0	0	0	0	0	0	0	0	0	0	0	0	0	0	0	0	0	0	0	0	0	0	0	0	0	0	0	0	0	0	0	0	0	0	0	0	0	0	0	1	0	0	0	0	0	0	0	0	0	0	0	0	0	0	0	0	0	0	0	0	0	0	0	0	0	0	0	0	0	0	0	0	0	0	0	0	0	0	0	0	0	0	0	0	0	0	0	0	1	
//	미션 반복보상 아이콘 출력용 랜덤아이템							#N/A																								0					0	0																																																																																														0																																					
	65535	0	0	랜덤아이템	48000	0	0	40022	49000	0	0	33315	39999	0	992	0	992	0	Null	0	Null	0	0	0	0	1	0	0	0	0	0	0	0	1	0	255	0	0	0	0	0	0	0	0	0	0	0	0	0	0	0	0	0	0	0	0	0	0	0	0	0	0	0	0	0 	0	0	0	0	0	0	0	0	99	0	0	0	0	0	0	0	0	0	0	0	0	0	0	0	0	0	0	0	0	0	0	0	0	0	0	0	0	0	0	0	0	0	0	0	0	0	0	0	0	0	0	0	0	0	1	0	0	0	0	0	0	0	0	0	0	0	0	0	0	0	0	0	0	0	0	0	0	0	0	0	0	0	0	0	0	0	0	0	0	0	0	0	0	0	0	0	0	0	0	0	0	0	0	0	
//	Item Code Index 65535 가 마지막이에요 그 이상 사용하지 마세요~																															0					0	0																																																																																														0																																					
																																																																																																																																																																									
																																																																																																																																																																									
																																																																																																																																																																									
																																																																																																																																																																									
																																																																																																																																																																									
																																																																																																																																																																									
																																																																																																																																																																									
																																																																																																																																																																									
																																																																																																																																																																									
																																																																																																																																																																									
																																																																																																																																																																									
																																																																																																																																																																									
																																																																																																																																																																									
																																																																																																																																																																									
																																																																																																																																																																									
																																																																																																																																																																									
																																																																																																																																																																									
																																																																																																																																																																									
	62900	1	0	Wing_Berserker	70800	1	69DDA0	70810	70811	11321	11321	33253	39918	0	20073	0	911	0	Null	0	Null	0	25355	0	0	1	0	0	0	0	0	0	0	4	86	255	0	0	0	0	0	0	0	0	0	0	0	0	0	0	0	0	0	0	0	0	0	0	0	0	0	0	0	0	0	1	1	1	1	1	1	1	1	99	0	0	0	0	0	0	0	0	0	0	0	0	0	0	0	0	0	0	0	0	0	0	0	0	0	0	0	0	0	0	0	0	0	0	0	0	0	0	0	0	0	0	0	0	0	1	0	0	0	0	0	0	0	0	0	0	0	0	0	0	0	0	0	0	0	0	0	0	0	0	0	0	0	0	0	0	0	0	0	0	0	0	0	0	0	0	0	0	0	0	0	0	0	0	1	
	62901	1	0	Wing_DragonKnight	70801	1	69DDA0	70810	70811	11322	11322	33253	39918	0	20073	0	911	0	Null	0	Null	0	25355	0	0	1	0	0	0	0	0	0	0	4	86	255	0	0	0	0	0	0	0	0	0	0	0	0	0	0	0	0	0	0	0	0	0	0	0	0	0	0	0	0	0	1	1	1	1	1	1	1	1	99	0	0	0	0	0	0	0	0	0	0	0	0	0	0	0	0	0	0	0	0	0	0	0	0	0	0	0	0	0	0	0	0	0	0	0	0	0	0	0	0	0	0	0	0	0	1	0	0	0	0	0	0	0	0	0	0	0	0	0	0	0	0	0	0	0	0	0	0	0	0	0	0	0	0	0	0	0	0	0	0	0	0	0	0	0	0	0	0	0	0	0	0	0	0	1	
	62902	1	0	Wing_Shadow	70802	1	69DDA0	70810	70811	11325	11325	33253	39918	0	20073	0	911	0	Null	0	Null	0	25355	0	0	1	0	0	0	0	0	0	0	4	86	255	0	0	0	0	0	0	0	0	0	0	0	0	0	0	0	0	0	0	0	0	0	0	0	0	0	0	0	0	0	1	1	1	1	1	1	1	1	99	0	0	0	0	0	0	0	0	0	0	0	0	0	0	0	0	0	0	0	0	0	0	0	0	0	0	0	0	0	0	0	0	0	0	0	0	0	0	0	0	0	0	0	0	0	1	0	0	0	0	0	0	0	0	0	0	0	0	0	0	0	0	0	0	0	0	0	0	0	0	0	0	0	0	0	0	0	0	0	0	0	0	0	0	0	0	0	0	0	0	0	0	0	0	1	
	62903	1	0	Wing_Valkyrie	70803	1	69DDA0	70810	70811	11324	11324	33253	39918	0	20073	0	911	0	Null	0	Null	0	25355	0	0	1	0	0	0	0	0	0	0	4	86	255	0	0	0	0	0	0	0	0	0	0	0	0	0	0	0	0	0	0	0	0	0	0	0	0	0	0	0	0	0	1	1	1	1	1	1	1	1	99	0	0	0	0	0	0	0	0	0	0	0	0	0	0	0	0	0	0	0	0	0	0	0	0	0	0	0	0	0	0	0	0	0	0	0	0	0	0	0	0	0	0	0	0	0	1	0	0	0	0	0	0	0	0	0	0	0	0	0	0	0	0	0	0	0	0	0	0	0	0	0	0	0	0	0	0	0	0	0	0	0	0	0	0	0	0	0	0	0	0	0	0	0	0	1	
	62904	1	0	Wing_Elementalist	70804	1	69DDA0	70810	70811	11323	11323	33253	39918	0	20073	0	911	0	Null	0	Null	0	25355	0	0	1	0	0	0	0	0	0	0	4	86	255	0	0	0	0	0	0	0	0	0	0	0	0	0	0	0	0	0	0	0	0	0	0	0	0	0	0	0	0	0	1	1	1	1	1	1	1	1	99	0	0	0	0	0	0	0	0	0	0	0	0	0	0	0	0	0	0	0	0	0	0	0	0	0	0	0	0	0	0	0	0	0	0	0	0	0	0	0	0	0	0	0	0	0	1	0	0	0	0	0	0	0	0	0	0	0	0	0	0	0	0	0	0	0	0	0	0	0	0	0	0	0	0	0	0	0	0	0	0	0	0	0	0	0	0	0	0	0	0	0	0	0	0	1	
	63530	1	0	WingCostume_DragonKnight_11	70820	1	69DDA0	70810	70811	11407	11407	33253	39918	0	20073	0	911	0	Null	0	Null	0	25355	0	0	1	0	0	0	0	0	0	0	4	86	255	0	0	0	0	0	0	0	0	0	0	0	0	0	0	0	0	0	0	0	0	0	0	0	0	0	0	0	0	0	1	1	1	1	1	1	1	1	99	0	0	0	0	0	0	0	0	0	0	0	0	0	0	0	0	0	0	0	0	0	0	0	0	0	0	0	0	0	0	0	0	0	0	0	0	0	0	0	0	0	0	0	0	0	1	0	0	0	0	0	0	0	0	0	0	0	0	0	0	0	0	0	0	0	0	0	0	0	0	0	0	0	0	0	0	0	0	0	0	0	0	0	0	0	0	0	0	0	0	0	0	0	0	1	
	63531	1	0	WingCostume_Elementalist_11	70821	1	69DDA0	70810	70811	11408	11408	33253	39918	0	20073	0	911	0	Null	0	Null	0	25355	0	0	1	0	0	0	0	0	0	0	4	86	255	0	0	0	0	0	0	0	0	0	0	0	0	0	0	0	0	0	0	0	0	0	0	0	0	0	0	0	0	0	1	1	1	1	1	1	1	1	99	0	0	0	0	0	0	0	0	0	0	0	0	0	0	0	0	0	0	0	0	0	0	0	0	0	0	0	0	0	0	0	0	0	0	0	0	0	0	0	0	0	0	0	0	0	1	0	0	0	0	0	0	0	0	0	0	0	0	0	0	0	0	0	0	0	0	0	0	0	0	0	0	0	0	0	0	0	0	0	0	0	0	0	0	0	0	0	0	0	0	0	0	0	0	1	
	63532	1	0	WingCostume_Valkyrie_11	70822	1	69DDA0	70810	70811	11409	11409	33253	39918	0	20073	0	911	0	Null	0	Null	0	25355	0	0	1	0	0	0	0	0	0	0	4	86	255	0	0	0	0	0	0	0	0	0	0	0	0	0	0	0	0	0	0	0	0	0	0	0	0	0	0	0	0	0	1	1	1	1	1	1	1	1	99	0	0	0	0	0	0	0	0	0	0	0	0	0	0	0	0	0	0	0	0	0	0	0	0	0	0	0	0	0	0	0	0	0	0	0	0	0	0	0	0	0	0	0	0	0	1	0	0	0	0	0	0	0	0	0	0	0	0	0	0	0	0	0	0	0	0	0	0	0	0	0	0	0	0	0	0	0	0	0	0	0	0	0	0	0	0	0	0	0	0	0	0	0	0	1	
	63533	1	0	WingCostume_Shadow_11	70823	1	69DDA0	70810	70811	11410	11410	33253	39918	0	20073	0	911	0	Null	0	Null	0	25355	0	0	1	0	0	0	0	0	0	0	4	86	255	0	0	0	0	0	0	0	0	0	0	0	0	0	0	0	0	0	0	0	0	0	0	0	0	0	0	0	0	0	1	1	1	1	1	1	1	1	99	0	0	0	0	0	0	0	0	0	0	0	0	0	0	0	0	0	0	0	0	0	0	0	0	0	0	0	0	0	0	0	0	0	0	0	0	0	0	0	0	0	0	0	0	0	1	0	0	0	0	0	0	0	0	0	0	0	0	0	0	0	0	0	0	0	0	0	0	0	0	0	0	0	0	0	0	0	0	0	0	0	0	0	0	0	0	0	0	0	0	0	0	0	0	1	
	63534	1	0	WingCostume_DragonKnight_11b	70824	1	69DDA0	70810	70811	11411	11411	33253	39918	0	20073	0	911	0	Null	0	Null	0	25355	0	0	1	0	0	0	0	0	0	0	4	86	255	0	0	0	0	0	0	0	0	0	0	0	0	0	0	0	0	0	0	0	0	0	0	0	0	0	0	0	0	0	1	1	1	1	1	1	1	1	99	0	0	0	0	0	0	0	0	0	0	0	0	0	0	0	0	0	0	0	0	0	0	0	0	0	0	0	0	0	0	0	0	0	0	0	0	0	0	0	0	0	0	0	0	0	1	0	0	0	0	0	0	0	0	0	0	0	0	0	0	0	0	0	0	0	0	0	0	0	0	0	0	0	0	0	0	0	0	0	0	0	0	0	0	0	0	0	0	0	0	0	0	0	0	1	
	63535	1	0	WingCostume_Elementalist_11b	70825	1	69DDA0	70810	70811	11412	11412	33253	39918	0	20073	0	911	0	Null	0	Null	0	25355	0	0	1	0	0	0	0	0	0	0	4	86	255	0	0	0	0	0	0	0	0	0	0	0	0	0	0	0	0	0	0	0	0	0	0	0	0	0	0	0	0	0	1	1	1	1	1	1	1	1	99	0	0	0	0	0	0	0	0	0	0	0	0	0	0	0	0	0	0	0	0	0	0	0	0	0	0	0	0	0	0	0	0	0	0	0	0	0	0	0	0	0	0	0	0	0	1	0	0	0	0	0	0	0	0	0	0	0	0	0	0	0	0	0	0	0	0	0	0	0	0	0	0	0	0	0	0	0	0	0	0	0	0	0	0	0	0	0	0	0	0	0	0	0	0	1	
	63536	1	0	WingCostume_Valkyrie_11b	70826	1	69DDA0	70810	70811	11413	11413	33253	39918	0	20073	0	911	0	Null	0	Null	0	25355	0	0	1	0	0	0	0	0	0	0	4	86	255	0	0	0	0	0	0	0	0	0	0	0	0	0	0	0	0	0	0	0	0	0	0	0	0	0	0	0	0	0	1	1	1	1	1	1	1	1	99	0	0	0	0	0	0	0	0	0	0	0	0	0	0	0	0	0	0	0	0	0	0	0	0	0	0	0	0	0	0	0	0	0	0	0	0	0	0	0	0	0	0	0	0	0	1	0	0	0	0	0	0	0	0	0	0	0	0	0	0	0	0	0	0	0	0	0	0	0	0	0	0	0	0	0	0	0	0	0	0	0	0	0	0	0	0	0	0	0	0	0	0	0	0	1	
	63537	1	0	WingCostume_Shadow_11b	70827	1	69DDA0	70810	70811	11414	11414	33253	39918	0	20073	0	911	0	Null	0	Null	0	25355	0	0	1	0	0	0	0	0	0	0	4	86	255	0	0	0	0	0	0	0	0	0	0	0	0	0	0	0	0	0	0	0	0	0	0	0	0	0	0	0	0	0	1	1	1	1	1	1	1	1	99	0	0	0	0	0	0	0	0	0	0	0	0	0	0	0	0	0	0	0	0	0	0	0	0	0	0	0	0	0	0	0	0	0	0	0	0	0	0	0	0	0	0	0	0	0	1	0	0	0	0	0	0	0	0	0	0	0	0	0	0	0	0	0	0	0	0	0	0	0	0	0	0	0	0	0	0	0	0	0	0	0	0	0	0	0	0	0	0	0	0	0	0	0	0	1	
	63538	1	0	WingCostume_Valkyrie_w_val_wing01	70828	1	69DDA0	70810	70811	31416	31416	33253	39918	0	20073	0	911	0	Null	0	Null	0	25355	0	0	1	0	0	0	0	0	0	0	4	86	255	0	0	0	0	0	0	0	0	0	0	0	0	0	0	0	0	0	0	0	0	0	0	0	0	0	0	0	0	0	1	1	1	1	1	1	1	1	99	0	0	0	0	0	0	0	0	0	0	0	0	0	0	0	0	0	0	0	0	0	0	0	0	0	0	0	0	0	0	0	0	0	0	0	0	0	0	0	0	0	0	0	0	0	1	0	0	0	0	0	0	0	0	0	0	0	0	0	0	0	0	0	0	0	0	0	0	0	0	0	0	0	0	0	0	0	0	0	0	0	0	0	0	0	0	0	0	0	0	0	0	0	0	1	
	63539	1	0	WingCostume_Shadow_w_sha_wing01	70829	1	69DDA0	70810	70811	31417	31417	33253	39918	0	20073	0	911	0	Null	0	Null	0	25355	0	0	1	0	0	0	0	0	0	0	4	86	255	0	0	0	0	0	0	0	0	0	0	0	0	0	0	0	0	0	0	0	0	0	0	0	0	0	0	0	0	0	1	1	1	1	1	1	1	1	99	0	0	0	0	0	0	0	0	0	0	0	0	0	0	0	0	0	0	0	0	0	0	0	0	0	0	0	0	0	0	0	0	0	0	0	0	0	0	0	0	0	0	0	0	0	1	0	0	0	0	0	0	0	0	0	0	0	0	0	0	0	0	0	0	0	0	0	0	0	0	0	0	0	0	0	0	0	0	0	0	0	0	0	0	0	0	0	0	0	0	0	0	0	0	1	
	63540	1	0	WingCostume_DragonKnight_w_dra_wing01	70830	1	69DDA0	70810	70811	31418	31418	33253	39918	0	20073	0	911	0	Null	0	Null	0	25355	0	0	1	0	0	0	0	0	0	0	4	86	255	0	0	0	0	0	0	0	0	0	0	0	0	0	0	0	0	0	0	0	0	0	0	0	0	0	0	0	0	0	1	1	1	1	1	1	1	1	99	0	0	0	0	0	0	0	0	0	0	0	0	0	0	0	0	0	0	0	0	0	0	0	0	0	0	0	0	0	0	0	0	0	0	0	0	0	0	0	0	0	0	0	0	0	1	0	0	0	0	0	0	0	0	0	0	0	0	0	0	0	0	0	0	0	0	0	0	0	0	0	0	0	0	0	0	0	0	0	0	0	0	0	0	0	0	0	0	0	0	0	0	0	0	1	
	63541	1	0	WingCostume_Elementalist_w_mag_wing01	70831	1	69DDA0	70810	70811	31419	31419	33253	39918	0	20073	0	911	0	Null	0	Null	0	25355	0	0	1	0	0	0	0	0	0	0	4	86	255	0	0	0	0	0	0	0	0	0	0	0	0	0	0	0	0	0	0	0	0	0	0	0	0	0	0	0	0	0	1	1	1	1	1	1	1	1	99	0	0	0	0	0	0	0	0	0	0	0	0	0	0	0	0	0	0	0	0	0	0	0	0	0	0	0	0	0	0	0	0	0	0	0	0	0	0	0	0	0	0	0	0	0	1	0	0	0	0	0	0	0	0	0	0	0	0	0	0	0	0	0	0	0	0	0	0	0	0	0	0	0	0	0	0	0	0	0	0	0	0	0	0	0	0	0	0	0	0	0	0	0	0	1	
	63542	1	0	WingCostume_DragonKnight_w_dra_11_A_wing	70832	1	69DDA0	70810	70811	11420	11420	33253	39918	0	20073	0	911	0	Null	0	Null	0	25355	0	0	1	0	0	0	0	0	0	0	4	86	255	0	0	0	0	0	0	0	0	0	0	0	0	0	0	0	0	0	0	0	0	0	0	0	0	0	0	0	0	0	1	1	1	1	1	1	1	1	99	0	0	0	0	0	0	0	0	0	0	0	0	0	0	0	0	0	0	0	0	0	0	0	0	0	0	0	0	0	0	0	0	0	0	0	0	0	0	0	0	0	0	0	0	0	1	0	0	0	0	0	0	0	0	0	0	0	0	0	0	0	0	0	0	0	0	0	0	0	0	0	0	0	0	0	0	0	0	0	0	0	0	0	0	0	0	0	0	0	0	0	0	0	0	1	
	63543	1	0	WingCostume_Elementalist_w_mag_11_A_wing	70833	1	69DDA0	70810	70811	11421	11421	33253	39918	0	20073	0	911	0	Null	0	Null	0	25355	0	0	1	0	0	0	0	0	0	0	4	86	255	0	0	0	0	0	0	0	0	0	0	0	0	0	0	0	0	0	0	0	0	0	0	0	0	0	0	0	0	0	1	1	1	1	1	1	1	1	99	0	0	0	0	0	0	0	0	0	0	0	0	0	0	0	0	0	0	0	0	0	0	0	0	0	0	0	0	0	0	0	0	0	0	0	0	0	0	0	0	0	0	0	0	0	1	0	0	0	0	0	0	0	0	0	0	0	0	0	0	0	0	0	0	0	0	0	0	0	0	0	0	0	0	0	0	0	0	0	0	0	0	0	0	0	0	0	0	0	0	0	0	0	0	1	
	63544	1	0	WingCostume_Valkyrie_w_val_11_A_wing	70834	1	69DDA0	70810	70811	11422	11422	33253	39918	0	20073	0	911	0	Null	0	Null	0	25355	0	0	1	0	0	0	0	0	0	0	4	86	255	0	0	0	0	0	0	0	0	0	0	0	0	0	0	0	0	0	0	0	0	0	0	0	0	0	0	0	0	0	1	1	1	1	1	1	1	1	99	0	0	0	0	0	0	0	0	0	0	0	0	0	0	0	0	0	0	0	0	0	0	0	0	0	0	0	0	0	0	0	0	0	0	0	0	0	0	0	0	0	0	0	0	0	1	0	0	0	0	0	0	0	0	0	0	0	0	0	0	0	0	0	0	0	0	0	0	0	0	0	0	0	0	0	0	0	0	0	0	0	0	0	0	0	0	0	0	0	0	0	0	0	0	1	
	63545	1	0	WingCostume_Shadow_w_sha_11_A_wing	70835	1	69DDA0	70810	70811	11423	11423	33253	39918	0	20073	0	911	0	Null	0	Null	0	25355	0	0	1	0	0	0	0	0	0	0	4	86	255	0	0	0	0	0	0	0	0	0	0	0	0	0	0	0	0	0	0	0	0	0	0	0	0	0	0	0	0	0	1	1	1	1	1	1	1	1	99	0	0	0	0	0	0	0	0	0	0	0	0	0	0	0	0	0	0	0	0	0	0	0	0	0	0	0	0	0	0	0	0	0	0	0	0	0	0	0	0	0	0	0	0	0	1	0	0	0	0	0	0	0	0	0	0	0	0	0	0	0	0	0	0	0	0	0	0	0	0	0	0	0	0	0	0	0	0	0	0	0	0	0	0	0	0	0	0	0	0	0	0	0	0	1	
	63546	1	0	WingCostume_DragonKnight_w_dra_11_B_wing	70836	1	69DDA0	70810	70811	11424	11424	33253	39918	0	20073	0	911	0	Null	0	Null	0	25355	0	0	1	0	0	0	0	0	0	0	4	86	255	0	0	0	0	0	0	0	0	0	0	0	0	0	0	0	0	0	0	0	0	0	0	0	0	0	0	0	0	0	1	1	1	1	1	1	1	1	99	0	0	0	0	0	0	0	0	0	0	0	0	0	0	0	0	0	0	0	0	0	0	0	0	0	0	0	0	0	0	0	0	0	0	0	0	0	0	0	0	0	0	0	0	0	1	0	0	0	0	0	0	0	0	0	0	0	0	0	0	0	0	0	0	0	0	0	0	0	0	0	0	0	0	0	0	0	0	0	0	0	0	0	0	0	0	0	0	0	0	0	0	0	0	1	
	63547	1	0	WingCostume_Elementalist_w_mag_11_B_wing	70837	1	69DDA0	70810	70811	11425	11425	33253	39918	0	20073	0	911	0	Null	0	Null	0	25355	0	0	1	0	0	0	0	0	0	0	4	86	255	0	0	0	0	0	0	0	0	0	0	0	0	0	0	0	0	0	0	0	0	0	0	0	0	0	0	0	0	0	1	1	1	1	1	1	1	1	99	0	0	0	0	0	0	0	0	0	0	0	0	0	0	0	0	0	0	0	0	0	0	0	0	0	0	0	0	0	0	0	0	0	0	0	0	0	0	0	0	0	0	0	0	0	1	0	0	0	0	0	0	0	0	0	0	0	0	0	0	0	0	0	0	0	0	0	0	0	0	0	0	0	0	0	0	0	0	0	0	0	0	0	0	0	0	0	0	0	0	0	0	0	0	1	
	63548	1	0	WingCostume_Valkyrie_w_val_11_B_wing	70838	1	69DDA0	70810	70811	11426	11426	33253	39918	0	20073	0	911	0	Null	0	Null	0	25355	0	0	1	0	0	0	0	0	0	0	4	86	255	0	0	0	0	0	0	0	0	0	0	0	0	0	0	0	0	0	0	0	0	0	0	0	0	0	0	0	0	0	1	1	1	1	1	1	1	1	99	0	0	0	0	0	0	0	0	0	0	0	0	0	0	0	0	0	0	0	0	0	0	0	0	0	0	0	0	0	0	0	0	0	0	0	0	0	0	0	0	0	0	0	0	0	1	0	0	0	0	0	0	0	0	0	0	0	0	0	0	0	0	0	0	0	0	0	0	0	0	0	0	0	0	0	0	0	0	0	0	0	0	0	0	0	0	0	0	0	0	0	0	0	0	1	
	63549	1	0	WingCostume_Shadow_w_sha_11_B_wing	70839	1	69DDA0	70810	70811	11427	11427	33253	39918	0	20073	0	911	0	Null	0	Null	0	25355	0	0	1	0	0	0	0	0	0	0	4	86	255	0	0	0	0	0	0	0	0	0	0	0	0	0	0	0	0	0	0	0	0	0	0	0	0	0	0	0	0	0	1	1	1	1	1	1	1	1	99	0	0	0	0	0	0	0	0	0	0	0	0	0	0	0	0	0	0	0	0	0	0	0	0	0	0	0	0	0	0	0	0	0	0	0	0	0	0	0	0	0	0	0	0	0	1	0	0	0	0	0	0	0	0	0	0	0	0	0	0	0	0	0	0	0	0	0	0	0	0	0	0	0	0	0	0	0	0	0	0	0	0	0	0	0	0	0	0	0	0	0	0	0	0	1	
	63550	1	0	WingCostume_Berserker_w_ber_wing01	70840	1	69DDA0	70810	70811	11415	11415	33253	39918	0	20073	0	911	0	Null	0	Null	0	25355	0	0	1	0	0	0	0	0	0	0	4	86	255	0	0	0	0	0	0	0	0	0	0	0	0	0	0	0	0	0	0	0	0	0	0	0	0	0	0	0	0	0	1	1	1	1	1	1	1	1	99	0	0	0	0	0	0	0	0	0	0	0	0	0	0	0	0	0	0	0	0	0	0	0	0	0	0	0	0	0	0	0	0	0	0	0	0	0	0	0	0	0	0	0	0	0	1	0	0	0	0	0	0	0	0	0	0	0	0	0	0	0	0	0	0	0	0	0	0	0	0	0	0	0	0	0	0	0	0	0	0	0	0	0	0	0	0	0	0	0	0	0	0	0	0	1	
	63551	1	0	WingCostume_Berserker_w_dra_wing01	70841	1	69DDA0	70810	70811	11416	11416	33253	39918	0	20073	0	911	0	Null	0	Null	0	25355	0	0	1	0	0	0	0	0	0	0	4	86	255	0	0	0	0	0	0	0	0	0	0	0	0	0	0	0	0	0	0	0	0	0	0	0	0	0	0	0	0	0	1	1	1	1	1	1	1	1	99	0	0	0	0	0	0	0	0	0	0	0	0	0	0	0	0	0	0	0	0	0	0	0	0	0	0	0	0	0	0	0	0	0	0	0	0	0	0	0	0	0	0	0	0	0	1	0	0	0	0	0	0	0	0	0	0	0	0	0	0	0	0	0	0	0	0	0	0	0	0	0	0	0	0	0	0	0	0	0	0	0	0	0	0	0	0	0	0	0	0	0	0	0	0	1	
	63552	1	0	WingCostume_Berserker_w_val_wing01	70842	1	69DDA0	70810	70811	11417	11417	33253	39918	0	20073	0	911	0	Null	0	Null	0	25355	0	0	1	0	0	0	0	0	0	0	4	86	255	0	0	0	0	0	0	0	0	0	0	0	0	0	0	0	0	0	0	0	0	0	0	0	0	0	0	0	0	0	1	1	1	1	1	1	1	1	99	0	0	0	0	0	0	0	0	0	0	0	0	0	0	0	0	0	0	0	0	0	0	0	0	0	0	0	0	0	0	0	0	0	0	0	0	0	0	0	0	0	0	0	0	0	1	0	0	0	0	0	0	0	0	0	0	0	0	0	0	0	0	0	0	0	0	0	0	0	0	0	0	0	0	0	0	0	0	0	0	0	0	0	0	0	0	0	0	0	0	0	0	0	0	1	
	63553	1	0	WingCostume_Berserker_w_mag_wing01	70843	1	69DDA0	70810	70811	11418	11418	33253	39918	0	20073	0	911	0	Null	0	Null	0	25355	0	0	1	0	0	0	0	0	0	0	4	86	255	0	0	0	0	0	0	0	0	0	0	0	0	0	0	0	0	0	0	0	0	0	0	0	0	0	0	0	0	0	1	1	1	1	1	1	1	1	99	0	0	0	0	0	0	0	0	0	0	0	0	0	0	0	0	0	0	0	0	0	0	0	0	0	0	0	0	0	0	0	0	0	0	0	0	0	0	0	0	0	0	0	0	0	1	0	0	0	0	0	0	0	0	0	0	0	0	0	0	0	0	0	0	0	0	0	0	0	0	0	0	0	0	0	0	0	0	0	0	0	0	0	0	0	0	0	0	0	0	0	0	0	0	1	
	63554	1	0	WingCostume_Berserker_w_sha_wing01	70844	1	69DDA0	70810	70811	11419	11419	33253	39918	0	20073	0	911	0	Null	0	Null	0	25355	0	0	1	0	0	0	0	0	0	0	4	86	255	0	0	0	0	0	0	0	0	0	0	0	0	0	0	0	0	0	0	0	0	0	0	0	0	0	0	0	0	0	1	1	1	1	1	1	1	1	99	0	0	0	0	0	0	0	0	0	0	0	0	0	0	0	0	0	0	0	0	0	0	0	0	0	0	0	0	0	0	0	0	0	0	0	0	0	0	0	0	0	0	0	0	0	1	0	0	0	0	0	0	0	0	0	0	0	0	0	0	0	0	0	0	0	0	0	0	0	0	0	0	0	0	0	0	0	0	0	0	0	0	0	0	0	0	0	0	0	0	0	0	0	0	1	
	63555	1	0	WingCostume_Berserker_w_ber_wing01b	70845	1	69DDA0	70810	70811	11428	11428	33253	39918	0	20073	0	911	0	Null	0	Null	0	25355	0	0	1	0	0	0	0	0	0	0	4	86	255	0	0	0	0	0	0	0	0	0	0	0	0	0	0	0	0	0	0	0	0	0	0	0	0	0	0	0	0	0	1	1	1	1	1	1	1	1	99	0	0	0	0	0	0	0	0	0	0	0	0	0	0	0	0	0	0	0	0	0	0	0	0	0	0	0	0	0	0	0	0	0	0	0	0	0	0	0	0	0	0	0	0	0	1	0	0	0	0	0	0	0	0	0	0	0	0	0	0	0	0	0	0	0	0	0	0	0	0	0	0	0	0	0	0	0	0	0	0	0	0	0	0	0	0	0	0	0	0	0	0	0	0	1	
	63556	1	0	WingCostume_Berserker_w_dra_wing01b	70846	1	69DDA0	70810	70811	11429	11429	33253	39918	0	20073	0	911	0	Null	0	Null	0	25355	0	0	1	0	0	0	0	0	0	0	4	86	255	0	0	0	0	0	0	0	0	0	0	0	0	0	0	0	0	0	0	0	0	0	0	0	0	0	0	0	0	0	1	1	1	1	1	1	1	1	99	0	0	0	0	0	0	0	0	0	0	0	0	0	0	0	0	0	0	0	0	0	0	0	0	0	0	0	0	0	0	0	0	0	0	0	0	0	0	0	0	0	0	0	0	0	1	0	0	0	0	0	0	0	0	0	0	0	0	0	0	0	0	0	0	0	0	0	0	0	0	0	0	0	0	0	0	0	0	0	0	0	0	0	0	0	0	0	0	0	0	0	0	0	0	1	
	63557	1	0	WingCostume_Berserker_w_val_wing01b	70847	1	69DDA0	70810	70811	11430	11430	33253	39918	0	20073	0	911	0	Null	0	Null	0	25355	0	0	1	0	0	0	0	0	0	0	4	86	255	0	0	0	0	0	0	0	0	0	0	0	0	0	0	0	0	0	0	0	0	0	0	0	0	0	0	0	0	0	1	1	1	1	1	1	1	1	99	0	0	0	0	0	0	0	0	0	0	0	0	0	0	0	0	0	0	0	0	0	0	0	0	0	0	0	0	0	0	0	0	0	0	0	0	0	0	0	0	0	0	0	0	0	1	0	0	0	0	0	0	0	0	0	0	0	0	0	0	0	0	0	0	0	0	0	0	0	0	0	0	0	0	0	0	0	0	0	0	0	0	0	0	0	0	0	0	0	0	0	0	0	0	1	
	63558	1	0	WingCostume_Berserker_w_mag_wing01b	70848	1	69DDA0	70810	70811	11431	11431	33253	39918	0	20073	0	911	0	Null	0	Null	0	25355	0	0	1	0	0	0	0	0	0	0	4	86	255	0	0	0	0	0	0	0	0	0	0	0	0	0	0	0	0	0	0	0	0	0	0	0	0	0	0	0	0	0	1	1	1	1	1	1	1	1	99	0	0	0	0	0	0	0	0	0	0	0	0	0	0	0	0	0	0	0	0	0	0	0	0	0	0	0	0	0	0	0	0	0	0	0	0	0	0	0	0	0	0	0	0	0	1	0	0	0	0	0	0	0	0	0	0	0	0	0	0	0	0	0	0	0	0	0	0	0	0	0	0	0	0	0	0	0	0	0	0	0	0	0	0	0	0	0	0	0	0	0	0	0	0	1	
	63559	1	0	WingCostume_Berserker_w_sha_wing01b	70849	1	69DDA0	70810	70811	11432	11432	33253	39918	0	20073	0	911	0	Null	0	Null	0	25355	0	0	1	0	0	0	0	0	0	0	4	86	255	0	0	0	0	0	0	0	0	0	0	0	0	0	0	0	0	0	0	0	0	0	0	0	0	0	0	0	0	0	1	1	1	1	1	1	1	1	99	0	0	0	0	0	0	0	0	0	0	0	0	0	0	0	0	0	0	0	0	0	0	0	0	0	0	0	0	0	0	0	0	0	0	0	0	0	0	0	0	0	0	0	0	0	1	0	0	0	0	0	0	0	0	0	0	0	0	0	0	0	0	0	0	0	0	0	0	0	0	0	0	0	0	0	0	0	0	0	0	0	0	0	0	0	0	0	0	0	0	0	0	0	0	1	
	63560	1	0	WingCostume_Berserker_w_ber_wing01c	70850	1	69DDA0	70810	70811	11433	11433	33253	39918	0	20073	0	911	0	Null	0	Null	0	25355	0	0	1	0	0	0	0	0	0	0	4	86	255	0	0	0	0	0	0	0	0	0	0	0	0	0	0	0	0	0	0	0	0	0	0	0	0	0	0	0	0	0	1	1	1	1	1	1	1	1	99	0	0	0	0	0	0	0	0	0	0	0	0	0	0	0	0	0	0	0	0	0	0	0	0	0	0	0	0	0	0	0	0	0	0	0	0	0	0	0	0	0	0	0	0	0	1	0	0	0	0	0	0	0	0	0	0	0	0	0	0	0	0	0	0	0	0	0	0	0	0	0	0	0	0	0	0	0	0	0	0	0	0	0	0	0	0	0	0	0	0	0	0	0	0	1	
	63561	1	0	WingCostume_Berserker_w_dra_wing01c	70851	1	69DDA0	70810	70811	11434	11434	33253	39918	0	20073	0	911	0	Null	0	Null	0	25355	0	0	1	0	0	0	0	0	0	0	4	86	255	0	0	0	0	0	0	0	0	0	0	0	0	0	0	0	0	0	0	0	0	0	0	0	0	0	0	0	0	0	1	1	1	1	1	1	1	1	99	0	0	0	0	0	0	0	0	0	0	0	0	0	0	0	0	0	0	0	0	0	0	0	0	0	0	0	0	0	0	0	0	0	0	0	0	0	0	0	0	0	0	0	0	0	1	0	0	0	0	0	0	0	0	0	0	0	0	0	0	0	0	0	0	0	0	0	0	0	0	0	0	0	0	0	0	0	0	0	0	0	0	0	0	0	0	0	0	0	0	0	0	0	0	1	
	63562	1	0	WingCostume_Berserker_w_val_wing01c	70852	1	69DDA0	70810	70811	11435	11435	33253	39918	0	20073	0	911	0	Null	0	Null	0	25355	0	0	1	0	0	0	0	0	0	0	4	86	255	0	0	0	0	0	0	0	0	0	0	0	0	0	0	0	0	0	0	0	0	0	0	0	0	0	0	0	0	0	1	1	1	1	1	1	1	1	99	0	0	0	0	0	0	0	0	0	0	0	0	0	0	0	0	0	0	0	0	0	0	0	0	0	0	0	0	0	0	0	0	0	0	0	0	0	0	0	0	0	0	0	0	0	1	0	0	0	0	0	0	0	0	0	0	0	0	0	0	0	0	0	0	0	0	0	0	0	0	0	0	0	0	0	0	0	0	0	0	0	0	0	0	0	0	0	0	0	0	0	0	0	0	1	
	63563	1	0	WingCostume_Berserker_w_mag_wing01c	70853	1	69DDA0	70810	70811	11436	11436	33253	39918	0	20073	0	911	0	Null	0	Null	0	25355	0	0	1	0	0	0	0	0	0	0	4	86	255	0	0	0	0	0	0	0	0	0	0	0	0	0	0	0	0	0	0	0	0	0	0	0	0	0	0	0	0	0	1	1	1	1	1	1	1	1	99	0	0	0	0	0	0	0	0	0	0	0	0	0	0	0	0	0	0	0	0	0	0	0	0	0	0	0	0	0	0	0	0	0	0	0	0	0	0	0	0	0	0	0	0	0	1	0	0	0	0	0	0	0	0	0	0	0	0	0	0	0	0	0	0	0	0	0	0	0	0	0	0	0	0	0	0	0	0	0	0	0	0	0	0	0	0	0	0	0	0	0	0	0	0	1	
	63564	1	0	WingCostume_Berserker_w_sha_wing01c	70854	1	69DDA0	70810	70811	11437	11437	33253	39918	0	20073	0	911	0	Null	0	Null	0	25355	0	0	1	0	0	0	0	0	0	0	4	86	255	0	0	0	0	0	0	0	0	0	0	0	0	0	0	0	0	0	0	0	0	0	0	0	0	0	0	0	0	0	1	1	1	1	1	1	1	1	99	0	0	0	0	0	0	0	0	0	0	0	0	0	0	0	0	0	0	0	0	0	0	0	0	0	0	0	0	0	0	0	0	0	0	0	0	0	0	0	0	0	0	0	0	0	1	0	0	0	0	0	0	0	0	0	0	0	0	0	0	0	0	0	0	0	0	0	0	0	0	0	0	0	0	0	0	0	0	0	0	0	0	0	0	0	0	0	0	0	0	0	0	0	0	1	
	63565	1	0	WingCostume_Berserker_w_mys_wing01	70855	1	69DDA0	70810	70811	14333	14333	33253	39918	0	20073	0	911	0	Null	0	Null	0	25355	0	0	1	0	0	0	0	0	0	0	4	86	255	0	0	0	0	0	0	0	0	0	0	0	0	0	0	0	0	0	0	0	0	0	0	0	0	0	0	0	0	0	1	1	1	1	1	1	1	1	99	0	0	0	0	0	0	0	0	0	0	0	0	0	0	0	0	0	0	0	0	0	0	0	0	0	0	0	0	0	0	0	0	0	0	0	0	0	0	0	0	0	0	0	0	0	1	0	0	0	0	0	0	0	0	0	0	0	0	0	0	0	0	0	0	0	0	0	0	0	0	0	0	0	0	0	0	0	0	0	0	0	0	0	0	0	0	0	0	0	0	0	0	0	0	1	
	63566	1	0	WingCostume_Berserker_w_mys_wing01b	70856	1	69DDA0	70810	70811	14334	14334	33253	39918	0	20073	0	911	0	Null	0	Null	0	25355	0	0	1	0	0	0	0	0	0	0	4	86	255	0	0	0	0	0	0	0	0	0	0	0	0	0	0	0	0	0	0	0	0	0	0	0	0	0	0	0	0	0	1	1	1	1	1	1	1	1	99	0	0	0	0	0	0	0	0	0	0	0	0	0	0	0	0	0	0	0	0	0	0	0	0	0	0	0	0	0	0	0	0	0	0	0	0	0	0	0	0	0	0	0	0	0	1	0	0	0	0	0	0	0	0	0	0	0	0	0	0	0	0	0	0	0	0	0	0	0	0	0	0	0	0	0	0	0	0	0	0	0	0	0	0	0	0	0	0	0	0	0	0	0	0	1	
	63567	1	0	WingCostume_Berserker_w_mys_wing01c	70857	1	69DDA0	70810	70811	14335	14335	33253	39918	0	20073	0	911	0	Null	0	Null	0	25355	0	0	1	0	0	0	0	0	0	0	4	86	255	0	0	0	0	0	0	0	0	0	0	0	0	0	0	0	0	0	0	0	0	0	0	0	0	0	0	0	0	0	1	1	1	1	1	1	1	1	99	0	0	0	0	0	0	0	0	0	0	0	0	0	0	0	0	0	0	0	0	0	0	0	0	0	0	0	0	0	0	0	0	0	0	0	0	0	0	0	0	0	0	0	0	0	1	0	0	0	0	0	0	0	0	0	0	0	0	0	0	0	0	0	0	0	0	0	0	0	0	0	0	0	0	0	0	0	0	0	0	0	0	0	0	0	0	0	0	0	0	0	0	0	0	1	
	63568	1	0	WingCostume_Berserker_w_ber_wing02	70858	1	69DDA0	70810	70811	85965	85965	33253	39918	0	20073	0	911	0	Null	0	Null	0	25355	0	0	1	0	0	0	0	0	0	0	4	86	255	0	0	0	0	0	0	0	0	0	0	0	0	0	0	0	0	0	0	0	0	0	0	0	0	0	0	0	0	0	1	1	1	1	1	1	1	1	99	0	0	0	0	0	0	0	0	0	0	0	0	0	0	0	0	0	0	0	0	0	0	0	0	0	0	0	0	0	0	0	0	0	0	0	0	0	0	0	0	0	0	0	0	0	1	0	0	0	0	0	0	0	0	0	0	0	0	0	0	0	0	0	0	0	0	0	0	0	0	0	0	0	0	0	0	0	0	0	0	0	0	0	0	0	0	0	0	0	0	0	0	0	0	1	
	63569	1	0	WingCostume_DragonKnight_w_dra_wing02	70859	1	69DDA0	70810	70811	85966	85966	33253	39918	0	20073	0	911	0	Null	0	Null	0	25355	0	0	1	0	0	0	0	0	0	0	4	86	255	0	0	0	0	0	0	0	0	0	0	0	0	0	0	0	0	0	0	0	0	0	0	0	0	0	0	0	0	0	1	1	1	1	1	1	1	1	99	0	0	0	0	0	0	0	0	0	0	0	0	0	0	0	0	0	0	0	0	0	0	0	0	0	0	0	0	0	0	0	0	0	0	0	0	0	0	0	0	0	0	0	0	0	1	0	0	0	0	0	0	0	0	0	0	0	0	0	0	0	0	0	0	0	0	0	0	0	0	0	0	0	0	0	0	0	0	0	0	0	0	0	0	0	0	0	0	0	0	0	0	0	0	1	
	63570	1	0	WingCostume_Valkyrie_w_val_wing02	70860	1	69DDA0	70810	70811	85967	85967	33253	39918	0	20073	0	911	0	Null	0	Null	0	25355	0	0	1	0	0	0	0	0	0	0	4	86	255	0	0	0	0	0	0	0	0	0	0	0	0	0	0	0	0	0	0	0	0	0	0	0	0	0	0	0	0	0	1	1	1	1	1	1	1	1	99	0	0	0	0	0	0	0	0	0	0	0	0	0	0	0	0	0	0	0	0	0	0	0	0	0	0	0	0	0	0	0	0	0	0	0	0	0	0	0	0	0	0	0	0	0	1	0	0	0	0	0	0	0	0	0	0	0	0	0	0	0	0	0	0	0	0	0	0	0	0	0	0	0	0	0	0	0	0	0	0	0	0	0	0	0	0	0	0	0	0	0	0	0	0	1	
	63571	1	0	WingCostume_Elementalist_w_mag_wing02	70861	1	69DDA0	70810	70811	85968	85968	33253	39918	0	20073	0	911	0	Null	0	Null	0	25355	0	0	1	0	0	0	0	0	0	0	4	86	255	0	0	0	0	0	0	0	0	0	0	0	0	0	0	0	0	0	0	0	0	0	0	0	0	0	0	0	0	0	1	1	1	1	1	1	1	1	99	0	0	0	0	0	0	0	0	0	0	0	0	0	0	0	0	0	0	0	0	0	0	0	0	0	0	0	0	0	0	0	0	0	0	0	0	0	0	0	0	0	0	0	0	0	1	0	0	0	0	0	0	0	0	0	0	0	0	0	0	0	0	0	0	0	0	0	0	0	0	0	0	0	0	0	0	0	0	0	0	0	0	0	0	0	0	0	0	0	0	0	0	0	0	1	
	63572	1	0	WingCostume_Shadow_w_sha_wing02	70862	1	69DDA0	70810	70811	85969	85969	33253	39918	0	20073	0	911	0	Null	0	Null	0	25355	0	0	1	0	0	0	0	0	0	0	4	86	255	0	0	0	0	0	0	0	0	0	0	0	0	0	0	0	0	0	0	0	0	0	0	0	0	0	0	0	0	0	1	1	1	1	1	1	1	1	99	0	0	0	0	0	0	0	0	0	0	0	0	0	0	0	0	0	0	0	0	0	0	0	0	0	0	0	0	0	0	0	0	0	0	0	0	0	0	0	0	0	0	0	0	0	1	0	0	0	0	0	0	0	0	0	0	0	0	0	0	0	0	0	0	0	0	0	0	0	0	0	0	0	0	0	0	0	0	0	0	0	0	0	0	0	0	0	0	0	0	0	0	0	0	1	
	63573	1	0	WingCostume_Mystic_w_mys_wing02	70863	1	69DDA0	70810	70811	85970	85970	33253	39918	0	20073	0	911	0	Null	0	Null	0	25355	0	0	1	0	0	0	0	0	0	0	4	86	255	0	0	0	0	0	0	0	0	0	0	0	0	0	0	0	0	0	0	0	0	0	0	0	0	0	0	0	0	0	1	1	1	1	1	1	1	1	99	0	0	0	0	0	0	0	0	0	0	0	0	0	0	0	0	0	0	0	0	0	0	0	0	0	0	0	0	0	0	0	0	0	0	0	0	0	0	0	0	0	0	0	0	0	1	0	0	0	0	0	0	0	0	0	0	0	0	0	0	0	0	0	0	0	0	0	0	0	0	0	0	0	0	0	0	0	0	0	0	0	0	0	0	0	0	0	0	0	0	0	0	0	0	1	
	63574	1	0	WingCostume_Mystic_11	70864	1	69DDA0	70810	70811	14461	14461	33253	39918	0	20073	0	911	0	Null	0	Null	0	25355	0	0	1	0	0	0	0	0	0	0	4	86	255	0	0	0	0	0	0	0	0	0	0	0	0	0	0	0	0	0	0	0	0	0	0	0	0	0	0	0	0	0	1	1	1	1	1	1	1	1	99	0	0	0	0	0	0	0	0	0	0	0	0	0	0	0	0	0	0	0	0	0	0	0	0	0	0	0	0	0	0	0	0	0	0	0	0	0	0	0	0	0	0	0	0	0	1	0	0	0	0	0	0	0	0	0	0	0	0	0	0	0	0	0	0	0	0	0	0	0	0	0	0	0	0	0	0	0	0	0	0	0	0	0	0	0	0	0	0	0	0	0	0	0	0	1	
	63575	1	0	WingCostume_Mystic_11b	70865	1	69DDA0	70810	70811	14462	14462	33253	39918	0	20073	0	911	0	Null	0	Null	0	25355	0	0	1	0	0	0	0	0	0	0	4	86	255	0	0	0	0	0	0	0	0	0	0	0	0	0	0	0	0	0	0	0	0	0	0	0	0	0	0	0	0	0	1	1	1	1	1	1	1	1	99	0	0	0	0	0	0	0	0	0	0	0	0	0	0	0	0	0	0	0	0	0	0	0	0	0	0	0	0	0	0	0	0	0	0	0	0	0	0	0	0	0	0	0	0	0	1	0	0	0	0	0	0	0	0	0	0	0	0	0	0	0	0	0	0	0	0	0	0	0	0	0	0	0	0	0	0	0	0	0	0	0	0	0	0	0	0	0	0	0	0	0	0	0	0	1	
	63576	1	0	WingCostume_Mystic_13	70866	1	69DDA0	70810	70811	14463	14463	33253	39918	0	20073	0	911	0	Null	0	Null	0	25355	0	0	1	0	0	0	0	0	0	0	4	86	255	0	0	0	0	0	0	0	0	0	0	0	0	0	0	0	0	0	0	0	0	0	0	0	0	0	0	0	0	0	1	1	1	1	1	1	1	1	99	0	0	0	0	0	0	0	0	0	0	0	0	0	0	0	0	0	0	0	0	0	0	0	0	0	0	0	0	0	0	0	0	0	0	0	0	0	0	0	0	0	0	0	0	0	1	0	0	0	0	0	0	0	0	0	0	0	0	0	0	0	0	0	0	0	0	0	0	0	0	0	0	0	0	0	0	0	0	0	0	0	0	0	0	0	0	0	0	0	0	0	0	0	0	1	
	63577	1	0	WingCostume_Berserker_13b	70867	1	69DDA0	70810	70811	14455	14455	33253	39918	0	20073	0	911	0	Null	0	Null	0	25355	0	0	1	0	0	0	0	0	0	0	4	86	255	0	0	0	0	0	0	0	0	0	0	0	0	0	0	0	0	0	0	0	0	0	0	0	0	0	0	0	0	0	1	1	1	1	1	1	1	1	99	0	0	0	0	0	0	0	0	0	0	0	0	0	0	0	0	0	0	0	0	0	0	0	0	0	0	0	0	0	0	0	0	0	0	0	0	0	0	0	0	0	0	0	0	0	1	0	0	0	0	0	0	0	0	0	0	0	0	0	0	0	0	0	0	0	0	0	0	0	0	0	0	0	0	0	0	0	0	0	0	0	0	0	0	0	0	0	0	0	0	0	0	0	0	1	
	63578	1	0	WingCostume_DragonKnight_13b	70868	1	69DDA0	70810	70811	14456	14456	33253	39918	0	20073	0	911	0	Null	0	Null	0	25355	0	0	1	0	0	0	0	0	0	0	4	86	255	0	0	0	0	0	0	0	0	0	0	0	0	0	0	0	0	0	0	0	0	0	0	0	0	0	0	0	0	0	1	1	1	1	1	1	1	1	99	0	0	0	0	0	0	0	0	0	0	0	0	0	0	0	0	0	0	0	0	0	0	0	0	0	0	0	0	0	0	0	0	0	0	0	0	0	0	0	0	0	0	0	0	0	1	0	0	0	0	0	0	0	0	0	0	0	0	0	0	0	0	0	0	0	0	0	0	0	0	0	0	0	0	0	0	0	0	0	0	0	0	0	0	0	0	0	0	0	0	0	0	0	0	1	
	63579	1	0	WingCostume_Elementalist_13b	70869	1	69DDA0	70810	70811	14457	14457	33253	39918	0	20073	0	911	0	Null	0	Null	0	25355	0	0	1	0	0	0	0	0	0	0	4	86	255	0	0	0	0	0	0	0	0	0	0	0	0	0	0	0	0	0	0	0	0	0	0	0	0	0	0	0	0	0	1	1	1	1	1	1	1	1	99	0	0	0	0	0	0	0	0	0	0	0	0	0	0	0	0	0	0	0	0	0	0	0	0	0	0	0	0	0	0	0	0	0	0	0	0	0	0	0	0	0	0	0	0	0	1	0	0	0	0	0	0	0	0	0	0	0	0	0	0	0	0	0	0	0	0	0	0	0	0	0	0	0	0	0	0	0	0	0	0	0	0	0	0	0	0	0	0	0	0	0	0	0	0	1	
	63580	1	0	WingCostume_Valkyrie_13b	70870	1	69DDA0	70810	70811	14458	14458	33253	39918	0	20073	0	911	0	Null	0	Null	0	25355	0	0	1	0	0	0	0	0	0	0	4	86	255	0	0	0	0	0	0	0	0	0	0	0	0	0	0	0	0	0	0	0	0	0	0	0	0	0	0	0	0	0	1	1	1	1	1	1	1	1	99	0	0	0	0	0	0	0	0	0	0	0	0	0	0	0	0	0	0	0	0	0	0	0	0	0	0	0	0	0	0	0	0	0	0	0	0	0	0	0	0	0	0	0	0	0	1	0	0	0	0	0	0	0	0	0	0	0	0	0	0	0	0	0	0	0	0	0	0	0	0	0	0	0	0	0	0	0	0	0	0	0	0	0	0	0	0	0	0	0	0	0	0	0	0	1	
	63581	1	0	WingCostume_Shadow_13b	70871	1	69DDA0	70810	70811	14459	14459	33253	39918	0	20073	0	911	0	Null	0	Null	0	25355	0	0	1	0	0	0	0	0	0	0	4	86	255	0	0	0	0	0	0	0	0	0	0	0	0	0	0	0	0	0	0	0	0	0	0	0	0	0	0	0	0	0	1	1	1	1	1	1	1	1	99	0	0	0	0	0	0	0	0	0	0	0	0	0	0	0	0	0	0	0	0	0	0	0	0	0	0	0	0	0	0	0	0	0	0	0	0	0	0	0	0	0	0	0	0	0	1	0	0	0	0	0	0	0	0	0	0	0	0	0	0	0	0	0	0	0	0	0	0	0	0	0	0	0	0	0	0	0	0	0	0	0	0	0	0	0	0	0	0	0	0	0	0	0	0	1	
	63582	1	0	WingCostume_Mystic_13b	70872	1	69DDA0	70810	70811	14460	14460	33253	39918	0	20073	0	911	0	Null	0	Null	0	25355	0	0	1	0	0	0	0	0	0	0	4	86	255	0	0	0	0	0	0	0	0	0	0	0	0	0	0	0	0	0	0	0	0	0	0	0	0	0	0	0	0	0	1	1	1	1	1	1	1	1	99	0	0	0	0	0	0	0	0	0	0	0	0	0	0	0	0	0	0	0	0	0	0	0	0	0	0	0	0	0	0	0	0	0	0	0	0	0	0	0	0	0	0	0	0	0	1	0	0	0	0	0	0	0	0	0	0	0	0	0	0	0	0	0	0	0	0	0	0	0	0	0	0	0	0	0	0	0	0	0	0	0	0	0	0	0	0	0	0	0	0	0	0	0	0	1	
	63583	1	0	WingCostume_Berserker_w_ber_wing01d	70873	1	69DDA0	70810	70811	11438	11438	33253	39918	0	20073	0	911	0	Null	0	Null	0	25355	0	0	1	0	0	0	0	0	0	0	4	86	255	0	0	0	0	0	0	0	0	0	0	0	0	0	0	0	0	0	0	0	0	0	0	0	0	0	0	0	0	0	1	1	1	1	1	1	1	1	99	0	0	0	0	0	0	0	0	0	0	0	0	0	0	0	0	0	0	0	0	0	0	0	0	0	0	0	0	0	0	0	0	0	0	0	0	0	0	0	0	0	0	0	0	0	1	0	0	0	0	0	0	0	0	0	0	0	0	0	0	0	0	0	0	0	0	0	0	0	0	0	0	0	0	0	0	0	0	0	0	0	0	0	0	0	0	0	0	0	0	0	0	0	0	1	
	63584	1	0	WingCostume_Berserker_w_dra_wing01d	70874	1	69DDA0	70810	70811	11439	11439	33253	39918	0	20073	0	911	0	Null	0	Null	0	25355	0	0	1	0	0	0	0	0	0	0	4	86	255	0	0	0	0	0	0	0	0	0	0	0	0	0	0	0	0	0	0	0	0	0	0	0	0	0	0	0	0	0	1	1	1	1	1	1	1	1	99	0	0	0	0	0	0	0	0	0	0	0	0	0	0	0	0	0	0	0	0	0	0	0	0	0	0	0	0	0	0	0	0	0	0	0	0	0	0	0	0	0	0	0	0	0	1	0	0	0	0	0	0	0	0	0	0	0	0	0	0	0	0	0	0	0	0	0	0	0	0	0	0	0	0	0	0	0	0	0	0	0	0	0	0	0	0	0	0	0	0	0	0	0	0	1	
	63585	1	0	WingCostume_Berserker_w_val_wing01d	70875	1	69DDA0	70810	70811	11440	11440	33253	39918	0	20073	0	911	0	Null	0	Null	0	25355	0	0	1	0	0	0	0	0	0	0	4	86	255	0	0	0	0	0	0	0	0	0	0	0	0	0	0	0	0	0	0	0	0	0	0	0	0	0	0	0	0	0	1	1	1	1	1	1	1	1	99	0	0	0	0	0	0	0	0	0	0	0	0	0	0	0	0	0	0	0	0	0	0	0	0	0	0	0	0	0	0	0	0	0	0	0	0	0	0	0	0	0	0	0	0	0	1	0	0	0	0	0	0	0	0	0	0	0	0	0	0	0	0	0	0	0	0	0	0	0	0	0	0	0	0	0	0	0	0	0	0	0	0	0	0	0	0	0	0	0	0	0	0	0	0	1	
	63586	1	0	WingCostume_Berserker_w_mag_wing01d	70876	1	69DDA0	70810	70811	11441	11441	33253	39918	0	20073	0	911	0	Null	0	Null	0	25355	0	0	1	0	0	0	0	0	0	0	4	86	255	0	0	0	0	0	0	0	0	0	0	0	0	0	0	0	0	0	0	0	0	0	0	0	0	0	0	0	0	0	1	1	1	1	1	1	1	1	99	0	0	0	0	0	0	0	0	0	0	0	0	0	0	0	0	0	0	0	0	0	0	0	0	0	0	0	0	0	0	0	0	0	0	0	0	0	0	0	0	0	0	0	0	0	1	0	0	0	0	0	0	0	0	0	0	0	0	0	0	0	0	0	0	0	0	0	0	0	0	0	0	0	0	0	0	0	0	0	0	0	0	0	0	0	0	0	0	0	0	0	0	0	0	1	
	63587	1	0	WingCostume_Berserker_w_sha_wing01d	70877	1	69DDA0	70810	70811	11442	11442	33253	39918	0	20073	0	911	0	Null	0	Null	0	25355	0	0	1	0	0	0	0	0	0	0	4	86	255	0	0	0	0	0	0	0	0	0	0	0	0	0	0	0	0	0	0	0	0	0	0	0	0	0	0	0	0	0	1	1	1	1	1	1	1	1	99	0	0	0	0	0	0	0	0	0	0	0	0	0	0	0	0	0	0	0	0	0	0	0	0	0	0	0	0	0	0	0	0	0	0	0	0	0	0	0	0	0	0	0	0	0	1	0	0	0	0	0	0	0	0	0	0	0	0	0	0	0	0	0	0	0	0	0	0	0	0	0	0	0	0	0	0	0	0	0	0	0	0	0	0	0	0	0	0	0	0	0	0	0	0	1	
	63588	1	0	WingCostume_Berserker_w_mys_wing01d	70878	1	69DDA0	70810	70811	11443	11443	33253	39918	0	20073	0	911	0	Null	0	Null	0	25355	0	0	1	0	0	0	0	0	0	0	4	86	255	0	0	0	0	0	0	0	0	0	0	0	0	0	0	0	0	0	0	0	0	0	0	0	0	0	0	0	0	0	1	1	1	1	1	1	1	1	99	0	0	0	0	0	0	0	0	0	0	0	0	0	0	0	0	0	0	0	0	0	0	0	0	0	0	0	0	0	0	0	0	0	0	0	0	0	0	0	0	0	0	0	0	0	1	0	0	0	0	0	0	0	0	0	0	0	0	0	0	0	0	0	0	0	0	0	0	0	0	0	0	0	0	0	0	0	0	0	0	0	0	0	0	0	0	0	0	0	0	0	0	0	0	1	
	63589	1	0	WingCostume_Hellroid_11	70879	1	69DDA0	70810	70811	14673	14673	33253	39918	0	20073	0	911	0	Null	0	Null	0	25355	0	0	1	0	0	0	0	0	0	0	4	86	255	0	0	0	0	0	0	0	0	0	0	0	0	0	0	0	0	0	0	0	0	0	0	0	0	0	0	0	0	0	1	1	1	1	1	1	1	1	99	0	0	0	0	0	0	0	0	0	0	0	0	0	0	0	0	0	0	0	0	0	0	0	0	0	0	0	0	0	0	0	0	0	0	0	0	0	0	0	0	0	0	0	0	0	1	0	0	0	0	0	0	0	0	0	0	0	0	0	0	0	0	0	0	0	0	0	0	0	0	0	0	0	0	0	0	0	0	0	0	0	0	0	0	0	0	0	0	0	0	0	0	0	0	1	
	63590	1	0	WingCostume_Hellroid_11b	70880	1	69DDA0	70810	70811	14674	14674	33253	39918	0	20073	0	911	0	Null	0	Null	0	25355	0	0	1	0	0	0	0	0	0	0	4	86	255	0	0	0	0	0	0	0	0	0	0	0	0	0	0	0	0	0	0	0	0	0	0	0	0	0	0	0	0	0	1	1	1	1	1	1	1	1	99	0	0	0	0	0	0	0	0	0	0	0	0	0	0	0	0	0	0	0	0	0	0	0	0	0	0	0	0	0	0	0	0	0	0	0	0	0	0	0	0	0	0	0	0	0	1	0	0	0	0	0	0	0	0	0	0	0	0	0	0	0	0	0	0	0	0	0	0	0	0	0	0	0	0	0	0	0	0	0	0	0	0	0	0	0	0	0	0	0	0	0	0	0	0	1	
	63591	1	0	WingCostume_Hellroid_13	70881	1	69DDA0	70810	70811	14675	14675	33253	39918	0	20073	0	911	0	Null	0	Null	0	25355	0	0	1	0	0	0	0	0	0	0	4	86	255	0	0	0	0	0	0	0	0	0	0	0	0	0	0	0	0	0	0	0	0	0	0	0	0	0	0	0	0	0	1	1	1	1	1	1	1	1	99	0	0	0	0	0	0	0	0	0	0	0	0	0	0	0	0	0	0	0	0	0	0	0	0	0	0	0	0	0	0	0	0	0	0	0	0	0	0	0	0	0	0	0	0	0	1	0	0	0	0	0	0	0	0	0	0	0	0	0	0	0	0	0	0	0	0	0	0	0	0	0	0	0	0	0	0	0	0	0	0	0	0	0	0	0	0	0	0	0	0	0	0	0	0	1	
	63592	1	0	WingCostume_Hellroid_w_hel_wing01	70882	1	69DDA0	70810	70811	14750	14750	33253	39918	0	20073	0	911	0	Null	0	Null	0	25355	0	0	1	0	0	0	0	0	0	0	4	86	255	0	0	0	0	0	0	0	0	0	0	0	0	0	0	0	0	0	0	0	0	0	0	0	0	0	0	0	0	0	1	1	1	1	1	1	1	1	99	0	0	0	0	0	0	0	0	0	0	0	0	0	0	0	0	0	0	0	0	0	0	0	0	0	0	0	0	0	0	0	0	0	0	0	0	0	0	0	0	0	0	0	0	0	1	0	0	0	0	0	0	0	0	0	0	0	0	0	0	0	0	0	0	0	0	0	0	0	0	0	0	0	0	0	0	0	0	0	0	0	0	0	0	0	0	0	0	0	0	0	0	0	0	1	
	63593	1	0	WingCostume_Hellroid_w_hel_wing01b	70883	1	69DDA0	70810	70811	14751	14751	33253	39918	0	20073	0	911	0	Null	0	Null	0	25355	0	0	1	0	0	0	0	0	0	0	4	86	255	0	0	0	0	0	0	0	0	0	0	0	0	0	0	0	0	0	0	0	0	0	0	0	0	0	0	0	0	0	1	1	1	1	1	1	1	1	99	0	0	0	0	0	0	0	0	0	0	0	0	0	0	0	0	0	0	0	0	0	0	0	0	0	0	0	0	0	0	0	0	0	0	0	0	0	0	0	0	0	0	0	0	0	1	0	0	0	0	0	0	0	0	0	0	0	0	0	0	0	0	0	0	0	0	0	0	0	0	0	0	0	0	0	0	0	0	0	0	0	0	0	0	0	0	0	0	0	0	0	0	0	0	1	
	63594	1	0	WingCostume_Hellroid_w_hel_wing01c	70884	1	69DDA0	70810	70811	14752	14752	33253	39918	0	20073	0	911	0	Null	0	Null	0	25355	0	0	1	0	0	0	0	0	0	0	4	86	255	0	0	0	0	0	0	0	0	0	0	0	0	0	0	0	0	0	0	0	0	0	0	0	0	0	0	0	0	0	1	1	1	1	1	1	1	1	99	0	0	0	0	0	0	0	0	0	0	0	0	0	0	0	0	0	0	0	0	0	0	0	0	0	0	0	0	0	0	0	0	0	0	0	0	0	0	0	0	0	0	0	0	0	1	0	0	0	0	0	0	0	0	0	0	0	0	0	0	0	0	0	0	0	0	0	0	0	0	0	0	0	0	0	0	0	0	0	0	0	0	0	0	0	0	0	0	0	0	0	0	0	0	1	
	63595	1	0	WingCostume_Hellroid_w_hel_wing02	70885	1	69DDA0	70810	70811	14758	14758	33253	39918	0	20073	0	911	0	Null	0	Null	0	25355	0	0	1	0	0	0	0	0	0	0	4	86	255	0	0	0	0	0	0	0	0	0	0	0	0	0	0	0	0	0	0	0	0	0	0	0	0	0	0	0	0	0	1	1	1	1	1	1	1	1	99	0	0	0	0	0	0	0	0	0	0	0	0	0	0	0	0	0	0	0	0	0	0	0	0	0	0	0	0	0	0	0	0	0	0	0	0	0	0	0	0	0	0	0	0	0	1	0	0	0	0	0	0	0	0	0	0	0	0	0	0	0	0	0	0	0	0	0	0	0	0	0	0	0	0	0	0	0	0	0	0	0	0	0	0	0	0	0	0	0	0	0	0	0	0	1	
	63596	1	0	WingCostume_Witchblade_11	70886	1	69DDA0	70810	70811	14864	14864	33253	39918	0	20073	0	911	0	Null	0	Null	0	25355	0	0	1	0	0	0	0	0	0	0	4	86	255	0	0	0	0	0	0	0	0	0	0	0	0	0	0	0	0	0	0	0	0	0	0	0	0	0	0	0	0	0	1	1	1	1	1	1	1	1	99	0	0	0	0	0	0	0	0	0	0	0	0	0	0	0	0	0	0	0	0	0	0	0	0	0	0	0	0	0	0	0	0	0	0	0	0	0	0	0	0	0	0	0	0	0	1	0	0	0	0	0	0	0	0	0	0	0	0	0	0	0	0	0	0	0	0	0	0	0	0	0	0	0	0	0	0	0	0	0	0	0	0	0	0	0	0	0	0	0	0	0	0	0	0	1	
	63597	1	0	WingCostume_Witchblade_11b	70887	1	69DDA0	70810	70811	14865	14865	33253	39918	0	20073	0	911	0	Null	0	Null	0	25355	0	0	1	0	0	0	0	0	0	0	4	86	255	0	0	0	0	0	0	0	0	0	0	0	0	0	0	0	0	0	0	0	0	0	0	0	0	0	0	0	0	0	1	1	1	1	1	1	1	1	99	0	0	0	0	0	0	0	0	0	0	0	0	0	0	0	0	0	0	0	0	0	0	0	0	0	0	0	0	0	0	0	0	0	0	0	0	0	0	0	0	0	0	0	0	0	1	0	0	0	0	0	0	0	0	0	0	0	0	0	0	0	0	0	0	0	0	0	0	0	0	0	0	0	0	0	0	0	0	0	0	0	0	0	0	0	0	0	0	0	0	0	0	0	0	1	
	63598	1	0	WingCostume_Witchblade_13	70888	1	69DDA0	70810	70811	14866	14866	33253	39918	0	20073	0	911	0	Null	0	Null	0	25355	0	0	1	0	0	0	0	0	0	0	4	86	255	0	0	0	0	0	0	0	0	0	0	0	0	0	0	0	0	0	0	0	0	0	0	0	0	0	0	0	0	0	1	1	1	1	1	1	1	1	99	0	0	0	0	0	0	0	0	0	0	0	0	0	0	0	0	0	0	0	0	0	0	0	0	0	0	0	0	0	0	0	0	0	0	0	0	0	0	0	0	0	0	0	0	0	1	0	0	0	0	0	0	0	0	0	0	0	0	0	0	0	0	0	0	0	0	0	0	0	0	0	0	0	0	0	0	0	0	0	0	0	0	0	0	0	0	0	0	0	0	0	0	0	0	1	
	63599	1	0	WingCostume_Witchblade_w_wit_wing02	70889	1	69DDA0	70810	70811	14904	14904	33253	39918	0	20073	0	911	0	Null	0	Null	0	25355	0	0	1	0	0	0	0	0	0	0	4	86	255	0	0	0	0	0	0	0	0	0	0	0	0	0	0	0	0	0	0	0	0	0	0	0	0	0	0	0	0	0	1	1	1	1	1	1	1	1	99	0	0	0	0	0	0	0	0	0	0	0	0	0	0	0	0	0	0	0	0	0	0	0	0	0	0	0	0	0	0	0	0	0	0	0	0	0	0	0	0	0	0	0	0	0	1	0	0	0	0	0	0	0	0	0	0	0	0	0	0	0	0	0	0	0	0	0	0	0	0	0	0	0	0	0	0	0	0	0	0	0	0	0	0	0	0	0	0	0	0	0	0	0	0	1	
	63600	1	0	WingCostume_Berserker_w_ber_wing03	70890	1	69DDA0	70810	70811	33155	33155	33253	39918	0	20073	0	911	0	Null	0	Null	0	25355	0	0	1	0	0	0	0	0	0	0	4	86	255	0	0	0	0	0	0	0	0	0	0	0	0	0	0	0	0	0	0	0	0	0	0	0	0	0	0	0	0	0	1	1	1	1	1	1	1	1	99	0	0	0	0	0	0	0	0	0	0	0	0	0	0	0	0	0	0	0	0	0	0	0	0	0	0	0	0	0	0	0	0	0	0	0	0	0	0	0	0	0	0	0	0	0	1	0	0	0	0	0	0	0	0	0	0	0	0	0	0	0	0	0	0	0	0	0	0	0	0	0	0	0	0	0	0	0	0	0	0	0	0	0	0	0	0	0	0	0	0	0	0	0	0	1	
	63601	1	0	WingCostume_DragonKnight_w_drg_wing03	70891	1	69DDA0	70810	70811	33156	33156	33253	39918	0	20073	0	911	0	Null	0	Null	0	25355	0	0	1	0	0	0	0	0	0	0	4	86	255	0	0	0	0	0	0	0	0	0	0	0	0	0	0	0	0	0	0	0	0	0	0	0	0	0	0	0	0	0	1	1	1	1	1	1	1	1	99	0	0	0	0	0	0	0	0	0	0	0	0	0	0	0	0	0	0	0	0	0	0	0	0	0	0	0	0	0	0	0	0	0	0	0	0	0	0	0	0	0	0	0	0	0	1	0	0	0	0	0	0	0	0	0	0	0	0	0	0	0	0	0	0	0	0	0	0	0	0	0	0	0	0	0	0	0	0	0	0	0	0	0	0	0	0	0	0	0	0	0	0	0	0	1	
	63602	1	0	WingCostume_Valkyrie_w_val_wing03	70892	1	69DDA0	70810	70811	33157	33157	33253	39918	0	20073	0	911	0	Null	0	Null	0	25355	0	0	1	0	0	0	0	0	0	0	4	86	255	0	0	0	0	0	0	0	0	0	0	0	0	0	0	0	0	0	0	0	0	0	0	0	0	0	0	0	0	0	1	1	1	1	1	1	1	1	99	0	0	0	0	0	0	0	0	0	0	0	0	0	0	0	0	0	0	0	0	0	0	0	0	0	0	0	0	0	0	0	0	0	0	0	0	0	0	0	0	0	0	0	0	0	1	0	0	0	0	0	0	0	0	0	0	0	0	0	0	0	0	0	0	0	0	0	0	0	0	0	0	0	0	0	0	0	0	0	0	0	0	0	0	0	0	0	0	0	0	0	0	0	0	1	
	63603	1	0	WingCostume_Elementalist_w_mag_wing03	70893	1	69DDA0	70810	70811	33158	33158	33253	39918	0	20073	0	911	0	Null	0	Null	0	25355	0	0	1	0	0	0	0	0	0	0	4	86	255	0	0	0	0	0	0	0	0	0	0	0	0	0	0	0	0	0	0	0	0	0	0	0	0	0	0	0	0	0	1	1	1	1	1	1	1	1	99	0	0	0	0	0	0	0	0	0	0	0	0	0	0	0	0	0	0	0	0	0	0	0	0	0	0	0	0	0	0	0	0	0	0	0	0	0	0	0	0	0	0	0	0	0	1	0	0	0	0	0	0	0	0	0	0	0	0	0	0	0	0	0	0	0	0	0	0	0	0	0	0	0	0	0	0	0	0	0	0	0	0	0	0	0	0	0	0	0	0	0	0	0	0	1	
	63604	1	0	WingCostume_Shadow_w_sha_wing03	70894	1	69DDA0	70810	70811	33159	33159	33253	39918	0	20073	0	911	0	Null	0	Null	0	25355	0	0	1	0	0	0	0	0	0	0	4	86	255	0	0	0	0	0	0	0	0	0	0	0	0	0	0	0	0	0	0	0	0	0	0	0	0	0	0	0	0	0	1	1	1	1	1	1	1	1	99	0	0	0	0	0	0	0	0	0	0	0	0	0	0	0	0	0	0	0	0	0	0	0	0	0	0	0	0	0	0	0	0	0	0	0	0	0	0	0	0	0	0	0	0	0	1	0	0	0	0	0	0	0	0	0	0	0	0	0	0	0	0	0	0	0	0	0	0	0	0	0	0	0	0	0	0	0	0	0	0	0	0	0	0	0	0	0	0	0	0	0	0	0	0	1	
	63605	1	0	WingCostume_Mystic_w_mys_wing03	70895	1	69DDA0	70810	70811	33160	33160	33253	39918	0	20073	0	911	0	Null	0	Null	0	25355	0	0	1	0	0	0	0	0	0	0	4	86	255	0	0	0	0	0	0	0	0	0	0	0	0	0	0	0	0	0	0	0	0	0	0	0	0	0	0	0	0	0	1	1	1	1	1	1	1	1	99	0	0	0	0	0	0	0	0	0	0	0	0	0	0	0	0	0	0	0	0	0	0	0	0	0	0	0	0	0	0	0	0	0	0	0	0	0	0	0	0	0	0	0	0	0	1	0	0	0	0	0	0	0	0	0	0	0	0	0	0	0	0	0	0	0	0	0	0	0	0	0	0	0	0	0	0	0	0	0	0	0	0	0	0	0	0	0	0	0	0	0	0	0	0	1	
	63606	1	0	WingCostume_Hellroid_w_hel_wing03	70896	1	69DDA0	70810	70811	33161	33161	33253	39918	0	20073	0	911	0	Null	0	Null	0	25355	0	0	1	0	0	0	0	0	0	0	4	86	255	0	0	0	0	0	0	0	0	0	0	0	0	0	0	0	0	0	0	0	0	0	0	0	0	0	0	0	0	0	1	1	1	1	1	1	1	1	99	0	0	0	0	0	0	0	0	0	0	0	0	0	0	0	0	0	0	0	0	0	0	0	0	0	0	0	0	0	0	0	0	0	0	0	0	0	0	0	0	0	0	0	0	0	1	0	0	0	0	0	0	0	0	0	0	0	0	0	0	0	0	0	0	0	0	0	0	0	0	0	0	0	0	0	0	0	0	0	0	0	0	0	0	0	0	0	0	0	0	0	0	0	0	1	
	63607	1	0	WingCostume_Witchblade_w_wit_wing03	70897	1	69DDA0	70810	70811	33162	33162	33253	39918	0	20073	0	911	0	Null	0	Null	0	25355	0	0	1	0	0	0	0	0	0	0	4	86	255	0	0	0	0	0	0	0	0	0	0	0	0	0	0	0	0	0	0	0	0	0	0	0	0	0	0	0	0	0	1	1	1	1	1	1	1	1	99	0	0	0	0	0	0	0	0	0	0	0	0	0	0	0	0	0	0	0	0	0	0	0	0	0	0	0	0	0	0	0	0	0	0	0	0	0	0	0	0	0	0	0	0	0	1	0	0	0	0	0	0	0	0	0	0	0	0	0	0	0	0	0	0	0	0	0	0	0	0	0	0	0	0	0	0	0	0	0	0	0	0	0	0	0	0	0	0	0	0	0	0	0	0	1	
	63700	1	2	WeaponCostume_63296	70960	1	69DDA0	30001	0	85875	85875	85895	39918	0	20074	0	911	0	Null	0	Null	0	25355	0	0	1	0	0	0	0	0	0	0	4	86	255	0	0	0	0	0	0	0	0	0	0	0	0	0	0	0	0	0	0	0	0	0	0	0	0	0	0	0	0	0	1	1	1	1	1	1	1	1	99	0	0	0	0	0	0	0	0	0	0	0	0	0	0	0	0	0	0	0	0	0	0	0	0	0	0	0	0	0	0	0	0	0	0	0	0	0	0	0	0	0	0	0	0	0	1	0	0	0	0	0	0	0	0	0	0	0	0	0	0	0	0	0	0	0	0	0	0	0	0	0	0	0	0	0	0	0	0	0	0	0	0	0	0	0	0	0	0	0	0	0	0	0	0	1	
	63701	1	2	WeaponCostume_63297	70961	1	69DDA0	30002	0	85876	85876	85896	39918	0	20074	0	911	0	Null	0	Null	0	25355	0	0	1	0	0	0	0	0	0	0	4	86	255	0	0	0	0	0	0	0	0	0	0	0	0	0	0	0	0	0	0	0	0	0	0	0	0	0	0	0	0	0	1	1	1	1	1	1	1	1	99	0	0	0	0	0	0	0	0	0	0	0	0	0	0	0	0	0	0	0	0	0	0	0	0	0	0	0	0	0	0	0	0	0	0	0	0	0	0	0	0	0	0	0	0	0	1	0	0	0	0	0	0	0	0	0	0	0	0	0	0	0	0	0	0	0	0	0	0	0	0	0	0	0	0	0	0	0	0	0	0	0	0	0	0	0	0	0	0	0	0	0	0	0	0	1	
	63702	1	2	WeaponCostume_63298	70962	1	69DDA0	30001	0	85877	85877	85897	39918	0	20074	0	911	0	Null	0	Null	0	25355	0	0	1	0	0	0	0	0	0	0	4	86	255	0	0	0	0	0	0	0	0	0	0	0	0	0	0	0	0	0	0	0	0	0	0	0	0	0	0	0	0	0	1	1	1	1	1	1	1	1	99	0	0	0	0	0	0	0	0	0	0	0	0	0	0	0	0	0	0	0	0	0	0	0	0	0	0	0	0	0	0	0	0	0	0	0	0	0	0	0	0	0	0	0	0	0	1	0	0	0	0	0	0	0	0	0	0	0	0	0	0	0	0	0	0	0	0	0	0	0	0	0	0	0	0	0	0	0	0	0	0	0	0	0	0	0	0	0	0	0	0	0	0	0	0	1	
	63703	1	2	WeaponCostume_63299	70963	1	69DDA0	30002	0	85878	85878	85898	39918	0	20074	0	911	0	Null	0	Null	0	25355	0	0	1	0	0	0	0	0	0	0	4	86	255	0	0	0	0	0	0	0	0	0	0	0	0	0	0	0	0	0	0	0	0	0	0	0	0	0	0	0	0	0	1	1	1	1	1	1	1	1	99	0	0	0	0	0	0	0	0	0	0	0	0	0	0	0	0	0	0	0	0	0	0	0	0	0	0	0	0	0	0	0	0	0	0	0	0	0	0	0	0	0	0	0	0	0	1	0	0	0	0	0	0	0	0	0	0	0	0	0	0	0	0	0	0	0	0	0	0	0	0	0	0	0	0	0	0	0	0	0	0	0	0	0	0	0	0	0	0	0	0	0	0	0	0	1	
	63704	1	2	WeaponCostume_63300	70964	1	69DDA0	30003	0	85879	85879	85899	39918	0	20074	0	911	0	Null	0	Null	0	25355	0	0	1	0	0	0	0	0	0	0	4	86	255	0	0	0	0	0	0	0	0	0	0	0	0	0	0	0	0	0	0	0	0	0	0	0	0	0	0	0	0	0	1	1	1	1	1	1	1	1	99	0	0	0	0	0	0	0	0	0	0	0	0	0	0	0	0	0	0	0	0	0	0	0	0	0	0	0	0	0	0	0	0	0	0	0	0	0	0	0	0	0	0	0	0	0	1	0	0	0	0	0	0	0	0	0	0	0	0	0	0	0	0	0	0	0	0	0	0	0	0	0	0	0	0	0	0	0	0	0	0	0	0	0	0	0	0	0	0	0	0	0	0	0	0	1	
	63705	1	2	WeaponCostume_63301	70965	1	69DDA0	30004	0	85880	85880	85900	39918	0	20074	0	911	0	Null	0	Null	0	25355	0	0	1	0	0	0	0	0	0	0	4	86	255	0	0	0	0	0	0	0	0	0	0	0	0	0	0	0	0	0	0	0	0	0	0	0	0	0	0	0	0	0	1	1	1	1	1	1	1	1	99	0	0	0	0	0	0	0	0	0	0	0	0	0	0	0	0	0	0	0	0	0	0	0	0	0	0	0	0	0	0	0	0	0	0	0	0	0	0	0	0	0	0	0	0	0	1	0	0	0	0	0	0	0	0	0	0	0	0	0	0	0	0	0	0	0	0	0	0	0	0	0	0	0	0	0	0	0	0	0	0	0	0	0	0	0	0	0	0	0	0	0	0	0	0	1	
	63706	1	2	WeaponCostume_63302	70966	1	69DDA0	30003	0	85881	85881	85901	39918	0	20074	0	911	0	Null	0	Null	0	25355	0	0	1	0	0	0	0	0	0	0	4	86	255	0	0	0	0	0	0	0	0	0	0	0	0	0	0	0	0	0	0	0	0	0	0	0	0	0	0	0	0	0	1	1	1	1	1	1	1	1	99	0	0	0	0	0	0	0	0	0	0	0	0	0	0	0	0	0	0	0	0	0	0	0	0	0	0	0	0	0	0	0	0	0	0	0	0	0	0	0	0	0	0	0	0	0	1	0	0	0	0	0	0	0	0	0	0	0	0	0	0	0	0	0	0	0	0	0	0	0	0	0	0	0	0	0	0	0	0	0	0	0	0	0	0	0	0	0	0	0	0	0	0	0	0	1	
	63707	1	2	WeaponCostume_63303	70967	1	69DDA0	30004	0	85882	85882	85902	39918	0	20074	0	911	0	Null	0	Null	0	25355	0	0	1	0	0	0	0	0	0	0	4	86	255	0	0	0	0	0	0	0	0	0	0	0	0	0	0	0	0	0	0	0	0	0	0	0	0	0	0	0	0	0	1	1	1	1	1	1	1	1	99	0	0	0	0	0	0	0	0	0	0	0	0	0	0	0	0	0	0	0	0	0	0	0	0	0	0	0	0	0	0	0	0	0	0	0	0	0	0	0	0	0	0	0	0	0	1	0	0	0	0	0	0	0	0	0	0	0	0	0	0	0	0	0	0	0	0	0	0	0	0	0	0	0	0	0	0	0	0	0	0	0	0	0	0	0	0	0	0	0	0	0	0	0	0	1	
	63708	1	2	WeaponCostume_63304	70968	1	69DDA0	30009	0	85883	85883	85903	39918	0	20074	0	911	0	Null	0	Null	0	25355	0	0	1	0	0	0	0	0	0	0	4	86	255	0	0	0	0	0	0	0	0	0	0	0	0	0	0	0	0	0	0	0	0	0	0	0	0	0	0	0	0	0	1	1	1	1	1	1	1	1	99	0	0	0	0	0	0	0	0	0	0	0	0	0	0	0	0	0	0	0	0	0	0	0	0	0	0	0	0	0	0	0	0	0	0	0	0	0	0	0	0	0	0	0	0	0	1	0	0	0	0	0	0	0	0	0	0	0	0	0	0	0	0	0	0	0	0	0	0	0	0	0	0	0	0	0	0	0	0	0	0	0	0	0	0	0	0	0	0	0	0	0	0	0	0	1	
	63709	1	2	WeaponCostume_63305	70969	1	69DDA0	30010	0	85884	85884	85904	39918	0	20074	0	911	0	Null	0	Null	0	25355	0	0	1	0	0	0	0	0	0	0	4	86	255	0	0	0	0	0	0	0	0	0	0	0	0	0	0	0	0	0	0	0	0	0	0	0	0	0	0	0	0	0	1	1	1	1	1	1	1	1	99	0	0	0	0	0	0	0	0	0	0	0	0	0	0	0	0	0	0	0	0	0	0	0	0	0	0	0	0	0	0	0	0	0	0	0	0	0	0	0	0	0	0	0	0	0	1	0	0	0	0	0	0	0	0	0	0	0	0	0	0	0	0	0	0	0	0	0	0	0	0	0	0	0	0	0	0	0	0	0	0	0	0	0	0	0	0	0	0	0	0	0	0	0	0	1	
	63710	1	2	WeaponCostume_63306	70970	1	69DDA0	30009	0	85885	85885	85905	39918	0	20074	0	911	0	Null	0	Null	0	25355	0	0	1	0	0	0	0	0	0	0	4	86	255	0	0	0	0	0	0	0	0	0	0	0	0	0	0	0	0	0	0	0	0	0	0	0	0	0	0	0	0	0	1	1	1	1	1	1	1	1	99	0	0	0	0	0	0	0	0	0	0	0	0	0	0	0	0	0	0	0	0	0	0	0	0	0	0	0	0	0	0	0	0	0	0	0	0	0	0	0	0	0	0	0	0	0	1	0	0	0	0	0	0	0	0	0	0	0	0	0	0	0	0	0	0	0	0	0	0	0	0	0	0	0	0	0	0	0	0	0	0	0	0	0	0	0	0	0	0	0	0	0	0	0	0	1	
	63711	1	2	WeaponCostume_63307	70971	1	69DDA0	30010	0	85886	85886	85906	39918	0	20074	0	911	0	Null	0	Null	0	25355	0	0	1	0	0	0	0	0	0	0	4	86	255	0	0	0	0	0	0	0	0	0	0	0	0	0	0	0	0	0	0	0	0	0	0	0	0	0	0	0	0	0	1	1	1	1	1	1	1	1	99	0	0	0	0	0	0	0	0	0	0	0	0	0	0	0	0	0	0	0	0	0	0	0	0	0	0	0	0	0	0	0	0	0	0	0	0	0	0	0	0	0	0	0	0	0	1	0	0	0	0	0	0	0	0	0	0	0	0	0	0	0	0	0	0	0	0	0	0	0	0	0	0	0	0	0	0	0	0	0	0	0	0	0	0	0	0	0	0	0	0	0	0	0	0	1	
	63712	1	2	WeaponCostume_63308	70972	1	69DDA0	30007	0	85887	85887	85907	39918	0	20074	0	911	0	Null	0	Null	0	25355	0	0	1	0	0	0	0	0	0	0	4	86	255	0	0	0	0	0	0	0	0	0	0	0	0	0	0	0	0	0	0	0	0	0	0	0	0	0	0	0	0	0	1	1	1	1	1	1	1	1	99	0	0	0	0	0	0	0	0	0	0	0	0	0	0	0	0	0	0	0	0	0	0	0	0	0	0	0	0	0	0	0	0	0	0	0	0	0	0	0	0	0	0	0	0	0	1	0	0	0	0	0	0	0	0	0	0	0	0	0	0	0	0	0	0	0	0	0	0	0	0	0	0	0	0	0	0	0	0	0	0	0	0	0	0	0	0	0	0	0	0	0	0	0	0	1	
	63713	1	2	WeaponCostume_63309	70973	1	69DDA0	30008	0	85888	85888	85908	39918	0	20074	0	911	0	Null	0	Null	0	25355	0	0	1	0	0	0	0	0	0	0	4	86	255	0	0	0	0	0	0	0	0	0	0	0	0	0	0	0	0	0	0	0	0	0	0	0	0	0	0	0	0	0	1	1	1	1	1	1	1	1	99	0	0	0	0	0	0	0	0	0	0	0	0	0	0	0	0	0	0	0	0	0	0	0	0	0	0	0	0	0	0	0	0	0	0	0	0	0	0	0	0	0	0	0	0	0	1	0	0	0	0	0	0	0	0	0	0	0	0	0	0	0	0	0	0	0	0	0	0	0	0	0	0	0	0	0	0	0	0	0	0	0	0	0	0	0	0	0	0	0	0	0	0	0	0	1	
	63714	1	2	WeaponCostume_63310	70974	1	69DDA0	30007	0	85889	85889	85909	39918	0	20074	0	911	0	Null	0	Null	0	25355	0	0	1	0	0	0	0	0	0	0	4	86	255	0	0	0	0	0	0	0	0	0	0	0	0	0	0	0	0	0	0	0	0	0	0	0	0	0	0	0	0	0	1	1	1	1	1	1	1	1	99	0	0	0	0	0	0	0	0	0	0	0	0	0	0	0	0	0	0	0	0	0	0	0	0	0	0	0	0	0	0	0	0	0	0	0	0	0	0	0	0	0	0	0	0	0	1	0	0	0	0	0	0	0	0	0	0	0	0	0	0	0	0	0	0	0	0	0	0	0	0	0	0	0	0	0	0	0	0	0	0	0	0	0	0	0	0	0	0	0	0	0	0	0	0	1	
	63715	1	2	WeaponCostume_63311	70975	1	69DDA0	30008	0	85890	85890	85910	39918	0	20074	0	911	0	Null	0	Null	0	25355	0	0	1	0	0	0	0	0	0	0	4	86	255	0	0	0	0	0	0	0	0	0	0	0	0	0	0	0	0	0	0	0	0	0	0	0	0	0	0	0	0	0	1	1	1	1	1	1	1	1	99	0	0	0	0	0	0	0	0	0	0	0	0	0	0	0	0	0	0	0	0	0	0	0	0	0	0	0	0	0	0	0	0	0	0	0	0	0	0	0	0	0	0	0	0	0	1	0	0	0	0	0	0	0	0	0	0	0	0	0	0	0	0	0	0	0	0	0	0	0	0	0	0	0	0	0	0	0	0	0	0	0	0	0	0	0	0	0	0	0	0	0	0	0	0	1	
	63716	1	2	WeaponCostume_63312	70976	1	69DDA0	31156	0	85891	85891	85911	39918	0	20074	0	911	0	Null	0	Null	0	25355	0	0	1	0	0	0	0	0	0	0	4	86	255	0	0	0	0	0	0	0	0	0	0	0	0	0	0	0	0	0	0	0	0	0	0	0	0	0	0	0	0	0	1	1	1	1	1	1	1	1	99	0	0	0	0	0	0	0	0	0	0	0	0	0	0	0	0	0	0	0	0	0	0	0	0	0	0	0	0	0	0	0	0	0	0	0	0	0	0	0	0	0	0	0	0	0	1	0	0	0	0	0	0	0	0	0	0	0	0	0	0	0	0	0	0	0	0	0	0	0	0	0	0	0	0	0	0	0	0	0	0	0	0	0	0	0	0	0	0	0	0	0	0	0	0	1	
	63717	1	2	WeaponCostume_63313	70977	1	69DDA0	31157	0	85892	85892	85912	39918	0	20074	0	911	0	Null	0	Null	0	25355	0	0	1	0	0	0	0	0	0	0	4	86	255	0	0	0	0	0	0	0	0	0	0	0	0	0	0	0	0	0	0	0	0	0	0	0	0	0	0	0	0	0	1	1	1	1	1	1	1	1	99	0	0	0	0	0	0	0	0	0	0	0	0	0	0	0	0	0	0	0	0	0	0	0	0	0	0	0	0	0	0	0	0	0	0	0	0	0	0	0	0	0	0	0	0	0	1	0	0	0	0	0	0	0	0	0	0	0	0	0	0	0	0	0	0	0	0	0	0	0	0	0	0	0	0	0	0	0	0	0	0	0	0	0	0	0	0	0	0	0	0	0	0	0	0	1	
	63718	1	2	WeaponCostume_63314	70978	1	69DDA0	31156	0	85893	85893	85913	39918	0	20074	0	911	0	Null	0	Null	0	25355	0	0	1	0	0	0	0	0	0	0	4	86	255	0	0	0	0	0	0	0	0	0	0	0	0	0	0	0	0	0	0	0	0	0	0	0	0	0	0	0	0	0	1	1	1	1	1	1	1	1	99	0	0	0	0	0	0	0	0	0	0	0	0	0	0	0	0	0	0	0	0	0	0	0	0	0	0	0	0	0	0	0	0	0	0	0	0	0	0	0	0	0	0	0	0	0	1	0	0	0	0	0	0	0	0	0	0	0	0	0	0	0	0	0	0	0	0	0	0	0	0	0	0	0	0	0	0	0	0	0	0	0	0	0	0	0	0	0	0	0	0	0	0	0	0	1	
	63719	1	2	WeaponCostume_63315	70979	1	69DDA0	31157	0	85894	85894	85914	39918	0	20074	0	911	0	Null	0	Null	0	25355	0	0	1	0	0	0	0	0	0	0	4	86	255	0	0	0	0	0	0	0	0	0	0	0	0	0	0	0	0	0	0	0	0	0	0	0	0	0	0	0	0	0	1	1	1	1	1	1	1	1	99	0	0	0	0	0	0	0	0	0	0	0	0	0	0	0	0	0	0	0	0	0	0	0	0	0	0	0	0	0	0	0	0	0	0	0	0	0	0	0	0	0	0	0	0	0	1	0	0	0	0	0	0	0	0	0	0	0	0	0	0	0	0	0	0	0	0	0	0	0	0	0	0	0	0	0	0	0	0	0	0	0	0	0	0	0	0	0	0	0	0	0	0	0	0	1	
	63720	1	11	[SUNReborn]GrandAdventurersEmblem	405010	1	69DDA0	40022	405011	0	0	20111	39918	0	811	0	811	8	Q000	1	Null	0	0	0	0	1	0	0	0	0	0	0	0	1	279	255	0	0	0	0	0	0	0	0	0	0	0	0	0	0	0	0	0	0	0	0	0	0	0	0	0	0	0	0	0	1	1	1	1	1	1	1	1	16	1	74	1	100	1	45	5	15	1	44	5	50	1	93	1	500	1	55	5	5	0	0	0	0	0	0	0	0	0	0	0	0	0	0	0	0	0	0	0	0	0	0	0	0	0	1	1	0	0	0	0	0	0	0	0	0	0	0	0	0	0	0	0	0	0	0	0	0	0	0	0	0	0	0	0	0	0	0	0	0	0	0	0	0	0	0	0	0	0	0	0	0	0	0	1	
	62489	1	0	팔라딘용_온천코스튬	44298	1	69DDA0	43077	44078	0	7240	25778	39918	0	20064	0	911	0	Null	0	Null	0	25355	0	0	1	0	0	0	0	0	0	0	4	6	255	0	0	0	0	0	0	0	0	0	0	0	0	0	0	0	0	0	0	0	0	0	0	0	0	0	0	0	0	2	0	0	0	0	0	0	0	0	99	0	42	2	100	0	31	5	100	0	49	2	100	0	47	2	100	0	32	1	10	0	0	0	0	0	0	0	0	0	0	0	0	0	0	0	0	0	0	0	0	0	3	3	0	0	1	0	0	0	0	0	0	0	0	0	0	0	0	0	0	0	0	0	0	0	0	0	0	0	0	0	0	0	0	0	0	0	0	0	0	0	0	0	0	0	0	0	0	0	0	0	0	0	0	1	
	62467	1	0	팔라딘용_최신유행수영복코스튬_영구	150586	1	69DDA0	43077	44078	0	41765	25785	39918	0	20064	0	911	0	Null	0	Null	0	25355	0	0	1	0	0	0	0	0	0	0	4	6	255	0	0	0	0	0	0	0	0	0	0	0	0	0	0	0	0	0	0	0	0	0	0	0	0	0	0	0	0	2	0	0	0	0	0	0	0	0	99	0	49	2	100	0	47	2	100	0	44	5	200	0	0	0	0	0	0	0	0	0	0	0	0	0	0	0	0	0	0	0	0	0	0	0	0	0	0	0	0	0	0	0	0	0	1	0	0	0	0	0	0	0	0	0	0	0	0	0	0	0	0	0	0	0	0	0	0	0	0	0	0	0	0	0	0	0	0	0	0	0	0	0	0	0	0	0	0	0	0	0	0	0	0	1	
	62134	0	0	스킬해방_하급해방석_거래불가	92214	1	69DDA0	9445	91148	0	0	25731	39918	0	20104	0	20005	0	Null	0	Null	0	0	0	0	1	0	0	0	0	0	0	0	5	295	255	0	0	0	0	0	0	0	0	0	0	0	0	0	0	0	0	0	0	0	0	0	0	0	0	0	0	0	0	0	0	0	0	0	0	0	0	0	99	0	0	0	0	0	0	0	0	0	0	0	0	0	0	0	0	0	0	0	0	0	0	0	0	0	0	0	0	0	0	0	0	0	0	0	0	0	0	0	0	0	0	0	0	0	9999	0	0	0	0	0	0	0	0	0	0	0	0	0	0	0	0	0	0	0	0	0	0	0	0	0	0	0	0	0	0	0	0	0	0	0	0	0	0	0	0	0	0	0	0	0	0	0	0	0	0
	62135	0	0	스킬해방_하급해방석_거래가능	91147	1	69DDA0	9445	91148	0	0	25731	39918	0	20104	0	20005	0	Null	0	Null	0	0	0	0	1	0	0	0	0	0	0	0	5	6	255	0	0	0	0	0	0	0	0	0	0	0	0	0	0	0	0	0	0	0	0	0	0	0	0	0	0	0	0	0	0	0	0	0	0	0	0	0	99	0	0	0	0	0	0	0	0	0	0	0	0	0	0	0	0	0	0	0	0	0	0	0	0	0	0	0	0	0	0	0	0	0	0	0	0	0	0	0	0	0	0	0	0	0	9999	0	0	0	0	0	0	0	0	0	0	0	0	0	0	0	0	0	0	0	0	0	0	0	0	0	0	0	0	0	0	0	0	0	0	0	0	0	0	0	0	0	0	0	0	0	0	0	0	0	0
