//조합스크립트						아이템타입	분류카운터						클래스스트링코드																																					
//			"* Index(조합코드) 수정하셔도 상관 없으니, 가능한 카테고리 유지하면서 작업해 주세요"										10074 : 버서커																																					
//													10075 : 드래곤																																					
//			* 클래스 우선순위 지켜주세요										10076 : 발키리																																					
//			"  - 버서커, 드래곤, 발키리, 엘리, 섀도우, 미스틱 순"										10077 : 엘리																																					
//			* 방어구 우선순위 지켜주세요										10078 : 섀도우																																					
//			"  - 갑옷, 바지, 헬멧, 장갑, 부츠, 프텍, 벨트, 셔츠 순"										10002 : 미스틱																																					
//			"  - 갑옷, 바지, 헬멧, 장갑, 부츠, 프텍, 벨트, 셔츠 순"										10006 : 헬로이드																																					
//							1302			1302	1302	1302	1302	1302	1302																																			
//설명	조합코드	이름	네임코드	캐릭터클래스	길드클래스	아이템타입	분류카운터	분류카테고리1	분류스트링코드1	분류카테고리2	분류스트링코드2	분류카테고리3	분류스트링코드3	분류카테고리4	분류스트링코드4	재료1	재료1등급	재료1개수	재료2	재료2등급	재료2개수	재료3	재료3등급	재료3개수	재료4	재료4등급	재료4개수	재료5	재료5등급	재료5개수	재료6	재료6등급	재료6개수	소모돈	성공확율	보상타입	보상아이템	보상아이템등급	보상아이템수	조합가능맵1	조합가능맵2	조합가능맵3	조합가능맵4	조합가능맵5	조합가능맵6	조합가능맵7	조합가능맵8	조합가능맵9	조합가능맵10	
	Code	Name	Ncode	LimitCharClass	LimitGuildClass	ItemType	CategorySubCount	bCategory1	Category1_Scode	bCategory2	Category2_Scode	bCategory3	Category3_Scode	bCategory4	Category4_Scode	MaterialCode1	IGType1	MaterialCount1	MaterialCode2	IGType2	MaterialCount2	MaterialCode3	IGType3	MaterialCount3	MaterialCode4	IGType4	MaterialCount4	MaterialCode5	IGType5	MaterialCount5	MaterialCode6	IGType6	MaterialCount6	Money	SuccessRatio	bResultType	ResultItemCode	ResultIGType	ResultItemCount	AllowedMapCode00	AllowedMapCode01	AllowedMapCode02	AllowedMapCode03	AllowedMapCode04	AllowedMapCode05	AllowedMapCode06	AllowedMapCode07	AllowedMapCode08	AllowedMapCode09	FieldEnd
//1. 물약 아이템 (1~50)																													0			0						0												
//1-1 회복물약 제작 (1~10)																																																		
	1	회복물약(Lv4)	40124	0	0	0	3	1	9444	1	159571	1	40124	0	0	4952	0	2	6874	0	2	0	0	0	0	0	0	0	0	0	0	0	0	1000 	100	1	4004	0	1	10001	10002	10003	10004	10006	20206	10007	0	0	0	
	2	회복물약(Lv5)	40225	0	0	0	3	1	9444	1	159571	2	40225	0	0	4952	0	3	6874	0	5	0	0	0	0	0	0	0	0	0	0	0	0	2500 	100	1	4131	0	1	10001	10002	10003	10004	10006	20206	10007	0	0	0	
	3	회복물약(Lv6)	40226	0	0	0	3	1	9444	1	159571	3	40226	0	0	4952	0	5	6874	0	10	0	0	0	0	0	0	0	0	0	0	0	0	5000 	100	1	4132	0	1	10001	10002	10003	10004	10006	20206	10007	0	0	0	
//1-2 즉시회복물약 제작 (11~20)			0																																															
	11	즉시회복물약(Lv3)	40223	0	0	0	3	1	9444	2	91502	1	40223	0	0	4953	0	2	6874	0	2	0	0	0	0	0	0	0	0	0	0	0	0	1000 	100	1	4121	0	1	10001	10002	10003	10004	10006	20206	10007	0	0	0	
	12	즉시회복물약(Lv4)	40224	0	0	0	3	1	9444	2	91502	2	40224	0	0	4953	0	3	6874	0	5	0	0	0	0	0	0	0	0	0	0	0	0	2500 	100	1	4122	0	1	10001	10002	10003	10004	10006	20206	10007	0	0	0	
	13	즉시회복물약(Lv5)	40227	0	0	0	3	1	9444	2	91502	3	40227	0	0	4953	0	5	6874	0	10	0	0	0	0	0	0	0	0	0	0	0	0	5000 	100	1	4133	0	1	10001	10002	10003	10004	10006	20206	10007	0	0	0	
//1-3 여신의물약 제작 (21~30)			0																																															
	21	여신의물약(Lv1)	47760	0	0	0	3	1	9444	3	9059	1	47760	0	0	4965	0	10	6874	0	10	0	0	0	0	0	0	0	0	0	0	0	0	2500 	100	1	4045	0	1	10001	10002	10003	10004	10006	20206	10007	0	0	0	
	22	여신의물약(Lv2)	47761	0	0	0	3	1	9444	3	9059	2	47761	0	0	4965	0	20	6874	0	20	0	0	0	0	0	0	0	0	0	0	0	0	5000 	100	1	4046	0	1	10001	10002	10003	10004	10006	20206	10007	0	0	0	
//2. 특수물약 (51 ~ 200)																																																		
//2-1 치타의 물약 (51~70)																																																		
	51	치타의기세_5분	40813	0	0	0	4	2	9076	1	9077	1	9082	1	40813	6857	0	1	6861	0	1	6865	0	1	6870	0	20	0	0	0	0	0	0	100000	100	1	9590	0	1	10001	10002	10003	10004	10006	20206	10007	0	0	0	
	52	치타의기세_10분	40833	0	0	0	4	2	9076	1	9077	1	9082	2	40833	6858	0	1	6861	0	1	6865	0	1	6870	0	30	0	0	0	0	0	0	500000	100	1	9591	0	1	10001	10002	10003	10004	10006	20206	10007	0	0	0	
	53	치타의기세_30분	40853	0	0	0	4	2	9076	1	9077	1	9082	3	40853	6859	0	1	6861	0	1	6865	0	1	6870	0	60	0	0	0	0	0	0	1000000	100	1	9592	0	1	10001	10002	10003	10004	10006	20206	10007	0	0	0	
	54	치타의기세_60분	40873	0	0	0	4	2	9076	1	9077	1	9082	4	40873	6860	0	1	6861	0	1	6865	0	1	6870	0	100	0	0	0	0	0	0	1500000	100	1	9593	0	1	10001	10002	10003	10004	10006	20206	10007	0	0	0	
	55	치타의정기_5분	40814	0	0	0	4	2	9076	1	9077	2	9083	5	40814	6857	0	1	6862	0	1	6865	0	1	6871	0	20	0	0	0	0	0	0	100000	100	1	9610	0	1	10001	10002	10003	10004	10006	20206	10007	0	0	0	
	56	치타의정기_10분	40834	0	0	0	4	2	9076	1	9077	2	9083	6	40834	6858	0	1	6862	0	1	6865	0	1	6871	0	30	0	0	0	0	0	0	500000	100	1	9611	0	1	10001	10002	10003	10004	10006	20206	10007	0	0	0	
	57	치타의정기_30분	40854	0	0	0	4	2	9076	1	9077	2	9083	7	40854	6859	0	1	6862	0	1	6865	0	1	6871	0	60	0	0	0	0	0	0	1000000	100	1	9612	0	1	10001	10002	10003	10004	10006	20206	10007	0	0	0	
	58	치타의정기_60분	40874	0	0	0	4	2	9076	1	9077	2	9083	8	40874	6860	0	1	6862	0	1	6865	0	1	6871	0	100	0	0	0	0	0	0	1500000	100	1	9613	0	1	10001	10002	10003	10004	10006	20206	10007	0	0	0	
	59	치타의혼_5분	40815	0	0	0	4	2	9076	1	9077	3	9084	9	40815	6857	0	1	6863	0	1	6865	0	1	6872	0	10	0	0	0	0	0	0	100000	100	1	9630	0	1	10001	10002	10003	10004	10006	20206	10007	0	0	0	
	60	치타의혼_10분	40835	0	0	0	4	2	9076	1	9077	3	9084	10	40835	6858	0	1	6863	0	1	6865	0	1	6872	0	15	0	0	0	0	0	0	500000	100	1	9631	0	1	10001	10002	10003	10004	10006	20206	10007	0	0	0	
	61	치타의혼_30분	40855	0	0	0	4	2	9076	1	9077	3	9084	11	40855	6859	0	1	6863	0	1	6865	0	1	6872	0	30	0	0	0	0	0	0	1000000	100	1	9632	0	1	10001	10002	10003	10004	10006	20206	10007	0	0	0	
	62	치타의혼_60분	40875	0	0	0	4	2	9076	1	9077	3	9084	12	40875	6860	0	1	6863	0	1	6865	0	1	6872	0	50	0	0	0	0	0	0	1500000	100	1	9633	0	1	10001	10002	10003	10004	10006	20206	10007	0	0	0	
	63	치타의비약_5분	40816	0	0	0	4	2	9076	1	9077	4	9085	13	40816	6857	0	1	6864	0	1	6865	0	1	6873	0	10	0	0	0	0	0	0	100000	100	1	9650	0	1	10001	10002	10003	10004	10006	20206	10007	0	0	0	
	64	치타의비약_10분	40836	0	0	0	4	2	9076	1	9077	4	9085	14	40836	6858	0	1	6864	0	1	6865	0	1	6873	0	15	0	0	0	0	0	0	500000	100	1	9651	0	1	10001	10002	10003	10004	10006	20206	10007	0	0	0	
	65	치타의비약_30분	40856	0	0	0	4	2	9076	1	9077	4	9085	15	40856	6859	0	1	6864	0	1	6865	0	1	6873	0	30	0	0	0	0	0	0	1000000	100	1	9652	0	1	10001	10002	10003	10004	10006	20206	10007	0	0	0	
	66	치타의비약_60분	40876	0	0	0	4	2	9076	1	9077	4	9085	16	40876	6860	0	1	6864	0	1	6865	0	1	6873	0	50	0	0	0	0	0	0	1500000	100	1	9653	0	1	10001	10002	10003	10004	10006	20206	10007	0	0	0	
//2-2 늑대의 물약 (71~90)			0																																															
	71	늑대의기세_5분	40817	0	0	0	4	2	9076	2	9078	5	9082	17	40817	6857	0	1	6861	0	1	6867	0	1	6870	0	20	0	0	0	0	0	0	100000	100	1	9594	0	1	10001	10002	10003	10004	10006	20206	10007	0	0	0	
	72	늑대의기세_10분	40837	0	0	0	4	2	9076	2	9078	5	9082	18	40837	6858	0	1	6861	0	1	6867	0	1	6870	0	30	0	0	0	0	0	0	500000	100	1	9595	0	1	10001	10002	10003	10004	10006	20206	10007	0	0	0	
	73	늑대의기세_30분	40857	0	0	0	4	2	9076	2	9078	5	9082	19	40857	6859	0	1	6861	0	1	6867	0	1	6870	0	60	0	0	0	0	0	0	1000000	100	1	9596	0	1	10001	10002	10003	10004	10006	20206	10007	0	0	0	
	74	늑대의기세_60분	40877	0	0	0	4	2	9076	2	9078	5	9082	20	40877	6860	0	1	6861	0	1	6867	0	1	6870	0	100	0	0	0	0	0	0	1500000	100	1	9597	0	1	10001	10002	10003	10004	10006	20206	10007	0	0	0	
	75	늑대의정기_5분	40818	0	0	0	4	2	9076	2	9078	6	9083	21	40818	6857	0	1	6862	0	1	6867	0	1	6871	0	20	0	0	0	0	0	0	100000	100	1	9614	0	1	10001	10002	10003	10004	10006	20206	10007	0	0	0	
	76	늑대의정기_10분	40838	0	0	0	4	2	9076	2	9078	6	9083	22	40838	6858	0	1	6862	0	1	6867	0	1	6871	0	30	0	0	0	0	0	0	500000	100	1	9615	0	1	10001	10002	10003	10004	10006	20206	10007	0	0	0	
	77	늑대의정기_30분	40858	0	0	0	4	2	9076	2	9078	6	9083	23	40858	6859	0	1	6862	0	1	6867	0	1	6871	0	60	0	0	0	0	0	0	1000000	100	1	9616	0	1	10001	10002	10003	10004	10006	20206	10007	0	0	0	
	78	늑대의정기_60분	40878	0	0	0	4	2	9076	2	9078	6	9083	24	40878	6860	0	1	6862	0	1	6867	0	1	6871	0	100	0	0	0	0	0	0	1500000	100	1	9617	0	1	10001	10002	10003	10004	10006	20206	10007	0	0	0	
	79	늑대의혼_5분	40819	0	0	0	4	2	9076	2	9078	7	9084	25	40819	6857	0	1	6863	0	1	6867	0	1	6872	0	10	0	0	0	0	0	0	100000	100	1	9634	0	1	10001	10002	10003	10004	10006	20206	10007	0	0	0	
	80	늑대의혼_10분	40839	0	0	0	4	2	9076	2	9078	7	9084	26	40839	6858	0	1	6863	0	1	6867	0	1	6872	0	15	0	0	0	0	0	0	500000	100	1	9635	0	1	10001	10002	10003	10004	10006	20206	10007	0	0	0	
	81	늑대의혼_30분	40859	0	0	0	4	2	9076	2	9078	7	9084	27	40859	6859	0	1	6863	0	1	6867	0	1	6872	0	30	0	0	0	0	0	0	1000000	100	1	9636	0	1	10001	10002	10003	10004	10006	20206	10007	0	0	0	
	82	늑대의혼_60분	40879	0	0	0	4	2	9076	2	9078	7	9084	28	40879	6860	0	1	6863	0	1	6867	0	1	6872	0	50	0	0	0	0	0	0	1500000	100	1	9637	0	1	10001	10002	10003	10004	10006	20206	10007	0	0	0	
	83	늑대의비약_5분	40820	0	0	0	4	2	9076	2	9078	8	9085	29	40820	6857	0	1	6864	0	1	6867	0	1	6873	0	10	0	0	0	0	0	0	100000	100	1	9654	0	1	10001	10002	10003	10004	10006	20206	10007	0	0	0	
	84	늑대의비약_10분	40840	0	0	0	4	2	9076	2	9078	8	9085	30	40840	6858	0	1	6864	0	1	6867	0	1	6873	0	15	0	0	0	0	0	0	500000	100	1	9655	0	1	10001	10002	10003	10004	10006	20206	10007	0	0	0	
	85	늑대의비약_30분	40860	0	0	0	4	2	9076	2	9078	8	9085	31	40860	6859	0	1	6864	0	1	6867	0	1	6873	0	30	0	0	0	0	0	0	1000000	100	1	9656	0	1	10001	10002	10003	10004	10006	20206	10007	0	0	0	
	86	늑대의비약_60분	40880	0	0	0	4	2	9076	2	9078	8	9085	32	40880	6860	0	1	6864	0	1	6867	0	1	6873	0	50	0	0	0	0	0	0	1500000	100	1	9657	0	1	10001	10002	10003	10004	10006	20206	10007	0	0	0	
//2-3 곰의 물약 (91~110)			0																																															
	91	곰의기세_5분	40821	0	0	0	4	2	9076	3	9079	9	9082	33	40821	6857	0	1	6861	0	1	6866	0	1	6870	0	20	0	0	0	0	0	0	100000	100	1	9598	0	1	10001	10002	10003	10004	10006	20206	10007	0	0	0	
	92	곰의기세_10분	40841	0	0	0	4	2	9076	3	9079	9	9082	34	40841	6858	0	1	6861	0	1	6866	0	1	6870	0	30	0	0	0	0	0	0	500000	100	1	9599	0	1	10001	10002	10003	10004	10006	20206	10007	0	0	0	
	93	곰의기세_30분	40861	0	0	0	4	2	9076	3	9079	9	9082	35	40861	6859	0	1	6861	0	1	6866	0	1	6870	0	60	0	0	0	0	0	0	1000000	100	1	9600	0	1	10001	10002	10003	10004	10006	20206	10007	0	0	0	
	94	곰의기세_60분	40881	0	0	0	4	2	9076	3	9079	9	9082	36	40881	6860	0	1	6861	0	1	6866	0	1	6870	0	100	0	0	0	0	0	0	1500000	100	1	9601	0	1	10001	10002	10003	10004	10006	20206	10007	0	0	0	
	95	곰의정기_5분	40822	0	0	0	4	2	9076	3	9079	10	9083	37	40822	6857	0	1	6862	0	1	6866	0	1	6871	0	20	0	0	0	0	0	0	100000	100	1	9618	0	1	10001	10002	10003	10004	10006	20206	10007	0	0	0	
	96	곰의정기_10분	40842	0	0	0	4	2	9076	3	9079	10	9083	38	40842	6858	0	1	6862	0	1	6866	0	1	6871	0	30	0	0	0	0	0	0	500000	100	1	9619	0	1	10001	10002	10003	10004	10006	20206	10007	0	0	0	
	97	곰의정기_30분	40862	0	0	0	4	2	9076	3	9079	10	9083	39	40862	6859	0	1	6862	0	1	6866	0	1	6871	0	60	0	0	0	0	0	0	1000000	100	1	9620	0	1	10001	10002	10003	10004	10006	20206	10007	0	0	0	
	98	곰의정기_60분	40882	0	0	0	4	2	9076	3	9079	10	9083	40	40882	6860	0	1	6862	0	1	6866	0	1	6871	0	100	0	0	0	0	0	0	1500000	100	1	9621	0	1	10001	10002	10003	10004	10006	20206	10007	0	0	0	
	99	곰의혼_5분	40823	0	0	0	4	2	9076	3	9079	11	9084	41	40823	6857	0	1	6863	0	1	6866	0	1	6872	0	10	0	0	0	0	0	0	100000	100	1	9638	0	1	10001	10002	10003	10004	10006	20206	10007	0	0	0	
	100	곰의혼_10분	40843	0	0	0	4	2	9076	3	9079	11	9084	42	40843	6858	0	1	6863	0	1	6866	0	1	6872	0	15	0	0	0	0	0	0	500000	100	1	9639	0	1	10001	10002	10003	10004	10006	20206	10007	0	0	0	
	101	곰의혼_30분	40863	0	0	0	4	2	9076	3	9079	11	9084	43	40863	6859	0	1	6863	0	1	6866	0	1	6872	0	30	0	0	0	0	0	0	1000000	100	1	9640	0	1	10001	10002	10003	10004	10006	20206	10007	0	0	0	
	102	곰의혼_60분	40883	0	0	0	4	2	9076	3	9079	11	9084	44	40883	6860	0	1	6863	0	1	6866	0	1	6872	0	50	0	0	0	0	0	0	1500000	100	1	9641	0	1	10001	10002	10003	10004	10006	20206	10007	0	0	0	
	103	곰의비약_5분	40824	0	0	0	4	2	9076	3	9079	12	9085	45	40824	6857	0	1	6864	0	1	6866	0	1	6873	0	10	0	0	0	0	0	0	100000	100	1	9658	0	1	10001	10002	10003	10004	10006	20206	10007	0	0	0	
	104	곰의비약_10분	40844	0	0	0	4	2	9076	3	9079	12	9085	46	40844	6858	0	1	6864	0	1	6866	0	1	6873	0	15	0	0	0	0	0	0	500000	100	1	9659	0	1	10001	10002	10003	10004	10006	20206	10007	0	0	0	
	105	곰의비약_30분	40864	0	0	0	4	2	9076	3	9079	12	9085	47	40864	6859	0	1	6864	0	1	6866	0	1	6873	0	30	0	0	0	0	0	0	1000000	100	1	9660	0	1	10001	10002	10003	10004	10006	20206	10007	0	0	0	
	106	곰의비약_60분	40884	0	0	0	4	2	9076	3	9079	12	9085	48	40884	6860	0	1	6864	0	1	6866	0	1	6873	0	50	0	0	0	0	0	0	1500000	100	1	9661	0	1	10001	10002	10003	10004	10006	20206	10007	0	0	0	
//2-4 매의 물약 (111~130)			0																																															
	111	매의기세_5분	40825	0	0	0	4	2	9076	4	9080	13	9082	49	40825	6857	0	1	6861	0	1	6868	0	1	6870	0	20	0	0	0	0	0	0	100000	100	1	9602	0	1	10001	10002	10003	10004	10006	20206	10007	0	0	0	
	112	매의기세_10분	40845	0	0	0	4	2	9076	4	9080	13	9082	50	40845	6858	0	1	6861	0	1	6868	0	1	6870	0	30	0	0	0	0	0	0	500000	100	1	9603	0	1	10001	10002	10003	10004	10006	20206	10007	0	0	0	
	113	매의기세_30분	40865	0	0	0	4	2	9076	4	9080	13	9082	51	40865	6859	0	1	6861	0	1	6868	0	1	6870	0	60	0	0	0	0	0	0	1000000	100	1	9604	0	1	10001	10002	10003	10004	10006	20206	10007	0	0	0	
	114	매의기세_60분	40885	0	0	0	4	2	9076	4	9080	13	9082	52	40885	6860	0	1	6861	0	1	6868	0	1	6870	0	100	0	0	0	0	0	0	1500000	100	1	9605	0	1	10001	10002	10003	10004	10006	20206	10007	0	0	0	
	115	매의정기_5분	40826	0	0	0	4	2	9076	4	9080	14	9083	53	40826	6857	0	1	6862	0	1	6868	0	1	6871	0	20	0	0	0	0	0	0	100000	100	1	9622	0	1	10001	10002	10003	10004	10006	20206	10007	0	0	0	
	116	매의정기_10분	40846	0	0	0	4	2	9076	4	9080	14	9083	54	40846	6858	0	1	6862	0	1	6868	0	1	6871	0	30	0	0	0	0	0	0	500000	100	1	9623	0	1	10001	10002	10003	10004	10006	20206	10007	0	0	0	
	117	매의정기_30분	40866	0	0	0	4	2	9076	4	9080	14	9083	55	40866	6859	0	1	6862	0	1	6868	0	1	6871	0	60	0	0	0	0	0	0	1000000	100	1	9624	0	1	10001	10002	10003	10004	10006	20206	10007	0	0	0	
	118	매의정기_60분	40886	0	0	0	4	2	9076	4	9080	14	9083	56	40886	6860	0	1	6862	0	1	6868	0	1	6871	0	100	0	0	0	0	0	0	1500000	100	1	9625	0	1	10001	10002	10003	10004	10006	20206	10007	0	0	0	
	119	매의혼_5분	40827	0	0	0	4	2	9076	4	9080	15	9084	57	40827	6857	0	1	6863	0	1	6868	0	1	6872	0	10	0	0	0	0	0	0	100000	100	1	9642	0	1	10001	10002	10003	10004	10006	20206	10007	0	0	0	
	120	매의혼_10분	40847	0	0	0	4	2	9076	4	9080	15	9084	58	40847	6858	0	1	6863	0	1	6868	0	1	6872	0	15	0	0	0	0	0	0	500000	100	1	9643	0	1	10001	10002	10003	10004	10006	20206	10007	0	0	0	
	121	매의혼_30분	40867	0	0	0	4	2	9076	4	9080	15	9084	59	40867	6859	0	1	6863	0	1	6868	0	1	6872	0	30	0	0	0	0	0	0	1000000	100	1	9644	0	1	10001	10002	10003	10004	10006	20206	10007	0	0	0	
	122	매의혼_60분	40887	0	0	0	4	2	9076	4	9080	15	9084	60	40887	6860	0	1	6863	0	1	6868	0	1	6872	0	50	0	0	0	0	0	0	1500000	100	1	9645	0	1	10001	10002	10003	10004	10006	20206	10007	0	0	0	
	123	매의비약_5분	40828	0	0	0	4	2	9076	4	9080	16	9085	61	40828	6857	0	1	6864	0	1	6868	0	1	6873	0	10	0	0	0	0	0	0	100000	100	1	9662	0	1	10001	10002	10003	10004	10006	20206	10007	0	0	0	
	124	매의비약_10분	40848	0	0	0	4	2	9076	4	9080	16	9085	62	40848	6858	0	1	6864	0	1	6868	0	1	6873	0	15	0	0	0	0	0	0	500000	100	1	9663	0	1	10001	10002	10003	10004	10006	20206	10007	0	0	0	
	125	매의비약_30분	40868	0	0	0	4	2	9076	4	9080	16	9085	63	40868	6859	0	1	6864	0	1	6868	0	1	6873	0	30	0	0	0	0	0	0	1000000	100	1	9664	0	1	10001	10002	10003	10004	10006	20206	10007	0	0	0	
	126	매의비약_60분	40888	0	0	0	4	2	9076	4	9080	16	9085	64	40888	6860	0	1	6864	0	1	6868	0	1	6873	0	50	0	0	0	0	0	0	1500000	100	1	9665	0	1	10001	10002	10003	10004	10006	20206	10007	0	0	0	
//2-5 뱀의 물약 (131~150)			0																																															
	131	뱀의기세_5분	40829	0	0	0	4	2	9076	5	9081	17	9082	65	40829	6857	0	1	6861	0	1	6869	0	1	6870	0	20	0	0	0	0	0	0	100000	100	1	9606	0	1	10001	10002	10003	10004	10006	20206	10007	0	0	0	
	132	뱀의기세_10분	40849	0	0	0	4	2	9076	5	9081	17	9082	66	40849	6858	0	1	6861	0	1	6869	0	1	6870	0	30	0	0	0	0	0	0	500000	100	1	9607	0	1	10001	10002	10003	10004	10006	20206	10007	0	0	0	
	133	뱀의기세_30분	40869	0	0	0	4	2	9076	5	9081	17	9082	67	40869	6859	0	1	6861	0	1	6869	0	1	6870	0	60	0	0	0	0	0	0	1000000	100	1	9608	0	1	10001	10002	10003	10004	10006	20206	10007	0	0	0	
	134	뱀의기세_60분	40889	0	0	0	4	2	9076	5	9081	17	9082	68	40889	6860	0	1	6861	0	1	6869	0	1	6870	0	100	0	0	0	0	0	0	1500000	100	1	9609	0	1	10001	10002	10003	10004	10006	20206	10007	0	0	0	
	135	뱀의정기_5분	40830	0	0	0	4	2	9076	5	9081	18	9083	69	40830	6857	0	1	6862	0	1	6869	0	1	6871	0	20	0	0	0	0	0	0	100000	100	1	9626	0	1	10001	10002	10003	10004	10006	20206	10007	0	0	0	
	136	뱀의정기_10분	40850	0	0	0	4	2	9076	5	9081	18	9083	70	40850	6858	0	1	6862	0	1	6869	0	1	6871	0	30	0	0	0	0	0	0	500000	100	1	9627	0	1	10001	10002	10003	10004	10006	20206	10007	0	0	0	
	137	뱀의정기_30분	40870	0	0	0	4	2	9076	5	9081	18	9083	71	40870	6859	0	1	6862	0	1	6869	0	1	6871	0	60	0	0	0	0	0	0	1000000	100	1	9628	0	1	10001	10002	10003	10004	10006	20206	10007	0	0	0	
	138	뱀의정기_60분	40890	0	0	0	4	2	9076	5	9081	18	9083	72	40890	6860	0	1	6862	0	1	6869	0	1	6871	0	100	0	0	0	0	0	0	1500000	100	1	9629	0	1	10001	10002	10003	10004	10006	20206	10007	0	0	0	
	139	뱀의혼_5분	40831	0	0	0	4	2	9076	5	9081	19	9084	73	40831	6857	0	1	6863	0	1	6869	0	1	6872	0	10	0	0	0	0	0	0	100000	100	1	9646	0	1	10001	10002	10003	10004	10006	20206	10007	0	0	0	
	140	뱀의혼_10분	40851	0	0	0	4	2	9076	5	9081	19	9084	74	40851	6858	0	1	6863	0	1	6869	0	1	6872	0	15	0	0	0	0	0	0	500000	100	1	9647	0	1	10001	10002	10003	10004	10006	20206	10007	0	0	0	
	141	뱀의혼_30분	40871	0	0	0	4	2	9076	5	9081	19	9084	75	40871	6859	0	1	6863	0	1	6869	0	1	6872	0	30	0	0	0	0	0	0	1000000	100	1	9648	0	1	10001	10002	10003	10004	10006	20206	10007	0	0	0	
	142	뱀의혼_60분	40891	0	0	0	4	2	9076	5	9081	19	9084	76	40891	6860	0	1	6863	0	1	6869	0	1	6872	0	50	0	0	0	0	0	0	1500000	100	1	9649	0	1	10001	10002	10003	10004	10006	20206	10007	0	0	0	
	143	뱀의비약_5분	40832	0	0	0	4	2	9076	5	9081	20	9085	77	40832	6857	0	1	6864	0	1	6869	0	1	6873	0	10	0	0	0	0	0	0	100000	100	1	9666	0	1	10001	10002	10003	10004	10006	20206	10007	0	0	0	
	144	뱀의비약_10분	40852	0	0	0	4	2	9076	5	9081	20	9085	78	40852	6858	0	1	6864	0	1	6869	0	1	6873	0	15	0	0	0	0	0	0	500000	100	1	9667	0	1	10001	10002	10003	10004	10006	20206	10007	0	0	0	
	145	뱀의비약_30분	40872	0	0	0	4	2	9076	5	9081	20	9085	79	40872	6859	0	1	6864	0	1	6869	0	1	6873	0	30	0	0	0	0	0	0	1000000	100	1	9668	0	1	10001	10002	10003	10004	10006	20206	10007	0	0	0	
	146	뱀의비약_60분	40892	0	0	0	4	2	9076	5	9081	20	9085	80	40892	6860	0	1	6864	0	1	6869	0	1	6873	0	50	0	0	0	0	0	0	1500000	100	1	9669	0	1	10001	10002	10003	10004	10006	20206	10007	0	0	0	
//3. 재료 아이템 (201~300)																										0			0			0						0												
//3-1 물약 재료 보석 제작 (201~210)																																																		
	201	엑스트라스톤	40180	0	0	0	4	3	9446	1	9060	1	9094	1	40180	4952	0	50	4953	0	50	0	0	0	0	0	0	0	0	0	0	0	0	100000 	100	1	4965	0	1	10001	10002	10003	10004	10006	20206	10007	0	0	0	
	202	노블레스크리스탈	40115	0	0	0	4	3	9446	1	9060	1	9094	2	40115	6510	0	10	0	0	0	0	0	0	0	0	0	0	0	0	0	0	0	50000 	100	1	4952	0	1	10001	10002	10003	10004	10006	20206	10007	0	0	0	
	203	스트랭스크리스탈	40116	0	0	0	4	3	9446	1	9060	1	9094	3	40116	6511	0	10	0	0	0	0	0	0	0	0	0	0	0	0	0	0	0	50000	100	1	4953	0	1	10001	10002	10003	10004	10006	20206	10007	0	0	0	
	204	마력의파편	45974	0	0	0	4	3	9446	1	9060	2	9095	4	45974	6870	0	10	0	0	0	0	0	0	0	0	0	0	0	0	0	0	0	50000 	100	1	6871	0	1	10001	10002	10003	10004	10006	20206	10007	0	0	0	
	205	마력의조각	45975	0	0	0	4	3	9446	1	9060	2	9095	5	45975	6871	0	10	0	0	0	0	0	0	0	0	0	0	0	0	0	0	0	100000 	100	1	6872	0	1	10001	10002	10003	10004	10006	20206	10007	0	0	0	
	206	마력의덩어리	45976	0	0	0	4	3	9446	1	9060	2	9095	6	45976	6872	0	10	0	0	0	0	0	0	0	0	0	0	0	0	0	0	0	150000 	100	1	6873	0	1	10001	10002	10003	10004	10006	20206	10007	0	0	0	
//3-2 중급 재료 제작 (211~220)			0																																															
	211	파괴자의각성	47630	0	0	0	3	3	9446	2	42025	1	47630	0	0	6019	0	10	0	0	0	0	0	0	0	0	0	0	0	0	0	0	0	300000 	50	1	6051	0	1	10001	10002	10003	10004	10006	20206	10007	0	0	0	
	212	바람의노래	47631	0	0	0	3	3	9446	2	42025	2	47631	0	0	6020	0	10	0	0	0	0	0	0	0	0	0	0	0	0	0	0	0	300000 	50	1	6052	0	1	10001	10002	10003	10004	10006	20206	10007	0	0	0	
	213	용족의영광	47632	0	0	0	3	3	9446	2	42025	3	47632	0	0	6021	0	10	0	0	0	0	0	0	0	0	0	0	0	0	0	0	0	300000 	50	1	6053	0	1	10001	10002	10003	10004	10006	20206	10007	0	0	0	
	214	대자연의풍요	47633	0	0	0	3	3	9446	2	42025	4	47633	0	0	6022	0	10	0	0	0	0	0	0	0	0	0	0	0	0	0	0	0	300000 	50	1	6054	0	1	10001	10002	10003	10004	10006	20206	10007	0	0	0	
	215	어둠의심장	47634	0	0	0	3	3	9446	2	42025	5	47634	0	0	6031	0	10	0	0	0	0	0	0	0	0	0	0	0	0	0	0	0	300000 	50	1	6055	0	1	10001	10002	10003	10004	10006	20206	10007	0	0	0	
	216	고대인의의식	45669	0	0	0	3	3	9446	2	42025	6	45669	0	0	6064	0	10	0	0	0	0	0	0	0	0	0	0	0	0	0	0	0	300000 	50	1	6065	0	1	10001	10002	10003	10004	10006	20206	10007	0	0	0	
	217	조작된기억	46646	0	0	0	3	3	9446	2	42025	7	46646	0	0	6074	0	10	0	0	0	0	0	0	0	0	0	0	0	0	0	0	0	300000 	50	1	6075	0	1	10001	10002	10003	10004	10006	20206	10007	0	0	0	
	218	싸늘한분노	45936	0	0	0	3	3	9446	2	42025	8	45936	0	0	6093	0	10	0	0	0	0	0	0	0	0	0	0	0	0	0	0	0	300000 	50	1	6094	0	1	10001	10002	10003	10004	10006	20206	10007	0	0	0	
//3-3 상급 재료 제작 (221~230)			0																																															
	221	루크의아티팩트	47557	0	0	0	3	3	9446	3	42017	1	47557	0	0	6051	0	10	0	0	0	0	0	0	0	0	0	0	0	0	0	0	0	5000000 	35	1	6068	0	1	10001	10002	10003	10004	10006	20206	10007	0	0	0	
	222	에이셔의아티팩트	47570	0	0	0	3	3	9446	3	42017	2	47570	0	0	6052	0	10	0	0	0	0	0	0	0	0	0	0	0	0	0	0	0	5000000 	35	1	6071	0	1	10001	10002	10003	10004	10006	20206	10007	0	0	0	
	223	로드아일의아티팩트	47558	0	0	0	3	3	9446	3	42017	3	47558	0	0	6053	0	10	0	0	0	0	0	0	0	0	0	0	0	0	0	0	0	5000000 	35	1	6069	0	1	10001	10002	10003	10004	10006	20206	10007	0	0	0	
	224	카린의아티팩트	47579	0	0	0	3	3	9446	3	42017	4	47579	0	0	6054	0	10	0	0	0	0	0	0	0	0	0	0	0	0	0	0	0	5000000 	35	1	6072	0	1	10001	10002	10003	10004	10006	20206	10007	0	0	0	
	225	헬론의아티팩트	47559	0	0	0	3	3	9446	3	42017	5	47559	0	0	6055	0	10	0	0	0	0	0	0	0	0	0	0	0	0	0	0	0	5000000 	35	1	6070	0	1	10001	10002	10003	10004	10006	20206	10007	0	0	0	
	226	미오의아티팩트	47580	0	0	0	3	3	9446	3	42017	6	47580	0	0	6065	0	10	0	0	0	0	0	0	0	0	0	0	0	0	0	0	0	5000000 	35	1	6073	0	1	10001	10002	10003	10004	10006	20206	10007	0	0	0	
	227	HEL-P7의기밀문서	46692	0	0	0	3	3	9446	3	42017	7	46692	0	0	6075	0	10	0	0	0	0	0	0	0	0	0	0	0	0	0	0	0	5000000 	35	1	6076	0	1	10001	10002	10003	10004	10006	20206	10007	0	0	0	
	228	사라드의아티팩트	45937	0	0	0	3	3	9446	3	42017	8	45937	0	0	6094	0	10	0	0	0	0	0	0	0	0	0	0	0	0	0	0	0	5000000 	35	1	6095	0	1	10001	10002	10003	10004	10006	20206	10007	0	0	0	
//3-4 최상급 재료 제작 (231~240)			0																																															
	231	검게물든루크의아티팩트	46895	0	0	0	3	3	9446	4	9462	1	46895	0	0	6068	0	10	5286	0	10	0	0	0	0	0	0	0	0	0	0	0	0	20000000 	20	1	6097	0	1	10001	10002	10003	10004	10006	20206	10007	0	0	0	
	232	검게물든에이셔의아티팩트	46898	0	0	0	3	3	9446	4	9462	2	46898	0	0	6071	0	10	5286	0	10	0	0	0	0	0	0	0	0	0	0	0	0	20000000 	20	1	6100	0	1	10001	10002	10003	10004	10006	20206	10007	0	0	0	
	233	검게물든로드아일의아티팩트	46896	0	0	0	3	3	9446	4	9462	3	46896	0	0	6069	0	10	5286	0	10	0	0	0	0	0	0	0	0	0	0	0	0	20000000 	20	1	6098	0	1	10001	10002	10003	10004	10006	20206	10007	0	0	0	
	234	검게물든카린의아티팩트	46899	0	0	0	3	3	9446	4	9462	4	46899	0	0	6072	0	10	5286	0	10	0	0	0	0	0	0	0	0	0	0	0	0	20000000 	20	1	6101	0	1	10001	10002	10003	10004	10006	20206	10007	0	0	0	
	235	검게물든헬론의아티팩트	46897	0	0	0	3	3	9446	4	9462	5	46897	0	0	6070	0	10	5286	0	10	0	0	0	0	0	0	0	0	0	0	0	0	20000000 	20	1	6099	0	1	10001	10002	10003	10004	10006	20206	10007	0	0	0	
	236	검게물든미오의아티팩트	46900	0	0	0	3	3	9446	4	9462	6	46900	0	0	6073	0	10	5286	0	10	0	0	0	0	0	0	0	0	0	0	0	0	20000000 	20	1	6102	0	1	10001	10002	10003	10004	10006	20206	10007	0	0	0	
	237	검게물든HEL-P7의기밀문서	46901	0	0	0	3	3	9446	4	9462	7	46901	0	0	6076	0	10	5286	0	10	0	0	0	0	0	0	0	0	0	0	0	0	20000000 	20	1	6103	0	1	10001	10002	10003	10004	10006	20206	10007	0	0	0	
	238	검게물든사라드의아티팩트	46902	0	0	0	3	3	9446	4	9462	8	46902	0	0	6095	0	10	5286	0	10	0	0	0	0	0	0	0	0	0	0	0	0	20000000 	20	1	6104	0	1	10001	10002	10003	10004	10006	20206	10007	0	0	0	
	239	핏빛의정령석	47636	0	0	0	3	3	9446	4	9462	9	47636	0	0	7248	0	1	7252	0	2	0	0	0	0	0	0	0	0	0	0	0	0	0 	50	1	6057	0	1	10001	10002	10003	10004	10006	20206	10007	0	0	0	
//3-5 꼭두각시 쉬바르츠 재료 제작 (241~250)			0																																															
	241	검은빛의_쉬바르츠_영혼	40742	0	0	0	3	3	9446	5	9061	1	40742	0	0	6082	0	5	0	0	0	0	0	0	0	0	0	0	0	0	0	0	0	100000000	100	1	6087	0	1	10001	10002	10003	10004	10006	20206	10007	0	0	0	
	242	붉은빛의_쉬바르츠_영혼	40743	0	0	0	3	3	9446	5	9061	2	40743	0	0	6083	0	5	0	0	0	0	0	0	0	0	0	0	0	0	0	0	0	100000000	100	1	6088	0	1	10001	10002	10003	10004	10006	20206	10007	0	0	0	
	243	노란빛의_쉬바르츠_영혼	40744	0	0	0	3	3	9446	5	9061	3	40744	0	0	6084	0	5	0	0	0	0	0	0	0	0	0	0	0	0	0	0	0	100000000	100	1	6089	0	1	10001	10002	10003	10004	10006	20206	10007	0	0	0	
	244	파란빛의_쉬바르츠_영혼	40745	0	0	0	3	3	9446	5	9061	4	40745	0	0	6085	0	5	0	0	0	0	0	0	0	0	0	0	0	0	0	0	0	100000000	100	1	6090	0	1	10001	10002	10003	10004	10006	20206	10007	0	0	0	
	245	초록빛의_쉬바르츠_영혼	40746	0	0	0	3	3	9446	5	9061	5	40746	0	0	6086	0	5	0	0	0	0	0	0	0	0	0	0	0	0	0	0	0	100000000	100	1	6091	0	1	10001	10002	10003	10004	10006	20206	10007	0	0	0	
//3-6 마야 아이템 제작 (251~260)			0																																															
	251	마야보석2레벨	45178	0	0	0	4	3	9446	6	45186	1	9070	1	45178	7245	0	5	0	0	0	0	0	0	0	0	0	0	0	0	0	0	0	17000 	80	1	7246	0	1	10001	10002	10003	10004	10006	20206	10007	0	0	0	
	252	마야보석3레벨	45179	0	0	0	4	3	9446	6	45186	1	9070	2	45179	7246	0	5	0	0	0	0	0	0	0	0	0	0	0	0	0	0	0	19000 	60	1	7247	0	1	10001	10002	10003	10004	10006	20206	10007	0	0	0	
	253	마야보석4레벨	45180	0	0	0	4	3	9446	6	45186	1	9070	3	45180	7247	0	5	0	0	0	0	0	0	0	0	0	0	0	0	0	0	0	21000 	50	1	7248	0	1	10001	10002	10003	10004	10006	20206	10007	0	0	0	
	254	마야금속2레벨	45182	0	0	0	4	3	9446	6	45186	2	45188	4	45182	7249	0	5	0	0	0	0	0	0	0	0	0	0	0	0	0	0	0	15000 	80	1	7250	0	1	10001	10002	10003	10004	10006	20206	10007	0	0	0	
	255	마야금속3레벨	45183	0	0	0	4	3	9446	6	45186	2	45188	5	45183	7250	0	5	0	0	0	0	0	0	0	0	0	0	0	0	0	0	0	17000 	60	1	7251	0	1	10001	10002	10003	10004	10006	20206	10007	0	0	0	
	256	마야금속4레벨	45184	0	0	0	4	3	9446	6	45186	2	45188	6	45184	7251	0	5	0	0	0	0	0	0	0	0	0	0	0	0	0	0	0	19000 	50	1	7252	0	1	10001	10002	10003	10004	10006	20206	10007	0	0	0	
//4. 특수 아이템 (301 ~ 350)																													0			0						0												
//4-1 AC아이템 제작 (301~310)																																																		
	301	로슈엘의나침반	90157	0	0	0	3	4	9445	1	9458	1	90157	0	0	40298	0	1	40299	0	1	40300	0	1	40301	0	1	40302	0	1	40303	0	1	0	100	1	40304	0	1	10001	10002	10003	10004	10006	20206	10007	0	0	0	
//4-2 열쇠 제작 (311~320)																																																		
	311	대지의열쇠	45139	0	0	0	3	4	9445	2	9466	1	45139	0	0	6639	0	1	0	0	0	0	0	0	0	0	0	0	0	0	0	0	0	0 	100	1	6643	0	1	10001	10002	10003	10004	10006	20206	10007	0	0	0	
	312	물의열쇠	45140	0	0	0	3	4	9445	2	9466	2	45140	0	0	6640	0	1	0	0	0	0	0	0	0	0	0	0	0	0	0	0	0	0 	100	1	6644	0	1	10001	10002	10003	10004	10006	20206	10007	0	0	0	
	313	불의열쇠	45141	0	0	0	3	4	9445	2	9466	3	45141	0	0	6641	0	1	0	0	0	0	0	0	0	0	0	0	0	0	0	0	0	500000 	100	1	6645	0	1	10001	10002	10003	10004	10006	20206	10007	0	0	0	
	314	바람의열쇠	45142	0	0	0	3	4	9445	2	9466	4	45142	0	0	6642	0	1	0	0	0	0	0	0	0	0	0	0	0	0	0	0	0	1000000 	100	1	6646	0	1	10001	10002	10003	10004	10006	20206	10007	0	0	0	
	315	어둠의열쇠	45230	0	0	0	3	4	9445	2	9466	5	45230	0	0	7113	0	1	0	0	0	0	0	0	0	0	0	0	0	0	0	0	0	5000000 	100	1	6699	0	1	10001	10002	10003	10004	10006	20206	10007	0	0	0	
	316	빛의열쇠	155640	0	0	0	3	4	9445	2	9466	6	155640	0	0	7000	0	5	6611	0	100	6602	0	100	6608	0	100	6594	0	100	6582	0	100	10000000 	100	1	6856	0	1	10001	10002	10003	10004	10006	20206	10007	0	0	0	
	317	봉인해제의서	48010	0	0	0	3	4	9445	2	9466	7	48010	0	0	5284	0	7	0	0	0	0	0	0	0	0	0	0	0	0	0	0	0	10000000 	100	1	5285	0	1	10001	10002	10003	10004	10006	20206	10007	0	0	0	
	318	반쪽짜리_봉인해제의서	48014	0	0	0	3	4	9445	2	9466	8	48014	0	0	5284	0	4	0	0	0	0	0	0	0	0	0	0	0	0	0	0	0	5000000 	100	1	5291	0	1	10001	10002	10003	10004	10006	20206	10007	0	0	0	
//4-3 에테르방출장치/탄환제작 (321~330)																																																		
	321	에테르방출장치	47175	0	0	0	3	4	9445	3	9151	1	47175	0	0	4965	0	1	4952	0	3	0	0	0	0	0	0	0	0	0	0	0	0	1500000 	100	1	7265	0	1	10001	10002	10003	10004	10006	20206	10007	0	0	0	
	322	안정화된에테르탄환(Lv1)_5개	47825	0	0	0	3	4	9445	3	9151	2	47825	0	0	6582	0	5	6608	0	5	6611	0	5	6594	0	5	6602	0	5	0	0	0	50000 	100	1	7550	0	5	10001	10002	10003	10004	10006	20206	10007	0	0	0	
	323	안정화된에테르탄환(Lv2)_5개	48827	0	0	0	3	4	9445	3	9151	3	48827	0	0	6582	0	15	6608	0	15	6611	0	15	6594	0	15	6602	0	15	0	0	0	150000 	100	1	7551	0	5	10001	10002	10003	10004	10006	20206	10007	0	0	0	
	324	안정화된마야탄환_10개	48829	0	0	0	3	4	9445	3	9151	4	48829	0	0	7247	0	5	7251	0	3	0	0	0	0	0	0	0	0	0	0	0	0	0 	100	1	7552	0	10	10001	10002	10003	10004	10006	20206	10007	0	0	0	
	325	안정화된마야탄환_100개	48829	0	0	0	3	4	9445	3	9151	5	48829	0	0	7247	0	45	7251	0	27	0	0	0	0	0	0	0	0	0	0	0	0	0 	100	1	7552	0	100	10001	10002	10003	10004	10006	20206	10007	0	0	0	
//4-4 기타소모품 (331~340)																																																		
	331	복수의돌	47044	0	0	0	3	4	9445	4	9053	1	47044	0	0	6600	0	1	6592	0	1	0	0	0	0	0	0	0	0	0	0	0	0	1000000 	100	1	7243	0	1	10001	10002	10003	10004	10006	20206	10007	0	0	0	
	332	횃불아이템	47254	0	0	0	3	4	9445	4	9053	2	47254	0	0	6543	0	3	6874	0	3	0	0	0	0	0	0	0	0	0	0	0	0	300000 	100	1	7274	0	1	10001	10002	10003	10004	10006	20206	10007	0	0	0	
	333	폭탄아이템	47255	0	0	0	3	4	9445	4	9053	3	47255	0	0	6614	0	3	6874	0	3	0	0	0	0	0	0	0	0	0	0	0	0	300000 	100	1	7275	0	1	10001	10002	10003	10004	10006	20206	10007	0	0	0	
//5. 각성/진화 재료 아이템 (351 ~ 400)																													0			0						0												
//5-1 헤파이스토스의 각성무기 (10101~10200)																																																		
	10101	[E1]헤파이스토스의무기_9각성	43812	0	0	0	3	5	10711	1	43700	1	43812	0	0	6060	0	110	0	0	0	0	0	0	0	0	0	0	0	0	0	0	0	1000000 	100	1	4501	0	1	10001	10002	10003	10004	10006	20206	10007	0	0	0	
//5-2 헤파이스토스의 각성방어구 (10201~10300)																																																		
	10201	[E1]헤파이스토스의갑옷_9각성	43813	0	0	0	4	5	10711	2	43701	1	43675	1	43813	6056	0	110	0	0	0	0	0	0	0	0	0	0	0	0	0	0	0	1000000 	100	1	4502	0	1	10001	10002	10003	10004	10006	20206	10007	0	0	0	
	10202	[E1]헤파이스토스의프로텍터_9각성	43814	0	0	0	4	5	10711	2	43701	1	43675	2	43814	6056	0	30	0	0	0	0	0	0	0	0	0	0	0	0	0	0	0	1000000 	100	1	4503	0	1	10001	10002	10003	10004	10006	20206	10007	0	0	0	
	10203	[E1]헤파이스토스의헬멧_9각성	43815	0	0	0	4	5	10711	2	43701	1	43675	3	43815	6056	0	70	0	0	0	0	0	0	0	0	0	0	0	0	0	0	0	1000000 	100	1	4504	0	1	10001	10002	10003	10004	10006	20206	10007	0	0	0	
	10204	[E1]헤파이스토스의바지_9각성	43816	0	0	0	4	5	10711	2	43701	1	43675	4	43816	6056	0	90	0	0	0	0	0	0	0	0	0	0	0	0	0	0	0	1000000 	100	1	4505	0	1	10001	10002	10003	10004	10006	20206	10007	0	0	0	
	10205	[E1]헤파이스토스의부츠_9각성	43817	0	0	0	4	5	10711	2	43701	1	43675	5	43817	6056	0	50	0	0	0	0	0	0	0	0	0	0	0	0	0	0	0	1000000 	100	1	4506	0	1	10001	10002	10003	10004	10006	20206	10007	0	0	0	
	10206	[E1]헤파이스토스의장갑_9각성	43818	0	0	0	4	5	10711	2	43701	1	43675	6	43818	6056	0	50	0	0	0	0	0	0	0	0	0	0	0	0	0	0	0	1000000 	100	1	4507	0	1	10001	10002	10003	10004	10006	20206	10007	0	0	0	
	10207	[E1]헤파이스토스의벨트_9각성	43819	0	0	0	4	5	10711	2	43701	1	43675	7	43819	6056	0	20	0	0	0	0	0	0	0	0	0	0	0	0	0	0	0	1000000 	100	1	4508	0	1	10001	10002	10003	10004	10006	20206	10007	0	0	0	
	10208	[E1]헤파이스토스의셔츠_9각성	43820	0	0	0	4	5	10711	2	43701	1	43675	8	43820	6056	0	10	0	0	0	0	0	0	0	0	0	0	0	0	0	0	0	1000000 	100	1	4509	0	1	10001	10002	10003	10004	10006	20206	10007	0	0	0	
	10209	[E1.5]헤파이스토스의갑옷_9각성	43821	0	0	0	4	5	10711	2	43701	2	43676	1	43821	6056	0	220	0	0	0	0	0	0	0	0	0	0	0	0	0	0	0	1500000 	100	1	4510	0	1	10001	10002	10003	10004	10006	20206	10007	0	0	0	
	10210	[E1.5]헤파이스토스의프로텍터_9각성	43822	0	0	0	4	5	10711	2	43701	2	43676	2	43822	6056	0	60	0	0	0	0	0	0	0	0	0	0	0	0	0	0	0	1500000 	100	1	4511	0	1	10001	10002	10003	10004	10006	20206	10007	0	0	0	
	10211	[E1.5]헤파이스토스의헬멧_9각성	43823	0	0	0	4	5	10711	2	43701	2	43676	3	43823	6056	0	140	0	0	0	0	0	0	0	0	0	0	0	0	0	0	0	1500000 	100	1	4512	0	1	10001	10002	10003	10004	10006	20206	10007	0	0	0	
	10212	[E1.5]헤파이스토스의바지_9각성	43824	0	0	0	4	5	10711	2	43701	2	43676	4	43824	6056	0	180	0	0	0	0	0	0	0	0	0	0	0	0	0	0	0	1500000 	100	1	4513	0	1	10001	10002	10003	10004	10006	20206	10007	0	0	0	
	10213	[E1.5]헤파이스토스의부츠_9각성	43825	0	0	0	4	5	10711	2	43701	2	43676	5	43825	6056	0	100	0	0	0	0	0	0	0	0	0	0	0	0	0	0	0	1500000 	100	1	4514	0	1	10001	10002	10003	10004	10006	20206	10007	0	0	0	
	10214	[E1.5]헤파이스토스의장갑_9각성	43826	0	0	0	4	5	10711	2	43701	2	43676	6	43826	6056	0	100	0	0	0	0	0	0	0	0	0	0	0	0	0	0	0	1500000 	100	1	4515	0	1	10001	10002	10003	10004	10006	20206	10007	0	0	0	
	10215	[E1.5]헤파이스토스의벨트_9각성	43827	0	0	0	4	5	10711	2	43701	2	43676	7	43827	6056	0	40	0	0	0	0	0	0	0	0	0	0	0	0	0	0	0	1500000 	100	1	4516	0	1	10001	10002	10003	10004	10006	20206	10007	0	0	0	
	10216	[E1.5]헤파이스토스의셔츠_9각성	43828	0	0	0	4	5	10711	2	43701	2	43676	8	43828	6056	0	20	0	0	0	0	0	0	0	0	0	0	0	0	0	0	0	1500000 	100	1	4517	0	1	10001	10002	10003	10004	10006	20206	10007	0	0	0	
//5-3 각성첨가제 (351~360)																																																		
	351	포톤으로제작	43690	0	0	0	3	5	10711	3	10712	1	10713	0	0	4977	0	100	0	0	0	0	0	0	0	0	0	0	0	0	0	0	0	3000000 	100	1	4403	0	1	10001	10002	10003	10004	10006	20206	10007	0	0	0	
	352	패킹포톤으로제작	43690	0	0	0	3	5	10711	3	10712	2	10714	0	0	4978	0	50	0	0	0	0	0	0	0	0	0	0	0	0	0	0	0	3000000 	100	1	4403	0	1	10001	10002	10003	10004	10006	20206	10007	0	0	0	
	353	트랜스포톤으로제작	43690	0	0	0	3	5	10711	3	10712	3	9715	0	0	4979	0	5	0	0	0	0	0	0	0	0	0	0	0	0	0	0	0	3000000 	100	1	4403	0	1	10001	10002	10003	10004	10006	20206	10007	0	0	0	
	354	엑스트라포톤으로제작	40079	0	0	0	3	5	10711	3	10712	4	10715	0	0	4990	0	1	0	0	0	0	0	0	0	0	0	0	0	0	0	0	0	3000000 	100	1	4403	0	1	10001	10002	10003	10004	10006	20206	10007	0	0	0	
//5-4 진화첨가제 (361~370)																																																		
	361	[E1]진화첨가제_마야제작	43708	0	0	0	4	5	10711	4	43702	1	43708	1	10717	7246	0	5	7250	0	5	0	0	0	0	0	0	0	0	0	0	0	0	5000000 	100	1	4421	0	1	10001	10002	10003	10004	10006	20206	10007	0	0	0	
	362	[E1]진화첨가제_재료제작	43708	0	0	0	4	5	10711	4	43702	1	43708	2	10718	6056	0	30	0	0	0	0	0	0	0	0	0	0	0	0	0	0	0	5000000 	100	1	4421	0	1	10001	10002	10003	10004	10006	20206	10007	0	0	0	
	363	[E1.5]진화첨가제_마야제작	43709	0	0	0	4	5	10711	4	43702	2	43709	1	10717	7246	0	15	7250	0	15	0	0	0	0	0	0	0	0	0	0	0	0	10000000 	100	1	4422	0	1	10001	10002	10003	10004	10006	20206	10007	0	0	0	
	364	[E1.5]진화첨가제_재료제작	43709	0	0	0	4	5	10711	4	43702	2	43709	2	10718	6056	0	200	0	0	0	0	0	0	0	0	0	0	0	0	0	0	0	10000000 	100	1	4422	0	1	10001	10002	10003	10004	10006	20206	10007	0	0	0	
	365	[E2]진화첨가제_마야제작	43710	0	0	0	4	5	10711	4	43702	3	43710	1	10717	7247	0	10	7251	0	10	0	0	0	0	0	0	0	0	0	0	0	0	10000000 	100	1	4423	0	1	10001	10002	10003	10004	10006	20206	10007	0	0	0	
	366	[E2]진화첨가제_재료제작	43710	0	0	0	4	5	10711	4	43702	3	43710	2	10718	6066	0	30	0	0	0	0	0	0	0	0	0	0	0	0	0	0	0	10000000 	100	1	4423	0	1	10001	10002	10003	10004	10006	20206	10007	0	0	0	
	367	[E2.5]진화첨가제_마야제작	43711	0	0	0	4	5	10711	4	43702	4	43711	1	10717	7248	0	5	7252	0	5	0	0	0	0	0	0	0	0	0	0	0	0	20000000 	100	1	4424	0	1	10001	10002	10003	10004	10006	20206	10007	0	0	0	
	368	[E2.5]진화첨가제_루크의아티	43711	0	0	0	4	5	10711	4	43702	4	43711	2	10719	6066	0	200	6068	0	5	0	0	0	0	0	0	0	0	0	0	0	0	20000000 	100	1	4424	0	1	10001	10002	10003	10004	10006	20206	10007	0	0	0	
	369	[E2.5]진화첨가제_에이셔의아티	43711	0	0	0	4	5	10711	4	43702	4	43711	3	10720	6066	0	200	6071	0	5	0	0	0	0	0	0	0	0	0	0	0	0	20000000 	100	1	4424	0	1	10001	10002	10003	10004	10006	20206	10007	0	0	0	
	370	[E2.5]진화첨가제_로드아일의아티	43711	0	0	0	4	5	10711	4	43702	4	43711	4	10721	6066	0	200	6069	0	5	0	0	0	0	0	0	0	0	0	0	0	0	20000000 	100	1	4424	0	1	10001	10002	10003	10004	10006	20206	10007	0	0	0	
	371	[E2.5]진화첨가제_카린의아티	43711	0	0	0	4	5	10711	4	43702	4	43711	5	10722	6066	0	200	6072	0	5	0	0	0	0	0	0	0	0	0	0	0	0	20000000 	100	1	4424	0	1	10001	10002	10003	10004	10006	20206	10007	0	0	0	
	372	[E2.5]진화첨가제_헬론의아티	43711	0	0	0	4	5	10711	4	43702	4	43711	6	10723	6066	0	200	6070	0	5	0	0	0	0	0	0	0	0	0	0	0	0	20000000 	100	1	4424	0	1	10001	10002	10003	10004	10006	20206	10007	0	0	0	
	373	[E2.5]진화첨가제_미오의아티	43711	0	0	0	4	5	10711	4	43702	4	43711	7	10724	6066	0	200	6073	0	5	0	0	0	0	0	0	0	0	0	0	0	0	20000000 	100	1	4424	0	1	10001	10002	10003	10004	10006	20206	10007	0	0	0	
	374	[E2.5]진화첨가제_기밀문서	43711	0	0	0	4	5	10711	4	43702	4	43711	8	10725	6066	0	200	6076	0	5	0	0	0	0	0	0	0	0	0	0	0	0	20000000 	100	1	4424	0	1	10001	10002	10003	10004	10006	20206	10007	0	0	0	
	375	[E2.5]진화첨가제_사라드의아티	43711	0	0	0	4	5	10711	4	43702	4	43711	9	10726	6066	0	200	6095	0	5	0	0	0	0	0	0	0	0	0	0	0	0	20000000 	100	1	4424	0	1	10001	10002	10003	10004	10006	20206	10007	0	0	0	
	376	[E3]진화첨가제_마야제작	43712	0	0	0	4	5	10711	4	43702	5	43712	1	10717	7248	0	10	7252	0	10	0	0	0	0	0	0	0	0	0	0	0	0	20000000 	100	1	4425	0	1	10001	10002	10003	10004	10006	20206	10007	0	0	0	
	377	[E3]진화첨가제_루크의아티	43712	0	0	0	4	5	10711	4	43702	5	43712	2	10719	6105	0	30	6068	0	5	0	0	0	0	0	0	0	0	0	0	0	0	20000000 	100	1	4425	0	1	10001	10002	10003	10004	10006	20206	10007	0	0	0	
	378	[E3]진화첨가제_에이셔의아티	43712	0	0	0	4	5	10711	4	43702	5	43712	3	10720	6105	0	30	6071	0	5	0	0	0	0	0	0	0	0	0	0	0	0	20000000 	100	1	4425	0	1	10001	10002	10003	10004	10006	20206	10007	0	0	0	
	379	[E3]진화첨가제_로드아일의아티	43712	0	0	0	4	5	10711	4	43702	5	43712	4	10721	6105	0	30	6069	0	5	0	0	0	0	0	0	0	0	0	0	0	0	20000000 	100	1	4425	0	1	10001	10002	10003	10004	10006	20206	10007	0	0	0	
	380	[E3]진화첨가제_카린의아티	43712	0	0	0	4	5	10711	4	43702	5	43712	5	10722	6105	0	30	6072	0	5	0	0	0	0	0	0	0	0	0	0	0	0	20000000 	100	1	4425	0	1	10001	10002	10003	10004	10006	20206	10007	0	0	0	
	381	[E3]진화첨가제_헬론의아티	43712	0	0	0	4	5	10711	4	43702	5	43712	6	10723	6105	0	30	6070	0	5	0	0	0	0	0	0	0	0	0	0	0	0	20000000 	100	1	4425	0	1	10001	10002	10003	10004	10006	20206	10007	0	0	0	
	382	[E3]진화첨가제_미오의아티	43712	0	0	0	4	5	10711	4	43702	5	43712	7	10724	6105	0	30	6073	0	5	0	0	0	0	0	0	0	0	0	0	0	0	20000000 	100	1	4425	0	1	10001	10002	10003	10004	10006	20206	10007	0	0	0	
	383	[E3]진화첨가제_기밀문서	43712	0	0	0	4	5	10711	4	43702	5	43712	8	10725	6105	0	30	6076	0	5	0	0	0	0	0	0	0	0	0	0	0	0	20000000 	100	1	4425	0	1	10001	10002	10003	10004	10006	20206	10007	0	0	0	
	384	[E3]진화첨가제_사라드의아티	43712	0	0	0	4	5	10711	4	43702	5	43712	9	10726	6105	0	30	6095	0	5	0	0	0	0	0	0	0	0	0	0	0	0	20000000 	100	1	4425	0	1	10001	10002	10003	10004	10006	20206	10007	0	0	0	
	385	[E3.5]진화첨가제_루크의아티	43713	0	0	0	4	5	10711	4	43702	6	43713	1	10727	6105	0	100	6097	0	5	0	0	0	0	0	0	0	0	0	0	0	0	30000000 	100	1	4426	0	1	10001	10002	10003	10004	10006	20206	10007	0	0	0	
	386	[E3.5]진화첨가제_에이셔의아티	43713	0	0	0	4	5	10711	4	43702	6	43713	2	10728	6105	0	100	6100	0	5	0	0	0	0	0	0	0	0	0	0	0	0	30000000 	100	1	4426	0	1	10001	10002	10003	10004	10006	20206	10007	0	0	0	
	387	[E3.5]진화첨가제_로드아일의아티	43713	0	0	0	4	5	10711	4	43702	6	43713	3	10729	6105	0	100	6098	0	5	0	0	0	0	0	0	0	0	0	0	0	0	30000000 	100	1	4426	0	1	10001	10002	10003	10004	10006	20206	10007	0	0	0	
	388	[E3.5]진화첨가제_카린의아티	43713	0	0	0	4	5	10711	4	43702	6	43713	4	10730	6105	0	100	6101	0	5	0	0	0	0	0	0	0	0	0	0	0	0	30000000 	100	1	4426	0	1	10001	10002	10003	10004	10006	20206	10007	0	0	0	
	389	[E3.5]진화첨가제_헬론의아티	43713	0	0	0	4	5	10711	4	43702	6	43713	5	10731	6105	0	100	6099	0	5	0	0	0	0	0	0	0	0	0	0	0	0	30000000 	100	1	4426	0	1	10001	10002	10003	10004	10006	20206	10007	0	0	0	
	390	[E3.5]진화첨가제_미오의아티	43713	0	0	0	4	5	10711	4	43702	6	43713	6	10732	6105	0	100	6102	0	5	0	0	0	0	0	0	0	0	0	0	0	0	30000000 	100	1	4426	0	1	10001	10002	10003	10004	10006	20206	10007	0	0	0	
	391	[E3.5]진화첨가제_기밀문서	43713	0	0	0	4	5	10711	4	43702	6	43713	7	10733	6105	0	100	6103	0	5	0	0	0	0	0	0	0	0	0	0	0	0	30000000 	100	1	4426	0	1	10001	10002	10003	10004	10006	20206	10007	0	0	0	
	392	[E3.5]진화첨가제_사라드의아티	43713	0	0	0	4	5	10711	4	43702	6	43713	8	10734	6105	0	100	6104	0	5	0	0	0	0	0	0	0	0	0	0	0	0	30000000 	100	1	4426	0	1	10001	10002	10003	10004	10006	20206	10007	0	0	0	
	393	[W1]진화첨가제_마야제작	43703	0	0	0	4	5	10711	4	43702	31	43703	1	10717	7246	0	15	7250	0	15	0	0	0	0	0	0	0	0	0	0	0	0	5000000 	100	1	4416	0	1	10001	10002	10003	10004	10006	20206	10007	0	0	0	
	394	[W1]진화첨가제_재료제작	43703	0	0	0	4	5	10711	4	43702	31	43703	2	10718	6056	0	200	0	0	0	0	0	0	0	0	0	0	0	0	0	0	0	5000000 	100	1	4416	0	1	10001	10002	10003	10004	10006	20206	10007	0	0	0	
//11. 액세서리 아이템 (401 ~ 500)																																																		
//11-1 퀘스트 액세서리 제작 (401~410)																																																		
	401	야수의목걸이_야수증표조합아이템	302110	0	0	821	3	11	9054	1	9558	1	302110	0	0	40392	0	1	40393	0	1	40394	0	1	40395	0	1	0	0	0	0	0	0	10000 	100	1	40415	0	1	10001	10002	10003	10004	10006	20206	10007	0	0	0	
	402	수로의반지_수로증표조합아이템	302111	0	0	811	3	11	9054	1	9558	2	302111	0	0	40396	0	1	40397	0	1	40398	0	1	40399	0	1	0	0	0	0	0	0	50000 	100	1	40416	0	1	10001	10002	10003	10004	10006	20206	10007	0	0	0	
	403	설원의목걸이_설원증표조합아이템	302112	0	0	821	3	11	9054	1	9558	3	302112	0	0	40400	0	1	40401	0	1	40402	0	1	40403	0	1	0	0	0	0	0	0	90000 	100	1	40417	0	1	10001	10002	10003	10004	10006	20206	10007	0	0	0	
	404	용족의반지_용족증표조합아이템	302113	0	0	811	3	11	9054	1	9558	4	302113	0	0	40404	0	1	40405	0	1	40406	0	1	40407	0	1	0	0	0	0	0	0	130000 	100	1	40418	0	1	10001	10002	10003	10004	10006	20206	10007	0	0	0	
	405	악령의목걸이_묘지증표조합아이템	302114	0	0	821	3	11	9054	1	9558	5	302114	0	0	40408	0	1	40409	0	1	40410	0	1	40411	0	1	40412	0	1	0	0	0	170000 	100	1	40419	0	1	10001	10002	10003	10004	10006	20206	10007	0	0	0	
	406	행운의반지_반지_목걸이조합아이템	302119	0	0	811	3	11	9054	1	9558	6	302119	0	0	40415	0	1	40416	0	1	40417	0	1	40418	0	1	40419	0	1	0	0	0	1500000 	100	1	40424	0	1	10001	10002	10003	10004	10006	20206	10007	0	0	0	
	407	아스테리아의보물상자	302352	0	0	821	3	11	9054	1	9558	7	302352	0	0	40972	0	1	40973	0	1	40974	0	1	40975	0	1	0	0	0	0	0	0	2000000 	100	1	41004	0	1	10001	10002	10003	10004	10006	20206	10007	0	0	0	
//11-2 저주받은탑 액세서리 제작 (411~420)																																																		
	411	저주받은탑_사제의반지	302180	0	0	811	3	11	9054	2	9559	1	302180	0	0	40564	0	1	40565	0	1	40566	0	1	40567	0	1	40568	0	1	0	0	0	20000000 	16	1	40574	0	1	10001	10002	10003	10004	10006	20206	10007	0	0	0	
	412	저주받은탑_정복자의반지	302181	0	0	811	3	11	9054	2	9559	2	302181	0	0	40564	0	1	40565	0	1	40566	0	1	40567	0	1	40568	0	1	0	0	0	20000000 	16	1	40575	0	1	10001	10002	10003	10004	10006	20206	10007	0	0	0	
//11-3 AC 액세서리 제작 (421~430)																																																		
	421	이그니스의반지	42138	0	0	811	3	11	9054	3	9560	1	42138	0	0	3001	0	1	3002	0	1	3003	0	1	3029	0	1	3034	0	1	0	0	0	50000000 	100	1	3123	0	1	10001	10002	10003	10004	10006	20206	10007	0	0	0	
	422	이그니스의목걸이	42139	0	0	821	3	11	9054	3	9560	2	42139	0	0	3021	0	1	3022	0	1	3023	0	1	3030	0	1	3035	0	1	0	0	0	50000000 	100	1	3124	0	1	10001	10002	10003	10004	10006	20206	10007	0	0	0	
//12. 특수 액세서리(501 ~ 540)																																																		
//12-1 칼버스의 특수 액세서리 (501~600)																																																		
	501	기간트암_버_불	40471	0	0	881	4	12	9442	1	40453	1	10074	1	40471	4965	0	5	4952	0	15	6030	0	1	0	0	0	0	0	0	0	0	0	5000000 	30	1	3036	0	1	10001	10002	10003	10004	10006	20206	10007	0	0	0	
	502	기간트암_버_물	40472	0	0	881	4	12	9442	1	40453	1	10074	2	40472	4965	0	5	4952	0	15	6030	0	1	0	0	0	0	0	0	0	0	0	5000000 	30	1	3037	0	1	10001	10002	10003	10004	10006	20206	10007	0	0	0	
	503	기간트암_버_바람	40473	0	0	881	4	12	9442	1	40453	1	10074	3	40473	4965	0	5	4952	0	15	6030	0	1	0	0	0	0	0	0	0	0	0	5000000 	30	1	3038	0	1	10001	10002	10003	10004	10006	20206	10007	0	0	0	
	504	기간트암_버_대지	40474	0	0	881	4	12	9442	1	40453	1	10074	4	40474	4965	0	5	4952	0	15	6030	0	1	0	0	0	0	0	0	0	0	0	5000000 	30	1	3039	0	1	10001	10002	10003	10004	10006	20206	10007	0	0	0	
	505	기간트암_버_암흑	40475	0	0	881	4	12	9442	1	40453	1	10074	5	40475	4965	0	5	4952	0	15	6030	0	1	0	0	0	0	0	0	0	0	0	5000000 	30	1	3040	0	1	10001	10002	10003	10004	10006	20206	10007	0	0	0	
	506	드라곤닉크로우_드_불	40481	0	0	882	4	12	9442	1	40453	2	10075	1	40481	4965	0	5	4952	0	15	6030	0	1	0	0	0	0	0	0	0	0	0	5000000 	30	1	3041	0	1	10001	10002	10003	10004	10006	20206	10007	0	0	0	
	507	드라곤닉크로우_드_물	40482	0	0	882	4	12	9442	1	40453	2	10075	2	40482	4965	0	5	4952	0	15	6030	0	1	0	0	0	0	0	0	0	0	0	5000000 	30	1	3042	0	1	10001	10002	10003	10004	10006	20206	10007	0	0	0	
	508	드라곤닉크로우_드_바람	40483	0	0	882	4	12	9442	1	40453	2	10075	3	40483	4965	0	5	4952	0	15	6030	0	1	0	0	0	0	0	0	0	0	0	5000000 	30	1	3043	0	1	10001	10002	10003	10004	10006	20206	10007	0	0	0	
	509	드라곤닉크로우_드_대지	40484	0	0	882	4	12	9442	1	40453	2	10075	4	40484	4965	0	5	4952	0	15	6030	0	1	0	0	0	0	0	0	0	0	0	5000000 	30	1	3044	0	1	10001	10002	10003	10004	10006	20206	10007	0	0	0	
	510	드라곤닉크로우_드_암흑	40485	0	0	882	4	12	9442	1	40453	2	10075	5	40485	4965	0	5	4952	0	15	6030	0	1	0	0	0	0	0	0	0	0	0	5000000 	30	1	3045	0	1	10001	10002	10003	10004	10006	20206	10007	0	0	0	
	511	헬론크래셔_발_불	40491	0	0	883	4	12	9442	1	40453	3	10076	1	40491	4965	0	5	4952	0	15	6030	0	1	0	0	0	0	0	0	0	0	0	5000000 	30	1	3046	0	1	10001	10002	10003	10004	10006	20206	10007	0	0	0	
	512	헬론크래셔_발_물	40492	0	0	883	4	12	9442	1	40453	3	10076	2	40492	4965	0	5	4952	0	15	6030	0	1	0	0	0	0	0	0	0	0	0	5000000 	30	1	3047	0	1	10001	10002	10003	10004	10006	20206	10007	0	0	0	
	513	헬론크래셔_발_바람	40493	0	0	883	4	12	9442	1	40453	3	10076	3	40493	4965	0	5	4952	0	15	6030	0	1	0	0	0	0	0	0	0	0	0	5000000 	30	1	3048	0	1	10001	10002	10003	10004	10006	20206	10007	0	0	0	
	514	헬론크래셔_발_대지	40494	0	0	883	4	12	9442	1	40453	3	10076	4	40494	4965	0	5	4952	0	15	6030	0	1	0	0	0	0	0	0	0	0	0	5000000 	30	1	3049	0	1	10001	10002	10003	10004	10006	20206	10007	0	0	0	
	515	헬론크래셔_발_암흑	40495	0	0	883	4	12	9442	1	40453	3	10076	5	40495	4965	0	5	4952	0	15	6030	0	1	0	0	0	0	0	0	0	0	0	5000000 	30	1	3050	0	1	10001	10002	10003	10004	10006	20206	10007	0	0	0	
	516	파멸의엠페러_엘_불	40501	0	0	884	4	12	9442	1	40453	4	10077	1	40501	4965	0	5	4952	0	15	6030	0	1	0	0	0	0	0	0	0	0	0	5000000 	30	1	3051	0	1	10001	10002	10003	10004	10006	20206	10007	0	0	0	
	517	파멸의엠페러_엘_물	40502	0	0	884	4	12	9442	1	40453	4	10077	2	40502	4965	0	5	4952	0	15	6030	0	1	0	0	0	0	0	0	0	0	0	5000000 	30	1	3052	0	1	10001	10002	10003	10004	10006	20206	10007	0	0	0	
	518	파멸의엠페러_엘_바람	40503	0	0	884	4	12	9442	1	40453	4	10077	3	40503	4965	0	5	4952	0	15	6030	0	1	0	0	0	0	0	0	0	0	0	5000000 	30	1	3053	0	1	10001	10002	10003	10004	10006	20206	10007	0	0	0	
	519	파멸의엠페러_엘_대지	40504	0	0	884	4	12	9442	1	40453	4	10077	4	40504	4965	0	5	4952	0	15	6030	0	1	0	0	0	0	0	0	0	0	0	5000000 	30	1	3054	0	1	10001	10002	10003	10004	10006	20206	10007	0	0	0	
	520	파멸의엠페러_엘_암흑	40505	0	0	884	4	12	9442	1	40453	4	10077	5	40505	4965	0	5	4952	0	15	6030	0	1	0	0	0	0	0	0	0	0	0	5000000 	30	1	3055	0	1	10001	10002	10003	10004	10006	20206	10007	0	0	0	
	521	팬텀실루엣_섀_불	40533	0	0	888	4	12	9442	1	40453	5	10078	1	40533	4965	0	5	4952	0	15	6030	0	1	0	0	0	0	0	0	0	0	0	5000000 	30	1	3081	0	1	10001	10002	10003	10004	10006	20206	10007	0	0	0	
	522	팬텀실루엣_섀_물	40534	0	0	888	4	12	9442	1	40453	5	10078	2	40534	4965	0	5	4952	0	15	6030	0	1	0	0	0	0	0	0	0	0	0	5000000 	30	1	3082	0	1	10001	10002	10003	10004	10006	20206	10007	0	0	0	
	523	팬텀실루엣_섀_바람	40535	0	0	888	4	12	9442	1	40453	5	10078	3	40535	4965	0	5	4952	0	15	6030	0	1	0	0	0	0	0	0	0	0	0	5000000 	30	1	3083	0	1	10001	10002	10003	10004	10006	20206	10007	0	0	0	
	524	팬텀실루엣_섀_대지	40536	0	0	888	4	12	9442	1	40453	5	10078	4	40536	4965	0	5	4952	0	15	6030	0	1	0	0	0	0	0	0	0	0	0	5000000 	30	1	3084	0	1	10001	10002	10003	10004	10006	20206	10007	0	0	0	
	525	팬텀실루엣_섀_암흑	40537	0	0	888	4	12	9442	1	40453	5	10078	5	40537	4965	0	5	4952	0	15	6030	0	1	0	0	0	0	0	0	0	0	0	5000000 	30	1	3085	0	1	10001	10002	10003	10004	10006	20206	10007	0	0	0	
	526	크림슨트리거_미_불	40633	0	0	892	4	12	9442	1	40453	6	10002	1	40633	4965	0	5	4952	0	15	6030	0	1	0	0	0	0	0	0	0	0	0	5000000 	30	1	3199	0	1	10001	10002	10003	10004	10006	20206	10007	0	0	0	
	527	크림슨트리거_미_물	40634	0	0	892	4	12	9442	1	40453	6	10002	2	40634	4965	0	5	4952	0	15	6030	0	1	0	0	0	0	0	0	0	0	0	5000000 	30	1	3227	0	1	10001	10002	10003	10004	10006	20206	10007	0	0	0	
	528	크림슨트리거_미_바람	40635	0	0	892	4	12	9442	1	40453	6	10002	3	40635	4965	0	5	4952	0	15	6030	0	1	0	0	0	0	0	0	0	0	0	5000000 	30	1	3228	0	1	10001	10002	10003	10004	10006	20206	10007	0	0	0	
	529	크림슨트리거_미_대지	40636	0	0	892	4	12	9442	1	40453	6	10002	4	40636	4965	0	5	4952	0	15	6030	0	1	0	0	0	0	0	0	0	0	0	5000000 	30	1	3229	0	1	10001	10002	10003	10004	10006	20206	10007	0	0	0	
	530	크림슨트리거_미_암흑	40637	0	0	892	4	12	9442	1	40453	6	10002	5	40637	4965	0	5	4952	0	15	6030	0	1	0	0	0	0	0	0	0	0	0	5000000 	30	1	3230	0	1	10001	10002	10003	10004	10006	20206	10007	0	0	0	
	531	솔리드암_헬_불	41567	0	0	902	4	12	9442	1	40453	7	10006	1	41567	4965	0	5	4952	0	15	6030	0	1	0	0	0	0	0	0	0	0	0	5000000 	30	1	3297	0	1	10001	10002	10003	10004	10006	20206	10007	0	0	0	
	532	솔리드암_헬_물	41568	0	0	902	4	12	9442	1	40453	7	10006	2	41568	4965	0	5	4952	0	15	6030	0	1	0	0	0	0	0	0	0	0	0	5000000 	30	1	3298	0	1	10001	10002	10003	10004	10006	20206	10007	0	0	0	
	533	솔리드암_헬_바람	41569	0	0	902	4	12	9442	1	40453	7	10006	3	41569	4965	0	5	4952	0	15	6030	0	1	0	0	0	0	0	0	0	0	0	5000000 	30	1	3299	0	1	10001	10002	10003	10004	10006	20206	10007	0	0	0	
	534	솔리드암_헬_대지	41570	0	0	902	4	12	9442	1	40453	7	10006	4	41570	4965	0	5	4952	0	15	6030	0	1	0	0	0	0	0	0	0	0	0	5000000 	30	1	3300	0	1	10001	10002	10003	10004	10006	20206	10007	0	0	0	
	535	솔리드암_헬_암흑	41571	0	0	902	4	12	9442	1	40453	7	10006	5	41571	4965	0	5	4952	0	15	6030	0	1	0	0	0	0	0	0	0	0	0	5000000 	30	1	3469	0	1	10001	10002	10003	10004	10006	20206	10007	0	0	0	
	536	프로스트네일_위_불	41582	0	0	902	4	12	9442	1	40453	8	10008	1	41582	4965	0	5	4952	0	15	6030	0	1	0	0	0	0	0	0	0	0	0	5000000 	30	1	3310	0	1	10001	10002	10003	10004	10006	20206	10007	0	0	0	
	537	프로스트네일_위_물	41583	0	0	902	4	12	9442	1	40453	8	10008	2	41583	4965	0	5	4952	0	15	6030	0	1	0	0	0	0	0	0	0	0	0	5000000 	30	1	3311	0	1	10001	10002	10003	10004	10006	20206	10007	0	0	0	
	538	프로스트네일_위_바람	41584	0	0	902	4	12	9442	1	40453	8	10008	3	41584	4965	0	5	4952	0	15	6030	0	1	0	0	0	0	0	0	0	0	0	5000000 	30	1	3312	0	1	10001	10002	10003	10004	10006	20206	10007	0	0	0	
	539	프로스트네일_위_대지	41585	0	0	902	4	12	9442	1	40453	8	10008	4	41585	4965	0	5	4952	0	15	6030	0	1	0	0	0	0	0	0	0	0	0	5000000 	30	1	3313	0	1	10001	10002	10003	10004	10006	20206	10007	0	0	0	
	540	프로스트네일_위_암흑	41586	0	0	902	4	12	9442	1	40453	8	10008	5	41586	4965	0	5	4952	0	15	6030	0	1	0	0	0	0	0	0	0	0	0	5000000 	30	1	3314	0	1	10001	10002	10003	10004	10006	20206	10007	0	0	0	
//12-2 칼버스의 특수 액세서리(마야) (601~700)																																																		
	601	기간트암_버_불_캐시	40471	0	0	881	4	12	9442	2	9141	1	10074	1	40471	7252	0	5	7248	0	3	6030	0	1	0	0	0	0	0	0	0	0	0	0 	100	1	3036	0	1	10001	10002	10003	10004	10006	20206	10007	0	0	0	
	602	기간트암_버_물_캐시	40472	0	0	881	4	12	9442	2	9141	1	10074	2	40472	7252	0	5	7248	0	3	6030	0	1	0	0	0	0	0	0	0	0	0	0 	100	1	3037	0	1	10001	10002	10003	10004	10006	20206	10007	0	0	0	
	603	기간트암_버_바람_캐시	40473	0	0	881	4	12	9442	2	9141	1	10074	3	40473	7252	0	5	7248	0	3	6030	0	1	0	0	0	0	0	0	0	0	0	0 	100	1	3038	0	1	10001	10002	10003	10004	10006	20206	10007	0	0	0	
	604	기간트암_버_대지_캐시	40474	0	0	881	4	12	9442	2	9141	1	10074	4	40474	7252	0	5	7248	0	3	6030	0	1	0	0	0	0	0	0	0	0	0	0 	100	1	3039	0	1	10001	10002	10003	10004	10006	20206	10007	0	0	0	
	605	기간트암_버_암흑_캐시	40475	0	0	881	4	12	9442	2	9141	1	10074	5	40475	7252	0	5	7248	0	3	6030	0	1	0	0	0	0	0	0	0	0	0	0 	100	1	3040	0	1	10001	10002	10003	10004	10006	20206	10007	0	0	0	
	606	드라곤닉크로우_드_불_캐시	40481	0	0	882	4	12	9442	2	9141	2	10075	1	40481	7252	0	5	7248	0	3	6030	0	1	0	0	0	0	0	0	0	0	0	0 	100	1	3041	0	1	10001	10002	10003	10004	10006	20206	10007	0	0	0	
	607	드라곤닉크로우_드_물_캐시	40482	0	0	882	4	12	9442	2	9141	2	10075	2	40482	7252	0	5	7248	0	3	6030	0	1	0	0	0	0	0	0	0	0	0	0 	100	1	3042	0	1	10001	10002	10003	10004	10006	20206	10007	0	0	0	
	608	드라곤닉크로우_드_바람_캐시	40483	0	0	882	4	12	9442	2	9141	2	10075	3	40483	7252	0	5	7248	0	3	6030	0	1	0	0	0	0	0	0	0	0	0	0 	100	1	3043	0	1	10001	10002	10003	10004	10006	20206	10007	0	0	0	
	609	드라곤닉크로우_드_대지_캐시	40484	0	0	882	4	12	9442	2	9141	2	10075	4	40484	7252	0	5	7248	0	3	6030	0	1	0	0	0	0	0	0	0	0	0	0 	100	1	3044	0	1	10001	10002	10003	10004	10006	20206	10007	0	0	0	
	610	드라곤닉크로우_드_암흑_캐시	40485	0	0	882	4	12	9442	2	9141	2	10075	5	40485	7252	0	5	7248	0	3	6030	0	1	0	0	0	0	0	0	0	0	0	0 	100	1	3045	0	1	10001	10002	10003	10004	10006	20206	10007	0	0	0	
	611	헬론크래셔_발_불_캐시	40491	0	0	883	4	12	9442	2	9141	3	10076	1	40491	7252	0	5	7248	0	3	6030	0	1	0	0	0	0	0	0	0	0	0	0 	100	1	3046	0	1	10001	10002	10003	10004	10006	20206	10007	0	0	0	
	612	헬론크래셔_발_물_캐시	40492	0	0	883	4	12	9442	2	9141	3	10076	2	40492	7252	0	5	7248	0	3	6030	0	1	0	0	0	0	0	0	0	0	0	0 	100	1	3047	0	1	10001	10002	10003	10004	10006	20206	10007	0	0	0	
	613	헬론크래셔_발_바람_캐시	40493	0	0	883	4	12	9442	2	9141	3	10076	3	40493	7252	0	5	7248	0	3	6030	0	1	0	0	0	0	0	0	0	0	0	0 	100	1	3048	0	1	10001	10002	10003	10004	10006	20206	10007	0	0	0	
	614	헬론크래셔_발_대지_캐시	40494	0	0	883	4	12	9442	2	9141	3	10076	4	40494	7252	0	5	7248	0	3	6030	0	1	0	0	0	0	0	0	0	0	0	0 	100	1	3049	0	1	10001	10002	10003	10004	10006	20206	10007	0	0	0	
	615	헬론크래셔_발_암흑_캐시	40495	0	0	883	4	12	9442	2	9141	3	10076	5	40495	7252	0	5	7248	0	3	6030	0	1	0	0	0	0	0	0	0	0	0	0 	100	1	3050	0	1	10001	10002	10003	10004	10006	20206	10007	0	0	0	
	616	파멸의엠페러_엘_불_캐시	40501	0	0	884	4	12	9442	2	9141	4	10077	1	40501	7252	0	5	7248	0	3	6030	0	1	0	0	0	0	0	0	0	0	0	0 	100	1	3051	0	1	10001	10002	10003	10004	10006	20206	10007	0	0	0	
	617	파멸의엠페러_엘_물_캐시	40502	0	0	884	4	12	9442	2	9141	4	10077	2	40502	7252	0	5	7248	0	3	6030	0	1	0	0	0	0	0	0	0	0	0	0 	100	1	3052	0	1	10001	10002	10003	10004	10006	20206	10007	0	0	0	
	618	파멸의엠페러_엘_바람_캐시	40503	0	0	884	4	12	9442	2	9141	4	10077	3	40503	7252	0	5	7248	0	3	6030	0	1	0	0	0	0	0	0	0	0	0	0 	100	1	3053	0	1	10001	10002	10003	10004	10006	20206	10007	0	0	0	
	619	파멸의엠페러_엘_대지_캐시	40504	0	0	884	4	12	9442	2	9141	4	10077	4	40504	7252	0	5	7248	0	3	6030	0	1	0	0	0	0	0	0	0	0	0	0 	100	1	3054	0	1	10001	10002	10003	10004	10006	20206	10007	0	0	0	
	620	파멸의엠페러_엘_암흑_캐시	40505	0	0	884	4	12	9442	2	9141	4	10077	5	40505	7252	0	5	7248	0	3	6030	0	1	0	0	0	0	0	0	0	0	0	0 	100	1	3055	0	1	10001	10002	10003	10004	10006	20206	10007	0	0	0	
	621	팬텀실루엣_섀_불	40533	0	0	888	4	12	9442	2	9141	5	10078	1	40533	7252	0	5	7248	0	3	6030	0	1	0	0	0	0	0	0	0	0	0	0 	100	1	3081	0	1	10001	10002	10003	10004	10006	20206	10007	0	0	0	
	622	팬텀실루엣_섀_물	40534	0	0	888	4	12	9442	2	9141	5	10078	2	40534	7252	0	5	7248	0	3	6030	0	1	0	0	0	0	0	0	0	0	0	0 	100	1	3082	0	1	10001	10002	10003	10004	10006	20206	10007	0	0	0	
	623	팬텀실루엣_섀_바람	40535	0	0	888	4	12	9442	2	9141	5	10078	3	40535	7252	0	5	7248	0	3	6030	0	1	0	0	0	0	0	0	0	0	0	0 	100	1	3083	0	1	10001	10002	10003	10004	10006	20206	10007	0	0	0	
	624	팬텀실루엣_섀_대지	40536	0	0	888	4	12	9442	2	9141	5	10078	4	40536	7252	0	5	7248	0	3	6030	0	1	0	0	0	0	0	0	0	0	0	0 	100	1	3084	0	1	10001	10002	10003	10004	10006	20206	10007	0	0	0	
	625	팬텀실루엣_섀_암흑	40537	0	0	888	4	12	9442	2	9141	5	10078	5	40537	7252	0	5	7248	0	3	6030	0	1	0	0	0	0	0	0	0	0	0	0 	100	1	3085	0	1	10001	10002	10003	10004	10006	20206	10007	0	0	0	
	626	크림슨트리거_미_불	40633	0	0	892	4	12	9442	2	9141	6	10002	1	40633	7252	0	5	7248	0	3	6030	0	1	0	0	0	0	0	0	0	0	0	0 	100	1	3199	0	1	10001	10002	10003	10004	10006	20206	10007	0	0	0	
	627	크림슨트리거_미_물	40634	0	0	892	4	12	9442	2	9141	6	10002	2	40634	7252	0	5	7248	0	3	6030	0	1	0	0	0	0	0	0	0	0	0	0 	100	1	3227	0	1	10001	10002	10003	10004	10006	20206	10007	0	0	0	
	628	크림슨트리거_미_바람	40635	0	0	892	4	12	9442	2	9141	6	10002	3	40635	7252	0	5	7248	0	3	6030	0	1	0	0	0	0	0	0	0	0	0	0 	100	1	3228	0	1	10001	10002	10003	10004	10006	20206	10007	0	0	0	
	629	크림슨트리거_미_대지	40636	0	0	892	4	12	9442	2	9141	6	10002	4	40636	7252	0	5	7248	0	3	6030	0	1	0	0	0	0	0	0	0	0	0	0 	100	1	3229	0	1	10001	10002	10003	10004	10006	20206	10007	0	0	0	
	630	크림슨트리거_미_암흑	40637	0	0	892	4	12	9442	2	9141	6	10002	5	40637	7252	0	5	7248	0	3	6030	0	1	0	0	0	0	0	0	0	0	0	0 	100	1	3230	0	1	10001	10002	10003	10004	10006	20206	10007	0	0	0	
	631	솔리드암_헬_불	41567	0	0	902	4	12	9442	2	9141	7	10006	1	41567	7252	0	5	7248	0	3	6030	0	1	0	0	0	0	0	0	0	0	0	0 	100	1	3297	0	1	10001	10002	10003	10004	10006	20206	10007	0	0	0	
	632	솔리드암_헬_물	41568	0	0	902	4	12	9442	2	9141	7	10006	2	41568	7252	0	5	7248	0	3	6030	0	1	0	0	0	0	0	0	0	0	0	0 	100	1	3298	0	1	10001	10002	10003	10004	10006	20206	10007	0	0	0	
	633	솔리드암_헬_바람	41569	0	0	902	4	12	9442	2	9141	7	10006	3	41569	7252	0	5	7248	0	3	6030	0	1	0	0	0	0	0	0	0	0	0	0 	100	1	3299	0	1	10001	10002	10003	10004	10006	20206	10007	0	0	0	
	634	솔리드암_헬_대지	41570	0	0	902	4	12	9442	2	9141	7	10006	4	41570	7252	0	5	7248	0	3	6030	0	1	0	0	0	0	0	0	0	0	0	0 	100	1	3300	0	1	10001	10002	10003	10004	10006	20206	10007	0	0	0	
	635	솔리드암_헬_암흑	41571	0	0	902	4	12	9442	2	9141	7	10006	5	41571	7252	0	5	7248	0	3	6030	0	1	0	0	0	0	0	0	0	0	0	0 	100	1	3469	0	1	10001	10002	10003	10004	10006	20206	10007	0	0	0	
	636	프로스트네일_위_불	41582	0	0	902	4	12	9442	2	9141	8	10008	1	41582	7252	0	5	7248	0	3	6030	0	1	0	0	0	0	0	0	0	0	0	0 	100	1	3310	0	1	10001	10002	10003	10004	10006	20206	10007	0	0	0	
	637	프로스트네일_위_물	41583	0	0	902	4	12	9442	2	9141	8	10008	2	41583	7252	0	5	7248	0	3	6030	0	1	0	0	0	0	0	0	0	0	0	0 	100	1	3311	0	1	10001	10002	10003	10004	10006	20206	10007	0	0	0	
	638	프로스트네일_위_바람	41584	0	0	902	4	12	9442	2	9141	8	10008	3	41584	7252	0	5	7248	0	3	6030	0	1	0	0	0	0	0	0	0	0	0	0 	100	1	3312	0	1	10001	10002	10003	10004	10006	20206	10007	0	0	0	
	639	프로스트네일_위_대지	41585	0	0	902	4	12	9442	2	9141	8	10008	4	41585	7252	0	5	7248	0	3	6030	0	1	0	0	0	0	0	0	0	0	0	0 	100	1	3313	0	1	10001	10002	10003	10004	10006	20206	10007	0	0	0	
	640	프로스트네일_위_암흑	41586	0	0	902	4	12	9442	2	9141	8	10008	5	41586	7252	0	5	7248	0	3	6030	0	1	0	0	0	0	0	0	0	0	0	0 	100	1	3314	0	1	10001	10002	10003	10004	10006	20206	10007	0	0	0	
//12-3 칼버스의 엘리트 액세서리 (701~800)																																																		
	701	폭한의기간트암	9243	0	0	881	4	12	9442	3	9190	1	10074	1	9243	3036	0	1	40232	0	1	0	0	0	0	0	0	0	0	0	0	0	0	20000000	100	1	3118	0	1	10001	10002	10003	10004	10006	20206	10007	0	0	0	
	702	폭한의기간트암	9244	0	0	881	4	12	9442	3	9190	1	10074	2	9244	3037	0	1	40232	0	1	0	0	0	0	0	0	0	0	0	0	0	0	20000000	100	1	3118	0	1	10001	10002	10003	10004	10006	20206	10007	0	0	0	
	703	폭한의기간트암	9245	0	0	881	4	12	9442	3	9190	1	10074	3	9245	3038	0	1	40232	0	1	0	0	0	0	0	0	0	0	0	0	0	0	20000000	100	1	3118	0	1	10001	10002	10003	10004	10006	20206	10007	0	0	0	
	704	폭한의기간트암	9246	0	0	881	4	12	9442	3	9190	1	10074	4	9246	3039	0	1	40232	0	1	0	0	0	0	0	0	0	0	0	0	0	0	20000000	100	1	3118	0	1	10001	10002	10003	10004	10006	20206	10007	0	0	0	
	705	폭한의기간트암	9247	0	0	881	4	12	9442	3	9190	1	10074	5	9247	3040	0	1	40232	0	1	0	0	0	0	0	0	0	0	0	0	0	0	20000000	100	1	3118	0	1	10001	10002	10003	10004	10006	20206	10007	0	0	0	
	706	심연의드라고닉크로우	9248	0	0	882	4	12	9442	3	9190	2	10075	1	9248	3041	0	1	40233	0	1	0	0	0	0	0	0	0	0	0	0	0	0	20000000	100	1	3119	0	1	10001	10002	10003	10004	10006	20206	10007	0	0	0	
	707	심연의드라고닉크로우	9249	0	0	882	4	12	9442	3	9190	2	10075	2	9249	3042	0	1	40233	0	1	0	0	0	0	0	0	0	0	0	0	0	0	20000000	100	1	3119	0	1	10001	10002	10003	10004	10006	20206	10007	0	0	0	
	708	심연의드라고닉크로우	9250	0	0	882	4	12	9442	3	9190	2	10075	3	9250	3043	0	1	40233	0	1	0	0	0	0	0	0	0	0	0	0	0	0	20000000	100	1	3119	0	1	10001	10002	10003	10004	10006	20206	10007	0	0	0	
	709	심연의드라고닉크로우	9251	0	0	882	4	12	9442	3	9190	2	10075	4	9251	3044	0	1	40233	0	1	0	0	0	0	0	0	0	0	0	0	0	0	20000000	100	1	3119	0	1	10001	10002	10003	10004	10006	20206	10007	0	0	0	
	710	심연의드라고닉크로우	9252	0	0	882	4	12	9442	3	9190	2	10075	5	9252	3045	0	1	40233	0	1	0	0	0	0	0	0	0	0	0	0	0	0	20000000	100	1	3119	0	1	10001	10002	10003	10004	10006	20206	10007	0	0	0	
	711	통곡의헬론크래셔	9253	0	0	883	4	12	9442	3	9190	3	10076	1	9253	3046	0	1	40234	0	1	0	0	0	0	0	0	0	0	0	0	0	0	20000000	100	1	3120	0	1	10001	10002	10003	10004	10006	20206	10007	0	0	0	
	712	통곡의헬론크래셔	9254	0	0	883	4	12	9442	3	9190	3	10076	2	9254	3047	0	1	40234	0	1	0	0	0	0	0	0	0	0	0	0	0	0	20000000	100	1	3120	0	1	10001	10002	10003	10004	10006	20206	10007	0	0	0	
	713	통곡의헬론크래셔	9255	0	0	883	4	12	9442	3	9190	3	10076	3	9255	3048	0	1	40234	0	1	0	0	0	0	0	0	0	0	0	0	0	0	20000000	100	1	3120	0	1	10001	10002	10003	10004	10006	20206	10007	0	0	0	
	714	통곡의헬론크래셔	9256	0	0	883	4	12	9442	3	9190	3	10076	4	9256	3049	0	1	40234	0	1	0	0	0	0	0	0	0	0	0	0	0	0	20000000	100	1	3120	0	1	10001	10002	10003	10004	10006	20206	10007	0	0	0	
	715	통곡의헬론크래셔	9257	0	0	883	4	12	9442	3	9190	3	10076	5	9257	3050	0	1	40234	0	1	0	0	0	0	0	0	0	0	0	0	0	0	20000000	100	1	3120	0	1	10001	10002	10003	10004	10006	20206	10007	0	0	0	
	716	칠흑과파멸의엠펠러	9258	0	0	884	4	12	9442	3	9190	4	10077	1	9258	3051	0	1	40235	0	1	0	0	0	0	0	0	0	0	0	0	0	0	20000000	100	1	3121	0	1	10001	10002	10003	10004	10006	20206	10007	0	0	0	
	717	칠흑과파멸의엠펠러	9259	0	0	884	4	12	9442	3	9190	4	10077	2	9259	3052	0	1	40235	0	1	0	0	0	0	0	0	0	0	0	0	0	0	20000000	100	1	3121	0	1	10001	10002	10003	10004	10006	20206	10007	0	0	0	
	718	칠흑과파멸의엠펠러	9260	0	0	884	4	12	9442	3	9190	4	10077	3	9260	3053	0	1	40235	0	1	0	0	0	0	0	0	0	0	0	0	0	0	20000000	100	1	3121	0	1	10001	10002	10003	10004	10006	20206	10007	0	0	0	
	719	칠흑과파멸의엠펠러	9261	0	0	884	4	12	9442	3	9190	4	10077	4	9261	3054	0	1	40235	0	1	0	0	0	0	0	0	0	0	0	0	0	0	20000000	100	1	3121	0	1	10001	10002	10003	10004	10006	20206	10007	0	0	0	
	720	칠흑과파멸의엠펠러	9262	0	0	884	4	12	9442	3	9190	4	10077	5	9262	3055	0	1	40235	0	1	0	0	0	0	0	0	0	0	0	0	0	0	20000000	100	1	3121	0	1	10001	10002	10003	10004	10006	20206	10007	0	0	0	
	721	심판의팬텀실루엣	9263	0	0	888	4	12	9442	3	9190	5	10078	1	9263	3081	0	1	40236	0	1	0	0	0	0	0	0	0	0	0	0	0	0	20000000	100	1	3122	0	1	10001	10002	10003	10004	10006	20206	10007	0	0	0	
	722	심판의팬텀실루엣	9264	0	0	888	4	12	9442	3	9190	5	10078	2	9264	3082	0	1	40236	0	1	0	0	0	0	0	0	0	0	0	0	0	0	20000000	100	1	3122	0	1	10001	10002	10003	10004	10006	20206	10007	0	0	0	
	723	심판의팬텀실루엣	9265	0	0	888	4	12	9442	3	9190	5	10078	3	9265	3083	0	1	40236	0	1	0	0	0	0	0	0	0	0	0	0	0	0	20000000	100	1	3122	0	1	10001	10002	10003	10004	10006	20206	10007	0	0	0	
	724	심판의팬텀실루엣	9266	0	0	888	4	12	9442	3	9190	5	10078	4	9266	3084	0	1	40236	0	1	0	0	0	0	0	0	0	0	0	0	0	0	20000000	100	1	3122	0	1	10001	10002	10003	10004	10006	20206	10007	0	0	0	
	725	심판의팬텀실루엣	9267	0	0	888	4	12	9442	3	9190	5	10078	5	9267	3085	0	1	40236	0	1	0	0	0	0	0	0	0	0	0	0	0	0	20000000	100	1	3122	0	1	10001	10002	10003	10004	10006	20206	10007	0	0	0	
	726	현혹의크림슨트리거	9106	0	0	892	4	12	9442	3	9190	6	10002	1	9106	3199	0	1	41510	0	1	0	0	0	0	0	0	0	0	0	0	0	0	20000000	100	1	3231	0	1	10001	10002	10003	10004	10006	20206	10007	0	0	0	
	727	현혹의크림슨트리거	9107	0	0	892	4	12	9442	3	9190	6	10002	2	9107	3227	0	1	41510	0	1	0	0	0	0	0	0	0	0	0	0	0	0	20000000	100	1	3231	0	1	10001	10002	10003	10004	10006	20206	10007	0	0	0	
	728	현혹의크림슨트리거	9108	0	0	892	4	12	9442	3	9190	6	10002	3	9108	3228	0	1	41510	0	1	0	0	0	0	0	0	0	0	0	0	0	0	20000000	100	1	3231	0	1	10001	10002	10003	10004	10006	20206	10007	0	0	0	
	729	현혹의크림슨트리거	9109	0	0	892	4	12	9442	3	9190	6	10002	4	9109	3229	0	1	41510	0	1	0	0	0	0	0	0	0	0	0	0	0	0	20000000	100	1	3231	0	1	10001	10002	10003	10004	10006	20206	10007	0	0	0	
	730	현혹의크림슨트리거	9110	0	0	892	4	12	9442	3	9190	6	10002	5	9110	3230	0	1	41510	0	1	0	0	0	0	0	0	0	0	0	0	0	0	20000000	100	1	3231	0	1	10001	10002	10003	10004	10006	20206	10007	0	0	0	
	731	인내의솔리드암	10105	0	0	902	4	12	9442	3	9190	7	10006	1	10105	3297	0	1	41589	0	1	0	0	0	0	0	0	0	0	0	0	0	0	20000000	100	1	3470	0	1	10001	10002	10003	10004	10006	20206	10007	0	0	0	
	732	인내의솔리드암	10106	0	0	902	4	12	9442	3	9190	7	10006	2	10106	3298	0	1	41589	0	1	0	0	0	0	0	0	0	0	0	0	0	0	20000000	100	1	3470	0	1	10001	10002	10003	10004	10006	20206	10007	0	0	0	
	733	인내의솔리드암	10107	0	0	902	4	12	9442	3	9190	7	10006	3	10107	3299	0	1	41589	0	1	0	0	0	0	0	0	0	0	0	0	0	0	20000000	100	1	3470	0	1	10001	10002	10003	10004	10006	20206	10007	0	0	0	
	734	인내의솔리드암	10108	0	0	902	4	12	9442	3	9190	7	10006	4	10108	3300	0	1	41589	0	1	0	0	0	0	0	0	0	0	0	0	0	0	20000000	100	1	3470	0	1	10001	10002	10003	10004	10006	20206	10007	0	0	0	
	735	인내의솔리드암	10109	0	0	902	4	12	9442	3	9190	7	10006	5	10109	3469	0	1	41589	0	1	0	0	0	0	0	0	0	0	0	0	0	0	20000000	100	1	3470	0	1	10001	10002	10003	10004	10006	20206	10007	0	0	0	
	736	유혹의프로스트네일	9710	0	0	902	4	12	9442	3	9190	8	10008	1	9710	3310	0	1	6096	0	1	0	0	0	0	0	0	0	0	0	0	0	0	20000000	100	1	3315	0	1	10001	10002	10003	10004	10006	20206	10007	0	0	0	
	737	유혹의프로스트네일	9711	0	0	902	4	12	9442	3	9190	8	10008	2	9711	3311	0	1	6096	0	1	0	0	0	0	0	0	0	0	0	0	0	0	20000000	100	1	3315	0	1	10001	10002	10003	10004	10006	20206	10007	0	0	0	
	738	유혹의프로스트네일	9712	0	0	902	4	12	9442	3	9190	8	10008	3	9712	3312	0	1	6096	0	1	0	0	0	0	0	0	0	0	0	0	0	0	20000000	100	1	3315	0	1	10001	10002	10003	10004	10006	20206	10007	0	0	0	
	739	유혹의프로스트네일	9713	0	0	902	4	12	9442	3	9190	8	10008	4	9713	3313	0	1	6096	0	1	0	0	0	0	0	0	0	0	0	0	0	0	20000000	100	1	3315	0	1	10001	10002	10003	10004	10006	20206	10007	0	0	0	
	740	유혹의프로스트네일	9714	0	0	902	4	12	9442	3	9190	8	10008	5	9714	3314	0	1	6096	0	1	0	0	0	0	0	0	0	0	0	0	0	0	20000000	100	1	3315	0	1	10001	10002	10003	10004	10006	20206	10007	0	0	0	
//12-4 뒤틀린 칼버스의 악세서리 (801~900)																																																		
	801	검게뒤틀린매의기간트암	9356	0	0	881	4	12	9442	4	40620	1	10074	1	9356	3118	0	1	6078	0	30	0	0	0	0	0	0	0	0	0	0	0	0	100000000	100	1	3167	0	1	10001	10002	10003	10004	10006	20206	10007	0	0	0	
	802	검게뒤틀린맹공의기간트암	9357	0	0	881	4	12	9442	4	40620	1	10074	2	9357	3118	0	1	6081	0	30	0	0	0	0	0	0	0	0	0	0	0	0	100000000	100	1	3168	0	1	10001	10002	10003	10004	10006	20206	10007	0	0	0	
	803	검게뒤틀린결의의기간트암	9358	0	0	881	4	12	9442	4	40620	1	10074	3	9358	3118	0	1	6080	0	30	0	0	0	0	0	0	0	0	0	0	0	0	100000000	100	1	3169	0	1	10001	10002	10003	10004	10006	20206	10007	0	0	0	
	804	검게뒤틀린수호의기간트암	9359	0	0	881	4	12	9442	4	40620	1	10074	4	9359	3118	0	1	6079	0	30	0	0	0	0	0	0	0	0	0	0	0	0	100000000	100	1	3170	0	1	10001	10002	10003	10004	10006	20206	10007	0	0	0	
	805	검게뒤틀린매의드라고닉크로우	9360	0	0	882	4	12	9442	4	40620	2	10075	1	9360	3119	0	1	6078	0	30	0	0	0	0	0	0	0	0	0	0	0	0	100000000	100	1	3171	0	1	10001	10002	10003	10004	10006	20206	10007	0	0	0	
	806	검게뒤틀린맹공의드라고닉크로우	9361	0	0	882	4	12	9442	4	40620	2	10075	2	9361	3119	0	1	6081	0	30	0	0	0	0	0	0	0	0	0	0	0	0	100000000	100	1	3172	0	1	10001	10002	10003	10004	10006	20206	10007	0	0	0	
	807	검게뒤틀린결의의드라고닉크로우	9362	0	0	882	4	12	9442	4	40620	2	10075	3	9362	3119	0	1	6080	0	30	0	0	0	0	0	0	0	0	0	0	0	0	100000000	100	1	3173	0	1	10001	10002	10003	10004	10006	20206	10007	0	0	0	
	808	검게뒤틀린수호의드라고닉크로우	9363	0	0	882	4	12	9442	4	40620	2	10075	4	9363	3119	0	1	6079	0	30	0	0	0	0	0	0	0	0	0	0	0	0	100000000	100	1	3174	0	1	10001	10002	10003	10004	10006	20206	10007	0	0	0	
	809	검게뒤틀린매의헬론크래셔	9364	0	0	883	4	12	9442	4	40620	3	10076	1	9364	3120	0	1	6078	0	30	0	0	0	0	0	0	0	0	0	0	0	0	100000000	100	1	3175	0	1	10001	10002	10003	10004	10006	20206	10007	0	0	0	
	810	검게뒤틀린맹공의헬론크래셔	9365	0	0	883	4	12	9442	4	40620	3	10076	2	9365	3120	0	1	6081	0	30	0	0	0	0	0	0	0	0	0	0	0	0	100000000	100	1	3176	0	1	10001	10002	10003	10004	10006	20206	10007	0	0	0	
	811	검게뒤틀린결의의헬론크래셔	9366	0	0	883	4	12	9442	4	40620	3	10076	3	9366	3120	0	1	6080	0	30	0	0	0	0	0	0	0	0	0	0	0	0	100000000	100	1	3177	0	1	10001	10002	10003	10004	10006	20206	10007	0	0	0	
	812	검게뒤틀린수호의헬론크래셔	9367	0	0	883	4	12	9442	4	40620	3	10076	4	9367	3120	0	1	6079	0	30	0	0	0	0	0	0	0	0	0	0	0	0	100000000	100	1	3178	0	1	10001	10002	10003	10004	10006	20206	10007	0	0	0	
	813	검게뒤틀린매의파멸의엠페러	9368	0	0	884	4	12	9442	4	40620	4	10077	1	9368	3121	0	1	6078	0	30	0	0	0	0	0	0	0	0	0	0	0	0	100000000	100	1	3179	0	1	10001	10002	10003	10004	10006	20206	10007	0	0	0	
	814	검게뒤틀린맹공의파멸의엠페러	9369	0	0	884	4	12	9442	4	40620	4	10077	2	9369	3121	0	1	6081	0	30	0	0	0	0	0	0	0	0	0	0	0	0	100000000	100	1	3180	0	1	10001	10002	10003	10004	10006	20206	10007	0	0	0	
	815	검게뒤틀린결의의파멸의엠페러	9370	0	0	884	4	12	9442	4	40620	4	10077	3	9370	3121	0	1	6080	0	30	0	0	0	0	0	0	0	0	0	0	0	0	100000000	100	1	3181	0	1	10001	10002	10003	10004	10006	20206	10007	0	0	0	
	816	검게뒤틀린수호의파멸의엠페러	9371	0	0	884	4	12	9442	4	40620	4	10077	4	9371	3121	0	1	6079	0	30	0	0	0	0	0	0	0	0	0	0	0	0	100000000	100	1	3182	0	1	10001	10002	10003	10004	10006	20206	10007	0	0	0	
	817	검게뒤틀린매의팬텀실루엣	9372	0	0	888	4	12	9442	4	40620	5	10078	1	9372	3122	0	1	6078	0	30	0	0	0	0	0	0	0	0	0	0	0	0	100000000	100	1	3183	0	1	10001	10002	10003	10004	10006	20206	10007	0	0	0	
	818	검게뒤틀린맹공의팬텀실루엣	9373	0	0	888	4	12	9442	4	40620	5	10078	2	9373	3122	0	1	6081	0	30	0	0	0	0	0	0	0	0	0	0	0	0	100000000	100	1	3184	0	1	10001	10002	10003	10004	10006	20206	10007	0	0	0	
	819	검게뒤틀린결의의팬텀실루엣	9374	0	0	888	4	12	9442	4	40620	5	10078	3	9374	3122	0	1	6080	0	30	0	0	0	0	0	0	0	0	0	0	0	0	100000000	100	1	3185	0	1	10001	10002	10003	10004	10006	20206	10007	0	0	0	
	820	검게뒤틀린수호의팬텀실루엣	9375	0	0	888	4	12	9442	4	40620	5	10078	4	9375	3122	0	1	6079	0	30	0	0	0	0	0	0	0	0	0	0	0	0	100000000	100	1	3186	0	1	10001	10002	10003	10004	10006	20206	10007	0	0	0	
	821	검게뒤틀린매의크림슨트리거	40639	0	0	892	4	12	9442	4	40620	6	10002	1	40639	3231	0	1	6078	0	30	0	0	0	0	0	0	0	0	0	0	0	0	100000000	100	1	3235	0	1	10001	10002	10003	10004	10006	20206	10007	0	0	0	
	822	검게뒤틀린맹공의크림슨트리거	40640	0	0	892	4	12	9442	4	40620	6	10002	2	40640	3231	0	1	6081	0	30	0	0	0	0	0	0	0	0	0	0	0	0	100000000	100	1	3236	0	1	10001	10002	10003	10004	10006	20206	10007	0	0	0	
	823	검게뒤틀린결의의크림슨트리거	40641	0	0	892	4	12	9442	4	40620	6	10002	3	40641	3231	0	1	6080	0	30	0	0	0	0	0	0	0	0	0	0	0	0	100000000	100	1	3237	0	1	10001	10002	10003	10004	10006	20206	10007	0	0	0	
	824	검게뒤틀린수호의크림슨트리거	40642	0	0	892	4	12	9442	4	40620	6	10002	4	40642	3231	0	1	6079	0	30	0	0	0	0	0	0	0	0	0	0	0	0	100000000	100	1	3238	0	1	10001	10002	10003	10004	10006	20206	10007	0	0	0	
	825	검게뒤틀린매의솔리드암	41577	0	0	901	4	12	9442	4	40620	7	10006	1	41577	3470	0	1	6078	0	30	0	0	0	0	0	0	0	0	0	0	0	0	100000000	100	1	3474	0	1	10001	10002	10003	10004	10006	20206	10007	0	0	0	
	826	검게뒤틀린맹공의솔리드암	41578	0	0	901	4	12	9442	4	40620	7	10006	2	41578	3470	0	1	6081	0	30	0	0	0	0	0	0	0	0	0	0	0	0	100000000	100	1	3475	0	1	10001	10002	10003	10004	10006	20206	10007	0	0	0	
	827	검게뒤틀린결의의솔리드암	41579	0	0	901	4	12	9442	4	40620	7	10006	3	41579	3470	0	1	6080	0	30	0	0	0	0	0	0	0	0	0	0	0	0	100000000	100	1	3476	0	1	10001	10002	10003	10004	10006	20206	10007	0	0	0	
	828	검게뒤틀린수호의솔리드암	41580	0	0	901	4	12	9442	4	40620	7	10006	4	41580	3470	0	1	6079	0	30	0	0	0	0	0	0	0	0	0	0	0	0	100000000	100	1	3477	0	1	10001	10002	10003	10004	10006	20206	10007	0	0	0	
	829	검게뒤틀린매의프로스트네일	41592	0	0	901	4	12	9442	4	40620	8	10008	1	41592	3315	0	1	6078	0	30	0	0	0	0	0	0	0	0	0	0	0	0	100000000	100	1	3799	0	1	10001	10002	10003	10004	10006	20206	10007	0	0	0	
	830	검게뒤틀린맹공의프로스트네일	41593	0	0	901	4	12	9442	4	40620	8	10008	2	41593	3315	0	1	6081	0	30	0	0	0	0	0	0	0	0	0	0	0	0	100000000	100	1	3800	0	1	10001	10002	10003	10004	10006	20206	10007	0	0	0	
	831	검게뒤틀린결의의프로스트네일	41594	0	0	901	4	12	9442	4	40620	8	10008	3	41594	3315	0	1	6080	0	30	0	0	0	0	0	0	0	0	0	0	0	0	100000000	100	1	3801	0	1	10001	10002	10003	10004	10006	20206	10007	0	0	0	
	832	검게뒤틀린수호의프로스트네일	41595	0	0	901	4	12	9442	4	40620	8	10008	4	41595	3315	0	1	6079	0	30	0	0	0	0	0	0	0	0	0	0	0	0	100000000	100	1	3802	0	1	10001	10002	10003	10004	10006	20206	10007	0	0	0	
	880	저주받은탑_수련의목걸이	302386	0	0	821	3	11	9054	2	9559	3	302386	0	0	40564	0	5	40565	0	5	40566	0	5	40567	0	5	40568	0	5	0	0	0	20000000	10	1	41179	0	1	10001	10002	10003	10004	10006	20206	10007	10008	0	0	
	883	저주받은탑_빛이어린수련의목걸이	302387	0	0	821	3	11	9054	2	9559	4	302387	0	0	41179	0	1	41176	0	5	0	0	0	0	0	0	0	0	0	0	0	0	30000000	5	1	41180	0	1	10001	10002	10003	10004	10006	20206	10007	10008	0	0	
	884	저주받은탑_빛이어린사제의반지	302384	0	0	811	3	11	9054	2	9559	5	302384	0	0	40574	0	1	41176	0	5	0	0	0	0	0	0	0	0	0	0	0	0	30000000	3	1	41177	0	1	10001	10002	10003	10004	10006	20206	10007	10008	0	0	
	885	저주받은탑_빛이어린정복자의반지	302385	0	0	811	3	11	9054	2	9559	6	302385	0	0	40575	0	1	41176	0	5	0	0	0	0	0	0	0	0	0	0	0	0	30000000	3	1	41178	0	1	10001	10002	10003	10004	10006	20206	10007	10008	0	0	
//12-5 검은현자의 수정 악세서리 (901~1000)																																																		
	901	치명적인검은현자의수정기간트암	10665	0	0	881	4	12	9442	5	40898	1	10074	1	10665	3167	0	1	5287	0	30	0	0	0	0	0	0	0	0	0	0	0	0	150000000	100	1	15000	0	1	10001	10002	10003	10004	10006	20206	10007	0	0	0	
	902	몰아치는검은현자의수정기간트암	10666	0	0	881	4	12	9442	5	40898	1	10074	2	10666	3168	0	1	5287	0	30	0	0	0	0	0	0	0	0	0	0	0	0	150000000	100	1	15001	0	1	10001	10002	10003	10004	10006	20206	10007	0	0	0	
	903	굳건한검은현자의수정기간트암	10667	0	0	881	4	12	9442	5	40898	1	10074	3	10667	3169	0	1	5287	0	30	0	0	0	0	0	0	0	0	0	0	0	0	150000000	100	1	15002	0	1	10001	10002	10003	10004	10006	20206	10007	0	0	0	
	904	단단한검은현자의수정기간트암	10668	0	0	881	4	12	9442	5	40898	1	10074	4	10668	3170	0	1	5287	0	30	0	0	0	0	0	0	0	0	0	0	0	0	150000000	100	1	15003	0	1	10001	10002	10003	10004	10006	20206	10007	0	0	0	
	905	치명적인검은현자의수정드라고닉크로우	10669	0	0	882	4	12	9442	5	40898	2	10075	1	10669	3171	0	1	5287	0	30	0	0	0	0	0	0	0	0	0	0	0	0	150000000	100	1	15004	0	1	10001	10002	10003	10004	10006	20206	10007	0	0	0	
	906	몰아치는검은현자의수정드라고닉크로우	10670	0	0	882	4	12	9442	5	40898	2	10075	2	10670	3172	0	1	5287	0	30	0	0	0	0	0	0	0	0	0	0	0	0	150000000	100	1	15005	0	1	10001	10002	10003	10004	10006	20206	10007	0	0	0	
	907	굳건한검은현자의수정드라고닉크로우	10671	0	0	882	4	12	9442	5	40898	2	10075	3	10671	3173	0	1	5287	0	30	0	0	0	0	0	0	0	0	0	0	0	0	150000000	100	1	15006	0	1	10001	10002	10003	10004	10006	20206	10007	0	0	0	
	908	단단한검은현자의수정드라고닉크로우	10672	0	0	882	4	12	9442	5	40898	2	10075	4	10672	3174	0	1	5287	0	30	0	0	0	0	0	0	0	0	0	0	0	0	150000000	100	1	15007	0	1	10001	10002	10003	10004	10006	20206	10007	0	0	0	
	909	치명적인검은현자의수정헬론크래셔	10673	0	0	883	4	12	9442	5	40898	3	10076	1	10673	3175	0	1	5287	0	30	0	0	0	0	0	0	0	0	0	0	0	0	150000000	100	1	15008	0	1	10001	10002	10003	10004	10006	20206	10007	0	0	0	
	910	몰아치는검은현자의수정헬론크래셔	10674	0	0	883	4	12	9442	5	40898	3	10076	2	10674	3176	0	1	5287	0	30	0	0	0	0	0	0	0	0	0	0	0	0	150000000	100	1	15009	0	1	10001	10002	10003	10004	10006	20206	10007	0	0	0	
	911	굳건한검은현자의수정헬론크래셔	10675	0	0	883	4	12	9442	5	40898	3	10076	3	10675	3177	0	1	5287	0	30	0	0	0	0	0	0	0	0	0	0	0	0	150000000	100	1	15010	0	1	10001	10002	10003	10004	10006	20206	10007	0	0	0	
	912	단단한검은현자의수정헬론크래셔	10676	0	0	883	4	12	9442	5	40898	3	10076	4	10676	3178	0	1	5287	0	30	0	0	0	0	0	0	0	0	0	0	0	0	150000000	100	1	15011	0	1	10001	10002	10003	10004	10006	20206	10007	0	0	0	
	913	치명적인검은현자의수정파멸의엠페러	10677	0	0	884	4	12	9442	5	40898	4	10077	1	10677	3179	0	1	5287	0	30	0	0	0	0	0	0	0	0	0	0	0	0	150000000	100	1	15012	0	1	10001	10002	10003	10004	10006	20206	10007	0	0	0	
	914	몰아치는검은현자의수정파멸의엠페러	10678	0	0	884	4	12	9442	5	40898	4	10077	2	10678	3180	0	1	5287	0	30	0	0	0	0	0	0	0	0	0	0	0	0	150000000	100	1	15013	0	1	10001	10002	10003	10004	10006	20206	10007	0	0	0	
	915	검게뒤틀린결의파멸의엠페러	10679	0	0	884	4	12	9442	5	40898	4	10077	3	10679	3181	0	1	5287	0	30	0	0	0	0	0	0	0	0	0	0	0	0	150000000	100	1	15014	0	1	10001	10002	10003	10004	10006	20206	10007	0	0	0	
	916	단단한검은현자의수정파멸의엠페러	10680	0	0	884	4	12	9442	5	40898	4	10077	4	10680	3182	0	1	5287	0	30	0	0	0	0	0	0	0	0	0	0	0	0	150000000	100	1	15015	0	1	10001	10002	10003	10004	10006	20206	10007	0	0	0	
	917	치명적인검은현자의수정팬텀실루엣	10681	0	0	888	4	12	9442	5	40898	5	10078	1	10681	3183	0	1	5287	0	30	0	0	0	0	0	0	0	0	0	0	0	0	150000000	100	1	15016	0	1	10001	10002	10003	10004	10006	20206	10007	0	0	0	
	918	몰아치는검은현자의수정팬텀실루엣	10682	0	0	888	4	12	9442	5	40898	5	10078	2	10682	3184	0	1	5287	0	30	0	0	0	0	0	0	0	0	0	0	0	0	150000000	100	1	15017	0	1	10001	10002	10003	10004	10006	20206	10007	0	0	0	
	919	굳건한검은현자의수정팬텀실루엣	10683	0	0	888	4	12	9442	5	40898	5	10078	3	10683	3185	0	1	5287	0	30	0	0	0	0	0	0	0	0	0	0	0	0	150000000	100	1	15018	0	1	10001	10002	10003	10004	10006	20206	10007	0	0	0	
	920	단단한검은현자의수정팬텀실루엣	10684	0	0	888	4	12	9442	5	40898	5	10078	4	10684	3186	0	1	5287	0	30	0	0	0	0	0	0	0	0	0	0	0	0	150000000	100	1	15019	0	1	10001	10002	10003	10004	10006	20206	10007	0	0	0	
	921	치명적인검은현자의수정크림슨트리거	10685	0	0	892	4	12	9442	5	40898	6	10002	1	10685	3235	0	1	5287	0	30	0	0	0	0	0	0	0	0	0	0	0	0	150000000	100	1	15020	0	1	10001	10002	10003	10004	10006	20206	10007	0	0	0	
	922	몰아치는검은현자의수정크림슨트리거	10686	0	0	892	4	12	9442	5	40898	6	10002	2	10686	3236	0	1	5287	0	30	0	0	0	0	0	0	0	0	0	0	0	0	150000000	100	1	15021	0	1	10001	10002	10003	10004	10006	20206	10007	0	0	0	
	923	검게뒤틀린결의크림슨트리거	10687	0	0	892	4	12	9442	5	40898	6	10002	3	10687	3237	0	1	5287	0	30	0	0	0	0	0	0	0	0	0	0	0	0	150000000	100	1	15022	0	1	10001	10002	10003	10004	10006	20206	10007	0	0	0	
	924	단단한검은현자의수정크림슨트리거	10688	0	0	892	4	12	9442	5	40898	6	10002	4	10688	3238	0	1	5287	0	30	0	0	0	0	0	0	0	0	0	0	0	0	150000000	100	1	15023	0	1	10001	10002	10003	10004	10006	20206	10007	0	0	0	
	925	치명적인검은현자의수정솔리드암	10689	0	0	901	4	12	9442	5	40898	7	10006	1	10689	3474	0	1	5287	0	30	0	0	0	0	0	0	0	0	0	0	0	0	150000000	100	1	15024	0	1	10001	10002	10003	10004	10006	20206	10007	0	0	0	
	926	몰아치는검은현자의수정솔리드암	10690	0	0	901	4	12	9442	5	40898	7	10006	2	10690	3475	0	1	5287	0	30	0	0	0	0	0	0	0	0	0	0	0	0	150000000	100	1	15025	0	1	10001	10002	10003	10004	10006	20206	10007	0	0	0	
	927	검게뒤틀린결의솔리드암	10691	0	0	901	4	12	9442	5	40898	7	10006	3	10691	3476	0	1	5287	0	30	0	0	0	0	0	0	0	0	0	0	0	0	150000000	100	1	15026	0	1	10001	10002	10003	10004	10006	20206	10007	0	0	0	
	928	단단한검은현자의수정솔리드암	10692	0	0	901	4	12	9442	5	40898	7	10006	4	10692	3477	0	1	5287	0	30	0	0	0	0	0	0	0	0	0	0	0	0	150000000	100	1	15027	0	1	10001	10002	10003	10004	10006	20206	10007	0	0	0	
	929	치명적인검은현자의수정프로스트네일	10693	0	0	901	4	12	9442	5	40898	8	10008	1	10693	3799	0	1	5287	0	30	0	0	0	0	0	0	0	0	0	0	0	0	150000000	100	1	15028	0	1	10001	10002	10003	10004	10006	20206	10007	0	0	0	
	930	몰아치는검은현자의수정프로스트네일	10694	0	0	901	4	12	9442	5	40898	8	10008	2	10694	3800	0	1	5287	0	30	0	0	0	0	0	0	0	0	0	0	0	0	150000000	100	1	15029	0	1	10001	10002	10003	10004	10006	20206	10007	0	0	0	
	931	검게뒤틀린결의프로스트네일	10695	0	0	901	4	12	9442	5	40898	8	10008	3	10695	3801	0	1	5287	0	30	0	0	0	0	0	0	0	0	0	0	0	0	150000000	100	1	15030	0	1	10001	10002	10003	10004	10006	20206	10007	0	0	0	
	932	단단한검은현자의수정프로스트네일	10696	0	0	901	4	12	9442	5	40898	8	10008	4	10696	3802	0	1	5287	0	30	0	0	0	0	0	0	0	0	0	0	0	0	150000000	100	1	15031	0	1	10001	10002	10003	10004	10006	20206	10007	0	0	0	
//12-21 꼭두각시 쉬바르츠 조합 (1001~1010)																																																		
	1001	검은영혼의_꼭두각시_쉬바르츠	40749	0	0	0	3	12	9442	21	40748	1	40749	0	0	6092	0	1	6087	0	5	0	0	0	0	0	0	0	0	0	0	0	0	100000000	100	1	3464	0	1	10001	10002	10003	10004	10006	20206	10007	0	0	0	
	1002	붉은영혼의_꼭두각시_쉬바르츠	40750	0	0	0	3	12	9442	21	40748	2	40750	0	0	6092	0	1	6088	0	5	0	0	0	0	0	0	0	0	0	0	0	0	100000000	100	1	3465	0	1	10001	10002	10003	10004	10006	20206	10007	0	0	0	
	1003	노란영혼의_꼭두각시_쉬바르츠	40751	0	0	0	3	12	9442	21	40748	3	40751	0	0	6092	0	1	6089	0	5	0	0	0	0	0	0	0	0	0	0	0	0	100000000	100	1	3466	0	1	10001	10002	10003	10004	10006	20206	10007	0	0	0	
	1004	파란영혼의_꼭두각시_쉬바르츠	40752	0	0	0	3	12	9442	21	40748	4	40752	0	0	6092	0	1	6090	0	5	0	0	0	0	0	0	0	0	0	0	0	0	100000000	100	1	3467	0	1	10001	10002	10003	10004	10006	20206	10007	0	0	0	
	1005	초록영혼의_꼭두각시_쉬바르츠	40753	0	0	0	3	12	9442	21	40748	5	40753	0	0	6092	0	1	6091	0	5	0	0	0	0	0	0	0	0	0	0	0	0	100000000	100	1	3468	0	1	10001	10002	10003	10004	10006	20206	10007	0	0	0	
//13-1 날개아이템 (1101~1110)																																																		
	1101	이카루스의날개(B)	40561	0	0	0	4	13	11414	1	9743	1	10074	1	40561	7252	0	5	7248	0	5	6056	0	25	0	0	0	0	0	0	0	0	0	300000 	100	1	3133	0	1	10001	10002	10003	10004	10006	20206	10007	0	0	0	
	1102	페르세우스의날개(D)	40562	0	0	0	4	13	11414	1	9743	2	10075	1	40562	7252	0	5	7248	0	5	6056	0	25	0	0	0	0	0	0	0	0	0	300000 	100	1	3134	0	1	10001	10002	10003	10004	10006	20206	10007	0	0	0	
	1103	큐피트의날개(V)	40564	0	0	0	4	13	11414	1	9743	4	10076	1	40564	7252	0	5	7248	0	5	6056	0	25	0	0	0	0	0	0	0	0	0	300000 	100	1	3136	0	1	10001	10002	10003	10004	10006	20206	10007	0	0	0	
	1104	프쉬케의날개(E)	40563	0	0	0	4	13	11414	1	9743	3	10077	1	40563	7252	0	5	7248	0	5	6056	0	25	0	0	0	0	0	0	0	0	0	300000 	100	1	3135	0	1	10001	10002	10003	10004	10006	20206	10007	0	0	0	
	1105	다이달루스의날개(S)	40565	0	0	0	4	13	11414	1	9743	5	10078	1	40565	7252	0	5	7248	0	5	6056	0	25	0	0	0	0	0	0	0	0	0	300000 	100	1	3137	0	1	10001	10002	10003	10004	10006	20206	10007	0	0	0	
	1106	벨레로폰의날개(M)	40630	0	0	0	4	13	11414	1	9743	6	10002	1	40630	7252	0	5	7248	0	5	6056	0	25	0	0	0	0	0	0	0	0	0	300000 	100	1	3232	0	1	10001	10002	10003	10004	10006	20206	10007	0	0	0	
	1107	아가멤논의날개(H)	41574	0	0	0	4	13	11414	1	9743	7	10006	1	41574	7252	0	5	7248	0	5	6056	0	25	0	0	0	0	0	0	0	0	0	300000 	100	1	3471	0	1	10001	10002	10003	10004	10006	20206	10007	0	0	0	
	1108	메데이아의날개(W)	41589	0	0	0	4	13	11414	1	9743	8	10008	1	41589	7252	0	5	7248	0	5	6056	0	25	0	0	0	0	0	0	0	0	0	300000 	100	1	3803	0	1	10001	10002	10003	10004	10006	20206	10007	0	0	0	
//12-2 몽마의 날개아이템_확률 (1111~1120)																																																		
	1111	이카루스와몽마의날개(B)	40611	0	0	0	4	13	11414	2	9566	1	10074	1	40611	6108	0	50	6057	0	10	6066	0	25	0	0	0	0	0	0	0	0	0	3000000 	36	1	3239	0	1	10001	10002	10003	10004	10006	20206	10007	0	0	0	
	1112	페르세우스와몽마의날개(D)	40612	0	0	0	4	13	11414	2	9566	2	10075	1	40612	6108	0	50	6057	0	10	6066	0	25	0	0	0	0	0	0	0	0	0	3000000 	36	1	3240	0	1	10001	10002	10003	10004	10006	20206	10007	0	0	0	
	1113	큐피트와몽마의날개(V)	40614	0	0	0	4	13	11414	2	9566	4	10076	1	40614	6108	0	50	6057	0	10	6066	0	25	0	0	0	0	0	0	0	0	0	3000000 	36	1	3242	0	1	10001	10002	10003	10004	10006	20206	10007	0	0	0	
	1114	프쉬케와몽마의날개(E)	40613	0	0	0	4	13	11414	2	9566	3	10077	1	40613	6108	0	50	6057	0	10	6066	0	25	0	0	0	0	0	0	0	0	0	3000000 	36	1	3241	0	1	10001	10002	10003	10004	10006	20206	10007	0	0	0	
	1115	다이달루스와몽마의날개(S)	40615	0	0	0	4	13	11414	2	9566	5	10078	1	40615	6108	0	50	6057	0	10	6066	0	25	0	0	0	0	0	0	0	0	0	3000000 	36	1	3243	0	1	10001	10002	10003	10004	10006	20206	10007	0	0	0	
	1116	벨레로폰과몽마의날개(M)	40616	0	0	0	4	13	11414	2	9566	6	10002	1	40616	6108	0	50	6057	0	10	6066	0	25	0	0	0	0	0	0	0	0	0	3000000 	36	1	3244	0	1	10001	10002	10003	10004	10006	20206	10007	0	0	0	
	1117	아가멤논과몽마의날개(H)	41581	0	0	0	4	13	11414	2	9566	7	10006	1	41581	6108	0	50	6057	0	10	6066	0	25	0	0	0	0	0	0	0	0	0	3000000 	36	1	3478	0	1	10001	10002	10003	10004	10006	20206	10007	0	0	0	
	1118	메데이아와몽마의날개(W)	40629	0	0	0	4	13	11414	2	9566	8	10008	1	40629	6108	0	50	6057	0	10	6066	0	25	0	0	0	0	0	0	0	0	0	3000000 	36	1	3806	0	1	10001	10002	10003	10004	10006	20206	10007	0	0	0	
//12-3 몽마의 날개아이템_100% (1121~1130)																																																		
	1121	이카루스와몽마의날개(B)	40611	0	0	0	4	13	11414	3	9567	1	10074	1	40611	6108	0	100	6057	0	20	6066	0	50	0	0	0	0	0	0	0	0	0	5000000 	100	1	3239	0	1	10001	10002	10003	10004	10006	20206	10007	0	0	0	
	1122	페르세우스와몽마의날개(D)	40612	0	0	0	4	13	11414	3	9567	2	10075	1	40612	6108	0	100	6057	0	20	6066	0	50	0	0	0	0	0	0	0	0	0	5000000 	100	1	3240	0	1	10001	10002	10003	10004	10006	20206	10007	0	0	0	
	1123	큐피트와몽마의날개(V)	40614	0	0	0	4	13	11414	3	9567	4	10076	1	40614	6108	0	100	6057	0	20	6066	0	50	0	0	0	0	0	0	0	0	0	5000000 	100	1	3242	0	1	10001	10002	10003	10004	10006	20206	10007	0	0	0	
	1124	프쉬케와몽마의날개(E)	40613	0	0	0	4	13	11414	3	9567	3	10077	1	40613	6108	0	100	6057	0	20	6066	0	50	0	0	0	0	0	0	0	0	0	5000000 	100	1	3241	0	1	10001	10002	10003	10004	10006	20206	10007	0	0	0	
	1125	다이달루스와몽마의날개(S)	40615	0	0	0	4	13	11414	3	9567	5	10078	1	40615	6108	0	100	6057	0	20	6066	0	50	0	0	0	0	0	0	0	0	0	5000000 	100	1	3243	0	1	10001	10002	10003	10004	10006	20206	10007	0	0	0	
	1126	벨레로폰과몽마의날개(M)	40616	0	0	0	4	13	11414	3	9567	6	10002	1	40616	6108	0	100	6057	0	20	6066	0	50	0	0	0	0	0	0	0	0	0	5000000 	100	1	3244	0	1	10001	10002	10003	10004	10006	20206	10007	0	0	0	
	1127	아가멤논과몽마의날개(H)	41581	0	0	0	4	13	11414	3	9567	7	10006	1	41581	6108	0	100	6057	0	20	6066	0	50	0	0	0	0	0	0	0	0	0	5000000 	100	1	3478	0	1	10001	10002	10003	10004	10006	20206	10007	0	0	0	
	1128	메데이아와몽마의날개(W)	40629	0	0	0	4	13	11414	3	9567	8	10008	1	40629	6108	0	100	6057	0	20	6066	0	50	0	0	0	0	0	0	0	0	0	5000000 	100	1	3806	0	1	10001	10002	10003	10004	10006	20206	10007	0	0	0	
//12-4 불가의 날개아이템_확률 (1131~1140)																																																		
	1131	불사의날개(B)	41954	0	0	0	4	13	11414	4	9996	1	10074	1	41954	6109	0	50	6057	0	20	6105	0	25	0	0	0	0	0	0	0	0	0	20000000 	16	1	2028	0	1	10001	10002	10003	10004	10006	20206	10007	0	0	0	
	1132	불사의날개(D)	41955	0	0	0	4	13	11414	4	9996	2	10075	1	41955	6109	0	50	6057	0	20	6105	0	25	0	0	0	0	0	0	0	0	0	20000000 	16	1	2029	0	1	10001	10002	10003	10004	10006	20206	10007	0	0	0	
	1133	불사의날개(V)	41956	0	0	0	4	13	11414	4	9996	4	10076	1	41956	6109	0	50	6057	0	20	6105	0	25	0	0	0	0	0	0	0	0	0	20000000 	16	1	2030	0	1	10001	10002	10003	10004	10006	20206	10007	0	0	0	
	1134	불사의날개(E)	41957	0	0	0	4	13	11414	4	9996	3	10077	1	41957	6109	0	50	6057	0	20	6105	0	25	0	0	0	0	0	0	0	0	0	20000000 	16	1	2031	0	1	10001	10002	10003	10004	10006	20206	10007	0	0	0	
	1135	불사의날개(S)	41958	0	0	0	4	13	11414	4	9996	5	10078	1	41958	6109	0	50	6057	0	20	6105	0	25	0	0	0	0	0	0	0	0	0	20000000 	16	1	2032	0	1	10001	10002	10003	10004	10006	20206	10007	0	0	0	
	1136	불사의날개(M)	41959	0	0	0	4	13	11414	4	9996	6	10002	1	41959	6109	0	50	6057	0	20	6105	0	25	0	0	0	0	0	0	0	0	0	20000000 	16	1	2033	0	1	10001	10002	10003	10004	10006	20206	10007	0	0	0	
	1137	불사의날개(H)	41960	0	0	0	4	13	11414	4	9996	7	10006	1	41960	6109	0	50	6057	0	20	6105	0	25	0	0	0	0	0	0	0	0	0	20000000 	16	1	2034	0	1	10001	10002	10003	10004	10006	20206	10007	0	0	0	
	1138	불사의날개(W)	41961	0	0	0	4	13	11414	4	9996	8	10008	1	41961	6109	0	50	6057	0	20	6105	0	25	0	0	0	0	0	0	0	0	0	20000000 	16	1	2035	0	1	10001	10002	10003	10004	10006	20206	10007	0	0	0	
//12-5 불가의 날개아이템_100% (1141~1150)																																																		
	1141	불사의날개(B)	41954	0	0	0	4	13	11414	5	9997	1	10074	1	41954	6109	0	250	6057	0	100	6105	0	125	0	0	0	0	0	0	0	0	0	100000000 	100	1	2028	0	1	10001	10002	10003	10004	10006	20206	10007	0	0	0	
	1142	불사의날개(D)	41955	0	0	0	4	13	11414	5	9997	2	10075	1	41955	6109	0	250	6057	0	100	6105	0	125	0	0	0	0	0	0	0	0	0	100000000 	100	1	2029	0	1	10001	10002	10003	10004	10006	20206	10007	0	0	0	
	1143	불사의날개(V)	41956	0	0	0	4	13	11414	5	9997	4	10076	1	41956	6109	0	250	6057	0	100	6105	0	125	0	0	0	0	0	0	0	0	0	100000000 	100	1	2030	0	1	10001	10002	10003	10004	10006	20206	10007	0	0	0	
	1144	불사의날개(E)	41957	0	0	0	4	13	11414	5	9997	3	10077	1	41957	6109	0	250	6057	0	100	6105	0	125	0	0	0	0	0	0	0	0	0	100000000 	100	1	2031	0	1	10001	10002	10003	10004	10006	20206	10007	0	0	0	
	1145	불사의날개(S)	41958	0	0	0	4	13	11414	5	9997	5	10078	1	41958	6109	0	250	6057	0	100	6105	0	125	0	0	0	0	0	0	0	0	0	100000000 	100	1	2032	0	1	10001	10002	10003	10004	10006	20206	10007	0	0	0	
	1146	불사의날개(M)	41959	0	0	0	4	13	11414	5	9997	6	10002	1	41959	6109	0	250	6057	0	100	6105	0	125	0	0	0	0	0	0	0	0	0	100000000 	100	1	2033	0	1	10001	10002	10003	10004	10006	20206	10007	0	0	0	
	1147	불사의날개(H)	41960	0	0	0	4	13	11414	5	9997	7	10006	1	41960	6109	0	250	6057	0	100	6105	0	125	0	0	0	0	0	0	0	0	0	100000000 	100	1	2034	0	1	10001	10002	10003	10004	10006	20206	10007	0	0	0	
	1148	불사의날개(W)	41961	0	0	0	4	13	11414	5	9997	8	10008	1	41961	6109	0	250	6057	0	100	6105	0	125	0	0	0	0	0	0	0	0	0	100000000 	100	1	2035	0	1	10001	10002	10003	10004	10006	20206	10007	0	0	0	
//21. 엘리트 아이템(2001 ~ 20000)																																																		
//21-1 엘리트 1차 아이템 (2001~2100)																																																		
	2001	니벨룽의양손검	9121	0	0	0	4	21	9467	1	9447	1	10074	1	9121	7251	0	25	7247	0	20	6019	0	18	0	0	0	0	0	0	0	0	0	0 	86	1	50001	0	1	10001	10002	10003	10004	10006	20206	10007	0	0	0	
	2002	니벨룽의도끼	9409	0	0	0	4	21	9467	1	9447	1	10074	2	9409	7251	0	25	7247	0	20	6019	0	18	0	0	0	0	0	0	0	0	0	0 	86	1	50000	0	1	10001	10002	10003	10004	10006	20206	10007	0	0	0	
	2003	아폴로갑옷	9410	0	0	0	4	21	9467	1	9447	1	10074	3	9410	7251	0	14	7247	0	10	6019	0	15	0	0	0	0	0	0	0	0	0	0 	86	1	51000	0	1	10001	10002	10003	10004	10006	20206	10007	0	0	0	
	2004	아폴로바지	9411	0	0	0	4	21	9467	1	9447	1	10074	4	9411	7251	0	12	7247	0	10	6019	0	13	0	0	0	0	0	0	0	0	0	0 	86	1	51002	0	1	10001	10002	10003	10004	10006	20206	10007	0	0	0	
	2005	아폴로헬멧	9412	0	0	0	4	21	9467	1	9447	1	10074	5	9412	7251	0	12	7247	0	8	6019	0	11	0	0	0	0	0	0	0	0	0	0 	86	1	51001	0	1	10001	10002	10003	10004	10006	20206	10007	0	0	0	
	2006	아폴로장갑	36321	0	0	0	4	21	9467	1	9447	1	10074	6	36321	7251	0	10	7247	0	8	6019	0	9	0	0	0	0	0	0	0	0	0	0 	86	1	51004	0	1	10001	10002	10003	10004	10006	20206	10007	0	0	0	
	2007	아폴로부츠	36322	0	0	0	4	21	9467	1	9447	1	10074	7	36322	7251	0	10	7247	0	8	6019	0	9	0	0	0	0	0	0	0	0	0	0 	86	1	51003	0	1	10001	10002	10003	10004	10006	20206	10007	0	0	0	
	2008	아폴로프로텍터	36323	0	0	0	4	21	9467	1	9447	1	10074	8	36323	7251	0	10	7247	0	6	6019	0	7	0	0	0	0	0	0	0	0	0	0 	86	1	51028	0	1	10001	10002	10003	10004	10006	20206	10007	0	0	0	
	2009	아폴로벨트	36324	0	0	0	4	21	9467	1	9447	1	10074	9	36324	7251	0	8	7247	0	6	6019	0	6	0	0	0	0	0	0	0	0	0	0 	86	1	51005	0	1	10001	10002	10003	10004	10006	20206	10007	0	0	0	
	2010	아폴로셔츠	36325	0	0	0	4	21	9467	1	9447	1	10074	10	36325	7251	0	6	7247	0	4	6019	0	5	0	0	0	0	0	0	0	0	0	0 	86	1	51006	0	1	10001	10002	10003	10004	10006	20206	10007	0	0	0	
	2011	이그드라실의양손검	9417	0	0	0	4	21	9467	1	9447	2	10075	1	9417	7251	0	25	7247	0	20	6021	0	18	0	0	0	0	0	0	0	0	0	0 	86	1	50002	0	1	10001	10002	10003	10004	10006	20206	10007	0	0	0	
	2012	이그드라실의창	9123	0	0	0	4	21	9467	1	9447	2	10075	2	9123	7251	0	25	7247	0	20	6021	0	18	0	0	0	0	0	0	0	0	0	0 	86	1	50003	0	1	10001	10002	10003	10004	10006	20206	10007	0	0	0	
	2013	아레스갑옷	9418	0	0	0	4	21	9467	1	9447	2	10075	3	9418	7251	0	14	7247	0	10	6021	0	15	0	0	0	0	0	0	0	0	0	0 	86	1	51007	0	1	10001	10002	10003	10004	10006	20206	10007	0	0	0	
	2014	아레스바지	9419	0	0	0	4	21	9467	1	9447	2	10075	4	9419	7251	0	12	7247	0	10	6021	0	13	0	0	0	0	0	0	0	0	0	0 	86	1	51009	0	1	10001	10002	10003	10004	10006	20206	10007	0	0	0	
	2015	아레스헬멧	9420	0	0	0	4	21	9467	1	9447	2	10075	5	9420	7251	0	12	7247	0	8	6021	0	11	0	0	0	0	0	0	0	0	0	0 	86	1	51008	0	1	10001	10002	10003	10004	10006	20206	10007	0	0	0	
	2016	아레스장갑	36361	0	0	0	4	21	9467	1	9447	2	10075	6	36361	7251	0	10	7247	0	8	6021	0	9	0	0	0	0	0	0	0	0	0	0 	86	1	51011	0	1	10001	10002	10003	10004	10006	20206	10007	0	0	0	
	2017	아레스부츠	36362	0	0	0	4	21	9467	1	9447	2	10075	7	36362	7251	0	10	7247	0	8	6021	0	9	0	0	0	0	0	0	0	0	0	0 	86	1	51010	0	1	10001	10002	10003	10004	10006	20206	10007	0	0	0	
	2018	아레스프로텍터	36363	0	0	0	4	21	9467	1	9447	2	10075	8	36363	7251	0	10	7247	0	6	6021	0	7	0	0	0	0	0	0	0	0	0	0 	86	1	51029	0	1	10001	10002	10003	10004	10006	20206	10007	0	0	0	
	2019	아레스벨트	36364	0	0	0	4	21	9467	1	9447	2	10075	9	36364	7251	0	8	7247	0	6	6021	0	6	0	0	0	0	0	0	0	0	0	0 	86	1	51012	0	1	10001	10002	10003	10004	10006	20206	10007	0	0	0	
	2020	아레스셔츠	36365	0	0	0	4	21	9467	1	9447	2	10075	10	36365	7251	0	6	7247	0	4	6021	0	5	0	0	0	0	0	0	0	0	0	0 	86	1	51013	0	1	10001	10002	10003	10004	10006	20206	10007	0	0	0	
	2021	네프티스의한손석궁	9413	0	0	0	4	21	9467	1	9447	3	10076	1	9413	7251	0	25	7247	0	20	6020	0	18	0	0	0	0	0	0	0	0	0	0 	86	1	50004	0	1	10001	10002	10003	10004	10006	20206	10007	0	0	0	
	2022	네프티스의에테르웨폰	9122	0	0	0	4	21	9467	1	9447	3	10076	2	9122	7251	0	25	7247	0	20	6020	0	18	0	0	0	0	0	0	0	0	0	0 	86	1	50005	0	1	10001	10002	10003	10004	10006	20206	10007	0	0	0	
	2023	니케갑옷	9414	0	0	0	4	21	9467	1	9447	3	10076	3	9414	7251	0	14	7247	0	10	6020	0	15	0	0	0	0	0	0	0	0	0	0 	86	1	51021	0	1	10001	10002	10003	10004	10006	20206	10007	0	0	0	
	2024	니케바지	9415	0	0	0	4	21	9467	1	9447	3	10076	4	9415	7251	0	12	7247	0	10	6020	0	13	0	0	0	0	0	0	0	0	0	0 	86	1	51023	0	1	10001	10002	10003	10004	10006	20206	10007	0	0	0	
	2025	니케헬멧	9416	0	0	0	4	21	9467	1	9447	3	10076	5	9416	7251	0	12	7247	0	8	6020	0	11	0	0	0	0	0	0	0	0	0	0 	86	1	51022	0	1	10001	10002	10003	10004	10006	20206	10007	0	0	0	
	2026	니케장갑	36341	0	0	0	4	21	9467	1	9447	3	10076	6	36341	7251	0	10	7247	0	8	6020	0	9	0	0	0	0	0	0	0	0	0	0 	86	1	51025	0	1	10001	10002	10003	10004	10006	20206	10007	0	0	0	
	2027	니케부츠	36342	0	0	0	4	21	9467	1	9447	3	10076	7	36342	7251	0	10	7247	0	8	6020	0	9	0	0	0	0	0	0	0	0	0	0 	86	1	51024	0	1	10001	10002	10003	10004	10006	20206	10007	0	0	0	
	2028	니케프로텍터	36343	0	0	0	4	21	9467	1	9447	3	10076	8	36343	7251	0	10	7247	0	6	6020	0	7	0	0	0	0	0	0	0	0	0	0 	86	1	51031	0	1	10001	10002	10003	10004	10006	20206	10007	0	0	0	
	2029	니케벨트	36344	0	0	0	4	21	9467	1	9447	3	10076	9	36344	7251	0	8	7247	0	6	6020	0	6	0	0	0	0	0	0	0	0	0	0 	86	1	51026	0	1	10001	10002	10003	10004	10006	20206	10007	0	0	0	
	2030	니케셔츠	36345	0	0	0	4	21	9467	1	9447	3	10076	10	36345	7251	0	6	7247	0	4	6020	0	5	0	0	0	0	0	0	0	0	0	0 	86	1	51027	0	1	10001	10002	10003	10004	10006	20206	10007	0	0	0	
	2031	클로리스의지팡이	9421	0	0	0	4	21	9467	1	9447	4	10077	1	9421	7251	0	25	7247	0	20	6022	0	18	0	0	0	0	0	0	0	0	0	0 	86	1	50006	0	1	10001	10002	10003	10004	10006	20206	10007	0	0	0	
	2032	클로리스의오브	9124	0	0	0	4	21	9467	1	9447	4	10077	2	9124	7251	0	25	7247	0	20	6022	0	18	0	0	0	0	0	0	0	0	0	0 	86	1	50007	0	1	10001	10002	10003	10004	10006	20206	10007	0	0	0	
	2033	아르테미스갑옷	9422	0	0	0	4	21	9467	1	9447	4	10077	3	9422	7251	0	14	7247	0	10	6022	0	15	0	0	0	0	0	0	0	0	0	0 	86	1	51014	0	1	10001	10002	10003	10004	10006	20206	10007	0	0	0	
	2034	아르테미스바지	9423	0	0	0	4	21	9467	1	9447	4	10077	4	9423	7251	0	12	7247	0	10	6022	0	13	0	0	0	0	0	0	0	0	0	0 	86	1	51016	0	1	10001	10002	10003	10004	10006	20206	10007	0	0	0	
	2035	아르테미스헬멧	9424	0	0	0	4	21	9467	1	9447	4	10077	5	9424	7251	0	12	7247	0	8	6022	0	11	0	0	0	0	0	0	0	0	0	0 	86	1	51015	0	1	10001	10002	10003	10004	10006	20206	10007	0	0	0	
	2036	아르테미스장갑	36381	0	0	0	4	21	9467	1	9447	4	10077	6	36381	7251	0	10	7247	0	8	6022	0	9	0	0	0	0	0	0	0	0	0	0 	86	1	51018	0	1	10001	10002	10003	10004	10006	20206	10007	0	0	0	
	2037	아르테미스부츠	36382	0	0	0	4	21	9467	1	9447	4	10077	7	36382	7251	0	10	7247	0	8	6022	0	9	0	0	0	0	0	0	0	0	0	0 	86	1	51017	0	1	10001	10002	10003	10004	10006	20206	10007	0	0	0	
	2038	아르테미스프로텍터	36383	0	0	0	4	21	9467	1	9447	4	10077	8	36383	7251	0	10	7247	0	6	6022	0	7	0	0	0	0	0	0	0	0	0	0 	86	1	51030	0	1	10001	10002	10003	10004	10006	20206	10007	0	0	0	
	2039	아르테미스벨트	36384	0	0	0	4	21	9467	1	9447	4	10077	9	36384	7251	0	8	7247	0	6	6022	0	6	0	0	0	0	0	0	0	0	0	0 	86	1	51019	0	1	10001	10002	10003	10004	10006	20206	10007	0	0	0	
	2040	아르테미스셔츠	36385	0	0	0	4	21	9467	1	9447	4	10077	10	36385	7251	0	6	7247	0	4	6022	0	5	0	0	0	0	0	0	0	0	0	0 	86	1	51020	0	1	10001	10002	10003	10004	10006	20206	10007	0	0	0	
	2041	야누비스의대거	31153	0	0	0	4	21	9467	1	9447	5	10078	1	31153	7251	0	25	7247	0	20	6031	0	18	0	0	0	0	0	0	0	0	0	0 	86	1	50008	0	1	10001	10002	10003	10004	10006	20206	10007	0	0	0	
	2042	야누비스의채찍검	31154	0	0	0	4	21	9467	1	9447	5	10078	2	31154	7251	0	25	7247	0	20	6031	0	18	0	0	0	0	0	0	0	0	0	0 	86	1	50009	0	1	10001	10002	10003	10004	10006	20206	10007	0	0	0	
	2043	헤르메스갑옷	35231	0	0	0	4	21	9467	1	9447	5	10078	3	35231	7251	0	14	7247	0	10	6031	0	15	0	0	0	0	0	0	0	0	0	0 	86	1	51091	0	1	10001	10002	10003	10004	10006	20206	10007	0	0	0	
	2044	헤르메스바지	35234	0	0	0	4	21	9467	1	9447	5	10078	4	35234	7251	0	12	7247	0	10	6031	0	13	0	0	0	0	0	0	0	0	0	0 	86	1	51094	0	1	10001	10002	10003	10004	10006	20206	10007	0	0	0	
	2045	헤르메스헬멧	35233	0	0	0	4	21	9467	1	9447	5	10078	5	35233	7251	0	12	7247	0	8	6031	0	11	0	0	0	0	0	0	0	0	0	0 	86	1	51093	0	1	10001	10002	10003	10004	10006	20206	10007	0	0	0	
	2046	헤르메스장갑	35236	0	0	0	4	21	9467	1	9447	5	10078	6	35236	7251	0	10	7247	0	8	6031	0	9	0	0	0	0	0	0	0	0	0	0 	86	1	51096	0	1	10001	10002	10003	10004	10006	20206	10007	0	0	0	
	2047	헤르메스부츠	35235	0	0	0	4	21	9467	1	9447	5	10078	7	35235	7251	0	10	7247	0	8	6031	0	9	0	0	0	0	0	0	0	0	0	0 	86	1	51095	0	1	10001	10002	10003	10004	10006	20206	10007	0	0	0	
	2048	헤르메스프로텍터	35232	0	0	0	4	21	9467	1	9447	5	10078	8	35232	7251	0	10	7247	0	6	6031	0	7	0	0	0	0	0	0	0	0	0	0 	86	1	51092	0	1	10001	10002	10003	10004	10006	20206	10007	0	0	0	
	2049	헤르메스벨트	35237	0	0	0	4	21	9467	1	9447	5	10078	9	35237	7251	0	8	7247	0	6	6031	0	6	0	0	0	0	0	0	0	0	0	0 	86	1	51097	0	1	10001	10002	10003	10004	10006	20206	10007	0	0	0	
	2050	헤르메스셔츠	35238	0	0	0	4	21	9467	1	9447	5	10078	10	35238	7251	0	6	7247	0	4	6031	0	5	0	0	0	0	0	0	0	0	0	0 	86	1	51098	0	1	10001	10002	10003	10004	10006	20206	10007	0	0	0	
	2051	헤카테건틀렛	9115	0	0	0	4	21	9467	1	9447	6	10002	1	9115	7251	0	25	7247	0	20	6064	0	18	0	0	0	0	0	0	0	0	0	0 	86	1	50050	0	1	10001	10002	10003	10004	10006	20206	10007	0	0	0	
	2052	헤카테폴암	9116	0	0	0	4	21	9467	1	9447	6	10002	2	9116	7251	0	25	7247	0	20	6064	0	18	0	0	0	0	0	0	0	0	0	0 	86	1	50051	0	1	10001	10002	10003	10004	10006	20206	10007	0	0	0	
	2053	페르세포네갑옷	9117	0	0	0	4	21	9467	1	9447	6	10002	3	9117	7251	0	14	7247	0	10	6064	0	15	0	0	0	0	0	0	0	0	0	0 	86	1	51359	0	1	10001	10002	10003	10004	10006	20206	10007	0	0	0	
	2054	페르세포네바지	9118	0	0	0	4	21	9467	1	9447	6	10002	4	9118	7251	0	12	7247	0	10	6064	0	13	0	0	0	0	0	0	0	0	0	0 	86	1	51362	0	1	10001	10002	10003	10004	10006	20206	10007	0	0	0	
	2055	페르세포네헬멧	9119	0	0	0	4	21	9467	1	9447	6	10002	5	9119	7251	0	12	7247	0	8	6064	0	11	0	0	0	0	0	0	0	0	0	0 	86	1	51361	0	1	10001	10002	10003	10004	10006	20206	10007	0	0	0	
	2056	페르세포네장갑	9389	0	0	0	4	21	9467	1	9447	6	10002	6	9389	7251	0	10	7247	0	8	6064	0	9	0	0	0	0	0	0	0	0	0	0 	86	1	51364	0	1	10001	10002	10003	10004	10006	20206	10007	0	0	0	
	2057	페르세포네부츠	9390	0	0	0	4	21	9467	1	9447	6	10002	7	9390	7251	0	10	7247	0	8	6064	0	9	0	0	0	0	0	0	0	0	0	0 	86	1	51363	0	1	10001	10002	10003	10004	10006	20206	10007	0	0	0	
	2058	페르세포네프로텍터	9391	0	0	0	4	21	9467	1	9447	6	10002	8	9391	7251	0	10	7247	0	6	6064	0	7	0	0	0	0	0	0	0	0	0	0 	86	1	51360	0	1	10001	10002	10003	10004	10006	20206	10007	0	0	0	
	2059	페르세포네벨트	9392	0	0	0	4	21	9467	1	9447	6	10002	9	9392	7251	0	8	7247	0	6	6064	0	6	0	0	0	0	0	0	0	0	0	0 	86	1	51365	0	1	10001	10002	10003	10004	10006	20206	10007	0	0	0	
	2060	페르세포네셔츠	9393	0	0	0	4	21	9467	1	9447	6	10002	10	9393	7251	0	6	7247	0	4	6064	0	5	0	0	0	0	0	0	0	0	0	0 	86	1	51366	0	1	10001	10002	10003	10004	10006	20206	10007	0	0	0	
	2061	오시리스에테르블래스터	9125	0	0	0	4	21	9467	1	9447	7	10006	1	9125	7251	0	25	7247	0	20	6074	0	18	0	0	0	0	0	0	0	0	0	0 	86	1	50128	0	1	10001	10002	10003	10004	10006	20206	10007	0	0	0	
	2062	마르스갑옷	9126	0	0	0	4	21	9467	1	9447	7	10006	2	9126	7251	0	14	7247	0	10	6074	0	15	0	0	0	0	0	0	0	0	0	0 	86	1	51655	0	1	10001	10002	10003	10004	10006	20206	10007	0	0	0	
	2063	마르스바지	9127	0	0	0	4	21	9467	1	9447	7	10006	3	9127	7251	0	12	7247	0	10	6074	0	13	0	0	0	0	0	0	0	0	0	0 	86	1	51658	0	1	10001	10002	10003	10004	10006	20206	10007	0	0	0	
	2064	마르스헬멧	9128	0	0	0	4	21	9467	1	9447	7	10006	4	9128	7251	0	12	7247	0	8	6074	0	11	0	0	0	0	0	0	0	0	0	0 	86	1	51657	0	1	10001	10002	10003	10004	10006	20206	10007	0	0	0	
	2065	마르스장갑	9129	0	0	0	4	21	9467	1	9447	7	10006	5	9129	7251	0	10	7247	0	8	6074	0	9	0	0	0	0	0	0	0	0	0	0 	86	1	51660	0	1	10001	10002	10003	10004	10006	20206	10007	0	0	0	
	2066	마르스부츠	9130	0	0	0	4	21	9467	1	9447	7	10006	6	9130	7251	0	10	7247	0	8	6074	0	9	0	0	0	0	0	0	0	0	0	0 	86	1	51659	0	1	10001	10002	10003	10004	10006	20206	10007	0	0	0	
	2067	마르스프로텍터	10130	0	0	0	4	21	9467	1	9447	7	10006	7	10130	7251	0	10	7247	0	6	6074	0	7	0	0	0	0	0	0	0	0	0	0 	86	1	51656	0	1	10001	10002	10003	10004	10006	20206	10007	0	0	0	
	2068	마르스벨트	10131	0	0	0	4	21	9467	1	9447	7	10006	8	10131	7251	0	8	7247	0	6	6074	0	6	0	0	0	0	0	0	0	0	0	0 	86	1	51661	0	1	10001	10002	10003	10004	10006	20206	10007	0	0	0	
	2069	마르스셔츠	10132	0	0	0	4	21	9467	1	9447	7	10006	9	10132	7251	0	6	7247	0	4	6074	0	5	0	0	0	0	0	0	0	0	0	0 	86	1	51662	0	1	10001	10002	10003	10004	10006	20206	10007	0	0	0	
	2070	세크메트의아크블레이드	9755	0	0	0	4	21	9467	1	9447	8	10008	1	9755	7251	0	25	7247	0	20	6093	0	18	0	0	0	0	0	0	0	0	0	0 	86	1	50320	0	1	10001	10002	10003	10004	10006	20206	10007	0	0	0	
	2071	아테네갑옷	9756	0	0	0	4	21	9467	1	9447	8	10008	2	9756	7251	0	14	7247	0	10	6093	0	15	0	0	0	0	0	0	0	0	0	0 	86	1	57009	0	1	10001	10002	10003	10004	10006	20206	10007	0	0	0	
	2072	아테네바지	9757	0	0	0	4	21	9467	1	9447	8	10008	3	9757	7251	0	12	7247	0	10	6093	0	13	0	0	0	0	0	0	0	0	0	0 	86	1	57012	0	1	10001	10002	10003	10004	10006	20206	10007	0	0	0	
	2073	아테네헬멧	9758	0	0	0	4	21	9467	1	9447	8	10008	4	9758	7251	0	12	7247	0	8	6093	0	11	0	0	0	0	0	0	0	0	0	0 	86	1	57011	0	1	10001	10002	10003	10004	10006	20206	10007	0	0	0	
	2074	아테네장갑	9759	0	0	0	4	21	9467	1	9447	8	10008	5	9759	7251	0	10	7247	0	8	6093	0	9	0	0	0	0	0	0	0	0	0	0 	86	1	57014	0	1	10001	10002	10003	10004	10006	20206	10007	0	0	0	
	2075	아테네부츠	9760	0	0	0	4	21	9467	1	9447	8	10008	6	9760	7251	0	10	7247	0	8	6093	0	9	0	0	0	0	0	0	0	0	0	0 	86	1	57013	0	1	10001	10002	10003	10004	10006	20206	10007	0	0	0	
	2076	아테네프로텍터	9761	0	0	0	4	21	9467	1	9447	8	10008	7	9761	7251	0	10	7247	0	6	6093	0	7	0	0	0	0	0	0	0	0	0	0 	86	1	57010	0	1	10001	10002	10003	10004	10006	20206	10007	0	0	0	
	2077	아테네벨트	9762	0	0	0	4	21	9467	1	9447	8	10008	8	9762	7251	0	8	7247	0	6	6093	0	6	0	0	0	0	0	0	0	0	0	0 	86	1	57015	0	1	10001	10002	10003	10004	10006	20206	10007	0	0	0	
	2078	아테네셔츠	9763	0	0	0	4	21	9467	1	9447	8	10008	9	9763	7251	0	6	7247	0	4	6093	0	5	0	0	0	0	0	0	0	0	0	0 	86	1	57016	0	1	10001	10002	10003	10004	10006	20206	10007	0	0	0	
//21-11 엘리트 1.5차 아이템 (2101~2200)																																																		
	2101	파괴신_니벨룽의_양손도끼	30391	0	0	0	4	21	9467	11	9479	1	10074	1	30391	50000	10012	1	7251	0	25	7247	0	20	0	0	0	0	0	0	0	0	0	0 	100	1	50010	10010	1	10001	10002	10003	10004	10006	20206	10007	0	0	0	
	2102	파괴신_니벨룽의_양손검	30392	0	0	0	4	21	9467	11	9479	1	10074	2	30392	50001	10012	1	7251	0	25	7247	0	20	0	0	0	0	0	0	0	0	0	0 	100	1	50011	10010	1	10001	10002	10003	10004	10006	20206	10007	0	0	0	
	2103	파괴신_아폴로_갑옷	32411	0	0	0	4	21	9467	11	9479	1	10074	3	32411	51000	10012	1	7251	0	14	7247	0	10	0	0	0	0	0	0	0	0	0	0 	100	1	51036	10010	1	10001	10002	10003	10004	10006	20206	10007	0	0	0	
	2104	파괴신_아폴로_바지	32414	0	0	0	4	21	9467	11	9479	1	10074	4	32414	51002	10012	1	7251	0	12	7247	0	10	0	0	0	0	0	0	0	0	0	0 	100	1	51039	10010	1	10001	10002	10003	10004	10006	20206	10007	0	0	0	
	2105	파괴신_아폴로_헬멧	32413	0	0	0	4	21	9467	11	9479	1	10074	5	32413	51001	10012	1	7251	0	12	7247	0	10	0	0	0	0	0	0	0	0	0	0 	100	1	51038	10010	1	10001	10002	10003	10004	10006	20206	10007	0	0	0	
	2106	파괴신_아폴로_장갑	32416	0	0	0	4	21	9467	11	9479	1	10074	6	32416	51004	10012	1	7251	0	10	7247	0	10	0	0	0	0	0	0	0	0	0	0 	100	1	51041	10010	1	10001	10002	10003	10004	10006	20206	10007	0	0	0	
	2107	파괴신_아폴로_부츠	32415	0	0	0	4	21	9467	11	9479	1	10074	7	32415	51003	10012	1	7251	0	10	7247	0	10	0	0	0	0	0	0	0	0	0	0 	100	1	51040	10010	1	10001	10002	10003	10004	10006	20206	10007	0	0	0	
	2108	파괴신_아폴로_프로텍터	32412	0	0	0	4	21	9467	11	9479	1	10074	8	32412	51028	10012	1	7251	0	10	7247	0	6	0	0	0	0	0	0	0	0	0	0 	100	1	51037	10010	1	10001	10002	10003	10004	10006	20206	10007	0	0	0	
	2109	파괴신_아폴로_벨트	32417	0	0	0	4	21	9467	11	9479	1	10074	9	32417	51005	10012	1	7251	0	8	7247	0	6	0	0	0	0	0	0	0	0	0	0 	100	1	51042	10010	1	10001	10002	10003	10004	10006	20206	10007	0	0	0	
	2110	파괴신_아폴로_셔츠	32418	0	0	0	4	21	9467	11	9479	1	10074	10	32418	51006	10012	1	7251	0	6	7247	0	4	0	0	0	0	0	0	0	0	0	0 	100	1	51043	10010	1	10001	10002	10003	10004	10006	20206	10007	0	0	0	
	2111	저주의_이그드라실의_한손검	30393	0	0	0	4	21	9467	11	9479	2	10075	1	30393	50002	10012	1	7251	0	25	7247	0	20	0	0	0	0	0	0	0	0	0	0 	100	1	50012	10010	1	10001	10002	10003	10004	10006	20206	10007	0	0	0	
	2112	저주의_이그드라실의_창	30394	0	0	0	4	21	9467	11	9479	2	10075	2	30394	50003	10012	1	7251	0	25	7247	0	20	0	0	0	0	0	0	0	0	0	0 	100	1	50013	10010	1	10001	10002	10003	10004	10006	20206	10007	0	0	0	
	2113	저주의_아레스_갑옷	32421	0	0	0	4	21	9467	11	9479	2	10075	3	32421	51007	10012	1	7251	0	14	7247	0	10	0	0	0	0	0	0	0	0	0	0 	100	1	51044	10010	1	10001	10002	10003	10004	10006	20206	10007	0	0	0	
	2114	저주의_아레스_바지	32424	0	0	0	4	21	9467	11	9479	2	10075	4	32424	51009	10012	1	7251	0	12	7247	0	10	0	0	0	0	0	0	0	0	0	0 	100	1	51047	10010	1	10001	10002	10003	10004	10006	20206	10007	0	0	0	
	2115	저주의_아레스_헬멧	32423	0	0	0	4	21	9467	11	9479	2	10075	5	32423	51008	10012	1	7251	0	12	7247	0	10	0	0	0	0	0	0	0	0	0	0 	100	1	51046	10010	1	10001	10002	10003	10004	10006	20206	10007	0	0	0	
	2116	저주의_아레스_장갑	32426	0	0	0	4	21	9467	11	9479	2	10075	6	32426	51011	10012	1	7251	0	10	7247	0	10	0	0	0	0	0	0	0	0	0	0 	100	1	51049	10010	1	10001	10002	10003	10004	10006	20206	10007	0	0	0	
	2117	저주의_아레스_부츠	32425	0	0	0	4	21	9467	11	9479	2	10075	7	32425	51010	10012	1	7251	0	10	7247	0	10	0	0	0	0	0	0	0	0	0	0 	100	1	51048	10010	1	10001	10002	10003	10004	10006	20206	10007	0	0	0	
	2118	저주의_아레스_프로텍터	32422	0	0	0	4	21	9467	11	9479	2	10075	8	32422	51029	10012	1	7251	0	10	7247	0	6	0	0	0	0	0	0	0	0	0	0 	100	1	51045	10010	1	10001	10002	10003	10004	10006	20206	10007	0	0	0	
	2119	저주의_아레스_벨트	32427	0	0	0	4	21	9467	11	9479	2	10075	9	32427	51012	10012	1	7251	0	8	7247	0	6	0	0	0	0	0	0	0	0	0	0 	100	1	51050	10010	1	10001	10002	10003	10004	10006	20206	10007	0	0	0	
	2120	저주의_아레스_셔츠	32428	0	0	0	4	21	9467	11	9479	2	10075	10	32428	51013	10012	1	7251	0	6	7247	0	4	0	0	0	0	0	0	0	0	0	0 	100	1	51051	10010	1	10001	10002	10003	10004	10006	20206	10007	0	0	0	
	2121	타락한_네프티스의_한손석궁	30395	0	0	0	4	21	9467	11	9479	3	10076	1	30395	50004	10012	1	7251	0	25	7247	0	20	0	0	0	0	0	0	0	0	0	0 	100	1	50014	10010	1	10001	10002	10003	10004	10006	20206	10007	0	0	0	
	2122	타락한_네프티스의_에테르웨폰	30396	0	0	0	4	21	9467	11	9479	3	10076	2	30396	50005	10012	1	7251	0	25	7247	0	20	0	0	0	0	0	0	0	0	0	0 	100	1	50015	10010	1	10001	10002	10003	10004	10006	20206	10007	0	0	0	
	2123	타락한_니케_갑옷	32441	0	0	0	4	21	9467	11	9479	3	10076	3	32441	51021	10012	1	7251	0	14	7247	0	10	0	0	0	0	0	0	0	0	0	0 	100	1	51060	10010	1	10001	10002	10003	10004	10006	20206	10007	0	0	0	
	2124	타락한_니케_바지	32444	0	0	0	4	21	9467	11	9479	3	10076	4	32444	51023	10012	1	7251	0	12	7247	0	10	0	0	0	0	0	0	0	0	0	0 	100	1	51063	10010	1	10001	10002	10003	10004	10006	20206	10007	0	0	0	
	2125	타락한_니케_헬멧	32443	0	0	0	4	21	9467	11	9479	3	10076	5	32443	51022	10012	1	7251	0	12	7247	0	10	0	0	0	0	0	0	0	0	0	0 	100	1	51062	10010	1	10001	10002	10003	10004	10006	20206	10007	0	0	0	
	2126	타락한_니케_장갑	32446	0	0	0	4	21	9467	11	9479	3	10076	6	32446	51025	10012	1	7251	0	10	7247	0	10	0	0	0	0	0	0	0	0	0	0 	100	1	51065	10010	1	10001	10002	10003	10004	10006	20206	10007	0	0	0	
	2127	타락한_니케_부츠	32445	0	0	0	4	21	9467	11	9479	3	10076	7	32445	51024	10012	1	7251	0	10	7247	0	10	0	0	0	0	0	0	0	0	0	0 	100	1	51064	10010	1	10001	10002	10003	10004	10006	20206	10007	0	0	0	
	2128	타락한_니케_프로텍터	32442	0	0	0	4	21	9467	11	9479	3	10076	8	32442	51031	10012	1	7251	0	10	7247	0	6	0	0	0	0	0	0	0	0	0	0 	100	1	51061	10010	1	10001	10002	10003	10004	10006	20206	10007	0	0	0	
	2129	타락한_니케_벨트	32447	0	0	0	4	21	9467	11	9479	3	10076	9	32447	51026	10012	1	7251	0	8	7247	0	6	0	0	0	0	0	0	0	0	0	0 	100	1	51066	10010	1	10001	10002	10003	10004	10006	20206	10007	0	0	0	
	2130	타락한_니케_셔츠	32448	0	0	0	4	21	9467	11	9479	3	10076	10	32448	51027	10012	1	7251	0	6	7247	0	4	0	0	0	0	0	0	0	0	0	0 	100	1	51067	10010	1	10001	10002	10003	10004	10006	20206	10007	0	0	0	
	2131	죽음의_클로리스의_지팡이	30397	0	0	0	4	21	9467	11	9479	4	10077	1	30397	50006	10012	1	7251	0	25	7247	0	20	0	0	0	0	0	0	0	0	0	0 	100	1	50016	10010	1	10001	10002	10003	10004	10006	20206	10007	0	0	0	
	2132	죽음의_클로리스의_오브	30398	0	0	0	4	21	9467	11	9479	4	10077	2	30398	50007	10012	1	7251	0	25	7247	0	20	0	0	0	0	0	0	0	0	0	0 	100	1	50017	10010	1	10001	10002	10003	10004	10006	20206	10007	0	0	0	
	2133	죽음의_아르테미스_갑옷	32451	0	0	0	4	21	9467	11	9479	4	10077	3	32451	51014	10012	1	7251	0	14	7247	0	10	0	0	0	0	0	0	0	0	0	0 	100	1	51052	10010	1	10001	10002	10003	10004	10006	20206	10007	0	0	0	
	2134	죽음의_아르테미스_바지	32454	0	0	0	4	21	9467	11	9479	4	10077	4	32454	51016	10012	1	7251	0	12	7247	0	10	0	0	0	0	0	0	0	0	0	0 	100	1	51055	10010	1	10001	10002	10003	10004	10006	20206	10007	0	0	0	
	2135	죽음의_아르테미스_헬멧	32453	0	0	0	4	21	9467	11	9479	4	10077	5	32453	51015	10012	1	7251	0	12	7247	0	10	0	0	0	0	0	0	0	0	0	0 	100	1	51054	10010	1	10001	10002	10003	10004	10006	20206	10007	0	0	0	
	2136	죽음의_아르테미스_장갑	32456	0	0	0	4	21	9467	11	9479	4	10077	6	32456	51018	10012	1	7251	0	10	7247	0	10	0	0	0	0	0	0	0	0	0	0 	100	1	51057	10010	1	10001	10002	10003	10004	10006	20206	10007	0	0	0	
	2137	죽음의_아르테미스_부츠	32455	0	0	0	4	21	9467	11	9479	4	10077	7	32455	51017	10012	1	7251	0	10	7247	0	10	0	0	0	0	0	0	0	0	0	0 	100	1	51056	10010	1	10001	10002	10003	10004	10006	20206	10007	0	0	0	
	2138	죽음의_아르테미스_프로텍터	32452	0	0	0	4	21	9467	11	9479	4	10077	8	32452	51030	10012	1	7251	0	10	7247	0	6	0	0	0	0	0	0	0	0	0	0 	100	1	51053	10010	1	10001	10002	10003	10004	10006	20206	10007	0	0	0	
	2139	죽음의_아르테미스_벨트	32457	0	0	0	4	21	9467	11	9479	4	10077	9	32457	51019	10012	1	7251	0	8	7247	0	6	0	0	0	0	0	0	0	0	0	0 	100	1	51058	10010	1	10001	10002	10003	10004	10006	20206	10007	0	0	0	
	2140	죽음의_아르테미스_셔츠	32458	0	0	0	4	21	9467	11	9479	4	10077	10	32458	51020	10012	1	7251	0	6	7247	0	4	0	0	0	0	0	0	0	0	0	0 	100	1	51059	10010	1	10001	10002	10003	10004	10006	20206	10007	0	0	0	
	2141	탐욕의_야누비스의_대거	30399	0	0	0	4	21	9467	11	9479	5	10078	1	30399	50008	10012	1	7251	0	25	7247	0	20	0	0	0	0	0	0	0	0	0	0 	100	1	50018	10010	1	10001	10002	10003	10004	10006	20206	10007	0	0	0	
	2142	탐욕의_야누비스의_채찍검	30400	0	0	0	4	21	9467	11	9479	5	10078	2	30400	50009	10012	1	7251	0	25	7247	0	20	0	0	0	0	0	0	0	0	0	0 	100	1	50019	10010	1	10001	10002	10003	10004	10006	20206	10007	0	0	0	
	2143	탐욕의_헤르메스의_갑옷	32431	0	0	0	4	21	9467	11	9479	5	10078	3	32431	51091	10012	1	7251	0	14	7247	0	10	0	0	0	0	0	0	0	0	0	0 	100	1	51068	10010	1	10001	10002	10003	10004	10006	20206	10007	0	0	0	
	2144	탐욕의_헤르메스의_바지	32434	0	0	0	4	21	9467	11	9479	5	10078	4	32434	51094	10012	1	7251	0	12	7247	0	10	0	0	0	0	0	0	0	0	0	0 	100	1	51071	10010	1	10001	10002	10003	10004	10006	20206	10007	0	0	0	
	2145	탐욕의_헤르메스의_헬멧	32433	0	0	0	4	21	9467	11	9479	5	10078	5	32433	51093	10012	1	7251	0	12	7247	0	10	0	0	0	0	0	0	0	0	0	0 	100	1	51070	10010	1	10001	10002	10003	10004	10006	20206	10007	0	0	0	
	2146	탐욕의_헤르메스의_장갑	32436	0	0	0	4	21	9467	11	9479	5	10078	6	32436	51096	10012	1	7251	0	10	7247	0	10	0	0	0	0	0	0	0	0	0	0 	100	1	51073	10010	1	10001	10002	10003	10004	10006	20206	10007	0	0	0	
	2147	탐욕의_헤르메스의_부츠	32435	0	0	0	4	21	9467	11	9479	5	10078	7	32435	51095	10012	1	7251	0	10	7247	0	10	0	0	0	0	0	0	0	0	0	0 	100	1	51072	10010	1	10001	10002	10003	10004	10006	20206	10007	0	0	0	
	2148	탐욕의_헤르메스의_프로텍터	32432	0	0	0	4	21	9467	11	9479	5	10078	8	32432	51092	10012	1	7251	0	10	7247	0	6	0	0	0	0	0	0	0	0	0	0 	100	1	51069	10010	1	10001	10002	10003	10004	10006	20206	10007	0	0	0	
	2149	탐욕의_헤르메스의_벨트	32437	0	0	0	4	21	9467	11	9479	5	10078	9	32437	51097	10012	1	7251	0	8	7247	0	6	0	0	0	0	0	0	0	0	0	0 	100	1	51074	10010	1	10001	10002	10003	10004	10006	20206	10007	0	0	0	
	2150	탐욕의_헤르메스의_셔츠	32438	0	0	0	4	21	9467	11	9479	5	10078	10	32438	51098	10012	1	7251	0	6	7247	0	4	0	0	0	0	0	0	0	0	0	0 	100	1	51075	10010	1	10001	10002	10003	10004	10006	20206	10007	0	0	0	
	2151	증오의_헤카테_건틀렛	9297	0	0	0	4	21	9467	11	9479	6	10002	1	9297	50050	10012	1	7251	0	25	7247	0	20	0	0	0	0	0	0	0	0	0	0 	100	1	50052	10010	1	10001	10002	10003	10004	10006	20206	10007	0	0	0	
	2152	증오의_헤카테_폴암	9298	0	0	0	4	21	9467	11	9479	6	10002	2	9298	50051	10012	1	7251	0	25	7247	0	20	0	0	0	0	0	0	0	0	0	0 	100	1	50053	10010	1	10001	10002	10003	10004	10006	20206	10007	0	0	0	
	2153	증오의_페르세포네_갑옷	9381	0	0	0	4	21	9467	11	9479	6	10002	3	9381	51359	10012	1	7251	0	14	7247	0	10	0	0	0	0	0	0	0	0	0	0 	100	1	51367	10010	1	10001	10002	10003	10004	10006	20206	10007	0	0	0	
	2154	증오의_페르세포네_바지	9384	0	0	0	4	21	9467	11	9479	6	10002	4	9384	51362	10012	1	7251	0	12	7247	0	10	0	0	0	0	0	0	0	0	0	0 	100	1	51370	10010	1	10001	10002	10003	10004	10006	20206	10007	0	0	0	
	2155	증오의_페르세포네_헬멧	9383	0	0	0	4	21	9467	11	9479	6	10002	5	9383	51361	10012	1	7251	0	12	7247	0	10	0	0	0	0	0	0	0	0	0	0 	100	1	51369	10010	1	10001	10002	10003	10004	10006	20206	10007	0	0	0	
	2156	증오의_페르세포네_장갑	9386	0	0	0	4	21	9467	11	9479	6	10002	6	9386	51364	10012	1	7251	0	10	7247	0	10	0	0	0	0	0	0	0	0	0	0 	100	1	51372	10010	1	10001	10002	10003	10004	10006	20206	10007	0	0	0	
	2157	증오의_페르세포네_부츠	9385	0	0	0	4	21	9467	11	9479	6	10002	7	9385	51363	10012	1	7251	0	10	7247	0	10	0	0	0	0	0	0	0	0	0	0 	100	1	51371	10010	1	10001	10002	10003	10004	10006	20206	10007	0	0	0	
	2158	증오의_페르세포네_프로텍터	9382	0	0	0	4	21	9467	11	9479	6	10002	8	9382	51360	10012	1	7251	0	10	7247	0	6	0	0	0	0	0	0	0	0	0	0 	100	1	51368	10010	1	10001	10002	10003	10004	10006	20206	10007	0	0	0	
	2159	증오의_페르세포네_벨트	9387	0	0	0	4	21	9467	11	9479	6	10002	9	9387	51365	10012	1	7251	0	8	7247	0	6	0	0	0	0	0	0	0	0	0	0 	100	1	51373	10010	1	10001	10002	10003	10004	10006	20206	10007	0	0	0	
	2160	증오의_페르세포네_셔츠	9388	0	0	0	4	21	9467	11	9479	6	10002	10	9388	51366	10012	1	7251	0	6	7247	0	4	0	0	0	0	0	0	0	0	0	0 	100	1	51374	10010	1	10001	10002	10003	10004	10006	20206	10007	0	0	0	
	2161	분노의_오시리스_에테르블래스터	10133	0	0	0	4	21	9467	11	9479	7	10006	1	10133	50128	10012	1	7251	0	25	7247	0	20	0	0	0	0	0	0	0	0	0	0 	100	1	50129	10010	1	10001	10002	10003	10004	10006	20206	10007	0	0	0	
	2162	분노의_마르스_갑옷	10134	0	0	0	4	21	9467	11	9479	7	10006	2	10134	51655	10012	1	7251	0	14	7247	0	10	0	0	0	0	0	0	0	0	0	0 	100	1	51663	10010	1	10001	10002	10003	10004	10006	20206	10007	0	0	0	
	2163	분노의_마르스_바지	10135	0	0	0	4	21	9467	11	9479	7	10006	3	10135	51658	10012	1	7251	0	12	7247	0	10	0	0	0	0	0	0	0	0	0	0 	100	1	51666	10010	1	10001	10002	10003	10004	10006	20206	10007	0	0	0	
	2164	분노의_마르스_헬멧	10136	0	0	0	4	21	9467	11	9479	7	10006	4	10136	51657	10012	1	7251	0	12	7247	0	10	0	0	0	0	0	0	0	0	0	0 	100	1	51665	10010	1	10001	10002	10003	10004	10006	20206	10007	0	0	0	
	2165	분노의_마르스_장갑	10137	0	0	0	4	21	9467	11	9479	7	10006	5	10137	51660	10012	1	7251	0	10	7247	0	10	0	0	0	0	0	0	0	0	0	0 	100	1	51668	10010	1	10001	10002	10003	10004	10006	20206	10007	0	0	0	
	2166	분노의_마르스_부츠	10138	0	0	0	4	21	9467	11	9479	7	10006	6	10138	51659	10012	1	7251	0	10	7247	0	10	0	0	0	0	0	0	0	0	0	0 	100	1	51667	10010	1	10001	10002	10003	10004	10006	20206	10007	0	0	0	
	2167	분노의_마르스_프로텍터	10139	0	0	0	4	21	9467	11	9479	7	10006	7	10139	51656	10012	1	7251	0	10	7247	0	6	0	0	0	0	0	0	0	0	0	0 	100	1	51664	10010	1	10001	10002	10003	10004	10006	20206	10007	0	0	0	
	2168	분노의_마르스_벨트	10140	0	0	0	4	21	9467	11	9479	7	10006	8	10140	51661	10012	1	7251	0	8	7247	0	6	0	0	0	0	0	0	0	0	0	0 	100	1	51669	10010	1	10001	10002	10003	10004	10006	20206	10007	0	0	0	
	2169	분노의_마르스_셔츠	10141	0	0	0	4	21	9467	11	9479	7	10006	9	10141	51662	10012	1	7251	0	6	7247	0	4	0	0	0	0	0	0	0	0	0	0 	100	1	51670	10010	1	10001	10002	10003	10004	10006	20206	10007	0	0	0	
	2170	냉정한_세크메트의_아크블레이드	9764	0	0	0	4	21	9467	11	9479	8	10008	1	9764	50320	10012	1	7251	0	25	7247	0	20	0	0	0	0	0	0	0	0	0	0 	100	1	50321	10010	1	10001	10002	10003	10004	10006	20206	10007	0	0	0	
	2171	냉정한_아테네_갑옷	9765	0	0	0	4	21	9467	11	9479	8	10008	2	9765	57009	10012	1	7251	0	14	7247	0	10	0	0	0	0	0	0	0	0	0	0 	100	1	57017	10010	1	10001	10002	10003	10004	10006	20206	10007	0	0	0	
	2172	냉정한_아테네_바지	9766	0	0	0	4	21	9467	11	9479	8	10008	3	9766	57012	10012	1	7251	0	12	7247	0	10	0	0	0	0	0	0	0	0	0	0 	100	1	57020	10010	1	10001	10002	10003	10004	10006	20206	10007	0	0	0	
	2173	냉정한_아테네_헬멧	9767	0	0	0	4	21	9467	11	9479	8	10008	4	9767	57011	10012	1	7251	0	12	7247	0	10	0	0	0	0	0	0	0	0	0	0 	100	1	57019	10010	1	10001	10002	10003	10004	10006	20206	10007	0	0	0	
	2174	냉정한_아테네_장갑	9768	0	0	0	4	21	9467	11	9479	8	10008	5	9768	57014	10012	1	7251	0	10	7247	0	10	0	0	0	0	0	0	0	0	0	0 	100	1	57022	10010	1	10001	10002	10003	10004	10006	20206	10007	0	0	0	
	2175	냉정한_아테네_부츠	9769	0	0	0	4	21	9467	11	9479	8	10008	6	9769	57013	10012	1	7251	0	10	7247	0	10	0	0	0	0	0	0	0	0	0	0 	100	1	57021	10010	1	10001	10002	10003	10004	10006	20206	10007	0	0	0	
	2176	냉정한_아테네_프로텍터	9770	0	0	0	4	21	9467	11	9479	8	10008	7	9770	57010	10012	1	7251	0	10	7247	0	6	0	0	0	0	0	0	0	0	0	0 	100	1	57018	10010	1	10001	10002	10003	10004	10006	20206	10007	0	0	0	
	2177	냉정한_아테네_벨트	9771	0	0	0	4	21	9467	11	9479	8	10008	8	9771	57015	10012	1	7251	0	8	7247	0	6	0	0	0	0	0	0	0	0	0	0 	100	1	57023	10010	1	10001	10002	10003	10004	10006	20206	10007	0	0	0	
	2178	냉정한_아테네_셔츠	9772	0	0	0	4	21	9467	11	9479	8	10008	9	9772	57016	10012	1	7251	0	6	7247	0	4	0	0	0	0	0	0	0	0	0	0 	100	1	57024	10010	1	10001	10002	10003	10004	10006	20206	10007	0	0	0	
//21-21 엘리트 2차 아이템 (2201~2300)																																																		
	2201	메르카바의양손검	30412	0	0	0	4	21	9467	21	12048	1	10074	1	30412	6060	0	40	6057	0	15	6051	0	18	0	0	0	0	0	0	0	0	0	20000000 	100	1	50021	0	1	10001	10002	10003	10004	10006	20206	10007	0	0	0	
	2202	메르카바의양손도끼	30411	0	0	0	4	21	9467	21	12048	1	10074	2	30411	6060	0	40	6057	0	15	6051	0	18	0	0	0	0	0	0	0	0	0	20000000 	100	1	50020	0	1	10001	10002	10003	10004	10006	20206	10007	0	0	0	
	2203	트론즈갑옷	31481	0	0	0	4	21	9467	21	12048	1	10074	3	31481	6056	0	35	6057	0	12	6051	0	15	0	0	0	0	0	0	0	0	0	16000000 	100	1	51217	0	1	10001	10002	10003	10004	10006	20206	10007	0	0	0	
	2204	트론즈바지	31484	0	0	0	4	21	9467	21	12048	1	10074	4	31484	6056	0	33	6057	0	10	6051	0	13	0	0	0	0	0	0	0	0	0	14500000 	100	1	51220	0	1	10001	10002	10003	10004	10006	20206	10007	0	0	0	
	2205	트론즈헬멧	31483	0	0	0	4	21	9467	21	12048	1	10074	5	31483	6056	0	31	6057	0	8	6051	0	11	0	0	0	0	0	0	0	0	0	13000000 	100	1	51219	0	1	10001	10002	10003	10004	10006	20206	10007	0	0	0	
	2206	트론즈장갑	31486	0	0	0	4	21	9467	21	12048	1	10074	6	31486	6056	0	29	6057	0	6	6051	0	9	0	0	0	0	0	0	0	0	0	11500000 	100	1	51222	0	1	10001	10002	10003	10004	10006	20206	10007	0	0	0	
	2207	트론즈부츠	31485	0	0	0	4	21	9467	21	12048	1	10074	7	31485	6056	0	29	6057	0	6	6051	0	9	0	0	0	0	0	0	0	0	0	11500000 	100	1	51221	0	1	10001	10002	10003	10004	10006	20206	10007	0	0	0	
	2208	트론즈프로텍터	31482	0	0	0	4	21	9467	21	12048	1	10074	8	31482	6056	0	27	6057	0	4	6051	0	7	0	0	0	0	0	0	0	0	0	10000000 	100	1	51218	0	1	10001	10002	10003	10004	10006	20206	10007	0	0	0	
	2209	트론즈벨트	31487	0	0	0	4	21	9467	21	12048	1	10074	9	31487	6056	0	26	6057	0	3	6051	0	6	0	0	0	0	0	0	0	0	0	9000000 	100	1	51223	0	1	10001	10002	10003	10004	10006	20206	10007	0	0	0	
	2210	트론즈셔츠	31488	0	0	0	4	21	9467	21	12048	1	10074	10	31488	6056	0	25	6057	0	2	6051	0	5	0	0	0	0	0	0	0	0	0	8000000 	100	1	51224	0	1	10001	10002	10003	10004	10006	20206	10007	0	0	0	
	2211	이슈타르의한손검	30413	0	0	0	4	21	9467	21	12048	2	10075	1	30413	6060	0	40	6057	0	15	6053	0	18	0	0	0	0	0	0	0	0	0	20000000 	100	1	50022	0	1	10001	10002	10003	10004	10006	20206	10007	0	0	0	
	2212	이슈타르의창	30414	0	0	0	4	21	9467	21	12048	2	10075	2	30414	6060	0	40	6057	0	15	6053	0	18	0	0	0	0	0	0	0	0	0	20000000 	100	1	50023	0	1	10001	10002	10003	10004	10006	20206	10007	0	0	0	
	2213	니슬로크갑옷	31491	0	0	0	4	21	9467	21	12048	2	10075	3	31491	6056	0	35	6057	0	12	6053	0	15	0	0	0	0	0	0	0	0	0	16000000 	100	1	51225	0	1	10001	10002	10003	10004	10006	20206	10007	0	0	0	
	2214	니슬로크바지	31494	0	0	0	4	21	9467	21	12048	2	10075	4	31494	6056	0	33	6057	0	10	6053	0	13	0	0	0	0	0	0	0	0	0	14500000 	100	1	51228	0	1	10001	10002	10003	10004	10006	20206	10007	0	0	0	
	2215	니슬로크헬멧	31493	0	0	0	4	21	9467	21	12048	2	10075	5	31493	6056	0	31	6057	0	8	6053	0	11	0	0	0	0	0	0	0	0	0	13000000 	100	1	51227	0	1	10001	10002	10003	10004	10006	20206	10007	0	0	0	
	2216	니슬로크장갑	31496	0	0	0	4	21	9467	21	12048	2	10075	6	31496	6056	0	29	6057	0	6	6053	0	9	0	0	0	0	0	0	0	0	0	11500000 	100	1	51230	0	1	10001	10002	10003	10004	10006	20206	10007	0	0	0	
	2217	니슬로크부츠	31495	0	0	0	4	21	9467	21	12048	2	10075	7	31495	6056	0	29	6057	0	6	6053	0	9	0	0	0	0	0	0	0	0	0	11500000 	100	1	51229	0	1	10001	10002	10003	10004	10006	20206	10007	0	0	0	
	2218	니슬로크프로텍터	31492	0	0	0	4	21	9467	21	12048	2	10075	8	31492	6056	0	27	6057	0	4	6053	0	7	0	0	0	0	0	0	0	0	0	10000000 	100	1	51226	0	1	10001	10002	10003	10004	10006	20206	10007	0	0	0	
	2219	니슬로크벨트	31497	0	0	0	4	21	9467	21	12048	2	10075	9	31497	6056	0	26	6057	0	3	6053	0	6	0	0	0	0	0	0	0	0	0	9000000 	100	1	51231	0	1	10001	10002	10003	10004	10006	20206	10007	0	0	0	
	2220	니슬로크셔츠	31498	0	0	0	4	21	9467	21	12048	2	10075	10	31498	6056	0	25	6057	0	2	6053	0	5	0	0	0	0	0	0	0	0	0	8000000 	100	1	51232	0	1	10001	10002	10003	10004	10006	20206	10007	0	0	0	
	2221	카르시스의한손석궁	30417	0	0	0	4	21	9467	21	12048	3	10076	1	30417	6060	0	40	6057	0	15	6052	0	18	0	0	0	0	0	0	0	0	0	20000000 	100	1	50024	0	1	10001	10002	10003	10004	10006	20206	10007	0	0	0	
	2222	카르시스의에테르웨폰	30418	0	0	0	4	21	9467	21	12048	3	10076	2	30418	6060	0	40	6057	0	15	6052	0	18	0	0	0	0	0	0	0	0	0	20000000 	100	1	50025	0	1	10001	10002	10003	10004	10006	20206	10007	0	0	0	
	2223	아시리아갑옷	31511	0	0	0	4	21	9467	21	12048	3	10076	3	31511	6056	0	35	6057	0	12	6052	0	15	0	0	0	0	0	0	0	0	0	16000000 	100	1	51241	0	1	10001	10002	10003	10004	10006	20206	10007	0	0	0	
	2224	아시리아바지	31514	0	0	0	4	21	9467	21	12048	3	10076	4	31514	6056	0	33	6057	0	10	6052	0	13	0	0	0	0	0	0	0	0	0	14500000 	100	1	51244	0	1	10001	10002	10003	10004	10006	20206	10007	0	0	0	
	2225	아시리아헬멧	31513	0	0	0	4	21	9467	21	12048	3	10076	5	31513	6056	0	31	6057	0	8	6052	0	11	0	0	0	0	0	0	0	0	0	13000000 	100	1	51243	0	1	10001	10002	10003	10004	10006	20206	10007	0	0	0	
	2226	아시리아장갑	31516	0	0	0	4	21	9467	21	12048	3	10076	6	31516	6056	0	29	6057	0	6	6052	0	9	0	0	0	0	0	0	0	0	0	11500000 	100	1	51246	0	1	10001	10002	10003	10004	10006	20206	10007	0	0	0	
	2227	아시리아부츠	31515	0	0	0	4	21	9467	21	12048	3	10076	7	31515	6056	0	29	6057	0	6	6052	0	9	0	0	0	0	0	0	0	0	0	11500000 	100	1	51245	0	1	10001	10002	10003	10004	10006	20206	10007	0	0	0	
	2228	아시리아프로텍터	31512	0	0	0	4	21	9467	21	12048	3	10076	8	31512	6056	0	27	6057	0	4	6052	0	7	0	0	0	0	0	0	0	0	0	10000000 	100	1	51242	0	1	10001	10002	10003	10004	10006	20206	10007	0	0	0	
	2229	아시리아벨트	31517	0	0	0	4	21	9467	21	12048	3	10076	9	31517	6056	0	26	6057	0	3	6052	0	6	0	0	0	0	0	0	0	0	0	9000000 	100	1	51247	0	1	10001	10002	10003	10004	10006	20206	10007	0	0	0	
	2230	아시리아셔츠	31518	0	0	0	4	21	9467	21	12048	3	10076	10	31518	6056	0	25	6057	0	2	6052	0	5	0	0	0	0	0	0	0	0	0	8000000 	100	1	51248	0	1	10001	10002	10003	10004	10006	20206	10007	0	0	0	
	2231	마라크의지팡이	30415	0	0	0	4	21	9467	21	12048	4	10077	1	30415	6060	0	40	6057	0	15	6054	0	18	0	0	0	0	0	0	0	0	0	20000000 	100	1	50026	0	1	10001	10002	10003	10004	10006	20206	10007	0	0	0	
	2232	마라크의오브	30416	0	0	0	4	21	9467	21	12048	4	10077	2	30416	6060	0	40	6057	0	15	6054	0	18	0	0	0	0	0	0	0	0	0	20000000 	100	1	50027	0	1	10001	10002	10003	10004	10006	20206	10007	0	0	0	
	2233	앙게레스갑옷	31501	0	0	0	4	21	9467	21	12048	4	10077	3	31501	6056	0	35	6057	0	12	6054	0	15	0	0	0	0	0	0	0	0	0	16000000 	100	1	51233	0	1	10001	10002	10003	10004	10006	20206	10007	0	0	0	
	2234	앙게레스바지	31504	0	0	0	4	21	9467	21	12048	4	10077	4	31504	6056	0	33	6057	0	10	6054	0	13	0	0	0	0	0	0	0	0	0	14500000 	100	1	51236	0	1	10001	10002	10003	10004	10006	20206	10007	0	0	0	
	2235	앙게레스헬멧	31503	0	0	0	4	21	9467	21	12048	4	10077	5	31503	6056	0	31	6057	0	8	6054	0	11	0	0	0	0	0	0	0	0	0	13000000 	100	1	51235	0	1	10001	10002	10003	10004	10006	20206	10007	0	0	0	
	2236	앙게레스장갑	31506	0	0	0	4	21	9467	21	12048	4	10077	6	31506	6056	0	29	6057	0	6	6054	0	9	0	0	0	0	0	0	0	0	0	11500000 	100	1	51238	0	1	10001	10002	10003	10004	10006	20206	10007	0	0	0	
	2237	앙게레스부츠	31505	0	0	0	4	21	9467	21	12048	4	10077	7	31505	6056	0	29	6057	0	6	6054	0	9	0	0	0	0	0	0	0	0	0	11500000 	100	1	51237	0	1	10001	10002	10003	10004	10006	20206	10007	0	0	0	
	2238	앙게레스프로텍터	31502	0	0	0	4	21	9467	21	12048	4	10077	8	31502	6056	0	27	6057	0	4	6054	0	7	0	0	0	0	0	0	0	0	0	10000000 	100	1	51234	0	1	10001	10002	10003	10004	10006	20206	10007	0	0	0	
	2239	앙게레스벨트	31507	0	0	0	4	21	9467	21	12048	4	10077	9	31507	6056	0	26	6057	0	3	6054	0	6	0	0	0	0	0	0	0	0	0	9000000 	100	1	51239	0	1	10001	10002	10003	10004	10006	20206	10007	0	0	0	
	2240	앙게레스셔츠	31508	0	0	0	4	21	9467	21	12048	4	10077	10	31508	6056	0	25	6057	0	2	6054	0	5	0	0	0	0	0	0	0	0	0	8000000 	100	1	51240	0	1	10001	10002	10003	10004	10006	20206	10007	0	0	0	
	2241	지브릴의대거	30419	0	0	0	4	21	9467	21	12048	5	10078	1	30419	6060	0	40	6057	0	15	6055	0	18	0	0	0	0	0	0	0	0	0	20000000 	100	1	50028	0	1	10001	10002	10003	10004	10006	20206	10007	0	0	0	
	2242	지브릴의채찍검	30420	0	0	0	4	21	9467	21	12048	5	10078	2	30420	6060	0	40	6057	0	15	6055	0	18	0	0	0	0	0	0	0	0	0	20000000 	100	1	50029	0	1	10001	10002	10003	10004	10006	20206	10007	0	0	0	
	2243	미카르갑옷	31521	0	0	0	4	21	9467	21	12048	5	10078	3	31521	6056	0	35	6057	0	12	6055	0	15	0	0	0	0	0	0	0	0	0	16000000 	100	1	51249	0	1	10001	10002	10003	10004	10006	20206	10007	0	0	0	
	2244	미카르바지	31524	0	0	0	4	21	9467	21	12048	5	10078	4	31524	6056	0	33	6057	0	10	6055	0	13	0	0	0	0	0	0	0	0	0	14500000 	100	1	51252	0	1	10001	10002	10003	10004	10006	20206	10007	0	0	0	
	2245	미카르헬멧	31523	0	0	0	4	21	9467	21	12048	5	10078	5	31523	6056	0	31	6057	0	8	6055	0	11	0	0	0	0	0	0	0	0	0	13000000 	100	1	51251	0	1	10001	10002	10003	10004	10006	20206	10007	0	0	0	
	2246	미카르장갑	31526	0	0	0	4	21	9467	21	12048	5	10078	6	31526	6056	0	29	6057	0	6	6055	0	9	0	0	0	0	0	0	0	0	0	11500000 	100	1	51254	0	1	10001	10002	10003	10004	10006	20206	10007	0	0	0	
	2247	미카르부츠	31525	0	0	0	4	21	9467	21	12048	5	10078	7	31525	6056	0	29	6057	0	6	6055	0	9	0	0	0	0	0	0	0	0	0	11500000 	100	1	51253	0	1	10001	10002	10003	10004	10006	20206	10007	0	0	0	
	2248	미카르프로텍터	31522	0	0	0	4	21	9467	21	12048	5	10078	8	31522	6056	0	27	6057	0	4	6055	0	7	0	0	0	0	0	0	0	0	0	10000000 	100	1	51250	0	1	10001	10002	10003	10004	10006	20206	10007	0	0	0	
	2249	미카르벨트	31527	0	0	0	4	21	9467	21	12048	5	10078	9	31527	6056	0	26	6057	0	3	6055	0	6	0	0	0	0	0	0	0	0	0	9000000 	100	1	51255	0	1	10001	10002	10003	10004	10006	20206	10007	0	0	0	
	2250	미카르셔츠	31528	0	0	0	4	21	9467	21	12048	5	10078	10	31528	6056	0	25	6057	0	2	6055	0	5	0	0	0	0	0	0	0	0	0	8000000 	100	1	51256	0	1	10001	10002	10003	10004	10006	20206	10007	0	0	0	
	2251	핀디아스의건틀렛	9287	0	0	0	4	21	9467	21	12048	6	10002	1	9287	6060	0	40	6057	0	15	6065	0	18	0	0	0	0	0	0	0	0	0	20000000 	100	1	50054	0	1	10001	10002	10003	10004	10006	20206	10007	0	0	0	
	2252	핀디아스의테폴암	9288	0	0	0	4	21	9467	21	12048	6	10002	2	9288	6060	0	40	6057	0	15	6065	0	18	0	0	0	0	0	0	0	0	0	20000000 	100	1	50055	0	1	10001	10002	10003	10004	10006	20206	10007	0	0	0	
	2253	듀나미스갑옷	9289	0	0	0	4	21	9467	21	12048	6	10002	3	9289	6056	0	35	6057	0	12	6065	0	15	0	0	0	0	0	0	0	0	0	16000000 	100	1	51375	0	1	10001	10002	10003	10004	10006	20206	10007	0	0	0	
	2254	듀나미스바지	9290	0	0	0	4	21	9467	21	12048	6	10002	4	9290	6056	0	33	6057	0	10	6065	0	13	0	0	0	0	0	0	0	0	0	14500000 	100	1	51378	0	1	10001	10002	10003	10004	10006	20206	10007	0	0	0	
	2255	듀나미스헬멧	9291	0	0	0	4	21	9467	21	12048	6	10002	5	9291	6056	0	31	6057	0	8	6065	0	11	0	0	0	0	0	0	0	0	0	13000000 	100	1	51377	0	1	10001	10002	10003	10004	10006	20206	10007	0	0	0	
	2256	듀나미스장갑	9292	0	0	0	4	21	9467	21	12048	6	10002	6	9292	6056	0	29	6057	0	6	6065	0	9	0	0	0	0	0	0	0	0	0	11500000 	100	1	51380	0	1	10001	10002	10003	10004	10006	20206	10007	0	0	0	
	2257	듀나미스부츠	9293	0	0	0	4	21	9467	21	12048	6	10002	7	9293	6056	0	29	6057	0	6	6065	0	9	0	0	0	0	0	0	0	0	0	11500000 	100	1	51379	0	1	10001	10002	10003	10004	10006	20206	10007	0	0	0	
	2258	듀나미스프로텍터	9294	0	0	0	4	21	9467	21	12048	6	10002	8	9294	6056	0	27	6057	0	4	6065	0	7	0	0	0	0	0	0	0	0	0	10000000 	100	1	51376	0	1	10001	10002	10003	10004	10006	20206	10007	0	0	0	
	2259	듀나미스벨트	9295	0	0	0	4	21	9467	21	12048	6	10002	9	9295	6056	0	26	6057	0	3	6065	0	6	0	0	0	0	0	0	0	0	0	9000000 	100	1	51381	0	1	10001	10002	10003	10004	10006	20206	10007	0	0	0	
	2260	듀나미스셔츠	9296	0	0	0	4	21	9467	21	12048	6	10002	10	9296	6056	0	25	6057	0	2	6065	0	5	0	0	0	0	0	0	0	0	0	8000000 	100	1	51382	0	1	10001	10002	10003	10004	10006	20206	10007	0	0	0	
	2261	마르두크의에테르블래스터	10142	0	0	0	4	21	9467	21	12048	7	10006	1	10142	6060	0	40	6057	0	15	6075	0	18	0	0	0	0	0	0	0	0	0	20000000 	100	1	50130	0	1	10001	10002	10003	10004	10006	20206	10007	0	0	0	
	2262	바커스갑옷	10143	0	0	0	4	21	9467	21	12048	7	10006	2	10143	6056	0	35	6057	0	12	6075	0	15	0	0	0	0	0	0	0	0	0	16000000 	100	1	51671	0	1	10001	10002	10003	10004	10006	20206	10007	0	0	0	
	2263	바커스바지	10144	0	0	0	4	21	9467	21	12048	7	10006	3	10144	6056	0	33	6057	0	10	6075	0	13	0	0	0	0	0	0	0	0	0	14500000 	100	1	51674	0	1	10001	10002	10003	10004	10006	20206	10007	0	0	0	
	2264	바커스헬멧	10145	0	0	0	4	21	9467	21	12048	7	10006	4	10145	6056	0	31	6057	0	8	6075	0	11	0	0	0	0	0	0	0	0	0	13000000 	100	1	51673	0	1	10001	10002	10003	10004	10006	20206	10007	0	0	0	
	2265	바커스장갑	10146	0	0	0	4	21	9467	21	12048	7	10006	5	10146	6056	0	29	6057	0	6	6075	0	9	0	0	0	0	0	0	0	0	0	11500000 	100	1	51676	0	1	10001	10002	10003	10004	10006	20206	10007	0	0	0	
	2266	바커스부츠	10147	0	0	0	4	21	9467	21	12048	7	10006	6	10147	6056	0	29	6057	0	6	6075	0	9	0	0	0	0	0	0	0	0	0	11500000 	100	1	51675	0	1	10001	10002	10003	10004	10006	20206	10007	0	0	0	
	2267	바커스프로텍터	10148	0	0	0	4	21	9467	21	12048	7	10006	7	10148	6056	0	27	6057	0	4	6075	0	7	0	0	0	0	0	0	0	0	0	10000000 	100	1	51672	0	1	10001	10002	10003	10004	10006	20206	10007	0	0	0	
	2268	바커스벨트	10149	0	0	0	4	21	9467	21	12048	7	10006	8	10149	6056	0	26	6057	0	3	6075	0	6	0	0	0	0	0	0	0	0	0	9000000 	100	1	51677	0	1	10001	10002	10003	10004	10006	20206	10007	0	0	0	
	2269	바커스셔츠	10150	0	0	0	4	21	9467	21	12048	7	10006	9	10150	6056	0	25	6057	0	2	6075	0	5	0	0	0	0	0	0	0	0	0	8000000 	100	1	51678	0	1	10001	10002	10003	10004	10006	20206	10007	0	0	0	
	2270	남타르의아크블레이드	9773	0	0	0	4	21	9467	21	12048	8	10008	1	9773	6060	0	40	6057	0	15	6094	0	18	0	0	0	0	0	0	0	0	0	20000000 	100	1	50322	0	1	10001	10002	10003	10004	10006	20206	10007	0	0	0	
	2271	아르칼라갑옷	9774	0	0	0	4	21	9467	21	12048	8	10008	2	9774	6056	0	35	6057	0	12	6094	0	15	0	0	0	0	0	0	0	0	0	16000000 	100	1	57025	0	1	10001	10002	10003	10004	10006	20206	10007	0	0	0	
	2272	아르칼라바지	9775	0	0	0	4	21	9467	21	12048	8	10008	3	9775	6056	0	33	6057	0	10	6094	0	13	0	0	0	0	0	0	0	0	0	14500000 	100	1	57028	0	1	10001	10002	10003	10004	10006	20206	10007	0	0	0	
	2273	아르칼라헬멧	9776	0	0	0	4	21	9467	21	12048	8	10008	4	9776	6056	0	31	6057	0	8	6094	0	11	0	0	0	0	0	0	0	0	0	13000000 	100	1	57027	0	1	10001	10002	10003	10004	10006	20206	10007	0	0	0	
	2274	아르칼라장갑	9777	0	0	0	4	21	9467	21	12048	8	10008	5	9777	6056	0	29	6057	0	6	6094	0	9	0	0	0	0	0	0	0	0	0	11500000 	100	1	57030	0	1	10001	10002	10003	10004	10006	20206	10007	0	0	0	
	2275	아르칼라부츠	9778	0	0	0	4	21	9467	21	12048	8	10008	6	9778	6056	0	29	6057	0	6	6094	0	9	0	0	0	0	0	0	0	0	0	11500000 	100	1	57029	0	1	10001	10002	10003	10004	10006	20206	10007	0	0	0	
	2276	아르칼라프로텍터	9779	0	0	0	4	21	9467	21	12048	8	10008	7	9779	6056	0	27	6057	0	4	6094	0	7	0	0	0	0	0	0	0	0	0	10000000 	100	1	57026	0	1	10001	10002	10003	10004	10006	20206	10007	0	0	0	
	2277	아르칼라벨트	9780	0	0	0	4	21	9467	21	12048	8	10008	8	9780	6056	0	26	6057	0	3	6094	0	6	0	0	0	0	0	0	0	0	0	9000000 	100	1	57031	0	1	10001	10002	10003	10004	10006	20206	10007	0	0	0	
	2278	아르칼라셔츠	9781	0	0	0	4	21	9467	21	12048	8	10008	9	9781	6056	0	25	6057	0	2	6094	0	5	0	0	0	0	0	0	0	0	0	8000000 	100	1	57032	0	1	10001	10002	10003	10004	10006	20206	10007	0	0	0	
//21-31 엘리트 2.5차 아이템 (2301~2400)																																																		
	2301	피로물든_메르카바의_양손도끼	32510	0	0	0	4	21	9467	31	9717	1	10074	1	32510	50020	10012	1	7252	0	25	7248	0	20	0	0	0	0	0	0	0	0	0	0 	100	1	50078	10010	1	10001	10002	10003	10004	10006	20206	10007	0	0	0	
	2302	피로물든_메르카바의_양손검	32509	0	0	0	4	21	9467	31	9717	1	10074	2	32509	50021	10012	1	7252	0	25	7248	0	20	0	0	0	0	0	0	0	0	0	0 	100	1	50079	10010	1	10001	10002	10003	10004	10006	20206	10007	0	0	0	
	2303	피로물든_트론즈_갑옷_26등급아이템	32501	0	0	0	4	21	9467	31	9717	1	10074	3	32501	51217	10012	1	7252	0	14	7248	0	10	0	0	0	0	0	0	0	0	0	0 	100	1	51455	10010	1	10001	10002	10003	10004	10006	20206	10007	0	0	0	
	2304	피로물든_트론즈_바지_26등급아이템	32504	0	0	0	4	21	9467	31	9717	1	10074	4	32504	51220	10012	1	7252	0	12	7248	0	10	0	0	0	0	0	0	0	0	0	0 	100	1	51458	10010	1	10001	10002	10003	10004	10006	20206	10007	0	0	0	
	2305	피로물든_트론즈_헬멧_26등급아이템	32503	0	0	0	4	21	9467	31	9717	1	10074	5	32503	51219	10012	1	7252	0	12	7248	0	10	0	0	0	0	0	0	0	0	0	0 	100	1	51457	10010	1	10001	10002	10003	10004	10006	20206	10007	0	0	0	
	2306	피로물든_트론즈_장갑_26등급아이템	32506	0	0	0	4	21	9467	31	9717	1	10074	6	32506	51222	10012	1	7252	0	10	7248	0	10	0	0	0	0	0	0	0	0	0	0 	100	1	51460	10010	1	10001	10002	10003	10004	10006	20206	10007	0	0	0	
	2307	피로물든_트론즈_부츠_26등급아이템	32505	0	0	0	4	21	9467	31	9717	1	10074	7	32505	51221	10012	1	7252	0	10	7248	0	10	0	0	0	0	0	0	0	0	0	0 	100	1	51459	10010	1	10001	10002	10003	10004	10006	20206	10007	0	0	0	
	2308	피로물든_트론즈_프로텍터_26등급아이템	32502	0	0	0	4	21	9467	31	9717	1	10074	8	32502	51218	10012	1	7252	0	10	7248	0	6	0	0	0	0	0	0	0	0	0	0 	100	1	51456	10010	1	10001	10002	10003	10004	10006	20206	10007	0	0	0	
	2309	피로물든_트론즈_벨트_26등급아이템	32507	0	0	0	4	21	9467	31	9717	1	10074	9	32507	51223	10012	1	7252	0	8	7248	0	6	0	0	0	0	0	0	0	0	0	0 	100	1	51461	10010	1	10001	10002	10003	10004	10006	20206	10007	0	0	0	
	2310	피로물든_트론즈_셔츠_26등급아이템	32508	0	0	0	4	21	9467	31	9717	1	10074	10	32508	51224	10012	1	7252	0	6	7248	0	4	0	0	0	0	0	0	0	0	0	0 	100	1	51462	10010	1	10001	10002	10003	10004	10006	20206	10007	0	0	0	
	2311	피로물든_이슈타르의_한손검	32519	0	0	0	4	21	9467	31	9717	2	10075	1	32519	50022	10012	1	7252	0	25	7248	0	20	0	0	0	0	0	0	0	0	0	0 	100	1	50080	10010	1	10001	10002	10003	10004	10006	20206	10007	0	0	0	
	2312	피로물든_이슈타르의_창	32520	0	0	0	4	21	9467	31	9717	2	10075	2	32520	50023	10012	1	7252	0	25	7248	0	20	0	0	0	0	0	0	0	0	0	0 	100	1	50081	10010	1	10001	10002	10003	10004	10006	20206	10007	0	0	0	
	2313	피로물든_니슬로크_갑옷_26등급아이템	32511	0	0	0	4	21	9467	31	9717	2	10075	3	32511	51225	10012	1	7252	0	14	7248	0	10	0	0	0	0	0	0	0	0	0	0 	100	1	51463	10010	1	10001	10002	10003	10004	10006	20206	10007	0	0	0	
	2314	피로물든_니슬로크_바지_26등급아이템	32514	0	0	0	4	21	9467	31	9717	2	10075	4	32514	51228	10012	1	7252	0	12	7248	0	10	0	0	0	0	0	0	0	0	0	0 	100	1	51466	10010	1	10001	10002	10003	10004	10006	20206	10007	0	0	0	
	2315	피로물든_니슬로크_헬멧_26등급아이템	32513	0	0	0	4	21	9467	31	9717	2	10075	5	32513	51227	10012	1	7252	0	12	7248	0	10	0	0	0	0	0	0	0	0	0	0 	100	1	51465	10010	1	10001	10002	10003	10004	10006	20206	10007	0	0	0	
	2316	피로물든_니슬로크_장갑_26등급아이템	32516	0	0	0	4	21	9467	31	9717	2	10075	6	32516	51230	10012	1	7252	0	10	7248	0	10	0	0	0	0	0	0	0	0	0	0 	100	1	51468	10010	1	10001	10002	10003	10004	10006	20206	10007	0	0	0	
	2317	피로물든_니슬로크_부츠_26등급아이템	32515	0	0	0	4	21	9467	31	9717	2	10075	7	32515	51229	10012	1	7252	0	10	7248	0	10	0	0	0	0	0	0	0	0	0	0 	100	1	51467	10010	1	10001	10002	10003	10004	10006	20206	10007	0	0	0	
	2318	피로물든_니슬로크_프로텍터_26등급아이템	32512	0	0	0	4	21	9467	31	9717	2	10075	8	32512	51226	10012	1	7252	0	10	7248	0	6	0	0	0	0	0	0	0	0	0	0 	100	1	51464	10010	1	10001	10002	10003	10004	10006	20206	10007	0	0	0	
	2319	피로물든_니슬로크_벨트_26등급아이템	32517	0	0	0	4	21	9467	31	9717	2	10075	9	32517	51231	10012	1	7252	0	8	7248	0	6	0	0	0	0	0	0	0	0	0	0 	100	1	51469	10010	1	10001	10002	10003	10004	10006	20206	10007	0	0	0	
	2320	피로물든_니슬로크_셔츠_26등급아이템	32518	0	0	0	4	21	9467	31	9717	2	10075	10	32518	51232	10012	1	7252	0	6	7248	0	4	0	0	0	0	0	0	0	0	0	0 	100	1	51470	10010	1	10001	10002	10003	10004	10006	20206	10007	0	0	0	
	2321	피로물든_카르시스의_한손석궁	32529	0	0	0	4	21	9467	31	9717	3	10076	1	32529	50024	10012	1	7252	0	25	7248	0	20	0	0	0	0	0	0	0	0	0	0 	100	1	50082	10010	1	10001	10002	10003	10004	10006	20206	10007	0	0	0	
	2322	피로물든_카르시스의_에테르웨폰	32530	0	0	0	4	21	9467	31	9717	3	10076	2	32530	50025	10012	1	7252	0	25	7248	0	20	0	0	0	0	0	0	0	0	0	0 	100	1	50083	10010	1	10001	10002	10003	10004	10006	20206	10007	0	0	0	
	2323	피로물든_아시리아_갑옷_26등급아이템	32531	0	0	0	4	21	9467	31	9717	3	10076	3	32531	51241	10012	1	7252	0	14	7248	0	10	0	0	0	0	0	0	0	0	0	0 	100	1	51479	10010	1	10001	10002	10003	10004	10006	20206	10007	0	0	0	
	2324	피로물든_아시리아_바지_26등급아이템	32534	0	0	0	4	21	9467	31	9717	3	10076	4	32534	51244	10012	1	7252	0	12	7248	0	10	0	0	0	0	0	0	0	0	0	0 	100	1	51482	10010	1	10001	10002	10003	10004	10006	20206	10007	0	0	0	
	2325	피로물든_아시리아_헬멧_26등급아이템	32533	0	0	0	4	21	9467	31	9717	3	10076	5	32533	51243	10012	1	7252	0	12	7248	0	10	0	0	0	0	0	0	0	0	0	0 	100	1	51481	10010	1	10001	10002	10003	10004	10006	20206	10007	0	0	0	
	2326	피로물든_아시리아_장갑_26등급아이템	32536	0	0	0	4	21	9467	31	9717	3	10076	6	32536	51246	10012	1	7252	0	10	7248	0	10	0	0	0	0	0	0	0	0	0	0 	100	1	51484	10010	1	10001	10002	10003	10004	10006	20206	10007	0	0	0	
	2327	피로물든_아시리아_부츠_26등급아이템	32535	0	0	0	4	21	9467	31	9717	3	10076	7	32535	51245	10012	1	7252	0	10	7248	0	10	0	0	0	0	0	0	0	0	0	0 	100	1	51483	10010	1	10001	10002	10003	10004	10006	20206	10007	0	0	0	
	2328	피로물든_아시리아_프로텍터_26등급아이템	32532	0	0	0	4	21	9467	31	9717	3	10076	8	32532	51242	10012	1	7252	0	10	7248	0	6	0	0	0	0	0	0	0	0	0	0 	100	1	51480	10010	1	10001	10002	10003	10004	10006	20206	10007	0	0	0	
	2329	피로물든_아시리아_벨트_26등급아이템	32537	0	0	0	4	21	9467	31	9717	3	10076	9	32537	51247	10012	1	7252	0	8	7248	0	6	0	0	0	0	0	0	0	0	0	0 	100	1	51485	10010	1	10001	10002	10003	10004	10006	20206	10007	0	0	0	
	2330	피로물든_아시리아_셔츠_26등급아이템	32538	0	0	0	4	21	9467	31	9717	3	10076	10	32538	51248	10012	1	7252	0	6	7248	0	4	0	0	0	0	0	0	0	0	0	0 	100	1	51486	10010	1	10001	10002	10003	10004	10006	20206	10007	0	0	0	
	2331	피로물든_미라크의_지팡이	32539	0	0	0	4	21	9467	31	9717	4	10077	1	32539	50026	10012	1	7252	0	25	7248	0	20	0	0	0	0	0	0	0	0	0	0 	100	1	50084	10010	1	10001	10002	10003	10004	10006	20206	10007	0	0	0	
	2332	피로물든_미라크의_오브	32540	0	0	0	4	21	9467	31	9717	4	10077	2	32540	50027	10012	1	7252	0	25	7248	0	20	0	0	0	0	0	0	0	0	0	0 	100	1	50085	10010	1	10001	10002	10003	10004	10006	20206	10007	0	0	0	
	2333	피로물든_앙게레스_갑옷_26등급아이템	32521	0	0	0	4	21	9467	31	9717	4	10077	3	32521	51233	10012	1	7252	0	14	7248	0	10	0	0	0	0	0	0	0	0	0	0 	100	1	51471	10010	1	10001	10002	10003	10004	10006	20206	10007	0	0	0	
	2334	피로물든_앙게레스_바지_26등급아이템	32524	0	0	0	4	21	9467	31	9717	4	10077	4	32524	51236	10012	1	7252	0	12	7248	0	10	0	0	0	0	0	0	0	0	0	0 	100	1	51474	10010	1	10001	10002	10003	10004	10006	20206	10007	0	0	0	
	2335	피로물든_앙게레스_헬멧_26등급아이템	32523	0	0	0	4	21	9467	31	9717	4	10077	5	32523	51235	10012	1	7252	0	12	7248	0	10	0	0	0	0	0	0	0	0	0	0 	100	1	51473	10010	1	10001	10002	10003	10004	10006	20206	10007	0	0	0	
	2336	피로물든_앙게레스_장갑_26등급아이템	32526	0	0	0	4	21	9467	31	9717	4	10077	6	32526	51238	10012	1	7252	0	10	7248	0	10	0	0	0	0	0	0	0	0	0	0 	100	1	51476	10010	1	10001	10002	10003	10004	10006	20206	10007	0	0	0	
	2337	피로물든_앙게레스_부츠_26등급아이템	32525	0	0	0	4	21	9467	31	9717	4	10077	7	32525	51237	10012	1	7252	0	10	7248	0	10	0	0	0	0	0	0	0	0	0	0 	100	1	51475	10010	1	10001	10002	10003	10004	10006	20206	10007	0	0	0	
	2338	피로물든_앙게레스_프로텍터_26등급아이템	32522	0	0	0	4	21	9467	31	9717	4	10077	8	32522	51234	10012	1	7252	0	10	7248	0	6	0	0	0	0	0	0	0	0	0	0 	100	1	51472	10010	1	10001	10002	10003	10004	10006	20206	10007	0	0	0	
	2339	피로물든_앙게레스_벨트_26등급아이템	32527	0	0	0	4	21	9467	31	9717	4	10077	9	32527	51239	10012	1	7252	0	8	7248	0	6	0	0	0	0	0	0	0	0	0	0 	100	1	51477	10010	1	10001	10002	10003	10004	10006	20206	10007	0	0	0	
	2340	피로물든_앙게레스_셔츠_26등급아이템	32528	0	0	0	4	21	9467	31	9717	4	10077	10	32528	51240	10012	1	7252	0	6	7248	0	4	0	0	0	0	0	0	0	0	0	0 	100	1	51478	10010	1	10001	10002	10003	10004	10006	20206	10007	0	0	0	
	2341	피로물든_지브릴의_대거	32549	0	0	0	4	21	9467	31	9717	5	10078	1	32549	50028	10012	1	7252	0	25	7248	0	20	0	0	0	0	0	0	0	0	0	0 	100	1	50086	10010	1	10001	10002	10003	10004	10006	20206	10007	0	0	0	
	2342	피로물든_지브릴의_채찍검	32550	0	0	0	4	21	9467	31	9717	5	10078	2	32550	50029	10012	1	7252	0	25	7248	0	20	0	0	0	0	0	0	0	0	0	0 	100	1	50087	10010	1	10001	10002	10003	10004	10006	20206	10007	0	0	0	
	2343	피로물든_미카르_갑옷_26등급아이템	32541	0	0	0	4	21	9467	31	9717	5	10078	3	32541	51249	10012	1	7252	0	14	7248	0	10	0	0	0	0	0	0	0	0	0	0 	100	1	51487	10010	1	10001	10002	10003	10004	10006	20206	10007	0	0	0	
	2344	피로물든_미카르_바지_26등급아이템	32544	0	0	0	4	21	9467	31	9717	5	10078	4	32544	51252	10012	1	7252	0	12	7248	0	10	0	0	0	0	0	0	0	0	0	0 	100	1	51490	10010	1	10001	10002	10003	10004	10006	20206	10007	0	0	0	
	2345	피로물든_미카르_헬멧_26등급아이템	32543	0	0	0	4	21	9467	31	9717	5	10078	5	32543	51251	10012	1	7252	0	12	7248	0	10	0	0	0	0	0	0	0	0	0	0 	100	1	51489	10010	1	10001	10002	10003	10004	10006	20206	10007	0	0	0	
	2346	피로물든_미카르_장갑_26등급아이템	32546	0	0	0	4	21	9467	31	9717	5	10078	6	32546	51254	10012	1	7252	0	10	7248	0	10	0	0	0	0	0	0	0	0	0	0 	100	1	51492	10010	1	10001	10002	10003	10004	10006	20206	10007	0	0	0	
	2347	피로물든_미카르_부츠_26등급아이템	32545	0	0	0	4	21	9467	31	9717	5	10078	7	32545	51253	10012	1	7252	0	10	7248	0	10	0	0	0	0	0	0	0	0	0	0 	100	1	51491	10010	1	10001	10002	10003	10004	10006	20206	10007	0	0	0	
	2348	피로물든_미카르_프로텍터_26등급아이템	32542	0	0	0	4	21	9467	31	9717	5	10078	8	32542	51250	10012	1	7252	0	10	7248	0	6	0	0	0	0	0	0	0	0	0	0 	100	1	51488	10010	1	10001	10002	10003	10004	10006	20206	10007	0	0	0	
	2349	피로물든_미카르_벨트_26등급아이템	32547	0	0	0	4	21	9467	31	9717	5	10078	9	32547	51255	10012	1	7252	0	8	7248	0	6	0	0	0	0	0	0	0	0	0	0 	100	1	51493	10010	1	10001	10002	10003	10004	10006	20206	10007	0	0	0	
	2350	피로물든_미카르_셔츠_26등급아이템	32548	0	0	0	4	21	9467	31	9717	5	10078	10	32548	51256	10012	1	7252	0	6	7248	0	4	0	0	0	0	0	0	0	0	0	0 	100	1	51494	10010	1	10001	10002	10003	10004	10006	20206	10007	0	0	0	
	2351	피로물든_핀디아스의_건틀렛	32551	0	0	0	4	21	9467	31	9717	6	10002	1	32551	50054	10012	1	7252	0	25	7248	0	20	0	0	0	0	0	0	0	0	0	0 	100	1	50088	10010	1	10001	10002	10003	10004	10006	20206	10007	0	0	0	
	2352	피로물든_핀디아스의_에테르사이드	32552	0	0	0	4	21	9467	31	9717	6	10002	2	32552	50055	10012	1	7252	0	25	7248	0	20	0	0	0	0	0	0	0	0	0	0 	100	1	50089	10010	1	10001	10002	10003	10004	10006	20206	10007	0	0	0	
	2353	피로물든_듀나미스_갑옷_26등급아이템	10493	0	0	0	4	21	9467	31	9717	6	10002	3	10493	51375	10012	1	7252	0	14	7248	0	10	0	0	0	0	0	0	0	0	0	0 	100	1	51495	10010	1	10001	10002	10003	10004	10006	20206	10007	0	0	0	
	2354	피로물든_듀나미스_바지_26등급아이템	10496	0	0	0	4	21	9467	31	9717	6	10002	4	10496	51378	10012	1	7252	0	12	7248	0	10	0	0	0	0	0	0	0	0	0	0 	100	1	51498	10010	1	10001	10002	10003	10004	10006	20206	10007	0	0	0	
	2355	피로물든_듀나미스_헬멧_26등급아이템	10495	0	0	0	4	21	9467	31	9717	6	10002	5	10495	51377	10012	1	7252	0	12	7248	0	10	0	0	0	0	0	0	0	0	0	0 	100	1	51497	10010	1	10001	10002	10003	10004	10006	20206	10007	0	0	0	
	2356	피로물든_듀나미스_장갑_26등급아이템	10498	0	0	0	4	21	9467	31	9717	6	10002	6	10498	51380	10012	1	7252	0	10	7248	0	10	0	0	0	0	0	0	0	0	0	0 	100	1	51500	10010	1	10001	10002	10003	10004	10006	20206	10007	0	0	0	
	2357	피로물든_듀나미스_부츠_26등급아이템	10497	0	0	0	4	21	9467	31	9717	6	10002	7	10497	51379	10012	1	7252	0	10	7248	0	10	0	0	0	0	0	0	0	0	0	0 	100	1	51499	10010	1	10001	10002	10003	10004	10006	20206	10007	0	0	0	
	2358	피로물든_듀나미스_프로텍터_26등급아이템	10494	0	0	0	4	21	9467	31	9717	6	10002	8	10494	51376	10012	1	7252	0	10	7248	0	6	0	0	0	0	0	0	0	0	0	0 	100	1	51496	10010	1	10001	10002	10003	10004	10006	20206	10007	0	0	0	
	2359	피로물든_듀나미스_벨트_26등급아이템	10499	0	0	0	4	21	9467	31	9717	6	10002	9	10499	51381	10012	1	7252	0	8	7248	0	6	0	0	0	0	0	0	0	0	0	0 	100	1	51501	10010	1	10001	10002	10003	10004	10006	20206	10007	0	0	0	
	2360	피로물든_듀나미스_셔츠_26등급아이템	10500	0	0	0	4	21	9467	31	9717	6	10002	10	10500	51382	10012	1	7252	0	6	7248	0	4	0	0	0	0	0	0	0	0	0	0 	100	1	51502	10010	1	10001	10002	10003	10004	10006	20206	10007	0	0	0	
	2361	피로물든_마르두크의_에테르블래스터	32553	0	0	0	4	21	9467	31	9717	7	10006	1	32553	50130	10012	1	7252	0	25	7248	0	20	0	0	0	0	0	0	0	0	0	0 	100	1	50132	10010	1	10001	10002	10003	10004	10006	20206	10007	0	0	0	
	2362	피로물든_바커스_갑옷_26등급아이템	10565	0	0	0	4	21	9467	31	9717	7	10006	2	10565	51671	10012	1	7252	0	14	7248	0	10	0	0	0	0	0	0	0	0	0	0 	100	1	51679	10010	1	10001	10002	10003	10004	10006	20206	10007	0	0	0	
	2363	피로물든_바커스_바지_26등급아이템	10568	0	0	0	4	21	9467	31	9717	7	10006	3	10568	51674	10012	1	7252	0	12	7248	0	10	0	0	0	0	0	0	0	0	0	0 	100	1	51682	10010	1	10001	10002	10003	10004	10006	20206	10007	0	0	0	
	2364	피로물든_바커스_헬멧_26등급아이템	10567	0	0	0	4	21	9467	31	9717	7	10006	4	10567	51673	10012	1	7252	0	12	7248	0	10	0	0	0	0	0	0	0	0	0	0 	100	1	51681	10010	1	10001	10002	10003	10004	10006	20206	10007	0	0	0	
	2365	피로물든_바커스_장갑_26등급아이템	10570	0	0	0	4	21	9467	31	9717	7	10006	5	10570	51676	10012	1	7252	0	10	7248	0	10	0	0	0	0	0	0	0	0	0	0 	100	1	51684	10010	1	10001	10002	10003	10004	10006	20206	10007	0	0	0	
	2366	피로물든_바커스_부츠_26등급아이템	10569	0	0	0	4	21	9467	31	9717	7	10006	6	10569	51675	10012	1	7252	0	10	7248	0	10	0	0	0	0	0	0	0	0	0	0 	100	1	51683	10010	1	10001	10002	10003	10004	10006	20206	10007	0	0	0	
	2367	피로물든_바커스_프로텍터_26등급아이템	10566	0	0	0	4	21	9467	31	9717	7	10006	7	10566	51672	10012	1	7252	0	10	7248	0	6	0	0	0	0	0	0	0	0	0	0 	100	1	51680	10010	1	10001	10002	10003	10004	10006	20206	10007	0	0	0	
	2368	피로물든_바커스_벨트_26등급아이템	10571	0	0	0	4	21	9467	31	9717	7	10006	8	10571	51677	10012	1	7252	0	8	7248	0	6	0	0	0	0	0	0	0	0	0	0 	100	1	51685	10010	1	10001	10002	10003	10004	10006	20206	10007	0	0	0	
	2369	피로물든_바커스_셔츠_26등급아이템	10572	0	0	0	4	21	9467	31	9717	7	10006	9	10572	51678	10012	1	7252	0	6	7248	0	4	0	0	0	0	0	0	0	0	0	0 	100	1	51686	10010	1	10001	10002	10003	10004	10006	20206	10007	0	0	0	
	2370	피로물든남타르의_아크블레이드_26등급아이템	9843	0	0	0	4	21	9467	31	9717	8	10008	1	9843	50322	10012	1	7252	0	25	7248	0	20	0	0	0	0	0	0	0	0	0	0 	100	1	50324	10010	1	10001	10002	10003	10004	10006	20206	10007	0	0	0	
	2371	피로물든이르칼라_갑옷_26등급아이템	9844	0	0	0	4	21	9467	31	9717	8	10008	2	9844	57025	10012	1	7252	0	14	7248	0	10	0	0	0	0	0	0	0	0	0	0 	100	1	57033	10010	1	10001	10002	10003	10004	10006	20206	10007	0	0	0	
	2372	피로물든이르칼라_바지_26등급아이템	9847	0	0	0	4	21	9467	31	9717	8	10008	3	9847	57028	10012	1	7252	0	12	7248	0	10	0	0	0	0	0	0	0	0	0	0 	100	1	57036	10010	1	10001	10002	10003	10004	10006	20206	10007	0	0	0	
	2373	피로물든이르칼라_헬멧_26등급아이템	9846	0	0	0	4	21	9467	31	9717	8	10008	4	9846	57027	10012	1	7252	0	12	7248	0	10	0	0	0	0	0	0	0	0	0	0 	100	1	57035	10010	1	10001	10002	10003	10004	10006	20206	10007	0	0	0	
	2374	피로물든이르칼라_장갑_26등급아이템	9849	0	0	0	4	21	9467	31	9717	8	10008	5	9849	57030	10012	1	7252	0	10	7248	0	10	0	0	0	0	0	0	0	0	0	0 	100	1	57038	10010	1	10001	10002	10003	10004	10006	20206	10007	0	0	0	
	2375	피로물든이르칼라_부츠_26등급아이템	9848	0	0	0	4	21	9467	31	9717	8	10008	6	9848	57029	10012	1	7252	0	10	7248	0	10	0	0	0	0	0	0	0	0	0	0 	100	1	57037	10010	1	10001	10002	10003	10004	10006	20206	10007	0	0	0	
	2376	피로물든이르칼라_프로텍터_26등급아이템	9845	0	0	0	4	21	9467	31	9717	8	10008	7	9845	57026	10012	1	7252	0	10	7248	0	6	0	0	0	0	0	0	0	0	0	0 	100	1	57034	10010	1	10001	10002	10003	10004	10006	20206	10007	0	0	0	
	2377	피로물든이르칼라_벨트_26등급아이템	9850	0	0	0	4	21	9467	31	9717	8	10008	8	9850	57031	10012	1	7252	0	8	7248	0	6	0	0	0	0	0	0	0	0	0	0 	100	1	57039	10010	1	10001	10002	10003	10004	10006	20206	10007	0	0	0	
	2378	피로물든이르칼라_셔츠_26등급아이템	9851	0	0	0	4	21	9467	31	9717	8	10008	9	9851	57032	10012	1	7252	0	6	7248	0	4	0	0	0	0	0	0	0	0	0	0 	100	1	57040	10010	1	10001	10002	10003	10004	10006	20206	10007	0	0	0	
//21-41 엘리트 3차 아이템 (2401~2500)																																																		
	2401	무스펠의_양손도끼	12246	0	0	0	4	21	9467	41	12197	1	10074	1	12246	6067	0	40	6057	0	15	6068	0	18	0	0	0	0	0	0	0	0	0	20000000 	5	1	50092	0	1	10001	10002	10003	10004	10006	20206	10007	0	0	0	
	2402	무스펠의_양손검	12247	0	0	0	4	21	9467	41	12197	1	10074	2	12247	6067	0	40	6057	0	15	6068	0	18	0	0	0	0	0	0	0	0	0	20000000 	5	1	50093	0	1	10001	10002	10003	10004	10006	20206	10007	0	0	0	
	2403	토르_갑옷	12198	0	0	0	4	21	9467	41	12197	1	10074	3	12198	6066	0	35	6057	0	12	6068	0	15	0	0	0	0	0	0	0	0	0	16000000 	5	1	51503	0	1	10001	10002	10003	10004	10006	20206	10007	0	0	0	
	2404	토르_바지	12201	0	0	0	4	21	9467	41	12197	1	10074	4	12201	6066	0	33	6057	0	10	6068	0	13	0	0	0	0	0	0	0	0	0	11500000 	5	1	51506	0	1	10001	10002	10003	10004	10006	20206	10007	0	0	0	
	2405	토르_헬멧	12200	0	0	0	4	21	9467	41	12197	1	10074	5	12200	6066	0	31	6057	0	8	6068	0	11	0	0	0	0	0	0	0	0	0	13000000 	5	1	51505	0	1	10001	10002	10003	10004	10006	20206	10007	0	0	0	
	2406	토르_장갑	12203	0	0	0	4	21	9467	41	12197	1	10074	6	12203	6066	0	29	6057	0	6	6068	0	9	0	0	0	0	0	0	0	0	0	10000000 	5	1	51508	0	1	10001	10002	10003	10004	10006	20206	10007	0	0	0	
	2407	토르_부츠	12202	0	0	0	4	21	9467	41	12197	1	10074	7	12202	6066	0	29	6057	0	6	6068	0	9	0	0	0	0	0	0	0	0	0	11500000 	5	1	51507	0	1	10001	10002	10003	10004	10006	20206	10007	0	0	0	
	2408	토르_프로텍터	12199	0	0	0	4	21	9467	41	12197	1	10074	8	12199	6066	0	27	6057	0	4	6068	0	7	0	0	0	0	0	0	0	0	0	14500000 	5	1	51504	0	1	10001	10002	10003	10004	10006	20206	10007	0	0	0	
	2409	토르_벨트	12204	0	0	0	4	21	9467	41	12197	1	10074	9	12204	6066	0	26	6057	0	3	6068	0	6	0	0	0	0	0	0	0	0	0	9000000 	5	1	51509	0	1	10001	10002	10003	10004	10006	20206	10007	0	0	0	
	2410	토르_셔츠	12205	0	0	0	4	21	9467	41	12197	1	10074	10	12205	6066	0	25	6057	0	2	6068	0	5	0	0	0	0	0	0	0	0	0	8000000 	5	1	51510	0	1	10001	10002	10003	10004	10006	20206	10007	0	0	0	
	2411	요툰의_한손검	12248	0	0	0	4	21	9467	41	12197	2	10075	1	12248	6067	0	40	6057	0	15	6069	0	18	0	0	0	0	0	0	0	0	0	20000000 	5	1	50094	0	1	10001	10002	10003	10004	10006	20206	10007	0	0	0	
	2412	요툰의_창	12249	0	0	0	4	21	9467	41	12197	2	10075	2	12249	6067	0	40	6057	0	15	6069	0	18	0	0	0	0	0	0	0	0	0	20000000 	5	1	50095	0	1	10001	10002	10003	10004	10006	20206	10007	0	0	0	
	2413	헤임달_갑옷	12206	0	0	0	4	21	9467	41	12197	2	10075	3	12206	6066	0	35	6057	0	12	6069	0	15	0	0	0	0	0	0	0	0	0	16000000 	5	1	51511	0	1	10001	10002	10003	10004	10006	20206	10007	0	0	0	
	2414	헤임달_바지	12209	0	0	0	4	21	9467	41	12197	2	10075	4	12209	6066	0	33	6057	0	10	6069	0	13	0	0	0	0	0	0	0	0	0	11500000 	5	1	51514	0	1	10001	10002	10003	10004	10006	20206	10007	0	0	0	
	2415	헤임달_헬멧	12208	0	0	0	4	21	9467	41	12197	2	10075	5	12208	6066	0	31	6057	0	8	6069	0	11	0	0	0	0	0	0	0	0	0	13000000 	5	1	51513	0	1	10001	10002	10003	10004	10006	20206	10007	0	0	0	
	2416	헤임달_장갑	12211	0	0	0	4	21	9467	41	12197	2	10075	6	12211	6066	0	29	6057	0	6	6069	0	9	0	0	0	0	0	0	0	0	0	10000000 	5	1	51516	0	1	10001	10002	10003	10004	10006	20206	10007	0	0	0	
	2417	헤임달_부츠	12210	0	0	0	4	21	9467	41	12197	2	10075	7	12210	6066	0	29	6057	0	6	6069	0	9	0	0	0	0	0	0	0	0	0	11500000 	5	1	51515	0	1	10001	10002	10003	10004	10006	20206	10007	0	0	0	
	2418	헤임달_프로텍터	12207	0	0	0	4	21	9467	41	12197	2	10075	8	12207	6066	0	27	6057	0	4	6069	0	7	0	0	0	0	0	0	0	0	0	14500000 	5	1	51512	0	1	10001	10002	10003	10004	10006	20206	10007	0	0	0	
	2419	헤임달_벨트	12212	0	0	0	4	21	9467	41	12197	2	10075	9	12212	6066	0	26	6057	0	3	6069	0	6	0	0	0	0	0	0	0	0	0	9000000 	5	1	51517	0	1	10001	10002	10003	10004	10006	20206	10007	0	0	0	
	2420	헤임달_셔츠	12213	0	0	0	4	21	9467	41	12197	2	10075	10	12213	6066	0	25	6057	0	2	6069	0	5	0	0	0	0	0	0	0	0	0	8000000 	5	1	51518	0	1	10001	10002	10003	10004	10006	20206	10007	0	0	0	
	2421	바나의_한손석궁	12250	0	0	0	4	21	9467	41	12197	3	10076	1	12250	6067	0	40	6057	0	15	6071	0	18	0	0	0	0	0	0	0	0	0	20000000 	5	1	50096	0	1	10001	10002	10003	10004	10006	20206	10007	0	0	0	
	2422	바나의_에테르웨폰	12251	0	0	0	4	21	9467	41	12197	3	10076	2	12251	6067	0	40	6057	0	15	6071	0	18	0	0	0	0	0	0	0	0	0	20000000 	5	1	50097	0	1	10001	10002	10003	10004	10006	20206	10007	0	0	0	
	2423	스카디_갑옷	12222	0	0	0	4	21	9467	41	12197	3	10076	3	12222	6066	0	35	6057	0	12	6071	0	15	0	0	0	0	0	0	0	0	0	16000000 	5	1	51527	0	1	10001	10002	10003	10004	10006	20206	10007	0	0	0	
	2424	스카디_바지	12225	0	0	0	4	21	9467	41	12197	3	10076	4	12225	6066	0	33	6057	0	10	6071	0	13	0	0	0	0	0	0	0	0	0	11500000 	5	1	51530	0	1	10001	10002	10003	10004	10006	20206	10007	0	0	0	
	2425	스카디_헬멧	12224	0	0	0	4	21	9467	41	12197	3	10076	5	12224	6066	0	31	6057	0	8	6071	0	11	0	0	0	0	0	0	0	0	0	13000000 	5	1	51529	0	1	10001	10002	10003	10004	10006	20206	10007	0	0	0	
	2426	스카디_장갑	12227	0	0	0	4	21	9467	41	12197	3	10076	6	12227	6066	0	29	6057	0	6	6071	0	9	0	0	0	0	0	0	0	0	0	10000000 	5	1	51532	0	1	10001	10002	10003	10004	10006	20206	10007	0	0	0	
	2427	스카디_부츠	12226	0	0	0	4	21	9467	41	12197	3	10076	7	12226	6066	0	29	6057	0	6	6071	0	9	0	0	0	0	0	0	0	0	0	11500000 	5	1	51531	0	1	10001	10002	10003	10004	10006	20206	10007	0	0	0	
	2428	스카디_프로텍터	12223	0	0	0	4	21	9467	41	12197	3	10076	8	12223	6066	0	27	6057	0	4	6071	0	7	0	0	0	0	0	0	0	0	0	14500000 	5	1	51528	0	1	10001	10002	10003	10004	10006	20206	10007	0	0	0	
	2429	스카디_벨트	12228	0	0	0	4	21	9467	41	12197	3	10076	9	12228	6066	0	26	6057	0	3	6071	0	6	0	0	0	0	0	0	0	0	0	9000000 	5	1	51533	0	1	10001	10002	10003	10004	10006	20206	10007	0	0	0	
	2430	스카디_셔츠	12229	0	0	0	4	21	9467	41	12197	3	10076	10	12229	6066	0	25	6057	0	2	6071	0	5	0	0	0	0	0	0	0	0	0	8000000 	5	1	51534	0	1	10001	10002	10003	10004	10006	20206	10007	0	0	0	
	2431	알브의_지팡이	12252	0	0	0	4	21	9467	41	12197	4	10077	1	12252	6067	0	40	6057	0	15	6072	0	18	0	0	0	0	0	0	0	0	0	20000000 	5	1	50098	0	1	10001	10002	10003	10004	10006	20206	10007	0	0	0	
	2432	알브의_오브	12253	0	0	0	4	21	9467	41	12197	4	10077	2	12253	6067	0	40	6057	0	15	6072	0	18	0	0	0	0	0	0	0	0	0	20000000 	5	1	50099	0	1	10001	10002	10003	10004	10006	20206	10007	0	0	0	
	2433	프레이야_갑옷	12214	0	0	0	4	21	9467	41	12197	4	10077	3	12214	6066	0	35	6057	0	12	6072	0	15	0	0	0	0	0	0	0	0	0	16000000 	5	1	51519	0	1	10001	10002	10003	10004	10006	20206	10007	0	0	0	
	2434	프레이야_바지	12217	0	0	0	4	21	9467	41	12197	4	10077	4	12217	6066	0	33	6057	0	10	6072	0	13	0	0	0	0	0	0	0	0	0	11500000 	5	1	51522	0	1	10001	10002	10003	10004	10006	20206	10007	0	0	0	
	2435	프레이야_헬멧	12216	0	0	0	4	21	9467	41	12197	4	10077	5	12216	6066	0	31	6057	0	8	6072	0	11	0	0	0	0	0	0	0	0	0	13000000 	5	1	51521	0	1	10001	10002	10003	10004	10006	20206	10007	0	0	0	
	2436	프레이야_장갑	12219	0	0	0	4	21	9467	41	12197	4	10077	6	12219	6066	0	29	6057	0	6	6072	0	9	0	0	0	0	0	0	0	0	0	10000000 	5	1	51524	0	1	10001	10002	10003	10004	10006	20206	10007	0	0	0	
	2437	프레이야_부츠	12218	0	0	0	4	21	9467	41	12197	4	10077	7	12218	6066	0	29	6057	0	6	6072	0	9	0	0	0	0	0	0	0	0	0	11500000 	5	1	51523	0	1	10001	10002	10003	10004	10006	20206	10007	0	0	0	
	2438	프레이야_프로텍터	12215	0	0	0	4	21	9467	41	12197	4	10077	8	12215	6066	0	27	6057	0	4	6072	0	7	0	0	0	0	0	0	0	0	0	14500000 	5	1	51520	0	1	10001	10002	10003	10004	10006	20206	10007	0	0	0	
	2439	프레이야_벨트	12220	0	0	0	4	21	9467	41	12197	4	10077	9	12220	6066	0	26	6057	0	3	6072	0	6	0	0	0	0	0	0	0	0	0	9000000 	5	1	51525	0	1	10001	10002	10003	10004	10006	20206	10007	0	0	0	
	2440	프레이야_셔츠	12221	0	0	0	4	21	9467	41	12197	4	10077	10	12221	6066	0	25	6057	0	2	6072	0	5	0	0	0	0	0	0	0	0	0	8000000 	5	1	51526	0	1	10001	10002	10003	10004	10006	20206	10007	0	0	0	
	2441	니플의_대거	12254	0	0	0	4	21	9467	41	12197	5	10078	1	12254	6067	0	40	6057	0	15	6070	0	18	0	0	0	0	0	0	0	0	0	20000000 	5	1	50124	0	1	10001	10002	10003	10004	10006	20206	10007	0	0	0	
	2442	니플의_채찍검	12255	0	0	0	4	21	9467	41	12197	5	10078	2	12255	6067	0	40	6057	0	15	6070	0	18	0	0	0	0	0	0	0	0	0	20000000 	5	1	50125	0	1	10001	10002	10003	10004	10006	20206	10007	0	0	0	
	2443	로키_갑옷	12230	0	0	0	4	21	9467	41	12197	5	10078	3	12230	6066	0	35	6057	0	12	6070	0	15	0	0	0	0	0	0	0	0	0	16000000 	5	1	51535	0	1	10001	10002	10003	10004	10006	20206	10007	0	0	0	
	2444	로키_바지	12233	0	0	0	4	21	9467	41	12197	5	10078	4	12233	6066	0	33	6057	0	10	6070	0	13	0	0	0	0	0	0	0	0	0	11500000 	5	1	51538	0	1	10001	10002	10003	10004	10006	20206	10007	0	0	0	
	2445	로키_헬멧	12232	0	0	0	4	21	9467	41	12197	5	10078	5	12232	6066	0	31	6057	0	8	6070	0	11	0	0	0	0	0	0	0	0	0	13000000 	5	1	51537	0	1	10001	10002	10003	10004	10006	20206	10007	0	0	0	
	2446	로키_장갑	12235	0	0	0	4	21	9467	41	12197	5	10078	6	12235	6066	0	29	6057	0	6	6070	0	9	0	0	0	0	0	0	0	0	0	10000000 	5	1	51540	0	1	10001	10002	10003	10004	10006	20206	10007	0	0	0	
	2447	로키_부츠	12234	0	0	0	4	21	9467	41	12197	5	10078	7	12234	6066	0	29	6057	0	6	6070	0	9	0	0	0	0	0	0	0	0	0	11500000 	5	1	51539	0	1	10001	10002	10003	10004	10006	20206	10007	0	0	0	
	2448	로키_프로텍터	12231	0	0	0	4	21	9467	41	12197	5	10078	8	12231	6066	0	27	6057	0	4	6070	0	7	0	0	0	0	0	0	0	0	0	14500000 	5	1	51536	0	1	10001	10002	10003	10004	10006	20206	10007	0	0	0	
	2449	로키_벨트	12236	0	0	0	4	21	9467	41	12197	5	10078	9	12236	6066	0	26	6057	0	3	6070	0	6	0	0	0	0	0	0	0	0	0	9000000 	5	1	51541	0	1	10001	10002	10003	10004	10006	20206	10007	0	0	0	
	2450	로키_셔츠	12237	0	0	0	4	21	9467	41	12197	5	10078	10	12237	6066	0	25	6057	0	2	6070	0	5	0	0	0	0	0	0	0	0	0	8000000 	5	1	51542	0	1	10001	10002	10003	10004	10006	20206	10007	0	0	0	
	2451	스바르트의_건틀렛	12256	0	0	0	4	21	9467	41	12197	6	10002	1	12256	6067	0	40	6057	0	15	6073	0	18	0	0	0	0	0	0	0	0	0	20000000 	5	1	50126	0	1	10001	10002	10003	10004	10006	20206	10007	0	0	0	
	2452	스바르트의_에테르사이드	12257	0	0	0	4	21	9467	41	12197	6	10002	2	12257	6067	0	40	6057	0	15	6073	0	18	0	0	0	0	0	0	0	0	0	20000000 	5	1	50127	0	1	10001	10002	10003	10004	10006	20206	10007	0	0	0	
	2453	시프_갑옷	12238	0	0	0	4	21	9467	41	12197	6	10002	3	12238	6066	0	35	6057	0	12	6073	0	15	0	0	0	0	0	0	0	0	0	16000000 	5	1	51543	0	1	10001	10002	10003	10004	10006	20206	10007	0	0	0	
	2454	시프_바지	12241	0	0	0	4	21	9467	41	12197	6	10002	4	12241	6066	0	33	6057	0	10	6073	0	13	0	0	0	0	0	0	0	0	0	11500000 	5	1	51546	0	1	10001	10002	10003	10004	10006	20206	10007	0	0	0	
	2455	시프_헬멧	12240	0	0	0	4	21	9467	41	12197	6	10002	5	12240	6066	0	31	6057	0	8	6073	0	11	0	0	0	0	0	0	0	0	0	13000000 	5	1	51545	0	1	10001	10002	10003	10004	10006	20206	10007	0	0	0	
	2456	시프_장갑	12243	0	0	0	4	21	9467	41	12197	6	10002	6	12243	6066	0	29	6057	0	6	6073	0	9	0	0	0	0	0	0	0	0	0	10000000 	5	1	51548	0	1	10001	10002	10003	10004	10006	20206	10007	0	0	0	
	2457	시프_부츠	12242	0	0	0	4	21	9467	41	12197	6	10002	7	12242	6066	0	29	6057	0	6	6073	0	9	0	0	0	0	0	0	0	0	0	11500000 	5	1	51547	0	1	10001	10002	10003	10004	10006	20206	10007	0	0	0	
	2458	시프_프로텍터	12239	0	0	0	4	21	9467	41	12197	6	10002	8	12239	6066	0	27	6057	0	4	6073	0	7	0	0	0	0	0	0	0	0	0	14500000 	5	1	51544	0	1	10001	10002	10003	10004	10006	20206	10007	0	0	0	
	2459	시프_벨트	12244	0	0	0	4	21	9467	41	12197	6	10002	9	12244	6066	0	26	6057	0	3	6073	0	6	0	0	0	0	0	0	0	0	0	9000000 	5	1	51549	0	1	10001	10002	10003	10004	10006	20206	10007	0	0	0	
	2460	시프_셔츠	12245	0	0	0	4	21	9467	41	12197	6	10002	10	12245	6066	0	25	6057	0	2	6073	0	5	0	0	0	0	0	0	0	0	0	8000000 	5	1	51550	0	1	10001	10002	10003	10004	10006	20206	10007	0	0	0	
	2461	티르의_에테르블래스터	10151	0	0	0	4	21	9467	41	12197	7	10006	1	10151	6067	0	40	6057	0	15	6076	0	18	0	0	0	0	0	0	0	0	0	20000000 	5	1	50133	0	1	10001	10002	10003	10004	10006	20206	10007	0	0	0	
	2462	노르넨_갑옷	10152	0	0	0	4	21	9467	41	12197	7	10006	2	10152	6066	0	35	6057	0	12	6076	0	15	0	0	0	0	0	0	0	0	0	16000000 	5	1	51687	0	1	10001	10002	10003	10004	10006	20206	10007	0	0	0	
	2463	노르넨_바지	10153	0	0	0	4	21	9467	41	12197	7	10006	3	10153	6066	0	33	6057	0	10	6076	0	13	0	0	0	0	0	0	0	0	0	11500000 	5	1	51690	0	1	10001	10002	10003	10004	10006	20206	10007	0	0	0	
	2464	노르넨_헬멧	10154	0	0	0	4	21	9467	41	12197	7	10006	4	10154	6066	0	31	6057	0	8	6076	0	11	0	0	0	0	0	0	0	0	0	13000000 	5	1	51689	0	1	10001	10002	10003	10004	10006	20206	10007	0	0	0	
	2465	노르넨_장갑	10155	0	0	0	4	21	9467	41	12197	7	10006	5	10155	6066	0	29	6057	0	6	6076	0	9	0	0	0	0	0	0	0	0	0	10000000 	5	1	51692	0	1	10001	10002	10003	10004	10006	20206	10007	0	0	0	
	2466	노르넨_부츠	10156	0	0	0	4	21	9467	41	12197	7	10006	6	10156	6066	0	29	6057	0	6	6076	0	9	0	0	0	0	0	0	0	0	0	11500000 	5	1	51691	0	1	10001	10002	10003	10004	10006	20206	10007	0	0	0	
	2467	노르넨_프로텍터	10157	0	0	0	4	21	9467	41	12197	7	10006	7	10157	6066	0	27	6057	0	4	6076	0	7	0	0	0	0	0	0	0	0	0	14500000 	5	1	51688	0	1	10001	10002	10003	10004	10006	20206	10007	0	0	0	
	2468	노르넨_벨트	10158	0	0	0	4	21	9467	41	12197	7	10006	8	10158	6066	0	26	6057	0	3	6076	0	6	0	0	0	0	0	0	0	0	0	9000000 	5	1	51693	0	1	10001	10002	10003	10004	10006	20206	10007	0	0	0	
	2469	노르넨_셔츠	10159	0	0	0	4	21	9467	41	12197	7	10006	9	10159	6066	0	25	6057	0	2	6076	0	5	0	0	0	0	0	0	0	0	0	8000000 	5	1	51694	0	1	10001	10002	10003	10004	10006	20206	10007	0	0	0	
	2470	테미스의_아크블레이드	9782	0	0	0	4	21	9467	41	12197	8	10008	1	9782	6067	0	40	6057	0	15	6095	0	18	0	0	0	0	0	0	0	0	0	20000000 	5	1	50325	0	1	10001	10002	10003	10004	10006	20206	10007	0	0	0	
	2471	모리유_갑옷	9783	0	0	0	4	21	9467	41	12197	8	10008	2	9783	6066	0	35	6057	0	12	6095	0	15	0	0	0	0	0	0	0	0	0	16000000 	5	1	57041	0	1	10001	10002	10003	10004	10006	20206	10007	0	0	0	
	2472	모리유_바지	9784	0	0	0	4	21	9467	41	12197	8	10008	3	9784	6066	0	33	6057	0	10	6095	0	13	0	0	0	0	0	0	0	0	0	11500000 	5	1	57044	0	1	10001	10002	10003	10004	10006	20206	10007	0	0	0	
	2473	모리유_헬멧	9785	0	0	0	4	21	9467	41	12197	8	10008	4	9785	6066	0	31	6057	0	8	6095	0	11	0	0	0	0	0	0	0	0	0	13000000 	5	1	57043	0	1	10001	10002	10003	10004	10006	20206	10007	0	0	0	
	2474	모리유_장갑	9786	0	0	0	4	21	9467	41	12197	8	10008	5	9786	6066	0	29	6057	0	6	6095	0	9	0	0	0	0	0	0	0	0	0	10000000 	5	1	57046	0	1	10001	10002	10003	10004	10006	20206	10007	0	0	0	
	2475	모리유_부츠	9787	0	0	0	4	21	9467	41	12197	8	10008	6	9787	6066	0	29	6057	0	6	6095	0	9	0	0	0	0	0	0	0	0	0	11500000 	5	1	57045	0	1	10001	10002	10003	10004	10006	20206	10007	0	0	0	
	2476	모리유_프로텍터	9788	0	0	0	4	21	9467	41	12197	8	10008	7	9788	6066	0	27	6057	0	4	6095	0	7	0	0	0	0	0	0	0	0	0	14500000 	5	1	57042	0	1	10001	10002	10003	10004	10006	20206	10007	0	0	0	
	2477	모리유_벨트	9789	0	0	0	4	21	9467	41	12197	8	10008	8	9789	6066	0	26	6057	0	3	6095	0	6	0	0	0	0	0	0	0	0	0	9000000 	5	1	57047	0	1	10001	10002	10003	10004	10006	20206	10007	0	0	0	
	2478	모리유_셔츠	9790	0	0	0	4	21	9467	41	12197	8	10008	9	9790	6066	0	25	6057	0	2	6095	0	5	0	0	0	0	0	0	0	0	0	8000000 	5	1	57048	0	1	10001	10002	10003	10004	10006	20206	10007	0	0	0	
//21-51 엘리트 3.5차 아이템+12 (2501~2600)																																																		
	2501	검게물든_무스펠의_양손도끼	12258	0	0	0	4	21	9467	51	12515	1	10074	1	12258	50092	10012	1	6057	0	15	6097	0	18	7252	0	50	7248	0	40	0	0	0	150000000 	100	1	50573	10012	1	10001	10002	10003	10004	10006	20206	10007	0	0	0	
	2502	검게물든_무스펠의_양손검	12259	0	0	0	4	21	9467	51	12515	1	10074	2	12259	50093	10012	1	6057	0	15	6097	0	18	7252	0	50	7248	0	40	0	0	0	150000000 	100	1	50574	10012	1	10001	10002	10003	10004	10006	20206	10007	0	0	0	
	2503	검게물든_토르_갑옷	12260	0	0	0	4	21	9467	51	12515	1	10074	3	12260	51503	10012	1	6057	0	12	6097	0	15	7252	0	28	7248	0	20	0	0	0	120000000 	100	1	51751	10012	1	10001	10002	10003	10004	10006	20206	10007	0	0	0	
	2504	검게물든_토르_바지	12261	0	0	0	4	21	9467	51	12515	1	10074	4	12261	51506	10012	1	6057	0	10	6097	0	13	7252	0	24	7248	0	20	0	0	0	110000000 	100	1	51754	10012	1	10001	10002	10003	10004	10006	20206	10007	0	0	0	
	2505	검게물든_토르_헬멧	12262	0	0	0	4	21	9467	51	12515	1	10074	5	12262	51505	10012	1	6057	0	8	6097	0	11	7252	0	24	7248	0	20	0	0	0	100000000 	100	1	51753	10012	1	10001	10002	10003	10004	10006	20206	10007	0	0	0	
	2506	검게물든_토르_장갑	12263	0	0	0	4	21	9467	51	12515	1	10074	6	12263	51508	10012	1	6057	0	6	6097	0	9	7252	0	20	7248	0	20	0	0	0	90000000 	100	1	51756	10012	1	10001	10002	10003	10004	10006	20206	10007	0	0	0	
	2507	검게물든_토르_부츠	12264	0	0	0	4	21	9467	51	12515	1	10074	7	12264	51507	10012	1	6057	0	6	6097	0	9	7252	0	20	7248	0	20	0	0	0	90000000 	100	1	51755	10012	1	10001	10002	10003	10004	10006	20206	10007	0	0	0	
	2508	검게물든_토르_프로텍터	12265	0	0	0	4	21	9467	51	12515	1	10074	8	12265	51504	10012	1	6057	0	4	6097	0	7	7252	0	20	7248	0	12	0	0	0	80000000 	100	1	51752	10012	1	10001	10002	10003	10004	10006	20206	10007	0	0	0	
	2509	검게물든_토르_벨트	12266	0	0	0	4	21	9467	51	12515	1	10074	9	12266	51509	10012	1	6057	0	3	6097	0	6	7252	0	16	7248	0	12	0	0	0	70000000 	100	1	51757	10012	1	10001	10002	10003	10004	10006	20206	10007	0	0	0	
	2510	검게물든_토르_셔츠	12267	0	0	0	4	21	9467	51	12515	1	10074	10	12267	51510	10012	1	6057	0	2	6097	0	5	7252	0	12	7248	0	8	0	0	0	60000000 	100	1	51758	10012	1	10001	10002	10003	10004	10006	20206	10007	0	0	0	
	2511	검게물든_요툰의_한손검	12446	0	0	0	4	21	9467	51	12515	2	10075	1	12446	50094	10012	1	6057	0	15	6098	0	18	7252	0	50	7248	0	40	0	0	0	150000000 	100	1	50575	10012	1	10001	10002	10003	10004	10006	20206	10007	0	0	0	
	2512	검게물든_요툰의_창	12447	0	0	0	4	21	9467	51	12515	2	10075	2	12447	50095	10012	1	6057	0	15	6098	0	18	7252	0	50	7248	0	40	0	0	0	150000000 	100	1	50576	10012	1	10001	10002	10003	10004	10006	20206	10007	0	0	0	
	2513	검게물든_헤임달_갑옷	12448	0	0	0	4	21	9467	51	12515	2	10075	3	12448	51511	10012	1	6057	0	12	6098	0	15	7252	0	28	7248	0	20	0	0	0	120000000 	100	1	51759	10012	1	10001	10002	10003	10004	10006	20206	10007	0	0	0	
	2514	검게물든_헤임달_바지	12449	0	0	0	4	21	9467	51	12515	2	10075	4	12449	51514	10012	1	6057	0	10	6098	0	13	7252	0	24	7248	0	20	0	0	0	110000000 	100	1	51762	10012	1	10001	10002	10003	10004	10006	20206	10007	0	0	0	
	2515	검게물든_헤임달_헬멧	12450	0	0	0	4	21	9467	51	12515	2	10075	5	12450	51513	10012	1	6057	0	8	6098	0	11	7252	0	24	7248	0	20	0	0	0	100000000 	100	1	51761	10012	1	10001	10002	10003	10004	10006	20206	10007	0	0	0	
	2516	검게물든_헤임달_장갑	12451	0	0	0	4	21	9467	51	12515	2	10075	6	12451	51516	10012	1	6057	0	6	6098	0	9	7252	0	20	7248	0	20	0	0	0	90000000 	100	1	51764	10012	1	10001	10002	10003	10004	10006	20206	10007	0	0	0	
	2517	검게물든_헤임달_부츠	12452	0	0	0	4	21	9467	51	12515	2	10075	7	12452	51515	10012	1	6057	0	6	6098	0	9	7252	0	20	7248	0	20	0	0	0	90000000 	100	1	51763	10012	1	10001	10002	10003	10004	10006	20206	10007	0	0	0	
	2518	검게물든_헤임달_프로텍터	12453	0	0	0	4	21	9467	51	12515	2	10075	8	12453	51512	10012	1	6057	0	4	6098	0	7	7252	0	20	7248	0	12	0	0	0	80000000 	100	1	51760	10012	1	10001	10002	10003	10004	10006	20206	10007	0	0	0	
	2519	검게물든_헤임달_벨트	12454	0	0	0	4	21	9467	51	12515	2	10075	9	12454	51517	10012	1	6057	0	3	6098	0	6	7252	0	16	7248	0	12	0	0	0	70000000 	100	1	51765	10012	1	10001	10002	10003	10004	10006	20206	10007	0	0	0	
	2520	검게물든_헤임달_셔츠	12455	0	0	0	4	21	9467	51	12515	2	10075	10	12455	51518	10012	1	6057	0	2	6098	0	5	7252	0	12	7248	0	8	0	0	0	60000000 	100	1	51766	10012	1	10001	10002	10003	10004	10006	20206	10007	0	0	0	
	2521	검게물든_바나의_한손석궁	12456	0	0	0	4	21	9467	51	12515	3	10076	1	12456	50096	10012	1	6057	0	15	6100	0	18	7252	0	50	7248	0	40	0	0	0	150000000 	100	1	50577	10012	1	10001	10002	10003	10004	10006	20206	10007	0	0	0	
	2522	검게물든_바나의_에테르웨폰	12457	0	0	0	4	21	9467	51	12515	3	10076	2	12457	50097	10012	1	6057	0	15	6100	0	18	7252	0	50	7248	0	40	0	0	0	150000000 	100	1	50578	10012	1	10001	10002	10003	10004	10006	20206	10007	0	0	0	
	2523	검게물든_스카디_갑옷	12458	0	0	0	4	21	9467	51	12515	3	10076	3	12458	51527	10012	1	6057	0	12	6100	0	15	7252	0	28	7248	0	20	0	0	0	120000000 	100	1	51767	10012	1	10001	10002	10003	10004	10006	20206	10007	0	0	0	
	2524	검게물든_스카디_바지	12459	0	0	0	4	21	9467	51	12515	3	10076	4	12459	51530	10012	1	6057	0	10	6100	0	13	7252	0	24	7248	0	20	0	0	0	110000000 	100	1	51770	10012	1	10001	10002	10003	10004	10006	20206	10007	0	0	0	
	2525	검게물든_스카디_헬멧	12460	0	0	0	4	21	9467	51	12515	3	10076	5	12460	51529	10012	1	6057	0	8	6100	0	11	7252	0	24	7248	0	20	0	0	0	100000000 	100	1	51769	10012	1	10001	10002	10003	10004	10006	20206	10007	0	0	0	
	2526	검게물든_스카디_장갑	12461	0	0	0	4	21	9467	51	12515	3	10076	6	12461	51532	10012	1	6057	0	6	6100	0	9	7252	0	20	7248	0	20	0	0	0	90000000 	100	1	51772	10012	1	10001	10002	10003	10004	10006	20206	10007	0	0	0	
	2527	검게물든_스카디_부츠	12462	0	0	0	4	21	9467	51	12515	3	10076	7	12462	51531	10012	1	6057	0	6	6100	0	9	7252	0	20	7248	0	20	0	0	0	90000000 	100	1	51771	10012	1	10001	10002	10003	10004	10006	20206	10007	0	0	0	
	2528	검게물든_스카디_프로텍터	12463	0	0	0	4	21	9467	51	12515	3	10076	8	12463	51528	10012	1	6057	0	4	6100	0	7	7252	0	20	7248	0	12	0	0	0	80000000 	100	1	51768	10012	1	10001	10002	10003	10004	10006	20206	10007	0	0	0	
	2529	검게물든_스카디_벨트	12464	0	0	0	4	21	9467	51	12515	3	10076	9	12464	51533	10012	1	6057	0	3	6100	0	6	7252	0	16	7248	0	12	0	0	0	70000000 	100	1	51773	10012	1	10001	10002	10003	10004	10006	20206	10007	0	0	0	
	2530	검게물든_스카디_셔츠	12465	0	0	0	4	21	9467	51	12515	3	10076	10	12465	51534	10012	1	6057	0	2	6100	0	5	7252	0	12	7248	0	8	0	0	0	60000000 	100	1	51774	10012	1	10001	10002	10003	10004	10006	20206	10007	0	0	0	
	2531	검게물든_알브의_지팡이	12466	0	0	0	4	21	9467	51	12515	4	10077	1	12466	50098	10012	1	6057	0	15	6101	0	18	7252	0	50	7248	0	40	0	0	0	150000000 	100	1	50579	10012	1	10001	10002	10003	10004	10006	20206	10007	0	0	0	
	2532	검게물든_알브의_오브	12467	0	0	0	4	21	9467	51	12515	4	10077	2	12467	50099	10012	1	6057	0	15	6101	0	18	7252	0	50	7248	0	40	0	0	0	150000000 	100	1	50580	10012	1	10001	10002	10003	10004	10006	20206	10007	0	0	0	
	2533	검게물든_프레이야_갑옷	12468	0	0	0	4	21	9467	51	12515	4	10077	3	12468	51519	10012	1	6057	0	12	6101	0	15	7252	0	28	7248	0	20	0	0	0	120000000 	100	1	51775	10012	1	10001	10002	10003	10004	10006	20206	10007	0	0	0	
	2534	검게물든_프레이야_바지	12469	0	0	0	4	21	9467	51	12515	4	10077	4	12469	51522	10012	1	6057	0	10	6101	0	13	7252	0	24	7248	0	20	0	0	0	110000000 	100	1	51778	10012	1	10001	10002	10003	10004	10006	20206	10007	0	0	0	
	2535	검게물든_프레이야_헬멧	12470	0	0	0	4	21	9467	51	12515	4	10077	5	12470	51521	10012	1	6057	0	8	6101	0	11	7252	0	24	7248	0	20	0	0	0	100000000 	100	1	51777	10012	1	10001	10002	10003	10004	10006	20206	10007	0	0	0	
	2536	검게물든_프레이야_장갑	12471	0	0	0	4	21	9467	51	12515	4	10077	6	12471	51524	10012	1	6057	0	6	6101	0	9	7252	0	20	7248	0	20	0	0	0	90000000 	100	1	51780	10012	1	10001	10002	10003	10004	10006	20206	10007	0	0	0	
	2537	검게물든_프레이야_부츠	12472	0	0	0	4	21	9467	51	12515	4	10077	7	12472	51523	10012	1	6057	0	6	6101	0	9	7252	0	20	7248	0	20	0	0	0	90000000 	100	1	51779	10012	1	10001	10002	10003	10004	10006	20206	10007	0	0	0	
	2538	검게물든_프레이야_프로텍터	12473	0	0	0	4	21	9467	51	12515	4	10077	8	12473	51520	10012	1	6057	0	4	6101	0	7	7252	0	20	7248	0	12	0	0	0	80000000 	100	1	51776	10012	1	10001	10002	10003	10004	10006	20206	10007	0	0	0	
	2539	검게물든_프레이야_벨트	12474	0	0	0	4	21	9467	51	12515	4	10077	9	12474	51525	10012	1	6057	0	3	6101	0	6	7252	0	16	7248	0	12	0	0	0	70000000 	100	1	51781	10012	1	10001	10002	10003	10004	10006	20206	10007	0	0	0	
	2540	검게물든_프레이야_셔츠	12475	0	0	0	4	21	9467	51	12515	4	10077	10	12475	51526	10012	1	6057	0	2	6101	0	5	7252	0	12	7248	0	8	0	0	0	60000000 	100	1	51782	10012	1	10001	10002	10003	10004	10006	20206	10007	0	0	0	
	2541	검게물든_니플의_대거	12476	0	0	0	4	21	9467	51	12515	5	10078	1	12476	50124	10012	1	6057	0	15	6099	0	18	7252	0	50	7248	0	40	0	0	0	150000000 	100	1	50581	10012	1	10001	10002	10003	10004	10006	20206	10007	0	0	0	
	2542	검게물든_니플의_채찍검	12477	0	0	0	4	21	9467	51	12515	5	10078	2	12477	50125	10012	1	6057	0	15	6099	0	18	7252	0	50	7248	0	40	0	0	0	150000000 	100	1	50582	10012	1	10001	10002	10003	10004	10006	20206	10007	0	0	0	
	2543	검게물든_로키_갑옷	12478	0	0	0	4	21	9467	51	12515	5	10078	3	12478	51535	10012	1	6057	0	12	6099	0	15	7252	0	28	7248	0	20	0	0	0	120000000 	100	1	51783	10012	1	10001	10002	10003	10004	10006	20206	10007	0	0	0	
	2544	검게물든_로키_바지	12479	0	0	0	4	21	9467	51	12515	5	10078	4	12479	51538	10012	1	6057	0	10	6099	0	13	7252	0	24	7248	0	20	0	0	0	110000000 	100	1	51786	10012	1	10001	10002	10003	10004	10006	20206	10007	0	0	0	
	2545	검게물든_로키_헬멧	12480	0	0	0	4	21	9467	51	12515	5	10078	5	12480	51537	10012	1	6057	0	8	6099	0	11	7252	0	24	7248	0	20	0	0	0	100000000 	100	1	51785	10012	1	10001	10002	10003	10004	10006	20206	10007	0	0	0	
	2546	검게물든_로키_장갑	12481	0	0	0	4	21	9467	51	12515	5	10078	6	12481	51540	10012	1	6057	0	6	6099	0	9	7252	0	20	7248	0	20	0	0	0	90000000 	100	1	51788	10012	1	10001	10002	10003	10004	10006	20206	10007	0	0	0	
	2547	검게물든_로키_부츠	12482	0	0	0	4	21	9467	51	12515	5	10078	7	12482	51539	10012	1	6057	0	6	6099	0	9	7252	0	20	7248	0	20	0	0	0	90000000 	100	1	51787	10012	1	10001	10002	10003	10004	10006	20206	10007	0	0	0	
	2548	검게물든_로키_프로텍터	12483	0	0	0	4	21	9467	51	12515	5	10078	8	12483	51536	10012	1	6057	0	4	6099	0	7	7252	0	20	7248	0	12	0	0	0	80000000 	100	1	51784	10012	1	10001	10002	10003	10004	10006	20206	10007	0	0	0	
	2549	검게물든_로키_벨트	12484	0	0	0	4	21	9467	51	12515	5	10078	9	12484	51541	10012	1	6057	0	3	6099	0	6	7252	0	16	7248	0	12	0	0	0	70000000 	100	1	51789	10012	1	10001	10002	10003	10004	10006	20206	10007	0	0	0	
	2550	검게물든_로키_셔츠	12485	0	0	0	4	21	9467	51	12515	5	10078	10	12485	51542	10012	1	6057	0	2	6099	0	5	7252	0	12	7248	0	8	0	0	0	60000000 	100	1	51790	10012	1	10001	10002	10003	10004	10006	20206	10007	0	0	0	
	2551	검게물든_스바르트의_건틀렛	12486	0	0	0	4	21	9467	51	12515	6	10002	1	12486	50126	10012	1	6057	0	15	6102	0	18	7252	0	50	7248	0	40	0	0	0	150000000 	100	1	50583	10012	1	10001	10002	10003	10004	10006	20206	10007	0	0	0	
	2552	검게물든_스바르트의_에테르사이드	12487	0	0	0	4	21	9467	51	12515	6	10002	2	12487	50127	10012	1	6057	0	15	6102	0	18	7252	0	50	7248	0	40	0	0	0	150000000 	100	1	50584	10012	1	10001	10002	10003	10004	10006	20206	10007	0	0	0	
	2553	검게물든_시프_갑옷	12488	0	0	0	4	21	9467	51	12515	6	10002	3	12488	51543	10012	1	6057	0	12	6102	0	15	7252	0	28	7248	0	20	0	0	0	120000000 	100	1	51791	10012	1	10001	10002	10003	10004	10006	20206	10007	0	0	0	
	2554	검게물든_시프_바지	12489	0	0	0	4	21	9467	51	12515	6	10002	4	12489	51546	10012	1	6057	0	10	6102	0	13	7252	0	24	7248	0	20	0	0	0	110000000 	100	1	51794	10012	1	10001	10002	10003	10004	10006	20206	10007	0	0	0	
	2555	검게물든_시프_헬멧	12490	0	0	0	4	21	9467	51	12515	6	10002	5	12490	51545	10012	1	6057	0	8	6102	0	11	7252	0	24	7248	0	20	0	0	0	100000000 	100	1	51793	10012	1	10001	10002	10003	10004	10006	20206	10007	0	0	0	
	2556	검게물든_시프_장갑	12491	0	0	0	4	21	9467	51	12515	6	10002	6	12491	51548	10012	1	6057	0	6	6102	0	9	7252	0	20	7248	0	20	0	0	0	90000000 	100	1	51796	10012	1	10001	10002	10003	10004	10006	20206	10007	0	0	0	
	2557	검게물든_시프_부츠	12492	0	0	0	4	21	9467	51	12515	6	10002	7	12492	51547	10012	1	6057	0	6	6102	0	9	7252	0	20	7248	0	20	0	0	0	90000000 	100	1	51795	10012	1	10001	10002	10003	10004	10006	20206	10007	0	0	0	
	2558	검게물든_시프_프로텍터	12493	0	0	0	4	21	9467	51	12515	6	10002	8	12493	51544	10012	1	6057	0	4	6102	0	7	7252	0	20	7248	0	12	0	0	0	80000000 	100	1	51792	10012	1	10001	10002	10003	10004	10006	20206	10007	0	0	0	
	2559	검게물든_시프_벨트	12494	0	0	0	4	21	9467	51	12515	6	10002	9	12494	51549	10012	1	6057	0	3	6102	0	6	7252	0	16	7248	0	12	0	0	0	70000000 	100	1	51797	10012	1	10001	10002	10003	10004	10006	20206	10007	0	0	0	
	2560	검게물든_시프_셔츠	12495	0	0	0	4	21	9467	51	12515	6	10002	10	12495	51550	10012	1	6057	0	2	6102	0	5	7252	0	12	7248	0	8	0	0	0	60000000 	100	1	51798	10012	1	10001	10002	10003	10004	10006	20206	10007	0	0	0	
	2561	검게물든_티르의_에테르블래스터	12496	0	0	0	4	21	9467	51	12515	7	10006	1	12496	50133	10012	1	6057	0	15	6103	0	18	7252	0	50	7248	0	40	0	0	0	150000000 	100	1	50585	10012	1	10001	10002	10003	10004	10006	20206	10007	0	0	0	
	2562	검게물든_노르넨_갑옷	12497	0	0	0	4	21	9467	51	12515	7	10006	2	12497	51687	10012	1	6057	0	12	6103	0	15	7252	0	28	7248	0	20	0	0	0	120000000 	100	1	51799	10012	1	10001	10002	10003	10004	10006	20206	10007	0	0	0	
	2563	검게물든_노르넨_바지	12498	0	0	0	4	21	9467	51	12515	7	10006	3	12498	51690	10012	1	6057	0	10	6103	0	13	7252	0	24	7248	0	20	0	0	0	110000000 	100	1	51802	10012	1	10001	10002	10003	10004	10006	20206	10007	0	0	0	
	2564	검게물든_노르넨_헬멧	12499	0	0	0	4	21	9467	51	12515	7	10006	4	12499	51689	10012	1	6057	0	8	6103	0	11	7252	0	24	7248	0	20	0	0	0	100000000 	100	1	51801	10012	1	10001	10002	10003	10004	10006	20206	10007	0	0	0	
	2565	검게물든_노르넨_장갑	12500	0	0	0	4	21	9467	51	12515	7	10006	5	12500	51692	10012	1	6057	0	6	6103	0	9	7252	0	20	7248	0	20	0	0	0	90000000 	100	1	51804	10012	1	10001	10002	10003	10004	10006	20206	10007	0	0	0	
	2566	검게물든_노르넨_부츠	12501	0	0	0	4	21	9467	51	12515	7	10006	6	12501	51691	10012	1	6057	0	6	6103	0	9	7252	0	20	7248	0	20	0	0	0	90000000 	100	1	51803	10012	1	10001	10002	10003	10004	10006	20206	10007	0	0	0	
	2567	검게물든_노르넨_프로텍터	12502	0	0	0	4	21	9467	51	12515	7	10006	7	12502	51688	10012	1	6057	0	4	6103	0	7	7252	0	20	7248	0	12	0	0	0	80000000 	100	1	51800	10012	1	10001	10002	10003	10004	10006	20206	10007	0	0	0	
	2568	검게물든_노르넨_벨트	12503	0	0	0	4	21	9467	51	12515	7	10006	8	12503	51693	10012	1	6057	0	3	6103	0	6	7252	0	16	7248	0	12	0	0	0	70000000 	100	1	51805	10012	1	10001	10002	10003	10004	10006	20206	10007	0	0	0	
	2569	검게물든_노르넨_셔츠	12504	0	0	0	4	21	9467	51	12515	7	10006	9	12504	51694	10012	1	6057	0	2	6103	0	5	7252	0	12	7248	0	8	0	0	0	60000000 	100	1	51806	10012	1	10001	10002	10003	10004	10006	20206	10007	0	0	0	
	2570	검게물든_테미스의_아크블레이드	12505	0	0	0	4	21	9467	51	12515	8	10008	1	12505	50325	10012	1	6057	0	15	6104	0	18	7252	0	50	7248	0	40	0	0	0	150000000 	100	1	50599	10012	1	10001	10002	10003	10004	10006	20206	10007	0	0	0	
	2571	검게물든_모리유_갑옷	12506	0	0	0	4	21	9467	51	12515	8	10008	2	12506	57041	10012	1	6057	0	12	6104	0	15	7252	0	28	7248	0	20	0	0	0	120000000 	100	1	51807	10012	1	10001	10002	10003	10004	10006	20206	10007	0	0	0	
	2572	검게물든_모리유_바지	12507	0	0	0	4	21	9467	51	12515	8	10008	3	12507	57044	10012	1	6057	0	10	6104	0	13	7252	0	24	7248	0	20	0	0	0	110000000 	100	1	51810	10012	1	10001	10002	10003	10004	10006	20206	10007	0	0	0	
	2573	검게물든_모리유_헬멧	12508	0	0	0	4	21	9467	51	12515	8	10008	4	12508	57043	10012	1	6057	0	8	6104	0	11	7252	0	24	7248	0	20	0	0	0	100000000 	100	1	51809	10012	1	10001	10002	10003	10004	10006	20206	10007	0	0	0	
	2574	검게물든_모리유_장갑	12509	0	0	0	4	21	9467	51	12515	8	10008	5	12509	57046	10012	1	6057	0	6	6104	0	9	7252	0	20	7248	0	20	0	0	0	90000000 	100	1	51812	10012	1	10001	10002	10003	10004	10006	20206	10007	0	0	0	
	2575	검게물든_모리유_부츠	12510	0	0	0	4	21	9467	51	12515	8	10008	6	12510	57045	10012	1	6057	0	6	6104	0	9	7252	0	20	7248	0	20	0	0	0	90000000 	100	1	51811	10012	1	10001	10002	10003	10004	10006	20206	10007	0	0	0	
	2576	검게물든_모리유_프로텍터	12511	0	0	0	4	21	9467	51	12515	8	10008	7	12511	57042	10012	1	6057	0	4	6104	0	7	7252	0	20	7248	0	12	0	0	0	80000000 	100	1	51808	10012	1	10001	10002	10003	10004	10006	20206	10007	0	0	0	
	2577	검게물든_모리유_벨트	12512	0	0	0	4	21	9467	51	12515	8	10008	8	12512	57047	10012	1	6057	0	3	6104	0	6	7252	0	16	7248	0	12	0	0	0	70000000 	100	1	51813	10012	1	10001	10002	10003	10004	10006	20206	10007	0	0	0	
	2578	검게물든_모리유_셔츠	12513	0	0	0	4	21	9467	51	12515	8	10008	9	12513	57048	10012	1	6057	0	2	6104	0	5	7252	0	12	7248	0	8	0	0	0	60000000 	100	1	51814	10012	1	10001	10002	10003	10004	10006	20206	10007	0	0	0	
//21-52 엘리트 3.5차 아이템+15 (2601~2700)																																																		
	2601	검게물든_무스펠의_양손도끼	12258	0	0	0	4	21	9467	52	12516	1	10074	1	12258	50092	10015	1	6057	0	15	6097	0	18	7252	0	50	7248	0	40	0	0	0	150000000 	100	1	50573	10015	1	10001	10002	10003	10004	10006	20206	10007	0	0	0	
	2602	검게물든_무스펠의_양손검	12259	0	0	0	4	21	9467	52	12516	1	10074	2	12259	50093	10015	1	6057	0	15	6097	0	18	7252	0	50	7248	0	40	0	0	0	150000000 	100	1	50574	10015	1	10001	10002	10003	10004	10006	20206	10007	0	0	0	
	2603	검게물든_토르_갑옷	12260	0	0	0	4	21	9467	52	12516	1	10074	3	12260	51503	10015	1	6057	0	12	6097	0	15	7252	0	28	7248	0	20	0	0	0	120000000 	100	1	51751	10015	1	10001	10002	10003	10004	10006	20206	10007	0	0	0	
	2604	검게물든_토르_바지	12261	0	0	0	4	21	9467	52	12516	1	10074	4	12261	51506	10015	1	6057	0	10	6097	0	13	7252	0	24	7248	0	20	0	0	0	110000000 	100	1	51754	10015	1	10001	10002	10003	10004	10006	20206	10007	0	0	0	
	2605	검게물든_토르_헬멧	12262	0	0	0	4	21	9467	52	12516	1	10074	5	12262	51505	10015	1	6057	0	8	6097	0	11	7252	0	24	7248	0	20	0	0	0	100000000 	100	1	51753	10015	1	10001	10002	10003	10004	10006	20206	10007	0	0	0	
	2606	검게물든_토르_장갑	12263	0	0	0	4	21	9467	52	12516	1	10074	6	12263	51508	10015	1	6057	0	6	6097	0	9	7252	0	20	7248	0	20	0	0	0	90000000 	100	1	51756	10015	1	10001	10002	10003	10004	10006	20206	10007	0	0	0	
	2607	검게물든_토르_부츠	12264	0	0	0	4	21	9467	52	12516	1	10074	7	12264	51507	10015	1	6057	0	6	6097	0	9	7252	0	20	7248	0	20	0	0	0	90000000 	100	1	51755	10015	1	10001	10002	10003	10004	10006	20206	10007	0	0	0	
	2608	검게물든_토르_프로텍터	12265	0	0	0	4	21	9467	52	12516	1	10074	8	12265	51504	10015	1	6057	0	4	6097	0	7	7252	0	20	7248	0	12	0	0	0	80000000 	100	1	51752	10015	1	10001	10002	10003	10004	10006	20206	10007	0	0	0	
	2609	검게물든_토르_벨트	12266	0	0	0	4	21	9467	52	12516	1	10074	9	12266	51509	10015	1	6057	0	3	6097	0	6	7252	0	16	7248	0	12	0	0	0	70000000 	100	1	51757	10015	1	10001	10002	10003	10004	10006	20206	10007	0	0	0	
	2610	검게물든_토르_셔츠	12267	0	0	0	4	21	9467	52	12516	1	10074	10	12267	51510	10015	1	6057	0	2	6097	0	5	7252	0	12	7248	0	8	0	0	0	60000000 	100	1	51758	10015	1	10001	10002	10003	10004	10006	20206	10007	0	0	0	
	2611	검게물든_요툰의_한손검	12446	0	0	0	4	21	9467	52	12516	2	10075	1	12446	50094	10015	1	6057	0	15	6098	0	18	7252	0	50	7248	0	40	0	0	0	150000000 	100	1	50575	10015	1	10001	10002	10003	10004	10006	20206	10007	0	0	0	
	2612	검게물든_요툰의_창	12447	0	0	0	4	21	9467	52	12516	2	10075	2	12447	50095	10015	1	6057	0	15	6098	0	18	7252	0	50	7248	0	40	0	0	0	150000000 	100	1	50576	10015	1	10001	10002	10003	10004	10006	20206	10007	0	0	0	
	2613	검게물든_헤임달_갑옷	12448	0	0	0	4	21	9467	52	12516	2	10075	3	12448	51511	10015	1	6057	0	12	6098	0	15	7252	0	28	7248	0	20	0	0	0	120000000 	100	1	51759	10015	1	10001	10002	10003	10004	10006	20206	10007	0	0	0	
	2614	검게물든_헤임달_바지	12449	0	0	0	4	21	9467	52	12516	2	10075	4	12449	51514	10015	1	6057	0	10	6098	0	13	7252	0	24	7248	0	20	0	0	0	110000000 	100	1	51762	10015	1	10001	10002	10003	10004	10006	20206	10007	0	0	0	
	2615	검게물든_헤임달_헬멧	12450	0	0	0	4	21	9467	52	12516	2	10075	5	12450	51513	10015	1	6057	0	8	6098	0	11	7252	0	24	7248	0	20	0	0	0	100000000 	100	1	51761	10015	1	10001	10002	10003	10004	10006	20206	10007	0	0	0	
	2616	검게물든_헤임달_장갑	12451	0	0	0	4	21	9467	52	12516	2	10075	6	12451	51516	10015	1	6057	0	6	6098	0	9	7252	0	20	7248	0	20	0	0	0	90000000 	100	1	51764	10015	1	10001	10002	10003	10004	10006	20206	10007	0	0	0	
	2617	검게물든_헤임달_부츠	12452	0	0	0	4	21	9467	52	12516	2	10075	7	12452	51515	10015	1	6057	0	6	6098	0	9	7252	0	20	7248	0	20	0	0	0	90000000 	100	1	51763	10015	1	10001	10002	10003	10004	10006	20206	10007	0	0	0	
	2618	검게물든_헤임달_프로텍터	12453	0	0	0	4	21	9467	52	12516	2	10075	8	12453	51512	10015	1	6057	0	4	6098	0	7	7252	0	20	7248	0	12	0	0	0	80000000 	100	1	51760	10015	1	10001	10002	10003	10004	10006	20206	10007	0	0	0	
	2619	검게물든_헤임달_벨트	12454	0	0	0	4	21	9467	52	12516	2	10075	9	12454	51517	10015	1	6057	0	3	6098	0	6	7252	0	16	7248	0	12	0	0	0	70000000 	100	1	51765	10015	1	10001	10002	10003	10004	10006	20206	10007	0	0	0	
	2620	검게물든_헤임달_셔츠	12455	0	0	0	4	21	9467	52	12516	2	10075	10	12455	51518	10015	1	6057	0	2	6098	0	5	7252	0	12	7248	0	8	0	0	0	60000000 	100	1	51766	10015	1	10001	10002	10003	10004	10006	20206	10007	0	0	0	
	2621	검게물든_바나의_한손석궁	12456	0	0	0	4	21	9467	52	12516	3	10076	1	12456	50096	10015	1	6057	0	15	6100	0	18	7252	0	50	7248	0	40	0	0	0	150000000 	100	1	50577	10015	1	10001	10002	10003	10004	10006	20206	10007	0	0	0	
	2622	검게물든_바나의_에테르웨폰	12457	0	0	0	4	21	9467	52	12516	3	10076	2	12457	50097	10015	1	6057	0	15	6100	0	18	7252	0	50	7248	0	40	0	0	0	150000000 	100	1	50578	10015	1	10001	10002	10003	10004	10006	20206	10007	0	0	0	
	2623	검게물든_스카디_갑옷	12458	0	0	0	4	21	9467	52	12516	3	10076	3	12458	51527	10015	1	6057	0	12	6100	0	15	7252	0	28	7248	0	20	0	0	0	120000000 	100	1	51767	10015	1	10001	10002	10003	10004	10006	20206	10007	0	0	0	
	2624	검게물든_스카디_바지	12459	0	0	0	4	21	9467	52	12516	3	10076	4	12459	51530	10015	1	6057	0	10	6100	0	13	7252	0	24	7248	0	20	0	0	0	110000000 	100	1	51770	10015	1	10001	10002	10003	10004	10006	20206	10007	0	0	0	
	2625	검게물든_스카디_헬멧	12460	0	0	0	4	21	9467	52	12516	3	10076	5	12460	51529	10015	1	6057	0	8	6100	0	11	7252	0	24	7248	0	20	0	0	0	100000000 	100	1	51769	10015	1	10001	10002	10003	10004	10006	20206	10007	0	0	0	
	2626	검게물든_스카디_장갑	12461	0	0	0	4	21	9467	52	12516	3	10076	6	12461	51532	10015	1	6057	0	6	6100	0	9	7252	0	20	7248	0	20	0	0	0	90000000 	100	1	51772	10015	1	10001	10002	10003	10004	10006	20206	10007	0	0	0	
	2627	검게물든_스카디_부츠	12462	0	0	0	4	21	9467	52	12516	3	10076	7	12462	51531	10015	1	6057	0	6	6100	0	9	7252	0	20	7248	0	20	0	0	0	90000000 	100	1	51771	10015	1	10001	10002	10003	10004	10006	20206	10007	0	0	0	
	2628	검게물든_스카디_프로텍터	12463	0	0	0	4	21	9467	52	12516	3	10076	8	12463	51528	10015	1	6057	0	4	6100	0	7	7252	0	20	7248	0	12	0	0	0	80000000 	100	1	51768	10015	1	10001	10002	10003	10004	10006	20206	10007	0	0	0	
	2629	검게물든_스카디_벨트	12464	0	0	0	4	21	9467	52	12516	3	10076	9	12464	51533	10015	1	6057	0	3	6100	0	6	7252	0	16	7248	0	12	0	0	0	70000000 	100	1	51773	10015	1	10001	10002	10003	10004	10006	20206	10007	0	0	0	
	2630	검게물든_스카디_셔츠	12465	0	0	0	4	21	9467	52	12516	3	10076	10	12465	51534	10015	1	6057	0	2	6100	0	5	7252	0	12	7248	0	8	0	0	0	60000000 	100	1	51774	10015	1	10001	10002	10003	10004	10006	20206	10007	0	0	0	
	2631	검게물든_알브의_지팡이	12466	0	0	0	4	21	9467	52	12516	4	10077	1	12466	50098	10015	1	6057	0	15	6101	0	18	7252	0	50	7248	0	40	0	0	0	150000000 	100	1	50579	10015	1	10001	10002	10003	10004	10006	20206	10007	0	0	0	
	2632	검게물든_알브의_오브	12467	0	0	0	4	21	9467	52	12516	4	10077	2	12467	50099	10015	1	6057	0	15	6101	0	18	7252	0	50	7248	0	40	0	0	0	150000000 	100	1	50580	10015	1	10001	10002	10003	10004	10006	20206	10007	0	0	0	
	2633	검게물든_프레이야_갑옷	12468	0	0	0	4	21	9467	52	12516	4	10077	3	12468	51519	10015	1	6057	0	12	6101	0	15	7252	0	28	7248	0	20	0	0	0	120000000 	100	1	51775	10015	1	10001	10002	10003	10004	10006	20206	10007	0	0	0	
	2634	검게물든_프레이야_바지	12469	0	0	0	4	21	9467	52	12516	4	10077	4	12469	51522	10015	1	6057	0	10	6101	0	13	7252	0	24	7248	0	20	0	0	0	110000000 	100	1	51778	10015	1	10001	10002	10003	10004	10006	20206	10007	0	0	0	
	2635	검게물든_프레이야_헬멧	12470	0	0	0	4	21	9467	52	12516	4	10077	5	12470	51521	10015	1	6057	0	8	6101	0	11	7252	0	24	7248	0	20	0	0	0	100000000 	100	1	51777	10015	1	10001	10002	10003	10004	10006	20206	10007	0	0	0	
	2636	검게물든_프레이야_장갑	12471	0	0	0	4	21	9467	52	12516	4	10077	6	12471	51524	10015	1	6057	0	6	6101	0	9	7252	0	20	7248	0	20	0	0	0	90000000 	100	1	51780	10015	1	10001	10002	10003	10004	10006	20206	10007	0	0	0	
	2637	검게물든_프레이야_부츠	12472	0	0	0	4	21	9467	52	12516	4	10077	7	12472	51523	10015	1	6057	0	6	6101	0	9	7252	0	20	7248	0	20	0	0	0	90000000 	100	1	51779	10015	1	10001	10002	10003	10004	10006	20206	10007	0	0	0	
	2638	검게물든_프레이야_프로텍터	12473	0	0	0	4	21	9467	52	12516	4	10077	8	12473	51520	10015	1	6057	0	4	6101	0	7	7252	0	20	7248	0	12	0	0	0	80000000 	100	1	51776	10015	1	10001	10002	10003	10004	10006	20206	10007	0	0	0	
	2639	검게물든_프레이야_벨트	12474	0	0	0	4	21	9467	52	12516	4	10077	9	12474	51525	10015	1	6057	0	3	6101	0	6	7252	0	16	7248	0	12	0	0	0	70000000 	100	1	51781	10015	1	10001	10002	10003	10004	10006	20206	10007	0	0	0	
	2640	검게물든_프레이야_셔츠	12475	0	0	0	4	21	9467	52	12516	4	10077	10	12475	51526	10015	1	6057	0	2	6101	0	5	7252	0	12	7248	0	8	0	0	0	60000000 	100	1	51782	10015	1	10001	10002	10003	10004	10006	20206	10007	0	0	0	
	2641	검게물든_니플의_대거	12476	0	0	0	4	21	9467	52	12516	5	10078	1	12476	50124	10015	1	6057	0	15	6099	0	18	7252	0	50	7248	0	40	0	0	0	150000000 	100	1	50581	10015	1	10001	10002	10003	10004	10006	20206	10007	0	0	0	
	2642	검게물든_니플의_채찍검	12477	0	0	0	4	21	9467	52	12516	5	10078	2	12477	50125	10015	1	6057	0	15	6099	0	18	7252	0	50	7248	0	40	0	0	0	150000000 	100	1	50582	10015	1	10001	10002	10003	10004	10006	20206	10007	0	0	0	
	2643	검게물든_로키_갑옷	12478	0	0	0	4	21	9467	52	12516	5	10078	3	12478	51535	10015	1	6057	0	12	6099	0	15	7252	0	28	7248	0	20	0	0	0	120000000 	100	1	51783	10015	1	10001	10002	10003	10004	10006	20206	10007	0	0	0	
	2644	검게물든_로키_바지	12479	0	0	0	4	21	9467	52	12516	5	10078	4	12479	51538	10015	1	6057	0	10	6099	0	13	7252	0	24	7248	0	20	0	0	0	110000000 	100	1	51786	10015	1	10001	10002	10003	10004	10006	20206	10007	0	0	0	
	2645	검게물든_로키_헬멧	12480	0	0	0	4	21	9467	52	12516	5	10078	5	12480	51537	10015	1	6057	0	8	6099	0	11	7252	0	24	7248	0	20	0	0	0	100000000 	100	1	51785	10015	1	10001	10002	10003	10004	10006	20206	10007	0	0	0	
	2646	검게물든_로키_장갑	12481	0	0	0	4	21	9467	52	12516	5	10078	6	12481	51540	10015	1	6057	0	6	6099	0	9	7252	0	20	7248	0	20	0	0	0	90000000 	100	1	51788	10015	1	10001	10002	10003	10004	10006	20206	10007	0	0	0	
	2647	검게물든_로키_부츠	12482	0	0	0	4	21	9467	52	12516	5	10078	7	12482	51539	10015	1	6057	0	6	6099	0	9	7252	0	20	7248	0	20	0	0	0	90000000 	100	1	51787	10015	1	10001	10002	10003	10004	10006	20206	10007	0	0	0	
	2648	검게물든_로키_프로텍터	12483	0	0	0	4	21	9467	52	12516	5	10078	8	12483	51536	10015	1	6057	0	4	6099	0	7	7252	0	20	7248	0	12	0	0	0	80000000 	100	1	51784	10015	1	10001	10002	10003	10004	10006	20206	10007	0	0	0	
	2649	검게물든_로키_벨트	12484	0	0	0	4	21	9467	52	12516	5	10078	9	12484	51541	10015	1	6057	0	3	6099	0	6	7252	0	16	7248	0	12	0	0	0	70000000 	100	1	51789	10015	1	10001	10002	10003	10004	10006	20206	10007	0	0	0	
	2650	검게물든_로키_셔츠	12485	0	0	0	4	21	9467	52	12516	5	10078	10	12485	51542	10015	1	6057	0	2	6099	0	5	7252	0	12	7248	0	8	0	0	0	60000000 	100	1	51790	10015	1	10001	10002	10003	10004	10006	20206	10007	0	0	0	
	2651	검게물든_스바르트의_건틀렛	12486	0	0	0	4	21	9467	52	12516	6	10002	1	12486	50126	10015	1	6057	0	15	6102	0	18	7252	0	50	7248	0	40	0	0	0	150000000 	100	1	50583	10015	1	10001	10002	10003	10004	10006	20206	10007	0	0	0	
	2652	검게물든_스바르트의_에테르사이드	12487	0	0	0	4	21	9467	52	12516	6	10002	2	12487	50127	10015	1	6057	0	15	6102	0	18	7252	0	50	7248	0	40	0	0	0	150000000 	100	1	50584	10015	1	10001	10002	10003	10004	10006	20206	10007	0	0	0	
	2653	검게물든_시프_갑옷	12488	0	0	0	4	21	9467	52	12516	6	10002	3	12488	51543	10015	1	6057	0	12	6102	0	15	7252	0	28	7248	0	20	0	0	0	120000000 	100	1	51791	10015	1	10001	10002	10003	10004	10006	20206	10007	0	0	0	
	2654	검게물든_시프_바지	12489	0	0	0	4	21	9467	52	12516	6	10002	4	12489	51546	10015	1	6057	0	10	6102	0	13	7252	0	24	7248	0	20	0	0	0	110000000 	100	1	51794	10015	1	10001	10002	10003	10004	10006	20206	10007	0	0	0	
	2655	검게물든_시프_헬멧	12490	0	0	0	4	21	9467	52	12516	6	10002	5	12490	51545	10015	1	6057	0	8	6102	0	11	7252	0	24	7248	0	20	0	0	0	100000000 	100	1	51793	10015	1	10001	10002	10003	10004	10006	20206	10007	0	0	0	
	2656	검게물든_시프_장갑	12491	0	0	0	4	21	9467	52	12516	6	10002	6	12491	51548	10015	1	6057	0	6	6102	0	9	7252	0	20	7248	0	20	0	0	0	90000000 	100	1	51796	10015	1	10001	10002	10003	10004	10006	20206	10007	0	0	0	
	2657	검게물든_시프_부츠	12492	0	0	0	4	21	9467	52	12516	6	10002	7	12492	51547	10015	1	6057	0	6	6102	0	9	7252	0	20	7248	0	20	0	0	0	90000000 	100	1	51795	10015	1	10001	10002	10003	10004	10006	20206	10007	0	0	0	
	2658	검게물든_시프_프로텍터	12493	0	0	0	4	21	9467	52	12516	6	10002	8	12493	51544	10015	1	6057	0	4	6102	0	7	7252	0	20	7248	0	12	0	0	0	80000000 	100	1	51792	10015	1	10001	10002	10003	10004	10006	20206	10007	0	0	0	
	2659	검게물든_시프_벨트	12494	0	0	0	4	21	9467	52	12516	6	10002	9	12494	51549	10015	1	6057	0	3	6102	0	6	7252	0	16	7248	0	12	0	0	0	70000000 	100	1	51797	10015	1	10001	10002	10003	10004	10006	20206	10007	0	0	0	
	2660	검게물든_시프_셔츠	12495	0	0	0	4	21	9467	52	12516	6	10002	10	12495	51550	10015	1	6057	0	2	6102	0	5	7252	0	12	7248	0	8	0	0	0	60000000 	100	1	51798	10015	1	10001	10002	10003	10004	10006	20206	10007	0	0	0	
	2661	검게물든_티르의_에테르블래스터	12496	0	0	0	4	21	9467	52	12516	7	10006	1	12496	50133	10015	1	6057	0	15	6103	0	18	7252	0	50	7248	0	40	0	0	0	150000000 	100	1	50585	10015	1	10001	10002	10003	10004	10006	20206	10007	0	0	0	
	2662	검게물든_노르넨_갑옷	12497	0	0	0	4	21	9467	52	12516	7	10006	2	12497	51687	10015	1	6057	0	12	6103	0	15	7252	0	28	7248	0	20	0	0	0	120000000 	100	1	51799	10015	1	10001	10002	10003	10004	10006	20206	10007	0	0	0	
	2663	검게물든_노르넨_바지	12498	0	0	0	4	21	9467	52	12516	7	10006	3	12498	51690	10015	1	6057	0	10	6103	0	13	7252	0	24	7248	0	20	0	0	0	110000000 	100	1	51802	10015	1	10001	10002	10003	10004	10006	20206	10007	0	0	0	
	2664	검게물든_노르넨_헬멧	12499	0	0	0	4	21	9467	52	12516	7	10006	4	12499	51689	10015	1	6057	0	8	6103	0	11	7252	0	24	7248	0	20	0	0	0	100000000 	100	1	51801	10015	1	10001	10002	10003	10004	10006	20206	10007	0	0	0	
	2665	검게물든_노르넨_장갑	12500	0	0	0	4	21	9467	52	12516	7	10006	5	12500	51692	10015	1	6057	0	6	6103	0	9	7252	0	20	7248	0	20	0	0	0	90000000 	100	1	51804	10015	1	10001	10002	10003	10004	10006	20206	10007	0	0	0	
	2666	검게물든_노르넨_부츠	12501	0	0	0	4	21	9467	52	12516	7	10006	6	12501	51691	10015	1	6057	0	6	6103	0	9	7252	0	20	7248	0	20	0	0	0	90000000 	100	1	51803	10015	1	10001	10002	10003	10004	10006	20206	10007	0	0	0	
	2667	검게물든_노르넨_프로텍터	12502	0	0	0	4	21	9467	52	12516	7	10006	7	12502	51688	10015	1	6057	0	4	6103	0	7	7252	0	20	7248	0	12	0	0	0	80000000 	100	1	51800	10015	1	10001	10002	10003	10004	10006	20206	10007	0	0	0	
	2668	검게물든_노르넨_벨트	12503	0	0	0	4	21	9467	52	12516	7	10006	8	12503	51693	10015	1	6057	0	3	6103	0	6	7252	0	16	7248	0	12	0	0	0	70000000 	100	1	51805	10015	1	10001	10002	10003	10004	10006	20206	10007	0	0	0	
	2669	검게물든_노르넨_셔츠	12504	0	0	0	4	21	9467	52	12516	7	10006	9	12504	51694	10015	1	6057	0	2	6103	0	5	7252	0	12	7248	0	8	0	0	0	60000000 	100	1	51806	10015	1	10001	10002	10003	10004	10006	20206	10007	0	0	0	
	2670	검게물든_테미스의_아크블레이드	12505	0	0	0	4	21	9467	52	12516	8	10008	1	12505	50325	10015	1	6057	0	15	6104	0	18	7252	0	50	7248	0	40	0	0	0	150000000 	100	1	50599	10015	1	10001	10002	10003	10004	10006	20206	10007	0	0	0	
	2671	검게물든_모리유_갑옷	12506	0	0	0	4	21	9467	52	12516	8	10008	2	12506	57041	10015	1	6057	0	12	6104	0	15	7252	0	28	7248	0	20	0	0	0	120000000 	100	1	51807	10015	1	10001	10002	10003	10004	10006	20206	10007	0	0	0	
	2672	검게물든_모리유_바지	12507	0	0	0	4	21	9467	52	12516	8	10008	3	12507	57044	10015	1	6057	0	10	6104	0	13	7252	0	24	7248	0	20	0	0	0	110000000 	100	1	51810	10015	1	10001	10002	10003	10004	10006	20206	10007	0	0	0	
	2673	검게물든_모리유_헬멧	12508	0	0	0	4	21	9467	52	12516	8	10008	4	12508	57043	10015	1	6057	0	8	6104	0	11	7252	0	24	7248	0	20	0	0	0	100000000 	100	1	51809	10015	1	10001	10002	10003	10004	10006	20206	10007	0	0	0	
	2674	검게물든_모리유_장갑	12509	0	0	0	4	21	9467	52	12516	8	10008	5	12509	57046	10015	1	6057	0	6	6104	0	9	7252	0	20	7248	0	20	0	0	0	90000000 	100	1	51812	10015	1	10001	10002	10003	10004	10006	20206	10007	0	0	0	
	2675	검게물든_모리유_부츠	12510	0	0	0	4	21	9467	52	12516	8	10008	6	12510	57045	10015	1	6057	0	6	6104	0	9	7252	0	20	7248	0	20	0	0	0	90000000 	100	1	51811	10015	1	10001	10002	10003	10004	10006	20206	10007	0	0	0	
	2676	검게물든_모리유_프로텍터	12511	0	0	0	4	21	9467	52	12516	8	10008	7	12511	57042	10015	1	6057	0	4	6104	0	7	7252	0	20	7248	0	12	0	0	0	80000000 	100	1	51808	10015	1	10001	10002	10003	10004	10006	20206	10007	0	0	0	
	2677	검게물든_모리유_벨트	12512	0	0	0	4	21	9467	52	12516	8	10008	8	12512	57047	10015	1	6057	0	3	6104	0	6	7252	0	16	7248	0	12	0	0	0	70000000 	100	1	51813	10015	1	10001	10002	10003	10004	10006	20206	10007	0	0	0	
	2678	검게물든_모리유_셔츠	12513	0	0	0	4	21	9467	52	12516	8	10008	9	12513	57048	10015	1	6057	0	2	6104	0	5	7252	0	12	7248	0	8	0	0	0	60000000 	100	1	51814	10015	1	10001	10002	10003	10004	10006	20206	10007	0	0	0	
//31. 투사의 엘리트 아이템(10001 ~ 10100)																																																		
//31-2 투사의 엘리트 2차 아이템 (10001~10100)																																																		
	10001	피로물든_발로그_양손도끼	10505	0	0	0	4	31	9744	2	9745	1	10074	1	10505	50222	0	1	41537	0	30	55603	0	84	0	0	0	0	0	0	0	0	0	20000000	50	1	50258	0	1	10001	10002	10003	10004	10006	20206	10007	0	0	0	
	10002	피로물든_발로그_양손검	10506	0	0	0	4	31	9744	2	9745	1	10074	2	10506	50223	0	1	41537	0	30	55603	0	84	0	0	0	0	0	0	0	0	0	20000000	50	1	50259	0	1	10001	10002	10003	10004	10006	20206	10007	0	0	0	
	10003	피로물든_아에시마데바_갑옷	10507	0	0	0	4	31	9744	2	9745	1	10074	3	10507	51177	0	1	41537	0	12	55603	0	42	0	0	0	0	0	0	0	0	0	16000000	50	1	51401	0	1	10001	10002	10003	10004	10006	20206	10007	0	0	0	
	10004	피로물든_아에시마데바_바지	10510	0	0	0	4	31	9744	2	9745	1	10074	4	10510	51180	0	1	41537	0	10	55603	0	33	0	0	0	0	0	0	0	0	0	14500000	50	1	51404	0	1	10001	10002	10003	10004	10006	20206	10007	0	0	0	
	10005	피로물든_아에시마데바_헬멧	10509	0	0	0	4	31	9744	2	9745	1	10074	5	10509	51179	0	1	41537	0	7	55603	0	30	0	0	0	0	0	0	0	0	0	13000000	50	1	51403	0	1	10001	10002	10003	10004	10006	20206	10007	0	0	0	
	10006	피로물든_아에시마데바_장갑	10512	0	0	0	4	31	9744	2	9745	1	10074	6	10512	51182	0	1	41537	0	9	55603	0	30	0	0	0	0	0	0	0	0	0	11500000	50	1	51406	0	1	10001	10002	10003	10004	10006	20206	10007	0	0	0	
	10007	피로물든_아에시마데바_부츠	10511	0	0	0	4	31	9744	2	9745	1	10074	7	10511	51181	0	1	41537	0	9	55603	0	33	0	0	0	0	0	0	0	0	0	11500000	50	1	51405	0	1	10001	10002	10003	10004	10006	20206	10007	0	0	0	
	10008	피로물든_아에시마데바_프로텍터	10508	0	0	0	4	31	9744	2	9745	1	10074	8	10508	51178	0	1	41537	0	6	55603	0	21	0	0	0	0	0	0	0	0	0	10000000	50	1	51402	0	1	10001	10002	10003	10004	10006	20206	10007	0	0	0	
	10009	피로물든_아에시마데바_벨트	10513	0	0	0	4	31	9744	2	9745	1	10074	9	10513	51183	0	1	41537	0	6	55603	0	27	0	0	0	0	0	0	0	0	0	9000000	50	1	51407	0	1	10001	10002	10003	10004	10006	20206	10007	0	0	0	
	10010	피로물든_아에시마데바_셔츠	10514	0	0	0	4	31	9744	2	9745	1	10074	10	10514	51184	0	1	41537	0	5	55603	0	15	0	0	0	0	0	0	0	0	0	8000000	50	1	51408	0	1	10001	10002	10003	10004	10006	20206	10007	0	0	0	
	10011	피로물든_라합_한손검	10515	0	0	0	4	31	9744	2	9745	2	10075	1	10515	50224	0	1	41537	0	30	55603	0	84	0	0	0	0	0	0	0	0	0	20000000	50	1	50260	0	1	10001	10002	10003	10004	10006	20206	10007	0	0	0	
	10012	피로물든_라합_창	10516	0	0	0	4	31	9744	2	9745	2	10075	2	10516	50225	0	1	41537	0	30	55603	0	84	0	0	0	0	0	0	0	0	0	20000000	50	1	50261	0	1	10001	10002	10003	10004	10006	20206	10007	0	0	0	
	10013	피로물든_벨제뷔트_갑옷	10517	0	0	0	4	31	9744	2	9745	2	10075	3	10517	51185	0	1	41537	0	12	55603	0	42	0	0	0	0	0	0	0	0	0	16000000	50	1	51409	0	1	10001	10002	10003	10004	10006	20206	10007	0	0	0	
	10014	피로물든_벨제뷔트_바지	10520	0	0	0	4	31	9744	2	9745	2	10075	4	10520	51188	0	1	41537	0	10	55603	0	33	0	0	0	0	0	0	0	0	0	14500000	50	1	51412	0	1	10001	10002	10003	10004	10006	20206	10007	0	0	0	
	10015	피로물든_벨제뷔트_헬멧	10519	0	0	0	4	31	9744	2	9745	2	10075	5	10519	51187	0	1	41537	0	7	55603	0	30	0	0	0	0	0	0	0	0	0	13000000	50	1	51411	0	1	10001	10002	10003	10004	10006	20206	10007	0	0	0	
	10016	피로물든_벨제뷔트_장갑	10522	0	0	0	4	31	9744	2	9745	2	10075	6	10522	51190	0	1	41537	0	9	55603	0	30	0	0	0	0	0	0	0	0	0	11500000	50	1	51414	0	1	10001	10002	10003	10004	10006	20206	10007	0	0	0	
	10017	피로물든_벨제뷔트_부츠	10521	0	0	0	4	31	9744	2	9745	2	10075	7	10521	51189	0	1	41537	0	9	55603	0	33	0	0	0	0	0	0	0	0	0	11500000	50	1	51413	0	1	10001	10002	10003	10004	10006	20206	10007	0	0	0	
	10018	피로물든_벨제뷔트_프로텍터	10518	0	0	0	4	31	9744	2	9745	2	10075	8	10518	51186	0	1	41537	0	6	55603	0	21	0	0	0	0	0	0	0	0	0	10000000	50	1	51410	0	1	10001	10002	10003	10004	10006	20206	10007	0	0	0	
	10019	피로물든_벨제뷔트_벨트	10523	0	0	0	4	31	9744	2	9745	2	10075	9	10523	51191	0	1	41537	0	6	55603	0	27	0	0	0	0	0	0	0	0	0	9000000	50	1	51415	0	1	10001	10002	10003	10004	10006	20206	10007	0	0	0	
	10020	피로물든_벨제뷔트_셔츠	10524	0	0	0	4	31	9744	2	9745	2	10075	10	10524	51192	0	1	41537	0	5	55603	0	15	0	0	0	0	0	0	0	0	0	8000000	50	1	51416	0	1	10001	10002	10003	10004	10006	20206	10007	0	0	0	
	10021	피로물든_노르니르_석궁	10535	0	0	0	4	31	9744	2	9745	3	10076	1	10535	50228	0	1	41537	0	30	55603	0	84	0	0	0	0	0	0	0	0	0	20000000	50	1	50264	0	1	10001	10002	10003	10004	10006	20206	10007	0	0	0	
	10022	피로물든_노르니르_에테르웨폰	10536	0	0	0	4	31	9744	2	9745	3	10076	2	10536	50229	0	1	41537	0	30	55603	0	84	0	0	0	0	0	0	0	0	0	20000000	50	1	50265	0	1	10001	10002	10003	10004	10006	20206	10007	0	0	0	
	10023	피로물든_아스타로스_갑옷	10537	0	0	0	4	31	9744	2	9745	3	10076	3	10537	51201	0	1	41537	0	12	55603	0	42	0	0	0	0	0	0	0	0	0	16000000	50	1	51425	0	1	10001	10002	10003	10004	10006	20206	10007	0	0	0	
	10024	피로물든_아스타로스_바지	10540	0	0	0	4	31	9744	2	9745	3	10076	4	10540	51204	0	1	41537	0	10	55603	0	33	0	0	0	0	0	0	0	0	0	14500000	50	1	51428	0	1	10001	10002	10003	10004	10006	20206	10007	0	0	0	
	10025	피로물든_아스타로스_헬멧	10539	0	0	0	4	31	9744	2	9745	3	10076	5	10539	51203	0	1	41537	0	7	55603	0	30	0	0	0	0	0	0	0	0	0	13000000	50	1	51427	0	1	10001	10002	10003	10004	10006	20206	10007	0	0	0	
	10026	피로물든_아스타로스_장갑	10542	0	0	0	4	31	9744	2	9745	3	10076	6	10542	51206	0	1	41537	0	9	55603	0	30	0	0	0	0	0	0	0	0	0	11500000	50	1	51430	0	1	10001	10002	10003	10004	10006	20206	10007	0	0	0	
	10027	피로물든_아스타로스_부츠	10541	0	0	0	4	31	9744	2	9745	3	10076	7	10541	51205	0	1	41537	0	9	55603	0	33	0	0	0	0	0	0	0	0	0	11500000	50	1	51429	0	1	10001	10002	10003	10004	10006	20206	10007	0	0	0	
	10028	피로물든_아스타로스_프로텍터	10538	0	0	0	4	31	9744	2	9745	3	10076	8	10538	51202	0	1	41537	0	6	55603	0	21	0	0	0	0	0	0	0	0	0	10000000	50	1	51426	0	1	10001	10002	10003	10004	10006	20206	10007	0	0	0	
	10029	피로물든_아스타로스_벨트	10543	0	0	0	4	31	9744	2	9745	3	10076	9	10543	51207	0	1	41537	0	6	55603	0	27	0	0	0	0	0	0	0	0	0	9000000	50	1	51431	0	1	10001	10002	10003	10004	10006	20206	10007	0	0	0	
	10030	피로물든_아스타로스_셔츠	10544	0	0	0	4	31	9744	2	9745	3	10076	10	10544	51208	0	1	41537	0	5	55603	0	15	0	0	0	0	0	0	0	0	0	8000000	50	1	51432	0	1	10001	10002	10003	10004	10006	20206	10007	0	0	0	
	10031	피로물든_마라_지팡이	10545	0	0	0	4	31	9744	2	9745	4	10077	1	10545	50230	0	1	41537	0	30	55603	0	84	0	0	0	0	0	0	0	0	0	20000000	50	1	50266	0	1	10001	10002	10003	10004	10006	20206	10007	0	0	0	
	10032	피로물든_마라_오브	10546	0	0	0	4	31	9744	2	9745	4	10077	2	10546	50231	0	1	41537	0	30	55603	0	84	0	0	0	0	0	0	0	0	0	20000000	50	1	50267	0	1	10001	10002	10003	10004	10006	20206	10007	0	0	0	
	10033	피로물든_아즈_갑옷	10547	0	0	0	4	31	9744	2	9745	4	10077	3	10547	51209	0	1	41537	0	12	55603	0	42	0	0	0	0	0	0	0	0	0	16000000	50	1	51433	0	1	10001	10002	10003	10004	10006	20206	10007	0	0	0	
	10034	피로물든_아즈_바지	10550	0	0	0	4	31	9744	2	9745	4	10077	4	10550	51212	0	1	41537	0	10	55603	0	33	0	0	0	0	0	0	0	0	0	14500000	50	1	51436	0	1	10001	10002	10003	10004	10006	20206	10007	0	0	0	
	10035	피로물든_아즈_헬멧	10549	0	0	0	4	31	9744	2	9745	4	10077	5	10549	51211	0	1	41537	0	7	55603	0	30	0	0	0	0	0	0	0	0	0	13000000	50	1	51435	0	1	10001	10002	10003	10004	10006	20206	10007	0	0	0	
	10036	피로물든_아즈_장갑	10552	0	0	0	4	31	9744	2	9745	4	10077	6	10552	51214	0	1	41537	0	9	55603	0	30	0	0	0	0	0	0	0	0	0	11500000	50	1	51438	0	1	10001	10002	10003	10004	10006	20206	10007	0	0	0	
	10037	피로물든_아즈_부츠	10551	0	0	0	4	31	9744	2	9745	4	10077	7	10551	51213	0	1	41537	0	9	55603	0	33	0	0	0	0	0	0	0	0	0	11500000	50	1	51437	0	1	10001	10002	10003	10004	10006	20206	10007	0	0	0	
	10038	피로물든_아즈_프로텍터	10548	0	0	0	4	31	9744	2	9745	4	10077	8	10548	51210	0	1	41537	0	6	55603	0	21	0	0	0	0	0	0	0	0	0	10000000	50	1	51434	0	1	10001	10002	10003	10004	10006	20206	10007	0	0	0	
	10039	피로물든_아즈_벨트	10553	0	0	0	4	31	9744	2	9745	4	10077	9	10553	51215	0	1	41537	0	6	55603	0	27	0	0	0	0	0	0	0	0	0	9000000	50	1	51439	0	1	10001	10002	10003	10004	10006	20206	10007	0	0	0	
	10040	피로물든_아즈_셔츠	10554	0	0	0	4	31	9744	2	9745	4	10077	10	10554	51216	0	1	41537	0	5	55603	0	15	0	0	0	0	0	0	0	0	0	8000000	50	1	51440	0	1	10001	10002	10003	10004	10006	20206	10007	0	0	0	
	10041	피로물든_안드라스_대거	10525	0	0	0	4	31	9744	2	9745	5	10078	1	10525	50226	0	1	41537	0	30	55603	0	84	0	0	0	0	0	0	0	0	0	20000000	50	1	50262	0	1	10001	10002	10003	10004	10006	20206	10007	0	0	0	
	10042	피로물든_안드라스_채찍검	10526	0	0	0	4	31	9744	2	9745	5	10078	2	10526	50227	0	1	41537	0	30	55603	0	84	0	0	0	0	0	0	0	0	0	20000000	50	1	50263	0	1	10001	10002	10003	10004	10006	20206	10007	0	0	0	
	10043	피로물든_루시페르_갑옷	10527	0	0	0	4	31	9744	2	9745	5	10078	3	10527	51193	0	1	41537	0	12	55603	0	42	0	0	0	0	0	0	0	0	0	16000000	50	1	51417	0	1	10001	10002	10003	10004	10006	20206	10007	0	0	0	
	10044	피로물든_루시페르_바지	10530	0	0	0	4	31	9744	2	9745	5	10078	4	10530	51196	0	1	41537	0	10	55603	0	33	0	0	0	0	0	0	0	0	0	14500000	50	1	51420	0	1	10001	10002	10003	10004	10006	20206	10007	0	0	0	
	10045	피로물든_루시페르_헬멧	10529	0	0	0	4	31	9744	2	9745	5	10078	5	10529	51195	0	1	41537	0	7	55603	0	30	0	0	0	0	0	0	0	0	0	13000000	50	1	51419	0	1	10001	10002	10003	10004	10006	20206	10007	0	0	0	
	10046	피로물든_루시페르_장갑	10532	0	0	0	4	31	9744	2	9745	5	10078	6	10532	51198	0	1	41537	0	9	55603	0	30	0	0	0	0	0	0	0	0	0	11500000	50	1	51422	0	1	10001	10002	10003	10004	10006	20206	10007	0	0	0	
	10047	피로물든_루시페르_부츠	10531	0	0	0	4	31	9744	2	9745	5	10078	7	10531	51197	0	1	41537	0	9	55603	0	33	0	0	0	0	0	0	0	0	0	11500000	50	1	51421	0	1	10001	10002	10003	10004	10006	20206	10007	0	0	0	
	10048	피로물든_루시페르_프로텍터	10528	0	0	0	4	31	9744	2	9745	5	10078	8	10528	51194	0	1	41537	0	6	55603	0	21	0	0	0	0	0	0	0	0	0	10000000	50	1	51418	0	1	10001	10002	10003	10004	10006	20206	10007	0	0	0	
	10049	피로물든_루시페르_벨트	10533	0	0	0	4	31	9744	2	9745	5	10078	9	10533	51199	0	1	41537	0	6	55603	0	27	0	0	0	0	0	0	0	0	0	9000000	50	1	51423	0	1	10001	10002	10003	10004	10006	20206	10007	0	0	0	
	10050	피로물든_루시페르_셔츠	10534	0	0	0	4	31	9744	2	9745	5	10078	10	10534	51200	0	1	41537	0	5	55603	0	15	0	0	0	0	0	0	0	0	0	8000000	50	1	51424	0	1	10001	10002	10003	10004	10006	20206	10007	0	0	0	
	10051	피로물든_아바돈_건틀렛	10555	0	0	0	4	31	9744	2	9745	6	10002	1	10555	50252	0	1	41537	0	30	55603	0	84	0	0	0	0	0	0	0	0	0	20000000	50	1	50268	0	1	10001	10002	10003	10004	10006	20206	10007	0	0	0	
	10052	피로물든_아바돈_에테르사이드	10556	0	0	0	4	31	9744	2	9745	6	10002	2	10556	50253	0	1	41537	0	30	55603	0	84	0	0	0	0	0	0	0	0	0	20000000	50	1	50269	0	1	10001	10002	10003	10004	10006	20206	10007	0	0	0	
	10053	피로물든_메피스토_갑옷	10557	0	0	0	4	31	9744	2	9745	6	10002	3	10557	51383	0	1	41537	0	12	55603	0	42	0	0	0	0	0	0	0	0	0	16000000	50	1	51447	0	1	10001	10002	10003	10004	10006	20206	10007	0	0	0	
	10054	피로물든_메피스토_바지	10560	0	0	0	4	31	9744	2	9745	6	10002	4	10560	51386	0	1	41537	0	10	55603	0	33	0	0	0	0	0	0	0	0	0	14500000	50	1	51450	0	1	10001	10002	10003	10004	10006	20206	10007	0	0	0	
	10055	피로물든_메피스토_헬멧	10559	0	0	0	4	31	9744	2	9745	6	10002	5	10559	51385	0	1	41537	0	7	55603	0	30	0	0	0	0	0	0	0	0	0	13000000	50	1	51449	0	1	10001	10002	10003	10004	10006	20206	10007	0	0	0	
	10056	피로물든_메피스토_장갑	10562	0	0	0	4	31	9744	2	9745	6	10002	6	10562	51388	0	1	41537	0	9	55603	0	30	0	0	0	0	0	0	0	0	0	11500000	50	1	51452	0	1	10001	10002	10003	10004	10006	20206	10007	0	0	0	
	10057	피로물든_메피스토_부츠	10561	0	0	0	4	31	9744	2	9745	6	10002	7	10561	51387	0	1	41537	0	9	55603	0	33	0	0	0	0	0	0	0	0	0	11500000	50	1	51451	0	1	10001	10002	10003	10004	10006	20206	10007	0	0	0	
	10058	피로물든_메피스토_프로텍터	10558	0	0	0	4	31	9744	2	9745	6	10002	8	10558	51384	0	1	41537	0	6	55603	0	21	0	0	0	0	0	0	0	0	0	10000000	50	1	51448	0	1	10001	10002	10003	10004	10006	20206	10007	0	0	0	
	10059	피로물든_메피스토_벨트	10563	0	0	0	4	31	9744	2	9745	6	10002	9	10563	51389	0	1	41537	0	6	55603	0	27	0	0	0	0	0	0	0	0	0	9000000	50	1	51453	0	1	10001	10002	10003	10004	10006	20206	10007	0	0	0	
	10060	피로물든_메피스토_셔츠	10564	0	0	0	4	31	9744	2	9745	6	10002	10	10564	51390	0	1	41537	0	5	55603	0	15	0	0	0	0	0	0	0	0	0	8000000	50	1	51454	0	1	10001	10002	10003	10004	10006	20206	10007	0	0	0	
	10061	피로물든_아바돈_에테르블래스터	10160	0	0	0	4	31	9744	2	9745	7	10006	1	10160	50137	0	1	41537	0	30	55603	0	84	0	0	0	0	0	0	0	0	0	20000000	50	1	50139	0	1	10001	10002	10003	10004	10006	20206	10007	0	0	0	
	10062	피로물든_아스모데우스_갑옷	10161	0	0	0	4	31	9744	2	9745	7	10006	2	10161	51711	0	1	41537	0	12	55603	0	42	0	0	0	0	0	0	0	0	0	16000000	50	1	51719	0	1	10001	10002	10003	10004	10006	20206	10007	0	0	0	
	10063	피로물든_아스모데우스_바지	10162	0	0	0	4	31	9744	2	9745	7	10006	3	10162	51714	0	1	41537	0	10	55603	0	33	0	0	0	0	0	0	0	0	0	14500000	50	1	51722	0	1	10001	10002	10003	10004	10006	20206	10007	0	0	0	
	10064	피로물든_아스모데우스_헬멧	10163	0	0	0	4	31	9744	2	9745	7	10006	4	10163	51713	0	1	41537	0	7	55603	0	30	0	0	0	0	0	0	0	0	0	13000000	50	1	51721	0	1	10001	10002	10003	10004	10006	20206	10007	0	0	0	
	10065	피로물든_아스모데우스_장갑	10164	0	0	0	4	31	9744	2	9745	7	10006	5	10164	51716	0	1	41537	0	9	55603	0	30	0	0	0	0	0	0	0	0	0	11500000	50	1	51724	0	1	10001	10002	10003	10004	10006	20206	10007	0	0	0	
	10066	피로물든_아스모데우스_부츠	10165	0	0	0	4	31	9744	2	9745	7	10006	6	10165	51715	0	1	41537	0	9	55603	0	33	0	0	0	0	0	0	0	0	0	11500000	50	1	51723	0	1	10001	10002	10003	10004	10006	20206	10007	0	0	0	
	10067	피로물든_아스모데우스_프로텍터	10166	0	0	0	4	31	9744	2	9745	7	10006	7	10166	51712	0	1	41537	0	6	55603	0	21	0	0	0	0	0	0	0	0	0	10000000	50	1	51720	0	1	10001	10002	10003	10004	10006	20206	10007	0	0	0	
	10068	피로물든_아스모데우스_벨트	10167	0	0	0	4	31	9744	2	9745	7	10006	8	10167	51717	0	1	41537	0	6	55603	0	27	0	0	0	0	0	0	0	0	0	9000000	50	1	51725	0	1	10001	10002	10003	10004	10006	20206	10007	0	0	0	
	10069	피로물든_아스모데우스_셔츠	10168	0	0	0	4	31	9744	2	9745	7	10006	9	10168	51718	0	1	41537	0	5	55603	0	15	0	0	0	0	0	0	0	0	0	8000000	50	1	51726	0	1	10001	10002	10003	10004	10006	20206	10007	0	0	0	
	10070	피로물든_에리니스의_아크블레이드	9791	0	0	0	4	31	9744	2	9745	8	10008	1	9791	50329	0	1	41537	0	30	55603	0	84	0	0	0	0	0	0	0	0	0	20000000	50	1	50586	0	1	10001	10002	10003	10004	10006	20206	10007	0	0	0	
	10071	피로물든_나히드_갑옷	9792	0	0	0	4	31	9744	2	9745	8	10008	2	9792	57065	0	1	41537	0	12	55603	0	42	0	0	0	0	0	0	0	0	0	16000000	50	1	57073	0	1	10001	10002	10003	10004	10006	20206	10007	0	0	0	
	10072	피로물든_나히드_바지	9793	0	0	0	4	31	9744	2	9745	8	10008	3	9793	57068	0	1	41537	0	10	55603	0	33	0	0	0	0	0	0	0	0	0	14500000	50	1	57076	0	1	10001	10002	10003	10004	10006	20206	10007	0	0	0	
	10073	피로물든_나히드_헬멧	9794	0	0	0	4	31	9744	2	9745	8	10008	4	9794	57067	0	1	41537	0	7	55603	0	30	0	0	0	0	0	0	0	0	0	13000000	50	1	57075	0	1	10001	10002	10003	10004	10006	20206	10007	0	0	0	
	10074	피로물든_나히드_장갑	9795	0	0	0	4	31	9744	2	9745	8	10008	5	9795	57070	0	1	41537	0	9	55603	0	30	0	0	0	0	0	0	0	0	0	11500000	50	1	57078	0	1	10001	10002	10003	10004	10006	20206	10007	0	0	0	
	10075	피로물든_나히드_부츠	9796	0	0	0	4	31	9744	2	9745	8	10008	6	9796	57069	0	1	41537	0	9	55603	0	33	0	0	0	0	0	0	0	0	0	11500000	50	1	57077	0	1	10001	10002	10003	10004	10006	20206	10007	0	0	0	
	10076	피로물든_나히드_프로텍터	9797	0	0	0	4	31	9744	2	9745	8	10008	7	9797	57066	0	1	41537	0	6	55603	0	21	0	0	0	0	0	0	0	0	0	10000000	50	1	57074	0	1	10001	10002	10003	10004	10006	20206	10007	0	0	0	
	10077	피로물든_나히드_벨트	9798	0	0	0	4	31	9744	2	9745	8	10008	8	9798	57071	0	1	41537	0	6	55603	0	27	0	0	0	0	0	0	0	0	0	9000000	50	1	57079	0	1	10001	10002	10003	10004	10006	20206	10007	0	0	0	
	10078	피로물든_나히드_셔츠	9799	0	0	0	4	31	9744	2	9745	8	10008	9	9799	57072	0	1	41537	0	5	55603	0	15	0	0	0	0	0	0	0	0	0	8000000	50	1	57080	0	1	10001	10002	10003	10004	10006	20206	10007	0	0	0	
//98. 보상 교환 (20001 ~ 30000)																																																		
//98-1 엘리트아이템 보완 (미완->엘리트1차) (20001 ~ 30000)																																																		
	20001	아폴로갑옷	9410	0	0	0	4	98	9104	1	9285	1	10074	1	9410	53001	0	1	7252	0	4	7248	0	3	0	0	0	0	0	0	0	0	0	0 	20	1	51000	0	1	10001	10002	10003	10004	10006	20206	10007	0	0	0	
	20002	아폴로바지	9411	0	0	0	4	98	9104	1	9285	1	10074	2	9411	53004	0	1	7252	0	3	7248	0	3	0	0	0	0	0	0	0	0	0	0 	20	1	51002	0	1	10001	10002	10003	10004	10006	20206	10007	0	0	0	
	20003	아폴로헬멧	9412	0	0	0	4	98	9104	1	9285	1	10074	3	9412	53003	0	1	7252	0	3	7248	0	2	0	0	0	0	0	0	0	0	0	0 	20	1	51001	0	1	10001	10002	10003	10004	10006	20206	10007	0	0	0	
	20004	아폴로장갑	36321	0	0	0	4	98	9104	1	9285	1	10074	4	36321	53006	0	1	7252	0	3	7248	0	2	0	0	0	0	0	0	0	0	0	0 	20	1	51004	0	1	10001	10002	10003	10004	10006	20206	10007	0	0	0	
	20005	아폴로부츠	36322	0	0	0	4	98	9104	1	9285	1	10074	5	36322	53005	0	1	7252	0	3	7248	0	2	0	0	0	0	0	0	0	0	0	0 	20	1	51003	0	1	10001	10002	10003	10004	10006	20206	10007	0	0	0	
	20006	아폴로프로텍터	36323	0	0	0	4	98	9104	1	9285	1	10074	6	36323	53002	0	1	7252	0	3	7248	0	2	0	0	0	0	0	0	0	0	0	0 	20	1	51028	0	1	10001	10002	10003	10004	10006	20206	10007	0	0	0	
	20007	아폴로벨트	36324	0	0	0	4	98	9104	1	9285	1	10074	7	36324	53007	0	1	7252	0	2	7248	0	2	0	0	0	0	0	0	0	0	0	0 	20	1	51005	0	1	10001	10002	10003	10004	10006	20206	10007	0	0	0	
	20008	아폴로셔츠	36325	0	0	0	4	98	9104	1	9285	1	10074	8	36325	53008	0	1	7252	0	2	7248	0	1	0	0	0	0	0	0	0	0	0	0 	20	1	51006	0	1	10001	10002	10003	10004	10006	20206	10007	0	0	0	
	20009	아레스갑옷	9418	0	0	0	4	98	9104	1	9285	2	10075	1	9418	53009	0	1	7252	0	4	7248	0	3	0	0	0	0	0	0	0	0	0	0 	20	1	51007	0	1	10001	10002	10003	10004	10006	20206	10007	0	0	0	
	20010	아레스바지	9419	0	0	0	4	98	9104	1	9285	2	10075	2	9419	53012	0	1	7252	0	3	7248	0	3	0	0	0	0	0	0	0	0	0	0 	20	1	51009	0	1	10001	10002	10003	10004	10006	20206	10007	0	0	0	
	20011	아레스헬멧	9420	0	0	0	4	98	9104	1	9285	2	10075	3	9420	53011	0	1	7252	0	3	7248	0	2	0	0	0	0	0	0	0	0	0	0 	20	1	51008	0	1	10001	10002	10003	10004	10006	20206	10007	0	0	0	
	20012	아레스장갑	36361	0	0	0	4	98	9104	1	9285	2	10075	4	36361	53014	0	1	7252	0	3	7248	0	2	0	0	0	0	0	0	0	0	0	0 	20	1	51011	0	1	10001	10002	10003	10004	10006	20206	10007	0	0	0	
	20013	아레스부츠	36362	0	0	0	4	98	9104	1	9285	2	10075	5	36362	53013	0	1	7252	0	3	7248	0	2	0	0	0	0	0	0	0	0	0	0 	20	1	51010	0	1	10001	10002	10003	10004	10006	20206	10007	0	0	0	
	20014	아레스프로텍터	36363	0	0	0	4	98	9104	1	9285	2	10075	6	36363	53010	0	1	7252	0	3	7248	0	2	0	0	0	0	0	0	0	0	0	0 	20	1	51029	0	1	10001	10002	10003	10004	10006	20206	10007	0	0	0	
	20015	아레스벨트	36364	0	0	0	4	98	9104	1	9285	2	10075	7	36364	53015	0	1	7252	0	2	7248	0	2	0	0	0	0	0	0	0	0	0	0 	20	1	51012	0	1	10001	10002	10003	10004	10006	20206	10007	0	0	0	
	20016	아레스셔츠	36365	0	0	0	4	98	9104	1	9285	2	10075	8	36365	53016	0	1	7252	0	2	7248	0	1	0	0	0	0	0	0	0	0	0	0 	20	1	51013	0	1	10001	10002	10003	10004	10006	20206	10007	0	0	0	
	20017	니케갑옷	9414	0	0	0	4	98	9104	1	9285	3	10076	1	9414	53025	0	1	7252	0	4	7248	0	3	0	0	0	0	0	0	0	0	0	0 	20	1	51021	0	1	10001	10002	10003	10004	10006	20206	10007	0	0	0	
	20018	니케바지	9415	0	0	0	4	98	9104	1	9285	3	10076	2	9415	53028	0	1	7252	0	3	7248	0	3	0	0	0	0	0	0	0	0	0	0 	20	1	51023	0	1	10001	10002	10003	10004	10006	20206	10007	0	0	0	
	20019	니케헬멧	9416	0	0	0	4	98	9104	1	9285	3	10076	3	9416	53027	0	1	7252	0	3	7248	0	2	0	0	0	0	0	0	0	0	0	0 	20	1	51022	0	1	10001	10002	10003	10004	10006	20206	10007	0	0	0	
	20020	니케장갑	36341	0	0	0	4	98	9104	1	9285	3	10076	4	36341	53030	0	1	7252	0	3	7248	0	2	0	0	0	0	0	0	0	0	0	0 	20	1	51025	0	1	10001	10002	10003	10004	10006	20206	10007	0	0	0	
	20021	니케부츠	36342	0	0	0	4	98	9104	1	9285	3	10076	5	36342	53029	0	1	7252	0	3	7248	0	2	0	0	0	0	0	0	0	0	0	0 	20	1	51024	0	1	10001	10002	10003	10004	10006	20206	10007	0	0	0	
	20022	니케프로텍터	36343	0	0	0	4	98	9104	1	9285	3	10076	6	36343	53026	0	1	7252	0	3	7248	0	2	0	0	0	0	0	0	0	0	0	0 	20	1	51031	0	1	10001	10002	10003	10004	10006	20206	10007	0	0	0	
	20023	니케벨트	36344	0	0	0	4	98	9104	1	9285	3	10076	7	36344	53031	0	1	7252	0	2	7248	0	2	0	0	0	0	0	0	0	0	0	0 	20	1	51026	0	1	10001	10002	10003	10004	10006	20206	10007	0	0	0	
	20024	니케셔츠	36345	0	0	0	4	98	9104	1	9285	3	10076	8	36345	53032	0	1	7252	0	2	7248	0	1	0	0	0	0	0	0	0	0	0	0 	20	1	51027	0	1	10001	10002	10003	10004	10006	20206	10007	0	0	0	
	20025	아르테미스갑옷	9422	0	0	0	4	98	9104	1	9285	4	10077	1	9422	53033	0	1	7252	0	4	7248	0	3	0	0	0	0	0	0	0	0	0	0 	20	1	51014	0	1	10001	10002	10003	10004	10006	20206	10007	0	0	0	
	20026	아르테미스바지	9423	0	0	0	4	98	9104	1	9285	4	10077	2	9423	53036	0	1	7252	0	3	7248	0	3	0	0	0	0	0	0	0	0	0	0 	20	1	51016	0	1	10001	10002	10003	10004	10006	20206	10007	0	0	0	
	20027	아르테미스헬멧	9424	0	0	0	4	98	9104	1	9285	4	10077	3	9424	53035	0	1	7252	0	3	7248	0	2	0	0	0	0	0	0	0	0	0	0 	20	1	51015	0	1	10001	10002	10003	10004	10006	20206	10007	0	0	0	
	20028	아르테미스장갑	36381	0	0	0	4	98	9104	1	9285	4	10077	4	36381	53038	0	1	7252	0	3	7248	0	2	0	0	0	0	0	0	0	0	0	0 	20	1	51018	0	1	10001	10002	10003	10004	10006	20206	10007	0	0	0	
	20029	아르테미스부츠	36382	0	0	0	4	98	9104	1	9285	4	10077	5	36382	53037	0	1	7252	0	3	7248	0	2	0	0	0	0	0	0	0	0	0	0 	20	1	51017	0	1	10001	10002	10003	10004	10006	20206	10007	0	0	0	
	20030	아르테미스프로텍터	36383	0	0	0	4	98	9104	1	9285	4	10077	6	36383	53034	0	1	7252	0	3	7248	0	2	0	0	0	0	0	0	0	0	0	0 	20	1	51030	0	1	10001	10002	10003	10004	10006	20206	10007	0	0	0	
	20031	아르테미스벨트	36384	0	0	0	4	98	9104	1	9285	4	10077	7	36384	53039	0	1	7252	0	2	7248	0	2	0	0	0	0	0	0	0	0	0	0 	20	1	51019	0	1	10001	10002	10003	10004	10006	20206	10007	0	0	0	
	20032	아르테미스셔츠	36385	0	0	0	4	98	9104	1	9285	4	10077	8	36385	53040	0	1	7252	0	2	7248	0	1	0	0	0	0	0	0	0	0	0	0 	20	1	51020	0	1	10001	10002	10003	10004	10006	20206	10007	0	0	0	
	20033	헤르메스갑옷	35231	0	0	0	4	98	9104	1	9285	5	10078	1	35231	53017	0	1	7252	0	4	7248	0	3	0	0	0	0	0	0	0	0	0	0 	20	1	51091	0	1	10001	10002	10003	10004	10006	20206	10007	0	0	0	
	20034	헤르메스바지	35234	0	0	0	4	98	9104	1	9285	5	10078	2	35234	53020	0	1	7252	0	3	7248	0	3	0	0	0	0	0	0	0	0	0	0 	20	1	51094	0	1	10001	10002	10003	10004	10006	20206	10007	0	0	0	
	20035	헤르메스헬멧	35233	0	0	0	4	98	9104	1	9285	5	10078	3	35233	53019	0	1	7252	0	3	7248	0	2	0	0	0	0	0	0	0	0	0	0 	20	1	51093	0	1	10001	10002	10003	10004	10006	20206	10007	0	0	0	
	20036	헤르메스장갑	35236	0	0	0	4	98	9104	1	9285	5	10078	4	35236	53022	0	1	7252	0	3	7248	0	2	0	0	0	0	0	0	0	0	0	0 	20	1	51096	0	1	10001	10002	10003	10004	10006	20206	10007	0	0	0	
	20037	헤르메스부츠	35235	0	0	0	4	98	9104	1	9285	5	10078	5	35235	53021	0	1	7252	0	3	7248	0	2	0	0	0	0	0	0	0	0	0	0 	20	1	51095	0	1	10001	10002	10003	10004	10006	20206	10007	0	0	0	
	20038	헤르메스프로텍터	35232	0	0	0	4	98	9104	1	9285	5	10078	6	35232	53018	0	1	7252	0	3	7248	0	2	0	0	0	0	0	0	0	0	0	0 	20	1	51092	0	1	10001	10002	10003	10004	10006	20206	10007	0	0	0	
	20039	헤르메스벨트	35237	0	0	0	4	98	9104	1	9285	5	10078	7	35237	53023	0	1	7252	0	2	7248	0	2	0	0	0	0	0	0	0	0	0	0 	20	1	51097	0	1	10001	10002	10003	10004	10006	20206	10007	0	0	0	
	20040	헤르메스셔츠	35238	0	0	0	4	98	9104	1	9285	5	10078	8	35238	53024	0	1	7252	0	2	7248	0	1	0	0	0	0	0	0	0	0	0	0 	20	1	51098	0	1	10001	10002	10003	10004	10006	20206	10007	0	0	0	
	20041	페르세포네갑옷	9117	0	0	0	4	98	9104	1	9285	6	10002	1	9117	51351	0	1	7252	0	4	7248	0	3	0	0	0	0	0	0	0	0	0	0 	20	1	51359	0	1	10001	10002	10003	10004	10006	20206	10007	0	0	0	
	20042	페르세포네바지	9118	0	0	0	4	98	9104	1	9285	6	10002	2	9118	51354	0	1	7252	0	3	7248	0	3	0	0	0	0	0	0	0	0	0	0 	20	1	51362	0	1	10001	10002	10003	10004	10006	20206	10007	0	0	0	
	20043	페르세포네헬멧	9119	0	0	0	4	98	9104	1	9285	6	10002	3	9119	51353	0	1	7252	0	3	7248	0	2	0	0	0	0	0	0	0	0	0	0 	20	1	51361	0	1	10001	10002	10003	10004	10006	20206	10007	0	0	0	
	20044	페르세포네장갑	9389	0	0	0	4	98	9104	1	9285	6	10002	4	9389	51356	0	1	7252	0	3	7248	0	2	0	0	0	0	0	0	0	0	0	0 	20	1	51364	0	1	10001	10002	10003	10004	10006	20206	10007	0	0	0	
	20045	페르세포네부츠	9390	0	0	0	4	98	9104	1	9285	6	10002	5	9390	51355	0	1	7252	0	3	7248	0	2	0	0	0	0	0	0	0	0	0	0 	20	1	51363	0	1	10001	10002	10003	10004	10006	20206	10007	0	0	0	
	20046	페르세포네프로텍터	9391	0	0	0	4	98	9104	1	9285	6	10002	6	9391	51352	0	1	7252	0	3	7248	0	2	0	0	0	0	0	0	0	0	0	0 	20	1	51360	0	1	10001	10002	10003	10004	10006	20206	10007	0	0	0	
	20047	페르세포네벨트	9392	0	0	0	4	98	9104	1	9285	6	10002	7	9392	51357	0	1	7252	0	2	7248	0	2	0	0	0	0	0	0	0	0	0	0 	20	1	51365	0	1	10001	10002	10003	10004	10006	20206	10007	0	0	0	
	20048	페르세포네셔츠	9393	0	0	0	4	98	9104	1	9285	6	10002	8	9393	51358	0	1	7252	0	2	7248	0	1	0	0	0	0	0	0	0	0	0	0 	20	1	51366	0	1	10001	10002	10003	10004	10006	20206	10007	0	0	0	
	20049	마르스갑옷	9126	0	0	0	4	98	9104	1	9285	7	10006	1	9126	51647	0	1	7252	0	4	7248	0	3	0	0	0	0	0	0	0	0	0	0 	20	1	51655	0	1	10001	10002	10003	10004	10006	20206	10007	0	0	0	
	20050	마르스바지	9127	0	0	0	4	98	9104	1	9285	7	10006	2	9127	51650	0	1	7252	0	3	7248	0	3	0	0	0	0	0	0	0	0	0	0 	20	1	51658	0	1	10001	10002	10003	10004	10006	20206	10007	0	0	0	
	20051	마르스헬멧	9128	0	0	0	4	98	9104	1	9285	7	10006	3	9128	51649	0	1	7252	0	3	7248	0	2	0	0	0	0	0	0	0	0	0	0 	20	1	51657	0	1	10001	10002	10003	10004	10006	20206	10007	0	0	0	
	20052	마르스장갑	9129	0	0	0	4	98	9104	1	9285	7	10006	4	9129	51652	0	1	7252	0	3	7248	0	2	0	0	0	0	0	0	0	0	0	0 	20	1	51660	0	1	10001	10002	10003	10004	10006	20206	10007	0	0	0	
	20053	마르스부츠	9130	0	0	0	4	98	9104	1	9285	7	10006	5	9130	51651	0	1	7252	0	3	7248	0	2	0	0	0	0	0	0	0	0	0	0 	20	1	51659	0	1	10001	10002	10003	10004	10006	20206	10007	0	0	0	
	20054	마르스프로텍터	10130	0	0	0	4	98	9104	1	9285	7	10006	6	10130	51648	0	1	7252	0	3	7248	0	2	0	0	0	0	0	0	0	0	0	0 	20	1	51656	0	1	10001	10002	10003	10004	10006	20206	10007	0	0	0	
	20055	마르스벨트	10131	0	0	0	4	98	9104	1	9285	7	10006	7	10131	51653	0	1	7252	0	2	7248	0	2	0	0	0	0	0	0	0	0	0	0 	20	1	51661	0	1	10001	10002	10003	10004	10006	20206	10007	0	0	0	
	20056	마르스셔츠	10132	0	0	0	4	98	9104	1	9285	7	10006	8	10132	51654	0	1	7252	0	2	7248	0	1	0	0	0	0	0	0	0	0	0	0 	20	1	51662	0	1	10001	10002	10003	10004	10006	20206	10007	0	0	0	
	20057	아테네갑옷	9756	0	0	0	4	98	9104	1	9285	8	10008	1	9756	57001	0	1	7252	0	4	7248	0	3	0	0	0	0	0	0	0	0	0	0 	20	1	57009	0	1	10001	10002	10003	10004	10006	20206	10007	0	0	0	
	20058	아테네바지	9757	0	0	0	4	98	9104	1	9285	8	10008	2	9757	57004	0	1	7252	0	3	7248	0	3	0	0	0	0	0	0	0	0	0	0 	20	1	57012	0	1	10001	10002	10003	10004	10006	20206	10007	0	0	0	
	20059	아테네헬멧	9758	0	0	0	4	98	9104	1	9285	8	10008	3	9758	57003	0	1	7252	0	3	7248	0	2	0	0	0	0	0	0	0	0	0	0 	20	1	57011	0	1	10001	10002	10003	10004	10006	20206	10007	0	0	0	
	20060	아테네장갑	9759	0	0	0	4	98	9104	1	9285	8	10008	4	9759	57006	0	1	7252	0	3	7248	0	2	0	0	0	0	0	0	0	0	0	0 	20	1	57014	0	1	10001	10002	10003	10004	10006	20206	10007	0	0	0	
	20061	아테네부츠	9760	0	0	0	4	98	9104	1	9285	8	10008	5	9760	57005	0	1	7252	0	3	7248	0	2	0	0	0	0	0	0	0	0	0	0 	20	1	57013	0	1	10001	10002	10003	10004	10006	20206	10007	0	0	0	
	20062	아테네프로텍터	9761	0	0	0	4	98	9104	1	9285	8	10008	6	9761	57002	0	1	7252	0	3	7248	0	2	0	0	0	0	0	0	0	0	0	0 	20	1	57010	0	1	10001	10002	10003	10004	10006	20206	10007	0	0	0	
	20063	아테네벨트	9762	0	0	0	4	98	9104	1	9285	8	10008	7	9762	57007	0	1	7252	0	2	7248	0	2	0	0	0	0	0	0	0	0	0	0 	20	1	57015	0	1	10001	10002	10003	10004	10006	20206	10007	0	0	0	
	20064	아테네셔츠	9763	0	0	0	4	98	9104	1	9285	8	10008	8	9763	57008	0	1	7252	0	2	7248	0	1	0	0	0	0	0	0	0	0	0	0 	20	1	57016	0	1	10001	10002	10003	10004	10006	20206	10007	0	0	0	
//98-2 투사의 엘리트아이템 보완 (미완->1차) (70100 ~ 70199)	20065																																																	
	20066	타락한사원_미완의발로그_양손도끼(보완)	9192	0	0	0	4	98	9104	2	9191	1	10074	1	9192	50232	0	1	7252	0	13	7248	0	10	0	0	0	0	0	0	0	0	0	0 	20	1	50222	0	1	10001	10002	10003	10004	10006	20206	10007	0	0	0	
	20067	타락한사원_미완의발로그_양손검(보완)	9193	0	0	0	4	98	9104	2	9191	1	10074	2	9193	50233	0	1	7252	0	13	7248	0	10	0	0	0	0	0	0	0	0	0	0 	20	1	50223	0	1	10001	10002	10003	10004	10006	20206	10007	0	0	0	
	20068	타락한사원_미완의_아에시마데바_갑옷(보완)	9194	0	0	0	4	98	9104	2	9191	1	10074	3	9194	52040	0	1	7252	0	4	7248	0	3	0	0	0	0	0	0	0	0	0	0 	20	1	51177	0	1	10001	10002	10003	10004	10006	20206	10007	0	0	0	
	20069	타락한사원_미완의_아에시마데바_바지(보완)	9197	0	0	0	4	98	9104	2	9191	1	10074	4	9197	52043	0	1	7252	0	3	7248	0	3	0	0	0	0	0	0	0	0	0	0 	20	1	51180	0	1	10001	10002	10003	10004	10006	20206	10007	0	0	0	
	20070	타락한사원_미완의_아에시마데바_헬멧(보완)	9196	0	0	0	4	98	9104	2	9191	1	10074	5	9196	52042	0	1	7252	0	3	7248	0	2	0	0	0	0	0	0	0	0	0	0 	20	1	51179	0	1	10001	10002	10003	10004	10006	20206	10007	0	0	0	
	20071	타락한사원_미완의_아에시마데바_장갑(보완)	9199	0	0	0	4	98	9104	2	9191	1	10074	6	9199	52045	0	1	7252	0	3	7248	0	2	0	0	0	0	0	0	0	0	0	0 	20	1	51182	0	1	10001	10002	10003	10004	10006	20206	10007	0	0	0	
	20072	타락한사원_미완의_아에시마데바_부츠(보완)	9198	0	0	0	4	98	9104	2	9191	1	10074	7	9198	52044	0	1	7252	0	3	7248	0	2	0	0	0	0	0	0	0	0	0	0 	20	1	51181	0	1	10001	10002	10003	10004	10006	20206	10007	0	0	0	
	20073	타락한사원_미완의_아에시마데바_프로텍터(보완)	9195	0	0	0	4	98	9104	2	9191	1	10074	8	9195	52041	0	1	7252	0	3	7248	0	2	0	0	0	0	0	0	0	0	0	0 	20	1	51178	0	1	10001	10002	10003	10004	10006	20206	10007	0	0	0	
	20074	타락한사원_미완의_아에시마데바_벹트(보완)	9200	0	0	0	4	98	9104	2	9191	1	10074	9	9200	52046	0	1	7252	0	2	7248	0	2	0	0	0	0	0	0	0	0	0	0 	20	1	51183	0	1	10001	10002	10003	10004	10006	20206	10007	0	0	0	
	20075	타락한사원_미완의_아에시마데바_셔츠(보완)	9201	0	0	0	4	98	9104	2	9191	1	10074	10	9201	52047	0	1	7252	0	2	7248	0	1	0	0	0	0	0	0	0	0	0	0 	20	1	51184	0	1	10001	10002	10003	10004	10006	20206	10007	0	0	0	
	20076	타락한사원_미완의라합_한손검(보완)	9202	0	0	0	4	98	9104	2	9191	2	10075	1	9202	50234	0	1	7252	0	13	7248	0	10	0	0	0	0	0	0	0	0	0	0 	20	1	50224	0	1	10001	10002	10003	10004	10006	20206	10007	0	0	0	
	20077	타락한사원_미완의라합_창(보완)	9203	0	0	0	4	98	9104	2	9191	2	10075	2	9203	50235	0	1	7252	0	13	7248	0	10	0	0	0	0	0	0	0	0	0	0 	20	1	50225	0	1	10001	10002	10003	10004	10006	20206	10007	0	0	0	
	20078	타락한사원_미완의_벨제뷔트_갑옷(보완)	9204	0	0	0	4	98	9104	2	9191	2	10075	3	9204	52048	0	1	7252	0	4	7248	0	3	0	0	0	0	0	0	0	0	0	0 	20	1	51185	0	1	10001	10002	10003	10004	10006	20206	10007	0	0	0	
	20079	타락한사원_미완의_벨제뷔트_바지(보완)	9207	0	0	0	4	98	9104	2	9191	2	10075	4	9207	52051	0	1	7252	0	3	7248	0	3	0	0	0	0	0	0	0	0	0	0 	20	1	51188	0	1	10001	10002	10003	10004	10006	20206	10007	0	0	0	
	20080	타락한사원_미완의_벨제뷔트_헬멧(보완)	9206	0	0	0	4	98	9104	2	9191	2	10075	5	9206	52050	0	1	7252	0	3	7248	0	2	0	0	0	0	0	0	0	0	0	0 	20	1	51187	0	1	10001	10002	10003	10004	10006	20206	10007	0	0	0	
	20081	타락한사원_미완의_벨제뷔트_장갑(보완)	9209	0	0	0	4	98	9104	2	9191	2	10075	6	9209	52053	0	1	7252	0	3	7248	0	2	0	0	0	0	0	0	0	0	0	0 	20	1	51190	0	1	10001	10002	10003	10004	10006	20206	10007	0	0	0	
	20082	타락한사원_미완의_벨제뷔트_부츠(보완)	9208	0	0	0	4	98	9104	2	9191	2	10075	7	9208	52052	0	1	7252	0	3	7248	0	2	0	0	0	0	0	0	0	0	0	0 	20	1	51189	0	1	10001	10002	10003	10004	10006	20206	10007	0	0	0	
	20083	타락한사원_미완의_벨제뷔트_프로텍터(보완)	9205	0	0	0	4	98	9104	2	9191	2	10075	8	9205	52049	0	1	7252	0	3	7248	0	2	0	0	0	0	0	0	0	0	0	0 	20	1	51186	0	1	10001	10002	10003	10004	10006	20206	10007	0	0	0	
	20084	타락한사원_미완의_벨제뷔트_벹트(보완)	9210	0	0	0	4	98	9104	2	9191	2	10075	9	9210	52054	0	1	7252	0	2	7248	0	2	0	0	0	0	0	0	0	0	0	0 	20	1	51191	0	1	10001	10002	10003	10004	10006	20206	10007	0	0	0	
	20085	타락한사원_미완의_벨제뷔트_셔츠(보완)	9211	0	0	0	4	98	9104	2	9191	2	10075	10	9211	52055	0	1	7252	0	2	7248	0	1	0	0	0	0	0	0	0	0	0	0 	20	1	51192	0	1	10001	10002	10003	10004	10006	20206	10007	0	0	0	
	20086	타락한사원_미완의노르니르_석궁(보완)	9222	0	0	0	4	98	9104	2	9191	3	10076	1	9222	50238	0	1	7252	0	13	7248	0	10	0	0	0	0	0	0	0	0	0	0 	20	1	50228	0	1	10001	10002	10003	10004	10006	20206	10007	0	0	0	
	20087	타락한사원_미완의노르니르_에테르웨폰(보완)	9223	0	0	0	4	98	9104	2	9191	3	10076	2	9223	50239	0	1	7252	0	13	7248	0	10	0	0	0	0	0	0	0	0	0	0 	20	1	50229	0	1	10001	10002	10003	10004	10006	20206	10007	0	0	0	
	20088	타락한사원_미완의_아스타로스_갑옷(보완)	9224	0	0	0	4	98	9104	2	9191	3	10076	3	9224	52064	0	1	7252	0	4	7248	0	3	0	0	0	0	0	0	0	0	0	0 	20	1	51201	0	1	10001	10002	10003	10004	10006	20206	10007	0	0	0	
	20089	타락한사원_미완의_아스타로스_바지(보완)	9227	0	0	0	4	98	9104	2	9191	3	10076	4	9227	52067	0	1	7252	0	3	7248	0	3	0	0	0	0	0	0	0	0	0	0 	20	1	51204	0	1	10001	10002	10003	10004	10006	20206	10007	0	0	0	
	20090	타락한사원_미완의_아스타로스_헬멧(보완)	9226	0	0	0	4	98	9104	2	9191	3	10076	5	9226	52066	0	1	7252	0	3	7248	0	2	0	0	0	0	0	0	0	0	0	0 	20	1	51203	0	1	10001	10002	10003	10004	10006	20206	10007	0	0	0	
	20091	타락한사원_미완의_아스타로스_장갑(보완)	9229	0	0	0	4	98	9104	2	9191	3	10076	6	9229	52069	0	1	7252	0	3	7248	0	2	0	0	0	0	0	0	0	0	0	0 	20	1	51206	0	1	10001	10002	10003	10004	10006	20206	10007	0	0	0	
	20092	타락한사원_미완의_아스타로스_부츠(보완)	9228	0	0	0	4	98	9104	2	9191	3	10076	7	9228	52068	0	1	7252	0	3	7248	0	2	0	0	0	0	0	0	0	0	0	0 	20	1	51205	0	1	10001	10002	10003	10004	10006	20206	10007	0	0	0	
	20093	타락한사원_미완의_아스타로스_프로텍터(보완)	9225	0	0	0	4	98	9104	2	9191	3	10076	8	9225	52065	0	1	7252	0	3	7248	0	2	0	0	0	0	0	0	0	0	0	0 	20	1	51202	0	1	10001	10002	10003	10004	10006	20206	10007	0	0	0	
	20094	타락한사원_미완의_아스타로스_벹트(보완)	9230	0	0	0	4	98	9104	2	9191	3	10076	9	9230	52070	0	1	7252	0	2	7248	0	2	0	0	0	0	0	0	0	0	0	0 	20	1	51207	0	1	10001	10002	10003	10004	10006	20206	10007	0	0	0	
	20095	타락한사원_미완의_아스타로스_셔츠(보완)	9231	0	0	0	4	98	9104	2	9191	3	10076	10	9231	52071	0	1	7252	0	2	7248	0	1	0	0	0	0	0	0	0	0	0	0 	20	1	51208	0	1	10001	10002	10003	10004	10006	20206	10007	0	0	0	
	20096	타락한사원_미완의마라_지팡이(보완)	9232	0	0	0	4	98	9104	2	9191	4	10077	1	9232	50240	0	1	7252	0	13	7248	0	10	0	0	0	0	0	0	0	0	0	0 	20	1	50230	0	1	10001	10002	10003	10004	10006	20206	10007	0	0	0	
	20097	타락한사원_미완의마라_오브(보완)	9233	0	0	0	4	98	9104	2	9191	4	10077	2	9233	50241	0	1	7252	0	13	7248	0	10	0	0	0	0	0	0	0	0	0	0 	20	1	50231	0	1	10001	10002	10003	10004	10006	20206	10007	0	0	0	
	20098	타락한사원_미완의_아즈_갑옷(보완)	9234	0	0	0	4	98	9104	2	9191	4	10077	3	9234	52072	0	1	7252	0	4	7248	0	3	0	0	0	0	0	0	0	0	0	0 	20	1	51209	0	1	10001	10002	10003	10004	10006	20206	10007	0	0	0	
	20099	타락한사원_미완의_아즈_바지(보완)	9237	0	0	0	4	98	9104	2	9191	4	10077	4	9237	52075	0	1	7252	0	3	7248	0	3	0	0	0	0	0	0	0	0	0	0 	20	1	51212	0	1	10001	10002	10003	10004	10006	20206	10007	0	0	0	
	20100	타락한사원_미완의_아즈_헬멧(보완)	9236	0	0	0	4	98	9104	2	9191	4	10077	5	9236	52074	0	1	7252	0	3	7248	0	2	0	0	0	0	0	0	0	0	0	0 	20	1	51211	0	1	10001	10002	10003	10004	10006	20206	10007	0	0	0	
	20101	타락한사원_미완의_아즈_장갑(보완)	9239	0	0	0	4	98	9104	2	9191	4	10077	6	9239	52077	0	1	7252	0	3	7248	0	2	0	0	0	0	0	0	0	0	0	0 	20	1	51214	0	1	10001	10002	10003	10004	10006	20206	10007	0	0	0	
	20102	타락한사원_미완의_아즈_부츠(보완)	9238	0	0	0	4	98	9104	2	9191	4	10077	7	9238	52076	0	1	7252	0	3	7248	0	2	0	0	0	0	0	0	0	0	0	0 	20	1	51213	0	1	10001	10002	10003	10004	10006	20206	10007	0	0	0	
	20103	타락한사원_미완의_아즈_프로텍터(보완)	9235	0	0	0	4	98	9104	2	9191	4	10077	8	9235	52073	0	1	7252	0	3	7248	0	2	0	0	0	0	0	0	0	0	0	0 	20	1	51210	0	1	10001	10002	10003	10004	10006	20206	10007	0	0	0	
	20104	타락한사원_미완의_아즈_벹트(보완)	9240	0	0	0	4	98	9104	2	9191	4	10077	9	9240	52078	0	1	7252	0	2	7248	0	2	0	0	0	0	0	0	0	0	0	0 	20	1	51215	0	1	10001	10002	10003	10004	10006	20206	10007	0	0	0	
	20105	타락한사원_미완의_아즈_셔츠(보완)	9241	0	0	0	4	98	9104	2	9191	4	10077	10	9241	52079	0	1	7252	0	2	7248	0	1	0	0	0	0	0	0	0	0	0	0 	20	1	51216	0	1	10001	10002	10003	10004	10006	20206	10007	0	0	0	
	20106	타락한사원_미완의안드라스_대거(보완)	9212	0	0	0	4	98	9104	2	9191	5	10078	1	9212	50236	0	1	7252	0	13	7248	0	10	0	0	0	0	0	0	0	0	0	0 	20	1	50226	0	1	10001	10002	10003	10004	10006	20206	10007	0	0	0	
	20107	타락한사원_미완의안드라스_채찍검(보완)	9213	0	0	0	4	98	9104	2	9191	5	10078	2	9213	50237	0	1	7252	0	13	7248	0	10	0	0	0	0	0	0	0	0	0	0 	20	1	50227	0	1	10001	10002	10003	10004	10006	20206	10007	0	0	0	
	20108	타락한사원_미완의_루시페르_갑옷(보완)	9214	0	0	0	4	98	9104	2	9191	5	10078	3	9214	52056	0	1	7252	0	4	7248	0	3	0	0	0	0	0	0	0	0	0	0 	20	1	51193	0	1	10001	10002	10003	10004	10006	20206	10007	0	0	0	
	20109	타락한사원_미완의_루시페르_바지(보완)	9217	0	0	0	4	98	9104	2	9191	5	10078	4	9217	52059	0	1	7252	0	3	7248	0	3	0	0	0	0	0	0	0	0	0	0 	20	1	51196	0	1	10001	10002	10003	10004	10006	20206	10007	0	0	0	
	20110	타락한사원_미완의_루시페르_헬멧(보완)	9216	0	0	0	4	98	9104	2	9191	5	10078	5	9216	52058	0	1	7252	0	3	7248	0	2	0	0	0	0	0	0	0	0	0	0 	20	1	51195	0	1	10001	10002	10003	10004	10006	20206	10007	0	0	0	
	20111	타락한사원_미완의_루시페르_장갑(보완)	9219	0	0	0	4	98	9104	2	9191	5	10078	6	9219	52061	0	1	7252	0	3	7248	0	2	0	0	0	0	0	0	0	0	0	0 	20	1	51198	0	1	10001	10002	10003	10004	10006	20206	10007	0	0	0	
	20112	타락한사원_미완의_루시페르_부츠(보완)	9218	0	0	0	4	98	9104	2	9191	5	10078	7	9218	52060	0	1	7252	0	3	7248	0	2	0	0	0	0	0	0	0	0	0	0 	20	1	51197	0	1	10001	10002	10003	10004	10006	20206	10007	0	0	0	
	20113	타락한사원_미완의_루시페르_프로텍터(보완)	9215	0	0	0	4	98	9104	2	9191	5	10078	8	9215	52057	0	1	7252	0	3	7248	0	2	0	0	0	0	0	0	0	0	0	0 	20	1	51194	0	1	10001	10002	10003	10004	10006	20206	10007	0	0	0	
	20114	타락한사원_미완의_루시페르_벹트(보완)	9220	0	0	0	4	98	9104	2	9191	5	10078	9	9220	52062	0	1	7252	0	2	7248	0	2	0	0	0	0	0	0	0	0	0	0 	20	1	51199	0	1	10001	10002	10003	10004	10006	20206	10007	0	0	0	
	20115	타락한사원_미완의_루시페르_셔츠(보완)	9221	0	0	0	4	98	9104	2	9191	5	10078	10	9221	52063	0	1	7252	0	2	7248	0	1	0	0	0	0	0	0	0	0	0	0 	20	1	51200	0	1	10001	10002	10003	10004	10006	20206	10007	0	0	0	
	20116	타락한사원_미완의아바돈_건틀렛(보완)	9593	0	0	0	4	98	9104	2	9191	6	10002	1	9593	50254	0	1	7252	0	13	7248	0	10	0	0	0	0	0	0	0	0	0	0 	20	1	50252	0	1	10001	10002	10003	10004	10006	20206	10007	0	0	0	
	20117	타락한사원_미완의아바돈_폴암(보완)	9594	0	0	0	4	98	9104	2	9191	6	10002	2	9594	50255	0	1	7252	0	13	7248	0	10	0	0	0	0	0	0	0	0	0	0 	20	1	50253	0	1	10001	10002	10003	10004	10006	20206	10007	0	0	0	
	20118	타락한사원_미완의_메피스토_갑옷(보완)	9595	0	0	0	4	98	9104	2	9191	6	10002	3	9595	51391	0	1	7252	0	4	7248	0	3	0	0	0	0	0	0	0	0	0	0 	20	1	51383	0	1	10001	10002	10003	10004	10006	20206	10007	0	0	0	
	20119	타락한사원_미완의_메피스토_바지(보완)	9596	0	0	0	4	98	9104	2	9191	6	10002	4	9596	51394	0	1	7252	0	3	7248	0	3	0	0	0	0	0	0	0	0	0	0 	20	1	51386	0	1	10001	10002	10003	10004	10006	20206	10007	0	0	0	
	20120	타락한사원_미완의_메피스토_헬멧(보완)	9597	0	0	0	4	98	9104	2	9191	6	10002	5	9597	51393	0	1	7252	0	3	7248	0	2	0	0	0	0	0	0	0	0	0	0 	20	1	51385	0	1	10001	10002	10003	10004	10006	20206	10007	0	0	0	
	20121	타락한사원_미완의_메피스토_장갑(보완)	9598	0	0	0	4	98	9104	2	9191	6	10002	6	9598	51396	0	1	7252	0	3	7248	0	2	0	0	0	0	0	0	0	0	0	0 	20	1	51388	0	1	10001	10002	10003	10004	10006	20206	10007	0	0	0	
	20122	타락한사원_미완의_메피스토_부츠(보완)	9599	0	0	0	4	98	9104	2	9191	6	10002	7	9599	51395	0	1	7252	0	3	7248	0	2	0	0	0	0	0	0	0	0	0	0 	20	1	51387	0	1	10001	10002	10003	10004	10006	20206	10007	0	0	0	
	20123	타락한사원_미완의_메피스토_프로텍터(보완)	9600	0	0	0	4	98	9104	2	9191	6	10002	8	9600	51392	0	1	7252	0	3	7248	0	2	0	0	0	0	0	0	0	0	0	0 	20	1	51384	0	1	10001	10002	10003	10004	10006	20206	10007	0	0	0	
	20124	타락한사원_미완의_메피스토_벹트(보완)	9601	0	0	0	4	98	9104	2	9191	6	10002	9	9601	51397	0	1	7252	0	2	7248	0	2	0	0	0	0	0	0	0	0	0	0 	20	1	51389	0	1	10001	10002	10003	10004	10006	20206	10007	0	0	0	
	20125	타락한사원_미완의_메피스토_셔츠(보완)	9602	0	0	0	4	98	9104	2	9191	6	10002	10	9602	51398	0	1	7252	0	2	7248	0	1	0	0	0	0	0	0	0	0	0	0 	20	1	51390	0	1	10001	10002	10003	10004	10006	20206	10007	0	0	0	
	20126	타락한사원_미완의아바돈_에테르블래스터(보완)	10594	0	0	0	4	98	9104	2	9191	7	10006	1	10594	50138	0	1	7252	0	13	7248	0	10	0	0	0	0	0	0	0	0	0	0 	20	1	50137	0	1	10001	10002	10003	10004	10006	20206	10007	0	0	0	
	20127	타락한사원_미완의_아스모데우스_갑옷(보완)	10595	0	0	0	4	98	9104	2	9191	7	10006	2	10595	51727	0	1	7252	0	4	7248	0	3	0	0	0	0	0	0	0	0	0	0 	20	1	51719	0	1	10001	10002	10003	10004	10006	20206	10007	0	0	0	
	20128	타락한사원_미완의_아스모데우스_바지(보완)	10596	0	0	0	4	98	9104	2	9191	7	10006	3	10596	51730	0	1	7252	0	3	7248	0	3	0	0	0	0	0	0	0	0	0	0 	20	1	51722	0	1	10001	10002	10003	10004	10006	20206	10007	0	0	0	
	20129	타락한사원_미완의_아스모데우스_헬멧(보완)	10597	0	0	0	4	98	9104	2	9191	7	10006	4	10597	51729	0	1	7252	0	3	7248	0	2	0	0	0	0	0	0	0	0	0	0 	20	1	51721	0	1	10001	10002	10003	10004	10006	20206	10007	0	0	0	
	20130	타락한사원_미완의_아스모데우스_장갑(보완)	10598	0	0	0	4	98	9104	2	9191	7	10006	5	10598	51732	0	1	7252	0	3	7248	0	2	0	0	0	0	0	0	0	0	0	0 	20	1	51724	0	1	10001	10002	10003	10004	10006	20206	10007	0	0	0	
	20131	타락한사원_미완의_아스모데우스_부츠(보완)	10599	0	0	0	4	98	9104	2	9191	7	10006	6	10599	51731	0	1	7252	0	3	7248	0	2	0	0	0	0	0	0	0	0	0	0 	20	1	51723	0	1	10001	10002	10003	10004	10006	20206	10007	0	0	0	
	20132	타락한사원_미완의_아스모데우스_프로텍터(보완)	10600	0	0	0	4	98	9104	2	9191	7	10006	7	10600	51728	0	1	7252	0	3	7248	0	2	0	0	0	0	0	0	0	0	0	0 	20	1	51720	0	1	10001	10002	10003	10004	10006	20206	10007	0	0	0	
	20133	타락한사원_미완의_아스모데우스_벹트(보완)	10601	0	0	0	4	98	9104	2	9191	7	10006	8	10601	51733	0	1	7252	0	2	7248	0	2	0	0	0	0	0	0	0	0	0	0 	20	1	51725	0	1	10001	10002	10003	10004	10006	20206	10007	0	0	0	
	20134	타락한사원_미완의_아스모데우스_셔츠(보완)	10602	0	0	0	4	98	9104	2	9191	7	10006	9	10602	51734	0	1	7252	0	2	7248	0	1	0	0	0	0	0	0	0	0	0	0 	20	1	51726	0	1	10001	10002	10003	10004	10006	20206	10007	0	0	0	
	20135	타락한사원_미완의에리니스_아크블레이드(보완)	10573	0	0	0	4	98	9104	2	9191	8	10008	1	10573	50330	0	1	7252	0	13	7248	0	10	0	0	0	0	0	0	0	0	0	0 	20	1	50329	0	1	10001	10002	10003	10004	10006	20206	10007	0	0	0	
	20136	타락한사원_미완의_나히드_갑옷(보완)	10574	0	0	0	4	98	9104	2	9191	8	10008	2	10574	57081	0	1	7252	0	4	7248	0	3	0	0	0	0	0	0	0	0	0	0 	20	1	57065	0	1	10001	10002	10003	10004	10006	20206	10007	0	0	0	
	20137	타락한사원_미완의_나히드_바지(보완)	10575	0	0	0	4	98	9104	2	9191	8	10008	3	10575	57084	0	1	7252	0	3	7248	0	3	0	0	0	0	0	0	0	0	0	0 	20	1	57068	0	1	10001	10002	10003	10004	10006	20206	10007	0	0	0	
	20138	타락한사원_미완의_나히드_헬멧(보완)	10576	0	0	0	4	98	9104	2	9191	8	10008	4	10576	57083	0	1	7252	0	3	7248	0	2	0	0	0	0	0	0	0	0	0	0 	20	1	57067	0	1	10001	10002	10003	10004	10006	20206	10007	0	0	0	
	20139	타락한사원_미완의_나히드_장갑(보완)	10577	0	0	0	4	98	9104	2	9191	8	10008	5	10577	57086	0	1	7252	0	3	7248	0	2	0	0	0	0	0	0	0	0	0	0 	20	1	57070	0	1	10001	10002	10003	10004	10006	20206	10007	0	0	0	
	20140	타락한사원_미완의_나히드_부츠(보완)	10578	0	0	0	4	98	9104	2	9191	8	10008	6	10578	57085	0	1	7252	0	3	7248	0	2	0	0	0	0	0	0	0	0	0	0 	20	1	57069	0	1	10001	10002	10003	10004	10006	20206	10007	0	0	0	
	20141	타락한사원_미완의_나히드_프로텍터(보완)	10579	0	0	0	4	98	9104	2	9191	8	10008	7	10579	57082	0	1	7252	0	3	7248	0	2	0	0	0	0	0	0	0	0	0	0 	20	1	57066	0	1	10001	10002	10003	10004	10006	20206	10007	0	0	0	
	20142	타락한사원_미완의_나히드_벹트(보완)	10580	0	0	0	4	98	9104	2	9191	8	10008	8	10580	57087	0	1	7252	0	2	7248	0	2	0	0	0	0	0	0	0	0	0	0 	20	1	57071	0	1	10001	10002	10003	10004	10006	20206	10007	0	0	0	
	20143	타락한사원_미완의_나히드_셔츠(보완)	10581	0	0	0	4	98	9104	2	9191	8	10008	9	10581	57088	0	1	7252	0	2	7248	0	1	0	0	0	0	0	0	0	0	0	0 	20	1	57072	0	1	10001	10002	10003	10004	10006	20206	10007	0	0	0	
//98-3 인챈트보석 보상 교환 (20201~70207)																																																		
	20201	프로텍션크리스탈to필미스톤	40071	0	0	0	3	98	9104	3	9113	1	40071	0	0	4701	0	5	0	0	0	0	0	0	0	0	0	0	0	0	0	0	0	0	100	1	4201	0	1	10001	10002	10003	10004	10006	20206	10007	0	0	0	
	20202	샤이닝크리스탈to필미스톤	40071	0	0	0	3	98	9104	3	9113	2	40071	0	0	4702	0	5	0	0	0	0	0	0	0	0	0	0	0	0	0	0	0	0	100	1	4201	0	1	10001	10002	10003	10004	10006	20206	10007	0	0	0	
	20203	필미스톤to오버미스톤	40072	0	0	0	3	98	9104	3	9113	3	40072	0	0	4201	0	5	0	0	0	0	0	0	0	0	0	0	0	0	0	0	0	0 	100	1	4202	0	1	10001	10002	10003	10004	10006	20206	10007	0	0	0	
	20204	오버미스톤to스트랭스미스톤	40073	0	0	0	3	98	9104	3	9113	4	40073	0	0	4202	0	5	0	0	0	0	0	0	0	0	0	0	0	0	0	0	0	0 	100	1	4203	0	1	10001	10002	10003	10004	10006	20206	10007	0	0	0	
	20205	스트랭스미스톤to메가미스톤	40074	0	0	0	3	98	9104	3	9113	5	40074	0	0	4203	0	5	0	0	0	0	0	0	0	0	0	0	0	0	0	0	0	0 	100	1	4204	0	1	10001	10002	10003	10004	10006	20206	10007	0	0	0	
	20206	메가미스톤to기가미스톤	40075	0	0	0	3	98	9104	3	9113	6	40075	0	0	4204	0	5	0	0	0	0	0	0	0	0	0	0	0	0	0	0	0	0 	100	1	4205	0	1	10001	10002	10003	10004	10006	20206	10007	0	0	0	
	20207	기가미스톤to포톤	40076	0	0	0	3	98	9104	3	9113	7	40076	0	0	4205	0	1	0	0	0	0	0	0	0	0	0	0	0	0	0	0	0	0 	100	1	4977	0	1	10001	10002	10003	10004	10006	20206	10007	0	0	0	
	20208	황혼의보석to포톤	40076	0	0	0	3	98	9104	3	9113	8	40076	0	0	7283	0	1	0	0	0	0	0	0	0	0	0	0	0	0	0	0	0	0 	100	1	4977	0	1	10001	10002	10003	10004	10006	20206	10007	0	0	0	
//98-4 승냥이의비약 보상 교환 (70208~70231)																																																		
	20209	승냥이의비약2(10분)보상상자	155988	0	0	0	3	98	9104	4	9103	1	155988	0	0	61053	0	1	0	0	0	0	0	0	0	0	0	0	0	0	0	0	0	0	100	1	65089	0	1	10001	10002	10003	10004	10006	20206	10007	0	0	0	
	20210	승냥이의비약2(30분)보상상자	155989	0	0	0	3	98	9104	4	9103	2	155989	0	0	61054	0	1	0	0	0	0	0	0	0	0	0	0	0	0	0	0	0	0	100	1	65090	0	1	10001	10002	10003	10004	10006	20206	10007	0	0	0	
	20211	승냥이의비약2(60분)보상상자	155990	0	0	0	3	98	9104	4	9103	3	155990	0	0	61055	0	1	0	0	0	0	0	0	0	0	0	0	0	0	0	0	0	0	100	1	65091	0	1	10001	10002	10003	10004	10006	20206	10007	0	0	0	
	20212	승냥이의비약2(6시간)보상상자	155991	0	0	0	3	98	9104	4	9103	4	155991	0	0	61056	0	1	0	0	0	0	0	0	0	0	0	0	0	0	0	0	0	0	100	1	65092	0	1	10001	10002	10003	10004	10006	20206	10007	0	0	0	
	20213	승냥이의비약2(12시간)보상상자	155992	0	0	0	3	98	9104	4	9103	5	155992	0	0	61057	0	1	0	0	0	0	0	0	0	0	0	0	0	0	0	0	0	0	100	1	65093	0	1	10001	10002	10003	10004	10006	20206	10007	0	0	0	
	20214	승냥이의비약2(24시간)보상상자	155993	0	0	0	3	98	9104	4	9103	6	155993	0	0	61058	0	1	0	0	0	0	0	0	0	0	0	0	0	0	0	0	0	0	100	1	65094	0	1	10001	10002	10003	10004	10006	20206	10007	0	0	0	
	20215	승냥이의기세(10분)보상상자	155994	0	0	0	3	98	9104	4	9103	7	155994	0	0	61153	0	1	0	0	0	0	0	0	0	0	0	0	0	0	0	0	0	0	100	1	65095	0	1	10001	10002	10003	10004	10006	20206	10007	0	0	0	
	20216	승냥이의기세(30분)보상상자	155995	0	0	0	3	98	9104	4	9103	8	155995	0	0	61154	0	1	0	0	0	0	0	0	0	0	0	0	0	0	0	0	0	0	100	1	65096	0	1	10001	10002	10003	10004	10006	20206	10007	0	0	0	
	20217	승냥이의기세(60분)보상상자	155996	0	0	0	3	98	9104	4	9103	9	155996	0	0	61155	0	1	0	0	0	0	0	0	0	0	0	0	0	0	0	0	0	0	100	1	65097	0	1	10001	10002	10003	10004	10006	20206	10007	0	0	0	
	20218	승냥이의기세(6시간)보상상자	158981	0	0	0	3	98	9104	4	9103	10	158981	0	0	61156	0	1	0	0	0	0	0	0	0	0	0	0	0	0	0	0	0	0	100	1	65098	0	1	10001	10002	10003	10004	10006	20206	10007	0	0	0	
	20219	승냥이의기세(12시간)보상상자	158982	0	0	0	3	98	9104	4	9103	11	158982	0	0	61157	0	1	0	0	0	0	0	0	0	0	0	0	0	0	0	0	0	0	100	1	65099	0	1	10001	10002	10003	10004	10006	20206	10007	0	0	0	
	20220	승냥이의기세(24시간)보상상자	158983	0	0	0	3	98	9104	4	9103	12	158983	0	0	61158	0	1	0	0	0	0	0	0	0	0	0	0	0	0	0	0	0	0	100	1	65100	0	1	10001	10002	10003	10004	10006	20206	10007	0	0	0	
	20221	승냥이의정기(10분)보상상자	158984	0	0	0	3	98	9104	4	9103	13	158984	0	0	61189	0	1	0	0	0	0	0	0	0	0	0	0	0	0	0	0	0	0	100	1	65101	0	1	10001	10002	10003	10004	10006	20206	10007	0	0	0	
	20222	승냥이의정기(30분)보상상자	158985	0	0	0	3	98	9104	4	9103	14	158985	0	0	61190	0	1	0	0	0	0	0	0	0	0	0	0	0	0	0	0	0	0	100	1	65102	0	1	10001	10002	10003	10004	10006	20206	10007	0	0	0	
	20223	승냥이의정기(60분)보상상자	158986	0	0	0	3	98	9104	4	9103	15	158986	0	0	61191	0	1	0	0	0	0	0	0	0	0	0	0	0	0	0	0	0	0	100	1	65103	0	1	10001	10002	10003	10004	10006	20206	10007	0	0	0	
	20224	승냥이의정기(6시간)보상상자	158987	0	0	0	3	98	9104	4	9103	16	158987	0	0	61192	0	1	0	0	0	0	0	0	0	0	0	0	0	0	0	0	0	0	100	1	65104	0	1	10001	10002	10003	10004	10006	20206	10007	0	0	0	
	20225	승냥이의정기(12시간)보상상자	158988	0	0	0	3	98	9104	4	9103	17	158988	0	0	61193	0	1	0	0	0	0	0	0	0	0	0	0	0	0	0	0	0	0	100	1	65105	0	1	10001	10002	10003	10004	10006	20206	10007	0	0	0	
	20226	승냥이의정기(24시간)보상상자	158989	0	0	0	3	98	9104	4	9103	18	158989	0	0	61194	0	1	0	0	0	0	0	0	0	0	0	0	0	0	0	0	0	0	100	1	65106	0	1	10001	10002	10003	10004	10006	20206	10007	0	0	0	
	20227	승냥이의혼(10분)보상상자	158990	0	0	0	3	98	9104	4	9103	19	158990	0	0	61248	0	1	0	0	0	0	0	0	0	0	0	0	0	0	0	0	0	0	100	1	65107	0	1	10001	10002	10003	10004	10006	20206	10007	0	0	0	
	20228	승냥이의혼(30분)보상상자	158991	0	0	0	3	98	9104	4	9103	20	158991	0	0	61249	0	1	0	0	0	0	0	0	0	0	0	0	0	0	0	0	0	0	100	1	65108	0	1	10001	10002	10003	10004	10006	20206	10007	0	0	0	
	20229	승냥이의혼(60분)보상상자	158992	0	0	0	3	98	9104	4	9103	21	158992	0	0	61250	0	1	0	0	0	0	0	0	0	0	0	0	0	0	0	0	0	0	100	1	65109	0	1	10001	10002	10003	10004	10006	20206	10007	0	0	0	
	20230	승냥이의혼(6시간)보상상자	158993	0	0	0	3	98	9104	4	9103	22	158993	0	0	61251	0	1	0	0	0	0	0	0	0	0	0	0	0	0	0	0	0	0	100	1	65110	0	1	10001	10002	10003	10004	10006	20206	10007	0	0	0	
	20231	승냥이의혼(12시간)보상상자	158994	0	0	0	3	98	9104	4	9103	23	158994	0	0	61252	0	1	0	0	0	0	0	0	0	0	0	0	0	0	0	0	0	0	100	1	65111	0	1	10001	10002	10003	10004	10006	20206	10007	0	0	0	
	20232	승냥이의혼(24시간)보상상자	158995	0	0	0	3	98	9104	4	9103	24	158995	0	0	61253	0	1	0	0	0	0	0	0	0	0	0	0	0	0	0	0	0	0	100	1	65112	0	1	10001	10002	10003	10004	10006	20206	10007	0	0	0	
//98-5 타락한사원 재료 보상 교환 (70232~70250)																																																		
	20233	티끌_천연의붉은합금	45599	0	0	990	4	98	9104	5	9590	1	9591	1	45599	6032	0	3	0	0	0	0	0	0	0	0	0	0	0	0	0	0	0	1000 	100	1	55602	0	1	10001	10002	10003	10004	10006	20206	10007	0	0	0	
	20234	티끌_이스라필의문장	45599	0	0	990	4	98	9104	5	9590	1	9591	2	45599	6036	0	3	0	0	0	0	0	0	0	0	0	0	0	0	0	0	0	1000 	100	1	55602	0	1	10001	10002	10003	10004	10006	20206	10007	0	0	0	
	20235	티끌_용족의화석	45599	0	0	990	4	98	9104	5	9590	1	9591	3	45599	6041	0	3	0	0	0	0	0	0	0	0	0	0	0	0	0	0	0	1000 	100	1	55602	0	1	10001	10002	10003	10004	10006	20206	10007	0	0	0	
	20236	티끌_빙마석의결정	45599	0	0	990	4	98	9104	5	9590	1	9591	4	45599	6043	0	3	0	0	0	0	0	0	0	0	0	0	0	0	0	0	0	1000 	100	1	55602	0	1	10001	10002	10003	10004	10006	20206	10007	0	0	0	
	20237	티끌_에테르강화석	45599	0	0	990	4	98	9104	5	9590	1	9591	5	45599	6045	0	3	0	0	0	0	0	0	0	0	0	0	0	0	0	0	0	1000 	100	1	55602	0	1	10001	10002	10003	10004	10006	20206	10007	0	0	0	
	20238	티끌_망자의가루	45599	0	0	990	4	98	9104	5	9590	1	9591	6	45599	6047	0	3	0	0	0	0	0	0	0	0	0	0	0	0	0	0	0	1000 	100	1	55602	0	1	10001	10002	10003	10004	10006	20206	10007	0	0	0	
	20239	근원_소울크레센트	45600	0	0	990	4	98	9104	5	9590	2	9592	1	45600	6039	0	5	0	0	0	0	0	0	0	0	0	0	0	0	0	0	0	5000 	100	1	55603	0	1	10001	10002	10003	10004	10006	20206	10007	0	0	0	
	20240	근원_헬론마검의파편	45600	0	0	990	4	98	9104	5	9590	2	9592	2	45600	6033	0	5	0	0	0	0	0	0	0	0	0	0	0	0	0	0	0	5000 	100	1	55603	0	1	10001	10002	10003	10004	10006	20206	10007	0	0	0	
	20241	근원_태양의가루	45600	0	0	990	4	98	9104	5	9590	2	9592	3	45600	6040	0	5	0	0	0	0	0	0	0	0	0	0	0	0	0	0	0	5000 	100	1	55603	0	1	10001	10002	10003	10004	10006	20206	10007	0	0	0	
	20242	근원_타락한영혼	45600	0	0	990	4	98	9104	5	9590	2	9592	4	45600	6034	0	5	0	0	0	0	0	0	0	0	0	0	0	0	0	0	0	5000 	100	1	55603	0	1	10001	10002	10003	10004	10006	20206	10007	0	0	0	
	20243	근원_기괴한영혼의돌	45600	0	0	990	4	98	9104	5	9590	2	9592	5	45600	6035	0	5	0	0	0	0	0	0	0	0	0	0	0	0	0	0	0	5000 	100	1	55603	0	1	10001	10002	10003	10004	10006	20206	10007	0	0	0	
	20244	근원_빛과어둠의문장	45600	0	0	990	4	98	9104	5	9590	2	9592	6	45600	6038	0	5	0	0	0	0	0	0	0	0	0	0	0	0	0	0	0	5000 	100	1	55603	0	1	10001	10002	10003	10004	10006	20206	10007	0	0	0	
	20245	근원_불사신의비늘	45600	0	0	990	4	98	9104	5	9590	3	9592	1	45600	6037	0	1	0	0	0	0	0	0	0	0	0	0	0	0	0	0	0	5000 	100	1	55603	0	1	10001	10002	10003	10004	10006	20206	10007	0	0	0	
	20246	근원_유니콘의뿔	45600	0	0	990	4	98	9104	5	9590	3	9592	2	45600	6042	0	1	0	0	0	0	0	0	0	0	0	0	0	0	0	0	0	5000 	100	1	55603	0	1	10001	10002	10003	10004	10006	20206	10007	0	0	0	
	20247	근원_레이할트의비급	45600	0	0	990	4	98	9104	5	9590	3	9592	3	45600	6044	0	1	0	0	0	0	0	0	0	0	0	0	0	0	0	0	0	5000 	100	1	55603	0	1	10001	10002	10003	10004	10006	20206	10007	0	0	0	
	20248	근원_흑마법의주술서	45600	0	0	990	4	98	9104	5	9590	3	9592	4	45600	6046	0	1	0	0	0	0	0	0	0	0	0	0	0	0	0	0	0	5000 	100	1	55603	0	1	10001	10002	10003	10004	10006	20206	10007	0	0	0	
	20249	근원_암흑에너지	45600	0	0	990	4	98	9104	5	9590	3	9592	5	45600	6050	0	1	0	0	0	0	0	0	0	0	0	0	0	0	0	0	0	5000 	100	1	55603	0	1	10001	10002	10003	10004	10006	20206	10007	0	0	0	
//99. 이벤트아이템 (30001 ~ 40000)																																																		
//99_1몬트샤인 이벤트 (30001 ~ 30100)																																																		
//	명예메달1~10개																																																	
//	30001	회복물약LV4_10개	40124	0	0	0	4	99	9165	1	9155	1	9156	1	40124	40247	0	3	0	0	0	0	0	0	0	0	0	0	0	0	0	0	0	0 	100	1	4004	0	10	10001	10002	10003	10004	10006	10007	0	0	0	0	
//	30002	요정마나물약LV4_10개	40264	0	0	0	4	99	9165	1	9155	1	9156	2	40264	40247	0	3	0	0	0	0	0	0	0	0	0	0	0	0	0	0	0	0 	100	1	4034	0	10	10001	10002	10003	10004	10006	10007	0	0	0	0	
//	30003	광폭의물약LV3_10개	40363	0	0	0	4	99	9165	1	9155	1	9156	3	40363	40247	0	3	0	0	0	0	0	0	0	0	0	0	0	0	0	0	0	0 	100	1	49003	0	10	10001	10002	10003	10004	10006	10007	0	0	0	0	
//	30004	질주의물약LV3_10개	40403	0	0	0	4	99	9165	1	9155	1	9156	4	40403	40247	0	3	0	0	0	0	0	0	0	0	0	0	0	0	0	0	0	0 	100	1	49023	0	10	10001	10002	10003	10004	10006	10007	0	0	0	0	
//	30005	각성의물약LV3_10개	40383	0	0	0	4	99	9165	1	9155	1	9156	5	40383	40247	0	3	0	0	0	0	0	0	0	0	0	0	0	0	0	0	0	0 	100	1	49013	0	10	10001	10002	10003	10004	10006	10007	0	0	0	0	
//	30006	행운의물약LV3_10개	40393	0	0	0	4	99	9165	1	9155	1	9156	6	40393	40247	0	3	0	0	0	0	0	0	0	0	0	0	0	0	0	0	0	0 	100	1	49018	0	10	10001	10002	10003	10004	10006	10007	0	0	0	0	
//	명예메달30~50개																																																	
//	30007	파괴자의혼_10개	47619	0	0	0	4	99	9165	1	9155	2	9157	1	47619	40247	0	30	0	0	0	0	0	0	0	0	0	0	0	0	0	0	0	0 	100	1	6019	0	10	10001	10002	10003	10004	10006	10007	0	0	0	0	
//	30008	바람의목소리_10개	47620	0	0	0	4	99	9165	1	9155	2	9157	2	47620	40247	0	30	0	0	0	0	0	0	0	0	0	0	0	0	0	0	0	0 	100	1	6020	0	10	10001	10002	10003	10004	10006	10007	0	0	0	0	
//	30009	용족의긍지_10개	47621	0	0	0	4	99	9165	1	9155	2	9157	3	47621	40247	0	30	0	0	0	0	0	0	0	0	0	0	0	0	0	0	0	0 	100	1	6021	0	10	10001	10002	10003	10004	10006	10007	0	0	0	0	
//	30010	대자연의눈물10개	47622	0	0	0	4	99	9165	1	9155	2	9157	4	47622	40247	0	30	0	0	0	0	0	0	0	0	0	0	0	0	0	0	0	0 	100	1	6022	0	10	10001	10002	10003	10004	10006	10007	0	0	0	0	
//	30011	어둠의상징_10개	47298	0	0	0	4	99	9165	1	9155	2	9157	5	47298	40247	0	30	0	0	0	0	0	0	0	0	0	0	0	0	0	0	0	0 	100	1	6031	0	10	10001	10002	10003	10004	10006	10007	0	0	0	0	
//	명예메달80~130개																																																	
//	30012	임페리움_1개	45027	0	0	0	4	99	9165	1	9155	3	9158	1	45027	40247	0	80	0	0	0	0	0	0	0	0	0	0	0	0	0	0	0	0 	100	1	6527	0	1	10001	10002	10003	10004	10006	10007	0	0	0	0	
//	30013	에테르탄환(LV2)_50개	47710	0	0	0	4	99	9165	1	9155	3	9158	2	47710	40247	0	100	0	0	0	0	0	0	0	0	0	0	0	0	0	0	0	0 	100	1	7296	0	50	10001	10002	10003	10004	10006	10007	0	0	0	0	
//	30014	마야탄환_20개	47712	0	0	0	4	99	9165	1	9155	3	9158	3	47712	40247	0	100	0	0	0	0	0	0	0	0	0	0	0	0	0	0	0	0 	100	1	7496	0	20	10001	10002	10003	10004	10006	10007	0	0	0	0	
//	30015	마야상자_1개	47375	0	0	0	4	99	9165	1	9155	3	9158	4	47375	40247	0	130	0	0	0	0	0	0	0	0	0	0	0	0	0	0	0	0 	100	1	49132	0	1	10001	10002	10003	10004	10006	10007	0	0	0	0	
//	명예메달150~130개																																																	
//	30016	파괴자의각성_1개	47630	0	0	0	4	99	9165	1	9155	4	9159	1	47630	40247	0	140	0	0	0	0	0	0	0	0	0	0	0	0	0	0	0	0 	100	1	6051	0	1	10001	10002	10003	10004	10006	10007	0	0	0	0	
//	30017	바람의노래_1개	47631	0	0	0	4	99	9165	1	9155	4	9159	2	47631	40247	0	140	0	0	0	0	0	0	0	0	0	0	0	0	0	0	0	0 	100	1	6052	0	1	10001	10002	10003	10004	10006	10007	0	0	0	0	
//	30018	용족의영광_1개	47632	0	0	0	4	99	9165	1	9155	4	9159	3	47632	40247	0	140	0	0	0	0	0	0	0	0	0	0	0	0	0	0	0	0 	100	1	6053	0	1	10001	10002	10003	10004	10006	10007	0	0	0	0	
//	30019	대자연의풍요_1개	47633	0	0	0	4	99	9165	1	9155	4	9159	4	47633	40247	0	140	0	0	0	0	0	0	0	0	0	0	0	0	0	0	0	0 	100	1	6054	0	1	10001	10002	10003	10004	10006	10007	0	0	0	0	
//	30020	어둠의심장_1개	47634	0	0	0	4	99	9165	1	9155	4	9159	5	47634	40247	0	140	0	0	0	0	0	0	0	0	0	0	0	0	0	0	0	0 	100	1	6055	0	1	10001	10002	10003	10004	10006	10007	0	0	0	0	
//	명예메달200~250개																																																	
//	30021	7차아바타스킨세트(B)	300691	0	0	0	4	99	9165	1	9155	5	9160	1	300691	40247	0	200	0	0	0	0	0	0	0	0	0	0	0	0	0	0	0	0 	100	1	48014	0	1	10001	10002	10003	10004	10006	10007	0	0	0	0	
//	30022	7차아바타스킨세트(D)	300692	0	0	0	4	99	9165	1	9155	5	9160	2	300692	40247	0	200	0	0	0	0	0	0	0	0	0	0	0	0	0	0	0	0 	100	1	48015	0	1	10001	10002	10003	10004	10006	10007	0	0	0	0	
//	30023	7차아바타스킨세트(V)	300693	0	0	0	4	99	9165	1	9155	5	9160	3	300693	40247	0	200	0	0	0	0	0	0	0	0	0	0	0	0	0	0	0	0 	100	1	48016	0	1	10001	10002	10003	10004	10006	10007	0	0	0	0	
//	30024	7차아바타스킨세트(E)	300694	0	0	0	4	99	9165	1	9155	5	9160	4	300694	40247	0	200	0	0	0	0	0	0	0	0	0	0	0	0	0	0	0	0 	100	1	48017	0	1	10001	10002	10003	10004	10006	10007	0	0	0	0	
//	30025	7차아바타스킨세트(S)	300695	0	0	0	4	99	9165	1	9155	5	9160	5	300695	40247	0	200	0	0	0	0	0	0	0	0	0	0	0	0	0	0	0	0	100	1	48018	0	1	10001	10002	10003	10004	10006	10007	0	0	0	0	
//	30026	수호의결정체_3개	47635	0	0	0	4	99	9165	1	9155	5	9160	6	47635	40247	0	250	0	0	0	0	0	0	0	0	0	0	0	0	0	0	0	0 	100	1	6056	0	3	10001	10002	10003	10004	10006	10007	0	0	0	0	
//	30027	정령석_2개	47628	0	0	0	4	99	9165	1	9155	5	9160	7	47628	40247	0	250	0	0	0	0	0	0	0	0	0	0	0	0	0	0	0	0 	100	1	6028	0	2	10001	10002	10003	10004	10006	10007	0	0	0	0	
//	30028	용사의반지_1개	45311	0	0	0	4	99	9165	1	9155	5	9160	8	45311	40247	0	250	0	0	0	0	0	0	0	0	0	0	0	0	0	0	0	0 	100	1	3117	0	1	10001	10002	10003	10004	10006	10007	0	0	0	0	
//	30029	몬트샤인고양이_1개	158232	0	0	0	4	99	9165	1	9155	5	9160	9	158232	40247	0	250	0	0	0	0	0	0	0	0	0	0	0	0	0	0	0	0	100	1	3410	0	1	10001	10002	10003	10004	10006	10007	0	0	0	0	
//99_2콜로세움 이벤트 (30101 ~ 30200)																																																		
//	콜로세움상품LV1																																																	
//	30101	회복물약LV4_10개	40124	0	0	0	4	99	9165	2	9268	1	9269	1	40124	6797	0	3	0	0	0	0	0	0	0	0	0	0	0	0	0	0	0	0 	100	1	4004	0	10	10001	10002	10003	10004	10006	10007	0	0	0	0	
//	30102	광폭의물약LV3_10개	40363	0	0	0	4	99	9165	2	9268	1	9269	2	40363	6797	0	3	0	0	0	0	0	0	0	0	0	0	0	0	0	0	0	0 	100	1	49003	0	10	10001	10002	10003	10004	10006	10007	0	0	0	0	
//	30103	질주의물약LV3_10개	40403	0	0	0	4	99	9165	2	9268	1	9269	3	40403	6797	0	3	0	0	0	0	0	0	0	0	0	0	0	0	0	0	0	0 	100	1	49023	0	10	10001	10002	10003	10004	10006	10007	0	0	0	0	
//	30104	각성의물약LV3_10개	40383	0	0	0	4	99	9165	2	9268	1	9269	4	40383	6797	0	3	0	0	0	0	0	0	0	0	0	0	0	0	0	0	0	0 	100	1	49013	0	10	10001	10002	10003	10004	10006	10007	0	0	0	0	
//	30105	행운의물약LV3_10개	40393	0	0	0	4	99	9165	2	9268	1	9269	5	40393	6797	0	3	0	0	0	0	0	0	0	0	0	0	0	0	0	0	0	0 	100	1	49018	0	10	10001	10002	10003	10004	10006	10007	0	0	0	0	
//	30106	필미스톤파편_10개	45001	0	0	0	4	99	9165	2	9268	1	9269	6	45001	6797	0	6	0	0	0	0	0	0	0	0	0	0	0	0	0	0	0	0 	100	1	6501	0	10	10001	10002	10003	10004	10006	10007	0	0	0	0	
//	30107	오버미스톤파편_10개	45002	0	0	0	4	99	9165	2	9268	1	9269	7	45002	6797	0	6	0	0	0	0	0	0	0	0	0	0	0	0	0	0	0	0 	100	1	6502	0	10	10001	10002	10003	10004	10006	10007	0	0	0	0	
//	30108	스트랭스미스톤파편_10개	45003	0	0	0	4	99	9165	2	9268	1	9269	8	45003	6797	0	6	0	0	0	0	0	0	0	0	0	0	0	0	0	0	0	0 	100	1	6503	0	10	10001	10002	10003	10004	10006	10007	0	0	0	0	
//	콜로세움상품LV2																																																	
//	30109	필미스톤_5개	40071	0	0	0	4	99	9165	2	9268	2	9270	1	40071	6797	0	20	0	0	0	0	0	0	0	0	0	0	0	0	0	0	0	0 	100	1	4201	0	5	10001	10002	10003	10004	10006	10007	0	0	0	0	
//	30110	오버미스톤_5개	40072	0	0	0	4	99	9165	2	9268	2	9270	2	40072	6797	0	20	0	0	0	0	0	0	0	0	0	0	0	0	0	0	0	0 	100	1	4202	0	5	10001	10002	10003	10004	10006	10007	0	0	0	0	
//	30111	스트랭스미스톤_5개	40073	0	0	0	4	99	9165	2	9268	2	9270	3	40073	6797	0	20	0	0	0	0	0	0	0	0	0	0	0	0	0	0	0	0 	100	1	4203	0	5	10001	10002	10003	10004	10006	10007	0	0	0	0	
//	30112	메가미스톤파편10개	45004	0	0	0	4	99	9165	2	9268	2	9270	4	45004	6797	0	20	0	0	0	0	0	0	0	0	0	0	0	0	0	0	0	0 	100	1	6504	0	10	10001	10002	10003	10004	10006	10007	0	0	0	0	
//	30113	금속탄환_5개	47176	0	0	0	4	99	9165	2	9268	2	9270	5	47176	6797	0	30	0	0	0	0	0	0	0	0	0	0	0	0	0	0	0	0 	100	1	7276	0	5	10001	10002	10003	10004	10006	10007	0	0	0	0	
//	콜로세움상품LV3																																																	
//	30114	금속탄환_15개	47176	0	0	0	4	99	9165	2	9268	3	9271	1	47176	6797	0	40	0	0	0	0	0	0	0	0	0	0	0	0	0	0	0	0 	100	1	7276	0	10	10001	10002	10003	10004	10006	10007	0	0	0	0	
//	30115	마야보석LV3_5개	45179	0	0	0	4	99	9165	2	9268	3	9271	2	45179	6797	0	50	0	0	0	0	0	0	0	0	0	0	0	0	0	0	0	0 	100	1	7247	0	5	10001	10002	10003	10004	10006	10007	0	0	0	0	
//	30116	마야금속LV3_5개	45183	0	0	0	4	99	9165	2	9268	3	9271	3	45183	6797	0	50	0	0	0	0	0	0	0	0	0	0	0	0	0	0	0	0 	100	1	7251	0	5	10001	10002	10003	10004	10006	10007	0	0	0	0	
//	30117	필너스의열쇠_1개	45230	0	0	0	4	99	9165	2	9268	3	9271	4	45230	6797	0	40	0	0	0	0	0	0	0	0	0	0	0	0	0	0	0	0 	100	1	6699	0	1	10001	10002	10003	10004	10006	10007	0	0	0	0	
//	30118	고급사료_30개	158109	0	0	0	4	99	9165	2	9268	3	9271	5	158109	6797	0	50	0	0	0	0	0	0	0	0	0	0	0	0	0	0	0	0 	100	1	3302	0	30	10001	10002	10003	10004	10006	10007	0	0	0	0	
//	콜로세움상품LV4																																																	
//	30119	금속탄환_30개	47176	0	0	0	4	99	9165	2	9268	4	9272	1	47176	6797	0	70	0	0	0	0	0	0	0	0	0	0	0	0	0	0	0	0 	100	1	7276	0	30	10001	10002	10003	10004	10006	10007	0	0	0	0	
//	30120	마야보석LV3_15개	45179	0	0	0	4	99	9165	2	9268	4	9272	2	45179	6797	0	70	0	0	0	0	0	0	0	0	0	0	0	0	0	0	0	0 	100	1	7247	0	15	10001	10002	10003	10004	10006	10007	0	0	0	0	
//	30121	마야금속LV3_15개	45183	0	0	0	4	99	9165	2	9268	4	9272	3	45183	6797	0	70	0	0	0	0	0	0	0	0	0	0	0	0	0	0	0	0 	100	1	7251	0	15	10001	10002	10003	10004	10006	10007	0	0	0	0	
//	30122	에테르탄환_10개	47177	0	0	0	4	99	9165	2	9268	4	9273	4	47177	6797	0	90	0	0	0	0	0	0	0	0	0	0	0	0	0	0	0	0 	100	1	7277	0	10	10001	10002	10003	10004	10006	10007	0	0	0	0	
//	콜로세움상품LV5																																																	
//	30123	에테르탄환_30개	47177	0	0	0	4	99	9165	2	9268	5	9273	1	47177	6797	0	150	0	0	0	0	0	0	0	0	0	0	0	0	0	0	0	0 	100	1	7277	0	30	10001	10002	10003	10004	10006	10007	0	0	0	0	
//	30124	에테르방출장치_1개	47175	0	0	0	4	99	9165	2	9268	5	9273	2	47175	6797	0	180	0	0	0	0	0	0	0	0	0	0	0	0	0	0	0	0 	100	1	7265	0	1	10001	10002	10003	10004	10006	10007	0	0	0	0	
//	30125	세인트버나드	158186	0	0	0	4	99	9165	2	9268	5	9273	3	158186	6797	0	200	0	0	0	0	0	0	0	0	0	0	0	0	0	0	0	0 	100	1	3215	0	1	10001	10002	10003	10004	10006	10007	0	0	0	0	
//	30126	투사의반지	45403	0	0	0	4	99	9165	2	9268	5	9273	4	45403	6797	0	250	0	0	0	0	0	0	0	0	0	0	0	0	0	0	0	0 	100	1	6802	0	1	10001	10002	10003	10004	10006	10007	0	0	0	0	
//	30127	도베르만	158185	0	0	0	4	99	9165	2	9268	5	9273	5	158185	6797	0	255	0	0	0	0	0	0	0	0	0	0	0	0	0	0	0	0 	100	1	3362	0	1	10001	10002	10003	10004	10006	10007	0	0	0	0	
//	콜로세움출전권																																																	
//	30128	콜로세움출전권LV1	45396	0	0	0	4	99	9165	2	9268	6	9280	1	45396	6956	0	10	0	0	0	0	0	0	0	0	0	0	0	0	0	0	0	0 	100	1	6798	0	1	10001	10002	10003	10004	10006	10007	0	0	0	0	
//	30129	콜로세움출전권LV2	45397	0	0	0	4	99	9165	2	9268	6	9280	2	45397	6956	0	20	0	0	0	0	0	0	0	0	0	0	0	0	0	0	0	0 	100	1	6799	0	1	10001	10002	10003	10004	10006	10007	0	0	0	0	
//	30130	콜로세움출전권LV3	45398	0	0	0	4	99	9165	2	9268	6	9280	3	45398	6956	0	30	0	0	0	0	0	0	0	0	0	0	0	0	0	0	0	0 	100	1	6800	0	1	10001	10002	10003	10004	10006	10007	0	0	0	0	
//	30131	콜로세움출전권LV4	45399	0	0	0	4	99	9165	2	9268	6	9280	4	45399	6956	0	40	0	0	0	0	0	0	0	0	0	0	0	0	0	0	0	0 	100	1	6801	0	1	10001	10002	10003	10004	10006	10007	0	0	0	0	
//	30132	콜로세움출전권LV5	46415	0	0	0	4	99	9165	2	9268	6	9280	5	46415	6956	0	50	0	0	0	0	0	0	0	0	0	0	0	0	0	0	0	0 	100	1	6825	0	1	10001	10002	10003	10004	10006	10007	0	0	0	0	
//99_3트럼프 이벤트 (30201 ~ 30300)																																																		
//	30201	Five_Card_Box(A)	40700	0	0	0	4	99	9165	3	40705	1	40706	1	40700	49577	0	1	49578	0	1	49579	0	1	49580	0	1	49581	0	1	0	0	0	0	100	1	49630	0	1	10001	10002	10003	10004	10006	10007	0	0	0	0	
//	30202	Five_Card_Box(7)	40700	0	0	0	4	99	9165	3	40705	1	40706	2	40700	49577	0	1	49602	0	1	49603	0	1	49604	0	1	49605	0	1	0	0	0	0	100	1	49630	0	1	10001	10002	10003	10004	10006	10007	0	0	0	0	
//	30203	Five_Card_Box(K)	40700	0	0	0	4	99	9165	3	40705	1	40706	3	40700	49577	0	1	49626	0	1	49627	0	1	49628	0	1	49629	0	1	0	0	0	0	100	1	49630	0	1	10001	10002	10003	10004	10006	10007	0	0	0	0	
//	30204	Royal_Straight_Flush_Box(Spade)	40701	0	0	0	4	99	9165	3	40705	2	40707	1	40701	49614	0	1	49618	0	1	49622	0	1	49626	0	1	49578	0	1	0	0	0	0	100	1	49631	0	1	10001	10002	10003	10004	10006	10007	0	0	0	0	
//	30205	Royal_Straight_Flush_Box(Hart)	40701	0	0	0	4	99	9165	3	40705	2	40707	2	40701	49615	0	1	49619	0	1	49623	0	1	49627	0	1	49579	0	1	0	0	0	0	100	1	49631	0	1	10001	10002	10003	10004	10006	10007	0	0	0	0	
//	30206	Royal_Straight_Flush_Box(Clover)	40701	0	0	0	4	99	9165	3	40705	2	40707	3	40701	49616	0	1	49620	0	1	49624	0	1	49628	0	1	49580	0	1	0	0	0	0	100	1	49631	0	1	10001	10002	10003	10004	10006	10007	0	0	0	0	
//	30207	Royal_Straight_Flush_Box(Diamond)	40701	0	0	0	4	99	9165	3	40705	2	40707	4	40701	49617	0	1	49621	0	1	49625	0	1	49629	0	1	49581	0	1	0	0	0	0	100	1	49631	0	1	10001	10002	10003	10004	10006	10007	0	0	0	0	
//	30208	Straight_Flush_Box(SpadeA)	40702	0	0	0	4	99	9165	3	40705	3	40708	1	40702	49578	0	1	49582	0	1	49586	0	1	49590	0	1	49594	0	1	0	0	0	0	100	1	49632	0	1	10001	10002	10003	10004	10006	10007	0	0	0	0	
//	30209	Straight_Flush_Box(Spade6)	40702	0	0	0	4	99	9165	3	40705	3	40708	2	40702	49598	0	1	49602	0	1	49606	0	1	49610	0	1	49614	0	1	0	0	0	0	100	1	49632	0	1	10001	10002	10003	10004	10006	10007	0	0	0	0	
//	30210	Straight_Flush_Box(HartA)	40702	0	0	0	4	99	9165	3	40705	3	40708	3	40702	49579	0	1	49583	0	1	49587	0	1	49591	0	1	49595	0	1	0	0	0	0	100	1	49632	0	1	10001	10002	10003	10004	10006	10007	0	0	0	0	
//	30211	Straight_Flush_Box(Hart6)	40702	0	0	0	4	99	9165	3	40705	3	40708	4	40702	49599	0	1	49603	0	1	49607	0	1	49611	0	1	49615	0	1	0	0	0	0	100	1	49632	0	1	10001	10002	10003	10004	10006	10007	0	0	0	0	
//	30212	Straight_Flush_Box(CloverA)	40702	0	0	0	4	99	9165	3	40705	3	40708	5	40702	49580	0	1	49584	0	1	49588	0	1	49592	0	1	49596	0	1	0	0	0	0	100	1	49632	0	1	10001	10002	10003	10004	10006	10007	0	0	0	0	
//	30213	Straight_Flush_Box(Clover6)	40702	0	0	0	4	99	9165	3	40705	3	40708	6	40702	49600	0	1	49604	0	1	49608	0	1	49612	0	1	49616	0	1	0	0	0	0	100	1	49632	0	1	10001	10002	10003	10004	10006	10007	0	0	0	0	
//	30214	Straight_Flush_Box(DiamondA)	40702	0	0	0	4	99	9165	3	40705	3	40708	7	40702	49581	0	1	49585	0	1	49589	0	1	49593	0	1	49597	0	1	0	0	0	0	100	1	49632	0	1	10001	10002	10003	10004	10006	10007	0	0	0	0	
//	30215	Straight_Flush_Box(Diamond6)	40702	0	0	0	4	99	9165	3	40705	3	40708	8	40702	49601	0	1	49605	0	1	49609	0	1	49613	0	1	49617	0	1	0	0	0	0	100	1	49632	0	1	10001	10002	10003	10004	10006	10007	0	0	0	0	
//	30216	Four_Card(3)	40703	0	0	0	4	99	9165	3	40705	4	40709	1	40703	49586	0	1	49587	0	1	49588	0	1	49589	0	1	0	0	0	0	0	0	0	100	1	49633	0	1	10001	10002	10003	10004	10006	10007	0	0	0	0	
//	30217	Four_Card(5)	40703	0	0	0	4	99	9165	3	40705	4	40709	2	40703	49594	0	1	49595	0	1	49596	0	1	49597	0	1	0	0	0	0	0	0	0	100	1	49633	0	1	10001	10002	10003	10004	10006	10007	0	0	0	0	
//	30218	Four_Card(8)	40703	0	0	0	4	99	9165	3	40705	4	40709	3	40703	49606	0	1	49607	0	1	49608	0	1	49609	0	1	0	0	0	0	0	0	0	100	1	49633	0	1	10001	10002	10003	10004	10006	10007	0	0	0	0	
//	30219	Three_Card(2-1)	40704	0	0	0	4	99	9165	3	40705	5	40710	1	40704	49582	0	1	49583	0	1	49584	0	1	0	0	0	0	0	0	0	0	0	0	100	1	49634	0	1	10001	10002	10003	10004	10006	10007	0	0	0	0	
//	30220	Three_Card(2-2)	40704	0	0	0	4	99	9165	3	40705	5	40710	2	40704	49582	0	1	49583	0	1	49585	0	1	0	0	0	0	0	0	0	0	0	0	100	1	49634	0	1	10001	10002	10003	10004	10006	10007	0	0	0	0	
//	30221	Three_Card(2-3)	40704	0	0	0	4	99	9165	3	40705	5	40710	3	40704	49582	0	1	49584	0	1	49585	0	1	0	0	0	0	0	0	0	0	0	0	100	1	49634	0	1	10001	10002	10003	10004	10006	10007	0	0	0	0	
//	30222	Three_Card(2-4)	40704	0	0	0	4	99	9165	3	40705	5	40710	4	40704	49583	0	1	49584	0	1	49585	0	1	0	0	0	0	0	0	0	0	0	0	100	1	49634	0	1	10001	10002	10003	10004	10006	10007	0	0	0	0	
//	30223	Three_Card(6-1)	40704	0	0	0	4	99	9165	3	40705	5	40710	5	40704	49598	0	1	49599	0	1	49600	0	1	0	0	0	0	0	0	0	0	0	0	100	1	49634	0	1	10001	10002	10003	10004	10006	10007	0	0	0	0	
//	30224	Three_Card(6-2)	40704	0	0	0	4	99	9165	3	40705	5	40710	6	40704	49598	0	1	49599	0	1	49601	0	1	0	0	0	0	0	0	0	0	0	0	100	1	49634	0	1	10001	10002	10003	10004	10006	10007	0	0	0	0	
//	30225	Three_Card(6-3)	40704	0	0	0	4	99	9165	3	40705	5	40710	7	40704	49598	0	1	49600	0	1	49601	0	1	0	0	0	0	0	0	0	0	0	0	100	1	49634	0	1	10001	10002	10003	10004	10006	10007	0	0	0	0	
//	30226	Three_Card(6-4)	40704	0	0	0	4	99	9165	3	40705	5	40710	8	40704	49599	0	1	49600	0	1	49601	0	1	0	0	0	0	0	0	0	0	0	0	100	1	49634	0	1	10001	10002	10003	10004	10006	10007	0	0	0	0	
//99_4 7월 회귀 이벤트 악세사리 영구로 변환(30301 ~ 30400)																																																		
//	30301	[전용-기간제]붉은_이카루스의날개_붉은조각	45711	0	0	0	3	99	9394	1	9395	1	45711	0	0	3438	0	1	7623	0	150	0	0	0	0	0	0	0	0	0	0	0	0	0 	100	1	3147	10000	1	10001	10002	10003	10004	10006	10007	0	0	0	0	
//	30302	[전용-기간제]붉은_페르세우스의날개_붉은조각	45712	0	0	0	3	99	9394	1	9395	2	45712	0	0	3439	0	1	7623	0	150	0	0	0	0	0	0	0	0	0	0	0	0	0 	100	1	3148	10000	1	10001	10002	10003	10004	10006	10007	0	0	0	0	
//	30303	[전용-기간제]붉은_프쉬케의날개_붉은조각	45713	0	0	0	3	99	9394	1	9395	3	45713	0	0	3440	0	1	7623	0	150	0	0	0	0	0	0	0	0	0	0	0	0	0 	100	1	3149	10000	1	10001	10002	10003	10004	10006	10007	0	0	0	0	
//	30304	[전용-기간제]붉은_큐피트의날개_붉은조각	45714	0	0	0	3	99	9394	1	9395	4	45714	0	0	3441	0	1	7623	0	150	0	0	0	0	0	0	0	0	0	0	0	0	0 	100	1	3150	10000	1	10001	10002	10003	10004	10006	10007	0	0	0	0	
//	30305	[전용-기간제]붉은_다이달루스의날개_붉은조각	45715	0	0	0	3	99	9394	1	9395	5	45715	0	0	3442	0	1	7623	0	150	0	0	0	0	0	0	0	0	0	0	0	0	0 	100	1	3151	10000	1	10001	10002	10003	10004	10006	10007	0	0	0	0	
//	30306	[전용-기간제]폭한의기간트암_붉은조각	45716	0	0	0	3	99	9394	2	9396	1	45716	0	0	3443	0	1	7623	0	150	0	0	0	0	0	0	0	0	0	0	0	0	0 	100	1	3118	10000	1	10001	10002	10003	10004	10006	10007	0	0	0	0	
//	30307	[전용-기간제]심연의드라고닉크로우_붉은조각	45717	0	0	0	3	99	9394	2	9396	2	45717	0	0	3444	0	1	7623	0	150	0	0	0	0	0	0	0	0	0	0	0	0	0 	100	1	3119	10000	1	10001	10002	10003	10004	10006	10007	0	0	0	0	
//	30308	[전용-기간제]통곡의헬론크래셔_붉은조각	45718	0	0	0	3	99	9394	2	9396	3	45718	0	0	3445	0	1	7623	0	150	0	0	0	0	0	0	0	0	0	0	0	0	0 	100	1	3120	10000	1	10001	10002	10003	10004	10006	10007	0	0	0	0	
//	30309	[전용-기간제]칠흑과파멸의엠펠러_붉은조각	45719	0	0	0	3	99	9394	2	9396	4	45719	0	0	3446	0	1	7623	0	150	0	0	0	0	0	0	0	0	0	0	0	0	0 	100	1	3121	10000	1	10001	10002	10003	10004	10006	10007	0	0	0	0	
//	30310	[전용-기간제]심판의팬텀실루엣_붉은조각	45720	0	0	0	3	99	9394	2	9396	5	45720	0	0	3447	0	1	7623	0	150	0	0	0	0	0	0	0	0	0	0	0	0	0 	100	1	3122	10000	1	10001	10002	10003	10004	10006	10007	0	0	0	0	
//	30311	이그드라실의한손검_보랏빛조각	9614	0	0	0	4	99	9165	1	9666	2	10075	1	9614	50060	0	1	7616	0	50	0	0	0	0	0	0	0	0	0	0	0	0	0 	100	1	50002	10000	1	10001	10002	10003	10004	10006	10007	0	0	0	0	
//	30312	이그드라실의창_보랏빛조각	9615	0	0	0	4	99	9165	1	9666	2	10075	2	9615	50061	0	1	7616	0	50	0	0	0	0	0	0	0	0	0	0	0	0	0 	100	1	50003	10000	1	10001	10002	10003	10004	10006	10007	0	0	0	0	
//	30313	아레스갑옷_보랏빛조각	9616	0	0	0	4	99	9165	1	9666	2	10075	3	9616	46587	0	1	7616	0	50	0	0	0	0	0	0	0	0	0	0	0	0	0 	100	1	51007	10000	1	10001	10002	10003	10004	10006	10007	0	0	0	0	
//	30314	아레스바지_보랏빛조각	9619	0	0	0	4	99	9165	1	9666	2	10075	4	9619	46590	0	1	7616	0	50	0	0	0	0	0	0	0	0	0	0	0	0	0 	100	1	51009	10000	1	10001	10002	10003	10004	10006	10007	0	0	0	0	
//	30315	아레스헬멧_보랏빛조각	9618	0	0	0	4	99	9165	1	9666	2	10075	5	9618	46589	0	1	7616	0	50	0	0	0	0	0	0	0	0	0	0	0	0	0 	100	1	51008	10000	1	10001	10002	10003	10004	10006	10007	0	0	0	0	
//	30316	아레스장갑_보랏빛조각	9621	0	0	0	4	99	9165	1	9666	2	10075	6	9621	46592	0	1	7616	0	50	0	0	0	0	0	0	0	0	0	0	0	0	0 	100	1	51011	10000	1	10001	10002	10003	10004	10006	10007	0	0	0	0	
//	30317	아레스부츠_보랏빛조각	9620	0	0	0	4	99	9165	1	9666	2	10075	7	9620	46591	0	1	7616	0	50	0	0	0	0	0	0	0	0	0	0	0	0	0 	100	1	51010	10000	1	10001	10002	10003	10004	10006	10007	0	0	0	0	
//	30318	아레스프로텍터_보랏빛조각	9617	0	0	0	4	99	9165	1	9666	2	10075	8	9617	46588	0	1	7616	0	50	0	0	0	0	0	0	0	0	0	0	0	0	0 	100	1	51029	10000	1	10001	10002	10003	10004	10006	10007	0	0	0	0	
//	30319	아레스벨트_보랏빛조각	9622	0	0	0	4	99	9165	1	9666	2	10075	9	9622	46593	0	1	7616	0	50	0	0	0	0	0	0	0	0	0	0	0	0	0 	100	1	51012	10000	1	10001	10002	10003	10004	10006	10007	0	0	0	0	
//	30320	아레스셔츠_보랏빛조각	9623	0	0	0	4	99	9165	1	9666	2	10075	10	9623	46594	0	1	7616	0	50	0	0	0	0	0	0	0	0	0	0	0	0	0 	100	1	51013	10000	1	10001	10002	10003	10004	10006	10007	0	0	0	0	
//	30331	네프티스의한손석궁_보랏빛조각	9634	0	0	0	4	99	9165	1	9666	3	10076	1	9634	50062	0	1	7616	0	50	0	0	0	0	0	0	0	0	0	0	0	0	0 	100	1	50004	10000	1	10001	10002	10003	10004	10006	10007	0	0	0	0	
//	30332	네프티스의에테르웨폰_보랏빛조각	9635	0	0	0	4	99	9165	1	9666	3	10076	2	9635	50063	0	1	7616	0	50	0	0	0	0	0	0	0	0	0	0	0	0	0 	100	1	50005	10000	1	10001	10002	10003	10004	10006	10007	0	0	0	0	
//	30333	니케갑옷_보랏빛조각	9636	0	0	0	4	99	9165	1	9666	3	10076	3	9636	46603	0	1	7616	0	50	0	0	0	0	0	0	0	0	0	0	0	0	0 	100	1	51021	10000	1	10001	10002	10003	10004	10006	10007	0	0	0	0	
//	30334	니케바지_보랏빛조각	9639	0	0	0	4	99	9165	1	9666	3	10076	4	9639	46606	0	1	7616	0	50	0	0	0	0	0	0	0	0	0	0	0	0	0 	100	1	51023	10000	1	10001	10002	10003	10004	10006	10007	0	0	0	0	
//	30335	니케헬멧_보랏빛조각	9638	0	0	0	4	99	9165	1	9666	3	10076	5	9638	46605	0	1	7616	0	50	0	0	0	0	0	0	0	0	0	0	0	0	0 	100	1	51022	10000	1	10001	10002	10003	10004	10006	10007	0	0	0	0	
//	30336	니케장갑_보랏빛조각	9641	0	0	0	4	99	9165	1	9666	3	10076	6	9641	46608	0	1	7616	0	50	0	0	0	0	0	0	0	0	0	0	0	0	0 	100	1	51025	10000	1	10001	10002	10003	10004	10006	10007	0	0	0	0	
//	30337	니케부츠_보랏빛조각	9640	0	0	0	4	99	9165	1	9666	3	10076	7	9640	46607	0	1	7616	0	50	0	0	0	0	0	0	0	0	0	0	0	0	0 	100	1	51024	10000	1	10001	10002	10003	10004	10006	10007	0	0	0	0	
//	30338	니케프로텍터_보랏빛조각	9637	0	0	0	4	99	9165	1	9666	3	10076	8	9637	46604	0	1	7616	0	50	0	0	0	0	0	0	0	0	0	0	0	0	0 	100	1	51031	10000	1	10001	10002	10003	10004	10006	10007	0	0	0	0	
//	30339	니케벨트_보랏빛조각	9642	0	0	0	4	99	9165	1	9666	3	10076	9	9642	46609	0	1	7616	0	50	0	0	0	0	0	0	0	0	0	0	0	0	0 	100	1	51026	10000	1	10001	10002	10003	10004	10006	10007	0	0	0	0	
//	30340	니케셔츠_보랏빛조각	9643	0	0	0	4	99	9165	1	9666	3	10076	10	9643	46610	0	1	7616	0	50	0	0	0	0	0	0	0	0	0	0	0	0	0 	100	1	51027	10000	1	10001	10002	10003	10004	10006	10007	0	0	0	0	
//	30341	클로리스의지팡이_보랏빛조각	9644	0	0	0	4	99	9165	1	9666	4	10077	1	9644	50064	0	1	7616	0	50	0	0	0	0	0	0	0	0	0	0	0	0	0 	100	1	50006	10000	1	10001	10002	10003	10004	10006	10007	0	0	0	0	
//	30342	클로리스의오브_보랏빛조각	9645	0	0	0	4	99	9165	1	9666	4	10077	2	9645	50065	0	1	7616	0	50	0	0	0	0	0	0	0	0	0	0	0	0	0 	100	1	50007	10000	1	10001	10002	10003	10004	10006	10007	0	0	0	0	
//	30343	아르테미스갑옷_보랏빛조각	9646	0	0	0	4	99	9165	1	9666	4	10077	3	9646	46611	0	1	7616	0	50	0	0	0	0	0	0	0	0	0	0	0	0	0 	100	1	51014	10000	1	10001	10002	10003	10004	10006	10007	0	0	0	0	
//	30344	아르테미스바지_보랏빛조각	9649	0	0	0	4	99	9165	1	9666	4	10077	4	9649	46614	0	1	7616	0	50	0	0	0	0	0	0	0	0	0	0	0	0	0 	100	1	51016	10000	1	10001	10002	10003	10004	10006	10007	0	0	0	0	
//	30345	아르테미스헬멧_보랏빛조각	9648	0	0	0	4	99	9165	1	9666	4	10077	5	9648	46613	0	1	7616	0	50	0	0	0	0	0	0	0	0	0	0	0	0	0 	100	1	51015	10000	1	10001	10002	10003	10004	10006	10007	0	0	0	0	
//	30346	아르테미스장갑_보랏빛조각	9651	0	0	0	4	99	9165	1	9666	4	10077	6	9651	46616	0	1	7616	0	50	0	0	0	0	0	0	0	0	0	0	0	0	0 	100	1	51018	10000	1	10001	10002	10003	10004	10006	10007	0	0	0	0	
//	30347	아르테미스부츠_보랏빛조각	9650	0	0	0	4	99	9165	1	9666	4	10077	7	9650	46615	0	1	7616	0	50	0	0	0	0	0	0	0	0	0	0	0	0	0 	100	1	51017	10000	1	10001	10002	10003	10004	10006	10007	0	0	0	0	
//	30348	아르테미스프로텍터_보랏빛조각	9647	0	0	0	4	99	9165	1	9666	4	10077	8	9647	46612	0	1	7616	0	50	0	0	0	0	0	0	0	0	0	0	0	0	0 	100	1	51030	10000	1	10001	10002	10003	10004	10006	10007	0	0	0	0	
//	30349	아르테미스벨트_보랏빛조각	9652	0	0	0	4	99	9165	1	9666	4	10077	9	9652	46617	0	1	7616	0	50	0	0	0	0	0	0	0	0	0	0	0	0	0 	100	1	51019	10000	1	10001	10002	10003	10004	10006	10007	0	0	0	0	
//	30350	아르테미스셔츠_보랏빛조각	9653	0	0	0	4	99	9165	1	9666	4	10077	10	9653	46618	0	1	7616	0	50	0	0	0	0	0	0	0	0	0	0	0	0	0 	100	1	51020	10000	1	10001	10002	10003	10004	10006	10007	0	0	0	0	
//	30321	야누비스의대거_보랏빛조각	9624	0	0	0	4	99	9165	1	9666	5	10078	1	9624	50066	0	1	7616	0	50	0	0	0	0	0	0	0	0	0	0	0	0	0 	100	1	50008	10000	1	10001	10002	10003	10004	10006	10007	0	0	0	0	
//	30322	야누비스의채찍검_보랏빛조각	9625	0	0	0	4	99	9165	1	9666	5	10078	2	9625	50067	0	1	7616	0	50	0	0	0	0	0	0	0	0	0	0	0	0	0 	100	1	50009	10000	1	10001	10002	10003	10004	10006	10007	0	0	0	0	
//	30323	헤르메스갑옷_보랏빛조각	9626	0	0	0	4	99	9165	1	9666	5	10078	3	9626	46595	0	1	7616	0	50	0	0	0	0	0	0	0	0	0	0	0	0	0 	100	1	51091	10000	1	10001	10002	10003	10004	10006	10007	0	0	0	0	
//	30324	헤르메스바지_보랏빛조각	9629	0	0	0	4	99	9165	1	9666	5	10078	4	9629	46598	0	1	7616	0	50	0	0	0	0	0	0	0	0	0	0	0	0	0 	100	1	51094	10000	1	10001	10002	10003	10004	10006	10007	0	0	0	0	
//	30325	헤르메스헬멧_보랏빛조각	9628	0	0	0	4	99	9165	1	9666	5	10078	5	9628	46597	0	1	7616	0	50	0	0	0	0	0	0	0	0	0	0	0	0	0 	100	1	51093	10000	1	10001	10002	10003	10004	10006	10007	0	0	0	0	
//	30326	헤르메스장갑_보랏빛조각	9631	0	0	0	4	99	9165	1	9666	5	10078	6	9631	46600	0	1	7616	0	50	0	0	0	0	0	0	0	0	0	0	0	0	0 	100	1	51096	10000	1	10001	10002	10003	10004	10006	10007	0	0	0	0	
//	30327	헤르메스부츠_보랏빛조각	9630	0	0	0	4	99	9165	1	9666	5	10078	7	9630	46599	0	1	7616	0	50	0	0	0	0	0	0	0	0	0	0	0	0	0 	100	1	51095	10000	1	10001	10002	10003	10004	10006	10007	0	0	0	0	
//	30328	헤르메스프로텍터_보랏빛조각	9627	0	0	0	4	99	9165	1	9666	5	10078	8	9627	46596	0	1	7616	0	50	0	0	0	0	0	0	0	0	0	0	0	0	0 	100	1	51092	10000	1	10001	10002	10003	10004	10006	10007	0	0	0	0	
//	30329	헤르메스벨트_보랏빛조각	9632	0	0	0	4	99	9165	1	9666	5	10078	9	9632	46601	0	1	7616	0	50	0	0	0	0	0	0	0	0	0	0	0	0	0 	100	1	51097	10000	1	10001	10002	10003	10004	10006	10007	0	0	0	0	
//	30330	헤르메스셔츠_보랏빛조각	9633	0	0	0	4	99	9165	1	9666	5	10078	10	9633	46602	0	1	7616	0	50	0	0	0	0	0	0	0	0	0	0	0	0	0 	100	1	51098	10000	1	10001	10002	10003	10004	10006	10007	0	0	0	0	
//	30351	헤카테건틀렛_보랏빛조각	9654	0	0	0	4	99	9165	1	9666	6	10002	1	9654	50090	0	1	7616	0	50	0	0	0	0	0	0	0	0	0	0	0	0	0 	100	1	50050	10000	1	10001	10002	10003	10004	10006	10007	0	0	0	0	
//	30352	헤카테에테르사이드_보랏빛조각	9655	0	0	0	4	99	9165	1	9666	6	10002	2	9655	50091	0	1	7616	0	50	0	0	0	0	0	0	0	0	0	0	0	0	0 	100	1	50051	10000	1	10001	10002	10003	10004	10006	10007	0	0	0	0	
//	30353	페르세포네갑옷_보랏빛조각	9656	0	0	0	4	99	9165	1	9666	6	10002	3	9656	46739	0	1	7616	0	50	0	0	0	0	0	0	0	0	0	0	0	0	0 	100	1	51359	10000	1	10001	10002	10003	10004	10006	10007	0	0	0	0	
//	30354	페르세포네바지_보랏빛조각	9659	0	0	0	4	99	9165	1	9666	6	10002	4	9659	46742	0	1	7616	0	50	0	0	0	0	0	0	0	0	0	0	0	0	0 	100	1	51362	10000	1	10001	10002	10003	10004	10006	10007	0	0	0	0	
//	30355	페르세포네헬멧_보랏빛조각	9658	0	0	0	4	99	9165	1	9666	6	10002	5	9658	46741	0	1	7616	0	50	0	0	0	0	0	0	0	0	0	0	0	0	0 	100	1	51361	10000	1	10001	10002	10003	10004	10006	10007	0	0	0	0	
//	30356	페르세포네장갑_보랏빛조각	9661	0	0	0	4	99	9165	1	9666	6	10002	6	9661	46744	0	1	7616	0	50	0	0	0	0	0	0	0	0	0	0	0	0	0 	100	1	51364	10000	1	10001	10002	10003	10004	10006	10007	0	0	0	0	
//	30357	페르세포네부츠_보랏빛조각	9660	0	0	0	4	99	9165	1	9666	6	10002	7	9660	46743	0	1	7616	0	50	0	0	0	0	0	0	0	0	0	0	0	0	0 	100	1	51363	10000	1	10001	10002	10003	10004	10006	10007	0	0	0	0	
//	30358	페르세포네프로텍터_보랏빛조각	9657	0	0	0	4	99	9165	1	9666	6	10002	8	9657	46740	0	1	7616	0	50	0	0	0	0	0	0	0	0	0	0	0	0	0 	100	1	51360	10000	1	10001	10002	10003	10004	10006	10007	0	0	0	0	
//	30359	페르세포네벨트_보랏빛조각	9662	0	0	0	4	99	9165	1	9666	6	10002	9	9662	46745	0	1	7616	0	50	0	0	0	0	0	0	0	0	0	0	0	0	0 	100	1	51365	10000	1	10001	10002	10003	10004	10006	10007	0	0	0	0	
//	30360	페르세포네셔츠_보랏빛조각	9663	0	0	0	4	99	9165	1	9666	6	10002	10	9663	46746	0	1	7616	0	50	0	0	0	0	0	0	0	0	0	0	0	0	0 	100	1	51366	10000	1	10001	10002	10003	10004	10006	10007	0	0	0	0	
//99_5 2014 회귀이벤트_엘리트1.5기간제장비_영구로변환 (30401 ~ 30500)																																																		
//	30401	파괴신니벨룽양손도끼_암흑조각	10604	0	0	0	4	99	9165	5	9668	1	10074	1	10604	50143	0	1	56361	0	50	0	0	0	0	0	0	0	0	0	0	0	0	0 	100	1	50156	10000	1	10001	10002	10003	10004	10006	10007	0	0	0	0	
//	30402	파괴신니벨룽양손검_암흑조각	10605	0	0	0	4	99	9165	5	9668	1	10074	2	10605	50144	0	1	56361	0	50	0	0	0	0	0	0	0	0	0	0	0	0	0 	100	1	50157	10000	1	10001	10002	10003	10004	10006	10007	0	0	0	0	
//	30403	파괴신아폴로갑옷_암흑조각	10606	0	0	0	4	99	9165	5	9668	1	10074	3	10606	46789	0	1	56361	0	50	0	0	0	0	0	0	0	0	0	0	0	0	0 	100	1	46845	10000	1	10001	10002	10003	10004	10006	10007	0	0	0	0	
//	30404	파괴신아폴로프로텍터_암흑조각	10607	0	0	0	4	99	9165	5	9668	1	10074	4	10607	46790	0	1	56361	0	50	0	0	0	0	0	0	0	0	0	0	0	0	0 	100	1	46846	10000	1	10001	10002	10003	10004	10006	10007	0	0	0	0	
//	30405	파괴신아폴로헬멧_암흑조각	10608	0	0	0	4	99	9165	5	9668	1	10074	5	10608	46791	0	1	56361	0	50	0	0	0	0	0	0	0	0	0	0	0	0	0 	100	1	46847	10000	1	10001	10002	10003	10004	10006	10007	0	0	0	0	
//	30406	파괴신아폴로바지_암흑조각	10609	0	0	0	4	99	9165	5	9668	1	10074	6	10609	46792	0	1	56361	0	50	0	0	0	0	0	0	0	0	0	0	0	0	0 	100	1	46848	10000	1	10001	10002	10003	10004	10006	10007	0	0	0	0	
//	30407	파괴신아폴로부츠_암흑조각	10610	0	0	0	4	99	9165	5	9668	1	10074	7	10610	46793	0	1	56361	0	50	0	0	0	0	0	0	0	0	0	0	0	0	0 	100	1	46849	10000	1	10001	10002	10003	10004	10006	10007	0	0	0	0	
//	30408	파괴신아폴로장갑_암흑조각	10611	0	0	0	4	99	9165	5	9668	1	10074	8	10611	46794	0	1	56361	0	50	0	0	0	0	0	0	0	0	0	0	0	0	0 	100	1	46850	10000	1	10001	10002	10003	10004	10006	10007	0	0	0	0	
//	30409	파괴신아폴로벨트_암흑조각	10612	0	0	0	4	99	9165	5	9668	1	10074	9	10612	46795	0	1	56361	0	50	0	0	0	0	0	0	0	0	0	0	0	0	0 	100	1	46851	10000	1	10001	10002	10003	10004	10006	10007	0	0	0	0	
//	30410	파괴신아폴로셔츠_암흑조각	10613	0	0	0	4	99	9165	5	9668	1	10074	10	10613	46796	0	1	56361	0	50	0	0	0	0	0	0	0	0	0	0	0	0	0 	100	1	46852	10000	1	10001	10002	10003	10004	10006	10007	0	0	0	0	
//	30411	저주의이그드라실한손검_암흑조각	10614	0	0	0	4	99	9165	5	9668	2	10075	1	10614	50145	0	1	56361	0	50	0	0	0	0	0	0	0	0	0	0	0	0	0 	100	1	50158	10000	1	10001	10002	10003	10004	10006	10007	0	0	0	0	
//	30412	저주의이그드라실창_암흑조각	10615	0	0	0	4	99	9165	5	9668	2	10075	2	10615	50146	0	1	56361	0	50	0	0	0	0	0	0	0	0	0	0	0	0	0 	100	1	50159	10000	1	10001	10002	10003	10004	10006	10007	0	0	0	0	
//	30413	저주의아레스갑옷_암흑조각	10616	0	0	0	4	99	9165	5	9668	2	10075	3	10616	46797	0	1	56361	0	50	0	0	0	0	0	0	0	0	0	0	0	0	0 	100	1	46853	10000	1	10001	10002	10003	10004	10006	10007	0	0	0	0	
//	30414	저주의아레스프로텍터_암흑조각	10617	0	0	0	4	99	9165	5	9668	2	10075	4	10617	46798	0	1	56361	0	50	0	0	0	0	0	0	0	0	0	0	0	0	0 	100	1	46854	10000	1	10001	10002	10003	10004	10006	10007	0	0	0	0	
//	30415	저주의아레스헬멧_암흑조각	10618	0	0	0	4	99	9165	5	9668	2	10075	5	10618	46799	0	1	56361	0	50	0	0	0	0	0	0	0	0	0	0	0	0	0 	100	1	46855	10000	1	10001	10002	10003	10004	10006	10007	0	0	0	0	
//	30416	저주의아레스바지_암흑조각	10619	0	0	0	4	99	9165	5	9668	2	10075	6	10619	46800	0	1	56361	0	50	0	0	0	0	0	0	0	0	0	0	0	0	0 	100	1	46856	10000	1	10001	10002	10003	10004	10006	10007	0	0	0	0	
//	30417	저주의아레스부츠_암흑조각	10620	0	0	0	4	99	9165	5	9668	2	10075	7	10620	46801	0	1	56361	0	50	0	0	0	0	0	0	0	0	0	0	0	0	0 	100	1	46857	10000	1	10001	10002	10003	10004	10006	10007	0	0	0	0	
//	30418	저주의아레스장갑_암흑조각	10621	0	0	0	4	99	9165	5	9668	2	10075	8	10621	46802	0	1	56361	0	50	0	0	0	0	0	0	0	0	0	0	0	0	0 	100	1	46858	10000	1	10001	10002	10003	10004	10006	10007	0	0	0	0	
//	30419	저주의아레스벨트_암흑조각	10622	0	0	0	4	99	9165	5	9668	2	10075	9	10622	46803	0	1	56361	0	50	0	0	0	0	0	0	0	0	0	0	0	0	0 	100	1	46859	10000	1	10001	10002	10003	10004	10006	10007	0	0	0	0	
//	30420	저주의아레스셔츠_암흑조각	10623	0	0	0	4	99	9165	5	9668	2	10075	10	10623	46804	0	1	56361	0	50	0	0	0	0	0	0	0	0	0	0	0	0	0 	100	1	46860	10000	1	10001	10002	10003	10004	10006	10007	0	0	0	0	
//	30421	타락한네프티스의한손석궁_암흑조각	10624	0	0	0	4	99	9165	5	9668	3	10076	1	10624	50147	0	1	56361	0	50	0	0	0	0	0	0	0	0	0	0	0	0	0 	100	1	50160	10000	1	10001	10002	10003	10004	10006	10007	0	0	0	0	
//	30422	타락한네프티스의에테르웨폰_암흑조각	10625	0	0	0	4	99	9165	5	9668	3	10076	2	10625	50148	0	1	56361	0	50	0	0	0	0	0	0	0	0	0	0	0	0	0 	100	1	50161	10000	1	10001	10002	10003	10004	10006	10007	0	0	0	0	
//	30423	타락한니케갑옷_암흑조각	10626	0	0	0	4	99	9165	5	9668	3	10076	3	10626	46813	0	1	56361	0	50	0	0	0	0	0	0	0	0	0	0	0	0	0 	100	1	46869	10000	1	10001	10002	10003	10004	10006	10007	0	0	0	0	
//	30424	타락한니케프로텍터_암흑조각	10627	0	0	0	4	99	9165	5	9668	3	10076	4	10627	46814	0	1	56361	0	50	0	0	0	0	0	0	0	0	0	0	0	0	0 	100	1	46870	10000	1	10001	10002	10003	10004	10006	10007	0	0	0	0	
//	30425	타락한니케헬멧_암흑조각	10628	0	0	0	4	99	9165	5	9668	3	10076	5	10628	46815	0	1	56361	0	50	0	0	0	0	0	0	0	0	0	0	0	0	0 	100	1	46871	10000	1	10001	10002	10003	10004	10006	10007	0	0	0	0	
//	30426	타락한니케바지_암흑조각	10629	0	0	0	4	99	9165	5	9668	3	10076	6	10629	46816	0	1	56361	0	50	0	0	0	0	0	0	0	0	0	0	0	0	0 	100	1	46872	10000	1	10001	10002	10003	10004	10006	10007	0	0	0	0	
//	30427	타락한니케부츠_암흑조각	10630	0	0	0	4	99	9165	5	9668	3	10076	7	10630	46817	0	1	56361	0	50	0	0	0	0	0	0	0	0	0	0	0	0	0 	100	1	46873	10000	1	10001	10002	10003	10004	10006	10007	0	0	0	0	
//	30428	타락한니케장갑_암흑조각	10631	0	0	0	4	99	9165	5	9668	3	10076	8	10631	46818	0	1	56361	0	50	0	0	0	0	0	0	0	0	0	0	0	0	0 	100	1	46874	10000	1	10001	10002	10003	10004	10006	10007	0	0	0	0	
//	30429	타락한니케벨트_암흑조각	10632	0	0	0	4	99	9165	5	9668	3	10076	9	10632	46819	0	1	56361	0	50	0	0	0	0	0	0	0	0	0	0	0	0	0 	100	1	46875	10000	1	10001	10002	10003	10004	10006	10007	0	0	0	0	
//	30430	타락한니케셔츠_암흑조각	10633	0	0	0	4	99	9165	5	9668	3	10076	10	10633	46820	0	1	56361	0	50	0	0	0	0	0	0	0	0	0	0	0	0	0 	100	1	46876	10000	1	10001	10002	10003	10004	10006	10007	0	0	0	0	
//	30431	죽음의클로리스의지팡이_암흑조각	10634	0	0	0	4	99	9165	5	9668	4	10077	1	10634	50149	0	1	56361	0	50	0	0	0	0	0	0	0	0	0	0	0	0	0 	100	1	50162	10000	1	10001	10002	10003	10004	10006	10007	0	0	0	0	
//	30432	죽음의클로리스의오브_암흑조각	10635	0	0	0	4	99	9165	5	9668	4	10077	2	10635	50150	0	1	56361	0	50	0	0	0	0	0	0	0	0	0	0	0	0	0 	100	1	50163	10000	1	10001	10002	10003	10004	10006	10007	0	0	0	0	
//	30433	죽음의아르테미스갑옷_암흑조각	10636	0	0	0	4	99	9165	5	9668	4	10077	3	10636	46821	0	1	56361	0	50	0	0	0	0	0	0	0	0	0	0	0	0	0 	100	1	46877	10000	1	10001	10002	10003	10004	10006	10007	0	0	0	0	
//	30434	죽음의아르테미스프로텍터_암흑조각	10637	0	0	0	4	99	9165	5	9668	4	10077	4	10637	46822	0	1	56361	0	50	0	0	0	0	0	0	0	0	0	0	0	0	0 	100	1	46878	10000	1	10001	10002	10003	10004	10006	10007	0	0	0	0	
//	30435	죽음의아르테미스헬멧_암흑조각	10638	0	0	0	4	99	9165	5	9668	4	10077	5	10638	46823	0	1	56361	0	50	0	0	0	0	0	0	0	0	0	0	0	0	0 	100	1	46879	10000	1	10001	10002	10003	10004	10006	10007	0	0	0	0	
//	30436	죽음의아르테미스바지_암흑조각	10639	0	0	0	4	99	9165	5	9668	4	10077	6	10639	46824	0	1	56361	0	50	0	0	0	0	0	0	0	0	0	0	0	0	0 	100	1	46880	10000	1	10001	10002	10003	10004	10006	10007	0	0	0	0	
//	30437	죽음의아르테미스부츠_암흑조각	10640	0	0	0	4	99	9165	5	9668	4	10077	7	10640	46825	0	1	56361	0	50	0	0	0	0	0	0	0	0	0	0	0	0	0 	100	1	46881	10000	1	10001	10002	10003	10004	10006	10007	0	0	0	0	
//	30438	죽음의아르테미스장갑_암흑조각	10641	0	0	0	4	99	9165	5	9668	4	10077	8	10641	46826	0	1	56361	0	50	0	0	0	0	0	0	0	0	0	0	0	0	0 	100	1	46882	10000	1	10001	10002	10003	10004	10006	10007	0	0	0	0	
//	30439	죽음의아르테미스벨트_암흑조각	10642	0	0	0	4	99	9165	5	9668	4	10077	9	10642	46827	0	1	56361	0	50	0	0	0	0	0	0	0	0	0	0	0	0	0 	100	1	46883	10000	1	10001	10002	10003	10004	10006	10007	0	0	0	0	
//	30440	죽음의아르테미스셔츠_암흑조각	10643	0	0	0	4	99	9165	5	9668	4	10077	10	10643	46828	0	1	56361	0	50	0	0	0	0	0	0	0	0	0	0	0	0	0 	100	1	46884	10000	1	10001	10002	10003	10004	10006	10007	0	0	0	0	
//	30441	탐욕의야누비스대거_암흑조각	10644	0	0	0	4	99	9165	5	9668	5	10078	1	10644	50151	0	1	56361	0	50	0	0	0	0	0	0	0	0	0	0	0	0	0 	100	1	50164	10000	1	10001	10002	10003	10004	10006	10007	0	0	0	0	
//	30442	탐욕의야누비스채찍검_암흑조각	10645	0	0	0	4	99	9165	5	9668	5	10078	2	10645	50152	0	1	56361	0	50	0	0	0	0	0	0	0	0	0	0	0	0	0 	100	1	50165	10000	1	10001	10002	10003	10004	10006	10007	0	0	0	0	
//	30443	탐욕의헤르메스갑옷_암흑조각	10646	0	0	0	4	99	9165	5	9668	5	10078	3	10646	46805	0	1	56361	0	50	0	0	0	0	0	0	0	0	0	0	0	0	0 	100	1	46861	10000	1	10001	10002	10003	10004	10006	10007	0	0	0	0	
//	30444	탐욕의헤르메스프로텍터_암흑조각	10647	0	0	0	4	99	9165	5	9668	5	10078	4	10647	46806	0	1	56361	0	50	0	0	0	0	0	0	0	0	0	0	0	0	0 	100	1	46862	10000	1	10001	10002	10003	10004	10006	10007	0	0	0	0	
//	30445	탐욕의헤르메스헬멧_암흑조각	10648	0	0	0	4	99	9165	5	9668	5	10078	5	10648	46807	0	1	56361	0	50	0	0	0	0	0	0	0	0	0	0	0	0	0 	100	1	46863	10000	1	10001	10002	10003	10004	10006	10007	0	0	0	0	
//	30446	탐욕의헤르메스바지_암흑조각	10649	0	0	0	4	99	9165	5	9668	5	10078	6	10649	46808	0	1	56361	0	50	0	0	0	0	0	0	0	0	0	0	0	0	0 	100	1	46864	10000	1	10001	10002	10003	10004	10006	10007	0	0	0	0	
//	30447	탐욕의헤르메스부츠_암흑조각	10650	0	0	0	4	99	9165	5	9668	5	10078	7	10650	46809	0	1	56361	0	50	0	0	0	0	0	0	0	0	0	0	0	0	0 	100	1	46865	10000	1	10001	10002	10003	10004	10006	10007	0	0	0	0	
//	30448	탐욕의헤르메스장갑_암흑조각	10651	0	0	0	4	99	9165	5	9668	5	10078	8	10651	46810	0	1	56361	0	50	0	0	0	0	0	0	0	0	0	0	0	0	0 	100	1	46866	10000	1	10001	10002	10003	10004	10006	10007	0	0	0	0	
//	30449	탐욕의헤르메스벨트_암흑조각	10652	0	0	0	4	99	9165	5	9668	5	10078	9	10652	46811	0	1	56361	0	50	0	0	0	0	0	0	0	0	0	0	0	0	0 	100	1	46867	10000	1	10001	10002	10003	10004	10006	10007	0	0	0	0	
//	30450	탐욕의헤르메스셔츠_암흑조각	10653	0	0	0	4	99	9165	5	9668	5	10078	10	10653	46812	0	1	56361	0	50	0	0	0	0	0	0	0	0	0	0	0	0	0 	100	1	46868	10000	1	10001	10002	10003	10004	10006	10007	0	0	0	0	
//	30451	증오의헤카테건틀렛_암흑조각	10654	0	0	0	4	99	9165	5	9668	6	10002	1	10654	50153	0	1	56361	0	50	0	0	0	0	0	0	0	0	0	0	0	0	0 	100	1	50166	10000	1	10001	10002	10003	10004	10006	10007	0	0	0	0	
//	30452	증오의헤카테에테르사이드_암흑조각	10655	0	0	0	4	99	9165	5	9668	6	10002	2	10655	50154	0	1	56361	0	50	0	0	0	0	0	0	0	0	0	0	0	0	0 	100	1	50167	10000	1	10001	10002	10003	10004	10006	10007	0	0	0	0	
//	30453	증오의페르세포네갑옷_암흑조각	10656	0	0	0	4	99	9165	5	9668	6	10002	3	10656	46829	0	1	56361	0	50	0	0	0	0	0	0	0	0	0	0	0	0	0 	100	1	46885	10000	1	10001	10002	10003	10004	10006	10007	0	0	0	0	
//	30454	증오의페르세포네프로텍터_암흑조각	10657	0	0	0	4	99	9165	5	9668	6	10002	4	10657	46830	0	1	56361	0	50	0	0	0	0	0	0	0	0	0	0	0	0	0 	100	1	46886	10000	1	10001	10002	10003	10004	10006	10007	0	0	0	0	
//	30455	증오의페르세포네헬멧_암흑조각	10658	0	0	0	4	99	9165	5	9668	6	10002	5	10658	46831	0	1	56361	0	50	0	0	0	0	0	0	0	0	0	0	0	0	0 	100	1	46887	10000	1	10001	10002	10003	10004	10006	10007	0	0	0	0	
//	30456	증오의페르세포네바지_암흑조각	10659	0	0	0	4	99	9165	5	9668	6	10002	6	10659	46832	0	1	56361	0	50	0	0	0	0	0	0	0	0	0	0	0	0	0 	100	1	46888	10000	1	10001	10002	10003	10004	10006	10007	0	0	0	0	
//	30457	증오의페르세포네부츠_암흑조각	10660	0	0	0	4	99	9165	5	9668	6	10002	7	10660	46833	0	1	56361	0	50	0	0	0	0	0	0	0	0	0	0	0	0	0 	100	1	46889	10000	1	10001	10002	10003	10004	10006	10007	0	0	0	0	
//	30458	증오의페르세포네장갑_암흑조각	10661	0	0	0	4	99	9165	5	9668	6	10002	8	10661	46834	0	1	56361	0	50	0	0	0	0	0	0	0	0	0	0	0	0	0 	100	1	46890	10000	1	10001	10002	10003	10004	10006	10007	0	0	0	0	
//	30459	증오의페르세포네벨트_암흑조각	10662	0	0	0	4	99	9165	5	9668	6	10002	9	10662	46835	0	1	56361	0	50	0	0	0	0	0	0	0	0	0	0	0	0	0 	100	1	46891	10000	1	10001	10002	10003	10004	10006	10007	0	0	0	0	
//	30460	증오의페르세포네셔츠_암흑조각	10663	0	0	0	4	99	9165	5	9668	6	10002	10	10663	46836	0	1	56361	0	50	0	0	0	0	0	0	0	0	0	0	0	0	0 	100	1	46892	10000	1	10001	10002	10003	10004	10006	10007	0	0	0	0	
//99_6 2014 1402업데이트기념_강화이벤트_불안정한결정체>불안정한무기교환(84061 ~ 84073)																																																		
//	30461	불안정한_메르카바의_양손도끼_불안정한결정체	9397	0	0	0	4	99	9752	1	9753	1	10074	1	9397	7636	0	30	0	0	0	0	0	0	0	0	0	0	0	0	0	0	0	0 	100	1	50169	10000	1	10001	10002	10003	10004	10006	10007	0	0	0	0	
//	30462	불안정한_메르카바의_양손검_불안정한결정체	9398	0	0	0	4	99	9752	1	9753	1	10074	2	9398	7636	0	30	0	0	0	0	0	0	0	0	0	0	0	0	0	0	0	0 	100	1	50170	10000	1	10001	10002	10003	10004	10006	10007	0	0	0	0	
//	30463	불안정한_이슈타르의_한손검_불안정한결정체	9399	0	0	0	4	99	9752	1	9753	2	10075	1	9399	7636	0	30	0	0	0	0	0	0	0	0	0	0	0	0	0	0	0	0 	100	1	50171	10000	1	10001	10002	10003	10004	10006	10007	0	0	0	0	
//	30464	불안정한_이슈타르의_창_불안정한결정체	9400	0	0	0	4	99	9752	1	9753	2	10075	2	9400	7636	0	30	0	0	0	0	0	0	0	0	0	0	0	0	0	0	0	0 	100	1	50172	10000	1	10001	10002	10003	10004	10006	10007	0	0	0	0	
//	30465	불안정한_카르시스의_한손석궁_불안정한결정체	9568	0	0	0	4	99	9752	1	9753	3	10076	1	9568	7636	0	30	0	0	0	0	0	0	0	0	0	0	0	0	0	0	0	0 	100	1	50173	10000	1	10001	10002	10003	10004	10006	10007	0	0	0	0	
//	30466	불안정한_카르시스의_에테르웨폰_불안정한결정체	9569	0	0	0	4	99	9752	1	9753	3	10076	2	9569	7636	0	30	0	0	0	0	0	0	0	0	0	0	0	0	0	0	0	0 	100	1	50174	10000	1	10001	10002	10003	10004	10006	10007	0	0	0	0	
//	30467	불안정한_마라크의_지팡이_불안정한결정체	9588	0	0	0	4	99	9752	1	9753	4	10077	1	9588	7636	0	30	0	0	0	0	0	0	0	0	0	0	0	0	0	0	0	0 	100	1	50175	10000	1	10001	10002	10003	10004	10006	10007	0	0	0	0	
//	30468	불안정한_마라크의_오브_불안정한결정체	9589	0	0	0	4	99	9752	1	9753	4	10077	2	9589	7636	0	30	0	0	0	0	0	0	0	0	0	0	0	0	0	0	0	0 	100	1	50176	10000	1	10001	10002	10003	10004	10006	10007	0	0	0	0	
//	30469	불안정한_지브릴의_대거_불안정한결정체	9669	0	0	0	4	99	9752	1	9753	5	10078	1	9669	7636	0	30	0	0	0	0	0	0	0	0	0	0	0	0	0	0	0	0 	100	1	50177	10000	1	10001	10002	10003	10004	10006	10007	0	0	0	0	
//	30470	불안정한_지브릴의_채찍검_불안정한결정체	9670	0	0	0	4	99	9752	1	9753	5	10078	2	9670	7636	0	30	0	0	0	0	0	0	0	0	0	0	0	0	0	0	0	0 	100	1	50178	10000	1	10001	10002	10003	10004	10006	10007	0	0	0	0	
//	30471	불안정한_핀디아스의_건틀렛_불안정한결정체	9671	0	0	0	4	99	9752	1	9753	6	10002	1	9671	7636	0	30	0	0	0	0	0	0	0	0	0	0	0	0	0	0	0	0 	100	1	50179	10000	1	10001	10002	10003	10004	10006	10007	0	0	0	0	
//	30472	불안정한_핀디아스의_에테르사이드_불안정한결정체	9672	0	0	0	4	99	9752	1	9753	6	10002	2	9672	7636	0	30	0	0	0	0	0	0	0	0	0	0	0	0	0	0	0	0 	100	1	50180	10000	1	10001	10002	10003	10004	10006	10007	0	0	0	0	
//	30473	불안정한_마르두크의_에테르블래스터_불안정한결정체	9673	0	0	0	4	99	9752	1	9753	7	10006	1	9673	7636	0	30	0	0	0	0	0	0	0	0	0	0	0	0	0	0	0	0 	100	1	50181	10000	1	10001	10002	10003	10004	10006	10007	0	0	0	0	
//99_6 2014 1402업데이트기념_강화이벤트_불안정한무기>강화이벤트보상상자(84074 ~ )																																																		
//	30474	불안정한_메르카바의_양손도끼_보상상자+15	9674	0	0	0	4	99	9752	2	9754	1	10074	1	9674	50169	10015	1	0	0	0	0	0	0	0	0	0	0	0	0	0	0	0	0 	100	1	7637	10000	1	10001	10002	10003	10004	10006	10007	0	0	0	0	
//	30475	불안정한_메르카바의_양손검_보상상자+15	9675	0	0	0	4	99	9752	2	9754	1	10074	2	9675	50170	10015	1	0	0	0	0	0	0	0	0	0	0	0	0	0	0	0	0 	100	1	7638	10000	1	10001	10002	10003	10004	10006	10007	0	0	0	0	
//	30476	불안정한_메르카바의_양손도끼_보상상자+9	9687	0	0	0	4	99	9752	2	9754	1	10074	3	9687	50169	10009	1	0	0	0	0	0	0	0	0	0	0	0	0	0	0	0	0 	100	1	7650	10000	1	10001	10002	10003	10004	10006	10007	0	0	0	0	
//	30477	불안정한_메르카바의_양손검_보상상자+9	9688	0	0	0	4	99	9752	2	9754	1	10074	4	9688	50170	10009	1	0	0	0	0	0	0	0	0	0	0	0	0	0	0	0	0 	100	1	7651	10000	1	10001	10002	10003	10004	10006	10007	0	0	0	0	
//	30478	불안정한_이슈타르의_한손검_보상상자+15	9676	0	0	0	4	99	9752	2	9754	2	10075	1	9676	50171	10015	1	0	0	0	0	0	0	0	0	0	0	0	0	0	0	0	0 	100	1	7639	10000	1	10001	10002	10003	10004	10006	10007	0	0	0	0	
//	30479	불안정한_이슈타르의_창_보상상자+15	9677	0	0	0	4	99	9752	2	9754	2	10075	2	9677	50172	10015	1	0	0	0	0	0	0	0	0	0	0	0	0	0	0	0	0 	100	1	7640	10000	1	10001	10002	10003	10004	10006	10007	0	0	0	0	
//	30480	불안정한_이슈타르의_한손검_보상상자+9	9689	0	0	0	4	99	9752	2	9754	2	10075	3	9689	50171	10009	1	0	0	0	0	0	0	0	0	0	0	0	0	0	0	0	0 	100	1	7652	10000	1	10001	10002	10003	10004	10006	10007	0	0	0	0	
//	30481	불안정한_이슈타르의_창_보상상자+9	9690	0	0	0	4	99	9752	2	9754	2	10075	4	9690	50172	10009	1	0	0	0	0	0	0	0	0	0	0	0	0	0	0	0	0 	100	1	7653	10000	1	10001	10002	10003	10004	10006	10007	0	0	0	0	
//	30482	불안정한_카르시스의_한손석궁_보상상자+15	9678	0	0	0	4	99	9752	2	9754	3	10076	1	9678	50173	10015	1	0	0	0	0	0	0	0	0	0	0	0	0	0	0	0	0 	100	1	7641	10000	1	10001	10002	10003	10004	10006	10007	0	0	0	0	
//	30483	불안정한_카르시스의_에테르웨폰_보상상자+15	9679	0	0	0	4	99	9752	2	9754	3	10076	2	9679	50174	10015	1	0	0	0	0	0	0	0	0	0	0	0	0	0	0	0	0 	100	1	7642	10000	1	10001	10002	10003	10004	10006	10007	0	0	0	0	
//	30484	불안정한_카르시스의_한손석궁_보상상자+9	9691	0	0	0	4	99	9752	2	9754	3	10076	3	9691	50173	10009	1	0	0	0	0	0	0	0	0	0	0	0	0	0	0	0	0 	100	1	7654	10000	1	10001	10002	10003	10004	10006	10007	0	0	0	0	
//	30485	불안정한_카르시스의_에테르웨폰_보상상자+9	9692	0	0	0	4	99	9752	2	9754	3	10076	4	9692	50174	10009	1	0	0	0	0	0	0	0	0	0	0	0	0	0	0	0	0 	100	1	7655	10000	1	10001	10002	10003	10004	10006	10007	0	0	0	0	
//	30486	불안정한_마라크의_지팡이_보상상자+15	9680	0	0	0	4	99	9752	2	9754	4	10077	1	9680	50175	10015	1	0	0	0	0	0	0	0	0	0	0	0	0	0	0	0	0 	100	1	7643	10000	1	10001	10002	10003	10004	10006	10007	0	0	0	0	
//	30487	불안정한_마라크의_오브_보상상자+15	9681	0	0	0	4	99	9752	2	9754	4	10077	2	9681	50176	10015	1	0	0	0	0	0	0	0	0	0	0	0	0	0	0	0	0 	100	1	7644	10000	1	10001	10002	10003	10004	10006	10007	0	0	0	0	
//	30488	불안정한_마라크의_지팡이_보상상자+9	9693	0	0	0	4	99	9752	2	9754	4	10077	3	9693	50175	10009	1	0	0	0	0	0	0	0	0	0	0	0	0	0	0	0	0 	100	1	7656	10000	1	10001	10002	10003	10004	10006	10007	0	0	0	0	
//	30489	불안정한_마라크의_오브_보상상자+9	9694	0	0	0	4	99	9752	2	9754	4	10077	4	9694	50176	10009	1	0	0	0	0	0	0	0	0	0	0	0	0	0	0	0	0 	100	1	7657	10000	1	10001	10002	10003	10004	10006	10007	0	0	0	0	
//	30490	불안정한_지브릴의_대거_보상상자+15	9682	0	0	0	4	99	9752	2	9754	5	10078	1	9682	50177	10015	1	0	0	0	0	0	0	0	0	0	0	0	0	0	0	0	0 	100	1	7645	10000	1	10001	10002	10003	10004	10006	10007	0	0	0	0	
//	30491	불안정한_지브릴의_채찍검_보상상자+15	9683	0	0	0	4	99	9752	2	9754	5	10078	2	9683	50178	10015	1	0	0	0	0	0	0	0	0	0	0	0	0	0	0	0	0 	100	1	7646	10000	1	10001	10002	10003	10004	10006	10007	0	0	0	0	
//	30492	불안정한_지브릴의_대거_보상상자+9	9695	0	0	0	4	99	9752	2	9754	5	10078	3	9695	50177	10009	1	0	0	0	0	0	0	0	0	0	0	0	0	0	0	0	0 	100	1	7658	10000	1	10001	10002	10003	10004	10006	10007	0	0	0	0	
//	30493	불안정한_지브릴의_채찍검_보상상자+9	9696	0	0	0	4	99	9752	2	9754	5	10078	4	9696	50178	10009	1	0	0	0	0	0	0	0	0	0	0	0	0	0	0	0	0 	100	1	7659	10000	1	10001	10002	10003	10004	10006	10007	0	0	0	0	
//	30494	불안정한_핀디아스의_건틀렛_보상상자+15	9684	0	0	0	4	99	9752	2	9754	6	10002	1	9684	50179	10015	1	0	0	0	0	0	0	0	0	0	0	0	0	0	0	0	0 	100	1	7647	10000	1	10001	10002	10003	10004	10006	10007	0	0	0	0	
//	30495	불안정한_핀디아스의_에테르사이드_보상상자+15	9685	0	0	0	4	99	9752	2	9754	6	10002	2	9685	50180	10015	1	0	0	0	0	0	0	0	0	0	0	0	0	0	0	0	0 	100	1	7648	10000	1	10001	10002	10003	10004	10006	10007	0	0	0	0	
//	30496	불안정한_핀디아스의_건틀렛_보상상자+9	9697	0	0	0	4	99	9752	2	9754	6	10002	3	9697	50179	10009	1	0	0	0	0	0	0	0	0	0	0	0	0	0	0	0	0 	100	1	7660	10000	1	10001	10002	10003	10004	10006	10007	0	0	0	0	
//	30497	불안정한_핀디아스의_에테르사이드_보상상자+9	9698	0	0	0	4	99	9752	2	9754	6	10002	4	9698	50180	10009	1	0	0	0	0	0	0	0	0	0	0	0	0	0	0	0	0 	100	1	7661	10000	1	10001	10002	10003	10004	10006	10007	0	0	0	0	
//	30498	불안정한_마르두크의_에테르블래스터_보상상자+15	9686	0	0	0	4	99	9752	2	9754	7	10006	1	9686	50181	10015	1	0	0	0	0	0	0	0	0	0	0	0	0	0	0	0	0 	100	1	7649	10000	1	10001	10002	10003	10004	10006	10007	0	0	0	0	
//	30499	불안정한_마르두크의_에테르블래스터_보상상자+9	9699	0	0	0	4	99	9752	2	9754	7	10006	2	9699	50181	10009	1	0	0	0	0	0	0	0	0	0	0	0	0	0	0	0	0 	100	1	7662	10000	1	10001	10002	10003	10004	10006	10007	0	0	0	0	
//수호의 의지 조합																																																		
	30509	수호신버서커의상자	41001	0	0	0	3	102	41067	1	41087	1	41001	0	0	9314	0	1	0	0	0	0	0	0	0	0	0	0	0	0	0	0	0	0 	100	1	63506	0	1	10001	10002	10003	10004	10006	10007	20206	0	0	0	
	30510	수호신드래곤나이트의상자	41002	0	0	0	3	102	41067	1	41087	2	41002	0	0	9314	0	1	0	0	0	0	0	0	0	0	0	0	0	0	0	0	0	0 	100	1	63507	0	1	10001	10002	10003	10004	10006	10007	20206	0	0	0	
	30511	수호신섀도우의상자	41005	0	0	0	3	102	41067	1	41087	3	41005	0	0	9314	0	1	0	0	0	0	0	0	0	0	0	0	0	0	0	0	0	0 	100	1	63510	0	1	10001	10002	10003	10004	10006	10007	20206	0	0	0	
	30512	수호신엘리멘탈리스트의상자	41004	0	0	0	3	102	41067	1	41087	4	41004	0	0	9314	0	1	0	0	0	0	0	0	0	0	0	0	0	0	0	0	0	0 	100	1	63509	0	1	10001	10002	10003	10004	10006	10007	20206	0	0	0	
	30513	수호신발키리의상자	41003	0	0	0	3	102	41067	1	41087	5	41003	0	0	9314	0	1	0	0	0	0	0	0	0	0	0	0	0	0	0	0	0	0 	100	1	63508	0	1	10001	10002	10003	10004	10006	10007	20206	0	0	0	
	30514	수호신미스틱의상자	41006	0	0	0	3	102	41067	1	41087	6	41006	0	0	9314	0	1	0	0	0	0	0	0	0	0	0	0	0	0	0	0	0	0 	100	1	63511	0	1	10001	10002	10003	10004	10006	10007	20206	0	0	0	
	30515	수호신헬로이드의상자	41007	0	0	0	3	102	41067	1	41087	7	41007	0	0	9314	0	1	0	0	0	0	0	0	0	0	0	0	0	0	0	0	0	0 	100	1	63512	0	1	10001	10002	10003	10004	10006	10007	20206	0	0	0	
	30516	수호신위치블레이드의상자	41008	0	0	0	3	102	41067	1	41087	8	41008	0	0	9314	0	1	0	0	0	0	0	0	0	0	0	0	0	0	0	0	0	0 	100	1	63513	0	1	10001	10002	10003	10004	10006	10007	20206	0	0	0	
	30517	엘리트2차방어구(B)	159117	0	0	0	3	102	41067	2	41069	1	159117	0	0	9314	0	5	0	0	0	0	0	0	0	0	0	0	0	0	0	0	0	0 	100	1	56114	0	1	10001	10002	10003	10004	10006	10007	20206	0	0	0	
	30518	엘리트2차방어구(D)	159118	0	0	0	3	102	41067	2	41069	2	159118	0	0	9314	0	5	0	0	0	0	0	0	0	0	0	0	0	0	0	0	0	0 	100	1	56118	0	1	10001	10002	10003	10004	10006	10007	20206	0	0	0	
	30519	엘리트2차방어구(S)	159127	0	0	0	3	102	41067	2	41069	3	159127	0	0	9314	0	5	0	0	0	0	0	0	0	0	0	0	0	0	0	0	0	0 	100	1	56130	0	1	10001	10002	10003	10004	10006	10007	20206	0	0	0	
	30520	엘리트2차방어구(E)	159126	0	0	0	3	102	41067	2	41069	4	159126	0	0	9314	0	5	0	0	0	0	0	0	0	0	0	0	0	0	0	0	0	0 	100	1	56126	0	1	10001	10002	10003	10004	10006	10007	20206	0	0	0	
	30521	엘리트2차방어구(V)	159119	0	0	0	3	102	41067	2	41069	5	159119	0	0	9314	0	5	0	0	0	0	0	0	0	0	0	0	0	0	0	0	0	0 	100	1	56122	0	1	10001	10002	10003	10004	10006	10007	20206	0	0	0	
	30522	엘리트2차방어구(M)	159128	0	0	0	3	102	41067	2	41069	6	159128	0	0	9314	0	5	0	0	0	0	0	0	0	0	0	0	0	0	0	0	0	0 	100	1	56134	0	1	10001	10002	10003	10004	10006	10007	20206	0	0	0	
	30523	엘리트2차방어구(H)	158933	0	0	0	3	102	41067	2	41069	7	158933	0	0	9314	0	5	0	0	0	0	0	0	0	0	0	0	0	0	0	0	0	0 	100	1	56320	0	1	10001	10002	10003	10004	10006	10007	20206	0	0	0	
	30524	엘리트2차방어구(W)	40903	0	0	0	3	102	41067	2	41069	8	40903	0	0	9314	0	5	0	0	0	0	0	0	0	0	0	0	0	0	0	0	0	0 	100	1	56482	0	1	10001	10002	10003	10004	10006	10007	20206	0	0	0	
	30525	엘리트2.5차방어구(B)	159888	0	0	0	3	102	41067	3	41070	1	159888	0	0	9314	0	15	0	0	0	0	0	0	0	0	0	0	0	0	0	0	0	0 	100	1	56220	0	1	10001	10002	10003	10004	10006	10007	20206	0	0	0	
	30526	엘리트2.5차방어구(D)	159889	0	0	0	3	102	41067	3	41070	2	159889	0	0	9314	0	15	0	0	0	0	0	0	0	0	0	0	0	0	0	0	0	0 	100	1	56229	0	1	10001	10002	10003	10004	10006	10007	20206	0	0	0	
	30527	엘리트2.5차방어구(S)	159894	0	0	0	3	102	41067	3	41070	3	159894	0	0	9314	0	15	0	0	0	0	0	0	0	0	0	0	0	0	0	0	0	0 	100	1	56256	0	1	10001	10002	10003	10004	10006	10007	20206	0	0	0	
	30528	엘리트2.5차방어구(E)	159893	0	0	0	3	102	41067	3	41070	4	159893	0	0	9314	0	15	0	0	0	0	0	0	0	0	0	0	0	0	0	0	0	0 	100	1	56247	0	1	10001	10002	10003	10004	10006	10007	20206	0	0	0	
	30529	엘리트2.5차방어구(V)	159892	0	0	0	3	102	41067	3	41070	5	159892	0	0	9314	0	15	0	0	0	0	0	0	0	0	0	0	0	0	0	0	0	0 	100	1	56238	0	1	10001	10002	10003	10004	10006	10007	20206	0	0	0	
	30530	엘리트2.5차방어구(M)	159895	0	0	0	3	102	41067	3	41070	6	159895	0	0	9314	0	15	0	0	0	0	0	0	0	0	0	0	0	0	0	0	0	0 	100	1	56265	0	1	10001	10002	10003	10004	10006	10007	20206	0	0	0	
	30531	엘리트2.5차방어구(H)	158968	0	0	0	3	102	41067	3	41070	7	158968	0	0	9314	0	15	0	0	0	0	0	0	0	0	0	0	0	0	0	0	0	0 	100	1	56338	0	1	10001	10002	10003	10004	10006	10007	20206	0	0	0	
	30532	엘리트2.5차방어구(W)	40920	0	0	0	3	102	41067	3	41070	8	40920	0	0	9314	0	15	0	0	0	0	0	0	0	0	0	0	0	0	0	0	0	0 	100	1	56500	0	1	10001	10002	10003	10004	10006	10007	20206	0	0	0	
	30533	엘리트3차방어구(B)	159978	0	0	0	3	102	41067	4	42066	1	159978	0	0	9314	0	45	0	0	0	0	0	0	0	0	0	0	0	0	0	0	0	0 	100	1	56420	0	1	10001	10002	10003	10004	10006	10007	20206	0	0	0	
	30534	엘리트3차방어구(D)	159979	0	0	0	3	102	41067	4	42066	2	159979	0	0	9314	0	45	0	0	0	0	0	0	0	0	0	0	0	0	0	0	0	0 	100	1	56421	0	1	10001	10002	10003	10004	10006	10007	20206	0	0	0	
	30535	엘리트3차방어구(S)	159982	0	0	0	3	102	41067	4	42066	3	159982	0	0	9314	0	45	0	0	0	0	0	0	0	0	0	0	0	0	0	0	0	0 	100	1	56424	0	1	10001	10002	10003	10004	10006	10007	20206	0	0	0	
	30536	엘리트3차방어구(E)	159981	0	0	0	3	102	41067	4	42066	4	159981	0	0	9314	0	45	0	0	0	0	0	0	0	0	0	0	0	0	0	0	0	0 	100	1	56423	0	1	10001	10002	10003	10004	10006	10007	20206	0	0	0	
	30537	엘리트3차방어구(V)	159980	0	0	0	3	102	41067	4	42066	5	159980	0	0	9314	0	45	0	0	0	0	0	0	0	0	0	0	0	0	0	0	0	0 	100	1	56422	0	1	10001	10002	10003	10004	10006	10007	20206	0	0	0	
	30538	엘리트3차방어구(M)	159983	0	0	0	3	102	41067	4	42066	6	159983	0	0	9314	0	45	0	0	0	0	0	0	0	0	0	0	0	0	0	0	0	0 	100	1	56425	0	1	10001	10002	10003	10004	10006	10007	20206	0	0	0	
	30539	엘리트3차방어구(H)	159984	0	0	0	3	102	41067	4	42066	7	159984	0	0	9314	0	45	0	0	0	0	0	0	0	0	0	0	0	0	0	0	0	0 	100	1	56426	0	1	10001	10002	10003	10004	10006	10007	20206	0	0	0	
	30540	엘리트3차방어구(W)	40921	0	0	0	3	102	41067	4	42066	8	40921	0	0	9314	0	45	0	0	0	0	0	0	0	0	0	0	0	0	0	0	0	0 	100	1	56501	0	1	10001	10002	10003	10004	10006	10007	20206	0	0	0	
//파괴의 의지 조합																																																		
//엘리트무기																																																		
	30601	파괴신버서커의상자	41009	0	0	0	3	103	41068	1	41088	1	41009	0	0	9315	0	1	0	0	0	0	0	0	0	0	0	0	0	0	0	0	0	0 	100	1	63514	0	1	10001	10002	10003	10004	10006	10007	20206	0	0	0	
	30602	파괴신드래곤나이트의상자	41010	0	0	0	3	103	41068	1	41088	2	41010	0	0	9315	0	1	0	0	0	0	0	0	0	0	0	0	0	0	0	0	0	0 	100	1	63515	0	1	10001	10002	10003	10004	10006	10007	20206	0	0	0	
	30603	파괴신섀도우의상자	41013	0	0	0	3	103	41068	1	41088	3	41013	0	0	9315	0	1	0	0	0	0	0	0	0	0	0	0	0	0	0	0	0	0 	100	1	63518	0	1	10001	10002	10003	10004	10006	10007	20206	0	0	0	
	30604	파괴신엘리멘탈리스트의상자	41012	0	0	0	3	103	41068	1	41088	4	41012	0	0	9315	0	1	0	0	0	0	0	0	0	0	0	0	0	0	0	0	0	0 	100	1	63517	0	1	10001	10002	10003	10004	10006	10007	20206	0	0	0	
	30605	파괴신발키리의상자	41011	0	0	0	3	103	41068	1	41088	5	41011	0	0	9315	0	1	0	0	0	0	0	0	0	0	0	0	0	0	0	0	0	0 	100	1	63516	0	1	10001	10002	10003	10004	10006	10007	20206	0	0	0	
	30606	파괴신미스틱의상자	41014	0	0	0	3	103	41068	1	41088	6	41014	0	0	9315	0	1	0	0	0	0	0	0	0	0	0	0	0	0	0	0	0	0 	100	1	63519	0	1	10001	10002	10003	10004	10006	10007	20206	0	0	0	
	30607	파괴신헬로이드의상자	41015	0	0	0	3	103	41068	1	41088	7	41015	0	0	9315	0	1	0	0	0	0	0	0	0	0	0	0	0	0	0	0	0	0 	100	1	63520	0	1	10001	10002	10003	10004	10006	10007	20206	0	0	0	
	30608	파괴신위치블레이드의상자	41016	0	0	0	3	103	41068	1	41088	8	41016	0	0	9315	0	1	0	0	0	0	0	0	0	0	0	0	0	0	0	0	0	0 	100	1	63521	0	1	10001	10002	10003	10004	10006	10007	20206	0	0	0	
	30609	엘리트2차무기(B)	30321	0	0	0	3	103	41068	2	42067	1	30321	0	0	9315	0	5	0	0	0	0	0	0	0	0	0	0	0	0	0	0	0	0 	100	1	50020	10007	1	10001	10002	10003	10004	10006	10007	20206	0	0	0	
	30610	엘리트2차무기(B)	30322	0	0	0	3	103	41068	2	42067	2	30322	0	0	9315	0	5	0	0	0	0	0	0	0	0	0	0	0	0	0	0	0	0 	100	1	50021	10007	1	10001	10002	10003	10004	10006	10007	20206	0	0	0	
	30611	엘리트2차무기(D)	30323	0	0	0	3	103	41068	2	42067	3	30323	0	0	9315	0	5	0	0	0	0	0	0	0	0	0	0	0	0	0	0	0	0 	100	1	50022	10007	1	10001	10002	10003	10004	10006	10007	20206	0	0	0	
	30612	엘리트2차무기(D)	30324	0	0	0	3	103	41068	2	42067	4	30324	0	0	9315	0	5	0	0	0	0	0	0	0	0	0	0	0	0	0	0	0	0 	100	1	50023	10007	1	10001	10002	10003	10004	10006	10007	20206	0	0	0	
	30613	엘리트2차무기(S)	30325	0	0	0	3	103	41068	2	42067	5	30325	0	0	9315	0	5	0	0	0	0	0	0	0	0	0	0	0	0	0	0	0	0 	100	1	50028	10007	1	10001	10002	10003	10004	10006	10007	20206	0	0	0	
	30614	엘리트2차무기(S)	30326	0	0	0	3	103	41068	2	42067	6	30326	0	0	9315	0	5	0	0	0	0	0	0	0	0	0	0	0	0	0	0	0	0 	100	1	50029	10007	1	10001	10002	10003	10004	10006	10007	20206	0	0	0	
	30615	엘리트2차무기(E)	30327	0	0	0	3	103	41068	2	42067	7	30327	0	0	9315	0	5	0	0	0	0	0	0	0	0	0	0	0	0	0	0	0	0 	100	1	50026	10007	1	10001	10002	10003	10004	10006	10007	20206	0	0	0	
	30616	엘리트2차무기(E)	30328	0	0	0	3	103	41068	2	42067	8	30328	0	0	9315	0	5	0	0	0	0	0	0	0	0	0	0	0	0	0	0	0	0 	100	1	50027	10007	1	10001	10002	10003	10004	10006	10007	20206	0	0	0	
	30617	엘리트2차무기(V)	30329	0	0	0	3	103	41068	2	42067	9	30329	0	0	9315	0	5	0	0	0	0	0	0	0	0	0	0	0	0	0	0	0	0 	100	1	50024	10007	1	10001	10002	10003	10004	10006	10007	20206	0	0	0	
	30618	엘리트2차무기(V)	30330	0	0	0	3	103	41068	2	42067	10	30330	0	0	9315	0	5	0	0	0	0	0	0	0	0	0	0	0	0	0	0	0	0 	100	1	50025	10007	1	10001	10002	10003	10004	10006	10007	20206	0	0	0	
	30619	엘리트2차무기(M)	30331	0	0	0	3	103	41068	2	42067	11	30331	0	0	9315	0	5	0	0	0	0	0	0	0	0	0	0	0	0	0	0	0	0 	100	1	50054	10007	1	10001	10002	10003	10004	10006	10007	20206	0	0	0	
	30620	엘리트2차무기(M)	30332	0	0	0	3	103	41068	2	42067	12	30332	0	0	9315	0	5	0	0	0	0	0	0	0	0	0	0	0	0	0	0	0	0 	100	1	50055	10007	1	10001	10002	10003	10004	10006	10007	20206	0	0	0	
	30621	엘리트2차무기(H)	30333	0	0	0	3	103	41068	2	42067	13	30333	0	0	9315	0	5	0	0	0	0	0	0	0	0	0	0	0	0	0	0	0	0 	100	1	50130	10007	1	10001	10002	10003	10004	10006	10007	20206	0	0	0	
	30622	엘리트2차무기(W)	30334	0	0	0	3	103	41068	2	42067	14	30334	0	0	9315	0	5	0	0	0	0	0	0	0	0	0	0	0	0	0	0	0	0 	100	1	50322	10007	1	10001	10002	10003	10004	10006	10007	20206	0	0	0	
	30623	엘리트2.5차무기(B)	30335	0	0	0	3	103	41068	3	42068	1	30335	0	0	9315	0	15	0	0	0	0	0	0	0	0	0	0	0	0	0	0	0	0 	100	1	50078	10300	1	10001	10002	10003	10004	10006	10007	20206	0	0	0	
	30624	엘리트2.5차무기(B)	30336	0	0	0	3	103	41068	3	42068	2	30336	0	0	9315	0	15	0	0	0	0	0	0	0	0	0	0	0	0	0	0	0	0 	100	1	50079	10300	1	10001	10002	10003	10004	10006	10007	20206	0	0	0	
	30625	엘리트2.5차무기(D)	30337	0	0	0	3	103	41068	3	42068	3	30337	0	0	9315	0	15	0	0	0	0	0	0	0	0	0	0	0	0	0	0	0	0 	100	1	50080	10300	1	10001	10002	10003	10004	10006	10007	20206	0	0	0	
	30626	엘리트2.5차무기(D)	30338	0	0	0	3	103	41068	3	42068	4	30338	0	0	9315	0	15	0	0	0	0	0	0	0	0	0	0	0	0	0	0	0	0 	100	1	50081	10300	1	10001	10002	10003	10004	10006	10007	20206	0	0	0	
	30627	엘리트2.5차무기(S)	30339	0	0	0	3	103	41068	3	42068	5	30339	0	0	9315	0	15	0	0	0	0	0	0	0	0	0	0	0	0	0	0	0	0 	100	1	50086	10300	1	10001	10002	10003	10004	10006	10007	20206	0	0	0	
	30628	엘리트2.5차무기(S)	30340	0	0	0	3	103	41068	3	42068	6	30340	0	0	9315	0	15	0	0	0	0	0	0	0	0	0	0	0	0	0	0	0	0 	100	1	50087	10300	1	10001	10002	10003	10004	10006	10007	20206	0	0	0	
	30629	엘리트2.5차무기(E)	30341	0	0	0	3	103	41068	3	42068	7	30341	0	0	9315	0	15	0	0	0	0	0	0	0	0	0	0	0	0	0	0	0	0 	100	1	50084	10300	1	10001	10002	10003	10004	10006	10007	20206	0	0	0	
	30630	엘리트2.5차무기(E)	30342	0	0	0	3	103	41068	3	42068	8	30342	0	0	9315	0	15	0	0	0	0	0	0	0	0	0	0	0	0	0	0	0	0 	100	1	50085	10300	1	10001	10002	10003	10004	10006	10007	20206	0	0	0	
	30631	엘리트2.5차무기(V)	30343	0	0	0	3	103	41068	3	42068	9	30343	0	0	9315	0	15	0	0	0	0	0	0	0	0	0	0	0	0	0	0	0	0 	100	1	50082	10300	1	10001	10002	10003	10004	10006	10007	20206	0	0	0	
	30632	엘리트2.5차무기(V)	30344	0	0	0	3	103	41068	3	42068	10	30344	0	0	9315	0	15	0	0	0	0	0	0	0	0	0	0	0	0	0	0	0	0 	100	1	50083	10300	1	10001	10002	10003	10004	10006	10007	20206	0	0	0	
	30633	엘리트2.5차무기(M)	30345	0	0	0	3	103	41068	3	42068	11	30345	0	0	9315	0	15	0	0	0	0	0	0	0	0	0	0	0	0	0	0	0	0 	100	1	50088	10300	1	10001	10002	10003	10004	10006	10007	20206	0	0	0	
	30634	엘리트2.5차무기(M)	30346	0	0	0	3	103	41068	3	42068	12	30346	0	0	9315	0	15	0	0	0	0	0	0	0	0	0	0	0	0	0	0	0	0 	100	1	50089	10300	1	10001	10002	10003	10004	10006	10007	20206	0	0	0	
	30635	엘리트2.5차무기(H)	30347	0	0	0	3	103	41068	3	42068	13	30347	0	0	9315	0	15	0	0	0	0	0	0	0	0	0	0	0	0	0	0	0	0 	100	1	50132	10300	1	10001	10002	10003	10004	10006	10007	20206	0	0	0	
	30636	엘리트2.5차무기(W)	30348	0	0	0	3	103	41068	3	42068	14	30348	0	0	9315	0	15	0	0	0	0	0	0	0	0	0	0	0	0	0	0	0	0 	100	1	50324	10300	1	10001	10002	10003	10004	10006	10007	20206	0	0	0	
	30637	엘리트3차무기(B)	30349	0	0	0	3	103	41068	4	42069	1	30349	0	0	9315	0	45	0	0	0	0	0	0	0	0	0	0	0	0	0	0	0	0 	100	1	50092	10000	1	10001	10002	10003	10004	10006	10007	20206	0	0	0	
	30638	엘리트3차무기(B)	30350	0	0	0	3	103	41068	4	42069	2	30350	0	0	9315	0	45	0	0	0	0	0	0	0	0	0	0	0	0	0	0	0	0 	100	1	50093	10000	1	10001	10002	10003	10004	10006	10007	20206	0	0	0	
	30639	엘리트3차무기(D)	30351	0	0	0	3	103	41068	4	42069	3	30351	0	0	9315	0	45	0	0	0	0	0	0	0	0	0	0	0	0	0	0	0	0 	100	1	50094	10000	1	10001	10002	10003	10004	10006	10007	20206	0	0	0	
	30640	엘리트3차무기(D)	30352	0	0	0	3	103	41068	4	42069	4	30352	0	0	9315	0	45	0	0	0	0	0	0	0	0	0	0	0	0	0	0	0	0 	100	1	50095	10000	1	10001	10002	10003	10004	10006	10007	20206	0	0	0	
	30641	엘리트3차무기(S)	30353	0	0	0	3	103	41068	4	42069	5	30353	0	0	9315	0	45	0	0	0	0	0	0	0	0	0	0	0	0	0	0	0	0 	100	1	50124	10000	1	10001	10002	10003	10004	10006	10007	20206	0	0	0	
	30642	엘리트3차무기(S)	30354	0	0	0	3	103	41068	4	42069	6	30354	0	0	9315	0	45	0	0	0	0	0	0	0	0	0	0	0	0	0	0	0	0 	100	1	50125	10000	1	10001	10002	10003	10004	10006	10007	20206	0	0	0	
	30643	엘리트3차무기(E)	30355	0	0	0	3	103	41068	4	42069	7	30355	0	0	9315	0	45	0	0	0	0	0	0	0	0	0	0	0	0	0	0	0	0 	100	1	50098	10000	1	10001	10002	10003	10004	10006	10007	20206	0	0	0	
	30644	엘리트3차무기(E)	30356	0	0	0	3	103	41068	4	42069	8	30356	0	0	9315	0	45	0	0	0	0	0	0	0	0	0	0	0	0	0	0	0	0 	100	1	50099	10000	1	10001	10002	10003	10004	10006	10007	20206	0	0	0	
	30645	엘리트3차무기(V)	30357	0	0	0	3	103	41068	4	42069	9	30357	0	0	9315	0	45	0	0	0	0	0	0	0	0	0	0	0	0	0	0	0	0 	100	1	50096	10000	1	10001	10002	10003	10004	10006	10007	20206	0	0	0	
	30646	엘리트3차무기(V)	30358	0	0	0	3	103	41068	4	42069	10	30358	0	0	9315	0	45	0	0	0	0	0	0	0	0	0	0	0	0	0	0	0	0 	100	1	50097	10000	1	10001	10002	10003	10004	10006	10007	20206	0	0	0	
	30647	엘리트3차무기(M)	30359	0	0	0	3	103	41068	4	42069	11	30359	0	0	9315	0	45	0	0	0	0	0	0	0	0	0	0	0	0	0	0	0	0 	100	1	50126	10000	1	10001	10002	10003	10004	10006	10007	20206	0	0	0	
	30648	엘리트3차무기(M)	30360	0	0	0	3	103	41068	4	42069	12	30360	0	0	9315	0	45	0	0	0	0	0	0	0	0	0	0	0	0	0	0	0	0 	100	1	50127	10000	1	10001	10002	10003	10004	10006	10007	20206	0	0	0	
	30649	엘리트3차무기(H)	30361	0	0	0	3	103	41068	4	42069	13	30361	0	0	9315	0	45	0	0	0	0	0	0	0	0	0	0	0	0	0	0	0	0 	100	1	50133	10000	1	10001	10002	10003	10004	10006	10007	20206	0	0	0	
	30650	엘리트3차무기(W)	30362	0	0	0	3	103	41068	4	42069	14	30362	0	0	9315	0	45	0	0	0	0	0	0	0	0	0	0	0	0	0	0	0	0 	100	1	50325	10000	1	10001	10002	10003	10004	10006	10007	20206	0	0	0	
//유니크2무기																																																		
//	30651	유니크2차무기(B)	30230	0	0	0	3	103	41068	5	30263	1	30230	0	0	9315	0	120	0	0	0	0	0	0	0	0	0	0	0	0	0	0	0	0 	100	1	50101	10000	1	10001	10002	10003	10004	10006	10007	20206	0	0	0	
//	30652	유니크2차무기(B)	30231	0	0	0	3	103	41068	5	30263	2	30231	0	0	9315	0	120	0	0	0	0	0	0	0	0	0	0	0	0	0	0	0	0 	100	1	50103	10000	1	10001	10002	10003	10004	10006	10007	20206	0	0	0	
//	30653	유니크2차무기(D)	30232	0	0	0	3	103	41068	5	30263	3	30232	0	0	9315	0	120	0	0	0	0	0	0	0	0	0	0	0	0	0	0	0	0 	100	1	50105	10000	1	10001	10002	10003	10004	10006	10007	20206	0	0	0	
//	30654	유니크2차무기(D)	30233	0	0	0	3	103	41068	5	30263	4	30233	0	0	9315	0	120	0	0	0	0	0	0	0	0	0	0	0	0	0	0	0	0 	100	1	50107	10000	1	10001	10002	10003	10004	10006	10007	20206	0	0	0	
//	30655	유니크2차무기(S)	30238	0	0	0	3	103	41068	5	30263	5	30238	0	0	9315	0	120	0	0	0	0	0	0	0	0	0	0	0	0	0	0	0	0 	100	1	50117	10000	1	10001	10002	10003	10004	10006	10007	20206	0	0	0	
//	30656	유니크2차무기(S)	30239	0	0	0	3	103	41068	5	30263	6	30239	0	0	9315	0	120	0	0	0	0	0	0	0	0	0	0	0	0	0	0	0	0 	100	1	50119	10000	1	10001	10002	10003	10004	10006	10007	20206	0	0	0	
//	30657	유니크2차무기(E)	30236	0	0	0	3	103	41068	5	30263	7	30236	0	0	9315	0	120	0	0	0	0	0	0	0	0	0	0	0	0	0	0	0	0 	100	1	50113	10000	1	10001	10002	10003	10004	10006	10007	20206	0	0	0	
//	30658	유니크2차무기(E)	30237	0	0	0	3	103	41068	5	30263	8	30237	0	0	9315	0	120	0	0	0	0	0	0	0	0	0	0	0	0	0	0	0	0 	100	1	50115	10000	1	10001	10002	10003	10004	10006	10007	20206	0	0	0	
//	30659	유니크2차무기(V)	30234	0	0	0	3	103	41068	5	30263	9	30234	0	0	9315	0	120	0	0	0	0	0	0	0	0	0	0	0	0	0	0	0	0 	100	1	50109	10000	1	10001	10002	10003	10004	10006	10007	20206	0	0	0	
//	30660	유니크2차무기(V)	30235	0	0	0	3	103	41068	5	30263	10	30235	0	0	9315	0	120	0	0	0	0	0	0	0	0	0	0	0	0	0	0	0	0 	100	1	50111	10000	1	10001	10002	10003	10004	10006	10007	20206	0	0	0	
//	30661	유니크2차무기(M)	30240	0	0	0	3	103	41068	5	30263	11	30240	0	0	9315	0	120	0	0	0	0	0	0	0	0	0	0	0	0	0	0	0	0 	100	1	50121	10000	1	10001	10002	10003	10004	10006	10007	20206	0	0	0	
//	30662	유니크2차무기(M)	30260	0	0	0	3	103	41068	5	30263	12	30260	0	0	9315	0	120	0	0	0	0	0	0	0	0	0	0	0	0	0	0	0	0 	100	1	50123	10000	1	10001	10002	10003	10004	10006	10007	20206	0	0	0	
//	30663	유니크2차무기(H)	30261	0	0	0	3	103	41068	5	30263	13	30261	0	0	9315	0	120	0	0	0	0	0	0	0	0	0	0	0	0	0	0	0	0 	100	1	50136	10000	1	10001	10002	10003	10004	10006	10007	20206	0	0	0	
//	30664	유니크2차무기(W)	30262	0	0	0	3	103	41068	5	30263	14	30262	0	0	9315	0	120	0	0	0	0	0	0	0	0	0	0	0	0	0	0	0	0 	100	1	50328	10000	1	10001	10002	10003	10004	10006	10007	20206	0	0	0	
//병신년 원숭이 팻 이벤트																																																		
	30665	브라운셀제작	17495	0	0	0	3	104	42074	1	17495	1	17495	0	0	6849	0	1	0	0	0	0	0	0	0	0	0	0	0	0	0	0	0	0 	100	1	3341	0	1	10001	10002	10003	10004	10006	10007	20206	0	0	0	
																																																		
	2679	세크메트의아크블레이드	9755	0	0	0	4	21	9467	1	9447	9	11335	1	9755	7251	0	25	7247	0	20	21442	0	18	0	0	0	0	0	0	0	0	0	0 	86	1	21441	0	1	10001	10002	10003	10004	10006	20206	10007	0	0	0	
	2680	아테네갑옷	9756	0	0	0	4	21	9467	1	9447	9	11335	2	9756	7251	0	14	7247	0	10	21442	0	15	0	0	0	0	0	0	0	0	0	0 	86	1	21433	0	1	10001	10002	10003	10004	10006	20206	10007	0	0	0	
	2681	아테네바지	9757	0	0	0	4	21	9467	1	9447	9	11335	3	9757	7251	0	12	7247	0	10	21442	0	13	0	0	0	0	0	0	0	0	0	0 	86	1	21436	0	1	10001	10002	10003	10004	10006	20206	10007	0	0	0	
	2682	아테네헬멧	9758	0	0	0	4	21	9467	1	9447	9	11335	4	9758	7251	0	12	7247	0	8	21442	0	11	0	0	0	0	0	0	0	0	0	0 	86	1	21435	0	1	10001	10002	10003	10004	10006	20206	10007	0	0	0	
	2683	아테네장갑	9759	0	0	0	4	21	9467	1	9447	9	11335	5	9759	7251	0	10	7247	0	8	21442	0	9	0	0	0	0	0	0	0	0	0	0 	86	1	21438	0	1	10001	10002	10003	10004	10006	20206	10007	0	0	0	
	2684	아테네부츠	9760	0	0	0	4	21	9467	1	9447	9	11335	6	9760	7251	0	10	7247	0	8	21442	0	9	0	0	0	0	0	0	0	0	0	0 	86	1	21437	0	1	10001	10002	10003	10004	10006	20206	10007	0	0	0	
	2685	아테네프로텍터	9761	0	0	0	4	21	9467	1	9447	9	11335	7	9761	7251	0	10	7247	0	6	21442	0	7	0	0	0	0	0	0	0	0	0	0 	86	1	21434	0	1	10001	10002	10003	10004	10006	20206	10007	0	0	0	
	2686	아테네벨트	9762	0	0	0	4	21	9467	1	9447	9	11335	8	9762	7251	0	8	7247	0	6	21442	0	6	0	0	0	0	0	0	0	0	0	0 	86	1	21439	0	1	10001	10002	10003	10004	10006	20206	10007	0	0	0	
	2687	아테네셔츠	9763	0	0	0	4	21	9467	1	9447	9	11335	9	9763	7251	0	6	7247	0	4	21442	0	5	0	0	0	0	0	0	0	0	0	0 	86	1	21440	0	1	10001	10002	10003	10004	10006	20206	10007	0	0	0	
