//복권스크립트_국내																																	
//					소모성 아이템일 경우 해당 아이템의 개수 설정																												
//			0 아이템 스크립트와 연결		장비 아이템일 경우 해당 아이템의 등급 설정																												
//			1 드랍 스크립트와 연결		드랍 스크립트와 연결 시 드랍 스크립트 내의 IGType을 사용																												
//	복권ID	아이템개수	랜덤유무1	아이템코드1	아이템타입1	랜덤유무2	아이템코드2	아이템타입2	랜덤유무3	아이템코드3	아이템타입3	랜덤유무4	아이템코드4	아이템타입4	랜덤유무5	아이템코드5	아이템타입5	랜덤유무6	아이템코드6	아이템타입6	랜덤유무7	아이템코드7	아이템타입7	랜덤유무8	아이템코드8	아이템타입8							
	LotteryID	ItemNum	Random1	ItemCode1	IGType1	Random2	ItemCode2	IGType2	Random3	ItemCode3	IGType3	Random4	ItemCode4	IGType4	Random5	ItemCode5	IGType5	Random6	ItemCode6	IGType6	Random7	ItemCode7	IGType7	Random8	ItemCode8	IGType8	FieldEnd						
//	1	1	1	95451	0	0	0	0	0	0	0	0	0	0	0	0	0	0	0	0	0	0	0	0	0	0	//일본럭셔리티켓(1000엔)_버서커						
//	2	1	1	95452	0	0	0	0	0	0	0	0	0	0	0	0	0	0	0	0	0	0	0	0	0	0	//일본럭셔리티켓(1000엔)_드래곤나이트						
//	3	1	1	95453	0	0	0	0	0	0	0	0	0	0	0	0	0	0	0	0	0	0	0	0	0	0	//일본럭셔리티켓(1000엔)_발키리						
//	4	1	1	95454	0	0	0	0	0	0	0	0	0	0	0	0	0	0	0	0	0	0	0	0	0	0	//일본럭셔리티켓(1000엔)_엘리멘탈리스트						
//	5	1	1	95455	0	0	0	0	0	0	0	0	0	0	0	0	0	0	0	0	0	0	0	0	0	0	//일본럭셔리티켓프티(500엔)_버서커						
//	6	1	1	95456	0	0	0	0	0	0	0	0	0	0	0	0	0	0	0	0	0	0	0	0	0	0	//일본럭셔리티켓프티(500엔)_드래곤나이트						
//	7	1	1	95457	0	0	0	0	0	0	0	0	0	0	0	0	0	0	0	0	0	0	0	0	0	0	//일본럭셔리티켓프티(500엔)_발키리						
//	8	1	1	95458	0	0	0	0	0	0	0	0	0	0	0	0	0	0	0	0	0	0	0	0	0	0	//일본럭셔리티켓프티(500엔)_엘리멘탈리스트						
//	9	1	1	95459	0	0	0	0	0	0	0	0	0	0	0	0	0	0	0	0	0	0	0	0	0	0	//일본럭셔리티켓미디(특별)_버서커						
//	10	1	1	95460	0	0	0	0	0	0	0	0	0	0	0	0	0	0	0	0	0	0	0	0	0	0	//일본럭셔리티켓미디(특별)_드래곤나이트						
//	11	0	0	0	0	0	0	0	0	0	0	0	0	0	0	0	0	0	0	0	0	0	0	0	0	0	//중국. 일본 코드 중복으로 인한 추가						
//	12	0	0	0	0	0	0	0	0	0	0	0	0	0	0	0	0	0	0	0	0	0	0	0	0	0	//중국. 일본 코드 중복으로 인한 추가						
	13	1	0	55602	1	0	0	0	0	0	0	0	0	0	0	0	0	0	0	0	0	0	0	0	0	0	//타락한사원경품상자1등급_보석						
	14	1	0	55602	1	0	0	0	0	0	0	0	0	0	0	0	0	0	0	0	0	0	0	0	0	0	//타락한사원경품상자2등급_보석						
	15	1	0	55602	1	0	0	0	0	0	0	0	0	0	0	0	0	0	0	0	0	0	0	0	0	0	//타락한사원경품상자3등급_보석						
	16	1	0	55602	1	0	0	0	0	0	0	0	0	0	0	0	0	0	0	0	0	0	0	0	0	0	//타락한사원경품상자4등급_보석						
	17	1	0	55602	1	0	0	0	0	0	0	0	0	0	0	0	0	0	0	0	0	0	0	0	0	0	//타락한사원경품상자5등급_보석						
	18	1	0	55602	1	0	0	0	0	0	0	0	0	0	0	0	0	0	0	0	0	0	0	0	0	0	//타락한사원경품상자6등급_보석						
	19	1	0	55602	1	0	0	0	0	0	0	0	0	0	0	0	0	0	0	0	0	0	0	0	0	0	//타락한사원경품상자1등급_방어구						
	20	1	0	55602	1	0	0	0	0	0	0	0	0	0	0	0	0	0	0	0	0	0	0	0	0	0	//타락한사원경품상자2등급_방어구						
	21	1	0	55602	1	0	0	0	0	0	0	0	0	0	0	0	0	0	0	0	0	0	0	0	0	0	//타락한사원경품상자3등급_방어구						
	22	1	0	55602	1	0	0	0	0	0	0	0	0	0	0	0	0	0	0	0	0	0	0	0	0	0	//타락한사원경품상자4등급_방어구						
	23	1	0	55602	1	0	0	0	0	0	0	0	0	0	0	0	0	0	0	0	0	0	0	0	0	0	//타락한사원경품상자5등급_방어구						
	24	1	0	55602	1	0	0	0	0	0	0	0	0	0	0	0	0	0	0	0	0	0	0	0	0	0	//타락한사원경품상자6등급_방어구						
	25	1	0	55603	1	0	0	0	0	0	0	0	0	0	0	0	0	0	0	0	0	0	0	0	0	0	//타락한사원우승자보상1등급_버서커						
	26	1	0	55603	1	0	0	0	0	0	0	0	0	0	0	0	0	0	0	0	0	0	0	0	0	0	//타락한사원우승자보상2등급_버서커						
	27	1	0	55603	1	0	0	0	0	0	0	0	0	0	0	0	0	0	0	0	0	0	0	0	0	0	//타락한사원우승자보상3등급_버서커						
	28	1	0	55603	1	0	0	0	0	0	0	0	0	0	0	0	0	0	0	0	0	0	0	0	0	0	//타락한사원우승자보상4등급_버서커						
	29	1	0	55603	1	0	0	0	0	0	0	0	0	0	0	0	0	0	0	0	0	0	0	0	0	0	//타락한사원우승자보상5등급_버서커						
	30	1	0	55603	1	0	0	0	0	0	0	0	0	0	0	0	0	0	0	0	0	0	0	0	0	0	//타락한사원우승자보상6등급_버서커						
	31	1	0	55603	1	0	0	0	0	0	0	0	0	0	0	0	0	0	0	0	0	0	0	0	0	0	//타락한사원우승자보상1등급_드래곤						
	32	1	0	55603	1	0	0	0	0	0	0	0	0	0	0	0	0	0	0	0	0	0	0	0	0	0	//타락한사원우승자보상2등급_드래곤						
	33	1	0	55603	1	0	0	0	0	0	0	0	0	0	0	0	0	0	0	0	0	0	0	0	0	0	//타락한사원우승자보상3등급_드래곤						
	34	1	0	55603	1	0	0	0	0	0	0	0	0	0	0	0	0	0	0	0	0	0	0	0	0	0	//타락한사원우승자보상4등급_드래곤						
	35	1	0	55603	1	0	0	0	0	0	0	0	0	0	0	0	0	0	0	0	0	0	0	0	0	0	//타락한사원우승자보상5등급_드래곤						
	36	1	0	55603	1	0	0	0	0	0	0	0	0	0	0	0	0	0	0	0	0	0	0	0	0	0	//타락한사원우승자보상6등급_드래곤						
	37	1	0	55603	1	0	0	0	0	0	0	0	0	0	0	0	0	0	0	0	0	0	0	0	0	0	//타락한사원우승자보상1등급_섀도우						
	38	1	0	55603	1	0	0	0	0	0	0	0	0	0	0	0	0	0	0	0	0	0	0	0	0	0	//타락한사원우승자보상2등급_섀도우						
	39	1	0	55603	1	0	0	0	0	0	0	0	0	0	0	0	0	0	0	0	0	0	0	0	0	0	//타락한사원우승자보상3등급_섀도우						
	40	1	0	55603	1	0	0	0	0	0	0	0	0	0	0	0	0	0	0	0	0	0	0	0	0	0	//타락한사원우승자보상4등급_섀도우						
	41	1	0	55603	1	0	0	0	0	0	0	0	0	0	0	0	0	0	0	0	0	0	0	0	0	0	//타락한사원우승자보상5등급_섀도우						
	42	1	0	55603	1	0	0	0	0	0	0	0	0	0	0	0	0	0	0	0	0	0	0	0	0	0	//타락한사원우승자보상6등급_섀도우						
	43	1	0	55603	1	0	0	0	0	0	0	0	0	0	0	0	0	0	0	0	0	0	0	0	0	0	//타락한사원우승자보상1등급_발키리						
	44	1	0	55603	1	0	0	0	0	0	0	0	0	0	0	0	0	0	0	0	0	0	0	0	0	0	//타락한사원우승자보상2등급_발키리						
	45	1	0	55603	1	0	0	0	0	0	0	0	0	0	0	0	0	0	0	0	0	0	0	0	0	0	//타락한사원우승자보상3등급_발키리						
	46	1	0	55603	1	0	0	0	0	0	0	0	0	0	0	0	0	0	0	0	0	0	0	0	0	0	//타락한사원우승자보상4등급_발키리						
	47	1	0	55603	1	0	0	0	0	0	0	0	0	0	0	0	0	0	0	0	0	0	0	0	0	0	//타락한사원우승자보상5등급_발키리						
	48	1	0	55603	1	0	0	0	0	0	0	0	0	0	0	0	0	0	0	0	0	0	0	0	0	0	//타락한사원우승자보상6등급_발키리						
	49	1	0	55603	1	0	0	0	0	0	0	0	0	0	0	0	0	0	0	0	0	0	0	0	0	0	//타락한사원우승자보상1등급_엘리						
	50	1	0	55603	1	0	0	0	0	0	0	0	0	0	0	0	0	0	0	0	0	0	0	0	0	0	//타락한사원우승자보상2등급_엘리						
	51	1	0	55603	1	0	0	0	0	0	0	0	0	0	0	0	0	0	0	0	0	0	0	0	0	0	//타락한사원우승자보상3등급_엘리						
	52	1	0	55603	1	0	0	0	0	0	0	0	0	0	0	0	0	0	0	0	0	0	0	0	0	0	//타락한사원우승자보상4등급_엘리						
	53	1	0	55603	1	0	0	0	0	0	0	0	0	0	0	0	0	0	0	0	0	0	0	0	0	0	//타락한사원우승자보상5등급_엘리						
	54	1	0	55603	1	0	0	0	0	0	0	0	0	0	0	0	0	0	0	0	0	0	0	0	0	0	//타락한사원우승자보상6등급_엘리						
	55	1	1	30193	0	0	0	0	0	0	0	0	0	0	0	0	0	0	0	0	0	0	0	0	0	0	//타락한사원캐쉬아이템이벤트경품상자						
	56	1	1	1	0	0	0	0	0	0	0	0	0	0	0	0	0	0	0	0	0	0	0	0	0	0	//08년크리스마스이벤트경품복권_국내						
	57	1	1	2	0	0	0	0	0	0	0	0	0	0	0	0	0	0	0	0	0	0	0	0	0	0	//08년크리스마스이벤트경품복권_국내						
	58	1	1	3	0	0	0	0	0	0	0	0	0	0	0	0	0	0	0	0	0	0	0	0	0	0	//08년크리스마스이벤트경품복권_국내						
	60	7	0	9026	2	0	4015	15	0	65014	5	0	6847	1	0	4196	15	0	4102	10	0	4107	10	0	0	0	//선물상자(20레벨)_친구초대이벤트						
	61	7	0	9027	2	0	4015	30	0	65014	5	0	6847	10	0	4196	30	0	4109	10	0	4118	10	0	0	0	//선물상자(40레벨)_친구초대이벤트						
	62	7	0	47027	2	0	4121	15	0	65014	10	0	6848	10	0	4197	15	0	4104	10	0	4108	10	0	0	0	//선물상자(60레벨)_친구초대이벤트						
	63	8	0	47103	2	0	4121	30	0	65014	10	0	6848	25	0	4197	30	0	4117	10	0	4119	10	0	3319	1	//선물상자(80레벨)_친구초대이벤트						
	64	6	0	4702	3	0	6655	10	0	7246	5	0	7250	5	0	6528	2	0	40298	1	0	0	0	0	0	0	//야수의보물상자_AC(사용안함)						
	65	6	0	4702	4	0	6632	5	0	7247	5	0	7251	5	0	6528	2	0	40299	1	0	0	0	0	0	0	//암흑의보물상자_AC(사용안함)						
	66	6	0	4952	5	0	6634	5	0	7247	10	0	7251	10	0	6528	3	0	40300	1	0	0	0	0	0	0	//얼음의보물상자_AC(사용안함)						
	67	7	0	4952	5	0	4703	1	0	6633	5	0	7247	20	0	7251	20	0	6528	3	0	40301	1	0	0	0	//화염의보물상자_AC(사용안함)						
	68	7	0	4952	5	0	4703	1	0	6633	10	0	7247	30	0	7251	30	0	6528	5	0	40302	1	0	0	0	//공동묘지의보물상자_AC(사용안함)						
	69	5	1	50875	0	1	50875	0	1	50875	0	1	50875	0	1	50875	0	0	0	0	0	0	0	0	0	0	//드리아드스의보물상자_대지의시련						
	70	5	1	50876	0	1	50876	0	1	50876	0	1	50876	0	1	50876	0	0	0	0	0	0	0	0	0	0	//나이아드스의보물상자_물의시련						
	71	5	1	50877	0	1	50877	0	1	50877	0	1	50877	0	1	50877	0	0	0	0	0	0	0	0	0	0	//오레아드스의보물상자_불의시련						
	72	5	1	50878	0	1	50878	0	1	50878	0	1	50878	0	1	50878	0	0	0	0	0	0	0	0	0	0	//나파에아스의보물상자_바람의시련						
	73	5	1	50879	0	1	50879	0	1	50879	0	1	50879	0	1	50879	0	0	0	0	0	0	0	0	0	0	//네레이드의보물상자_어둠의시련						
	74	1	1	95001	0	0	0	0	0	0	0	0	0	0	0	0	0	0	0	0	0	0	0	0	0	0	//하임상자						
	75	8	0	7204	1	0	7271	2	0	4153	1	0	4031	1	0	6655	1	0	6870	1	0	4703	1	0	4952	1	//슈제트의선물1번째						
	76	8	0	7204	2	0	7271	3	0	4153	1	0	4031	2	0	6655	1	0	6870	1	0	4703	1	0	4952	1	//슈제트의선물2번째						
	77	8	0	7205	1	0	7273	2	0	4172	1	0	4031	3	0	6655	2	0	6870	1	0	4703	1	0	4952	1	//슈제트의선물3번째						
	78	8	0	7205	2	0	7273	3	0	4172	1	0	4032	2	0	6655	2	0	6870	1	0	4703	1	0	4952	1	//슈제트의선물4번째						
	79	8	0	7205	2	0	7273	4	0	4172	1	0	4032	3	0	6632	1	0	6870	1	0	4703	1	0	4952	1	//슈제트의선물5번째						
	80	8	0	7206	1	0	7275	3	0	4176	1	0	4032	4	0	6632	1	0	40421	1	0	40420	1	0	40422	1	//슈제트의선물6번째						
	81	8	0	7206	2	0	7275	5	0	4176	1	0	4034	2	0	6632	2	0	40421	2	0	40420	1	0	40422	1	//슈제트의선물7번째						
	82	4	0	6655	10	0	4977	10	0	4952	1	0	40298	1	0	0	0	0	0	0	0	0	0	0	0	0	//야수의보물상자_AC						
	83	4	0	6632	5	0	4977	20	0	4952	1	0	40299	1	0	0	0	0	0	0	0	0	0	0	0	0	//암흑의보물상자_AC						
	84	4	0	6634	5	0	4977	30	0	4952	1	0	40300	1	0	0	0	0	0	0	0	0	0	0	0	0	//얼음의보물상자_AC						
	85	4	0	6633	5	0	4978	10	0	4952	1	0	40301	1	0	0	0	0	0	0	0	0	0	0	0	0	//화염의보물상자_AC						
	86	4	0	6633	10	0	4978	20	0	4952	1	0	40302	1	0	0	0	0	0	0	0	0	0	0	0	0	//공동묘지의보물상자_AC						
	87	1	1	95002	0	0	0	0	0	0	0	0	0	0	0	0	0	0	0	0	0	0	0	0	0	0	//은빛상자						
	88	1	1	95003	0	0	0	0	0	0	0	0	0	0	0	0	0	0	0	0	0	0	0	0	0	0	//금빛상자						
//	89	1	1	95463	0	0	0	0	0	0	0	0	0	0	0	0	0	0	0	0	0	0	0	0	0	0	//일본럭셔리티켓(1000엔)_섀도우						
//	90	1	1	95464	0	0	0	0	0	0	0	0	0	0	0	0	0	0	0	0	0	0	0	0	0	0	//일본럭셔리티켓프티(500엔)_섀도우						
//	91	1	1	95465	0	0	0	0	0	0	0	0	0	0	0	0	0	0	0	0	0	0	0	0	0	0	//일본럭셔리티켓미디(특별)_섀도우						
//	92	1	1	95451	0	1	95451	0	1	95451	0	1	95451	0	1	95451	0	1	95451	0	1	95451	0	1	95451	0	//중국초급보물상자_버서커						
//	93	1	1	95452	0	1	95452	0	1	95452	0	1	95452	0	1	95452	0	1	95452	0	1	95452	0	1	95452	0	//중국초급보물상자_드래곤나이트						
//	94	1	1	95453	0	1	95453	0	1	95453	0	1	95453	0	1	95453	0	1	95453	0	1	95453	0	1	95453	0	//중국초급보물상자_발키리						
//	95	1	1	95454	0	1	95454	0	1	95454	0	1	95454	0	1	95454	0	1	95454	0	1	95454	0	1	95454	0	//중국초급보물상자_엘리멘탈						
//	96	1	1	95455	0	1	95455	0	1	95455	0	1	95455	0	1	95455	0	1	95455	0	1	95455	0	1	95455	0	//중국초급보물상자_섀도우						
//	97	1	1	95456	0	1	95456	0	1	95456	0	1	95456	0	1	95456	0	1	95456	0	1	95456	0	1	95456	0	//중국중급보물상자_All						
//	98	1	1	95457	0	1	95457	0	1	95457	0	1	95457	0	1	95457	0	1	95457	0	1	95457	0	1	95457	0	//중국고급보물상자_All						
//	99	1	1	68	0	1	68	0	1	68	0	1	68	0	1	68	0	1	68	0	1	68	0	1	68	0	//중국국경절이벤트보상						
//	100	1	1	95451	0	0	0	0	0	0	0	0	0	0	0	0	0	0	0	0	0	0	0	0	0	0	//북미복권_버서커						
//	101	1	1	95452	0	0	0	0	0	0	0	0	0	0	0	0	0	0	0	0	0	0	0	0	0	0	//북미복권_드래곤나이트						
//	102	1	1	95453	0	0	0	0	0	0	0	0	0	0	0	0	0	0	0	0	0	0	0	0	0	0	//북미복권_발키리						
//	103	1	1	95454	0	0	0	0	0	0	0	0	0	0	0	0	0	0	0	0	0	0	0	0	0	0	//북미복권_엘리멘탈리스트						
	104	1	1	95004	0	0	0	0	0	0	0	0	0	0	0	0	0	0	0	0	0	0	0	0	0	0	//달빛상자						
	105	1	1	95005	0	0	0	0	0	0	0	0	0	0	0	0	0	0	0	0	0	0	0	0	0	0	//별빛상자						
	106	5	0	40564	1	0	40565	1	0	40566	1	0	40567	1	0	40568	1	0	0	0	0	0	0	0	0	0	//저주받은탑인장세트						
	107	1	1	50904	0	0	0	0	0	0	0	0	0	0	0	0	0	0	0	0	0	0	0	0	0	0	//연금술상자						
	108	1	1	50905	0	0	0	0	0	0	0	0	0	0	0	0	0	0	0	0	0	0	0	0	0	0	//악어의위장						
	109	1	1	50906	0	0	0	0	0	0	0	0	0	0	0	0	0	0	0	0	0	0	0	0	0	0	//괴조의위장						
	110	1	1	50907	0	0	0	0	0	0	0	0	0	0	0	0	0	0	0	0	0	0	0	0	0	0	//가네사의연금술장치						
	111	1	1	50908	0	0	0	0	0	0	0	0	0	0	0	0	0	0	0	0	0	0	0	0	0	0	//연금술상자						
	112	1	1	50909	0	0	0	0	0	0	0	0	0	0	0	0	0	0	0	0	0	0	0	0	0	0	//마법사의구슬						
	113	1	1	50910	0	0	0	0	0	0	0	0	0	0	0	0	0	0	0	0	0	0	0	0	0	0	//검은구슬						
	114	1	1	50911	0	0	0	0	0	0	0	0	0	0	0	0	0	0	0	0	0	0	0	0	0	0	//배터리상자						
	115	6	0	7271	2	0	4031	1	0	6655	1	0	6870	1	0	4703	1	0	4952	1	0	0	0	0	0	0	//사제의선물1						
	116	6	0	7272	3	0	4031	2	0	6655	1	0	6870	1	0	4703	1	0	4952	1	0	0	0	0	0	0	//사제의선물2						
	117	6	0	7273	2	0	4031	3	0	6655	2	0	6870	2	0	4703	2	0	4952	2	0	0	0	0	0	0	//사제의선물3						
	118	6	0	7274	4	0	4032	3	0	6632	1	0	6870	1	0	4703	1	0	4952	1	0	0	0	0	0	0	//이그니스의보급품1						
	119	6	0	7275	3	0	4032	4	0	6632	1	0	40421	2	0	40420	1	0	40422	2	0	0	0	0	0	0	//이그니스의보급품2						
	120	6	0	7275	5	0	4034	4	0	6632	3	0	40421	3	0	40420	2	0	40422	3	0	0	0	0	0	0	//이그니스의보급품3						
	121	1	1	95006	0	0	0	0	0	0	0	0	0	0	0	0	0	0	0	0	0	0	0	0	0	0	//은빛상자2						
	122	1	1	95007	0	0	0	0	0	0	0	0	0	0	0	0	0	0	0	0	0	0	0	0	0	0	//금빛상자2						
	123	1	1	4	0	0	0	0	0	0	0	0	0	0	0	0	0	0	0	0	0	0	0	0	0	0	//크리스마스행복상자						
	124	1	1	5	0	0	0	0	0	0	0	0	0	0	0	0	0	0	0	0	0	0	0	0	0	0	//크리스마스축복상자						
	125	1	1	6	0	0	0	0	0	0	0	0	0	0	0	0	0	0	0	0	0	0	0	0	0	0	//크리스마스사랑상자						
	126	1	1	95008	0	0	0	0	0	0	0	0	0	0	0	0	0	0	0	0	0	0	0	0	0	0	//달빛상자2						
	127	1	1	95009	0	0	0	0	0	0	0	0	0	0	0	0	0	0	0	0	0	0	0	0	0	0	//별빛상자2						
	128	1	1	95010	0	0	0	0	0	0	0	0	0	0	0	0	0	0	0	0	0	0	0	0	0	0	//은빛상자3						
	129	1	1	95011	0	0	0	0	0	0	0	0	0	0	0	0	0	0	0	0	0	0	0	0	0	0	//금빛상자3						
//	130	1	1	185	0	0	0	0	0	0	0	0	0	0	0	0	0	0	0	0	0	0	0	0	0	0	//중국구정이벤트_최고급비단주머니						
//	131	1	1	186	0	0	0	0	0	0	0	0	0	0	0	0	0	0	0	0	0	0	0	0	0	0	//중국구정이벤트_고급비단주머니						
//	132	1	1	187	0	0	0	0	0	0	0	0	0	0	0	0	0	0	0	0	0	0	0	0	0	0	//중국구정이벤트_중급비단주머니						
//	133	1	1	188	0	0	0	0	0	0	0	0	0	0	0	0	0	0	0	0	0	0	0	0	0	0	//중국구정이벤트_초급비단주머니						
//	134	1	1	51	0	0	0	0	0	0	0	0	0	0	0	0	0	0	0	0	0	0	0	0	0	0	//글로벌_장비복권						
//	135	1	1	52	0	0	0	0	0	0	0	0	0	0	0	0	0	0	0	0	0	0	0	0	0	0	//글로벌_장비복권						
//	136	8	0	1003	20000	0	1053	20000	0	1103	20000	0	1153	20000	0	1203	20000	0	1253	20000	0	1303	20000	0	1353	20000	//버서커_스텟1						
//	137	8	0	11003	20000	0	11053	20000	0	11103	20000	0	11153	20000	0	11203	20000	0	11253	20000	0	11303	20000	0	11353	20000	//버서커_스텟2						
//	138	8	0	21003	20000	0	21053	20000	0	21103	20000	0	21153	20000	0	21203	20000	0	21253	20000	0	21303	20000	0	21353	20000	//버서커_숙련1						
//	139	8	0	31003	20000	0	31053	20000	0	31103	20000	0	31153	20000	0	31203	20000	0	31253	20000	0	31303	20000	0	31353	20000	//버서커_숙련2						
//	140	8	0	1013	20000	0	1063	20000	0	1113	20000	0	1163	20000	0	1213	20000	0	1263	20000	0	1313	20000	0	1363	20000	//드나_스텟1						
//	141	8	0	11013	20000	0	11063	20000	0	11113	20000	0	11163	20000	0	11213	20000	0	11263	20000	0	11313	20000	0	11363	20000	//드나_스텟2						
//	142	8	0	21013	20000	0	21063	20000	0	21113	20000	0	21163	20000	0	21213	20000	0	21263	20000	0	21313	20000	0	21363	20000	//드나_숙련1						
//	143	8	0	31013	20000	0	31063	20000	0	31113	20000	0	31163	20000	0	31213	20000	0	31263	20000	0	31313	20000	0	31363	20000	//드나_숙련2						
//	144	8	0	1033	20000	0	1083	20000	0	1133	20000	0	1183	20000	0	1233	20000	0	1283	20000	0	1333	20000	0	1383	20000	//발키리_스텟1						
//	145	8	0	11033	20000	0	11083	20000	0	11133	20000	0	11183	20000	0	11233	20000	0	11283	20000	0	11333	20000	0	11383	20000	//발키리_스텟2						
//	146	8	0	21033	20000	0	21083	20000	0	21133	20000	0	21183	20000	0	21233	20000	0	21283	20000	0	21333	20000	0	21383	20000	//발키리_숙련1						
//	147	8	0	31033	20000	0	31083	20000	0	31133	20000	0	31183	20000	0	31233	20000	0	31283	20000	0	31333	20000	0	31383	20000	//발키리_숙련2						
//	148	8	0	1043	20000	0	1093	20000	0	1143	20000	0	1193	20000	0	1243	20000	0	1293	20000	0	1343	20000	0	1393	20000	//엘리_스텟1						
//	149	8	0	11043	20000	0	11093	20000	0	11143	20000	0	11193	20000	0	11243	20000	0	11293	20000	0	11343	20000	0	11393	20000	//엘리_스텟2						
//	150	8	0	21043	20000	0	21093	20000	0	21143	20000	0	21193	20000	0	21243	20000	0	21293	20000	0	21343	20000	0	21393	20000	//엘리_숙련1						
//	151	8	0	31043	20000	0	31093	20000	0	31143	20000	0	31193	20000	0	31243	20000	0	31293	20000	0	31343	20000	0	31393	20000	//엘리_숙련2						
//	152	1	1	50958	0	0	0	0	0	0	0	0	0	0	0	0	0	0	0	0	0	0	0	0	0	0	//라비모라의선물_로또						
	153	1	1	50959	0	0	0	0	0	0	0	0	0	0	0	0	0	0	0	0	0	0	0	0	0	0	//크롤리버사의선물_로또						
	154	1	1	50963	0	0	0	0	0	0	0	0	0	0	0	0	0	0	0	0	0	0	0	0	0	0	//변이된생명체의위장_로또						
//	155	1	1	73084	0	0	0	0	0	0	0	0	0	0	0	0	0	0	0	0	0	0	0	0	0	0	//글로벌_P코인 전용 복권(PlatinumBox)						
//	156	1	1	73085	0	0	0	0	0	0	0	0	0	0	0	0	0	0	0	0	0	0	0	0	0	0	//글로벌_P코인 전용 복권(PlatinumBox)						
//	157	1	1	73086	0	0	0	0	0	0	0	0	0	0	0	0	0	0	0	0	0	0	0	0	0	0	//글로벌_P코인 전용 복권(PlatinumBox)						
//	158	1	1	73087	0	0	0	0	0	0	0	0	0	0	0	0	0	0	0	0	0	0	0	0	0	0	//글로벌_P코인 전용 복권(PlatinumBox)						
//	159	1	1	73088	0	0	0	0	0	0	0	0	0	0	0	0	0	0	0	0	0	0	0	0	0	0	//글로벌_P코인 전용 복권(GoldenBox)						
//	160	1	1	73089	0	0	0	0	0	0	0	0	0	0	0	0	0	0	0	0	0	0	0	0	0	0	//글로벌_P코인 전용 복권(GoldenBox)						
//	161	1	1	73090	0	0	0	0	0	0	0	0	0	0	0	0	0	0	0	0	0	0	0	0	0	0	//글로벌_P코인 전용 복권(GoldenBox)						
//	162	1	1	73091	0	0	0	0	0	0	0	0	0	0	0	0	0	0	0	0	0	0	0	0	0	0	//글로벌_P코인 전용 복권(GoldenBox)						
	163	4	0	3405	1	0	3620	1	0	3621	1	0	3622	1	0	0	0	0	0	0	0	0	0	0	0	0	//희색오크피그+2차파츠						
	164	4	0	3408	1	0	3620	1	0	3621	1	0	3622	1	0	0	0	0	0	0	0	0	0	0	0	0	//검정오크피그+2차파츠						
	165	4	0	3402	1	0	3620	1	0	3621	1	0	3622	1	0	0	0	0	0	0	0	0	0	0	0	0	//오크피그+2차파츠						
	166	1	1	95012	0	0	0	0	0	0	0	0	0	0	0	0	0	0	0	0	0	0	0	0	0	0	//6차복권(100)						
	167	1	1	95013	0	0	0	0	0	0	0	0	0	0	0	0	0	0	0	0	0	0	0	0	0	0	//6차복권(1000)						
//	168	1	1	56	0	0	0	0	0	0	0	0	0	0	0	0	0	0	0	0	0	0	0	0	0	0	//글로벌_P코인 전용 복권(New칼버스복권)						
//	169	1	1	21	0	0	0	0	0	0	0	0	0	0	0	0	0	0	0	0	0	0	0	0	0	0	//글로벌_P코인 전용 복권(초보_BoxofWonder(B))						
//	170	1	1	22	0	0	0	0	0	0	0	0	0	0	0	0	0	0	0	0	0	0	0	0	0	0	//글로벌_P코인 전용 복권(초보_BoxofWonder(D))						
//	171	1	1	23	0	0	0	0	0	0	0	0	0	0	0	0	0	0	0	0	0	0	0	0	0	0	//글로벌_P코인 전용 복권(초보_BoxofWonder(V))						
//	172	1	1	24	0	0	0	0	0	0	0	0	0	0	0	0	0	0	0	0	0	0	0	0	0	0	//글로벌_P코인 전용 복권(초보_BoxofWonder(E))						
	173	1	1	7	0	0	0	0	0	0	0	0	0	0	0	0	0	0	0	0	0	0	0	0	0	0	//국내_태양의씨앗_버서커이벤트아이템						
	174	1	1	8	0	0	0	0	0	0	0	0	0	0	0	0	0	0	0	0	0	0	0	0	0	0	//국내_태양의씨앗_드래곤이벤트아이템						
	175	1	1	9	0	0	0	0	0	0	0	0	0	0	0	0	0	0	0	0	0	0	0	0	0	0	//국내_태양의씨앗_발키리이벤트아이템						
	176	1	1	10	0	0	0	0	0	0	0	0	0	0	0	0	0	0	0	0	0	0	0	0	0	0	//국내_태양의씨앗_엘리이벤트아이템						
	177	1	1	11	0	0	0	0	0	0	0	0	0	0	0	0	0	0	0	0	0	0	0	0	0	0	//국내_태양의씨앗_섀도우이벤트아이템						
	178	1	1	12	0	0	0	0	0	0	0	0	0	0	0	0	0	0	0	0	0	0	0	0	0	0	//국내_태양의씨앗_입장권						
	179	1	1	13	0	0	0	0	0	0	0	0	0	0	0	0	0	0	0	0	0	0	0	0	0	0	//국내_OBT4주년_버서커보급무기						
	180	1	1	14	0	0	0	0	0	0	0	0	0	0	0	0	0	0	0	0	0	0	0	0	0	0	//국내_OBT4주년_드래곤보급무기						
	181	1	1	15	0	0	0	0	0	0	0	0	0	0	0	0	0	0	0	0	0	0	0	0	0	0	//국내_OBT4주년_섀도우보급무기						
	182	1	1	16	0	0	0	0	0	0	0	0	0	0	0	0	0	0	0	0	0	0	0	0	0	0	//국내_OBT4주년_발키리보급무기						
	183	1	1	17	0	0	0	0	0	0	0	0	0	0	0	0	0	0	0	0	0	0	0	0	0	0	//국내_OBT4주년_엘리보급무기						
	184	1	1	95014	0	0	0	0	0	0	0	0	0	0	0	0	0	0	0	0	0	0	0	0	0	0	//국내_7차복권_작은알						
	185	1	1	95015	0	0	0	0	0	0	0	0	0	0	0	0	0	0	0	0	0	0	0	0	0	0	//국내_7차복권_큰알						
//	186	1	1	96560	0	0	0	0	0	0	0	0	0	0	0	0	0	0	0	0	0	0	0	0	0	0	//북미럭셔리복권_버서커						
//	187	1	1	96561	0	0	0	0	0	0	0	0	0	0	0	0	0	0	0	0	0	0	0	0	0	0	//북미럭셔리복권_드래곤나이트						
//	188	1	1	96562	0	0	0	0	0	0	0	0	0	0	0	0	0	0	0	0	0	0	0	0	0	0	//북미럭셔리복권_발키리						
//	189	1	1	96563	0	0	0	0	0	0	0	0	0	0	0	0	0	0	0	0	0	0	0	0	0	0	//북미럭셔리복권_엘리멘탈리스트						
//	190	1	1	96564	0	0	0	0	0	0	0	0	0	0	0	0	0	0	0	0	0	0	0	0	0	0	//북미럭셔리복권_섀도우						
//	191	1	1	81	0	0	0	0	0	0	0	0	0	0	0	0	0	0	0	0	0	0	0	0	0	0	//중국재계약이벤트_초급상자						
//	192	1	1	82	0	0	0	0	0	0	0	0	0	0	0	0	0	0	0	0	0	0	0	0	0	0	//중국재계약이벤트_중급상자						
//	193	1	1	83	0	0	0	0	0	0	0	0	0	0	0	0	0	0	0	0	0	0	0	0	0	0	//중국재계약이벤트_고급상자						
//	194	1	1	79	0	0	0	0	0	0	0	0	0	0	0	0	0	0	0	0	0	0	0	0	0	0	//북미복권_섀도우						
	195	1	1	95016	0	0	0	0	0	0	0	0	0	0	0	0	0	0	0	0	0	0	0	0	0	0	//국내_8차복권_작은알						
	196	1	1	95017	0	0	0	0	0	0	0	0	0	0	0	0	0	0	0	0	0	0	0	0	0	0	//국내_8차복권_큰알						
//	197	1	1	192	0	0	0	0	0	0	0	0	0	0	0	0	0	0	0	0	0	0	0	0	0	0	//중국_여름방학이벤트_일반상자						
//	198	1	1	193	0	0	0	0	0	0	0	0	0	0	0	0	0	0	0	0	0	0	0	0	0	0	//중국_여름방학이벤트_중급상자						
//	199	1	1	194	0	0	0	0	0	0	0	0	0	0	0	0	0	0	0	0	0	0	0	0	0	0	//중국_여름방학이벤트_고급상자						
//	200	1	1	53	0	0	0	0	0	0	0	0	0	0	0	0	0	0	0	0	0	0	0	0	0	0	//10코인상자(글로벌)						
//	201	1	1	54	0	0	0	0	0	0	0	0	0	0	0	0	0	0	0	0	0	0	0	0	0	0	//100코인상자(글로벌)						
//	202	1	1	55	0	0	0	0	0	0	0	0	0	0	0	0	0	0	0	0	0	0	0	0	0	0	//50코인상자(글로벌)						
//	203	1	1	56	0	0	0	0	0	0	0	0	0	0	0	0	0	0	0	0	0	0	0	0	0	0	//칼버스복권상자(글로벌)						
//	204	1	1	57	0	0	0	0	0	0	0	0	0	0	0	0	0	0	0	0	0	0	0	0	0	0	//버서커 4차 방어구코인상자(글로벌)						
//	205	1	1	58	0	0	0	0	0	0	0	0	0	0	0	0	0	0	0	0	0	0	0	0	0	0	//드나 4차 방어구코인상자(글로벌)						
//	206	1	1	59	0	0	0	0	0	0	0	0	0	0	0	0	0	0	0	0	0	0	0	0	0	0	//발키리 4차 방어구코인상자(글로벌)						
//	207	1	1	60	0	0	0	0	0	0	0	0	0	0	0	0	0	0	0	0	0	0	0	0	0	0	//엘리 4차 방어구코인상자(글로벌)						
//	208	1	1	61	0	0	0	0	0	0	0	0	0	0	0	0	0	0	0	0	0	0	0	0	0	0	//버서커 9차 무기상자(글로벌)						
//	209	1	1	62	0	0	0	0	0	0	0	0	0	0	0	0	0	0	0	0	0	0	0	0	0	0	//드나 9차 무기상자(글로벌)						
//	210	1	1	63	0	0	0	0	0	0	0	0	0	0	0	0	0	0	0	0	0	0	0	0	0	0	//발키리 9차 무기상자(글로벌)						
//	211	1	1	64	0	0	0	0	0	0	0	0	0	0	0	0	0	0	0	0	0	0	0	0	0	0	//엘리 9차 무기상자(글로벌)						
//	212	1	1	65	0	0	0	0	0	0	0	0	0	0	0	0	0	0	0	0	0	0	0	0	0	0	//칼버스복권상자(버서커)(글로벌)						
//	213	1	1	66	0	0	0	0	0	0	0	0	0	0	0	0	0	0	0	0	0	0	0	0	0	0	//칼버스복권상자(드나)(글로벌)						
//	214	1	1	67	0	0	0	0	0	0	0	0	0	0	0	0	0	0	0	0	0	0	0	0	0	0	//칼버스복권상자(발키리)(글로벌)						
//	215	1	1	68	0	0	0	0	0	0	0	0	0	0	0	0	0	0	0	0	0	0	0	0	0	0	//칼버스복권상자(엘리)(글로벌)						
//	216	1	1	69	0	0	0	0	0	0	0	0	0	0	0	0	0	0	0	0	0	0	0	0	0	0	//칼버스복권상자(발키리)(글로벌)						
//	217	1	1	70	0	0	0	0	0	0	0	0	0	0	0	0	0	0	0	0	0	0	0	0	0	0	//칼버스복권상자(엘리)(글로벌)						
	218	1	1	95018	0	0	0	0	0	0	0	0	0	0	0	0	0	0	0	0	0	0	0	0	0	0	//국내_10차복권_미니에그						
	219	1	1	95019	0	0	0	0	0	0	0	0	0	0	0	0	0	0	0	0	0	0	0	0	0	0	//국내_10차복권_점보에그						
	220	1	1	18	0	0	0	0	0	0	0	0	0	0	0	0	0	0	0	0	0	0	0	0	0	0	//국내_태양의씨앗_버서커이벤트아이템세트						
	221	1	1	19	0	0	0	0	0	0	0	0	0	0	0	0	0	0	0	0	0	0	0	0	0	0	//국내_태양의씨앗_드래곤이벤트아이템세트						
	222	1	1	20	0	0	0	0	0	0	0	0	0	0	0	0	0	0	0	0	0	0	0	0	0	0	//국내_태양의씨앗_발키리이벤트아이템세트						
	223	1	1	21	0	0	0	0	0	0	0	0	0	0	0	0	0	0	0	0	0	0	0	0	0	0	//국내_태양의씨앗_엘리이벤트아이템세트						
	224	1	1	22	0	0	0	0	0	0	0	0	0	0	0	0	0	0	0	0	0	0	0	0	0	0	//국내_태양의씨앗_섀도우이벤트아이템세트						
	225	5	0	45044	50000	0	45049	50000	0	45054	50000	0	45059	50000	0	45064	50000	0	0	0	0	0	0	0	0	0	//국내_할로윈_버서커스킨세트						
	226	5	0	45045	50000	0	45050	50000	0	45055	50000	0	45060	50000	0	45065	50000	0	0	0	0	0	0	0	0	0	//국내_할로윈_드래곤스킨세트						
	227	5	0	45046	50000	0	45051	50000	0	45056	50000	0	45061	50000	0	45066	50000	0	0	0	0	0	0	0	0	0	//국내_할로윈_섀도우스킨세트						
	228	5	0	45047	50000	0	45052	50000	0	45057	50000	0	45062	50000	0	45067	50000	0	0	0	0	0	0	0	0	0	//국내_할로윈_발키리이벤트스킨세트						
	229	5	0	45048	50000	0	45053	50000	0	45058	50000	0	45063	50000	0	45068	50000	0	0	0	0	0	0	0	0	0	//국내_할로윈_엘리이벤트스킨세트						
	230	8	0	45070	50000	0	45120	50000	0	45170	50000	0	45220	50000	0	45270	50000	0	45320	50000	0	45370	50000	0	45420	50000	//버서커_1차장비_베리에이션_세트						
	231	8	0	45071	50000	0	45121	50000	0	45171	50000	0	45221	50000	0	45271	50000	0	45321	50000	0	45371	50000	0	45421	50000	//버서커_2차장비_베리에이션_세트						
	232	8	0	45072	50000	0	45122	50000	0	45172	50000	0	45222	50000	0	45272	50000	0	45322	50000	0	45372	50000	0	45422	50000	//버서커_3차장비_베리에이션_세트						
	233	8	0	45073	50000	0	45123	50000	0	45173	50000	0	45223	50000	0	45273	50000	0	45323	50000	0	45373	50000	0	45423	50000	//버서커_4차장비_베리에이션_세트						
	234	8	0	45074	50000	0	45124	50000	0	45174	50000	0	45224	50000	0	45274	50000	0	45324	50000	0	45374	50000	0	45424	50000	//버서커_5차장비_베리에이션_세트						
	235	8	0	45075	50000	0	45125	50000	0	45175	50000	0	45225	50000	0	45275	50000	0	45325	50000	0	45375	50000	0	45425	50000	//버서커_6차장비_베리에이션_세트						
	236	8	0	45076	50000	0	45126	50000	0	45176	50000	0	45226	50000	0	45276	50000	0	45326	50000	0	45376	50000	0	45426	50000	//버서커_7차장비_베리에이션_세트						
	237	8	0	45077	50000	0	45127	50000	0	45177	50000	0	45227	50000	0	45277	50000	0	45327	50000	0	45377	50000	0	45427	50000	//버서커_8차장비_베리에이션_세트						
//	238	8	0	45078	50000	0	45128	50000	0	45178	50000	0	45228	50000	0	45278	50000	0	45328	50000	0	45378	50000	0	45428	50000	//버서커_9차장비_베리에이션_세트						
//	239	8	0	45079	50000	0	45129	50000	0	45179	50000	0	45229	50000	0	45279	50000	0	45329	50000	0	45379	50000	0	45429	50000	//버서커_10차장비_베리에이션_세트						
	240	8	0	45080	50000	0	45130	50000	0	45180	50000	0	45230	50000	0	45280	50000	0	45330	50000	0	45380	50000	0	45430	50000	//드래곤나이트_1차장비_베리에이션_세트						
	241	8	0	45081	50000	0	45131	50000	0	45181	50000	0	45231	50000	0	45281	50000	0	45331	50000	0	45381	50000	0	45431	50000	//드래곤나이트_2차장비_베리에이션_세트						
	242	8	0	45082	50000	0	45132	50000	0	45182	50000	0	45232	50000	0	45282	50000	0	45332	50000	0	45382	50000	0	45432	50000	//드래곤나이트_3차장비_베리에이션_세트						
	243	8	0	45083	50000	0	45133	50000	0	45183	50000	0	45233	50000	0	45283	50000	0	45333	50000	0	45383	50000	0	45433	50000	//드래곤나이트_4차장비_베리에이션_세트						
	244	8	0	45084	50000	0	45134	50000	0	45184	50000	0	45234	50000	0	45284	50000	0	45334	50000	0	45384	50000	0	45434	50000	//드래곤나이트_5차장비_베리에이션_세트						
	245	8	0	45085	50000	0	45135	50000	0	45185	50000	0	45235	50000	0	45285	50000	0	45335	50000	0	45385	50000	0	45435	50000	//드래곤나이트_6차장비_베리에이션_세트						
	246	8	0	45086	50000	0	45136	50000	0	45186	50000	0	45236	50000	0	45286	50000	0	45336	50000	0	45386	50000	0	45436	50000	//드래곤나이트_7차장비_베리에이션_세트						
	247	8	0	45087	50000	0	45137	50000	0	45187	50000	0	45237	50000	0	45287	50000	0	45337	50000	0	45387	50000	0	45437	50000	//드래곤나이트_8차장비_베리에이션_세트						
//	248	8	0	45088	50000	0	45138	50000	0	45188	50000	0	45238	50000	0	45288	50000	0	45338	50000	0	45388	50000	0	45438	50000	//드래곤나이트_9차장비_베리에이션_세트						
//	249	8	0	45089	50000	0	45139	50000	0	45189	50000	0	45239	50000	0	45289	50000	0	45339	50000	0	45389	50000	0	45439	50000	//드래곤나이트_10차장비_베리에이션_세트						
	250	8	0	45090	50000	0	45140	50000	0	45190	50000	0	45240	50000	0	45290	50000	0	45340	50000	0	45390	50000	0	45440	50000	//섀도우_1차장비_베리에이션_세트						
	251	8	0	45091	50000	0	45141	50000	0	45191	50000	0	45241	50000	0	45291	50000	0	45341	50000	0	45391	50000	0	45441	50000	//섀도우_2차장비_베리에이션_세트						
	252	8	0	45092	50000	0	45142	50000	0	45192	50000	0	45242	50000	0	45292	50000	0	45342	50000	0	45392	50000	0	45442	50000	//섀도우_3차장비_베리에이션_세트						
	253	8	0	45093	50000	0	45143	50000	0	45193	50000	0	45243	50000	0	45293	50000	0	45343	50000	0	45393	50000	0	45443	50000	//섀도우_4차장비_베리에이션_세트						
	254	8	0	45094	50000	0	45144	50000	0	45194	50000	0	45244	50000	0	45294	50000	0	45344	50000	0	45394	50000	0	45444	50000	//섀도우_5차장비_베리에이션_세트						
	255	8	0	45095	50000	0	45145	50000	0	45195	50000	0	45245	50000	0	45295	50000	0	45345	50000	0	45395	50000	0	45445	50000	//섀도우_6차장비_베리에이션_세트						
	256	8	0	45096	50000	0	45146	50000	0	45196	50000	0	45246	50000	0	45296	50000	0	45346	50000	0	45396	50000	0	45446	50000	//섀도우_7차장비_베리에이션_세트						
	257	8	0	45097	50000	0	45147	50000	0	45197	50000	0	45247	50000	0	45297	50000	0	45347	50000	0	45397	50000	0	45447	50000	//섀도우_8차장비_베리에이션_세트						
//	258	8	0	45098	50000	0	45148	50000	0	45198	50000	0	45248	50000	0	45298	50000	0	45348	50000	0	45398	50000	0	45448	50000	//섀도우_9차장비_베리에이션_세트						
//	259	8	0	45099	50000	0	45149	50000	0	45199	50000	0	45249	50000	0	45299	50000	0	45349	50000	0	45399	50000	0	45449	50000	//섀도우_10차장비_베리에이션_세트						
	260	8	0	45100	50000	0	45150	50000	0	45200	50000	0	45250	50000	0	45300	50000	0	45350	50000	0	45400	50000	0	45450	50000	//발키리_1차장비_베리에이션_세트						
	261	8	0	45101	50000	0	45151	50000	0	45201	50000	0	45251	50000	0	45301	50000	0	45351	50000	0	45401	50000	0	45451	50000	//발키리_2차장비_베리에이션_세트						
	262	8	0	45102	50000	0	45152	50000	0	45202	50000	0	45252	50000	0	45302	50000	0	45352	50000	0	45402	50000	0	45452	50000	//발키리_3차장비_베리에이션_세트						
	263	8	0	45103	50000	0	45153	50000	0	45203	50000	0	45253	50000	0	45303	50000	0	45353	50000	0	45403	50000	0	45453	50000	//발키리_4차장비_베리에이션_세트						
	264	8	0	45104	50000	0	45154	50000	0	45204	50000	0	45254	50000	0	45304	50000	0	45354	50000	0	45404	50000	0	45454	50000	//발키리_5차장비_베리에이션_세트						
	265	8	0	45105	50000	0	45155	50000	0	45205	50000	0	45255	50000	0	45305	50000	0	45355	50000	0	45405	50000	0	45455	50000	//발키리_6차장비_베리에이션_세트						
	266	8	0	45106	50000	0	45156	50000	0	45206	50000	0	45256	50000	0	45306	50000	0	45356	50000	0	45406	50000	0	45456	50000	//발키리_7차장비_베리에이션_세트						
	267	8	0	45107	50000	0	45157	50000	0	45207	50000	0	45257	50000	0	45307	50000	0	45357	50000	0	45407	50000	0	45457	50000	//발키리_8차장비_베리에이션_세트						
//	268	8	0	45108	50000	0	45158	50000	0	45208	50000	0	45258	50000	0	45308	50000	0	45358	50000	0	45408	50000	0	45458	50000	//발키리_9차장비_베리에이션_세트						
//	269	8	0	45109	50000	0	45159	50000	0	45209	50000	0	45259	50000	0	45309	50000	0	45359	50000	0	45409	50000	0	45459	50000	//발키리_10차장비_베리에이션_세트						
	270	8	0	45110	50000	0	45160	50000	0	45210	50000	0	45260	50000	0	45310	50000	0	45360	50000	0	45410	50000	0	45460	50000	//엘리_1차장비_베리에이션_세트						
	271	8	0	45111	50000	0	45161	50000	0	45211	50000	0	45261	50000	0	45311	50000	0	45361	50000	0	45411	50000	0	45461	50000	//엘리_2차장비_베리에이션_세트						
	272	8	0	45112	50000	0	45162	50000	0	45212	50000	0	45262	50000	0	45312	50000	0	45362	50000	0	45412	50000	0	45462	50000	//엘리_3차장비_베리에이션_세트						
	273	8	0	45113	50000	0	45163	50000	0	45213	50000	0	45263	50000	0	45313	50000	0	45363	50000	0	45413	50000	0	45463	50000	//엘리_4차장비_베리에이션_세트						
	274	8	0	45114	50000	0	45164	50000	0	45214	50000	0	45264	50000	0	45314	50000	0	45364	50000	0	45414	50000	0	45464	50000	//엘리_5차장비_베리에이션_세트						
	275	8	0	45115	50000	0	45165	50000	0	45215	50000	0	45265	50000	0	45315	50000	0	45365	50000	0	45415	50000	0	45465	50000	//엘리_6차장비_베리에이션_세트						
	276	8	0	45116	50000	0	45166	50000	0	45216	50000	0	45266	50000	0	45316	50000	0	45366	50000	0	45416	50000	0	45466	50000	//엘리_7차장비_베리에이션_세트						
	277	8	0	45117	50000	0	45167	50000	0	45217	50000	0	45267	50000	0	45317	50000	0	45367	50000	0	45417	50000	0	45467	50000	//엘리_8차장비_베리에이션_세트						
//	278	8	0	45118	50000	0	45168	50000	0	45218	50000	0	45268	50000	0	45318	50000	0	45368	50000	0	45418	50000	0	45468	50000	//엘리_9차장비_베리에이션_세트						
//	279	8	0	45119	50000	0	45169	50000	0	45219	50000	0	45269	50000	0	45319	50000	0	45369	50000	0	45419	50000	0	45469	50000	//엘리_10차장비_베리에이션_세트						
	280	8	0	51262	50000	0	51263	50000	0	51264	50000	0	51265	50000	0	51266	50000	0	51267	50000	0	51268	50000	0	51269	50000	//버서커_아폴로-A_세트						
	281	8	0	51270	50000	0	51271	50000	0	51272	50000	0	51273	50000	0	51274	50000	0	51275	50000	0	51276	50000	0	51277	50000	//드래곤나이트_아레스-A_세트						
	282	8	0	51294	50000	0	51295	50000	0	51296	50000	0	51297	50000	0	51298	50000	0	51299	50000	0	51300	50000	0	51301	50000	//섀도우_헤르메스-A_세트						
	283	8	0	51286	50000	0	51287	50000	0	51288	50000	0	51289	50000	0	51290	50000	0	51291	50000	0	51292	50000	0	51293	50000	//발키리_니케-A_세트						
	284	8	0	51278	50000	0	51279	50000	0	51280	50000	0	51281	50000	0	51282	50000	0	51283	50000	0	51284	50000	0	51285	50000	//엘리_아르테미스-A_세트						
	285	4	0	6633	15	0	4978	30	0	4952	1	0	40303	1	0	0	0	0	0	0	0	0	0	0	0	0	//헬론의보물상자_AC						
	286	8	0	6816	10	0	6819	1	0	4977	30	0	4978	30	0	4979	10	0	4965	3	0	49150	1	0	7244	1	//로슈엘의보물상자_AC						
	287	1	1	95020	0	0	0	0	0	0	0	0	0	0	0	0	0	0	0	0	0	0	0	0	0	0	//노멀소울카드_국내11차복권(1000)						
	288	1	1	95021	0	0	0	0	0	0	0	0	0	0	0	0	0	0	0	0	0	0	0	0	0	0	//버서커용_소울카드_국내11차복권(2000)						
	289	1	1	95022	0	0	0	0	0	0	0	0	0	0	0	0	0	0	0	0	0	0	0	0	0	0	//드래곤나이트용_소울카드_국내11차복권(2000)						
	290	1	1	95023	0	0	0	0	0	0	0	0	0	0	0	0	0	0	0	0	0	0	0	0	0	0	//섀도우용_소울카드_국내11차복권(2000)						
	291	1	1	95024	0	0	0	0	0	0	0	0	0	0	0	0	0	0	0	0	0	0	0	0	0	0	//발키리용_소울카드_국내11차복권(2000)						
	292	1	1	95025	0	0	0	0	0	0	0	0	0	0	0	0	0	0	0	0	0	0	0	0	0	0	//엘리멘탈리스트용_소울카드_국내11차복권(2000)						
	293	1	1	95026	0	0	0	0	0	0	0	0	0	0	0	0	0	0	0	0	0	0	0	0	0	0	//버서커용_보너스소울카드_국내11차복권(비매품)						
	294	1	1	95027	0	0	0	0	0	0	0	0	0	0	0	0	0	0	0	0	0	0	0	0	0	0	//드래곤나이트용_보너스소울카드_국내11차복권(비매품)						
	295	1	1	95028	0	0	0	0	0	0	0	0	0	0	0	0	0	0	0	0	0	0	0	0	0	0	//섀도우용_보너스소울카드_국내11차복권(비매품)						
	296	1	1	95029	0	0	0	0	0	0	0	0	0	0	0	0	0	0	0	0	0	0	0	0	0	0	//발키리용_보너스소울카드_국내11차복권(비매품)						
	297	1	1	95030	0	0	0	0	0	0	0	0	0	0	0	0	0	0	0	0	0	0	0	0	0	0	//엘리멘탈리스트용_보너스소울카드_국내11차복권(비매품)						
	298	8	0	51036	10000	0	51037	10000	0	51038	10000	0	51039	10000	0	51040	10000	0	51041	10000	0	51042	10000	0	51043	10000	//버서커_파괴신아폴로_세트						
	299	8	0	51044	10000	0	51045	10000	0	51046	10000	0	51047	10000	0	51048	10000	0	51049	10000	0	51050	10000	0	51051	10000	//드래곤나이트_저주의아레스_세트						
	300	8	0	51068	10000	0	51069	10000	0	51070	10000	0	51071	10000	0	51072	10000	0	51073	10000	0	51074	10000	0	51075	10000	//섀도우_탐욕의헤르메스_세트						
	301	8	0	51060	10000	0	51061	10000	0	51062	10000	0	51063	10000	0	51064	10000	0	51065	10000	0	51066	10000	0	51067	10000	//발키리_타락한니케_세트						
	302	8	0	51052	10000	0	51053	10000	0	51054	10000	0	51055	10000	0	51056	10000	0	51057	10000	0	51058	10000	0	51059	10000	//엘리_죽음의아르테미스_세트						
	303	8	0	51036	50000	0	51037	50000	0	51038	50000	0	51039	50000	0	51040	50000	0	51041	50000	0	51042	50000	0	51043	50000	//버서커_파괴신아폴로_스킨세트						
	304	8	0	51044	50000	0	51045	50000	0	51046	50000	0	51047	50000	0	51048	50000	0	51049	50000	0	51050	50000	0	51051	50000	//드래곤나이트_저주의아레스_스킨세트						
	305	8	0	51068	50000	0	51069	50000	0	51070	50000	0	51071	50000	0	51072	50000	0	51073	50000	0	51074	50000	0	51075	50000	//섀도우_탐욕의헤르메스_스킨세트						
	306	8	0	51060	50000	0	51061	50000	0	51062	50000	0	51063	50000	0	51064	50000	0	51065	50000	0	51066	50000	0	51067	50000	//발키리_타락한니케_스킨세트						
	307	8	0	51052	50000	0	51053	50000	0	51054	50000	0	51055	50000	0	51056	50000	0	51057	50000	0	51058	50000	0	51059	50000	//엘리_죽음의아르테미스_스킨세트						
	308	1	1	23	0	0	0	0	0	0	0	0	0	0	0	0	0	0	0	0	0	0	0	0	0	0	//크리스마스이벤트_산타선물상자1						
	309	1	1	24	0	0	0	0	0	0	0	0	0	0	0	0	0	0	0	0	0	0	0	0	0	0	//크리스마스이벤트_산타선물상자2						
	310	1	1	25	0	0	0	0	0	0	0	0	0	0	0	0	0	0	0	0	0	0	0	0	0	0	//크리스마스이벤트_산타선물상자3						
	311	1	1	26	0	0	0	0	0	0	0	0	0	0	0	0	0	0	0	0	0	0	0	0	0	0	//크리스마스이벤트_산타선물상자4						
	312	1	1	14050	0	0	0	0	0	0	0	0	0	0	0	0	0	0	0	0	0	0	0	0	0	0	//접속자포인트_하급쟈드상자						
	313	1	1	14051	0	0	0	0	0	0	0	0	0	0	0	0	0	0	0	0	0	0	0	0	0	0	//접속자포인트_중급쟈드상자						
	314	1	1	14052	0	0	0	0	0	0	0	0	0	0	0	0	0	0	0	0	0	0	0	0	0	0	//접속자포인트_상급쟈드상자						
	315	1	1	14053	0	0	0	0	0	0	0	0	0	0	0	0	0	0	0	0	0	0	0	0	0	0	//접속자포인트_최상급쟈드상자						
	316	7	0	49158	1	0	49159	1	0	49159	1	0	49160	1	0	49160	1	0	49160	1	0	49163	1	0	0	0	//S랭크_장비_보상용_쟈드상자						
	317	8	0	49159	1	0	49159	1	0	49160	1	0	49160	1	0	49161	1	0	49161	1	0	49161	1	0	49165	1	//A랭크_장비_보상용_쟈드상자						
	318	7	0	49160	1	0	49160	1	0	49160	1	0	49161	1	0	49161	1	0	49161	1	0	49166	1	0	0	0	//B랭크_장비_보상용_쟈드상자						
	319	4	0	49160	1	0	49161	1	0	49161	1	0	49161	1	0	0	0	0	0	0	0	0	0	0	0	0	//CD랭크_장비_보상용_쟈드상자						
	320	8	0	49158	1	0	49159	1	0	49159	1	0	49160	1	0	49160	1	0	49160	1	0	49163	1	0	49162	1	//B랭크_악세_보상용_쟈드상자						
	321	8	0	49159	1	0	49159	1	0	49160	1	0	49160	1	0	49161	1	0	49161	1	0	49161	1	0	49166	1	//C랭크_악세_보상용_쟈드상자						
	322	6	0	49160	1	0	49160	1	0	49160	1	0	49161	1	0	49161	1	0	49161	1	0	0	0	0	0	0	//D랭크_악세_보상용_쟈드상자						
	323	2	0	50222	50000	0	50223	50000	0	0	0	0	0	0	0	0	0	0	0	0	0	0	0	0	0	0	//각성한발로그스킨상자						
	324	2	0	50224	50000	0	50225	50000	0	0	0	0	0	0	0	0	0	0	0	0	0	0	0	0	0	0	//라합의어금니스킨상자						
	325	2	0	50226	50000	0	50227	50000	0	0	0	0	0	0	0	0	0	0	0	0	0	0	0	0	0	0	//불화의안두라스스킨상자						
	326	2	0	50228	50000	0	50229	50000	0	0	0	0	0	0	0	0	0	0	0	0	0	0	0	0	0	0	//타락한노르니르스킨상자						
	327	2	0	50230	50000	0	50231	50000	0	0	0	0	0	0	0	0	0	0	0	0	0	0	0	0	0	0	//원죄의마라스킨상자						
	328	1	1	48221	0	0	0	0	0	0	0	0	0	0	0	0	0	0	0	0	0	0	0	0	0	0	//강인한숲의정복자상자						
	329	1	1	48222	0	0	0	0	0	0	0	0	0	0	0	0	0	0	0	0	0	0	0	0	0	0	//용맹한숲의정복자상자						
	330	1	1	48223	0	0	0	0	0	0	0	0	0	0	0	0	0	0	0	0	0	0	0	0	0	0	//차가운숲의정복자상자						
	331	1	1	48224	0	0	0	0	0	0	0	0	0	0	0	0	0	0	0	0	0	0	0	0	0	0	//날렵한숲의정복자상자						
	332	1	1	48225	0	0	0	0	0	0	0	0	0	0	0	0	0	0	0	0	0	0	0	0	0	0	//신성한숲의정복자상자						
	333	1	1	48227	0	0	0	0	0	0	0	0	0	0	0	0	0	0	0	0	0	0	0	0	0	0	//강인한지하수로의정복자상자						
	334	1	1	48228	0	0	0	0	0	0	0	0	0	0	0	0	0	0	0	0	0	0	0	0	0	0	//용맹한지하수로의정복자상자						
	335	1	1	48229	0	0	0	0	0	0	0	0	0	0	0	0	0	0	0	0	0	0	0	0	0	0	//차가운지하수로의정복자상자						
	336	1	1	48230	0	0	0	0	0	0	0	0	0	0	0	0	0	0	0	0	0	0	0	0	0	0	//날렵한지하수로의정복자상자						
	337	1	1	48231	0	0	0	0	0	0	0	0	0	0	0	0	0	0	0	0	0	0	0	0	0	0	//신성한지하수로의정복자상자						
	338	1	1	48233	0	0	0	0	0	0	0	0	0	0	0	0	0	0	0	0	0	0	0	0	0	0	//강인한설원의정복자상자						
	339	1	1	48234	0	0	0	0	0	0	0	0	0	0	0	0	0	0	0	0	0	0	0	0	0	0	//용맹한설원의정복자상자						
	340	1	1	48235	0	0	0	0	0	0	0	0	0	0	0	0	0	0	0	0	0	0	0	0	0	0	//차가운설원의정복자상자						
	341	1	1	48236	0	0	0	0	0	0	0	0	0	0	0	0	0	0	0	0	0	0	0	0	0	0	//날렵한설원의정복자상자						
	342	1	1	48237	0	0	0	0	0	0	0	0	0	0	0	0	0	0	0	0	0	0	0	0	0	0	//신성한설원의정복자상자						
	343	1	1	48239	0	0	0	0	0	0	0	0	0	0	0	0	0	0	0	0	0	0	0	0	0	0	//강인한용족의정복자상자						
	344	1	1	48240	0	0	0	0	0	0	0	0	0	0	0	0	0	0	0	0	0	0	0	0	0	0	//용맹한용족의정복자상자						
	345	1	1	48241	0	0	0	0	0	0	0	0	0	0	0	0	0	0	0	0	0	0	0	0	0	0	//차가운용족의정복자상자						
	346	1	1	48242	0	0	0	0	0	0	0	0	0	0	0	0	0	0	0	0	0	0	0	0	0	0	//날렵한용족의정복자상자						
	347	1	1	48243	0	0	0	0	0	0	0	0	0	0	0	0	0	0	0	0	0	0	0	0	0	0	//신성한용족의정복자상자						
	348	1	1	48245	0	0	0	0	0	0	0	0	0	0	0	0	0	0	0	0	0	0	0	0	0	0	//강인한아이올트의정복자상자						
	349	1	1	48246	0	0	0	0	0	0	0	0	0	0	0	0	0	0	0	0	0	0	0	0	0	0	//용맹한아이올트의정복자상자						
	350	1	1	48247	0	0	0	0	0	0	0	0	0	0	0	0	0	0	0	0	0	0	0	0	0	0	//차가운아이올트의정복자상자						
	351	1	1	48248	0	0	0	0	0	0	0	0	0	0	0	0	0	0	0	0	0	0	0	0	0	0	//날렵한아이올트의정복자상자						
	352	1	1	48249	0	0	0	0	0	0	0	0	0	0	0	0	0	0	0	0	0	0	0	0	0	0	//신성한아이올트의정복자상자						
	353	1	1	48251	0	0	0	0	0	0	0	0	0	0	0	0	0	0	0	0	0	0	0	0	0	0	//강인한헬론의정복자상자						
	354	1	1	48252	0	0	0	0	0	0	0	0	0	0	0	0	0	0	0	0	0	0	0	0	0	0	//용맹한헬론의정복자상자						
	355	1	1	48253	0	0	0	0	0	0	0	0	0	0	0	0	0	0	0	0	0	0	0	0	0	0	//차가운헬론의정복자상자						
	356	1	1	48254	0	0	0	0	0	0	0	0	0	0	0	0	0	0	0	0	0	0	0	0	0	0	//날렵한헬론의정복자상자						
	357	1	1	48255	0	0	0	0	0	0	0	0	0	0	0	0	0	0	0	0	0	0	0	0	0	0	//신성한헬론의정복자상자						
	358	1	1	48226	0	0	0	0	0	0	0	0	0	0	0	0	0	0	0	0	0	0	0	0	0	0	//파수꾼사이베드의무기상자						
	359	1	1	48232	0	0	0	0	0	0	0	0	0	0	0	0	0	0	0	0	0	0	0	0	0	0	//어둠의나크라트의무기상자						
	360	1	1	48238	0	0	0	0	0	0	0	0	0	0	0	0	0	0	0	0	0	0	0	0	0	0	//사제시트나르타의무기상자						
	361	1	1	48244	0	0	0	0	0	0	0	0	0	0	0	0	0	0	0	0	0	0	0	0	0	0	//수라키의무기상자						
	362	1	1	48250	0	0	0	0	0	0	0	0	0	0	0	0	0	0	0	0	0	0	0	0	0	0	//영혼강탈자의무기상자						
	363	1	1	48256	0	0	0	0	0	0	0	0	0	0	0	0	0	0	0	0	0	0	0	0	0	0	//갈루아의무기상자						
	364	1	1	56091	0	0	0	0	0	0	0	0	0	0	0	0	0	0	0	0	0	0	0	0	0	0	//[AC보상]엘리트보석함						
	365	2	1	56092	0	1	56093	0	0	0	0	0	0	0	0	0	0	0	0	0	0	0	0	0	0	0	//[AC보상]보급반지함						
	366	1	1	95031	0	0	0	0	0	0	0	0	0	0	0	0	0	0	0	0	0	0	0	0	0	0	//20110504_국내12차복권						
	367	1	1	95033	0	0	0	0	0	0	0	0	0	0	0	0	0	0	0	0	0	0	0	0	0	0	//버서커용_소울카드2nd_국내11년7월복권(2000)						
	368	1	1	95034	0	0	0	0	0	0	0	0	0	0	0	0	0	0	0	0	0	0	0	0	0	0	//드래곤나이트용_소울카드2nd_국내11년7월복권(2000)						
	369	1	1	95035	0	0	0	0	0	0	0	0	0	0	0	0	0	0	0	0	0	0	0	0	0	0	//섀도우용_소울카드2nd_국내11년7월복권(2000)						
	370	1	1	95036	0	0	0	0	0	0	0	0	0	0	0	0	0	0	0	0	0	0	0	0	0	0	//발키리용_소울카드2nd_국내11년7월복권(2000)						
	371	1	1	95037	0	0	0	0	0	0	0	0	0	0	0	0	0	0	0	0	0	0	0	0	0	0	//엘리멘탈리스트용_소울카드2nd_국내11년7월(2000)						
	372	4	0	6814	10	0	6815	10	0	4979	10	0	4952	2	0	0	0	0	0	0	0	0	0	0	0	0	//대지의보물상자_AC						
//	373	8	1	96001	0	1	96002	0	0	4977	10	0	49159	3	0	49165	2	0	49025	255	0	4133	255	0	4199	255	//일본_1102_복귀자상자_버서커						
//	374	8	1	96003	0	1	96004	0	0	4977	10	0	49159	3	0	49165	2	0	49025	255	0	4133	255	0	4199	255	//일본_1102_복귀자상자_드래곤						
//	375	8	1	96005	0	1	96006	0	0	4977	10	0	49159	3	0	49165	2	0	49025	255	0	4133	255	0	4199	255	//일본_1102_복귀자상자_발키리						
//	376	8	1	96007	0	1	96008	0	0	4977	10	0	49159	3	0	49165	2	0	49025	255	0	4133	255	0	4199	255	//일본_1102_복귀자상자_엘리						
//	377	8	1	96009	0	1	96010	0	0	4977	10	0	49159	3	0	49165	2	0	49025	255	0	4133	255	0	4199	255	//일본_1102_복귀자상자_섀도우						
	378	8	0	4001	10	0	4016	5	0	4021	5	0	4026	5	0	4035	5	0	4040	5	0	5517	5	0	49502	1	//중국_레벨달성선물상자_1레벨						
	379	8	0	4016	5	0	4021	5	0	4026	5	0	4035	5	0	4040	5	0	5517	10	0	4184	1	0	49503	1	//중국_레벨달성선물상자_10레벨						
	380	8	0	4017	5	0	4022	5	0	4027	5	0	4036	5	0	4041	5	0	5518	5	0	4184	10	0	49504	1	//중국_레벨달성선물상자_20레벨						
	381	8	0	4017	5	0	4022	5	0	4027	5	0	4036	5	0	4041	5	0	5518	10	0	4185	1	0	49505	1	//중국_레벨달성선물상자_30레벨						
	382	8	0	4018	5	0	4023	5	0	4028	5	0	4037	5	0	4042	5	0	5519	10	0	4185	1	0	49506	1	//중국_레벨달성선물상자_40레벨						
	383	8	0	4018	5	0	4023	5	0	4028	5	0	4037	5	0	4042	5	0	5519	10	0	4185	3	0	49507	1	//중국_레벨달성선물상자_50레벨						
	384	8	0	4019	5	0	4024	5	0	4029	5	0	4038	5	0	4043	5	0	5520	10	0	4186	1	0	49508	1	//중국_레벨달성선물상자_60레벨						
	385	8	0	4019	5	0	4024	5	0	4029	5	0	4038	5	0	4043	5	0	5520	10	0	4186	2	0	49509	1	//중국_레벨달성선물상자_70레벨						
	386	8	0	4020	5	0	4025	5	0	4030	5	0	4039	5	0	4044	5	0	5520	15	0	4186	3	0	49510	1	//중국_레벨달성선물상자_80레벨						
	387	8	0	4020	5	0	4025	5	0	4030	5	0	4039	5	0	4044	5	0	5520	20	0	4186	5	0	49511	1	//중국_레벨달성선물상자_90레벨						
	388	7	0	4020	10	0	4025	10	0	4030	10	0	4039	10	0	4044	10	0	5522	10	0	4187	5	0	0	0	//중국_레벨달성선물상자_100레벨						
	389	1	1	71	0	0	0	0	0	0	0	0	0	0	0	0	0	0	0	0	0	0	0	0	0	0	//중국_기적세계2OBT이벤트_창세보물함						
//	390	1	1	96101	0	0	0	0	0	0	0	0	0	0	0	0	0	0	0	0	0	0	0	0	0	0	//글로벌Ex복권_버서커						
//	391	1	1	96102	0	0	0	0	0	0	0	0	0	0	0	0	0	0	0	0	0	0	0	0	0	0	//글로벌Ex복권_드래곤나이트						
//	392	1	1	96103	0	0	0	0	0	0	0	0	0	0	0	0	0	0	0	0	0	0	0	0	0	0	//글로벌Ex복권_발키리						
//	393	1	1	96104	0	0	0	0	0	0	0	0	0	0	0	0	0	0	0	0	0	0	0	0	0	0	//글로벌Ex복권_엘리멘탈리스트						
//	394	1	1	96105	0	0	0	0	0	0	0	0	0	0	0	0	0	0	0	0	0	0	0	0	0	0	//글로벌Ex복권_섀도우						
	395	1	1	95038	0	0	0	0	0	0	0	0	0	0	0	0	0	0	0	0	0	0	0	0	0	0	//소울카드3rd_국내11년8월(2000)						
//	396	1	1	63178	0	0	0	0	0	0	0	0	0	0	0	0	0	0	0	0	0	0	0	0	0	0	//러시아_일반복권_버서커						
//	397	1	1	63179	0	0	0	0	0	0	0	0	0	0	0	0	0	0	0	0	0	0	0	0	0	0	//러시아_일반복권_드래곤나이트						
//	398	1	1	63180	0	0	0	0	0	0	0	0	0	0	0	0	0	0	0	0	0	0	0	0	0	0	//러시아_일반복권_섀도우						
//	399	1	1	63181	0	0	0	0	0	0	0	0	0	0	0	0	0	0	0	0	0	0	0	0	0	0	//러시아_일반복권_발키리						
//	400	1	1	63182	0	0	0	0	0	0	0	0	0	0	0	0	0	0	0	0	0	0	0	0	0	0	//러시아_일반복권_엘리멘탈리스트						
//	401	8	0	45843	50000	0	45844	50000	0	45845	50000	0	45846	50000	0	45847	50000	0	45848	50000	0	45849	50000	0	45850	50000	//일본이벤트용12차럭키스킨세트(버서커)						
//	402	8	0	45811	50000	0	45812	50000	0	45813	50000	0	45814	50000	0	45815	50000	0	45816	50000	0	45817	50000	0	45818	50000	//일본이벤트용8차럭키스킨세트(드래곤)						
//	403	8	0	45835	50000	0	45836	50000	0	45837	50000	0	45838	50000	0	45839	50000	0	45840	50000	0	45841	50000	0	45842	50000	//일본이벤트용11차럭키스킨세트(섀도우)						
//	404	8	0	45819	50000	0	45820	50000	0	45821	50000	0	45822	50000	0	45823	50000	0	45824	50000	0	45825	50000	0	45826	50000	//일본이벤트용9차럭키스킨세트(발키리)						
//	405	8	0	45827	50000	0	45828	50000	0	45829	50000	0	45830	50000	0	45831	50000	0	45832	50000	0	45833	50000	0	45834	50000	//일본이벤트용10차럭키스킨세트(엘리멘탈리스트)						
	406	1	1	95039	0	0	0	0	0	0	0	0	0	0	0	0	0	0	0	0	0	0	0	0	0	0	//버서커용_소울카드4th_국내11년10월복권(2000)						
	407	1	1	95040	0	0	0	0	0	0	0	0	0	0	0	0	0	0	0	0	0	0	0	0	0	0	//드래곤나이트용_소울카드4th_국내11년10월복권(2000)						
	408	1	1	95041	0	0	0	0	0	0	0	0	0	0	0	0	0	0	0	0	0	0	0	0	0	0	//섀도우용_소울카드4th_국내11년10월복권(2000)						
	409	1	1	95042	0	0	0	0	0	0	0	0	0	0	0	0	0	0	0	0	0	0	0	0	0	0	//발키리용_소울카드4th_국내11년10월복권(2000)						
	410	1	1	95043	0	0	0	0	0	0	0	0	0	0	0	0	0	0	0	0	0	0	0	0	0	0	//엘리멘탈리스트용_소울카드4th_국내11년10월(2000)						
	411	1	1	3001	0	0	0	0	0	0	0	0	0	0	0	0	0	0	0	0	0	0	0	0	0	0	//일본할로윈이벤트금상자						
	412	1	1	3003	0	0	0	0	0	0	0	0	0	0	0	0	0	0	0	0	0	0	0	0	0	0	//일본할로윈이벤트은상자						
	413	8	0	46001	20007	0	46051	20007	0	46101	20007	0	46151	20007	0	46201	20007	0	46251	20007	0	46301	20007	0	46351	20007	//맞춤설계된1등급디바인방어구상자_버서커						
	414	8	0	46002	20007	0	46052	20007	0	46102	20007	0	46152	20007	0	46202	20007	0	46252	20007	0	46302	20007	0	46352	20007	//맞춤설계된2등급디바인방어구상자_버서커						
	415	8	0	46003	20007	0	46053	20007	0	46103	20007	0	46153	20007	0	46203	20007	0	46253	20007	0	46303	20007	0	46353	20007	//맞춤설계된3등급디바인방어구상자_버서커						
	416	8	0	46004	20007	0	46054	20007	0	46104	20007	0	46154	20007	0	46204	20007	0	46254	20007	0	46304	20007	0	46354	20007	//맞춤설계된4등급디바인방어구상자_버서커						
	417	8	0	46005	20007	0	46055	20007	0	46105	20007	0	46155	20007	0	46205	20007	0	46255	20007	0	46305	20007	0	46355	20007	//맞춤설계된5등급디바인방어구상자_버서커						
	418	8	0	46006	20007	0	46056	20007	0	46106	20007	0	46156	20007	0	46206	20007	0	46256	20007	0	46306	20007	0	46356	20007	//맞춤설계된6등급디바인방어구상자_버서커						
	419	8	0	46007	20007	0	46057	20007	0	46107	20007	0	46157	20007	0	46207	20007	0	46257	20007	0	46307	20007	0	46357	20007	//맞춤설계된7등급디바인방어구상자_버서커						
	420	8	0	46008	20007	0	46058	20007	0	46108	20007	0	46158	20007	0	46208	20007	0	46258	20007	0	46308	20007	0	46358	20007	//맞춤설계된8등급디바인방어구상자_버서커						
//	421	8	0	46009	20007	0	46059	20007	0	46109	20007	0	46159	20007	0	46209	20007	0	46259	20007	0	46309	20007	0	46359	20007	//맞춤설계된9등급디바인방어구상자_버서커						
//	422	8	0	46010	20007	0	46060	20007	0	46110	20007	0	46160	20007	0	46210	20007	0	46260	20007	0	46310	20007	0	46360	20007	//맞춤설계된10등급디바인방어구상자_버서커						
	423	8	0	46011	20007	0	46061	20007	0	46111	20007	0	46161	20007	0	46211	20007	0	46261	20007	0	46311	20007	0	46361	20007	//맞춤설계된1등급디바인방어구상자_드래곤나이트						
	424	8	0	46012	20007	0	46062	20007	0	46112	20007	0	46162	20007	0	46212	20007	0	46262	20007	0	46312	20007	0	46362	20007	//맞춤설계된2등급디바인방어구상자_드래곤나이트						
	425	8	0	46013	20007	0	46063	20007	0	46113	20007	0	46163	20007	0	46213	20007	0	46263	20007	0	46313	20007	0	46363	20007	//맞춤설계된3등급디바인방어구상자_드래곤나이트						
	426	8	0	46014	20007	0	46064	20007	0	46114	20007	0	46164	20007	0	46214	20007	0	46264	20007	0	46314	20007	0	46364	20007	//맞춤설계된4등급디바인방어구상자_드래곤나이트						
	427	8	0	46015	20007	0	46065	20007	0	46115	20007	0	46165	20007	0	46215	20007	0	46265	20007	0	46315	20007	0	46365	20007	//맞춤설계된5등급디바인방어구상자_드래곤나이트						
	428	8	0	46016	20007	0	46066	20007	0	46116	20007	0	46166	20007	0	46216	20007	0	46266	20007	0	46316	20007	0	46366	20007	//맞춤설계된6등급디바인방어구상자_드래곤나이트						
	429	8	0	46017	20007	0	46067	20007	0	46117	20007	0	46167	20007	0	46217	20007	0	46267	20007	0	46317	20007	0	46367	20007	//맞춤설계된7등급디바인방어구상자_드래곤나이트						
	430	8	0	46018	20007	0	46068	20007	0	46118	20007	0	46168	20007	0	46218	20007	0	46268	20007	0	46318	20007	0	46368	20007	//맞춤설계된8등급디바인방어구상자_드래곤나이트						
//	431	8	0	46019	20007	0	46069	20007	0	46119	20007	0	46169	20007	0	46219	20007	0	46269	20007	0	46319	20007	0	46369	20007	//맞춤설계된9등급디바인방어구상자_드래곤나이트						
//	432	8	0	46020	20007	0	46070	20007	0	46120	20007	0	46170	20007	0	46220	20007	0	46270	20007	0	46320	20007	0	46370	20007	//맞춤설계된10등급디바인방어구상자_드래곤나이트						
	433	8	0	46021	20007	0	46071	20007	0	46121	20007	0	46171	20007	0	46221	20007	0	46271	20007	0	46321	20007	0	46371	20007	//맞춤설계된1등급디바인방어구상자_섀도우						
	434	8	0	46022	20007	0	46072	20007	0	46122	20007	0	46172	20007	0	46222	20007	0	46272	20007	0	46322	20007	0	46372	20007	//맞춤설계된2등급디바인방어구상자_섀도우						
	435	8	0	46023	20007	0	46073	20007	0	46123	20007	0	46173	20007	0	46223	20007	0	46273	20007	0	46323	20007	0	46373	20007	//맞춤설계된3등급디바인방어구상자_섀도우						
	436	8	0	46024	20007	0	46074	20007	0	46124	20007	0	46174	20007	0	46224	20007	0	46274	20007	0	46324	20007	0	46374	20007	//맞춤설계된4등급디바인방어구상자_섀도우						
	437	8	0	46025	20007	0	46075	20007	0	46125	20007	0	46175	20007	0	46225	20007	0	46275	20007	0	46325	20007	0	46375	20007	//맞춤설계된5등급디바인방어구상자_섀도우						
	438	8	0	46026	20007	0	46076	20007	0	46126	20007	0	46176	20007	0	46226	20007	0	46276	20007	0	46326	20007	0	46376	20007	//맞춤설계된6등급디바인방어구상자_섀도우						
	439	8	0	46027	20007	0	46077	20007	0	46127	20007	0	46177	20007	0	46227	20007	0	46277	20007	0	46327	20007	0	46377	20007	//맞춤설계된7등급디바인방어구상자_섀도우						
	440	8	0	46028	20007	0	46078	20007	0	46128	20007	0	46178	20007	0	46228	20007	0	46278	20007	0	46328	20007	0	46378	20007	//맞춤설계된8등급디바인방어구상자_섀도우						
//	441	8	0	46029	20007	0	46079	20007	0	46129	20007	0	46179	20007	0	46229	20007	0	46279	20007	0	46329	20007	0	46379	20007	//맞춤설계된9등급디바인방어구상자_섀도우						
//	442	8	0	46030	20007	0	46080	20007	0	46130	20007	0	46180	20007	0	46230	20007	0	46280	20007	0	46330	20007	0	46380	20007	//맞춤설계된10등급디바인방어구상자_섀도우						
	443	8	0	46031	20007	0	46081	20007	0	46131	20007	0	46181	20007	0	46231	20007	0	46281	20007	0	46331	20007	0	46381	20007	//맞춤설계된1등급디바인방어구상자_발키리						
	444	8	0	46032	20007	0	46082	20007	0	46132	20007	0	46182	20007	0	46232	20007	0	46282	20007	0	46332	20007	0	46382	20007	//맞춤설계된2등급디바인방어구상자_발키리						
	445	8	0	46033	20007	0	46083	20007	0	46133	20007	0	46183	20007	0	46233	20007	0	46283	20007	0	46333	20007	0	46383	20007	//맞춤설계된3등급디바인방어구상자_발키리						
	446	8	0	46034	20007	0	46084	20007	0	46134	20007	0	46184	20007	0	46234	20007	0	46284	20007	0	46334	20007	0	46384	20007	//맞춤설계된4등급디바인방어구상자_발키리						
	447	8	0	46035	20007	0	46085	20007	0	46135	20007	0	46185	20007	0	46235	20007	0	46285	20007	0	46335	20007	0	46385	20007	//맞춤설계된5등급디바인방어구상자_발키리						
	448	8	0	46036	20007	0	46086	20007	0	46136	20007	0	46186	20007	0	46236	20007	0	46286	20007	0	46336	20007	0	46386	20007	//맞춤설계된6등급디바인방어구상자_발키리						
	449	8	0	46037	20007	0	46087	20007	0	46137	20007	0	46187	20007	0	46237	20007	0	46287	20007	0	46337	20007	0	46387	20007	//맞춤설계된7등급디바인방어구상자_발키리						
	450	8	0	46038	20007	0	46088	20007	0	46138	20007	0	46188	20007	0	46238	20007	0	46288	20007	0	46338	20007	0	46388	20007	//맞춤설계된8등급디바인방어구상자_발키리						
//	451	8	0	46039	20007	0	46089	20007	0	46139	20007	0	46189	20007	0	46239	20007	0	46289	20007	0	46339	20007	0	46389	20007	//맞춤설계된9등급디바인방어구상자_발키리						
//	452	8	0	46040	20007	0	46090	20007	0	46140	20007	0	46190	20007	0	46240	20007	0	46290	20007	0	46340	20007	0	46390	20007	//맞춤설계된10등급디바인방어구상자_발키리						
	453	8	0	46041	20007	0	46091	20007	0	46141	20007	0	46191	20007	0	46241	20007	0	46291	20007	0	46341	20007	0	46391	20007	//맞춤설계된1등급디바인방어구상자_엘리멘탈리스트						
	454	8	0	46042	20007	0	46092	20007	0	46142	20007	0	46192	20007	0	46242	20007	0	46292	20007	0	46342	20007	0	46392	20007	//맞춤설계된2등급디바인방어구상자_엘리멘탈리스트						
	455	8	0	46043	20007	0	46093	20007	0	46143	20007	0	46193	20007	0	46243	20007	0	46293	20007	0	46343	20007	0	46393	20007	//맞춤설계된3등급디바인방어구상자_엘리멘탈리스트						
	456	8	0	46044	20007	0	46094	20007	0	46144	20007	0	46194	20007	0	46244	20007	0	46294	20007	0	46344	20007	0	46394	20007	//맞춤설계된4등급디바인방어구상자_엘리멘탈리스트						
	457	8	0	46045	20007	0	46095	20007	0	46145	20007	0	46195	20007	0	46245	20007	0	46295	20007	0	46345	20007	0	46395	20007	//맞춤설계된5등급디바인방어구상자_엘리멘탈리스트						
	458	8	0	46046	20007	0	46096	20007	0	46146	20007	0	46196	20007	0	46246	20007	0	46296	20007	0	46346	20007	0	46396	20007	//맞춤설계된6등급디바인방어구상자_엘리멘탈리스트						
	459	8	0	46047	20007	0	46097	20007	0	46147	20007	0	46197	20007	0	46247	20007	0	46297	20007	0	46347	20007	0	46397	20007	//맞춤설계된7등급디바인방어구상자_엘리멘탈리스트						
	460	8	0	46048	20007	0	46098	20007	0	46148	20007	0	46198	20007	0	46248	20007	0	46298	20007	0	46348	20007	0	46398	20007	//맞춤설계된8등급디바인방어구상자_엘리멘탈리스트						
//	461	8	0	46049	20007	0	46099	20007	0	46149	20007	0	46199	20007	0	46249	20007	0	46299	20007	0	46349	20007	0	46399	20007	//맞춤설계된9등급디바인방어구상자_엘리멘탈리스트						
//	462	8	0	46050	20007	0	46100	20007	0	46150	20007	0	46200	20007	0	46250	20007	0	46300	20007	0	46350	20007	0	46400	20007	//맞춤설계된10등급디바인방어구상자_엘리멘탈리스트						
	463	4	0	702	20007	0	717	20007	0	47248	1	0	47202	1	0	0	0	0	0	0	0	0	0	0	0	0	//버서커_레벨업박스_10레벨						
	464	4	0	703	20007	0	718	20007	0	47249	1	0	47203	1	0	0	0	0	0	0	0	0	0	0	0	0	//버서커_레벨업박스_20레벨						
	465	4	0	704	20007	0	719	20007	0	47250	1	0	47204	1	0	0	0	0	0	0	0	0	0	0	0	0	//버서커_레벨업박스_30레벨						
	466	7	0	705	20007	0	720	20007	1	75	0	1	76	0	1	77	0	0	64837	5	0	47205	1	0	0	0	//버서커_레벨업박스_40레벨						
	467	4	0	706	20007	0	721	20007	0	47251	1	0	47206	1	0	0	0	0	0	0	0	0	0	0	0	0	//버서커_레벨업박스_50레벨						
	468	7	0	707	20007	0	722	20007	1	75	0	1	76	0	1	77	0	0	64837	5	0	47207	1	0	0	0	//버서커_레벨업박스_60레벨						
	469	4	0	708	20007	0	723	20007	0	47252	1	0	47208	1	0	0	0	0	0	0	0	0	0	0	0	0	//버서커_레벨업박스_70레벨						
	470	7	0	709	20007	0	724	20007	1	75	0	1	76	0	1	77	0	0	64837	10	0	47209	1	0	0	0	//버서커_레벨업박스_80레벨						
	471	4	0	710	20007	0	725	20007	0	47253	1	1	75	0	0	0	0	0	0	0	0	0	0	0	0	0	//버서커_레벨업박스_90레벨						
	472	4	0	732	20007	0	747	20007	0	47258	1	0	47211	1	0	0	0	0	0	0	0	0	0	0	0	0	//드래곤나이트_레벨업박스_10레벨						
	473	4	0	733	20007	0	748	20007	0	47259	1	0	47212	1	0	0	0	0	0	0	0	0	0	0	0	0	//드래곤나이트_레벨업박스_20레벨						
	474	4	0	734	20007	0	749	20007	0	47260	1	0	47213	1	0	0	0	0	0	0	0	0	0	0	0	0	//드래곤나이트_레벨업박스_30레벨						
	475	7	0	735	20007	0	750	20007	1	75	0	1	76	0	1	77	0	0	64837	5	0	47214	1	0	0	0	//드래곤나이트_레벨업박스_40레벨						
	476	4	0	736	20007	0	751	20007	0	47261	1	0	47215	1	0	0	0	0	0	0	0	0	0	0	0	0	//드래곤나이트_레벨업박스_50레벨						
	477	7	0	737	20007	0	752	20007	1	75	0	1	76	0	1	77	0	0	64837	5	0	47216	1	0	0	0	//드래곤나이트_레벨업박스_60레벨						
	478	4	0	738	20007	0	753	20007	0	47262	1	0	47217	1	0	0	0	0	0	0	0	0	0	0	0	0	//드래곤나이트_레벨업박스_70레벨						
	479	7	0	739	20007	0	754	20007	1	75	0	1	76	0	1	77	0	0	64837	10	0	47218	1	0	0	0	//드래곤나이트_레벨업박스_80레벨						
	480	4	0	740	20007	0	755	20007	0	47263	1	1	75	0	0	0	0	0	0	0	0	0	0	0	0	0	//드래곤나이트_레벨업박스_90레벨						
	481	4	0	762	20007	0	777	20007	0	47268	1	0	47220	1	0	0	0	0	0	0	0	0	0	0	0	0	//섀도우_레벨업박스_10레벨						
	482	4	0	763	20007	0	778	20007	0	47269	1	0	47221	1	0	0	0	0	0	0	0	0	0	0	0	0	//섀도우_레벨업박스_20레벨						
	483	4	0	764	20007	0	779	20007	0	47270	1	0	47222	1	0	0	0	0	0	0	0	0	0	0	0	0	//섀도우_레벨업박스_30레벨						
	484	7	0	765	20007	0	780	20007	1	75	0	1	76	0	1	77	0	0	64837	5	0	47223	1	0	0	0	//섀도우_레벨업박스_40레벨						
	485	4	0	766	20007	0	781	20007	0	47271	1	0	47224	1	0	0	0	0	0	0	0	0	0	0	0	0	//섀도우_레벨업박스_50레벨						
	486	7	0	767	20007	0	782	20007	1	75	0	1	76	0	1	77	0	0	64837	5	0	47225	1	0	0	0	//섀도우_레벨업박스_60레벨						
	487	4	0	768	20007	0	783	20007	0	47272	1	0	47226	1	0	0	0	0	0	0	0	0	0	0	0	0	//섀도우_레벨업박스_70레벨						
	488	7	0	769	20007	0	784	20007	1	75	0	1	76	0	1	77	0	0	64837	10	0	47227	1	0	0	0	//섀도우_레벨업박스_80레벨						
	489	4	0	770	20007	0	785	20007	0	47273	1	1	75	0	0	0	0	0	0	0	0	0	0	0	0	0	//섀도우_레벨업박스_90레벨						
	490	4	0	792	20007	0	807	20007	0	47278	1	0	47229	1	0	0	0	0	0	0	0	0	0	0	0	0	//발키리_레벨업박스_10레벨						
	491	4	0	793	20007	0	808	20007	0	47279	1	0	47230	1	0	0	0	0	0	0	0	0	0	0	0	0	//발키리_레벨업박스_20레벨						
	492	4	0	794	20007	0	809	20007	0	47280	1	0	47231	1	0	0	0	0	0	0	0	0	0	0	0	0	//발키리_레벨업박스_30레벨						
	493	7	0	795	20007	0	810	20007	1	75	0	1	76	0	1	77	0	0	64837	5	0	47232	1	0	0	0	//발키리_레벨업박스_40레벨						
	494	4	0	796	20007	0	811	20007	0	47281	1	0	47233	1	0	0	0	0	0	0	0	0	0	0	0	0	//발키리_레벨업박스_50레벨						
	495	7	0	797	20007	0	812	20007	1	75	0	1	76	0	1	77	0	0	64837	5	0	47234	1	0	0	0	//발키리_레벨업박스_60레벨						
	496	4	0	798	20007	0	813	20007	0	47282	1	0	47235	1	0	0	0	0	0	0	0	0	0	0	0	0	//발키리_레벨업박스_70레벨						
	497	7	0	799	20007	0	814	20007	1	75	0	1	76	0	1	77	0	0	64837	10	0	47236	1	0	0	0	//발키리_레벨업박스_80레벨						
	498	4	0	800	20007	0	815	20007	0	47283	1	1	75	0	0	0	0	0	0	0	0	0	0	0	0	0	//발키리_레벨업박스_90레벨						
	499	4	0	822	20007	0	837	20007	0	47288	1	0	47238	1	0	0	0	0	0	0	0	0	0	0	0	0	//엘리멘탈리스트_레벨업박스_10레벨						
	500	4	0	823	20007	0	838	20007	0	47289	1	0	47239	1	0	0	0	0	0	0	0	0	0	0	0	0	//엘리멘탈리스트_레벨업박스_20레벨						
	501	4	0	824	20007	0	839	20007	0	47290	1	0	47240	1	0	0	0	0	0	0	0	0	0	0	0	0	//엘리멘탈리스트_레벨업박스_30레벨						
	502	7	0	825	20007	0	840	20007	1	75	0	1	76	0	1	77	0	0	64837	5	0	47241	1	0	0	0	//엘리멘탈리스트_레벨업박스_40레벨						
	503	4	0	826	20007	0	841	20007	0	47291	1	0	47242	1	0	0	0	0	0	0	0	0	0	0	0	0	//엘리멘탈리스트_레벨업박스_50레벨						
	504	7	0	827	20007	0	842	20007	1	75	0	1	76	0	1	77	0	0	64837	5	0	47243	1	0	0	0	//엘리멘탈리스트_레벨업박스_60레벨						
	505	4	0	828	20007	0	843	20007	0	47292	1	0	47244	1	0	0	0	0	0	0	0	0	0	0	0	0	//엘리멘탈리스트_레벨업박스_70레벨						
	506	7	0	829	20007	0	844	20007	1	75	0	1	76	0	1	77	0	0	64837	10	0	47245	1	0	0	0	//엘리멘탈리스트_레벨업박스_80레벨						
	507	4	0	830	20007	0	845	20007	0	47293	1	1	75	0	0	0	0	0	0	0	0	0	0	0	0	0	//엘리멘탈리스트_레벨업박스_90레벨						
	508	2	1	75	0	1	76	0	0	65014	3	0	0	0	0	0	0	0	0	0	0	0	0	0	0	0	//세리엔트_원정대_보급상자						
//	509	1	1	96096	0	0	0	0	0	0	0	0	0	0	0	0	0	0	0	0	0	0	0	0	0	0	//러시아일반복권1						
//	510	1	1	96097	0	0	0	0	0	0	0	0	0	0	0	0	0	0	0	0	0	0	0	0	0	0	//러시아일반복권2						
//	511	1	1	96098	0	0	0	0	0	0	0	0	0	0	0	0	0	0	0	0	0	0	0	0	0	0	//러시아일반복권3						
//	512	1	1	96099	0	0	0	0	0	0	0	0	0	0	0	0	0	0	0	0	0	0	0	0	0	0	//러시아일반복권4						
//	513	1	1	96100	0	0	0	0	0	0	0	0	0	0	0	0	0	0	0	0	0	0	0	0	0	0	//러시아일반복권5						
//	514	1	1	96101	0	0	0	0	0	0	0	0	0	0	0	0	0	0	0	0	0	0	0	0	0	0	//러시아일반복권6						
//	515	1	1	96102	0	0	0	0	0	0	0	0	0	0	0	0	0	0	0	0	0	0	0	0	0	0	//러시아일반복권7						
//	516	1	1	96103	0	0	0	0	0	0	0	0	0	0	0	0	0	0	0	0	0	0	0	0	0	0	//러시아일반복권8						
	517	1	1	97004	0	0	0	0	0	0	0	0	0	0	0	0	0	0	0	0	0	0	0	0	0	0	//중국날개상자						
	518	1	1	79	0	0	0	0	0	0	0	0	0	0	0	0	0	0	0	0	0	0	0	0	0	0	//2011크리스마스보상						
	519	1	1	86	0	0	0	0	0	0	0	0	0	0	0	0	0	0	0	0	0	0	0	0	0	0	//2011크리스마스보상_루돌프_1일						
	520	1	1	87	0	0	0	0	0	0	0	0	0	0	0	0	0	0	0	0	0	0	0	0	0	0	//2011크리스마스보상_루돌프_7일						
	521	1	1	88	0	0	0	0	0	0	0	0	0	0	0	0	0	0	0	0	0	0	0	0	0	0	//2011크리스마스보상_루돌프_14일						
	522	1	1	89	0	0	0	0	0	0	0	0	0	0	0	0	0	0	0	0	0	0	0	0	0	0	//2011크리스마스보상_루돌프_30일						
	523	1	1	90	0	0	0	0	0	0	0	0	0	0	0	0	0	0	0	0	0	0	0	0	0	0	//2011크리스마스보상_루돌프_90일						
//	524	1	1	96104	0	0	0	0	0	0	0	0	0	0	0	0	0	0	0	0	0	0	0	0	0	0	//러시아엘리트복권1차_장갑						
	525	1	1	17001	0	0	0	0	0	0	0	0	0	0	0	0	0	0	0	0	0	0	0	0	0	0	//일몽의반지_상자_1일						
	526	1	1	17002	0	0	0	0	0	0	0	0	0	0	0	0	0	0	0	0	0	0	0	0	0	0	//야화의반지_상자_1일						
	527	1	1	17003	0	0	0	0	0	0	0	0	0	0	0	0	0	0	0	0	0	0	0	0	0	0	//펜릴의목걸이_상자_1일						
	528	1	1	17004	0	0	0	0	0	0	0	0	0	0	0	0	0	0	0	0	0	0	0	0	0	0	//스카디의목걸이_상자_1일						
	529	1	1	17005	0	0	0	0	0	0	0	0	0	0	0	0	0	0	0	0	0	0	0	0	0	0	//일몽의반지_상자_3일						
	530	1	1	17006	0	0	0	0	0	0	0	0	0	0	0	0	0	0	0	0	0	0	0	0	0	0	//야화의반지_상자_3일						
	531	1	1	17007	0	0	0	0	0	0	0	0	0	0	0	0	0	0	0	0	0	0	0	0	0	0	//펜릴의목걸이_상자_3일						
	532	1	1	17008	0	0	0	0	0	0	0	0	0	0	0	0	0	0	0	0	0	0	0	0	0	0	//스카디의목걸이_상자_3일						
	533	1	1	17009	0	0	0	0	0	0	0	0	0	0	0	0	0	0	0	0	0	0	0	0	0	0	//일몽의반지_상자_7일						
	534	1	1	17010	0	0	0	0	0	0	0	0	0	0	0	0	0	0	0	0	0	0	0	0	0	0	//야화의반지_상자_7일						
	535	1	1	17011	0	0	0	0	0	0	0	0	0	0	0	0	0	0	0	0	0	0	0	0	0	0	//펜릴의목걸이_상자_7일						
	536	1	1	17012	0	0	0	0	0	0	0	0	0	0	0	0	0	0	0	0	0	0	0	0	0	0	//스카디의목걸이_상자_7일						
	537	1	1	92	0	0	0	0	0	0	0	0	0	0	0	0	0	0	0	0	0	0	0	0	0	0	//중국구정이벤트_백변선물함						
	538	8	0	45076	50000	0	45126	50000	0	45176	50000	0	45226	50000	0	45276	50000	0	45326	50000	0	45376	50000	0	45426	50000	//일본_2012_2월_몬트샤인7차스킨상자_(B)						
	539	8	0	45086	50000	0	45136	50000	0	45186	50000	0	45236	50000	0	45286	50000	0	45336	50000	0	45386	50000	0	45436	50000	//일본_2012_2월_몬트샤인8차스킨상자_(D)						
	540	8	0	45106	50000	0	45156	50000	0	45206	50000	0	45256	50000	0	45306	50000	0	45356	50000	0	45406	50000	0	45456	50000	//일본_2012_2월_몬트샤인9차스킨상자_(V)						
	541	8	0	45116	50000	0	45166	50000	0	45216	50000	0	45266	50000	0	45316	50000	0	45366	50000	0	45416	50000	0	45466	50000	//일본_2012_2월_몬트샤인10차스킨상자_(E)						
	542	8	0	46451	50000	0	46452	50000	0	46453	50000	0	46454	50000	0	46455	50000	0	46456	50000	0	46457	50000	0	46458	50000	//일본_2012_2월_몬트샤인11차스킨상자_(S)						
//	543	8	0	46459	0	0	46460	0	0	46461	0	0	46462	0	0	46463	0	0	46464	0	0	46465	0	0	46466	0	//맞춤설계된엘리트방어구상자_버서커						
//	544	8	0	46467	0	0	46468	0	0	46469	0	0	46470	0	0	46471	0	0	46472	0	0	46473	0	0	46474	0	//맞춤설계된엘리트방어구상자_드래곤나이트						
//	545	8	0	46475	0	0	46476	0	0	46477	0	0	46478	0	0	46479	0	0	46480	0	0	46481	0	0	46482	0	//맞춤설계된엘리트방어구상자_섀도우						
//	546	8	0	46483	0	0	46484	0	0	46485	0	0	46486	0	0	46487	0	0	46488	0	0	46489	0	0	46490	0	//맞춤설계된엘리트방어구상자_발키리						
//	547	8	0	46491	0	0	46492	0	0	46493	0	0	46494	0	0	46495	0	0	46496	0	0	46497	0	0	46498	0	//맞춤설계된엘리트방어구상자_엘리멘탈리스트						
//	548	8	0	46499	0	0	46500	0	0	46501	0	0	46502	0	0	46503	0	0	46504	0	0	46505	0	0	46506	0	//맞춤설계된미완의엘리트방어구상자_버서커						
//	549	8	0	46507	0	0	46508	0	0	46509	0	0	46510	0	0	46511	0	0	46512	0	0	46513	0	0	46514	0	//맞춤설계된미완의엘리트방어구상자_드래곤나이트						
//	550	8	0	46515	0	0	46516	0	0	46517	0	0	46518	0	0	46519	0	0	46520	0	0	46521	0	0	46522	0	//맞춤설계된미완의엘리트방어구상자_섀도우						
//	551	8	0	46523	0	0	46524	0	0	46525	0	0	46526	0	0	46527	0	0	46528	0	0	46529	0	0	46530	0	//맞춤설계된미완의엘리트방어구상자_발키리						
//	552	8	0	46531	0	0	46532	0	0	46533	0	0	46534	0	0	46535	0	0	46536	0	0	46537	0	0	46538	0	//맞춤설계된미완의엘리트방어구상자_엘리멘탈리스트						
//	553	3	0	861	0	0	47331	1	0	47297	1	0	0	0	0	0	0	0	0	0	0	0	0	0	0	0	//점핑_버서커_90레벨박스						
//	554	2	0	3832	1	0	47298	1	0	0	0	0	0	0	0	0	0	0	0	0	0	0	0	0	0	0	//점핑_버서커_100레벨박스						
//	555	2	0	3837	0	0	47299	1	0	0	0	0	0	0	0	0	0	0	0	0	0	0	0	0	0	0	//점핑_버서커_105레벨박스						
//	556	6	0	64501	1	0	64501	1	0	64501	1	0	64501	1	0	64501	1	0	47300	1	0	0	0	0	0	0	//점핑_버서커_110레벨박스						
//	557	3	0	851	0	0	47326	1	0	47301	1	0	0	0	0	0	0	0	0	0	0	0	0	0	0	0	//점핑_버서커_115레벨박스						
//	558	2	0	7248	20	0	7252	20	0	0	0	0	0	0	0	0	0	0	0	0	0	0	0	0	0	0	//점핑_버서커_120레벨박스						
//	559	3	0	864	0	0	47332	1	0	47303	1	0	0	0	0	0	0	0	0	0	0	0	0	0	0	0	//점핑_드래곤나이트_90레벨박스						
//	560	2	0	3833	1	0	47304	1	0	0	0	0	0	0	0	0	0	0	0	0	0	0	0	0	0	0	//점핑_드래곤나이트_100레벨박스						
//	561	2	0	3838	0	0	47305	1	0	0	0	0	0	0	0	0	0	0	0	0	0	0	0	0	0	0	//점핑_드래곤나이트_105레벨박스						
//	562	6	0	64502	1	0	64502	1	0	64502	1	0	64502	1	0	64502	1	0	47306	1	0	0	0	0	0	0	//점핑_드래곤나이트_110레벨박스						
//	563	3	0	854	0	0	47327	1	0	47307	1	0	0	0	0	0	0	0	0	0	0	0	0	0	0	0	//점핑_드래곤나이트_115레벨박스						
//	564	2	0	7248	20	0	7252	20	0	0	0	0	0	0	0	0	0	0	0	0	0	0	0	0	0	0	//점핑_드래곤나이트_120레벨박스						
//	565	3	0	869	0	0	47333	1	0	47309	1	0	0	0	0	0	0	0	0	0	0	0	0	0	0	0	//점핑_섀도우_90레벨박스						
//	566	2	0	3834	1	0	47310	1	0	0	0	0	0	0	0	0	0	0	0	0	0	0	0	0	0	0	//점핑_섀도우_100레벨박스						
//	567	2	0	3839	0	0	47311	1	0	0	0	0	0	0	0	0	0	0	0	0	0	0	0	0	0	0	//점핑_섀도우_105레벨박스						
//	568	6	0	64505	1	0	64505	1	0	64505	1	0	64505	1	0	64505	1	0	47312	1	0	0	0	0	0	0	//점핑_섀도우_110레벨박스						
//	569	3	0	859	0	0	47328	1	0	47313	1	0	0	0	0	0	0	0	0	0	0	0	0	0	0	0	//점핑_섀도우_115레벨박스						
//	570	2	0	7248	20	0	7252	20	0	0	0	0	0	0	0	0	0	0	0	0	0	0	0	0	0	0	//점핑_섀도우_120레벨박스						
//	571	3	0	866	0	0	47334	1	0	47315	1	0	0	0	0	0	0	0	0	0	0	0	0	0	0	0	//점핑_발키리_90레벨박스						
//	572	2	0	3835	1	0	47316	1	0	0	0	0	0	0	0	0	0	0	0	0	0	0	0	0	0	0	//점핑_발키리_100레벨박스						
//	573	2	0	3840	0	0	47317	1	0	0	0	0	0	0	0	0	0	0	0	0	0	0	0	0	0	0	//점핑_발키리_105레벨박스						
//	574	6	0	64503	1	0	64503	1	0	64503	1	0	64503	1	0	64503	1	0	47318	1	0	0	0	0	0	0	//점핑_발키리_110레벨박스						
//	575	3	0	856	0	0	47329	1	0	47319	1	0	0	0	0	0	0	0	0	0	0	0	0	0	0	0	//점핑_발키리_115레벨박스						
//	576	2	0	7248	20	0	7252	20	0	0	0	0	0	0	0	0	0	0	0	0	0	0	0	0	0	0	//점핑_발키리_120레벨박스						
//	577	3	0	867	0	0	47335	1	0	47321	1	0	0	0	0	0	0	0	0	0	0	0	0	0	0	0	//점핑_엘리멘탈리스트_90레벨박스						
//	578	2	0	3836	1	0	47322	1	0	0	0	0	0	0	0	0	0	0	0	0	0	0	0	0	0	0	//점핑_엘리멘탈리스트_100레벨박스						
//	579	2	0	3841	0	0	47323	1	0	0	0	0	0	0	0	0	0	0	0	0	0	0	0	0	0	0	//점핑_엘리멘탈리스트_105레벨박스						
//	580	6	0	64504	1	0	64504	1	0	64504	1	0	64504	1	0	64504	1	0	47324	1	0	0	0	0	0	0	//점핑_엘리멘탈리스트_110레벨박스						
//	581	3	0	857	0	0	47330	1	0	47325	1	0	0	0	0	0	0	0	0	0	0	0	0	0	0	0	//점핑_엘리멘탈리스트_115레벨박스						
//	582	2	0	7248	20	0	7252	20	0	0	0	0	0	0	0	0	0	0	0	0	0	0	0	0	0	0	//점핑_엘리멘탈리스트_120레벨박스						
	583	1	1	13017	0	0	0	0	0	0	0	0	0	0	0	0	0	0	0	0	0	0	0	0	0	0	//점핑지급용_포장된newbie뱃지						
//	584	6	0	50100	10512	0	4965	3	0	49158	1	0	49159	2	0	49160	2	0	7265	1	0	0	0	0	0	0	//글로벌보상용_탈그룬트의상자(버서커)						
//	585	6	0	50104	10512	0	4965	3	0	49158	1	0	49159	2	0	49160	2	0	7265	1	0	0	0	0	0	0	//글로벌보상용_베르텍스의상자(드래곤나이트)						
//	586	6	0	50108	10512	0	4965	3	0	49158	1	0	49159	2	0	49160	2	0	7265	1	0	0	0	0	0	0	//글로벌보상용_오리야의상자(발키리)						
//	587	6	0	50112	10512	0	4965	3	0	49158	1	0	49159	2	0	49160	2	0	7265	1	0	0	0	0	0	0	//글로벌보상용_콘발리페의상자(엘리멘탈)						
//	588	6	0	50116	10512	0	4965	3	0	49158	1	0	49159	2	0	49160	2	0	7265	1	0	0	0	0	0	0	//글로벌보상용_바쿠의상자(섀도우)						
	589	1	1	48257	0	0	0	0	0	0	0	0	0	0	0	0	0	0	0	0	0	0	0	0	0	0	//수려한 숲의 정복자 상자						
	590	1	1	48258	0	0	0	0	0	0	0	0	0	0	0	0	0	0	0	0	0	0	0	0	0	0	//수려한 지하수로의 정복자 상자						
	591	1	1	48259	0	0	0	0	0	0	0	0	0	0	0	0	0	0	0	0	0	0	0	0	0	0	//수려한 설원의 정복자 상자						
	592	1	1	48260	0	0	0	0	0	0	0	0	0	0	0	0	0	0	0	0	0	0	0	0	0	0	//수려한 용족의 정복자 상자						
	593	1	1	48261	0	0	0	0	0	0	0	0	0	0	0	0	0	0	0	0	0	0	0	0	0	0	//수려한 아이올트의 정복자 상자						
	594	1	1	48262	0	0	0	0	0	0	0	0	0	0	0	0	0	0	0	0	0	0	0	0	0	0	//수려한 헬론의 정복자 상자						
//	595	2	0	861	0	0	47331	1	0	0	0	0	0	0	0	0	0	0	0	0	0	0	0	0	0	0	//버서커_레벨업박스_100레벨						
//	596	2	0	864	0	0	47332	1	0	0	0	0	0	0	0	0	0	0	0	0	0	0	0	0	0	0	//드래곤나이트_레벨업박스_100레벨						
//	597	2	0	869	0	0	47333	1	0	0	0	0	0	0	0	0	0	0	0	0	0	0	0	0	0	0	//섀도우_레벨업박스_100레벨						
//	598	2	0	866	0	0	47334	1	0	0	0	0	0	0	0	0	0	0	0	0	0	0	0	0	0	0	//발키리_레벨업박스_100레벨						
//	599	2	0	867	0	0	47335	1	0	0	0	0	0	0	0	0	0	0	0	0	0	0	0	0	0	0	//엘리멘탈리스트_레벨업박스_100레벨						
//	600	8	1	95510	0	1	95511	0	0	4979	1	0	49150	1	0	49165	2	0	49025	255	0	4133	255	0	4199	255	//일본_1201_복귀자상자_버서커						
//	601	8	1	95512	0	1	95513	0	0	4979	1	0	49150	1	0	49165	2	0	49025	255	0	4133	255	0	4199	255	//일본_1201_복귀자상자_드래곤						
//	602	8	1	95514	0	1	95515	0	0	4979	1	0	49150	1	0	49165	2	0	49025	255	0	4133	255	0	4199	255	//일본_1201_복귀자상자_발키리						
//	603	8	1	95516	0	1	95517	0	0	4979	1	0	49150	1	0	49165	2	0	49025	255	0	4133	255	0	4199	255	//일본_1201_복귀자상자_엘리						
//	604	8	1	95518	0	1	95519	0	0	4979	1	0	49150	1	0	49165	2	0	49025	255	0	4133	255	0	4199	255	//일본_1201_복귀자상자_섀도우						
//	605	5	1	97	0	1	98	0	1	99	0	0	65402	10	0	47347	1	0	0	0	0	0	0	0	0	0	//글로벌_회귀자상자_90레벨						
//	606	5	1	100	0	1	101	0	0	65403	10	0	65404	10	0	47348	1	0	0	0	0	0	0	0	0	0	//글로벌_회귀자상자_100레벨						
//	607	5	1	102	0	1	103	0	0	65405	10	0	65406	10	0	47349	1	0	0	0	0	0	0	0	0	0	//글로벌_회귀자상자_110레벨						
//	608	4	1	104	0	1	105	0	1	106	0	0	65407	10	0	0	0	0	0	0	0	0	0	0	0	0	//글로벌_회귀자상자_120레벨						
	609	6	0	6655	8	1	22013	0	1	22025	0	1	22042	0	1	22048	0	1	22049	0	0	0	0	0	0	0	//블러디슬라임보물상자						
	610	6	0	6655	8	1	22014	0	1	22026	0	1	22042	0	1	22048	0	1	22049	0	0	0	0	0	0	0	//크림슨슬라임보물상자						
	611	6	0	6655	10	1	22015	0	1	22027	0	1	22042	0	1	22048	0	1	22049	0	0	0	0	0	0	0	//광폭한쥐보물상자						
	612	6	0	6655	10	1	22016	0	1	22028	0	1	22042	0	1	22048	0	1	22049	0	0	0	0	0	0	0	//흉폭한거미보물상자						
	613	6	0	6655	12	1	22017	0	1	22029	0	1	22042	0	1	22048	0	1	22049	0	0	0	0	0	0	0	//결정체의괴물보물상자						
	614	6	0	6655	12	1	22018	0	1	22030	0	1	22042	0	1	22048	0	1	22049	0	0	0	0	0	0	0	//에르체베토보물상자						
	615	6	0	6655	14	1	22019	0	1	22031	0	1	22042	0	1	22048	0	1	22049	0	0	0	0	0	0	0	//스칼렛드래곤보물상자						
	616	6	0	6655	14	1	22020	0	1	22032	0	1	22042	0	1	22048	0	1	22049	0	0	0	0	0	0	0	//노블드래곤보물상자						
	617	6	0	6655	16	1	22021	0	1	22033	0	1	22042	0	1	22048	0	1	22049	0	0	0	0	0	0	0	//인페르노투스보물상자						
	618	6	0	6655	16	1	22022	0	1	22034	0	1	22042	0	1	22048	0	1	22049	0	0	0	0	0	0	0	//타나토커스보물상자						
	619	6	0	6655	20	1	22023	0	1	22035	0	1	22042	0	1	22048	0	1	22049	0	0	0	0	0	0	0	//성전의배신자보물상자						
	620	6	0	6655	20	1	22024	0	1	22036	0	1	22042	0	1	22048	0	1	22049	0	0	0	0	0	0	0	//타락천사보물상자						
	621	4	0	3402	1	0	3684	1	0	3685	1	0	3686	1	0	0	0	0	0	0	0	0	0	0	0	0	//오크피그의로슈엘파츠상자						
	622	4	0	3405	1	0	3684	1	0	3685	1	0	3686	1	0	0	0	0	0	0	0	0	0	0	0	0	//흰색오크피그의로슈엘파츠상자						
	623	4	0	3408	1	0	3684	1	0	3685	1	0	3686	1	0	0	0	0	0	0	0	0	0	0	0	0	//검정오크피그의로슈엘파츠상자						
	624	4	0	3401	1	0	3681	1	0	3682	1	0	3683	1	0	0	0	0	0	0	0	0	0	0	0	0	//큰발표범의로슈엘파츠상자						
	625	4	0	3404	1	0	3681	1	0	3682	1	0	3683	1	0	0	0	0	0	0	0	0	0	0	0	0	//검정큰발표범의로슈엘파츠상자						
	626	4	0	3407	1	0	3681	1	0	3682	1	0	3683	1	0	0	0	0	0	0	0	0	0	0	0	0	//얼룩무늬큰발표범의로슈엘파츠상자						
	627	3	0	3689	1	0	3690	1	0	3691	1	0	0	0	0	0	0	0	0	0	0	0	0	0	0	0	//칼버스의파츠상자						
	628	1	1	48263	0	0	0	0	0	0	0	0	0	0	0	0	0	0	0	0	0	0	0	0	0	0	//승냥이의비약_2(10분)_보상상자						
	629	1	1	48264	0	0	0	0	0	0	0	0	0	0	0	0	0	0	0	0	0	0	0	0	0	0	//승냥이의비약_2(30분)_보상상자						
	630	1	1	48265	0	0	0	0	0	0	0	0	0	0	0	0	0	0	0	0	0	0	0	0	0	0	//승냥이의비약_2(60분)_보상상자						
	631	1	1	48266	0	0	0	0	0	0	0	0	0	0	0	0	0	0	0	0	0	0	0	0	0	0	//승냥이의비약_2(6시간)_보상상자						
	632	1	1	48267	0	0	0	0	0	0	0	0	0	0	0	0	0	0	0	0	0	0	0	0	0	0	//승냥이의비약_2(12시간)_보상상자						
	633	1	1	48268	0	0	0	0	0	0	0	0	0	0	0	0	0	0	0	0	0	0	0	0	0	0	//승냥이의비약_2(24시간)_보상상자						
	634	1	1	48269	0	0	0	0	0	0	0	0	0	0	0	0	0	0	0	0	0	0	0	0	0	0	//승냥이의기세(10분)_보상상자						
	635	1	1	48270	0	0	0	0	0	0	0	0	0	0	0	0	0	0	0	0	0	0	0	0	0	0	//승냥이의기세(30분)_보상상자						
	636	1	1	48271	0	0	0	0	0	0	0	0	0	0	0	0	0	0	0	0	0	0	0	0	0	0	//승냥이의기세(60분)_보상상자						
	637	1	1	48272	0	0	0	0	0	0	0	0	0	0	0	0	0	0	0	0	0	0	0	0	0	0	//승냥이의기세(6시간)_보상상자						
	638	1	1	48273	0	0	0	0	0	0	0	0	0	0	0	0	0	0	0	0	0	0	0	0	0	0	//승냥이의기세(12시간)_보상상자						
	639	1	1	48274	0	0	0	0	0	0	0	0	0	0	0	0	0	0	0	0	0	0	0	0	0	0	//승냥이의기세(24시간)_보상상자						
	640	1	1	48275	0	0	0	0	0	0	0	0	0	0	0	0	0	0	0	0	0	0	0	0	0	0	//승냥이의정기(10분)_보상상자						
	641	1	1	48276	0	0	0	0	0	0	0	0	0	0	0	0	0	0	0	0	0	0	0	0	0	0	//승냥이의정기(30분)_보상상자						
	642	1	1	48277	0	0	0	0	0	0	0	0	0	0	0	0	0	0	0	0	0	0	0	0	0	0	//승냥이의정기(60분)_보상상자						
	643	1	1	48278	0	0	0	0	0	0	0	0	0	0	0	0	0	0	0	0	0	0	0	0	0	0	//승냥이의정기(6시간)_보상상자						
	644	1	1	48279	0	0	0	0	0	0	0	0	0	0	0	0	0	0	0	0	0	0	0	0	0	0	//승냥이의정기(12시간)_보상상자						
	645	1	1	48280	0	0	0	0	0	0	0	0	0	0	0	0	0	0	0	0	0	0	0	0	0	0	//승냥이의정기(24시간)_보상상자						
	646	1	1	48281	0	0	0	0	0	0	0	0	0	0	0	0	0	0	0	0	0	0	0	0	0	0	//승냥이의혼(10분)_보상상자						
	647	1	1	48282	0	0	0	0	0	0	0	0	0	0	0	0	0	0	0	0	0	0	0	0	0	0	//승냥이의혼(30분)_보상상자						
	648	1	1	48283	0	0	0	0	0	0	0	0	0	0	0	0	0	0	0	0	0	0	0	0	0	0	//승냥이의혼(60분)_보상상자						
	649	1	1	48284	0	0	0	0	0	0	0	0	0	0	0	0	0	0	0	0	0	0	0	0	0	0	//승냥이의혼(6시간)_보상상자						
	650	1	1	48285	0	0	0	0	0	0	0	0	0	0	0	0	0	0	0	0	0	0	0	0	0	0	//승냥이의혼(12시간)_보상상자						
	651	1	1	48286	0	0	0	0	0	0	0	0	0	0	0	0	0	0	0	0	0	0	0	0	0	0	//승냥이의혼(24시간)_보상상자						
//	652	4	0	55663	1	1	95520	0	1	95521	0	0	55692	1	0	0	0	0	0	0	0	0	0	0	0	0	//일본_점핑이벤트레벨달성선물상자_80레벨(버서커)						
//	653	7	0	55664	1	0	49005	10	0	49010	10	0	49015	10	0	49020	10	0	49025	10	0	4133	10	0	0	0	//일본_점핑이벤트레벨달성선물상자_90레벨(버서커)						
//	654	8	0	55665	1	1	96049	0	1	96050	0	1	96051	0	1	96052	0	0	4198	10	0	4122	10	0	4186	5	//일본_점핑이벤트레벨달성선물상자_100레벨(버서커)						
//	655	2	0	55666	1	0	3842	1	0	0	0	0	0	0	0	0	0	0	0	0	0	0	0	0	0	0	//일본_점핑이벤트레벨달성선물상자_110레벨(버서커)						
//	656	7	0	55667	1	0	49005	30	0	49010	30	0	49015	30	0	49020	30	0	49025	30	0	4133	50	0	0	0	//일본_점핑이벤트레벨달성선물상자_120레벨(버서커)						
//	657	2	0	7248	3	0	7252	3	0	0	0	0	0	0	0	0	0	0	0	0	0	0	0	0	0	0	//일본_점핑이벤트레벨달성선물상자_130레벨(버서커)						
//	658	4	0	55669	1	1	95522	0	1	95523	0	0	55693	1	0	0	0	0	0	0	0	0	0	0	0	0	//일본_점핑이벤트레벨달성선물상자_80레벨(드래곤)						
//	659	7	0	55670	1	0	49005	10	0	49010	10	0	49015	10	0	49020	10	0	49025	10	0	4133	10	0	0	0	//일본_점핑이벤트레벨달성선물상자_90레벨(드래곤)						
//	660	8	0	55671	1	1	96049	0	1	96050	0	1	96051	0	1	96052	0	0	4198	10	0	4122	10	0	4186	5	//일본_점핑이벤트레벨달성선물상자_100레벨(드래곤)						
//	661	2	0	55672	1	0	3843	1	0	0	0	0	0	0	0	0	0	0	0	0	0	0	0	0	0	0	//일본_점핑이벤트레벨달성선물상자_110레벨(드래곤)						
//	662	7	0	55673	1	0	49005	30	0	49010	30	0	49015	30	0	49020	30	0	49025	30	0	4133	50	0	0	0	//일본_점핑이벤트레벨달성선물상자_120레벨(드래곤)						
//	663	2	0	7248	3	0	7252	3	0	0	0	0	0	0	0	0	0	0	0	0	0	0	0	0	0	0	//일본_점핑이벤트레벨달성선물상자_130레벨(드래곤)						
//	664	4	0	55675	1	1	95524	0	1	95525	0	0	55694	1	0	0	0	0	0	0	0	0	0	0	0	0	//일본_점핑이벤트레벨달성선물상자_80레벨(발키리)						
//	665	7	0	55676	1	0	49005	10	0	49010	10	0	49015	10	0	49020	10	0	49025	10	0	4133	10	0	0	0	//일본_점핑이벤트레벨달성선물상자_90레벨(발키리)						
//	666	8	0	55677	1	1	96049	0	1	96050	0	1	96051	0	1	96052	0	0	4198	10	0	4122	10	0	4186	5	//일본_점핑이벤트레벨달성선물상자_100레벨(발키리)						
//	667	2	0	55678	1	0	3845	1	0	0	0	0	0	0	0	0	0	0	0	0	0	0	0	0	0	0	//일본_점핑이벤트레벨달성선물상자_110레벨(발키리)						
//	668	7	0	55679	1	0	49005	30	0	49010	30	0	49015	30	0	49020	30	0	49025	30	0	4133	50	0	0	0	//일본_점핑이벤트레벨달성선물상자_120레벨(발키리)						
//	669	2	0	7248	3	0	7252	3	0	0	0	0	0	0	0	0	0	0	0	0	0	0	0	0	0	0	//일본_점핑이벤트레벨달성선물상자_130레벨(발키리)						
//	670	4	0	55681	1	1	95526	0	1	95527	0	0	55695	1	0	0	0	0	0	0	0	0	0	0	0	0	//일본_점핑이벤트레벨달성선물상자_80레벨(엘리)						
//	671	7	0	55682	1	0	49005	10	0	49010	10	0	49015	10	0	49020	10	0	49025	10	0	4133	10	0	0	0	//일본_점핑이벤트레벨달성선물상자_90레벨(엘리)						
//	672	8	0	55683	1	1	96049	0	1	96050	0	1	96051	0	1	96052	0	0	4198	10	0	4122	10	0	4186	5	//일본_점핑이벤트레벨달성선물상자_100레벨(엘리)						
//	673	2	0	55684	1	0	3846	1	0	0	0	0	0	0	0	0	0	0	0	0	0	0	0	0	0	0	//일본_점핑이벤트레벨달성선물상자_110레벨(엘리)						
//	674	7	0	55685	1	0	49005	30	0	49010	30	0	49015	30	0	49020	30	0	49025	30	0	4133	50	0	0	0	//일본_점핑이벤트레벨달성선물상자_120레벨(엘리)						
//	675	2	0	7248	3	0	7252	3	0	0	0	0	0	0	0	0	0	0	0	0	0	0	0	0	0	0	//일본_점핑이벤트레벨달성선물상자_130레벨(엘리)						
//	676	4	0	55687	1	1	95528	0	1	95529	0	0	55696	1	0	0	0	0	0	0	0	0	0	0	0	0	//일본_점핑이벤트레벨달성선물상자_80레벨(섀도우)						
//	677	7	0	55688	1	0	49005	10	0	49010	10	0	49015	10	0	49020	10	0	49025	10	0	4133	10	0	0	0	//일본_점핑이벤트레벨달성선물상자_90레벨(섀도우)						
//	678	8	0	55689	1	1	96049	0	1	96050	0	1	96051	0	1	96052	0	0	4198	10	0	4122	10	0	4186	5	//일본_점핑이벤트레벨달성선물상자_100레벨(섀도우)						
//	679	2	0	55690	1	0	3844	1	0	0	0	0	0	0	0	0	0	0	0	0	0	0	0	0	0	0	//일본_점핑이벤트레벨달성선물상자_110레벨(섀도우)						
//	680	7	0	55691	1	0	49005	30	0	49010	30	0	49015	30	0	49020	30	0	49025	30	0	4133	50	0	0	0	//일본_점핑이벤트레벨달성선물상자_120레벨(섀도우)						
//	681	2	0	7248	3	0	7252	3	0	0	0	0	0	0	0	0	0	0	0	0	0	0	0	0	0	0	//일본_점핑이벤트레벨달성선물상자_130레벨(섀도우)						
	682	8	0	53001	10307	0	53002	10307	0	53003	10307	0	53004	10307	0	53005	10307	0	53006	10307	0	53007	10307	0	53008	10307	//일본_점핑이벤트미완방어구상자(버서커)						
	683	8	0	53009	10307	0	53010	10307	0	53011	10307	0	53012	10307	0	53013	10307	0	53014	10307	0	53015	10307	0	53016	10307	//일본_점핑이벤트미완방어구상자(드래곤)						
	684	8	0	53025	10307	0	53026	10307	0	53027	10307	0	53028	10307	0	53029	10307	0	53030	10307	0	53031	10307	0	53032	10307	//일본_점핑이벤트미완방어구상자(발키리)						
	685	8	0	53033	10307	0	53034	10307	0	53035	10307	0	53036	10307	0	53037	10307	0	53038	10307	0	53039	10307	0	53040	10307	//일본_점핑이벤트미완방어구상자(엘리)						
	686	8	0	53017	10307	0	53018	10307	0	53019	10307	0	53020	10307	0	53021	10307	0	53022	10307	0	53023	10307	0	53024	10307	//일본_점핑이벤트미완방어구상자(섀도우)						
	687	8	0	52000	10308	0	52001	10308	0	52002	10308	0	52003	10308	0	52004	10308	0	52005	10308	0	52006	10308	0	52007	10308	//일본_복권_얼티메이트8인챈_3소켓세트(버서커)						
	688	8	0	52008	10308	0	52009	10308	0	52010	10308	0	52011	10308	0	52012	10308	0	52013	10308	0	52014	10308	0	52015	10308	//일본_복권_얼티메이트8인챈_3소켓세트(드래곤)						
	689	8	0	52024	10308	0	52025	10308	0	52026	10308	0	52027	10308	0	52028	10308	0	52029	10308	0	52030	10308	0	52031	10308	//일본_복권_얼티메이트8인챈_3소켓세트(발키리)						
	690	8	0	52016	10308	0	52017	10308	0	52018	10308	0	52019	10308	0	52020	10308	0	52021	10308	0	52022	10308	0	52023	10308	//일본_복권_얼티메이트8인챈_3소켓세트(엘리)						
	691	8	0	52032	10308	0	52033	10308	0	52034	10308	0	52035	10308	0	52036	10308	0	52037	10308	0	52038	10308	0	52039	10308	//일본_복권_얼티메이트8인챈_3소켓세트(섀도우)						
	692	8	0	52000	10307	0	52001	10307	0	52002	10307	0	52003	10307	0	52004	10307	0	52005	10307	0	52006	10307	0	52007	10307	//일본_복권_얼티메이트7인챈_3소켓세트(버서커)						
	693	8	0	52008	10307	0	52009	10307	0	52010	10307	0	52011	10307	0	52012	10307	0	52013	10307	0	52014	10307	0	52015	10307	//일본_복권_얼티메이트7인챈_3소켓세트(드래곤)						
	694	8	0	52024	10307	0	52025	10307	0	52026	10307	0	52027	10307	0	52028	10307	0	52029	10307	0	52030	10307	0	52031	10307	//일본_복권_얼티메이트7인챈_3소켓세트(발키리)						
	695	8	0	52016	10307	0	52017	10307	0	52018	10307	0	52019	10307	0	52020	10307	0	52021	10307	0	52022	10307	0	52023	10307	//일본_복권_얼티메이트7인챈_3소켓세트(엘리)						
	696	8	0	52032	10307	0	52033	10307	0	52034	10307	0	52035	10307	0	52036	10307	0	52037	10307	0	52038	10307	0	52039	10307	//일본_복권_얼티메이트7인챈_3소켓세트(섀도우)						
	697	8	0	52000	10306	0	52001	10306	0	52002	10306	0	52003	10306	0	52004	10306	0	52005	10306	0	52006	10306	0	52007	10306	//일본_복권_얼티메이트6인챈_3소켓세트(버서커)						
	698	8	0	52008	10306	0	52009	10306	0	52010	10306	0	52011	10306	0	52012	10306	0	52013	10306	0	52014	10306	0	52015	10306	//일본_복권_얼티메이트6인챈_3소켓세트(드래곤)						
	699	8	0	52024	10306	0	52025	10306	0	52026	10306	0	52027	10306	0	52028	10306	0	52029	10306	0	52030	10306	0	52031	10306	//일본_복권_얼티메이트6인챈_3소켓세트(발키리)						
	700	8	0	52016	10306	0	52017	10306	0	52018	10306	0	52019	10306	0	52020	10306	0	52021	10306	0	52022	10306	0	52023	10306	//일본_복권_얼티메이트6인챈_3소켓세트(엘리)						
	701	8	0	52032	10306	0	52033	10306	0	52034	10306	0	52035	10306	0	52036	10306	0	52037	10306	0	52038	10306	0	52039	10306	//일본_복권_얼티메이트6인챈_3소켓세트(섀도우)						
	702	8	0	52000	10408	0	52001	10408	0	52002	10408	0	52003	10408	0	52004	10408	0	52005	10408	0	52006	10408	0	52007	10408	//일본_복권_얼티메이트8인챈_4소켓세트(버서커)						
	703	8	0	52008	10408	0	52009	10408	0	52010	10408	0	52011	10408	0	52012	10408	0	52013	10408	0	52014	10408	0	52015	10408	//일본_복권_얼티메이트8인챈_4소켓세트(드래곤)						
	704	8	0	52024	10408	0	52025	10408	0	52026	10408	0	52027	10408	0	52028	10408	0	52029	10408	0	52030	10408	0	52031	10408	//일본_복권_얼티메이트8인챈_4소켓세트(발키리)						
	705	8	0	52016	10408	0	52017	10408	0	52018	10408	0	52019	10408	0	52020	10408	0	52021	10408	0	52022	10408	0	52023	10408	//일본_복권_얼티메이트8인챈_4소켓세트(엘리)						
	706	8	0	52032	10408	0	52033	10408	0	52034	10408	0	52035	10408	0	52036	10408	0	52037	10408	0	52038	10408	0	52039	10408	//일본_복권_얼티메이트8인챈_4소켓세트(섀도우)						
	707	8	0	52000	10407	0	52001	10407	0	52002	10407	0	52003	10407	0	52004	10407	0	52005	10407	0	52006	10407	0	52007	10407	//일본_복권_얼티메이트7인챈_4소켓세트(버서커)						
	708	8	0	52008	10407	0	52009	10407	0	52010	10407	0	52011	10407	0	52012	10407	0	52013	10407	0	52014	10407	0	52015	10407	//일본_복권_얼티메이트7인챈_4소켓세트(드래곤)						
	709	8	0	52024	10407	0	52025	10407	0	52026	10407	0	52027	10407	0	52028	10407	0	52029	10407	0	52030	10407	0	52031	10407	//일본_복권_얼티메이트7인챈_4소켓세트(발키리)						
	710	8	0	52016	10407	0	52017	10407	0	52018	10407	0	52019	10407	0	52020	10407	0	52021	10407	0	52022	10407	0	52023	10407	//일본_복권_얼티메이트7인챈_4소켓세트(엘리)						
	711	8	0	52032	10407	0	52033	10407	0	52034	10407	0	52035	10407	0	52036	10407	0	52037	10407	0	52038	10407	0	52039	10407	//일본_복권_얼티메이트7인챈_4소켓세트(섀도우)						
	712	8	0	52000	10406	0	52001	10406	0	52002	10406	0	52003	10406	0	52004	10406	0	52005	10406	0	52006	10406	0	52007	10406	//일본_복권_얼티메이트6인챈_4소켓세트(버서커)						
	713	8	0	52008	10406	0	52009	10406	0	52010	10406	0	52011	10406	0	52012	10406	0	52013	10406	0	52014	10406	0	52015	10406	//일본_복권_얼티메이트6인챈_4소켓세트(드래곤)						
	714	8	0	52024	10406	0	52025	10406	0	52026	10406	0	52027	10406	0	52028	10406	0	52029	10406	0	52030	10406	0	52031	10406	//일본_복권_얼티메이트6인챈_4소켓세트(발키리)						
	715	8	0	52016	10406	0	52017	10406	0	52018	10406	0	52019	10406	0	52020	10406	0	52021	10406	0	52022	10406	0	52023	10406	//일본_복권_얼티메이트6인챈_4소켓세트(엘리)						
	716	8	0	52032	10406	0	52033	10406	0	52034	10406	0	52035	10406	0	52036	10406	0	52037	10406	0	52038	10406	0	52039	10406	//일본_복권_얼티메이트6인챈_4소켓세트(섀도우)						
	717	8	0	52000	10508	0	52001	10508	0	52002	10508	0	52003	10508	0	52004	10508	0	52005	10508	0	52006	10508	0	52007	10508	//일본_복권_얼티메이트8인챈_5소켓세트(버서커)						
	718	8	0	52008	10508	0	52009	10508	0	52010	10508	0	52011	10508	0	52012	10508	0	52013	10508	0	52014	10508	0	52015	10508	//일본_복권_얼티메이트8인챈_5소켓세트(드래곤)						
	719	8	0	52024	10508	0	52025	10508	0	52026	10508	0	52027	10508	0	52028	10508	0	52029	10508	0	52030	10508	0	52031	10508	//일본_복권_얼티메이트8인챈_5소켓세트(발키리)						
	720	8	0	52016	10508	0	52017	10508	0	52018	10508	0	52019	10508	0	52020	10508	0	52021	10508	0	52022	10508	0	52023	10508	//일본_복권_얼티메이트8인챈_5소켓세트(엘리)						
	721	8	0	52032	10508	0	52033	10508	0	52034	10508	0	52035	10508	0	52036	10508	0	52037	10508	0	52038	10508	0	52039	10508	//일본_복권_얼티메이트8인챈_5소켓세트(섀도우)						
	722	8	0	52000	10507	0	52001	10507	0	52002	10507	0	52003	10507	0	52004	10507	0	52005	10507	0	52006	10507	0	52007	10507	//일본_복권_얼티메이트7인챈_5소켓세트(버서커)						
	723	8	0	52008	10507	0	52009	10507	0	52010	10507	0	52011	10507	0	52012	10507	0	52013	10507	0	52014	10507	0	52015	10507	//일본_복권_얼티메이트7인챈_5소켓세트(드래곤)						
	724	8	0	52024	10507	0	52025	10507	0	52026	10507	0	52027	10507	0	52028	10507	0	52029	10507	0	52030	10507	0	52031	10507	//일본_복권_얼티메이트7인챈_5소켓세트(발키리)						
	725	8	0	52016	10507	0	52017	10507	0	52018	10507	0	52019	10507	0	52020	10507	0	52021	10507	0	52022	10507	0	52023	10507	//일본_복권_얼티메이트7인챈_5소켓세트(엘리)						
	726	8	0	52032	10507	0	52033	10507	0	52034	10507	0	52035	10507	0	52036	10507	0	52037	10507	0	52038	10507	0	52039	10507	//일본_복권_얼티메이트7인챈_5소켓세트(섀도우)						
	727	8	0	52000	10506	0	52001	10506	0	52002	10506	0	52003	10506	0	52004	10506	0	52005	10506	0	52006	10506	0	52007	10506	//일본_복권_얼티메이트6인챈_5소켓세트(버서커)						
	728	8	0	52008	10506	0	52009	10506	0	52010	10506	0	52011	10506	0	52012	10506	0	52013	10506	0	52014	10506	0	52015	10506	//일본_복권_얼티메이트6인챈_5소켓세트(드래곤)						
	729	8	0	52024	10506	0	52025	10506	0	52026	10506	0	52027	10506	0	52028	10506	0	52029	10506	0	52030	10506	0	52031	10506	//일본_복권_얼티메이트6인챈_5소켓세트(발키리)						
	730	8	0	52016	10506	0	52017	10506	0	52018	10506	0	52019	10506	0	52020	10506	0	52021	10506	0	52022	10506	0	52023	10506	//일본_복권_얼티메이트6인챈_5소켓세트(엘리)						
	731	8	0	52032	10506	0	52033	10506	0	52034	10506	0	52035	10506	0	52036	10506	0	52037	10506	0	52038	10506	0	52039	10506	//일본_복권_얼티메이트6인챈_5소켓세트(섀도우)						
	732	5	0	55747	1	0	55757	1	0	62014	1	0	62015	1	0	55758	1	0	0	0	0	0	0	0	0	0	//국내_점핑이벤트_버서커_점핑상자						
	733	5	0	55748	1	0	55757	1	0	62014	1	0	62015	1	0	55758	1	0	0	0	0	0	0	0	0	0	//국내_점핑이벤트_드래곤나이트_점핑상자						
	734	5	0	55749	1	0	55757	1	0	62014	1	0	62015	1	0	55758	1	0	0	0	0	0	0	0	0	0	//국내_점핑이벤트_섀도우_점핑상자						
	735	5	0	55750	1	0	55757	1	0	62014	1	0	62015	1	0	55758	1	0	0	0	0	0	0	0	0	0	//국내_점핑이벤트_발키리_점핑상자						
	736	5	0	55751	1	0	55757	1	0	62014	1	0	62015	1	0	55758	1	0	0	0	0	0	0	0	0	0	//국내_점핑이벤트_엘리멘탈리스트_점핑상자						
	737	5	0	55752	1	1	111	0	1	112	0	1	121	0	1	122	0	0	0	0	0	0	0	0	0	0	//국내_점핑이벤트_버서커_무구상자						
	738	5	0	55753	1	1	123	0	1	124	0	1	133	0	1	134	0	0	0	0	0	0	0	0	0	0	//국내_점핑이벤트_드래곤나이트_무구상자						
	739	5	0	55754	1	1	135	0	1	136	0	1	145	0	1	146	0	0	0	0	0	0	0	0	0	0	//국내_점핑이벤트_섀도우_무구상자						
	740	5	0	55755	1	1	147	0	1	148	0	1	157	0	1	158	0	0	0	0	0	0	0	0	0	0	//국내_점핑이벤트_발키리_무구상자						
	741	5	0	55756	1	1	159	0	1	160	0	1	169	0	1	170	0	0	0	0	0	0	0	0	0	0	//국내_점핑이벤트_엘리멘탈리스트_무구상자						
	742	8	1	113	0	1	114	0	1	115	0	1	116	0	1	117	0	1	118	0	1	119	0	1	120	0	//국내_점핑이벤트_버서커_방어구상자						
	743	8	1	125	0	1	126	0	1	127	0	1	128	0	1	129	0	1	130	0	1	131	0	1	132	0	//국내_점핑이벤트_드래곤나이트_방어구상자						
	744	8	1	137	0	1	138	0	1	139	0	1	140	0	1	141	0	1	142	0	1	143	0	1	144	0	//국내_점핑이벤트_섀도우_방어구상자						
	745	8	1	149	0	1	150	0	1	151	0	1	152	0	1	153	0	1	154	0	1	155	0	1	156	0	//국내_점핑이벤트_발키리_방어구상자						
	746	8	1	161	0	1	162	0	1	163	0	1	164	0	1	165	0	1	166	0	1	167	0	1	168	0	//국내_점핑이벤트_엘리멘탈리스트_방어구상자						
	747	2	0	50252	50000	0	50253	50000	0	0	0	0	0	0	0	0	0	0	0	0	0	0	0	0	0	0	//아리만스킨상자						
	748	8	0	51000	10512	0	51028	10512	0	51001	10512	0	51002	10512	0	51003	10512	0	51004	10512	0	51005	10512	0	51006	10512	//엘리트1방어구세트_12인챈_5소켓(B)						
	749	8	0	51000	10412	0	51028	10412	0	51001	10412	0	51002	10412	0	51003	10412	0	51004	10412	0	51005	10412	0	51006	10412	//엘리트1방어구세트_12인챈_4소켓(B)						
	750	8	0	51000	10312	0	51028	10312	0	51001	10312	0	51002	10312	0	51003	10312	0	51004	10312	0	51005	10312	0	51006	10312	//엘리트1방어구세트_12인챈_3소켓(B)						
	751	8	0	51000	10510	0	51028	10510	0	51001	10510	0	51002	10510	0	51003	10510	0	51004	10510	0	51005	10510	0	51006	10510	//엘리트1방어구세트_10인챈_5소켓(B)						
	752	8	0	51000	10410	0	51028	10410	0	51001	10410	0	51002	10410	0	51003	10410	0	51004	10410	0	51005	10410	0	51006	10410	//엘리트1방어구세트_10인챈_4소켓(B)						
	753	8	0	51000	10310	0	51028	10310	0	51001	10310	0	51002	10310	0	51003	10310	0	51004	10310	0	51005	10310	0	51006	10310	//엘리트1방어구세트_10인챈_3소켓(B)						
	754	8	0	51000	10507	0	51028	10507	0	51001	10507	0	51002	10507	0	51003	10507	0	51004	10507	0	51005	10507	0	51006	10507	//엘리트1방어구세트_7인챈_5소켓(B)						
	755	8	0	51000	10407	0	51028	10407	0	51001	10407	0	51002	10407	0	51003	10407	0	51004	10407	0	51005	10407	0	51006	10407	//엘리트1방어구세트_7인챈_4소켓(B)						
	756	8	0	51000	10307	0	51028	10307	0	51001	10307	0	51002	10307	0	51003	10307	0	51004	10307	0	51005	10307	0	51006	10307	//엘리트1방어구세트_7인챈_3소켓(B)						
	757	8	0	51000	10500	0	51028	10500	0	51001	10500	0	51002	10500	0	51003	10500	0	51004	10500	0	51005	10500	0	51006	10500	//엘리트1방어구세트_0인챈_5소켓(B)						
	758	8	0	51000	10400	0	51028	10400	0	51001	10400	0	51002	10400	0	51003	10400	0	51004	10400	0	51005	10400	0	51006	10400	//엘리트1방어구세트_0인챈_4소켓(B)						
	759	8	0	51000	10300	0	51028	10300	0	51001	10300	0	51002	10300	0	51003	10300	0	51004	10300	0	51005	10300	0	51006	10300	//엘리트1방어구세트_0인챈_3소켓(B)						
	760	8	0	51007	10512	0	51029	10512	0	51008	10512	0	51009	10512	0	51010	10512	0	51011	10512	0	51012	10512	0	51013	10512	//엘리트1방어구세트_12인챈_5소켓(D)						
	761	8	0	51007	10412	0	51029	10412	0	51008	10412	0	51009	10412	0	51010	10412	0	51011	10412	0	51012	10412	0	51013	10412	//엘리트1방어구세트_12인챈_4소켓(D)						
	762	8	0	51007	10312	0	51029	10312	0	51008	10312	0	51009	10312	0	51010	10312	0	51011	10312	0	51012	10312	0	51013	10312	//엘리트1방어구세트_12인챈_3소켓(D)						
	763	8	0	51007	10510	0	51029	10510	0	51008	10510	0	51009	10510	0	51010	10510	0	51011	10510	0	51012	10510	0	51013	10510	//엘리트1방어구세트_10인챈_5소켓(D)						
	764	8	0	51007	10410	0	51029	10410	0	51008	10410	0	51009	10410	0	51010	10410	0	51011	10410	0	51012	10410	0	51013	10410	//엘리트1방어구세트_10인챈_4소켓(D)						
	765	8	0	51007	10310	0	51029	10310	0	51008	10310	0	51009	10310	0	51010	10310	0	51011	10310	0	51012	10310	0	51013	10310	//엘리트1방어구세트_10인챈_3소켓(D)						
	766	8	0	51007	10507	0	51029	10507	0	51008	10507	0	51009	10507	0	51010	10507	0	51011	10507	0	51012	10507	0	51013	10507	//엘리트1방어구세트_7인챈_5소켓(D)						
	767	8	0	51007	10407	0	51029	10407	0	51008	10407	0	51009	10407	0	51010	10407	0	51011	10407	0	51012	10407	0	51013	10407	//엘리트1방어구세트_7인챈_4소켓(D)						
	768	8	0	51007	10307	0	51029	10307	0	51008	10307	0	51009	10307	0	51010	10307	0	51011	10307	0	51012	10307	0	51013	10307	//엘리트1방어구세트_7인챈_3소켓(D)						
	769	8	0	51007	10500	0	51029	10500	0	51008	10500	0	51009	10500	0	51010	10500	0	51011	10500	0	51012	10500	0	51013	10500	//엘리트1방어구세트_0인챈_5소켓(D)						
	770	8	0	51007	10400	0	51029	10400	0	51008	10400	0	51009	10400	0	51010	10400	0	51011	10400	0	51012	10400	0	51013	10400	//엘리트1방어구세트_0인챈_4소켓(D)						
	771	8	0	51007	10300	0	51029	10300	0	51008	10300	0	51009	10300	0	51010	10300	0	51011	10300	0	51012	10300	0	51013	10300	//엘리트1방어구세트_0인챈_3소켓(D)						
	772	8	0	51021	10512	0	51031	10512	0	51022	10512	0	51023	10512	0	51024	10512	0	51025	10512	0	51026	10512	0	51027	10512	//엘리트1방어구세트_12인챈_5소켓(V)						
	773	8	0	51021	10412	0	51031	10412	0	51022	10412	0	51023	10412	0	51024	10412	0	51025	10412	0	51026	10412	0	51027	10412	//엘리트1방어구세트_12인챈_4소켓(V)						
	774	8	0	51021	10312	0	51031	10312	0	51022	10312	0	51023	10312	0	51024	10312	0	51025	10312	0	51026	10312	0	51027	10312	//엘리트1방어구세트_12인챈_3소켓(V)						
	775	8	0	51021	10510	0	51031	10510	0	51022	10510	0	51023	10510	0	51024	10510	0	51025	10510	0	51026	10510	0	51027	10510	//엘리트1방어구세트_10인챈_5소켓(V)						
	776	8	0	51021	10410	0	51031	10410	0	51022	10410	0	51023	10410	0	51024	10410	0	51025	10410	0	51026	10410	0	51027	10410	//엘리트1방어구세트_10인챈_4소켓(V)						
	777	8	0	51021	10310	0	51031	10310	0	51022	10310	0	51023	10310	0	51024	10310	0	51025	10310	0	51026	10310	0	51027	10310	//엘리트1방어구세트_10인챈_3소켓(V)						
	778	8	0	51021	10507	0	51031	10507	0	51022	10507	0	51023	10507	0	51024	10507	0	51025	10507	0	51026	10507	0	51027	10507	//엘리트1방어구세트_7인챈_5소켓(V)						
	779	8	0	51021	10407	0	51031	10407	0	51022	10407	0	51023	10407	0	51024	10407	0	51025	10407	0	51026	10407	0	51027	10407	//엘리트1방어구세트_7인챈_4소켓(V)						
	780	8	0	51021	10307	0	51031	10307	0	51022	10307	0	51023	10307	0	51024	10307	0	51025	10307	0	51026	10307	0	51027	10307	//엘리트1방어구세트_7인챈_3소켓(V)						
	781	8	0	51021	10500	0	51031	10500	0	51022	10500	0	51023	10500	0	51024	10500	0	51025	10500	0	51026	10500	0	51027	10500	//엘리트1방어구세트_0인챈_5소켓(V)						
	782	8	0	51021	10400	0	51031	10400	0	51022	10400	0	51023	10400	0	51024	10400	0	51025	10400	0	51026	10400	0	51027	10400	//엘리트1방어구세트_0인챈_4소켓(V)						
	783	8	0	51021	10300	0	51031	10300	0	51022	10300	0	51023	10300	0	51024	10300	0	51025	10300	0	51026	10300	0	51027	10300	//엘리트1방어구세트_0인챈_3소켓(V)						
	784	8	0	51014	10512	0	51030	10512	0	51015	10512	0	51016	10512	0	51017	10512	0	51018	10512	0	51019	10512	0	51020	10512	//엘리트1방어구세트_12인챈_5소켓(E)						
	785	8	0	51014	10412	0	51030	10412	0	51015	10412	0	51016	10412	0	51017	10412	0	51018	10412	0	51019	10412	0	51020	10412	//엘리트1방어구세트_12인챈_4소켓(E)						
	786	8	0	51014	10312	0	51030	10312	0	51015	10312	0	51016	10312	0	51017	10312	0	51018	10312	0	51019	10312	0	51020	10312	//엘리트1방어구세트_12인챈_3소켓(E)						
	787	8	0	51014	10510	0	51030	10510	0	51015	10510	0	51016	10510	0	51017	10510	0	51018	10510	0	51019	10510	0	51020	10510	//엘리트1방어구세트_10인챈_5소켓(E)						
	788	8	0	51014	10410	0	51030	10410	0	51015	10410	0	51016	10410	0	51017	10410	0	51018	10410	0	51019	10410	0	51020	10410	//엘리트1방어구세트_10인챈_4소켓(E)						
	789	8	0	51014	10310	0	51030	10310	0	51015	10310	0	51016	10310	0	51017	10310	0	51018	10310	0	51019	10310	0	51020	10310	//엘리트1방어구세트_10인챈_3소켓(E)						
	790	8	0	51014	10507	0	51030	10507	0	51015	10507	0	51016	10507	0	51017	10507	0	51018	10507	0	51019	10507	0	51020	10507	//엘리트1방어구세트_7인챈_5소켓(E)						
	791	8	0	51014	10407	0	51030	10407	0	51015	10407	0	51016	10407	0	51017	10407	0	51018	10407	0	51019	10407	0	51020	10407	//엘리트1방어구세트_7인챈_4소켓(E)						
	792	8	0	51014	10307	0	51030	10307	0	51015	10307	0	51016	10307	0	51017	10307	0	51018	10307	0	51019	10307	0	51020	10307	//엘리트1방어구세트_7인챈_3소켓(E)						
	793	8	0	51014	10500	0	51030	10500	0	51015	10500	0	51016	10500	0	51017	10500	0	51018	10500	0	51019	10500	0	51020	10500	//엘리트1방어구세트_0인챈_5소켓(E)						
	794	8	0	51014	10400	0	51030	10400	0	51015	10400	0	51016	10400	0	51017	10400	0	51018	10400	0	51019	10400	0	51020	10400	//엘리트1방어구세트_0인챈_4소켓(E)						
	795	8	0	51014	10300	0	51030	10300	0	51015	10300	0	51016	10300	0	51017	10300	0	51018	10300	0	51019	10300	0	51020	10300	//엘리트1방어구세트_0인챈_3소켓(E)						
	796	8	0	51091	10512	0	51092	10512	0	51093	10512	0	51094	10512	0	51095	10512	0	51096	10512	0	51097	10512	0	51098	10512	//엘리트1방어구세트_12인챈_5소켓(S)						
	797	8	0	51091	10412	0	51092	10412	0	51093	10412	0	51094	10412	0	51095	10412	0	51096	10412	0	51097	10412	0	51098	10412	//엘리트1방어구세트_12인챈_4소켓(S)						
	798	8	0	51091	10312	0	51092	10312	0	51093	10312	0	51094	10312	0	51095	10312	0	51096	10312	0	51097	10312	0	51098	10312	//엘리트1방어구세트_12인챈_3소켓(S)						
	799	8	0	51091	10510	0	51092	10510	0	51093	10510	0	51094	10510	0	51095	10510	0	51096	10510	0	51097	10510	0	51098	10510	//엘리트1방어구세트_10인챈_5소켓(S)						
	800	8	0	51091	10410	0	51092	10410	0	51093	10410	0	51094	10410	0	51095	10410	0	51096	10410	0	51097	10410	0	51098	10410	//엘리트1방어구세트_10인챈_4소켓(S)						
	801	8	0	51091	10310	0	51092	10310	0	51093	10310	0	51094	10310	0	51095	10310	0	51096	10310	0	51097	10310	0	51098	10310	//엘리트1방어구세트_10인챈_3소켓(S)						
	802	8	0	51091	10507	0	51092	10507	0	51093	10507	0	51094	10507	0	51095	10507	0	51096	10507	0	51097	10507	0	51098	10507	//엘리트1방어구세트_7인챈_5소켓(S)						
	803	8	0	51091	10407	0	51092	10407	0	51093	10407	0	51094	10407	0	51095	10407	0	51096	10407	0	51097	10407	0	51098	10407	//엘리트1방어구세트_7인챈_4소켓(S)						
	804	8	0	51091	10307	0	51092	10307	0	51093	10307	0	51094	10307	0	51095	10307	0	51096	10307	0	51097	10307	0	51098	10307	//엘리트1방어구세트_7인챈_3소켓(S)						
	805	8	0	51091	10500	0	51092	10500	0	51093	10500	0	51094	10500	0	51095	10500	0	51096	10500	0	51097	10500	0	51098	10500	//엘리트1방어구세트_0인챈_5소켓(S)						
	806	8	0	51091	10400	0	51092	10400	0	51093	10400	0	51094	10400	0	51095	10400	0	51096	10400	0	51097	10400	0	51098	10400	//엘리트1방어구세트_0인챈_4소켓(S)						
	807	8	0	51091	10300	0	51092	10300	0	51093	10300	0	51094	10300	0	51095	10300	0	51096	10300	0	51097	10300	0	51098	10300	//엘리트1방어구세트_0인챈_3소켓(S)						
	808	8	0	51359	10512	0	51360	10512	0	51361	10512	0	51362	10512	0	51363	10512	0	51364	10512	0	51365	10512	0	51366	10512	//엘리트1방어구세트_12인챈_5소켓(M)						
	809	8	0	51359	10412	0	51360	10412	0	51361	10412	0	51362	10412	0	51363	10412	0	51364	10412	0	51365	10412	0	51366	10412	//엘리트1방어구세트_12인챈_4소켓(M)						
	810	8	0	51359	10312	0	51360	10312	0	51361	10312	0	51362	10312	0	51363	10312	0	51364	10312	0	51365	10312	0	51366	10312	//엘리트1방어구세트_12인챈_3소켓(M)						
	811	8	0	51359	10510	0	51360	10510	0	51361	10510	0	51362	10510	0	51363	10510	0	51364	10510	0	51365	10510	0	51366	10510	//엘리트1방어구세트_10인챈_5소켓(M)						
	812	8	0	51359	10410	0	51360	10410	0	51361	10410	0	51362	10410	0	51363	10410	0	51364	10410	0	51365	10410	0	51366	10410	//엘리트1방어구세트_10인챈_4소켓(M)						
	813	8	0	51359	10310	0	51360	10310	0	51361	10310	0	51362	10310	0	51363	10310	0	51364	10310	0	51365	10310	0	51366	10310	//엘리트1방어구세트_10인챈_3소켓(M)						
	814	8	0	51359	10507	0	51360	10507	0	51361	10507	0	51362	10507	0	51363	10507	0	51364	10507	0	51365	10507	0	51366	10507	//엘리트1방어구세트_7인챈_5소켓(M)						
	815	8	0	51359	10407	0	51360	10407	0	51361	10407	0	51362	10407	0	51363	10407	0	51364	10407	0	51365	10407	0	51366	10407	//엘리트1방어구세트_7인챈_4소켓(M)						
	816	8	0	51359	10307	0	51360	10307	0	51361	10307	0	51362	10307	0	51363	10307	0	51364	10307	0	51365	10307	0	51366	10307	//엘리트1방어구세트_7인챈_3소켓(M)						
	817	8	0	51359	10500	0	51360	10500	0	51361	10500	0	51362	10500	0	51363	10500	0	51364	10500	0	51365	10500	0	51366	10500	//엘리트1방어구세트_0인챈_5소켓(M)						
	818	8	0	51359	10400	0	51360	10400	0	51361	10400	0	51362	10400	0	51363	10400	0	51364	10400	0	51365	10400	0	51366	10400	//엘리트1방어구세트_0인챈_4소켓(M)						
	819	8	0	51359	10300	0	51360	10300	0	51361	10300	0	51362	10300	0	51363	10300	0	51364	10300	0	51365	10300	0	51366	10300	//엘리트1방어구세트_0인챈_3소켓(M)						
	820	8	0	51036	10512	0	51037	10512	0	51038	10512	0	51039	10512	0	51040	10512	0	51041	10512	0	51042	10512	0	51043	10512	//엘리트1.5방어구세트_12인챈_5소켓(B)						
	821	8	0	51036	10412	0	51037	10412	0	51038	10412	0	51039	10412	0	51040	10412	0	51041	10412	0	51042	10412	0	51043	10412	//엘리트1.5방어구세트_12인챈_4소켓(B)						
	822	8	0	51036	10312	0	51037	10312	0	51038	10312	0	51039	10312	0	51040	10312	0	51041	10312	0	51042	10312	0	51043	10312	//엘리트1.5방어구세트_12인챈_3소켓(B)						
	823	8	0	51036	10510	0	51037	10510	0	51038	10510	0	51039	10510	0	51040	10510	0	51041	10510	0	51042	10510	0	51043	10510	//엘리트1.5방어구세트_10인챈_5소켓(B)						
	824	8	0	51036	10410	0	51037	10410	0	51038	10410	0	51039	10410	0	51040	10410	0	51041	10410	0	51042	10410	0	51043	10410	//엘리트1.5방어구세트_10인챈_4소켓(B)						
	825	8	0	51036	10310	0	51037	10310	0	51038	10310	0	51039	10310	0	51040	10310	0	51041	10310	0	51042	10310	0	51043	10310	//엘리트1.5방어구세트_10인챈_3소켓(B)						
	826	8	0	51036	10507	0	51037	10507	0	51038	10507	0	51039	10507	0	51040	10507	0	51041	10507	0	51042	10507	0	51043	10507	//엘리트1.5방어구세트_7인챈_5소켓(B)						
	827	8	0	51036	10407	0	51037	10407	0	51038	10407	0	51039	10407	0	51040	10407	0	51041	10407	0	51042	10407	0	51043	10407	//엘리트1.5방어구세트_7인챈_4소켓(B)						
	828	8	0	51036	10307	0	51037	10307	0	51038	10307	0	51039	10307	0	51040	10307	0	51041	10307	0	51042	10307	0	51043	10307	//엘리트1.5방어구세트_7인챈_3소켓(B)						
	829	8	0	51036	10500	0	51037	10500	0	51038	10500	0	51039	10500	0	51040	10500	0	51041	10500	0	51042	10500	0	51043	10500	//엘리트1.5방어구세트_0인챈_5소켓(B)						
	830	8	0	51036	10400	0	51037	10400	0	51038	10400	0	51039	10400	0	51040	10400	0	51041	10400	0	51042	10400	0	51043	10400	//엘리트1.5방어구세트_0인챈_4소켓(B)						
	831	8	0	51036	10300	0	51037	10300	0	51038	10300	0	51039	10300	0	51040	10300	0	51041	10300	0	51042	10300	0	51043	10300	//엘리트1.5방어구세트_0인챈_3소켓(B)						
	832	8	0	51044	10512	0	51045	10512	0	51046	10512	0	51047	10512	0	51048	10512	0	51049	10512	0	51050	10512	0	51051	10512	//엘리트1.5방어구세트_12인챈_5소켓(D)						
	833	8	0	51044	10412	0	51045	10412	0	51046	10412	0	51047	10412	0	51048	10412	0	51049	10412	0	51050	10412	0	51051	10412	//엘리트1.5방어구세트_12인챈_4소켓(D)						
	834	8	0	51044	10312	0	51045	10312	0	51046	10312	0	51047	10312	0	51048	10312	0	51049	10312	0	51050	10312	0	51051	10312	//엘리트1.5방어구세트_12인챈_3소켓(D)						
	835	8	0	51044	10510	0	51045	10510	0	51046	10510	0	51047	10510	0	51048	10510	0	51049	10510	0	51050	10510	0	51051	10510	//엘리트1.5방어구세트_10인챈_5소켓(D)						
	836	8	0	51044	10410	0	51045	10410	0	51046	10410	0	51047	10410	0	51048	10410	0	51049	10410	0	51050	10410	0	51051	10410	//엘리트1.5방어구세트_10인챈_4소켓(D)						
	837	8	0	51044	10310	0	51045	10310	0	51046	10310	0	51047	10310	0	51048	10310	0	51049	10310	0	51050	10310	0	51051	10310	//엘리트1.5방어구세트_10인챈_3소켓(D)						
	838	8	0	51044	10507	0	51045	10507	0	51046	10507	0	51047	10507	0	51048	10507	0	51049	10507	0	51050	10507	0	51051	10507	//엘리트1.5방어구세트_7인챈_5소켓(D)						
	839	8	0	51044	10407	0	51045	10407	0	51046	10407	0	51047	10407	0	51048	10407	0	51049	10407	0	51050	10407	0	51051	10407	//엘리트1.5방어구세트_7인챈_4소켓(D)						
	840	8	0	51044	10307	0	51045	10307	0	51046	10307	0	51047	10307	0	51048	10307	0	51049	10307	0	51050	10307	0	51051	10307	//엘리트1.5방어구세트_7인챈_3소켓(D)						
	841	8	0	51044	10500	0	51045	10500	0	51046	10500	0	51047	10500	0	51048	10500	0	51049	10500	0	51050	10500	0	51051	10500	//엘리트1.5방어구세트_0인챈_5소켓(D)						
	842	8	0	51044	10400	0	51045	10400	0	51046	10400	0	51047	10400	0	51048	10400	0	51049	10400	0	51050	10400	0	51051	10400	//엘리트1.5방어구세트_0인챈_4소켓(D)						
	843	8	0	51044	10300	0	51045	10300	0	51046	10300	0	51047	10300	0	51048	10300	0	51049	10300	0	51050	10300	0	51051	10300	//엘리트1.5방어구세트_0인챈_3소켓(D)						
	844	8	0	51060	10512	0	51061	10512	0	51062	10512	0	51063	10512	0	51064	10512	0	51065	10512	0	51066	10512	0	51067	10512	//엘리트1.5방어구세트_12인챈_5소켓(V)						
	845	8	0	51060	10412	0	51061	10412	0	51062	10412	0	51063	10412	0	51064	10412	0	51065	10412	0	51066	10412	0	51067	10412	//엘리트1.5방어구세트_12인챈_4소켓(V)						
	846	8	0	51060	10312	0	51061	10312	0	51062	10312	0	51063	10312	0	51064	10312	0	51065	10312	0	51066	10312	0	51067	10312	//엘리트1.5방어구세트_12인챈_3소켓(V)						
	847	8	0	51060	10510	0	51061	10510	0	51062	10510	0	51063	10510	0	51064	10510	0	51065	10510	0	51066	10510	0	51067	10510	//엘리트1.5방어구세트_10인챈_5소켓(V)						
	848	8	0	51060	10410	0	51061	10410	0	51062	10410	0	51063	10410	0	51064	10410	0	51065	10410	0	51066	10410	0	51067	10410	//엘리트1.5방어구세트_10인챈_4소켓(V)						
	849	8	0	51060	10310	0	51061	10310	0	51062	10310	0	51063	10310	0	51064	10310	0	51065	10310	0	51066	10310	0	51067	10310	//엘리트1.5방어구세트_10인챈_3소켓(V)						
	850	8	0	51060	10507	0	51061	10507	0	51062	10507	0	51063	10507	0	51064	10507	0	51065	10507	0	51066	10507	0	51067	10507	//엘리트1.5방어구세트_7인챈_5소켓(V)						
	851	8	0	51060	10407	0	51061	10407	0	51062	10407	0	51063	10407	0	51064	10407	0	51065	10407	0	51066	10407	0	51067	10407	//엘리트1.5방어구세트_7인챈_4소켓(V)						
	852	8	0	51060	10307	0	51061	10307	0	51062	10307	0	51063	10307	0	51064	10307	0	51065	10307	0	51066	10307	0	51067	10307	//엘리트1.5방어구세트_7인챈_3소켓(V)						
	853	8	0	51060	10500	0	51061	10500	0	51062	10500	0	51063	10500	0	51064	10500	0	51065	10500	0	51066	10500	0	51067	10500	//엘리트1.5방어구세트_0인챈_5소켓(V)						
	854	8	0	51060	10400	0	51061	10400	0	51062	10400	0	51063	10400	0	51064	10400	0	51065	10400	0	51066	10400	0	51067	10400	//엘리트1.5방어구세트_0인챈_4소켓(V)						
	855	8	0	51060	10300	0	51061	10300	0	51062	10300	0	51063	10300	0	51064	10300	0	51065	10300	0	51066	10300	0	51067	10300	//엘리트1.5방어구세트_0인챈_3소켓(V)						
	856	8	0	51052	10512	0	51053	10512	0	51054	10512	0	51055	10512	0	51056	10512	0	51057	10512	0	51058	10512	0	51059	10512	//엘리트1.5방어구세트_12인챈_5소켓(E)						
	857	8	0	51052	10412	0	51053	10412	0	51054	10412	0	51055	10412	0	51056	10412	0	51057	10412	0	51058	10412	0	51059	10412	//엘리트1.5방어구세트_12인챈_4소켓(E)						
	858	8	0	51052	10312	0	51053	10312	0	51054	10312	0	51055	10312	0	51056	10312	0	51057	10312	0	51058	10312	0	51059	10312	//엘리트1.5방어구세트_12인챈_3소켓(E)						
	859	8	0	51052	10510	0	51053	10510	0	51054	10510	0	51055	10510	0	51056	10510	0	51057	10510	0	51058	10510	0	51059	10510	//엘리트1.5방어구세트_10인챈_5소켓(E)						
	860	8	0	51052	10410	0	51053	10410	0	51054	10410	0	51055	10410	0	51056	10410	0	51057	10410	0	51058	10410	0	51059	10410	//엘리트1.5방어구세트_10인챈_4소켓(E)						
	861	8	0	51052	10310	0	51053	10310	0	51054	10310	0	51055	10310	0	51056	10310	0	51057	10310	0	51058	10310	0	51059	10310	//엘리트1.5방어구세트_10인챈_3소켓(E)						
	862	8	0	51052	10507	0	51053	10507	0	51054	10507	0	51055	10507	0	51056	10507	0	51057	10507	0	51058	10507	0	51059	10507	//엘리트1.5방어구세트_7인챈_5소켓(E)						
	863	8	0	51052	10407	0	51053	10407	0	51054	10407	0	51055	10407	0	51056	10407	0	51057	10407	0	51058	10407	0	51059	10407	//엘리트1.5방어구세트_7인챈_4소켓(E)						
	864	8	0	51052	10307	0	51053	10307	0	51054	10307	0	51055	10307	0	51056	10307	0	51057	10307	0	51058	10307	0	51059	10307	//엘리트1.5방어구세트_7인챈_3소켓(E)						
	865	8	0	51052	10500	0	51053	10500	0	51054	10500	0	51055	10500	0	51056	10500	0	51057	10500	0	51058	10500	0	51059	10500	//엘리트1.5방어구세트_0인챈_5소켓(E)						
	866	8	0	51052	10400	0	51053	10400	0	51054	10400	0	51055	10400	0	51056	10400	0	51057	10400	0	51058	10400	0	51059	10400	//엘리트1.5방어구세트_0인챈_4소켓(E)						
	867	8	0	51052	10300	0	51053	10300	0	51054	10300	0	51055	10300	0	51056	10300	0	51057	10300	0	51058	10300	0	51059	10300	//엘리트1.5방어구세트_0인챈_3소켓(E)						
	868	8	0	51068	10512	0	51069	10512	0	51070	10512	0	51071	10512	0	51072	10512	0	51073	10512	0	51074	10512	0	51075	10512	//엘리트1.5방어구세트_12인챈_5소켓(S)						
	869	8	0	51068	10412	0	51069	10412	0	51070	10412	0	51071	10412	0	51072	10412	0	51073	10412	0	51074	10412	0	51075	10412	//엘리트1.5방어구세트_12인챈_4소켓(S)						
	870	8	0	51068	10312	0	51069	10312	0	51070	10312	0	51071	10312	0	51072	10312	0	51073	10312	0	51074	10312	0	51075	10312	//엘리트1.5방어구세트_12인챈_3소켓(S)						
	871	8	0	51068	10510	0	51069	10510	0	51070	10510	0	51071	10510	0	51072	10510	0	51073	10510	0	51074	10510	0	51075	10510	//엘리트1.5방어구세트_10인챈_5소켓(S)						
	872	8	0	51068	10410	0	51069	10410	0	51070	10410	0	51071	10410	0	51072	10410	0	51073	10410	0	51074	10410	0	51075	10410	//엘리트1.5방어구세트_10인챈_4소켓(S)						
	873	8	0	51068	10310	0	51069	10310	0	51070	10310	0	51071	10310	0	51072	10310	0	51073	10310	0	51074	10310	0	51075	10310	//엘리트1.5방어구세트_10인챈_3소켓(S)						
	874	8	0	51068	10507	0	51069	10507	0	51070	10507	0	51071	10507	0	51072	10507	0	51073	10507	0	51074	10507	0	51075	10507	//엘리트1.5방어구세트_7인챈_5소켓(S)						
	875	8	0	51068	10407	0	51069	10407	0	51070	10407	0	51071	10407	0	51072	10407	0	51073	10407	0	51074	10407	0	51075	10407	//엘리트1.5방어구세트_7인챈_4소켓(S)						
	876	8	0	51068	10307	0	51069	10307	0	51070	10307	0	51071	10307	0	51072	10307	0	51073	10307	0	51074	10307	0	51075	10307	//엘리트1.5방어구세트_7인챈_3소켓(S)						
	877	8	0	51068	10500	0	51069	10500	0	51070	10500	0	51071	10500	0	51072	10500	0	51073	10500	0	51074	10500	0	51075	10500	//엘리트1.5방어구세트_0인챈_5소켓(S)						
	878	8	0	51068	10400	0	51069	10400	0	51070	10400	0	51071	10400	0	51072	10400	0	51073	10400	0	51074	10400	0	51075	10400	//엘리트1.5방어구세트_0인챈_4소켓(S)						
	879	8	0	51068	10300	0	51069	10300	0	51070	10300	0	51071	10300	0	51072	10300	0	51073	10300	0	51074	10300	0	51075	10300	//엘리트1.5방어구세트_0인챈_3소켓(S)						
	880	8	0	51367	10512	0	51368	10512	0	51369	10512	0	51370	10512	0	51371	10512	0	51372	10512	0	51373	10512	0	51374	10512	//엘리트1.5방어구세트_12인챈_5소켓(M)						
	881	8	0	51367	10412	0	51368	10412	0	51369	10412	0	51370	10412	0	51371	10412	0	51372	10412	0	51373	10412	0	51374	10412	//엘리트1.5방어구세트_12인챈_4소켓(M)						
	882	8	0	51367	10312	0	51368	10312	0	51369	10312	0	51370	10312	0	51371	10312	0	51372	10312	0	51373	10312	0	51374	10312	//엘리트1.5방어구세트_12인챈_3소켓(M)						
	883	8	0	51367	10510	0	51368	10510	0	51369	10510	0	51370	10510	0	51371	10510	0	51372	10510	0	51373	10510	0	51374	10510	//엘리트1.5방어구세트_10인챈_5소켓(M)						
	884	8	0	51367	10410	0	51368	10410	0	51369	10410	0	51370	10410	0	51371	10410	0	51372	10410	0	51373	10410	0	51374	10410	//엘리트1.5방어구세트_10인챈_4소켓(M)						
	885	8	0	51367	10310	0	51368	10310	0	51369	10310	0	51370	10310	0	51371	10310	0	51372	10310	0	51373	10310	0	51374	10310	//엘리트1.5방어구세트_10인챈_3소켓(M)						
	886	8	0	51367	10507	0	51368	10507	0	51369	10507	0	51370	10507	0	51371	10507	0	51372	10507	0	51373	10507	0	51374	10507	//엘리트1.5방어구세트_7인챈_5소켓(M)						
	887	8	0	51367	10407	0	51368	10407	0	51369	10407	0	51370	10407	0	51371	10407	0	51372	10407	0	51373	10407	0	51374	10407	//엘리트1.5방어구세트_7인챈_4소켓(M)						
	888	8	0	51367	10307	0	51368	10307	0	51369	10307	0	51370	10307	0	51371	10307	0	51372	10307	0	51373	10307	0	51374	10307	//엘리트1.5방어구세트_7인챈_3소켓(M)						
	889	8	0	51367	10500	0	51368	10500	0	51369	10500	0	51370	10500	0	51371	10500	0	51372	10500	0	51373	10500	0	51374	10500	//엘리트1.5방어구세트_0인챈_5소켓(M)						
	890	8	0	51367	10400	0	51368	10400	0	51369	10400	0	51370	10400	0	51371	10400	0	51372	10400	0	51373	10400	0	51374	10400	//엘리트1.5방어구세트_0인챈_4소켓(M)						
	891	8	0	51367	10300	0	51368	10300	0	51369	10300	0	51370	10300	0	51371	10300	0	51372	10300	0	51373	10300	0	51374	10300	//엘리트1.5방어구세트_0인챈_3소켓(M)						
	892	8	0	51217	10512	0	51218	10512	0	51219	10512	0	51220	10512	0	51221	10512	0	51222	10512	0	51223	10512	0	51224	10512	//엘리트2방어구세트_12인챈_5소켓(B)						
	893	8	0	51217	10412	0	51218	10412	0	51219	10412	0	51220	10412	0	51221	10412	0	51222	10412	0	51223	10412	0	51224	10412	//엘리트2방어구세트_12인챈_4소켓(B)						
	894	8	0	51217	10312	0	51218	10312	0	51219	10312	0	51220	10312	0	51221	10312	0	51222	10312	0	51223	10312	0	51224	10312	//엘리트2방어구세트_12인챈_3소켓(B)						
	895	8	0	51217	10510	0	51218	10510	0	51219	10510	0	51220	10510	0	51221	10510	0	51222	10510	0	51223	10510	0	51224	10510	//엘리트2방어구세트_10인챈_5소켓(B)						
	896	8	0	51217	10410	0	51218	10410	0	51219	10410	0	51220	10410	0	51221	10410	0	51222	10410	0	51223	10410	0	51224	10410	//엘리트2방어구세트_10인챈_4소켓(B)						
	897	8	0	51217	10310	0	51218	10310	0	51219	10310	0	51220	10310	0	51221	10310	0	51222	10310	0	51223	10310	0	51224	10310	//엘리트2방어구세트_10인챈_3소켓(B)						
	898	8	0	51217	10507	0	51218	10507	0	51219	10507	0	51220	10507	0	51221	10507	0	51222	10507	0	51223	10507	0	51224	10507	//엘리트2방어구세트_7인챈_5소켓(B)						
	899	8	0	51217	10407	0	51218	10407	0	51219	10407	0	51220	10407	0	51221	10407	0	51222	10407	0	51223	10407	0	51224	10407	//엘리트2방어구세트_7인챈_4소켓(B)						
	900	8	0	51217	10307	0	51218	10307	0	51219	10307	0	51220	10307	0	51221	10307	0	51222	10307	0	51223	10307	0	51224	10307	//엘리트2방어구세트_7인챈_3소켓(B)						
	901	8	0	51217	10500	0	51218	10500	0	51219	10500	0	51220	10500	0	51221	10500	0	51222	10500	0	51223	10500	0	51224	10500	//엘리트2방어구세트_0인챈_5소켓(B)						
	902	8	0	51217	10400	0	51218	10400	0	51219	10400	0	51220	10400	0	51221	10400	0	51222	10400	0	51223	10400	0	51224	10400	//엘리트2방어구세트_0인챈_4소켓(B)						
	903	8	0	51217	10300	0	51218	10300	0	51219	10300	0	51220	10300	0	51221	10300	0	51222	10300	0	51223	10300	0	51224	10300	//엘리트2방어구세트_0인챈_3소켓(B)						
	904	8	0	51225	10512	0	51226	10512	0	51227	10512	0	51228	10512	0	51229	10512	0	51230	10512	0	51231	10512	0	51232	10512	//엘리트2방어구세트_12인챈_5소켓(D)						
	905	8	0	51225	10412	0	51226	10412	0	51227	10412	0	51228	10412	0	51229	10412	0	51230	10412	0	51231	10412	0	51232	10412	//엘리트2방어구세트_12인챈_4소켓(D)						
	906	8	0	51225	10312	0	51226	10312	0	51227	10312	0	51228	10312	0	51229	10312	0	51230	10312	0	51231	10312	0	51232	10312	//엘리트2방어구세트_12인챈_3소켓(D)						
	907	8	0	51225	10510	0	51226	10510	0	51227	10510	0	51228	10510	0	51229	10510	0	51230	10510	0	51231	10510	0	51232	10510	//엘리트2방어구세트_10인챈_5소켓(D)						
	908	8	0	51225	10410	0	51226	10410	0	51227	10410	0	51228	10410	0	51229	10410	0	51230	10410	0	51231	10410	0	51232	10410	//엘리트2방어구세트_10인챈_4소켓(D)						
	909	8	0	51225	10310	0	51226	10310	0	51227	10310	0	51228	10310	0	51229	10310	0	51230	10310	0	51231	10310	0	51232	10310	//엘리트2방어구세트_10인챈_3소켓(D)						
	910	8	0	51225	10507	0	51226	10507	0	51227	10507	0	51228	10507	0	51229	10507	0	51230	10507	0	51231	10507	0	51232	10507	//엘리트2방어구세트_7인챈_5소켓(D)						
	911	8	0	51225	10407	0	51226	10407	0	51227	10407	0	51228	10407	0	51229	10407	0	51230	10407	0	51231	10407	0	51232	10407	//엘리트2방어구세트_7인챈_4소켓(D)						
	912	8	0	51225	10307	0	51226	10307	0	51227	10307	0	51228	10307	0	51229	10307	0	51230	10307	0	51231	10307	0	51232	10307	//엘리트2방어구세트_7인챈_3소켓(D)						
	913	8	0	51225	10500	0	51226	10500	0	51227	10500	0	51228	10500	0	51229	10500	0	51230	10500	0	51231	10500	0	51232	10500	//엘리트2방어구세트_0인챈_5소켓(D)						
	914	8	0	51225	10400	0	51226	10400	0	51227	10400	0	51228	10400	0	51229	10400	0	51230	10400	0	51231	10400	0	51232	10400	//엘리트2방어구세트_0인챈_4소켓(D)						
	915	8	0	51225	10300	0	51226	10300	0	51227	10300	0	51228	10300	0	51229	10300	0	51230	10300	0	51231	10300	0	51232	10300	//엘리트2방어구세트_0인챈_3소켓(D)						
	916	8	0	51241	10512	0	51242	10512	0	51243	10512	0	51244	10512	0	51245	10512	0	51246	10512	0	51247	10512	0	51248	10512	//엘리트2방어구세트_12인챈_5소켓(V)						
	917	8	0	51241	10412	0	51242	10412	0	51243	10412	0	51244	10412	0	51245	10412	0	51246	10412	0	51247	10412	0	51248	10412	//엘리트2방어구세트_12인챈_4소켓(V)						
	918	8	0	51241	10312	0	51242	10312	0	51243	10312	0	51244	10312	0	51245	10312	0	51246	10312	0	51247	10312	0	51248	10312	//엘리트2방어구세트_12인챈_3소켓(V)						
	919	8	0	51241	10510	0	51242	10510	0	51243	10510	0	51244	10510	0	51245	10510	0	51246	10510	0	51247	10510	0	51248	10510	//엘리트2방어구세트_10인챈_5소켓(V)						
	920	8	0	51241	10410	0	51242	10410	0	51243	10410	0	51244	10410	0	51245	10410	0	51246	10410	0	51247	10410	0	51248	10410	//엘리트2방어구세트_10인챈_4소켓(V)						
	921	8	0	51241	10310	0	51242	10310	0	51243	10310	0	51244	10310	0	51245	10310	0	51246	10310	0	51247	10310	0	51248	10310	//엘리트2방어구세트_10인챈_3소켓(V)						
	922	8	0	51241	10507	0	51242	10507	0	51243	10507	0	51244	10507	0	51245	10507	0	51246	10507	0	51247	10507	0	51248	10507	//엘리트2방어구세트_7인챈_5소켓(V)						
	923	8	0	51241	10407	0	51242	10407	0	51243	10407	0	51244	10407	0	51245	10407	0	51246	10407	0	51247	10407	0	51248	10407	//엘리트2방어구세트_7인챈_4소켓(V)						
	924	8	0	51241	10307	0	51242	10307	0	51243	10307	0	51244	10307	0	51245	10307	0	51246	10307	0	51247	10307	0	51248	10307	//엘리트2방어구세트_7인챈_3소켓(V)						
	925	8	0	51241	10500	0	51242	10500	0	51243	10500	0	51244	10500	0	51245	10500	0	51246	10500	0	51247	10500	0	51248	10500	//엘리트2방어구세트_0인챈_5소켓(V)						
	926	8	0	51241	10400	0	51242	10400	0	51243	10400	0	51244	10400	0	51245	10400	0	51246	10400	0	51247	10400	0	51248	10400	//엘리트2방어구세트_0인챈_4소켓(V)						
	927	8	0	51241	10300	0	51242	10300	0	51243	10300	0	51244	10300	0	51245	10300	0	51246	10300	0	51247	10300	0	51248	10300	//엘리트2방어구세트_0인챈_3소켓(V)						
	928	8	0	51233	10512	0	51234	10512	0	51235	10512	0	51236	10512	0	51237	10512	0	51238	10512	0	51239	10512	0	51240	10512	//엘리트2방어구세트_12인챈_5소켓(E)						
	929	8	0	51233	10412	0	51234	10412	0	51235	10412	0	51236	10412	0	51237	10412	0	51238	10412	0	51239	10412	0	51240	10412	//엘리트2방어구세트_12인챈_4소켓(E)						
	930	8	0	51233	10312	0	51234	10312	0	51235	10312	0	51236	10312	0	51237	10312	0	51238	10312	0	51239	10312	0	51240	10312	//엘리트2방어구세트_12인챈_3소켓(E)						
	931	8	0	51233	10510	0	51234	10510	0	51235	10510	0	51236	10510	0	51237	10510	0	51238	10510	0	51239	10510	0	51240	10510	//엘리트2방어구세트_10인챈_5소켓(E)						
	932	8	0	51233	10410	0	51234	10410	0	51235	10410	0	51236	10410	0	51237	10410	0	51238	10410	0	51239	10410	0	51240	10410	//엘리트2방어구세트_10인챈_4소켓(E)						
	933	8	0	51233	10310	0	51234	10310	0	51235	10310	0	51236	10310	0	51237	10310	0	51238	10310	0	51239	10310	0	51240	10310	//엘리트2방어구세트_10인챈_3소켓(E)						
	934	8	0	51233	10507	0	51234	10507	0	51235	10507	0	51236	10507	0	51237	10507	0	51238	10507	0	51239	10507	0	51240	10507	//엘리트2방어구세트_7인챈_5소켓(E)						
	935	8	0	51233	10407	0	51234	10407	0	51235	10407	0	51236	10407	0	51237	10407	0	51238	10407	0	51239	10407	0	51240	10407	//엘리트2방어구세트_7인챈_4소켓(E)						
	936	8	0	51233	10307	0	51234	10307	0	51235	10307	0	51236	10307	0	51237	10307	0	51238	10307	0	51239	10307	0	51240	10307	//엘리트2방어구세트_7인챈_3소켓(E)						
	937	8	0	51233	10500	0	51234	10500	0	51235	10500	0	51236	10500	0	51237	10500	0	51238	10500	0	51239	10500	0	51240	10500	//엘리트2방어구세트_0인챈_5소켓(E)						
	938	8	0	51233	10400	0	51234	10400	0	51235	10400	0	51236	10400	0	51237	10400	0	51238	10400	0	51239	10400	0	51240	10400	//엘리트2방어구세트_0인챈_4소켓(E)						
	939	8	0	51233	10300	0	51234	10300	0	51235	10300	0	51236	10300	0	51237	10300	0	51238	10300	0	51239	10300	0	51240	10300	//엘리트2방어구세트_0인챈_3소켓(E)						
	940	8	0	51249	10512	0	51250	10512	0	51251	10512	0	51252	10512	0	51253	10512	0	51254	10512	0	51255	10512	0	51256	10512	//엘리트2방어구세트_12인챈_5소켓(S)						
	941	8	0	51249	10412	0	51250	10412	0	51251	10412	0	51252	10412	0	51253	10412	0	51254	10412	0	51255	10412	0	51256	10412	//엘리트2방어구세트_12인챈_4소켓(S)						
	942	8	0	51249	10312	0	51250	10312	0	51251	10312	0	51252	10312	0	51253	10312	0	51254	10312	0	51255	10312	0	51256	10312	//엘리트2방어구세트_12인챈_3소켓(S)						
	943	8	0	51249	10510	0	51250	10510	0	51251	10510	0	51252	10510	0	51253	10510	0	51254	10510	0	51255	10510	0	51256	10510	//엘리트2방어구세트_10인챈_5소켓(S)						
	944	8	0	51249	10410	0	51250	10410	0	51251	10410	0	51252	10410	0	51253	10410	0	51254	10410	0	51255	10410	0	51256	10410	//엘리트2방어구세트_10인챈_4소켓(S)						
	945	8	0	51249	10310	0	51250	10310	0	51251	10310	0	51252	10310	0	51253	10310	0	51254	10310	0	51255	10310	0	51256	10310	//엘리트2방어구세트_10인챈_3소켓(S)						
	946	8	0	51249	10507	0	51250	10507	0	51251	10507	0	51252	10507	0	51253	10507	0	51254	10507	0	51255	10507	0	51256	10507	//엘리트2방어구세트_7인챈_5소켓(S)						
	947	8	0	51249	10407	0	51250	10407	0	51251	10407	0	51252	10407	0	51253	10407	0	51254	10407	0	51255	10407	0	51256	10407	//엘리트2방어구세트_7인챈_4소켓(S)						
	948	8	0	51249	10307	0	51250	10307	0	51251	10307	0	51252	10307	0	51253	10307	0	51254	10307	0	51255	10307	0	51256	10307	//엘리트2방어구세트_7인챈_3소켓(S)						
	949	8	0	51249	10500	0	51250	10500	0	51251	10500	0	51252	10500	0	51253	10500	0	51254	10500	0	51255	10500	0	51256	10500	//엘리트2방어구세트_0인챈_5소켓(S)						
	950	8	0	51249	10400	0	51250	10400	0	51251	10400	0	51252	10400	0	51253	10400	0	51254	10400	0	51255	10400	0	51256	10400	//엘리트2방어구세트_0인챈_4소켓(S)						
	951	8	0	51249	10300	0	51250	10300	0	51251	10300	0	51252	10300	0	51253	10300	0	51254	10300	0	51255	10300	0	51256	10300	//엘리트2방어구세트_0인챈_3소켓(S)						
	952	8	0	51375	10512	0	51376	10512	0	51377	10512	0	51378	10512	0	51379	10512	0	51380	10512	0	51381	10512	0	51382	10512	//엘리트2방어구세트_12인챈_5소켓(M)						
	953	8	0	51375	10412	0	51376	10412	0	51377	10412	0	51378	10412	0	51379	10412	0	51380	10412	0	51381	10412	0	51382	10412	//엘리트2방어구세트_12인챈_4소켓(M)						
	954	8	0	51375	10312	0	51376	10312	0	51377	10312	0	51378	10312	0	51379	10312	0	51380	10312	0	51381	10312	0	51382	10312	//엘리트2방어구세트_12인챈_3소켓(M)						
	955	8	0	51375	10510	0	51376	10510	0	51377	10510	0	51378	10510	0	51379	10510	0	51380	10510	0	51381	10510	0	51382	10510	//엘리트2방어구세트_10인챈_5소켓(M)						
	956	8	0	51375	10410	0	51376	10410	0	51377	10410	0	51378	10410	0	51379	10410	0	51380	10410	0	51381	10410	0	51382	10410	//엘리트2방어구세트_10인챈_4소켓(M)						
	957	8	0	51375	10310	0	51376	10310	0	51377	10310	0	51378	10310	0	51379	10310	0	51380	10310	0	51381	10310	0	51382	10310	//엘리트2방어구세트_10인챈_3소켓(M)						
	958	8	0	51375	10507	0	51376	10507	0	51377	10507	0	51378	10507	0	51379	10507	0	51380	10507	0	51381	10507	0	51382	10507	//엘리트2방어구세트_7인챈_5소켓(M)						
	959	8	0	51375	10407	0	51376	10407	0	51377	10407	0	51378	10407	0	51379	10407	0	51380	10407	0	51381	10407	0	51382	10407	//엘리트2방어구세트_7인챈_4소켓(M)						
	960	8	0	51375	10307	0	51376	10307	0	51377	10307	0	51378	10307	0	51379	10307	0	51380	10307	0	51381	10307	0	51382	10307	//엘리트2방어구세트_7인챈_3소켓(M)						
	961	8	0	51375	10500	0	51376	10500	0	51377	10500	0	51378	10500	0	51379	10500	0	51380	10500	0	51381	10500	0	51382	10500	//엘리트2방어구세트_0인챈_5소켓(M)						
	962	8	0	51375	10400	0	51376	10400	0	51377	10400	0	51378	10400	0	51379	10400	0	51380	10400	0	51381	10400	0	51382	10400	//엘리트2방어구세트_0인챈_4소켓(M)						
	963	8	0	51375	10300	0	51376	10300	0	51377	10300	0	51378	10300	0	51379	10300	0	51380	10300	0	51381	10300	0	51382	10300	//엘리트2방어구세트_0인챈_3소켓(M)						
	964	3	0	6060	30	0	6057	10	0	6051	15	0	0	0	0	0	0	0	0	0	0	0	0	0	0	0	//최상급엘리트2무기재료킷(B)_30_10_15						
	965	3	0	6060	20	0	6057	6	0	6051	10	0	0	0	0	0	0	0	0	0	0	0	0	0	0	0	//상급엘리트2무기재료킷(B)_20_6_10						
	966	3	0	6060	15	0	6057	3	0	6051	5	0	0	0	0	0	0	0	0	0	0	0	0	0	0	0	//중급엘리트2무기재료킷(B)_15_3_2						
	967	3	0	6060	2	0	6057	1	0	6051	1	0	0	0	0	0	0	0	0	0	0	0	0	0	0	0	//하급엘리트2무기재료킷(B)_2_1_1						
	968	3	0	6060	30	0	6057	10	0	6053	15	0	0	0	0	0	0	0	0	0	0	0	0	0	0	0	//최상급엘리트2무기재료킷(D)_30_10_15						
	969	3	0	6060	20	0	6057	6	0	6053	10	0	0	0	0	0	0	0	0	0	0	0	0	0	0	0	//상급엘리트2무기재료킷(D)_20_6_10						
	970	3	0	6060	15	0	6057	3	0	6053	5	0	0	0	0	0	0	0	0	0	0	0	0	0	0	0	//중급엘리트2무기재료킷(D)_15_3_2						
	971	3	0	6060	2	0	6057	1	0	6053	1	0	0	0	0	0	0	0	0	0	0	0	0	0	0	0	//하급엘리트2무기재료킷(D)_2_1_1						
	972	3	0	6060	30	0	6057	10	0	6052	15	0	0	0	0	0	0	0	0	0	0	0	0	0	0	0	//최상급엘리트2무기재료킷(V)_30_10_15						
	973	3	0	6060	20	0	6057	6	0	6052	10	0	0	0	0	0	0	0	0	0	0	0	0	0	0	0	//상급엘리트2무기재료킷(V)_20_6_10						
	974	3	0	6060	15	0	6057	3	0	6052	5	0	0	0	0	0	0	0	0	0	0	0	0	0	0	0	//중급엘리트2무기재료킷(V)_15_3_2						
	975	3	0	6060	2	0	6057	1	0	6052	1	0	0	0	0	0	0	0	0	0	0	0	0	0	0	0	//하급엘리트2무기재료킷(V)_2_1_1						
	976	3	0	6060	30	0	6057	10	0	6054	15	0	0	0	0	0	0	0	0	0	0	0	0	0	0	0	//최상급엘리트2무기재료킷(E)_30_10_15						
	977	3	0	6060	20	0	6057	6	0	6054	10	0	0	0	0	0	0	0	0	0	0	0	0	0	0	0	//상급엘리트2무기재료킷(E)_20_6_10						
	978	3	0	6060	15	0	6057	3	0	6054	5	0	0	0	0	0	0	0	0	0	0	0	0	0	0	0	//중급엘리트2무기재료킷(E)_15_3_2						
	979	3	0	6060	2	0	6057	1	0	6054	1	0	0	0	0	0	0	0	0	0	0	0	0	0	0	0	//하급엘리트2무기재료킷(E)_2_1_1						
	980	3	0	6060	30	0	6057	10	0	6055	15	0	0	0	0	0	0	0	0	0	0	0	0	0	0	0	//최상급엘리트2무기재료킷(S)_30_10_15						
	981	3	0	6060	20	0	6057	6	0	6055	10	0	0	0	0	0	0	0	0	0	0	0	0	0	0	0	//상급엘리트2무기재료킷(S)_20_6_10						
	982	3	0	6060	15	0	6057	3	0	6055	5	0	0	0	0	0	0	0	0	0	0	0	0	0	0	0	//중급엘리트2무기재료킷(S)_15_3_2						
	983	3	0	6060	2	0	6057	1	0	6055	1	0	0	0	0	0	0	0	0	0	0	0	0	0	0	0	//하급엘리트2무기재료킷(S)_2_1_1						
	984	3	0	6060	30	0	6057	10	0	6065	15	0	0	0	0	0	0	0	0	0	0	0	0	0	0	0	//최상급엘리트2무기재료킷(M)_30_10_15						
	985	3	0	6060	20	0	6057	6	0	6065	10	0	0	0	0	0	0	0	0	0	0	0	0	0	0	0	//상급엘리트2무기재료킷(M)_20_6_10						
	986	3	0	6060	15	0	6057	3	0	6065	5	0	0	0	0	0	0	0	0	0	0	0	0	0	0	0	//중급엘리트2무기재료킷(M)_15_3_2						
	987	3	0	6060	2	0	6057	1	0	6065	1	0	0	0	0	0	0	0	0	0	0	0	0	0	0	0	//하급엘리트2무기재료킷(M)_2_1_1						
	988	3	0	6056	80	0	6057	8	0	6051	15	0	0	0	0	0	0	0	0	0	0	0	0	0	0	0	//최상급엘리트2방어구재료킷(B)_80_8_15						
	989	3	0	6056	60	0	6057	6	0	6051	10	0	0	0	0	0	0	0	0	0	0	0	0	0	0	0	//상급엘리트2방어구재료킷(B)_60_6_10						
	990	3	0	6056	30	0	6057	2	0	6051	5	0	0	0	0	0	0	0	0	0	0	0	0	0	0	0	//중급엘리트2방어구재료킷(B)_30_2_5						
	991	3	0	6056	5	0	6057	1	0	6051	1	0	0	0	0	0	0	0	0	0	0	0	0	0	0	0	//하급엘리트2방어구재료킷(B)_5_1_1						
	992	3	0	6056	80	0	6057	8	0	6053	15	0	0	0	0	0	0	0	0	0	0	0	0	0	0	0	//최상급엘리트2방어구재료킷(D)_80_8_15						
	993	3	0	6056	60	0	6057	6	0	6053	10	0	0	0	0	0	0	0	0	0	0	0	0	0	0	0	//상급엘리트2방어구재료킷(D)_60_6_10						
	994	3	0	6056	30	0	6057	2	0	6053	5	0	0	0	0	0	0	0	0	0	0	0	0	0	0	0	//중급엘리트2방어구재료킷(D)_30_2_5						
	995	3	0	6056	5	0	6057	1	0	6053	1	0	0	0	0	0	0	0	0	0	0	0	0	0	0	0	//하급엘리트2방어구재료킷(D)_5_1_1						
	996	3	0	6056	80	0	6057	8	0	6052	15	0	0	0	0	0	0	0	0	0	0	0	0	0	0	0	//최상급엘리트2방어구재료킷(V)_80_8_15						
	997	3	0	6056	60	0	6057	6	0	6052	10	0	0	0	0	0	0	0	0	0	0	0	0	0	0	0	//상급엘리트2방어구재료킷(V)_60_6_10						
	998	3	0	6056	30	0	6057	2	0	6052	5	0	0	0	0	0	0	0	0	0	0	0	0	0	0	0	//중급엘리트2방어구재료킷(V)_30_2_5						
	999	3	0	6056	5	0	6057	1	0	6052	1	0	0	0	0	0	0	0	0	0	0	0	0	0	0	0	//하급엘리트2방어구재료킷(V)_5_1_1						
	1000	3	0	6056	80	0	6057	8	0	6054	15	0	0	0	0	0	0	0	0	0	0	0	0	0	0	0	//최상급엘리트2방어구재료킷(E)_80_8_15						
	1001	3	0	6056	60	0	6057	6	0	6054	10	0	0	0	0	0	0	0	0	0	0	0	0	0	0	0	//상급엘리트2방어구재료킷(E)_60_6_10						
	1002	3	0	6056	30	0	6057	2	0	6054	5	0	0	0	0	0	0	0	0	0	0	0	0	0	0	0	//중급엘리트2방어구재료킷(E)_30_2_5						
	1003	3	0	6056	5	0	6057	1	0	6054	1	0	0	0	0	0	0	0	0	0	0	0	0	0	0	0	//하급엘리트2방어구재료킷(E)_5_1_1						
	1004	3	0	6056	80	0	6057	8	0	6055	15	0	0	0	0	0	0	0	0	0	0	0	0	0	0	0	//최상급엘리트2방어구재료킷(S)_80_8_15						
	1005	3	0	6056	60	0	6057	6	0	6055	10	0	0	0	0	0	0	0	0	0	0	0	0	0	0	0	//상급엘리트2방어구재료킷(S)_60_6_10						
	1006	3	0	6056	30	0	6057	2	0	6055	5	0	0	0	0	0	0	0	0	0	0	0	0	0	0	0	//중급엘리트2방어구재료킷(S)_30_2_5						
	1007	3	0	6056	5	0	6057	1	0	6055	1	0	0	0	0	0	0	0	0	0	0	0	0	0	0	0	//하급엘리트2방어구재료킷(S)_5_1_1						
	1008	3	0	6056	80	0	6057	8	0	6065	15	0	0	0	0	0	0	0	0	0	0	0	0	0	0	0	//최상급엘리트2방어구재료킷(M)_80_8_15						
	1009	3	0	6056	60	0	6057	6	0	6065	10	0	0	0	0	0	0	0	0	0	0	0	0	0	0	0	//상급엘리트2방어구재료킷(M)_60_6_10						
	1010	3	0	6056	30	0	6057	2	0	6065	5	0	0	0	0	0	0	0	0	0	0	0	0	0	0	0	//중급엘리트2방어구재료킷(M)_30_2_5						
	1011	3	0	6056	5	0	6057	1	0	6065	1	0	0	0	0	0	0	0	0	0	0	0	0	0	0	0	//하급엘리트2방어구재료킷(M)_5_1_1						
	1012	2	0	7248	30	0	7252	30	0	0	0	0	0	0	0	0	0	0	0	0	0	0	0	0	0	0	//상급마야세트(Lv4)_30_30						
	1013	2	0	7248	10	0	7252	10	0	0	0	0	0	0	0	0	0	0	0	0	0	0	0	0	0	0	//중급마야세트(Lv4)_10_10						
	1014	2	0	7248	5	0	7252	5	0	0	0	0	0	0	0	0	0	0	0	0	0	0	0	0	0	0	//하급마야세트(Lv4)_5_5						
	1015	2	0	7247	20	0	7251	20	0	0	0	0	0	0	0	0	0	0	0	0	0	0	0	0	0	0	//상급마야세트(Lv3)_20_20						
	1016	2	0	7247	10	0	7251	10	0	0	0	0	0	0	0	0	0	0	0	0	0	0	0	0	0	0	//중급마야세트(Lv3)_10_10						
	1017	2	0	7247	5	0	7251	5	0	0	0	0	0	0	0	0	0	0	0	0	0	0	0	0	0	0	//하급마야세트(Lv3)_5_5						
	1018	3	0	4979	10	0	4978	10	0	4977	10	0	0	0	0	0	0	0	0	0	0	0	0	0	0	0	//상급인챈트세트_10						
	1019	3	0	4979	5	0	4978	5	0	4977	5	0	0	0	0	0	0	0	0	0	0	0	0	0	0	0	//중급인챈트세트_5						
	1020	3	0	4979	2	0	4978	2	0	4977	2	0	0	0	0	0	0	0	0	0	0	0	0	0	0	0	//하급인챈트세트_2						
	1021	2	0	3507	1	0	3508	1	0	0	0	0	0	0	0	0	0	0	0	0	0	0	0	0	0	0	//패자의세트						
	1022	2	0	40574	1	0	40575	1	0	0	0	0	0	0	0	0	0	0	0	0	0	0	0	0	0	0	//정복자_사제세트						
	1023	1	0	63039	1	0	63039	1	0	63039	1	0	63039	1	0	63039	1	0	0	0	0	0	0	0	0	0	//럭셔리티켓쁘띠BOX(B)_5매						
	1024	1	0	63039	1	0	63039	1	0	63039	1	0	63039	1	0	0	0	0	0	0	0	0	0	0	0	0	//럭셔리티켓쁘띠BOX(B)_4매						
	1025	1	0	63039	1	0	63039	1	0	63039	1	0	0	0	0	0	0	0	0	0	0	0	0	0	0	0	//럭셔리티켓쁘띠BOX(B)_3매						
	1026	1	0	63040	1	0	63040	1	0	63040	1	0	63040	1	0	63040	1	0	0	0	0	0	0	0	0	0	//럭셔리티켓쁘띠BOX(D)_5매						
	1027	1	0	63040	1	0	63040	1	0	63040	1	0	63040	1	0	0	0	0	0	0	0	0	0	0	0	0	//럭셔리티켓쁘띠BOX(D)_4매						
	1028	1	0	63040	1	0	63040	1	0	63040	1	0	0	0	0	0	0	0	0	0	0	0	0	0	0	0	//럭셔리티켓쁘띠BOX(D)_3매						
	1029	1	0	63041	1	0	63041	1	0	63041	1	0	63041	1	0	63041	1	0	0	0	0	0	0	0	0	0	//럭셔리티켓쁘띠BOX(V)_5매						
	1030	1	0	63041	1	0	63041	1	0	63041	1	0	63041	1	0	0	0	0	0	0	0	0	0	0	0	0	//럭셔리티켓쁘띠BOX(V)_4매						
	1031	1	0	63041	1	0	63041	1	0	63041	1	0	0	0	0	0	0	0	0	0	0	0	0	0	0	0	//럭셔리티켓쁘띠BOX(V)_3매						
//	1032	1	0	63042	1	0	63042	1	0	63042	1	0	63042	1	0	63042	1	0	0	0	0	0	0	0	0	0	//럭셔리티켓쁘띠BOX(E)_5매						
//	1033	1	0	63042	1	0	63042	1	0	63042	1	0	63042	1	0	0	0	0	0	0	0	0	0	0	0	0	//럭셔리티켓쁘띠BOX(E)_4매						
//	1034	1	0	63042	1	0	63042	1	0	63042	1	0	0	0	0	0	0	0	0	0	0	0	0	0	0	0	//럭셔리티켓쁘띠BOX(E)_3매						
	1035	1	0	63054	1	0	63054	1	0	63054	1	0	63054	1	0	63054	1	0	0	0	0	0	0	0	0	0	//럭셔리티켓쁘띠BOX(S)_5매						
	1036	1	0	63054	1	0	63054	1	0	63054	1	0	63054	1	0	0	0	0	0	0	0	0	0	0	0	0	//럭셔리티켓쁘띠BOX(S)_4매						
	1037	1	0	63054	1	0	63054	1	0	63054	1	0	0	0	0	0	0	0	0	0	0	0	0	0	0	0	//럭셔리티켓쁘띠BOX(S)_3매						
//	1038	1	0	0	5	0	0	0	0	0	0	0	0	0	0	0	0	0	0	0	0	0	0	0	0	0	//럭셔리티켓쁘띠BOX(M)_5매						
//	1039	1	0	0	4	0	0	0	0	0	0	0	0	0	0	0	0	0	0	0	0	0	0	0	0	0	//럭셔리티켓쁘띠BOX(M)_4매						
//	1040	1	0	0	3	0	0	0	0	0	0	0	0	0	0	0	0	0	0	0	0	0	0	0	0	0	//럭셔리티켓쁘띠BOX(M)_3매						
	1041	1	1	16501	0	0	0	0	0	0	0	0	0	0	0	0	0	0	0	0	0	0	0	0	0	0	//중국길드_맹공의반지_상자_5일						
	1042	1	1	16502	0	0	0	0	0	0	0	0	0	0	0	0	0	0	0	0	0	0	0	0	0	0	//중국길드_폭풍의반지_상자_5일						
	1043	1	1	16503	0	0	0	0	0	0	0	0	0	0	0	0	0	0	0	0	0	0	0	0	0	0	//중국길드_수호의반지_상자_5일						
	1044	1	1	16504	0	0	0	0	0	0	0	0	0	0	0	0	0	0	0	0	0	0	0	0	0	0	//중국길드_해방군의의지_상자_5일						
	1045	1	1	97005	0	0	0	0	0	0	0	0	0	0	0	0	0	0	0	0	0	0	0	0	0	0	//중국화폐상자						
//	1046	1	1	97056	0	0	0	0	0	0	0	0	0	0	0	0	0	0	0	0	0	0	0	0	0	0	//2012일본아이스이벤트_극한의보물상자						
//	1047	1	1	97057	0	0	0	0	0	0	0	0	0	0	0	0	0	0	0	0	0	0	0	0	0	0	//2012일본아이스이벤트_작열의보물상자						
	1048	1	1	16505	0	0	0	0	0	0	0	0	0	0	0	0	0	0	0	0	0	0	0	0	0	0	//중국길드_백호펫						
	1049	1	1	173	0	0	0	0	0	0	0	0	0	0	0	0	0	0	0	0	0	0	0	0	0	0	//일본트럼프이벤트Five_Card_Box						
	1050	1	1	175	0	0	0	0	0	0	0	0	0	0	0	0	0	0	0	0	0	0	0	0	0	0	//일본트럼프이벤트Royal_Straight_Flush_Box						
	1051	1	1	177	0	0	0	0	0	0	0	0	0	0	0	0	0	0	0	0	0	0	0	0	0	0	//일본트럼프이벤트Straight_Flush_Box						
	1052	1	1	179	0	0	0	0	0	0	0	0	0	0	0	0	0	0	0	0	0	0	0	0	0	0	//일본트럼프이벤트Four_Card_Box						
	1053	1	1	181	0	0	0	0	0	0	0	0	0	0	0	0	0	0	0	0	0	0	0	0	0	0	//일본트럼프이벤트Three_Card_Box						
	1054	8	0	7496	255	0	63002	5	0	4133	30	0	61161	1	0	61167	1	0	61179	1	0	61173	1	0	61185	1	//일본지역점령전지원상자						
	1055	8	0	46659	20007	0	46669	20007	0	46679	20007	0	46689	20007	0	46699	20007	0	46709	20007	0	46719	20007	0	46729	20007	//맞춤설계된1등급디바인방어구상자_미스틱						
	1056	8	0	46660	20007	0	46670	20007	0	46680	20007	0	46690	20007	0	46700	20007	0	46710	20007	0	46720	20007	0	46730	20007	//맞춤설계된2등급디바인방어구상자_미스틱						
	1057	8	0	46661	20007	0	46671	20007	0	46681	20007	0	46691	20007	0	46701	20007	0	46711	20007	0	46721	20007	0	46731	20007	//맞춤설계된3등급디바인방어구상자_미스틱						
	1058	8	0	46662	20007	0	46672	20007	0	46682	20007	0	46692	20007	0	46702	20007	0	46712	20007	0	46722	20007	0	46732	20007	//맞춤설계된4등급디바인방어구상자_미스틱						
	1059	8	0	46663	20007	0	46673	20007	0	46683	20007	0	46693	20007	0	46703	20007	0	46713	20007	0	46723	20007	0	46733	20007	//맞춤설계된5등급디바인방어구상자_미스틱						
	1060	8	0	46664	20007	0	46674	20007	0	46684	20007	0	46694	20007	0	46704	20007	0	46714	20007	0	46724	20007	0	46734	20007	//맞춤설계된6등급디바인방어구상자_미스틱						
	1061	8	0	46665	20007	0	46675	20007	0	46685	20007	0	46695	20007	0	46705	20007	0	46715	20007	0	46725	20007	0	46735	20007	//맞춤설계된7등급디바인방어구상자_미스틱						
	1062	8	0	46666	20007	0	46676	20007	0	46686	20007	0	46696	20007	0	46706	20007	0	46716	20007	0	46726	20007	0	46736	20007	//맞춤설계된8등급디바인방어구상자_미스틱						
//	1063	8	0	46667	20007	0	46677	20007	0	46687	20007	0	46697	20007	0	46707	20007	0	46717	20007	0	46727	20007	0	46737	20007	//맞춤설계된9등급디바인방어구상자_미스틱						
//	1064	8	0	46668	20007	0	46678	20007	0	46688	20007	0	46698	20007	0	46708	20007	0	46718	20007	0	46728	20007	0	46738	20007	//맞춤설계된10등급디바인방어구상자_미스틱						
	1065	4	0	872	20007	0	887	20007	0	47361	1	0	47351	1	0	0	0	0	0	0	0	0	0	0	0	0	//미스틱_레벨업박스_10레벨						
	1066	4	0	873	20007	0	888	20007	0	47362	1	0	47352	1	0	0	0	0	0	0	0	0	0	0	0	0	//미스틱_레벨업박스_20레벨						
	1067	4	0	874	20007	0	889	20007	0	47363	1	0	47353	1	0	0	0	0	0	0	0	0	0	0	0	0	//미스틱_레벨업박스_30레벨						
	1068	7	0	875	20007	0	890	20007	1	75	0	1	76	0	1	77	0	0	64837	5	0	47354	1	0	0	0	//미스틱_레벨업박스_40레벨						
	1069	4	0	876	20007	0	891	20007	0	47364	1	0	47355	1	0	0	0	0	0	0	0	0	0	0	0	0	//미스틱_레벨업박스_50레벨						
	1070	7	0	877	20007	0	892	20007	1	75	0	1	76	0	1	77	0	0	64837	5	0	47356	1	0	0	0	//미스틱_레벨업박스_60레벨						
	1071	4	0	878	20007	0	893	20007	0	47365	1	0	47357	1	0	0	0	0	0	0	0	0	0	0	0	0	//미스틱_레벨업박스_70레벨						
	1072	7	0	879	20007	0	894	20007	1	75	0	1	76	0	1	77	0	0	64837	10	0	47358	1	0	0	0	//미스틱_레벨업박스_80레벨						
	1073	4	0	880	20007	0	895	20007	0	47366	1	1	75	0	0	0	0	0	0	0	0	0	0	0	0	0	//미스틱_레벨업박스_90레벨						
//	1074	1	1	184	0	0	0	0	0	0	0	0	0	0	0	0	0	0	0	0	0	0	0	0	0	0	//글로벌_할로윈이벤트보상						
	1075	1	1	17013	0	0	0	0	0	0	0	0	0	0	0	0	0	0	0	0	0	0	0	0	0	0	//일몽의반지_상자(랜덤)						
	1076	1	1	17014	0	0	0	0	0	0	0	0	0	0	0	0	0	0	0	0	0	0	0	0	0	0	//야화의반지_상자(랜덤)						
	1077	1	1	17015	0	0	0	0	0	0	0	0	0	0	0	0	0	0	0	0	0	0	0	0	0	0	//펜릴의목걸이_상자(랜덤)						
	1078	1	1	17016	0	0	0	0	0	0	0	0	0	0	0	0	0	0	0	0	0	0	0	0	0	0	//스카디의목걸이_상자(랜덤)						
	1079	1	1	16506	0	0	0	0	0	0	0	0	0	0	0	0	0	0	0	0	0	0	0	0	0	0	//중국길드_금색날개_버서커_1일						
	1080	1	1	16507	0	0	0	0	0	0	0	0	0	0	0	0	0	0	0	0	0	0	0	0	0	0	//중국길드_금색날개_드래곤_1일						
	1081	1	1	16508	0	0	0	0	0	0	0	0	0	0	0	0	0	0	0	0	0	0	0	0	0	0	//중국길드_금색날개_엘리맨_1일						
	1082	1	1	16509	0	0	0	0	0	0	0	0	0	0	0	0	0	0	0	0	0	0	0	0	0	0	//중국길드_금색날개_발키리_1일						
	1083	1	1	16510	0	0	0	0	0	0	0	0	0	0	0	0	0	0	0	0	0	0	0	0	0	0	//중국길드_금색날개_섀도우_1일						
	1084	1	1	16511	0	0	0	0	0	0	0	0	0	0	0	0	0	0	0	0	0	0	0	0	0	0	//중국길드_금색날개_미스틱_1일						
	1085	1	1	16015	0	0	0	0	0	0	0	0	0	0	0	0	0	0	0	0	0	0	0	0	0	0	//중국길드_금색날개상자						
	1086	1	1	97501	0	0	0	0	0	0	0	0	0	0	0	0	0	0	0	0	0	0	0	0	0	0	//글로벌_버서커용복권(199)						
	1087	1	1	97502	0	0	0	0	0	0	0	0	0	0	0	0	0	0	0	0	0	0	0	0	0	0	//글로벌_드래곤용복권(199)						
	1088	1	1	97503	0	0	0	0	0	0	0	0	0	0	0	0	0	0	0	0	0	0	0	0	0	0	//글로벌_엘리용복권(199)						
	1089	1	1	97504	0	0	0	0	0	0	0	0	0	0	0	0	0	0	0	0	0	0	0	0	0	0	//글로벌_발키리용복권(199)						
	1090	1	1	97505	0	0	0	0	0	0	0	0	0	0	0	0	0	0	0	0	0	0	0	0	0	0	//글로벌_섀도우용복권(199)						
	1091	1	1	97506	0	0	0	0	0	0	0	0	0	0	0	0	0	0	0	0	0	0	0	0	0	0	//글로벌_버서커용복권(399)						
	1092	1	1	97507	0	0	0	0	0	0	0	0	0	0	0	0	0	0	0	0	0	0	0	0	0	0	//글로벌_드래곤용복권(399)						
	1093	1	1	97508	0	0	0	0	0	0	0	0	0	0	0	0	0	0	0	0	0	0	0	0	0	0	//글로벌_엘리용복권(399)						
	1094	1	1	97509	0	0	0	0	0	0	0	0	0	0	0	0	0	0	0	0	0	0	0	0	0	0	//글로벌_발키리용복권(399)						
	1095	1	1	97510	0	0	0	0	0	0	0	0	0	0	0	0	0	0	0	0	0	0	0	0	0	0	//글로벌_섀도우용복권(399)						
	1096	1	1	48037	0	0	0	0	0	0	0	0	0	0	0	0	0	0	0	0	0	0	0	0	0	0	//엘리트아이템제작재료상자						
	1097	1	1	48038	0	0	0	0	0	0	0	0	0	0	0	0	0	0	0	0	0	0	0	0	0	0	//검게뒤틀린악세사리상자						
	1098	8	0	51000	10012	0	51028	10012	0	51001	10012	0	51002	10012	0	51003	10012	0	51004	10012	0	51005	10012	0	51006	10012	//엘리트1방어구세트_12인챈_0소켓(B)						
	1099	8	0	51000	10010	0	51028	10010	0	51001	10010	0	51002	10010	0	51003	10010	0	51004	10010	0	51005	10010	0	51006	10010	//엘리트1방어구세트_10인챈_0소켓(B)						
	1100	8	0	51000	10007	0	51028	10007	0	51001	10007	0	51002	10007	0	51003	10007	0	51004	10007	0	51005	10007	0	51006	10007	//엘리트1방어구세트_7인챈_0소켓(B)						
	1101	8	0	51000	10000	0	51028	10000	0	51001	10000	0	51002	10000	0	51003	10000	0	51004	10000	0	51005	10000	0	51006	10000	//엘리트1방어구세트_0인챈_0소켓(B)						
	1102	8	0	51007	10012	0	51029	10012	0	51008	10012	0	51009	10012	0	51010	10012	0	51011	10012	0	51012	10012	0	51013	10012	//엘리트1방어구세트_12인챈_0소켓(D)						
	1103	8	0	51007	10010	0	51029	10010	0	51008	10010	0	51009	10010	0	51010	10010	0	51011	10010	0	51012	10010	0	51013	10010	//엘리트1방어구세트_10인챈_0소켓(D)						
	1104	8	0	51007	10007	0	51029	10007	0	51008	10007	0	51009	10007	0	51010	10007	0	51011	10007	0	51012	10007	0	51013	10007	//엘리트1방어구세트_7인챈_0소켓(D)						
	1105	8	0	51007	10000	0	51029	10000	0	51008	10000	0	51009	10000	0	51010	10000	0	51011	10000	0	51012	10000	0	51013	10000	//엘리트1방어구세트_0인챈_0소켓(D)						
	1106	8	0	51021	10012	0	51031	10012	0	51022	10012	0	51023	10012	0	51024	10012	0	51025	10012	0	51026	10012	0	51027	10012	//엘리트1방어구세트_12인챈_0소켓(V)						
	1107	8	0	51021	10010	0	51031	10010	0	51022	10010	0	51023	10010	0	51024	10010	0	51025	10010	0	51026	10010	0	51027	10010	//엘리트1방어구세트_10인챈_0소켓(V)						
	1108	8	0	51021	10007	0	51031	10007	0	51022	10007	0	51023	10007	0	51024	10007	0	51025	10007	0	51026	10007	0	51027	10007	//엘리트1방어구세트_7인챈_0소켓(V)						
	1109	8	0	51021	10000	0	51031	10000	0	51022	10000	0	51023	10000	0	51024	10000	0	51025	10000	0	51026	10000	0	51027	10000	//엘리트1방어구세트_0인챈_0소켓(V)						
	1110	8	0	51014	10012	0	51030	10012	0	51015	10012	0	51016	10012	0	51017	10012	0	51018	10012	0	51019	10012	0	51020	10012	//엘리트1방어구세트_12인챈_0소켓(E)						
	1111	8	0	51014	10010	0	51030	10010	0	51015	10010	0	51016	10010	0	51017	10010	0	51018	10010	0	51019	10010	0	51020	10010	//엘리트1방어구세트_10인챈_0소켓(E)						
	1112	8	0	51014	10007	0	51030	10007	0	51015	10007	0	51016	10007	0	51017	10007	0	51018	10007	0	51019	10007	0	51020	10007	//엘리트1방어구세트_7인챈_0소켓(E)						
	1113	8	0	51014	10000	0	51030	10000	0	51015	10000	0	51016	10000	0	51017	10000	0	51018	10000	0	51019	10000	0	51020	10000	//엘리트1방어구세트_0인챈_0소켓(E)						
	1114	8	0	51091	10012	0	51092	10012	0	51093	10012	0	51094	10012	0	51095	10012	0	51096	10012	0	51097	10012	0	51098	10012	//엘리트1방어구세트_12인챈_0소켓(S)						
	1115	8	0	51091	10010	0	51092	10010	0	51093	10010	0	51094	10010	0	51095	10010	0	51096	10010	0	51097	10010	0	51098	10010	//엘리트1방어구세트_10인챈_0소켓(S)						
	1116	8	0	51091	10007	0	51092	10007	0	51093	10007	0	51094	10007	0	51095	10007	0	51096	10007	0	51097	10007	0	51098	10007	//엘리트1방어구세트_7인챈_0소켓(S)						
	1117	8	0	51091	10000	0	51092	10000	0	51093	10000	0	51094	10000	0	51095	10000	0	51096	10000	0	51097	10000	0	51098	10000	//엘리트1방어구세트_0인챈_0소켓(S)						
	1118	8	0	51359	10012	0	51360	10012	0	51361	10012	0	51362	10012	0	51363	10012	0	51364	10012	0	51365	10012	0	51366	10012	//엘리트1방어구세트_12인챈_0소켓(M)						
	1119	8	0	51359	10010	0	51360	10010	0	51361	10010	0	51362	10010	0	51363	10010	0	51364	10010	0	51365	10010	0	51366	10010	//엘리트1방어구세트_10인챈_0소켓(M)						
	1120	8	0	51359	10007	0	51360	10007	0	51361	10007	0	51362	10007	0	51363	10007	0	51364	10007	0	51365	10007	0	51366	10007	//엘리트1방어구세트_7인챈_0소켓(M)						
	1121	8	0	51359	10000	0	51360	10000	0	51361	10000	0	51362	10000	0	51363	10000	0	51364	10000	0	51365	10000	0	51366	10000	//엘리트1방어구세트_0인챈_0소켓(M)						
	1122	8	0	51036	10012	0	51037	10012	0	51038	10012	0	51039	10012	0	51040	10012	0	51041	10012	0	51042	10012	0	51043	10012	//엘리트1.5방어구세트_12인챈_0소켓(B)						
	1123	8	0	51036	10010	0	51037	10010	0	51038	10010	0	51039	10010	0	51040	10010	0	51041	10010	0	51042	10010	0	51043	10010	//엘리트1.5방어구세트_10인챈_0소켓(B)						
	1124	8	0	51036	10007	0	51037	10007	0	51038	10007	0	51039	10007	0	51040	10007	0	51041	10007	0	51042	10007	0	51043	10007	//엘리트1.5방어구세트_7인챈_0소켓(B)						
	1125	8	0	51036	10000	0	51037	10000	0	51038	10000	0	51039	10000	0	51040	10000	0	51041	10000	0	51042	10000	0	51043	10000	//엘리트1.5방어구세트_0인챈_0소켓(B)						
	1126	8	0	51044	10012	0	51045	10012	0	51046	10012	0	51047	10012	0	51048	10012	0	51049	10012	0	51050	10012	0	51051	10012	//엘리트1.5방어구세트_12인챈_0소켓(D)						
	1127	8	0	51044	10010	0	51045	10010	0	51046	10010	0	51047	10010	0	51048	10010	0	51049	10010	0	51050	10010	0	51051	10010	//엘리트1.5방어구세트_10인챈_0소켓(D)						
	1128	8	0	51044	10007	0	51045	10007	0	51046	10007	0	51047	10007	0	51048	10007	0	51049	10007	0	51050	10007	0	51051	10007	//엘리트1.5방어구세트_7인챈_0소켓(D)						
	1129	8	0	51044	10000	0	51045	10000	0	51046	10000	0	51047	10000	0	51048	10000	0	51049	10000	0	51050	10000	0	51051	10000	//엘리트1.5방어구세트_0인챈_0소켓(D)						
	1130	8	0	51060	10012	0	51061	10012	0	51062	10012	0	51063	10012	0	51064	10012	0	51065	10012	0	51066	10012	0	51067	10012	//엘리트1.5방어구세트_12인챈_0소켓(V)						
	1131	8	0	51060	10010	0	51061	10010	0	51062	10010	0	51063	10010	0	51064	10010	0	51065	10010	0	51066	10010	0	51067	10010	//엘리트1.5방어구세트_10인챈_0소켓(V)						
	1132	8	0	51060	10007	0	51061	10007	0	51062	10007	0	51063	10007	0	51064	10007	0	51065	10007	0	51066	10007	0	51067	10007	//엘리트1.5방어구세트_7인챈_0소켓(V)						
	1133	8	0	51060	10000	0	51061	10000	0	51062	10000	0	51063	10000	0	51064	10000	0	51065	10000	0	51066	10000	0	51067	10000	//엘리트1.5방어구세트_0인챈_0소켓(V)						
	1134	8	0	51052	10012	0	51053	10012	0	51054	10012	0	51055	10012	0	51056	10012	0	51057	10012	0	51058	10012	0	51059	10012	//엘리트1.5방어구세트_12인챈_0소켓(E)						
	1135	8	0	51052	10010	0	51053	10010	0	51054	10010	0	51055	10010	0	51056	10010	0	51057	10010	0	51058	10010	0	51059	10010	//엘리트1.5방어구세트_10인챈_0소켓(E)						
	1136	8	0	51052	10007	0	51053	10007	0	51054	10007	0	51055	10007	0	51056	10007	0	51057	10007	0	51058	10007	0	51059	10007	//엘리트1.5방어구세트_7인챈_0소켓(E)						
	1137	8	0	51052	10000	0	51053	10000	0	51054	10000	0	51055	10000	0	51056	10000	0	51057	10000	0	51058	10000	0	51059	10000	//엘리트1.5방어구세트_0인챈_0소켓(E)						
	1138	8	0	51068	10012	0	51069	10012	0	51070	10012	0	51071	10012	0	51072	10012	0	51073	10012	0	51074	10012	0	51075	10012	//엘리트1.5방어구세트_12인챈_0소켓(S)						
	1139	8	0	51068	10010	0	51069	10010	0	51070	10010	0	51071	10010	0	51072	10010	0	51073	10010	0	51074	10010	0	51075	10010	//엘리트1.5방어구세트_10인챈_0소켓(S)						
	1140	8	0	51068	10007	0	51069	10007	0	51070	10007	0	51071	10007	0	51072	10007	0	51073	10007	0	51074	10007	0	51075	10007	//엘리트1.5방어구세트_7인챈_0소켓(S)						
	1141	8	0	51068	10000	0	51069	10000	0	51070	10000	0	51071	10000	0	51072	10000	0	51073	10000	0	51074	10000	0	51075	10000	//엘리트1.5방어구세트_0인챈_0소켓(S)						
	1142	8	0	51367	10012	0	51368	10012	0	51369	10012	0	51370	10012	0	51371	10012	0	51372	10012	0	51373	10012	0	51374	10012	//엘리트1.5방어구세트_12인챈_0소켓(M)						
	1143	8	0	51367	10010	0	51368	10010	0	51369	10010	0	51370	10010	0	51371	10010	0	51372	10010	0	51373	10010	0	51374	10010	//엘리트1.5방어구세트_10인챈_0소켓(M)						
	1144	8	0	51367	10007	0	51368	10007	0	51369	10007	0	51370	10007	0	51371	10007	0	51372	10007	0	51373	10007	0	51374	10007	//엘리트1.5방어구세트_7인챈_0소켓(M)						
	1145	8	0	51367	10000	0	51368	10000	0	51369	10000	0	51370	10000	0	51371	10000	0	51372	10000	0	51373	10000	0	51374	10000	//엘리트1.5방어구세트_0인챈_0소켓(M)						
	1146	8	0	51217	10012	0	51218	10012	0	51219	10012	0	51220	10012	0	51221	10012	0	51222	10012	0	51223	10012	0	51224	10012	//엘리트2방어구세트_12인챈_0소켓(B)						
	1147	8	0	51217	10010	0	51218	10010	0	51219	10010	0	51220	10010	0	51221	10010	0	51222	10010	0	51223	10010	0	51224	10010	//엘리트2방어구세트_10인챈_0소켓(B)						
	1148	8	0	51217	10007	0	51218	10007	0	51219	10007	0	51220	10007	0	51221	10007	0	51222	10007	0	51223	10007	0	51224	10007	//엘리트2방어구세트_7인챈_0소켓(B)						
	1149	8	0	51217	10000	0	51218	10000	0	51219	10000	0	51220	10000	0	51221	10000	0	51222	10000	0	51223	10000	0	51224	10000	//엘리트2방어구세트_0인챈_0소켓(B)						
	1150	8	0	51225	10012	0	51226	10012	0	51227	10012	0	51228	10012	0	51229	10012	0	51230	10012	0	51231	10012	0	51232	10012	//엘리트2방어구세트_12인챈_0소켓(D)						
	1151	8	0	51225	10010	0	51226	10010	0	51227	10010	0	51228	10010	0	51229	10010	0	51230	10010	0	51231	10010	0	51232	10010	//엘리트2방어구세트_10인챈_0소켓(D)						
	1152	8	0	51225	10007	0	51226	10007	0	51227	10007	0	51228	10007	0	51229	10007	0	51230	10007	0	51231	10007	0	51232	10007	//엘리트2방어구세트_7인챈_0소켓(D)						
	1153	8	0	51225	10000	0	51226	10000	0	51227	10000	0	51228	10000	0	51229	10000	0	51230	10000	0	51231	10000	0	51232	10000	//엘리트2방어구세트_0인챈_0소켓(D)						
	1154	8	0	51241	10012	0	51242	10012	0	51243	10012	0	51244	10012	0	51245	10012	0	51246	10012	0	51247	10012	0	51248	10012	//엘리트2방어구세트_12인챈_0소켓(V)						
	1155	8	0	51241	10010	0	51242	10010	0	51243	10010	0	51244	10010	0	51245	10010	0	51246	10010	0	51247	10010	0	51248	10010	//엘리트2방어구세트_10인챈_0소켓(V)						
	1156	8	0	51241	10007	0	51242	10007	0	51243	10007	0	51244	10007	0	51245	10007	0	51246	10007	0	51247	10007	0	51248	10007	//엘리트2방어구세트_7인챈_0소켓(V)						
	1157	8	0	51241	10000	0	51242	10000	0	51243	10000	0	51244	10000	0	51245	10000	0	51246	10000	0	51247	10000	0	51248	10000	//엘리트2방어구세트_0인챈_0소켓(V)						
	1158	8	0	51233	10012	0	51234	10012	0	51235	10012	0	51236	10012	0	51237	10012	0	51238	10012	0	51239	10012	0	51240	10012	//엘리트2방어구세트_12인챈_0소켓(E)						
	1159	8	0	51233	10010	0	51234	10010	0	51235	10010	0	51236	10010	0	51237	10010	0	51238	10010	0	51239	10010	0	51240	10010	//엘리트2방어구세트_10인챈_0소켓(E)						
	1160	8	0	51233	10007	0	51234	10007	0	51235	10007	0	51236	10007	0	51237	10007	0	51238	10007	0	51239	10007	0	51240	10007	//엘리트2방어구세트_7인챈_0소켓(E)						
	1161	8	0	51233	10000	0	51234	10000	0	51235	10000	0	51236	10000	0	51237	10000	0	51238	10000	0	51239	10000	0	51240	10000	//엘리트2방어구세트_0인챈_0소켓(E)						
	1162	8	0	51249	10012	0	51250	10012	0	51251	10012	0	51252	10012	0	51253	10012	0	51254	10012	0	51255	10012	0	51256	10012	//엘리트2방어구세트_12인챈_0소켓(S)						
	1163	8	0	51249	10010	0	51250	10010	0	51251	10010	0	51252	10010	0	51253	10010	0	51254	10010	0	51255	10010	0	51256	10010	//엘리트2방어구세트_10인챈_0소켓(S)						
	1164	8	0	51249	10007	0	51250	10007	0	51251	10007	0	51252	10007	0	51253	10007	0	51254	10007	0	51255	10007	0	51256	10007	//엘리트2방어구세트_7인챈_0소켓(S)						
	1165	8	0	51249	10000	0	51250	10000	0	51251	10000	0	51252	10000	0	51253	10000	0	51254	10000	0	51255	10000	0	51256	10000	//엘리트2방어구세트_0인챈_0소켓(S)						
	1166	8	0	51375	10012	0	51376	10012	0	51377	10012	0	51378	10012	0	51379	10012	0	51380	10012	0	51381	10012	0	51382	10012	//엘리트2방어구세트_12인챈_0소켓(M)						
	1167	8	0	51375	10010	0	51376	10010	0	51377	10010	0	51378	10010	0	51379	10010	0	51380	10010	0	51381	10010	0	51382	10010	//엘리트2방어구세트_10인챈_0소켓(M)						
	1168	8	0	51375	10007	0	51376	10007	0	51377	10007	0	51378	10007	0	51379	10007	0	51380	10007	0	51381	10007	0	51382	10007	//엘리트2방어구세트_7인챈_0소켓(M)						
	1169	8	0	51375	10000	0	51376	10000	0	51377	10000	0	51378	10000	0	51379	10000	0	51380	10000	0	51381	10000	0	51382	10000	//엘리트2방어구세트_0인챈_0소켓(M)						
	1170	2	0	3123	1	0	3124	1	0	0	0	0	0	0	0	0	0	0	0	0	0	0	0	0	0	0	//이그니스의세트						
	1171	5	0	40564	3	0	40565	3	0	40566	3	0	40567	3	0	40568	3	0	0	0	0	0	0	0	0	0	//사제정복자재료킷(3세트)						
	1172	1	1	212	0	0	0	0	0	0	0	0	0	0	0	0	0	0	0	0	0	0	0	0	0	0	//크리스마스이벤트_산타선물상자1						
	1173	1	1	213	0	0	0	0	0	0	0	0	0	0	0	0	0	0	0	0	0	0	0	0	0	0	//크리스마스이벤트_산타선물상자2						
	1174	1	1	214	0	0	0	0	0	0	0	0	0	0	0	0	0	0	0	0	0	0	0	0	0	0	//크리스마스이벤트_산타선물상자3						
	1175	1	1	95044	0	0	0	0	0	0	0	0	0	0	0	0	0	0	0	0	0	0	0	0	0	0	//국내2012년11월프리미엄가챠상자						
	1176	1	1	95046	0	0	0	0	0	0	0	0	0	0	0	0	0	0	0	0	0	0	0	0	0	0	//미완의타락한사원무기상자0인챈_랜덤소켓(버서커)						
	1177	1	1	95047	0	0	0	0	0	0	0	0	0	0	0	0	0	0	0	0	0	0	0	0	0	0	//미완의타락한사원무기상자0인챈_랜덤소켓(드래곤)						
	1178	1	1	95048	0	0	0	0	0	0	0	0	0	0	0	0	0	0	0	0	0	0	0	0	0	0	//미완의타락한사원무기상자0인챈_랜덤소켓(발키리)						
	1179	1	1	95049	0	0	0	0	0	0	0	0	0	0	0	0	0	0	0	0	0	0	0	0	0	0	//미완의타락한사원무기상자0인챈_랜덤소켓(엘리)						
	1180	1	1	95050	0	0	0	0	0	0	0	0	0	0	0	0	0	0	0	0	0	0	0	0	0	0	//미완의타락한사원무기상자0인챈_랜덤소켓(섀도우)						
	1181	1	1	95051	0	0	0	0	0	0	0	0	0	0	0	0	0	0	0	0	0	0	0	0	0	0	//미완의타락한사원무기상자0인챈_랜덤소켓(미스틱)						
	1182	1	1	215	0	0	0	0	0	0	0	0	0	0	0	0	0	0	0	0	0	0	0	0	0	0	//크리스마스이벤트_꼬꼬마눈사람펫상자						
//	1183	1	1	96058	0	0	0	0	0	0	0	0	0	0	0	0	0	0	0	0	0	0	0	0	0	0	//일본럭셔리티켓(1000엔)_미스틱						
//	1184	1	1	96060	0	0	0	0	0	0	0	0	0	0	0	0	0	0	0	0	0	0	0	0	0	0	//일본럭셔리티켓프티(500엔)_미스틱						
//	1185	1	1	96062	0	0	0	0	0	0	0	0	0	0	0	0	0	0	0	0	0	0	0	0	0	0	//일본럭셔리티켓미디(특별)_미스틱						
	1186	1	1	95052	0	0	0	0	0	0	0	0	0	0	0	0	0	0	0	0	0	0	0	0	0	0	//국내2012년12월프리미엄가챠상자						
//	1187	2	0	902	0	0	47369	1	0	0	0	0	0	0	0	0	0	0	0	0	0	0	0	0	0	0	//미스틱_레벨업박스_100레벨						
//	1188	8	0	58901	0	0	58902	0	0	58903	0	0	58904	0	0	58905	0	0	58906	0	0	58907	0	0	58908	0	//맞춤설계된미완의미스틱방어구상자_미스틱						
	1189	6	0	56144	1	0	56150	1	1	227	0	1	228	0	1	229	0	1	230	0	0	0	0	0	0	0	//국내_회귀이벤트_버서커_지급품상자						
	1190	6	0	56145	1	0	56151	1	1	227	0	1	228	0	1	229	0	1	230	0	0	0	0	0	0	0	//국내_회귀이벤트_드래곤나이트_지급품상자						
	1191	6	0	56146	1	0	56152	1	1	227	0	1	228	0	1	229	0	1	230	0	0	0	0	0	0	0	//국내_회귀이벤트_섀도우_지급품상자						
	1192	6	0	56147	1	0	56153	1	1	227	0	1	228	0	1	229	0	1	230	0	0	0	0	0	0	0	//국내_회귀이벤트_발키리_지급품상자						
	1193	6	0	56148	1	0	56154	1	1	227	0	1	228	0	1	229	0	1	230	0	0	0	0	0	0	0	//국내_회귀이벤트_엘리멘탈리스트_지급품상자						
	1194	6	0	56149	1	0	56155	1	1	227	0	1	228	0	1	229	0	1	230	0	0	0	0	0	0	0	//국내_회귀이벤트_미스틱_지급품상자						
	1195	2	1	111	0	1	112	0	0	0	0	0	0	0	0	0	0	0	0	0	0	0	0	0	0	0	//국내_회귀이벤트_버서커_무기상자						
	1196	2	1	123	0	1	124	0	0	0	0	0	0	0	0	0	0	0	0	0	0	0	0	0	0	0	//국내_회귀이벤트_드래곤나이트_무기상자						
	1197	2	1	135	0	1	136	0	0	0	0	0	0	0	0	0	0	0	0	0	0	0	0	0	0	0	//국내_회귀이벤트_섀도우_무기상자						
	1198	2	1	147	0	1	148	0	0	0	0	0	0	0	0	0	0	0	0	0	0	0	0	0	0	0	//국내_회귀이벤트_발키리_무기상자						
	1199	2	1	159	0	1	160	0	0	0	0	0	0	0	0	0	0	0	0	0	0	0	0	0	0	0	//국내_회귀이벤트_엘리멘탈리스트_무기상자						
	1200	2	1	217	0	1	218	0	0	0	0	0	0	0	0	0	0	0	0	0	0	0	0	0	0	0	//국내_회귀이벤트_미스틱_무기상자						
	1201	8	1	113	0	1	114	0	1	115	0	1	116	0	1	117	0	1	118	0	1	119	0	1	120	0	//국내_회귀이벤트_버서커_방어구상자						
	1202	8	1	125	0	1	126	0	1	127	0	1	128	0	1	129	0	1	130	0	1	131	0	1	132	0	//국내_회귀이벤트_드래곤나이트_방어구상자						
	1203	8	1	137	0	1	138	0	1	139	0	1	140	0	1	141	0	1	142	0	1	143	0	1	144	0	//국내_회귀이벤트_섀도우_방어구상자						
	1204	8	1	149	0	1	150	0	1	151	0	1	152	0	1	153	0	1	154	0	1	155	0	1	156	0	//국내_회귀이벤트_발키리_방어구상자						
	1205	8	1	161	0	1	162	0	1	163	0	1	164	0	1	165	0	1	166	0	1	167	0	1	168	0	//국내_회귀이벤트_엘리멘탈리스트_방어구상자						
	1206	8	1	219	0	1	220	0	1	221	0	1	222	0	1	223	0	1	224	0	1	225	0	1	226	0	//국내_회귀이벤트_미스틱_방어구상자						
	1207	1	1	97511	0	0	0	0	0	0	0	0	0	0	0	0	0	0	0	0	0	0	0	0	0	0	//글로벌_미스틱용복권(199)						
	1208	1	1	97512	0	0	0	0	0	0	0	0	0	0	0	0	0	0	0	0	0	0	0	0	0	0	//글로벌_미스틱용복권(399)						
//	1209	2	0	4308	0	0	4313	0	0	0	0	0	0	0	0	0	0	0	0	0	0	0	0	0	0	0	//웰컴_아시아_선물상자_버서커(Lv. 110)						
//	1210	2	0	4309	0	0	4314	0	0	0	0	0	0	0	0	0	0	0	0	0	0	0	0	0	0	0	//웰컴_아시아_선물상자_드래곤(Lv. 110)						
//	1211	2	0	4310	0	0	4315	0	0	0	0	0	0	0	0	0	0	0	0	0	0	0	0	0	0	0	//웰컴_아시아_선물상자_섀도우(Lv. 110)						
//	1212	2	0	4311	0	0	4316	0	0	0	0	0	0	0	0	0	0	0	0	0	0	0	0	0	0	0	//웰컴_아시아_선물상자_발키리(Lv. 110)						
//	1213	2	0	4312	0	0	4317	0	0	0	0	0	0	0	0	0	0	0	0	0	0	0	0	0	0	0	//웰컴_아시아_선물상자_엘리(Lv. 110)						
//	1214	1	0	50068	10310	0	50059	10310	0	0	0	0	0	0	0	0	0	0	0	0	0	0	0	0	0	0	//웰컴_아시아_선물상자_버서커_무기(Lv. 110)						
//	1215	1	0	50070	10310	0	50071	10310	0	0	0	0	0	0	0	0	0	0	0	0	0	0	0	0	0	0	//웰컴_아시아_선물상자_드래곤_무기(Lv. 110)						
//	1216	1	0	50076	10310	0	50077	10310	0	0	0	0	0	0	0	0	0	0	0	0	0	0	0	0	0	0	//웰컴_아시아_선물상자_섀도우_무기(Lv. 110)						
//	1217	1	0	50072	10310	0	50073	10310	0	0	0	0	0	0	0	0	0	0	0	0	0	0	0	0	0	0	//웰컴_아시아_선물상자_발키리_무기(Lv. 110)						
//	1218	1	0	50074	10310	0	50075	10310	0	0	0	0	0	0	0	0	0	0	0	0	0	0	0	0	0	0	//웰컴_아시아_선물상자_엘리_무기(Lv. 110)						
//	1219	8	0	46619	10310	1	46620	10310	0	46621	10310	0	46622	10310	0	46623	10310	0	46624	10310	0	46625	10310	0	46626	10310	//웰컴_아시아_선물상자_버서커_방어구(Lv. 110)						
//	1220	8	0	46627	10310	0	46628	10310	0	46629	10310	0	46630	10310	0	46631	10310	0	46632	10310	0	46633	10310	0	46634	10310	//웰컴_아시아_선물상자_드래곤_방어구(Lv. 110)						
//	1221	8	0	46635	10310	0	46636	10310	0	46637	10310	0	46638	10310	0	46639	10310	0	46640	10310	0	46641	10310	0	46642	10310	//웰컴_아시아_선물상자_섀도우_방어구(Lv. 110)						
//	1222	8	0	46643	10310	0	46644	10310	0	46645	10310	0	46646	10310	0	46647	10310	0	46648	10310	0	46649	10310	0	46650	10310	//웰컴_아시아_선물상자_발키리_방어구(Lv. 110)						
//	1223	8	0	46651	10310	0	46652	10310	0	46653	10310	0	46654	10310	0	46655	10310	0	46656	10310	0	46657	10310	0	46658	10310	//웰컴_아시아_선물상자_엘리_방어구(Lv. 110)						
//	1224	4	0	65306	30	0	65307	30	0	65308	30	0	65309	30	0	0	0	0	0	0	0	0	0	0	0	0	//웰컴_아시아_정기상자						
	1225	1	1	97006	0	0	0	0	0	0	0	0	0	0	0	0	0	0	0	0	0	0	0	0	0	0	//중국구정이벤트_백변선물함						
	1226	1	1	95054	0	0	0	0	0	0	0	0	0	0	0	0	0	0	0	0	0	0	0	0	0	0	//국내2013년1월프리미엄가챠상자						
//	1227	1	1	96064	0	0	0	0	0	0	0	0	0	0	0	0	0	0	0	0	0	0	0	0	0	0	//일본2013년발렌타인데이작은상자						
//	1228	1	1	96066	0	0	0	0	0	0	0	0	0	0	0	0	0	0	0	0	0	0	0	0	0	0	//일본2013년발렌타인데이중간상자						
//	1229	1	1	96068	0	0	0	0	0	0	0	0	0	0	0	0	0	0	0	0	0	0	0	0	0	0	//일본2013년발렌타인데이큰상자						
	1230	1	1	236	0	0	0	0	0	0	0	0	0	0	0	0	0	0	0	0	0	0	0	0	0	0	//국내2013구정이벤트떡덩어리1						
	1231	1	1	237	0	0	0	0	0	0	0	0	0	0	0	0	0	0	0	0	0	0	0	0	0	0	//국내2013구정이벤트떡덩어리2						
	1232	1	1	238	0	0	0	0	0	0	0	0	0	0	0	0	0	0	0	0	0	0	0	0	0	0	//국내2013구정이벤트떡덩어리3						
	1233	1	1	239	0	0	0	0	0	0	0	0	0	0	0	0	0	0	0	0	0	0	0	0	0	0	//국내2013구정이벤트떡덩어리4						
	1234	1	1	240	0	0	0	0	0	0	0	0	0	0	0	0	0	0	0	0	0	0	0	0	0	0	//국내2013구정이벤트떡덩어리5						
	1235	1	1	96073	0	0	0	0	0	0	0	0	0	0	0	0	0	0	0	0	0	0	0	0	0	0	//일본2013년화이트데이작은상자						
	1236	1	1	96074	0	0	0	0	0	0	0	0	0	0	0	0	0	0	0	0	0	0	0	0	0	0	//일본2013년화이트데이중간상자						
	1237	1	1	96075	0	0	0	0	0	0	0	0	0	0	0	0	0	0	0	0	0	0	0	0	0	0	//일본2013년화이트데이큰상자						
	1238	1	1	95056	0	0	0	0	0	0	0	0	0	0	0	0	0	0	0	0	0	0	0	0	0	0	//국내2013년2월프리미엄가챠상자						
//	1239	4	0	880	20007	0	895	20007	0	47366	1	1	75	0	0	47370	1	0	0	0	0	0	0	0	0	0	//미스틱_레벨업박스_90레벨						
//	1240	1	1	3048	0	0	0	0	0	0	0	0	0	0	0	0	0	0	0	0	0	0	0	0	0	0	//글로벌_이벤트용_코스튬_박스_검은사무라이						
//	1241	1	1	3049	0	0	0	0	0	0	0	0	0	0	0	0	0	0	0	0	0	0	0	0	0	0	//글로벌_이벤트용_코스튬_박스_사제						
//	1242	1	1	3038	0	0	0	0	0	0	0	0	0	0	0	0	0	0	0	0	0	0	0	0	0	0	//글로벌_이벤트용_코스튬_박스_검은사무라이(버서커)						
//	1243	1	1	3039	0	0	0	0	0	0	0	0	0	0	0	0	0	0	0	0	0	0	0	0	0	0	//글로벌_이벤트용_코스튬_박스_검은사무라이(드래곤)						
//	1244	1	1	3040	0	0	0	0	0	0	0	0	0	0	0	0	0	0	0	0	0	0	0	0	0	0	//글로벌_이벤트용_코스튬_박스_검은사무라이(섀도우)						
//	1245	1	1	3041	0	0	0	0	0	0	0	0	0	0	0	0	0	0	0	0	0	0	0	0	0	0	//글로벌_이벤트용_코스튬_박스_검은사무라이(엘리)						
//	1246	1	1	3042	0	0	0	0	0	0	0	0	0	0	0	0	0	0	0	0	0	0	0	0	0	0	//글로벌_이벤트용_코스튬_박스_검은사무라이(발키리)						
//	1247	1	1	3043	0	0	0	0	0	0	0	0	0	0	0	0	0	0	0	0	0	0	0	0	0	0	//글로벌_이벤트용_코스튬_박스_사제(버서커)						
//	1248	1	1	3044	0	0	0	0	0	0	0	0	0	0	0	0	0	0	0	0	0	0	0	0	0	0	//글로벌_이벤트용_코스튬_박스_사제(드래곤)						
//	1249	1	1	3045	0	0	0	0	0	0	0	0	0	0	0	0	0	0	0	0	0	0	0	0	0	0	//글로벌_이벤트용_코스튬_박스_사제(섀도우)						
//	1250	1	1	3046	0	0	0	0	0	0	0	0	0	0	0	0	0	0	0	0	0	0	0	0	0	0	//글로벌_이벤트용_코스튬_박스_사제(엘리)						
//	1251	1	1	3047	0	0	0	0	0	0	0	0	0	0	0	0	0	0	0	0	0	0	0	0	0	0	//글로벌_이벤트용_코스튬_박스_사제(발키리)						
	1252	1	1	95058	0	0	0	0	0	0	0	0	0	0	0	0	0	0	0	0	0	0	0	0	0	0	//국내2013년3월프리미엄가챠상자						
	1253	1	1	95061	0	0	0	0	0	0	0	0	0	0	0	0	0	0	0	0	0	0	0	0	0	0	//국내2013년4월프리미엄가챠상자						
	1254	4	0	6815	10	0	6816	10	0	4990	1	0	4048	5	0	0	0	0	0	0	0	0	0	0	0	0	//정령들의쉼터_보물상자_AC						
	1255	1	1	17017	0	0	0	0	0	0	0	0	0	0	0	0	0	0	0	0	0	0	0	0	0	0	//폭한의카오스아이(불)						
	1256	1	1	17018	0	0	0	0	0	0	0	0	0	0	0	0	0	0	0	0	0	0	0	0	0	0	//폭한의카오스아이(물)						
	1257	1	1	17019	0	0	0	0	0	0	0	0	0	0	0	0	0	0	0	0	0	0	0	0	0	0	//폭한의카오스아이(바람)						
	1258	1	1	17020	0	0	0	0	0	0	0	0	0	0	0	0	0	0	0	0	0	0	0	0	0	0	//폭한의카오스아이(대지)						
	1259	1	1	17021	0	0	0	0	0	0	0	0	0	0	0	0	0	0	0	0	0	0	0	0	0	0	//폭한의카오스아이(암흑)						
	1260	1	1	17022	0	0	0	0	0	0	0	0	0	0	0	0	0	0	0	0	0	0	0	0	0	0	//심연의카오스아이(불)						
	1261	1	1	17023	0	0	0	0	0	0	0	0	0	0	0	0	0	0	0	0	0	0	0	0	0	0	//심연의카오스아이(물)						
	1262	1	1	17024	0	0	0	0	0	0	0	0	0	0	0	0	0	0	0	0	0	0	0	0	0	0	//심연의카오스아이(바람)						
	1263	1	1	17025	0	0	0	0	0	0	0	0	0	0	0	0	0	0	0	0	0	0	0	0	0	0	//심연의카오스아이(대지)						
	1264	1	1	17026	0	0	0	0	0	0	0	0	0	0	0	0	0	0	0	0	0	0	0	0	0	0	//심연의카오스아이(암흑)						
	1265	1	1	17027	0	0	0	0	0	0	0	0	0	0	0	0	0	0	0	0	0	0	0	0	0	0	//통곡의카오스아이(불)						
	1266	1	1	17028	0	0	0	0	0	0	0	0	0	0	0	0	0	0	0	0	0	0	0	0	0	0	//통곡의카오스아이(물)						
	1267	1	1	17029	0	0	0	0	0	0	0	0	0	0	0	0	0	0	0	0	0	0	0	0	0	0	//통곡의카오스아이(바람)						
	1268	1	1	17030	0	0	0	0	0	0	0	0	0	0	0	0	0	0	0	0	0	0	0	0	0	0	//통곡의카오스아이(대지)						
	1269	1	1	17031	0	0	0	0	0	0	0	0	0	0	0	0	0	0	0	0	0	0	0	0	0	0	//통곡의카오스아이(암흑)						
	1270	1	1	17032	0	0	0	0	0	0	0	0	0	0	0	0	0	0	0	0	0	0	0	0	0	0	//칠흑과카오스아이(불)						
	1271	1	1	17033	0	0	0	0	0	0	0	0	0	0	0	0	0	0	0	0	0	0	0	0	0	0	//칠흑과카오스아이(물)						
	1272	1	1	17034	0	0	0	0	0	0	0	0	0	0	0	0	0	0	0	0	0	0	0	0	0	0	//칠흑과카오스아이(바람)						
	1273	1	1	17035	0	0	0	0	0	0	0	0	0	0	0	0	0	0	0	0	0	0	0	0	0	0	//칠흑과카오스아이(대지)						
	1274	1	1	17036	0	0	0	0	0	0	0	0	0	0	0	0	0	0	0	0	0	0	0	0	0	0	//칠흑과카오스아이(암흑)						
	1275	1	1	17037	0	0	0	0	0	0	0	0	0	0	0	0	0	0	0	0	0	0	0	0	0	0	//심판의카오스아이(불)						
	1276	1	1	17038	0	0	0	0	0	0	0	0	0	0	0	0	0	0	0	0	0	0	0	0	0	0	//심판의카오스아이(물)						
	1277	1	1	17039	0	0	0	0	0	0	0	0	0	0	0	0	0	0	0	0	0	0	0	0	0	0	//심판의카오스아이(바람)						
	1278	1	1	17040	0	0	0	0	0	0	0	0	0	0	0	0	0	0	0	0	0	0	0	0	0	0	//심판의카오스아이(대지)						
	1279	1	1	17041	0	0	0	0	0	0	0	0	0	0	0	0	0	0	0	0	0	0	0	0	0	0	//심판의카오스아이(암흑)						
	1280	1	1	17042	0	0	0	0	0	0	0	0	0	0	0	0	0	0	0	0	0	0	0	0	0	0	//지옥의카오스아이(불)						
	1281	1	1	17043	0	0	0	0	0	0	0	0	0	0	0	0	0	0	0	0	0	0	0	0	0	0	//지옥의카오스아이(물)						
	1282	1	1	17044	0	0	0	0	0	0	0	0	0	0	0	0	0	0	0	0	0	0	0	0	0	0	//지옥의카오스아이(바람)						
	1283	1	1	17045	0	0	0	0	0	0	0	0	0	0	0	0	0	0	0	0	0	0	0	0	0	0	//지옥의카오스아이(대지)						
	1284	1	1	17046	0	0	0	0	0	0	0	0	0	0	0	0	0	0	0	0	0	0	0	0	0	0	//지옥의카오스아이(암흑)						
	1285	1	1	95064	0	0	0	0	0	0	0	0	0	0	0	0	0	0	0	0	0	0	0	0	0	0	//국내2013년5월프리미엄가챠상자						
	1286	8	0	51351	10307	0	51352	10307	0	51353	10307	0	51354	10307	0	51355	10307	0	51356	10307	0	51357	10307	0	51358	10307	//일본_점핑이벤트미완방어구상자(미스틱)						
	1287	1	1	95067	0	0	0	0	0	0	0	0	0	0	0	0	0	0	0	0	0	0	0	0	0	0	//국내2013년6월프리미엄가챠상자						
	1288	3	0	6067	30	0	49652	10	0	6068	15	0	0	0	0	0	0	0	0	0	0	0	0	0	0	0	//최상급엘리트3무기재료킷(B)_30_10_15						
	1289	3	0	6067	20	0	49652	6	0	6068	10	0	0	0	0	0	0	0	0	0	0	0	0	0	0	0	//상급엘리트3무기재료킷(B)_20_6_10						
	1290	3	0	6067	15	0	49652	3	0	6068	5	0	0	0	0	0	0	0	0	0	0	0	0	0	0	0	//중급엘리트3무기재료킷(B)_15_3_5						
	1291	3	0	6067	2	0	49652	1	0	6068	1	0	0	0	0	0	0	0	0	0	0	0	0	0	0	0	//하급엘리트3무기재료킷(B)_2_1_1						
	1292	3	0	6067	30	0	49652	10	0	6069	15	0	0	0	0	0	0	0	0	0	0	0	0	0	0	0	//최상급엘리트3무기재료킷(D)_30_10_15						
	1293	3	0	6067	20	0	49652	6	0	6069	10	0	0	0	0	0	0	0	0	0	0	0	0	0	0	0	//상급엘리트3무기재료킷(D)_20_6_10						
	1294	3	0	6067	15	0	49652	3	0	6069	5	0	0	0	0	0	0	0	0	0	0	0	0	0	0	0	//중급엘리트3무기재료킷(D)_15_3_2						
	1295	3	0	6067	2	0	49652	1	0	6069	1	0	0	0	0	0	0	0	0	0	0	0	0	0	0	0	//하급엘리트3무기재료킷(D)_2_1_1						
	1296	3	0	6067	30	0	49652	10	0	6071	15	0	0	0	0	0	0	0	0	0	0	0	0	0	0	0	//최상급엘리트3무기재료킷(V)_30_10_15						
	1297	3	0	6067	20	0	49652	6	0	6071	10	0	0	0	0	0	0	0	0	0	0	0	0	0	0	0	//상급엘리트3무기재료킷(V)_20_6_10						
	1298	3	0	6067	15	0	49652	3	0	6071	5	0	0	0	0	0	0	0	0	0	0	0	0	0	0	0	//중급엘리트3무기재료킷(V)_15_3_2						
	1299	3	0	6067	2	0	49652	1	0	6071	1	0	0	0	0	0	0	0	0	0	0	0	0	0	0	0	//하급엘리트3무기재료킷(V)_2_1_1						
	1300	3	0	6067	30	0	49652	10	0	6072	15	0	0	0	0	0	0	0	0	0	0	0	0	0	0	0	//최상급엘리트3무기재료킷(E)_30_10_15						
	1301	3	0	6067	20	0	49652	6	0	6072	10	0	0	0	0	0	0	0	0	0	0	0	0	0	0	0	//상급엘리트3무기재료킷(E)_20_6_10						
	1302	3	0	6067	15	0	49652	3	0	6072	5	0	0	0	0	0	0	0	0	0	0	0	0	0	0	0	//중급엘리트3무기재료킷(E)_15_3_2						
	1303	3	0	6067	2	0	49652	1	0	6072	1	0	0	0	0	0	0	0	0	0	0	0	0	0	0	0	//하급엘리트3무기재료킷(E)_2_1_1						
	1304	3	0	6067	30	0	49652	10	0	6070	15	0	0	0	0	0	0	0	0	0	0	0	0	0	0	0	//최상급엘리트3무기재료킷(S)_30_10_15						
	1305	3	0	6067	20	0	49652	6	0	6070	10	0	0	0	0	0	0	0	0	0	0	0	0	0	0	0	//상급엘리트3무기재료킷(S)_20_6_10						
	1306	3	0	6067	15	0	49652	3	0	6070	5	0	0	0	0	0	0	0	0	0	0	0	0	0	0	0	//중급엘리트3무기재료킷(S)_15_3_2						
	1307	3	0	6067	2	0	49652	1	0	6070	1	0	0	0	0	0	0	0	0	0	0	0	0	0	0	0	//하급엘리트3무기재료킷(S)_2_1_1						
	1308	3	0	6067	30	0	49652	10	0	6073	15	0	0	0	0	0	0	0	0	0	0	0	0	0	0	0	//최상급엘리트3무기재료킷(M)_30_10_15						
	1309	3	0	6067	20	0	49652	6	0	6073	10	0	0	0	0	0	0	0	0	0	0	0	0	0	0	0	//상급엘리트3무기재료킷(M)_20_6_10						
	1310	3	0	6067	15	0	49652	3	0	6073	5	0	0	0	0	0	0	0	0	0	0	0	0	0	0	0	//중급엘리트3무기재료킷(M)_15_3_2						
	1311	3	0	6067	2	0	49652	1	0	6073	1	0	0	0	0	0	0	0	0	0	0	0	0	0	0	0	//하급엘리트3무기재료킷(M)_2_1_1						
	1312	3	0	6066	80	0	49652	8	0	6068	15	0	0	0	0	0	0	0	0	0	0	0	0	0	0	0	//최상급엘리트3방어구재료킷(B)_80_8_15						
	1313	3	0	6066	60	0	49652	6	0	6068	10	0	0	0	0	0	0	0	0	0	0	0	0	0	0	0	//상급엘리트3방어구재료킷(B)_60_6_10						
	1314	3	0	6066	30	0	49652	2	0	6068	5	0	0	0	0	0	0	0	0	0	0	0	0	0	0	0	//중급엘리트3방어구재료킷(B)_30_2_5						
	1315	3	0	6066	5	0	49652	1	0	6068	1	0	0	0	0	0	0	0	0	0	0	0	0	0	0	0	//하급엘리트3방어구재료킷(B)_5_1_1						
	1316	3	0	6066	80	0	49652	8	0	6069	15	0	0	0	0	0	0	0	0	0	0	0	0	0	0	0	//최상급엘리트3방어구재료킷(D)_80_8_15						
	1317	3	0	6066	60	0	49652	6	0	6069	10	0	0	0	0	0	0	0	0	0	0	0	0	0	0	0	//상급엘리트3방어구재료킷(D)_60_6_10						
	1318	3	0	6066	30	0	49652	2	0	6069	5	0	0	0	0	0	0	0	0	0	0	0	0	0	0	0	//중급엘리트3방어구재료킷(D)_30_2_5						
	1319	3	0	6066	5	0	49652	1	0	6069	1	0	0	0	0	0	0	0	0	0	0	0	0	0	0	0	//하급엘리트3방어구재료킷(D)_5_1_1						
	1320	3	0	6066	80	0	49652	8	0	6071	15	0	0	0	0	0	0	0	0	0	0	0	0	0	0	0	//최상급엘리트3방어구재료킷(V)_80_8_15						
	1321	3	0	6066	60	0	49652	6	0	6071	10	0	0	0	0	0	0	0	0	0	0	0	0	0	0	0	//상급엘리트3방어구재료킷(V)_60_6_10						
	1322	3	0	6066	30	0	49652	2	0	6071	5	0	0	0	0	0	0	0	0	0	0	0	0	0	0	0	//중급엘리트3방어구재료킷(V)_30_2_5						
	1323	3	0	6066	5	0	49652	1	0	6071	1	0	0	0	0	0	0	0	0	0	0	0	0	0	0	0	//하급엘리트3방어구재료킷(V)_5_1_1						
	1324	3	0	6066	80	0	49652	8	0	6072	15	0	0	0	0	0	0	0	0	0	0	0	0	0	0	0	//최상급엘리트3방어구재료킷(E)_80_8_15						
	1325	3	0	6066	60	0	49652	6	0	6072	10	0	0	0	0	0	0	0	0	0	0	0	0	0	0	0	//상급엘리트3방어구재료킷(E)_60_6_10						
	1326	3	0	6066	30	0	49652	2	0	6072	5	0	0	0	0	0	0	0	0	0	0	0	0	0	0	0	//중급엘리트3방어구재료킷(E)_30_2_5						
	1327	3	0	6066	5	0	49652	1	0	6072	1	0	0	0	0	0	0	0	0	0	0	0	0	0	0	0	//하급엘리트3방어구재료킷(E)_5_1_1						
	1328	3	0	6066	80	0	49652	8	0	6070	15	0	0	0	0	0	0	0	0	0	0	0	0	0	0	0	//최상급엘리트3방어구재료킷(S)_80_8_15						
	1329	3	0	6066	60	0	49652	6	0	6070	10	0	0	0	0	0	0	0	0	0	0	0	0	0	0	0	//상급엘리트3방어구재료킷(S)_60_6_10						
	1330	3	0	6066	30	0	49652	2	0	6070	5	0	0	0	0	0	0	0	0	0	0	0	0	0	0	0	//중급엘리트3방어구재료킷(S)_30_2_5						
	1331	3	0	6066	5	0	49652	1	0	6070	1	0	0	0	0	0	0	0	0	0	0	0	0	0	0	0	//하급엘리트3방어구재료킷(S)_5_1_1						
	1332	3	0	6066	80	0	49652	8	0	6073	15	0	0	0	0	0	0	0	0	0	0	0	0	0	0	0	//최상급엘리트3방어구재료킷(M)_80_8_15						
	1333	3	0	6066	60	0	49652	6	0	6073	10	0	0	0	0	0	0	0	0	0	0	0	0	0	0	0	//상급엘리트3방어구재료킷(M)_60_6_10						
	1334	3	0	6066	30	0	49652	2	0	6073	5	0	0	0	0	0	0	0	0	0	0	0	0	0	0	0	//중급엘리트3방어구재료킷(M)_30_2_5						
	1335	3	0	6066	5	0	49652	1	0	6073	1	0	0	0	0	0	0	0	0	0	0	0	0	0	0	0	//하급엘리트3방어구재료킷(M)_5_1_1						
	1336	6	1	121	0	1	133	0	1	169	0	1	157	0	1	145	0	0	62014	1	0	0	0	0	0	0	//7월회귀이벤트_Return_to_Box(날개)						
	1337	6	1	122	0	1	134	0	1	158	0	1	170	0	1	146	0	0	62015	1	0	0	0	0	0	0	//7월회귀이벤트_Return_to_Box(칼버스악세사리)						
	1338	8	0	52040	10000	0	52041	10000	0	52042	10000	0	52043	10000	0	52044	10000	0	52045	10000	0	52046	10000	0	52047	10000	//미완의타락한사원방어구상자0인챈_랜덤소켓(버서커)						
	1339	8	0	52048	10000	0	52049	10000	0	52050	10000	0	52051	10000	0	52052	10000	0	52053	10000	0	52054	10000	0	52055	10000	//미완의타락한사원방어구상자0인챈_랜덤소켓(드래곤)						
	1340	8	0	52064	10000	0	52065	10000	0	52066	10000	0	52067	10000	0	52068	10000	0	52069	10000	0	52070	10000	0	52071	10000	//미완의타락한사원방어구상자0인챈_랜덤소켓(발키리)						
	1341	8	0	52072	10000	0	52073	10000	0	52074	10000	0	52075	10000	0	52076	10000	0	52077	10000	0	52078	10000	0	52079	10000	//미완의타락한사원방어구상자0인챈_랜덤소켓(엘리)						
	1342	8	0	52056	10000	0	52057	10000	0	52058	10000	0	52059	10000	0	52060	10000	0	52061	10000	0	52062	10000	0	52063	10000	//미완의타락한사원방어구상자0인챈_랜덤소켓(섀도우)						
	1343	8	0	51391	10000	0	51392	10000	0	51393	10000	0	51394	10000	0	51395	10000	0	51396	10000	0	51397	10000	0	51398	10000	//미완의타락한사원방어구상자0인챈_랜덤소켓(미스틱)						
	1344	1	1	95070	0	0	0	0	0	0	0	0	0	0	0	0	0	0	0	0	0	0	0	0	0	0	//국내2013년6월프리미엄가챠상자						
	1345	8	0	51455	10512	0	51456	10512	0	51457	10512	0	51458	10512	0	51459	10512	0	51460	10512	0	51461	10512	0	51462	10512	//엘리트2.5방어구세트_12인챈_5소켓(B)						
	1346	8	0	51455	10412	0	51456	10412	0	51457	10412	0	51458	10412	0	51459	10412	0	51460	10412	0	51461	10412	0	51462	10412	//엘리트2.5방어구세트_12인챈_4소켓(B)						
	1347	8	0	51455	10312	0	51456	10312	0	51457	10312	0	51458	10312	0	51459	10312	0	51460	10312	0	51461	10312	0	51462	10312	//엘리트2.5방어구세트_12인챈_3소켓(B)						
	1348	8	0	51455	10507	0	51456	10507	0	51457	10507	0	51458	10507	0	51459	10507	0	51460	10507	0	51461	10507	0	51462	10507	//엘리트2.5방어구세트_7인챈_5소켓(B)						
	1349	8	0	51455	10407	0	51456	10407	0	51457	10407	0	51458	10407	0	51459	10407	0	51460	10407	0	51461	10407	0	51462	10407	//엘리트2.5방어구세트_7인챈_4소켓(B)						
	1350	8	0	51455	10307	0	51456	10307	0	51457	10307	0	51458	10307	0	51459	10307	0	51460	10307	0	51461	10307	0	51462	10307	//엘리트2.5방어구세트_7인챈_3소켓(B)						
	1351	8	0	51455	10500	0	51456	10500	0	51457	10500	0	51458	10500	0	51459	10500	0	51460	10500	0	51461	10500	0	51462	10500	//엘리트2.5방어구세트_0인챈_5소켓(B)						
	1352	8	0	51455	10400	0	51456	10400	0	51457	10400	0	51458	10400	0	51459	10400	0	51460	10400	0	51461	10400	0	51462	10400	//엘리트2.5방어구세트_0인챈_4소켓(B)						
	1353	8	0	51455	10300	0	51456	10300	0	51457	10300	0	51458	10300	0	51459	10300	0	51460	10300	0	51461	10300	0	51462	10300	//엘리트2.5방어구세트_0인챈_3소켓(B)						
	1354	8	0	51463	10512	0	51464	10512	0	51465	10512	0	51466	10512	0	51467	10512	0	51468	10512	0	51469	10512	0	51470	10512	//엘리트2.5방어구세트_12인챈_5소켓(D)						
	1355	8	0	51463	10412	0	51464	10412	0	51465	10412	0	51466	10412	0	51467	10412	0	51468	10412	0	51469	10412	0	51470	10412	//엘리트2.5방어구세트_12인챈_4소켓(D)						
	1356	8	0	51463	10312	0	51464	10312	0	51465	10312	0	51466	10312	0	51467	10312	0	51468	10312	0	51469	10312	0	51470	10312	//엘리트2.5방어구세트_12인챈_3소켓(D)						
	1357	8	0	51463	10507	0	51464	10507	0	51465	10507	0	51466	10507	0	51467	10507	0	51468	10507	0	51469	10507	0	51470	10507	//엘리트2.5방어구세트_7인챈_5소켓(D)						
	1358	8	0	51463	10407	0	51464	10407	0	51465	10407	0	51466	10407	0	51467	10407	0	51468	10407	0	51469	10407	0	51470	10407	//엘리트2.5방어구세트_7인챈_4소켓(D)						
	1359	8	0	51463	10307	0	51464	10307	0	51465	10307	0	51466	10307	0	51467	10307	0	51468	10307	0	51469	10307	0	51470	10307	//엘리트2.5방어구세트_7인챈_3소켓(D)						
	1360	8	0	51463	10500	0	51464	10500	0	51465	10500	0	51466	10500	0	51467	10500	0	51468	10500	0	51469	10500	0	51470	10500	//엘리트2.5방어구세트_0인챈_5소켓(D)						
	1361	8	0	51463	10400	0	51464	10400	0	51465	10400	0	51466	10400	0	51467	10400	0	51468	10400	0	51469	10400	0	51470	10400	//엘리트2.5방어구세트_0인챈_4소켓(D)						
	1362	8	0	51463	10300	0	51464	10300	0	51465	10300	0	51466	10300	0	51467	10300	0	51468	10300	0	51469	10300	0	51470	10300	//엘리트2.5방어구세트_0인챈_3소켓(D)						
	1363	8	0	51479	10512	0	51480	10512	0	51481	10512	0	51482	10512	0	51483	10512	0	51484	10512	0	51485	10512	0	51486	10512	//엘리트2.5방어구세트_12인챈_5소켓(V)						
	1364	8	0	51479	10412	0	51480	10412	0	51481	10412	0	51482	10412	0	51483	10412	0	51484	10412	0	51485	10412	0	51486	10412	//엘리트2.5방어구세트_12인챈_4소켓(V)						
	1365	8	0	51479	10312	0	51480	10312	0	51481	10312	0	51482	10312	0	51483	10312	0	51484	10312	0	51485	10312	0	51486	10312	//엘리트2.5방어구세트_12인챈_3소켓(V)						
	1366	8	0	51479	10507	0	51480	10507	0	51481	10507	0	51482	10507	0	51483	10507	0	51484	10507	0	51485	10507	0	51486	10507	//엘리트2.5방어구세트_7인챈_5소켓(V)						
	1367	8	0	51479	10407	0	51480	10407	0	51481	10407	0	51482	10407	0	51483	10407	0	51484	10407	0	51485	10407	0	51486	10407	//엘리트2.5방어구세트_7인챈_4소켓(V)						
	1368	8	0	51479	10307	0	51480	10307	0	51481	10307	0	51482	10307	0	51483	10307	0	51484	10307	0	51485	10307	0	51486	10307	//엘리트2.5방어구세트_7인챈_3소켓(V)						
	1369	8	0	51479	10500	0	51480	10500	0	51481	10500	0	51482	10500	0	51483	10500	0	51484	10500	0	51485	10500	0	51486	10500	//엘리트2.5방어구세트_0인챈_5소켓(V)						
	1370	8	0	51479	10400	0	51480	10400	0	51481	10400	0	51482	10400	0	51483	10400	0	51484	10400	0	51485	10400	0	51486	10400	//엘리트2.5방어구세트_0인챈_4소켓(V)						
	1371	8	0	51479	10300	0	51480	10300	0	51481	10300	0	51482	10300	0	51483	10300	0	51484	10300	0	51485	10300	0	51486	10300	//엘리트2.5방어구세트_0인챈_3소켓(V)						
	1372	8	0	51471	10512	0	51472	10512	0	51473	10512	0	51474	10512	0	51475	10512	0	51476	10512	0	51477	10512	0	51478	10512	//엘리트2.5방어구세트_12인챈_5소켓(E)						
	1373	8	0	51471	10412	0	51472	10412	0	51473	10412	0	51474	10412	0	51475	10412	0	51476	10412	0	51477	10412	0	51478	10412	//엘리트2.5방어구세트_12인챈_4소켓(E)						
	1374	8	0	51471	10312	0	51472	10312	0	51473	10312	0	51474	10312	0	51475	10312	0	51476	10312	0	51477	10312	0	51478	10312	//엘리트2.5방어구세트_12인챈_3소켓(E)						
	1375	8	0	51471	10507	0	51472	10507	0	51473	10507	0	51474	10507	0	51475	10507	0	51476	10507	0	51477	10507	0	51478	10507	//엘리트2.5방어구세트_7인챈_5소켓(E)						
	1376	8	0	51471	10407	0	51472	10407	0	51473	10407	0	51474	10407	0	51475	10407	0	51476	10407	0	51477	10407	0	51478	10407	//엘리트2.5방어구세트_7인챈_4소켓(E)						
	1377	8	0	51471	10307	0	51472	10307	0	51473	10307	0	51474	10307	0	51475	10307	0	51476	10307	0	51477	10307	0	51478	10307	//엘리트2.5방어구세트_7인챈_3소켓(E)						
	1378	8	0	51471	10500	0	51472	10500	0	51473	10500	0	51474	10500	0	51475	10500	0	51476	10500	0	51477	10500	0	51478	10500	//엘리트2.5방어구세트_0인챈_5소켓(E)						
	1379	8	0	51471	10400	0	51472	10400	0	51473	10400	0	51474	10400	0	51475	10400	0	51476	10400	0	51477	10400	0	51478	10400	//엘리트2.5방어구세트_0인챈_4소켓(E)						
	1380	8	0	51471	10300	0	51472	10300	0	51473	10300	0	51474	10300	0	51475	10300	0	51476	10300	0	51477	10300	0	51478	10300	//엘리트2.5방어구세트_0인챈_3소켓(E)						
	1381	8	0	51487	10512	0	51488	10512	0	51489	10512	0	51490	10512	0	51491	10512	0	51492	10512	0	51493	10512	0	51494	10512	//엘리트2.5방어구세트_12인챈_5소켓(S)						
	1382	8	0	51487	10412	0	51488	10412	0	51489	10412	0	51490	10412	0	51491	10412	0	51492	10412	0	51493	10412	0	51494	10412	//엘리트2.5방어구세트_12인챈_4소켓(S)						
	1383	8	0	51487	10312	0	51488	10312	0	51489	10312	0	51490	10312	0	51491	10312	0	51492	10312	0	51493	10312	0	51494	10312	//엘리트2.5방어구세트_12인챈_3소켓(S)						
	1384	8	0	51487	10507	0	51488	10507	0	51489	10507	0	51490	10507	0	51491	10507	0	51492	10507	0	51493	10507	0	51494	10507	//엘리트2.5방어구세트_7인챈_5소켓(S)						
	1385	8	0	51487	10407	0	51488	10407	0	51489	10407	0	51490	10407	0	51491	10407	0	51492	10407	0	51493	10407	0	51494	10407	//엘리트2.5방어구세트_7인챈_4소켓(S)						
	1386	8	0	51487	10307	0	51488	10307	0	51489	10307	0	51490	10307	0	51491	10307	0	51492	10307	0	51493	10307	0	51494	10307	//엘리트2.5방어구세트_7인챈_3소켓(S)						
	1387	8	0	51487	10500	0	51488	10500	0	51489	10500	0	51490	10500	0	51491	10500	0	51492	10500	0	51493	10500	0	51494	10500	//엘리트2.5방어구세트_0인챈_5소켓(S)						
	1388	8	0	51487	10400	0	51488	10400	0	51489	10400	0	51490	10400	0	51491	10400	0	51492	10400	0	51493	10400	0	51494	10400	//엘리트2.5방어구세트_0인챈_4소켓(S)						
	1389	8	0	51487	10300	0	51488	10300	0	51489	10300	0	51490	10300	0	51491	10300	0	51492	10300	0	51493	10300	0	51494	10300	//엘리트2.5방어구세트_0인챈_3소켓(S)						
	1390	8	0	51495	10512	0	51496	10512	0	51497	10512	0	51498	10512	0	51499	10512	0	51500	10512	0	51501	10512	0	51502	10512	//엘리트2.5방어구세트_12인챈_5소켓(M)						
	1391	8	0	51495	10412	0	51496	10412	0	51497	10412	0	51498	10412	0	51499	10412	0	51500	10412	0	51501	10412	0	51502	10412	//엘리트2.5방어구세트_12인챈_4소켓(M)						
	1392	8	0	51495	10312	0	51496	10312	0	51497	10312	0	51498	10312	0	51499	10312	0	51500	10312	0	51501	10312	0	51502	10312	//엘리트2.5방어구세트_12인챈_3소켓(M)						
	1393	8	0	51495	10507	0	51496	10507	0	51497	10507	0	51498	10507	0	51499	10507	0	51500	10507	0	51501	10507	0	51502	10507	//엘리트2.5방어구세트_7인챈_5소켓(M)						
	1394	8	0	51495	10407	0	51496	10407	0	51497	10407	0	51498	10407	0	51499	10407	0	51500	10407	0	51501	10407	0	51502	10407	//엘리트2.5방어구세트_7인챈_4소켓(M)						
	1395	8	0	51495	10307	0	51496	10307	0	51497	10307	0	51498	10307	0	51499	10307	0	51500	10307	0	51501	10307	0	51502	10307	//엘리트2.5방어구세트_7인챈_3소켓(M)						
	1396	8	0	51495	10500	0	51496	10500	0	51497	10500	0	51498	10500	0	51499	10500	0	51500	10500	0	51501	10500	0	51502	10500	//엘리트2.5방어구세트_0인챈_5소켓(M)						
	1397	8	0	51495	10400	0	51496	10400	0	51497	10400	0	51498	10400	0	51499	10400	0	51500	10400	0	51501	10400	0	51502	10400	//엘리트2.5방어구세트_0인챈_4소켓(M)						
	1398	8	0	51495	10300	0	51496	10300	0	51497	10300	0	51498	10300	0	51499	10300	0	51500	10300	0	51501	10300	0	51502	10300	//엘리트2.5방어구세트_0인챈_3소켓(M)						
	1399	1	1	48287	0	0	0	0	0	0	0	0	0	0	0	0	0	0	0	0	0	0	0	0	0	0	//개조된 숲의 정복자 상자						
	1400	1	1	48288	0	0	0	0	0	0	0	0	0	0	0	0	0	0	0	0	0	0	0	0	0	0	//개조된 지하수로의 정복자 상자						
	1401	1	1	48289	0	0	0	0	0	0	0	0	0	0	0	0	0	0	0	0	0	0	0	0	0	0	//개조된 설원의 정복자 상자						
	1402	1	1	48290	0	0	0	0	0	0	0	0	0	0	0	0	0	0	0	0	0	0	0	0	0	0	//개조된 용족의 정복자 상자						
	1403	1	1	48291	0	0	0	0	0	0	0	0	0	0	0	0	0	0	0	0	0	0	0	0	0	0	//개조된 아이올트의 정복자 상자						
	1404	1	1	48292	0	0	0	0	0	0	0	0	0	0	0	0	0	0	0	0	0	0	0	0	0	0	//개조된 헬론의 정복자 상자						
	1405	1	1	17047	0	0	0	0	0	0	0	0	0	0	0	0	0	0	0	0	0	0	0	0	0	0	//인내의카오스아이(불)						
	1406	1	1	17048	0	0	0	0	0	0	0	0	0	0	0	0	0	0	0	0	0	0	0	0	0	0	//인내의카오스아이(물)						
	1407	1	1	17049	0	0	0	0	0	0	0	0	0	0	0	0	0	0	0	0	0	0	0	0	0	0	//인내의카오스아이(바람)						
	1408	1	1	17050	0	0	0	0	0	0	0	0	0	0	0	0	0	0	0	0	0	0	0	0	0	0	//인내의카오스아이(대지)						
	1409	1	1	17051	0	0	0	0	0	0	0	0	0	0	0	0	0	0	0	0	0	0	0	0	0	0	//인내의카오스아이(암흑)						
	1410	3	0	905	20007	0	47384	1	0	47373	1	0	0	0	0	0	0	0	0	0	0	0	0	0	0	0	//헬로이드_레벨업박스_10레벨						
	1411	3	0	906	20007	0	47385	1	0	47374	1	0	0	0	0	0	0	0	0	0	0	0	0	0	0	0	//헬로이드_레벨업박스_20레벨						
	1412	3	0	907	20007	0	47386	1	0	47375	1	0	0	0	0	0	0	0	0	0	0	0	0	0	0	0	//헬로이드_레벨업박스_30레벨						
	1413	6	0	908	20007	1	75	0	1	76	0	1	77	0	0	64837	5	0	47376	1	0	0	0	0	0	0	//헬로이드_레벨업박스_40레벨						
	1414	3	0	909	20007	0	47387	1	0	47377	1	0	0	0	0	0	0	0	0	0	0	0	0	0	0	0	//헬로이드_레벨업박스_50레벨						
	1415	6	0	910	20007	1	75	0	1	76	0	1	77	0	0	64837	5	0	47378	1	0	0	0	0	0	0	//헬로이드_레벨업박스_60레벨						
	1416	3	0	911	20007	0	47388	1	0	47379	1	0	0	0	0	0	0	0	0	0	0	0	0	0	0	0	//헬로이드_레벨업박스_70레벨						
	1417	6	0	912	20007	1	75	0	1	76	0	1	77	0	0	64837	10	0	47380	1	0	0	0	0	0	0	//헬로이드_레벨업박스_80레벨						
	1418	3	0	913	20007	0	47389	1	1	75	0	0	0	0	0	0	0	0	0	0	0	0	0	0	0	0	//헬로이드_레벨업박스_90레벨						
	1419	2	0	903	0	0	47392	1	0	0	0	0	0	0	0	0	0	0	0	0	0	0	0	0	0	0	//헬로이드_레벨업박스_100레벨						
	1420	8	0	45947	20007	0	45957	20007	0	45967	20007	0	45977	20007	0	45987	20007	0	45997	20007	0	46753	20007	0	46763	20007	//맞춤설계된1등급디바인방어구상자_헬로이드						
	1421	8	0	45948	20007	0	45958	20007	0	45968	20007	0	45978	20007	0	45988	20007	0	45998	20007	0	46754	20007	0	46764	20007	//맞춤설계된2등급디바인방어구상자_헬로이드						
	1422	8	0	45949	20007	0	45959	20007	0	45969	20007	0	45979	20007	0	45989	20007	0	45999	20007	0	46755	20007	0	46765	20007	//맞춤설계된3등급디바인방어구상자_헬로이드						
	1423	8	0	45950	20007	0	45960	20007	0	45970	20007	0	45980	20007	0	45990	20007	0	46000	20007	0	46756	20007	0	46766	20007	//맞춤설계된4등급디바인방어구상자_헬로이드						
	1424	8	0	45951	20007	0	45961	20007	0	45971	20007	0	45981	20007	0	45991	20007	0	46747	20007	0	46757	20007	0	46767	20007	//맞춤설계된5등급디바인방어구상자_헬로이드						
	1425	8	0	45952	20007	0	45962	20007	0	45972	20007	0	45982	20007	0	45992	20007	0	46748	20007	0	46758	20007	0	46768	20007	//맞춤설계된6등급디바인방어구상자_헬로이드						
	1426	8	0	45953	20007	0	45963	20007	0	45973	20007	0	45983	20007	0	45993	20007	0	46749	20007	0	46759	20007	0	46769	20007	//맞춤설계된7등급디바인방어구상자_헬로이드						
	1427	8	0	45954	20007	0	45964	20007	0	45974	20007	0	45984	20007	0	45994	20007	0	46750	20007	0	46760	20007	0	46770	20007	//맞춤설계된8등급디바인방어구상자_헬로이드						
//	1428	8	0	45955	20007	0	45965	20007	0	45975	20007	0	45985	20007	0	45995	20007	0	46751	20007	0	46761	20007	0	46771	20007	//맞춤설계된9등급디바인방어구상자_헬로이드						
//	1429	8	0	45956	20007	0	45966	20007	0	45976	20007	0	45986	20007	0	45996	20007	0	46752	20007	0	46762	20007	0	46772	20007	//맞춤설계된10등급디바인방어구상자_헬로이드						
//	1430	8	0	46773	0	0	46774	0	0	46775	0	0	46776	0	0	46777	0	0	46778	0	0	46779	0	0	46780	0	//맞춤설계된미완의헬로이드방어구상자_헬로이드						
	1431	1	0	50137	50000	0	0	0	0	0	0	0	0	0	0	0	0	0	0	0	0	0	0	0	0	0	//추락한아바돈스킨상자						
	1432	8	0	51655	10512	0	51656	10512	0	51657	10512	0	51658	10512	0	51659	10512	0	51660	10512	0	51661	10512	0	51662	10512	//엘리트1방어구세트_12인챈_5소켓(H)						
	1433	8	0	51655	10412	0	51656	10412	0	51657	10412	0	51658	10412	0	51659	10412	0	51660	10412	0	51661	10412	0	51662	10412	//엘리트1방어구세트_12인챈_4소켓(H)						
	1434	8	0	51655	10312	0	51656	10312	0	51657	10312	0	51658	10312	0	51659	10312	0	51660	10312	0	51661	10312	0	51662	10312	//엘리트1방어구세트_12인챈_3소켓(H)						
	1435	8	0	51655	10510	0	51656	10510	0	51657	10510	0	51658	10510	0	51659	10510	0	51660	10510	0	51661	10510	0	51662	10510	//엘리트1방어구세트_10인챈_5소켓(H)						
	1436	8	0	51655	10410	0	51656	10410	0	51657	10410	0	51658	10410	0	51659	10410	0	51660	10410	0	51661	10410	0	51662	10410	//엘리트1방어구세트_10인챈_4소켓(H)						
	1437	8	0	51655	10310	0	51656	10310	0	51657	10310	0	51658	10310	0	51659	10310	0	51660	10310	0	51661	10310	0	51662	10310	//엘리트1방어구세트_10인챈_3소켓(H)						
	1438	8	0	51655	10507	0	51656	10507	0	51657	10507	0	51658	10507	0	51659	10507	0	51660	10507	0	51661	10507	0	51662	10507	//엘리트1방어구세트_7인챈_5소켓(H)						
	1439	8	0	51655	10407	0	51656	10407	0	51657	10407	0	51658	10407	0	51659	10407	0	51660	10407	0	51661	10407	0	51662	10407	//엘리트1방어구세트_7인챈_4소켓(H)						
	1440	8	0	51655	10307	0	51656	10307	0	51657	10307	0	51658	10307	0	51659	10307	0	51660	10307	0	51661	10307	0	51662	10307	//엘리트1방어구세트_7인챈_3소켓(H)						
	1441	8	0	51655	10500	0	51656	10500	0	51657	10500	0	51658	10500	0	51659	10500	0	51660	10500	0	51661	10500	0	51662	10500	//엘리트1방어구세트_0인챈_5소켓(H)						
	1442	8	0	51655	10400	0	51656	10400	0	51657	10400	0	51658	10400	0	51659	10400	0	51660	10400	0	51661	10400	0	51662	10400	//엘리트1방어구세트_0인챈_4소켓(H)						
	1443	8	0	51655	10300	0	51656	10300	0	51657	10300	0	51658	10300	0	51659	10300	0	51660	10300	0	51661	10300	0	51662	10300	//엘리트1방어구세트_0인챈_3소켓(H)						
	1444	8	0	51663	10512	0	51664	10512	0	51665	10512	0	51666	10512	0	51667	10512	0	51668	10512	0	51669	10512	0	51670	10512	//엘리트1.5방어구세트_12인챈_5소켓(H)						
	1445	8	0	51663	10412	0	51664	10412	0	51665	10412	0	51666	10412	0	51667	10412	0	51668	10412	0	51669	10412	0	51670	10412	//엘리트1.5방어구세트_12인챈_4소켓(H)						
	1446	8	0	51663	10312	0	51664	10312	0	51665	10312	0	51666	10312	0	51667	10312	0	51668	10312	0	51669	10312	0	51670	10312	//엘리트1.5방어구세트_12인챈_3소켓(H)						
	1447	8	0	51663	10510	0	51664	10510	0	51665	10510	0	51666	10510	0	51667	10510	0	51668	10510	0	51669	10510	0	51670	10510	//엘리트1.5방어구세트_10인챈_5소켓(H)						
	1448	8	0	51663	10410	0	51664	10410	0	51665	10410	0	51666	10410	0	51667	10410	0	51668	10410	0	51669	10410	0	51670	10410	//엘리트1.5방어구세트_10인챈_4소켓(H)						
	1449	8	0	51663	10310	0	51664	10310	0	51665	10310	0	51666	10310	0	51667	10310	0	51668	10310	0	51669	10310	0	51670	10310	//엘리트1.5방어구세트_10인챈_3소켓(H)						
	1450	8	0	51663	10507	0	51664	10507	0	51665	10507	0	51666	10507	0	51667	10507	0	51668	10507	0	51669	10507	0	51670	10507	//엘리트1.5방어구세트_7인챈_5소켓(H)						
	1451	8	0	51663	10407	0	51664	10407	0	51665	10407	0	51666	10407	0	51667	10407	0	51668	10407	0	51669	10407	0	51670	10407	//엘리트1.5방어구세트_7인챈_4소켓(H)						
	1452	8	0	51663	10307	0	51664	10307	0	51665	10307	0	51666	10307	0	51667	10307	0	51668	10307	0	51669	10307	0	51670	10307	//엘리트1.5방어구세트_7인챈_3소켓(H)						
	1453	8	0	51663	10500	0	51664	10500	0	51665	10500	0	51666	10500	0	51667	10500	0	51668	10500	0	51669	10500	0	51670	10500	//엘리트1.5방어구세트_0인챈_5소켓(H)						
	1454	8	0	51663	10400	0	51664	10400	0	51665	10400	0	51666	10400	0	51667	10400	0	51668	10400	0	51669	10400	0	51670	10400	//엘리트1.5방어구세트_0인챈_4소켓(H)						
	1455	8	0	51663	10300	0	51664	10300	0	51665	10300	0	51666	10300	0	51667	10300	0	51668	10300	0	51669	10300	0	51670	10300	//엘리트1.5방어구세트_0인챈_3소켓(H)						
	1456	8	0	51671	10512	0	51672	10512	0	51673	10512	0	51674	10512	0	51675	10512	0	51676	10512	0	51677	10512	0	51678	10512	//엘리트2방어구세트_12인챈_5소켓(H)						
	1457	8	0	51671	10412	0	51672	10412	0	51673	10412	0	51674	10412	0	51675	10412	0	51676	10412	0	51677	10412	0	51678	10412	//엘리트2방어구세트_12인챈_4소켓(H)						
	1458	8	0	51671	10312	0	51672	10312	0	51673	10312	0	51674	10312	0	51675	10312	0	51676	10312	0	51677	10312	0	51678	10312	//엘리트2방어구세트_12인챈_3소켓(H)						
	1459	8	0	51671	10510	0	51672	10510	0	51673	10510	0	51674	10510	0	51675	10510	0	51676	10510	0	51677	10510	0	51678	10510	//엘리트2방어구세트_10인챈_5소켓(H)						
	1460	8	0	51671	10410	0	51672	10410	0	51673	10410	0	51674	10410	0	51675	10410	0	51676	10410	0	51677	10410	0	51678	10410	//엘리트2방어구세트_10인챈_4소켓(H)						
	1461	8	0	51671	10310	0	51672	10310	0	51673	10310	0	51674	10310	0	51675	10310	0	51676	10310	0	51677	10310	0	51678	10310	//엘리트2방어구세트_10인챈_3소켓(H)						
	1462	8	0	51671	10507	0	51672	10507	0	51673	10507	0	51674	10507	0	51675	10507	0	51676	10507	0	51677	10507	0	51678	10507	//엘리트2방어구세트_7인챈_5소켓(H)						
	1463	8	0	51671	10407	0	51672	10407	0	51673	10407	0	51674	10407	0	51675	10407	0	51676	10407	0	51677	10407	0	51678	10407	//엘리트2방어구세트_7인챈_4소켓(H)						
	1464	8	0	51671	10307	0	51672	10307	0	51673	10307	0	51674	10307	0	51675	10307	0	51676	10307	0	51677	10307	0	51678	10307	//엘리트2방어구세트_7인챈_3소켓(H)						
	1465	8	0	51671	10500	0	51672	10500	0	51673	10500	0	51674	10500	0	51675	10500	0	51676	10500	0	51677	10500	0	51678	10500	//엘리트2방어구세트_0인챈_5소켓(H)						
	1466	8	0	51671	10400	0	51672	10400	0	51673	10400	0	51674	10400	0	51675	10400	0	51676	10400	0	51677	10400	0	51678	10400	//엘리트2방어구세트_0인챈_4소켓(H)						
	1467	8	0	51671	10300	0	51672	10300	0	51673	10300	0	51674	10300	0	51675	10300	0	51676	10300	0	51677	10300	0	51678	10300	//엘리트2방어구세트_0인챈_3소켓(H)						
	1468	3	0	6060	30	0	6057	10	0	6075	15	0	0	0	0	0	0	0	0	0	0	0	0	0	0	0	//최상급엘리트2무기재료킷(H)_30_10_15						
	1469	3	0	6060	20	0	6057	6	0	6075	10	0	0	0	0	0	0	0	0	0	0	0	0	0	0	0	//상급엘리트2무기재료킷(H)_20_6_10						
	1470	3	0	6060	15	0	6057	3	0	6075	5	0	0	0	0	0	0	0	0	0	0	0	0	0	0	0	//중급엘리트2무기재료킷(H)_15_3_2						
	1471	3	0	6060	2	0	6057	1	0	6075	1	0	0	0	0	0	0	0	0	0	0	0	0	0	0	0	//하급엘리트2무기재료킷(H)_2_1_1						
	1472	3	0	6056	80	0	6057	8	0	6075	15	0	0	0	0	0	0	0	0	0	0	0	0	0	0	0	//최상급엘리트2방어구재료킷(H)_80_8_15						
	1473	3	0	6056	60	0	6057	6	0	6075	10	0	0	0	0	0	0	0	0	0	0	0	0	0	0	0	//상급엘리트2방어구재료킷(H)_60_6_10						
	1474	3	0	6056	30	0	6057	2	0	6075	5	0	0	0	0	0	0	0	0	0	0	0	0	0	0	0	//중급엘리트2방어구재료킷(H)_30_2_5						
	1475	3	0	6056	5	0	6057	1	0	6075	1	0	0	0	0	0	0	0	0	0	0	0	0	0	0	0	//하급엘리트2방어구재료킷(H)_5_1_1						
	1476	8	0	51655	10012	0	51656	10012	0	51657	10012	0	51658	10012	0	51659	10012	0	51660	10012	0	51661	10012	0	51662	10012	//엘리트1방어구세트_12인챈_0소켓(H)						
	1477	8	0	51655	10010	0	51656	10010	0	51657	10010	0	51658	10010	0	51659	10010	0	51660	10010	0	51661	10010	0	51662	10010	//엘리트1방어구세트_10인챈_0소켓(H)						
	1478	8	0	51655	10007	0	51656	10007	0	51657	10007	0	51658	10007	0	51659	10007	0	51660	10007	0	51661	10007	0	51662	10007	//엘리트1방어구세트_7인챈_0소켓(H)						
	1479	8	0	51655	10000	0	51656	10000	0	51657	10000	0	51658	10000	0	51659	10000	0	51660	10000	0	51661	10000	0	51662	10000	//엘리트1방어구세트_0인챈_0소켓(H)						
	1480	8	0	51663	10012	0	51664	10012	0	51665	10012	0	51666	10012	0	51667	10012	0	51668	10012	0	51669	10012	0	51670	10012	//엘리트1.5방어구세트_12인챈_0소켓(H)						
	1481	8	0	51663	10010	0	51664	10010	0	51665	10010	0	51666	10010	0	51667	10010	0	51668	10010	0	51669	10010	0	51670	10010	//엘리트1.5방어구세트_10인챈_0소켓(H)						
	1482	8	0	51663	10007	0	51664	10007	0	51665	10007	0	51666	10007	0	51667	10007	0	51668	10007	0	51669	10007	0	51670	10007	//엘리트1.5방어구세트_7인챈_0소켓(H)						
	1483	8	0	51663	10000	0	51664	10000	0	51665	10000	0	51666	10000	0	51667	10000	0	51668	10000	0	51669	10000	0	51670	10000	//엘리트1.5방어구세트_0인챈_0소켓(H)						
	1484	8	0	51671	10012	0	51672	10012	0	51673	10012	0	51674	10012	0	51675	10012	0	51676	10012	0	51677	10012	0	51678	10012	//엘리트2방어구세트_12인챈_0소켓(H)						
	1485	8	0	51671	10010	0	51672	10010	0	51673	10010	0	51674	10010	0	51675	10010	0	51676	10010	0	51677	10010	0	51678	10010	//엘리트2방어구세트_10인챈_0소켓(H)						
	1486	8	0	51671	10007	0	51672	10007	0	51673	10007	0	51674	10007	0	51675	10007	0	51676	10007	0	51677	10007	0	51678	10007	//엘리트2방어구세트_7인챈_0소켓(H)						
	1487	8	0	51671	10000	0	51672	10000	0	51673	10000	0	51674	10000	0	51675	10000	0	51676	10000	0	51677	10000	0	51678	10000	//엘리트2방어구세트_0인챈_0소켓(H)						
	1488	3	0	6067	30	0	49652	10	0	6076	15	0	0	0	0	0	0	0	0	0	0	0	0	0	0	0	//최상급엘리트3무기재료킷(H)_30_10_15						
	1489	3	0	6067	20	0	49652	6	0	6076	10	0	0	0	0	0	0	0	0	0	0	0	0	0	0	0	//상급엘리트3무기재료킷(H)_20_6_10						
	1490	3	0	6067	15	0	49652	3	0	6076	5	0	0	0	0	0	0	0	0	0	0	0	0	0	0	0	//중급엘리트3무기재료킷(H)_15_3_2						
	1491	3	0	6067	2	0	49652	1	0	6076	1	0	0	0	0	0	0	0	0	0	0	0	0	0	0	0	//하급엘리트3무기재료킷(H)_2_1_1						
	1492	3	0	6066	80	0	49652	8	0	6076	15	0	0	0	0	0	0	0	0	0	0	0	0	0	0	0	//최상급엘리트3방어구재료킷(H)_80_8_15						
	1493	3	0	6066	60	0	49652	6	0	6076	10	0	0	0	0	0	0	0	0	0	0	0	0	0	0	0	//상급엘리트3방어구재료킷(H)_60_6_10						
	1494	3	0	6066	30	0	49652	2	0	6076	5	0	0	0	0	0	0	0	0	0	0	0	0	0	0	0	//중급엘리트3방어구재료킷(H)_30_2_5						
	1495	3	0	6066	5	0	49652	1	0	6076	1	0	0	0	0	0	0	0	0	0	0	0	0	0	0	0	//하급엘리트3방어구재료킷(H)_5_1_1						
	1496	8	0	51679	10512	0	51680	10512	0	51681	10512	0	51682	10512	0	51683	10512	0	51684	10512	0	51685	10512	0	51686	10512	//엘리트2.5방어구세트_12인챈_5소켓(H)						
	1497	8	0	51679	10412	0	51680	10412	0	51681	10412	0	51682	10412	0	51683	10412	0	51684	10412	0	51685	10412	0	51686	10412	//엘리트2.5방어구세트_12인챈_4소켓(H)						
	1498	8	0	51679	10312	0	51680	10312	0	51681	10312	0	51682	10312	0	51683	10312	0	51684	10312	0	51685	10312	0	51686	10312	//엘리트2.5방어구세트_12인챈_3소켓(H)						
	1499	8	0	51679	10507	0	51680	10507	0	51681	10507	0	51682	10507	0	51683	10507	0	51684	10507	0	51685	10507	0	51686	10507	//엘리트2.5방어구세트_7인챈_5소켓(H)						
	1500	8	0	51679	10407	0	51680	10407	0	51681	10407	0	51682	10407	0	51683	10407	0	51684	10407	0	51685	10407	0	51686	10407	//엘리트2.5방어구세트_7인챈_4소켓(H)						
	1501	8	0	51679	10307	0	51680	10307	0	51681	10307	0	51682	10307	0	51683	10307	0	51684	10307	0	51685	10307	0	51686	10307	//엘리트2.5방어구세트_7인챈_3소켓(H)						
	1502	8	0	51679	10500	0	51680	10500	0	51681	10500	0	51682	10500	0	51683	10500	0	51684	10500	0	51685	10500	0	51686	10500	//엘리트2.5방어구세트_0인챈_5소켓(H)						
	1503	8	0	51679	10400	0	51680	10400	0	51681	10400	0	51682	10400	0	51683	10400	0	51684	10400	0	51685	10400	0	51686	10400	//엘리트2.5방어구세트_0인챈_4소켓(H)						
	1504	8	0	51679	10300	0	51680	10300	0	51681	10300	0	51682	10300	0	51683	10300	0	51684	10300	0	51685	10300	0	51686	10300	//엘리트2.5방어구세트_0인챈_3소켓(H)						
//	1505	1	1	96106	0	0	0	0	0	0	0	0	0	0	0	0	0	0	0	0	0	0	0	0	0	0	//러시아8월프리미엄가챠						
	1506	1	1	95073	0	0	0	0	0	0	0	0	0	0	0	0	0	0	0	0	0	0	0	0	0	0	//국내2013년8월프리미엄가챠상자						
	1507	8	0	45571	10005	0	45572	10005	0	45573	10005	0	45574	10005	0	45575	10005	0	45576	10005	0	45577	10005	0	45578	10005	//강인한숲의정복자세트_5인챈_랜덤소켓(B)						
	1508	8	0	45579	10005	0	45580	10005	0	45581	10005	0	45582	10005	0	45583	10005	0	45584	10005	0	45585	10005	0	45586	10005	//용맹한숲의정복자세트_5인챈_랜덤소켓(D)						
	1509	8	0	45587	10005	0	45588	10005	0	45589	10005	0	45590	10005	0	45591	10005	0	45592	10005	0	45593	10005	0	45594	10005	//차가운숲의정복자세트_5인챈_랜덤소켓(S)						
	1510	8	0	45595	10005	0	45596	10005	0	45597	10005	0	45598	10005	0	45599	10005	0	45600	10005	0	45601	10005	0	45602	10005	//날렵한숲의정복자세트_5인챈_랜덤소켓(V)						
	1511	8	0	45603	10005	0	45604	10005	0	45605	10005	0	45606	10005	0	45607	10005	0	45608	10005	0	45609	10005	0	45610	10005	//신성한숲의정복자세트_5인챈_랜덤소켓(E)						
	1512	8	0	45611	10005	0	45612	10005	0	45613	10005	0	45614	10005	0	45615	10005	0	45616	10005	0	45617	10005	0	45618	10005	//강인한지하수로의정복자세트_5인챈_랜덤소켓(B)						
	1513	8	0	45619	10005	0	45620	10005	0	45621	10005	0	45622	10005	0	45623	10005	0	45624	10005	0	45625	10005	0	45626	10005	//용맹한지하수로의정복자세트_5인챈_랜덤소켓(D)						
	1514	8	0	45627	10005	0	45628	10005	0	45629	10005	0	45630	10005	0	45631	10005	0	45632	10005	0	45633	10005	0	45634	10005	//차가운지하수로의정복자세트_5인챈_랜덤소켓(S)						
	1515	8	0	45635	10005	0	45636	10005	0	45637	10005	0	45638	10005	0	45639	10005	0	45640	10005	0	45641	10005	0	45642	10005	//날렵한지하수로의정복자세트_5인챈_랜덤소켓(V)						
	1516	8	0	45643	10005	0	45644	10005	0	45645	10005	0	45646	10005	0	45647	10005	0	45648	10005	0	45649	10005	0	45650	10005	//신성한지하수로의정복자세트_5인챈_랜덤소켓(E)						
	1517	8	0	45651	10007	0	45652	10007	0	45653	10007	0	45654	10007	0	45655	10007	0	45656	10007	0	45657	10007	0	45658	10007	//강인한설원의정복자세트_7인챈_랜덤소켓(B)						
	1518	8	0	45659	10007	0	45660	10007	0	45661	10007	0	45662	10007	0	45663	10007	0	45664	10007	0	45665	10007	0	45666	10007	//용맹한설원의정복자세트_7인챈_랜덤소켓(D)						
	1519	8	0	45667	10007	0	45668	10007	0	45669	10007	0	45670	10007	0	45671	10007	0	45672	10007	0	45673	10007	0	45674	10007	//차가운설원의정복자세트_7인챈_랜덤소켓(S)						
	1520	8	0	45675	10007	0	45676	10007	0	45677	10007	0	45678	10007	0	45679	10007	0	45680	10007	0	45681	10007	0	45682	10007	//날렵한설원의정복자세트_7인챈_랜덤소켓(V)						
	1521	8	0	45683	10007	0	45684	10007	0	45685	10007	0	45686	10007	0	45687	10007	0	45688	10007	0	45689	10007	0	45690	10007	//신성한설원의정복자세트_7인챈_랜덤소켓(E)						
	1522	8	0	45691	10010	0	45692	10010	0	45693	10010	0	45694	10010	0	45695	10010	0	45696	10010	0	45697	10010	0	45698	10010	//강인한용족의정복자세트_10인챈_랜덤소켓(B)						
	1523	8	0	45699	10010	0	45700	10010	0	45701	10010	0	45702	10010	0	45703	10010	0	45704	10010	0	45705	10010	0	45706	10010	//용맹한용족의정복자세트_10인챈_랜덤소켓(D)						
	1524	8	0	45707	10010	0	45708	10010	0	45709	10010	0	45710	10010	0	45711	10010	0	45712	10010	0	45713	10010	0	45714	10010	//차가운용족의정복자세트_10인챈_랜덤소켓(S)						
	1525	8	0	45715	10010	0	45716	10010	0	45717	10010	0	45718	10010	0	45719	10010	0	45720	10010	0	45721	10010	0	45722	10010	//날렵한용족의정복자세트_10인챈_랜덤소켓(V)						
	1526	8	0	45723	10010	0	45724	10010	0	45725	10010	0	45726	10010	0	45727	10010	0	45728	10010	0	45729	10010	0	45730	10010	//신성한용족의정복자세트_10인챈_랜덤소켓(E)						
	1527	8	0	45851	10005	0	45852	10005	0	45853	10005	0	45854	10005	0	45855	10005	0	45856	10005	0	45857	10005	0	45858	10005	//수려한숲의정복자세트_5인챈_랜덤소켓(M)						
	1528	8	0	45859	10005	0	45860	10005	0	45861	10005	0	45862	10005	0	45863	10005	0	45864	10005	0	45865	10005	0	45866	10005	//수려한지하수로의정복자세트_5인챈_랜덤소켓(M)						
	1529	8	0	45867	10007	0	45868	10007	0	45869	10007	0	45870	10007	0	45871	10007	0	45872	10007	0	45873	10007	0	45874	10007	//수려한설원의정복자세트_7인챈_랜덤소켓(M)						
	1530	8	0	45875	10010	0	45876	10010	0	45877	10010	0	45878	10010	0	45879	10010	0	45880	10010	0	45881	10010	0	45882	10010	//수려한용족의정복자세트_10인챈_랜덤소켓(M)						
	1531	8	0	701	20007	0	716	20007	0	4121	20	0	4003	20	0	49129	100	0	3400	1	0	47202	1	1	377	0	//버서커_부트캠프레벨업박스_10레벨						
	1532	8	0	702	20007	0	717	20007	0	9182	1	0	4121	30	0	49129	100	0	4184	10	0	63166	1	0	47203	1	//버서커_부트캠프레벨업박스_20레벨						
	1533	8	0	703	20007	0	718	20007	0	9187	1	0	4121	30	0	4003	30	0	49129	100	0	65306	50	0	47204	1	//버서커_부트캠프레벨업박스_30레벨						
	1534	8	0	704	20007	0	719	20007	0	4977	5	0	4121	30	0	4003	30	0	4185	5	0	49129	100	0	47205	1	//버서커_부트캠프레벨업박스_40레벨						
	1535	7	0	705	20007	0	720	20007	0	9192	1	0	4122	30	0	49023	30	0	4185	5	0	47206	1	0	0	0	//버서커_부트캠프레벨업박스_50레벨						
	1536	8	0	706	20007	0	721	20007	0	4977	3	0	4978	3	0	4122	50	0	4185	5	0	3614	1	0	47207	1	//버서커_부트캠프레벨업박스_60레벨						
	1537	8	0	707	20007	0	722	20007	0	9197	1	0	4122	50	0	49023	50	0	4186	5	0	3615	1	0	47208	1	//버서커_부트캠프레벨업박스_70레벨						
	1538	8	0	708	20007	0	723	20007	0	4133	50	0	49024	50	0	4186	5	0	4978	3	0	3616	1	0	47209	1	//버서커_부트캠프레벨업박스_80레벨						
	1539	8	0	709	20007	0	724	20007	0	3842	1	0	4133	50	0	49024	50	0	4186	5	0	9206	1	0	47341	1	//버서커_부트캠프레벨업박스_90레벨						
	1540	6	0	710	20007	0	725	20007	0	4133	50	0	4979	3	0	4187	5	0	61106	1	0	0	0	0	0	0	//버서커_부트캠프레벨업박스_100레벨						
	1541	8	0	731	20007	0	746	20007	0	4121	20	0	4003	20	0	49129	100	0	3400	1	0	47211	1	1	378	0	//드래곤나이트_부트캠프레벨업박스_10레벨						
	1542	8	0	732	20007	0	747	20007	0	9183	1	0	4121	30	0	49129	100	0	4184	10	0	63166	1	0	47212	1	//드래곤나이트_부트캠프레벨업박스_20레벨						
	1543	8	0	733	20007	0	748	20007	0	9188	1	0	4121	30	0	4003	30	0	49129	100	0	65306	50	0	47213	1	//드래곤나이트_부트캠프레벨업박스_30레벨						
	1544	8	0	734	20007	0	749	20007	0	4977	5	0	4121	30	0	4003	30	0	4185	5	0	49129	100	0	47214	1	//드래곤나이트_부트캠프레벨업박스_40레벨						
	1545	7	0	735	20007	0	750	20007	0	9193	1	0	4122	30	0	49023	30	0	4185	5	0	47215	1	0	0	0	//드래곤나이트_부트캠프레벨업박스_50레벨						
	1546	8	0	736	20007	0	751	20007	0	4977	3	0	4978	3	0	4122	50	0	4185	5	0	3614	1	0	47216	1	//드래곤나이트_부트캠프레벨업박스_60레벨						
	1547	8	0	737	20007	0	752	20007	0	9198	1	0	4122	50	0	49023	50	0	4186	5	0	3615	1	0	47217	1	//드래곤나이트_부트캠프레벨업박스_70레벨						
	1548	8	0	738	20007	0	753	20007	0	4133	50	0	49024	50	0	4186	5	0	4978	3	0	3616	1	0	47218	1	//드래곤나이트_부트캠프레벨업박스_80레벨						
	1549	8	0	739	20007	0	754	20007	0	3843	1	0	4133	50	0	49024	50	0	4186	5	0	9207	1	0	47342	1	//드래곤나이트_부트캠프레벨업박스_90레벨						
	1550	6	0	740	20007	0	755	20007	0	4133	50	0	4979	3	0	4187	5	0	61107	1	0	0	0	0	0	0	//드래곤나이트_부트캠프레벨업박스_100레벨						
	1551	8	0	761	20007	0	776	20007	0	4121	20	0	4003	20	0	49129	100	0	3400	1	0	47220	1	1	379	0	//섀도우_부트캠프레벨업박스_10레벨						
	1552	8	0	762	20007	0	777	20007	0	9184	1	0	4121	30	0	49129	100	0	4184	10	0	63166	1	0	47221	1	//섀도우_부트캠프레벨업박스_20레벨						
	1553	8	0	763	20007	0	778	20007	0	9189	1	0	4121	30	0	4003	30	0	49129	100	0	65306	50	0	47222	1	//섀도우_부트캠프레벨업박스_30레벨						
	1554	8	0	764	20007	0	779	20007	0	4977	5	0	4121	30	0	4003	30	0	4185	5	0	49129	100	0	47223	1	//섀도우_부트캠프레벨업박스_40레벨						
	1555	7	0	765	20007	0	780	20007	0	9194	1	0	4122	30	0	49023	30	0	4185	5	0	47224	1	0	0	0	//섀도우_부트캠프레벨업박스_50레벨						
	1556	8	0	766	20007	0	781	20007	0	4977	3	0	4978	3	0	4122	50	0	4185	5	0	3614	1	0	47225	1	//섀도우_부트캠프레벨업박스_60레벨						
	1557	8	0	767	20007	0	782	20007	0	9199	1	0	4122	50	0	49023	50	0	4186	5	0	3615	1	0	47226	1	//섀도우_부트캠프레벨업박스_70레벨						
	1558	8	0	768	20007	0	783	20007	0	4133	50	0	49024	50	0	4186	5	0	4978	3	0	3616	1	0	47227	1	//섀도우_부트캠프레벨업박스_80레벨						
	1559	8	0	769	20007	0	784	20007	0	3844	1	0	4133	50	0	49024	50	0	4186	5	0	9208	1	0	47343	1	//섀도우_부트캠프레벨업박스_90레벨						
	1560	6	0	770	20007	0	785	20007	0	4133	50	0	4979	3	0	4187	5	0	61110	0	0	0	0	0	0	0	//섀도우_부트캠프레벨업박스_100레벨						
	1561	8	0	791	20007	0	806	20007	0	4121	20	0	4003	20	0	49129	100	0	3400	1	0	47229	1	1	381	0	//발키리_부트캠프레벨업박스_10레벨						
	1562	8	0	792	20007	0	807	20007	0	9185	1	0	4121	30	0	49129	100	0	4184	10	0	63166	1	0	47230	1	//발키리_부트캠프레벨업박스_20레벨						
	1563	8	0	793	20007	0	808	20007	0	9190	1	0	4121	30	0	4003	30	0	49129	100	0	65306	50	0	47231	1	//발키리_부트캠프레벨업박스_30레벨						
	1564	8	0	794	20007	0	809	20007	0	4977	5	0	4121	30	0	4003	30	0	4185	5	0	49129	100	0	47232	1	//발키리_부트캠프레벨업박스_40레벨						
	1565	7	0	795	20007	0	810	20007	0	9195	1	0	4122	30	0	49023	30	0	4185	5	0	47233	1	0	0	0	//발키리_부트캠프레벨업박스_50레벨						
	1566	8	0	796	20007	0	811	20007	0	4977	3	0	4978	3	0	4122	50	0	4185	5	0	3614	1	0	47234	1	//발키리_부트캠프레벨업박스_60레벨						
	1567	8	0	797	20007	0	812	20007	0	9200	1	0	4122	50	0	49023	50	0	4186	5	0	3615	1	0	47235	1	//발키리_부트캠프레벨업박스_70레벨						
	1568	8	0	798	20007	0	813	20007	0	4133	50	0	49024	50	0	4186	5	0	4978	3	0	3616	1	0	47236	1	//발키리_부트캠프레벨업박스_80레벨						
	1569	8	0	799	20007	0	814	20007	0	3845	1	0	4133	50	0	49024	50	0	4186	5	0	9209	1	0	47344	1	//발키리_부트캠프레벨업박스_90레벨						
	1570	6	0	800	20007	0	815	20007	0	4133	50	0	4979	3	0	4187	5	0	61108	1	0	0	0	0	0	0	//발키리_부트캠프레벨업박스_100레벨						
	1571	8	0	821	20007	0	836	20007	0	4121	20	0	4003	20	0	49129	100	0	3400	1	0	47238	1	1	380	0	//엘리멘탈리스트_부트캠프레벨업박스_10레벨						
	1572	8	0	822	20007	0	837	20007	0	9186	1	0	4121	30	0	49129	100	0	4184	10	0	63166	1	0	47239	1	//엘리멘탈리스트_부트캠프레벨업박스_20레벨						
	1573	8	0	823	20007	0	838	20007	0	9191	1	0	4121	30	0	4003	30	0	49129	100	0	65306	50	0	47240	1	//엘리멘탈리스트_부트캠프레벨업박스_30레벨						
	1574	8	0	824	20007	0	839	20007	0	4977	5	0	4121	30	0	4003	30	0	4185	5	0	49129	100	0	47241	1	//엘리멘탈리스트_부트캠프레벨업박스_40레벨						
	1575	7	0	825	20007	0	840	20007	0	9196	1	0	4122	30	0	49023	30	0	4185	5	0	47242	1	0	0	0	//엘리멘탈리스트_부트캠프레벨업박스_50레벨						
	1576	8	0	826	20007	0	841	20007	0	4977	3	0	4978	3	0	4122	50	0	4185	5	0	3614	1	0	47243	1	//엘리멘탈리스트_부트캠프레벨업박스_60레벨						
	1577	8	0	827	20007	0	842	20007	0	9201	1	0	4122	50	0	49023	50	0	4186	5	0	3615	1	0	47244	1	//엘리멘탈리스트_부트캠프레벨업박스_70레벨						
	1578	8	0	828	20007	0	843	20007	0	4133	50	0	49024	50	0	4186	5	0	4978	3	0	3616	1	0	47245	1	//엘리멘탈리스트_부트캠프레벨업박스_80레벨						
	1579	8	0	829	20007	0	844	20007	0	3846	1	0	4133	50	0	49024	50	0	4186	5	0	9210	1	0	47345	1	//엘리멘탈리스트_부트캠프레벨업박스_90레벨						
	1580	6	0	830	20007	0	845	20007	0	4133	50	0	4979	3	0	4187	5	0	61109	1	0	0	0	0	0	0	//엘리멘탈리스트_부트캠프레벨업박스_100레벨						
	1581	8	0	871	20007	0	886	20007	0	4121	20	0	4003	20	0	49129	100	0	3400	1	0	47351	1	1	382	0	//미스틱_부트캠프레벨업박스_10레벨						
	1582	8	0	872	20007	0	887	20007	0	9202	1	0	4121	30	0	49129	100	0	4184	10	0	63166	1	0	47352	1	//미스틱_부트캠프레벨업박스_20레벨						
	1583	8	0	873	20007	0	888	20007	0	9203	1	0	4121	30	0	4003	30	0	49129	100	0	65306	50	0	47353	1	//미스틱_부트캠프레벨업박스_30레벨						
	1584	8	0	874	20007	0	889	20007	0	4977	5	0	4121	30	0	4003	30	0	4185	5	0	49129	100	0	47354	1	//미스틱_부트캠프레벨업박스_40레벨						
	1585	7	0	875	20007	0	890	20007	0	9204	1	0	4122	30	0	49023	30	0	4185	5	0	47355	1	0	0	0	//미스틱_부트캠프레벨업박스_50레벨						
	1586	8	0	876	20007	0	891	20007	0	4977	3	0	4978	3	0	4122	50	0	4185	5	0	3614	1	0	47356	1	//미스틱_부트캠프레벨업박스_60레벨						
	1587	8	0	877	20007	0	892	20007	0	9205	1	0	4122	50	0	49023	50	0	4186	5	0	3615	1	0	47357	1	//미스틱_부트캠프레벨업박스_70레벨						
	1588	8	0	878	20007	0	893	20007	0	4133	50	0	49024	50	0	4186	5	0	4978	3	0	3616	1	0	47358	1	//미스틱_부트캠프레벨업박스_80레벨						
	1589	8	0	879	20007	0	894	20007	0	3861	1	0	4133	50	0	49024	50	0	4186	5	0	9211	1	0	47370	1	//미스틱_부트캠프레벨업박스_90레벨						
	1590	6	0	880	20007	0	895	20007	0	4133	50	0	4979	3	0	4187	5	0	61111	1	0	0	0	0	0	0	//미스틱_부트캠프레벨업박스_100레벨						
//	1591	1	1	97028	0	0	0	0	0	0	0	0	0	0	0	0	0	0	0	0	0	0	0	0	0	0	//일본부트캠프_럭셔리티켓프리_하급						
//	1592	1	1	97029	0	0	0	0	0	0	0	0	0	0	0	0	0	0	0	0	0	0	0	0	0	0	//일본부트캠프_럭셔리티켓프리_중급						
//	1593	1	1	97030	0	0	0	0	0	0	0	0	0	0	0	0	0	0	0	0	0	0	0	0	0	0	//일본부트캠프_럭셔리티켓프리_상급						
	1594	1	1	95076	0	0	0	0	0	0	0	0	0	0	0	0	0	0	0	0	0	0	0	0	0	0	//국내2013년9월프리미엄가챠상자						
	1595	8	0	45731	10010	0	45732	10010	0	45733	10010	0	45734	10010	0	45735	10010	0	45736	10010	0	45737	10010	0	45738	10010	//강인한묘지의정복자세트_10인챈_랜덤소켓(B)						
	1596	8	0	45739	10010	0	45740	10010	0	45741	10010	0	45742	10010	0	45743	10010	0	45744	10010	0	45745	10010	0	45746	10010	//용맹한묘지의정복자세트_10인챈_랜덤소켓(D)						
	1597	8	0	45747	10010	0	45748	10010	0	45749	10010	0	45750	10010	0	45751	10010	0	45752	10010	0	45753	10010	0	45754	10010	//차가운묘지의정복자세트_10인챈_랜덤소켓(S)						
	1598	8	0	45755	10010	0	45756	10010	0	45757	10010	0	45758	10010	0	45759	10010	0	45760	10010	0	45761	10010	0	45762	10010	//날렵한묘지의정복자세트_10인챈_랜덤소켓(V)						
	1599	8	0	45763	10010	0	45764	10010	0	45765	10010	0	45766	10010	0	45767	10010	0	45768	10010	0	45769	10010	0	45770	10010	//신성한묘지의정복자세트_10인챈_랜덤소켓(E)						
	1600	8	0	45883	10010	0	45890	10010	0	45884	10010	0	45885	10010	0	45886	10010	0	45887	10010	0	45888	10010	0	45889	10010	//수려한묘지의정복자세트_10인챈_랜덤소켓(M)						
	1601	1	1	95079	0	0	0	0	0	0	0	0	0	0	0	0	0	0	0	0	0	0	0	0	0	0	//국내2013년8월프리미엄가챠상자						
//	1602	1	1	96107	0	0	0	0	0	0	0	0	0	0	0	0	0	0	0	0	0	0	0	0	0	0	//러시아1302프리미엄가챠2						
//	1603	1	1	96108	0	0	0	0	0	0	0	0	0	0	0	0	0	0	0	0	0	0	0	0	0	0	//러시아1302프리미엄가챠3						
//	1604	1	1	96109	0	0	0	0	0	0	0	0	0	0	0	0	0	0	0	0	0	0	0	0	0	0	//러시아1302프리미엄가챠4						
	1605	1	1	95083	0	0	0	0	0	0	0	0	0	0	0	0	0	0	0	0	0	0	0	0	0	0	//국내2013년11월프리미엄가챠상자						
	1606	1	1	3041	0	0	0	0	0	0	0	0	0	0	0	0	0	0	0	0	0	0	0	0	0	0	//2013크리스마스이벤트_상자Lv1						
	1607	1	1	3042	0	0	0	0	0	0	0	0	0	0	0	0	0	0	0	0	0	0	0	0	0	0	//2013크리스마스이벤트_상자Lv2						
	1608	1	1	3043	0	0	0	0	0	0	0	0	0	0	0	0	0	0	0	0	0	0	0	0	0	0	//2013크리스마스이벤트_상자Lv3						
	1609	1	1	3044	0	0	0	0	0	0	0	0	0	0	0	0	0	0	0	0	0	0	0	0	0	0	//2013크리스마스이벤트_장비장사(버서커)						
	1610	1	1	3045	0	0	0	0	0	0	0	0	0	0	0	0	0	0	0	0	0	0	0	0	0	0	//2013크리스마스이벤트_장비장사(드나)						
	1611	1	1	3046	0	0	0	0	0	0	0	0	0	0	0	0	0	0	0	0	0	0	0	0	0	0	//2013크리스마스이벤트_장비장사(셰도우)						
	1612	1	1	3047	0	0	0	0	0	0	0	0	0	0	0	0	0	0	0	0	0	0	0	0	0	0	//2013크리스마스이벤트_장비장사(발키리)						
	1613	1	1	3048	0	0	0	0	0	0	0	0	0	0	0	0	0	0	0	0	0	0	0	0	0	0	//2013크리스마스이벤트_장비장사(엘리)						
	1614	1	1	3049	0	0	0	0	0	0	0	0	0	0	0	0	0	0	0	0	0	0	0	0	0	0	//2013크리스마스이벤트_장비장사(미스틱)						
	1615	1	1	3050	0	0	0	0	0	0	0	0	0	0	0	0	0	0	0	0	0	0	0	0	0	0	//꼬꼬마눈사람(1일)						
	1616	1	1	3051	0	0	0	0	0	0	0	0	0	0	0	0	0	0	0	0	0	0	0	0	0	0	//꼬꼬마눈사람(3일)						
	1617	1	0	7271	3	0	0	0	0	0	0	0	0	0	0	0	0	0	0	0	0	0	0	0	0	0	//일반폭죽상자						
	1618	1	0	7272	3	0	0	0	0	0	0	0	0	0	0	0	0	0	0	0	0	0	0	0	0	0	//하트폭죽상자						
//	1619	1	1	95044	0	0	0	0	0	0	0	0	0	0	0	0	0	0	0	0	0	0	0	0	0	0	//러시아2013크리스마스선물상자1						
//	1620	1	1	95045	0	0	0	0	0	0	0	0	0	0	0	0	0	0	0	0	0	0	0	0	0	0	//러시아2013크리스마스선물상자2						
//	1621	1	1	95046	0	0	0	0	0	0	0	0	0	0	0	0	0	0	0	0	0	0	0	0	0	0	//러시아2013크리스마스선물상자3						
	1622	1	1	95086	0	0	0	0	0	0	0	0	0	0	0	0	0	0	0	0	0	0	0	0	0	0	//2013년12월프리미엄가챠						
//	1623	1	1	97007	0	0	0	0	0	0	0	0	0	0	0	0	0	0	0	0	0	0	0	0	0	0	//중국검게뒤틀린매의기간트암상자						
//	1624	1	1	97008	0	0	0	0	0	0	0	0	0	0	0	0	0	0	0	0	0	0	0	0	0	0	//중국검게뒤틀린맹공의기간트암상자						
//	1625	1	1	97009	0	0	0	0	0	0	0	0	0	0	0	0	0	0	0	0	0	0	0	0	0	0	//중국검게뒤틀린결의의기간트암상자						
//	1626	1	1	97010	0	0	0	0	0	0	0	0	0	0	0	0	0	0	0	0	0	0	0	0	0	0	//중국검게뒤틀린수호의기간트암상자						
//	1627	1	1	97011	0	0	0	0	0	0	0	0	0	0	0	0	0	0	0	0	0	0	0	0	0	0	//중국검게뒤틀린매의드라고닉크로우상자						
//	1628	1	1	97012	0	0	0	0	0	0	0	0	0	0	0	0	0	0	0	0	0	0	0	0	0	0	//중국검게뒤틀린맹공의드라고닉크로우상자						
//	1629	1	1	97013	0	0	0	0	0	0	0	0	0	0	0	0	0	0	0	0	0	0	0	0	0	0	//중국검게뒤틀린결의의드라고닉크로우상자						
//	1630	1	1	97014	0	0	0	0	0	0	0	0	0	0	0	0	0	0	0	0	0	0	0	0	0	0	//중국검게뒤틀린수호의드라고닉크로우상자						
//	1631	1	1	97015	0	0	0	0	0	0	0	0	0	0	0	0	0	0	0	0	0	0	0	0	0	0	//중국검게뒤틀린매의헬론크래셔상자						
//	1632	1	1	97016	0	0	0	0	0	0	0	0	0	0	0	0	0	0	0	0	0	0	0	0	0	0	//중국검게뒤틀린맹공의헬론크래셔상자						
//	1633	1	1	97017	0	0	0	0	0	0	0	0	0	0	0	0	0	0	0	0	0	0	0	0	0	0	//중국검게뒤틀린결의의헬론크래셔상자						
//	1634	1	1	97018	0	0	0	0	0	0	0	0	0	0	0	0	0	0	0	0	0	0	0	0	0	0	//중국검게뒤틀린수호의헬론크래셔상자						
//	1635	1	1	97019	0	0	0	0	0	0	0	0	0	0	0	0	0	0	0	0	0	0	0	0	0	0	//중국검게뒤틀린매의파멸의엠페러상자						
//	1636	1	1	97020	0	0	0	0	0	0	0	0	0	0	0	0	0	0	0	0	0	0	0	0	0	0	//중국검게뒤틀린맹공의파멸의엠페러상자						
//	1637	1	1	97021	0	0	0	0	0	0	0	0	0	0	0	0	0	0	0	0	0	0	0	0	0	0	//중국검게뒤틀린결의의파멸의엠페러상자						
//	1638	1	1	97022	0	0	0	0	0	0	0	0	0	0	0	0	0	0	0	0	0	0	0	0	0	0	//중국검게뒤틀린수호의파멸의엠페러상자						
//	1639	1	1	97023	0	0	0	0	0	0	0	0	0	0	0	0	0	0	0	0	0	0	0	0	0	0	//중국검게뒤틀린매의팬텀실루엣상자						
//	1640	1	1	97024	0	0	0	0	0	0	0	0	0	0	0	0	0	0	0	0	0	0	0	0	0	0	//중국검게뒤틀린맹공의팬텀실루엣상자						
//	1641	1	1	97025	0	0	0	0	0	0	0	0	0	0	0	0	0	0	0	0	0	0	0	0	0	0	//중국검게뒤틀린결의의팬텀실루엣상자						
//	1642	1	1	97026	0	0	0	0	0	0	0	0	0	0	0	0	0	0	0	0	0	0	0	0	0	0	//중국검게뒤틀린수호의팬텀실루엣상자						
//	1643	1	1	97027	0	0	0	0	0	0	0	0	0	0	0	0	0	0	0	0	0	0	0	0	0	0	//중국검게뒤틀린매의크림슨트리거상자						
//	1644	1	1	97028	0	0	0	0	0	0	0	0	0	0	0	0	0	0	0	0	0	0	0	0	0	0	//중국검게뒤틀린맹공의크림슨트리거상자						
//	1645	1	1	97029	0	0	0	0	0	0	0	0	0	0	0	0	0	0	0	0	0	0	0	0	0	0	//중국검게뒤틀린결의의크림슨트리거상자						
//	1646	1	1	97030	0	0	0	0	0	0	0	0	0	0	0	0	0	0	0	0	0	0	0	0	0	0	//중국검게뒤틀린수호의크림슨트리거상자						
	1647	4	0	6816	10	0	6815	10	0	4990	30	0	4048	5	0	0	0	0	0	0	0	0	0	0	0	0	//보아레스산맥_보물상자_AC						
	1648	4	1	280	0	1	76	0	1	77	0	0	65014	5	0	0	0	0	0	0	0	0	0	0	0	0	//세리엔트_원정대_보급상자						
	1649	1	1	16601	0	0	0	0	0	0	0	0	0	0	0	0	0	0	0	0	0	0	0	0	0	0	//맹공의반지_7일						
	1650	1	1	16701	0	0	0	0	0	0	0	0	0	0	0	0	0	0	0	0	0	0	0	0	0	0	//해방군의주술서_7일						
	1651	1	1	16801	0	0	0	0	0	0	0	0	0	0	0	0	0	0	0	0	0	0	0	0	0	0	//룬스톤_7일						
	1652	8	0	56349	1	0	56355	1	1	227	0	1	228	0	1	229	0	1	230	0	0	65424	1	0	65425	1	//국내_2014회귀이벤트_버서커_지급품상자						
	1653	8	0	56350	1	0	56356	1	1	227	0	1	228	0	1	229	0	1	230	0	0	65424	1	0	65425	1	//국내_2014회귀이벤트_드래곤나이트_지급품상자						
	1654	8	0	56351	1	0	56357	1	1	227	0	1	228	0	1	229	0	1	230	0	0	65424	1	0	65425	1	//국내_2014회귀이벤트_섀도우_지급품상자						
	1655	8	0	56352	1	0	56358	1	1	227	0	1	228	0	1	229	0	1	230	0	0	65424	1	0	65425	1	//국내_2014회귀이벤트_발키리_지급품상자						
	1656	8	0	56353	1	0	56359	1	1	227	0	1	228	0	1	229	0	1	230	0	0	65424	1	0	65425	1	//국내_2014회귀이벤트_엘리멘탈리스트_지급품상자						
	1657	8	0	56354	1	0	56360	1	1	227	0	1	228	0	1	229	0	1	230	0	0	65424	1	0	65425	1	//국내_2014회귀이벤트_미스틱_지급품상자						
	1658	2	1	283	0	1	284	0	0	0	0	0	0	0	0	0	0	0	0	0	0	0	0	0	0	0	//국내_2014회귀이벤트_버서커_무기상자						
	1659	2	1	293	0	1	294	0	0	0	0	0	0	0	0	0	0	0	0	0	0	0	0	0	0	0	//국내_2014회귀이벤트_드래곤나이트_무기상자						
	1660	2	1	303	0	1	304	0	0	0	0	0	0	0	0	0	0	0	0	0	0	0	0	0	0	0	//국내_2014회귀이벤트_섀도우_무기상자						
	1661	2	1	313	0	1	314	0	0	0	0	0	0	0	0	0	0	0	0	0	0	0	0	0	0	0	//국내_2014회귀이벤트_발키리_무기상자						
	1662	2	1	323	0	1	324	0	0	0	0	0	0	0	0	0	0	0	0	0	0	0	0	0	0	0	//국내_2014회귀이벤트_엘리멘탈리스트_무기상자						
	1663	2	1	333	0	1	334	0	0	0	0	0	0	0	0	0	0	0	0	0	0	0	0	0	0	0	//국내_2014회귀이벤트_미스틱_무기상자						
	1664	8	1	285	0	1	286	0	1	287	0	1	288	0	1	289	0	1	290	0	1	291	0	1	292	0	//국내_2014회귀이벤트_버서커_방어구상자						
	1665	8	1	295	0	1	296	0	1	297	0	1	298	0	1	299	0	1	300	0	1	301	0	1	302	0	//국내_2014회귀이벤트_드래곤나이트_방어구상자						
	1666	8	1	305	0	1	306	0	1	307	0	1	308	0	1	309	0	1	310	0	1	311	0	1	312	0	//국내_2014회귀이벤트_섀도우_방어구상자						
	1667	8	1	315	0	1	316	0	1	317	0	1	318	0	1	319	0	1	320	0	1	321	0	1	322	0	//국내_2014회귀이벤트_발키리_방어구상자						
	1668	8	1	325	0	1	326	0	1	327	0	1	328	0	1	329	0	1	330	0	1	331	0	1	332	0	//국내_2014회귀이벤트_엘리멘탈리스트_방어구상자						
	1669	8	1	335	0	1	336	0	1	337	0	1	338	0	1	339	0	1	340	0	1	341	0	1	342	0	//국내_2014회귀이벤트_미스틱_방어구상자						
	1670	1	1	95089	0	0	0	0	0	0	0	0	0	0	0	0	0	0	0	0	0	0	0	0	0	0	//2014년1월프리미엄가챠						
	1671	8	0	58405	50000	0	58455	50000	0	58505	50000	0	58555	50000	0	58605	50000	0	58655	50000	0	58705	50000	0	58755	50000	//버서커_5차장비_베리에이션_세트						
	1672	8	0	58406	50000	0	58456	50000	0	58506	50000	0	58556	50000	0	58606	50000	0	58656	50000	0	58706	50000	0	58756	50000	//버서커_6차장비_베리에이션_세트						
	1673	8	0	58407	50000	0	58457	50000	0	58507	50000	0	58557	50000	0	58607	50000	0	58657	50000	0	58707	50000	0	58757	50000	//버서커_7차장비_베리에이션_세트						
	1674	8	0	58408	50000	0	58458	50000	0	58508	50000	0	58558	50000	0	58608	50000	0	58658	50000	0	58708	50000	0	58758	50000	//버서커_8차장비_베리에이션_세트						
	1675	8	0	58415	50000	0	58465	50000	0	58515	50000	0	58565	50000	0	58615	50000	0	58665	50000	0	58715	50000	0	58765	50000	//드래곤나이트_5차장비_베리에이션_세트						
	1676	8	0	58416	50000	0	58466	50000	0	58516	50000	0	58566	50000	0	58616	50000	0	58666	50000	0	58716	50000	0	58766	50000	//드래곤나이트_6차장비_베리에이션_세트						
	1677	8	0	58417	50000	0	58467	50000	0	58517	50000	0	58567	50000	0	58617	50000	0	58667	50000	0	58717	50000	0	58767	50000	//드래곤나이트_7차장비_베리에이션_세트						
	1678	8	0	58418	50000	0	58468	50000	0	58518	50000	0	58568	50000	0	58618	50000	0	58668	50000	0	58718	50000	0	58768	50000	//드래곤나이트_8차장비_베리에이션_세트						
	1679	8	0	58435	50000	0	58485	50000	0	58535	50000	0	58585	50000	0	58635	50000	0	58685	50000	0	58735	50000	0	58785	50000	//발키리_5차장비_베리에이션_세트						
	1680	8	0	58436	50000	0	58486	50000	0	58536	50000	0	58586	50000	0	58636	50000	0	58686	50000	0	58736	50000	0	58786	50000	//발키리_6차장비_베리에이션_세트						
	1681	8	0	58437	50000	0	58487	50000	0	58537	50000	0	58587	50000	0	58637	50000	0	58687	50000	0	58737	50000	0	58787	50000	//발키리_7차장비_베리에이션_세트						
	1682	8	0	58438	50000	0	58488	50000	0	58538	50000	0	58588	50000	0	58638	50000	0	58688	50000	0	58738	50000	0	58788	50000	//발키리_8차장비_베리에이션_세트						
	1683	8	0	58445	50000	0	58495	50000	0	58545	50000	0	58595	50000	0	58645	50000	0	58695	50000	0	58745	50000	0	58795	50000	//엘리_5차장비_베리에이션_세트						
	1684	8	0	58446	50000	0	58496	50000	0	58546	50000	0	58596	50000	0	58646	50000	0	58696	50000	0	58746	50000	0	58796	50000	//엘리_6차장비_베리에이션_세트						
	1685	8	0	58447	50000	0	58497	50000	0	58547	50000	0	58597	50000	0	58647	50000	0	58697	50000	0	58747	50000	0	58797	50000	//엘리_7차장비_베리에이션_세트						
	1686	8	0	58448	50000	0	58498	50000	0	58548	50000	0	58598	50000	0	58648	50000	0	58698	50000	0	58748	50000	0	58798	50000	//엘리_8차장비_베리에이션_세트						
	1687	1	1	358	0	0	0	0	0	0	0	0	0	0	0	0	0	0	0	0	0	0	0	0	0	0	//2014구정이벤트_가래떡선물상자1						
	1688	1	1	359	0	0	0	0	0	0	0	0	0	0	0	0	0	0	0	0	0	0	0	0	0	0	//2014구정이벤트_가래떡선물상자2						
	1689	1	1	360	0	0	0	0	0	0	0	0	0	0	0	0	0	0	0	0	0	0	0	0	0	0	//2014구정이벤트_가래떡선물상자3						
//	1690	1	1	97031	0	0	0	0	0	0	0	0	0	0	0	0	0	0	0	0	0	0	0	0	0	0	//일본럭셔리티켓(1000엔)_헬로이드						
//	1691	1	1	97033	0	0	0	0	0	0	0	0	0	0	0	0	0	0	0	0	0	0	0	0	0	0	//일본럭셔리티켓프티(500엔)_헬로이드						
//	1692	1	1	97035	0	0	0	0	0	0	0	0	0	0	0	0	0	0	0	0	0	0	0	0	0	0	//일본럭셔리티켓미디(특별)_헬로이드						
	1693	1	1	95093	0	0	0	0	0	0	0	0	0	0	0	0	0	0	0	0	0	0	0	0	0	0	//2014년1월프리미엄가챠						
	1694	8	0	51735	10308	0	51736	10308	0	51737	10308	0	51738	10308	0	51739	10308	0	51740	10308	0	51741	10308	0	51742	10308	//일본_복권_얼티메이트8인챈_3소켓세트(미스틱)						
	1695	8	0	51735	10307	0	51736	10307	0	51737	10307	0	51738	10307	0	51739	10307	0	51740	10307	0	51741	10307	0	51742	10307	//일본_복권_얼티메이트7인챈_3소켓세트(미스틱)						
	1696	8	0	51735	10306	0	51736	10306	0	51737	10306	0	51738	10306	0	51739	10306	0	51740	10306	0	51741	10306	0	51742	10306	//일본_복권_얼티메이트6인챈_3소켓세트(미스틱)						
	1697	8	0	51735	10408	0	51736	10408	0	51737	10408	0	51738	10408	0	51739	10408	0	51740	10408	0	51741	10408	0	51742	10408	//일본_복권_얼티메이트8인챈_4소켓세트(미스틱)						
	1698	8	0	51735	10407	0	51736	10407	0	51737	10407	0	51738	10407	0	51739	10407	0	51740	10407	0	51741	10407	0	51742	10407	//일본_복권_얼티메이트7인챈_4소켓세트(미스틱)						
	1699	8	0	51735	10406	0	51736	10406	0	51737	10406	0	51738	10406	0	51739	10406	0	51740	10406	0	51741	10406	0	51742	10406	//일본_복권_얼티메이트6인챈_4소켓세트(미스틱)						
	1700	8	0	51735	10508	0	51736	10508	0	51737	10508	0	51738	10508	0	51739	10508	0	51740	10508	0	51741	10508	0	51742	10508	//일본_복권_얼티메이트8인챈_5소켓세트(미스틱)						
	1701	8	0	51735	10507	0	51736	10507	0	51737	10507	0	51738	10507	0	51739	10507	0	51740	10507	0	51741	10507	0	51742	10507	//일본_복권_얼티메이트7인챈_5소켓세트(미스틱)						
	1702	8	0	51735	10506	0	51736	10506	0	51737	10506	0	51738	10506	0	51739	10506	0	51740	10506	0	51741	10506	0	51742	10506	//일본_복권_얼티메이트6인챈_5소켓세트(미스틱)						
	1703	8	0	51743	10308	0	51744	10308	0	51745	10308	0	51746	10308	0	51747	10308	0	51748	10308	0	51749	10308	0	51750	10308	//일본_복권_얼티메이트8인챈_3소켓세트(헬로이드)						
	1704	8	0	51743	10307	0	51744	10307	0	51745	10307	0	51746	10307	0	51747	10307	0	51748	10307	0	51749	10307	0	51750	10307	//일본_복권_얼티메이트7인챈_3소켓세트(헬로이드)						
	1705	8	0	51743	10306	0	51744	10306	0	51745	10306	0	51746	10306	0	51747	10306	0	51748	10306	0	51749	10306	0	51750	10306	//일본_복권_얼티메이트6인챈_3소켓세트(헬로이드)						
	1706	8	0	51743	10408	0	51744	10408	0	51745	10408	0	51746	10408	0	51747	10408	0	51748	10408	0	51749	10408	0	51750	10408	//일본_복권_얼티메이트8인챈_4소켓세트(헬로이드)						
	1707	8	0	51743	10407	0	51744	10407	0	51745	10407	0	51746	10407	0	51747	10407	0	51748	10407	0	51749	10407	0	51750	10407	//일본_복권_얼티메이트7인챈_4소켓세트(헬로이드)						
	1708	8	0	51743	10406	0	51744	10406	0	51745	10406	0	51746	10406	0	51747	10406	0	51748	10406	0	51749	10406	0	51750	10406	//일본_복권_얼티메이트6인챈_4소켓세트(헬로이드)						
	1709	8	0	51743	10508	0	51744	10508	0	51745	10508	0	51746	10508	0	51747	10508	0	51748	10508	0	51749	10508	0	51750	10508	//일본_복권_얼티메이트8인챈_5소켓세트(헬로이드)						
	1710	8	0	51743	10507	0	51744	10507	0	51745	10507	0	51746	10507	0	51747	10507	0	51748	10507	0	51749	10507	0	51750	10507	//일본_복권_얼티메이트7인챈_5소켓세트(헬로이드)						
	1711	8	0	51743	10506	0	51744	10506	0	51745	10506	0	51746	10506	0	51747	10506	0	51748	10506	0	51749	10506	0	51750	10506	//일본_복권_얼티메이트6인챈_5소켓세트(헬로이드)						
	1712	1	1	95096	0	0	0	0	0	0	0	0	0	0	0	0	0	0	0	0	0	0	0	0	0	0	//2014년3월프리미엄가챠						
//	1713	2	1	97037	0	1	97038	0	0	0	0	0	0	0	0	0	0	0	0	0	0	0	0	0	0	0	//일본_Return_to_Box(B)						
//	1714	2	1	97039	0	1	97040	0	0	0	0	0	0	0	0	0	0	0	0	0	0	0	0	0	0	0	//일본_Return_to_Box(D)						
//	1715	2	1	97041	0	1	97042	0	0	0	0	0	0	0	0	0	0	0	0	0	0	0	0	0	0	0	//일본_Return_to_Box(V)						
//	1716	2	1	97043	0	1	97044	0	0	0	0	0	0	0	0	0	0	0	0	0	0	0	0	0	0	0	//일본_Return_to_Box(E)						
//	1717	2	1	97045	0	1	97046	0	0	0	0	0	0	0	0	0	0	0	0	0	0	0	0	0	0	0	//일본_Return_to_Box(S)						
//	1718	2	1	97047	0	1	97048	0	0	0	0	0	0	0	0	0	0	0	0	0	0	0	0	0	0	0	//일본_Return_to_Box(M)						
//	1719	2	1	97049	0	1	97050	0	0	0	0	0	0	0	0	0	0	0	0	0	0	0	0	0	0	0	//일본_Return_to_Box(H)						
	1720	1	1	95099	0	0	0	0	0	0	0	0	0	0	0	0	0	0	0	0	0	0	0	0	0	0	//2014년4월프리미엄가챠						
//	1721	5	1	13501	0	1	13502	0	1	13503	0	1	13504	0	1	13505	0	0	0	0	0	0	0	0	0	0	//테스트용캐쉬반지상자						
	1722	1	1	69010	0	0	0	0	0	0	0	0	0	0	0	0	0	0	0	0	0	0	0	0	0	0	//몬트샤인공성전보상반지상자						
	1723	8	0	904	20007	0	4121	20	0	4003	20	0	49129	100	0	3400	1	0	47373	1	1	383	0	0	0	0	//헬로이드_부트캠프레벨업박스_10레벨						
	1724	8	0	905	20007	0	9212	1	0	4121	30	0	49129	100	0	4184	10	0	63166	1	0	47374	1	0	0	0	//헬로이드_부트캠프레벨업박스_20레벨						
	1725	8	0	906	20007	0	9213	1	0	4121	30	0	4003	30	0	49129	100	0	65306	50	0	47375	1	0	0	0	//헬로이드_부트캠프레벨업박스_30레벨						
	1726	8	0	907	20007	0	4977	5	0	4121	30	0	4003	30	0	4185	5	0	49129	100	0	47376	1	0	0	0	//헬로이드_부트캠프레벨업박스_40레벨						
	1727	7	0	908	20007	0	9214	1	0	4122	30	0	49023	30	0	4185	5	0	47377	1	0	0	0	0	0	0	//헬로이드_부트캠프레벨업박스_50레벨						
	1728	8	0	909	20007	0	4977	3	0	4978	3	0	4122	50	0	4185	5	0	3614	1	0	47378	1	0	0	0	//헬로이드_부트캠프레벨업박스_60레벨						
	1729	8	0	910	20007	0	9215	1	0	4122	50	0	49023	50	0	4186	5	0	3615	1	0	47379	1	0	0	0	//헬로이드_부트캠프레벨업박스_70레벨						
	1730	8	0	911	20007	0	4133	50	0	49024	50	0	4186	5	0	4978	3	0	3616	1	0	47380	1	0	0	0	//헬로이드_부트캠프레벨업박스_80레벨						
	1731	8	0	912	20007	0	3862	1	0	4133	50	0	49024	50	0	4186	5	0	9216	1	0	47381	1	0	0	0	//헬로이드_부트캠프레벨업박스_90레벨						
	1732	6	0	913	20007	0	4133	50	0	4979	3	0	4187	5	0	0	0	0	0	0	0	0	0	0	0	0	//헬로이드_부트캠프레벨업박스_100레벨						
	1733	8	0	45899	10005	0	45900	10005	0	45901	10005	0	45902	10005	0	45903	10005	0	45904	10005	0	45905	10005	0	45906	10005	//개조된숲의정복자세트_5인챈_랜덤소켓(H)						
	1734	8	0	45907	10005	0	45908	10005	0	45909	10005	0	45910	10005	0	45911	10005	0	45912	10005	0	45913	10005	0	45914	10005	//개조된지하수로의정복자세트_5인챈_랜덤소켓(H)						
	1735	8	0	45915	10007	0	45916	10007	0	45917	10007	0	45918	10007	0	45919	10007	0	45920	10007	0	45921	10007	0	45922	10007	//개조된설원의정복자세트_7인챈_랜덤소켓(H)						
	1736	8	0	45923	10010	0	45924	10010	0	45925	10010	0	45926	10010	0	45927	10010	0	45928	10010	0	45929	10010	0	45930	10010	//개조된용족의정복자세트_10인챈_랜덤소켓(H)						
	1737	8	0	45931	10010	0	45932	10010	0	45933	10010	0	45934	10010	0	45935	10010	0	45936	10010	0	45937	10010	0	45938	10010	//개조된묘지의정복자세트_10인챈_랜덤소켓(H)						
//	1738	1	1	97051	0	0	0	0	0	0	0	0	0	0	0	0	0	0	0	0	0	0	0	0	0	0	//일본_6주년이벤트						
	1739	1	1	384	0	0	0	0	0	0	0	0	0	0	0	0	0	0	0	0	0	0	0	0	0	0	//불안정한무기강화보상상자(+15양손도끼)						
	1740	1	1	385	0	0	0	0	0	0	0	0	0	0	0	0	0	0	0	0	0	0	0	0	0	0	//불안정한무기강화보상상자(+15양손검)						
	1741	1	1	386	0	0	0	0	0	0	0	0	0	0	0	0	0	0	0	0	0	0	0	0	0	0	//불안정한무기강화보상상자(+15한손검)						
	1742	1	1	387	0	0	0	0	0	0	0	0	0	0	0	0	0	0	0	0	0	0	0	0	0	0	//불안정한무기강화보상상자(+15창)						
	1743	1	1	388	0	0	0	0	0	0	0	0	0	0	0	0	0	0	0	0	0	0	0	0	0	0	//불안정한무기강화보상상자(+15한손석궁)						
	1744	1	1	389	0	0	0	0	0	0	0	0	0	0	0	0	0	0	0	0	0	0	0	0	0	0	//불안정한무기강화보상상자(+15에테르웨폰)						
	1745	1	1	390	0	0	0	0	0	0	0	0	0	0	0	0	0	0	0	0	0	0	0	0	0	0	//불안정한무기강화보상상자(+15지팡이)						
	1746	1	1	391	0	0	0	0	0	0	0	0	0	0	0	0	0	0	0	0	0	0	0	0	0	0	//불안정한무기강화보상상자(+15오브)						
	1747	1	1	392	0	0	0	0	0	0	0	0	0	0	0	0	0	0	0	0	0	0	0	0	0	0	//불안정한무기강화보상상자(+15대거)						
	1748	1	1	393	0	0	0	0	0	0	0	0	0	0	0	0	0	0	0	0	0	0	0	0	0	0	//불안정한무기강화보상상자(+15채찍검)						
	1749	1	1	394	0	0	0	0	0	0	0	0	0	0	0	0	0	0	0	0	0	0	0	0	0	0	//불안정한무기강화보상상자(+15건틀렛)						
	1750	1	1	395	0	0	0	0	0	0	0	0	0	0	0	0	0	0	0	0	0	0	0	0	0	0	//불안정한무기강화보상상자(+15에테르사이드)						
	1751	1	1	396	0	0	0	0	0	0	0	0	0	0	0	0	0	0	0	0	0	0	0	0	0	0	//불안정한무기강화보상상자(+15에테르블래스터)						
	1752	1	1	397	0	0	0	0	0	0	0	0	0	0	0	0	0	0	0	0	0	0	0	0	0	0	//불안정한무기강화보상상자(+9양손도끼)						
	1753	1	1	398	0	0	0	0	0	0	0	0	0	0	0	0	0	0	0	0	0	0	0	0	0	0	//불안정한무기강화보상상자(+9양손검)						
	1754	1	1	399	0	0	0	0	0	0	0	0	0	0	0	0	0	0	0	0	0	0	0	0	0	0	//불안정한무기강화보상상자(+9한손검)						
	1755	1	1	400	0	0	0	0	0	0	0	0	0	0	0	0	0	0	0	0	0	0	0	0	0	0	//불안정한무기강화보상상자(+9창)						
	1756	1	1	401	0	0	0	0	0	0	0	0	0	0	0	0	0	0	0	0	0	0	0	0	0	0	//불안정한무기강화보상상자(+9한손석궁)						
	1757	1	1	402	0	0	0	0	0	0	0	0	0	0	0	0	0	0	0	0	0	0	0	0	0	0	//불안정한무기강화보상상자(+9에테르웨폰)						
	1758	1	1	403	0	0	0	0	0	0	0	0	0	0	0	0	0	0	0	0	0	0	0	0	0	0	//불안정한무기강화보상상자(+9지팡이)						
	1759	1	1	404	0	0	0	0	0	0	0	0	0	0	0	0	0	0	0	0	0	0	0	0	0	0	//불안정한무기강화보상상자(+9오브)						
	1760	1	1	405	0	0	0	0	0	0	0	0	0	0	0	0	0	0	0	0	0	0	0	0	0	0	//불안정한무기강화보상상자(+9대거)						
	1761	1	1	406	0	0	0	0	0	0	0	0	0	0	0	0	0	0	0	0	0	0	0	0	0	0	//불안정한무기강화보상상자(+9채찍검)						
	1762	1	1	407	0	0	0	0	0	0	0	0	0	0	0	0	0	0	0	0	0	0	0	0	0	0	//불안정한무기강화보상상자(+9건틀렛)						
	1763	1	1	408	0	0	0	0	0	0	0	0	0	0	0	0	0	0	0	0	0	0	0	0	0	0	//불안정한무기강화보상상자(+9에테르사이드)						
	1764	1	1	409	0	0	0	0	0	0	0	0	0	0	0	0	0	0	0	0	0	0	0	0	0	0	//불안정한무기강화보상상자(+9에테르블래스터)						
	1765	1	1	95104	0	0	0	0	0	0	0	0	0	0	0	0	0	0	0	0	0	0	0	0	0	0	//국내2014년5월프리미엄가챠상자						
	1766	8	0	63035	1	0	63035	1	0	63035	1	0	63035	1	0	63035	1	0	63035	1	0	63035	1	0	63035	1	//럭셔리티켓BOX(B)_8매						
	1767	8	0	63036	1	0	63036	1	0	63036	1	0	63036	1	0	63036	1	0	63036	1	0	63036	1	0	63036	1	//럭셔리티켓BOX(D)_8매						
	1768	8	0	63037	1	0	63037	1	0	63037	1	0	63037	1	0	63037	1	0	63037	1	0	63037	1	0	63037	1	//럭셔리티켓BOX(V)_8매						
	1769	8	0	63038	1	0	63038	1	0	63038	1	0	63038	1	0	63038	1	0	63038	1	0	63038	1	0	63038	1	//럭셔리티켓BOX(E)_8매						
	1770	8	0	63053	1	0	63053	1	0	63053	1	0	63053	1	0	63053	1	0	63053	1	0	63053	1	0	63053	1	//럭셔리티켓BOX(S)_8매						
	1771	8	0	63376	1	0	63376	1	0	63376	1	0	63376	1	0	63376	1	0	63376	1	0	63376	1	0	63376	1	//럭셔리티켓BOX(M)_8매						
	1772	8	0	63478	1	0	63478	1	0	63478	1	0	63478	1	0	63478	1	0	63478	1	0	63478	1	0	63478	1	//럭셔리티켓BOX(H)_8매						
	1773	3	0	56397	1	0	63035	1	0	63035	1	0	0	0	0	0	0	0	0	0	0	0	0	0	0	0	//럭셔리티켓BOX(B)_10매						
	1774	3	0	56398	1	0	63036	1	0	63036	1	0	0	0	0	0	0	0	0	0	0	0	0	0	0	0	//럭셔리티켓BOX(D)_10매						
	1775	3	0	56399	1	0	63037	1	0	63037	1	0	0	0	0	0	0	0	0	0	0	0	0	0	0	0	//럭셔리티켓BOX(V)_10매						
	1776	3	0	56400	1	0	63038	1	0	63038	1	0	0	0	0	0	0	0	0	0	0	0	0	0	0	0	//럭셔리티켓BOX(E)_10매						
	1777	3	0	56401	1	0	63053	1	0	63053	1	0	0	0	0	0	0	0	0	0	0	0	0	0	0	0	//럭셔리티켓BOX(S)_10매						
	1778	3	0	56402	1	0	63376	1	0	63376	1	0	0	0	0	0	0	0	0	0	0	0	0	0	0	0	//럭셔리티켓BOX(M)_10매						
	1779	3	0	56403	1	0	63478	1	0	63478	1	0	0	0	0	0	0	0	0	0	0	0	0	0	0	0	//럭셔리티켓BOX(H)_10매						
	1780	5	0	56397	1	0	63035	1	0	63035	1	0	63035	1	0	63035	1	0	0	0	0	0	0	0	0	0	//럭셔리티켓BOX(B)_12매						
	1781	5	0	56398	1	0	63036	1	0	63036	1	0	63036	1	0	63036	1	0	0	0	0	0	0	0	0	0	//럭셔리티켓BOX(D)_12매						
	1782	5	0	56399	1	0	63037	1	0	63037	1	0	63037	1	0	63037	1	0	0	0	0	0	0	0	0	0	//럭셔리티켓BOX(V)_12매						
	1783	5	0	56400	1	0	63038	1	0	63038	1	0	63038	1	0	63038	1	0	0	0	0	0	0	0	0	0	//럭셔리티켓BOX(E)_12매						
	1784	5	0	56401	1	0	63053	1	0	63053	1	0	63053	1	0	63053	1	0	0	0	0	0	0	0	0	0	//럭셔리티켓BOX(S)_12매						
	1785	5	0	56402	1	0	63376	1	0	63376	1	0	63376	1	0	63376	1	0	0	0	0	0	0	0	0	0	//럭셔리티켓BOX(M)_12매						
	1786	5	0	56403	1	0	63478	1	0	63478	1	0	63478	1	0	63478	1	0	0	0	0	0	0	0	0	0	//럭셔리티켓BOX(H)_12매						
	1787	1	1	95107	0	0	0	0	0	0	0	0	0	0	0	0	0	0	0	0	0	0	0	0	0	0	//국내2014년6월프리미엄가챠상자						
//	1788	5	0	51177	50000	0	51179	50000	0	51180	50000	0	51181	50000	0	51182	50000	0	0	0	0	0	0	0	0	0	//아에시마 데바 스킨 상자 (B)						
	1789	5	0	51185	50000	0	51187	50000	0	51188	50000	0	51189	50000	0	51190	50000	0	0	0	0	0	0	0	0	0	//벨제뷔트 스킨 상자 (D)						
	1790	5	0	51193	50000	0	51195	50000	0	51196	50000	0	51197	50000	0	51198	50000	0	0	0	0	0	0	0	0	0	//루시페르 스킨 상자 (S)						
	1791	5	0	51201	50000	0	51203	50000	0	51204	50000	0	51205	50000	0	51206	50000	0	0	0	0	0	0	0	0	0	//아스타로스 스킨 상자 (V)						
	1792	5	0	51209	50000	0	51211	50000	0	51212	50000	0	51213	50000	0	51214	50000	0	0	0	0	0	0	0	0	0	//아즈 스킨 상자 (E)						
	1793	5	0	51383	50000	0	51385	50000	0	51386	50000	0	51387	50000	0	51388	50000	0	0	0	0	0	0	0	0	0	//메피스토 스킨 상자 (M)						
	1794	5	0	51711	50000	0	51713	50000	0	51714	50000	0	51715	50000	0	51716	50000	0	0	0	0	0	0	0	0	0	//아스모데우스 스킨 상자 (H)						
	1795	1	1	48293	0	0	0	0	0	0	0	0	0	0	0	0	0	0	0	0	0	0	0	0	0	0	//치타의물약상자_(30분_기세_정기_혼_비약)						
	1796	1	1	48294	0	0	0	0	0	0	0	0	0	0	0	0	0	0	0	0	0	0	0	0	0	0	//늑대의물약상자_(30분_기세_정기_혼_비약)						
	1797	1	1	48295	0	0	0	0	0	0	0	0	0	0	0	0	0	0	0	0	0	0	0	0	0	0	//매의물약상자_(30분_기세_정기_혼_비약)						
	1798	1	1	48296	0	0	0	0	0	0	0	0	0	0	0	0	0	0	0	0	0	0	0	0	0	0	//곰의물약상자_(30분_기세_정기_혼_비약)						
	1799	1	1	48297	0	0	0	0	0	0	0	0	0	0	0	0	0	0	0	0	0	0	0	0	0	0	//뱀의물약상자_(30분_기세_정기_혼_비약)						
	1800	8	1	95530	0	1	95531	0	0	4979	1	0	49150	1	0	49165	2	0	49025	255	0	4133	255	0	4199	255	//일본_1201_복귀자상자_미스틱						
	1801	8	1	95532	0	1	95532	0	0	4979	1	0	49150	1	0	49165	2	0	49025	255	0	4133	255	0	4199	255	//일본_1201_복귀자상자_헬로이드						
	1802	1	1	48298	0	0	0	0	0	0	0	0	0	0	0	0	0	0	0	0	0	0	0	0	0	0	//절규의반지_상자_1일						
	1803	1	1	48299	0	0	0	0	0	0	0	0	0	0	0	0	0	0	0	0	0	0	0	0	0	0	//절규의반지_상자_3일						
	1804	1	1	48300	0	0	0	0	0	0	0	0	0	0	0	0	0	0	0	0	0	0	0	0	0	0	//절규의반지_상자_7일						
	1805	1	1	48301	0	0	0	0	0	0	0	0	0	0	0	0	0	0	0	0	0	0	0	0	0	0	//절규의반지_랜덤상자						
	1806	1	1	48302	0	0	0	0	0	0	0	0	0	0	0	0	0	0	0	0	0	0	0	0	0	0	//비명의반지_상자_1일						
	1807	1	1	48303	0	0	0	0	0	0	0	0	0	0	0	0	0	0	0	0	0	0	0	0	0	0	//비명의반지_상자_3일						
	1808	1	1	48304	0	0	0	0	0	0	0	0	0	0	0	0	0	0	0	0	0	0	0	0	0	0	//비명의반지_상자_7일						
	1809	1	1	48305	0	0	0	0	0	0	0	0	0	0	0	0	0	0	0	0	0	0	0	0	0	0	//비명의반지_랜덤상자						
	1810	1	1	48306	0	0	0	0	0	0	0	0	0	0	0	0	0	0	0	0	0	0	0	0	0	0	//투쟁의목걸이_상자_1일						
	1811	1	1	48307	0	0	0	0	0	0	0	0	0	0	0	0	0	0	0	0	0	0	0	0	0	0	//투쟁의목걸이_상자_3일						
	1812	1	1	48308	0	0	0	0	0	0	0	0	0	0	0	0	0	0	0	0	0	0	0	0	0	0	//투쟁의목걸이_상자_7일						
	1813	1	1	48309	0	0	0	0	0	0	0	0	0	0	0	0	0	0	0	0	0	0	0	0	0	0	//투쟁의목걸이_랜덤상자						
//	1814	1	1	97053	0	0	0	0	0	0	0	0	0	0	0	0	0	0	0	0	0	0	0	0	0	0	//일본_스타박스(3)						
//	1815	1	1	97054	0	0	0	0	0	0	0	0	0	0	0	0	0	0	0	0	0	0	0	0	0	0	//일본_스타박스(10)						
//	1816	1	1	97055	0	0	0	0	0	0	0	0	0	0	0	0	0	0	0	0	0	0	0	0	0	0	//일본_스타박스(20)						
//	1817	1	1	97049	0	0	0	0	0	0	0	0	0	0	0	0	0	0	0	0	0	0	0	0	0	0	//중국검게뒤틀린매의솔리드암상자						
//	1818	1	1	97050	0	0	0	0	0	0	0	0	0	0	0	0	0	0	0	0	0	0	0	0	0	0	//중국검게뒤틀린맹공의솔리드암상자						
//	1819	1	1	97051	0	0	0	0	0	0	0	0	0	0	0	0	0	0	0	0	0	0	0	0	0	0	//중국검게뒤틀린결의의솔리드암상자						
//	1820	1	1	97052	0	0	0	0	0	0	0	0	0	0	0	0	0	0	0	0	0	0	0	0	0	0	//중국검게뒤틀린수호의솔리드암상자						
	1821	1	1	410	0	0	0	0	0	0	0	0	0	0	0	0	0	0	0	0	0	0	0	0	0	0	//상급_맹공의반지_1일상자						
	1822	1	1	411	0	0	0	0	0	0	0	0	0	0	0	0	0	0	0	0	0	0	0	0	0	0	//상급_분노의반지_1일상자						
	1823	1	1	412	0	0	0	0	0	0	0	0	0	0	0	0	0	0	0	0	0	0	0	0	0	0	//상급_수호의반지_1일상자						
	1824	1	1	413	0	0	0	0	0	0	0	0	0	0	0	0	0	0	0	0	0	0	0	0	0	0	//상급_폭풍의반지_1일상자						
	1825	1	1	414	0	0	0	0	0	0	0	0	0	0	0	0	0	0	0	0	0	0	0	0	0	0	//상급_맹공의반지_랜덤상자						
	1826	1	1	418	0	0	0	0	0	0	0	0	0	0	0	0	0	0	0	0	0	0	0	0	0	0	//몬스터사냥꾼_1일						
	1827	1	1	419	0	0	0	0	0	0	0	0	0	0	0	0	0	0	0	0	0	0	0	0	0	0	//해방군의의지_7일						
	1828	1	1	420	0	0	0	0	0	0	0	0	0	0	0	0	0	0	0	0	0	0	0	0	0	0	//명지휘관의지휘봉_7일						
	1829	1	1	421	0	0	0	0	0	0	0	0	0	0	0	0	0	0	0	0	0	0	0	0	0	0	//베테랑모험가_7일						
	1830	1	0	60392	30	0	0	0	0	0	0	0	0	0	0	0	0	0	0	0	0	0	0	0	0	0	//고급사료_30개						
	1831	1	0	65401	3	0	0	0	0	0	0	0	0	0	0	0	0	0	0	0	0	0	0	0	0	0	//여신의은혜_3개상자						
	1832	1	0	60393	3	0	0	0	0	0	0	0	0	0	0	0	0	0	0	0	0	0	0	0	0	0	//명인의키트_3개상자						
	1833	1	1	415	0	0	0	0	0	0	0	0	0	0	0	0	0	0	0	0	0	0	0	0	0	0	//상급_분노의반지_랜덤상자						
	1834	1	1	416	0	0	0	0	0	0	0	0	0	0	0	0	0	0	0	0	0	0	0	0	0	0	//상급_수호의반지_랜덤상자						
	1835	1	1	417	0	0	0	0	0	0	0	0	0	0	0	0	0	0	0	0	0	0	0	0	0	0	//상급_폭풍의반지_랜덤상자						
	1836	1	1	95110	0	0	0	0	0	0	0	0	0	0	0	0	0	0	0	0	0	0	0	0	0	0	//국내2014년7월프리미엄가챠상자						
	1837	8	0	51503	10000	0	51504	10000	0	51505	10000	0	51506	10000	0	51507	10000	0	51508	10000	0	51509	10000	0	51510	10000	//엘리트3방어구세트_0인챈_0소켓(B)						
	1838	8	0	51511	10000	0	51512	10000	0	51513	10000	0	51514	10000	0	51515	10000	0	51516	10000	0	51517	10000	0	51518	10000	//엘리트3방어구세트_0인챈_0소켓(D)						
	1839	8	0	51527	10000	0	51528	10000	0	51529	10000	0	51530	10000	0	51531	10000	0	51532	10000	0	51533	10000	0	51534	10000	//엘리트3방어구세트_0인챈_0소켓(V)						
	1840	8	0	51519	10000	0	51520	10000	0	51521	10000	0	51522	10000	0	51523	10000	0	51524	10000	0	51525	10000	0	51526	10000	//엘리트3방어구세트_0인챈_0소켓(E)						
	1841	8	0	51535	10000	0	51536	10000	0	51537	10000	0	51538	10000	0	51539	10000	0	51540	10000	0	51541	10000	0	51542	10000	//엘리트3방어구세트_0인챈_0소켓(S)						
	1842	8	0	51543	10000	0	51544	10000	0	51545	10000	0	51546	10000	0	51547	10000	0	51548	10000	0	51549	10000	0	51550	10000	//엘리트3방어구세트_0인챈_0소켓(M)						
	1843	8	0	51687	10000	0	51688	10000	0	51689	10000	0	51690	10000	0	51691	10000	0	51692	10000	0	51693	10000	0	51694	10000	//엘리트3방어구세트_0인챈_0소켓(H)						
//	1844	4	1	422	0	1	423	0	1	424	0	0	65521	15	0	0	0	0	0	0	0	0	0	0	0	0	//일본_프레젠트오브리버티						
	1845	8	0	52080	10300	0	52081	10300	0	52082	10300	0	52083	10300	0	52084	10300	0	52085	10300	0	52086	10300	0	52087	10300	//엘리트1방어구세트_일본_루키_3소켓(B)						
	1846	8	0	52088	10300	0	52089	10300	0	52090	10300	0	52091	10300	0	52092	10300	0	52093	10300	0	52094	10300	0	52095	10300	//엘리트1방어구세트_일본_루키_3소켓(D)						
	1847	8	0	52104	10300	0	52105	10300	0	52106	10300	0	52107	10300	0	52108	10300	0	52109	10300	0	52110	10300	0	52111	10300	//엘리트1방어구세트_일본_루키_3소켓(V)						
	1848	8	0	52096	10300	0	52097	10300	0	52098	10300	0	52099	10300	0	52100	10300	0	52101	10300	0	52102	10300	0	52103	10300	//엘리트1방어구세트_일본_루키_3소켓(E)						
	1849	8	0	52112	10300	0	52113	10300	0	52114	10300	0	52115	10300	0	52116	10300	0	52117	10300	0	52118	10300	0	52119	10300	//엘리트1방어구세트_일본_루키_3소켓(S)						
	1850	8	0	52120	10300	0	52121	10300	0	52122	10300	0	52123	10300	0	52124	10300	0	52125	10300	0	52126	10300	0	52127	10300	//엘리트1방어구세트_일본_루키_3소켓(M)						
	1851	8	0	52128	10300	0	52129	10300	0	52130	10300	0	52131	10300	0	52132	10300	0	52133	10300	0	52134	10300	0	52135	10300	//엘리트1방어구세트_일본_루키_3소켓(H)						
	1852	8	0	52136	10300	0	52137	10300	0	52138	10300	0	52139	10300	0	52140	10300	0	52141	10300	0	52142	10300	0	52143	10300	//엘리트1.5방어구세트_일본_복귀자_3소켓(B)						
	1853	8	0	52144	10300	0	52145	10300	0	52146	10300	0	52147	10300	0	52148	10300	0	52149	10300	0	52150	10300	0	52151	10300	//엘리트1.5방어구세트_일본_복귀자_3소켓(D)						
	1854	8	0	52160	10300	0	52161	10300	0	52162	10300	0	52163	10300	0	52164	10300	0	52165	10300	0	52166	10300	0	52167	10300	//엘리트1.5방어구세트_일본_복귀자_3소켓(V)						
	1855	8	0	52152	10300	0	52153	10300	0	52154	10300	0	52155	10300	0	52156	10300	0	52157	10300	0	52158	10300	0	52159	10300	//엘리트1.5방어구세트_일본_복귀자_3소켓(E)						
	1856	8	0	52168	10300	0	52169	10300	0	52170	10300	0	52171	10300	0	52172	10300	0	52173	10300	0	52174	10300	0	52175	10300	//엘리트1.5방어구세트_일본_복귀자_3소켓(S)						
	1857	8	0	52176	10300	0	52177	10300	0	52178	10300	0	52179	10300	0	52180	10300	0	52181	10300	0	52182	10300	0	52183	10300	//엘리트1.5방어구세트_일본_복귀자_3소켓(M)						
	1858	8	0	52184	10300	0	52185	10300	0	52186	10300	0	52187	10300	0	52188	10300	0	52189	10300	0	52190	10300	0	52191	10300	//엘리트1.5방어구세트_일본_복귀자_3소켓(H)						
	1859	1	1	69011	0	0	0	0	0	0	0	0	0	0	0	0	0	0	0	0	0	0	0	0	0	0	//몬트샤인공성전보상반지상자						
	1860	3	0	6067	40	0	6057	15	0	6068	18	0	0	0	0	0	0	0	0	0	0	0	0	0	0	0	//엘리트_무기재료상자(B)						
	1861	3	0	6067	40	0	6057	15	0	6069	18	0	0	0	0	0	0	0	0	0	0	0	0	0	0	0	//엘리트_무기재료상자(D)						
	1862	3	0	6067	40	0	6057	15	0	6071	18	0	0	0	0	0	0	0	0	0	0	0	0	0	0	0	//엘리트_무기재료상자(V)						
	1863	3	0	6067	40	0	6057	15	0	6072	18	0	0	0	0	0	0	0	0	0	0	0	0	0	0	0	//엘리트_무기재료상자(E)						
	1864	3	0	6067	40	0	6057	15	0	6070	18	0	0	0	0	0	0	0	0	0	0	0	0	0	0	0	//엘리트_무기재료상자(S)						
	1865	3	0	6067	40	0	6057	15	0	6073	18	0	0	0	0	0	0	0	0	0	0	0	0	0	0	0	//엘리트_무기재료상자(M)						
	1866	3	0	6067	40	0	6057	15	0	6076	18	0	0	0	0	0	0	0	0	0	0	0	0	0	0	0	//엘리트_무기재료상자(H)						
	1867	1	1	95114	0	0	0	0	0	0	0	0	0	0	0	0	0	0	0	0	0	0	0	0	0	0	//국내2014년7월프리미엄가챠상자						
	1868	1	1	3052	0	0	0	0	0	0	0	0	0	0	0	0	0	0	0	0	0	0	0	0	0	0	//엘리트2.5무기상자						
	1869	1	1	3053	0	0	0	0	0	0	0	0	0	0	0	0	0	0	0	0	0	0	0	0	0	0	//송편상자						
	1870	1	1	3057	0	0	0	0	0	0	0	0	0	0	0	0	0	0	0	0	0	0	0	0	0	0	//추석보름달상자						
	1871	1	1	3059	0	0	0	0	0	0	0	0	0	0	0	0	0	0	0	0	0	0	0	0	0	0	//추석초승달상자						
	1872	1	1	16512	0	0	0	0	0	0	0	0	0	0	0	0	0	0	0	0	0	0	0	0	0	0	//중국길드_금색날개_헬로이드_1일						
	1873	1	1	95117	0	0	0	0	0	0	0	0	0	0	0	0	0	0	0	0	0	0	0	0	0	0	//국내2014년9월프리미엄가챠상자						
	1874	3	0	921	20007	0	47405	1	0	47394	1	0	0	0	0	0	0	0	0	0	0	0	0	0	0	0	//위치블레이드_레벨업박스_10레벨						
	1875	3	0	922	20007	0	47406	1	0	47395	1	0	0	0	0	0	0	0	0	0	0	0	0	0	0	0	//위치블레이드_레벨업박스_20레벨						
	1876	3	0	923	20007	0	47407	1	0	47396	1	0	0	0	0	0	0	0	0	0	0	0	0	0	0	0	//위치블레이드_레벨업박스_30레벨						
	1877	6	0	924	20007	1	75	0	1	76	0	1	77	0	0	64837	5	0	47397	1	0	0	0	0	0	0	//위치블레이드_레벨업박스_40레벨						
	1878	3	0	925	20007	0	47408	1	0	47398	1	0	0	0	0	0	0	0	0	0	0	0	0	0	0	0	//위치블레이드_레벨업박스_50레벨						
	1879	6	0	926	20007	1	75	0	1	76	0	1	77	0	0	64837	5	0	47399	1	0	0	0	0	0	0	//위치블레이드_레벨업박스_60레벨						
	1880	3	0	927	20007	0	47409	1	0	47400	1	0	0	0	0	0	0	0	0	0	0	0	0	0	0	0	//위치블레이드_레벨업박스_70레벨						
	1881	6	0	928	20007	1	75	0	1	76	0	1	77	0	0	64837	10	0	47401	1	0	0	0	0	0	0	//위치블레이드_레벨업박스_80레벨						
	1882	3	0	929	20007	0	47410	1	1	75	0	0	0	0	0	0	0	0	0	0	0	0	0	0	0	0	//위치블레이드_레벨업박스_90레벨						
	1883	2	0	919	0	0	47392	1	0	0	0	0	0	0	0	0	0	0	0	0	0	0	0	0	0	0	//위치블레이드_레벨업박스_100레벨						
	1884	8	0	57137	20007	0	57147	20007	0	57157	20007	0	57167	20007	0	57177	20007	0	57187	20007	0	57197	20007	0	57207	20007	//맞춤설계된1등급디바인방어구상자_위치블레이드						
	1885	8	0	57138	20007	0	57148	20007	0	57158	20007	0	57168	20007	0	57178	20007	0	57188	20007	0	57198	20007	0	57208	20007	//맞춤설계된2등급디바인방어구상자_위치블레이드						
	1886	8	0	57139	20007	0	57149	20007	0	57159	20007	0	57169	20007	0	57179	20007	0	57189	20007	0	57199	20007	0	57209	20007	//맞춤설계된3등급디바인방어구상자_위치블레이드						
	1887	8	0	57140	20007	0	57150	20007	0	57160	20007	0	57170	20007	0	57180	20007	0	57190	20007	0	57200	20007	0	57210	20007	//맞춤설계된4등급디바인방어구상자_위치블레이드						
	1888	8	0	57141	20007	0	57151	20007	0	57161	20007	0	57171	20007	0	57181	20007	0	57191	20007	0	57201	20007	0	57211	20007	//맞춤설계된5등급디바인방어구상자_위치블레이드						
	1889	8	0	57142	20007	0	57152	20007	0	57162	20007	0	57172	20007	0	57182	20007	0	57192	20007	0	57202	20007	0	57212	20007	//맞춤설계된6등급디바인방어구상자_위치블레이드						
	1890	8	0	57143	20007	0	57153	20007	0	57163	20007	0	57173	20007	0	57183	20007	0	57193	20007	0	57203	20007	0	57213	20007	//맞춤설계된7등급디바인방어구상자_위치블레이드						
	1891	8	0	57144	20007	0	57154	20007	0	57164	20007	0	57174	20007	0	57184	20007	0	57194	20007	0	57204	20007	0	57214	20007	//맞춤설계된8등급디바인방어구상자_위치블레이드						
//	1892	8	0	57145	20007	0	57155	20007	0	57165	20007	0	57175	20007	0	57185	20007	0	57195	20007	0	57205	20007	0	57215	20007	//맞춤설계된9등급디바인방어구상자_위치블레이드						
//	1893	8	0	57146	20007	0	57156	20007	0	57166	20007	0	57176	20007	0	57186	20007	0	57196	20007	0	57206	20007	0	57216	20007	//맞춤설계된10등급디바인방어구상자_위치블레이드						
//	1894	8	0	46459	0	0	46460	0	0	46461	0	0	46462	0	0	46463	0	0	46464	0	0	46465	0	0	46466	0	//맞춤설계된미완의위치블레이드방어구상자_위치블레이드						
	1895	2	0	3965	1	0	3967	1	0	0	0	0	0	0	0	0	0	0	0	0	0	0	0	0	0	0	//일본혈투사.이스라필반지세트						
	1896	1	1	48310	0	0	0	0	0	0	0	0	0	0	0	0	0	0	0	0	0	0	0	0	0	0	//잔혹한 숲의 정복자 상자						
	1897	1	1	48311	0	0	0	0	0	0	0	0	0	0	0	0	0	0	0	0	0	0	0	0	0	0	//잔혹한 지하수로의 정복자 상자						
	1898	1	1	48312	0	0	0	0	0	0	0	0	0	0	0	0	0	0	0	0	0	0	0	0	0	0	//잔혹한 설원의 정복자 상자						
	1899	1	1	48313	0	0	0	0	0	0	0	0	0	0	0	0	0	0	0	0	0	0	0	0	0	0	//잔혹한 용족의 정복자 상자						
	1900	1	1	48314	0	0	0	0	0	0	0	0	0	0	0	0	0	0	0	0	0	0	0	0	0	0	//잔혹한 아이올트의 정복자 상자						
	1901	1	1	48315	0	0	0	0	0	0	0	0	0	0	0	0	0	0	0	0	0	0	0	0	0	0	//잔혹한 헬론의 정복자 상자						
	1902	8	0	57089	10005	0	57090	10005	0	57091	10005	0	57092	10005	0	57093	10005	0	57094	10005	0	57095	10005	0	57096	10005	//잔혹한숲의정복자세트_5인챈_랜덤소켓(w)						
	1903	8	0	57097	10005	0	57098	10005	0	57099	10005	0	57100	10005	0	57101	10005	0	57102	10005	0	57103	10005	0	57104	10005	//잔혹한지하수로의정복자세트_5인챈_랜덤소켓(w)						
	1904	8	0	57105	10007	0	57106	10007	0	57107	10007	0	57108	10007	0	57109	10007	0	57110	10007	0	57111	10007	0	57112	10007	//잔혹한설원의정복자세트_7인챈_랜덤소켓(w)						
	1905	8	0	57113	10010	0	57114	10010	0	57115	10010	0	57116	10010	0	57117	10010	0	57118	10010	0	57119	10010	0	57120	10010	//잔혹한용족의정복자세트_10인챈_랜덤소켓(w)						
	1906	8	0	57121	10010	0	57122	10010	0	57123	10010	0	57124	10010	0	57125	10010	0	57126	10010	0	57127	10010	0	57128	10010	//잔혹한묘지의정복자세트_10인챈_랜덤소켓(w)						
	1907	5	0	58935	50000	0	58936	50000	0	58937	50000	0	58938	50000	0	58939	50000	0	0	0	0	0	0	0	0	0	//국내_할로윈_미스틱스킨세트						
	1910	1	1	3088	0	0	0	0	0	0	0	0	0	0	0	0	0	0	0	0	0	0	0	0	0	0	//크리스마스나눔상자						
	1911	1	1	3089	0	0	0	0	0	0	0	0	0	0	0	0	0	0	0	0	0	0	0	0	0	0	//루돌프상자						
	1912	1	1	3090	0	0	0	0	0	0	0	0	0	0	0	0	0	0	0	0	0	0	0	0	0	0	//산타클로스상자						
	1913	7	0	45044	50000	0	45049	50000	0	45054	50000	0	45059	50000	0	45064	50000	0	50331	50000	0	50332	50000	0	0	0	//국내_할로윈_버서커스킨세트						
	1914	7	0	45045	50000	0	45050	50000	0	45055	50000	0	45060	50000	0	45065	50000	0	50333	50000	0	50334	50000	0	0	0	//국내_할로윈_드래곤스킨세트						
	1915	7	0	45046	50000	0	45051	50000	0	45056	50000	0	45061	50000	0	45066	50000	0	50335	50000	0	50336	50000	0	0	0	//국내_할로윈_섀도우스킨세트						
	1916	7	0	45047	50000	0	45052	50000	0	45057	50000	0	45062	50000	0	45067	50000	0	50337	50000	0	50338	50000	0	0	0	//국내_할로윈_발키리이벤트스킨세트						
	1917	7	0	45048	50000	0	45053	50000	0	45058	50000	0	45063	50000	0	45068	50000	0	50339	50000	0	50340	50000	0	0	0	//국내_할로윈_엘리이벤트스킨세트						
	1918	7	0	58939	50000	0	58935	50000	0	58938	50000	0	58936	50000	0	58937	50000	0	50527	50000	0	50528	50000	0	0	0	//국내_할로윈_미스틱이벤트스킨세트						
	1919	1	1	3062	0	0	0	0	0	0	0	0	0	0	0	0	0	0	0	0	0	0	0	0	0	0	//국내_할로윈_하얀비명상자						
	1920	1	1	3063	0	0	0	0	0	0	0	0	0	0	0	0	0	0	0	0	0	0	0	0	0	0	//국내_할로윈_파란비명상자						
	1921	1	1	3064	0	0	0	0	0	0	0	0	0	0	0	0	0	0	0	0	0	0	0	0	0	0	//국내_할로윈_붉은비명상자						
	1922	1	1	95130	0	0	0	0	0	0	0	0	0	0	0	0	0	0	0	0	0	0	0	0	0	0	//국내2014년10월프리미엄가챠상자						
	1923	1	0	50329	50000	0	0	0	0	0	0	0	0	0	0	0	0	0	0	0	0	0	0	0	0	0	//추락한에리니스스킨상자						
	1924	5	0	57065	50000	0	57067	50000	0	57068	50000	0	57069	50000	0	57070	50000	0	0	0	0	0	0	0	0	0	//나히드 스킨 상자 (W)						
	1925	8	0	921	20007	0	4121	20	0	4003	20	0	49129	100	0	3400	1	0	47394	1	0	0	0	0	0	0	//위치블레이드_부트캠프레벨업박스_10레벨						
	1926	8	0	922	20007	0	9223	1	0	4121	30	0	49129	100	0	4184	10	0	63166	1	0	47395	1	0	0	0	//위치블레이드_부트캠프레벨업박스_20레벨						
	1927	8	0	923	20007	0	9224	1	0	4121	30	0	4003	30	0	49129	100	0	65306	50	0	47396	1	0	0	0	//위치블레이드_부트캠프레벨업박스_30레벨						
	1928	8	0	924	20007	0	4977	5	0	4121	30	0	4003	30	0	4185	5	0	49129	100	0	47397	1	0	0	0	//위치블레이드_부트캠프레벨업박스_40레벨						
	1929	7	0	925	20007	0	9225	1	0	4122	30	0	49023	30	0	4185	5	0	47398	1	0	0	0	0	0	0	//위치블레이드_부트캠프레벨업박스_50레벨						
	1930	8	0	926	20007	0	4977	3	0	4978	3	0	4122	50	0	4185	5	0	3614	1	0	47399	1	0	0	0	//위치블레이드_부트캠프레벨업박스_60레벨						
	1931	8	0	927	20007	0	9226	1	0	4122	50	0	49023	50	0	4186	5	0	3615	1	0	47400	1	0	0	0	//위치블레이드_부트캠프레벨업박스_70레벨						
	1932	8	0	928	20007	0	4133	50	0	49024	50	0	4186	5	0	4978	3	0	3616	1	0	47401	1	0	0	0	//위치블레이드_부트캠프레벨업박스_80레벨						
	1933	8	0	929	20007	0	3863	1	0	4133	50	0	49024	50	0	4186	5	0	9227	1	0	47402	1	0	0	0	//위치블레이드_부트캠프레벨업박스_90레벨						
	1934	6	0	930	20007	0	4133	50	0	4979	3	0	4187	5	0	0	0	0	0	0	0	0	0	0	0	0	//위치블레이드_부트캠프레벨업박스_100레벨						
	1935	2	0	55602	1	0	55603	1	0	0	0	0	0	0	0	0	0	0	0	0	0	0	0	0	0	0	//타락한 사원 기본보상 상자						
	1936	1	0	3450	1	0	0	0	0	0	0	0	0	0	0	0	0	0	0	0	0	0	0	0	0	0	//중국출석상인_포포리코펫						
	1937	4	0	3412	1	0	3413	1	0	3414	1	0	3415	1	0	0	0	0	0	0	0	0	0	0	0	0	//마녀의큰발표범상자_마녀의큰발표범&로슈엘파츠						
	1938	1	1	95134	0	0	0	0	0	0	0	0	0	0	0	0	0	0	0	0	0	0	0	0	0	0	//국내2014년11월프리미엄가챠상자						
	1939	8	0	57009	10512	0	57010	10512	0	57011	10512	0	57012	10512	0	57013	10512	0	57014	10512	0	57015	10512	0	57016	10512	//엘리트1방어구세트_12인챈_5소켓(W)						
	1940	8	0	57009	10412	0	57010	10412	0	57011	10412	0	57012	10412	0	57013	10412	0	57014	10412	0	57015	10412	0	57016	10412	//엘리트1방어구세트_12인챈_4소켓(W)						
	1941	8	0	57009	10312	0	57010	10312	0	57011	10312	0	57012	10312	0	57013	10312	0	57014	10312	0	57015	10312	0	57016	10312	//엘리트1방어구세트_12인챈_3소켓(W)						
	1942	8	0	57009	10510	0	57010	10510	0	57011	10510	0	57012	10510	0	57013	10510	0	57014	10510	0	57015	10510	0	57016	10510	//엘리트1방어구세트_10인챈_5소켓(W)						
	1943	8	0	57009	10410	0	57010	10410	0	57011	10410	0	57012	10410	0	57013	10410	0	57014	10410	0	57015	10410	0	57016	10410	//엘리트1방어구세트_10인챈_4소켓(W)						
	1944	8	0	57009	10310	0	57010	10310	0	57011	10310	0	57012	10310	0	57013	10310	0	57014	10310	0	57015	10310	0	57016	10310	//엘리트1방어구세트_10인챈_3소켓(W)						
	1945	8	0	57009	10507	0	57010	10507	0	57011	10507	0	57012	10507	0	57013	10507	0	57014	10507	0	57015	10507	0	57016	10507	//엘리트1방어구세트_7인챈_5소켓(W)						
	1946	8	0	57009	10407	0	57010	10407	0	57011	10407	0	57012	10407	0	57013	10407	0	57014	10407	0	57015	10407	0	57016	10407	//엘리트1방어구세트_7인챈_4소켓(W)						
	1947	8	0	57009	10307	0	57010	10307	0	57011	10307	0	57012	10307	0	57013	10307	0	57014	10307	0	57015	10307	0	57016	10307	//엘리트1방어구세트_7인챈_3소켓(W)						
	1948	8	0	57009	10500	0	57010	10500	0	57011	10500	0	57012	10500	0	57013	10500	0	57014	10500	0	57015	10500	0	57016	10500	//엘리트1방어구세트_0인챈_5소켓(W)						
	1949	8	0	57009	10400	0	57010	10400	0	57011	10400	0	57012	10400	0	57013	10400	0	57014	10400	0	57015	10400	0	57016	10400	//엘리트1방어구세트_0인챈_4소켓(W)						
	1950	8	0	57009	10300	0	57010	10300	0	57011	10300	0	57012	10300	0	57013	10300	0	57014	10300	0	57015	10300	0	57016	10300	//엘리트1방어구세트_0인챈_3소켓(W)						
	1951	8	0	57017	10512	0	57018	10512	0	57019	10512	0	57020	10512	0	57021	10512	0	57022	10512	0	57023	10512	0	57024	10512	//엘리트1.5방어구세트_12인챈_5소켓(W)						
	1952	8	0	57017	10412	0	57018	10412	0	57019	10412	0	57020	10412	0	57021	10412	0	57022	10412	0	57023	10412	0	57024	10412	//엘리트1.5방어구세트_12인챈_4소켓(W)						
	1953	8	0	57017	10312	0	57018	10312	0	57019	10312	0	57020	10312	0	57021	10312	0	57022	10312	0	57023	10312	0	57024	10312	//엘리트1.5방어구세트_12인챈_3소켓(W)						
	1954	8	0	57017	10510	0	57018	10510	0	57019	10510	0	57020	10510	0	57021	10510	0	57022	10510	0	57023	10510	0	57024	10510	//엘리트1.5방어구세트_10인챈_5소켓(W)						
	1955	8	0	57017	10410	0	57018	10410	0	57019	10410	0	57020	10410	0	57021	10410	0	57022	10410	0	57023	10410	0	57024	10410	//엘리트1.5방어구세트_10인챈_4소켓(W)						
	1956	8	0	57017	10310	0	57018	10310	0	57019	10310	0	57020	10310	0	57021	10310	0	57022	10310	0	57023	10310	0	57024	10310	//엘리트1.5방어구세트_10인챈_3소켓(W)						
	1957	8	0	57017	10507	0	57018	10507	0	57019	10507	0	57020	10507	0	57021	10507	0	57022	10507	0	57023	10507	0	57024	10507	//엘리트1.5방어구세트_7인챈_5소켓(W)						
	1958	8	0	57017	10407	0	57018	10407	0	57019	10407	0	57020	10407	0	57021	10407	0	57022	10407	0	57023	10407	0	57024	10407	//엘리트1.5방어구세트_7인챈_4소켓(W)						
	1959	8	0	57017	10307	0	57018	10307	0	57019	10307	0	57020	10307	0	57021	10307	0	57022	10307	0	57023	10307	0	57024	10307	//엘리트1.5방어구세트_7인챈_3소켓(W)						
	1960	8	0	57017	10500	0	57018	10500	0	57019	10500	0	57020	10500	0	57021	10500	0	57022	10500	0	57023	10500	0	57024	10500	//엘리트1.5방어구세트_0인챈_5소켓(W)						
	1961	8	0	57017	10400	0	57018	10400	0	57019	10400	0	57020	10400	0	57021	10400	0	57022	10400	0	57023	10400	0	57024	10400	//엘리트1.5방어구세트_0인챈_4소켓(W)						
	1962	8	0	57017	10300	0	57018	10300	0	57019	10300	0	57020	10300	0	57021	10300	0	57022	10300	0	57023	10300	0	57024	10300	//엘리트1.5방어구세트_0인챈_3소켓(W)						
	1963	8	0	57025	10512	0	57026	10512	0	57027	10512	0	57028	10512	0	57029	10512	0	57030	10512	0	57031	10512	0	57032	10512	//엘리트2방어구세트_12인챈_5소켓(W)						
	1964	8	0	57025	10412	0	57026	10412	0	57027	10412	0	57028	10412	0	57029	10412	0	57030	10412	0	57031	10412	0	57032	10412	//엘리트2방어구세트_12인챈_4소켓(W)						
	1965	8	0	57025	10312	0	57026	10312	0	57027	10312	0	57028	10312	0	57029	10312	0	57030	10312	0	57031	10312	0	57032	10312	//엘리트2방어구세트_12인챈_3소켓(W)						
	1966	8	0	57025	10510	0	57026	10510	0	57027	10510	0	57028	10510	0	57029	10510	0	57030	10510	0	57031	10510	0	57032	10510	//엘리트2방어구세트_10인챈_5소켓(W)						
	1967	8	0	57025	10410	0	57026	10410	0	57027	10410	0	57028	10410	0	57029	10410	0	57030	10410	0	57031	10410	0	57032	10410	//엘리트2방어구세트_10인챈_4소켓(W)						
	1968	8	0	57025	10310	0	57026	10310	0	57027	10310	0	57028	10310	0	57029	10310	0	57030	10310	0	57031	10310	0	57032	10310	//엘리트2방어구세트_10인챈_3소켓(W)						
	1969	8	0	57025	10507	0	57026	10507	0	57027	10507	0	57028	10507	0	57029	10507	0	57030	10507	0	57031	10507	0	57032	10507	//엘리트2방어구세트_7인챈_5소켓(W)						
	1970	8	0	57025	10407	0	57026	10407	0	57027	10407	0	57028	10407	0	57029	10407	0	57030	10407	0	57031	10407	0	57032	10407	//엘리트2방어구세트_7인챈_4소켓(W)						
	1971	8	0	57025	10307	0	57026	10307	0	57027	10307	0	57028	10307	0	57029	10307	0	57030	10307	0	57031	10307	0	57032	10307	//엘리트2방어구세트_7인챈_3소켓(W)						
	1972	8	0	57025	10500	0	57026	10500	0	57027	10500	0	57028	10500	0	57029	10500	0	57030	10500	0	57031	10500	0	57032	10500	//엘리트2방어구세트_0인챈_5소켓(W)						
	1973	8	0	57025	10400	0	57026	10400	0	57027	10400	0	57028	10400	0	57029	10400	0	57030	10400	0	57031	10400	0	57032	10400	//엘리트2방어구세트_0인챈_4소켓(W)						
	1974	8	0	57025	10300	0	57026	10300	0	57027	10300	0	57028	10300	0	57029	10300	0	57030	10300	0	57031	10300	0	57032	10300	//엘리트2방어구세트_0인챈_3소켓(W)						
	1975	3	0	6060	30	0	6057	10	0	6094	15	0	0	0	0	0	0	0	0	0	0	0	0	0	0	0	//최상급엘리트2무기재료킷(W)_30_10_15						
	1976	3	0	6060	20	0	6057	6	0	6094	10	0	0	0	0	0	0	0	0	0	0	0	0	0	0	0	//상급엘리트2무기재료킷(W)_20_6_10						
	1977	3	0	6060	15	0	6057	3	0	6094	5	0	0	0	0	0	0	0	0	0	0	0	0	0	0	0	//중급엘리트2무기재료킷(W)_15_3_2						
	1978	3	0	6060	2	0	6057	1	0	6094	1	0	0	0	0	0	0	0	0	0	0	0	0	0	0	0	//하급엘리트2무기재료킷(W)_2_1_1						
	1979	3	0	6056	80	0	6057	8	0	6094	15	0	0	0	0	0	0	0	0	0	0	0	0	0	0	0	//최상급엘리트2방어구재료킷(W)_80_8_15						
	1980	3	0	6056	60	0	6057	6	0	6094	10	0	0	0	0	0	0	0	0	0	0	0	0	0	0	0	//상급엘리트2방어구재료킷(W)_60_6_10						
	1981	3	0	6056	30	0	6057	2	0	6094	5	0	0	0	0	0	0	0	0	0	0	0	0	0	0	0	//중급엘리트2방어구재료킷(W)_30_2_5						
	1982	3	0	6056	5	0	6057	1	0	6094	1	0	0	0	0	0	0	0	0	0	0	0	0	0	0	0	//하급엘리트2방어구재료킷(W)_5_1_1						
	1983	8	0	57009	10012	0	57010	10012	0	57011	10012	0	57012	10012	0	57013	10012	0	57014	10012	0	57015	10012	0	57016	10012	//엘리트1방어구세트_12인챈_0소켓(W)						
	1984	8	0	57009	10010	0	57010	10010	0	57011	10010	0	57012	10010	0	57013	10010	0	57014	10010	0	57015	10010	0	57016	10010	//엘리트1방어구세트_10인챈_0소켓(W)						
	1985	8	0	57009	10007	0	57010	10007	0	57011	10007	0	57012	10007	0	57013	10007	0	57014	10007	0	57015	10007	0	57016	10007	//엘리트1방어구세트_7인챈_0소켓(W)						
	1986	8	0	57009	10000	0	57010	10000	0	57011	10000	0	57012	10000	0	57013	10000	0	57014	10000	0	57015	10000	0	57016	10000	//엘리트1방어구세트_0인챈_0소켓(W)						
	1987	8	0	57017	10012	0	57018	10012	0	57019	10012	0	57020	10012	0	57021	10012	0	57022	10012	0	57023	10012	0	57024	10012	//엘리트1.5방어구세트_12인챈_0소켓(W)						
	1988	8	0	57017	10010	0	57018	10010	0	57019	10010	0	57020	10010	0	57021	10010	0	57022	10010	0	57023	10010	0	57024	10010	//엘리트1.5방어구세트_10인챈_0소켓(W)						
	1989	8	0	57017	10007	0	57018	10007	0	57019	10007	0	57020	10007	0	57021	10007	0	57022	10007	0	57023	10007	0	57024	10007	//엘리트1.5방어구세트_7인챈_0소켓(W)						
	1990	8	0	57017	10000	0	57018	10000	0	57019	10000	0	57020	10000	0	57021	10000	0	57022	10000	0	57023	10000	0	57024	10000	//엘리트1.5방어구세트_0인챈_0소켓(W)						
	1991	8	0	57025	10012	0	57026	10012	0	57027	10012	0	57028	10012	0	57029	10012	0	57030	10012	0	57031	10012	0	57032	10012	//엘리트2방어구세트_12인챈_0소켓(W)						
	1992	8	0	57025	10010	0	57026	10010	0	57027	10010	0	57028	10010	0	57029	10010	0	57030	10010	0	57031	10010	0	57032	10010	//엘리트2방어구세트_10인챈_0소켓(W)						
	1993	8	0	57025	10007	0	57026	10007	0	57027	10007	0	57028	10007	0	57029	10007	0	57030	10007	0	57031	10007	0	57032	10007	//엘리트2방어구세트_7인챈_0소켓(W)						
	1994	8	0	57025	10000	0	57026	10000	0	57027	10000	0	57028	10000	0	57029	10000	0	57030	10000	0	57031	10000	0	57032	10000	//엘리트2방어구세트_0인챈_0소켓(W)						
	1995	3	0	6067	30	0	49652	10	0	6095	15	0	0	0	0	0	0	0	0	0	0	0	0	0	0	0	//최상급엘리트3무기재료킷(W)_30_10_15						
	1996	3	0	6067	20	0	49652	6	0	6095	10	0	0	0	0	0	0	0	0	0	0	0	0	0	0	0	//상급엘리트3무기재료킷(W)_20_6_10						
	1997	3	0	6067	15	0	49652	3	0	6095	5	0	0	0	0	0	0	0	0	0	0	0	0	0	0	0	//중급엘리트3무기재료킷(W)_15_3_2						
	1998	3	0	6067	2	0	49652	1	0	6095	1	0	0	0	0	0	0	0	0	0	0	0	0	0	0	0	//하급엘리트3무기재료킷(W)_2_1_1						
	1999	3	0	6066	80	0	49652	8	0	6095	15	0	0	0	0	0	0	0	0	0	0	0	0	0	0	0	//최상급엘리트3방어구재료킷(W)_80_8_15						
	2000	3	0	6066	60	0	49652	6	0	6095	10	0	0	0	0	0	0	0	0	0	0	0	0	0	0	0	//상급엘리트3방어구재료킷(W)_60_6_10						
	2001	3	0	6066	30	0	49652	2	0	6095	5	0	0	0	0	0	0	0	0	0	0	0	0	0	0	0	//중급엘리트3방어구재료킷(W)_30_2_5						
	2002	3	0	6066	5	0	49652	1	0	6095	1	0	0	0	0	0	0	0	0	0	0	0	0	0	0	0	//하급엘리트3방어구재료킷(W)_5_1_1						
	2003	8	0	57033	10512	0	57034	10512	0	57035	10512	0	57036	10512	0	57037	10512	0	57038	10512	0	57039	10512	0	57040	10512	//엘리트2.5방어구세트_12인챈_5소켓(W)						
	2004	8	0	57033	10412	0	57034	10412	0	57035	10412	0	57036	10412	0	57037	10412	0	57038	10412	0	57039	10412	0	57040	10412	//엘리트2.5방어구세트_12인챈_4소켓(W)						
	2005	8	0	57033	10312	0	57034	10312	0	57035	10312	0	57036	10312	0	57037	10312	0	57038	10312	0	57039	10312	0	57040	10312	//엘리트2.5방어구세트_12인챈_3소켓(W)						
	2006	8	0	57033	10507	0	57034	10507	0	57035	10507	0	57036	10507	0	57037	10507	0	57038	10507	0	57039	10507	0	57040	10507	//엘리트2.5방어구세트_7인챈_5소켓(W)						
	2007	8	0	57033	10407	0	57034	10407	0	57035	10407	0	57036	10407	0	57037	10407	0	57038	10407	0	57039	10407	0	57040	10407	//엘리트2.5방어구세트_7인챈_4소켓(W)						
	2008	8	0	57033	10307	0	57034	10307	0	57035	10307	0	57036	10307	0	57037	10307	0	57038	10307	0	57039	10307	0	57040	10307	//엘리트2.5방어구세트_7인챈_3소켓(W)						
	2009	8	0	57033	10500	0	57034	10500	0	57035	10500	0	57036	10500	0	57037	10500	0	57038	10500	0	57039	10500	0	57040	10500	//엘리트2.5방어구세트_0인챈_5소켓(W)						
	2010	8	0	57033	10400	0	57034	10400	0	57035	10400	0	57036	10400	0	57037	10400	0	57038	10400	0	57039	10400	0	57040	10400	//엘리트2.5방어구세트_0인챈_4소켓(W)						
	2011	8	0	57033	10300	0	57034	10300	0	57035	10300	0	57036	10300	0	57037	10300	0	57038	10300	0	57039	10300	0	57040	10300	//엘리트2.5방어구세트_0인챈_3소켓(W)						
	2012	8	0	57041	10000	0	57042	10000	0	57043	10000	0	57044	10000	0	57045	10000	0	57046	10000	0	57047	10000	0	57048	10000	//엘리트3방어구세트_0인챈_0소켓(W)						
	2013	3	0	6067	40	0	6057	15	0	6095	18	0	0	0	0	0	0	0	0	0	0	0	0	0	0	0	//엘리트_무기재료상자(W)						
	2014	1	1	95146	0	0	0	0	0	0	0	0	0	0	0	0	0	0	0	0	0	0	0	0	0	0	//국내2014년12월프리미엄가챠상자						
	2015	8	0	52192	10300	0	52193	10300	0	52194	10300	0	52195	10300	0	52196	10300	0	52197	10300	0	52198	10300	0	52199	10300	//엘리트1방어구세트_일본_루키_3소켓(W)						
	2016	8	1	95533	0	1	95533	0	0	4979	1	0	49150	1	0	49165	2	0	49025	255	0	4133	255	0	4199	255	//일본_1201_복귀자상자_위치블레이드						
//	2017	1	1	97064	0	0	0	0	0	0	0	0	0	0	0	0	0	0	0	0	0	0	0	0	0	0	//일본럭셔리티켓(1000엔)_위치블레이드						
//	2018	1	1	97066	0	0	0	0	0	0	0	0	0	0	0	0	0	0	0	0	0	0	0	0	0	0	//일본럭셔리티켓프티(500엔)_위치블레이드						
//	2019	1	1	97068	0	0	0	0	0	0	0	0	0	0	0	0	0	0	0	0	0	0	0	0	0	0	//일본럭셔리티켓미디(특별)_위치블레이드						
	2020	8	0	64090	1	0	64090	1	0	64090	1	0	64090	1	0	64090	1	0	64090	1	0	64090	1	0	64090	1	//럭셔리티켓BOX(W)_8매						
	2021	3	0	56502	1	0	64090	1	0	64090	1	0	0	0	0	0	0	0	0	0	0	0	0	0	0	0	//럭셔리티켓BOX(W)_10매						
	2022	5	0	56502	1	0	64090	1	0	64090	1	0	64090	1	0	64090	1	0	0	0	0	0	0	0	0	0	//럭셔리티켓BOX(W)_12매						
	2023	5	0	63035	1	0	63035	1	0	63035	1	0	63035	1	0	63035	1	0	0	0	0	0	0	0	0	0	//럭셔리티켓BOX(B)_5매						
	2024	5	0	63036	1	0	63036	1	0	63036	1	0	63036	1	0	63036	1	0	0	0	0	0	0	0	0	0	//럭셔리티켓BOX(D)_5매						
	2025	5	0	63037	1	0	63037	1	0	63037	1	0	63037	1	0	63037	1	0	0	0	0	0	0	0	0	0	//럭셔리티켓BOX(V)_5매						
	2026	5	0	63038	1	0	63038	1	0	63038	1	0	63038	1	0	63038	1	0	0	0	0	0	0	0	0	0	//럭셔리티켓BOX(E)_5매						
	2027	5	0	63053	1	0	63053	1	0	63053	1	0	63053	1	0	63053	1	0	0	0	0	0	0	0	0	0	//럭셔리티켓BOX(S)_5매						
	2028	5	0	63376	1	0	63376	1	0	63376	1	0	63376	1	0	63376	1	0	0	0	0	0	0	0	0	0	//럭셔리티켓BOX(M)_5매						
	2029	5	0	63478	1	0	63478	1	0	63478	1	0	63478	1	0	63478	1	0	0	0	0	0	0	0	0	0	//럭셔리티켓BOX(H)_5매						
	2030	5	0	64090	1	0	64090	1	0	64090	1	0	64090	1	0	64090	1	0	0	0	0	0	0	0	0	0	//럭셔리티켓BOX(W)_5매						
	2031	7	0	63035	1	0	63035	1	0	63035	1	0	63035	1	0	63035	1	0	63035	1	0	63035	1	0	0	0	//럭셔리티켓BOX(B)_7매						
	2032	7	0	63036	1	0	63036	1	0	63036	1	0	63036	1	0	63036	1	0	63036	1	0	63036	1	0	0	0	//럭셔리티켓BOX(D)_7매						
	2033	7	0	63037	1	0	63037	1	0	63037	1	0	63037	1	0	63037	1	0	63037	1	0	63037	1	0	0	0	//럭셔리티켓BOX(V)_7매						
	2034	7	0	63038	1	0	63038	1	0	63038	1	0	63038	1	0	63038	1	0	63038	1	0	63038	1	0	0	0	//럭셔리티켓BOX(E)_7매						
	2035	7	0	63053	1	0	63053	1	0	63053	1	0	63053	1	0	63053	1	0	63053	1	0	63053	1	0	0	0	//럭셔리티켓BOX(S)_7매						
	2036	7	0	63376	1	0	63376	1	0	63376	1	0	63376	1	0	63376	1	0	63376	1	0	63376	1	0	0	0	//럭셔리티켓BOX(M)_7매						
	2037	7	0	63478	1	0	63478	1	0	63478	1	0	63478	1	0	63478	1	0	63478	1	0	63478	1	0	0	0	//럭셔리티켓BOX(H)_7매						
	2038	7	0	64090	1	0	64090	1	0	64090	1	0	64090	1	0	64090	1	0	64090	1	0	64090	1	0	0	0	//럭셔리티켓BOX(W)_7매						
	2039	1	1	12316	0	0	0	0	0	0	0	0	0	0	0	0	0	0	0	0	0	0	0	0	0	0	//상급합성쟈드상자						
	2040	1	1	12317	0	0	0	0	0	0	0	0	0	0	0	0	0	0	0	0	0	0	0	0	0	0	//최상급합성쟈드상자						
	2041	8	0	51815	10308	0	51816	10308	0	51817	10308	0	51818	10308	0	51819	10308	0	51820	10308	0	51821	10308	0	51822	10308	//일본_복권_얼티메이트8인챈_3소켓세트(위치블레이드)						
	2042	8	0	51815	10307	0	51816	10307	0	51817	10307	0	51818	10307	0	51819	10307	0	51820	10307	0	51821	10307	0	51822	10307	//일본_복권_얼티메이트7인챈_3소켓세트(위치블레이드)						
	2043	8	0	51815	10306	0	51816	10306	0	51817	10306	0	51818	10306	0	51819	10306	0	51820	10306	0	51821	10306	0	51822	10306	//일본_복권_얼티메이트6인챈_3소켓세트(위치블레이드)						
	2044	8	0	51815	10408	0	51816	10408	0	51817	10408	0	51818	10408	0	51819	10408	0	51820	10408	0	51821	10408	0	51822	10408	//일본_복권_얼티메이트8인챈_4소켓세트(위치블레이드)						
	2045	8	0	51815	10407	0	51816	10407	0	51817	10407	0	51818	10407	0	51819	10407	0	51820	10407	0	51821	10407	0	51822	10407	//일본_복권_얼티메이트7인챈_4소켓세트(위치블레이드)						
	2046	8	0	51815	10406	0	51816	10406	0	51817	10406	0	51818	10406	0	51819	10406	0	51820	10406	0	51821	10406	0	51822	10406	//일본_복권_얼티메이트6인챈_4소켓세트(위치블레이드)						
	2047	8	0	51815	10508	0	51816	10508	0	51817	10508	0	51818	10508	0	51819	10508	0	51820	10508	0	51821	10508	0	51822	10508	//일본_복권_얼티메이트8인챈_5소켓세트(위치블레이드)						
	2048	8	0	51815	10507	0	51816	10507	0	51817	10507	0	51818	10507	0	51819	10507	0	51820	10507	0	51821	10507	0	51822	10507	//일본_복권_얼티메이트7인챈_5소켓세트(위치블레이드)						
	2049	8	0	51815	10506	0	51816	10506	0	51817	10506	0	51818	10506	0	51819	10506	0	51820	10506	0	51821	10506	0	51822	10506	//일본_복권_얼티메이트6인챈_5소켓세트(위치블레이드)						
	2050	8	0	51503	10300	0	51504	10300	0	51505	10300	0	51506	10300	0	51507	10300	0	51508	10300	0	51509	10300	0	51510	10300	//엘리트3방어구세트_0인챈_3소켓(B)						
	2051	8	0	51511	10300	0	51512	10300	0	51513	10300	0	51514	10300	0	51515	10300	0	51516	10300	0	51517	10300	0	51518	10300	//엘리트3방어구세트_0인챈_3소켓(D)						
	2052	8	0	51527	10300	0	51528	10300	0	51529	10300	0	51530	10300	0	51531	10300	0	51532	10300	0	51533	10300	0	51534	10300	//엘리트3방어구세트_0인챈_3소켓(V)						
	2053	8	0	51519	10300	0	51520	10300	0	51521	10300	0	51522	10300	0	51523	10300	0	51524	10300	0	51525	10300	0	51526	10300	//엘리트3방어구세트_0인챈_3소켓(E)						
	2054	8	0	51535	10300	0	51536	10300	0	51537	10300	0	51538	10300	0	51539	10300	0	51540	10300	0	51541	10300	0	51542	10300	//엘리트3방어구세트_0인챈_3소켓(S)						
	2055	8	0	51543	10300	0	51544	10300	0	51545	10300	0	51546	10300	0	51547	10300	0	51548	10300	0	51549	10300	0	51550	10300	//엘리트3방어구세트_0인챈_3소켓(M)						
	2056	8	0	51687	10300	0	51688	10300	0	51689	10300	0	51690	10300	0	51691	10300	0	51692	10300	0	51693	10300	0	51694	10300	//엘리트3방어구세트_0인챈_3소켓(H)						
	2057	8	0	57041	10300	0	57042	10300	0	57043	10300	0	57044	10300	0	57045	10300	0	57046	10300	0	57047	10300	0	57048	10300	//엘리트3방어구세트_0인챈_3소켓(W)						
	2058	1	1	95150	0	0	0	0	0	0	0	0	0	0	0	0	0	0	0	0	0	0	0	0	0	0	//국내2015년1월프리미엄가챠상자						
	2059	1	1	95158	0	0	0	0	0	0	0	0	0	0	0	0	0	0	0	0	0	0	0	0	0	0	//국내2015년2월프리미엄가챠상자						
	2060	1	1	97053	0	0	0	0	0	0	0	0	0	0	0	0	0	0	0	0	0	0	0	0	0	0	//중국검게뒤틀린매의프로스트네일상자						
	2061	1	1	97054	0	0	0	0	0	0	0	0	0	0	0	0	0	0	0	0	0	0	0	0	0	0	//중국검게뒤틀린맹공의프로스트네일상자						
	2062	1	1	97055	0	0	0	0	0	0	0	0	0	0	0	0	0	0	0	0	0	0	0	0	0	0	//중국검게뒤틀린결의의프로스트네일상자						
	2063	1	1	97056	0	0	0	0	0	0	0	0	0	0	0	0	0	0	0	0	0	0	0	0	0	0	//중국검게뒤틀린수호의프로스트네일상자						
	2064	1	0	4051	5	0	4055	5	0	4059	5	0	4063	5	0	4067	5	0	0	0	0	0	0	0	0	0	//2레벨일반물약상자						
	2065	1	0	4052	5	0	4056	5	0	4060	5	0	4064	5	0	4068	5	0	0	0	0	0	0	0	0	0	//3레벨일반물약상자						
	2066	1	0	4053	5	0	4057	5	0	4061	5	0	4065	5	0	4069	5	0	0	0	0	0	0	0	0	0	//4레벨일반물약상자						
	2067	1	0	4054	5	0	4058	5	0	4062	5	0	4066	5	0	4070	5	0	0	0	0	0	0	0	0	0	//5레벨일반물약상자						
	2068	1	0	60401	2	0	60402	2	0	60403	2	0	60404	2	0	0	0	0	0	0	0	0	0	0	0	0	//기세물약상자						
	2069	1	0	60406	2	0	60407	2	0	60408	2	0	60409	2	0	0	0	0	0	0	0	0	0	0	0	0	//정기물약상자						
	2070	1	0	60411	2	0	60412	2	0	60413	2	0	60414	2	0	0	0	0	0	0	0	0	0	0	0	0	//혼물약상자						
	2071	1	1	17052	0	0	0	0	0	0	0	0	0	0	0	0	0	0	0	0	0	0	0	0	0	0	//조화와균형의반지_상자(랜덤)						
	2072	1	1	95161	0	0	0	0	0	0	0	0	0	0	0	0	0	0	0	0	0	0	0	0	0	0	//국내2015년3월프리미엄가챠상자						
	2073	1	1	3103	0	0	0	0	0	0	0	0	0	0	0	0	0	0	0	0	0	0	0	0	0	0	//일반탕이용권_6시간						
	2074	1	1	3104	0	0	0	0	0	0	0	0	0	0	0	0	0	0	0	0	0	0	0	0	0	0	//일반탕이용권_12시간						
	2075	1	1	3105	0	0	0	0	0	0	0	0	0	0	0	0	0	0	0	0	0	0	0	0	0	0	//일반탕이용권_24시간						
	2076	1	1	3106	0	0	0	0	0	0	0	0	0	0	0	0	0	0	0	0	0	0	0	0	0	0	//일반탕이용권_48시간						
	2077	1	1	3107	0	0	0	0	0	0	0	0	0	0	0	0	0	0	0	0	0	0	0	0	0	0	//일반탕이용권_96시간						
	2078	1	1	3108	0	0	0	0	0	0	0	0	0	0	0	0	0	0	0	0	0	0	0	0	0	0	//훈제달걀_6시간						
	2079	1	1	3109	0	0	0	0	0	0	0	0	0	0	0	0	0	0	0	0	0	0	0	0	0	0	//훈제달걀_12시간						
	2080	1	1	3110	0	0	0	0	0	0	0	0	0	0	0	0	0	0	0	0	0	0	0	0	0	0	//훈제달걀_24시간						
	2081	1	1	3111	0	0	0	0	0	0	0	0	0	0	0	0	0	0	0	0	0	0	0	0	0	0	//훈제달걀_48시간						
	2082	1	1	3112	0	0	0	0	0	0	0	0	0	0	0	0	0	0	0	0	0	0	0	0	0	0	//훈제달걀_96시간						
	2083	1	1	3113	0	0	0	0	0	0	0	0	0	0	0	0	0	0	0	0	0	0	0	0	0	0	//바나나우유_6시간						
	2084	1	1	3114	0	0	0	0	0	0	0	0	0	0	0	0	0	0	0	0	0	0	0	0	0	0	//바나나우유_12시간						
	2085	1	1	3115	0	0	0	0	0	0	0	0	0	0	0	0	0	0	0	0	0	0	0	0	0	0	//바나나우유_24시간						
	2086	1	1	3116	0	0	0	0	0	0	0	0	0	0	0	0	0	0	0	0	0	0	0	0	0	0	//바나나우유_48시간						
	2087	1	1	3117	0	0	0	0	0	0	0	0	0	0	0	0	0	0	0	0	0	0	0	0	0	0	//바나나우유_96시간						
	2088	1	1	3118	0	0	0	0	0	0	0	0	0	0	0	0	0	0	0	0	0	0	0	0	0	0	//고급때수건_6시간						
	2089	1	1	3119	0	0	0	0	0	0	0	0	0	0	0	0	0	0	0	0	0	0	0	0	0	0	//고급때수건_12시간						
	2090	1	1	3120	0	0	0	0	0	0	0	0	0	0	0	0	0	0	0	0	0	0	0	0	0	0	//고급때수건_24시간						
	2091	1	1	3121	0	0	0	0	0	0	0	0	0	0	0	0	0	0	0	0	0	0	0	0	0	0	//고급때수건_48시간						
	2092	1	1	3122	0	0	0	0	0	0	0	0	0	0	0	0	0	0	0	0	0	0	0	0	0	0	//고급때수건_96시간						
	2093	1	1	95182	0	0	0	0	0	0	0	0	0	0	0	0	0	0	0	0	0	0	0	0	0	0	//엘리트2.5_무기_방어구_랜덤상자_버서커						
	2094	1	1	95183	0	0	0	0	0	0	0	0	0	0	0	0	0	0	0	0	0	0	0	0	0	0	//엘리트2.5_무기_방어구_랜덤상자_드래곤						
	2095	1	1	95184	0	0	0	0	0	0	0	0	0	0	0	0	0	0	0	0	0	0	0	0	0	0	//엘리트2.5_무기_방어구_랜덤상자_발키리						
	2096	1	1	95185	0	0	0	0	0	0	0	0	0	0	0	0	0	0	0	0	0	0	0	0	0	0	//엘리트2.5_무기_방어구_랜덤상자_엘리						
	2097	1	1	95186	0	0	0	0	0	0	0	0	0	0	0	0	0	0	0	0	0	0	0	0	0	0	//엘리트2.5_무기_방어구_랜덤상자_섀도우						
	2098	1	1	95187	0	0	0	0	0	0	0	0	0	0	0	0	0	0	0	0	0	0	0	0	0	0	//엘리트2.5_무기_방어구_랜덤상자_미스틱						
	2099	1	1	95188	0	0	0	0	0	0	0	0	0	0	0	0	0	0	0	0	0	0	0	0	0	0	//엘리트2.5_무기_방어구_랜덤상자_헬로이드						
	2100	1	1	95189	0	0	0	0	0	0	0	0	0	0	0	0	0	0	0	0	0	0	0	0	0	0	//엘리트2.5_무기_방어구_랜덤상자_위치블레이드						
	2101	1	1	95190	0	0	0	0	0	0	0	0	0	0	0	0	0	0	0	0	0	0	0	0	0	0	//(E-1)헤파스토방어구_랜덤상자						
	2102	1	1	95191	0	0	0	0	0	0	0	0	0	0	0	0	0	0	0	0	0	0	0	0	0	0	//(E-1.5)헤파스토방어구_랜덤상자						
	2103	1	1	95192	0	0	0	0	0	0	0	0	0	0	0	0	0	0	0	0	0	0	0	0	0	0	//(E-2)헤파스토방어구_랜덤상자						
	2104	1	1	95193	0	0	0	0	0	0	0	0	0	0	0	0	0	0	0	0	0	0	0	0	0	0	//(E-2.5)헤파스토방어구_랜덤상자						
	2105	1	1	95194	0	0	0	0	0	0	0	0	0	0	0	0	0	0	0	0	0	0	0	0	0	0	//(E-3)헤파스토방어구_랜덤상자						
	2106	1	1	95195	0	0	0	0	0	0	0	0	0	0	0	0	0	0	0	0	0	0	0	0	0	0	//(E-3.5)헤파스토방어구_랜덤상자						
	2107	2	0	7319	1	0	7324	1	0	0	0	0	0	0	0	0	0	0	0	0	0	0	0	0	0	0	//세리엔트온천패키지상자//(프리미엄탕이용권_아로마오일)_24시간						
	2108	1	1	3123	0	0	0	0	0	0	0	0	0	0	0	0	0	0	0	0	0	0	0	0	0	0	//프리미엄탕이용권_6시간						
	2109	1	1	3124	0	0	0	0	0	0	0	0	0	0	0	0	0	0	0	0	0	0	0	0	0	0	//프리미엄탕이용권_12시간						
	2110	1	1	3125	0	0	0	0	0	0	0	0	0	0	0	0	0	0	0	0	0	0	0	0	0	0	//프리미엄탕이용권_24시간						
	2111	1	1	3126	0	0	0	0	0	0	0	0	0	0	0	0	0	0	0	0	0	0	0	0	0	0	//프리미엄탕이용권_48시간						
	2112	1	1	3127	0	0	0	0	0	0	0	0	0	0	0	0	0	0	0	0	0	0	0	0	0	0	//프리미엄탕이용권_96시간						
	2113	1	1	3128	0	0	0	0	0	0	0	0	0	0	0	0	0	0	0	0	0	0	0	0	0	0	//아로마오일_6시간						
	2114	1	1	3129	0	0	0	0	0	0	0	0	0	0	0	0	0	0	0	0	0	0	0	0	0	0	//아로마오일_12시간						
	2115	1	1	3130	0	0	0	0	0	0	0	0	0	0	0	0	0	0	0	0	0	0	0	0	0	0	//아로마오일_24시간						
	2116	1	1	3131	0	0	0	0	0	0	0	0	0	0	0	0	0	0	0	0	0	0	0	0	0	0	//아로마오일_48시간						
	2117	1	1	3132	0	0	0	0	0	0	0	0	0	0	0	0	0	0	0	0	0	0	0	0	0	0	//아로마오일_96시간						
	2118	1	1	95164	0	0	0	0	0	0	0	0	0	0	0	0	0	0	0	0	0	0	0	0	0	0	//국내2015년4월프리미엄가챠상자						
	2119	8	0	52200	10300	0	52201	10300	0	52202	10300	0	52203	10300	0	52204	10300	0	52205	10300	0	52206	10300	0	52207	10300	//엘리트1.5방어구세트_일본_복귀자_3소켓(W)						
	2120	1	1	95196	0	0	0	0	0	0	0	0	0	0	0	0	0	0	0	0	0	0	0	0	0	0	//국내2015년6월상자리뉴얼_수호신버서커						
	2121	1	1	95197	0	0	0	0	0	0	0	0	0	0	0	0	0	0	0	0	0	0	0	0	0	0	//국내2015년6월상자리뉴얼_수호신버서커						
	2122	1	1	95198	0	0	0	0	0	0	0	0	0	0	0	0	0	0	0	0	0	0	0	0	0	0	//국내2015년6월상자리뉴얼_수호신버서커						
	2123	1	1	95199	0	0	0	0	0	0	0	0	0	0	0	0	0	0	0	0	0	0	0	0	0	0	//국내2015년6월상자리뉴얼_수호신버서커						
	2124	1	1	95200	0	0	0	0	0	0	0	0	0	0	0	0	0	0	0	0	0	0	0	0	0	0	//국내2015년6월상자리뉴얼_수호신버서커						
	2125	1	1	95201	0	0	0	0	0	0	0	0	0	0	0	0	0	0	0	0	0	0	0	0	0	0	//국내2015년6월상자리뉴얼_수호신버서커						
	2126	1	1	95202	0	0	0	0	0	0	0	0	0	0	0	0	0	0	0	0	0	0	0	0	0	0	//국내2015년6월상자리뉴얼_수호신버서커						
	2127	1	1	95203	0	0	0	0	0	0	0	0	0	0	0	0	0	0	0	0	0	0	0	0	0	0	//국내2015년6월상자리뉴얼_수호신버서커						
	2128	1	1	95204	0	0	0	0	0	0	0	0	0	0	0	0	0	0	0	0	0	0	0	0	0	0	//국내2015년6월상자리뉴얼_파괴신버서커						
	2129	1	1	95205	0	0	0	0	0	0	0	0	0	0	0	0	0	0	0	0	0	0	0	0	0	0	//국내2015년6월상자리뉴얼_파괴신버서커						
	2130	1	1	95206	0	0	0	0	0	0	0	0	0	0	0	0	0	0	0	0	0	0	0	0	0	0	//국내2015년6월상자리뉴얼_파괴신버서커						
	2131	1	1	95207	0	0	0	0	0	0	0	0	0	0	0	0	0	0	0	0	0	0	0	0	0	0	//국내2015년6월상자리뉴얼_파괴신버서커						
	2132	1	1	95208	0	0	0	0	0	0	0	0	0	0	0	0	0	0	0	0	0	0	0	0	0	0	//국내2015년6월상자리뉴얼_파괴신버서커						
	2133	1	1	95209	0	0	0	0	0	0	0	0	0	0	0	0	0	0	0	0	0	0	0	0	0	0	//국내2015년6월상자리뉴얼_파괴신버서커						
	2134	1	1	95210	0	0	0	0	0	0	0	0	0	0	0	0	0	0	0	0	0	0	0	0	0	0	//국내2015년6월상자리뉴얼_파괴신버서커						
	2135	1	1	95211	0	0	0	0	0	0	0	0	0	0	0	0	0	0	0	0	0	0	0	0	0	0	//국내2015년6월상자리뉴얼_파괴신버서커						
	2136	1	1	95212	0	0	0	0	0	0	0	0	0	0	0	0	0	0	0	0	0	0	0	0	0	0	//국내2015년6월상자리뉴얼_수호&파괴신버서커						
	2137	1	1	95214	0	0	0	0	0	0	0	0	0	0	0	0	0	0	0	0	0	0	0	0	0	0	//국내2015년6월상자리뉴얼_수호&파괴신버서커						
	2138	1	1	95216	0	0	0	0	0	0	0	0	0	0	0	0	0	0	0	0	0	0	0	0	0	0	//국내2015년6월상자리뉴얼_수호&파괴신버서커						
	2139	1	1	95218	0	0	0	0	0	0	0	0	0	0	0	0	0	0	0	0	0	0	0	0	0	0	//국내2015년6월상자리뉴얼_수호&파괴신버서커						
	2140	1	1	95220	0	0	0	0	0	0	0	0	0	0	0	0	0	0	0	0	0	0	0	0	0	0	//국내2015년6월상자리뉴얼_수호&파괴신버서커						
	2141	1	1	95222	0	0	0	0	0	0	0	0	0	0	0	0	0	0	0	0	0	0	0	0	0	0	//국내2015년6월상자리뉴얼_수호&파괴신버서커						
	2142	1	1	95224	0	0	0	0	0	0	0	0	0	0	0	0	0	0	0	0	0	0	0	0	0	0	//국내2015년6월상자리뉴얼_수호&파괴신버서커						
	2143	1	1	95226	0	0	0	0	0	0	0	0	0	0	0	0	0	0	0	0	0	0	0	0	0	0	//국내2015년6월상자리뉴얼_수호&파괴신버서커						
	2144	2	0	6106	2	0	6105	8	0	0	0	0	0	0	0	0	0	0	0	0	0	0	0	0	0	0	//각성박스(하급)_파괴Lv3(2)수호Lv3(8)						
	2145	2	0	6106	4	0	6105	16	0	0	0	0	0	0	0	0	0	0	0	0	0	0	0	0	0	0	//각성박스(중급)_파괴Lv3(4)수호Lv3(16)						
	2146	2	0	6106	7	0	6105	28	0	0	0	0	0	0	0	0	0	0	0	0	0	0	0	0	0	0	//각성박스(상급)_파괴Lv3(7)수호Lv3(28)						
	2147	2	0	6106	11	0	6105	44	0	0	0	0	0	0	0	0	0	0	0	0	0	0	0	0	0	0	//각성박스(최상급)_파괴Lv3(11)수호Lv3(44)						
	2148	8	0	4460	1	0	4461	1	0	4462	1	0	4463	1	0	4464	1	0	4465	1	0	4466	1	0	4467	1	//엘리트2차_헤파스토방어구박스						
	2149	8	0	4468	1	0	4469	1	0	4470	1	0	4471	1	0	4472	1	0	4473	1	0	4474	1	0	4475	1	//엘리트2.5차_헤파스토방어구박스						
	2150	8	0	4476	1	0	4477	1	0	4478	1	0	4479	1	0	4480	1	0	4481	1	0	4482	1	0	4483	1	//엘리트3차_헤파스토방어구박스						
	2151	5	0	4403	8	0	4435	1	0	4435	1	0	4435	1	0	4435	1	0	0	0	0	0	0	0	0	0	//엘리트2무기각성풀박스						
	2152	3	0	4403	8	0	4436	1	0	4436	1	0	0	0	0	0	0	0	0	0	0	0	0	0	0	0	//엘리트2.5무기각성풀박스						
	2153	3	0	4403	10	0	4437	1	0	4437	1	0	0	0	0	0	0	0	0	0	0	0	0	0	0	0	//엘리트3무기각성풀박스						
	2154	3	0	4403	6	0	4431	1	0	4431	1	0	0	0	0	0	0	0	0	0	0	0	0	0	0	0	//유니크1.5무기각성풀박스						
	2155	3	0	4403	12	0	4432	1	0	4432	1	0	0	0	0	0	0	0	0	0	0	0	0	0	0	0	//유니크2무기각성풀박스						
	2156	5	0	4403	64	0	4605	1	0	4605	1	0	4605	1	0	4605	1	0	0	0	0	0	0	0	0	0	//엘리트2방어구각성풀박스						
	2157	3	0	4403	64	0	4606	1	0	4606	1	0	0	0	0	0	0	0	0	0	0	0	0	0	0	0	//엘리트2.5방어구각성풀박스						
	2158	3	0	4403	80	0	4607	1	0	4607	1	0	0	0	0	0	0	0	0	0	0	0	0	0	0	0	//엘리트3방어구각성풀박스						
	2159	3	0	4403	4	0	4435	1	0	4435	1	0	0	0	0	0	0	0	0	0	0	0	0	0	0	0	//엘리트2무기각성2박스						
	2160	3	0	4403	32	0	4605	1	0	4605	1	0	0	0	0	0	0	0	0	0	0	0	0	0	0	0	//엘리트2방어구각성2박스						
	2161	5	1	69058	0	1	69059	0	1	69060	0	1	69061	0	1	69062	0	0	0	0	0	0	0	0	0	0	//세리엔트대륙AC60%캐시반지상자						
	2162	1	1	3133	0	0	0	0	0	0	0	0	0	0	0	0	0	0	0	0	0	0	0	0	0	0	//선글라스_6시간						
	2163	1	1	3134	0	0	0	0	0	0	0	0	0	0	0	0	0	0	0	0	0	0	0	0	0	0	//선글라스_12시간						
	2164	1	1	3135	0	0	0	0	0	0	0	0	0	0	0	0	0	0	0	0	0	0	0	0	0	0	//선글라스_18시간						
	2165	1	1	3136	0	0	0	0	0	0	0	0	0	0	0	0	0	0	0	0	0	0	0	0	0	0	//선글라스_24시간						
	2166	1	1	3137	0	0	0	0	0	0	0	0	0	0	0	0	0	0	0	0	0	0	0	0	0	0	//썬크림_6시간						
	2167	1	1	3138	0	0	0	0	0	0	0	0	0	0	0	0	0	0	0	0	0	0	0	0	0	0	//썬크림_12시간						
	2168	1	1	3139	0	0	0	0	0	0	0	0	0	0	0	0	0	0	0	0	0	0	0	0	0	0	//썬크림_18시간						
	2169	1	1	3140	0	0	0	0	0	0	0	0	0	0	0	0	0	0	0	0	0	0	0	0	0	0	//썬크림_24시간						
	2170	1	1	3141	0	0	0	0	0	0	0	0	0	0	0	0	0	0	0	0	0	0	0	0	0	0	//튜브_6시간						
	2171	1	1	3142	0	0	0	0	0	0	0	0	0	0	0	0	0	0	0	0	0	0	0	0	0	0	//튜브_12시간						
	2172	1	1	3143	0	0	0	0	0	0	0	0	0	0	0	0	0	0	0	0	0	0	0	0	0	0	//튜브_18시간						
	2173	1	1	3144	0	0	0	0	0	0	0	0	0	0	0	0	0	0	0	0	0	0	0	0	0	0	//튜브_24시간						
	2174	1	1	3145	0	0	0	0	0	0	0	0	0	0	0	0	0	0	0	0	0	0	0	0	0	0	//청량음료_6시간						
	2175	1	1	3146	0	0	0	0	0	0	0	0	0	0	0	0	0	0	0	0	0	0	0	0	0	0	//청량음료_12시간						
	2176	1	1	3147	0	0	0	0	0	0	0	0	0	0	0	0	0	0	0	0	0	0	0	0	0	0	//청량음료_18시간						
	2177	1	1	3148	0	0	0	0	0	0	0	0	0	0	0	0	0	0	0	0	0	0	0	0	0	0	//청량음료_24시간						
	2178	1	1	3149	0	0	0	0	0	0	0	0	0	0	0	0	0	0	0	0	0	0	0	0	0	0	//비치타월_6시간						
	2179	1	1	3150	0	0	0	0	0	0	0	0	0	0	0	0	0	0	0	0	0	0	0	0	0	0	//비치타월_12시간						
	2180	1	1	3151	0	0	0	0	0	0	0	0	0	0	0	0	0	0	0	0	0	0	0	0	0	0	//비치타월_18시간						
	2181	1	1	3152	0	0	0	0	0	0	0	0	0	0	0	0	0	0	0	0	0	0	0	0	0	0	//비치타월_24시간						
	2182	1	1	3153	0	0	0	0	0	0	0	0	0	0	0	0	0	0	0	0	0	0	0	0	0	0	//메인스테이지이용권_6시간						
	2183	1	1	3154	0	0	0	0	0	0	0	0	0	0	0	0	0	0	0	0	0	0	0	0	0	0	//메인스테이지이용권_12시간						
	2184	1	1	3155	0	0	0	0	0	0	0	0	0	0	0	0	0	0	0	0	0	0	0	0	0	0	//메인스테이지이용권_18시간						
	2185	1	1	3156	0	0	0	0	0	0	0	0	0	0	0	0	0	0	0	0	0	0	0	0	0	0	//메인스테이지이용권_24시간						
	2186	1	1	3157	0	0	0	0	0	0	0	0	0	0	0	0	0	0	0	0	0	0	0	0	0	0	//할로윈호박_6시간						
	2187	1	1	3158	0	0	0	0	0	0	0	0	0	0	0	0	0	0	0	0	0	0	0	0	0	0	//할로윈호박_12시간						
	2188	1	1	3159	0	0	0	0	0	0	0	0	0	0	0	0	0	0	0	0	0	0	0	0	0	0	//할로윈호박_18시간						
	2189	1	1	3160	0	0	0	0	0	0	0	0	0	0	0	0	0	0	0	0	0	0	0	0	0	0	//할로윈호박_24시간						
	2190	2	0	6067	2	0	6066	8	0	0	0	0	0	0	0	0	0	0	0	0	0	0	0	0	0	0	//각성박스(하급)_파괴Lv2(2)수호Lv2(8)						
	2191	2	0	6067	4	0	6066	16	0	0	0	0	0	0	0	0	0	0	0	0	0	0	0	0	0	0	//각성박스(중급)_파괴Lv2(4)수호Lv2(16)						
	2192	2	0	6067	7	0	6066	28	0	0	0	0	0	0	0	0	0	0	0	0	0	0	0	0	0	0	//각성박스(상급)_파괴Lv2(7)수호Lv2(28)						
	2193	2	0	6067	11	0	6066	44	0	0	0	0	0	0	0	0	0	0	0	0	0	0	0	0	0	0	//각성박스(최상급)_파괴Lv2(11)수호Lv2(44)						
	2194	4	0	3409	1	0	3689	1	0	3690	1	0	3691	1	0	0	0	0	0	0	0	0	0	0	0	0	//칼버스+파츠						
	2195	1	1	441	0	0	0	0	0	0	0	0	0	0	0	0	0	0	0	0	0	0	0	0	0	0	//크리스마스비밀상자						
	2196	1	1	442	0	0	0	0	0	0	0	0	0	0	0	0	0	0	0	0	0	0	0	0	0	0	//아인선물상자						
	2197	1	0	6105	50	0	0	0	0	0	0	0	0	0	0	0	0	0	0	0	0	0	0	0	0	0	//수호의결정체_3레벨_50개박스						
	2198	1	0	6105	100	0	0	0	0	0	0	0	0	0	0	0	0	0	0	0	0	0	0	0	0	0	//수호의결정체_3레벨_100개박스						
	2199	1	0	6105	250	0	0	0	0	0	0	0	0	0	0	0	0	0	0	0	0	0	0	0	0	0	//수호의결정체_3레벨_250개박스						
	2200	1	0	6106	25	0	0	0	0	0	0	0	0	0	0	0	0	0	0	0	0	0	0	0	0	0	//파괴의결정체_3레벨_25개박스						
	2201	1	0	6106	50	0	0	0	0	0	0	0	0	0	0	0	0	0	0	0	0	0	0	0	0	0	//파괴의결정체_3레벨_50개박스						
	2202	1	0	6106	125	0	0	0	0	0	0	0	0	0	0	0	0	0	0	0	0	0	0	0	0	0	//파괴의결정체_3레벨_125개박스						
	2203	1	1	98000	0	0	0	0	0	0	0	0	0	0	0	0	0	0	0	0	0	0	0	0	0	0							
	2204	1	1	98001	0	0	0	0	0	0	0	0	0	0	0	0	0	0	0	0	0	0	0	0	0	0							
