	//NPC 위치 정보					DisplayType																				
	//																									
	//최초 작성:2005년 7월 9일 																									
	//최종 작성	2016-01-04 11:12																								
	//Version	1.0.2.3																								
	//최종 작성자: 김준호	남준(쉬나이더위치변경)																								
			//0없음 1상점 2은행 3방생성 4제조 5경비 6워프 7 길드관리 8 길드전																							
			//9하급악세서리제조 10하급특수아이템제조 11상급악세서리제조 12상급특수아이템제조 13스톤제작 14퀘스트 15이벤트 16 미션랭킹관리자 17 개인상점리스트 18포인트랭킹 관리자 19냄비 20뱃지맨 21산타 22수정기둥 23워프2 25하임행운 29지능형NPC																							
	//트링겔 NPC													//이동형NPC가이동할 위치 좌표												
	//World.txt참조	//Field.txt 참조		//몬스터NPC 스크립트 참조	//0 회전 1 비회전					//NPC가 바라보는 방향의 위치			//0 정지형 1이동형 2랜덤형													
	//MapCode	//MAP번호	NPC_TYPE	NPCID	회전 타입	표시타입	위치X좌표	위치Y좌표	위치Z좌표	바라볼위치X	바라볼위치Y	바라볼위치Z	//이동성향	이동할위치X	이동할위치Y	이동할위치Z	//랜덤으로돌아다닐때이동반경(m로체크)	직업텍스트	직업아이콘	유닛번호						
	MapCode	FieldID	NpcType	MonsterCode	RotateType	DisplayType	NPCPos_X	NPCPos_Y	NPCPos_Z	NPCDir_X	NPCDir_Y	NPCDir_Z	MoveType	MovePos_X	MovePos_Y	MovePos_Z	Range	JobStrID	NPCIconID	UnitID	FieldEnd					
	10001	10001	1	62001	0	3	-53.1	30.5	-22.26	-53.1	26.92	-23.09	0	0	0	0	0	160002	37	0		//	유베트(배틀존개설)			
	10001	10001	1	62002	0	3	-13.9	69.83	-24.53	-15.44	69.08	-24.55	0	0	0	0	0	160002	32	0		//	이멜다(발키리상점)			
	10001	10001	2	62003	0	3	-1.72	47.96	-23.29	-3.86	44.85	-23.29	0	0	0	0	0	160005	46	0		//	비요른(창고)			
	10001	10001	1	62004	0	3	-12.3	61.12	-24.76	-14.82	59.65	-24.69	0	0	0	0	0	160002	30	0		//	노멀(버서커상점)			
	10001	10001	1	62005	0	3	-62.17	75.86	-25.19	-61.35	73.85	-25.25	0	0	0	0	0	160002	31	0		//	파브카(드래곤나이트상점)			
	10001	10001	1	62006	0	3	-83.87	62.61	-26.08	-81.62	61	-25.85	0	0	0	0	0	160002	33	0		//	워터레인(엘리멘탈리스트상점)			
	10001	10001	1	62007	0	3	-78.07	2.52	-24.1	-77.47	4.06	-25.06	0	0	0	0	0	160002	37	0		//	드웨인(잡화상점)			
	//10001	10001	4	//62008	0	3							0	0	0	0	0	160003	35	0		//	그리말디(조합)			
	10001	10001	5	62009	0	1	-77.94	-94.41	-24.09	-71.8	-93.86	-24.09	2	0	0	0	7	0	43	0		//	티볼트(마을경비랜덤이동)			
	10001	10001	5	62011	0	1	-71.21	-104.76	-21.06	-71.34	-101.61	-21.99	0	0	0	0	0	0	43	0		//	맬콤(마을경비)			
	10001	10001	5	62012	0	1	-82.87	-103.36	-21.06	-83.48	-99.62	-22.15	0	0	0	0	0	0	43	0		//	맬콤(마을경비)			
	10001	10001	5	62013	0	1	33.74	-88.49	-14.85	29.11	-87.94	-14.95	1	3.19	-92.9	-19.63	0	0	43	0		//	맬콤(마을경비이동형)			
	10001	10001	5	62014	0	1	33.74	-85.21	-14.75	26.86	-84.79	-15.1	1	3.24	-87.42	-20.09	0	0	43	0		//	맬콤(마을경비이동형)			
	10001	10001	5	62015	0	1	30.44	2.49	-13.03	27.98	2.3	-13.44	0	0	0	0	0	0	43	0		//	맬콤(마을경비)			
	10001	10001	5	62016	0	1	30.45	-13.1	-12.89	27.9	-13.2	-13.05	0	0	0	0	0	0	43	0		//	맬콤(마을경비)			
	10001	10001	5	62017	0	1	-19.93	-13.03	-24.14	-23.98	-11.59	-24.13	0	0	0	0	0	0	43	0		//	맬콤(마을경비_게시판옆)			
	10001	10001	5	62018	0	1	-59.23	47	-24.58	-59.14	51.52	-24.84	0	0	0	0	0	0	43	0		//	맬콤(마을경비)			
	10001	10001	5	62019	0	1	7.55	115.59	-16.04	6.01	113.23	-16.05	0	0	0	0	0	0	43	0		//	맬콤(마을경비)			
	10001	10001	14	62020	0	3	-103.52	-32.05	-26.21	-95.95	-31.3	-27.46	0	0	0	0	0	160002	45	0		//	로렌(배틀존개설)			
	10001	10001	14	62021	0	3	23.48	-13.01	-12.37	19.78	-13.04	-12.99	0	0	0	0	0	160002	45	0		//	세이나(배틀존개설)			
	10001	10001	1	62022	0	3	37.08	28.35	-11.85	33.19	27.57	-12.1	0	0	0	0	0	160002	37	0		//	라만(잡화상점)			
	10001	10001	1	62023	0	3	25.72	51.79	-10.96	20.65	52.06	-10.65	0	0	0	0	0	160002	31	0		//	드레이언(드래곤나이트상점)			
	10001	10001	1	62024	0	3	27.24	78.93	-11.17	24.71	78.3	-11.42	0	0	0	0	0	160002	33	0		//	미노(엘리멘탈리스트상점)			
	10001	10001	1	62025	0	3	-125.83	16.7	-32.62	-121.65	14.93	-32.83	0	0	0	0	0	160002	32	0		//	클레이(발키리상점)			
	10001	10001	1	62026	0	3	-116.61	31.56	-33.4	-119.66	29.82	-33.34	0	0	0	0	0	160002	30	0		//	하르테(버서커상점)			
	//10001	10001	6	62027	0	3							0	0	0	0	0	160006	44	0		//	네케르(마을이동)			
	10001	10001	7	62028	0	3	38.39	-1.59	-12.5	32.26	-1.73	-12.82	0	0	0	0	0	0	40	0		//	아리스(길드관리인)			
	//10001	10001	0	63261	0	0	-6.06	113.03	-25.43	-10.06	112.66	-25.19	2	0	0	0	10	0	2	0		//	토끼1(트링겔)			
	//10001	10001	0	63262	0	0	-3.84	106.7	-24.77	-4.31	102.16	-24.36	2	0	0	0	10	0	2	0		//	토끼2(트링겔)			
	//10001	10001	0	63263	0	0	32.26	32.91	-11.99	33.33	29.52	-12.02	2	0	0	0	10	0	2	0		//	토끼3(트링겔)			
	//10001	10001	0	63264	0	0	37.96	24.7	-11.83	35.5	26.95	-11.95	2	0	0	0	10	0	2	0		//	토끼4(트링겔)			
	//10001	10001	0	63265	0	0	-102.76	-45.9	-26.69	-99.85	-49.46	-25.89	2	0	0	0	15	0	2	0		//	닭1(트링겔)			
	//10001	10001	0	63266	0	0	-103.58	-41.78	-26.68	-103	-39	-26.75	2	0	0	0	15	0	2	0		//	닭2(트링겔)			
	//10001	10001	0	63267	0	0	-124.51	17.7	-32.75	-122.77	17.88	-32.84	2	0	0	0	15	0	2	0		//	닭3(트링겔)			
	10001	10001	0	63268	0	0	-123.64	22.95	-32.88	-123.45	26.27	-32.96	2	0	0	0	15	0	2	0		//	닭4(트링겔)			
	//10001	10001	0	63269	0	0	50.23	21.83	-10.28	44.93	19.93	-11.58	2	0	0	0	15	0	2	0		//	산양(트링겔)			
	10001	10001	14	62177	0	3	54.48	-94.63	-10.97	51.46	-92.73	-11.67	0	0	0	0	0	0	45	0		//	벨리타(방생성)			
	10001	10001	4	62029	0	3	-125.65	60.75	-33.3	-122.01	59.19	-33.42	0	0	0	0	0	160003	35	0		//	이스로게(제조)			
	10001	10001	4	62030	0	3	-114.93	72.72	-33.16	-113.48	69.53	-33.41	0	0	0	0	0	160004	36	0		//	케르텐(특수아이템제조)			
	10001	10001	14	63810	0	3	-44.43	26.35	-24.68	-43.84	25.41	-24.73	0	0	0	0	0	0	47	0		//	경비대장본헤를링(퀘스트)			
	10001	10001	14	63812	0	3	79.89	-104.31	-10	77.89	-103.16	-10	0	0	0	0	0	0	47	0		//	알론카터(도서관지기)(퀘스트)			
	10001	10001	15	63901	0	3	-47.1	36.07	-22.26	-41.5	37.7	-24.69	0	0	0	0	0	0	41	0		//	연금술사아인(이벤트)			
	10001	10001	14	63814	0	3	27.81	99.99	-11.9	27.12	96.31	-12.02	0	0	0	0	0	0	41	0		//	란트하츠(원로원트링겔지부)			
	10001	10001	14	63817	0	3	-14.53	-24.77	-23.54	-15.32	-25.38	-23.53	0	0	0	0	0	0	41	0		//	로젠펠트(파견 마법사)			
	10001	10001	14	63813	0	3	22.78	4.98	-14.19	19.99	4.12	-14.59	0	0	0	0	0	0	41	0		//	발첸(용병 길드원)			
	10001	10001	5	62040	0	1	-59.25	116.77	-33.91	-59.32	115.2	33.82	0	0	0	0	0	0	43	0		//	트링겔경비병			
	10001	10001	5	62041	0	1	-63.32	117.34	-34.06	-63.48	116.44	-34.01	0	0	0	0	0	0	43	0		//	트링겔경비병			
	10001	10001	5	62042	0	1	-37.4	101.9	-25.8	-37.39	95.46	-25.81	0	0	0	0	0	0	43	0		//	트링겔경비병(게시판옆)			
	10001	10001	14	62044	0	3	-124.67	-97.82	-21.45	-121.72	-97.59	-21.78	0	0	0	0	0	0	41	0		//	말론(미션랭킹관리자)	변경		
	10001	10001	17	62045	1	3	-19.82	-11.42	-24.25	-25.16	-11.21	-24.08	0	0	0	0	0	0	37	0		//	개인상점리스트(트링겔)			
	//10001	10001	18	62046	0	3	-127.2	-88.49	-21.56	-122.93	-88.42	-21.69	0	0	0	0	0	0	41	0		//	데커드(포인트랭킹관리자)			
	//10001	10001	8	62048	0	3	38.07	-8.96	-12.5	33.31	-8.98	-12.5	0	0	0	0	0	0	40	0		//	길드전 관리자(길드전 관리자)			
	10001	10001	2	62110	0	3	-9.95	-105.34	-18.86	-10.22	-102.37	-19.67	0	0	0	0	0	160005	46	0		//	랄프(트링겔추가창고)			
	10001	10001	1	62111	0	3	-1.93	-104.63	-18.86	-2.68	-101.63	-39.63	0	0	0	0	0	160002	37	0		//	슈토르(트링겔추가잡화)			
	10001	10001	17	62112	1	3	-32.96	101.29	-25.79	-33.43	92.96	-25.51	0	0	0	0	0	0	37	0		//	개인상점게시판(트링겔추가)			
	10001	10001	1	62050	0	3	-92.42	41.42	-24.3	-90.74	41.48	-24.7	0	0	0	0	0	160002	34	0		//	고다드(섀도우상점)			
	10001	10001	1	62117	0	3	-130.1	42.05	-33.42	-126.61	42.04	-33.42	0	0	0	0	0	160002	34	0		//	도허티(섀도우상점)			
	10001	10001	1	65423	0	3	4.84	34.7	-23.14	-4.08	24.65	-23.11	0	0	0	0	0	160002	47	0		//	비밀요원미셸(랜덤)_비밀상점_트링겔			
	//에텔레인NPC위치																					//				
	10003	10003	1	62051	0	3	127.07	83.13	78.84	132.03	84.46	78.84	0	0	0	0	0	160002	30	0		//	니힐(버서커상인)			
	10003	10003	1	62052	0	3	197.56	433.62	39.57	198.52	429.34	39.57	0	0	0	0	0	160002	30	0		//	오터(버서커상인)			
	10003	10003	1	62053	0	3	435.3	713.55	31.66	434.7	710.88	31.66	0	0	0	0	0	160002	30	0		//	클라우드(버서커상인)			
	10003	10003	1	62054	0	3	544.35	77.68	79.01	542.45	78.69	79.01	0	0	0	0	0	160002	31	0		//	나훔(드래곤상인)			
	10003	10003	1	62055	0	3	449.69	362.27	39.57	450.02	358.48	39.57	0	0	0	0	0	160002	31	0		//	오비스(드래곤상인)			
	10003	10003	1	62056	0	3	271.48	744.79	31.66	271.18	740.13	31.66	0	0	0	0	0	160002	31	0		//	세페르(드래곤상인)			
	10003	10003	1	62057	0	3	169.16	66.11	78.84	172.26	67.57	78.84	0	0	0	0	0	160002	32	0		//	라비나(발키리상인)			
	10003	10003	1	62058	0	3	223.37	364.33	39.57	225.01	361.34	39.57	0	0	0	0	0	160002	32	0		//	안나(발키리상인)			
	10003	10003	1	62059	0	3	408.42	750.01	32.03	408.69	745.75	32.03	0	0	0	0	0	160002	32	0		//	아샤(발키리상인)			
	10003	10003	1	62060	0	3	582.43	97.51	78.84	580.15	98.44	78.84	0	0	0	0	0	160002	33	0		//	베스티아(엘리상인)			
	10003	10003	1	62061	0	3	470.92	412.62	39.64	468.31	410.46	39.64	0	0	0	0	0	160002	33	0		//	아리에스(엘리상인)			
	10003	10003	1	62062	0	3	231.49	706.2	32.03	233.14	703.84	31.66	0	0	0	0	0	160002	33	0		//	시렌(엘리상인)			
	//10003	10003	4	62063	0	3	517.39	63.88	79.01	516.31	67.56	79.01	0	0	0	0	0	160003	35	0		//	딕(조합)			
	//10003	10003	4	62064	0	3	387.11	328.47	39.79	386.06	331.55	39.89	0	0	0	0	0	160003	35	0		//	엘린(조합)			
	10003	10003	14	62065	0	3	338.52	157.22	78.84	338.19	167.76	78.84	0	0	0	0	0	160002	45	0		//	고트폴드(방생성)			
	10003	10003	1	62066	0	3	338.47	396.71	43.1	338.46	392.98	43.04	0	0	0	0	0	160002	37	0		//	슈제트(방생성)			
	10003	10003	14	62067	0	3	338.24	700.36	32.03	338.89	708.13	32.03	0	0	0	0	0	160002	45	0		//	하버(방생성)			
	10003	10003	1	62068	0	3	252.82	44.59	79.01	255.58	48.24	78.84	0	0	0	0	0	160002	37	0		//	비토(잡상인)			
	10003	10003	1	62069	0	3	287.3	329.24	39.79	289.05	329.27	39.79	0	0	0	0	0	160002	37	0		//	멜리나(잡상인)			
	10003	10003	1	62070	0	3	362.51	765.26	32.03	360.05	762.54	31.66	0	0	0	0	0	160002	37	0		//	네르바(잡상인)			
	10003	10003	2	62071	0	3	338.22	466.8	39.68	337.99	462.6	39.68	0	0	0	0	0	160005	46	0		//	빌트(창고지기)			
	10003	10003	2	62072	0	3	428.91	44.46	79.01	427.4	45.49	79.01	0	0	0	0	0	160005	46	0		//	실비아(창고지기)			
	10003	10003	5	62073	0	1	343.79	23.76	78.84	343.79	27.28	78.84	0	0	0	0	0	0	43	0		//	맬콤(마을경비)			
	10003	10003	5	62074	0	1	332.77	23.84	78.84	332.69	27.81	78.84	0	0	0	0	0	0	43	0		//	맬콤(마을경비)			
	10003	10003	5	62075	0	1	405.5	407.94	39.64	413.14	406.97	39.64	2	0	0	0	7	0	43	0		//	맬콤(마을경비랜덤이동형)			
	10003	10003	5	62076	0	1	222.63	426.75	39.64	224	436.11	39.64	2	0	0	0	7	0	43	0		//	맬콤(마을경비랜덤이동형)			
	10003	10003	5	62077	0	1	341.55	533.35	41.64	316.74	530.55	41.64	0	0	0	0	0	0	43	0		//	맬콤(마을경비)			
	10003	10003	5	62078	0	1	361.76	532.78	41.64	360.05	530.4	41.64	0	0	0	0	0	0	43	0		//	맬콤(마을경비)			
	10003	10003	5	62079	0	1	560.21	211.66	78.84	558.33	210.64	78.84	0	0	0	0	0	0	43	0		//	맬콤(마을경비)			
	10003	10003	5	62080	0	1	563.12	206.14	78.84	561.19	204.82	78.84	0	0	0	0	0	0	43	0		//	맬콤(마을경비)			
	10003	10003	5	62081	0	1	332.02	561.13	115.62	332	559.01	115.39	0	0	0	0	0	0	43	0		//	맬콤(마을경비)			
	10003	10003	5	62082	0	1	343.81	560.97	115.62	343.59	558.84	115.39	0	0	0	0	0	0	43	0		//	맬콤(마을경비)			
	10003	10003	5	62083	0	1	615.57	106.93	79.05	615.36	110.31	79.05	0	0	0	0	0	0	43	0		//	맬콤(마을경비)			
	10003	10003	5	62084	0	1	81.67	122	78.84	76.61	116.68	78.84	0	0	0	0	0	0	43	0		//	맬콤(마을경비)			
	10003	10003	5	62085	0	1	348.07	203.84	76.14	348.15	210.63	74.03	1	348.55	288.75	49.76	0	0	43	0		//	맬콤(마을경비이동형)			
	10003	10003	5	62086	0	1	351.21	203.82	76.15	351.77	216.1	72.33	1	352.16	289.21	49.61	0	0	43	0		//	맬콤(마을경비이동형)			
	10003	10003	5	62087	0	1	354.32	43.16	78.84	345	43.14	78.84	1	315.82	42.57	78.84	0	0	43	0		//	맬콤(마을경비이동형)			
	10003	10003	5	62088	0	1	316.68	53.3	78.84	329.25	53.86	78.84	1	355.99	53.75	78.84	0	0	43	0		//	맬콤(마을경비이동형)			
	//10003	10003	6	62089	0	3	118.71	217.5	78.84	124.81	214.16	78.84	0	0	0	0	0	160006	44	0		//	펠리체(마을이동)			
	//10003	10003	6	62090	0	3	338.53	419.38	43.1	338.42	425.23	42.32	0	0	0	0	0	160006	44	0		//	에리츠(마을이동)			
	10003	10003	7	62091	0	3	565.78	203.44	78.84	563.19	202.02	78.84	0	0	0	0	0	0	40	0		//	로베르트(길드관리인)			
	10003	10003	7	62092	0	3	360.61	568.12	115.19	360.41	565.14	115.19	0	0	0	0	0	0	40	0		//	이리스(길드관리인)			
	//10003	10003	8	62093	0	3	557.86	214.9	78.84	554.77	213	78.84	0	0	0	0	0	0	39	0		//	스트라도(길드전)			
	//10003	10003	8	62094	0	3	351.8	561.53	115.19	353.58	555.64	114.79	0	0	0	0	0	0	39	0		//	율리에(길드전)			
	//10003	10003	0	63251	0	0	255.92	741.75	32.03	255.77	739.29	32.03	1	260.02	725.3	31.66	10	0	2	0		//	고양이(어미1)			
	//10003	10003	0	63252	0	0	393.4	374.85	39.57	398.75	381.9	39.57	2	0	0	0	10	0	2	0		//	고양이(어미2)			
	//10003	10003	0	63253	0	0	497.72	578.68	44.41	501.55	580.79	44.41	2	0	0	0	10	0	2	0		//	고양이(어미3)			
	//10003	10003	0	63254	0	0	418.88	46.41	78.84	421.3	48.76	78.84	2	0	0	0	10	0	2	0		//	고양이(어미4)			
	//10003	10003	0	63255	0	0	271.07	732.26	31.66	273.56	733.07	31.66	2	0	0	0	10	0	2	0		//	고양이(어미5)			
	//10003	10003	0	63256	0	0	257.08	741.32	32.03	257.57	739.29	32.03	1	261.79	725.66	31.66	10	0	2	0		//	고양이(새끼1)			
	//10003	10003	0	63257	0	0	447.3	681.29	31.66	440.03	679.37	31.66	2	0	0	0	10	0	2	0		//	고양이(새끼2)			
	//10003	10003	0	63258	0	0	176.55	579.04	44.41	176.44	574.38	44.41	2	0	0	0	10	0	2	0		//	고양이(새끼3)			
	//10003	10003	0	63259	0	0	113.75	195.44	78.84	110.86	198.09	78.84	2	0	0	0	10	0	2	0		//	고양이(새끼4)			
	//10003	10003	0	63260	0	0	318.12	706.92	32.03	319.32	710	32.03	2	0	0	0	10	160012	2	0		//	고양이(새끼5)			
	10003	10003	4	62095	0	3	383.87	329.6	39.79	383.87	331.6	39.79	0	0	0	0	0	160003	36	0		//	한넨(강화)			
	10003	10003	4	62096	0	3	388.53	329.91	39.79	388.53	331.91	39.79	0	0	0	0	0	160004	35	0		//	아르벤헤노(상급악세서리제조)			
	10003	10003	4	62097	0	3	305.02	763.62	32.03	305.02	761.62	32.03	0	0	0	0	0	160004	35	0		//	라르도헨(상급특수아이템제조)			
	10003	10003	4	62098	0	3	317.35	765.48	32.03	317.35	763.48	32.03	0	0	0	0	0	160004	35	0		//	헬바름(스톤제작)			
	10003	10003	14	62105	0	3	377.12	550.33	41.64	385.59	537.88	39.49	0	0	0	0	0	0	41	0		//	빈텐(미션랭킹관리자)	변경		
	10003	10003	14	62106	0	3	71.28	109.18	79.01	75.64	113.14	78.84	0	0	0	0	0	0	41	0		//	앨런우드(미션랭킹관리자)	변경		
	10003	10003	5	64007	0	1	545.03	551.97	44.41	544.59	548.69	44.41	1	542.56	525.38	44.41	0	0	43	0		//	에텔레인 성문 경비병1(순찰)			
	10003	10003	5	64008	0	1	538.65	525.68	44.41	538.63	528.54	44.41	1	540.6	552.27	44.41	0	0	43	0		//	에텔레인 성문 경비병2(순찰)			
	10003	10003	17	62107	1	3	339.08	192.9	78.83	339.07	191.14	78.83	0	0	0	0	0	0	37	0		//	개인상점게시판(에텔레인1)			
	10003	10003	17	62108	1	3	243.94	426.55	39.58	244.11	386.37	39.58	0	0	0	0	0	0	37	0		//	개인상점게시판(에텔레인2)			
	//10003	10003	18	62109	0	3	55.24	113.67	79.05	65.32	118.41	78.84	0	0	0	0	0	0	41	0		//	유르켄(포인트랭킹관리자)			
	//10003	10003	8	62049	0	3	329.85	416.8	43.1	323.61	423.55	41.7	0	0	0	0	0	0	40	0		//	길드전 관리자(길드전 관리자)			
	10003	10003	4	62113	0	3	511.58	64.03	79.01	511.58	66.03	79.01	0	0	0	0	0	160003	36	0		//	셔틀워스(강화)			
	10003	10003	4	62114	0	3	516.48	66.03	79.01	516.48	68.03	79.01	0	0	0	0	0	160003	35	0		//	번스테인(조합)			
	10003	10003	2	62115	0	3	367.19	709.04	32.03	367.19	711.04	32.03	0	0	0	0	0	160005	46	0		//	월버그(창고)			
	10003	10003	17	62116	1	3	339.32	743.23	31.66	339.32	741.23	31.66	0	0	0	0	0	0	37	0		//	개인상점게시판(에텔레인추가)			
	10003	10003	1	62118	0	3	268.08	36.76	79.01	267.61	41.23	79.01	0	0	0	0	0	160002	34	0		//	프랜시스(섀도우상점)			
	10003	10003	1	62119	0	3	367.8	323.66	39.79	367.77	326.6	39.79	0	0	0	0	0	160002	34	0		//	베르나르(섀도우상점)			
	10003	10003	1	62120	0	3	254.36	737.61	32.03	256.14	735.53	32.03	0	0	0	0	0	160002	34	0		//	가브리엘(섀도우상점)			
	10003	10003	1	65425	0	3	351.01	356.35	39.68	352.01	345.91	39.67	0	0	0	0	0	160002	47	0		//	비밀요원미세아(랜덤)_비밀상점_에텔레인			
	10003	10003	1	4518	0	3	392.77	418.02	39.67	520.95	415.33	40.5	0	0	0	0	0	160002	47	0		//	수집가_본_티오			
	//벨트헨NPC																					//				
	//벨트헨마을이동NPC위치가지정																					//				
	//10002	10002	6	62179	0	3	116	92.17	11.44	109.46	95.97	11.32	0	0	0	0	0	160006	44	0		//	이리안(마을이동)			
	10002	10002	14	62151	0	3	82.83	89.73	12.29	84.32	92.4	11.46	0	0	0	0	0	160002	45	0		//	베르타(배틀존개설)			
	10002	10002	1	62152	0	3	87.78	200.8	13.51	87.98	202.48	13.51	0	0	0	0	0	160002	32	0		//	아나스(발키리상점)			
	10002	10002	2	62153	0	3	130	151.3	14.24	133.14	151.96	14.36	0	0	0	0	0	160005	46	0		//	마티(창고)			
	10002	10002	1	62154	0	3	101.52	188.68	13.18	101.81	192.73	13.44	0	0	0	0	0	160002	30	0		//	루츠(버서커상점)			
	10002	10002	1	62155	0	3	94.8	228.35	13.28	93.77	226.57	13.53	0	0	0	0	0	160002	31	0		//	아비스(드래곤나이트상점)			
	10002	10002	1	62156	0	3	67.35	233.91	11.77	69.84	230.46	12.06	0	0	0	0	0	160002	33	0		//	미스텔(엘리멘탈리스트상점)			
	10002	10002	1	62157	0	3	162.88	129.2	15.86	163.3	131	15.85	0	0	0	0	0	160002	37	0		//	우도(잡화상점)			
	//10002	10002	4	62158	0	3	175.47	160.53	16	172.67	160.76	15.98	0	0	0	0	0	160003	35	0		//	슈마커(제조)			
	10002	10002	5	62159	0	1	111.06	83.18	11.4	111.35	84.95	11.41	0	0	0	0	0	0	43	0		//	맬콤(마을경비)			
	10002	10002	5	62160	0	1	104.75	88.82	11.39	100.86	91.31	11.37	1	85.23	95.15	11.44	0	0	43	0		//	맬콤(마을경비이동형)			
	10002	10002	5	62161	0	1	126.16	199.91	30.51	126.16	201.78	30.51	0	0	0	0	0	0	43	0		//	맬콤(마을경비)			
	10002	10002	5	62162	0	1	125.15	230.37	30.51	124.8	227.05	30.51	1	136.28	218.06	29.76	0	0	43	0		//	맬콤(마을경비이동형)			
	10002	10002	5	62163	0	1	97.29	92.39	11.38	98.89	99.2	11.23	2	0	0	0	7	0	43	0		//	맬콤(마을경비랜덤이동)			
	10002	10002	5	62164	0	1	231.74	97.87	47.65	228.71	98.85	46.61	1	219.64	98.44	41.35	0	0	43	0		//	맬콤(마을경비이동형)			
	10002	10002	5	62165	0	1	218.99	94.56	41.08	223.77	95.95	43.83	1	232.18	94.29	47.96	0	0	43	0		//	맬콤(마을경비이동형)			
	10002	10002	5	62166	0	1	86.89	130.48	10.71	88.87	134.16	8.52	1	99.06	144.45	8.52	0	0	43	0		//	맬콤(마을경비이동형)			
	10002	10002	5	62167	0	1	235.93	107.42	48.63	230.86	105.04	47.36	0	0	0	0	0	0	43	0		//	맬콤(마을경비)			
	10002	10002	1	62168	0	3	122.28	188.56	14.75	122.51	184.84	13.94	0	0	0	0	0	160002	37	0		//	헬가(배틀존개설)			
	//10002	10002	14	62169	0	3	181.42	266.65	41.81	181.56	262.96	41.13	0	0	0	0	0	160002	45	0		//	잉그리트(배틀존개설)			
	10002	10002	1	62170	0	3	240.52	222.05	48.96	222.54	220.38	48.49	0	0	0	0	0	160002	37	0		//	지볼트(잡화상점)			
	10002	10002	1	62171	0	3	226.83	238.57	48.6	225.47	236.89	48.37	0	0	0	0	0	160002	31	0		//	코르닉스(드래곤나이트상점)			
	10002	10002	1	62172	0	3	235.64	228.45	49.27	234.27	227.82	49.21	0	0	0	0	0	160002	33	0		//	세르(엘리멘탈리스트상점)			
	10002	10002	1	62173	0	3	237.23	204.92	48.72	234.6	205.19	48.71	0	0	0	0	0	160002	32	0		//	페니체(발키리상점)			
	10002	10002	1	62174	0	3	236.32	167.17	49.11	235.48	167.25	49.1	0	0	0	0	0	160002	30	0		//	리제(버서커상점)			
	10002	10002	7	62176	0	3	190.9	209.77	21.81	188.8	206.6	21.05	0	0	0	0	0	0	40	0		//	에리스(길드관리인)			
	//10002	10002	0	63270	0	0	246.59	134.87	49.09	243.43	133.13	49.01	2	0	0	0	15	0	2	0		//	토끼1(벨트헨)			
	//10002	10002	0	63271	0	0	248.42	122.44	48.92	242.02	124.18	48.84	2	0	0	0	15	0	2	0		//	토끼2(벨트헨)			
	//10002	10002	0	63272	0	0	152.29	187.53	15.57	154.35	189.74	15.73	2	0	0	0	15	0	2	0		//	토끼3(벨트헨)			
	//10002	10002	0	63273	0	0	154.63	196.69	15.86	152.15	198.53	15.83	2	0	0	0	15	0	2	0		//	토끼4(벨트헨)			
	//10002	10002	0	63274	0	0	68.11	102.45	11.59	69.38	103.52	11.59	2	0	0	0	15	0	2	0		//	닭(벨트헨)			
	//10002	10002	0	63275	0	0	83.1	208.45	13.5	84.4	208.46	13.5	2	0	0	0	15	0	2	0		//	닭(벨트헨)			
	//10002	10002	0	63276	0	0	80.57	209.33	13.28	82.49	212.15	13.45	2	0	0	0	15	0	2	0		//	닭(벨트헨)			
	//10002	10002	0	63277	0	0	185.62	214.79	21.9	183.82	217.16	21.85	2	0	0	0	15	0	2	0		//	닭(벨트헨)			
	//10002	10002	0	63278	0	0	191.41	262.28	41.64	188.34	260.23	41.48	2	0	0	0	15	160010	2	0		//	산양(벨트헨)			
	10002	10002	14	62178	0	3	242.58	128.38	49.77	239.48	130.23	48.92	0	0	0	0	0	0	45	0		//	에델린(방생성)			
	10002	10002	4	62180	0	3	51.7	117.98	11.54	55.02	118.23	11.57	0	0	0	0	0	160003	36	0		//	빌로트(강화)			
	10002	10002	4	62181	0	3	233.71	148.92	49	231.33	149.13	48.98	0	0	0	0	0	160004	35	0		//	기란드로(악세서리제조)			
	10002	10002	14	63811	0	3	104.32	84.54	11.39	102.49	89.44	11.38	0	0	0	0	0	0	47	0		//	경비대장본카를로안(퀘스트)			
	10002	10002	15	63902	0	3	129.11	190.36	13.88	129.93	188.97	13.83	0	0	0	0	0	0	41	0		//	연금술사아인(이벤트)			
	10002	10002	14	63815	0	3	183.61	222.15	21.81	180.35	219.68	21.8	0	0	0	0	0	0	41	0		//	란테(원로원벨트헨지부)			
	10002	10002	14	63816	0	3	178.39	167.18	16.01	175.15	167.55	15.99	0	0	0	0	0	0	41	0		//	이르한나(클랜소속원)			
	10002	10002	14	62189	0	3	188.66	184.04	16.28	187.05	184.51	16.24	0	0	0	0	0	0	41	0		//	그레이엄(미션랭킹관리자)	변경		
	10002	10002	17	62190	1	3	53.35	112.63	11.57	55.58	113.82	11.59	0	0	0	0	0	0	37	0		//	개인상점게시판(벨트헨)			
	//10002	10002	18	62191	0	3	187.6	181.96	16	187.05	184.51	16.24	0	0	0	0	0	0	41	0		//	알렌(포인트랭킹관리자)			
	//10002	10002	8	62047	0	3	156.14	158.64	15.87	157.25	156.03	15.88	0	0	0	0	0	0	40	0		//	길드전 관리자(길드전 관리자)			
	10002	10002	4	62192	0	3	237.84	155.52	49.05	232.86	155.79	47.02	0	0	0	0	0	160003	36	0		//	안세(강화)			
	10002	10002	4	62193	0	3	49.93	129.39	11.48	54.12	129.9	11.52	0	0	0	0	0	160003	35	0		//	호빈(제조)			
	10002	10002	2	62194	0	3	240.53	176.06	49.09	232.61	177.18	49.01	0	0	0	0	0	160005	46	0		//	도르(창고)			
	10002	10002	17	62195	1	3	158.54	210.24	16.27	157.5	201	15.9	0	0	0	0	0	0	37	0		//	개인상점게시판(벨트헨)			
	10002	10002	1	62197	0	3	241.5	189.24	48.95	240.62	189.08	48.94	0	0	0	0	0	160002	34	0		//	아르노트(섀도우상점)			
	10002	10002	1	62196	0	3	78.58	234.32	11.96	78.58	232.13	12.24	0	0	0	0	0	160002	34	0		//	디브딘(섀도우상점)			
	10002	10002	1	65424	0	3	77.75	218.51	12.96	89.53	213.08	13.51	0	0	0	0	0	160002	47	0		//	비밀요원나리샤(랜덤)_비밀상점_벨트헨			
	//필드맵NPC																					//				
	//야수숲1																					//				
	3	3	0	63751	0	0	57.87	-52.14	-2.17	54.15	-50.55	-2.35	0	0	0	0	0	0	41	0		//	순찰자메릴레인			
	3	3	1	63752	0	3	-29.12	90.39	9.06	-27.04	88.95	9.06	0	0	0	0	0	0	37	0		//	주술사코르밋			
	3	1	0	63753	0	0	-135.62	383.43	27.68	-133.57	383.49	27.67	0	0	0	0	0	0	41	0		//	순찰자율리네			
	//지하수로 																					//				
	8	5	0	63754	0	0	304.85	221.84	14.83	295.42	217.24	37.81	0	0	0	0	0	0	41	0		//	부단장셀레나(필드)			
	8	505	0	63755	0	0	86.2	99	33.28	84.81	97.06	33.49	0	0	0	0	0	0	41	0		//	부단장셀레나(보스룸)			
	8	5	1	63756	0	3	81.74	137.06	12.31	81.72	132.97	12.31	0	0	0	0	0	0	41	0		//	보급대원테드			
	8	5	0	63757	0	0	139.07	331.52	9.01	41.03	330.22	9.01	0	0	0	0	0	0	41	0		//	단원마르틴			
	8	5	0	63758	0	0	60.76	61.11	11.02	60.97	58.21	10.36	2	0	0	0	5	0	41	0		//	기사엘딘			
	//필드맵메인미션NPC																					//				
	//야수들의숲																					//				
	1	1	0	63759	0	0	-145.45	109.09	5.96	-142.21	102.79	6.38	0	0	0	0	0	0	41	0		//	카렌(정찰대원)			
	1	2	0	63760	0	0	-3.58	-75.22	-3.83	-8.66	-79.01	-3.68	0	0	0	0	0	0	41	0		//	유터(피난민)			
	1	2	1	63761	0	3	-27.03	37.39	-0.84	-30.29	40.82	-1	2	0	0	0	3	160002	37	0		//	클레어(잡화상인)			
	1	3	0	63762	0	0	-1.89	-72.56	-2.8	1.15	-69.1	-3.11	0	0	0	0	0	0	41	0		//	일레나(정찰대원)			
	//1	3	0	63763	0	0	41.04	-19.32	-2.25	39.44	-18.32	-2.26	0	0	0	0	0	0	41	0		//	맥스(선발대원)			
	//퀘스트NPC																					//				
	20004	20004	14	63808	0	3	151.25	234.99	31.91	150.25	235.61	31.84	0	0	0	0	0	0	47	0		//	보초대장크롬(퀘스트)			
	20004	20004	14	63809	0	3	135.45	444.03	50.1	136.43	445.64	49.97	0	0	0	0	0	0	47	0		//	보초대장바크헨(퀘스트)			
	10003	10003	14	63818	0	3	338.17	538.98	41.64	338.78	531.7	41.64	0	0	0	0	0	0	41	0		//	경비대장 론켄 본 미하엘(에텔레인)			
	20004	20004	14	63819	0	3	1932.19	641.92	113.65	1925.5	638.69	112.28	0	0	0	0	0	0	41	0		//	보초대장 아르한(에텔레인)			
	20004	20004	14	63821	0	3	468.5	426.69	59.3	467.07	427.33	59.31	0	0	0	0	0	0	47	0		//	경비대장하인리히(퀘스트필드)			
	20004	20004	14	63820	0	3	473.38	416.62	59.18	469.96	416.18	59.13	0	0	0	0	0	0	47	0		//	수집광 에드문트 지거(퀘스트필드)			
	20005	20005	14	63822	0	3	456.3	336.81	26.65	455.22	333.35	26.4	0	0	0	0	0	0	47	0		//	정찰대장 한셀 골덴부르크(퀘스트필드)			
	20001	20001	14	63801	0	3	-122.07	366.11	28.42	-124.91	365.51	28.01	0	0	0	0	0	0	47	0		//	마르티나(퀘스트)			
	20104	20104	14	63823	0	3	167.86	407.84	107.61	170.83	403.68	106.74	0	0	0	0	0	0	47	0		//	지하수로관리인한센(퀘스트)			
	20101	20101	14	63824	0	3	50.67	190.93	16.27	49.78	188.17	16.3	0	0	0	0	0	0	47	0		//	수도관리국직원마르크(퀘스트)			
	20103	20103	14	63825	0	3	275.53	121.8	7.06	270.4	119.29	7.06	0	0	0	0	0	0	47	0		//	해방군정찰병아힘(퀘스트)			
	20106	20106	14	63803	0	3	464.88	517.8	15.79	463.19	511.11	15.78	0	0	0	0	0	0	47	0		//	의원지그문트(퀘스트)			
	20005	20005	14	63827	0	3	318.22	144.36	23.17	319.26	144.21	22.96	0	0	0	0	0	0	47	0		//	윰바바(퀘스트)			
	20004	20004	14	63828	0	3	246.32	169.33	25.62	243.99	170.25	25.81	0	0	0	0	0	0	47	0		//	어부피셔만(퀘스트)			
	20106	20106	14	63829	0	3	501.14	577.77	16.06	501.81	576.47	16.06	0	0	0	0	0	0	41	0		//	지하수로감시병폴머			
	20105	20105	14	63830	1	0	343.58	253.19	25.48	340.37	257.71	25.48	0	0	0	0	0	0	41	0		//	전령의시체			
	1	3	14	63831	1	0	-22.74	34.6	2.86	-19.22	33.67	2.86	0	0	0	0	0	0	41	0		//	정찰병의시체			
	20204	20204	14	63832	1	0	263.45	-95.7	20.49	260.72	-96.02	20.43	0	0	0	0	0	0	43	0		//	제국군의 작전지도			
	20204	20204	14	63833	0	3	303.79	-689.85	48.66	303.73	-688.12	48.5	0	0	0	0	0	0	47	0		//	늑대바위 초소 고참병 아놀드			
	20204	20204	14	63834	0	3	-55.89	-690.08	22.41	-55.94	-687.31	22.28	0	0	0	0	0	0	47	0		//	설원 전진기지 대장 파울 			
	20204	20204	14	63835	0	3	-331.27	-286.82	19.09	-331.43	-289.05	19	0	0	0	0	0	0	47	0		//	수정호수 정찰대장 하트윈			
	10003	10003	14	63836	0	3	544.88	543.81	44.41	539.95	543.94	44.41	0	0	0	0	0	0	47	0		//	에텔레인 성문경비대장 알칸			
	9	19	14	63837	0	3	192.68	146.62	16	192.46	153.34	15.98	0	0	0	0	0	0	47	0		//	하넬로네			
	9	19	14	63838	0	3	254.41	291.9	14.31	231.92	282.67	15.79	0	0	0	0	0	0	47	0		//	바스티안			
	//10001	10001	14	63839	0	3	-16.23	12.45	-23.94	-18.53	13.18	-24.09	0	0	0	0	0	0	47	0		//	크리스마스용품판매상인마리엔펠데			
	7	5	14	63880	0	3	85.36	417.2	0.12	84.62	424.31	0.23	0	0	0	0	0	0	47	0		//	인실리아 게네리스			
	7	5	14	63881	1	3	30.47	198.36	9.6	34.85	194.22	9.6	0	0	0	0	0	0	47	0		//	제국군 잠입병시체			
	7	506	14	63882	1	3	56.67	50.52	11.14	58.54	44.21	11.14	0	0	0	0	0	0	47	0		//	원로회의 연구원			
	20204	20204	14	63871	1	3	-388.51	-621.98	20.1	-387.65	-633.58	20.32	0	0	0	0	0	0	47	0		//	탈영병엔켈			
	20201	20201	14	63872	1	3	221.1	199.38	34.21	221.1	199.38	34.21	0	0	0	0	0	0	47	0		//	탈영병휘테커			
	20201	20201	14	63873	0	3	340.29	188.05	35.32	341.79	176.8	33.91	0	0	0	0	0	0	47	0		//	은둔자멜리스			
	20201	20201	14	63874	0	3	365.55	391.31	39.84	352.02	393.75	40.69	0	0	0	0	0	0	47	0		//	클라우디아			
	10003	10003	14	63875	0	3	287.03	755.15	32.03	317.67	714.21	32.03	0	0	0	0	0	0	47	0		//	학자 마시			
	20005	20005	14	65054	0	3	129.35	460.27	46.5	130.29	459.94	46.49	0	0	0	0	0	0	47	0		//	현자 프리츠			
	20005	20005	14	64020	0	3	211.12	154.52	37.7	212.3	157.83	37.7	0	0	0	0	0	0	47	0		//	연금술사 제르니케			
	//자피르호수																					//				
	20004	20004	5	62031	0	1	132.45	255.33	32.97	143.64	244.68	30.78	0	0	0	0	0	0	43	0		//	트링겔경비병1(고정)			
	//20004	20004	5	62032	0	1	125.16	710.86	120.1	127.07	710.46	119.88	0	0	0	0	0	0	43	0		//	트링겔경비병2(고정)			
	//20004	20004	5	62033	0	1	146.08	703.02	120.5	149.08	706.02	120.5	1	272.9	741.77	120.19	0	0	43	0		//	트링겔보초병1(순찰)			
	//20004	20004	5	62034	0	1	282.35	741.31	121.57	285.81	749.34	119.65	1	350.66	796.14	110.14	0	0	43	0		//	트링겔보초병2(순찰)			
	//20004	20004	5	62035	0	1	276.34	748.58	119.44	278.77	754.95	118.37	1	348	801.89	109.15	0	0	43	0		//	트링겔보초병3(순찰)			
	//20004	20004	5	62036	0	1	384.7	788.11	117.59	385.73	792.8	115.41	2	0	0	0	10	0	43	0		//	트링겔보초병4(랜덤)			
	//20004	20004	5	62037	0	1	368.62	788.36	114.89	365.5	794.37	111.47	2	0	0	0	10	0	43	0		//	트링겔보초병5(랜덤)			
	//20004	20004	5	62038	0	1	405.88	809.08	109.85	414.37	814.18	109.13	2	0	0	0	10	0	43	0		//	트링겔보초병6(랜덤)			
	//20004	20004	5	62039	0	1	393.13	824.19	108.35	400.56	827.08	107.71	2	0	0	0	10	0	43	0		//	트링겔보초병7(랜덤)			
	20004	20004	5	62182	0	1	148.12	462.57	50.83	145.03	454.82	46.62	0	0	0	0	0	0	43	0		//	벨트헨경비병1(고정)			
	//20004	20004	5	62183	0	1	367.86	1376.2	118.01	369.67	1371.29	117.81	0	0	0	0	0	0	43	0		//	벨트헨경비병2(고정)			
	//20004	20004	5	62184	0	1	372.16	1355	117.79	378.2	1343.9	118.85	1	450.23	1257.75	122.16	0	0	43	0		//	벨트헨보초병1(순찰)			
	//20004	20004	5	62185	0	1	376.81	1356.81	117.83	383.08	1346.76	118.15	1	452.68	1262.35	122.2	0	0	43	0		//	벨트헨보초병2(순찰)			
	//20004	20004	5	62186	0	1	481.63	1251.73	123.66	492.79	1243.39	123.77	2	0	0	0	10	0	43	0		//	벨트헨보초병3(랜덤)			
	//20004	20004	5	62187	0	1	478.87	1229.3	124.24	491.8	1223.66	124.81	2	0	0	0	10	0	43	0		//	벨트헨보초병4(랜덤)			
	20004	20004	5	63767	0	1	359.88	256.28	36.48	360.21	254.46	36.26	0	0	0	0	0	0	43	0		//	전초기지보초병1(고정)			
	//20004	20004	5	63768	0	1	1045.01	733.5	78.78	1037.56	732.47	79.88	0	0	0	0	0	0	43	0		//	전초기지보초병2(고정)			
	//20004	20004	5	63769	0	1	1034.52	725	79.57	1030.95	723.64	79.65	2	0	0	0	10	0	43	0		//	전초기지보초병3(랜덤)			
	//20004	20004	5	63770	0	1	1054.53	712.84	78.17	1053.04	707.3	78.46	2	0	0	0	10	0	43	0		//	전초기지보초병4(랜덤)			
	20004	20004	1	63766	0	3	269.18	281.44	34.87	270.08	279.97	34.62	0	0	0	0	0	160002	37	0		//	율린(잡화상인)			
	20004	20004	14	63771	0	3	257.51	278.93	34.33	256.31	276.48	34.03	0	0	0	0	0	0	47	0		//	순찰대장 디트리히(퀘스트)			
	//20004	20004	5	63772	0	1	814.67	986.08	120.88	810.88	987.58	120.97	0	0	0	0	0	0	43	0		//	캠프보초병2(고정)			
	//20004	20004	5	63773	0	1	806.17	973.38	120.94	808.22	983.12	121.11	1	825.81	1012.58	117.98	0	0	43	0		//	캠프보초병3(순찰)			
	//20004	20004	5	63774	0	1	848.06	984.9	118.22	842.27	990.56	119.5	1	834.96	1005.98	118.4	0	0	43	0		//	캠프보초병4(순찰)			
	//연금술사들의길																					//				
	//20005	20005	5	62099	0	1	1931.12	666.73	124.91	1925.64	667.27	123.73	2	0	0	0	10	0	43	0		//	에텔레인보초병1(랜덤)			
	//20005	20005	5	62100	0	1	1942.37	661.8	124.98	1942.56	656.5	124.52	2	0	0	0	10	0	43	0		//	에텔레인보초병2(랜덤)			
	//20005	20005	5	62101	0	1	1995.5	611.47	113.02	1987.88	610.54	112.74	0	0	0	0	0	0	43	0		//	에텔레인경비병1(고정)			
	//20005	20005	5	62102	0	1	1995.75	602.52	112.88	1988.47	602.58	112.58	0	0	0	0	0	0	43	0		//	에텔레인경비병2(고정)			
	20005	20005	5	62103	0	1	456.84	306.89	26.43	455.48	306.99	26.31	1	423.11	305.13	23.87	0	0	43	0		//	에텔레인경비병3(순찰)			
	20005	20005	5	62104	0	1	470.42	290.15	26.91	470.36	288.11	26.94	1	470.44	240.51	27.65	0	0	43	0		//	에텔레인경비병4(순찰)			
	20005	20005	1	63775	0	3	282	430.24	46.28	286.05	424.89	45.28	0	0	0	0	0	160002	37	0		//	안톤(잡화상인)			
	20005	20005	1	63776	0	3	254.14	397.9	50.82	254.61	399.31	50.35	0	0	0	0	0	160002	37	0		//	쉬나이더(약재상인)			
	//20005	20005	5	63781	0	3	280.92	400.02	47.91	279.98	403.4	47.21	0	0	0	0	0	0	43	0		//	간이초소병1(고정)			
	//20005	20005	5	63782	0	3	1603.79	844.88	122.33	1603.87	842.16	122.44	2	0	0	0	10	0	43	0		//	간이초소병2(랜덤)			
	//20005	20005	5	63777	0	1	1756.16	626.79	110.12	1752.26	618.7	108.11	0	0	0	0	0	0	43	0		//	에텔레인정찰대1(고정)			
	//20005	20005	5	63778	0	1	1766.44	644.48	112.3	1770.48	647.77	112.34	0	0	0	0	0	0	43	0		//	에텔레인정찰대2(고정)			
	//20005	20005	5	63779	0	1	1768.26	627.35	110.2	1771.95	624.91	109.72	2	0	0	0	10	0	43	0		//	에텔레인정찰대3(랜덤)			
	//20005	20005	5	63780	0	1	1776.93	641.35	111.65	1782.32	639.12	111.81	2	0	0	0	10	0	43	0		//	에텔레인정찰대4(랜덤)			
	//요새의성역																					//				
	20204	20204	5	63799	0	1	311.52	-692.56	49.72	315.64	-689.15	49.76	2	0	0	0	10	0	43	0		//	늑대바위 초소병1(랜덤)			
	20204	20204	5	63800	0	1	292.48	-693.95	49.57	292.55	-688.72	49.2	2	0	0	0	10	0	43	0		//	늑대바위 초소병2(랜덤)			
	20204	20204	5	64001	0	1	-50.38	-690.56	22.47	-50.46	-685.23	22.3	0	0	0	0	0	0	43	0		//	설원 전진기지 보초병1(고정)			
	20204	20204	5	64002	0	1	-42.79	-694.67	22.56	-37.65	-691.7	22.45	2	0	0	0	10	0	43	0		//	설원 전진기지 감시병1(랜덤)			
	20204	20204	5	64003	0	1	-61.16	-693.26	22.44	-64.2	-687.27	21.89	2	0	0	0	10	0	43	0		//	설원 전진기지 감시병2(랜덤)			
	20204	20204	5	64004	0	1	-317.34	-277.28	19.25	-313.76	-278.37	19.18	1	-306.13	-265.74	20.85	0	0	43	0		//	수정호수 순찰병1(순찰)			
	20204	20204	5	64005	0	1	-323.3	-284.41	19.09	-320.53	-287.69	18.93	2	0	0	0	10	0	43	0		//	수정호수 정찰대원1(고정)			
	20204	20204	5	64006	0	1	-338.37	-279.26	19.63	-341.67	-284.9	19.59	2	0	0	0	10	0	43	0		//	수정호수 정찰대원2(랜덤)			
	//필드동물																					//				
	//야수들의숲																					//				
	20005	20005	0	63279	0	3	276.93 	174.14 	32.02 	281.23 	174.34 	31.82 	2	0	0	0	10	0	2	0		//	야수숲F04산양1/연금술사의길			
	20005	20005	0	63280	0	3	145.85 	293.08 	39.05 	146.32 	290.22 	38.76 	2	0	0	0	10	0	2	0		//	야수숲F04산양2/연금술사의길			
	20005	20005	0	63281	0	3	328.75 	434.51 	43.97 	330.31 	431.98 	43.54 	2	0	0	0	10	0	2	0		//	야수숲F04산양3/연금술사의길			
	20005	20005	0	63282	0	3	451.98 	240.34 	26.43 	450.34 	238.49 	26.67 	2	0	0	0	10	0	2	0		//	야수숲F05산양1/연금술사의길			
	20005	20005	0	63283	0	0	1872.63 	250.48 	124.02 	1876.09 	243.52 	121.17 	2	0	0	0	10	0	2	0		//	야수숲F05산양2			
	20204	20204	0	63284	0	0	-559.18 	-267.73 	31.37 	-560.42 	-270.36 	30.95 	2	0	0	0	10	0	2	0		//	설원F04산양1			
	20205	20205	0	63285	0	0	182.49 	-126.12 	2.91 	185.12 	-122.48 	2.63 	2	0	0	0	10	0	2	0		//	설원F05산양1			
	20205	20205	0	63286	0	0	-3.12 	33.81 	11.78 	1.69 	33.00 	11.50 	2	0	0	0	10	0	2	0		//	설원F05산양2			
	20205	20205	0	63287	0	0	105.74 	19.60 	10.95 	109.18 	20.95 	11.16 	2	0	0	0	10	0	2	0		//	설원F05산양3			
	20205	20205	0	63288	0	0	-114.60 	218.00 	12.03 	-125.88 	219.09 	11.17 	2	0	0	0	10	0	2	0		//	설원F05산양4			
	//설원필드4경비병																					//				
	20204	20204	5	63783	0	1	41.12 	56.75 	21.22 	41.60 	52.82 	21.58 	0	0	0	0	0	0	43	0		//	에텔레인정찰대1(고정)			
	20204	20204	5	63784	0	1	51.97 	54.54 	21.77 	51.86 	51.82 	22.00 	0	0	0	0	0	0	43	0		//	에텔레인정찰대2(고정)			
	20204	20204	5	63785	0	1	33.51 	-105.90 	20.25 	33.51 	-110.80 	20.02 	0	0	0	0	0	0	43	0		//	에텔레인정찰대3(고정)			
	20204	20204	5	63786	0	1	60.07 	-105.43 	20.53 	60.25 	-112.61 	20.26 	0	0	0	0	0	0	43	0		//	에텔레인정찰대4(고정)			
	20204	20204	5	63787	0	1	-91.64 	-14.00 	20.87 	-91.45 	-20.64 	21.18 	0	0	0	0	0	0	43	0		//	에텔레인정찰대5(고정)			
	20204	20204	5	63788	0	1	20.35 	-124.79 	18.76 	28.17 	-124.93 	18.85 	1	69.27 	-125.76 	19.53 	0	0	43	0		//	에텔레인정찰대6(순찰)			
	20204	20204	5	63789	0	1	70.02 	-136.40 	18.95 	62.65 	-136.10 	18.70 	1	23.27 	-135.15 	18.24 	0	0	43	0		//	에텔레인정찰대7(순찰)			
	//설원필드5경비병																					//				
	20205	20205	5	63790	0	1	-53.60 	373.59 	1.37 	-53.45 	369.31 	1.43 	0	0	0	0	0	0	43	0		//	페허의탑순찰대1(고정)			
	20205	20205	5	63791	0	1	-47.89 	373.39 	1.68 	-48.05 	369.80 	1.87 	0	0	0	0	0	0	43	0		//	페허의탑순찰대2(고정)			
	20205	20205	5	63793	0	1	-52.24 	347.58 	1.40 	-51.37 	342.49 	1.15 	2	0	0	0	10	0	43	0		//	페허의탑순찰대3(랜덤)			
	20205	20205	5	63794	0	1	-628.01 	-31.82 	1.38 	-625.62 	-32.98 	1.49 	1	-614.60 	-39.53 	2.46 	0	0	43	0		//	페허의탑순찰대4(순찰)			
	20205	20205	5	63795	0	1	-616.45 	-44.57 	2.47 	-621.78 	-40.68 	2.31 	1	-629.18 	-34.64 	1.32 	0	0	43	0		//	페허의탑순찰대5(순찰)			
	20205	20205	5	63796	0	1	-610.70 	-12.09 	2.21 	-608.67 	-6.17 	1.99 	2	0	0	0	10	0	43	0		//	페허의탑순찰대6(랜덤)			
	20205	20205	5	63797	0	1	277.21 	-243.39 	-4.54 	275.05 	-232.46 	18.02 	1	287.48	-230	-5.38	0	0	43	0		//	페허의탑순찰대7(순찰)			
	20205	20205	5	63798	0	1	283.22 	-226.88 	-5.46 	276.43 	-231.30 	-4.94 	1	269.42 	-238.01 	-4.89 	0	0	43	0		//	페허의탑순찰대8(순찰)			
	//지하수로서브4																					//				
	10	21	0	64009	0	0	416.75	463.73	25.47	423.99	462.89	25.47	2	0	0	0	5	0	41	0		//	유피아(수로S4)			
	10	21	0	64010	0	0	415.79	432.66	25.47	423.32	432.64	25.47	2	0	0	0	5	0	41	0		//	엘리스(수로S4)			
	10	21	0	64011	0	0	489.47	442.09	25.47	482.23	443.03	25.47	0	0	0	0	0	0	41	0		//	키케로(수로S4)			
	10	21	0	64012	0	0	488.41	474.13	25.47	480.79	474.52	25.47	0	0	0	0	0	0	41	0		//	피라쥴(수로S4)			
	10	21	0	64013	0	0	428.35	481.37	15.79	437.99	481.73	15.79	2	0	0	0	5	0	41	0		//	니오프(수로S4)			
	10	21	0	64014	0	0	476.1	491.6	15.79	469.66	492.84	15.77	2	0	0	0	5	0	41	0		//	시에라리온(수로S4)			
	//튜터리얼																					//				
//	20206	20206	5	63840	0	3	21.07	43.23	4.96	21	41.79	4.7	0	0	0	0	0	0	47	0		//	레이니아(엘리멘탈리스트)			
//	20206	20206	5	63844	0	3	101.83	193.97	47.41	104.54	193.81	47.01	0	0	0	0	0	0	47	0		//	이드			
//	20206	20206	14	63848	0	3	139.41	234.39	3	138.85	234.04	2.94	0	0	0	0	0	0	47	0		//	보위(앨리멘탈리스트)			
//	20206	20206	14	63852	0	3	-54.94	109.74	2.91	-54.09	110.25	2.91	0	0	0	0	0	0	47	0		//	블로우(엘리멘탈리스트)			
//	20206	20206	14	63841	0	3	346.34	-29.58	2.28	347.14	-28.87	2.28	0	0	0	0	0	0	47	0		//	화이트(버서커)			
//	20206	20206	14	63845	0	3	340.78	12.97	4.17	340.09	12.42	4.17	0	0	0	0	0	0	47	0		//	프레디(버서커)			
//	20206	20206	14	63849	0	3	272.45	144.76	0.38	273.1	145.58	0.38	0	0	0	0	0	0	47	0		//	제프(버서커)			
//	20206	20206	5	63853	0	3	234.59	190.96	50.84	235.08	193	50.85	0	0	0	0	0	0	47	0		//	루시드(버서커)			
//	20206	20206	14	63842	0	3	247.16	-199.76	-3.04	248.37	-199.02	-3.04	0	0	0	0	0	0	47	0		//	타냐(드래곤)			
//	20206	20206	14	63846	0	3	252.29	-161.73	-3.02	251.41	-161.97	-3.02	0	0	0	0	0	0	47	0		//	랜디(드래곤)			
//	20206	20206	14	63850	0	3	98.04	-6.76	2.41	99.23	-7.85	2.41	0	0	0	0	0	0	47	0		//	발렌틴(드래곤)			
//	20206	20206	5	63854	0	3	214.72	172.69	49.75	214.49	174.43	49.68	0	0	0	0	0	0	47	0		//	아이먼(드래곤)			
//	20206	20206	14	63843	0	3	-582.93	8.53	3.08	-584.02	8.87	2.88	0	0	0	0	0	0	47	0		//	마야(발키리)			
//	20206	20206	14	63847	0	3	-533.61	31.21	2.1	-534.02	30.47	1.94	0	0	0	0	0	0	47	0		//	라이트(발키리)			
//	20206	20206	14	63851	0	3	-415.69	-14.5	3.29	-414.59	-15.5	3.12	0	0	0	0	0	0	47	0		//	조이(발키리)			
//	20206	20206	14	63855	0	3	-96.29	75.84	2.61	-96.72	75.51	2.61	0	0	0	0	0	0	47	0		//	루카(발키리)			
//	20206	20206	5	63867	0	3	-25.9	64.91	6.26	-25.13	65.61	6.23	0	0	0	0	0	0	43	0		//	튜터리얼순찰NPC			
//	20206	20206	5	63868	0	3	-54.46	108.61	2.83	-52.79	109.61	2.74	0	0	0	0	0	0	43	0		//	튜터리얼순찰NPC			
//	20206	20206	5	63869	0	3	-95.79	74.2	2.57	-96.83	73.24	2.3	0	0	0	0	0	0	43	0		//	튜터리얼순찰NPC			
//	20206	20206	5	63870	0	3	-58.26	40.21	2.02	-58.22	39.84	1.94	0	0	0	0	0	0	43	0		//	튜터리얼순찰NPC			
	20206	20206	14	63856	0	3	213.96	192.02	48.53	218.96	193.02	48.53	0	0	0	0	0	0	0	0		//	유베트(배틀존)			
//	20206	20206	6	63861	0	3	30.86	28.7	1.38	28.89	27.54	1.38	0	0	0	0	0	160006	44	0		//	글루어(마을이동)			
	20206	20206	1	63862	0	3	227.94	226.24	50.57	226.93	226.11	50.49	0	0	0	0	0	160002	32	0		//	아나스(발키리상점)			
	20206	20206	1	63863	0	3	183.3	171.53	47.77	184.22	177.52	47.84	0	0	0	0	0	160002	30	0		//	루츠(버서커상점)			
	20206	20206	1	63864	0	3	193.35	223.96	50.11	193.7	222.17	50.03	0	0	0	0	0	160002	31	0		//	아비스(드래곤나이트상점)			
	20206	20206	1	63865	0	3	214.21	226.73	50.15	214.3	225.82	50.11	0	0	0	0	0	160002	33	0		//	미스텔(엘리멘탈리스트상점)			
	20206	20206	1	63866	0	3	232.09	180.06	50.84	235.08	193	50.85	0	0	0	0	0	160002	37	0		//	우도(잡화상점)			
	20206	20206	1	63878	0	3	214.72	172.69	49.75	214.49	174.43	49.68	0	0	0	0	0	160002	117	0		//	모리브(미스틱상인)			
	20206	20206	1	63879	0	3	161.57	212.79	50	164.76	209.63	49.96	0	0	0	0	0	160002	118	0		//	HER-M16(헬로이드상점)			
	//31	1	14	63857	0	3	-182.66	80.584	0.65	-183.69	86.08	0.67	1	-183.69	86.08	0.67	0	0	47	0		//	크라이튼			
	20206	20206	4	63859	0	3	218.84	162.52	49.05	217.86	173.79	47.02	0	0	0	0	0	160003	36	0		//	테오발도(강화)			
	20206	20206	2	63876	0	3	230.53	165.06	49.09	225.61	169.18	49.01	0	0	0	0	0	160005	46	0		//	이드(창고)			
	20206	20206	4	63858	0	3	210.38	161.17	47.92	212.24	168.19	47.97	0	0	0	0	0	160003	35	0		//	콜먼(제작)			
	20206	20206	1	63905	0	3	203.01	229.87	50.31	203.19	228.73	50.32	0	0	0	0	0	0	34	0		//	데오도로(섀도우상점)			
	31	609	5	63877	0	3	266.45	192.9	55.35	262.69	194.66	54.29	0	0	0	0	0	0	47	0		//	루시드(버서커)			
	//화산M																					//				
//	16	10	14	64015	0	3	633.39	521.28	76.93	630.83	521.2	76.86	0	0	0	0	0	0	0	0		//	화산M퀘스트_용족운리트			
	16	11	1	64016	0	3	477.88	406.43	96.11	476.51	403.69	95.6	2	0	0	0	5	160002	37	0		//	화산M상인_여행상인슈펜			
//	16	10	0	64017	0	0	631.74	524.69	76.87	630.55	525.55	76.73	2	0	0	0	5	0	0	0		//	엑스트라NPC			
//	16	10	0	64018	0	0	629.14	523.43	76.79	626.59	522.59	76.98	2	0	0	0	5	0	0	0		//	엑스트라NPC			
//	16	10	0	64019	0	0	630.62	518.36	76.71	628.87	519.19	76.8	2	0	0	0	5	0	0	0		//	엑스트라NPC			
	//100레벨																					//				
	//20005	20005	14	65054	0	3	1530.01	533.59	93.84	1529.59	554.86	93.83	0	0	0	0	0	0	47	0		//	100레벨NPC			
	//크리스마스이벤트NPC																					//				
	//트링겔																					//				
	//10001	10001	20	65061	0	3	-23.38	34.89	-25.27	-25.28	34.88	-25.27	0	0	0	0	0	0	0	0		//	뱃지맨			
	//10001	10001	21	65062	0	3	-23.26	32.01	-25.27	-25.11	32.05	-25.28	0	0	0	0	0	0	0	0		//	산타영감			
	//10001	10001	5	65063	0	3	-19.74	49.69	-25.49	-23.03	49.43	-25.31	0	0	0	0	0	0	0	0		//	구세군 아저씨			
	//10001	10001	19	65064	1	3	-21.2	49.56	-25.39	-23.03	49.43	-25.31	0	0	0	0	0	0	0	0		//	구세군 냄비			
	//벨트헨																					//				
	//10001	10001	20	65065	0	3	150.52	185.68	15.44	148.84	184.33	15.28	0	0	0	0	0	0	0	0		//	뱃지맨			
	//10001	10001	21	65066	0	3	152.43	181.49	15.59	150.35	180.49	15.35	0	0	0	0	0	0	0	0		//	산타영감			
	//10002	10002	5	65067	0	3	154.33	166.62	15.75	152.18	169.47	15.56	0	0	0	0	0	0	0	0		//	구세군 아저씨			
	//10002	10002	19	65068	1	3	153.47	167.72	15.67	152.18	169.47	15.56	0	0	0	0	0	0	0	0		//	구세군 냄비			
	//에텔레인																					//				
	//10001	10001	20	65069	0	3	351.85	442.6	41.5	350.06	442.74	41.5	0	0	0	0	0	0	0	0		//	뱃지맨			
	//10003	10003	14	65070	0	3	319.43	336.9	39.57	329.97	342.96	39.57	0	0	0	0	0	0	0	0		//	산타영감			
	//10003	10003	5	65071	0	3	325.59	440.8	41.5	329.41	441.55	41.5	0	0	0	0	0	0	0	0		//	구세군 아저씨			
	//10003	10003	19	65072	1	3	327.15	441.03	41.5	329.41	441.55	41.5	0	0	0	0	0	0	0	0		//	구세군 냄비			
	//구정이벤트NPC																					//				
	10001	10001	22	65073	1	3	-40.61	89.31	-25.35	-41.12	84.25	25.34	0	0	0	0	0	0	42	0		//	수정기둥			
	10002	10002	22	65074	1	3	149.7	180.59	15.27	147.43	178.04	15.01	0	0	0	0	0	0	42	0		//	수정기둥			
	10003	10003	22	65075	1	3	338.46	429.81	41.7	338.57	432.12	41.69	0	0	0	0	0	0	42	0		//	수정기둥			
	10003	10003	22	65076	1	3	338.49	129.49	78.84	338.52	133.82	78.84	0	0	0	0	0	0	42	0		//	수정기둥			
	10004	10004	22	65530	1	3	115.94	-136.74	9.8	20.11	-48.38	7.15	0	0	0	0	0	0	42	0		//	수정기둥			
	20206	20206	22	65531	1	3	211.29	209.78	49.15	211.29	209.78	49.15	0	0	0	0	0	0	42	0		//	수정기둥			
	10006	10006	22	65532	1	3	85.28	-83.63	2.45	84.27	-76.27	2.05	0	0	0	0	0	0	42	0		//	수정기둥			
	10007	10007	22	65533	1	3	210.37	315.13	-13.55	197.62	299.52	-13.89	0	0	0	0	0	0	42	0		//	수정기둥			
	//오크라NPC																					//				
	//																					//				
	10004	10004	1	65077	0	3	36.67	-61.21	-0.41	38.79	-63.15	-0.97	0	0	0	0	0	160002	37	0		//	그리트(배틀존개설)			
	10004	10004	1	65079	0	3	141.35	-180.49	7.38	139.47	-180.08	7.38	0	0	0	0	0	160002	33	0		//	자얀티(엘리멘탈리스트상점)			
	10004	10004	1	65080	0	3	146.26	-158.47	8.09	144.54	-160.57	8.06	0	0	0	0	0	160002	30	0		//	마다브(버서커상점)			
	10004	10004	1	65081	0	3	142.4	-142.1	9.53	140.28	144.75	9.46	0	0	0	0	0	160002	31	0		//	니킬(드래곤나이트상점)			
	10004	10004	1	65082	0	3	129.52	-124.48	10.46	125.94	-126.46	10.19	0	0	0	0	0	160002	32	0		//	니사(발키리상점)			
	10004	10004	4	65083	0	3	78.83	-145.6	7.81	81.47	-146.28	7.83	0	0	0	0	0	160003	35	0		//	가네사(조합)			
	10004	10004	2	65084	0	3	109.63	-104.83	8.64	111.47	-107.49	8.64	0	0	0	0	0	160005	46	0		//	야밀(창고)			
	10004	10004	4	65085	0	3	86.15	-136.51	8.04	88.24	-137.82	8.2	0	0	0	0	0	160003	36	0		//	칼리다스(강화)			
	10004	10004	1	65086	0	3	127.5	-101.92	10.12	125.2	-104.47	9.88	0	0	0	0	0	160002	37	0		//	아브하(잡화상인)			
	10004	10004	1	65087	0	3	84.61	-162.97	8	86.66	-159.71	8.24	0	0	0	0	0	160002	37	0		//	릴리난(잡화상인)			
	10004	10004	7	65088	0	3	94.3	-0.11	-2.11	89.96	0.78	-1.96	0	0	0	0	0	0	40	0		//	이지(길드관리자)			
	10004	10004	14	65089	0	3	93.4	-39.31	3.85	90.11	-37.87	3.41	0	0	0	0	0	0	41	0		//	오보에(미션랭킹관리자)	변경		
	10004	10004	5	65090	0	3	-87.8	-81.13	12.46	-85.14	-84.08	12.26	0	0	0	0	0	0	41	0		//	루디(파견마법사)			
	10004	10004	5	65091	0	3	-52.39	-96.36	5.93	-53.76	-93.89	5.65	0	0	0	0	0	0	41	0		//	라르하트(원로원)			
	10004	10004	5	65092	0	3	-45.52	-73.41	3.57	-40.98	-74.22	3.24	0	0	0	0	0	0	41	0		//	알프(용병길드원)			
	10004	10004	5	65093	0	3	-63.88	-47.92	0.43	-59.55	-47.68	0.22	0	0	0	0	0	0	41	0		//	디엔느(클랜소속원)			
	10004	10004	5	65094	0	3	-29.07	-4.61	-0.46	-32.75	-6.99	-0.46	0	0	0	0	0	0	41	0		//	카르난쿠마리(자경단장)			
	10004	10004	1	65095	0	3	110.8	-167.92	7.94	112.49	-164.96	8.09	0	0	0	0	0	160002	34	0		//	윌웨인(섀도우상점)			
	10004	10004	5	65096	0	3	99.45	63.71	19.07	97.26	63.52	19.07	0	0	0	0	0	0	41	0		//	크롤리버사(대표사제)			
	10004	10004	5	65097	0	3	-12.29	27.03	6.72	-9.09	24.54	6.29	0	0	0	0	0	0	41	0		//	라비모라			
	10004	10004	17	65355	1	3	15.99	-89.18	-1.26	17.13	85.59	1.56	0	0	0	0	0	0	37	0		//	개인상점게시판(오크라)			
	10004	10004	1	65426	0	3	-17.96	-60.08	-2.01	-41.19	-54.98	-2.05	0	0	0	0	0	160002	47	0		//	비밀요원오셸리(랜덤)_비밀상점_오크라			
	10004	10004	1	64687	0	3	82.7	-44.31	3.33	78.5	-44.69	2.88	0	0	0	0	0	160002	47	0		//	[해방군 병참장교] 카고 토마스_오크라			
	10004	10004	1	64691	0	3	83.1	-42.16	3.16	79.78	-42.54	2.8	0	0	0	0	0	160002	47	0		//	[해방군 정예 병참장교] 바이 아메이라_오크라			
	//중국단오절이벤트NPC				0	3																//				
	//1	503	14	65098	0	3	12	5.07	1.38	12.86	7.48	1.38	0	0	0	0	0	0	47	0		//	용선경기이벤트NPC(야숲)			
	//6	506	14	65099	0	3	13.28	70.44	12.04	16.13	68.26	12.04	0	0	0	0	0	0	47	0		//	용선경기이벤트NPC(지하수로)			
	//11	509	14	65100	0	3	-34.96	-20.96	-2.58	-32.66	-17.34	-2.58	0	0	0	0	0	0	47	0		//	용선경기이벤트NPC(설원)			
	//16	512	14	65101	0	3	-13.79	-28.7	1.95	-11.52	-26.21	1.95	0	0	0	0	0	0	47	0		//	용선경기이벤트NPC(용족)			
	//23	607	14	65102	0	3	23.56	4.56	0	22.52	6.41	0.01	0	0	0	0	0	0	47	0		//	용선경기이벤트NPC(아이올트)			
	//낚시npc																					//				
	//10001	10001	24	63903	0	3	-54.1	30.5	-22.26	-53.1	26.92	-23.09	0	0	0	0	0	0	45	0		//	몬데오			
	//2주년이벤트																					//				
	//10001	10001	14	65061	0	3	-59	36.07	-22.26	-61.64	36.1	-22.89	0	0	0	0	0	0	42	0		//	뱃지맨			
	//중국칠석이벤트NPC																					//				
	//10001	10001	14	63904	0	3	-59.24	36.04	-22.26	-68.26	35.94	-24.98	0	0	0	0	0	0	47	0		//	기억을상실한견우(트링겔)			
	//몬트샤인퀘스트NPC																					//				
	//10001	10001	14	63906	0	3	-50.86	41.38	-22.26	-49.78	44	-22.85	0	0	0	0	0	0	47	0		//	몬트샤인전투모병관			
	//10001	10001	14	63907	0	3	-45.79	47.81	-24.75	-45.69	50.91	-24.91	0	0	0	0	0	0	47	0		//	몬트샤인전투전령			
	//국내_크리스마스이벤트																					//				
	//10001	10001	14	63908	0	3	-45.79	47.81	-24.75	-45.69	50.91	-24.91	0	0	0	0	0	0	47	0		//	축복의산타			
	//10001	10001	14	63909	0	3	-59	36.07	-22.26	-61.64	36.1	-22.89	0	0	0	0	0	0	47	0		//	사랑의산타			
	//대만2주년이벤트npc																					//				
	//1	503	14	65103	0	3	12	5.07	1.38	12.86	7.48	1.38	0	0	0	0	0	0	47	0		//	대만2주년NPC(야숲)			
	//6	506	14	65104	0	3	13.28	70.44	12.04	16.13	68.26	12.04	0	0	0	0	0	0	47	0		//	대만2주년NPC(지하수로)			
	//11	509	14	65105	0	3	-34.96	-20.96	-2.58	-32.66	-17.34	-2.58	0	0	0	0	0	0	47	0		//	대만2주년NPC(설원)			
	//16	512	14	65106	0	3	-13.79	-28.7	1.95	-11.52	-26.21	1.95	0	0	0	0	0	0	47	0		//	대만2주년NPC(용족)			
	//수상한경비병																					//				
	10002	10002	14	40043	0	1	174.22	164.06	15.99	172.67	164.58	15.98	0	0	0	0	0	0	43	0		//	수상한경비병(벨트헨)			
	10003	10003	14	40031	0	3	444.57	66.42	78.84	444.85	63.57	78.84	0	0	0	0	0	0	47	0		//	리볼팅			
	10003	10003	14	40029	0	3	544.45	527.13	44.41	539.15	529.93	44.41	0	0	0	0	0	0	47	0		//	비트레이			
	10003	10003	14	40033	0	3	281.15	698.7	32.03	279.04	700.84	32.03	0	0	0	0	0	0	47	0		//	턴코트			
	10003	10003	14	40041	0	1	219.21	406.35	39.64	219.31	414.99	39.64	0	0	0	0	0	0	43	0		//	수상한경비병(에텔레인)			
	10003	10003	14	40040	0	1	457.93	409.53	39.64	457.86	412.08	39.64	0	0	0	0	0	0	43	0		//	수상한경비병(에텔레인)			
	10003	10003	14	40037	0	1	142.63	233.78	78.84	143.6	235.52	78.84	0	0	0	0	0	0	43	0		//	수상한경비병(에텔레인)			
	10003	10003	14	40038	0	1	326.61	186.02	78.84	326.61	188.9	78.84	0	0	0	0	0	0	43	0		//	수상한경비병(에텔레인)			
	10003	10003	14	40039	0	1	534.07	234.64	78.68	532.64	237.26	78.66	0	0	0	0	0	0	43	0		//	수상한경비병(에텔레인)			
	11	509	14	40035	0	3	-34.96	-20.96	-2.58	-32.66	-17.34	-2.58	0	0	0	0	0	0	47	0		//	턴코트2(설원)			
	//대만크리스마스																					//				
	//10001	10001	14	63908	0	3	-45.79	47.81	-24.75	-45.69	50.91	-24.91	0	0	0	0	0	0	47	0		//	대만_산타			
	//1	503	14	63910	0	3	12	5.07	1.38	12.86	7.48	1.38	0	0	0	0	0	0	47	0		//	대만2주년NPC(야숲)			
	//6	506	14	63911	0	3	13.28	70.44	12.04	16.13	68.26	12.04	0	0	0	0	0	0	47	0		//	대만2주년NPC(지하수로)			
	//중국크리스마스이벤트(08년)																					//				
	//10001	10001	14	63908	0	3	-50.86	41.38	-22.26	-49.78	44	-22.85	0	0	0	0	0	0	47	0		//	축복의산타(중국크리스마스이벤트)			
	//1	503	14	63912	0	3	28.46	30.82	1.38	29.31	23.16	1.38	0	0	0	0	0	0	47	0		//	중국사랑의산타(야숲)			
	//6	506	14	63913	0	3	159.93	78.6	24.14	147.97	80.2	24.14	0	0	0	0	0	0	47	0		//	중국사랑의산타(지하수로)			
	//11	509	14	63914	0	3	5.14	67.39	-2.58	4.19	55.76	-2.58	0	0	0	0	0	0	47	0		//	중국사랑의산타(얼궁)			
	//16	512	14	63915	0	3	39.51	-15.77	3.62	29.64	-10.11	1.95	0	0	0	0	0	0	47	0		//	중국사랑의산타(용족)			
	//24	515	14	63916	0	3	433.21	377.74	23.3	433.75	367.73	23.06	0	0	0	0	0	0	47	0		//	중국사랑의산타(아이올트)			
	//09년_국내_구정이벤트																					//				
	//10001	10001	14	63917	0	3	-50.86	41.38	-22.26	-49.78	44	-22.85	0	0	0	0	0	0	47	0		//	콜로세움의전사			
	//10001	10001	14	63918	0	3	-45.79	47.81	-24.75	-45.69	50.91	-24.91	0	0	0	0	0	0	47	0		//	콜로세움매니저			
	//중국 국경절 이벤트 NPC																					//				
	//10002	10002	14	65353	0	3	139	139	13.85	135.86	176.74	14.35	0	0	0	0	0	0	47	0		//	일본화이트데이			
	//0902 관련 NPC																					//				
	//20206	20206	14	65108	0	3	315.82	199.63	58.13	313.14	198.25	58.08	0	0	0	0	0	0	47	0		//	레이몬드			
	31	610	14	63860	0	3	136.7	200.48	4.12	136.76	199.21	3.68	0	0	0	0	0	0	47	0		//리온
	31	610	14	65109	0	3	85.68	73.33	19.13	87.11	71.85	18.96	0	0	0	0	0	0	47	0		//	남쪽숲의정찰병			
	31	610	14	65110	0	3	123.06	292.3	2.59	122.92	286.63	2.58	0	0	0	0	0	0	47	0		//	북쪽숲의정찰병			
	31	610	14	65111	0	3	33.62	147.21	2.46	35.33	147.65	2.46	0	0	0	0	0	0	47	0		//	사로잡힌수습해방군			
	20001	20001	14	65112	0	3	-178.25	78.56	0.53	-174.28	79.38	0.33	0	0	0	0	0	0	47	0		//	엘리오르			
	20002	20002	14	65113	0	3	-10.2	-66.43	-2.91	-8.09	-67.67	-3.22	0	0	0	0	0	0	47	0		//	피오네			
	20002	20002	14	65114	0	3	137.92	-5.58	10.61	136.55	-3.4	10.11	0	0	0	0	0	0	47	0		//	포어맨			
	20005	20005	14	65115	0	3	319.89	475.39	46.68	316.55	475.65	46.84	0	0	0	0	0	0	47	0		//	경비대장노벨			
	20104	20104	14	65116	0	3	263.53	566.65	94.32	264.56	564.65	94.01	0	0	0	0	0	0	47	0		//	정찰병준			
	20104	20104	14	65117	0	3	446.93	174.61	55.79	444.07	175.48	56.12	0	0	0	0	0	0	47	0		//	정찰병케이			
	20104	20104	14	65118	0	3	159.14	311.6	91.96	161.09	308.35	91.76	0	0	0	0	0	0	47	0		//	정찰대장호머			
	20101	20101	14	65119	0	3	253.64	307.37	14.75	250.06	308.19	14.45	0	0	0	0	0	0	47	0		//	정찰병엘			
	20101	20101	14	65120	0	3	276.66	181.36	17.11	277.04	183.9	17.11	0	0	0	0	0	0	47	0		//	정찰병제이			
	20103	20103	14	65121	0	3	36.46	104.02	7.06	40.26	105.83	7.06	0	0	0	0	0	0	47	0		//	정찰병제트			
	20103	20103	14	65122	0	3	308.08	364.86	31.69	306.64	363.23	31.69	0	0	0	0	0	0	47	0		//	수상한차림의여자			
	20102	20102	14	65123	0	3	82.42	427.44	0.89	85.27	424.44	0.27	0	0	0	0	0	0	47	0		//	정찰병카이			
	20102	20102	14	65124	0	3	303.44	211.09	14.83	303.4	212.81	14.83	0	0	0	0	0	0	47	0		//	정찰명화이트			
	20102	20102	14	65125	0	3	73.86	-19.15	9.64	75.65	-21.36	9.64	0	0	0	0	0	0	47	0		//	정찰병위트모어			
	20106	20106	14	65126	0	3	919.72	312.94	34.67	915.66	312.76	34.67	0	0	0	0	0	0	47	0		//	정찰대장로랑			
	20106	20106	14	65127	0	3	573.86	257.46	25.47	571.51	257.48	25.47	0	0	0	0	0	0	47	0		//	겁에질린전령주노			
	20204	20204	14	65128	0	3	-45.09	10.75	21.41	-43.39	12.29	21.36	0	0	0	0	0	0	47	0		//	수비대장볼칸			
	20204	20204	14	65129	0	3	284.99	-35.21	21	285.03	-30.17	20.38	0	0	0	0	0	0	47	0		//	정찰병제드			
	20201	20201	14	65130	0	3	82.2	156.28	33.88	82.07	152.91	33.85	0	0	0	0	0	0	47	0		//	정찰병로그			
	20201	20201	14	65131	0	3	578.22	377.77	42.64	577.92	380.12	42.59	0	0	0	0	0	0	47	0		//	정찰병웨스트			
	20202	20202	14	65132	0	3	211.16	67.81	29.41	212.68	66.29	29.11	0	0	0	0	0	0	47	0		//	길을잃은수색병조단			
	20202	20202	14	65133	0	3	332.17	89.37	27.14	327.15	89.96	27.12	0	0	0	0	0	0	47	0		//	길을잃은수색병폴			
	20202	20202	14	65134	0	3	142.19	192.55	29.22	141.66	189.51	29.19	0	0	0	0	0	0	47	0		//	길을잃은수색병샘			
	20202	20202	14	65135	0	3	199.81	208.29	29.26	202.68	208.67	29.26	0	0	0	0	0	0	47	0		//	소색병코폴라			
	20202	20202	14	65136	0	3	337.23	398.36	33.2	334.28	398.7	33.2	0	0	0	0	0	0	47	0		//	성외곽전투지휘관			
	20202	20202	14	65137	0	3	130.4	350.12	33.2	134.57	354.1	33.2	0	0	0	0	0	0	47	0		//	설원진격대장			
	20203	20203	14	65138	0	3	20.84	-6.12	0	17.81	-6.05	0	0	0	0	0	0	0	47	0		//	설원진격대장			
	20203	20203	14	65139	0	3	-18.84	-65.18	0	-15.82	-63.3	0	0	0	0	0	0	0	47	0		//	설원진격부단장			
	20205	20205	14	65140	0	3	-550.5	34.69	2.59	-542.01	28.76	1.99	0	0	0	0	0	0	47	0		//	폐허의탑진격부대장			
	20205	20205	14	65141	0	3	-292.47	100.82	2.48	-288.03	98.24	1.82	0	0	0	0	0	0	47	0		//	폐허의탑진격전령			
	20205	20205	14	65142	0	3	-40.23	345.5	1.15	-46.63	339.38	1.27	0	0	0	0	0	0	47	0		//	폐허의탑북쪽탐색병			
	20205	20205	14	65143	0	3	-75.99	-199.67	1.86	-70.42	-196.11	1.82	0	0	0	0	0	0	47	0		//	폐허의탑남쪽탐색병			
	20205	20205	14	65144	0	3	331	-21.44	3.02	331.44	-15.25	3.31	0	0	0	0	0	0	47	0		//	폐허의탑남서쪽탐색병			
	54061	54061	14	65145	0	3	953.2	1018.02	87.54	947.09	1018.99	88.17	0	0	0	0	0	0	47	0		//	고룡무덤정찰부대장			
	54061	54061	14	65146	0	3	259.25	687.79	100.16	256.64	687.25	100.23	0	0	0	0	0	0	47	0		//	고룡무덤정찰병젠			
	54061	54061	14	65147	0	3	842.7	596.54	68.73	840.01	593.83	69.02	0	0	0	0	0	0	47	0		//	고룡무덤정찰병바크			
	54061	54061	14	65148	0	3	375.09	407.72	43.88	378.87	401.23	43.63	0	0	0	0	0	0	47	0		//	고룡무덤정찰대장			
	54061	54061	14	65149	0	3	353.86	194.46	111.09	350.58	191.46	110.85	0	0	0	0	0	0	47	0		//	고룡무덤정찰병제크			
	54061	54061	14	65150	0	3	85.19	71.75	96.73	89.43	69.16	96.68	0	0	0	0	0	0	47	0		//	전령트라임			
	54081	54081	14	65151	0	3	-147.56	107.79	14.36	-174.98	110.98	13.85	0	0	0	0	0	0	47	0		//	고룡무덤돌격부대장레츠			
	54081	54081	14	65152	0	3	418.03	48.09	19.54	416.63	50.54	19.26	0	0	0	0	0	0	47	0		//	고룡무덤전령보이드			
	54081	54081	14	65153	0	3	-240.54	166.78	23.71	-237.18	164.7	23.19	0	0	0	0	0	0	47	0		//	고룡무덤돌격1분대장			
	54081	54081	14	65154	0	3	-190.88	-606.47	28.9	-186.09	-605.83	28.71	0	0	0	0	0	0	47	0		//	고룡무덤돌격2분대장			
	54001	54001	14	65155	0	3	565.97	404.93	76.07	565.02	409.29	75.05	0	0	0	0	0	0	47	0		//	고룡무덤돌격연대장클락			
	54001	54001	14	65156	0	3	504.92	51.25	59.08	506.33	49.85	58.59	0	0	0	0	0	0	47	0		//	고룡무덤돌격3분대장			
	54001	54001	14	65157	0	3	284.52	574.84	46.3	282397	574.39	46.04	0	0	0	0	0	0	47	0		//	고룡무덤돌격4분대장			
	54001	54001	14	65158	0	3	536.84	532.28	76.23	538.02	535.01	76.51	0	0	0	0	0	0	47	0		//	발키리클랜정찰병라이라			
	54021	54021	14	65159	0	3	171.21	532.39	84.2	170.44	535.26	84.2	0	0	0	0	0	0	47	0		//	울부짓는골짜기의수색병			
	54021	54021	14	65160	0	3	260.85	443.08	81.45	261.83	442.36	81.15	0	0	0	0	0	0	47	0		//	발키리믈랜정찰병제이나			
	54021	54021	14	65161	0	3	486	115.54	35.17	483.5	116.99	34.91	0	0	0	0	0	0	47	0		//	발키리클랜정찰부대장인스			
	54021	54021	14	65162	0	3	108.01	396.57	80.83	108.01	394.37	80.83	0	0	0	0	0	0	47	0		//	붙잡힌해방군1			
	54021	54021	14	65163	0	3	107.94	368.89	80.83	107.98	370.27	80.83	0	0	0	0	0	0	47	0		//	붙잡힌해방군2			
	54041	54041	14	65164	0	3	-0.46	-79.61	-12.08	2.71	-77.34	-12.25	0	0	0	0	0	0	47	0		//	용기사단수색대장아리오스			
	54041	54041	14	65165	0	3	-89.99	30.31	-6.01	-88.66	26.43	-6.02	0	0	0	0	0	0	47	0		//	발키리클랜수색부대장티나			
	54041	54041	14	65166	0	3	-58.66	33.32	-9	-56.76	34.69	-9	0	0	0	0	0	0	47	0		//	용기사단장의영혼			
	54041	54041	14	65167	0	3	107.81	43.02	-3	105.12	39.13	-3.02	0	0	0	0	0	0	47	0		//	이성의봉인마법사			
	54041	54041	14	65168	0	3	-66.55	64.87	-0.98	-65.4	61.68	-2.96	0	0	0	0	0	0	47	0		//	기억의봉인마법사			
	54041	54041	14	65169	0	3	4.75	111.61	0	0.23	111.07	0	0	0	0	0	0	0	47	0		//	용기사단연대장케이오			
	55061	55061	14	65170	0	3	882.75	401.14	1.68	885.42	402.24	2.12	0	0	0	0	0	0	47	0		//	해방군전령졸탄			
	55061	55061	14	65171	0	3	842.83	558.94	11	837.4	586.72	11	0	0	0	0	0	0	47	0		//	묘지기스컬			
	55061	55061	14	65172	1	0	812.17	717.17	19.16	815.22	713.84	18.3	0	0	0	0	0	0	47	0		//	역병걸린시체			
	55061	55061	14	65173	0	3	650.01	658.62	11.4	657.77	657.51	11.17	0	0	0	0	0	0	47	0		//	조사관애덤스			
	55061	55061	14	65174	0	3	412.39	717.65	11.19	413.79	713.59	10.58	0	0	0	0	0	0	47	0		//	해방군전령키논			
	55061	55061	14	65175	0	3	258.22	617.89	13.95	253.15	618.87	13.21	0	0	0	0	0	0	47	0		//	고통의묘지정찰대장드미트리			
	55061	55061	14	65176	0	3	192.76	107.87	7.95	195.13	112.83	6.93	0	0	0	0	0	0	47	0		//	고통의묘지정찰대원로쉬포프			
	55061	55061	14	65177	0	3	344.04	350.29	-1.22	343.13	356.76	-1.29	0	0	0	0	0	0	47	0		//	학자해밀턴			
	55001	55001	14	65178	0	3	491.4	-101.49	-5.32	493.27	-101.41	-5.59	0	0	0	0	0	0	47	0		//	순찰병마티스			
	55001	55001	14	65179	0	3	526.39	424.49	14.42	517.23	424.59	16.61	0	0	0	0	0	0	47	0		//	해방군순찰대장이스트먼			
	55001	55001	14	65180	0	3	533.47	-30.46	-2.08	534.3	-33.91	-2.44	0	0	0	0	0	0	47	0		//	도굴범와인버그			
	55001	55001	14	65181	0	0	605.4	189.66	4.4	603.98	189.63	4.4	0	0	0	0	0	0	47	0		//	해방군기밀문서1			
	55001	55001	14	65182	0	0	590.08	290.79	7.58	585.23	290.56	7.58	0	0	0	0	0	0	47	0		//	해방군기밀문서2			
	55001	55001	14	65183	0	0	438.18	294.46	8.43	439.28	288.83	8.19	0	0	0	0	0	0	47	0		//	해방군기밀문서3			
	55001	55001	14	65184	0	0	412.93	210.7	5.63	413.59	209.19	5.63	0	0	0	0	0	0	47	0		//	해방군기밀문서4			
	55021	55021	14	65185	0	3	7.57	-194.42	-31.54	6.59	-192.33	-33.54	0	0	0	0	0	0	47	0		//	해방군연락병네빌			
	55021	55021	14	65186	0	3	9.89	-242.44	-53.97	12.18	-244.4	-53.97	0	0	0	0	0	0	47	0		//	조사관캔들			
	55021	55021	14	65187	0	0	104.41	-156.63	-45.66	101.11	-156.66	-45.66	0	0	0	0	0	0	47	0		//	사교의제물1			
	55021	55021	14	65188	0	0	34.39	-143.78	-45.66	34.78	-147.2	-45.66	0	0	0	0	0	0	47	0		//	사교의제물2			
	55021	55021	14	65189	0	3	199.24	-382.9	-55.22	199.18	-380.1	-55.26	0	0	0	0	0	0	47	0		//	해방군수색병쿠퍼			
	55021	55021	14	65190	0	3	133.51	-411.1	-55.72	131.4	-408.92	-55.72	0	0	0	0	0	0	47	0		//	해방군수색병한스			
	55041	55041	14	65191	0	3	64.34	-13.46	-3.96	56.14	-9.88	-5.26	0	0	0	0	0	0	47	0		//	해방군돌격부대장그로스			
	55101	55101	14	65192	0	3	422.52	282.22	11.26	420.01	282.29	11.11	0	0	0	0	0	0	47	0		//	해방군돌격연대장코맥			
	55101	55101	14	65193	0	3	177.44	138.99	-6.81	175.26	137.86	-6.81	0	0	0	0	0	0	47	0		//	사로잡힌시민1			
	55101	55101	14	65194	0	3	250.19	211.25	0.72	249.37	208.52	0.72	0	0	0	0	0	0	47	0		//	사로잡힌시민2			
	55081	55081	14	65195	0	3	264.07	370.78	2.47	261.86	372.61	2.47	0	0	0	0	0	0	47	0		//	해방군전령램			
	55121	55121	14	65196	0	3	392.21	384.71	9.53	400	389.62	9.53	0	0	0	0	0	0	47	0		//	해방군돌격부단장샤르파크			
	55121	55121	14	65197	0	3	407.82	384.48	9.53	400	389.62	9.53	0	0	0	0	0	0	47	0		//	해방군돌격부단장그룬베르크			
	55081	55081	14	65198	0	3	652.11	275.19	1.89	651.4	275.19	1.89	0	0	0	0	0	0	47	0		//	대제례의식의제물1			
	55081	55081	14	65199	0	3	147.99	275.22	1.89	149.71	275.22	1.82	0	0	0	0	0	0	47	0		//	대제례의식의제물2			
	55081	55081	14	65200	0	3	310.41	176.3	1.23	310.34	174.45	1.25	0	0	0	0	0	0	47	0		//	대제례의식의제물3			
	55081	55081	14	65201	0	3	490.19	172.84	1.1	491.39	172.79	1.1	0	0	0	0	0	0	47	0		//	대제례의식의제물4			
	20103	20103	14	65203	1	0	65.95	121.12	7.06	64.96	188.99	7.06	0	0	0	0	0	0	47	0		//	정찰병의시체1			
	20103	20103	14	65204	1	0	92.75	102.28	7.06	91.18	103	7.06	0	0	0	0	0	0	47	0		//	정찰병의시체2			
	20103	20103	14	65205	1	0	142.7	114.8	7.06	141.27	112.3	7.06	0	0	0	0	0	0	47	0		//	정찰병의시체3			
	20103	20103	14	65206	1	0	161.31	94.79	7.06	157.42	92.02	7.06	0	0	0	0	0	0	47	0		//	정찰병의시체4			
	20103	20103	14	65207	1	0	188.78	114.29	7.06	183.56	110.26	7.06	0	0	0	0	0	0	47	0		//	정찰병의시체5			
	20103	20103	14	65208	1	0	169.97	127.7	7.06	166.83	123.62	7.06	0	0	0	0	0	0	47	0		//	정찰병의시체6			
	//10001	10001	14	63919	0	3	-50.86	41.38	-22.26	-49.78	44	-22.85	0	0	0	0	0	0	47	0		//	해방군이벤트요원윈드			
	//0903 관련 NPC																					//				
	54081	54081	14	63920	0	3	-275.83	-295.5	144.61	-271.84	-295.29	144.61	0	0	0	0	0	0	47	0		//	정찰병네비			
	54021	54021	1	63921	0	0	350.56	342.55	76.33	350.69	343.62	76.33	0	0	0	0	0	0	1	0		//	괴인			
	55041	55041	14	63922	0	3	64.4	2.43	-3.96	56.24	-1.81	-5.26	0	0	0	0	0	0	47	0		//	석실조사관빌			
	55041	55041	14	63923	1	0	60.64	-5.83	-3.31	59.89	-5.88	-3.31	0	0	0	0	0	0	47	0		//	석관앞시체			
	55081	55081	14	63924	0	3	251.16	389.34	2.47	252.99	389.93	2.47	0	0	0	0	0	0	47	0		//	발키리파견요원클라라			
	55081	55081	14	63925	0	3	571.77	327.8	-5	569.64	328.68	-5	0	0	0	0	0	0	47	0		//	도굴범버그와인			
	55121	55121	14	63926	0	3	408	364.8	9.53	399.97	359.79	9.53	0	0	0	0	0	0	47	0		//	에테르연구원사라			
	2	2	14	65216	0	3	6.58	74.95	5.84	4.01	72.48	6.16	0	0	0	0	0	0	47	0		//	수색병아헨			
	2	2	14	65217	0	3	-50.61	39.98	-0.21	-49.2	41.18	-0.44	0	0	0	0	0	0	47	0		//	수색병아그람			
	2	2	14	65218	0	3	-61.81	-24.58	-4.86	-60.05	-26.51	-5.1	0	0	0	0	0	0	47	0		//	수색병알토나			
	2	2	14	65219	0	3	-7.59	-78.25	-3.76	-7.39	-75.96	-3.73	0	0	0	0	0	0	47	0		//	수색병슈비츠			
	3	3	14	65220	0	3	-3.93	23.83	-2.34	-10.92	20.89	-2.56	0	0	0	0	0	0	47	0		//	수색병바텐			
	3	1	14	65221	0	3	-179.73	300.04	10.12	-181.22	297.51	10.3	0	0	0	0	0	0	47	0		//	수색병보훔			
	3	1	14	65222	0	3	-198.77	165.2	9.92	-197.34	162.75	7.66	0	0	0	0	0	0	47	0		//	수색병보텐			
	3	1	14	65223	0	3	-201.49	101.58	0.84	-203.11	103.33	0.96	0	0	0	0	0	0	47	0		//	수색병아이펠			
	3	1	14	65224	0	3	-201.58	247.84	18.81	-198.6	249.82	18.72	0	0	0	0	0	0	47	0		//	수색병엠덴			
	4	2	14	65225	0	3	-8.85	-67.69	-3.12	-9.79	-70.25	-3.4	0	0	0	0	0	0	47	0		//	수색병델스베르크			
	4	2	14	65226	0	3	119.76	7.69	9.78	112.14	6.61	9.78	0	0	0	0	0	0	47	0		//	수색병엠스			
	4	1	14	65227	0	3	-230.27	310.03	18.32	-228.65	310.16	17.93	0	0	0	0	0	0	47	0		//	수색병에르푸르트			
	4	1	14	65228	0	3	-106.53	63.45	14.6	-109.86	67.27	13.92	0	0	0	0	0	0	47	0		//	수색병에를랑켄			
	1	1	14	65229	0	3	-123.94	367.09	28.12	-126.44	362.63	28.24	0	0	0	0	0	0	47	0		//	수색병고타			
	1	2	14	65230	0	3	119.76	7.69	9.78	112.14	6.61	9.78	0	0	0	0	0	0	47	0		//	수색병호지			
	1	3	14	65231	0	3	52.99	-51.23	-2.34	49.53	-49.15	-2.35	0	0	0	0	0	0	47	0		//	수색병에센			
	9	19	14	65232	0	3	224.53	130.3	16.03	225.51	129.45	16.03	0	0	0	0	0	0	47	0		//	수색병하겐			
	9	19	14	65233	0	3	328.52	22.47	9.9	331.39	21.07	9.9	0	0	0	0	0	0	47	0		//	수색병할레			
	9	19	14	65234	0	3	335.35	116.81	9.9	337.19	113.68	9.9	0	0	0	0	0	0	47	0		//	수색병헤센			
	9	19	14	65235	0	3	311.33	183.48	19.84	311.2	186.73	19.84	0	0	0	0	0	0	47	0		//	수색병홀스타인			
	7	5	14	65236	0	3	318.29	222.62	17.3	316.43	222.52	17.46	0	0	0	0	0	0	47	0		//	수색병크라카우			
	7	5	14	65237	0	3	103.66	274.99	9.77	102.94	276.19	9.77	0	0	0	0	0	0	47	0		//	수색병크레펠트			
	7	5	14	65238	0	3	191.22	148.52	3.32	189.02	151.85	3.32	0	0	0	0	0	0	47	0		//	수색병마인츠			
	7	5	14	65239	0	3	83.1	-27.53	9.64	83.12	-25.78	9.64	0	0	0	0	0	0	47	0		//	수색병미텔란트			
	7	1006	14	65241	0	3	126.56	104.64	7.06	131.42	103.27	7.06	0	0	0	0	0	0	47	0		//	수색병코블랜츠			
	7	1006	14	65240	0	3	290.68	272.4	31.7	292.45	267.84	31.7	0	0	0	0	0	0	47	0		//	수색부대장렘샤이트			
	8	5	14	65242	0	3	81.22	428.59	1.13	82.84	425.8	0.55	0	0	0	0	0	0	47	0		//	수색병포젠			
	8	5	14	65243	0	3	114.8	333.6	9.76	109.64	332.07	9.76	0	0	0	0	0	0	47	0		//	수색병팔츠			
	8	5	14	65244	0	3	169.91	169.25	4.61	173.04	161.55	4.62	0	0	0	0	0	0	47	0		//	수색병루루			
	8	5	14	65245	0	3	62.29	169.89	9.59	72.89	173.58	9.59	0	0	0	0	0	0	47	0		//	수색병지겐			
	8	5	14	65246	0	3	104.85	172.97	9.58	102.87	173.33	9.58	0	0	0	0	0	0	47	0		//	수색병지텐			
	6	4	14	65248	0	3	51.36	191.07	16.28	46.39	190.78	16.24	0	0	0	0	0	0	47	0		//	돌격병보름스			
	6	4	14	65249	0	3	366.1	163.94	12.36	368.65	160.18	12.28	0	0	0	0	0	0	47	0		//	돌격병오스테			
	6	5	14	65250	0	3	78.91	-16.39	9.64	81.01	-23.64	9.64	0	0	0	0	0	0	47	0		//	보급병요나스			
	6	5	14	65251	0	3	183.97	147.9	3.33	183.15	147.89	3.33	0	0	0	0	0	0	47	0		//	돌격병하스			
	6	5	14	65252	0	3	332.17	222.05	17.3	317.27	221.39	17.47	0	0	0	0	0	0	47	0		//	전령베어바움			
	6	505	14	65253	0	3	85.81	99.46	33.22	84.18	96.56	33.55	0	0	0	0	0	0	47	0		//	겁쟁이요스			
	6	506	14	65254	0	3	29.79	48.48	12.04	2.86	48.48	12.04	0	0	0	0	0	0	47	0		//	대장볼푸스부르크			
	6	506	14	65255	0	3	28.29	50.48	12.04	2.86	48.48	12.04	0	0	0	0	0	0	47	0		//	해방군돌격병1			
	6	506	14	65256	0	3	28.29	46.48	12.04	2.86	48.48	12.04	0	0	0	0	0	0	47	0		//	해방군돌격병2			
	6	5	14	65262	1	0	25.8	196.08	9.6	31.08	195.86	9.6	0	0	0	0	0	0	47	0		//	돌격부대보급물품			
	10001	10001	14	65257	0	3	-59.02	36.04	-22.26	-61.08	36.06	-22.26	0	0	0	0	0	0	47	0		//	대지의시련사제드리아드스			
	10001	10001	14	65258	0	3	-52.99	42.03	-22.26	-53.01	43.37	-22.43	0	0	0	0	0	0	47	0		//	물의시련사제나이아드스			
	10003	10003	14	65259	0	3	350.88	407.84	43.1	352.5	407.88	43.1	0	0	0	0	0	0	47	0		//	불의시련사제오레아드스			
	10003	10003	14	65260	0	3	325.81	407.7	43.1	324.06	407.68	43.1	0	0	0	0	0	0	47	0		//	바람의시련사제나파에아스			
	10003	10003	14	65261	0	3	338.35	420.2	43.1	338.41	422.06	43.1	0	0	0	0	0	0	47	0		//	어둠의시련사제네레이드			
	//0904 관련 NPC																					//				
	10001	10001	25	65263	1	3	-57.34	24	-24.66	-56.8	18.46	-24.97	0	0	0	0	0	0	42	0		//	하임로또			
	10002	10002	25	65264	1	3	150.46	165.09	15.51	144.9	166.35	15.1	0	0	0	0	0	0	42	0		//	하임로또			
	10003	10003	25	65265	1	3	401.05	400.68	39.57	400.97	400.18	39.57	0	0	0	0	0	0	42	0		//	하임로또			
	12	101	14	65266	0	3	88.9	154.81	33.75	85.68	153.39	33.65	0	0	0	0	0	0	47	0		//	특수요원파벨			
	12	101	14	65267	0	3	497.8	165.55	23.14	494.64	166.47	22.92	0	0	0	0	0	0	47	0		//	정찰병소피			
	12	101	14	65268	0	3	363.26	433.82	23.88	363.4	432.15	23.3	0	0	0	0	0	0	47	0		//	정찰병시온			
	12	7	14	65269	0	3	551.36	342.16	41.91	551.57	339.64	41.45	0	0	0	0	0	0	47	0		//	특수요원깁스			
	12	7	14	65270	0	3	550.32	113.84	36.5	55033	115.89	36.03	0	0	0	0	0	0	47	0		//	정찰병팀			
	12	7	14	65271	0	3	304.59	202.54	52.86	301	205.73	52.52	0	0	0	0	0	0	47	0		//	정찰병바이퍼			
	12	7	14	65272	0	3	108.68	170.82	32.06	110.25	168.57	32.08	0	0	0	0	0	0	47	0		//	정찰병모스			
	13	20	14	65273	0	3	88.9	154.81	33.75	85.68	153.39	33.65	0	0	0	0	0	0	47	0		//	전투지휘관톰슨			
	13	20	14	65274	0	3	550.08	123.93	36.1	547	124.97	36.12	0	0	0	0	0	0	47	0		//	1소대장크로스			
	13	20	14	65275	0	3	291.53	265.15	49.47	291.34	263.1	49.5	0	0	0	0	0	0	47	0		//	2소대장스미스			
	13	20	14	65276	0	3	471.19	406.16	39.4	475.09	403.6	39.26	0	0	0	0	0	0	47	0		//	3소대장베인			
	14	8	14	65277	0	3	211.9	61.74	29.24	212.85	59.87	29.09	0	0	0	0	0	0	47	0		//	설원진격중대장카인			
	14	8	14	65278	0	3	200.48	209.03	29.24	201.65	207.04	29.27	0	0	0	0	0	0	47	0		//	척후병미키			
	14	8	14	65279	0	3	207.19	334.06	32.69	207.21	333.72	32.49	0	0	0	0	0	0	47	0		//	척후병윌슨			
	14	9	14	65280	0	3	-60.26	-4.63	-1.12	-60.34	-3.27	-1.12	0	0	0	0	0	0	47	0		//	선임척후병마르코			
	11	7	14	65281	0	3	297.02	171.12	33.55	295.43	171.94	33.61	0	0	0	0	0	0	47	0		//	탐색병빈			
	11	7	14	65282	0	3	411.9	390.8	38.33	410.94	390.79	38.33	0	0	0	0	0	0	47	0		//	탐색병다니엘			
	11	8	14	65283	0	3	164.26	132.62	29.13	163.32	131.63	28.88	0	0	0	0	0	0	47	0		//	수색병윌리			
	11	8	14	65284	0	3	207.11	184.9	28.93	207.7	186.3	28.68	0	0	0	0	0	0	47	0		//	수색병맥스			
	11	8	14	65285	0	3	185.74	329.39	33.2	187.56	325.76	33.15	0	0	0	0	0	0	47	0		//	수색병찰스			
	11	508	14	65286	0	3	40.03	24.94	1	40.02	23.88	1	0	0	0	0	0	0	47	0		//	수색병왓슨			
	11	9	14	65287	0	3	5.87	-70.74	0	4.73	-73.3	0	0	0	0	0	0	0	47	0		//	수색병수단			
	11	509	14	65288	0	3	-18.79	-27.36	-2.58	-19.62	-28.82	-2.58	0	0	0	0	0	0	47	0		//	선발대장마이트			
	17	10	14	65289	0	3	282.94	556.64	45.35	283.39	557.43	45.04	0	0	0	0	0	0	47	0		//	정찰대장닐슨			
	17	10	14	65290	0	3	529.68	69.46	69.25	530.11	71.75	68.72	0	0	0	0	0	0	47	0		//	정찰병마크			
	17	10	14	65291	0	3	539.41	172.64	73.08	541.81	173.4	73.48	0	0	0	0	0	0	47	0		//	정찰병단			
	17	10	14	65292	0	3	450.09	229.25	72.76	450.98	227.87	72.19	0	0	0	0	0	0	47	0		//	정찰병해리거			
	17	10	14	65293	0	3	484.4	414.79	73.77	486.09	415.3	73.65	0	0	0	0	0	0	47	0		//	정찰병잭			
	17	11	14	65294	0	3	142.65	521.52	83.11	144.36	523.54	83.18	0	0	0	0	0	0	47	0		//	정찰대장하이든			
	18	10	14	65295	0	3	593.57	431.65	78.57	590.58	431.2	78.11	0	0	0	0	0	0	47	0		//	발키리클랜원피비			
	18	11	14	65296	0	3	247.97	426.68	81.37	249.57	427	81.07	0	0	0	0	0	0	47	0		//	발키리클랜원진			
	18	11	14	65297	0	3	491.56	140.91	36.81	490.82	142.42	36.85	0	0	0	0	0	0	47	0		//	발키리클랜원제이나			
	18	11	14	65298	0	3	180.11	388.62	80.89	178.39	387.41	80.92	0	0	0	0	0	0	47	0		//	발키리클랜원제인			
	18	522	14	65299	0	3	-2.74	37.38	-0.79	-2.02	38.99	-0.68	0	0	0	0	0	0	47	0		//	발키리클랜원줄리아			
	19	11	14	65300	0	3	479.58	108.75	33.67	475.52	104.31	33.07	0	0	0	0	0	0	47	0		//	수장구출작전지휘관웨인스			
	19	11	14	65301	0	3	251.13	279.28	72	248.29	281.8	72	0	0	0	0	0	0	47	0		//	정찰요원리나			
	19	11	14	65302	0	3	169.79	389.92	81.51	170.67	389.33	81.05	0	0	0	0	0	0	47	0		//	수색요원타미			
	19	11	14	65303	0	3	42.3	465.07	76.65	42.38	461.96	75.59	0	0	0	0	0	0	47	0		//	정찰요원해리			
	19	11	14	65304	0	3	153.02	528.98	83.27	150.73	528.66	83.04	0	0	0	0	0	0	47	0		//	정찰요원미구엘			
	19	12	14	65305	0	3	-0.25	-76.33	-12.02	3.61	-76.42	-12.29	0	0	0	0	0	0	47	0		//	수색요원달시			
	19	521	14	65306	0	3	-7.76	-35.69	1.95	-5.77	-33	1.95	0	0	0	0	0	0	47	0		//	수색요원알렉스			
	19	519	14	65307	0	3	-7.76	-35.69	1.95	-5.77	-33	1.95	0	0	0	0	0	0	47	0		//	수색요원피스			
	19	12	14	65308	0	3	20.19	-22.15	-45.89	17.97	-17.56	-47.29	0	0	0	0	0	0	47	0		//	정찰요원제임스			
	19	12	14	65309	0	3	93.21	-14.36	-2.86	87.82	-14.91	-3.07	0	0	0	0	0	0	47	0		//	수색요원릴라			
	19	520	14	65310	0	3	7.47	-25.4	1.95	8.66	-25.04	1.95	0	0	0	0	0	0	47	0		//	정찰요원베어스			
	16	10	14	65311	0	3	557.34	32.46	60.66	562.04	30.06	60.86	0	0	0	0	0	0	47	0		//	정찰병그린			
	16	10	14	65312	0	3	536.28	401.6	70.19	537.01	406.09	69.02	0	0	0	0	0	0	47	0		//	정찰병게이			
	16	510	14	65313	0	3	-2.74	37.38	-0.79	-2.02	38.99	-0.68	0	0	0	0	0	0	47	0		//	수색요원레스			
	16	11	14	65314	0	3	466.91	92.03	32.52	464.22	91.59	32.58	0	0	0	0	0	0	47	0		//	정찰요원키드			
	16	11	14	65315	0	3	198.45	291.13	63.91	198.51	288.38	64.29	0	0	0	0	0	0	47	0		//	고고학전문가존스			
	16	11	14	65316	0	3	282.03	459.34	82.07	281.08	458.7	82	0	0	0	0	0	0	47	0		//	겁쟁이빈			
	16	11	14	65317	0	3	86.72	500.2	83.04	84.09	499.76	83.04	0	0	0	0	0	0	47	0		//	정예수색병베킨스			
	16	511	14	65318	0	3	200.83	159.82	26.52	201.36	162.33	26.52	0	0	0	0	0	0	47	0		//	정예정찰병멀덕			
	16	511	14	65319	0	3	47.33	145.74	34.26	48.56	146.27	34.26	0	0	0	0	0	0	47	0		//	정예정찰병스컬린			
	16	12	14	65320	0	3	-0.25	-76.33	-12.02	3.81	-76.42	-12.29	0	0	0	0	0	0	47	0		//	정찰대장밀러			
	16	12	14	65321	0	3	13.18	-68.95	-12.05	13.43	-70.86	-12.14	0	0	0	0	0	0	47	0		//	수색대장리온			
	16	512	14	65322	0	3	-14.45	-29.91	1.95	-13.25	-30.44	1.95	0	0	0	0	0	0	47	0		//	최정예요원이든			
	22	107	14	65323	0	3	416.25	251.28	11.16	416.21	249.81	11.16	0	0	0	0	0	0	47	0		//	도굴범와인버그			
	23	14	14	65324	0	3	74.4	-394	-60.14	71.49	-392.76	-60.14	0	0	0	0	0	0	47	0		//	도굴범와인버그			
	24	105	14	65325	0	3	310.39	234.45	-5.09	309.5	232.56	-5.09	0	0	0	0	0	0	47	0		//	도굴범버그와인			
	25	108	14	65326	0	3	90	-10.21	-3.88	86.25	-8.83	-3.88	0	0	0	0	0	0	47	0		//	마리안느			
	//21	116	14	65327	0	3	418.53	327.16	22.95	419.71	329.23	22.95	0	0	0	0	0	0	47	0		//	암살자크리스			
	20205	20205	14	65330	0	3	-24.53	-36.64	2.97	-22.82	-34.42	2.53	0	0	0	0	0	0	47	0		//	얼음의정령			
	20205	20205	14	65332	0	3	27.46	273.93	0.45	26.46	271.87	0.45	0	0	0	0	0	0	47	0		//	눈의정령			
	54001	54001	14	65334	0	3	761.85	297.32	67.42	758.03	298.82	67.8	0	0	0	0	0	0	47	0		//	화염의정령			
	54001	54001	14	65336	0	3	637.34	521.42	77.82	636.83	521.39	77.82	0	0	0	0	0	0	47	0		//	전사의정령			
	54061	54061	14	65352	0	3	286.16	44.12	113.62	286.24	45.54	113.91	0	0	0	0	0	0	47	0		//	사라진전령			
	11	509	14	65342	0	3	5.14	67.39	-2.58	4.19	55.76	-2.58	0	0	0	0	0	0	47	0		//	제국첩자			
	//0905 관련 NPC																					//				
	10004	10004	25	65354	1	3	46.45	-12.42	-1.62	45.95	-16.04	-1.52	0	0	0	0	0	0	42	0		//	하임로또			
	10004	10004	14	65417	0	3	-45.68	42.39	54.03	-45.24	42.39	54.03	0	0	0	0	0	0	47	0		//	천문학자루카			
	//10004	10004	14	0	0	3	114.26	20.49	16.06	114.21	22.74	16.06	0	0	0	0	0	0	47	0		//	사제			
	//10004	10004	14	0	0	3	-44.3	-31	0.48	-44.8	-31.18	0.22	0	0	0	0	0	0	47	0		//	자경단원1			
	//10004	10004	14	0	0	3	-49.04	-35.47	0.42	-49.37	34.95	0.14	0	0	0	0	0	0	47	0		//	자경단원2			
	//10004	10004	14	0	0	3	-58.34	-23.95	0.66	-57.44	-23.13	0.41	0	0	0	0	0	0	47	0		//	자경단원3			
	10002	10002	1	65418	0	3	168.61	148.57	15.94	158.15	156.41	15.88	0	0	0	0	0	160002	41	0		//	브랜든(마부)			
	10002	10002	14	5409	1	0	171.84	148.75	15.97	158.15	156.41	15.88	0	0	0	0	0	0	41	0		//	군마(디스플레이)			
	56001	56001	14	65380	0	3	9.41	-143.67	1.6	10.87	-143.69	0.98	0	0	0	0	0	0	47	0		//	생물학자드리슈			
	56001	56001	14	65381	0	3	82.1	127.36	17.24	80.33	125.89	17.22	0	0	0	0	0	0	47	0		//	천문학자람베르트			
	56001	56001	5	65368	0	3	-155.43	35.51	-1.63	-155.44	33.95	-1.62	0	0	0	0	0	0	43	0		//	늪지대경비병1			
	56001	56001	5	65369	0	3	-140.37	35.14	-1.74	-140.5	33.51	-1.72	0	0	0	0	0	0	43	0		//	늪지대경비병2			
	56001	56001	5	65370	0	3	-155.16	83.64	-0.3	-111.77	84.99	-0.47	0	0	0	0	0	0	43	0		//	늪지대경비병3			
	56001	56001	5	65371	0	3	-121.58	98.95	0.33	-120.14	98.98	0.43	0	0	0	0	0	0	43	0		//	늪지대경비병4			
	56001	56001	5	65372	0	3	-153.01	122.97	-1.9	-153.01	124.14	-1.95	0	0	0	0	0	0	43	0		//	늪지대경비병5			
	56001	56001	5	65373	0	3	-168.65	122.99	-1.76	-168.54	125.02	1.83	0	0	0	0	0	0	43	0		//	늪지대경비병6			
	56001	56001	14	65374	0	3	-158.3	59.68	-1.3	-157.15	60.02	-1.39	0	0	0	0	0	0	47	0		//	사제바슐라르			
	56001	56001	14	65375	0	3	-164.06	81.63	-1.27	-161.49	81.2	-1.39	0	0	0	0	0	0	47	0		//	사제발렌티누스			
	56001	56001	14	65376	0	3	-161.42	68.89	-0.7	-159.89	68.97	-0.84	0	0	0	0	0	0	47	0		//	자경단원셀림			
	56001	56001	14	65377	0	3	-165.78	97.22	-1.35	-164.88	97.68	-1.37	0	0	0	0	0	0	47	0		//	자경단원셀러			
	56001	56001	14	65378	0	3	-136.94	103.9	-0.01	-136.67	101.16	0.04	0	0	0	0	0	0	47	0		//	발키리클랜정찰병에바			
	56001	56001	14	65379	0	3	-140.29	77.87	-1.38	-141.43	77.78	-1.43	0	0	0	0	0	0	47	0		//	의원분트			
	10004	10004	14	65357	0	0	12.24	-39.66	1.74	11.12	-40.07	1.74	0	0	0	0	0	0	0	0		//	신자의보석1			
	10004	10004	14	65358	0	0	12.71	-52.61	1.74	12.19	-52.88	1.74	0	0	0	0	0	0	0	0		//	신자의보석2			
	10004	10004	14	65359	0	0	-35.56	-42.08	-3.81	-35.49	-44.78	-3.81	0	0	0	0	0	0	0	0		//	신자의보석3			
	10004	10004	14	65360	0	0	-25.46	-38.1	-3.81	-22.44	-35.79	-3.81	0	0	0	0	0	0	0	0		//	신자의보석4			
	10004	10004	14	65361	0	0	-7.29	-16.38	-3.81	-5.31	-18.56	-3.81	0	0	0	0	0	0	0	0		//	신자의보석5			
	56021	56021	14	65388	0	3	415.73	244.32	65	415.24	243.58	65	0	0	0	0	0	0	47	0		//	의원가브리엘			
	56021	56021	14	65396	0	3	391.87	261.83	65.2	389.51	257.1	65.2	0	0	0	0	0	0	47	0		//	전령제페르트			
	56021	56021	14	65397	0	3	411.67	251.94	65.01	409.28	251.13	65.06	0	0	0	0	0	0	47	0		//	부관비트포겔			
	56021	56021	14	65391	0	3	405.58	254.06	65.03	406.03	251.89	65.09	0	0	0	0	0	0	47	0		//	해방군정찰대장슈파이어			
	56021	56021	14	65401	0	3	406.77	204.65	65.2	408.96	205.37	65.14	0	0	0	0	0	0	47	0		//	사제스트라본			
	56021	56021	5	65405	0	3	403.73	226.1	65	402.54	244.95	65.29	0	0	0	0	0	0	43	0		//	해방군병사2			
	56021	56021	14	65402	0	3	349.37	317.44	65	350.59	317.23	65	0	0	0	0	0	0	47	0		//	학자테스피스			
	56021	56021	14	65392	0	3	168.73	79.68	64.99	170.53	79.71	64.99	0	0	0	0	0	0	47	0		//	해방군정찰부대장파펜			
	56021	56021	5	65406	0	3	166.83	72.85	64.99	169.95	72.94	64.99	0	0	0	0	0	0	43	0		//	해방군병사3			
	56021	56021	5	65407	0	3	166.91	86.25	64.99	170.55	86.17	64.99	0	0	0	0	0	0	43	0		//	해방군병사4			
	56021	56021	14	65398	0	3	355.6	97.45	65.92	356.41	98.29	65.65	0	0	0	0	0	0	47	0		//	사제바시나스			
	56021	56021	14	65399	0	3	350.12	103.49	65.29	350.58	104.84	65.22	0	0	0	0	0	0	47	0		//	자경단원자고라키스			
	56021	56021	14	65400	0	3	360.42	90.95	65	361.64	90.82	65	0	0	0	0	0	0	47	0		//	자경당원카라구니스			
	56021	56021	14	65403	0	3	170.06	333.32	65	169.99	331.73	65	0	0	0	0	0	0	47	0		//	학자카라만리스			
	56021	56021	14	65393	0	3	188.75	119.77	65	188.09	120.47	65	0	0	0	0	0	0	47	0		//	해방군정찰병알브레히트			
	56001	56001	14	65385	0	3	-110.04	-106.85	19.28	-109.95	-107.5	19.28	0	0	0	0	0	0	47	0		//	작은에테르고릴라			
	56021	56021	14	65389	0	3	395.82	119.49	65.22	395.24	119.5	65.22	0	0	0	0	0	0	47	0		//	조사관리시포스			
	56021	56021	14	65390	0	3	395.43	107.44	65.21	393.97	107.49	65.21	0	0	0	0	0	0	47	0		//	조사관에르고티모스			
	56021	56021	14	65394	0	3	338.64	343.26	65.71	337.26	343.18	65.71	0	0	0	0	0	0	47	0		//	해방군정찰병베르톨트			
	56021	56021	14	65395	0	3	272.26	47.1	65	273.93	49.85	65	0	0	0	0	0	0	47	0		//	해방군정찰병미헬스			
	//1002관련퀘스트NPC_헬론지하층_1층_서브미션2																					//				
	56041	56041	14	65476	0	3	426.64	288.08	8.83	431	287.86	8.83	0	0	0	0	0	0	47	0		//	해방군돌격대장나나크			
	56041	56041	14	65434	0	3	424.77	292.44	8.83	431	292.4	8.83	0	0	0	0	0	0	47	0		//	해방군돌격병버뱅크			
	56041	56041	14	65435	0	3	425.16	307.27	8.83	431	306.87	8.83	0	0	0	0	0	0	47	0		//	사제베로키오			
	56041	56041	14	65447	0	3	424.76	311.42	8.83	430.4	310.95	8.83	0	0	0	0	0	0	47	0		//	학자라마르크			
	56041	56041	14	65436	0	3	330.63	220.91	-0.15	328.42	217.71	-0.33	0	0	0	0	0	0	47	0		//	사제그라쿠스			
	56041	56041	14	65437	0	3	327.16	208.39	0.26	331.7	205.59	-0.45	0	0	0	0	0	0	47	0		//	실험체NO.332			
	56041	56041	14	65438	0	3	324.07	206.51	0.26	323.54	201.41	-0.38	0	0	0	0	0	0	47	0		//	실험체NO.333			
	56041	56041	14	65439	0	3	324.09	213.85	0.26	324.4	219.04	-0.2	0	0	0	0	0	0	47	0		//	실험체NO.334			
	56041	56041	14	65440	0	3	320.91	212.05	0.26	316.55	214.18	-0.52	0	0	0	0	0	0	47	0		//	실험체NO.335			
	56041	56041	14	65441	0	3	270.87	205.33	5.17	276.74	206.29	3.95	0	0	0	0	0	0	47	0		//	실험체NO.7000			
	56041	56041	14	65442	0	3	269.08	202.17	5.17	217.31	197.6	3.95	0	0	0	0	0	0	47	0		//	실험체NO.7672			
	56041	56041	14	65443	0	3	265.38	202.14	5.17	262.3	196.66	3.95	0	0	0	0	0	0	47	0		//	실험체NO.8001			
	56041	56041	14	65444	0	3	263.57	205.28	5.17	258.44	205.59	3.95	0	0	0	0	0	0	47	0		//	실험체NO.8855			
	56041	56041	14	65445	0	3	265.51	208.44	5.17	262.61	213.74	3.95	0	0	0	0	0	0	47	0		//	실험체NO.9008			
	56041	56041	14	65446	0	3	269.03	208.44	5.17	272.16	231.39	3.95	0	0	0	0	0	0	47	0		//	실험체NO.9999			
	56041	56041	14	65448	0	3	254.92	371.85	4.21	259.81	376.8	4.07	0	0	0	0	0	0	47	0		//	학자레스코			
	56041	56041	14	65449	0	3	227.13	373.77	4.58	225.45	365.51	3.95	0	0	0	0	0	0	47	0		//	주문제어장치			
	56061	56061	14	65450	0	3	-113.26	-7.91	0.12	-110.69	-11.29	0.12	0	0	0	0	0	0	47	0		//	해방군돌격부대장모건			
	56061	56061	14	65451	0	3	-108.39	-3.99	0.12	-103.46	-6.08	0.12	0	0	0	0	0	0	47	0		//	해방군돌격병발머			
	56061	56061	14	65475	0	3	-107.24	0.96	0.12	-102.46	0.88	0.12	0	0	0	0	0	0	47	0		//	사제베르그송			
	56061	56061	14	65453	0	3	-109.83	5.88	0.12	-106.2	7.35	0.12	0	0	0	0	0	0	47	0		//	학자클라라			
	56061	56061	14	65452	0	3	32.31	101.25	-2.07	32.33	105.56	-2.29	0	0	0	0	0	0	47	0		//	주문제어장치			
	56061	56061	14	65454	0	3	21.55	-120.22	-2.29	24.03	-117.93	-2.29	0	0	0	0	0	0	47	0		//	감독관NO.5			
	28	119	14	65478	0	3	430.08	309.45	8.83	435.24	305.77	8.83	0	0	0	0	0	0	47	0		//	해방군돌격병달가스_헬론S2NPC			
	//2009크리스마스이벤트 NPC																					//				
	//10002	10002	14	65420	0	3	134.49	171.16	14.29	149.42	210.97	15.92	0	0	0	0	0	0	47	0		//	행복의산타			
	//10002	10002	14	65421	0	3	132.42	163.3	14.38	137.57	142.5	14.79	0	0	0	0	0	0	47	0		//	축복의산타			
	//10002	10002	14	65422	0	3	127.1	169.71	14.11	96.64	177.66	12.49	0	0	0	0	0	0	47	0		//	사랑의산타			
	//헬론의 성 서브 1 NPC																					//				
	27	118	5	65427	0	3	197.44	13.66	9.43	195.56	65.92	11.35	0	0	0	0	0	0	47	0		//	늪지대정찰병			
	//중국_2010구정이벤트																					//				
	//10003	10003	14	65428	0	3	334.17	181.44	78.84	334.17	188.44	78.84	0	0	0	0	0	0	47	0		//	최고급비단주머니			
	//10003	10003	14	65429	0	3	336.67	181.44	78.84	336.67	188.44	78.84	0	0	0	0	0	0	47	0		//	고급비단주머니			
	//10003	10003	14	65430	0	3	339.17	181.44	78.84	339.17	188.44	78.84	0	0	0	0	0	0	47	0		//	중급비단주머니			
	//10003	10003	14	65431	0	3	342.67	181.44	78.84	342.67	188.44	78.84	0	0	0	0	0	0	47	0		//	초급비단주머니			
	//중국3주년이벤트NPC				0	3																//				
	//1	503	14	64663	0	3	12	5.07	1.38	12.86	7.48	1.38	0	0	0	0	0	0	47	0		//	구정년이벤트NPC(야숲)			
	//6	506	14	64664	0	3	13.28	70.44	12.04	16.13	68.26	12.04	0	0	0	0	0	0	47	0		//	구정이벤트NPC(지하수로)			
	//11	509	14	64665	0	3	-34.96	-20.96	-2.58	-32.66	-17.34	-2.58	0	0	0	0	0	0	47	0		//	구정이벤트NPC(설원)			
	//16	512	14	64666	0	3	-13.79	-28.7	1.95	-11.52	-26.21	1.95	0	0	0	0	0	0	47	0		//	구정이벤트NPC(용족)			
	//21	117	14	64667	0	3	32.67	133.49	18.84	12.59	84.36	18.84	0	0	0	0	0	0	47	0		//	구정이벤트NPC(아이올트)			
	//26	122	14	64668	0	3	229.65	-44.74	73.57	224.45	-39.25	73.59	0	0	0	0	0	0	47	0		//	구정이벤트NPC(헬론)			
	//10001	10001	14	64671	0	3	-50.86	41.38	-22.26	-49.78	44	-22.85	0	0	0	0	0	0	47	0		//	구정이벤트NPC(트링겔)			
//	10002	10002	1	64199	0	3	141.95	183.97	14.72	138.76	176.51	14.48	0	0	0	0	0	160002	47	0		//	출석체크이벤트(베르헨)			
	//헬론의성서브2_검은에테르의정체미션NPC																					//				
	28	119	14	799	0	0	0	0	0	0	0	0	0	0	0	0	0	0	0	301		//	섀도우첨보원_시작지점_헬론S2			
	28	119	14	800	0	0	0	0	0	0	0	0	0	0	0	0	0	0	0	302		//	오크라주민_제1연구실_헬론S2			
	28	119	14	801	0	0	0	0	0	0	0	0	0	0	0	0	0	0	0	303		//	오크라주민_제2연구실_헬론S2			
	28	119	14	802	0	0	0	0	0	0	0	0	0	0	0	0	0	0	0	304		//	사로잡힌오크라주민1_제1지하감옥_헬론S2			
	28	119	14	803	0	0	0	0	0	0	0	0	0	0	0	0	0	0	0	305		//	사로잡힌오크라주민2_제1지하감옥_헬론S2			
	28	119	14	804	0	0	0	0	0	0	0	0	0	0	0	0	0	0	0	306		//	사로잡힌오크라주민3_제1지하감옥_헬론S2			
	28	119	14	805	0	0	0	0	0	0	0	0	0	0	0	0	0	0	0	307		//	사로잡힌오크라주민4_제1지하감옥_헬론S2			
	28	119	14	806	0	0	0	0	0	0	0	0	0	0	0	0	0	0	0	308		//	사로잡힌오크라주민5_제1지하감옥_헬론S2			
	28	119	14	807	0	0	0	0	0	0	0	0	0	0	0	0	0	0	0	309		//	사로잡힌오크라주민6_제1지하감옥_헬론S2			
	28	119	14	808	0	0	0	0	0	0	0	0	0	0	0	0	0	0	0	310		//	사로잡힌오크라주민대표_제1지하감옥_헬론S2			
	28	119	14	809	0	0	0	0	0	0	0	0	0	0	0	0	0	0	0	311		//	사로잡힌오크라주민1_제2지하감옥_헬론S2			
	28	119	14	810	0	0	0	0	0	0	0	0	0	0	0	0	0	0	0	312		//	사로잡힌오크라주민2_제2지하감옥_헬론S2			
	28	119	14	811	0	0	0	0	0	0	0	0	0	0	0	0	0	0	0	313		//	사로잡힌오크라주민3_제2지하감옥_헬론S2			
	28	119	14	812	0	0	0	0	0	0	0	0	0	0	0	0	0	0	0	314		//	사로잡힌오크라주민4_제2지하감옥_헬론S2			
	28	119	14	813	0	0	0	0	0	0	0	0	0	0	0	0	0	0	0	315		//	사로잡힌오크라주민5_제2지하감옥_헬론S2			
	28	119	14	814	0	0	0	0	0	0	0	0	0	0	0	0	0	0	0	316		//	사로잡힌오크라주민6_제2지하감옥_헬론S2			
	28	119	14	815	0	0	0	0	0	0	0	0	0	0	0	0	0	0	0	317		//	사로잡힌오크라주민대표_제2지하감옥_헬론S2			
	28	119	14	816	0	0	0	0	0	0	0	0	0	0	0	0	0	0	0	368		//	오크라주민(도우미)_기계실안_헬론S2			
	//국내_2010월드컵이벤트				0	3																//				
	//10002	10002	14	64669	0	3	157.11	167.56	15.88	156.89	166.31	15.88	0	0	0	0	0	0	41	0		//	국내_2010월드컵(사커워드커)			
	//국내_[이벤트]아르도르퀘스트npc추가				0	3																//				
	//10002	10002	5	64672	0	3	157.11	167.56	15.88	156.89	166.31	15.88	0	0	0	0	0	0	41	0		//	국내_[이벤트]아르도르퀘스트npc추가			
	//10002	10002	5	64673	0	3	159.34	168.51	15.88	156.89	166.31	15.88	0	0	0	0	0	0	41	0		//	국내_[이벤트]아르도르퀘스트npc추가			
	//헬론의성 중층지역_퀘스트NPC																					//				
	56081	56081	14	65480	0	3	209.47	299.55	-2.8	210.09	293.98	-2.81	0	0	0	0	0	0	47	0		//	해방군 부사령관 갈레노스			
	56081	56081	14	65482	0	3	209.98	308.74	-2.8	211.13	300.01	-2.81	0	0	0	0	0	0	47	0		//	부관 마젤란			
	56081	56081	14	65481	0	3	209.64	289.64	-2.8	210.11	306.09	-2.81	0	0	0	0	0	0	47	0		//	부관 버니언			
	56081	56081	14	65483	0	3	254.35	377.82	-2.8	256.33	376.74	-2.81	0	0	0	0	0	0	47	0		//	붉은 봉인의 결계장치			
	56081	56081	14	65484	0	3	344.48	377.68	-2.8	343.6	375.57	-2.81	0	0	0	0	0	0	47	0		//	검은 봉인의 결계장치			
	56081	56081	14	65485	0	3	254.81	221.76	-2.8	255.39	223.63	-2.81	0	0	0	0	0	0	47	0		//	혼탁한 봉인의 결계장치			
	56081	56081	14	65486	0	3	344.42	222.11	-2.8	342.57	223.96	-2.81	0	0	0	0	0	0	47	0		//	부정한 봉인의 결계장치			
	56081	56081	14	65487	0	3	389.42	299.56	-2.8	387.06	298.11	-2.81	0	0	0	0	0	0	47	0		//	결계제어장치			
	56081	56081	14	65499	0	3	246.07	382.25	-2.8	248.65	381.06	-2.81	0	0	0	0	0	0	47	0		//	증식세포(1)			
	56081	56081	14	65500	0	3	299.88	393.19	-3.16	299.88	390.63	-3.17	0	0	0	0	0	0	47	0		//	증식세포(2)			
	56081	56081	14	65501	0	3	353.54	382.25	-2.8	351.18	381.31	-2.81	0	0	0	0	0	0	47	0		//	증식세포(3)			
	56081	56081	14	65502	0	3	248.34	231.25	-2.8	249.65	231.42	-2.81	0	0	0	0	0	0	47	0		//	증식세포(4)			
	56081	56081	14	65503	0	3	299.84	207.62	-3.16	299.79	210.28	-3.17	0	0	0	0	0	0	47	0		//	증식세포(5)			
	56081	56081	14	65504	0	3	354.38	221.29	-2.8	351.89	221.84	-2.81	0	0	0	0	0	0	47	0		//	증식세포(6)			
	//헬론의성 1층지역_퀘스트NPC																					//				
	56061	56061	14	65494	0	3	-91.88	133.34	0.13	-92.54	131.8	0.13	0	0	0	0	0	0	47	0		//	증식세포(1)			
	56061	56061	14	65495	0	3	-76.82	-108.8	0.12	-77.61	-109.02	0.13	0	0	0	0	0	0	47	0		//	증식세포(2)			
	56061	56061	14	65496	0	3	47.99	120.72	-1.09	-46.74	120.48	-1.13	0	0	0	0	0	0	47	0		//	증식세포(3)			
	56061	56061	14	65497	0	3	47.17	-122.1	-1.11	45.6	-122.12	-1.16	0	0	0	0	0	0	47	0		//	증식세포(4)			
	56061	56061	14	65498	0	3	134.87	14.31	0	132.41	14.28	0	0	0	0	0	0	0	47	0		//	증식세포(5)			
	//헬론의성 하층지역_퀘스트NPC																					//				
	56041	56041	14	65490	0	3	351.74	418.96	-4.04	349.16	419.32	-4.41	0	0	0	0	0	0	47	0		//	증식세포(1)			
	56041	56041	14	65491	0	3	289.38	163.74	-4.41	291.81	164.41	-4.41	0	0	0	0	0	0	47	0		//	증식세포(2)			
	56041	56041	14	65492	0	3	190.32	299.83	4.76	193.39	298.99	4.85	0	0	0	0	0	0	47	0		//	증식세포(3)			
	56041	56041	14	65493	0	3	300.06	303.64	4.04	300.03	305.34	4.44	0	0	0	0	0	0	47	0		//	증식세포(4)			
	//헬론의성 서브3지역_퀘스트NPC																					//				
	29	120	14	65488	0	3	-108.07	-4.01	0.11	-107.38	-4.81	0.12	0	0	0	0	0	0	47	0		//	발키리 클랜 부사령관 테레사			
	29	120	14	65489	0	3	-107.31	0.98	0.11	-105.76	1.45	0.12	0	0	0	0	0	0	47	0		//	부관 플로라			
	//헬론의성_상층_퀘스트NPC																					//				
	56101	56101	14	28055	0	3	-22.36	3.37	63.47	3.48	1.61	63.73	0	0	0	0	0	0	47	0		//	부관 디오게네스			
	56101	56101	14	28056	0	3	-21.15	8.266	63.47	3.48	1.61	63.73	0	0	0	0	0	0	47	0		//	해방군 부사령관 에르하르트			
	56101	56101	14	28057	0	3	-14.16	17.59	63.47	3.48	1.61	63.73	0	0	0	0	0	0	47	0		//	해방군 사령관 아데나워			
	56101	56101	14	28058	0	3	-8.14	20.93	63.47	3.48	1.61	63.73	0	0	0	0	0	0	47	0		//	해방군 부사령관 브란트			
	56101	56101	14	28059	0	3	-0.16	24.2	63.47	3.48	1.61	63.73	0	0	0	0	0	0	47	0		//	부관 슈미트			
	56101	56101	14	28060	0	3	27.27	26.57	34.96	30.41	21.66	34.96	0	0	0	0	0	0	47	0		//	정찰병 엔리케			
	56101	56101	14	28061	0	3	-27.07	28.11	43.66	19.98	30.82	43.66	0	0	0	0	0	0	47	0		//	정찰병 로베르트			
	56101	56101	14	28062	0	3	87.86	-15.43	66	87.87	-18.26	65.72	0	0	0	0	0	0	47	0		//	현자 라라			
	56101	56101	14	28063	0	3	92.4	-15.62	66	93.05	-18.54	65.72	0	0	0	0	0	0	47	0		//	주술사 바코야니스			
	//헬론의성_메인미션_퀘스트NPC																					//				
	26	122	14	28064	0	3	12.95	25.32	36.41	13.23	23.57	36.41	0	0	0	0	0	0	47	0		//	이그니스 친위대의 칼리오페			
	26	122	14	28065	0	3	-26.36	6.76	46.38	-25.09	7.55	46.38	0	0	0	0	0	0	47	0		//	이그니스 친위대의 클레이오			
	26	122	14	28066	0	3	-17.25	-21.61	52.71	-17.3	-20.01	52.71	0	0	0	0	0	0	47	0		//	이그니스 친위대의 에우테르페			
	//비공정NPC																					//				
	10010	10010	5	28078	0	3	12.05	-11.02	9.43	1.45	-10.15	9.43	0	0	0	0	0	0	47	0		//	비공정승무원2			
	10010	10010	5	28077	0	3	11.65	-0.1	9.43	-0.15	-0.08	9.43	0	0	0	0	0	0	47	0		//	비공정승무원1			
	10010	10010	5	28079	0	3	-11.17	-10.49	9.43	1.45	-10.15	9.43	0	0	0	0	0	0	47	0		//	비공정승무원3			
	10010	10010	5	28080	0	3	-11.96	0.12	9.43	0.15	0.08	9.43	0	0	0	0	0	0	47	0		//	비공정승무원4			
	10010	10010	5	28082	0	3	1.86	-7.03	9.43	6.85	-4.48	9.43	0	0	0	0	0	0	47	0		//	기술자_게리			
	10010	10010	5	28074	0	3	0.02	12.95	14.08	-0.01	11.83	14.42	0	0	0	0	0	0	47	0		//	부함장_간반테			
	10010	10010	27	28067	0	3	-0.32	21.28	18.53	0.28	20.06	18.54	0	0	0	0	0	160013	47	0		//	함장_그룬힐트_세리엔트행			
	10010	10010	5	28075	0	3	3.42	26.77	18.53	3.38	23.43	18.53	0	0	0	0	0	0	47	0		//	비공정경비병1			
	10010	10010	5	28076	0	3	-3.42	26.77	18.53	-3.48	23.61	18.53	0	0	0	0	0	0	47	0		//	비공정경비병2			
	10010	10010	5	28081	0	3	4.14	12.38	-20.25	2.75	10.12	-20.25	0	0	0	0	0	0	47	0		//	책임기술자_후긴			
	10011	10011	5	28087	0	3	12.05	-11.02	9.43	1.45	-10.15	9.43	0	0	0	0	0	0	47	0		//	비공정승무원2			
	10011	10011	5	28086	0	3	11.65	-0.1	9.43	-0.15	-0.08	9.43	0	0	0	0	0	0	47	0		//	비공정승무원1			
	10011	10011	5	28088	0	3	-11.17	-10.49	9.43	1.45	-10.15	9.43	0	0	0	0	0	0	47	0		//	비공정승무원3			
	10011	10011	5	28089	0	3	-11.96	0.12	9.43	0.15	0.08	9.43	0	0	0	0	0	0	47	0		//	비공정승무원4			
	10011	10011	5	28091	0	3	1.86	-7.03	9.43	6.85	-4.48	9.43	0	0	0	0	0	0	47	0		//	기술자_프레키			
	10011	10011	5	28083	0	3	0.02	12.95	14.08	-0.01	11.83	14.42	0	0	0	0	0	0	47	0		//	부함장_발뭉			
	10011	10011	27	28068	0	3	-0.32	21.28	18.53	0.28	20.06	18.54	0	0	0	0	0	160013	47	0		//	함장_게르힐데_브라키온행			
	10011	10011	5	28084	0	3	3.42	26.77	18.53	3.38	23.43	18.53	0	0	0	0	0	0	47	0		//	비공정경비병1			
	10011	10011	5	28085	0	3	-3.42	26.77	18.53	-3.48	23.61	18.53	0	0	0	0	0	0	47	0		//	비공정경비병2			
	10011	10011	5	28090	0	3	4.14	12.38	-20.25	2.75	10.12	-20.25	0	0	0	0	0	0	47	0		//	책임기술자_후긴2			
	//붕괴된에텔레인																					//				
	5	35	14	869	0	0	0	0	0	0	0	0	0	0	0	0	0	0	0	182		//	라만			
	5	35	14	872	0	0	0	0	0	0	0	0	0	0	0	0	0	0	0	183		//	마담오드리			
	5	35	14	870	0	0	0	0	0	0	0	0	0	0	0	0	0	0	0	219		//	클레이			
	5	35	14	871	0	0	0	0	0	0	0	0	0	0	0	0	0	0	0	200		//	빌트			
	5	35	14	874	0	0	0	0	0	0	0	0	0	0	0	0	0	0	0	108		//	마담오드리			
	//붕괴된에텔레인_퀘스트npc																					//				
	10003	10003	14	28069	0	3	59	134	78.84	64.16	126	78.84	0	0	0	0	0	0	47	0		//	조사관 우라니아			
	5	35	14	28071	0	3	55.3	120.56	78.84	56.72	122.32	78.84	0	0	0	0	0	0	47	0		//	조사관 우라니아			
	5	35	14	28070	0	3	325.84	311.09	42.84	330.69	304.87	45.15	0	0	0	0	0	0	47	0		//	조사관 에라토			
	5	35	14	28072	0	3	188.87	592.07	44.41	192.41	588.44	44.41	0	0	0	0	0	0	47	0		//	에텔레인 근위대 그리바스			
	5	35	14	28073	0	3	328.12	559.16	115.19	327.46	557.93	115.19	0	0	0	0	0	0	47	0		//	에텔레인 근위대 알키비아데스			
	//코르토크해안NPC																					//				
	10006	10006	1	1950	0	3	122.03	-145.02	2.14	120.84	-149.16	2.02	0	0	0	0	0	160002	36	0		//	티뮤(잡화상인)			
	10006	10006	1	1951	0	3	19.12	-114.5	1.68	24.53	-116.09	0.49	0	0	0	0	0	160002	33	0		//	에스텔(엘리멘탈리스트상점)			
	10006	10006	1	1952	0	3	18.41	-129.74	1.39	25.15	-133.01	0.43	0	0	0	0	0	160002	30	0		//	쿠르트(버서커상점)			
	10006	10006	1	1953	0	3	102.24	-161.24	0.45	103.27	-155.75	0.91	0	0	0	0	0	160002	31	0		//	다르크스(드래곤나이트상점)			
	10006	10006	1	1954	0	3	97.03	-153.11	0.31	97.73	-158.52	0.21	0	0	0	0	0	160002	32	0		//	메나스(발키리상점			
	10006	10006	1	1955	0	3	60.47	-77.05	2.06	62.77	-85.17	2.06	0	0	0	0	0	160002	34	0		//	하츠(쉐도우상점)			
	10006	10006	7	1956	0	3	25.09	-148.72	0.15	26.4	-146.77	0.06	0	0	0	0	0	0	40	0		//	에지오(길드관리자)			
	10006	10006	14	1957	0	3	154	-108.29	0.48	150.33	-103.99	0.29	0	0	0	0	0	0	41	0		//	로셰(미션랭킹관리자)	변경		
	10006	10006	4	1958	0	3	117.49	-79.18	2	114.02	-82.59	2.13	0	0	0	0	0	160003	36	0		//	행크(강화)			
	10006	10006	4	1959	0	3	117.49	-88.69	2.16	114.84	-86.59	2.15	0	0	0	0	0	160003	37	0		//	빈센트(제조)			
	10006	10006	2	1960	0	3	40	-100	2.37	39	-98	2.22	0	0	0	0	0	160005	46	0		//	우거(창고지기)			
	10006	10006	1	1961	0	3	108.63	-96.67	2.03	108.68	-94.17	2.04	0	0	0	0	0	160002	37	0		//	바인(배틀존)			
	10006	10006	17	1962	1	3	78.31	-90.95	2.31	77.21	-88.02	2.31	0	0	0	0	0	0	37	0		//	개인상점게시판_오브젝트			
	10006	10006	25	1963	1	3	168.72	-99.8	0.67	165.45	-100.23	0.49	0	0	0	0	0	0	42	0		//	하임로또_오브젝트			
	10006	10006	5	1964	0	3	29.08	-78.27	3.8	35.25	-78.75	2.06	0	0	0	0	0	0	47	0		//	부족장_시에드			
	10006	10006	5	1965	0	3	76.52	-150.83	-0.81	79.46	-145.69	-1.43	0	0	0	0	0	0	47	0		//	치료사_비나요			
	10006	10006	5	1966	0	3	119.71	-83.74	2.27	115.23	-77.72	1.75	0	0	0	0	0	0	47	0		//	대장장이바므드			
	10006	10006	5	1967	0	3	131.18	-162.84	1.86	122.41	-154.72	2.02	0	0	0	0	0	0	47	0		//	악사_차야			
	10006	10006	5	1968	0	3	121.33	-161.19	1.77	122.41	-154.72	2.02	0	0	0	0	0	0	47	0		//	사냥꾼페드투			
	//코르토크해안미션NPC																					//				
	33	131	14	1935	0	0	0	0	0	0	0	0	0	0	0	0	0	0	0	223		//	주황부족_시작지점1			
	33	131	14	1937	0	0	0	0	0	0	0	0	0	0	0	0	0	0	0	188		//	주황부족_거처_배치형1			
	33	131	14	1948	0	0	0	0	0	0	0	0	0	0	0	0	0	0	0	293		//	주황부족_거처_배치형3			
	33	131	14	1938	0	0	0	0	0	0	0	0	0	0	0	0	0	0	0	190		//	주황부족_거처_배치형2			
	33	131	14	1936	0	0	0	0	0	0	0	0	0	0	0	0	0	0	0	292		//	주황부족_거처_대화형1			
	33	131	14	1940	0	0	0	0	0	0	0	0	0	0	0	0	0	0	0	195		//	연등부족_거처_배치형1			
	33	131	14	1949	0	0	0	0	0	0	0	0	0	0	0	0	0	0	0	296		//	연등부족_거처_배치형3			
	33	131	14	1941	0	0	0	0	0	0	0	0	0	0	0	0	0	0	0	225		//	연등부족_거처_배치형2			
	33	131	14	1939	0	0	0	0	0	0	0	0	0	0	0	0	0	0	0	291		//	연등부족_거처_대화형1			
	33	131	14	1942	0	0	0	0	0	0	0	0	0	0	0	0	0	0	0	221		//	주황부족_방어진_유닛형1			
	33	131	14	1943	0	0	0	0	0	0	0	0	0	0	0	0	0	0	0	222		//	연등부족_방어진_유닛형1			
	33	131	14	1969	0	3	0	0	0	0	0	0	0	0	0	0	0	0	47	297		//	정화된_엔트			
	//코르토크해안퀘스트NPC																					//				
	58001	58001	14	28105	0	3	-44.56	140.39	3.8	-53.92	133.6	3.77	0	0	0	0	0	0	47	0		//	학자_알카펜			
	58001	58001	5	28096	0	3	-48.53	149.85	3.96	-56.92	149.71	3.94	0	0	0	0	0	0	47	0		//	원정군부대장드로이젠			
	58001	58001	5	28095	0	3	-55.15	156.74	4.12	-56.92	141.79	3.84	0	0	0	0	0	0	47	0		//	원정군경계병1			
	58001	58001	5	28094	0	3	-64.09	144.47	3.82	-57.44	144.18	385	0	0	0	0	0	0	47	0		//	원정군대장훔볼트			
	58001	58001	14	28100	0	3	-63.83	137.38	3.84	-54.95	140.38	3.83	0	0	0	0	0	0	47	0		//	발키리루드비나			
	58001	58001	5	28097	0	3	-56.27	131.97	3.75	-55.51	140.56	3.83	0	0	0	0	0	0	47	0		//	원정군경계병2			
	58001	58001	14	28098	1	0	-22.58	-7.65	5.86	-29.18	-9.29	5.84	0	0	0	0	0	0	47	0		//	원정대원의_시체			
	58001	58001	5	28099	0	3	-56.67	-3.94	3.87	-51.11	-4.79	4.05	0	0	0	0	0	0	47	0		//	트리나			
	58001	58001	14	28102	0	3	43.44	171.54	12.59	46.46	164.46	10.35	0	0	0	0	0	0	47	0		//	파랑부리부족장			
	58001	58001	14	28103	0	3	52.83	174.27	15.04	60.31	165.95	12.34	0	0	0	0	0	0	47	0		//	파랑부리부족_전사			
	58001	58001	14	28101	0	3	88.01	190.06	14.75	90.56	185.36	14.64	0	0	0	0	0	0	47	0		//	용병얀센			
	58001	58001	14	28104	0	3	165.45	170.81	15.58	162.12	167.45	14.68	0	0	0	0	0	0	47	0		//	연등제비부족장			
	58001	58001	5	28106	0	3	163.76	106.15	11.34	154.61	102.84	11.82	0	0	0	0	0	0	47	0		//	조난자파울로			
	58001	58001	14	28107	0	3	-13.83	-118.49	20.41	-8.52	-126.44	18.45	0	0	0	0	0	0	47	0		//	원정군전령			
	10004	10004	14	28093	0	3	63.84	-14.23	-2.36	63.84	-15.51	-2.28	0	0	0	0	0	0	47	0		//	장치관리자크라피카			
	33	131	14	28108	0	3	-121.26	139.64	2.67	-121.26	139.64	2.67	0	0	0	0	0	0	47	0		//	마법사이오나			
	33	131	14	28109	0	3	-109.89	147.37	1.95	-109.89	147.37	1.95	0	0	0	0	0	0	47	0		//	마법사플라빈			
	10006	10006	14	28110	0	3	110.43	-53.62	2.06	105.83	-57.28	2.06	0	0	0	0	0	0	47	0		//	용기사레벤			
	//코르토크해안필드NPC																					//				
	58001	58001	5	1972	0	3	47.74	172.97	13.76	52.33	165.75	11.5	0	0	0	0	0	0	47	0		//	필드_파랑부리부족_3			
	58001	58001	5	1971	0	3	158.56	170.14	14.55	159.75	16.95	14.18	0	0	0	0	0	0	47	0		//	필드_연등제비부족_2			
	58001	58001	5	1970	0	3	167.23	161.18	15.44	159.75	16.95	14.18	0	0	0	0	0	0	47	0		//	필드_연등제비부족_1			
	58001	58001	1	1041	0	3	-44.46	136.51	3.75	-56.1	131.67	3.74	0	0	0	0	0	160002	36	0		//	티뮤(잡화상인)			
	58001	58001	2	1042	0	3	-50.72	153.09	4..02	-57.75	143.55	3.85	0	0	0	0	0	160005	46	0		//	우거(창고지기)			
	//증표관리인																					//				
//	10002	10002	5	28117	0	3	12.05	-11.02	9.43	1.45	-10.15	9.43	0	0	0	0	0	0	47	0		//	야수들의숲증표관라인			
//	10001	10001	5	28118	0	3	11.65	-0.1	9.43	-0.15	-0.08	9.43	0	0	0	0	0	0	47	0		//	지하수로증표관리인			
//	10003	10003	5	28119	0	3	-11.17	-10.49	9.43	1.45	-10.15	9.43	0	0	0	0	0	0	47	0		//	얼어붙은궁전증표관리인			
//	10003	10003	5	28120	0	3	-11.96	0.12	9.43	0.15	0.08	9.43	0	0	0	0	0	0	47	0		//	용족의계곡증표관리인			
//	10003	10003	5	28121	0	3	1.86	-7.03	9.43	6.85	-4.48	9.43	0	0	0	0	0	0	47	0		//	아이올트증표관리인			
	//타락한사원NPC																					//				
	10003	10003	1	64067	0	3	311.922546	322.189728	39.792915	311.922546	325	39.792915	0	0	0	0	0	160002	30	0		//	[타락한무구교환원]데바_B(에텔레인)			
	10003	10003	1	62315	0	3	315.69	322.58	39.79	315.59	324.63	39.79	0	0	0	0	0	160002	30	0		//	[카오스아이교환원]클레이			
	10002	10002	1	64068	0	3	180.578659	175.489319	16.015659	179	175.489319	16.015659	0	0	0	0	0	160002	30	0		//	타락한사원의투사뷔베즈_D(벨트헨)			
	10004	10004	1	64069	0	3	145.46962	-171.481659	7.414906	144	-171.481659	7.414906	0	0	0	0	0	160002	30	0		//	타락한사원의투사레히클_S(오크라)			
	10001	10001	1	64070	0	3	1.68	43.94	-23.13	0.8	43.06	-23.22	0	0	0	0	0	160002	30	0		//	타락한사원의투사도레이츠_V(트링겔)			
	10006	10006	1	64071	0	3	34.712215	-90.582626	2.082538	38.675724	-94.088478	2.166922	0	0	0	0	0	160002	30	0		//	타락한사원의투사지아레이_E(코르토크)			
	10007	10007	1	64072	0	3	240.82	317.33	-13.6	238.13	317.19	-13.57	0	0	0	0	0	160002	30	0		//	[미완의타락한무구교환원]아베드_B(에텔레인)			
	10003	10003	1	64073	0	3	300.177826	322.923218	39.792915	300.177826	325	39.792915	0	0	0	0	0	160002	30	0		//	타락한사원의투사앰쉬아_B(에텔레인)			
	10003	10003	5	64074	0	0	312.29	326.77	39.79	308.82007	325	39.792915	1	300.38	327.58	39.79	0	0	0	0		//	타락한꼬마악마_홍보용			
	10002	10002	5	64075	0	0	177.9	172.47	16	175.41	167.84	15.99	1	181.64	185.59	16.01	0	0	0	0		//	타락한꼬마악마_홍보용			
	10004	10004	5	64076	0	0	143.24	-175.27	7.36	141.53	-175.73	7.41	1	143.09	-153.71	8.61	0	0	0	0		//	타락한꼬마악마_홍보용			
	10001	10001	5	64077	0	0	8.21	34.08	-23.11	7.43	33.09	-23.11	0	0	0	0	0	0	0	0		//	타락한꼬마악마_홍보용	-12.22	52.87	-24.16
	10006	10006	5	64078	0	0	28.66	-96.73	2.06	29.13	-97.99	2.07	1	56.79	-78.8	2.05	0	0	0	0		//	타락한꼬마악마_홍보용			
	10003	10003	14	64066	0	3	308.82007	323.357666	39.792915	308.82007	325	39.792915	0	0	0	0	0	0	30	0		//	낯선여행자_입장및퀘스트(에텔레인)			
	//갈레노아정글미션_힘의싸움																					//				
	34	132	28	924	0	3	0	0	0	0	0	0	0	0	0	0	0	0	0	204		//	갈레노아정글NPC꼬마핀			
	34	132	28	925	0	3	0	0	0	0	0	0	0	0	0	0	0	0	0	215		//	갈레노아정글NPC미스티			
	34	132	28	926	0	3	0	0	0	0	0	0	0	0	0	0	0	0	0	216		//	갈레노아정글NPC이슈니			
	34	132	28	927	0	3	0	0	0	0	0	0	0	0	0	0	0	0	0	220		//	갈레노아정글NPC멜로			
	34	132	28	928	0	3	0	0	0	0	0	0	0	0	0	0	0	0	0	217		//	갈레노아정글NPC모나			
	34	132	28	929	0	3	0	0	0	0	0	0	0	0	0	0	0	0	0	218		//	갈레노아정글NPC엔로이즈			
	34	132	28	930	0	3	0	0	0	0	0	0	0	0	0	0	0	0	0	219		//	갈레노아정글NPC알토스			
	34	132	28	931	0	3	0	0	0	0	0	0	0	0	0	0	0	0	0	220		//	갈레노아정글NPC아인			
	34	132	28	932	0	3	0	0	0	0	0	0	0	0	0	0	0	0	0	221		//	갈레노아정글NPC포르			
	34	132	28	934	0	3	0	0	0	0	0	0	0	0	0	0	0	0	0	222		//	갈레노아정글NPC치사			
	34	132	28	947	0	3	0	0	0	0	0	0	0	0	0	0	0	0	0	265		//	갈레노아정글NPC치사			
	34	132	28	948	0	3	0	0	0	0	0	0	0	0	0	0	0	0	0	264		//	갈레노아정글NPC미스티			
	34	132	28	949	0	3	0	0	0	0	0	0	0	0	0	0	0	0	0	270		//	갈레노아정글NPC이슈니			
	34	132	28	969	0	3	0	0	0	0	0	0	0	0	0	0	0	0	0	263		//	갈레노아정글NPC멜로			
	34	132	28	970	0	3	0	0	0	0	0	0	0	0	0	0	0	0	0	269		//	갈레노아정글NPC모나			
	34	132	28	971	0	3	0	0	0	0	0	0	0	0	0	0	0	0	0	268		//	갈레노아정글NPC엔로이즈			
	34	132	28	972	0	3	0	0	0	0	0	0	0	0	0	0	0	0	0	272		//	갈레노아정글NPC알토스			
	34	132	28	973	0	3	0	0	0	0	0	0	0	0	0	0	0	0	0	273		//	갈레노아정글NPC꼬마핀			
	34	132	28	974	0	3	0	0	0	0	0	0	0	0	0	0	0	0	0	267		//	갈레노아정글NPC아인			
	34	132	28	975	0	3	0	0	0	0	0	0	0	0	0	0	0	0	0	271		//	갈레노아정글NPC포르			
	34	132	14	920	0	3	0	0	0	0	0	0	0	0	0	0	0	0	0	150		//	갈레노아정글부상당한고릴라			
	34	132	14	976	0	3	0	0	0	0	0	0	0	0	0	0	0	0	0	257		//	갈레노아정글부상당한고릴라			
	34	132	14	977	0	3	0	0	0	0	0	0	0	0	0	0	0	0	0	261		//	갈레노아정글부상당한고릴라			
	34	132	14	978	0	3	0	0	0	0	0	0	0	0	0	0	0	0	0	262		//	갈레노아정글부상당한고릴라			
	34	132	14	918	0	3	0	0	0	0	0	0	0	0	0	0	0	0	0	157		//	갈레노아정글잿빛고릴라NPC			
	//갈레노아정글필드NPC																					//				
	58021	58021	14	28131	0	3	282.64	355.89	-39.27	282.64	355.89	-39.27	0	0	0	0	0	0	47	0		//	부대장아레니우스(버서커)			
	58021	58021	14	28132	0	3	282.15	348.01	-39.39	282.15	348.01	-39.39	0	0	0	0	0	0	47	0		//	부관프레글(드래곤)			
	58021	58021	14	28133	0	3	281.41	341.32	-39.25	281.41	341.32	-39.25	0	0	0	0	0	0	47	0		//	원정대원반트호프(무장해제..)			
	58021	58021	14	28134	0	3	292.67	352.66	-39.29	292.67	352.66	-39.29	0	0	0	0	0	0	47	0		//	학자마리(엘리)			
	58021	58021	14	28135	0	3	204.48	210.73	-39.95	204.48	210.73	-39.95	0	0	0	0	0	0	47	0		//	람브라키스(일반)			
	58021	58021	14	28136	0	3	199.11	22.55	-41.7	199.11	22.55	-41.7	0	0	0	0	0	0	47	0		//	정찰병리하르트(드래곤)			
	58021	58021	14	28137	0	3	336.37	27.48	-29.94	336.37	27.48	-29.94	0	0	0	0	0	0	47	0		//	정찰병발터(버서커)			
	58021	58021	14	28138	0	3	338.13	-16.54	-30.64	338.13	-16.54	-30.64	0	0	0	0	0	0	47	0		//	정찰병오토(버서커)			
	58021	58021	14	28139	0	3	302.01	-40.29	-32.79	302.01	-40.29	-32.79	0	0	0	0	0	0	47	0		//	정찰병피셔(버서커)			
	58021	58021	14	28140	0	3	259.26	188.6	-7.59	259.26	188.6	-7.59	0	0	0	0	0	0	47	0		//	부대장베르기우스(쉐도우)			
	58021	58021	14	28141	0	3	261.29	194.57	-7.37	261.29	194.57	-7.37	0	0	0	0	0	0	47	0		//	핏빚송곳니피버(일반)			
	58021	58021	14	28142	0	3	26.27	109.43	-3.68	26.27	109.43	-3.68	0	0	0	0	0	0	47	0		//	정찰병쿠즈네츠(쉐도우)			
	58021	58021	14	28143	0	3	223.32	79.54	-40.14	223.32	79.54	-40.14	0	0	0	0	0	0	47	0		//	테오도라키스(일반)			
	58021	58021	14	28144	0	3	267.7	191.98	-7.43	267.7	191.98	-7.43	0	0	0	0	0	0	47	0		//	닥터마이어호프(드래곤)			
	//갈레노아정글미션NPC																					//				
	34	132	14	28146	0	3	282.77	354.47	-39.27	282.77	354.47	-39.27	0	0	0	0	0	0	47	0		//	전투병프리슈(버서커)			
	34	132	14	28147	0	3	2383.1	347.7	-39.39	2383.1	347.7	-39.39	0	0	0	0	0	0	47	0		//	전투병주트너(발키리)			
	34	132	14	28148	0	3	291.6	352.42	-39.3	291.6	352.42	-39.3	0	0	0	0	0	0	47	0		//	전투병나타(쉐도우)			
	//미션재수락NPC																					//				
	10002	10002	14	28117	0	3	117.64	191.59	13.77	117.64	191.59	13.77	0	0	0	0	0	0	47	0		//	기록관멜포메네			
	10002	10002	14	28118	0	3	118.27	198.78	13.97	118.27	198.78	13.97	0	0	0	0	0	0	47	0		//	기록관비블리스			
	10001	10001	14	28119	0	3	-41.51	39.21	-24.68	-41.51	39.21	-24.68	0	0	0	0	0	0	47	0		//	기록관하르모니아			
	10001	10001	14	28120	0	3	-47	46.61	-24.68	-47	46.61	-24.68	0	0	0	0	0	0	47	0		//	기록관세멜레			
	10003	10003	14	28121	0	3	354.54	192.97	78.83	354.16	192.67	78.83	0	0	0	0	0	0	47	0		//	기록관에이레데			
	10003	10003	14	28122	0	3	362.11	183.21	78.83	361.73	183.04	78.83	0	0	0	0	0	0	47	0		//	기록관오르티아			
	10003	10003	14	28123	0	3	315.49	184.6	78.83	315.49	184.6	78.83	0	0	0	0	0	0	47	0		//	기록관율루스			
	10003	10003	14	28124	0	3	308.49	176.65	78.83	308.49	176.65	78.83	0	0	0	0	0	0	47	0		//	기록관카베이리			
	10003	10003	14	28125	0	3	338.52	120.98	78.83	338.5	122.58	78.83	0	0	0	0	0	0	47	0		//	기록관갈라테아			
	10003	10003	14	28126	0	3	345.74	120.97	78.83	345.5	120.86	78.83	0	0	0	0	0	0	47	0		//	기록관도리스			
	10003	10003	14	28127	0	3	331.26	120.88	78.83	331.26	120.88	78.83	0	0	0	0	0	0	47	0		//	기록관마이아			
	10004	10004	14	28128	0	3	35.89	-30.59	-0.24	35.89	-30.59	-0.24	0	0	0	0	0	0	47	0		//	기록관아스테리아			
	10004	10004	14	28129	0	3	31.39	-25.86	-0.29	31.39	-25.86	-0.29	0	0	0	0	0	0	47	0		//	기록관벨로나			
	10004	10004	14	28130	0	3	25.63	-22.09	-0.41	25.63	-22.09	-0.41	0	0	0	0	0	0	47	0		//	기록관힐라라			
	10006	10006	14	28149	0	3	138.6	-64.07	3.01	138.68	-64.211	3.02	0	0	0	0	0	0	47	0		//	스킬라			
	10006	10006	14	28150	0	3	135.44	-72.12	2.95	135.36	-71.98	2.94	0	0	0	0	0	0	47	0		//	라미아			
	//1102_미완의엘리트퀘스트NPC																					//				
	10003	10003	14	64694	0	3	456.14	700.01	33.02	459.18	701.56	32.02	0	0	0	0	0	160002	47	0		//	[F.A.K.E.] 레알 샤르마니			
	//1102_국내이벤트및보상용NPC들																					//				
	10003	10003	1	64675	0	3	322.71	355.78	39.67	323.42	353.79	39.67	0	0	0	0	0	160002	47	0		//	가난한증표판매원친친_에텔레인			
	10003	10003	1	64681	0	3	200.16	378.17	39.79	202.74	379.09	39.79	0	0	0	0	0	160002	47	0		//	[최상급 쟈드 교환원] 호라_에텔레인			
	10003	10003	1	64682	0	3	198.81	380.35	39.79	201.9	381.45	39.79	0	0	0	0	0	160002	47	0		//	[상급 쟈드 교환원] 시그니어_에텔레인			
	10003	10003	1	64683	0	3	198.19	382.15	39.79	200.47	382.78	39.79	0	0	0	0	0	160002	47	0		//	[중급 쟈드 교환원] 레프토_에텔레인			
	10003	10003	1	64684	0	3	197.19	384.63	39.79	199.84	385.37	39.79	0	0	0	0	0	160002	47	0		//	[하급 쟈드 교환원] 아스토_에텔레인			
	10002	10002	1	64677	0	3	56.79	222.18	11.68	60.3	220.64	11.7	0	0	0	0	0	160002	47	0		//	[최상급 쟈드 교환원] 호라_벨트헨			
	10002	10002	1	64678	0	3	58.35	224.74	11.61	61.12	223.72	11.67	0	0	0	0	0	160002	47	0		//	[상급 쟈드 교환원] 시그니어_벨트헨			
	10002	10002	1	64679	0	3	59	227.8	11.6	62.28	226.65	11.84	0	0	0	0	0	160002	47	0		//	[중급 쟈드 교환원] 레프토_벨트헨			
	10002	10002	1	64680	0	3	58.82	231.07	11.54	61	230.2	11.74	0	0	0	0	0	160002	47	0		//	[하급 쟈드 교환원] 아스토_벨트헨			
	10002	10002	1	64685	0	3	149.92	157.26	15.59	152.28	159.76	15.68	0	0	0	0	0	160002	47	0		//	[접속포인트 상인] 크로노스_벨트헨			
	10002	10002	1	64689	0	3	147.95	216.72	15.9	146.22	214.54	15.92	0	0	0	0	0	160002	47	0		//	암흑엘리트교환원_의문의남자D_벨트헨			
	10002	10002	1	64690	0	3	157.37	167.69	15.88	157.04	140.49	15.68	0	0	0	0	0	160002	47	0		//	엘리트무기교환원_수수께끼의여자L_벨트헨			
	10002	10002	1	64692	0	3	59.45	233.74	11.55	63.1	232.63	11.79	0	0	0	0	0	160002	47	0		//	[날개 교환원] 레오나 라이트_벨트헨			
	10003	10003	1	64693	0	3	201.67	375.63	39.79	204.83	377.13	39.79	0	0	0	0	0	160002	47	0		//	[날개 교환원] 다빈치 라이트_에텔레인			
	10002	10002	26	65356	0	3	158.35	156.75	15.88	157.36	158.28	15.88	0	0	0	0	0	0	41	0		//	친구초대이벤트_벨트헨			
	10004	10004	1	64676	0	3	0.39	3.88	-1.85	1.06	2.85	-1.85	0	0	0	0	0	160002	47	0		//	가난한증표판매원_칭칭_오크라			
	10004	10004	1	64686	0	3	138.72	-129.96	10.77	136.55	-132.63	10.6	0	0	0	0	0	160002	47	0		//	[접속포인트 상인] 템프스_오크라			
	//1103_노블스칼렛동굴_미션NPC																					//				
	32	133	14	4019	0	3	-49.5	165.66	19.52	-43.27	163.97	18.06	0	0	0	0	0	0	47	0		//	노블스칼렛케이브미션_우노			
	32	133	14	4020	0	3	83.05	-132.18	6.59	80.15	-128.44	5.37	0	0	0	0	0	0	47	0		//	노블스칼렛케이브미션_도스			
	32	133	14	4021	0	3	-9.99	-59.9	1.73	-7.28	-58.53	1.3	0	0	0	0	0	0	47	0		//	노블스칼렛케이브미션_트레스			
	10002	10002	1	28156	0	3	118.85	229.2	13.4	116	228.42	12.85	0	0	0	0	0	160002	47	0		//	명예상인샤일록			
	10002	10002	1	28157	0	3	113.76	229.65	12.64	112.92	228.81	12.64	0	0	0	0	0	160002	47	0		//	명예상인루벤스			
	10002	10002	1	64695	0	3	128.45	228.3	15.13	128.73	227.15	15.28	0	0	0	0	0	160002	47	0		//	암흑엘리트교환원_의문의남자D_벨트헨			
	10006	10006	14	28158	0	3	173	-112.23	0.23	170.61	-108.64	0.45	0	0	0	0	0	0	47	0		//				
	58041	58041	14	28159	0	3	66.71	-67.72	2.22	70.98	-77.4	0.72	0	0	0	0	0	0	47	0		//				
	58041	58041	14	28160	0	3	31.75	-143.79	1.71	38.16	-153.23	0.75	0	0	0	0	0	0	47	0		//				
	58041	58041	14	28161	0	3	21.65	-53.26	3.37	12.4	-46.04	2.17	0	0	0	0	0	0	47	0		//				
	58041	58041	14	28162	0	3	-108.31	128.84	6.95	-116.15	129.24	6.39	0	0	0	0	0	0	47	0		//				
	58041	58041	14	28163	0	3	13.42	130.84	11.75	16.57	132.71	11.1	0	0	0	0	0	0	47	0		//				
	58041	58041	14	28164	0	3	80.64	-21.73	0.47	74.65	-20.12	-1.02	0	0	0	0	0	0	47	0		//				
	58041	58041	14	28165	0	3	79.49	61.23	3.9	83.12	61.76	3.95	0	0	0	0	0	0	47	0		//				
	58041	58041	14	28166	0	3	45.86	73.38	2.73	44.13	72.49	2.49	0	0	0	0	0	0	47	0		//				
	58041	58041	14	28167	0	3	-129.71	77.7	6.64	-132.78	70.85	5.75	0	0	0	0	0	0	47	0		//				
	58041	58041	14	28168	0	3	-54.67	-139.55	-14.9	-64.8	-142.69	-15.15	0	0	0	0	0	0	47	0		//				
	58041	58041	14	28169	0	3	-129.94	-131.13	-9.99	-126.61	-132.76	-11.98	0	0	0	0	0	0	47	0		//				
	58041	58041	14	28170	0	3	77.65	94.68	7.76	78.44	93.51	7.54	0	0	0	0	0	0	47	0		//				
	58041	58041	14	28171	0	3	112.65	-81.45	4.26	114.2	-81.06	4	0	0	0	0	0	0	47	0		//				
	32	133	14	28172	0	3	-49.02	169.15	19.36	-47.42	168.03	18.94	0	0	0	0	0	0	47	0		//				
	32	133	14	28173	0	3	-10.06	-57.48	1.64	-7.63	-56.83	1.14	0	0	0	0	0	0	47	0		//				
	32	133	14	28174	0	3	-147.13	68.49	6.74	-143.97	66.38	6.36	0	0	0	0	0	0	47	0		//				
	//일일퀘스트NPC(벨트헨)																					//				
	10002	10002	5	28182	0	3	196.6	206.96	21.27	193.52	204.42	21.27	0	0	0	0	0	0	47	0		//				
	10002	10002	5	28183	0	3	198.03	248.36	42.04	195.26	250.54	42.04	0	0	0	0	0	0	47	0		//				
	10002	10002	5	28184	1	1	192.38	254.84	41.73	189.14	253.34	41.33	0	0	0	0	0	0	47	0		//				
	10002	10002	5	28185	1	1	187.59	258.62	41.44	185.3	256.37	41.11	0	0	0	0	0	0	47	0		//				
	10002	10002	5	28186	1	1	183.45	261.88	41.22	181.03	259.73	40.92	0	0	0	0	0	0	47	0		//				
	10002	10002	5	28187	1	1	179.09	265.31	41	177.12	262.8	40.67	0	0	0	0	0	0	47	0		//				
	10002	10002	5	28188	1	1	189.14	253.34	41.33	192.38	254.84	41.73	0	0	0	0	0	0	47	0		//				
	10002	10002	5	28189	1	1	185.3	256.37	41.11	187.59	258.62	41.44	0	0	0	0	0	0	47	0		//				
	10002	10002	5	28190	1	1	181.03	259.73	40.92	183.45	261.88	41.22	0	0	0	0	0	0	47	0		//				
	10002	10002	5	28191	1	1	177.12	262.8	40.67	179.09	265.31	41	0	0	0	0	0	0	47	0		//				
	10002	10002	5	28192	0	3	184.14	268.11	41.4	184.4	262.2	41.4	0	0	0	0	0	0	47	0		//				
	10002	10002	5	28193	0	3	178.71	269.19	41.1	178.4	265.2	41.1	0	0	0	0	0	0	47	0		//				
	10002	10002	5	28194	0	3	181.34	268.74	41.3	181.2	264.7	41.3	0	0	0	0	0	0	47	0		//				
	//일일퀘스트NPC(아이올트)																					//				
	55061	55061	5	28198	0	3	168.77	581.32	5.14	168.11	579.12	5.14	0	0	0	0	0	0	47	0		//				
	55061	55061	5	28199	0	1	172.89	548.99	3.63	179.67	546.41	3.63	0	0	0	0	0	0	47	0		//				
	55061	55061	5	28200	0	1	145.77	571.54	4.58	142.31	575.28	4.58	0	0	0	0	0	0	47	0		//				
	55061	55061	5	28201	0	1	179.73	569.16	3.87	183.06	566.03	3.87	0	0	0	0	0	0	47	0		//				
	55061	55061	5	28202	0	3	159.01	556.38	2.91	162.08	562.01	2.91	0	0	0	0	0	0	47	0		//				
	55061	55061	5	28203	0	3	722.52	681.37	16.6	721.98	675.59	16.54	0	0	0	0	0	0	47	0		//				
	55061	55061	5	28204	1	1	578.73	400.36	-9.01	575.64	398.03	-9.01	0	0	0	0	0	0	47	0		//				
	55061	55061	5	28205	1	1	516.67	486.95	-8.26	516.31	493.85	-8.26	0	0	0	0	0	0	47	0		//				
	55061	55061	5	28206	1	1	490.34	485.72	-6.3	493.2	488.62	-6.3	0	0	0	0	0	0	47	0		//				
	55061	55061	5	28207	1	1	396.92	402.36	-4.39	393.85	403.18	-4.39	0	0	0	0	0	0	47	0		//				
	55061	55061	5	28208	1	1	481.15	296.4	-4.44	482.84	293.13	-4.24	0	0	0	0	0	0	47	0		//				
	55061	55061	5	28209	0	3	356.21	341.16	-1.14	356.16	339.18	-1.14	0	0	0	0	0	0	47	0		//				
	55061	55061	5	28210	0	3	351.75	341.83	-1.13	351.68	338.8	-1.13	0	0	0	0	0	0	47	0		//				
	55061	55061	5	28211	0	3	620.52	619.37	3.21	617.28	617.24	3.21	0	0	0	0	0	0	47	0		//				
	55061	55061	5	28212	0	3	611.3	616.95	3.24	613.38	616.55	3.24	0	0	0	0	0	0	47	0		//				
	//일일퀘스트NPC(오크라)																					//				
	10004	10004	5	28213	0	3	15.66	-5.8	-0.94	18.35	-10.1	-0.94	0	0	0	0	0	0	47	0		//				
	10004	10004	5	28214	0	3	61.32	10.82	-0.6	63.99	7.53	-0.6	0	0	0	0	0	0	47	0		//				
	10004	10004	5	28215	0	3	-98.26	102.84	19.9	-95.79	104.99	19.9	0	0	0	0	0	0	47	0		//				
	10004	10004	5	28216	1	3	-95.33	106.75	20.28	-98.26	102.84	19.9	0	0	0	0	0	0	47	0		//				
	10004	10004	5	28217	1	3	-97.79	106.21	20.31	-98.26	102.84	19.9	0	0	0	0	0	0	47	0		//				
	10004	10004	5	28218	1	3	-104.1	103.85	20.28	-98.26	102.84	19.9	0	0	0	0	0	0	47	0		//				
	10004	10004	5	28219	1	3	-97.19	112.84	20.57	-98.26	102.84	19.9	0	0	0	0	0	0	47	0		//				
	10004	10004	5	28220	1	3	-91.67	106.75	19.61	-98.26	102.84	19.9	0	0	0	0	0	0	47	0		//				
	10004	10004	5	28221	1	3	-71.25	100.52	10.97	-98.26	102.84	19.9	0	0	0	0	0	0	47	0		//				
	10004	10004	5	28222	1	3	-77.72	93.16	12.15	-98.26	102.84	19.9	0	0	0	0	0	0	47	0		//				
	10004	10004	5	28223	0	3	-54.83	-6.65	0.7	-58.31	-9.11	0.7	0	0	0	0	0	0	47	0		//				
	10004	10004	5	28227	0	3	-85.51	30.95	3.4	-90.2	33.27	3.4	0	0	0	0	0	0	47	0		//				
	//일일퀘스트NPC(트링겔)																					//				
	10001	10001	14	28230	0	3	-10.36	-7.49	-11.26	-8.11	-7.94	-10.63	0	0	0	0	0	0	47	0		//	트링겔의회장듀렌달			
	10001	10001	14	28240	0	3	-9.47	-8.9	-10.94	-7.98	-9.24	-10.55	0	0	0	0	0	0	47	0		//	트링겔의회호위병_루나			
	10001	10001	14	28241	0	3	-9.01	-6.65	-11.02	-7.16	-7.09	-10.56	0	0	0	0	0	0	47	0		//	트링겔의회호위병_마리아			
	10001	10001	14	28233	0	3	76.34	-111.06	-10	72.86	-109.01	-10	0	0	0	0	0	0	47	0		//	[아르바이트]시에나알바			
	10001	10001	14	28234	0	3	-27.39	103.43	-25.32	-27.93	98.94	-26.17	0	0	0	0	0	0	47	0		//	트링겔경비단배식원			
	20104	20104	14	28235	0	3	207.8	324.04	92.14	204.72	321.67	92.34	0	0	0	0	0	0	47	0		//	배고픈경비병헝글러_미완의기념관			
	10001	10001	14	28236	0	3	38.58	98.7	-11.99	38.02	95.83	-11.98	0	0	0	0	0	0	47	0		//	지하수로발굴단장시몽			
	10001	10001	14	28237	0	3	22.64	105.04	-11.84	20.93	103.96	-11.83	0	0	0	0	0	0	47	0		//	머미존스			
	10001	10001	14	28238	0	3	36.07	96.08	-11.97	35.78	94.21	-12.13	0	0	0	0	0	0	47	0		//	지하수로발굴단원요코			
	10001	10001	14	28239	0	3	40.13	95.12	-12	39.85	93.42	-12.02	0	0	0	0	0	0	47	0		//	지하수로발굴단원아니케			
	10001	10001	14	28231	0	3	-42.43	25.51	-24.77	-41.36	23.11	-24.89	0	0	0	0	0	0	47	0		//	트링겔경비단원투레			
	10001	10001	14	28232	0	3	-44.6	24.59	-24.72	-42.79	23.28	-24.85	0	0	0	0	0	0	47	0		//	트링겔경비단원야야			
	10001	10001	14	28287	0	3	33.35	-93.9	-15.04	33.7	-91.57	-14.83	0	0	0	0	0	0	47	0		//	[이클립스]레이즈			
	//일일퀘스트NPC(에텔레인)																					//				
	10003	10003	14	28244	0	3	308.17	382.95	41.5	309.45	383.95	41.5	0	0	0	0	0	0	47	0		//	에텔레인의회장_메이슨J			
	10003	10003	14	28245	0	3	335.18	533.44	41.63	336.37	533.48	41.63	0	0	0	0	0	0	47	0		//	에텔레인경비단_바커스			
	10003	10003	14	28246	0	3	352.69	322.04	39.79	351.1	323.97	39.79	0	0	0	0	0	0	47	0		//	에텔레인경비단_피곤한타이어드			
	10003	10003	14	28247	0	3	418.06	332.59	39.79	417.46	334.66	39.79	0	0	0	0	0	0	47	0		//	연금술의회에드워드포톤			
	10003	10003	14	28248	0	3	417.73	329.86	39.79	417.5	330.65	39.79	0	0	0	0	0	0	47	0		//	연금술의회알폰소포톤			
	10003	10003	14	28249	0	3	419.53	330.46	39.79	419.06	332.07	39.79	0	0	0	0	0	0	47	0		//	연금술의회로이포톤			
	10003	10003	14	28250	0	3	407.16	684.11	32.02	408.15	684.56	32.02	0	0	0	0	0	0	47	0		//	무역연합_선달			
	10003	10003	14	28251	0	3	406.98	692.45	32.02	407.72	690.96	32.02	0	0	0	0	0	0	47	0		//	무역연합_콜룸바스			
	10003	10003	14	28252	0	3	418.59	682.01	31.66	416.95	682.52	32.02	0	0	0	0	0	0	47	0		//	무역연합_보고			
	10003	10003	14	28253	0	3	334.84	708.97	32.02	337.92	709.45	32.02	0	0	0	0	0	0	47	0		//	에텔레인경비단_헝그리어			
	10003	10003	14	28254	0	3	280.46	330.96	39.79	281.04	331.92	39.79	0	0	0	0	0	0	47	0		//	두솥도시락에텔레인점_점장_마요			
	54061	54061	1	28255	0	3	70.24	348.18	114	73.54	351.3	113.68	0	0	0	0	0	0	47	0		//	[고룡발굴자]쥬라틱파커			
	10003	10003	14	28256	0	3	341.36	646.29	114.78	341.24	645.3	114.78	0	0	0	0	0	0	47	0		//	에텔레인경비단_피치			
	20005	20005	1	28257	0	3	221.22	156.15	37.69	220.35	757.75	37.65	0	0	0	0	0	0	47	0		//	연금술용품판매원_셀라스			
	20101	20101	14	28258	0	3	153.62	167.98	16.03	152.05	166.67	16.03	0	0	0	0	0	0	47	0		//	무역연합거래상대_단장에르문트			
	20203	20203	14	28259	0	3	0.78	2.92	0.63	0.72	-0.6	-0.63	0	0	0	0	0	0	47	0		//	무역연합거래상대_성의주인			
	54081	54081	14	28260	0	3	128.86	-109.57	-1.42	129.3	-107.78	-1.61	0	0	0	0	0	0	47	0		//	무역연합거래상대_데스드래곤지배자			
	10003	10003	14	28261	0	3	308.58	383.89	41.5	309.01	384.22	41.5	0	0	0	0	0	0	47	0		//	에텔레인의회호위병_카타			
	10003	10003	14	28262	0	3	309.32	382.23	41.5	309.75	382.57	41.5	0	0	0	0	0	0	47	0		//	에텔레인의회호위병_아카			
	//할로윈이벤트NPC(벨트헨/트링겔)																					//				
//	10002	10002	14	64079	0	3	155.31	178.76	15.82	133.25	149.84	14.35	0	0	0	0	0	0	47	0		//	벨트헨 마을 할로윈 NPC			
//	10001	10001	14	64080	0	3	-72.62	-8.53	-24.19	-20.21	14.22	-24.24	0	0	0	0	0	0	47	0		//	트링겔 마을 할로윈 NPC			
	//테스트서버전용상인(벨트헨/오크라/코르토크)																					//				
//	10002	10002	1	64696	0	3	153.97	155.61	15.78	154.12	156.48	15.78	0	0	0	0	0	0	47	0		//	벨트헨 마을 테섭 전용 NPC			
//	10004	10004	1	64697	0	3	117.82	-145.5	10.13	114.33	-141.36	9.9	0	0	0	0	0	0	47	0		//	트링겔 마을 테섭 전용 NPC			
//	10006	10006	1	64698	0	3	100.41	-85.9	2.05	104.62	-85.42	2.05	0	0	0	0	0	0	47	0		//	벨트헨 마을 테섭 전용 NPC			
//	10002	10002	1	64709	0	3	155.34	155.55	15.84	153.13	160.14	15.73	0	0	0	0	0	0	47	0		//	벨트헨 마을 테섭 전용 NPC(미스틱)			
//	10004	10004	1	64710	0	3	114.13	-145.57	9.99	111.62	-138.37	9.68	0	0	0	0	0	0	47	0		//	트링겔 마을 테섭 전용 NPC(미스틱)			
//	10006	10006	1	64711	0	3	102.24	-86.8	2.05	108.87	-83.84	2.05	0	0	0	0	0	0	47	0		//	벨트헨 마을 테섭 전용 NPC(미스틱)			
	//국내_복권교환원																					//				
	10002	10002	1	64699	0	3	154.7	169.03	15.78	157.04	140.49	15.68	0	0	0	0	0	0	47	0		//	벨트헨 마을 할로윈 NPC			
	10002	10002	1	64700	0	3	188.78	179.93	15.97	186.96	180.45	15.99	0	0	0	0	0	0	47	0		//	트링겔 마을 할로윈 NPC			
	10002	10002	1	64719	0	3	152.14	167.16	15.55	157.04	140.49	15.68	0	0	0	0	0	0	47	0		//	벨트헨 마을 할로윈 NPC			
	//2011크리스마스이벤트NPC(벨트헨)																					//				
//	10002	10002	1	28264	0	3	153.32	167.9	15.65	154.18	165.78	15.73	0	0	0	0	0	0	47	0		//	2011크리스마스_주정뱅이산타			
	//야숲-지하수로 추가 퀘스트																					//				
	20004	20004	1	28265	0	3	255.74	148.16	25.83	254.86	146.48	25.83	0	0	0	0	0	0	47	0		//	순찰대원아이만			
	20004	20004	1	28266	0	3	332.43	270.8	33.93	329.32	268.87	33.3	0	0	0	0	0	0	47	0		//	순찰대원자이트			
	20005	20005	1	28267	0	3	204.35	169.39	37.66	207.12	171.09	37.64	0	0	0	0	0	0	47	0		//	수습연금술사불프			
	20005	20005	1	28268	0	3	409.58	381.66	20.24	409.55	374.28	19.72	0	0	0	0	0	0	47	0		//	에텔레엔경비대원요슈카			
	20105	20105	1	28269	0	3	268.68	463.01	24.02	272.03	462.96	24.02	0	0	0	0	0	0	47	0		//	지하수로감시병요하임			
	20001	20001	1	28270	0	3	-175.62	74.99	0.36	-174.38	75.71	0.33	0	0	0	0	0	0	47	0		//	사로잡은야수보초병			
	//영원성의지대_필드부족NPC																					//				
	58101	58101	14	3046	0	3	99.14	95.86	20.24	104.06	88.08	20.52	0	0	0	0	0	0	47	0		//	영원성갈기_발디르			
	58101	58101	14	3047	0	3	119.44	80.26	22.83	110.9	84.56	21.52	0	0	0	0	0	0	47	0		//	영원성갈기_프레이			
	58101	58101	14	3048	0	3	45.94	-63.8	-13.5	33.19	-71.16	-15.33	0	0	0	0	0	0	47	0		//	영원성갈기_호디르			
	58101	58101	14	3049	0	3	33.82	-82.33	-15.42	27.26	-74.54	-16.06	0	0	0	0	0	0	47	0		//	영원성갈기_노르드			
	58101	58101	14	3050	0	3	127	-8.53	32.86	108.65	-9.12	31.83	0	0	0	0	0	0	47	0		//	영원성갈기_토르			
	//영원성의지대_미션부족NPC																					//				
	36	134	14	4066	0	3	0	0	0	0	0	0	0	0	0	0	0	0	47	7		//	영원성갈기_발디르			
	36	134	14	4067	0	3	0	0	0	0	0	0	0	0	0	0	0	0	47	5		//	영원성갈기_프레이			
	36	134	14	4068	0	3	0	0	0	0	0	0	0	0	0	0	0	0	47	3		//	영원성갈기_호디르			
	36	134	14	4069	0	3	0	0	0	0	0	0	0	0	0	0	0	0	47	2		//	영원성갈기_노르드			
	//익스트림챌린지_퀘스트NPC																					//				
	10006	10006	14	50112	0	3	69.26	-66.65	2.17	72.12	-67.38	2.06	0	0	0	0	0	0	47	0		//	몽환의학자_모즈			
//	10007	10007	14	50113	0	3	0	0	0	0	0	0	0	0	0	0	0	0	47	0		//	몽환의학자_라네스			
	//영원성의지대_필드퀘스트NPC																					//				
	58101	58101	14	28271	0	3	-123	106	-29.9	-118	111	-30.31	0	0	0	0	0	0	47	0		//	순례자 라마크리슈			
	58101	58101	14	28272	0	3	-24.9	22.9	-28	-31.9	15	-27.5	0	0	0	0	0	0	47	0		//	순례자 사다트			
	58101	58101	14	28273	0	3	2.5	104.4	-18	-3.1	106.6	-19.8	0	0	0	0	0	0	47	0		//	순례자 아마르티아			
	58101	58101	14	28274	0	3	-30.1	-102.8	-20.2	-36.3	-100.3	-21.1	0	0	0	0	0	0	47	0		//	순례자 운세트			
	58101	58101	14	28275	0	3	104.7	88	20	-36.3	-100.3	-21.1	0	0	0	0	0	0	47	0		//	숲의 수호자 아그라왈			
	58101	58101	14	28276	0	3	102.6	-36.1	32	94.8	-35.4	32.2	0	0	0	0	0	0	47	0		//	숲의 파수꾼 크리슈나			
	58101	58101	14	28277	0	3	101.2	-29.1	32.1	94.6	-29.4	31.93	0	0	0	0	0	0	47	0		//	숲의 파수꾼 아이쉬와라			
	58101	58101	1	28286	0	3	102	76.28	19.79	94.41	82.81	19.28	0	0	0	0	0	160002	47	0		//	라페클루아			
	//영원성의지대_미션퀘스트NPC																					//				
	36	134	14	28278	0	3	99.9	-0.38	31.9	91.8	-0.74	32.22	0	0	0	0	0	0	47	0		//	신목의 수호자 샤스트리			
	36	134	14	28279	0	3	101.25	-19.59	32.02	91.5	-18.37	31.8	0	0	0	0	0	0	47	0		//	원정군 작전장교 밀슈타인			
	//일본_이벤트요원																					//				
//	10002	10002	1	64083	0	3	118.17	151.7	14.04	108.7	263.4	15.96	0	0	0	0	0	0	47	0		//	일본이벤트NPC_행운응모권교환상인			
//	10002	10002	14	64084	0	3	99.7	171.43	12.78	189.34	199.12	18.74	0	0	0	0	0	0	47	0		//	일본이벤트NPC_트레져헌터요원			
//	10002	10002	14	41013	0	3	156.8	167.5	15.88	150.36	147.28	15.88	0	0	0	0	0	0	47	0		//	일본이벤트NPC_마이스타			
	//길드상인추가																					//				
	10001	10001	1	64702	0	3	40.89	-3.37	-12.49	-39.24	-3.69	-12.49	0	0	0	0	0	0	47	0		//	길드상인_트링겔			
	10002	10002	1	64701	0	3	190.4	212.49	21.97	190.05	211.36	21.98	0	0	0	0	0	0	47	0		//	길드상인_벨트헨			
	10003	10003	1	64703	0	3	566.33	201.69	78.83	564.48	200.99	78.83	0	0	0	0	0	0	47	0		//	길드상인_에텔레인_1호점			
	10003	10003	1	64706	0	3	358.66	570	115.19	359.59	567.34	115.19	0	0	0	0	0	0	47	0		//	길드상인_에텔레인_2호점			
	10004	10004	1	64704	0	3	96.08	1.29	-2.09	93.27	0.96	-2.1	0	0	0	0	0	0	47	0		//	길드상인_오크라			
	10006	10006	1	64705	0	3	22.7	-147.37	0.34	23.2	-149.02	0.33	0	0	0	0	0	0	47	0		//	길드상인_코르토크			
	10001	10001	1	64714	0	3	40.89	-5.41	-12.49	-39.24	-3.69	-12.49	0	0	0	0	0	0	47	0		//	UP상인_트링겔			
	10002	10002	1	64713	0	3	193.86	210.17	21.97	190.05	211.36	21.98	0	0	0	0	0	0	47	0		//	UP상인_벨트헨			
	10003	10003	1	64715	0	3	564.76	204.8	78.83	564.48	200.99	78.83	0	0	0	0	0	0	47	0		//	UP상인_에텔레인_1호점			
	10003	10003	1	64718	0	3	361.92	570.43	115.19	359.59	567.34	115.19	0	0	0	0	0	0	47	0		//	UP상인_에텔레인_2호점			
	10004	10004	1	64716	0	3	96.08	-2.34	-2.09	93.27	0.96	-2.1	0	0	0	0	0	0	47	0		//	UP상인_오크라			
	10006	10006	1	64717	0	3	24.31	-151.2	0.34	23.2	-149.02	0.33	0	0	0	0	0	0	47	0		//	UP상인_코르토크			
	//일일퀘스트NPC(오크라_추가)																					//				
	10004	10004	5	28288	0	3	133.69	-180.36	7.28	133.8	-179.07	7.35	0	0	0	0	0	0	47	0		//	수호자_아만			
	10004	10004	5	28289	0	3	119.01	-181.65	7.26	119.03	-180.28	7.31	0	0	0	0	0	0	47	0		//	수호자_노스			
	10004	10004	5	28290	0	3	114.64	-176.56	7.48	115.93	-176.63	7.47	0	0	0	0	0	0	47	0		//	수호자_나베쉬			
	10004	10004	5	28293	0	3	107.06	-34	5.6	105.38	-32.93	4.98	0	0	0	0	0	0	47	0		//	DR_M.D.			
	10004	10004	5	28292	0	3	-33.86	25.63	6.73	-33.78	24.55	6.41	0	0	0	0	0	0	47	0		//	미스터포츈			
	10004	10004	5	28294	0	3	23.8	96.78	5.63	25.37	96.56	5.63	0	0	0	0	0	0	47	0		//	조사관_매덤스			
	56001	56001	5	28291	0	3	-150.01	113.61	-1.4	-149.97	111.74	-1.32	0	0	0	0	0	0	47	0		//	피곤한_경비병			
	//점핑NPC추가																					//				
//	10002	10002	1	64707	0	3	178	169.75	16	171.14	169.4	16.01	0	0	0	0	0	0	47	0		//	점핑티켓_교환원_마스터AS			
//	10002	10002	1	64708	0	3	180.17	172.42	16.01	178.2	172.68	16	0	0	0	0	0	0	47	0		//	점핑조각_교환원_플라이			
	//아스토레아협곡 퀘스트npc																					//				
	58121	58121	14	28321	0	3	-149.32	-154.44	-9.21	-150.96	-153.8	-9.21	0	0	0	0	0	0	47	0		//	탐험가쿠마르	28321		
	58121	58121	14	28322	0	3	-148.52	-136.53	-9.21	-147.57	-136.15	-9.21	0	0	0	0	0	0	47	0		//	보물사냥꾼사미르	28322		
	58121	58121	14	28323	0	3	-76.63	-88.68	-6.68	-75.65	-89.63	-6.71	0	0	0	0	0	0	47	0		//	낡은상자1	28323		
	58121	58121	14	28324	0	3	-50.39	-120.14	-7.49	-49.93	-120.19	-7.49	0	0	0	0	0	0	47	0		//	낡은상자2	28324		
	58121	58121	14	28325	0	3	-9.36	-78.61	-7.51	-8.76	-78.71	-7.61	0	0	0	0	0	0	47	0		//	낡은상자3	28325		
	58121	58121	14	28326	0	3	-18.43	-95.54	-9.32	-18.08	-97.65	-9.84	0	0	0	0	0	0	47	0		//	고고학자아마르	28326		
	58121	58121	14	28327	0	3	42.21	-13.28	-9.43	42.92	-12.56	-9.49	0	0	0	0	0	0	47	0		//	탐험가의지도1	28327		
	58121	58121	14	28328	0	3	16.07	11.04	-9.36	16.81	11.82	-9.38	0	0	0	0	0	0	47	0		//	탐험가의지도2	28328		
	58121	58121	14	28332	0	3	-136.1	-135.49	-9.21	-136.96	1344.91	-9.21	0	0	0	0	0	0	47	0		//	올빼미부족휴고	28332		
	58101	58101	14	28333	0	3	-139.29	42.79	-24.9	-137.83	43.18	-24.91	0	0	0	0	0	0	47	0		//	올빼미부족비밀요원1	28333		
	58101	58101	14	28334	0	3	76.24	136.3	-8.53	77.29	137.38	-8.46	0	0	0	0	0	0	47	0		//	올빼미부족비밀요원2	28334		
	58101	58101	14	28335	0	3	51.67	2.42	-21.22	54.08	2	-21.1	0	0	0	0	0	0	47	0		//	올빼미부족비밀요원3	28335		
	58121	58121	14	28336	0	3	-187.43	-67.61	35	-186.44	68.18	34.84	0	0	0	0	0	0	47	0		//	공격단장슐츠	28336		
	58121	58121	14	28337	0	3	-177.11	-65.29	35.13	-177.05	-66.25	34.87	0	0	0	0	0	0	47	0		//	공격대원흄벨트	28337		
	58121	58121	14	28338	0	3	-186.48	-76.06	35.12	-184.49	-73.57	34.87	0	0	0	0	0	0	47	0		//	공격대원크라울리	28338		
	37	135	14	28340	0	3	-200.38	-68.11	34.83	-201.07	-71.3	34.72	0	0	0	0	0	0	47	0		//	공격대원불트만	28340		
	37	135	14	28341	0	3	135.93	174.13	-5.6	132.51	171.24	-7.27	0	0	0	0	0	0	47	0		//	공격부대장하이데거	28341		
	58121	58121	1	28342	0	3	-166.46	-48.03	35.42	-166.71	-50.34	35.2	0	0	0	0	0	160002	47	0		//	골동품상인이즈마일	28342		
	//아스토레아협곡 미션npc																					//				
	37	135	28	4160	0	3	0	0	0	0	0	0	0	0	0	0	0	0	0	7		//	협곡부상당한대원			
	//미스틱 NPC 상점																					//				
	10001	10001	1	64085	0	3	1.2	106.35	-24.6	-3.49	104.66	-24.51	0	0	0	0	0	160002	117	0		//	모리브(미스틱상인)			
	10001	10001	1	64086	0	3	-98.19	3.65	-32.26	-101.52	6.61	-33.47	0	0	0	0	0	160002	117	0		//	마일리(미스틱상인)			
	10002	10002	1	64087	0	3	90.9	189.45	13	94	795.48	13.52	0	0	0	0	0	160002	117	0		//	프리아(미스틱상인)			
	10002	10002	1	64088	0	3	233.98	234.04	49.08	231.21	232.13	49.08	0	0	0	0	0	160002	117	0		//	안젤(미스틱상인)			
	10003	10003	1	64089	0	3	404.29	327.84	39.79	401.81	336.26	37.57	0	0	0	0	0	160002	117	0		//	브루나(미스틱상인)			
	10003	10003	1	64090	0	3	285.85	33.95	79.01	287.35	42.33	78.84	0	0	0	0	0	160002	117	0		//	아즈모(미스틱상인)			
	10003	10003	1	64091	0	3	291.89	706.46	32.03	284.99	714.49	32.03	0	0	0	0	0	160002	117	0		//	밀리(미스틱상인)			
	10004	10004	1	64092	0	3	94.11	-164.66	8.02	92.54	-153.27	8.54	0	0	0	0	0	160002	117	0		//	이노비(미스틱상인)			
	10006	10006	1	64093	0	3	62.63	-90.57	2.36	61.62	-81.37	2.06	0	0	0	0	0	160002	117	0		//	에밀라(미스틱상인)			
//	10006	10004	1	64094	0	3							0	0	0	0	0	160002	117	0		//	아르마(미스틱상인)			
	//전장관련npc																					//				
	40050	40050	1	28343	0	3	297.13	462.7	49.66	297.46	461.42	49.67	0	0	0	0	0	160002	47	0		//	전장_자피르_블루팀상인			
	40050	40050	1	28344	0	3	310.29	120.3	25.72	310.45	120.9	25.72	0	0	0	0	0	160002	47	0		//	전장_자피르_레드팀상인			
	40052	40052	1	4362	0	3	297.13	462.7	49.66	297.46	461.42	49.67	0	0	0	0	0	160002	47	0		//	전장_자피르_블루팀상인_3vs3			
	40052	40052	1	4363	0	3	310.29	120.3	25.72	310.45	120.9	25.72	0	0	0	0	0	160002	47	0		//	전장_자피르_레드팀상인_3vs3			
	10003	10003	14	28345	0	3	318.76	322.23	39.79	318.76	324.08	39.79	0	0	0	0	0	0	47	0		//	에텔레인_전장일일퀘스트_세베루스			
	40060	40060	1	28444	0	3	204.28	545.64	41.02	204.13	542.32	41.1	0	0	0	0	0	160002	47	0		//	전장_서리격전지_블루팀			
	40060	40060	1	28445	0	3	203.38	0.49	41.02	206.97	-2.1	41.02	0	0	0	0	0	160002	47	0		//	전장_서리격전지_레드팀			
	40061	40061	1	4364	0	3	204.28	545.64	41.02	204.13	542.32	41.1	0	0	0	0	0	160002	47	0		//	전장_서리격전지_블루팀_3vs3			
	40061	40061	1	4365	0	3	203.38	0.49	41.02	206.97	-2.1	41.02	0	0	0	0	0	160002	47	0		//	전장_서리격전지_레드팀_3vs3			
	40063	40063	1	4387	0	3	-24.62	63.12	0.05	-22.67	63.44	0.05	0	0	0	0	0	160002	47	0		//	전장_골드러시_블루팀			
	40063	40063	1	4388	0	3	240.92	45.76	0.05	238.22	45.82	0.05	0	0	0	0	0	160002	47	0		//	전장_골드러시_레드팀			
	40064	40064	1	4366	0	3	-24.62	63.12	0.05	-22.67	63.44	0.05	0	0	0	0	0	160002	47	0		//	전장_골드러시_블루팀_3vs3			
	40064	40064	1	4367	0	3	240.92	45.76	0.05	238.22	45.82	0.05	0	0	0	0	0	160002	47	0		//	전장_골드러시_레드팀_3vs3			
	//가기힘든곳 NPC추가																					//				
	20104	20104	14	64095	0	3	411.22	596.53	91.28	428.79	568.33	90.57	0	0	0	0	0	0	47	0		//	미완의기념관_고고학자_몽제			
	20104	20104	14	64096	0	3	601.9	492.74	87	622.45	525.31	88.9	0	0	0	0	0	0	47	0		//	미완의기념관_고고학자_펠릭스			
	20104	20104	14	64097	0	3	60.78	334.42	65.87	123.64	304.54	69.73	0	0	0	0	0	0	47	0		//	미완의기념관_고고학자_라베이손			
	20105	20105	14	64098	0	3	205.93	139.64	30.44	185.28	150.62	31.9	0	0	0	0	0	0	47	0		//	서쪽미로의지하수로_고고학자_몰리안			
	55061	55061	14	64099	0	3	736.72	268.7	-10.51	701.22	264.69	-10.26	0	0	0	0	0	0	47	0		//	고통의묘지_고고학자_자이반			
	55001	55001	14	64100	0	3	594.74	264.68	7.05	543.24	261.21	11.03	0	0	0	0	0	0	47	0		//	허물어진성_고고학자_자토마			
	55001	55001	14	64101	0	3	406.64	194.77	5.62	431.14	96.06	7.77	0	0	0	0	0	0	47	0		//	허물어진성_고고학자_크리소스톰			
	55021	55021	14	64102	0	3	-8.54	-30.57	-4.11	25	29.85	-1.44	0	0	0	0	0	0	47	0		//	사교의지하제단_고고학자_르누아르			
//	10003	10003	14	64103	0	3	318.76	322.23	39.79	318.76	324.08	39.79	0	0	0	0	0	0	47	0		//	미완의기념관_고고학자_앙투안			
//	10003	10003	14	64104	0	3	318.76	322.23	39.79	318.76	324.08	39.79	0	0	0	0	0	0	47	0		//	미완의기념관_고고학자_에반즈			
//	10003	10003	14	64105	0	3	318.76	322.23	39.79	318.76	324.08	39.79	0	0	0	0	0	0	47	0		//	미완의기념관_고고학자_맥카운			
	//저주받은탑상인추가																					//				
	60401	60045	1	64106	0	3	-10.58	32.48	25.13	20.69	31.29	26.02	0	0	0	0	0	160002	47	0		//	파견상인보브_저주받은탑_어둠_1층			
	60401	60046	1	64107	0	3	-10.58	32.48	25.13	20.69	31.29	26.02	0	0	0	0	0	160002	47	0		//	파견상인보브_저주받은탑_어둠_4층			
	60401	60047	1	64108	0	3	-10.58	32.48	25.13	20.69	31.29	26.02	0	0	0	0	0	160002	47	0		//	파견상인보브_저주받은탑_어둠_7층			
	60401	60048	1	64109	0	3	-10.58	32.48	25.13	20.69	31.29	26.02	0	0	0	0	0	160002	47	0		//	파견상인보브_저주받은탑_어둠_10층			
	60401	60049	1	64110	0	3	-10.58	32.48	25.13	20.69	31.29	26.02	0	0	0	0	0	160002	47	0		//	파견상인보브_저주받은탑_어둠_13층			
	68	60054	1	64208	0	3	-9.21	33.51	71.14	-4.03	31.19	71.14	0	0	0	0	0	160002	47	0		//	파견상인선달_저주받은탑_빛_1층			
	68	60055	1	64209	0	3	-9.21	33.51	71.14	-4.03	31.19	71.14	0	0	0	0	0	160002	47	0		//	파견상인선달_저주받은탑_빛_2층			
	68	60056	1	64210	0	3	-9.21	33.51	71.14	-4.03	31.19	71.14	0	0	0	0	0	160002	47	0		//	파견상인선달_저주받은탑_빛_3층			
	68	60057	1	64211	0	3	-9.21	33.51	71.14	-4.03	31.19	71.14	0	0	0	0	0	160002	47	0		//	파견상인선달_저주받은탑_빛_4층			
	68	60058	1	64212	0	3	-9.21	33.51	71.14	-4.03	31.19	71.14	0	0	0	0	0	160002	47	0		//	파견상인선달_저주받은탑_빛_5층			
	68	60059	1	64213	0	3	-9.21	33.51	71.14	-4.03	31.19	71.14	0	0	0	0	0	160002	47	0		//	파견상인선달_저주받은탑_빛_6층			
	68	60060	1	64214	0	3	-9.21	33.51	71.14	-4.03	31.19	71.14	0	0	0	0	0	160002	47	0		//	파견상인선달_저주받은탑_빛_7층			
	//저주받은탑상인추가																					//				
	58141	58141	1	28346	0	3	28.72	83.43	25.91	28.8	87.19	25.91	0	0	0	0	0	0	47	0		//	탐사대원드락슬러			
	58141	58141	1	28347	0	3	76.31	211.8	33.12	76.28	215.25	33.11	0	0	0	0	0	0	47	0		//	탐사대원키에슬링			
	58141	58141	1	28348	0	3	97.64	17.55	35.96	97.32	21.06	35.8	0	0	0	0	0	0	47	0		//	탐사대원테나르디에			
	58141	58141	1	28349	0	3	212.54	81.17	55.33	212.42	78.8	55.33	0	0	0	0	0	0	47	0		//	도둑야콥			
	58141	58141	1	28350	0	3	279.77	218.67	38.31	279.81	219.91	38.31	0	0	0	0	0	0	47	0		//	도둑모라스			
	58141	58141	1	28351	0	3	174.45	81.8	55.33	174.64	80.15	55.33	0	0	0	0	0	0	47	0		//	탐사대원하이엘달			
	58141	58141	1	28352	0	3	292.18	84.09	43.18	292.2	82.48	43.18	0	0	0	0	0	0	47	0		//	얼음의수호자			
	58141	58141	1	28353	0	3	142.56	158.68	24.38	143.53	158.66	24.38	0	0	0	0	0	0	47	0		//	정글의수호자			
	58141	58141	1	28354	0	3	126.89	306.38	33.14	127.95	306.37	33.14	0	0	0	0	0	0	47	0		//	물의수호자			
	58141	58141	1	28355	0	3	329.07	345.97	42.63	330.35	346.02	42.63	0	0	0	0	0	0	47	0		//	사막의수호자			
	58141	58141	1	28356	0	3	263.53	234.69	38.3	264.62	234.63	38.31	0	0	0	0	0	0	47	0		//	탐사대원바인베르크			
	35	136	1	28357	0	3	183.8	210.01	55.49	186.2	210.16	55.64	0	0	0	0	0	0	47	0		//	탐사대원슈나이더			
	35	136	1	28358	0	3	201.14	371.28	58.99	201.22	369.56	58.99	0	0	0	0	0	0	47	0		//	오래된수호자			
	//2014 회귀이벤트교환원_미스터AS추가																					//				
//	10002	10002	1	64712	0	3	136.08	145.39	14.56	209.21	223.32	29.93	0	0	0	0	0	0	47	0		//	2014 회귀이벤트교환원_미스터AS추가			
	//헬로이드 NPC 상점																					//				
	10002	10002	1	64185	0	3	101.7	176.3	12.6	139.8	150.4	14.8	0	0	0	0	0	160002	118	0		//	HEL-M16			
	10001	10001	1	64186	0	3	-118	45.2	-33.4	-129.5	45.3	-33.2	0	0	0	0	0	160002	118	0		//	HEL-K11			
	10003	10003	1	64187	0	3	254.25	355.68	39.58	253.18	352.7	39.57	0	0	0	0	0	160002	118	0		//	HEL-AK47			
	10003	10003	1	64188	0	3	382.8	764.85	32.02	381.43	761.03	32.02	0	0	0	0	0	160002	118	0		//	HEL-SA80			
	10004	10004	1	64189	0	3	77.87	-157.26	8.11	82.55	-156.28	8.29	0	0	0	0	0	160002	118	0		//	HEL-CR21			
	10006	10006	1	64190	0	3	21.76	-106.6	1.78	26.55	-106.38	1.44	0	0	0	0	0	160002	118	0		//	HEL-AKM			
	//2013 크리스마스 이벤트																					//				
//	10002	10002	14	64191	0	3	136.54	185.92	14.23	136.79	183.64	14.23	0	0	0	0	0	0	47	0		//	눈사람_벨트헨			
//	10002	10002	1	64192	0	3	141.95	183.97	14.72	138.76	176.51	14.48	0	0	0	0	0	160002	47	0		//	산타_벨트헨			
//	10001	10001	14	64193	0	3	-69.17	-18	-24.55	-67.57	-20.31	-24.95	0	0	0	0	0	0	47	0		//	눈사람_트링겔			
//	10001	10001	1	64194	0	3	-73.39	-19.94	-24.44	-71.92	-22.38	-25.05	0	0	0	0	0	160002	47	0		//	산타_트링겔			
//	10003	10003	14	64195	0	3	363.48	359.09	39.67	365.84	355.77	39.67	0	0	0	0	0	0	47	0		//	눈사람_에텔레인			
//	10003	10003	1	64196	0	3	368.2	361.23	39.67	370.66	357.17	39.67	0	0	0	0	0	160002	47	0		//	산타_에텔레인			
//	10004	10004	14	64197	0	3	43.1	-49.44	-0.83	48.18	-49.69	-0.94	0	0	0	0	0	0	47	0		//	눈사람_오크라			
//	10004	10004	1	64198	0	3	43.6	-42.12	-0.93	47.56	-40.98	-1.12	0	0	0	0	0	160002	47	0		//	산타_오크라			
	//올드에스마라 마을 NPC																					//				
	10007	10007	1	4501	0	3	166.52	320.64	-13.7	169.42	321.06	-13.69	0	0	0	0	0	160002	37	0		//	안나(잡화상인)			
	10007	10007	1	4502	0	3	215.68	253.83	-13.48	215.59	256.71	-13.58	0	0	0	0	0	160002	33	0		//	사라엘(엘리멘탈리스트상점)			
	10007	10007	1	4503	0	3	237.29	259.89	-13.31	234.35	260.13	-13.41	0	0	0	0	0	160002	30	0		//	불로(버서커상점)			
	10007	10007	1	4504	0	3	292.83	244.83	-23.91	293.28	248.7	-23.98	0	0	0	0	0	160002	31	0		//	티앙(드래곤나이트상점)			
	10007	10007	1	4505	0	3	261.39	252.28	-17.72	258.49	253.47	-17.77	0	0	0	0	0	160002	32	0		//	루시아(발키리상점)			
	10007	10007	1	4506	0	3	166.95	309.5	-13.68	170.19	309.61	-13.62	0	0	0	0	0	160002	34	0		//	칼츠(쉐도우상점)			
	10007	10007	7	4507	0	3	297.75	255.89	-23.91	292.74	256.76	-24.24	0	0	0	0	0	160003	40	0		//	체사레(길드관리자)			
	10007	10007	4	4508	0	3	208.1	329.78	-13.7	208.43	325.09	-13.67	0	0	0	0	0	160003	36	0		//	한셀(강화)			
	10007	10007	4	4509	0	3	197.15	330.79	-13.51	197.61	327.45	-13.64	0	0	0	0	0	160003	35	0		//	무파사(제조)			
	10007	10007	2	4510	0	3	239.39	300.18	-13.4	236.61	299.84	-13.58	0	0	0	0	0	160005	46	0		//	제이슨(창고지기)			
	10007	10007	1	4511	0	3	183.59	263.93	-13.81	188.17	264.46	-14	0	0	0	0	0	160002	37	0		//	마르자나(배틀존)			
	10007	10007	17	4512	1	3	238.9	276.6	-13.58	230.77	276.48	-13.65	0	0	0	0	0	0	42	0		//	개인상점게시판_오브젝트			
	10007	10007	25	4513	0	3	189.96	312.57	-13.36	191.81	309.56	-13.47	0	0	0	0	0	0	47	0		//	하임로또_오브젝트			
	10007	10007	1	4514	0	3	281.84	320.15	-24.68	284.34	320.26	-24.81	0	0	0	0	0	160002	118	0		//	HEL-AK9(헬로이드상인)			
	10007	10007	1	4515	0	3	176.13	331.11	-13.58	176.68	328.28	-13.56	0	0	0	0	0	160002	117	0		//	세리아(미스틱상인)			
	10007	10007	0	4516	0	3	239.65	327.39	-13.45	237.84	324.15	-13.45	0	0	0	0	0	0	47	0		//	부족장하파엘			
	10007	10007	1	4517	0	3	221.48	331.22	-13.63	220.3	236.64	-12.38	0	0	0	0	0	160002	47	0		//	수집가_빌_로드			
	//1401퀘스트npc																					//				
	10007	10007	14	28379	0	3	183.85	277.83	-13.77	185.68	277.78	-13.76	0	0	0	0	0	0	47	0		//	감독관플라비우스			
	10007	10007	14	28378	0	3	227.88	331.31	-13.6	226.68	329.46	-13.56	0	0	0	0	0	0	47	0		//	기록관 클로토			
	58201	58201	14	28370	0	3	-66.99	110.69	14.17	-68.71	110.67	14.17	0	0	0	0	0	0	47	0		//	탐사대원 알레한드라			
	58201	58201	14	28372	0	3	-138.89	105.08	13.47	-135.22	104.42	13.52	0	0	0	0	0	0	47	0		//	학자 마티아스			
	58201	58201	14	28371	0	3	-109.95	76.37	14.17	-109.97	78.12	14.25	0	0	0	0	0	0	47	0		//	장교 드레이크			
	58201	58201	14	28369	0	3	-7.56	-278.6	-2.23	-7.47	-276.69	-2.23	0	0	0	0	0	0	47	0		//	탐사대원 사미르			
	58201	58201	14	28373	0	3	-55.42	46.34	36.8	-54.37	46.45	36.94	0	0	0	0	0	0	47	0		//	조사관 베이라다			
	58201	58201	14	28374	0	3	56.86	47.15	36.8	54.99	47.46	36.8	0	0	0	0	0	0	47	0		//	조사관 라시드			
	58201	58201	14	28375	0	3	106.81	229.71	18.88	107.29	229.52	18.88	0	0	0	0	0	0	47	0		//	조사관 라리자니			
	58201	58201	14	28376	0	3	-165.85	224.98	0.13	-167.66	224.88	0.12	0	0	0	0	0	0	47	0		//	탐사대원 하심			
	39	137	14	28377	0	3	7.88	-165.95	-10.18	8	-167.81	-10.18	0	0	0	0	0	0	47	0		//	작전장교 아르만			
	//2014삼일절이벤트NPC																					//				
//	10002	10002	14	64200	0	3	137.67	143.77	14.45	138.98	145.46	14.65	0	0	0	0	0	0	47	0		//	나라사랑			
//	10001	10001	14	64201	0	3	-71.86	-9.57	-24.2	-70.24	-8.76	-24.33	0	0	0	0	0	0	47	0		//	나라사랑			
//	10003	10003	14	64202	0	3	368.89	365.71	39.67	371.89	363.5	39.67	0	0	0	0	0	0	47	0		//	나라사랑			
//	10004	10004	14	64203	0	3	39.08	-55.43	-0.2	44.14	-57.15	-0.99	0	0	0	0	0	0	47	0		//	나라사랑			
//	10006	10006	14	64204	0	3	48.24	-73.79	2.05	48.21	-75.49	2.05	0	0	0	0	0	0	47	0		//	나라사랑			
//	10007	10007	14	64205	0	3	220.87	330.68	-13.63	220.97	329.41	-13.61	0	0	0	0	0	0	47	0		//	나라사랑			
	//지능형NPC테스트용																					//				
//	10002	10002	29	64206	0	3	131.47	170.68	14.11	138.01	163.53	14.74	0	0	0	0	0	0	47	0		//	테스트용 지능형 NPC벨트헨			
//	10003	10003	29	64207	0	3	346.44	330.39	39.79	273.76	346.91	39.57	0	0	0	0	0	0	47	0		//	테스트용 지능형 NPC에텔레인			
	//몬트샤인진입npc																					//				
	10003	10003	29	60015	1	3	377.05	32.93	79.01	367.77	115.37	75.63	0	0	0	0	0	0	70	0		//	몬트샤인의통로			
	10003	10003	29	60016	1	3	528.11	198.84	78.83	509.42	189.78	78.83	0	0	0	0	0	0	70	0		//	몬트샤인의통로			
	10003	10003	29	60017	1	3	148.14	200.35	78.83	151.89	190.96	78.83	0	0	0	0	0	0	70	0		//	몬트샤인의통로			
	10003	10003	29	60018	1	3	200.94	527.84	39.48	200.68	536.28	39.48	0	0	0	0	0	0	70	0		//	몬트샤인의통로			
	10003	10003	29	60019	1	3	478.49	526.49	39.48	477.66	544.69	39.63	0	0	0	0	0	0	70	0		//	몬트샤인의통로			
	//반짝이는토큰NPC																					//				
	10003	10003	1	62301	0	3	375.64	325	39.79	375.73	328.55	39.79	0	0	0	0	0	0	47	0		//	반짝이는토큰_시험관			
	10002	10002	1	62302	0	3	81.81	205.34	13.37	84.19	207.78	13.5	0	0	0	0	0	0	47	0		//	반짝이는토큰교환원_벨트헨			
	10001	10001	1	62303	0	3	-109.27	-45.34	-26.82	-102.81	-45	-26.7	0	0	0	0	0	0	47	0		//	반짝이는토큰교환원_트링겔			
	10003	10003	1	62304	0	3	379	325.24	39.79	378.41	328.16	39.79	0	0	0	0	0	0	47	0		//	반짝이는토큰교환원_에텔레인			
	10004	10004	1	62305	0	3	26.52	-69	-0.33	27.86	-71.85	-1.01	0	0	0	0	0	0	47	0		//	반짝이는토큰교환원_오크라			
	10006	10006	1	62306	0	3	45.59	-75.27	2.05	46.48	-77.88	2.05	0	0	0	0	0	0	47	0		//	반짝이는토큰교환원_코르토크			
	//하늘길의언덕퀘스트NPC																									
	58201	58201	14	28385	0	3	-105.32	311.29	0.08	-105.31	305.19	0.08	0	0	0	0	0	0	47	0		//작전장교 아즈만				
	58201	58201	14	28386	0	3	-100.86	303.23	0.05	-104.86	302.95	0.05	0	0	0	0	0	0	47	0		//장교 로렌조				
	58221	58221	14	28387	0	3	395.69	-166.32	60.66	403.81	-164.74	60.66	0	0	0	0	0	0	47	0		//지휘관 롬바드				
	58221	58221	14	28388	0	3	189.15	-180.74	65.46	198.3	-178.43	65.46	0	0	0	0	0	0	47	0		//수석조사관 카라노				
	58221	58221	14	28389	0	3	566.52	38.88	87.64	559.81	38.25	87.64	0	0	0	0	0	0	47	0		//연구원 드미트리스				
	58221	58221	14	28390	0	3	563.83	14.56	72.26	572.26	-0.82	70.06	0	0	0	0	0	0	47	0		//척후병 파라시안				
	58221	58221	14	28391	0	3	590.58	96.55	84.12	584.01	103.52	83.34	0	0	0	0	0	0	47	0		//수습생 닷슨				
	58221	58221	14	28392	0	3	182.97	260.9	100.93	194.64	251.41	100.93	0	0	0	0	0	0	47	0		//수습생 페이버				
	58221	58221	14	28393	0	3	460.11	246.61	99.99	457.97	240.39	98.51	0	0	0	0	0	0	47	0		//척후병 함				
	58222	58222	14	28394	0	3	372.77	227.53	20.36	374.25	216.97	20.36	0	0	0	0	0	0	47	0		//정찰장교 와이드먼				
	58222	58222	14	28395	0	3	298.83	306.53	20.32	301.97	300.71	20.32	0	0	0	0	0	0	47	0		//조난자 구스타프				
	58222	58222	14	28396	0	3	215.89	409.59	20.54	222.98	415.86	20.54	0	0	0	0	0	0	47	0		//장교 HER-MIT				
	58222	58222	14	28397	0	3	217.13	415.72	20.48	221.34	410.38	20.48	0	0	0	0	0	0	47	0		//행동대장 HER-K9				
	//2014추석이벤트NPC																									
//	10002	10002	14	28400	0	3	154.65	178.99	15.76	156.02	175.75	15.87	0	0	0	0	0	0	47	0		//	추석이벤트일퀘1			
//	10003	10003	14	28401	0	3	329.69	355.44	39.67	329.81	349.06	39.67	0	0	0	0	0	0	47	0		//	추석이벤트일퀘2			
//	10007	10007	14	28402	0	3	219.25	330.19	-13.65	219.14	324.51	-13.65	0	0	0	0	0	0	47	0		//	추석이벤트일퀘3			
//	10003	10003	1	28403	0	3	334.71	386.99	41.69	334.6	381.86	41.69	0	0	0	0	0	0	47	0		//	추석이벤트보상1			
//	10003	10003	1	28404	0	3	342	387.32	41.69	342.26	383.12	41.69	0	0	0	0	0	0	47	0		//	추석이벤트보상2			
//	위치블레이드상인																									
	10002	10002	1	62307	0	3	71.98	209.14	12.4	73.56	210.47	12.64	0	0	0	0	0	160002	119	0		//	HEL-M16			
	10001	10001	1	62308	0	3	-90.63	54.57	-25.1	-87.1	53.45	-25.23	0	0	0	0	0	160002	119	0		//	HEL-K11			
	10003	10003	1	62309	0	3	246.22	392.58	39.57	245.55	397.79	39.57	0	0	0	0	0	160002	119	0		//	HEL-AK47			
	10003	10003	1	62310	0	3	271.35	676.26	32.02	268.5	677.48	32.02	0	0	0	0	0	160002	119	0		//	HEL-SA80			
	10004	10004	1	62311	0	3	146.38	-163.98	7.77	142.99	-163.44	7.99	0	0	0	0	0	160002	119	0		//	HEL-CR21			
	10006	10006	1	62312	0	3	94.53	-85.46	2.14	94.63	-82.58	2.13	0	0	0	0	0	160002	119	0		//	HEL-AKM			
	10007	10007	1	62313	0	3	279.7	341.34	-24.63	283.19	341.15	-24.48	0	0	0	0	0	160002	119	0						
	20206	20206	1	62314	0	3	177.56	233.97	50.02	179.88	231.51	50.06	0	0	0	0	0	160002	119	0						
	//2014할로윈이벤트NPC																									
//	10002	10002	14	28432	0	3	136.85	144.44	14.43	154.68	164.93	15.78	0	0	0	0	0	0	47	0		//	할로윈이벤트섀도우			
//	10003	10003	14	28433	0	3	343.28	356.03	39.67	333.32	327.88	39.79	0	0	0	0	0	0	47	0		//	할로윈이벤트엘리			
//	10006	10006	14	28434	0	3	96.29	-82.01	2.05	94.54	-58.56	2.05	0	0	0	0	0	0	47	0		//	할로윈이벤트미스틱			
	//2014크리스마스이벤트NPC																									
//	10002	10002	14	28439	0	3	154.61	170.28	15.77	151.45	159.09	15.64	0	0	0	0	0	0	47	0		//	크리스마스 메리			
//	10003	10003	14	28440	0	3	343.29	390.03	41.69	343.99	386.4	41.69	0	0	0	0	0	0	47	0		//	크리스마스 크리스			
//	10004	10004	14	28441	0	3	96.46	-44.1	4.56	91.96	-41.39	3.94	0	0	0	0	0	0	47	0		//	크리스마스 마스			
//	10006	10006	14	28442	0	3	82.18	-84.84	2.47	80.09	-82.78	2.28	0	0	0	0	0	0	47	0		//	크리스마스 케롤			
//	10006	10006	14	28443	0	3	80.87	-86.87	2.41	79.06	-82.91	2.29	0	0	0	0	0	0	47	0		//	크리스마스 케빈			
	//에테르안개고개_NPC																									
	58222	58222	14	60142	0	3	217.65	465.29	20.97	216.82	462.75	20.76	0	0	0	0	0	0	47	0		//	제레미			
	58241	58241	14	60130	0	3	50.64	52.4	-5.66	49.41	54.91	-5.59	0	0	0	0	0	0	47	0		//	코루			
	58241	58241	14	60129	0	3	88.4	31.6	-4.28	85.85	34.78	-5.68	0	0	0	0	0	0	47	0		//	벤슨			
	58241	58241	14	60131	0	3	125.5	120.97	-4.68	125.12	119.01	-4.85	0	0	0	0	0	0	47	0		//	호라시오			
	58241	58241	14	60132	0	3	249.49	158.04	-9.76	248.09	158.2	-10.12	0	0	0	0	0	0	47	0		//	스무드			
	58241	58241	14	60133	0	3	89.44	231.61	-8.37	87.96	230.11	-8.49	0	0	0	0	0	0	47	0		//	앤소니			
	58241	58241	14	60135	0	3	129.18	117.91	-4.46	127.77	115.94	-4.91	0	0	0	0	0	0	47	0		//	콜문			
	58241	58241	1	60134	0	3	41.6	55.47	-5.88	44.43	55.43	-5.76	0	0	0	0	0	0	47	0		//	쿠시나			
	58241	58241	14	60136	0	3	38.49	46.87	-5.15	40.14	45.48	-5.12	0	0	0	0	0	0	47	0		//	그란테스			
	58241	58241	14	60137	0	3	152.02	171.33	-11.54	150.97	169.92	-11.22	0	0	0	0	0	0	47	0		//	파나오			
	58241	58241	14	60138	0	3	55.78	223.67	-8.52	58.46	224.95	-9.05	0	0	0	0	0	0	47	0		//	팰릭스			
	58241	58241	14	60139	0	3	67.85	224.33	-8.52	58.46	227.6	-8.92	0	0	0	0	0	0	47	0		//	리라			
	58241	58241	14	60140	0	3	302.16	139.9	-1.95	310.03	142.13	-2.32	0	0	0	0	0	0	47	0		//	찰스			
	58241	58241	14	60141	0	3	49.35	66.78	-6.53	48.14	65.45	-6.33	0	0	0	0	0	0	47	0		//	도노반			
	//온천_NPC																									
	64508	64508	1	28488	0	3	38.5	208.95	26.99	41.72	215.05	26.99	0	0	0	0	0	0	47	0		//	입장권판매인(온천)			
//	64508	64508	0	28488	0	3	139.04	183.13	15.26	139.13	174.66	13.69	0	0	0	0	0	0	47	0		//	입장권판매인(할로윈)			
	64508	64508	0	28490	0	3	48.49	202.34	26.99	38.87	213.83	26.99	0	0	0	0	0	0	47	0		//	입구병사1			
	64508	64508	0	28491	0	3	41.06	202.34	26.99	49.77	216.81	26.99	0	0	0	0	0	0	47	0		//	입구병사2			
	64508	64508	1	28489	0	3	44.93	144.03	9.86	44.9	155.3	12.01	0	0	0	0	0	0	47	0		//	잡화상인(온천)			
//	64508	64508	1	28489	0	3	118.56	190.34	13.84	122.5	188.06	13.96	0	0	0	0	0	0	47	0		//	잡화상인(할로윈)			
	64508	64508	0	28492	0	3	55.69	115.51	10.1	53.85	118.65	9.19	0	0	0	0	0	0	47	0		//	프리미엄탕위블			
	64508	64508	0	28495	0	3	33.74	115.51	10.1	35.56	118.53	9.19	0	0	0	0	0	0	47	0		//	프리미엄탕엘리			
	64508	64508	0	28493	0	3	8.99	141.39	9.86	14.24	129.07	26.85	1	8.99	141.39	9.86	0	0	47	0		//	마리안나			
	64508	64508	0	28494	0	3	80.03	140.41	9.86	73.49	157.69	26.85	1	80.06	98.52	9.86	0	0	47	0		//	케이티			
	64508	64508	0	28496	0	3	47.34	183.6	24.23	47.11	153.89	11.3	1	47.11	153.89	11.3	0	0	47	0		//	엘리샤			
	64508	64508	1	28497	0	3	14.84	67.86	9.86	34.84	68.01	9.86	1	17.63	67.86	9.86	0	0	47	0		//	팔롬보(온천)			
//	64508	64508	1	28497	0	3	159.71	190.25	13.84	157.02	188.53	13.88	0	0	0	0	0	0	47	0		//	팔롬보(할로윈)			
	//summer_festival																									
//	10002	10002	1	64720	0	3	154.65	154.81	15.81	154.82	163.18	15.8	0	0	0	0	0	0	47	0		//	Summer_Festival_코스튬교환인			
	//몬트샤인공성전이벤트_NPC																									
//	64507	64507	1	4519	0	3	201.16	-30.06	35.51	193.72	2.71	36.44	0	0	0	0	0	0	47	0		//	공성전문가미스터A.			
//	64507	64507	1	4520	0	3	147	-11.25	35.56	194.86	89.88	36.97	0	0	0	0	0	0	47	0		//	공성전문가미스터T.			
//	64507	64507	1	4521	0	3	122.99	30.16	36.05	177.27	5.35	37.34	0	0	0	0	0	0	47	0		//	공성전문가미스터K.			
//	64507	64507	1	4522	0	3	259.46	462.49	51.7	254.2	468.39	51.83	0	0	0	0	0	0	47	0		//	수성전문가미스D.			
//	64507	64507	1	4523	0	3	163.68	462.94	51.7	171.04	468.41	51.83	0	0	0	0	0	0	47	0		//	수성전문가미스P.			
//	64507	64507	1	4524	0	3	203.96	461.8	51.7	203.87	465.25	51.83	0	0	0	0	0	0	47	0		//	수성전문가미스S.			
	//비치_NPC																									
//	64509	64509	0	28498	0	3	-3.38	-2	5.64	0	0	0	2	0	0	0	50	0	47	0		//	신나는팔롬보			
//	64509	64509	0	28499	0	3	5.72	-20.58	5.22	-3.92	-20.4	5.19	0	0	0	0	0	0	47	0		//	알딸딸한무스			
//	64509	64509	0	28500	1	3	2.36	-20.13	5.19	5.72	-20.58	5.22	0	0	0	0	0	0	47	0		//	휴양객 마리안나			
//	64509	64509	0	28501	1	3	2.92	-22.55	5.21	5.72	-20.58	5.22	0	0	0	0	0	0	47	0		//	휴양객 케이티			
//	64509	64509	0	28502	1	3	4.32	-17.98	5.19	5.72	-20.58	5.22	0	0	0	0	0	0	47	0		//	휴양객 엘리샤			
//	64509	64509	0	28503	1	3	1.42	-17.84	5.17	5.72	-20.58	5.22	0	0	0	0	0	0	47	0		//	휴양객아레니우스			
//	64509	64509	0	28504	1	3	-2.59	-45.08	7.68	-4.8	-49.84	7.68	0	0	0	0	0	0	47	0		//	비치경비병1			
//	64509	64509	0	28505	1	3	-5.25	-45.17	7.68	-4.8	-49.84	7.68	0	0	0	0	0	0	47	0		//	비치경비병2			
//	64509	64509	0	28506	1	3	-3.77	-47.94	7.68	-4.28	-44.38	7.68	0	0	0	0	0	0	47	0		//	수영복이없는론켄본미하엘			
//	64509	64509	0	28507	1	3	6.19	-23.93	5.24	5.72	-20.58	5.22	0	0	0	0	0	0	47	0		//	휴양객용기사레벤			
//	64509	64509	0	28508	1	3	-5.42	-49.03	7.68	-4.28	-44.38	7.68	0	0	0	0	0	0	47	0		//	수영복이없는연금술사아인			
	//천국의문_NPC																									
	58241	58241	14	60227	0	3	47.77	329.03	18.18	49.35	328.13	18.24	0	0	0	0	0	0	47	0		//	랜달			
	58301	58301	14	60228	0	3	107.96	171.76	-2.35	105.02	167.79	-2.08	0	0	0	0	0	0	47	0		//	시찰단스티븐슨			
	58301	58301	14	60229	0	3	335.99	53.4	-5.2	333.88	55.98	-5.28	0	0	0	0	0	0	47	0		//	시찰단브라운			
	58301	58301	14	60230	0	3	72.55	219.91	5.51	72.88	225.96	5.43	0	0	0	0	0	0	47	0		//	도축업자센지쿡			
	58301	58301	14	60231	0	3	168.06	217.49	-7.92	164.58	214.91	-8.49	0	0	0	0	0	0	47	0		//	해부학자팔하레스			
	58301	58301	14	60232	0	3	121.22	261.58	-7.78	125.22	257.97	-8.44	0	0	0	0	0	0	47	0		//	식물학자도그마			
	58301	58301	14	60233	0	3	83.62	136.51	0.5	81.36	135.64	-0.58	0	0	0	0	0	0	47	0		//	이교도사냥꾼프란치			
	58301	58301	14	60234	0	3	192.94	175.69	-10.24	189.62	169.6	-9.46	0	0	0	0	0	0	47	0		//	악마사냥꾼힉손			
	58301	58301	1	60235	0	3	95.86	148.17	0.19	95.06	152.4	-0.42	0	0	0	0	0	0	47	0		//	동력수집원AK-74			
	58301	58301	14	60236	0	3	87.82	155.71	-0.24	90.4	154.74	-0.34	0	0	0	0	0	0	47	0		//	사로잡힌카카기			
	58301	58301	14	60237	0	3	292.27	233.68	-18.94	290.53	235.23	-18.89	0	0	0	0	0	0	47	0		//	결계사리플리			
	58301	58301	14	60238	0	3	294.57	235.8	-19.25	291.43	237.81	-19.13	0	0	0	0	0	0	47	0		//	경호원바란			
	58301	58301	14	60239	0	3	290.12	230.82	-18.6	288.34	231.78	-18.47	0	0	0	0	0	0	47	0		//	경호원마스케			
	58301	58301	14	60240	0	3	223.36	43.31	0.11	222.52	48.92	-0.27	0	0	0	0	0	0	47	0		//	얼어붙은탐사대원			
	58301	58301	14	60241	0	3	345.96	345.83	1.25	346.26	337.27	0.24	0	0	0	0	0	0	47	0		//	연구원제시벨			
	//소넨샤인교차공간 일퀘추가																									
	10003	10003	14	60283	0	3	367.9	378.36	41.5	356.31	388.75	41.5	0	0	0	0	0	0	47	0		//	마법연구학회 미라라미			
	10006	10006	14	60282	0	3	104.9	-51.01	2.04	98.46	-78.64	2.05	0	0	0	0	0	0	47	0		//	길드관리 조합장 버틀러			
	73	43	14	60284	0	3	184.75	417.84	51.62	356.31	388.75	41.5	0	0	0	0	0	0	47	0		//	마법연구학회 미라라미			
	73	43	14	60285	0	3	172.07	557.8	68.62	356.31	388.75	41.5	0	0	0	0	0	0	47	0		//	마법연구학회 미라라미			
	//크리스마스코스튬																									
//	10002	10002	14	28515	0	3	153.01	177.65	15.57	150.87	174.84	15.36	0	0	0	0	0	0	47	0		//	코스튬장인프라다			
	10002	10002	14	65065	0	3	146.9	157	15.58	149.3	159.5	15.62	0	0	0	0	0	0	41	0		//	Badge Man (Beta Tester Badge)			
