//2															0:아이템직접추가	4:아이템추가(기간제설정)																				
//	Version	0.0.1.0													1:램덤(아이템코드연결)																					
//		42396.9458	"보상스크립트에서선택보상을랜덤방식,즉DropRatioInfo스크립트에서참조할경우,돈과관련된값(Money1,Money2…)은반드시0으로설정하여야한다."												2:아이템코드연결																					
//		매크로사용법은Ctrl+Shift+A키입니다.													3:드랍코드연결																					
//															4:아이템코드연결(기간제아이템)																					
//	기본정보			고정보상		1002	1002	1103	1103	1103					선택보상																					
//	인덱스	설명	설명코드	경험치	하임	베타키사용유무	코인	칭호	평판코드	평판포인트	카오감소시간	고정아템	타입	스킬ID	참조방식	선택개수	선택아템1	아이템타입1	시간설정1	선택아템2	아이템타입2	시간설정2	선택아템3	아이템타입3	시간설정3	선택아템4	아이템타입4	시간설정4	선택아템5	아이템타입5	시간설정5					
	Index	Description	DescriptionCode	Exp	Hime	BetaKeyCode	Coin	Title	ReputeCode	ReputePoint	ChaoTime	Fixed_IC	IGtype	Skill	ReferenceType	Select_Num	Sel_IC1	IGtype1	TimeLimit1	Sel_IC2	IGtype2	TimeLimit2	Sel_IC3	IGtype3	TimeLimit3	Sel_IC4	IGtype4	TimeLimit4	Sel_IC5	IGtype5	TimeLimit5	FieldEnd				
//	야수들의숲미션보상																																			
	50001	메인_야수들의숲_클리어1_버서커	50301	43273	20000	0	0	0	0	0	0	0	0	0	2	0	9134	1	0	0	0	0	0	0	0	0	0	0	0	0	0					
	50002	메인_야수들의숲_클리어1_드래곤	50301	43273	20000	0	0	0	0	0	0	0	0	0	2	0	9135	1	0	0	0	0	0	0	0	0	0	0	0	0	0					
	50003	메인_야수들의숲_클리어1_섀도우	50301	43273	20000	0	0	0	0	0	0	0	0	0	2	0	9136	1	0	0	0	0	0	0	0	0	0	0	0	0	0					
	50004	메인_야수들의숲_클리어1_발키리	50301	43273	20000	0	0	0	0	0	0	0	0	0	2	0	9137	1	0	0	0	0	0	0	0	0	0	0	0	0	0					
	50005	메인_야수들의숲_클리어1_엘리멘탈	50301	43273	20000	0	0	0	0	0	0	0	0	0	2	0	9138	1	0	0	0	0	0	0	0	0	0	0	0	0	0					
	50006	메인_야수들의숲_클리어1_미스틱	50301	43273	20000	0	0	0	0	0	0	0	0	0	2	0	9170	1	0	0	0	0	0	0	0	0	0	0	0	0	0					
	50007	메인_야수들의숲_클리어1_헬로이드	50301	43273	20000	0	0	0	0	0	0	0	0	0	2	0	9176	1	0	0	0	0	0	0	0	0	0	0	0	0	0					
	50008	메인_야수들의숲_클리어1_위치블레이드	50301	43273	20000	0	0	0	0	0	0	0	0	0	2	0	9217	1	0	0	0	0	0	0	0	0	0	0	0	0	0					
	50011	메인_야수들의숲_클리어2	50302	433	0	0	0	0	0	0	0	0	0	0	3	0	25151	0	0	25134	0	0	0	0	0	0	0	0	0	0	0					
	50021	메인_야수들의숲_클리어3	50302	649	0	0	0	0	0	0	0	0	0	0	3	0	25151	0	0	25134	0	0	0	0	0	0	0	0	0	0	0					
	50101	서브_야수들의숲_1_클리어1_버서커	50303	903	2000	0	0	0	0	0	0	0	0	0	2	0	9134	1	0	0	0	0	0	0	0	0	0	0	0	0	0					
	50102	서브_야수들의숲_1_클리어1_드래곤	50303	903	2000	0	0	0	0	0	0	0	0	0	2	0	9135	1	0	0	0	0	0	0	0	0	0	0	0	0	0					
	50103	서브_야수들의숲_1_클리어1_섀도우	50303	903	2000	0	0	0	0	0	0	0	0	0	2	0	9136	1	0	0	0	0	0	0	0	0	0	0	0	0	0					
	50104	서브_야수들의숲_1_클리어1_발키리	50303	903	2000	0	0	0	0	0	0	0	0	0	2	0	9137	1	0	0	0	0	0	0	0	0	0	0	0	0	0					
	50105	서브_야수들의숲_1_클리어1_엘리멘탈	50303	903	2000	0	0	0	0	0	0	0	0	0	2	0	9138	1	0	0	0	0	0	0	0	0	0	0	0	0	0					
	50106	서브_야수들의숲_1_클리어1_미스틱	50303	903	2000	0	0	0	0	0	0	0	0	0	2	0	9170	1	0	0	0	0	0	0	0	0	0	0	0	0	0					
	50107	서브_야수들의숲_1_클리어1_헬로이드	50303	903	2000	0	0	0	0	0	0	0	0	0	2	0	9176	1	0	0	0	0	0	0	0	0	0	0	0	0	0					
	50108	서브_야수들의숲_1_클리어1_위치블레이드	50303	903	2000	0	0	0	0	0	0	0	0	0	2	0	9217	1	0	0	0	0	0	0	0	0	0	0	0	0	0					
	50111	서브_야수들의숲_1_클리어2	50304	9	0	0	0	0	0	0	0	0	0	0	3	0	25151	0	0	25131	0	0	0	0	0	0	0	0	0	0	0					
	50121	서브_야수들의숲_1_클리어3	50304	14	0	0	0	0	0	0	0	0	0	0	3	0	25151	0	0	25131	0	0	0	0	0	0	0	0	0	0	0					
	50201	서브_야수들의숲_2_클리어1_버서커	50313	4945	4000	0	0	0	0	0	0	0	0	0	2	0	9134	1	0	0	0	0	0	0	0	0	0	0	0	0	0					
	50202	서브_야수들의숲_2_클리어1_드래곤	50313	4945	4000	0	0	0	0	0	0	0	0	0	2	0	9135	1	0	0	0	0	0	0	0	0	0	0	0	0	0					
	50203	서브_야수들의숲_2_클리어1_섀도우	50313	4945	4000	0	0	0	0	0	0	0	0	0	2	0	9136	1	0	0	0	0	0	0	0	0	0	0	0	0	0					
	50204	서브_야수들의숲_2_클리어1_발키리	50313	4945	4000	0	0	0	0	0	0	0	0	0	2	0	9137	1	0	0	0	0	0	0	0	0	0	0	0	0	0					
	50205	서브_야수들의숲_2_클리어1_엘리멘탈	50313	4945	4000	0	0	0	0	0	0	0	0	0	2	0	9138	1	0	0	0	0	0	0	0	0	0	0	0	0	0					
	50206	서브_야수들의숲_2_클리어1_미스틱	50313	4945	4000	0	0	0	0	0	0	0	0	0	2	0	9170	1	0	0	0	0	0	0	0	0	0	0	0	0	0					
	50207	서브_야수들의숲_2_클리어1_헬로이드	50313	4945	4000	0	0	0	0	0	0	0	0	0	2	0	9176	1	0	0	0	0	0	0	0	0	0	0	0	0	0					
	50208	서브_야수들의숲_2_클리어1_위치블레이드	50313	4945	4000	0	0	0	0	0	0	0	0	0	2	0	9217	1	0	0	0	0	0	0	0	0	0	0	0	0	0					
	50211	서브_야수들의숲_2_클리어2	50314	49	0	0	0	0	0	0	0	0	0	0	3	0	25151	0	0	25131	0	0	0	0	0	0	0	0	0	0	0					
	50221	서브_야수들의숲_2_클리어3	50314	74	0	0	0	0	0	0	0	0	0	0	3	0	25151	0	0	25131	0	0	0	0	0	0	0	0	0	0	0					
	50301	서브_야수들의숲_3_클리어1_버서커	50315	24173	8000	0	0	0	0	0	0	0	0	0	2	0	9134	1	0	0	0	0	0	0	0	0	0	0	0	0	0					
	50302	서브_야수들의숲_3_클리어1_드래곤	50315	24173	8000	0	0	0	0	0	0	0	0	0	2	0	9135	1	0	0	0	0	0	0	0	0	0	0	0	0	0					
	50303	서브_야수들의숲_3_클리어1_섀도우	50315	24173	8000	0	0	0	0	0	0	0	0	0	2	0	9136	1	0	0	0	0	0	0	0	0	0	0	0	0	0					
	50304	서브_야수들의숲_3_클리어1_발키리	50315	24173	8000	0	0	0	0	0	0	0	0	0	2	0	9137	1	0	0	0	0	0	0	0	0	0	0	0	0	0					
	50305	서브_야수들의숲_3_클리어1_엘리멘탈	50315	24173	8000	0	0	0	0	0	0	0	0	0	2	0	9138	1	0	0	0	0	0	0	0	0	0	0	0	0	0					
	50306	서브_야수들의숲_3_클리어1_미스틱	50315	24173	8000	0	0	0	0	0	0	0	0	0	2	0	9170	1	0	0	0	0	0	0	0	0	0	0	0	0	0					
	50307	서브_야수들의숲_3_클리어1_헬로이드	50315	24173	8000	0	0	0	0	0	0	0	0	0	2	0	9176	1	0	0	0	0	0	0	0	0	0	0	0	0	0					
	50308	서브_야수들의숲_3_클리어1_위치블레이드	50315	24173	8000	0	0	0	0	0	0	0	0	0	2	0	9217	1	0	0	0	0	0	0	0	0	0	0	0	0	0					
	50311	서브_야수들의숲_3_클리어2	50316	242	0	0	0	0	0	0	0	0	0	0	3	0	25151	0	0	25134	0	0	0	0	0	0	0	0	0	0	0					
	50321	서브_야수들의숲_3_클리어3	50316	363	0	0	0	0	0	0	0	0	0	0	3	0	25151	0	0	25134	0	0	0	0	0	0	0	0	0	0	0					
//	50401	서브_야수들의숲_4_클리어1_버서커	50315	0	0	0	0	0	0	0	0	0	0	0	0	0	0	0	0	0	0	0	0	0	0	0	0	0	0	0	0					
//	50402	서브_야수들의숲_4_클리어1_드래곤	50315	0	0	0	0	0	0	0	0	0	0	0	0	0	0	0	0	0	0	0	0	0	0	0	0	0	0	0	0					
//	50403	서브_야수들의숲_4_클리어1_섀도우	50315	0	0	0	0	0	0	0	0	0	0	0	0	0	0	0	0	0	0	0	0	0	0	0	0	0	0	0	0					
//	50404	서브_야수들의숲_4_클리어1_발키리	50315	0	0	0	0	0	0	0	0	0	0	0	0	0	0	0	0	0	0	0	0	0	0	0	0	0	0	0	0					
//	50405	서브_야수들의숲_4_클리어1_엘리멘탈	50315	0	0	0	0	0	0	0	0	0	0	0	0	0	0	0	0	0	0	0	0	0	0	0	0	0	0	0	0					
//	50411	서브_야수들의숲_4_클리어2	50316	0	0	0	0	0	0	0	0	0	0	0	0	0	0	0	0	0	0	0	0	0	0	0	0	0	0	0	0					
//	50421	서브_야수들의숲_4_클리어3	50316	0	0	0	0	0	0	0	0	0	0	0	0	0	0	0	0	0	0	0	0	0	0	0	0	0	0	0	0					
	50501	익스트림챌린지_야수들의숲_클리어	50352	41957	0	0	0	0	0	0	0	0	0	0	2	0	41391	1	0	7247	1	0	7251	1	0	0	0	0	0	0	0					
	50502	익스트림챌린지_야수들의숲_클리어_2	50352	41957	0	0	0	0	0	0	0	0	0	0	3	0	25150	0	0	25251	0	0	25321	0	0	49060	0	0	12901	0	0					
//	지하수로미션보상								0	0									0			0			0			0			0					
	51001	메인_지하수로_클리어1_버서커	50305	180987	100000	0	0	0	0	0	0	0	0	0	2	0	9139	1	0	0	0	0	0	0	0	0	0	0	0	0	0					
	51002	메인_지하수로_클리어1_드래곤	50305	180987	100000	0	0	0	0	0	0	0	0	0	2	0	9140	1	0	0	0	0	0	0	0	0	0	0	0	0	0					
	51003	메인_지하수로_클리어1_섀도우	50305	180987	100000	0	0	0	0	0	0	0	0	0	2	0	9141	1	0	0	0	0	0	0	0	0	0	0	0	0	0					
	51004	메인_지하수로_클리어1_발키리	50305	180987	100000	0	0	0	0	0	0	0	0	0	2	0	9142	1	0	0	0	0	0	0	0	0	0	0	0	0	0					
	51005	메인_지하수로_클리어1_엘리멘탈	50305	180987	100000	0	0	0	0	0	0	0	0	0	2	0	9143	1	0	0	0	0	0	0	0	0	0	0	0	0	0					
	51006	메인_지하수로_클리어1_미스틱	50305	180987	100000	0	0	0	0	0	0	0	0	0	2	0	9171	1	0	0	0	0	0	0	0	0	0	0	0	0	0					
	51007	메인_지하수로_클리어1_헬로이드	50305	180987	100000	0	0	0	0	0	0	0	0	0	2	0	9177	1	0	0	0	0	0	0	0	0	0	0	0	0	0					
	51008	메인_지하수로_클리어1_위치블레이드	50305	180987	100000	0	0	0	0	0	0	0	0	0	2	0	9218	1	0	0	0	0	0	0	0	0	0	0	0	0	0					
	51011	메인_지하수로_클리어2	50306	1810	0	0	0	0	0	0	0	0	0	0	3	0	25152	0	0	25134	0	0	0	0	0	0	0	0	0	0	0					
	51021	메인_지하수로_클리어3	50306	2715	0	0	0	0	0	0	0	0	0	0	3	0	25152	0	0	25134	0	0	0	0	0	0	0	0	0	0	0					
	51101	서브_지하수로_1_클리어1_버서커	50317	43273	10000	0	0	0	0	0	0	0	0	0	2	0	9139	1	0	0	0	0	0	0	0	0	0	0	0	0	0					
	51102	서브_지하수로_1_클리어1_드래곤	50317	43273	10000	0	0	0	0	0	0	0	0	0	2	0	9140	1	0	0	0	0	0	0	0	0	0	0	0	0	0					
	51103	서브_지하수로_1_클리어1_섀도우	50317	43273	10000	0	0	0	0	0	0	0	0	0	2	0	9141	1	0	0	0	0	0	0	0	0	0	0	0	0	0					
	51104	서브_지하수로_1_클리어1_발키리	50317	43273	10000	0	0	0	0	0	0	0	0	0	2	0	9142	1	0	0	0	0	0	0	0	0	0	0	0	0	0					
	51105	서브_지하수로_1_클리어1_엘리멘탈	50317	43273	10000	0	0	0	0	0	0	0	0	0	2	0	9143	1	0	0	0	0	0	0	0	0	0	0	0	0	0					
	51106	서브_지하수로_1_클리어1_미스틱	50317	43273	10000	0	0	0	0	0	0	0	0	0	2	0	9171	1	0	0	0	0	0	0	0	0	0	0	0	0	0					
	51107	서브_지하수로_1_클리어1_헬로이드	50317	43273	10000	0	0	0	0	0	0	0	0	0	2	0	9177	1	0	0	0	0	0	0	0	0	0	0	0	0	0					
	51108	서브_지하수로_1_클리어1_위치블레이드	50317	43273	10000	0	0	0	0	0	0	0	0	0	2	0	9218	1	0	0	0	0	0	0	0	0	0	0	0	0	0					
	51111	서브_지하수로_1_클리어2	50318	433	0	0	0	0	0	0	0	0	0	0	3	0	25152	0	0	25131	0	0	0	0	0	0	0	0	0	0	0					
	51121	서브_지하수로_1_클리어3	50318	649	0	0	0	0	0	0	0	0	0	0	3	0	25152	0	0	25131	0	0	0	0	0	0	0	0	0	0	0					
	51201	서브_지하수로_2_클리어1_버서커	50307	60850	20000	0	0	0	0	0	0	0	0	0	2	0	9139	1	0	0	0	0	0	0	0	0	0	0	0	0	0					
	51202	서브_지하수로_2_클리어1_드래곤	50307	60850	20000	0	0	0	0	0	0	0	0	0	2	0	9140	1	0	0	0	0	0	0	0	0	0	0	0	0	0					
	51203	서브_지하수로_2_클리어1_섀도우	50307	60850	20000	0	0	0	0	0	0	0	0	0	2	0	9141	1	0	0	0	0	0	0	0	0	0	0	0	0	0					
	51204	서브_지하수로_2_클리어1_발키리	50307	60850	20000	0	0	0	0	0	0	0	0	0	2	0	9142	1	0	0	0	0	0	0	0	0	0	0	0	0	0					
	51205	서브_지하수로_2_클리어1_엘리멘탈	50307	60850	20000	0	0	0	0	0	0	0	0	0	2	0	9143	1	0	0	0	0	0	0	0	0	0	0	0	0	0					
	51206	서브_지하수로_2_클리어1_미스틱	50307	60850	20000	0	0	0	0	0	0	0	0	0	2	0	9171	1	0	0	0	0	0	0	0	0	0	0	0	0	0					
	51207	서브_지하수로_2_클리어1_헬로이드	50307	60850	20000	0	0	0	0	0	0	0	0	0	2	0	9177	1	0	0	0	0	0	0	0	0	0	0	0	0	0					
	51208	서브_지하수로_2_클리어1_위치블레이드	50307	60850	20000	0	0	0	0	0	0	0	0	0	2	0	9218	1	0	0	0	0	0	0	0	0	0	0	0	0	0					
	51211	서브_지하수로_2_클리어2	50308	609	0	0	0	0	0	0	0	0	0	0	3	0	25152	0	0	25134	0	0	0	0	0	0	0	0	0	0	0					
	51221	서브_지하수로_2_클리어3	50308	913	0	0	0	0	0	0	0	0	0	0	3	0	25152	0	0	25134	0	0	0	0	0	0	0	0	0	0	0					
	51301	서브_지하수로_3_클리어1_버서커	50307	108182	40000	0	0	0	0	0	0	0	0	0	2	0	9139	1	0	0	0	0	0	0	0	0	0	0	0	0	0					
	51302	서브_지하수로_3_클리어1_드래곤	50307	108182	40000	0	0	0	0	0	0	0	0	0	2	0	9140	1	0	0	0	0	0	0	0	0	0	0	0	0	0					
	51303	서브_지하수로_3_클리어1_섀도우	50307	108182	40000	0	0	0	0	0	0	0	0	0	2	0	9141	1	0	0	0	0	0	0	0	0	0	0	0	0	0					
	51304	서브_지하수로_3_클리어1_발키리	50307	108182	40000	0	0	0	0	0	0	0	0	0	2	0	9142	1	0	0	0	0	0	0	0	0	0	0	0	0	0					
	51305	서브_지하수로_3_클리어1_엘리멘탈	50307	108182	40000	0	0	0	0	0	0	0	0	0	2	0	9143	1	0	0	0	0	0	0	0	0	0	0	0	0	0					
	51306	서브_지하수로_3_클리어1_미스틱	50307	108182	40000	0	0	0	0	0	0	0	0	0	2	0	9171	1	0	0	0	0	0	0	0	0	0	0	0	0	0					
	51307	서브_지하수로_3_클리어1_헬로이드	50307	108182	40000	0	0	0	0	0	0	0	0	0	2	0	9177	1	0	0	0	0	0	0	0	0	0	0	0	0	0					
	51308	서브_지하수로_3_클리어1_위치블레이드	50307	108182	40000	0	0	0	0	0	0	0	0	0	2	0	9218	1	0	0	0	0	0	0	0	0	0	0	0	0	0					
	51311	서브_지하수로_3_클리어2	50308	1082	0	0	0	0	0	0	0	0	0	0	3	0	25152	0	0	25134	0	0	0	0	0	0	0	0	0	0	0					
	51321	서브_지하수로_3_클리어3	50308	1623	0	0	0	0	0	0	0	0	0	0	3	0	25152	0	0	25134	0	0	0	0	0	0	0	0	0	0	0					
//	51401	서브_지하수로_4_클리어1_버서커	50307	0	0	0	0	0	0	0	0	0	0	0	0	0	0	0	0	0	0	0	0	0	0	0	0	0	0	0	0					
//	51402	서브_지하수로_4_클리어1_드래곤	50307	0	0	0	0	0	0	0	0	0	0	0	0	0	0	0	0	0	0	0	0	0	0	0	0	0	0	0	0					
//	51403	서브_지하수로_4_클리어1_섀도우	50307	0	0	0	0	0	0	0	0	0	0	0	0	0	0	0	0	0	0	0	0	0	0	0	0	0	0	0	0					
//	51404	서브_지하수로_4_클리어1_발키리	50307	0	0	0	0	0	0	0	0	0	0	0	0	0	0	0	0	0	0	0	0	0	0	0	0	0	0	0	0					
//	51405	서브_지하수로_4_클리어1_엘리멘탈	50307	0	0	0	0	0	0	0	0	0	0	0	0	0	0	0	0	0	0	0	0	0	0	0	0	0	0	0	0					
//	51411	서브_지하수로_4_클리어2	50308	0	0	0	0	0	0	0	0	0	0	0	0	0	0	0	0	0	0	0	0	0	0	0	0	0	0	0	0					
//	51421	서브_지하수로_4_클리어3	50308	0	0	0	0	0	0	0	0	0	0	0	0	0	0	0	0	0	0	0	0	0	0	0	0	0	0	0	0					
	51501	익스트림챌린지_지하수로_클리어	50353	179360	0	0	0	0	0	0	0	0	0	0	2	0	41391	2	0	7247	1	0	7251	1	0	0	0	0	0	0	0					
	51502	익스트림챌린지_지하수로_클리어_2	50353	41957	0	0	0	0	0	0	0	0	0	0	3	0	25150	0	0	25252	0	0	25322	0	0	49061	0	0	12902	0	0					
//	설원미션보상							0	0	0									0			0			0			0			0					
	52001	메인_설원_클리어1_버서커	50309	537213	500000	0	0	0	0	0	0	0	0	0	2	0	9144	1	0	0	0	0	0	0	0	0	0	0	0	0	0					
	52002	메인_설원_클리어1_드래곤	50309	537213	500000	0	0	0	0	0	0	0	0	0	2	0	9145	1	0	0	0	0	0	0	0	0	0	0	0	0	0					
	52003	메인_설원_클리어1_섀도우	50309	537213	500000	0	0	0	0	0	0	0	0	0	2	0	9146	1	0	0	0	0	0	0	0	0	0	0	0	0	0					
	52004	메인_설원_클리어1_발키리	50309	537213	500000	0	0	0	0	0	0	0	0	0	2	0	9147	1	0	0	0	0	0	0	0	0	0	0	0	0	0					
	52005	메인_설원_클리어1_엘리멘탈	50309	537213	500000	0	0	0	0	0	0	0	0	0	2	0	9148	1	0	0	0	0	0	0	0	0	0	0	0	0	0					
	52006	메인_설원_클리어1_미스틱	50309	537213	500000	0	0	0	0	0	0	0	0	0	2	0	9172	1	0	0	0	0	0	0	0	0	0	0	0	0	0					
	52007	메인_설원_클리어1_헬로이드	50309	537213	500000	0	0	0	0	0	0	0	0	0	2	0	9178	1	0	0	0	0	0	0	0	0	0	0	0	0	0					
	52008	메인_설원_클리어1_위치블레이드	50309	537213	500000	0	0	0	0	0	0	0	0	0	2	0	9219	1	0	0	0	0	0	0	0	0	0	0	0	0	0					
	52011	메인_설원_클리어2	50310	5372	0	0	0	0	0	0	0	0	0	0	3	0	25153	0	0	25134	0	0	0	0	0	0	0	0	0	0	0					
	52021	메인_설원_클리어3	50310	8058	0	0	0	0	0	0	0	0	0	0	3	0	25153	0	0	25134	0	0	0	0	0	0	0	0	0	0	0					
	52101	서브_설원_1_클리어1_버서커	50311	180987	50000	0	0	0	0	0	0	0	0	0	2	0	9144	1	0	0	0	0	0	0	0	0	0	0	0	0	0					
	52102	서브_설원_1_클리어1_드래곤	50311	180987	50000	0	0	0	0	0	0	0	0	0	2	0	9145	1	0	0	0	0	0	0	0	0	0	0	0	0	0					
	52103	서브_설원_1_클리어1_섀도우	50311	180987	50000	0	0	0	0	0	0	0	0	0	2	0	9146	1	0	0	0	0	0	0	0	0	0	0	0	0	0					
	52104	서브_설원_1_클리어1_발키리	50311	180987	50000	0	0	0	0	0	0	0	0	0	2	0	9147	1	0	0	0	0	0	0	0	0	0	0	0	0	0					
	52105	서브_설원_1_클리어1_엘리멘탈	50311	180987	50000	0	0	0	0	0	0	0	0	0	2	0	9148	1	0	0	0	0	0	0	0	0	0	0	0	0	0					
	52106	서브_설원_1_클리어1_미스틱	50311	180987	50000	0	0	0	0	0	0	0	0	0	2	0	9172	1	0	0	0	0	0	0	0	0	0	0	0	0	0					
	52107	서브_설원_1_클리어1_헬로이드	50311	180987	50000	0	0	0	0	0	0	0	0	0	2	0	9178	1	0	0	0	0	0	0	0	0	0	0	0	0	0					
	52108	서브_설원_1_클리어1_위치블레이드	50311	180987	50000	0	0	0	0	0	0	0	0	0	2	0	9219	1	0	0	0	0	0	0	0	0	0	0	0	0	0					
	52111	서브_설원_1_클리어2	50312	1810	0	0	0	0	0	0	0	0	0	0	3	0	25153	0	0	25134	0	0	0	0	0	0	0	0	0	0	0					
	52121	서브_설원_1_클리어3	50312	2715	0	0	0	0	0	0	0	0	0	0	3	0	25153	0	0	25134	0	0	0	0	0	0	0	0	0	0	0					
	52201	서브_설원_2_클리어1_버서커	50311	274949	100000	0	0	0	0	0	0	0	0	0	2	0	9144	1	0	0	0	0	0	0	0	0	0	0	0	0	0					
	52202	서브_설원_2_클리어1_드래곤	50311	274949	100000	0	0	0	0	0	0	0	0	0	2	0	9145	1	0	0	0	0	0	0	0	0	0	0	0	0	0					
	52203	서브_설원_2_클리어1_섀도우	50311	274949	100000	0	0	0	0	0	0	0	0	0	2	0	9146	1	0	0	0	0	0	0	0	0	0	0	0	0	0					
	52204	서브_설원_2_클리어1_발키리	50311	274949	100000	0	0	0	0	0	0	0	0	0	2	0	9147	1	0	0	0	0	0	0	0	0	0	0	0	0	0					
	52205	서브_설원_2_클리어1_엘리멘탈	50311	274949	100000	0	0	0	0	0	0	0	0	0	2	0	9148	1	0	0	0	0	0	0	0	0	0	0	0	0	0					
	52206	서브_설원_2_클리어1_미스틱	50311	274949	100000	0	0	0	0	0	0	0	0	0	2	0	9172	1	0	0	0	0	0	0	0	0	0	0	0	0	0					
	52207	서브_설원_2_클리어1_헬로이드	50311	274949	100000	0	0	0	0	0	0	0	0	0	2	0	9178	1	0	0	0	0	0	0	0	0	0	0	0	0	0					
	52208	서브_설원_2_클리어1_위치블레이드	50311	274949	100000	0	0	0	0	0	0	0	0	0	2	0	9219	1	0	0	0	0	0	0	0	0	0	0	0	0	0					
	52211	서브_설원_2_클리어2	50312	2749	0	0	0	0	0	0	0	0	0	0	3	0	25153	0	0	25134	0	0	0	0	0	0	0	0	0	0	0					
	52221	서브_설원_2_클리어3	50312	4124	0	0	0	0	0	0	0	0	0	0	3	0	25153	0	0	25134	0	0	0	0	0	0	0	0	0	0	0					
	52301	서브_설원_3_클리어1_버서커	50311	392776	200000	0	0	0	0	0	0	0	0	0	2	0	9144	1	0	0	0	0	0	0	0	0	0	0	0	0	0					
	52302	서브_설원_3_클리어1_드래곤	50311	392776	200000	0	0	0	0	0	0	0	0	0	2	0	9145	1	0	0	0	0	0	0	0	0	0	0	0	0	0					
	52303	서브_설원_3_클리어1_섀도우	50311	392776	200000	0	0	0	0	0	0	0	0	0	2	0	9146	1	0	0	0	0	0	0	0	0	0	0	0	0	0					
	52304	서브_설원_3_클리어1_발키리	50311	392776	200000	0	0	0	0	0	0	0	0	0	2	0	9147	1	0	0	0	0	0	0	0	0	0	0	0	0	0					
	52305	서브_설원_3_클리어1_엘리멘탈	50311	392776	200000	0	0	0	0	0	0	0	0	0	2	0	9148	1	0	0	0	0	0	0	0	0	0	0	0	0	0					
	52306	서브_설원_3_클리어1_미스틱	50311	392776	200000	0	0	0	0	0	0	0	0	0	2	0	9172	1	0	0	0	0	0	0	0	0	0	0	0	0	0					
	52307	서브_설원_3_클리어1_헬로이드	50311	392776	200000	0	0	0	0	0	0	0	0	0	2	0	9178	1	0	0	0	0	0	0	0	0	0	0	0	0	0					
	52308	서브_설원_3_클리어1_위치블레이드	50311	392776	200000	0	0	0	0	0	0	0	0	0	2	0	9219	1	0	0	0	0	0	0	0	0	0	0	0	0	0					
	52311	서브_설원_3_클리어2	50312	3928	0	0	0	0	0	0	0	0	0	0	3	0	25153	0	0	25131	0	0	0	0	0	0	0	0	0	0	0					
	52321	서브_설원_3_클리어3	50312	5892	0	0	0	0	0	0	0	0	0	0	3	0	25153	0	0	25131	0	0	0	0	0	0	0	0	0	0	0					
//	52401	서브_설원_4_클리어1_버서커	50311	0	0	0	0	0	0	0	0	0	0	0	0	0	0	0	0	0	0	0	0	0	0	0	0	0	0	0	0					
//	52402	서브_설원_4_클리어1_드래곤	50311	0	0	0	0	0	0	0	0	0	0	0	0	0	0	0	0	0	0	0	0	0	0	0	0	0	0	0	0					
//	52403	서브_설원_4_클리어1_섀도우	50311	0	0	0	0	0	0	0	0	0	0	0	0	0	0	0	0	0	0	0	0	0	0	0	0	0	0	0	0					
//	52404	서브_설원_4_클리어1_발키리	50311	0	0	0	0	0	0	0	0	0	0	0	0	0	0	0	0	0	0	0	0	0	0	0	0	0	0	0	0					
//	52405	서브_설원_4_클리어1_엘리멘탈	50311	0	0	0	0	0	0	0	0	0	0	0	0	0	0	0	0	0	0	0	0	0	0	0	0	0	0	0	0					
//	52411	서브_설원_4_클리어2	50312	0	0	0	0	0	0	0	0	0	0	0	0	0	0	0	0	0	0	0	0	0	0	0	0	0	0	0	0					
//	52421	서브_설원_4_클리어3	50312	0	0	0	0	0	0	0	0	0	0	0	0	0	0	0	0	0	0	0	0	0	0	0	0	0	0	0	0					
	52501	익스트림챌린지_설원_클리어	50354	637730	0	0	0	0	0	0	0	0	0	0	2	0	41391	3	0	7247	1	0	7251	1	0	0	0	0	0	0	0					
	52502	익스트림챌린지_설원_클리어_2	50354	41957	0	0	0	0	0	0	0	0	0	0	3	0	25150	0	0	25253	0	0	25322	0	0	49062	0	0	12903	0	0					
//	용족미션보상							0	0	0									0			0			0			0			0					
	53001	메인_용족_클리어1_버서커	50319	694049	250000	0	0	0	0	0	0	0	0	0	2	0	9149	1	0	0	0	0	0	0	0	0	0	0	0	0	0					
	53002	메인_용족_클리어1_드래곤	50319	694049	250000	0	0	0	0	0	0	0	0	0	2	0	9150	1	0	0	0	0	0	0	0	0	0	0	0	0	0					
	53003	메인_용족_클리어1_섀도우	50319	694049	250000	0	0	0	0	0	0	0	0	0	2	0	9151	1	0	0	0	0	0	0	0	0	0	0	0	0	0					
	53004	메인_용족_클리어1_발키리	50319	694049	250000	0	0	0	0	0	0	0	0	0	2	0	9152	1	0	0	0	0	0	0	0	0	0	0	0	0	0					
	53005	메인_용족_클리어1_엘리멘탈	50319	694049	250000	0	0	0	0	0	0	0	0	0	2	0	9153	1	0	0	0	0	0	0	0	0	0	0	0	0	0					
	53006	메인_용족_클리어1_미스틱	50319	694049	250000	0	0	0	0	0	0	0	0	0	2	0	9173	1	0	0	0	0	0	0	0	0	0	0	0	0	0					
	53007	메인_용족_클리어1_헬로이드	50319	694049	250000	0	0	0	0	0	0	0	0	0	2	0	9179	1	0	0	0	0	0	0	0	0	0	0	0	0	0					
	53008	메인_용족_클리어1_위치블레이드	50319	694049	250000	0	0	0	0	0	0	0	0	0	2	0	9220	1	0	0	0	0	0	0	0	0	0	0	0	0	0					
	53011	메인_용족_클리어2	50320	6940	0	0	0	0	0	0	0	0	0	0	3	0	25154	0	0	25134	0	0	0	0	0	0	0	0	0	0	0					
	53021	메인_용족_클리어3	50320	10411	0	0	0	0	0	0	0	0	0	0	3	0	25154	0	0	25134	0	0	0	0	0	0	0	0	0	0	0					
	53101	서브_용족_1_클리어1_버서커	50321	322328	250000	0	0	0	0	0	0	0	0	0	2	0	9149	1	0	0	0	0	0	0	0	0	0	0	0	0	0					
	53102	서브_용족_1_클리어1_드래곤	50321	322328	250000	0	0	0	0	0	0	0	0	0	2	0	9150	1	0	0	0	0	0	0	0	0	0	0	0	0	0					
	53103	서브_용족_1_클리어1_섀도우	50321	322328	250000	0	0	0	0	0	0	0	0	0	2	0	9151	1	0	0	0	0	0	0	0	0	0	0	0	0	0					
	53104	서브_용족_1_클리어1_발키리	50321	322328	250000	0	0	0	0	0	0	0	0	0	2	0	9152	1	0	0	0	0	0	0	0	0	0	0	0	0	0					
	53105	서브_용족_1_클리어1_엘리멘탈	50321	322328	250000	0	0	0	0	0	0	0	0	0	2	0	9153	1	0	0	0	0	0	0	0	0	0	0	0	0	0					
	53106	서브_용족_1_클리어1_미스틱	50321	322328	250000	0	0	0	0	0	0	0	0	0	2	0	9173	1	0	0	0	0	0	0	0	0	0	0	0	0	0					
	53107	서브_용족_1_클리어1_헬로이드	50321	322328	250000	0	0	0	0	0	0	0	0	0	2	0	9179	1	0	0	0	0	0	0	0	0	0	0	0	0	0					
	53108	서브_용족_1_클리어1_위치블레이드	50321	322328	250000	0	0	0	0	0	0	0	0	0	2	0	9220	1	0	0	0	0	0	0	0	0	0	0	0	0	0					
	53111	서브_용족_1_클리어2	50322	3223	0	0	0	0	0	0	0	0	0	0	3	0	25154	0	0	25134	0	0	0	0	0	0	0	0	0	0	0					
	53121	서브_용족_1_클리어3	50322	4835	0	0	0	0	0	0	0	0	0	0	3	0	25154	0	0	25134	0	0	0	0	0	0	0	0	0	0	0					
	53201	서브_용족_2_클리어1_버서커	50321	426505	500000	0	0	0	0	0	0	0	0	0	2	0	9149	1	0	0	0	0	0	0	0	0	0	0	0	0	0					
	53202	서브_용족_2_클리어1_드래곤	50321	426505	500000	0	0	0	0	0	0	0	0	0	2	0	9150	1	0	0	0	0	0	0	0	0	0	0	0	0	0					
	53203	서브_용족_2_클리어1_섀도우	50321	426505	500000	0	0	0	0	0	0	0	0	0	2	0	9151	1	0	0	0	0	0	0	0	0	0	0	0	0	0					
	53204	서브_용족_2_클리어1_발키리	50321	426505	500000	0	0	0	0	0	0	0	0	0	2	0	9152	1	0	0	0	0	0	0	0	0	0	0	0	0	0					
	53205	서브_용족_2_클리어1_엘리멘탈	50321	426505	500000	0	0	0	0	0	0	0	0	0	2	0	9153	1	0	0	0	0	0	0	0	0	0	0	0	0	0					
	53206	서브_용족_2_클리어1_미스틱	50321	426505	500000	0	0	0	0	0	0	0	0	0	2	0	9173	1	0	0	0	0	0	0	0	0	0	0	0	0	0					
	53207	서브_용족_2_클리어1_헬로이드	50321	426505	500000	0	0	0	0	0	0	0	0	0	2	0	9179	1	0	0	0	0	0	0	0	0	0	0	0	0	0					
	53208	서브_용족_2_클리어1_위치블레이드	50321	426505	500000	0	0	0	0	0	0	0	0	0	2	0	9220	1	0	0	0	0	0	0	0	0	0	0	0	0	0					
	53211	서브_용족_2_클리어2	50322	4265	0	0	0	0	0	0	0	0	0	0	3	0	25154	0	0	25134	0	0	0	0	0	0	0	0	0	0	0					
	53221	서브_용족_2_클리어3	50322	6398	0	0	0	0	0	0	0	0	0	0	3	0	25154	0	0	25134	0	0	0	0	0	0	0	0	0	0	0					
	53301	서브_용족_3_클리어1_버서커	50321	549915	1000000	0	0	0	0	0	0	0	0	0	2	0	9149	1	0	0	0	0	0	0	0	0	0	0	0	0	0					
	53302	서브_용족_3_클리어1_드래곤	50321	549915	1000000	0	0	0	0	0	0	0	0	0	2	0	9150	1	0	0	0	0	0	0	0	0	0	0	0	0	0					
	53303	서브_용족_3_클리어1_섀도우	50321	549915	1000000	0	0	0	0	0	0	0	0	0	2	0	9151	1	0	0	0	0	0	0	0	0	0	0	0	0	0					
	53304	서브_용족_3_클리어1_발키리	50321	549915	1000000	0	0	0	0	0	0	0	0	0	2	0	9152	1	0	0	0	0	0	0	0	0	0	0	0	0	0					
	53305	서브_용족_3_클리어1_엘리멘탈	50321	549915	1000000	0	0	0	0	0	0	0	0	0	2	0	9153	1	0	0	0	0	0	0	0	0	0	0	0	0	0					
	53306	서브_용족_3_클리어1_미스틱	50321	549915	1000000	0	0	0	0	0	0	0	0	0	2	0	9173	1	0	0	0	0	0	0	0	0	0	0	0	0	0					
	53307	서브_용족_3_클리어1_헬로이드	50321	549915	1000000	0	0	0	0	0	0	0	0	0	2	0	9179	1	0	0	0	0	0	0	0	0	0	0	0	0	0					
	53308	서브_용족_3_클리어1_위치블레이드	50321	549915	1000000	0	0	0	0	0	0	0	0	0	2	0	9220	1	0	0	0	0	0	0	0	0	0	0	0	0	0					
	53311	서브_용족_3_클리어2	50322	5499	0	0	0	0	0	0	0	0	0	0	3	0	25154	0	0	25134	0	0	0	0	0	0	0	0	0	0	0					
	53321	서브_용족_3_클리어3	50322	8249	0	0	0	0	0	0	0	0	0	0	3	0	25154	0	0	25134	0	0	0	0	0	0	0	0	0	0	0					
//	53401	서브_용족_4_클리어1_버서커	50321	0	0	0	0	0	0	0	0	0	0	0	0	0	0	0	0	0	0	0	0	0	0	0	0	0	0	0	0					
//	53402	서브_용족_4_클리어1_드래곤	50321	0	0	0	0	0	0	0	0	0	0	0	0	0	0	0	0	0	0	0	0	0	0	0	0	0	0	0	0					
//	53403	서브_용족_4_클리어1_섀도우	50321	0	0	0	0	0	0	0	0	0	0	0	0	0	0	0	0	0	0	0	0	0	0	0	0	0	0	0	0					
//	53404	서브_용족_4_클리어1_발키리	50321	0	0	0	0	0	0	0	0	0	0	0	0	0	0	0	0	0	0	0	0	0	0	0	0	0	0	0	0					
//	53405	서브_용족_4_클리어1_엘리멘탈	50321	0	0	0	0	0	0	0	0	0	0	0	0	0	0	0	0	0	0	0	0	0	0	0	0	0	0	0	0					
//	53411	서브_용족_4_클리어2	50322	0	0	0	0	0	0	0	0	0	0	0	0	0	0	0	0	0	0	0	0	0	0	0	0	0	0	0	0					
//	53421	서브_용족_4_클리어3	50322	0	0	0	0	0	0	0	0	0	0	0	0	0	0	0	0	0	0	0	0	0	0	0	0	0	0	0	0					
	53501	익스트림챌린지_용족_클리어_All	50355	674142	0	0	0	0	0	0	0	0	0	0	2	0	41391	4	0	7247	1	0	7251	1	0	0	0	0	0	0	0					
	53502	익스트림챌린지_용족_클리어_2	50355	41957	0	0	0	0	0	0	0	0	0	0	3	0	25150	0	0	25253	0	0	25322	0	0	49063	0	0	12904	0	0					
//	아이올트미션보상								0	0									0			0			0			0			0					
	54001	메인_아이올트_클리어1_버서커	50325	19552514	15000000	0	0	0	0	0	0	0	0	0	2	0	9154	1	0	7247	1	0	7251	1	0	0	0	0	0	0	0					
	54002	메인_아이올트_클리어1_드래곤	50325	19552514	15000000	0	0	0	0	0	0	0	0	0	2	0	9155	1	0	7247	1	0	7251	1	0	0	0	0	0	0	0					
	54003	메인_아이올트_클리어1_섀도우	50325	19552514	15000000	0	0	0	0	0	0	0	0	0	2	0	9156	1	0	7247	1	0	7251	1	0	0	0	0	0	0	0					
	54004	메인_아이올트_클리어1_발키리	50325	19552514	15000000	0	0	0	0	0	0	0	0	0	2	0	9157	1	0	7247	1	0	7251	1	0	0	0	0	0	0	0					
	54005	메인_아이올트_클리어1_엘리멘탈	50325	19552514	15000000	0	0	0	0	0	0	0	0	0	2	0	9158	1	0	7247	1	0	7251	1	0	0	0	0	0	0	0					
	54006	메인_아이올트_클리어1_미스틱	50325	19552514	15000000	0	0	0	0	0	0	0	0	0	2	0	9174	1	0	7247	1	0	7251	1	0	0	0	0	0	0	0					
	54007	메인_아이올트_클리어1_헬로이드	50325	19552514	15000000	0	0	0	0	0	0	0	0	0	2	0	9180	1	0	7247	1	0	7251	1	0	0	0	0	0	0	0					
	54008	메인_아이올트_클리어1_위치블레이드	50325	19552514	15000000	0	0	0	0	0	0	0	0	0	2	0	9221	1	0	7247	1	0	7251	1	0	0	0	0	0	0	0					
	54011	메인_아이올트_클리어2	50326	195525	0	0	0	0	0	0	0	0	0	0	3	0	25155	0	0	25134	0	0	0	0	0	0	0	0	0	0	0					
	54021	메인_아이올트_클리어3	50326	293288	0	0	0	0	0	0	0	0	0	0	3	0	25155	0	0	25134	0	0	0	0	0	0	0	0	0	0	0					
	54101	서브_아이올트_1_클리어1_버서커	50323	422547	1250000	0	0	0	0	0	0	0	0	0	2	0	9154	1	0	7247	1	0	7251	1	0	0	0	0	0	0	0					
	54102	서브_아이올트_1_클리어1_드래곤	50323	422547	1250000	0	0	0	0	0	0	0	0	0	2	0	9155	1	0	7247	1	0	7251	1	0	0	0	0	0	0	0					
	54103	서브_아이올트_1_클리어1_섀도우	50323	422547	1250000	0	0	0	0	0	0	0	0	0	2	0	9156	1	0	7247	1	0	7251	1	0	0	0	0	0	0	0					
	54104	서브_아이올트_1_클리어1_발키리	50323	422547	1250000	0	0	0	0	0	0	0	0	0	2	0	9157	1	0	7247	1	0	7251	1	0	0	0	0	0	0	0					
	54105	서브_아이올트_1_클리어1_엘리멘탈	50323	422547	1250000	0	0	0	0	0	0	0	0	0	2	0	9158	1	0	7247	1	0	7251	1	0	0	0	0	0	0	0					
	54106	서브_아이올트_1_클리어1_미스틱	50323	422547	1250000	0	0	0	0	0	0	0	0	0	2	0	9174	1	0	7247	1	0	7251	1	0	0	0	0	0	0	0					
	54107	서브_아이올트_1_클리어1_헬로이드	50323	422547	1250000	0	0	0	0	0	0	0	0	0	2	0	9180	1	0	7247	1	0	7251	1	0	0	0	0	0	0	0					
	54108	서브_아이올트_1_클리어1_위치블레이드	50323	422547	1250000	0	0	0	0	0	0	0	0	0	2	0	9221	1	0	7247	1	0	7251	1	0	0	0	0	0	0	0					
	54111	서브_아이올트_1_클리어2	50324	4225	0	0	0	0	0	0	0	0	0	0	3	0	25155	0	0	25134	0	0	0	0	0	0	0	0	0	0	0					
	54121	서브_아이올트_1_클리어3	50324	6338	0	0	0	0	0	0	0	0	0	0	3	0	25155	0	0	25134	0	0	0	0	0	0	0	0	0	0	0					
	54201	서브_아이올트_2_클리어1_버서커	50323	498611	2500000	0	0	0	0	0	0	0	0	0	2	0	9154	1	0	7247	1	0	7251	1	0	0	0	0	0	0	0					
	54202	서브_아이올트_2_클리어1_드래곤	50323	498611	2500000	0	0	0	0	0	0	0	0	0	2	0	9155	1	0	7247	1	0	7251	1	0	0	0	0	0	0	0					
	54203	서브_아이올트_2_클리어1_섀도우	50323	498611	2500000	0	0	0	0	0	0	0	0	0	2	0	9156	1	0	7247	1	0	7251	1	0	0	0	0	0	0	0					
	54204	서브_아이올트_2_클리어1_발키리	50323	498611	2500000	0	0	0	0	0	0	0	0	0	2	0	9157	1	0	7247	1	0	7251	1	0	0	0	0	0	0	0					
	54205	서브_아이올트_2_클리어1_엘리멘탈	50323	498611	2500000	0	0	0	0	0	0	0	0	0	2	0	9158	1	0	7247	1	0	7251	1	0	0	0	0	0	0	0					
	54206	서브_아이올트_2_클리어1_미스틱	50323	498611	2500000	0	0	0	0	0	0	0	0	0	2	0	9174	1	0	7247	1	0	7251	1	0	0	0	0	0	0	0					
	54207	서브_아이올트_2_클리어1_헬로이드	50323	498611	2500000	0	0	0	0	0	0	0	0	0	2	0	9180	1	0	7247	1	0	7251	1	0	0	0	0	0	0	0					
	54208	서브_아이올트_2_클리어1_위치블레이드	50323	498611	2500000	0	0	0	0	0	0	0	0	0	2	0	9221	1	0	7247	1	0	7251	1	0	0	0	0	0	0	0					
	54211	서브_아이올트_2_클리어2	50324	4986	0	0	0	0	0	0	0	0	0	0	3	0	25155	0	0	25134	0	0	0	0	0	0	0	0	0	0	0					
	54221	서브_아이올트_2_클리어3	50324	7479	0	0	0	0	0	0	0	0	0	0	3	0	25155	0	0	25134	0	0	0	0	0	0	0	0	0	0	0					
	54301	서브_아이올트_3_클리어1_버서커	50323	961980	5000000	0	0	0	0	0	0	0	0	0	2	0	9154	1	0	7247	1	0	7251	1	0	0	0	0	0	0	0					
	54302	서브_아이올트_3_클리어1_드래곤	50323	961980	5000000	0	0	0	0	0	0	0	0	0	2	0	9155	1	0	7247	1	0	7251	1	0	0	0	0	0	0	0					
	54303	서브_아이올트_3_클리어1_섀도우	50323	961980	5000000	0	0	0	0	0	0	0	0	0	2	0	9156	1	0	7247	1	0	7251	1	0	0	0	0	0	0	0					
	54304	서브_아이올트_3_클리어1_발키리	50323	961980	5000000	0	0	0	0	0	0	0	0	0	2	0	9157	1	0	7247	1	0	7251	1	0	0	0	0	0	0	0					
	54305	서브_아이올트_3_클리어1_엘리멘탈	50323	961980	5000000	0	0	0	0	0	0	0	0	0	2	0	9158	1	0	7247	1	0	7251	1	0	0	0	0	0	0	0					
	54306	서브_아이올트_3_클리어1_미스틱	50323	961980	5000000	0	0	0	0	0	0	0	0	0	2	0	9174	1	0	7247	1	0	7251	1	0	0	0	0	0	0	0					
	54307	서브_아이올트_3_클리어1_헬로이드	50323	961980	5000000	0	0	0	0	0	0	0	0	0	2	0	9180	1	0	7247	1	0	7251	1	0	0	0	0	0	0	0					
	54308	서브_아이올트_3_클리어1_위치블레이드	50323	961980	5000000	0	0	0	0	0	0	0	0	0	2	0	9221	1	0	7247	1	0	7251	1	0	0	0	0	0	0	0					
	54311	서브_아이올트_3_클리어2	50324	9620	0	0	0	0	0	0	0	0	0	0	3	0	25155	0	0	25134	0	0	0	0	0	0	0	0	0	0	0					
	54321	서브_아이올트_3_클리어3	50324	14430	0	0	0	0	0	0	0	0	0	0	3	0	25155	0	0	25134	0	0	0	0	0	0	0	0	0	0	0					
	54401	서브_아이올트_4_클리어1_버서커	50323	4579214	7500000	0	0	0	0	0	0	0	0	0	2	0	9154	1	0	7247	1	0	7251	1	0	0	0	0	0	0	0					
	54402	서브_아이올트_4_클리어1_드래곤	50323	4579214	7500000	0	0	0	0	0	0	0	0	0	2	0	9155	1	0	7247	1	0	7251	1	0	0	0	0	0	0	0					
	54403	서브_아이올트_4_클리어1_섀도우	50323	4579214	7500000	0	0	0	0	0	0	0	0	0	2	0	9156	1	0	7247	1	0	7251	1	0	0	0	0	0	0	0					
	54404	서브_아이올트_4_클리어1_발키리	50323	4579214	7500000	0	0	0	0	0	0	0	0	0	2	0	9157	1	0	7247	1	0	7251	1	0	0	0	0	0	0	0					
	54405	서브_아이올트_4_클리어1_엘리멘탈	50323	4579214	7500000	0	0	0	0	0	0	0	0	0	2	0	9158	1	0	7247	1	0	7251	1	0	0	0	0	0	0	0					
	54406	서브_아이올트_4_클리어1_미스틱	50323	4579214	7500000	0	0	0	0	0	0	0	0	0	2	0	9174	1	0	7247	1	0	7251	1	0	0	0	0	0	0	0					
	54407	서브_아이올트_4_클리어1_헬로이드	50323	4579214	7500000	0	0	0	0	0	0	0	0	0	2	0	9180	1	0	7247	1	0	7251	1	0	0	0	0	0	0	0					
	54408	서브_아이올트_4_클리어1_위치블레이드	50323	4579214	7500000	0	0	0	0	0	0	0	0	0	2	0	9221	1	0	7247	1	0	7251	1	0	0	0	0	0	0	0					
	54411	서브_아이올트_4_클리어2	50324	45792	0	0	0	0	0	0	0	0	0	0	3	0	25155	0	0	25134	0	0	0	0	0	0	0	0	0	0	0					
	54421	서브_아이올트_4_클리어3	50324	68688	0	0	0	0	0	0	0	0	0	0	3	0	25155	0	0	25134	0	0	0	0	0	0	0	0	0	0	0					
	54501	익스트림챌린지_아이올트_클리어_All	50356	2511708	0	0	0	0	0	0	0	0	0	0	2	0	41391	5	0	0	0	0	0	0	0	0	0	0	0	0	0					
//	헬론미션보상								0	0									0			0			0			0			0					
	55001	메인_헬론_클리어1_버서커	50329	21433936	42187500	0	0	0	0	0	0	0	0	0	2	0	9159	1	0	7247	1	0	7251	1	0	0	0	0	0	0	0					
	55002	메인_헬론_클리어1_드래곤	50329	21433936	42187500	0	0	0	0	0	0	0	0	0	2	0	9160	1	0	7247	1	0	7251	1	0	0	0	0	0	0	0					
	55003	메인_헬론_클리어1_섀도우	50329	21433936	42187500	0	0	0	0	0	0	0	0	0	2	0	9161	1	0	7247	1	0	7251	1	0	0	0	0	0	0	0					
	55004	메인_헬론_클리어1_발키리	50329	21433936	42187500	0	0	0	0	0	0	0	0	0	2	0	9162	1	0	7247	1	0	7251	1	0	0	0	0	0	0	0					
	55005	메인_헬론_클리어1_엘리멘탈	50329	21433936	42187500	0	0	0	0	0	0	0	0	0	2	0	9163	1	0	7247	1	0	7251	1	0	0	0	0	0	0	0					
	55006	메인_헬론_클리어1_미스틱	50329	21433936	42187500	0	0	0	0	0	0	0	0	0	2	0	9175	1	0	7247	1	0	7251	1	0	0	0	0	0	0	0					
	55007	메인_헬론_클리어1_헬로이드	50329	21433936	42187500	0	0	0	0	0	0	0	0	0	2	0	9181	1	0	7247	1	0	7251	1	0	0	0	0	0	0	0					
	55008	메인_헬론_클리어1_위치블레이드	50329	21433936	42187500	0	0	0	0	0	0	0	0	0	2	0	9222	1	0	7247	1	0	7251	1	0	0	0	0	0	0	0					
	55011	메인_헬론_클리어2	50330	214339	0	0	0	0	0	0	0	0	0	0	3	0	25156	0	0	25134	0	0	0	0	0	0	0	0	0	0	0					
	55021	메인_헬론_클리어3	50330	321509	0	0	0	0	0	0	0	0	0	0	3	0	25156	0	0	25134	0	0	0	0	0	0	0	0	0	0	0					
	55101	서브_헬론_1_클리어1_버서커	50327	9776257	9315000	0	0	0	0	0	0	0	0	0	2	0	9159	1	0	7247	1	0	7251	1	0	0	0	0	0	0	0					
	55102	서브_헬론_1_클리어1_드래곤	50327	9776257	9315000	0	0	0	0	0	0	0	0	0	2	0	9160	1	0	7247	1	0	7251	1	0	0	0	0	0	0	0					
	55103	서브_헬론_1_클리어1_섀도우	50327	9776257	9315000	0	0	0	0	0	0	0	0	0	2	0	9161	1	0	7247	1	0	7251	1	0	0	0	0	0	0	0					
	55104	서브_헬론_1_클리어1_발키리	50327	9776257	9315000	0	0	0	0	0	0	0	0	0	2	0	9162	1	0	7247	1	0	7251	1	0	0	0	0	0	0	0					
	55105	서브_헬론_1_클리어1_엘리멘탈	50327	9776257	9315000	0	0	0	0	0	0	0	0	0	2	0	9163	1	0	7247	1	0	7251	1	0	0	0	0	0	0	0					
	55106	서브_헬론_1_클리어1_미스틱	50327	9776257	9315000	0	0	0	0	0	0	0	0	0	2	0	9175	1	0	7247	1	0	7251	1	0	0	0	0	0	0	0					
	55107	서브_헬론_1_클리어1_헬로이드	50327	9776257	9315000	0	0	0	0	0	0	0	0	0	2	0	9181	1	0	7247	1	0	7251	1	0	0	0	0	0	0	0					
	55108	서브_헬론_1_클리어1_위치블레이드	50327	9776257	9315000	0	0	0	0	0	0	0	0	0	2	0	9222	1	0	7247	1	0	7251	1	0	0	0	0	0	0	0					
	55111	서브_헬론_1_클리어2	50328	97763	0	0	0	0	0	0	0	0	0	0	3	0	25156	0	0	25131	0	0	0	0	0	0	0	0	0	0	0					
	55121	서브_헬론_1_클리어3	50328	146644	0	0	0	0	0	0	0	0	0	0	3	0	25156	0	0	25131	0	0	0	0	0	0	0	0	0	0	0					
	55201	서브_헬론_2_클리어1_버서커	50327	13382718	14062500	0	0	0	0	0	0	0	0	0	2	0	9159	1	0	7247	1	0	7251	1	0	0	0	0	0	0	0					
	55202	서브_헬론_2_클리어1_드래곤	50327	13382718	14062500	0	0	0	0	0	0	0	0	0	2	0	9160	1	0	7247	1	0	7251	1	0	0	0	0	0	0	0					
	55203	서브_헬론_2_클리어1_섀도우	50327	13382718	14062500	0	0	0	0	0	0	0	0	0	2	0	9161	1	0	7247	1	0	7251	1	0	0	0	0	0	0	0					
	55204	서브_헬론_2_클리어1_발키리	50327	13382718	14062500	0	0	0	0	0	0	0	0	0	2	0	9162	1	0	7247	1	0	7251	1	0	0	0	0	0	0	0					
	55205	서브_헬론_2_클리어1_엘리멘탈	50327	13382718	14062500	0	0	0	0	0	0	0	0	0	2	0	9163	1	0	7247	1	0	7251	1	0	0	0	0	0	0	0					
	55206	서브_헬론_2_클리어1_미스틱	50327	13382718	14062500	0	0	0	0	0	0	0	0	0	2	0	9175	1	0	7247	1	0	7251	1	0	0	0	0	0	0	0					
	55207	서브_헬론_2_클리어1_헬로이드	50327	13382718	14062500	0	0	0	0	0	0	0	0	0	2	0	9181	1	0	7247	1	0	7251	1	0	0	0	0	0	0	0					
	55208	서브_헬론_2_클리어1_위치블레이드	50327	13382718	14062500	0	0	0	0	0	0	0	0	0	2	0	9222	1	0	7247	1	0	7251	1	0	0	0	0	0	0	0					
	55211	서브_헬론_2_클리어2	50328	133827	0	0	0	0	0	0	0	0	0	0	3	0	25156	0	0	25134	0	0	0	0	0	0	0	0	0	0	0					
	55221	서브_헬론_2_클리어3	50328	200741	0	0	0	0	0	0	0	0	0	0	3	0	25156	0	0	25134	0	0	0	0	0	0	0	0	0	0	0					
	55301	서브_헬론_3_클리어1_버서커	50327	18319603	21096750	0	0	0	0	0	0	0	0	0	2	0	9159	1	0	7247	1	0	7251	1	0	0	0	0	0	0	0					
	55302	서브_헬론_3_클리어1_드래곤	50327	18319603	21096750	0	0	0	0	0	0	0	0	0	2	0	9160	1	0	7247	1	0	7251	1	0	0	0	0	0	0	0					
	55303	서브_헬론_3_클리어1_섀도우	50327	18319603	21096750	0	0	0	0	0	0	0	0	0	2	0	9161	1	0	7247	1	0	7251	1	0	0	0	0	0	0	0					
	55304	서브_헬론_3_클리어1_발키리	50327	18319603	21096750	0	0	0	0	0	0	0	0	0	2	0	9162	1	0	7247	1	0	7251	1	0	0	0	0	0	0	0					
	55305	서브_헬론_3_클리어1_엘리멘탈	50327	18319603	21096750	0	0	0	0	0	0	0	0	0	2	0	9163	1	0	7247	1	0	7251	1	0	0	0	0	0	0	0					
	55306	서브_헬론_3_클리어1_미스틱	50327	18319603	21096750	0	0	0	0	0	0	0	0	0	2	0	9175	1	0	7247	1	0	7251	1	0	0	0	0	0	0	0					
	55307	서브_헬론_3_클리어1_헬로이드	50327	18319603	21096750	0	0	0	0	0	0	0	0	0	2	0	9181	1	0	7247	1	0	7251	1	0	0	0	0	0	0	0					
	55308	서브_헬론_3_클리어1_위치블레이드	50327	18319603	21096750	0	0	0	0	0	0	0	0	0	2	0	9222	1	0	7247	1	0	7251	1	0	0	0	0	0	0	0					
	55311	서브_헬론_3_클리어2	50328	183196	0	0	0	0	0	0	0	0	0	0	3	0	25156	0	0	25134	0	0	0	0	0	0	0	0	0	0	0					
	55321	서브_헬론_3_클리어3	50328	274794	0	0	0	0	0	0	0	0	0	0	3	0	25156	0	0	25134	0	0	0	0	0	0	0	0	0	0	0					
//	55401	서브_헬론_4_클리어1_버서커	50327	0	0	0	0	0	0	0	0	0	0	0	0	0	0	0	0	0	0	0	0	0	0	0	0	0	0	0	0					
//	55402	서브_헬론_4_클리어1_드래곤	50327	0	0	0	0	0	0	0	0	0	0	0	0	0	0	0	0	0	0	0	0	0	0	0	0	0	0	0	0					
//	55403	서브_헬론_4_클리어1_섀도우	50327	0	0	0	0	0	0	0	0	0	0	0	0	0	0	0	0	0	0	0	0	0	0	0	0	0	0	0	0					
//	55404	서브_헬론_4_클리어1_발키리	50327	0	0	0	0	0	0	0	0	0	0	0	0	0	0	0	0	0	0	0	0	0	0	0	0	0	0	0	0					
//	55405	서브_헬론_4_클리어1_엘리멘탈	50327	0	0	0	0	0	0	0	0	0	0	0	0	0	0	0	0	0	0	0	0	0	0	0	0	0	0	0	0					
//	55411	서브_헬론_4_클리어2	50328	0	0	0	0	0	0	0	0	0	0	0	0	0	0	0	0	0	0	0	0	0	0	0	0	0	0	0	0					
//	55421	서브_헬론_4_클리어3	50328	0	0	0	0	0	0	0	0	0	0	0	0	0	0	0	0	0	0	0	0	0	0	0	0	0	0	0	0					
	55501	익스트림챌린지_헬론_클리어_All	50357	120729556	0	0	0	0	0	0	0	0	0	0	2	0	41391	6	0	0	0	0	0	0	0	0	0	0	0	0	0					
//	녹음의대지미션보상							0	0	0									0			0			0			0			0					
	56001	메인_녹음의대지_클리어1_버서커	50333	18797116	79101563	0	0	0	0	0	0	0	0	0	2	0	7247	1	0	7251	1	0	0	0	0	0	0	0	0	0	0					
	56002	메인_녹음의대지_클리어1_드래곤	50333	18797116	79101563	0	0	0	0	0	0	0	0	0	2	0	7247	1	0	7251	1	0	0	0	0	0	0	0	0	0	0					
	56003	메인_녹음의대지_클리어1_섀도우	50333	18797116	79101563	0	0	0	0	0	0	0	0	0	2	0	7247	1	0	7251	1	0	0	0	0	0	0	0	0	0	0					
	56004	메인_녹음의대지_클리어1_발키리	50333	18797116	79101563	0	0	0	0	0	0	0	0	0	2	0	7247	1	0	7251	1	0	0	0	0	0	0	0	0	0	0					
	56005	메인_녹음의대지_클리어1_엘리멘탈	50333	18797116	79101563	0	0	0	0	0	0	0	0	0	2	0	7247	1	0	7251	1	0	0	0	0	0	0	0	0	0	0					
	56011	메인_녹음의대지_클리어2	50334	187971	0	0	0	0	0	0	0	0	0	0	3	0	25157	0	0	25221	0	0	49053	0	0	12803	0	0	25134	0	0					
	56021	메인_녹음의대지_클리어3	50334	281957	0	0	0	0	0	0	0	0	0	0	3	0	25157	0	0	25221	0	0	49053	0	0	12803	0	0	25134	0	0					
	56101	서브_녹음의대지_1_클리어1_버서커	50331	8573574	26367188	0	0	0	0	0	0	0	0	0	2	0	7247	1	0	7251	1	0	0	0	0	0	0	0	0	0	0					
	56102	서브_녹음의대지_1_클리어1_드래곤	50331	8573574	26367188	0	0	0	0	0	0	0	0	0	2	0	7247	1	0	7251	1	0	0	0	0	0	0	0	0	0	0					
	56103	서브_녹음의대지_1_클리어1_섀도우	50331	8573574	26367188	0	0	0	0	0	0	0	0	0	2	0	7247	1	0	7251	1	0	0	0	0	0	0	0	0	0	0					
	56104	서브_녹음의대지_1_클리어1_발키리	50331	8573574	26367188	0	0	0	0	0	0	0	0	0	2	0	7247	1	0	7251	1	0	0	0	0	0	0	0	0	0	0					
	56105	서브_녹음의대지_1_클리어1_엘리멘탈	50331	8573574	26367188	0	0	0	0	0	0	0	0	0	2	0	7247	1	0	7251	1	0	0	0	0	0	0	0	0	0	0					
	56111	서브_녹음의대지_1_클리어2	50332	85736	0	0	0	0	0	0	0	0	0	0	3	0	25157	0	0	25221	0	0	49051	0	0	12801	0	0	25134	0	0					
	56121	서브_녹음의대지_1_클리어3	50332	128604	0	0	0	0	0	0	0	0	0	0	3	0	25157	0	0	25221	0	0	49051	0	0	12801	0	0	25134	0	0					
	56201	서브_녹음의대지_2_클리어1_버서커	50331	13731548	39550781	0	0	0	0	0	0	0	0	0	2	0	7247	1	0	7251	1	0	0	0	0	0	0	0	0	0	0					
	56202	서브_녹음의대지_2_클리어1_드래곤	50331	13731548	39550781	0	0	0	0	0	0	0	0	0	2	0	7247	1	0	7251	1	0	0	0	0	0	0	0	0	0	0					
	56203	서브_녹음의대지_2_클리어1_섀도우	50331	13731548	39550781	0	0	0	0	0	0	0	0	0	2	0	7247	1	0	7251	1	0	0	0	0	0	0	0	0	0	0					
	56204	서브_녹음의대지_2_클리어1_발키리	50331	13731548	39550781	0	0	0	0	0	0	0	0	0	2	0	7247	1	0	7251	1	0	0	0	0	0	0	0	0	0	0					
	56205	서브_녹음의대지_2_클리어1_엘리멘탈	50331	13731548	39550781	0	0	0	0	0	0	0	0	0	2	0	7247	1	0	7251	1	0	0	0	0	0	0	0	0	0	0					
	56211	서브_녹음의대지_2_클리어2	50332	137315	0	0	0	0	0	0	0	0	0	0	3	0	25157	0	0	25221	0	0	49052	0	0	12802	0	0	25135	0	0					
	56221	서브_녹음의대지_2_클리어3	50332	205973	0	0	0	0	0	0	0	0	0	0	3	0	25157	0	0	25221	0	0	49052	0	0	12802	0	0	25135	0	0					
//	56301	서브_녹음의대지_3_클리어1_버서커	50331	0	0	0	0	0	0	0	0	0	0	0	0	0	0	0	0	0	0	0	0	0	0	0	0	0	0	0	0					
//	56302	서브_녹음의대지_3_클리어1_드래곤	50331	0	0	0	0	0	0	0	0	0	0	0	0	0	0	0	0	0	0	0	0	0	0	0	0	0	0	0	0					
//	56303	서브_녹음의대지_3_클리어1_섀도우	50331	0	0	0	0	0	0	0	0	0	0	0	0	0	0	0	0	0	0	0	0	0	0	0	0	0	0	0	0					
//	56304	서브_녹음의대지_3_클리어1_발키리	50331	0	0	0	0	0	0	0	0	0	0	0	0	0	0	0	0	0	0	0	0	0	0	0	0	0	0	0	0					
//	56305	서브_녹음의대지_3_클리어1_엘리멘탈	50331	0	0	0	0	0	0	0	0	0	0	0	0	0	0	0	0	0	0	0	0	0	0	0	0	0	0	0	0					
//	56311	서브_녹음의대지_3_클리어2	50332	0	0	0	0	0	0	0	0	0	0	0	0	0	0	0	0	0	0	0	0	0	0	0	0	0	0	0	0					
//	56321	서브_녹음의대지_3_클리어3	50332	0	0	0	0	0	0	0	0	0	0	0	0	0	0	0	0	0	0	0	0	0	0	0	0	0	0	0	0					
//	56401	서브_녹음의대지_4_클리어1_버서커	50331	0	0	0	0	0	0	0	0	0	0	0	0	0	0	0	0	0	0	0	0	0	0	0	0	0	0	0	0					
//	56402	서브_녹음의대지_4_클리어1_드래곤	50331	0	0	0	0	0	0	0	0	0	0	0	0	0	0	0	0	0	0	0	0	0	0	0	0	0	0	0	0					
//	56403	서브_녹음의대지_4_클리어1_섀도우	50331	0	0	0	0	0	0	0	0	0	0	0	0	0	0	0	0	0	0	0	0	0	0	0	0	0	0	0	0					
//	56404	서브_녹음의대지_4_클리어1_발키리	50331	0	0	0	0	0	0	0	0	0	0	0	0	0	0	0	0	0	0	0	0	0	0	0	0	0	0	0	0					
//	56405	서브_녹음의대지_4_클리어1_엘리멘탈	50331	0	0	0	0	0	0	0	0	0	0	0	0	0	0	0	0	0	0	0	0	0	0	0	0	0	0	0	0					
//	56411	서브_녹음의대지_4_클리어2	50332	0	0	0	0	0	0	0	0	0	0	0	0	0	0	0	0	0	0	0	0	0	0	0	0	0	0	0	0					
//	56421	서브_녹음의대지_4_클리어3	50332	0	0	0	0	0	0	0	0	0	0	0	0	0	0	0	0	0	0	0	0	0	0	0	0	0	0	0	0					
	56501	익스트림챌린지_녹음의대지_클리어_All	50358	413653875	0	0	0	0	0	0	0	0	0	0	2	0	41391	7	0	0	0	0	0	0	0	0	0	0	0	0	0					
//	정령들의쉼터미션보상								0	0									0			0			0			0			0					
	57001	메인_정령들의쉼터_클리어1_버서커	50337	38613039	148315430	0	0	0	0	0	0	0	0	0	2	0	7247	1	0	7251	1	0	0	0	0	0	0	0	0	0	0					
	57002	메인_정령들의쉼터_클리어1_드래곤	50337	38613039	148315430	0	0	0	0	0	0	0	0	0	2	0	7247	1	0	7251	1	0	0	0	0	0	0	0	0	0	0					
	57003	메인_정령들의쉼터_클리어1_섀도우	50337	38613039	148315430	0	0	0	0	0	0	0	0	0	2	0	7247	1	0	7251	1	0	0	0	0	0	0	0	0	0	0					
	57004	메인_정령들의쉼터_클리어1_발키리	50337	38613039	148315430	0	0	0	0	0	0	0	0	0	2	0	7247	1	0	7251	1	0	0	0	0	0	0	0	0	0	0					
	57005	메인_정령들의쉼터_클리어1_엘리멘탈	50337	38613039	148315430	0	0	0	0	0	0	0	0	0	2	0	7247	1	0	7251	1	0	0	0	0	0	0	0	0	0	0					
	57011	메인_정령들의쉼터_클리어2	50338	3861304	0	0	0	0	0	0	0	0	0	0	3	0	25158	0	0	25222	0	0	49056	0	0	12806	0	0	25135	0	0					
	57021	메인_정령들의쉼터_클리어3	50338	1930652	0	0	0	0	0	0	0	0	0	0	3	0	25158	0	0	25222	0	0	49056	0	0	12806	0	0	25135	0	0					
	57101	서브_정령들의쉼터_1_클리어1_버서커	50335	12865686	49438477	0	0	0	0	0	0	0	0	0	2	0	7247	1	0	7251	1	0	0	0	0	0	0	0	0	0	0					
	57102	서브_정령들의쉼터_1_클리어1_드래곤	50335	12865686	49438477	0	0	0	0	0	0	0	0	0	2	0	7247	1	0	7251	1	0	0	0	0	0	0	0	0	0	0					
	57103	서브_정령들의쉼터_1_클리어1_섀도우	50335	12865686	49438477	0	0	0	0	0	0	0	0	0	2	0	7247	1	0	7251	1	0	0	0	0	0	0	0	0	0	0					
	57104	서브_정령들의쉼터_1_클리어1_발키리	50335	12865686	49438477	0	0	0	0	0	0	0	0	0	2	0	7247	1	0	7251	1	0	0	0	0	0	0	0	0	0	0					
	57105	서브_정령들의쉼터_1_클리어1_엘리멘탈	50335	12865686	49438477	0	0	0	0	0	0	0	0	0	2	0	7247	1	0	7251	1	0	0	0	0	0	0	0	0	0	0					
	57111	서브_정령들의쉼터_1_클리어2	50336	128657	0	0	0	0	0	0	0	0	0	0	3	0	25158	0	0	25222	0	0	49054	0	0	12804	0	0	25135	0	0					
	57121	서브_정령들의쉼터_1_클리어3	50336	192985	0	0	0	0	0	0	0	0	0	0	3	0	25158	0	0	25222	0	0	49054	0	0	12804	0	0	25135	0	0					
	57201	서브_정령들의쉼터_2_클리어1_버서커	50335	20605850	74157715	0	0	0	0	0	0	0	0	0	2	0	7247	1	0	7251	1	0	0	0	0	0	0	0	0	0	0					
	57202	서브_정령들의쉼터_2_클리어1_드래곤	50335	20605850	74157715	0	0	0	0	0	0	0	0	0	2	0	7247	1	0	7251	1	0	0	0	0	0	0	0	0	0	0					
	57203	서브_정령들의쉼터_2_클리어1_섀도우	50335	20605850	74157715	0	0	0	0	0	0	0	0	0	2	0	7247	1	0	7251	1	0	0	0	0	0	0	0	0	0	0					
	57204	서브_정령들의쉼터_2_클리어1_발키리	50335	20605850	74157715	0	0	0	0	0	0	0	0	0	2	0	7247	1	0	7251	1	0	0	0	0	0	0	0	0	0	0					
	57205	서브_정령들의쉼터_2_클리어1_엘리멘탈	50335	20605850	74157715	0	0	0	0	0	0	0	0	0	2	0	7247	1	0	7251	1	0	0	0	0	0	0	0	0	0	0					
	57211	서브_정령들의쉼터_2_클리어2	50336	206059	0	0	0	0	0	0	0	0	0	0	3	0	25158	0	0	25222	0	0	49055	0	0	12805	0	0	25135	0	0					
	57221	서브_정령들의쉼터_2_클리어3	50336	309088	0	0	0	0	0	0	0	0	0	0	3	0	25158	0	0	25222	0	0	49055	0	0	12805	0	0	25135	0	0					
//	57301	서브_정령들의쉼터_3_클리어1_버서커	50335	0	0	0	0	0	0	0	0	0	0	0	0	0	0	0	0	0	0	0	0	0	0	0	0	0	0	0	0					
//	57302	서브_정령들의쉼터_3_클리어1_드래곤	50335	0	0	0	0	0	0	0	0	0	0	0	0	0	0	0	0	0	0	0	0	0	0	0	0	0	0	0	0					
//	57303	서브_정령들의쉼터_3_클리어1_섀도우	50335	0	0	0	0	0	0	0	0	0	0	0	0	0	0	0	0	0	0	0	0	0	0	0	0	0	0	0	0					
//	57304	서브_정령들의쉼터_3_클리어1_발키리	50335	0	0	0	0	0	0	0	0	0	0	0	0	0	0	0	0	0	0	0	0	0	0	0	0	0	0	0	0					
//	57305	서브_정령들의쉼터_3_클리어1_엘리멘탈	50335	0	0	0	0	0	0	0	0	0	0	0	0	0	0	0	0	0	0	0	0	0	0	0	0	0	0	0	0					
//	57311	서브_정령들의쉼터_3_클리어2	50336	0	0	0	0	0	0	0	0	0	0	0	3	0	0	0	0	0	0	0	0	0	0	0	0	0	0	0	0					
//	57321	서브_정령들의쉼터_3_클리어3	50336	0	0	0	0	0	0	0	0	0	0	0	3	0	0	0	0	0	0	0	0	0	0	0	0	0	0	0	0					
//	57401	서브_정령들의쉼터_4_클리어1_버서커	50335	0	0	0	0	0	0	0	0	0	0	0	0	0	0	0	0	0	0	0	0	0	0	0	0	0	0	0	0					
//	57402	서브_정령들의쉼터_4_클리어1_드래곤	50335	0	0	0	0	0	0	0	0	0	0	0	0	0	0	0	0	0	0	0	0	0	0	0	0	0	0	0	0					
//	57403	서브_정령들의쉼터_4_클리어1_섀도우	50335	0	0	0	0	0	0	0	0	0	0	0	0	0	0	0	0	0	0	0	0	0	0	0	0	0	0	0	0					
//	57404	서브_정령들의쉼터_4_클리어1_발키리	50335	0	0	0	0	0	0	0	0	0	0	0	0	0	0	0	0	0	0	0	0	0	0	0	0	0	0	0	0					
//	57405	서브_정령들의쉼터_4_클리어1_엘리멘탈	50335	0	0	0	0	0	0	0	0	0	0	0	0	0	0	0	0	0	0	0	0	0	0	0	0	0	0	0	0					
//	57411	서브_정령들의쉼터_4_클리어2	50336	0	0	0	0	0	0	0	0	0	0	0	3	0	0	0	0	0	0	0	0	0	0	0	0	0	0	0	0					
//	57421	서브_정령들의쉼터_4_클리어3	50336	0	0	0	0	0	0	0	0	0	0	0	3	0	0	0	0	0	0	0	0	0	0	0	0	0	0	0	0					
	57501	익스트림챌린지_정령들의쉼터_클리어_All	50359	0	0	0	0	0	0	0	0	0	0	0	2	0	41391	8	0	0	0	0	0	0	0	0	0	0	0	0	0					
//	보레아스산맥미션보상								0	0									0			0			0			0			0					
	58001	메인_보레아스산맥_클리어1_버서커	50341	67765390	430754400	0	0	0	0	0	0	0	0	0	2	0	7247	1	0	7251	1	0	0	0	0	0	0	0	0	0	0					
	58002	메인_보레아스산맥_클리어1_드래곤	50341	67765390	430754400	0	0	0	0	0	0	0	0	0	2	0	7247	1	0	7251	1	0	0	0	0	0	0	0	0	0	0					
	58003	메인_보레아스산맥_클리어1_섀도우	50341	67765390	430754400	0	0	0	0	0	0	0	0	0	2	0	7247	1	0	7251	1	0	0	0	0	0	0	0	0	0	0					
	58004	메인_보레아스산맥_클리어1_발키리	50341	67765390	430754400	0	0	0	0	0	0	0	0	0	2	0	7247	1	0	7251	1	0	0	0	0	0	0	0	0	0	0					
	58005	메인_보레아스산맥_클리어1_엘리멘탈	50341	67765390	430754400	0	0	0	0	0	0	0	0	0	2	0	7247	1	0	7251	1	0	0	0	0	0	0	0	0	0	0					
	58011	메인_보레아스산맥_클리어2	50342	677654	0	0	0	0	0	0	0	0	0	0	3	0	25159	0	0	25222	0	0	49064	0	0	12810	0	0	25136	0	0					
	58021	메인_보레아스산맥_클리어3	50342	1016481	0	0	0	0	0	0	0	0	0	0	3	0	25159	0	0	25222	0	0	49064	0	0	12810	0	0	25136	0	0					
	58101	서브_보레아스산맥_1_클리어1_버서커	50339	33731065	115421600	0	0	0	0	0	0	0	0	0	2	0	7247	1	0	7251	1	0	0	0	0	0	0	0	0	0	0					
	58102	서브_보레아스산맥_1_클리어1_드래곤	50339	33731065	115421600	0	0	0	0	0	0	0	0	0	2	0	7247	1	0	7251	1	0	0	0	0	0	0	0	0	0	0					
	58103	서브_보레아스산맥_1_클리어1_섀도우	50339	33731065	115421600	0	0	0	0	0	0	0	0	0	2	0	7247	1	0	7251	1	0	0	0	0	0	0	0	0	0	0					
	58104	서브_보레아스산맥_1_클리어1_발키리	50339	33731065	115421600	0	0	0	0	0	0	0	0	0	2	0	7247	1	0	7251	1	0	0	0	0	0	0	0	0	0	0					
	58105	서브_보레아스산맥_1_클리어1_엘리멘탈	50339	33731065	115421600	0	0	0	0	0	0	0	0	0	2	0	7247	1	0	7251	1	0	0	0	0	0	0	0	0	0	0					
	58111	서브_보레아스산맥_1_클리어2	50340	3373107	0	0	0	0	0	0	0	0	0	0	3	0	25159	0	0	25222	0	0	49057	0	0	12807	0	0	25135	0	0					
	58121	서브_보레아스산맥_1_클리어3	50340	1686553	0	0	0	0	0	0	0	0	0	0	3	0	25159	0	0	25222	0	0	49057	0	0	12807	0	0	25135	0	0					
	58201	서브_보레아스산맥_2_클리어1_버서커	50339	43850385	230843200	0	0	0	0	0	0	0	0	0	2	0	7247	1	0	7251	1	0	0	0	0	0	0	0	0	0	0					
	58202	서브_보레아스산맥_2_클리어1_드래곤	50339	43850385	230843200	0	0	0	0	0	0	0	0	0	2	0	7247	1	0	7251	1	0	0	0	0	0	0	0	0	0	0					
	58203	서브_보레아스산맥_2_클리어1_섀도우	50339	43850385	230843200	0	0	0	0	0	0	0	0	0	2	0	7247	1	0	7251	1	0	0	0	0	0	0	0	0	0	0					
	58204	서브_보레아스산맥_2_클리어1_발키리	50339	43850385	230843200	0	0	0	0	0	0	0	0	0	2	0	7247	1	0	7251	1	0	0	0	0	0	0	0	0	0	0					
	58205	서브_보레아스산맥_2_클리어1_엘리멘탈	50339	43850385	230843200	0	0	0	0	0	0	0	0	0	2	0	7247	1	0	7251	1	0	0	0	0	0	0	0	0	0	0					
	58211	서브_보레아스산맥_2_클리어2	50340	438504	0	0	0	0	0	0	0	0	0	0	3	0	25159	0	0	25222	0	0	49058	0	0	12808	0	0	25135	0	0					
	58221	서브_보레아스산맥_2_클리어3	50340	657756	0	0	0	0	0	0	0	0	0	0	3	0	25159	0	0	25222	0	0	49058	0	0	12808	0	0	25135	0	0					
	58301	서브_보레아스산맥_3_클리어1_버서커	50339	55765390	350754400	0	0	0	0	0	0	0	0	0	2	0	7247	1	0	7251	1	0	0	0	0	0	0	0	0	0	0					
	58302	서브_보레아스산맥_3_클리어1_드래곤	50339	55765390	350754400	0	0	0	0	0	0	0	0	0	2	0	7247	1	0	7251	1	0	0	0	0	0	0	0	0	0	0					
	58303	서브_보레아스산맥_3_클리어1_섀도우	50339	55765390	350754400	0	0	0	0	0	0	0	0	0	2	0	7247	1	0	7251	1	0	0	0	0	0	0	0	0	0	0					
	58304	서브_보레아스산맥_3_클리어1_발키리	50339	55765390	350754400	0	0	0	0	0	0	0	0	0	2	0	7247	1	0	7251	1	0	0	0	0	0	0	0	0	0	0					
	58305	서브_보레아스산맥_3_클리어1_엘리멘탈	50339	55765390	350754400	0	0	0	0	0	0	0	0	0	2	0	7247	1	0	7251	1	0	0	0	0	0	0	0	0	0	0					
	58311	서브_보레아스산맥_3_클리어2	50340	557654	0	0	0	0	0	0	0	0	0	0	3	0	25159	0	0	25222	0	0	49059	0	0	12809	0	0	25136	0	0					
	58321	서브_보레아스산맥_3_클리어3	50340	836481	0	0	0	0	0	0	0	0	0	0	3	0	25159	0	0	25222	0	0	49059	0	0	12809	0	0	25136	0	0					
//	58401	서브_보레아스산맥_4_클리어1_버서커	50339	0	0	0	0	0	0	0	0	0	0	0	0	0	0	0	0	0	0	0	0	0	0	0	0	0	0	0	0					
//	58402	서브_보레아스산맥_4_클리어1_드래곤	50339	0	0	0	0	0	0	0	0	0	0	0	0	0	0	0	0	0	0	0	0	0	0	0	0	0	0	0	0					
//	58403	서브_보레아스산맥_4_클리어1_섀도우	50339	0	0	0	0	0	0	0	0	0	0	0	0	0	0	0	0	0	0	0	0	0	0	0	0	0	0	0	0					
//	58404	서브_보레아스산맥_4_클리어1_발키리	50339	0	0	0	0	0	0	0	0	0	0	0	0	0	0	0	0	0	0	0	0	0	0	0	0	0	0	0	0					
//	58405	서브_보레아스산맥_4_클리어1_엘리멘탈	50339	0	0	0	0	0	0	0	0	0	0	0	0	0	0	0	0	0	0	0	0	0	0	0	0	0	0	0	0					
//	58411	서브_보레아스산맥_4_클리어2	50340	0	0	0	0	0	0	0	0	0	0	0	0	0	0	0	0	0	0	0	0	0	0	0	0	0	0	0	0					
//	58421	서브_보레아스산맥_4_클리어3	50340	0	0	0	0	0	0	0	0	0	0	0	0	0	0	0	0	0	0	0	0	0	0	0	0	0	0	0	0					
	58501	익스트림챌린지_보레아스산맥_클리어_All	50360	0	0	0	0	0	0	0	0	0	0	0	2	0	41391	9	0	0	0	0	0	0	0	0	0	0	0	0	0					
//	생명의골짜기미션보상								0	0									0			0			0			0			0					
	59001	메인_생명의골짜기_클리어1_버서커	50345	0	0	0	0	0	0	0	0	0	0	0	0	0	0	0	0	0	0	0	0	0	0	0	0	0	0	0	0					
	59002	메인_생명의골짜기_클리어1_드래곤	50345	0	0	0	0	0	0	0	0	0	0	0	0	0	0	0	0	0	0	0	0	0	0	0	0	0	0	0	0					
	59003	메인_생명의골짜기_클리어1_섀도우	50345	0	0	0	0	0	0	0	0	0	0	0	0	0	0	0	0	0	0	0	0	0	0	0	0	0	0	0	0					
	59004	메인_생명의골짜기_클리어1_발키리	50345	0	0	0	0	0	0	0	0	0	0	0	0	0	0	0	0	0	0	0	0	0	0	0	0	0	0	0	0					
	59005	메인_생명의골짜기_클리어1_엘리멘탈	50345	0	0	0	0	0	0	0	0	0	0	0	0	0	0	0	0	0	0	0	0	0	0	0	0	0	0	0	0					
	59011	메인_생명의골짜기_클리어2	50346	0	0	0	0	0	0	0	0	0	0	0	0	0	0	0	0	0	0	0	0	0	0	0	0	0	0	0	0					
	59021	메인_생명의골짜기_클리어3	50346	0	0	0	0	0	0	0	0	0	0	0	0	0	0	0	0	0	0	0	0	0	0	0	0	0	0	0	0					
	59101	서브_생명의골짜기_1_클리어1_버서커	50343	0	0	0	0	0	0	0	0	0	0	0	0	0	0	0	0	0	0	0	0	0	0	0	0	0	0	0	0					
	59102	서브_생명의골짜기_1_클리어1_드래곤	50343	0	0	0	0	0	0	0	0	0	0	0	0	0	0	0	0	0	0	0	0	0	0	0	0	0	0	0	0					
	59103	서브_생명의골짜기_1_클리어1_섀도우	50343	0	0	0	0	0	0	0	0	0	0	0	0	0	0	0	0	0	0	0	0	0	0	0	0	0	0	0	0					
	59104	서브_생명의골짜기_1_클리어1_발키리	50343	0	0	0	0	0	0	0	0	0	0	0	0	0	0	0	0	0	0	0	0	0	0	0	0	0	0	0	0					
	59105	서브_생명의골짜기_1_클리어1_엘리멘탈	50343	0	0	0	0	0	0	0	0	0	0	0	0	0	0	0	0	0	0	0	0	0	0	0	0	0	0	0	0					
	59111	서브_생명의골짜기_1_클리어2	50344	0	0	0	0	0	0	0	0	0	0	0	0	0	0	0	0	0	0	0	0	0	0	0	0	0	0	0	0					
	59121	서브_생명의골짜기_1_클리어3	50344	0	0	0	0	0	0	0	0	0	0	0	0	0	0	0	0	0	0	0	0	0	0	0	0	0	0	0	0					
	59201	서브_생명의골짜기_2_클리어1_버서커	50343	0	0	0	0	0	0	0	0	0	0	0	0	0	0	0	0	0	0	0	0	0	0	0	0	0	0	0	0					
	59202	서브_생명의골짜기_2_클리어1_드래곤	50343	0	0	0	0	0	0	0	0	0	0	0	0	0	0	0	0	0	0	0	0	0	0	0	0	0	0	0	0					
	59203	서브_생명의골짜기_2_클리어1_섀도우	50343	0	0	0	0	0	0	0	0	0	0	0	0	0	0	0	0	0	0	0	0	0	0	0	0	0	0	0	0					
	59204	서브_생명의골짜기_2_클리어1_발키리	50343	0	0	0	0	0	0	0	0	0	0	0	0	0	0	0	0	0	0	0	0	0	0	0	0	0	0	0	0					
	59205	서브_생명의골짜기_2_클리어1_엘리멘탈	50343	0	0	0	0	0	0	0	0	0	0	0	0	0	0	0	0	0	0	0	0	0	0	0	0	0	0	0	0					
	59211	서브_생명의골짜기_2_클리어2	50344	0	0	0	0	0	0	0	0	0	0	0	0	0	0	0	0	0	0	0	0	0	0	0	0	0	0	0	0					
	59221	서브_생명의골짜기_2_클리어3	50344	0	0	0	0	0	0	0	0	0	0	0	0	0	0	0	0	0	0	0	0	0	0	0	0	0	0	0	0					
	59301	서브_생명의골짜기_3_클리어1_버서커	50343	0	0	0	0	0	0	0	0	0	0	0	0	0	0	0	0	0	0	0	0	0	0	0	0	0	0	0	0					
	59302	서브_생명의골짜기_3_클리어1_드래곤	50343	0	0	0	0	0	0	0	0	0	0	0	0	0	0	0	0	0	0	0	0	0	0	0	0	0	0	0	0					
	59303	서브_생명의골짜기_3_클리어1_섀도우	50343	0	0	0	0	0	0	0	0	0	0	0	0	0	0	0	0	0	0	0	0	0	0	0	0	0	0	0	0					
	59304	서브_생명의골짜기_3_클리어1_발키리	50343	0	0	0	0	0	0	0	0	0	0	0	0	0	0	0	0	0	0	0	0	0	0	0	0	0	0	0	0					
	59305	서브_생명의골짜기_3_클리어1_엘리멘탈	50343	0	0	0	0	0	0	0	0	0	0	0	0	0	0	0	0	0	0	0	0	0	0	0	0	0	0	0	0					
	59311	서브_생명의골짜기_3_클리어2	50344	0	0	0	0	0	0	0	0	0	0	0	0	0	0	0	0	0	0	0	0	0	0	0	0	0	0	0	0					
	59321	서브_생명의골짜기_3_클리어3	50344	0	0	0	0	0	0	0	0	0	0	0	0	0	0	0	0	0	0	0	0	0	0	0	0	0	0	0	0					
	59401	서브_생명의골짜기_4_클리어1_버서커	50343	0	0	0	0	0	0	0	0	0	0	0	0	0	0	0	0	0	0	0	0	0	0	0	0	0	0	0	0					
	59402	서브_생명의골짜기_4_클리어1_드래곤	50343	0	0	0	0	0	0	0	0	0	0	0	0	0	0	0	0	0	0	0	0	0	0	0	0	0	0	0	0					
	59403	서브_생명의골짜기_4_클리어1_섀도우	50343	0	0	0	0	0	0	0	0	0	0	0	0	0	0	0	0	0	0	0	0	0	0	0	0	0	0	0	0					
	59404	서브_생명의골짜기_4_클리어1_발키리	50343	0	0	0	0	0	0	0	0	0	0	0	0	0	0	0	0	0	0	0	0	0	0	0	0	0	0	0	0					
	59405	서브_생명의골짜기_4_클리어1_엘리멘탈	50343	0	0	0	0	0	0	0	0	0	0	0	0	0	0	0	0	0	0	0	0	0	0	0	0	0	0	0	0					
	59411	서브_생명의골짜기_4_클리어2	50344	0	0	0	0	0	0	0	0	0	0	0	0	0	0	0	0	0	0	0	0	0	0	0	0	0	0	0	0					
	59421	서브_생명의골짜기_4_클리어3	50344	0	0	0	0	0	0	0	0	0	0	0	0	0	0	0	0	0	0	0	0	0	0	0	0	0	0	0	0					
	59501	익스트림챌린지_생명의골짜기_클리어_All	50361	0	0	0	0	0	0	0	0	0	0	0	2	0	41391	10	0	0	0	0	0	0	0	0	0	0	0	0	0					
//	퀘스트보상								0	0									0			0			0			0			0					
	1001	인간의자유를위한해방군	0	20	5	0	0	0	0	0	0	0	0	0	0	0	0	0	0	0	0	0	0	0	0	0	0	0	0	0	0					
	1002	인간의자유를위한해방군	0	20	5	0	0	0	0	0	0	0	0	0	0	0	0	0	0	0	0	0	0	0	0	0	0	0	0	0	0					
	1003	해방군입대	0	40	5	0	0	0	0	0	0	0	0	0	0	0	0	0	0	0	0	0	0	0	0	0	0	0	0	0	0					
	1004	해방군입대	0	40	5	0	0	0	0	0	0	0	0	0	0	0	0	0	0	0	0	0	0	0	0	0	0	0	0	0	0					
	1005	제국군일당	0	105	300	0	0	0	0	0	0	4001	3	0	0	0	0	0	0	0	0	0	0	0	0	0	0	0	0	0	0					
	1006	제국군일당	0	105	300	0	0	0	0	0	0	4001	3	0	0	0	0	0	0	0	0	0	0	0	0	0	0	0	0	0	0					
	1007	야수들의숲보고서	0	30	90	0	0	0	0	0	0	0	0	0	0	0	0	0	0	0	0	0	0	0	0	0	0	0	0	0	0					
	1008	야수들의숲보고서	0	30	90	0	0	0	0	0	0	0	0	0	0	0	0	0	0	0	0	0	0	0	0	0	0	0	0	0	0					
	1009	경비대장의선물_(버서커)	0	35	105	0	0	0	0	0	0	40030	1	0	0	0	0	0	0	0	0	0	0	0	0	0	0	0	0	0	0					
	1010	경비대장의선물_(엘리멘탈)	0	35	105	0	0	0	0	0	0	40033	1	0	0	0	0	0	0	0	0	0	0	0	0	0	0	0	0	0	0					
	1011	경비대장의선물_(드래곤)	0	35	105	0	0	0	0	0	0	40031	1	0	0	0	0	0	0	0	0	0	0	0	0	0	0	0	0	0	0					
	1012	경비대장의선물_(발키리)	0	35	105	0	0	0	0	0	0	40032	1	0	0	0	0	0	0	0	0	0	0	0	0	0	0	0	0	0	0					
	1013	잡화상인드웬인의물건_(버서커)	0	40	105	0	0	0	0	0	0	49021	2	0	0	0	0	0	0	0	0	0	0	0	0	0	0	0	0	0	0					
	1014	잡화상인드웨인의물건_(엘리멘탈)	0	40	105	0	0	0	0	0	0	49021	2	0	0	0	0	0	0	0	0	0	0	0	0	0	0	0	0	0	0					
	1015	잡화상인지볼트의물건_(드래곤)	0	40	105	0	0	0	0	0	0	49021	2	0	0	0	0	0	0	0	0	0	0	0	0	0	0	0	0	0	0					
	1016	잡화상인지볼트의물건_(발키리)	0	40	105	0	0	0	0	0	0	49021	2	0	0	0	0	0	0	0	0	0	0	0	0	0	0	0	0	0	0					
	1017	발첸의부탁_(버서커)	0	45	120	0	0	0	0	0	0	49016	2	0	0	1	1251	10001	0	11251	10001	0	21251	10001	0	31251	10001	0	0	0	0					
	1018	로젠펠트의부탁_(엘리멘탈)	0	45	120	0	0	0	0	0	0	49016	2	0	0	1	1291	10001	0	11291	10001	0	21291	10001	0	31291	10001	0	0	0	0					
	1019	란테의부탁_(드래곤)	0	45	120	0	0	0	0	0	0	49016	2	0	0	1	1261	10001	0	11261	10001	0	21261	10001	0	31261	10001	0	0	0	0					
	1020	이르한나의부탁_(발키리)	0	45	120	0	0	0	0	0	0	49016	2	0	0	1	1281	10001	0	11281	10001	0	21281	10001	0	31281	10001	0	0	0	0					
	1021	철저한준비_(버서커)	0	50	120	0	0	0	0	0	0	0	0	0	0	1	1201	10001	0	11201	10001	0	21201	10001	0	31201	10001	0	0	0	0					
	1022	철저한준비_(엘리멘탈)	0	50	120	0	0	0	0	0	0	0	0	0	0	1	1241	10001	0	11241	10001	0	21241	10001	0	31241	10001	0	0	0	0					
	1023	철저한준비_(드래곤)	0	50	120	0	0	0	0	0	0	0	0	0	0	1	1211	10001	0	11211	10001	0	21211	10001	0	31211	10001	0	0	0	0					
	1024	철저한준비_(발키리)	0	50	120	0	0	0	0	0	0	0	0	0	0	1	1231	10001	0	11231	10001	0	21231	10001	0	31231	10001	0	0	0	0					
	1025	불안한소문_(버서커_엘리멘탈)	0	60	140	0	0	0	0	0	0	0	0	0	0	1	49001	1	0	49006	1	0	49011	1	0	49021	1	0	0	0	0					
	1026	불안한소문_(드래곤_발키리)	0	60	140	0	0	0	0	0	0	0	0	0	0	1	49001	1	0	49006	1	0	49011	1	0	49021	1	0	0	0	0					
	1027	제국군의위협(1)_(버서커_엘리멘탈)	0	300	600	0	0	0	0	0	0	4002	5	0	0	2	49001	1	0	49006	1	0	49011	1	0	49021	1	0	0	0	0					
	1028	제국군의위협(1)_(드래곤_발키리)	0	300	600	0	0	0	0	0	0	4002	5	0	0	2	49001	1	0	49006	1	0	49011	1	0	49021	1	0	0	0	0					
	1029	제국군훈련병의위협_(버서_엘리)	0	540	1000	0	0	0	0	0	0	4002	8	0	0	2	49001	1	0	49006	1	0	49011	1	0	49021	1	0	0	0	0					
	1030	제국군훈련병의위협_(드나_발키)	0	540	1000	0	0	0	0	0	0	4002	8	0	0	2	49001	1	0	49006	1	0	49011	1	0	49021	1	0	0	0	0					
	1031	난폭한마둑_(버서_엘리)	0	270	600	0	0	0	0	0	0	0	0	0	0	0	0	0	0	0	0	0	0	0	0	0	0	0	0	0	0					
	1032	난폭한마둑_(드나_발키)	0	270	600	0	0	0	0	0	0	0	0	0	0	0	0	0	0	0	0	0	0	0	0	0	0	0	0	0	0					
	1033	불길한소문의근원	0	900	1800	0	0	0	0	0	0	0	0	0	0	0	0	0	0	0	0	0	0	0	0	0	0	0	0	0	0					
	1034	불길한소문의근원	0	900	1800	0	0	0	0	0	0	0	0	0	0	0	0	0	0	0	0	0	0	0	0	0	0	0	0	0	0					
	1035	미션맵에대하여_(버서_엘리)	0	100	150	0	0	0	0	0	0	0	0	0	0	0	0	0	0	0	0	0	0	0	0	0	0	0	0	0	0					
	1036	미션맵에대하여_(드나_발키)	0	100	150	0	0	0	0	0	0	0	0	0	0	0	0	0	0	0	0	0	0	0	0	0	0	0	0	0	0					
	1037	Quest_none	0	0	0	0	0	0	0	0	0	0	0	0	0	0	0	0	0	0	0	0	0	0	0	0	0	0	0	0	0					
	1038	Quest_none	0	0	0	0	0	0	0	0	0	0	0	0	0	0	0	0	0	0	0	0	0	0	0	0	0	0	0	0	0					
	1039	에리어컨퀘스트시스템_(버서_엘리)	0	100	150	0	0	0	0	0	0	8081	1	0	0	0	0	0	0	0	0	0	0	0	0	0	0	0	0	0	0					
	1040	에리어컨퀘스트시스템_(드나_발키)	0	100	150	0	0	0	0	0	0	8081	1	0	0	0	0	0	0	0	0	0	0	0	0	0	0	0	0	0	0					
	1041	랭크업시스템-랭크업재료_(버서_엘리)	0	60	120	0	0	0	0	0	0	0	0	0	0	0	0	0	0	0	0	0	0	0	0	0	0	0	0	0	0					
	1042	랭크업시스템-랭크업재료_(드나_발키)	0	60	120	0	0	0	0	0	0	0	0	0	0	0	0	0	0	0	0	0	0	0	0	0	0	0	0	0	0					
	1043	인챈트시스템-인챈트재료_(버서_엘리)	0	200	400	0	0	0	0	0	0	0	0	0	0	0	0	0	0	0	0	0	0	0	0	0	0	0	0	0	0					
	1044	인챈트시스템-인챈트재료_(드나_발키)	0	200	400	0	0	0	0	0	0	0	0	0	0	0	0	0	0	0	0	0	0	0	0	0	0	0	0	0	0					
	1045	제작시스템-제작상인의재료_(버_엘)	0	330	640	0	0	0	0	0	0	0	0	0	0	0	0	0	0	0	0	0	0	0	0	0	0	0	0	0	0					
	1046	제작시스템-제작상인의재료_(드_발)	0	330	640	0	0	0	0	0	0	0	0	0	0	0	0	0	0	0	0	0	0	0	0	0	0	0	0	0	0					
	1047	개인상점사용_(버)	0	100	200	0	0	0	0	0	0	3025	1	0	0	0	0	0	0	0	0	0	0	0	0	0	0	0	0	0	0					
	1048	개인상점사용_(엘)	0	100	200	0	0	0	0	0	0	3025	1	0	0	0	0	0	0	0	0	0	0	0	0	0	0	0	0	0	0					
	1049	개인상점사용_(드)	0	100	200	0	0	0	0	0	0	3025	1	0	0	0	0	0	0	0	0	0	0	0	0	0	0	0	0	0	0					
	1050	개인상점사용_(발)	0	100	200	0	0	0	0	0	0	3025	1	0	0	0	0	0	0	0	0	0	0	0	0	0	0	0	0	0	0					
	1051	Quest_none	0	0	0	0	0	0	0	0	0	0	0	0	0	0	0	0	0	0	0	0	0	0	0	0	0	0	0	0	0					
	1052	Quest_none	0	0	0	0	0	0	0	0	0	0	0	0	0	0	0	0	0	0	0	0	0	0	0	0	0	0	0	0	0					
	1053	Quest_none	0	0	0	0	0	0	0	0	0	0	0	0	0	0	0	0	0	0	0	0	0	0	0	0	0	0	0	0	0					
	1054	Quest_none	0	0	0	0	0	0	0	0	0	0	0	0	0	0	0	0	0	0	0	0	0	0	0	0	0	0	0	0	0					
	1055	Quest_none	0	0	0	0	0	0	0	0	0	0	0	0	0	0	0	0	0	0	0	0	0	0	0	0	0	0	0	0	0					
	1056	Quest_none	0	0	0	0	0	0	0	0	0	0	0	0	0	0	0	0	0	0	0	0	0	0	0	0	0	0	0	0	0					
	1057	Quest_none	0	0	0	0	0	0	0	0	0	0	0	0	0	0	0	0	0	0	0	0	0	0	0	0	0	0	0	0	0					
	1058	Quest_none	0	0	0	0	0	0	0	0	0	0	0	0	0	0	0	0	0	0	0	0	0	0	0	0	0	0	0	0	0					
	1059	고문서주기	0	50	100	0	0	0	0	0	0	40029	1	0	0	0	0	0	0	0	0	0	0	0	0	0	0	0	0	0	0					
	1060	[튜터리얼미션]이동방법_버서커	0	5	0	0	0	0	0	0	0	0	0	0	0	0	0	0	0	0	0	0	0	0	0	0	0	0	0	0	0					
	1061	[튜터리얼미션]지도와퀘스트_버서커	0	10	0	0	0	0	0	0	0	0	0	0	0	0	0	0	0	0	0	0	0	0	0	0	0	0	0	0	0					
	1062	[튜터리얼미션]전투_버서커	0	100	10	0	0	0	0	0	0	4001	1	0	0	0	0	0	0	0	0	0	0	0	0	0	0	0	0	0	0					
	1063	[튜터리얼미션]배틀존입장을위한준비_버서커	0	10	0	0	0	0	0	0	0	0	0	0	0	0	0	0	0	0	0	0	0	0	0	0	0	0	0	0	0					
	1064	[튜터리얼미션]배틀존_버서커	0	30	15	0	0	0	0	0	0	0	0	0	0	0	0	0	0	0	0	0	0	0	0	0	0	0	0	0	0					
	1065	[튜터리얼미션]이동방법_드나	0	5	0	0	0	0	0	0	0	0	0	0	0	0	0	0	0	0	0	0	0	0	0	0	0	0	0	0	0					
	1066	[튜터리얼미션]지도와퀘스트_드나	0	10	0	0	0	0	0	0	0	0	0	0	0	0	0	0	0	0	0	0	0	0	0	0	0	0	0	0	0					
	1067	[튜터리얼미션]전투_드나	0	100	10	0	0	0	0	0	0	4001	1	0	0	0	0	0	0	0	0	0	0	0	0	0	0	0	0	0	0					
	1068	[튜터리얼미션]배틀존입장을위한준비_드나	0	10	0	0	0	0	0	0	0	0	0	0	0	0	0	0	0	0	0	0	0	0	0	0	0	0	0	0	0					
	1069	[튜터리얼미션]배틀존_드나	0	30	15	0	0	0	0	0	0	0	0	0	0	0	0	0	0	0	0	0	0	0	0	0	0	0	0	0	0					
	1070	[튜터리얼미션]이동방법_섀도	0	5	0	0	0	0	0	0	0	0	0	0	0	0	0	0	0	0	0	0	0	0	0	0	0	0	0	0	0					
	1071	[튜터리얼미션]지도와퀘스트_섀도	0	10	0	0	0	0	0	0	0	0	0	0	0	0	0	0	0	0	0	0	0	0	0	0	0	0	0	0	0					
	1072	[튜터리얼미션]전투_섀도	0	100	10	0	0	0	0	0	0	4001	1	0	0	0	0	0	0	0	0	0	0	0	0	0	0	0	0	0	0					
	1073	[튜터리얼미션]배틀존입장을위한준비_섀도	0	10	0	0	0	0	0	0	0	0	0	0	0	0	0	0	0	0	0	0	0	0	0	0	0	0	0	0	0					
	1074	[튜터리얼미션]배틀존_섀도	0	30	15	0	0	0	0	0	0	0	0	0	0	0	0	0	0	0	0	0	0	0	0	0	0	0	0	0	0					
	1075	[튜터리얼미션]이동방법_발키리	0	5	0	0	0	0	0	0	0	0	0	0	0	0	0	0	0	0	0	0	0	0	0	0	0	0	0	0	0					
	1076	[튜터리얼미션]지도와퀘스트_발키리	0	10	0	0	0	0	0	0	0	0	0	0	0	0	0	0	0	0	0	0	0	0	0	0	0	0	0	0	0					
	1077	[튜터리얼미션]전투_발키리	0	100	10	0	0	0	0	0	0	4001	1	0	0	0	0	0	0	0	0	0	0	0	0	0	0	0	0	0	0					
	1078	[튜터리얼미션]배틀존입장을위한준비_발키리	0	10	0	0	0	0	0	0	0	0	0	0	0	0	0	0	0	0	0	0	0	0	0	0	0	0	0	0	0					
	1079	[튜터리얼미션]배틀존_발키리	0	30	15	0	0	0	0	0	0	0	0	0	0	0	0	0	0	0	0	0	0	0	0	0	0	0	0	0	0					
	1080	[튜터리얼미션]이동방법_엘리	0	5	0	0	0	0	0	0	0	0	0	0	0	0	0	0	0	0	0	0	0	0	0	0	0	0	0	0	0					
	1081	[튜터리얼미션]지도와퀘스트_엘리	0	10	0	0	0	0	0	0	0	0	0	0	0	0	0	0	0	0	0	0	0	0	0	0	0	0	0	0	0					
	1082	[튜터리얼미션]전투_엘리	0	100	10	0	0	0	0	0	0	4001	1	0	0	0	0	0	0	0	0	0	0	0	0	0	0	0	0	0	0					
	1083	[튜터리얼미션]배틀존입장을위한준비_엘리	0	10	0	0	0	0	0	0	0	0	0	0	0	0	0	0	0	0	0	0	0	0	0	0	0	0	0	0	0					
	1084	[튜터리얼미션]배틀존_엘리	0	30	15	0	0	0	0	0	0	0	0	0	0	0	0	0	0	0	0	0	0	0	0	0	0	0	0	0	0					
	1085	[튜터리얼미션]다리연결_ALL	0	60	20	0	0	0	0	0	0	0	0	0	0	0	0	0	0	0	0	0	0	0	0	0	0	0	0	0	0					
	1086	[튜터리얼미션]안부전하기_ALL	0	10	0	0	0	0	0	0	0	7241	1	0	0	0	0	0	0	0	0	0	0	0	0	0	0	0	0	0	0					
	1087	[튜터리얼미션]제작_ALL	0	35	25	0	0	0	0	0	0	0	0	0	0	1	58351	1	0	58361	1	0	58381	1	0	58391	1	0	0	0	0					
	1088	[튜터리얼미션]강화상인과의만남_ALL	0	10	0	0	0	0	0	0	0	0	0	0	0	1	16	10001	0	31	10001	0	91	10001	0	152	10001	0	0	0	0					
	1089	[튜터리얼미션]강화_ALL	0	10	25	0	0	0	0	0	0	0	0	0	0	0	0	0	0	0	0	0	0	0	0	0	0	0	0	0	0					
	1090	[튜터리얼미션]최종전투훈련_ALL	0	30	10	0	0	0	0	0	0	0	0	0	0	0	0	0	0	0	0	0	0	0	0	0	0	0	0	0	0					
	1091	[튜터리얼미션]더넓은세상으로_버서커_엘리	0	100	30	0	0	0	0	0	0	0	0	0	0	0	0	0	0	0	0	0	0	0	0	0	0	0	0	0	0					
	1092	[튜터리얼미션]더넓은세상으로_드나_발키리	0	100	30	0	0	0	0	0	0	0	0	0	0	0	0	0	0	0	0	0	0	0	0	0	0	0	0	0	0					
	1201	이상한비늘	27	#NAME?	#NAME?	0	0	0	0	0	0	0	0	0	0	0	0	0	0	0	0	0	0	0	0	0	0	0	0	0	0					
	1202	기묘한이야기	27	3000	1500	0	0	0	0	0	0	0	0	0	0	0	0	0	0	0	0	0	0	0	0	0	0	0	0	0	0					
	1203	괴물의흔적	27	#NAME?	#NAME?	0	0	0	0	0	0	0	0	0	0	0	0	0	0	0	0	0	0	0	0	0	0	0	0	0	0					
	1204	원로회의요청	27	3000	1500	0	0	0	0	0	0	0	0	0	0	0	0	0	0	0	0	0	0	0	0	0	0	0	0	0	0					
	1205	불가사의한구조물	27	#NAME?	#NAME?	0	0	0	0	0	0	0	0	0	0	0	0	0	0	0	0	0	0	0	0	0	0	0	0	0	0					
	1206	인실리아게네리스	28	3200	1500	0	0	0	0	0	0	0	0	0	0	0	0	0	0	0	0	0	0	0	0	0	0	0	0	0	0					
	1207	인실리아의제의	28	3200	1500	0	0	0	0	0	0	0	0	0	0	0	0	0	0	0	0	0	0	0	0	0	0	0	0	0	0					
	1208	소환장치조사	28	#NAME?	#NAME?	0	0	0	0	0	0	0	0	0	0	0	0	0	0	0	0	0	0	0	0	0	0	0	0	0	0					
	1209	원로회의협조요청	28	3200	1500	0	0	0	0	0	0	0	0	0	0	0	0	0	0	0	0	0	0	0	0	0	0	0	0	0	0					
	1210	세개의소환장치	29	#NAME?	#NAME?	0	0	0	0	0	0	0	0	0	0	0	0	0	0	0	0	0	0	0	0	0	0	0	0	0	0					
	1211	제국군의기습	29	#NAME?	#NAME?	0	0	0	0	0	0	0	0	0	0	0	0	0	0	0	0	0	0	0	0	0	0	0	0	0	0					
	1212	오염된피회수	29	#NAME?	#NAME?	0	0	0	0	0	0	0	0	0	0	0	0	0	0	0	0	0	0	0	0	0	0	0	0	0	0					
	1213	마지막오염된피의행방	29	3400	1600	0	0	0	0	0	0	0	0	0	0	0	0	0	0	0	0	0	0	0	0	0	0	0	0	0	0					
	1214	용족의무기	30	3600	1700	0	0	0	0	0	0	0	0	0	0	0	0	0	0	0	0	0	0	0	0	0	0	0	0	0	0					
	1215	인실리아의경고	30	3600	1700	0	0	0	0	0	0	0	0	0	0	0	0	0	0	0	0	0	0	0	0	0	0	0	0	0	0					
	1216	잘못된이론	30	3600	1700	0	0	0	0	0	0	0	0	0	0	0	0	0	0	0	0	0	0	0	0	0	0	0	0	0	0					
	1217	회수된오염된피	30	#NAME?	#NAME?	0	0	0	0	0	0	0	0	0	0	0	0	0	0	0	0	0	0	0	0	0	0	0	0	0	0					
	1218	신성한희생물	30	#NAME?	#NAME?	0	0	0	0	0	0	40142	1	0	0	0	0	0	0	0	0	0	0	0	0	0	0	0	0	0	0					
	1219	깨어난용의피	30	#NAME?	#NAME?	0	0	0	0	0	0	49103	1	0	0	0	0	0	0	0	0	0	0	0	0	0	0	0	0	0	0					
	1220	크리스마스이벤트	0	0	0	0	0	0	0	0	0	0	0	0	3	0	9	0	0	0	0	0	0	0	0	0	0	0	0	0	0					
//	1221	글로벌_썬칩이벤트	0	0	0	0	0	0	0	0	0	0	0	0	3	0	6	0	0	0	0	0	0	0	0	0	0	0	0	0	0					
//	일반퀘스트보상(wGrade*경험치3.돈5)(레벨18부터경험치배율).연퀘의경우10%추가경험치존재.거리는없음								0	0									0			0			0			0			0					
	1801	청소재료	3	80	250	0	0	0	0	0	0	0	0	0	1	1	55001	0	0	0	0	0	0	0	0	0	0	0	0	0	0					
	1802	수집광의취미	5	100	350	0	0	0	0	0	0	0	0	0	1	1	55001	0	0	0	0	0	0	0	0	0	0	0	0	0	0					
	1803	새로운물약연구	15	#NAME?	500	0	0	0	0	0	0	0	0	0	1	1	55002	0	0	0	0	0	0	0	0	0	0	0	0	0	0					
	1804	가시나무부족호위병잡기	3	210	400	0	0	0	0	0	0	0	0	0	0	0	0	0	0	0	0	0	0	0	0	0	0	0	0	0	0					
	1805	어촌민들의원한	4	240	550	0	0	0	0	0	0	0	0	0	0	0	0	0	0	0	0	0	0	0	0	0	0	0	0	0	0					
	1806	위험한지름길	5	270	650	0	0	0	0	0	0	0	0	0	0	0	0	0	0	0	0	0	0	0	0	0	0	0	0	0	0					
	1807	요루바의털가죽	5	285	700	0	0	0	0	0	0	0	0	0	0	0	0	0	0	0	0	0	0	0	0	0	0	0	0	0	0					
	1808	보급부대습격	5	285	700	0	0	0	0	0	0	0	0	0	0	0	0	0	0	0	0	0	0	0	0	0	0	0	0	0	0					
	1809	도둑맞은상품	12	1800	5000	0	0	0	0	0	0	0	0	0	0	0	0	0	0	0	0	0	0	0	0	0	0	0	0	0	0					
	1810	교역로의안전	15	#NAME?	3400	0	0	0	0	0	0	0	0	0	0	0	0	0	0	0	0	0	0	0	0	0	0	0	0	0	0					
	1811	천둥마루오루치	17	#NAME?	3900	0	0	0	0	0	0	0	0	0	0	0	0	0	0	0	0	0	0	0	0	0	0	0	0	0	0					
	1812	타우의장신구	15	#NAME?	3400	0	0	0	0	0	0	0	0	0	0	0	0	0	0	0	0	0	0	0	0	0	0	0	0	0	0					
	1813	짙은그늘부족소탕	16	#NAME?	3750	0	0	0	0	0	0	0	0	0	0	0	0	0	0	0	0	0	0	0	0	0	0	0	0	0	0					
	1814	가시나무부족호위병잡기	3	210	400	0	0	0	0	0	0	0	0	0	0	0	0	0	0	0	0	0	0	0	0	0	0	0	0	0	0					
	1815	어촌민들의원한	4	240	550	0	0	0	0	0	0	0	0	0	0	0	0	0	0	0	0	0	0	0	0	0	0	0	0	0	0					
	1816	위험한지름길	5	270	650	0	0	0	0	0	0	0	0	0	0	0	0	0	0	0	0	0	0	0	0	0	0	0	0	0	0					
	1817	제국군주의경보	0	100	200	0	0	0	0	0	0	0	0	0	0	0	0	0	0	0	0	0	0	0	0	0	0	0	0	0	0					
	1818	제국군주의경보	0	100	200	0	0	0	0	0	0	0	0	0	0	0	0	0	0	0	0	0	0	0	0	0	0	0	0	0	0					
	1819	푸른시내부족소탕(정예)	7	520	1250	0	0	0	0	0	0	0	0	0	0	0	0	0	0	0	0	0	0	0	0	0	0	0	0	0	0					
	1820	좀은계곡부족위협	8	260	650	0	0	0	0	0	0	0	0	0	0	0	0	0	0	0	0	0	0	0	0	0	0	0	0	0	0					
	1821	올라두의보석(정예)	9	540	400	0	0	0	0	0	0	0	0	0	0	0	0	0	0	0	0	0	0	0	0	0	0	0	0	0	0					
	1822	사라진마법사들의소문	10	120	100	0	0	0	0	0	0	0	0	0	0	0	0	0	0	0	0	0	0	0	0	0	0	0	0	0	0					
	1823	동굴파수꾼(미션)	11	620	420	0	0	0	0	0	0	0	0	0	0	0	0	0	0	0	0	0	0	0	0	0	0	0	0	0	0					
	1824	엘리멘탈리스트구출(미션)	12	1200	2400	0	0	0	0	0	0	0	0	0	0	0	0	0	0	0	0	0	0	0	0	0	0	0	0	0	0					
	1825	좁은계곡잔존세력소탕(정예)	10	580	2000	0	0	0	0	0	0	0	0	0	0	0	0	0	0	0	0	0	0	0	0	0	0	0	0	0	0					
	1826	가죽손질(반복)	1	20	50	0	0	0	0	0	0	6513	1	0	0	0	0	0	0	0	0	0	0	0	0	0	0	0	0	0	0					
	1827	성스러운물건(반복)	15	#NAME?	460	0	0	0	0	0	0	4002	2	0	0	0	0	0	0	0	0	0	0	0	0	0	0	0	0	0	0					
	1828	장비고치기(반복)	5	30	75	0	0	0	0	0	0	0	0	0	3	0	55003	0	0	0	0	0	0	0	0	0	0	0	0	0	0					
	1829	피난민약탈자	12	#NAME?	2000	0	0	0	0	0	0	0	0	0	0	0	0	0	0	0	0	0	0	0	0	0	0	0	0	0	0					
	1830	빼앗긴편(정예)	13	#NAME?	2800	0	0	0	0	0	0	0	0	0	0	0	0	0	0	0	0	0	0	0	0	0	0	0	0	0	0					
	1831	수도관리국보급품(1)	20	#NAME?	#NAME?	0	0	0	0	0	0	0	0	0	0	0	0	0	0	0	0	0	0	0	0	0	0	0	0	0	0					
	1832	수도관리국보급품(2)(정예)	21	#NAME?	#NAME?	0	0	0	0	0	0	0	0	0	0	0	0	0	0	0	0	0	0	0	0	0	0	0	0	0	0					
	1833	검은동굴야수부족근거지	18	#NAME?	#NAME?	0	0	0	0	0	0	0	0	0	0	0	0	0	0	0	0	0	0	0	0	0	0	0	0	0	0					
	1834	망자들의집단	22	#NAME?	#NAME?	0	0	0	0	0	0	0	0	0	0	0	0	0	0	0	0	0	0	0	0	0	0	0	0	0	0					
	1835	망자들의우두머리(정예)	23	#NAME?	#NAME?	0	0	0	0	0	0	0	0	0	0	0	0	0	0	0	0	0	0	0	0	0	0	0	0	0	0					
	1836	거미동굴	22	0	0	0	0	0	0	0	0	0	0	0	0	0	0	0	0	0	0	0	0	0	0	0	0	0	0	0	0					
	1837	사악한여왕거미(정예)	12	0	0	0	0	0	0	0	0	0	0	0	0	0	0	0	0	0	0	0	0	0	0	0	0	0	0	0	0					
	1838	썩은구울무리(반복)	23	#NAME?	#NAME?	0	0	0	0	0	0	0	0	0	0	0	0	0	0	0	0	0	0	0	0	0	0	0	0	0	0					
	1839	썩은구울우두머리(정예)	24	#NAME?	#NAME?	0	0	0	0	0	0	0	0	0	0	0	0	0	0	0	0	0	0	0	0	0	0	0	0	0	0					
	1840	시겔기사단의흔적	23	#NAME?	#NAME?	0	0	0	0	0	0	0	0	0	0	0	0	0	0	0	0	0	0	0	0	0	0	0	0	0	0					
	1841	시겔기사단의망령들(정예)	25	#NAME?	#NAME?	0	0	0	0	0	0	0	0	0	0	0	0	0	0	0	0	0	0	0	0	0	0	0	0	0	0					
	1842	시겔기사단의영원한안식(미션)	35	#NAME?	#NAME?	0	0	0	0	0	0	0	0	0	0	0	0	0	0	0	0	0	0	0	0	0	0	0	0	0	0					
	1843	지하의망자들(1)	24	#NAME?	#NAME?	0	0	0	0	0	0	0	0	0	0	0	0	0	0	0	0	0	0	0	0	0	0	0	0	0	0					
	1844	지하의망자들(2)(정예)	25	#NAME?	#NAME?	0	0	0	0	0	0	0	0	0	0	0	0	0	0	0	0	0	0	0	0	0	0	0	0	0	0					
	1845	지하의망자들(3)	26	#NAME?	#NAME?	0	0	0	0	0	0	0	0	0	0	0	0	0	0	0	0	0	0	0	0	0	0	0	0	0	0					
	1846	지하의망자들(4)(정예)	27	#NAME?	#NAME?	0	0	0	0	0	0	0	0	0	0	0	0	0	0	0	0	0	0	0	0	0	0	0	0	0	0					
	1847	토템정화(반복)	18	#NAME?	#NAME?	0	0	0	0	0	0	0	0	0	0	0	0	0	0	0	0	0	0	0	0	0	0	0	0	0	0					
	1848	조상들의토템(반복)	18	#NAME?	#NAME?	0	0	0	0	0	0	0	0	0	0	0	0	0	0	0	0	0	0	0	0	0	0	0	0	0	0					
	1849	어류도감1편(반복)	20	#NAME?	#NAME?	0	0	0	0	0	0	40078	1	0	0	0	0	0	0	0	0	0	0	0	0	0	0	0	0	0	0					
	1850	어류도감2편(반복)	20	#NAME?	#NAME?	0	0	0	0	0	0	40079	1	0	0	0	0	0	0	0	0	0	0	0	0	0	0	0	0	0	0					
	1851	어류도감3편(반복)	20	#NAME?	#NAME?	0	0	0	0	0	0	40080	1	0	0	0	0	0	0	0	0	0	0	0	0	0	0	0	0	0	0					
	1852	강태공의일기(반복)	20	#NAME?	#NAME?	0	0	0	0	0	0	40081	1	0	0	0	0	0	0	0	0	0	0	0	0	0	0	0	0	0	0					
	1853	도서관열람허가증E급(반복)	21	#NAME?	#NAME?	0	0	0	0	0	0	40074	1	0	0	0	0	0	0	0	0	0	0	0	0	0	0	0	0	0	0					
	1854	어류전문서적열람(반복)	22	#NAME?	#NAME?	0	0	0	0	0	0	0	0	0	3	0	55004	0	0	0	0	0	0	0	0	0	0	0	0	0	0					
	1855	낚시꾼의보답(브라키온황어)(반복)	23	#NAME?	#NAME?	0	0	0	0	0	0	49026	1	0	0	0	0	0	0	0	0	0	0	0	0	0	0	0	0	0	0					
	1856	낚시꾼의보답(그림자메기)(반복)	23	#NAME?	#NAME?	0	0	0	0	0	0	49027	1	0	0	0	0	0	0	0	0	0	0	0	0	0	0	0	0	0	0					
	1857	낚시꾼의보답(청가시고기)(반복)	23	#NAME?	#NAME?	0	0	0	0	0	0	49028	1	0	0	0	0	0	0	0	0	0	0	0	0	0	0	0	0	0	0					
	1858	낡은지하언데드	30	#NAME?	#NAME?	0	0	0	0	0	0	0	0	0	0	0	0	0	0	0	0	0	0	0	0	0	0	0	0	0	0					
	1859	케오르니쉬처치(정예)	31	#NAME?	#NAME?	0	0	0	0	0	0	0	0	0	0	0	0	0	0	0	0	0	0	0	0	0	0	0	0	0	0					
	1860	묘지기의열쇠(정예)	32	#NAME?	#NAME?	0	0	0	0	0	0	0	0	0	0	0	0	0	0	0	0	0	0	0	0	0	0	0	0	0	0					
	1861	저주해제의스크롤(정예)	33	#NAME?	#NAME?	0	0	0	0	0	0	0	0	0	0	0	0	0	0	0	0	0	0	0	0	0	0	0	0	0	0					
	1862	썩은기름(정예)	34	#NAME?	#NAME?	0	0	0	0	0	0	0	0	0	0	0	0	0	0	0	0	0	0	0	0	0	0	0	0	0	0					
	1863	전령의행방(1)	34	#NAME?	#NAME?	0	0	0	0	0	0	0	0	0	0	0	0	0	0	0	0	0	0	0	0	0	0	0	0	0	0					
	1864	전령의행방(2)	36	#NAME?	#NAME?	0	0	0	0	0	0	0	0	0	0	0	0	0	0	0	0	0	0	0	0	0	0	0	0	0	0					
	1865	메시지를찾아라(정예)	38	#NAME?	#NAME?	0	0	0	0	0	0	0	0	0	0	0	0	0	0	0	0	0	0	0	0	0	0	0	0	0	0					
	1866	또다른음모(정예)	39	#NAME?	#NAME?	0	0	0	0	0	0	0	0	0	0	0	0	0	0	0	0	0	0	0	0	0	0	0	0	0	0					
	1867	중요한보고	39	#NAME?	#NAME?	0	0	0	0	0	0	0	0	0	0	0	0	0	0	0	0	0	0	0	0	0	0	0	0	0	0					
	1868	암호문해독표(정예)	39	#NAME?	#NAME?	0	0	0	0	0	0	0	0	0	0	0	0	0	0	0	0	0	0	0	0	0	0	0	0	0	0					
	1869	교도관의음모(정예)	41	#NAME?	#NAME?	0	0	0	0	0	0	0	0	0	0	0	0	0	0	0	0	0	0	0	0	0	0	0	0	0	0					
	1870	상수원추가오염저지	42	#NAME?	#NAME?	0	0	0	0	0	0	0	0	0	0	0	0	0	0	0	0	0	0	0	0	0	0	0	0	0	0					
	1871	흉폭한늑대대장오슈마(미션)	17	#NAME?	#NAME?	0	0	0	0	0	0	0	0	0	0	0	0	0	0	0	0	0	0	0	0	0	0	0	0	0	0					
	1872	제국군의비밀문서(미션)	20	#NAME?	#NAME?	0	0	0	0	0	0	0	0	0	0	0	0	0	0	0	0	0	0	0	0	0	0	0	0	0	0					
	1873	교활한데프(미션)	18	#NAME?	#NAME?	0	0	0	0	0	0	0	0	0	0	0	0	0	0	0	0	0	0	0	0	0	0	0	0	0	0					
	1874	정찰병의흔적(미션)	20	#NAME?	#NAME?	0	0	0	0	0	0	0	0	0	0	0	0	0	0	0	0	0	0	0	0	0	0	0	0	0	0					
	1875	정찰병의흔적	20	#NAME?	#NAME?	0	0	0	0	0	0	0	0	0	0	0	0	0	0	0	0	0	0	0	0	0	0	0	0	0	0					
	1876	톱니모으기(반복)	41	#NAME?	#NAME?	0	0	0	0	0	0	0	0	0	0	0	0	0	0	0	0	0	0	0	0	0	0	0	0	0	0					
	1877	동쪽성벽정찰(정예)	43	#NAME?	#NAME?	0	0	0	0	0	0	0	0	0	0	0	0	0	0	0	0	0	0	0	0	0	0	0	0	0	0					
	1878	동쪽성벽의위협	43	#NAME?	#NAME?	0	0	0	0	0	0	0	0	0	0	0	0	0	0	0	0	0	0	0	0	0	0	0	0	0	0					
	1879	협조요청서전달	43	#NAME?	#NAME?	0	0	0	0	0	0	0	0	0	0	0	0	0	0	0	0	0	0	0	0	0	0	0	0	0	0					
	1880	제국군특수부대격퇴(정예)	45	#NAME?	#NAME?	0	0	0	0	0	0	0	0	0	0	0	0	0	0	0	0	0	0	0	0	0	0	0	0	0	0					
	1881	늑대바위초소지원	45	#NAME?	#NAME?	0	0	0	0	0	0	0	0	0	0	0	0	0	0	0	0	0	0	0	0	0	0	0	0	0	0					
	1882	늑대바위주둔지습격	46	#NAME?	#NAME?	0	0	0	0	0	0	0	0	0	0	0	0	0	0	0	0	0	0	0	0	0	0	0	0	0	0					
	1883	설원전진기지에지원요청	46	#NAME?	#NAME?	0	0	0	0	0	0	0	0	0	0	0	0	0	0	0	0	0	0	0	0	0	0	0	0	0	0					
	1884	지하수로탐색(미션)	25	#NAME?	#NAME?	0	0	0	0	0	0	0	0	0	0	0	0	0	0	0	0	0	0	0	0	0	0	0	0	0	0					
	1885	금빛홀의숨겨진위험(미션)	34	#NAME?	#NAME?	0	0	0	0	0	0	0	0	0	0	0	0	0	0	0	0	0	0	0	0	0	0	0	0	0	0					
	1886	암흑의여주인(미션)	37	#NAME?	#NAME?	0	0	0	0	0	0	0	0	0	0	0	0	0	0	0	0	0	0	0	0	0	0	0	0	0	0					
	1887	수로의기사(미션)	30	#NAME?	#NAME?	0	0	0	0	0	0	0	0	0	0	0	0	0	0	0	0	0	0	0	0	0	0	0	0	0	0					
	1888	숨겨진길의봉쇄자(미션)	32	#NAME?	#NAME?	0	0	0	0	0	0	0	0	0	0	0	0	0	0	0	0	0	0	0	0	0	0	0	0	0	0					
	1889	피빛갑옷코누스(미션)	40	#NAME?	#NAME?	0	0	0	0	0	0	0	0	0	0	0	0	0	0	0	0	0	0	0	0	0	0	0	0	0	0					
	1890	텅빈영혼의기사(미션)	41	#NAME?	#NAME?	0	0	0	0	0	0	0	0	0	0	0	0	0	0	0	0	0	0	0	0	0	0	0	0	0	0					
	1891	로쉬펠트의낫(미션)	43	#NAME?	#NAME?	0	0	0	0	0	0	0	0	0	0	0	0	0	0	0	0	0	0	0	0	0	0	0	0	0	0					
	1892	시겔기사단을깨운자(미션)	42	#NAME?	#NAME?	0	0	0	0	0	0	0	0	0	0	0	0	0	0	0	0	0	0	0	0	0	0	0	0	0	0					
	1893	탈영병추적	46	#NAME?	#NAME?	0	0	0	0	0	0	0	0	0	0	0	0	0	0	0	0	0	0	0	0	0	0	0	0	0	0					
	1894	탈영병위치보고	46	#NAME?	#NAME?	0	0	0	0	0	0	0	0	0	0	0	0	0	0	0	0	0	0	0	0	0	0	0	0	0	0					
	1895	또다른탈영병의행방	46	#NAME?	#NAME?	0	0	0	0	0	0	0	0	0	0	0	0	0	0	0	0	0	0	0	0	0	0	0	0	0	0					
	1896	불길한상징의전달	46	#NAME?	#NAME?	0	0	0	0	0	0	0	0	0	0	0	0	0	0	0	0	0	0	0	0	0	0	0	0	0	0					
	1897	탈영의동기	46	#NAME?	#NAME?	0	0	0	0	0	0	0	0	0	0	0	0	0	0	0	0	0	0	0	0	0	0	0	0	0	0					
	1898	벌목꾼의상징	47	#NAME?	#NAME?	0	0	0	0	0	0	0	0	0	0	0	0	0	0	0	0	0	0	0	0	0	0	0	0	0	0					
	1899	오두막지기의일기	47	#NAME?	#NAME?	0	0	0	0	0	0	40147	1	0	0	0	0	0	0	0	0	0	0	0	0	0	0	0	0	0	0					
	1900	쇠락한꿈에대한집착	47	#NAME?	#NAME?	0	0	0	0	0	0	40149	1	0	0	0	0	0	0	0	0	0	0	0	0	0	0	0	0	0	0					
	1901	일마의부활	47	#NAME?	#NAME?	0	0	0	0	0	0	0	0	0	0	0	0	0	0	0	0	0	0	0	0	0	0	0	0	0	0					
	1902	은둔자멜리스의정체	47	#NAME?	#NAME?	0	0	0	0	0	0	0	0	0	0	0	0	0	0	0	0	0	0	0	0	0	0	0	0	0	0					
	1903	클라우디아	47	#NAME?	#NAME?	0	0	0	0	0	0	0	0	0	0	0	0	0	0	0	0	0	0	0	0	0	0	0	0	0	0					
	1904	소녀의부탁	47	#NAME?	#NAME?	0	0	0	0	0	0	49023	2	0	0	0	0	0	0	0	0	0	0	0	0	0	0	0	0	0	0					
	1905	너무늦은소식	47	#NAME?	#NAME?	0	0	0	0	0	0	49024	2	0	0	0	0	0	0	0	0	0	0	0	0	0	0	0	0	0	0					
	1906	병사의죽음	47	#NAME?	#NAME?	0	0	0	0	0	0	0	0	0	0	0	0	0	0	0	0	0	0	0	0	0	0	0	0	0	0					
	1907	오염된괴물의피부(반복)	47	#NAME?	#NAME?	0	0	0	0	0	0	0	0	0	0	0	0	0	0	0	0	0	0	0	0	0	0	0	0	0	0					
	1908	부패한괴물의피부(반복)	47	#NAME?	#NAME?	0	0	0	0	0	0	0	0	0	0	0	0	0	0	0	0	0	0	0	0	0	0	0	0	0	0					
	1909	동사한벌목꾼의영혼(반복)	47	#NAME?	#NAME?	0	0	0	0	0	0	0	0	0	0	0	0	0	0	0	0	0	0	0	0	0	0	0	0	0	0					
	1910	용족의비밀문서1	80	#NAME?	#NAME?	0	0	0	0	0	0	0	0	0	0	0	0	0	0	0	0	0	0	0	0	0	0	0	0	0	0					
	1911	용족의비밀문서2	80	#NAME?	#NAME?	0	0	0	0	0	0	0	0	0	0	0	0	0	0	0	0	0	0	0	0	0	0	0	0	0	0					
	1912	잃어버린마법반지	80	#NAME?	#NAME?	0	0	0	0	0	0	0	0	0	0	0	0	0	0	0	0	0	0	0	0	0	0	0	0	0	0					
	1913	성지의수호정령제거	80	#NAME?	#NAME?	0	0	0	0	0	0	0	0	0	0	0	0	0	0	0	0	0	0	0	0	0	0	0	0	0	0					
	1914	대정령술사하만의지팡이(미션)	50	#NAME?	#NAME?	0	0	0	0	0	0	0	0	0	0	0	0	0	0	0	0	0	0	0	0	0	0	0	0	0	0					
	1915	제국기사운구스의방패(미션)	50	#NAME?	#NAME?	0	0	0	0	0	0	49023	1	0	0	0	0	0	0	0	0	0	0	0	0	0	0	0	0	0	0					
	1916	설원의마법사들(미션)	50	#NAME?	#NAME?	0	0	0	0	0	0	49023	1	0	0	0	0	0	0	0	0	0	0	0	0	0	0	0	0	0	0					
	1917	설원의공격대기사(미션)	50	#NAME?	#NAME?	0	0	0	0	0	0	49023	1	0	0	0	0	0	0	0	0	0	0	0	0	0	0	0	0	0	0					
	1918	헤매이는에테르체(미션)	55	#NAME?	#NAME?	0	0	0	0	0	0	49023	2	0	0	0	0	0	0	0	0	0	0	0	0	0	0	0	0	0	0					
	1919	잿가루전달	55	#NAME?	#NAME?	0	0	0	0	0	0	49023	2	0	0	0	0	0	0	0	0	0	0	0	0	0	0	0	0	0	0					
	1920	에테르의변성	55	#NAME?	#NAME?	0	0	0	0	0	0	0	0	0	0	0	0	0	0	0	0	0	0	0	0	0	0	0	0	0	0					
	1921	에테르의변성2	55	#NAME?	#NAME?	0	0	0	0	0	0	0	0	0	0	0	0	0	0	0	0	0	0	0	0	0	0	0	0	0	0					
	1922	마시의부탁	55	#NAME?	#NAME?	0	0	0	0	0	0	0	0	0	0	0	0	0	0	0	0	0	0	0	0	0	0	0	0	0	0					
	1923	쌍둥이괴물의어금니(미션)	55	#NAME?	#NAME?	0	0	0	0	0	0	49023	2	0	0	0	0	0	0	0	0	0	0	0	0	0	0	0	0	0	0					
	1924	잿가루관리문서(미션)	55	#NAME?	#NAME?	0	0	0	0	0	0	49023	2	0	0	0	0	0	0	0	0	0	0	0	0	0	0	0	0	0	0					
	1925	도서관지기의요청	55	#NAME?	#NAME?	0	0	0	0	0	0	0	0	0	0	0	0	0	0	0	0	0	0	0	0	0	0	0	0	0	0					
//	1926	얼음수정궁전의냉기	51	0	0	0	0	0	0	0	0	0	0	0	0	0	0	0	0	0	0	0	0	0	0	0	0	0	0	0	0					
	1927	기사단서약서	51	#NAME?	#NAME?	0	0	0	0	0	0	6508	1	0	0	0	0	0	0	0	0	0	0	0	0	0	0	0	0	0	0					
	1928	난폭한경비병영혼	51	#NAME?	#NAME?	0	0	0	0	0	0	0	0	0	0	0	0	0	0	0	0	0	0	0	0	0	0	0	0	0	0					
	1929	회색에테르잿가루회수(반복)	51	#NAME?	#NAME?	0	0	0	0	0	0	0	0	0	0	0	0	0	0	0	0	0	0	0	0	0	0	0	0	0	0					
	1930	도서관배달요청	51	#NAME?	#NAME?	0	0	0	0	0	0	49024	1	0	0	0	0	0	0	0	0	0	0	0	0	0	0	0	0	0	0					
	1931	마력결합의비법서	20	#NAME?	0	0	0	0	0	0	0	49105	1	0	0	0	0	0	0	0	0	0	0	0	0	0	0	0	0	0	0					
	1932	봉인된현자의반지	40	#NAME?	0	0	0	0	0	0	0	49106	1	0	0	0	0	0	0	0	0	0	0	0	0	0	0	0	0	0	0					
	1933	봉인된현자의목걸이	60	#NAME?	0	0	0	0	0	0	0	49107	1	0	0	0	0	0	0	0	0	0	0	0	0	0	0	0	0	0	0					
	1934	봉인된대현자의반지	80	#NAME?	0	0	0	0	0	0	0	49108	1	0	0	0	0	0	0	0	0	0	0	0	0	0	0	0	0	0	0					
//	0811100레벨퀘스트0815(1987~1989만사용)								0	0									0			0			0			0			0					
//	1935	흥미로운소문	100	0	2400	0	0	0	0	0	0	0	0	0	0	0	0	0	0	0	0	0	0	0	0	0	0	0	0	0	0					
//	1936	기억의단서	100	0	3600	0	0	0	0	0	0	0	0	0	0	0	0	0	0	0	0	0	0	0	0	0	0	0	0	0	0					
//	1937	현자엘란의시험	100	0	4800	0	0	0	0	0	0	0	0	0	0	0	0	0	0	0	0	0	0	0	0	0	0	0	0	0	0					
//	1938	첫번째시련의싸움	100	0	6000	0	0	0	0	0	0	0	0	0	0	0	0	0	0	0	0	0	0	0	0	0	0	0	0	0	0					
//	1939	현자로이드	100	0	7200	0	0	0	0	0	0	0	0	0	0	0	0	0	0	0	0	0	0	0	0	0	0	0	0	0	0					
//	1940	현자로이드의시험	100	0	8400	0	0	0	0	0	0	0	0	0	0	0	0	0	0	0	0	0	0	0	0	0	0	0	0	0	0					
//	1941	두번째시련의싸움	100	0	9600	0	0	0	0	0	0	0	0	0	0	0	0	0	0	0	0	0	0	0	0	0	0	0	0	0	0					
//	1942	현자아렌	100	0	10800	0	0	0	0	0	0	0	0	0	0	0	0	0	0	0	0	0	0	0	0	0	0	0	0	0	0					
//	1943	현자아렌의시험	100	0	12000	0	0	0	0	0	0	0	0	0	0	0	0	0	0	0	0	0	0	0	0	0	0	0	0	0	0					
//	1944	세번째시련의싸움	100	0	13200	0	0	0	0	0	0	0	0	0	0	0	0	0	0	0	0	0	0	0	0	0	0	0	0	0	0					
//	1945	현자프리츠	100	0	14400	0	0	0	0	0	0	0	0	0	0	0	0	0	0	0	0	0	0	0	0	0	0	0	0	0	0					
//	1946	현자프리츠의시험	100	0	15600	0	0	0	0	0	0	0	0	0	0	0	0	0	0	0	0	0	0	0	0	0	0	0	0	0	0					
//	1947	마지막시련의싸움	100	0	19000	0	0	0	0	0	0	0	0	0	0	0	0	0	0	0	0	0	0	0	0	0	0	0	0	0	0					
//	1948	파견마법사의정보	100	0	2400	0	0	0	0	0	0	0	0	0	0	0	0	0	0	0	0	0	0	0	0	0	0	0	0	0	0					
//	1949	고대의마법서	100	0	3600	0	0	0	0	0	0	0	0	0	0	0	0	0	0	0	0	0	0	0	0	0	0	0	0	0	0					
//	1950	현자엘란의시험	100	0	4800	0	0	0	0	0	0	0	0	0	0	0	0	0	0	0	0	0	0	0	0	0	0	0	0	0	0					
//	1951	첫번째시련의싸움	100	0	6000	0	0	0	0	0	0	0	0	0	0	0	0	0	0	0	0	0	0	0	0	0	0	0	0	0	0					
//	1952	현자로이드	100	0	7200	0	0	0	0	0	0	0	0	0	0	0	0	0	0	0	0	0	0	0	0	0	0	0	0	0	0					
//	1953	현자로이드의시험	100	0	8400	0	0	0	0	0	0	0	0	0	0	0	0	0	0	0	0	0	0	0	0	0	0	0	0	0	0					
//	1954	두번째시련의싸움	100	0	9600	0	0	0	0	0	0	0	0	0	0	0	0	0	0	0	0	0	0	0	0	0	0	0	0	0	0					
//	1955	현자아렌	100	0	10800	0	0	0	0	0	0	0	0	0	0	0	0	0	0	0	0	0	0	0	0	0	0	0	0	0	0					
//	1956	현자아렌의시험	100	0	12000	0	0	0	0	0	0	0	0	0	0	0	0	0	0	0	0	0	0	0	0	0	0	0	0	0	0					
//	1957	세번째시련의싸움	100	0	13200	0	0	0	0	0	0	0	0	0	0	0	0	0	0	0	0	0	0	0	0	0	0	0	0	0	0					
//	1958	현자프리츠	100	0	14400	0	0	0	0	0	0	0	0	0	0	0	0	0	0	0	0	0	0	0	0	0	0	0	0	0	0					
//	1959	현자프리츠의시험	100	0	15600	0	0	0	0	0	0	0	0	0	0	0	0	0	0	0	0	0	0	0	0	0	0	0	0	0	0					
//	1960	마지막시련의싸움	100	0	19000	0	0	0	0	0	0	0	0	0	0	0	0	0	0	0	0	0	0	0	0	0	0	0	0	0	0					
//	1961	정보확인	100	0	2400	0	0	0	0	0	0	0	0	0	0	0	0	0	0	0	0	0	0	0	0	0	0	0	0	0	0					
//	1962	어둠의힘	100	0	3600	0	0	0	0	0	0	0	0	0	0	0	0	0	0	0	0	0	0	0	0	0	0	0	0	0	0					
//	1963	현자엘란의시험	100	0	4800	0	0	0	0	0	0	0	0	0	0	0	0	0	0	0	0	0	0	0	0	0	0	0	0	0	0					
//	1964	첫번째시련의싸움	100	0	6000	0	0	0	0	0	0	0	0	0	0	0	0	0	0	0	0	0	0	0	0	0	0	0	0	0	0					
//	1965	현자로이드	100	0	7200	0	0	0	0	0	0	0	0	0	0	0	0	0	0	0	0	0	0	0	0	0	0	0	0	0	0					
//	1966	현자로이드의시험	100	0	8400	0	0	0	0	0	0	0	0	0	0	0	0	0	0	0	0	0	0	0	0	0	0	0	0	0	0					
//	1967	두번째시련의싸움	100	0	9600	0	0	0	0	0	0	0	0	0	0	0	0	0	0	0	0	0	0	0	0	0	0	0	0	0	0					
//	1968	현자아렌	100	0	10800	0	0	0	0	0	0	0	0	0	0	0	0	0	0	0	0	0	0	0	0	0	0	0	0	0	0					
//	1969	현자아렌의시험	100	0	12000	0	0	0	0	0	0	0	0	0	0	0	0	0	0	0	0	0	0	0	0	0	0	0	0	0	0					
//	1970	세번째시련의싸움	100	0	13200	0	0	0	0	0	0	0	0	0	0	0	0	0	0	0	0	0	0	0	0	0	0	0	0	0	0					
//	1971	현자프리츠	100	0	14400	0	0	0	0	0	0	0	0	0	0	0	0	0	0	0	0	0	0	0	0	0	0	0	0	0	0					
//	1972	현자프리츠의시험	100	0	15600	0	0	0	0	0	0	0	0	0	0	0	0	0	0	0	0	0	0	0	0	0	0	0	0	0	0					
//	1973	마지막시련의싸움	100	0	19000	0	0	0	0	0	0	0	0	0	0	0	0	0	0	0	0	0	0	0	0	0	0	0	0	0	0					
//	1974	의뢰의결과	100	0	2400	0	0	0	0	0	0	0	0	0	0	0	0	0	0	0	0	0	0	0	0	0	0	0	0	0	0					
//	1975	용의피	100	0	3600	0	0	0	0	0	0	0	0	0	0	0	0	0	0	0	0	0	0	0	0	0	0	0	0	0	0					
//	1976	현자엘란의시험	100	0	4800	0	0	0	0	0	0	0	0	0	0	0	0	0	0	0	0	0	0	0	0	0	0	0	0	0	0					
//	1977	첫번째시련의싸움	100	0	6000	0	0	0	0	0	0	0	0	0	0	0	0	0	0	0	0	0	0	0	0	0	0	0	0	0	0					
//	1978	현자로이드	100	0	7200	0	0	0	0	0	0	0	0	0	0	0	0	0	0	0	0	0	0	0	0	0	0	0	0	0	0					
//	1979	현자로이드의시험	100	0	8400	0	0	0	0	0	0	0	0	0	0	0	0	0	0	0	0	0	0	0	0	0	0	0	0	0	0					
//	1980	두번째시련의싸움	100	0	9600	0	0	0	0	0	0	0	0	0	0	0	0	0	0	0	0	0	0	0	0	0	0	0	0	0	0					
//	1981	현자아렌	100	0	10800	0	0	0	0	0	0	0	0	0	0	0	0	0	0	0	0	0	0	0	0	0	0	0	0	0	0					
//	1982	현자아렌의시험	100	0	12000	0	0	0	0	0	0	0	0	0	0	0	0	0	0	0	0	0	0	0	0	0	0	0	0	0	0					
//	1983	세번째시련의싸움	100	0	13200	0	0	0	0	0	0	0	0	0	0	0	0	0	0	0	0	0	0	0	0	0	0	0	0	0	0					
//	1984	현자프리츠	100	0	14400	0	0	0	0	0	0	0	0	0	0	0	0	0	0	0	0	0	0	0	0	0	0	0	0	0	0					
//	1985	현자프리츠의시험	100	0	15600	0	0	0	0	0	0	0	0	0	0	0	0	0	0	0	0	0	0	0	0	0	0	0	0	0	0					
	1987	알칸의정보	115	0	0	0	0	0	0	0	0	0	0	0	0	0	0	0	0	0	0	0	0	0	0	0	0	0	0	0	0					
	1988	고대인의비밀	115	0	0	0	0	0	0	0	0	0	0	0	0	0	0	0	0	0	0	0	0	0	0	0	0	0	0	0	0					
	1989	몽환의비법	115	0	0	0	0	0	0	0	0	4977	2	0	0	0	0	0	0	0	0	0	0	0	0	0	0	0	0	0	0					
//	에테르방출장치퀘스트0814								0	0									0			0			0			0			0					
	1997	에테르방출장치	40	19100	9380	0	0	0	0	0	0	0	0	0	0	0	0	0	0	0	0	0	0	0	0	0	0	0	0	0	0					
	1998	금속탄환제작	40	25320	16100	0	0	0	0	0	0	7295	25	0	0	0	0	0	0	0	0	0	0	0	0	0	0	0	0	0	0					
	1999	안정화된에테르탄환(Lv2)제작	40	30384	20930	0	0	0	0	0	0	7551	25	0	0	0	0	0	0	0	0	0	0	0	0	0	0	0	0	0	0					
	2000	에테르방출장치제작	40	39499	27209	0	0	0	0	0	0	7265	1	0	0	0	0	0	0	0	0	0	0	0	0	0	0	0	0	0	0					
//	2001	마법의탄환제작	40	83289	35371	0	0	0	0	0	0	7268	5	0	0	0	0	0	0	0	0	0	0	0	0	0	0	0	0	0	0					
//	저주받은탑챌린지퀘스트0814								0	0									0			0			0			0			0					
	2002	수행자의마음	20	0	50000	0	0	0	0	0	0	63020	1	0	0	0	0	0	0	0	0	0	0	0	0	0	0	0	0	0	0					
	2003	대지의시련	20	40697	100000	0	0	0	0	0	0	63021	1	0	0	0	0	0	0	0	0	0	0	0	0	0	0	0	0	0	0					
	2004	물의시련	20	67674	200000	0	0	0	0	0	0	0	0	0	0	1	63020	1	0	63021	1	0	0	0	0	0	0	0	0	0	0					
	2005	용사의마음	50	0	50000	0	0	0	0	0	0	63022	1	0	0	0	0	0	0	0	0	0	0	0	0	0	0	0	0	0	0					
	2006	불의시련	50	105888	400000	0	0	0	0	0	0	0	0	0	0	1	63020	1	0	63021	1	0	63022	1	0	0	0	0	0	0	0					
	2007	영웅의마음	70	0	50000	0	0	0	0	0	0	63023	1	0	0	0	0	0	0	0	0	0	0	0	0	0	0	0	0	0	0					
	2008	바람의시련	70	132360	800000	0	0	0	0	0	0	63023	1	0	0	1	63020	1	0	63021	1	0	63022	1	0	0	0	0	0	0	0					
//	100레벨체인지업퀘스트최종보상(캐릭터별보상)0815								0	0									0			0			0			0			0					
	2010	비밀의힘(버서커)	115	0	0	0	0	0	0	0	0	0	0	0	0	0	0	0	0	0	0	0	0	0	0	0	0	0	0	0	0					
	2011	비밀의힘(드래곤)	115	0	0	0	0	0	0	0	0	0	0	0	0	0	0	0	0	0	0	0	0	0	0	0	0	0	0	0	0					
	2012	비밀의힘(쉐도우)	115	0	0	0	0	0	0	0	0	0	0	0	0	0	0	0	0	0	0	0	0	0	0	0	0	0	0	0	0					
	2013	비밀의힘(발키리)	115	0	0	0	0	0	0	0	0	0	0	0	0	0	0	0	0	0	0	0	0	0	0	0	0	0	0	0	0					
	2014	비밀의힘(엘리멘탈리스트)	115	0	0	0	0	0	0	0	0	0	0	0	0	0	0	0	0	0	0	0	0	0	0	0	0	0	0	0	0					
//	튜토리얼리뉴얼퀘스트보상0815								0	0									0			0			0			0			0					
	2015	인첸트	0	400	500	0	0	0	0	0	0	0	0	0	0	0	0	0	0	0	0	0	0	0	0	0	0	0	0	0	0					
	2016	랭크업	0	800	1000	0	0	0	0	0	0	0	0	0	0	0	0	0	0	0	0	0	0	0	0	0	0	0	0	0	0					
	2017	조합	0	1600	2000	0	0	0	0	0	0	0	0	0	0	1	4951	1	0	0	0	0	0	0	0	0	0	0	0	0	0					
	2018	리온만나기	0	3200	4000	0	0	0	0	0	0	4001	5	0	0	0	0	0	0	0	0	0	0	0	0	0	0	0	0	0	0					
	2019	신목의숲	0	6400	8000	0	0	0	0	0	0	0	0	0	0	0	0	0	0	0	0	0	0	0	0	0	0	0	0	0	0					
	2020	파괴된에소드마을	0	12800	16000	0	0	0	0	0	0	0	0	0	0	0	0	0	0	0	0	0	0	0	0	0	0	0	0	0	0					
	2261	에소드마을	0	200	200	0	0	0	0	0	0	4130	5	0	0	0	0	0	0	0	0	0	0	0	0	0	0	0	0	0	0					
//	초기퀘스트								0	0									0			0			0			0			0					
	2063	인간의자유를위한해방군_(버_엘)	0	20	5	0	0	0	0	0	0	0	0	0	0	0	0	0	0	0	0	0	0	0	0	0	0	0	0	0	0					
	2064	인간의자유를위한해방군_(드_발)	0	20	5	0	0	0	0	0	0	0	0	0	0	0	0	0	0	0	0	0	0	0	0	0	0	0	0	0	0					
	2065	해방군입대_(버_엘)	0	40	5	0	0	0	0	0	0	0	0	0	0	0	0	0	0	0	0	0	0	0	0	0	0	0	0	0	0					
	2066	해방군입대_(드_발)	0	40	5	0	0	0	0	0	0	0	0	0	0	0	0	0	0	0	0	0	0	0	0	0	0	0	0	0	0					
	2067	제국군일당_(버)	0	105	300	0	0	0	0	0	0	4001	3	0	0	1	1251	10001	0	11251	10001	0	21251	10001	0	31251	10001	0	0	0	0					
	2068	제국군일당_(엘)	0	105	300	0	0	0	0	0	0	4001	3	0	0	1	1291	10001	0	11291	10001	0	21291	10001	0	31291	10001	0	0	0	0					
	2069	제국군일당_(발)	0	105	300	0	0	0	0	0	0	4001	3	0	0	1	1231	10001	0	11231	10001	0	21231	10001	0	31231	10001	0	0	0	0					
	2070	제국군일당_(드)	0	105	300	0	0	0	0	0	0	4001	3	0	0	1	1211	10001	0	11211	10001	0	21211	10001	0	31211	10001	0	0	0	0					
	2071	야수들의숲보고서_(버)	0	165	90	0	0	0	0	0	0	0	0	0	0	1	1201	10001	0	11201	10001	0	21201	10001	0	31201	10001	0	0	0	0					
	2072	야수들의숲보고서_(엘)	0	165	90	0	0	0	0	0	0	0	0	0	0	1	1241	10001	0	11241	10001	0	21241	10001	0	31241	10001	0	0	0	0					
	2073	야수들의숲보고서_(발)	0	165	90	0	0	0	0	0	0	0	0	0	0	1	1281	10001	0	11281	10001	0	21281	10001	0	31281	10001	0	0	0	0					
	2074	야수들의숲보고서_(드)	0	165	90	0	0	0	0	0	0	0	0	0	0	1	1261	10001	0	11261	10001	0	21261	10001	0	31261	10001	0	0	0	0					
//	자피르호수리뉴얼0815								0	0									0			0			0			0			0					
//		보초대장바크헨63809							0	0	0			0					0			0			0			0			0					
	2021	가시나무호위병의위협	5	300	300	0	0	0	0	0	0	0	0	0	0	0	0	0	0	0	0	0	0	0	0	0	0	0	0	0	0					
	2022	햇병아리해방군	5	237	500	0	0	0	0	0	0	7241	5	0	0	0	0	0	0	0	0	0	0	0	0	0	0	0	0	0	0					
//		보초대장크롬63808							0	0									0			0			0			0			0					
	2023	가시나무호위병의위협	5	300	300	0	0	0	0	0	0	0	0	0	0	0	0	0	0	0	0	0	0	0	0	0	0	0	0	0	0					
	2024	햇병아리해방군	5	237	500	0	0	0	0	0	0	7241	5	0	0	0	0	0	0	0	0	0	0	0	0	0	0	0	0	0	0					
//		순찰대장디트리히63771							0	0									0			0			0			0			0					
	2061	위험한지름길	6	340	0	0	0	0	0	0	0	4014	5	0	0	0	0	0	0	0	0	0	0	0	0	0	0	0	0	0	0					
	2062	어촌민들의원한	6	767	0	0	0	0	0	0	0	0	0	0	0	0	0	0	0	0	0	0	0	0	0	0	0	0	0	0	0					
	2025	잃어버린보금품	8	894	0	0	0	0	0	0	0	4026	3	0	0	0	0	0	0	0	0	0	0	0	0	0	0	0	0	0	0					
	2026	북쪽보급로의확보	9	910	0	0	0	0	0	0	0	0	0	0	0	0	0	0	0	0	0	0	0	0	0	0	0	0	0	0	0					
	2027	남쪽보급로의확보	9	1072	0	0	0	0	0	0	0	0	0	0	0	1	49021	3	0	0	0	0	0	0	0	0	0	0	0	0	0					
	2028	고군분투(미션)	12	3071	0	0	0	0	0	0	0	4962	1	0	0	0	0	0	0	0	0	0	0	0	0	0	0	0	0	0	0					
	2029	지원요청	11	1360	3000	0	0	0	0	0	0	0	0	0	0	0	0	0	0	0	0	0	0	0	0	0	0	0	0	0	0					
	2030	에텔레인	8	452	500	0	0	0	0	0	0	0	0	0	0	0	0	0	0	0	0	0	0	0	0	0	0	0	0	0	0					
	2031	어부의부탁	6	252	100	0	0	0	0	0	0	0	0	0	0	0	0	0	0	0	0	0	0	0	0	0	0	0	0	0	0					
	2032	수집광	6	352	100	0	0	0	0	0	0	0	0	0	0	0	0	0	0	0	0	0	0	0	0	0	0	0	0	0	0					
//		어부피셔만63828							0	0	0			0	0				0			0			0			0			0					
	2033	빼앗긴물고기	6	396	500	0	0	0	0	0	0	0	0	0	0	0	0	0	0	0	0	0	0	0	0	0	0	0	0	0	0					
	2034	빼앗긴낚싯대	6	767	800	0	0	0	0	0	0	0	0	0	0	1	4014	5	0	0	0	0	0	0	0	0	0	0	0	0	0					
	2035	잃어버린낚시도구	7	798	800	0	0	0	0	0	0	0	0	0	0	1	4014	5	0	0	0	0	0	0	0	0	0	0	0	0	0					
	2036	전설의물고기(미션)	8	1535	0	0	0	0	0	0	0	0	0	0	0	0	0	0	0	0	0	0	0	0	0	0	0	0	0	0	0					
//		수집광에드문트지거63820							0	0	0			0	0				0			0			0			0			0					
	2037	알수없는물건	8	715	3000	0	0	0	0	0	0	0	0	0	0	0	0	0	0	0	0	0	0	0	0	0	0	0	0	0	0					
//	연금술사의길리뉴얼0815								0	0									0			0			0			0			0					
//		정찰대장한셀골덴부르크63822							0	0									0			0			0			0			0					
	2038	지원요청의조건	14	2093	800	0	0	0	0	0	0	0	0	0	0	0	0	0	0	0	0	0	0	0	0	0	0	0	0	0	0					
	2039	약속의이행	15	4363	2500	0	0	0	0	0	0	0	0	0	0	0	0	0	0	0	0	0	0	0	0	0	0	0	0	0	0					
	2040	불안한약속	16	4909	2500	0	0	0	0	0	0	0	0	0	0	0	0	0	0	0	0	0	0	0	0	0	0	0	0	0	0					
	2041	믿을수없는경비대장(미션)	18	9818	0	0	0	0	0	0	0	0	0	0	0	0	0	0	0	0	0	0	0	0	0	0	0	0	0	0	0					
	2042	거짓의이유	19	4917	5000	0	0	0	0	0	0	0	0	0	0	0	0	0	0	0	0	0	0	0	0	0	0	0	0	0	0					
//		연금술사제르니케(64020)							0	0									0			0			0			0			0					
	2043	거울차원의비밀1	16	2950	0	0	0	0	0	0	0	4035	3	0	0	0	0	0	0	0	0	0	0	0	0	0	0	0	0	0	0					
	2044	거울차원의비밀2(미션)	18	6767	4000	0	0	0	0	0	0	0	0	0	0	0	0	0	0	0	0	0	0	0	0	0	0	0	0	0	0					
	2045	연금술사의돌	20	4917	0	0	0	0	0	0	0	4958	1	0	0	0	0	0	0	0	0	0	0	0	0	0	0	0	0	0	0					
//		약재상인쉬나이더63776							0	0									0			0			0			0			0					
	2046	잃어버린시험문제	14	2039	0	0	0	0	0	0	0	4003	10	0	0	0	0	0	0	0	0	0	0	0	0	0	0	0	0	0	0					
	2047	연금술사시험1(미션)	16	5413	3500	0	0	0	0	0	0	0	0	0	0	0	0	0	0	0	0	0	0	0	0	0	0	0	0	0	0					
	2048	연금술사시험2	16	4917	0	0	0	0	0	0	0	0	0	0	0	0	0	0	0	0	0	0	0	0	0	0	0	0	0	0	0					
//	초기퀘스트0815								0	0									0			0			0			0			0					
	2049	발키리의싸움_(발키리)	6	0	500	0	0	0	0	0	0	40032	1	0	0	0	0	0	0	0	0	0	0	0	0	0	0	0	0	0	0					
	2050	과거의상처	7	839	0	0	0	0	0	0	0	4001	5	0	0	0	0	0	0	0	0	0	0	0	0	0	0	0	0	0	0					
	2051	미션_봉인된바루카	8	1196	1000	0	0	0	0	0	0	0	0	0	0	0	0	0	0	0	0	0	0	0	0	0	0	0	0	0	0					
	2052	과거의영광_(드래곤)	6	0	500	0	0	0	0	0	0	40031	1	0	0	0	0	0	0	0	0	0	0	0	0	0	0	0	0	0	0					
	2053	명예회복	7	839	0	0	0	0	0	0	0	49001	3	0	0	0	0	0	0	0	0	0	0	0	0	0	0	0	0	0	0					
	2054	미션_난폭한마둑	8	1196	1500	0	0	0	0	0	0	0	0	0	0	0	0	0	0	0	0	0	0	0	0	0	0	0	0	0	0					
	2055	존재의이유_(버서커)	6	0	500	0	0	0	0	0	0	40030	1	0	0	0	0	0	0	0	0	0	0	0	0	0	0	0	0	0	0					
	2056	잃어버린과거	7	839	0	0	0	0	0	0	0	49021	3	0	0	0	0	0	0	0	0	0	0	0	0	0	0	0	0	0	0					
	2057	미션_두령오마	8	1535	2000	0	0	0	0	0	0	0	0	0	0	0	0	0	0	0	0	0	0	0	0	0	0	0	0	0	0					
	2058	힘을찾아서_(엘리)	6	0	0	0	0	0	0	0	0	40033	1	0	0	0	0	0	0	0	0	0	0	0	0	0	0	0	0	0	0					
	2059	마법의연구	7	839	500	0	0	0	0	0	0	49011	3	0	0	0	0	0	0	0	0	0	0	0	0	0	0	0	0	0	0					
	2060	미션_사악한켈베로스	8	1800	2500	0	0	0	0	0	0	0	0	0	0	0	0	0	0	0	0	0	0	0	0	0	0	0	0	0	0					
//	섀도우_0819								0	0									0			0			0			0			0					
	2080	인간의자유를위한해방군_섀도우	1	20	5	0	0	0	0	0	0	0	0	0	0	0	0	0	0	0	0	0	0	0	0	0	0	0	0	0	0					
	2081	해방군입대_섀도우	1	40	5	0	0	0	0	0	0	0	0	0	0	0	0	0	0	0	0	0	0	0	0	0	0	0	0	0	0					
	2082	제국군일당_섀도우	1	105	300	0	0	0	0	0	0	4001	3	0	0	1	1221	1	0	11221	1	0	21221	1	0	31221	1	0	0	0	0					
	2083	야수들의숲보고서_섀도우	1	165	90	0	0	0	0	0	0	0	0	0	0	1	1271	1	0	11271	1	0	21271	1	0	31271	1	0	0	0	0					
	2084	가시나무호위병의위협_섀도우	1	300	300	0	0	0	0	0	0	0	0	0	0	0	0	0	0	0	0	0	0	0	0	0	0	0	0	0	0					
	2085	햇병아리해방군_섀도우	1	237	500	0	0	0	0	0	0	7241	5	0	0	0	0	0	0	0	0	0	0	0	0	0	0	0	0	0	0					
	2086	제국의배신자	8	1196	100	0	0	0	0	0	0	0	0	0	0	0	0	0	0	0	0	0	0	0	0	0	0	0	0	0	0					
	2087	신뢰의회복1	8	1196	1000	0	0	0	0	0	0	0	0	0	0	0	0	0	0	0	0	0	0	0	0	0	0	0	0	0	0					
	2088	신뢰의회복2	8	1554	1000	0	0	0	0	0	0	0	0	0	0	0	0	0	0	0	0	0	0	0	0	0	0	0	0	0	0					
	2089	신뢰의회복3	8	2020	1000	0	0	0	0	0	0	0	0	0	0	0	0	0	0	0	0	0	0	0	0	0	0	0	0	0	0					
	2090	섀도우	8	1196	1000	0	0	0	0	0	0	0	0	0	0	0	0	0	0	0	0	0	0	0	0	0	0	0	0	0	0					
	2091	임페리얼해럴드	25	5437	1050	0	0	0	0	0	0	0	0	0	0	0	0	0	0	0	0	0	0	0	0	0	0	0	0	0	0					
	2092	조용한움직임	25	7663	1365	0	0	0	0	0	0	0	0	0	0	0	0	0	0	0	0	0	0	0	0	0	0	0	0	0	0					
	2093	그림자동맹1	25	9853	1680	0	0	0	0	0	0	0	0	0	0	0	0	0	0	0	0	0	0	0	0	0	0	0	0	0	0					
	2094	그림자동맹2	25	12043	1995	0	0	0	0	0	0	0	0	0	0	0	0	0	0	0	0	0	0	0	0	0	0	0	0	0	0					
	2095	그림자동맹3	25	14233	2310	0	0	0	0	0	0	0	0	0	0	0	0	0	0	0	0	0	0	0	0	0	0	0	0	0	0					
	2096	그림자동맹4	25	16423	2625	0	0	0	0	0	0	0	0	0	0	0	0	0	0	0	0	0	0	0	0	0	0	0	0	0	0					
	2097	그림자동맹5	25	18613	2940	0	0	0	0	0	0	0	0	0	0	0	0	0	0	0	0	0	0	0	0	0	0	0	0	0	0					
	2098	현자프리츠의시험	25	20803	3255	0	0	0	0	0	0	0	0	0	0	0	0	0	0	0	0	0	0	0	0	0	0	0	0	0	0					
	2099	이그니스의그림자	55	22993	3570	0	0	0	0	0	0	3115	1	0	0	0	0	0	0	0	0	0	0	0	0	0	0	0	0	0	0					
	2100	에텔레인입성	55	22629	3255	0	0	0	0	0	0	0	0	0	0	0	0	0	0	0	0	0	0	0	0	0	0	0	0	0	0					
	2101	그림자동맹의정보	55	29417	4231	0	0	0	0	0	0	0	0	0	0	0	0	0	0	0	0	0	0	0	0	0	0	0	0	0	0					
	2102	반역자척결	55	36205	5207	0	0	0	0	0	0	0	0	0	0	0	0	0	0	0	0	0	0	0	0	0	0	0	0	0	0					
	2103	반역자추적1	55	42993	6183	0	0	0	0	0	0	49024	10	0	0	0	0	0	0	0	0	0	0	0	0	0	0	0	0	0	0					
	2104	반역자추적2	55	49781	7159	0	0	0	0	0	0	49004	10	0	0	0	0	0	0	0	0	0	0	0	0	0	0	0	0	0	0					
	2105	반역자추적3	55	56569	8135	0	0	0	0	0	0	0	0	0	0	0	0	0	0	0	0	0	0	0	0	0	0	0	0	0	0					
	2106	임페리얼해럴드의망령	55	135777	9111	0	0	0	0	0	0	3116	1	0	0	0	0	0	0	0	0	0	0	0	0	0	0	0	0	0	0					
	2107	과거의상처_아나스의증표보상	7	839	0	0	0	0	0	0	0	4001	5	0	0	1	40237	1	0	0	0	0	0	0	0	0	0	0	0	0	0					
	2108	잃어버린과거_루츠의증표보상	7	839	0	0	0	0	0	0	0	49021	3	0	0	1	40238	1	0	0	0	0	0	0	0	0	0	0	0	0	0					
	2109	마법의연구_미스텔의증표보상	7	839	500	0	0	0	0	0	0	49011	3	0	0	1	40239	1	0	0	0	0	0	0	0	0	0	0	0	0	0					
//	타임라인퀘스트								0	0									0			0			0			0			0					
//									0	0									0			0			0			0			0					
	2110	#1_에소드마을	0	10	200	0	0	0	0	0	0	0	0	0	0	0	0	0	0	0	0	0	0	0	0	0	0	0	0	0	0					
	2111	#2_에소드마을의해방군	0	23	300	0	0	0	0	0	0	4001	3	0	0	0	0	0	0	0	0	0	0	0	0	0	0	0	0	0	0					
	2112	#3_해방군시험1	0	23	400	0	0	0	0	0	0	4001	3	0	0	1	59541	1	0	59549	1	0	59557	1	0	59565	1	0	0	0	0					
	1990	#3_해방군시험_	0	23	400	0	0	0	0	0	0	4001	3	0	0	1	59541	1	0	59549	1	0	59557	1	0	59573	1	0	0	0	0					
	2113	#4_해방군시험2	0	30	550	0	0	0	0	0	0	4001	3	0	0	1	59544	1	0	59552	1	0	59560	1	0	59568	1	0	0	0	0					
	1991	#4_해방군시험_	0	30	550	0	0	0	0	0	0	4001	3	0	0	1	59544	1	0	59552	1	0	59560	1	0	59576	1	0	0	0	0					
	2114	#5_해방군시험3	0	38	650	0	0	0	0	0	0	4001	3	0	0	1	59546	1	0	59554	1	0	59562	1	0	59570	1	0	0	0	0					
	1992	#5_해방군시험_	0	38	650	0	0	0	0	0	0	4001	3	0	0	1	59546	1	0	59554	1	0	59562	1	0	59578	1	0	0	0	0					
	2115	#6_신목의숲으로	0	45	450	0	0	0	0	0	0	4001	3	0	0	0	0	0	0	0	0	0	0	0	0	0	0	0	0	0	0					
//									0	0									0			0			0			0			0					
	2116	#7_신목의숲	0	41	250	0	0	0	0	0	0	0	0	0	0	0	0	0	0	0	0	0	0	0	0	0	0	0	0	0	0					
	2117	#8_해방군시험돕기	0	55	450	0	0	0	0	0	0	4014	5	0	0	0	0	0	0	0	0	0	0	0	0	0	0	0	0	0	0					
	2118	#9_리온의시험1	0	69	400	0	0	0	0	0	0	4016	3	0	0	1	59543	1	0	59551	1	0	59559	1	0	59567	1	0	0	0	0					
	1993	#9_리온의시험2	0	69	400	0	0	0	0	0	0	4016	3	0	0	1	59543	1	0	59551	1	0	59559	1	0	59575	1	0	0	0	0					
	2119	#10_리온의시험2	0	104	600	0	0	0	0	0	0	4026	3	0	0	1	59553	1	0	59545	1	0	59561	1	0	59569	1	0	0	0	0					
	1994	#10_리온의시험3	0	104	600	0	0	0	0	0	0	4026	3	0	0	1	59553	1	0	59545	1	0	59561	1	0	59577	1	0	0	0	0					
	2120	#11_붙잡힌해방군	0	104	550	0	0	0	0	0	0	4035	3	0	0	1	59542	1	0	59550	1	0	59558	1	0	59566	1	0	0	0	0					
	1995	#12_붙잡힌해방군_	0	104	550	0	0	0	0	0	0	4035	3	0	0	1	59542	1	0	59550	1	0	59558	1	0	59574	1	0	0	0	0					
	2121	#12_에소드마을의위험1	0	212	600	0	0	0	0	0	0	4001	5	0	0	1	59547	1	0	59555	1	0	59563	1	0	59571	1	0	0	0	0					
	1996	#12_에소드마을의위험_	0	212	600	0	0	0	0	0	0	4001	5	0	0	1	59547	1	0	59555	1	0	59563	1	0	59579	1	0	0	0	0					
	2122	#13_에소드마을의위험2	0	0	0	0	0	0	0	0	0	0	0	0	0	0	0	0	0	0	0	0	0	0	0	0	0	0	0	0	0					
//									0	0									0			0			0			0			0					
	2123	#14_제국의습격	0	194	325	0	0	0	0	0	0	4014	5	0	0	1	59548	1	0	59556	1	0	59564	1	0	59572	1	0	0	0	0					
	1986	#15_제국의습격	0	194	325	0	0	0	0	0	0	4014	5	0	0	1	59548	1	0	59556	1	0	59564	1	0	59580	1	0	0	0	0					
	2124	#15_에소드마을탈출1	0	245	675	0	0	0	0	0	0	0	0	0	0	0	0	0	0	0	0	0	0	0	0	0	0	0	0	0	0					
	2125	#16_에소드마을탈출2	0	295	425	0	0	0	0	0	0	0	0	0	0	0	0	0	0	0	0	0	0	0	0	0	0	0	0	0	0					
//									0	0									0			0			0			0			0					
//									0	0									0			0			0			0			0					
	2126	#1신병교육1	0	10	900	0	0	0	0	0	0	0	0	0	0	1	59541	1	0	59549	1	0	59557	1	0	59565	1	0	59573	1	0					
	2127	#2신병교육2	0	23	960	0	0	0	0	0	0	0	0	0	0	1	59544	1	0	59552	1	0	59560	1	0	59568	1	0	59576	1	0					
	2128	#3신병교육3	0	30	1020	0	0	0	0	0	0	0	0	0	0	1	59546	1	0	59554	1	0	59562	1	0	59570	1	0	59578	1	0					
	2129	#4신병교육4	0	40	1020	0	0	0	0	0	0	0	0	0	0	1	59543	1	0	59551	1	0	59559	1	0	59567	1	0	59575	1	0					
	2130	#5마지막시험	0	45	1320	0	0	0	0	0	0	0	0	0	0	1	59553	1	0	59545	1	0	59561	1	0	59569	1	0	59577	1	0					
	2131	#1첩자를찾아라1	0	60	1320	0	0	0	0	0	0	0	0	0	0	1	59542	1	0	59550	1	0	59558	1	0	59566	1	0	59574	1	0					
	2132	#2첩자를찾아라2	0	100	1380	0	0	0	0	0	0	0	0	0	0	1	59547	1	0	59555	1	0	59563	1	0	59571	1	0	59579	1	0					
	2133	#3첩자를찾아라3	0	200	1680	0	0	0	0	0	0	0	0	0	0	1	59548	1	0	59556	1	0	59564	1	0	59572	1	0	59580	1	0					
	2134	#3-1첩자를찾아라_수상한경비병	0	300	1680	0	0	0	0	0	0	0	0	0	0	1	59545	1	0	59553	1	0	59561	1	0	59569	1	0	59577	1	0					
	2135	#4강철야수부족암살자	0	400	1500	0	0	0	0	0	0	0	0	0	0	0	0	0	0	0	0	0	0	0	0	0	0	0	0	0	0					
	2136	#1빼앗긴일터	0	115	1440	0	0	0	0	0	0	0	0	0	0	0	0	0	0	0	0	0	0	0	0	0	0	0	0	0	0					
	2137	#2낚시도구찾기	0	125	1680	0	0	0	0	0	0	0	0	0	0	0	0	0	0	0	0	0	0	0	0	0	0	0	0	0	0					
	2138	#1신병교육1	0	10	900	0	0	0	0	0	0	0	0	0	0	1	59581	1	0	59597	1	0	59605	1	0	0	0	0	0	0	0					
	2139	#2신병교육2	0	23	960	0	0	0	0	0	0	0	0	0	0	1	59584	1	0	59598	1	0	59606	1	0	0	0	0	0	0	0					
	2140	#3신병교육3	0	30	1020	0	0	0	0	0	0	0	0	0	0	1	59586	1	0	59599	1	0	59607	1	0	0	0	0	0	0	0					
	2141	#4신병교육4	0	40	1020	0	0	0	0	0	0	0	0	0	0	1	59583	1	0	59600	1	0	59608	1	0	0	0	0	0	0	0					
	2142	#1첩자를찾아라1	0	100	1320	0	0	0	0	0	0	0	0	0	0	1	59582	1	0	59601	1	0	59609	1	0	0	0	0	0	0	0					
	2143	#2첩자를찾아라2	0	200	1380	0	0	0	0	0	0	0	0	0	0	1	59587	1	0	59602	1	0	59610	1	0	0	0	0	0	0	0					
	2144	#3첩자를찾아라3	0	300	1680	0	0	0	0	0	0	0	0	0	0	1	59588	1	0	59603	1	0	59611	1	0	0	0	0	0	0	0					
	2145	#3-1첩자를찾아라_수상한경비병	0	400	1680	0	0	0	0	0	0	0	0	0	0	1	59585	1	0	59604	1	0	59612	1	0	0	0	0	0	0	0					
//		불길한소문_트링겔-자피르호수_메인퀘스트							0	0									0			0			0			0			0					
	3138	#1해방군생존자	0	396	840	0	0	0	0	0	0	4001	5	0	0	0	0	0	0	0	0	0	0	0	0	0	0	0	0	0	0					
	3139	#2가이던스해방군1	0	396	960	0	0	0	0	0	0	0	0	0	0	0	0	0	0	0	0	0	0	0	0	0	0	0	0	0	0					
	3140	#3가이던스해방군2	0	468	960	0	0	0	0	0	0	0	0	0	0	0	0	0	0	0	0	0	0	0	0	0	0	0	0	0	0					
	3141	#4오염된생물	0	468	1140	0	0	0	0	0	0	7241	5	0	0	1	4016	1	0	4021	1	0	4035	1	0	0	0	0	0	0	0					
	3142	#5오염의증거수집1	0	100	1380	0	0	0	0	0	0	4014	3	0	0	1	4016	1	0	4021	1	0	4035	1	0	0	0	0	0	0	0					
	3143	#6오염의증거수집2	0	200	1440	0	0	0	0	0	0	4014	3	0	0	1	4016	1	0	4021	1	0	4035	1	0	0	0	0	0	0	0					
	3144	#7오염의증거	0	300	1260	0	0	0	0	0	0	0	0	0	0	1	4016	1	0	4021	1	0	4035	1	0	0	0	0	0	0	0					
	3145	#8불길한소문의추적	0	400	1260	0	0	0	0	0	0	0	0	0	0	1	4016	1	0	4021	1	0	4035	1	0	0	0	0	0	0	0					
	3146	서브미션1_#9_불길한소문	0	45000	5280	0	0	0	0	0	0	40413	1	0	0	1	40392	1	0	0	0	0	0	0	0	0	0	0	0	0	0					
	3147	서브미션1_#9-1_불길한소문	0	45000	5280	0	0	0	0	0	0	40392	1	0	0	0	0	0	0	0	0	0	0	0	0	0	0	0	0	0	0					
	3148	#10_확인된증거	0	1232	1380	0	0	0	0	0	0	0	0	0	0	0	0	0	0	0	0	0	0	0	0	0	0	0	0	0	0					
//									0	0									0			0			0			0			0					
//									0	0									0			0			0			0			0					
	3149	#1수집광의편지	0	1091	1680	0	0	0	0	0	0	0	0	0	0	0	0	0	0	0	0	0	0	0	0	0	0	0	0	0	0					
	3150	#2수줍은고백	0	1091	1560	0	0	0	0	0	0	0	0	0	0	0	0	0	0	0	0	0	0	0	0	0	0	0	0	0	0					
	3151	#3거절	0	1455	1620	0	0	0	0	0	0	0	0	0	0	0	0	0	0	0	0	0	0	0	0	0	0	0	0	0	0					
	3152	#4재도전	0	1531	1680	0	0	0	0	0	0	0	0	0	0	0	0	0	0	0	0	0	0	0	0	0	0	0	0	0	0					
	3153	#5흥!	0	1531	1740	0	0	0	0	0	0	0	0	0	0	0	0	0	0	0	0	0	0	0	0	0	0	0	0	0	0					
	3154	#1다른사랑	0	1091	1500	0	0	0	0	0	0	0	0	0	0	0	0	0	0	0	0	0	0	0	0	0	0	0	0	0	0					
	3155	#2제르니케님~	0	1091	1560	0	0	0	0	0	0	0	0	0	0	1	7241	5	0	0	0	0	0	0	0	0	0	0	0	0	0					
	3156	#3너나가져..	0	1531	1620	0	0	0	0	0	0	0	0	0	0	1	4016	1	0	4026	1	0	0	0	0	0	0	0	0	0	0					
//									0	0		0	0						0			0			0			0			0					
	3160	#1검은에테르1	0	1531	1440	0	0	0	0	0	0	0	0	0	0	0	0	0	0	0	0	0	0	0	0	0	0	0	0	0	0					
	3161	#2검은에테르2	0	1531	1740	0	0	0	0	0	0	0	0	0	0	0	0	0	0	0	0	0	0	0	0	0	0	0	0	0	0					
	3162	#3강철야수부족의흔적1	0	2041	1620	0	0	0	0	0	0	0	0	0	0	0	0	0	0	0	0	0	0	0	0	0	0	0	0	0	0					
	3163	#4강철야수부족의흔적2	0	1091	1800	0	0	0	0	0	0	0	0	0	0	0	0	0	0	0	0	0	0	0	0	0	0	0	0	0	0					
	3164	#5강철야수부족의흔적3	0	2750	1860	0	0	0	0	0	0	0	0	0	0	1	4016	3	0	4021	3	0	4035	3	0	0	0	0	0	0	0					
	3165	#6강철야수부족의흔적4	0	3437	1800	0	0	0	0	0	0	0	0	0	0	1	4016	3	0	4021	3	0	4035	3	0	0	0	0	0	0	0					
	3166	서브미션2_#7강철야수부족의음모	0	50000	6360	0	0	0	0	0	0	40393	1	0	0	1	40420	1	0	0	0	0	0	0	0	0	0	0	0	0	0					
	3167	서브미션2_#7-1파수꾼도프와카라툭	0	50000	6360	0	0	0	0	0	0	40393	1	0	0	0	0	0	0	0	0	0	0	0	0	0	0	0	0	0	0					
	3168	#8_음모의실체1	0	4945	1860	0	0	0	0	0	0	0	0	0	0	0	0	0	0	0	0	0	0	0	0	0	0	0	0	0	0					
	3169	#9음모의실체2	0	4945	1980	0	0	0	0	0	0	0	0	0	0	0	0	0	0	0	0	0	0	0	0	0	0	0	0	0	0					
//									0	0									0			0			0			0			0					
//									0	0									0			0			0			0			0					
	3170	#1오염된땅의조사관	0	4104	1920	0	0	0	0	0	0	4002	3	0	0	0	0	0	0	0	0	0	0	0	0	0	0	0	0	0	0					
	3171	#2검은숲병사제거	0	4104	2100	0	0	0	0	0	0	4002	3	0	0	0	0	0	0	0	0	0	0	0	0	0	0	0	0	0	0					
	3172	#3이상한움직임1	0	4104	2280	0	0	0	0	0	0	4002	3	0	0	0	0	0	0	0	0	0	0	0	0	0	0	0	0	0	0					
	3173	#4이상한움직임2	0	5821	2100	0	0	0	0	0	0	4002	3	0	0	0	0	0	0	0	0	0	0	0	0	0	0	0	0	0	0					
	3174	#1연금술사제르니케	0	5821	1920	0	0	0	0	0	0	0	0	0	0	0	0	0	0	0	0	0	0	0	0	0	0	0	0	0	0					
	3175	#2연금술사의부탁	0	7762	2220	0	0	0	0	0	0	0	0	0	0	0	0	0	0	0	0	0	0	0	0	0	0	0	0	0	0					
	3176	#3에테르정화1	0	8196	2340	0	0	0	0	0	0	0	0	0	0	0	0	0	0	0	0	0	0	0	0	0	0	0	0	0	0					
	3177	#4에테르정화2	0	8196	2400	0	0	0	0	0	0	0	0	0	0	0	0	0	0	0	0	0	0	0	0	0	0	0	0	0	0					
	3178	#6정화된에테르	0	10928	2220	0	0	0	0	0	0	0	0	0	0	1	40421	5	0	0	0	0	0	0	0	0	0	0	0	0	0					
	3179	서브미션3_#7음모의분쇄	0	55000	7200	0	0	0	0	0	0	40394	1	0	0	1	40421	2	0	40420	1	0	0	0	0	0	0	0	0	0	0					
	3180	서브미션3_#7-1음모의분쇄	0	55000	7200	0	0	0	0	0	0	40394	1	0	0	0	0	0	0	0	0	0	0	0	0	0	0	0	0	0	0					
	3181	#8저지된음모	0	19121	2280	0	0	0	0	0	0	0	0	0	0	0	0	0	0	0	0	0	0	0	0	0	0	0	0	0	0					
//									0	0									0			0			0			0			0					
//									0	0									0			0			0			0			0					
	3182	#1현자지망생의부탁	0	14504	2700	0	0	0	0	0	0	0	0	0	0	0	0	0	0	0	0	0	0	0	0	0	0	0	0	0	0					
	3183	#2현자지망생의실험	0	14504	2640	0	0	0	0	0	0	4002	3	0	0	0	0	0	0	0	0	0	0	0	0	0	0	0	0	0	0					
	3184	#3현자의평가	0	14504	2580	0	0	0	0	0	0	4002	3	0	0	0	0	0	0	0	0	0	0	0	0	0	0	0	0	0	0					
	3185	#1윰바바의마음	0	14504	2700	0	0	0	0	0	0	4002	3	0	0	0	0	0	0	0	0	0	0	0	0	0	0	0	0	0	0					
	3186	#2윰바바가여자야?	0	14504	2460	0	0	0	0	0	0	4002	3	0	0	0	0	0	0	0	0	0	0	0	0	0	0	0	0	0	0					
	3187	#3윰바바의저주	0	14504	2700	0	0	0	0	0	0	4002	3	0	0	0	0	0	0	0	0	0	0	0	0	0	0	0	0	0	0					
//									0	0									0			0			0			0			0					
	3188	#1에텔레인동맹제안	0	16511	2520	0	0	0	0	0	0	0	0	0	0	0	0	0	0	0	0	0	0	0	0	0	0	0	0	0	0					
	3189	#2동맹의증거1	0	16511	2820	0	0	0	0	0	0	0	0	0	0	0	0	0	0	0	0	0	0	0	0	0	0	0	0	0	0					
	3190	#3동맹의증거2	0	16511	2880	0	0	0	0	0	0	0	0	0	0	0	0	0	0	0	0	0	0	0	0	0	0	0	0	0	0					
	3191	#4동맹의증거3	0	18681	3000	0	0	0	0	0	0	0	0	0	0	0	0	0	0	0	0	0	0	0	0	0	0	0	0	0	0					
	3192	#5현자의도움	0	18681	2760	0	0	0	0	0	0	0	0	0	0	0	0	0	0	0	0	0	0	0	0	0	0	0	0	0	0					
	3193	#6협력의조건	0	18681	3000	0	0	0	0	0	0	0	0	0	0	1	40421	1	0	0	0	0	0	0	0	0	0	0	0	0	0					
	3194	#7확고한동맹	0	20979	2880	0	0	0	0	0	0	0	0	0	0	1	40420	1	0	0	0	0	0	0	0	0	0	0	0	0	0					
	3195	메인미션_#8야수들의숲	0	70000	10440	0	0	0	0	0	0	40414	1	0	0	1	40395	1	0	0	0	0	0	0	0	0	0	0	0	0	0					
	3196	메인미션_#8-1야수들의숲	0	70000	10440	0	0	0	0	0	0	40395	1	0	0	0	0	0	0	0	0	0	0	0	0	0	0	0	0	0	0					
	3197	#9거짓된동맹	0	39022	3000	0	0	0	0	0	0	0	0	0	0	0	0	0	0	0	0	0	0	0	0	0	0	0	0	0	0					
	3198	#10_트링겔마을	0	39022	3060	0	0	0	0	0	0	0	0	0	0	0	0	0	0	0	0	0	0	0	0	0	0	0	0	0	0					
//									0	0									0			0			0			0			0					
//									0	0									0			0			0			0			0					
	3199	#1빌려준지팡이	0	25946	3360	0	0	0	0	0	0	0	0	0	0	0	0	0	0	0	0	0	0	0	0	0	0	0	0	0	0					
	3200	#2내실수!	0	34618	3500	0	0	0	0	0	0	4017	1	0	0	1	4022	1	0	0	0	0	0	0	0	0	0	0	0	0	0					
	3201	#1배고픈지하수로관리인	0	25946	3360	0	0	0	0	0	0	0	0	0	0	0	0	0	0	0	0	0	0	0	0	0	0	0	0	0	0					
	3202	#2아차!	0	34618	3500	0	0	0	0	0	0	4017	1	0	0	1	4027	1	0	0	0	0	0	0	0	0	0	0	0	0	0					
//									0	0									0			0			0			0			0					
	3203	#1배신의에텔레인	0	30627	3780	0	0	0	0	0	0	0	0	0	0	0	0	0	0	0	0	0	0	0	0	0	0	0	0	0	0					
	3204	#2에텔레인첩자잡기	0	31973	4060	0	0	0	0	0	0	0	0	0	0	0	0	0	0	0	0	0	0	0	0	0	0	0	0	0	0					
	3205	#2-1첩자로젠펠트	0	31973	3990	0	0	0	0	0	0	4002	3	0	0	0	0	0	0	0	0	0	0	0	0	0	0	0	0	0	0					
	3206	#2-2첩자알론카터	0	33973	4060	0	0	0	0	0	0	4002	3	0	0	0	0	0	0	0	0	0	0	0	0	0	0	0	0	0	0					
	3207	#3빼앗은정보	0	33973	3920	0	0	0	0	0	0	0	0	0	0	0	0	0	0	0	0	0	0	0	0	0	0	0	0	0	0					
	3208	#4지원병	0	34973	3990	0	0	0	0	0	0	0	0	0	0	0	0	0	0	0	0	0	0	0	0	0	0	0	0	0	0					
	3209	#5숨겨진길을찾아서1	0	34973	3990	0	0	0	0	0	0	0	0	0	0	0	0	0	0	0	0	0	0	0	0	0	0	0	0	0	0					
	3210	#6숨겨진길을찾아서2	0	36973	4060	0	0	0	0	0	0	0	0	0	0	0	0	0	0	0	0	0	0	0	0	0	0	0	0	0	0					
	3211	#7숨겨진길을찾아서3	0	37973	4130	0	0	0	0	0	0	0	0	0	0	1	4017	1	0	4027	1	0	0	0	0	0	0	0	0	0	0					
	3212	#8[미션숨겨진길]숨겨진길의감시자발터	0	100000	11760	0	0	0	0	0	0	40396	1	0	0	0	0	0	0	0	0	0	0	0	0	0	0	0	0	0	0					
	3213	#8-1미션숨겨진길]숨겨진길의감시자발터(반복)	0	100000	11760	0	0	0	0	0	0	40396	1	0	0	0	0	0	0	0	0	0	0	0	0	0	0	0	0	0	0					
	3214	#9지하수로의지도	0	58026	4340	0	0	0	0	0	0	0	0	0	0	0	0	0	0	0	0	0	0	0	0	0	0	0	0	0	0					
//									0	0									0			0			0			0			0					
	3215	#1에텔레인진입작전	0	38017	4270	0	0	0	0	0	0	0	0	0	0	0	0	0	0	0	0	0	0	0	0	0	0	0	0	0	0					
	3216	#2혼란의통로를향해	0	40510	4340	0	0	0	0	0	0	4002	3	0	0	0	0	0	0	0	0	0	0	0	0	0	0	0	0	0	0					
	3217	#3부상당한정찰병	0	42510	4410	0	0	0	0	0	0	4002	5	0	0	0	0	0	0	0	0	0	0	0	0	0	0	0	0	0	0					
	3218	#4레이디슈페른휘겔	0	38017	4480	0	0	0	0	0	0	0	0	0	0	0	0	0	0	0	0	0	0	0	0	0	0	0	0	0	0					
	3219	#5접선장소는?	0	58833	4550	0	0	0	0	0	0	0	0	0	0	1	4017	3	0	4027	3	0	4041	3	0	0	0	0	0	0	0					
	3220	#5-1습격당한정찰병시체탐색1	0	0	4620	0	0	0	0	0	0	0	0	0	0	0	0	0	0	0	0	0	0	0	0	0	0	0	0	0	0					
	3221	#5-2습격당한정찰병시체탐색2	0	0	4620	0	0	0	0	0	0	0	0	0	0	0	0	0	0	0	0	0	0	0	0	0	0	0	0	0	0					
	3222	#5-3습격당한정찰병시체탐색3	0	0	4620	0	0	0	0	0	0	0	0	0	0	0	0	0	0	0	0	0	0	0	0	0	0	0	0	0	0					
	3223	#5-4습격당한정찰병시체탐색4	0	0	4620	0	0	0	0	0	0	0	0	0	0	0	0	0	0	0	0	0	0	0	0	0	0	0	0	0	0					
	3224	#5-5습격당한정찰병시체탐색5	0	0	4620	0	0	0	0	0	0	0	0	0	0	0	0	0	0	0	0	0	0	0	0	0	0	0	0	0	0					
	3225	#5-6습격당한정찰병시체탐색6	0	0	4620	0	0	0	0	0	0	0	0	0	0	0	0	0	0	0	0	0	0	0	0	0	0	0	0	0	0					
	3226	#6슈페른휘겔	0	50624	4620	0	0	0	0	0	0	0	0	0	0	0	0	0	0	0	0	0	0	0	0	0	0	0	0	0	0					
	3227	#7가짜?	0	50624	4690	0	0	0	0	0	0	0	0	0	0	1	4017	3	0	4027	3	0	4041	3	0	0	0	0	0	0	0					
	3228	#8[미션에텔레인진입로]여주인로제마리	0	130000	12880	0	0	0	0	0	0	40397	1	0	0	0	0	0	0	0	0	0	0	0	0	0	0	0	0	0	0					
	3229	#8-1[미션에텔레인진입로]여주인로제마리(반복)	0	130000	12880	0	0	0	0	0	0	40397	1	0	0	0	0	0	0	0	0	0	0	0	0	0	0	0	0	0	0					
	3230	#9사라진선발대	0	50624	4830	0	0	0	0	0	0	0	0	0	0	0	0	0	0	0	0	0	0	0	0	0	0	0	0	0	0					
//									0	0									0			0			0			0			0					
	3231	#1선발대는어디로?	0	61547	4690	0	0	0	0	0	0	0	0	0	0	0	0	0	0	0	0	0	0	0	0	0	0	0	0	0	0					
	3232	#2설마모두전멸?	0	65130	4760	0	0	0	0	0	0	0	0	0	0	0	0	0	0	0	0	0	0	0	0	0	0	0	0	0	0					
	3233	#3감시병폴머의증언	0	65130	4830	0	0	0	0	0	0	0	0	0	0	0	0	0	0	0	0	0	0	0	0	0	0	0	0	0	0					
	3234	#4증언1.고문관들이잡아갔어요!(채집)	0	71809	4900	0	0	0	0	0	0	0	0	0	0	0	0	0	0	0	0	0	0	0	0	0	0	0	0	0	0					
	3235	#5증언2.목격자는지그문트	0	71909	4970	0	0	0	0	0	0	0	0	0	0	0	0	0	0	0	0	0	0	0	0	0	0	0	0	0	0					
	3236	#6증언3.유령들이..	0	72909	5040	0	0	0	0	0	0	40421	1	0	0	1	40420	1	0	0	0	0	0	0	0	0	0	0	0	0	0					
	3237	#7[미션시겔기사단의묘지]단장에르문트	0	150000	13580	0	0	0	0	0	0	40398	1	0	0	0	0	0	0	0	0	0	0	0	0	0	0	0	0	0	0					
	3238	#7-1[미션시겔기사단의묘지]단장에르문트(반복)	0	150000	13580	0	0	0	0	0	0	40398	1	0	0	0	0	0	0	0	0	0	0	0	0	0	0	0	0	0	0					
	3239	#8영원한안식	0	121177	5180	0	0	0	0	0	0	0	0	0	0	0	0	0	0	0	0	0	0	0	0	0	0	0	0	0	0					
//									0	0									0			0			0			0			0					
	3240	감시병폴머의증언완료후_#1겁에질린전령	0	80967	4830	0	0	0	0	0	0	0	0	0	0	0	0	0	0	0	0	0	0	0	0	0	0	0	0	0	0					
	3241	#2잃어버린기밀문서	0	107956	4900	0	0	0	0	0	0	0	0	0	0	0	0	0	0	0	0	0	0	0	0	0	0	0	0	0	0					
	3242	#2-1기밀문서1	0	80967	4970	0	0	0	0	0	0	0	0	0	0	0	0	0	0	0	0	0	0	0	0	0	0	0	0	0	0					
	3243	#2-2기밀문서2	0	80967	4970	0	0	0	0	0	0	0	0	0	0	0	0	0	0	0	0	0	0	0	0	0	0	0	0	0	0					
	3244	#3진격준비	0	89680	4970	0	0	0	0	0	0	0	0	0	0	1	4017	3	0	4027	3	0	4041	3	0	0	0	0	0	0	0					
	3245	#4[메인미션지하수로]오토폰로쉬펠트	0	200000	15540	0	0	0	0	0	0	40399	1	0	0	0	0	0	0	0	0	0	0	0	0	0	0	0	0	0	0					
	3246	#4-1[메인미션지하수로]오토폰로쉬펠트(반복)	0	200000	15540	0	0	0	0	0	0	40399	1	0	0	0	0	0	0	0	0	0	0	0	0	0	0	0	0	0	0					
	3247	#5에텔레인입성	0	89680	5110	0	0	0	0	0	0	0	0	0	0	0	0	0	0	0	0	0	0	0	0	0	0	0	0	0	0					
//									0	0									0			0			0			0			0					
	3248	#1에텔레인점령시작	0	98887	6640	0	0	0	0	0	0	0	0	0	0	0	0	0	0	0	0	0	0	0	0	0	0	0	0	0	0					
	3249	#2친제국세력제거	0	131849	6720	0	0	0	0	0	0	4003	3	0	0	0	0	0	0	0	0	0	0	0	0	0	0	0	0	0	0					
	3250	#2-1비트레이	0	118801	6800	0	0	0	0	0	0	4003	3	0	0	0	0	0	0	0	0	0	0	0	0	0	0	0	0	0	0					
	3251	#2-2리볼팅	0	118801	6800	0	0	0	0	0	0	4003	3	0	0	0	0	0	0	0	0	0	0	0	0	0	0	0	0	0	0					
	3252	#2-3턴코트	0	0	6800	0	0	0	0	0	0	0	0	0	0	0	0	0	0	0	0	0	0	0	0	0	0	0	0	0	0					
	3253	2-4스테빈	0	0	6800	0	0	0	0	0	0	0	0	0	0	0	0	0	0	0	0	0	0	0	0	0	0	0	0	0	0					
	3254	#3도망친의원	0	118801	6800	0	0	0	0	0	0	4003	3	0	0	1	4017	3	0	4027	3	0	4041	3	0	0	0	0	0	0	0					
//									0	0									0			0			0			0			0					
	3255	#1연합군의진격작전	0	118592	6800	0	0	0	0	0	0	0	0	0	0	0	0	0	0	0	0	0	0	0	0	0	0	0	0	0	0					
	3256	#2보급품을확보하라_채집	0	119592	6880	0	0	0	0	0	0	0	0	0	0	0	0	0	0	0	0	0	0	0	0	0	0	0	0	0	0					
	3257	#3정찰대장하트먼_	0	129992	6960	0	0	0	0	0	0	0	0	0	0	0	0	0	0	0	0	0	0	0	0	0	0	0	0	0	0					
	3258	#3-1하트윈!제국전령은?	0	158404	6960	0	0	0	0	0	0	0	0	0	0	0	0	0	0	0	0	0	0	0	0	0	0	0	0	0	0					
	3259	#3-1-1백색의마법사_완료	0	129539	6960	0	0	0	0	0	0	4003	3	0	0	1	4017	3	0	4027	3	0	4041	3	0	0	0	0	0	0	0					
	3260	#4혹시!탈영병!	0	158404	7040	0	0	0	0	0	0	0	0	0	0	0	0	0	0	0	0	0	0	0	0	0	0	0	0	0	0					
	3261	#5-1기밀문서의행방_완료	0	139539	7120	0	0	0	0	0	0	4003	3	0	0	1	4017	3	0	4027	3	0	4041	3	0	0	0	0	0	0	0					
	3262	#5하트먼의실수	0	139539	7120	0	0	0	0	0	0	0	0	0	0	0	0	0	0	0	0	0	0	0	0	0	0	0	0	0	0					
	3263	#6제국전령을찾아라!	0	159539	7200	0	0	0	0	0	0	0	0	0	0	0	0	0	0	0	0	0	0	0	0	0	0	0	0	0	0					
	3264	#7제국전령을막아라!	0	140794	7280	0	0	0	0	0	0	0	0	0	0	0	0	0	0	0	0	0	0	0	0	0	0	0	0	0	0					
	3265	#8미션제국전령제지	0	450000	18560	0	0	0	0	0	0	40400	1	0	0	0	0	0	0	0	0	0	0	0	0	0	0	0	0	0	0					
	3266	#8-1미션제국전령제지	0	450000	18560	0	0	0	0	0	0	40400	1	0	0	0	0	0	0	0	0	0	0	0	0	0	0	0	0	0	0					
	3267	#9실패한작전	0	162612	7440	0	0	0	0	0	0	40421	1	0	0	0	0	0	0	0	0	0	0	0	0	0	0	0	0	0	0					
	3268	#10진격준비	0	140794	7520	0	0	0	0	0	0	40420	1	0	0	0	0	0	0	0	0	0	0	0	0	0	0	0	0	0	0					
//									0	0									0			0			0			0			0					
	3269	#1적의움직임	0	182612	7280	0	0	0	0	0	0	0	0	0	0	0	0	0	0	0	0	0	0	0	0	0	0	0	0	0	0					
	3270	#2-1탈영병의죽음	0	164969	7360	0	0	0	0	0	0	0	0	0	0	0	0	0	0	0	0	0	0	0	0	0	0	0	0	0	0					
	3271	#2-2탈영병의죽음조사	0	174969	7360	0	0	0	0	0	0	0	0	0	0	0	0	0	0	0	0	0	0	0	0	0	0	0	0	0	0					
	3272	#2-3클라우디아에게편지를	0	184969	7440	0	0	0	0	0	0	4018	1	0	0	0	0	0	0	0	0	0	0	0	0	0	0	0	0	0	0					
	3273	#2-4휘태커의복수	0	194969	7520	0	0	0	0	0	0	4018	1	0	0	0	0	0	0	0	0	0	0	0	0	0	0	0	0	0	0					
	3274	#2엘리스의정보	0	197911	7360	0	0	0	0	0	0	4018	3	0	0	1	4023	3	0	4028	3	0	4037	3	0	4042	3	0	0	0	0					
	3275	#3설원궁전의정보1	0	207911	7440	0	0	0	0	0	0	4018	3	0	0	1	4023	3	0	4028	3	0	4037	3	0	4042	3	0	0	0	0					
	3276	#4설원궁전의정보2	0	217911	7520	0	0	0	0	0	0	4018	3	0	0	1	4023	3	0	4028	3	0	4037	3	0	4042	3	0	0	0	0					
//									0	0									0			0			0			0			0					
	3277	#1길을잃은수색병	0	191436	7600	0	0	0	0	0	0	0	0	0	0	0	0	0	0	0	0	0	0	0	0	0	0	0	0	0	0					
	3278	#2-1동료들은어디에?	0	201436	7680	0	0	0	0	0	0	0	0	0	0	1	40421	1	0	0	0	0	0	0	0	0	0	0	0	0	0					
	3279	#2-1-1길을잃은수색병샘	0	191436	7760	0	0	0	0	0	0	0	0	0	0	1	40420	1	0	0	0	0	0	0	0	0	0	0	0	0	0					
	3280	#2-1-2길을잃은수색병폴	0	205581	7680	0	0	0	0	0	0	0	0	0	0	1	40420	1	0	0	0	0	0	0	0	0	0	0	0	0	0					
	3281	#2-1-3폴의부탁	0	205581	7760	0	0	0	0	0	0	0	0	0	0	1	40421	1	0	0	0	0	0	0	0	0	0	0	0	0	0					
	3282	#2정원탈출	0	205581	7680	0	0	0	0	0	0	0	0	0	0	0	0	0	0	0	0	0	0	0	0	0	0	0	0	0	0					
	3283	#3전투준비	0	220319	7760	0	0	0	0	0	0	4018	3	0	0	1	4023	3	0	4028	3	0	4037	3	0	4042	3	0	0	0	0					
	3284	#4성외곽전투	0	220319	7840	0	0	0	0	0	0	0	0	0	0	0	0	0	0	0	0	0	0	0	0	0	0	0	0	0	0					
	3285	#5미션성외곽에서의전투	0	500000	19680	0	0	0	0	0	0	40401	1	0	0	0	0	0	0	0	0	0	0	0	0	0	0	0	0	0	0					
	3286	#5-1미션성외곽에서의전투	0	500000	19680	0	0	0	0	0	0	40401	1	0	0	0	0	0	0	0	0	0	0	0	0	0	0	0	0	0	0					
	3287	#6설원궁전의음모	0	205581	8000	0	0	0	0	0	0	0	0	0	0	0	0	0	0	0	0	0	0	0	0	0	0	0	0	0	0					
	3288	#1수상한기계실	0	235666	8080	0	0	0	0	0	0	4003	5	0	0	0	0	0	0	0	0	0	0	0	0	0	0	0	0	0	0					
	3289	#2기계실파괴1_채집	0	265666	8160	0	0	0	0	0	0	0	0	0	0	0	0	0	0	0	0	0	0	0	0	0	0	0	0	0	0					
	3290	#3기계실파괴2_채집	0	285666	8240	0	0	0	0	0	0	0	0	0	0	0	0	0	0	0	0	0	0	0	0	0	0	0	0	0	0					
	3291	#4에테르플래트를찾아라1	0	251664	8320	0	0	0	0	0	0	0	0	0	0	0	0	0	0	0	0	0	0	0	0	0	0	0	0	0	0					
	3292	#5에테르플랜트를찾아라2_채집	0	281664	8400	0	0	0	0	0	0	0	0	0	0	0	0	0	0	0	0	0	0	0	0	0	0	0	0	0	0					
	3293	#6에테르플래트를찾아라2_채집	0	301664	8480	0	0	0	0	0	0	0	0	0	0	0	0	0	0	0	0	0	0	0	0	0	0	0	0	0	0					
	3294	#7설원2차진격준비	0	268314	8560	0	0	0	0	0	0	0	0	0	0	0	0	0	0	0	0	0	0	0	0	0	0	0	0	0	0					
	3295	#8미션설원2차진격	0	550000	21120	0	0	0	0	0	0	40402	1	0	0	0	0	0	0	0	0	0	0	0	0	0	0	0	0	0	0					
	3296	#8-1미션설원3차진격	0	550000	21120	0	0	0	0	0	0	40402	1	0	0	0	0	0	0	0	0	0	0	0	0	0	0	0	0	0	0					
	3297	#9에테르플랜트는어디로?	0	285646	8720	0	0	0	0	0	0	0	0	0	0	0	0	0	0	0	0	0	0	0	0	0	0	0	0	0	0					
	3298	#10다시탐색!	0	285646	8800	0	0	0	0	0	0	0	0	0	0	0	0	0	0	0	0	0	0	0	0	0	0	0	0	0	0					
//									0	0									0			0			0			0			0					
	3299	#1폐허의탑	0	285646	9360	0	0	0	0	0	0	0	0	0	0	0	0	0	0	0	0	0	0	0	0	0	0	0	0	0	0					
	3300	#2폐허의탑의탐색	0	285646	9440	0	0	0	0	0	0	0	0	0	0	0	0	0	0	0	0	0	0	0	0	0	0	0	0	0	0					
	3301	#2-1남쪽탐색병의위치확인	0	303627	9440	0	0	0	0	0	0	4018	3	0	0	1	40421	1	0	0	0	0	0	0	0	0	0	0	0	0	0					
	3302	#2-1-1얼음폭포부족제거	0	303627	9520	0	0	0	0	0	0	0	0	0	0	0	0	0	0	0	0	0	0	0	0	0	0	0	0	0	0					
	3303	#2-1-2남쪽탐색병의위치확인	0	303627	9600	0	0	0	0	0	0	0	0	0	0	0	0	0	0	0	0	0	0	0	0	0	0	0	0	0	0					
	3304	#2-2서쪽탐색병의위치확인	0	322328	9440	0	0	0	0	0	0	4003	3	0	0	1	40420	1	0	0	0	0	0	0	0	0	0	0	0	0	0					
	3305	#2-2-1수정터널부족제거	0	322328	9520	0	0	0	0	0	0	0	0	0	0	0	0	0	0	0	0	0	0	0	0	0	0	0	0	0	0					
	3306	#2-2-2경비대장	0	322328	9600	0	0	0	0	0	0	0	0	0	0	0	0	0	0	0	0	0	0	0	0	0	0	0	0	0	0					
	3307	#2-3북쪽탐색병의위치확인	0	341690	9440	0	0	0	0	0	0	40422	1	0	0	0	0	0	0	0	0	0	0	0	0	0	0	0	0	0	0					
	3308	#2-3-1얼음호수부족	0	341690	9520	0	0	0	0	0	0	0	0	0	0	0	0	0	0	0	0	0	0	0	0	0	0	0	0	0	0					
	3309	#2-3-2갈로틴	0	341690	9600	0	0	0	0	0	0	0	0	0	0	0	0	0	0	0	0	0	0	0	0	0	0	0	0	0	0					
	3310	#3에테르플랜트의정보	0	361814	9520	0	0	0	0	0	0	0	0	0	0	0	0	0	0	0	0	0	0	0	0	0	0	0	0	0	0					
	3311	#4에테르플랜트의흔적추적1_채집	0	361814	9600	0	0	0	0	0	0	0	0	0	0	0	0	0	0	0	0	0	0	0	0	0	0	0	0	0	0					
	3312	#5에테르플랜트연구일지	0	361814	9680	0	0	0	0	0	0	0	0	0	0	1	40421	1	0	0	0	0	0	0	0	0	0	0	0	0	0					
	3313	#6얼음수정궁전돌파!	0	382622	9760	0	0	0	0	0	0	0	0	0	0	1	40420	1	0	0	0	0	0	0	0	0	0	0	0	0	0					
	3314	#7미션얼음수정궁전!	0	600000	25920	0	0	0	0	0	0	40403	1	0	0	0	0	0	0	0	0	0	0	0	0	0	0	0	0	0	0					
	3315	#7-1미션얼음수정궁전!	0	600000	25920	0	0	0	0	0	0	40403	1	0	0	0	0	0	0	0	0	0	0	0	0	0	0	0	0	0	0					
	3316	#8에텔레인으로	0	382622	9920	0	0	0	0	0	0	0	0	0	0	0	0	0	0	0	0	0	0	0	0	0	0	0	0	0	0					
//									0	0									0			0			0			0			0					
//									0	0									0			0			0			0			0					
	3317	#1경비대장의부름	0	450000	11610	0	0	0	0	0	0	0	0	0	0	0	0	0	0	0	0	0	0	0	0	0	0	0	0	0	0					
	3318	#2용족계곡의명령서전달	0	450000	11700	0	0	0	0	0	0	4019	1	0	0	0	0	0	0	0	0	0	0	0	0	0	0	0	0	0	0					
	3319	#3고룡무덤의정찰속도점검1	0	450000	11790	0	0	0	0	0	0	4024	1	0	0	0	0	0	0	0	0	0	0	0	0	0	0	0	0	0	0					
	3320	#4고룡무덤의정찰속도점검2	0	450000	11880	0	0	0	0	0	0	4029	1	0	0	0	0	0	0	0	0	0	0	0	0	0	0	0	0	0	0					
	3321	#5고룡무덤정찰대장의고민	0	450000	11970	0	0	0	0	0	0	4038	1	0	0	0	0	0	0	0	0	0	0	0	0	0	0	0	0	0	0					
	3322	#5-1정찰병젠	0	450000	11970	0	0	0	0	0	0	4043	1	0	0	0	0	0	0	0	0	0	0	0	0	0	0	0	0	0	0					
	3323	#5-1-1화염의켈베로스	0	450000	12060	0	0	0	0	0	0	0	0	0	0	0	0	0	0	0	0	0	0	0	0	0	0	0	0	0	0					
	3324	#5-1-2젠의보고	0	450000	12150	0	0	0	0	0	0	0	0	0	0	0	0	0	0	0	0	0	0	0	0	0	0	0	0	0	0					
	3325	#5-2정찰병제크	0	450000	11970	0	0	0	0	0	0	40423	1	0	0	0	0	0	0	0	0	0	0	0	0	0	0	0	0	0	0					
	3326	#5-2-1화염의켈베로스	0	450000	12060	0	0	0	0	0	0	0	0	0	0	0	0	0	0	0	0	0	0	0	0	0	0	0	0	0	0					
	3327	#5-2-2제크의보고	0	450000	12150	0	0	0	0	0	0	0	0	0	0	0	0	0	0	0	0	0	0	0	0	0	0	0	0	0	0					
	3328	#6전령에게로	0	450000	12060	0	0	0	0	0	0	0	0	0	0	0	0	0	0	0	0	0	0	0	0	0	0	0	0	0	0					
	3329	#7전령의보고	0	450000	12150	0	0	0	0	0	0	0	0	0	0	0	0	0	0	0	0	0	0	0	0	0	0	0	0	0	0					
	3330	#1카르완의분화구	0	450000	11970	0	0	0	0	0	0	0	0	0	0	0	0	0	0	0	0	0	0	0	0	0	0	0	0	0	0					
	3331	#2돌격병유해수습_채집	0	450000	12060	0	0	0	0	0	0	4003	3	0	0	0	0	0	0	0	0	0	0	0	0	0	0	0	0	0	0					
	3332	#3용족의행방찾기1	0	450000	12150	0	0	0	0	0	0	4003	3	0	0	1	4019	1	0	0	0	0	0	0	0	0	0	0	0	0	0					
	3333	#4용족의행방찾기2	0	450000	12240	0	0	0	0	0	0	4003	3	0	0	1	4029	1	0	0	0	0	0	0	0	0	0	0	0	0	0					
	3334	#5발키리의심	0	450000	12330	0	0	0	0	0	0	0	0	0	0	0	0	0	0	0	0	0	0	0	0	0	0	0	0	0	0					
	3335	#6용족반란군과발키리?	0	450000	12420	0	0	0	0	0	0	0	0	0	0	1	40420	1	0	0	0	0	0	0	0	0	0	0	0	0	0					
	3336	#7미션계곡입구정찰	0	600000	29340	0	0	0	0	0	0	40404	1	0	0	0	0	0	0	0	0	0	0	0	0	0	0	0	0	0	0					
	3337	#7-1미션계곡입구정찰	0	600000	29340	0	0	0	0	0	0	40404	1	0	0	0	0	0	0	0	0	0	0	0	0	0	0	0	0	0	0					
	3338	#8불신의결과	0	450000	12600	0	0	0	0	0	0	0	0	0	0	0	0	0	0	0	0	0	0	0	0	0	0	0	0	0	0					
	3339	#9전령에게	0	450000	12690	0	0	0	0	0	0	0	0	0	0	0	0	0	0	0	0	0	0	0	0	0	0	0	0	0	0					
	3340	#10붉은용암의계곡	0	450000	12780	0	0	0	0	0	0	0	0	0	0	0	0	0	0	0	0	0	0	0	0	0	0	0	0	0	0					
//									0	0									0			0			0			0			0					
	3341	#1발키리클랜의의혹	0	450000	12690	0	0	0	0	0	0	0	0	0	0	0	0	0	0	0	0	0	0	0	0	0	0	0	0	0	0					
	3342	#2정령의흔적추적1	0	450000	12780	0	0	0	0	0	0	0	0	0	0	0	0	0	0	0	0	0	0	0	0	0	0	0	0	0	0					
	3343	#3정령의흔적추적2	0	450000	12870	0	0	0	0	0	0	0	0	0	0	0	0	0	0	0	0	0	0	0	0	0	0	0	0	0	0					
	3344	#4정령의흔적추적3	0	450000	12960	0	0	0	0	0	0	0	0	0	0	0	0	0	0	0	0	0	0	0	0	0	0	0	0	0	0					
	3345	#5발키리클랜의정찰병라이라	0	450000	13050	0	0	0	0	0	0	0	0	0	0	0	0	0	0	0	0	0	0	0	0	0	0	0	0	0	0					
	3346	#6결백주장!	0	450000	13140	0	0	0	0	0	0	0	0	0	0	0	0	0	0	0	0	0	0	0	0	0	0	0	0	0	0					
	3347	#7미션추격의실마리!	0	700000	30780	0	0	0	0	0	0	40405	1	0	0	0	0	0	0	0	0	0	0	0	0	0	0	0	0	0	0					
	3348	#7-1미션추격의실마리!	0	700000	30780	0	0	0	0	0	0	40405	1	0	0	0	0	0	0	0	0	0	0	0	0	0	0	0	0	0	0					
	3349	#8발키리클랜의무죄입증	0	450000	13320	0	0	0	0	0	0	0	0	0	0	0	0	0	0	0	0	0	0	0	0	0	0	0	0	0	0					
	3350	#9울부짖는골짜기의수색병	0	450000	13410	0	0	0	0	0	0	0	0	0	0	0	0	0	0	0	0	0	0	0	0	0	0	0	0	0	0					
//									0	0									0			0			0			0			0					
	3351	#1울부짖는골짜기	0	450000	13230	0	0	0	0	0	0	0	0	0	0	0	0	0	0	0	0	0	0	0	0	0	0	0	0	0	0					
	3352	#2붙잡힌수색병_#2-2완료조건	0	450000	13320	0	0	0	0	0	0	0	0	0	0	0	0	0	0	0	0	0	0	0	0	0	0	0	0	0	0					
	3353	#2-1붙잡힌수색병	0	450000	13410	0	0	0	0	0	0	0	0	0	0	0	0	0	0	0	0	0	0	0	0	0	0	0	0	0	0					
	3354	#2-1-1첩자고문준비	0	500000	13500	0	0	0	0	0	0	0	0	0	0	0	0	0	0	0	0	0	0	0	0	0	0	0	0	0	0					
	3355	#2-1-2첩자고문_반복9회	0	500000	13590	0	0	0	0	0	0	0	0	0	0	0	0	0	0	0	0	0	0	0	0	0	0	0	0	0	0					
	3356	#2-1-3첩자고문	0	500000	13680	0	0	0	0	0	0	0	0	0	0	0	0	0	0	0	0	0	0	0	0	0	0	0	0	0	0					
	3357	#2-2붙잡힌수색병	0	500000	13320	0	0	0	0	0	0	63014	1	0	0	0	0	0	0	0	0	0	0	0	0	0	0	0	0	0	0					
	3358	#2-2-1붙잡힌수색병2	0	500000	13410	0	0	0	0	0	0	0	0	0	0	0	0	0	0	0	0	0	0	0	0	0	0	0	0	0	0					
	3359	#2-2-2붙잡힌용족	0	500000	13500	0	0	0	0	0	0	0	0	0	0	0	0	0	0	0	0	0	0	0	0	0	0	0	0	0	0					
	3360	#3붙잡힌용족?	0	500000	13410	0	0	0	0	0	0	40420	1	0	0	0	0	0	0	0	0	0	0	0	0	0	0	0	0	0	0					
	3361	#4발키리는관계없다	0	500000	13500	0	0	0	0	0	0	40421	1	0	0	0	0	0	0	0	0	0	0	0	0	0	0	0	0	0	0					
	3362	#5용족의유산_채집	0	500000	13590	0	0	0	0	0	0	0	0	0	0	0	0	0	0	0	0	0	0	0	0	0	0	0	0	0	0					
	3363	#6미션용족수장구출	0	800000	31680	0	0	0	0	0	0	40406	1	0	0	0	0	0	0	0	0	0	0	0	0	0	0	0	0	0	0					
	3364	#6-1미션용족수장구출	0	800000	31680	0	0	0	0	0	0	40406	1	0	0	0	0	0	0	0	0	0	0	0	0	0	0	0	0	0	0					
	3365	#7용족수장구출전달	0	500000	13770	0	0	0	0	0	0	0	0	0	0	0	0	0	0	0	0	0	0	0	0	0	0	0	0	0	0					
	3366	#8계곡너머로	0	500000	13770	0	0	0	0	0	0	0	0	0	0	0	0	0	0	0	0	0	0	0	0	0	0	0	0	0	0					
//									0	0									0			0			0			0			0					
	3367	#1피의분화구	0	500000	13770	0	0	0	0	0	0	4019	1	0	0	0	0	0	0	0	0	0	0	0	0	0	0	0	0	0	0					
	3368	#2-1난발키리가싫다	0	500000	13860	0	0	0	0	0	0	4024	1	0	0	0	0	0	0	0	0	0	0	0	0	0	0	0	0	0	0					
	3369	#2-2이런시기에!	0	500000	13950	0	0	0	0	0	0	4029	1	0	0	0	0	0	0	0	0	0	0	0	0	0	0	0	0	0	0					
	3370	#2-3전투가끝나고만나자!	0	500000	14040	0	0	0	0	0	0	4038	1	0	0	0	0	0	0	0	0	0	0	0	0	0	0	0	0	0	0					
	3371	#2용기사단장의영혼	0	500000	13860	0	0	0	0	0	0	0	0	0	0	0	0	0	0	0	0	0	0	0	0	0	0	0	0	0	0					
	3372	#3영혼의보충	0	500000	13950	0	0	0	0	0	0	0	0	0	0	0	0	0	0	0	0	0	0	0	0	0	0	0	0	0	0					
	3373	#4방황하는용기사단장의영혼	0	500000	14040	0	0	0	0	0	0	0	0	0	0	0	0	0	0	0	0	0	0	0	0	0	0	0	0	0	0					
	3374	#4-1용기사단장의기억	0	500000	14130	0	0	0	0	0	0	0	1	0	0	0	0	0	0	0	0	0	0	0	0	0	0	0	0	0	0					
	3375	#4-2용기사단장의이성	0	500000	14220	0	0	0	0	0	0	0	1	0	0	0	0	0	0	0	0	0	0	0	0	0	0	0	0	0	0					
	3376	#5해방되지못한영혼1	0	500000	14130	0	0	0	0	0	0	0	0	0	0	0	0	0	0	0	0	0	0	0	0	0	0	0	0	0	0					
	3377	#6해방되지못한영혼2	0	500000	14220	0	0	0	0	0	0	0	0	0	0	0	0	0	0	0	0	0	0	0	0	0	0	0	0	0	0					
	3378	#7미션용족의계곡	0	1000000	35640	0	0	0	0	0	0	40407	1	0	0	0	0	0	0	0	0	0	0	0	0	0	0	0	0	0	0					
	3379	#7-1미션용족의계곡	0	1000000	35640	0	0	0	0	0	0	40407	1	0	0	0	0	0	0	0	0	0	0	0	0	0	0	0	0	0	0					
	3380	#8용족의계곡탈환보고	0	500000	14400	0	0	0	0	0	0	0	0	0	0	0	0	0	0	0	0	0	0	0	0	0	0	0	0	0	0					
//									0	0									0			0			0			0			0					
//									0	0									0			0			0			0			0					
	3381	#1-1묘지기스컬	0	500000	16300	0	0	0	0	0	0	4004	5	0	0	0	0	0	0	0	0	0	0	0	0	0	0	0	0	0	0					
	3382	#1-2묘지기스컬의부탁	0	500000	16300	0	0	0	0	0	0	4004	5	0	0	0	0	0	0	0	0	0	0	0	0	0	0	0	0	0	0					
	3383	#1-3부활하는시체_1-3-1완료조건	0	500000	16400	0	0	0	0	0	0	4004	5	0	0	0	0	0	0	0	0	0	0	0	0	0	0	0	0	0	0					
	3384	#1-3-1부활하는시체	0	500000	16500	0	0	0	0	0	0	4004	5	0	0	0	0	0	0	0	0	0	0	0	0	0	0	0	0	0	0					
	3385	#1-4묘지기의슬픔	0	500000	16600	0	0	0	0	0	0	4004	5	0	0	0	0	0	0	0	0	0	0	0	0	0	0	0	0	0	0					
	3386	#1-5다시한번생명을	0	500000	16700	0	0	0	0	0	0	4004	5	0	0	0	0	0	0	0	0	0	0	0	0	0	0	0	0	0	0					
	3387	#1-6[…]	0	500000	16800	0	0	0	0	0	0	4004	5	0	0	0	0	0	0	0	0	0	0	0	0	0	0	0	0	0	0					
	3388	#1타락한병사	0	550000	16300	0	0	0	0	0	0	0	0	0	0	0	0	0	0	0	0	0	0	0	0	0	0	0	0	0	0					
	3389	#2조사관애덤스	0	550000	16400	0	0	0	0	0	0	0	0	0	0	0	0	0	0	0	0	0	0	0	0	0	0	0	0	0	0					
	3390	#3오염된대지조사1_채집	0	550000	16500	0	0	0	0	0	0	0	0	0	0	0	0	0	0	0	0	0	0	0	0	0	0	0	0	0	0					
	3391	#4오염된대지조사2_채집	0	550000	16600	0	0	0	0	0	0	0	0	0	0	0	0	0	0	0	0	0	0	0	0	0	0	0	0	0	0					
	3392	#4-1이상한물체실험의뢰_완	0	550000	16100	0	0	0	0	0	0	0	0	0	0	0	0	0	0	0	0	0	0	0	0	0	0	0	0	0	0					
	3393	#5이상한물체의발견보고	0	550000	16700	0	0	0	0	0	0	0	0	0	0	0	0	0	0	0	0	0	0	0	0	0	0	0	0	0	0					
	3394	#6헬론의이상한움직임제거	0	550000	16800	0	0	0	0	0	0	4131	10	0	0	0	0	0	0	0	0	0	0	0	0	0	0	0	0	0	0		//보상변경			
	3395	#7정찰대원의보고	0	550000	16900	0	0	0	0	0	0	4131	10	0	0	0	0	0	0	0	0	0	0	0	0	0	0	0	0	0	0		//보상변경			
	3396	#8미션대제례추적	0	1500000	38800	0	0	0	0	0	0	40408	1	0	0	0	0	0	0	0	0	0	0	0	0	0	0	0	0	0	0					
	3397	#8-1미션대제례추적	0	1500000	38800	0	0	0	0	0	0	40408	1	0	0	0	0	0	0	0	0	0	0	0	0	0	0	0	0	0	0					
	3398	#9정찰대원의보고	0	550000	17100	0	0	0	0	0	0	0	0	0	0	0	0	0	0	0	0	0	0	0	0	0	0	0	0	0	0					
	3399	#6-1이상한물체실험의뢰결과1	0	600000	16300	0	0	0	0	0	0	4131	10	0	0	0	0	0	0	0	0	0	0	0	0	0	0	0	0	0	0		//보상변경			
	3400	#6-2이상한물체실험의뢰결과2	0	600000	16400	0	0	0	0	0	0	4131	10	0	0	0	0	0	0	0	0	0	0	0	0	0	0	0	0	0	0		//보상변경			
	3401	#6-3학자해밀턴	0	600000	16500	0	0	0	0	0	0	4131	10	0	0	0	0	0	0	0	0	0	0	0	0	0	0	0	0	0	0		//보상변경			
	3402	#6-4정화의노력_채집	0	600000	16600	0	0	0	0	0	0	4131	10	0	0	0	0	0	0	0	0	0	0	0	0	0	0	0	0	0	0		//보상변경			
	3403	#6-5정화실험의결과	0	600000	16700	0	0	0	0	0	0	0	0	0	0	0	0	0	0	0	0	0	0	0	0	0	0	0	0	0	0					
	3404	#6-6애덤스의조사	0	600000	16800	0	0	0	0	0	0	0	0	0	0	0	0	0	0	0	0	0	0	0	0	0	0	0	0	0	0					
	3405	#6-7언데드종족의마력	0	600000	16900	0	0	0	0	0	0	0	0	0	0	0	0	0	0	0	0	0	0	0	0	0	0	0	0	0	0					
	3406	#6-8정화의효과는?	0	600000	17000	0	0	0	0	0	0	0	0	0	0	0	0	0	0	0	0	0	0	0	0	0	0	0	0	0	0					
	3407	#6-9제2의에테르플랜트	0	600000	17100	0	0	0	0	0	0	0	0	0	0	0	0	0	0	0	0	0	0	0	0	0	0	0	0	0	0					
	3408	#6-10미션숨겨진위험	0	2000000	39200	0	0	0	0	0	0	40409	1	0	0	0	0	0	0	0	0	0	0	0	0	0	0	0	0	0	0					
	3409	#6-10-1미션숨겨진위험	0	2000000	39200	0	0	0	0	0	0	40409	1	0	0	0	0	0	0	0	0	0	0	0	0	0	0	0	0	0	0					
	3410	#6-11에테르플랜트의파괴	0	600000	17400	0	0	0	0	0	0	0	0	0	0	0	0	0	0	0	0	0	0	0	0	0	0	0	0	0	0					
	3411	#6-12암흑의전당으로	0	600000	17500	0	0	0	0	0	0	0	0	0	0	0	0	0	0	0	0	0	0	0	0	0	0	0	0	0	0					
//									0	0									0			0			0			0			0					
	3412	#1살려줘!	0	650000	18100	0	0	0	0	0	0	4004	5	0	0	0	0	0	0	0	0	0	0	0	0	0	0	0	0	0	0					
	3413	#2자비는없다!	0	650000	18200	0	0	0	0	0	0	4004	5	0	0	0	0	0	0	0	0	0	0	0	0	0	0	0	0	0	0					
	3414	#3같이죽자!	0	650000	18300	0	0	0	0	0	0	4004	5	0	0	0	0	0	0	0	0	0	0	0	0	0	0	0	0	0	0					
	3415	#4한번만기회를!	0	650000	18400	0	0	0	0	0	0	4004	5	0	0	0	0	0	0	0	0	0	0	0	0	0	0	0	0	0	0					
	3416	#1저주받은성	0	650000	18100	0	0	0	0	0	0	0	0	0	0	0	0	0	0	0	0	0	0	0	0	0	0	0	0	0	0					
	3417	#2빼앗긴해방군기밀문서	0	650000	18200	0	0	0	0	0	0	4131	10	0	0	0	0	0	0	0	0	0	0	0	0	0	0	0	0	0	0		//보상변경			
	3418	#2-1해방군기밀문서1	0	650000	18300	0	0	0	0	0	0	0	0	0	0	0	0	0	0	0	0	0	0	0	0	0	0	0	0	0	0					
	3419	#2-2해방군기밀문서2	0	650000	18300	0	0	0	0	0	0	0	0	0	0	0	0	0	0	0	0	0	0	0	0	0	0	0	0	0	0					
	3420	#2-3해방군기밀문서3	0	650000	18300	0	0	0	0	0	0	0	0	0	0	0	0	0	0	0	0	0	0	0	0	0	0	0	0	0	0					
	3421	#2-4해방군기밀문서4	0	650000	18300	0	0	0	0	0	0	0	0	0	0	0	0	0	0	0	0	0	0	0	0	0	0	0	0	0	0					
	3422	#3사교의지하제단을향해서	0	700000	18300	0	0	0	0	0	0	4131	10	0	0	0	0	0	0	0	0	0	0	0	0	0	0	0	0	0	0		//보상변경			
	3423	#4사교의지하제단	0	700000	18400	0	0	0	0	0	0	4131	10	0	0	0	0	0	0	0	0	0	0	0	0	0	0	0	0	0	0		//보상변경			
	3424	#5사교의제물	0	700000	18500	0	0	0	0	0	0	0	0	0	0	0	0	0	0	0	0	0	0	0	0	0	0	0	0	0	0					
	3425	#5-1사교의제물1	0	700000	18600	0	0	0	0	0	0	0	0	0	0	0	0	0	0	0	0	0	0	0	0	0	0	0	0	0	0					
	3426	#5-2사교의제물2	0	700000	18600	0	0	0	0	0	0	0	0	0	0	0	0	0	0	0	0	0	0	0	0	0	0	0	0	0	0					
	3427	#6조사관캔들_타임아웃10분	0	700000	18600	0	0	0	0	0	0	0	0	0	0	0	0	0	0	0	0	0	0	0	0	0	0	0	0	0	0					
	3428	#7사교의집단	0	700000	18700	0	0	0	0	0	0	0	0	0	0	0	0	0	0	0	0	0	0	0	0	0	0	0	0	0	0					
	3429	#8암흑의전당	0	700000	18800	0	0	0	0	0	0	0	0	0	0	0	0	0	0	0	0	0	0	0	0	0	0	0	0	0	0					
	3430	#9미션암흑의전당을찾아서	0	3000000	42600	0	0	0	0	0	0	40410	1	0	0	0	0	0	0	0	0	0	0	0	0	0	0	0	0	0	0					
	3431	#9-1미션암흑의전당을찾아서	0	3000000	42600	0	0	0	0	0	0	40410	1	0	0	0	0	0	0	0	0	0	0	0	0	0	0	0	0	0	0					
	3432	#10저주받은석실을행해서	0	700000	19000	0	0	0	0	0	0	0	0	0	0	0	0	0	0	0	0	0	0	0	0	0	0	0	0	0	0					
	3433	#11전령쿠퍼	0	700000	19100	0	0	0	0	0	0	0	0	0	0	0	0	0	0	0	0	0	0	0	0	0	0	0	0	0	0					
//									0	0									0			0			0			0			0					
	3434	#1저주받은석실	0	750000	19100	0	0	0	0	0	0	6870	20	0	0	0	0	0	0	0	0	0	0	0	0	0	0	0	0	0	0		//보상변경			
	3435	#2저주받은수호자들	0	750000	19200	0	0	0	0	0	0	6870	20	0	0	0	0	0	0	0	0	0	0	0	0	0	0	0	0	0	0		//보상변경			
	3436	#3저주의상징_채집	0	750000	19300	0	0	0	0	0	0	6870	20	0	0	0	0	0	0	0	0	0	0	0	0	0	0	0	0	0	0		//보상변경			
	3437	#4의식의제물구출	0	750000	19400	0	0	0	0	0	0	6870	20	0	0	0	0	0	0	0	0	0	0	0	0	0	0	0	0	0	0		//보상변경			
	3438	#4-1사로잡힌시민1	0	750000	19500	0	0	0	0	0	0	0	0	0	0	0	0	0	0	0	0	0	0	0	0	0	0	0	0	0	0					
	3439	#4-2사로잡힌시민2	0	750000	19500	0	0	0	0	0	0	0	0	0	0	0	0	0	0	0	0	0	0	0	0	0	0	0	0	0	0					
	3440	#5사교의실험노트_채집	0	750000	19500	0	0	0	0	0	0	6870	20	0	0	1	4977	1	0	0	0	0	0	0	0	0	0	0	0	0	0		//보상변경			
	3441	#6순교자의무덤_채집	0	750000	19600	0	0	0	0	0	0	6870	20	0	0	1	4977	1	0	0	0	0	0	0	0	0	0	0	0	0	0		//보상변경			
	3442	#7미션어둠의제단	0	4000000	44200	0	0	0	0	0	0	40411	1	0	0	0	0	0	0	0	0	0	0	0	0	0	0	0	0	0	0					
	3443	#7-1미션어둠의제단	0	4000000	44200	0	0	0	0	0	0	40411	1	0	0	0	0	0	0	0	0	0	0	0	0	0	0	0	0	0	0					
	3444	#8사라진혼령감옥으로	0	750000	19800	0	0	0	0	0	0	0	0	0	0	0	0	0	0	0	0	0	0	0	0	0	0	0	0	0	0					
//									0	0									0			0			0			0			0					
	3445	#1사악한광전사	0	800000	19800	0	0	0	0	0	0	0	0	0	0	0	0	0	0	0	0	0	0	0	0	0	0	0	0	0	0					
	3446	#2해방군집결	0	800000	19900	0	0	0	0	0	0	0	0	0	0	0	0	0	0	0	0	0	0	0	0	0	0	0	0	0	0					
	3447	#3치열한전투1	0	800000	20200	0	0	0	0	0	0	6870	20	0	0	0	0	0	0	0	0	0	0	0	0	0	0	0	0	0	0		//보상변경			
	3448	#3-1차원의소환수	0	800000	20200	0	0	0	0	0	0	0	0	0	0	0	0	0	0	0	0	0	0	0	0	0	0	0	0	0	0					
	3449	#3-2굶주린학살자	0	800000	20200	0	0	0	0	0	0	0	0	0	0	0	0	0	0	0	0	0	0	0	0	0	0	0	0	0	0					
	3450	#4치열한전투2	0	800000	21000	0	0	0	0	0	0	6870	20	0	0	0	0	0	0	0	0	0	0	0	0	0	0	0	0	0	0		//보상변경			
	3451	#4-1차원의소환수	0	800000	20300	0	0	0	0	0	0	4122	10	0	0	0	0	0	0	0	0	0	0	0	0	0	0	0	0	0	0		//보상변경			
	3452	#4-2굶주린학살자	0	800000	20300	0	0	0	0	0	0	4122	10	0	0	0	0	0	0	0	0	0	0	0	0	0	0	0	0	0	0		//보상변경			
	3453	#4-3창염의전사	0	800000	20300	0	0	0	0	0	0	4122	10	0	0	0	0	0	0	0	0	0	0	0	0	0	0	0	0	0	0		//보상변경			
	3454	#4-4타락한자	0	800000	20300	0	0	0	0	0	0	4122	10	0	0	0	0	0	0	0	0	0	0	0	0	0	0	0	0	0	0		//보상변경			
	3455	#5대제례의식저지	0	800000	20600	0	0	0	0	0	0	4977	3	0	0	0	0	0	0	0	0	0	0	0	0	0	0	0	0	0	0		//보상변경			
	3456	#5-1서쪽대제례의식의제물	0	800000	20400	0	0	0	0	0	0	4122	10	0	0	0	0	0	0	0	0	0	0	0	0	0	0	0	0	0	0		//보상변경			
	3457	#5-2동쪽대제례의식의제물	0	800000	20400	0	0	0	0	0	0	4122	10	0	0	0	0	0	0	0	0	0	0	0	0	0	0	0	0	0	0		//보상변경			
	3458	#5-3남서쪽대제례의식의제물	0	800000	20400	0	0	0	0	0	0	4122	10	0	0	0	0	0	0	0	0	0	0	0	0	0	0	0	0	0	0		//보상변경			
	3459	#5-4남동쪽대제례의식의제물	0	800000	20400	0	0	0	0	0	0	4122	10	0	0	0	0	0	0	0	0	0	0	0	0	0	0	0	0	0	0		//보상변경			
	3460	#6메인미션아이올트공동묘지	0	5000000	48200	0	0	0	0	0	0	40412	1	0	0	0	0	0	0	0	0	0	0	0	0	0	0	0	0	0	0		//보상변경			
	3461	#6-1메인미션아이올트공동묘지	0	5000000	48200	0	0	0	0	0	0	40412	1	0	0	0	0	0	0	0	0	0	0	0	0	0	0	0	0	0	0					
	3462	#7에테르플랜트파괴성공	0	800000	20400	0	0	0	0	0	0	0	0	0	0	0	0	0	0	0	0	0	0	0	0	0	0	0	0	0	0					
	3463	#8분쟁지역전투_반복	0	800000	20500	0	0	0	0	0	0	0	0	0	0	0	0	0	0	0	0	0	0	0	0	0	0	0	0	0	0					
//									0	0									0			0			0			0			0					
//									0	0									0			0			0			0			0					
	3464	#1중앙석탑보수공사	0	8255	2700	0	0	0	0	0	0	4015	1	0	0	0	0	0	0	0	0	0	0	0	0	0	0	0	0	0	0					
	3465	#1-1수정기둥보수공사	0	8255	2700	0	0	0	0	0	0	4015	1	0	0	0	0	0	0	0	0	0	0	0	0	0	0	0	0	0	0					
	3466	#1-2개인상점게시판보수공사	0	8255	2700	0	0	0	0	0	0	4015	1	0	0	0	0	0	0	0	0	0	0	0	0	0	0	0	0	0	0					
	3467	#1-3웨이포인트보수공사1	0	8255	2700	0	0	0	0	0	0	4015	1	0	0	0	0	0	0	0	0	0	0	0	0	0	0	0	0	0	0					
	3468	#1-4웨이포인트보수공사2	0	8255	2700	0	0	0	0	0	0	4015	1	0	0	0	0	0	0	0	0	0	0	0	0	0	0	0	0	0	0					
	3469	#2배고픈노멀	0	9340	3120	0	0	0	0	0	0	4015	1	0	0	0	0	0	0	0	0	0	0	0	0	0	0	0	0	0	0					
	3470	#2-1그리맛있어보이진않는달걀	0	9340	3120	0	0	0	0	0	0	4015	1	0	0	0	0	0	0	0	0	0	0	0	0	0	0	0	0	0	0					
	3471	#3-1꼬라지하고는1	0	14142	4060	0	0	0	0	0	0	0	0	0	0	0	0	0	0	0	0	0	0	0	0	0	0	0	0	0	0					
	3472	#3-2꼬라지하고는2	0	14142	4060	0	0	0	0	0	0	2521	1	0	0	1	95	20007	0	0	0	0	0	0	0	0	0	0	0	0	0					
	3473	#4-1꼬라지하고는3	0	14142	4060	0	0	0	0	0	0	0	0	0	0	0	0	0	0	0	0	0	0	0	0	0	0	0	0	0	0					
	3474	#4-2꼬라지하고는4	0	14142	4060	0	0	0	0	0	0	2521	1	0	0	1	110	20007	0	0	0	0	0	0	0	0	0	0	0	0	0					
	3475	#5-1용족의수치로군!1	0	14142	4060	0	0	0	0	0	0	0	0	0	0	0	0	0	0	0	0	0	0	0	0	0	0	0	0	0	0					
	3476	#5-2용족의수치로군!2	0	14142	4060	0	0	0	0	0	0	2511	1	0	0	1	35	20007	0	0	0	0	0	0	0	0	0	0	0	0	0					
	3477	#6-1용족의수치로군!3	0	14142	4060	0	0	0	0	0	0	0	0	0	0	0	0	0	0	0	0	0	0	0	0	0	0	0	0	0	0					
	3478	#6-2용족의수치로군!4	0	14142	4060	0	0	0	0	0	0	2511	1	0	0	1	50	20007	0	0	0	0	0	0	0	0	0	0	0	0	0					
	3479	#7-1장비가그게뭐지?1	0	14142	4060	0	0	0	0	0	0	0	0	0	0	0	0	0	0	0	0	0	0	0	0	0	0	0	0	0	0					
	3480	#7-2장비가그게뭐지?2	0	14142	4060	0	0	0	0	0	0	2501	1	0	0	1	20	20007	0	0	0	0	0	0	0	0	0	0	0	0	0					
	3481	#8-1장비가그게뭐지?3	0	14142	4060	0	0	0	0	0	0	0	0	0	0	0	0	0	0	0	0	0	0	0	0	0	0	0	0	0	0					
	3482	#8-2장비가그게뭐지?4	0	14142	4060	0	0	0	0	0	0	2501	1	0	0	1	5	20007	0	0	0	0	0	0	0	0	0	0	0	0	0					
	3483	#9-1그런장비로용케살아남았군요?1	0	14142	4060	0	0	0	0	0	0	0	0	0	0	0	0	0	0	0	0	0	0	0	0	0	0	0	0	0	0					
	3484	#9-1그런장비로용케살아남았군요?2	0	14142	4060	0	0	0	0	0	0	3079	1	0	0	1	65	20007	0	0	0	0	0	0	0	0	0	0	0	0	0					
	3485	#10-1그런장비로용케살아남았군요?3	0	14142	4060	0	0	0	0	0	0	0	0	0	0	0	0	0	0	0	0	0	0	0	0	0	0	0	0	0	0					
	3486	#10-2그런장비로용케살아남았군요?4	0	14142	4060	0	0	0	0	0	0	3079	1	0	0	1	80	20007	0	0	0	0	0	0	0	0	0	0	0	0	0					
	3487	#11-1그런장비로는위험해요!1	0	14142	4060	0	0	0	0	0	0	0	0	0	0	0	0	0	0	0	0	0	0	0	0	0	0	0	0	0	0					
	3488	#11-2그런장비로는위험해요!2	0	14142	4060	0	0	0	0	0	0	2531	1	0	0	1	141	20007	0	0	0	0	0	0	0	0	0	0	0	0	0					
	3489	#12-1그런장비로는위험해요!3	0	14142	4060	0	0	0	0	0	0	0	0	0	0	0	0	0	0	0	0	0	0	0	0	0	0	0	0	0	0					
	3490	#12-2그런장비로는위험해요!4	0	14142	4060	0	0	0	0	0	0	2532	1	0	0	1	156	20007	0	0	0	0	0	0	0	0	0	0	0	0	0					
	3491	#13아이템결정화	0	15313	4300	0	0	0	0	0	0	4015	2	0	0	0	0	0	0	0	0	0	0	0	0	0	0	0	0	0	0					
	3492	#14발첸의대모험	0	16486	50000	0	0	0	0	0	0	4015	2	0	0	0	0	0	0	0	0	0	0	0	0	0	0	0	0	0	0					
	3493	#15라만의부탁	0	17407	4750	0	0	0	0	0	0	3301	10	0	0	0	0	0	0	0	0	0	0	0	0	0	0	0	0	0	0					
	3494	#16드웨인의부탁	0	19008	5100	0	0	0	0	0	0	4015	2	0	0	0	0	0	0	0	0	0	0	0	0	0	0	0	0	0	0					
	3495	#17슈토르의부탁	0	23512	5800	0	0	0	0	0	0	4015	2	0	0	0	0	0	0	0	0	0	0	0	0	0	0	0	0	0	0					
	3496	#18창고확장	0	32454	6100	0	0	0	0	0	0	4015	2	0	0	0	0	0	0	0	0	0	0	0	0	0	0	0	0	0	0					
	3497	#19텔레포트강화연구	0	40483	6400	0	0	0	0	0	0	4015	2	0	0	0	0	0	0	0	0	0	0	0	0	0	0	0	0	0	0					
	3498	#20골칫덩이어둠의나크라트!!	0	54296	7200	0	0	0	0	0	0	4015	2	0	0	0	0	0	0	0	0	0	0	0	0	0	0	0	0	0	0					
	3499	#21고문의미학	0	59400	7600	0	0	0	0	0	0	4015	2	0	0	0	0	0	0	0	0	0	0	0	0	0	0	0	0	0	0					
//	에텔레인마을서브퀘스트								0	0									0			0			0			0			0					
	3500	#1독약제조	0	39600	7800	0	0	0	0	0	0	4007	5	0	0	0	0	0	0	0	0	0	0	0	0	0	0	0	0	0	0					
	3501	#1-1턴코트독살	0	19800	7800	0	0	0	0	0	0	0	0	0	0	0	0	0	0	0	0	0	0	0	0	0	0	0	0	0	0					
	3502	#1-2실패한음모…그리고그대가	0	19800	7800	0	0	0	0	0	0	0	0	0	0	0	0	0	0	0	0	0	0	0	0	0	0	0	0	0	0					
	3503	#2비늘수집	0	46931	8100	0	0	0	0	0	0	3301	5	0	0	0	0	0	0	0	0	0	0	0	0	0	0	0	0	0	0					
	3504	#3용해액수집	0	29494	8400	0	0	0	0	0	0	0	0	0	0	0	0	0	0	0	0	0	0	0	0	0	0	0	0	0	0					
	3505	#3-1용해액추가수집	0	54989	8800	0	0	0	0	0	0	0	0	0	0	0	0	0	0	0	0	0	0	0	0	0	0	0	0	0	0					
	3506	#4요새의성역의골칫덩이들	0	102790	21000	0	0	0	0	0	0	0	0	0	0	0	0	0	0	0	0	0	0	0	0	0	0	0	0	0	0					
	3507	#5강력한회복제	0	22031	8800	0	0	0	0	0	0	0	0	0	0	0	0	0	0	0	0	0	0	0	0	0	0	0	0	0	0					
	3508	#5-1수컷이다!	0	22031	8800	0	0	0	0	0	0	4003	10	0	0	0	0	0	0	0	0	0	0	0	0	0	0	0	0	0	0					
	3509	#6야콥의활1	0	95215	9500	0	0	0	0	0	0	0	0	0	0	0	0	0	0	0	0	0	0	0	0	0	0	0	0	0	0					
	3510	#6-1야콥의활2	0	95215	9500	0	0	0	0	0	0	0	0	0	0	1	4017	5	0	4022	5	0	4027	5	0	4041	5	0	0	0	0					
	3511	#7폐허의탑의골칫덩이들	0	299735	30000	0	0	0	0	0	0	0	0	0	0	0	0	0	0	0	0	0	0	0	0	0	0	0	0	0	0					
	3512	#8사제시트나르타!!	0	224801	27000	0	0	0	0	0	0	4121	5	0	0	0	0	0	0	0	0	0	0	0	0	0	0	0	0	0	0					
	3513	#9꺼져가는불씨	0	78909	12000	0	0	0	0	0	0	0	0	0	0	0	0	0	0	0	0	0	0	0	0	0	0	0	0	0	0					
	3514	#10헬른의보물상자	0	96166	13100	0	0	0	0	0	0	0	0	0	0	0	0	0	0	0	0	0	0	0	0	0	0	0	0	0	0					
	3515	#11Flytothesky	0	211272	13800	0	0	0	0	0	0	0	0	0	0	0	0	0	0	0	0	0	0	0	0	0	0	0	0	0	0					
	3516	#12보다강한불꽃	0	241851	14100	0	0	0	0	0	0	0	0	0	0	0	0	0	0	0	0	0	0	0	0	0	0	0	0	0	0					
	3517	#13빌트의물건	0	263752	19000	0	0	0	0	0	0	0	0	0	0	0	0	0	0	0	0	0	0	0	0	0	0	0	0	0	0					
	3518	#13-1최고급에일	0	263752	19000	0	0	0	0	0	0	0	0	0	0	0	0	0	0	0	0	0	0	0	0	0	0	0	0	0	0					
	3519	#14새끼드레이크처치	0	162008	16200	0	0	0	0	0	0	3301	10	0	0	0	0	0	0	0	0	0	0	0	0	0	0	0	0	0	0					
	3520	#15수라키!!	0	546227	40000	0	0	0	0	0	0	0	0	0	0	0	0	0	0	0	0	0	0	0	0	0	0	0	0	0	0					
	3521	#16오염된강아지풀1	0	189113	18700	0	0	0	0	0	0	0	0	0	0	0	0	0	0	0	0	0	0	0	0	0	0	0	0	0	0					
	3522	#16-1오염된강아지풀2	0	378226	19000	0	0	0	0	0	0	0	0	0	0	0	0	0	0	0	0	0	0	0	0	0	0	0	0	0	0					
	3523	#17성문강화1	0	211273	19100	0	0	0	0	0	0	0	0	0	0	0	0	0	0	0	0	0	0	0	0	0	0	0	0	0	0					
	3524	#17-1성문강화2	0	211273	19100	0	0	0	0	0	0	0	0	0	0	0	0	0	0	0	0	0	0	0	0	0	0	0	0	0	0					
	3525	#18식물?동물?	0	522111	19500	0	0	0	0	0	0	0	0	0	0	0	0	0	0	0	0	0	0	0	0	0	0	0	0	0	0					
	3526	#18-1괴물의먹이	0	261055	19500	0	0	0	0	0	0	0	0	0	0	0	0	0	0	0	0	0	0	0	0	0	0	0	0	0	0					
	3527	#19윌버그의장난질	0	1674833	24000	0	0	0	0	0	0	4121	10	0	0	0	0	0	0	0	0	0	0	0	0	0	0	0	0	0	0					
	3528	#19-1불쌍한만프레드	0	669933	24000	0	0	0	0	0	0	0	0	0	0	0	0	0	0	0	0	0	0	0	0	0	0	0	0	0	0					
	3529	#19-2분노의만프레드	0	3257404	28000	0	0	0	0	0	0	4121	10	0	0	0	0	0	0	0	0	0	0	0	0	0	0	0	0	0	0					
	3530	#19-3만프레드의복수	0	1302961	28000	0	0	0	0	0	0	0	0	0	0	0	0	0	0	0	0	0	0	0	0	0	0	0	0	0	0					
	3531	#19-4또다시불쌍한만프레드	0	1302961	28000	0	0	0	0	0	0	0	0	0	0	0	0	0	0	0	0	0	0	0	0	0	0	0	0	0	0					
//	용족의계곡서브퀘스트추가								0	0									0			0			0			0			0					
//	카르완의분화구								0	0									0			0			0			0			0					
	3532	#1용족의금속	0	74933	12000	0	0	0	0	0	0	0	0	0	0	0	0	0	0	0	0	0	0	0	0	0	0	0	0	0	0					
	3533	#1-1용들의나무	0	74933	12000	0	0	0	0	0	0	0	0	0	0	0	0	0	0	0	0	0	0	0	0	0	0	0	0	0	0					
	3534	#1-2고룡무덤돌격1분대장의어두운낯빛	0	44960	11000	0	0	0	0	0	0	0	0	0	0	0	0	0	0	0	0	0	0	0	0	0	0	0	0	0	0					
	3535	#1-3사라진동료네비	0	44960	11000	0	0	0	0	0	0	0	0	0	0	0	0	0	0	0	0	0	0	0	0	0	0	0	0	0	0					
	3536	#1-4정찰꾼네비수색	0	74933	12000	0	0	0	0	0	0	0	0	0	0	0	0	0	0	0	0	0	0	0	0	0	0	0	0	0	0					
	3537	#1-5화상	0	74933	12000	0	0	0	0	0	0	0	0	0	0	0	0	0	0	0	0	0	0	0	0	0	0	0	0	0	0					
	3538	#1-6네비의생존소식전달	0	44960	11000	0	0	0	0	0	0	0	0	0	0	0	0	0	0	0	0	0	0	0	0	0	0	0	0	0	0					
	3539	#1-7고룡무덤돌격1분대장의밝은낯빛	0	44960	11000	0	0	0	0	0	0	0	0	0	0	0	0	0	0	0	0	0	0	0	0	0	0	0	0	0	0					
	3540	#1-8보양식용란액젓	0	44960	11000	0	0	0	0	0	0	0	0	0	0	0	0	0	0	0	0	0	0	0	0	0	0	0	0	0	0					
	3541	#1-9무기가필요해!	0	74933	12000	0	0	0	0	0	0	0	0	0	0	0	0	0	0	0	0	0	0	0	0	0	0	0	0	0	0					
	3542	#1-10참을수없는맛보양식용란액젓	0	44960	11000	0	0	0	0	0	0	40496	5	0	0	0	0	0	0	0	0	0	0	0	0	0	0	0	0	0	0					
	3543	#1-11붉은용암의계곡이나가보게.	0	44960	11000	0	0	0	0	0	0	0	0	0	0	0	0	0	0	0	0	0	0	0	0	0	0	0	0	0	0					
//	붉은용암의계곡								0	0									0			0			0			0			0					
	3544	#1다리고정	0	249070	21000	0	0	0	0	0	0	4121	5	0	0	0	0	0	0	0	0	0	0	0	0	0	0	0	0	0	0					
	3545	#1-1교량장치부속품전달	0	49814	14000	0	0	0	0	0	0	0	0	0	0	0	0	0	0	0	0	0	0	0	0	0	0	0	0	0	0					
	3546	#1-2의심많은클락	0	49814	14000	0	0	0	0	0	0	0	0	0	0	0	0	0	0	0	0	0	0	0	0	0	0	0	0	0	0					
	3547	#1-3피곤한상관클락	0	166046	18000	0	0	0	0	0	0	0	0	0	0	0	0	0	0	0	0	0	0	0	0	0	0	0	0	0	0					
	3548	#1-4홍염의야수토벌증거	0	49814	14000	0	0	0	0	0	0	0	0	0	0	0	0	0	0	0	0	0	0	0	0	0	0	0	0	0	0					
	3549	#1-5울부짖는골짜기로	0	49814	14000	0	0	0	0	0	0	0	0	0	0	0	0	0	0	0	0	0	0	0	0	0	0	0	0	0	0					
//	울부짖는골짜기								0	0									0			0			0			0			0					
	3550	#1괴인	0	91652	20000	0	0	0	0	0	0	0	0	0	0	0	0	0	0	0	0	0	0	0	0	0	0	0	0	0	0					
	3551	#1-1괴인의존재보고	0	54991	14000	0	0	0	0	0	0	0	0	0	0	0	0	0	0	0	0	0	0	0	0	0	0	0	0	0	0					
	3552	#1-2흥미로운물품	0	54991	14000	0	0	0	0	0	0	0	0	0	0	0	0	0	0	0	0	0	0	0	0	0	0	0	0	0	0					
	3553	#1-3경고	0	54991	14000	0	0	0	0	0	0	0	0	0	0	0	0	0	0	0	0	0	0	0	0	0	0	0	0	0	0					
	3554	#1-3피의분화구로	0	54991	14000	0	0	0	0	0	0	0	0	0	0	0	0	0	0	0	0	0	0	0	0	0	0	0	0	0	0					
	3555	#2제이나의간절한부탁	0	183305	21000	0	0	0	0	0	0	0	0	0	0	0	0	0	0	0	0	0	0	0	0	0	0	0	0	0	0					
//	피의분화구								0	0									0			0			0			0			0					
	3556	#1잃어버린무기	0	201662	15800	0	0	0	0	0	0	0	0	0	0	0	0	0	0	0	0	0	0	0	0	0	0	0	0	0	0					
	3557	#1-1무기보급요청	0	100831	15800	0	0	0	0	0	0	0	0	0	0	0	0	0	0	0	0	0	0	0	0	0	0	0	0	0	0					
	3558	#1-2무기지원	0	100831	15800	0	0	0	0	0	0	0	0	0	0	0	0	0	0	0	0	0	0	0	0	0	0	0	0	0	0					
	3559	#1-3희소식	0	60498	15800	0	0	0	0	0	0	0	0	0	0	0	0	0	0	0	0	0	0	0	0	0	0	0	0	0	0					
	3560	#1-3고통의묘지로	0	60498	15800	0	0	0	0	0	0	0	0	0	0	0	0	0	0	0	0	0	0	0	0	0	0	0	0	0	0					
	3561	#2누구의책?	0	302494	35000	0	0	0	0	0	0	4965	1	0	0	0	0	0	0	0	0	0	0	0	0	0	0	0	0	0	0					
//	아이올트공동묘지서브퀘스트추가								0	0									0			0			0			0			0					
//	고통의묘지								0	0									0			0			0			0			0					
	3562	#1개인적인부탁	0	182075	16100	0	0	0	0	0	0	0	0	0	0	0	0	0	0	0	0	0	0	0	0	0	0	0	0	0	0					
	3563	#2사적인부탁	0	364151	25000	0	0	0	0	0	0	4122	5	0	0	0	0	0	0	0	0	0	0	0	0	0	0	0	0	0	0					
	3564	#3언덕위의집	0	182075	16100	0	0	0	0	0	0	0	0	0	0	0	0	0	0	0	0	0	0	0	0	0	0	0	0	0	0					
	3565	#3-1이상한나무뿌리분석	0	109245	16100	0	0	0	0	0	0	0	0	0	0	0	0	0	0	0	0	0	0	0	0	0	0	0	0	0	0					
	3566	#3-2간단한게아니라구!	0	182075	20000	0	0	0	0	0	0	0	0	0	0	0	0	0	0	0	0	0	0	0	0	0	0	0	0	0	0					
	3567	#3-3놀라운나무뿌리	0	182075	20000	0	0	0	0	0	0	0	0	0	0	0	0	0	0	0	0	0	0	0	0	0	0	0	0	0	0					
	3568	#3-4이상한나무뿌리비약탄생	0	182075	20000	0	0	0	0	0	0	0	0	0	0	0	0	0	0	0	0	0	0	0	0	0	0	0	0	0	0					
//	허물어진성								0	0									0			0			0			0			0					
	3569	#1허물어진성의보물수색	0	203704	300000	0	0	0	0	0	0	0	0	0	0	0	0	0	0	0	0	0	0	0	0	0	0	0	0	0	0					
	3570	#1-1허물어진성의보물추가수색	0	203704	300000	0	0	0	0	0	0	0	0	0	0	0	0	0	0	0	0	0	0	0	0	0	0	0	0	0	0					
	3571	#1-2허물어진성의보물추가수색	0	203704	300000	0	0	0	0	0	0	0	0	0	0	0	0	0	0	0	0	0	0	0	0	0	0	0	0	0	0					
//	사교의지하제단								0	0									0			0			0			0			0					
	3572	#1괴생명체토벌	0	203704	17400	0	0	0	0	0	0	0	0	0	0	0	0	0	0	0	0	0	0	0	0	0	0	0	0	0	0					
	3573	#2검은깃털	0	407408	22000	0	0	0	0	0	0	0	0	0	0	0	0	0	0	0	0	0	0	0	0	0	0	0	0	0	0					
	3574	#3희생된자들의안식을위하여	0	407408	22000	0	0	0	0	0	0	0	0	0	0	0	0	0	0	0	0	0	0	0	0	0	0	0	0	0	0					
	3575	#4희생된자들의안식을위하여	0	407408	22000	0	0	0	0	0	0	0	0	0	0	0	0	0	0	0	0	0	0	0	0	0	0	0	0	0	0					
//	저주받은석실내/외부								0	0									0			0			0			0			0					
	3576	#1저주받은힘채취	0	219019	18700	0	0	0	0	0	0	0	0	0	0	0	0	0	0	0	0	0	0	0	0	0	0	0	0	0	0					
	3577	#1-1저주받은힘증명	0	219019	18700	0	0	0	0	0	0	0	0	0	0	0	0	0	0	0	0	0	0	0	0	0	0	0	0	0	0					
	3578	#1-2시험	0	219019	18700	0	0	0	0	0	0	0	0	0	0	0	0	0	0	0	0	0	0	0	0	0	0	0	0	0	0					
	3579	#1-3되살아난석관앞시체	0	219019	18700	0	0	0	0	0	0	0	0	0	0	0	0	0	0	0	0	0	0	0	0	0	0	0	0	0	0					
	3580	#1-4조사지원	0	219019	18700	0	0	0	0	0	0	0	0	0	0	0	0	0	0	0	0	0	0	0	0	0	0	0	0	0	0					
	3581	#2큰일났어요!	0	219019	18700	0	0	0	0	0	0	0	0	0	0	0	0	0	0	0	0	0	0	0	0	0	0	0	0	0	0					
	3582	#2-1폭약제조사실확인	0	350431	21000	0	0	0	0	0	0	0	0	0	0	0	0	0	0	0	0	0	0	0	0	0	0	0	0	0	0					
//	사라진혼령의감옥내/외부								0	0									0			0			0			0			0					
	3583	#1활충전	0	453898	18900	0	0	0	0	0	0	0	0	0	0	0	0	0	0	0	0	0	0	0	0	0	0	0	0	0	0					
	3584	#2북쪽공동묘지수색	0	453898	500000	0	0	0	0	0	0	0	0	0	0	0	0	0	0	0	0	0	0	0	0	0	0	0	0	0	0					
	3585	#3죽음의주술	0	453898	28000	0	0	0	0	0	0	0	0	0	0	0	0	0	0	0	0	0	0	0	0	0	0	0	0	0	0					
	3586	#3-1적들의지혜	0	453898	18900	0	0	0	0	0	0	0	0	0	0	0	0	0	0	0	0	0	0	0	0	0	0	0	0	0	0					
//	0903미션퀘스트추가								0	0									0			0			0			0			0					
	3587	봉인된바루카	0	0	1260	0	0	0	0	0	0	0	0	0	0	0	0	0	0	0	0	0	0	0	0	0	0	0	0	0	0					
	3588	불길한오염체1	0	369	1300	0	0	0	0	0	0	4014	3	0	0	0	0	0	0	0	0	0	0	0	0	0	0	0	0	0	0					
	3589	불길한오염체2	0	369	1340	0	0	0	0	0	0	4014	3	0	0	0	0	0	0	0	0	0	0	0	0	0	0	0	0	0	0					
	3590	불길한오염체3	0	738	1380	0	0	0	0	0	0	4014	3	0	0	0	0	0	0	0	0	0	0	0	0	0	0	0	0	0	0					
	3591	에테르봉인	0	0	1860	0	0	0	0	0	0	0	0	0	0	0	0	0	0	0	0	0	0	0	0	0	0	0	0	0	0					
	3592	사로잡힌마법사들	0	589	1900	0	0	0	0	0	0	0	0	0	0	0	0	0	0	0	0	0	0	0	0	0	0	0	0	0	0					
	3593	수색병의표식1	0	589	1940	0	0	0	0	0	0	4002	3	0	0	0	0	0	0	0	0	0	0	0	0	0	0	0	0	0	0					
	3594	수색병의표식2	0	589	1980	0	0	0	0	0	0	4002	3	0	0	0	0	0	0	0	0	0	0	0	0	0	0	0	0	0	0					
	3595	수색병의표식3	0	589	2020	0	0	0	0	0	0	4016	3	0	0	0	0	0	0	0	0	0	0	0	0	0	0	0	0	0	0					
	3596	수색병의표식4	0	589	2060	0	0	0	0	0	0	4016	3	0	0	0	0	0	0	0	0	0	0	0	0	0	0	0	0	0	0					
	3597	악령주술사	0	1178	2100	0	0	0	0	0	0	4016	3	0	0	0	0	0	0	0	0	0	0	0	0	0	0	0	0	0	0					
	3598	방해물	0	0	2400	0	0	0	0	0	0	0	0	0	0	0	0	0	0	0	0	0	0	0	0	0	0	0	0	0	0					
	3599	지령문서	0	3186	2580	0	0	0	0	0	0	4002	3	0	0	0	0	0	0	0	0	0	0	0	0	0	0	0	0	0	0					
	3600	족장오마두	0	3186	2760	0	0	0	0	0	0	4002	3	0	0	0	0	0	0	0	0	0	0	0	0	0	0	0	0	0	0					
	3601	수색	0	3186	2940	0	0	0	0	0	0	4021	3	0	0	0	0	0	0	0	0	0	0	0	0	0	0	0	0	0	0					
	3602	주술사의마력	0	3186	3120	0	0	0	0	0	0	4021	3	0	0	0	0	0	0	0	0	0	0	0	0	0	0	0	0	0	0					
	3603	주술사의마력분석	0	6372	3300	0	0	0	0	0	0	4021	3	0	0	0	0	0	0	0	0	0	0	0	0	0	0	0	0	0	0					
	3604	교활한더프	0	0	3000	0	0	0	0	0	0	0	0	0	0	0	0	0	0	0	0	0	0	0	0	0	0	0	0	0	0					
	3605	헬론마법사베이온	0	6992	3290	0	0	0	0	0	0	4002	3	0	0	0	0	0	0	0	0	0	0	0	0	0	0	0	0	0	0					
	3606	수색병호지	0	6992	3580	0	0	0	0	0	0	4002	3	0	0	0	0	0	0	0	0	0	0	0	0	0	0	0	0	0	0					
	3607	야수왕루푸스	0	6992	3870	0	0	0	0	0	0	4040	3	0	0	0	0	0	0	0	0	0	0	0	0	0	0	0	0	0	0					
	3608	불길한징조	0	6992	4160	0	0	0	0	0	0	4040	3	0	0	0	0	0	0	0	0	0	0	0	0	0	0	0	0	0	0					
	3609	얼음드래곤니발리스	0	13984	4450	0	0	0	0	0	0	4040	3	0	0	0	0	0	0	0	0	0	0	0	0	0	0	0	0	0	0					
	3610	비밀의문	0	0	4130	0	0	0	0	0	0	0	0	0	0	0	0	0	0	0	0	0	0	0	0	0	0	0	0	0	0					
	3611	수로의수색꾼1	0	7671	4470	0	0	0	0	0	0	4002	3	0	0	0	0	0	0	0	0	0	0	0	0	0	0	0	0	0	0					
	3612	수로의수색꾼2	0	7671	4810	0	0	0	0	0	0	4002	3	0	0	0	0	0	0	0	0	0	0	0	0	0	0	0	0	0	0					
	3613	수로의수색꾼3	0	7671	5150	0	0	0	0	0	0	4017	3	0	0	0	0	0	0	0	0	0	0	0	0	0	0	0	0	0	0					
	3614	수로의수색꾼4	0	7671	5490	0	0	0	0	0	0	4017	3	0	0	0	0	0	0	0	0	0	0	0	0	0	0	0	0	0	0					
	3615	수로의감시자발터	0	19342	5830	0	0	0	0	0	0	4017	3	0	0	0	0	0	0	0	0	0	0	0	0	0	0	0	0	0	0					
	3616	닫혀진문	0	0	4620	0	0	0	0	0	0	0	0	0	0	0	0	0	0	0	0	0	0	0	0	0	0	0	0	0	0					
	3617	봉인된문의마법사	0	8437	4910	0	0	0	0	0	0	0	0	0	0	0	0	0	0	0	0	0	0	0	0	0	0	0	0	0	0					
	3618	수색병마인츠	0	8437	5200	0	0	0	0	0	0	4002	3	0	0	0	0	0	0	0	0	0	0	0	0	0	0	0	0	0	0					
	3619	봉인된문의마법사2	0	8437	5490	0	0	0	0	0	0	4002	3	0	0	0	0	0	0	0	0	0	0	0	0	0	0	0	0	0	0					
	3620	봉인된문의마법사3	0	8437	5780	0	0	0	0	0	0	4022	3	0	0	0	0	0	0	0	0	0	0	0	0	0	0	0	0	0	0					
	3621	제국군잠입병의편지	0	8437	6070	0	0	0	0	0	0	4022	3	0	0	0	0	0	0	0	0	0	0	0	0	0	0	0	0	0	0					
	3622	수색병코블렌츠	0	8437	6360	0	0	0	0	0	0	4022	3	0	0	0	0	0	0	0	0	0	0	0	0	0	0	0	0	0	0					
	3623	현혹된마법사	0	8437	6650	0	0	0	0	0	0	4017	3	0	0	0	0	0	0	0	0	0	0	0	0	0	0	0	0	0	0					
	3624	적진돌파	0	8437	6940	0	0	0	0	0	0	4017	3	0	0	0	0	0	0	0	0	0	0	0	0	0	0	0	0	0	0					
	3625	여주인로제마리	0	20874	7230	0	0	0	0	0	0	4017	3	0	0	0	0	0	0	0	0	0	0	0	0	0	0	0	0	0	0					
	3626	제단의구울	0	0	4830	0	0	0	0	0	0	0	0	0	0	0	0	0	0	0	0	0	0	0	0	0	0	0	0	0	0					
	3627	뼈의봉인_피의봉인보상동일	0	13219	5030	0	0	0	0	0	0	4002	3	0	0	0	0	0	0	0	0	0	0	0	0	0	0	0	0	0	0					
	3628	피의사자	0	13219	5230	0	0	0	0	0	0	4002	3	0	0	0	0	0	0	0	0	0	0	0	0	0	0	0	0	0	0					
	3629	시간의봉인	0	13219	5430	0	0	0	0	0	0	4022	3	0	0	0	0	0	0	0	0	0	0	0	0	0	0	0	0	0	0					
	3630	살의사자	0	13219	5630	0	0	0	0	0	0	4022	3	0	0	0	0	0	0	0	0	0	0	0	0	0	0	0	0	0	0					
	3631	기사엘딘	0	13219	5830	0	0	0	0	0	0	4022	3	0	0	0	0	0	0	0	0	0	0	0	0	0	0	0	0	0	0					
	3632	봉인해제1	0	13219	6030	0	0	0	0	0	0	4017	3	0	0	0	0	0	0	0	0	0	0	0	0	0	0	0	0	0	0					
	3633	봉인해제2	0	13219	6230	0	0	0	0	0	0	4017	3	0	0	0	0	0	0	0	0	0	0	0	0	0	0	0	0	0	0					
	3634	봉인해제3	0	13219	6430	0	0	0	0	0	0	4017	3	0	0	0	0	0	0	0	0	0	0	0	0	0	0	0	0	0	0					
	3635	부단장베른	0	13219	6630	0	0	0	0	0	0	40420	1	0	0	0	0	0	0	0	0	0	0	0	0	0	0	0	0	0	0					
	3636	기사단의영혼	0	26438	6830	0	0	0	0	0	0	40420	1	0	0	0	0	0	0	0	0	0	0	0	0	0	0	0	0	0	0					
	3637	돌격병오스테	0	0	4830	0	0	0	0	0	0	0	0	0	0	0	0	0	0	0	0	0	0	0	0	0	0	0	0	0	0					
	3638	위험한장치	0	22420	5310	0	0	0	0	0	0	4002	3	0	0	0	0	0	0	0	0	0	0	0	0	0	0	0	0	0	0					
	3639	돌격병요나스	0	22420	5790	0	0	0	0	0	0	4002	3	0	0	0	0	0	0	0	0	0	0	0	0	0	0	0	0	0	0					
	3640	보급지원	0	22420	6270	0	0	0	0	0	0	4041	3	0	0	0	0	0	0	0	0	0	0	0	0	0	0	0	0	0	0					
	3641	전령의보고	0	22420	6750	0	0	0	0	0	0	4041	3	0	0	0	0	0	0	0	0	0	0	0	0	0	0	0	0	0	0					
	3642	겁쟁이요스	0	22420	7230	0	0	0	0	0	0	4041	3	0	0	0	0	0	0	0	0	0	0	0	0	0	0	0	0	0	0					
	3643	무시무시한기사키르쉬	0	22420	7710	0	0	0	0	0	0	40420	1	0	0	0	0	0	0	0	0	0	0	0	0	0	0	0	0	0	0					
	3644	오토폰로쉬펠트	0	44840	8190	0	0	0	0	0	0	40420	1	0	0	0	0	0	0	0	0	0	0	0	0	0	0	0	0	0	0					
//	0903저탑퀘스트추가								0	0									0			0			0			0			0					
	3645	저주받은탑대지의시련	0	0	0	0	0	0	0	0	0	6643	1	0	0	0	0	0	0	0	0	0	0	0	0	0	0	0	0	0	0					
	3646	대지의시련	0	31640	0	0	0	0	0	0	0	40569	1	0	0	0	0	0	0	0	0	0	0	0	0	0	0	0	0	0	0					
	3647	야수의주인	0	0	0	0	0	0	0	0	0	40576	1	0	0	0	0	0	0	0	0	0	0	0	0	0	0	0	0	0	0					
	3648	대지의정복자	0	0	0	0	0	0	0	0	0	40577	1	0	0	0	0	0	0	0	0	0	0	0	0	0	0	0	0	0	0					
	3649	저주받은탑물의시련	0	0	0	0	0	0	0	0	0	6644	1	0	0	0	0	0	0	0	0	0	0	0	0	0	0	0	0	0	0					
	3650	물의시련	0	80968	0	0	0	0	0	0	0	40570	1	0	0	0	0	0	0	0	0	0	0	0	0	0	0	0	0	0	0					
	3651	성의주인	0	0	0	0	0	0	0	0	0	40578	1	0	0	0	0	0	0	0	0	0	0	0	0	0	0	0	0	0	0					
	3652	물의정복자	0	0	0	0	0	0	0	0	0	40579	1	0	0	0	0	0	0	0	0	0	0	0	0	0	0	0	0	0	0					
	3653	저주받은탑불의시련	0	0	0	0	0	0	0	0	0	63022	1	0	0	0	0	0	0	0	0	0	0	0	0	0	0	0	0	0	0					
	3654	불의시련	0	146644	0	0	0	0	0	0	0	40571	1	0	0	0	0	0	0	0	0	0	0	0	0	0	0	0	0	0	0					
	3655	화염의지배자	0	0	0	0	0	0	0	0	0	40580	1	0	0	0	0	0	0	0	0	0	0	0	0	0	0	0	0	0	0					
	3656	불의정복자	0	0	0	0	0	0	0	0	0	40581	1	0	0	0	0	0	0	0	0	0	0	0	0	0	0	0	0	0	0					
	3657	저주받은탑바람의시련	0	0	0	0	0	0	0	0	0	63023	1	0	0	0	0	0	0	0	0	0	0	0	0	0	0	0	0	0	0					
	3658	바람의시련	0	208845	0	0	0	0	0	0	0	40572	1	0	0	0	0	0	0	0	0	0	0	0	0	0	0	0	0	0	0					
	3659	칼버스	0	0	0	0	0	0	0	0	0	40582	1	0	0	0	0	0	0	0	0	0	0	0	0	0	0	0	0	0	0					
	3660	바람의정복자	0	0	0	0	0	0	0	0	0	40583	1	0	0	0	0	0	0	0	0	0	0	0	0	0	0	0	0	0	0					
	3661	저주받은탑어둠의시련	0	0	0	0	0	0	0	0	0	6699	1	0	0	0	0	0	0	0	0	0	0	0	0	0	0	0	0	0	0					
	3662	어둠의시련	0	4999182	0	0	0	0	0	0	0	40573	1	0	0	0	0	0	0	0	0	0	0	0	0	0	0	0	0	0	0					
	3663	어둠의전사	0	0	0	0	0	0	0	0	0	40584	1	0	0	0	0	0	0	0	0	0	0	0	0	0	0	0	0	0	0					
	3664	어둠의정복자	0	0	0	0	0	0	0	0	0	0	0	0	0	0	0	0	0	0	0	0	0	0	0	0	0	0	0	0	0					
//	제국전령제지미션퀘스트추가								0	0									0			0			0			0			0					
	3665	제국전령제지	0	0	2100	0	0	0	0	0	0	0	0	0	0	0	0	0	0	0	0	0	0	0	0	0	0	0	0	0	0					
	3666	5개의이동장치(1)	0	0	2100	0	0	0	0	0	0	0	0	0	0	0	0	0	0	0	0	0	0	0	0	0	0	0	0	0	0					
	3667	5개의이동장치(2)	0	0	2100	0	0	0	0	0	0	0	0	0	0	0	0	0	0	0	0	0	0	0	0	0	0	0	0	0	0					
	3668	5개의이동장치(3)	0	0	2100	0	0	0	0	0	0	0	0	0	0	0	0	0	0	0	0	0	0	0	0	0	0	0	0	0	0					
	3669	5개의이동장치(4)	0	0	2100	0	0	0	0	0	0	0	0	0	0	0	0	0	0	0	0	0	0	0	0	0	0	0	0	0	0					
	3670	5개의이동장치(5)	0	0	2100	0	0	0	0	0	0	0	0	0	0	0	0	0	0	0	0	0	0	0	0	0	0	0	0	0	0					
	3671	5개의이동장치(6)	0	0	2100	0	0	0	0	0	0	0	0	0	0	0	0	0	0	0	0	0	0	0	0	0	0	0	0	0	0					
	3672	5개의이동장치(7)	0	0	2100	0	0	0	0	0	0	0	0	0	0	0	0	0	0	0	0	0	0	0	0	0	0	0	0	0	0					
	3673	제국전령이비스를제지하라!	0	0	2500	0	0	0	0	0	0	0	0	0	0	0	0	0	0	0	0	0	0	0	0	0	0	0	0	0	0					
//	성외곽에서의전투미션퀘스트추가								0	0									0			0			0			0			0					
	3674	치열한전투	0	0	2300	0	0	0	0	0	0	0	0	0	0	0	0	0	0	0	0	0	0	0	0	0	0	0	0	0	0					
	3675	칼날얼음마족공략	0	0	2300	0	0	0	0	0	0	0	0	0	0	0	0	0	0	0	0	0	0	0	0	0	0	0	0	0	0					
	3676	핏빛서리마족공략	0	0	2300	0	0	0	0	0	0	0	0	0	0	0	0	0	0	0	0	0	0	0	0	0	0	0	0	0	0					
	3677	폭풍의칼칸!!	0	0	2300	0	0	0	0	0	0	0	0	0	0	0	0	0	0	0	0	0	0	0	0	0	0	0	0	0	0					
	3678	폭풍의칼칸처치!!	0	0	2300	0	0	0	0	0	0	0	0	0	0	0	0	0	0	0	0	0	0	0	0	0	0	0	0	0	0					
	3679	입성!그리고핏빛서리대장과의전투	0	0	2800	0	0	0	0	0	0	0	0	0	0	0	0	0	0	0	0	0	0	0	0	0	0	0	0	0	0					
	3680	입성!그리고칼날얼음대장과의전투	0	0	2800	0	0	0	0	0	0	0	0	0	0	0	0	0	0	0	0	0	0	0	0	0	0	0	0	0	0					
//	설원2차진격미션퀘스트추가								0	0									0			0			0			0			0					
	3681	동쪽감시탑제거	0	0	2500	0	0	0	0	0	0	0	0	0	0	0	0	0	0	0	0	0	0	0	0	0	0	0	0	0	0					
	3682	남쪽감시탑제거	0	0	2500	0	0	0	0	0	0	0	0	0	0	0	0	0	0	0	0	0	0	0	0	0	0	0	0	0	0					
	3683	서쪽감시탑제거	0	0	2500	0	0	0	0	0	0	0	0	0	0	0	0	0	0	0	0	0	0	0	0	0	0	0	0	0	0					
	3684	북쪽감시탑제거	0	0	2500	0	0	0	0	0	0	0	0	0	0	0	0	0	0	0	0	0	0	0	0	0	0	0	0	0	0					
	3685	얼어붙은정원의수호자들	0	0	2500	0	0	0	0	0	0	0	0	0	0	0	0	0	0	0	0	0	0	0	0	0	0	0	0	0	0					
	3686	서쪽탑의수호자처치	0	0	2500	0	0	0	0	0	0	0	0	0	0	0	0	0	0	0	0	0	0	0	0	0	0	0	0	0	0					
	3687	동쪽탑의수호자처치	0	0	2500	0	0	0	0	0	0	0	0	0	0	0	0	0	0	0	0	0	0	0	0	0	0	0	0	0	0					
	3688	입성!!	0	0	2500	0	0	0	0	0	0	0	0	0	0	0	0	0	0	0	0	0	0	0	0	0	0	0	0	0	0					
	3689	얼음성의5대사령관!!	0	0	2500	0	0	0	0	0	0	0	0	0	0	0	0	0	0	0	0	0	0	0	0	0	0	0	0	0	0					
	3690	얼음성의사제처단	0	0	3000	0	0	0	0	0	0	0	0	0	0	0	0	0	0	0	0	0	0	0	0	0	0	0	0	0	0					
//	얼어붙은궁전(메인)미션퀘스트추가								0	0									0			0			0			0			0					
	3691	끊어진길	0	0	2800	0	0	0	0	0	0	0	0	0	0	0	0	0	0	0	0	0	0	0	0	0	0	0	0	0	0					
	3692	탐색병다니엘	0	0	2800	0	0	0	0	0	0	0	0	0	0	0	0	0	0	0	0	0	0	0	0	0	0	0	0	0	0					
	3693	얼음녹이기	0	0	2800	0	0	0	0	0	0	0	0	0	0	0	0	0	0	0	0	0	0	0	0	0	0	0	0	0	0					
	3694	얼어붙은정원으로…	0	0	2800	0	0	0	0	0	0	0	0	0	0	0	0	0	0	0	0	0	0	0	0	0	0	0	0	0	0					
	3695	함정탈출1	0	0	2800	0	0	0	0	0	0	0	0	0	0	0	0	0	0	0	0	0	0	0	0	0	0	0	0	0	0					
	3696	함정탈출2	0	0	2800	0	0	0	0	0	0	0	0	0	0	0	0	0	0	0	0	0	0	0	0	0	0	0	0	0	0					
	3697	함정탈출3	0	0	2800	0	0	0	0	0	0	0	0	0	0	0	0	0	0	0	0	0	0	0	0	0	0	0	0	0	0					
	3698	정원다리연결	0	0	2800	0	0	0	0	0	0	0	0	0	0	0	0	0	0	0	0	0	0	0	0	0	0	0	0	0	0					
	3699	추종자베힐리트제거	0	0	2800	0	0	0	0	0	0	0	0	0	0	0	0	0	0	0	0	0	0	0	0	0	0	0	0	0	0					
	3700	바론폰리비히	0	0	2800	0	0	0	0	0	0	0	0	0	0	0	0	0	0	0	0	0	0	0	0	0	0	0	0	0	0					
	3701	북풍의방을향하여	0	0	2800	0	0	0	0	0	0	0	0	0	0	0	0	0	0	0	0	0	0	0	0	0	0	0	0	0	0					
	3702	얼어붙은성의주인	0	0	3500	0	0	0	0	0	0	0	0	0	0	0	0	0	0	0	0	0	0	0	0	0	0	0	0	0	0					
//	계곡입구정찰미션퀘스트추가								0	0									0			0			0			0			0					
	3703	3개의봉인된두루마리	0	0	3800	0	0	0	0	0	0	0	0	0	0	0	0	0	0	0	0	0	0	0	0	0	0	0	0	0	0					
	3704	로툴스구출	0	0	3800	0	0	0	0	0	0	0	0	0	0	0	0	0	0	0	0	0	0	0	0	0	0	0	0	0	0					
	3705	용기사단추격병격퇴	0	74933	3800	0	0	0	0	0	0	0	0	0	0	0	0	0	0	0	0	0	0	0	0	0	0	0	0	0	0					
	3706	로툴스구출완료	0	0	3800	0	0	0	0	0	0	0	0	0	0	0	0	0	0	0	0	0	0	0	0	0	0	0	0	0	0					
	3707	끊어진다리연결	0	0	3800	0	0	0	0	0	0	0	0	0	0	0	0	0	0	0	0	0	0	0	0	0	0	0	0	0	0					
	3708	용암계곡의결계마법사	0	0	4300	0	0	0	0	0	0	0	0	0	0	0	0	0	0	0	0	0	0	0	0	0	0	0	0	0	0					
//	추격의실마리미션퀘스트추가								0	0									0			0			0			0			0					
	3709	쫓고쫓기는추격전	0	0	4000	0	0	0	0	0	0	0	0	0	0	0	0	0	0	0	0	0	0	0	0	0	0	0	0	0	0					
	3710	추격	0	0	4000	0	0	0	0	0	0	0	0	0	0	0	0	0	0	0	0	0	0	0	0	0	0	0	0	0	0					
	3711	잊혀진정령의힘	0	0	4000	0	0	0	0	0	0	0	0	0	0	0	0	0	0	0	0	0	0	0	0	0	0	0	0	0	0					
	3712	드디어열린오른쪽문	0	0	4000	0	0	0	0	0	0	0	0	0	0	0	0	0	0	0	0	0	0	0	0	0	0	0	0	0	0					
	3713	계속되는추격	0	0	4000	0	0	0	0	0	0	0	0	0	0	0	0	0	0	0	0	0	0	0	0	0	0	0	0	0	0					
	3714	추격의끝	0	0	4800	0	0	0	0	0	0	0	0	0	0	0	0	0	0	0	0	0	0	0	0	0	0	0	0	0	0					
//	용족수장구출미션퀘스트추가								0	0									0			0			0			0			0					
	3715	용족수장의행방	0	0	4300	0	0	0	0	0	0	0	0	0	0	0	0	0	0	0	0	0	0	0	0	0	0	0	0	0	0					
	3716	화산안개속으로…	0	0	4300	0	0	0	0	0	0	0	0	0	0	0	0	0	0	0	0	0	0	0	0	0	0	0	0	0	0					
	3717	위험한포탈	0	0	4300	0	0	0	0	0	0	0	0	0	0	0	0	0	0	0	0	0	0	0	0	0	0	0	0	0	0					
	3718	문뒤의적들	0	0	4300	0	0	0	0	0	0	0	0	0	0	0	0	0	0	0	0	0	0	0	0	0	0	0	0	0	0					
	3719	돌파	0	0	4300	0	0	0	0	0	0	0	0	0	0	0	0	0	0	0	0	0	0	0	0	0	0	0	0	0	0					
	3720	첫번째포탈	0	0	4300	0	0	0	0	0	0	0	0	0	0	0	0	0	0	0	0	0	0	0	0	0	0	0	0	0	0					
	3721	속임수	0	0	4300	0	0	0	0	0	0	0	0	0	0	0	0	0	0	0	0	0	0	0	0	0	0	0	0	0	0					
	3722	두번째포탈	0	0	4300	0	0	0	0	0	0	0	0	0	0	0	0	0	0	0	0	0	0	0	0	0	0	0	0	0	0					
	3723	계속되는속임수	0	0	4300	0	0	0	0	0	0	0	0	0	0	0	0	0	0	0	0	0	0	0	0	0	0	0	0	0	0					
	3724	마지막포탈을향해서	0	0	4300	0	0	0	0	0	0	0	0	0	0	0	0	0	0	0	0	0	0	0	0	0	0	0	0	0	0					
	3725	위험한오르막길	0	0	4300	0	0	0	0	0	0	0	0	0	0	0	0	0	0	0	0	0	0	0	0	0	0	0	0	0	0					
	3726	마지막포탈	0	0	4300	0	0	0	0	0	0	0	0	0	0	0	0	0	0	0	0	0	0	0	0	0	0	0	0	0	0					
	3727	용족수장구출!!	0	0	5100	0	0	0	0	0	0	0	0	0	0	0	0	0	0	0	0	0	0	0	0	0	0	0	0	0	0					
//	용족의계곡(메인)미션퀘스트추가								0	0									0			0			0			0			0					
	3728	용암계곡의다리연결	0	0	4900	0	0	0	0	0	0	0	0	0	0	0	0	0	0	0	0	0	0	0	0	0	0	0	0	0	0					
	3729	제단의수호자들	0	0	4900	0	0	0	0	0	0	0	0	0	0	0	0	0	0	0	0	0	0	0	0	0	0	0	0	0	0					
	3730	진격	0	0	4900	0	0	0	0	0	0	0	0	0	0	0	0	0	0	0	0	0	0	0	0	0	0	0	0	0	0					
	3731	고고학전문가존스	0	0	4900	0	0	0	0	0	0	0	0	0	0	0	0	0	0	0	0	0	0	0	0	0	0	0	0	0	0					
	3732	끊어진다리와4개의뿔	0	0	4900	0	0	0	0	0	0	0	0	0	0	0	0	0	0	0	0	0	0	0	0	0	0	0	0	0	0					
	3733	봉인된자	0	0	4900	0	0	0	0	0	0	0	0	0	0	0	0	0	0	0	0	0	0	0	0	0	0	0	0	0	0					
	3734	봉인해제의주문서	0	0	4900	0	0	0	0	0	0	0	0	0	0	0	0	0	0	0	0	0	0	0	0	0	0	0	0	0	0					
	3735	함정에빠진멀덕과스컬린	0	0	4900	0	0	0	0	0	0	0	0	0	0	0	0	0	0	0	0	0	0	0	0	0	0	0	0	0	0					
	3736	성지를향해	0	0	4900	0	0	0	0	0	0	0	0	0	0	0	0	0	0	0	0	0	0	0	0	0	0	0	0	0	0					
	3737	정찰대의정찰결과	0	0	4900	0	0	0	0	0	0	0	0	0	0	0	0	0	0	0	0	0	0	0	0	0	0	0	0	0	0					
	3738	수색대의수색결과	0	0	4900	0	0	0	0	0	0	0	0	0	0	0	0	0	0	0	0	0	0	0	0	0	0	0	0	0	0					
	3739	최후의전투	0	0	6500	0	0	0	0	0	0	0	0	0	0	0	0	0	0	0	0	0	0	0	0	0	0	0	0	0	0					
//	대제례추적미션퀘스트추가								0	0									0			0			0			0			0					
	3740	날카로운발톱	0	10000	60000	0	0	0	0	0	0	4003	10	0	0	0	0	0	0	0	0	0	0	0	0	0	0	0	0	0	0					
	3741	단단한뒷꿈치뼈조각	0	20000	80000	0	0	0	0	0	0	4015	5	0	0	0	0	0	0	0	0	0	0	0	0	0	0	0	0	0	0					
	3742	잘려진두꺼운송곳니	0	60000	500000	0	0	0	0	0	0	4015	10	0	0	0	0	0	0	0	0	0	0	0	0	0	0	0	0	0	0					
	3743	영원의반지	0	100000	1000000	0	0	0	0	0	0	62010	1	0	0	0	0	0	0	0	0	0	0	0	0	0	0	0	0	0	0					
//	숨겨진위험미션퀘스트추가								0	0									0			0			0			0			0					
	3744	광신도의투구	0	15000	70000	0	0	0	0	0	0	4003	15	0	0	0	0	0	0	0	0	0	0	0	0	0	0	0	0	0	0					
	3745	파수견의날카로운어금니	0	30000	90000	0	0	0	0	0	0	4015	10	0	0	0	0	0	0	0	0	0	0	0	0	0	0	0	0	0	0					
	3746	맹신자의팬던트	0	70000	600000	0	0	0	0	0	0	4015	15	0	0	0	0	0	0	0	0	0	0	0	0	0	0	0	0	0	0					
	3747	잊혀진기사의검	0	150000	1500000	0	0	0	0	0	0	62008	1	0	0	0	0	0	0	0	0	0	0	0	0	0	0	0	0	0	0					
//	암흑의전당을향해미션퀘스트추가								0	0									0			0			0			0			0					
	3748	하이델가문의창	0	20000	80000	0	0	0	0	0	0	4003	20	0	0	0	0	0	0	0	0	0	0	0	0	0	0	0	0	0	0					
	3749	불꽃의팬던트	0	40000	100000	0	0	0	0	0	0	4015	15	0	0	0	0	0	0	0	0	0	0	0	0	0	0	0	0	0	0					
	3750	마법의망치	0	80000	700000	0	0	0	0	0	0	4015	20	0	0	0	0	0	0	0	0	0	0	0	0	0	0	0	0	0	0					
	3751	별의기사의팬던트	0	200000	2000000	0	0	0	0	0	0	62009	1	0	0	0	0	0	0	0	0	0	0	0	0	0	0	0	0	0	0					
//	어둠의제단미션퀘스트추가								0	0									0			0			0			0			0					
	3752	마리안느의소심한복수	0	10000	10000	0	0	0	0	0	0	0	0	0	0	0	0	0	0	0	0	0	0	0	0	0	0	0	0	0	0					
	3753	마리안느의싱거운복수	0	50000	50000	0	0	0	0	0	0	0	0	0	0	0	0	0	0	0	0	0	0	0	0	0	0	0	0	0	0					
	3754	마리안느의무서운복수	0	100000	100000	0	0	0	0	0	0	0	0	0	0	0	0	0	0	0	0	0	0	0	0	0	0	0	0	0	0					
	3755	마리안느의잔인한복수	0	150000	200000	0	0	0	0	0	0	0	0	0	0	0	0	0	0	0	0	0	0	0	0	0	0	0	0	0	0					
//	아이올트공동묘지(메인)미션퀘스트추가								0	0									0			0			0			0			0					
	3756	너희들의실력을보이라!!	0	150000	300000	0	0	0	0	0	0	0	0	0	0	0	0	0	0	0	0	0	0	0	0	0	0	0	0	0	0					
	3757	너희들의실력을보이라!!	0	200000	500000	0	0	0	0	0	0	0	0	0	0	0	0	0	0	0	0	0	0	0	0	0	0	0	0	0	0					
	3758	너희들의실력을보이라!!	0	300000	1000000	0	0	0	0	0	0	0	0	0	0	0	0	0	0	0	0	0	0	0	0	0	0	0	0	0	0					
	3759	너희들의실력을보이라!!	0	500000	3000000	0	0	0	0	0	0	0	0	0	0	0	0	0	0	0	0	0	0	0	0	0	0	0	0	0	0					
//	0904연속퀘스트								0	0									0			0			0			0			0					
	3760	슈제트의시험	0	73079	14400	0	0	0	0	0	0	0	0	0	0	0	0	0	0	0	0	0	0	0	0	0	0	0	0	0	0					
	3761	일반몬스터사냥	0	304429	0	0	0	0	0	0	0	0	0	0	0	0	0	0	0	0	0	0	0	0	0	0	0	0	0	0	0					
	3762	정예몬스터사냥	0	304429	0	0	0	0	0	0	0	0	0	0	0	0	0	0	0	0	0	0	0	0	0	0	0	0	0	0	0					
	3763	리더몬스터사냥	0	304429	0	0	0	0	0	0	0	0	0	0	0	0	0	0	0	0	0	0	0	0	0	0	0	0	0	0	0					
	3764	캡틴몬스터사냥	0	304429	0	0	0	0	0	0	0	0	0	0	0	0	0	0	0	0	0	0	0	0	0	0	0	0	0	0	0					
	3765	보스몬스터사냥	0	304429	0	0	0	0	0	0	0	0	0	0	0	0	0	0	0	0	0	0	0	0	0	0	0	0	0	0	0					
	3766	고룡무덤	0	73079	0	0	0	0	0	0	0	0	0	0	0	0	0	0	0	0	0	0	0	0	0	0	0	0	0	0	0					
	3767	정찰부대장의부탁	0	304429	28800	0	0	0	0	0	0	0	0	0	0	0	0	0	0	0	0	0	0	0	0	0	0	0	0	0	0					
	3768	분쟁지역탐사	0	304429	0	0	0	0	0	0	0	0	0	0	0	0	0	0	0	0	0	0	0	0	0	0	0	0	0	0	0					
	3769	사라진전령	0	304429	0	0	0	0	0	0	0	0	0	0	0	0	0	0	0	0	0	0	0	0	0	0	0	0	0	0	0					
	3770	고룡무덤의적들	0	304429	0	0	0	0	0	0	0	0	0	0	0	0	0	0	0	0	0	0	0	0	0	0	0	0	0	0	0					
	3771	부족한무기	0	304429	0	0	0	0	0	0	0	0	0	0	0	0	0	0	0	0	0	0	0	0	0	0	0	0	0	0	0					
	3772	부족한보급품	0	304429	0	0	0	0	0	0	0	0	0	0	0	0	0	0	0	0	0	0	0	0	0	0	0	0	0	0	0					
	3773	슈제트의부름	0	73079	0	0	0	0	0	0	0	40654	1	0	0	0	0	0	0	0	0	0	0	0	0	0	0	0	0	0	0					
	3774	알트하임의왕국의기록1	0	314930	28800	0	0	0	0	0	0	0	0	0	0	0	0	0	0	0	0	0	0	0	0	0	0	0	0	0	0					
	3775	알리시아의서	0	73079	0	0	0	0	0	0	0	0	0	0	0	0	0	0	0	0	0	0	0	0	0	0	0	0	0	0	0					
	3776	알트하임의영웅서1	0	73079	0	0	0	0	0	0	0	0	0	0	0	0	0	0	0	0	0	0	0	0	0	0	0	0	0	0	0					
	3777	알트하임의영웅서2	0	314930	0	0	0	0	0	0	0	0	0	0	0	0	0	0	0	0	0	0	0	0	0	0	0	0	0	0	0					
	3778	알트하임왕국의기록2	0	314930	28800	0	0	0	0	0	0	0	0	0	0	0	0	0	0	0	0	0	0	0	0	0	0	0	0	0	0					
	3779	신비의영약만들기1	0	314930	0	0	0	0	0	0	0	0	0	0	0	0	0	0	0	0	0	0	0	0	0	0	0	0	0	0	0					
	3780	신비의영약만들기2	0	314930	0	0	0	0	0	0	0	0	0	0	0	0	0	0	0	0	0	0	0	0	0	0	0	0	0	0	0					
	3781	알트하임왕국의기록3	0	314930	43200	0	0	0	0	0	0	40648	1	0	0	0	0	0	0	0	0	0	0	0	0	0	0	0	0	0	0					
	3782	전사의기록1	0	73079	0	0	0	0	0	0	0	0	0	0	0	0	0	0	0	0	0	0	0	0	0	0	0	0	0	0	0					
	3783	전사의기록2	0	314930	0	0	0	0	0	0	0	0	0	0	0	0	0	0	0	0	0	0	0	0	0	0	0	0	0	0	0					
	3784	얼어붙은마법사1	0	73079	0	0	0	0	0	0	0	0	0	0	0	0	0	0	0	0	0	0	0	0	0	0	0	0	0	0	0					
	3785	얼어붙은마법사2	0	314930	0	0	0	0	0	0	0	0	0	0	0	0	0	0	0	0	0	0	0	0	0	0	0	0	0	0	0					
	3786	용족의기록1	0	73079	0	0	0	0	0	0	0	0	0	0	0	0	0	0	0	0	0	0	0	0	0	0	0	0	0	0	0					
	3787	용족의기록2	0	314930	0	0	0	0	0	0	0	0	0	0	0	0	0	0	0	0	0	0	0	0	0	0	0	0	0	0	0					
	3788	자연의기록1	0	73079	0	0	0	0	0	0	0	0	0	0	0	0	0	0	0	0	0	0	0	0	0	0	0	0	0	0	0					
	3789	자연의기록2	0	314930	0	0	0	0	0	0	0	0	0	0	0	0	0	0	0	0	0	0	0	0	0	0	0	0	0	0	0					
	3790	기록의검토1	0	325723	0	0	0	0	0	0	0	0	0	0	0	0	0	0	0	0	0	0	0	0	0	0	0	0	0	0	0					
	3791	난첩자가아닙니다.	0	73079	0	0	0	0	0	0	0	0	0	0	0	0	0	0	0	0	0	0	0	0	0	0	0	0	0	0	0					
	3792	명예회복의기회	0	325723	43200	0	0	0	0	0	0	0	0	0	0	0	0	0	0	0	0	0	0	0	0	0	0	0	0	0	0					
	3793	명예회복1	0	325723	0	0	0	0	0	0	0	0	0	0	0	0	0	0	0	0	0	0	0	0	0	0	0	0	0	0	0					
	3794	명예회복2	0	325723	0	0	0	0	0	0	0	0	0	0	0	0	0	0	0	0	0	0	0	0	0	0	0	0	0	0	0					
	3795	명예회복3	0	325723	0	0	0	0	0	0	0	0	0	0	0	0	0	0	0	0	0	0	0	0	0	0	0	0	0	0	0					
	3796	멈추지않는의심	0	325723	0	0	0	0	0	0	0	0	0	0	0	0	0	0	0	0	0	0	0	0	0	0	0	0	0	0	0					
	3797	첩자를찾아라	0	325723	43200	0	0	0	0	0	0	0	0	0	0	0	0	0	0	0	0	0	0	0	0	0	0	0	0	0	0					
	3798	에텔레인의첩자1	0	325723	0	0	0	0	0	0	0	0	0	0	0	0	0	0	0	0	0	0	0	0	0	0	0	0	0	0	0					
	3799	에텔레인의첩자2	0	325723	0	0	0	0	0	0	0	0	0	0	0	0	0	0	0	0	0	0	0	0	0	0	0	0	0	0	0					
	3800	에텔레인의첩자3	0	325723	0	0	0	0	0	0	0	0	0	0	0	0	0	0	0	0	0	0	0	0	0	0	0	0	0	0	0					
	3801	심문결과	0	336831	28800	0	0	0	0	0	0	40649	1	0	0	0	0	0	0	0	0	0	0	0	0	0	0	0	0	0	0					
	3802	현혹된턴코트	0	336831	0	0	0	0	0	0	0	0	0	0	0	0	0	0	0	0	0	0	0	0	0	0	0	0	0	0	0					
	3803	정신차린턴코트	0	336831	0	0	0	0	0	0	0	0	0	0	0	0	0	0	0	0	0	0	0	0	0	0	0	0	0	0	0					
	3804	도망친첩자추적	0	336831	28800	0	0	0	0	0	0	0	0	0	0	0	0	0	0	0	0	0	0	0	0	0	0	0	0	0	0					
	3805	도망친첩자	0	336831	0	0	0	0	0	0	0	0	0	0	0	0	0	0	0	0	0	0	0	0	0	0	0	0	0	0	0					
	3806	기록의검토2	0	73079	0	0	0	0	0	0	0	0	0	0	0	0	0	0	0	0	0	0	0	0	0	0	0	0	0	0	0					
	3807	알트하임왕국의후손	0	73079	0	0	0	0	0	0	0	0	0	0	0	0	0	0	0	0	0	0	0	0	0	0	0	0	0	0	0					
	3808	잃어버린기록	0	336831	28800	0	0	0	0	0	0	0	0	0	0	0	0	0	0	0	0	0	0	0	0	0	0	0	0	0	0					
	3809	제국의첩자	0	336831	0	0	0	0	0	0	0	0	0	0	0	0	0	0	0	0	0	0	0	0	0	0	0	0	0	0	0					
	3810	가보의비밀	0	336831	0	0	0	0	0	0	0	0	0	0	0	0	0	0	0	0	0	0	0	0	0	0	0	0	0	0	0					
	3811	알리시아	0	336831	0	0	0	0	0	0	0	0	0	0	0	0	0	0	0	0	0	0	0	0	0	0	0	0	0	0	0					
	3812	알트하임의공주	0	336831	0	0	0	0	0	0	0	40650	1	0	0	0	0	0	0	0	0	0	0	0	0	0	0	0	0	0	0					
	3813	프리츠의이야기	0	348241	72000	0	0	0	0	0	0	0	0	0	0	0	0	0	0	0	0	0	0	0	0	0	0	0	0	0	0					
	3814	형제의이야기1	0	73079	0	0	0	0	0	0	0	0	0	0	0	0	0	0	0	0	0	0	0	0	0	0	0	0	0	0	0					
	3815	형제의이야기2	0	348241	0	0	0	0	0	0	0	0	0	0	0	0	0	0	0	0	0	0	0	0	0	0	0	0	0	0	0					
	3816	어둠의힘	0	348241	0	0	0	0	0	0	0	0	0	0	0	0	0	0	0	0	0	0	0	0	0	0	0	0	0	0	0					
	3817	인간의나약함	0	348241	0	0	0	0	0	0	0	0	0	0	0	0	0	0	0	0	0	0	0	0	0	0	0	0	0	0	0					
	3818	어둠의제왕	0	348241	0	0	0	0	0	0	0	40627	1	0	0	0	0	0	0	0	0	0	0	0	0	0	0	0	0	0	0					
	3819	알리시아의영혼	0	348241	86400	0	0	0	0	0	0	0	0	0	0	0	0	0	0	0	0	0	0	0	0	0	0	0	0	0	0					
	3820	영매의실타래1	0	73079	0	0	0	0	0	0	0	0	0	0	0	0	0	0	0	0	0	0	0	0	0	0	0	0	0	0	0					
	3821	영매의실타래2	0	348241	0	0	0	0	0	0	0	40628	1	0	0	0	0	0	0	0	0	0	0	0	0	0	0	0	0	0	0					
	3822	정령의영혼	0	348241	0	0	0	0	0	0	0	40630	1	0	0	0	0	0	0	0	0	0	0	0	0	0	0	0	0	0	0					
	3823	악마의영혼	0	348241	0	0	0	0	0	0	0	40631	1	0	0	0	0	0	0	0	0	0	0	0	0	0	0	0	0	0	0					
	3824	알리시아의유품1	0	73079	0	0	0	0	0	0	0	0	0	0	0	0	0	0	0	0	0	0	0	0	0	0	0	0	0	0	0					
	3825	알리시아의유품2	0	73079	0	0	0	0	0	0	0	0	0	0	0	0	0	0	0	0	0	0	0	0	0	0	0	0	0	0	0					
	3826	알리시아의유품3	0	348241	0	0	0	0	0	0	0	40764	1	0	0	0	0	0	0	0	0	0	0	0	0	0	0	0	0	0	0					
	3827	소환의식1	0	359971	43200	0	0	0	0	0	0	0	0	0	0	0	0	0	0	0	0	0	0	0	0	0	0	0	0	0	0					
	3828	영혼의메시지	0	359971	0	0	0	0	0	0	0	0	0	0	0	0	0	0	0	0	0	0	0	0	0	0	0	0	0	0	0					
	3829	추적종료	0	359971	0	0	0	0	0	0	0	40651	1	0	0	0	0	0	0	0	0	0	0	0	0	0	0	0	0	0	0					
	3830	용족지원	0	73079	0	0	0	0	0	0	0	0	0	0	0	0	0	0	0	0	0	0	0	0	0	0	0	0	0	0	0					
	3831	남아있는적들1	0	359971	43200	0	0	0	0	0	0	0	0	0	0	0	0	0	0	0	0	0	0	0	0	0	0	0	0	0	0					
	3832	적병소탕작전1	0	359971	0	0	0	0	0	0	0	0	0	0	0	0	0	0	0	0	0	0	0	0	0	0	0	0	0	0	0					
	3833	적병소탕작전2	0	359971	0	0	0	0	0	0	0	0	0	0	0	0	0	0	0	0	0	0	0	0	0	0	0	0	0	0	0					
	3834	적병소탕작전3	0	359971	0	0	0	0	0	0	0	0	0	0	0	0	0	0	0	0	0	0	0	0	0	0	0	0	0	0	0					
	3835	남아있는적들2	0	359971	43200	0	0	0	0	0	0	0	0	0	0	0	0	0	0	0	0	0	0	0	0	0	0	0	0	0	0					
	3836	남은적병소탕1	0	359971	0	0	0	0	0	0	0	0	0	0	0	0	0	0	0	0	0	0	0	0	0	0	0	0	0	0	0					
	3837	남은적병소탕2	0	359971	0	0	0	0	0	0	0	0	0	0	0	0	0	0	0	0	0	0	0	0	0	0	0	0	0	0	0					
	3838	남은적병소탕3	0	359971	0	0	0	0	0	0	0	0	0	0	0	0	0	0	0	0	0	0	0	0	0	0	0	0	0	0	0					
	3839	남은적병소탕4	0	359971	0	0	0	0	0	0	0	0	0	0	0	0	0	0	0	0	0	0	0	0	0	0	0	0	0	0	0					
	3840	계속되는전투	0	73079	0	0	0	0	0	0	0	0	0	0	0	0	0	0	0	0	0	0	0	0	0	0	0	0	0	0	0					
	3841	영혼의메시지2	0	372020	72000	0	0	0	0	0	0	0	0	0	0	0	0	0	0	0	0	0	0	0	0	0	0	0	0	0	0					
	3842	용사의영혼	0	372020	0	0	0	0	0	0	0	0	0	0	0	0	0	0	0	0	0	0	0	0	0	0	0	0	0	0	0					
	3843	악마의피	0	372020	0	0	0	0	0	0	0	0	0	0	0	0	0	0	0	0	0	0	0	0	0	0	0	0	0	0	0					
	3844	저주받은목걸이	0	372020	0	0	0	0	0	0	0	0	0	0	0	0	0	0	0	0	0	0	0	0	0	0	0	0	0	0	0					
	3845	저주받은반지	0	372020	0	0	0	0	0	0	0	0	0	0	0	0	0	0	0	0	0	0	0	0	0	0	0	0	0	0	0					
	3846	악마의영혼	0	372020	0	0	0	0	0	0	0	0	0	0	0	0	0	0	0	0	0	0	0	0	0	0	0	0	0	0	0					
	3847	주술준비	0	372020	0	0	0	0	0	0	0	40652	1	0	0	0	0	0	0	0	0	0	0	0	0	0	0	0	0	0	0					
	3848	죽음의땅	0	372020	43200	0	0	0	0	0	0	0	0	0	0	0	0	0	0	0	0	0	0	0	0	0	0	0	0	0	0					
	3849	북쪽무덤탐색	0	372020	0	0	0	0	0	0	0	0	0	0	0	0	0	0	0	0	0	0	0	0	0	0	0	0	0	0	0					
	3850	중앙교회탐색	0	372020	0	0	0	0	0	0	0	0	0	0	0	0	0	0	0	0	0	0	0	0	0	0	0	0	0	0	0					
	3851	정찰완료	0	384401	0	0	0	0	0	0	0	0	0	0	0	0	0	0	0	0	0	0	0	0	0	0	0	0	0	0	0					
	3852	아군지원	0	384401	86400	0	0	0	0	0	0	0	0	0	0	0	0	0	0	0	0	0	0	0	0	0	0	0	0	0	0					
	3853	지겨운전투1	0	384401	0	0	0	0	0	0	0	0	0	0	0	0	0	0	0	0	0	0	0	0	0	0	0	0	0	0	0					
	3854	지겨운전투2	0	384401	0	0	0	0	0	0	0	0	0	0	0	0	0	0	0	0	0	0	0	0	0	0	0	0	0	0	0					
	3855	지겨운전투3	0	384401	0	0	0	0	0	0	0	0	0	0	0	0	0	0	0	0	0	0	0	0	0	0	0	0	0	0	0					
	3856	지겨운전투4	0	384401	0	0	0	0	0	0	0	0	0	0	0	0	0	0	0	0	0	0	0	0	0	0	0	0	0	0	0					
	3857	2번째영혼의구슬	0	384401	0	0	0	0	0	0	0	0	0	0	0	0	0	0	0	0	0	0	0	0	0	0	0	0	0	0	0					
	3858	2번째영혼의메시지	0	384401	0	0	0	0	0	0	0	0	0	0	0	0	0	0	0	0	0	0	0	0	0	0	0	0	0	0	0					
	3859	갇혀있는알리시아의영혼(버)	0	384401	0	0	0	0	0	0	0	40642	1	0	0	1	40653	1	0	0	0	0	0	0	0	0	0	0	0	0	0					
	3860	갇혀있는알리시아의영혼(드)	0	384401	0	0	0	0	0	0	0	40643	1	0	0	1	40653	1	0	0	0	0	0	0	0	0	0	0	0	0	0					
	3861	갇혀있는알리시아의영혼(섀)	0	384401	0	0	0	0	0	0	0	40644	1	0	0	1	40653	1	0	0	0	0	0	0	0	0	0	0	0	0	0					
	3862	갇혀있는알리시아의영혼(발)	0	384401	0	0	0	0	0	0	0	40645	1	0	0	1	40653	1	0	0	0	0	0	0	0	0	0	0	0	0	0					
	3863	갇혀있는알리시아의영혼(엘)	0	384401	0	0	0	0	0	0	0	40646	1	0	0	1	40653	1	0	0	0	0	0	0	0	0	0	0	0	0	0					
//	헬론의성_0905								0	0									0			0			0			0			0					
	//오크라마을_칼리다스								0	0									0			0			0			0			0					
	3864	자얀티의통보	0	1000000	0	0	0	0	0	0	0	0	0	0	0	0	0	0	0	0	0	0	0	0	0	0	0	0	0	0	0					
	3865	크롤리버사의조언	0	1000000	0	0	0	0	0	0	0	0	0	0	0	0	0	0	0	0	0	0	0	0	0	0	0	0	0	0	0					
	3866	사랑의묘약1	0	1000000	0	0	0	0	0	0	0	0	0	0	0	0	0	0	0	0	0	0	0	0	0	0	0	0	0	0	0					
	3867	묘약의재료1	0	1000000	0	0	0	0	0	0	0	0	0	0	0	0	0	0	0	0	0	0	0	0	0	0	0	0	0	0	0					
	3868	묘약의재료2	0	1000000	0	0	0	0	0	0	0	0	0	0	0	0	0	0	0	0	0	0	0	0	0	0	0	0	0	0	0					
	3869	사랑의묘약2	0	1000000	0	0	0	0	0	0	0	0	0	0	0	0	0	0	0	0	0	0	0	0	0	0	0	0	0	0	0					
	3870	사랑의묘약3	0	1000000	0	0	0	0	0	0	0	0	0	0	0	0	0	0	0	0	0	0	0	0	0	0	0	0	0	0	0					
	3871	사랑의묘약을그대에게	0	1000000	0	0	0	0	0	0	0	0	0	0	0	0	0	0	0	0	0	0	0	0	0	0	0	0	0	0	0					
	3872	분노의칼리다스	0	1500000	0	0	0	0	0	0	0	0	0	0	0	0	0	0	0	0	0	0	0	0	0	0	0	0	0	0	0					
	3873	사제의실수	0	1500000	0	0	0	0	0	0	0	0	0	0	0	0	0	0	0	0	0	0	0	0	0	0	0	0	0	0	0					
	//오크라마을_아브하								0	0									0			0			0			0			0					
	3874	오크라의상인	0	0	0	0	0	0	0	0	0	0	0	0	0	0	0	0	0	0	0	0	0	0	0	0	0	0	0	0	0					
	3875	크롤리버사의조건	0	4587541	0	0	0	0	0	0	0	0	0	0	0	0	0	0	0	0	0	0	0	0	0	0	0	0	0	0	0					
	3876	기부금마련하기	0	4587541	0	0	0	0	0	0	0	40660	1	0	0	0	0	0	0	0	0	0	0	0	0	0	0	0	0	0	0					
	3877	신자의보석1	0	0	0	0	0	0	0	0	0	40661	1	0	0	0	0	0	0	0	0	0	0	0	0	0	0	0	0	0	0					
	3878	신자의보석2	0	0	0	0	0	0	0	0	0	40661	1	0	0	0	0	0	0	0	0	0	0	0	0	0	0	0	0	0	0					
	3879	신자의보석3	0	0	0	0	0	0	0	0	0	40661	1	0	0	0	0	0	0	0	0	0	0	0	0	0	0	0	0	0	0					
	3880	신자의보석4	0	0	0	0	0	0	0	0	0	40661	1	0	0	0	0	0	0	0	0	0	0	0	0	0	0	0	0	0	0					
	3881	신자의보석5	0	0	0	0	0	0	0	0	0	40661	1	0	0	0	0	0	0	0	0	0	0	0	0	0	0	0	0	0	0					
	//오크라마을_릴리난		0			0			0	0	0	0	0	0	0	0	0	0	0	0	0	0	0	0	0	0	0	0	0	0	0					
	3882	오크라의악덕상인	0	1500000	0	0	0	0	0	0	0	0	0	0	0	0	0	0	0	0	0	0	0	0	0	0	0	0	0	0	0					
	3883	릴리난의돈	0	1500000	0	0	0	0	0	0	0	0	0	0	0	0	0	0	0	0	0	0	0	0	0	0	0	0	0	0	0					
	3884	자금회수	0	1500000	0	0	0	0	0	0	0	0	0	0	0	0	0	0	0	0	0	0	0	0	0	0	0	0	0	0	0					
	3885	독점	0	1500000	0	0	0	0	0	0	0	0	0	0	0	0	0	0	0	0	0	0	0	0	0	0	0	0	0	0	0					
	3886	탐욕	0	2000000	0	0	0	0	0	0	0	0	0	0	0	0	0	0	0	0	0	0	0	0	0	0	0	0	0	0	0					
	3887	아브하의보물상자	0	2000000	0	0	0	0	0	0	0	40665	1	0	0	0	0	0	0	0	0	0	0	0	0	0	0	0	0	0	0					
	//오크라마을_이지								0	0									0			0			0			0			0					
	3888	숙취해소	0	4587541	0	0	0	0	0	0	0	0	0	0	0	0	0	0	0	0	0	0	0	0	0	0	0	0	0	0	0					
	3889	악어해장국	0	4587541	0	0	0	0	0	0	0	40667	1	0	0	0	0	0	0	0	0	0	0	0	0	0	0	0	0	0	0					
	3890	해장국이필요한가?	0	0	0	0	0	0	0	0	0	40667	1	0	0	0	0	0	0	0	0	0	0	0	0	0	0	0	0	0	0					
	3891	오래묵은술	0	4587541	0	0	0	0	0	0	0	0	0	0	0	0	0	0	0	0	0	0	0	0	0	0	0	0	0	0	0					
	3892	발렌티누스의기억	0	4587541	0	0	0	0	0	0	0	0	0	0	0	0	0	0	0	0	0	0	0	0	0	0	0	0	0	0	0					
	3893	아버지의편지	0	0	0	0	0	0	0	0	0	0	0	0	0	0	0	0	0	0	0	0	0	0	0	0	0	0	0	0	0					
	3894	아버지의술	0	4587541	0	0	0	0	0	0	0	40670	1	0	0	0	0	0	0	0	0	0	0	0	0	0	0	0	0	0	0					
	//오크라마을_가네사								0	0									0			0			0			0			0					
	3895	헬론의폭탄	0	4587541	0	0	0	0	0	0	0	0	0	0	0	0	0	0	0	0	0	0	0	0	0	0	0	0	0	0	0					
	3896	비법서의무기	0	9175082	0	0	0	0	0	0	0	0	0	0	0	0	0	0	0	0	0	0	0	0	0	0	0	0	0	0	0					
	3897	가네사의연금술장치	0	0	0	0	0	0	0	0	0	0	0	0	0	0	0	0	0	0	0	0	0	0	0	0	0	0	0	0	0					
	//오크라마을_마다브								0	0									0			0			0			0			0					
	3898	네벨의늪지대관광공사	0	2000000	0	0	0	0	0	0	0	0	0	0	0	0	0	0	0	0	0	0	0	0	0	0	0	0	0	0	0					
	3899	투자금을모아봅시다	0	2000000	0	0	0	0	0	0	0	0	0	0	0	0	0	0	0	0	0	0	0	0	0	0	0	0	0	0	0					
	3900	야밀의투자	0	2000000	0	0	0	0	0	0	0	0	0	0	0	0	0	0	0	0	0	0	0	0	0	0	0	0	0	0	0					
	3901	늪지대식인꽃의위협	0	2000000	0	0	0	0	0	0	0	40679	1	0	0	0	0	0	0	0	0	0	0	0	0	0	0	0	0	0	0					
	3902	니킬의투자	0	3000000	0	0	0	0	0	0	0	0	0	0	0	0	0	0	0	0	0	0	0	0	0	0	0	0	0	0	0					
	3903	괴조의위협	0	3000000	0	0	0	0	0	0	0	40680	1	0	0	0	0	0	0	0	0	0	0	0	0	0	0	0	0	0	0					
	3904	조합의투자금	0	3000000	0	0	0	0	0	0	0	0	0	0	0	0	0	0	0	0	0	0	0	0	0	0	0	0	0	0	0					
	3905	사라진투자금	0	3000000	0	0	0	0	0	0	0	0	0	0	0	0	0	0	0	0	0	0	0	0	0	0	0	0	0	0	0					
	3906	비어있는자루	0	3000000	28800	0	0	0	0	0	0	0	0	0	0	0	0	0	0	0	0	0	0	0	0	0	0	0	0	0	0					
	//오크라마을_야밀								0	0									0			0			0			0			0					
	3907	야밀의의뢰	0	4587541	0	0	0	0	0	0	0	0	0	0	0	0	0	0	0	0	0	0	0	0	0	0	0	0	0	0	0					
	3908	신속한해결사	0	4587541	0	0	0	0	0	0	0	0	0	0	0	0	0	0	0	0	0	0	0	0	0	0	0	0	0	0	0					
	3909	야밀의돈	0	4587541	0	0	0	0	0	0	0	0	0	0	0	0	0	0	0	0	0	0	0	0	0	0	0	0	0	0	0					
	3910	협박	0	4587541	0	0	0	0	0	0	0	0	0	0	0	0	0	0	0	0	0	0	0	0	0	0	0	0	0	0	0					
	3911	발뺌	0	4587541	0	0	0	0	0	0	0	0	0	0	0	0	0	0	0	0	0	0	0	0	0	0	0	0	0	0	0					
	3912	야밀의투자금	0	4587541	0	0	0	0	0	0	0	40683	1	0	0	0	0	0	0	0	0	0	0	0	0	0	0	0	0	0	0					
	//오크라마을_니킬								0	0									0			0			0			0			0					
	3913	니킬의의뢰	0	4587541	0	0	0	0	0	0	0	0	0	0	0	0	0	0	0	0	0	0	0	0	0	0	0	0	0	0	0					
	3914	때인돈받아드립니다.	0	4587541	0	0	0	0	0	0	0	0	0	0	0	0	0	0	0	0	0	0	0	0	0	0	0	0	0	0	0					
	3915	니킬의돈	0	4587541	0	0	0	0	0	0	0	0	0	0	0	0	0	0	0	0	0	0	0	0	0	0	0	0	0	0	0					
	3916	분비물제작	0	4587541	0	0	0	0	0	0	0	0	0	0	0	0	0	0	0	0	0	0	0	0	0	0	0	0	0	0	0					
	3917	철면피	0	4587541	0	0	0	0	0	0	0	0	0	0	0	0	0	0	0	0	0	0	0	0	0	0	0	0	0	0	0					
	3918	니킬의투자금	0	4587541	0	0	0	0	0	0	0	40689	1	0	0	0	0	0	0	0	0	0	0	0	0	0	0	0	0	0	0					
	3919	자경단의횡포	0	9175082	0	0	0	0	0	0	0	0	0	0	0	0	0	0	0	0	0	0	0	0	0	0	0	0	0	0	0					
	//네벨의늪지대=자경단의횡포+비법서의무기완료이후퀘스트								0	0									0			0			0			0			0					
	//네벨의늪지대_선행퀘스트								0	0									0			0			0			0			0					
	3920	협력제안	0	3000000	0	0	0	0	0	0	0	0	0	0	0	0	0	0	0	0	0	0	0	0	0	0	0	0	0	0	0					
	3921	마을장악계획	0	3000000	0	0	0	0	0	0	0	0	0	0	0	0	0	0	0	0	0	0	0	0	0	0	0	0	0	0	0					
	3922	라비모라	0	3000000	0	0	0	0	0	0	0	0	0	0	0	0	0	0	0	0	0	0	0	0	0	0	0	0	0	0	0					
	3923	사제비슐라르	0	3000000	0	0	0	0	0	0	0	0	0	0	0	0	0	0	0	0	0	0	0	0	0	0	0	0	0	0	0					
	//네벨의늪지대_사제비슐라르_람베르트								0	0									0			0			0			0			0					
	3924	오크라마을의부흥	0	9175082	0	0	0	0	0	0	0	0	0	0	0	0	0	0	0	0	0	0	0	0	0	0	0	0	0	0	0					
	3925	별의흔적연구	0	4587541	0	0	0	0	0	0	0	0	0	0	0	0	0	0	0	0	0	0	0	0	0	0	0	0	0	0	0					
	3926	별의흔적	0	9175082	0	0	0	0	0	0	0	0	0	0	0	0	0	0	0	0	0	0	0	0	0	0	0	0	0	0	0					
	3927	루카의연구일지	0	9175082	0	0	0	0	0	0	0	0	0	0	0	0	0	0	0	0	0	0	0	0	0	0	0	0	0	0	0					
	3928	유성의조각	0	9175082	0	0	0	0	0	0	0	0	0	0	0	0	0	0	0	0	0	0	0	0	0	0	0	0	0	0	0					
	3929	람베르트의성과물	0	9175082	28800	0	0	0	0	0	0	40695	1	0	0	0	0	0	0	0	0	0	0	0	0	0	0	0	0	0	0					
	//네벨의늪지대_사제비슐라르_드리슈								0	0									0			0			0			0			0					
	3930	정화식물의연구	0	3000000	0	0	0	0	0	0	0	0	0	0	0	0	0	0	0	0	0	0	0	0	0	0	0	0	0	0	0					
	3931	정화의물질	0	3000000	0	0	0	0	0	0	0	0	0	0	0	0	0	0	0	0	0	0	0	0	0	0	0	0	0	0	0					
	3932	오염된생명체의피	0	4000000	0	0	0	0	0	0	0	0	0	0	0	0	0	0	0	0	0	0	0	0	0	0	0	0	0	0	0					
	3933	정화의식물	0	4000000	0	0	0	0	0	0	0	0	0	0	0	0	0	0	0	0	0	0	0	0	0	0	0	0	0	0	0					
	3934	드리슈의성과물	0	4000000	0	0	0	0	0	0	0	40696	1	0	0	0	0	0	0	0	0	0	0	0	0	0	0	0	0	0	0					
	3935	오크라의협력	0	4000000	28800	0	0	0	0	0	0	0	0	0	0	0	0	0	0	0	0	0	0	0	0	0	0	0	0	0	0					
	3936	의원분트	0	4000000	28800	0	0	0	0	0	0	0	0	0	0	0	0	0	0	0	0	0	0	0	0	0	0	0	0	0	0					
	//네벨의늪지대_사제발렌티누스+셀러								0	0									0			0			0			0			0					
	3937	사제회의임무1	0	5000000	0	0	0	0	0	0	0	0	0	0	0	0	0	0	0	0	0	0	0	0	0	0	0	0	0	0	0					
	3938	셀러의임무	0	5000000	0	0	0	0	0	0	0	4131	10	0	0	0	0	0	0	0	0	0	0	0	0	0	0	0	0	0	0		//보상변경			
	3939	늪지대식인꽃	0	5000000	0	0	0	0	0	0	0	0	0	0	0	0	0	0	0	0	0	0	0	0	0	0	0	0	0	0	0					
	3940	결계의괴조	0	5000000	0	0	0	0	0	0	0	0	0	0	0	0	0	0	0	0	0	0	0	0	0	0	0	0	0	0	0					
	3941	검은에테르악어	0	5000000	0	0	0	0	0	0	0	0	0	0	0	0	0	0	0	0	0	0	0	0	0	0	0	0	0	0	0					
	3942	좀비에테르악어	0	5000000	0	0	0	0	0	0	0	0	0	0	0	0	0	0	0	0	0	0	0	0	0	0	0	0	0	0	0					
	//네벨의늪지대_사제발렌티누스+셀링								0	0									0			0			0			0			0					
	3943	사제회의임무2	0	6000000	0	0	0	0	0	0	0	0	0	0	0	0	0	0	0	0	0	0	0	0	0	0	0	0	0	0	0					
	3944	셀링의임무	0	6000000	0	0	0	0	0	0	0	0	0	0	0	0	0	0	0	0	0	0	0	0	0	0	0	0	0	0	0					
	3945	늪지대괴물제거1	0	6000000	0	0	0	0	0	0	0	0	0	0	0	0	0	0	0	0	0	0	0	0	0	0	0	0	0	0	0					
	3946	늪지대괴물제거2	0	6000000	0	0	0	0	0	0	0	0	0	0	0	0	0	0	0	0	0	0	0	0	0	0	0	0	0	0	0					
	3947	늪지대괴물제거3	0	6000000	0	0	0	0	0	0	0	0	0	0	0	0	0	0	0	0	0	0	0	0	0	0	0	0	0	0	0					
	3948	이상한괴물1	0	7000000	0	0	0	0	0	0	0	0	0	0	0	0	0	0	0	0	0	0	0	0	0	0	0	0	0	0	0					
	3949	이상한괴물2	0	7000000	0	0	0	0	0	0	0	0	0	0	0	0	0	0	0	0	0	0	0	0	0	0	0	0	0	0	0					
	3950	이상한괴물3	0	7000000	0	0	0	0	0	0	0	0	0	0	0	0	0	0	0	0	0	0	0	0	0	0	0	0	0	0	0					
	3951	이상한괴물의힘	0	7000000	28800	0	0	0	0	0	0	4131	10	0	0	0	0	0	0	0	0	0	0	0	0	0	0	0	0	0	0		//보상변경			
	3952	거대한에테르고릴라	0	7000000	0	0	0	0	0	0	0	0	0	0	0	0	0	0	0	0	0	0	0	0	0	0	0	0	0	0	0					
	3953	검은심장	0	7000000	0	0	0	0	0	0	0	40706	1	0	0	0	0	0	0	0	0	0	0	0	0	0	0	0	0	0	0					
	//ETC퀘스트_루카								0	0									0			0			0			0			0					
	3954	별을연구하는자	0	0	0	0	0	0	0	0	0	0	0	0	0	0	0	0	0	0	0	0	0	0	0	0	0	0	0	0	0					
	3955	종말론	0	0	0	0	0	0	0	0	0	0	0	0	0	0	0	0	0	0	0	0	0	0	0	0	0	0	0	0	0					
	3956	마을의평화	0	0	0	0	0	0	0	0	0	0	0	0	0	0	0	0	0	0	0	0	0	0	0	0	0	0	0	0	0					
	3957	사제회의명령	0	4587541	0	0	0	0	0	0	0	0	0	0	0	0	0	0	0	0	0	0	0	0	0	0	0	0	0	0	0					
	3958	망가진렌즈	0	9175082	28800	0	0	0	0	0	0	4131	10	0	0	0	0	0	0	0	0	0	0	0	0	0	0	0	0	0	0		//보상변경			
	3959	떨어진유성	0	0	0	0	0	0	0	0	0	0	0	0	0	0	0	0	0	0	0	0	0	0	0	0	0	0	0	0	0					
	3960	유성을찾아라1	0	4587541	0	0	0	0	0	0	0	0	0	0	0	0	0	0	0	0	0	0	0	0	0	0	0	0	0	0	0					
	3961	유성을찾아라2	0	4587541	0	0	0	0	0	0	0	0	0	0	0	0	0	0	0	0	0	0	0	0	0	0	0	0	0	0	0					
	3962	가네사의연금술장치	0	0	0	0	0	0	0	0	0	0	0	0	0	0	0	0	0	0	0	0	0	0	0	0	0	0	0	0	0					
	//ETC퀘스트_카르난쿠마리								0	0									0			0			0			0			0					
	3963	자경단의시험1	0	9175082	0	0	0	0	0	0	0	0	0	0	0	0	0	0	0	0	0	0	0	0	0	0	0	0	0	0	0					
	3964	전투능력시험1	0	4587541	0	0	0	0	0	0	0	0	0	0	0	0	0	0	0	0	0	0	0	0	0	0	0	0	0	0	0					
	3965	전투능력시험2	0	4587541	0	0	0	0	0	0	0	0	0	0	0	0	0	0	0	0	0	0	0	0	0	0	0	0	0	0	0					
	3966	전투능력시험3	0	4587541	0	0	0	0	0	0	0	0	0	0	0	0	0	0	0	0	0	0	0	0	0	0	0	0	0	0	0					
	3967	전투능력시험4	0	4587541	0	0	0	0	0	0	0	0	0	0	0	0	0	0	0	0	0	0	0	0	0	0	0	0	0	0	0					
	3968	자경단의시험2	0	9175082	0	0	0	0	0	0	0	4131	10	0	0	0	0	0	0	0	0	0	0	0	0	0	0	0	0	0	0		//보상변경			
	3969	고급전투능력시험1	0	4587541	0	0	0	0	0	0	0	0	0	0	0	0	0	0	0	0	0	0	0	0	0	0	0	0	0	0	0					
	3970	고급전투능력시험2	0	4587541	0	0	0	0	0	0	0	0	0	0	0	0	0	0	0	0	0	0	0	0	0	0	0	0	0	0	0					
	3971	고급전투능력시험3	0	4587541	0	0	0	0	0	0	0	0	0	0	0	0	0	0	0	0	0	0	0	0	0	0	0	0	0	0	0					
	3972	고급전투능력시험4	0	4587541	0	0	0	0	0	0	0	0	0	0	0	0	0	0	0	0	0	0	0	0	0	0	0	0	0	0	0					
	//ETC퀘스트_알프								0	0									0			0			0			0			0					
	3973	용병길드의시험1	0	9175082	0	0	0	0	0	0	0	0	0	0	0	0	0	0	0	0	0	0	0	0	0	0	0	0	0	0	0					
	3974	기본능력테스트1	0	4587541	0	0	0	0	0	0	0	0	0	0	0	0	0	0	0	0	0	0	0	0	0	0	0	0	0	0	0					
	3975	기본능력테스트2	0	4587541	0	0	0	0	0	0	0	0	0	0	0	0	0	0	0	0	0	0	0	0	0	0	0	0	0	0	0					
	3976	기본능력테스트3	0	4587541	0	0	0	0	0	0	0	0	0	0	0	0	0	0	0	0	0	0	0	0	0	0	0	0	0	0	0					
	3977	기본능력테스트4	0	4587541	0	0	0	0	0	0	0	0	0	0	0	0	0	0	0	0	0	0	0	0	0	0	0	0	0	0	0					
	3978	용병길드의시험2	0	9175082	0	0	0	0	0	0	0	0	0	0	0	0	0	0	0	0	0	0	0	0	0	0	0	0	0	0	0					
	3979	중급능력테스트	0	4587541	0	0	0	0	0	0	0	0	0	0	0	0	0	0	0	0	0	0	0	0	0	0	0	0	0	0	0					
	3980	용병길드의시험3	0	9175082	28800	0	0	0	0	0	0	4131	10	0	0	0	0	0	0	0	0	0	0	0	0	0	0	0	0	0	0		//보상변경			
	3981	고급능력테스트	0	4587541	0	0	0	0	0	0	0	0	0	0	0	0	0	0	0	0	0	0	0	0	0	0	0	0	0	0	0					
	//브론즈문시티=의원분트+이상한괴물의힘완료시발생								0	0									0			0			0			0			0					
	//브론즈문시티_선행퀘스트								0	0									0			0			0			0			0					
	3982	브론즈문시티	0	8000000	0	0	0	0	0	0	0	0	0	0	0	0	0	0	0	0	0	0	0	0	0	0	0	0	0	0	0					
	3983	조사관의보고서	0	8000000	0	0	0	0	0	0	0	0	0	0	0	0	0	0	0	0	0	0	0	0	0	0	0	0	0	0	0					
	//브론즈문시티_조사관_리시포스								0	0									0			0			0			0			0					
	3984	위협적인존재들	0	8000000	0	0	0	0	0	0	0	0	0	0	0	0	0	0	0	0	0	0	0	0	0	0	0	0	0	0	0					
	3985	실험샘플	0	8000000	0	0	0	0	0	0	0	0	0	0	0	0	0	0	0	0	0	0	0	0	0	0	0	0	0	0	0					
	3986	샘플분석	0	8000000	40000	0	0	0	0	0	0	40713	1	0	0	0	0	0	0	0	0	0	0	0	0	0	0	0	0	0	0					
	3987	멈춰버린분석기	0	9000000	0	0	0	0	0	0	0	0	0	0	0	0	0	0	0	0	0	0	0	0	0	0	0	0	0	0	0					
	3988	분석기가동	0	9000000	0	0	0	0	0	0	0	40715	1	0	0	0	0	0	0	0	0	0	0	0	0	0	0	0	0	0	0					
	//브론즈문시티_해방군정찰대장슈파이어								0	0									0			0			0			0			0					
	3989	정찰부대의임무	0	9000000	0	0	0	0	0	0	0	4131	10	0	0	0	0	0	0	0	0	0	0	0	0	0	0	0	0	0	0		//보상변경			
	3990	정찰병미헬스	0	9000000	0	0	0	0	0	0	0	0	0	0	0	0	0	0	0	0	0	0	0	0	0	0	0	0	0	0	0					
	3991	소심한정탐1	0	9000000	0	0	0	0	0	0	0	0	0	0	0	0	0	0	0	0	0	0	0	0	0	0	0	0	0	0	0					
	3992	사제바시나스정탐	0	10000000	0	0	0	0	0	0	0	0	0	0	0	0	0	0	0	0	0	0	0	0	0	0	0	0	0	0	0					
	3993	자경단원정탐1	0	10000000	0	0	0	0	0	0	0	0	0	0	0	0	0	0	0	0	0	0	0	0	0	0	0	0	0	0	0					
	3994	자경단원정탐2	0	10000000	0	0	0	0	0	0	0	0	0	0	0	0	0	0	0	0	0	0	0	0	0	0	0	0	0	0	0					
	3995	소심한정탐2	0	11500000	0	0	0	0	0	0	0	0	0	0	0	0	0	0	0	0	0	0	0	0	0	0	0	0	0	0	0					
	3996	다시한번사제바시나스정탐	0	12000000	0	0	0	0	0	0	0	0	0	0	0	0	0	0	0	0	0	0	0	0	0	0	0	0	0	0	0					
	3997	다시한번자경단원정탐1	0	12500000	0	0	0	0	0	0	0	0	0	0	0	0	0	0	0	0	0	0	0	0	0	0	0	0	0	0	0					
	3998	다시한번자경단원정탐2	0	13000000	0	0	0	0	0	0	0	0	0	0	0	0	0	0	0	0	0	0	0	0	0	0	0	0	0	0	0					
	3999	소힘한정탐3	0	13500000	45000	0	0	0	0	0	0	40718	1	0	0	0	0	0	0	0	0	0	0	0	0	0	0	0	0	0	0					
	4000	마지막정탐	0	14000000	0	0	0	0	0	0	0	0	0	0	0	0	0	0	0	0	0	0	0	0	0	0	0	0	0	0	0					
	//브론즈문시티_사제바시나스_정찰부대임무완료후1								0	0									0			0			0			0			0					
	4001	크롤리버사의명령	0	14500000	0	0	0	0	0	0	0	0	0	0	0	0	0	0	0	0	0	0	0	0	0	0	0	0	0	0	0					
	4002	변이된개인간의심장	0	15000000	0	0	0	0	0	0	0	40719	1	0	0	0	0	0	0	0	0	0	0	0	0	0	0	0	0	0	0					
	4003	무장한개인간의심장	0	15500000	0	0	0	0	0	0	0	40719	1	0	0	0	0	0	0	0	0	0	0	0	0	0	0	0	0	0	0					
	4004	기사의심장	0	16000000	0	0	0	0	0	0	0	40719	1	0	0	0	0	0	0	0	0	0	0	0	0	0	0	0	0	0	0					
	4005	전사의심장	0	16500000	0	0	0	0	0	0	0	40719	1	0	0	0	0	0	0	0	0	0	0	0	0	0	0	0	0	0	0					
	4006	검은심장과혼합	0	17000000	0	0	0	0	0	0	0	0	0	0	0	0	0	0	0	0	0	0	0	0	0	0	0	0	0	0	0					
	4007	마법사의홀	0	17500000	0	0	0	0	0	0	0	0	0	0	0	0	0	0	0	0	0	0	0	0	0	0	0	0	0	0	0					
	4008	변이된힘	0	18000000	50000	0	0	0	0	0	0	4131	10	0	0	0	0	0	0	0	0	0	0	0	0	0	0	0	0	0	0		//보상변경			
	//브론즈문시티_정찰부대장파펜_정찰부대임무완료후2								0	0									0			0			0			0			0					
	4009	정찰부대의보고	0	18500000	0	0	0	0	0	0	0	0	0	0	0	0	0	0	0	0	0	0	0	0	0	0	0	0	0	0	0					
	4010	숨어버린정찰병	0	19000000	0	0	0	0	0	0	0	0	0	0	0	0	0	0	0	0	0	0	0	0	0	0	0	0	0	0	0					
	4011	정찰병알브레히트	0	19500000	0	0	0	0	0	0	0	0	0	0	0	0	0	0	0	0	0	0	0	0	0	0	0	0	0	0	0					
	4012	궁성수석마법사의위협	0	20000000	0	0	0	0	0	0	0	40727	1	0	0	0	0	0	0	0	0	0	0	0	0	0	0	0	0	0	0					
	4013	알브레히트의보고	0	20500000	0	0	0	0	0	0	0	0	0	0	0	0	0	0	0	0	0	0	0	0	0	0	0	0	0	0	0					
	4014	정찰병베르톨트	0	21000000	0	0	0	0	0	0	0	0	0	0	0	0	0	0	0	0	0	0	0	0	0	0	0	0	0	0	0					
	4015	무서운적들	0	21500000	0	0	0	0	0	0	0	40728	1	0	0	0	0	0	0	0	0	0	0	0	0	0	0	0	0	0	0					
	4016	베르톨트의보고	0	22000000	0	0	0	0	0	0	0	0	0	0	0	0	0	0	0	0	0	0	0	0	0	0	0	0	0	0	0					
	4017	정찰보고	0	22500000	60000	0	0	0	0	0	0	0	0	0	0	0	0	0	0	0	0	0	0	0	0	0	0	0	0	0	0					
	//브론즈문시티_사제스트라본_정찰부대임무완료후3								0	0									0			0			0			0			0					
	4018	학자의연구	0	23000000	60000	0	0	0	0	0	0	0	0	0	0	0	0	0	0	0	0	0	0	0	0	0	0	0	0	0	0					
	4019	공동연구	0	23500000	0	0	0	0	0	0	0	0	0	0	0	0	0	0	0	0	0	0	0	0	0	0	0	0	0	0	0					
	4020	변이된검은에테르	0	24000000	0	0	0	0	0	0	0	0	0	0	0	0	0	0	0	0	0	0	0	0	0	0	0	0	0	0	0					
	4021	기계장치의에너지	0	24500000	0	0	0	0	0	0	0	0	0	0	0	0	0	0	0	0	0	0	0	0	0	0	0	0	0	0	0					
	4022	정화장치의가동	0	25000000	0	0	0	0	0	0	0	0	0	0	0	0	0	0	0	0	0	0	0	0	0	0	0	0	0	0	0					
	4023	정화의가능성	0	25500000	0	0	0	0	0	0	0	40732	1	0	0	0	0	0	0	0	0	0	0	0	0	0	0	0	0	0	0					
	//브론즈문시티_학자의연구+정찰보고+변이된힘완료이후퀘스트								0	0									0			0			0			0			0					
	//브론즈문시티_의원가브리엘레								0	0									0			0			0			0			0					
	4024	조사관에르고티모스	0	26000000	0	0	0	0	0	0	0	0	0	0	0	0	0	0	0	0	0	0	0	0	0	0	0	0	0	0	0					
	4025	정화의홀1	0	26500000	0	0	0	0	0	0	0	0	0	0	0	0	0	0	0	0	0	0	0	0	0	0	0	0	0	0	0					
	4026	검은심장의에너지	0	27000000	0	0	0	0	0	0	0	40737	1	0	0	0	0	0	0	0	0	0	0	0	0	0	0	0	0	0	0					
	4027	정화의홀2	0	27500000	0	0	0	0	0	0	0	0	0	0	0	0	0	0	0	0	0	0	0	0	0	0	0	0	0	0	0					
	4028	동력부족	0	28000000	0	0	0	0	0	0	0	0	0	0	0	0	0	0	0	0	0	0	0	0	0	0	0	0	0	0	0					
	4029	정화의홀3	0	28500000	0	0	0	0	0	0	0	0	0	0	0	0	0	0	0	0	0	0	0	0	0	0	0	0	0	0	0					
	4030	정화의홀4	0	29000000	80000	0	0	0	0	0	0	40748	1	0	0	0	0	0	0	0	0	0	0	0	0	0	0	0	0	0	0					
	//브론즈문시티_정찰대장슈파이어								0	0									0			0			0			0			0					
	4031	후속부대를위한전투1	0	29500000	50000	0	0	0	0	0	0	0	0	0	0	0	0	0	0	0	0	0	0	0	0	0	0	0	0	0	0					
	4032	후속부대를위한전투2	0	30000000	50000	0	0	0	0	0	0	0	0	0	0	0	0	0	0	0	0	0	0	0	0	0	0	0	0	0	0					
	4033	후속부대를위한전투3	0	30500000	50000	0	0	0	0	0	0	0	0	0	0	0	0	0	0	0	0	0	0	0	0	0	0	0	0	0	0					
	4034	정찰완료	0	31000000	100000	0	0	0	0	0	0	4131	10	0	0	0	0	0	0	0	0	0	0	0	0	0	0	0	0	0	0		//보상변경			
	//	헬론의성서브1퀘스트							0	0									0			0			0			0			0					
	4035	이그니스의명령	0	0	100000	0	0	0	0	0	0	0	0	0	0	0	0	0	0	0	0	0	0	0	0	0	0	0	0	0	0					
	4036	늪지대정화를위한협력	0	0	100000	0	0	0	0	0	0	0	0	0	0	0	0	0	0	0	0	0	0	0	0	0	0	0	0	0	0					
	4037	정화식물의효과	0	32219313	0	0	0	0	0	0	0	0	0	0	0	0	0	0	0	0	0	0	0	0	0	0	0	0	0	0	0					
	4038	원로원의지령	0	19552514	0	0	0	0	0	0	0	0	0	0	0	0	0	0	0	0	0	0	0	0	0	0	0	0	0	0	0					
	4039	미션오염된성소	0	100000000	0	0	0	0	0	0	0	40761	1	0	0	0	0	0	0	0	0	0	0	0	0	0	0	0	0	0	0					
	4040	헬론의심장(반복)	0	391050	0	0	0	0	0	0	0	0	0	0	0	0	0	0	0	0	0	0	0	0	0	0	0	0	0	0	0					
	4041	우호의증거	0	0	0	0	0	0	0	0	0	0	0	0	0	0	0	0	0	0	0	0	0	0	0	0	0	0	0	0	0					
	4042	더러운힘의정화1	0	19552514	100000	0	0	0	0	0	0	0	0	0	0	0	0	0	0	0	0	0	0	0	0	0	0	0	0	0	0					
	4043	더러운힘의정화2	0	32219313	0	0	0	0	0	0	0	0	1	0	0	0	0	0	0	0	0	0	0	0	0	0	0	0	0	0	0					
	4044	변이된유물의힘	0	29328771	0	0	0	0	0	0	0	0	1	0	0	0	0	0	0	0	0	0	0	0	0	0	0	0	0	0	0					
	4045	유물의힘을모아라	0	0	0	0	0	0	0	0	0	40763	1	0	0	0	0	0	0	0	0	0	0	0	0	0	0	0	0	0	0					
	4046	묘족의유골	0	19552514	100000	0	0	0	0	0	0	0	0	0	0	0	0	0	0	0	0	0	0	0	0	0	0	0	0	0	0					
	4047	변이된유물의수호자	0	32219313	100000	0	0	0	0	0	0	0	0	0	0	0	0	0	0	0	0	0	0	0	0	0	0	0	0	0	0					
	4048	오염된유물의힘	0	19552514	100000	0	0	0	0	0	0	0	1	0	0	0	0	0	0	0	0	0	0	0	0	0	0	0	0	0	0					
	//헬론의성지하층								0	0									0			0			0			0			0					
	4049	소탕작전	0	31500000	0	0	0	0	0	0	0	0	0	0	0	0	0	0	0	0	0	0	0	0	0	0	0	0	0	0	0					
	4050	성지기괴물1	0	32000000	0	0	0	0	0	0	0	0	0	0	0	0	0	0	0	0	0	0	0	0	0	0	0	0	0	0	0					
	4051	성지기괴물2	0	32500000	0	0	0	0	0	0	0	0	0	0	0	0	0	0	0	0	0	0	0	0	0	0	0	0	0	0	0					
	4052	소탕작전2	0	33000000	0	0	0	0	0	0	0	0	0	0	0	0	0	0	0	0	0	0	0	0	0	0	0	0	0	0	0					
	4053	헬론의전사1	0	33500000	0	0	0	0	0	0	0	0	0	0	0	0	0	0	0	0	0	0	0	0	0	0	0	0	0	0	0					
	4054	헬론의전사1	0	34000000	0	0	0	0	0	0	0	0	0	0	0	0	0	0	0	0	0	0	0	0	0	0	0	0	0	0	0					
	4055	소탕작전3	0	34000000	0	0	0	0	0	0	0	0	0	0	0	0	0	0	0	0	0	0	0	0	0	0	0	0	0	0	0					
	4056	헬론의수급	0	34500000	0	0	0	0	0	0	0	0	0	0	0	0	0	0	0	0	0	0	0	0	0	0	0	0	0	0	0					
	4057	소탕작전4	0	35000000	0	0	0	0	0	0	0	0	0	0	0	0	0	0	0	0	0	0	0	0	0	0	0	0	0	0	0					
	4058	헬론의말살	0	35500000	0	0	0	0	0	0	0	0	0	0	0	0	0	0	0	0	0	0	0	0	0	0	0	0	0	0	0					
	4059	소탕작전5	0	36000000	0	0	0	0	0	0	0	0	0	0	0	0	0	0	0	0	0	0	0	0	0	0	0	0	0	0	0					
	4060	살아있는모든것들	0	36500000	0	0	0	0	0	0	0	0	0	0	0	0	0	0	0	0	0	0	0	0	0	0	0	0	0	0	0					
	4061	악령의존재	0	37000000	0	0	0	0	0	0	0	0	0	0	0	0	0	0	0	0	0	0	0	0	0	0	0	0	0	0	0					
	4062	살아있는시체들	0	37500000	0	0	0	0	0	0	0	0	0	0	0	0	0	0	0	0	0	0	0	0	0	0	0	0	0	0	0					
	4063	실험체NO.332	0	38000000	0	0	0	0	0	0	0	0	0	0	0	0	0	0	0	0	0	0	0	0	0	0	0	0	0	0	0					
	4064	실험체NO.333	0	38500000	0	0	0	0	0	0	0	0	0	0	0	0	0	0	0	0	0	0	0	0	0	0	0	0	0	0	0					
	4065	실험체NO.334	0	39000000	0	0	0	0	0	0	0	0	0	0	0	0	0	0	0	0	0	0	0	0	0	0	0	0	0	0	0					
	4066	실험체NO.335	0	39500000	0	0	0	0	0	0	0	0	0	0	0	0	0	0	0	0	0	0	0	0	0	0	0	0	0	0	0					
	4067	살아있는시체들2	0	40000000	0	0	0	0	0	0	0	4131	10	0	0	0	0	0	0	0	0	0	0	0	0	0	0	0	0	0	0		//보상변경			
	4068	실험체NO.7000	0	40500000	0	0	0	0	0	0	0	0	0	0	0	0	0	0	0	0	0	0	0	0	0	0	0	0	0	0	0					
	4069	실험체NO.7672	0	41000000	0	0	0	0	0	0	0	0	0	0	0	0	0	0	0	0	0	0	0	0	0	0	0	0	0	0	0					
	4070	실험체NO.8001	0	41500000	0	0	0	0	0	0	0	0	0	0	0	0	0	0	0	0	0	0	0	0	0	0	0	0	0	0	0					
	4071	살아있는시체들3	0	42000000	0	0	0	0	0	0	0	4131	10	0	0	0	0	0	0	0	0	0	0	0	0	0	0	0	0	0	0		//보상변경			
	4072	실험체NO.8855	0	42500000	0	0	0	0	0	0	0	0	0	0	0	0	0	0	0	0	0	0	0	0	0	0	0	0	0	0	0					
	4073	실험체NO.9008	0	43000000	0	0	0	0	0	0	0	0	0	0	0	0	0	0	0	0	0	0	0	0	0	0	0	0	0	0	0					
	4074	살아있는시체들4	0	44000000	0	0	0	0	0	0	0	4033	5	0	0	0	0	0	0	0	0	0	0	0	0	0	0	0	0	0	0					
	4075	실험의목적	0	43500000	0	0	0	0	0	0	0	4131	10	0	0	0	0	0	0	0	0	0	0	0	0	0	0	0	0	0	0		//보상변경			
	4076	살아있는제련장치	0	44000000	0	0	0	0	0	0	0	0	0	0	0	0	0	0	0	0	0	0	0	0	0	0	0	0	0	0	0					
	4077	정련주문장치	0	44500000	0	0	0	0	0	0	0	0	0	0	0	0	0	0	0	0	0	0	0	0	0	0	0	0	0	0	0					
	4078	생체실험카운트다운	0	45000000	0	0	0	0	0	0	0	0	0	0	0	0	0	0	0	0	0	0	0	0	0	0	0	0	0	0	0					
	4079	주문장치의접속코드	0	45500000	0	0	0	0	0	0	0	4131	10	0	0	0	0	0	0	0	0	0	0	0	0	0	0	0	0	0	0		//보상변경			
	4080	접속코드	0	46000000	0	0	0	0	0	0	0	0	0	0	0	0	0	0	0	0	0	0	0	0	0	0	0	0	0	0	0					
	4081	동력장치의존재	0	46500000	0	0	0	0	0	0	0	0	0	0	0	0	0	0	0	0	0	0	0	0	0	0	0	0	0	0	0					
	4082	수색활동	0	47000000	100000	0	0	0	0	0	0	0	0	0	0	0	0	0	0	0	0	0	0	0	0	0	0	0	0	0	0					
	//헬론의성1층								0	0									0			0			0			0			0					
	4083	방해물제거	0	47500000	0	0	0	0	0	0	0	0	0	0	0	0	0	0	0	0	0	0	0	0	0	0	0	0	0	0	0					
	4084	정원지기	0	48000000	0	0	0	0	0	0	0	0	0	0	0	0	0	0	0	0	0	0	0	0	0	0	0	0	0	0	0					
	4085	해독초	0	49500000	0	0	0	0	0	0	0	4033	5	0	0	0	0	0	0	0	0	0	0	0	0	0	0	0	0	0	0					
	4086	골칫덩어리	0	48500000	0	0	0	0	0	0	0	40782	1	0	0	1	4122	10	0	0	0	0	0	0	0	0	0	0	0	0	0		//보상변경			
	4087	전투지원	0	49000000	0	0	0	0	0	0	0	0	0	0	0	0	0	0	0	0	0	0	0	0	0	0	0	0	0	0	0					
	4088	헬론의야수꾼	0	11438221	0	0	0	0	0	0	0	0	0	0	0	0	0	0	0	0	0	0	0	0	0	0	0	0	0	0	0					
	4089	서고의감시자들	0	50000000	0	0	0	0	0	0	0	40785	1	0	0	0	0	0	0	0	0	0	0	0	0	0	0	0	0	0	0					
	4090	주문제어장치	0	50500000	50000	0	0	0	0	0	0	4033	5	0	0	0	0	0	0	0	0	0	0	0	0	0	0	0	0	0	0					
	4091	카운트다운!	0	51000000	0	0	0	0	0	0	0	4131	10	0	0	0	0	0	0	0	0	0	0	0	0	0	0	0	0	0	0		//보상변경			
	4092	주문제어코드	0	51500000	0	0	0	0	0	0	0	4131	10	0	0	0	0	0	0	0	0	0	0	0	0	0	0	0	0	0	0		//보상변경			
	4093	장치제어	0	52000000	0	0	0	0	0	0	0	4131	10	0	0	0	0	0	0	0	0	0	0	0	0	0	0	0	0	0	0		//보상변경			
	4094	헬론의연구자료1	0	52500000	0	0	0	0	0	0	0	0	0	0	0	0	0	0	0	0	0	0	0	0	0	0	0	0	0	0	0					
	4095	헬론의연구자료2	0	53000000	50000	0	0	0	0	0	0	0	0	0	0	0	0	0	0	0	0	0	0	0	0	0	0	0	0	0	0					
	4096	감독관NO5_남아있는자료	0	53500000	0	0	0	0	0	0	0	4131	10	0	0	0	0	0	0	0	0	0	0	0	0	0	0	0	0	0	0		//보상변경			
	4097	도둑맞은자료1	0	54000000	0	0	0	0	0	0	0	0	0	0	0	0	0	0	0	0	0	0	0	0	0	0	0	0	0	0	0					
	4098	도둑맞은자료2	0	54500000	0	0	0	0	0	0	0	0	0	0	0	0	0	0	0	0	0	0	0	0	0	0	0	0	0	0	0					
	4099	도둑맞은자료3	0	55500000	0	0	0	0	0	0	0	0	0	0	0	0	0	0	0	0	0	0	0	0	0	0	0	0	0	0	0					
	4100	도둑맞은자료4	0	56000000	0	0	0	0	0	0	0	0	0	0	0	0	0	0	0	0	0	0	0	0	0	0	0	0	0	0	0					
	4101	전투지원2	0	56500000	0	0	0	0	0	0	0	4131	10	0	0	0	0	0	0	0	0	0	0	0	0	0	0	0	0	0	0		//보상변경			
	4102	헬론의척살1	0	11438221	0	0	0	0	0	0	0	0	0	0	0	0	0	0	0	0	0	0	0	0	0	0	0	0	0	0	0					
	4103	헬론의척살2	0	57000000	0	0	0	0	0	0	0	40814	1	0	0	0	0	0	0	0	0	0	0	0	0	0	0	0	0	0	0					
	4104	에테르정련소	0	0	0	0	0	0	0	0	0	0	0	0	0	0	0	0	0	0	0	0	0	0	0	0	0	0	0	0	0					
	4105	동력장치를파괴하라	0	36639206	0	0	1	0	0	0	0	0	0	0	0	0	0	0	0	0	0	0	0	0	0	0	0	0	0	0	0					
	4106	헬론의여왕	0	0	0	0	0	0	0	0	0	0	0	0	0	0	0	0	0	0	0	0	0	0	0	0	0	0	0	0	0					
	4107	미션검은에테르의정체	0	120000000	0	0	5	0	0	0	0	0	0	0	0	0	0	0	0	0	0	0	0	0	0	0	0	0	0	0	0					
	4108	(반복)미션검은에테르의정체	0	0	0	0	1	0	0	0	0	0	0	0	0	0	0	0	0	0	0	0	0	0	0	0	0	0	0	0	0					
	//1004헬론서브3(중층퀘스트)								0	0									0			0			0			0			0					
	4109	긴급한호출	0	57500000	0	0	0	0	0	0	0	0	0	0	0	0	0	0	0	0	0	0	0	0	0	0	0	0	0	0	0					
	4110	악화된상황	0	58000000	50000	0	0	0	0	0	0	0	0	0	0	0	0	0	0	0	0	0	0	0	0	0	0	0	0	0	0					
	4111	정신없는공방전1	0	58500000	0	0	0	0	0	0	0	0	0	0	0	0	0	0	0	0	0	0	0	0	0	0	0	0	0	0	0					
	4112	정신없는공방전2	0	59000000	0	0	0	0	0	0	0	40831	1	0	0	0	0	0	0	0	0	0	0	0	0	0	0	0	0	0	0					
	4113	악화된상황2	0	59500000	50000	0	0	0	0	0	0	0	0	0	0	0	0	0	0	0	0	0	0	0	0	0	0	0	0	0	0					
	4114	처절한전투1	0	60000000	0	0	0	0	0	0	0	0	0	0	0	0	0	0	0	0	0	0	0	0	0	0	0	0	0	0	0					
	4115	처절한전투2	0	60500000	0	0	0	0	0	0	0	40832	1	0	0	0	0	0	0	0	0	0	0	0	0	0	0	0	0	0	0					
	4116	악화된상황3	0	61000000	0	0	0	0	0	0	0	4131	10	0	0	0	0	0	0	0	0	0	0	0	0	0	0	0	0	0	0		//보상변경			
	4117	친위대장슐츠	0	61500000	0	0	0	0	0	0	0	0	0	0	0	0	0	0	0	0	0	0	0	0	0	0	0	0	0	0	0					
	4118	근위대장쥬라클	0	62000000	0	0	0	0	0	0	0	0	0	0	0	0	0	0	0	0	0	0	0	0	0	0	0	0	0	0	0					
	4119	악화된상황4	0	62500000	0	0	0	0	0	0	0	4131	10	0	0	0	0	0	0	0	0	0	0	0	0	0	0	0	0	0	0		//보상변경			
	4120	변이된증식세포	0	63000000	0	0	0	0	0	0	0	0	0	0	0	0	0	0	0	0	0	0	0	0	0	0	0	0	0	0	0					
	4121	폭파장치를해체하라1	0	63500000	0	0	0	0	0	0	0	0	0	0	0	0	0	0	0	0	0	0	0	0	0	0	0	0	0	0	0					
	4122	폭파장치를해체하라2	0	64000000	0	0	0	0	0	0	0	0	0	0	0	0	0	0	0	0	0	0	0	0	0	0	0	0	0	0	0					
	4123	감춰진폭파장치1	0	64500000	0	0	0	0	0	0	0	0	0	0	0	0	0	0	0	0	0	0	0	0	0	0	0	0	0	0	0					
	4124	감춰진폭파장치2	0	65000000	0	0	0	0	0	0	0	0	0	0	0	0	0	0	0	0	0	0	0	0	0	0	0	0	0	0	0					
	4125	동력실의결계	0	65500000	0	0	0	0	0	0	0	4131	10	0	0	0	0	0	0	0	0	0	0	0	0	0	0	0	0	0	0		//보상변경			
	4126	붉은봉인의결계장치	0	66000000	0	0	0	0	0	0	0	0	0	0	0	0	0	0	0	0	0	0	0	0	0	0	0	0	0	0	0					
	4127	붉은봉인의가디언	0	66500000	0	0	0	0	0	0	0	40838	1	0	0	0	0	0	0	0	0	0	0	0	0	0	0	0	0	0	0					
	4128	검은봉인의결계장치	0	67000000	0	0	0	0	0	0	0	0	0	0	0	0	0	0	0	0	0	0	0	0	0	0	0	0	0	0	0					
	4129	검은봉인의가디언	0	67500000	0	0	0	0	0	0	0	40838	1	0	0	0	0	0	0	0	0	0	0	0	0	0	0	0	0	0	0					
	4130	혼탁한봉인의결계장치	0	68000000	0	0	0	0	0	0	0	0	0	0	0	0	0	0	0	0	0	0	0	0	0	0	0	0	0	0	0					
	4131	혼탁한봉인의가디언	0	68500000	0	0	0	0	0	0	0	40838	1	0	0	0	0	0	0	0	0	0	0	0	0	0	0	0	0	0	0					
	4132	부정한봉인결계장치	0	69000000	0	0	0	0	0	0	0	0	0	0	0	0	0	0	0	0	0	0	0	0	0	0	0	0	0	0	0					
	4133	부정한봉인의가디언	0	69500000	0	0	0	0	0	0	0	40838	1	0	0	0	0	0	0	0	0	0	0	0	0	0	0	0	0	0	0					
	4134	결계의제어장치	0	70500000	0	0	0	0	0	0	0	0	0	0	0	0	0	0	0	0	0	0	0	0	0	0	0	0	0	0	0					
	4135	결계의주인	0	29225280	0	0	0	0	0	0	0	40838	1	0	0	0	0	0	0	0	0	0	0	0	0	0	0	0	0	0	0					
	4136	커다란위협	0	0	0	0	0	0	0	0	0	0	0	0	0	0	0	0	0	0	0	0	0	0	0	0	0	0	0	0	0					
	4137	미션절망의부활의식	0	140000000	0	0	5	0	0	0	0	4131	10	0	0	0	0	0	0	0	0	0	0	0	0	0	0	0	0	0	0		//보상변경			
	4138	재도전미션절망의부활의식	0	0	0	0	1	0	0	0	0	0	0	0	0	0	0	0	0	0	0	0	0	0	0	0	0	0	0	0	0					
	4139	변이된생명체	0	88022744	25000	0	0	0	0	0	0	0	0	0	0	0	0	0	0	0	0	0	0	0	0	0	0	0	0	0	0					
	4140	서고지기	0	88022744	25000	0	0	0	0	0	0	0	0	0	0	0	0	0	0	0	0	0	0	0	0	0	0	0	0	0	0					
	4141	마젤란의복수	0	88022744	25000	0	0	0	0	0	0	0	0	0	0	0	0	0	0	0	0	0	0	0	0	0	0	0	0	0	0					
	4142	헬론의반격1	0	71000000	0	0	0	0	0	0	0	0	0	0	0	0	0	0	0	0	0	0	0	0	0	0	0	0	0	0	0					
	4143	증식세포의발견1	0	71500000	0	0	0	0	0	0	0	0	0	0	0	0	0	0	0	0	0	0	0	0	0	0	0	0	0	0	0					
	4144	나나크의임무	0	72000000	0	0	0	0	0	0	0	40843	1	0	0	0	0	0	0	0	0	0	0	0	0	0	0	0	0	0	0		//보상변경			
	4145	하층부의증식세포1	0	72500000	0	0	0	0	0	0	0	0	0	0	0	0	0	0	0	0	0	0	0	0	0	0	0	0	0	0	0					
	4146	하층부의증식세포2	0	73000000	0	0	0	0	0	0	0	0	0	0	0	0	0	0	0	0	0	0	0	0	0	0	0	0	0	0	0					
	4147	하층부의증식세포3	0	73500000	0	0	0	0	0	0	0	0	0	0	0	0	0	0	0	0	0	0	0	0	0	0	0	0	0	0	0					
	4148	하층부의증식세포4	0	74000000	0	0	0	0	0	0	0	0	0	0	0	0	0	0	0	0	0	0	0	0	0	0	0	0	0	0	0					
	4149	증식세포의발견2	0	74500000	0	0	0	0	0	0	0	4122	10	0	0	0	0	0	0	0	0	0	0	0	0	0	0	0	0	0	0		//보상변경			
	4150	모건의임무	0	75000000	0	0	0	0	0	0	0	40844	1	0	0	0	0	0	0	0	0	0	0	0	0	0	0	0	0	0	0					
	4151	1층의증식세포1	0	75500000	0	0	0	0	0	0	0	0	0	0	0	0	0	0	0	0	0	0	0	0	0	0	0	0	0	0	0					
	4152	1층의증식세포2	0	76000000	0	0	0	0	0	0	0	0	0	0	0	0	0	0	0	0	0	0	0	0	0	0	0	0	0	0	0					
	4153	1층의증식세포3	0	76500000	0	0	0	0	0	0	0	0	0	0	0	0	0	0	0	0	0	0	0	0	0	0	0	0	0	0	0					
	4154	1층의증식세포4	0	77000000	0	0	0	0	0	0	0	0	0	0	0	0	0	0	0	0	0	0	0	0	0	0	0	0	0	0	0					
	4155	1층의증식세포5	0	77500000	0	0	0	0	0	0	0	0	0	0	0	0	0	0	0	0	0	0	0	0	0	0	0	0	0	0	0					
	4156	증식세포의발견3	0	78000000	0	0	0	0	0	0	0	4122	10	0	0	0	0	0	0	0	0	0	0	0	0	0	0	0	0	0	0		//보상변경			
	4157	중층부의증식세포1	0	78500000	0	0	0	0	0	0	0	40845	1	0	0	0	0	0	0	0	0	0	0	0	0	0	0	0	0	0	0					
	4158	중층부의증식세포2	0	79000000	0	0	0	0	0	0	0	40845	1	0	0	0	0	0	0	0	0	0	0	0	0	0	0	0	0	0	0					
	4159	중층부의증식세포3	0	79500000	0	0	0	0	0	0	0	40845	1	0	0	0	0	0	0	0	0	0	0	0	0	0	0	0	0	0	0					
	4160	중층부의증식세포4	0	80000000	0	0	0	0	0	0	0	40845	1	0	0	0	0	0	0	0	0	0	0	0	0	0	0	0	0	0	0					
	4161	중층부의증식세포5	0	80500000	0	0	0	0	0	0	0	40845	1	0	0	0	0	0	0	0	0	0	0	0	0	0	0	0	0	0	0					
	4162	중층부의증식세포6	0	81000000	0	0	0	0	0	0	0	40845	1	0	0	0	0	0	0	0	0	0	0	0	0	0	0	0	0	0	0					
//	에테리아퀘스트추가1004								0	0									0			0			0			0			0					
	4163	새로운기술에테리아시스템	0	0	0	0	0	0	0	0	0	4985	2	0	0	0	0	0	0	0	0	0	0	0	0	0	0	0	0	0	0					
	4164	무기및방어구의에테리아추출	0	0	0	0	0	0	0	0	0	0	0	0	0	0	0	0	0	0	0	0	0	0	0	0	0	0	0	0	0					
	4165	펫의에테리아추출	0	0	0	0	0	0	0	0	0	0	0	0	0	0	0	0	0	0	0	0	0	0	0	0	0	0	0	0	0					
//	1005퀘스트								0	0									0			0			0			0			0					
	4166	마지막전투를향해	0	81500000	0	0	0	0	0	0	0	0	0	0	0	0	0	0	0	0	0	0	0	0	0	0	0	0	0	0	0					
	4167	승리를향한전투1	0	82000000	0	0	0	0	0	0	0	4122	10	0	0	0	0	0	0	0	0	0	0	0	0	0	0	0	0	0	0		//보상변경			
	4168	떨거지제거	0	82500000	0	0	0	0	0	0	0	0	0	0	0	0	0	0	0	0	0	0	0	0	0	0	0	0	0	0	0					
	4169	해방군의전리품	0	83000000	0	0	0	0	0	0	0	0	0	0	0	0	0	0	0	0	0	0	0	0	0	0	0	0	0	0	0					
	4170	승리를향한전투2	0	83500000	0	0	0	0	0	0	0	4122	10	0	0	0	0	0	0	0	0	0	0	0	0	0	0	0	0	0	0		//보상변경			
	4171	해방군의자신감	0	84000000	0	0	0	0	0	0	0	0	0	0	0	0	0	0	0	0	0	0	0	0	0	0	0	0	0	0	0					
	4172	특별한전리품	0	84500000	0	0	0	0	0	0	0	0	0	0	0	0	0	0	0	0	0	0	0	0	0	0	0	0	0	0	0					
	4173	해방군을위하여	0	85000000	0	0	0	0	0	0	0	4122	10	0	0	0	0	0	0	0	0	0	0	0	0	0	0	0	0	0	0		//보상변경			
	4174	브루켈트의연구일지1	0	85500000	0	0	0	0	0	0	0	0	0	0	0	0	0	0	0	0	0	0	0	0	0	0	0	0	0	0	0					
	4175	브루켈트의연구일지2	0	86000000	0	0	0	0	0	0	0	40868	1	0	0	0	0	0	0	0	0	0	0	0	0	0	0	0	0	0	0					
	4176	보급품부족	0	86500000	0	0	0	0	0	0	0	0	0	0	0	0	0	0	0	0	0	0	0	0	0	0	0	0	0	0	0					
	4177	공로상추천	0	87000000	100000	0	0	0	0	0	0	4122	10	0	0	0	0	0	0	0	0	0	0	0	0	0	0	0	0	0	0		//보상변경			
	4178	진화된증식세포	0	87500000	0	0	0	0	0	0	0	0	0	0	0	0	0	0	0	0	0	0	0	0	0	0	0	0	0	0	0					
	4179	브루켈트의비약	0	88000000	0	0	0	0	0	0	0	40869	1	0	0	0	0	0	0	0	0	0	0	0	0	0	0	0	0	0	0					
	4180	증식억제	0	88500000	0	0	0	0	0	0	0	0	0	0	0	0	0	0	0	0	0	0	0	0	0	0	0	0	0	0	0					
	4181	용감한정신	0	89000000	100000	0	0	0	0	0	0	4122	10	0	0	0	0	0	0	0	0	0	0	0	0	0	0	0	0	0	0		//보상변경			
	4182	마왕의숨겨진마음	0	89500000	0	0	0	0	0	0	0	0	0	0	0	0	0	0	0	0	0	0	0	0	0	0	0	0	0	0	0					
	4183	봉인된영혼	0	90000000	0	0	0	0	0	0	0	4122	10	0	0	0	0	0	0	0	0	0	0	0	0	0	0	0	0	0	0		//보상변경			
	4184	레이아의주술1	0	90000000	0	0	0	0	0	0	0	0	0	0	0	0	0	0	0	0	0	0	0	0	0	0	0	0	0	0	0					
	4185	회복의식1	0	90000000	0	0	0	0	0	0	0	40872	1	0	0	0	0	0	0	0	0	0	0	0	0	0	0	0	0	0	0					
	4186	레이아의주술2	0	90000000	0	0	0	0	0	0	0	0	0	0	0	0	0	0	0	0	0	0	0	0	0	0	0	0	0	0	0					
	4187	회복의식2	0	90000000	0	0	0	0	0	0	0	40872	1	0	0	0	0	0	0	0	0	0	0	0	0	0	0	0	0	0	0					
	4188	레이아의주술3	0	90000000	0	0	0	0	0	0	0	0	0	0	0	0	0	0	0	0	0	0	0	0	0	0	0	0	0	0	0					
	4189	회복의식3	0	90000000	0	0	0	0	0	0	0	40872	1	0	0	0	0	0	0	0	0	0	0	0	0	0	0	0	0	0	0					
	4190	레이아의주술4	0	90000000	0	0	0	0	0	0	0	0	0	0	0	0	0	0	0	0	0	0	0	0	0	0	0	0	0	0	0					
	4191	회복의식4	0	90000000	0	0	0	0	0	0	0	40872	1	0	0	0	0	0	0	0	0	0	0	0	0	0	0	0	0	0	0					
	4192	최후의전투	0	90000000	0	0	0	0	0	0	0	0	0	0	0	0	0	0	0	0	0	0	0	0	0	0	0	0	0	0	0					
	4193	미션최후의전투(파티권장)	0	160000000	0	0	0	0	0	0	0	0	0	0	0	0	0	0	0	0	0	0	0	0	0	0	0	0	0	0	0					
	4194	재도전미션치후의전투(파티권장)	0	0	0	0	0	0	0	0	0	40873	1	0	0	0	0	0	0	0	0	0	0	0	0	0	0	0	0	0	0		//보상변경			
	4195	위대한승리1	0	80329556	100000	0	5	0	0	0	0	4122	10	0	0	0	0	0	0	0	0	0	0	0	0	0	0	0	0	0	0		//보상변경			
	4196	위대한승리2	0	80329556	150000	0	5	0	0	0	0	4122	10	0	0	0	0	0	0	0	0	0	0	0	0	0	0	0	0	0	0		//보상변경			
	4197	위대한승리3	0	80329556	200000	0	5	0	0	0	0	4122	10	0	0	0	0	0	0	0	0	0	0	0	0	0	0	0	0	0	0		//보상변경			
	4198	위대한승리4	0	80329556	250000	0	5	0	0	0	0	4122	10	0	0	0	0	0	0	0	0	0	0	0	0	0	0	0	0	0	0		//보상변경			
	4199	위대한승리5	0	80329556	300000	0	5	0	0	0	0	4122	10	0	0	0	0	0	0	0	0	0	0	0	0	0	0	0	0	0	0		//보상변경			
	4200	오래된적들	0	80329556	0	0	0	0	0	0	0	4122	10	0	0	0	0	0	0	0	0	0	0	0	0	0	0	0	0	0	0		//보상변경			
	4201	추악한적들1	0	80329556	0	0	0	0	0	0	0	0	0	0	0	0	0	0	0	0	0	0	0	0	0	0	0	0	0	0	0					
	4202	추악한적들2	0	80329556	0	0	0	0	0	0	0	0	0	0	0	0	0	0	0	0	0	0	0	0	0	0	0	0	0	0	0					
	4203	탐욕스런병사	0	80329556	0	0	0	0	0	0	0	49131	1	0	0	0	0	0	0	0	0	0	0	0	0	0	0	0	0	0	0					
	4204	조금만더가져올수없겠나?	0	0	0	0	0	0	0	0	0	40873	1	0	0	0	0	0	0	0	0	0	0	0	0	0	0	0	0	0	0					
	4205	작은성의	0	80329556	0	0	0	0	0	0	0	40873	10	0	0	0	0	0	0	0	0	0	0	0	0	0	0	0	0	0	0					
	4206	헬론의망령들	0	0	50000	0	0	0	0	0	0	0	0	0	0	0	0	0	0	0	0	0	0	0	0	0	0	0	0	0	0					
	4207	완전무결한승리1	0	54959084	0	0	0	0	0	0	0	4122	10	0	0	0	0	0	0	0	0	0	0	0	0	0	0	0	0	0	0		//보상변경			
	4208	헬론의저항1	0	27479542	0	0	0	0	0	0	0	0	0	0	0	0	0	0	0	0	0	0	0	0	0	0	0	0	0	0	0					
	4209	헬론의저항2	0	27479542	0	0	0	0	0	0	0	0	0	0	0	0	0	0	0	0	0	0	0	0	0	0	0	0	0	0	0					
	4210	완전무결한승리2	0	54959084	0	0	0	0	0	0	0	4122	10	0	0	0	0	0	0	0	0	0	0	0	0	0	0	0	0	0	0		//보상변경			
	4211	헬론의완강한저항1	0	27479542	0	0	0	0	0	0	0	0	0	0	0	0	0	0	0	0	0	0	0	0	0	0	0	0	0	0	0					
	4212	헬론의완강한저항2	0	27479542	0	0	0	0	0	0	0	0	0	0	0	0	0	0	0	0	0	0	0	0	0	0	0	0	0	0	0					
	4213	완전무결한승리3	0	54959084	0	0	0	0	0	0	0	4122	10	0	0	0	0	0	0	0	0	0	0	0	0	0	0	0	0	0	0		//보상변경			
	4214	더많은전리품	0	27479542	0	0	0	0	0	0	0	0	0	0	0	0	0	0	0	0	0	0	0	0	0	0	0	0	0	0	0					
	4215	캡틴의전리품	0	27479542	0	0	0	0	0	0	0	0	0	0	0	0	0	0	0	0	0	0	0	0	0	0	0	0	0	0	0					
	4216	끝없는욕심	0	0	0	0	0	0	0	0	0	0	0	0	0	0	0	0	0	0	0	0	0	0	0	0	0	0	0	0	0					
	4217	전공에대한보상	0	54959084	100000	0	0	0	0	0	0	4122	10	0	0	0	0	0	0	0	0	0	0	0	0	0	0	0	0	0	0		//보상변경			
	4218	전설이된전투	0	0	0	0	5	0	0	0	0	4979	1	0	0	0	0	0	0	0	0	0	0	0	0	0	0	0	0	0	0		//보상변경			
	4219	로슈엘의보물	0	0	0	0	0	0	0	0	0	49126	1	0	0	0	0	0	0	0	0	0	0	0	0	0	0	0	0	0	0					
//	붕괴된에텔레인								0	0									0			0			0			0			0					
	4220	의회의호출	0	0	10000	0	0	0	0	0	0	0	0	0	0	0	0	0	0	0	0	0	0	0	0	0	0	0	0	0	0					
	4221	공격받는에텔레인	0	0	30000	0	0	0	0	0	0	0	0	0	0	0	0	0	0	0	0	0	0	0	0	0	0	0	0	0	0					
	4222	에텔레인을사수하라1	0	0	40000	0	0	0	0	0	0	0	0	0	0	0	0	0	0	0	0	0	0	0	0	0	0	0	0	0	0					
	4223	에텔레인을사수하라2	0	0	50000	0	0	0	0	0	0	0	0	0	0	0	0	0	0	0	0	0	0	0	0	0	0	0	0	0	0					
	4224	에텔레인을사수하라3	0	0	60000	0	0	0	0	0	0	0	0	0	0	0	0	0	0	0	0	0	0	0	0	0	0	0	0	0	0					
	4225	이그니스의배신	0	0	80000	0	0	0	0	0	0	0	0	0	0	0	0	0	0	0	0	0	0	0	0	0	0	0	0	0	0					
//	1006마이너칼버스퀘스트								0	0									0			0			0			0			0					
	4226	칼버스의악령	0	0	0	0	0	0	0	0	0	0	0	0	0	0	0	0	0	0	0	0	0	0	0	0	0	0	0	0	0					
	4227	라비모라의주술	0	0	0	0	0	0	0	0	0	0	0	0	0	2	40903	1	0	40902	1	0	0	0	0	0	0	0	0	0	0					
	4228	영혼을담을그릇	0	0	0	0	0	0	0	0	0	0	0	0	0	0	0	0	0	0	0	0	0	0	0	0	0	0	0	0	0					
	4229	칼버스의영혼	0	0	0	0	0	0	0	0	0	0	0	0	0	0	0	0	0	0	0	0	0	0	0	0	0	0	0	0	0					
//	1101퀘스트_코르토크해안퀘스트								0	0									0			0			0			0			0					
	4230	세리엔트대륙으로	0	115839117	0	0	0	0	0	0	0	0	0	0	0	0	0	0	0	0	0	0	0	0	0	0	0	0	0	0	0					
	4231	비공정슬레이프니르	0	115839117	0	0	0	0	0	0	0	0	0	0	0	0	0	0	0	0	0	0	0	0	0	0	0	0	0	0	0					
	4232	세리엔트대륙	0	115839117	0	0	0	0	0	0	0	0	0	0	0	0	0	0	0	0	0	0	0	0	0	0	0	0	0	0	0					
	4233	코르토크해안의생명체1	0	115839117	0	0	0	0	0	0	0	0	0	0	0	0	0	0	0	0	0	0	0	0	0	0	0	0	0	0	0					
	4234	코르토크해안의생명체2	0	115839117	0	0	0	0	0	0	0	0	0	0	0	0	0	0	0	0	0	0	0	0	0	0	0	0	0	0	0					
	4235	코르토크해안의생명체3	0	115839117	0	0	0	0	0	0	0	0	0	0	0	0	0	0	0	0	0	0	0	0	0	0	0	0	0	0	0					
	4236	진지구축	0	115839117	25000	0	0	0	0	0	0	4133	10	0	0	0	0	0	0	0	0	0	0	0	0	0	0	0	0	0	0		//보상변경			
	4237	원정군보급품	0	115839117	0	0	0	0	0	0	0	0	0	0	0	0	0	0	0	0	0	0	0	0	0	0	0	0	0	0	0					
	4238	실종된원정대원	0	115839117	25000	0	0	0	0	0	0	4133	10	0	0	0	0	0	0	0	0	0	0	0	0	0	0	0	0	0	0		//보상변경			
	4239	알수없는죽음	0	115839117	0	0	0	0	0	0	0	0	0	0	0	0	0	0	0	0	0	0	0	0	0	0	0	0	0	0	0					
	4240	코르토크마을의트리나	0	115839117	0	0	0	0	0	0	0	0	0	0	0	0	0	0	0	0	0	0	0	0	0	0	0	0	0	0	0					
	4241	갈수없는마을	0	115839117	0	0	0	0	0	0	0	40905	1	0	0	0	0	0	0	0	0	0	0	0	0	0	0	0	0	0	0					
	4242	코르토크해안	0	115839117	0	0	0	0	0	0	0	0	0	0	0	0	0	0	0	0	0	0	0	0	0	0	0	0	0	0	0					
	4243	코르토크정찰1	0	115839117	0	0	0	0	0	0	0	0	0	0	0	0	0	0	0	0	0	0	0	0	0	0	0	0	0	0	0					
	4244	코르토크정찰2	0	115839117	0	0	0	0	0	0	0	0	0	0	0	0	0	0	0	0	0	0	0	0	0	0	0	0	0	0	0					
	4245	코르토크정찰3	0	115839117	0	0	0	0	0	0	0	0	0	0	0	0	0	0	0	0	0	0	0	0	0	0	0	0	0	0	0					
	4246	코르토크정찰4	0	115839117	0	0	0	0	0	0	0	40908	1	0	0	0	0	0	0	0	0	0	0	0	0	0	0	0	0	0	0					
	4247	전염병주의	0	115839117	0	0	0	0	0	0	0	0	0	0	0	0	0	0	0	0	0	0	0	0	0	0	0	0	0	0	0					
	4248	원주민의도움	0	115839117	0	0	0	0	0	0	0	0	0	0	0	0	0	0	0	0	0	0	0	0	0	0	0	0	0	0	0					
	4249	부족장의조건	0	115839117	30000	0	0	0	0	0	0	4133	10	0	0	0	0	0	0	0	0	0	0	0	0	0	0	0	0	0	0		//보상변경			
	4250	갈고리벌레의위협1	0	115839117	0	0	0	0	0	0	0	0	0	0	0	0	0	0	0	0	0	0	0	0	0	0	0	0	0	0	0					
	4251	갈고리벌레의위협2	0	115839117	0	0	0	0	0	0	0	0	0	0	0	0	0	0	0	0	0	0	0	0	0	0	0	0	0	0	0					
	4252	파랑부리부족의처방전	0	115839117	30000	0	0	0	0	0	0	4133	10	0	0	0	0	0	0	0	0	0	0	0	0	0	0	0	0	0	0		//보상변경			
	4253	비취풍뎅이의알	0	115839117	0	0	0	0	0	0	0	0	0	0	0	0	0	0	0	0	0	0	0	0	0	0	0	0	0	0	0					
	4254	약은약사에게	0	115839117	0	0	0	0	0	0	0	40911	1	0	0	0	0	0	0	0	0	0	0	0	0	0	0	0	0	0	0					
	4255	학자의호기심	0	115839117	35000	0	0	0	0	0	0	4133	10	0	0	0	0	0	0	0	0	0	0	0	0	0	0	0	0	0	0		//보상변경			
	4256	학자알카펜	0	115839117	0	0	0	0	0	0	0	0	0	0	0	0	0	0	0	0	0	0	0	0	0	0	0	0	0	0	0					
	4257	신기한표본	0	115839117	0	0	0	0	0	0	0	0	0	0	0	0	0	0	0	0	0	0	0	0	0	0	0	0	0	0	0					
	4258	드리슈의분석기	0	115839117	0	0	0	0	0	0	0	0	0	0	0	0	0	0	0	0	0	0	0	0	0	0	0	0	0	0	0					
	4259	식인꽃의꽃잎	0	115839117	0	0	0	0	0	0	0	0	0	0	0	0	0	0	0	0	0	0	0	0	0	0	0	0	0	0	0					
	4260	드리슈의분석	0	115839117	0	0	0	0	0	0	0	40913	1	0	0	0	0	0	0	0	0	0	0	0	0	0	0	0	0	0	0					
	4261	비공정의정비	0	115839117	35000	0	0	0	0	0	0	4133	10	0	0	0	0	0	0	0	0	0	0	0	0	0	0	0	0	0	0		//보상변경			
	4262	게리의보고서	0	115839117	0	0	0	0	0	0	0	40919	1	0	0	0	0	0	0	0	0	0	0	0	0	0	0	0	0	0	0					
	4263	업그레이드욕구1(반복2회)	0	139916618	0	0	0	0	0	0	0	0	0	0	0	0	0	0	0	0	0	0	0	0	0	0	0	0	0	0	0					
	4264	업그레이드욕구2(반복3회)	0	139916618	0	0	0	0	0	0	0	0	0	0	0	0	0	0	0	0	0	0	0	0	0	0	0	0	0	0	0					
	4265	게리의추천장	0	139916618	40000	0	0	0	0	0	0	4133	10	0	0	0	0	0	0	0	0	0	0	0	0	0	0	0	0	0	0		//보상변경			
	4266	후긴의보고서	0	139916618	0	0	0	0	0	0	0	40920	1	0	0	0	0	0	0	0	0	0	0	0	0	0	0	0	0	0	0					
	4267	후긴의요청1(반복2회)	0	139916618	0	0	0	0	0	0	0	0	0	0	0	0	0	0	0	0	0	0	0	0	0	0	0	0	0	0	0					
	4268	후긴의요청2(반복3회)	0	139916618	0	0	0	0	0	0	0	0	0	0	0	0	0	0	0	0	0	0	0	0	0	0	0	0	0	0	0					
	4269	후긴의추천장	0	139916618	40000	0	0	0	0	0	0	4133	10	0	0	0	0	0	0	0	0	0	0	0	0	0	0	0	0	0	0		//보상변경			
	4270	조난자파울로	0	139916618	0	0	0	0	0	0	0	0	0	0	0	0	0	0	0	0	0	0	0	0	0	0	0	0	0	0	0					
	4271	여긴어디?	0	139916618	0	0	0	0	0	0	0	0	0	0	0	0	0	0	0	0	0	0	0	0	0	0	0	0	0	0	0					
	4272	사라진사진첩	0	139916618	0	0	0	0	0	0	0	0	0	0	0	0	0	0	0	0	0	0	0	0	0	0	0	0	0	0	0					
	4273	고향에전해주오	0	139916618	0	0	0	0	0	0	0	0	0	0	0	0	0	0	0	0	0	0	0	0	0	0	0	0	0	0	0					
	4274	바보같은아들	0	139916618	0	0	0	0	0	0	0	0	0	0	0	0	0	0	0	0	0	0	0	0	0	0	0	0	0	0	0					
	4275	오크라의비약	0	139916618	0	0	0	0	0	0	0	0	0	0	0	0	0	0	0	0	0	0	0	0	0	0	0	0	0	0	0					
	4276	배송지연	0	139916618	0	0	0	0	0	0	0	0	0	0	0	0	0	0	0	0	0	0	0	0	0	0	0	0	0	0	0					
	4277	배송실수!	0	139916618	0	0	0	0	0	0	0	0	0	0	0	0	0	0	0	0	0	0	0	0	0	0	0	0	0	0	0					
	4278	배송료지불	0	139916618	0	0	0	0	0	0	0	4133	10	0	0	0	0	0	0	0	0	0	0	0	0	0	0	0	0	0	0		//보상변경			
	4279	부함장발뭉의고민	0	139916618	0	0	0	0	0	0	0	0	0	0	0	0	0	0	0	0	0	0	0	0	0	0	0	0	0	0	0					
	4280	무기의보급1(반복2회)	0	139916618	0	0	0	0	0	0	0	0	0	0	0	0	0	0	0	0	0	0	0	0	0	0	0	0	0	0	0					
	4281	무기의보급2(반복3회)	0	139916618	0	0	0	0	0	0	0	0	0	0	0	0	0	0	0	0	0	0	0	0	0	0	0	0	0	0	0					
	4282	발뭉의추천	0	139916618	45000	0	0	0	0	0	0	4133	10	0	0	0	0	0	0	0	0	0	0	0	0	0	0	0	0	0	0		//보상변경			
	4283	코르토크마을탈환계획(미션선행퀘스트)	0	139916618	0	0	0	0	0	0	0	0	0	0	0	0	0	0	0	0	0	0	0	0	0	0	0	0	0	0	0					
	4284	타락한대지의수호자1	0	139916618	45000	0	0	0	0	0	0	0	0	0	0	0	0	0	0	0	0	0	0	0	0	0	0	0	0	0	0					
	4285	타락한대지의수호자2	0	139916618	45000	0	0	0	0	0	0	0	0	0	0	0	0	0	0	0	0	0	0	0	0	0	0	0	0	0	0					
	4286	유물의힘	0	139916618	50000	0	0	0	0	0	0	0	0	0	0	0	0	0	0	0	0	0	0	0	0	0	0	0	0	0	0					
	4287	방해세력	0	139916618	50000	0	0	0	0	0	0	0	0	0	0	0	0	0	0	0	0	0	0	0	0	0	0	0	0	0	0					
	4288	봉인석의파수꾼	0	139916618	50000	0	0	0	0	0	0	0	0	0	0	0	0	0	0	0	0	0	0	0	0	0	0	0	0	0	0					
	4289	마력충전(반복5회)	0	139916618	0	0	0	0	0	0	0	0	0	0	0	0	0	0	0	0	0	0	0	0	0	0	0	0	0	0	0					
	4290	수호자의선물	0	139916618	60000	0	0	0	0	0	0	4133	10	0	0	0	0	0	0	0	0	0	0	0	0	0	0	0	0	0	0		//보상변경			
	4291	정화된대지의수호자	0	139916618	0	0	10	0	0	0	0	4133	10	0	0	0	0	0	0	0	0	0	0	0	0	0	0	0	0	0	0		//보상변경			
	4292	되찾은마을	0	139916618	0	0	0	0	0	0	0	0	0	0	0	0	0	0	0	0	0	0	0	0	0	0	0	0	0	0	0					
	4293	트리나는어디에?	0	139916618	50000	0	0	0	0	0	0	4133	10	0	0	0	0	0	0	0	0	0	0	0	0	0	0	0	0	0	0		//보상변경			
	4294	빼앗긴보물1	0	139916618	0	0	0	0	0	0	0	0	0	0	0	0	0	0	0	0	0	0	0	0	0	0	0	0	0	0	0					
	4295	빼앗긴보물2	0	139916618	0	0	0	0	0	0	0	0	0	0	0	0	0	0	0	0	0	0	0	0	0	0	0	0	0	0	0					
	4296	빼앗긴보물3	0	139916618	0	0	0	0	0	0	0	0	0	0	0	0	0	0	0	0	0	0	0	0	0	0	0	0	0	0	0					
	4297	빼앗긴보물4	0	139916618	0	0	0	0	0	0	0	0	0	0	0	0	0	0	0	0	0	0	0	0	0	0	0	0	0	0	0					
	4298	빼앗긴보물5	0	139916618	0	0	0	0	0	0	0	40928	1	0	0	0	0	0	0	0	0	0	0	0	0	0	0	0	0	0	0					
	4299	신속한전투1	0	139916618	0	0	0	0	0	0	0	0	0	0	0	0	0	0	0	0	0	0	0	0	0	0	0	0	0	0	0					
	4300	타임아웃40분	0	139916618	60000	0	0	0	0	0	0	4133	10	0	0	0	0	0	0	0	0	0	0	0	0	0	0	0	0	0	0		//보상변경			
	4301	신속한전투2	0	139916618	0	0	0	0	0	0	0	0	0	0	0	0	0	0	0	0	0	0	0	0	0	0	0	0	0	0	0					
	4302	타임아웃35분	0	139916618	70000	0	0	0	0	0	0	4133	10	0	0	0	0	0	0	0	0	0	0	0	0	0	0	0	0	0	0		//보상변경			
	4303	신속한전투3	0	139916618	0	0	0	0	0	0	0	0	0	0	0	0	0	0	0	0	0	0	0	0	0	0	0	0	0	0	0					
	4304	타임아웃30분	0	139916618	80000	0	0	0	0	0	0	4133	10	0	0	0	0	0	0	0	0	0	0	0	0	0	0	0	0	0	0		//보상변경			
	4305	신속한전투4	0	139916618	0	0	0	0	0	0	0	0	0	0	0	0	0	0	0	0	0	0	0	0	0	0	0	0	0	0	0					
	4306	타임아웃25분	0	139916618	100000	0	0	0	0	0	0	4133	10	0	0	0	0	0	0	0	0	0	0	0	0	0	0	0	0	0	0		//보상변경			
	4307	신속한전투5	0	139916618	0	0	0	0	0	0	0	0	0	0	0	0	0	0	0	0	0	0	0	0	0	0	0	0	0	0	0					
	4308	타임아웃20분	0	139916618	150000	0	0	0	0	0	0	4133	10	0	0	0	0	0	0	0	0	0	0	0	0	0	0	0	0	0	0		//보상변경			
	4309	신속한전투6	0	139916618	0	0	0	0	0	0	0	0	0	0	0	0	0	0	0	0	0	0	0	0	0	0	0	0	0	0	0					
	4310	타임아웃18분	0	139916618	200000	0	0	0	0	0	0	4133	10	0	0	0	0	0	0	0	0	0	0	0	0	0	0	0	0	0	0		//보상변경			
	4311	강력한치료제	0	139916618	0	0	0	0	0	0	0	0	0	0	0	0	0	0	0	0	0	0	0	0	0	0	0	0	0	0	0					
	4312	협력작업	0	139916618	0	0	0	0	0	0	0	0	0	0	0	0	0	0	0	0	0	0	0	0	0	0	0	0	0	0	0					
	4313	약사의부탁	0	139916618	0	0	0	0	0	0	0	0	0	0	0	0	0	0	0	0	0	0	0	0	0	0	0	0	0	0	0					
	4314	식인벌레의눈알(반복5회)	0	139916618	0	0	0	0	0	0	0	0	0	0	0	0	0	0	0	0	0	0	0	0	0	0	0	0	0	0	0					
	4315	감사의표시	0	139916618	100000	0	0	0	0	0	0	4133	10	0	0	0	0	0	0	0	0	0	0	0	0	0	0	0	0	0	0		//보상변경			
	4316	사냥꾼페즈투	0	139916618	60000	0	0	0	0	0	0	4133	10	0	0	0	0	0	0	0	0	0	0	0	0	0	0	0	0	0	0		//보상변경			
	4317	풍뎅이의머리	0	139916618	0	0	0	0	0	0	0	0	0	0	0	0	0	0	0	0	0	0	0	0	0	0	0	0	0	0	0					
	4318	도마뱀의꼬리	0	139916618	0	0	0	0	0	0	0	0	0	0	0	0	0	0	0	0	0	0	0	0	0	0	0	0	0	0	0					
	4319	사냥꾼의욕심	0	139916618	70000	0	0	0	0	0	0	4133	10	0	0	0	0	0	0	0	0	0	0	0	0	0	0	0	0	0	0		//보상변경			
	4320	더많은풍뎅이의머리	0	139916618	0	0	0	0	0	0	0	0	0	0	0	0	0	0	0	0	0	0	0	0	0	0	0	0	0	0	0					
	4321	더많은도마뱀의꼬리	0	139916618	0	0	0	0	0	0	0	0	0	0	0	0	0	0	0	0	0	0	0	0	0	0	0	0	0	0	0					
	4322	용기사레벤의몸풀기운동	0	139916618	50000	0	0	0	0	0	0	0	0	0	0	0	0	0	0	0	0	0	0	0	0	0	0	0	0	0	0					
	4323	자비심없는전투능력1	0	139916618	60000	0	0	0	0	0	0	0	0	0	0	0	0	0	0	0	0	0	0	0	0	0	0	0	0	0	0					
	4324	자비심없는전투능력2	0	139916618	100000	0	0	0	0	0	0	0	0	0	0	0	0	0	0	0	0	0	0	0	0	0	0	0	0	0	0					
	4325	대륙과의교역	0	139916618	200000	0	0	0	0	0	0	4133	10	0	0	0	0	0	0	0	0	0	0	0	0	0	0	0	0	0	0		//보상변경			
	4326	오크라와의교역	0	139916618	0	0	0	0	0	0	0	0	0	0	0	0	0	0	0	0	0	0	0	0	0	0	0	0	0	0	0					
	4327	크롤리버사의고민	0	139916618	0	0	0	0	0	0	0	40937	1	0	0	0	0	0	0	0	0	0	0	0	0	0	0	0	0	0	0					
	4328	에텔레인과의교역	0	139916618	0	0	0	0	0	0	0	0	0	0	0	0	0	0	0	0	0	0	0	0	0	0	0	0	0	0	0					
	4329	수라키의횡포	0	139916618	0	0	0	0	0	0	0	40940	1	0	0	0	0	0	0	0	0	0	0	0	0	0	0	0	0	0	0					
	4330	트링겔과의교역	0	139916618	0	0	0	0	0	0	0	0	0	0	0	0	0	0	0	0	0	0	0	0	0	0	0	0	0	0	0					
	4331	돌아온말썽꾼나크라트	0	139916618	0	0	0	0	0	0	0	40938	1	0	0	0	0	0	0	0	0	0	0	0	0	0	0	0	0	0	0					
	4332	벨트헨과의교역	0	139916618	0	0	0	0	0	0	0	0	0	0	0	0	0	0	0	0	0	0	0	0	0	0	0	0	0	0	0					
	4333	골칫덩어리사이베드	0	139916618	0	0	0	0	0	0	0	40939	1	0	0	0	0	0	0	0	0	0	0	0	0	0	0	0	0	0	0					
//	1101_소켓큐브퀘스트								0	0									0			0			0			0			0					
	4334	원소의이해	0	0	0	0	0	0	0	0	0	8208	1	0	0	0	0	0	0	0	0	0	0	0	0	0	0	0	0	0	0					
	4335	상성의법칙1	0	0	0	0	0	0	0	0	0	8207	1	0	0	0	0	0	0	0	0	0	0	0	0	0	0	0	0	0	0					
	4336	상성의법칙2	0	0	0	0	0	0	0	0	0	0	0	0	0	0	0	0	0	0	0	0	0	0	0	0	0	0	0	0	0					
	4337	쓸모없는재료란없다	0	0	0	0	0	0	0	0	0	7294	1	0	0	0	0	0	0	0	0	0	0	0	0	0	0	0	0	0	0					
	4338	큐브의이해합성	0	0	0	0	0	0	0	0	0	0	0	0	0	0	0	0	0	0	0	0	0	0	0	0	0	0	0	0	0					
	4339	코브의이해분해	0	0	0	0	0	0	0	0	0	0	0	0	0	0	0	0	0	0	0	0	0	0	0	0	0	0	0	0	0					
//	큐브합성보상추가								0	0									0			0			0			0			0					
	4340	하급쟈드불에테르변환	0	0	0	0	0	0	0	0	0	0	0	0	3	0	15005	0	0	0	0	0	0	0	0	0	0	0	0	0	0					
	4341	하급쟈드물에테르변환	0	0	0	0	0	0	0	0	0	0	0	0	3	0	15006	0	0	0	0	0	0	0	0	0	0	0	0	0	0					
	4342	하급쟈드바람에테르변환	0	0	0	0	0	0	0	0	0	0	0	0	3	0	15007	0	0	0	0	0	0	0	0	0	0	0	0	0	0					
	4343	하급쟈드대지에테르변환	0	0	0	0	0	0	0	0	0	0	0	0	3	0	15008	0	0	0	0	0	0	0	0	0	0	0	0	0	0					
	4344	하급쟈드암흑에테르변환	0	0	0	0	0	0	0	0	0	0	0	0	3	0	15009	0	0	0	0	0	0	0	0	0	0	0	0	0	0					
//2011_국내_[이벤트]아르도르원정대모집퀘스트									0	0									0			0			0			0			0					
	4345	길들여진코르토크가재살피기	0	1000	2000	0	0	0	0	0	0	0	0	0	0	0	0	0	0	0	0	0	0	0	0	0	0	0	0	0	0					
	4346	쿠어어어(배고파)	0	1000	2000	0	0	0	0	0	0	0	0	0	0	0	0	0	0	0	0	0	0	0	0	0	0	0	0	0	0					
	4347	새로운생물	0	1000	2000	0	0	0	0	0	0	0	0	0	0	0	0	0	0	0	0	0	0	0	0	0	0	0	0	0	0					
	4348	신속배달	0	1000	2000	0	0	0	0	0	0	0	0	0	0	0	0	0	0	0	0	0	0	0	0	0	0	0	0	0	0					
	4349	아르도르원정대모집	0	1000	2000	0	0	0	0	0	0	0	0	0	0	1	7111	1	0	0	0	0	0	0	0	0	0	0	0	0	0					
	4350	[이벤트]아르도르원정대모집_AC보상	50347	5000	100000	0	0	0	0	0	0	0	0	0	2	2	4015	10	0	62014	1	0	0	0	0	0	0	0	0	0	0					
//	1101마이너_탈것퀘스트								0	0									0			0			0			0			0					
	4351	세계제일의명마	0	0	0	0	0	0	0	0	0	0	0	0	0	1	3400	1	0	3403	1	0	3406	1	0	0	0	0	0	0	0					
	4352	산양의목줄1	0	0	0	0	0	0	0	0	0	40949	1	0	0	0	0	0	0	0	0	0	0	0	0	0	0	0	0	0	0					
	4353	산양의목줄2	0	0	0	0	0	0	0	0	0	40949	1	0	0	0	0	0	0	0	0	0	0	0	0	0	0	0	0	0	0					
	4354	산양의목줄3	0	0	0	0	0	0	0	0	0	40949	1	0	0	0	0	0	0	0	0	0	0	0	0	0	0	0	0	0	0					
	4355	산양의목줄4	0	0	0	0	0	0	0	0	0	40949	1	0	0	0	0	0	0	0	0	0	0	0	0	0	0	0	0	0	0					
	4356	명마에걸맞는장비	0	0	0	0	0	0	0	0	0	0	0	0	0	3	3605	1	0	3606	1	0	3607	1	0	0	0	0	0	0	0					
	4357	최고의장비1	0	0	0	0	0	0	0	0	0	3614	1	0	0	0	0	0	0	0	0	0	0	0	0	0	0	0	0	0	0					
	4358	최고의장비2	0	0	0	0	0	0	0	0	0	3615	1	0	0	0	0	0	0	0	0	0	0	0	0	0	0	0	0	0	0					
	4359	최고의장비3	0	0	0	0	0	0	0	0	0	3616	1	0	0	0	0	0	0	0	0	0	0	0	0	0	0	0	0	0	0					
//	1102타락한사원퀘스트보상								0	0									0			0			0			0			0					
	4360	낯선초대장	0	0	90000	0	0	0	0	0	0	55601	1	0	0	0	0	0	0	0	0	0	0	0	0	0	0	0	0	0	0					
	4361	악마사냥	0	24316551	90000	0	0	0	0	0	0	6890	1	0	0	0	0	0	0	0	0	0	0	0	0	0	0	0	0	0	0					
	4362	악마의흔적	0	318798	0	0	0	0	0	0	0	55602	1	0	0	0	0	0	0	0	0	0	0	0	0	0	0	0	0	0	0					
	4363	분해:빛과어둠의근원	0	0	0	0	0	0	0	0	0	55602	10	0	0	0	0	0	0	0	0	0	0	0	0	0	0	0	0	0	0					
//	4364	융합:빛과어둠의티끌	0	0	0	0	0	0	0	0	0	55603	1	0	0	0	0	0	0	0	0	0	0	0	0	0	0	0	0	0	0					
//	1102갈레노아퀘스트및기타퀘스트추가		0	0	0	0	0	0	0	0	0	0	0	0	0	0	0	0	0	0	0	0	0	0	0	0	0	0	0	0	0					
	4365	정글의위협1	0	178871737	10000	0	0	0	0	0	0	0	0	0	0	0	0	0	0	0	0	0	0	0	0	0	0	0	0	0	0					
	4366	갈변된네페시스	0	178871737	0	0	0	0	0	0	0	0	0	0	0	0	0	0	0	0	0	0	0	0	0	0	0	0	0	0	0					
	4367	썩은나무덴타클골렘	0	178871737	0	0	0	0	0	0	0	0	0	0	0	0	0	0	0	0	0	0	0	0	0	0	0	0	0	0	0					
	4368	정글의위협2	0	178871737	0	0	0	0	0	0	0	0	0	0	0	0	0	0	0	0	0	0	0	0	0	0	0	0	0	0	0					
	4369	정글의위협3	0	178871737	0	0	0	0	0	0	0	0	0	0	0	0	0	0	0	0	0	0	0	0	0	0	0	0	0	0	0					
	4370	정글의위협4(반복20회)	0	178871737	5000	0	0	0	0	0	0	4133	10	0	0	0	0	0	0	0	0	0	0	0	0	0	0	0	0	0	0		//보상변경			
	4371	중독된병사(반복)	0	178871737	0	0	0	0	0	0	0	0	0	0	0	0	0	0	0	0	0	0	0	0	0	0	0	0	0	0	0					
	4372	해독제만들기	0	178871737	0	0	0	0	0	0	0	40989	1	0	0	0	0	0	0	0	0	0	0	0	0	0	0	0	0	0	0					
	4373	독버섯의해독제	0	178871737	0	0	0	0	0	0	0	0	0	0	0	0	0	0	0	0	0	0	0	0	0	0	0	0	0	0	0					
	4374	해독제만들기	0	178871737	0	0	0	0	0	0	0	0	0	0	0	0	0	0	0	0	0	0	0	0	0	0	0	0	0	0	0					
	4375	코르토크마을의재건	0	178871737	0	0	0	0	0	0	0	4988	1	0	0	0	0	0	0	0	0	0	0	0	0	0	0	0	0	0	0		//보상변경			
	4376	단단한뼈	0	178871737	0	0	0	0	0	0	0	0	0	0	0	0	0	0	0	0	0	0	0	0	0	0	0	0	0	0	0					
	4377	철광석	0	178871737	0	0	0	0	0	0	0	0	0	0	0	0	0	0	0	0	0	0	0	0	0	0	0	0	0	0	0					
	4378	더많은단단한뼈(반복10회)	0	178871737	0	0	0	0	0	0	0	0	0	0	0	0	0	0	0	0	0	0	0	0	0	0	0	0	0	0	0					
	4379	더많은철광석(반복10회)	0	178871737	0	0	0	0	0	0	0	0	0	0	0	0	0	0	0	0	0	0	0	0	0	0	0	0	0	0	0					
	4380	부족장의선물	0	178871737	50000	0	0	0	0	0	0	4988	1	0	0	0	0	0	0	0	0	0	0	0	0	0	0	0	0	0	0		//보상변경			
	4381	정글을지배하는자1	0	178871737	0	0	0	0	0	0	0	0	0	0	0	0	0	0	0	0	0	0	0	0	0	0	0	0	0	0	0					
	4382	정글을지배하는자2	0	178871737	30000	0	0	0	0	0	0	0	0	0	0	0	0	0	0	0	0	0	0	0	0	0	0	0	0	0	0					
	4383	갈고리랩터!	0	178871737	0	0	0	0	0	0	0	4988	1	0	0	0	0	0	0	0	0	0	0	0	0	0	0	0	0	0	0		//보상변경			
	4384	무스클루스!	0	178871737	0	0	0	0	0	0	0	0	0	0	0	0	0	0	0	0	0	0	0	0	0	0	0	0	0	0	0					
	4385	정글을지배하는자3	0	178871737	30000	0	0	0	0	0	0	0	0	0	0	0	0	0	0	0	0	0	0	0	0	0	0	0	0	0	0					
	4386	정찰병발터의보고서	0	178871737	0	0	0	0	0	0	0	40992	1	0	0	0	0	0	0	0	0	0	0	0	0	0	0	0	0	0	0					
	4387	정찰병오토의지도	0	178871737	0	0	0	0	0	0	0	40993	1	0	0	0	0	0	0	0	0	0	0	0	0	0	0	0	0	0	0					
	4388	정찰병피셔의보고서	0	178871737	0	0	0	0	0	0	0	40994	1	0	0	0	0	0	0	0	0	0	0	0	0	0	0	0	0	0	0					
	4389	정글을지배하는자4	0	178871737	0	0	0	0	0	0	0	0	0	0	0	0	0	0	0	0	0	0	0	0	0	0	0	0	0	0	0					
	4390	정글을지배하는자5	0	178871737	0	0	0	0	0	0	0	49149	1	0	0	0	0	0	0	0	0	0	0	0	0	0	0	0	0	0	0		//보상변경			
	4391	심문	0	178871737	30000	0	0	0	0	0	0	0	0	0	0	0	0	0	0	0	0	0	0	0	0	0	0	0	0	0	0					
	4392	거짓말쟁이피버(반복2회)	0	178871737	0	0	0	0	0	0	0	0	0	0	0	0	0	0	0	0	0	0	0	0	0	0	0	0	0	0	0					
	4393	피버의자백	0	178871737	0	0	0	0	0	0	0	4133	10	0	0	0	0	0	0	0	0	0	0	0	0	0	0	0	0	0	0		//보상변경			
	4394	부족한고기	0	178871737	0	0	0	0	0	0	0	4133	10	0	0	0	0	0	0	0	0	0	0	0	0	0	0	0	0	0	0		//보상변경			
	4395	랩터의고기	0	178871737	0	0	0	0	0	0	0	4133	10	0	0	0	0	0	0	0	0	0	0	0	0	0	0	0	0	0	0		//보상변경			
	4396	라이노사우르스의고기	0	178871737	0	0	0	0	0	0	0	4133	10	0	0	0	0	0	0	0	0	0	0	0	0	0	0	0	0	0	0		//보상변경			
	4397	맛좋은랩터의고기(10회반복)	0	178871737	0	0	0	0	0	0	0	0	0	0	0	0	0	0	0	0	0	0	0	0	0	0	0	0	0	0	0					
	4398	맛좋은라이노사우르스의고기(10회반복)	0	178871737	0	0	0	0	0	0	0	0	0	0	0	0	0	0	0	0	0	0	0	0	0	0	0	0	0	0	0					
	4399	영양만점!	0	178871737	50000	0	0	0	0	0	0	4133	10	0	0	0	0	0	0	0	0	0	0	0	0	0	0	0	0	0	0		//보상변경			
	4400	신전	0	178871737	0	0	0	0	0	0	0	4133	10	0	0	0	0	0	0	0	0	0	0	0	0	0	0	0	0	0	0		//보상변경			
	4401	붉은벌들1	0	178871737	0	0	0	0	0	0	0	4133	10	0	0	0	0	0	0	0	0	0	0	0	0	0	0	0	0	0	0		//보상변경			
	4402	붉은벌들2	0	178871737	0	0	0	0	0	0	0	0	0	0	0	0	0	0	0	0	0	0	0	0	0	0	0	0	0	0	0					
	4403	여신의추종자들	0	178871737	0	0	0	0	0	0	0	0	0	0	0	0	0	0	0	0	0	0	0	0	0	0	0	0	0	0	0					
	4404	핏빚송곳니부족의방해(미션선행퀘스트)	0	178871737	30000	0	0	0	0	0	0	49149	1	0	0	0	0	0	0	0	0	0	0	0	0	0	0	0	0	0	0		//보상변경			
	4405	핏빚송곳니부족의소탕1	0	178871737	0	0	0	0	0	0	0	0	0	0	0	0	0	0	0	0	0	0	0	0	0	0	0	0	0	0	0					
	4406	핏빚송곳니부족의소탕2	0	178871737	0	0	0	0	0	0	0	0	0	0	0	0	0	0	0	0	0	0	0	0	0	0	0	0	0	0	0					
	4407	갈레노아정글돌파	0	596239123	100000	0	0	0	0	0	0	4133	10	0	0	0	0	0	0	0	0	0	0	0	0	0	0	0	0	0	0		//보상변경			
	4408	정글의지배자차로	0	298119561	50000	0	0	0	0	0	0	4133	10	0	0	0	0	0	0	0	0	0	0	0	0	0	0	0	0	0	0		//보상변경			
	4409	정글의지배자외눈박이고리	0	298119561	50000	0	0	0	0	0	0	4133	10	0	0	0	0	0	0	0	0	0	0	0	0	0	0	0	0	0	0		//보상변경			
	4410	정글의지배자야생의포포투	0	298119561	50000	0	0	0	0	0	0	4133	10	0	0	0	0	0	0	0	0	0	0	0	0	0	0	0	0	0	0		//보상변경			
	4411	전쟁의기록-지배자차로(반복10회)	0	136538759	10000	0	0	0	0	0	0	0	0	0	0	0	0	0	0	0	0	0	0	0	0	0	0	0	0	0	0					
	4412	전쟁의기록-지배자외눈박이고리(반복10회)	0	136538759	10000	0	0	0	0	0	0	0	0	0	0	0	0	0	0	0	0	0	0	0	0	0	0	0	0	0	0					
	4413	전쟁의기록-지배자야생의포포투(반복10회)	0	136538759	10000	0	0	0	0	0	0	0	0	0	0	0	0	0	0	0	0	0	0	0	0	0	0	0	0	0	0					
	4414	전쟁의기록-정글의주인창백한데이노스(반복10회)	0	204808138	30000	0	0	0	0	0	0	0	0	0	0	0	0	0	0	0	0	0	0	0	0	0	0	0	0	0	0					
	4415	전쟁의기록2-지배자차로(반복10회)	0	248899093	10000	0	0	0	0	0	0	0	0	0	0	0	0	0	0	0	0	0	0	0	0	0	0	0	0	0	0					
	4416	전쟁의기록2-지배자외눈박이고리(반복10회)	0	248899093	10000	0	0	0	0	0	0	0	0	0	0	0	0	0	0	0	0	0	0	0	0	0	0	0	0	0	0					
	4417	전쟁의기록2-지배자야생의포포투(반복10회)	0	248899093	10000	0	0	0	0	0	0	0	0	0	0	0	0	0	0	0	0	0	0	0	0	0	0	0	0	0	0					
	4418	전쟁의기록2-정글의주인창백한데이노스	0	331865458	30000	0	0	0	0	0	0	0	0	0	0	0	0	0	0	0	0	0	0	0	0	0	0	0	0	0	0					
	4419	전쟁의기록3-지배자차로(반복10회)	0	282500471	10000	0	0	0	0	0	0	0	0	0	0	0	0	0	0	0	0	0	0	0	0	0	0	0	0	0	0					
	4420	전쟁의기록3-지배자외눈박이고리(반복10회)	0	282500471	10000	0	0	0	0	0	0	0	0	0	0	0	0	0	0	0	0	0	0	0	0	0	0	0	0	0	0					
	4421	전쟁의기록3-지배자야생의포포투(반복10회)	0	282500471	10000	0	0	0	0	0	0	0	0	0	0	0	0	0	0	0	0	0	0	0	0	0	0	0	0	0	0					
	4422	전쟁의기록3-정글의주인창백한데이노스	0	376667295	30000	0	0	0	0	0	0	0	0	0	0	0	0	0	0	0	0	0	0	0	0	0	0	0	0	0	0					
	4423	캡틴렉스	0	150945952	0	0	0	0	0	0	0	0	0	0	0	0	0	0	0	0	0	0	0	0	0	0	0	0	0	0	0					
	4424	캡틴페르나	0	150945952	0	0	0	0	0	0	0	0	0	0	0	0	0	0	0	0	0	0	0	0	0	0	0	0	0	0	0					
	4425	캡틴리데르	0	150945952	0	0	0	0	0	0	0	0	0	0	0	0	0	0	0	0	0	0	0	0	0	0	0	0	0	0	0					
	4426	전쟁의기록-캡틴들의저항1(반복10회)	0	248899093	20000	0	0	0	0	0	0	0	0	0	0	0	0	0	0	0	0	0	0	0	0	0	0	0	0	0	0					
	4427	전쟁의기록-캡틴들의저항2(반복10회)	0	470834118	30000	0	0	0	0	0	0	0	0	0	0	0	0	0	0	0	0	0	0	0	0	0	0	0	0	0	0					
	4428	갈레노아정글의정예몬스터들1(반복5회)	0	150945952	0	0	0	0	0	0	0	0	0	0	0	0	0	0	0	0	0	0	0	0	0	0	0	0	0	0	0					
	4429	갈레노아정글의리더몬스터들1(반복5회)	0	150945952	0	0	0	0	0	0	0	0	0	0	0	0	0	0	0	0	0	0	0	0	0	0	0	0	0	0	0					
	4430	갈레노아정글의정예몬스터들2(반복5회)	0	165932729	0	0	0	0	0	0	0	0	0	0	0	0	0	0	0	0	0	0	0	0	0	0	0	0	0	0	0					
	4431	갈레노아정글의리더몬스터들2(반복5회)	0	165932729	0	0	0	0	0	0	0	0	0	0	0	0	0	0	0	0	0	0	0	0	0	0	0	0	0	0	0					
	4432	갈레노아정글의정예몬스터들3(반복5회)	0	188333647	0	0	0	0	0	0	0	0	0	0	0	0	0	0	0	0	0	0	0	0	0	0	0	0	0	0	0					
	4433	갈레노아정글의리더몬스터들3(반복5회)	0	188333647	0	0	0	0	0	0	0	0	0	0	0	0	0	0	0	0	0	0	0	0	0	0	0	0	0	0	0					
	4434	헬론의증표LV1(반복)	0	0	10000	0	0	0	0	0	0	40972	1	0	0	0	0	0	0	0	0	0	0	0	0	0	0	0	0	0	0					
	4435	헬론의증표LV2(반복)	0	0	20000	0	0	0	0	0	0	40973	1	0	0	0	0	0	0	0	0	0	0	0	0	0	0	0	0	0	0					
	4436	헬론의증표LV3(반복)	0	0	30000	0	0	0	0	0	0	40974	1	0	0	0	0	0	0	0	0	0	0	0	0	0	0	0	0	0	0					
	4437	헬론의증표LV4(반복)	0	0	50000	0	0	0	0	0	0	40975	1	0	0	0	0	0	0	0	0	0	0	0	0	0	0	0	0	0	0					
	4438	전쟁의기록1-헬론의증표LV1(반복3회)	0	164944693	0	0	0	0	0	0	0	0	0	0	0	0	0	0	0	0	0	0	0	0	0	0	0	0	0	0	0					
	4439	전쟁의기록1-헬론의증표LV2(반복3회)	0	164944693	0	0	0	0	0	0	0	0	0	0	0	0	0	0	0	0	0	0	0	0	0	0	0	0	0	0	0					
	4440	전쟁의기록1-헬론의증표LV3(반복3회)	0	219926258	0	0	0	0	0	0	0	0	0	0	0	0	0	0	0	0	0	0	0	0	0	0	0	0	0	0	0					
	4441	전쟁의기록2-헬론의증표LV1(반복6회)	0	225792791	0	0	0	0	0	0	0	0	0	0	0	0	0	0	0	0	0	0	0	0	0	0	0	0	0	0	0					
	4442	전쟁의기록2-헬론의증표LV2(반복6회)	0	225792791	0	0	0	0	0	0	0	0	0	0	0	0	0	0	0	0	0	0	0	0	0	0	0	0	0	0	0					
	4443	전쟁의기록2-헬론의증표LV3(반복6회)	0	301057055	0	0	0	0	0	0	0	0	0	0	0	0	0	0	0	0	0	0	0	0	0	0	0	0	0	0	0					
	4444	전쟁의기록2-헬론의증표LV4(반복6회)	0	301057055	0	0	0	0	0	0	0	0	0	0	0	0	0	0	0	0	0	0	0	0	0	0	0	0	0	0	0					
	4445	전쟁의기록3-헬론의증표LV1(반복9회)	0	309087752	0	0	0	0	0	0	0	0	0	0	0	0	0	0	0	0	0	0	0	0	0	0	0	0	0	0	0					
	4446	전쟁의기록3-헬론의증표LV2(반복9회)	0	309087752	0	0	0	0	0	0	0	0	0	0	0	0	0	0	0	0	0	0	0	0	0	0	0	0	0	0	0					
	4447	전쟁의기록3-헬론의증표LV3(반복9회)	0	412117003	0	0	0	0	0	0	0	0	0	0	0	0	0	0	0	0	0	0	0	0	0	0	0	0	0	0	0					
	4448	전쟁의기록3-헬론의증표LV4(반복9회)	0	412117003	0	0	0	0	0	0	0	0	0	0	0	0	0	0	0	0	0	0	0	0	0	0	0	0	0	0	0					
	4449	전쟁의기록-헬론의증표LV1(일일)	0	100000000	0	0	0	0	0	0	0	0	0	0	0	0	0	0	0	0	0	0	0	0	0	0	0	0	0	0	0					
	4450	전쟁의기록-헬론의증표LV2(일일)	0	100000000	0	0	0	0	0	0	0	0	0	0	0	0	0	0	0	0	0	0	0	0	0	0	0	0	0	0	0					
	4451	전쟁의기록-헬론의증표LV3(일일)	0	100000000	0	0	0	0	0	0	0	0	0	0	0	0	0	0	0	0	0	0	0	0	0	0	0	0	0	0	0					
	4452	전쟁의기록-헬론의증표LV4(일일)	0	100000000	0	0	0	0	0	0	0	0	0	0	0	0	0	0	0	0	0	0	0	0	0	0	0	0	0	0	0					
	4453	오염된성소의괴물들(일일)	0	100000000	0	0	0	0	0	0	0	0	0	0	0	0	0	0	0	0	0	0	0	0	0	0	0	0	0	0	0					
	4454	검은에테르의괴물들(일일)	0	100000000	0	0	0	0	0	0	0	0	0	0	0	0	0	0	0	0	0	0	0	0	0	0	0	0	0	0	0					
	4455	기괴한생명체(일일)	0	100000000	0	0	0	0	0	0	0	0	0	0	0	0	0	0	0	0	0	0	0	0	0	0	0	0	0	0	0					
	4456	쉬바르츠의보석	0	65977877	0	0	0	0	0	0	0	0	0	0	0	0	0	0	0	0	0	0	0	0	0	0	0	0	0	0	0					
	4457	더많은쉬바르츠의보석	0	54981564	0	0	0	0	0	0	0	0	0	0	0	0	0	0	0	0	0	0	0	0	0	0	0	0	0	0	0					
	4458	재물의힘	0	219926258	0	0	0	0	0	0	0	0	0	0	0	0	0	0	0	0	0	0	0	0	0	0	0	0	0	0	0					
	4459	헬론의리더몬스터(일일)	0	100000000	0	0	0	0	0	0	0	0	0	0	0	0	0	0	0	0	0	0	0	0	0	0	0	0	0	0	0					
	4460	헬론의정예몬스터(일일)	0	100000000	0	0	0	0	0	0	0	0	0	0	0	0	0	0	0	0	0	0	0	0	0	0	0	0	0	0	0					
	4461	헬론의캡틴몬스터(일일)	0	100000000	0	0	0	0	0	0	0	0	0	0	0	0	0	0	0	0	0	0	0	0	0	0	0	0	0	0	0					
	4462	빛나는오크라의보석	0	105671026	0	0	0	0	0	0	0	0	0	0	0	0	0	0	0	0	0	0	0	0	0	0	0	0	0	0	0					
	4463	보석의가치	0	88059188	0	0	0	0	0	0	0	0	0	0	0	0	0	0	0	0	0	0	0	0	0	0	0	0	0	0	0					
	4464	오!보석이여!	0	352236754	0	0	0	0	0	0	0	0	0	0	0	0	0	0	0	0	0	0	0	0	0	0	0	0	0	0	0					
	4465	오염된성소의괴물들3(반복9회)	0	282073482	0	0	0	0	0	0	0	0	0	0	0	0	0	0	0	0	0	0	0	0	0	0	0	0	0	0	0					
	4466	검은에테르의괴물들3(반복9회)	0	282073482	0	0	0	0	0	0	0	0	0	0	0	0	0	0	0	0	0	0	0	0	0	0	0	0	0	0	0					
	4467	기괴한생명체3(반복9회)	0	282073482	0	0	0	0	0	0	0	0	0	0	0	0	0	0	0	0	0	0	0	0	0	0	0	0	0	0	0					
	4468	부활된괴물들3(반복9회)	0	282073482	0	0	0	0	0	0	0	0	0	0	0	0	0	0	0	0	0	0	0	0	0	0	0	0	0	0	0					
	4469	헬론의유물	0	169244089	0	0	0	0	0	0	0	0	0	0	0	0	0	0	0	0	0	0	0	0	0	0	0	0	0	0	0					
	4470	더많은헬론의유물	0	141036741	0	0	0	0	0	0	0	0	0	0	0	0	0	0	0	0	0	0	0	0	0	0	0	0	0	0	0					
	4471	오나의보물이여!	0	564146965	0	0	0	0	0	0	0	0	0	0	0	0	0	0	0	0	0	0	0	0	0	0	0	0	0	0	0					
	4472	최강의탈것방어구1	0	10996312	0	0	0	0	0	0	0	3678	1	0	0	0	0	0	0	0	0	0	0	0	0	0	0	0	0	0	0					
	4473	최강의탈것방어구2	0	17611837	0	0	0	0	0	0	0	3679	1	0	0	0	0	0	0	0	0	0	0	0	0	0	0	0	0	0	0					
	4474	최강의탈것방어구3	0	28207348	0	0	0	0	0	0	0	3680	1	0	0	0	0	0	0	0	0	0	0	0	0	0	0	0	0	0	0					
	4475	전쟁의기록-묘지의증표LV1(반복3회)	0	1911707	0	0	0	0	0	0	0	0	0	0	0	0	0	0	0	0	0	0	0	0	0	0	0	0	0	0	0					
	4476	전쟁의기록-묘지의증표LV2(반복3회)	0	1911707	0	0	0	0	0	0	0	0	0	0	0	0	0	0	0	0	0	0	0	0	0	0	0	0	0	0	0					
	4477	전쟁의기록-묘지의증표LV3(반복3회)	0	1911707	0	0	0	0	0	0	0	0	0	0	0	0	0	0	0	0	0	0	0	0	0	0	0	0	0	0	0					
	4478	전쟁의기록2-묘지의증표LV1(반복6회)	0	3627287	0	0	0	0	0	0	0	0	0	0	0	0	0	0	0	0	0	0	0	0	0	0	0	0	0	0	0					
	4479	전쟁의기록2-묘지의증표LV2(반복6회)	0	3627287	0	0	0	0	0	0	0	0	0	0	0	0	0	0	0	0	0	0	0	0	0	0	0	0	0	0	0					
	4480	전쟁의기록2-묘지의증표LV3(반복6회)	0	4352744	0	0	0	0	0	0	0	0	0	0	0	0	0	0	0	0	0	0	0	0	0	0	0	0	0	0	0					
	4481	전쟁의기록2-묘지의증표LV4(반복6회)	0	4836382	0	0	0	0	0	0	0	0	0	0	0	0	0	0	0	0	0	0	0	0	0	0	0	0	0	0	0					
	4482	전쟁의기록3-묘지의증표LV1(반복9회)	0	6868821	0	0	0	0	0	0	0	0	0	0	0	0	0	0	0	0	0	0	0	0	0	0	0	0	0	0	0					
	4483	전쟁의기록3-묘지의증표LV2(반복9회)	0	8242585	0	0	0	0	0	0	0	0	0	0	0	0	0	0	0	0	0	0	0	0	0	0	0	0	0	0	0					
	4484	전쟁의기록3-묘지의증표LV3(반복9회)	0	9158428	0	0	0	0	0	0	0	0	0	0	0	0	0	0	0	0	0	0	0	0	0	0	0	0	0	0	0					
	4485	전쟁의기록3-묘지의증표LV4(반복9회)	0	9158428	0	0	0	0	0	0	0	0	0	0	0	0	0	0	0	0	0	0	0	0	0	0	0	0	0	0	0					
	4486	전쟁의기록-묘지의증표LV1(일일)	0	20000000	0	0	0	0	0	0	0	0	0	0	0	0	0	0	0	0	0	0	0	0	0	0	0	0	0	0	0					
	4487	전쟁의기록-묘지의증표LV2(일일)	0	20000000	0	0	0	0	0	0	0	0	0	0	0	0	0	0	0	0	0	0	0	0	0	0	0	0	0	0	0					
	4488	전쟁의기록-묘지의증표LV3(일일)	0	20000000	0	0	0	0	0	0	0	0	0	0	0	0	0	0	0	0	0	0	0	0	0	0	0	0	0	0	0					
	4489	전쟁의기록-묘지의증표LV4(일일)	0	20000000	0	0	0	0	0	0	0	0	0	0	0	0	0	0	0	0	0	0	0	0	0	0	0	0	0	0	0					
	4490	전쟁의기록-묘지의증표LV5(일일)	0	20000000	0	0	0	0	0	0	0	0	0	0	0	0	0	0	0	0	0	0	0	0	0	0	0	0	0	0	0					
	4491	제단의악령들(일일)	0	20000000	0	0	0	0	0	0	0	0	0	0	0	0	0	0	0	0	0	0	0	0	0	0	0	0	0	0	0					
	4492	되살아난악령들(일일)	0	20000000	0	0	0	0	0	0	0	0	0	0	0	0	0	0	0	0	0	0	0	0	0	0	0	0	0	0	0					
	4493	암흑전당의악령들(일일)	0	20000000	0	0	0	0	0	0	0	0	0	0	0	0	0	0	0	0	0	0	0	0	0	0	0	0	0	0	0					
	4494	아이올트의보석	0	764683	0	0	0	0	0	0	0	0	0	0	0	0	0	0	0	0	0	0	0	0	0	0	0	0	0	0	0					
	4495	더많은아이올트의보석	0	637235	0	0	0	0	0	0	0	0	0	0	0	0	0	0	0	0	0	0	0	0	0	0	0	0	0	0	0					
	4496	보석의힘	0	3186179	0	0	0	0	0	0	0	0	0	0	0	0	0	0	0	0	0	0	0	0	0	0	0	0	0	0	0					
	4497	아이올트의정예몬스터(일일)	0	20000000	0	0	0	0	0	0	0	0	0	0	0	0	0	0	0	0	0	0	0	0	0	0	0	0	0	0	0					
	4498	아이올트의캡틴몬스터(일일)	0	20000000	0	0	0	0	0	0	0	0	0	0	0	0	0	0	0	0	0	0	0	0	0	0	0	0	0	0	0					
	4499	암흑전당의악령들(2반복9회)	0	3349666	0	0	0	0	0	0	0	0	0	0	0	0	0	0	0	0	0	0	0	0	0	0	0	0	0	0	0					
	4500	어둠제단의악령들(반복9회)	0	3349666	0	0	0	0	0	0	0	0	0	0	0	0	0	0	0	0	0	0	0	0	0	0	0	0	0	0	0					
	4501	빛나는보석	0	2009800	0	0	0	0	0	0	0	0	0	0	0	0	0	0	0	0	0	0	0	0	0	0	0	0	0	0	0					
	4502	더많은보석들	0	1674833	0	0	0	0	0	0	0	0	0	0	0	0	0	0	0	0	0	0	0	0	0	0	0	0	0	0	0					
	4503	욕심쟁이	0	2679733	0	0	0	0	0	0	0	0	0	0	0	0	0	0	0	0	0	0	0	0	0	0	0	0	0	0	0					
	4504	재벌의꿈	0	8374166	0	0	0	0	0	0	0	0	0	0	0	0	0	0	0	0	0	0	0	0	0	0	0	0	0	0	0					
	4505	제단의악령들3(반복9회)	0	5568211	0	0	0	0	0	0	0	0	0	0	0	0	0	0	0	0	0	0	0	0	0	0	0	0	0	0	0					
	4506	되살아난악령들3(반복9회)	0	5568211	0	0	0	0	0	0	0	0	0	0	0	0	0	0	0	0	0	0	0	0	0	0	0	0	0	0	0					
	4507	암흑전당의악령들3(2반복9회)	0	5568211	0	0	0	0	0	0	0	0	0	0	0	0	0	0	0	0	0	0	0	0	0	0	0	0	0	0	0					
	4508	어둠제단의악령들2(반복9회)	0	5568211	0	0	0	0	0	0	0	0	0	0	0	0	0	0	0	0	0	0	0	0	0	0	0	0	0	0	0					
	4509	암흑의제사장들(반복9회)	0	5568211	0	0	0	0	0	0	0	0	0	0	0	0	0	0	0	0	0	0	0	0	0	0	0	0	0	0	0					
	4510	아이올트의유물	0	3340926	0	0	0	0	0	0	0	0	0	0	0	0	0	0	0	0	0	0	0	0	0	0	0	0	0	0	0					
	4511	더많은아이올트의유물	0	2784105	0	0	0	0	0	0	0	0	0	0	0	0	0	0	0	0	0	0	0	0	0	0	0	0	0	0	0					
	4512	유물의힘	0	4454569	0	0	0	0	0	0	0	0	0	0	0	0	0	0	0	0	0	0	0	0	0	0	0	0	0	0	0					
	4513	나의보물!	0	13920528	0	0	0	0	0	0	0	0	0	0	0	0	0	0	0	0	0	0	0	0	0	0	0	0	0	0	0					
	4514	저주받은탑대지의시련	0	213252	10000	0	0	0	0	0	0	40955	1	0	0	0	0	0	0	0	0	0	0	0	0	0	0	0	0	0	0					
	4515	대지의보석1	0	28433	20000	0	0	0	0	0	0	0	0	0	0	0	0	0	0	0	0	0	0	0	0	0	0	0	0	0	0					
	4516	대지의보석2	0	156385	100000	0	0	0	0	0	0	0	0	0	0	0	0	0	0	0	0	0	0	0	0	0	0	0	0	0	0					
	4517	대지의보석3	0	99517	15000	0	0	0	0	0	0	0	0	0	0	0	0	0	0	0	0	0	0	0	0	0	0	0	0	0	0					
	4518	저주받은탑물의시련	0	347024	10000	0	0	0	0	0	0	40957	1	0	0	0	0	0	0	0	0	0	0	0	0	0	0	0	0	0	0					
	4519	물의보석1	0	46269	20000	0	0	0	0	0	0	0	0	0	0	0	0	0	0	0	0	0	0	0	0	0	0	0	0	0	0					
	4520	물의보석2	0	254484	100000	0	0	0	0	0	0	0	0	0	0	0	0	0	0	0	0	0	0	0	0	0	0	0	0	0	0					
	4521	물의보석3	0	185079	15000	0	0	0	0	0	0	0	0	0	0	0	0	0	0	0	0	0	0	0	0	0	0	0	0	0	0					
	4522	저주받은탑불의시련	0	525649	10000	0	0	0	0	0	0	40959	1	0	0	0	0	0	0	0	0	0	0	0	0	0	0	0	0	0	0					
	4523	불의보석1	0	70086	20000	0	0	0	0	0	0	0	0	0	0	0	0	0	0	0	0	0	0	0	0	0	0	0	0	0	0					
	4524	불의보석2	0	385476	200000	0	0	0	0	0	0	0	0	0	0	0	0	0	0	0	0	0	0	0	0	0	0	0	0	0	0					
	4525	불의보석3	0	245302	20000	0	0	0	0	0	0	0	0	0	0	0	0	0	0	0	0	0	0	0	0	0	0	0	0	0	0					
	4526	저주받은탑바람의시련	0	747917	10000	0	0	0	0	0	0	40961	1	0	0	0	0	0	0	0	0	0	0	0	0	0	0	0	0	0	0					
	4527	바람의보석1	0	99722	20000	0	0	0	0	0	0	0	0	0	0	0	0	0	0	0	0	0	0	0	0	0	0	0	0	0	0					
	4528	바람의보석2	0	548472	200000	0	0	0	0	0	0	0	0	0	0	0	0	0	0	0	0	0	0	0	0	0	0	0	0	0	0					
	4529	바람의보석3	0	349028	25000	0	0	0	0	0	0	0	0	0	0	0	0	0	0	0	0	0	0	0	0	0	0	0	0	0	0					
	4530	저주받은탑어둠의시련	0	29328771	10000	0	0	0	0	0	0	40963	1	0	0	0	0	0	0	0	0	0	0	0	0	0	0	0	0	0	0					
	4531	어둠의보석	0	3910502	20000	0	0	0	0	0	0	0	0	0	0	0	0	0	0	0	0	0	0	0	0	0	0	0	0	0	0					
	4532	어둠의보석	0	21507765	300000	0	0	0	0	0	0	0	0	0	0	0	0	0	0	0	0	0	0	0	0	0	0	0	0	0	0					
	4533	어둠의보석	0	13686759	30000	0	0	0	0	0	0	0	0	0	0	0	0	0	0	0	0	0	0	0	0	0	0	0	0	0	0					
	4534	전쟁의기록-야수의증표LV1	0	1398	2000	0	0	0	0	0	0	0	0	0	0	0	0	0	0	0	0	0	0	0	0	0	0	0	0	0	0					
	4535	전쟁의기록-야수의증표LV2	0	2097	3000	0	0	0	0	0	0	0	0	0	0	0	0	0	0	0	0	0	0	0	0	0	0	0	0	0	0					
	4536	전쟁의기록-야수의증표LV3	0	2797	4000	0	0	0	0	0	0	0	0	0	0	0	0	0	0	0	0	0	0	0	0	0	0	0	0	0	0					
	4537	전쟁의기록-야수의증표LV4	0	4195	5000	0	0	0	0	0	0	0	0	0	0	0	0	0	0	0	0	0	0	0	0	0	0	0	0	0	0					
	4538	전쟁의기록-야수들의숲	0	9669	8000	0	0	0	0	0	0	0	0	0	0	0	0	0	0	0	0	0	0	0	0	0	0	0	0	0	0					
	4539	전쟁의기록-수로의증표LV1	0	7920	4000	0	0	0	0	0	0	0	0	0	0	0	0	0	0	0	0	0	0	0	0	0	0	0	0	0	0					
	4540	전쟁의기록-수로의증표LV2	0	11880	5000	0	0	0	0	0	0	0	0	0	0	0	0	0	0	0	0	0	0	0	0	0	0	0	0	0	0					
	4541	전쟁의기록-수로의증표LV3	0	15840	6000	0	0	0	0	0	0	0	0	0	0	0	0	0	0	0	0	0	0	0	0	0	0	0	0	0	0					
	4542	전쟁의기록-수로의증표LV4	0	23760	7000	0	0	0	0	0	0	0	0	0	0	0	0	0	0	0	0	0	0	0	0	0	0	0	0	0	0					
	4543	전쟁의기록-에텔레인지하수로	0	79200	10000	0	0	0	0	0	0	0	0	0	0	0	0	0	0	0	0	0	0	0	0	0	0	0	0	0	0					
	4544	전쟁의기록-설원의증표LV1	0	33209	6000	0	0	0	0	0	0	0	0	0	0	0	0	0	0	0	0	0	0	0	0	0	0	0	0	0	0					
	4545	전쟁의기록-설원의증표LV2	0	49814	7000	0	0	0	0	0	0	0	0	0	0	0	0	0	0	0	0	0	0	0	0	0	0	0	0	0	0					
	4546	전쟁의기록-설원의증표LV3	0	66418	8000	0	0	0	0	0	0	0	0	0	0	0	0	0	0	0	0	0	0	0	0	0	0	0	0	0	0					
	4547	전쟁의기록-설원의증표LV4	0	99628	9000	0	0	0	0	0	0	0	0	0	0	0	0	0	0	0	0	0	0	0	0	0	0	0	0	0	0					
	4548	전쟁의기록-얼어붙은궁전	0	332093	20000	0	0	0	0	0	0	0	0	0	0	0	0	0	0	0	0	0	0	0	0	0	0	0	0	0	0					
	4549	전쟁의기록-용족의증표LV1	0	67414	8000	0	0	0	0	0	0	0	0	0	0	0	0	0	0	0	0	0	0	0	0	0	0	0	0	0	0					
	4550	전쟁의기록-용족의증표LV2	0	101121	9000	0	0	0	0	0	0	0	0	0	0	0	0	0	0	0	0	0	0	0	0	0	0	0	0	0	0					
	4551	전쟁의기록-용족의증표LV3	0	134828	10000	0	0	0	0	0	0	0	0	0	0	0	0	0	0	0	0	0	0	0	0	0	0	0	0	0	0					
	4552	전쟁의기록-용족의증표LV4	0	202242	15000	0	0	0	0	0	0	0	0	0	0	0	0	0	0	0	0	0	0	0	0	0	0	0	0	0	0					
	4553	전쟁의기록-용족의계곡	0	674142	40000	0	0	0	0	0	0	0	0	0	0	0	0	0	0	0	0	0	0	0	0	0	0	0	0	0	0					
	4554	사제의선물	0	0	0	0	0	0	0	0	0	40965	1	0	0	0	0	0	0	0	0	0	0	0	0	0	0	0	0	0	0					
//2011_국내_[이벤트]미완의엘리트퀘스트_상시이벤트									0	0									0			0			0			0			0					
	4555	늙은도서관지기의소원	0	5000	3000	0	0	0	0	0	0	0	0	0	0	0	0	0	0	0	0	0	0	0	0	0	0	0	0	0	0					
	4556	경비대장본헤를링의고민	0	5000	3750	0	0	0	0	0	0	0	0	0	0	0	0	0	0	0	0	0	0	0	0	0	0	0	0	0	0					
	4557	모조꾼의정보	0	5000	4250	0	0	0	0	0	0	0	0	0	0	0	0	0	0	0	0	0	0	0	0	0	0	0	0	0	0					
	4558	맨입으론곤란해	0	20000	100000	0	0	0	0	0	0	0	0	0	0	0	0	0	0	0	0	0	0	0	0	0	0	0	0	0	0					
	4559	최고의모조꾼	0	5000	5275	0	0	0	0	0	0	0	0	0	0	0	0	0	0	0	0	0	0	0	0	0	0	0	0	0	0					
	4560	이것도정령석?!	0	5000	10000	0	0	0	0	0	0	0	0	0	2	5	7131	10000	0	7132	10000	0	7133	10000	0	7134	10000	0	7135	10000	0					
	4561	미안해요알론카터_버서커	0	5000	30000	0	0	0	0	0	0	0	0	0	2	1	53003	10000	0	7138	1	0	0	0	0	0	0	0	0	0	0					
	4562	미안해요알론카터_드래곤나이트	0	5000	30000	0	0	0	0	0	0	0	0	0	2	1	53011	10000	0	7138	1	0	0	0	0	0	0	0	0	0	0					
	4563	미안해요알론카터_섀도우	0	5000	30000	0	0	0	0	0	0	0	0	0	2	1	53019	10000	0	7138	1	0	0	0	0	0	0	0	0	0	0					
	4564	미안해요알론카터_발키리	0	5000	30000	0	0	0	0	0	0	0	0	0	2	1	53027	10000	0	7138	1	0	0	0	0	0	0	0	0	0	0					
	4565	미안해요알론카터_엘리멘탈리스트	0	5000	30000	0	0	0	0	0	0	0	0	0	2	1	53035	10000	0	7138	1	0	0	0	0	0	0	0	0	0	0					
	4566	[이벤트]미안해요알론카터_AC보상	50348	10000	100000	0	0	0	0	0	0	0	0	0	2	3	4977	6	0	4978	2	0	4979	1	0	0	0	0	0	0	0					
	4567	[이벤트]미안해요알론카터_아인이벤트보상	0	0	0	0	0	0	0	0	0	0	0	0	3	0	29	0	0	0	0	0	0	0	0	0	0	0	0	0	0					
//	1103노블스칼렛동굴								0	0									0			0			0			0			0					
	4568	탐사활동	0	0	20000	0	0	0	0	0	0	0	0	0	0	0	0	0	0	0	0	0	0	0	0	0	0	0	0	0	0					
	4569	노블스칼렛동굴	0	320638034	0	0	0	0	0	0	0	4133	10	0	0	0	0	0	0	0	0	0	0	0	0	0	0	0	0	0	0		//보상변경			
	4570	애플턴의장비	0	320638034	0	0	0	0	0	0	0	4133	10	0	0	0	0	0	0	0	0	0	0	0	0	0	0	0	0	0	0		//보상변경			
	4571	풍부한에테르	0	320638034	0	0	0	0	0	0	0	4133	10	0	0	0	0	0	0	0	0	0	0	0	0	0	0	0	0	0	0		//보상변경			
	4572	개스코인의금맥발견	0	0	50000	0	0	0	0	0	0	0	0	0	0	0	0	0	0	0	0	0	0	0	0	0	0	0	0	0	0					
	4573	금도에테르도모두우리의것	0	320638034	0	0	0	0	0	0	0	49149	1	0	0	0	0	0	0	0	0	0	0	0	0	0	0	0	0	0	0		//보상변경			
	4574	강력한융해물질	0	320638034	0	0	0	0	0	0	0	0	0	0	0	0	0	0	0	0	0	0	0	0	0	0	0	0	0	0	0					
	4575	탐사대원바클라	0	0	50000	0	0	0	0	0	0	0	0	0	0	0	0	0	0	0	0	0	0	0	0	0	0	0	0	0	0					
	4576	특별한에테르	0	320638034	0	0	0	0	0	0	0	0	0	0	0	0	0	0	0	0	0	0	0	0	0	0	0	0	0	0	0					
	4577	에테르채굴(5회반복)	0	320638034	10000	0	0	0	0	0	0	41027	1	0	0	0	0	0	0	0	0	0	0	0	0	0	0	0	0	0	0					
	4578	특별한에테르2	0	0	20000	0	0	0	0	0	0	0	0	0	0	0	0	0	0	0	0	0	0	0	0	0	0	0	0	0	0					
	4579	개발의필요	0	0	20000	0	0	0	0	0	0	4133	10	0	0	0	0	0	0	0	0	0	0	0	0	0	0	0	0	0	0		//보상변경			
	4580	게으른일꾼들	0	320638034	0	0	0	0	0	0	0	4133	10	0	0	0	0	0	0	0	0	0	0	0	0	0	0	0	0	0	0		//보상변경			
	4581	게으른일꾼아이게르	0	320638034	0	0	0	0	0	0	0	4133	10	0	0	0	0	0	0	0	0	0	0	0	0	0	0	0	0	0	0		//보상변경			
	4582	게으른일꾼슈스케르	0	320638034	0	0	0	0	0	0	0	4133	10	0	0	0	0	0	0	0	0	0	0	0	0	0	0	0	0	0	0		//보상변경			
	4583	게으른일꾼바셰비스	0	320638034	0	0	0	0	0	0	0	4133	10	0	0	0	0	0	0	0	0	0	0	0	0	0	0	0	0	0	0		//보상변경			
	4584	일꾼슈스케르의작업	0	320638034	0	0	0	0	0	0	0	0	0	0	0	0	0	0	0	0	0	0	0	0	0	0	0	0	0	0	0					
	4585	맹독주의!	0	320638034	0	0	0	0	0	0	0	0	0	0	0	0	0	0	0	0	0	0	0	0	0	0	0	0	0	0	0					
	4586	맹독의히드라	0	320638034	0	0	0	0	0	0	0	41030	1	0	0	0	0	0	0	0	0	0	0	0	0	0	0	0	0	0	0					
	4587	식수확보	0	320638034	0	0	0	0	0	0	0	0	0	0	0	0	0	0	0	0	0	0	0	0	0	0	0	0	0	0	0					
	4588	수질검사1	0	320638034	0	0	0	0	0	0	0	0	0	0	0	0	0	0	0	0	0	0	0	0	0	0	0	0	0	0	0					
	4589	수질검사2	0	320638034	0	0	0	0	0	0	0	4133	10	0	0	0	0	0	0	0	0	0	0	0	0	0	0	0	0	0	0		//보상변경			
	4590	수질검사3	0	320638034	0	0	0	0	0	0	0	0	0	0	0	0	0	0	0	0	0	0	0	0	0	0	0	0	0	0	0					
	4591	난폭해진동물들	0	0	20000	0	0	0	0	0	0	41031	1	0	0	0	0	0	0	0	0	0	0	0	0	0	0	0	0	0	0					
	4592	식수원의상태	0	0	20000	0	0	0	0	0	0	4133	10	0	0	0	0	0	0	0	0	0	0	0	0	0	0	0	0	0	0		//보상변경			
	4593	원정군출입금지	0	0	20000	0	0	0	0	0	0	4133	10	0	0	0	0	0	0	0	0	0	0	0	0	0	0	0	0	0	0		//보상변경			
	4594	역병의원인	0	0	20000	0	0	0	0	0	0	4133	10	0	0	0	0	0	0	0	0	0	0	0	0	0	0	0	0	0	0		//보상변경			
	4595	광폭한야수의피(반복2회)	0	320638034	10000	0	0	0	0	0	0	0	0	0	0	0	0	0	0	0	0	0	0	0	0	0	0	0	0	0	0					
	4596	오염된샘플검사	0	320638034	0	0	0	0	0	0	0	0	0	0	0	0	0	0	0	0	0	0	0	0	0	0	0	0	0	0	0					
	4597	저주의기운	0	0	20000	0	0	0	0	0	0	0	0	0	0	0	0	0	0	0	0	0	0	0	0	0	0	0	0	0	0					
	4598	감독관의판단	0	0	20000	0	0	0	0	0	0	0	0	0	0	0	0	0	0	0	0	0	0	0	0	0	0	0	0	0	0					
	4599	정수작업	0	320638034	0	0	0	0	0	0	0	49149	1	0	0	0	0	0	0	0	0	0	0	0	0	0	0	0	0	0	0		//보상변경			
	4600	정수장치(반복2회)	0	320638034	0	0	0	0	0	0	0	0	0	0	0	0	0	0	0	0	0	0	0	0	0	0	0	0	0	0	0					
	4601	정수가능성	0	0	20000	0	0	0	0	0	0	4045	1	0	0	0	0	0	0	0	0	0	0	0	0	0	0	0	0	0	0		//보상변경			
	4602	협력작업	0	0	20000	0	0	0	0	0	0	4045	1	0	0	0	0	0	0	0	0	0	0	0	0	0	0	0	0	0	0		//보상변경			
	4603	원정군의명령	0	0	20000	0	0	0	0	0	0	4045	1	0	0	0	0	0	0	0	0	0	0	0	0	0	0	0	0	0	0		//보상변경			
	4604	붉은여왕벌부족토벌	0	0	20000	0	0	0	0	0	0	4045	1	0	0	0	0	0	0	0	0	0	0	0	0	0	0	0	0	0	0		//보상변경			
	4605	올빼미부족의협력	0	398119561	0	0	0	0	0	0	0	0	0	0	0	0	0	0	0	0	0	0	0	0	0	0	0	0	0	0	0					
	4606	동생의위험	0	398119561	0	0	0	0	0	0	0	4045	1	0	0	0	0	0	0	0	0	0	0	0	0	0	0	0	0	0	0		//보상변경			
	4607	붉은여왕벌부족의음모1	0	398119561	0	0	0	0	0	0	0	4045	1	0	0	0	0	0	0	0	0	0	0	0	0	0	0	0	0	0	0		//보상변경			
	4608	붉은여왕벌부족의음모2	0	398119561	0	0	0	0	0	0	0	4045	1	0	0	0	0	0	0	0	0	0	0	0	0	0	0	0	0	0	0		//보상변경			
	4609	숨어있던목격자	0	0	0	0	0	0	0	0	0	4045	1	0	0	0	0	0	0	0	0	0	0	0	0	0	0	0	0	0	0		//보상변경			
	4610	고립된원정대원	0	0	0	0	0	0	0	0	0	0	0	0	0	0	0	0	0	0	0	0	0	0	0	0	0	0	0	0	0					
	4611	카르나투스의등장	0	715486948	100000	0	0	0	0	0	0	49149	1	0	0	0	0	0	0	0	0	0	0	0	0	0	0	0	0	0	0		//보상변경			
	4612	미션노블스칼렛(반복)	0	0	100000	0	2	0	0	0	0	0	0	0	0	0	0	0	0	0	0	0	0	0	0	0	0	0	0	0	0					
	4613	노블스칼렛동굴점령	0	0	0	0	0	0	0	0	0	0	0	0	0	0	0	0	0	0	0	0	0	0	0	0	0	0	0	0	0					
	4614	노블스칼렛동굴의지배자1	0	398119561	0	0	0	0	0	0	0	0	0	0	0	0	0	0	0	0	0	0	0	0	0	0	0	0	0	0	0					
	4615	노블스칼렛동굴의지배자2	0	0	0	0	0	0	0	0	0	0	0	0	0	0	0	0	0	0	0	0	0	0	0	0	0	0	0	0	0					
	4616	노블스칼렛동굴의지배자3	0	398119561	0	0	0	0	0	0	0	0	0	0	0	0	0	0	0	0	0	0	0	0	0	0	0	0	0	0	0					
	4617	노블스칼렛동굴의지배자4	0	536615211	50000	0	0	0	0	0	0	0	0	0	0	0	0	0	0	0	0	0	0	0	0	0	0	0	0	0	0					
//	일본할로윈이벤트보상[4618~4619]								0	0									0			0			0			0			0					
	4618	할로윈이벤트금상자보상	0	0	0	0	0	0	0	0	0	0	0	0	0	1	55623	0	0	0	0	0	0	0	0	0	0	0	0	0	0					
	4619	할로윈이벤트은상자보상	0	0	0	0	0	0	0	0	0	0	0	0	0	1	55624	0	0	0	0	0	0	0	0	0	0	0	0	0	0					
//	녹음의대지증표																		0			0			0			0			0					
	4620	1차거점확보_녹음의증표LV1	0	0	0	0	0	0	0	0	0	41392	1	0	0	0	0	0	0	0	0	0	0	0	0	0	0	0	0	0	0					
	4621	힘의싸움_녹음의증표LV2	0	0	0	0	0	0	0	0	0	41393	1	0	0	0	0	0	0	0	0	0	0	0	0	0	0	0	0	0	0					
	4622	녹음의대지_녹음의증표LV3	0	0	0	0	0	0	0	0	0	41394	1	0	0	0	0	0	0	0	0	0	0	0	0	0	0	0	0	0	0					
//	익스트림챌린지관련퀘스트보상																		0			0			0			0			0					
	4623	자격의증명-야수의숲	0	5000	0	0	0	0	0	0	0	0	1	0	0	0	0	0	0	0	0	0	0	0	0	0	0	0	0	0	0					
	4624	자격의증명-지하수로	0	10000	0	0	0	0	0	0	0	0	1	0	0	0	0	0	0	0	0	0	0	0	0	0	0	0	0	0	0					
	4625	자격의증명-얼음궁전	0	20000	0	0	0	0	0	0	0	0	1	0	0	0	0	0	0	0	0	0	0	0	0	0	0	0	0	0	0					
	4626	자격의증명-용족의계곡	0	40000	0	0	0	0	0	0	0	0	1	0	0	0	0	0	0	0	0	0	0	0	0	0	0	0	0	0	0					
	4627	자격의증명-아이올트	0	80000	0	0	0	0	0	0	0	0	1	0	0	0	0	0	0	0	0	0	0	0	0	0	0	0	0	0	0					
	4628	자격의증명-헬론의성	0	160000	0	0	0	0	0	0	0	0	1	0	0	0	0	0	0	0	0	0	0	0	0	0	0	0	0	0	0					
	4629	자격의증명-녹음의대지	0	320000	0	0	0	0	0	0	0	0	1	0	0	0	0	0	0	0	0	0	0	0	0	0	0	0	0	0	0					
//	2011년크리스마스이벤트																		0			0			0			0			0					
	4630	익명의투서	0	5000	0	0	0	0	0	0	0	0	0	0	0	0	0	0	0	0	0	0	0	0	0	0	0	0	0	0	0					
	4631	배달업무	0	5000	0	0	0	0	0	0	0	0	0	0	0	0	0	0	0	0	0	0	0	0	0	0	0	0	0	0	0					
	4632	수령의증거	0	5000	40000	0	0	0	0	0	0	0	0	0	0	0	0	0	0	0	0	0	0	0	0	0	0	0	0	0	0					
	4633	파업의루돌프	0	5000	20000	0	0	0	0	0	0	0	0	0	0	1	41141	0	0	0	0	0	0	0	0	0	0	0	0	0	0					
//	야숲-지하수로퀘스트추가분																		0			0			0			0			0					
	4634	순찰대원아이만	0	722	1560	0	0	0	0	0	0	0	0	0	0	0	0	0	0	0	0	0	0	0	0	0	0	0	0	0	0					
	4635	아이만의조사1	0	722	1620	0	0	0	0	0	0	0	0	0	0	0	0	0	0	0	0	0	0	0	0	0	0	0	0	0	0					
	4636	아이만의조사2	0	722	1680	0	0	0	0	0	0	0	0	0	0	0	0	0	0	0	0	0	0	0	0	0	0	0	0	0	0					
	4637	아이만의조사3	0	722	1740	0	0	0	0	0	0	0	0	0	0	0	0	0	0	0	0	0	0	0	0	0	0	0	0	0	0					
	4638	순찰대원자이트	0	1091	1260	0	0	0	0	0	0	0	0	0	0	0	0	0	0	0	0	0	0	0	0	0	0	0	0	0	0					
	4639	자이트의조사1	0	1091	1260	0	0	0	0	0	0	0	0	0	0	0	0	0	0	0	0	0	0	0	0	0	0	0	0	0	0					
	4640	자이트의조사2	0	1091	1260	0	0	0	0	0	0	0	0	0	0	0	0	0	0	0	0	0	0	0	0	0	0	0	0	0	0					
	4641	자이트의조사3	0	1091	1260	0	0	0	0	0	0	0	0	0	0	0	0	0	0	0	0	0	0	0	0	0	0	0	0	0	0					
	4642	숲의입구	0	1091	1260	0	0	0	0	0	0	0	0	0	0	0	0	0	0	0	0	0	0	0	0	0	0	0	0	0	0					
	4643	사로잡은야수정찰병1	0	1091	1260	0	0	0	0	0	0	0	0	0	0	0	0	0	0	0	0	0	0	0	0	0	0	0	0	0	0					
	4644	사로잡은야수정찰병2	0	1091	1440	0	0	0	0	0	0	0	0	0	0	0	0	0	0	0	0	0	0	0	0	0	0	0	0	0	0					
	4645	푸른시내광전사의폭주	0	1091	1680	0	0	0	0	0	0	0	0	0	0	0	0	0	0	0	0	0	0	0	0	0	0	0	0	0	0					
	4646	좁은계곡정찰대장의폭주	0	1091	5280	0	0	0	0	0	0	0	0	0	0	0	0	0	0	0	0	0	0	0	0	0	0	0	0	0	0					
	4647	음모의발견	0	1091	1260	0	0	0	0	0	0	0	0	0	0	0	0	0	0	0	0	0	0	0	0	0	0	0	0	0	0					
	4648	헬가의부름	0	0	1800	0	0	0	0	0	0	0	0	0	0	0	0	0	0	0	0	0	0	0	0	0	0	0	0	0	0					
	4649	숲의전쟁	0	6830	1860	0	0	0	0	0	0	0	0	0	0	0	0	0	0	0	0	0	0	0	0	0	0	0	0	0	0					
	4650	가난한연금술사1	0	5472	1920	0	0	0	0	0	0	0	0	0	0	0	0	0	0	0	0	0	0	0	0	0	0	0	0	0	0					
	4651	가난한연금술사2	0	5821	2100	0	0	0	0	0	0	0	0	0	0	0	0	0	0	0	0	0	0	0	0	0	0	0	0	0	0					
	4652	가난한연금술사3	0	5472	2280	0	0	0	0	0	0	0	0	0	0	0	0	0	0	0	0	0	0	0	0	0	0	0	0	0	0					
	4653	가난한연금술사4	0	5821	2100	0	0	0	0	0	0	0	0	0	0	0	0	0	0	0	0	0	0	0	0	0	0	0	0	0	0					
	4654	에텔레인경비대원	0	15567	2220	0	0	0	0	0	0	0	0	0	0	0	0	0	0	0	0	0	0	0	0	0	0	0	0	0	0					
	4655	요슈카의요구1	0	15567	2280	0	0	0	0	0	0	0	0	0	0	0	0	0	0	0	0	0	0	0	0	0	0	0	0	0	0					
	4656	요슈카의요구2	0	15567	2280	0	0	0	0	0	0	0	0	0	0	0	0	0	0	0	0	0	0	0	0	0	0	0	0	0	0					
	4657	요슈카의요구3	0	15567	2280	0	0	0	0	0	0	0	0	0	0	0	0	0	0	0	0	0	0	0	0	0	0	0	0	0	0					
	4658	요슈카의요구4	0	15567	2280	0	0	0	0	0	0	0	0	0	0	0	0	0	0	0	0	0	0	0	0	0	0	0	0	0	0					
	4659	요슈카의선물	0	15567	2280	0	0	0	0	0	0	0	0	0	0	0	0	0	0	0	0	0	0	0	0	0	0	0	0	0	0					
	4660	헬가의부름2	0	0	3060	0	0	0	0	0	0	0	0	0	0	0	0	0	0	0	0	0	0	0	0	0	0	0	0	0	0					
	4661	숲의전쟁2	0	39022	3060	0	0	0	0	0	0	0	0	0	0	0	0	0	0	0	0	0	0	0	0	0	0	0	0	0	0					
	4662	경비대장본헤를링1	0	34618	3500	0	0	0	0	0	0	0	0	0	0	0	0	0	0	0	0	0	0	0	0	0	0	0	0	0	0					
	4663	경비상태확인1	0	34618	33500	0	0	0	0	0	0	0	0	0	0	0	0	0	0	0	0	0	0	0	0	0	0	0	0	0	0					
	4664	경비상태확인2	0	34618	23500	0	0	0	0	0	0	0	0	0	0	0	0	0	0	0	0	0	0	0	0	0	0	0	0	0	0					
	4665	경비상태확인3	0	34618	8500	0	0	0	0	0	0	0	0	0	0	0	0	0	0	0	0	0	0	0	0	0	0	0	0	0	0					
	4666	경비상태확인4	0	34618	53500	0	0	0	0	0	0	0	0	0	0	0	0	0	0	0	0	0	0	0	0	0	0	0	0	0	0					
	4667	본헤를링의명령1	0	34618	3500	0	0	0	0	0	0	0	0	0	0	0	0	0	0	0	0	0	0	0	0	0	0	0	0	0	0					
	4668	경비대장본헤를링2	0	34618	3500	0	0	0	0	0	0	0	0	0	0	0	0	0	0	0	0	0	0	0	0	0	0	0	0	0	0					
	4669	경비병의요구1	0	34618	3500	0	0	0	0	0	0	0	0	0	0	0	0	0	0	0	0	0	0	0	0	0	0	0	0	0	0					
	4670	경비병의요구2	0	34618	52500	0	0	0	0	0	0	0	0	0	0	0	0	0	0	0	0	0	0	0	0	0	0	0	0	0	0					
	4671	경비병의요구3	0	34618	63500	0	0	0	0	0	0	0	0	0	0	0	0	0	0	0	0	0	0	0	0	0	0	0	0	0	0					
	4672	경비병의요구4	0	34618	63500	0	0	0	0	0	0	0	0	0	0	0	0	0	0	0	0	0	0	0	0	0	0	0	0	0	0					
	4673	본헤를링의명령2	0	34618	3500	0	0	0	0	0	0	0	0	0	0	0	0	0	0	0	0	0	0	0	0	0	0	0	0	0	0					
	4674	유베트의부름	0	0	4830	0	0	0	0	0	0	0	0	0	0	0	0	0	0	0	0	0	0	0	0	0	0	0	0	0	0					
	4675	지하수로의전쟁	0	50624	4830	0	0	0	0	0	0	0	0	0	0	0	0	0	0	0	0	0	0	0	0	0	0	0	0	0	0					
	4676	의원란트하츠1	0	50624	4830	0	0	0	0	0	0	0	0	0	0	0	0	0	0	0	0	0	0	0	0	0	0	0	0	0	0					
	4677	불우이웃돕기1	0	50624	4830	0	0	0	0	0	0	0	0	0	0	0	0	0	0	0	0	0	0	0	0	0	0	0	0	0	0					
	4678	불우이웃돕기2	0	50624	124830	0	0	0	0	0	0	0	0	0	0	0	0	0	0	0	0	0	0	0	0	0	0	0	0	0	0					
	4679	불우이웃돕기3	0	50624	89830	0	0	0	0	0	0	0	0	0	0	0	0	0	0	0	0	0	0	0	0	0	0	0	0	0	0					
	4680	불우이웃돕기4	0	50624	104830	0	0	0	0	0	0	0	0	0	0	0	0	0	0	0	0	0	0	0	0	0	0	0	0	0	0					
	4681	트링겔의회의명령1	0	50624	4830	0	0	0	0	0	0	0	0	0	0	0	0	0	0	0	0	0	0	0	0	0	0	0	0	0	0					
	4682	의원란트하츠2	0	50624	4830	0	0	0	0	0	0	0	0	0	0	0	0	0	0	0	0	0	0	0	0	0	0	0	0	0	0					
	4683	마을정비사업1	0	50624	4830	0	0	0	0	0	0	0	0	0	0	0	0	0	0	0	0	0	0	0	0	0	0	0	0	0	0					
	4684	마을정비사업2	0	50624	184830	0	0	0	0	0	0	0	0	0	0	0	0	0	0	0	0	0	0	0	0	0	0	0	0	0	0					
	4685	마을정비사업3	0	50624	132330	0	0	0	0	0	0	0	0	0	0	0	0	0	0	0	0	0	0	0	0	0	0	0	0	0	0					
	4686	마을정비사업4	0	50624	123830	0	0	0	0	0	0	0	0	0	0	0	0	0	0	0	0	0	0	0	0	0	0	0	0	0	0					
	4687	트링겔의회의명령2	0	50624	4830	0	0	0	0	0	0	0	0	0	0	0	0	0	0	0	0	0	0	0	0	0	0	0	0	0	0					
	4688	녹슨수문의지하수로	0	50624	4830	0	0	0	0	0	0	0	0	0	0	0	0	0	0	0	0	0	0	0	0	0	0	0	0	0	0					
	4689	정찰병카이오에게맡긴임무	0	50624	4830	0	0	0	0	0	0	0	0	0	0	0	0	0	0	0	0	0	0	0	0	0	0	0	0	0	0					
	4690	해골보병제거	0	50624	4830	0	0	0	0	0	0	0	0	0	0	0	0	0	0	0	0	0	0	0	0	0	0	0	0	0	0					
	4691	검은수로보병제거	0	50624	4830	0	0	0	0	0	0	0	0	0	0	0	0	0	0	0	0	0	0	0	0	0	0	0	0	0	0					
	4692	떠도는죄인제거	0	50624	4830	0	0	0	0	0	0	0	0	0	0	0	0	0	0	0	0	0	0	0	0	0	0	0	0	0	0					
	4693	서쪽미로의지하수로	0	80967	4830	0	0	0	0	0	0	0	0	0	0	0	0	0	0	0	0	0	0	0	0	0	0	0	0	0	0					
	4694	검은수로의감시자들	0	80967	4830	0	0	0	0	0	0	0	0	0	0	0	0	0	0	0	0	0	0	0	0	0	0	0	0	0	0					
	4695	검은수로의궁수	0	80967	4830	0	0	0	0	0	0	0	0	0	0	0	0	0	0	0	0	0	0	0	0	0	0	0	0	0	0					
	4696	어둠의해골보병	0	80967	4830	0	0	0	0	0	0	0	0	0	0	0	0	0	0	0	0	0	0	0	0	0	0	0	0	0	0					
	4697	검은수로감시대장	0	80967	4830	0	0	0	0	0	0	0	0	0	0	0	0	0	0	0	0	0	0	0	0	0	0	0	0	0	0					
	4698	떠도는원혼들	0	80967	4830	0	0	0	0	0	0	0	0	0	0	0	0	0	0	0	0	0	0	0	0	0	0	0	0	0	0					
	4699	퇴마작업1	0	80967	4830	0	0	0	0	0	0	0	0	0	0	0	0	0	0	0	0	0	0	0	0	0	0	0	0	0	0					
	4700	저급한원혼의제거1	0	80967	4830	0	0	0	0	0	0	0	0	0	0	0	0	0	0	0	0	0	0	0	0	0	0	0	0	0	0					
	4701	저급한원혼의제거2	0	80967	4830	0	0	0	0	0	0	0	0	0	0	0	0	0	0	0	0	0	0	0	0	0	0	0	0	0	0					
	4702	에텔레인의협력	0	118801	6800	0	0	0	0	0	0	0	0	0	0	0	0	0	0	0	0	0	0	0	0	0	0	0	0	0	0					
	4703	유베트의부름2	0	0	6800	0	0	0	0	0	0	0	0	0	0	0	0	0	0	0	0	0	0	0	0	0	0	0	0	0	0					
	4704	지하수로의전쟁2	0	118801	6800	0	0	0	0	0	0	0	0	0	0	0	0	0	0	0	0	0	0	0	0	0	0	0	0	0	0					
	4705	에텔레인의경비대장알칸	0	0	6800	0	0	0	0	0	0	0	0	0	0	0	0	0	0	0	0	0	0	0	0	0	0	0	0	0	0					
//	2011년크리스마스이벤트_추가																		0			0			0			0			0					
	4706	파업진압	50349	0	20000	0	0	0	0	0	0	0	0	0	2	1	4045	5	0	0	0	0	0	0	0	0	0	0	0	0	0					
	4707	칭호_해결사	50350	0	50000	0	0	23	0	0	0	0	0	0	2	1	4046	5	0	0	0	0	0	0	0	0	0	0	0	0	0					
//	1201영원성의지대																		0			0			0			0			0					
	4708	허기진순례자	0	1325852129	50000	0	0	0	0	0	0	0	0	0	0	0	0	0	0	0	0	0	0	0	0	0	0	0	0	0	0					
	4709	낙오한순례자들	0	1325852129	50000	0	0	0	0	0	0	4131	25	0	0	0	0	0	0	0	0	0	0	0	0	0	0	0	0	0	0					
	4710	순례자사다트	0	1325852129	50000	0	0	0	0	0	0	0	0	0	0	0	0	0	0	0	0	0	0	0	0	0	0	0	0	0	0					
	4711	순례자사다트의부탁	0	1325852129	50000	0	0	0	0	0	0	4988	1	0	0	0	0	0	0	0	0	0	0	0	0	0	0	0	0	0	0		//보상변경			
	4712	순례자의지팡이	0	1325852129	50000	0	0	0	0	0	0	0	0	0	0	0	0	0	0	0	0	0	0	0	0	0	0	0	0	0	0					
	4713	순례자아마르티아	0	1325852129	50000	0	0	0	0	0	0	0	0	0	0	0	0	0	0	0	0	0	0	0	0	0	0	0	0	0	0					
	4714	순례자아마르티아의부탁	0	1325852129	50000	0	0	0	0	0	0	4988	1	0	0	0	0	0	0	0	0	0	0	0	0	0	0	0	0	0	0		//보상변경			
	4715	랩터의고기	0	1325852129	50000	0	0	0	0	0	0	0	0	0	0	0	0	0	0	0	0	0	0	0	0	0	0	0	0	0	0					
	4716	순례자운세트	0	1325852129	50000	0	0	0	0	0	0	0	0	0	0	0	0	0	0	0	0	0	0	0	0	0	0	0	0	0	0					
	4717	순례자운세트의부탁	0	1325852129	50000	0	0	0	0	0	0	4988	1	0	0	0	0	0	0	0	0	0	0	0	0	0	0	0	0	0	0		//보상변경			
	4718	에키드나의비늘	0	1325852129	50000	0	0	0	0	0	0	0	0	0	0	0	0	0	0	0	0	0	0	0	0	0	0	0	0	0	0					
	4719	땅의수호자아그라왈	0	1325852129	50000	0	0	0	0	0	0	0	0	0	0	0	0	0	0	0	0	0	0	0	0	0	0	0	0	0	0					
	4720	시들어가는신목1	0	1325852129	50000	0	0	0	0	0	0	4131	25	0	0	0	0	0	0	0	0	0	0	0	0	0	0	0	0	0	0					
	4721	난폭한나무의정령	0	1325852129	50000	0	0	0	0	0	0	4133	10	0	0	0	0	0	0	0	0	0	0	0	0	0	0	0	0	0	0		//보상변경			
	4722	나무정령의마력	0	1325852129	50000	0	0	0	0	0	0	4133	10	0	0	0	0	0	0	0	0	0	0	0	0	0	0	0	0	0	0		//보상변경			
	4723	난폭한강의정령	0	1325852129	50000	0	0	0	0	0	0	4133	10	0	0	0	0	0	0	0	0	0	0	0	0	0	0	0	0	0	0		//보상변경			
	4724	강정령의마력	0	1325852129	50000	0	0	0	0	0	0	4133	10	0	0	0	0	0	0	0	0	0	0	0	0	0	0	0	0	0	0		//보상변경			
	4725	난폭한바람의정령	0	1325852129	50000	0	0	0	0	0	0	4133	10	0	0	0	0	0	0	0	0	0	0	0	0	0	0	0	0	0	0		//보상변경			
	4726	바람정령의마력	0	1325852129	50000	0	0	0	0	0	0	4133	10	0	0	0	0	0	0	0	0	0	0	0	0	0	0	0	0	0	0		//보상변경			
	4727	난폭한바위의정령	0	1325852129	50000	0	0	0	0	0	0	4133	10	0	0	0	0	0	0	0	0	0	0	0	0	0	0	0	0	0	0		//보상변경			
	4728	바위정령의마력	0	1325852129	50000	0	0	0	0	0	0	4133	10	0	0	0	0	0	0	0	0	0	0	0	0	0	0	0	0	0	0		//보상변경			
	4729	시들어가는신목2	0	1325852129	50000	0	0	0	0	0	0	4131	25	0	0	0	0	0	0	0	0	0	0	0	0	0	0	0	0	0	0					
	4730	시들어가는신목3	0	1325852129	50000	0	0	0	0	0	0	0	0	0	0	0	0	0	0	0	0	0	0	0	0	0	0	0	0	0	0					
	4731	캡틴스키라	0	1325852129	50000	0	0	0	0	0	0	4045	1	0	0	0	0	0	0	0	0	0	0	0	0	0	0	0	0	0	0		//보상변경			
	4732	캡틴쿠잔	0	1325852129	50000	0	0	0	0	0	0	4045	1	0	0	0	0	0	0	0	0	0	0	0	0	0	0	0	0	0	0		//보상변경			
	4733	캡틴아무무	0	1325852129	50000	0	0	0	0	0	0	4045	1	0	0	0	0	0	0	0	0	0	0	0	0	0	0	0	0	0	0		//보상변경			
	4734	시들어가는신목4	0	1325852129	50000	0	0	0	0	0	0	0	0	0	0	0	0	0	0	0	0	0	0	0	0	0	0	0	0	0	0					
	4735	신목에게활력을1	0	1325852129	50000	0	0	0	0	0	0	4131	25	0	0	0	0	0	0	0	0	0	0	0	0	0	0	0	0	0	0					
	4736	영양제	0	1325852129	50000	0	0	0	0	0	0	41439	1	0	0	0	0	0	0	0	0	0	0	0	0	0	0	0	0	0	0					
	4737	신목에게활력을2	0	1325852129	50000	0	0	0	0	0	0	0	0	0	0	0	0	0	0	0	0	0	0	0	0	0	0	0	0	0	0					
	4738	고농축영양제	0	1325852129	50000	0	0	0	0	0	0	41440	1	0	0	0	0	0	0	0	0	0	0	0	0	0	0	0	0	0	0					
	4739	신목을시들게하는자	0	1325852129	50000	0	0	0	0	0	0	0	0	0	0	0	0	0	0	0	0	0	0	0	0	0	0	0	0	0	0					
	4740	미션지식의나무(파티권장)	0	2613805284	50000	0	0	0	0	0	0	4131	100	0	0	0	0	0	0	0	0	0	0	0	0	0	0	0	0	0	0					
	4741	미션지식의나무(파티권장/일일)	0	400000000	0	0	0	0	0	0	0	0	0	0	0	0	0	0	0	0	0	0	0	0	0	0	0	0	0	0	0					
	4742	신목을지켜라	0	1325852129	50000	0	0	0	0	0	0	4131	25	0	0	0	0	0	0	0	0	0	0	0	0	0	0	0	0	0	0					
	4743	밀려오는적들	0	1325852129	50000	0	0	0	0	0	0	4131	25	0	0	0	0	0	0	0	0	0	0	0	0	0	0	0	0	0	0					
	4744	신목을지켜라(반복10회)	0	662926064	50000	0	0	0	0	0	0	4131	25	0	0	0	0	0	0	0	0	0	0	0	0	0	0	0	0	0	0					
	4745	밀려오는적들(반복10회)	0	662926064	50000	0	0	0	0	0	0	4131	25	0	0	0	0	0	0	0	0	0	0	0	0	0	0	0	0	0	0					
	4746	신목의부활을위하여	0	1325852129	50000	0	0	0	0	0	0	0	0	0	0	0	0	0	0	0	0	0	0	0	0	0	0	0	0	0	0					
	4747	사다트의노력	0	0	100000	0	0	0	0	0	0	41443	3	0	0	0	0	0	0	0	0	0	0	0	0	0	0	0	0	0	0					
	4748	라마크리슈의노력	0	0	100000	0	0	0	0	0	0	41443	3	0	0	0	0	0	0	0	0	0	0	0	0	0	0	0	0	0	0					
	4749	운세트의노력	0	0	100000	0	0	0	0	0	0	41443	3	0	0	0	0	0	0	0	0	0	0	0	0	0	0	0	0	0	0					
	4750	아마르티아의노력	0	0	100000	0	0	0	0	0	0	41443	3	0	0	0	0	0	0	0	0	0	0	0	0	0	0	0	0	0	0					
	4751	지식의씨앗	0	0	50000	0	0	0	0	0	0	0	0	0	0	0	0	0	0	0	0	0	0	0	0	0	0	0	0	0	0					
	4752	신목의수호자	0	0	500000	0	0	37	0	0	0	0	0	0	0	0	0	0	0	0	0	0	0	0	0	0	0	0	0	0	0					
	4753	씨앗모으기	0	0	100000	0	0	0	0	0	0	0	0	0	0	0	0	0	0	0	0	0	0	0	0	0	0	0	0	0	0					
	4754	영원성의정원사	0	0	200000	0	0	0	0	0	0	0	0	0	0	0	0	0	0	0	0	0	0	0	0	0	0	0	0	0	0					
	4755	숲의관리인	0	0	400000	0	0	0	0	0	0	0	0	0	0	0	0	0	0	0	0	0	0	0	0	0	0	0	0	0	0					
	4756	신목의수호자	0	0	500000	0	0	0	0	0	0	0	0	0	0	0	0	0	0	0	0	0	0	0	0	0	0	0	0	0	0					
//	1202녹음의대지추가분																		0			0			0			0			0					
	4757	대지의수호자엔트제거(일일)	0	300000000	50000	0	0	0	0	0	0	41509	1	0	0	0	0	0	0	0	0	0	0	0	0	0	0	0	0	0	0					
	4758	봉인석의파수꾼길로틴제거(일일)	0	300000000	50000	0	0	0	0	0	0	41509	1	0	0	0	0	0	0	0	0	0	0	0	0	0	0	0	0	0	0					
	4759	봉인석의파수꾼파투제거(일일)	0	300000000	50000	0	0	0	0	0	0	41509	1	0	0	0	0	0	0	0	0	0	0	0	0	0	0	0	0	0	0					
	4760	창백한데이노스제거(일일)	0	300000000	50000	0	0	0	0	0	0	41509	1	0	0	0	0	0	0	0	0	0	0	0	0	0	0	0	0	0	0					
	4761	캡틴차르제거(일일)	0	300000000	50000	0	0	0	0	0	0	41509	1	0	0	0	0	0	0	0	0	0	0	0	0	0	0	0	0	0	0					
	4762	외눈박이고리제거(일일)	0	300000000	50000	0	0	0	0	0	0	41509	1	0	0	0	0	0	0	0	0	0	0	0	0	0	0	0	0	0	0					
	4763	야생의포포투제거(일일)	0	300000000	50000	0	0	0	0	0	0	41509	1	0	0	0	0	0	0	0	0	0	0	0	0	0	0	0	0	0	0					
	4764	카르나투스제뷰트제거(일일)	0	300000000	50000	0	0	0	0	0	0	41509	1	0	0	0	0	0	0	0	0	0	0	0	0	0	0	0	0	0	0					
	4765	승리의메달	0	300000000	100000	0	0	0	0	0	0	0	0	0	0	0	0	0	0	0	0	0	0	0	0	0	0	0	0	0	0					
	4766	140레벨보스몬스터(일일)_5마리제거	0	300000000	50000	0	0	0	0	0	0	41509	1	0	0	0	0	0	0	0	0	0	0	0	0	0	0	0	0	0	0					
	4767	140레벨정예몬스터(일일)_50마리제거	0	300000000	50000	0	0	0	0	0	0	41509	1	0	0	0	0	0	0	0	0	0	0	0	0	0	0	0	0	0	0					
	4768	140레벨리더몬스터(일일)_100마리제거	0	300000000	50000	0	0	0	0	0	0	41509	1	0	0	0	0	0	0	0	0	0	0	0	0	0	0	0	0	0	0					
	4769	140레벨일반몬스터(일일)_300마리제거	0	300000000	50000	0	0	0	0	0	0	41509	1	0	0	0	0	0	0	0	0	0	0	0	0	0	0	0	0	0	0					
//	1203아스토레아협곡																		0			0			0			0			0					
	4770	아스토레아협곡	0	0	100000	0	0	0	0	0	0	0	0	0	0	0	0	0	0	0	0	0	0	0	0	0	0	0	0	0	0					
	4771	보물사냥꾼	0	0	100000	0	0	0	0	0	0	4131	10	0	0	0	0	0	0	0	0	0	0	0	0	0	0	0	0	0	0					
	4772	귀찮은벌레1	0	2651704258	0	0	0	0	0	0	0	4131	10	0	0	0	0	0	0	0	0	0	0	0	0	0	0	0	0	0	0					
	4773	귀찮은벌레2	0	2651704258	0	0	0	0	0	0	0	4131	10	0	0	0	0	0	0	0	0	0	0	0	0	0	0	0	0	0	0					
	4774	보물의흔적1	0	2651704258	0	0	0	0	0	0	0	4131	10	0	0	0	0	0	0	0	0	0	0	0	0	0	0	0	0	0	0					
	4775	아스토레아의유물상자	0	2651704258	50000	0	0	0	0	0	0	41518	1	0	0	0	0	0	0	0	0	0	0	0	0	0	0	0	0	0	0					
	4776	아스토레아의유물상자	0	2651704258	50000	0	0	0	0	0	0	41518	1	0	0	0	0	0	0	0	0	0	0	0	0	0	0	0	0	0	0					
	4777	아스토레아의유물상자	0	2651704258	50000	0	0	0	0	0	0	41518	1	0	0	0	0	0	0	0	0	0	0	0	0	0	0	0	0	0	0					
	4778	보물의흔적2	0	2651704258	0	0	0	0	0	0	0	4988	1	0	0	0	0	0	0	0	0	0	0	0	0	0	0	0	0	0	0					
	4779	보물의흔적3	0	2651704258	0	0	0	0	0	0	0	4133	10	0	0	0	0	0	0	0	0	0	0	0	0	0	0	0	0	0	0					
	4780	보물의흔적4	0	0	100000	0	0	0	0	0	0	4133	10	0	0	0	0	0	0	0	0	0	0	0	0	0	0	0	0	0	0					
	4781	보물은어디에있을까?	0	2651704258	100000	0	0	0	0	0	0	4133	10	0	0	0	0	0	0	0	0	0	0	0	0	0	0	0	0	0	0					
	4782	보물찾기1	0	2651704258	0	0	0	0	0	0	0	0	0	0	0	0	0	0	0	0	0	0	0	0	0	0	0	0	0	0	0					
	4783	보물찾기2	0	2651704258	0	0	0	0	0	0	0	0	0	0	0	0	0	0	0	0	0	0	0	0	0	0	0	0	0	0	0					
	4784	보물찾기3	0	2651704258	0	0	0	0	0	0	0	0	0	0	0	3	41530	1	0	41531	1	0	41532	1	0	0	0	0	0	0	0					
	4785	도적라무스	0	2651704258	100000	0	0	0	0	0	0	41520	1	0	0	0	0	0	0	0	0	0	0	0	0	0	0	0	0	0	0					
	4786	도적콜레스	0	2651704258	100000	0	0	0	0	0	0	41520	1	0	0	0	0	0	0	0	0	0	0	0	0	0	0	0	0	0	0					
	4787	도적리프트	0	2651704258	100000	0	0	0	0	0	0	41520	1	0	0	0	0	0	0	0	0	0	0	0	0	0	0	0	0	0	0					
	4788	잃어버린가족	0	2651704258	0	0	0	0	0	0	0	4133	10	0	0	0	0	0	0	0	0	0	0	0	0	0	0	0	0	0	0					
	4789	휴고의비상연락망	0	2651704258	0	0	0	0	0	0	0	4133	10	0	0	0	0	0	0	0	0	0	0	0	0	0	0	0	0	0	0					
	4790	비상연락망확인	0	0	100000	0	0	0	0	0	0	4133	10	0	0	0	0	0	0	0	0	0	0	0	0	0	0	0	0	0	0					
	4791	동생의흔적	0	2651704258	100000	0	0	0	0	0	0	4133	10	0	0	0	0	0	0	0	0	0	0	0	0	0	0	0	0	0	0					
	4792	숨어있는비밀요원1	0	2651704258	0	0	0	0	0	0	0	0	0	0	0	0	0	0	0	0	0	0	0	0	0	0	0	0	0	0	0					
	4793	숨어있는비밀요원2	0	2651704258	0	0	0	0	0	0	0	0	0	0	0	0	0	0	0	0	0	0	0	0	0	0	0	0	0	0	0					
	4794	숨어있는비밀요원3	0	2651704258	0	0	0	0	0	0	0	0	0	0	0	0	0	0	0	0	0	0	0	0	0	0	0	0	0	0	0					
	4795	아스토레아협곡차단(미션선행퀘스트)	0	2651704258	100000	0	0	0	0	0	0	0	0	0	0	0	0	0	0	0	0	0	0	0	0	0	0	0	0	0	0					
	4796	만드라고라의뿌리	0	2651704258	0	0	0	0	0	0	0	0	0	0	0	0	0	0	0	0	0	0	0	0	0	0	0	0	0	0	0					
	4797	파멸의수정조각	0	2651704258	0	0	0	0	0	0	0	4133	10	0	0	0	0	0	0	0	0	0	0	0	0	0	0	0	0	0	0					
	4798	악마의씨앗	0	2651704258	100000	0	0	0	0	0	0	4988	1	0	0	0	0	0	0	0	0	0	0	0	0	0	0	0	0	0	0					
	4799	방어형거점1	0	2651704258	0	0	0	0	0	0	0	4133	10	0	0	0	0	0	0	0	0	0	0	0	0	0	0	0	0	0	0					
	4800	방어형거점2	0	2651704258	0	0	0	0	0	0	0	4133	10	0	0	0	0	0	0	0	0	0	0	0	0	0	0	0	0	0	0					
	4801	카르나투스정예병	0	2651704258	100000	0	0	0	0	0	0	4988	1	0	0	0	0	0	0	0	0	0	0	0	0	0	0	0	0	0	0					
	4802	아스토레아협곡점령	0	2651704258	0	0	0	0	0	0	0	4133	10	0	0	0	0	0	0	0	0	0	0	0	0	0	0	0	0	0	0					
	4803	미션아스토레아협곡	0	3903282558	100000	0	0	0	0	0	0	4133	10	0	0	0	0	0	0	0	0	0	0	0	0	0	0	0	0	0	0					
	4804	미션아스토레아협곡(일일)	0	400000000	0	0	0	0	0	0	0	41533	1	0	0	0	0	0	0	0	0	0	0	0	0	0	0	0	0	0	0					
	4805	무자비한전사(일일)	0	0	100000	0	0	0	0	0	0	41533	1	0	0	0	0	0	0	0	0	0	0	0	0	0	0	0	0	0	0					
	4806	무자비한마법사(일일)	0	0	100000	0	0	0	0	0	0	41533	1	0	0	0	0	0	0	0	0	0	0	0	0	0	0	0	0	0	0					
	4807	무자비한사냥꾼(일일)	0	0	100000	0	0	0	0	0	0	41533	1	0	0	0	0	0	0	0	0	0	0	0	0	0	0	0	0	0	0					
	4808	악마의씨앗(일일)	0	0	100000	0	0	0	0	0	0	41533	1	0	0	0	0	0	0	0	0	0	0	0	0	0	0	0	0	0	0					
	4809	카르나투스정예병(일일)	0	0	100000	0	0	0	0	0	0	41533	1	0	0	0	0	0	0	0	0	0	0	0	0	0	0	0	0	0	0					
	4810	공격단장의훈장10개	0	0	100000	0	0	0	0	0	0	0	0	0	0	0	0	0	0	0	0	0	0	0	0	0	0	0	0	0	0					
	4811	공격단장의훈장30개	0	0	200000	0	0	0	0	0	0	0	0	0	0	0	0	0	0	0	0	0	0	0	0	0	0	0	0	0	0					
	4812	공격단장의훈장70개	0	0	400000	0	0	0	0	0	0	0	0	0	0	0	0	0	0	0	0	0	0	0	0	0	0	0	0	0	0					
	4813	공격단장의훈장110개	0	0	600000	0	0	0	0	0	0	0	0	0	0	0	0	0	0	0	0	0	0	0	0	0	0	0	0	0	0					
	4814	공격단장의훈장150개	0	0	800000	0	0	0	0	0	0	0	0	0	0	0	0	0	0	0	0	0	0	0	0	0	0	0	0	0	0					
	4815	아스토레아의지배자	0	0	1000000	0	0	43	0	0	0	0	0	0	0	0	0	0	0	0	0	0	0	0	0	0	0	0	0	0	0					
	4816	카르나투스정예병	0	0	0	0	0	44	0	0	0	0	0	0	0	0	0	0	0	0	0	0	0	0	0	0	0	0	0	0	0					
	4817	악마의씨앗	0	0	0	0	0	45	0	0	0	0	0	0	0	0	0	0	0	0	0	0	0	0	0	0	0	0	0	0	0					
	4818	골동품수집가	0	0	0	0	0	46	0	0	0	0	0	0	0	0	0	0	0	0	0	0	0	0	0	0	0	0	0	0	0					
//	슈제트퀘스트_미스틱추가																		0			0			0			0			0					
	4819	갇혀있는알리시아의영혼(미)	0	384401	0	0	0	0	0	0	0	3250	1	0	0	1	40653	1	0	0	0	0	0	0	0	0	0	0	0	0	0					
//2011_국내_[이벤트]미완의엘리트퀘스트_상시이벤트									0	0									0			0			0			0			0					
	4820	미안해요알론카터_미스틱	0	5000	30000	0	0	0	0	0	0	0	0	0	2	1	51353	10000	0	7138	1	0	0	0	0	0	0	0	0	0	0					
//일본전용보상추가									0	0									0			0			0			0			0					
	4821	#1타락한병사_미스틱전용	0	525649	16300	0	0	0	0	0	0	0	0	0	0	1	51358	1	0	0	0	0	0	0	0	0	0	0	0	0	0					
	4822	#2조사관애덤스_미스틱전용	0	525649	16400	0	0	0	0	0	0	0	0	0	0	1	51357	1	0	0	0	0	0	0	0	0	0	0	0	0	0					
	4823	#3오염된대지조사1_채집_미스틱전용	0	525649	16500	0	0	0	0	0	0	0	0	0	0	1	51356	1	0	0	0	0	0	0	0	0	0	0	0	0	0					
	4824	#4오염된대지조사2_채집_미스틱전용	0	525649	16600	0	0	0	0	0	0	0	0	0	0	1	51355	1	0	0	0	0	0	0	0	0	0	0	0	0	0					
	4825	#4-1이상한물체실험의뢰_완_미스틱전용	0	546228	16100	0	0	0	0	0	0	0	0	0	0	1	51354	1	0	0	0	0	0	0	0	0	0	0	0	0	0					
	4826	#5이상한물체의발견보고_미스틱전용	0	546228	16700	0	0	0	0	0	0	0	0	0	0	1	51353	1	0	0	0	0	0	0	0	0	0	0	0	0	0					
	4827	#6헬론의이상한움직임제거_미스틱전용	0	546228	16800	0	0	0	0	0	0	4131	10	0	0	1	51352	1	0	0	0	0	0	0	0	0	0	0	0	0	0		//보상변경			
	4828	#7정찰대원의보고_미스틱전용	0	546228	16900	0	0	0	0	0	0	4131	10	0	0	1	51351	1	0	0	0	0	0	0	0	0	0	0	0	0	0		//보상변경			
//전장일퀘									0	0									0			0			0			0			0					
	4829	싸움의목적	0	800000000	0	0	0	0	0	0	0	55603	10	0	0	0	0	0	0	0	0	0	0	0	0	0	0	0	0	0	0					
	4830	전장의지배자	0	0	0	0	0	0	0	0	0	41537	1	0	0	0	0	0	0	0	0	0	0	0	0	0	0	0	0	0	0					
	4831	티끌모아근원	0	0	0	0	0	0	0	0	0	55603	1	0	0	0	0	0	0	0	0	0	0	0	0	0	0	0	0	0	0					
//1302고대인의안식처퀘스트																			0			0			0			0			0					
	4832	고대인의안식처	0	300000000	0	0	0	0	0	0	0	0	0	0	0	0	0	0	0	0	0	0	0	0	0	0	0	0	0	0	0					
	4833	고대인의안식처정찰	0	2651704258	100000	0	0	0	0	0	0	4988	1	0	0	0	0	0	0	0	0	0	0	0	0	0	0	0	0	0	0					
	4834	큰손톱랩터	0	2651704258	0	0	0	0	0	0	0	4131	10	0	0	0	0	0	0	0	0	0	0	0	0	0	0	0	0	0	0					
	4835	늙은거북괴물	0	2651704258	0	0	0	0	0	0	0	4131	10	0	0	0	0	0	0	0	0	0	0	0	0	0	0	0	0	0	0					
	4836	고대인의흔적	0	2651704258	100000	0	0	0	0	0	0	0	0	0	0	0	0	0	0	0	0	0	0	0	0	0	0	0	0	0	0					
	4837	오래된정령	0	2651704258	0	0	0	0	0	0	0	0	0	0	0	0	0	0	0	0	0	0	0	0	0	0	0	0	0	0	0					
	4838	수호자와의조우	0	2651704258	0	0	0	0	0	0	0	0	0	0	0	0	0	0	0	0	0	0	0	0	0	0	0	0	0	0	0					
	4839	탐사대원테나르디에	0	2651704258	100000	0	0	0	0	0	0	4988	2	0	0	0	0	0	0	0	0	0	0	0	0	0	0	0	0	0	0					
	4840	도둑의이야기	0	2651704258	0	0	0	0	0	0	0	0	0	0	0	0	0	0	0	0	0	0	0	0	0	0	0	0	0	0	0					
	4841	큰발예티	0	2651704258	0	0	0	0	0	0	0	4131	10	0	0	0	0	0	0	0	0	0	0	0	0	0	0	0	0	0	0					
	4842	긴목아이스켈	0	2651704258	0	0	0	0	0	0	0	4131	10	0	0	0	0	0	0	0	0	0	0	0	0	0	0	0	0	0	0					
	4843	암흑전갈	0	2651704258	0	0	0	0	0	0	0	4131	10	0	0	0	0	0	0	0	0	0	0	0	0	0	0	0	0	0	0					
	4844	보물을찾아서	0	2651704258	100000	0	0	0	0	0	0	0	0	0	0	0	0	0	0	0	0	0	0	0	0	0	0	0	0	0	0					
	4845	상자를여는방법1	0	2651704258	0	0	0	0	0	0	0	0	0	0	0	0	0	0	0	0	0	0	0	0	0	0	0	0	0	0	0					
	4846	상자를여는방법2	0	2651704258	0	0	0	0	0	0	0	0	0	0	0	0	0	0	0	0	0	0	0	0	0	0	0	0	0	0	0					
	4847	만능열쇠만들기1	0	2651704258	0	0	0	0	0	0	0	0	0	0	0	0	0	0	0	0	0	0	0	0	0	0	0	0	0	0	0					
	4848	만능열쇠만들기2	0	2651704258	0	0	0	0	0	0	0	0	0	0	0	0	0	0	0	0	0	0	0	0	0	0	0	0	0	0	0					
	4849	만능열쇠만들기3	0	2651704258	0	0	0	0	0	0	0	0	0	0	0	0	0	0	0	0	0	0	0	0	0	0	0	0	0	0	0					
	4850	보물의정체	0	2651704258	100000	0	0	0	0	0	0	4988	2	0	0	0	0	0	0	0	0	0	0	0	0	0	0	0	0	0	0					
	4851	탐험가의이야기	0	2651704258	0	0	0	0	0	0	0	0	0	0	0	0	0	0	0	0	0	0	0	0	0	0	0	0	0	0	0					
	4852	부서진가디언	0	2651704258	0	0	0	0	0	0	0	0	0	0	0	0	0	0	0	0	0	0	0	0	0	0	0	0	0	0	0					
	4853	작은카피푸	0	2651704258	0	0	0	0	0	0	0	4131	10	0	0	0	0	0	0	0	0	0	0	0	0	0	0	0	0	0	0					
	4854	차가운수정	0	2651704258	0	0	0	0	0	0	0	4131	10	0	0	0	0	0	0	0	0	0	0	0	0	0	0	0	0	0	0					
	4855	고대인의기억들	0	2651704258	100000	0	0	0	0	0	0	4988	2	0	0	0	0	0	0	0	0	0	0	0	0	0	0	0	0	0	0					
	4856	얼음의수호자	0	2651704258	0	0	0	0	0	0	0	0	0	0	0	0	0	0	0	0	0	0	0	0	0	0	0	0	0	0	0					
	4857	얼음수호자의시험	0	2651704258	0	0	0	0	0	0	0	0	0	0	0	0	0	0	0	0	0	0	0	0	0	0	0	0	0	0	0					
	4858	얼음수호자의오래된기억	0	2651704258	0	0	0	0	0	0	0	4131	10	0	0	0	0	0	0	0	0	0	0	0	0	0	0	0	0	0	0					
	4859	정글의수호자	0	2651704258	0	0	0	0	0	0	0	0	0	0	0	0	0	0	0	0	0	0	0	0	0	0	0	0	0	0	0					
	4860	정글수호자의시험	0	2651704258	0	0	0	0	0	0	0	0	0	0	0	0	0	0	0	0	0	0	0	0	0	0	0	0	0	0	0					
	4861	정글수호자의오래된기억	0	2651704258	0	0	0	0	0	0	0	4131	10	0	0	0	0	0	0	0	0	0	0	0	0	0	0	0	0	0	0					
	4862	물의수호자	0	2651704258	0	0	0	0	0	0	0	0	0	0	0	0	0	0	0	0	0	0	0	0	0	0	0	0	0	0	0					
	4863	물수호자의시험	0	2651704258	0	0	0	0	0	0	0	0	0	0	0	0	0	0	0	0	0	0	0	0	0	0	0	0	0	0	0					
	4864	물수호자의오래된기억	0	2651704258	0	0	0	0	0	0	0	4131	10	0	0	0	0	0	0	0	0	0	0	0	0	0	0	0	0	0	0					
	4865	사막의수호자	0	3903282558	0	0	0	0	0	0	0	0	0	0	0	0	0	0	0	0	0	0	0	0	0	0	0	0	0	0	0					
	4866	사막수호자의시험	0	2651704258	0	0	0	0	0	0	0	0	0	0	0	0	0	0	0	0	0	0	0	0	0	0	0	0	0	0	0					
	4867	사막수호자의오래된기억	0	2651704258	0	0	0	0	0	0	0	4131	10	0	0	0	0	0	0	0	0	0	0	0	0	0	0	0	0	0	0					
	4868	고대인이말하고자하는것	0	2651704258	100000	0	0	0	0	0	0	4988	2	0	0	0	0	0	0	0	0	0	0	0	0	0	0	0	0	0	0					
	4869	탐사대원바인베르크	0	2651704258	0	0	0	0	0	0	0	4131	10	0	0	0	0	0	0	0	0	0	0	0	0	0	0	0	0	0	0					
	4870	미션정령들의쉼터(파티권장)	0	3903282558	100000	0	0	0	0	0	0	0	0	0	0	0	0	0	0	0	0	0	0	0	0	0	0	0	0	0	0					
	4871	미션정령들의쉼터(파티권장/일일)	0	500000000	0	0	0	0	0	0	0	0	0	0	0	0	0	0	0	0	0	0	0	0	0	0	0	0	0	0	0					
	4872	정글수호자에게바치는공물(일일)	0	300000000	0	0	0	0	0	0	0	0	0	0	0	0	0	0	0	0	0	0	0	0	0	0	0	0	0	0	0					
	4873	얼음수호자에게바치는공물(일일)	0	300000000	0	0	0	0	0	0	0	0	0	0	0	0	0	0	0	0	0	0	0	0	0	0	0	0	0	0	0					
	4874	물의수호자에게바치는공물(일일)	0	300000000	0	0	0	0	0	0	0	0	0	0	0	0	0	0	0	0	0	0	0	0	0	0	0	0	0	0	0					
	4875	사막수호자에게바치는공물(일일)	0	300000000	0	0	0	0	0	0	0	0	0	0	0	0	0	0	0	0	0	0	0	0	0	0	0	0	0	0	0					
//	슈제트퀘스트_헬로이드추가																																			
	4876	갇혀있는알리시아의영혼(헬)	0	384401	0	0	0	0	0	0	0	3484	1	0	0	1	40653	1	0	0	0	0	0	0	0	0	0	0	0	0	0					
	4877	미안해요알론카터_헬로이드	0	5000	30000	0	0	0	0	0	0	0	0	0	2	1	46775	10000	0	7138	1	0	0	0	0	0	0	0	0	0	0					
//	1401올드에스마라																																			
	4878	올드에스마라	0	3903282558	0	0	0	0	0	0	0	0	0	0	0	0	0	0	0	0	0	0	0	0	0	0	0	0	0	0	0					
	4879	탐사대원알레한드라	0	3903282558	0	0	0	0	0	0	0	0	0	0	0	0	0	0	0	0	0	0	0	0	0	0	0	0	0	0	0					
	4880	사미르의의뢰1	0	3903282558	0	0	0	0	0	0	0	0	0	0	0	0	0	0	0	0	0	0	0	0	0	0	0	0	0	0	0					
	4881	사미르의의뢰2	0	3903282558	0	0	0	0	0	0	0	0	0	0	0	0	0	0	0	0	0	0	0	0	0	0	0	0	0	0	0					
	4882	과거의흔적	0	3903282558	100000	0	0	0	0	0	0	0	0	0	0	0	0	0	0	0	0	0	0	0	0	0	0	0	0	0	0					
	4883	오래된유물	0	3903282558	0	0	0	0	0	0	0	41595	1	0	0	0	0	0	0	0	0	0	0	0	0	0	0	0	0	0	0					
	4884	고대인의석판	0	3903282558	0	0	0	0	0	0	0	41596	1	0	0	0	0	0	0	0	0	0	0	0	0	0	0	0	0	0	0					
	4885	드레이크의의뢰1	0	3903282558	0	0	0	0	0	0	0	4131	10	0	0	0	0	0	0	0	0	0	0	0	0	0	0	0	0	0	0					
	4886	드레이크의의뢰2	0	3903282558	0	0	0	0	0	0	0	4131	10	0	0	0	0	0	0	0	0	0	0	0	0	0	0	0	0	0	0					
	4887	드레이크의의뢰3	0	3903282558	0	0	0	0	0	0	0	4131	10	0	0	0	0	0	0	0	0	0	0	0	0	0	0	0	0	0	0					
	4888	학자마티아스	0	3903282558	0	0	0	0	0	0	0	0	0	0	0	0	0	0	0	0	0	0	0	0	0	0	0	0	0	0	0					
	4889	도시의비밀	0	3903282558	100000	0	0	0	0	0	0	0	0	0	0	0	0	0	0	0	0	0	0	0	0	0	0	0	0	0	0					
	4890	유적의조사1	0	3903282558	0	0	0	0	0	0	0	4131	10	0	0	0	0	0	0	0	0	0	0	0	0	0	0	0	0	0	0					
	4891	유적의조사2	0	3903282558	0	0	0	0	0	0	0	4131	10	0	0	0	0	0	0	0	0	0	0	0	0	0	0	0	0	0	0					
	4892	유적의조사3	0	3903282558	0	0	0	0	0	0	0	4131	10	0	0	0	0	0	0	0	0	0	0	0	0	0	0	0	0	0	0					
	4893	유적의조사4	0	3903282558	0	0	0	0	0	0	0	4131	10	0	0	0	0	0	0	0	0	0	0	0	0	0	0	0	0	0	0					
	4894	유적의조사5	0	3903282558	0	0	0	0	0	0	0	4131	10	0	0	0	0	0	0	0	0	0	0	0	0	0	0	0	0	0	0					
	4895	유적조사보고	0	3903282558	0	0	0	0	0	0	0	4131	10	0	0	0	0	0	0	0	0	0	0	0	0	0	0	0	0	0	0					
	4896	드레이크의의뢰4	0	3903282558	0	0	0	0	0	0	0	4131	10	0	0	0	0	0	0	0	0	0	0	0	0	0	0	0	0	0	0					
	4897	드레이크의의뢰5	0	3903282558	0	0	0	0	0	0	0	4131	10	0	0	0	0	0	0	0	0	0	0	0	0	0	0	0	0	0	0					
	4898	드레이크의의뢰6	0	3903282558	0	0	0	0	0	0	0	4131	10	0	0	0	0	0	0	0	0	0	0	0	0	0	0	0	0	0	0					
	4899	마티아스의이야기	0	3903282558	100000	0	0	0	0	0	0	4131	10	0	0	0	0	0	0	0	0	0	0	0	0	0	0	0	0	0	0					
	4900	미래를위한준비(미션선행퀘스트)	0	3903282558	0	0	0	0	0	0	0	0	0	0	0	0	0	0	0	0	0	0	0	0	0	0	0	0	0	0	0					
	4901	미션수도공략(파티권장)	0	3903282558	200000	0	0	0	0	0	0	0	0	0	0	0	0	0	0	0	0	0	0	0	0	0	0	0	0	0	0					
	4902	기록관클로토	0	3903282558	0	0	0	0	0	0	0	0	0	0	0	0	0	0	0	0	0	0	0	0	0	0	0	0	0	0	0					
	4903	미션수도공략(파티권장)(일일)	0	500000000	100000	0	0	0	0	0	0	0	0	0	0	0	0	0	0	0	0	0	0	0	0	0	0	0	0	0	0					
	4904	에스마라마을	0	3903282558	0	0	0	0	0	0	0	0	0	0	0	0	0	0	0	0	0	0	0	0	0	0	0	0	0	0	0					
	4905	빛나는보석을입수	0	3903282558	0	0	0	0	0	0	0	0	0	0	0	0	0	0	0	0	0	0	0	0	0	0	0	0	0	0	0					
	4906	정예몬스터사냥	0	3903282558	0	0	0	0	0	0	0	0	0	0	0	0	0	0	0	0	0	0	0	0	0	0	0	0	0	0	0					
	4907	캡틴몬스터사냥	0	3903282558	0	0	0	0	0	0	0	0	0	0	0	0	0	0	0	0	0	0	0	0	0	0	0	0	0	0	0					
	4908	오래된금화(일일)	0	500000000	50000	0	0	0	0	0	0	41599	1	0	0	0	0	0	0	0	0	0	0	0	0	0	0	0	0	0	0					
	4909	도시의무법자들(일일)	0	500000000	50000	0	0	0	0	0	0	41599	1	0	0	0	0	0	0	0	0	0	0	0	0	0	0	0	0	0	0					
	4910	만드라고라로만든차(일일)	0	500000000	50000	0	0	0	0	0	0	41599	1	0	0	0	0	0	0	0	0	0	0	0	0	0	0	0	0	0	0					
	4911	올드에스마라의망령제거(일일)	0	500000000	50000	0	0	0	0	0	0	41599	1	0	0	0	0	0	0	0	0	0	0	0	0	0	0	0	0	0	0					
	4912	ac알레한드라의보답1	0	0	100000	0	0	0	0	0	0	0	0	0	0	0	0	0	0	0	0	0	0	0	0	0	0	0	0	0	0					
	4913	ac알레한드라의보답2	0	0	200000	0	0	0	0	0	0	0	0	0	0	0	0	0	0	0	0	0	0	0	0	0	0	0	0	0	0					
	4914	ac알레한드라의보답3	0	0	300000	0	0	0	0	0	0	0	0	0	0	0	0	0	0	0	0	0	0	0	0	0	0	0	0	0	0					
	4915	ac알레한드라의보답4	0	0	400000	0	0	0	0	0	0	0	0	0	0	0	0	0	0	0	0	0	0	0	0	0	0	0	0	0	0					
	4916	ac알레한드라의보답5	0	0	500000	0	0	0	0	0	0	0	0	0	0	0	0	0	0	0	0	0	0	0	0	0	0	0	0	0	0					
	4917	ac알레한드라의보답6	0	0	600000	0	0	0	0	0	0	0	0	0	0	0	0	0	0	0	0	0	0	0	0	0	0	0	0	0	0					
	4918	ac알레한드라의보답7	0	0	700000	0	0	0	0	0	0	0	0	0	0	0	0	0	0	0	0	0	0	0	0	0	0	0	0	0	0					
	4919	ac알레한드라의보답8	0	0	800000	0	0	0	0	0	0	0	0	0	0	0	0	0	0	0	0	0	0	0	0	0	0	0	0	0	0					
	4920	ac알레한드라의보답9	0	0	900000	0	0	0	0	0	0	0	0	0	0	0	0	0	0	0	0	0	0	0	0	0	0	0	0	0	0					
	4921	ac알레한드라의보답10	0	0	0	0	0	60	0	0	0	0	0	0	0	0	0	0	0	0	0	0	0	0	0	0	0	0	0	0	0					
//	1403하늘길의언덕																																			
	4944	미션추락한자존심(파티권장)	0	7671724239	200000	0	0	0	0	0	0	0	0	0	0	0	0	0	0	0	0	0	0	0	0	0	0	0	0	0	0					
	4945	하늘길의언덕	0	7671724239	0	0	0	0	0	0	0	0	0	0	0	0	0	0	0	0	0	0	0	0	0	0	0	0	0	0	0					
	4946	생태계보호1	0	7671724239	0	0	0	0	0	0	0	0	0	0	0	0	0	0	0	0	0	0	0	0	0	0	0	0	0	0	0					
	4947	생태계보호2	0	7671724239	0	0	0	0	0	0	0	0	0	0	0	0	0	0	0	0	0	0	0	0	0	0	0	0	0	0	0					
	4948	조사관카라노	0	7671724239	0	0	0	0	0	0	0	0	0	0	0	0	0	0	0	0	0	0	0	0	0	0	0	0	0	0	0					
	4949	자원회수	0	7671724239	100000	0	0	0	0	0	0	0	0	0	0	0	0	0	0	0	0	0	0	0	0	0	0	0	0	0	0					
	4950	에테르가공석	0	7671724239	0	0	0	0	0	0	0	41618	1	0	0	0	0	0	0	0	0	0	0	0	0	0	0	0	0	0	0					
	4951	추출장치부품	0	7671724239	0	0	0	0	0	0	0	41619	1	0	0	0	0	0	0	0	0	0	0	0	0	0	0	0	0	0	0					
	4952	척후병파라시안	0	7671724239	0	0	0	0	0	0	0	0	0	0	0	0	0	0	0	0	0	0	0	0	0	0	0	0	0	0	0					
	4953	치안유지1	0	7671724239	0	0	0	0	0	0	0	4131	10	0	0	0	0	0	0	0	0	0	0	0	0	0	0	0	0	0	0					
	4954	치안유지2	0	7671724239	0	0	0	0	0	0	0	4131	10	0	0	0	0	0	0	0	0	0	0	0	0	0	0	0	0	0	0					
	4955	치안유지3	0	7671724239	0	0	0	0	0	0	0	4131	10	0	0	0	0	0	0	0	0	0	0	0	0	0	0	0	0	0	0					
	4956	치안유지4	0	7671724239	0	0	0	0	0	0	0	4131	10	0	0	0	0	0	0	0	0	0	0	0	0	0	0	0	0	0	0					
	4957	치안유지5	0	7671724239	0	0	0	0	0	0	0	4131	10	0	0	0	0	0	0	0	0	0	0	0	0	0	0	0	0	0	0					
	4958	연구원의제자들	0	7671724239	100000	0	0	0	0	0	0	0	0	0	0	0	0	0	0	0	0	0	0	0	0	0	0	0	0	0	0					
	4959	제자들의보고서1	0	7671724239	0	0	0	0	0	0	0	4122	5	0	0	0	0	0	0	0	0	0	0	0	0	0	0	0	0	0	0					
	4960	제자들의보고서2	0	7671724239	0	0	0	0	0	0	0	4198	5	0	0	0	0	0	0	0	0	0	0	0	0	0	0	0	0	0	0					
	4961	제자들의보고서3	0	7671724239	0	0	0	0	0	0	0	4198	5	0	0	0	0	0	0	0	0	0	0	0	0	0	0	0	0	0	0					
	4962	제자들의보고서4	0	7671724239	0	0	0	0	0	0	0	4198	5	0	0	0	0	0	0	0	0	0	0	0	0	0	0	0	0	0	0					
	4963	초원연구보고	0	7671724239	0	0	0	0	0	0	0	4198	5	0	0	0	0	0	0	0	0	0	0	0	0	0	0	0	0	0	0					
	4964	척후병함	0	7671724239	0	0	0	0	0	0	0	0	0	0	0	0	0	0	0	0	0	0	0	0	0	0	0	0	0	0	0					
	4965	정찰지원	0	7671724239	0	0	0	0	0	0	0	0	0	0	0	0	0	0	0	0	0	0	0	0	0	0	0	0	0	0	0					
	4966	와이드먼의임무1	0	7671724239	0	0	0	0	0	0	0	0	0	0	0	0	0	0	0	0	0	0	0	0	0	0	0	0	0	0	0					
	4967	와이드먼의임무2	0	7671724239	0	0	0	0	0	0	0	0	0	0	0	0	0	0	0	0	0	0	0	0	0	0	0	0	0	0	0					
	4968	조난자	0	7671724239	0	0	0	0	0	0	0	0	0	0	0	0	0	0	0	0	0	0	0	0	0	0	0	0	0	0	0					
	4969	만년설얼음	0	7671724239	0	0	0	0	0	0	0	0	0	0	0	0	0	0	0	0	0	0	0	0	0	0	0	0	0	0	0					
	4970	위험한에테르	0	7671724239	100000	0	0	0	0	0	0	0	0	0	0	0	0	0	0	0	0	0	0	0	0	0	0	0	0	0	0					
	4971	장교HER-MIT	0	7671724239	0	0	0	0	0	0	0	0	0	0	0	0	0	0	0	0	0	0	0	0	0	0	0	0	0	0	0					
	4972	진입로확보	0	7671724239	200000	0	0	0	0	0	0	0	0	0	0	0	0	0	0	0	0	0	0	0	0	0	0	0	0	0	0					
	4973	추격용분석자료	0	7671724239	0	0	0	0	0	0	0	41625	0	0	0	0	0	0	0	0	0	0	0	0	0	0	0	0	0	0	0					
	4974	카르나투스명령서	0	7671724239	0	0	0	0	0	0	0	41626	1	0	0	0	0	0	0	0	0	0	0	0	0	0	0	0	0	0	0					
	4975	추격준비완료	0	7671724239	0	0	0	0	0	0	0	0	0	0	0	0	0	0	0	0	0	0	0	0	0	0	0	0	0	0	0					
	4976	카르나투스정예처치	0	7671724239	0	0	0	0	0	0	0	0	0	0	0	0	0	0	0	0	0	0	0	0	0	0	0	0	0	0	0					
	4977	카르나투스캡틴처치	0	7671724239	0	0	0	0	0	0	0	0	0	0	0	0	0	0	0	0	0	0	0	0	0	0	0	0	0	0	0					
	4978	미션추락한자존심(파티권장)(일일)	0	500000000	100000	0	0	0	0	0	0	0	0	0	0	0	0	0	0	0	0	0	0	0	0	0	0	0	0	0	0					
	4979	불안요소(미션선행퀘스트)	0	500000000	0	0	0	0	0	0	0	0	0	0	0	0	0	0	0	0	0	0	0	0	0	0	0	0	0	0	0					
//	1404_위치블레이드_퀘스트보상추가								0	0									0			0			0			0			0					
	4980	미안해요알론카터_위치블레이드	0	5000	30000	0	0	0	0	0	0	0	0	0	2	1	57003	10000	0	7138	1	0	0	0	0	0	0	0	0	0	0					
	4981	갇혀있는알리시아의영혼_위치블레이드	0	384401	0	0	0	0	0	0	0	3812	1	0	0	1	40653	1	0	0	0	0	0	0	0	0	0	0	0	0	0					
	4982	속성교육_용족의계곡_위치블레이드	0	23474025	0	0	0	0	0	0	0	0	0	0	0	1	6645	1	0	0	0	0	0	0	0	0	0	0	0	0	0					
//	1402몬스터도감퀘스트																																			
	4922	몬스터도감	0	0	0	0	0	0	0	0	0	0	0	0	0	0	0	0	0	0	0	0	0	0	0	0	0	0	0	0	0					
	4923	가장약한몬스터	0	0	0	0	0	0	0	0	0	0	0	0	0	0	0	0	0	0	0	0	0	0	0	0	0	0	0	0	0					
	4924	숲의에너지	0	0	0	0	0	0	0	0	0	0	0	0	0	0	0	0	0	0	0	0	0	0	0	0	0	0	0	0	0					
	4925	완전한숲의에너지	0	0	0	0	0	0	0	0	0	0	0	0	0	0	0	0	0	0	0	0	0	0	0	0	0	0	0	0	0					
	4926	물의에너지	0	0	0	0	0	0	0	0	0	0	0	0	0	0	0	0	0	0	0	0	0	0	0	0	0	0	0	0	0					
	4927	완전한물의에너지	0	0	0	0	0	0	0	0	0	0	0	0	0	0	0	0	0	0	0	0	0	0	0	0	0	0	0	0	0					
	4928	능력추출사이자젤	0	0	0	0	0	0	0	0	0	0	0	0	0	0	0	0	0	0	0	0	0	0	0	0	0	0	0	0	0					
	4929	얼음의에너지	0	0	0	0	0	0	0	0	0	0	0	0	0	0	0	0	0	0	0	0	0	0	0	0	0	0	0	0	0					
	4930	불의에너지	0	0	0	0	0	0	0	0	0	0	0	0	0	0	0	0	0	0	0	0	0	0	0	0	0	0	0	0	0					
	4931	완전한얼음의에너지	0	0	0	0	0	0	0	0	0	0	0	0	0	0	0	0	0	0	0	0	0	0	0	0	0	0	0	0	0					
	4932	완전한불의에너지	0	0	0	0	0	0	0	0	0	0	0	0	0	0	0	0	0	0	0	0	0	0	0	0	0	0	0	0	0					
	4933	능력추출사나즈	0	0	0	0	0	0	0	0	0	0	0	0	0	0	0	0	0	0	0	0	0	0	0	0	0	0	0	0	0					
	4934	생명의에너지	0	0	0	0	0	0	0	0	0	0	0	0	0	0	0	0	0	0	0	0	0	0	0	0	0	0	0	0	0					
	4935	대지의에너지	0	0	0	0	0	0	0	0	0	0	0	0	0	0	0	0	0	0	0	0	0	0	0	0	0	0	0	0	0					
	4936	완전한생명의에너지	0	0	0	0	0	0	0	0	0	0	0	0	0	0	0	0	0	0	0	0	0	0	0	0	0	0	0	0	0					
	4937	완전한대지의에너지	0	0	0	0	0	0	0	0	0	0	0	0	0	0	0	0	0	0	0	0	0	0	0	0	0	0	0	0	0					
	4938	능력추출사세이기너	0	0	0	0	0	0	0	0	0	0	0	0	0	0	0	0	0	0	0	0	0	0	0	0	0	0	0	0	0					
	4939	바람의에너지	0	0	0	0	0	0	0	0	0	0	0	0	0	0	0	0	0	0	0	0	0	0	0	0	0	0	0	0	0					
	4940	정령의에너지	0	0	0	0	0	0	0	0	0	0	0	0	0	0	0	0	0	0	0	0	0	0	0	0	0	0	0	0	0					
	4941	완전한바람의에너지	0	0	0	0	0	0	0	0	0	0	0	0	0	0	0	0	0	0	0	0	0	0	0	0	0	0	0	0	0					
	4942	완전한정령의에너지	0	0	0	0	0	0	0	0	0	0	0	0	0	0	0	0	0	0	0	0	0	0	0	0	0	0	0	0	0					
	4943	공인된능력자	0	0	0	0	0	0	0	0	0	0	0	0	0	0	0	0	0	0	0	0	0	0	0	0	0	0	0	0	0					
//	이벤트퀘스트보상(11001~15000)								0	0									0			0			0			0								
	11001	마리엔펠데의부탁(반복)	1	1000	500	0	0	0	0	0	0	0	0	0	1	1	4	0	0	0	0	0	0	0	0	0	0	0	0	0	0					
	11002	타임라인_초기화보상	0	0	0	0	0	0	0	0	0	0	0	0	0	3	62011	1	0	62012	1	0	62013	1	0	0	0	0	0	0	0					
	11003	Quest_none	0	0	0	0	0	0	0	0	0	0	0	0	0	0	0	0	0	0	0	0	0	0	0	0	0	0	0	0	0					
	11010	야수들의숲펫교환_트링겔고양이	0	0	0	0	0	0	0	0	0	0	0	0	3	0	16002	0	0	0	0	0	0	0	0	0	0	0	0	0	0					
	11011	엘리트1차갑옷_큐브교환_중국	0	0	0	0	0	0	0	0	0	0	0	0	3	0	16003	0	0	0	0	0	0	0	0	0	0	0	0	0	0					
	11012	엘리트1차프로텍터_큐브교환_중국	0	0	0	0	0	0	0	0	0	0	0	0	3	0	16004	0	0	0	0	0	0	0	0	0	0	0	0	0	0					
	11013	엘리트1차헬멧_큐브교환_중국	0	0	0	0	0	0	0	0	0	0	0	0	3	0	16005	0	0	0	0	0	0	0	0	0	0	0	0	0	0					
	11014	엘리트1차바지_큐브교환_중국	0	0	0	0	0	0	0	0	0	0	0	0	3	0	16006	0	0	0	0	0	0	0	0	0	0	0	0	0	0					
	11015	엘리트1차부츠_큐브교환_중국	0	0	0	0	0	0	0	0	0	0	0	0	3	0	16007	0	0	0	0	0	0	0	0	0	0	0	0	0	0					
	11016	엘리트1차장갑_큐브교환_중국	0	0	0	0	0	0	0	0	0	0	0	0	3	0	16008	0	0	0	0	0	0	0	0	0	0	0	0	0	0					
	11017	엘리트1차벨트_큐브교환_중국	0	0	0	0	0	0	0	0	0	0	0	0	3	0	16009	0	0	0	0	0	0	0	0	0	0	0	0	0	0					
	11018	엘리트1차셔츠_큐브교환_중국	0	0	0	0	0	0	0	0	0	0	0	0	3	0	16010	0	0	0	0	0	0	0	0	0	0	0	0	0	0					
	11019	엘리트1차무기_큐브교환_중국	0	0	0	0	0	0	0	0	0	0	0	0	3	0	16011	0	0	0	0	0	0	0	0	0	0	0	0	0	0					
	11020	2012구정이벤트칭호_중국_설날의사자	50351	0	0	0	0	36	0	0	0	0	0	0	0	0	0	0	0	0	0	0	0	0	0	0	0	0	0	0	0					
	11021	2012발렌타인데이이벤트칭호_중국_사랑에빠진	50362	0	0	0	0	38	0	0	0	0	0	0	0	0	0	0	0	0	0	0	0	0	0	0	0	0	0	0	0					
	11022	슈퍼퀘스트칭호_중국_마야가아깝지않은	50363	0	0	0	0	39	0	0	0	0	0	0	0	0	0	0	0	0	0	0	0	0	0	0	0	0	0	0	0					
	11023	슈퍼퀘스트_폭풍성장의비법1_완료보상	0	30000000	0	0	0	0	0	0	0	49549	1	0	0	0	0	0	0	0	0	0	0	0	0	0	0	0	0	0	0					
	11024	슈퍼퀘스트_폭풍성장의비법2_완료보상	0	40000000	0	0	0	0	0	0	0	49550	1	0	0	0	0	0	0	0	0	0	0	0	0	0	0	0	0	0	0					
	11025	슈퍼퀘스트_폭풍성장의비법3_완료보상	0	50000000	0	0	0	0	0	0	0	49551	1	0	0	0	0	0	0	0	0	0	0	0	0	0	0	0	0	0	0					
	11026	슈퍼퀘스트_폭풍성장의비법4_완료보상	0	60000000	0	0	0	0	0	0	0	49552	1	0	0	0	0	0	0	0	0	0	0	0	0	0	0	0	0	0	0					
	11027	슈퍼퀘스트_폭풍성장의비법5_완료보상	0	70000000	0	0	0	0	0	0	0	0	0	0	0	0	0	0	0	0	0	0	0	0	0	0	0	0	0	0	0					
	11028	슈퍼퀘스트_항전자원1_완료보상	0	300000000	0	0	0	0	0	0	0	49553	1	0	0	0	0	0	0	0	0	0	0	0	0	0	0	0	0	0	0					
	11029	슈퍼퀘스트_항전자원2_완료보상	0	400000000	0	0	0	0	0	0	0	49554	1	0	0	0	0	0	0	0	0	0	0	0	0	0	0	0	0	0	0					
	11030	슈퍼퀘스트_항전자원3_완료보상	0	500000000	0	0	0	0	0	0	0	49555	1	0	0	0	0	0	0	0	0	0	0	0	0	0	0	0	0	0	0					
	11031	슈퍼퀘스트_항전자원4_완료보상	0	600000000	0	0	0	0	0	0	0	49556	1	0	0	0	0	0	0	0	0	0	0	0	0	0	0	0	0	0	0					
	11032	슈퍼퀘스트_항전자원5_완료보상	0	700000000	0	0	0	0	0	0	0	0	0	0	0	0	0	0	0	0	0	0	0	0	0	0	0	0	0	0	0					
	11033	중국일본특성화무기_큐브교환_중국	0	0	0	0	0	0	0	0	0	0	0	0	3	0	16012	0	0	0	0	0	0	0	0	0	0	0	0	0	0					
	11034	2012구슬이벤트칭호_중국_일공성명	50364	0	0	0	0	47	0	0	0	0	0	0	0	0	0	0	0	0	0	0	0	0	0	0	0	0	0	0	0					
	11035	중국야화일몽반지_큐브교환_중국	0	0	0	0	0	0	0	0	0	0	0	0	3	0	16013	0	0	0	0	0	0	0	0	0	0	0	0	0	0					
	11036	2012국경절이벤트칭호_중국_보호자	50365	0	0	0	0	48	0	0	0	0	0	0	0	0	0	0	0	0	0	0	0	0	0	0	0	0	0	0	0					
	11037	2012추석이벤트칭호_중국_항아수호자	50366	0	0	0	0	49	0	0	0	0	0	0	0	0	0	0	0	0	0	0	0	0	0	0	0	0	0	0	0					
	11038	글로벌할로윈이벤트_아인보상	0	0	0	0	0	0	0	0	0	0	0	0	0	1	49635	1	0	0	0	0	0	0	0	0	0	0	0	0	0					
	11039	금색날개_큐브교환_중국	0	0	0	0	0	0	0	0	0	0	0	0	3	0	16016	0	0	0	0	0	0	0	0	0	0	0	0	0	0					
	11040	2013구정이벤트칭호_중국_사형천하	50369	0	0	0	0	50	0	0	0	0	0	0	0	0	0	0	0	0	0	0	0	0	0	0	0	0	0	0	0					
	11041	2013일본_밸런타인데이_이벤트_작은사랑	0	0	0	0	0	0	0	0	0	9074	1	0	0	0	0	0	0	0	0	0	0	0	0	0	0	0	0	0	0					
	11042	2013일본_밸런타인데이_이벤트_중간사랑	0	0	0	0	0	0	0	0	0	9075	1	0	0	0	0	0	0	0	0	0	0	0	0	0	0	0	0	0	0					
	11043	2013일본_밸런타인데이_이벤트_큰사랑	0	0	0	0	0	0	0	0	0	9076	1	0	0	0	0	0	0	0	0	0	0	0	0	0	0	0	0	0	0					
	11044	2013일본_화이트데이_이벤트_작은사탕	0	0	0	0	0	0	0	0	0	9081	1	0	0	0	0	0	0	0	0	0	0	0	0	0	0	0	0	0	0					
	11045	2013일본_화이트데이_이벤트_중간사탕	0	0	0	0	0	0	0	0	0	9082	1	0	0	0	0	0	0	0	0	0	0	0	0	0	0	0	0	0	0					
	11046	2013일본_화이트데이_이벤트_큰사탕	0	0	0	0	0	0	0	0	0	9083	1	0	0	0	0	0	0	0	0	0	0	0	0	0	0	0	0	0	0					
	11047	2013크리스마스이벤트_착한아이티켓_1개	0	0	0	0	0	0	0	0	0	0	0	0	0	1	5101	1	0	0	0	0	0	0	0	0	0	0	0	0	0					
	11048	2013크리스마스이벤트_착한아이티켓_1개	0	0	0	0	0	0	0	0	0	0	0	0	0	1	5101	2	0	0	0	0	0	0	0	0	0	0	0	0	0					
	11049	일본_이벤트마이스타_3	0	0	0	0	0	0	0	0	0	0	0	0	0	1	6916	1	0	0	0	0	0	0	0	0	0	0	0	0	0					
	11050	일본_이벤트마이스타_10	0	0	0	0	0	0	0	0	0	0	0	0	0	1	6917	1	0	0	0	0	0	0	0	0	0	0	0	0	0					
	11051	일본_이벤트마이스타_20	0	0	0	0	0	0	0	0	0	0	0	0	0	1	6918	1	0	0	0	0	0	0	0	0	0	0	0	0	0					
	11052	단오용사_중국단오절이벤트	0	0	0	0	0	71	0	0	0	0	0	0	2	1	6714	2	0	0	0	0	0	0	0	0	0	0	0	0	0					
	11053	대나무잎각서_중국단오절이벤트	0	0	0	0	0	0	0	0	0	0	0	0	2	1	49202	1	0	0	0	0	0	0	0	0	0	0	0	0	0					
	11054	팥각서_중국단오절이벤트	0	0	0	0	0	0	0	0	0	0	0	0	2	1	56055	1	0	0	0	0	0	0	0	0	0	0	0	0	0					
	11055	햄각서_중국단오절이벤트	0	0	0	0	0	0	0	0	0	0	0	0	2	1	56057	1	0	0	0	0	0	0	0	0	0	0	0	0	0					
	11056	고기각서_중국단오절이벤트	0	0	0	0	0	0	0	0	0	0	0	0	2	1	56058	1	0	0	0	0	0	0	0	0	0	0	0	0	0					
	11057	중국2주년이벤트_2주년장신구	0	0	0	0	0	0	0	0	0	0	0	0	2	1	40211	1	0	0	0	0	0	0	0	0	0	0	0	0	0					
	11058	중국2주년이벤트_2주년_기	0	0	0	0	0	0	0	0	0	0	0	0	2	1	61256	1	0	0	0	0	0	0	0	0	0	0	0	0	0					
	11059	중국2주년이벤트_2주년_적	0	0	0	0	0	0	0	0	0	0	0	0	2	1	56056	1	0	0	0	0	0	0	0	0	0	0	0	0	0					
	11060	중국2주년이벤트_2주년_세	0	0	0	0	0	0	0	0	0	0	0	0	2	1	56055	1	0	0	0	0	0	0	0	0	0	0	0	0	0					
	11061	중국2주년이벤트_2주년_계	0	0	0	0	0	0	0	0	0	0	0	0	2	1	56058	1	0	0	0	0	0	0	0	0	0	0	0	0	0					
	11062	중국2주년이벤트_2주년_생	0	0	0	0	0	0	0	0	0	0	0	0	2	1	65424	1	0	0	0	0	0	0	0	0	0	0	0	0	0					
	11063	중국2주년이벤트_2주년_일	0	0	0	0	0	0	0	0	0	0	0	0	2	1	56057	1	0	0	0	0	0	0	0	0	0	0	0	0	0					
	11064	중국2주년이벤트_2주년_축	0	0	0	0	0	0	0	0	0	0	0	0	2	1	65425	1	0	0	0	0	0	0	0	0	0	0	0	0	0					
	11065	중국2주년이벤트_2주년_하	0	0	0	0	0	0	0	0	0	0	0	0	2	1	63166	1	0	0	0	0	0	0	0	0	0	0	0	0	0					
	11066	중국추석이벤트_콩송편	0	0	0	0	0	0	0	0	0	0	0	0	2	1	5292	1	0	0	0	0	0	0	0	0	0	0	0	0	0					
	11067	중국추석이벤트_쑥송편	0	0	0	0	0	0	0	0	0	0	0	0	2	1	5292	2	0	0	0	0	0	0	0	0	0	0	0	0	0					
	11068	중국추석이벤트_팥송편	0	0	0	0	0	0	0	0	0	0	0	0	2	1	5293	1	0	0	0	0	0	0	0	0	0	0	0	0	0					
	11069	중국추석이벤트_꿀송편	0	0	0	0	0	0	0	0	0	0	0	0	2	1	5293	2	0	0	0	0	0	0	0	0	0	0	0	0	0					
	11070	중국할로윈이벤트_200개	0	0	0	0	0	0	0	0	0	0	0	0	2	2	5292	1	0	5292	1	0	0	0	0	0	0	0	0	0	0					
	11071	중국할로윈이벤트_400개	0	0	0	0	0	0	0	0	0	0	0	0	2	2	5293	1	0	5293	1	0	0	0	0	0	0	0	0	0	0					
	11072	중국할로윈이벤트_500개	0	0	0	0	0	0	0	0	0	0	0	0	2	3	5272	1	0	5273	1	0	5274	1	0	0	0	0	0	0	0					
	11073	중국할로윈이벤트_600개	0	0	0	0	0	0	0	0	0	0	0	0	2	3	5275	1	0	5276	1	0	5277	1	0	0	0	0	0	0	0					
	11074	중국할로윈이벤트_800개	0	0	0	0	0	0	0	0	0	0	0	0	2	1	3432	1	0	0	0	0	0	0	0	0	0	0	0	0	0					
	11075	중국할로윈이벤트_1000개	0	0	0	0	0	0	0	0	0	0	0	0	4	1	3999	1	40320	0	0	0	0	0	0	0	0	0	0	0	0					
//	1503빙고이벤트용							0	0	0									0			0			0			0			0					
	11078	빙고1줄보상	0	0	0	0	0	0	0	0	0	0	0	0	3	0	429	0	0	0	0	0	0	0	0	0	0	0	0	0	0					
	11079	빙고2줄보상	0	0	0	0	0	0	0	0	0	0	0	0	3	0	430	0	0	0	0	0	0	0	0	0	0	0	0	0	0					
	11080	빙고3줄보상	0	0	0	0	0	0	0	0	0	0	0	0	3	0	431	0	0	0	0	0	0	0	0	0	0	0	0	0	0					
	11081	빙고4줄보상	0	0	0	0	0	0	0	0	0	0	0	0	3	0	432	0	0	0	0	0	0	0	0	0	0	0	0	0	0					
	11082	빙고5줄보상	0	0	0	0	0	0	0	0	0	0	0	0	3	0	433	0	0	0	0	0	0	0	0	0	0	0	0	0	0					
	11083	빙고6줄보상	0	0	0	0	0	0	0	0	0	0	0	0	3	0	434	0	0	0	0	0	0	0	0	0	0	0	0	0	0					
	11084	빙고7줄보상	0	0	0	0	0	0	0	0	0	0	0	0	3	0	435	0	0	0	0	0	0	0	0	0	0	0	0	0	0					
	11085	빙고8줄보상	0	0	0	0	0	0	0	0	0	0	0	0	3	0	436	0	0	0	0	0	0	0	0	0	0	0	0	0	0					
	11086	빙고9줄보상	0	0	0	0	0	0	0	0	0	0	0	0	3	0	437	0	0	0	0	0	0	0	0	0	0	0	0	0	0					
	11087	빙고10줄보상	0	0	0	0	0	0	0	0	0	0	0	0	3	0	438	0	0	0	0	0	0	0	0	0	0	0	0	0	0					
	11088	빙고11줄보상	0	0	0	0	0	0	0	0	0	0	0	0	3	0	439	0	0	0	0	0	0	0	0	0	0	0	0	0	0					
	11089	빙고12줄보상	0	0	0	0	0	0	0	0	0	0	0	0	3	0	440	0	0	0	0	0	0	0	0	0	0	0	0	0	0					
//	2015크리스마스_AC																																			
	11090	크리스마스_눈사람결정100개	0	0	0	0	0	0	0	0	0	0	0	0	4	1	3339	1	43200	0	0	0	0	0	0	0	0	0	0	0	0					
	11091	크리스마스_눈사람결정200개	0	0	0	0	0	0	0	0	0	0	0	0	2	1	62011	1	0	0	0	0	0	0	0	0	0	0	0	0	0					
	11092	아인의선물상자	0	0	0	0	0	0	0	0	0	0	0	0	2	1	5312	1	0	0	0	0	0	0	0	0	0	0	0	0	0					
//	2016중국구정이벤트																																			
	11093	사랑불꽃_300개	0	0	0	0	0	0	0	0	0	0	0	0	2	1	61256	1	0	0	0	0	0	0	0	0	0	0	0	0	0					
	11094	사랑불꽃_500개	0	0	0	0	0	0	0	0	0	0	0	0	2	1	56056	1	0	0	0	0	0	0	0	0	0	0	0	0	0					
	11095	진정불꽃_300개	0	0	0	0	0	0	0	0	0	0	0	0	2	1	56055	1	0	0	0	0	0	0	0	0	0	0	0	0	0					
	11096	진정불꽃_500개	0	0	0	0	0	0	0	0	0	0	0	0	2	1	56058	1	0	0	0	0	0	0	0	0	0	0	0	0	0					
	11097	친애불꽃_300개	0	0	0	0	0	0	0	0	0	0	0	0	2	1	65424	1	0	0	0	0	0	0	0	0	0	0	0	0	0					
	11098	친애불꽃_500개	0	0	0	0	0	0	0	0	0	0	0	0	2	1	56057	1	0	0	0	0	0	0	0	0	0	0	0	0	0					
	11099	찬연불꽃_300개	0	0	0	0	0	0	0	0	0	0	0	0	2	1	65425	1	0	0	0	0	0	0	0	0	0	0	0	0	0					
	11100	찬연불꽃_500개	0	0	0	0	0	0	0	0	0	0	0	0	2	1	63166	1	0	0	0	0	0	0	0	0	0	0	0	0	0					
//	이벤트보상							0	0	0									0			0			0			0			0					
	3001	서버통합이벤트	0	0	0	0	0	0	0	0	0	0	0	0	3	0	13	0	0	0	0	0	0	0	0	0	0	0	0	0	0					
	3002	크리스마스이벤트_뱃지맨	0	0	0	0	0	0	0	0	0	0	0	0	0	1	40198	1	0	40199	1	0	0	0	0	0	0	0	0	0	0					
	3003	독도사랑이벤트	0	0	0	0	0	0	0	0	0	0	0	0	3	0	13	0	0	0	0	0	0	0	0	0	0	0	0	0	0					
	3004	크리스마스이벤트_산타영감	0	0	0	0	0	0	0	0	0	0	0	0	0	1	40202	1	0	0	0	0	0	0	0	0	0	0	0	0	0					
	3005	콜로세움입장권_교환Lv1	0	0	0	0	0	0	0	0	0	0	0	0	3	0	84	0	0	0	0	0	0	0	0	0	0	0	0	0	0					
	3006	콜로세움입장권_교환Lv2	0	0	0	0	0	0	0	0	0	0	0	0	3	0	85	0	0	0	0	0	0	0	0	0	0	0	0	0	0					
	3007	콜로세움입장권_교환Lv3	0	0	0	0	0	0	0	0	0	0	0	0	3	0	86	0	0	0	0	0	0	0	0	0	0	0	0	0	0					
	3008	콜로세움입장권_교환Lv4	0	0	0	0	0	0	0	0	0	0	0	0	3	0	87	0	0	0	0	0	0	0	0	0	0	0	0	0	0					
	3009	EVENT_none	0	0	0	0	0	0	0	0	0	0	0	0	0	0	0	0	0	0	0	0	0	0	0	0	0	0	0	0	0					
	3010	EVENT_none	0	0	0	0	0	0	0	0	0	0	0	0	0	0	0	0	0	0	0	0	0	0	0	0	0	0	0	0	0					
	3011	EVENT_none	0	0	0	0	0	0	0	0	0	0	0	0	0	0	0	0	0	0	0	0	0	0	0	0	0	0	0	0	0					
	3012	EVENT_none	0	0	0	0	0	0	0	0	0	0	0	0	0	0	0	0	0	0	0	0	0	0	0	0	0	0	0	0	0					
	3013	EVENT_none	0	0	0	0	0	0	0	0	0	0	0	0	0	0	0	0	0	0	0	0	0	0	0	0	0	0	0	0	0					
	3014	EVENT_none	0	0	0	0	0	0	0	0	0	0	0	0	0	0	0	0	0	0	0	0	0	0	0	0	0	0	0	0	0					
	3015	EVENT_none	0	0	0	0	0	0	0	0	0	0	0	0	0	0	0	0	0	0	0	0	0	0	0	0	0	0	0	0	0					
	3016	EVENT_none	0	0	0	0	0	0	0	0	0	0	0	0	0	0	0	0	0	0	0	0	0	0	0	0	0	0	0	0	0					
	3017	EVENT_none	0	0	0	0	0	0	0	0	0	0	0	0	0	0	0	0	0	0	0	0	0	0	0	0	0	0	0	0	0					
	3018	EVENT_none	0	0	0	0	0	0	0	0	0	0	0	0	0	0	0	0	0	0	0	0	0	0	0	0	0	0	0	0	0					
	3019	할로윈이벤트_러시아	0	0	0	0	0	0	0	0	0	0	0	0	3	0	3036	0	0	0	0	0	0	0	0	0	0	0	0	0	0					
	3020	추석이벤트	0	0	0	0	0	0	0	0	0	0	0	0	3	0	7	0	0	0	0	0	0	0	0	0	0	0	0	0	0					
	3021	새해복이쏙아진진다이벤트	0	0	0	0	0	0	0	0	0	0	0	0	3	0	3	0	0	0	0	0	0	0	0	0	0	0	0	0	0					
	3022	새해복이쏙아진진다이벤트_중국	0	0	0	0	0	0	0	0	0	0	0	0	3	0	5	0	0	0	0	0	0	0	0	0	0	0	0	0	0					
	3031	2주년기념이벤트(국내)	0	0	0	0	0	0	0	0	0	40211	1	0	0	0	0	0	0	0	0	0	0	0	0	0	0	0	0	0	0					
	3035	정월대보름몬스터러쉬	0	0	0	0	0	0	0	0	0	9033	1	0	0	0	0	0	0	0	0	0	0	0	0	0	0	0	0	0	0					
	3062	해방군을위하여	0	0	0	0	0	0	0	0	0	40247	3	0	0	0	0	0	0	0	0	0	0	0	0	0	0	0	0	0	0					
	3063	명예를위하여	0	0	0	0	0	0	0	0	0	40247	1	0	0	0	0	0	0	0	0	0	0	0	0	0	0	0	0	0	0					
	3064	몬트샤인공방전참여	0	0	0	0	0	0	0	0	0	40245	1	0	0	0	0	0	0	0	0	0	0	0	0	0	0	0	0	0	0					
	3065	강화된몬트샤인공방전참여	0	0	0	0	0	0	0	0	0	6826	1	0	0	0	0	0	0	0	0	0	0	0	0	0	0	0	0	0	0					
	3070	크리스마스에는축복을	0	0	0	0	0	0	0	0	0	9042	1	0	0	0	0	0	0	0	0	0	0	0	0	0	0	0	0	0	0					
	3071	크리스마스에는사랑을	0	0	0	0	0	0	0	0	0	0	0	0	0	0	0	0	0	0	0	0	0	0	0	0	0	0	0	0	0					
	3085	2009년_화이트데이	0	0	0	0	0	0	0	0	0	0	0	0	3	0	9	0	0	0	0	0	0	0	0	0	0	0	0	0	0					
	3086	2009년_어린이날_버서커	0	0	0	0	0	0	0	0	0	0	0	0	3	0	88	0	0	0	0	0	0	0	0	0	0	0	0	0	0					
	3087	2009년_어린이날_드래곤	0	0	0	0	0	0	0	0	0	0	0	0	3	0	89	0	0	0	0	0	0	0	0	0	0	0	0	0	0					
	3088	2009년_어린이날_섀도우	0	0	0	0	0	0	0	0	0	0	0	0	3	0	90	0	0	0	0	0	0	0	0	0	0	0	0	0	0					
	3089	2009년_어린이날_발키리	0	0	0	0	0	0	0	0	0	0	0	0	3	0	91	0	0	0	0	0	0	0	0	0	0	0	0	0	0					
	3090	2009년_어린이날_엘리멘탈	0	0	0	0	0	0	0	0	0	0	0	0	3	0	92	0	0	0	0	0	0	0	0	0	0	0	0	0	0					
	3091	OBT3주년_윈드의초대장	0	0	0	0	0	0	0	0	0	40470	1	0	0	0	0	0	0	0	0	0	0	0	0	0	0	0	0	0	0					
	3092	OBT3주년_몬스터러쉬이벤트	0	0	0	0	0	0	0	0	0	40472	1	0	0	0	0	0	0	0	0	0	0	0	0	0	0	0	0	0	0					
	3093	OBT3주년_이상한물건	0	0	0	0	0	0	0	0	0	0	0	0	3	0	30	0	0	0	0	0	0	0	0	0	0	0	0	0	0					
	3094	2009년_중국_국경절이벤트_건국대업_보상	0	0	0	0	0	0	0	0	0	0	0	0	3	0	69	0	0	0	0	0	0	0	0	0	0	0	0	0	0					
	3095	2009추석_콩송편보상	0	0	0	0	0	0	0	0	0	0	0	0	3	0	95	0	0	0	0	0	0	0	0	0	0	0	0	0	0					
	3096	2009추석_쑥송편보상	0	0	0	0	0	0	0	0	0	0	0	0	3	0	96	0	0	0	0	0	0	0	0	0	0	0	0	0	0					
	3097	2009추석_팥송편보상	0	0	0	0	0	0	0	0	0	0	0	0	3	0	97	0	0	0	0	0	0	0	0	0	0	0	0	0	0					
	3098	2009추석_꿀송편보상	0	0	0	0	0	0	0	0	0	0	0	0	3	0	98	0	0	0	0	0	0	0	0	0	0	0	0	0	0					
	3099	2009크리스마스이벤트_행복산타보상	0	0	0	0	0	0	0	0	0	6843	1	0	0	0	0	0	0	0	0	0	0	0	0	0	0	0	0	0	0					
	3100	2009크리스마스이벤트_축복산타보상	0	0	0	0	0	0	0	0	0	6844	1	0	0	0	0	0	0	0	0	0	0	0	0	0	0	0	0	0	0					
	3101	2009크리스마스이벤트_사랑산타보상	0	0	0	0	0	0	0	0	0	6845	1	0	0	0	0	0	0	0	0	0	0	0	0	0	0	0	0	0	0					
	3106	2010식목일_태양의씨앗10개보상	0	0	0	0	0	0	0	0	0	0	0	0	3	0	95	0	0	0	0	0	0	0	0	0	0	0	0	0	0					
	3107	2010식목일_태양의씨앗30개보상	0	0	0	0	0	0	0	0	0	0	0	0	3	0	96	0	0	0	0	0	0	0	0	0	0	0	0	0	0					
	3108	2010식목일_태양의씨앗100개보상	0	0	0	0	0	0	0	0	0	0	0	0	3	0	97	0	0	0	0	0	0	0	0	0	0	0	0	0	0					
	3116	2010_OBT4주년아인보상	0	0	0	0	0	0	0	0	0	0	0	0	3	0	8	0	0	0	0	0	0	0	0	0	0	0	0	0	0					
	3117	2010_OBT4주년퀘스트보상	0	4000	4000	0	0	0	0	0	0	0	0	0	0	1	6963	1	0	0	0	0	0	0	0	0	0	0	0	0	0					
	3120	2010_국내월드컵이벤트아인보상	0	0	0	0	0	0	0	0	0	0	0	0	3	0	9	0	0	0	0	0	0	0	0	0	0	0	0	0	0					
	3121	2010_국내월드컵이벤트퀘스트보상	0	4000	4000	0	0	0	0	0	0	0	0	0	0	1	6971	1	0	0	0	0	0	0	0	0	0	0	0	0	0					
	3127	2010국내할로윈이벤트아인보상	0	0	0	0	0	0	0	0	0	0	0	0	3	0	64	0	0	0	0	0	0	0	0	0	0	0	0	0	0					
	3128	2010크리스마스이벤트_산타의간절한부탁1	0	5000	0	0	0	0	0	0	0	0	0	0	0	1	9128	0	0	0	0	0	0	0	0	0	0	0	0	0	0					
	3129	2010크리스마스이벤트_산타의간절한부탁2	0	10000	0	0	0	0	0	0	0	0	0	0	0	1	9129	0	0	0	0	0	0	0	0	0	0	0	0	0	0					
	3130	2010크리스마스이벤트_산타의간절한부탁3	0	15000	0	0	0	0	0	0	0	0	0	0	0	1	9130	0	0	0	0	0	0	0	0	0	0	0	0	0	0					
	3131	2010크리스마스이벤트_산타의간절한부탁4	0	30000	0	0	0	0	0	0	0	0	0	0	0	1	9131	0	0	0	0	0	0	0	0	0	0	0	0	0	0					
	3132	2010크리스마스이벤트_두번의선택	0	500000	0	0	0	0	0	0	0	0	0	0	0	1	3505	1	0	3506	1	0	0	0	0	0	0	0	0	0	0					
//큐브보상									0	0									0			0			0			0			0					
	3133	큐브하급소울아이	0	0	0	0	0	0	0	0	0	0	0	0	3	0	15001	0	0	0	0	0	0	0	0	0	0	0	0	0	0					
	3134	큐브상급소울아이	0	0	0	0	0	0	0	0	0	0	0	0	3	0	15002	0	0	0	0	0	0	0	0	0	0	0	0	0	0					
	3135	큐브사제의반지_정복자의반지	0	0	0	0	0	0	0	0	0	0	0	0	3	0	15003	0	0	0	0	0	0	0	0	0	0	0	0	0	0					
	3136	하급쟈드구리변환	0	0	0	0	0	0	0	0	0	0	0	0	3	0	15004	0	0	0	0	0	0	0	0	0	0	0	0	0	0					
	3137	야수들의숲펫교환_중국	0	0	0	0	0	0	0	0	0	0	0	0	3	0	16001	0	0	0	0	0	0	0	0	0	0	0	0	0	0					
//	AC보상								0	0									0			0			0			0			0					
//	야수의숲								0	0									0			0			0			0			0					
	20001	AC_야수의숲_5%	0	0	0	0	0	0	0	0	0	0	0	0	0	0	0	0	0	0	0	0	0	0	0	0	0	0	0	0	0					
	20002	AC_야수의숲_10%	90868	0	5500	0	0	0	0	0	0	0	0	0	2	1	4014	10	0	0	0	0	0	0	0	0	0	0	0	0	0					
	20003	AC_야수의숲_15%	0	0	0	0	0	0	0	0	0	0	0	0	0	0	0	0	0	0	0	0	0	0	0	0	0	0	0	0	0					
	20004	AC_야수의숲_20%	90869	0	8500	0	0	0	0	0	0	0	0	0	2	3	49001	10	0	49011	10	0	49021	10	0	0	0	0	0	0	0					
	20005	AC_야수의숲_25%	0	0	0	0	0	0	0	0	0	0	0	0	0	0	0	0	0	0	0	0	0	0	0	0	0	0	0	0	0					
	20006	AC_야수의숲_30%	90870	0	13900	0	0	0	0	0	0	0	0	0	2	1	4965	1	0	0	0	0	0	0	0	0	0	0	0	0	0					
	20007	AC_야수의숲_35%	0	0	0	0	0	0	0	0	0	0	0	0	0	0	0	0	0	0	0	0	0	0	0	0	0	0	0	0	0					
	20008	AC_야수의숲_40%	90871	0	21700	0	0	0	0	0	0	0	0	0	2	1	6655	10	0	0	0	0	0	0	0	0	0	0	0	0	0					
	20009	AC_야수의숲_45%	0	0	0	0	0	0	0	0	0	0	0	0	0	0	0	0	0	0	0	0	0	0	0	0	0	0	0	0	0					
	20010	AC_야수의숲_50%	90872	0	31900	0	0	0	0	0	0	0	0	0	2	1	4977	20	0	0	0	0	0	0	0	0	0	0	0	0	0					
	20011	AC_야수의숲_55%	0	0	0	0	0	0	0	0	0	0	0	0	0	0	0	0	0	0	0	0	0	0	0	0	0	0	0	0	0					
	20012	AC_야수의숲_60%	90873	0	44500	0	0	0	0	0	0	0	0	0	2	2	3001	1	0	3021	1	0	0	0	0	0	0	0	0	0	0					
	20013	AC_야수의숲_65%	0	0	0	0	0	0	0	0	0	0	0	0	0	0	0	0	0	0	0	0	0	0	0	0	0	0	0	0	0					
	20014	AC_야수의숲_70%	90874	0	59500	0	0	0	0	0	0	0	0	0	2	1	49149	1	0	0	0	0	0	0	0	0	0	0	0	0	0					
	20015	AC_야수의숲_75%	0	0	0	0	0	0	0	0	0	0	0	0	0	0	0	0	0	0	0	0	0	0	0	0	0	0	0	0	0					
	20016	AC_야수의숲_80%	90875	0	76900	0	0	0	0	0	0	0	0	0	2	1	7244	1	0	0	0	0	0	0	0	0	0	0	0	0	0					
	20017	AC_야수의숲_85%	0	0	0	0	0	0	0	0	0	0	0	0	0	0	0	0	0	0	0	0	0	0	0	0	0	0	0	0	0					
	20018	AC_야수의숲_90%	90876	0	96700	0	0	0	0	0	0	0	0	0	2	1	60419	1	0	0	0	0	0	0	0	0	0	0	0	0	0					
	20019	AC_야수의숲_95%	0	0	0	0	0	0	0	0	0	0	0	0	0	0	0	0	0	0	0	0	0	0	0	0	0	0	0	0	0					
	20020	AC_야수의숲_100%	90877	0	118900	0	0	0	0	0	0	0	0	0	2	1	3320	1	0	0	0	0	0	0	0	0	0	0	0	0	0					
//	지하수로								0	0									0			0			0			0			0					
	20101	AC_지하수로_5%	0	0	0	0	0	0	0	0	0	0	0	0	0	0	0	0	0	0	0	0	0	0	0	0	0	0	0	0	0					
	20102	AC_지하수로_10%	90878	0	14700	0	0	0	0	0	0	0	0	0	2	1	4015	10	0	0	0	0	0	0	0	0	0	0	0	0	0					
	20103	AC_지하수로_15%	0	0	0	0	0	0	0	0	0	0	0	0	0	0	0	0	0	0	0	0	0	0	0	0	0	0	0	0	0					
	20104	AC_지하수로_20%	90879	0	26900	0	0	0	0	0	0	0	0	0	2	3	49002	10	0	49012	10	0	49022	10	0	0	0	0	0	0	0					
	20105	AC_지하수로_25%	0	0	0	0	0	0	0	0	0	0	0	0	0	0	0	0	0	0	0	0	0	0	0	0	0	0	0	0	0					
	20106	AC_지하수로_30%	90880	0	46300	0	0	0	0	0	0	0	0	0	2	1	4965	2	0	0	0	0	0	0	0	0	0	0	0	0	0					
	20107	AC_지하수로_35%	0	0	0	0	0	0	0	0	0	0	0	0	0	0	0	0	0	0	0	0	0	0	0	0	0	0	0	0	0					
	20108	AC_지하수로_40%	90881	0	77700	0	0	0	0	0	0	0	0	0	2	1	6632	5	0	0	0	0	0	0	0	0	0	0	0	0	0					
	20109	AC_지하수로_45%	0	0	0	0	0	0	0	0	0	0	0	0	0	0	0	0	0	0	0	0	0	0	0	0	0	0	0	0	0					
	20110	AC_지하수로_50%	90882	0	125900	0	0	0	0	0	0	0	0	0	2	1	4977	40	0	0	0	0	0	0	0	0	0	0	0	0	0					
	20111	AC_지하수로_55%	0	0	0	0	0	0	0	0	0	0	0	0	0	0	0	0	0	0	0	0	0	0	0	0	0	0	0	0	0					
	20112	AC_지하수로_60%	90883	0	195700	0	0	0	0	0	0	0	0	0	2	2	3002	1	0	3022	1	0	0	0	0	0	0	0	0	0	0					
	20113	AC_지하수로_65%	0	0	0	0	0	0	0	0	0	0	0	0	0	0	0	0	0	0	0	0	0	0	0	0	0	0	0	0	0					
	20114	AC_지하수로_70%	90884	0	291900	0	0	0	0	0	0	0	0	0	2	1	49150	1	0	0	0	0	0	0	0	0	0	0	0	0	0					
	20115	AC_지하수로_75%	0	0	0	0	0	0	0	0	0	0	0	0	0	0	0	0	0	0	0	0	0	0	0	0	0	0	0	0	0					
	20116	AC_지하수로_80%	90885	0	419300	0	0	0	0	0	0	0	0	0	2	1	7244	1	0	0	0	0	0	0	0	0	0	0	0	0	0					
	20117	AC_지하수로_85%	0	0	0	0	0	0	0	0	0	0	0	0	0	0	0	0	0	0	0	0	0	0	0	0	0	0	0	0	0					
	20118	AC_지하수로_90%	90886	0	582700	0	0	0	0	0	0	0	0	0	2	1	60419	1	0	0	0	0	0	0	0	0	0	0	0	0	0					
	20119	AC_지하수로_95%	0	0	0	0	0	0	0	0	0	0	0	0	0	0	0	0	0	0	0	0	0	0	0	0	0	0	0	0	0					
	20120	AC_지하수로_100%	90887	0	786900	0	0	0	0	0	0	0	0	0	2	1	3321	1	0	0	0	0	0	0	0	0	0	0	0	0	0					
//	설원								0	0									0			0			0			0			0					
	20201	AC_설원_5%	0	0	0	0	0	0	0	0	0	0	0	0	0	0	0	0	0	0	0	0	0	0	0	0	0	0	0	0	0					
	20202	AC_설원_10%	90888	0	29400	0	0	0	0	0	0	0	0	0	2	1	4121	10	0	0	0	0	0	0	0	0	0	0	0	0	0					
	20203	AC_설원_15%	0	0	0	0	0	0	0	0	0	0	0	0	0	0	0	0	0	0	0	0	0	0	0	0	0	0	0	0	0					
	20204	AC_설원_20%	90889	0	64300	0	0	0	0	0	0	0	0	0	2	3	49003	10	0	49013	10	0	49023	10	0	0	0	0	0	0	0					
	20205	AC_설원_25%	0	0	0	0	0	0	0	0	0	0	0	0	0	0	0	0	0	0	0	0	0	0	0	0	0	0	0	0	0					
	20206	AC_설원_30%	90890	0	126600	0	0	0	0	0	0	0	0	0	2	1	4965	3	0	0	0	0	0	0	0	0	0	0	0	0	0					
	20207	AC_설원_35%	0	0	0	0	0	0	0	0	0	0	0	0	0	0	0	0	0	0	0	0	0	0	0	0	0	0	0	0	0					
	20208	AC_설원_40%	90891	0	233100	0	0	0	0	0	0	0	0	0	2	1	6634	5	0	0	0	0	0	0	0	0	0	0	0	0	0					
	20209	AC_설원_45%	0	0	0	0	0	0	0	0	0	0	0	0	0	0	0	0	0	0	0	0	0	0	0	0	0	0	0	0	0					
	20210	AC_설원_50%	90892	0	410200	0	0	0	0	0	0	0	0	0	2	1	4977	60	0	0	0	0	0	0	0	0	0	0	0	0	0					
	20211	AC_설원_55%	0	0	0	0	0	0	0	0	0	0	0	0	0	0	0	0	0	0	0	0	0	0	0	0	0	0	0	0	0					
	20212	AC_설원_60%	90893	0	693900	0	0	0	0	0	0	0	0	0	2	2	3003	1	0	3023	1	0	0	0	0	0	0	0	0	0	0					
	20213	AC_설원_65%	0	0	0	0	0	0	0	0	0	0	0	0	0	0	0	0	0	0	0	0	0	0	0	0	0	0	0	0	0					
	20214	AC_설원_70%	90894	0	1129800	0	0	0	0	0	0	0	0	0	2	1	49150	1	0	0	0	0	0	0	0	0	0	0	0	0	0					
	20215	AC_설원_75%	0	0	0	0	0	0	0	0	0	0	0	0	0	0	0	0	0	0	0	0	0	0	0	0	0	0	0	0	0					
	20216	AC_설원_80%	90895	0	1773100	0	0	0	0	0	0	0	0	0	2	1	7244	1	0	0	0	0	0	0	0	0	0	0	0	0	0					
	20217	AC_설원_85%	0	0	0	0	0	0	0	0	0	0	0	0	0	0	0	0	0	0	0	0	0	0	0	0	0	0	0	0	0					
	20218	AC_설원_90%	90896	0	2688600	0	0	0	0	0	0	0	0	0	2	1	60419	1	0	0	0	0	0	0	0	0	0	0	0	0	0					
	20219	AC_설원_95%	0	0	0	0	0	0	0	0	0	0	0	0	0	0	0	0	0	0	0	0	0	0	0	0	0	0	0	0	0					
	20220	AC_설원_100%	90897	0	3950700	0	0	0	0	0	0	0	0	0	2	1	3322	1	0	0	0	0	0	0	0	0	0	0	0	0	0					
//	용족의계곡								0	0									0			0			0			0			0					
	20301	AC_용족_5%	0	0	0	0	0	0	0	0	0	0	0	0	0	0	0	0	0	0	0	0	0	0	0	0	0	0	0	0	0					
	20302	AC_용족_10%	90898	0	58800	0	0	0	0	0	0	0	0	0	2	1	4122	10	0	0	0	0	0	0	0	0	0	0	0	0	0					
	20303	AC_용족_15%	0	0	0	0	0	0	0	0	0	0	0	0	0	0	0	0	0	0	0	0	0	0	0	0	0	0	0	0	0					
	20304	AC_용족_20%	90899	0	132300	0	0	0	0	0	0	0	0	0	2	3	49004	10	0	49014	10	0	49024	10	0	0	0	0	0	0	0					
	20305	AC_용족_25%	0	0	0	0	0	0	0	0	0	0	0	0	0	0	0	0	0	0	0	0	0	0	0	0	0	0	0	0	0					
	20306	AC_용족_30%	90900	0	287800	0	0	0	0	0	0	0	0	0	2	1	4965	4	0	0	0	0	0	0	0	0	0	0	0	0	0					
	20307	AC_용족_35%	0	0	0	0	0	0	0	0	0	0	0	0	0	0	0	0	0	0	0	0	0	0	0	0	0	0	0	0	0					
	20308	AC_용족_40%	90901	0	587300	0	0	0	0	0	0	0	0	0	2	1	6633	5	0	0	0	0	0	0	0	0	0	0	0	0	0					
	20309	AC_용족_45%	0	0	0	0	0	0	0	0	0	0	0	0	0	0	0	0	0	0	0	0	0	0	0	0	0	0	0	0	0					
	20310	AC_용족_50%	90902	0	1131200	0	0	0	0	0	0	0	0	0	2	1	4978	20	0	0	0	0	0	0	0	0	0	0	0	0	0					
	20311	AC_용족_55%	0	0	0	0	0	0	0	0	0	0	0	0	0	0	0	0	0	0	0	0	0	0	0	0	0	0	0	0	0					
	20312	AC_용족_60%	90903	0	2077500	0	0	0	0	0	0	0	0	0	2	2	3029	1	0	3030	1	0	0	0	0	0	0	0	0	0	0					
	20313	AC_용족_65%	0	0	0	0	0	0	0	0	0	0	0	0	0	0	0	0	0	0	0	0	0	0	0	0	0	0	0	0	0					
	20314	AC_용족_70%	90904	0	3661000	0	0	0	0	0	0	0	0	0	2	2	49150	1	0	49150	1	0	0	0	0	0	0	0	0	0	0					
	20315	AC_용족_75%	0	0	0	0	0	0	0	0	0	0	0	0	0	0	0	0	0	0	0	0	0	0	0	0	0	0	0	0	0					
	20316	AC_용족_80%	90905	0	6212500	0	0	0	0	0	0	0	0	0	2	1	7244	1	0	0	0	0	0	0	0	0	0	0	0	0	0					
	20317	AC_용족_85%	0	0	0	0	0	0	0	0	0	0	0	0	0	0	0	0	0	0	0	0	0	0	0	0	0	0	0	0	0					
	20318	AC_용족_90%	90906	0	10178000	0	0	0	0	0	0	0	0	0	2	3	60419	1	0	6056	5	0	6060	3	0	0	0	0	0	0	0					
	20319	AC_용족_95%	0	0	0	0	0	0	0	0	0	0	0	0	0	0	0	0	0	0	0	0	0	0	0	0	0	0	0	0	0					
	20320	AC_용족_100%	90907	0	16137900	0	0	0	0	0	0	0	0	0	2	1	3323	1	0	0	0	0	0	0	0	0	0	0	0	0	0					
//	아이올트								0	0									0			0			0			0			0					
	20401	AC_아이올트_5%	0	0	0	0	0	0	0	0	0	0	0	0	0	0	0	0	0	0	0	0	0	0	0	0	0	0	0	0	0					
	20402	AC_아이올트_10%	90908	0	117600	0	0	0	0	0	0	0	0	0	2	1	4122	20	0	0	0	0	0	0	0	0	0	0	0	0	0					
	20403	AC_아이올트_15%	0	0	0	0	0	0	0	0	0	0	0	0	0	0	0	0	0	0	0	0	0	0	0	0	0	0	0	0	0					
	20404	AC_아이올트_20%	90909	0	264600	0	0	0	0	0	0	0	0	0	2	3	49004	20	0	49014	20	0	49024	20	0	0	0	0	0	0	0					
	20405	AC_아이올트_25%	0	0	0	0	0	0	0	0	0	0	0	0	0	0	0	0	0	0	0	0	0	0	0	0	0	0	0	0	0					
	20406	AC_아이올트_30%	90910	0	593500	0	0	0	0	0	0	0	0	0	2	1	4965	5	0	0	0	0	0	0	0	0	0	0	0	0	0					
	20407	AC_아이올트_35%	0	0	0	0	0	0	0	0	0	0	0	0	0	0	0	0	0	0	0	0	0	0	0	0	0	0	0	0	0					
	20408	AC_아이올트_40%	90911	0	1295700	0	0	0	0	0	0	0	0	0	2	1	6633	10	0	0	0	0	0	0	0	0	0	0	0	0	0					
	20409	AC_아이올트_45%	0	0	0	0	0	0	0	0	0	0	0	0	0	0	0	0	0	0	0	0	0	0	0	0	0	0	0	0	0					
	20410	AC_아이올트_50%	90912	0	2703400	0	0	0	0	0	0	0	0	0	2	1	4978	40	0	0	0	0	0	0	0	0	0	0	0	0	0					
	20411	AC_아이올트_55%	0	0	0	0	0	0	0	0	0	0	0	0	0	0	0	0	0	0	0	0	0	0	0	0	0	0	0	0	0					
	20412	AC_아이올트_60%	90913	0	5376000	0	0	0	0	0	0	0	0	0	2	2	3034	1	0	3035	1	0	0	0	0	0	0	0	0	0	0					
	20413	AC_아이올트_65%	0	0	0	0	0	0	0	0	0	0	0	0	0	0	0	0	0	0	0	0	0	0	0	0	0	0	0	0	0					
	20414	AC_아이올트_70%	90914	0	10224900	0	0	0	0	0	0	0	0	0	2	2	49150	1	0	49150	1	0	0	0	0	0	0	0	0	0	0					
	20415	AC_아이올트_75%	0	0	0	0	0	0	0	0	0	0	0	0	0	0	0	0	0	0	0	0	0	0	0	0	0	0	0	0	0					
	20416	AC_아이올트_80%	90915	0	18676700	0	0	0	0	0	0	0	0	0	2	1	7244	1	0	0	0	0	0	0	0	0	0	0	0	0	0					
	20417	AC_아이올트_85%	0	0	0	0	0	0	0	0	0	0	0	0	0	0	0	0	0	0	0	0	0	0	0	0	0	0	0	0	0					
	20418	AC_아이올트_90%	90916	0	32874800	0	0	0	0	0	0	0	0	0	2	3	60419	1	0	6056	20	0	6060	10	0	0	0	0	0	0	0					
	20419	AC_아이올트_95%	0	0	0	0	0	0	0	0	0	0	0	0	0	0	0	0	0	0	0	0	0	0	0	0	0	0	0	0	0					
	20420	AC_아이올트_100%	90917	0	55919400	0	0	0	0	0	0	0	0	0	2	1	3324	1	0	0	0	0	0	0	0	0	0	0	0	0	0					
//	헬론의성								0	0									0			0			0			0			0					
	20501	AC_헬론_5%	0	0	0	0	0	0	0	0	0	0	0	0	0	0	0	0	0	0	0	0	0	0	0	0	0	0	0	0	0					
	20502	AC_헬론_10%	90918	0	235200	0	0	0	0	0	0	0	0	0	2	2	4122	20	0	4034	20	0	0	0	0	0	0	0	0	0	0					
	20503	AC_헬론_15%	0	0	0	0	0	0	0	0	0	0	0	0	0	0	0	0	0	0	0	0	0	0	0	0	0	0	0	0	0					
	20504	AC_헬론_20%	90919	0	529200	0	0	0	0	0	0	0	0	0	2	4	49004	20	0	49014	20	0	49024	20	0	49019	20	0	0	0	0					
	20505	AC_헬론_25%	0	0	0	0	0	0	0	0	0	0	0	0	0	0	0	0	0	0	0	0	0	0	0	0	0	0	0	0	0					
	20506	AC_헬론_30%	90920	0	1187000	0	0	0	0	0	0	0	0	0	2	1	4965	6	0	0	0	0	0	1	0	0	0	0	0	0	0					
	20507	AC_헬론_35%	0	0	0	0	0	0	0	0	0	0	0	0	0	0	0	0	0	0	0	0	0	0	0	0	0	0	0	0	0					
	20508	AC_헬론_40%	90921	0	2591400	0	0	0	0	0	0	0	0	0	2	1	6633	15	0	0	0	0	0	0	0	0	0	0	0	0	0					
	20509	AC_헬론_45%	0	0	0	0	0	0	0	0	0	0	0	0	0	0	0	0	0	0	0	0	0	0	0	0	0	0	0	0	0					
	20510	AC_헬론_50%	90922	0	5406800	0	0	0	0	0	0	0	0	0	2	1	4978	60	0	0	0	0	0	0	0	0	0	0	0	0	0					
	20511	AC_헬론_55%	0	0	0	0	0	0	0	0	0	0	0	0	0	0	0	0	0	0	0	0	0	0	0	0	0	0	0	0	0					
	20512	AC_헬론_60%	90923	0	10752000	0	0	0	0	0	0	0	0	0	2	1	40655	1	0	0	0	0	0	0	0	0	0	0	0	0	0					
	20513	AC_헬론_65%	0	0	0	0	0	0	0	0	0	0	0	0	0	0	0	0	0	0	0	0	0	0	0	0	0	0	0	0	0					
	20514	AC_헬론_70%	90924	0	20449800	0	0	0	0	0	0	0	0	0	2	3	49150	1	0	49150	1	0	49150	1	0	0	0	0	0	0	0					
	20515	AC_헬론_75%	0	0	0	0	0	0	0	0	0	0	0	0	0	0	0	0	0	0	0	0	0	0	0	0	0	0	0	0	0					
	20516	AC_헬론_80%	90925	0	37353400	0	0	0	0	0	0	0	0	0	2	1	7244	1	0	0	0	0	0	0	0	0	0	0	0	0	0					
	20517	AC_헬론_85%	0	0	0	0	0	0	0	0	0	0	0	0	0	0	0	0	0	0	0	0	0	0	0	0	0	0	0	0	0					
	20518	AC_헬론_90%	90926	0	65749600	0	0	0	0	0	0	0	0	0	2	3	60419	1	0	6056	60	0	6060	30	0	0	0	0	0	0	0					
	20519	AC_헬론_95%	0	0	0	0	0	0	0	0	0	0	0	0	0	0	0	0	0	0	0	0	0	0	0	0	0	0	0	0	0					
	20520	AC_헬론_100%	90927	0	111838800	0	0	0	0	0	0	0	0	0	2	1	3363	1	0	0	0	0	0	0	0	0	0	0	0	0	0					
//	녹음의대지								0	0									0			0			0			0			0					
	20601	AC_녹음의대지_5%	0	0	0	0	0	0	0	0	0	0	0	0	0	0	0	0	0	0	0	0	0	0	0	0	0	0	0	0	0					
	20602	AC_녹음의대지_10%	90928	0	235200	0	0	0	0	0	0	0	0	0	2	2	4133	20	0	4034	30	0	0	0	0	0	0	0	0	0	0					
	20603	AC_녹음의대지_15%	0	0	0	0	0	0	0	0	0	0	0	0	0	0	0	0	0	0	0	0	0	0	0	0	0	0	0	0	0					
	20604	AC_녹음의대지_20%	90929	0	529200	0	0	0	0	0	0	0	0	0	2	4	49004	20	0	49014	20	0	49024	20	0	49019	20	0	0	0	0					
	20605	AC_녹음의대지_25%	0	0	0	0	0	0	0	0	0	0	0	0	0	0	0	0	0	0	0	0	0	0	0	0	0	0	0	0	0					
	20606	AC_녹음의대지_30%	90930	0	1187000	0	0	0	0	0	0	0	0	0	2	1	4965	7	0	0	0	0	0	0	0	0	0	0	0	0	0					
	20607	AC_녹음의대지_35%	0	0	0	0	0	0	0	0	0	0	0	0	0	0	0	0	0	0	0	0	0	0	0	0	0	0	0	0	0					
	20608	AC_녹음의대지_40%	90931	0	2591400	0	0	0	0	0	0	0	0	0	2	2	6814	10	0	6815	10	0	0	0	0	0	0	0	0	0	0					
	20609	AC_녹음의대지_45%	0	0	0	0	0	0	0	0	0	0	0	0	0	0	0	0	0	0	0	0	0	0	0	0	0	0	0	0	0					
	20610	AC_녹음의대지_50%	90932	0	5406800	0	0	0	0	0	0	0	0	0	2	1	4979	10	0	0	0	0	0	0	0	0	0	0	0	0	0					
	20611	AC_녹음의대지_55%	0	0	0	0	0	0	0	0	0	0	0	0	0	0	0	0	0	0	0	0	0	0	0	0	0	0	0	0	0					
	20612	AC_녹음의대지_60%	90933	0	10752000	0	0	0	0	0	0	0	0	0	2	2	8148	1	0	65014	3	0	0	0	0	0	0	0	0	0	0					
	20613	AC_녹음의대지_65%	0	0	0	0	0	0	0	0	0	0	0	0	0	0	0	0	0	0	0	0	0	0	0	0	0	0	0	0	0					
	20614	AC_녹음의대지_70%	90934	0	20449800	0	0	0	0	0	0	0	0	0	2	4	5293	1	0	5293	1	0	5293	1	0	63167	3	0	0	0	0					
	20615	AC_녹음의대지_75%	0	0	0	0	0	0	0	0	0	0	0	0	0	0	0	0	0	0	0	0	0	0	0	0	0	0	0	0	0					
	20616	AC_녹음의대지_80%	90935	0	37353400	0	0	0	0	0	0	0	0	0	2	1	7244	1	0	0	0	0	0	0	0	0	0	0	0	0	0					
	20617	AC_녹음의대지_85%	0	0	0	0	0	0	0	0	0	0	0	0	0	0	0	0	0	0	0	0	0	0	0	0	0	0	0	0	0					
	20618	AC_녹음의대지_90%	90936	0	65749600	0	0	0	0	0	0	0	0	0	2	4	6057	2	0	6066	30	0	6067	15	0	60419	1	0	0	0	0					
	20619	AC_녹음의대지_95%	0	0	0	0	0	0	0	0	0	0	0	0	0	0	0	0	0	0	0	0	0	0	0	0	0	0	0	0	0					
	20620	AC_녹음의대지_100%	90937	0	111838800	0	0	0	0	0	0	0	0	0	2	1	4424	1	0	0	0	0	0	0	0	0	0	0	0	0	0					
//	정령들의쉼터								0	0									0			0			0			0			0					
	20701	AC_정령들의쉼터_5%	0	0	0	0	0	0	0	0	0	0	0	0	0	0	0	0	0	0	0	0	0	0	0	0	0	0	0	0	0					
	20702	AC_정령들의쉼터_10%	92868	0	235200	0	0	0	0	0	0	0	0	0	2	2	4133	20	0	4034	40	0	0	0	0	0	0	0	0	0	0					
	20703	AC_정령들의쉼터_15%	0	0	0	0	0	0	0	0	0	0	0	0	0	0	0	0	0	0	0	0	0	0	0	0	0	0	0	0	0					
	20704	AC_정령들의쉼터_20%	92869	0	529200	0	0	0	0	0	0	0	0	0	2	4	49004	20	0	49014	20	0	49024	20	0	49019	20	0	0	0	0					
	20705	AC_정령들의쉼터_25%	0	0	0	0	0	0	0	0	0	0	0	0	0	0	0	0	0	0	0	0	0	0	0	0	0	0	0	0	0					
	20706	AC_정령들의쉼터_30%	92870	0	1187000	0	0	0	0	0	0	0	0	0	2	1	4965	8	0	0	0	0	0	0	0	0	0	0	0	0	0					
	20707	AC_정령들의쉼터_35%	0	0	0	0	0	0	0	0	0	0	0	0	0	0	0	0	0	0	0	0	0	0	0	0	0	0	0	0	0					
	20708	AC_정령들의쉼터_40%	92871	0	2591400	0	0	0	0	0	0	0	0	0	2	2	6814	10	0	6815	10	0	0	0	0	0	0	0	0	0	0					
	20709	AC_정령들의쉼터_45%	0	0	0	0	0	0	0	0	0	0	0	0	0	0	0	0	0	0	0	0	0	0	0	0	0	0	0	0	0					
	20710	AC_정령들의쉼터_50%	92872	0	5406800	0	0	0	0	0	0	0	0	0	2	1	4979	20	0	0	0	0	0	0	0	0	0	0	0	0	0					
	20711	AC_정령들의쉼터_55%	0	0	0	0	0	0	0	0	0	0	0	0	0	0	0	0	0	0	0	0	0	0	0	0	0	0	0	0	0					
	20712	AC_정령들의쉼터_60%	92873	0	10752000	0	0	0	0	0	0	0	0	0	2	2	8148	1	0	65014	6	0	0	0	0	0	0	0	0	0	0					
	20713	AC_정령들의쉼터_65%	0	0	0	0	0	0	0	0	0	0	0	0	0	0	0	0	0	0	0	0	0	0	0	0	0	0	0	0	0					
	20714	AC_정령들의쉼터_70%	92874	0	20449800	0	0	0	0	0	0	0	0	0	2	5	5293	1	0	5293	1	0	5293	1	0	5293	1	0	63167	3	0					
	20715	AC_정령들의쉼터_75%	0	0	0	0	0	0	0	0	0	0	0	0	0	0	0	0	0	0	0	0	0	0	0	0	0	0	0	0	0					
	20716	AC_정령들의쉼터_80%	92875	0	37353400	0	0	0	0	0	0	0	0	0	2	1	7244	1	0	0	0	0	0	0	0	0	0	0	0	0	0					
	20717	AC_정령들의쉼터_85%	0	0	0	0	0	0	0	0	0	0	0	0	0	0	0	0	0	0	0	0	0	0	0	0	0	0	0	0	0					
	20718	AC_정령들의쉼터_90%	92876	0	65749600	0	0	0	0	0	0	0	0	0	2	4	6057	2	0	6066	60	0	6067	30	0	60419	1	0	0	0	0					
	20719	AC_정령들의쉼터_95%	0	0	0	0	0	0	0	0	0	0	0	0	0	0	0	0	0	0	0	0	0	0	0	0	0	0	0	0	0					
	20720	AC_정령들의쉼터_100%	92877	0	111838800	0	0	0	0	0	0	0	0	0	2	1	4424	1	0	0	0	0	0	0	0	0	0	0	0	0	0					
//	보아레스산맥								0	0									0			0			0			0			0					
	20721	AC_보아레스산맥_5%	0	0	0	0	0	0	0	0	0	0	0	0	0	0	0	0	0	0	0	0	0	0	0	0	0	0	0	0	0					
	20722	AC_보아레스산맥_10%	92878	0	470400	0	0	0	0	0	0	0	0	0	2	2	5201	30	0	4034	50	0	0	0	0	0	0	0	0	0	0					
	20723	AC_보아레스산맥_15%	0	0	0	0	0	0	0	0	0	0	0	0	0	0	0	0	0	0	0	0	0	0	0	0	0	0	0	0	0					
	20724	AC_보아레스산맥_20%	92879	0	1058400	0	0	0	0	0	0	0	0	0	2	4	49005	20	0	49015	20	0	49025	20	0	49020	20	0	0	0	0					
	20725	AC_보아레스산맥_25%	0	0	0	0	0	0	0	0	0	0	0	0	0	0	0	0	0	0	0	0	0	0	0	0	0	0	0	0	0					
	20726	AC_보아레스산맥_30%	92880	0	2374000	0	0	0	0	0	0	0	0	0	2	1	4965	9	0	0	0	0	0	0	0	0	0	0	0	0	0					
	20727	AC_보아레스산맥_35%	0	0	0	0	0	0	0	0	0	0	0	0	0	0	0	0	0	0	0	0	0	0	0	0	0	0	0	0	0					
	20728	AC_보아레스산맥_40%	92881	0	5182800	0	0	0	0	0	0	0	0	0	2	2	6814	10	0	6819	10	0	0	0	0	0	0	0	0	0	0					
	20729	AC_보아레스산맥_45%	0	0	0	0	0	0	0	0	0	0	0	0	0	0	0	0	0	0	0	0	0	0	0	0	0	0	0	0	0					
	20730	AC_보아레스산맥_50%	92882	0	10813600	0	0	0	0	0	0	0	0	0	2	1	4990	10	0	0	0	0	0	0	0	0	0	0	0	0	0					
	20731	AC_보아레스산맥_55%	0	0	0	0	0	0	0	0	0	0	0	0	0	0	0	0	0	0	0	0	0	0	0	0	0	0	0	0	0					
	20732	AC_보아레스산맥_60%	92883	0	21504000	0	0	0	0	0	0	0	0	0	2	1	8148	1	0	65014	9	0	0	0	0	0	0	0	0	0	0					
	20733	AC_보아레스산맥_65%	0	0	0	0	0	0	0	0	0	0	0	0	0	0	0	0	0	0	0	0	0	0	0	0	0	0	0	0	0					
	20734	AC_보아레스산맥_70%	92884	0	40899600	0	0	0	0	0	0	0	0	0	2	5	5293	1	0	5293	1	0	5293	1	0	5293	1	0	63167	3	0					
	20735	AC_보아레스산맥_75%	0	0	0	0	0	0	0	0	0	0	0	0	0	0	0	0	0	0	0	0	0	0	0	0	0	0	0	0	0					
	20736	AC_보아레스산맥_80%	92885	0	74706800	0	0	0	0	0	0	0	0	0	2	1	7244	1	0	0	0	0	0	0	0	0	0	0	0	0	0					
	20737	AC_보아레스산맥_85%	0	0	0	0	0	0	0	0	0	0	0	0	0	0	0	0	0	0	0	0	0	0	0	0	0	0	0	0	0					
	20738	AC_보아레스산맥_90%	92886	0	131499200	0	0	0	0	0	0	0	0	0	2	4	6057	2	0	6105	20	0	6106	10	0	60419	1	0	0	0	0					
	20739	AC_보아레스산맥_95%	0	0	0	0	0	0	0	0	0	0	0	0	0	0	0	0	0	0	0	0	0	0	0	0	0	0	0	0	0					
	20740	AC_보아레스산맥_100%	92887	0	223677600	0	0	0	0	0	0	0	0	0	2	1	4424	1	0	0	0	0	0	0	0	0	0	0	0	0	0					
//	생명의골짜기								0	0									0			0			0			0			0					
	20741	AC_생명의골짜기_5%	0	0	0	0	0	0	0	0	0	0	0	0	0	0	0	0	0	0	0	0	0	0	0	0	0	0	0	0	0					
	20742	AC_생명의골짜기_10%	92878	0	470400	0	0	0	0	0	0	0	0	0	2	2	5201	60	0	4034	60	0	0	0	0	0	0	0	0	0	0					
	20743	AC_생명의골짜기_15%	0	0	0	0	0	0	0	0	0	0	0	0	0	0	0	0	0	0	0	0	0	0	0	0	0	0	0	0	0					
	20744	AC_생명의골짜기_20%	92879	0	1058400	0	0	0	0	0	0	0	0	0	2	4	49005	30	0	49015	30	0	49025	30	0	49020	30	0	0	0	0					
	20745	AC_생명의골짜기_25%	0	0	0	0	0	0	0	0	0	0	0	0	0	0	0	0	0	0	0	0	0	0	0	0	0	0	0	0	0					
	20746	AC_생명의골짜기_30%	92880	0	2374000	0	0	0	0	0	0	0	0	0	2	1	4965	10	0	0	0	0	0	0	0	0	0	0	0	0	0					
	20747	AC_생명의골짜기_35%	0	0	0	0	0	0	0	0	0	0	0	0	0	0	0	0	0	0	0	0	0	0	0	0	0	0	0	0	0					
	20748	AC_생명의골짜기_40%	92881	0	5182800	0	0	0	0	0	0	0	0	0	2	2	6815	20	0	6819	20	0	0	0	0	0	0	0	0	0	0					
	20749	AC_생명의골짜기_45%	0	0	0	0	0	0	0	0	0	0	0	0	0	0	0	0	0	0	0	0	0	0	0	0	0	0	0	0	0					
	20750	AC_생명의골짜기_50%	92882	0	10813600	0	0	0	0	0	0	0	0	0	2	1	4990	20	0	0	0	0	0	0	0	0	0	0	0	0	0					
	20751	AC_생명의골짜기_55%	0	0	0	0	0	0	0	0	0	0	0	0	0	0	0	0	0	0	0	0	0	0	0	0	0	0	0	0	0					
	20752	AC_생명의골짜기_60%	92883	0	21504000	0	0	0	0	0	0	0	0	0	2	1	8190	1	0	65014	9	0	0	0	0	0	0	0	0	0	0					
	20753	AC_생명의골짜기_65%	0	0	0	0	0	0	0	0	0	0	0	0	0	0	0	0	0	0	0	0	0	0	0	0	0	0	0	0	0					
	20754	AC_생명의골짜기_70%	92884	0	40899600	0	0	0	0	0	0	0	0	0	2	5	5293	1	0	5293	1	0	5293	1	0	5293	1	0	63167	3	0					
	20755	AC_생명의골짜기_75%	0	0	0	0	0	0	0	0	0	0	0	0	0	0	0	0	0	0	0	0	0	0	0	0	0	0	0	0	0					
	20756	AC_생명의골짜기_80%	92885	0	74706800	0	0	0	0	0	0	0	0	0	2	1	7244	1	0	0	0	0	0	0	0	0	0	0	0	0	0					
	20757	AC_생명의골짜기_85%	0	0	0	0	0	0	0	0	0	0	0	0	0	0	0	0	0	0	0	0	0	0	0	0	0	0	0	0	0					
	20758	AC_생명의골짜기_90%	92886	0	131499200	0	0	0	0	0	0	0	0	0	2	4	6057	2	0	6105	20	0	6106	10	0	60419	1	0	0	0	0					
	20759	AC_생명의골짜기_95%	0	0	0	0	0	0	0	0	0	0	0	0	0	0	0	0	0	0	0	0	0	0	0	0	0	0	0	0	0					
	20760	AC_생명의골짜기_100%	92887	0	223677600	0	0	0	0	0	0	0	0	0	2	1	4424	1	0	0	0	0	0	0	0	0	0	0	0	0	0					
//	월드랭킹보상								0	0									0			0			0			0			0					
	40001	지식의_나무_동메달	0	0	20000000	0	0	0	0	0	0	0	0	0	4	0	0	0	0	0	0	0	0	0	0	0	0	0	0	0	0					
	40002	지식의_나무_은메달	0	0	30000000	0	0	0	0	0	0	0	0	0	4	0	0	0	0	0	0	0	0	0	0	0	0	0	0	0	0					
	40003	지식의_나무_금메달	0	0	60000000	0	0	0	0	0	0	0	0	0	4	0	7625	1	0	0	0	0	0	0	0	0	0	0	0	0	0					
	40004	보급로_차단_작전_동메달	0	0	30000000	0	0	0	0	0	0	0	0	0	4	0	0	0	0	0	0	0	0	0	0	0	0	0	0	0	0					
	40005	보급로_차단_작전_은메달	0	0	40000000	0	0	0	0	0	0	0	0	0	4	0	0	0	0	0	0	0	0	0	0	0	0	0	0	0	0					
	40006	보급로_차단_작전_금메달	0	0	70000000	0	0	0	0	0	0	0	0	0	4	0	7625	1	0	0	0	0	0	0	0	0	0	0	0	0	0					
	40007	정령들의_쉼터_동메달	0	0	40000000	0	0	0	0	0	0	0	0	0	4	0	7602	1	10080	0	0	0	0	0	0	0	0	0	0	0	0					
	40008	정령들의_쉼터_은메달	0	0	50000000	0	0	0	0	0	0	0	0	0	4	0	7603	1	10080	0	0	0	0	0	0	0	0	0	0	0	0					
	40009	정령들의_쉼터_금메달	0	0	80000000	0	0	0	0	0	0	0	0	0	4	0	7604	1	10080	7625	1	0	0	0	0	0	0	0	0	0	0					
	40010	[악몽]_에텔레인_지하수로_동메달	0	0	50000000	0	0	0	0	0	0	0	0	0	4	0	0	0	0	0	0	0	0	0	0	0	0	0	0	0	0					
	40011	[악몽]_에텔레인_지하수로_은메달	0	0	70000000	0	0	0	0	0	0	0	0	0	4	0	0	0	0	0	0	0	0	0	0	0	0	0	0	0	0					
	40012	[악몽]_에텔레인_지하수로_금메달	0	0	100000000	0	0	0	0	0	0	0	0	0	4	0	7625	1	0	0	0	0	0	0	0	0	0	0	0	0	0					
	40013	어둠의_탑_동메달	0	0	100000000	0	0	0	0	0	0	0	0	0	4	0	0	0	0	0	0	0	0	0	0	0	0	0	0	0	0					
	40014	어둠의_탑_은메달	0	0	150000000	0	0	0	0	0	0	0	0	0	4	0	0	0	0	0	0	0	0	0	0	0	0	0	0	0	0					
	40015	어둠의_탑_금메달	0	0	200000000	0	0	0	0	0	0	0	0	0	4	0	7625	1	0	0	0	0	0	0	0	0	0	0	0	0	0					
	40016	자피르_격전지_승률_동메달	0	0	50000000	0	0	0	0	0	0	0	0	0	4	0	7611	1	10080	0	0	0	0	0	0	0	0	0	0	0	0					
	40017	자피르_격전지_승률_은메달	0	0	70000000	0	0	0	0	0	0	0	0	0	4	0	7612	1	10080	0	0	0	0	0	0	0	0	0	0	0	0					
	40018	자피르_격전지_승률_금메달	0	0	100000000	0	0	0	0	0	0	0	0	0	4	0	7613	1	10080	0	0	0	0	0	0	0	0	0	0	0	0					
	40019	자피르_격전지_킬_동메달	0	0	50000000	0	0	0	0	0	0	0	0	0	4	0	0	0	0	0	0	0	0	0	0	0	0	0	0	0	0					
	40020	자피르_격전지_킬_은메달	0	0	70000000	0	0	0	0	0	0	0	0	0	4	0	0	0	0	0	0	0	0	0	0	0	0	0	0	0	0					
	40021	자피르_격전지_킬_금메달	0	0	100000000	0	0	0	0	0	0	0	0	0	4	0	7625	1	0	0	0	0	0	0	0	0	0	0	0	0	0					
	40022	자피르_격전지_어시스트_동메달	0	0	30000000	0	0	0	0	0	0	0	0	0	4	0	0	0	0	0	0	0	0	0	0	0	0	0	0	0	0					
	40023	자피르_격전지_어시스트_은메달	0	0	40000000	0	0	0	0	0	0	0	0	0	4	0	0	0	0	0	0	0	0	0	0	0	0	0	0	0	0					
	40024	자피르_격전지_어시스트_금메달	0	0	70000000	0	0	0	0	0	0	0	0	0	4	0	7625	1	0	0	0	0	0	0	0	0	0	0	0	0	0					
	40025	비밀의방_동메달	0	0	100000000	0	0	0	0	0	0	0	0	0	4	0	7608	1	10080	0	0	0	0	0	0	0	0	0	0	0	0					
	40026	비밀의방_은메달	0	0	150000000	0	0	0	0	0	0	0	0	0	4	0	7609	1	10080	0	0	0	0	0	0	0	0	0	0	0	0					
	40027	비밀의방_금메달	0	0	200000000	0	0	0	0	0	0	0	0	0	4	0	7610	1	10080	7625	1	0	0	0	0	0	0	0	0	0	0					
	40028	서리격전지_승률_동메달	0	0	50000000	0	0	0	0	0	0	0	0	0	4	0	7614	1	10080	0	0	0	0	0	0	0	0	0	0	0	0					
	40029	서리격전지_승률_은메달	0	0	70000000	0	0	0	0	0	0	0	0	0	4	0	7615	1	10080	0	0	0	0	0	0	0	0	0	0	0	0					
	40030	서리격전지_승률_금메달	0	0	100000000	0	0	0	0	0	0	0	0	0	4	0	7618	1	10080	0	0	0	0	0	0	0	0	0	0	0	0					
	40031	욕망의무덤_승률_동메달	0	0	50000000	0	0	0	0	0	0	0	0	0	4	0	7629	1	10080	0	0	0	0	0	0	0	0	0	0	0	0					
	40032	욕망의무덤_승률_은메달	0	0	70000000	0	0	0	0	0	0	0	0	0	4	0	7634	1	10080	0	0	0	0	0	0	0	0	0	0	0	0					
	40033	욕망의무덤_승률_금메달	0	0	100000000	0	0	0	0	0	0	0	0	0	4	0	7635	1	10080	0	0	0	0	0	0	0	0	0	0	0	0					
	40034	빛의_탑_동메달	0	0	200000000	0	0	0	0	0	0	0	0	0	4	0	0	0	0	0	0	0	0	0	0	0	0	0	0	0	0					
	40035	빛의_탑_은메달	0	0	250000000	0	0	0	0	0	0	0	0	0	4	0	0	0	0	0	0	0	0	0	0	0	0	0	0	0	0					
	40036	빛의_탑_금메달	0	0	300000000	0	0	0	0	0	0	0	0	0	4	0	7625	1	0	0	0	0	0	0	0	0	0	0	0	0	0					
//	길드PvP								0	0									0			0			0			0			0					
//	60001	1_30레벨_강철부족의동굴	0	5000	40000	0	0	0	0	0	0	55001	1	0	0	0	0	0	0	0	0	0	0	0	0	0	0	0	0	0	0					
//	60002	31_55레벨_시련의방	0	7000	60000	0	0	0	0	0	0	55001	3	0	0	0	0	0	0	0	0	0	0	0	0	0	0	0	0	0	0					
//	60003	56_80레벨_공허의전당	0	10000	80000	0	0	0	0	0	0	55001	5	0	0	0	0	0	0	0	0	0	0	0	0	0	0	0	0	0	0					
//	60004	81_100레벨_작열하는분노의조롱	0	20000	100000	0	0	0	0	0	0	55001	7	0	0	0	0	0	0	0	0	0	0	0	0	0	0	0	0	0	0					
//	60005	NPC보상_5개	0	0	0	0	0	0	0	0	0	0	0	0	3	0	69001	0	0	0	0	0	0	0	0	0	0	0	0	0	0					
//	60006	NPC보상_10개	0	0	0	0	0	0	0	0	0	0	0	0	3	0	69002	0	0	0	0	0	0	0	0	0	0	0	0	0	0					
//	60007	NPC보상_15개	0	0	0	0	0	0	0	0	0	0	0	0	3	0	69003	0	0	0	0	0	0	0	0	0	0	0	0	0	0					
//	60008	NPC보상_20개	0	0	0	0	0	0	0	0	0	0	0	0	3	0	69004	0	0	0	0	0	0	0	0	0	0	0	0	0	0					
//	60009	NPC보상_30개	0	0	0	0	0	0	0	0	0	0	0	0	3	0	69005	0	0	0	0	0	0	0	0	0	0	0	0	0	0					
//	60010	NPC보상_50개	0	0	0	0	0	0	0	0	0	0	0	0	3	0	69006	0	0	0	0	0	0	0	0	0	0	0	0	0	0					
//	60011	NPC보상_100개	0	0	0	0	0	0	0	0	0	0	0	0	3	0	69007	0	0	0	0	0	0	0	0	0	0	0	0	0	0					
//	60012	NPC보상_150개	0	0	0	0	0	0	0	0	0	0	0	0	3	0	69008	0	0	0	0	0	0	0	0	0	0	0	0	0	0					
//	60013	NPC보상_200개	0	0	0	0	0	0	0	0	0	0	0	0	3	0	69009	0	0	0	0	0	0	0	0	0	0	0	0	0	0					
//	복권								0	0									0			0			0			0			0					
	60101	악세서리AC아이템복권	0	0	0	0	0	0	0	0	0	0	0	0	3	0	25422	0	0	0	0	0	0	0	0	0	0	0	0	0	0					
//	60102	악세서리특수아이템복권	0	0	0	0	0	0	0	0	0	0	0	0	3	0	25423	0	0	0	0	0	0	0	0	0	0	0	0	0	0					
//	60103	악세서리기타아이템복권	0	0	0	0	0	0	0	0	0	0	0	0	3	0	25424	0	0	0	0	0	0	0	0	0	0	0	0	0	0					
	60104	보석아이템복권	0	0	0	0	0	0	0	0	0	0	0	0	3	0	25425	0	0	0	0	0	0	0	0	0	0	0	0	0	0					
//	60105	엘리트재료아이템복권	0	0	0	0	0	0	0	0	0	0	0	0	3	0	25426	0	0	0	0	0	0	0	0	0	0	0	0	0	0					
//	60106	장착아이템(상)복권	0	0	0	0	0	0	0	0	0	0	0	0	3	0	25427	0	0	0	0	0	0	0	0	0	0	0	0	0	0					
//	60107	장착아이템(중)복권	0	0	0	0	0	0	0	0	0	0	0	0	3	0	25428	0	0	0	0	0	0	0	0	0	0	0	0	0	0					
//	60108	장착아이템(하)복권	0	0	0	0	0	0	0	0	0	0	0	0	3	0	25429	0	0	0	0	0	0	0	0	0	0	0	0	0	0					
//	60109	썬온라인대박복권	0	0	0	0	0	0	0	0	0	0	0	0	3	0	25430	0	0	0	0	0	0	0	0	0	0	0	0	0	0					
//	60110	AC_야수들의숲(국내)	0	0	0	0	0	0	0	0	0	0	0	0	3	0	25431	0	0	0	0	0	0	0	0	0	0	0	0	0	0					
//	60111	AC_에텔레인지하수로(국내)	0	0	0	0	0	0	0	0	0	0	0	0	3	0	25432	0	0	0	0	0	0	0	0	0	0	0	0	0	0					
//	60112	AC_얼어붙은궁전(국내)	0	0	0	0	0	0	0	0	0	0	0	0	3	0	25433	0	0	0	0	0	0	0	0	0	0	0	0	0	0					
//	60113	AC_용족의계곡(국내)	0	0	0	0	0	0	0	0	0	0	0	0	3	0	25434	0	0	0	0	0	0	0	0	0	0	0	0	0	0					
//	1102타락한사원AC보상								0	0									0			0			0			0			0					
	60114	풋내기_투사	90978	0	0	0	0	0	0	0	0	0	0	0	2	3	4122	20	0	4026	10	0	55601	3	0	0	0	0	0	0	0					
	60115	노련한_투사	90979	0	0	0	0	0	0	0	0	0	0	0	2	3	4122	50	0	4028	10	0	55601	5	0	0	0	0	0	0	0					
	60116	타락한_투사	90980	0	0	0	0	0	0	0	0	0	0	0	2	3	4122	100	0	4029	50	0	55601	10	0	0	0	0	0	0	0					
	60117	고스트바스터!!_버서커	90981	0	0	0	0	0	0	0	0	0	0	0	2	1	55606	1	0	0	0	0	0	0	0	0	0	0	0	0	0					
	60118	고스트바스터!!_드래곤나이트	90981	0	0	0	0	0	0	0	0	0	0	0	2	1	55607	1	0	0	0	0	0	0	0	0	0	0	0	0	0					
	60119	고스트바스터!!_섀도우	90981	0	0	0	0	0	0	0	0	0	0	0	2	1	55608	1	0	0	0	0	0	0	0	0	0	0	0	0	0					
	60120	고스트바스터!!_발키리	90981	0	0	0	0	0	0	0	0	0	0	0	2	1	55609	1	0	0	0	0	0	0	0	0	0	0	0	0	0					
	60121	고스트바스터!!_엘리멘탈리스트	90981	0	0	0	0	0	0	0	0	0	0	0	2	1	55610	1	0	0	0	0	0	0	0	0	0	0	0	0	0					
	60122	타락의_끝	90982	0	0	0	0	0	0	0	0	0	0	0	2	1	55605	1	0	0	0	0	0	0	0	0	0	0	0	0	0					
	60123	사원의_지배자_버서커	90983	0	0	0	0	0	0	0	0	0	0	0	2	1	3960	50000	0	0	0	0	0	0	0	0	0	0	0	0	0					
	60124	사원의_지배자_드래곤나이트	90983	0	0	0	0	0	0	0	0	0	0	0	2	1	3960	50000	0	0	0	0	0	0	0	0	0	0	0	0	0					
	60125	사원의_지배자_섀도우	90983	0	0	0	0	0	0	0	0	0	0	0	2	1	3960	50000	0	0	0	0	0	0	0	0	0	0	0	0	0					
	60126	사원의_지배자_발키리	90983	0	0	0	0	0	0	0	0	0	0	0	2	1	3960	50000	0	0	0	0	0	0	0	0	0	0	0	0	0					
	60127	사원의_지배자_엘리멘탈리스트	90983	0	0	0	0	0	0	0	0	0	0	0	2	1	3960	50000	0	0	0	0	0	0	0	0	0	0	0	0	0					
//	신규AC보상								0	0									0			0			0			0			0					
	60128	회복물약Lv1_10개_사용	90989	0	0	0	0	0	0	0	0	0	0	0	2	1	4002	10	0	0	0	0	0	0	0	0	0	0	0	0	0					
	60129	회복물약Lv2_50개_사용	90990	0	0	0	0	0	0	0	0	0	0	0	2	1	4003	30	0	0	0	0	0	0	0	0	0	0	0	0	0					
	60130	회복물약Lv3_80개_사용	90992	0	0	0	0	0	0	0	0	0	0	0	2	1	4004	50	0	0	0	0	0	0	0	0	0	0	0	0	0					
	60131	회복물약Lv4_100개_사용	90993	0	0	0	0	0	0	0	0	0	0	0	2	1	4004	100	0	0	0	0	0	0	0	0	0	0	0	0	0					
	60132	회복물약Lv4_500개_사용	90994	0	0	0	0	0	0	0	0	0	0	0	2	1	4004	255	0	0	0	0	0	0	0	0	0	0	0	0	0					
	60133	회복물약Lv4_1000개_사용	90995	0	0	0	0	0	0	0	0	0	0	0	2	1	4131	255	0	0	0	0	0	0	0	0	0	0	0	0	0					
	60134	마나물약Lv3_100개_사용	90996	0	0	0	0	0	0	0	0	0	0	0	2	1	4198	50	0	0	0	0	0	0	0	0	0	0	0	0	0					
	60135	회복물약Lv5_1000개_사용	90997	0	0	0	0	0	0	0	0	0	0	0	2	1	4132	255	0	0	0	0	0	0	0	0	0	0	0	0	0					
	60136	해방군의증서	90991	0	100000	0	0	0	0	0	0	0	0	0	2	1	7118	1	0	0	0	0	0	0	0	0	0	0	0	0	0					
	60137	아르도르원정대의증서	90991	0	1000000	0	0	0	0	0	0	0	0	0	2	1	7119	1	0	0	0	0	0	0	0	0	0	0	0	0	0					
	60138	해방군정예용사자격증서	90991	0	500000	0	0	0	0	0	0	0	0	0	2	1	7122	1	0	0	0	0	0	0	0	0	0	0	0	0	0					
//	1103AC보상_칭호및아이템								0	0									0			0			0			0			0					
	60139	칭호_기사	0	0	0	0	0	1	0	0	0	0	0	0	0	0	0	0	0	0	0	0	0	0	0	0	0	0	0	0	0					
	60140	칭호_시민	0	0	0	0	0	2	0	0	0	0	0	0	0	0	0	0	0	0	0	0	0	0	0	0	0	0	0	0	0					
	60141	칭호_현자	0	0	0	0	0	3	0	0	0	0	0	0	0	0	0	0	0	0	0	0	0	0	0	0	0	0	0	0	0					
	60142	칭호_피에굶주린	0	0	0	0	0	4	0	0	0	0	0	0	0	0	0	0	0	0	0	0	0	0	0	0	0	0	0	0	0					
	60143	칭호_1등당첨자	0	0	0	0	0	5	0	0	0	0	0	0	0	0	0	0	0	0	0	0	0	0	0	0	0	0	0	0	0					
	60144	칭호_2등당첨자	0	0	0	0	0	6	0	0	0	0	0	0	0	0	0	0	0	0	0	0	0	0	0	0	0	0	0	0	0					
	60145	칭호_3등당첨자	0	0	0	0	0	7	0	0	0	0	0	0	0	0	0	0	0	0	0	0	0	0	0	0	0	0	0	0	0					
	60146	칭호_수집가	0	0	0	0	0	8	0	0	0	0	0	0	0	0	0	0	0	0	0	0	0	0	0	0	0	0	0	0	0					
	60147	칭호_킹슬레이어	0	0	0	0	0	9	0	0	0	0	0	0	0	0	0	0	0	0	0	0	0	0	0	0	0	0	0	0	0					
	60148	칭호_불사신	0	0	0	0	0	10	0	0	0	0	0	0	0	0	0	0	0	0	0	0	0	0	0	0	0	0	0	0	0					
	60149	칭호_약물중독자	0	0	0	0	0	11	0	0	0	0	0	0	0	0	0	0	0	0	0	0	0	0	0	0	0	0	0	0	0					
	60150	칭호_그라디에이터	0	0	0	0	0	12	0	0	0	0	0	0	0	0	0	0	0	0	0	0	0	0	0	0	0	0	0	0	0					
	60151	칭호_수호자	0	0	0	0	0	13	0	0	0	0	0	0	0	0	0	0	0	0	0	0	0	0	0	0	0	0	0	0	0					
	60152	연마된슈제트의선물_버서커	0	0	0	0	0	0	0	0	0	0	0	0	2	1	3157	1	0	0	0	0	0	0	0	0	0	0	0	0	0					
	60153	연마된슈제트의선물_드래곤	0	0	0	0	0	0	0	0	0	0	0	0	2	1	3158	1	0	0	0	0	0	0	0	0	0	0	0	0	0					
	60154	연마된슈제트의선물_섀도우	0	0	0	0	0	0	0	0	0	0	0	0	2	1	3159	1	0	0	0	0	0	0	0	0	0	0	0	0	0					
	60155	연마된슈제트의선물_발키리	0	0	0	0	0	0	0	0	0	0	0	0	2	1	3160	1	0	0	0	0	0	0	0	0	0	0	0	0	0					
	60156	연마된슈제트의선물_엘리멘탈	0	0	0	0	0	0	0	0	0	0	0	0	2	1	3161	1	0	0	0	0	0	0	0	0	0	0	0	0	0					
	60157	오크피그의2차헤드파츠교환	0	0	0	0	0	0	0	0	0	0	0	0	2	1	3577	1	0	0	0	0	0	0	0	0	0	0	0	0	0					
	60158	오크피그의2차바디파츠교환	0	0	0	0	0	0	0	0	0	0	0	0	2	1	3578	1	0	0	0	0	0	0	0	0	0	0	0	0	0					
	60159	오크피그의2차레그파츠교환	0	0	0	0	0	0	0	0	0	0	0	0	2	1	3579	1	0	0	0	0	0	0	0	0	0	0	0	0	0					
	60160	큰발표범의2차헤드파츠교환	0	0	0	0	0	0	0	0	0	0	0	0	2	1	3574	1	0	0	0	0	0	0	0	0	0	0	0	0	0					
	60161	큰발표범의2차바디파츠교환	0	0	0	0	0	0	0	0	0	0	0	0	2	1	3575	1	0	0	0	0	0	0	0	0	0	0	0	0	0					
	60162	큰발표범의2차레그파츠교환	0	0	0	0	0	0	0	0	0	0	0	0	2	1	3576	1	0	0	0	0	0	0	0	0	0	0	0	0	0					
	60163	로슈엘의군마헤드파츠교환권	0	0	0	0	0	0	0	0	0	0	0	0	2	1	3580	1	0	0	0	0	0	0	0	0	0	0	0	0	0					
	60164	로슈엘의군마바디파츠교환권	0	0	0	0	0	0	0	0	0	0	0	0	2	1	3581	1	0	0	0	0	0	0	0	0	0	0	0	0	0					
	60165	로슈엘의군마레그파츠교환권	0	0	0	0	0	0	0	0	0	0	0	0	2	1	3582	1	0	0	0	0	0	0	0	0	0	0	0	0	0					
	60166	축복받은슈제트의선물_버서커	0	0	0	0	0	0	0	0	0	0	0	0	2	1	3162	1	0	0	0	0	0	0	0	0	0	0	0	0	0					
	60167	축복받은슈제트의선물_드래곤	0	0	0	0	0	0	0	0	0	0	0	0	2	1	3163	1	0	0	0	0	0	0	0	0	0	0	0	0	0					
	60168	축복받은슈제트의선물_섀도우	0	0	0	0	0	0	0	0	0	0	0	0	2	1	3164	1	0	0	0	0	0	0	0	0	0	0	0	0	0					
	60169	축복받은슈제트의선물_발키리	0	0	0	0	0	0	0	0	0	0	0	0	2	1	3165	1	0	0	0	0	0	0	0	0	0	0	0	0	0					
	60170	축복받은슈제트의선물_엘리멘탈	0	0	0	0	0	0	0	0	0	0	0	0	2	1	3166	1	0	0	0	0	0	0	0	0	0	0	0	0	0					
	60171	칭호_유명인	0	0	0	0	0	14	0	0	0	0	0	0	0	0	0	0	0	0	0	0	0	0	0	0	0	0	0	0	0					
	60172	칭호_탐구자	0	0	0	0	0	15	0	0	0	0	0	0	0	0	0	0	0	0	0	0	0	0	0	0	0	0	0	0	0					
	60173	칭호_인내자	0	0	0	0	0	16	0	0	0	0	0	0	0	0	0	0	0	0	0	0	0	0	0	0	0	0	0	0	0					
	60174	칭호_고행자	0	0	0	0	0	17	0	0	0	0	0	0	0	0	0	0	0	0	0	0	0	0	0	0	0	0	0	0	0					
	60175	칭호_상처투성이	0	0	0	0	0	18	0	0	0	0	0	0	0	0	0	0	0	0	0	0	0	0	0	0	0	0	0	0	0					
	60176	칭호_피해자	0	0	0	0	0	19	0	0	0	0	0	0	0	0	0	0	0	0	0	0	0	0	0	0	0	0	0	0	0					
	60177	칭호_날수없는	0	0	0	0	0	20	0	0	0	0	0	0	0	0	0	0	0	0	0	0	0	0	0	0	0	0	0	0	0					
	60178	칭호_좋은사람	0	0	0	0	0	21	0	0	0	0	0	0	0	0	0	0	0	0	0	0	0	0	0	0	0	0	0	0	0					
	60179	칭호_행운아	0	0	0	0	0	22	0	0	0	0	0	0	0	0	0	0	0	0	0	0	0	0	0	0	0	0	0	0	0					
//	일퀘테스트								0	0									0			0			0			0			0					
	60180	[테스트]일퀘1-2	0	0	0	0	0	0	1	300	0	0	0	0	0	0	0	0	0	0	0	0	0	0	0	0	0	0	0	0	0					
	60181	[테스트]일퀘1-2	0	0	0	0	0	0	1	300	0	0	0	0	0	0	0	0	0	0	0	0	0	0	0	0	0	0	0	0	0					
	60182	[테스트]일퀘2-1	0	0	0	0	0	0	2	300	0	0	0	0	0	0	0	0	0	0	0	0	0	0	0	0	0	0	0	0	0					
	60183	[테스트]일퀘2-2	0	0	0	0	0	0	2	300	0	0	0	0	0	0	0	0	0	0	0	0	0	0	0	0	0	0	0	0	0					
	60184	[테스트]일퀘3-1	0	0	0	0	0	0	3	300	0	0	0	0	0	0	0	0	0	0	0	0	0	0	0	0	0	0	0	0	0					
	60185	[테스트]일퀘3-2	0	0	0	0	0	0	3	300	0	0	0	0	0	0	0	0	0	0	0	0	0	0	0	0	0	0	0	0	0					
	60186	[테스트]일퀘4-1	0	0	0	0	0	0	4	300	0	0	0	0	0	0	0	0	0	0	0	0	0	0	0	0	0	0	0	0	0					
	60187	[테스트]일퀘4-2	0	0	0	0	0	0	4	300	0	0	0	0	0	0	0	0	0	0	0	0	0	0	0	0	0	0	0	0	0					
	60188	[테스트]일퀘5-1	0	0	0	0	0	0	5	300	0	0	0	0	0	0	0	0	0	0	0	0	0	0	0	0	0	0	0	0	0					
	60189	[테스트]일퀘5-2	0	0	0	0	0	0	5	300	0	0	0	0	0	0	0	0	0	0	0	0	0	0	0	0	0	0	0	0	0					
	60190	[테스트]일퀘6-1	0	0	0	0	0	0	6	300	0	0	0	0	0	0	0	0	0	0	0	0	0	0	0	0	0	0	0	0	0					
	60191	[테스트]일퀘6-2	0	0	0	0	0	0	6	300	0	0	0	0	0	0	0	0	0	0	0	0	0	0	0	0	0	0	0	0	0					
	60192	[테스트]일퀘7-1	0	0	0	0	0	0	7	300	0	0	0	0	0	0	0	0	0	0	0	0	0	0	0	0	0	0	0	0	0					
	60193	[테스트]일퀘7-2	0	0	0	0	0	0	7	300	0	0	0	0	0	0	0	0	0	0	0	0	0	0	0	0	0	0	0	0	0					
	60194	[테스트]일퀘8-1	0	0	0	0	0	0	8	300	0	0	0	0	0	0	0	0	0	0	0	0	0	0	0	0	0	0	0	0	0					
	60195	[테스트]일퀘8-2	0	0	0	0	0	0	8	300	0	0	0	0	0	0	0	0	0	0	0	0	0	0	0	0	0	0	0	0	0					
	60196	[테스트]일퀘9-1	0	0	0	0	0	0	9	300	0	0	0	0	0	0	0	0	0	0	0	0	0	0	0	0	0	0	0	0	0					
	60197	[테스트]일퀘9-2	0	0	0	0	0	0	9	300	0	0	0	0	0	0	0	0	0	0	0	0	0	0	0	0	0	0	0	0	0					
	60198	[테스트]일퀘10-1	0	0	0	0	0	0	10	300	0	0	0	0	0	0	0	0	0	0	0	0	0	0	0	0	0	0	0	0	0					
//1103일일퀘스트_벨트헨																			0			0			0			0			0					
	60199	찾아가지않은'일간벨트헨'	0	5000000	40000	0	0	0	1	160	0	41005	1	0	0	0	0	0	0	0	0	0	0	0	0	0	0	0	0	0	0					
	60200	찾아가지않은'일간벨트헨'	0	5000000	40000	0	0	0	1	160	0	41005	1	0	0	0	0	0	0	0	0	0	0	0	0	0	0	0	0	0	0					
	60201	찾아가지않은'일간벨트헨'	0	5000000	40000	0	0	0	1	160	0	41005	1	0	0	0	0	0	0	0	0	0	0	0	0	0	0	0	0	0	0					
	60202	찾아가지않은'일간벨트헨'	0	5000000	40000	0	0	0	1	160	0	41005	1	0	0	0	0	0	0	0	0	0	0	0	0	0	0	0	0	0	0					
	60203	찾아가지않은'일간벨트헨'	0	5000000	40000	0	0	0	1	160	0	41005	1	0	0	0	0	0	0	0	0	0	0	0	0	0	0	0	0	0	0					
	60204	찾아가지않은'일간벨트헨'	0	5000000	40000	0	0	0	1	160	0	41005	1	0	0	0	0	0	0	0	0	0	0	0	0	0	0	0	0	0	0					
	60205	도시락의온기	0	5000000	40000	0	0	0	2	160	0	41005	1	0	0	0	0	0	0	0	0	0	0	0	0	0	0	0	0	0	0					
	60206	검은동굴부족의위협	0	5000000	40000	0	0	0	2	160	0	41005	1	0	0	0	0	0	0	0	0	0	0	0	0	0	0	0	0	0	0					
	60207	좁은계곡부족의위협	0	5000000	40000	0	0	0	2	160	0	41005	1	0	0	0	0	0	0	0	0	0	0	0	0	0	0	0	0	0	0					
	60208	훈련병의자세:주의집중!	0	5000000	40000	0	0	0	3	100	0	41005	1	0	0	0	0	0	0	0	0	0	0	0	0	0	0	0	0	0	0					
	60209	훈련병의자세:졸음퇴치!	0	5000000	40000	0	0	0	3	100	0	41005	1	0	0	0	0	0	0	0	0	0	0	0	0	0	0	0	0	0	0					
	60210	훈련병의자세:공복극복!	0	5000000	40000	0	0	0	3	100	0	41005	1	0	0	0	0	0	0	0	0	0	0	0	0	0	0	0	0	0	0					
	60211	금속보충	0	5000000	40000	0	0	0	3	100	0	41005	1	0	0	0	0	0	0	0	0	0	0	0	0	0	0	0	0	0	0					
	60212	무기보충	0	5000000	40000	0	0	0	3	100	0	41005	1	0	0	0	0	0	0	0	0	0	0	0	0	0	0	0	0	0	0					
	60213	식량보충	0	5000000	40000	0	0	0	3	100	0	41005	1	0	0	0	0	0	0	0	0	0	0	0	0	0	0	0	0	0	0					
	60214	자금조달:벨트헨의회	0	5000000	40000	0	0	0	4	100	0	41005	1	0	0	0	0	0	0	0	0	0	0	0	0	0	0	0	0	0	0					
	60215	자금조달:벨트헨경비단	0	5000000	40000	0	0	0	4	100	0	41005	1	0	0	0	0	0	0	0	0	0	0	0	0	0	0	0	0	0	0					
	60216	자금조달:신병교육대	0	5000000	40000	0	0	0	4	100	0	41005	1	0	0	0	0	0	0	0	0	0	0	0	0	0	0	0	0	0	0					
	60217	상인연합의오른손	0	5000000	40000	0	0	0	4	100	0	41005	1	0	0	0	0	0	0	0	0	0	0	0	0	0	0	0	0	0	0					
	60218	상인연합의두다리	0	5000000	40000	0	0	0	4	100	0	41005	1	0	0	0	0	0	0	0	0	0	0	0	0	0	0	0	0	0	0					
	60219	상인연합의그림자	0	5000000	40000	0	0	0	4	100	0	41005	1	0	0	0	0	0	0	0	0	0	0	0	0	0	0	0	0	0	0					
//1103일일퀘스트_트링겔																			0			0			0			0			0					
	60220	일간'트링겔의회'최신호전달-트링겔경비단	0	5000000	40000	0	0	0	5	160	0	41005	2	0	0	0	0	0	0	0	0	0	0	0	0	0	0	0	0	0	0					
	60221	일간'트링겔의회'최신호전달-트링겔경비단	0	5000000	40000	0	0	0	5	160	0	41005	2	0	0	0	0	0	0	0	0	0	0	0	0	0	0	0	0	0	0					
	60222	일간'트링겔의회'최신호전달-트링겔경비단	0	5000000	40000	0	0	0	5	160	0	41005	2	0	0	0	0	0	0	0	0	0	0	0	0	0	0	0	0	0	0					
	60223	일간'트링겔의회'최신호전달-지식의전당	0	5000000	40000	0	0	0	5	160	0	41005	2	0	0	0	0	0	0	0	0	0	0	0	0	0	0	0	0	0	0					
	60224	일간'트링겔의회'최신호전달-지식의전당	0	5000000	40000	0	0	0	5	160	0	41005	2	0	0	0	0	0	0	0	0	0	0	0	0	0	0	0	0	0	0					
	60225	일간'트링겔의회'최신호전달-지식의전당	0	5000000	40000	0	0	0	5	160	0	41005	2	0	0	0	0	0	0	0	0	0	0	0	0	0	0	0	0	0	0					
	60226	일간'트링겔의회'최신호전달-지하수로발굴단	0	5000000	40000	0	0	0	5	160	0	41005	2	0	0	0	0	0	0	0	0	0	0	0	0	0	0	0	0	0	0					
	60227	일간'트링겔의회'최신호전달-지하수로발굴단	0	5000000	40000	0	0	0	5	160	0	41005	2	0	0	0	0	0	0	0	0	0	0	0	0	0	0	0	0	0	0					
	60228	일간'트링겔의회'최신호전달-지하수로발굴단	0	5000000	40000	0	0	0	5	160	0	41005	2	0	0	0	0	0	0	0	0	0	0	0	0	0	0	0	0	0	0					
	60229	지끈지끈병아리	0	5000000	40000	0	0	0	6	160	0	41005	1	0	0	0	0	0	0	0	0	0	0	0	0	0	0	0	0	0	0					
	60230	도시락이식기전에	0	5000000	40000	0	0	0	6	160	0	41005	1	0	0	0	0	0	0	0	0	0	0	0	0	0	0	0	0	0	0					
	60231	경비대장비보충	0	5000000	40000	0	0	0	6	160	0	41005	1	0	0	0	0	0	0	0	0	0	0	0	0	0	0	0	0	0	0					
	60232	불타버린책	0	5000000	40000	0	0	0	7	100	0	41005	1	0	0	0	0	0	0	0	0	0	0	0	0	0	0	0	0	0	0					
	60233	트링겔의기막힌요리법	0	5000000	40000	0	0	0	7	100	0	41005	1	0	0	0	0	0	0	0	0	0	0	0	0	0	0	0	0	0	0					
	60234	트링겔의기막힌요리법	0	5000000	40000	0	0	0	7	100	0	41005	1	0	0	0	0	0	0	0	0	0	0	0	0	0	0	0	0	0	0					
	60235	도난당한트링겔도서꾸러미	0	5000000	40000	0	0	0	7	100	0	41005	1	0	0	0	0	0	0	0	0	0	0	0	0	0	0	0	0	0	0					
	60236	신속배달	0	5000000	40000	0	0	0	7	100	0	41005	1	0	0	0	0	0	0	0	0	0	0	0	0	0	0	0	0	0	0					
	60237	신속배달	0	5000000	40000	0	0	0	7	100	0	41005	1	0	0	0	0	0	0	0	0	0	0	0	0	0	0	0	0	0	0					
	60238	연체가뭐길래	0	5000000	40000	0	0	0	7	100	0	41005	1	0	0	0	0	0	0	0	0	0	0	0	0	0	0	0	0	0	0					
	60239	연체가뭐길래	0	5000000	40000	0	0	0	7	100	0	41005	1	0	0	0	0	0	0	0	0	0	0	0	0	0	0	0	0	0	0					
	60240	발굴?발굴!	0	5000000	40000	0	0	0	8	100	0	41005	1	0	0	0	0	0	0	0	0	0	0	0	0	0	0	0	0	0	0					
	60241	배신자에게피의복수를	0	5000000	40000	0	0	0	8	100	0	41005	1	0	0	0	0	0	0	0	0	0	0	0	0	0	0	0	0	0	0					
	60242	영광의해방군	0	5000000	40000	0	0	0	8	100	0	41005	1	0	0	0	0	0	0	0	0	0	0	0	0	0	0	0	0	0	0					
	60243	지하수로탐색-동쪽미로의지하수로	0	5000000	40000	0	0	0	8	100	0	41005	1	0	0	0	0	0	0	0	0	0	0	0	0	0	0	0	0	0	0					
	60244	지하수로탐색-혼란의통로	0	5000000	40000	0	0	0	8	100	0	41005	1	0	0	0	0	0	0	0	0	0	0	0	0	0	0	0	0	0	0					
	60245	지하수로탐색-미완의기념관	0	5000000	40000	0	0	0	8	100	0	41005	1	0	0	0	0	0	0	0	0	0	0	0	0	0	0	0	0	0	0					
//1103일일퀘스트_에텔레인																			0			0			0			0			0					
	60246	일간'에텔레인의회'최신호전달-에텔레인경비단	0	5000000	40000	0	0	0	9	170	0	41005	2	0	0	0	0	0	0	0	0	0	0	0	0	0	0	0	0	0	0					
	60247	일간'에텔레인의회'최신호전달-에텔레인경비단	0	5000000	40000	0	0	0	9	170	0	41005	2	0	0	0	0	0	0	0	0	0	0	0	0	0	0	0	0	0	0					
	60248	일간'에텔레인의회'최신호전달-에텔레인경비단	0	5000000	40000	0	0	0	9	170	0	41005	2	0	0	0	0	0	0	0	0	0	0	0	0	0	0	0	0	0	0					
	60249	일간'에텔레인의회'최신호전달-연금술의회	0	5000000	40000	0	0	0	9	170	0	41005	2	0	0	0	0	0	0	0	0	0	0	0	0	0	0	0	0	0	0					
	60250	일간'에텔레인의회'최신호전달-연금술의회	0	5000000	40000	0	0	0	9	170	0	41005	2	0	0	0	0	0	0	0	0	0	0	0	0	0	0	0	0	0	0					
	60251	일간'에텔레인의회'최신호전달-연금술의회	0	5000000	40000	0	0	0	9	170	0	41005	2	0	0	0	0	0	0	0	0	0	0	0	0	0	0	0	0	0	0					
	60252	일간'에텔레인의회'최신호전달-무역연합	0	5000000	40000	0	0	0	9	170	0	41005	2	0	0	0	0	0	0	0	0	0	0	0	0	0	0	0	0	0	0					
	60253	일간'에텔레인의회'최신호전달-무역연합	0	5000000	40000	0	0	0	9	170	0	41005	2	0	0	0	0	0	0	0	0	0	0	0	0	0	0	0	0	0	0					
	60254	일간'에텔레인의회'최신호전달-무역연합	0	5000000	40000	0	0	0	9	170	0	41005	2	0	0	0	0	0	0	0	0	0	0	0	0	0	0	0	0	0	0					
	60255	에텔레인경비단장비보충	0	5000000	40000	0	0	0	10	130	0	41005	1	0	0	0	0	0	0	0	0	0	0	0	0	0	0	0	0	0	0					
	60256	두솥도시락	0	5000000	40000	0	0	0	10	130	0	41005	1	0	0	0	0	0	0	0	0	0	0	0	0	0	0	0	0	0	0					
	60257	진짜피로회복제는여기도있습니다.	0	5000000	40000	0	0	0	10	130	0	41005	1	0	0	0	0	0	0	0	0	0	0	0	0	0	0	0	0	0	0					
	60258	명령서전달-요새의성역	0	5000000	40000	0	0	0	10	130	0	41005	1	0	0	0	0	0	0	0	0	0	0	0	0	0	0	0	0	0	0					
	60259	명령서전달-에텔레인결혼식장	0	5000000	40000	0	0	0	10	130	0	41005	1	0	0	0	0	0	0	0	0	0	0	0	0	0	0	0	0	0	0					
	60260	명령서전달-카르완의분화구	0	5000000	40000	0	0	0	10	130	0	41005	1	0	0	0	0	0	0	0	0	0	0	0	0	0	0	0	0	0	0					
	60261	잃어버린고룡	0	5000000	40000	0	0	0	11	130	0	41005	1	0	0	0	0	0	0	0	0	0	0	0	0	0	0	0	0	0	0					
	60262	잃어버린고룡	0	5000000	40000	0	0	0	11	130	0	41005	1	0	0	0	0	0	0	0	0	0	0	0	0	0	0	0	0	0	0					
	60263	잃어버린고룡	0	5000000	40000	0	0	0	11	130	0	41005	1	0	0	0	0	0	0	0	0	0	0	0	0	0	0	0	0	0	0					
	60264	포톤의연금술사-에드워드포톤	0	5000000	40000	0	0	0	11	130	0	41005	1	0	0	0	0	0	0	0	0	0	0	0	0	0	0	0	0	0	0					
	60265	연금술의이해	0	5000000	40000	0	0	0	11	130	0	41005	1	0	0	0	0	0	0	0	0	0	0	0	0	0	0	0	0	0	0					
	60266	등가교환의법칙	0	5000000	40000	0	0	0	11	130	0	41005	1	0	0	0	0	0	0	0	0	0	0	0	0	0	0	0	0	0	0					
	60267	무역길탈환	0	5000000	40000	0	0	0	12	130	0	41005	1	0	0	0	0	0	0	0	0	0	0	0	0	0	0	0	0	0	0					
	60268	무역길탈환	0	5000000	40000	0	0	0	12	130	0	41005	1	0	0	0	0	0	0	0	0	0	0	0	0	0	0	0	0	0	0					
	60269	무역길탈환	0	5000000	40000	0	0	0	12	130	0	41005	1	0	0	0	0	0	0	0	0	0	0	0	0	0	0	0	0	0	0					
	60270	위험한무역	0	5000000	40000	0	0	0	12	130	0	41005	1	0	0	0	0	0	0	0	0	0	0	0	0	0	0	0	0	0	0					
	60271	위험한무역	0	5000000	40000	0	0	0	12	130	0	41005	1	0	0	0	0	0	0	0	0	0	0	0	0	0	0	0	0	0	0					
	60272	위험한무역	0	5000000	40000	0	0	0	12	130	0	41005	1	0	0	0	0	0	0	0	0	0	0	0	0	0	0	0	0	0	0					
//1103일일퀘스트_아이올트공동묘지																			0			0			0			0			0					
	60273	허물어진성재건공사	0	5000000	40000	0	0	0	13	200	0	41005	1	0	0	0	0	0	0	0	0	0	0	0	0	0	0	0	0	0	0					
	60274	무통의묘지	0	5000000	40000	0	0	0	13	200	0	41005	1	0	0	0	0	0	0	0	0	0	0	0	0	0	0	0	0	0	0					
	60275	맑고투영한식수	0	5000000	40000	0	0	0	13	200	0	41005	1	0	0	0	0	0	0	0	0	0	0	0	0	0	0	0	0	0	0					
	60276	아직온기가남은도시락	0	5000000	40000	0	0	0	14	130	0	41005	1	0	0	0	0	0	0	0	0	0	0	0	0	0	0	0	0	0	0					
	60277	아직온기가남은도시락	0	5000000	40000	0	0	0	14	130	0	41005	1	0	0	0	0	0	0	0	0	0	0	0	0	0	0	0	0	0	0					
	60278	아직온기가남은도시락	0	5000000	40000	0	0	0	14	130	0	41005	1	0	0	0	0	0	0	0	0	0	0	0	0	0	0	0	0	0	0					
	60279	죽은마법사의위협	0	5000000	40000	0	0	0	14	130	0	41005	1	0	0	0	0	0	0	0	0	0	0	0	0	0	0	0	0	0	0					
	60280	죽은전사의위협	0	5000000	40000	0	0	0	14	130	0	41005	1	0	0	0	0	0	0	0	0	0	0	0	0	0	0	0	0	0	0					
	60281	죽은시민의위협	0	5000000	40000	0	0	0	14	130	0	41005	1	0	0	0	0	0	0	0	0	0	0	0	0	0	0	0	0	0	0					
	60282	아이올트경비단의상조	0	5000000	40000	0	0	0	15	130	0	41005	1	0	0	0	0	0	0	0	0	0	0	0	0	0	0	0	0	0	0					
	60283	아이올트경비단의상조	0	5000000	40000	0	0	0	15	130	0	41005	1	0	0	0	0	0	0	0	0	0	0	0	0	0	0	0	0	0	0					
	60284	아이올트경비단의상조	0	5000000	40000	0	0	0	15	130	0	41005	1	0	0	0	0	0	0	0	0	0	0	0	0	0	0	0	0	0	0					
	60285	사과농장의상조	0	5000000	40000	0	0	0	15	130	0	41005	1	0	0	0	0	0	0	0	0	0	0	0	0	0	0	0	0	0	0					
	60286	본격발굴!'탐사단의상조	0	5000000	40000	0	0	0	15	130	0	41005	1	0	0	0	0	0	0	0	0	0	0	0	0	0	0	0	0	0	0					
	60287	천국의문'비품수거	0	5000000	40000	0	0	0	15	130	0	41005	1	0	0	0	0	0	0	0	0	0	0	0	0	0	0	0	0	0	0					
	60288	불편한묘지	0	5000000	40000	0	0	0	15	130	0	41005	1	0	0	0	0	0	0	0	0	0	0	0	0	0	0	0	0	0	0					
	60289	소소한예의	0	5000000	40000	0	0	0	15	130	0	41005	1	0	0	0	0	0	0	0	0	0	0	0	0	0	0	0	0	0	0					
	60290	대지의마음	0	5000000	40000	0	0	0	16	130	0	41005	1	0	0	0	0	0	0	0	0	0	0	0	0	0	0	0	0	0	0					
	60291	작물의마음	0	5000000	40000	0	0	0	16	130	0	41005	1	0	0	0	0	0	0	0	0	0	0	0	0	0	0	0	0	0	0					
	60292	농부의마음	0	5000000	40000	0	0	0	16	130	0	41005	1	0	0	0	0	0	0	0	0	0	0	0	0	0	0	0	0	0	0					
	60293	전문가가말하는맛의비밀	0	5000000	40000	0	0	0	16	130	0	41005	1	0	0	0	0	0	0	0	0	0	0	0	0	0	0	0	0	0	0					
	60294	명인이말하는맛의비밀	0	5000000	40000	0	0	0	16	130	0	41005	1	0	0	0	0	0	0	0	0	0	0	0	0	0	0	0	0	0	0					
	60295	마법의감미료	0	5000000	40000	0	0	0	16	130	0	41005	1	0	0	0	0	0	0	0	0	0	0	0	0	0	0	0	0	0	0					
	60296	마법의합성첨가제	0	5000000	40000	0	0	0	16	130	0	41005	1	0	0	0	0	0	0	0	0	0	0	0	0	0	0	0	0	0	0					
	60297	훼손된화석	0	5000000	40000	0	0	0	17	130	0	41005	1	0	0	0	0	0	0	0	0	0	0	0	0	0	0	0	0	0	0					
	60298	훼손된화석	0	5000000	40000	0	0	0	17	130	0	41005	1	0	0	0	0	0	0	0	0	0	0	0	0	0	0	0	0	0	0					
	60299	본격발굴!아이올트의유적	0	5000000	40000	0	0	0	17	130	0	41005	1	0	0	0	0	0	0	0	0	0	0	0	0	0	0	0	0	0	0					
	60300	사과농장의비밀	0	5000000	40000	0	0	0	17	130	0	41005	1	0	0	0	0	0	0	0	0	0	0	0	0	0	0	0	0	0	0					
	60301	천국의문의비밀	0	5000000	40000	0	0	0	17	130	0	41005	1	0	0	0	0	0	0	0	0	0	0	0	0	0	0	0	0	0	0					
	60302	본격발굴!'탐사단?	0	5000000	40000	0	0	0	17	130	0	41005	1	0	0	0	0	0	0	0	0	0	0	0	0	0	0	0	0	0	0					
	60303	본격발굴!'탐사단??	0	5000000	40000	0	0	0	17	130	0	41005	1	0	0	0	0	0	0	0	0	0	0	0	0	0	0	0	0	0	0					
//1103일일퀘스트_오크라																			0			0			0			0			0					
	60304	크롤리버사의서신	0	5000000	50000	0	0	0	18	150	0	41006	1	0	0	0	0	0	0	0	0	0	0	0	0	0	0	0	0	0	0					
	60305	크롤리버사의서신	0	5000000	50000	0	0	0	18	150	0	41006	1	0	0	0	0	0	0	0	0	0	0	0	0	0	0	0	0	0	0					
	60306	크롤리버사의지령	0	5000000	50000	0	0	0	18	150	0	41006	1	0	0	0	0	0	0	0	0	0	0	0	0	0	0	0	0	0	0					
	60307	크롤리버사의지령	0	5000000	50000	0	0	0	18	150	0	41006	1	0	0	0	0	0	0	0	0	0	0	0	0	0	0	0	0	0	0					
	60308	실험부작용:실험체No.4885	0	5000000	40000	0	0	0	20	120	0	41006	1	0	0	0	0	0	0	0	0	0	0	0	0	0	0	0	0	0	0					
	60309	실험부작용:실험체No.9	0	5000000	40000	0	0	0	20	120	0	41006	1	0	0	0	0	0	0	0	0	0	0	0	0	0	0	0	0	0	0					
	60310	실험결과보고	0	5000000	40000	0	0	0	20	120	0	41006	1	0	0	0	0	0	0	0	0	0	0	0	0	0	0	0	0	0	0					
	60311	실험재료보충	0	5000000	40000	0	0	0	20	120	0	41006	1	0	0	0	0	0	0	0	0	0	0	0	0	0	0	0	0	0	0					
	60312	별의재료빌리기	0	5000000	40000	0	0	0	20	120	0	41006	1	0	0	0	0	0	0	0	0	0	0	0	0	0	0	0	0	0	0					
	60313	늪지대의재료빌리기	0	5000000	40000	0	0	0	20	120	0	41006	1	0	0	0	0	0	0	0	0	0	0	0	0	0	0	0	0	0	0					
	60314	포로심문	0	5000000	40000	0	0	0	22	120	0	41006	1	0	0	0	0	0	0	0	0	0	0	0	0	0	0	0	0	0	0					
	60315	포로심문	0	5000000	40000	0	0	0	22	120	0	41006	1	0	0	0	0	0	0	0	0	0	0	0	0	0	0	0	0	0	0					
	60316	포로심문	0	5000000	40000	0	0	0	22	120	0	41006	1	0	0	0	0	0	0	0	0	0	0	0	0	0	0	0	0	0	0					
	60317	심문결과보고	0	5000000	40000	0	0	0	22	120	0	41006	1	0	0	0	0	0	0	0	0	0	0	0	0	0	0	0	0	0	0					
	60318	은밀한정찰	0	5000000	40000	0	0	0	22	120	0	41006	1	0	0	0	0	0	0	0	0	0	0	0	0	0	0	0	0	0	0					
	60319	은밀한첩보	0	5000000	40000	0	0	0	22	120	0	41006	1	0	0	0	0	0	0	0	0	0	0	0	0	0	0	0	0	0	0					
	60320	은밀한실험	0	5000000	40000	0	0	0	22	120	0	41006	1	0	0	0	0	0	0	0	0	0	0	0	0	0	0	0	0	0	0					
//	60321	검은에테르정화명령	0	5000000	50000	0	0	0	0	0	0	41006	1	0	0	0	0	0	0	0	0	0	0	0	0	0	0	0	0	0	0					
	60322	들리지않는진심	0	5000000	50000	0	0	0	19	150	0	41006	1	0	0	0	0	0	0	0	0	0	0	0	0	0	0	0	0	0	0					
	60323	간때문이야.	0	5000000	50000	0	0	0	19	150	0	41006	1	0	0	0	0	0	0	0	0	0	0	0	0	0	0	0	0	0	0					
	60324	하늘살피기	0	5000000	40000	0	0	0	21	120	0	41006	1	0	0	0	0	0	0	0	0	0	0	0	0	0	0	0	0	0	0					
	60325	불길한별	0	5000000	40000	0	0	0	21	120	0	41006	1	0	0	0	0	0	0	0	0	0	0	0	0	0	0	0	0	0	0					
	60326	천문대보수작업	0	5000000	40000	0	0	0	21	120	0	41006	1	0	0	0	0	0	0	0	0	0	0	0	0	0	0	0	0	0	0					
//	60327	크게될씨앗	0	5000000	40000	0	0	0	0	0	0	41006	1	0	0	0	0	0	0	0	0	0	0	0	0	0	0	0	0	0	0					
	60328	[오늘의운세]별자리운세배달	0	5000000	40000	0	0	0	21	120	0	41006	1	0	0	0	0	0	0	0	0	0	0	0	0	0	0	0	0	0	0					
	60329	[오늘의운세]별자리운세배달	0	5000000	40000	0	0	0	21	120	0	41006	1	0	0	0	0	0	0	0	0	0	0	0	0	0	0	0	0	0	0					
	60330	[오늘의운세]별자리운세배달	0	5000000	40000	0	0	0	21	120	0	41006	1	0	0	0	0	0	0	0	0	0	0	0	0	0	0	0	0	0	0					
	60331	네벨의늪지대정화작업	0	5000000	40000	0	0	0	23	120	0	41006	1	0	0	0	0	0	0	0	0	0	0	0	0	0	0	0	0	0	0					
	60332	늪지대정화제제작	0	5000000	40000	0	0	0	23	120	0	41006	1	0	0	0	0	0	0	0	0	0	0	0	0	0	0	0	0	0	0					
	60333	새로운역병균조사	0	5000000	40000	0	0	0	23	120	0	41006	1	0	0	0	0	0	0	0	0	0	0	0	0	0	0	0	0	0	0					
	60334	경과보고	0	5000000	40000	0	0	0	23	120	0	41006	1	0	0	0	0	0	0	0	0	0	0	0	0	0	0	0	0	0	0					
	60335	이건글로보는피로회복제	0	5000000	40000	0	0	0	23	120	0	41006	1	0	0	0	0	0	0	0	0	0	0	0	0	0	0	0	0	0	0					
	60336	[긴급공지]늪지대통과주의령!	0	5000000	40000	0	0	0	23	120	0	41006	1	0	0	0	0	0	0	0	0	0	0	0	0	0	0	0	0	0	0					
	60337	아마도그들에겐필요없는것이리라	0	5000000	40000	0	0	0	24	120	0	41006	1	0	0	0	0	0	0	0	0	0	0	0	0	0	0	0	0	0	0					
	60338	아마도그들에겐필요없는것이리라	0	5000000	40000	0	0	0	24	120	0	41006	1	0	0	0	0	0	0	0	0	0	0	0	0	0	0	0	0	0	0					
	60339	아마도그들에겐필요없는것이리라	0	5000000	40000	0	0	0	24	120	0	41006	1	0	0	0	0	0	0	0	0	0	0	0	0	0	0	0	0	0	0					
	60340	진품가품	0	5000000	40000	0	0	0	24	120	0	41006	1	0	0	0	0	0	0	0	0	0	0	0	0	0	0	0	0	0	0					
	60341	진품가품	0	5000000	40000	0	0	0	24	120	0	41006	1	0	0	0	0	0	0	0	0	0	0	0	0	0	0	0	0	0	0					
	60342	진품가품	0	5000000	40000	0	0	0	24	120	0	41006	1	0	0	0	0	0	0	0	0	0	0	0	0	0	0	0	0	0	0					
	60343	아르도르원정대정예용사자격증서	90991	5000000	1000000	0	0	0	0	0	0	0	0	0	2	1	7123	1	0	0	0	0	0	0	0	0	0	0	0	0	0					
//1103미션_일일퀘스트																			0			0			0			0			0					
//	60344	[오늘의미션]불길한소문	0	41957	10000	0	0	0	0	0	0	0	0	0	0	0	0	0	0	0	0	0	0	0	0	0	0	0	0	0	0					
//	60345	[오늘의미션]강철야수부족의음모	0	41957	10000	0	0	0	0	0	0	0	0	0	0	0	0	0	0	0	0	0	0	0	0	0	0	0	0	0	0					
//	60346	[오늘의미션]음모의분쇄	0	41957	10000	0	0	0	0	0	0	0	0	0	0	0	0	0	0	0	0	0	0	0	0	0	0	0	0	0	0					
//	60347	[오늘의미션]야수들의숲	0	41957	10000	0	0	0	0	0	0	0	0	0	0	0	0	0	0	0	0	0	0	0	0	0	0	0	0	0	0					
//	60348	[오늘의미션]숨겨진길	0	179360	20000	0	0	0	0	0	0	0	0	0	0	0	0	0	0	0	0	0	0	0	0	0	0	0	0	0	0					
//	60349	[오늘의미션]에텔레인진입로	0	179360	20000	0	0	0	0	0	0	0	0	0	0	0	0	0	0	0	0	0	0	0	0	0	0	0	0	0	0					
//	60350	[오늘의미션]시겔기사단의묘지	0	179360	20000	0	0	0	0	0	0	0	0	0	0	0	0	0	0	0	0	0	0	0	0	0	0	0	0	0	0					
//	60351	[오늘의미션]에텔레인지하수로	0	179360	20000	0	0	0	0	0	0	0	0	0	0	0	0	0	0	0	0	0	0	0	0	0	0	0	0	0	0					
//	60352	[오늘의미션]대지의시련	0	179360	20000	0	0	0	0	0	0	0	0	0	0	0	0	0	0	0	0	0	0	0	0	0	0	0	0	0	0					
//	60353	[오늘의미션]제국전령제지	0	637730	30000	0	0	0	0	0	0	0	0	0	0	0	0	0	0	0	0	0	0	0	0	0	0	0	0	0	0					
//	60354	[오늘의미션]성외곽에서의전투	0	637730	30000	0	0	0	0	0	0	0	0	0	0	0	0	0	0	0	0	0	0	0	0	0	0	0	0	0	0					
//	60355	[오늘의미션]설원2차진격	0	637730	30000	0	0	0	0	0	0	0	0	0	0	0	0	0	0	0	0	0	0	0	0	0	0	0	0	0	0					
//	60356	[오늘의미션]얼어붙은궁전	0	637730	30000	0	0	0	0	0	0	0	0	0	0	0	0	0	0	0	0	0	0	0	0	0	0	0	0	0	0					
//	60357	[오늘의미션]물의시련	0	637730	30000	0	0	0	0	0	0	0	0	0	0	0	0	0	0	0	0	0	0	0	0	0	0	0	0	0	0					
//	60358	[오늘의미션]계곡입구정찰	0	674142	40000	0	0	0	0	0	0	41005	1	0	0	0	0	0	0	0	0	0	0	0	0	0	0	0	0	0	0					
//	60359	[오늘의미션]추격의실마리	0	674142	40000	0	0	0	0	0	0	41005	1	0	0	0	0	0	0	0	0	0	0	0	0	0	0	0	0	0	0					
//	60360	[오늘의미션]용족수장구출	0	674142	40000	0	0	0	0	0	0	41005	1	0	0	0	0	0	0	0	0	0	0	0	0	0	0	0	0	0	0					
//	60361	[오늘의미션]용족의계곡	0	674142	40000	0	0	0	0	0	0	41005	1	0	0	0	0	0	0	0	0	0	0	0	0	0	0	0	0	0	0					
//	60362	[오늘의미션]불의시련	0	674142	40000	0	0	0	0	0	0	41005	1	0	0	0	0	0	0	0	0	0	0	0	0	0	0	0	0	0	0					
//	60363	[오늘의미션]대제례추적	0	2511708	50000	0	0	0	0	0	0	41005	1	0	0	0	0	0	0	0	0	0	0	0	0	0	0	0	0	0	0					
//	60364	[오늘의미션]숨겨진위험	0	2511708	50000	0	0	0	0	0	0	41005	1	0	0	0	0	0	0	0	0	0	0	0	0	0	0	0	0	0	0					
//	60365	[오늘의미션]암흑의전당을향해	0	2511708	50000	0	0	0	0	0	0	41005	1	0	0	0	0	0	0	0	0	0	0	0	0	0	0	0	0	0	0					
//	60366	[오늘의미션]어둠의제단	0	2511708	50000	0	0	0	0	0	0	41005	1	0	0	0	0	0	0	0	0	0	0	0	0	0	0	0	0	0	0					
//	60367	[오늘의미션]아이올트공동묘지	0	2511708	50000	0	0	0	0	0	0	41005	1	0	0	0	0	0	0	0	0	0	0	0	0	0	0	0	0	0	0					
//	60368	[오늘의미션]바람의시련	0	2511708	50000	0	0	0	0	0	0	41005	2	0	0	0	0	0	0	0	0	0	0	0	0	0	0	0	0	0	0					
//	60369	[오늘의미션]오염된성소	0	120729556	50000	0	0	0	0	0	0	41005	1	0	0	0	0	0	0	0	0	0	0	0	0	0	0	0	0	0	0					
//	60370	[오늘의미션]검은에테르의정체	0	120729556	50000	0	0	0	0	0	0	41005	1	0	0	0	0	0	0	0	0	0	0	0	0	0	0	0	0	0	0					
//	60371	[오늘의미션]절망의부활의식	0	120729556	50000	0	0	0	0	0	0	41005	1	0	0	0	0	0	0	0	0	0	0	0	0	0	0	0	0	0	0					
//	60372	[오늘의미션]헬론의성	0	120729556	50000	0	0	0	0	0	0	41006	1	0	0	0	0	0	0	0	0	0	0	0	0	0	0	0	0	0	0					
//	60373	[오늘의미션]붕괴된에텔레인	0	120729556	50000	0	0	0	0	0	0	41005	1	0	0	0	0	0	0	0	0	0	0	0	0	0	0	0	0	0	0					
//	60374	[오늘의미션]1차거점확보	0	413653875	50000	0	0	0	0	0	0	41006	1	0	0	0	0	0	0	0	0	0	0	0	0	0	0	0	0	0	0					
//	60375	[오늘의미션]힘의싸움	0	413653875	50000	0	0	0	0	0	0	41006	1	0	0	0	0	0	0	0	0	0	0	0	0	0	0	0	0	0	0					
//	60376	[오늘의미션]녹음의대지	0	413653875	50000	0	0	0	0	0	0	41006	1	0	0	0	0	0	0	0	0	0	0	0	0	0	0	0	0	0	0					
//	60377	[오늘의미션]어둠의시련	0	413653875	50000	0	0	0	0	0	0	41006	2	0	0	0	0	0	0	0	0	0	0	0	0	0	0	0	0	0	0					
//익스트림챌린지																			0			0			0			0			0					
	60378	강해지는법	0	0	50000	0	0	0	0	0	0	0	0	0	0	0	0	0	0	0	0	0	0	0	0	0	0	0	0	0	0					
	60379	어쩌면치료사비나요가	0	0	50000	0	0	0	0	0	0	0	0	0	0	0	0	0	0	0	0	0	0	0	0	0	0	0	0	0	0					
	60380	아마도사냥꾼페드투라면	0	0	50000	0	0	0	0	0	0	0	0	0	0	0	0	0	0	0	0	0	0	0	0	0	0	0	0	0	0					
	60381	혹시차야라면	0	0	50000	0	0	0	0	0	0	0	0	0	0	0	0	0	0	0	0	0	0	0	0	0	0	0	0	0	0					
	60382	악사의노래	0	0	50000	0	0	0	0	0	0	0	0	0	0	0	0	0	0	0	0	0	0	0	0	0	0	0	0	0	0					
	60383	소실된비법	0	0	50000	0	0	0	0	0	0	0	0	0	0	0	0	0	0	0	0	0	0	0	0	0	0	0	0	0	0					
	60384	악몽의시련	0	0	50000	0	0	0	0	0	0	0	0	0	0	0	0	0	0	0	0	0	0	0	0	0	0	0	0	0	0					
	60385	자격의증명-야수들의숲	0	41957	50000	0	0	0	0	0	0	0	0	0	0	0	0	0	0	0	0	0	0	0	0	0	0	0	0	0	0					
	60386	자격의증명-에텔레인지하수로	0	179360	50000	0	0	0	0	0	0	0	0	0	0	0	0	0	0	0	0	0	0	0	0	0	0	0	0	0	0					
	60387	자격의증명-얼어붙은궁전	0	637730	50000	0	0	0	0	0	0	0	0	0	0	0	0	0	0	0	0	0	0	0	0	0	0	0	0	0	0					
	60388	자격의증명-용족의계곡	0	674142	50000	0	0	0	0	0	0	0	0	0	0	0	0	0	0	0	0	0	0	0	0	0	0	0	0	0	0					
	60389	자격의증명-아이올트공동묘지	0	2511708	50000	0	0	0	0	0	0	0	0	0	0	0	0	0	0	0	0	0	0	0	0	0	0	0	0	0	0					
	60390	자격의증명-헬론의성	0	120729556	50000	0	0	0	0	0	0	0	0	0	0	0	0	0	0	0	0	0	0	0	0	0	0	0	0	0	0					
	60391	자격의증명-녹음의대지	0	413653875	50000	0	0	0	0	0	0	0	0	0	0	0	0	0	0	0	0	0	0	0	0	0	0	0	0	0	0					
	60392	자격의증명-정령들의쉼터	0	0	50000	0	0	0	0	0	0	0	0	0	0	0	0	0	0	0	0	0	0	0	0	0	0	0	0	0	0					
	60393	자격의증명-보아레스산맥	0	0	50000	0	0	0	0	0	0	0	0	0	0	0	0	0	0	0	0	0	0	0	0	0	0	0	0	0	0					
	60394	자격의증명-생명의협곡	0	0	50000	0	0	0	0	0	0	0	0	0	0	0	0	0	0	0	0	0	0	0	0	0	0	0	0	0	0					
	60395	[악몽의시련]야수들의숲	0	0	50000	0	0	0	0	0	0	41391	2	0	0	0	0	0	0	0	0	0	0	0	0	0	0	0	0	0	0					
	60396	[악몽의시련]에텔레인지하수로	0	0	50000	0	0	0	0	0	0	41391	3	0	0	0	0	0	0	0	0	0	0	0	0	0	0	0	0	0	0					
	60397	[악몽의시련]얼어붙은궁전	0	0	50000	0	0	0	0	0	0	41391	4	0	0	0	0	0	0	0	0	0	0	0	0	0	0	0	0	0	0					
	60398	[악몽의시련]용족의계곡	0	0	50000	0	0	0	0	0	0	41391	5	0	0	0	0	0	0	0	0	0	0	0	0	0	0	0	0	0	0					
	60399	[악몽의시련]아이올트공동묘지	0	0	50000	0	0	0	0	0	0	41391	7	0	0	0	0	0	0	0	0	0	0	0	0	0	0	0	0	0	0					
	60400	[악몽의시련]헬론의성	0	0	50000	0	0	0	0	0	0	41391	10	0	0	0	0	0	0	0	0	0	0	0	0	0	0	0	0	0	0					
	60401	[악몽의시련]녹음의대지	0	0	50000	0	0	0	0	0	0	41391	12	0	0	0	0	0	0	0	0	0	0	0	0	0	0	0	0	0	0					
	60402	[악몽의시련]정령들의쉼터	0	0	50000	0	0	0	0	0	0	41391	14	0	0	0	0	0	0	0	0	0	0	0	0	0	0	0	0	0	0					
	60403	[악몽의시련]보아레스산맥	0	0	50000	0	0	0	0	0	0	41391	16	0	0	0	0	0	0	0	0	0	0	0	0	0	0	0	0	0	0					
	60404	[악몽의시련]생명의협곡	0	0	50000	0	0	0	0	0	0	41391	18	0	0	0	0	0	0	0	0	0	0	0	0	0	0	0	0	0	0					
	60405	칭호_야수학살자	0	0	0	0	0	24	0	0	0	0	0	0	0	0	0	0	0	0	0	0	0	0	0	0	0	0	0	0	0					
	60406	칭호_수로의학살자	0	0	0	0	0	25	0	0	0	0	0	0	0	0	0	0	0	0	0	0	0	0	0	0	0	0	0	0	0					
	60407	칭호_설원의학살자	0	0	0	0	0	26	0	0	0	0	0	0	0	0	0	0	0	0	0	0	0	0	0	0	0	0	0	0	0					
	60408	칭호_용족학살자	0	0	0	0	0	27	0	0	0	0	0	0	0	0	0	0	0	0	0	0	0	0	0	0	0	0	0	0	0					
	60409	칭호_언데드학살자	0	0	0	0	0	28	0	0	0	0	0	0	0	0	0	0	0	0	0	0	0	0	0	0	0	0	0	0	0					
	60410	칭호_헬론학살자	0	0	0	0	0	29	0	0	0	0	0	0	0	0	0	0	0	0	0	0	0	0	0	0	0	0	0	0	0					
	60411	칭호_브라키온을평정한	0	0	0	0	0	30	0	0	0	0	0	0	0	0	0	0	0	0	0	0	0	0	0	0	0	0	0	0	0					
	60412	칭호_정글을꿰뚫는	0	0	0	0	0	31	0	0	0	0	0	0	0	0	0	0	0	0	0	0	0	0	0	0	0	0	0	0	0					
	60413	칭호_정령의대변자	0	0	0	0	0	32	0	0	0	0	0	0	0	0	0	0	0	0	0	0	0	0	0	0	0	0	0	0	0					
	60414	칭호_만년설의	0	0	0	0	0	33	0	0	0	0	0	0	0	0	0	0	0	0	0	0	0	0	0	0	0	0	0	0	0					
	60415	칭호_황야를건너는	0	0	0	0	0	34	0	0	0	0	0	0	0	0	0	0	0	0	0	0	0	0	0	0	0	0	0	0	0					
	60416	칭호_세리엔트를평정한	0	0	0	0	0	35	0	0	0	0	0	0	0	0	0	0	0	0	0	0	0	0	0	0	0	0	0	0	0					
//일본이벤트퀘스트보상																			0			0			0			0			0					
	60417	꺼지지않는불의소문	0	0	0	0	0	0	0	0	0	0	0	0	0	1	4038	10	0	4029	10	0	4024	10	0	4019	10	0	4043	10	0					
	60418	금가루주머니의소문	0	0	0	0	0	0	0	0	0	0	0	0	0	1	7251	2	0	7247	2	0	0	0	0	0	0	0	0	0	0					
	60419	요술약병의소문	0	0	0	0	0	0	0	0	0	0	0	0	0	1	4977	5	0	4978	3	0	4979	1	0	0	0	0	0	0	0					
//익스트림챌린지_입장권																			0			0			0			0			0					
	60420	야수들의악몽	0	0	0	0	0	0	0	0	0	41407	1	0	0	0	0	0	0	0	0	0	0	0	0	0	0	0	0	0	0					
	60421	지하수로의악몽	0	0	0	0	0	0	0	0	0	41408	1	0	0	0	0	0	0	0	0	0	0	0	0	0	0	0	0	0	0					
	60422	설원의악몽	0	0	0	0	0	0	0	0	0	41409	1	0	0	0	0	0	0	0	0	0	0	0	0	0	0	0	0	0	0					
	60423	용족의악몽	0	0	0	0	0	0	0	0	0	41410	1	0	0	0	0	0	0	0	0	0	0	0	0	0	0	0	0	0	0					
	60424	아이올트의악몽	0	0	0	0	0	0	0	0	0	41411	1	0	0	0	0	0	0	0	0	0	0	0	0	0	0	0	0	0	0					
	60425	헬론의악몽	0	0	0	0	0	0	0	0	0	41412	1	0	0	0	0	0	0	0	0	0	0	0	0	0	0	0	0	0	0					
	60426	녹음의악몽	0	0	0	0	0	0	0	0	0	41413	1	0	0	0	0	0	0	0	0	0	0	0	0	0	0	0	0	0	0					
	60427	정령들의악몽	0	0	0	0	0	0	0	0	0	41414	1	0	0	0	0	0	0	0	0	0	0	0	0	0	0	0	0	0	0					
	60428	보아레스의악몽	0	0	0	0	0	0	0	0	0	41415	1	0	0	0	0	0	0	0	0	0	0	0	0	0	0	0	0	0	0					
	60429	골짜기의악몽	0	0	0	0	0	0	0	0	0	41416	1	0	0	0	0	0	0	0	0	0	0	0	0	0	0	0	0	0	0					
//길드일일퀘스트보상																			0			0			0			0			0					
	60430	[길드]초보용병을위한의뢰_1	0	0	10000	0	0	0	0	0	0	7548	2	0	0	0	0	0	0	0	0	0	0	0	0	0	0	0	0	0	0					
	60431	[길드]초보용병을위한의뢰_2	0	0	10000	0	0	0	0	0	0	7548	2	0	0	0	0	0	0	0	0	0	0	0	0	0	0	0	0	0	0					
	60432	[길드]초보용병을위한의뢰_3	0	0	20000	0	0	0	0	0	0	7548	2	0	0	0	0	0	0	0	0	0	0	0	0	0	0	0	0	0	0					
	60433	[길드]초보용병을위한의뢰_4	0	0	20000	0	0	0	0	0	0	7548	2	0	0	0	0	0	0	0	0	0	0	0	0	0	0	0	0	0	0					
	60434	[길드]일반용병을위한의뢰_1	0	0	30000	0	0	0	0	0	0	7548	2	0	0	0	0	0	0	0	0	0	0	0	0	0	0	0	0	0	0					
	60435	[길드]일반용병을위한의뢰_2	0	0	30000	0	0	0	0	0	0	7548	2	0	0	0	0	0	0	0	0	0	0	0	0	0	0	0	0	0	0					
	60436	[길드]일반용병을위한의뢰_3	0	0	40000	0	0	0	0	0	0	7548	2	0	0	0	0	0	0	0	0	0	0	0	0	0	0	0	0	0	0					
	60437	[길드]일반용병을위한의뢰_4	0	0	40000	0	0	0	0	0	0	7548	2	0	0	0	0	0	0	0	0	0	0	0	0	0	0	0	0	0	0					
	60438	[길드]숙련용병을위한의뢰_1	0	0	50000	0	0	0	0	0	0	7548	2	0	0	0	0	0	0	0	0	0	0	0	0	0	0	0	0	0	0					
	60439	[길드]숙련용병을위한의뢰_2	0	0	50000	0	0	0	0	0	0	7548	2	0	0	0	0	0	0	0	0	0	0	0	0	0	0	0	0	0	0					
	60440	[길드]숙련용병을위한의뢰_3	0	0	60000	0	0	0	0	0	0	7548	2	0	0	0	0	0	0	0	0	0	0	0	0	0	0	0	0	0	0					
	60441	[길드]숙련용병을위한의뢰_4	0	0	60000	0	0	0	0	0	0	7548	2	0	0	0	0	0	0	0	0	0	0	0	0	0	0	0	0	0	0					
	60442	[길드]초보기사를위한부탁_1	0	0	10000	0	0	0	0	0	0	7548	2	0	0	0	0	0	0	0	0	0	0	0	0	0	0	0	0	0	0					
	60443	[길드]초보기사를위한부탁_2	0	0	10000	0	0	0	0	0	0	7548	2	0	0	0	0	0	0	0	0	0	0	0	0	0	0	0	0	0	0					
	60444	[길드]초보기사를위한부탁_3	0	0	20000	0	0	0	0	0	0	7548	2	0	0	0	0	0	0	0	0	0	0	0	0	0	0	0	0	0	0					
	60445	[길드]초보기사를위한부탁_4	0	0	20000	0	0	0	0	0	0	7548	2	0	0	0	0	0	0	0	0	0	0	0	0	0	0	0	0	0	0					
	60446	[길드]일반기사를위한부탁_1	0	0	30000	0	0	0	0	0	0	7548	2	0	0	0	0	0	0	0	0	0	0	0	0	0	0	0	0	0	0					
	60447	[길드]일반기사를위한부탁_2	0	0	30000	0	0	0	0	0	0	7548	2	0	0	0	0	0	0	0	0	0	0	0	0	0	0	0	0	0	0					
	60448	[길드]일반기사를위한부탁_3	0	0	40000	0	0	0	0	0	0	7548	2	0	0	0	0	0	0	0	0	0	0	0	0	0	0	0	0	0	0					
	60449	[길드]일반기사를위한부탁_4	0	0	40000	0	0	0	0	0	0	7548	2	0	0	0	0	0	0	0	0	0	0	0	0	0	0	0	0	0	0					
	60450	[길드]숙련기사를위한부탁_1	0	0	50000	0	0	0	0	0	0	7548	2	0	0	0	0	0	0	0	0	0	0	0	0	0	0	0	0	0	0					
	60451	[길드]숙련기사를위한부탁_2	0	0	50000	0	0	0	0	0	0	7548	2	0	0	0	0	0	0	0	0	0	0	0	0	0	0	0	0	0	0					
	60452	[길드]숙련기사를위한부탁_3	0	0	60000	0	0	0	0	0	0	7548	2	0	0	0	0	0	0	0	0	0	0	0	0	0	0	0	0	0	0					
	60453	[길드]숙련기사를위한부탁_4	0	0	60000	0	0	0	0	0	0	7548	2	0	0	0	0	0	0	0	0	0	0	0	0	0	0	0	0	0	0					
	60454	[길드]초보암살자를위한임무_1	0	0	10000	0	0	0	0	0	0	7548	2	0	0	0	0	0	0	0	0	0	0	0	0	0	0	0	0	0	0					
	60455	[길드]초보암살자를위한임무_2	0	0	10000	0	0	0	0	0	0	7548	2	0	0	0	0	0	0	0	0	0	0	0	0	0	0	0	0	0	0					
	60456	[길드]초보암살자를위한임무_3	0	0	20000	0	0	0	0	0	0	7548	2	0	0	0	0	0	0	0	0	0	0	0	0	0	0	0	0	0	0					
	60457	[길드]초보암살자를위한임무_4	0	0	20000	0	0	0	0	0	0	7548	2	0	0	0	0	0	0	0	0	0	0	0	0	0	0	0	0	0	0					
	60458	[길드]일반암살자를위한임무_1	0	0	30000	0	0	0	0	0	0	7548	2	0	0	0	0	0	0	0	0	0	0	0	0	0	0	0	0	0	0					
	60459	[길드]일반암살자를위한임무_2	0	0	30000	0	0	0	0	0	0	7548	2	0	0	0	0	0	0	0	0	0	0	0	0	0	0	0	0	0	0					
	60460	[길드]일반암살자를위한임무_3	0	0	40000	0	0	0	0	0	0	7548	2	0	0	0	0	0	0	0	0	0	0	0	0	0	0	0	0	0	0					
	60461	[길드]일반암살자를위한임무_4	0	0	40000	0	0	0	0	0	0	7548	2	0	0	0	0	0	0	0	0	0	0	0	0	0	0	0	0	0	0					
	60462	[길드]숙련암살자를위한임무_1	0	0	50000	0	0	0	0	0	0	7548	2	0	0	0	0	0	0	0	0	0	0	0	0	0	0	0	0	0	0					
	60463	[길드]숙련암살자를위한임무_2	0	0	50000	0	0	0	0	0	0	7548	2	0	0	0	0	0	0	0	0	0	0	0	0	0	0	0	0	0	0					
	60464	[길드]숙련암살자를위한임무_3	0	0	60000	0	0	0	0	0	0	7548	2	0	0	0	0	0	0	0	0	0	0	0	0	0	0	0	0	0	0					
	60465	[길드]숙련암살자를위한임무_4	0	0	60000	0	0	0	0	0	0	7548	2	0	0	0	0	0	0	0	0	0	0	0	0	0	0	0	0	0	0					
	60466	[길드]초보헌터를위한명령_1	0	0	10000	0	0	0	0	0	0	7548	2	0	0	0	0	0	0	0	0	0	0	0	0	0	0	0	0	0	0					
	60467	[길드]초보헌터를위한명령_2	0	0	10000	0	0	0	0	0	0	7548	2	0	0	0	0	0	0	0	0	0	0	0	0	0	0	0	0	0	0					
	60468	[길드]초보헌터를위한명령_3	0	0	20000	0	0	0	0	0	0	7548	2	0	0	0	0	0	0	0	0	0	0	0	0	0	0	0	0	0	0					
	60469	[길드]초보헌터를위한명령_4	0	0	20000	0	0	0	0	0	0	7548	2	0	0	0	0	0	0	0	0	0	0	0	0	0	0	0	0	0	0					
	60470	[길드]일반헌터를위한명령_1	0	0	30000	0	0	0	0	0	0	7548	2	0	0	0	0	0	0	0	0	0	0	0	0	0	0	0	0	0	0					
	60471	[길드]일반헌터를위한명령_2	0	0	30000	0	0	0	0	0	0	7548	2	0	0	0	0	0	0	0	0	0	0	0	0	0	0	0	0	0	0					
	60472	[길드]일반헌터를위한명령_3	0	0	40000	0	0	0	0	0	0	7548	2	0	0	0	0	0	0	0	0	0	0	0	0	0	0	0	0	0	0					
	60473	[길드]일반헌터를위한명령_4	0	0	40000	0	0	0	0	0	0	7548	2	0	0	0	0	0	0	0	0	0	0	0	0	0	0	0	0	0	0					
	60474	[길드]숙련헌터를위한명령_1	0	0	50000	0	0	0	0	0	0	7548	2	0	0	0	0	0	0	0	0	0	0	0	0	0	0	0	0	0	0					
	60475	[길드]숙련헌터를위한명령_2	0	0	50000	0	0	0	0	0	0	7548	2	0	0	0	0	0	0	0	0	0	0	0	0	0	0	0	0	0	0					
	60476	[길드]숙련헌터를위한명령_3	0	0	60000	0	0	0	0	0	0	7548	2	0	0	0	0	0	0	0	0	0	0	0	0	0	0	0	0	0	0					
	60477	[길드]숙련헌터를위한명령_4	0	0	60000	0	0	0	0	0	0	7548	2	0	0	0	0	0	0	0	0	0	0	0	0	0	0	0	0	0	0					
	60478	[길드]초보마법사를위한요청_1	0	0	10000	0	0	0	0	0	0	7548	2	0	0	0	0	0	0	0	0	0	0	0	0	0	0	0	0	0	0					
	60479	[길드]초보마법사를위한요청_2	0	0	10000	0	0	0	0	0	0	7548	2	0	0	0	0	0	0	0	0	0	0	0	0	0	0	0	0	0	0					
	60480	[길드]초보마법사를위한요청_3	0	0	20000	0	0	0	0	0	0	7548	2	0	0	0	0	0	0	0	0	0	0	0	0	0	0	0	0	0	0					
	60481	[길드]초보마법사를위한요청_4	0	0	20000	0	0	0	0	0	0	7548	2	0	0	0	0	0	0	0	0	0	0	0	0	0	0	0	0	0	0					
	60482	[길드]일반마법사를위한요청_1	0	0	30000	0	0	0	0	0	0	7548	2	0	0	0	0	0	0	0	0	0	0	0	0	0	0	0	0	0	0					
	60483	[길드]일반마법사를위한요청_2	0	0	30000	0	0	0	0	0	0	7548	2	0	0	0	0	0	0	0	0	0	0	0	0	0	0	0	0	0	0					
	60484	[길드]일반마법사를위한요청_3	0	0	40000	0	0	0	0	0	0	7548	2	0	0	0	0	0	0	0	0	0	0	0	0	0	0	0	0	0	0					
	60485	[길드]일반마법사를위한요청_4	0	0	40000	0	0	0	0	0	0	7548	2	0	0	0	0	0	0	0	0	0	0	0	0	0	0	0	0	0	0					
	60486	[길드]숙련마법사를위한요청_1	0	0	50000	0	0	0	0	0	0	7548	2	0	0	0	0	0	0	0	0	0	0	0	0	0	0	0	0	0	0					
	60487	[길드]숙련마법사를위한요청_2	0	0	50000	0	0	0	0	0	0	7548	2	0	0	0	0	0	0	0	0	0	0	0	0	0	0	0	0	0	0					
	60488	[길드]숙련마법사를위한요청_3	0	0	60000	0	0	0	0	0	0	7548	2	0	0	0	0	0	0	0	0	0	0	0	0	0	0	0	0	0	0					
	60489	[길드]숙련마법사를위한요청_4	0	0	60000	0	0	0	0	0	0	7548	2	0	0	0	0	0	0	0	0	0	0	0	0	0	0	0	0	0	0					
	60490	칭호_초능력자	0	0	0	0	0	40	0	0	0	0	0	0	0	0	0	0	0	0	0	0	0	0	0	0	0	0	0	0	0					
	60491	칭호_초월자	0	0	0	0	0	41	0	0	0	0	0	0	0	0	0	0	0	0	0	0	0	0	0	0	0	0	0	0	0					
	60492	칭호_절대자	0	0	0	0	0	42	0	0	0	0	0	0	0	0	0	0	0	0	0	0	0	0	0	0	0	0	0	0	0					
//2012년6월_철지난꽃다발이벤트																			0			0			0			0			0					
	60493	[이벤트]철지난꽃다발이벤트_아인보상	0	0	0	0	0	0	0	0	0	0	0	0	3	0	32	0	0	0	0	0	0	0	0	0	0	0	0	0	0					
//신규캐릭터AC보상																			0			0			0			0			0					
	60494	고스트바스터!!_미스틱	90981	0	0	0	0	0	0	0	0	0	0	0	2	1	55761	1	0	0	0	0	0	0	0	0	0	0	0	0	0					
	60495	사원의_지배자_미스틱	90983	0	0	0	0	0	0	0	0	0	0	0	2	1	3960	50000	0	0	0	0	0	0	0	0	0	0	0	0	0					
//점핑및휴면복귀캐릭터캐어용_퀘스트추가																			0			0			0			0			0					
	60496	오크라의긴급전갈	0	30000	0	0	0	0	0	0	0	0	0	0	0	0	0	0	0	0	0	0	0	0	0	0	0	0	0	0	0					
//	일일퀘스트ac_미스틱보상추가																		0			0			0			0			0					
	60500	연마된슈제트의선물_버서커	0	0	0	0	0	0	0	0	0	0	0	0	2	1	3251	1	0	0	0	0	0	0	0	0	0	0	0	0	0					
	60501	축복받은슈제트의선물_버서커	0	0	0	0	0	0	0	0	0	0	0	0	2	1	3252	1	0	0	0	0	0	0	0	0	0	0	0	0	0					
//일본점핑이벤트관련추가																			0			0			0			0			0					
	60497	[긴급]아이올트공동묘지지원!!	0	679077	0	0	0	0	0	0	0	0	0	0	0	0	0	0	0	0	0	0	0	0	0	0	0	0	0	0	0					
//2013년추석이벤트관련추가																																				
	60498	2013년추석이벤트_아인보상	0	0	0	0	0	0	0	0	0	0	0	0	3	0	274	0	0	0	0	0	0	0	0	0	0	0	0	0	0					
//익스트림챌린지_빛의시련																			0			0			0			0			0					
	60499	자격의증명-빛의시련	0	679077	60000	0	0	0	0	0	0	0	0	0	0	0	0	0	0	0	0	0	0	0	0	0	0	0	0	0	0					
	60502	빛의시련악몽	0	0	50000	0	0	0	0	0	0	41391	5	0	0	0	0	0	0	0	0	0	0	0	0	0	0	0	0	0	0					
	60503	빛의시련악몽_칭호보상	0	0	0	0	0	70	0	0	0	0	0	0	0	0	0	0	0	0	0	0	0	0	0	0	0	0	0	0	0					
//	신규서버_미션반복엘리트보상추가																		0			0			0			0			0					
//	아이올트미션보상								0	0									0			0			0			0			0					
	65001	서브_아이올트_1_클리어1_버서커	50323	422547	1250000	0	0	0	0	0	0	0	0	0	2	1	51006	10000	0	0	0	0	0	0	0	0	0	0	0	0	0					
	65002	서브_아이올트_1_클리어1_드래곤	50323	422547	1250000	0	0	0	0	0	0	0	0	0	2	1	51013	10000	0	0	0	0	0	0	0	0	0	0	0	0	0					
	65003	서브_아이올트_1_클리어1_섀도우	50323	422547	1250000	0	0	0	0	0	0	0	0	0	2	1	51098	10000	0	0	0	0	0	0	0	0	0	0	0	0	0					
	65004	서브_아이올트_1_클리어1_발키리	50323	422547	1250000	0	0	0	0	0	0	0	0	0	2	1	51027	10000	0	0	0	0	0	0	0	0	0	0	0	0	0					
	65005	서브_아이올트_1_클리어1_엘리멘탈	50323	422547	1250000	0	0	0	0	0	0	0	0	0	2	1	51020	10000	0	0	0	0	0	0	0	0	0	0	0	0	0					
	65006	서브_아이올트_1_클리어1_미스틱	50323	422547	1250000	0	0	0	0	0	0	0	0	0	2	1	51366	10000	0	0	0	0	0	0	0	0	0	0	0	0	0					
	65007	서브_아이올트_2_클리어1_버서커	50323	498611	2500000	0	0	0	0	0	0	0	0	0	2	1	51005	10000	0	0	0	0	0	0	0	0	0	0	0	0	0					
	65008	서브_아이올트_2_클리어1_드래곤	50323	498611	2500000	0	0	0	0	0	0	0	0	0	2	1	51012	10000	0	0	0	0	0	0	0	0	0	0	0	0	0					
	65009	서브_아이올트_2_클리어1_섀도우	50323	498611	2500000	0	0	0	0	0	0	0	0	0	2	1	51097	10000	0	0	0	0	0	0	0	0	0	0	0	0	0					
	65010	서브_아이올트_2_클리어1_발키리	50323	498611	2500000	0	0	0	0	0	0	0	0	0	2	1	51026	10000	0	0	0	0	0	0	0	0	0	0	0	0	0					
	65011	서브_아이올트_2_클리어1_엘리멘탈	50323	498611	2500000	0	0	0	0	0	0	0	0	0	2	1	51019	10000	0	0	0	0	0	0	0	0	0	0	0	0	0					
	65012	서브_아이올트_2_클리어1_미스틱	50323	498611	2500000	0	0	0	0	0	0	0	0	0	2	1	51365	10000	0	0	0	0	0	0	0	0	0	0	0	0	0					
	65013	서브_아이올트_3_클리어1_버서커	50323	961980	5000000	0	0	0	0	0	0	0	0	0	2	1	51003	10000	0	0	0	0	0	0	0	0	0	0	0	0	0					
	65014	서브_아이올트_3_클리어1_드래곤	50323	961980	5000000	0	0	0	0	0	0	0	0	0	2	1	51010	10000	0	0	0	0	0	0	0	0	0	0	0	0	0					
	65015	서브_아이올트_3_클리어1_섀도우	50323	961980	5000000	0	0	0	0	0	0	0	0	0	2	1	51095	10000	0	0	0	0	0	0	0	0	0	0	0	0	0					
	65016	서브_아이올트_3_클리어1_발키리	50323	961980	5000000	0	0	0	0	0	0	0	0	0	2	1	51024	10000	0	0	0	0	0	0	0	0	0	0	0	0	0					
	65017	서브_아이올트_3_클리어1_엘리멘탈	50323	961980	5000000	0	0	0	0	0	0	0	0	0	2	1	51017	10000	0	0	0	0	0	0	0	0	0	0	0	0	0					
	65018	서브_아이올트_3_클리어1_미스틱	50323	961980	5000000	0	0	0	0	0	0	0	0	0	2	1	51363	10000	0	0	0	0	0	0	0	0	0	0	0	0	0					
	65019	서브_아이올트_4_클리어1_버서커	50323	4579214	7500000	0	0	0	0	0	0	0	0	0	2	1	51002	10000	0	0	0	0	0	0	0	0	0	0	0	0	0					
	65020	서브_아이올트_4_클리어1_드래곤	50323	4579214	7500000	0	0	0	0	0	0	0	0	0	2	1	51009	10000	0	0	0	0	0	0	0	0	0	0	0	0	0					
	65021	서브_아이올트_4_클리어1_섀도우	50323	4579214	7500000	0	0	0	0	0	0	0	0	0	2	1	51094	10000	0	0	0	0	0	0	0	0	0	0	0	0	0					
	65022	서브_아이올트_4_클리어1_발키리	50323	4579214	7500000	0	0	0	0	0	0	0	0	0	2	1	51023	10000	0	0	0	0	0	0	0	0	0	0	0	0	0					
	65023	서브_아이올트_4_클리어1_엘리멘탈	50323	4579214	7500000	0	0	0	0	0	0	0	0	0	2	1	51016	10000	0	0	0	0	0	0	0	0	0	0	0	0	0					
	65024	서브_아이올트_4_클리어1_미스틱	50323	4579214	7500000	0	0	0	0	0	0	0	0	0	2	1	51362	10000	0	0	0	0	0	0	0	0	0	0	0	0	0					
	65025	메인_아이올트_클리어1_버서커	50325	19552514	15000000	0	0	0	0	0	0	0	0	0	2	1	51000	10000	0	0	0	0	0	0	0	0	0	0	0	0	0					
	65026	메인_아이올트_클리어1_드래곤	50325	19552514	15000000	0	0	0	0	0	0	0	0	0	2	1	51007	10000	0	0	0	0	0	0	0	0	0	0	0	0	0					
	65027	메인_아이올트_클리어1_섀도우	50325	19552514	15000000	0	0	0	0	0	0	0	0	0	2	1	51091	10000	0	0	0	0	0	0	0	0	0	0	0	0	0					
	65028	메인_아이올트_클리어1_발키리	50325	19552514	15000000	0	0	0	0	0	0	0	0	0	2	1	51021	10000	0	0	0	0	0	0	0	0	0	0	0	0	0					
	65029	메인_아이올트_클리어1_엘리멘탈	50325	19552514	15000000	0	0	0	0	0	0	0	0	0	2	1	51014	10000	0	0	0	0	0	0	0	0	0	0	0	0	0					
	65030	메인_아이올트_클리어1_미스틱	50325	19552514	15000000	0	0	0	0	0	0	0	0	0	2	1	51359	10000	0	0	0	0	0	0	0	0	0	0	0	0	0					
//	헬론미션보상								0	0									0			0			0			0			0					
	65031	서브_헬론_1_클리어1_버서커	50327	9776257	9315000	0	0	0	0	0	0	0	0	0	2	1	51004	10000	0	0	0	0	0	0	0	0	0	0	0	0	0					
	65032	서브_헬론_1_클리어1_드래곤	50327	9776257	9315000	0	0	0	0	0	0	0	0	0	2	1	51011	10000	0	0	0	0	0	0	0	0	0	0	0	0	0					
	65033	서브_헬론_1_클리어1_섀도우	50327	9776257	9315000	0	0	0	0	0	0	0	0	0	2	1	51096	10000	0	0	0	0	0	0	0	0	0	0	0	0	0					
	65034	서브_헬론_1_클리어1_발키리	50327	9776257	9315000	0	0	0	0	0	0	0	0	0	2	1	51025	10000	0	0	0	0	0	0	0	0	0	0	0	0	0					
	65035	서브_헬론_1_클리어1_엘리멘탈	50327	9776257	9315000	0	0	0	0	0	0	0	0	0	2	1	51018	10000	0	0	0	0	0	0	0	0	0	0	0	0	0					
	65036	서브_헬론_1_클리어1_미스틱	50327	9776257	9315000	0	0	0	0	0	0	0	0	0	2	1	51364	10000	0	0	0	0	0	0	0	0	0	0	0	0	0					
	65037	서브_헬론_2_클리어1_버서커	50327	13382718	14062500	0	0	0	0	0	0	0	0	0	2	1	51001	10000	0	0	0	0	0	0	0	0	0	0	0	0	0					
	65038	서브_헬론_2_클리어1_드래곤	50327	13382718	14062500	0	0	0	0	0	0	0	0	0	2	1	51008	10000	0	0	0	0	0	0	0	0	0	0	0	0	0					
	65039	서브_헬론_2_클리어1_섀도우	50327	13382718	14062500	0	0	0	0	0	0	0	0	0	2	1	51093	10000	0	0	0	0	0	0	0	0	0	0	0	0	0					
	65040	서브_헬론_2_클리어1_발키리	50327	13382718	14062500	0	0	0	0	0	0	0	0	0	2	1	51022	10000	0	0	0	0	0	0	0	0	0	0	0	0	0					
	65041	서브_헬론_2_클리어1_엘리멘탈	50327	13382718	14062500	0	0	0	0	0	0	0	0	0	2	1	51015	10000	0	0	0	0	0	0	0	0	0	0	0	0	0					
	65042	서브_헬론_2_클리어1_미스틱	50327	13382718	14062500	0	0	0	0	0	0	0	0	0	2	1	51361	10000	0	0	0	0	0	0	0	0	0	0	0	0	0					
	65043	서브_헬론_3_클리어1_버서커	50327	18319603	21096750	0	0	0	0	0	0	0	0	0	2	1	51028	10000	0	0	0	0	0	0	0	0	0	0	0	0	0					
	65044	서브_헬론_3_클리어1_드래곤	50327	18319603	21096750	0	0	0	0	0	0	0	0	0	2	1	51029	10000	0	0	0	0	0	0	0	0	0	0	0	0	0					
	65045	서브_헬론_3_클리어1_섀도우	50327	18319603	21096750	0	0	0	0	0	0	0	0	0	2	1	51092	10000	0	0	0	0	0	0	0	0	0	0	0	0	0					
	65046	서브_헬론_3_클리어1_발키리	50327	18319603	21096750	0	0	0	0	0	0	0	0	0	2	1	51031	10000	0	0	0	0	0	0	0	0	0	0	0	0	0					
	65047	서브_헬론_3_클리어1_엘리멘탈	50327	18319603	21096750	0	0	0	0	0	0	0	0	0	2	1	51030	10000	0	0	0	0	0	0	0	0	0	0	0	0	0					
	65048	서브_헬론_3_클리어1_미스틱	50327	18319603	21096750	0	0	0	0	0	0	0	0	0	2	1	51360	10000	0	0	0	0	0	0	0	0	0	0	0	0	0					
	65049	메인_헬론_클리어1_버서커	50329	21433936	42187500	0	0	0	0	0	0	0	0	0	2	1	50000	10000	0	50001	10000	0	0	0	0	0	0	0	0	0	0					
	65050	메인_헬론_클리어1_드래곤	50329	21433936	42187500	0	0	0	0	0	0	0	0	0	2	1	50002	10000	0	50003	10000	0	0	0	0	0	0	0	0	0	0					
	65051	메인_헬론_클리어1_섀도우	50329	21433936	42187500	0	0	0	0	0	0	0	0	0	2	1	50008	10000	0	50009	10000	0	0	0	0	0	0	0	0	0	0					
	65052	메인_헬론_클리어1_발키리	50329	21433936	42187500	0	0	0	0	0	0	0	0	0	2	1	50004	10000	0	50005	10000	0	0	0	0	0	0	0	0	0	0					
	65053	메인_헬론_클리어1_엘리멘탈	50329	21433936	42187500	0	0	0	0	0	0	0	0	0	2	1	50006	10000	0	50007	10000	0	0	0	0	0	0	0	0	0	0					
	65054	메인_헬론_클리어1_미스틱	50329	21433936	42187500	0	0	0	0	0	0	0	0	0	2	1	50050	10000	0	50051	10000	0	0	0	0	0	0	0	0	0	0					
//	자피르격전지_전장보상								0	0									0			0			0			0			0					
	65055	자피르격전지_승리보상	50367	0	0	0	0	0	0	0	0	0	0	0	2	4	55603	3	0	41538	1	0	6890	3	0	9316	10	0	0	0	0					
	65056	자피르격전지_기본보상	50368	0	0	0	0	0	0	0	0	0	0	0	2	4	55603	1	0	6890	1	0	55602	1	0	9316	5	0	0	0	0					
	65057	자피르격전지_패널티보상	50371	0	0	0	0	0	0	0	0	0	0	0	2	1	41540	1	0	0	0	0	0	0	0	0	0	0	0	0	0					
	65058	자피르격전지100승	0	0	1000000	0	0	0	0	0	0	0	0	0	0	0	0	0	0	0	0	0	0	0	0	0	0	0	0	0	0					
	65059	자피르격전지200승	0	0	2000000	0	0	0	0	0	0	0	0	0	0	0	0	0	0	0	0	0	0	0	0	0	0	0	0	0	0					
	65060	자피르격전지300승	0	0	3000000	0	0	0	0	0	0	0	0	0	0	0	0	0	0	0	0	0	0	0	0	0	0	0	0	0	0					
	65061	자피르격전지400승	0	0	4000000	0	0	0	0	0	0	0	0	0	0	0	0	0	0	0	0	0	0	0	0	0	0	0	0	0	0					
	65062	자피르격전지500승_칭호_전장의지배자	0	0	5000000	0	0	51	0	0	0	0	0	0	0	0	0	0	0	0	0	0	0	0	0	0	0	0	0	0	0					
	65063	칭호_공격의귀재	0	0	0	0	0	52	0	0	0	0	0	0	0	0	0	0	0	0	0	0	0	0	0	0	0	0	0	0	0					
	65064	칭호_수성의달인	0	0	0	0	0	53	0	0	0	0	0	0	0	0	0	0	0	0	0	0	0	0	0	0	0	0	0	0	0					
	65065	칭호_전장의제왕	0	0	0	0	0	54	0	0	0	0	0	0	0	0	0	0	0	0	0	0	0	0	0	0	0	0	0	0	0					
//일본래더서버이벤트보상																			0			0			0			0			0					
	65066	속성교육_최초퀘스트	0	5075	0	0	0	0	0	0	0	0	0	0	0	0	0	0	0	0	0	0	0	0	0	0	0	0	0	0	0					
	65067	속성교육_불길한소문	0	27968	0	0	0	0	0	0	0	0	0	0	0	0	0	0	0	0	0	0	0	0	0	0	0	0	0	0	0					
	65068	속성교육_강철야수부족의음모	0	146990	0	0	0	0	0	0	0	0	0	0	0	0	0	0	0	0	0	0	0	0	0	0	0	0	0	0	0					
	65069	속성교육_음모의분쇄	0	351824	0	0	0	0	0	0	0	0	0	0	0	0	0	0	0	0	0	0	0	0	0	0	0	0	0	0	0					
	65070	속성교육_야수들의숲	0	544033	0	0	0	0	0	0	0	0	0	0	0	0	0	0	0	0	0	0	0	0	0	0	0	0	0	0	0					
	65071	속성교육_숨겨진길	0	850741	0	0	0	0	0	0	0	0	0	0	0	0	0	0	0	0	0	0	0	0	0	0	0	0	0	0	0					
	65072	속성교육_에텔레인진입로	0	1502773	0	0	0	0	0	0	0	0	0	0	0	0	0	0	0	0	0	0	0	0	0	0	0	0	0	0	0					
	65073	속성교육_시겔기사단의묘지	0	2355716	0	0	0	0	0	0	0	0	0	0	0	0	0	0	0	0	0	0	0	0	0	0	0	0	0	0	0					
	65074	속성교육_에텔레인지하수로	0	3436377	0	0	0	0	0	0	0	0	0	0	0	1	6643	1	0	0	0	0	0	0	0	0	0	0	0	0	0					
	65075	속성교육_제국전령제지	0	4771929	0	0	0	0	0	0	0	0	0	0	0	0	0	0	0	0	0	0	0	0	0	0	0	0	0	0	0					
	65076	속성교육_성괴곽에서의전투	0	6389358	0	0	0	0	0	0	0	0	0	0	0	0	0	0	0	0	0	0	0	0	0	0	0	0	0	0	0					
	65077	속성교육_설원2차진격	0	8315701	0	0	0	0	0	0	0	0	0	0	0	0	0	0	0	0	0	0	0	0	0	0	0	0	0	0	0					
	65078	속성교육_얼음수정궁전	0	10577897	0	0	0	0	0	0	0	0	0	0	0	1	6644	1	0	0	0	0	0	0	0	0	0	0	0	0	0					
	65079	속성교육_계곡입구정찰	0	13203012	0	0	0	0	0	0	0	0	0	0	0	0	0	0	0	0	0	0	0	0	0	0	0	0	0	0	0					
	65080	속성교육_추격의실마리	0	16217838	0	0	0	0	0	0	0	0	0	0	0	0	0	0	0	0	0	0	0	0	0	0	0	0	0	0	0					
	65081	속성교육_용족수장구출	0	19649697	0	0	0	0	0	0	0	0	0	0	0	0	0	0	0	0	0	0	0	0	0	0	0	0	0	0	0					
	65082	속성교육_용족의계곡_버서커	0	23474025	0	0	0	0	0	0	0	0	0	0	0	1	6645	1	0	0	0	0	0	0	0	0	0	0	0	0	0					
	65083	속성교육_대체례추적	0	34481811	0	0	0	0	0	0	0	0	0	0	0	0	0	0	0	0	0	0	0	0	0	0	0	0	0	0	0					
	65084	속성교육_숨겨진위험	0	133647533	0	0	0	0	0	0	0	0	0	0	0	0	0	0	0	0	0	0	0	0	0	0	0	0	0	0	0					
	65085	속성교육_암흑의전당을찾아서	0	333826183	0	0	0	0	0	0	0	0	0	0	0	0	0	0	0	0	0	0	0	0	0	0	0	0	0	0	0					
	65086	속성교육_어둠의제단	0	731896559	0	0	0	0	0	0	0	0	0	0	0	0	0	0	0	0	0	0	0	0	0	0	0	0	0	0	0					
	65087	속성교육_아이올트공동묘지	0	1604645173	0	0	0	0	0	0	0	0	0	0	0	1	6646	1	0	0	0	0	0	0	0	0	0	0	0	0	0					
	65088	속성교육_오염된성소	0	3518101158	0	0	0	0	0	0	0	0	0	0	0	0	0	0	0	0	0	0	0	0	0	0	0	0	0	0	0					
	65089	속성교육_검은에테르의정체	0	7713253974	0	0	0	0	0	0	0	0	0	0	0	0	0	0	0	0	0	0	0	0	0	0	0	0	0	0	0					
	65090	속성교육_절망의부활의식	0	16910908523	0	0	0	0	0	0	0	0	0	0	0	0	0	0	0	0	0	0	0	0	0	0	0	0	0	0	0					
	65091	속성교육_헬론의성	0	30363984460	0	0	0	0	0	0	0	0	0	0	0	1	6699	1	0	0	0	0	0	0	0	0	0	0	0	0	0					
	65092	속성교육_완료퀘스트	0	0	0	0	0	0	0	0	0	0	0	0	0	3	7548	5	0	3140	1	0	3141	1	0	0	0	0	0	0	0					
	65093	속성교육_용족의계곡_드래곤	0	23474025	0	0	0	0	0	0	0	0	0	0	0	1	6645	1	0	0	0	0	0	0	0	0	0	0	0	0	0					
	65094	속성교육_용족의계곡_섀도우	0	23474025	0	0	0	0	0	0	0	0	0	0	0	1	6645	1	0	0	0	0	0	0	0	0	0	0	0	0	0					
	65095	속성교육_용족의계곡_발키리	0	23474025	0	0	0	0	0	0	0	0	0	0	0	1	6645	1	0	0	0	0	0	0	0	0	0	0	0	0	0					
	65096	속성교육_용족의계곡_엘리	0	23474025	0	0	0	0	0	0	0	0	0	0	0	1	6645	1	0	0	0	0	0	0	0	0	0	0	0	0	0					
	65097	속성교육_용족의계곡_미스틱	0	23474025	0	0	0	0	0	0	0	0	0	0	0	1	6645	1	0	0	0	0	0	0	0	0	0	0	0	0	0					
//월드랭킹ac보상																			0			0			0			0			0					
	65098	랭킹1위	0	0	0	0	0	55	0	0	0	0	0	0	0	0	0	0	0	0	0	0	0	0	0	0	0	0	0	0	0					
	65099	챔피언	0	0	0	0	0	56	0	0	0	0	0	0	0	0	0	0	0	0	0	0	0	0	0	0	0	0	0	0	0					
	65100	월드챔피언	0	0	0	0	0	57	0	0	0	0	0	0	0	0	0	0	0	0	0	0	0	0	0	0	0	0	0	0	0					
	65101	스페샬원	0	0	0	0	0	58	0	0	0	0	0	0	0	0	0	0	0	0	0	0	0	0	0	0	0	0	0	0	0					
	65102	월드랭킹우승자1	0	0	0	0	0	55	0	0	0	0	0	0	0	0	0	0	0	0	0	0	0	0	0	0	0	0	0	0	0					
	65103	월드랭킹우승자2	0	0	50000000	0	0	0	0	0	0	0	0	0	0	0	0	0	0	0	0	0	0	0	0	0	0	0	0	0	0					
	65104	월드랭킹우승자3	0	0	60000000	0	0	0	0	0	0	0	0	0	0	0	0	0	0	0	0	0	0	0	0	0	0	0	0	0	0					
	65105	월드랭킹우승자4	0	0	70000000	0	0	0	0	0	0	0	0	0	0	0	0	0	0	0	0	0	0	0	0	0	0	0	0	0	0					
	65106	월드랭킹우승자5	0	0	80000000	0	0	0	0	0	0	0	0	0	0	0	0	0	0	0	0	0	0	0	0	0	0	0	0	0	0					
	65107	월드랭킹우승자6	0	0	0	0	0	56	0	0	0	0	0	0	0	0	0	0	0	0	0	0	0	0	0	0	0	0	0	0	0					
	65108	월드랭킹우승자7	0	0	90000000	0	0	0	0	0	0	0	0	0	0	0	0	0	0	0	0	0	0	0	0	0	0	0	0	0	0					
	65109	월드랭킹우승자8	0	0	100000000	0	0	0	0	0	0	0	0	0	0	0	0	0	0	0	0	0	0	0	0	0	0	0	0	0	0					
	65110	월드랭킹우승자9	0	0	150000000	0	0	0	0	0	0	0	0	0	0	0	0	0	0	0	0	0	0	0	0	0	0	0	0	0	0					
	65111	월드랭킹우승자10	0	0	200000000	0	0	0	0	0	0	0	0	0	0	0	0	0	0	0	0	0	0	0	0	0	0	0	0	0	0					
	65112	월드랭킹우승자11	0	0	0	0	0	57	0	0	0	0	0	0	0	0	0	0	0	0	0	0	0	0	0	0	0	0	0	0	0					
	65113	월드랭킹우승자12	0	0	250000000	0	0	0	0	0	0	0	0	0	0	0	0	0	0	0	0	0	0	0	0	0	0	0	0	0	0					
	65114	월드랭킹우승자13	0	0	300000000	0	0	0	0	0	0	0	0	0	0	0	0	0	0	0	0	0	0	0	0	0	0	0	0	0	0					
	65115	월드랭킹우승자14	0	0	350000000	0	0	0	0	0	0	0	0	0	0	0	0	0	0	0	0	0	0	0	0	0	0	0	0	0	0					
	65116	월드랭킹우승자15	0	0	400000000	0	0	0	0	0	0	0	0	0	0	0	0	0	0	0	0	0	0	0	0	0	0	0	0	0	0					
	65117	월드랭킹우승자16	0	0	0	0	0	58	0	0	0	0	0	0	0	0	0	0	0	0	0	0	0	0	0	0	0	0	0	0	0					
//신규캐릭터AC보상																			0			0			0			0			0					
	65118	고스트바스터!!_헬로이드	90981	0	0	0	0	0	0	0	0	0	0	0	2	1	55611	1	0	0	0	0	0	0	0	0	0	0	0	0	0					
	65119	사원의_지배자_헬로이드	90983	0	0	0	0	0	0	0	0	0	0	0	2	1	3960	50000	0	0	0	0	0	0	0	0	0	0	0	0	0					
//	일일퀘스트ac_헬로이드보상추가																		0			0			0			0			0					
	65120	연마된슈제트의선물_헬로이드	0	0	0	0	0	0	0	0	0	0	0	0	2	1	3485	1	0	0	0	0	0	0	0	0	0	0	0	0	0					
	65121	축복받은슈제트의선물_헬로이드	0	0	0	0	0	0	0	0	0	0	0	0	2	1	3486	1	0	0	0	0	0	0	0	0	0	0	0	0	0					
//일본래더서버이벤트보상																																				
	65122	속성교육_저주받은탑대지의시련	0	0	10000	0	0	0	0	0	0	0	0	0	0	2	7294	1	0	3487	1	0	0	0	0	0	0	0	0	0	0					
	65123	속성교육_저주받은탑물의시련	0	0	10000	0	0	0	0	0	0	0	0	0	0	1	7628	1	0	0	0	0	0	0	0	0	0	0	0	0	0					
	65124	속성교육_저주받은탑불의시련	0	0	10000	0	0	0	0	0	0	0	0	0	0	1	7628	1	0	0	0	0	0	0	0	0	0	0	0	0	0					
	65125	속성교육_저주받은탑바람의시련	0	0	10000	0	0	0	0	0	0	0	0	0	0	2	4990	1	0	6030	1	0	0	0	0	0	0	0	0	0	0					
	65126	속성교육_저주받은탑어둠의시련	0	0	10000	0	0	0	0	0	0	0	0	0	0	1	7628	1	0	0	0	0	0	0	0	0	0	0	0	0	0					
	65127	속성교육_콜로세움1LV	0	0	10000	0	0	0	0	0	0	0	0	0	0	1	7628	1	0	0	0	0	0	0	0	0	0	0	0	0	0					
	65128	속성교육_콜로세움2LV	0	0	10000	0	0	0	0	0	0	0	0	0	0	1	7628	1	0	0	0	0	0	0	0	0	0	0	0	0	0					
	65129	속성교육_콜로세움3LV	0	0	10000	0	0	0	0	0	0	0	0	0	0	1	7628	1	0	0	0	0	0	0	0	0	0	0	0	0	0					
	65130	속성교육_일일퀘스트를해보자	0	0	10000	0	0	0	0	0	0	0	0	0	0	1	49159	1	0	0	0	0	0	0	0	0	0	0	0	0	0					
//2013크리스마스이벤트																																				
	65131	착한아이티켓2	0	0	0	0	0	0	0	0	0	5101	1	0	0	1	5101	1	0	0	0	0	0	0	0	0	0	0	0	0	0					
	65132	착한아이티켓1	0	0	0	0	0	0	0	0	0	5101	1	0	0	0	0	0	0	0	0	0	0	0	0	0	0	0	0	0	0					
//	1401서리격전지칭호																																			
	65133	자피르격전지500승_칭호_혹한의지배자	0	0	0	0	0	59	0	0	0	0	0	0	0	0	0	0	0	0	0	0	0	0	0	0	0	0	0	0	0					
//2014회귀이벤트관련추가																																				
	65134	2014회귀이벤트_아인보상	0	0	0	0	0	0	0	0	0	0	0	0	2	1	56362	0	0	0	0	0	0	0	0	0	0	0	0	0	0					
//2014삼일절이벤트																																				
	65135	2014삼일절이벤트_아인보상	0	0	0	0	0	0	0	0	0	0	0	0	3	1	281	0	0	0	0	0	0	0	0	0	0	0	0	0	0					
	65136	2014삼일절이벤트_퀘스트보상	0	0	0	0	0	0	0	0	0	7633	30	0	4	1	7632	1	300	0	0	0	0	0	0	0	0	0	0	0	0					
	65137	2014삼일절이벤트_퀘스트보상(저레벨)	0	0	0	0	0	0	0	0	0	0	0	0	4	1	7632	1	300	0	0	0	0	0	0	0	0	0	0	0	0					
//몬스터도감 기본보상 아이템 																																				
	65138	야수들의숲_미약한보상	0	10	0	0	0	0	0	0	0	0	0	0	0	0	41601	1	0	0	0	0	0	0	0	0	0	0	0	0	0					
	65139	야수들의숲_캡틴보상	0	10	0	0	0	0	0	0	0	0	0	0	0	0	41602	1	0	0	0	0	0	0	0	0	0	0	0	0	0					
	65140	야수들의숲_보스보상	0	10	0	0	0	0	0	0	0	0	0	0	0	0	41603	1	0	0	0	0	0	0	0	0	0	0	0	0	0					
	65141	에텔레인지하수로_캡틴보상	0	10	0	0	0	0	0	0	0	0	0	0	0	0	41604	1	0	0	0	0	0	0	0	0	0	0	0	0	0					
	65142	에텔레인지하수로_보스보상	0	10	0	0	0	0	0	0	0	0	0	0	0	0	41605	1	0	0	0	0	0	0	0	0	0	0	0	0	0					
	65143	얼어붙은궁전_캡틴보상	0	10	0	0	0	0	0	0	0	0	0	0	0	0	41606	1	0	0	0	0	0	0	0	0	0	0	0	0	0					
	65144	얼어붙은궁전_보스보상	0	10	0	0	0	0	0	0	0	0	0	0	0	0	41607	1	0	0	0	0	0	0	0	0	0	0	0	0	0					
	65145	용족의계곡_캡틴보상	0	10	0	0	0	0	0	0	0	0	0	0	0	0	41608	1	0	0	0	0	0	0	0	0	0	0	0	0	0					
	65146	용족의계곡_보스보상	0	10	0	0	0	0	0	0	0	0	0	0	0	0	41609	1	0	0	0	0	0	0	0	0	0	0	0	0	0					
	65147	아이올트_캡틴보상	0	10	0	0	0	0	0	0	0	0	0	0	0	0	41610	1	0	0	0	0	0	0	0	0	0	0	0	0	0					
	65148	아이올트_보스보상	0	10	0	0	0	0	0	0	0	0	0	0	0	0	41611	1	0	0	0	0	0	0	0	0	0	0	0	0	0					
	65149	헬론의성_캡틴보상	0	10	0	0	0	0	0	0	0	0	0	0	0	0	41612	1	0	0	0	0	0	0	0	0	0	0	0	0	0					
	65150	헬론의성_보스보상	0	10	0	0	0	0	0	0	0	0	0	0	0	0	41613	1	0	0	0	0	0	0	0	0	0	0	0	0	0					
	65151	녹음의대지_캡틴보상	0	10	0	0	0	0	0	0	0	0	0	0	0	0	41614	1	0	0	0	0	0	0	0	0	0	0	0	0	0					
	65152	녹음의대지_보스보상	0	10	0	0	0	0	0	0	0	0	0	0	0	0	41615	1	0	0	0	0	0	0	0	0	0	0	0	0	0					
	65153	정령들의쉼터_캡틴보상	0	10	0	0	0	0	0	0	0	0	0	0	0	0	41616	1	0	0	0	0	0	0	0	0	0	0	0	0	0					
	65154	정령들의쉼터_보스보상	0	10	0	0	0	0	0	0	0	0	0	0	0	0	41617	1	0	0	0	0	0	0	0	0	0	0	0	0	0					
	65155	보레아스산맥_캡틴보상	0	10	0	0	0	0	0	0	0	0	0	0	0	0	0	0	0	0	0	0	0	0	0	0	0	0	0	0	0					
	65156	보레아스산맥_일반보상	0	10	0	0	0	0	0	0	0	0	0	0	0	0	0	0	0	0	0	0	0	0	0	0	0	0	0	0	0					
	65157	특수지역_캡틴보상	0	10	0	0	0	0	0	0	0	0	0	0	0	0	0	0	0	0	0	0	0	0	0	0	0	0	0	0	0					
	65158	특수지역_보스보상	0	10	0	0	0	0	0	0	0	0	0	0	0	0	0	0	0	0	0	0	0	0	0	0	0	0	0	0	0					
	65159	알려지지않은_럭키보상	0	10	0	0	0	0	0	0	0	0	0	0	0	0	0	0	0	0	0	0	0	0	0	0	0	0	0	0	0					
	65160	알려지지않은_캡틴보상	0	10	0	0	0	0	0	0	0	0	0	0	0	0	0	0	0	0	0	0	0	0	0	0	0	0	0	0	0					
	65161	알려지지않은_보스보상	0	10	0	0	0	0	0	0	0	0	0	0	0	0	0	0	0	0	0	0	0	0	0	0	0	0	0	0	0					
	65162	초보추출사	0	0	0	0	0	0	0	0	0	0	0	0	0	0	0	0	0	0	0	0	0	0	0	0	0	0	0	0	0					
	65163	몬스터도감퀘스트를끝까지완료	0	0	0	0	0	61	0	0	0	0	0	0	0	0	0	0	0	0	0	0	0	0	0	0	0	0	0	0	0					
	65164	몬스터도감마스터	0	0	0	0	0	62	0	0	0	0	0	0	0	0	0	0	0	0	0	0	0	0	0	0	0	0	0	0	0					
	65165	야수들의숲의몬스터능력추출	0	0	0	0	0	0	0	0	0	0	0	0	0	0	0	0	0	0	0	0	0	0	0	0	0	0	0	0	0					
	65166	에텔레인지하수로의몬스터능력추출	0	0	0	0	0	0	0	0	0	0	0	0	0	0	0	0	0	0	0	0	0	0	0	0	0	0	0	0	0					
	65167	얼어붙은궁전의몬스터능력추출	0	0	0	0	0	0	0	0	0	0	0	0	0	0	0	0	0	0	0	0	0	0	0	0	0	0	0	0	0					
	65168	용족의계곡의몬스터능력추출	0	0	0	0	0	0	0	0	0	0	0	0	0	0	0	0	0	0	0	0	0	0	0	0	0	0	0	0	0					
	65169	아이올트공동묘지의몬스터능력추출	0	0	0	0	0	0	0	0	0	0	0	0	0	0	0	0	0	0	0	0	0	0	0	0	0	0	0	0	0					
	65170	헬론의성의몬스터능력추출	0	0	0	0	0	0	0	0	0	0	0	0	0	0	0	0	0	0	0	0	0	0	0	0	0	0	0	0	0					
	65171	녹음의대지의몬스터능력추출	0	0	0	0	0	0	0	0	0	0	0	0	0	0	0	0	0	0	0	0	0	0	0	0	0	0	0	0	0					
	65172	보레아스산맥의몬스터능력추출	0	0	0	0	0	0	0	0	0	0	0	0	0	0	0	0	0	0	0	0	0	0	0	0	0	0	0	0	0					
//	골드러시_전장보상								0	0									0			0			0			0			0					
	65173	욕망의무덤_승리보상	50372	0	0	0	0	0	0	0	0	0	0	0	2	3	55603	3	0	41538	1	0	6890	3	0	0	0	0	0	0	0					
	65174	욕망의무덤_기본보상	50373	0	0	0	0	0	0	0	0	0	0	0	2	3	55603	1	0	6890	1	0	55602	1	0	0	0	0	0	0	0					
	65175	욕망의무덤_패널티보상	50374	0	0	0	0	0	0	0	0	0	0	0	2	1	41540	1	0	0	0	0	0	0	0	0	0	0	0	0	0					
//	신규 ac 관련 보상								0	0									0			0			0			0			0					
	65176	서리격전지_혹한의제왕	0	0	0	0	0	63	0	0	0	0	0	0	0	0	0	0	0	0	0	0	0	0	0	0	0	0	0	0	0					
	65177	서리격전지_꺾이지않는창	0	0	0	0	0	64	0	0	0	0	0	0	0	0	0	0	0	0	0	0	0	0	0	0	0	0	0	0	0					
	65178	서리격전지_뚫리지않는방패	0	0	0	0	0	65	0	0	0	0	0	0	0	0	0	0	0	0	0	0	0	0	0	0	0	0	0	0	0					
	65179	서리격전지_뱃지보상	0	0	3000000	0	0	0	0	0	0	0	0	0	2	1	6854	1	0	0	0	0	0	0	0	0	0	0	0	0	0					
	65180	자피르격전지_뱃지보상	0	0	3000000	0	0	0	0	0	0	0	0	0	2	1	6853	1	0	0	0	0	0	0	0	0	0	0	0	0	0					
	65181	욕망의무덤_뱃지보상	0	0	3000000	0	0	0	0	0	0	0	0	0	2	1	6855	1	0	0	0	0	0	0	0	0	0	0	0	0	0					
	65182	욕망의무덤_탐욕의제왕	0	0	0	0	0	66	0	0	0	0	0	0	0	0	0	0	0	0	0	0	0	0	0	0	0	0	0	0	0					
	65183	욕망의무덤_욕망의지배자	0	0	0	0	0	67	0	0	0	0	0	0	0	0	0	0	0	0	0	0	0	0	0	0	0	0	0	0	0					
	65184	욕망의무덤_정화의손	0	0	0	0	0	68	0	0	0	0	0	0	0	0	0	0	0	0	0	0	0	0	0	0	0	0	0	0	0					
	65185	욕망의무덤_피로물든손	0	0	0	0	0	69	0	0	0	0	0	0	0	0	0	0	0	0	0	0	0	0	0	0	0	0	0	0	0					
//	비밀의방공짜퀘								0	0									0			0			0			0			0					
	65186	헬론과_비밀의방_그리고_마법사의돌	0	0	0	0	0	0	0	0	0	6077	0	0	0	0	0	0	0	0	0	0	0	0	0	0	0	0	0	0	0					
//	1403컨텐츠교육퀘스트								0	0									0			0			0			0			0					
	65187	수상한상인의요청	0	0	0	0	0	0	0	0	0	0	0	0	2	1	6890	5	0	0	0	0	0	0	0	0	0	0	0	0	0					
	65188	버프물약제조강좌1	0	0	0	0	0	0	0	0	0	0	0	0	2	2	6857	5	0	6861	5	0	0	0	0	0	0	0	0	0	0					
	65189	버프물약제조강좌2	0	0	0	0	0	0	0	0	0	0	0	0	2	1	6870	10	0	0	0	0	0	0	0	0	0	0	0	0	0					
	65190	버프물약제조강좌3	0	0	0	0	0	0	0	0	0	0	0	0	2	1	6865	1	0	6866	1	0	6867	1	0	6868	1	0	6869	1	0					
	65191	도전_야수들의숲제패	0	180000000	0	0	0	0	0	0	0	0	0	0	2	1	6919	10	0	0	0	0	0	0	0	0	0	0	0	0	0					
	65192	도전_에텔레인지하수로제패	0	240000000	0	0	0	0	0	0	0	0	0	0	2	1	6919	10	0	0	0	0	0	0	0	0	0	0	0	0	0					
	65193	도전_얼어붙은궁전제패	0	240000000	0	0	0	0	0	0	0	0	0	0	2	1	6919	10	0	0	0	0	0	0	0	0	0	0	0	0	0					
	65194	도전_용족의계곡제패	0	300000000	0	0	0	0	0	0	0	0	0	0	2	1	6919	10	0	0	0	0	0	0	0	0	0	0	0	0	0					
	65195	도전_아이올트공동묘지제패	0	360000000	0	0	0	0	0	0	0	0	0	0	2	1	6919	10	0	0	0	0	0	0	0	0	0	0	0	0	0					
	65196	도전_헬론의성제패	0	300000000	0	0	0	0	0	0	0	0	0	0	2	1	6919	10	0	0	0	0	0	0	0	0	0	0	0	0	0					
	65197	도전일퀘공통	0	0	0	0	0	0	0	0	0	0	0	0	2	1	6919	10	0	0	0	0	0	0	0	0	0	0	0	0	0					
//	1403_추석이벤트								0	0									0			0			0			0			0					
	65198	송편원정대의의뢰	0	5000000	10000	0	0	0	0	0	0	4197	5	0	0	0	0	0	0	0	0	0	0	0	0	0	0	0	0	0	0					
	65199	달변가의이야기	0	5000000	100000	0	0	0	0	0	0	5262	1	0	0	0	0	0	0	0	0	0	0	0	0	0	0	0	0	0	0					
	65200	이벤트존꿈에서본송편	0	500000000	500000	0	0	0	0	0	0	4047	2	0	0	0	0	0	0	0	0	0	0	0	0	0	0	0	0	0	0					
//	1403_할로윈이벤트								0	0									0			0			0			0			0					
	65201	쓸만한호박구해오기	0	50000	0	0	0	0	0	0	0	5281	1	0	0	0	0	0	0	0	0	0	0	0	0	0	0	0	0	0	0					
	65202	쓸만한가면구해오기	0	5000000	0	0	0	0	0	0	0	5282	1	0	0	0	0	0	0	0	0	0	0	0	0	0	0	0	0	0	0					
	65203	쓸만한의상구해오기	0	50000000	0	0	0	0	0	0	0	5283	1	0	0	0	0	0	0	0	0	0	0	0	0	0	0	0	0	0	0					
//신규캐릭터AC보상																			0			0			0			0			0					
	65204	고스트바스터!!_위치블레이드	90981	0	0	0	0	0	0	0	0	0	0	0	2	1	55612	1	0	0	0	0	0	0	0	0	0	0	0	0	0					
	65205	사원의_지배자_위치블레이드	90983	0	0	0	0	0	0	0	0	0	0	0	2	1	3960	50000	0	0	0	0	0	0	0	0	0	0	0	0	0					
//	일일퀘스트ac_위치블레이드보상추가																		0			0			0			0			0					
	65206	연마된슈제트의선물_헬로이드	0	0	0	0	0	0	0	0	0	0	0	0	2	1	3813	1	0	0	0	0	0	0	0	0	0	0	0	0	0					
	65207	축복받은슈제트의선물_헬로이드	0	0	0	0	0	0	0	0	0	0	0	0	2	1	3814	1	0	0	0	0	0	0	0	0	0	0	0	0	0					
//	보스레이드_완료보상_타락한현자																																			
	65208	보스레이드_암흑의데스드래곤_완료보상_타락한현자	50375	103850385	0	0	0	0	0	0	0	0	0	0	2	1	5286	10	0	0	1	0	0	3	0	0	0	0	0	0	0					
//	1404_크리스마스이벤트								0	0									0			0			0			0			0					
	65209	크리스마스폭죽	0	50000	10000	0	0	0	0	0	0	5269	1	0	0	1	7271	2	0	7272	2	0	0	0	0	0	0	0	0	0	0					
	65210	위기의크리스마스	0	1000000	0	0	0	0	0	0	0	5267	1	0	0	0	0	0	0	0	0	0	0	0	0	0	0	0	0	0	0					
	65211	루돌프파업선언	0	3000000	300000	0	0	0	0	0	0	4197	5	0	0	0	0	0	0	0	0	0	0	0	0	0	0	0	0	0	0					
	65212	수상한크리스마스	0	1000000	0	0	0	0	0	0	0	5268	1	0	0	0	0	0	0	0	0	0	0	0	0	0	0	0	0	0	0					
	65213	산타에게무슨일이	0	30000000	500000	0	0	0	0	0	0	4046	3	0	0	0	0	0	0	0	0	0	0	0	0	0	0	0	0	0	0					
	65214	루돌프총파업(일일)	0	300000000	100000	0	0	0	0	0	0	5267	1	0	0	0	0	0	0	0	0	0	0	0	0	0	0	0	0	0	0					
	65215	산타클로스의비밀(일일)	0	500000000	100000	0	0	0	0	0	0	5268	1	0	0	0	0	0	0	0	0	0	0	0	0	0	0	0	0	0	0					
	65216	크리스마스지킴이	0	30000000	100000	0	0	0	0	0	0	0	0	0	0	0	0	0	0	0	0	0	0	0	0	0	0	0	0	0	0					
	65217	남자팻보상	0	0	0	0	0	0	0	0	0	0	0	0	4	0	3997	1	2880	0	0	0	0	0	0	0	0	0	0	0	0					
	65218	여자팻보상	0	0	0	0	0	0	0	0	0	0	0	0	4	0	3998	1	2880	0	0	0	0	0	0	0	0	0	0	0	0					
//	2015_신년이벤트 보상								0	0									0			0			0			0			0					
	65219	배테랑모험가1일	0	7000000	1000000	0	0	0	0	0	0	0	0	0	4	1	63435	1	1440	0	0	0	0	0	0	0	0	0	0	0	0					
	65220	명인의키트10개	0	15000000	3000000	0	0	0	0	0	0	0	0	0	2	1	65423	10	0	0	0	0	0	0	0	0	0	0	0	0	0					
	65221	여신의은혜30개	0	30000000	5000000	0	0	0	0	0	0	0	0	0	2	1	65401	30	0	0	0	0	0	0	0	0	0	0	0	0	0					
	65222	룬스톤7일	0	60000000	7000000	0	0	0	0	0	0	0	0	0	4	1	65419	1	10080	0	0	0	0	0	0	0	0	0	0	0	0					
	65223	일일퀘스트초기화2개	0	150000000	9000000	0	0	0	0	0	0	0	0	0	2	1	61256	2	0	0	0	0	0	0	0	0	0	0	0	0	0					
	65224	봉인이풀린마법사의돌2개	0	300000000	11000000	0	0	0	0	0	0	0	0	0	2	1	63440	2	0	0	0	0	0	0	0	0	0	0	0	0	0					
	65225	스킬초기화	0	600000000	13000000	0	0	0	0	0	0	0	0	0	2	1	65424	1	0	0	0	0	0	0	0	0	0	0	0	0	0					
	65226	스탯초기화	0	1200000000	15000000	0	0	0	0	0	0	0	0	0	2	1	65425	1	0	0	0	0	0	0	0	0	0	0	0	0	0					
	65227	원정용가방	0	2500000000	17000000	0	0	0	0	0	0	0	0	0	2	1	63166	1	0	0	0	0	0	0	0	0	0	0	0	0	0					
	65228	캐시아이템슬롯확장	0	5000000000	19000000	0	0	0	0	0	0	0	0	0	2	1	65534	1	0	0	0	0	0	0	0	0	0	0	0	0	0					
//	보스레이드_완료보상_탐욕스러운제자																																			
	65229	보스레이드_암흑의데스드래곤_탐욕스러운제자	50375	53850385	0	0	0	0	0	0	0	0	0	0	2	2	5286	2	0	5301	1	0	0	0	0	0	0	0	0	0	0					
//	2015_설날이벤트																																			
	65230	설날맞이청양팻	0	0	0	0	0	0	0	0	0	0	0	0	4	0	3331	1	4320	0	0	0	0	0	0	0	0	0	0	0	0					
//	2015_SUN_CHIP이벤트 보상								0	0									0			0			0			0			0					
	65231	배테랑모험가1일	0	7000000	1000000	0	0	0	0	0	0	0	0	0	4	1	63435	1	1440	0	0	0	0	0	0	0	0	0	0	0	0					
	65232	명인의키트10개	0	15000000	3000000	0	0	0	0	0	0	0	0	0	2	1	65423	10	0	0	0	0	0	0	0	0	0	0	0	0	0					
	65233	여신의은혜30개	0	30000000	5000000	0	0	0	0	0	0	0	0	0	2	1	65401	30	0	0	0	0	0	0	0	0	0	0	0	0	0					
	65234	룬스톤7일	0	60000000	7000000	0	0	0	0	0	0	0	0	0	4	1	65419	1	10080	0	0	0	0	0	0	0	0	0	0	0	0					
	65235	일일퀘스트초기화2개	0	150000000	9000000	0	0	0	0	0	0	0	0	0	2	1	61256	2	0	0	0	0	0	0	0	0	0	0	0	0	0					
	65236	봉인이풀린마법사의돌2개	0	300000000	11000000	0	0	0	0	0	0	0	0	0	2	1	63440	2	0	0	0	0	0	0	0	0	0	0	0	0	0					
	65237	스킬초기화	0	600000000	13000000	0	0	0	0	0	0	0	0	0	2	1	65424	1	0	0	0	0	0	0	0	0	0	0	0	0	0					
	65238	스탯초기화	0	1200000000	15000000	0	0	0	0	0	0	0	0	0	2	1	65425	1	0	0	0	0	0	0	0	0	0	0	0	0	0					
	65239	원정용가방	0	2500000000	17000000	0	0	0	0	0	0	0	0	0	2	1	63166	1	0	0	0	0	0	0	0	0	0	0	0	0	0					
	65240	캐시아이템슬롯확장	0	5000000000	19000000	0	0	0	0	0	0	0	0	0	2	1	65534	1	0	0	0	0	0	0	0	0	0	0	0	0	0					
//	에테르안개고개_퀘스트																																			
	4983	미션봉인된분노(파티권장)	0	9572364257	500000	0	0	0	0	0	0	0	0	0	0	0	0	0	0	0	0	0	0	0	0	0	0	0	0	0	0					
	4984	에테르안개고개	0	9572364257	0	0	0	0	0	0	0	0	0	0	0	0	0	0	0	0	0	0	0	0	0	0	0	0	0	0	0					
	4985	잊혀진전망대	0	9572364257	0	0	0	0	0	0	0	0	0	0	0	0	0	0	0	0	0	0	0	0	0	0	0	0	0	0	0					
	4986	원정대장교벤슨	0	9572364257	0	0	0	0	0	0	0	0	0	0	0	0	0	0	0	0	0	0	0	0	0	0	0	0	0	0	0					
	4987	장벽의주인	0	9572364257	300000	0	0	0	0	0	0	0	0	0	0	0	0	0	0	0	0	0	0	0	0	0	0	0	0	0	0					
	4988	수사대장호라시오	0	9572364257	0	0	0	0	0	0	0	0	0	0	0	0	0	0	0	0	0	0	0	0	0	0	0	0	0	0	0					
	4989	잠복수사지원1	0	9572364257	0	0	0	0	0	0	0	0	0	0	0	0	0	0	0	0	0	0	0	0	0	0	0	0	0	0	0					
	4990	잠복수사지원2	0	9572364257	0	0	0	0	0	0	0	0	0	0	0	0	0	0	0	0	0	0	0	0	0	0	0	0	0	0	0					
	4991	잠복수사지원3	0	9572364257	0	0	0	0	0	0	0	0	0	0	0	0	0	0	0	0	0	0	0	0	0	0	0	0	0	0	0					
	4992	잠복수사지원4	0	9572364257	0	0	0	0	0	0	0	0	0	0	0	0	0	0	0	0	0	0	0	0	0	0	0	0	0	0	0					
	4993	수사임무보고	0	9572364257	300000	0	0	0	0	0	0	0	0	0	0	0	0	0	0	0	0	0	0	0	0	0	0	0	0	0	0					
	4994	기선제압	0	9572364257	0	0	0	0	0	0	0	0	0	0	0	0	0	0	0	0	0	0	0	0	0	0	0	0	0	0	0					
	4995	카르나투스적출	0	9572364257	0	0	0	0	0	0	0	0	0	0	0	0	0	0	0	0	0	0	0	0	0	0	0	0	0	0	0					
	4996	요리사쿠시나	0	9572364257	0	0	0	0	0	0	0	0	0	0	0	0	0	0	0	0	0	0	0	0	0	0	0	0	0	0	0					
	4997	정령의스프	0	9572364257	0	0	0	0	0	0	0	0	0	0	0	0	0	0	0	0	0	0	0	0	0	0	0	0	0	0	0					
	4998	진귀한식재료	0	9572364257	0	0	0	0	0	0	0	0	0	0	0	0	0	0	0	0	0	0	0	0	0	0	0	0	0	0	0					
	4999	수석기술자그란테스	0	9572364257	0	0	0	0	0	0	0	0	0	0	0	0	0	0	0	0	0	0	0	0	0	0	0	0	0	0	0					
	5000	주술아니기술	0	9572364257	0	0	0	0	0	0	0	0	0	0	0	0	0	0	0	0	0	0	0	0	0	0	0	0	0	0	0					
	5001	사악한장치수집	0	9572364257	0	0	0	0	0	0	0	0	0	0	0	0	0	0	0	0	0	0	0	0	0	0	0	0	0	0	0					
	5002	교활한장치수집	0	9572364257	0	0	0	0	0	0	0	0	0	0	0	0	0	0	0	0	0	0	0	0	0	0	0	0	0	0	0					
	5003	전문사냥꾼파나오	0	9572364257	0	0	0	0	0	0	0	0	0	0	0	0	0	0	0	0	0	0	0	0	0	0	0	0	0	0	0					
	5004	안개고개괴물사냥	0	9572364257	0	0	0	0	0	0	0	0	0	0	0	0	0	0	0	0	0	0	0	0	0	0	0	0	0	0	0					
	5005	숙적큰이빨	0	9572364257	500000	0	0	0	0	0	0	0	0	0	0	0	0	0	0	0	0	0	0	0	0	0	0	0	0	0	0					
	5006	퇴마사팰릭스	0	9572364257	0	0	0	0	0	0	0	0	0	0	0	0	0	0	0	0	0	0	0	0	0	0	0	0	0	0	0					
	5007	배회하는망령들	0	9572364257	0	0	0	0	0	0	0	0	0	0	0	0	0	0	0	0	0	0	0	0	0	0	0	0	0	0	0					
	5008	영원한안식	0	9572364257	500000	0	0	0	0	0	0	0	0	0	0	0	0	0	0	0	0	0	0	0	0	0	0	0	0	0	0					
	5009	리라의퇴마수업	0	600000000	0	0	0	0	0	0	0	0	0	0	0	0	0	0	0	0	0	0	0	0	0	0	0	0	0	0	0					
	5010	탐험가찰스존스	0	9572364257	0	0	0	0	0	0	0	0	0	0	0	0	0	0	0	0	0	0	0	0	0	0	0	0	0	0	0					
	5011	공포체험1	0	9572364257	0	0	0	0	0	0	0	0	0	0	0	0	0	0	0	0	0	0	0	0	0	0	0	0	0	0	0					
	5012	공호체험2	0	9572364257	0	0	0	0	0	0	0	0	0	0	0	0	0	0	0	0	0	0	0	0	0	0	0	0	0	0	0					
	5013	치안장교도노반	0	9572364257	300000	0	0	0	0	0	0	0	0	0	0	0	0	0	0	0	0	0	0	0	0	0	0	0	0	0	0					
	5014	미션봉인된분노(파티권장/일일)	0	600000000	100000	0	0	0	0	0	0	5284	1	0	0	0	0	0	0	0	0	0	0	0	0	0	0	0	0	0	0					
	5015	정체불명의악마(파티권장/보스)	0	2200000000	1000000	0	0	0	0	0	0	0	0	0	0	0	0	0	0	0	0	0	0	0	0	0	0	0	0	0	0					
	5016	오지를향해(미션선행퀘스트)	0	9572364257	0	0	0	0	0	0	0	0	0	0	0	0	0	0	0	0	0	0	0	0	0	0	0	0	0	0	0					
	5017	계속되는저항(일일)	0	600000000	0	0	0	0	0	0	0	0	0	0	0	0	0	0	0	0	0	0	0	0	0	0	0	0	0	0	0					
	5018	분노의수정(일일)	0	600000000	0	0	0	0	0	0	0	0	0	0	0	0	0	0	0	0	0	0	0	0	0	0	0	0	0	0	0					
	5019	지도자칸세코(일일)	0	800000000	0	0	0	0	0	0	0	0	0	0	0	0	0	0	0	0	0	0	0	0	0	0	0	0	0	0	0					
	5020	사냥감포착(일일)	0	700000000	1000000	0	0	0	0	0	0	0	0	0	0	0	0	0	0	0	0	0	0	0	0	0	0	0	0	0	0					
//	레벨업달성AC(9001 ~ 10000)																																			
	9001	100레벨달성_버	92888	0	0	0	0	0	0	0	0	0	0	0	2	1	3142	1	0	0	0	0	0	0	0	0	0	0	0	0	0					
	9002	100레벨달성_드	92888	0	0	0	0	0	0	0	0	0	0	0	2	1	3143	1	0	0	0	0	0	0	0	0	0	0	0	0	0					
	9003	100레벨달성_섀	92888	0	0	0	0	0	0	0	0	0	0	0	2	1	3146	1	0	0	0	0	0	0	0	0	0	0	0	0	0					
	9004	100레벨달성_발	92888	0	0	0	0	0	0	0	0	0	0	0	2	1	3145	1	0	0	0	0	0	0	0	0	0	0	0	0	0					
	9005	100레벨달성_엘	92888	0	0	0	0	0	0	0	0	0	0	0	2	1	3144	1	0	0	0	0	0	0	0	0	0	0	0	0	0					
	9006	100레벨달성_미	92888	0	0	0	0	0	0	0	0	0	0	0	2	1	3233	1	0	0	0	0	0	0	0	0	0	0	0	0	0					
	9007	100레벨달성_헬	92888	0	0	0	0	0	0	0	0	0	0	0	2	1	3472	1	0	0	0	0	0	0	0	0	0	0	0	0	0					
	9008	100레벨달성_위	92888	0	0	0	0	0	0	0	0	0	0	0	2	1	3804	1	0	0	0	0	0	0	0	0	0	0	0	0	0					
	9009	110레벨달성_버	92889	0	0	0	0	0	0	0	0	0	0	0	2	2	50000	10000	0	50001	10000	0	0	0	0	0	0	0	0	0	0					
	9010	110레벨달성_드	92889	0	0	0	0	0	0	0	0	0	0	0	2	2	50002	10000	0	50003	10000	0	0	0	0	0	0	0	0	0	0					
	9011	110레벨달성_섀	92889	0	0	0	0	0	0	0	0	0	0	0	2	2	50008	10000	0	50009	10000	0	0	0	0	0	0	0	0	0	0					
	9012	110레벨달성_발	92889	0	0	0	0	0	0	0	0	0	0	0	2	2	50004	10000	0	50005	10000	0	0	0	0	0	0	0	0	0	0					
	9013	110레벨달성_엘	92889	0	0	0	0	0	0	0	0	0	0	0	2	2	50006	10000	0	50007	10000	0	0	0	0	0	0	0	0	0	0					
	9014	110레벨달성_미	92889	0	0	0	0	0	0	0	0	0	0	0	2	2	50050	10000	0	50051	10000	0	0	0	0	0	0	0	0	0	0					
	9015	110레벨달성_헬	92889	0	0	0	0	0	0	0	0	0	0	0	2	2	50128	10000	0	50128	10000	0	0	0	0	0	0	0	0	0	0					
	9016	110레벨달성_위	92889	0	0	0	0	0	0	0	0	0	0	0	2	2	50320	10000	0	50320	10000	0	0	0	0	0	0	0	0	0	0					
	9017	120레벨달성_버	92890	0	0	0	0	0	0	0	0	0	0	0	2	4	51028	10000	0	51004	10000	0	51005	10000	0	51006	10000	0	0	0	0					
	9018	120레벨달성_드	92890	0	0	0	0	0	0	0	0	0	0	0	2	4	51029	10000	0	51011	10000	0	51012	10000	0	51013	10000	0	0	0	0					
	9019	120레벨달성_섀	92890	0	0	0	0	0	0	0	0	0	0	0	2	4	51092	10000	0	51096	10000	0	51097	10000	0	51098	10000	0	0	0	0					
	9020	120레벨달성_발	92890	0	0	0	0	0	0	0	0	0	0	0	2	4	51031	10000	0	51025	10000	0	51026	10000	0	51027	10000	0	0	0	0					
	9021	120레벨달성_엘	92890	0	0	0	0	0	0	0	0	0	0	0	2	4	51030	10000	0	51018	10000	0	51019	10000	0	51020	10000	0	0	0	0					
	9022	120레벨달성_미	92890	0	0	0	0	0	0	0	0	0	0	0	2	4	51360	10000	0	51364	10000	0	51365	10000	0	51366	10000	0	0	0	0					
	9023	120레벨달성_헬	92890	0	0	0	0	0	0	0	0	0	0	0	2	4	51656	10000	0	51660	10000	0	51661	10000	0	51662	10000	0	0	0	0					
	9024	120레벨달성_위	92890	0	0	0	0	0	0	0	0	0	0	0	2	4	57010	10000	0	57014	10000	0	57015	10000	0	57016	10000	0	0	0	0					
	9025	130레벨달성_버	92891	0	0	0	0	0	0	0	0	0	0	0	2	4	51000	10000	0	51001	10000	0	51002	10000	0	51003	10000	0	0	0	0					
	9026	130레벨달성_드	92891	0	0	0	0	0	0	0	0	0	0	0	2	4	51007	10000	0	51008	10000	0	51009	10000	0	51010	10000	0	0	0	0					
	9027	130레벨달성_섀	92891	0	0	0	0	0	0	0	0	0	0	0	2	4	51091	10000	0	51093	10000	0	51094	10000	0	51095	10000	0	0	0	0					
	9028	130레벨달성_발	92891	0	0	0	0	0	0	0	0	0	0	0	2	4	51021	10000	0	51022	10000	0	51023	10000	0	51024	10000	0	0	0	0					
	9029	130레벨달성_엘	92891	0	0	0	0	0	0	0	0	0	0	0	2	4	51014	10000	0	51015	10000	0	51016	10000	0	51017	10000	0	0	0	0					
	9030	130레벨달성_미	92891	0	0	0	0	0	0	0	0	0	0	0	2	4	51359	10000	0	51361	10000	0	51362	10000	0	51363	10000	0	0	0	0					
	9031	130레벨달성_헬	92891	0	0	0	0	0	0	0	0	0	0	0	2	4	51655	10000	0	51657	10000	0	51658	10000	0	51659	10000	0	0	0	0					
	9032	130레벨달성_위	92891	0	0	0	0	0	0	0	0	0	0	0	2	4	57009	10000	0	57011	10000	0	57012	10000	0	57013	10000	0	0	0	0					
	9033	140레벨달성_버	92892	0	0	0	0	0	0	0	0	0	0	0	2	2	50010	10000	0	50011	10000	0	0	0	0	0	0	0	0	0	0					
	9034	140레벨달성_드	92892	0	0	0	0	0	0	0	0	0	0	0	2	2	50012	10000	0	50013	10000	0	0	0	0	0	0	0	0	0	0					
	9035	140레벨달성_섀	92892	0	0	0	0	0	0	0	0	0	0	0	2	2	50018	10000	0	50019	10000	0	0	0	0	0	0	0	0	0	0					
	9036	140레벨달성_발	92892	0	0	0	0	0	0	0	0	0	0	0	2	2	50014	10000	0	50015	10000	0	0	0	0	0	0	0	0	0	0					
	9037	140레벨달성_엘	92892	0	0	0	0	0	0	0	0	0	0	0	2	2	50016	10000	0	50017	10000	0	0	0	0	0	0	0	0	0	0					
	9038	140레벨달성_미	92892	0	0	0	0	0	0	0	0	0	0	0	2	2	50052	10000	0	50053	10000	0	0	0	0	0	0	0	0	0	0					
	9039	140레벨달성_헬	92892	0	0	0	0	0	0	0	0	0	0	0	2	2	50129	10000	0	50129	10000	0	0	0	0	0	0	0	0	0	0					
	9040	140레벨달성_위	92892	0	0	0	0	0	0	0	0	0	0	0	2	2	50321	10000	0	50321	10000	0	0	0	0	0	0	0	0	0	0					
	9041	150레벨달성_버	92893	0	0	0	0	0	0	0	0	0	0	0	2	4	51037	10000	0	51041	10000	0	51042	10000	0	51043	10000	0	0	0	0					
	9042	150레벨달성_드	92893	0	0	0	0	0	0	0	0	0	0	0	2	4	51045	10000	0	51049	10000	0	51050	10000	0	51051	10000	0	0	0	0					
	9043	150레벨달성_섀	92893	0	0	0	0	0	0	0	0	0	0	0	2	4	51069	10000	0	51073	10000	0	51074	10000	0	51075	10000	0	0	0	0					
	9044	150레벨달성_발	92893	0	0	0	0	0	0	0	0	0	0	0	2	4	51061	10000	0	51065	10000	0	51066	10000	0	51067	10000	0	0	0	0					
	9045	150레벨달성_엘	92893	0	0	0	0	0	0	0	0	0	0	0	2	4	51053	10000	0	51057	10000	0	51058	10000	0	51059	10000	0	0	0	0					
	9046	150레벨달성_미	92893	0	0	0	0	0	0	0	0	0	0	0	2	4	51368	10000	0	51372	10000	0	51373	10000	0	51374	10000	0	0	0	0					
	9047	150레벨달성_헬	92893	0	0	0	0	0	0	0	0	0	0	0	2	4	51664	10000	0	51668	10000	0	51669	10000	0	51670	10000	0	0	0	0					
	9048	150레벨달성_위	92893	0	0	0	0	0	0	0	0	0	0	0	2	4	57018	10000	0	57022	10000	0	57023	10000	0	57024	10000	0	0	0	0					
	9049	155레벨달성_버	92894	0	0	0	0	0	0	0	0	0	0	0	2	4	51036	10000	0	51038	10000	0	51039	10000	0	51040	10000	0	0	0	0					
	9050	155레벨달성_드	92894	0	0	0	0	0	0	0	0	0	0	0	2	4	51044	10000	0	51046	10000	0	51047	10000	0	51048	10000	0	0	0	0					
	9051	155레벨달성_섀	92894	0	0	0	0	0	0	0	0	0	0	0	2	4	51068	10000	0	51070	10000	0	51071	10000	0	51072	10000	0	0	0	0					
	9052	155레벨달성_발	92894	0	0	0	0	0	0	0	0	0	0	0	2	4	51060	10000	0	51062	10000	0	51063	10000	0	51064	10000	0	0	0	0					
	9053	155레벨달성_엘	92894	0	0	0	0	0	0	0	0	0	0	0	2	4	51052	10000	0	51054	10000	0	51055	10000	0	51056	10000	0	0	0	0					
	9054	155레벨달성_미	92894	0	0	0	0	0	0	0	0	0	0	0	2	4	51367	10000	0	51369	10000	0	51370	10000	0	51371	10000	0	0	0	0					
	9055	155레벨달성_헬	92894	0	0	0	0	0	0	0	0	0	0	0	2	4	51663	10000	0	51665	10000	0	51666	10000	0	51667	10000	0	0	0	0					
	9056	155레벨달성_위	92894	0	0	0	0	0	0	0	0	0	0	0	2	4	57017	10000	0	57019	10000	0	57020	10000	0	57021	10000	0	0	0	0					
	9057	160레벨달성_버	92895	0	0	0	0	0	0	0	0	0	0	0	2	1	56091	1	0	0	0	0	0	0	0	0	0	0	0	0	0					
	9058	160레벨달성_드	92895	0	0	0	0	0	0	0	0	0	0	0	2	1	56095	1	0	0	0	0	0	0	0	0	0	0	0	0	0					
	9059	160레벨달성_섀	92895	0	0	0	0	0	0	0	0	0	0	0	2	1	56107	1	0	0	0	0	0	0	0	0	0	0	0	0	0					
	9060	160레벨달성_발	92895	0	0	0	0	0	0	0	0	0	0	0	2	1	56099	1	0	0	0	0	0	0	0	0	0	0	0	0	0					
	9061	160레벨달성_엘	92895	0	0	0	0	0	0	0	0	0	0	0	2	1	56103	1	0	0	0	0	0	0	0	0	0	0	0	0	0					
	9062	160레벨달성_미	92895	0	0	0	0	0	0	0	0	0	0	0	2	1	56111	1	0	0	0	0	0	0	0	0	0	0	0	0	0					
	9063	160레벨달성_헬	92895	0	0	0	0	0	0	0	0	0	0	0	2	1	56317	1	0	0	0	0	0	0	0	0	0	0	0	0	0					
	9064	160레벨달성_위	92895	0	0	0	0	0	0	0	0	0	0	0	2	1	56479	1	0	0	0	0	0	0	0	0	0	0	0	0	0					
	9065	161레벨달성_버	92896	0	0	0	0	0	0	0	0	0	0	0	2	1	50020	10000	0	0	0	0	0	0	0	0	0	0	0	0	0					
	9066	161레벨달성_드	92896	0	0	0	0	0	0	0	0	0	0	0	2	1	50022	10000	0	0	0	0	0	0	0	0	0	0	0	0	0					
	9067	161레벨달성_섀	92896	0	0	0	0	0	0	0	0	0	0	0	2	1	50028	10000	0	0	0	0	0	0	0	0	0	0	0	0	0					
	9068	161레벨달성_발	92896	0	0	0	0	0	0	0	0	0	0	0	2	1	50024	10000	0	0	0	0	0	0	0	0	0	0	0	0	0					
	9069	161레벨달성_엘	92896	0	0	0	0	0	0	0	0	0	0	0	2	1	50026	10000	0	0	0	0	0	0	0	0	0	0	0	0	0					
	9070	161레벨달성_미	92896	0	0	0	0	0	0	0	0	0	0	0	2	1	50054	10000	0	0	0	0	0	0	0	0	0	0	0	0	0					
	9071	161레벨달성_헬	92896	0	0	0	0	0	0	0	0	0	0	0	2	1	50130	10000	0	0	0	0	0	0	0	0	0	0	0	0	0					
	9072	161레벨달성_위	92896	0	0	0	0	0	0	0	0	0	0	0	2	1	50322	10000	0	0	0	0	0	0	0	0	0	0	0	0	0					
	9073	162레벨달성_버	92897	0	0	0	0	0	0	0	0	0	0	0	2	1	50021	10000	0	0	0	0	0	0	0	0	0	0	0	0	0					
	9074	162레벨달성_드	92897	0	0	0	0	0	0	0	0	0	0	0	2	1	50023	10000	0	0	0	0	0	0	0	0	0	0	0	0	0					
	9075	162레벨달성_섀	92897	0	0	0	0	0	0	0	0	0	0	0	2	1	50029	10000	0	0	0	0	0	0	0	0	0	0	0	0	0					
	9076	162레벨달성_발	92897	0	0	0	0	0	0	0	0	0	0	0	2	1	50025	10000	0	0	0	0	0	0	0	0	0	0	0	0	0					
	9077	162레벨달성_엘	92897	0	0	0	0	0	0	0	0	0	0	0	2	1	50027	10000	0	0	0	0	0	0	0	0	0	0	0	0	0					
	9078	162레벨달성_미	92897	0	0	0	0	0	0	0	0	0	0	0	2	1	50055	10000	0	0	0	0	0	0	0	0	0	0	0	0	0					
	9079	162레벨달성_헬	92897	0	0	0	0	0	0	0	0	0	0	0	2	1	50130	10000	0	0	0	0	0	0	0	0	0	0	0	0	0					
	9080	162레벨달성_위	92897	0	0	0	0	0	0	0	0	0	0	0	2	1	50322	10000	0	0	0	0	0	0	0	0	0	0	0	0	0					
	9081	163레벨달성_버	92898	0	0	0	0	0	0	0	0	0	0	0	2	1	51224	10000	0	0	0	0	0	0	0	0	0	0	0	0	0					
	9082	163레벨달성_드	92898	0	0	0	0	0	0	0	0	0	0	0	2	1	51232	10000	0	0	0	0	0	0	0	0	0	0	0	0	0					
	9083	163레벨달성_섀	92898	0	0	0	0	0	0	0	0	0	0	0	2	1	51256	10000	0	0	0	0	0	0	0	0	0	0	0	0	0					
	9084	163레벨달성_발	92898	0	0	0	0	0	0	0	0	0	0	0	2	1	51248	10000	0	0	0	0	0	0	0	0	0	0	0	0	0					
	9085	163레벨달성_엘	92898	0	0	0	0	0	0	0	0	0	0	0	2	1	51240	10000	0	0	0	0	0	0	0	0	0	0	0	0	0					
	9086	163레벨달성_미	92898	0	0	0	0	0	0	0	0	0	0	0	2	1	51382	10000	0	0	0	0	0	0	0	0	0	0	0	0	0					
	9087	163레벨달성_헬	92898	0	0	0	0	0	0	0	0	0	0	0	2	1	51678	10000	0	0	0	0	0	0	0	0	0	0	0	0	0					
	9088	163레벨달성_위	92898	0	0	0	0	0	0	0	0	0	0	0	2	1	57032	10000	0	0	0	0	0	0	0	0	0	0	0	0	0					
	9089	164레벨달성_버	92899	0	0	0	0	0	0	0	0	0	0	0	2	1	51223	10000	0	0	0	0	0	0	0	0	0	0	0	0	0					
	9090	164레벨달성_드	92899	0	0	0	0	0	0	0	0	0	0	0	2	1	51231	10000	0	0	0	0	0	0	0	0	0	0	0	0	0					
	9091	164레벨달성_섀	92899	0	0	0	0	0	0	0	0	0	0	0	2	1	51255	10000	0	0	0	0	0	0	0	0	0	0	0	0	0					
	9092	164레벨달성_발	92899	0	0	0	0	0	0	0	0	0	0	0	2	1	51247	10000	0	0	0	0	0	0	0	0	0	0	0	0	0					
	9093	164레벨달성_엘	92899	0	0	0	0	0	0	0	0	0	0	0	2	1	51239	10000	0	0	0	0	0	0	0	0	0	0	0	0	0					
	9094	164레벨달성_미	92899	0	0	0	0	0	0	0	0	0	0	0	2	1	51381	10000	0	0	0	0	0	0	0	0	0	0	0	0	0					
	9095	164레벨달성_헬	92899	0	0	0	0	0	0	0	0	0	0	0	2	1	51677	10000	0	0	0	0	0	0	0	0	0	0	0	0	0					
	9096	164레벨달성_위	92899	0	0	0	0	0	0	0	0	0	0	0	2	1	57031	10000	0	0	0	0	0	0	0	0	0	0	0	0	0					
	9097	165레벨달성_버	92900	0	0	0	0	0	0	0	0	0	0	0	2	1	51218	10000	0	0	0	0	0	0	0	0	0	0	0	0	0					
	9098	165레벨달성_드	92900	0	0	0	0	0	0	0	0	0	0	0	2	1	51226	10000	0	0	0	0	0	0	0	0	0	0	0	0	0					
	9099	165레벨달성_섀	92900	0	0	0	0	0	0	0	0	0	0	0	2	1	51250	10000	0	0	0	0	0	0	0	0	0	0	0	0	0					
	9100	165레벨달성_발	92900	0	0	0	0	0	0	0	0	0	0	0	2	1	51242	10000	0	0	0	0	0	0	0	0	0	0	0	0	0					
	9101	165레벨달성_엘	92900	0	0	0	0	0	0	0	0	0	0	0	2	1	51234	10000	0	0	0	0	0	0	0	0	0	0	0	0	0					
	9102	165레벨달성_미	92900	0	0	0	0	0	0	0	0	0	0	0	2	1	51376	10000	0	0	0	0	0	0	0	0	0	0	0	0	0					
	9103	165레벨달성_헬	92900	0	0	0	0	0	0	0	0	0	0	0	2	1	51672	10000	0	0	0	0	0	0	0	0	0	0	0	0	0					
	9104	165레벨달성_위	92900	0	0	0	0	0	0	0	0	0	0	0	2	1	57026	10000	0	0	0	0	0	0	0	0	0	0	0	0	0					
	9105	166레벨달성_버	92901	0	0	0	0	0	0	0	0	0	0	0	2	1	51222	10000	0	0	0	0	0	0	0	0	0	0	0	0	0					
	9106	166레벨달성_드	92901	0	0	0	0	0	0	0	0	0	0	0	2	1	51230	10000	0	0	0	0	0	0	0	0	0	0	0	0	0					
	9107	166레벨달성_섀	92901	0	0	0	0	0	0	0	0	0	0	0	2	1	51254	10000	0	0	0	0	0	0	0	0	0	0	0	0	0					
	9108	166레벨달성_발	92901	0	0	0	0	0	0	0	0	0	0	0	2	1	51246	10000	0	0	0	0	0	0	0	0	0	0	0	0	0					
	9109	166레벨달성_엘	92901	0	0	0	0	0	0	0	0	0	0	0	2	1	51238	10000	0	0	0	0	0	0	0	0	0	0	0	0	0					
	9110	166레벨달성_미	92901	0	0	0	0	0	0	0	0	0	0	0	2	1	51380	10000	0	0	0	0	0	0	0	0	0	0	0	0	0					
	9111	166레벨달성_헬	92901	0	0	0	0	0	0	0	0	0	0	0	2	1	51676	10000	0	0	0	0	0	0	0	0	0	0	0	0	0					
	9112	166레벨달성_위	92901	0	0	0	0	0	0	0	0	0	0	0	2	1	57030	10000	0	0	0	0	0	0	0	0	0	0	0	0	0					
	9113	167레벨달성_버	92902	0	0	0	0	0	0	0	0	0	0	0	2	1	51221	10000	0	0	0	0	0	0	0	0	0	0	0	0	0					
	9114	167레벨달성_드	92902	0	0	0	0	0	0	0	0	0	0	0	2	1	51229	10000	0	0	0	0	0	0	0	0	0	0	0	0	0					
	9115	167레벨달성_섀	92902	0	0	0	0	0	0	0	0	0	0	0	2	1	51253	10000	0	0	0	0	0	0	0	0	0	0	0	0	0					
	9116	167레벨달성_발	92902	0	0	0	0	0	0	0	0	0	0	0	2	1	51245	10000	0	0	0	0	0	0	0	0	0	0	0	0	0					
	9117	167레벨달성_엘	92902	0	0	0	0	0	0	0	0	0	0	0	2	1	51237	10000	0	0	0	0	0	0	0	0	0	0	0	0	0					
	9118	167레벨달성_미	92902	0	0	0	0	0	0	0	0	0	0	0	2	1	51379	10000	0	0	0	0	0	0	0	0	0	0	0	0	0					
	9119	167레벨달성_헬	92902	0	0	0	0	0	0	0	0	0	0	0	2	1	51675	10000	0	0	0	0	0	0	0	0	0	0	0	0	0					
	9120	167레벨달성_위	92902	0	0	0	0	0	0	0	0	0	0	0	2	1	57029	10000	0	0	0	0	0	0	0	0	0	0	0	0	0					
	9121	168레벨달성_버	92903	0	0	0	0	0	0	0	0	0	0	0	2	1	51219	10000	0	0	0	0	0	0	0	0	0	0	0	0	0					
	9122	168레벨달성_드	92903	0	0	0	0	0	0	0	0	0	0	0	2	1	51227	10000	0	0	0	0	0	0	0	0	0	0	0	0	0					
	9123	168레벨달성_섀	92903	0	0	0	0	0	0	0	0	0	0	0	2	1	51251	10000	0	0	0	0	0	0	0	0	0	0	0	0	0					
	9124	168레벨달성_발	92903	0	0	0	0	0	0	0	0	0	0	0	2	1	51243	10000	0	0	0	0	0	0	0	0	0	0	0	0	0					
	9125	168레벨달성_엘	92903	0	0	0	0	0	0	0	0	0	0	0	2	1	51235	10000	0	0	0	0	0	0	0	0	0	0	0	0	0					
	9126	168레벨달성_미	92903	0	0	0	0	0	0	0	0	0	0	0	2	1	51377	10000	0	0	0	0	0	0	0	0	0	0	0	0	0					
	9127	168레벨달성_헬	92903	0	0	0	0	0	0	0	0	0	0	0	2	1	51673	10000	0	0	0	0	0	0	0	0	0	0	0	0	0					
	9128	168레벨달성_위	92903	0	0	0	0	0	0	0	0	0	0	0	2	1	57027	10000	0	0	0	0	0	0	0	0	0	0	0	0	0					
	9129	169레벨달성_버	92904	0	0	0	0	0	0	0	0	0	0	0	2	1	51220	10000	0	0	0	0	0	0	0	0	0	0	0	0	0					
	9130	169레벨달성_드	92904	0	0	0	0	0	0	0	0	0	0	0	2	1	51228	10000	0	0	0	0	0	0	0	0	0	0	0	0	0					
	9131	169레벨달성_섀	92904	0	0	0	0	0	0	0	0	0	0	0	2	1	51252	10000	0	0	0	0	0	0	0	0	0	0	0	0	0					
	9132	169레벨달성_발	92904	0	0	0	0	0	0	0	0	0	0	0	2	1	51244	10000	0	0	0	0	0	0	0	0	0	0	0	0	0					
	9133	169레벨달성_엘	92904	0	0	0	0	0	0	0	0	0	0	0	2	1	51236	10000	0	0	0	0	0	0	0	0	0	0	0	0	0					
	9134	169레벨달성_미	92904	0	0	0	0	0	0	0	0	0	0	0	2	1	51378	10000	0	0	0	0	0	0	0	0	0	0	0	0	0					
	9135	169레벨달성_헬	92904	0	0	0	0	0	0	0	0	0	0	0	2	1	51674	10000	0	0	0	0	0	0	0	0	0	0	0	0	0					
	9136	169레벨달성_위	92904	0	0	0	0	0	0	0	0	0	0	0	2	1	57028	10000	0	0	0	0	0	0	0	0	0	0	0	0	0					
	9137	170레벨달성_버	92905	0	0	0	0	0	0	0	0	0	0	0	2	1	51217	10000	0	0	0	0	0	0	0	0	0	0	0	0	0					
	9138	170레벨달성_드	92905	0	0	0	0	0	0	0	0	0	0	0	2	1	51225	10000	0	0	0	0	0	0	0	0	0	0	0	0	0					
	9139	170레벨달성_섀	92905	0	0	0	0	0	0	0	0	0	0	0	2	1	51249	10000	0	0	0	0	0	0	0	0	0	0	0	0	0					
	9140	170레벨달성_발	92905	0	0	0	0	0	0	0	0	0	0	0	2	1	51241	10000	0	0	0	0	0	0	0	0	0	0	0	0	0					
	9141	170레벨달성_엘	92905	0	0	0	0	0	0	0	0	0	0	0	2	1	51233	10000	0	0	0	0	0	0	0	0	0	0	0	0	0					
	9142	170레벨달성_미	92905	0	0	0	0	0	0	0	0	0	0	0	2	1	51375	10000	0	0	0	0	0	0	0	0	0	0	0	0	0					
	9143	170레벨달성_헬	92905	0	0	0	0	0	0	0	0	0	0	0	2	1	51671	10000	0	0	0	0	0	0	0	0	0	0	0	0	0					
	9144	170레벨달성_위	92905	0	0	0	0	0	0	0	0	0	0	0	2	1	57025	10000	0	0	0	0	0	0	0	0	0	0	0	0	0					
	9145	171레벨달성_버	92906	0	0	0	0	0	0	0	0	0	0	0	2	1	50078	10000	0	0	0	0	0	0	0	0	0	0	0	0	0					
	9146	171레벨달성_드	92906	0	0	0	0	0	0	0	0	0	0	0	2	1	50080	10000	0	0	0	0	0	0	0	0	0	0	0	0	0					
	9147	171레벨달성_섀	92906	0	0	0	0	0	0	0	0	0	0	0	2	1	50086	10000	0	0	0	0	0	0	0	0	0	0	0	0	0					
	9148	171레벨달성_발	92906	0	0	0	0	0	0	0	0	0	0	0	2	1	50082	10000	0	0	0	0	0	0	0	0	0	0	0	0	0					
	9149	171레벨달성_엘	92906	0	0	0	0	0	0	0	0	0	0	0	2	1	50084	10000	0	0	0	0	0	0	0	0	0	0	0	0	0					
	9150	171레벨달성_미	92906	0	0	0	0	0	0	0	0	0	0	0	2	1	50088	10000	0	0	0	0	0	0	0	0	0	0	0	0	0					
	9151	171레벨달성_헬	92906	0	0	0	0	0	0	0	0	0	0	0	2	1	50132	10000	0	0	0	0	0	0	0	0	0	0	0	0	0					
	9152	171레벨달성_위	92906	0	0	0	0	0	0	0	0	0	0	0	2	1	50324	10000	0	0	0	0	0	0	0	0	0	0	0	0	0					
	9153	172레벨달성_버	92907	0	0	0	0	0	0	0	0	0	0	0	2	1	50079	10000	0	0	0	0	0	0	0	0	0	0	0	0	0					
	9154	172레벨달성_드	92907	0	0	0	0	0	0	0	0	0	0	0	2	1	50081	10000	0	0	0	0	0	0	0	0	0	0	0	0	0					
	9155	172레벨달성_섀	92907	0	0	0	0	0	0	0	0	0	0	0	2	1	50087	10000	0	0	0	0	0	0	0	0	0	0	0	0	0					
	9156	172레벨달성_발	92907	0	0	0	0	0	0	0	0	0	0	0	2	1	50083	10000	0	0	0	0	0	0	0	0	0	0	0	0	0					
	9157	172레벨달성_엘	92907	0	0	0	0	0	0	0	0	0	0	0	2	1	50085	10000	0	0	0	0	0	0	0	0	0	0	0	0	0					
	9158	172레벨달성_미	92907	0	0	0	0	0	0	0	0	0	0	0	2	1	50089	10000	0	0	0	0	0	0	0	0	0	0	0	0	0					
	9159	172레벨달성_헬	92907	0	0	0	0	0	0	0	0	0	0	0	2	1	50132	10000	0	0	0	0	0	0	0	0	0	0	0	0	0					
	9160	172레벨달성_위	92907	0	0	0	0	0	0	0	0	0	0	0	2	1	50324	10000	0	0	0	0	0	0	0	0	0	0	0	0	0					
	9161	173레벨달성_버	92908	0	0	0	0	0	0	0	0	0	0	0	2	1	51462	10000	0	0	0	0	0	0	0	0	0	0	0	0	0					
	9162	173레벨달성_드	92908	0	0	0	0	0	0	0	0	0	0	0	2	1	51470	10000	0	0	0	0	0	0	0	0	0	0	0	0	0					
	9163	173레벨달성_섀	92908	0	0	0	0	0	0	0	0	0	0	0	2	1	51494	10000	0	0	0	0	0	0	0	0	0	0	0	0	0					
	9164	173레벨달성_발	92908	0	0	0	0	0	0	0	0	0	0	0	2	1	51486	10000	0	0	0	0	0	0	0	0	0	0	0	0	0					
	9165	173레벨달성_엘	92908	0	0	0	0	0	0	0	0	0	0	0	2	1	51478	10000	0	0	0	0	0	0	0	0	0	0	0	0	0					
	9166	173레벨달성_미	92908	0	0	0	0	0	0	0	0	0	0	0	2	1	51502	10000	0	0	0	0	0	0	0	0	0	0	0	0	0					
	9167	173레벨달성_헬	92908	0	0	0	0	0	0	0	0	0	0	0	2	1	51686	10000	0	0	0	0	0	0	0	0	0	0	0	0	0					
	9168	173레벨달성_위	92908	0	0	0	0	0	0	0	0	0	0	0	2	1	57040	10000	0	0	0	0	0	0	0	0	0	0	0	0	0					
	9169	174레벨달성_버	92909	0	0	0	0	0	0	0	0	0	0	0	2	1	51461	10000	0	0	0	0	0	0	0	0	0	0	0	0	0					
	9170	174레벨달성_드	92909	0	0	0	0	0	0	0	0	0	0	0	2	1	51469	10000	0	0	0	0	0	0	0	0	0	0	0	0	0					
	9171	174레벨달성_섀	92909	0	0	0	0	0	0	0	0	0	0	0	2	1	51493	10000	0	0	0	0	0	0	0	0	0	0	0	0	0					
	9172	174레벨달성_발	92909	0	0	0	0	0	0	0	0	0	0	0	2	1	51485	10000	0	0	0	0	0	0	0	0	0	0	0	0	0					
	9173	174레벨달성_엘	92909	0	0	0	0	0	0	0	0	0	0	0	2	1	51477	10000	0	0	0	0	0	0	0	0	0	0	0	0	0					
	9174	174레벨달성_미	92909	0	0	0	0	0	0	0	0	0	0	0	2	1	51501	10000	0	0	0	0	0	0	0	0	0	0	0	0	0					
	9175	174레벨달성_헬	92909	0	0	0	0	0	0	0	0	0	0	0	2	1	51685	10000	0	0	0	0	0	0	0	0	0	0	0	0	0					
	9176	174레벨달성_위	92909	0	0	0	0	0	0	0	0	0	0	0	2	1	57039	10000	0	0	0	0	0	0	0	0	0	0	0	0	0					
	9177	175레벨달성_버	92910	0	0	0	0	0	0	0	0	0	0	0	2	1	51456	10000	0	0	0	0	0	0	0	0	0	0	0	0	0					
	9178	175레벨달성_드	92910	0	0	0	0	0	0	0	0	0	0	0	2	1	51464	10000	0	0	0	0	0	0	0	0	0	0	0	0	0					
	9179	175레벨달성_섀	92910	0	0	0	0	0	0	0	0	0	0	0	2	1	51488	10000	0	0	0	0	0	0	0	0	0	0	0	0	0					
	9180	175레벨달성_발	92910	0	0	0	0	0	0	0	0	0	0	0	2	1	51480	10000	0	0	0	0	0	0	0	0	0	0	0	0	0					
	9181	175레벨달성_엘	92910	0	0	0	0	0	0	0	0	0	0	0	2	1	51472	10000	0	0	0	0	0	0	0	0	0	0	0	0	0					
	9182	175레벨달성_미	92910	0	0	0	0	0	0	0	0	0	0	0	2	1	51496	10000	0	0	0	0	0	0	0	0	0	0	0	0	0					
	9183	175레벨달성_헬	92910	0	0	0	0	0	0	0	0	0	0	0	2	1	51680	10000	0	0	0	0	0	0	0	0	0	0	0	0	0					
	9184	175레벨달성_위	92910	0	0	0	0	0	0	0	0	0	0	0	2	1	57034	10000	0	0	0	0	0	0	0	0	0	0	0	0	0					
	9185	176레벨달성_버	92911	0	0	0	0	0	0	0	0	0	0	0	2	1	51460	10000	0	0	0	0	0	0	0	0	0	0	0	0	0					
	9186	176레벨달성_드	92911	0	0	0	0	0	0	0	0	0	0	0	2	1	51468	10000	0	0	0	0	0	0	0	0	0	0	0	0	0					
	9187	176레벨달성_섀	92911	0	0	0	0	0	0	0	0	0	0	0	2	1	51492	10000	0	0	0	0	0	0	0	0	0	0	0	0	0					
	9188	176레벨달성_발	92911	0	0	0	0	0	0	0	0	0	0	0	2	1	51484	10000	0	0	0	0	0	0	0	0	0	0	0	0	0					
	9189	176레벨달성_엘	92911	0	0	0	0	0	0	0	0	0	0	0	2	1	51476	10000	0	0	0	0	0	0	0	0	0	0	0	0	0					
	9190	176레벨달성_미	92911	0	0	0	0	0	0	0	0	0	0	0	2	1	51500	10000	0	0	0	0	0	0	0	0	0	0	0	0	0					
	9191	176레벨달성_헬	92911	0	0	0	0	0	0	0	0	0	0	0	2	1	51684	10000	0	0	0	0	0	0	0	0	0	0	0	0	0					
	9192	176레벨달성_위	92911	0	0	0	0	0	0	0	0	0	0	0	2	1	57038	10000	0	0	0	0	0	0	0	0	0	0	0	0	0					
	9193	177레벨달성_버	92912	0	0	0	0	0	0	0	0	0	0	0	2	1	51459	10000	0	0	0	0	0	0	0	0	0	0	0	0	0					
	9194	177레벨달성_드	92912	0	0	0	0	0	0	0	0	0	0	0	2	1	51467	10000	0	0	0	0	0	0	0	0	0	0	0	0	0					
	9195	177레벨달성_섀	92912	0	0	0	0	0	0	0	0	0	0	0	2	1	51491	10000	0	0	0	0	0	0	0	0	0	0	0	0	0					
	9196	177레벨달성_발	92912	0	0	0	0	0	0	0	0	0	0	0	2	1	51483	10000	0	0	0	0	0	0	0	0	0	0	0	0	0					
	9197	177레벨달성_엘	92912	0	0	0	0	0	0	0	0	0	0	0	2	1	51475	10000	0	0	0	0	0	0	0	0	0	0	0	0	0					
	9198	177레벨달성_미	92912	0	0	0	0	0	0	0	0	0	0	0	2	1	51499	10000	0	0	0	0	0	0	0	0	0	0	0	0	0					
	9199	177레벨달성_헬	92912	0	0	0	0	0	0	0	0	0	0	0	2	1	51683	10000	0	0	0	0	0	0	0	0	0	0	0	0	0					
	9200	177레벨달성_위	92912	0	0	0	0	0	0	0	0	0	0	0	2	1	57037	10000	0	0	0	0	0	0	0	0	0	0	0	0	0					
//	출석보상								0	0									0			0			0			0			0					
//1월																																			//1월	
	65241	즉시회복물약(5Lv)_20개	0	0	0	0	0	0	0	0	0	0	0	0	2	1	4050	20	0	0	0	0	0	0	0	0	0	0	0	0	0				//1	
	65242	일반물약(2Lv)5종_5개	0	0	0	0	0	0	0	0	0	0	0	0	2	1	4071	1	0	0	0	0	0	0	0	0	0	0	0	0	0				//2	
	65243	기세(30분)4종_2개	0	0	0	0	0	0	0	0	0	0	0	0	2	1	60415	1	0	0	0	0	0	0	0	0	0	0	0	0	0				//3	
	65244	여신의은혜_2개	0	0	0	0	0	0	0	0	0	0	0	0	2	1	65401	2	0	0	0	0	0	0	0	0	0	0	0	0	0				//4	
	65245	체력회복약(6Lv)_20개	0	0	0	0	0	0	0	0	0	0	0	0	2	1	4049	20	0	0	0	0	0	0	0	0	0	0	0	0	0				//5	
	65246	일반탕이용권(3일)_1개	0	0	0	0	0	0	0	0	0	0	0	0	4	1	7254	1	4320	0	0	0	0	0	0	0	0	0	0	0	0				//6	
	65247	지휘봉(7일)_1개	0	0	0	0	0	0	0	0	0	0	0	0	4	1	65418	1	10080	0	0	0	0	0	0	0	0	0	0	0	0				//7	
	65248	즉시회복물약(5Lv)_50개	0	0	0	0	0	0	0	0	0	0	0	0	2	1	4050	50	0	0	0	0	0	0	0	0	0	0	0	0	0				//8	
	65249	일반물약(3Lv)5종_5개	0	0	0	0	0	0	0	0	0	0	0	0	2	1	4072	1	0	0	0	0	0	0	0	0	0	0	0	0	0				//9	
	65250	정기(30분)4종_2개	0	0	0	0	0	0	0	0	0	0	0	0	2	1	60416	1	0	0	0	0	0	0	0	0	0	0	0	0	0				//10	
	65251	여신의은혜_2개	0	0	0	0	0	0	0	0	0	0	0	0	2	1	65401	2	0	0	0	0	0	0	0	0	0	0	0	0	0				//11	
	65252	체력회복약(6Lv)_50개	0	0	0	0	0	0	0	0	0	0	0	0	2	1	4049	50	0	0	0	0	0	0	0	0	0	0	0	0	0				//12	
	65253	일반탕이용권(3일)_1개	0	0	0	0	0	0	0	0	0	0	0	0	4	1	7254	1	4320	0	0	0	0	0	0	0	0	0	0	0	0				//13	
	65254	일일퀘스트초기화_1개	0	0	0	0	0	0	0	0	0	0	0	0	2	1	61256	1	0	0	0	0	0	0	0	0	0	0	0	0	0				//14	
	65255	즉시회복물약(5Lv)_100개	0	0	0	0	0	0	0	0	0	0	0	0	2	1	4050	100	0	0	0	0	0	0	0	0	0	0	0	0	0				//15	
	65256	일반물약(4Lv)5종_5개	0	0	0	0	0	0	0	0	0	0	0	0	2	1	4073	1	0	0	0	0	0	0	0	0	0	0	0	0	0				//16	
	65257	정기(30분)4종_2개	0	0	0	0	0	0	0	0	0	0	0	0	2	1	60416	1	0	0	0	0	0	0	0	0	0	0	0	0	0				//17	
	65258	여신의은혜_2개	0	0	0	0	0	0	0	0	0	0	0	0	2	1	65401	2	0	0	0	0	0	0	0	0	0	0	0	0	0				//18	
	65259	체력회복약(6Lv)_100개	0	0	0	0	0	0	0	0	0	0	0	0	2	1	4049	100	0	0	0	0	0	0	0	0	0	0	0	0	0				//19	
	65260	일반탕이용권(7일)_1개	0	0	0	0	0	0	0	0	0	0	0	0	4	1	7254	1	10080	0	0	0	0	0	0	0	0	0	0	0	0				//20	
	65261	각성첨가제_1개	0	0	0	0	0	0	0	0	0	0	0	0	2	1	4403	1	0	0	0	0	0	0	0	0	0	0	0	0	0				//21	
	65262	여신의물약(4Lv)_10개	0	0	0	0	0	0	0	0	0	0	0	0	2	1	60351	10	0	0	0	0	0	0	0	0	0	0	0	0	0				//22	
	65263	일반물약(5Lv)5종_5개	0	0	0	0	0	0	0	0	0	0	0	0	2	1	4074	1	0	0	0	0	0	0	0	0	0	0	0	0	0				//23	
	65264	혼(30분)4종_2개	0	0	0	0	0	0	0	0	0	0	0	0	2	1	60417	1	0	0	0	0	0	0	0	0	0	0	0	0	0				//24	
	65265	여신의은혜_5개	0	0	0	0	0	0	0	0	0	0	0	0	2	1	65401	5	0	0	0	0	0	0	0	0	0	0	0	0	0				//25	
	65266	여신의물약(4Lv)_10개	0	0	0	0	0	0	0	0	0	0	0	0	2	1	60351	10	0	0	0	0	0	0	0	0	0	0	0	0	0				//26	
	65267	일반탕이용권(7일)_1개	0	0	0	0	0	0	0	0	0	0	0	0	4	1	7254	1	10080	0	0	0	0	0	0	0	0	0	0	0	0				//27	
	65268	룬스톤(7일)_1개	0	0	0	0	0	0	0	0	0	0	0	0	4	1	65400	1	10080	0	0	0	0	0	0	0	0	0	0	0	0				//28	
	65269	영구조화와균형반지뽑기_1개	0	0	0	0	0	0	0	0	0	0	0	0	2	1	4075	1	0	0	0	0	0	0	0	0	0	0	0	0	0				//29	
	65270	헤르메시즘의성서(4-5소켓)_1개	0	0	0	0	0	0	0	0	0	0	0	0	2	1	60419	1	0	0	0	0	0	0	0	0	0	0	0	0	0				//30	
	65271	행운의부적	0	0	0	0	0	0	0	0	0	0	0	0	2	1	6118	1	0	0	0	0	0	0	0	0	0	0	0	0	0				//31	
//2월																																			//2월	
	65272	여신의은혜_2개	0	0	0	0	0	0	0	0	0	0	0	0	2	1	65401	2	0	0	0	0	0	0	0	0	0	0	0	0	0				//1	
	65273	체력회복약(6Lv)_20개	0	0	0	0	0	0	0	0	0	0	0	0	2	1	4049	20	0	0	0	0	0	0	0	0	0	0	0	0	0				//2	
	65274	일반탕이용권(3일)_1개	0	0	0	0	0	0	0	0	0	0	0	0	4	1	7254	1	4320	0	0	0	0	0	0	0	0	0	0	0	0				//3	
	65275	지휘봉(7일)_1개	0	0	0	0	0	0	0	0	0	0	0	0	4	1	65418	1	10080	0	0	0	0	0	0	0	0	0	0	0	0				//4	
	65276	즉시회복물약(5Lv)_20개	0	0	0	0	0	0	0	0	0	0	0	0	2	1	4050	20	0	0	0	0	0	0	0	0	0	0	0	0	0				//5	
	65277	일반물약(2Lv)5종_5개	0	0	0	0	0	0	0	0	0	0	0	0	2	1	4071	1	0	0	0	0	0	0	0	0	0	0	0	0	0				//6	
	65278	기세(30분)4종_2개	0	0	0	0	0	0	0	0	0	0	0	0	2	1	60415	1	0	0	0	0	0	0	0	0	0	0	0	0	0				//7	
	65279	여신의은혜_2개	0	0	0	0	0	0	0	0	0	0	0	0	2	1	65401	2	0	0	0	0	0	0	0	0	0	0	0	0	0				//8	
	65280	체력회복약(6Lv)_50개	0	0	0	0	0	0	0	0	0	0	0	0	2	1	4049	50	0	0	0	0	0	0	0	0	0	0	0	0	0				//9	
	65281	일반탕이용권(3일)_1개	0	0	0	0	0	0	0	0	0	0	0	0	4	1	7254	1	4320	0	0	0	0	0	0	0	0	0	0	0	0				//10	
	65282	일일퀘스트초기화_1개	0	0	0	0	0	0	0	0	0	0	0	0	2	1	61256	1	0	0	0	0	0	0	0	0	0	0	0	0	0				//11	
	65283	즉시회복물약(5Lv)_50개	0	0	0	0	0	0	0	0	0	0	0	0	2	1	4050	50	0	0	0	0	0	0	0	0	0	0	0	0	0				//12	
	65284	일반물약(3Lv)5종_5개	0	0	0	0	0	0	0	0	0	0	0	0	2	1	4072	1	0	0	0	0	0	0	0	0	0	0	0	0	0				//13	
	65285	정기(30분)4종_2개	0	0	0	0	0	0	0	0	0	0	0	0	2	1	60416	1	0	0	0	0	0	0	0	0	0	0	0	0	0				//14	
	65286	여신의은혜_2개	0	0	0	0	0	0	0	0	0	0	0	0	2	1	65401	2	0	0	0	0	0	0	0	0	0	0	0	0	0				//15	
	65287	체력회복약(6Lv)_100개	0	0	0	0	0	0	0	0	0	0	0	0	2	1	4049	100	0	0	0	0	0	0	0	0	0	0	0	0	0				//16	
	65288	일반탕이용권(7일)_1개	0	0	0	0	0	0	0	0	0	0	0	0	4	1	7254	1	10080	0	0	0	0	0	0	0	0	0	0	0	0				//17	
	65289	각성첨가제_1개	0	0	0	0	0	0	0	0	0	0	0	0	2	1	4403	1	0	0	0	0	0	0	0	0	0	0	0	0	0				//18	
	65290	즉시회복물약(5Lv)_100개	0	0	0	0	0	0	0	0	0	0	0	0	2	1	4050	100	0	0	0	0	0	0	0	0	0	0	0	0	0				//19	
	65291	일반물약(4Lv)5종_5개	0	0	0	0	0	0	0	0	0	0	0	0	2	1	4073	1	0	0	0	0	0	0	0	0	0	0	0	0	0				//20	
	65292	정기(30분)4종_2개	0	0	0	0	0	0	0	0	0	0	0	0	2	1	60416	1	0	0	0	0	0	0	0	0	0	0	0	0	0				//21	
	65293	여신의은혜_5개	0	0	0	0	0	0	0	0	0	0	0	0	2	1	65401	5	0	0	0	0	0	0	0	0	0	0	0	0	0				//22	
	65294	여신의물약(4Lv)_10개	0	0	0	0	0	0	0	0	0	0	0	0	2	1	60351	10	0	0	0	0	0	0	0	0	0	0	0	0	0				//23	
	65295	프리미엄탕이용권(3일)_1개	0	0	0	0	0	0	0	0	0	0	0	0	4	1	7255	1	4320	0	0	0	0	0	0	0	0	0	0	0	0				//24	
	65296	명인의키트_5개	0	0	0	0	0	0	0	0	0	0	0	0	2	1	65423	5	0	0	0	0	0	0	0	0	0	0	0	0	0				//25	
	65297	룬스톤(7일)_1개	0	0	0	0	0	0	0	0	0	0	0	0	4	1	65400	1	10080	0	0	0	0	0	0	0	0	0	0	0	0				//26	
	65298	영구조화와균형반지뽑기_1개	0	0	0	0	0	0	0	0	0	0	0	0	2	1	4075	1	0	0	0	0	0	0	0	0	0	0	0	0	0				//27	
	65299	헤르메시즘의성서(4-5소켓)_1개	0	0	0	0	0	0	0	0	0	0	0	0	2	1	60419	1	0	0	0	0	0	0	0	0	0	0	0	0	0				//28	
	65300	행운의부적	0	0	0	0	0	0	0	0	0	0	0	0	2	1	6118	1	0	0	0	0	0	0	0	0	0	0	0	0	0				//29	
//	65301																																		//30	
//3월																																			//3월	
//	65302	테섭출석보상	0	0	0	0	0	0	0	0	0	0	0	0	2	1	7316	1	0	0	0	0	0	0	0	0	0	0	0	0	0				//26	
//	65303																																		//2	
//	65304																																		//3	
//	65305																																		//4	
//	65306																																		//5	
//	65307																																		//6	
//	65308																																		//7	
//	65309																																		//8	
//	65310																																		//9	
//	65311																																		//10	
//	65312																																		//11	
//	65313																																		//12	
//	65314																																		//13	
//	65315																																		//14	
//	65316																																		//15	
//	65317																																		//16	
//	65318																																		//17	
//	65319																																		//18	
//	65320																																		//19	
//	65321																																		//20	
//	65322																																		//21	
//	65323																																		//22	
//	65324																																		//23	
//	65325																																		//24	
//	65326																																		//25	
	65327	체력회복약(6Lv)_20개	0	0	0	0	0	0	0	0	0	0	0	0	2	1	4049	20	0	0	0	0	0	0	0	0	0	0	0	0	0				//26	
	65328	해방군의의지(3일)_1개	0	0	0	0	0	0	0	0	0	0	0	0	4	1	65417	1	4320	0	0	0	0	0	0	0	0	0	0	0	0				//27	
	65329	일반물약(2Lv)5종_5개	0	0	0	0	0	0	0	0	0	0	0	0	2	1	4071	1	0	0	0	0	0	0	0	0	0	0	0	0	0				//28	
	65330	기세(30분)4종_2개	0	0	0	0	0	0	0	0	0	0	0	0	2	1	60415	1	0	0	0	0	0	0	0	0	0	0	0	0	0				//29	
	65331	지휘봉(7일)_1개	0	0	0	0	0	0	0	0	0	0	0	0	4	1	65418	1	10080	0	0	0	0	0	0	0	0	0	0	0	0				//30	
	65332	즉시회복물약(5Lv)_20개	0	0	0	0	0	0	0	0	0	0	0	0	2	1	4050	20	0	0	0	0	0	0	0	0	0	0	0	0	0				//31	
//4월																																			//4월	
	65333	여신의은혜_2개	0	0	0	0	0	0	0	0	0	0	0	0	2	1	65401	2	0	0	0	0	0	0	0	0	0	0	0	0	0				//1	
	65334	체력회복약(6Lv)_20개	0	0	0	0	0	0	0	0	0	0	0	0	2	1	4049	20	0	0	0	0	0	0	0	0	0	0	0	0	0				//2	
	65335	해방군의의지(3일)_1개	0	0	0	0	0	0	0	0	0	0	0	0	4	1	65417	1	4320	0	0	0	0	0	0	0	0	0	0	0	0				//3	
	65336	일반물약(2Lv)5종_5개	0	0	0	0	0	0	0	0	0	0	0	0	2	1	4071	1	0	0	0	0	0	0	0	0	0	0	0	0	0				//4	
	65337	기세(30분)4종_2개	0	0	0	0	0	0	0	0	0	0	0	0	2	1	60415	1	0	0	0	0	0	0	0	0	0	0	0	0	0				//5	
	65338	지휘봉(7일)_1개	0	0	0	0	0	0	0	0	0	0	0	0	4	1	65418	1	10080	0	0	0	0	0	0	0	0	0	0	0	0				//6	
	65339	즉시회복물약(5Lv)_20개	0	0	0	0	0	0	0	0	0	0	0	0	2	1	4050	20	0	0	0	0	0	0	0	0	0	0	0	0	0				//7	
	65340	여신의은혜_2개	0	0	0	0	0	0	0	0	0	0	0	0	2	1	65401	2	0	0	0	0	0	0	0	0	0	0	0	0	0				//8	
	65341	체력회복약(6Lv)_50개	0	0	0	0	0	0	0	0	0	0	0	0	2	1	4049	50	0	0	0	0	0	0	0	0	0	0	0	0	0				//9	
	65342	해방군의의지(3일)_1개	0	0	0	0	0	0	0	0	0	0	0	0	4	1	65417	1	4320	0	0	0	0	0	0	0	0	0	0	0	0				//10	
	65343	일반물약(3Lv)5종_5개	0	0	0	0	0	0	0	0	0	0	0	0	2	1	4072	1	0	0	0	0	0	0	0	0	0	0	0	0	0				//11	
	65344	정기(30분)4종_2개	0	0	0	0	0	0	0	0	0	0	0	0	2	1	60416	1	0	0	0	0	0	0	0	0	0	0	0	0	0				//12	
	65345	일일퀘스트초기화_1개	0	0	0	0	0	0	0	0	0	0	0	0	2	1	61256	1	0	0	0	0	0	0	0	0	0	0	0	0	0				//13	
	65346	즉시회복물약(5Lv)_50개	0	0	0	0	0	0	0	0	0	0	0	0	2	1	4050	50	0	0	0	0	0	0	0	0	0	0	0	0	0				//14	
	65347	여신의은혜_2개	0	0	0	0	0	0	0	0	0	0	0	0	2	1	65401	2	0	0	0	0	0	0	0	0	0	0	0	0	0				//15	
	65348	체력회복약(6Lv)_100개	0	0	0	0	0	0	0	0	0	0	0	0	2	1	4049	100	0	0	0	0	0	0	0	0	0	0	0	0	0				//16	
	65349	해방군의의지(3일)_1개	0	0	0	0	0	0	0	0	0	0	0	0	4	1	65417	1	4320	0	0	0	0	0	0	0	0	0	0	0	0				//17	
	65350	일반물약(4Lv)5종_5개	0	0	0	0	0	0	0	0	0	0	0	0	2	1	4073	1	0	0	0	0	0	0	0	0	0	0	0	0	0				//18	
	65351	정기(30분)4종_2개	0	0	0	0	0	0	0	0	0	0	0	0	2	1	60416	1	0	0	0	0	0	0	0	0	0	0	0	0	0				//19	
	65352	생명의나무_10개	0	0	0	0	0	0	0	0	0	0	0	0	2	1	60418	10	0	0	0	0	0	0	0	0	0	0	0	0	0				//20	
	65353	즉시회복물약(5Lv)_100개	0	0	0	0	0	0	0	0	0	0	0	0	2	1	4050	100	0	0	0	0	0	0	0	0	0	0	0	0	0				//21	
	65354	여신의은혜_5개	0	0	0	0	0	0	0	0	0	0	0	0	2	1	65401	5	0	0	0	0	0	0	0	0	0	0	0	0	0				//22	
	65355	여신의물약(4Lv)_10개	0	0	0	0	0	0	0	0	0	0	0	0	2	1	60351	10	0	0	0	0	0	0	0	0	0	0	0	0	0				//23	
	65356	해방군의의지(3일)_1개	0	0	0	0	0	0	0	0	0	0	0	0	4	1	65417	1	4320	0	0	0	0	0	0	0	0	0	0	0	0				//24	
	65357	일반물약(5Lv)5종_5개	0	0	0	0	0	0	0	0	0	0	0	0	2	1	4074	1	0	0	0	0	0	0	0	0	0	0	0	0	0				//25	
	65358	혼(30분)4종_2개	0	0	0	0	0	0	0	0	0	0	0	0	2	1	60417	1	0	0	0	0	0	0	0	0	0	0	0	0	0				//26	
	65359	명인의키트_5개	0	0	0	0	0	0	0	0	0	0	0	0	2	1	65423	5	0	0	0	0	0	0	0	0	0	0	0	0	0				//27	
	65360	영구조화와균형반지뽑기_1개	0	0	0	0	0	0	0	0	0	0	0	0	2	1	4075	1	0	0	0	0	0	0	0	0	0	0	0	0	0				//28	
	65361	룬스톤(7일)_1개	0	0	0	0	0	0	0	0	0	0	0	0	4	1	65400	1	10080	0	0	0	0	0	0	0	0	0	0	0	0				//29	
	65362	헤르메시즘의성서(4-5소켓)_1개	0	0	0	0	0	0	0	0	0	0	0	0	2	1	60419	1	0	0	0	0	0	0	0	0	0	0	0	0	0				//30	
//5월																																			//5월	
	65363	여신의은혜_4개	0	0	0	0	0	0	0	0	0	0	0	0	2	1	65401	4	0	0	0	0	0	0	0	0	0	0	0	0	0				//1	
	65364	체력회복약(6Lv)_40개	0	0	0	0	0	0	0	0	0	0	0	0	2	1	4049	40	0	0	0	0	0	0	0	0	0	0	0	0	0				//2	
	65365	기세(30분)4종_2개	0	0	0	0	0	0	0	0	0	0	0	0	2	2	60415	2	0	60415	1	0	0	0	0	0	0	0	0	0	0				//5	
	65366	해방군의의지(6일)_1개	0	0	0	0	0	0	0	0	0	0	0	0	4	1	65417	1	8640	0	0	0	0	0	0	0	0	0	0	0	0				//3	
	65367	일반물약(2Lv)5종_5개	0	0	0	0	0	0	0	0	0	0	0	0	2	2	4071	2	0	4071	1	0	0	0	0	0	0	0	0	0	0				//4	
	65368	지휘봉(7일)_1개	0	0	0	0	0	0	0	0	0	0	0	0	4	1	65418	1	20160	0	0	0	0	0	0	0	0	0	0	0	0				//6	
	65369	즉시회복물약(5Lv)_40개	0	0	0	0	0	0	0	0	0	0	0	0	2	1	4050	40	0	0	0	0	0	0	0	0	0	0	0	0	0				//7	
	65370	여신의은혜_4개	0	0	0	0	0	0	0	0	0	0	0	0	2	1	65401	4	0	0	0	0	0	0	0	0	0	0	0	0	0				//8	
	65371	체력회복약(6Lv)_100개	0	0	0	0	0	0	0	0	0	0	0	0	2	1	4049	100	0	0	0	0	0	0	0	0	0	0	0	0	0				//9	
	65372	정기(30분)4종_2개	0	0	0	0	0	0	0	0	0	0	0	0	2	2	60416	2	0	60416	1	0	0	0	0	0	0	0	0	0	0				//12	
	65373	해방군의의지(6일)_1개	0	0	0	0	0	0	0	0	0	0	0	0	4	1	65417	1	8640	0	0	0	0	0	0	0	0	0	0	0	0				//10	
	65374	일반물약(3Lv)5종_5개	0	0	0	0	0	0	0	0	0	0	0	0	2	2	4072	2	0	4072	1	0	0	0	0	0	0	0	0	0	0				//11	
	65375	일일퀘스트초기화_2개	0	0	0	0	0	0	0	0	0	0	0	0	2	1	61256	2	0	0	0	0	0	0	0	0	0	0	0	0	0				//13	
	65376	즉시회복물약(5Lv)_100개	0	0	0	0	0	0	0	0	0	0	0	0	2	1	4050	100	0	0	0	0	0	0	0	0	0	0	0	0	0				//14	
	65377	여신의은혜_4개	0	0	0	0	0	0	0	0	0	0	0	0	2	1	65401	4	0	0	0	0	0	0	0	0	0	0	0	0	0				//15	
	65378	체력회복약(6Lv)_200개	0	0	0	0	0	0	0	0	0	0	0	0	2	1	4049	200	0	0	0	0	0	0	0	0	0	0	0	0	0				//16	
	65379	정기(30분)4종_2개	0	0	0	0	0	0	0	0	0	0	0	0	2	2	60416	2	0	60416	1	0	0	0	0	0	0	0	0	0	0				//19	
	65380	해방군의의지(3일)_1개	0	0	0	0	0	0	0	0	0	0	0	0	4	1	65417	1	8640	0	0	0	0	0	0	0	0	0	0	0	0				//17	
	65381	일반물약(4Lv)5종_5개	0	0	0	0	0	0	0	0	0	0	0	0	2	2	4073	2	0	4073	1	0	0	0	0	0	0	0	0	0	0				//18	
	65382	생명의나무_20개	0	0	0	0	0	0	0	0	0	0	0	0	2	1	60418	20	0	0	0	0	0	0	0	0	0	0	0	0	0				//20	
	65383	즉시회복물약(5Lv)_200개	0	0	0	0	0	0	0	0	0	0	0	0	2	1	4050	200	0	0	0	0	0	0	0	0	0	0	0	0	0				//21	
	65384	여신의은혜_10개	0	0	0	0	0	0	0	0	0	0	0	0	2	1	65401	10	0	0	0	0	0	0	0	0	0	0	0	0	0				//22	
	65385	여신의물약(4Lv)_20개	0	0	0	0	0	0	0	0	0	0	0	0	2	1	60351	20	0	0	0	0	0	0	0	0	0	0	0	0	0				//23	
	65386	혼(30분)4종_2개	0	0	0	0	0	0	0	0	0	0	0	0	2	2	60417	2	0	60417	1	0	0	0	0	0	0	0	0	0	0				//26	
	65387	해방군의의지(3일)_1개	0	0	0	0	0	0	0	0	0	0	0	0	4	1	65417	1	8640	0	0	0	0	0	0	0	0	0	0	0	0				//24	
	65388	일반물약(5Lv)5종_5개	0	0	0	0	0	0	0	0	0	0	0	0	2	2	4074	2	0	4074	1	0	0	0	0	0	0	0	0	0	0				//25	
	65389	명인의키트_10개	0	0	0	0	0	0	0	0	0	0	0	0	2	1	65423	10	0	0	0	0	0	0	0	0	0	0	0	0	0				//27	
	65390	영구조화와균형반지뽑기_2개	0	0	0	0	0	0	0	0	0	0	0	0	2	2	4075	2	0	4075	1	0	0	0	0	0	0	0	0	0	0				//28	
	65391	룬스톤(14일)_1개	0	0	0	0	0	0	0	0	0	0	0	0	4	1	65400	1	20160	0	0	0	0	0	0	0	0	0	0	0	0				//29	
	65392	헤르메시즘의성서(4-5소켓)_2개	0	0	0	0	0	0	0	0	0	0	0	0	2	1	60419	2	0	0	0	0	0	0	0	0	0	0	0	0	0				//30	
	65393	행운의부적	0	0	0	0	0	0	0	0	0	0	0	0	2	1	6107	1	0	0	0	0	0	0	0	0	0	0	0	0	0				//26	
//6월																																			//6월	
	65394	여신의은혜_2개	0	0	0	0	0	0	0	0	0	0	0	0	2	1	65401	2	0	0	0	0	0	0	0	0	0	0	0	0	0				//1	
	65395	체력회복약(6Lv)_20개	0	0	0	0	0	0	0	0	0	0	0	0	2	1	4049	20	0	0	0	0	0	0	0	0	0	0	0	0	0				//2	
	65396	일반탕이용권(3일)_1개	0	0	0	0	0	0	0	0	0	0	0	0	4	1	7254	1	4320	0	0	0	0	0	0	0	0	0	0	0	0				//3	
	65397	일반물약(2Lv)5종_5개	0	0	0	0	0	0	0	0	0	0	0	0	2	1	4071	1	0	0	0	0	0	0	0	0	0	0	0	0	0				//4	
	65398	지휘봉(7일)_1개	0	0	0	0	0	0	0	0	0	0	0	0	4	1	65418	1	10080	0	0	0	0	0	0	0	0	0	0	0	0				//5	
	65399	즉시회복물약(5Lv)_20개	0	0	0	0	0	0	0	0	0	0	0	0	2	1	4050	20	0	0	0	0	0	0	0	0	0	0	0	0	0				//6	
	65400	기세(30분)4종_2개	0	0	0	0	0	0	0	0	0	0	0	0	2	1	60415	1	0	0	0	0	0	0	0	0	0	0	0	0	0				//7	
	65401	여신의은혜_2개	0	0	0	0	0	0	0	0	0	0	0	0	2	1	65401	2	0	0	0	0	0	0	0	0	0	0	0	0	0				//8	
	65402	체력회복약(6Lv)_50개	0	0	0	0	0	0	0	0	0	0	0	0	2	1	4049	50	0	0	0	0	0	0	0	0	0	0	0	0	0				//9	
	65403	일반탕이용권(3일)_1개	0	0	0	0	0	0	0	0	0	0	0	0	4	1	7254	1	4320	0	0	0	0	0	0	0	0	0	0	0	0				//10	
	65404	일반물약(3Lv)5종_5개	0	0	0	0	0	0	0	0	0	0	0	0	2	1	4072	1	0	0	0	0	0	0	0	0	0	0	0	0	0				//11	
	65405	일일퀘스트초기화_1개	0	0	0	0	0	0	0	0	0	0	0	0	2	1	61256	1	0	0	0	0	0	0	0	0	0	0	0	0	0				//12	
	65406	즉시회복물약(5Lv)_50개	0	0	0	0	0	0	0	0	0	0	0	0	2	1	4050	50	0	0	0	0	0	0	0	0	0	0	0	0	0				//13	
	65407	정기(30분)4종_2개	0	0	0	0	0	0	0	0	0	0	0	0	2	1	60416	1	0	0	0	0	0	0	0	0	0	0	0	0	0				//14	
	65408	여신의은혜_2개	0	0	0	0	0	0	0	0	0	0	0	0	2	1	65401	2	0	0	0	0	0	0	0	0	0	0	0	0	0				//15	
	65409	체력회복약(6Lv)_100개	0	0	0	0	0	0	0	0	0	0	0	0	2	1	4049	100	0	0	0	0	0	0	0	0	0	0	0	0	0				//16	
	65410	일반탕이용권(3일)_1개	0	0	0	0	0	0	0	0	0	0	0	0	4	1	7254	1	4320	0	0	0	0	0	0	0	0	0	0	0	0				//17	
	65411	일반물약(4Lv)5종_5개	0	0	0	0	0	0	0	0	0	0	0	0	2	1	4073	1	0	0	0	0	0	0	0	0	0	0	0	0	0				//18	
	65412	생명의나무_10개	0	0	0	0	0	0	0	0	0	0	0	0	2	1	60418	10	0	0	0	0	0	0	0	0	0	0	0	0	0				//19	
	65413	즉시회복물약(5Lv)_100개	0	0	0	0	0	0	0	0	0	0	0	0	2	1	4050	100	0	0	0	0	0	0	0	0	0	0	0	0	0				//20	
	65414	정기(30분)4종_2개	0	0	0	0	0	0	0	0	0	0	0	0	2	1	60416	1	0	0	0	0	0	0	0	0	0	0	0	0	0				//21	
	65415	여신의은혜_5개	0	0	0	0	0	0	0	0	0	0	0	0	2	1	65401	5	0	0	0	0	0	0	0	0	0	0	0	0	0				//22	
	65416	여신의물약(4Lv)_10개	0	0	0	0	0	0	0	0	0	0	0	0	2	1	60351	10	0	0	0	0	0	0	0	0	0	0	0	0	0				//23	
	65417	일반탕이용권(3일)_1개	0	0	0	0	0	0	0	0	0	0	0	0	4	1	7254	1	4320	0	0	0	0	0	0	0	0	0	0	0	0				//24	
	65418	일반물약(5Lv)5종_5개	0	0	0	0	0	0	0	0	0	0	0	0	2	1	4074	1	0	0	0	0	0	0	0	0	0	0	0	0	0				//25	
	65419	명인의키트_5개	0	0	0	0	0	0	0	0	0	0	0	0	2	1	65423	5	0	0	0	0	0	0	0	0	0	0	0	0	0				//26	
	65420	즉시회복물약(5Lv)_100개	0	0	0	0	0	0	0	0	0	0	0	0	2	1	4050	150	0	0	0	0	0	0	0	0	0	0	0	0	0				//27	
	65421	영구조화와균형반지뽑기_1개	0	0	0	0	0	0	0	0	0	0	0	0	2	1	4075	1	0	0	0	0	0	0	0	0	0	0	0	0	0				//28	
	65422	헤르메시즘의성서(4-5소켓)_1개	0	0	0	0	0	0	0	0	0	0	0	0	2	1	60419	1	0	0	0	0	0	0	0	0	0	0	0	0	0				//29	
	65423	행운의부적	0	0	0	0	0	0	0	0	0	0	0	0	2	1	6107	1	0	0	0	0	0	0	0	0	0	0	0	0	0				//30	
//7월																																			//7월	
	65424	일반탕이용권(3일)_1개	0	0	0	0	0	0	0	0	0	0	0	0	4	1	7254	1	4320	0	0	0	0	0	0	0	0	0	0	0	0				//1	
	65425	여신의은혜_2개	0	0	0	0	0	0	0	0	0	0	0	0	2	1	65401	2	0	0	0	0	0	0	0	0	0	0	0	0	0				//2	
	65426	체력회복약(6Lv)_20개	0	0	0	0	0	0	0	0	0	0	0	0	2	1	4049	20	0	0	0	0	0	0	0	0	0	0	0	0	0				//3	
	65427	일반물약(2Lv)5종_5개	0	0	0	0	0	0	0	0	0	0	0	0	2	1	4071	1	0	0	0	0	0	0	0	0	0	0	0	0	0				//4	
	65428	기세(30분)4종_2개	0	0	0	0	0	0	0	0	0	0	0	0	2	1	60415	1	0	0	0	0	0	0	0	0	0	0	0	0	0				//5	
	65429	지휘봉(7일)_1개	0	0	0	0	0	0	0	0	0	0	0	0	4	1	65418	1	10080	0	0	0	0	0	0	0	0	0	0	0	0				//6	
	65430	즉시회복물약(5Lv)_20개	0	0	0	0	0	0	0	0	0	0	0	0	2	1	4050	20	0	0	0	0	0	0	0	0	0	0	0	0	0				//7	
	65431	일반탕이용권(3일)_1개	0	0	0	0	0	0	0	0	0	0	0	0	4	1	7254	1	4320	0	0	0	0	0	0	0	0	0	0	0	0				//8	
	65432	여신의은혜_2개	0	0	0	0	0	0	0	0	0	0	0	0	2	1	65401	2	0	0	0	0	0	0	0	0	0	0	0	0	0				//9	
	65433	체력회복약(6Lv)_50개	0	0	0	0	0	0	0	0	0	0	0	0	2	1	4049	50	0	0	0	0	0	0	0	0	0	0	0	0	0				//10	
	65434	일반물약(3Lv)5종_5개	0	0	0	0	0	0	0	0	0	0	0	0	2	1	4072	1	0	0	0	0	0	0	0	0	0	0	0	0	0				//11	
	65435	정기(30분)4종_2개	0	0	0	0	0	0	0	0	0	0	0	0	2	1	60416	1	0	0	0	0	0	0	0	0	0	0	0	0	0				//12	
	65436	일일퀘스트초기화_1개	0	0	0	0	0	0	0	0	0	0	0	0	2	1	61256	1	0	0	0	0	0	0	0	0	0	0	0	0	0				//13	
	65437	즉시회복물약(5Lv)_50개	0	0	0	0	0	0	0	0	0	0	0	0	2	1	4050	50	0	0	0	0	0	0	0	0	0	0	0	0	0				//14	
	65438	일반탕이용권(3일)_1개	0	0	0	0	0	0	0	0	0	0	0	0	4	1	7328	1	4320	0	0	0	0	0	0	0	0	0	0	0	0				//15	
	65439	여신의은혜_2개	0	0	0	0	0	0	0	0	0	0	0	0	2	1	65401	2	0	0	0	0	0	0	0	0	0	0	0	0	0				//16	
	65440	체력회복약(6Lv)_100개	0	0	0	0	0	0	0	0	0	0	0	0	2	1	4049	100	0	0	0	0	0	0	0	0	0	0	0	0	0				//17	
	65441	일반물약(4Lv)5종_5개	0	0	0	0	0	0	0	0	0	0	0	0	2	1	4073	1	0	0	0	0	0	0	0	0	0	0	0	0	0				//18	
	65442	정기(30분)4종_2개	0	0	0	0	0	0	0	0	0	0	0	0	2	1	60416	1	0	0	0	0	0	0	0	0	0	0	0	0	0				//19	
	65443	생명의나무_10개	0	0	0	0	0	0	0	0	0	0	0	0	2	1	60418	10	0	0	0	0	0	0	0	0	0	0	0	0	0				//20	
	65444	즉시회복물약(5Lv)_100개	0	0	0	0	0	0	0	0	0	0	0	0	2	1	4050	100	0	0	0	0	0	0	0	0	0	0	0	0	0				//21	
	65445	일반탕이용권(3일)_1개	0	0	0	0	0	0	0	0	0	0	0	0	4	1	7328	1	4320	0	0	0	0	0	0	0	0	0	0	0	0				//22	
	65446	여신의은혜_5개	0	0	0	0	0	0	0	0	0	0	0	0	2	1	65401	5	0	0	0	0	0	0	0	0	0	0	0	0	0				//23	
	65447	여신의물약(4Lv)_10개	0	0	0	0	0	0	0	0	0	0	0	0	2	1	60351	10	0	0	0	0	0	0	0	0	0	0	0	0	0				//24	
	65448	일반물약(5Lv)5종_5개	0	0	0	0	0	0	0	0	0	0	0	0	2	1	4074	1	0	0	0	0	0	0	0	0	0	0	0	0	0				//25	
	65449	혼(30분)4종_2개	0	0	0	0	0	0	0	0	0	0	0	0	2	1	60417	1	0	0	0	0	0	0	0	0	0	0	0	0	0				//26	
	65450	룬스톤(7일)_1개	0	0	0	0	0	0	0	0	0	0	0	0	4	1	65400	1	10080	0	0	0	0	0	0	0	0	0	0	0	0				//27	
	65451	영구조화와균형반지뽑기_1개	0	0	0	0	0	0	0	0	0	0	0	0	2	1	4075	1	0	0	0	0	0	0	0	0	0	0	0	0	0				//28	
	65452	헤르메시즘의성서(4-5소켓)_1개	0	0	0	0	0	0	0	0	0	0	0	0	2	1	60419	1	0	0	0	0	0	0	0	0	0	0	0	0	0				//29	
	65453	수영복교환티켓_1개	0	0	0	0	0	0	0	0	0	0	0	0	2	1	49181	1	0	0	0	0	0	0	0	0	0	0	0	0	0				//30	
	65454	행운의부적	0	0	0	0	0	0	0	0	0	0	0	0	2	1	6107	1	0	0	0	0	0	0	0	0	0	0	0	0	0				//31	
//8월																																			//8월	
	65455	일반물약(2Lv)5종_5개	0	0	0	0	0	0	0	0	0	0	0	0	2	1	4071	1	0	0	0	0	0	0	0	0	0	0	0	0	0				//1	
	65456	기세(30분)4종_2개	0	0	0	0	0	0	0	0	0	0	0	0	2	1	60415	1	0	0	0	0	0	0	0	0	0	0	0	0	0				//2	
	65457	여신의은혜_2개	0	0	0	0	0	0	0	0	0	0	0	0	2	1	65401	2	0	0	0	0	0	0	0	0	0	0	0	0	0				//3	
	65458	체력회복약(6Lv)_20개	0	0	0	0	0	0	0	0	0	0	0	0	2	1	4049	20	0	0	0	0	0	0	0	0	0	0	0	0	0				//4	
	65459	일반탕이용권(3일)_1개	0	0	0	0	0	0	0	0	0	0	0	0	4	1	7328	1	4320	0	0	0	0	0	0	0	0	0	0	0	0				//5	
	65460	지휘봉(7일)_1개	0	0	0	0	0	0	0	0	0	0	0	0	4	1	65418	1	10080	0	0	0	0	0	0	0	0	0	0	0	0				//6	
	65461	즉시회복물약(5Lv)_20개	0	0	0	0	0	0	0	0	0	0	0	0	2	1	4050	20	0	0	0	0	0	0	0	0	0	0	0	0	0				//7	
	65462	일반물약(3Lv)5종_5개	0	0	0	0	0	0	0	0	0	0	0	0	2	1	4072	1	0	0	0	0	0	0	0	0	0	0	0	0	0				//8	
	65463	정기(30분)4종_2개	0	0	0	0	0	0	0	0	0	0	0	0	2	1	60416	1	0	0	0	0	0	0	0	0	0	0	0	0	0				//9	
	65464	여신의은혜_2개	0	0	0	0	0	0	0	0	0	0	0	0	2	1	65401	2	0	0	0	0	0	0	0	0	0	0	0	0	0				//10	
	65465	체력회복약(6Lv)_50개	0	0	0	0	0	0	0	0	0	0	0	0	2	1	4049	50	0	0	0	0	0	0	0	0	0	0	0	0	0				//11	
	65466	일반탕이용권(3일)_1개	0	0	0	0	0	0	0	0	0	0	0	0	4	1	7328	1	4320	0	0	0	0	0	0	0	0	0	0	0	0				//12	
	65467	일일퀘스트초기화_1개	0	0	0	0	0	0	0	0	0	0	0	0	2	1	61256	1	0	0	0	0	0	0	0	0	0	0	0	0	0				//13	
	65468	즉시회복물약(5Lv)_50개	0	0	0	0	0	0	0	0	0	0	0	0	2	1	4050	50	0	0	0	0	0	0	0	0	0	0	0	0	0				//14	
	65469	일반물약(4Lv)5종_5개	0	0	0	0	0	0	0	0	0	0	0	0	2	1	4073	1	0	0	0	0	0	0	0	0	0	0	0	0	0				//15	
	65470	정기(30분)4종_2개	0	0	0	0	0	0	0	0	0	0	0	0	2	1	60416	1	0	0	0	0	0	0	0	0	0	0	0	0	0				//16	
	65471	여신의은혜_2개	0	0	0	0	0	0	0	0	0	0	0	0	2	1	65401	2	0	0	0	0	0	0	0	0	0	0	0	0	0				//17	
	65472	체력회복약(6Lv)_100개	0	0	0	0	0	0	0	0	0	0	0	0	2	1	4049	100	0	0	0	0	0	0	0	0	0	0	0	0	0				//18	
	65473	일반탕이용권(3일)_1개	0	0	0	0	0	0	0	0	0	0	0	0	4	1	7328	1	4320	0	0	0	0	0	0	0	0	0	0	0	0				//19	
	65474	생명의나무_10개	0	0	0	0	0	0	0	0	0	0	0	0	2	1	60418	10	0	0	0	0	0	0	0	0	0	0	0	0	0				//20	
	65475	즉시회복물약(5Lv)_100개	0	0	0	0	0	0	0	0	0	0	0	0	2	1	4050	100	0	0	0	0	0	0	0	0	0	0	0	0	0				//21	
	65476	일반물약(5Lv)5종_5개	0	0	0	0	0	0	0	0	0	0	0	0	2	1	4074	1	0	0	0	0	0	0	0	0	0	0	0	0	0				//22	
	65477	혼(30분)4종_2개	0	0	0	0	0	0	0	0	0	0	0	0	2	1	60417	1	0	0	0	0	0	0	0	0	0	0	0	0	0				//23	
	65478	여신의은혜_5개	0	0	0	0	0	0	0	0	0	0	0	0	2	1	65401	5	0	0	0	0	0	0	0	0	0	0	0	0	0				//24	
	65479	여신의물약(4Lv)_10개	0	0	0	0	0	0	0	0	0	0	0	0	2	1	60351	10	0	0	0	0	0	0	0	0	0	0	0	0	0				//25	
	65480	일반탕이용권(3일)_1개	0	0	0	0	0	0	0	0	0	0	0	0	4	1	7254	1	4320	0	0	0	0	0	0	0	0	0	0	0	0				//26	
	65481	명인의키트_5개	0	0	0	0	0	0	0	0	0	0	0	0	2	1	65423	5	0	0	0	0	0	0	0	0	0	0	0	0	0				//27	
	65482	룬스톤(7일)_1개	0	0	0	0	0	0	0	0	0	0	0	0	4	1	65400	1	10080	0	0	0	0	0	0	0	0	0	0	0	0				//28	
	65483	영구조화와균형반지뽑기_1개	0	0	0	0	0	0	0	0	0	0	0	0	2	1	4075	1	0	0	0	0	0	0	0	0	0	0	0	0	0				//29	
	65484	헤르메시즘의성서(4-5소켓)_1개	0	0	0	0	0	0	0	0	0	0	0	0	2	1	60419	1	0	0	0	0	0	0	0	0	0	0	0	0	0				//30	
	65485	행운의부적	0	0	0	0	0	0	0	0	0	0	0	0	2	1	6107	1	0	0	0	0	0	0	0	0	0	0	0	0	0				//31	
//9월																																			//9월	
	65486	여신의은혜_2개	0	0	0	0	0	0	0	0	0	0	0	0	2	1	65401	2	0	0	0	0	0	0	0	0	0	0	0	0	0				//1	
	65487	일반탕이용권(3일)_1개	0	0	0	0	0	0	0	0	0	0	0	0	4	1	7254	1	4320	0	0	0	0	0	0	0	0	0	0	0	0				//2	
	65488	체력회복약(6Lv)_20개	0	0	0	0	0	0	0	0	0	0	0	0	2	1	4049	20	0	0	0	0	0	0	0	0	0	0	0	0	0				//3	
	65489	지휘봉(7일)_1개	0	0	0	0	0	0	0	0	0	0	0	0	4	1	65418	1	10080	0	0	0	0	0	0	0	0	0	0	0	0				//4	
	65490	일반물약(2Lv)5종_5개	0	0	0	0	0	0	0	0	0	0	0	0	2	1	4071	1	0	0	0	0	0	0	0	0	0	0	0	0	0				//5	
	65491	기세(30분)4종_2개	0	0	0	0	0	0	0	0	0	0	0	0	2	1	60415	1	0	0	0	0	0	0	0	0	0	0	0	0	0				//6	
	65492	즉시회복물약(5Lv)_20개	0	0	0	0	0	0	0	0	0	0	0	0	2	1	4050	20	0	0	0	0	0	0	0	0	0	0	0	0	0				//7	
	65493	여신의은혜_2개	0	0	0	0	0	0	0	0	0	0	0	0	2	1	65401	2	0	0	0	0	0	0	0	0	0	0	0	0	0				//8	
	65494	일반탕이용권(3일)_1개	0	0	0	0	0	0	0	0	0	0	0	0	4	1	7254	1	4320	0	0	0	0	0	0	0	0	0	0	0	0				//9	
	65495	체력회복약(6Lv)_50개	0	0	0	0	0	0	0	0	0	0	0	0	2	1	4049	50	0	0	0	0	0	0	0	0	0	0	0	0	0				//10	
	65496	일일퀘스트초기화_1개	0	0	0	0	0	0	0	0	0	0	0	0	2	1	61256	1	0	0	0	0	0	0	0	0	0	0	0	0	0				//11	
	65497	일반물약(3Lv)5종_5개	0	0	0	0	0	0	0	0	0	0	0	0	2	1	4072	1	0	0	0	0	0	0	0	0	0	0	0	0	0				//12	
	65498	정기(30분)4종_2개	0	0	0	0	0	0	0	0	0	0	0	0	2	1	60416	1	0	0	0	0	0	0	0	0	0	0	0	0	0				//13	
	65499	즉시회복물약(5Lv)_50개	0	0	0	0	0	0	0	0	0	0	0	0	2	1	4050	50	0	0	0	0	0	0	0	0	0	0	0	0	0				//14	
	65500	여신의은혜_2개	0	0	0	0	0	0	0	0	0	0	0	0	2	1	65401	2	0	0	0	0	0	0	0	0	0	0	0	0	0				//15	
	65501	일반탕이용권(3일)_1개	0	0	0	0	0	0	0	0	0	0	0	0	4	1	7254	1	4320	0	0	0	0	0	0	0	0	0	0	0	0				//16	
	65502	체력회복약(6Lv)_100개	0	0	0	0	0	0	0	0	0	0	0	0	2	1	4049	100	0	0	0	0	0	0	0	0	0	0	0	0	0				//17	
	65503	생명의나무_10개	0	0	0	0	0	0	0	0	0	0	0	0	2	1	60418	10	0	0	0	0	0	0	0	0	0	0	0	0	0				//18	
	65504	일반물약(4Lv)5종_5개	0	0	0	0	0	0	0	0	0	0	0	0	2	1	4073	1	0	0	0	0	0	0	0	0	0	0	0	0	0				//19	
	65505	정기(30분)4종_2개	0	0	0	0	0	0	0	0	0	0	0	0	2	1	60416	1	0	0	0	0	0	0	0	0	0	0	0	0	0				//20	
	65506	즉시회복물약(5Lv)_100개	0	0	0	0	0	0	0	0	0	0	0	0	2	1	4050	100	0	0	0	0	0	0	0	0	0	0	0	0	0				//21	
	65507	여신의은혜_5개	0	0	0	0	0	0	0	0	0	0	0	0	2	1	65401	5	0	0	0	0	0	0	0	0	0	0	0	0	0				//22	
	65508	일반탕이용권(3일)_1개	0	0	0	0	0	0	0	0	0	0	0	0	4	1	7254	1	4320	0	0	0	0	0	0	0	0	0	0	0	0				//23	
	65509	여신의물약(4Lv)_10개	0	0	0	0	0	0	0	0	0	0	0	0	2	1	60351	10	0	0	0	0	0	0	0	0	0	0	0	0	0				//24	
	65510	명인의키트_5개	0	0	0	0	0	0	0	0	0	0	0	0	2	1	65423	5	0	0	0	0	0	0	0	0	0	0	0	0	0				//25	
	65511	일반물약(5Lv)5종_5개	0	0	0	0	0	0	0	0	0	0	0	0	2	1	4074	1	0	0	0	0	0	0	0	0	0	0	0	0	0				//26	
	65512	룬스톤(7일)_1개	0	0	0	0	0	0	0	0	0	0	0	0	4	1	65400	1	10080	0	0	0	0	0	0	0	0	0	0	0	0				//27	
	65513	영구조화와균형반지뽑기_1개	0	0	0	0	0	0	0	0	0	0	0	0	2	1	4075	1	0	0	0	0	0	0	0	0	0	0	0	0	0				//28	
	65514	헤르메시즘의성서(4-5소켓)_1개	0	0	0	0	0	0	0	0	0	0	0	0	2	1	60419	1	0	0	0	0	0	0	0	0	0	0	0	0	0				//29	
	65515	행운의부적	0	0	0	0	0	0	0	0	0	0	0	0	2	1	6107	1	0	0	0	0	0	0	0	0	0	0	0	0	0				//30	
//10월																																			//10월	
	30001	여신의은혜_2개	0	0	0	0	0	0	0	0	0	0	0	0	2	1	65401	2	0	0	0	0	0	0	0	0	0	0	0	0	0				//1	
	30002	체력회복약(6Lv)_20개	0	0	0	0	0	0	0	0	0	0	0	0	2	1	4049	20	0	0	0	0	0	0	0	0	0	0	0	0	0				//2	
	30003	일반물약(2Lv)5종_5개	0	0	0	0	0	0	0	0	0	0	0	0	2	1	4071	1	0	0	0	0	0	0	0	0	0	0	0	0	0				//3	
	30004	기세(30분)4종_2개	0	0	0	0	0	0	0	0	0	0	0	0	2	1	60415	1	0	0	0	0	0	0	0	0	0	0	0	0	0				//4	
	30005	지휘봉(7일)_1개	0	0	0	0	0	0	0	0	0	0	0	0	4	1	65418	1	10080	0	0	0	0	0	0	0	0	0	0	0	0				//5	
	30006	즉시회복물약(5Lv)_20개	0	0	0	0	0	0	0	0	0	0	0	0	2	1	4050	20	0	0	0	0	0	0	0	0	0	0	0	0	0				//6	
	30007	일반탕이용권(3일)_1개	0	0	0	0	0	0	0	0	0	0	0	0	4	1	7254	1	4320	0	0	0	0	0	0	0	0	0	0	0	0				//7	
	30008	여신의은혜_2개	0	0	0	0	0	0	0	0	0	0	0	0	2	1	65401	2	0	0	0	0	0	0	0	0	0	0	0	0	0				//8	
	30009	체력회복약(6Lv)_50개	0	0	0	0	0	0	0	0	0	0	0	0	2	1	4049	50	0	0	0	0	0	0	0	0	0	0	0	0	0				//9	
	30010	일반물약(3Lv)5종_5개	0	0	0	0	0	0	0	0	0	0	0	0	2	1	4072	1	0	0	0	0	0	0	0	0	0	0	0	0	0				//10	
	30011	정기(30분)4종_2개	0	0	0	0	0	0	0	0	0	0	0	0	2	1	60416	1	0	0	0	0	0	0	0	0	0	0	0	0	0				//11	
	30012	일일퀘스트초기화_1개	0	0	0	0	0	0	0	0	0	0	0	0	2	1	61256	1	0	0	0	0	0	0	0	0	0	0	0	0	0				//12	
	30013	즉시회복물약(5Lv)_50개	0	0	0	0	0	0	0	0	0	0	0	0	2	1	4050	50	0	0	0	0	0	0	0	0	0	0	0	0	0				//13	
	30014	일반탕이용권(3일)_1개	0	0	0	0	0	0	0	0	0	0	0	0	4	1	7254	1	4320	0	0	0	0	0	0	0	0	0	0	0	0				//14	
	30015	여신의은혜_2개	0	0	0	0	0	0	0	0	0	0	0	0	2	1	65401	2	0	0	0	0	0	0	0	0	0	0	0	0	0				//15	
	30016	체력회복약(6Lv)_100개	0	0	0	0	0	0	0	0	0	0	0	0	2	1	4049	100	0	0	0	0	0	0	0	0	0	0	0	0	0				//16	
	30017	일반물약(4Lv)5종_5개	0	0	0	0	0	0	0	0	0	0	0	0	2	1	4073	1	0	0	0	0	0	0	0	0	0	0	0	0	0				//17	
	30018	정기(30분)4종_2개	0	0	0	0	0	0	0	0	0	0	0	0	2	1	60416	1	0	0	0	0	0	0	0	0	0	0	0	0	0				//18	
	30019	생명의나무_10개	0	0	0	0	0	0	0	0	0	0	0	0	2	1	60418	10	0	0	0	0	0	0	0	0	0	0	0	0	0				//19	
	30020	즉시회복물약(5Lv)_100개	0	0	0	0	0	0	0	0	0	0	0	0	2	1	4050	100	0	0	0	0	0	0	0	0	0	0	0	0	0				//20	
	30021	일반탕이용권(3일)_1개	0	0	0	0	0	0	0	0	0	0	0	0	4	1	7254	1	4320	0	0	0	0	0	0	0	0	0	0	0	0				//21	
	30022	여신의은혜_5개	0	0	0	0	0	0	0	0	0	0	0	0	2	1	65401	5	0	0	0	0	0	0	0	0	0	0	0	0	0				//22	
	30023	여신의물약(4Lv)_10개	0	0	0	0	0	0	0	0	0	0	0	0	2	1	60351	10	0	0	0	0	0	0	0	0	0	0	0	0	0				//23	
	30024	일반물약(5Lv)5종_5개	0	0	0	0	0	0	0	0	0	0	0	0	2	1	4074	1	0	0	0	0	0	0	0	0	0	0	0	0	0				//24	
	30025	혼(30분)4종_2개	0	0	0	0	0	0	0	0	0	0	0	0	2	1	60417	1	0	0	0	0	0	0	0	0	0	0	0	0	0				//25	
	30026	명인의키트_5개	0	0	0	0	0	0	0	0	0	0	0	0	2	1	65423	5	0	0	0	0	0	0	0	0	0	0	0	0	0				//26	
	30027	즉시회복물약(5Lv)_150개	0	0	0	0	0	0	0	0	0	0	0	0	2	1	4050	150	0	0	0	0	0	0	0	0	0	0	0	0	0				//27	
	30028	룬스톤(7일)_1개	0	0	0	0	0	0	0	0	0	0	0	0	4	1	65400	1	10080	0	0	0	0	0	0	0	0	0	0	0	0				//28	
	30029	영구조화와균형반지뽑기_1개	0	0	0	0	0	0	0	0	0	0	0	0	2	1	4075	1	0	0	0	0	0	0	0	0	0	0	0	0	0				//29	
	30030	헤르메시즘의성서(4-5소켓)_1개	0	0	0	0	0	0	0	0	0	0	0	0	2	1	60419	1	0	0	0	0	0	0	0	0	0	0	0	0	0				//30	
	30031	행운의부적	0	0	0	0	0	0	0	0	0	0	0	0	2	1	6107	1	0	0	0	0	0	0	0	0	0	0	0	0	0				//31	
//11월																																			//11월	
	30032	기세(30분)4종_2개	0	0	0	0	0	0	0	0	0	0	0	0	2	1	60415	1	0	0	0	0	0	0	0	0	0	0	0	0	0				//1	
	30033	여신의은혜_2개	0	0	0	0	0	0	0	0	0	0	0	0	2	1	65401	2	0	0	0	0	0	0	0	0	0	0	0	0	0				//2	
	30034	체력회복약(6Lv)_20개	0	0	0	0	0	0	0	0	0	0	0	0	2	1	4049	20	0	0	0	0	0	0	0	0	0	0	0	0	0				//3	
	30035	일반탕이용권(3일)_1개	0	0	0	0	0	0	0	0	0	0	0	0	4	1	7254	1	4320	0	0	0	0	0	0	0	0	0	0	0	0				//4	
	30036	지휘봉(7일)_1개	0	0	0	0	0	0	0	0	0	0	0	0	4	1	65418	1	10080	0	0	0	0	0	0	0	0	0	0	0	0				//5	
	30037	즉시회복물약(5Lv)_20개	0	0	0	0	0	0	0	0	0	0	0	0	2	1	4050	20	0	0	0	0	0	0	0	0	0	0	0	0	0				//6	
	30038	일반물약(2Lv)5종_5개	0	0	0	0	0	0	0	0	0	0	0	0	2	1	4071	1	0	0	0	0	0	0	0	0	0	0	0	0	0				//7	
	30039	정기(30분)4종_2개	0	0	0	0	0	0	0	0	0	0	0	0	2	1	60416	1	0	0	0	0	0	0	0	0	0	0	0	0	0				//8	
	30040	여신의은혜_2개	0	0	0	0	0	0	0	0	0	0	0	0	2	1	65401	2	0	0	0	0	0	0	0	0	0	0	0	0	0				//9	
	30041	체력회복약(6Lv)_50개	0	0	0	0	0	0	0	0	0	0	0	0	2	1	4049	50	0	0	0	0	0	0	0	0	0	0	0	0	0				//10	
	30042	일반탕이용권(3일)_1개	0	0	0	0	0	0	0	0	0	0	0	0	4	1	7254	1	4320	0	0	0	0	0	0	0	0	0	0	0	0				//11	
	30043	일일퀘스트초기화_1개	0	0	0	0	0	0	0	0	0	0	0	0	2	1	61256	1	0	0	0	0	0	0	0	0	0	0	0	0	0				//12	
	30044	즉시회복물약(5Lv)_50개	0	0	0	0	0	0	0	0	0	0	0	0	2	1	4050	50	0	0	0	0	0	0	0	0	0	0	0	0	0				//13	
	30045	일반물약(3Lv)5종_5개	0	0	0	0	0	0	0	0	0	0	0	0	2	1	4072	1	0	0	0	0	0	0	0	0	0	0	0	0	0				//14	
	30046	정기(30분)4종_2개	0	0	0	0	0	0	0	0	0	0	0	0	2	1	60416	1	0	0	0	0	0	0	0	0	0	0	0	0	0				//15	
	30047	여신의은혜_2개	0	0	0	0	0	0	0	0	0	0	0	0	2	1	65401	2	0	0	0	0	0	0	0	0	0	0	0	0	0				//16	
	30048	체력회복약(6Lv)_100개	0	0	0	0	0	0	0	0	0	0	0	0	2	1	4049	100	0	0	0	0	0	0	0	0	0	0	0	0	0				//17	
	30049	일반탕이용권(3일)_1개	0	0	0	0	0	0	0	0	0	0	0	0	4	1	7254	1	4320	0	0	0	0	0	0	0	0	0	0	0	0				//18	
	30050	생명의나무_10개	0	0	0	0	0	0	0	0	0	0	0	0	2	1	60418	10	0	0	0	0	0	0	0	0	0	0	0	0	0				//19	
	30051	즉시회복물약(5Lv)_100개	0	0	0	0	0	0	0	0	0	0	0	0	2	1	4050	100	0	0	0	0	0	0	0	0	0	0	0	0	0				//20	
	30052	일반물약(4Lv)5종_5개	0	0	0	0	0	0	0	0	0	0	0	0	2	1	4073	1	0	0	0	0	0	0	0	0	0	0	0	0	0				//21	
	30053	혼(30분)4종_2개	0	0	0	0	0	0	0	0	0	0	0	0	2	1	60417	1	0	0	0	0	0	0	0	0	0	0	0	0	0				//22	
	30054	여신의은혜_5개	0	0	0	0	0	0	0	0	0	0	0	0	2	1	65401	5	0	0	0	0	0	0	0	0	0	0	0	0	0				//23	
	30055	여신의물약(4Lv)_10개	0	0	0	0	0	0	0	0	0	0	0	0	2	1	60351	10	0	0	0	0	0	0	0	0	0	0	0	0	0				//24	
	30056	일반탕이용권(3일)_1개	0	0	0	0	0	0	0	0	0	0	0	0	4	1	7254	1	4320	0	0	0	0	0	0	0	0	0	0	0	0				//25	
	30057	명인의키트_5개	0	0	0	0	0	0	0	0	0	0	0	0	2	1	65423	5	0	0	0	0	0	0	0	0	0	0	0	0	0				//26	
	30058	룬스톤(7일)_1개	0	0	0	0	0	0	0	0	0	0	0	0	4	1	65400	1	10080	0	0	0	0	0	0	0	0	0	0	0	0				//27	
	30059	영구조화와균형반지뽑기_1개	0	0	0	0	0	0	0	0	0	0	0	0	2	1	4075	1	0	0	0	0	0	0	0	0	0	0	0	0	0				//28	
	30060	헤르메시즘의성서(4-5소켓)_1개	0	0	0	0	0	0	0	0	0	0	0	0	2	1	60419	1	0	0	0	0	0	0	0	0	0	0	0	0	0				//29	
	30061	행운의부적	0	0	0	0	0	0	0	0	0	0	0	0	2	1	6107	1	0	0	0	0	0	0	0	0	0	0	0	0	0				//30	
//12월																																			//12월	
	30062	체력회복약(6Lv)_20개	0	0	0	0	0	0	0	0	0	0	0	0	2	1	4049	20	0	0	0	0	0	0	0	0	0	0	0	0	0				//1	
	30063	일반탕이용권(3일)_1개	0	0	0	0	0	0	0	0	0	0	0	0	4	1	7254	1	4320	0	0	0	0	0	0	0	0	0	0	0	0				//2	
	30064	지휘봉(7일)_1개	0	0	0	0	0	0	0	0	0	0	0	0	4	1	65418	1	10080	0	0	0	0	0	0	0	0	0	0	0	0				//3	
	30065	즉시회복물약(5Lv)_20개	0	0	0	0	0	0	0	0	0	0	0	0	2	1	4050	20	0	0	0	0	0	0	0	0	0	0	0	0	0				//4	
	30066	일반물약(2Lv)5종_5개	0	0	0	0	0	0	0	0	0	0	0	0	2	1	4071	1	0	0	0	0	0	0	0	0	0	0	0	0	0				//5	
	30067	기세(30분)4종_2개	0	0	0	0	0	0	0	0	0	0	0	0	2	1	60415	1	0	0	0	0	0	0	0	0	0	0	0	0	0				//6	
	30068	여신의은혜_2개	0	0	0	0	0	0	0	0	0	0	0	0	2	1	65401	2	0	0	0	0	0	0	0	0	0	0	0	0	0				//7	
	30069	체력회복약(6Lv)_50개	0	0	0	0	0	0	0	0	0	0	0	0	2	1	4049	50	0	0	0	0	0	0	0	0	0	0	0	0	0				//8	
	30070	일반탕이용권(3일)_1개	0	0	0	0	0	0	0	0	0	0	0	0	4	1	7254	1	4320	0	0	0	0	0	0	0	0	0	0	0	0				//9	
	30071	일일퀘스트초기화_1개	0	0	0	0	0	0	0	0	0	0	0	0	2	1	61256	1	0	0	0	0	0	0	0	0	0	0	0	0	0				//10	
	30072	즉시회복물약(5Lv)_50개	0	0	0	0	0	0	0	0	0	0	0	0	2	1	4050	50	0	0	0	0	0	0	0	0	0	0	0	0	0				//11	
	30073	일반물약(3Lv)5종_5개	0	0	0	0	0	0	0	0	0	0	0	0	2	1	4072	1	0	0	0	0	0	0	0	0	0	0	0	0	0				//12	
	30074	정기(30분)4종_2개	0	0	0	0	0	0	0	0	0	0	0	0	2	1	60416	1	0	0	0	0	0	0	0	0	0	0	0	0	0				//13	
	30075	여신의은혜_2개	0	0	0	0	0	0	0	0	0	0	0	0	2	1	65401	2	0	0	0	0	0	0	0	0	0	0	0	0	0				//14	
	30076	체력회복약(6Lv)_100개	0	0	0	0	0	0	0	0	0	0	0	0	2	1	4049	100	0	0	0	0	0	0	0	0	0	0	0	0	0				//15	
	30077	일반탕이용권(3일)_1개	0	0	0	0	0	0	0	0	0	0	0	0	4	1	7254	1	4320	0	0	0	0	0	0	0	0	0	0	0	0				//16	
	30078	생명의나무_10개	0	0	0	0	0	0	0	0	0	0	0	0	2	1	60418	10	0	0	0	0	0	0	0	0	0	0	0	0	0				//17	
	30079	즉시회복물약(5Lv)_100개	0	0	0	0	0	0	0	0	0	0	0	0	2	1	4050	100	0	0	0	0	0	0	0	0	0	0	0	0	0				//18	
	30080	일반물약(4Lv)5종_5개	0	0	0	0	0	0	0	0	0	0	0	0	2	1	4073	1	0	0	0	0	0	0	0	0	0	0	0	0	0				//19	
	30081	정기(30분)4종_2개	0	0	0	0	0	0	0	0	0	0	0	0	2	1	60416	1	0	0	0	0	0	0	0	0	0	0	0	0	0				//20	
	30082	여신의은혜_2개	0	0	0	0	0	0	0	0	0	0	0	0	2	1	65401	2	0	0	0	0	0	0	0	0	0	0	0	0	0				//21	
	30083	여신의물약(4Lv)_10개	0	0	0	0	0	0	0	0	0	0	0	0	2	1	60351	10	0	0	0	0	0	0	0	0	0	0	0	0	0				//22	
	30084	일반탕이용권(3일)_1개	0	0	0	0	0	0	0	0	0	0	0	0	4	1	7254	1	4320	0	0	0	0	0	0	0	0	0	0	0	0				//23	
	30085	명인의키트_5개	0	0	0	0	0	0	0	0	0	0	0	0	2	1	65423	5	0	0	0	0	0	0	0	0	0	0	0	0	0				//24	
	30086	여신의물약(4Lv)_10개	0	0	0	0	0	0	0	0	0	0	0	0	2	1	60351	10	0	0	0	0	0	0	0	0	0	0	0	0	0				//25	
	30087	일반물약(5Lv)5종_5개	0	0	0	0	0	0	0	0	0	0	0	0	2	1	4074	1	0	0	0	0	0	0	0	0	0	0	0	0	0				//26	
	30088	혼(30분)4종_2개	0	0	0	0	0	0	0	0	0	0	0	0	2	1	60417	1	0	0	0	0	0	0	0	0	0	0	0	0	0				//27	
	30089	룬스톤(7일)_1개	0	0	0	0	0	0	0	0	0	0	0	0	4	1	65400	1	10080	0	0	0	0	0	0	0	0	0	0	0	0				//28	
	30090	영구조화와균형반지뽑기_1개	0	0	0	0	0	0	0	0	0	0	0	0	2	1	4075	1	0	0	0	0	0	0	0	0	0	0	0	0	0				//29	
	30091	헤르메시즘의성서(4-5소켓)_1개	0	0	0	0	0	0	0	0	0	0	0	0	2	1	60419	1	0	0	0	0	0	0	0	0	0	0	0	0	0				//30	
	30092	행운의부적	0	0	0	0	0	0	0	0	0	0	0	0	2	1	6107	1	0	0	0	0	0	0	0	0	0	0	0	0	0				//31	
//	설원메인퀘스트추가AC달성용																																			
	5021	#얼음궁전매각	0	382622	50000	0	0	0	0	0	0	0	0	0	0	0	0	0	0	0	0	0	0	0	0	0	0	0	0	0	0					
//	2015_6월이벤트								0	0									0			0			0			0			0					
	30093	녹음의대지정복	0	0	0	0	0	0	0	0	0	0	0	0	2	1	3124	1	0	0	0	0	0	0	0	0	0	0	0	0	0					
	30094	정령들의쉼터정복	0	0	0	0	0	0	0	0	0	0	0	0	2	2	3123	1	0	3123	1	0	0	0	0	0	0	0	0	0	0					
	30095	보아레스산맥정복	0	0	0	0	0	0	0	0	0	0	0	0	4	1	7259	1	720	0	0	0	0	0	0	0	0	0	0	0	0					
	30096	저주받은탑정복(불의시련)	0	0	0	0	0	0	0	0	0	0	0	0	2	1	3504	1	0	0	0	0	0	0	0	0	0	0	0	0	0					
	30097	저주받은탑정복(바람의시련)	0	0	0	0	0	0	0	0	0	0	0	0	2	1	3504	1	0	0	0	0	0	0	0	0	0	0	0	0	0					
	30098	저주받은탑정복(어둠의시련)	0	0	0	0	0	0	0	0	0	0	0	0	2	1	65447	1	0	0	0	0	0	0	0	0	0	0	0	0	0					
	30099	저주받은탑정복(빛의시련)	0	0	0	0	0	0	0	0	0	0	0	0	4	1	65028	1	10080	0	0	0	0	0	0	0	0	0	0	0	0					
	30100	악몽용족의계곡정복	0	0	0	0	0	0	0	0	0	0	0	0	4	1	60391	1	10080	0	0	0	0	0	0	0	0	0	0	0	0					
	30101	비밀의방정복	0	0	0	0	0	0	0	0	0	0	0	0	2	1	63505	1	0	0	0	0	0	0	0	0	0	0	0	0	0					
//	천국의문_퀘스트																																			
	5022	정상을향해	0	11572364257	0	0	0	0	0	0	0	0	0	0	0	0	0	0	0	0	0	0	0	0	0	0	0	0	0	0	0					
	5023	미션_차원의균열	0	11572364257	2000000	0	0	0	0	0	0	0	0	0	0	0	0	0	0	0	0	0	0	0	0	0	0	0	0	0	0					
	5024	천국의문	0	11572364257	0	0	0	0	0	0	0	0	0	0	0	0	0	0	0	0	0	0	0	0	0	0	0	0	0	0	0					
	5025	얼음호수의위협	0	11572364257	0	0	0	0	0	0	0	0	0	0	0	0	0	0	0	0	0	0	0	0	0	0	0	0	0	0	0					
	5026	설인카카기	0	11572364257	0	0	0	0	0	0	0	0	0	0	0	0	0	0	0	0	0	0	0	0	0	0	0	0	0	0	0					
	5027	날뛰는으루사	0	11572364257	800000	0	0	0	0	0	0	0	0	0	0	0	0	0	0	0	0	0	0	0	0	0	0	0	0	0	0					
	5028	이교도색출	0	11572364257	0	0	0	0	0	0	0	0	0	0	0	0	0	0	0	0	0	0	0	0	0	0	0	0	0	0	0					
	5029	이교도의은신처	0	11572364257	0	0	0	0	0	0	0	0	0	0	0	0	0	0	0	0	0	0	0	0	0	0	0	0	0	0	0					
	5030	이교도사냥	0	11572364257	0	0	0	0	0	0	0	0	0	0	0	0	0	0	0	0	0	0	0	0	0	0	0	0	0	0	0					
	5031	지원병력	0	11572364257	0	0	0	0	0	0	0	0	0	0	0	0	0	0	0	0	0	0	0	0	0	0	0	0	0	0	0					
	5032	악마사냥	0	11572364257	0	0	0	0	0	0	0	0	0	0	0	0	0	0	0	0	0	0	0	0	0	0	0	0	0	0	0					
	5033	악마의소굴	0	11572364257	0	0	0	0	0	0	0	0	0	0	0	0	0	0	0	0	0	0	0	0	0	0	0	0	0	0	0					
	5034	두목브루탈	0	11572364257	900000	0	0	0	0	0	0	0	0	0	0	0	0	0	0	0	0	0	0	0	0	0	0	0	0	0	0					
	5035	도축업자센지쿡	0	11572364257	0	0	0	0	0	0	0	0	0	0	0	0	0	0	0	0	0	0	0	0	0	0	0	0	0	0	0					
	5036	생식이최고야	0	11572364257	0	0	0	0	0	0	0	0	0	0	0	0	0	0	0	0	0	0	0	0	0	0	0	0	0	0	0					
	5037	어르고달래기	0	11572364257	0	0	0	0	0	0	0	0	0	0	0	0	0	0	0	0	0	0	0	0	0	0	0	0	0	0	0					
	5038	골칫거리설인들	0	11572364257	0	0	0	0	0	0	0	0	0	0	0	0	0	0	0	0	0	0	0	0	0	0	0	0	0	0	0					
	5039	야수학잘자자콥	0	11572364257	1000000	0	0	0	0	0	0	0	0	0	0	0	0	0	0	0	0	0	0	0	0	0	0	0	0	0	0					
	5040	시찰단브라운	0	11572364257	0	0	0	0	0	0	0	0	0	0	0	0	0	0	0	0	0	0	0	0	0	0	0	0	0	0	0					
	5041	얼어붙은탐사대원	0	11572364257	0	0	0	0	0	0	0	0	0	0	0	0	0	0	0	0	0	0	0	0	0	0	0	0	0	0	0					
	5042	정령들이무서워	0	11572364257	700000	0	0	0	0	0	0	0	0	0	0	0	0	0	0	0	0	0	0	0	0	0	0	0	0	0	0					
	5043	소식없는식물학자	0	11572364257	0	0	0	0	0	0	0	0	0	0	0	0	0	0	0	0	0	0	0	0	0	0	0	0	0	0	0					
	5044	생명의수정	0	11572364257	0	0	0	0	0	0	0	0	0	0	0	0	0	0	0	0	0	0	0	0	0	0	0	0	0	0	0					
	5045	위험한괴식물	0	11572364257	0	0	0	0	0	0	0	0	0	0	0	0	0	0	0	0	0	0	0	0	0	0	0	0	0	0	0					
	5046	도그마의보고서	0	11572364257	0	0	0	0	0	0	0	0	0	0	0	0	0	0	0	0	0	0	0	0	0	0	0	0	0	0	0					
	5047	연구원제시벨	0	11572364257	0	0	0	0	0	0	0	0	0	0	0	0	0	0	0	0	0	0	0	0	0	0	0	0	0	0	0					
	5048	천국의문돌연변이1	0	11572364257	0	0	0	0	0	0	0	0	0	0	0	0	0	0	0	0	0	0	0	0	0	0	0	0	0	0	0					
	5049	천국의문돌연변이2	0	11572364257	0	0	0	0	0	0	0	0	0	0	0	0	0	0	0	0	0	0	0	0	0	0	0	0	0	0	0					
	5050	차원문결계사	0	11572364257	0	0	0	0	0	0	0	0	0	0	0	0	0	0	0	0	0	0	0	0	0	0	0	0	0	0	0					
	5051	리플리경호임무	0	11572364257	0	0	0	0	0	0	0	0	0	0	0	0	0	0	0	0	0	0	0	0	0	0	0	0	0	0	0					
	5052	커다란위협	0	11572364257	200000	0	0	0	0	0	0	0	0	0	0	0	0	0	0	0	0	0	0	0	0	0	0	0	0	0	0					
	5053	초대받지않은자	0	11572364257	39000000	0	0	0	0	0	0	0	0	0	0	0	0	0	0	0	0	0	0	0	0	0	0	0	0	0	0					
	5054	리플리의전언	0	11572364257	0	0	0	0	0	0	0	0	0	0	0	0	0	0	0	0	0	0	0	0	0	0	0	0	0	0	0					
	5055	해부학재료(일일)	0	720000000	0	0	0	0	0	0	0	0	0	0	0	0	0	0	0	0	0	0	0	0	0	0	0	0	0	0	0					
	5056	동력수집임무(일일)	0	820000000	0	0	0	0	0	0	0	0	0	0	0	0	0	0	0	0	0	0	0	0	0	0	0	0	0	0	0					
	5057	미션차원의균열(일일)	0	850000000	0	0	0	0	0	0	0	5284	1	0	0	0	0	0	0	0	0	0	0	0	0	0	0	0	0	0	0					
	5058	천국의문정화(일일)	0	750000000	0	0	0	0	0	0	0	0	0	0	0	0	0	0	0	0	0	0	0	0	0	0	0	0	0	0	0					
	5059	진정한지배자(일일)	0	830000000	0	0	0	0	0	0	0	0	0	0	0	0	0	0	0	0	0	0	0	0	0	0	0	0	0	0	0					
//	장로회추천장지급퀘_추가																																			
	5060	승전보를울려라(일일)	0	300000000	100000	0	0	0	0	0	0	5284	1	0	0	0	0	0	0	0	0	0	0	0	0	0	0	0	0	0	0					
//	소넨샤인요새퀘스트																																			
	5061	소넨샤인요새탈환_평원(일일)	0	10350000000	0	0	0	0	0	0	0	0	0	0	0	0	0	0	0	0	0	0	0	0	0	0	0	0	0	0	0					
	5062	소넨샤인요새탈환_외성(일일)	0	12050000000	0	0	0	0	0	0	0	0	0	0	0	0	0	0	0	0	0	0	0	0	0	0	0	0	0	0	0					
	5063	소넨샤인요새탈환_내성(일일)	0	15050000000	0	0	0	0	0	0	0	0	0	0	0	0	0	0	0	0	0	0	0	0	0	0	0	0	0	0	0					
	5064	소넨샤인요새탈환_알현실(일일)	0	18750000000	0	0	0	0	0	0	0	0	0	0	0	0	0	0	0	0	0	0	0	0	0	0	0	0	0	0	0					
	5065	소넨샤인요새탈환_정복(일일)	0	20750000000	0	0	0	0	0	0	0	0	0	0	0	0	0	0	0	0	0	0	0	0	0	0	0	0	0	0	0					
	5066	시간의교차공간으로(일일)	0	0	0	0	0	0	0	0	0	0	0	0	4	1	5313	1	1440	0	0	0	0	0	0	0	0	0	0	0	0					
	5067	시간의교차공간완료	0	0	0	0	0	0	0	0	0	0	0	0	2	1	7548	2	0	0	0	0	0	0	0	0	0	0	0	0	0					
//	크리스마스코스튬																																			
	30102	2015크리스마스코스튬_버서커	0	50000	0	0	0	0	0	0	0	0	0	0	4	1	61378	1	1440	0	0	0	0	0	0	0	0	0	0	0	0					
	30103	2015크리스마스코스튬_드래곤나이트	0	50000	0	0	0	0	0	0	0	0	0	0	4	1	61379	1	1440	0	0	0	0	0	0	0	0	0	0	0	0					
	30104	2015크리스마스코스튬_발키리	0	50000	0	0	0	0	0	0	0	0	0	0	4	1	61380	1	1440	0	0	0	0	0	0	0	0	0	0	0	0					
	30105	2015크리스마스코스튬_엘리멘탈	0	50000	0	0	0	0	0	0	0	0	0	0	4	1	61381	1	1440	0	0	0	0	0	0	0	0	0	0	0	0					
	30106	2015크리스마스코스튬_섀도우	0	50000	0	0	0	0	0	0	0	0	0	0	4	1	61382	1	1440	0	0	0	0	0	0	0	0	0	0	0	0					
	30107	2015크리스마스코스튬_미스틱	0	50000	0	0	0	0	0	0	0	0	0	0	4	1	61383	1	1440	0	0	0	0	0	0	0	0	0	0	0	0					
	30108	2015크리스마스코스튬_헬로이드	0	50000	0	0	0	0	0	0	0	0	0	0	4	1	61384	1	1440	0	0	0	0	0	0	0	0	0	0	0	0					
	30109	2015크리스마스코스튬_위치블레이드	0	50000	0	0	0	0	0	0	0	0	0	0	4	1	61385	1	1440	0	0	0	0	0	0	0	0	0	0	0	0					
//	병신년 원숭이 팻 보상																																			
	30110	병신년팻_진화중인붉은원숭이_1	0	0	0	0	0	0	0	0	0	0	0	0	3	0	3161	0	0	0	0	0	0	0	0	0	0	0	0	0	0					
	30111	병신년팻_진화중인붉은원숭이_2	0	0	0	0	0	0	0	0	0	0	0	0	3	0	3162	0	0	0	0	0	0	0	0	0	0	0	0	0	0					
	30112	병신년팻_진화중인붉은원숭이_3	0	0	0	0	0	0	0	0	0	0	0	0	3	0	3163	0	0	0	0	0	0	0	0	0	0	0	0	0	0					
	30113	병신년팻_진화중인붉은원숭이_4	0	0	0	0	0	0	0	0	0	0	0	0	3	0	3164	0	0	0	0	0	0	0	0	0	0	0	0	0	0					
	30114	병신년팻_진화중인붉은원숭이_5	0	0	0	0	0	0	0	0	0	0	0	0	3	0	3165	0	0	0	0	0	0	0	0	0	0	0	0	0	0					
	30115	병신년팻_진화중인붉은원숭이_6	0	0	0	0	0	0	0	0	0	0	0	0	3	0	3166	0	0	0	0	0	0	0	0	0	0	0	0	0	0					
	30116	병신년팻_진화된황금원숭이_오메가	0	0	0	0	0	0	0	0	0	0	0	0	3	0	3167	0	0	0	0	0	0	0	0	0	0	0	0	0	0					
	65516	Attendance_Week1_Milestone_Day7	0	0	0	0	0	0	0	0	0	0	0	0	4	3	7255	1	4320	65401	5	0	4050	50	0	0	0	0	0	0	0					
	65517	Attendance_Week2_Milestone_Day14	0	0	0	0	0	0	0	0	0	0	0	0	4	3	65400	1	10080	61256	1	0	4049	50	0	0	0	0	0	0	0					
	65518	Attendance_Week3_Milestone_Day21	0	0	0	0	0	0	0	0	0	0	0	0	4	3	65423	5	0	4403	1	0	60351	10	0	0	0	0	0	0	0					
	65519	Attendance_Week4_Milestone_Day28	0	0	0	0	0	0	0	0	0	0	0	0	4	3	7255	1	10080	65418	1	10080	65401	5	0	0	0	0	0	0	0					
	65520	Attendance_Grand_Day30	0	0	0	0	0	0	0	0	0	0	0	0	4	3	60419	1	0	4075	1	0	6118	1	0	0	0	0	0	0	0					
	65521	Attendance_Grand_Day31	0	0	0	0	0	0	0	0	0	0	0	0	4	3	4075	1	0	65400	1	10080	65423	5	0	0	0	0	0	0	0					
//Index 값 65535 넘기지 말 것																																				
	50406	BetaTesterBadge	0	0	0	0	0	0	0	0	0	55007	0	0	0	0	0	0	0	0	0	0	0	0	0	0	0	0	0	0	0					
