//SetItemOptionInfo		아이템타입																																																																																																																									눈(1)																		
//																																																																																																																											몸통(2)		머리(8)																
//																																																																																																																											오른손(4)		가슴(11)																
//																																																																																																						남	여																				왼손(5)		바닥(12)																
//				갑옷	2개			4개			6개			프로텍터	2개			4개			6개			헬멧	2개			4개			6개			바지	2개			4개			6개			부츠	2개			4개			6개			장갑	2개			4개			6개			벨트	2개			4개			6개			셔츠	2개			4개			6개			풀옵션																				추가옵션																	남								여												
//파라메타 업데이트 버전 정보		812(TypeAdd)																																																																																																				1102	1102	//풀세트 장비 후 해당 아아이템 장비 시 추가옵션 발동																									1102												
//설명	세트그룹코드	아이템타입	풀옵션활성화수	장비위치	옵션종류	수치타입	기본옵션	옵션종류	수치타입	기본옵션	옵션종류	수치타입	기본옵션	장비위치	옵션종류	수치타입	기본옵션	옵션종류	수치타입	기본옵션	옵션종류	수치타입	기본옵션	장비위치	옵션종류	수치타입	기본옵션	옵션종류	수치타입	기본옵션	옵션종류	수치타입	기본옵션	장비위치	옵션종류	수치타입	기본옵션	옵션종류	수치타입	기본옵션	옵션종류	수치타입	기본옵션	장비위치	옵션종류	수치타입	기본옵션	옵션종류	수치타입	기본옵션	옵션종류	수치타입	기본옵션	장비위치	옵션종류	수치타입	기본옵션	옵션종류	수치타입	기본옵션	옵션종류	수치타입	기본옵션	장비위치	옵션종류	수치타입	기본옵션	옵션종류	수치타입	기본옵션	옵션종류	수치타입	기본옵션	장비위치	옵션종류	수치타입	기본옵션	옵션종류	수치타입	기본옵션	옵션종류	수치타입	기본옵션	옵션종류	수치타입	기본옵션	옵션종류	수치타입	기본옵션	옵션종류	수치타입	기본옵션	옵션종류	수치타입	기본옵션	옵션종류	수치타입	기본옵션	옵션종류	수치타입	기본옵션	풀셋추가리소스	풀셋추가리소스	아이템코트	장비위치	옵션종류	수치타입	기본옵션	옵션종류	수치타입	기본옵션	옵션종류	수치타입	기본옵션	옵션종류	수치타입	기본옵션	옵션종류	수치타입	기본옵션	본넘버1	효과코드1	본넘버2	효과코드2	본넘버3	효과코드3	본넘버4	효과코드4	본넘버5	효과코드5	본넘버6	효과코드6	본넘버7	효과코드7	본넘버8	효과코드8					
	wSetGCode	bysubType	bFulloptionNum	EqPos1	OptionKind1_1	useType1_1	Option1_1	OptionKind2_1	useType2_1	Option2_1	OptionKind3_1	useType3_1	Option3_1	EqPos2	OptionKind1_2	useType1_2	Option1_2	OptionKind2_2	useType2_2	Option2_2	OptionKind3_2	useType3_2	Option3_2	EqPos3	OptionKind1_3	useType1_3	Option1_3	OptionKind2_3	useType2_3	Option2_3	OptionKind3_3	useType3_3	Option3_3	EqPos4	OptionKind1_4	useType1_4	Option1_4	OptionKind2_4	useType2_4	Option2_4	OptionKind3_4	useType3_4	Option3_4	EqPos5	OptionKind1_5	useType1_5	Option1_5	OptionKind2_5	useType2_5	Option2_5	OptionKind3_5	useType3_5	Option3_5	EqPos6	OptionKind1_6	useType1_6	Option1_6	OptionKind2_6	useType2_6	Option2_6	OptionKind3_6	useType3_6	Option3_6	EqPos7	OptionKind1_7	useType1_7	Option1_7	OptionKind2_7	useType2_7	Option2_7	OptionKind3_7	useType3_7	Option3_7	EqPos8	OptionKind1_8	useType1_8	Option1_8	OptionKind2_8	useType2_8	Option2_8	OptionKind3_8	useType3_8	Option3_8	FullOptionKind1	useType1	FullOption1	FullOptionKind2	useType2	FullOption2	FullOptionKind3	useType3	FullOption3	FullOptionKind4	useType4	FullOption4	FullOptionKind5	useType5	FullOption5	FullOptionKind6	useType6	FullOption6	FullsetChangeArmorResource	FullsetChangeArmorResource2	SpecialItemCode	SpecialPos	SpecialOptionKind1	 SpecialuseType1	SpecialOption1	SpecialOptionKind2	 SpecialuseType2	SpecialOption2	SpecialOptionKind3	 SpecialuseType3	SpecialOption3	SpecialOptionKind4	 SpecialuseType4	SpecialOption4	SpecialOptionKind5	 SpecialuseType5	SpecialOption5	btBoneIdx1	sEffect1	btBoneIdx2	sEffect2	btBoneIdx3	sEffect3	btBoneIdx4	sEffect4	btBoneIdx5	sEffect5	btBoneIdx6	sEffect6	btBoneIdx7	sEffect7	btBoneIdx8	sEffect8	FieldEnd				
//엘리트1차아이템 세트효과																																																																																																																																													
	1	2	8	1	0	0	0	0	0	0	0	0	0	2	0	0	0	0	0	0	0	0	0	3	0	0	0	0	0	0	0	0	0	4	0	0	0	0	0	0	0	0	0	5	0	0	0	0	0	0	0	0	0	6	0	0	0	0	0	0	0	0	0	7	0	0	0	0	0	0	0	0	0	8	0	0	0	0	0	0	0	0	0	0	0	0	0	0	0	0	0	0	0	0	0	0	0	0	0	0	0	0	11409	0	0	0	0	0	0	0	0	0	0	0	0	0	0	0	0	0	2	A515	4	m039	5	m039	0	Null	2	A517	11	m139	0	Null	0	Null		//	버서커	엘리트1차	
	2	2	8	1	0	0	0	0	0	0	0	0	0	2	0	0	0	0	0	0	0	0	0	3	0	0	0	0	0	0	0	0	0	4	0	0	0	0	0	0	0	0	0	5	0	0	0	0	0	0	0	0	0	6	0	0	0	0	0	0	0	0	0	7	0	0	0	0	0	0	0	0	0	8	0	0	0	0	0	0	0	0	0	0	0	0	0	0	0	0	0	0	0	0	0	0	0	0	0	0	0	11407	11409	0	0	0	0	0	0	0	0	0	0	0	0	0	0	0	0	0	2	A516	12	m071	0	Null	0	Null	2	A517	11	m139	0	Null	0	Null		//	드래곤나이트	엘리트1차	
	3	2	8	1	0	0	0	0	0	0	0	0	0	2	0	0	0	0	0	0	0	0	0	3	0	0	0	0	0	0	0	0	0	4	0	0	0	0	0	0	0	0	0	5	0	0	0	0	0	0	0	0	0	6	0	0	0	0	0	0	0	0	0	7	0	0	0	0	0	0	0	0	0	8	0	0	0	0	0	0	0	0	0	0	0	0	0	0	0	0	0	0	0	0	0	0	0	0	0	0	0	11410	11408	0	0	0	0	0	0	0	0	0	0	0	0	0	0	0	0	0	2	A655	4	A656	5	A656	0	Null	2	A518	0	Null	0	Null	0	Null		//	엘리멘탈리스트	엘리트1차	
	4	2	8	1	0	0	0	0	0	0	0	0	0	2	0	0	0	0	0	0	0	0	0	3	0	0	0	0	0	0	0	0	0	4	0	0	0	0	0	0	0	0	0	5	0	0	0	0	0	0	0	0	0	6	0	0	0	0	0	0	0	0	0	7	0	0	0	0	0	0	0	0	0	8	0	0	0	0	0	0	0	0	0	0	0	0	0	0	0	0	0	0	0	0	0	0	0	0	0	0	0	11407	11409	0	0	0	0	0	0	0	0	0	0	0	0	0	0	0	0	0	2	A516	12	m071	0	Null	0	Null	2	A517	11	m139	0	Null	0	Null		//	발키리	엘리트1차	
	5	2	8	1	0	0	0	0	0	0	0	0	0	2	0	0	0	0	0	0	0	0	0	3	0	0	0	0	0	0	0	0	0	4	0	0	0	0	0	0	0	0	0	5	0	0	0	0	0	0	0	0	0	6	0	0	0	0	0	0	0	0	0	7	0	0	0	0	0	0	0	0	0	8	0	0	0	0	0	0	0	0	0	0	0	0	0	0	0	0	0	0	0	0	0	0	0	0	0	0	0	11410	11408	0	0	0	0	0	0	0	0	0	0	0	0	0	0	0	0	0	2	A655	4	A656	5	A656	0	Null	2	A518	0	Null	0	Null	0	Null		//	섀도우	엘리트1차	
	91	2	8	1	0	0	0	0	0	0	0	0	0	2	0	0	0	0	0	0	0	0	0	3	0	0	0	0	0	0	0	0	0	4	0	0	0	0	0	0	0	0	0	5	0	0	0	0	0	0	0	0	0	6	0	0	0	0	0	0	0	0	0	7	0	0	0	0	0	0	0	0	0	8	0	0	0	0	0	0	0	0	0	0	0	0	0	0	0	0	0	0	0	0	0	0	0	0	0	0	0	14461	14461	0	0	0	0	0	0	0	0	0	0	0	0	0	0	0	0	0	2	A851	0	Null	0	Null	0	Null	2	A851	0	Null	0	Null	0	Null		//	미스틱	엘리트1차	
	94	2	8	1	0	0	0	0	0	0	0	0	0	2	0	0	0	0	0	0	0	0	0	3	0	0	0	0	0	0	0	0	0	4	0	0	0	0	0	0	0	0	0	5	0	0	0	0	0	0	0	0	0	6	0	0	0	0	0	0	0	0	0	7	0	0	0	0	0	0	0	0	0	8	0	0	0	0	0	0	0	0	0	0	0	0	0	0	0	0	0	0	0	0	0	0	0	0	0	0	0	0	0	0	0	0	0	0	0	0	0	0	0	0	0	0	0	0	0	0	2	M360	0	Null	0	Null	0	Null	2	A053	0	Null	0	Null	0	Null		//	헬로이드	엘리트1차	
	97	2	8	1	0	0	0	0	0	0	0	0	0	2	0	0	0	0	0	0	0	0	0	3	0	0	0	0	0	0	0	0	0	4	0	0	0	0	0	0	0	0	0	5	0	0	0	0	0	0	0	0	0	6	0	0	0	0	0	0	0	0	0	7	0	0	0	0	0	0	0	0	0	8	0	0	0	0	0	0	0	0	0	0	0	0	0	0	0	0	0	0	0	0	0	0	0	0	0	0	0	0	0	0	0	0	0	0	0	0	0	0	0	0	0	0	0	0	0	0	2	Null	0	Null	0	Null	0	Null	2	M385	4	M386	5	M386	0	Null		//	위치블레이드	엘리트1차	
//엘리트1.5차아이템 세트효과																																																																																																																																													
	6	2	8	1	0	0	0	0	0	0	0	0	0	2	0	0	0	0	0	0	0	0	0	3	0	0	0	0	0	0	0	0	0	4	0	0	0	0	0	0	0	0	0	5	0	0	0	0	0	0	0	0	0	6	0	0	0	0	0	0	0	0	0	7	0	0	0	0	0	0	0	0	0	8	0	0	0	0	0	0	0	0	0	0	0	0	0	0	0	0	0	0	0	0	0	0	0	0	0	0	0	0	11413	0	0	0	0	0	0	0	0	0	0	0	0	0	0	0	0	0	2	m255	4	m280	5	m280	1	A644	2	m265	12	m290	0	Null	1	A646		//	버서커	엘리트1.5차	
	7	2	8	1	0	0	0	0	0	0	0	0	0	2	0	0	0	0	0	0	0	0	0	3	0	0	0	0	0	0	0	0	0	4	0	0	0	0	0	0	0	0	0	5	0	0	0	0	0	0	0	0	0	6	0	0	0	0	0	0	0	0	0	7	0	0	0	0	0	0	0	0	0	8	0	0	0	0	0	0	0	0	0	0	0	0	0	0	0	0	0	0	0	0	0	0	0	0	0	0	0	11411	11413	0	0	0	0	0	0	0	0	0	0	0	0	0	0	0	0	0	2	m260	12	m285	0	Null	1	A645	2	m265	12	m290	0	Null	1	A646		//	드래곤나이트	엘리트1.5차	
	8	2	8	1	0	0	0	0	0	0	0	0	0	2	0	0	0	0	0	0	0	0	0	3	0	0	0	0	0	0	0	0	0	4	0	0	0	0	0	0	0	0	0	5	0	0	0	0	0	0	0	0	0	6	0	0	0	0	0	0	0	0	0	7	0	0	0	0	0	0	0	0	0	8	0	0	0	0	0	0	0	0	0	0	0	0	0	0	0	0	0	0	0	0	0	0	0	0	0	0	0	11414	11412	0	0	0	0	0	0	0	0	0	0	0	0	0	0	0	0	0	2	M275	4	M300	5	M300	1	A685	2	m270	0	Null	0	Null	1	A647		//	엘리멘탈리스트	엘리트1.5차	
	9	2	8	1	0	0	0	0	0	0	0	0	0	2	0	0	0	0	0	0	0	0	0	3	0	0	0	0	0	0	0	0	0	4	0	0	0	0	0	0	0	0	0	5	0	0	0	0	0	0	0	0	0	6	0	0	0	0	0	0	0	0	0	7	0	0	0	0	0	0	0	0	0	8	0	0	0	0	0	0	0	0	0	0	0	0	0	0	0	0	0	0	0	0	0	0	0	0	0	0	0	11411	11413	0	0	0	0	0	0	0	0	0	0	0	0	0	0	0	0	0	2	m260	12	m285	0	Null	1	A645	2	m265	12	m290	0	Null	1	A646		//	발키리	엘리트1.5차	
	10	2	8	1	0	0	0	0	0	0	0	0	0	2	0	0	0	0	0	0	0	0	0	3	0	0	0	0	0	0	0	0	0	4	0	0	0	0	0	0	0	0	0	5	0	0	0	0	0	0	0	0	0	6	0	0	0	0	0	0	0	0	0	7	0	0	0	0	0	0	0	0	0	8	0	0	0	0	0	0	0	0	0	0	0	0	0	0	0	0	0	0	0	0	0	0	0	0	0	0	0	11414	11412	0	0	0	0	0	0	0	0	0	0	0	0	0	0	0	0	0	2	M275	4	M300	5	M300	1	A685	2	m270	0	Null	0	Null	1	A647		//	섀도우	엘리트1.5차	
	92	2	8	1	0	0	0	0	0	0	0	0	0	2	0	0	0	0	0	0	0	0	0	3	0	0	0	0	0	0	0	0	0	4	0	0	0	0	0	0	0	0	0	5	0	0	0	0	0	0	0	0	0	6	0	0	0	0	0	0	0	0	0	7	0	0	0	0	0	0	0	0	0	8	0	0	0	0	0	0	0	0	0	0	0	0	0	0	0	0	0	0	0	0	0	0	0	0	0	0	0	14462	14462	0	0	0	0	0	0	0	0	0	0	0	0	0	0	0	0	0	2	A852	0	Null	0	Null	1	A853	2	A852	0	Null	0	Null	1	A853		//	미스틱	엘리트1.5차	
	95	2	8	1	0	0	0	0	0	0	0	0	0	2	0	0	0	0	0	0	0	0	0	3	0	0	0	0	0	0	0	0	0	4	0	0	0	0	0	0	0	0	0	5	0	0	0	0	0	0	0	0	0	6	0	0	0	0	0	0	0	0	0	7	0	0	0	0	0	0	0	0	0	8	0	0	0	0	0	0	0	0	0	0	0	0	0	0	0	0	0	0	0	0	0	0	0	0	0	0	0	0	0	0	0	0	0	0	0	0	0	0	0	0	0	0	0	0	0	0	2	M365	4	M366	5	M366	1	M367	2	Null	0	Null	0	Null	1	Null		//	헬로이드	엘리트1.5차	
	98	2	8	1	0	0	0	0	0	0	0	0	0	2	0	0	0	0	0	0	0	0	0	3	0	0	0	0	0	0	0	0	0	4	0	0	0	0	0	0	0	0	0	5	0	0	0	0	0	0	0	0	0	6	0	0	0	0	0	0	0	0	0	7	0	0	0	0	0	0	0	0	0	8	0	0	0	0	0	0	0	0	0	0	0	0	0	0	0	0	0	0	0	0	0	0	0	0	0	0	0	0	0	0	0	0	0	0	0	0	0	0	0	0	0	0	0	0	0	0	2	Null	4	Null	5	Null	1	Null	2	M390	4	M391	5	M391	1	Null		//	위치블레이드	엘리트1.5차	
//엘리트2차아이템 세트효과																																																																																																																																													
	61	2	8	1	0	0	0	0	0	0	0	0	0	2	0	0	0	0	0	0	0	0	0	3	0	0	0	0	0	0	0	0	0	4	0	0	0	0	0	0	0	0	0	5	0	0	0	0	0	0	0	0	0	6	0	0	0	0	0	0	0	0	0	7	0	0	0	0	0	0	0	0	0	8	0	0	0	0	0	0	0	0	0	0	0	0	0	0	0	0	0	0	0	0	0	0	0	0	0	0	0	11321	11324	0	0	0	0	0	0	0	0	0	0	0	0	0	0	0	0	0	2	M335	4	M336	5	M336	1	M337	2	M350	4	M351	5	M351	1	M352		//	버서커	엘리트2차	
	62	2	8	1	0	0	0	0	0	0	0	0	0	2	0	0	0	0	0	0	0	0	0	3	0	0	0	0	0	0	0	0	0	4	0	0	0	0	0	0	0	0	0	5	0	0	0	0	0	0	0	0	0	6	0	0	0	0	0	0	0	0	0	7	0	0	0	0	0	0	0	0	0	8	0	0	0	0	0	0	0	0	0	0	0	0	0	0	0	0	0	0	0	0	0	0	0	0	0	0	0	11322	11324	0	0	0	0	0	0	0	0	0	0	0	0	0	0	0	0	0	2	M340	4	M341	5	M341	1	M342	2	M350	4	M351	5	M351	1	M352		//	드래곤나이트	엘리트2차	
	63	2	8	1	0	0	0	0	0	0	0	0	0	2	0	0	0	0	0	0	0	0	0	3	0	0	0	0	0	0	0	0	0	4	0	0	0	0	0	0	0	0	0	5	0	0	0	0	0	0	0	0	0	6	0	0	0	0	0	0	0	0	0	7	0	0	0	0	0	0	0	0	0	8	0	0	0	0	0	0	0	0	0	0	0	0	0	0	0	0	0	0	0	0	0	0	0	0	0	0	0	11325	11323	0	0	0	0	0	0	0	0	0	0	0	0	0	0	0	0	0	2	M345	4	M346	5	M346	1	M347	2	M355	0	Null	0	Null	1	M356		//	엘리멘탈리스트	엘리트2차	
	64	2	8	1	0	0	0	0	0	0	0	0	0	2	0	0	0	0	0	0	0	0	0	3	0	0	0	0	0	0	0	0	0	4	0	0	0	0	0	0	0	0	0	5	0	0	0	0	0	0	0	0	0	6	0	0	0	0	0	0	0	0	0	7	0	0	0	0	0	0	0	0	0	8	0	0	0	0	0	0	0	0	0	0	0	0	0	0	0	0	0	0	0	0	0	0	0	0	0	0	0	11322	11324	0	0	0	0	0	0	0	0	0	0	0	0	0	0	0	0	0	2	M340	4	M341	5	M341	1	M342	2	M350	4	M351	5	M351	1	M352		//	발키리	엘리트2차	
	65	2	8	1	0	0	0	0	0	0	0	0	0	2	0	0	0	0	0	0	0	0	0	3	0	0	0	0	0	0	0	0	0	4	0	0	0	0	0	0	0	0	0	5	0	0	0	0	0	0	0	0	0	6	0	0	0	0	0	0	0	0	0	7	0	0	0	0	0	0	0	0	0	8	0	0	0	0	0	0	0	0	0	0	0	0	0	0	0	0	0	0	0	0	0	0	0	0	0	0	0	11325	11323	0	0	0	0	0	0	0	0	0	0	0	0	0	0	0	0	0	2	M345	4	M346	5	M346	1	M347	2	M355	0	Null	0	Null	1	M356		//	섀도우	엘리트2차	
	93	2	8	1	0	0	0	0	0	0	0	0	0	2	0	0	0	0	0	0	0	0	0	3	0	0	0	0	0	0	0	0	0	4	0	0	0	0	0	0	0	0	0	5	0	0	0	0	0	0	0	0	0	6	0	0	0	0	0	0	0	0	0	7	0	0	0	0	0	0	0	0	0	8	0	0	0	0	0	0	0	0	0	0	0	0	0	0	0	0	0	0	0	0	0	0	0	0	0	0	0	14463	14463	0	0	0	0	0	0	0	0	0	0	0	0	0	0	0	0	0	2	A856	4	A857	5	A857	1	A858	2	A856	4	A857	5	A857	1	A858		//	미스틱	엘리트2차	
	96	2	8	1	0	0	0	0	0	0	0	0	0	2	0	0	0	0	0	0	0	0	0	3	0	0	0	0	0	0	0	0	0	4	0	0	0	0	0	0	0	0	0	5	0	0	0	0	0	0	0	0	0	6	0	0	0	0	0	0	0	0	0	7	0	0	0	0	0	0	0	0	0	8	0	0	0	0	0	0	0	0	0	0	0	0	0	0	0	0	0	0	0	0	0	0	0	0	0	0	0	0	0	0	0	0	0	0	0	0	0	0	0	0	0	0	0	0	0	0	2	M370	4	M371	5	M371	1	M372	2	Null	4	Null	5	Null	1	Null		//	헬로이드	엘리트2차	
	99	2	8	1	0	0	0	0	0	0	0	0	0	2	0	0	0	0	0	0	0	0	0	3	0	0	0	0	0	0	0	0	0	4	0	0	0	0	0	0	0	0	0	5	0	0	0	0	0	0	0	0	0	6	0	0	0	0	0	0	0	0	0	7	0	0	0	0	0	0	0	0	0	8	0	0	0	0	0	0	0	0	0	0	0	0	0	0	0	0	0	0	0	0	0	0	0	0	0	0	0	0	0	0	0	0	0	0	0	0	0	0	0	0	0	0	0	0	0	0	2	Null	4	Null	5	Null	1	Null	2	M395	4	M396	5	M396	1	Null		//	위치블레이드	엘리트2차	
	71	2	8	1	0	0	0	0	0	0	0	0	0	0	0	0	0	0	0	0	0	0	0	0	0	0	0	0	0	0	0	0	0	0	0	0	0	0	0	0	0	0	0	0	0	0	0	0	0	0	0	0	0	0	0	0	0	0	0	0	0	0	0	0	0	0	0	0	0	0	0	0	0	0	0	0	0	0	0	0	0	0	0	0	0	0	0	0	0	0	0	0	0	0	0	0	0	0	0	0	0	0	11422	0	0	0	0	0	0	0	0	0	0	0	0	0	0	0	0	0	2	A515	4	m039	5	m039	0	Null	2	A517	11	m139	0	Null	0	Null		//	버서커	엘리트1차_스킨A셋	
	72	2	8	1	0	0	0	0	0	0	0	0	0	0	0	0	0	0	0	0	0	0	0	0	0	0	0	0	0	0	0	0	0	0	0	0	0	0	0	0	0	0	0	0	0	0	0	0	0	0	0	0	0	0	0	0	0	0	0	0	0	0	0	0	0	0	0	0	0	0	0	0	0	0	0	0	0	0	0	0	0	0	0	0	0	0	0	0	0	0	0	0	0	0	0	0	0	0	0	0	0	11420	11422	0	0	0	0	0	0	0	0	0	0	0	0	0	0	0	0	0	2	A516	12	m071	0	Null	0	Null	2	A517	11	m139	0	Null	0	Null		//	드래곤나이트	엘리트1차_스킨A셋	
	73	2	8	1	0	0	0	0	0	0	0	0	0	0	0	0	0	0	0	0	0	0	0	0	0	0	0	0	0	0	0	0	0	0	0	0	0	0	0	0	0	0	0	0	0	0	0	0	0	0	0	0	0	0	0	0	0	0	0	0	0	0	0	0	0	0	0	0	0	0	0	0	0	0	0	0	0	0	0	0	0	0	0	0	0	0	0	0	0	0	0	0	0	0	0	0	0	0	0	0	0	11423	11421	0	0	0	0	0	0	0	0	0	0	0	0	0	0	0	0	0	2	A655	4	A656	5	A656	0	Null	2	A518	0	Null	0	Null	0	Null		//	엘리멘탈리스트	엘리트1차_스킨A셋	
	74	2	8	1	0	0	0	0	0	0	0	0	0	0	0	0	0	0	0	0	0	0	0	0	0	0	0	0	0	0	0	0	0	0	0	0	0	0	0	0	0	0	0	0	0	0	0	0	0	0	0	0	0	0	0	0	0	0	0	0	0	0	0	0	0	0	0	0	0	0	0	0	0	0	0	0	0	0	0	0	0	0	0	0	0	0	0	0	0	0	0	0	0	0	0	0	0	0	0	0	0	11420	11422	0	0	0	0	0	0	0	0	0	0	0	0	0	0	0	0	0	2	A516	12	m071	0	Null	0	Null	2	A517	11	m139	0	Null	0	Null		//	발키리	엘리트1차_스킨A셋	
	75	2	8	1	0	0	0	0	0	0	0	0	0	0	0	0	0	0	0	0	0	0	0	0	0	0	0	0	0	0	0	0	0	0	0	0	0	0	0	0	0	0	0	0	0	0	0	0	0	0	0	0	0	0	0	0	0	0	0	0	0	0	0	0	0	0	0	0	0	0	0	0	0	0	0	0	0	0	0	0	0	0	0	0	0	0	0	0	0	0	0	0	0	0	0	0	0	0	0	0	0	11423	11421	0	0	0	0	0	0	0	0	0	0	0	0	0	0	0	0	0	2	A655	4	A656	5	A656	0	Null	2	A518	0	Null	0	Null	0	Null		//	섀도우	엘리트1차_스킨A셋	
	81	2	8	1	0	0	0	0	0	0	0	0	0	0	0	0	0	0	0	0	0	0	0	0	0	0	0	0	0	0	0	0	0	0	0	0	0	0	0	0	0	0	0	0	0	0	0	0	0	0	0	0	0	0	0	0	0	0	0	0	0	0	0	0	0	0	0	0	0	0	0	0	0	0	0	0	0	0	0	0	0	0	0	0	0	0	0	0	0	0	0	0	0	0	0	0	0	0	0	0	0	0	11426	0	0	0	0	0	0	0	0	0	0	0	0	0	0	0	0	0	2	A515	4	m039	5	m039	0	Null	2	A517	11	m139	0	Null	0	Null		//	버서커	엘리트1차_스킨B셋	
	82	2	8	1	0	0	0	0	0	0	0	0	0	0	0	0	0	0	0	0	0	0	0	0	0	0	0	0	0	0	0	0	0	0	0	0	0	0	0	0	0	0	0	0	0	0	0	0	0	0	0	0	0	0	0	0	0	0	0	0	0	0	0	0	0	0	0	0	0	0	0	0	0	0	0	0	0	0	0	0	0	0	0	0	0	0	0	0	0	0	0	0	0	0	0	0	0	0	0	0	0	11424	11426	0	0	0	0	0	0	0	0	0	0	0	0	0	0	0	0	0	2	A516	12	m071	0	Null	0	Null	2	A517	11	m139	0	Null	0	Null		//	드래곤나이트	엘리트1차_스킨B셋	
	83	2	8	1	0	0	0	0	0	0	0	0	0	0	0	0	0	0	0	0	0	0	0	0	0	0	0	0	0	0	0	0	0	0	0	0	0	0	0	0	0	0	0	0	0	0	0	0	0	0	0	0	0	0	0	0	0	0	0	0	0	0	0	0	0	0	0	0	0	0	0	0	0	0	0	0	0	0	0	0	0	0	0	0	0	0	0	0	0	0	0	0	0	0	0	0	0	0	0	0	0	11427	11425	0	0	0	0	0	0	0	0	0	0	0	0	0	0	0	0	0	2	A655	4	A656	5	A656	0	Null	2	A518	0	Null	0	Null	0	Null		//	엘리멘탈리스트	엘리트1차_스킨B셋	
	84	2	8	1	0	0	0	0	0	0	0	0	0	0	0	0	0	0	0	0	0	0	0	0	0	0	0	0	0	0	0	0	0	0	0	0	0	0	0	0	0	0	0	0	0	0	0	0	0	0	0	0	0	0	0	0	0	0	0	0	0	0	0	0	0	0	0	0	0	0	0	0	0	0	0	0	0	0	0	0	0	0	0	0	0	0	0	0	0	0	0	0	0	0	0	0	0	0	0	0	0	11424	11426	0	0	0	0	0	0	0	0	0	0	0	0	0	0	0	0	0	2	A516	12	m071	0	Null	0	Null	2	A517	11	m139	0	Null	0	Null		//	발키리	엘리트1차_스킨B셋	
	85	2	8	1	0	0	0	0	0	0	0	0	0	0	0	0	0	0	0	0	0	0	0	0	0	0	0	0	0	0	0	0	0	0	0	0	0	0	0	0	0	0	0	0	0	0	0	0	0	0	0	0	0	0	0	0	0	0	0	0	0	0	0	0	0	0	0	0	0	0	0	0	0	0	0	0	0	0	0	0	0	0	0	0	0	0	0	0	0	0	0	0	0	0	0	0	0	0	0	0	0	11427	11425	0	0	0	0	0	0	0	0	0	0	0	0	0	0	0	0	0	2	A655	4	A656	5	A656	0	Null	2	A518	0	Null	0	Null	0	Null		//	섀도우	엘리트1차_스킨B셋	
//엘리트2.5차아이템 세트효과																																																																																																																																													
	301	2	8	1	0	0	0	0	0	0	0	0	0	2	0	0	0	0	0	0	0	0	0	3	0	0	0	0	0	0	0	0	0	4	0	0	0	0	0	0	0	0	0	5	0	0	0	0	0	0	0	0	0	6	0	0	0	0	0	0	0	0	0	7	0	0	0	0	0	0	0	0	0	8	0	0	0	0	0	0	0	0	0	0	0	0	0	0	0	0	0	0	0	0	0	0	0	0	0	0	0	14455	14458	0	0	0	0	0	0	0	0	0	0	0	0	0	0	0	0	0	2	A861	4	A862	5	A862	1	A863	2	A876	4	A877	5	A877	1	A878		//	버서커	엘리트2.5차	
	302	2	8	1	0	0	0	0	0	0	0	0	0	2	0	0	0	0	0	0	0	0	0	3	0	0	0	0	0	0	0	0	0	4	0	0	0	0	0	0	0	0	0	5	0	0	0	0	0	0	0	0	0	6	0	0	0	0	0	0	0	0	0	7	0	0	0	0	0	0	0	0	0	8	0	0	0	0	0	0	0	0	0	0	0	0	0	0	0	0	0	0	0	0	0	0	0	0	0	0	0	14456	14458	0	0	0	0	0	0	0	0	0	0	0	0	0	0	0	0	0	2	A866	4	A867	5	A867	1	A868	2	A876	4	A877	5	A877	1	A878		//	드래곤나이트	엘리트2.5차	
	303	2	8	1	0	0	0	0	0	0	0	0	0	2	0	0	0	0	0	0	0	0	0	3	0	0	0	0	0	0	0	0	0	4	0	0	0	0	0	0	0	0	0	5	0	0	0	0	0	0	0	0	0	6	0	0	0	0	0	0	0	0	0	7	0	0	0	0	0	0	0	0	0	8	0	0	0	0	0	0	0	0	0	0	0	0	0	0	0	0	0	0	0	0	0	0	0	0	0	0	0	14459	14457	0	0	0	0	0	0	0	0	0	0	0	0	0	0	0	0	0	2	A871	4	A872	5	A872	1	A873	2	A881	4	Null	5	Null	1	A882		//	엘리멘탈리스트	엘리트2.5차	
	304	2	8	1	0	0	0	0	0	0	0	0	0	2	0	0	0	0	0	0	0	0	0	3	0	0	0	0	0	0	0	0	0	4	0	0	0	0	0	0	0	0	0	5	0	0	0	0	0	0	0	0	0	6	0	0	0	0	0	0	0	0	0	7	0	0	0	0	0	0	0	0	0	8	0	0	0	0	0	0	0	0	0	0	0	0	0	0	0	0	0	0	0	0	0	0	0	0	0	0	0	14456	14458	0	0	0	0	0	0	0	0	0	0	0	0	0	0	0	0	0	2	A866	4	A867	5	A867	1	A868	2	A876	4	A877	5	A877	1	A878		//	발키리	엘리트2.5차	
	305	2	8	1	0	0	0	0	0	0	0	0	0	2	0	0	0	0	0	0	0	0	0	3	0	0	0	0	0	0	0	0	0	4	0	0	0	0	0	0	0	0	0	5	0	0	0	0	0	0	0	0	0	6	0	0	0	0	0	0	0	0	0	7	0	0	0	0	0	0	0	0	0	8	0	0	0	0	0	0	0	0	0	0	0	0	0	0	0	0	0	0	0	0	0	0	0	0	0	0	0	14459	14457	0	0	0	0	0	0	0	0	0	0	0	0	0	0	0	0	0	2	A871	4	A872	5	A872	1	A873	2	A881	4	Null	5	Null	1	A882		//	섀도우	엘리트2.5차	
	306	2	8	1	0	0	0	0	0	0	0	0	0	2	0	0	0	0	0	0	0	0	0	3	0	0	0	0	0	0	0	0	0	4	0	0	0	0	0	0	0	0	0	5	0	0	0	0	0	0	0	0	0	6	0	0	0	0	0	0	0	0	0	7	0	0	0	0	0	0	0	0	0	8	0	0	0	0	0	0	0	0	0	0	0	0	0	0	0	0	0	0	0	0	0	0	0	0	0	0	0	14460	14460	0	0	0	0	0	0	0	0	0	0	0	0	0	0	0	0	0	2	A886	4	A887	5	A887	1	A888	2	A886	4	A887	5	A887	1	A888		//	미스틱	엘리트2.5차	
	313	2	8	1	0	0	0	0	0	0	0	0	0	2	0	0	0	0	0	0	0	0	0	3	0	0	0	0	0	0	0	0	0	4	0	0	0	0	0	0	0	0	0	5	0	0	0	0	0	0	0	0	0	6	0	0	0	0	0	0	0	0	0	7	0	0	0	0	0	0	0	0	0	8	0	0	0	0	0	0	0	0	0	0	0	0	0	0	0	0	0	0	0	0	0	0	0	0	0	0	0	0	0	0	0	0	0	0	0	0	0	0	0	0	0	0	0	0	0	0	2	M375	4	M376	5	M376	1	M377	2	A059	4	A060	5	A060	1	A061		//	헬로이드	엘리트2.5차	
	315	2	8	1	0	0	0	0	0	0	0	0	0	2	0	0	0	0	0	0	0	0	0	3	0	0	0	0	0	0	0	0	0	4	0	0	0	0	0	0	0	0	0	5	0	0	0	0	0	0	0	0	0	6	0	0	0	0	0	0	0	0	0	7	0	0	0	0	0	0	0	0	0	8	0	0	0	0	0	0	0	0	0	0	0	0	0	0	0	0	0	0	0	0	0	0	0	0	0	0	0	0	0	0	0	0	0	0	0	0	0	0	0	0	0	0	0	0	0	0	2	Null	4	Null	5	Null	1	Null	2	M465	4	M466	5	M466	1	Null		//	위치블레이드	엘리트2.5차	
//엘리트3차아이템 세트효과																																																																																																																																													
	307	2	8	1	0	0	0	0	0	0	0	0	0	2	0	0	0	0	0	0	0	0	0	3	0	0	0	0	0	0	0	0	0	4	0	0	0	0	0	0	0	0	0	5	0	0	0	0	0	0	0	0	0	6	0	0	0	0	0	0	0	0	0	7	0	0	0	0	0	0	0	0	0	8	0	0	0	0	0	0	0	0	0	0	0	0	0	0	0	0	0	0	0	0	0	0	0	0	0	0	0	0	0	0	0	0	0	0	0	0	0	0	0	0	0	0	0	0	0	0	2	A941	4	A946	5	A946	0	Null	2	A971	4	A976	5	A976	0	Null		//	버서커	엘리트3차	
	308	2	8	1	0	0	0	0	0	0	0	0	0	2	0	0	0	0	0	0	0	0	0	3	0	0	0	0	0	0	0	0	0	4	0	0	0	0	0	0	0	0	0	5	0	0	0	0	0	0	0	0	0	6	0	0	0	0	0	0	0	0	0	7	0	0	0	0	0	0	0	0	0	8	0	0	0	0	0	0	0	0	0	0	0	0	0	0	0	0	0	0	0	0	0	0	0	0	0	0	0	0	0	0	0	0	0	0	0	0	0	0	0	0	0	0	0	0	0	0	2	A951	4	A956	5	A956	0	Null	2	A971	4	A976	5	A976	0	Null		//	드래곤나이트	엘리트3차	
	309	2	8	1	0	0	0	0	0	0	0	0	0	2	0	0	0	0	0	0	0	0	0	3	0	0	0	0	0	0	0	0	0	4	0	0	0	0	0	0	0	0	0	5	0	0	0	0	0	0	0	0	0	6	0	0	0	0	0	0	0	0	0	7	0	0	0	0	0	0	0	0	0	8	0	0	0	0	0	0	0	0	0	0	0	0	0	0	0	0	0	0	0	0	0	0	0	0	0	0	0	0	0	0	0	0	0	0	0	0	0	0	0	0	0	0	0	0	0	0	2	A961	4	A966	5	A966	0	Null	2	A981	4	A986	5	A986	0	Null		//	엘리멘탈리스트	엘리트3차	
	310	2	8	1	0	0	0	0	0	0	0	0	0	2	0	0	0	0	0	0	0	0	0	3	0	0	0	0	0	0	0	0	0	4	0	0	0	0	0	0	0	0	0	5	0	0	0	0	0	0	0	0	0	6	0	0	0	0	0	0	0	0	0	7	0	0	0	0	0	0	0	0	0	8	0	0	0	0	0	0	0	0	0	0	0	0	0	0	0	0	0	0	0	0	0	0	0	0	0	0	0	0	0	0	0	0	0	0	0	0	0	0	0	0	0	0	0	0	0	0	2	A951	4	A956	5	A956	0	Null	2	A971	4	A976	5	A976	0	Null		//	발키리	엘리트3차	
	311	2	8	1	0	0	0	0	0	0	0	0	0	2	0	0	0	0	0	0	0	0	0	3	0	0	0	0	0	0	0	0	0	4	0	0	0	0	0	0	0	0	0	5	0	0	0	0	0	0	0	0	0	6	0	0	0	0	0	0	0	0	0	7	0	0	0	0	0	0	0	0	0	8	0	0	0	0	0	0	0	0	0	0	0	0	0	0	0	0	0	0	0	0	0	0	0	0	0	0	0	0	0	0	0	0	0	0	0	0	0	0	0	0	0	0	0	0	0	0	2	A961	4	A966	5	A966	0	Null	2	A981	4	A986	5	A986	0	Null		//	섀도우	엘리트3차	
	312	2	8	1	0	0	0	0	0	0	0	0	0	2	0	0	0	0	0	0	0	0	0	3	0	0	0	0	0	0	0	0	0	4	0	0	0	0	0	0	0	0	0	5	0	0	0	0	0	0	0	0	0	6	0	0	0	0	0	0	0	0	0	7	0	0	0	0	0	0	0	0	0	8	0	0	0	0	0	0	0	0	0	0	0	0	0	0	0	0	0	0	0	0	0	0	0	0	0	0	0	0	0	0	0	0	0	0	0	0	0	0	0	0	0	0	0	0	0	0	2	A851	4	Null	5	Null	1	Null	2	A991	4	A996	5	A996	1	Null		//	미스틱	엘리트3차	
	314	2	8	1	0	0	0	0	0	0	0	0	0	2	0	0	0	0	0	0	0	0	0	3	0	0	0	0	0	0	0	0	0	4	0	0	0	0	0	0	0	0	0	5	0	0	0	0	0	0	0	0	0	6	0	0	0	0	0	0	0	0	0	7	0	0	0	0	0	0	0	0	0	8	0	0	0	0	0	0	0	0	0	0	0	0	0	0	0	0	0	0	0	0	0	0	0	0	0	0	0	0	0	0	0	0	0	0	0	0	0	0	0	0	0	0	0	0	0	0	2	M380	4	M381	5	M381	0	Null	0	Null	0	Null	0	Null	0	Null		//	헬로이드	엘리트3차	
	316	2	8	1	0	0	0	0	0	0	0	0	0	2	0	0	0	0	0	0	0	0	0	3	0	0	0	0	0	0	0	0	0	4	0	0	0	0	0	0	0	0	0	5	0	0	0	0	0	0	0	0	0	6	0	0	0	0	0	0	0	0	0	7	0	0	0	0	0	0	0	0	0	8	0	0	0	0	0	0	0	0	0	0	0	0	0	0	0	0	0	0	0	0	0	0	0	0	0	0	0	0	0	0	0	0	0	0	0	0	0	0	0	0	0	0	0	0	0	0	2	Null	4	Null	5	Null	0	Null	2	M400	4	M401	5	M401	0	Null		//	위치블레이드	엘리트3차	
//엘리트3.5차아이템 세트효과																																																																																																																																													
	242	2	8	1	0	0	0	0	0	0	0	0	0	2	0	0	0	0	0	0	0	0	0	3	0	0	0	0	0	0	0	0	0	4	0	0	0	0	0	0	0	0	0	5	0	0	0	0	0	0	0	0	0	6	0	0	0	0	0	0	0	0	0	7	0	0	0	0	0	0	0	0	0	8	0	0	0	0	0	0	0	0	0	0	0	0	0	0	0	0	0	0	0	0	0	0	0	0	0	0	0	0	0	0	0	0	0	0	0	0	0	0	0	0	0	0	0	0	0	0	2	M430	4	M431	5	M431	0	Null	2	M445	4	M446	5	M446	0	Null		//	버서커	엘리트3.5차	
	243	2	8	1	0	0	0	0	0	0	0	0	0	2	0	0	0	0	0	0	0	0	0	3	0	0	0	0	0	0	0	0	0	4	0	0	0	0	0	0	0	0	0	5	0	0	0	0	0	0	0	0	0	6	0	0	0	0	0	0	0	0	0	7	0	0	0	0	0	0	0	0	0	8	0	0	0	0	0	0	0	0	0	0	0	0	0	0	0	0	0	0	0	0	0	0	0	0	0	0	0	0	0	0	0	0	0	0	0	0	0	0	0	0	0	0	0	0	0	0	2	M435	4	M436	5	M436	0	Null	2	M445	4	M446	5	M446	0	Null		//	드래곤나이트	엘리트3.5차	
	244	2	8	1	0	0	0	0	0	0	0	0	0	2	0	0	0	0	0	0	0	0	0	3	0	0	0	0	0	0	0	0	0	4	0	0	0	0	0	0	0	0	0	5	0	0	0	0	0	0	0	0	0	6	0	0	0	0	0	0	0	0	0	7	0	0	0	0	0	0	0	0	0	8	0	0	0	0	0	0	0	0	0	0	0	0	0	0	0	0	0	0	0	0	0	0	0	0	0	0	0	0	0	0	0	0	0	0	0	0	0	0	0	0	0	0	0	0	0	0	2	M440	4	M441	5	M441	0	Null	2	M450	4	M451	5	M451	0	Null		//	엘리멘탈리스트	엘리트3.5차	
	245	2	8	1	0	0	0	0	0	0	0	0	0	2	0	0	0	0	0	0	0	0	0	3	0	0	0	0	0	0	0	0	0	4	0	0	0	0	0	0	0	0	0	5	0	0	0	0	0	0	0	0	0	6	0	0	0	0	0	0	0	0	0	7	0	0	0	0	0	0	0	0	0	8	0	0	0	0	0	0	0	0	0	0	0	0	0	0	0	0	0	0	0	0	0	0	0	0	0	0	0	0	0	0	0	0	0	0	0	0	0	0	0	0	0	0	0	0	0	0	2	M435	4	M436	5	M436	0	Null	2	M445	4	M446	5	M446	0	Null		//	발키리	엘리트3.5차	
	246	2	8	1	0	0	0	0	0	0	0	0	0	2	0	0	0	0	0	0	0	0	0	3	0	0	0	0	0	0	0	0	0	4	0	0	0	0	0	0	0	0	0	5	0	0	0	0	0	0	0	0	0	6	0	0	0	0	0	0	0	0	0	7	0	0	0	0	0	0	0	0	0	8	0	0	0	0	0	0	0	0	0	0	0	0	0	0	0	0	0	0	0	0	0	0	0	0	0	0	0	0	0	0	0	0	0	0	0	0	0	0	0	0	0	0	0	0	0	0	2	M445	4	M446	5	M446	0	Null	2	M450	4	M451	5	M451	0	Null		//	섀도우	엘리트3.5차	
	247	2	8	1	0	0	0	0	0	0	0	0	0	2	0	0	0	0	0	0	0	0	0	3	0	0	0	0	0	0	0	0	0	4	0	0	0	0	0	0	0	0	0	5	0	0	0	0	0	0	0	0	0	6	0	0	0	0	0	0	0	0	0	7	0	0	0	0	0	0	0	0	0	8	0	0	0	0	0	0	0	0	0	0	0	0	0	0	0	0	0	0	0	0	0	0	0	0	0	0	0	0	0	0	0	0	0	0	0	0	0	0	0	0	0	0	0	0	0	0	2	Null	4	Null	5	Null	1	Null	2	M455	4	M456	5	M456	1	Null		//	미스틱	엘리트3.5차	
	248	2	8	1	0	0	0	0	0	0	0	0	0	2	0	0	0	0	0	0	0	0	0	3	0	0	0	0	0	0	0	0	0	4	0	0	0	0	0	0	0	0	0	5	0	0	0	0	0	0	0	0	0	6	0	0	0	0	0	0	0	0	0	7	0	0	0	0	0	0	0	0	0	8	0	0	0	0	0	0	0	0	0	0	0	0	0	0	0	0	0	0	0	0	0	0	0	0	0	0	0	0	0	0	0	0	0	0	0	0	0	0	0	0	0	0	0	0	0	0	2	M460	4	M461	5	M461	0	Null	0	Null	0	Null	0	Null	0	Null		//	헬로이드	엘리트3.5차	
	249	2	8	1	0	0	0	0	0	0	0	0	0	2	0	0	0	0	0	0	0	0	0	3	0	0	0	0	0	0	0	0	0	4	0	0	0	0	0	0	0	0	0	5	0	0	0	0	0	0	0	0	0	6	0	0	0	0	0	0	0	0	0	7	0	0	0	0	0	0	0	0	0	8	0	0	0	0	0	0	0	0	0	0	0	0	0	0	0	0	0	0	0	0	0	0	0	0	0	0	0	0	0	0	0	0	0	0	0	0	0	0	0	0	0	0	0	0	0	0	2	Null	4	Null	5	Null	0	Null	2	M405	4	M406	5	M406	0	Null		//	위치블레이드	엘리트3.5차	
//엘리트4차아이템 세트효과																																																																																																																																													
	275	2	8	1	0	0	0	0	0	0	0	0	0	2	0	0	0	0	0	0	0	0	0	3	0	0	0	0	0	0	0	0	0	4	0	0	0	0	0	0	0	0	0	5	0	0	0	0	0	0	0	0	0	6	0	0	0	0	0	0	0	0	0	7	0	0	0	0	0	0	0	0	0	8	0	0	0	0	0	0	0	0	0	0	0	0	0	0	0	0	0	0	0	0	0	0	0	0	0	0	0	0	0	0	0	0	0	0	0	0	0	0	0	0	0	0	0	0	0	0	2	JC80	4	JC81	5	JC81	1	JC82	2	A971	4	A976	5	A976	0	Null		//	버서커	엘리트4차	
	276	2	8	1	0	0	0	0	0	0	0	0	0	2	0	0	0	0	0	0	0	0	0	3	0	0	0	0	0	0	0	0	0	4	0	0	0	0	0	0	0	0	0	5	0	0	0	0	0	0	0	0	0	6	0	0	0	0	0	0	0	0	0	7	0	0	0	0	0	0	0	0	0	8	0	0	0	0	0	0	0	0	0	0	0	0	0	0	0	0	0	0	0	0	0	0	0	0	0	0	0	0	0	0	0	0	0	0	0	0	0	0	0	0	0	0	0	0	0	0	2	JC85	4	JC86	5	JC86	1	JC87	2	A971	4	A976	5	A976	0	Null		//	드래곤나이트	엘리트4차	
	277	2	8	1	0	0	0	0	0	0	0	0	0	2	0	0	0	0	0	0	0	0	0	3	0	0	0	0	0	0	0	0	0	4	0	0	0	0	0	0	0	0	0	5	0	0	0	0	0	0	0	0	0	6	0	0	0	0	0	0	0	0	0	7	0	0	0	0	0	0	0	0	0	8	0	0	0	0	0	0	0	0	0	0	0	0	0	0	0	0	0	0	0	0	0	0	0	0	0	0	0	0	0	0	0	0	0	0	0	0	0	0	0	0	0	0	0	0	0	0	2	A961	4	A966	5	A966	0	Null	2	JD00	4	JD01	5	JD01	1	JD02		//	엘리멘탈리스트	엘리트4차	
	278	2	8	1	0	0	0	0	0	0	0	0	0	2	0	0	0	0	0	0	0	0	0	3	0	0	0	0	0	0	0	0	0	4	0	0	0	0	0	0	0	0	0	5	0	0	0	0	0	0	0	0	0	6	0	0	0	0	0	0	0	0	0	7	0	0	0	0	0	0	0	0	0	8	0	0	0	0	0	0	0	0	0	0	0	0	0	0	0	0	0	0	0	0	0	0	0	0	0	0	0	0	0	0	0	0	0	0	0	0	0	0	0	0	0	0	0	0	0	0	2	A951	4	A956	5	A956	0	Null	2	JC95	4	JC96	5	JC96	1	JC97		//	발키리	엘리트4차	
	279	2	8	1	0	0	0	0	0	0	0	0	0	2	0	0	0	0	0	0	0	0	0	3	0	0	0	0	0	0	0	0	0	4	0	0	0	0	0	0	0	0	0	5	0	0	0	0	0	0	0	0	0	6	0	0	0	0	0	0	0	0	0	7	0	0	0	0	0	0	0	0	0	8	0	0	0	0	0	0	0	0	0	0	0	0	0	0	0	0	0	0	0	0	0	0	0	0	0	0	0	0	0	0	0	0	0	0	0	0	0	0	0	0	0	0	0	0	0	0	2	JC90	4	JC91	5	JC91	1	JC92	2	A981	4	A986	5	A986	0	Null		//	섀도우	엘리트4차	
	280	2	8	1	0	0	0	0	0	0	0	0	0	2	0	0	0	0	0	0	0	0	0	3	0	0	0	0	0	0	0	0	0	4	0	0	0	0	0	0	0	0	0	5	0	0	0	0	0	0	0	0	0	6	0	0	0	0	0	0	0	0	0	7	0	0	0	0	0	0	0	0	0	8	0	0	0	0	0	0	0	0	0	0	0	0	0	0	0	0	0	0	0	0	0	0	0	0	0	0	0	0	0	0	0	0	0	0	0	0	0	0	0	0	0	0	0	0	0	0	2	A851	4	Null	5	Null	1	Null	2	JD05	4	JD06	5	JD06	1	JD07		//	미스틱	엘리트4차	
	281	2	8	1	0	0	0	0	0	0	0	0	0	2	0	0	0	0	0	0	0	0	0	3	0	0	0	0	0	0	0	0	0	4	0	0	0	0	0	0	0	0	0	5	0	0	0	0	0	0	0	0	0	6	0	0	0	0	0	0	0	0	0	7	0	0	0	0	0	0	0	0	0	8	0	0	0	0	0	0	0	0	0	0	0	0	0	0	0	0	0	0	0	0	0	0	0	0	0	0	0	0	0	0	0	0	0	0	0	0	0	0	0	0	0	0	0	0	0	0	2	JD10	4	JD11	5	JD11	1	JD12	0	Null	0	Null	0	Null	0	Null		//	헬로이드	엘리트4차	
	282	2	8	1	0	0	0	0	0	0	0	0	0	2	0	0	0	0	0	0	0	0	0	3	0	0	0	0	0	0	0	0	0	4	0	0	0	0	0	0	0	0	0	5	0	0	0	0	0	0	0	0	0	6	0	0	0	0	0	0	0	0	0	7	0	0	0	0	0	0	0	0	0	8	0	0	0	0	0	0	0	0	0	0	0	0	0	0	0	0	0	0	0	0	0	0	0	0	0	0	0	0	0	0	0	0	0	0	0	0	0	0	0	0	0	0	0	0	0	0	2	Null	4	Null	5	Null	0	Null	2	JD15	4	JD16	5	JD16	0	Null		//	위치블레이드	엘리트4차	
//럭키아이템 세트효과																																																																																																																																													
	11	5	8	1	0	0	0	0	0	0	0	0	0	2	0	0	0	0	0	0	0	0	0	3	0	0	0	0	0	0	0	0	0	4	0	0	0	0	0	0	0	0	0	5	0	0	0	0	0	0	0	0	0	6	0	0	0	0	0	0	0	0	0	7	0	0	0	0	0	0	0	0	0	8	0	0	0	0	0	0	0	0	0	0	0	0	0	0	0	0	0	0	0	0	0	0	0	0	0	0	0	0	0	0	0	0	0	0	0	0	0	0	0	0	0	0	0	0	0	0	2	m005	0	Null	0	Null	0	Null	2	m105	0	Null	0	Null	0	Null		//	버서커	골든플레이트_갑옷	
	12	5	8	1	0	0	0	0	0	0	0	0	0	2	0	0	0	0	0	0	0	0	0	3	0	0	0	0	0	0	0	0	0	4	0	0	0	0	0	0	0	0	0	5	0	0	0	0	0	0	0	0	0	6	0	0	0	0	0	0	0	0	0	7	0	0	0	0	0	0	0	0	0	8	0	0	0	0	0	0	0	0	0	0	0	0	0	0	0	0	0	0	0	0	0	0	0	0	0	0	0	0	0	0	0	0	0	0	0	0	0	0	0	0	0	0	0	0	0	0	2	m010	0	Null	0	Null	0	Null	2	m110	0	Null	0	Null	0	Null		//	버서커	하이페리어_갑옷	
	13	5	8	1	0	0	0	0	0	0	0	0	0	2	0	0	0	0	0	0	0	0	0	3	0	0	0	0	0	0	0	0	0	4	0	0	0	0	0	0	0	0	0	5	0	0	0	0	0	0	0	0	0	6	0	0	0	0	0	0	0	0	0	7	0	0	0	0	0	0	0	0	0	8	0	0	0	0	0	0	0	0	0	0	0	0	0	0	0	0	0	0	0	0	0	0	0	0	0	0	0	0	0	0	0	0	0	0	0	0	0	0	0	0	0	0	0	0	0	0	2	m015	0	Null	0	Null	0	Null	2	m115	0	Null	0	Null	0	Null		//	버서커	골든블러드_갑옷	
	14	5	8	1	0	0	0	0	0	0	0	0	0	2	0	0	0	0	0	0	0	0	0	3	0	0	0	0	0	0	0	0	0	4	0	0	0	0	0	0	0	0	0	5	0	0	0	0	0	0	0	0	0	6	0	0	0	0	0	0	0	0	0	7	0	0	0	0	0	0	0	0	0	8	0	0	0	0	0	0	0	0	0	0	0	0	0	0	0	0	0	0	0	0	0	0	0	0	0	0	0	0	0	0	0	0	0	0	0	0	0	0	0	0	0	0	0	0	0	0	2	m020	0	Null	0	Null	0	Null	2	m120	0	Null	0	Null	0	Null		//	버서커	붉은에테르_갑옷	
	15	5	8	1	0	0	0	0	0	0	0	0	0	2	0	0	0	0	0	0	0	0	0	3	0	0	0	0	0	0	0	0	0	4	0	0	0	0	0	0	0	0	0	5	0	0	0	0	0	0	0	0	0	6	0	0	0	0	0	0	0	0	0	7	0	0	0	0	0	0	0	0	0	8	0	0	0	0	0	0	0	0	0	0	0	0	0	0	0	0	0	0	0	0	0	0	0	0	0	0	0	0	0	0	0	0	0	0	0	0	0	0	0	0	0	0	0	0	0	0	2	m025	0	Null	0	Null	0	Null	2	m125	0	Null	0	Null	0	Null		//	버서커	벨더나이트_갑옷	
	16	5	8	1	0	0	0	0	0	0	0	0	0	2	0	0	0	0	0	0	0	0	0	3	0	0	0	0	0	0	0	0	0	4	0	0	0	0	0	0	0	0	0	5	0	0	0	0	0	0	0	0	0	6	0	0	0	0	0	0	0	0	0	7	0	0	0	0	0	0	0	0	0	8	0	0	0	0	0	0	0	0	0	0	0	0	0	0	0	0	0	0	0	0	0	0	0	0	0	0	0	0	0	0	0	0	0	0	0	0	0	0	0	0	0	0	0	0	0	0	2	m030	0	Null	0	Null	0	Null	2	m130	0	Null	0	Null	0	Null		//	버서커	세인트셀_갑옷	
	17	5	8	1	0	0	0	0	0	0	0	0	0	2	0	0	0	0	0	0	0	0	0	3	0	0	0	0	0	0	0	0	0	4	0	0	0	0	0	0	0	0	0	5	0	0	0	0	0	0	0	0	0	6	0	0	0	0	0	0	0	0	0	7	0	0	0	0	0	0	0	0	0	8	0	0	0	0	0	0	0	0	0	0	0	0	0	0	0	0	0	0	0	0	0	0	0	0	0	0	0	0	0	0	0	0	0	0	0	0	0	0	0	0	0	0	0	0	0	0	2	m035	0	Null	0	Null	0	Null	2	m135	0	Null	0	Null	0	Null		//	버서커	다크어비스_갑옷	
	18	5	8	1	0	0	0	0	0	0	0	0	0	2	0	0	0	0	0	0	0	0	0	3	0	0	0	0	0	0	0	0	0	4	0	0	0	0	0	0	0	0	0	5	0	0	0	0	0	0	0	0	0	6	0	0	0	0	0	0	0	0	0	7	0	0	0	0	0	0	0	0	0	8	0	0	0	0	0	0	0	0	0	0	0	0	0	0	0	0	0	0	0	0	0	0	0	0	0	0	0	0	0	0	0	0	0	0	0	0	0	0	0	0	0	0	0	0	0	0	2	m040	0	Null	0	Null	0	Null	2	m140	0	Null	0	Null	0	Null		//	버서커	고요한파멸_갑옷	
	19	5	8	1	0	0	0	0	0	0	0	0	0	2	0	0	0	0	0	0	0	0	0	3	0	0	0	0	0	0	0	0	0	4	0	0	0	0	0	0	0	0	0	5	0	0	0	0	0	0	0	0	0	6	0	0	0	0	0	0	0	0	0	7	0	0	0	0	0	0	0	0	0	8	0	0	0	0	0	0	0	0	0	0	0	0	0	0	0	0	0	0	0	0	0	0	0	0	0	0	0	0	0	0	0	0	0	0	0	0	0	0	0	0	0	0	0	0	0	0	2	m045	0	Null	0	Null	0	Null	2	m145	0	Null	0	Null	0	Null		//	버서커	전사벤투스_갑옷	
	20	5	8	1	0	0	0	0	0	0	0	0	0	2	0	0	0	0	0	0	0	0	0	3	0	0	0	0	0	0	0	0	0	4	0	0	0	0	0	0	0	0	0	5	0	0	0	0	0	0	0	0	0	6	0	0	0	0	0	0	0	0	0	7	0	0	0	0	0	0	0	0	0	8	0	0	0	0	0	0	0	0	0	0	0	0	0	0	0	0	0	0	0	0	0	0	0	0	0	0	0	0	0	0	0	0	0	0	0	0	0	0	0	0	0	0	0	0	0	0	2	m050	0	Null	0	Null	0	Null	2	m150	0	Null	0	Null	0	Null		//	버서커	신성한외침의_갑옷	
	21	5	8	1	0	0	0	0	0	0	0	0	0	2	0	0	0	0	0	0	0	0	0	3	0	0	0	0	0	0	0	0	0	4	0	0	0	0	0	0	0	0	0	5	0	0	0	0	0	0	0	0	0	6	0	0	0	0	0	0	0	0	0	7	0	0	0	0	0	0	0	0	0	8	0	0	0	0	0	0	0	0	0	0	0	0	0	0	0	0	0	0	0	0	0	0	0	0	0	0	0	0	0	0	0	0	0	0	0	0	0	0	0	0	0	0	0	0	0	0	2	m055	4	m056	5	m056	0	Null	2	m105	0	Null	0	Null	0	Null		//	드래곤나이트	나이트스케일_갑옷	
	22	5	8	1	0	0	0	0	0	0	0	0	0	2	0	0	0	0	0	0	0	0	0	3	0	0	0	0	0	0	0	0	0	4	0	0	0	0	0	0	0	0	0	5	0	0	0	0	0	0	0	0	0	6	0	0	0	0	0	0	0	0	0	7	0	0	0	0	0	0	0	0	0	8	0	0	0	0	0	0	0	0	0	0	0	0	0	0	0	0	0	0	0	0	0	0	0	0	0	0	0	0	0	0	0	0	0	0	0	0	0	0	0	0	0	0	0	0	0	0	2	m060	4	m061	5	m061	0	Null	2	m110	0	Null	0	Null	0	Null		//	드래곤나이트	드래곤가드_갑옷	
	23	5	8	1	0	0	0	0	0	0	0	0	0	2	0	0	0	0	0	0	0	0	0	3	0	0	0	0	0	0	0	0	0	4	0	0	0	0	0	0	0	0	0	5	0	0	0	0	0	0	0	0	0	6	0	0	0	0	0	0	0	0	0	7	0	0	0	0	0	0	0	0	0	8	0	0	0	0	0	0	0	0	0	0	0	0	0	0	0	0	0	0	0	0	0	0	0	0	0	0	0	0	0	0	0	0	0	0	0	0	0	0	0	0	0	0	0	0	0	0	2	m065	4	m066	5	m066	0	Null	2	m115	0	Null	0	Null	0	Null		//	드래곤나이트	에테르합금_갑옷	
	24	5	8	1	0	0	0	0	0	0	0	0	0	2	0	0	0	0	0	0	0	0	0	3	0	0	0	0	0	0	0	0	0	4	0	0	0	0	0	0	0	0	0	5	0	0	0	0	0	0	0	0	0	6	0	0	0	0	0	0	0	0	0	7	0	0	0	0	0	0	0	0	0	8	0	0	0	0	0	0	0	0	0	0	0	0	0	0	0	0	0	0	0	0	0	0	0	0	0	0	0	0	0	0	0	0	0	0	0	0	0	0	0	0	0	0	0	0	0	0	2	m070	0	Null	0	Null	0	Null	2	m120	0	Null	0	Null	0	Null		//	드래곤나이트	아머가드스케일_갑옷	
	25	5	8	1	0	0	0	0	0	0	0	0	0	2	0	0	0	0	0	0	0	0	0	3	0	0	0	0	0	0	0	0	0	4	0	0	0	0	0	0	0	0	0	5	0	0	0	0	0	0	0	0	0	6	0	0	0	0	0	0	0	0	0	7	0	0	0	0	0	0	0	0	0	8	0	0	0	0	0	0	0	0	0	0	0	0	0	0	0	0	0	0	0	0	0	0	0	0	0	0	0	0	0	0	0	0	0	0	0	0	0	0	0	0	0	0	0	0	0	0	2	m075	0	Null	0	Null	0	Null	2	m125	0	Null	0	Null	0	Null		//	드래곤나이트	아카식드래곤_갑옷	
	26	5	8	1	0	0	0	0	0	0	0	0	0	2	0	0	0	0	0	0	0	0	0	3	0	0	0	0	0	0	0	0	0	4	0	0	0	0	0	0	0	0	0	5	0	0	0	0	0	0	0	0	0	6	0	0	0	0	0	0	0	0	0	7	0	0	0	0	0	0	0	0	0	8	0	0	0	0	0	0	0	0	0	0	0	0	0	0	0	0	0	0	0	0	0	0	0	0	0	0	0	0	0	0	0	0	0	0	0	0	0	0	0	0	0	0	0	0	0	0	2	m080	0	Null	0	Null	0	Null	2	m130	0	Null	0	Null	0	Null		//	드래곤나이트	암살자드래곤_갑옷	
	27	5	8	1	0	0	0	0	0	0	0	0	0	2	0	0	0	0	0	0	0	0	0	3	0	0	0	0	0	0	0	0	0	4	0	0	0	0	0	0	0	0	0	5	0	0	0	0	0	0	0	0	0	6	0	0	0	0	0	0	0	0	0	7	0	0	0	0	0	0	0	0	0	8	0	0	0	0	0	0	0	0	0	0	0	0	0	0	0	0	0	0	0	0	0	0	0	0	0	0	0	0	0	0	0	0	0	0	0	0	0	0	0	0	0	0	0	0	0	0	2	m085	0	Null	0	Null	0	Null	2	m135	0	Null	0	Null	0	Null		//	드래곤나이트	앱솔루트나이트_갑옷	
	28	5	8	1	0	0	0	0	0	0	0	0	0	2	0	0	0	0	0	0	0	0	0	3	0	0	0	0	0	0	0	0	0	4	0	0	0	0	0	0	0	0	0	5	0	0	0	0	0	0	0	0	0	6	0	0	0	0	0	0	0	0	0	7	0	0	0	0	0	0	0	0	0	8	0	0	0	0	0	0	0	0	0	0	0	0	0	0	0	0	0	0	0	0	0	0	0	0	0	0	0	0	0	0	0	0	0	0	0	0	0	0	0	0	0	0	0	0	0	0	2	m090	0	Null	0	Null	0	Null	2	m140	0	Null	0	Null	0	Null		//	드래곤나이트	위대한마이렌의_갑옷	
	29	5	8	1	0	0	0	0	0	0	0	0	0	2	0	0	0	0	0	0	0	0	0	3	0	0	0	0	0	0	0	0	0	4	0	0	0	0	0	0	0	0	0	5	0	0	0	0	0	0	0	0	0	6	0	0	0	0	0	0	0	0	0	7	0	0	0	0	0	0	0	0	0	8	0	0	0	0	0	0	0	0	0	0	0	0	0	0	0	0	0	0	0	0	0	0	0	0	0	0	0	0	0	0	0	0	0	0	0	0	0	0	0	0	0	0	0	0	0	0	2	m095	0	Null	0	Null	0	Null	2	m145	0	Null	0	Null	0	Null		//	드래곤나이트	엄숙한맹세_갑옷	
	30	5	8	1	0	0	0	0	0	0	0	0	0	2	0	0	0	0	0	0	0	0	0	3	0	0	0	0	0	0	0	0	0	4	0	0	0	0	0	0	0	0	0	5	0	0	0	0	0	0	0	0	0	6	0	0	0	0	0	0	0	0	0	7	0	0	0	0	0	0	0	0	0	8	0	0	0	0	0	0	0	0	0	0	0	0	0	0	0	0	0	0	0	0	0	0	0	0	0	0	0	0	0	0	0	0	0	0	0	0	0	0	0	0	0	0	0	0	0	0	2	m100	0	Null	0	Null	0	Null	2	m150	0	Null	0	Null	0	Null		//	드래곤나이트	천상의드래곤_갑옷	
	31	5	8	1	0	0	0	0	0	0	0	0	0	2	0	0	0	0	0	0	0	0	0	3	0	0	0	0	0	0	0	0	0	4	0	0	0	0	0	0	0	0	0	5	0	0	0	0	0	0	0	0	0	6	0	0	0	0	0	0	0	0	0	7	0	0	0	0	0	0	0	0	0	8	0	0	0	0	0	0	0	0	0	0	0	0	0	0	0	0	0	0	0	0	0	0	0	0	0	0	0	0	0	0	0	0	0	0	0	0	0	0	0	0	0	0	0	0	0	0	2	M205	4	M206	5	M206	0	Null	2	m155	4	m156	5	m156	0	Null		//	새도우	블러드크로우_갑옷	
	32	5	8	1	0	0	0	0	0	0	0	0	0	2	0	0	0	0	0	0	0	0	0	3	0	0	0	0	0	0	0	0	0	4	0	0	0	0	0	0	0	0	0	5	0	0	0	0	0	0	0	0	0	6	0	0	0	0	0	0	0	0	0	7	0	0	0	0	0	0	0	0	0	8	0	0	0	0	0	0	0	0	0	0	0	0	0	0	0	0	0	0	0	0	0	0	0	0	0	0	0	0	0	0	0	0	0	0	0	0	0	0	0	0	0	0	0	0	0	0	2	M210	4	M211	5	M211	0	Null	2	m160	4	m161	5	m161	0	Null		//	새도우	데스파인더_갑옷	
	33	5	8	1	0	0	0	0	0	0	0	0	0	2	0	0	0	0	0	0	0	0	0	3	0	0	0	0	0	0	0	0	0	4	0	0	0	0	0	0	0	0	0	5	0	0	0	0	0	0	0	0	0	6	0	0	0	0	0	0	0	0	0	7	0	0	0	0	0	0	0	0	0	8	0	0	0	0	0	0	0	0	0	0	0	0	0	0	0	0	0	0	0	0	0	0	0	0	0	0	0	0	0	0	0	0	0	0	0	0	0	0	0	0	0	0	0	0	0	0	2	M215	4	M216	5	M216	0	Null	2	m165	0	Null	0	Null	0	Null		//	새도우	디스일루전_갑옷	
	34	5	8	1	0	0	0	0	0	0	0	0	0	2	0	0	0	0	0	0	0	0	0	3	0	0	0	0	0	0	0	0	0	4	0	0	0	0	0	0	0	0	0	5	0	0	0	0	0	0	0	0	0	6	0	0	0	0	0	0	0	0	0	7	0	0	0	0	0	0	0	0	0	8	0	0	0	0	0	0	0	0	0	0	0	0	0	0	0	0	0	0	0	0	0	0	0	0	0	0	0	0	0	0	0	0	0	0	0	0	0	0	0	0	0	0	0	0	0	0	2	M220	4	M221	5	M221	0	Null	2	m170	0	Null	0	Null	0	Null		//	새도우	블랙로터스_갑옷	
	35	5	8	1	0	0	0	0	0	0	0	0	0	2	0	0	0	0	0	0	0	0	0	3	0	0	0	0	0	0	0	0	0	4	0	0	0	0	0	0	0	0	0	5	0	0	0	0	0	0	0	0	0	6	0	0	0	0	0	0	0	0	0	7	0	0	0	0	0	0	0	0	0	8	0	0	0	0	0	0	0	0	0	0	0	0	0	0	0	0	0	0	0	0	0	0	0	0	0	0	0	0	0	0	0	0	0	0	0	0	0	0	0	0	0	0	0	0	0	0	2	M225	4	M226	5	M226	0	Null	2	m175	4	m176	5	m176	0	Null		//	새도우	다크썸레퀴엠_갑옷	
	36	5	8	1	0	0	0	0	0	0	0	0	0	2	0	0	0	0	0	0	0	0	0	3	0	0	0	0	0	0	0	0	0	4	0	0	0	0	0	0	0	0	0	5	0	0	0	0	0	0	0	0	0	6	0	0	0	0	0	0	0	0	0	7	0	0	0	0	0	0	0	0	0	8	0	0	0	0	0	0	0	0	0	0	0	0	0	0	0	0	0	0	0	0	0	0	0	0	0	0	0	0	0	0	0	0	0	0	0	0	0	0	0	0	0	0	0	0	0	0	2	M230	4	M231	5	M231	0	Null	2	m180	2	m181	0	Null	0	Null		//	새도우	버진타나토스_갑옷	
	37	5	8	1	0	0	0	0	0	0	0	0	0	2	0	0	0	0	0	0	0	0	0	3	0	0	0	0	0	0	0	0	0	4	0	0	0	0	0	0	0	0	0	5	0	0	0	0	0	0	0	0	0	6	0	0	0	0	0	0	0	0	0	7	0	0	0	0	0	0	0	0	0	8	0	0	0	0	0	0	0	0	0	0	0	0	0	0	0	0	0	0	0	0	0	0	0	0	0	0	0	0	0	0	0	0	0	0	0	0	0	0	0	0	0	0	0	0	0	0	2	M235	4	M236	5	M236	0	Null	2	m185	2	m186	0	Null	0	Null		//	새도우	브로큰카오스_갑옷	
	38	5	8	1	0	0	0	0	0	0	0	0	0	2	0	0	0	0	0	0	0	0	0	3	0	0	0	0	0	0	0	0	0	4	0	0	0	0	0	0	0	0	0	5	0	0	0	0	0	0	0	0	0	6	0	0	0	0	0	0	0	0	0	7	0	0	0	0	0	0	0	0	0	8	0	0	0	0	0	0	0	0	0	0	0	0	0	0	0	0	0	0	0	0	0	0	0	0	0	0	0	0	0	0	0	0	0	0	0	0	0	0	0	0	0	0	0	0	0	0	2	M240	4	M241	5	M241	0	Null	2	m190	2	m191	0	Null	0	Null		//	새도우	다크엠페러_갑옷	
	39	5	8	1	0	0	0	0	0	0	0	0	0	2	0	0	0	0	0	0	0	0	0	3	0	0	0	0	0	0	0	0	0	4	0	0	0	0	0	0	0	0	0	5	0	0	0	0	0	0	0	0	0	6	0	0	0	0	0	0	0	0	0	7	0	0	0	0	0	0	0	0	0	8	0	0	0	0	0	0	0	0	0	0	0	0	0	0	0	0	0	0	0	0	0	0	0	0	0	0	0	0	0	0	0	0	0	0	0	0	0	0	0	0	0	0	0	0	0	0	2	m245	4	m246	5	m246	0	Null	2	m195	0	Null	0	Null	0	Null		//	새도우	새도우갑옷_갑옷	
	40	5	8	1	0	0	0	0	0	0	0	0	0	2	0	0	0	0	0	0	0	0	0	3	0	0	0	0	0	0	0	0	0	4	0	0	0	0	0	0	0	0	0	5	0	0	0	0	0	0	0	0	0	6	0	0	0	0	0	0	0	0	0	7	0	0	0	0	0	0	0	0	0	8	0	0	0	0	0	0	0	0	0	0	0	0	0	0	0	0	0	0	0	0	0	0	0	0	0	0	0	0	0	0	0	0	0	0	0	0	0	0	0	0	0	0	0	0	0	0	2	m250	4	m251	5	m251	0	Null	2	m200	0	Null	0	Null	0	Null		//	새도우	새도우갑옷_갑옷	
	41	5	8	1	0	0	0	0	0	0	0	0	0	2	0	0	0	0	0	0	0	0	0	3	0	0	0	0	0	0	0	0	0	4	0	0	0	0	0	0	0	0	0	5	0	0	0	0	0	0	0	0	0	6	0	0	0	0	0	0	0	0	0	7	0	0	0	0	0	0	0	0	0	8	0	0	0	0	0	0	0	0	0	0	0	0	0	0	0	0	0	0	0	0	0	0	0	0	0	0	0	0	0	0	0	0	0	0	0	0	0	0	0	0	0	0	0	0	0	0	2	m055	4	m056	5	m056	0	Null	2	m105	0	Null	0	Null	0	Null		//	발키리	야생가죽판금_갑옷	
	42	5	8	1	0	0	0	0	0	0	0	0	0	2	0	0	0	0	0	0	0	0	0	3	0	0	0	0	0	0	0	0	0	4	0	0	0	0	0	0	0	0	0	5	0	0	0	0	0	0	0	0	0	6	0	0	0	0	0	0	0	0	0	7	0	0	0	0	0	0	0	0	0	8	0	0	0	0	0	0	0	0	0	0	0	0	0	0	0	0	0	0	0	0	0	0	0	0	0	0	0	0	0	0	0	0	0	0	0	0	0	0	0	0	0	0	0	0	0	0	2	m060	4	m061	5	m061	0	Null	2	m110	0	Null	0	Null	0	Null		//	발키리	강철악어_갑옷	
	43	5	8	1	0	0	0	0	0	0	0	0	0	2	0	0	0	0	0	0	0	0	0	3	0	0	0	0	0	0	0	0	0	4	0	0	0	0	0	0	0	0	0	5	0	0	0	0	0	0	0	0	0	6	0	0	0	0	0	0	0	0	0	7	0	0	0	0	0	0	0	0	0	8	0	0	0	0	0	0	0	0	0	0	0	0	0	0	0	0	0	0	0	0	0	0	0	0	0	0	0	0	0	0	0	0	0	0	0	0	0	0	0	0	0	0	0	0	0	0	2	m065	4	m066	5	m066	0	Null	2	m115	0	Null	0	Null	0	Null		//	발키리	에테르쥬엘_갑옷	
	44	5	8	1	0	0	0	0	0	0	0	0	0	2	0	0	0	0	0	0	0	0	0	3	0	0	0	0	0	0	0	0	0	4	0	0	0	0	0	0	0	0	0	5	0	0	0	0	0	0	0	0	0	6	0	0	0	0	0	0	0	0	0	7	0	0	0	0	0	0	0	0	0	8	0	0	0	0	0	0	0	0	0	0	0	0	0	0	0	0	0	0	0	0	0	0	0	0	0	0	0	0	0	0	0	0	0	0	0	0	0	0	0	0	0	0	0	0	0	0	2	m070	0	Null	0	Null	0	Null	2	m120	0	Null	0	Null	0	Null		//	발키리	영혼의조각_갑옷	
	45	5	8	1	0	0	0	0	0	0	0	0	0	2	0	0	0	0	0	0	0	0	0	3	0	0	0	0	0	0	0	0	0	4	0	0	0	0	0	0	0	0	0	5	0	0	0	0	0	0	0	0	0	6	0	0	0	0	0	0	0	0	0	7	0	0	0	0	0	0	0	0	0	8	0	0	0	0	0	0	0	0	0	0	0	0	0	0	0	0	0	0	0	0	0	0	0	0	0	0	0	0	0	0	0	0	0	0	0	0	0	0	0	0	0	0	0	0	0	0	2	m075	0	Null	0	Null	0	Null	2	m125	0	Null	0	Null	0	Null		//	발키리	버스트아쳐_갑옷	
	46	5	8	1	0	0	0	0	0	0	0	0	0	2	0	0	0	0	0	0	0	0	0	3	0	0	0	0	0	0	0	0	0	4	0	0	0	0	0	0	0	0	0	5	0	0	0	0	0	0	0	0	0	6	0	0	0	0	0	0	0	0	0	7	0	0	0	0	0	0	0	0	0	8	0	0	0	0	0	0	0	0	0	0	0	0	0	0	0	0	0	0	0	0	0	0	0	0	0	0	0	0	0	0	0	0	0	0	0	0	0	0	0	0	0	0	0	0	0	0	2	m080	0	Null	0	Null	0	Null	2	m130	0	Null	0	Null	0	Null		//	발키리	정령석강화_갑옷	
	47	5	8	1	0	0	0	0	0	0	0	0	0	2	0	0	0	0	0	0	0	0	0	3	0	0	0	0	0	0	0	0	0	4	0	0	0	0	0	0	0	0	0	5	0	0	0	0	0	0	0	0	0	6	0	0	0	0	0	0	0	0	0	7	0	0	0	0	0	0	0	0	0	8	0	0	0	0	0	0	0	0	0	0	0	0	0	0	0	0	0	0	0	0	0	0	0	0	0	0	0	0	0	0	0	0	0	0	0	0	0	0	0	0	0	0	0	0	0	0	2	m085	0	Null	0	Null	0	Null	2	m135	0	Null	0	Null	0	Null		//	발키리	정령의수호자_갑옷	
	48	5	8	1	0	0	0	0	0	0	0	0	0	2	0	0	0	0	0	0	0	0	0	3	0	0	0	0	0	0	0	0	0	4	0	0	0	0	0	0	0	0	0	5	0	0	0	0	0	0	0	0	0	6	0	0	0	0	0	0	0	0	0	7	0	0	0	0	0	0	0	0	0	8	0	0	0	0	0	0	0	0	0	0	0	0	0	0	0	0	0	0	0	0	0	0	0	0	0	0	0	0	0	0	0	0	0	0	0	0	0	0	0	0	0	0	0	0	0	0	2	m090	0	Null	0	Null	0	Null	2	m140	0	Null	0	Null	0	Null		//	발키리	하얀섬광_갑옷	
	49	5	8	1	0	0	0	0	0	0	0	0	0	2	0	0	0	0	0	0	0	0	0	3	0	0	0	0	0	0	0	0	0	4	0	0	0	0	0	0	0	0	0	5	0	0	0	0	0	0	0	0	0	6	0	0	0	0	0	0	0	0	0	7	0	0	0	0	0	0	0	0	0	8	0	0	0	0	0	0	0	0	0	0	0	0	0	0	0	0	0	0	0	0	0	0	0	0	0	0	0	0	0	0	0	0	0	0	0	0	0	0	0	0	0	0	0	0	0	0	2	m095	0	Null	0	Null	0	Null	2	m145	0	Null	0	Null	0	Null		//	발키리	승리가깃든_갑옷	
	50	5	8	1	0	0	0	0	0	0	0	0	0	2	0	0	0	0	0	0	0	0	0	3	0	0	0	0	0	0	0	0	0	4	0	0	0	0	0	0	0	0	0	5	0	0	0	0	0	0	0	0	0	6	0	0	0	0	0	0	0	0	0	7	0	0	0	0	0	0	0	0	0	8	0	0	0	0	0	0	0	0	0	0	0	0	0	0	0	0	0	0	0	0	0	0	0	0	0	0	0	0	0	0	0	0	0	0	0	0	0	0	0	0	0	0	0	0	0	0	2	m100	0	Null	0	Null	0	Null	2	m150	0	Null	0	Null	0	Null		//	발키리	숲의정령_갑옷	
	51	5	8	1	0	0	0	0	0	0	0	0	0	2	0	0	0	0	0	0	0	0	0	3	0	0	0	0	0	0	0	0	0	4	0	0	0	0	0	0	0	0	0	5	0	0	0	0	0	0	0	0	0	6	0	0	0	0	0	0	0	0	0	7	0	0	0	0	0	0	0	0	0	8	0	0	0	0	0	0	0	0	0	0	0	0	0	0	0	0	0	0	0	0	0	0	0	0	0	0	0	0	0	0	0	0	0	0	0	0	0	0	0	0	0	0	0	0	0	0	2	M205	4	M206	5	M206	0	Null	2	m155	4	m156	5	m156	0	Null		//	엘리멘탈리스트	글로스골드_갑옷	
	52	5	8	1	0	0	0	0	0	0	0	0	0	2	0	0	0	0	0	0	0	0	0	3	0	0	0	0	0	0	0	0	0	4	0	0	0	0	0	0	0	0	0	5	0	0	0	0	0	0	0	0	0	6	0	0	0	0	0	0	0	0	0	7	0	0	0	0	0	0	0	0	0	8	0	0	0	0	0	0	0	0	0	0	0	0	0	0	0	0	0	0	0	0	0	0	0	0	0	0	0	0	0	0	0	0	0	0	0	0	0	0	0	0	0	0	0	0	0	0	2	M210	4	M211	5	M211	0	Null	2	m160	4	m161	5	m161	0	Null		//	엘리멘탈리스트	선블래스트_갑옷	
	53	5	8	1	0	0	0	0	0	0	0	0	0	2	0	0	0	0	0	0	0	0	0	3	0	0	0	0	0	0	0	0	0	4	0	0	0	0	0	0	0	0	0	5	0	0	0	0	0	0	0	0	0	6	0	0	0	0	0	0	0	0	0	7	0	0	0	0	0	0	0	0	0	8	0	0	0	0	0	0	0	0	0	0	0	0	0	0	0	0	0	0	0	0	0	0	0	0	0	0	0	0	0	0	0	0	0	0	0	0	0	0	0	0	0	0	0	0	0	0	2	M215	4	M216	5	M216	0	Null	2	m165	0	Null	0	Null	0	Null		//	엘리멘탈리스트	세인트메이지_갑옷	
	54	5	8	1	0	0	0	0	0	0	0	0	0	2	0	0	0	0	0	0	0	0	0	3	0	0	0	0	0	0	0	0	0	4	0	0	0	0	0	0	0	0	0	5	0	0	0	0	0	0	0	0	0	6	0	0	0	0	0	0	0	0	0	7	0	0	0	0	0	0	0	0	0	8	0	0	0	0	0	0	0	0	0	0	0	0	0	0	0	0	0	0	0	0	0	0	0	0	0	0	0	0	0	0	0	0	0	0	0	0	0	0	0	0	0	0	0	0	0	0	2	M220	4	M221	5	M221	0	Null	2	m170	0	Null	0	Null	0	Null		//	엘리멘탈리스트	골다리움아츠_갑옷	
	55	5	8	1	0	0	0	0	0	0	0	0	0	2	0	0	0	0	0	0	0	0	0	3	0	0	0	0	0	0	0	0	0	4	0	0	0	0	0	0	0	0	0	5	0	0	0	0	0	0	0	0	0	6	0	0	0	0	0	0	0	0	0	7	0	0	0	0	0	0	0	0	0	8	0	0	0	0	0	0	0	0	0	0	0	0	0	0	0	0	0	0	0	0	0	0	0	0	0	0	0	0	0	0	0	0	0	0	0	0	0	0	0	0	0	0	0	0	0	0	2	M225	4	M226	5	M226	0	Null	2	m175	4	m176	5	m176	0	Null		//	엘리멘탈리스트	붉은엘리멘탈_갑옷	
	56	5	8	1	0	0	0	0	0	0	0	0	0	2	0	0	0	0	0	0	0	0	0	3	0	0	0	0	0	0	0	0	0	4	0	0	0	0	0	0	0	0	0	5	0	0	0	0	0	0	0	0	0	6	0	0	0	0	0	0	0	0	0	7	0	0	0	0	0	0	0	0	0	8	0	0	0	0	0	0	0	0	0	0	0	0	0	0	0	0	0	0	0	0	0	0	0	0	0	0	0	0	0	0	0	0	0	0	0	0	0	0	0	0	0	0	0	0	0	0	2	M230	4	M231	5	M231	0	Null	2	m180	2	m181	0	Null	0	Null		//	엘리멘탈리스트	빛과어둠의현자_갑옷	
	57	5	8	1	0	0	0	0	0	0	0	0	0	2	0	0	0	0	0	0	0	0	0	3	0	0	0	0	0	0	0	0	0	4	0	0	0	0	0	0	0	0	0	5	0	0	0	0	0	0	0	0	0	6	0	0	0	0	0	0	0	0	0	7	0	0	0	0	0	0	0	0	0	8	0	0	0	0	0	0	0	0	0	0	0	0	0	0	0	0	0	0	0	0	0	0	0	0	0	0	0	0	0	0	0	0	0	0	0	0	0	0	0	0	0	0	0	0	0	0	2	M235	4	M236	5	M236	0	Null	2	m185	2	m186	0	Null	0	Null		//	엘리멘탈리스트	검은핏빛저주_갑옷	
	58	5	8	1	0	0	0	0	0	0	0	0	0	2	0	0	0	0	0	0	0	0	0	3	0	0	0	0	0	0	0	0	0	4	0	0	0	0	0	0	0	0	0	5	0	0	0	0	0	0	0	0	0	6	0	0	0	0	0	0	0	0	0	7	0	0	0	0	0	0	0	0	0	8	0	0	0	0	0	0	0	0	0	0	0	0	0	0	0	0	0	0	0	0	0	0	0	0	0	0	0	0	0	0	0	0	0	0	0	0	0	0	0	0	0	0	0	0	0	0	2	M240	4	M241	5	M241	0	Null	2	m190	2	m191	0	Null	0	Null		//	엘리멘탈리스트	헤라지카_갑옷	
	59	5	8	1	0	0	0	0	0	0	0	0	0	2	0	0	0	0	0	0	0	0	0	3	0	0	0	0	0	0	0	0	0	4	0	0	0	0	0	0	0	0	0	5	0	0	0	0	0	0	0	0	0	6	0	0	0	0	0	0	0	0	0	7	0	0	0	0	0	0	0	0	0	8	0	0	0	0	0	0	0	0	0	0	0	0	0	0	0	0	0	0	0	0	0	0	0	0	0	0	0	0	0	0	0	0	0	0	0	0	0	0	0	0	0	0	0	0	0	0	2	m245	4	m246	5	m246	0	Null	2	m195	0	Null	0	Null	0	Null		//	엘리멘탈리스트	눈부신시겔의_갑옷	
	60	5	8	1	0	0	0	0	0	0	0	0	0	2	0	0	0	0	0	0	0	0	0	3	0	0	0	0	0	0	0	0	0	4	0	0	0	0	0	0	0	0	0	5	0	0	0	0	0	0	0	0	0	6	0	0	0	0	0	0	0	0	0	7	0	0	0	0	0	0	0	0	0	8	0	0	0	0	0	0	0	0	0	0	0	0	0	0	0	0	0	0	0	0	0	0	0	0	0	0	0	0	0	0	0	0	0	0	0	0	0	0	0	0	0	0	0	0	0	0	2	m250	4	m251	5	m251	0	Null	2	m200	0	Null	0	Null	0	Null		//	엘리멘탈리스트	대자연의힘_갑옷	
//88 중국 올림픽 이벤트 아이템 오륜 반지 세트효과																																																																																																																																													
	88	1	5	16	0	0	0	0	0	0	0	0	0	16	0	0	0	0	0	0	0	0	0	16	0	0	0	0	0	0	0	0	0	16	0	0	0	0	0	0	0	0	0	16	0	0	0	0	0	0	0	0	0	0	0	0	0	0	0	0	0	0	0	0	0	0	0	0	0	0	0	0	0	16	0	0	0	0	0	0	0	0	0	1	2	10	21	1	10	44	5	25	45	5	25	0	0	0	0	0	0	0	0	0	0	0	0	0	0	0	0	0	0	0	0	0	0	0	0	0	0	Null	0	Null	0	Null	0	Null	0	Null	0	Null	0	Null	0	Null		//			
//0903저주받은탑반지세트효과																																																																																																																																													
	89	1	2	9	0	0	0	0	0	0	0	0	0	9	0	0	0	0	0	0	0	0	0	0	0	0	0	0	0	0	0	0	0	0	0	0	0	0	0	0	0	0	0	0	0	0	0	0	0	0	0	0	0	0	0	0	0	0	0	0	0	0	0	0	0	0	0	0	0	0	0	0	0	0	0	0	0	0	0	0	0	0	0	41	1	13	0	0	0	0	0	0	0	0	0	0	0	0	0	0	0	0	0	0	0	0	0	0	0	0	0	0	0	0	0	0	0	0	0	0	0	Null	0	Null	0	Null	0	Null	0	Null	0	Null	0	Null	0	Null		//			
//200~일본 전용 칼버스 특수 액세서리 \세트효과																																																																																																																																													
	201	1	2	9	0	0	0	0	0	0	0	0	0	13	0	0	0	0	0	0	0	0	0	0	0	0	0	0	0	0	0	0	0	0	0	0	0	0	0	0	0	0	0	0	0	0	0	0	0	0	0	0	0	0	0	0	0	0	0	0	0	0	0	0	0	0	0	0	0	0	0	0	0	0	0	0	0	0	0	0	0	0	0	1	2	5	45	5	5	41	1	5	0	0	0	0	0	0	0	0	0	0	0	0	0	0	0	0	0	0	0	0	0	0	0	0	0	0	0	0	0	Null	0	Null	0	Null	0	Null	0	Null	0	Null	0	Null	0	Null		//			
	202	1	2	9	0	0	0	0	0	0	0	0	0	13	0	0	0	0	0	0	0	0	0	0	0	0	0	0	0	0	0	0	0	0	0	0	0	0	0	0	0	0	0	0	0	0	0	0	0	0	0	0	0	0	0	0	0	0	0	0	0	0	0	0	0	0	0	0	0	0	0	0	0	0	0	0	0	0	0	0	0	0	0	1	2	5	45	5	5	41	1	5	0	0	0	0	0	0	0	0	0	0	0	0	0	0	0	0	0	0	0	0	0	0	0	0	0	0	0	0	0	Null	0	Null	0	Null	0	Null	0	Null	0	Null	0	Null	0	Null		//			
	203	1	2	9	0	0	0	0	0	0	0	0	0	13	0	0	0	0	0	0	0	0	0	0	0	0	0	0	0	0	0	0	0	0	0	0	0	0	0	0	0	0	0	0	0	0	0	0	0	0	0	0	0	0	0	0	0	0	0	0	0	0	0	0	0	0	0	0	0	0	0	0	0	0	0	0	0	0	0	0	0	0	0	1	2	5	45	5	5	41	1	5	0	0	0	0	0	0	0	0	0	0	0	0	0	0	0	0	0	0	0	0	0	0	0	0	0	0	0	0	0	Null	0	Null	0	Null	0	Null	0	Null	0	Null	0	Null	0	Null		//			
	204	1	2	9	0	0	0	0	0	0	0	0	0	13	0	0	0	0	0	0	0	0	0	0	0	0	0	0	0	0	0	0	0	0	0	0	0	0	0	0	0	0	0	0	0	0	0	0	0	0	0	0	0	0	0	0	0	0	0	0	0	0	0	0	0	0	0	0	0	0	0	0	0	0	0	0	0	0	0	0	0	0	0	1	2	5	45	5	5	41	1	5	0	0	0	0	0	0	0	0	0	0	0	0	0	0	0	0	0	0	0	0	0	0	0	0	0	0	0	0	0	Null	0	Null	0	Null	0	Null	0	Null	0	Null	0	Null	0	Null		//			
	205	1	2	9	0	0	0	0	0	0	0	0	0	13	0	0	0	0	0	0	0	0	0	0	0	0	0	0	0	0	0	0	0	0	0	0	0	0	0	0	0	0	0	0	0	0	0	0	0	0	0	0	0	0	0	0	0	0	0	0	0	0	0	0	0	0	0	0	0	0	0	0	0	0	0	0	0	0	0	0	0	0	0	1	2	5	45	5	5	41	1	5	0	0	0	0	0	0	0	0	0	0	0	0	0	0	0	0	0	0	0	0	0	0	0	0	0	0	0	0	0	Null	0	Null	0	Null	0	Null	0	Null	0	Null	0	Null	0	Null		//			
	220	1	2	9	0	0	0	0	0	0	0	0	0	13	0	0	0	0	0	0	0	0	0	0	0	0	0	0	0	0	0	0	0	0	0	0	0	0	0	0	0	0	0	0	0	0	0	0	0	0	0	0	0	0	0	0	0	0	0	0	0	0	0	0	0	0	0	0	0	0	0	0	0	0	0	0	0	0	0	0	0	0	0	1	2	5	45	5	5	41	1	5	0	0	0	0	0	0	0	0	0	0	0	0	0	0	0	0	0	0	0	0	0	0	0	0	0	0	0	0	0	Null	0	Null	0	Null	0	Null	0	Null	0	Null	0	Null	0	Null		//			
	231	1	2	9	0	0	0	0	0	0	0	0	0	13	0	0	0	0	0	0	0	0	0	0	0	0	0	0	0	0	0	0	0	0	0	0	0	0	0	0	0	0	0	0	0	0	0	0	0	0	0	0	0	0	0	0	0	0	0	0	0	0	0	0	0	0	0	0	0	0	0	0	0	0	0	0	0	0	0	0	0	0	0	1	2	5	45	5	5	41	1	5	0	0	0	0	0	0	0	0	0	0	0	0	0	0	0	0	0	0	0	0	0	0	0	0	0	0	0	0	0	Null	0	Null	0	Null	0	Null	0	Null	0	Null	0	Null	0	Null		//			
	250	1	2	9	0	0	0	0	0	0	0	0	0	13	0	0	0	0	0	0	0	0	0	0	0	0	0	0	0	0	0	0	0	0	0	0	0	0	0	0	0	0	0	0	0	0	0	0	0	0	0	0	0	0	0	0	0	0	0	0	0	0	0	0	0	0	0	0	0	0	0	0	0	0	0	0	0	0	0	0	0	0	0	1	2	5	45	5	5	41	1	5	0	0	0	0	0	0	0	0	0	0	0	0	0	0	0	0	0	0	0	0	0	0	0	0	0	0	0	0	0	Null	0	Null	0	Null	0	Null	0	Null	0	Null	0	Null	0	Null		//			
//타락한사원 엘리트아이템 세트효과																																																																																																																																													
	251	2	8	1	28	1	300	28	1	300	28	1	300	2	39	1	5	39	1	5	39	1	5	3	29	1	300	29	1	300	29	1	300	4	36	1	5	36	1	5	36	1	5	5	34	2	-2	34	2	-2	34	2	-2	6	40	1	2	40	1	2	40	1	2	7	32	1	3	32	1	3	32	1	3	8	32	1	3	32	1	3	32	1	3	71	1	30	70	1	10	72	2	20	93	1	1000	0	0	0	0	0	0	0	0	0	0	0	0	0	0	0	0	0	0	0	0	0	0	0	0	0	2	M305	4	M306	5	M306	0	Null	2	M320	4	M321	5	M321	0	Null		//	버서커	투사의엘리트1차	
	252	2	8	1	28	1	300	28	1	300	28	1	300	2	39	1	5	39	1	5	39	1	5	3	29	1	300	29	1	300	29	1	300	4	36	1	5	36	1	5	36	1	5	5	34	2	-2	34	2	-2	34	2	-2	6	40	1	2	40	1	2	40	1	2	7	32	1	3	32	1	3	32	1	3	8	32	1	3	32	1	3	32	1	3	71	1	30	70	1	10	72	2	20	93	1	1000	0	0	0	0	0	0	0	0	0	0	0	0	0	0	0	0	0	0	0	0	0	0	0	0	0	2	M310	4	M311	5	M311	0	Null	2	M320	4	M321	5	M321	0	Null		//	드래곤나이트	투사의엘리트1차	
	253	2	8	1	28	1	300	28	1	300	28	1	300	2	39	1	5	39	1	5	39	1	5	3	29	1	300	29	1	300	29	1	300	4	36	1	5	36	1	5	36	1	5	5	34	2	-2	34	2	-2	34	2	-2	6	40	1	2	40	1	2	40	1	2	7	32	1	3	32	1	3	32	1	3	8	32	1	3	32	1	3	32	1	3	71	1	30	70	1	10	72	2	20	93	1	1000	0	0	0	0	0	0	0	0	0	0	0	0	0	0	0	0	0	0	0	0	0	0	0	0	0	2	M315	4	M316	5	M316	0	Null	2	M325	4	M326	5	M326	0	Null		//	섀도우	투사의엘리트1차	
	254	2	8	1	28	1	300	28	1	300	28	1	300	2	39	1	5	39	1	5	39	1	5	3	29	1	300	29	1	300	29	1	300	4	36	1	5	36	1	5	36	1	5	5	34	2	-2	34	2	-2	34	2	-2	6	40	1	2	40	1	2	40	1	2	7	32	1	3	32	1	3	32	1	3	8	32	1	3	32	1	3	32	1	3	71	1	30	70	1	10	72	2	20	93	1	1000	0	0	0	0	0	0	0	0	0	0	0	0	0	0	0	0	0	0	0	0	0	0	0	0	0	2	M310	4	M311	5	M311	0	Null	2	M320	4	M321	5	M321	0	Null		//	발키리	투사의엘리트1차	
	255	2	8	1	28	1	300	28	1	300	28	1	300	2	39	1	5	39	1	5	39	1	5	3	29	1	300	29	1	300	29	1	300	4	36	1	5	36	1	5	36	1	5	5	34	2	-2	34	2	-2	34	2	-2	6	40	1	2	40	1	2	40	1	2	7	32	1	3	32	1	3	32	1	3	8	32	1	3	32	1	3	32	1	3	71	1	30	70	1	10	72	2	20	93	1	1000	0	0	0	0	0	0	0	0	0	0	0	0	0	0	0	0	0	0	0	0	0	0	0	0	0	2	M315	4	M316	5	M316	0	Null	2	M325	4	M326	5	M326	0	Null		//	엘리멘탈리스트	투사의엘리트1차	
	256	2	8	1	28	1	700	28	1	700	28	1	700	2	39	1	10	39	1	10	39	1	10	3	29	1	700	29	1	700	29	1	700	4	36	1	10	36	1	10	36	1	10	5	34	2	-4	34	2	-4	34	2	-4	6	40	1	4	40	1	4	40	1	4	7	32	1	7	32	1	7	32	1	7	8	32	1	7	32	1	7	32	1	7	71	1	35	70	1	15	72	2	40	93	1	2000	0	0	0	0	0	0	0	0	0	0	0	0	0	0	0	0	0	0	0	0	0	0	0	0	0	2	M305	4	M306	5	M306	0	Null	2	M320	4	M321	5	M321	0	Null		//	버서커	투사의엘리트2차	
	257	2	8	1	28	1	700	28	1	700	28	1	700	2	39	1	10	39	1	10	39	1	10	3	29	1	700	29	1	700	29	1	700	4	36	1	10	36	1	10	36	1	10	5	34	2	-4	34	2	-4	34	2	-4	6	40	1	4	40	1	4	40	1	4	7	32	1	7	32	1	7	32	1	7	8	32	1	7	32	1	7	32	1	7	71	1	35	70	1	15	72	2	40	93	1	2000	0	0	0	0	0	0	0	0	0	0	0	0	0	0	0	0	0	0	0	0	0	0	0	0	0	2	M310	4	M311	5	M311	0	Null	2	M320	4	M321	5	M321	0	Null		//	드래곤나이트	투사의엘리트2차	
	258	2	8	1	28	1	700	28	1	700	28	1	700	2	39	1	10	39	1	10	39	1	10	3	29	1	700	29	1	700	29	1	700	4	36	1	10	36	1	10	36	1	10	5	34	2	-4	34	2	-4	34	2	-4	6	40	1	4	40	1	4	40	1	4	7	32	1	7	32	1	7	32	1	7	8	32	1	7	32	1	7	32	1	7	71	1	35	70	1	15	72	2	40	93	1	2000	0	0	0	0	0	0	0	0	0	0	0	0	0	0	0	0	0	0	0	0	0	0	0	0	0	2	M315	4	M316	5	M316	0	Null	2	M325	4	M326	5	M326	0	Null		//	섀도우	투사의엘리트2차	
	259	2	8	1	28	1	700	28	1	700	28	1	700	2	39	1	10	39	1	10	39	1	10	3	29	1	700	29	1	700	29	1	700	4	36	1	10	36	1	10	36	1	10	5	34	2	-4	34	2	-4	34	2	-4	6	40	1	4	40	1	4	40	1	4	7	32	1	7	32	1	7	32	1	7	8	32	1	7	32	1	7	32	1	7	71	1	35	70	1	15	72	2	40	93	1	2000	0	0	0	0	0	0	0	0	0	0	0	0	0	0	0	0	0	0	0	0	0	0	0	0	0	2	M310	4	M311	5	M311	0	Null	2	M320	4	M321	5	M321	0	Null		//	발키리	투사의엘리트2차	
	260	2	8	1	28	1	700	28	1	700	28	1	700	2	39	1	10	39	1	10	39	1	10	3	29	1	700	29	1	700	29	1	700	4	36	1	10	36	1	10	36	1	10	5	34	2	-4	34	2	-4	34	2	-4	6	40	1	4	40	1	4	40	1	4	7	32	1	7	32	1	7	32	1	7	8	32	1	7	32	1	7	32	1	7	71	1	35	70	1	15	72	2	40	93	1	2000	0	0	0	0	0	0	0	0	0	0	0	0	0	0	0	0	0	0	0	0	0	0	0	0	0	2	M315	4	M316	5	M316	0	Null	2	M325	4	M326	5	M326	0	Null		//	엘리멘탈리스트	투사의엘리트2차	
	261	2	8	1	28	1	300	28	1	300	28	1	300	2	39	1	5	39	1	5	39	1	5	3	29	1	300	29	1	300	29	1	300	4	36	1	5	36	1	5	36	1	5	5	34	2	-2	34	2	-2	34	2	-2	6	40	1	2	40	1	2	40	1	2	7	32	1	3	32	1	3	32	1	3	8	32	1	3	32	1	3	32	1	3	71	1	30	70	1	10	72	2	20	93	1	1000	0	0	0	0	0	0	0	0	0	0	0	0	0	0	0	0	0	0	0	0	0	0	0	0	0	2	M315	4	M316	5	M316	0	Null	2	M325	4	M326	5	M326	0	Null		//	미스틱	타락한사원장비	
	262	2	8	1	28	1	700	28	1	700	28	1	700	2	39	1	10	39	1	10	39	1	10	3	29	1	700	29	1	700	29	1	700	4	36	1	10	36	1	10	36	1	10	5	34	2	-4	34	2	-4	34	2	-4	6	40	1	4	40	1	4	40	1	4	7	32	1	7	32	1	7	32	1	7	8	32	1	7	32	1	7	32	1	7	71	1	35	70	1	15	72	2	40	93	1	2000	0	0	0	0	0	0	0	0	0	0	0	0	0	0	0	0	0	0	0	0	0	0	0	0	0	2	M315	4	M316	5	M316	0	Null	2	M325	4	M326	5	M326	0	Null		//	미스틱	투사의엘리트2차	
	263	2	8	1	28	1	300	28	1	300	28	1	300	2	39	1	5	39	1	5	39	1	5	3	29	1	300	29	1	300	29	1	300	4	36	1	5	36	1	5	36	1	5	5	34	2	-2	34	2	-2	34	2	-2	6	40	1	2	40	1	2	40	1	2	7	32	1	3	32	1	3	32	1	3	8	32	1	3	32	1	3	32	1	3	71	1	30	70	1	10	72	2	20	93	1	1000	0	0	0	0	0	0	0	0	0	0	0	0	0	0	0	0	0	0	0	0	0	0	0	0	0	2	M375	4	M376	5	M376	1	M377	2	M357	4	M358	5	M358	0	Null		//	헬로이드	타락한사원장비	
	264	2	8	1	28	1	700	28	1	700	28	1	700	2	39	1	10	39	1	10	39	1	10	3	29	1	700	29	1	700	29	1	700	4	36	1	10	36	1	10	36	1	10	5	34	2	-4	34	2	-4	34	2	-4	6	40	1	4	40	1	4	40	1	4	7	32	1	7	32	1	7	32	1	7	8	32	1	7	32	1	7	32	1	7	71	1	35	70	1	15	72	2	40	93	1	2000	0	0	0	0	0	0	0	0	0	0	0	0	0	0	0	0	0	0	0	0	0	0	0	0	0	2	M375	4	M376	5	M376	1	M377	2	M357	4	M358	5	M358	0	Null		//	헬로이드	투사의엘리트2차	
	265	2	8	1	28	1	300	28	1	300	28	1	300	2	39	1	5	39	1	5	39	1	5	3	29	1	300	29	1	300	29	1	300	4	36	1	5	36	1	5	36	1	5	5	34	2	-2	34	2	-2	34	2	-2	6	40	1	2	40	1	2	40	1	2	7	32	1	3	32	1	3	32	1	3	8	32	1	3	32	1	3	32	1	3	71	1	30	70	1	10	72	2	20	93	1	1000	0	0	0	0	0	0	0	0	0	0	0	0	0	0	0	0	0	0	0	0	0	0	0	0	0	2	Null	4	Null	5	Null	1	Null	2	M410	4	M411	5	M411	1	M412		//	위치블레이드	타락한사원장비	
	266	2	8	1	28	1	700	28	1	700	28	1	700	2	39	1	10	39	1	10	39	1	10	3	29	1	700	29	1	700	29	1	700	4	36	1	10	36	1	10	36	1	10	5	34	2	-4	34	2	-4	34	2	-4	6	40	1	4	40	1	4	40	1	4	7	32	1	7	32	1	7	32	1	7	8	32	1	7	32	1	7	32	1	7	71	1	35	70	1	15	72	2	40	93	1	2000	0	0	0	0	0	0	0	0	0	0	0	0	0	0	0	0	0	0	0	0	0	0	0	0	0	2	Null	4	Null	5	Null	1	Null	2	M410	4	M411	5	M411	1	M412		//	위치블레이드	투사의엘리트2차	
//탈것파츠효과(300~)																																																																																																																																													
//기본세트1																																																																																																																																													
	100	6	3	91	0	0	0	0	0	0	0	0	0	92	0	0	0	0	0	0	0	0	0	93	0	0	0	0	0	0	0	0	0	0	0	0	0	0	0	0	0	0	0	0	0	0	0	0	0	0	0	0	0	0	0	0	0	0	0	0	0	0	0	0	0	0	0	0	0	0	0	0	0	0	0	0	0	0	0	0	0	0	0	14	1	10	0	0	0	0	0	0	0	0	0	0	0	0	0	0	0	0	0	0	0	0	0	0	0	0	0	0	0	0	0	0	0	0	0	0	0	Null	0	Null	0	Null	0	Null	0	Null	0	Null	0	Null	0	Null		//	강화된파츠		
	101	6	3	91	0	0	0	0	0	0	0	0	0	92	0	0	0	0	0	0	0	0	0	93	0	0	0	0	0	0	0	0	0	0	0	0	0	0	0	0	0	0	0	0	0	0	0	0	0	0	0	0	0	0	0	0	0	0	0	0	0	0	0	0	0	0	0	0	0	0	0	0	0	0	0	0	0	0	0	0	0	0	0	14	1	20	0	0	0	0	0	0	0	0	0	0	0	0	0	0	0	0	0	0	0	0	0	0	0	0	0	0	0	0	0	0	0	0	0	0	0	Null	0	Null	0	Null	0	Null	0	Null	0	Null	0	Null	0	Null		//			
	102	6	3	91	0	0	0	0	0	0	0	0	0	92	0	0	0	0	0	0	0	0	0	93	0	0	0	0	0	0	0	0	0	0	0	0	0	0	0	0	0	0	0	0	0	0	0	0	0	0	0	0	0	0	0	0	0	0	0	0	0	0	0	0	0	0	0	0	0	0	0	0	0	0	0	0	0	0	0	0	0	0	0	14	1	30	0	0	0	0	0	0	0	0	0	0	0	0	0	0	0	0	0	0	0	0	0	0	0	0	0	0	0	0	0	0	0	0	0	0	0	Null	0	Null	0	Null	0	Null	0	Null	0	Null	0	Null	0	Null		//	용맹한파츠		
//기본세트2																																																																																																																																													
	103	6	3	91	0	0	0	0	0	0	0	0	0	92	0	0	0	0	0	0	0	0	0	93	0	0	0	0	0	0	0	0	0	0	0	0	0	0	0	0	0	0	0	0	0	0	0	0	0	0	0	0	0	0	0	0	0	0	0	0	0	0	0	0	0	0	0	0	0	0	0	0	0	0	0	0	0	0	0	0	0	0	0	14	1	40	0	0	0	0	0	0	0	0	0	0	0	0	0	0	0	0	0	0	0	0	0	0	0	0	0	0	0	0	0	0	0	0	0	0	0	Null	0	Null	0	Null	0	Null	0	Null	0	Null	0	Null	0	Null		//			
	104	6	3	91	0	0	0	0	0	0	0	0	0	92	0	0	0	0	0	0	0	0	0	93	0	0	0	0	0	0	0	0	0	0	0	0	0	0	0	0	0	0	0	0	0	0	0	0	0	0	0	0	0	0	0	0	0	0	0	0	0	0	0	0	0	0	0	0	0	0	0	0	0	0	0	0	0	0	0	0	0	0	0	14	1	50	0	0	0	0	0	0	0	0	0	0	0	0	0	0	0	0	0	0	0	0	0	0	0	0	0	0	0	0	0	0	0	0	0	0	0	Null	0	Null	0	Null	0	Null	0	Null	0	Null	0	Null	0	Null		//			
	105	6	3	91	0	0	0	0	0	0	0	0	0	92	0	0	0	0	0	0	0	0	0	93	0	0	0	0	0	0	0	0	0	0	0	0	0	0	0	0	0	0	0	0	0	0	0	0	0	0	0	0	0	0	0	0	0	0	0	0	0	0	0	0	0	0	0	0	0	0	0	0	0	0	0	0	0	0	0	0	0	0	0	14	1	60	0	0	0	0	0	0	0	0	0	0	0	0	0	0	0	0	0	0	0	0	0	0	0	0	0	0	0	0	0	0	0	0	0	0	0	Null	0	Null	0	Null	0	Null	0	Null	0	Null	0	Null	0	Null		//			
	106	6	3	91	0	0	0	0	0	0	0	0	0	92	0	0	0	0	0	0	0	0	0	93	0	0	0	0	0	0	0	0	0	0	0	0	0	0	0	0	0	0	0	0	0	0	0	0	0	0	0	0	0	0	0	0	0	0	0	0	0	0	0	0	0	0	0	0	0	0	0	0	0	0	0	0	0	0	0	0	0	0	0	14	1	70	0	0	0	0	0	0	0	0	0	0	0	0	0	0	0	0	0	0	0	0	0	0	0	0	0	0	0	0	0	0	0	0	0	0	0	Null	0	Null	0	Null	0	Null	0	Null	0	Null	0	Null	0	Null		//			
	107	6	3	91	0	0	0	0	0	0	0	0	0	92	0	0	0	0	0	0	0	0	0	93	0	0	0	0	0	0	0	0	0	0	0	0	0	0	0	0	0	0	0	0	0	0	0	0	0	0	0	0	0	0	0	0	0	0	0	0	0	0	0	0	0	0	0	0	0	0	0	0	0	0	0	0	0	0	0	0	0	0	0	14	1	80	0	0	0	0	0	0	0	0	0	0	0	0	0	0	0	0	0	0	0	0	0	0	0	0	0	0	0	0	0	0	0	0	0	0	0	Null	0	Null	0	Null	0	Null	0	Null	0	Null	0	Null	0	Null		//			
	108	6	3	91	0	0	0	0	0	0	0	0	0	92	0	0	0	0	0	0	0	0	0	93	0	0	0	0	0	0	0	0	0	0	0	0	0	0	0	0	0	0	0	0	0	0	0	0	0	0	0	0	0	0	0	0	0	0	0	0	0	0	0	0	0	0	0	0	0	0	0	0	0	0	0	0	0	0	0	0	0	0	0	14	1	90	0	0	0	0	0	0	0	0	0	0	0	0	0	0	0	0	0	0	0	0	0	0	0	0	0	0	0	0	0	0	0	0	0	0	0	Null	0	Null	0	Null	0	Null	0	Null	0	Null	0	Null	0	Null		//			
	109	6	3	91	0	0	0	0	0	0	0	0	0	92	0	0	0	0	0	0	0	0	0	93	0	0	0	0	0	0	0	0	0	0	0	0	0	0	0	0	0	0	0	0	0	0	0	0	0	0	0	0	0	0	0	0	0	0	0	0	0	0	0	0	0	0	0	0	0	0	0	0	0	0	0	0	0	0	0	0	0	0	0	14	1	100	0	0	0	0	0	0	0	0	0	0	0	0	0	0	0	0	0	0	0	0	0	0	0	0	0	0	0	0	0	0	0	0	0	0	0	Null	0	Null	0	Null	0	Null	0	Null	0	Null	0	Null	0	Null		//			
	110	6	3	91	0	0	0	0	0	0	0	0	0	92	0	0	0	0	0	0	0	0	0	93	0	0	0	0	0	0	0	0	0	0	0	0	0	0	0	0	0	0	0	0	0	0	0	0	0	0	0	0	0	0	0	0	0	0	0	0	0	0	0	0	0	0	0	0	0	0	0	0	0	0	0	0	0	0	0	0	0	0	0	14	1	110	0	0	0	0	0	0	0	0	0	0	0	0	0	0	0	0	0	0	0	0	0	0	0	0	0	0	0	0	0	0	0	0	0	0	0	Null	0	Null	0	Null	0	Null	0	Null	0	Null	0	Null	0	Null		//			
//111~ 베리에이션 아이템 세트 효과																																																																																																																																													
	111	5	8	1	0	0	0	0	0	0	0	0	0	2	0	0	0	0	0	0	0	0	0	3	0	0	0	0	0	0	0	0	0	4	0	0	0	0	0	0	0	0	0	5	0	0	0	0	0	0	0	0	0	6	0	0	0	0	0	0	0	0	0	7	0	0	0	0	0	0	0	0	0	8	0	0	0	0	0	0	0	0	0	0	0	0	0	0	0	0	0	0	0	0	0	0	0	0	0	0	0	0	0	0	0	0	0	0	0	0	0	0	0	0	0	0	0	0	0	0	2	m005	0	Null	0	Null	0	Null	2	m105	0	Null	0	Null	0	Null		//	버서커	황동_갑옷_1등급아이템-A	
	112	5	8	1	0	0	0	0	0	0	0	0	0	2	0	0	0	0	0	0	0	0	0	3	0	0	0	0	0	0	0	0	0	4	0	0	0	0	0	0	0	0	0	5	0	0	0	0	0	0	0	0	0	6	0	0	0	0	0	0	0	0	0	7	0	0	0	0	0	0	0	0	0	8	0	0	0	0	0	0	0	0	0	0	0	0	0	0	0	0	0	0	0	0	0	0	0	0	0	0	0	0	0	0	0	0	0	0	0	0	0	0	0	0	0	0	0	0	0	0	2	m010	0	Null	0	Null	0	Null	2	m110	0	Null	0	Null	0	Null		//	버서커	흑철_갑옷_2등급아이템-A	
	113	5	8	1	0	0	0	0	0	0	0	0	0	2	0	0	0	0	0	0	0	0	0	3	0	0	0	0	0	0	0	0	0	4	0	0	0	0	0	0	0	0	0	5	0	0	0	0	0	0	0	0	0	6	0	0	0	0	0	0	0	0	0	7	0	0	0	0	0	0	0	0	0	8	0	0	0	0	0	0	0	0	0	0	0	0	0	0	0	0	0	0	0	0	0	0	0	0	0	0	0	0	0	0	0	0	0	0	0	0	0	0	0	0	0	0	0	0	0	0	2	m015	0	Null	0	Null	0	Null	2	m115	0	Null	0	Null	0	Null		//	버서커	판금_갑옷_3등급아이템-A	
	114	5	8	1	0	0	0	0	0	0	0	0	0	2	0	0	0	0	0	0	0	0	0	3	0	0	0	0	0	0	0	0	0	4	0	0	0	0	0	0	0	0	0	5	0	0	0	0	0	0	0	0	0	6	0	0	0	0	0	0	0	0	0	7	0	0	0	0	0	0	0	0	0	8	0	0	0	0	0	0	0	0	0	0	0	0	0	0	0	0	0	0	0	0	0	0	0	0	0	0	0	0	0	0	0	0	0	0	0	0	0	0	0	0	0	0	0	0	0	0	2	m020	0	Null	0	Null	0	Null	2	m120	0	Null	0	Null	0	Null		//	버서커	강철_갑옷_4등급아이템-A	
	115	5	8	1	0	0	0	0	0	0	0	0	0	2	0	0	0	0	0	0	0	0	0	3	0	0	0	0	0	0	0	0	0	4	0	0	0	0	0	0	0	0	0	5	0	0	0	0	0	0	0	0	0	6	0	0	0	0	0	0	0	0	0	7	0	0	0	0	0	0	0	0	0	8	0	0	0	0	0	0	0	0	0	0	0	0	0	0	0	0	0	0	0	0	0	0	0	0	0	0	0	0	0	0	0	0	0	0	0	0	0	0	0	0	0	0	0	0	0	0	2	m025	0	Null	0	Null	0	Null	2	m125	0	Null	0	Null	0	Null		//	버서커	서늘한합금_갑옷_5등급아이템-A	
	116	5	8	1	0	0	0	0	0	0	0	0	0	2	0	0	0	0	0	0	0	0	0	3	0	0	0	0	0	0	0	0	0	4	0	0	0	0	0	0	0	0	0	5	0	0	0	0	0	0	0	0	0	6	0	0	0	0	0	0	0	0	0	7	0	0	0	0	0	0	0	0	0	8	0	0	0	0	0	0	0	0	0	0	0	0	0	0	0	0	0	0	0	0	0	0	0	0	0	0	0	0	0	0	0	0	0	0	0	0	0	0	0	0	0	0	0	0	0	0	2	m030	0	Null	0	Null	0	Null	2	m130	0	Null	0	Null	0	Null		//	버서커	슈타르백금_갑옷_6등급아이템-A	
	117	5	8	1	0	0	0	0	0	0	0	0	0	2	0	0	0	0	0	0	0	0	0	3	0	0	0	0	0	0	0	0	0	4	0	0	0	0	0	0	0	0	0	5	0	0	0	0	0	0	0	0	0	6	0	0	0	0	0	0	0	0	0	7	0	0	0	0	0	0	0	0	0	8	0	0	0	0	0	0	0	0	0	0	0	0	0	0	0	0	0	0	0	0	0	0	0	0	0	0	0	0	0	0	0	0	0	0	0	0	0	0	0	0	0	0	0	0	0	0	2	m035	0	Null	0	Null	0	Null	2	m135	0	Null	0	Null	0	Null		//	버서커	핏빛결의_갑옷_7등급아이템-A	
	118	5	8	1	0	0	0	0	0	0	0	0	0	2	0	0	0	0	0	0	0	0	0	3	0	0	0	0	0	0	0	0	0	4	0	0	0	0	0	0	0	0	0	5	0	0	0	0	0	0	0	0	0	6	0	0	0	0	0	0	0	0	0	7	0	0	0	0	0	0	0	0	0	8	0	0	0	0	0	0	0	0	0	0	0	0	0	0	0	0	0	0	0	0	0	0	0	0	0	0	0	0	0	0	0	0	0	0	0	0	0	0	0	0	0	0	0	0	0	0	2	m040	0	Null	0	Null	0	Null	2	m140	0	Null	0	Null	0	Null		//	버서커	타이탄플레이트_갑옷_8등급아이템-A	
	119	5	8	1	0	0	0	0	0	0	0	0	0	2	0	0	0	0	0	0	0	0	0	3	0	0	0	0	0	0	0	0	0	4	0	0	0	0	0	0	0	0	0	5	0	0	0	0	0	0	0	0	0	6	0	0	0	0	0	0	0	0	0	7	0	0	0	0	0	0	0	0	0	8	0	0	0	0	0	0	0	0	0	0	0	0	0	0	0	0	0	0	0	0	0	0	0	0	0	0	0	0	0	0	0	0	0	0	0	0	0	0	0	0	0	0	0	0	0	0	2	m045	0	Null	0	Null	0	Null	2	m145	0	Null	0	Null	0	Null		//	버서커	전사벤투스_갑옷_9등급아이템-A	
	120	5	8	1	0	0	0	0	0	0	0	0	0	2	0	0	0	0	0	0	0	0	0	3	0	0	0	0	0	0	0	0	0	4	0	0	0	0	0	0	0	0	0	5	0	0	0	0	0	0	0	0	0	6	0	0	0	0	0	0	0	0	0	7	0	0	0	0	0	0	0	0	0	8	0	0	0	0	0	0	0	0	0	0	0	0	0	0	0	0	0	0	0	0	0	0	0	0	0	0	0	0	0	0	0	0	0	0	0	0	0	0	0	0	0	0	0	0	0	0	2	m050	0	Null	0	Null	0	Null	2	m150	0	Null	0	Null	0	Null		//	버서커	신성한외침의_갑옷_10등급아이템-A	
	121	5	8	1	0	0	0	0	0	0	0	0	0	2	0	0	0	0	0	0	0	0	0	3	0	0	0	0	0	0	0	0	0	4	0	0	0	0	0	0	0	0	0	5	0	0	0	0	0	0	0	0	0	6	0	0	0	0	0	0	0	0	0	7	0	0	0	0	0	0	0	0	0	8	0	0	0	0	0	0	0	0	0	0	0	0	0	0	0	0	0	0	0	0	0	0	0	0	0	0	0	0	0	0	0	0	0	0	0	0	0	0	0	0	0	0	0	0	0	0	2	m055	4	m056	5	m056	0	Null	2	m105	0	Null	0	Null	0	Null		//	드래곤나이트	그린용비늘_갑옷_1등급아이템-A	
	122	5	8	1	0	0	0	0	0	0	0	0	0	2	0	0	0	0	0	0	0	0	0	3	0	0	0	0	0	0	0	0	0	4	0	0	0	0	0	0	0	0	0	5	0	0	0	0	0	0	0	0	0	6	0	0	0	0	0	0	0	0	0	7	0	0	0	0	0	0	0	0	0	8	0	0	0	0	0	0	0	0	0	0	0	0	0	0	0	0	0	0	0	0	0	0	0	0	0	0	0	0	0	0	0	0	0	0	0	0	0	0	0	0	0	0	0	0	0	0	2	m060	4	m061	5	m061	0	Null	2	m110	0	Null	0	Null	0	Null		//	드래곤나이트	브라운용비늘_갑옷_2등급아이템-A	
	123	5	8	1	0	0	0	0	0	0	0	0	0	2	0	0	0	0	0	0	0	0	0	3	0	0	0	0	0	0	0	0	0	4	0	0	0	0	0	0	0	0	0	5	0	0	0	0	0	0	0	0	0	6	0	0	0	0	0	0	0	0	0	7	0	0	0	0	0	0	0	0	0	8	0	0	0	0	0	0	0	0	0	0	0	0	0	0	0	0	0	0	0	0	0	0	0	0	0	0	0	0	0	0	0	0	0	0	0	0	0	0	0	0	0	0	0	0	0	0	2	m065	4	m066	5	m066	0	Null	2	m115	0	Null	0	Null	0	Null		//	드래곤나이트	퍼플용비늘_갑옷_3등급아이템-A	
	124	5	8	1	0	0	0	0	0	0	0	0	0	2	0	0	0	0	0	0	0	0	0	3	0	0	0	0	0	0	0	0	0	4	0	0	0	0	0	0	0	0	0	5	0	0	0	0	0	0	0	0	0	6	0	0	0	0	0	0	0	0	0	7	0	0	0	0	0	0	0	0	0	8	0	0	0	0	0	0	0	0	0	0	0	0	0	0	0	0	0	0	0	0	0	0	0	0	0	0	0	0	0	0	0	0	0	0	0	0	0	0	0	0	0	0	0	0	0	0	2	m070	0	Null	0	Null	0	Null	2	m120	0	Null	0	Null	0	Null		//	드래곤나이트	레드용비늘_갑옷_4등급아이템-A	
	125	5	8	1	0	0	0	0	0	0	0	0	0	2	0	0	0	0	0	0	0	0	0	3	0	0	0	0	0	0	0	0	0	4	0	0	0	0	0	0	0	0	0	5	0	0	0	0	0	0	0	0	0	6	0	0	0	0	0	0	0	0	0	7	0	0	0	0	0	0	0	0	0	8	0	0	0	0	0	0	0	0	0	0	0	0	0	0	0	0	0	0	0	0	0	0	0	0	0	0	0	0	0	0	0	0	0	0	0	0	0	0	0	0	0	0	0	0	0	0	2	m075	0	Null	0	Null	0	Null	2	m125	0	Null	0	Null	0	Null		//	드래곤나이트	영광된용족의_갑옷_5등급아이템-A	
	126	5	8	1	0	0	0	0	0	0	0	0	0	2	0	0	0	0	0	0	0	0	0	3	0	0	0	0	0	0	0	0	0	4	0	0	0	0	0	0	0	0	0	5	0	0	0	0	0	0	0	0	0	6	0	0	0	0	0	0	0	0	0	7	0	0	0	0	0	0	0	0	0	8	0	0	0	0	0	0	0	0	0	0	0	0	0	0	0	0	0	0	0	0	0	0	0	0	0	0	0	0	0	0	0	0	0	0	0	0	0	0	0	0	0	0	0	0	0	0	2	m080	0	Null	0	Null	0	Null	2	m130	0	Null	0	Null	0	Null		//	드래곤나이트	순결한복수의_갑옷_6등급아이템-A	
	127	5	8	1	0	0	0	0	0	0	0	0	0	2	0	0	0	0	0	0	0	0	0	3	0	0	0	0	0	0	0	0	0	4	0	0	0	0	0	0	0	0	0	5	0	0	0	0	0	0	0	0	0	6	0	0	0	0	0	0	0	0	0	7	0	0	0	0	0	0	0	0	0	8	0	0	0	0	0	0	0	0	0	0	0	0	0	0	0	0	0	0	0	0	0	0	0	0	0	0	0	0	0	0	0	0	0	0	0	0	0	0	0	0	0	0	0	0	0	0	2	m085	0	Null	0	Null	0	Null	2	m135	0	Null	0	Null	0	Null		//	드래곤나이트	검은용의숨결_갑옷_7등급아이템-A	
	128	5	8	1	0	0	0	0	0	0	0	0	0	2	0	0	0	0	0	0	0	0	0	3	0	0	0	0	0	0	0	0	0	4	0	0	0	0	0	0	0	0	0	5	0	0	0	0	0	0	0	0	0	6	0	0	0	0	0	0	0	0	0	7	0	0	0	0	0	0	0	0	0	8	0	0	0	0	0	0	0	0	0	0	0	0	0	0	0	0	0	0	0	0	0	0	0	0	0	0	0	0	0	0	0	0	0	0	0	0	0	0	0	0	0	0	0	0	0	0	2	m090	0	Null	0	Null	0	Null	2	m140	0	Null	0	Null	0	Null		//	드래곤나이트	피닉스테일_갑옷_8등급아이템-A	
	129	5	8	1	0	0	0	0	0	0	0	0	0	2	0	0	0	0	0	0	0	0	0	3	0	0	0	0	0	0	0	0	0	4	0	0	0	0	0	0	0	0	0	5	0	0	0	0	0	0	0	0	0	6	0	0	0	0	0	0	0	0	0	7	0	0	0	0	0	0	0	0	0	8	0	0	0	0	0	0	0	0	0	0	0	0	0	0	0	0	0	0	0	0	0	0	0	0	0	0	0	0	0	0	0	0	0	0	0	0	0	0	0	0	0	0	0	0	0	0	2	m095	0	Null	0	Null	0	Null	2	m145	0	Null	0	Null	0	Null		//	드래곤나이트	엄숙한맹세_갑옷_9등급아이템-A	
	130	5	8	1	0	0	0	0	0	0	0	0	0	2	0	0	0	0	0	0	0	0	0	3	0	0	0	0	0	0	0	0	0	4	0	0	0	0	0	0	0	0	0	5	0	0	0	0	0	0	0	0	0	6	0	0	0	0	0	0	0	0	0	7	0	0	0	0	0	0	0	0	0	8	0	0	0	0	0	0	0	0	0	0	0	0	0	0	0	0	0	0	0	0	0	0	0	0	0	0	0	0	0	0	0	0	0	0	0	0	0	0	0	0	0	0	0	0	0	0	2	m100	0	Null	0	Null	0	Null	2	m150	0	Null	0	Null	0	Null		//	드래곤나이트	천상의드래곤_갑옷_10등급아이템-A	
	131	5	8	1	0	0	0	0	0	0	0	0	0	2	0	0	0	0	0	0	0	0	0	3	0	0	0	0	0	0	0	0	0	4	0	0	0	0	0	0	0	0	0	5	0	0	0	0	0	0	0	0	0	6	0	0	0	0	0	0	0	0	0	7	0	0	0	0	0	0	0	0	0	8	0	0	0	0	0	0	0	0	0	0	0	0	0	0	0	0	0	0	0	0	0	0	0	0	0	0	0	0	0	0	0	0	0	0	0	0	0	0	0	0	0	0	0	0	0	0	2	M205	4	M206	5	M206	0	Null	2	m155	4	m156	5	m156	0	Null		//	섀도우	검은스라소니_갑옷_1등급아이템-A	
	132	5	8	1	0	0	0	0	0	0	0	0	0	2	0	0	0	0	0	0	0	0	0	3	0	0	0	0	0	0	0	0	0	4	0	0	0	0	0	0	0	0	0	5	0	0	0	0	0	0	0	0	0	6	0	0	0	0	0	0	0	0	0	7	0	0	0	0	0	0	0	0	0	8	0	0	0	0	0	0	0	0	0	0	0	0	0	0	0	0	0	0	0	0	0	0	0	0	0	0	0	0	0	0	0	0	0	0	0	0	0	0	0	0	0	0	0	0	0	0	2	M210	4	M211	5	M211	0	Null	2	m160	4	m161	5	m161	0	Null		//	섀도우	거친그림자_갑옷_2등급아이템-A	
	133	5	8	1	0	0	0	0	0	0	0	0	0	2	0	0	0	0	0	0	0	0	0	3	0	0	0	0	0	0	0	0	0	4	0	0	0	0	0	0	0	0	0	5	0	0	0	0	0	0	0	0	0	6	0	0	0	0	0	0	0	0	0	7	0	0	0	0	0	0	0	0	0	8	0	0	0	0	0	0	0	0	0	0	0	0	0	0	0	0	0	0	0	0	0	0	0	0	0	0	0	0	0	0	0	0	0	0	0	0	0	0	0	0	0	0	0	0	0	0	2	M215	4	M216	5	M216	0	Null	2	m165	0	Null	0	Null	0	Null		//	섀도우	짙은안개_갑옷_3등급아이템-A	
	134	5	8	1	0	0	0	0	0	0	0	0	0	2	0	0	0	0	0	0	0	0	0	3	0	0	0	0	0	0	0	0	0	4	0	0	0	0	0	0	0	0	0	5	0	0	0	0	0	0	0	0	0	6	0	0	0	0	0	0	0	0	0	7	0	0	0	0	0	0	0	0	0	8	0	0	0	0	0	0	0	0	0	0	0	0	0	0	0	0	0	0	0	0	0	0	0	0	0	0	0	0	0	0	0	0	0	0	0	0	0	0	0	0	0	0	0	0	0	0	2	M220	4	M221	5	M221	0	Null	2	m170	0	Null	0	Null	0	Null		//	섀도우	살육의골짜기_갑옷_4등급아이템-A	
	135	5	8	1	0	0	0	0	0	0	0	0	0	2	0	0	0	0	0	0	0	0	0	3	0	0	0	0	0	0	0	0	0	4	0	0	0	0	0	0	0	0	0	5	0	0	0	0	0	0	0	0	0	6	0	0	0	0	0	0	0	0	0	7	0	0	0	0	0	0	0	0	0	8	0	0	0	0	0	0	0	0	0	0	0	0	0	0	0	0	0	0	0	0	0	0	0	0	0	0	0	0	0	0	0	0	0	0	0	0	0	0	0	0	0	0	0	0	0	0	2	M225	4	M226	5	M226	0	Null	2	m175	4	m176	5	m176	0	Null		//	섀도우	서슬푸른갈퀴_갑옷_5등급아이템-A	
	136	5	8	1	0	0	0	0	0	0	0	0	0	2	0	0	0	0	0	0	0	0	0	3	0	0	0	0	0	0	0	0	0	4	0	0	0	0	0	0	0	0	0	5	0	0	0	0	0	0	0	0	0	6	0	0	0	0	0	0	0	0	0	7	0	0	0	0	0	0	0	0	0	8	0	0	0	0	0	0	0	0	0	0	0	0	0	0	0	0	0	0	0	0	0	0	0	0	0	0	0	0	0	0	0	0	0	0	0	0	0	0	0	0	0	0	0	0	0	0	2	M230	4	M231	5	M231	0	Null	2	m180	2	m181	0	Null	0	Null		//	섀도우	판데모니움_갑옷_6등급아이템-A	
	137	5	8	1	0	0	0	0	0	0	0	0	0	2	0	0	0	0	0	0	0	0	0	3	0	0	0	0	0	0	0	0	0	4	0	0	0	0	0	0	0	0	0	5	0	0	0	0	0	0	0	0	0	6	0	0	0	0	0	0	0	0	0	7	0	0	0	0	0	0	0	0	0	8	0	0	0	0	0	0	0	0	0	0	0	0	0	0	0	0	0	0	0	0	0	0	0	0	0	0	0	0	0	0	0	0	0	0	0	0	0	0	0	0	0	0	0	0	0	0	2	M235	4	M236	5	M236	0	Null	2	m185	2	m186	0	Null	0	Null		//	섀도우	지옥불수선화_갑옷_7등급아이템-A	
	138	5	8	1	0	0	0	0	0	0	0	0	0	2	0	0	0	0	0	0	0	0	0	3	0	0	0	0	0	0	0	0	0	4	0	0	0	0	0	0	0	0	0	5	0	0	0	0	0	0	0	0	0	6	0	0	0	0	0	0	0	0	0	7	0	0	0	0	0	0	0	0	0	8	0	0	0	0	0	0	0	0	0	0	0	0	0	0	0	0	0	0	0	0	0	0	0	0	0	0	0	0	0	0	0	0	0	0	0	0	0	0	0	0	0	0	0	0	0	0	2	M240	4	M241	5	M241	0	Null	2	m190	2	m191	0	Null	0	Null		//	섀도우	연옥의사자_갑옷_8등급아이템-A	
//섀도우_미정	139	5	8	1	0	0	0	0	0	0	0	0	0	2	0	0	0	0	0	0	0	0	0	3	0	0	0	0	0	0	0	0	0	4	0	0	0	0	0	0	0	0	0	5	0	0	0	0	0	0	0	0	0	6	0	0	0	0	0	0	0	0	0	7	0	0	0	0	0	0	0	0	0	8	0	0	0	0	0	0	0	0	0	0	0	0	0	0	0	0	0	0	0	0	0	0	0	0	0	0	0	0	0	0	0	0	0	0	0	0	0	0	0	0	0	0	0	0	0	0	2	m245	4	m246	5	m246	0	Null	2	m195	0	Null	0	Null	0	Null		//	섀도우	새도우갑옷_갑옷_9등급아이템-A	
//섀도우_미정	140	5	8	1	0	0	0	0	0	0	0	0	0	2	0	0	0	0	0	0	0	0	0	3	0	0	0	0	0	0	0	0	0	4	0	0	0	0	0	0	0	0	0	5	0	0	0	0	0	0	0	0	0	6	0	0	0	0	0	0	0	0	0	7	0	0	0	0	0	0	0	0	0	8	0	0	0	0	0	0	0	0	0	0	0	0	0	0	0	0	0	0	0	0	0	0	0	0	0	0	0	0	0	0	0	0	0	0	0	0	0	0	0	0	0	0	0	0	0	0	2	m250	4	m251	5	m251	0	Null	2	m200	0	Null	0	Null	0	Null		//	섀도우	새도우갑옷_갑옷_10등급아이템-A	
	141	5	8	1	0	0	0	0	0	0	0	0	0	2	0	0	0	0	0	0	0	0	0	3	0	0	0	0	0	0	0	0	0	4	0	0	0	0	0	0	0	0	0	5	0	0	0	0	0	0	0	0	0	6	0	0	0	0	0	0	0	0	0	7	0	0	0	0	0	0	0	0	0	8	0	0	0	0	0	0	0	0	0	0	0	0	0	0	0	0	0	0	0	0	0	0	0	0	0	0	0	0	0	0	0	0	0	0	0	0	0	0	0	0	0	0	0	0	0	0	2	m055	4	m056	5	m056	0	Null	0	Null	0	Null	0	Null	0	Null		//	발키리	갈색토끼가죽_갑옷_1등급아이템-A	
	142	5	8	1	0	0	0	0	0	0	0	0	0	2	0	0	0	0	0	0	0	0	0	3	0	0	0	0	0	0	0	0	0	4	0	0	0	0	0	0	0	0	0	5	0	0	0	0	0	0	0	0	0	6	0	0	0	0	0	0	0	0	0	7	0	0	0	0	0	0	0	0	0	8	0	0	0	0	0	0	0	0	0	0	0	0	0	0	0	0	0	0	0	0	0	0	0	0	0	0	0	0	0	0	0	0	0	0	0	0	0	0	0	0	0	0	0	0	0	0	2	m060	4	m061	5	m061	0	Null	2	m110	0	Null	0	Null	0	Null		//	발키리	사슴가죽_갑옷_2등급아이템-A	
	143	5	8	1	0	0	0	0	0	0	0	0	0	2	0	0	0	0	0	0	0	0	0	3	0	0	0	0	0	0	0	0	0	4	0	0	0	0	0	0	0	0	0	5	0	0	0	0	0	0	0	0	0	6	0	0	0	0	0	0	0	0	0	7	0	0	0	0	0	0	0	0	0	8	0	0	0	0	0	0	0	0	0	0	0	0	0	0	0	0	0	0	0	0	0	0	0	0	0	0	0	0	0	0	0	0	0	0	0	0	0	0	0	0	0	0	0	0	0	0	2	m065	4	m066	5	m066	0	Null	2	m115	0	Null	0	Null	0	Null		//	발키리	독수리가죽_갑옷_3등급아이템-A	
	144	5	8	1	0	0	0	0	0	0	0	0	0	2	0	0	0	0	0	0	0	0	0	3	0	0	0	0	0	0	0	0	0	4	0	0	0	0	0	0	0	0	0	5	0	0	0	0	0	0	0	0	0	6	0	0	0	0	0	0	0	0	0	7	0	0	0	0	0	0	0	0	0	8	0	0	0	0	0	0	0	0	0	0	0	0	0	0	0	0	0	0	0	0	0	0	0	0	0	0	0	0	0	0	0	0	0	0	0	0	0	0	0	0	0	0	0	0	0	0	2	m070	0	Null	0	Null	0	Null	2	m120	0	Null	0	Null	0	Null		//	발키리	붉은곰가죽_갑옷_4등급아이템-A	
	145	5	8	1	0	0	0	0	0	0	0	0	0	2	0	0	0	0	0	0	0	0	0	3	0	0	0	0	0	0	0	0	0	4	0	0	0	0	0	0	0	0	0	5	0	0	0	0	0	0	0	0	0	6	0	0	0	0	0	0	0	0	0	7	0	0	0	0	0	0	0	0	0	8	0	0	0	0	0	0	0	0	0	0	0	0	0	0	0	0	0	0	0	0	0	0	0	0	0	0	0	0	0	0	0	0	0	0	0	0	0	0	0	0	0	0	0	0	0	0	2	m075	0	Null	0	Null	0	Null	2	m125	0	Null	0	Null	0	Null		//	발키리	고튼궁사의_갑옷_5등급아이템-A	
	146	5	8	1	0	0	0	0	0	0	0	0	0	2	0	0	0	0	0	0	0	0	0	3	0	0	0	0	0	0	0	0	0	4	0	0	0	0	0	0	0	0	0	5	0	0	0	0	0	0	0	0	0	6	0	0	0	0	0	0	0	0	0	7	0	0	0	0	0	0	0	0	0	8	0	0	0	0	0	0	0	0	0	0	0	0	0	0	0	0	0	0	0	0	0	0	0	0	0	0	0	0	0	0	0	0	0	0	0	0	0	0	0	0	0	0	0	0	0	0	2	m080	0	Null	0	Null	0	Null	2	m130	0	Null	0	Null	0	Null		//	발키리	아침이슬미스릴_갑옷_6등급아이템-A	
	147	5	8	1	0	0	0	0	0	0	0	0	0	2	0	0	0	0	0	0	0	0	0	3	0	0	0	0	0	0	0	0	0	4	0	0	0	0	0	0	0	0	0	5	0	0	0	0	0	0	0	0	0	6	0	0	0	0	0	0	0	0	0	7	0	0	0	0	0	0	0	0	0	8	0	0	0	0	0	0	0	0	0	0	0	0	0	0	0	0	0	0	0	0	0	0	0	0	0	0	0	0	0	0	0	0	0	0	0	0	0	0	0	0	0	0	0	0	0	0	2	m085	0	Null	0	Null	0	Null	2	m135	0	Null	0	Null	0	Null		//	발키리	인어의눈물_갑옷_7등급아이템-A	
	148	5	8	1	0	0	0	0	0	0	0	0	0	2	0	0	0	0	0	0	0	0	0	3	0	0	0	0	0	0	0	0	0	4	0	0	0	0	0	0	0	0	0	5	0	0	0	0	0	0	0	0	0	6	0	0	0	0	0	0	0	0	0	7	0	0	0	0	0	0	0	0	0	8	0	0	0	0	0	0	0	0	0	0	0	0	0	0	0	0	0	0	0	0	0	0	0	0	0	0	0	0	0	0	0	0	0	0	0	0	0	0	0	0	0	0	0	0	0	0	2	m090	0	Null	0	Null	0	Null	2	m140	0	Null	0	Null	0	Null		//	발키리	썬블레스모험가_갑옷_8등급아이템-A	
	149	5	8	1	0	0	0	0	0	0	0	0	0	2	0	0	0	0	0	0	0	0	0	3	0	0	0	0	0	0	0	0	0	4	0	0	0	0	0	0	0	0	0	5	0	0	0	0	0	0	0	0	0	6	0	0	0	0	0	0	0	0	0	7	0	0	0	0	0	0	0	0	0	8	0	0	0	0	0	0	0	0	0	0	0	0	0	0	0	0	0	0	0	0	0	0	0	0	0	0	0	0	0	0	0	0	0	0	0	0	0	0	0	0	0	0	0	0	0	0	2	m095	0	Null	0	Null	0	Null	2	m145	0	Null	0	Null	0	Null		//	발키리	승리가깃든_갑옷_9등급아이템-A	
	150	5	8	1	0	0	0	0	0	0	0	0	0	2	0	0	0	0	0	0	0	0	0	3	0	0	0	0	0	0	0	0	0	4	0	0	0	0	0	0	0	0	0	5	0	0	0	0	0	0	0	0	0	6	0	0	0	0	0	0	0	0	0	7	0	0	0	0	0	0	0	0	0	8	0	0	0	0	0	0	0	0	0	0	0	0	0	0	0	0	0	0	0	0	0	0	0	0	0	0	0	0	0	0	0	0	0	0	0	0	0	0	0	0	0	0	0	0	0	0	2	m100	0	Null	0	Null	0	Null	2	m150	0	Null	0	Null	0	Null		//	발키리	숲의정령_갑옷_10등급아이템-A	
	151	5	8	1	0	0	0	0	0	0	0	0	0	2	0	0	0	0	0	0	0	0	0	3	0	0	0	0	0	0	0	0	0	4	0	0	0	0	0	0	0	0	0	5	0	0	0	0	0	0	0	0	0	6	0	0	0	0	0	0	0	0	0	7	0	0	0	0	0	0	0	0	0	8	0	0	0	0	0	0	0	0	0	0	0	0	0	0	0	0	0	0	0	0	0	0	0	0	0	0	0	0	0	0	0	0	0	0	0	0	0	0	0	0	0	0	0	0	0	0	2	M205	4	M206	5	M206	0	Null	2	m155	4	m156	5	m156	0	Null		//	엘리멘탈리스트	활석_갑옷_1등급아이템-A	
	152	5	8	1	0	0	0	0	0	0	0	0	0	2	0	0	0	0	0	0	0	0	0	3	0	0	0	0	0	0	0	0	0	4	0	0	0	0	0	0	0	0	0	5	0	0	0	0	0	0	0	0	0	6	0	0	0	0	0	0	0	0	0	7	0	0	0	0	0	0	0	0	0	8	0	0	0	0	0	0	0	0	0	0	0	0	0	0	0	0	0	0	0	0	0	0	0	0	0	0	0	0	0	0	0	0	0	0	0	0	0	0	0	0	0	0	0	0	0	0	2	M210	4	M211	5	M211	0	Null	2	m160	4	m161	5	m161	0	Null		//	엘리멘탈리스트	석영_갑옷_2등급아이템-A	
	153	5	8	1	0	0	0	0	0	0	0	0	0	2	0	0	0	0	0	0	0	0	0	3	0	0	0	0	0	0	0	0	0	4	0	0	0	0	0	0	0	0	0	5	0	0	0	0	0	0	0	0	0	6	0	0	0	0	0	0	0	0	0	7	0	0	0	0	0	0	0	0	0	8	0	0	0	0	0	0	0	0	0	0	0	0	0	0	0	0	0	0	0	0	0	0	0	0	0	0	0	0	0	0	0	0	0	0	0	0	0	0	0	0	0	0	0	0	0	0	2	M215	4	M216	5	M216	0	Null	2	m165	0	Null	0	Null	0	Null		//	엘리멘탈리스트	자수정_갑옷_3등급아이템-A	
	154	5	8	1	0	0	0	0	0	0	0	0	0	2	0	0	0	0	0	0	0	0	0	3	0	0	0	0	0	0	0	0	0	4	0	0	0	0	0	0	0	0	0	5	0	0	0	0	0	0	0	0	0	6	0	0	0	0	0	0	0	0	0	7	0	0	0	0	0	0	0	0	0	8	0	0	0	0	0	0	0	0	0	0	0	0	0	0	0	0	0	0	0	0	0	0	0	0	0	0	0	0	0	0	0	0	0	0	0	0	0	0	0	0	0	0	0	0	0	0	2	M220	4	M221	5	M221	0	Null	2	m170	0	Null	0	Null	0	Null		//	엘리멘탈리스트	캣츠아이_갑옷_4등급아이템-A	
	155	5	8	1	0	0	0	0	0	0	0	0	0	2	0	0	0	0	0	0	0	0	0	3	0	0	0	0	0	0	0	0	0	4	0	0	0	0	0	0	0	0	0	5	0	0	0	0	0	0	0	0	0	6	0	0	0	0	0	0	0	0	0	7	0	0	0	0	0	0	0	0	0	8	0	0	0	0	0	0	0	0	0	0	0	0	0	0	0	0	0	0	0	0	0	0	0	0	0	0	0	0	0	0	0	0	0	0	0	0	0	0	0	0	0	0	0	0	0	0	2	M225	4	M226	5	M226	0	Null	2	m175	4	m176	5	m176	0	Null		//	엘리멘탈리스트	사가즈_갑옷_5등급아이템-A	
	156	5	8	1	0	0	0	0	0	0	0	0	0	2	0	0	0	0	0	0	0	0	0	3	0	0	0	0	0	0	0	0	0	4	0	0	0	0	0	0	0	0	0	5	0	0	0	0	0	0	0	0	0	6	0	0	0	0	0	0	0	0	0	7	0	0	0	0	0	0	0	0	0	8	0	0	0	0	0	0	0	0	0	0	0	0	0	0	0	0	0	0	0	0	0	0	0	0	0	0	0	0	0	0	0	0	0	0	0	0	0	0	0	0	0	0	0	0	0	0	2	M230	4	M231	5	M231	0	Null	2	m180	2	m181	0	Null	0	Null		//	엘리멘탈리스트	에이워즈_갑옷_6등급아이템-A	
	157	5	8	1	0	0	0	0	0	0	0	0	0	2	0	0	0	0	0	0	0	0	0	3	0	0	0	0	0	0	0	0	0	4	0	0	0	0	0	0	0	0	0	5	0	0	0	0	0	0	0	0	0	6	0	0	0	0	0	0	0	0	0	7	0	0	0	0	0	0	0	0	0	8	0	0	0	0	0	0	0	0	0	0	0	0	0	0	0	0	0	0	0	0	0	0	0	0	0	0	0	0	0	0	0	0	0	0	0	0	0	0	0	0	0	0	0	0	0	0	2	M235	4	M236	5	M236	0	Null	2	m185	2	m186	0	Null	0	Null		//	엘리멘탈리스트	브랭그룬_갑옷_7등급아이템-A	
	158	5	8	1	0	0	0	0	0	0	0	0	0	2	0	0	0	0	0	0	0	0	0	3	0	0	0	0	0	0	0	0	0	4	0	0	0	0	0	0	0	0	0	5	0	0	0	0	0	0	0	0	0	6	0	0	0	0	0	0	0	0	0	7	0	0	0	0	0	0	0	0	0	8	0	0	0	0	0	0	0	0	0	0	0	0	0	0	0	0	0	0	0	0	0	0	0	0	0	0	0	0	0	0	0	0	0	0	0	0	0	0	0	0	0	0	0	0	0	0	2	M240	4	M241	5	M241	0	Null	2	m190	2	m191	0	Null	0	Null		//	엘리멘탈리스트	새벽의무희_갑옷_8등급아이템-A	
	159	5	8	1	0	0	0	0	0	0	0	0	0	2	0	0	0	0	0	0	0	0	0	3	0	0	0	0	0	0	0	0	0	4	0	0	0	0	0	0	0	0	0	5	0	0	0	0	0	0	0	0	0	6	0	0	0	0	0	0	0	0	0	7	0	0	0	0	0	0	0	0	0	8	0	0	0	0	0	0	0	0	0	0	0	0	0	0	0	0	0	0	0	0	0	0	0	0	0	0	0	0	0	0	0	0	0	0	0	0	0	0	0	0	0	0	0	0	0	0	2	m245	4	m246	5	m246	0	Null	2	m195	0	Null	0	Null	0	Null		//	엘리멘탈리스트	눈부신시겔의_갑옷_9등급아이템-A	
	160	5	8	1	0	0	0	0	0	0	0	0	0	2	0	0	0	0	0	0	0	0	0	3	0	0	0	0	0	0	0	0	0	4	0	0	0	0	0	0	0	0	0	5	0	0	0	0	0	0	0	0	0	6	0	0	0	0	0	0	0	0	0	7	0	0	0	0	0	0	0	0	0	8	0	0	0	0	0	0	0	0	0	0	0	0	0	0	0	0	0	0	0	0	0	0	0	0	0	0	0	0	0	0	0	0	0	0	0	0	0	0	0	0	0	0	0	0	0	0	2	m250	4	m251	5	m251	0	Null	2	m200	0	Null	0	Null	0	Null		//	엘리멘탈리스트	대자연의힘_갑옷_10등급아이템-A	
	161	1	2	9	0	0	0	0	0	0	0	0	0	11	0	0	0	0	0	0	0	0	0	0	0	0	0	0	0	0	0	0	0	0	0	0	0	0	0	0	0	0	0	0	0	0	0	0	0	0	0	0	0	0	0	0	0	0	0	0	0	0	0	0	0	0	0	0	0	0	0	0	0	0	0	0	0	0	0	0	0	0	0	44	5	15	0	0	0	0	0	0	0	0	0	0	0	0	0	0	0	0	0	0	0	0	0	0	0	0	0	0	0	0	0	0	0	0	0	0	0	Null	0	Null	0	Null	0	Null	0	Null	0	Null	0	Null	0	Null		//	이벤트아이템	루돌프목걸이	크리스반지
//	탈것3차세트_국내1006																																																																																																																																												
	162	6	3	91	0	0	0	0	0	0	0	0	0	92	0	0	0	0	0	0	0	0	0	93	0	0	0	0	0	0	0	0	0	0	0	0	0	0	0	0	0	0	0	0	0	0	0	0	0	0	0	0	0	0	0	0	0	0	0	0	0	0	0	0	0	0	0	0	0	0	0	0	0	0	0	0	0	0	0	0	0	0	0	14	1	30	0	0	0	0	0	0	0	0	0	0	0	0	0	0	0	0	0	0	0	0	0	0	0	0	0	0	0	0	0	0	0	0	0	0	0	Null	0	Null	0	Null	0	Null	0	Null	0	Null	0	Null	0	Null		//	군마	3차_로슈엘파츠	
	163	6	3	91	0	0	0	0	0	0	0	0	0	92	0	0	0	0	0	0	0	0	0	93	0	0	0	0	0	0	0	0	0	0	0	0	0	0	0	0	0	0	0	0	0	0	0	0	0	0	0	0	0	0	0	0	0	0	0	0	0	0	0	0	0	0	0	0	0	0	0	0	0	0	0	0	0	0	0	0	0	0	0	14	1	30	0	0	0	0	0	0	0	0	0	0	0	0	0	0	0	0	0	0	0	0	0	0	0	0	0	0	0	0	0	0	0	0	0	0	0	Null	0	Null	0	Null	0	Null	0	Null	0	Null	0	Null	0	Null		//	표범	3차_로슈엘파츠	
	164	6	3	91	0	0	0	0	0	0	0	0	0	92	0	0	0	0	0	0	0	0	0	93	0	0	0	0	0	0	0	0	0	0	0	0	0	0	0	0	0	0	0	0	0	0	0	0	0	0	0	0	0	0	0	0	0	0	0	0	0	0	0	0	0	0	0	0	0	0	0	0	0	0	0	0	0	0	0	0	0	0	0	14	1	30	0	0	0	0	0	0	0	0	0	0	0	0	0	0	0	0	0	0	0	0	0	0	0	0	0	0	0	0	0	0	0	0	0	0	0	Null	0	Null	0	Null	0	Null	0	Null	0	Null	0	Null	0	Null		//	오크피그	3차_로슈엘파츠	
//	레어아이템 세트효과																																																																																																																																												
	165	2	8	1	0	0	0	0	0	0	0	0	0	2	0	0	0	0	0	0	0	0	0	3	0	0	0	0	0	0	0	0	0	4	0	0	0	0	0	0	0	0	0	5	0	0	0	0	0	0	0	0	0	6	0	0	0	0	0	0	0	0	0	7	0	0	0	0	0	0	0	0	0	8	0	0	0	0	0	0	0	0	0	19	1	50	30	1	50	0	0	0	0	0	0	0	0	0	0	0	0	0	0	0	0	0	0	0	0	0	0	0	0	0	0	0	0	0	0	0	0	Null	0	Null	0	Null	0	Null	0	Null	0	Null	0	Null	0	Null		//			
	166	2	8	1	0	0	0	0	0	0	0	0	0	2	0	0	0	0	0	0	0	0	0	3	0	0	0	0	0	0	0	0	0	4	0	0	0	0	0	0	0	0	0	5	0	0	0	0	0	0	0	0	0	6	0	0	0	0	0	0	0	0	0	7	0	0	0	0	0	0	0	0	0	8	0	0	0	0	0	0	0	0	0	19	1	50	30	1	50	0	0	0	0	0	0	0	0	0	0	0	0	0	0	0	0	0	0	0	0	0	0	0	0	0	0	0	0	0	0	0	0	Null	0	Null	0	Null	0	Null	0	Null	0	Null	0	Null	0	Null		//			
	167	2	8	1	0	0	0	0	0	0	0	0	0	2	0	0	0	0	0	0	0	0	0	3	0	0	0	0	0	0	0	0	0	4	0	0	0	0	0	0	0	0	0	5	0	0	0	0	0	0	0	0	0	6	0	0	0	0	0	0	0	0	0	7	0	0	0	0	0	0	0	0	0	8	0	0	0	0	0	0	0	0	0	19	1	50	30	1	50	0	0	0	0	0	0	0	0	0	0	0	0	0	0	0	0	0	0	0	0	0	0	0	0	0	0	0	0	0	0	0	0	Null	0	Null	0	Null	0	Null	0	Null	0	Null	0	Null	0	Null		//			
	168	2	8	1	0	0	0	0	0	0	0	0	0	2	0	0	0	0	0	0	0	0	0	3	0	0	0	0	0	0	0	0	0	4	0	0	0	0	0	0	0	0	0	5	0	0	0	0	0	0	0	0	0	6	0	0	0	0	0	0	0	0	0	7	0	0	0	0	0	0	0	0	0	8	0	0	0	0	0	0	0	0	0	19	1	50	30	1	50	0	0	0	0	0	0	0	0	0	0	0	0	0	0	0	0	0	0	0	0	0	0	0	0	0	0	0	0	0	0	0	0	Null	0	Null	0	Null	0	Null	0	Null	0	Null	0	Null	0	Null		//			
	169	2	8	1	0	0	0	0	0	0	0	0	0	2	0	0	0	0	0	0	0	0	0	3	0	0	0	0	0	0	0	0	0	4	0	0	0	0	0	0	0	0	0	5	0	0	0	0	0	0	0	0	0	6	0	0	0	0	0	0	0	0	0	7	0	0	0	0	0	0	0	0	0	8	0	0	0	0	0	0	0	0	0	19	1	50	30	1	50	0	0	0	0	0	0	0	0	0	0	0	0	0	0	0	0	0	0	0	0	0	0	0	0	0	0	0	0	0	0	0	0	Null	0	Null	0	Null	0	Null	0	Null	0	Null	0	Null	0	Null		//			
	170	2	8	1	0	0	0	0	0	0	0	0	0	2	0	0	0	0	0	0	0	0	0	3	0	0	0	0	0	0	0	0	0	4	0	0	0	0	0	0	0	0	0	5	0	0	0	0	0	0	0	0	0	6	0	0	0	0	0	0	0	0	0	7	0	0	0	0	0	0	0	0	0	8	0	0	0	0	0	0	0	0	0	20	1	50	30	1	100	0	0	0	0	0	0	0	0	0	0	0	0	0	0	0	0	0	0	0	0	0	0	0	0	0	0	0	0	0	0	0	0	Null	0	Null	0	Null	0	Null	0	Null	0	Null	0	Null	0	Null		//			
	171	2	8	1	0	0	0	0	0	0	0	0	0	2	0	0	0	0	0	0	0	0	0	3	0	0	0	0	0	0	0	0	0	4	0	0	0	0	0	0	0	0	0	5	0	0	0	0	0	0	0	0	0	6	0	0	0	0	0	0	0	0	0	7	0	0	0	0	0	0	0	0	0	8	0	0	0	0	0	0	0	0	0	20	1	50	30	1	100	0	0	0	0	0	0	0	0	0	0	0	0	0	0	0	0	0	0	0	0	0	0	0	0	0	0	0	0	0	0	0	0	Null	0	Null	0	Null	0	Null	0	Null	0	Null	0	Null	0	Null		//			
	172	2	8	1	0	0	0	0	0	0	0	0	0	2	0	0	0	0	0	0	0	0	0	3	0	0	0	0	0	0	0	0	0	4	0	0	0	0	0	0	0	0	0	5	0	0	0	0	0	0	0	0	0	6	0	0	0	0	0	0	0	0	0	7	0	0	0	0	0	0	0	0	0	8	0	0	0	0	0	0	0	0	0	20	1	50	30	1	100	0	0	0	0	0	0	0	0	0	0	0	0	0	0	0	0	0	0	0	0	0	0	0	0	0	0	0	0	0	0	0	0	Null	0	Null	0	Null	0	Null	0	Null	0	Null	0	Null	0	Null		//			
	173	2	8	1	0	0	0	0	0	0	0	0	0	2	0	0	0	0	0	0	0	0	0	3	0	0	0	0	0	0	0	0	0	4	0	0	0	0	0	0	0	0	0	5	0	0	0	0	0	0	0	0	0	6	0	0	0	0	0	0	0	0	0	7	0	0	0	0	0	0	0	0	0	8	0	0	0	0	0	0	0	0	0	20	1	50	30	1	100	0	0	0	0	0	0	0	0	0	0	0	0	0	0	0	0	0	0	0	0	0	0	0	0	0	0	0	0	0	0	0	0	Null	0	Null	0	Null	0	Null	0	Null	0	Null	0	Null	0	Null		//			
	174	2	8	1	0	0	0	0	0	0	0	0	0	2	0	0	0	0	0	0	0	0	0	3	0	0	0	0	0	0	0	0	0	4	0	0	0	0	0	0	0	0	0	5	0	0	0	0	0	0	0	0	0	6	0	0	0	0	0	0	0	0	0	7	0	0	0	0	0	0	0	0	0	8	0	0	0	0	0	0	0	0	0	20	1	50	30	1	100	0	0	0	0	0	0	0	0	0	0	0	0	0	0	0	0	0	0	0	0	0	0	0	0	0	0	0	0	0	0	0	0	Null	0	Null	0	Null	0	Null	0	Null	0	Null	0	Null	0	Null		//			
	175	2	8	1	0	0	0	0	0	0	0	0	0	2	0	0	0	0	0	0	0	0	0	3	0	0	0	0	0	0	0	0	0	4	0	0	0	0	0	0	0	0	0	5	0	0	0	0	0	0	0	0	0	6	0	0	0	0	0	0	0	0	0	7	0	0	0	0	0	0	0	0	0	8	0	0	0	0	0	0	0	0	0	17	1	50	30	1	150	0	0	0	0	0	0	0	0	0	0	0	0	0	0	0	0	0	0	0	0	0	0	0	0	0	0	0	0	0	0	0	0	Null	0	Null	0	Null	0	Null	0	Null	0	Null	0	Null	0	Null		//			
	176	2	8	1	0	0	0	0	0	0	0	0	0	2	0	0	0	0	0	0	0	0	0	3	0	0	0	0	0	0	0	0	0	4	0	0	0	0	0	0	0	0	0	5	0	0	0	0	0	0	0	0	0	6	0	0	0	0	0	0	0	0	0	7	0	0	0	0	0	0	0	0	0	8	0	0	0	0	0	0	0	0	0	17	1	50	30	1	150	0	0	0	0	0	0	0	0	0	0	0	0	0	0	0	0	0	0	0	0	0	0	0	0	0	0	0	0	0	0	0	0	Null	0	Null	0	Null	0	Null	0	Null	0	Null	0	Null	0	Null		//			
	177	2	8	1	0	0	0	0	0	0	0	0	0	2	0	0	0	0	0	0	0	0	0	3	0	0	0	0	0	0	0	0	0	4	0	0	0	0	0	0	0	0	0	5	0	0	0	0	0	0	0	0	0	6	0	0	0	0	0	0	0	0	0	7	0	0	0	0	0	0	0	0	0	8	0	0	0	0	0	0	0	0	0	17	1	50	30	1	150	0	0	0	0	0	0	0	0	0	0	0	0	0	0	0	0	0	0	0	0	0	0	0	0	0	0	0	0	0	0	0	0	Null	0	Null	0	Null	0	Null	0	Null	0	Null	0	Null	0	Null		//			
	178	2	8	1	0	0	0	0	0	0	0	0	0	2	0	0	0	0	0	0	0	0	0	3	0	0	0	0	0	0	0	0	0	4	0	0	0	0	0	0	0	0	0	5	0	0	0	0	0	0	0	0	0	6	0	0	0	0	0	0	0	0	0	7	0	0	0	0	0	0	0	0	0	8	0	0	0	0	0	0	0	0	0	17	1	50	30	1	150	0	0	0	0	0	0	0	0	0	0	0	0	0	0	0	0	0	0	0	0	0	0	0	0	0	0	0	0	0	0	0	0	Null	0	Null	0	Null	0	Null	0	Null	0	Null	0	Null	0	Null		//			
	179	2	8	1	0	0	0	0	0	0	0	0	0	2	0	0	0	0	0	0	0	0	0	3	0	0	0	0	0	0	0	0	0	4	0	0	0	0	0	0	0	0	0	5	0	0	0	0	0	0	0	0	0	6	0	0	0	0	0	0	0	0	0	7	0	0	0	0	0	0	0	0	0	8	0	0	0	0	0	0	0	0	0	17	1	50	30	1	150	0	0	0	0	0	0	0	0	0	0	0	0	0	0	0	0	0	0	0	0	0	0	0	0	0	0	0	0	0	0	0	0	Null	0	Null	0	Null	0	Null	0	Null	0	Null	0	Null	0	Null		//			
	180	2	8	1	0	0	0	0	0	0	0	0	0	2	0	0	0	0	0	0	0	0	0	3	0	0	0	0	0	0	0	0	0	4	0	0	0	0	0	0	0	0	0	5	0	0	0	0	0	0	0	0	0	6	0	0	0	0	0	0	0	0	0	7	0	0	0	0	0	0	0	0	0	8	0	0	0	0	0	0	0	0	0	16	1	50	30	1	200	0	0	0	0	0	0	0	0	0	0	0	0	0	0	0	0	0	0	0	0	0	0	0	0	0	0	0	0	0	0	0	0	Null	0	Null	0	Null	0	Null	0	Null	0	Null	0	Null	0	Null		//			
	181	2	8	1	0	0	0	0	0	0	0	0	0	2	0	0	0	0	0	0	0	0	0	3	0	0	0	0	0	0	0	0	0	4	0	0	0	0	0	0	0	0	0	5	0	0	0	0	0	0	0	0	0	6	0	0	0	0	0	0	0	0	0	7	0	0	0	0	0	0	0	0	0	8	0	0	0	0	0	0	0	0	0	16	1	50	30	1	200	0	0	0	0	0	0	0	0	0	0	0	0	0	0	0	0	0	0	0	0	0	0	0	0	0	0	0	0	0	0	0	0	Null	0	Null	0	Null	0	Null	0	Null	0	Null	0	Null	0	Null		//			
	182	2	8	1	0	0	0	0	0	0	0	0	0	2	0	0	0	0	0	0	0	0	0	3	0	0	0	0	0	0	0	0	0	4	0	0	0	0	0	0	0	0	0	5	0	0	0	0	0	0	0	0	0	6	0	0	0	0	0	0	0	0	0	7	0	0	0	0	0	0	0	0	0	8	0	0	0	0	0	0	0	0	0	16	1	50	30	1	200	0	0	0	0	0	0	0	0	0	0	0	0	0	0	0	0	0	0	0	0	0	0	0	0	0	0	0	0	0	0	0	0	Null	0	Null	0	Null	0	Null	0	Null	0	Null	0	Null	0	Null		//			
	183	2	8	1	0	0	0	0	0	0	0	0	0	2	0	0	0	0	0	0	0	0	0	3	0	0	0	0	0	0	0	0	0	4	0	0	0	0	0	0	0	0	0	5	0	0	0	0	0	0	0	0	0	6	0	0	0	0	0	0	0	0	0	7	0	0	0	0	0	0	0	0	0	8	0	0	0	0	0	0	0	0	0	16	1	50	30	1	200	0	0	0	0	0	0	0	0	0	0	0	0	0	0	0	0	0	0	0	0	0	0	0	0	0	0	0	0	0	0	0	0	Null	0	Null	0	Null	0	Null	0	Null	0	Null	0	Null	0	Null		//			
	184	2	8	1	0	0	0	0	0	0	0	0	0	2	0	0	0	0	0	0	0	0	0	3	0	0	0	0	0	0	0	0	0	4	0	0	0	0	0	0	0	0	0	5	0	0	0	0	0	0	0	0	0	6	0	0	0	0	0	0	0	0	0	7	0	0	0	0	0	0	0	0	0	8	0	0	0	0	0	0	0	0	0	16	1	50	30	1	200	0	0	0	0	0	0	0	0	0	0	0	0	0	0	0	0	0	0	0	0	0	0	0	0	0	0	0	0	0	0	0	0	Null	0	Null	0	Null	0	Null	0	Null	0	Null	0	Null	0	Null		//			
	185	2	8	1	0	0	0	0	0	0	0	0	0	2	0	0	0	0	0	0	0	0	0	3	0	0	0	0	0	0	0	0	0	4	0	0	0	0	0	0	0	0	0	5	0	0	0	0	0	0	0	0	0	6	0	0	0	0	0	0	0	0	0	7	0	0	0	0	0	0	0	0	0	8	0	0	0	0	0	0	0	0	0	18	1	50	30	1	250	0	0	0	0	0	0	0	0	0	0	0	0	0	0	0	0	0	0	0	0	0	0	0	0	0	0	0	0	0	0	0	0	Null	0	Null	0	Null	0	Null	0	Null	0	Null	0	Null	0	Null		//			
	186	2	8	1	0	0	0	0	0	0	0	0	0	2	0	0	0	0	0	0	0	0	0	3	0	0	0	0	0	0	0	0	0	4	0	0	0	0	0	0	0	0	0	5	0	0	0	0	0	0	0	0	0	6	0	0	0	0	0	0	0	0	0	7	0	0	0	0	0	0	0	0	0	8	0	0	0	0	0	0	0	0	0	18	1	50	30	1	250	0	0	0	0	0	0	0	0	0	0	0	0	0	0	0	0	0	0	0	0	0	0	0	0	0	0	0	0	0	0	0	0	Null	0	Null	0	Null	0	Null	0	Null	0	Null	0	Null	0	Null		//			
	187	2	8	1	0	0	0	0	0	0	0	0	0	2	0	0	0	0	0	0	0	0	0	3	0	0	0	0	0	0	0	0	0	4	0	0	0	0	0	0	0	0	0	5	0	0	0	0	0	0	0	0	0	6	0	0	0	0	0	0	0	0	0	7	0	0	0	0	0	0	0	0	0	8	0	0	0	0	0	0	0	0	0	18	1	50	30	1	250	0	0	0	0	0	0	0	0	0	0	0	0	0	0	0	0	0	0	0	0	0	0	0	0	0	0	0	0	0	0	0	0	Null	0	Null	0	Null	0	Null	0	Null	0	Null	0	Null	0	Null		//			
	188	2	8	1	0	0	0	0	0	0	0	0	0	2	0	0	0	0	0	0	0	0	0	3	0	0	0	0	0	0	0	0	0	4	0	0	0	0	0	0	0	0	0	5	0	0	0	0	0	0	0	0	0	6	0	0	0	0	0	0	0	0	0	7	0	0	0	0	0	0	0	0	0	8	0	0	0	0	0	0	0	0	0	18	1	50	30	1	250	0	0	0	0	0	0	0	0	0	0	0	0	0	0	0	0	0	0	0	0	0	0	0	0	0	0	0	0	0	0	0	0	Null	0	Null	0	Null	0	Null	0	Null	0	Null	0	Null	0	Null		//			
	189	2	8	1	0	0	0	0	0	0	0	0	0	2	0	0	0	0	0	0	0	0	0	3	0	0	0	0	0	0	0	0	0	4	0	0	0	0	0	0	0	0	0	5	0	0	0	0	0	0	0	0	0	6	0	0	0	0	0	0	0	0	0	7	0	0	0	0	0	0	0	0	0	8	0	0	0	0	0	0	0	0	0	18	1	50	30	1	250	0	0	0	0	0	0	0	0	0	0	0	0	0	0	0	0	0	0	0	0	0	0	0	0	0	0	0	0	0	0	0	0	Null	0	Null	0	Null	0	Null	0	Null	0	Null	0	Null	0	Null		//			
	190	2	8	1	0	0	0	0	0	0	0	0	0	2	0	0	0	0	0	0	0	0	0	3	0	0	0	0	0	0	0	0	0	4	0	0	0	0	0	0	0	0	0	5	0	0	0	0	0	0	0	0	0	6	0	0	0	0	0	0	0	0	0	7	0	0	0	0	0	0	0	0	0	8	0	0	0	0	0	0	0	0	0	36	1	10	30	1	300	0	0	0	0	0	0	0	0	0	0	0	0	0	0	0	0	0	0	0	0	0	0	0	0	0	0	0	0	0	0	0	0	Null	0	Null	0	Null	0	Null	0	Null	0	Null	0	Null	0	Null		//			
	191	2	8	1	0	0	0	0	0	0	0	0	0	2	0	0	0	0	0	0	0	0	0	3	0	0	0	0	0	0	0	0	0	4	0	0	0	0	0	0	0	0	0	5	0	0	0	0	0	0	0	0	0	6	0	0	0	0	0	0	0	0	0	7	0	0	0	0	0	0	0	0	0	8	0	0	0	0	0	0	0	0	0	36	1	10	30	1	300	0	0	0	0	0	0	0	0	0	0	0	0	0	0	0	0	0	0	0	0	0	0	0	0	0	0	0	0	0	0	0	0	Null	0	Null	0	Null	0	Null	0	Null	0	Null	0	Null	0	Null		//			
	192	2	8	1	0	0	0	0	0	0	0	0	0	2	0	0	0	0	0	0	0	0	0	3	0	0	0	0	0	0	0	0	0	4	0	0	0	0	0	0	0	0	0	5	0	0	0	0	0	0	0	0	0	6	0	0	0	0	0	0	0	0	0	7	0	0	0	0	0	0	0	0	0	8	0	0	0	0	0	0	0	0	0	36	1	10	30	1	300	0	0	0	0	0	0	0	0	0	0	0	0	0	0	0	0	0	0	0	0	0	0	0	0	0	0	0	0	0	0	0	0	Null	0	Null	0	Null	0	Null	0	Null	0	Null	0	Null	0	Null		//			
	193	2	8	1	0	0	0	0	0	0	0	0	0	2	0	0	0	0	0	0	0	0	0	3	0	0	0	0	0	0	0	0	0	4	0	0	0	0	0	0	0	0	0	5	0	0	0	0	0	0	0	0	0	6	0	0	0	0	0	0	0	0	0	7	0	0	0	0	0	0	0	0	0	8	0	0	0	0	0	0	0	0	0	36	1	10	30	1	300	0	0	0	0	0	0	0	0	0	0	0	0	0	0	0	0	0	0	0	0	0	0	0	0	0	0	0	0	0	0	0	0	Null	0	Null	0	Null	0	Null	0	Null	0	Null	0	Null	0	Null		//			
	194	2	8	1	0	0	0	0	0	0	0	0	0	2	0	0	0	0	0	0	0	0	0	3	0	0	0	0	0	0	0	0	0	4	0	0	0	0	0	0	0	0	0	5	0	0	0	0	0	0	0	0	0	6	0	0	0	0	0	0	0	0	0	7	0	0	0	0	0	0	0	0	0	8	0	0	0	0	0	0	0	0	0	36	1	10	30	1	300	0	0	0	0	0	0	0	0	0	0	0	0	0	0	0	0	0	0	0	0	0	0	0	0	0	0	0	0	0	0	0	0	Null	0	Null	0	Null	0	Null	0	Null	0	Null	0	Null	0	Null		//			
	206	2	8	1	0	0	0	0	0	0	0	0	0	2	0	0	0	0	0	0	0	0	0	3	0	0	0	0	0	0	0	0	0	4	0	0	0	0	0	0	0	0	0	5	0	0	0	0	0	0	0	0	0	6	0	0	0	0	0	0	0	0	0	7	0	0	0	0	0	0	0	0	0	8	0	0	0	0	0	0	0	0	0	19	1	50	30	1	50	0	0	0	0	0	0	0	0	0	0	0	0	0	0	0	0	0	0	0	0	0	0	0	0	0	0	0	0	0	0	0	0	Null	0	Null	0	Null	0	Null	0	Null	0	Null	0	Null	0	Null		//			
	207	2	8	1	0	0	0	0	0	0	0	0	0	2	0	0	0	0	0	0	0	0	0	3	0	0	0	0	0	0	0	0	0	4	0	0	0	0	0	0	0	0	0	5	0	0	0	0	0	0	0	0	0	6	0	0	0	0	0	0	0	0	0	7	0	0	0	0	0	0	0	0	0	8	0	0	0	0	0	0	0	0	0	20	1	50	30	1	100	0	0	0	0	0	0	0	0	0	0	0	0	0	0	0	0	0	0	0	0	0	0	0	0	0	0	0	0	0	0	0	0	Null	0	Null	0	Null	0	Null	0	Null	0	Null	0	Null	0	Null		//			
	208	2	8	1	0	0	0	0	0	0	0	0	0	2	0	0	0	0	0	0	0	0	0	3	0	0	0	0	0	0	0	0	0	4	0	0	0	0	0	0	0	0	0	5	0	0	0	0	0	0	0	0	0	6	0	0	0	0	0	0	0	0	0	7	0	0	0	0	0	0	0	0	0	8	0	0	0	0	0	0	0	0	0	17	1	50	30	1	150	0	0	0	0	0	0	0	0	0	0	0	0	0	0	0	0	0	0	0	0	0	0	0	0	0	0	0	0	0	0	0	0	Null	0	Null	0	Null	0	Null	0	Null	0	Null	0	Null	0	Null		//			
	209	2	8	1	0	0	0	0	0	0	0	0	0	2	0	0	0	0	0	0	0	0	0	3	0	0	0	0	0	0	0	0	0	4	0	0	0	0	0	0	0	0	0	5	0	0	0	0	0	0	0	0	0	6	0	0	0	0	0	0	0	0	0	7	0	0	0	0	0	0	0	0	0	8	0	0	0	0	0	0	0	0	0	16	1	50	30	1	200	0	0	0	0	0	0	0	0	0	0	0	0	0	0	0	0	0	0	0	0	0	0	0	0	0	0	0	0	0	0	0	0	Null	0	Null	0	Null	0	Null	0	Null	0	Null	0	Null	0	Null		//			
	210	2	8	1	0	0	0	0	0	0	0	0	0	2	0	0	0	0	0	0	0	0	0	3	0	0	0	0	0	0	0	0	0	4	0	0	0	0	0	0	0	0	0	5	0	0	0	0	0	0	0	0	0	6	0	0	0	0	0	0	0	0	0	7	0	0	0	0	0	0	0	0	0	8	0	0	0	0	0	0	0	0	0	18	1	50	30	1	250	0	0	0	0	0	0	0	0	0	0	0	0	0	0	0	0	0	0	0	0	0	0	0	0	0	0	0	0	0	0	0	0	Null	0	Null	0	Null	0	Null	0	Null	0	Null	0	Null	0	Null		//			
	211	2	8	1	0	0	0	0	0	0	0	0	0	2	0	0	0	0	0	0	0	0	0	3	0	0	0	0	0	0	0	0	0	4	0	0	0	0	0	0	0	0	0	5	0	0	0	0	0	0	0	0	0	6	0	0	0	0	0	0	0	0	0	7	0	0	0	0	0	0	0	0	0	8	0	0	0	0	0	0	0	0	0	36	1	10	30	1	300	0	0	0	0	0	0	0	0	0	0	0	0	0	0	0	0	0	0	0	0	0	0	0	0	0	0	0	0	0	0	0	0	Null	0	Null	0	Null	0	Null	0	Null	0	Null	0	Null	0	Null		//			
	223	2	8	1	0	0	0	0	0	0	0	0	0	2	0	0	0	0	0	0	0	0	0	3	0	0	0	0	0	0	0	0	0	4	0	0	0	0	0	0	0	0	0	5	0	0	0	0	0	0	0	0	0	6	0	0	0	0	0	0	0	0	0	7	0	0	0	0	0	0	0	0	0	8	0	0	0	0	0	0	0	0	0	19	1	50	30	1	50	0	0	0	0	0	0	0	0	0	0	0	0	0	0	0	0	0	0	0	0	0	0	0	0	0	0	0	0	0	0	0	0	Null	0	Null	0	Null	0	Null	0	Null	0	Null	0	Null	0	Null		//			
	224	2	8	1	0	0	0	0	0	0	0	0	0	2	0	0	0	0	0	0	0	0	0	3	0	0	0	0	0	0	0	0	0	4	0	0	0	0	0	0	0	0	0	5	0	0	0	0	0	0	0	0	0	6	0	0	0	0	0	0	0	0	0	7	0	0	0	0	0	0	0	0	0	8	0	0	0	0	0	0	0	0	0	20	1	50	30	1	100	0	0	0	0	0	0	0	0	0	0	0	0	0	0	0	0	0	0	0	0	0	0	0	0	0	0	0	0	0	0	0	0	Null	0	Null	0	Null	0	Null	0	Null	0	Null	0	Null	0	Null		//			
	225	2	8	1	0	0	0	0	0	0	0	0	0	2	0	0	0	0	0	0	0	0	0	3	0	0	0	0	0	0	0	0	0	4	0	0	0	0	0	0	0	0	0	5	0	0	0	0	0	0	0	0	0	6	0	0	0	0	0	0	0	0	0	7	0	0	0	0	0	0	0	0	0	8	0	0	0	0	0	0	0	0	0	17	1	50	30	1	150	0	0	0	0	0	0	0	0	0	0	0	0	0	0	0	0	0	0	0	0	0	0	0	0	0	0	0	0	0	0	0	0	Null	0	Null	0	Null	0	Null	0	Null	0	Null	0	Null	0	Null		//			
	226	2	8	1	0	0	0	0	0	0	0	0	0	2	0	0	0	0	0	0	0	0	0	3	0	0	0	0	0	0	0	0	0	4	0	0	0	0	0	0	0	0	0	5	0	0	0	0	0	0	0	0	0	6	0	0	0	0	0	0	0	0	0	7	0	0	0	0	0	0	0	0	0	8	0	0	0	0	0	0	0	0	0	16	1	50	30	1	200	0	0	0	0	0	0	0	0	0	0	0	0	0	0	0	0	0	0	0	0	0	0	0	0	0	0	0	0	0	0	0	0	Null	0	Null	0	Null	0	Null	0	Null	0	Null	0	Null	0	Null		//			
	227	2	8	1	0	0	0	0	0	0	0	0	0	2	0	0	0	0	0	0	0	0	0	3	0	0	0	0	0	0	0	0	0	4	0	0	0	0	0	0	0	0	0	5	0	0	0	0	0	0	0	0	0	6	0	0	0	0	0	0	0	0	0	7	0	0	0	0	0	0	0	0	0	8	0	0	0	0	0	0	0	0	0	18	1	50	30	1	250	0	0	0	0	0	0	0	0	0	0	0	0	0	0	0	0	0	0	0	0	0	0	0	0	0	0	0	0	0	0	0	0	Null	0	Null	0	Null	0	Null	0	Null	0	Null	0	Null	0	Null		//			
	228	2	8	1	0	0	0	0	0	0	0	0	0	2	0	0	0	0	0	0	0	0	0	3	0	0	0	0	0	0	0	0	0	4	0	0	0	0	0	0	0	0	0	5	0	0	0	0	0	0	0	0	0	6	0	0	0	0	0	0	0	0	0	7	0	0	0	0	0	0	0	0	0	8	0	0	0	0	0	0	0	0	0	36	1	10	30	1	300	0	0	0	0	0	0	0	0	0	0	0	0	0	0	0	0	0	0	0	0	0	0	0	0	0	0	0	0	0	0	0	0	Null	0	Null	0	Null	0	Null	0	Null	0	Null	0	Null	0	Null		//			
	290	2	8	1	0	0	0	0	0	0	0	0	0	2	0	0	0	0	0	0	0	0	0	3	0	0	0	0	0	0	0	0	0	4	0	0	0	0	0	0	0	0	0	5	0	0	0	0	0	0	0	0	0	6	0	0	0	0	0	0	0	0	0	7	0	0	0	0	0	0	0	0	0	8	0	0	0	0	0	0	0	0	0	19	1	50	30	1	50	0	0	0	0	0	0	0	0	0	0	0	0	0	0	0	0	0	0	0	0	0	0	0	0	0	0	0	0	0	0	0	0	Null	0	Null	0	Null	0	Null	0	Null	0	Null	0	Null	0	Null		//			
	291	2	8	1	0	0	0	0	0	0	0	0	0	2	0	0	0	0	0	0	0	0	0	3	0	0	0	0	0	0	0	0	0	4	0	0	0	0	0	0	0	0	0	5	0	0	0	0	0	0	0	0	0	6	0	0	0	0	0	0	0	0	0	7	0	0	0	0	0	0	0	0	0	8	0	0	0	0	0	0	0	0	0	20	1	50	30	1	100	0	0	0	0	0	0	0	0	0	0	0	0	0	0	0	0	0	0	0	0	0	0	0	0	0	0	0	0	0	0	0	0	Null	0	Null	0	Null	0	Null	0	Null	0	Null	0	Null	0	Null		//			
	292	2	8	1	0	0	0	0	0	0	0	0	0	2	0	0	0	0	0	0	0	0	0	3	0	0	0	0	0	0	0	0	0	4	0	0	0	0	0	0	0	0	0	5	0	0	0	0	0	0	0	0	0	6	0	0	0	0	0	0	0	0	0	7	0	0	0	0	0	0	0	0	0	8	0	0	0	0	0	0	0	0	0	17	1	50	30	1	150	0	0	0	0	0	0	0	0	0	0	0	0	0	0	0	0	0	0	0	0	0	0	0	0	0	0	0	0	0	0	0	0	Null	0	Null	0	Null	0	Null	0	Null	0	Null	0	Null	0	Null		//			
	293	2	8	1	0	0	0	0	0	0	0	0	0	2	0	0	0	0	0	0	0	0	0	3	0	0	0	0	0	0	0	0	0	4	0	0	0	0	0	0	0	0	0	5	0	0	0	0	0	0	0	0	0	6	0	0	0	0	0	0	0	0	0	7	0	0	0	0	0	0	0	0	0	8	0	0	0	0	0	0	0	0	0	16	1	50	30	1	200	0	0	0	0	0	0	0	0	0	0	0	0	0	0	0	0	0	0	0	0	0	0	0	0	0	0	0	0	0	0	0	0	Null	0	Null	0	Null	0	Null	0	Null	0	Null	0	Null	0	Null		//			
	294	2	8	1	0	0	0	0	0	0	0	0	0	2	0	0	0	0	0	0	0	0	0	3	0	0	0	0	0	0	0	0	0	4	0	0	0	0	0	0	0	0	0	5	0	0	0	0	0	0	0	0	0	6	0	0	0	0	0	0	0	0	0	7	0	0	0	0	0	0	0	0	0	8	0	0	0	0	0	0	0	0	0	18	1	50	30	1	250	0	0	0	0	0	0	0	0	0	0	0	0	0	0	0	0	0	0	0	0	0	0	0	0	0	0	0	0	0	0	0	0	Null	0	Null	0	Null	0	Null	0	Null	0	Null	0	Null	0	Null		//			
	295	2	8	1	0	0	0	0	0	0	0	0	0	2	0	0	0	0	0	0	0	0	0	3	0	0	0	0	0	0	0	0	0	4	0	0	0	0	0	0	0	0	0	5	0	0	0	0	0	0	0	0	0	6	0	0	0	0	0	0	0	0	0	7	0	0	0	0	0	0	0	0	0	8	0	0	0	0	0	0	0	0	0	36	1	10	30	1	300	0	0	0	0	0	0	0	0	0	0	0	0	0	0	0	0	0	0	0	0	0	0	0	0	0	0	0	0	0	0	0	0	Null	0	Null	0	Null	0	Null	0	Null	0	Null	0	Null	0	Null		//			
//	일본복권용_패자의반지목걸이옵션																																																																																																																																												
	195	1	2	9	0	0	0	0	0	0	0	0	0	11	0	0	0	0	0	0	0	0	0	0	0	0	0	0	0	0	0	0	0	0	0	0	0	0	0	0	0	0	0	0	0	0	0	0	0	0	0	0	0	0	0	0	0	0	0	0	0	0	0	0	0	0	0	0	0	0	0	0	0	0	0	0	0	0	0	0	0	0	0	31	5	2	45	5	5	44	5	5	0	0	0	0	0	0	0	0	0	0	0	0	0	0	0	0	0	0	0	0	0	0	0	0	0	0	0	0	0	Null	0	Null	0	Null	0	Null	0	Null	0	Null	0	Null	0	Null		//			
//	일본최강방어구세트옵션																																																																																																																																												
	196	2	8	1	0	0	0	0	0	0	0	0	0	2	0	0	0	0	0	0	0	0	0	3	0	0	0	0	0	0	0	0	0	4	0	0	0	0	0	0	0	0	0	5	0	0	0	0	0	0	0	0	0	6	0	0	0	0	0	0	0	0	0	7	0	0	0	0	0	0	0	0	0	8	0	0	0	0	0	0	0	0	0	14	2	10	44	5	5	45	5	5	0	0	0	0	0	0	0	0	0	0	0	0	0	0	0	0	0	0	0	0	0	0	0	0	0	0	0	0	0	Null	0	Null	0	Null	0	Null	0	Null	0	Null	0	Null	0	Null		//	버서커	일본최강방어구세트옵션	
	197	2	8	1	0	0	0	0	0	0	0	0	0	2	0	0	0	0	0	0	0	0	0	3	0	0	0	0	0	0	0	0	0	4	0	0	0	0	0	0	0	0	0	5	0	0	0	0	0	0	0	0	0	6	0	0	0	0	0	0	0	0	0	7	0	0	0	0	0	0	0	0	0	8	0	0	0	0	0	0	0	0	0	14	2	10	44	5	5	45	5	5	0	0	0	0	0	0	0	0	0	0	0	0	0	0	0	0	0	0	0	0	0	0	0	0	0	0	0	0	0	Null	0	Null	0	Null	0	Null	0	Null	0	Null	0	Null	0	Null		//	드래곤	일본최강방어구세트옵션	
	198	2	8	1	0	0	0	0	0	0	0	0	0	2	0	0	0	0	0	0	0	0	0	3	0	0	0	0	0	0	0	0	0	4	0	0	0	0	0	0	0	0	0	5	0	0	0	0	0	0	0	0	0	6	0	0	0	0	0	0	0	0	0	7	0	0	0	0	0	0	0	0	0	8	0	0	0	0	0	0	0	0	0	14	2	10	44	5	5	45	5	5	0	0	0	0	0	0	0	0	0	0	0	0	0	0	0	0	0	0	0	0	0	0	0	0	0	0	0	0	0	Null	0	Null	0	Null	0	Null	0	Null	0	Null	0	Null	0	Null		//	엘리멘탈리스트	일본최강방어구세트옵션	
	199	2	8	1	0	0	0	0	0	0	0	0	0	2	0	0	0	0	0	0	0	0	0	3	0	0	0	0	0	0	0	0	0	4	0	0	0	0	0	0	0	0	0	5	0	0	0	0	0	0	0	0	0	6	0	0	0	0	0	0	0	0	0	7	0	0	0	0	0	0	0	0	0	8	0	0	0	0	0	0	0	0	0	14	2	10	44	5	5	45	5	5	0	0	0	0	0	0	0	0	0	0	0	0	0	0	0	0	0	0	0	0	0	0	0	0	0	0	0	0	0	Null	0	Null	0	Null	0	Null	0	Null	0	Null	0	Null	0	Null		//	발키리	일본최강방어구세트옵션	
	200	2	8	1	0	0	0	0	0	0	0	0	0	2	0	0	0	0	0	0	0	0	0	3	0	0	0	0	0	0	0	0	0	4	0	0	0	0	0	0	0	0	0	5	0	0	0	0	0	0	0	0	0	6	0	0	0	0	0	0	0	0	0	7	0	0	0	0	0	0	0	0	0	8	0	0	0	0	0	0	0	0	0	14	2	10	44	5	5	45	5	5	0	0	0	0	0	0	0	0	0	0	0	0	0	0	0	0	0	0	0	0	0	0	0	0	0	0	0	0	0	Null	0	Null	0	Null	0	Null	0	Null	0	Null	0	Null	0	Null		//	섀도우	일본최강방어구세트옵션	
//	칼버스탈것파츠																																																																																																																																												
	212	6	3	91	0	0	0	0	0	0	0	0	0	92	0	0	0	0	0	0	0	0	0	93	0	0	0	0	0	0	0	0	0	0	0	0	0	0	0	0	0	0	0	0	0	0	0	0	0	0	0	0	0	0	0	0	0	0	0	0	0	0	0	0	0	0	0	0	0	0	0	0	0	0	0	0	0	0	0	0	0	0	0	14	1	10	0	0	0	0	0	0	0	0	0	0	0	0	0	0	0	0	0	0	0	0	0	0	0	0	0	0	0	0	0	0	0	0	0	0	0	Null	0	Null	0	Null	0	Null	0	Null	0	Null	0	Null	0	Null		//			
//	일본복권용_패왕의반지목걸이옵션																																																																																																																																												
	213	1	2	9	0	0	0	0	0	0	0	0	0	11	0	0	0	0	0	0	0	0	0	0	0	0	0	0	0	0	0	0	0	0	0	0	0	0	0	0	0	0	0	0	0	0	0	0	0	0	0	0	0	0	0	0	0	0	0	0	0	0	0	0	0	0	0	0	0	0	0	0	0	0	0	0	0	0	0	0	0	0	0	45	5	5	44	5	5	0	0	0	0	0	0	0	0	0	0	0	0	0	0	0	0	0	0	0	0	0	0	0	0	0	0	0	0	0	0	0	0	Null	0	Null	0	Null	0	Null	0	Null	0	Null	0	Null	0	Null		//			
//	국내_점핑지급용_엘리트1세트옵션																																																																																																																																												
	214	2	8	1	28	1	300	28	1	300	28	1	300	2	39	1	5	39	1	5	39	1	5	3	29	1	300	29	1	300	29	1	300	4	36	1	5	36	1	5	36	1	5	5	34	2	-2	34	2	-2	34	2	-2	6	40	1	2	40	1	2	40	1	2	7	32	1	3	32	1	3	32	1	3	8	32	1	3	32	1	3	32	1	3	14	2	10	1	2	10	51	2	10	0	0	0	0	0	0	0	0	0	0	11422	0	0	0	0	0	0	0	0	0	0	0	0	0	0	0	0	0	2	A515	4	m039	5	m039	0	Null	2	A517	11	m139	0	Null	0	Null		//	버서커	점핑용_엘리트1차	
	215	2	8	1	28	1	300	28	1	300	28	1	300	2	39	1	5	39	1	5	39	1	5	3	29	1	300	29	1	300	29	1	300	4	36	1	5	36	1	5	36	1	5	5	34	2	-2	34	2	-2	34	2	-2	6	40	1	2	40	1	2	40	1	2	7	32	1	3	32	1	3	32	1	3	8	32	1	3	32	1	3	32	1	3	14	2	10	1	2	10	51	2	10	0	0	0	0	0	0	0	0	0	11420	11422	0	0	0	0	0	0	0	0	0	0	0	0	0	0	0	0	0	2	A516	12	m071	0	Null	0	Null	2	A517	11	m139	0	Null	0	Null		//	드래곤나이트	점핑용_엘리트1차	
	216	2	8	1	28	1	300	28	1	300	28	1	300	2	39	1	5	39	1	5	39	1	5	3	29	1	300	29	1	300	29	1	300	4	36	1	5	36	1	5	36	1	5	5	34	2	-2	34	2	-2	34	2	-2	6	40	1	2	40	1	2	40	1	2	7	32	1	3	32	1	3	32	1	3	8	32	1	3	32	1	3	32	1	3	14	2	10	1	2	10	51	2	10	0	0	0	0	0	0	0	0	0	11423	11421	0	0	0	0	0	0	0	0	0	0	0	0	0	0	0	0	0	2	A655	4	A656	5	A656	0	Null	2	A518	0	Null	0	Null	0	Null		//	엘리멘탈리스트	점핑용_엘리트1차	
	217	2	8	1	28	1	300	28	1	300	28	1	300	2	39	1	5	39	1	5	39	1	5	3	29	1	300	29	1	300	29	1	300	4	36	1	5	36	1	5	36	1	5	5	34	2	-2	34	2	-2	34	2	-2	6	40	1	2	40	1	2	40	1	2	7	32	1	3	32	1	3	32	1	3	8	32	1	3	32	1	3	32	1	3	14	2	10	1	2	10	51	2	10	0	0	0	0	0	0	0	0	0	11420	11422	0	0	0	0	0	0	0	0	0	0	0	0	0	0	0	0	0	2	A516	12	m071	0	Null	0	Null	2	A517	11	m139	0	Null	0	Null		//	발키리	점핑용_엘리트1차	
	218	2	8	1	28	1	300	28	1	300	28	1	300	2	39	1	5	39	1	5	39	1	5	3	29	1	300	29	1	300	29	1	300	4	36	1	5	36	1	5	36	1	5	5	34	2	-2	34	2	-2	34	2	-2	6	40	1	2	40	1	2	40	1	2	7	32	1	3	32	1	3	32	1	3	8	32	1	3	32	1	3	32	1	3	14	2	10	1	2	10	51	2	10	0	0	0	0	0	0	0	0	0	11423	11421	0	0	0	0	0	0	0	0	0	0	0	0	0	0	0	0	0	2	A655	4	A656	5	A656	0	Null	2	A518	0	Null	0	Null	0	Null		//	섀도우	점핑용_엘리트1차	
//	PvP반지세트옵션																																																																																																																																												
	219	1	2	0	0	0	0	0	0	0	0	0	0	0	0	0	0	0	0	0	0	0	0	0	0	0	0	0	0	0	0	0	0	0	0	0	0	0	0	0	0	0	0	0	0	0	0	0	0	0	0	0	0	0	0	0	0	0	0	0	0	0	0	0	0	0	0	0	0	0	0	0	0	0	0	0	0	0	0	0	0	0	0	93	1	2000	41	1	15	42	2	17	35	1	70	14	2	12	0	0	0	0	0	0	0	0	0	0	0	0	0	0	0	0	0	0	0	0	0	0	0	Null	0	Null	0	Null	0	Null	0	Null	0	Null	0	Null	0	Null		//	혈투사_이스라필_반지세트		
//	국내_점핑지급용_엘리트1세트옵션(미스틱추가)																																																																																																																																												
	221	2	8	1	28	1	300	28	1	300	28	1	300	2	39	1	5	39	1	5	39	1	5	3	29	1	300	29	1	300	29	1	300	4	36	1	5	36	1	5	36	1	5	5	34	2	-2	34	2	-2	34	2	-2	6	40	1	2	40	1	2	40	1	2	7	32	1	3	32	1	3	32	1	3	8	32	1	3	32	1	3	32	1	3	14	2	10	1	2	10	51	2	10	0	0	0	0	0	0	0	0	0	14461	14461	0	0	0	0	0	0	0	0	0	0	0	0	0	0	0	0	0	2	A851	4	Null	5	Null	1	Null	2	A851	4	Null	5	Null	1	Null		//	미스틱	점핑용_엘리트1차	
//	국내 신캐시 세트 옵션																																																																																																																																												
	222	1	5	16	0	0	0	0	0	0	0	0	0	16	0	0	0	0	0	0	0	0	0	16	0	0	0	0	0	0	0	0	0	16	0	0	0	0	0	0	0	0	0	16	0	0	0	0	0	0	0	0	0	0	0	0	0	0	0	0	0	0	0	0	0	0	0	0	0	0	0	0	0	0	0	0	0	0	0	0	0	0	0	47	2	70	35	2	70	49	2	15	31	5	15	0	0	0	0	0	0	0	0	0	0	0	0	0	0	0	0	0	0	0	0	0	0	0	0	0	0	Null	0	Null	0	Null	0	Null	0	Null	0	Null	0	Null	0	Null		//	국내_캐시세트옵션	조화와균형의반지	
//	국내_점핑지급용_엘리트1세트옵션(헬로이드추가)																																																																																																																																												
	229	2	8	1	28	1	300	28	1	300	28	1	300	2	39	1	5	39	1	5	39	1	5	3	29	1	300	29	1	300	29	1	300	4	36	1	5	36	1	5	36	1	5	5	34	2	-2	34	2	-2	34	2	-2	6	40	1	2	40	1	2	40	1	2	7	32	1	3	32	1	3	32	1	3	8	32	1	3	32	1	3	32	1	3	14	2	10	1	2	10	51	2	10	0	0	0	0	0	0	0	0	0	14673	14673	0	0	0	0	0	0	0	0	0	0	0	0	0	0	0	0	0	2	A053	0	Null	0	Null	0	Null	2	A053	0	Null	0	Null	0	Null		//	헬로이드	점핑용_엘리트1차	
//	국내 신캐시 세트 옵션(종량제)																																																																																																																																												
	230	1	5	16	0	0	0	0	0	0	0	0	0	16	0	0	0	0	0	0	0	0	0	16	0	0	0	0	0	0	0	0	0	16	0	0	0	0	0	0	0	0	0	16	0	0	0	0	0	0	0	0	0	0	0	0	0	0	0	0	0	0	0	0	0	0	0	0	0	0	0	0	0	0	0	0	0	0	0	0	0	0	0	47	2	70	35	2	70	49	2	15	31	5	15	0	0	0	0	0	0	0	0	0	0	0	0	0	0	0	0	0	0	0	0	0	0	0	0	0	0	Null	0	Null	0	Null	0	Null	0	Null	0	Null	0	Null	0	Null		//	국내_캐시세트옵션	조화와균형의반지(종량제세트)	
//	국내_2014회귀이벤트지급용_엘리트1.5세트옵션																																																																																																																																												
	232	2	8	1	28	1	500	28	1	500	28	1	500	2	39	1	7	39	1	7	39	1	7	3	29	1	500	29	1	500	29	1	500	4	36	1	7	36	1	7	36	1	7	5	34	2	-3	34	2	-3	34	2	-3	6	40	1	3	40	1	3	40	1	3	7	32	1	5	32	1	5	32	1	5	8	32	1	5	32	1	5	32	1	5	14	2	15	1	2	15	51	2	20	0	0	0	0	0	0	0	0	0	0	11413	3118	13	44	5	10	45	5	5	32	1	15	0	0	0	0	0	0	2	m255	4	m280	5	m280	1	A644	2	m265	12	m290	0	Null	1	A646		//	버서커	2014회귀이벤트지급용_엘리트1.5차	
	233	2	8	1	28	1	500	28	1	500	28	1	500	2	39	1	7	39	1	7	39	1	7	3	29	1	500	29	1	500	29	1	500	4	36	1	7	36	1	7	36	1	7	5	34	2	-3	34	2	-3	34	2	-3	6	40	1	3	40	1	3	40	1	3	7	32	1	5	32	1	5	32	1	5	8	32	1	5	32	1	5	32	1	5	14	2	15	1	2	15	51	2	20	0	0	0	0	0	0	0	0	0	11411	11413	3119	13	44	5	10	45	5	5	32	1	15	0	0	0	0	0	0	2	m260	12	m285	0	Null	1	A645	2	m265	12	m290	0	Null	1	A646		//	드래곤나이트	2014회귀이벤트지급용_엘리트1.5차	
	234	2	8	1	28	1	500	28	1	500	28	1	500	2	39	1	7	39	1	7	39	1	7	3	29	1	500	29	1	500	29	1	500	4	36	1	7	36	1	7	36	1	7	5	34	2	-3	34	2	-3	34	2	-3	6	40	1	3	40	1	3	40	1	3	7	32	1	5	32	1	5	32	1	5	8	32	1	5	32	1	5	32	1	5	14	2	15	1	2	15	51	2	20	0	0	0	0	0	0	0	0	0	11414	11412	3121	13	44	5	10	45	5	5	32	1	15	0	0	0	0	0	0	2	M275	4	M300	5	M300	1	A685	2	m270	0	Null	0	Null	1	A647		//	엘리멘탈리스트	2014회귀이벤트지급용_엘리트1.5차	
	235	2	8	1	28	1	500	28	1	500	28	1	500	2	39	1	7	39	1	7	39	1	7	3	29	1	500	29	1	500	29	1	500	4	36	1	7	36	1	7	36	1	7	5	34	2	-3	34	2	-3	34	2	-3	6	40	1	3	40	1	3	40	1	3	7	32	1	5	32	1	5	32	1	5	8	32	1	5	32	1	5	32	1	5	14	2	15	1	2	15	51	2	20	0	0	0	0	0	0	0	0	0	11411	11413	3120	13	44	5	10	45	5	5	32	1	15	0	0	0	0	0	0	2	m260	12	m285	0	Null	1	A645	2	m265	12	m290	0	Null	1	A646		//	발키리	2014회귀이벤트지급용_엘리트1.5차	
	236	2	8	1	28	1	500	28	1	500	28	1	500	2	39	1	7	39	1	7	39	1	7	3	29	1	500	29	1	500	29	1	500	4	36	1	7	36	1	7	36	1	7	5	34	2	-3	34	2	-3	34	2	-3	6	40	1	3	40	1	3	40	1	3	7	32	1	5	32	1	5	32	1	5	8	32	1	5	32	1	5	32	1	5	14	2	15	1	2	15	51	2	20	0	0	0	0	0	0	0	0	0	11414	11412	3122	13	44	5	10	45	5	5	32	1	15	0	0	0	0	0	0	2	M275	4	M300	5	M300	1	A685	2	m270	0	Null	0	Null	1	A647		//	섀도우	2014회귀이벤트지급용_엘리트1.5차	
	237	2	8	1	28	1	500	28	1	500	28	1	500	2	39	1	7	39	1	7	39	1	7	3	29	1	500	29	1	500	29	1	500	4	36	1	7	36	1	7	36	1	7	5	34	2	-3	34	2	-3	34	2	-3	6	40	1	3	40	1	3	40	1	3	7	32	1	5	32	1	5	32	1	5	8	32	1	5	32	1	5	32	1	5	14	2	15	1	2	15	51	2	20	0	0	0	0	0	0	0	0	0	14462	14462	3231	13	44	5	10	45	5	5	32	1	15	0	0	0	0	0	0	2	A852	0	Null	0	Null	1	A853	2	A852	0	Null	0	Null	1	A853		//	미스틱	2014회귀이벤트지급용_엘리트1.5차	
	238	2	8	1	28	1	500	28	1	500	28	1	500	2	39	1	7	39	1	7	39	1	7	3	29	1	500	29	1	500	29	1	500	4	36	1	7	36	1	7	36	1	7	5	34	2	-3	34	2	-3	34	2	-3	6	40	1	3	40	1	3	40	1	3	7	32	1	5	32	1	5	32	1	5	8	32	1	5	32	1	5	32	1	5	14	2	15	1	2	15	51	2	20	0	0	0	0	0	0	0	0	0	0	0	3470	13	44	5	10	45	5	5	32	1	15	0	0	0	0	0	0	2	M365	4	M366	5	M366	1	M367	2	Null	0	Null	0	Null	1	Null		//	헬로이드	2014회귀이벤트지급용_엘리트1.5차	
//	일본최강방어구세트옵션																																																																																																																																												
	239	2	8	1	0	0	0	0	0	0	0	0	0	2	0	0	0	0	0	0	0	0	0	3	0	0	0	0	0	0	0	0	0	4	0	0	0	0	0	0	0	0	0	5	0	0	0	0	0	0	0	0	0	6	0	0	0	0	0	0	0	0	0	7	0	0	0	0	0	0	0	0	0	8	0	0	0	0	0	0	0	0	0	14	2	10	44	5	5	45	5	5	0	0	0	0	0	0	0	0	0	0	0	0	0	0	0	0	0	0	0	0	0	0	0	0	0	0	0	0	0	Null	0	Null	0	Null	0	Null	0	Null	0	Null	0	Null	0	Null		//	미스틱	일본최강방어구세트옵션	
	240	2	8	1	0	0	0	0	0	0	0	0	0	2	0	0	0	0	0	0	0	0	0	3	0	0	0	0	0	0	0	0	0	4	0	0	0	0	0	0	0	0	0	5	0	0	0	0	0	0	0	0	0	6	0	0	0	0	0	0	0	0	0	7	0	0	0	0	0	0	0	0	0	8	0	0	0	0	0	0	0	0	0	14	2	10	44	5	5	45	5	5	0	0	0	0	0	0	0	0	0	0	0	0	0	0	0	0	0	0	0	0	0	0	0	0	0	0	0	0	0	Null	0	Null	0	Null	0	Null	0	Null	0	Null	0	Null	0	Null		//	헬로이드	일본최강방어구세트옵션	
//	도전반지 세트 옵션																																																																																																																																												
	241	1	5	16	0	0	0	0	0	0	0	0	0	16	0	0	0	0	0	0	0	0	0	16	0	0	0	0	0	0	0	0	0	16	0	0	0	0	0	0	0	0	0	16	0	0	0	0	0	0	0	0	0	0	0	0	0	0	0	0	0	0	0	0	0	0	0	0	0	0	0	0	0	0	0	0	0	0	0	0	0	0	0	47	2	50	35	2	50	49	2	10	31	5	10	0	0	0	0	0	0	0	0	0	0	0	0	0	0	0	0	0	0	0	0	0	0	0	0	0	0	Null	0	Null	0	Null	0	Null	0	Null	0	Null	0	Null	0	Null		//	국내_캐시세트옵션	조화와균형의반지	
//	전장 PvP 액세서리 세트 옵션																																																																																																																																												
	269	1	4	9	0	0	0	0	0	0	0	0	0	9	0	0	0	0	0	0	0	0	0	11	0	0	0	0	0	0	0	0	0	13	0	0	0	0	0	0	0	0	0	0	0	0	0	0	0	0	0	0	0	0	0	0	0	0	0	0	0	0	0	0	0	0	0	0	0	0	0	0	0	0	0	0	0	0	0	0	0	0	0	41	1	15	42	2	15	93	1	2000	0	0	0	0	0	0	0	0	0	0	0	0	0	0	0	0	0	0	0	0	0	0	0	0	0	0	0	0	0	Null	0	Null	0	Null	0	Null	0	Null	0	Null	0	Null	0	Null		//	전장 PvP 액세서리	반지 목걸이 세트 옵션	
//엘리트무기 칼버스특악 세트효과																																																																																																																																													
	270	1	2	0	0	0	0	0	0	0	0	0	0	13	0	0	0	0	0	0	0	0	0	0	0	0	0	0	0	0	0	0	0	0	0	0	0	0	0	0	0	0	0	0	0	0	0	0	0	0	0	0	0	0	0	0	0	0	0	0	0	0	0	0	0	0	0	0	0	0	0	0	0	0	0	0	0	0	0	0	0	0	0	44	5	10	45	5	5	32	1	15	0	0	0	0	0	0	0	0	0	0	0	0	0	0	0	0	0	0	0	0	0	0	0	0	0	0	0	0	0	Null	0	Null	0	Null	0	Null	0	Null	0	Null	0	Null	0	Null		//			
//PC방반지세트옵션																																																																																																																																													
	271	1	3	16	0	0	0	0	0	0	0	0	0	16	0	0	0	0	0	0	0	0	0	16	0	0	0	0	0	0	0	0	0	16	0	0	0	0	0	0	0	0	0	16	0	0	0	0	0	0	0	0	0	0	0	0	0	0	0	0	0	0	0	0	0	0	0	0	0	0	0	0	0	0	0	0	0	0	0	0	0	0	0	35	1	100	30	1	300	42	1	300	108	1	1	0	0	0	0	0	0	0	0	0	0	0	0	0	0	0	0	0	0	0	0	0	0	0	0	0	0	Null	0	Null	0	Null	0	Null	0	Null	0	Null	0	Null	0	Null		//	PC방반지 세트옵션	조화와균형의반지	
//	국내 몬트샤인 이벤트 효과																																																																																																																																												
	272	1	5	16	0	0	0	0	0	0	0	0	0	16	0	0	0	0	0	0	0	0	0	16	0	0	0	0	0	0	0	0	0	16	0	0	0	0	0	0	0	0	0	16	0	0	0	0	0	0	0	0	0	0	0	0	0	0	0	0	0	0	0	0	0	0	0	0	0	0	0	0	0	0	0	0	0	0	0	0	0	0	0	47	2	70	35	2	70	49	2	15	31	5	15	0	0	0	0	0	0	0	0	0	0	0	0	0	0	0	0	0	0	0	0	0	0	0	0	0	0	Null	0	Null	0	Null	0	Null	0	Null	0	Null	0	Null	0	Null		//	국내_캐시세트옵션	조화와균형의반지	
	273	1	3	16	0	0	0	0	0	0	0	0	0	16	0	0	0	0	0	0	0	0	0	16	0	0	0	0	0	0	0	0	0	16	0	0	0	0	0	0	0	0	0	16	0	0	0	0	0	0	0	0	0	0	0	0	0	0	0	0	0	0	0	0	0	0	0	0	0	0	0	0	0	0	0	0	0	0	0	0	0	0	0	93	2	30	28	2	50	49	2	30	15	1	10	14	2	20	0	0	0	0	0	0	0	0	0	0	0	0	0	0	0	0	0	0	0	0	0	0	0	Null	0	Null	0	Null	0	Null	0	Null	0	Null	0	Null	0	Null		//	일본_캐시세트옵션	강신의반지	
//	국내 지급용 조화세트 효과																																																																																																																																												
	274	1	5	16	0	0	0	0	0	0	0	0	0	16	0	0	0	0	0	0	0	0	0	16	0	0	0	0	0	0	0	0	0	16	0	0	0	0	0	0	0	0	0	16	0	0	0	0	0	0	0	0	0	0	0	0	0	0	0	0	0	0	0	0	0	0	0	0	0	0	0	0	0	0	0	0	0	0	0	0	0	0	0	47	2	70	35	2	70	49	2	15	31	5	15	0	0	0	0	0	0	0	0	0	0	0	0	0	0	0	0	0	0	0	0	0	0	0	0	0	0	Null	0	Null	0	Null	0	Null	0	Null	0	Null	0	Null	0	Null		//	국내_지급용 조화세트 효과	조화와균형의반지	
//_SUN_REBORN_20260817_NEW_CHARACTER_PALADIN -- class 9 armour sets.
//Copied verbatim from Arkadia: its header is byte-identical to ours at 142
//columns, so no remap was needed. Group codes are Arkadia's own, unchanged,
//matching the SetType values the ported Paladin armour rows already carry.
//
//Without these, SetItemOptionInfoParser::Find returns NULL for a Paladin set and
//ItemAttrCalculator::CalculateSetItemOptions hands that NULL straight to
//GetCurrentSetItemOption, which killed FieldServer on equip (0xC0000005 reading
//0x00000004). A guard now stops the crash; these rows are what make the sets work.
//
//Group 363 is deliberately NOT here. Our 8 items that name it (52743-52750) have
//no model, no name, and no counterpart in Arkadia at all, and Arkadia's own 363 is
//a non-Paladin set -- importing it would give 8 broken items another class's bonuses.
	431	2	8	1	0	0	0	0	0	0	0	0	0	2	0	0	0	0	0	0	0	0	0	3	0	0	0	0	0	0	0	0	0	4	0	0	0	0	0	0	0	0	0	5	0	0	0	0	0	0	0	0	0	6	0	0	0	0	0	0	0	0	0	7	0	0	0	0	0	0	0	0	0	8	0	0	0	0	0	0	0	0	0	0	0	0	0	0	0	0	0	0	0	0	0	0	0	0	0	0	0	0	0	0	0	0	0	0	0	0	0	0	0	0	0	0	0	0	0	0	2	LV01	4	LV02	5	LV02	1	MP54	2	LV01	4	LV02	5	LV02	1	MQ45		//	팔라딘	엘리트7차	
	432	2	8	1	0	0	0	0	0	0	0	0	0	2	0	0	0	0	0	0	0	0	0	3	0	0	0	0	0	0	0	0	0	4	0	0	0	0	0	0	0	0	0	5	0	0	0	0	0	0	0	0	0	6	0	0	0	0	0	0	0	0	0	7	0	0	0	0	0	0	0	0	0	8	0	0	0	0	0	0	0	0	0	0	0	0	0	0	0	0	0	0	0	0	0	0	0	0	0	0	0	0	0	0	0	0	0	0	0	0	0	0	0	0	0	0	0	0	0	0	2	MB91	4	MB92	5	MB92	1	MP55	2	MB91	4	MB92	5	MB92	1	MQ46		//	팔라딘	엘리트7.5차	
	433	2	8	1	0	0	0	0	0	0	0	0	0	2	0	0	0	0	0	0	0	0	0	3	0	0	0	0	0	0	0	0	0	4	0	0	0	0	0	0	0	0	0	5	0	0	0	0	0	0	0	0	0	6	0	0	0	0	0	0	0	0	0	7	0	0	0	0	0	0	0	0	0	8	0	0	0	0	0	0	0	0	0	0	0	0	0	0	0	0	0	0	0	0	0	0	0	0	0	0	0	0	0	0	0	0	0	0	0	0	0	0	0	0	0	0	0	0	0	0	2	MG61	4	MG62	5	MG62	1	MP56	2	MG61	4	MG62	5	MG62	1	MP56		//	팔라딘	엘리트8차	
	434	2	8	1	0	0	0	0	0	0	0	0	0	2	0	0	0	0	0	0	0	0	0	3	0	0	0	0	0	0	0	0	0	4	0	0	0	0	0	0	0	0	0	5	0	0	0	0	0	0	0	0	0	6	0	0	0	0	0	0	0	0	0	7	0	0	0	0	0	0	0	0	0	8	0	0	0	0	0	0	0	0	0	0	0	0	0	0	0	0	0	0	0	0	0	0	0	0	0	0	0	0	0	0	0	0	0	0	0	0	0	0	0	0	0	0	0	0	0	0	2	MM41	4	MM42	5	MM42	1	MP57	2	MM41	4	MM42	5	MM42	1	MP57		//	팔라딘	엘리트8.5차	
	444	2	8	1	0	0	0	0	0	0	0	0	0	2	0	0	0	0	0	0	0	0	0	3	0	0	0	0	0	0	0	0	0	4	0	0	0	0	0	0	0	0	0	5	0	0	0	0	0	0	0	0	0	6	0	0	0	0	0	0	0	0	0	7	0	0	0	0	0	0	0	0	0	8	0	0	0	0	0	0	0	0	0	0	0	0	0	0	0	0	0	0	0	0	0	0	0	0	0	0	0	0	0	0	0	0	0	0	0	0	0	0	0	0	0	0	0	0	0	0	2	MP66	4	MP66	5	MP66	1	MP66	2	MP86	4	MP87	5	MP87	1	MP88		//	팔라딘	엘리트9차	
	267	2	8	1	28	1	300	28	1	300	28	1	300	2	39	1	5	39	1	5	39	1	5	3	29	1	300	29	1	300	29	1	300	4	36	1	5	36	1	5	36	1	5	5	34	2	-2	34	2	-2	34	2	-2	6	40	1	2	40	1	2	40	1	2	7	32	1	3	32	1	3	32	1	3	8	32	1	3	32	1	3	32	1	3	71	1	30	70	1	10	72	2	20	93	1	1000	0	0	0	0	0	0	0	0	0	0	0	0	0	0	0	0	0	0	0	0	0	0	0	0	0	2	Null	4	Null	5	Null	1	Null	2	M410	4	M411	5	M411	1	M412		//	팔라딘	타락한사원장비	
	268	2	8	1	28	1	700	28	1	700	28	1	700	2	39	1	10	39	1	10	39	1	10	3	29	1	700	29	1	700	29	1	700	4	36	1	10	36	1	10	36	1	10	5	34	2	-4	34	2	-4	34	2	-4	6	40	1	4	40	1	4	40	1	4	7	32	1	7	32	1	7	32	1	7	8	32	1	7	32	1	7	32	1	7	71	1	35	70	1	15	72	2	40	93	1	2000	0	0	0	0	0	0	0	0	0	0	0	0	0	0	0	0	0	0	0	0	0	0	0	0	0	2	Null	4	Null	5	Null	1	Null	2	M410	4	M411	5	M411	1	M412		//	팔라딘	투사의엘리트2차	
	435	2	8	1	0	0	0	0	0	0	0	0	0	2	0	0	0	0	0	0	0	0	0	3	0	0	0	0	0	0	0	0	0	4	0	0	0	0	0	0	0	0	0	5	0	0	0	0	0	0	0	0	0	6	0	0	0	0	0	0	0	0	0	7	0	0	0	0	0	0	0	0	0	8	0	0	0	0	0	0	0	0	0	0	0	0	0	0	0	0	0	0	0	0	0	0	0	0	0	0	0	0	0	0	0	0	0	0	0	0	0	0	0	0	0	0	0	0	0	0	2	M385	4	M386	5	M386	0	Null	2	M385	4	M386	5	M386	0	Null		//	팔라딘	복귀자세트이펙트(엘리트8차)	
	363	2	8	1	0	0	0	0	0	0	0	0	0	2	0	0	0	0	0	0	0	0	0	3	0	0	0	0	0	0	0	0	0	4	0	0	0	0	0	0	0	0	0	5	0	0	0	0	0	0	0	0	0	6	0	0	0	0	0	0	0	0	0	7	0	0	0	0	0	0	0	0	0	8	0	0	0	0	0	0	0	0	0	0	0	0	0	0	0	0	0	0	0	0	0	0	0	0	0	0	0	0	0	0	0	0	0	0	0	0	0	0	0	0	0	0	0	0	0	0	2	LS12	0	Null	0	Null	1	LN38	2	LS16	0	Null	0	Null	1	LN42		//	드래곤나이트	엘리트6.5차	
	284	2	8	1	0	0	0	0	0	0	0	0	0	2	0	0	0	0	0	0	0	0	0	3	0	0	0	0	0	0	0	0	0	4	0	0	0	0	0	0	0	0	0	5	0	0	0	0	0	0	0	0	0	6	0	0	0	0	0	0	0	0	0	7	0	0	0	0	0	0	0	0	0	8	0	0	0	0	0	0	0	0	0	0	0	0	0	0	0	0	0	0	0	0	0	0	0	0	0	0	0	0	0	0	0	0	0	0	0	0	0	0	0	0	0	0	0	0	0	0	2	M470	4	M471	5	M471	1	M472	2	M485	4	M486	5	M486	1	M487		//	버서커	엘리트4차	
	285	2	8	1	0	0	0	0	0	0	0	0	0	2	0	0	0	0	0	0	0	0	0	3	0	0	0	0	0	0	0	0	0	4	0	0	0	0	0	0	0	0	0	5	0	0	0	0	0	0	0	0	0	6	0	0	0	0	0	0	0	0	0	7	0	0	0	0	0	0	0	0	0	8	0	0	0	0	0	0	0	0	0	0	0	0	0	0	0	0	0	0	0	0	0	0	0	0	0	0	0	0	0	0	0	0	0	0	0	0	0	0	0	0	0	0	0	0	0	0	2	M475	4	M476	5	M476	1	M477	2	M485	4	M486	5	M486	1	M487		//	드래곤나이트	엘리트4차	
	286	2	8	1	0	0	0	0	0	0	0	0	0	2	0	0	0	0	0	0	0	0	0	3	0	0	0	0	0	0	0	0	0	4	0	0	0	0	0	0	0	0	0	5	0	0	0	0	0	0	0	0	0	6	0	0	0	0	0	0	0	0	0	7	0	0	0	0	0	0	0	0	0	8	0	0	0	0	0	0	0	0	0	0	0	0	0	0	0	0	0	0	0	0	0	0	0	0	0	0	0	0	0	0	0	0	0	0	0	0	0	0	0	0	0	0	0	0	0	0	2	M480	4	M481	5	M481	1	M482	2	M490	4	M491	5	M491	1	M492		//	엘리멘탈리스트	엘리트4차	
	287	2	8	1	0	0	0	0	0	0	0	0	0	2	0	0	0	0	0	0	0	0	0	3	0	0	0	0	0	0	0	0	0	4	0	0	0	0	0	0	0	0	0	5	0	0	0	0	0	0	0	0	0	6	0	0	0	0	0	0	0	0	0	7	0	0	0	0	0	0	0	0	0	8	0	0	0	0	0	0	0	0	0	0	0	0	0	0	0	0	0	0	0	0	0	0	0	0	0	0	0	0	0	0	0	0	0	0	0	0	0	0	0	0	0	0	0	0	0	0	2	M475	4	M476	5	M476	1	M477	2	M485	4	M486	5	M486	1	M487		//	발키리	엘리트4차	
	288	2	8	1	0	0	0	0	0	0	0	0	0	2	0	0	0	0	0	0	0	0	0	3	0	0	0	0	0	0	0	0	0	4	0	0	0	0	0	0	0	0	0	5	0	0	0	0	0	0	0	0	0	6	0	0	0	0	0	0	0	0	0	7	0	0	0	0	0	0	0	0	0	8	0	0	0	0	0	0	0	0	0	0	0	0	0	0	0	0	0	0	0	0	0	0	0	0	0	0	0	0	0	0	0	0	0	0	0	0	0	0	0	0	0	0	0	0	0	0	2	M480	4	M481	5	M481	1	M482	2	M490	4	M491	5	M491	1	M492		//	섀도우	엘리트4차	
	289	2	8	1	0	0	0	0	0	0	0	0	0	2	0	0	0	0	0	0	0	0	0	3	0	0	0	0	0	0	0	0	0	4	0	0	0	0	0	0	0	0	0	5	0	0	0	0	0	0	0	0	0	6	0	0	0	0	0	0	0	0	0	7	0	0	0	0	0	0	0	0	0	8	0	0	0	0	0	0	0	0	0	0	0	0	0	0	0	0	0	0	0	0	0	0	0	0	0	0	0	0	0	0	0	0	0	0	0	0	0	0	0	0	0	0	0	0	0	0	2	M495	4	M496	5	M496	1	M497	2	M495	4	M496	5	M496	1	M497		//	미스틱	엘리트4차	
	296	2	8	1	0	0	0	0	0	0	0	0	0	2	0	0	0	0	0	0	0	0	0	3	0	0	0	0	0	0	0	0	0	4	0	0	0	0	0	0	0	0	0	5	0	0	0	0	0	0	0	0	0	6	0	0	0	0	0	0	0	0	0	7	0	0	0	0	0	0	0	0	0	8	0	0	0	0	0	0	0	0	0	0	0	0	0	0	0	0	0	0	0	0	0	0	0	0	0	0	0	0	0	0	0	0	0	0	0	0	0	0	0	0	0	0	0	0	0	0	2	M500	4	M501	5	M501	1	M502	2	M500	4	M501	5	M501	1	M502		//	헬로이드	엘리트4차	
	297	2	8	1	0	0	0	0	0	0	0	0	0	2	0	0	0	0	0	0	0	0	0	3	0	0	0	0	0	0	0	0	0	4	0	0	0	0	0	0	0	0	0	5	0	0	0	0	0	0	0	0	0	6	0	0	0	0	0	0	0	0	0	7	0	0	0	0	0	0	0	0	0	8	0	0	0	0	0	0	0	0	0	0	0	0	0	0	0	0	0	0	0	0	0	0	0	0	0	0	0	0	0	0	0	0	0	0	0	0	0	0	0	0	0	0	0	0	0	0	2	M505	4	M506	5	M506	0	Null	2	M505	4	M506	5	M506	0	Null		//	위치블레이드	엘리트4차	
	317	2	8	1	0	0	0	0	0	0	0	0	0	2	0	0	0	0	0	0	0	0	0	3	0	0	0	0	0	0	0	0	0	4	0	0	0	0	0	0	0	0	0	5	0	0	0	0	0	0	0	0	0	6	0	0	0	0	0	0	0	0	0	7	0	0	0	0	0	0	0	0	0	8	0	0	0	0	0	0	0	0	0	0	0	0	0	0	0	0	0	0	0	0	0	0	0	0	0	0	0	0	0	0	0	0	0	0	0	0	0	0	0	0	0	0	0	0	0	0	2	M510	4	M511	5	M511	1	M512	2	M525	4	M526	5	M526	1	M527		//	버서커	엘리트5차	
	318	2	8	1	0	0	0	0	0	0	0	0	0	2	0	0	0	0	0	0	0	0	0	3	0	0	0	0	0	0	0	0	0	4	0	0	0	0	0	0	0	0	0	5	0	0	0	0	0	0	0	0	0	6	0	0	0	0	0	0	0	0	0	7	0	0	0	0	0	0	0	0	0	8	0	0	0	0	0	0	0	0	0	0	0	0	0	0	0	0	0	0	0	0	0	0	0	0	0	0	0	0	0	0	0	0	0	0	0	0	0	0	0	0	0	0	0	0	0	0	2	M515	4	M516	5	M516	1	M517	2	M525	4	M526	5	M526	1	M527		//	드래곤나이트	엘리트5차	
	319	2	8	1	0	0	0	0	0	0	0	0	0	2	0	0	0	0	0	0	0	0	0	3	0	0	0	0	0	0	0	0	0	4	0	0	0	0	0	0	0	0	0	5	0	0	0	0	0	0	0	0	0	6	0	0	0	0	0	0	0	0	0	7	0	0	0	0	0	0	0	0	0	8	0	0	0	0	0	0	0	0	0	0	0	0	0	0	0	0	0	0	0	0	0	0	0	0	0	0	0	0	0	0	0	0	0	0	0	0	0	0	0	0	0	0	0	0	0	0	2	M520	4	M521	5	M521	1	M522	2	M530	4	M531	5	M531	1	M532		//	엘리멘탈리스트	엘리트5차	
	320	2	8	1	0	0	0	0	0	0	0	0	0	2	0	0	0	0	0	0	0	0	0	3	0	0	0	0	0	0	0	0	0	4	0	0	0	0	0	0	0	0	0	5	0	0	0	0	0	0	0	0	0	6	0	0	0	0	0	0	0	0	0	7	0	0	0	0	0	0	0	0	0	8	0	0	0	0	0	0	0	0	0	0	0	0	0	0	0	0	0	0	0	0	0	0	0	0	0	0	0	0	0	0	0	0	0	0	0	0	0	0	0	0	0	0	0	0	0	0	2	M515	4	M516	5	M516	1	M517	2	M525	4	M526	5	M526	1	M527		//	발키리	엘리트5차	
	321	2	8	1	0	0	0	0	0	0	0	0	0	2	0	0	0	0	0	0	0	0	0	3	0	0	0	0	0	0	0	0	0	4	0	0	0	0	0	0	0	0	0	5	0	0	0	0	0	0	0	0	0	6	0	0	0	0	0	0	0	0	0	7	0	0	0	0	0	0	0	0	0	8	0	0	0	0	0	0	0	0	0	0	0	0	0	0	0	0	0	0	0	0	0	0	0	0	0	0	0	0	0	0	0	0	0	0	0	0	0	0	0	0	0	0	0	0	0	0	2	M520	4	M521	5	M521	1	M522	2	M530	4	M531	5	M531	1	M532		//	섀도우	엘리트5차	
	322	2	8	1	0	0	0	0	0	0	0	0	0	2	0	0	0	0	0	0	0	0	0	3	0	0	0	0	0	0	0	0	0	4	0	0	0	0	0	0	0	0	0	5	0	0	0	0	0	0	0	0	0	6	0	0	0	0	0	0	0	0	0	7	0	0	0	0	0	0	0	0	0	8	0	0	0	0	0	0	0	0	0	0	0	0	0	0	0	0	0	0	0	0	0	0	0	0	0	0	0	0	0	0	0	0	0	0	0	0	0	0	0	0	0	0	0	0	0	0	2	M535	4	M536	5	M536	1	M537	2	M535	4	M536	5	M536	1	M537		//	미스틱	엘리트5차	
	323	2	8	1	0	0	0	0	0	0	0	0	0	2	0	0	0	0	0	0	0	0	0	3	0	0	0	0	0	0	0	0	0	4	0	0	0	0	0	0	0	0	0	5	0	0	0	0	0	0	0	0	0	6	0	0	0	0	0	0	0	0	0	7	0	0	0	0	0	0	0	0	0	8	0	0	0	0	0	0	0	0	0	0	0	0	0	0	0	0	0	0	0	0	0	0	0	0	0	0	0	0	0	0	0	0	0	0	0	0	0	0	0	0	0	0	0	0	0	0	2	M540	4	M541	5	M541	1	M542	2	M540	4	M541	5	M541	1	M542		//	헬로이드	엘리트5차	
	324	2	8	1	0	0	0	0	0	0	0	0	0	2	0	0	0	0	0	0	0	0	0	3	0	0	0	0	0	0	0	0	0	4	0	0	0	0	0	0	0	0	0	5	0	0	0	0	0	0	0	0	0	6	0	0	0	0	0	0	0	0	0	7	0	0	0	0	0	0	0	0	0	8	0	0	0	0	0	0	0	0	0	0	0	0	0	0	0	0	0	0	0	0	0	0	0	0	0	0	0	0	0	0	0	0	0	0	0	0	0	0	0	0	0	0	0	0	0	0	2	M545	4	M546	5	M546	1	M547	2	M545	4	M546	5	M546	1	M547		//	위치블레이드	엘리트5차	
	326	2	8	1	0	0	0	0	0	0	0	0	0	2	0	0	0	0	0	0	0	0	0	3	0	0	0	0	0	0	0	0	0	4	0	0	0	0	0	0	0	0	0	5	0	0	0	0	0	0	0	0	0	6	0	0	0	0	0	0	0	0	0	7	0	0	0	0	0	0	0	0	0	8	0	0	0	0	0	0	0	0	0	0	0	0	0	0	0	0	0	0	0	0	0	0	0	0	0	0	0	0	0	0	0	0	0	0	0	0	0	0	0	0	0	0	0	0	0	0	2	M570	4	M571	5	M571	1	M572	2	M585	4	M586	5	M586	1	M587		//	버서커	엘리트5.5차	
	327	2	8	1	0	0	0	0	0	0	0	0	0	2	0	0	0	0	0	0	0	0	0	3	0	0	0	0	0	0	0	0	0	4	0	0	0	0	0	0	0	0	0	5	0	0	0	0	0	0	0	0	0	6	0	0	0	0	0	0	0	0	0	7	0	0	0	0	0	0	0	0	0	8	0	0	0	0	0	0	0	0	0	0	0	0	0	0	0	0	0	0	0	0	0	0	0	0	0	0	0	0	0	0	0	0	0	0	0	0	0	0	0	0	0	0	0	0	0	0	2	M575	4	M576	5	M576	1	M577	2	M585	4	M586	5	M586	1	M587		//	드래곤나이트	엘리트5.5차	
	328	2	8	1	0	0	0	0	0	0	0	0	0	2	0	0	0	0	0	0	0	0	0	3	0	0	0	0	0	0	0	0	0	4	0	0	0	0	0	0	0	0	0	5	0	0	0	0	0	0	0	0	0	6	0	0	0	0	0	0	0	0	0	7	0	0	0	0	0	0	0	0	0	8	0	0	0	0	0	0	0	0	0	0	0	0	0	0	0	0	0	0	0	0	0	0	0	0	0	0	0	0	0	0	0	0	0	0	0	0	0	0	0	0	0	0	0	0	0	0	2	M580	4	M581	5	M581	1	M582	2	M590	4	M591	5	M591	1	M592		//	엘리멘탈리스트	엘리트5.5차	
	329	2	8	1	0	0	0	0	0	0	0	0	0	2	0	0	0	0	0	0	0	0	0	3	0	0	0	0	0	0	0	0	0	4	0	0	0	0	0	0	0	0	0	5	0	0	0	0	0	0	0	0	0	6	0	0	0	0	0	0	0	0	0	7	0	0	0	0	0	0	0	0	0	8	0	0	0	0	0	0	0	0	0	0	0	0	0	0	0	0	0	0	0	0	0	0	0	0	0	0	0	0	0	0	0	0	0	0	0	0	0	0	0	0	0	0	0	0	0	0	2	M575	4	M576	5	M576	1	M577	2	M585	4	M586	5	M586	1	M587		//	발키리	엘리트5.5차	
	330	2	8	1	0	0	0	0	0	0	0	0	0	2	0	0	0	0	0	0	0	0	0	3	0	0	0	0	0	0	0	0	0	4	0	0	0	0	0	0	0	0	0	5	0	0	0	0	0	0	0	0	0	6	0	0	0	0	0	0	0	0	0	7	0	0	0	0	0	0	0	0	0	8	0	0	0	0	0	0	0	0	0	0	0	0	0	0	0	0	0	0	0	0	0	0	0	0	0	0	0	0	0	0	0	0	0	0	0	0	0	0	0	0	0	0	0	0	0	0	2	M580	4	M581	5	M581	1	M582	2	M590	4	M591	5	M591	1	M592		//	섀도우	엘리트5.5차	
	331	2	8	1	0	0	0	0	0	0	0	0	0	2	0	0	0	0	0	0	0	0	0	3	0	0	0	0	0	0	0	0	0	4	0	0	0	0	0	0	0	0	0	5	0	0	0	0	0	0	0	0	0	6	0	0	0	0	0	0	0	0	0	7	0	0	0	0	0	0	0	0	0	8	0	0	0	0	0	0	0	0	0	0	0	0	0	0	0	0	0	0	0	0	0	0	0	0	0	0	0	0	0	0	0	0	0	0	0	0	0	0	0	0	0	0	0	0	0	0	2	M595	4	M596	5	M596	1	M597	2	M595	4	M596	5	M596	1	M597		//	미스틱	엘리트5.5차	
	332	2	8	1	0	0	0	0	0	0	0	0	0	2	0	0	0	0	0	0	0	0	0	3	0	0	0	0	0	0	0	0	0	4	0	0	0	0	0	0	0	0	0	5	0	0	0	0	0	0	0	0	0	6	0	0	0	0	0	0	0	0	0	7	0	0	0	0	0	0	0	0	0	8	0	0	0	0	0	0	0	0	0	0	0	0	0	0	0	0	0	0	0	0	0	0	0	0	0	0	0	0	0	0	0	0	0	0	0	0	0	0	0	0	0	0	0	0	0	0	2	M600	4	M601	5	M601	1	M602	2	M600	4	M601	5	M601	1	M602		//	헬로이드	엘리트5.5차	
	333	2	8	1	0	0	0	0	0	0	0	0	0	2	0	0	0	0	0	0	0	0	0	3	0	0	0	0	0	0	0	0	0	4	0	0	0	0	0	0	0	0	0	5	0	0	0	0	0	0	0	0	0	6	0	0	0	0	0	0	0	0	0	7	0	0	0	0	0	0	0	0	0	8	0	0	0	0	0	0	0	0	0	0	0	0	0	0	0	0	0	0	0	0	0	0	0	0	0	0	0	0	0	0	0	0	0	0	0	0	0	0	0	0	0	0	0	0	0	0	2	M605	4	M606	5	M606	1	M607	2	M605	4	M606	5	M606	1	M607		//	위치블레이드	엘리트5.5차	
	351	2	8	1	0	0	0	0	0	0	0	0	0	2	0	0	0	0	0	0	0	0	0	3	0	0	0	0	0	0	0	0	0	4	0	0	0	0	0	0	0	0	0	5	0	0	0	0	0	0	0	0	0	6	0	0	0	0	0	0	0	0	0	7	0	0	0	0	0	0	0	0	0	8	0	0	0	0	0	0	0	0	0	0	0	0	0	0	0	0	0	0	0	0	0	0	0	0	0	0	0	0	0	0	0	0	0	0	0	0	0	0	0	0	0	0	0	0	0	0	2	LN35	0	Null	0	Null	1	LN36	2	LN41	0	Null	0	Null	1	LN42		//	버서커	엘리트6차	
	352	2	8	1	0	0	0	0	0	0	0	0	0	2	0	0	0	0	0	0	0	0	0	3	0	0	0	0	0	0	0	0	0	4	0	0	0	0	0	0	0	0	0	5	0	0	0	0	0	0	0	0	0	6	0	0	0	0	0	0	0	0	0	7	0	0	0	0	0	0	0	0	0	8	0	0	0	0	0	0	0	0	0	0	0	0	0	0	0	0	0	0	0	0	0	0	0	0	0	0	0	0	0	0	0	0	0	0	0	0	0	0	0	0	0	0	0	0	0	0	2	LN37	0	Null	0	Null	1	LN38	2	LN41	0	Null	0	Null	1	LN42		//	드래곤나이트	엘리트6차	
	353	2	8	1	0	0	0	0	0	0	0	0	0	2	0	0	0	0	0	0	0	0	0	3	0	0	0	0	0	0	0	0	0	4	0	0	0	0	0	0	0	0	0	5	0	0	0	0	0	0	0	0	0	6	0	0	0	0	0	0	0	0	0	7	0	0	0	0	0	0	0	0	0	8	0	0	0	0	0	0	0	0	0	0	0	0	0	0	0	0	0	0	0	0	0	0	0	0	0	0	0	0	0	0	0	0	0	0	0	0	0	0	0	0	0	0	0	0	0	0	2	LN39	0	Null	0	Null	1	LN40	2	LN43	0	Null	0	Null	1	LN44		//	엘리멘탈리스트	엘리트6차	
	354	2	8	1	0	0	0	0	0	0	0	0	0	2	0	0	0	0	0	0	0	0	0	3	0	0	0	0	0	0	0	0	0	4	0	0	0	0	0	0	0	0	0	5	0	0	0	0	0	0	0	0	0	6	0	0	0	0	0	0	0	0	0	7	0	0	0	0	0	0	0	0	0	8	0	0	0	0	0	0	0	0	0	0	0	0	0	0	0	0	0	0	0	0	0	0	0	0	0	0	0	0	0	0	0	0	0	0	0	0	0	0	0	0	0	0	0	0	0	0	2	LN37	0	Null	0	Null	1	LN38	2	LN41	0	Null	0	Null	1	LN42		//	발키리	엘리트6차	
	355	2	8	1	0	0	0	0	0	0	0	0	0	2	0	0	0	0	0	0	0	0	0	3	0	0	0	0	0	0	0	0	0	4	0	0	0	0	0	0	0	0	0	5	0	0	0	0	0	0	0	0	0	6	0	0	0	0	0	0	0	0	0	7	0	0	0	0	0	0	0	0	0	8	0	0	0	0	0	0	0	0	0	0	0	0	0	0	0	0	0	0	0	0	0	0	0	0	0	0	0	0	0	0	0	0	0	0	0	0	0	0	0	0	0	0	0	0	0	0	2	LN39	0	Null	0	Null	1	LN40	2	LN43	0	Null	0	Null	1	LN44		//	섀도우	엘리트6차	
	356	2	8	1	0	0	0	0	0	0	0	0	0	2	0	0	0	0	0	0	0	0	0	3	0	0	0	0	0	0	0	0	0	4	0	0	0	0	0	0	0	0	0	5	0	0	0	0	0	0	0	0	0	6	0	0	0	0	0	0	0	0	0	7	0	0	0	0	0	0	0	0	0	8	0	0	0	0	0	0	0	0	0	0	0	0	0	0	0	0	0	0	0	0	0	0	0	0	0	0	0	0	0	0	0	0	0	0	0	0	0	0	0	0	0	0	0	0	0	0	2	LN45	0	Null	0	Null	1	LN46	2	LN45	0	Null	0	Null	1	LN46		//	미스틱	엘리트6차	
	357	2	8	1	0	0	0	0	0	0	0	0	0	2	0	0	0	0	0	0	0	0	0	3	0	0	0	0	0	0	0	0	0	4	0	0	0	0	0	0	0	0	0	5	0	0	0	0	0	0	0	0	0	6	0	0	0	0	0	0	0	0	0	7	0	0	0	0	0	0	0	0	0	8	0	0	0	0	0	0	0	0	0	0	0	0	0	0	0	0	0	0	0	0	0	0	0	0	0	0	0	0	0	0	0	0	0	0	0	0	0	0	0	0	0	0	0	0	0	0	2	LN47	0	Null	0	Null	1	LN48	2	LN47	0	Null	0	Null	1	LN48		//	헬로이드	엘리트6차	
	358	2	8	1	0	0	0	0	0	0	0	0	0	2	0	0	0	0	0	0	0	0	0	3	0	0	0	0	0	0	0	0	0	4	0	0	0	0	0	0	0	0	0	5	0	0	0	0	0	0	0	0	0	6	0	0	0	0	0	0	0	0	0	7	0	0	0	0	0	0	0	0	0	8	0	0	0	0	0	0	0	0	0	0	0	0	0	0	0	0	0	0	0	0	0	0	0	0	0	0	0	0	0	0	0	0	0	0	0	0	0	0	0	0	0	0	0	0	0	0	2	LN49	0	Null	0	Null	1	LN50	2	LN49	0	Null	0	Null	1	LN50		//	위치블레이드	엘리트6차	
	362	2	8	1	0	0	0	0	0	0	0	0	0	2	0	0	0	0	0	0	0	0	0	3	0	0	0	0	0	0	0	0	0	4	0	0	0	0	0	0	0	0	0	5	0	0	0	0	0	0	0	0	0	6	0	0	0	0	0	0	0	0	0	7	0	0	0	0	0	0	0	0	0	8	0	0	0	0	0	0	0	0	0	0	0	0	0	0	0	0	0	0	0	0	0	0	0	0	0	0	0	0	0	0	0	0	0	0	0	0	0	0	0	0	0	0	0	0	0	0	2	LS10	0	Null	0	Null	1	LN36	2	LS16	0	Null	0	Null	1	LN42		//	버서커	엘리트6.5차	
	364	2	8	1	0	0	0	0	0	0	0	0	0	2	0	0	0	0	0	0	0	0	0	3	0	0	0	0	0	0	0	0	0	4	0	0	0	0	0	0	0	0	0	5	0	0	0	0	0	0	0	0	0	6	0	0	0	0	0	0	0	0	0	7	0	0	0	0	0	0	0	0	0	8	0	0	0	0	0	0	0	0	0	0	0	0	0	0	0	0	0	0	0	0	0	0	0	0	0	0	0	0	0	0	0	0	0	0	0	0	0	0	0	0	0	0	0	0	0	0	2	LS14	0	Null	0	Null	1	LN40	2	LS18	0	Null	0	Null	1	LN44		//	엘리멘탈리스트	엘리트6.5차	
	365	2	8	1	0	0	0	0	0	0	0	0	0	2	0	0	0	0	0	0	0	0	0	3	0	0	0	0	0	0	0	0	0	4	0	0	0	0	0	0	0	0	0	5	0	0	0	0	0	0	0	0	0	6	0	0	0	0	0	0	0	0	0	7	0	0	0	0	0	0	0	0	0	8	0	0	0	0	0	0	0	0	0	0	0	0	0	0	0	0	0	0	0	0	0	0	0	0	0	0	0	0	0	0	0	0	0	0	0	0	0	0	0	0	0	0	0	0	0	0	2	LS12	0	Null	0	Null	1	LN38	2	LS16	0	Null	0	Null	1	LN42		//	발키리	엘리트6.5차	
	366	2	8	1	0	0	0	0	0	0	0	0	0	2	0	0	0	0	0	0	0	0	0	3	0	0	0	0	0	0	0	0	0	4	0	0	0	0	0	0	0	0	0	5	0	0	0	0	0	0	0	0	0	6	0	0	0	0	0	0	0	0	0	7	0	0	0	0	0	0	0	0	0	8	0	0	0	0	0	0	0	0	0	0	0	0	0	0	0	0	0	0	0	0	0	0	0	0	0	0	0	0	0	0	0	0	0	0	0	0	0	0	0	0	0	0	0	0	0	0	2	LS14	0	Null	0	Null	1	LN40	2	LS18	0	Null	0	Null	1	LN44		//	섀도우	엘리트6.5차	
	367	2	8	1	0	0	0	0	0	0	0	0	0	2	0	0	0	0	0	0	0	0	0	3	0	0	0	0	0	0	0	0	0	4	0	0	0	0	0	0	0	0	0	5	0	0	0	0	0	0	0	0	0	6	0	0	0	0	0	0	0	0	0	7	0	0	0	0	0	0	0	0	0	8	0	0	0	0	0	0	0	0	0	0	0	0	0	0	0	0	0	0	0	0	0	0	0	0	0	0	0	0	0	0	0	0	0	0	0	0	0	0	0	0	0	0	0	0	0	0	2	LS20	0	Null	0	Null	1	LN46	2	LS20	0	Null	0	Null	1	LN46		//	미스틱	엘리트6.5차	
	368	2	8	1	0	0	0	0	0	0	0	0	0	2	0	0	0	0	0	0	0	0	0	3	0	0	0	0	0	0	0	0	0	4	0	0	0	0	0	0	0	0	0	5	0	0	0	0	0	0	0	0	0	6	0	0	0	0	0	0	0	0	0	7	0	0	0	0	0	0	0	0	0	8	0	0	0	0	0	0	0	0	0	0	0	0	0	0	0	0	0	0	0	0	0	0	0	0	0	0	0	0	0	0	0	0	0	0	0	0	0	0	0	0	0	0	0	0	0	0	2	LS22	0	Null	0	Null	1	LN48	2	LS22	0	Null	0	Null	1	LN48		//	헬로이드	엘리트6.5차	
	369	2	8	1	0	0	0	0	0	0	0	0	0	2	0	0	0	0	0	0	0	0	0	3	0	0	0	0	0	0	0	0	0	4	0	0	0	0	0	0	0	0	0	5	0	0	0	0	0	0	0	0	0	6	0	0	0	0	0	0	0	0	0	7	0	0	0	0	0	0	0	0	0	8	0	0	0	0	0	0	0	0	0	0	0	0	0	0	0	0	0	0	0	0	0	0	0	0	0	0	0	0	0	0	0	0	0	0	0	0	0	0	0	0	0	0	0	0	0	0	2	LS24	0	Null	0	Null	1	LN50	2	LS24	0	Null	0	Null	1	LN50		//	위치블레이드	엘리트6.5차	
