//	상점리스트	0	상점타입												1									2									3									4									5									6									7									8									9									10									11									12									13									14									15									16									17									18									19									20									21									22									23									24									25	
//			1101	1101						1101	1103	1103	1103	1103	1403				1101	1103	1103	1103	1103	1403				1101	1103	1103	1103	1103	1403				1101	1103	1103	1103	1103	1403					1103	1103	1103	1103	1403					1103	1103	1103	1103	1403					1103	1103	1103	1103	1403					1103	1103	1103	1103	1403					1103	1103	1103	1103	1403					1103	1103	1103	1103	1403					1103	1103	1103	1103	1403					1103	1103	1103	1103	1403					1103	1103	1103	1103	1403					1103	1103	1103	1103	1403					1103	1103	1103	1103	1403					1103	1103	1103	1103	1403					1103	1103	1103	1103	1403					1103	1103	1103	1103	1403					1103	1103	1103	1103	1403					1103	1103	1103	1103	1403					1103	1103	1103	1103	1403					1103	1103	1103	1103	1403					1103	1103	1103	1103	1403					1103	1103	1103	1103	1403					1103	1103	1103	1103	1403	
//	아이디	상점이름	상점타입	화폐아이템	하임행운적용비율	상점탭	판매아이템1	아이템1수량	아이템1등급	아이템1가격	명성지역	명성등급	평판지역	평판등급	시간설정1	판매아이템2	아이템2수량	아이템2등급	아이템2가격	명성지역	명성등급	평판지역	평판등급	시간설정2	판매아이템3	아이템3수량	아이템3등급	아이템3가격	명성지역	명성등급	평판지역	평판등급	시간설정3	판매아이템4	아이템4수량	아이템4등급	아이템4가격	명성지역	명성등급	평판지역	평판등급	시간설정4	판매아이템5	아이템5수량	아이템5등급	아이템5가격	명성지역	명성등급	평판지역	평판등급	시간설정5	판매아이템6	아이템6수량	아이템6등급	아이템6가격	명성지역	명성등급	평판지역	평판등급	시간설정6	판매아이템7	아이템7수량	아이템7등급	아이템7가격	명성지역	명성등급	평판지역	평판등급	시간설정7	판매아이템8	아이템8수량	아이템8등급	아이템8가격	명성지역	명성등급	평판지역	평판등급	시간설정8	판매아이템9	아이템9수량	아이템9등급	아이템9가격	명성지역	명성등급	평판지역	평판등급	시간설정9	판매아이템10	아이템10수량	아이템10등급	아이템10가격	명성지역	명성등급	평판지역	평판등급	시간설정10	판매아이템11	아이템11수량	아이템11등급	아이템11가격	명성지역	명성등급	평판지역	평판등급	시간설정11	판매아이템12	아이템12수량	아이템12등급	아이템12가격	명성지역	명성등급	평판지역	평판등급	시간설정12	판매아이템13	아이템13수량	아이템13등급	아이템13가격	명성지역	명성등급	평판지역	평판등급	시간설정13	판매아이템14	아이템14수량	아이템14등급	아이템14가격	명성지역	명성등급	평판지역	평판등급	시간설정14	판매아이템15	아이템15수량	아이템15등급	아이템15가격	명성지역	명성등급	평판지역	평판등급	시간설정15	판매아이템16	아이템16수량	아이템16등급	아이템16가격	명성지역	명성등급	평판지역	평판등급	시간설정16	판매아이템17	아이템17수량	아이템17등급	아이템17가격	명성지역	명성등급	평판지역	평판등급	시간설정17	판매아이템18	아이템18수량	아이템18등급	아이템18가격	명성지역	명성등급	평판지역	평판등급	시간설정18	판매아이템19	아이템19수량	아이템19등급	아이템19가격	명성지역	명성등급	평판지역	평판등급	시간설정19	판매아이템20	아이템20수량	아이템20등급	아이템20가격	명성지역	명성등급	평판지역	평판등급	시간설정20	판매아이템21	아이템21수량	아이템21등급	아이템21가격	명성지역	명성등급	평판지역	평판등급	시간설정21	판매아이템22	아이템22수량	아이템22등급	아이템22가격	명성지역	명성등급	평판지역	평판등급	시간설정22	판매아이템23	아이템23수량	아이템23등급	아이템23가격	명성지역	명성등급	평판지역	평판등급	시간설정23	판매아이템24	아이템24수량	아이템24등급	아이템24가격	명성지역	명성등급	평판지역	평판등급	시간설정24	판매아이템25	아이템25수량	아이템25등급	아이템25가격	명성지역	명성등급	평판지역	평판등급	시간설정25	
	dwID	Name	Type	Currency	LottoRatio	iShopTab	wItemCode1	byItemNum1	IGType1	ItemCost1	FameArea1	FameRating1	ReputeArea1	ReputeRating1	TimeLimit1	wItemCode2	byItemNum2	IGType2	ItemCost2	FameArea2	FameRating2	ReputeArea2	ReputeRating2	TimeLimit2	wItemCode3	byItemNum3	IGType3	ItemCost3	FameArea3	FameRating3	ReputeArea3	ReputeRating3	TimeLimit3	wItemCode4	byItemNum4	IGType4	ItemCost4	FameArea4	FameRating4	ReputeArea4	ReputeRating4	TimeLimit4	wItemCode5	byItemNum5	IGType5	ItemCost5	FameArea5	FameRating5	ReputeArea5	ReputeRating5	TimeLimit5	wItemCode6	byItemNum6	IGType6	ItemCost6	FameArea6	FameRating6	ReputeArea6	ReputeRating6	TimeLimit6	wItemCode7	byItemNum7	IGType7	ItemCost7	FameArea7	FameRating7	ReputeArea7	ReputeRating7	TimeLimit7	wItemCode8	byItemNum8	IGType8	ItemCost8	FameArea8	FameRating8	ReputeArea8	ReputeRating8	TimeLimit8	wItemCode9	byItemNum9	IGType9	ItemCost9	FameArea9	FameRating9	ReputeArea9	ReputeRating9	TimeLimit9	wItemCode10	byItemNum10	IGType10	ItemCost10	FameArea10	FameRating10	ReputeArea10	ReputeRating10	TimeLimit10	wItemCode11	byItemNum11	IGType11	ItemCost11	FameArea11	FameRating11	ReputeArea11	ReputeRating11	TimeLimit11	wItemCode12	byItemNum12	IGType12	ItemCost12	FameArea12	FameRating12	ReputeArea12	ReputeRating12	TimeLimit12	wItemCode13	byItemNum13	IGType13	ItemCost13	FameArea13	FameRating13	ReputeArea13	ReputeRating13	TimeLimit13	wItemCode14	byItemNum14	IGType14	ItemCost14	FameArea14	FameRating14	ReputeArea14	ReputeRating14	TimeLimit14	wItemCode15	byItemNum15	IGType15	ItemCost15	FameArea15	FameRating15	ReputeArea15	ReputeRating15	TimeLimit15	wItemCode16	byItemNum16	IGType16	ItemCost16	FameArea16	FameRating16	ReputeArea16	ReputeRating16	TimeLimit16	wItemCode17	byItemNum17	IGType17	ItemCost17	FameArea17	FameRating17	ReputeArea17	ReputeRating17	TimeLimit17	wItemCode18	byItemNum18	IGType18	ItemCost18	FameArea18	FameRating18	ReputeArea18	ReputeRating18	TimeLimit18	wItemCode19	byItemNum19	IGType19	ItemCost19	FameArea19	FameRating19	ReputeArea19	ReputeRating19	TimeLimit19	wItemCode20	byItemNum20	IGType20	ItemCost20	FameArea20	FameRating20	ReputeArea20	ReputeRating20	TimeLimit20	wItemCode21	byItemNum21	IGType21	ItemCost21	FameArea21	FameRating21	ReputeArea21	ReputeRating21	TimeLimit21	wItemCode22	byItemNum22	IGType22	ItemCost22	FameArea22	FameRating22	ReputeArea22	ReputeRating22	TimeLimit22	wItemCode23	byItemNum23	IGType23	ItemCost23	FameArea23	FameRating23	ReputeArea23	ReputeRating23	TimeLimit23	wItemCode24	byItemNum24	IGType24	ItemCost24	FameArea24	FameRating24	ReputeArea24	ReputeRating24	TimeLimit24	wItemCode25	byItemNum25	IGType25	ItemCost25	FameArea25	FameRating25	ReputeArea25	ReputeRating25	TimeLimit25	FieldEnd
//	에소드상인																																																																																																																																																																																																																																							
	63863	버서커-루츠(에소드)	1	0	100	0	1	1	0	0	0	0	0	0	0	16	1	0	0	0	0	0	0	0	1001	1	0	0	0	0	0	0	0	1051	1	0	0	0	0	0	0	0	1101	1	0	0	0	0	0	0	0	1151	1	0	0	0	0	0	0	0	1201	1	0	0	0	0	0	0	0	1251	1	0	0	0	0	0	0	0	1301	1	0	0	0	0	0	0	0	1351	1	0	0	0	0	0	0	0	0	0	0	0	0	0	0	0	0	0	0	0	0	0	0	0	0	0	0	0	0	0	0	0	0	0	0	0	0	0	0	0	0	0	0	0	0	0	0	0	0	0	0	0	0	0	0	0	0	0	0	0	0	0	0	0	0	0	0	0	0	0	0	0	0	0	0	0	0	0	0	0	0	0	0	0	0	0	0	0	0	0	0	0	0	0	0	0	0	0	0	0	0	0	0	0	0	0	0	0	0	0	0	0	0	0	0	0	0	0	0	0	0	0	0	0	0	0	0	0	0	0	0	0	0	0	0	0	0	0	0	0	0	0	0	
	63864	드래곤-아비스(에소드)	1	0	100	0	31	1	0	0	0	0	0	0	0	46	1	0	0	0	0	0	0	0	1011	1	0	0	0	0	0	0	0	1061	1	0	0	0	0	0	0	0	1111	1	0	0	0	0	0	0	0	1161	1	0	0	0	0	0	0	0	1211	1	0	0	0	0	0	0	0	1261	1	0	0	0	0	0	0	0	1311	1	0	0	0	0	0	0	0	1361	1	0	0	0	0	0	0	0	0	0	0	0	0	0	0	0	0	0	0	0	0	0	0	0	0	0	0	0	0	0	0	0	0	0	0	0	0	0	0	0	0	0	0	0	0	0	0	0	0	0	0	0	0	0	0	0	0	0	0	0	0	0	0	0	0	0	0	0	0	0	0	0	0	0	0	0	0	0	0	0	0	0	0	0	0	0	0	0	0	0	0	0	0	0	0	0	0	0	0	0	0	0	0	0	0	0	0	0	0	0	0	0	0	0	0	0	0	0	0	0	0	0	0	0	0	0	0	0	0	0	0	0	0	0	0	0	0	0	0	0	0	0	0	
	63905	섀도우-데오도로(에소드)	1	0	100	0	61	1	0	0	0	0	0	0	0	76	1	0	0	0	0	0	0	0	1021	1	0	0	0	0	0	0	0	1071	1	0	0	0	0	0	0	0	1121	1	0	0	0	0	0	0	0	1171	1	0	0	0	0	0	0	0	1221	1	0	0	0	0	0	0	0	1271	1	0	0	0	0	0	0	0	1321	1	0	0	0	0	0	0	0	1371	1	0	0	0	0	0	0	0	0	0	0	0	0	0	0	0	0	0	0	0	0	0	0	0	0	0	0	0	0	0	0	0	0	0	0	0	0	0	0	0	0	0	0	0	0	0	0	0	0	0	0	0	0	0	0	0	0	0	0	0	0	0	0	0	0	0	0	0	0	0	0	0	0	0	0	0	0	0	0	0	0	0	0	0	0	0	0	0	0	0	0	0	0	0	0	0	0	0	0	0	0	0	0	0	0	0	0	0	0	0	0	0	0	0	0	0	0	0	0	0	0	0	0	0	0	0	0	0	0	0	0	0	0	0	0	0	0	0	0	0	0	0	0	
	63862	발키리-아나스(에소드)	1	0	100	0	91	1	0	0	0	0	0	0	0	106	1	0	0	0	0	0	0	0	1031	1	0	0	0	0	0	0	0	1081	1	0	0	0	0	0	0	0	1131	1	0	0	0	0	0	0	0	1181	1	0	0	0	0	0	0	0	1231	1	0	0	0	0	0	0	0	1281	1	0	0	0	0	0	0	0	1331	1	0	0	0	0	0	0	0	1381	1	0	0	0	0	0	0	0	0	0	0	0	0	0	0	0	0	0	0	0	0	0	0	0	0	0	0	0	0	0	0	0	0	0	0	0	0	0	0	0	0	0	0	0	0	0	0	0	0	0	0	0	0	0	0	0	0	0	0	0	0	0	0	0	0	0	0	0	0	0	0	0	0	0	0	0	0	0	0	0	0	0	0	0	0	0	0	0	0	0	0	0	0	0	0	0	0	0	0	0	0	0	0	0	0	0	0	0	0	0	0	0	0	0	0	0	0	0	0	0	0	0	0	0	0	0	0	0	0	0	0	0	0	0	0	0	0	0	0	0	0	0	0	
	63865	엘리-미스텔(에소드)	1	0	100	0	137	1	0	0	0	0	0	0	0	152	1	0	0	0	0	0	0	0	1041	1	0	0	0	0	0	0	0	1091	1	0	0	0	0	0	0	0	1141	1	0	0	0	0	0	0	0	1191	1	0	0	0	0	0	0	0	1241	1	0	0	0	0	0	0	0	1291	1	0	0	0	0	0	0	0	1341	1	0	0	0	0	0	0	0	1391	1	0	0	0	0	0	0	0	0	0	0	0	0	0	0	0	0	0	0	0	0	0	0	0	0	0	0	0	0	0	0	0	0	0	0	0	0	0	0	0	0	0	0	0	0	0	0	0	0	0	0	0	0	0	0	0	0	0	0	0	0	0	0	0	0	0	0	0	0	0	0	0	0	0	0	0	0	0	0	0	0	0	0	0	0	0	0	0	0	0	0	0	0	0	0	0	0	0	0	0	0	0	0	0	0	0	0	0	0	0	0	0	0	0	0	0	0	0	0	0	0	0	0	0	0	0	0	0	0	0	0	0	0	0	0	0	0	0	0	0	0	0	0	
	63878	미스틱-모리브(에소드)	1	0	100	0	176	1	0	0	0	0	0	0	0	191	1	0	0	0	0	0	0	0	1434	1	0	0	0	0	0	0	0	1444	1	0	0	0	0	0	0	0	1454	1	0	0	0	0	0	0	0	1464	1	0	0	0	0	0	0	0	1474	1	0	0	0	0	0	0	0	1484	1	0	0	0	0	0	0	0	1494	1	0	0	0	0	0	0	0	1504	1	0	0	0	0	0	0	0	0	0	0	0	0	0	0	0	0	0	0	0	0	0	0	0	0	0	0	0	0	0	0	0	0	0	0	0	0	0	0	0	0	0	0	0	0	0	0	0	0	0	0	0	0	0	0	0	0	0	0	0	0	0	0	0	0	0	0	0	0	0	0	0	0	0	0	0	0	0	0	0	0	0	0	0	0	0	0	0	0	0	0	0	0	0	0	0	0	0	0	0	0	0	0	0	0	0	0	0	0	0	0	0	0	0	0	0	0	0	0	0	0	0	0	0	0	0	0	0	0	0	0	0	0	0	0	0	0	0	0	0	0	0	0	
	63879	HER-K11(벨트헨)_본섭용	1	0	100	0	213	1	0	0	0	0	0	0	0	1515	1	0	0	0	0	0	0	0	1525	1	0	0	0	0	0	0	0	1535	1	0	0	0	0	0	0	0	1545	1	0	0	0	0	0	0	0	1555	1	0	0	0	0	0	0	0	1565	1	0	0	0	0	0	0	0	1575	1	0	0	0	0	0	0	0	1585	1	0	0	0	0	0	0	0	0	0	0	0	0	0	0	0	0	0	0	0	0	0	0	0	0	0	0	0	0	0	0	0	0	0	0	0	0	0	0	0	0	0	0	0	0	0	0	0	0	0	0	0	0	0	0	0	0	0	0	0	0	0	216	1	0	0	0	0	0	0	0	1516	1	0	0	0	0	0	0	0	1526	1	0	0	0	0	0	0	0	1536	1	0	0	0	0	0	0	0	1546	1	0	0	0	0	0	0	0	1556	1	0	0	0	0	0	0	0	1566	1	0	0	0	0	0	0	0	1576	1	0	0	0	0	0	0	0	1586	1	0	0	0	0	0	0	0	0	0	0	0	0	0	0	0	0	
	63866	우도(에소드)	1	0	100	0	4001	1	0	0	0	0	0	0	0	4002	1	0	0	0	0	0	0	0	6874	1	0	0	0	0	0	0	0	0	0	0	0	0	0	0	0	0	0	0	0	0	0	0	0	0	0	3301	1	0	0	0	0	0	0	0	4195	1	0	0	0	0	0	0	0	4196	1	0	0	0	0	0	0	0	4197	1	0	0	0	0	0	0	0	0	0	0	0	0	0	0	0	0	0	0	0	0	0	0	0	0	0	0	0	0	0	0	0	0	0	0	0	0	0	0	0	0	0	0	0	0	0	0	0	0	0	0	0	0	0	0	0	0	0	0	0	0	0	0	0	0	0	0	0	0	0	0	0	0	0	0	0	0	0	0	0	0	0	0	0	0	0	0	0	0	0	0	0	0	0	0	0	0	0	0	0	0	0	0	0	0	0	0	0	0	0	0	0	0	0	0	0	0	0	0	0	0	0	0	0	0	0	0	0	0	0	0	0	0	0	0	0	0	0	0	0	0	0	0	0	0	0	0	0	0	0	0	0	
	62314	위블상인_에소드_본섭용	1	0	100	0	229	1	0	0	0	0	0	0	0	1594	1	0	0	0	0	0	0	0	1604	1	0	0	0	0	0	0	0	1614	1	0	0	0	0	0	0	0	1624	1	0	0	0	0	0	0	0	1634	1	0	0	0	0	0	0	0	1644	1	0	0	0	0	0	0	0	1654	1	0	0	0	0	0	0	0	1664	1	0	0	0	0	0	0	0	0	0	0	0	0	0	0	0	0	0	0	0	0	0	0	0	0	0	0	0	0	0	0	0	0	0	0	0	0	0	0	0	0	0	0	0	0	0	0	0	0	0	0	0	0	0	0	0	0	0	0	0	0	0	230	1	0	0	0	0	0	0	0	1595	1	0	0	0	0	0	0	0	1605	1	0	0	0	0	0	0	0	1615	1	0	0	0	0	0	0	0	1625	1	0	0	0	0	0	0	0	1635	1	0	0	0	0	0	0	0	1645	1	0	0	0	0	0	0	0	1655	1	0	0	0	0	0	0	0	1665	1	0	0	0	0	0	0	0	0	0	0	0	0	0	0	0	0	
//	벨트헨상인										0	0	0	0	0					0	0	0	0	0					0	0	0	0	0					0	0	0	0	0					0	0	0	0	0					0	0	0	0	0					0	0	0	0	0					0	0	0	0	0					0	0	0	0	0					0	0	0	0	0					0	0	0	0	0					0	0	0	0	0					0	0	0	0	0					0	0	0	0	0					0	0	0	0	0					0	0	0	0	0					0	0	0	0	0					0	0	0	0	0					0	0	0	0	0					0	0	0	0	0					0	0	0	0	0					0	0	0	0	0					0	0	0	0	0					0	0	0	0	0					0	0	0	0	0	
	62154	버서커-루츠(벨트헨)_본섭용	1	0	100	0	2	1	0	0	0	0	0	0	0	17	1	0	0	0	0	0	0	0	1002	1	0	0	0	0	0	0	0	1052	1	0	0	0	0	0	0	0	1102	1	0	0	0	0	0	0	0	1152	1	0	0	0	0	0	0	0	1202	1	0	0	0	0	0	0	0	1252	1	0	0	0	0	0	0	0	1302	1	0	0	0	0	0	0	0	1352	1	0	0	0	0	0	0	0	0	0	0	0	0	0	0	0	0	0	0	0	0	0	0	0	0	0	0	0	0	0	0	0	0	0	0	0	0	0	0	0	0	0	0	0	0	0	0	0	0	0	0	0	0	0	0	0	0	0	0	0	0	0	0	0	0	0	0	0	0	0	0	0	0	0	0	0	0	0	0	0	0	0	0	0	0	0	0	0	0	0	0	0	0	0	0	0	0	0	0	0	0	0	0	0	0	0	0	0	0	0	0	0	0	0	0	0	0	0	0	0	0	0	0	0	0	0	0	0	0	0	0	0	0	0	0	0	0	0	0	0	0	0	0	
	62155	드래곤-아비스(벨트헨)_본섭용	1	0	100	0	32	1	0	0	0	0	0	0	0	47	1	0	0	0	0	0	0	0	1012	1	0	0	0	0	0	0	0	1062	1	0	0	0	0	0	0	0	1112	1	0	0	0	0	0	0	0	1162	1	0	0	0	0	0	0	0	1212	1	0	0	0	0	0	0	0	1262	1	0	0	0	0	0	0	0	1312	1	0	0	0	0	0	0	0	1362	1	0	0	0	0	0	0	0	0	0	0	0	0	0	0	0	0	0	0	0	0	0	0	0	0	0	0	0	0	0	0	0	0	0	0	0	0	0	0	0	0	0	0	0	0	0	0	0	0	0	0	0	0	0	0	0	0	0	0	0	0	0	0	0	0	0	0	0	0	0	0	0	0	0	0	0	0	0	0	0	0	0	0	0	0	0	0	0	0	0	0	0	0	0	0	0	0	0	0	0	0	0	0	0	0	0	0	0	0	0	0	0	0	0	0	0	0	0	0	0	0	0	0	0	0	0	0	0	0	0	0	0	0	0	0	0	0	0	0	0	0	0	0	
	62196	섀도우-디브딘(벨트헨)_본섭용	1	0	100	0	62	1	0	0	0	0	0	0	0	77	1	0	0	0	0	0	0	0	1022	1	0	0	0	0	0	0	0	1072	1	0	0	0	0	0	0	0	1122	1	0	0	0	0	0	0	0	1172	1	0	0	0	0	0	0	0	1222	1	0	0	0	0	0	0	0	1272	1	0	0	0	0	0	0	0	1322	1	0	0	0	0	0	0	0	1372	1	0	0	0	0	0	0	0	0	0	0	0	0	0	0	0	0	0	0	0	0	0	0	0	0	0	0	0	0	0	0	0	0	0	0	0	0	0	0	0	0	0	0	0	0	0	0	0	0	0	0	0	0	0	0	0	0	0	0	0	0	0	0	0	0	0	0	0	0	0	0	0	0	0	0	0	0	0	0	0	0	0	0	0	0	0	0	0	0	0	0	0	0	0	0	0	0	0	0	0	0	0	0	0	0	0	0	0	0	0	0	0	0	0	0	0	0	0	0	0	0	0	0	0	0	0	0	0	0	0	0	0	0	0	0	0	0	0	0	0	0	0	0	
	62152	발키리-아나스(벨트헨)_본섭용	1	0	100	0	92	1	0	0	0	0	0	0	0	107	1	0	0	0	0	0	0	0	1032	1	0	0	0	0	0	0	0	1082	1	0	0	0	0	0	0	0	1132	1	0	0	0	0	0	0	0	1182	1	0	0	0	0	0	0	0	1232	1	0	0	0	0	0	0	0	1282	1	0	0	0	0	0	0	0	1332	1	0	0	0	0	0	0	0	1382	1	0	0	0	0	0	0	0	0	0	0	0	0	0	0	0	0	0	0	0	0	0	0	0	0	0	0	0	0	0	0	0	0	0	0	0	0	0	0	0	0	0	0	0	0	0	0	0	0	0	0	0	0	0	0	0	0	0	0	0	0	0	0	0	0	0	0	0	0	0	0	0	0	0	0	0	0	0	0	0	0	0	0	0	0	0	0	0	0	0	0	0	0	0	0	0	0	0	0	0	0	0	0	0	0	0	0	0	0	0	0	0	0	0	0	0	0	0	0	0	0	0	0	0	0	0	0	0	0	0	0	0	0	0	0	0	0	0	0	0	0	0	0	
	62156	엘리-미스텔(벨트헨)_본섭용	1	0	100	0	138	1	0	0	0	0	0	0	0	153	1	0	0	0	0	0	0	0	1042	1	0	0	0	0	0	0	0	1092	1	0	0	0	0	0	0	0	1142	1	0	0	0	0	0	0	0	1192	1	0	0	0	0	0	0	0	1242	1	0	0	0	0	0	0	0	1292	1	0	0	0	0	0	0	0	1342	1	0	0	0	0	0	0	0	1392	1	0	0	0	0	0	0	0	0	0	0	0	0	0	0	0	0	0	0	0	0	0	0	0	0	0	0	0	0	0	0	0	0	0	0	0	0	0	0	0	0	0	0	0	0	0	0	0	0	0	0	0	0	0	0	0	0	0	0	0	0	0	0	0	0	0	0	0	0	0	0	0	0	0	0	0	0	0	0	0	0	0	0	0	0	0	0	0	0	0	0	0	0	0	0	0	0	0	0	0	0	0	0	0	0	0	0	0	0	0	0	0	0	0	0	0	0	0	0	0	0	0	0	0	0	0	0	0	0	0	0	0	0	0	0	0	0	0	0	0	0	0	0	
	64087	미스틱-프리아(벨트헨)_본섭용	1	0	100	0	176	1	0	0	0	0	0	0	0	191	1	0	0	0	0	0	0	0	1436	1	0	0	0	0	0	0	0	1446	1	0	0	0	0	0	0	0	1456	1	0	0	0	0	0	0	0	1466	1	0	0	0	0	0	0	0	1476	1	0	0	0	0	0	0	0	1486	1	0	0	0	0	0	0	0	1496	1	0	0	0	0	0	0	0	1506	1	0	0	0	0	0	0	0	0	0	0	0	0	0	0	0	0	0	0	0	0	0	0	0	0	0	0	0	0	0	0	0	0	0	0	0	0	0	0	0	0	0	0	0	0	0	0	0	0	0	0	0	0	0	0	0	0	0	0	0	0	0	0	0	0	0	0	0	0	0	0	0	0	0	0	0	0	0	0	0	0	0	0	0	0	0	0	0	0	0	0	0	0	0	0	0	0	0	0	0	0	0	0	0	0	0	0	0	0	0	0	0	0	0	0	0	0	0	0	0	0	0	0	0	0	0	0	0	0	0	0	0	0	0	0	0	0	0	0	0	0	0	0	
	64186	HER-K11(벨트헨)_본섭용	1	0	100	0	214	1	0	0	0	0	0	0	0	1515	1	0	0	0	0	0	0	0	1525	1	0	0	0	0	0	0	0	1535	1	0	0	0	0	0	0	0	1545	1	0	0	0	0	0	0	0	1555	1	0	0	0	0	0	0	0	1565	1	0	0	0	0	0	0	0	1575	1	0	0	0	0	0	0	0	1585	1	0	0	0	0	0	0	0	0	0	0	0	0	0	0	0	0	0	0	0	0	0	0	0	0	0	0	0	0	0	0	0	0	0	0	0	0	0	0	0	0	0	0	0	0	0	0	0	0	0	0	0	0	0	0	0	0	0	0	0	0	0	215	1	0	0	0	0	0	0	0	1516	1	0	0	0	0	0	0	0	1526	1	0	0	0	0	0	0	0	1536	1	0	0	0	0	0	0	0	1546	1	0	0	0	0	0	0	0	1556	1	0	0	0	0	0	0	0	1566	1	0	0	0	0	0	0	0	1576	1	0	0	0	0	0	0	0	1586	1	0	0	0	0	0	0	0	0	0	0	0	0	0	0	0	0	
	62174	버서커-리제(벨트헨)_본섭용	1	0	100	0	3	1	0	0	0	0	0	0	0	18	1	0	0	0	0	0	0	0	1003	1	0	0	0	0	0	0	0	1053	1	0	0	0	0	0	0	0	1103	1	0	0	0	0	0	0	0	1153	1	0	0	0	0	0	0	0	1203	1	0	0	0	0	0	0	0	1253	1	0	0	0	0	0	0	0	1303	1	0	0	0	0	0	0	0	1353	1	0	0	0	0	0	0	0	0	0	0	0	0	0	0	0	0	0	0	0	0	0	0	0	0	0	0	0	0	0	0	0	0	0	0	0	0	0	0	0	0	0	0	0	0	0	0	0	0	0	0	0	0	0	0	0	0	0	0	0	0	0	0	0	0	0	0	0	0	0	0	0	0	0	0	0	0	0	0	0	0	0	0	0	0	0	0	0	0	0	0	0	0	0	0	0	0	0	0	0	0	0	0	0	0	0	0	0	0	0	0	0	0	0	0	0	0	0	0	0	0	0	0	0	0	0	0	0	0	0	0	0	0	0	0	0	0	0	0	0	0	0	0	
	62171	드래곤-코르닉스(벨트헨)_본섭용	1	0	100	0	33	1	0	0	0	0	0	0	0	48	1	0	0	0	0	0	0	0	1013	1	0	0	0	0	0	0	0	1063	1	0	0	0	0	0	0	0	1113	1	0	0	0	0	0	0	0	1163	1	0	0	0	0	0	0	0	1213	1	0	0	0	0	0	0	0	1263	1	0	0	0	0	0	0	0	1313	1	0	0	0	0	0	0	0	1363	1	0	0	0	0	0	0	0	0	0	0	0	0	0	0	0	0	0	0	0	0	0	0	0	0	0	0	0	0	0	0	0	0	0	0	0	0	0	0	0	0	0	0	0	0	0	0	0	0	0	0	0	0	0	0	0	0	0	0	0	0	0	0	0	0	0	0	0	0	0	0	0	0	0	0	0	0	0	0	0	0	0	0	0	0	0	0	0	0	0	0	0	0	0	0	0	0	0	0	0	0	0	0	0	0	0	0	0	0	0	0	0	0	0	0	0	0	0	0	0	0	0	0	0	0	0	0	0	0	0	0	0	0	0	0	0	0	0	0	0	0	0	0	
	62197	섀도우-아르노트(벨트헨)_본섭용	1	0	100	0	63	1	0	0	0	0	0	0	0	78	1	0	0	0	0	0	0	0	1023	1	0	0	0	0	0	0	0	1073	1	0	0	0	0	0	0	0	1123	1	0	0	0	0	0	0	0	1173	1	0	0	0	0	0	0	0	1223	1	0	0	0	0	0	0	0	1273	1	0	0	0	0	0	0	0	1323	1	0	0	0	0	0	0	0	1373	1	0	0	0	0	0	0	0	0	0	0	0	0	0	0	0	0	0	0	0	0	0	0	0	0	0	0	0	0	0	0	0	0	0	0	0	0	0	0	0	0	0	0	0	0	0	0	0	0	0	0	0	0	0	0	0	0	0	0	0	0	0	0	0	0	0	0	0	0	0	0	0	0	0	0	0	0	0	0	0	0	0	0	0	0	0	0	0	0	0	0	0	0	0	0	0	0	0	0	0	0	0	0	0	0	0	0	0	0	0	0	0	0	0	0	0	0	0	0	0	0	0	0	0	0	0	0	0	0	0	0	0	0	0	0	0	0	0	0	0	0	0	0	
	62173	발키리-페니체(벨트헨)_본섭용	1	0	100	0	93	1	0	0	0	0	0	0	0	108	1	0	0	0	0	0	0	0	1033	1	0	0	0	0	0	0	0	1083	1	0	0	0	0	0	0	0	1133	1	0	0	0	0	0	0	0	1183	1	0	0	0	0	0	0	0	1233	1	0	0	0	0	0	0	0	1283	1	0	0	0	0	0	0	0	1333	1	0	0	0	0	0	0	0	1383	1	0	0	0	0	0	0	0	0	0	0	0	0	0	0	0	0	0	0	0	0	0	0	0	0	0	0	0	0	0	0	0	0	0	0	0	0	0	0	0	0	0	0	0	0	0	0	0	0	0	0	0	0	0	0	0	0	0	0	0	0	0	0	0	0	0	0	0	0	0	0	0	0	0	0	0	0	0	0	0	0	0	0	0	0	0	0	0	0	0	0	0	0	0	0	0	0	0	0	0	0	0	0	0	0	0	0	0	0	0	0	0	0	0	0	0	0	0	0	0	0	0	0	0	0	0	0	0	0	0	0	0	0	0	0	0	0	0	0	0	0	0	0	
	62172	엘리-세르(벨트헨)_본섭용	1	0	100	0	139	1	0	0	0	0	0	0	0	154	1	0	0	0	0	0	0	0	1043	1	0	0	0	0	0	0	0	1093	1	0	0	0	0	0	0	0	1143	1	0	0	0	0	0	0	0	1193	1	0	0	0	0	0	0	0	1243	1	0	0	0	0	0	0	0	1293	1	0	0	0	0	0	0	0	1343	1	0	0	0	0	0	0	0	1393	1	0	0	0	0	0	0	0	0	0	0	0	0	0	0	0	0	0	0	0	0	0	0	0	0	0	0	0	0	0	0	0	0	0	0	0	0	0	0	0	0	0	0	0	0	0	0	0	0	0	0	0	0	0	0	0	0	0	0	0	0	0	0	0	0	0	0	0	0	0	0	0	0	0	0	0	0	0	0	0	0	0	0	0	0	0	0	0	0	0	0	0	0	0	0	0	0	0	0	0	0	0	0	0	0	0	0	0	0	0	0	0	0	0	0	0	0	0	0	0	0	0	0	0	0	0	0	0	0	0	0	0	0	0	0	0	0	0	0	0	0	0	0	
	64088	미스틱-안젤(벨트헨)_본섭용	1	0	100	0	177	1	0	0	0	0	0	0	0	192	1	0	0	0	0	0	0	0	1437	1	0	0	0	0	0	0	0	1447	1	0	0	0	0	0	0	0	1457	1	0	0	0	0	0	0	0	1467	1	0	0	0	0	0	0	0	1477	1	0	0	0	0	0	0	0	1487	1	0	0	0	0	0	0	0	1497	1	0	0	0	0	0	0	0	1507	1	0	0	0	0	0	0	0	0	0	0	0	0	0	0	0	0	0	0	0	0	0	0	0	0	0	0	0	0	0	0	0	0	0	0	0	0	0	0	0	0	0	0	0	0	0	0	0	0	0	0	0	0	0	0	0	0	0	0	0	0	0	0	0	0	0	0	0	0	0	0	0	0	0	0	0	0	0	0	0	0	0	0	0	0	0	0	0	0	0	0	0	0	0	0	0	0	0	0	0	0	0	0	0	0	0	0	0	0	0	0	0	0	0	0	0	0	0	0	0	0	0	0	0	0	0	0	0	0	0	0	0	0	0	0	0	0	0	0	0	0	0	0	
	62307	위블상인_벨트헨_본섭용	1	0	100	0	229	1	0	0	0	0	0	0	0	1594	1	0	0	0	0	0	0	0	1604	1	0	0	0	0	0	0	0	1614	1	0	0	0	0	0	0	0	1624	1	0	0	0	0	0	0	0	1634	1	0	0	0	0	0	0	0	1644	1	0	0	0	0	0	0	0	1654	1	0	0	0	0	0	0	0	1664	1	0	0	0	0	0	0	0	0	0	0	0	0	0	0	0	0	0	0	0	0	0	0	0	0	0	0	0	0	0	0	0	0	0	0	0	0	0	0	0	0	0	0	0	0	0	0	0	0	0	0	0	0	0	0	0	0	0	0	0	0	0	230	1	0	0	0	0	0	0	0	1595	1	0	0	0	0	0	0	0	1605	1	0	0	0	0	0	0	0	1615	1	0	0	0	0	0	0	0	1625	1	0	0	0	0	0	0	0	1635	1	0	0	0	0	0	0	0	1645	1	0	0	0	0	0	0	0	1655	1	0	0	0	0	0	0	0	1665	1	0	0	0	0	0	0	0	0	0	0	0	0	0	0	0	0	
	62157	잡화-우도(벨트헨)_본섭용	1	0	100	0	4001	1	0	0	0	0	0	0	0	4002	1	0	0	0	0	0	0	0	6874	1	0	0	0	0	0	0	0	7241	1	0	0	0	0	0	0	0	0	0	0	0	0	0	0	0	0	3301	1	0	0	0	0	0	0	0	4195	1	0	0	0	0	0	0	0	4196	1	0	0	0	0	0	0	0	4197	1	0	0	0	0	0	0	0	0	0	0	0	0	0	0	0	0	0	0	0	0	0	0	0	0	0	0	0	0	0	0	0	0	0	0	0	0	0	0	0	0	0	0	0	0	0	0	0	0	0	0	0	0	0	0	0	0	0	0	0	0	0	0	0	0	0	0	0	0	0	0	0	0	0	0	0	0	0	0	0	0	0	0	0	0	0	0	0	0	0	0	0	0	0	0	0	0	0	0	0	0	0	0	0	0	0	0	0	0	0	0	0	0	0	0	0	0	0	0	0	0	0	0	0	0	0	0	0	0	0	0	0	0	0	0	0	0	0	0	0	0	0	0	0	0	0	0	0	0	0	0	0	
	62170	잡화-지볼트(벨트헨)_본섭용	1	0	100	0	4001	1	0	0	0	0	0	0	0	4002	1	0	0	0	0	0	0	0	6874	1	0	0	0	0	0	0	0	0	0	0	0	0	0	0	0	0	0	0	0	0	0	0	0	0	0	3301	1	0	0	0	0	0	0	0	4195	1	0	0	0	0	0	0	0	4196	1	0	0	0	0	0	0	0	4197	1	0	0	0	0	0	0	0	0	0	0	0	0	0	0	0	0	0	0	0	0	0	0	0	0	0	0	0	0	0	0	0	0	0	0	0	0	0	0	0	0	0	0	0	0	0	0	0	0	0	0	0	0	0	0	0	0	0	0	0	0	0	0	0	0	0	0	0	0	0	0	0	0	0	0	0	0	0	0	0	0	0	0	0	0	0	0	0	0	0	0	0	0	0	0	0	0	0	0	0	0	0	0	0	0	0	0	0	0	0	0	0	0	0	0	0	0	0	0	0	0	0	0	0	0	0	0	0	0	0	0	0	0	0	0	0	0	0	0	0	0	0	0	0	0	0	0	0	0	0	0	0	
	65424	비밀요원나리샤(랜덤)_비밀상점_벨트헨	1	0	0	0	48501	1	0	0	0	0	0	0	0	0	0	0	0	0	0	0	0	0	0	0	0	0	0	0	0	0	0	0	0	0	0	0	0	0	0	0	0	0	0	0	0	0	0	0	0	0	0	0	0	0	0	0	0	0	0	0	0	0	0	0	0	0	0	0	0	0	0	0	0	0	0	0	0	0	0	0	0	0	0	0	0	0	0	0	0	0	0	0	0	0	0	0	0	0	0	0	0	0	0	0	0	0	0	0	0	0	0	0	0	0	0	0	0	0	0	0	0	0	0	0	0	0	0	0	0	0	0	0	0	0	0	0	0	0	0	0	0	0	0	0	0	0	0	0	0	0	0	0	0	0	0	0	0	0	0	0	0	0	0	0	0	0	0	0	0	0	0	0	0	0	0	0	0	0	0	0	0	0	0	0	0	0	0	0	0	0	0	0	0	0	0	0	0	0	0	0	0	0	0	0	0	0	0	0	0	0	0	0	0	0	0	0	0	0	0	0	0	0	0	0	0	0	0	0	0	
	64677	최상급쟈드교환원_벨트헨_본섭용	2	49158	0	0	8801	1	0	1	0	0	0	0	0	8802	1	0	1	0	0	0	0	0	8803	1	0	1	0	0	0	0	0	8804	1	0	1	0	0	0	0	0	8805	1	0	1	0	0	0	0	0	8806	1	0	1	0	0	0	0	0	8807	1	0	1	0	0	0	0	0	8808	1	0	1	0	0	0	0	0	8809	1	0	1	0	0	0	0	0	8810	1	0	1	0	0	0	0	0	8811	1	0	1	0	0	0	0	0	8813	1	0	1	0	0	0	0	0	8814	1	0	1	0	0	0	0	0	8815	1	0	1	0	0	0	0	0	8816	1	0	1	0	0	0	0	0	8817	1	0	1	0	0	0	0	0	8818	1	0	1	0	0	0	0	0	8819	1	0	1	0	0	0	0	0	8820	1	0	1	0	0	0	0	0	8821	1	0	1	0	0	0	0	0	0	0	0	0	0	0	0	0	0	0	0	0	0	0	0	0	0	0	0	0	0	0	0	0	0	0	0	0	0	0	0	0	0	0	0	0	0	0	0	0	0	0	0	0	0	
	64678	상급쟈드교환원_벨트헨_본섭용	2	49159	0	0	8601	1	0	1	0	0	0	0	0	8602	1	0	1	0	0	0	0	0	8603	1	0	1	0	0	0	0	0	8604	1	0	1	0	0	0	0	0	8605	1	0	1	0	0	0	0	0	8606	1	0	1	0	0	0	0	0	8607	1	0	1	0	0	0	0	0	8608	1	0	1	0	0	0	0	0	8609	1	0	1	0	0	0	0	0	8610	1	0	1	0	0	0	0	0	8611	1	0	1	0	0	0	0	0	8613	1	0	1	0	0	0	0	0	8614	1	0	1	0	0	0	0	0	8615	1	0	1	0	0	0	0	0	8616	1	0	1	0	0	0	0	0	8617	1	0	1	0	0	0	0	0	8618	1	0	1	0	0	0	0	0	8619	1	0	1	0	0	0	0	0	8620	1	0	1	0	0	0	0	0	8621	1	0	1	0	0	0	0	0	0	0	0	0	0	0	0	0	0	0	0	0	0	0	0	0	0	0	0	0	0	0	0	0	0	0	0	0	0	0	0	0	0	0	0	0	0	0	0	0	0	0	0	0	0	
	64679	중급쟈드교환원_벨트헨_본섭용	2	49160	0	0	8401	1	0	1	0	0	0	0	0	8402	1	0	1	0	0	0	0	0	8403	1	0	1	0	0	0	0	0	8404	1	0	1	0	0	0	0	0	8405	1	0	1	0	0	0	0	0	8406	1	0	1	0	0	0	0	0	8407	1	0	1	0	0	0	0	0	8408	1	0	1	0	0	0	0	0	8409	1	0	1	0	0	0	0	0	8410	1	0	1	0	0	0	0	0	8411	1	0	1	0	0	0	0	0	8413	1	0	1	0	0	0	0	0	8414	1	0	1	0	0	0	0	0	8415	1	0	1	0	0	0	0	0	8416	1	0	1	0	0	0	0	0	8417	1	0	1	0	0	0	0	0	8418	1	0	1	0	0	0	0	0	8419	1	0	1	0	0	0	0	0	8420	1	0	1	0	0	0	0	0	8421	1	0	1	0	0	0	0	0	0	0	0	0	0	0	0	0	0	0	0	0	0	0	0	0	0	0	0	0	0	0	0	0	0	0	0	0	0	0	0	0	0	0	0	0	0	0	0	0	0	0	0	0	0	
	64680	하급쟈드교환원_벨트헨_본섭용	2	49161	0	0	8201	1	0	1	0	0	0	0	0	8202	1	0	1	0	0	0	0	0	8203	1	0	1	0	0	0	0	0	8204	1	0	1	0	0	0	0	0	8205	1	0	1	0	0	0	0	0	8206	1	0	1	0	0	0	0	0	8207	1	0	1	0	0	0	0	0	8208	1	0	1	0	0	0	0	0	8209	1	0	1	0	0	0	0	0	8210	1	0	1	0	0	0	0	0	8211	1	0	1	0	0	0	0	0	8213	1	0	1	0	0	0	0	0	8214	1	0	1	0	0	0	0	0	8215	1	0	1	0	0	0	0	0	8216	1	0	1	0	0	0	0	0	8217	1	0	1	0	0	0	0	0	8218	1	0	1	0	0	0	0	0	8219	1	0	1	0	0	0	0	0	8220	1	0	1	0	0	0	0	0	8221	1	0	1	0	0	0	0	0	0	0	0	0	0	0	0	0	0	0	0	0	0	0	0	0	0	0	0	0	0	0	0	0	0	0	0	0	0	0	0	0	0	0	0	0	0	0	0	0	0	0	0	0	0	
	64685	접속포인트교환원_크로노스_벨트헨	3	0	0	0	4198	1	0	1	0	0	0	0	0	7245	1	0	1	0	0	0	0	0	7249	1	0	1	0	0	0	0	0	7246	1	0	3	0	0	0	0	0	7250	1	0	3	0	0	0	0	0	3305	1	0	1	0	0	0	0	0	6955	1	0	190	0	0	0	0	0	7294	1	0	2	0	0	0	0	0	41085	1	0	1	0	0	0	0	0	4132	1	0	2	0	0	0	0	0	65022	3	0	1	0	0	0	0	0	55006	1	0	100	0	0	0	0	0	0	0	0	0	0	0	0	0	0	0	0	0	0	0	0	0	0	0	0	0	0	0	0	0	0	0	0	0	0	0	0	0	0	0	0	0	0	0	0	0	0	0	0	0	0	0	0	0	0	0	0	0	0	0	0	0	0	0	0	0	0	0	0	0	0	0	0	0	0	0	0	0	0	0	0	0	0	0	0	0	0	0	0	0	0	0	0	0	0	0	0	0	0	0	0	0	0	0	0	0	0	0	0	0	0	0	0	0	0	0	0	0	0	0	0	0	0	
	64689	암흑엘리트교환원_의문의남자D	2	49171	0	0	51036	1	0	1	0	0	0	0	0	51037	1	0	1	0	0	0	0	0	51038	1	0	1	0	0	0	0	0	51039	1	0	1	0	0	0	0	0	51040	1	0	1	0	0	0	0	0	51041	1	0	1	0	0	0	0	0	51042	1	0	1	0	0	0	0	0	51043	1	0	1	0	0	0	0	0	0	0	0	0	0	0	0	0	0	0	0	0	0	0	0	0	0	0	0	0	0	0	0	0	0	0	0	0	0	0	0	0	0	0	0	0	0	0	0	0	0	0	0	0	0	0	0	0	0	0	0	0	0	0	0	0	0	0	0	0	0	0	0	51044	1	0	1	0	0	0	0	0	51045	1	0	1	0	0	0	0	0	51046	1	0	1	0	0	0	0	0	51047	1	0	1	0	0	0	0	0	51048	1	0	1	0	0	0	0	0	51049	1	0	1	0	0	0	0	0	51050	1	0	1	0	0	0	0	0	51051	1	0	1	0	0	0	0	0	0	0	0	0	0	0	0	0	0	0	0	0	0	0	0	0	0	0	
	64689	암흑엘리트교환원_의문의남자D	2	49171	0	1	51068	1	0	1	0	0	0	0	0	51069	1	0	1	0	0	0	0	0	51070	1	0	1	0	0	0	0	0	51071	1	0	1	0	0	0	0	0	51072	1	0	1	0	0	0	0	0	51073	1	0	1	0	0	0	0	0	51074	1	0	1	0	0	0	0	0	51075	1	0	1	0	0	0	0	0	0	0	0	0	0	0	0	0	0	0	0	0	0	0	0	0	0	0	0	0	0	0	0	0	0	0	0	0	0	0	0	0	0	0	0	0	0	0	0	0	0	0	0	0	0	0	0	0	0	0	0	0	0	0	0	0	0	0	0	0	0	0	0	51060	1	0	1	0	0	0	0	0	51061	1	0	1	0	0	0	0	0	51062	1	0	1	0	0	0	0	0	51063	1	0	1	0	0	0	0	0	51064	1	0	1	0	0	0	0	0	51065	1	0	1	0	0	0	0	0	51066	1	0	1	0	0	0	0	0	51067	1	0	1	0	0	0	0	0	0	0	0	0	0	0	0	0	0	0	0	0	0	0	0	0	0	0	
	64689	암흑엘리트교환원_의문의남자D	2	49171	0	2	51052	1	0	1	0	0	0	0	0	51053	1	0	1	0	0	0	0	0	51054	1	0	1	0	0	0	0	0	51055	1	0	1	0	0	0	0	0	51056	1	0	1	0	0	0	0	0	51057	1	0	1	0	0	0	0	0	51058	1	0	1	0	0	0	0	0	51059	1	0	1	0	0	0	0	0	0	0	0	0	0	0	0	0	0	0	0	0	0	0	0	0	0	0	0	0	0	0	0	0	0	0	0	0	0	0	0	0	0	0	0	0	0	0	0	0	0	0	0	0	0	0	0	0	0	0	0	0	0	0	0	0	0	0	0	0	0	0	0	0	0	0	0	0	0	0	0	0	0	0	0	0	0	0	0	0	0	0	0	0	0	0	0	0	0	0	0	0	0	0	0	0	0	0	0	0	0	0	0	0	0	0	0	0	0	0	0	0	0	0	0	0	0	0	0	0	0	0	0	0	0	0	0	0	0	0	0	0	0	0	0	0	0	0	0	0	0	0	0	0	0	0	0	0	0	0	0	0	0	
	64690	엘리트무기교환원_수수께끼의여자L	2	49172	0	0	50000	1	0	1	0	0	0	0	0	50001	1	0	1	0	0	0	0	0	0	0	0	0	0	0	0	0	0	0	0	0	0	0	0	0	0	0	0	0	0	0	0	0	0	0	0	50002	1	0	1	0	0	0	0	0	50003	1	0	1	0	0	0	0	0	0	0	0	0	0	0	0	0	0	0	0	0	0	0	0	0	0	0	0	0	0	0	0	0	0	0	0	50008	1	0	1	0	0	0	0	0	50009	1	0	1	0	0	0	0	0	0	0	0	0	0	0	0	0	0	0	0	0	0	0	0	0	0	0	0	0	0	0	0	0	0	0	0	50004	1	0	1	0	0	0	0	0	50005	1	0	1	0	0	0	0	0	0	0	0	0	0	0	0	0	0	0	0	0	0	0	0	0	0	0	0	0	0	0	0	0	0	0	0	50006	1	0	1	0	0	0	0	0	50007	1	0	1	0	0	0	0	0	0	0	0	0	0	0	0	0	0	0	0	0	0	0	0	0	0	0	0	0	0	0	0	0	0	0	0	
	64692	날개교환원_레오나라이트_벨트헨	2	49162	0	0	3152	1	0	1	0	0	0	0	0	3153	1	0	1	0	0	0	0	0	3156	1	0	1	0	0	0	0	0	3155	1	0	1	0	0	0	0	0	3154	1	0	1	0	0	0	0	0	3234	1	0	1	0	0	0	0	0	3473	1	0	1	0	0	0	0	0	3805	1	0	1	0	0	0	0	0	0	0	0	0	0	0	0	0	0	0	0	0	0	0	0	0	0	0	0	0	0	0	0	0	0	0	0	0	0	0	0	0	0	0	0	0	0	0	0	0	0	0	0	0	0	0	0	0	0	0	0	0	0	0	0	0	0	0	0	0	0	0	0	0	0	0	0	0	0	0	0	0	0	0	0	0	0	0	0	0	0	0	0	0	0	0	0	0	0	0	0	0	0	0	0	0	0	0	0	0	0	0	0	0	0	0	0	0	0	0	0	0	0	0	0	0	0	0	0	0	0	0	0	0	0	0	0	0	0	0	0	0	0	0	0	0	0	0	0	0	0	0	0	0	0	0	0	0	0	0	0	0	0	
	64695	엘리트무기교환원_의문의남자R	2	49173	0	0	50010	1	0	1	0	0	0	0	0	50011	1	0	1	0	0	0	0	0	0	0	0	0	0	0	0	0	0	0	0	0	0	0	0	0	0	0	0	0	0	0	0	0	0	0	0	50012	1	0	1	0	0	0	0	0	50013	1	0	1	0	0	0	0	0	0	0	0	0	0	0	0	0	0	0	0	0	0	0	0	0	0	0	0	0	0	0	0	0	0	0	0	50018	1	0	1	0	0	0	0	0	50019	1	0	1	0	0	0	0	0	0	0	0	0	0	0	0	0	0	0	0	0	0	0	0	0	0	0	0	0	0	0	0	0	0	0	0	50014	1	0	1	0	0	0	0	0	50015	1	0	1	0	0	0	0	0	0	0	0	0	0	0	0	0	0	0	0	0	0	0	0	0	0	0	0	0	0	0	0	0	0	0	0	50016	1	0	1	0	0	0	0	0	50017	1	0	1	0	0	0	0	0	0	0	0	0	0	0	0	0	0	0	0	0	0	0	0	0	0	0	0	0	0	0	0	0	0	0	0	
//	트링겔상인										0	0	0	0	0					0	0	0	0	0					0	0	0	0	0					0	0	0	0	0					0	0	0	0	0					0	0	0	0	0					0	0	0	0	0					0	0	0	0	0					0	0	0	0	0					0	0	0	0	0					0	0	0	0	0					0	0	0	0	0					0	0	0	0	0					0	0	0	0	0					0	0	0	0	0					0	0	0	0	0					0	0	0	0	0					0	0	0	0	0					0	0	0	0	0					0	0	0	0	0					0	0	0	0	0					0	0	0	0	0					0	0	0	0	0					0	0	0	0	0					0	0	0	0	0	
	62004	버서커-노멀(트링겔)_본섭용	1	0	100	0	4	1	0	0	0	0	0	0	0	19	1	0	0	0	0	0	0	0	1004	1	0	0	0	0	0	0	0	1054	1	0	0	0	0	0	0	0	1104	1	0	0	0	0	0	0	0	1154	1	0	0	0	0	0	0	0	1204	1	0	0	0	0	0	0	0	1254	1	0	0	0	0	0	0	0	1304	1	0	0	0	0	0	0	0	1354	1	0	0	0	0	0	0	0	0	0	0	0	0	0	0	0	0	0	0	0	0	0	0	0	0	0	0	0	0	0	0	0	0	0	0	0	0	0	0	0	0	0	0	0	0	0	0	0	0	0	0	0	0	0	0	0	0	0	0	0	0	0	0	0	0	0	0	0	0	0	0	0	0	0	0	0	0	0	0	0	0	0	0	0	0	0	0	0	0	0	0	0	0	0	0	0	0	0	0	0	0	0	0	0	0	0	0	0	0	0	0	0	0	0	0	0	0	0	0	0	0	0	0	0	0	0	0	0	0	0	0	0	0	0	0	0	0	0	0	0	0	0	0	
	62005	드래곤-파브카(트링겔)_본섭용	1	0	100	0	34	1	0	0	0	0	0	0	0	49	1	0	0	0	0	0	0	0	1014	1	0	0	0	0	0	0	0	1064	1	0	0	0	0	0	0	0	1114	1	0	0	0	0	0	0	0	1164	1	0	0	0	0	0	0	0	1214	1	0	0	0	0	0	0	0	1264	1	0	0	0	0	0	0	0	1314	1	0	0	0	0	0	0	0	1364	1	0	0	0	0	0	0	0	0	0	0	0	0	0	0	0	0	0	0	0	0	0	0	0	0	0	0	0	0	0	0	0	0	0	0	0	0	0	0	0	0	0	0	0	0	0	0	0	0	0	0	0	0	0	0	0	0	0	0	0	0	0	0	0	0	0	0	0	0	0	0	0	0	0	0	0	0	0	0	0	0	0	0	0	0	0	0	0	0	0	0	0	0	0	0	0	0	0	0	0	0	0	0	0	0	0	0	0	0	0	0	0	0	0	0	0	0	0	0	0	0	0	0	0	0	0	0	0	0	0	0	0	0	0	0	0	0	0	0	0	0	0	0	
	62050	섀도우-고다드(트링겔)_본섭용	1	0	100	0	64	1	0	0	0	0	0	0	0	79	1	0	0	0	0	0	0	0	1024	1	0	0	0	0	0	0	0	1074	1	0	0	0	0	0	0	0	1124	1	0	0	0	0	0	0	0	1174	1	0	0	0	0	0	0	0	1224	1	0	0	0	0	0	0	0	1274	1	0	0	0	0	0	0	0	1324	1	0	0	0	0	0	0	0	1374	1	0	0	0	0	0	0	0	0	0	0	0	0	0	0	0	0	0	0	0	0	0	0	0	0	0	0	0	0	0	0	0	0	0	0	0	0	0	0	0	0	0	0	0	0	0	0	0	0	0	0	0	0	0	0	0	0	0	0	0	0	0	0	0	0	0	0	0	0	0	0	0	0	0	0	0	0	0	0	0	0	0	0	0	0	0	0	0	0	0	0	0	0	0	0	0	0	0	0	0	0	0	0	0	0	0	0	0	0	0	0	0	0	0	0	0	0	0	0	0	0	0	0	0	0	0	0	0	0	0	0	0	0	0	0	0	0	0	0	0	0	0	0	
	62002	발키리-이멜다(트링겔)_본섭용	1	0	100	0	94	1	0	0	0	0	0	0	0	109	1	0	0	0	0	0	0	0	1034	1	0	0	0	0	0	0	0	1084	1	0	0	0	0	0	0	0	1134	1	0	0	0	0	0	0	0	1184	1	0	0	0	0	0	0	0	1234	1	0	0	0	0	0	0	0	1284	1	0	0	0	0	0	0	0	1334	1	0	0	0	0	0	0	0	1384	1	0	0	0	0	0	0	0	0	0	0	0	0	0	0	0	0	0	0	0	0	0	0	0	0	0	0	0	0	0	0	0	0	0	0	0	0	0	0	0	0	0	0	0	0	0	0	0	0	0	0	0	0	0	0	0	0	0	0	0	0	0	0	0	0	0	0	0	0	0	0	0	0	0	0	0	0	0	0	0	0	0	0	0	0	0	0	0	0	0	0	0	0	0	0	0	0	0	0	0	0	0	0	0	0	0	0	0	0	0	0	0	0	0	0	0	0	0	0	0	0	0	0	0	0	0	0	0	0	0	0	0	0	0	0	0	0	0	0	0	0	0	0	
	62006	엘리-워터레인(트링겔)_본섭용	1	0	100	0	140	1	0	0	0	0	0	0	0	155	1	0	0	0	0	0	0	0	1044	1	0	0	0	0	0	0	0	1094	1	0	0	0	0	0	0	0	1144	1	0	0	0	0	0	0	0	1194	1	0	0	0	0	0	0	0	1244	1	0	0	0	0	0	0	0	1294	1	0	0	0	0	0	0	0	1344	1	0	0	0	0	0	0	0	1394	1	0	0	0	0	0	0	0	0	0	0	0	0	0	0	0	0	0	0	0	0	0	0	0	0	0	0	0	0	0	0	0	0	0	0	0	0	0	0	0	0	0	0	0	0	0	0	0	0	0	0	0	0	0	0	0	0	0	0	0	0	0	0	0	0	0	0	0	0	0	0	0	0	0	0	0	0	0	0	0	0	0	0	0	0	0	0	0	0	0	0	0	0	0	0	0	0	0	0	0	0	0	0	0	0	0	0	0	0	0	0	0	0	0	0	0	0	0	0	0	0	0	0	0	0	0	0	0	0	0	0	0	0	0	0	0	0	0	0	0	0	0	0	
	64085	미스틱-모리브(트링겔)_본섭용	1	0	100	0	178	1	0	0	0	0	0	0	0	193	1	0	0	0	0	0	0	0	1434	1	0	0	0	0	0	0	0	1444	1	0	0	0	0	0	0	0	1454	1	0	0	0	0	0	0	0	1464	1	0	0	0	0	0	0	0	1474	1	0	0	0	0	0	0	0	1484	1	0	0	0	0	0	0	0	1494	1	0	0	0	0	0	0	0	1504	1	0	0	0	0	0	0	0	0	0	0	0	0	0	0	0	0	0	0	0	0	0	0	0	0	0	0	0	0	0	0	0	0	0	0	0	0	0	0	0	0	0	0	0	0	0	0	0	0	0	0	0	0	0	0	0	0	0	0	0	0	0	0	0	0	0	0	0	0	0	0	0	0	0	0	0	0	0	0	0	0	0	0	0	0	0	0	0	0	0	0	0	0	0	0	0	0	0	0	0	0	0	0	0	0	0	0	0	0	0	0	0	0	0	0	0	0	0	0	0	0	0	0	0	0	0	0	0	0	0	0	0	0	0	0	0	0	0	0	0	0	0	0	
	64185	HER-M16(트링겔)_본섭용	1	0	100	0	216	1	0	0	0	0	0	0	0	1513	1	0	0	0	0	0	0	0	1523	1	0	0	0	0	0	0	0	1533	1	0	0	0	0	0	0	0	1543	1	0	0	0	0	0	0	0	1553	1	0	0	0	0	0	0	0	1563	1	0	0	0	0	0	0	0	1573	1	0	0	0	0	0	0	0	1583	1	0	0	0	0	0	0	0	0	0	0	0	0	0	0	0	0	0	0	0	0	0	0	0	0	0	0	0	0	0	0	0	0	0	0	0	0	0	0	0	0	0	0	0	0	0	0	0	0	0	0	0	0	0	0	0	0	0	0	0	0	0	217	1	0	0	0	0	0	0	0	1514	1	0	0	0	0	0	0	0	1524	1	0	0	0	0	0	0	0	1534	1	0	0	0	0	0	0	0	1544	1	0	0	0	0	0	0	0	1554	1	0	0	0	0	0	0	0	1564	1	0	0	0	0	0	0	0	1574	1	0	0	0	0	0	0	0	1584	1	0	0	0	0	0	0	0	0	0	0	0	0	0	0	0	0	
	62026	버서커-하르테(트링겔)_본섭용	1	0	100	0	5	1	0	0	0	0	0	0	0	20	1	0	0	0	0	0	0	0	1005	1	0	0	0	0	0	0	0	1055	1	0	0	0	0	0	0	0	1105	1	0	0	0	0	0	0	0	1155	1	0	0	0	0	0	0	0	1205	1	0	0	0	0	0	0	0	1255	1	0	0	0	0	0	0	0	1305	1	0	0	0	0	0	0	0	1355	1	0	0	0	0	0	0	0	0	0	0	0	0	0	0	0	0	0	0	0	0	0	0	0	0	0	0	0	0	0	0	0	0	0	0	0	0	0	0	0	0	0	0	0	0	0	0	0	0	0	0	0	0	0	0	0	0	0	0	0	0	0	0	0	0	0	0	0	0	0	0	0	0	0	0	0	0	0	0	0	0	0	0	0	0	0	0	0	0	0	0	0	0	0	0	0	0	0	0	0	0	0	0	0	0	0	0	0	0	0	0	0	0	0	0	0	0	0	0	0	0	0	0	0	0	0	0	0	0	0	0	0	0	0	0	0	0	0	0	0	0	0	0	
	62023	드래곤-드레이언(트링겔)_본섭용	1	0	100	0	35	1	0	0	0	0	0	0	0	50	1	0	0	0	0	0	0	0	1015	1	0	0	0	0	0	0	0	1065	1	0	0	0	0	0	0	0	1115	1	0	0	0	0	0	0	0	1165	1	0	0	0	0	0	0	0	1215	1	0	0	0	0	0	0	0	1265	1	0	0	0	0	0	0	0	1315	1	0	0	0	0	0	0	0	1365	1	0	0	0	0	0	0	0	0	0	0	0	0	0	0	0	0	0	0	0	0	0	0	0	0	0	0	0	0	0	0	0	0	0	0	0	0	0	0	0	0	0	0	0	0	0	0	0	0	0	0	0	0	0	0	0	0	0	0	0	0	0	0	0	0	0	0	0	0	0	0	0	0	0	0	0	0	0	0	0	0	0	0	0	0	0	0	0	0	0	0	0	0	0	0	0	0	0	0	0	0	0	0	0	0	0	0	0	0	0	0	0	0	0	0	0	0	0	0	0	0	0	0	0	0	0	0	0	0	0	0	0	0	0	0	0	0	0	0	0	0	0	0	
	62117	섀도우-도허티(트링겔)_본섭용	1	0	100	0	65	1	0	0	0	0	0	0	0	80	1	0	0	0	0	0	0	0	1025	1	0	0	0	0	0	0	0	1075	1	0	0	0	0	0	0	0	1125	1	0	0	0	0	0	0	0	1175	1	0	0	0	0	0	0	0	1225	1	0	0	0	0	0	0	0	1275	1	0	0	0	0	0	0	0	1325	1	0	0	0	0	0	0	0	1375	1	0	0	0	0	0	0	0	0	0	0	0	0	0	0	0	0	0	0	0	0	0	0	0	0	0	0	0	0	0	0	0	0	0	0	0	0	0	0	0	0	0	0	0	0	0	0	0	0	0	0	0	0	0	0	0	0	0	0	0	0	0	0	0	0	0	0	0	0	0	0	0	0	0	0	0	0	0	0	0	0	0	0	0	0	0	0	0	0	0	0	0	0	0	0	0	0	0	0	0	0	0	0	0	0	0	0	0	0	0	0	0	0	0	0	0	0	0	0	0	0	0	0	0	0	0	0	0	0	0	0	0	0	0	0	0	0	0	0	0	0	0	0	
	62025	발키리-클레이(트링겔)_본섭용	1	0	100	0	95	1	0	0	0	0	0	0	0	110	1	0	0	0	0	0	0	0	1035	1	0	0	0	0	0	0	0	1085	1	0	0	0	0	0	0	0	1135	1	0	0	0	0	0	0	0	1185	1	0	0	0	0	0	0	0	1235	1	0	0	0	0	0	0	0	1285	1	0	0	0	0	0	0	0	1335	1	0	0	0	0	0	0	0	1385	1	0	0	0	0	0	0	0	0	0	0	0	0	0	0	0	0	0	0	0	0	0	0	0	0	0	0	0	0	0	0	0	0	0	0	0	0	0	0	0	0	0	0	0	0	0	0	0	0	0	0	0	0	0	0	0	0	0	0	0	0	0	0	0	0	0	0	0	0	0	0	0	0	0	0	0	0	0	0	0	0	0	0	0	0	0	0	0	0	0	0	0	0	0	0	0	0	0	0	0	0	0	0	0	0	0	0	0	0	0	0	0	0	0	0	0	0	0	0	0	0	0	0	0	0	0	0	0	0	0	0	0	0	0	0	0	0	0	0	0	0	0	0	
	62024	엘리-미노(트링겔)_본섭용	1	0	100	0	141	1	0	0	0	0	0	0	0	156	1	0	0	0	0	0	0	0	1045	1	0	0	0	0	0	0	0	1095	1	0	0	0	0	0	0	0	1145	1	0	0	0	0	0	0	0	1195	1	0	0	0	0	0	0	0	1245	1	0	0	0	0	0	0	0	1295	1	0	0	0	0	0	0	0	1345	1	0	0	0	0	0	0	0	1395	1	0	0	0	0	0	0	0	0	0	0	0	0	0	0	0	0	0	0	0	0	0	0	0	0	0	0	0	0	0	0	0	0	0	0	0	0	0	0	0	0	0	0	0	0	0	0	0	0	0	0	0	0	0	0	0	0	0	0	0	0	0	0	0	0	0	0	0	0	0	0	0	0	0	0	0	0	0	0	0	0	0	0	0	0	0	0	0	0	0	0	0	0	0	0	0	0	0	0	0	0	0	0	0	0	0	0	0	0	0	0	0	0	0	0	0	0	0	0	0	0	0	0	0	0	0	0	0	0	0	0	0	0	0	0	0	0	0	0	0	0	0	0	
	64086	미스틱-마일리(트링겔)_본섭용	1	0	100	0	179	1	0	0	0	0	0	0	0	194	1	0	0	0	0	0	0	0	1435	1	0	0	0	0	0	0	0	1445	1	0	0	0	0	0	0	0	1455	1	0	0	0	0	0	0	0	1465	1	0	0	0	0	0	0	0	1475	1	0	0	0	0	0	0	0	1485	1	0	0	0	0	0	0	0	1495	1	0	0	0	0	0	0	0	1505	1	0	0	0	0	0	0	0	0	0	0	0	0	0	0	0	0	0	0	0	0	0	0	0	0	0	0	0	0	0	0	0	0	0	0	0	0	0	0	0	0	0	0	0	0	0	0	0	0	0	0	0	0	0	0	0	0	0	0	0	0	0	0	0	0	0	0	0	0	0	0	0	0	0	0	0	0	0	0	0	0	0	0	0	0	0	0	0	0	0	0	0	0	0	0	0	0	0	0	0	0	0	0	0	0	0	0	0	0	0	0	0	0	0	0	0	0	0	0	0	0	0	0	0	0	0	0	0	0	0	0	0	0	0	0	0	0	0	0	0	0	0	0	
	62308	위블상인_트링겔_본섭용	1	0	100	0	231	1	0	0	0	0	0	0	0	1596	1	0	0	0	0	0	0	0	1606	1	0	0	0	0	0	0	0	1616	1	0	0	0	0	0	0	0	1626	1	0	0	0	0	0	0	0	1636	1	0	0	0	0	0	0	0	1646	1	0	0	0	0	0	0	0	1656	1	0	0	0	0	0	0	0	1666	1	0	0	0	0	0	0	0	0	0	0	0	0	0	0	0	0	0	0	0	0	0	0	0	0	0	0	0	0	0	0	0	0	0	0	0	0	0	0	0	0	0	0	0	0	0	0	0	0	0	0	0	0	0	0	0	0	0	0	0	0	0	232	1	0	0	0	0	0	0	0	1597	1	0	0	0	0	0	0	0	1607	1	0	0	0	0	0	0	0	1617	1	0	0	0	0	0	0	0	1627	1	0	0	0	0	0	0	0	1637	1	0	0	0	0	0	0	0	1647	1	0	0	0	0	0	0	0	1657	1	0	0	0	0	0	0	0	1667	1	0	0	0	0	0	0	0	0	0	0	0	0	0	0	0	0	
	62007	잡화-드웨인(트링겔)_본섭용	1	0	100	0	4001	1	0	0	0	0	0	0	0	4002	1	0	0	0	0	0	0	0	6874	1	0	0	0	0	0	0	0	7241	1	0	0	0	0	0	0	0	0	0	0	0	0	0	0	0	0	3301	1	0	0	0	0	0	0	0	4195	1	0	0	0	0	0	0	0	4196	1	0	0	0	0	0	0	0	4197	1	0	0	0	0	0	0	0	0	0	0	0	0	0	0	0	0	0	0	0	0	0	0	0	0	0	0	0	0	0	0	0	0	0	0	0	0	0	0	0	0	0	0	0	0	0	0	0	0	0	0	0	0	0	0	0	0	0	0	0	0	0	0	0	0	0	0	0	0	0	0	0	0	0	0	0	0	0	0	0	0	0	0	0	0	0	0	0	0	0	0	0	0	0	0	0	0	0	0	0	0	0	0	0	0	0	0	0	0	0	0	0	0	0	0	0	0	0	0	0	0	0	0	0	0	0	0	0	0	0	0	0	0	0	0	0	0	0	0	0	0	0	0	0	0	0	0	0	0	0	0	0	
	62022	잡화-라만(트링겔)_본섭용	1	0	100	0	4001	1	0	0	0	0	0	0	0	4002	1	0	0	0	0	0	0	0	6874	1	0	0	0	0	0	0	0	7241	1	0	0	0	0	0	0	0	0	0	0	0	0	0	0	0	0	3301	1	0	0	0	0	0	0	0	4195	1	0	0	0	0	0	0	0	4196	1	0	0	0	0	0	0	0	4197	1	0	0	0	0	0	0	0	0	0	0	0	0	0	0	0	0	0	0	0	0	0	0	0	0	0	0	0	0	0	0	0	0	0	0	0	0	0	0	0	0	0	0	0	0	0	0	0	0	0	0	0	0	0	0	0	0	0	0	0	0	0	0	0	0	0	0	0	0	0	0	0	0	0	0	0	0	0	0	0	0	0	0	0	0	0	0	0	0	0	0	0	0	0	0	0	0	0	0	0	0	0	0	0	0	0	0	0	0	0	0	0	0	0	0	0	0	0	0	0	0	0	0	0	0	0	0	0	0	0	0	0	0	0	0	0	0	0	0	0	0	0	0	0	0	0	0	0	0	0	0	0	
	65423	비밀요원미셸(랜덤)_비밀상점_트링겔	1	0	0	0	48501	1	0	0	0	0	0	0	0	0	0	0	0	0	0	0	0	0	0	0	0	0	0	0	0	0	0	0	0	0	0	0	0	0	0	0	0	0	0	0	0	0	0	0	0	0	0	0	0	0	0	0	0	0	0	0	0	0	0	0	0	0	0	0	0	0	0	0	0	0	0	0	0	0	0	0	0	0	0	0	0	0	0	0	0	0	0	0	0	0	0	0	0	0	0	0	0	0	0	0	0	0	0	0	0	0	0	0	0	0	0	0	0	0	0	0	0	0	0	0	0	0	0	0	0	0	0	0	0	0	0	0	0	0	0	0	0	0	0	0	0	0	0	0	0	0	0	0	0	0	0	0	0	0	0	0	0	0	0	0	0	0	0	0	0	0	0	0	0	0	0	0	0	0	0	0	0	0	0	0	0	0	0	0	0	0	0	0	0	0	0	0	0	0	0	0	0	0	0	0	0	0	0	0	0	0	0	0	0	0	0	0	0	0	0	0	0	0	0	0	0	0	0	0	0	
//	에텔레인상인										0	0	0	0	0					0	0	0	0	0					0	0	0	0	0					0	0	0	0	0					0	0	0	0	0					0	0	0	0	0					0	0	0	0	0					0	0	0	0	0					0	0	0	0	0					0	0	0	0	0					0	0	0	0	0					0	0	0	0	0					0	0	0	0	0					0	0	0	0	0					0	0	0	0	0					0	0	0	0	0					0	0	0	0	0					0	0	0	0	0					0	0	0	0	0					0	0	0	0	0					0	0	0	0	0					0	0	0	0	0					0	0	0	0	0					0	0	0	0	0					0	0	0	0	0	
	62051	버서커-니힐(에텔레인)_본섭용	1	0	100	0	6	1	0	0	0	0	0	0	0	21	1	0	0	0	0	0	0	0	1006	1	0	0	0	0	0	0	0	1056	1	0	0	0	0	0	0	0	1106	1	0	0	0	0	0	0	0	1156	1	0	0	0	0	0	0	0	1206	1	0	0	0	0	0	0	0	1256	1	0	0	0	0	0	0	0	1306	1	0	0	0	0	0	0	0	1356	1	0	0	0	0	0	0	0	0	0	0	0	0	0	0	0	0	0	0	0	0	0	0	0	0	0	0	0	0	0	0	0	0	0	0	0	0	0	0	0	0	0	0	0	0	0	0	0	0	0	0	0	0	0	0	0	0	0	0	0	0	0	0	0	0	0	0	0	0	0	0	0	0	0	0	0	0	0	0	0	0	0	0	0	0	0	0	0	0	0	0	0	0	0	0	0	0	0	0	0	0	0	0	0	0	0	0	0	0	0	0	0	0	0	0	0	0	0	0	0	0	0	0	0	0	0	0	0	0	0	0	0	0	0	0	0	0	0	0	0	0	0	0	
	62054	드래곤-나훔(에텔레인)_본섭용	1	0	100	0	36	1	0	0	0	0	0	0	0	51	1	0	0	0	0	0	0	0	1016	1	0	0	0	0	0	0	0	1066	1	0	0	0	0	0	0	0	1116	1	0	0	0	0	0	0	0	1166	1	0	0	0	0	0	0	0	1216	1	0	0	0	0	0	0	0	1266	1	0	0	0	0	0	0	0	1316	1	0	0	0	0	0	0	0	1366	1	0	0	0	0	0	0	0	0	0	0	0	0	0	0	0	0	0	0	0	0	0	0	0	0	0	0	0	0	0	0	0	0	0	0	0	0	0	0	0	0	0	0	0	0	0	0	0	0	0	0	0	0	0	0	0	0	0	0	0	0	0	0	0	0	0	0	0	0	0	0	0	0	0	0	0	0	0	0	0	0	0	0	0	0	0	0	0	0	0	0	0	0	0	0	0	0	0	0	0	0	0	0	0	0	0	0	0	0	0	0	0	0	0	0	0	0	0	0	0	0	0	0	0	0	0	0	0	0	0	0	0	0	0	0	0	0	0	0	0	0	0	0	
	62118	섀도우-프랜시스(에텔레인)_본섭용	1	0	100	0	66	1	0	0	0	0	0	0	0	81	1	0	0	0	0	0	0	0	1026	1	0	0	0	0	0	0	0	1076	1	0	0	0	0	0	0	0	1126	1	0	0	0	0	0	0	0	1176	1	0	0	0	0	0	0	0	1226	1	0	0	0	0	0	0	0	1276	1	0	0	0	0	0	0	0	1326	1	0	0	0	0	0	0	0	1376	1	0	0	0	0	0	0	0	0	0	0	0	0	0	0	0	0	0	0	0	0	0	0	0	0	0	0	0	0	0	0	0	0	0	0	0	0	0	0	0	0	0	0	0	0	0	0	0	0	0	0	0	0	0	0	0	0	0	0	0	0	0	0	0	0	0	0	0	0	0	0	0	0	0	0	0	0	0	0	0	0	0	0	0	0	0	0	0	0	0	0	0	0	0	0	0	0	0	0	0	0	0	0	0	0	0	0	0	0	0	0	0	0	0	0	0	0	0	0	0	0	0	0	0	0	0	0	0	0	0	0	0	0	0	0	0	0	0	0	0	0	0	0	
	62057	발키리-라비나(에텔레인)_본섭용	1	0	100	0	96	1	0	0	0	0	0	0	0	111	1	0	0	0	0	0	0	0	1036	1	0	0	0	0	0	0	0	1086	1	0	0	0	0	0	0	0	1136	1	0	0	0	0	0	0	0	1186	1	0	0	0	0	0	0	0	1236	1	0	0	0	0	0	0	0	1286	1	0	0	0	0	0	0	0	1336	1	0	0	0	0	0	0	0	1386	1	0	0	0	0	0	0	0	0	0	0	0	0	0	0	0	0	0	0	0	0	0	0	0	0	0	0	0	0	0	0	0	0	0	0	0	0	0	0	0	0	0	0	0	0	0	0	0	0	0	0	0	0	0	0	0	0	0	0	0	0	0	0	0	0	0	0	0	0	0	0	0	0	0	0	0	0	0	0	0	0	0	0	0	0	0	0	0	0	0	0	0	0	0	0	0	0	0	0	0	0	0	0	0	0	0	0	0	0	0	0	0	0	0	0	0	0	0	0	0	0	0	0	0	0	0	0	0	0	0	0	0	0	0	0	0	0	0	0	0	0	0	0	
	62060	엘리-베스티아(에텔레인)_본섭용	1	0	100	0	142	1	0	0	0	0	0	0	0	157	1	0	0	0	0	0	0	0	1046	1	0	0	0	0	0	0	0	1096	1	0	0	0	0	0	0	0	1146	1	0	0	0	0	0	0	0	1196	1	0	0	0	0	0	0	0	1246	1	0	0	0	0	0	0	0	1296	1	0	0	0	0	0	0	0	1346	1	0	0	0	0	0	0	0	1396	1	0	0	0	0	0	0	0	0	0	0	0	0	0	0	0	0	0	0	0	0	0	0	0	0	0	0	0	0	0	0	0	0	0	0	0	0	0	0	0	0	0	0	0	0	0	0	0	0	0	0	0	0	0	0	0	0	0	0	0	0	0	0	0	0	0	0	0	0	0	0	0	0	0	0	0	0	0	0	0	0	0	0	0	0	0	0	0	0	0	0	0	0	0	0	0	0	0	0	0	0	0	0	0	0	0	0	0	0	0	0	0	0	0	0	0	0	0	0	0	0	0	0	0	0	0	0	0	0	0	0	0	0	0	0	0	0	0	0	0	0	0	0	
	64089	미스틱-브루나(에텔레인)_본섭용	1	0	100	0	180	1	0	0	0	0	0	0	0	195	1	0	0	0	0	0	0	0	1438	1	0	0	0	0	0	0	0	1448	1	0	0	0	0	0	0	0	1458	1	0	0	0	0	0	0	0	1468	1	0	0	0	0	0	0	0	1478	1	0	0	0	0	0	0	0	1488	1	0	0	0	0	0	0	0	1498	1	0	0	0	0	0	0	0	1508	1	0	0	0	0	0	0	0	0	0	0	0	0	0	0	0	0	0	0	0	0	0	0	0	0	0	0	0	0	0	0	0	0	0	0	0	0	0	0	0	0	0	0	0	0	0	0	0	0	0	0	0	0	0	0	0	0	0	0	0	0	0	0	0	0	0	0	0	0	0	0	0	0	0	0	0	0	0	0	0	0	0	0	0	0	0	0	0	0	0	0	0	0	0	0	0	0	0	0	0	0	0	0	0	0	0	0	0	0	0	0	0	0	0	0	0	0	0	0	0	0	0	0	0	0	0	0	0	0	0	0	0	0	0	0	0	0	0	0	0	0	0	0	
	64187	HER-AK47(에텔레인)_본섭용	1	0	100	0	218	1	0	0	0	0	0	0	0	1517	1	0	0	0	0	0	0	0	1527	1	0	0	0	0	0	0	0	1537	1	0	0	0	0	0	0	0	1547	1	0	0	0	0	0	0	0	1557	1	0	0	0	0	0	0	0	1567	1	0	0	0	0	0	0	0	1577	1	0	0	0	0	0	0	0	1587	1	0	0	0	0	0	0	0	0	0	0	0	0	0	0	0	0	0	0	0	0	0	0	0	0	0	0	0	0	0	0	0	0	0	0	0	0	0	0	0	0	0	0	0	0	0	0	0	0	0	0	0	0	0	0	0	0	0	0	0	0	0	219	1	0	0	0	0	0	0	0	1518	1	0	0	0	0	0	0	0	1528	1	0	0	0	0	0	0	0	1538	1	0	0	0	0	0	0	0	1548	1	0	0	0	0	0	0	0	1558	1	0	0	0	0	0	0	0	1568	1	0	0	0	0	0	0	0	1578	1	0	0	0	0	0	0	0	1588	1	0	0	0	0	0	0	0	0	0	0	0	0	0	0	0	0	
	62052	버서커-오터(에텔레인)_본섭용	1	0	100	0	7	1	0	0	0	0	0	0	0	22	1	0	0	0	0	0	0	0	1007	1	0	0	0	0	0	0	0	1057	1	0	0	0	0	0	0	0	1107	1	0	0	0	0	0	0	0	1157	1	0	0	0	0	0	0	0	1207	1	0	0	0	0	0	0	0	1257	1	0	0	0	0	0	0	0	1307	1	0	0	0	0	0	0	0	1357	1	0	0	0	0	0	0	0	0	0	0	0	0	0	0	0	0	0	0	0	0	0	0	0	0	0	0	0	0	0	0	0	0	0	0	0	0	0	0	0	0	0	0	0	0	0	0	0	0	0	0	0	0	0	0	0	0	0	0	0	0	0	0	0	0	0	0	0	0	0	0	0	0	0	0	0	0	0	0	0	0	0	0	0	0	0	0	0	0	0	0	0	0	0	0	0	0	0	0	0	0	0	0	0	0	0	0	0	0	0	0	0	0	0	0	0	0	0	0	0	0	0	0	0	0	0	0	0	0	0	0	0	0	0	0	0	0	0	0	0	0	0	0	
	62055	드래곤-오비스(에텔레인)_본섭용	1	0	100	0	37	1	0	0	0	0	0	0	0	52	1	0	0	0	0	0	0	0	1017	1	0	0	0	0	0	0	0	1067	1	0	0	0	0	0	0	0	1117	1	0	0	0	0	0	0	0	1167	1	0	0	0	0	0	0	0	1217	1	0	0	0	0	0	0	0	1267	1	0	0	0	0	0	0	0	1317	1	0	0	0	0	0	0	0	1367	1	0	0	0	0	0	0	0	0	0	0	0	0	0	0	0	0	0	0	0	0	0	0	0	0	0	0	0	0	0	0	0	0	0	0	0	0	0	0	0	0	0	0	0	0	0	0	0	0	0	0	0	0	0	0	0	0	0	0	0	0	0	0	0	0	0	0	0	0	0	0	0	0	0	0	0	0	0	0	0	0	0	0	0	0	0	0	0	0	0	0	0	0	0	0	0	0	0	0	0	0	0	0	0	0	0	0	0	0	0	0	0	0	0	0	0	0	0	0	0	0	0	0	0	0	0	0	0	0	0	0	0	0	0	0	0	0	0	0	0	0	0	0	
	62119	섀도우-베르나르(에텔레인)_본섭용	1	0	100	0	67	1	0	0	0	0	0	0	0	82	1	0	0	0	0	0	0	0	1027	1	0	0	0	0	0	0	0	1077	1	0	0	0	0	0	0	0	1127	1	0	0	0	0	0	0	0	1177	1	0	0	0	0	0	0	0	1227	1	0	0	0	0	0	0	0	1277	1	0	0	0	0	0	0	0	1327	1	0	0	0	0	0	0	0	1377	1	0	0	0	0	0	0	0	0	0	0	0	0	0	0	0	0	0	0	0	0	0	0	0	0	0	0	0	0	0	0	0	0	0	0	0	0	0	0	0	0	0	0	0	0	0	0	0	0	0	0	0	0	0	0	0	0	0	0	0	0	0	0	0	0	0	0	0	0	0	0	0	0	0	0	0	0	0	0	0	0	0	0	0	0	0	0	0	0	0	0	0	0	0	0	0	0	0	0	0	0	0	0	0	0	0	0	0	0	0	0	0	0	0	0	0	0	0	0	0	0	0	0	0	0	0	0	0	0	0	0	0	0	0	0	0	0	0	0	0	0	0	0	
	62058	발키리-안나(에텔레인)_본섭용	1	0	100	0	97	1	0	0	0	0	0	0	0	112	1	0	0	0	0	0	0	0	1037	1	0	0	0	0	0	0	0	1087	1	0	0	0	0	0	0	0	1137	1	0	0	0	0	0	0	0	1187	1	0	0	0	0	0	0	0	1237	1	0	0	0	0	0	0	0	1287	1	0	0	0	0	0	0	0	1337	1	0	0	0	0	0	0	0	1387	1	0	0	0	0	0	0	0	0	0	0	0	0	0	0	0	0	0	0	0	0	0	0	0	0	0	0	0	0	0	0	0	0	0	0	0	0	0	0	0	0	0	0	0	0	0	0	0	0	0	0	0	0	0	0	0	0	0	0	0	0	0	0	0	0	0	0	0	0	0	0	0	0	0	0	0	0	0	0	0	0	0	0	0	0	0	0	0	0	0	0	0	0	0	0	0	0	0	0	0	0	0	0	0	0	0	0	0	0	0	0	0	0	0	0	0	0	0	0	0	0	0	0	0	0	0	0	0	0	0	0	0	0	0	0	0	0	0	0	0	0	0	0	
	62061	엘리-아리에스(에텔레인)_본섭용	1	0	100	0	143	1	0	0	0	0	0	0	0	158	1	0	0	0	0	0	0	0	1047	1	0	0	0	0	0	0	0	1097	1	0	0	0	0	0	0	0	1147	1	0	0	0	0	0	0	0	1197	1	0	0	0	0	0	0	0	1247	1	0	0	0	0	0	0	0	1297	1	0	0	0	0	0	0	0	1347	1	0	0	0	0	0	0	0	1397	1	0	0	0	0	0	0	0	0	0	0	0	0	0	0	0	0	0	0	0	0	0	0	0	0	0	0	0	0	0	0	0	0	0	0	0	0	0	0	0	0	0	0	0	0	0	0	0	0	0	0	0	0	0	0	0	0	0	0	0	0	0	0	0	0	0	0	0	0	0	0	0	0	0	0	0	0	0	0	0	0	0	0	0	0	0	0	0	0	0	0	0	0	0	0	0	0	0	0	0	0	0	0	0	0	0	0	0	0	0	0	0	0	0	0	0	0	0	0	0	0	0	0	0	0	0	0	0	0	0	0	0	0	0	0	0	0	0	0	0	0	0	0	
	64090	미스틱-아즈모(에텔레인)_본섭용	1	0	100	0	181	1	0	0	0	0	0	0	0	196	1	0	0	0	0	0	0	0	1439	1	0	0	0	0	0	0	0	1449	1	0	0	0	0	0	0	0	1459	1	0	0	0	0	0	0	0	1469	1	0	0	0	0	0	0	0	1479	1	0	0	0	0	0	0	0	1489	1	0	0	0	0	0	0	0	1499	1	0	0	0	0	0	0	0	1509	1	0	0	0	0	0	0	0	0	0	0	0	0	0	0	0	0	0	0	0	0	0	0	0	0	0	0	0	0	0	0	0	0	0	0	0	0	0	0	0	0	0	0	0	0	0	0	0	0	0	0	0	0	0	0	0	0	0	0	0	0	0	0	0	0	0	0	0	0	0	0	0	0	0	0	0	0	0	0	0	0	0	0	0	0	0	0	0	0	0	0	0	0	0	0	0	0	0	0	0	0	0	0	0	0	0	0	0	0	0	0	0	0	0	0	0	0	0	0	0	0	0	0	0	0	0	0	0	0	0	0	0	0	0	0	0	0	0	0	0	0	0	0	
	64188	HER-SA80(에텔레인)_본섭용	1	0	100	0	218	1	0	0	0	0	0	0	0	1517	1	0	0	0	0	0	0	0	1527	1	0	0	0	0	0	0	0	1537	1	0	0	0	0	0	0	0	1547	1	0	0	0	0	0	0	0	1557	1	0	0	0	0	0	0	0	1567	1	0	0	0	0	0	0	0	1577	1	0	0	0	0	0	0	0	1587	1	0	0	0	0	0	0	0	0	0	0	0	0	0	0	0	0	0	0	0	0	0	0	0	0	0	0	0	0	0	0	0	0	0	0	0	0	0	0	0	0	0	0	0	0	0	0	0	0	0	0	0	0	0	0	0	0	0	0	0	0	0	219	1	0	0	0	0	0	0	0	1518	1	0	0	0	0	0	0	0	1528	1	0	0	0	0	0	0	0	1538	1	0	0	0	0	0	0	0	1548	1	0	0	0	0	0	0	0	1558	1	0	0	0	0	0	0	0	1568	1	0	0	0	0	0	0	0	1578	1	0	0	0	0	0	0	0	1588	1	0	0	0	0	0	0	0	0	0	0	0	0	0	0	0	0	
	62053	버서커-클라우드(에텔레인)_본섭용	1	0	100	0	7	1	0	0	0	0	0	0	0	22	1	0	0	0	0	0	0	0	1007	1	0	0	0	0	0	0	0	1057	1	0	0	0	0	0	0	0	1107	1	0	0	0	0	0	0	0	1157	1	0	0	0	0	0	0	0	1207	1	0	0	0	0	0	0	0	1257	1	0	0	0	0	0	0	0	1307	1	0	0	0	0	0	0	0	1357	1	0	0	0	0	0	0	0	0	0	0	0	0	0	0	0	0	0	0	0	0	0	0	0	0	0	0	0	0	0	0	0	0	0	0	0	0	0	0	0	0	0	0	0	0	0	0	0	0	0	0	0	0	0	0	0	0	0	0	0	0	0	0	0	0	0	0	0	0	0	0	0	0	0	0	0	0	0	0	0	0	0	0	0	0	0	0	0	0	0	0	0	0	0	0	0	0	0	0	0	0	0	0	0	0	0	0	0	0	0	0	0	0	0	0	0	0	0	0	0	0	0	0	0	0	0	0	0	0	0	0	0	0	0	0	0	0	0	0	0	0	0	0	
	62056	드래곤-세페르(에텔레인)_본섭용	1	0	100	0	37	1	0	0	0	0	0	0	0	52	1	0	0	0	0	0	0	0	1017	1	0	0	0	0	0	0	0	1067	1	0	0	0	0	0	0	0	1117	1	0	0	0	0	0	0	0	1167	1	0	0	0	0	0	0	0	1217	1	0	0	0	0	0	0	0	1267	1	0	0	0	0	0	0	0	1317	1	0	0	0	0	0	0	0	1367	1	0	0	0	0	0	0	0	0	0	0	0	0	0	0	0	0	0	0	0	0	0	0	0	0	0	0	0	0	0	0	0	0	0	0	0	0	0	0	0	0	0	0	0	0	0	0	0	0	0	0	0	0	0	0	0	0	0	0	0	0	0	0	0	0	0	0	0	0	0	0	0	0	0	0	0	0	0	0	0	0	0	0	0	0	0	0	0	0	0	0	0	0	0	0	0	0	0	0	0	0	0	0	0	0	0	0	0	0	0	0	0	0	0	0	0	0	0	0	0	0	0	0	0	0	0	0	0	0	0	0	0	0	0	0	0	0	0	0	0	0	0	0	
	62120	섀도우-개브리얼(에텔레인)_본섭용	1	0	100	0	67	1	0	0	0	0	0	0	0	82	1	0	0	0	0	0	0	0	1027	1	0	0	0	0	0	0	0	1077	1	0	0	0	0	0	0	0	1127	1	0	0	0	0	0	0	0	1177	1	0	0	0	0	0	0	0	1227	1	0	0	0	0	0	0	0	1277	1	0	0	0	0	0	0	0	1327	1	0	0	0	0	0	0	0	1377	1	0	0	0	0	0	0	0	0	0	0	0	0	0	0	0	0	0	0	0	0	0	0	0	0	0	0	0	0	0	0	0	0	0	0	0	0	0	0	0	0	0	0	0	0	0	0	0	0	0	0	0	0	0	0	0	0	0	0	0	0	0	0	0	0	0	0	0	0	0	0	0	0	0	0	0	0	0	0	0	0	0	0	0	0	0	0	0	0	0	0	0	0	0	0	0	0	0	0	0	0	0	0	0	0	0	0	0	0	0	0	0	0	0	0	0	0	0	0	0	0	0	0	0	0	0	0	0	0	0	0	0	0	0	0	0	0	0	0	0	0	0	0	
	62059	발키리-아샤(에텔레인)_본섭용	1	0	100	0	97	1	0	0	0	0	0	0	0	112	1	0	0	0	0	0	0	0	1037	1	0	0	0	0	0	0	0	1087	1	0	0	0	0	0	0	0	1137	1	0	0	0	0	0	0	0	1187	1	0	0	0	0	0	0	0	1237	1	0	0	0	0	0	0	0	1287	1	0	0	0	0	0	0	0	1337	1	0	0	0	0	0	0	0	1387	1	0	0	0	0	0	0	0	0	0	0	0	0	0	0	0	0	0	0	0	0	0	0	0	0	0	0	0	0	0	0	0	0	0	0	0	0	0	0	0	0	0	0	0	0	0	0	0	0	0	0	0	0	0	0	0	0	0	0	0	0	0	0	0	0	0	0	0	0	0	0	0	0	0	0	0	0	0	0	0	0	0	0	0	0	0	0	0	0	0	0	0	0	0	0	0	0	0	0	0	0	0	0	0	0	0	0	0	0	0	0	0	0	0	0	0	0	0	0	0	0	0	0	0	0	0	0	0	0	0	0	0	0	0	0	0	0	0	0	0	0	0	0	
	62062	엘리-시렌(에텔레인)_본섭용	1	0	100	0	143	1	0	0	0	0	0	0	0	158	1	0	0	0	0	0	0	0	1047	1	0	0	0	0	0	0	0	1097	1	0	0	0	0	0	0	0	1147	1	0	0	0	0	0	0	0	1197	1	0	0	0	0	0	0	0	1247	1	0	0	0	0	0	0	0	1297	1	0	0	0	0	0	0	0	1347	1	0	0	0	0	0	0	0	1397	1	0	0	0	0	0	0	0	0	0	0	0	0	0	0	0	0	0	0	0	0	0	0	0	0	0	0	0	0	0	0	0	0	0	0	0	0	0	0	0	0	0	0	0	0	0	0	0	0	0	0	0	0	0	0	0	0	0	0	0	0	0	0	0	0	0	0	0	0	0	0	0	0	0	0	0	0	0	0	0	0	0	0	0	0	0	0	0	0	0	0	0	0	0	0	0	0	0	0	0	0	0	0	0	0	0	0	0	0	0	0	0	0	0	0	0	0	0	0	0	0	0	0	0	0	0	0	0	0	0	0	0	0	0	0	0	0	0	0	0	0	0	0	
	64091	미스틱-밀리(에텔레인)_본섭용	1	0	100	0	181	1	0	0	0	0	0	0	0	196	1	0	0	0	0	0	0	0	1439	1	0	0	0	0	0	0	0	1449	1	0	0	0	0	0	0	0	1459	1	0	0	0	0	0	0	0	1469	1	0	0	0	0	0	0	0	1479	1	0	0	0	0	0	0	0	1489	1	0	0	0	0	0	0	0	1499	1	0	0	0	0	0	0	0	1509	1	0	0	0	0	0	0	0	0	0	0	0	0	0	0	0	0	0	0	0	0	0	0	0	0	0	0	0	0	0	0	0	0	0	0	0	0	0	0	0	0	0	0	0	0	0	0	0	0	0	0	0	0	0	0	0	0	0	0	0	0	0	0	0	0	0	0	0	0	0	0	0	0	0	0	0	0	0	0	0	0	0	0	0	0	0	0	0	0	0	0	0	0	0	0	0	0	0	0	0	0	0	0	0	0	0	0	0	0	0	0	0	0	0	0	0	0	0	0	0	0	0	0	0	0	0	0	0	0	0	0	0	0	0	0	0	0	0	0	0	0	0	0	
	62309	위블상인_에텔레인1_본섭용	1	0	100	0	233	1	0	0	0	0	0	0	0	1598	1	0	0	0	0	0	0	0	1608	1	0	0	0	0	0	0	0	1618	1	0	0	0	0	0	0	0	1628	1	0	0	0	0	0	0	0	1638	1	0	0	0	0	0	0	0	1648	1	0	0	0	0	0	0	0	1658	1	0	0	0	0	0	0	0	1668	1	0	0	0	0	0	0	0	0	0	0	0	0	0	0	0	0	0	0	0	0	0	0	0	0	0	0	0	0	0	0	0	0	0	0	0	0	0	0	0	0	0	0	0	0	0	0	0	0	0	0	0	0	0	0	0	0	0	0	0	0	0	234	1	0	0	0	0	0	0	0	1599	1	0	0	0	0	0	0	0	1609	1	0	0	0	0	0	0	0	1619	1	0	0	0	0	0	0	0	1629	1	0	0	0	0	0	0	0	1639	1	0	0	0	0	0	0	0	1649	1	0	0	0	0	0	0	0	1659	1	0	0	0	0	0	0	0	1669	1	0	0	0	0	0	0	0	0	0	0	0	0	0	0	0	0	
	62310	위블상인_에텔레인2_본섭용	1	0	100	0	233	1	0	0	0	0	0	0	0	1598	1	0	0	0	0	0	0	0	1608	1	0	0	0	0	0	0	0	1618	1	0	0	0	0	0	0	0	1628	1	0	0	0	0	0	0	0	1638	1	0	0	0	0	0	0	0	1648	1	0	0	0	0	0	0	0	1658	1	0	0	0	0	0	0	0	1668	1	0	0	0	0	0	0	0	0	0	0	0	0	0	0	0	0	0	0	0	0	0	0	0	0	0	0	0	0	0	0	0	0	0	0	0	0	0	0	0	0	0	0	0	0	0	0	0	0	0	0	0	0	0	0	0	0	0	0	0	0	0	234	1	0	0	0	0	0	0	0	1599	1	0	0	0	0	0	0	0	1609	1	0	0	0	0	0	0	0	1619	1	0	0	0	0	0	0	0	1629	1	0	0	0	0	0	0	0	1639	1	0	0	0	0	0	0	0	1649	1	0	0	0	0	0	0	0	1659	1	0	0	0	0	0	0	0	1669	1	0	0	0	0	0	0	0	0	0	0	0	0	0	0	0	0	
	62068	잡화-비토(에텔레인)_본섭용	1	0	100	0	4001	1	0	0	0	0	0	0	0	4002	1	0	0	0	0	0	0	0	6874	1	0	0	0	0	0	0	0	7241	1	0	0	0	0	0	0	0	0	0	0	0	0	0	0	0	0	3301	1	0	0	0	0	0	0	0	4195	1	0	0	0	0	0	0	0	4196	1	0	0	0	0	0	0	0	4197	1	0	0	0	0	0	0	0	0	0	0	0	0	0	0	0	0	0	0	0	0	0	0	0	0	0	0	0	0	0	0	0	0	0	0	0	0	0	0	0	0	0	0	0	0	0	0	0	0	0	0	0	0	0	0	0	0	0	0	0	0	0	0	0	0	0	0	0	0	0	0	0	0	0	0	0	0	0	0	0	0	0	0	0	0	0	0	0	0	0	0	0	0	0	0	0	0	0	0	0	0	0	0	0	0	0	0	0	0	0	0	0	0	0	0	0	0	0	0	0	0	0	0	0	0	0	0	0	0	0	0	0	0	0	0	0	0	0	0	0	0	0	0	0	0	0	0	0	0	0	0	0	
	62069	잡화-오트마(에텔레인)_본섭용	1	0	100	0	4001	1	0	0	0	0	0	0	0	4002	1	0	0	0	0	0	0	0	6874	1	0	0	0	0	0	0	0	7241	1	0	0	0	0	0	0	0	0	0	0	0	0	0	0	0	0	3301	1	0	0	0	0	0	0	0	4195	1	0	0	0	0	0	0	0	4196	1	0	0	0	0	0	0	0	4197	1	0	0	0	0	0	0	0	0	0	0	0	0	0	0	0	0	0	0	0	0	0	0	0	0	0	0	0	0	0	0	0	0	0	0	0	0	0	0	0	0	0	0	0	0	0	0	0	0	0	0	0	0	0	0	0	0	0	0	0	0	0	0	0	0	0	0	0	0	0	0	0	0	0	0	0	0	0	0	0	0	0	0	0	0	0	0	0	0	0	0	0	0	0	0	0	0	0	0	0	0	0	0	0	0	0	0	0	0	0	0	0	0	0	0	0	0	0	0	0	0	0	0	0	0	0	0	0	0	0	0	0	0	0	0	0	0	0	0	0	0	0	0	0	0	0	0	0	0	0	0	0	
	62070	잡화-만프레드(에텔레인)_본섭용	1	0	100	0	4001	1	0	0	0	0	0	0	0	4002	1	0	0	0	0	0	0	0	6874	1	0	0	0	0	0	0	0	7241	1	0	0	0	0	0	0	0	0	0	0	0	0	0	0	0	0	3301	1	0	0	0	0	0	0	0	4195	1	0	0	0	0	0	0	0	4196	1	0	0	0	0	0	0	0	4197	1	0	0	0	0	0	0	0	0	0	0	0	0	0	0	0	0	0	0	0	0	0	0	0	0	0	0	0	0	0	0	0	0	0	0	0	0	0	0	0	0	0	0	0	0	0	0	0	0	0	0	0	0	0	0	0	0	0	0	0	0	0	0	0	0	0	0	0	0	0	0	0	0	0	0	0	0	0	0	0	0	0	0	0	0	0	0	0	0	0	0	0	0	0	0	0	0	0	0	0	0	0	0	0	0	0	0	0	0	0	0	0	0	0	0	0	0	0	0	0	0	0	0	0	0	0	0	0	0	0	0	0	0	0	0	0	0	0	0	0	0	0	0	0	0	0	0	0	0	0	0	0	
	65425	비밀요원미세아(랜덤)_비밀상점_에텔레인	1	0	0	0	48501	1	0	0	0	0	0	0	0	0	0	0	0	0	0	0	0	0	0	0	0	0	0	0	0	0	0	0	0	0	0	0	0	0	0	0	0	0	0	0	0	0	0	0	0	0	0	0	0	0	0	0	0	0	0	0	0	0	0	0	0	0	0	0	0	0	0	0	0	0	0	0	0	0	0	0	0	0	0	0	0	0	0	0	0	0	0	0	0	0	0	0	0	0	0	0	0	0	0	0	0	0	0	0	0	0	0	0	0	0	0	0	0	0	0	0	0	0	0	0	0	0	0	0	0	0	0	0	0	0	0	0	0	0	0	0	0	0	0	0	0	0	0	0	0	0	0	0	0	0	0	0	0	0	0	0	0	0	0	0	0	0	0	0	0	0	0	0	0	0	0	0	0	0	0	0	0	0	0	0	0	0	0	0	0	0	0	0	0	0	0	0	0	0	0	0	0	0	0	0	0	0	0	0	0	0	0	0	0	0	0	0	0	0	0	0	0	0	0	0	0	0	0	0	0	
	64675	가난한증표판매원_친친	1	0	0	0	6955	1	0	0	0	0	0	0	0	49557	1	0	0	0	0	0	0	0	0	0	0	0	0	0	0	0	0	0	0	0	0	0	0	0	0	0	0	0	0	0	0	0	0	0	0	0	0	0	0	0	0	0	0	0	0	0	0	0	0	0	0	0	0	0	0	0	0	0	0	0	0	0	0	0	0	0	0	0	0	0	0	0	0	0	0	0	0	0	0	0	0	0	0	0	0	0	0	0	0	0	0	0	0	0	0	0	0	0	0	0	0	0	0	0	0	0	0	0	0	0	0	0	0	0	0	0	0	0	0	0	0	0	0	0	0	0	0	0	0	0	0	0	0	0	0	0	0	0	0	0	0	0	0	0	0	0	0	0	0	0	0	0	0	0	0	0	0	0	0	0	0	0	0	0	0	0	0	0	0	0	0	0	0	0	0	0	0	0	0	0	0	0	0	0	0	0	0	0	0	0	0	0	0	0	0	0	0	0	0	0	0	0	0	0	0	0	0	0	0	0	0	0	0	0	0	
	64681	최상급쟈드교환원_에텔레인	2	49158	0	0	8801	1	0	1	0	0	0	0	0	8802	1	0	1	0	0	0	0	0	8803	1	0	1	0	0	0	0	0	8804	1	0	1	0	0	0	0	0	8805	1	0	1	0	0	0	0	0	8806	1	0	1	0	0	0	0	0	8807	1	0	1	0	0	0	0	0	8808	1	0	1	0	0	0	0	0	8809	1	0	1	0	0	0	0	0	8810	1	0	1	0	0	0	0	0	8811	1	0	1	0	0	0	0	0	8813	1	0	1	0	0	0	0	0	8814	1	0	1	0	0	0	0	0	8815	1	0	1	0	0	0	0	0	8816	1	0	1	0	0	0	0	0	8817	1	0	1	0	0	0	0	0	8818	1	0	1	0	0	0	0	0	8819	1	0	1	0	0	0	0	0	8820	1	0	1	0	0	0	0	0	8821	1	0	1	0	0	0	0	0	0	0	0	0	0	0	0	0	0	0	0	0	0	0	0	0	0	0	0	0	0	0	0	0	0	0	0	0	0	0	0	0	0	0	0	0	0	0	0	0	0	0	0	0	0	
	64682	상급쟈드교환원_에텔레인	2	49159	0	0	8601	1	0	1	0	0	0	0	0	8602	1	0	1	0	0	0	0	0	8603	1	0	1	0	0	0	0	0	8604	1	0	1	0	0	0	0	0	8605	1	0	1	0	0	0	0	0	8606	1	0	1	0	0	0	0	0	8607	1	0	1	0	0	0	0	0	8608	1	0	1	0	0	0	0	0	8609	1	0	1	0	0	0	0	0	8610	1	0	1	0	0	0	0	0	8611	1	0	1	0	0	0	0	0	8613	1	0	1	0	0	0	0	0	8614	1	0	1	0	0	0	0	0	8615	1	0	1	0	0	0	0	0	8616	1	0	1	0	0	0	0	0	8617	1	0	1	0	0	0	0	0	8618	1	0	1	0	0	0	0	0	8619	1	0	1	0	0	0	0	0	8620	1	0	1	0	0	0	0	0	8621	1	0	1	0	0	0	0	0	0	0	0	0	0	0	0	0	0	0	0	0	0	0	0	0	0	0	0	0	0	0	0	0	0	0	0	0	0	0	0	0	0	0	0	0	0	0	0	0	0	0	0	0	0	
	64683	중급쟈드교환원_에텔레인	2	49160	0	0	8401	1	0	1	0	0	0	0	0	8402	1	0	1	0	0	0	0	0	8403	1	0	1	0	0	0	0	0	8404	1	0	1	0	0	0	0	0	8405	1	0	1	0	0	0	0	0	8406	1	0	1	0	0	0	0	0	8407	1	0	1	0	0	0	0	0	8408	1	0	1	0	0	0	0	0	8409	1	0	1	0	0	0	0	0	8410	1	0	1	0	0	0	0	0	8411	1	0	1	0	0	0	0	0	8413	1	0	1	0	0	0	0	0	8414	1	0	1	0	0	0	0	0	8415	1	0	1	0	0	0	0	0	8416	1	0	1	0	0	0	0	0	8417	1	0	1	0	0	0	0	0	8418	1	0	1	0	0	0	0	0	8419	1	0	1	0	0	0	0	0	8420	1	0	1	0	0	0	0	0	8421	1	0	1	0	0	0	0	0	0	0	0	0	0	0	0	0	0	0	0	0	0	0	0	0	0	0	0	0	0	0	0	0	0	0	0	0	0	0	0	0	0	0	0	0	0	0	0	0	0	0	0	0	0	
	64684	하급쟈드교환원_에텔레인	2	49161	0	0	8201	1	0	1	0	0	0	0	0	8202	1	0	1	0	0	0	0	0	8203	1	0	1	0	0	0	0	0	8204	1	0	1	0	0	0	0	0	8205	1	0	1	0	0	0	0	0	8206	1	0	1	0	0	0	0	0	8207	1	0	1	0	0	0	0	0	8208	1	0	1	0	0	0	0	0	8209	1	0	1	0	0	0	0	0	8210	1	0	1	0	0	0	0	0	8211	1	0	1	0	0	0	0	0	8213	1	0	1	0	0	0	0	0	8214	1	0	1	0	0	0	0	0	8215	1	0	1	0	0	0	0	0	8216	1	0	1	0	0	0	0	0	8217	1	0	1	0	0	0	0	0	8218	1	0	1	0	0	0	0	0	8219	1	0	1	0	0	0	0	0	8220	1	0	1	0	0	0	0	0	8221	1	0	1	0	0	0	0	0	0	0	0	0	0	0	0	0	0	0	0	0	0	0	0	0	0	0	0	0	0	0	0	0	0	0	0	0	0	0	0	0	0	0	0	0	0	0	0	0	0	0	0	0	0	
	64693	날개교환원_다빈치라이트_에텔레인	2	49162	0	0	3152	1	0	1	0	0	0	0	0	3153	1	0	1	0	0	0	0	0	3156	1	0	1	0	0	0	0	0	3155	1	0	1	0	0	0	0	0	3154	1	0	1	0	0	0	0	0	0	0	0	0	0	0	0	0	0	0	0	0	0	0	0	0	0	0	0	0	0	0	0	0	0	0	0	0	0	0	0	0	0	0	0	0	0	0	0	0	0	0	0	0	0	0	0	0	0	0	0	0	0	0	0	0	0	0	0	0	0	0	0	0	0	0	0	0	0	0	0	0	0	0	0	0	0	0	0	0	0	0	0	0	0	0	0	0	0	0	0	0	0	0	0	0	0	0	0	0	0	0	0	0	0	0	0	0	0	0	0	0	0	0	0	0	0	0	0	0	0	0	0	0	0	0	0	0	0	0	0	0	0	0	0	0	0	0	0	0	0	0	0	0	0	0	0	0	0	0	0	0	0	0	0	0	0	0	0	0	0	0	0	0	0	0	0	0	0	0	0	0	0	0	0	0	0	0	0	0	
//	오크라상인										0	0	0	0	0					0	0	0	0	0					0	0	0	0	0					0	0	0	0	0					0	0	0	0	0					0	0	0	0	0					0	0	0	0	0					0	0	0	0	0					0	0	0	0	0					0	0	0	0	0					0	0	0	0	0					0	0	0	0	0					0	0	0	0	0					0	0	0	0	0					0	0	0	0	0					0	0	0	0	0					0	0	0	0	0					0	0	0	0	0					0	0	0	0	0					0	0	0	0	0					0	0	0	0	0					0	0	0	0	0					0	0	0	0	0					0	0	0	0	0					0	0	0	0	0	
	65080	버서커-마다브(오크라)_본섭용	1	0	100	0	8	1	0	0	0	0	0	0	0	23	1	0	0	0	0	0	0	0	1008	1	0	0	0	0	0	0	0	1058	1	0	0	0	0	0	0	0	1108	1	0	0	0	0	0	0	0	1158	1	0	0	0	0	0	0	0	1208	1	0	0	0	0	0	0	0	1258	1	0	0	0	0	0	0	0	1308	1	0	0	0	0	0	0	0	1358	1	0	0	0	0	0	0	0	0	0	0	0	0	0	0	0	0	0	0	0	0	0	0	0	0	0	0	0	0	0	0	0	0	0	0	0	0	0	0	0	0	0	0	0	0	0	0	0	0	0	0	0	0	0	0	0	0	0	0	0	0	0	0	0	0	0	0	0	0	0	0	0	0	0	0	0	0	0	0	0	0	0	0	0	0	0	0	0	0	0	0	0	0	0	0	0	0	0	0	0	0	0	0	0	0	0	0	0	0	0	0	0	0	0	0	0	0	0	0	0	0	0	0	0	0	0	0	0	0	0	0	0	0	0	0	0	0	0	0	0	0	0	0	
	65081	드래곤-니킬(오크라)_본섭용	1	0	100	0	38	1	0	0	0	0	0	0	0	53	1	0	0	0	0	0	0	0	1018	1	0	0	0	0	0	0	0	1068	1	0	0	0	0	0	0	0	1118	1	0	0	0	0	0	0	0	1168	1	0	0	0	0	0	0	0	1218	1	0	0	0	0	0	0	0	1268	1	0	0	0	0	0	0	0	1318	1	0	0	0	0	0	0	0	1368	1	0	0	0	0	0	0	0	0	0	0	0	0	0	0	0	0	0	0	0	0	0	0	0	0	0	0	0	0	0	0	0	0	0	0	0	0	0	0	0	0	0	0	0	0	0	0	0	0	0	0	0	0	0	0	0	0	0	0	0	0	0	0	0	0	0	0	0	0	0	0	0	0	0	0	0	0	0	0	0	0	0	0	0	0	0	0	0	0	0	0	0	0	0	0	0	0	0	0	0	0	0	0	0	0	0	0	0	0	0	0	0	0	0	0	0	0	0	0	0	0	0	0	0	0	0	0	0	0	0	0	0	0	0	0	0	0	0	0	0	0	0	0	
	65095	섀도우-미카엘(오크라)_본섭용	1	0	100	0	68	1	0	0	0	0	0	0	0	83	1	0	0	0	0	0	0	0	1028	1	0	0	0	0	0	0	0	1078	1	0	0	0	0	0	0	0	1128	1	0	0	0	0	0	0	0	1178	1	0	0	0	0	0	0	0	1228	1	0	0	0	0	0	0	0	1278	1	0	0	0	0	0	0	0	1328	1	0	0	0	0	0	0	0	1378	1	0	0	0	0	0	0	0	0	0	0	0	0	0	0	0	0	0	0	0	0	0	0	0	0	0	0	0	0	0	0	0	0	0	0	0	0	0	0	0	0	0	0	0	0	0	0	0	0	0	0	0	0	0	0	0	0	0	0	0	0	0	0	0	0	0	0	0	0	0	0	0	0	0	0	0	0	0	0	0	0	0	0	0	0	0	0	0	0	0	0	0	0	0	0	0	0	0	0	0	0	0	0	0	0	0	0	0	0	0	0	0	0	0	0	0	0	0	0	0	0	0	0	0	0	0	0	0	0	0	0	0	0	0	0	0	0	0	0	0	0	0	0	
	65082	발키리-니사(오크라)_본섭용	1	0	100	0	98	1	0	0	0	0	0	0	0	113	1	0	0	0	0	0	0	0	1038	1	0	0	0	0	0	0	0	1088	1	0	0	0	0	0	0	0	1138	1	0	0	0	0	0	0	0	1188	1	0	0	0	0	0	0	0	1238	1	0	0	0	0	0	0	0	1288	1	0	0	0	0	0	0	0	1338	1	0	0	0	0	0	0	0	1388	1	0	0	0	0	0	0	0	0	0	0	0	0	0	0	0	0	0	0	0	0	0	0	0	0	0	0	0	0	0	0	0	0	0	0	0	0	0	0	0	0	0	0	0	0	0	0	0	0	0	0	0	0	0	0	0	0	0	0	0	0	0	0	0	0	0	0	0	0	0	0	0	0	0	0	0	0	0	0	0	0	0	0	0	0	0	0	0	0	0	0	0	0	0	0	0	0	0	0	0	0	0	0	0	0	0	0	0	0	0	0	0	0	0	0	0	0	0	0	0	0	0	0	0	0	0	0	0	0	0	0	0	0	0	0	0	0	0	0	0	0	0	0	
	65079	엘리-자얀티(오크라)_본섭용	1	0	100	0	144	1	0	0	0	0	0	0	0	159	1	0	0	0	0	0	0	0	1048	1	0	0	0	0	0	0	0	1098	1	0	0	0	0	0	0	0	1148	1	0	0	0	0	0	0	0	1198	1	0	0	0	0	0	0	0	1248	1	0	0	0	0	0	0	0	1298	1	0	0	0	0	0	0	0	1348	1	0	0	0	0	0	0	0	1398	1	0	0	0	0	0	0	0	0	0	0	0	0	0	0	0	0	0	0	0	0	0	0	0	0	0	0	0	0	0	0	0	0	0	0	0	0	0	0	0	0	0	0	0	0	0	0	0	0	0	0	0	0	0	0	0	0	0	0	0	0	0	0	0	0	0	0	0	0	0	0	0	0	0	0	0	0	0	0	0	0	0	0	0	0	0	0	0	0	0	0	0	0	0	0	0	0	0	0	0	0	0	0	0	0	0	0	0	0	0	0	0	0	0	0	0	0	0	0	0	0	0	0	0	0	0	0	0	0	0	0	0	0	0	0	0	0	0	0	0	0	0	0	
	64092	미스틱-이노비(오크라)_본섭용	1	0	100	0	182	1	0	0	0	0	0	0	0	197	1	0	0	0	0	0	0	0	1440	1	0	0	0	0	0	0	0	1450	1	0	0	0	0	0	0	0	1460	1	0	0	0	0	0	0	0	1470	1	0	0	0	0	0	0	0	1480	1	0	0	0	0	0	0	0	1490	1	0	0	0	0	0	0	0	1500	1	0	0	0	0	0	0	0	1510	1	0	0	0	0	0	0	0	0	0	0	0	0	0	0	0	0	0	0	0	0	0	0	0	0	0	0	0	0	0	0	0	0	0	0	0	0	0	0	0	0	0	0	0	0	0	0	0	0	0	0	0	0	0	0	0	0	0	0	0	0	0	0	0	0	0	0	0	0	0	0	0	0	0	0	0	0	0	0	0	0	0	0	0	0	0	0	0	0	0	0	0	0	0	0	0	0	0	0	0	0	0	0	0	0	0	0	0	0	0	0	0	0	0	0	0	0	0	0	0	0	0	0	0	0	0	0	0	0	0	0	0	0	0	0	0	0	0	0	0	0	0	0	
	64189	HER-CR21(오크라)_본섭용	1	0	100	0	220	1	0	0	0	0	0	0	0	1519	1	0	0	0	0	0	0	0	1529	1	0	0	0	0	0	0	0	1539	1	0	0	0	0	0	0	0	1549	1	0	0	0	0	0	0	0	1559	1	0	0	0	0	0	0	0	1569	1	0	0	0	0	0	0	0	1579	1	0	0	0	0	0	0	0	1589	1	0	0	0	0	0	0	0	0	0	0	0	0	0	0	0	0	0	0	0	0	0	0	0	0	0	0	0	0	0	0	0	0	0	0	0	0	0	0	0	0	0	0	0	0	0	0	0	0	0	0	0	0	0	0	0	0	0	0	0	0	0	221	1	0	0	0	0	0	0	0	1520	1	0	0	0	0	0	0	0	1530	1	0	0	0	0	0	0	0	1540	1	0	0	0	0	0	0	0	1550	1	0	0	0	0	0	0	0	1560	1	0	0	0	0	0	0	0	1570	1	0	0	0	0	0	0	0	1580	1	0	0	0	0	0	0	0	1590	1	0	0	0	0	0	0	0	0	0	0	0	0	0	0	0	0	
	65087	잡화-릴리난(오크라)_본섭용	1	0	100	0	4001	1	0	0	0	0	0	0	0	4002	1	0	0	0	0	0	0	0	6874	1	0	0	0	0	0	0	0	7241	1	0	0	0	0	0	0	0	0	0	0	0	0	0	0	0	0	3301	1	0	0	0	0	0	0	0	4195	1	0	0	0	0	0	0	0	4196	1	0	0	0	0	0	0	0	4197	1	0	0	0	0	0	0	0	0	0	0	0	0	0	0	0	0	0	0	0	0	0	0	0	0	0	0	0	0	0	0	0	0	0	0	0	0	0	0	0	0	0	0	0	0	0	0	0	0	0	0	0	0	0	0	0	0	0	0	0	0	0	0	0	0	0	0	0	0	0	0	0	0	0	0	0	0	0	0	0	0	0	0	0	0	0	0	0	0	0	0	0	0	0	0	0	0	0	0	0	0	0	0	0	0	0	0	0	0	0	0	0	0	0	0	0	0	0	0	0	0	0	0	0	0	0	0	0	0	0	0	0	0	0	0	0	0	0	0	0	0	0	0	0	0	0	0	0	0	0	0	0	
	65086	잡화-아브하(오크라)_본섭용	1	0	100	0	4001	1	0	0	0	0	0	0	0	4002	1	0	0	0	0	0	0	0	6874	1	0	0	0	0	0	0	0	7241	1	0	0	0	0	0	0	0	0	0	0	0	0	0	0	0	0	3301	1	0	0	0	0	0	0	0	4195	1	0	0	0	0	0	0	0	4196	1	0	0	0	0	0	0	0	4197	1	0	0	0	0	0	0	0	0	0	0	0	0	0	0	0	0	0	0	0	0	0	0	0	0	0	0	0	0	0	0	0	0	0	0	0	0	0	0	0	0	0	0	0	0	0	0	0	0	0	0	0	0	0	0	0	0	0	0	0	0	0	0	0	0	0	0	0	0	0	0	0	0	0	0	0	0	0	0	0	0	0	0	0	0	0	0	0	0	0	0	0	0	0	0	0	0	0	0	0	0	0	0	0	0	0	0	0	0	0	0	0	0	0	0	0	0	0	0	0	0	0	0	0	0	0	0	0	0	0	0	0	0	0	0	0	0	0	0	0	0	0	0	0	0	0	0	0	0	0	0	0	
	62311	위블상인_오크라_본섭용	1	0	100	0	235	1	0	0	0	0	0	0	0	1600	1	0	0	0	0	0	0	0	1610	1	0	0	0	0	0	0	0	1620	1	0	0	0	0	0	0	0	1630	1	0	0	0	0	0	0	0	1640	1	0	0	0	0	0	0	0	1650	1	0	0	0	0	0	0	0	1660	1	0	0	0	0	0	0	0	1670	1	0	0	0	0	0	0	0	0	0	0	0	0	0	0	0	0	0	0	0	0	0	0	0	0	0	0	0	0	0	0	0	0	0	0	0	0	0	0	0	0	0	0	0	0	0	0	0	0	0	0	0	0	0	0	0	0	0	0	0	0	0	236	1	0	0	0	0	0	0	0	0	0	0	0	0	0	0	0	0	0	0	0	0	0	0	0	0	0	0	0	0	0	0	0	0	0	0	0	0	0	0	0	0	0	0	0	0	0	0	0	0	0	0	0	0	0	0	0	0	0	0	0	0	0	0	0	0	0	0	0	0	0	0	0	0	0	0	0	0	0	0	0	0	0	0	0	0	0	0	0	0	
	65426	비밀요원오셸리(랜덤)_비밀상점_오크라	1	0	0	0	48501	1	0	0	0	0	0	0	0	0	0	0	0	0	0	0	0	0	0	0	0	0	0	0	0	0	0	0	0	0	0	0	0	0	0	0	0	0	0	0	0	0	0	0	0	0	0	0	0	0	0	0	0	0	0	0	0	0	0	0	0	0	0	0	0	0	0	0	0	0	0	0	0	0	0	0	0	0	0	0	0	0	0	0	0	0	0	0	0	0	0	0	0	0	0	0	0	0	0	0	0	0	0	0	0	0	0	0	0	0	0	0	0	0	0	0	0	0	0	0	0	0	0	0	0	0	0	0	0	0	0	0	0	0	0	0	0	0	0	0	0	0	0	0	0	0	0	0	0	0	0	0	0	0	0	0	0	0	0	0	0	0	0	0	0	0	0	0	0	0	0	0	0	0	0	0	0	0	0	0	0	0	0	0	0	0	0	0	0	0	0	0	0	0	0	0	0	0	0	0	0	0	0	0	0	0	0	0	0	0	0	0	0	0	0	0	0	0	0	0	0	0	0	0	0	
	64676	가난한증표판매원_칭칭	1	0	0	0	6955	1	0	0	0	0	0	0	0	49557	1	0	0	0	0	0	0	0	0	0	0	0	0	0	0	0	0	0	0	0	0	0	0	0	0	0	0	0	0	0	0	0	0	0	0	0	0	0	0	0	0	0	0	0	0	0	0	0	0	0	0	0	0	0	0	0	0	0	0	0	0	0	0	0	0	0	0	0	0	0	0	0	0	0	0	0	0	0	0	0	0	0	0	0	0	0	0	0	0	0	0	0	0	0	0	0	0	0	0	0	0	0	0	0	0	0	0	0	0	0	0	0	0	0	0	0	0	0	0	0	0	0	0	0	0	0	0	0	0	0	0	0	0	0	0	0	0	0	0	0	0	0	0	0	0	0	0	0	0	0	0	0	0	0	0	0	0	0	0	0	0	0	0	0	0	0	0	0	0	0	0	0	0	0	0	0	0	0	0	0	0	0	0	0	0	0	0	0	0	0	0	0	0	0	0	0	0	0	0	0	0	0	0	0	0	0	0	0	0	0	0	0	0	0	0	
	64686	접속포인트교환원_템프스_오크라	3	0	0	0	4198	1	0	1	0	0	0	0	0	7245	1	0	1	0	0	0	0	0	7249	1	0	1	0	0	0	0	0	7246	1	0	3	0	0	0	0	0	7250	1	0	3	0	0	0	0	0	3305	1	0	1	0	0	0	0	0	6955	1	0	190	0	0	0	0	0	7294	1	0	2	0	0	0	0	0	41085	1	0	1	0	0	0	0	0	4132	1	0	2	0	0	0	0	0	65022	3	0	1	0	0	0	0	0	0	0	0	0	0	0	0	0	0	0	0	0	0	0	0	0	0	0	0	0	0	0	0	0	0	0	0	0	0	0	0	0	0	0	0	0	0	0	0	0	0	0	0	0	0	0	0	0	0	0	0	0	0	0	0	0	0	0	0	0	0	0	0	0	0	0	0	0	0	0	0	0	0	0	0	0	0	0	0	0	0	0	0	0	0	0	0	0	0	0	0	0	0	0	0	0	0	0	0	0	0	0	0	0	0	0	0	0	0	0	0	0	0	0	0	0	0	0	0	0	0	0	0	0	0	0	
	64687	해방군병참장교_카고토마스_오크라	4	4	0	0	7120	1	0	31	1	1	0	0	0	0	0	0	0	0	0	0	0	0	0	0	0	0	0	0	0	0	0	0	0	0	0	0	0	0	0	0	0	0	0	0	0	0	0	0	0	0	0	0	0	0	0	0	0	0	0	0	0	0	0	0	0	0	0	0	0	0	0	0	0	0	0	0	0	0	0	0	0	0	0	0	0	0	0	0	0	0	0	0	0	0	0	0	0	0	0	0	0	0	0	0	0	0	0	0	0	0	0	0	0	0	0	0	0	0	0	0	0	0	0	0	0	0	0	0	0	0	0	0	0	0	0	0	0	0	0	0	0	0	0	0	0	0	0	0	0	0	0	0	0	0	0	0	0	0	0	0	0	0	0	0	0	0	0	0	0	0	0	0	0	0	0	0	0	0	0	0	0	0	0	0	0	0	0	0	0	0	0	0	0	0	0	0	0	0	0	0	0	0	0	0	0	0	0	0	0	0	0	0	0	0	0	0	0	0	0	0	0	0	0	0	0	0	0	0	0	
	64691	해방군정예병참장교_바이아메이라_오크라	4	6	0	0	49168	1	0	7	1	2	0	0	0	0	0	0	0	0	0	0	0	0	0	0	0	0	0	0	0	0	0	0	0	0	0	0	0	0	0	0	0	0	0	0	0	0	0	0	0	0	0	0	0	0	0	0	0	0	0	0	0	0	0	0	0	0	0	0	0	0	0	0	0	0	0	0	0	0	0	0	0	0	0	0	0	0	0	0	0	0	0	0	0	0	0	0	0	0	0	0	0	0	0	0	0	0	0	0	0	0	0	0	0	0	0	0	0	0	0	0	0	0	0	0	0	0	0	0	0	0	0	0	0	0	0	0	0	0	0	0	0	0	0	0	0	0	0	0	0	0	0	0	0	0	0	0	0	0	0	0	0	0	0	0	0	0	0	0	0	0	0	0	0	0	0	0	0	0	0	0	0	0	0	0	0	0	0	0	0	0	0	0	0	0	0	0	0	0	0	0	0	0	0	0	0	0	0	0	0	0	0	0	0	0	0	0	0	0	0	0	0	0	0	0	0	0	0	0	0	
//	코르토크해안선상인										0	0	0	0	0					0	0	0	0	0					0	0	0	0	0					0	0	0	0	0					0	0	0	0	0					0	0	0	0	0					0	0	0	0	0					0	0	0	0	0					0	0	0	0	0					0	0	0	0	0					0	0	0	0	0					0	0	0	0	0					0	0	0	0	0					0	0	0	0	0					0	0	0	0	0					0	0	0	0	0					0	0	0	0	0					0	0	0	0	0					0	0	0	0	0					0	0	0	0	0					0	0	0	0	0					0	0	0	0	0					0	0	0	0	0					0	0	0	0	0					0	0	0	0	0	
	1952	버서커-마다브(코르토크해안선)_본섭용	1	0	100	0	9	1	0	0	0	0	0	0	0	24	1	0	0	0	0	0	0	0	1008	1	0	0	0	0	0	0	0	1058	1	0	0	0	0	0	0	0	1108	1	0	0	0	0	0	0	0	1158	1	0	0	0	0	0	0	0	1208	1	0	0	0	0	0	0	0	1258	1	0	0	0	0	0	0	0	1308	1	0	0	0	0	0	0	0	1358	1	0	0	0	0	0	0	0	0	0	0	0	0	0	0	0	0	0	0	0	0	0	0	0	0	0	0	0	0	0	0	0	0	0	0	0	0	0	0	0	0	0	0	0	0	0	0	0	0	0	0	0	0	0	0	0	0	0	0	0	0	0	0	0	0	0	0	0	0	0	0	0	0	0	0	0	0	0	0	0	0	0	0	0	0	0	0	0	0	0	0	0	0	0	0	0	0	0	0	0	0	0	0	0	0	0	0	0	0	0	0	0	0	0	0	0	0	0	0	0	0	0	0	0	0	0	0	0	0	0	0	0	0	0	0	0	0	0	0	0	0	0	0	
	1953	드래곤-니킬(코르토크해안선)_본섭용	1	0	100	0	39	1	0	0	0	0	0	0	0	54	1	0	0	0	0	0	0	0	1018	1	0	0	0	0	0	0	0	1068	1	0	0	0	0	0	0	0	1118	1	0	0	0	0	0	0	0	1168	1	0	0	0	0	0	0	0	1218	1	0	0	0	0	0	0	0	1268	1	0	0	0	0	0	0	0	1318	1	0	0	0	0	0	0	0	1368	1	0	0	0	0	0	0	0	0	0	0	0	0	0	0	0	0	0	0	0	0	0	0	0	0	0	0	0	0	0	0	0	0	0	0	0	0	0	0	0	0	0	0	0	0	0	0	0	0	0	0	0	0	0	0	0	0	0	0	0	0	0	0	0	0	0	0	0	0	0	0	0	0	0	0	0	0	0	0	0	0	0	0	0	0	0	0	0	0	0	0	0	0	0	0	0	0	0	0	0	0	0	0	0	0	0	0	0	0	0	0	0	0	0	0	0	0	0	0	0	0	0	0	0	0	0	0	0	0	0	0	0	0	0	0	0	0	0	0	0	0	0	0	
	1955	섀도우-미카엘(코르토크해안선)_본섭용	1	0	100	0	69	1	0	0	0	0	0	0	0	84	1	0	0	0	0	0	0	0	1028	1	0	0	0	0	0	0	0	1078	1	0	0	0	0	0	0	0	1128	1	0	0	0	0	0	0	0	1178	1	0	0	0	0	0	0	0	1228	1	0	0	0	0	0	0	0	1278	1	0	0	0	0	0	0	0	1328	1	0	0	0	0	0	0	0	1378	1	0	0	0	0	0	0	0	0	0	0	0	0	0	0	0	0	0	0	0	0	0	0	0	0	0	0	0	0	0	0	0	0	0	0	0	0	0	0	0	0	0	0	0	0	0	0	0	0	0	0	0	0	0	0	0	0	0	0	0	0	0	0	0	0	0	0	0	0	0	0	0	0	0	0	0	0	0	0	0	0	0	0	0	0	0	0	0	0	0	0	0	0	0	0	0	0	0	0	0	0	0	0	0	0	0	0	0	0	0	0	0	0	0	0	0	0	0	0	0	0	0	0	0	0	0	0	0	0	0	0	0	0	0	0	0	0	0	0	0	0	0	0	
	1954	발키리-니사(코르토크해안선)_본섭용	1	0	100	0	99	1	0	0	0	0	0	0	0	114	1	0	0	0	0	0	0	0	1038	1	0	0	0	0	0	0	0	1088	1	0	0	0	0	0	0	0	1138	1	0	0	0	0	0	0	0	1188	1	0	0	0	0	0	0	0	1238	1	0	0	0	0	0	0	0	1288	1	0	0	0	0	0	0	0	1338	1	0	0	0	0	0	0	0	1388	1	0	0	0	0	0	0	0	0	0	0	0	0	0	0	0	0	0	0	0	0	0	0	0	0	0	0	0	0	0	0	0	0	0	0	0	0	0	0	0	0	0	0	0	0	0	0	0	0	0	0	0	0	0	0	0	0	0	0	0	0	0	0	0	0	0	0	0	0	0	0	0	0	0	0	0	0	0	0	0	0	0	0	0	0	0	0	0	0	0	0	0	0	0	0	0	0	0	0	0	0	0	0	0	0	0	0	0	0	0	0	0	0	0	0	0	0	0	0	0	0	0	0	0	0	0	0	0	0	0	0	0	0	0	0	0	0	0	0	0	0	0	0	
	1951	엘리-자얀티(코르토크해안선)_본섭용	1	0	100	0	145	1	0	0	0	0	0	0	0	160	1	0	0	0	0	0	0	0	1048	1	0	0	0	0	0	0	0	1098	1	0	0	0	0	0	0	0	1148	1	0	0	0	0	0	0	0	1198	1	0	0	0	0	0	0	0	1248	1	0	0	0	0	0	0	0	1298	1	0	0	0	0	0	0	0	1348	1	0	0	0	0	0	0	0	1398	1	0	0	0	0	0	0	0	0	0	0	0	0	0	0	0	0	0	0	0	0	0	0	0	0	0	0	0	0	0	0	0	0	0	0	0	0	0	0	0	0	0	0	0	0	0	0	0	0	0	0	0	0	0	0	0	0	0	0	0	0	0	0	0	0	0	0	0	0	0	0	0	0	0	0	0	0	0	0	0	0	0	0	0	0	0	0	0	0	0	0	0	0	0	0	0	0	0	0	0	0	0	0	0	0	0	0	0	0	0	0	0	0	0	0	0	0	0	0	0	0	0	0	0	0	0	0	0	0	0	0	0	0	0	0	0	0	0	0	0	0	0	0	
	64093	미스틱-에밀라(코르토크해안선)_본섭용	1	0	100	0	183	1	0	0	0	0	0	0	0	198	1	0	0	0	0	0	0	0	1440	1	0	0	0	0	0	0	0	1450	1	0	0	0	0	0	0	0	1460	1	0	0	0	0	0	0	0	1470	1	0	0	0	0	0	0	0	1480	1	0	0	0	0	0	0	0	1490	1	0	0	0	0	0	0	0	1500	1	0	0	0	0	0	0	0	1510	1	0	0	0	0	0	0	0	0	0	0	0	0	0	0	0	0	0	0	0	0	0	0	0	0	0	0	0	0	0	0	0	0	0	0	0	0	0	0	0	0	0	0	0	0	0	0	0	0	0	0	0	0	0	0	0	0	0	0	0	0	0	0	0	0	0	0	0	0	0	0	0	0	0	0	0	0	0	0	0	0	0	0	0	0	0	0	0	0	0	0	0	0	0	0	0	0	0	0	0	0	0	0	0	0	0	0	0	0	0	0	0	0	0	0	0	0	0	0	0	0	0	0	0	0	0	0	0	0	0	0	0	0	0	0	0	0	0	0	0	0	0	0	
	64190	HER-AKM(코르토크해안선)_본섭용	1	0	100	0	221	1	0	0	0	0	0	0	0	1520	1	0	0	0	0	0	0	0	1530	1	0	0	0	0	0	0	0	1540	1	0	0	0	0	0	0	0	1550	1	0	0	0	0	0	0	0	1560	1	0	0	0	0	0	0	0	1570	1	0	0	0	0	0	0	0	1580	1	0	0	0	0	0	0	0	1590	1	0	0	0	0	0	0	0	0	0	0	0	0	0	0	0	0	0	0	0	0	0	0	0	0	0	0	0	0	0	0	0	0	0	0	0	0	0	0	0	0	0	0	0	0	0	0	0	0	0	0	0	0	0	0	0	0	0	0	0	0	0	0	0	0	0	0	0	0	0	0	0	0	0	0	0	0	0	0	0	0	0	0	0	0	0	0	0	0	0	0	0	0	0	0	0	0	0	0	0	0	0	0	0	0	0	0	0	0	0	0	0	0	0	0	0	0	0	0	0	0	0	0	0	0	0	0	0	0	0	0	0	0	0	0	0	0	0	0	0	0	0	0	0	0	0	0	0	0	0	0	0	
	62312	위블상인_코르토크_본섭용	1	0	100	0	237	1	0	0	0	0	0	0	0	1600	1	0	0	0	0	0	0	0	1610	1	0	0	0	0	0	0	0	1620	1	0	0	0	0	0	0	0	1630	1	0	0	0	0	0	0	0	1640	1	0	0	0	0	0	0	0	1650	1	0	0	0	0	0	0	0	1660	1	0	0	0	0	0	0	0	1670	1	0	0	0	0	0	0	0	0	0	0	0	0	0	0	0	0	0	0	0	0	0	0	0	0	0	0	0	0	0	0	0	0	0	0	0	0	0	0	0	0	0	0	0	0	0	0	0	0	0	0	0	0	0	0	0	0	0	0	0	0	0	0	1	0	0	0	0	0	0	0	0	0	0	0	0	0	0	0	0	0	0	0	0	0	0	0	0	0	0	0	0	0	0	0	0	0	0	0	0	0	0	0	0	0	0	0	0	0	0	0	0	0	0	0	0	0	0	0	0	0	0	0	0	0	0	0	0	0	0	0	0	0	0	0	0	0	0	0	0	0	0	0	0	0	0	0	0	0	0	0	0	
	1950	잡화-티뮤(코르토크해안선)_본섭용	1	0	100	0	4001	1	0	0	0	0	0	0	0	4002	1	0	0	0	0	0	0	0	6874	1	0	0	0	0	0	0	0	7241	1	0	0	0	0	0	0	0	7253	1	0	0	0	0	0	0	0	3301	1	0	0	0	0	0	0	0	4195	1	0	0	0	0	0	0	0	4196	1	0	0	0	0	0	0	0	4197	1	0	0	0	0	0	0	0	0	0	0	0	0	0	0	0	0	0	0	0	0	0	0	0	0	0	0	0	0	0	0	0	0	0	0	0	0	0	0	0	0	0	0	0	0	0	0	0	0	0	0	0	0	0	0	0	0	0	0	0	0	0	0	0	0	0	0	0	0	0	0	0	0	0	0	0	0	0	0	0	0	0	0	0	0	0	0	0	0	0	0	0	0	0	0	0	0	0	0	0	0	0	0	0	0	0	0	0	0	0	0	0	0	0	0	0	0	0	0	0	0	0	0	0	0	0	0	0	0	0	0	0	0	0	0	0	0	0	0	0	0	0	0	0	0	0	0	0	0	0	0	0	
	1041	잡화-오르티엘(코르토크해안선)_본섭용	1	0	100	0	4001	1	0	0	0	0	0	0	0	4002	1	0	0	0	0	0	0	0	6874	1	0	0	0	0	0	0	0	7241	1	0	0	0	0	0	0	0	0	0	0	0	0	0	0	0	0	3301	1	0	0	0	0	0	0	0	4195	1	0	0	0	0	0	0	0	4196	1	0	0	0	0	0	0	0	4197	1	0	0	0	0	0	0	0	0	0	0	0	0	0	0	0	0	0	0	0	0	0	0	0	0	0	0	0	0	0	0	0	0	0	0	0	0	0	0	0	0	0	0	0	0	0	0	0	0	0	0	0	0	0	0	0	0	0	0	0	0	0	0	0	0	0	0	0	0	0	0	0	0	0	0	0	0	0	0	0	0	0	0	0	0	0	0	0	0	0	0	0	0	0	0	0	0	0	0	0	0	0	0	0	0	0	0	0	0	0	0	0	0	0	0	0	0	0	0	0	0	0	0	0	0	0	0	0	0	0	0	0	0	0	0	0	0	0	0	0	0	0	0	0	0	0	0	0	0	0	0	0	
//	올드에스마라마을상인														0									0									0									0									0									0									0									0									0									0									0									0									0									0									0									0									0									0									0									0									0									0									0									0									0	
	4501	안나(잡화상인)_본섭용	1	0	100	0	4001	1	0	0	0	0	0	0	0	4002	1	0	0	0	0	0	0	0	6874	1	0	0	0	0	0	0	0	7241	1	0	0	0	0	0	0	0	7253	1	0	0	0	0	0	0	0	3301	1	0	0	0	0	0	0	0	4195	1	0	0	0	0	0	0	0	4196	1	0	0	0	0	0	0	0	4197	1	0	0	0	0	0	0	0	0	0	0	0	0	0	0	0	0	0	0	0	0	0	0	0	0	0	0	0	0	0	0	0	0	0	0	0	0	0	0	0	0	0	0	0	0	0	0	0	0	0	0	0	0	0	0	0	0	0	0	0	0	0	0	0	0	0	0	0	0	0	0	0	0	0	0	0	0	0	0	0	0	0	0	0	0	0	0	0	0	0	0	0	0	0	0	0	0	0	0	0	0	0	0	0	0	0	0	0	0	0	0	0	0	0	0	0	0	0	0	0	0	0	0	0	0	0	0	0	0	0	0	0	0	0	0	0	0	0	0	0	0	0	0	0	0	0	0	0	0	0	0	0	
	4502	사라엘(엘리멘탈리스트상점)_본섭용	1	0	100	0	146	1	0	0	0	0	0	0	0	161	1	0	0	0	0	0	0	0	1048	1	0	0	0	0	0	0	0	1098	1	0	0	0	0	0	0	0	1148	1	0	0	0	0	0	0	0	1198	1	0	0	0	0	0	0	0	1248	1	0	0	0	0	0	0	0	1298	1	0	0	0	0	0	0	0	1348	1	0	0	0	0	0	0	0	1398	1	0	0	0	0	0	0	0	0	0	0	0	0	0	0	0	0	0	0	0	0	0	0	0	0	0	0	0	0	0	0	0	0	0	0	0	0	0	0	0	0	0	0	0	0	0	0	0	0	0	0	0	0	0	0	0	0	0	0	0	0	0	0	0	0	0	0	0	0	0	0	0	0	0	0	0	0	0	0	0	0	0	0	0	0	0	0	0	0	0	0	0	0	0	0	0	0	0	0	0	0	0	0	0	0	0	0	0	0	0	0	0	0	0	0	0	0	0	0	0	0	0	0	0	0	0	0	0	0	0	0	0	0	0	0	0	0	0	0	0	0	0	0	
	4503	불로(버서커상점)_본섭용	1	0	100	0	10	1	0	0	0	0	0	0	0	25	1	0	0	0	0	0	0	0	1008	1	0	0	0	0	0	0	0	1058	1	0	0	0	0	0	0	0	1108	1	0	0	0	0	0	0	0	1158	1	0	0	0	0	0	0	0	1208	1	0	0	0	0	0	0	0	1258	1	0	0	0	0	0	0	0	1308	1	0	0	0	0	0	0	0	1358	1	0	0	0	0	0	0	0	0	0	0	0	0	0	0	0	0	0	0	0	0	0	0	0	0	0	0	0	0	0	0	0	0	0	0	0	0	0	0	0	0	0	0	0	0	0	0	0	0	0	0	0	0	0	0	0	0	0	0	0	0	0	0	0	0	0	0	0	0	0	0	0	0	0	0	0	0	0	0	0	0	0	0	0	0	0	0	0	0	0	0	0	0	0	0	0	0	0	0	0	0	0	0	0	0	0	0	0	0	0	0	0	0	0	0	0	0	0	0	0	0	0	0	0	0	0	0	0	0	0	0	0	0	0	0	0	0	0	0	0	0	0	0	
	4504	티앙(드래곤나이트상점)_본섭용	1	0	100	0	40	1	0	0	0	0	0	0	0	55	1	0	0	0	0	0	0	0	1018	1	0	0	0	0	0	0	0	1068	1	0	0	0	0	0	0	0	1118	1	0	0	0	0	0	0	0	1168	1	0	0	0	0	0	0	0	1218	1	0	0	0	0	0	0	0	1268	1	0	0	0	0	0	0	0	1318	1	0	0	0	0	0	0	0	1368	1	0	0	0	0	0	0	0	0	0	0	0	0	0	0	0	0	0	0	0	0	0	0	0	0	0	0	0	0	0	0	0	0	0	0	0	0	0	0	0	0	0	0	0	0	0	0	0	0	0	0	0	0	0	0	0	0	0	0	0	0	0	0	0	0	0	0	0	0	0	0	0	0	0	0	0	0	0	0	0	0	0	0	0	0	0	0	0	0	0	0	0	0	0	0	0	0	0	0	0	0	0	0	0	0	0	0	0	0	0	0	0	0	0	0	0	0	0	0	0	0	0	0	0	0	0	0	0	0	0	0	0	0	0	0	0	0	0	0	0	0	0	0	
	4505	루시아(발키리상점)_본섭용	1	0	100	0	100	1	0	0	0	0	0	0	0	115	1	0	0	0	0	0	0	0	1038	1	0	0	0	0	0	0	0	1088	1	0	0	0	0	0	0	0	1138	1	0	0	0	0	0	0	0	1188	1	0	0	0	0	0	0	0	1238	1	0	0	0	0	0	0	0	1288	1	0	0	0	0	0	0	0	1338	1	0	0	0	0	0	0	0	1388	1	0	0	0	0	0	0	0	0	0	0	0	0	0	0	0	0	0	0	0	0	0	0	0	0	0	0	0	0	0	0	0	0	0	0	0	0	0	0	0	0	0	0	0	0	0	0	0	0	0	0	0	0	0	0	0	0	0	0	0	0	0	0	0	0	0	0	0	0	0	0	0	0	0	0	0	0	0	0	0	0	0	0	0	0	0	0	0	0	0	0	0	0	0	0	0	0	0	0	0	0	0	0	0	0	0	0	0	0	0	0	0	0	0	0	0	0	0	0	0	0	0	0	0	0	0	0	0	0	0	0	0	0	0	0	0	0	0	0	0	0	0	0	
	4506	칼츠(쉐도우상점)_본섭용	1	0	100	0	70	1	0	0	0	0	0	0	0	85	1	0	0	0	0	0	0	0	1028	1	0	0	0	0	0	0	0	1078	1	0	0	0	0	0	0	0	1128	1	0	0	0	0	0	0	0	1178	1	0	0	0	0	0	0	0	1228	1	0	0	0	0	0	0	0	1278	1	0	0	0	0	0	0	0	1328	1	0	0	0	0	0	0	0	1378	1	0	0	0	0	0	0	0	0	0	0	0	0	0	0	0	0	0	0	0	0	0	0	0	0	0	0	0	0	0	0	0	0	0	0	0	0	0	0	0	0	0	0	0	0	0	0	0	0	0	0	0	0	0	0	0	0	0	0	0	0	0	0	0	0	0	0	0	0	0	0	0	0	0	0	0	0	0	0	0	0	0	0	0	0	0	0	0	0	0	0	0	0	0	0	0	0	0	0	0	0	0	0	0	0	0	0	0	0	0	0	0	0	0	0	0	0	0	0	0	0	0	0	0	0	0	0	0	0	0	0	0	0	0	0	0	0	0	0	0	0	0	0	
	4511	마르자나(배틀존)	4	8	0	0	55629	1	0	70	0	0	0	0	0	55633	1	0	140	0	0	0	0	0	55637	1	0	280	0	0	0	0	0	56055	1	0	160	0	0	0	0	0	0	0	0	0	0	0	0	0	0	55630	1	0	70	0	0	0	0	0	55634	1	0	140	0	0	0	0	0	55638	1	0	280	0	0	0	0	0	56056	1	0	160	0	0	0	0	0	0	0	0	0	0	0	0	0	0	55631	1	0	70	0	0	0	0	0	55635	1	0	140	0	0	0	0	0	55639	1	0	280	0	0	0	0	0	56057	1	0	160	0	0	0	0	0	0	0	0	0	0	0	0	0	0	55632	1	0	70	0	0	0	0	0	55636	1	0	140	0	0	0	0	0	55640	1	0	280	0	0	0	0	0	56058	1	0	160	0	0	0	0	0	0	0	0	0	0	0	0	0	0	0	0	0	0	0	0	0	0	0	0	0	0	0	0	0	0	0	0	0	0	0	0	0	0	0	0	0	0	0	0	0	0	0	0	0	0	0	0	0	0	0	0	0	0	0	
	4514	HER-AK9(헬로이드상점)_본섭용	1	0	100	0	222	1	0	0	0	0	0	0	0	1520	1	0	0	0	0	0	0	0	1530	1	0	0	0	0	0	0	0	1540	1	0	0	0	0	0	0	0	1550	1	0	0	0	0	0	0	0	1560	1	0	0	0	0	0	0	0	1570	1	0	0	0	0	0	0	0	1580	1	0	0	0	0	0	0	0	1590	1	0	0	0	0	0	0	0	0	0	0	0	0	0	0	0	0	0	0	0	0	0	0	0	0	0	0	0	0	0	0	0	0	0	0	0	0	0	0	0	0	0	0	0	0	0	0	0	0	0	0	0	0	0	0	0	0	0	0	0	0	0	0	0	0	0	0	0	0	0	0	0	0	0	0	0	0	0	0	0	0	0	0	0	0	0	0	0	0	0	0	0	0	0	0	0	0	0	0	0	0	0	0	0	0	0	0	0	0	0	0	0	0	0	0	0	0	0	0	0	0	0	0	0	0	0	0	0	0	0	0	0	0	0	0	0	0	0	0	0	0	0	0	0	0	0	0	0	0	0	0	0	
	4515	세리아(미스틱상점)_본섭용	1	0	100	0	184	1	0	0	0	0	0	0	0	199	1	0	0	0	0	0	0	0	1440	1	0	0	0	0	0	0	0	1450	1	0	0	0	0	0	0	0	1460	1	0	0	0	0	0	0	0	1470	1	0	0	0	0	0	0	0	1480	1	0	0	0	0	0	0	0	1490	1	0	0	0	0	0	0	0	1500	1	0	0	0	0	0	0	0	1510	1	0	0	0	0	0	0	0	0	0	0	0	0	0	0	0	0	0	0	0	0	0	0	0	0	0	0	0	0	0	0	0	0	0	0	0	0	0	0	0	0	0	0	0	0	0	0	0	0	0	0	0	0	0	0	0	0	0	0	0	0	0	0	0	0	0	0	0	0	0	0	0	0	0	0	0	0	0	0	0	0	0	0	0	0	0	0	0	0	0	0	0	0	0	0	0	0	0	0	0	0	0	0	0	0	0	0	0	0	0	0	0	0	0	0	0	0	0	0	0	0	0	0	0	0	0	0	0	0	0	0	0	0	0	0	0	0	0	0	0	0	0	0	
	62313	위블상인_에스마라_본섭용	1	0	100	0	237	1	0	0	0	0	0	0	0	1600	1	0	0	0	0	0	0	0	1610	1	0	0	0	0	0	0	0	1620	1	0	0	0	0	0	0	0	1630	1	0	0	0	0	0	0	0	1640	1	0	0	0	0	0	0	0	1650	1	0	0	0	0	0	0	0	1660	1	0	0	0	0	0	0	0	1670	1	0	0	0	0	0	0	0	0	0	0	0	0	0	0	0	0	0	0	0	0	0	0	0	0	0	0	0	0	0	0	0	0	0	0	0	0	0	0	0	0	0	0	0	0	0	0	0	0	0	0	0	0	0	0	0	0	0	0	0	0	0	0	1	0	0	0	0	0	0	0	0	0	0	0	0	0	0	0	0	0	0	0	0	0	0	0	0	0	0	0	0	0	0	0	0	0	0	0	0	0	0	0	0	0	0	0	0	0	0	0	0	0	0	0	0	0	0	0	0	0	0	0	0	0	0	0	0	0	0	0	0	0	0	0	0	0	0	0	0	0	0	0	0	0	0	0	0	0	0	0	0	
//	필드상인										0	0	0	0	0					0	0	0	0	0					0	0	0	0	0					0	0	0	0	0					0	0	0	0	0					0	0	0	0	0					0	0	0	0	0					0	0	0	0	0					0	0	0	0	0					0	0	0	0	0					0	0	0	0	0					0	0	0	0	0					0	0	0	0	0					0	0	0	0	0					0	0	0	0	0					0	0	0	0	0					0	0	0	0	0					0	0	0	0	0					0	0	0	0	0					0	0	0	0	0					0	0	0	0	0					0	0	0	0	0					0	0	0	0	0					0	0	0	0	0					0	0	0	0	0	
	63752	주술사코르밋	1	0	100	0	4002	1	0	0	0	0	0	0	0	7241	1	0	0	0	0	0	0	0	0	0	0	0	0	0	0	0	0	0	0	0	0	0	0	0	0	0	0	0	0	0	0	0	0	0	0	0	0	0	0	0	0	0	0	0	0	0	0	0	0	0	0	0	0	0	0	0	0	0	0	0	0	0	0	0	0	0	0	0	0	0	0	0	0	0	0	0	0	0	0	0	0	0	0	0	0	0	0	0	0	0	0	0	0	0	0	0	0	0	0	0	0	0	0	0	0	0	0	0	0	0	0	0	0	0	0	0	0	0	0	0	0	0	0	0	0	0	0	0	0	0	0	0	0	0	0	0	0	0	0	0	0	0	0	0	0	0	0	0	0	0	0	0	0	0	0	0	0	0	0	0	0	0	0	0	0	0	0	0	0	0	0	0	0	0	0	0	0	0	0	0	0	0	0	0	0	0	0	0	0	0	0	0	0	0	0	0	0	0	0	0	0	0	0	0	0	0	0	0	0	0	0	0	0	0	0	
	63761	야수의숲클레어	1	0	100	0	4002	1	0	0	0	0	0	0	0	7241	1	0	0	0	0	0	0	0	0	0	0	0	0	0	0	0	0	0	0	0	0	0	0	0	0	0	0	0	0	0	0	0	0	0	0	0	0	0	0	0	0	0	0	0	0	0	0	0	0	0	0	0	0	0	0	0	0	0	0	0	0	0	0	0	0	0	0	0	0	0	0	0	0	0	0	0	0	0	0	0	0	0	0	0	0	0	0	0	0	0	0	0	0	0	0	0	0	0	0	0	0	0	0	0	0	0	0	0	0	0	0	0	0	0	0	0	0	0	0	0	0	0	0	0	0	0	0	0	0	0	0	0	0	0	0	0	0	0	0	0	0	0	0	0	0	0	0	0	0	0	0	0	0	0	0	0	0	0	0	0	0	0	0	0	0	0	0	0	0	0	0	0	0	0	0	0	0	0	0	0	0	0	0	0	0	0	0	0	0	0	0	0	0	0	0	0	0	0	0	0	0	0	0	0	0	0	0	0	0	0	0	0	0	0	0	
	63756	보급대원테드	1	0	100	0	4002	1	0	0	0	0	0	0	0	7241	1	0	0	0	0	0	0	0	0	0	0	0	0	0	0	0	0	0	0	0	0	0	0	0	0	0	0	0	0	0	0	0	0	0	0	0	0	0	0	0	0	0	0	0	0	0	0	0	0	0	0	0	0	0	0	0	0	0	0	0	0	0	0	0	0	0	0	0	0	0	0	0	0	0	0	0	0	0	0	0	0	0	0	0	0	0	0	0	0	0	0	0	0	0	0	0	0	0	0	0	0	0	0	0	0	0	0	0	0	0	0	0	0	0	0	0	0	0	0	0	0	0	0	0	0	0	0	0	0	0	0	0	0	0	0	0	0	0	0	0	0	0	0	0	0	0	0	0	0	0	0	0	0	0	0	0	0	0	0	0	0	0	0	0	0	0	0	0	0	0	0	0	0	0	0	0	0	0	0	0	0	0	0	0	0	0	0	0	0	0	0	0	0	0	0	0	0	0	0	0	0	0	0	0	0	0	0	0	0	0	0	0	0	0	0	
	63766	율린(잡화상인)-1	1	0	100	0	4002	1	0	0	0	0	0	0	0	4003	1	0	0	0	0	0	0	0	4007	1	0	0	0	0	0	0	0	6874	1	0	0	0	0	0	0	0	7241	1	0	0	0	0	0	0	0	3301	1	0	0	0	0	0	0	0	0	0	0	0	0	0	0	0	0	0	0	0	0	0	0	0	0	0	0	0	0	0	0	0	0	0	0	0	0	0	0	0	0	0	0	0	0	0	0	0	0	0	0	0	0	0	0	0	0	0	0	0	0	0	0	0	0	0	0	0	0	0	0	0	0	0	0	0	0	0	0	0	0	0	0	0	0	0	0	0	0	0	0	0	0	0	0	0	0	0	0	0	0	0	0	0	0	0	0	0	0	0	0	0	0	0	0	0	0	0	0	0	0	0	0	0	0	0	0	0	0	0	0	0	0	0	0	0	0	0	0	0	0	0	0	0	0	0	0	0	0	0	0	0	0	0	0	0	0	0	0	0	0	0	0	0	0	0	0	0	0	0	0	0	0	0	0	0	0	0	0	
//	63766	율린(잡화상인)-1	1	0	100	1	167	1	0	0	0	0	0	0	0	10167	1	0	0	0	0	0	0	0	20167	1	0	0	0	0	0	0	0	30167	1	0	0	0	0	0	0	0	0	0	0	0	0	0	0	0	0	168	1	0	0	0	0	0	0	0	10168	1	0	0	0	0	0	0	0	20168	1	0	0	0	0	0	0	0	30168	1	0	0	0	0	0	0	0	0	0	0	0	0	0	0	0	0	0	0	0	0	0	0	0	0	0	0	0	0	0	0	0	0	0	0	0	0	0	0	0	0	0	0	0	0	0	0	0	0	0	0	0	0	0	0	0	0	0	0	0	0	0	0	0	0	0	0	0	0	0	0	0	0	0	0	0	0	0	0	0	0	0	0	0	0	0	0	0	0	0	0	0	0	0	0	0	0	0	0	0	0	0	0	0	0	0	0	0	0	0	0	0	0	0	0	0	0	0	0	0	0	0	0	0	0	0	0	0	0	0	0	0	0	0	0	0	0	0	0	0	0	0	0	0	0	0	0	0	0	0	0	0	
//	63766	율린(잡화상인)-1	1	0	100	2	169	1	0	0	0	0	0	0	0	10169	1	0	0	0	0	0	0	0	20169	1	0	0	0	0	0	0	0	30169	1	0	0	0	0	0	0	0	0	0	0	0	0	0	0	0	0	170	1	0	0	0	0	0	0	0	10170	1	0	0	0	0	0	0	0	20170	1	0	0	0	0	0	0	0	30170	1	0	0	0	0	0	0	0	0	0	0	0	0	0	0	0	0	0	0	0	0	0	0	0	0	0	0	0	0	0	0	0	0	0	0	0	0	0	0	0	0	0	0	0	0	0	0	0	0	0	0	0	0	0	0	0	0	0	0	0	0	0	0	0	0	0	0	0	0	0	0	0	0	0	0	0	0	0	0	0	0	0	0	0	0	0	0	0	0	0	0	0	0	0	0	0	0	0	0	0	0	0	0	0	0	0	0	0	0	0	0	0	0	0	0	0	0	0	0	0	0	0	0	0	0	0	0	0	0	0	0	0	0	0	0	0	0	0	0	0	0	0	0	0	0	0	0	0	0	0	0	0	
//	63766	율린(잡화상인)-1	1	0	100	3	171	1	0	0	0	0	0	0	0	10171	1	0	0	0	0	0	0	0	20171	1	0	0	0	0	0	0	0	30171	1	0	0	0	0	0	0	0	0	0	0	0	0	0	0	0	0	172	1	0	0	0	0	0	0	0	10172	1	0	0	0	0	0	0	0	20172	1	0	0	0	0	0	0	0	30172	1	0	0	0	0	0	0	0	0	0	0	0	0	0	0	0	0	0	0	0	0	0	0	0	0	0	0	0	0	0	0	0	0	0	0	0	0	0	0	0	0	0	0	0	0	0	0	0	0	0	0	0	0	0	0	0	0	0	0	0	0	0	0	0	0	0	0	0	0	0	0	0	0	0	0	0	0	0	0	0	0	0	0	0	0	0	0	0	0	0	0	0	0	0	0	0	0	0	0	0	0	0	0	0	0	0	0	0	0	0	0	0	0	0	0	0	0	0	0	0	0	0	0	0	0	0	0	0	0	0	0	0	0	0	0	0	0	0	0	0	0	0	0	0	0	0	0	0	0	0	0	0	
//	63766	율린(잡화상인)-1	1	0	100	4	173	1	0	0	0	0	0	0	0	10173	1	0	0	0	0	0	0	0	20173	1	0	0	0	0	0	0	0	30173	1	0	0	0	0	0	0	0	0	0	0	0	0	0	0	0	0	174	1	0	0	0	0	0	0	0	10174	1	0	0	0	0	0	0	0	20174	1	0	0	0	0	0	0	0	30174	1	0	0	0	0	0	0	0	0	0	0	0	0	0	0	0	0	0	0	0	0	0	0	0	0	0	0	0	0	0	0	0	0	0	0	0	0	0	0	0	0	0	0	0	0	0	0	0	0	0	0	0	0	0	0	0	0	0	0	0	0	0	0	0	0	0	0	0	0	0	0	0	0	0	0	0	0	0	0	0	0	0	0	0	0	0	0	0	0	0	0	0	0	0	0	0	0	0	0	0	0	0	0	0	0	0	0	0	0	0	0	0	0	0	0	0	0	0	0	0	0	0	0	0	0	0	0	0	0	0	0	0	0	0	0	0	0	0	0	0	0	0	0	0	0	0	0	0	0	0	0	0	
	63775	안톤(잡화상인)-2	1	0	100	0	4002	1	0	0	0	0	0	0	0	4003	1	0	0	0	0	0	0	0	4007	1	0	0	0	0	0	0	0	6874	1	0	0	0	0	0	0	0	7241	1	0	0	0	0	0	0	0	3301	1	0	0	0	0	0	0	0	0	0	0	0	0	0	0	0	0	0	0	0	0	0	0	0	0	0	0	0	0	0	0	0	0	0	0	0	0	0	0	0	0	0	0	0	0	0	0	0	0	0	0	0	0	0	0	0	0	0	0	0	0	0	0	0	0	0	0	0	0	0	0	0	0	0	0	0	0	0	0	0	0	0	0	0	0	0	0	0	0	0	0	0	0	0	0	0	0	0	0	0	0	0	0	0	0	0	0	0	0	0	0	0	0	0	0	0	0	0	0	0	0	0	0	0	0	0	0	0	0	0	0	0	0	0	0	0	0	0	0	0	0	0	0	0	0	0	0	0	0	0	0	0	0	0	0	0	0	0	0	0	0	0	0	0	0	0	0	0	0	0	0	0	0	0	0	0	0	0	0	
	63921	괴인(붉은용암의계곡)	1	0	100	0	3024	1	0	0	0	0	0	0	0	3025	1	0	0	0	0	0	0	0	3026	1	0	0	0	0	0	0	0	3027	1	0	0	0	0	0	0	0	3028	1	0	0	0	0	0	0	0	4004	1	0	0	0	0	0	0	0	7241	1	0	0	0	0	0	0	0	40496	1	0	0	0	0	0	0	0	40503	1	0	0	0	0	0	0	0	0	0	0	0	0	0	0	0	0	0	0	0	0	0	0	0	0	0	0	0	0	0	0	0	0	0	0	0	0	0	0	0	0	0	0	0	0	0	0	0	0	0	0	0	0	0	0	0	0	0	0	0	0	0	0	0	0	0	0	0	0	0	0	0	0	0	0	0	0	0	0	0	0	0	0	0	0	0	0	0	0	0	0	0	0	0	0	0	0	0	0	0	0	0	0	0	0	0	0	0	0	0	0	0	0	0	0	0	0	0	0	0	0	0	0	0	0	0	0	0	0	0	0	0	0	0	0	0	0	0	0	0	0	0	0	0	0	0	0	0	0	0	0	0	
//	미션상인										0	0	0	0	0					0	0	0	0	0					0	0	0	0	0					0	0	0	0	0					0	0	0	0	0					0	0	0	0	0					0	0	0	0	0					0	0	0	0	0					0	0	0	0	0					0	0	0	0	0					0	0	0	0	0					0	0	0	0	0					0	0	0	0	0					0	0	0	0	0					0	0	0	0	0					0	0	0	0	0					0	0	0	0	0					0	0	0	0	0					0	0	0	0	0					0	0	0	0	0					0	0	0	0	0					0	0	0	0	0					0	0	0	0	0					0	0	0	0	0					0	0	0	0	0	
	64512	보급대원훔버(상인)	1	0	100	0	4002	1	0	0	0	0	0	0	0	4003	1	0	0	0	0	0	0	0	7241	1	0	0	0	0	0	0	0	3301	1	0	0	0	0	0	0	0	0	0	0	0	0	0	0	0	0	0	0	0	0	0	0	0	0	0	0	0	0	0	0	0	0	0	0	0	0	0	0	0	0	0	0	0	0	0	0	0	0	0	0	0	0	0	0	0	0	0	0	0	0	0	0	0	0	0	0	0	0	0	0	0	0	0	0	0	0	0	0	0	0	0	0	0	0	0	0	0	0	0	0	0	0	0	0	0	0	0	0	0	0	0	0	0	0	0	0	0	0	0	0	0	0	0	0	0	0	0	0	0	0	0	0	0	0	0	0	0	0	0	0	0	0	0	0	0	0	0	0	0	0	0	0	0	0	0	0	0	0	0	0	0	0	0	0	0	0	0	0	0	0	0	0	0	0	0	0	0	0	0	0	0	0	0	0	0	0	0	0	0	0	0	0	0	0	0	0	0	0	0	0	0	0	0	0	0	0	
	64016	화산M상인_여행상인슈펜	1	0	100	0	4003	1	0	0	0	0	0	0	0	7241	1	0	0	0	0	0	0	0	3301	1	0	0	0	0	0	0	0	0	0	0	0	0	0	0	0	0	0	0	0	0	0	0	0	0	0	0	0	0	0	0	0	0	0	0	0	0	0	0	0	0	0	0	0	0	0	0	0	0	0	0	0	0	0	0	0	0	0	0	0	0	0	0	0	0	0	0	0	0	0	0	0	0	0	0	0	0	0	0	0	0	0	0	0	0	0	0	0	0	0	0	0	0	0	0	0	0	0	0	0	0	0	0	0	0	0	0	0	0	0	0	0	0	0	0	0	0	0	0	0	0	0	0	0	0	0	0	0	0	0	0	0	0	0	0	0	0	0	0	0	0	0	0	0	0	0	0	0	0	0	0	0	0	0	0	0	0	0	0	0	0	0	0	0	0	0	0	0	0	0	0	0	0	0	0	0	0	0	0	0	0	0	0	0	0	0	0	0	0	0	0	0	0	0	0	0	0	0	0	0	0	0	0	0	0	0	
//	트링겔리뉴얼추가상인										0	0	0	0	0					0	0	0	0	0					0	0	0	0	0					0	0	0	0	0					0	0	0	0	0					0	0	0	0	0					0	0	0	0	0					0	0	0	0	0					0	0	0	0	0					0	0	0	0	0					0	0	0	0	0					0	0	0	0	0					0	0	0	0	0					0	0	0	0	0					0	0	0	0	0					0	0	0	0	0					0	0	0	0	0					0	0	0	0	0					0	0	0	0	0					0	0	0	0	0					0	0	0	0	0					0	0	0	0	0					0	0	0	0	0					0	0	0	0	0					0	0	0	0	0	
	62111	슈토르(트링겔추가잡화)	1	0	100	0	4001	1	0	0	0	0	0	0	0	4002	1	0	0	0	0	0	0	0	6874	1	0	0	0	0	0	0	0	0	0	0	0	0	0	0	0	0	0	0	0	0	0	0	0	0	0	3301	1	0	0	0	0	0	0	0	4195	1	0	0	0	0	0	0	0	4196	1	0	0	0	0	0	0	0	4197	1	0	0	0	0	0	0	0	0	0	0	0	0	0	0	0	0	0	0	0	0	0	0	0	0	0	0	0	0	0	0	0	0	0	0	0	0	0	0	0	0	0	0	0	0	0	0	0	0	0	0	0	0	0	0	0	0	0	0	0	0	0	0	0	0	0	0	0	0	0	0	0	0	0	0	0	0	0	0	0	0	0	0	0	0	0	0	0	0	0	0	0	0	0	0	0	0	0	0	0	0	0	0	0	0	0	0	0	0	0	0	0	0	0	0	0	0	0	0	0	0	0	0	0	0	0	0	0	0	0	0	0	0	0	0	0	0	0	0	0	0	0	0	0	0	0	0	0	0	0	0	0	
//	대만_크리스마스이벤트상인										0	0	0	0	0					0	0	0	0	0					0	0	0	0	0					0	0	0	0	0					0	0	0	0	0					0	0	0	0	0					0	0	0	0	0					0	0	0	0	0					0	0	0	0	0					0	0	0	0	0					0	0	0	0	0					0	0	0	0	0					0	0	0	0	0					0	0	0	0	0					0	0	0	0	0					0	0	0	0	0					0	0	0	0	0					0	0	0	0	0					0	0	0	0	0					0	0	0	0	0					0	0	0	0	0					0	0	0	0	0					0	0	0	0	0					0	0	0	0	0					0	0	0	0	0	
//	63908	대만_산타클로스	1	0	100	0	40267	1	0	0	0	0	0	0	0	40268	1	0	0	0	0	0	0	0	40269	1	0	0	0	0	0	0	0	40270	1	0	0	0	0	0	0	0	0	0	0	0	0	0	0	0	0	0	0	0	0	0	0	0	0	0	0	0	0	0	0	0	0	0	0	0	0	0	0	0	0	0	0	0	0	0	0	0	0	0	0	0	0	0	0	0	0	0	0	0	0	0	0	0	0	0	0	0	0	0	0	0	0	0	0	0	0	0	0	0	0	0	0	0	0	0	0	0	0	0	0	0	0	0	0	0	0	0	0	0	0	0	0	0	0	0	0	0	0	0	0	0	0	0	0	0	0	0	0	0	0	0	0	0	0	0	0	0	0	0	0	0	0	0	0	0	0	0	0	0	0	0	0	0	0	0	0	0	0	0	0	0	0	0	0	0	0	0	0	0	0	0	0	0	0	0	0	0	0	0	0	0	0	0	0	0	0	0	0	0	0	0	0	0	0	0	0	0	0	0	0	0	0	0	0	0	0	
//	마부(탈것상인)										0	0	0	0	0					0	0	0	0	0					0	0	0	0	0					0	0	0	0	0					0	0	0	0	0					0	0	0	0	0					0	0	0	0	0					0	0	0	0	0					0	0	0	0	0					0	0	0	0	0					0	0	0	0	0					0	0	0	0	0					0	0	0	0	0					0	0	0	0	0					0	0	0	0	0					0	0	0	0	0					0	0	0	0	0					0	0	0	0	0					0	0	0	0	0					0	0	0	0	0					0	0	0	0	0					0	0	0	0	0					0	0	0	0	0					0	0	0	0	0					0	0	0	0	0	
	65418	브랜든(마부)	1	0	0	0	3400	1	0	0	0	0	0	0	0	3403	1	0	0	0	0	0	0	0	3406	1	0	0	0	0	0	0	0	3600	1	0	0	0	0	0	0	0	3601	1	0	0	0	0	0	0	0	3602	1	0	0	0	0	0	0	0	3605	1	0	0	0	0	0	0	0	3606	1	0	0	0	0	0	0	0	3607	1	0	0	0	0	0	0	0	3608	1	0	0	0	0	0	0	0	3609	1	0	0	0	0	0	0	0	3610	1	0	0	0	0	0	0	0	3565	1	0	0	1	2	0	0	0	3566	1	0	0	1	2	0	0	0	3567	1	0	0	1	2	0	0	0	3568	1	0	0	1	2	0	0	0	3569	1	0	0	1	2	0	0	0	3570	1	0	0	1	2	0	0	0	3571	1	0	0	1	2	0	0	0	3572	1	0	0	1	2	0	0	0	3573	1	0	0	1	2	0	0	0	0	0	0	0	0	0	0	0	0	0	0	0	0	0	0	0	0	0	0	0	0	0	0	0	0	0	0	0	0	0	0	0	0	0	0	0	
//	타락한사원상인(각마을)										0	0	0	0	0					0	0	0	0	0					0	0	0	0	0					0	0	0	0	0					0	0	0	0	0					0	0	0	0	0					0	0	0	0	0					0	0	0	0	0					0	0	0	0	0					0	0	0	0	0					0	0	0	0	0					0	0	0	0	0					0	0	0	0	0					0	0	0	0	0					0	0	0	0	0					0	0	0	0	0					0	0	0	0	0					0	0	0	0	0					0	0	0	0	0					0	0	0	0	0					0	0	0	0	0					0	0	0	0	0					0	0	0	0	0					0	0	0	0	0					0	0	0	0	0	
	64067	[타락한무구교환원]데바	2	55603	0	0	51177	1	0	42	0	0	0	0	0	51178	1	0	21	0	0	0	0	0	51179	1	0	30	0	0	0	0	0	51180	1	0	33	0	0	0	0	0	51181	1	0	33	0	0	0	0	0	51182	1	0	30	0	0	0	0	0	51183	1	0	27	0	0	0	0	0	51184	1	0	15	0	0	0	0	0	50222	1	0	84	0	0	0	0	0	50223	1	0	84	0	0	0	0	0	0	0	0	0	0	0	0	0	0	0	0	0	0	0	0	0	0	0	0	0	0	0	0	0	0	0	0	0	0	0	0	0	0	0	0	0	0	0	0	0	0	0	0	0	0	51185	1	0	42	0	0	0	0	0	51186	1	0	21	0	0	0	0	0	51187	1	0	30	0	0	0	0	0	51188	1	0	33	0	0	0	0	0	51189	1	0	33	0	0	0	0	0	51190	1	0	30	0	0	0	0	0	51191	1	0	27	0	0	0	0	0	51192	1	0	15	0	0	0	0	0	50224	1	0	84	0	0	0	0	0	50225	1	0	84	0	0	0	0	0	
	64067	[타락한무구교환원]데바	2	55603	0	1	51193	1	0	42	0	0	0	0	0	51194	1	0	21	0	0	0	0	0	51195	1	0	30	0	0	0	0	0	51196	1	0	33	0	0	0	0	0	51197	1	0	33	0	0	0	0	0	51198	1	0	30	0	0	0	0	0	51199	1	0	27	0	0	0	0	0	51200	1	0	15	0	0	0	0	0	50226	1	0	84	0	0	0	0	0	50227	1	0	84	0	0	0	0	0	0	0	0	0	0	0	0	0	0	0	0	0	0	0	0	0	0	0	0	0	0	0	0	0	0	0	0	0	0	0	0	0	0	0	0	0	0	0	0	0	0	0	0	0	0	51201	1	0	42	0	0	0	0	0	51202	1	0	21	0	0	0	0	0	51203	1	0	30	0	0	0	0	0	51204	1	0	33	0	0	0	0	0	51205	1	0	33	0	0	0	0	0	51206	1	0	30	0	0	0	0	0	51207	1	0	27	0	0	0	0	0	51208	1	0	15	0	0	0	0	0	50228	1	0	84	0	0	0	0	0	50229	1	0	84	0	0	0	0	0	
	64067	[타락한무구교환원]데바	2	55603	0	2	51209	1	0	42	0	0	0	0	0	51210	1	0	21	0	0	0	0	0	51211	1	0	30	0	0	0	0	0	51212	1	0	33	0	0	0	0	0	51213	1	0	33	0	0	0	0	0	51214	1	0	30	0	0	0	0	0	51215	1	0	27	0	0	0	0	0	51216	1	0	15	0	0	0	0	0	50230	1	0	84	0	0	0	0	0	50231	1	0	84	0	0	0	0	0	0	0	0	0	0	0	0	0	0	0	0	0	0	0	0	0	0	0	0	0	0	0	0	0	0	0	0	0	0	0	0	0	0	0	0	0	0	0	0	0	0	0	0	0	0	51383	1	0	42	0	0	0	0	0	51384	1	0	21	0	0	0	0	0	51385	1	0	30	0	0	0	0	0	51386	1	0	33	0	0	0	0	0	51387	1	0	33	0	0	0	0	0	51388	1	0	30	0	0	0	0	0	51389	1	0	27	0	0	0	0	0	51390	1	0	15	0	0	0	0	0	50252	1	0	84	0	0	0	0	0	50253	1	0	84	0	0	0	0	0	
	64067	[타락한무구교환원]데바	2	55603	0	3	51711	1	0	42	0	0	0	0	0	51712	1	0	21	0	0	0	0	0	51713	1	0	30	0	0	0	0	0	51714	1	0	33	0	0	0	0	0	51715	1	0	33	0	0	0	0	0	51716	1	0	30	0	0	0	0	0	51717	1	0	27	0	0	0	0	0	51718	1	0	15	0	0	0	0	0	50137	1	0	84	0	0	0	0	0	0	0	0	0	0	0	0	0	0	0	0	0	0	0	0	0	0	0	0	0	0	0	0	0	0	0	0	0	0	0	0	0	0	0	0	0	0	0	0	0	0	0	0	0	0	0	0	0	0	0	0	0	0	0	57065	1	0	42	0	0	0	0	0	57066	1	0	21	0	0	0	0	0	57067	1	0	30	0	0	0	0	0	57068	1	0	33	0	0	0	0	0	57069	1	0	33	0	0	0	0	0	57070	1	0	30	0	0	0	0	0	57071	1	0	27	0	0	0	0	0	57072	1	0	15	0	0	0	0	0	50329	1	0	84	0	0	0	0	0	0	0	0	0	0	0	0	0	0	
	62315	[카오스아이교환원]클레이	2	55603	0	0	3901	1	0	30	0	0	0	0	10080	3902	1	0	30	0	0	0	0	10080	3903	1	0	30	0	0	0	0	10080	3904	1	0	30	0	0	0	0	10080	3905	1	0	30	0	0	0	0	10080	3906	1	0	30	0	0	0	0	10080	3907	1	0	30	0	0	0	0	10080	3908	1	0	30	0	0	0	0	10080	3909	1	0	30	0	0	0	0	10080	3910	1	0	30	0	0	0	0	10080	3911	1	0	30	0	0	0	0	10080	3912	1	0	30	0	0	0	0	10080	3913	1	0	30	0	0	0	0	10080	3914	1	0	30	0	0	0	0	10080	3915	1	0	30	0	0	0	0	10080	3916	1	0	30	0	0	0	0	10080	3917	1	0	30	0	0	0	0	10080	3918	1	0	30	0	0	0	0	10080	3919	1	0	30	0	0	0	0	10080	3920	1	0	30	0	0	0	0	10080	3921	1	0	30	0	0	0	0	10080	3922	1	0	30	0	0	0	0	10080	3923	1	0	30	0	0	0	0	10080	3924	1	0	30	0	0	0	0	10080	3925	1	0	30	0	0	0	0	10080	
	62315	[카오스아이교환원]클레이	2	55603	0	1	3926	1	0	30	0	0	0	0	10080	3927	1	0	30	0	0	0	0	10080	3928	1	0	30	0	0	0	0	10080	3929	1	0	30	0	0	0	0	10080	3930	1	0	30	0	0	0	0	10080	3931	1	0	30	0	0	0	0	10080	3932	1	0	30	0	0	0	0	10080	3933	1	0	30	0	0	0	0	10080	3934	1	0	30	0	0	0	0	10080	3935	1	0	30	0	0	0	0	10080	3936	1	0	30	0	0	0	0	10080	3937	1	0	30	0	0	0	0	10080	3939	1	0	30	0	0	0	0	10080	3938	1	0	30	0	0	0	0	10080	3940	1	0	30	0	0	0	0	10080	0	0	0	0	0	0	0	0	0	0	0	0	0	0	0	0	0	0	0	0	0	0	0	0	0	0	0	0	0	0	0	0	0	0	0	0	0	0	0	0	0	0	0	0	0	0	0	0	0	0	0	0	0	0	0	0	0	0	0	0	0	0	0	0	0	0	0	0	0	0	0	0	0	0	0	0	0	0	0	0	0	0	0	0	0	0	0	0	0	0	
//	64072	[미완의타락한무구교환원]아베드_B	2	55602	0	0	52040	1	0	60	0	0	0	0	0	52041	1	0	40	0	0	0	0	0	52042	1	0	48	0	0	0	0	0	52043	1	0	54	0	0	0	0	0	52044	1	0	44	0	0	0	0	0	52045	1	0	44	0	0	0	0	0	52046	1	0	34	0	0	0	0	0	52047	1	0	25	0	0	0	0	0	50232	1	0	120	0	0	0	0	0	50233	1	0	120	0	0	0	0	0	0	0	0	0	0	0	0	0	0	0	0	0	0	0	0	0	0	0	0	0	0	0	0	0	0	0	0	0	0	0	0	0	0	0	0	0	0	0	0	0	0	0	0	0	0	52048	1	0	60	0	0	0	0	0	52049	1	0	40	0	0	0	0	0	52050	1	0	48	0	0	0	0	0	52051	1	0	54	0	0	0	0	0	52052	1	0	44	0	0	0	0	0	52053	1	0	44	0	0	0	0	0	52054	1	0	34	0	0	0	0	0	52055	1	0	25	0	0	0	0	0	50234	1	0	120	0	0	0	0	0	50235	1	0	120	0	0	0	0	0	
//	64072	[미완의타락한무구교환원]아베드_B	2	55602	0	1	52056	1	0	60	0	0	0	0	0	52057	1	0	40	0	0	0	0	0	52058	1	0	48	0	0	0	0	0	52059	1	0	54	0	0	0	0	0	52060	1	0	44	0	0	0	0	0	52061	1	0	44	0	0	0	0	0	52062	1	0	34	0	0	0	0	0	52063	1	0	25	0	0	0	0	0	50236	1	0	120	0	0	0	0	0	50237	1	0	120	0	0	0	0	0	0	0	0	0	0	0	0	0	0	0	0	0	0	0	0	0	0	0	0	0	0	0	0	0	0	0	0	0	0	0	0	0	0	0	0	0	0	0	0	0	0	0	0	0	0	52064	1	0	60	0	0	0	0	0	52065	1	0	40	0	0	0	0	0	52066	1	0	48	0	0	0	0	0	52067	1	0	54	0	0	0	0	0	52068	1	0	44	0	0	0	0	0	52069	1	0	44	0	0	0	0	0	52070	1	0	34	0	0	0	0	0	52071	1	0	25	0	0	0	0	0	50238	1	0	120	0	0	0	0	0	50239	1	0	120	0	0	0	0	0	
//	64072	[미완의타락한무구교환원]아베드_B	2	55602	0	2	52072	1	0	60	0	0	0	0	0	52073	1	0	40	0	0	0	0	0	52074	1	0	48	0	0	0	0	0	52075	1	0	54	0	0	0	0	0	52076	1	0	44	0	0	0	0	0	52077	1	0	44	0	0	0	0	0	52078	1	0	34	0	0	0	0	0	52079	1	0	25	0	0	0	0	0	50240	1	0	120	0	0	0	0	0	50241	1	0	120	0	0	0	0	0	0	0	0	0	0	0	0	0	0	0	0	0	0	0	0	0	0	0	0	0	0	0	0	0	0	0	0	0	0	0	0	0	0	0	0	0	0	0	0	0	0	0	0	0	0	51391	1	0	60	0	0	0	0	0	51392	1	0	40	0	0	0	0	0	51393	1	0	48	0	0	0	0	0	51394	1	0	54	0	0	0	0	0	51395	1	0	44	0	0	0	0	0	51396	1	0	44	0	0	0	0	0	51397	1	0	34	0	0	0	0	0	51398	1	0	25	0	0	0	0	0	50254	1	0	120	0	0	0	0	0	50255	1	0	120	0	0	0	0	0	
//	64072	[미완의타락한무구교환원]아베드_B	2	55602	0	3	51727	1	0	60	0	0	0	0	0	51728	1	0	40	0	0	0	0	0	51729	1	0	48	0	0	0	0	0	51730	1	0	54	0	0	0	0	0	51731	1	0	44	0	0	0	0	0	51732	1	0	44	0	0	0	0	0	51733	1	0	34	0	0	0	0	0	51734	1	0	25	0	0	0	0	0	50138	1	0	120	0	0	0	0	0	0	0	0	0	0	0	0	0	0	0	0	0	0	0	0	0	0	0	0	0	0	0	0	0	0	0	0	0	0	0	0	0	0	0	0	0	0	0	0	0	0	0	0	0	0	0	0	0	0	0	0	0	0	0	0	0	0	0	0	0	0	0	0	0	0	0	0	0	0	0	0	0	0	0	0	0	0	0	0	0	0	0	0	0	0	0	0	0	0	0	0	0	0	0	0	0	0	0	0	0	0	0	0	0	0	0	0	0	0	0	0	0	0	0	0	0	0	0	0	0	0	0	0	0	0	0	0	0	0	0	0	0	0	0	0	0	0	0	0	0	0	0	0	0	
//	64068	[타락한사원초대장배급원]투사뷔베즈_D	2	55602	0	0	51177	1	50000	10	0	0	0	0	0	51179	1	50000	8	0	0	0	0	0	51180	1	50000	9	0	0	0	0	0	51181	1	50000	7	0	0	0	0	0	51182	1	50000	7	0	0	0	0	0	51185	1	50000	10	0	0	0	0	0	51187	1	50000	8	0	0	0	0	0	51188	1	50000	9	0	0	0	0	0	51189	1	50000	7	0	0	0	0	0	51190	1	50000	7	0	0	0	0	0	51193	1	50000	10	0	0	0	0	0	51195	1	50000	8	0	0	0	0	0	51196	1	50000	9	0	0	0	0	0	51197	1	50000	7	0	0	0	0	0	51198	1	50000	7	0	0	0	0	0	51201	1	50000	10	0	0	0	0	0	51203	1	50000	8	0	0	0	0	0	51204	1	50000	9	0	0	0	0	0	51205	1	50000	7	0	0	0	0	0	51206	1	50000	7	0	0	0	0	0	51209	1	50000	10	0	0	0	0	0	51211	1	50000	8	0	0	0	0	0	51212	1	50000	9	0	0	0	0	0	51213	1	50000	7	0	0	0	0	0	51214	1	50000	7	0	0	0	0	0	
//	64068	[타락한사원초대장배급원]투사뷔베즈_D	2	55602	0	1	51383	1	50000	10	0	0	0	0	0	51385	1	50000	8	0	0	0	0	0	51386	1	50000	9	0	0	0	0	0	51387	1	50000	7	0	0	0	0	0	51388	1	50000	7	0	0	0	0	0	51711	1	50000	10	0	0	0	0	0	51713	1	50000	8	0	0	0	0	0	51714	1	50000	9	0	0	0	0	0	51715	1	50000	7	0	0	0	0	0	51716	1	50000	7	0	0	0	0	0	0	0	0	0	0	0	0	0	0	0	0	0	0	0	0	0	0	0	0	0	0	0	0	0	0	0	0	0	0	0	0	0	0	0	0	0	0	0	0	0	0	0	0	0	0	0	0	0	0	0	0	0	0	0	0	0	0	0	0	0	0	0	0	0	0	0	0	0	0	0	0	0	0	0	0	0	0	0	0	0	0	0	0	0	0	0	0	0	0	0	0	0	0	0	0	0	0	0	0	0	0	0	0	0	0	0	0	0	0	0	0	0	0	0	0	0	0	0	0	0	0	0	0	0	0	0	0	0	0	0	0	0	0	0	0	
//	64069	[타락한사원초대장배급원]투사레히클_S	2	55602	0	0	51177	1	50000	10	0	0	0	0	0	51179	1	50000	8	0	0	0	0	0	51180	1	50000	9	0	0	0	0	0	51181	1	50000	7	0	0	0	0	0	51182	1	50000	7	0	0	0	0	0	51185	1	50000	10	0	0	0	0	0	51187	1	50000	8	0	0	0	0	0	51188	1	50000	9	0	0	0	0	0	51189	1	50000	7	0	0	0	0	0	51190	1	50000	7	0	0	0	0	0	51193	1	50000	10	0	0	0	0	0	51195	1	50000	8	0	0	0	0	0	51196	1	50000	9	0	0	0	0	0	51197	1	50000	7	0	0	0	0	0	51198	1	50000	7	0	0	0	0	0	51201	1	50000	10	0	0	0	0	0	51203	1	50000	8	0	0	0	0	0	51204	1	50000	9	0	0	0	0	0	51205	1	50000	7	0	0	0	0	0	51206	1	50000	7	0	0	0	0	0	51209	1	50000	10	0	0	0	0	0	51211	1	50000	8	0	0	0	0	0	51212	1	50000	9	0	0	0	0	0	51213	1	50000	7	0	0	0	0	0	51214	1	50000	7	0	0	0	0	0	
//	64069	[타락한사원초대장배급원]투사레히클_S	2	55602	0	1	51383	1	50000	10	0	0	0	0	0	51385	1	50000	8	0	0	0	0	0	51386	1	50000	9	0	0	0	0	0	51387	1	50000	7	0	0	0	0	0	51388	1	50000	7	0	0	0	0	0	51711	1	50000	10	0	0	0	0	0	51713	1	50000	8	0	0	0	0	0	51714	1	50000	9	0	0	0	0	0	51715	1	50000	7	0	0	0	0	0	51716	1	50000	7	0	0	0	0	0	0	0	0	0	0	0	0	0	0	0	0	0	0	0	0	0	0	0	0	0	0	0	0	0	0	0	0	0	0	0	0	0	0	0	0	0	0	0	0	0	0	0	0	0	0	0	0	0	0	0	0	0	0	0	0	0	0	0	0	0	0	0	0	0	0	0	0	0	0	0	0	0	0	0	0	0	0	0	0	0	0	0	0	0	0	0	0	0	0	0	0	0	0	0	0	0	0	0	0	0	0	0	0	0	0	0	0	0	0	0	0	0	0	0	0	0	0	0	0	0	0	0	0	0	0	0	0	0	0	0	0	0	0	0	0	
//	64070	[타락한사원초대장배급원]투사도레이츠_V	2	55602	0	0	51177	1	50000	10	0	0	0	0	0	51179	1	50000	8	0	0	0	0	0	51180	1	50000	9	0	0	0	0	0	51181	1	50000	7	0	0	0	0	0	51182	1	50000	7	0	0	0	0	0	51185	1	50000	10	0	0	0	0	0	51187	1	50000	8	0	0	0	0	0	51188	1	50000	9	0	0	0	0	0	51189	1	50000	7	0	0	0	0	0	51190	1	50000	7	0	0	0	0	0	51193	1	50000	10	0	0	0	0	0	51195	1	50000	8	0	0	0	0	0	51196	1	50000	9	0	0	0	0	0	51197	1	50000	7	0	0	0	0	0	51198	1	50000	7	0	0	0	0	0	51201	1	50000	10	0	0	0	0	0	51203	1	50000	8	0	0	0	0	0	51204	1	50000	9	0	0	0	0	0	51205	1	50000	7	0	0	0	0	0	51206	1	50000	7	0	0	0	0	0	51209	1	50000	10	0	0	0	0	0	51211	1	50000	8	0	0	0	0	0	51212	1	50000	9	0	0	0	0	0	51213	1	50000	7	0	0	0	0	0	51214	1	50000	7	0	0	0	0	0	
//	64070	[타락한사원초대장배급원]투사도레이츠_V	2	55602	0	1	51383	1	50000	10	0	0	0	0	0	51385	1	50000	8	0	0	0	0	0	51386	1	50000	9	0	0	0	0	0	51387	1	50000	7	0	0	0	0	0	51388	1	50000	7	0	0	0	0	0	51711	1	50000	10	0	0	0	0	0	51713	1	50000	8	0	0	0	0	0	51714	1	50000	9	0	0	0	0	0	51715	1	50000	7	0	0	0	0	0	51716	1	50000	7	0	0	0	0	0	0	0	0	0	0	0	0	0	0	0	0	0	0	0	0	0	0	0	0	0	0	0	0	0	0	0	0	0	0	0	0	0	0	0	0	0	0	0	0	0	0	0	0	0	0	0	0	0	0	0	0	0	0	0	0	0	0	0	0	0	0	0	0	0	0	0	0	0	0	0	0	0	0	0	0	0	0	0	0	0	0	0	0	0	0	0	0	0	0	0	0	0	0	0	0	0	0	0	0	0	0	0	0	0	0	0	0	0	0	0	0	0	0	0	0	0	0	0	0	0	0	0	0	0	0	0	0	0	0	0	0	0	0	0	0	
//	64071	[타락한사원초대장배급원]투사지아레이_E	2	55602	0	0	51177	1	50000	10	0	0	0	0	0	51179	1	50000	8	0	0	0	0	0	51180	1	50000	9	0	0	0	0	0	51181	1	50000	7	0	0	0	0	0	51182	1	50000	7	0	0	0	0	0	51185	1	50000	10	0	0	0	0	0	51187	1	50000	8	0	0	0	0	0	51188	1	50000	9	0	0	0	0	0	51189	1	50000	7	0	0	0	0	0	51190	1	50000	7	0	0	0	0	0	51193	1	50000	10	0	0	0	0	0	51195	1	50000	8	0	0	0	0	0	51196	1	50000	9	0	0	0	0	0	51197	1	50000	7	0	0	0	0	0	51198	1	50000	7	0	0	0	0	0	51201	1	50000	10	0	0	0	0	0	51203	1	50000	8	0	0	0	0	0	51204	1	50000	9	0	0	0	0	0	51205	1	50000	7	0	0	0	0	0	51206	1	50000	7	0	0	0	0	0	51209	1	50000	10	0	0	0	0	0	51211	1	50000	8	0	0	0	0	0	51212	1	50000	9	0	0	0	0	0	51213	1	50000	7	0	0	0	0	0	51214	1	50000	7	0	0	0	0	0	
//	64071	[타락한사원초대장배급원]투사지아레이_E	2	55602	0	1	51383	1	50000	10	0	0	0	0	0	51385	1	50000	8	0	0	0	0	0	51386	1	50000	9	0	0	0	0	0	51387	1	50000	7	0	0	0	0	0	51388	1	50000	7	0	0	0	0	0	51711	1	50000	10	0	0	0	0	0	51713	1	50000	8	0	0	0	0	0	51714	1	50000	9	0	0	0	0	0	51715	1	50000	7	0	0	0	0	0	51716	1	50000	7	0	0	0	0	0	0	0	0	0	0	0	0	0	0	0	0	0	0	0	0	0	0	0	0	0	0	0	0	0	0	0	0	0	0	0	0	0	0	0	0	0	0	0	0	0	0	0	0	0	0	0	0	0	0	0	0	0	0	0	0	0	0	0	0	0	0	0	0	0	0	0	0	0	0	0	0	0	0	0	0	0	0	0	0	0	0	0	0	0	0	0	0	0	0	0	0	0	0	0	0	0	0	0	0	0	0	0	0	0	0	0	0	0	0	0	0	0	0	0	0	0	0	0	0	0	0	0	0	0	0	0	0	0	0	0	0	0	0	0	0	
//	64073	[타락한사원초대장배급원]투사앰쉬아_B	2	55602	0	0	51177	1	50000	10	0	0	0	0	0	51179	1	50000	8	0	0	0	0	0	51180	1	50000	9	0	0	0	0	0	51181	1	50000	7	0	0	0	0	0	51182	1	50000	7	0	0	0	0	0	51185	1	50000	10	0	0	0	0	0	51187	1	50000	8	0	0	0	0	0	51188	1	50000	9	0	0	0	0	0	51189	1	50000	7	0	0	0	0	0	51190	1	50000	7	0	0	0	0	0	51193	1	50000	10	0	0	0	0	0	51195	1	50000	8	0	0	0	0	0	51196	1	50000	9	0	0	0	0	0	51197	1	50000	7	0	0	0	0	0	51198	1	50000	7	0	0	0	0	0	51201	1	50000	10	0	0	0	0	0	51203	1	50000	8	0	0	0	0	0	51204	1	50000	9	0	0	0	0	0	51205	1	50000	7	0	0	0	0	0	51206	1	50000	7	0	0	0	0	0	51209	1	50000	10	0	0	0	0	0	51211	1	50000	8	0	0	0	0	0	51212	1	50000	9	0	0	0	0	0	51213	1	50000	7	0	0	0	0	0	51214	1	50000	7	0	0	0	0	0	
//	64073	[타락한사원초대장배급원]투사앰쉬아_B	2	55602	0	1	51383	1	50000	10	0	0	0	0	0	51385	1	50000	8	0	0	0	0	0	51386	1	50000	9	0	0	0	0	0	51387	1	50000	7	0	0	0	0	0	51388	1	50000	7	0	0	0	0	0	51711	1	50000	10	0	0	0	0	0	51713	1	50000	8	0	0	0	0	0	51714	1	50000	9	0	0	0	0	0	51715	1	50000	7	0	0	0	0	0	51716	1	50000	7	0	0	0	0	0	0	0	0	0	0	0	0	0	0	0	0	0	0	0	0	0	0	0	0	0	0	0	0	0	0	0	0	0	0	0	0	0	0	0	0	0	0	0	0	0	0	0	0	0	0	0	0	0	0	0	0	0	0	0	0	0	0	0	0	0	0	0	0	0	0	0	0	0	0	0	0	0	0	0	0	0	0	0	0	0	0	0	0	0	0	0	0	0	0	0	0	0	0	0	0	0	0	0	0	0	0	0	0	0	0	0	0	0	0	0	0	0	0	0	0	0	0	0	0	0	0	0	0	0	0	0	0	0	0	0	0	0	0	0	0	
	64068	투사의암거래상_드래곤나이트_벨트헨	4	12	0	0	55603	1	0	1	0	0	0	0	0	41537	1	0	9	0	0	0	0	0	6908	1	0	3	0	0	0	0	0	6909	1	0	3	0	0	0	0	0	6910	1	0	3	0	0	0	0	0	6911	1	0	3	0	0	0	0	0	6912	1	0	3	0	0	0	0	0	6913	1	0	3	0	0	0	0	0	6914	1	0	3	0	0	0	0	0	6889	1	0	3	0	0	0	0	0	3583	1	0	30	0	0	0	0	1440	3583	1	0	80	0	0	0	0	4320	3583	1	0	180	0	0	0	0	10080	6894	1	0	200	0	0	0	0	0	0	0	0	0	0	0	0	0	0	3584	1	0	30	0	0	0	0	1440	3584	1	0	80	0	0	0	0	4320	3584	1	0	180	0	0	0	0	10080	6898	1	0	200	0	0	0	0	0	0	0	0	0	0	0	0	0	0	3585	1	0	30	0	0	0	0	1440	3585	1	0	80	0	0	0	0	4320	3585	1	0	180	0	0	0	0	10080	6902	1	0	200	0	0	0	0	0	0	0	0	0	0	0	0	0	0	
	64068	투사의암거래상_드래곤나이트_벨트헨	4	12	0	1	6857	1	0	1	0	0	0	0	0	6858	1	0	3	0	0	0	0	0	6859	1	0	6	0	0	0	0	0	6860	1	0	10	0	0	0	0	0	0	0	0	0	0	0	0	0	0	6861	1	0	1	0	0	0	0	0	6862	1	0	3	0	0	0	0	0	6863	1	0	6	0	0	0	0	0	6864	1	0	10	0	0	0	0	0	0	0	0	0	0	0	0	0	0	6865	1	0	1	0	0	0	0	0	6866	1	0	1	0	0	0	0	0	6867	1	0	1	0	0	0	0	0	6868	1	0	1	0	0	0	0	0	6869	1	0	1	0	0	0	0	0	6903	1	0	3	0	0	0	0	0	6904	1	0	3	0	0	0	0	0	6905	1	0	3	0	0	0	0	0	6906	1	0	3	0	0	0	0	0	6907	1	0	3	0	0	0	0	0	0	0	0	0	0	0	0	0	0	0	0	0	0	0	0	0	0	0	0	0	0	0	0	0	0	0	0	0	0	0	0	0	0	0	0	0	0	0	0	0	0	0	0	0	0	
	64069	투사의암거래상_섀도우_오크라	4	12	0	0	55603	1	0	1	0	0	0	0	0	41537	1	0	9	0	0	0	0	0	6908	1	0	3	0	0	0	0	0	6909	1	0	3	0	0	0	0	0	6910	1	0	3	0	0	0	0	0	6911	1	0	3	0	0	0	0	0	6912	1	0	3	0	0	0	0	0	6913	1	0	3	0	0	0	0	0	6914	1	0	3	0	0	0	0	0	6889	1	0	3	0	0	0	0	0	3583	1	0	30	0	0	0	0	1440	3583	1	0	80	0	0	0	0	4320	3583	1	0	180	0	0	0	0	10080	6894	1	0	200	0	0	0	0	0	0	0	0	0	0	0	0	0	0	3584	1	0	30	0	0	0	0	1440	3584	1	0	80	0	0	0	0	4320	3584	1	0	180	0	0	0	0	10080	6898	1	0	200	0	0	0	0	0	0	0	0	0	0	0	0	0	0	3585	1	0	30	0	0	0	0	1440	3585	1	0	80	0	0	0	0	4320	3585	1	0	180	0	0	0	0	10080	6902	1	0	200	0	0	0	0	0	0	0	0	0	0	0	0	0	0	
	64069	투사의암거래상_섀도우_오크라	4	12	0	1	6857	1	0	1	0	0	0	0	0	6858	1	0	3	0	0	0	0	0	6859	1	0	6	0	0	0	0	0	6860	1	0	10	0	0	0	0	0	0	0	0	0	0	0	0	0	0	6861	1	0	1	0	0	0	0	0	6862	1	0	3	0	0	0	0	0	6863	1	0	6	0	0	0	0	0	6864	1	0	10	0	0	0	0	0	0	0	0	0	0	0	0	0	0	6865	1	0	1	0	0	0	0	0	6866	1	0	1	0	0	0	0	0	6867	1	0	1	0	0	0	0	0	6868	1	0	1	0	0	0	0	0	6869	1	0	1	0	0	0	0	0	6903	1	0	3	0	0	0	0	0	6904	1	0	3	0	0	0	0	0	6905	1	0	3	0	0	0	0	0	6906	1	0	3	0	0	0	0	0	6907	1	0	3	0	0	0	0	0	0	0	0	0	0	0	0	0	0	0	0	0	0	0	0	0	0	0	0	0	0	0	0	0	0	0	0	0	0	0	0	0	0	0	0	0	0	0	0	0	0	0	0	0	0	
	64070	투사의암거래상_발키리_트링겔	4	12	0	0	55603	1	0	1	0	0	0	0	0	41537	1	0	9	0	0	0	0	0	6908	1	0	3	0	0	0	0	0	6909	1	0	3	0	0	0	0	0	6910	1	0	3	0	0	0	0	0	6911	1	0	3	0	0	0	0	0	6912	1	0	3	0	0	0	0	0	6913	1	0	3	0	0	0	0	0	6914	1	0	3	0	0	0	0	0	6889	1	0	3	0	0	0	0	0	3583	1	0	30	0	0	0	0	1440	3583	1	0	80	0	0	0	0	4320	3583	1	0	180	0	0	0	0	10080	6894	1	0	200	0	0	0	0	0	0	0	0	0	0	0	0	0	0	3584	1	0	30	0	0	0	0	1440	3584	1	0	80	0	0	0	0	4320	3584	1	0	180	0	0	0	0	10080	6898	1	0	200	0	0	0	0	0	0	0	0	0	0	0	0	0	0	3585	1	0	30	0	0	0	0	1440	3585	1	0	80	0	0	0	0	4320	3585	1	0	180	0	0	0	0	10080	6902	1	0	200	0	0	0	0	0	0	0	0	0	0	0	0	0	0	
	64070	투사의암거래상_발키리_트링겔	4	12	0	1	6857	1	0	1	0	0	0	0	0	6858	1	0	3	0	0	0	0	0	6859	1	0	6	0	0	0	0	0	6860	1	0	10	0	0	0	0	0	0	0	0	0	0	0	0	0	0	6861	1	0	1	0	0	0	0	0	6862	1	0	3	0	0	0	0	0	6863	1	0	6	0	0	0	0	0	6864	1	0	10	0	0	0	0	0	0	0	0	0	0	0	0	0	0	6865	1	0	1	0	0	0	0	0	6866	1	0	1	0	0	0	0	0	6867	1	0	1	0	0	0	0	0	6868	1	0	1	0	0	0	0	0	6869	1	0	1	0	0	0	0	0	6903	1	0	3	0	0	0	0	0	6904	1	0	3	0	0	0	0	0	6905	1	0	3	0	0	0	0	0	6906	1	0	3	0	0	0	0	0	6907	1	0	3	0	0	0	0	0	0	0	0	0	0	0	0	0	0	0	0	0	0	0	0	0	0	0	0	0	0	0	0	0	0	0	0	0	0	0	0	0	0	0	0	0	0	0	0	0	0	0	0	0	0	
	64071	투사의암거래상_미스틱_코르토크	4	12	0	0	55603	1	0	1	0	0	0	0	0	41537	1	0	9	0	0	0	0	0	6908	1	0	3	0	0	0	0	0	6909	1	0	3	0	0	0	0	0	6910	1	0	3	0	0	0	0	0	6911	1	0	3	0	0	0	0	0	6912	1	0	3	0	0	0	0	0	6913	1	0	3	0	0	0	0	0	6914	1	0	3	0	0	0	0	0	6889	1	0	3	0	0	0	0	0	3583	1	0	30	0	0	0	0	1440	3583	1	0	80	0	0	0	0	4320	3583	1	0	180	0	0	0	0	10080	6894	1	0	200	0	0	0	0	0	0	0	0	0	0	0	0	0	0	3584	1	0	30	0	0	0	0	1440	3584	1	0	80	0	0	0	0	4320	3584	1	0	180	0	0	0	0	10080	6898	1	0	200	0	0	0	0	0	0	0	0	0	0	0	0	0	0	3585	1	0	30	0	0	0	0	1440	3585	1	0	80	0	0	0	0	4320	3585	1	0	180	0	0	0	0	10080	6902	1	0	200	0	0	0	0	0	0	0	0	0	0	0	0	0	0	
	64071	투사의암거래상_미스틱_코르토크	4	12	0	1	6857	1	0	1	0	0	0	0	0	6858	1	0	3	0	0	0	0	0	6859	1	0	6	0	0	0	0	0	6860	1	0	10	0	0	0	0	0	0	0	0	0	0	0	0	0	0	6861	1	0	1	0	0	0	0	0	6862	1	0	3	0	0	0	0	0	6863	1	0	6	0	0	0	0	0	6864	1	0	10	0	0	0	0	0	0	0	0	0	0	0	0	0	0	6865	1	0	1	0	0	0	0	0	6866	1	0	1	0	0	0	0	0	6867	1	0	1	0	0	0	0	0	6868	1	0	1	0	0	0	0	0	6869	1	0	1	0	0	0	0	0	6903	1	0	3	0	0	0	0	0	6904	1	0	3	0	0	0	0	0	6905	1	0	3	0	0	0	0	0	6906	1	0	3	0	0	0	0	0	6907	1	0	3	0	0	0	0	0	0	0	0	0	0	0	0	0	0	0	0	0	0	0	0	0	0	0	0	0	0	0	0	0	0	0	0	0	0	0	0	0	0	0	0	0	0	0	0	0	0	0	0	0	0	
	64072	투사의암거래상_엘리멘탈리스트_에텔레인	4	12	0	0	55603	1	0	1	0	0	0	0	0	41537	1	0	9	0	0	0	0	0	6908	1	0	3	0	0	0	0	0	6909	1	0	3	0	0	0	0	0	6910	1	0	3	0	0	0	0	0	6911	1	0	3	0	0	0	0	0	6912	1	0	3	0	0	0	0	0	6913	1	0	3	0	0	0	0	0	6914	1	0	3	0	0	0	0	0	6889	1	0	3	0	0	0	0	0	3583	1	0	30	0	0	0	0	1440	3583	1	0	80	0	0	0	0	4320	3583	1	0	180	0	0	0	0	10080	6894	1	0	200	0	0	0	0	0	0	0	0	0	0	0	0	0	0	3584	1	0	30	0	0	0	0	1440	3584	1	0	80	0	0	0	0	4320	3584	1	0	180	0	0	0	0	10080	6898	1	0	200	0	0	0	0	0	0	0	0	0	0	0	0	0	0	3585	1	0	30	0	0	0	0	1440	3585	1	0	80	0	0	0	0	4320	3585	1	0	180	0	0	0	0	10080	6902	1	0	200	0	0	0	0	0	0	0	0	0	0	0	0	0	0	
	64072	투사의암거래상_엘리멘탈리스트_에텔레인	4	12	0	1	6857	1	0	1	0	0	0	0	0	6858	1	0	3	0	0	0	0	0	6859	1	0	6	0	0	0	0	0	6860	1	0	10	0	0	0	0	0	0	0	0	0	0	0	0	0	0	6861	1	0	1	0	0	0	0	0	6862	1	0	3	0	0	0	0	0	6863	1	0	6	0	0	0	0	0	6864	1	0	10	0	0	0	0	0	0	0	0	0	0	0	0	0	0	6865	1	0	1	0	0	0	0	0	6866	1	0	1	0	0	0	0	0	6867	1	0	1	0	0	0	0	0	6868	1	0	1	0	0	0	0	0	6869	1	0	1	0	0	0	0	0	6903	1	0	3	0	0	0	0	0	6904	1	0	3	0	0	0	0	0	6905	1	0	3	0	0	0	0	0	6906	1	0	3	0	0	0	0	0	6907	1	0	3	0	0	0	0	0	0	0	0	0	0	0	0	0	0	0	0	0	0	0	0	0	0	0	0	0	0	0	0	0	0	0	0	0	0	0	0	0	0	0	0	0	0	0	0	0	0	0	0	0	0	
	64073	투사의암거래상_헬로이드_올드에스마라	4	12	0	0	55603	1	0	1	0	0	0	0	0	41537	1	0	9	0	0	0	0	0	6908	1	0	3	0	0	0	0	0	6909	1	0	3	0	0	0	0	0	6910	1	0	3	0	0	0	0	0	6911	1	0	3	0	0	0	0	0	6912	1	0	3	0	0	0	0	0	6913	1	0	3	0	0	0	0	0	6914	1	0	3	0	0	0	0	0	6889	1	0	3	0	0	0	0	0	3583	1	0	30	0	0	0	0	1440	3583	1	0	80	0	0	0	0	4320	3583	1	0	180	0	0	0	0	10080	6894	1	0	200	0	0	0	0	0	0	0	0	0	0	0	0	0	0	3584	1	0	30	0	0	0	0	1440	3584	1	0	80	0	0	0	0	4320	3584	1	0	180	0	0	0	0	10080	6898	1	0	200	0	0	0	0	0	0	0	0	0	0	0	0	0	0	3585	1	0	30	0	0	0	0	1440	3585	1	0	80	0	0	0	0	4320	3585	1	0	180	0	0	0	0	10080	6902	1	0	200	0	0	0	0	0	0	0	0	0	0	0	0	0	0	
	64073	투사의암거래상_헬로이드_올드에스마라	4	12	0	1	6857	1	0	1	0	0	0	0	0	6858	1	0	3	0	0	0	0	0	6859	1	0	6	0	0	0	0	0	6860	1	0	10	0	0	0	0	0	0	0	0	0	0	0	0	0	0	6861	1	0	1	0	0	0	0	0	6862	1	0	3	0	0	0	0	0	6863	1	0	6	0	0	0	0	0	6864	1	0	10	0	0	0	0	0	0	0	0	0	0	0	0	0	0	6865	1	0	1	0	0	0	0	0	6866	1	0	1	0	0	0	0	0	6867	1	0	1	0	0	0	0	0	6868	1	0	1	0	0	0	0	0	6869	1	0	1	0	0	0	0	0	6903	1	0	3	0	0	0	0	0	6904	1	0	3	0	0	0	0	0	6905	1	0	3	0	0	0	0	0	6906	1	0	3	0	0	0	0	0	6907	1	0	3	0	0	0	0	0	0	0	0	0	0	0	0	0	0	0	0	0	0	0	0	0	0	0	0	0	0	0	0	0	0	0	0	0	0	0	0	0	0	0	0	0	0	0	0	0	0	0	0	0	0	
//	명예상인														0									0									0									0									0									0									0									0									0									0									0									0									0									0									0									0									0									0									0									0									0									0									0									0									0	
	28156	명예상인샤일록_에텔레인금화	4	3	0	0	41007	1	0	250	1	4	0	0	0	41008	1	0	230	1	4	0	0	0	41009	1	0	230	1	4	0	0	0	41010	1	0	240	1	4	0	0	0	7265	1	0	150	1	4	0	0	0	49150	1	0	180	1	4	0	0	0	7551	1	0	30	1	4	0	0	0	7243	1	0	100	1	4	0	0	0	41011	1	0	15	1	4	0	0	0	0	0	0	0	0	0	0	0	0	0	0	0	0	0	0	0	0	0	0	0	0	0	0	0	0	0	0	0	0	0	0	0	0	0	0	0	0	0	0	0	0	0	0	0	0	0	0	0	0	0	0	0	0	0	0	0	0	0	0	0	0	0	0	0	0	0	0	0	0	0	0	0	0	0	0	0	0	0	0	0	0	0	0	0	0	0	0	0	0	0	0	0	0	0	0	0	0	0	0	0	0	0	0	0	0	0	0	0	0	0	0	0	0	0	0	0	0	0	0	0	0	0	0	0	0	0	0	0	0	0	0	0	0	0	0	0	0	0	0	0	0	0	0	0	
	28157	명예상인루벤스-에텔레인은화	4	2	0	0	41012	1	0	250	1	3	0	0	0	41013	1	0	180	1	3	0	0	0	41014	1	0	190	1	3	0	0	0	41015	1	0	250	1	3	0	0	0	41016	1	0	180	1	3	0	0	0	41017	1	0	190	1	3	0	0	0	41018	1	0	250	1	3	0	0	0	49149	1	0	150	1	2	0	0	0	7550	1	0	20	1	2	0	0	0	41019	1	0	10	1	1	0	0	0	0	0	0	0	0	0	0	0	0	0	0	0	0	0	0	0	0	0	0	0	0	0	0	0	0	0	0	0	0	0	0	0	0	0	0	0	0	0	0	0	0	0	0	0	0	53001	1	10307	58	1	2	0	0	0	53002	1	10307	40	1	1	0	0	0	53003	1	10307	48	1	1	0	0	0	53004	1	10307	53	1	1	0	0	0	53005	1	10307	51	1	1	0	0	0	53006	1	10307	51	1	1	0	0	0	53007	1	10307	33	1	1	0	0	0	53008	1	10307	33	1	1	0	0	0	0	0	0	0	0	0	0	0	0	0	0	0	0	0	0	0	0	0	
	28157	명예상인루벤스-에텔레인은화	4	2	0	1	53009	1	10307	58	1	2	0	0	0	53010	1	10307	40	1	1	0	0	0	53011	1	10307	48	1	1	0	0	0	53012	1	10307	53	1	1	0	0	0	53013	1	10307	51	1	1	0	0	0	53014	1	10307	51	1	1	0	0	0	53015	1	10307	33	1	1	0	0	0	53016	1	10307	33	1	1	0	0	0	0	0	0	0	0	0	0	0	0	0	0	0	0	0	0	0	0	0	0	0	0	0	0	0	0	0	0	0	0	0	0	0	0	0	0	0	0	0	0	0	0	0	0	0	0	0	0	0	0	0	0	0	0	0	0	0	0	0	0	0	0	0	0	53017	1	10307	58	1	2	0	0	0	53018	1	10307	40	1	1	0	0	0	53019	1	10307	48	1	1	0	0	0	53020	1	10307	53	1	1	0	0	0	53021	1	10307	51	1	1	0	0	0	53022	1	10307	51	1	1	0	0	0	53023	1	10307	33	1	1	0	0	0	53024	1	10307	33	1	1	0	0	0	0	0	0	0	0	0	0	0	0	0	0	0	0	0	0	0	0	0	
	28157	명예상인루벤스-에텔레인은화	4	2	0	2	53025	1	10307	58	1	2	0	0	0	53026	1	10307	40	1	1	0	0	0	53027	1	10307	48	1	1	0	0	0	53028	1	10307	53	1	1	0	0	0	53029	1	10307	51	1	1	0	0	0	53030	1	10307	51	1	1	0	0	0	53031	1	10307	33	1	1	0	0	0	53032	1	10307	33	1	1	0	0	0	0	0	0	0	0	0	0	0	0	0	0	0	0	0	0	0	0	0	0	0	0	0	0	0	0	0	0	0	0	0	0	0	0	0	0	0	0	0	0	0	0	0	0	0	0	0	0	0	0	0	0	0	0	0	0	0	0	0	0	0	0	0	0	53033	1	10307	58	1	2	0	0	0	53034	1	10307	40	1	1	0	0	0	53035	1	10307	48	1	1	0	0	0	53036	1	10307	53	1	1	0	0	0	53037	1	10307	51	1	1	0	0	0	53038	1	10307	51	1	1	0	0	0	53039	1	10307	33	1	1	0	0	0	53040	1	10307	33	1	1	0	0	0	0	0	0	0	0	0	0	0	0	0	0	0	0	0	0	0	0	0	
	28157	명예상인루벤스-에텔레인은화	4	2	0	3	51351	1	10307	58	1	2	0	0	0	51352	1	10307	40	1	1	0	0	0	51353	1	10307	48	1	1	0	0	0	51354	1	10307	53	1	1	0	0	0	51355	1	10307	51	1	1	0	0	0	51356	1	10307	51	1	1	0	0	0	51357	1	10307	33	1	1	0	0	0	51358	1	10307	33	1	1	0	0	0	0	0	0	0	0	0	0	0	0	0	0	0	0	0	0	0	0	0	0	0	0	0	0	0	0	0	0	0	0	0	0	0	0	0	0	0	0	0	0	0	0	0	0	0	0	0	0	0	0	0	0	0	0	0	0	0	0	0	0	0	0	0	0	51647	1	10307	58	1	2	0	0	0	51648	1	10307	40	1	1	0	0	0	51649	1	10307	48	1	1	0	0	0	51650	1	10307	53	1	1	0	0	0	51651	1	10307	51	1	1	0	0	0	51652	1	10307	51	1	1	0	0	0	51653	1	10307	33	1	1	0	0	0	51654	1	10307	33	1	1	0	0	0	0	0	0	0	0	0	0	0	0	0	0	0	0	0	0	0	0	0	
	28157	명예상인루벤스-에텔레인은화	4	2	0	4	57001	1	10307	58	1	2	0	0	0	57002	1	10307	40	1	1	0	0	0	57003	1	10307	48	1	1	0	0	0	57004	1	10307	53	1	1	0	0	0	57005	1	10307	51	1	1	0	0	0	57006	1	10307	51	1	1	0	0	0	57007	1	10307	33	1	1	0	0	0	57008	1	10307	33	1	1	0	0	0	57473	1	10307	58	1	2	0	0	0	57474	1	10307	40	1	1	0	0	0	57475	1	10307	48	1	1	0	0	0	57476	1	10307	53	1	1	0	0	0	57477	1	10307	51	1	1	0	0	0	57478	1	10307	51	1	1	0	0	0	57479	1	10307	33	1	1	0	0	0	57480	1	10307	33	1	1	0	0	0	0	0	0	0	0	0	0	0	0	0	0	0	0	0	0	0	0	0	0	0	0	0	0	0	0	0	0	0	0	0	0	0	0	0	0	0	0	0	0	0	0	0	0	0	0	0	0	0	0	0	0	0	0	0	0	0	0	0	0	0	0	0	0	0	0	0	0	0	0	0	0	0	0	0	0	0	0	0	0	0	0	
//	일일퀘스트추가														0									0									0									0									0									0									0									0									0									0									0									0									0									0									0									0									0									0									0									0									0									0									0									0									0	
	28255	[고룡발굴자]쥬라틱파커	2	41135	0	0	41116	1	0	1	0	0	0	0	0	41117	1	0	1	0	0	0	0	0	41118	1	0	1	0	0	0	0	0	0	0	0	0	0	0	0	0	0	0	0	0	0	0	0	0	0	0	0	0	0	0	0	0	0	0	0	0	0	0	0	0	0	0	0	0	0	0	0	0	0	0	0	0	0	0	0	0	0	0	0	0	0	0	0	0	0	0	0	0	0	0	0	0	0	0	0	0	0	0	0	0	0	0	0	0	0	0	0	0	0	0	0	0	0	0	0	0	0	0	0	0	0	0	0	0	0	0	0	0	0	0	0	0	0	0	0	0	0	0	0	0	0	0	0	0	0	0	0	0	0	0	0	0	0	0	0	0	0	0	0	0	0	0	0	0	0	0	0	0	0	0	0	0	0	0	0	0	0	0	0	0	0	0	0	0	0	0	0	0	0	0	0	0	0	0	0	0	0	0	0	0	0	0	0	0	0	0	0	0	0	0	0	0	0	0	0	0	0	0	0	0	0	0	0	0	0	0	
	28257	연금술용품판매원_셀라스	1	0	0	0	41119	1	0	0	0	0	0	0	0	41120	1	0	0	0	0	0	0	0	41121	1	0	0	0	0	0	0	0	0	0	0	0	0	0	0	0	0	0	0	0	0	0	0	0	0	0	41132	1	0	0	0	0	0	0	0	41166	1	0	0	0	0	0	0	0	0	0	0	0	0	0	0	0	0	0	0	0	0	0	0	0	0	0	0	0	0	0	0	0	0	0	0	0	0	0	0	0	0	0	0	0	0	0	0	0	0	0	0	0	0	0	0	0	0	0	0	0	0	0	0	0	0	0	0	0	0	0	0	0	0	0	0	0	0	0	0	0	0	0	0	0	0	0	0	0	0	0	0	0	0	0	0	0	0	0	0	0	0	0	0	0	0	0	0	0	0	0	0	0	0	0	0	0	0	0	0	0	0	0	0	0	0	0	0	0	0	0	0	0	0	0	0	0	0	0	0	0	0	0	0	0	0	0	0	0	0	0	0	0	0	0	0	0	0	0	0	0	0	0	0	0	0	0	0	0	0	0	
//	일일퀘스트추가														0									0									0									0									0									0									0									0									0									0									0									0									0									0									0									0									0									0									0									0									0									0									0									0									0	
	64699	수수께끼의여자S(엘리트2무기교환)	2	49174	0	0	50020	1	0	1	0	0	0	0	0	50021	1	0	1	0	0	0	0	0	35177	1	0	1	0	0	0	0	0	50054	1	0	1	0	0	0	0	0	50055	1	0	1	0	0	0	0	0	50022	1	0	1	0	0	0	0	0	50023	1	0	1	0	0	0	0	0	0	0	0	0	0	0	0	0	0	50130	1	0	1	0	0	0	0	0	50322	1	0	1	0	0	0	0	0	50028	1	0	1	0	0	0	0	0	50029	1	0	1	0	0	0	0	0	0	0	0	0	0	0	0	0	0	0	0	0	0	0	0	0	0	0	0	0	0	0	0	0	0	0	0	50024	1	0	1	0	0	0	0	0	50025	1	0	1	0	0	0	0	0	0	0	0	0	0	0	0	0	0	0	0	0	0	0	0	0	0	0	0	0	0	0	0	0	0	0	0	50026	1	0	1	0	0	0	0	0	50027	1	0	1	0	0	0	0	0	0	0	0	0	0	0	0	0	0	0	0	0	0	0	0	0	0	0	0	0	0	0	0	0	0	0	0	
	64700	검은날개_루시라이트(검은날개교환)	2	49175	0	0	3142	1	0	1	0	0	0	0	0	3143	1	0	1	0	0	0	0	0	3146	1	0	1	0	0	0	0	0	3145	1	0	1	0	0	0	0	0	3144	1	0	1	0	0	0	0	0	3233	1	0	1	0	0	0	0	0	3472	1	0	1	0	0	0	0	0	3804	1	0	1	0	0	0	0	0	0	0	0	0	0	0	0	0	0	0	0	0	0	0	0	0	0	0	0	0	0	0	0	0	0	0	0	0	0	0	0	0	0	0	0	0	0	0	0	0	0	0	0	0	0	0	0	0	0	0	0	0	0	0	0	0	0	0	0	0	0	0	0	0	0	0	0	0	0	0	0	0	0	0	0	0	0	0	0	0	0	0	0	0	0	0	0	0	0	0	0	0	0	0	0	0	0	0	0	0	0	0	0	0	0	0	0	0	0	0	0	0	0	0	0	0	0	0	0	0	0	0	0	0	0	0	0	0	0	0	0	0	0	0	0	0	0	0	0	0	0	0	0	0	0	0	0	0	0	0	0	0	0	
	64719	수수께끼의여자J(유니크2무기교환)	2	5298	0	0	50101	1	0	1	0	0	0	0	0	50103	1	0	1	0	0	0	0	0	35188	1	0	1	0	0	0	0	0	50121	1	0	1	0	0	0	0	0	50123	1	0	1	0	0	0	0	0	50105	1	0	1	0	0	0	0	0	50107	1	0	1	0	0	0	0	0	0	0	0	0	0	0	0	0	0	50136	1	0	1	0	0	0	0	0	50328	1	0	1	0	0	0	0	0	50117	1	0	1	0	0	0	0	0	50119	1	0	1	0	0	0	0	0	0	0	0	0	0	0	0	0	0	0	0	0	0	0	0	0	0	0	0	0	0	0	0	0	0	0	0	50109	1	0	1	0	0	0	0	0	50111	1	0	1	0	0	0	0	0	0	0	0	0	0	0	0	0	0	0	0	0	0	0	0	0	0	0	0	0	0	0	0	0	0	0	0	50113	1	0	1	0	0	0	0	0	50115	1	0	1	0	0	0	0	0	0	0	0	0	0	0	0	0	0	0	0	0	0	0	0	0	0	0	0	0	0	0	0	0	0	0	0	
	64720	SUMMER_FESTIVAL_코스튬교환인	2	49181	0	0	61309	1	0	1	0	0	0	0	20160	61310	1	0	1	0	0	0	0	20160	61311	1	0	1	0	0	0	0	20160	61312	1	0	1	0	0	0	0	20160	61313	1	0	1	0	0	0	0	20160	61314	1	0	1	0	0	0	0	20160	61315	1	0	1	0	0	0	0	20160	61316	1	0	1	0	0	0	0	20160	61317	1	0	1	0	0	0	0	20160	61318	1	0	1	0	0	0	0	20160	61319	1	0	1	0	0	0	0	20160	61320	1	0	1	0	0	0	0	20160	61321	1	0	1	0	0	0	0	20160	0	0	0	0	0	0	0	0	0	0	0	0	0	0	0	0	0	0	0	0	0	0	0	0	0	0	0	0	0	0	0	0	0	0	0	0	0	0	0	0	0	0	0	0	0	0	0	0	0	0	0	0	0	0	0	0	0	0	0	0	0	0	0	0	0	0	0	0	0	0	0	0	0	0	0	0	0	0	0	0	0	0	0	0	0	0	0	0	0	0	0	0	0	0	0	0	0	0	0	0	0	0	0	0	0	0	0	0	
//	배틀존보상상점														0									0									0									0									0									0									0									0									0									0									0									0									0									0									0									0									0									0									0									0									0									0									0									0									0	
	62168	[릴케의상인]헬가	4	8	0	0	3961	1	0	70	0	0	0	0	1440	3961	1	0	140	0	0	0	0	4320	3961	1	0	280	0	0	0	0	10080	56055	1	0	160	0	0	0	0	0	0	0	0	0	0	0	0	0	0	3962	1	0	70	0	0	0	0	1440	3962	1	0	140	0	0	0	0	4320	3962	1	0	280	0	0	0	0	10080	56056	1	0	160	0	0	0	0	0	0	0	0	0	0	0	0	0	0	3963	1	0	70	0	0	0	0	1440	3963	1	0	140	0	0	0	0	4320	3963	1	0	280	0	0	0	0	10080	56057	1	0	160	0	0	0	0	0	0	0	0	0	0	0	0	0	0	3964	1	0	70	0	0	0	0	1440	3964	1	0	140	0	0	0	0	4320	3964	1	0	280	0	0	0	0	10080	56058	1	0	160	0	0	0	0	0	0	0	0	0	0	0	0	0	0	0	0	0	0	0	0	0	0	0	0	0	0	0	0	0	0	0	0	0	0	0	0	0	0	0	0	0	0	0	0	0	0	0	0	0	0	0	0	0	0	0	0	0	0	0	
	62001	[릴케의상인]유베트	4	8	0	0	3961	1	0	70	0	0	0	0	1440	3961	1	0	140	0	0	0	0	4320	3961	1	0	280	0	0	0	0	10080	56055	1	0	160	0	0	0	0	0	0	0	0	0	0	0	0	0	0	3962	1	0	70	0	0	0	0	1440	3962	1	0	140	0	0	0	0	4320	3962	1	0	280	0	0	0	0	10080	56056	1	0	160	0	0	0	0	0	0	0	0	0	0	0	0	0	0	3963	1	0	70	0	0	0	0	1440	3963	1	0	140	0	0	0	0	4320	3963	1	0	280	0	0	0	0	10080	56057	1	0	160	0	0	0	0	0	0	0	0	0	0	0	0	0	0	3964	1	0	70	0	0	0	0	1440	3964	1	0	140	0	0	0	0	4320	3964	1	0	280	0	0	0	0	10080	56058	1	0	160	0	0	0	0	0	0	0	0	0	0	0	0	0	0	0	0	0	0	0	0	0	0	0	0	0	0	0	0	0	0	0	0	0	0	0	0	0	0	0	0	0	0	0	0	0	0	0	0	0	0	0	0	0	0	0	0	0	0	0	
	62066	[릴케의상인]슈제트	4	8	0	0	3961	1	0	70	0	0	0	0	1440	3961	1	0	140	0	0	0	0	4320	3961	1	0	280	0	0	0	0	10080	56055	1	0	160	0	0	0	0	0	0	0	0	0	0	0	0	0	0	3962	1	0	70	0	0	0	0	1440	3962	1	0	140	0	0	0	0	4320	3962	1	0	280	0	0	0	0	10080	56056	1	0	160	0	0	0	0	0	0	0	0	0	0	0	0	0	0	3963	1	0	70	0	0	0	0	1440	3963	1	0	140	0	0	0	0	4320	3963	1	0	280	0	0	0	0	10080	56057	1	0	160	0	0	0	0	0	0	0	0	0	0	0	0	0	0	3964	1	0	70	0	0	0	0	1440	3964	1	0	140	0	0	0	0	4320	3964	1	0	280	0	0	0	0	10080	56058	1	0	160	0	0	0	0	0	0	0	0	0	0	0	0	0	0	0	0	0	0	0	0	0	0	0	0	0	0	0	0	0	0	0	0	0	0	0	0	0	0	0	0	0	0	0	0	0	0	0	0	0	0	0	0	0	0	0	0	0	0	0	
	65077	[릴케의상인]그리트	4	8	0	0	3961	1	0	70	0	0	0	0	1440	3961	1	0	140	0	0	0	0	4320	3961	1	0	280	0	0	0	0	10080	56055	1	0	160	0	0	0	0	0	0	0	0	0	0	0	0	0	0	3962	1	0	70	0	0	0	0	1440	3962	1	0	140	0	0	0	0	4320	3962	1	0	280	0	0	0	0	10080	56056	1	0	160	0	0	0	0	0	0	0	0	0	0	0	0	0	0	3963	1	0	70	0	0	0	0	1440	3963	1	0	140	0	0	0	0	4320	3963	1	0	280	0	0	0	0	10080	56057	1	0	160	0	0	0	0	0	0	0	0	0	0	0	0	0	0	3964	1	0	70	0	0	0	0	1440	3964	1	0	140	0	0	0	0	4320	3964	1	0	280	0	0	0	0	10080	56058	1	0	160	0	0	0	0	0	0	0	0	0	0	0	0	0	0	0	0	0	0	0	0	0	0	0	0	0	0	0	0	0	0	0	0	0	0	0	0	0	0	0	0	0	0	0	0	0	0	0	0	0	0	0	0	0	0	0	0	0	0	0	
	1961	[릴케의상인]샤르트	4	8	0	0	3961	1	0	70	0	0	0	0	1440	3961	1	0	140	0	0	0	0	4320	3961	1	0	280	0	0	0	0	10080	56055	1	0	160	0	0	0	0	0	0	0	0	0	0	0	0	0	0	3962	1	0	70	0	0	0	0	1440	3962	1	0	140	0	0	0	0	4320	3962	1	0	280	0	0	0	0	10080	56056	1	0	160	0	0	0	0	0	0	0	0	0	0	0	0	0	0	3963	1	0	70	0	0	0	0	1440	3963	1	0	140	0	0	0	0	4320	3963	1	0	280	0	0	0	0	10080	56057	1	0	160	0	0	0	0	0	0	0	0	0	0	0	0	0	0	3964	1	0	70	0	0	0	0	1440	3964	1	0	140	0	0	0	0	4320	3964	1	0	280	0	0	0	0	10080	56058	1	0	160	0	0	0	0	0	0	0	0	0	0	0	0	0	0	0	0	0	0	0	0	0	0	0	0	0	0	0	0	0	0	0	0	0	0	0	0	0	0	0	0	0	0	0	0	0	0	0	0	0	0	0	0	0	0	0	0	0	0	0	
//	영원성의지대칭호상인														0									0									0									0									0									0									0									0									0									0									0									0									0									0									0									0									0									0									0									0									0									0									0									0									0	
	28286	지식의상인_지식의씨앗	4	9	0	0	41444	1	0	10	0	0	0	0	0	41445	1	0	100	0	0	0	0	0	41446	1	0	150	0	0	0	0	0	41447	1	0	200	0	0	0	0	0	41448	1	0	250	0	0	0	0	0	0	0	0	0	0	0	0	0	0	0	0	0	0	0	0	0	0	0	0	0	0	0	0	0	0	0	0	0	0	0	0	0	0	0	0	0	0	0	0	0	0	0	0	0	0	0	0	0	0	0	0	0	0	0	0	0	0	0	0	0	0	0	0	0	0	0	0	0	0	0	0	0	0	0	0	0	0	0	0	0	0	0	0	0	0	0	0	0	0	0	0	0	0	0	0	0	0	0	0	0	0	0	0	0	0	0	0	0	0	0	0	0	0	0	0	0	0	0	0	0	0	0	0	0	0	0	0	0	0	0	0	0	0	0	0	0	0	0	0	0	0	0	0	0	0	0	0	0	0	0	0	0	0	0	0	0	0	0	0	0	0	0	0	0	0	0	0	0	0	0	0	0	0	0	0	0	0	0	0	0	
//	일본이벤트NPC상점														0									0									0									0									0									0									0									0									0									0									0									0									0									0									0									0									0									0									0									0									0									0									0									0									0	
//	64083	행운응모권교환상인	2	49170	0	0	4977	1	0	1	0	0	0	0	0	4978	1	0	4	0	0	0	0	0	6056	1	0	5	0	0	0	0	0	6028	1	0	10	0	0	0	0	0	4979	1	0	20	0	0	0	0	0	55641	1	0	30	0	0	0	0	0	6057	1	0	50	0	0	0	0	0	0	0	0	0	0	0	0	0	0	0	0	0	0	0	0	0	0	0	0	0	0	0	0	0	0	0	0	0	0	0	0	0	0	0	0	0	0	0	0	0	0	0	0	0	0	0	0	0	0	0	0	0	0	0	0	0	0	0	0	0	0	0	0	0	0	0	0	0	0	0	0	0	0	0	0	0	0	0	0	0	0	0	0	0	0	0	0	0	0	0	0	0	0	0	0	0	0	0	0	0	0	0	0	0	0	0	0	0	0	0	0	0	0	0	0	0	0	0	0	0	0	0	0	0	0	0	0	0	0	0	0	0	0	0	0	0	0	0	0	0	0	0	0	0	0	0	0	0	0	0	0	0	0	0	0	0	0	0	0	0	0	0	
//	길드상점														0									0									0									0									0									0									0									0									0									0									0									0									0									0									0									0									0									0									0									0									0									0									0									0									0	
//	길드코인상점																																																																																																																																																																																																																																							
	64701	[길드상인]벨트헨	4	1	0	0	6955	1	0	10	0	1	0	50	0	7549	1	0	50	0	1	0	50	0	0	0	0	0	0	0	0	0	0	0	0	0	0	0	0	0	0	0	0	0	0	0	0	0	0	0	0	0	0	0	0	0	0	0	0	0	0	0	0	0	0	0	0	0	0	0	0	0	0	0	0	0	0	0	0	0	0	0	0	0	0	0	0	0	0	0	0	0	0	0	0	0	0	0	0	0	0	0	0	0	0	0	0	0	0	0	0	0	0	0	0	0	0	0	0	0	0	0	0	0	0	0	0	0	0	0	0	0	0	0	0	0	0	0	0	0	0	0	0	0	0	0	0	0	0	0	0	0	0	0	0	0	0	0	0	0	0	0	0	0	0	0	0	0	0	0	0	0	0	0	0	0	0	0	0	0	0	0	0	0	0	0	0	0	0	0	0	0	0	0	0	0	0	0	0	0	0	0	0	0	0	0	0	0	0	0	0	0	0	0	0	0	0	0	0	0	0	0	0	0	0	0	0	0	0	0	0	
	64702	[길드상인]트링겔	4	1	0	0	6955	1	0	10	0	1	0	50	0	7549	1	0	50	0	1	0	50	0	0	0	0	0	0	0	0	0	0	0	0	0	0	0	0	0	0	0	0	0	0	0	0	0	0	0	0	0	0	0	0	0	0	0	0	0	0	0	0	0	0	0	0	0	0	0	0	0	0	0	0	0	0	0	0	0	0	0	0	0	0	0	0	0	0	0	0	0	0	0	0	0	0	0	0	0	0	0	0	0	0	0	0	0	0	0	0	0	0	0	0	0	0	0	0	0	0	0	0	0	0	0	0	0	0	0	0	0	0	0	0	0	0	0	0	0	0	0	0	0	0	0	0	0	0	0	0	0	0	0	0	0	0	0	0	0	0	0	0	0	0	0	0	0	0	0	0	0	0	0	0	0	0	0	0	0	0	0	0	0	0	0	0	0	0	0	0	0	0	0	0	0	0	0	0	0	0	0	0	0	0	0	0	0	0	0	0	0	0	0	0	0	0	0	0	0	0	0	0	0	0	0	0	0	0	0	0	
	64703	[길드상인]에텔레인_1호점	4	1	0	0	6955	1	0	10	0	1	0	50	0	7549	1	0	50	0	1	0	50	0	0	0	0	0	0	0	0	0	0	0	0	0	0	0	0	0	0	0	0	0	0	0	0	0	0	0	0	0	0	0	0	0	0	0	0	0	0	0	0	0	0	0	0	0	0	0	0	0	0	0	0	0	0	0	0	0	0	0	0	0	0	0	0	0	0	0	0	0	0	0	0	0	0	0	0	0	0	0	0	0	0	0	0	0	0	0	0	0	0	0	0	0	0	0	0	0	0	0	0	0	0	0	0	0	0	0	0	0	0	0	0	0	0	0	0	0	0	0	0	0	0	0	0	0	0	0	0	0	0	0	0	0	0	0	0	0	0	0	0	0	0	0	0	0	0	0	0	0	0	0	0	0	0	0	0	0	0	0	0	0	0	0	0	0	0	0	0	0	0	0	0	0	0	0	0	0	0	0	0	0	0	0	0	0	0	0	0	0	0	0	0	0	0	0	0	0	0	0	0	0	0	0	0	0	0	0	0	
	64704	[길드상인]오크라	4	1	0	0	6955	1	0	10	0	1	0	50	0	7549	1	0	50	0	1	0	50	0	0	0	0	0	0	0	0	0	0	0	0	0	0	0	0	0	0	0	0	0	0	0	0	0	0	0	0	0	0	0	0	0	0	0	0	0	0	0	0	0	0	0	0	0	0	0	0	0	0	0	0	0	0	0	0	0	0	0	0	0	0	0	0	0	0	0	0	0	0	0	0	0	0	0	0	0	0	0	0	0	0	0	0	0	0	0	0	0	0	0	0	0	0	0	0	0	0	0	0	0	0	0	0	0	0	0	0	0	0	0	0	0	0	0	0	0	0	0	0	0	0	0	0	0	0	0	0	0	0	0	0	0	0	0	0	0	0	0	0	0	0	0	0	0	0	0	0	0	0	0	0	0	0	0	0	0	0	0	0	0	0	0	0	0	0	0	0	0	0	0	0	0	0	0	0	0	0	0	0	0	0	0	0	0	0	0	0	0	0	0	0	0	0	0	0	0	0	0	0	0	0	0	0	0	0	0	0	
	64705	[길드상인]코르토크	4	1	0	0	6955	1	0	10	0	1	0	50	0	7549	1	0	50	0	1	0	50	0	0	0	0	0	0	0	0	0	0	0	0	0	0	0	0	0	0	0	0	0	0	0	0	0	0	0	0	0	0	0	0	0	0	0	0	0	0	0	0	0	0	0	0	0	0	0	0	0	0	0	0	0	0	0	0	0	0	0	0	0	0	0	0	0	0	0	0	0	0	0	0	0	0	0	0	0	0	0	0	0	0	0	0	0	0	0	0	0	0	0	0	0	0	0	0	0	0	0	0	0	0	0	0	0	0	0	0	0	0	0	0	0	0	0	0	0	0	0	0	0	0	0	0	0	0	0	0	0	0	0	0	0	0	0	0	0	0	0	0	0	0	0	0	0	0	0	0	0	0	0	0	0	0	0	0	0	0	0	0	0	0	0	0	0	0	0	0	0	0	0	0	0	0	0	0	0	0	0	0	0	0	0	0	0	0	0	0	0	0	0	0	0	0	0	0	0	0	0	0	0	0	0	0	0	0	0	0	
	64706	[길드상인]에텔레인_2호점	4	1	0	0	6955	1	0	10	0	1	0	50	0	7549	1	0	50	0	1	0	50	0	0	0	0	0	0	0	0	0	0	0	0	0	0	0	0	0	0	0	0	0	0	0	0	0	0	0	0	0	0	0	0	0	0	0	0	0	0	0	0	0	0	0	0	0	0	0	0	0	0	0	0	0	0	0	0	0	0	0	0	0	0	0	0	0	0	0	0	0	0	0	0	0	0	0	0	0	0	0	0	0	0	0	0	0	0	0	0	0	0	0	0	0	0	0	0	0	0	0	0	0	0	0	0	0	0	0	0	0	0	0	0	0	0	0	0	0	0	0	0	0	0	0	0	0	0	0	0	0	0	0	0	0	0	0	0	0	0	0	0	0	0	0	0	0	0	0	0	0	0	0	0	0	0	0	0	0	0	0	0	0	0	0	0	0	0	0	0	0	0	0	0	0	0	0	0	0	0	0	0	0	0	0	0	0	0	0	0	0	0	0	0	0	0	0	0	0	0	0	0	0	0	0	0	0	0	0	0	
//	UP포인트 상점																																																																																																																																																																																																																																							
	64713	[길드상인]벨트헨	4	10	0	0	7548	1	0	1000	0	0	0	0	0	0	0	0	0	0	0	0	0	0	0	0	0	0	0	0	0	0	0	0	0	0	0	0	0	0	0	0	0	0	0	0	0	0	0	0	0	0	0	0	0	0	0	0	0	0	0	0	0	0	0	0	0	0	0	0	0	0	0	0	0	0	0	0	0	0	0	0	0	0	0	0	0	0	0	0	0	0	0	0	0	0	0	0	0	0	0	0	0	0	0	0	0	0	0	0	0	0	0	0	0	0	0	0	0	0	0	0	0	0	0	0	0	0	0	0	0	0	0	0	0	0	0	0	0	0	0	0	0	0	0	0	0	0	0	0	0	0	0	0	0	0	0	0	0	0	0	0	0	0	0	0	0	0	0	0	0	0	0	0	0	0	0	0	0	0	0	0	0	0	0	0	0	0	0	0	0	0	0	0	0	0	0	0	0	0	0	0	0	0	0	0	0	0	0	0	0	0	0	0	0	0	0	0	0	0	0	0	0	0	0	0	0	0	0	0	0	
	64714	[길드상인]트링겔	4	10	0	0	7548	1	0	1000	0	0	0	0	0	0	0	0	0	0	0	0	0	0	0	0	0	0	0	0	0	0	0	0	0	0	0	0	0	0	0	0	0	0	0	0	0	0	0	0	0	0	0	0	0	0	0	0	0	0	0	0	0	0	0	0	0	0	0	0	0	0	0	0	0	0	0	0	0	0	0	0	0	0	0	0	0	0	0	0	0	0	0	0	0	0	0	0	0	0	0	0	0	0	0	0	0	0	0	0	0	0	0	0	0	0	0	0	0	0	0	0	0	0	0	0	0	0	0	0	0	0	0	0	0	0	0	0	0	0	0	0	0	0	0	0	0	0	0	0	0	0	0	0	0	0	0	0	0	0	0	0	0	0	0	0	0	0	0	0	0	0	0	0	0	0	0	0	0	0	0	0	0	0	0	0	0	0	0	0	0	0	0	0	0	0	0	0	0	0	0	0	0	0	0	0	0	0	0	0	0	0	0	0	0	0	0	0	0	0	0	0	0	0	0	0	0	0	0	0	0	
	64715	[길드상인]에텔레인_1호점	4	10	0	0	7548	1	0	1000	0	0	0	0	0	0	0	0	0	0	0	0	0	0	0	0	0	0	0	0	0	0	0	0	0	0	0	0	0	0	0	0	0	0	0	0	0	0	0	0	0	0	0	0	0	0	0	0	0	0	0	0	0	0	0	0	0	0	0	0	0	0	0	0	0	0	0	0	0	0	0	0	0	0	0	0	0	0	0	0	0	0	0	0	0	0	0	0	0	0	0	0	0	0	0	0	0	0	0	0	0	0	0	0	0	0	0	0	0	0	0	0	0	0	0	0	0	0	0	0	0	0	0	0	0	0	0	0	0	0	0	0	0	0	0	0	0	0	0	0	0	0	0	0	0	0	0	0	0	0	0	0	0	0	0	0	0	0	0	0	0	0	0	0	0	0	0	0	0	0	0	0	0	0	0	0	0	0	0	0	0	0	0	0	0	0	0	0	0	0	0	0	0	0	0	0	0	0	0	0	0	0	0	0	0	0	0	0	0	0	0	0	0	0	0	0	0	0	0	0	0	
	64716	[길드상인]오크라	4	10	0	0	7548	1	0	1000	0	0	0	0	0	0	0	0	0	0	0	0	0	0	0	0	0	0	0	0	0	0	0	0	0	0	0	0	0	0	0	0	0	0	0	0	0	0	0	0	0	0	0	0	0	0	0	0	0	0	0	0	0	0	0	0	0	0	0	0	0	0	0	0	0	0	0	0	0	0	0	0	0	0	0	0	0	0	0	0	0	0	0	0	0	0	0	0	0	0	0	0	0	0	0	0	0	0	0	0	0	0	0	0	0	0	0	0	0	0	0	0	0	0	0	0	0	0	0	0	0	0	0	0	0	0	0	0	0	0	0	0	0	0	0	0	0	0	0	0	0	0	0	0	0	0	0	0	0	0	0	0	0	0	0	0	0	0	0	0	0	0	0	0	0	0	0	0	0	0	0	0	0	0	0	0	0	0	0	0	0	0	0	0	0	0	0	0	0	0	0	0	0	0	0	0	0	0	0	0	0	0	0	0	0	0	0	0	0	0	0	0	0	0	0	0	0	0	0	0	0	
	64717	[길드상인]코르토크	4	10	0	0	7548	1	0	1000	0	0	0	0	0	0	0	0	0	0	0	0	0	0	0	0	0	0	0	0	0	0	0	0	0	0	0	0	0	0	0	0	0	0	0	0	0	0	0	0	0	0	0	0	0	0	0	0	0	0	0	0	0	0	0	0	0	0	0	0	0	0	0	0	0	0	0	0	0	0	0	0	0	0	0	0	0	0	0	0	0	0	0	0	0	0	0	0	0	0	0	0	0	0	0	0	0	0	0	0	0	0	0	0	0	0	0	0	0	0	0	0	0	0	0	0	0	0	0	0	0	0	0	0	0	0	0	0	0	0	0	0	0	0	0	0	0	0	0	0	0	0	0	0	0	0	0	0	0	0	0	0	0	0	0	0	0	0	0	0	0	0	0	0	0	0	0	0	0	0	0	0	0	0	0	0	0	0	0	0	0	0	0	0	0	0	0	0	0	0	0	0	0	0	0	0	0	0	0	0	0	0	0	0	0	0	0	0	0	0	0	0	0	0	0	0	0	0	0	0	0	
	64718	[길드상인]에텔레인_2호점	4	10	0	0	7548	1	0	1000	0	0	0	0	0	0	0	0	0	0	0	0	0	0	0	0	0	0	0	0	0	0	0	0	0	0	0	0	0	0	0	0	0	0	0	0	0	0	0	0	0	0	0	0	0	0	0	0	0	0	0	0	0	0	0	0	0	0	0	0	0	0	0	0	0	0	0	0	0	0	0	0	0	0	0	0	0	0	0	0	0	0	0	0	0	0	0	0	0	0	0	0	0	0	0	0	0	0	0	0	0	0	0	0	0	0	0	0	0	0	0	0	0	0	0	0	0	0	0	0	0	0	0	0	0	0	0	0	0	0	0	0	0	0	0	0	0	0	0	0	0	0	0	0	0	0	0	0	0	0	0	0	0	0	0	0	0	0	0	0	0	0	0	0	0	0	0	0	0	0	0	0	0	0	0	0	0	0	0	0	0	0	0	0	0	0	0	0	0	0	0	0	0	0	0	0	0	0	0	0	0	0	0	0	0	0	0	0	0	0	0	0	0	0	0	0	0	0	0	0	0	
//	점핑상점														0									0									0									0									0									0									0									0									0									0									0									0									0									0									0									0									0									0									0									0									0									0									0									0									0	
	64707	점핑티켓교환_마스터AS	2	56156	0	0	56138	1	0	1	0	0	0	0	0	0	0	0	0	0	0	0	0	0	0	0	0	0	0	0	0	0	0	0	0	0	0	0	0	0	0	0	0	0	0	0	0	0	0	0	0	56139	1	0	1	0	0	0	0	0	0	0	0	0	0	0	0	0	0	0	0	0	0	0	0	0	0	0	0	0	0	0	0	0	0	0	0	0	0	0	0	0	0	0	0	0	56140	1	0	1	0	0	0	0	0	0	0	0	0	0	0	0	0	0	0	0	0	0	0	0	0	0	0	0	0	0	0	0	0	0	0	0	0	0	0	0	0	0	0	0	0	56141	1	0	1	0	0	0	0	0	0	0	0	0	0	0	0	0	0	0	0	0	0	0	0	0	0	0	0	0	0	0	0	0	0	0	0	0	0	0	0	0	0	0	0	0	56142	1	0	1	0	0	0	0	0	0	0	0	0	0	0	0	0	0	0	0	0	0	0	0	0	0	0	0	0	0	0	0	0	0	0	0	0	0	0	0	0	0	0	0	0	
	64708	점핑조각교환_플라이	2	7140	0	0	55760	1	0	30	0	0	0	0	0	0	0	0	0	0	0	0	0	0	0	0	0	0	0	0	0	0	0	0	0	0	0	0	0	0	0	0	0	0	0	0	0	0	0	0	0	0	0	0	0	0	0	0	0	0	0	0	0	0	0	0	0	0	0	0	0	0	0	0	0	0	0	0	0	0	0	0	0	0	0	0	0	0	0	0	0	0	0	0	0	0	0	0	0	0	0	0	0	0	0	0	0	0	0	0	0	0	0	0	0	0	0	0	0	0	0	0	0	0	0	0	0	0	0	0	0	0	0	0	0	0	0	0	0	0	0	0	0	0	0	0	0	0	0	0	0	0	0	0	0	0	0	0	0	0	0	0	0	0	0	0	0	0	0	0	0	0	0	0	0	0	0	0	0	0	0	0	0	0	0	0	0	0	0	0	0	0	0	0	0	0	0	0	0	0	0	0	0	0	0	0	0	0	0	0	0	0	0	0	0	0	0	0	0	0	0	0	0	0	0	0	0	0	0	0	0	
//	아스토레아 협곡 일퀘상인														0									0									0									0									0									0									0									0									0									0									0									0									0									0									0									0									0									0									0									0									0									0									0									0									0	
	28342	골동품상인_이스마일	4	11	0	0	6632	1	0	5	0	0	0	0	0	41512	1	0	28	0	0	0	0	0	41513	1	0	32	0	0	0	0	0	41514	1	0	40	0	0	0	0	0	41515	1	0	48	0	0	0	0	0	41516	1	0	60	0	0	0	0	0	41517	1	0	2	0	0	0	0	0	0	0	0	0	0	0	0	0	0	0	0	0	0	0	0	0	0	0	0	0	0	0	0	0	0	0	0	0	0	0	0	0	0	0	0	0	0	0	0	0	0	0	0	0	0	0	0	0	0	0	0	0	0	0	0	0	0	0	0	0	0	0	0	0	0	0	0	0	0	0	0	0	0	0	0	0	0	0	0	0	0	0	0	0	0	0	0	0	0	0	0	0	0	0	0	0	0	0	0	0	0	0	0	0	0	0	0	0	0	0	0	0	0	0	0	0	0	0	0	0	0	0	0	0	0	0	0	0	0	0	0	0	0	0	0	0	0	0	0	0	0	0	0	0	0	0	0	0	0	0	0	0	0	0	0	0	0	0	0	0	0	0	
//	전장 상인														0									0									0									0									0									0									0									0									0									0									0									0									0									0									0									0									0									0									0									0									0									0									0									0									0	
	28343	블루팀슈미트	1	0	0	0	0	0	0	0	0	0	0	0	0	0	0	0	0	0	0	0	0	0	0	0	0	0	0	0	0	0	0	0	0	0	0	0	0	0	0	0	0	0	0	0	0	0	0	0	0	0	0	0	0	0	0	0	0	0	0	0	0	0	0	0	0	0	0	0	0	0	0	0	0	0	0	0	0	0	0	0	0	0	0	0	0	0	0	0	0	0	0	0	0	0	0	0	0	0	0	0	0	0	0	0	0	0	0	0	0	0	0	0	0	0	0	0	0	0	0	0	0	0	0	0	0	0	0	0	0	0	0	0	0	0	0	0	0	0	0	0	0	0	0	0	0	0	0	0	0	0	0	0	0	0	0	0	0	0	0	0	0	0	0	0	0	0	0	0	0	0	0	0	0	0	0	0	0	0	0	0	0	0	0	0	0	0	0	0	0	0	0	0	0	0	0	0	0	0	0	0	0	0	0	0	0	0	0	0	0	0	0	0	0	0	0	0	0	0	0	0	0	0	0	0	0	0	0	0	0	
	28344	레드팀디젤	1	0	0	0	0	0	0	0	0	0	0	0	0	0	0	0	0	0	0	0	0	0	0	0	0	0	0	0	0	0	0	0	0	0	0	0	0	0	0	0	0	0	0	0	0	0	0	0	0	0	0	0	0	0	0	0	0	0	0	0	0	0	0	0	0	0	0	0	0	0	0	0	0	0	0	0	0	0	0	0	0	0	0	0	0	0	0	0	0	0	0	0	0	0	0	0	0	0	0	0	0	0	0	0	0	0	0	0	0	0	0	0	0	0	0	0	0	0	0	0	0	0	0	0	0	0	0	0	0	0	0	0	0	0	0	0	0	0	0	0	0	0	0	0	0	0	0	0	0	0	0	0	0	0	0	0	0	0	0	0	0	0	0	0	0	0	0	0	0	0	0	0	0	0	0	0	0	0	0	0	0	0	0	0	0	0	0	0	0	0	0	0	0	0	0	0	0	0	0	0	0	0	0	0	0	0	0	0	0	0	0	0	0	0	0	0	0	0	0	0	0	0	0	0	0	0	0	0	0	
//	2014회귀이벤트기념교환상인														0									0									0									0									0									0									0									0									0									0									0									0									0									0									0									0									0									0									0									0									0									0									0									0									0	
	64712	2014회귀이벤트기념교환상인	2	56342	0	0	56343	1	0	1	0	0	0	0	0	56344	1	0	1	0	0	0	0	0	56345	1	0	1	0	0	0	0	0	56346	1	0	1	0	0	0	0	0	56347	1	0	1	0	0	0	0	0	56348	1	0	1	0	0	0	0	0	0	0	0	0	0	0	0	0	0	0	0	0	0	0	0	0	0	0	0	0	0	0	0	0	0	0	0	0	0	0	0	0	0	0	0	0	0	0	0	0	0	0	0	0	0	0	0	0	0	0	0	0	0	0	0	0	0	0	0	0	0	0	0	0	0	0	0	0	0	0	0	0	0	0	0	0	0	0	0	0	0	0	0	0	0	0	0	0	0	0	0	0	0	0	0	0	0	0	0	0	0	0	0	0	0	0	0	0	0	0	0	0	0	0	0	0	0	0	0	0	0	0	0	0	0	0	0	0	0	0	0	0	0	0	0	0	0	0	0	0	0	0	0	0	0	0	0	0	0	0	0	0	0	0	0	0	0	0	0	0	0	0	0	0	0	0	0	0	0	0	0	
//	테섭용상인_벨트헨														0									0									0									0									0									0									0									0									0									0									0									0									0									0									0									0									0									0									0									0									0									0									0									0									0	
//	62154	버서커-루츠(벨트헨)_테섭용	1	0	100	0	50573	1	10515	0	0	0	0	0	0	50574	1	10515	0	0	0	0	0	0	51751	1	10515	0	0	0	0	0	0	51752	1	10515	0	0	0	0	0	0	51753	1	10515	0	0	0	0	0	0	51754	1	10515	0	0	0	0	0	0	51755	1	10515	0	0	0	0	0	0	51756	1	10515	0	0	0	0	0	0	51757	1	10515	0	0	0	0	0	0	51758	1	10515	0	0	0	0	0	0	50092	1	10515	0	0	0	0	0	0	50093	1	10515	0	0	0	0	0	0	51503	1	10515	0	0	0	0	0	0	51504	1	10515	0	0	0	0	0	0	51505	1	10515	0	0	0	0	0	0	51506	1	10515	0	0	0	0	0	0	51507	1	10515	0	0	0	0	0	0	51508	1	10515	0	0	0	0	0	0	51509	1	10515	0	0	0	0	0	0	51510	1	10515	0	0	0	0	0	0	50100	1	10515	0	0	0	0	0	0	50102	1	10515	0	0	0	0	0	0	50101	1	10515	0	0	0	0	0	0	50103	1	10515	0	0	0	0	0	0	0	0	0	0	0	0	0	0	0	
//	62154	버서커-루츠(벨트헨)_테섭용	1	0	100	1	2028	1	10515	0	0	0	0	0	0	15000	1	0	0	0	0	0	0	0	15001	1	0	0	0	0	0	0	0	15002	1	0	0	0	0	0	0	0	15003	1	0	0	0	0	0	0	0	3265	1	0	0	0	0	0	0	0	3266	1	0	0	0	0	0	0	0	3267	1	0	0	0	0	0	0	0	3268	1	0	0	0	0	0	0	0	3269	1	0	0	0	0	0	0	0	60831	1	0	0	0	0	0	0	0	60839	1	0	0	0	0	0	0	0	3118	1	0	0	0	0	0	0	0	0	0	0	0	0	0	0	0	0	0	0	0	0	0	0	0	0	0	0	0	0	0	0	0	0	0	0	0	0	0	0	0	0	0	0	0	0	0	0	0	0	0	0	0	0	0	0	0	0	0	0	0	0	0	0	0	0	0	0	0	0	0	0	0	0	0	0	0	0	0	0	0	0	0	0	0	0	0	0	0	0	0	0	0	0	0	0	0	0	0	0	0	0	0	0	0	0	0	0	0	0	0	0	0	0	0	0	0	
//	62155	드래곤-아비스(벨트헨)_테섭용	1	0	100	0	50575	1	10515	0	0	0	0	0	0	50576	1	10515	0	0	0	0	0	0	51759	1	10515	0	0	0	0	0	0	51760	1	10515	0	0	0	0	0	0	51761	1	10515	0	0	0	0	0	0	51762	1	10515	0	0	0	0	0	0	51763	1	10515	0	0	0	0	0	0	51764	1	10515	0	0	0	0	0	0	51765	1	10515	0	0	0	0	0	0	51766	1	10515	0	0	0	0	0	0	50094	1	10515	0	0	0	0	0	0	50095	1	10515	0	0	0	0	0	0	51511	1	10515	0	0	0	0	0	0	51512	1	10515	0	0	0	0	0	0	51513	1	10515	0	0	0	0	0	0	51514	1	10515	0	0	0	0	0	0	51515	1	10515	0	0	0	0	0	0	51516	1	10515	0	0	0	0	0	0	51517	1	10515	0	0	0	0	0	0	51518	1	10515	0	0	0	0	0	0	50104	1	10515	0	0	0	0	0	0	50106	1	10515	0	0	0	0	0	0	50105	1	10515	0	0	0	0	0	0	50107	1	10515	0	0	0	0	0	0	0	0	0	0	0	0	0	0	0	
//	62155	드래곤-아비스(벨트헨)_테섭용	1	0	100	1	2029	1	10515	0	0	0	0	0	0	15004	1	0	0	0	0	0	0	0	15005	1	0	0	0	0	0	0	0	15006	1	0	0	0	0	0	0	0	15007	1	0	0	0	0	0	0	0	3270	1	0	0	0	0	0	0	0	3271	1	0	0	0	0	0	0	0	3272	1	0	0	0	0	0	0	0	3273	1	0	0	0	0	0	0	0	3274	1	0	0	0	0	0	0	0	60832	1	0	0	0	0	0	0	0	60840	1	0	0	0	0	0	0	0	3119	1	0	0	0	0	0	0	0	0	0	0	0	0	0	0	0	0	0	0	0	0	0	0	0	0	0	0	0	0	0	0	0	0	0	0	0	0	0	0	0	0	0	0	0	0	0	0	0	0	0	0	0	0	0	0	0	0	0	0	0	0	0	0	0	0	0	0	0	0	0	0	0	0	0	0	0	0	0	0	0	0	0	0	0	0	0	0	0	0	0	0	0	0	0	0	0	0	0	0	0	0	0	0	0	0	0	0	0	0	0	0	0	0	0	0	0	
//	62196	섀도우-디브딘(벨트헨)_테섭용	1	0	100	0	50581	1	10515	0	0	0	0	0	0	50582	1	10515	0	0	0	0	0	0	51783	1	10515	0	0	0	0	0	0	51784	1	10515	0	0	0	0	0	0	51785	1	10515	0	0	0	0	0	0	51786	1	10515	0	0	0	0	0	0	51787	1	10515	0	0	0	0	0	0	51788	1	10515	0	0	0	0	0	0	51789	1	10515	0	0	0	0	0	0	51790	1	10515	0	0	0	0	0	0	50124	1	10515	0	0	0	0	0	0	50125	1	10515	0	0	0	0	0	0	51535	1	10515	0	0	0	0	0	0	51536	1	10515	0	0	0	0	0	0	51537	1	10515	0	0	0	0	0	0	51538	1	10515	0	0	0	0	0	0	51539	1	10515	0	0	0	0	0	0	51540	1	10515	0	0	0	0	0	0	51541	1	10515	0	0	0	0	0	0	51542	1	10515	0	0	0	0	0	0	50116	1	10515	0	0	0	0	0	0	50118	1	10515	0	0	0	0	0	0	50250	1	10515	0	0	0	0	0	0	50119	1	10515	0	0	0	0	0	0	0	0	0	0	0	0	0	0	0	
//	62196	섀도우-디브딘(벨트헨)_테섭용	1	0	100	1	2032	1	10515	0	0	0	0	0	0	15016	1	0	0	0	0	0	0	0	15017	1	0	0	0	0	0	0	0	15018	1	0	0	0	0	0	0	0	15019	1	0	0	0	0	0	0	0	3285	1	0	0	0	0	0	0	0	3286	1	0	0	0	0	0	0	0	3287	1	0	0	0	0	0	0	0	3288	1	0	0	0	0	0	0	0	3289	1	0	0	0	0	0	0	0	60835	1	0	0	0	0	0	0	0	60843	1	0	0	0	0	0	0	0	3122	1	0	0	0	0	0	0	0	0	0	0	0	0	0	0	0	0	0	0	0	0	0	0	0	0	0	0	0	0	0	0	0	0	0	0	0	0	0	0	0	0	0	0	0	0	0	0	0	0	0	0	0	0	0	0	0	0	0	0	0	0	0	0	0	0	0	0	0	0	0	0	0	0	0	0	0	0	0	0	0	0	0	0	0	0	0	0	0	0	0	0	0	0	0	0	0	0	0	0	0	0	0	0	0	0	0	0	0	0	0	0	0	0	0	0	0	
//	62152	발키리-아나스(벨트헨)_테섭용	1	0	100	0	50577	1	10515	0	0	0	0	0	0	50578	1	10515	0	0	0	0	0	0	51767	1	10515	0	0	0	0	0	0	51768	1	10515	0	0	0	0	0	0	51769	1	10515	0	0	0	0	0	0	51770	1	10515	0	0	0	0	0	0	51771	1	10515	0	0	0	0	0	0	51772	1	10515	0	0	0	0	0	0	51773	1	10515	0	0	0	0	0	0	51774	1	10515	0	0	0	0	0	0	50096	1	10515	0	0	0	0	0	0	50097	1	10515	0	0	0	0	0	0	51527	1	10515	0	0	0	0	0	0	51528	1	10515	0	0	0	0	0	0	51529	1	10515	0	0	0	0	0	0	51530	1	10515	0	0	0	0	0	0	51531	1	10515	0	0	0	0	0	0	51532	1	10515	0	0	0	0	0	0	51533	1	10515	0	0	0	0	0	0	51534	1	10515	0	0	0	0	0	0	50108	1	10515	0	0	0	0	0	0	50110	1	10515	0	0	0	0	0	0	50109	1	10515	0	0	0	0	0	0	50111	1	10515	0	0	0	0	0	0	0	0	0	0	0	0	0	0	0	
//	62152	발키리-아나스(벨트헨)_테섭용	1	0	100	1	2030	1	10515	0	0	0	0	0	0	15008	1	0	0	0	0	0	0	0	15009	1	0	0	0	0	0	0	0	15010	1	0	0	0	0	0	0	0	15011	1	0	0	0	0	0	0	0	3275	1	0	0	0	0	0	0	0	3276	1	0	0	0	0	0	0	0	3277	1	0	0	0	0	0	0	0	3278	1	0	0	0	0	0	0	0	3279	1	0	0	0	0	0	0	0	60833	1	0	0	0	0	0	0	0	60841	1	0	0	0	0	0	0	0	3120	1	0	0	0	0	0	0	0	0	0	0	0	0	0	0	0	0	0	0	0	0	0	0	0	0	0	0	0	0	0	0	0	0	0	0	0	0	0	0	0	0	0	0	0	0	0	0	0	0	0	0	0	0	0	0	0	0	0	0	0	0	0	0	0	0	0	0	0	0	0	0	0	0	0	0	0	0	0	0	0	0	0	0	0	0	0	0	0	0	0	0	0	0	0	0	0	0	0	0	0	0	0	0	0	0	0	0	0	0	0	0	0	0	0	0	0	
//	62156	엘리-미스텔(벨트헨)_테섭용	1	0	100	0	50579	1	10515	0	0	0	0	0	0	50580	1	10515	0	0	0	0	0	0	51775	1	10515	0	0	0	0	0	0	51776	1	10515	0	0	0	0	0	0	51777	1	10515	0	0	0	0	0	0	51778	1	10515	0	0	0	0	0	0	51779	1	10515	0	0	0	0	0	0	51780	1	10515	0	0	0	0	0	0	51781	1	10515	0	0	0	0	0	0	51782	1	10515	0	0	0	0	0	0	50098	1	10515	0	0	0	0	0	0	50099	1	10515	0	0	0	0	0	0	51519	1	10515	0	0	0	0	0	0	51520	1	10515	0	0	0	0	0	0	51521	1	10515	0	0	0	0	0	0	51522	1	10515	0	0	0	0	0	0	51523	1	10515	0	0	0	0	0	0	51524	1	10515	0	0	0	0	0	0	51525	1	10515	0	0	0	0	0	0	51526	1	10515	0	0	0	0	0	0	50112	1	10515	0	0	0	0	0	0	50114	1	10515	0	0	0	0	0	0	50113	1	10515	0	0	0	0	0	0	50115	1	10515	0	0	0	0	0	0	0	0	0	0	0	0	0	0	0	
//	62156	엘리-미스텔(벨트헨)_테섭용	1	0	100	1	2031	1	10515	0	0	0	0	0	0	15012	1	0	0	0	0	0	0	0	15013	1	0	0	0	0	0	0	0	15014	1	0	0	0	0	0	0	0	15015	1	0	0	0	0	0	0	0	3280	1	0	0	0	0	0	0	0	3281	1	0	0	0	0	0	0	0	3282	1	0	0	0	0	0	0	0	3283	1	0	0	0	0	0	0	0	3284	1	0	0	0	0	0	0	0	60834	1	0	0	0	0	0	0	0	60842	1	0	0	0	0	0	0	0	3121	1	0	0	0	0	0	0	0	0	0	0	0	0	0	0	0	0	0	0	0	0	0	0	0	0	0	0	0	0	0	0	0	0	0	0	0	0	0	0	0	0	0	0	0	0	0	0	0	0	0	0	0	0	0	0	0	0	0	0	0	0	0	0	0	0	0	0	0	0	0	0	0	0	0	0	0	0	0	0	0	0	0	0	0	0	0	0	0	0	0	0	0	0	0	0	0	0	0	0	0	0	0	0	0	0	0	0	0	0	0	0	0	0	0	0	0	
//	64087	미스틱-프리아(벨트헨)_테섭용	1	0	100	0	50583	1	10515	0	0	0	0	0	0	50584	1	10515	0	0	0	0	0	0	51791	1	10515	0	0	0	0	0	0	51792	1	10515	0	0	0	0	0	0	51793	1	10515	0	0	0	0	0	0	51794	1	10515	0	0	0	0	0	0	51795	1	10515	0	0	0	0	0	0	51796	1	10515	0	0	0	0	0	0	51797	1	10515	0	0	0	0	0	0	51798	1	10515	0	0	0	0	0	0	50126	1	10515	0	0	0	0	0	0	50127	1	10515	0	0	0	0	0	0	51543	1	10515	0	0	0	0	0	0	51544	1	10515	0	0	0	0	0	0	51545	1	10515	0	0	0	0	0	0	51546	1	10515	0	0	0	0	0	0	51547	1	10515	0	0	0	0	0	0	51548	1	10515	0	0	0	0	0	0	51549	1	10515	0	0	0	0	0	0	51550	1	10515	0	0	0	0	0	0	50120	1	10515	0	0	0	0	0	0	50122	1	10515	0	0	0	0	0	0	50121	1	10515	0	0	0	0	0	0	50123	1	10515	0	0	0	0	0	0	0	0	0	0	0	0	0	0	0	
//	64087	미스틱-프리아(벨트헨)_테섭용	1	0	100	1	2033	1	10515	0	0	0	0	0	0	15020	1	0	0	0	0	0	0	0	15021	1	0	0	0	0	0	0	0	15022	1	0	0	0	0	0	0	0	15023	1	0	0	0	0	0	0	0	3290	1	0	0	0	0	0	0	0	3291	1	0	0	0	0	0	0	0	3292	1	0	0	0	0	0	0	0	3293	1	0	0	0	0	0	0	0	3294	1	0	0	0	0	0	0	0	60836	1	0	0	0	0	0	0	0	3231	1	0	0	0	0	0	0	0	0	0	0	0	0	0	0	0	0	0	0	0	0	0	0	0	0	0	0	0	0	0	0	0	0	0	0	0	0	0	0	0	0	0	0	0	0	0	0	0	0	0	0	0	0	0	0	0	0	0	0	0	0	0	0	0	0	0	0	0	0	0	0	0	0	0	0	0	0	0	0	0	0	0	0	0	0	0	0	0	0	0	0	0	0	0	0	0	0	0	0	0	0	0	0	0	0	0	0	0	0	0	0	0	0	0	0	0	0	0	0	0	0	0	0	0	0	
//	64186	HER-K11(벨트헨)_테섭용	1	0	100	0	50585	1	10515	0	0	0	0	0	0	51799	1	10515	0	0	0	0	0	0	51800	1	10515	0	0	0	0	0	0	51801	1	10515	0	0	0	0	0	0	51802	1	10515	0	0	0	0	0	0	51803	1	10515	0	0	0	0	0	0	51804	1	10515	0	0	0	0	0	0	51805	1	10515	0	0	0	0	0	0	51806	1	10515	0	0	0	0	0	0	0	0	0	0	0	0	0	0	0	50133	1	10515	0	0	0	0	0	0	51687	1	10515	0	0	0	0	0	0	51688	1	10515	0	0	0	0	0	0	51689	1	10515	0	0	0	0	0	0	51690	1	10515	0	0	0	0	0	0	51691	1	10515	0	0	0	0	0	0	51692	1	10515	0	0	0	0	0	0	51693	1	10515	0	0	0	0	0	0	51694	1	10515	0	0	0	0	0	0	0	0	0	0	0	0	0	0	0	50135	1	10515	0	0	0	0	0	0	50136	1	10515	0	0	0	0	0	0	0	0	0	0	0	0	0	0	0	0	0	0	0	0	0	0	0	0	0	0	0	0	0	0	0	0	0	
//	64186	HER-K11(벨트헨)_테섭용	1	0	100	1	2034	1	10515	0	0	0	0	0	0	15024	1	0	0	0	0	0	0	0	15025	1	0	0	0	0	0	0	0	15026	1	0	0	0	0	0	0	0	15027	1	0	0	0	0	0	0	0	3479	1	0	0	0	0	0	0	0	3480	1	0	0	0	0	0	0	0	3481	1	0	0	0	0	0	0	0	3482	1	0	0	0	0	0	0	0	3483	1	0	0	0	0	0	0	0	60837	1	0	0	0	0	0	0	0	3470	1	0	0	0	0	0	0	0	0	0	0	0	0	0	0	0	0	0	0	0	0	0	0	0	0	0	0	0	0	0	0	0	0	0	0	0	0	0	0	0	0	0	0	0	0	0	0	0	0	0	0	0	0	0	0	0	0	0	0	0	0	0	0	0	0	0	0	0	0	0	0	0	0	0	0	0	0	0	0	0	0	0	0	0	0	0	0	0	0	0	0	0	0	0	0	0	0	0	0	0	0	0	0	0	0	0	0	0	0	0	0	0	0	0	0	0	0	0	0	0	0	0	0	0	0	
//	62307	위블상점_벨트헨_테섭용	1	0	100	0	50599	1	10515	0	0	0	0	0	0	51807	1	10515	0	0	0	0	0	0	51808	1	10515	0	0	0	0	0	0	51809	1	10515	0	0	0	0	0	0	51810	1	10515	0	0	0	0	0	0	51811	1	10515	0	0	0	0	0	0	51812	1	10515	0	0	0	0	0	0	51813	1	10515	0	0	0	0	0	0	51814	1	10515	0	0	0	0	0	0	0	0	0	0	0	0	0	0	0	50325	1	10515	0	0	0	0	0	0	57041	1	10515	0	0	0	0	0	0	57042	1	10515	0	0	0	0	0	0	57043	1	10515	0	0	0	0	0	0	57044	1	10515	0	0	0	0	0	0	57045	1	10515	0	0	0	0	0	0	57046	1	10515	0	0	0	0	0	0	57047	1	10515	0	0	0	0	0	0	57048	1	10515	0	0	0	0	0	0	0	0	0	0	0	0	0	0	0	50327	1	10515	0	0	0	0	0	0	50328	1	10515	0	0	0	0	0	0	0	0	0	0	0	0	0	0	0	0	0	0	0	0	0	0	0	0	0	0	0	0	0	0	0	0	0	
//	62307	위블상점_벨트헨_테섭용	1	0	100	1	2035	1	10515	0	0	0	0	0	0	15028	1	0	0	0	0	0	0	0	15029	1	0	0	0	0	0	0	0	15030	1	0	0	0	0	0	0	0	15031	1	0	0	0	0	0	0	0	3807	1	0	0	0	0	0	0	0	3808	1	0	0	0	0	0	0	0	3809	1	0	0	0	0	0	0	0	3810	1	0	0	0	0	0	0	0	3811	1	0	0	0	0	0	0	0	60838	1	0	0	0	0	0	0	0	3315	1	0	0	0	0	0	0	0	0	0	0	0	0	0	0	0	0	0	0	0	0	0	0	0	0	0	0	0	0	0	0	0	0	0	0	0	0	0	0	0	0	0	0	0	0	0	0	0	0	0	0	0	0	0	0	0	0	0	0	0	0	0	0	0	0	0	0	0	0	0	0	0	0	0	0	0	0	0	0	0	0	0	0	0	0	0	0	0	0	0	0	0	0	0	0	0	0	0	0	0	0	0	0	0	0	0	0	0	0	0	0	0	0	0	0	0	0	0	0	0	0	0	0	0	0	
//	62157	잡화-우도(벨트헨)_테섭용	1	0	100	0	4403	1	0	0	0	0	0	0	0	4425	1	0	0	0	0	0	0	0	7253	1	0	0	0	0	0	0	0	63000	1	0	0	0	0	0	0	0	63002	1	0	0	0	0	0	0	0	61220	1	0	0	0	0	0	0	0	61226	1	0	0	0	0	0	0	0	61232	1	0	0	0	0	0	0	0	61238	1	0	0	0	0	0	0	0	61244	1	0	0	0	0	0	0	0	61200	1	0	0	0	0	0	0	0	61209	1	0	0	0	0	0	0	0	49160	1	0	0	0	0	0	0	0	49159	1	0	0	0	0	0	0	0	49158	1	0	0	0	0	0	0	0	3464	1	0	0	0	0	0	0	0	3465	1	0	0	0	0	0	0	0	3466	1	0	0	0	0	0	0	0	3467	1	0	0	0	0	0	0	0	3468	1	0	0	0	0	0	0	0	3123	1	0	0	0	0	0	0	0	3124	1	0	0	0	0	0	0	0	40574	1	0	0	0	0	0	0	0	40575	1	0	0	0	0	0	0	0	41410	1	0	0	0	0	0	0	0	
//	62157	잡화-우도(벨트헨)_테섭용	1	0	100	1	63168	1	0	0	0	0	0	0	0	7120	1	0	0	0	0	0	0	0	3302	1	0	0	0	0	0	0	0	63024	1	0	0	0	0	0	0	0	62010	1	0	0	0	0	0	0	0	62011	1	0	0	0	0	0	0	0	65008	1	0	0	0	0	0	0	0	63003	1	0	0	0	0	0	0	0	65113	1	0	0	0	0	0	0	0	60094	1	0	0	0	0	0	0	0	7549	1	0	0	0	0	0	0	0	7548	1	0	0	0	0	0	0	0	65003	1	0	0	0	0	0	0	0	5285	1	0	0	0	0	0	0	0	60092	1	0	0	0	0	0	0	180	60282	1	0	0	0	0	0	0	1440	60283	1	0	0	0	0	0	0	1440	60284	1	0	0	0	0	0	0	1440	60205	1	0	0	0	0	0	0	1440	60297	1	0	0	0	0	0	0	1440	6855	1	0	0	0	0	0	0	0	63483	1	0	0	0	0	0	0	0	63486	1	0	0	0	0	0	0	0	63492	1	0	0	0	0	0	0	0	63495	1	0	0	0	0	0	0	0	
//	62157	잡화-우도(벨트헨)_테섭용	1	0	100	2	4019	1	0	0	0	0	0	0	0	4024	1	0	0	0	0	0	0	0	4029	1	0	0	0	0	0	0	0	4038	1	0	0	0	0	0	0	0	4044	1	0	0	0	0	0	0	0	4132	1	0	0	0	0	0	0	0	5201	1	0	0	0	0	0	0	0	4048	1	0	0	0	0	0	0	0	0	0	0	0	0	0	0	0	0	0	0	0	0	0	0	0	0	0	0	0	0	0	0	0	0	0	0	0	0	0	0	0	0	0	0	0	0	0	0	0	0	0	0	0	0	0	0	0	0	0	0	0	0	0	0	0	0	0	0	0	0	0	0	0	0	0	0	0	0	0	0	0	0	0	0	0	0	0	0	0	0	0	0	0	0	0	0	0	0	0	0	0	0	0	0	0	0	0	0	0	0	0	0	0	0	0	0	0	0	0	0	0	0	0	0	0	0	0	0	0	0	0	0	0	0	0	0	0	0	0	0	0	0	0	0	0	0	0	0	0	0	0	0	0	0	0	0	0	0	0	0	0	0	
//	64677	최상급쟈드교환원_벨트헨_테섭용	2	49158	0	0	8823	1	0	1	0	0	0	0	0	8824	1	0	1	0	0	0	0	0	8825	1	0	1	0	0	0	0	0	8826	1	0	1	0	0	0	0	0	8827	1	0	1	0	0	0	0	0	8828	1	0	1	0	0	0	0	0	8829	1	0	1	0	0	0	0	0	8830	1	0	1	0	0	0	0	0	8831	1	0	1	0	0	0	0	0	8832	1	0	1	0	0	0	0	0	8833	1	0	1	0	0	0	0	0	8834	1	0	1	0	0	0	0	0	8835	1	0	1	0	0	0	0	0	8836	1	0	1	0	0	0	0	0	8837	1	0	1	0	0	0	0	0	8838	1	0	1	0	0	0	0	0	8839	1	0	1	0	0	0	0	0	8840	1	0	1	0	0	0	0	0	8841	1	0	1	0	0	0	0	0	8842	1	0	1	0	0	0	0	0	8843	1	0	1	0	0	0	0	0	8844	1	0	1	0	0	0	0	0	8845	1	0	1	0	0	0	0	0	8846	1	0	1	0	0	0	0	0	8847	1	0	1	0	0	0	0	0	
//	64677	최상급쟈드교환원_벨트헨_테섭용	2	49158	0	1	8848	1	0	1	0	0	0	0	0	8801	1	0	1	0	0	0	0	0	8802	1	0	1	0	0	0	0	0	8803	1	0	1	0	0	0	0	0	8804	1	0	1	0	0	0	0	0	8805	1	0	1	0	0	0	0	0	8806	1	0	1	0	0	0	0	0	8807	1	0	1	0	0	0	0	0	8808	1	0	1	0	0	0	0	0	8809	1	0	1	0	0	0	0	0	8810	1	0	1	0	0	0	0	0	8811	1	0	1	0	0	0	0	0	8813	1	0	1	0	0	0	0	0	8814	1	0	1	0	0	0	0	0	8815	1	0	1	0	0	0	0	0	8816	1	0	1	0	0	0	0	0	8817	1	0	1	0	0	0	0	0	8818	1	0	1	0	0	0	0	0	8819	1	0	1	0	0	0	0	0	8820	1	0	1	0	0	0	0	0	8821	1	0	1	0	0	0	0	0	8812	1	0	1	0	0	0	0	0	8822	1	0	1	0	0	0	0	0	0	0	0	0	0	0	0	0	0	0	0	0	0	0	0	0	0	0	
//	64678	상급쟈드교환원_벨트헨_테섭용	2	49159	0	0	8623	1	0	1	0	0	0	0	0	8624	1	0	1	0	0	0	0	0	8625	1	0	1	0	0	0	0	0	8626	1	0	1	0	0	0	0	0	8627	1	0	1	0	0	0	0	0	8628	1	0	1	0	0	0	0	0	8629	1	0	1	0	0	0	0	0	8630	1	0	1	0	0	0	0	0	8631	1	0	1	0	0	0	0	0	8632	1	0	1	0	0	0	0	0	8633	1	0	1	0	0	0	0	0	8634	1	0	1	0	0	0	0	0	8635	1	0	1	0	0	0	0	0	8636	1	0	1	0	0	0	0	0	8637	1	0	1	0	0	0	0	0	8638	1	0	1	0	0	0	0	0	8639	1	0	1	0	0	0	0	0	8640	1	0	1	0	0	0	0	0	8641	1	0	1	0	0	0	0	0	8642	1	0	1	0	0	0	0	0	8643	1	0	1	0	0	0	0	0	8644	1	0	1	0	0	0	0	0	8645	1	0	1	0	0	0	0	0	8646	1	0	1	0	0	0	0	0	8647	1	0	1	0	0	0	0	0	
//	64678	상급쟈드교환원_벨트헨_테섭용	2	49159	0	1	8648	1	0	1	0	0	0	0	0	8601	1	0	1	0	0	0	0	0	8602	1	0	1	0	0	0	0	0	8603	1	0	1	0	0	0	0	0	8604	1	0	1	0	0	0	0	0	8605	1	0	1	0	0	0	0	0	8606	1	0	1	0	0	0	0	0	8607	1	0	1	0	0	0	0	0	8608	1	0	1	0	0	0	0	0	8609	1	0	1	0	0	0	0	0	8610	1	0	1	0	0	0	0	0	8611	1	0	1	0	0	0	0	0	8613	1	0	1	0	0	0	0	0	8614	1	0	1	0	0	0	0	0	8615	1	0	1	0	0	0	0	0	8616	1	0	1	0	0	0	0	0	8617	1	0	1	0	0	0	0	0	8618	1	0	1	0	0	0	0	0	8619	1	0	1	0	0	0	0	0	8620	1	0	1	0	0	0	0	0	8621	1	0	1	0	0	0	0	0	8612	1	0	1	0	0	0	0	0	8622	1	0	1	0	0	0	0	0	0	0	0	0	0	0	0	0	0	0	0	0	0	0	0	0	0	0	
//	64679	중급쟈드교환원_벨트헨_테섭용	2	49160	0	0	8423	1	0	1	0	0	0	0	0	8424	1	0	1	0	0	0	0	0	8425	1	0	1	0	0	0	0	0	8426	1	0	1	0	0	0	0	0	8427	1	0	1	0	0	0	0	0	8428	1	0	1	0	0	0	0	0	8429	1	0	1	0	0	0	0	0	8430	1	0	1	0	0	0	0	0	8431	1	0	1	0	0	0	0	0	8432	1	0	1	0	0	0	0	0	8433	1	0	1	0	0	0	0	0	8434	1	0	1	0	0	0	0	0	8435	1	0	1	0	0	0	0	0	8436	1	0	1	0	0	0	0	0	8437	1	0	1	0	0	0	0	0	8438	1	0	1	0	0	0	0	0	8439	1	0	1	0	0	0	0	0	8440	1	0	1	0	0	0	0	0	8441	1	0	1	0	0	0	0	0	8442	1	0	1	0	0	0	0	0	8443	1	0	1	0	0	0	0	0	8444	1	0	1	0	0	0	0	0	8445	1	0	1	0	0	0	0	0	8446	1	0	1	0	0	0	0	0	8447	1	0	1	0	0	0	0	0	
//	64679	중급쟈드교환원_벨트헨_테섭용	2	49160	0	1	8448	1	0	1	0	0	0	0	0	8401	1	0	1	0	0	0	0	0	8402	1	0	1	0	0	0	0	0	8403	1	0	1	0	0	0	0	0	8404	1	0	1	0	0	0	0	0	8405	1	0	1	0	0	0	0	0	8406	1	0	1	0	0	0	0	0	8407	1	0	1	0	0	0	0	0	8408	1	0	1	0	0	0	0	0	8409	1	0	1	0	0	0	0	0	8410	1	0	1	0	0	0	0	0	8411	1	0	1	0	0	0	0	0	8413	1	0	1	0	0	0	0	0	8414	1	0	1	0	0	0	0	0	8415	1	0	1	0	0	0	0	0	8416	1	0	1	0	0	0	0	0	8417	1	0	1	0	0	0	0	0	8418	1	0	1	0	0	0	0	0	8419	1	0	1	0	0	0	0	0	8420	1	0	1	0	0	0	0	0	8421	1	0	1	0	0	0	0	0	8412	1	0	1	0	0	0	0	0	8422	1	0	1	0	0	0	0	0	0	0	0	0	0	0	0	0	0	0	0	0	0	0	0	0	0	0	
//	64680	하급쟈드교환원_벨트헨_테섭용	2	49161	0	0	8223	1	0	1	0	0	0	0	0	8224	1	0	1	0	0	0	0	0	8225	1	0	1	0	0	0	0	0	8226	1	0	1	0	0	0	0	0	8227	1	0	1	0	0	0	0	0	8228	1	0	1	0	0	0	0	0	8229	1	0	1	0	0	0	0	0	8230	1	0	1	0	0	0	0	0	8231	1	0	1	0	0	0	0	0	8232	1	0	1	0	0	0	0	0	8233	1	0	1	0	0	0	0	0	8234	1	0	1	0	0	0	0	0	8235	1	0	1	0	0	0	0	0	8236	1	0	1	0	0	0	0	0	8237	1	0	1	0	0	0	0	0	8238	1	0	1	0	0	0	0	0	8239	1	0	1	0	0	0	0	0	8240	1	0	1	0	0	0	0	0	8241	1	0	1	0	0	0	0	0	8242	1	0	1	0	0	0	0	0	8243	1	0	1	0	0	0	0	0	8244	1	0	1	0	0	0	0	0	8245	1	0	1	0	0	0	0	0	8246	1	0	1	0	0	0	0	0	8247	1	0	1	0	0	0	0	0	
//	64680	하급쟈드교환원_벨트헨_테섭용	2	49161	0	1	8248	1	0	1	0	0	0	0	0	8201	1	0	1	0	0	0	0	0	8202	1	0	1	0	0	0	0	0	8203	1	0	1	0	0	0	0	0	8204	1	0	1	0	0	0	0	0	8205	1	0	1	0	0	0	0	0	8206	1	0	1	0	0	0	0	0	8207	1	0	1	0	0	0	0	0	8208	1	0	1	0	0	0	0	0	8209	1	0	1	0	0	0	0	0	8210	1	0	1	0	0	0	0	0	8211	1	0	1	0	0	0	0	0	8213	1	0	1	0	0	0	0	0	8214	1	0	1	0	0	0	0	0	8215	1	0	1	0	0	0	0	0	8216	1	0	1	0	0	0	0	0	8217	1	0	1	0	0	0	0	0	8218	1	0	1	0	0	0	0	0	8219	1	0	1	0	0	0	0	0	8220	1	0	1	0	0	0	0	0	8221	1	0	1	0	0	0	0	0	8212	1	0	1	0	0	0	0	0	8222	1	0	1	0	0	0	0	0	0	0	0	0	0	0	0	0	0	0	0	0	0	0	0	0	0	0	
//	62174	버서커-리제(벨트헨)_테섭용	1	0	100	0	50573	1	10515	0	0	0	0	0	0	50574	1	10515	0	0	0	0	0	0	51751	1	10515	0	0	0	0	0	0	51752	1	10515	0	0	0	0	0	0	51753	1	10515	0	0	0	0	0	0	51754	1	10515	0	0	0	0	0	0	51755	1	10515	0	0	0	0	0	0	51756	1	10515	0	0	0	0	0	0	51757	1	10515	0	0	0	0	0	0	51758	1	10515	0	0	0	0	0	0	50092	1	10515	0	0	0	0	0	0	50093	1	10515	0	0	0	0	0	0	51503	1	10515	0	0	0	0	0	0	51504	1	10515	0	0	0	0	0	0	51505	1	10515	0	0	0	0	0	0	51506	1	10515	0	0	0	0	0	0	51507	1	10515	0	0	0	0	0	0	51508	1	10515	0	0	0	0	0	0	51509	1	10515	0	0	0	0	0	0	51510	1	10515	0	0	0	0	0	0	50100	1	10515	0	0	0	0	0	0	50102	1	10515	0	0	0	0	0	0	50101	1	10515	0	0	0	0	0	0	50103	1	10515	0	0	0	0	0	0	0	0	0	0	0	0	0	0	0	
//	62174	버서커-리제(벨트헨)_테섭용	1	0	100	1	2028	1	10515	0	0	0	0	0	0	15000	1	0	0	0	0	0	0	0	15001	1	0	0	0	0	0	0	0	15002	1	0	0	0	0	0	0	0	15003	1	0	0	0	0	0	0	0	3265	1	0	0	0	0	0	0	0	3266	1	0	0	0	0	0	0	0	3267	1	0	0	0	0	0	0	0	3268	1	0	0	0	0	0	0	0	3269	1	0	0	0	0	0	0	0	60831	1	0	0	0	0	0	0	0	60839	1	0	0	0	0	0	0	0	3118	1	0	0	0	0	0	0	0	0	0	0	0	0	0	0	0	0	0	0	0	0	0	0	0	0	0	0	0	0	0	0	0	0	0	0	0	0	0	0	0	0	0	0	0	0	0	0	0	0	0	0	0	0	0	0	0	0	0	0	0	0	0	0	0	0	0	0	0	0	0	0	0	0	0	0	0	0	0	0	0	0	0	0	0	0	0	0	0	0	0	0	0	0	0	0	0	0	0	0	0	0	0	0	0	0	0	0	0	0	0	0	0	0	0	0	0	
//	62171	드래곤-코르닉스(벨트헨)_테섭용	1	0	100	0	50575	1	10515	0	0	0	0	0	0	50576	1	10515	0	0	0	0	0	0	51759	1	10515	0	0	0	0	0	0	51760	1	10515	0	0	0	0	0	0	51761	1	10515	0	0	0	0	0	0	51762	1	10515	0	0	0	0	0	0	51763	1	10515	0	0	0	0	0	0	51764	1	10515	0	0	0	0	0	0	51765	1	10515	0	0	0	0	0	0	51766	1	10515	0	0	0	0	0	0	50094	1	10515	0	0	0	0	0	0	50095	1	10515	0	0	0	0	0	0	51511	1	10515	0	0	0	0	0	0	51512	1	10515	0	0	0	0	0	0	51513	1	10515	0	0	0	0	0	0	51514	1	10515	0	0	0	0	0	0	51515	1	10515	0	0	0	0	0	0	51516	1	10515	0	0	0	0	0	0	51517	1	10515	0	0	0	0	0	0	51518	1	10515	0	0	0	0	0	0	50104	1	10515	0	0	0	0	0	0	50106	1	10515	0	0	0	0	0	0	50105	1	10515	0	0	0	0	0	0	50107	1	10515	0	0	0	0	0	0	0	0	0	0	0	0	0	0	0	
//	62171	드래곤-코르닉스(벨트헨)_테섭용	1	0	100	1	2029	1	10515	0	0	0	0	0	0	15004	1	0	0	0	0	0	0	0	15005	1	0	0	0	0	0	0	0	15006	1	0	0	0	0	0	0	0	15007	1	0	0	0	0	0	0	0	3270	1	0	0	0	0	0	0	0	3271	1	0	0	0	0	0	0	0	3272	1	0	0	0	0	0	0	0	3273	1	0	0	0	0	0	0	0	3274	1	0	0	0	0	0	0	0	60832	1	0	0	0	0	0	0	0	60840	1	0	0	0	0	0	0	0	3119	1	0	0	0	0	0	0	0	0	0	0	0	0	0	0	0	0	0	0	0	0	0	0	0	0	0	0	0	0	0	0	0	0	0	0	0	0	0	0	0	0	0	0	0	0	0	0	0	0	0	0	0	0	0	0	0	0	0	0	0	0	0	0	0	0	0	0	0	0	0	0	0	0	0	0	0	0	0	0	0	0	0	0	0	0	0	0	0	0	0	0	0	0	0	0	0	0	0	0	0	0	0	0	0	0	0	0	0	0	0	0	0	0	0	0	0	
//	62197	섀도우-아르노트(벨트헨)_테섭용	1	0	100	0	50581	1	10515	0	0	0	0	0	0	50582	1	10515	0	0	0	0	0	0	51783	1	10515	0	0	0	0	0	0	51784	1	10515	0	0	0	0	0	0	51785	1	10515	0	0	0	0	0	0	51786	1	10515	0	0	0	0	0	0	51787	1	10515	0	0	0	0	0	0	51788	1	10515	0	0	0	0	0	0	51789	1	10515	0	0	0	0	0	0	51790	1	10515	0	0	0	0	0	0	50124	1	10515	0	0	0	0	0	0	50125	1	10515	0	0	0	0	0	0	51535	1	10515	0	0	0	0	0	0	51536	1	10515	0	0	0	0	0	0	51537	1	10515	0	0	0	0	0	0	51538	1	10515	0	0	0	0	0	0	51539	1	10515	0	0	0	0	0	0	51540	1	10515	0	0	0	0	0	0	51541	1	10515	0	0	0	0	0	0	51542	1	10515	0	0	0	0	0	0	50116	1	10515	0	0	0	0	0	0	50118	1	10515	0	0	0	0	0	0	50250	1	10515	0	0	0	0	0	0	50119	1	10515	0	0	0	0	0	0	0	0	0	0	0	0	0	0	0	
//	62197	섀도우-아르노트(벨트헨)_테섭용	1	0	100	1	2032	1	10515	0	0	0	0	0	0	15016	1	0	0	0	0	0	0	0	15017	1	0	0	0	0	0	0	0	15018	1	0	0	0	0	0	0	0	15019	1	0	0	0	0	0	0	0	3285	1	0	0	0	0	0	0	0	3286	1	0	0	0	0	0	0	0	3287	1	0	0	0	0	0	0	0	3288	1	0	0	0	0	0	0	0	3289	1	0	0	0	0	0	0	0	60835	1	0	0	0	0	0	0	0	60843	1	0	0	0	0	0	0	0	3122	1	0	0	0	0	0	0	0	0	0	0	0	0	0	0	0	0	0	0	0	0	0	0	0	0	0	0	0	0	0	0	0	0	0	0	0	0	0	0	0	0	0	0	0	0	0	0	0	0	0	0	0	0	0	0	0	0	0	0	0	0	0	0	0	0	0	0	0	0	0	0	0	0	0	0	0	0	0	0	0	0	0	0	0	0	0	0	0	0	0	0	0	0	0	0	0	0	0	0	0	0	0	0	0	0	0	0	0	0	0	0	0	0	0	0	0	
//	62173	발키리-페니체(벨트헨)_테섭용	1	0	100	0	50577	1	10515	0	0	0	0	0	0	50578	1	10515	0	0	0	0	0	0	51767	1	10515	0	0	0	0	0	0	51768	1	10515	0	0	0	0	0	0	51769	1	10515	0	0	0	0	0	0	51770	1	10515	0	0	0	0	0	0	51771	1	10515	0	0	0	0	0	0	51772	1	10515	0	0	0	0	0	0	51773	1	10515	0	0	0	0	0	0	51774	1	10515	0	0	0	0	0	0	50096	1	10515	0	0	0	0	0	0	50097	1	10515	0	0	0	0	0	0	51527	1	10515	0	0	0	0	0	0	51528	1	10515	0	0	0	0	0	0	51529	1	10515	0	0	0	0	0	0	51530	1	10515	0	0	0	0	0	0	51531	1	10515	0	0	0	0	0	0	51532	1	10515	0	0	0	0	0	0	51533	1	10515	0	0	0	0	0	0	51534	1	10515	0	0	0	0	0	0	50108	1	10515	0	0	0	0	0	0	50110	1	10515	0	0	0	0	0	0	50109	1	10515	0	0	0	0	0	0	50111	1	10515	0	0	0	0	0	0	0	0	0	0	0	0	0	0	0	
//	62173	발키리-페니체(벨트헨)_테섭용	1	0	100	1	2030	1	10515	0	0	0	0	0	0	15008	1	0	0	0	0	0	0	0	15009	1	0	0	0	0	0	0	0	15010	1	0	0	0	0	0	0	0	15011	1	0	0	0	0	0	0	0	3275	1	0	0	0	0	0	0	0	3276	1	0	0	0	0	0	0	0	3277	1	0	0	0	0	0	0	0	3278	1	0	0	0	0	0	0	0	3279	1	0	0	0	0	0	0	0	60833	1	0	0	0	0	0	0	0	60841	1	0	0	0	0	0	0	0	3120	1	0	0	0	0	0	0	0	0	0	0	0	0	0	0	0	0	0	0	0	0	0	0	0	0	0	0	0	0	0	0	0	0	0	0	0	0	0	0	0	0	0	0	0	0	0	0	0	0	0	0	0	0	0	0	0	0	0	0	0	0	0	0	0	0	0	0	0	0	0	0	0	0	0	0	0	0	0	0	0	0	0	0	0	0	0	0	0	0	0	0	0	0	0	0	0	0	0	0	0	0	0	0	0	0	0	0	0	0	0	0	0	0	0	0	0	
//	62172	엘리-세르(벨트헨)_테섭용	1	0	100	0	50579	1	10515	0	0	0	0	0	0	50580	1	10515	0	0	0	0	0	0	51775	1	10515	0	0	0	0	0	0	51776	1	10515	0	0	0	0	0	0	51777	1	10515	0	0	0	0	0	0	51778	1	10515	0	0	0	0	0	0	51779	1	10515	0	0	0	0	0	0	51780	1	10515	0	0	0	0	0	0	51781	1	10515	0	0	0	0	0	0	51782	1	10515	0	0	0	0	0	0	50098	1	10515	0	0	0	0	0	0	50099	1	10515	0	0	0	0	0	0	51519	1	10515	0	0	0	0	0	0	51520	1	10515	0	0	0	0	0	0	51521	1	10515	0	0	0	0	0	0	51522	1	10515	0	0	0	0	0	0	51523	1	10515	0	0	0	0	0	0	51524	1	10515	0	0	0	0	0	0	51525	1	10515	0	0	0	0	0	0	51526	1	10515	0	0	0	0	0	0	50112	1	10515	0	0	0	0	0	0	50114	1	10515	0	0	0	0	0	0	50113	1	10515	0	0	0	0	0	0	50115	1	10515	0	0	0	0	0	0	0	0	0	0	0	0	0	0	0	
//	62172	엘리-세르(벨트헨)_테섭용	1	0	100	1	2031	1	10515	0	0	0	0	0	0	15012	1	0	0	0	0	0	0	0	15013	1	0	0	0	0	0	0	0	15014	1	0	0	0	0	0	0	0	15015	1	0	0	0	0	0	0	0	3280	1	0	0	0	0	0	0	0	3281	1	0	0	0	0	0	0	0	3282	1	0	0	0	0	0	0	0	3283	1	0	0	0	0	0	0	0	3284	1	0	0	0	0	0	0	0	60834	1	0	0	0	0	0	0	0	60842	1	0	0	0	0	0	0	0	3121	1	0	0	0	0	0	0	0	0	0	0	0	0	0	0	0	0	0	0	0	0	0	0	0	0	0	0	0	0	0	0	0	0	0	0	0	0	0	0	0	0	0	0	0	0	0	0	0	0	0	0	0	0	0	0	0	0	0	0	0	0	0	0	0	0	0	0	0	0	0	0	0	0	0	0	0	0	0	0	0	0	0	0	0	0	0	0	0	0	0	0	0	0	0	0	0	0	0	0	0	0	0	0	0	0	0	0	0	0	0	0	0	0	0	0	0	
//	64088	미스틱-안젤(벨트헨)_테섭용	1	0	100	0	50583	1	10515	0	0	0	0	0	0	50584	1	10515	0	0	0	0	0	0	51791	1	10515	0	0	0	0	0	0	51792	1	10515	0	0	0	0	0	0	51793	1	10515	0	0	0	0	0	0	51794	1	10515	0	0	0	0	0	0	51795	1	10515	0	0	0	0	0	0	51796	1	10515	0	0	0	0	0	0	51797	1	10515	0	0	0	0	0	0	51798	1	10515	0	0	0	0	0	0	50126	1	10515	0	0	0	0	0	0	50127	1	10515	0	0	0	0	0	0	51543	1	10515	0	0	0	0	0	0	51544	1	10515	0	0	0	0	0	0	51545	1	10515	0	0	0	0	0	0	51546	1	10515	0	0	0	0	0	0	51547	1	10515	0	0	0	0	0	0	51548	1	10515	0	0	0	0	0	0	51549	1	10515	0	0	0	0	0	0	51550	1	10515	0	0	0	0	0	0	50120	1	10515	0	0	0	0	0	0	50122	1	10515	0	0	0	0	0	0	50121	1	10515	0	0	0	0	0	0	50123	1	10515	0	0	0	0	0	0	0	0	0	0	0	0	0	0	0	
//	64088	미스틱-안젤(벨트헨)_테섭용	1	0	100	1	2033	1	10515	0	0	0	0	0	0	15020	1	0	0	0	0	0	0	0	15021	1	0	0	0	0	0	0	0	15022	1	0	0	0	0	0	0	0	15023	1	0	0	0	0	0	0	0	3290	1	0	0	0	0	0	0	0	3291	1	0	0	0	0	0	0	0	3292	1	0	0	0	0	0	0	0	3293	1	0	0	0	0	0	0	0	3294	1	0	0	0	0	0	0	0	60836	1	0	0	0	0	0	0	0	3231	1	0	0	0	0	0	0	0	0	0	0	0	0	0	0	0	0	0	0	0	0	0	0	0	0	0	0	0	0	0	0	0	0	0	0	0	0	0	0	0	0	0	0	0	0	0	0	0	0	0	0	0	0	0	0	0	0	0	0	0	0	0	0	0	0	0	0	0	0	0	0	0	0	0	0	0	0	0	0	0	0	0	0	0	0	0	0	0	0	0	0	0	0	0	0	0	0	0	0	0	0	0	0	0	0	0	0	0	0	0	0	0	0	0	0	0	0	0	0	0	0	0	0	0	0	
//	62170	잡화-지볼트(벨트헨)_테섭용	1	0	100	0	4403	1	0	0	0	0	0	0	0	4425	1	0	0	0	0	0	0	0	7253	1	0	0	0	0	0	0	0	63000	1	0	0	0	0	0	0	0	63002	1	0	0	0	0	0	0	0	61220	1	0	0	0	0	0	0	0	61226	1	0	0	0	0	0	0	0	61232	1	0	0	0	0	0	0	0	61238	1	0	0	0	0	0	0	0	61244	1	0	0	0	0	0	0	0	61200	1	0	0	0	0	0	0	0	61209	1	0	0	0	0	0	0	0	49160	1	0	0	0	0	0	0	0	49159	1	0	0	0	0	0	0	0	49158	1	0	0	0	0	0	0	0	3464	1	0	0	0	0	0	0	0	3465	1	0	0	0	0	0	0	0	3466	1	0	0	0	0	0	0	0	3467	1	0	0	0	0	0	0	0	3468	1	0	0	0	0	0	0	0	3123	1	0	0	0	0	0	0	0	3124	1	0	0	0	0	0	0	0	40574	1	0	0	0	0	0	0	0	40575	1	0	0	0	0	0	0	0	41410	1	0	0	0	0	0	0	0	
//	62170	잡화-지볼트(벨트헨)_테섭용	1	0	100	1	63168	1	0	0	0	0	0	0	0	7120	1	0	0	0	0	0	0	0	3302	1	0	0	0	0	0	0	0	63024	1	0	0	0	0	0	0	0	62010	1	0	0	0	0	0	0	0	62011	1	0	0	0	0	0	0	0	65008	1	0	0	0	0	0	0	0	63003	1	0	0	0	0	0	0	0	65113	1	0	0	0	0	0	0	0	60094	1	0	0	0	0	0	0	0	7549	1	0	0	0	0	0	0	0	7548	1	0	0	0	0	0	0	0	65003	1	0	0	0	0	0	0	0	5285	1	0	0	0	0	0	0	0	60092	1	0	0	0	0	0	0	180	60282	1	0	0	0	0	0	0	1440	60283	1	0	0	0	0	0	0	1440	60284	1	0	0	0	0	0	0	1440	60205	1	0	0	0	0	0	0	1440	60297	1	0	0	0	0	0	0	1440	6855	1	0	0	0	0	0	0	0	63483	1	0	0	0	0	0	0	0	63486	1	0	0	0	0	0	0	0	63492	1	0	0	0	0	0	0	0	63495	1	0	0	0	0	0	0	0	
//	62170	잡화-지볼트(벨트헨)_테섭용	1	0	100	2	4019	1	0	0	0	0	0	0	0	4024	1	0	0	0	0	0	0	0	4029	1	0	0	0	0	0	0	0	4038	1	0	0	0	0	0	0	0	4044	1	0	0	0	0	0	0	0	4132	1	0	0	0	0	0	0	0	5201	1	0	0	0	0	0	0	0	4048	1	0	0	0	0	0	0	0	0	0	0	0	0	0	0	0	0	0	0	0	0	0	0	0	0	0	0	0	0	0	0	0	0	0	0	0	0	0	0	0	0	0	0	0	0	0	0	0	0	0	0	0	0	0	0	0	0	0	0	0	0	0	0	0	0	0	0	0	0	0	0	0	0	0	0	0	0	0	0	0	0	0	0	0	0	0	0	0	0	0	0	0	0	0	0	0	0	0	0	0	0	0	0	0	0	0	0	0	0	0	0	0	0	0	0	0	0	0	0	0	0	0	0	0	0	0	0	0	0	0	0	0	0	0	0	0	0	0	0	0	0	0	0	0	0	0	0	0	0	0	0	0	0	0	0	0	0	0	0	0	0	
//	테섭용상인_트링겔										0	0	0	0	0					0	0	0	0	0					0	0	0	0	0					0	0	0	0	0					0	0	0	0	0					0	0	0	0	0					0	0	0	0	0					0	0	0	0	0					0	0	0	0	0					0	0	0	0	0					0	0	0	0	0					0	0	0	0	0					0	0	0	0	0					0	0	0	0	0					0	0	0	0	0					0	0	0	0	0					0	0	0	0	0					0	0	0	0	0					0	0	0	0	0					0	0	0	0	0					0	0	0	0	0					0	0	0	0	0					0	0	0	0	0					0	0	0	0	0					0	0	0	0	0	
//	62004	버서커-노멀(트링겔)_테섭용	1	0	100	0	50573	1	10515	0	0	0	0	0	0	50574	1	10515	0	0	0	0	0	0	51751	1	10515	0	0	0	0	0	0	51752	1	10515	0	0	0	0	0	0	51753	1	10515	0	0	0	0	0	0	51754	1	10515	0	0	0	0	0	0	51755	1	10515	0	0	0	0	0	0	51756	1	10515	0	0	0	0	0	0	51757	1	10515	0	0	0	0	0	0	51758	1	10515	0	0	0	0	0	0	50092	1	10515	0	0	0	0	0	0	50093	1	10515	0	0	0	0	0	0	51503	1	10515	0	0	0	0	0	0	51504	1	10515	0	0	0	0	0	0	51505	1	10515	0	0	0	0	0	0	51506	1	10515	0	0	0	0	0	0	51507	1	10515	0	0	0	0	0	0	51508	1	10515	0	0	0	0	0	0	51509	1	10515	0	0	0	0	0	0	51510	1	10515	0	0	0	0	0	0	50100	1	10515	0	0	0	0	0	0	50102	1	10515	0	0	0	0	0	0	50101	1	10515	0	0	0	0	0	0	50103	1	10515	0	0	0	0	0	0	0	0	0	0	0	0	0	0	0	
//	62004	버서커-노멀(트링겔)_테섭용	1	0	100	1	2028	1	10515	0	0	0	0	0	0	15000	1	0	0	0	0	0	0	0	15001	1	0	0	0	0	0	0	0	15002	1	0	0	0	0	0	0	0	15003	1	0	0	0	0	0	0	0	3265	1	0	0	0	0	0	0	0	3266	1	0	0	0	0	0	0	0	3267	1	0	0	0	0	0	0	0	3268	1	0	0	0	0	0	0	0	3269	1	0	0	0	0	0	0	0	60831	1	0	0	0	0	0	0	0	60839	1	0	0	0	0	0	0	0	3118	1	0	0	0	0	0	0	0	0	0	0	0	0	0	0	0	0	0	0	0	0	0	0	0	0	0	0	0	0	0	0	0	0	0	0	0	0	0	0	0	0	0	0	0	0	0	0	0	0	0	0	0	0	0	0	0	0	0	0	0	0	0	0	0	0	0	0	0	0	0	0	0	0	0	0	0	0	0	0	0	0	0	0	0	0	0	0	0	0	0	0	0	0	0	0	0	0	0	0	0	0	0	0	0	0	0	0	0	0	0	0	0	0	0	0	0	
//	62005	드래곤-파브카(트링겔)_테섭용	1	0	100	0	50575	1	10515	0	0	0	0	0	0	50576	1	10515	0	0	0	0	0	0	51759	1	10515	0	0	0	0	0	0	51760	1	10515	0	0	0	0	0	0	51761	1	10515	0	0	0	0	0	0	51762	1	10515	0	0	0	0	0	0	51763	1	10515	0	0	0	0	0	0	51764	1	10515	0	0	0	0	0	0	51765	1	10515	0	0	0	0	0	0	51766	1	10515	0	0	0	0	0	0	50094	1	10515	0	0	0	0	0	0	50095	1	10515	0	0	0	0	0	0	51511	1	10515	0	0	0	0	0	0	51512	1	10515	0	0	0	0	0	0	51513	1	10515	0	0	0	0	0	0	51514	1	10515	0	0	0	0	0	0	51515	1	10515	0	0	0	0	0	0	51516	1	10515	0	0	0	0	0	0	51517	1	10515	0	0	0	0	0	0	51518	1	10515	0	0	0	0	0	0	50104	1	10515	0	0	0	0	0	0	50106	1	10515	0	0	0	0	0	0	50105	1	10515	0	0	0	0	0	0	50107	1	10515	0	0	0	0	0	0	0	0	0	0	0	0	0	0	0	
//	62005	드래곤-파브카(트링겔)_테섭용	1	0	100	1	2029	1	10515	0	0	0	0	0	0	15004	1	0	0	0	0	0	0	0	15005	1	0	0	0	0	0	0	0	15006	1	0	0	0	0	0	0	0	15007	1	0	0	0	0	0	0	0	3270	1	0	0	0	0	0	0	0	3271	1	0	0	0	0	0	0	0	3272	1	0	0	0	0	0	0	0	3273	1	0	0	0	0	0	0	0	3274	1	0	0	0	0	0	0	0	60832	1	0	0	0	0	0	0	0	60840	1	0	0	0	0	0	0	0	3119	1	0	0	0	0	0	0	0	0	0	0	0	0	0	0	0	0	0	0	0	0	0	0	0	0	0	0	0	0	0	0	0	0	0	0	0	0	0	0	0	0	0	0	0	0	0	0	0	0	0	0	0	0	0	0	0	0	0	0	0	0	0	0	0	0	0	0	0	0	0	0	0	0	0	0	0	0	0	0	0	0	0	0	0	0	0	0	0	0	0	0	0	0	0	0	0	0	0	0	0	0	0	0	0	0	0	0	0	0	0	0	0	0	0	0	0	
//	62050	섀도우-고다드(트링겔)_테섭용	1	0	100	0	50581	1	10515	0	0	0	0	0	0	50582	1	10515	0	0	0	0	0	0	51783	1	10515	0	0	0	0	0	0	51784	1	10515	0	0	0	0	0	0	51785	1	10515	0	0	0	0	0	0	51786	1	10515	0	0	0	0	0	0	51787	1	10515	0	0	0	0	0	0	51788	1	10515	0	0	0	0	0	0	51789	1	10515	0	0	0	0	0	0	51790	1	10515	0	0	0	0	0	0	50124	1	10515	0	0	0	0	0	0	50125	1	10515	0	0	0	0	0	0	51535	1	10515	0	0	0	0	0	0	51536	1	10515	0	0	0	0	0	0	51537	1	10515	0	0	0	0	0	0	51538	1	10515	0	0	0	0	0	0	51539	1	10515	0	0	0	0	0	0	51540	1	10515	0	0	0	0	0	0	51541	1	10515	0	0	0	0	0	0	51542	1	10515	0	0	0	0	0	0	50116	1	10515	0	0	0	0	0	0	50118	1	10515	0	0	0	0	0	0	50250	1	10515	0	0	0	0	0	0	50119	1	10515	0	0	0	0	0	0	0	0	0	0	0	0	0	0	0	
//	62050	섀도우-고다드(트링겔)_테섭용	1	0	100	1	2032	1	10515	0	0	0	0	0	0	15016	1	0	0	0	0	0	0	0	15017	1	0	0	0	0	0	0	0	15018	1	0	0	0	0	0	0	0	15019	1	0	0	0	0	0	0	0	3285	1	0	0	0	0	0	0	0	3286	1	0	0	0	0	0	0	0	3287	1	0	0	0	0	0	0	0	3288	1	0	0	0	0	0	0	0	3289	1	0	0	0	0	0	0	0	60835	1	0	0	0	0	0	0	0	60843	1	0	0	0	0	0	0	0	3122	1	0	0	0	0	0	0	0	0	0	0	0	0	0	0	0	0	0	0	0	0	0	0	0	0	0	0	0	0	0	0	0	0	0	0	0	0	0	0	0	0	0	0	0	0	0	0	0	0	0	0	0	0	0	0	0	0	0	0	0	0	0	0	0	0	0	0	0	0	0	0	0	0	0	0	0	0	0	0	0	0	0	0	0	0	0	0	0	0	0	0	0	0	0	0	0	0	0	0	0	0	0	0	0	0	0	0	0	0	0	0	0	0	0	0	0	
//	62002	발키리-이멜다(트링겔)_테섭용	1	0	100	0	50577	1	10515	0	0	0	0	0	0	50578	1	10515	0	0	0	0	0	0	51767	1	10515	0	0	0	0	0	0	51768	1	10515	0	0	0	0	0	0	51769	1	10515	0	0	0	0	0	0	51770	1	10515	0	0	0	0	0	0	51771	1	10515	0	0	0	0	0	0	51772	1	10515	0	0	0	0	0	0	51773	1	10515	0	0	0	0	0	0	51774	1	10515	0	0	0	0	0	0	50096	1	10515	0	0	0	0	0	0	50097	1	10515	0	0	0	0	0	0	51527	1	10515	0	0	0	0	0	0	51528	1	10515	0	0	0	0	0	0	51529	1	10515	0	0	0	0	0	0	51530	1	10515	0	0	0	0	0	0	51531	1	10515	0	0	0	0	0	0	51532	1	10515	0	0	0	0	0	0	51533	1	10515	0	0	0	0	0	0	51534	1	10515	0	0	0	0	0	0	50108	1	10515	0	0	0	0	0	0	50110	1	10515	0	0	0	0	0	0	50109	1	10515	0	0	0	0	0	0	50111	1	10515	0	0	0	0	0	0	0	0	0	0	0	0	0	0	0	
//	62002	발키리-이멜다(트링겔)_테섭용	1	0	100	1	2030	1	10515	0	0	0	0	0	0	15008	1	0	0	0	0	0	0	0	15009	1	0	0	0	0	0	0	0	15010	1	0	0	0	0	0	0	0	15011	1	0	0	0	0	0	0	0	3275	1	0	0	0	0	0	0	0	3276	1	0	0	0	0	0	0	0	3277	1	0	0	0	0	0	0	0	3278	1	0	0	0	0	0	0	0	3279	1	0	0	0	0	0	0	0	60833	1	0	0	0	0	0	0	0	60841	1	0	0	0	0	0	0	0	3120	1	0	0	0	0	0	0	0	0	0	0	0	0	0	0	0	0	0	0	0	0	0	0	0	0	0	0	0	0	0	0	0	0	0	0	0	0	0	0	0	0	0	0	0	0	0	0	0	0	0	0	0	0	0	0	0	0	0	0	0	0	0	0	0	0	0	0	0	0	0	0	0	0	0	0	0	0	0	0	0	0	0	0	0	0	0	0	0	0	0	0	0	0	0	0	0	0	0	0	0	0	0	0	0	0	0	0	0	0	0	0	0	0	0	0	0	
//	62006	엘리-워터레인(트링겔)_테섭용	1	0	100	0	50579	1	10515	0	0	0	0	0	0	50580	1	10515	0	0	0	0	0	0	51775	1	10515	0	0	0	0	0	0	51776	1	10515	0	0	0	0	0	0	51777	1	10515	0	0	0	0	0	0	51778	1	10515	0	0	0	0	0	0	51779	1	10515	0	0	0	0	0	0	51780	1	10515	0	0	0	0	0	0	51781	1	10515	0	0	0	0	0	0	51782	1	10515	0	0	0	0	0	0	50098	1	10515	0	0	0	0	0	0	50099	1	10515	0	0	0	0	0	0	51519	1	10515	0	0	0	0	0	0	51520	1	10515	0	0	0	0	0	0	51521	1	10515	0	0	0	0	0	0	51522	1	10515	0	0	0	0	0	0	51523	1	10515	0	0	0	0	0	0	51524	1	10515	0	0	0	0	0	0	51525	1	10515	0	0	0	0	0	0	51526	1	10515	0	0	0	0	0	0	50112	1	10515	0	0	0	0	0	0	50114	1	10515	0	0	0	0	0	0	50113	1	10515	0	0	0	0	0	0	50115	1	10515	0	0	0	0	0	0	0	0	0	0	0	0	0	0	0	
//	62006	엘리-워터레인(트링겔)_테섭용	1	0	100	1	2031	1	10515	0	0	0	0	0	0	15012	1	0	0	0	0	0	0	0	15013	1	0	0	0	0	0	0	0	15014	1	0	0	0	0	0	0	0	15015	1	0	0	0	0	0	0	0	3280	1	0	0	0	0	0	0	0	3281	1	0	0	0	0	0	0	0	3282	1	0	0	0	0	0	0	0	3283	1	0	0	0	0	0	0	0	3284	1	0	0	0	0	0	0	0	60834	1	0	0	0	0	0	0	0	60842	1	0	0	0	0	0	0	0	3121	1	0	0	0	0	0	0	0	0	0	0	0	0	0	0	0	0	0	0	0	0	0	0	0	0	0	0	0	0	0	0	0	0	0	0	0	0	0	0	0	0	0	0	0	0	0	0	0	0	0	0	0	0	0	0	0	0	0	0	0	0	0	0	0	0	0	0	0	0	0	0	0	0	0	0	0	0	0	0	0	0	0	0	0	0	0	0	0	0	0	0	0	0	0	0	0	0	0	0	0	0	0	0	0	0	0	0	0	0	0	0	0	0	0	0	0	
//	64085	미스틱-모리브(트링겔)_테섭용	1	0	100	0	50583	1	10515	0	0	0	0	0	0	50584	1	10515	0	0	0	0	0	0	51791	1	10515	0	0	0	0	0	0	51792	1	10515	0	0	0	0	0	0	51793	1	10515	0	0	0	0	0	0	51794	1	10515	0	0	0	0	0	0	51795	1	10515	0	0	0	0	0	0	51796	1	10515	0	0	0	0	0	0	51797	1	10515	0	0	0	0	0	0	51798	1	10515	0	0	0	0	0	0	50126	1	10515	0	0	0	0	0	0	50127	1	10515	0	0	0	0	0	0	51543	1	10515	0	0	0	0	0	0	51544	1	10515	0	0	0	0	0	0	51545	1	10515	0	0	0	0	0	0	51546	1	10515	0	0	0	0	0	0	51547	1	10515	0	0	0	0	0	0	51548	1	10515	0	0	0	0	0	0	51549	1	10515	0	0	0	0	0	0	51550	1	10515	0	0	0	0	0	0	50120	1	10515	0	0	0	0	0	0	50122	1	10515	0	0	0	0	0	0	50121	1	10515	0	0	0	0	0	0	50123	1	10515	0	0	0	0	0	0	0	0	0	0	0	0	0	0	0	
//	64085	미스틱-모리브(트링겔)_테섭용	1	0	100	1	2033	1	10515	0	0	0	0	0	0	15020	1	0	0	0	0	0	0	0	15021	1	0	0	0	0	0	0	0	15022	1	0	0	0	0	0	0	0	15023	1	0	0	0	0	0	0	0	3290	1	0	0	0	0	0	0	0	3291	1	0	0	0	0	0	0	0	3292	1	0	0	0	0	0	0	0	3293	1	0	0	0	0	0	0	0	3294	1	0	0	0	0	0	0	0	60836	1	0	0	0	0	0	0	0	3231	1	0	0	0	0	0	0	0	0	0	0	0	0	0	0	0	0	0	0	0	0	0	0	0	0	0	0	0	0	0	0	0	0	0	0	0	0	0	0	0	0	0	0	0	0	0	0	0	0	0	0	0	0	0	0	0	0	0	0	0	0	0	0	0	0	0	0	0	0	0	0	0	0	0	0	0	0	0	0	0	0	0	0	0	0	0	0	0	0	0	0	0	0	0	0	0	0	0	0	0	0	0	0	0	0	0	0	0	0	0	0	0	0	0	0	0	0	0	0	0	0	0	0	0	0	
//	64185	HER-M17(트링겔)_테섭용	1	0	100	0	50585	1	10515	0	0	0	0	0	0	51799	1	10515	0	0	0	0	0	0	51800	1	10515	0	0	0	0	0	0	51801	1	10515	0	0	0	0	0	0	51802	1	10515	0	0	0	0	0	0	51803	1	10515	0	0	0	0	0	0	51804	1	10515	0	0	0	0	0	0	51805	1	10515	0	0	0	0	0	0	51806	1	10515	0	0	0	0	0	0	0	0	0	0	0	0	0	0	0	50133	1	10515	0	0	0	0	0	0	51687	1	10515	0	0	0	0	0	0	51688	1	10515	0	0	0	0	0	0	51689	1	10515	0	0	0	0	0	0	51690	1	10515	0	0	0	0	0	0	51691	1	10515	0	0	0	0	0	0	51692	1	10515	0	0	0	0	0	0	51693	1	10515	0	0	0	0	0	0	51694	1	10515	0	0	0	0	0	0	0	0	0	0	0	0	0	0	0	50135	1	10515	0	0	0	0	0	0	50136	1	10515	0	0	0	0	0	0	0	0	0	0	0	0	0	0	0	0	0	0	0	0	0	0	0	0	0	0	0	0	0	0	0	0	0	
//	64185	HER-M17(트링겔)_테섭용	1	0	100	1	2034	1	10515	0	0	0	0	0	0	15024	1	0	0	0	0	0	0	0	15025	1	0	0	0	0	0	0	0	15026	1	0	0	0	0	0	0	0	15027	1	0	0	0	0	0	0	0	3479	1	0	0	0	0	0	0	0	3480	1	0	0	0	0	0	0	0	3481	1	0	0	0	0	0	0	0	3482	1	0	0	0	0	0	0	0	3483	1	0	0	0	0	0	0	0	60837	1	0	0	0	0	0	0	0	3470	1	0	0	0	0	0	0	0	0	0	0	0	0	0	0	0	0	0	0	0	0	0	0	0	0	0	0	0	0	0	0	0	0	0	0	0	0	0	0	0	0	0	0	0	0	0	0	0	0	0	0	0	0	0	0	0	0	0	0	0	0	0	0	0	0	0	0	0	0	0	0	0	0	0	0	0	0	0	0	0	0	0	0	0	0	0	0	0	0	0	0	0	0	0	0	0	0	0	0	0	0	0	0	0	0	0	0	0	0	0	0	0	0	0	0	0	0	0	0	0	0	0	0	0	0	
//	62026	버서커-하르테(트링겔)_테섭용	1	0	100	0	50573	1	10515	0	0	0	0	0	0	50574	1	10515	0	0	0	0	0	0	51751	1	10515	0	0	0	0	0	0	51752	1	10515	0	0	0	0	0	0	51753	1	10515	0	0	0	0	0	0	51754	1	10515	0	0	0	0	0	0	51755	1	10515	0	0	0	0	0	0	51756	1	10515	0	0	0	0	0	0	51757	1	10515	0	0	0	0	0	0	51758	1	10515	0	0	0	0	0	0	50092	1	10515	0	0	0	0	0	0	50093	1	10515	0	0	0	0	0	0	51503	1	10515	0	0	0	0	0	0	51504	1	10515	0	0	0	0	0	0	51505	1	10515	0	0	0	0	0	0	51506	1	10515	0	0	0	0	0	0	51507	1	10515	0	0	0	0	0	0	51508	1	10515	0	0	0	0	0	0	51509	1	10515	0	0	0	0	0	0	51510	1	10515	0	0	0	0	0	0	50100	1	10515	0	0	0	0	0	0	50102	1	10515	0	0	0	0	0	0	50101	1	10515	0	0	0	0	0	0	50103	1	10515	0	0	0	0	0	0	0	0	0	0	0	0	0	0	0	
//	62026	버서커-하르테(트링겔)_테섭용	1	0	100	1	2028	1	10515	0	0	0	0	0	0	15000	1	0	0	0	0	0	0	0	15001	1	0	0	0	0	0	0	0	15002	1	0	0	0	0	0	0	0	15003	1	0	0	0	0	0	0	0	3265	1	0	0	0	0	0	0	0	3266	1	0	0	0	0	0	0	0	3267	1	0	0	0	0	0	0	0	3268	1	0	0	0	0	0	0	0	3269	1	0	0	0	0	0	0	0	60831	1	0	0	0	0	0	0	0	60839	1	0	0	0	0	0	0	0	3118	1	0	0	0	0	0	0	0	0	0	0	0	0	0	0	0	0	0	0	0	0	0	0	0	0	0	0	0	0	0	0	0	0	0	0	0	0	0	0	0	0	0	0	0	0	0	0	0	0	0	0	0	0	0	0	0	0	0	0	0	0	0	0	0	0	0	0	0	0	0	0	0	0	0	0	0	0	0	0	0	0	0	0	0	0	0	0	0	0	0	0	0	0	0	0	0	0	0	0	0	0	0	0	0	0	0	0	0	0	0	0	0	0	0	0	0	
//	62023	드래곤-드레이언(트링겔)_테섭용	1	0	100	0	50575	1	10515	0	0	0	0	0	0	50576	1	10515	0	0	0	0	0	0	51759	1	10515	0	0	0	0	0	0	51760	1	10515	0	0	0	0	0	0	51761	1	10515	0	0	0	0	0	0	51762	1	10515	0	0	0	0	0	0	51763	1	10515	0	0	0	0	0	0	51764	1	10515	0	0	0	0	0	0	51765	1	10515	0	0	0	0	0	0	51766	1	10515	0	0	0	0	0	0	50094	1	10515	0	0	0	0	0	0	50095	1	10515	0	0	0	0	0	0	51511	1	10515	0	0	0	0	0	0	51512	1	10515	0	0	0	0	0	0	51513	1	10515	0	0	0	0	0	0	51514	1	10515	0	0	0	0	0	0	51515	1	10515	0	0	0	0	0	0	51516	1	10515	0	0	0	0	0	0	51517	1	10515	0	0	0	0	0	0	51518	1	10515	0	0	0	0	0	0	50104	1	10515	0	0	0	0	0	0	50106	1	10515	0	0	0	0	0	0	50105	1	10515	0	0	0	0	0	0	50107	1	10515	0	0	0	0	0	0	0	0	0	0	0	0	0	0	0	
//	62023	드래곤-드레이언(트링겔)_테섭용	1	0	100	1	2029	1	10515	0	0	0	0	0	0	15004	1	0	0	0	0	0	0	0	15005	1	0	0	0	0	0	0	0	15006	1	0	0	0	0	0	0	0	15007	1	0	0	0	0	0	0	0	3270	1	0	0	0	0	0	0	0	3271	1	0	0	0	0	0	0	0	3272	1	0	0	0	0	0	0	0	3273	1	0	0	0	0	0	0	0	3274	1	0	0	0	0	0	0	0	60832	1	0	0	0	0	0	0	0	60840	1	0	0	0	0	0	0	0	3119	1	0	0	0	0	0	0	0	0	0	0	0	0	0	0	0	0	0	0	0	0	0	0	0	0	0	0	0	0	0	0	0	0	0	0	0	0	0	0	0	0	0	0	0	0	0	0	0	0	0	0	0	0	0	0	0	0	0	0	0	0	0	0	0	0	0	0	0	0	0	0	0	0	0	0	0	0	0	0	0	0	0	0	0	0	0	0	0	0	0	0	0	0	0	0	0	0	0	0	0	0	0	0	0	0	0	0	0	0	0	0	0	0	0	0	0	
//	62117	섀도우-도허티(트링겔)_테섭용	1	0	100	0	50581	1	10515	0	0	0	0	0	0	50582	1	10515	0	0	0	0	0	0	51783	1	10515	0	0	0	0	0	0	51784	1	10515	0	0	0	0	0	0	51785	1	10515	0	0	0	0	0	0	51786	1	10515	0	0	0	0	0	0	51787	1	10515	0	0	0	0	0	0	51788	1	10515	0	0	0	0	0	0	51789	1	10515	0	0	0	0	0	0	51790	1	10515	0	0	0	0	0	0	50124	1	10515	0	0	0	0	0	0	50125	1	10515	0	0	0	0	0	0	51535	1	10515	0	0	0	0	0	0	51536	1	10515	0	0	0	0	0	0	51537	1	10515	0	0	0	0	0	0	51538	1	10515	0	0	0	0	0	0	51539	1	10515	0	0	0	0	0	0	51540	1	10515	0	0	0	0	0	0	51541	1	10515	0	0	0	0	0	0	51542	1	10515	0	0	0	0	0	0	50116	1	10515	0	0	0	0	0	0	50118	1	10515	0	0	0	0	0	0	50250	1	10515	0	0	0	0	0	0	50119	1	10515	0	0	0	0	0	0	0	0	0	0	0	0	0	0	0	
//	62117	섀도우-도허티(트링겔)_테섭용	1	0	100	1	2032	1	10515	0	0	0	0	0	0	15016	1	0	0	0	0	0	0	0	15017	1	0	0	0	0	0	0	0	15018	1	0	0	0	0	0	0	0	15019	1	0	0	0	0	0	0	0	3285	1	0	0	0	0	0	0	0	3286	1	0	0	0	0	0	0	0	3287	1	0	0	0	0	0	0	0	3288	1	0	0	0	0	0	0	0	3289	1	0	0	0	0	0	0	0	60835	1	0	0	0	0	0	0	0	60843	1	0	0	0	0	0	0	0	3122	1	0	0	0	0	0	0	0	0	0	0	0	0	0	0	0	0	0	0	0	0	0	0	0	0	0	0	0	0	0	0	0	0	0	0	0	0	0	0	0	0	0	0	0	0	0	0	0	0	0	0	0	0	0	0	0	0	0	0	0	0	0	0	0	0	0	0	0	0	0	0	0	0	0	0	0	0	0	0	0	0	0	0	0	0	0	0	0	0	0	0	0	0	0	0	0	0	0	0	0	0	0	0	0	0	0	0	0	0	0	0	0	0	0	0	0	
//	62025	발키리-클레이(트링겔)_테섭용	1	0	100	0	50577	1	10515	0	0	0	0	0	0	50578	1	10515	0	0	0	0	0	0	51767	1	10515	0	0	0	0	0	0	51768	1	10515	0	0	0	0	0	0	51769	1	10515	0	0	0	0	0	0	51770	1	10515	0	0	0	0	0	0	51771	1	10515	0	0	0	0	0	0	51772	1	10515	0	0	0	0	0	0	51773	1	10515	0	0	0	0	0	0	51774	1	10515	0	0	0	0	0	0	50096	1	10515	0	0	0	0	0	0	50097	1	10515	0	0	0	0	0	0	51527	1	10515	0	0	0	0	0	0	51528	1	10515	0	0	0	0	0	0	51529	1	10515	0	0	0	0	0	0	51530	1	10515	0	0	0	0	0	0	51531	1	10515	0	0	0	0	0	0	51532	1	10515	0	0	0	0	0	0	51533	1	10515	0	0	0	0	0	0	51534	1	10515	0	0	0	0	0	0	50108	1	10515	0	0	0	0	0	0	50110	1	10515	0	0	0	0	0	0	50109	1	10515	0	0	0	0	0	0	50111	1	10515	0	0	0	0	0	0	0	0	0	0	0	0	0	0	0	
//	62025	발키리-클레이(트링겔)_테섭용	1	0	100	1	2030	1	10515	0	0	0	0	0	0	15008	1	0	0	0	0	0	0	0	15009	1	0	0	0	0	0	0	0	15010	1	0	0	0	0	0	0	0	15011	1	0	0	0	0	0	0	0	3275	1	0	0	0	0	0	0	0	3276	1	0	0	0	0	0	0	0	3277	1	0	0	0	0	0	0	0	3278	1	0	0	0	0	0	0	0	3279	1	0	0	0	0	0	0	0	60833	1	0	0	0	0	0	0	0	60841	1	0	0	0	0	0	0	0	3120	1	0	0	0	0	0	0	0	0	0	0	0	0	0	0	0	0	0	0	0	0	0	0	0	0	0	0	0	0	0	0	0	0	0	0	0	0	0	0	0	0	0	0	0	0	0	0	0	0	0	0	0	0	0	0	0	0	0	0	0	0	0	0	0	0	0	0	0	0	0	0	0	0	0	0	0	0	0	0	0	0	0	0	0	0	0	0	0	0	0	0	0	0	0	0	0	0	0	0	0	0	0	0	0	0	0	0	0	0	0	0	0	0	0	0	0	
//	62024	엘리-미노(트링겔)_테섭용	1	0	100	0	50579	1	10515	0	0	0	0	0	0	50580	1	10515	0	0	0	0	0	0	51775	1	10515	0	0	0	0	0	0	51776	1	10515	0	0	0	0	0	0	51777	1	10515	0	0	0	0	0	0	51778	1	10515	0	0	0	0	0	0	51779	1	10515	0	0	0	0	0	0	51780	1	10515	0	0	0	0	0	0	51781	1	10515	0	0	0	0	0	0	51782	1	10515	0	0	0	0	0	0	50098	1	10515	0	0	0	0	0	0	50099	1	10515	0	0	0	0	0	0	51519	1	10515	0	0	0	0	0	0	51520	1	10515	0	0	0	0	0	0	51521	1	10515	0	0	0	0	0	0	51522	1	10515	0	0	0	0	0	0	51523	1	10515	0	0	0	0	0	0	51524	1	10515	0	0	0	0	0	0	51525	1	10515	0	0	0	0	0	0	51526	1	10515	0	0	0	0	0	0	50112	1	10515	0	0	0	0	0	0	50114	1	10515	0	0	0	0	0	0	50113	1	10515	0	0	0	0	0	0	50115	1	10515	0	0	0	0	0	0	0	0	0	0	0	0	0	0	0	
//	62024	엘리-미노(트링겔)_테섭용	1	0	100	1	2031	1	10515	0	0	0	0	0	0	15012	1	0	0	0	0	0	0	0	15013	1	0	0	0	0	0	0	0	15014	1	0	0	0	0	0	0	0	15015	1	0	0	0	0	0	0	0	3280	1	0	0	0	0	0	0	0	3281	1	0	0	0	0	0	0	0	3282	1	0	0	0	0	0	0	0	3283	1	0	0	0	0	0	0	0	3284	1	0	0	0	0	0	0	0	60834	1	0	0	0	0	0	0	0	60842	1	0	0	0	0	0	0	0	3121	1	0	0	0	0	0	0	0	0	0	0	0	0	0	0	0	0	0	0	0	0	0	0	0	0	0	0	0	0	0	0	0	0	0	0	0	0	0	0	0	0	0	0	0	0	0	0	0	0	0	0	0	0	0	0	0	0	0	0	0	0	0	0	0	0	0	0	0	0	0	0	0	0	0	0	0	0	0	0	0	0	0	0	0	0	0	0	0	0	0	0	0	0	0	0	0	0	0	0	0	0	0	0	0	0	0	0	0	0	0	0	0	0	0	0	0	
//	64086	미스틱-마일리(트링겔)_테섭용	1	0	100	0	50583	1	10515	0	0	0	0	0	0	50584	1	10515	0	0	0	0	0	0	51791	1	10515	0	0	0	0	0	0	51792	1	10515	0	0	0	0	0	0	51793	1	10515	0	0	0	0	0	0	51794	1	10515	0	0	0	0	0	0	51795	1	10515	0	0	0	0	0	0	51796	1	10515	0	0	0	0	0	0	51797	1	10515	0	0	0	0	0	0	51798	1	10515	0	0	0	0	0	0	50126	1	10515	0	0	0	0	0	0	50127	1	10515	0	0	0	0	0	0	51543	1	10515	0	0	0	0	0	0	51544	1	10515	0	0	0	0	0	0	51545	1	10515	0	0	0	0	0	0	51546	1	10515	0	0	0	0	0	0	51547	1	10515	0	0	0	0	0	0	51548	1	10515	0	0	0	0	0	0	51549	1	10515	0	0	0	0	0	0	51550	1	10515	0	0	0	0	0	0	50120	1	10515	0	0	0	0	0	0	50122	1	10515	0	0	0	0	0	0	50121	1	10515	0	0	0	0	0	0	50123	1	10515	0	0	0	0	0	0	0	0	0	0	0	0	0	0	0	
//	64086	미스틱-마일리(트링겔)_테섭용	1	0	100	1	2033	1	10515	0	0	0	0	0	0	15020	1	0	0	0	0	0	0	0	15021	1	0	0	0	0	0	0	0	15022	1	0	0	0	0	0	0	0	15023	1	0	0	0	0	0	0	0	3290	1	0	0	0	0	0	0	0	3291	1	0	0	0	0	0	0	0	3292	1	0	0	0	0	0	0	0	3293	1	0	0	0	0	0	0	0	3294	1	0	0	0	0	0	0	0	60836	1	0	0	0	0	0	0	0	3231	1	0	0	0	0	0	0	0	0	0	0	0	0	0	0	0	0	0	0	0	0	0	0	0	0	0	0	0	0	0	0	0	0	0	0	0	0	0	0	0	0	0	0	0	0	0	0	0	0	0	0	0	0	0	0	0	0	0	0	0	0	0	0	0	0	0	0	0	0	0	0	0	0	0	0	0	0	0	0	0	0	0	0	0	0	0	0	0	0	0	0	0	0	0	0	0	0	0	0	0	0	0	0	0	0	0	0	0	0	0	0	0	0	0	0	0	0	0	0	0	0	0	0	0	0	
//	62308	위블상점_트링겔_테섭용	1	0	100	0	50599	1	10515	0	0	0	0	0	0	51807	1	10515	0	0	0	0	0	0	51808	1	10515	0	0	0	0	0	0	51809	1	10515	0	0	0	0	0	0	51810	1	10515	0	0	0	0	0	0	51811	1	10515	0	0	0	0	0	0	51812	1	10515	0	0	0	0	0	0	51813	1	10515	0	0	0	0	0	0	51814	1	10515	0	0	0	0	0	0	0	0	0	0	0	0	0	0	0	50325	1	10515	0	0	0	0	0	0	57041	1	10515	0	0	0	0	0	0	57042	1	10515	0	0	0	0	0	0	57043	1	10515	0	0	0	0	0	0	57044	1	10515	0	0	0	0	0	0	57045	1	10515	0	0	0	0	0	0	57046	1	10515	0	0	0	0	0	0	57047	1	10515	0	0	0	0	0	0	57048	1	10515	0	0	0	0	0	0	0	0	0	0	0	0	0	0	0	50327	1	10515	0	0	0	0	0	0	50328	1	10515	0	0	0	0	0	0	0	0	0	0	0	0	0	0	0	0	0	0	0	0	0	0	0	0	0	0	0	0	0	0	0	0	0	
//	62308	위블상점_트링겔_테섭용	1	0	100	1	2035	1	10515	0	0	0	0	0	0	15028	1	0	0	0	0	0	0	0	15029	1	0	0	0	0	0	0	0	15030	1	0	0	0	0	0	0	0	15031	1	0	0	0	0	0	0	0	3807	1	0	0	0	0	0	0	0	3808	1	0	0	0	0	0	0	0	3809	1	0	0	0	0	0	0	0	3810	1	0	0	0	0	0	0	0	3811	1	0	0	0	0	0	0	0	60838	1	0	0	0	0	0	0	0	3315	1	0	0	0	0	0	0	0	0	0	0	0	0	0	0	0	0	0	0	0	0	0	0	0	0	0	0	0	0	0	0	0	0	0	0	0	0	0	0	0	0	0	0	0	0	0	0	0	0	0	0	0	0	0	0	0	0	0	0	0	0	0	0	0	0	0	0	0	0	0	0	0	0	0	0	0	0	0	0	0	0	0	0	0	0	0	0	0	0	0	0	0	0	0	0	0	0	0	0	0	0	0	0	0	0	0	0	0	0	0	0	0	0	0	0	0	0	0	0	0	0	0	0	0	0	
//	62007	잡화-드웨인(트링겔)_테섭용	1	0	100	0	4403	1	0	0	0	0	0	0	0	4425	1	0	0	0	0	0	0	0	7253	1	0	0	0	0	0	0	0	63000	1	0	0	0	0	0	0	0	63002	1	0	0	0	0	0	0	0	61220	1	0	0	0	0	0	0	0	61226	1	0	0	0	0	0	0	0	61232	1	0	0	0	0	0	0	0	61238	1	0	0	0	0	0	0	0	61244	1	0	0	0	0	0	0	0	61200	1	0	0	0	0	0	0	0	61209	1	0	0	0	0	0	0	0	49160	1	0	0	0	0	0	0	0	49159	1	0	0	0	0	0	0	0	49158	1	0	0	0	0	0	0	0	3464	1	0	0	0	0	0	0	0	3465	1	0	0	0	0	0	0	0	3466	1	0	0	0	0	0	0	0	3467	1	0	0	0	0	0	0	0	3468	1	0	0	0	0	0	0	0	3123	1	0	0	0	0	0	0	0	3124	1	0	0	0	0	0	0	0	40574	1	0	0	0	0	0	0	0	40575	1	0	0	0	0	0	0	0	41410	1	0	0	0	0	0	0	0	
//	62007	잡화-드웨인(트링겔)_테섭용	1	0	100	1	63168	1	0	0	0	0	0	0	0	7120	1	0	0	0	0	0	0	0	3302	1	0	0	0	0	0	0	0	63024	1	0	0	0	0	0	0	0	62010	1	0	0	0	0	0	0	0	62011	1	0	0	0	0	0	0	0	65008	1	0	0	0	0	0	0	0	63003	1	0	0	0	0	0	0	0	65113	1	0	0	0	0	0	0	0	60094	1	0	0	0	0	0	0	0	7549	1	0	0	0	0	0	0	0	7548	1	0	0	0	0	0	0	0	65003	1	0	0	0	0	0	0	0	5285	1	0	0	0	0	0	0	0	60092	1	0	0	0	0	0	0	180	60282	1	0	0	0	0	0	0	1440	60283	1	0	0	0	0	0	0	1440	60284	1	0	0	0	0	0	0	1440	60205	1	0	0	0	0	0	0	1440	60297	1	0	0	0	0	0	0	1440	6855	1	0	0	0	0	0	0	0	63483	1	0	0	0	0	0	0	0	63486	1	0	0	0	0	0	0	0	63492	1	0	0	0	0	0	0	0	63495	1	0	0	0	0	0	0	0	
//	62007	잡화-드웨인(트링겔)_테섭용	1	0	100	2	4019	1	0	0	0	0	0	0	0	4024	1	0	0	0	0	0	0	0	4029	1	0	0	0	0	0	0	0	4038	1	0	0	0	0	0	0	0	4044	1	0	0	0	0	0	0	0	4132	1	0	0	0	0	0	0	0	5201	1	0	0	0	0	0	0	0	4048	1	0	0	0	0	0	0	0	0	0	0	0	0	0	0	0	0	0	0	0	0	0	0	0	0	0	0	0	0	0	0	0	0	0	0	0	0	0	0	0	0	0	0	0	0	0	0	0	0	0	0	0	0	0	0	0	0	0	0	0	0	0	0	0	0	0	0	0	0	0	0	0	0	0	0	0	0	0	0	0	0	0	0	0	0	0	0	0	0	0	0	0	0	0	0	0	0	0	0	0	0	0	0	0	0	0	0	0	0	0	0	0	0	0	0	0	0	0	0	0	0	0	0	0	0	0	0	0	0	0	0	0	0	0	0	0	0	0	0	0	0	0	0	0	0	0	0	0	0	0	0	0	0	0	0	0	0	0	0	0	0	
//	62022	잡화-라만(트링겔)_테섭용	1	0	100	0	4403	1	0	0	0	0	0	0	0	4425	1	0	0	0	0	0	0	0	7253	1	0	0	0	0	0	0	0	63000	1	0	0	0	0	0	0	0	63002	1	0	0	0	0	0	0	0	61220	1	0	0	0	0	0	0	0	61226	1	0	0	0	0	0	0	0	61232	1	0	0	0	0	0	0	0	61238	1	0	0	0	0	0	0	0	61244	1	0	0	0	0	0	0	0	61200	1	0	0	0	0	0	0	0	61209	1	0	0	0	0	0	0	0	49160	1	0	0	0	0	0	0	0	49159	1	0	0	0	0	0	0	0	49158	1	0	0	0	0	0	0	0	3464	1	0	0	0	0	0	0	0	3465	1	0	0	0	0	0	0	0	3466	1	0	0	0	0	0	0	0	3467	1	0	0	0	0	0	0	0	3468	1	0	0	0	0	0	0	0	3123	1	0	0	0	0	0	0	0	3124	1	0	0	0	0	0	0	0	40574	1	0	0	0	0	0	0	0	40575	1	0	0	0	0	0	0	0	41410	1	0	0	0	0	0	0	0	
//	62022	잡화-라만(트링겔)_테섭용	1	0	100	1	63168	1	0	0	0	0	0	0	0	7120	1	0	0	0	0	0	0	0	3302	1	0	0	0	0	0	0	0	63024	1	0	0	0	0	0	0	0	62010	1	0	0	0	0	0	0	0	62011	1	0	0	0	0	0	0	0	65008	1	0	0	0	0	0	0	0	63003	1	0	0	0	0	0	0	0	65113	1	0	0	0	0	0	0	0	60094	1	0	0	0	0	0	0	0	7549	1	0	0	0	0	0	0	0	7548	1	0	0	0	0	0	0	0	65003	1	0	0	0	0	0	0	0	5285	1	0	0	0	0	0	0	0	60092	1	0	0	0	0	0	0	180	60282	1	0	0	0	0	0	0	1440	60283	1	0	0	0	0	0	0	1440	60284	1	0	0	0	0	0	0	1440	60205	1	0	0	0	0	0	0	1440	60297	1	0	0	0	0	0	0	1440	6855	1	0	0	0	0	0	0	0	63483	1	0	0	0	0	0	0	0	63486	1	0	0	0	0	0	0	0	63492	1	0	0	0	0	0	0	0	63495	1	0	0	0	0	0	0	0	
//	62022	잡화-라만(트링겔)_테섭용	1	0	100	2	4019	1	0	0	0	0	0	0	0	4024	1	0	0	0	0	0	0	0	4029	1	0	0	0	0	0	0	0	4038	1	0	0	0	0	0	0	0	4044	1	0	0	0	0	0	0	0	4132	1	0	0	0	0	0	0	0	5201	1	0	0	0	0	0	0	0	4048	1	0	0	0	0	0	0	0	0	0	0	0	0	0	0	0	0	0	0	0	0	0	0	0	0	0	0	0	0	0	0	0	0	0	0	0	0	0	0	0	0	0	0	0	0	0	0	0	0	0	0	0	0	0	0	0	0	0	0	0	0	0	0	0	0	0	0	0	0	0	0	0	0	0	0	0	0	0	0	0	0	0	0	0	0	0	0	0	0	0	0	0	0	0	0	0	0	0	0	0	0	0	0	0	0	0	0	0	0	0	0	0	0	0	0	0	0	0	0	0	0	0	0	0	0	0	0	0	0	0	0	0	0	0	0	0	0	0	0	0	0	0	0	0	0	0	0	0	0	0	0	0	0	0	0	0	0	0	0	0	0	
//	테섭용상인_에텔레인										0	0	0	0	0					0	0	0	0	0					0	0	0	0	0					0	0	0	0	0					0	0	0	0	0					0	0	0	0	0					0	0	0	0	0					0	0	0	0	0					0	0	0	0	0					0	0	0	0	0					0	0	0	0	0					0	0	0	0	0					0	0	0	0	0					0	0	0	0	0					0	0	0	0	0					0	0	0	0	0					0	0	0	0	0					0	0	0	0	0					0	0	0	0	0					0	0	0	0	0					0	0	0	0	0					0	0	0	0	0					0	0	0	0	0					0	0	0	0	0					0	0	0	0	0	
//	62051	버서커-니힐(에텔레인)_테섭용	1	0	100	0	50573	1	10515	0	0	0	0	0	0	50574	1	10515	0	0	0	0	0	0	51751	1	10515	0	0	0	0	0	0	51752	1	10515	0	0	0	0	0	0	51753	1	10515	0	0	0	0	0	0	51754	1	10515	0	0	0	0	0	0	51755	1	10515	0	0	0	0	0	0	51756	1	10515	0	0	0	0	0	0	51757	1	10515	0	0	0	0	0	0	51758	1	10515	0	0	0	0	0	0	50092	1	10515	0	0	0	0	0	0	50093	1	10515	0	0	0	0	0	0	51503	1	10515	0	0	0	0	0	0	51504	1	10515	0	0	0	0	0	0	51505	1	10515	0	0	0	0	0	0	51506	1	10515	0	0	0	0	0	0	51507	1	10515	0	0	0	0	0	0	51508	1	10515	0	0	0	0	0	0	51509	1	10515	0	0	0	0	0	0	51510	1	10515	0	0	0	0	0	0	50100	1	10515	0	0	0	0	0	0	50102	1	10515	0	0	0	0	0	0	50101	1	10515	0	0	0	0	0	0	50103	1	10515	0	0	0	0	0	0	0	0	0	0	0	0	0	0	0	
//	62051	버서커-니힐(에텔레인)_테섭용	1	0	100	1	2028	1	10515	0	0	0	0	0	0	15000	1	0	0	0	0	0	0	0	15001	1	0	0	0	0	0	0	0	15002	1	0	0	0	0	0	0	0	15003	1	0	0	0	0	0	0	0	3265	1	0	0	0	0	0	0	0	3266	1	0	0	0	0	0	0	0	3267	1	0	0	0	0	0	0	0	3268	1	0	0	0	0	0	0	0	3269	1	0	0	0	0	0	0	0	60831	1	0	0	0	0	0	0	0	60839	1	0	0	0	0	0	0	0	3118	1	0	0	0	0	0	0	0	0	0	0	0	0	0	0	0	0	0	0	0	0	0	0	0	0	0	0	0	0	0	0	0	0	0	0	0	0	0	0	0	0	0	0	0	0	0	0	0	0	0	0	0	0	0	0	0	0	0	0	0	0	0	0	0	0	0	0	0	0	0	0	0	0	0	0	0	0	0	0	0	0	0	0	0	0	0	0	0	0	0	0	0	0	0	0	0	0	0	0	0	0	0	0	0	0	0	0	0	0	0	0	0	0	0	0	0	
//	62054	드래곤-나훔(에텔레인)_테섭용	1	0	100	0	50575	1	10515	0	0	0	0	0	0	50576	1	10515	0	0	0	0	0	0	51759	1	10515	0	0	0	0	0	0	51760	1	10515	0	0	0	0	0	0	51761	1	10515	0	0	0	0	0	0	51762	1	10515	0	0	0	0	0	0	51763	1	10515	0	0	0	0	0	0	51764	1	10515	0	0	0	0	0	0	51765	1	10515	0	0	0	0	0	0	51766	1	10515	0	0	0	0	0	0	50094	1	10515	0	0	0	0	0	0	50095	1	10515	0	0	0	0	0	0	51511	1	10515	0	0	0	0	0	0	51512	1	10515	0	0	0	0	0	0	51513	1	10515	0	0	0	0	0	0	51514	1	10515	0	0	0	0	0	0	51515	1	10515	0	0	0	0	0	0	51516	1	10515	0	0	0	0	0	0	51517	1	10515	0	0	0	0	0	0	51518	1	10515	0	0	0	0	0	0	50104	1	10515	0	0	0	0	0	0	50106	1	10515	0	0	0	0	0	0	50105	1	10515	0	0	0	0	0	0	50107	1	10515	0	0	0	0	0	0	0	0	0	0	0	0	0	0	0	
//	62054	드래곤-나훔(에텔레인)_테섭용	1	0	100	1	2029	1	10515	0	0	0	0	0	0	15004	1	0	0	0	0	0	0	0	15005	1	0	0	0	0	0	0	0	15006	1	0	0	0	0	0	0	0	15007	1	0	0	0	0	0	0	0	3270	1	0	0	0	0	0	0	0	3271	1	0	0	0	0	0	0	0	3272	1	0	0	0	0	0	0	0	3273	1	0	0	0	0	0	0	0	3274	1	0	0	0	0	0	0	0	60832	1	0	0	0	0	0	0	0	60840	1	0	0	0	0	0	0	0	3119	1	0	0	0	0	0	0	0	0	0	0	0	0	0	0	0	0	0	0	0	0	0	0	0	0	0	0	0	0	0	0	0	0	0	0	0	0	0	0	0	0	0	0	0	0	0	0	0	0	0	0	0	0	0	0	0	0	0	0	0	0	0	0	0	0	0	0	0	0	0	0	0	0	0	0	0	0	0	0	0	0	0	0	0	0	0	0	0	0	0	0	0	0	0	0	0	0	0	0	0	0	0	0	0	0	0	0	0	0	0	0	0	0	0	0	0	
//	62118	섀도우-프랜시스(에텔레인)_테섭용	1	0	100	0	50581	1	10515	0	0	0	0	0	0	50582	1	10515	0	0	0	0	0	0	51783	1	10515	0	0	0	0	0	0	51784	1	10515	0	0	0	0	0	0	51785	1	10515	0	0	0	0	0	0	51786	1	10515	0	0	0	0	0	0	51787	1	10515	0	0	0	0	0	0	51788	1	10515	0	0	0	0	0	0	51789	1	10515	0	0	0	0	0	0	51790	1	10515	0	0	0	0	0	0	50124	1	10515	0	0	0	0	0	0	50125	1	10515	0	0	0	0	0	0	51535	1	10515	0	0	0	0	0	0	51536	1	10515	0	0	0	0	0	0	51537	1	10515	0	0	0	0	0	0	51538	1	10515	0	0	0	0	0	0	51539	1	10515	0	0	0	0	0	0	51540	1	10515	0	0	0	0	0	0	51541	1	10515	0	0	0	0	0	0	51542	1	10515	0	0	0	0	0	0	50116	1	10515	0	0	0	0	0	0	50118	1	10515	0	0	0	0	0	0	50250	1	10515	0	0	0	0	0	0	50119	1	10515	0	0	0	0	0	0	0	0	0	0	0	0	0	0	0	
//	62118	섀도우-프랜시스(에텔레인)_테섭용	1	0	100	1	2032	1	10515	0	0	0	0	0	0	15016	1	0	0	0	0	0	0	0	15017	1	0	0	0	0	0	0	0	15018	1	0	0	0	0	0	0	0	15019	1	0	0	0	0	0	0	0	3285	1	0	0	0	0	0	0	0	3286	1	0	0	0	0	0	0	0	3287	1	0	0	0	0	0	0	0	3288	1	0	0	0	0	0	0	0	3289	1	0	0	0	0	0	0	0	60835	1	0	0	0	0	0	0	0	60843	1	0	0	0	0	0	0	0	3122	1	0	0	0	0	0	0	0	0	0	0	0	0	0	0	0	0	0	0	0	0	0	0	0	0	0	0	0	0	0	0	0	0	0	0	0	0	0	0	0	0	0	0	0	0	0	0	0	0	0	0	0	0	0	0	0	0	0	0	0	0	0	0	0	0	0	0	0	0	0	0	0	0	0	0	0	0	0	0	0	0	0	0	0	0	0	0	0	0	0	0	0	0	0	0	0	0	0	0	0	0	0	0	0	0	0	0	0	0	0	0	0	0	0	0	0	
//	62057	발키리-라비나(에텔레인)_테섭용	1	0	100	0	50577	1	10515	0	0	0	0	0	0	50578	1	10515	0	0	0	0	0	0	51767	1	10515	0	0	0	0	0	0	51768	1	10515	0	0	0	0	0	0	51769	1	10515	0	0	0	0	0	0	51770	1	10515	0	0	0	0	0	0	51771	1	10515	0	0	0	0	0	0	51772	1	10515	0	0	0	0	0	0	51773	1	10515	0	0	0	0	0	0	51774	1	10515	0	0	0	0	0	0	50096	1	10515	0	0	0	0	0	0	50097	1	10515	0	0	0	0	0	0	51527	1	10515	0	0	0	0	0	0	51528	1	10515	0	0	0	0	0	0	51529	1	10515	0	0	0	0	0	0	51530	1	10515	0	0	0	0	0	0	51531	1	10515	0	0	0	0	0	0	51532	1	10515	0	0	0	0	0	0	51533	1	10515	0	0	0	0	0	0	51534	1	10515	0	0	0	0	0	0	50108	1	10515	0	0	0	0	0	0	50110	1	10515	0	0	0	0	0	0	50109	1	10515	0	0	0	0	0	0	50111	1	10515	0	0	0	0	0	0	0	0	0	0	0	0	0	0	0	
//	62057	발키리-라비나(에텔레인)_테섭용	1	0	100	1	2030	1	10515	0	0	0	0	0	0	15008	1	0	0	0	0	0	0	0	15009	1	0	0	0	0	0	0	0	15010	1	0	0	0	0	0	0	0	15011	1	0	0	0	0	0	0	0	3275	1	0	0	0	0	0	0	0	3276	1	0	0	0	0	0	0	0	3277	1	0	0	0	0	0	0	0	3278	1	0	0	0	0	0	0	0	3279	1	0	0	0	0	0	0	0	60833	1	0	0	0	0	0	0	0	60841	1	0	0	0	0	0	0	0	3120	1	0	0	0	0	0	0	0	0	0	0	0	0	0	0	0	0	0	0	0	0	0	0	0	0	0	0	0	0	0	0	0	0	0	0	0	0	0	0	0	0	0	0	0	0	0	0	0	0	0	0	0	0	0	0	0	0	0	0	0	0	0	0	0	0	0	0	0	0	0	0	0	0	0	0	0	0	0	0	0	0	0	0	0	0	0	0	0	0	0	0	0	0	0	0	0	0	0	0	0	0	0	0	0	0	0	0	0	0	0	0	0	0	0	0	0	
//	62060	엘리-베스티아(에텔레인)_테섭용	1	0	100	0	50579	1	10515	0	0	0	0	0	0	50580	1	10515	0	0	0	0	0	0	51775	1	10515	0	0	0	0	0	0	51776	1	10515	0	0	0	0	0	0	51777	1	10515	0	0	0	0	0	0	51778	1	10515	0	0	0	0	0	0	51779	1	10515	0	0	0	0	0	0	51780	1	10515	0	0	0	0	0	0	51781	1	10515	0	0	0	0	0	0	51782	1	10515	0	0	0	0	0	0	50098	1	10515	0	0	0	0	0	0	50099	1	10515	0	0	0	0	0	0	51519	1	10515	0	0	0	0	0	0	51520	1	10515	0	0	0	0	0	0	51521	1	10515	0	0	0	0	0	0	51522	1	10515	0	0	0	0	0	0	51523	1	10515	0	0	0	0	0	0	51524	1	10515	0	0	0	0	0	0	51525	1	10515	0	0	0	0	0	0	51526	1	10515	0	0	0	0	0	0	50112	1	10515	0	0	0	0	0	0	50114	1	10515	0	0	0	0	0	0	50113	1	10515	0	0	0	0	0	0	50115	1	10515	0	0	0	0	0	0	0	0	0	0	0	0	0	0	0	
//	62060	엘리-베스티아(에텔레인)_테섭용	1	0	100	1	2031	1	10515	0	0	0	0	0	0	15012	1	0	0	0	0	0	0	0	15013	1	0	0	0	0	0	0	0	15014	1	0	0	0	0	0	0	0	15015	1	0	0	0	0	0	0	0	3280	1	0	0	0	0	0	0	0	3281	1	0	0	0	0	0	0	0	3282	1	0	0	0	0	0	0	0	3283	1	0	0	0	0	0	0	0	3284	1	0	0	0	0	0	0	0	60834	1	0	0	0	0	0	0	0	60842	1	0	0	0	0	0	0	0	3121	1	0	0	0	0	0	0	0	0	0	0	0	0	0	0	0	0	0	0	0	0	0	0	0	0	0	0	0	0	0	0	0	0	0	0	0	0	0	0	0	0	0	0	0	0	0	0	0	0	0	0	0	0	0	0	0	0	0	0	0	0	0	0	0	0	0	0	0	0	0	0	0	0	0	0	0	0	0	0	0	0	0	0	0	0	0	0	0	0	0	0	0	0	0	0	0	0	0	0	0	0	0	0	0	0	0	0	0	0	0	0	0	0	0	0	0	
//	64089	미스틱-브루나(에텔레인)_테섭용	1	0	100	0	50583	1	10515	0	0	0	0	0	0	50584	1	10515	0	0	0	0	0	0	51791	1	10515	0	0	0	0	0	0	51792	1	10515	0	0	0	0	0	0	51793	1	10515	0	0	0	0	0	0	51794	1	10515	0	0	0	0	0	0	51795	1	10515	0	0	0	0	0	0	51796	1	10515	0	0	0	0	0	0	51797	1	10515	0	0	0	0	0	0	51798	1	10515	0	0	0	0	0	0	50126	1	10515	0	0	0	0	0	0	50127	1	10515	0	0	0	0	0	0	51543	1	10515	0	0	0	0	0	0	51544	1	10515	0	0	0	0	0	0	51545	1	10515	0	0	0	0	0	0	51546	1	10515	0	0	0	0	0	0	51547	1	10515	0	0	0	0	0	0	51548	1	10515	0	0	0	0	0	0	51549	1	10515	0	0	0	0	0	0	51550	1	10515	0	0	0	0	0	0	50120	1	10515	0	0	0	0	0	0	50122	1	10515	0	0	0	0	0	0	50121	1	10515	0	0	0	0	0	0	50123	1	10515	0	0	0	0	0	0	0	0	0	0	0	0	0	0	0	
//	64089	미스틱-브루나(에텔레인)_테섭용	1	0	100	1	2033	1	10515	0	0	0	0	0	0	15020	1	0	0	0	0	0	0	0	15021	1	0	0	0	0	0	0	0	15022	1	0	0	0	0	0	0	0	15023	1	0	0	0	0	0	0	0	3290	1	0	0	0	0	0	0	0	3291	1	0	0	0	0	0	0	0	3292	1	0	0	0	0	0	0	0	3293	1	0	0	0	0	0	0	0	3294	1	0	0	0	0	0	0	0	60836	1	0	0	0	0	0	0	0	3231	1	0	0	0	0	0	0	0	0	0	0	0	0	0	0	0	0	0	0	0	0	0	0	0	0	0	0	0	0	0	0	0	0	0	0	0	0	0	0	0	0	0	0	0	0	0	0	0	0	0	0	0	0	0	0	0	0	0	0	0	0	0	0	0	0	0	0	0	0	0	0	0	0	0	0	0	0	0	0	0	0	0	0	0	0	0	0	0	0	0	0	0	0	0	0	0	0	0	0	0	0	0	0	0	0	0	0	0	0	0	0	0	0	0	0	0	0	0	0	0	0	0	0	0	0	
//	64187	HER-AK47(에텔레인)_테섭용	1	0	100	0	50585	1	10515	0	0	0	0	0	0	51799	1	10515	0	0	0	0	0	0	51800	1	10515	0	0	0	0	0	0	51801	1	10515	0	0	0	0	0	0	51802	1	10515	0	0	0	0	0	0	51803	1	10515	0	0	0	0	0	0	51804	1	10515	0	0	0	0	0	0	51805	1	10515	0	0	0	0	0	0	51806	1	10515	0	0	0	0	0	0	0	0	0	0	0	0	0	0	0	50133	1	10515	0	0	0	0	0	0	51687	1	10515	0	0	0	0	0	0	51688	1	10515	0	0	0	0	0	0	51689	1	10515	0	0	0	0	0	0	51690	1	10515	0	0	0	0	0	0	51691	1	10515	0	0	0	0	0	0	51692	1	10515	0	0	0	0	0	0	51693	1	10515	0	0	0	0	0	0	51694	1	10515	0	0	0	0	0	0	0	0	0	0	0	0	0	0	0	50135	1	10515	0	0	0	0	0	0	50136	1	10515	0	0	0	0	0	0	0	0	0	0	0	0	0	0	0	0	0	0	0	0	0	0	0	0	0	0	0	0	0	0	0	0	0	
//	64187	HER-AK47(에텔레인)_테섭용	1	0	100	1	2034	1	10515	0	0	0	0	0	0	15024	1	0	0	0	0	0	0	0	15025	1	0	0	0	0	0	0	0	15026	1	0	0	0	0	0	0	0	15027	1	0	0	0	0	0	0	0	3479	1	0	0	0	0	0	0	0	3480	1	0	0	0	0	0	0	0	3481	1	0	0	0	0	0	0	0	3482	1	0	0	0	0	0	0	0	3483	1	0	0	0	0	0	0	0	60837	1	0	0	0	0	0	0	0	3470	1	0	0	0	0	0	0	0	0	0	0	0	0	0	0	0	0	0	0	0	0	0	0	0	0	0	0	0	0	0	0	0	0	0	0	0	0	0	0	0	0	0	0	0	0	0	0	0	0	0	0	0	0	0	0	0	0	0	0	0	0	0	0	0	0	0	0	0	0	0	0	0	0	0	0	0	0	0	0	0	0	0	0	0	0	0	0	0	0	0	0	0	0	0	0	0	0	0	0	0	0	0	0	0	0	0	0	0	0	0	0	0	0	0	0	0	0	0	0	0	0	0	0	0	0	
//	62052	버서커-오터(에텔레인)_테섭용	1	0	100	0	50573	1	10515	0	0	0	0	0	0	50574	1	10515	0	0	0	0	0	0	51751	1	10515	0	0	0	0	0	0	51752	1	10515	0	0	0	0	0	0	51753	1	10515	0	0	0	0	0	0	51754	1	10515	0	0	0	0	0	0	51755	1	10515	0	0	0	0	0	0	51756	1	10515	0	0	0	0	0	0	51757	1	10515	0	0	0	0	0	0	51758	1	10515	0	0	0	0	0	0	50092	1	10515	0	0	0	0	0	0	50093	1	10515	0	0	0	0	0	0	51503	1	10515	0	0	0	0	0	0	51504	1	10515	0	0	0	0	0	0	51505	1	10515	0	0	0	0	0	0	51506	1	10515	0	0	0	0	0	0	51507	1	10515	0	0	0	0	0	0	51508	1	10515	0	0	0	0	0	0	51509	1	10515	0	0	0	0	0	0	51510	1	10515	0	0	0	0	0	0	50100	1	10515	0	0	0	0	0	0	50102	1	10515	0	0	0	0	0	0	50101	1	10515	0	0	0	0	0	0	50103	1	10515	0	0	0	0	0	0	0	0	0	0	0	0	0	0	0	
//	62052	버서커-오터(에텔레인)_테섭용	1	0	100	1	2028	1	10515	0	0	0	0	0	0	15000	1	0	0	0	0	0	0	0	15001	1	0	0	0	0	0	0	0	15002	1	0	0	0	0	0	0	0	15003	1	0	0	0	0	0	0	0	3265	1	0	0	0	0	0	0	0	3266	1	0	0	0	0	0	0	0	3267	1	0	0	0	0	0	0	0	3268	1	0	0	0	0	0	0	0	3269	1	0	0	0	0	0	0	0	60831	1	0	0	0	0	0	0	0	60839	1	0	0	0	0	0	0	0	3118	1	0	0	0	0	0	0	0	0	0	0	0	0	0	0	0	0	0	0	0	0	0	0	0	0	0	0	0	0	0	0	0	0	0	0	0	0	0	0	0	0	0	0	0	0	0	0	0	0	0	0	0	0	0	0	0	0	0	0	0	0	0	0	0	0	0	0	0	0	0	0	0	0	0	0	0	0	0	0	0	0	0	0	0	0	0	0	0	0	0	0	0	0	0	0	0	0	0	0	0	0	0	0	0	0	0	0	0	0	0	0	0	0	0	0	0	
//	62055	드래곤-오비스(에텔레인)_테섭용	1	0	100	0	50575	1	10515	0	0	0	0	0	0	50576	1	10515	0	0	0	0	0	0	51759	1	10515	0	0	0	0	0	0	51760	1	10515	0	0	0	0	0	0	51761	1	10515	0	0	0	0	0	0	51762	1	10515	0	0	0	0	0	0	51763	1	10515	0	0	0	0	0	0	51764	1	10515	0	0	0	0	0	0	51765	1	10515	0	0	0	0	0	0	51766	1	10515	0	0	0	0	0	0	50094	1	10515	0	0	0	0	0	0	50095	1	10515	0	0	0	0	0	0	51511	1	10515	0	0	0	0	0	0	51512	1	10515	0	0	0	0	0	0	51513	1	10515	0	0	0	0	0	0	51514	1	10515	0	0	0	0	0	0	51515	1	10515	0	0	0	0	0	0	51516	1	10515	0	0	0	0	0	0	51517	1	10515	0	0	0	0	0	0	51518	1	10515	0	0	0	0	0	0	50104	1	10515	0	0	0	0	0	0	50106	1	10515	0	0	0	0	0	0	50105	1	10515	0	0	0	0	0	0	50107	1	10515	0	0	0	0	0	0	0	0	0	0	0	0	0	0	0	
//	62055	드래곤-오비스(에텔레인)_테섭용	1	0	100	1	2029	1	10515	0	0	0	0	0	0	15004	1	0	0	0	0	0	0	0	15005	1	0	0	0	0	0	0	0	15006	1	0	0	0	0	0	0	0	15007	1	0	0	0	0	0	0	0	3270	1	0	0	0	0	0	0	0	3271	1	0	0	0	0	0	0	0	3272	1	0	0	0	0	0	0	0	3273	1	0	0	0	0	0	0	0	3274	1	0	0	0	0	0	0	0	60832	1	0	0	0	0	0	0	0	60840	1	0	0	0	0	0	0	0	3119	1	0	0	0	0	0	0	0	0	0	0	0	0	0	0	0	0	0	0	0	0	0	0	0	0	0	0	0	0	0	0	0	0	0	0	0	0	0	0	0	0	0	0	0	0	0	0	0	0	0	0	0	0	0	0	0	0	0	0	0	0	0	0	0	0	0	0	0	0	0	0	0	0	0	0	0	0	0	0	0	0	0	0	0	0	0	0	0	0	0	0	0	0	0	0	0	0	0	0	0	0	0	0	0	0	0	0	0	0	0	0	0	0	0	0	0	
//	62119	섀도우-베르나르(에텔레인)_테섭용	1	0	100	0	50581	1	10515	0	0	0	0	0	0	50582	1	10515	0	0	0	0	0	0	51783	1	10515	0	0	0	0	0	0	51784	1	10515	0	0	0	0	0	0	51785	1	10515	0	0	0	0	0	0	51786	1	10515	0	0	0	0	0	0	51787	1	10515	0	0	0	0	0	0	51788	1	10515	0	0	0	0	0	0	51789	1	10515	0	0	0	0	0	0	51790	1	10515	0	0	0	0	0	0	50124	1	10515	0	0	0	0	0	0	50125	1	10515	0	0	0	0	0	0	51535	1	10515	0	0	0	0	0	0	51536	1	10515	0	0	0	0	0	0	51537	1	10515	0	0	0	0	0	0	51538	1	10515	0	0	0	0	0	0	51539	1	10515	0	0	0	0	0	0	51540	1	10515	0	0	0	0	0	0	51541	1	10515	0	0	0	0	0	0	51542	1	10515	0	0	0	0	0	0	50116	1	10515	0	0	0	0	0	0	50118	1	10515	0	0	0	0	0	0	50250	1	10515	0	0	0	0	0	0	50119	1	10515	0	0	0	0	0	0	0	0	0	0	0	0	0	0	0	
//	62119	섀도우-베르나르(에텔레인)_테섭용	1	0	100	1	2032	1	10515	0	0	0	0	0	0	15016	1	0	0	0	0	0	0	0	15017	1	0	0	0	0	0	0	0	15018	1	0	0	0	0	0	0	0	15019	1	0	0	0	0	0	0	0	3285	1	0	0	0	0	0	0	0	3286	1	0	0	0	0	0	0	0	3287	1	0	0	0	0	0	0	0	3288	1	0	0	0	0	0	0	0	3289	1	0	0	0	0	0	0	0	60835	1	0	0	0	0	0	0	0	60843	1	0	0	0	0	0	0	0	3122	1	0	0	0	0	0	0	0	0	0	0	0	0	0	0	0	0	0	0	0	0	0	0	0	0	0	0	0	0	0	0	0	0	0	0	0	0	0	0	0	0	0	0	0	0	0	0	0	0	0	0	0	0	0	0	0	0	0	0	0	0	0	0	0	0	0	0	0	0	0	0	0	0	0	0	0	0	0	0	0	0	0	0	0	0	0	0	0	0	0	0	0	0	0	0	0	0	0	0	0	0	0	0	0	0	0	0	0	0	0	0	0	0	0	0	0	
//	62058	발키리-안나(에텔레인)_테섭용	1	0	100	0	50577	1	10515	0	0	0	0	0	0	50578	1	10515	0	0	0	0	0	0	51767	1	10515	0	0	0	0	0	0	51768	1	10515	0	0	0	0	0	0	51769	1	10515	0	0	0	0	0	0	51770	1	10515	0	0	0	0	0	0	51771	1	10515	0	0	0	0	0	0	51772	1	10515	0	0	0	0	0	0	51773	1	10515	0	0	0	0	0	0	51774	1	10515	0	0	0	0	0	0	50096	1	10515	0	0	0	0	0	0	50097	1	10515	0	0	0	0	0	0	51527	1	10515	0	0	0	0	0	0	51528	1	10515	0	0	0	0	0	0	51529	1	10515	0	0	0	0	0	0	51530	1	10515	0	0	0	0	0	0	51531	1	10515	0	0	0	0	0	0	51532	1	10515	0	0	0	0	0	0	51533	1	10515	0	0	0	0	0	0	51534	1	10515	0	0	0	0	0	0	50108	1	10515	0	0	0	0	0	0	50110	1	10515	0	0	0	0	0	0	50109	1	10515	0	0	0	0	0	0	50111	1	10515	0	0	0	0	0	0	0	0	0	0	0	0	0	0	0	
//	62058	발키리-안나(에텔레인)_테섭용	1	0	100	1	2030	1	10515	0	0	0	0	0	0	15008	1	0	0	0	0	0	0	0	15009	1	0	0	0	0	0	0	0	15010	1	0	0	0	0	0	0	0	15011	1	0	0	0	0	0	0	0	3275	1	0	0	0	0	0	0	0	3276	1	0	0	0	0	0	0	0	3277	1	0	0	0	0	0	0	0	3278	1	0	0	0	0	0	0	0	3279	1	0	0	0	0	0	0	0	60833	1	0	0	0	0	0	0	0	60841	1	0	0	0	0	0	0	0	3120	1	0	0	0	0	0	0	0	0	0	0	0	0	0	0	0	0	0	0	0	0	0	0	0	0	0	0	0	0	0	0	0	0	0	0	0	0	0	0	0	0	0	0	0	0	0	0	0	0	0	0	0	0	0	0	0	0	0	0	0	0	0	0	0	0	0	0	0	0	0	0	0	0	0	0	0	0	0	0	0	0	0	0	0	0	0	0	0	0	0	0	0	0	0	0	0	0	0	0	0	0	0	0	0	0	0	0	0	0	0	0	0	0	0	0	0	
//	62061	엘리-아리에스(에텔레인)_테섭용	1	0	100	0	50579	1	10515	0	0	0	0	0	0	50580	1	10515	0	0	0	0	0	0	51775	1	10515	0	0	0	0	0	0	51776	1	10515	0	0	0	0	0	0	51777	1	10515	0	0	0	0	0	0	51778	1	10515	0	0	0	0	0	0	51779	1	10515	0	0	0	0	0	0	51780	1	10515	0	0	0	0	0	0	51781	1	10515	0	0	0	0	0	0	51782	1	10515	0	0	0	0	0	0	50098	1	10515	0	0	0	0	0	0	50099	1	10515	0	0	0	0	0	0	51519	1	10515	0	0	0	0	0	0	51520	1	10515	0	0	0	0	0	0	51521	1	10515	0	0	0	0	0	0	51522	1	10515	0	0	0	0	0	0	51523	1	10515	0	0	0	0	0	0	51524	1	10515	0	0	0	0	0	0	51525	1	10515	0	0	0	0	0	0	51526	1	10515	0	0	0	0	0	0	50112	1	10515	0	0	0	0	0	0	50114	1	10515	0	0	0	0	0	0	50113	1	10515	0	0	0	0	0	0	50115	1	10515	0	0	0	0	0	0	0	0	0	0	0	0	0	0	0	
//	62061	엘리-아리에스(에텔레인)_테섭용	1	0	100	1	2031	1	10515	0	0	0	0	0	0	15012	1	0	0	0	0	0	0	0	15013	1	0	0	0	0	0	0	0	15014	1	0	0	0	0	0	0	0	15015	1	0	0	0	0	0	0	0	3280	1	0	0	0	0	0	0	0	3281	1	0	0	0	0	0	0	0	3282	1	0	0	0	0	0	0	0	3283	1	0	0	0	0	0	0	0	3284	1	0	0	0	0	0	0	0	60834	1	0	0	0	0	0	0	0	60842	1	0	0	0	0	0	0	0	3121	1	0	0	0	0	0	0	0	0	0	0	0	0	0	0	0	0	0	0	0	0	0	0	0	0	0	0	0	0	0	0	0	0	0	0	0	0	0	0	0	0	0	0	0	0	0	0	0	0	0	0	0	0	0	0	0	0	0	0	0	0	0	0	0	0	0	0	0	0	0	0	0	0	0	0	0	0	0	0	0	0	0	0	0	0	0	0	0	0	0	0	0	0	0	0	0	0	0	0	0	0	0	0	0	0	0	0	0	0	0	0	0	0	0	0	0	
//	64090	미스틱-아즈모(에텔레인)_테섭용	1	0	100	0	50583	1	10515	0	0	0	0	0	0	50584	1	10515	0	0	0	0	0	0	51791	1	10515	0	0	0	0	0	0	51792	1	10515	0	0	0	0	0	0	51793	1	10515	0	0	0	0	0	0	51794	1	10515	0	0	0	0	0	0	51795	1	10515	0	0	0	0	0	0	51796	1	10515	0	0	0	0	0	0	51797	1	10515	0	0	0	0	0	0	51798	1	10515	0	0	0	0	0	0	50126	1	10515	0	0	0	0	0	0	50127	1	10515	0	0	0	0	0	0	51543	1	10515	0	0	0	0	0	0	51544	1	10515	0	0	0	0	0	0	51545	1	10515	0	0	0	0	0	0	51546	1	10515	0	0	0	0	0	0	51547	1	10515	0	0	0	0	0	0	51548	1	10515	0	0	0	0	0	0	51549	1	10515	0	0	0	0	0	0	51550	1	10515	0	0	0	0	0	0	50120	1	10515	0	0	0	0	0	0	50122	1	10515	0	0	0	0	0	0	50121	1	10515	0	0	0	0	0	0	50123	1	10515	0	0	0	0	0	0	0	0	0	0	0	0	0	0	0	
//	64090	미스틱-아즈모(에텔레인)_테섭용	1	0	100	1	2033	1	10515	0	0	0	0	0	0	15020	1	0	0	0	0	0	0	0	15021	1	0	0	0	0	0	0	0	15022	1	0	0	0	0	0	0	0	15023	1	0	0	0	0	0	0	0	3290	1	0	0	0	0	0	0	0	3291	1	0	0	0	0	0	0	0	3292	1	0	0	0	0	0	0	0	3293	1	0	0	0	0	0	0	0	3294	1	0	0	0	0	0	0	0	60836	1	0	0	0	0	0	0	0	3231	1	0	0	0	0	0	0	0	0	0	0	0	0	0	0	0	0	0	0	0	0	0	0	0	0	0	0	0	0	0	0	0	0	0	0	0	0	0	0	0	0	0	0	0	0	0	0	0	0	0	0	0	0	0	0	0	0	0	0	0	0	0	0	0	0	0	0	0	0	0	0	0	0	0	0	0	0	0	0	0	0	0	0	0	0	0	0	0	0	0	0	0	0	0	0	0	0	0	0	0	0	0	0	0	0	0	0	0	0	0	0	0	0	0	0	0	0	0	0	0	0	0	0	0	0	
//	64188	HER-SA80(에텔레인)_테섭용	1	0	100	0	50585	1	10515	0	0	0	0	0	0	51799	1	10515	0	0	0	0	0	0	51800	1	10515	0	0	0	0	0	0	51801	1	10515	0	0	0	0	0	0	51802	1	10515	0	0	0	0	0	0	51803	1	10515	0	0	0	0	0	0	51804	1	10515	0	0	0	0	0	0	51805	1	10515	0	0	0	0	0	0	51806	1	10515	0	0	0	0	0	0	0	0	0	0	0	0	0	0	0	50133	1	10515	0	0	0	0	0	0	51687	1	10515	0	0	0	0	0	0	51688	1	10515	0	0	0	0	0	0	51689	1	10515	0	0	0	0	0	0	51690	1	10515	0	0	0	0	0	0	51691	1	10515	0	0	0	0	0	0	51692	1	10515	0	0	0	0	0	0	51693	1	10515	0	0	0	0	0	0	51694	1	10515	0	0	0	0	0	0	0	0	0	0	0	0	0	0	0	50135	1	10515	0	0	0	0	0	0	50136	1	10515	0	0	0	0	0	0	0	0	0	0	0	0	0	0	0	0	0	0	0	0	0	0	0	0	0	0	0	0	0	0	0	0	0	
//	64188	HER-SA80(에텔레인)_테섭용	1	0	100	1	2034	1	10515	0	0	0	0	0	0	15024	1	0	0	0	0	0	0	0	15025	1	0	0	0	0	0	0	0	15026	1	0	0	0	0	0	0	0	15027	1	0	0	0	0	0	0	0	3479	1	0	0	0	0	0	0	0	3480	1	0	0	0	0	0	0	0	3481	1	0	0	0	0	0	0	0	3482	1	0	0	0	0	0	0	0	3483	1	0	0	0	0	0	0	0	60837	1	0	0	0	0	0	0	0	3470	1	0	0	0	0	0	0	0	0	0	0	0	0	0	0	0	0	0	0	0	0	0	0	0	0	0	0	0	0	0	0	0	0	0	0	0	0	0	0	0	0	0	0	0	0	0	0	0	0	0	0	0	0	0	0	0	0	0	0	0	0	0	0	0	0	0	0	0	0	0	0	0	0	0	0	0	0	0	0	0	0	0	0	0	0	0	0	0	0	0	0	0	0	0	0	0	0	0	0	0	0	0	0	0	0	0	0	0	0	0	0	0	0	0	0	0	0	0	0	0	0	0	0	0	0	
//	62053	버서커-클라우드(에텔레인)_테섭용	1	0	100	0	50573	1	10515	0	0	0	0	0	0	50574	1	10515	0	0	0	0	0	0	51751	1	10515	0	0	0	0	0	0	51752	1	10515	0	0	0	0	0	0	51753	1	10515	0	0	0	0	0	0	51754	1	10515	0	0	0	0	0	0	51755	1	10515	0	0	0	0	0	0	51756	1	10515	0	0	0	0	0	0	51757	1	10515	0	0	0	0	0	0	51758	1	10515	0	0	0	0	0	0	50092	1	10515	0	0	0	0	0	0	50093	1	10515	0	0	0	0	0	0	51503	1	10515	0	0	0	0	0	0	51504	1	10515	0	0	0	0	0	0	51505	1	10515	0	0	0	0	0	0	51506	1	10515	0	0	0	0	0	0	51507	1	10515	0	0	0	0	0	0	51508	1	10515	0	0	0	0	0	0	51509	1	10515	0	0	0	0	0	0	51510	1	10515	0	0	0	0	0	0	50100	1	10515	0	0	0	0	0	0	50102	1	10515	0	0	0	0	0	0	50101	1	10515	0	0	0	0	0	0	50103	1	10515	0	0	0	0	0	0	0	0	0	0	0	0	0	0	0	
//	62053	버서커-클라우드(에텔레인)_테섭용	1	0	100	1	2028	1	10515	0	0	0	0	0	0	15000	1	0	0	0	0	0	0	0	15001	1	0	0	0	0	0	0	0	15002	1	0	0	0	0	0	0	0	15003	1	0	0	0	0	0	0	0	3265	1	0	0	0	0	0	0	0	3266	1	0	0	0	0	0	0	0	3267	1	0	0	0	0	0	0	0	3268	1	0	0	0	0	0	0	0	3269	1	0	0	0	0	0	0	0	60831	1	0	0	0	0	0	0	0	60839	1	0	0	0	0	0	0	0	3118	1	0	0	0	0	0	0	0	0	0	0	0	0	0	0	0	0	0	0	0	0	0	0	0	0	0	0	0	0	0	0	0	0	0	0	0	0	0	0	0	0	0	0	0	0	0	0	0	0	0	0	0	0	0	0	0	0	0	0	0	0	0	0	0	0	0	0	0	0	0	0	0	0	0	0	0	0	0	0	0	0	0	0	0	0	0	0	0	0	0	0	0	0	0	0	0	0	0	0	0	0	0	0	0	0	0	0	0	0	0	0	0	0	0	0	0	
//	62056	드래곤-세페르(에텔레인)_테섭용	1	0	100	0	50575	1	10515	0	0	0	0	0	0	50576	1	10515	0	0	0	0	0	0	51759	1	10515	0	0	0	0	0	0	51760	1	10515	0	0	0	0	0	0	51761	1	10515	0	0	0	0	0	0	51762	1	10515	0	0	0	0	0	0	51763	1	10515	0	0	0	0	0	0	51764	1	10515	0	0	0	0	0	0	51765	1	10515	0	0	0	0	0	0	51766	1	10515	0	0	0	0	0	0	50094	1	10515	0	0	0	0	0	0	50095	1	10515	0	0	0	0	0	0	51511	1	10515	0	0	0	0	0	0	51512	1	10515	0	0	0	0	0	0	51513	1	10515	0	0	0	0	0	0	51514	1	10515	0	0	0	0	0	0	51515	1	10515	0	0	0	0	0	0	51516	1	10515	0	0	0	0	0	0	51517	1	10515	0	0	0	0	0	0	51518	1	10515	0	0	0	0	0	0	50104	1	10515	0	0	0	0	0	0	50106	1	10515	0	0	0	0	0	0	50105	1	10515	0	0	0	0	0	0	50107	1	10515	0	0	0	0	0	0	0	0	0	0	0	0	0	0	0	
//	62056	드래곤-세페르(에텔레인)_테섭용	1	0	100	1	2029	1	10515	0	0	0	0	0	0	15004	1	0	0	0	0	0	0	0	15005	1	0	0	0	0	0	0	0	15006	1	0	0	0	0	0	0	0	15007	1	0	0	0	0	0	0	0	3270	1	0	0	0	0	0	0	0	3271	1	0	0	0	0	0	0	0	3272	1	0	0	0	0	0	0	0	3273	1	0	0	0	0	0	0	0	3274	1	0	0	0	0	0	0	0	60832	1	0	0	0	0	0	0	0	60840	1	0	0	0	0	0	0	0	3119	1	0	0	0	0	0	0	0	0	0	0	0	0	0	0	0	0	0	0	0	0	0	0	0	0	0	0	0	0	0	0	0	0	0	0	0	0	0	0	0	0	0	0	0	0	0	0	0	0	0	0	0	0	0	0	0	0	0	0	0	0	0	0	0	0	0	0	0	0	0	0	0	0	0	0	0	0	0	0	0	0	0	0	0	0	0	0	0	0	0	0	0	0	0	0	0	0	0	0	0	0	0	0	0	0	0	0	0	0	0	0	0	0	0	0	0	
//	62120	섀도우-개브리얼(에텔레인)_테섭용	1	0	100	0	50581	1	10515	0	0	0	0	0	0	50582	1	10515	0	0	0	0	0	0	51783	1	10515	0	0	0	0	0	0	51784	1	10515	0	0	0	0	0	0	51785	1	10515	0	0	0	0	0	0	51786	1	10515	0	0	0	0	0	0	51787	1	10515	0	0	0	0	0	0	51788	1	10515	0	0	0	0	0	0	51789	1	10515	0	0	0	0	0	0	51790	1	10515	0	0	0	0	0	0	50124	1	10515	0	0	0	0	0	0	50125	1	10515	0	0	0	0	0	0	51535	1	10515	0	0	0	0	0	0	51536	1	10515	0	0	0	0	0	0	51537	1	10515	0	0	0	0	0	0	51538	1	10515	0	0	0	0	0	0	51539	1	10515	0	0	0	0	0	0	51540	1	10515	0	0	0	0	0	0	51541	1	10515	0	0	0	0	0	0	51542	1	10515	0	0	0	0	0	0	50116	1	10515	0	0	0	0	0	0	50118	1	10515	0	0	0	0	0	0	50250	1	10515	0	0	0	0	0	0	50119	1	10515	0	0	0	0	0	0	0	0	0	0	0	0	0	0	0	
//	62120	섀도우-개브리얼(에텔레인)_테섭용	1	0	100	1	2032	1	10515	0	0	0	0	0	0	15016	1	0	0	0	0	0	0	0	15017	1	0	0	0	0	0	0	0	15018	1	0	0	0	0	0	0	0	15019	1	0	0	0	0	0	0	0	3285	1	0	0	0	0	0	0	0	3286	1	0	0	0	0	0	0	0	3287	1	0	0	0	0	0	0	0	3288	1	0	0	0	0	0	0	0	3289	1	0	0	0	0	0	0	0	60835	1	0	0	0	0	0	0	0	60843	1	0	0	0	0	0	0	0	3122	1	0	0	0	0	0	0	0	0	0	0	0	0	0	0	0	0	0	0	0	0	0	0	0	0	0	0	0	0	0	0	0	0	0	0	0	0	0	0	0	0	0	0	0	0	0	0	0	0	0	0	0	0	0	0	0	0	0	0	0	0	0	0	0	0	0	0	0	0	0	0	0	0	0	0	0	0	0	0	0	0	0	0	0	0	0	0	0	0	0	0	0	0	0	0	0	0	0	0	0	0	0	0	0	0	0	0	0	0	0	0	0	0	0	0	0	
//	62059	발키리-아샤(에텔레인)_테섭용	1	0	100	0	50577	1	10515	0	0	0	0	0	0	50578	1	10515	0	0	0	0	0	0	51767	1	10515	0	0	0	0	0	0	51768	1	10515	0	0	0	0	0	0	51769	1	10515	0	0	0	0	0	0	51770	1	10515	0	0	0	0	0	0	51771	1	10515	0	0	0	0	0	0	51772	1	10515	0	0	0	0	0	0	51773	1	10515	0	0	0	0	0	0	51774	1	10515	0	0	0	0	0	0	50096	1	10515	0	0	0	0	0	0	50097	1	10515	0	0	0	0	0	0	51527	1	10515	0	0	0	0	0	0	51528	1	10515	0	0	0	0	0	0	51529	1	10515	0	0	0	0	0	0	51530	1	10515	0	0	0	0	0	0	51531	1	10515	0	0	0	0	0	0	51532	1	10515	0	0	0	0	0	0	51533	1	10515	0	0	0	0	0	0	51534	1	10515	0	0	0	0	0	0	50108	1	10515	0	0	0	0	0	0	50110	1	10515	0	0	0	0	0	0	50109	1	10515	0	0	0	0	0	0	50111	1	10515	0	0	0	0	0	0	0	0	0	0	0	0	0	0	0	
//	62059	발키리-아샤(에텔레인)_테섭용	1	0	100	1	2030	1	10515	0	0	0	0	0	0	15008	1	0	0	0	0	0	0	0	15009	1	0	0	0	0	0	0	0	15010	1	0	0	0	0	0	0	0	15011	1	0	0	0	0	0	0	0	3275	1	0	0	0	0	0	0	0	3276	1	0	0	0	0	0	0	0	3277	1	0	0	0	0	0	0	0	3278	1	0	0	0	0	0	0	0	3279	1	0	0	0	0	0	0	0	60833	1	0	0	0	0	0	0	0	60841	1	0	0	0	0	0	0	0	3120	1	0	0	0	0	0	0	0	0	0	0	0	0	0	0	0	0	0	0	0	0	0	0	0	0	0	0	0	0	0	0	0	0	0	0	0	0	0	0	0	0	0	0	0	0	0	0	0	0	0	0	0	0	0	0	0	0	0	0	0	0	0	0	0	0	0	0	0	0	0	0	0	0	0	0	0	0	0	0	0	0	0	0	0	0	0	0	0	0	0	0	0	0	0	0	0	0	0	0	0	0	0	0	0	0	0	0	0	0	0	0	0	0	0	0	0	
//	62062	엘리-시렌(에텔레인)_테섭용	1	0	100	0	50579	1	10515	0	0	0	0	0	0	50580	1	10515	0	0	0	0	0	0	51775	1	10515	0	0	0	0	0	0	51776	1	10515	0	0	0	0	0	0	51777	1	10515	0	0	0	0	0	0	51778	1	10515	0	0	0	0	0	0	51779	1	10515	0	0	0	0	0	0	51780	1	10515	0	0	0	0	0	0	51781	1	10515	0	0	0	0	0	0	51782	1	10515	0	0	0	0	0	0	50098	1	10515	0	0	0	0	0	0	50099	1	10515	0	0	0	0	0	0	51519	1	10515	0	0	0	0	0	0	51520	1	10515	0	0	0	0	0	0	51521	1	10515	0	0	0	0	0	0	51522	1	10515	0	0	0	0	0	0	51523	1	10515	0	0	0	0	0	0	51524	1	10515	0	0	0	0	0	0	51525	1	10515	0	0	0	0	0	0	51526	1	10515	0	0	0	0	0	0	50112	1	10515	0	0	0	0	0	0	50114	1	10515	0	0	0	0	0	0	50113	1	10515	0	0	0	0	0	0	50115	1	10515	0	0	0	0	0	0	0	0	0	0	0	0	0	0	0	
//	62062	엘리-시렌(에텔레인)_테섭용	1	0	100	1	2031	1	10515	0	0	0	0	0	0	15012	1	0	0	0	0	0	0	0	15013	1	0	0	0	0	0	0	0	15014	1	0	0	0	0	0	0	0	15015	1	0	0	0	0	0	0	0	3280	1	0	0	0	0	0	0	0	3281	1	0	0	0	0	0	0	0	3282	1	0	0	0	0	0	0	0	3283	1	0	0	0	0	0	0	0	3284	1	0	0	0	0	0	0	0	60834	1	0	0	0	0	0	0	0	60842	1	0	0	0	0	0	0	0	3121	1	0	0	0	0	0	0	0	0	0	0	0	0	0	0	0	0	0	0	0	0	0	0	0	0	0	0	0	0	0	0	0	0	0	0	0	0	0	0	0	0	0	0	0	0	0	0	0	0	0	0	0	0	0	0	0	0	0	0	0	0	0	0	0	0	0	0	0	0	0	0	0	0	0	0	0	0	0	0	0	0	0	0	0	0	0	0	0	0	0	0	0	0	0	0	0	0	0	0	0	0	0	0	0	0	0	0	0	0	0	0	0	0	0	0	0	
//	64091	미스틱-밀리(에텔레인)_테섭용	1	0	100	0	50583	1	10515	0	0	0	0	0	0	50584	1	10515	0	0	0	0	0	0	51791	1	10515	0	0	0	0	0	0	51792	1	10515	0	0	0	0	0	0	51793	1	10515	0	0	0	0	0	0	51794	1	10515	0	0	0	0	0	0	51795	1	10515	0	0	0	0	0	0	51796	1	10515	0	0	0	0	0	0	51797	1	10515	0	0	0	0	0	0	51798	1	10515	0	0	0	0	0	0	50126	1	10515	0	0	0	0	0	0	50127	1	10515	0	0	0	0	0	0	51543	1	10515	0	0	0	0	0	0	51544	1	10515	0	0	0	0	0	0	51545	1	10515	0	0	0	0	0	0	51546	1	10515	0	0	0	0	0	0	51547	1	10515	0	0	0	0	0	0	51548	1	10515	0	0	0	0	0	0	51549	1	10515	0	0	0	0	0	0	51550	1	10515	0	0	0	0	0	0	50120	1	10515	0	0	0	0	0	0	50122	1	10515	0	0	0	0	0	0	50121	1	10515	0	0	0	0	0	0	50123	1	10515	0	0	0	0	0	0	0	0	0	0	0	0	0	0	0	
//	64091	미스틱-밀리(에텔레인)_테섭용	1	0	100	1	2033	1	10515	0	0	0	0	0	0	15020	1	0	0	0	0	0	0	0	15021	1	0	0	0	0	0	0	0	15022	1	0	0	0	0	0	0	0	15023	1	0	0	0	0	0	0	0	3290	1	0	0	0	0	0	0	0	3291	1	0	0	0	0	0	0	0	3292	1	0	0	0	0	0	0	0	3293	1	0	0	0	0	0	0	0	3294	1	0	0	0	0	0	0	0	60836	1	0	0	0	0	0	0	0	3231	1	0	0	0	0	0	0	0	0	0	0	0	0	0	0	0	0	0	0	0	0	0	0	0	0	0	0	0	0	0	0	0	0	0	0	0	0	0	0	0	0	0	0	0	0	0	0	0	0	0	0	0	0	0	0	0	0	0	0	0	0	0	0	0	0	0	0	0	0	0	0	0	0	0	0	0	0	0	0	0	0	0	0	0	0	0	0	0	0	0	0	0	0	0	0	0	0	0	0	0	0	0	0	0	0	0	0	0	0	0	0	0	0	0	0	0	0	0	0	0	0	0	0	0	0	
//	62309	위블상점_에텔레인1_테섭용	1	0	100	0	50599	1	10515	0	0	0	0	0	0	51807	1	10515	0	0	0	0	0	0	51808	1	10515	0	0	0	0	0	0	51809	1	10515	0	0	0	0	0	0	51810	1	10515	0	0	0	0	0	0	51811	1	10515	0	0	0	0	0	0	51812	1	10515	0	0	0	0	0	0	51813	1	10515	0	0	0	0	0	0	51814	1	10515	0	0	0	0	0	0	0	0	0	0	0	0	0	0	0	50325	1	10515	0	0	0	0	0	0	57041	1	10515	0	0	0	0	0	0	57042	1	10515	0	0	0	0	0	0	57043	1	10515	0	0	0	0	0	0	57044	1	10515	0	0	0	0	0	0	57045	1	10515	0	0	0	0	0	0	57046	1	10515	0	0	0	0	0	0	57047	1	10515	0	0	0	0	0	0	57048	1	10515	0	0	0	0	0	0	0	0	0	0	0	0	0	0	0	50327	1	10515	0	0	0	0	0	0	50328	1	10515	0	0	0	0	0	0	0	0	0	0	0	0	0	0	0	0	0	0	0	0	0	0	0	0	0	0	0	0	0	0	0	0	0	
//	62309	위블상점_에텔레인1_테섭용	1	0	100	1	2035	1	10515	0	0	0	0	0	0	15028	1	0	0	0	0	0	0	0	15029	1	0	0	0	0	0	0	0	15030	1	0	0	0	0	0	0	0	15031	1	0	0	0	0	0	0	0	3807	1	0	0	0	0	0	0	0	3808	1	0	0	0	0	0	0	0	3809	1	0	0	0	0	0	0	0	3810	1	0	0	0	0	0	0	0	3811	1	0	0	0	0	0	0	0	60838	1	0	0	0	0	0	0	0	3315	1	0	0	0	0	0	0	0	0	0	0	0	0	0	0	0	0	0	0	0	0	0	0	0	0	0	0	0	0	0	0	0	0	0	0	0	0	0	0	0	0	0	0	0	0	0	0	0	0	0	0	0	0	0	0	0	0	0	0	0	0	0	0	0	0	0	0	0	0	0	0	0	0	0	0	0	0	0	0	0	0	0	0	0	0	0	0	0	0	0	0	0	0	0	0	0	0	0	0	0	0	0	0	0	0	0	0	0	0	0	0	0	0	0	0	0	0	0	0	0	0	0	0	0	0	
//	62310	위블상점_에텔레인2_테섭용	1	0	100	0	50599	1	10515	0	0	0	0	0	0	51807	1	10515	0	0	0	0	0	0	51808	1	10515	0	0	0	0	0	0	51809	1	10515	0	0	0	0	0	0	51810	1	10515	0	0	0	0	0	0	51811	1	10515	0	0	0	0	0	0	51812	1	10515	0	0	0	0	0	0	51813	1	10515	0	0	0	0	0	0	51814	1	10515	0	0	0	0	0	0	0	0	0	0	0	0	0	0	0	50325	1	10515	0	0	0	0	0	0	57041	1	10515	0	0	0	0	0	0	57042	1	10515	0	0	0	0	0	0	57043	1	10515	0	0	0	0	0	0	57044	1	10515	0	0	0	0	0	0	57045	1	10515	0	0	0	0	0	0	57046	1	10515	0	0	0	0	0	0	57047	1	10515	0	0	0	0	0	0	57048	1	10515	0	0	0	0	0	0	0	0	0	0	0	0	0	0	0	50327	1	10515	0	0	0	0	0	0	50328	1	10515	0	0	0	0	0	0	0	0	0	0	0	0	0	0	0	0	0	0	0	0	0	0	0	0	0	0	0	0	0	0	0	0	0	
//	62310	위블상점_에텔레인2_테섭용	1	0	100	1	2035	1	10515	0	0	0	0	0	0	15028	1	0	0	0	0	0	0	0	15029	1	0	0	0	0	0	0	0	15030	1	0	0	0	0	0	0	0	15031	1	0	0	0	0	0	0	0	3807	1	0	0	0	0	0	0	0	3808	1	0	0	0	0	0	0	0	3809	1	0	0	0	0	0	0	0	3810	1	0	0	0	0	0	0	0	3811	1	0	0	0	0	0	0	0	60838	1	0	0	0	0	0	0	0	3315	1	0	0	0	0	0	0	0	0	0	0	0	0	0	0	0	0	0	0	0	0	0	0	0	0	0	0	0	0	0	0	0	0	0	0	0	0	0	0	0	0	0	0	0	0	0	0	0	0	0	0	0	0	0	0	0	0	0	0	0	0	0	0	0	0	0	0	0	0	0	0	0	0	0	0	0	0	0	0	0	0	0	0	0	0	0	0	0	0	0	0	0	0	0	0	0	0	0	0	0	0	0	0	0	0	0	0	0	0	0	0	0	0	0	0	0	0	0	0	0	0	0	0	0	0	
//	62068	잡화-비토(에텔레인)_테섭용	1	0	100	0	4403	1	0	0	0	0	0	0	0	4425	1	0	0	0	0	0	0	0	7253	1	0	0	0	0	0	0	0	63000	1	0	0	0	0	0	0	0	63002	1	0	0	0	0	0	0	0	61220	1	0	0	0	0	0	0	0	61226	1	0	0	0	0	0	0	0	61232	1	0	0	0	0	0	0	0	61238	1	0	0	0	0	0	0	0	61244	1	0	0	0	0	0	0	0	61200	1	0	0	0	0	0	0	0	61209	1	0	0	0	0	0	0	0	49160	1	0	0	0	0	0	0	0	49159	1	0	0	0	0	0	0	0	49158	1	0	0	0	0	0	0	0	3464	1	0	0	0	0	0	0	0	3465	1	0	0	0	0	0	0	0	3466	1	0	0	0	0	0	0	0	3467	1	0	0	0	0	0	0	0	3468	1	0	0	0	0	0	0	0	3123	1	0	0	0	0	0	0	0	3124	1	0	0	0	0	0	0	0	40574	1	0	0	0	0	0	0	0	40575	1	0	0	0	0	0	0	0	41410	1	0	0	0	0	0	0	0	
//	62068	잡화-비토(에텔레인)_테섭용	1	0	100	1	63168	1	0	0	0	0	0	0	0	7120	1	0	0	0	0	0	0	0	3302	1	0	0	0	0	0	0	0	63024	1	0	0	0	0	0	0	0	62010	1	0	0	0	0	0	0	0	62011	1	0	0	0	0	0	0	0	65008	1	0	0	0	0	0	0	0	63003	1	0	0	0	0	0	0	0	65113	1	0	0	0	0	0	0	0	60094	1	0	0	0	0	0	0	0	7549	1	0	0	0	0	0	0	0	7548	1	0	0	0	0	0	0	0	65003	1	0	0	0	0	0	0	0	5285	1	0	0	0	0	0	0	0	60092	1	0	0	0	0	0	0	180	60282	1	0	0	0	0	0	0	1440	60283	1	0	0	0	0	0	0	1440	60284	1	0	0	0	0	0	0	1440	60205	1	0	0	0	0	0	0	1440	60297	1	0	0	0	0	0	0	1440	6855	1	0	0	0	0	0	0	0	63483	1	0	0	0	0	0	0	0	63486	1	0	0	0	0	0	0	0	63492	1	0	0	0	0	0	0	0	63495	1	0	0	0	0	0	0	0	
//	62068	잡화-비토(에텔레인)_테섭용	1	0	100	2	4019	1	0	0	0	0	0	0	0	4024	1	0	0	0	0	0	0	0	4029	1	0	0	0	0	0	0	0	4038	1	0	0	0	0	0	0	0	4044	1	0	0	0	0	0	0	0	4132	1	0	0	0	0	0	0	0	5201	1	0	0	0	0	0	0	0	4048	1	0	0	0	0	0	0	0	0	0	0	0	0	0	0	0	0	0	0	0	0	0	0	0	0	0	0	0	0	0	0	0	0	0	0	0	0	0	0	0	0	0	0	0	0	0	0	0	0	0	0	0	0	0	0	0	0	0	0	0	0	0	0	0	0	0	0	0	0	0	0	0	0	0	0	0	0	0	0	0	0	0	0	0	0	0	0	0	0	0	0	0	0	0	0	0	0	0	0	0	0	0	0	0	0	0	0	0	0	0	0	0	0	0	0	0	0	0	0	0	0	0	0	0	0	0	0	0	0	0	0	0	0	0	0	0	0	0	0	0	0	0	0	0	0	0	0	0	0	0	0	0	0	0	0	0	0	0	0	0	0	
//	62069	잡화-오트마(에텔레인)_테섭용	1	0	100	0	4403	1	0	0	0	0	0	0	0	4425	1	0	0	0	0	0	0	0	7253	1	0	0	0	0	0	0	0	63000	1	0	0	0	0	0	0	0	63002	1	0	0	0	0	0	0	0	61220	1	0	0	0	0	0	0	0	61226	1	0	0	0	0	0	0	0	61232	1	0	0	0	0	0	0	0	61238	1	0	0	0	0	0	0	0	61244	1	0	0	0	0	0	0	0	61200	1	0	0	0	0	0	0	0	61209	1	0	0	0	0	0	0	0	49160	1	0	0	0	0	0	0	0	49159	1	0	0	0	0	0	0	0	49158	1	0	0	0	0	0	0	0	3464	1	0	0	0	0	0	0	0	3465	1	0	0	0	0	0	0	0	3466	1	0	0	0	0	0	0	0	3467	1	0	0	0	0	0	0	0	3468	1	0	0	0	0	0	0	0	3123	1	0	0	0	0	0	0	0	3124	1	0	0	0	0	0	0	0	40574	1	0	0	0	0	0	0	0	40575	1	0	0	0	0	0	0	0	41410	1	0	0	0	0	0	0	0	
//	62069	잡화-오트마(에텔레인)_테섭용	1	0	100	1	63168	1	0	0	0	0	0	0	0	7120	1	0	0	0	0	0	0	0	3302	1	0	0	0	0	0	0	0	63024	1	0	0	0	0	0	0	0	62010	1	0	0	0	0	0	0	0	62011	1	0	0	0	0	0	0	0	65008	1	0	0	0	0	0	0	0	63003	1	0	0	0	0	0	0	0	65113	1	0	0	0	0	0	0	0	60094	1	0	0	0	0	0	0	0	7549	1	0	0	0	0	0	0	0	7548	1	0	0	0	0	0	0	0	65003	1	0	0	0	0	0	0	0	5285	1	0	0	0	0	0	0	0	60092	1	0	0	0	0	0	0	180	60282	1	0	0	0	0	0	0	1440	60283	1	0	0	0	0	0	0	1440	60284	1	0	0	0	0	0	0	1440	60205	1	0	0	0	0	0	0	1440	60297	1	0	0	0	0	0	0	1440	6855	1	0	0	0	0	0	0	0	63483	1	0	0	0	0	0	0	0	63486	1	0	0	0	0	0	0	0	63492	1	0	0	0	0	0	0	0	63495	1	0	0	0	0	0	0	0	
//	62069	잡화-오트마(에텔레인)_테섭용	1	0	100	2	4019	1	0	0	0	0	0	0	0	4024	1	0	0	0	0	0	0	0	4029	1	0	0	0	0	0	0	0	4038	1	0	0	0	0	0	0	0	4044	1	0	0	0	0	0	0	0	4132	1	0	0	0	0	0	0	0	5201	1	0	0	0	0	0	0	0	4048	1	0	0	0	0	0	0	0	0	0	0	0	0	0	0	0	0	0	0	0	0	0	0	0	0	0	0	0	0	0	0	0	0	0	0	0	0	0	0	0	0	0	0	0	0	0	0	0	0	0	0	0	0	0	0	0	0	0	0	0	0	0	0	0	0	0	0	0	0	0	0	0	0	0	0	0	0	0	0	0	0	0	0	0	0	0	0	0	0	0	0	0	0	0	0	0	0	0	0	0	0	0	0	0	0	0	0	0	0	0	0	0	0	0	0	0	0	0	0	0	0	0	0	0	0	0	0	0	0	0	0	0	0	0	0	0	0	0	0	0	0	0	0	0	0	0	0	0	0	0	0	0	0	0	0	0	0	0	0	0	0	
//	62070	잡화-만프레드(에텔레인)_테섭용	1	0	100	0	4403	1	0	0	0	0	0	0	0	4425	1	0	0	0	0	0	0	0	7253	1	0	0	0	0	0	0	0	63000	1	0	0	0	0	0	0	0	63002	1	0	0	0	0	0	0	0	61220	1	0	0	0	0	0	0	0	61226	1	0	0	0	0	0	0	0	61232	1	0	0	0	0	0	0	0	61238	1	0	0	0	0	0	0	0	61244	1	0	0	0	0	0	0	0	61200	1	0	0	0	0	0	0	0	61209	1	0	0	0	0	0	0	0	49160	1	0	0	0	0	0	0	0	49159	1	0	0	0	0	0	0	0	49158	1	0	0	0	0	0	0	0	3464	1	0	0	0	0	0	0	0	3465	1	0	0	0	0	0	0	0	3466	1	0	0	0	0	0	0	0	3467	1	0	0	0	0	0	0	0	3468	1	0	0	0	0	0	0	0	3123	1	0	0	0	0	0	0	0	3124	1	0	0	0	0	0	0	0	40574	1	0	0	0	0	0	0	0	40575	1	0	0	0	0	0	0	0	41410	1	0	0	0	0	0	0	0	
//	62070	잡화-만프레드(에텔레인)_테섭용	1	0	100	1	63168	1	0	0	0	0	0	0	0	7120	1	0	0	0	0	0	0	0	3302	1	0	0	0	0	0	0	0	63024	1	0	0	0	0	0	0	0	62010	1	0	0	0	0	0	0	0	62011	1	0	0	0	0	0	0	0	65008	1	0	0	0	0	0	0	0	63003	1	0	0	0	0	0	0	0	65113	1	0	0	0	0	0	0	0	60094	1	0	0	0	0	0	0	0	7549	1	0	0	0	0	0	0	0	7548	1	0	0	0	0	0	0	0	65003	1	0	0	0	0	0	0	0	5285	1	0	0	0	0	0	0	0	60092	1	0	0	0	0	0	0	180	60282	1	0	0	0	0	0	0	1440	60283	1	0	0	0	0	0	0	1440	60284	1	0	0	0	0	0	0	1440	60205	1	0	0	0	0	0	0	1440	60297	1	0	0	0	0	0	0	1440	6855	1	0	0	0	0	0	0	0	63483	1	0	0	0	0	0	0	0	63486	1	0	0	0	0	0	0	0	63492	1	0	0	0	0	0	0	0	63495	1	0	0	0	0	0	0	0	
//	62070	잡화-만프레드(에텔레인)_테섭용	1	0	100	2	4019	1	0	0	0	0	0	0	0	4024	1	0	0	0	0	0	0	0	4029	1	0	0	0	0	0	0	0	4038	1	0	0	0	0	0	0	0	4044	1	0	0	0	0	0	0	0	4132	1	0	0	0	0	0	0	0	5201	1	0	0	0	0	0	0	0	4048	1	0	0	0	0	0	0	0	0	0	0	0	0	0	0	0	0	0	0	0	0	0	0	0	0	0	0	0	0	0	0	0	0	0	0	0	0	0	0	0	0	0	0	0	0	0	0	0	0	0	0	0	0	0	0	0	0	0	0	0	0	0	0	0	0	0	0	0	0	0	0	0	0	0	0	0	0	0	0	0	0	0	0	0	0	0	0	0	0	0	0	0	0	0	0	0	0	0	0	0	0	0	0	0	0	0	0	0	0	0	0	0	0	0	0	0	0	0	0	0	0	0	0	0	0	0	0	0	0	0	0	0	0	0	0	0	0	0	0	0	0	0	0	0	0	0	0	0	0	0	0	0	0	0	0	0	0	0	0	0	0	
//	테섭용상인_오크라										0	0	0	0	0					0	0	0	0	0					0	0	0	0	0					0	0	0	0	0					0	0	0	0	0					0	0	0	0	0					0	0	0	0	0					0	0	0	0	0					0	0	0	0	0					0	0	0	0	0					0	0	0	0	0					0	0	0	0	0					0	0	0	0	0					0	0	0	0	0					0	0	0	0	0					0	0	0	0	0					0	0	0	0	0					0	0	0	0	0					0	0	0	0	0					0	0	0	0	0					0	0	0	0	0					0	0	0	0	0					0	0	0	0	0					0	0	0	0	0					0	0	0	0	0	
//	65080	버서커-마다브(오크라)_테섭용	1	0	100	0	50573	1	10515	0	0	0	0	0	0	50574	1	10515	0	0	0	0	0	0	51751	1	10515	0	0	0	0	0	0	51752	1	10515	0	0	0	0	0	0	51753	1	10515	0	0	0	0	0	0	51754	1	10515	0	0	0	0	0	0	51755	1	10515	0	0	0	0	0	0	51756	1	10515	0	0	0	0	0	0	51757	1	10515	0	0	0	0	0	0	51758	1	10515	0	0	0	0	0	0	50092	1	10515	0	0	0	0	0	0	50093	1	10515	0	0	0	0	0	0	51503	1	10515	0	0	0	0	0	0	51504	1	10515	0	0	0	0	0	0	51505	1	10515	0	0	0	0	0	0	51506	1	10515	0	0	0	0	0	0	51507	1	10515	0	0	0	0	0	0	51508	1	10515	0	0	0	0	0	0	51509	1	10515	0	0	0	0	0	0	51510	1	10515	0	0	0	0	0	0	50100	1	10515	0	0	0	0	0	0	50102	1	10515	0	0	0	0	0	0	50101	1	10515	0	0	0	0	0	0	50103	1	10515	0	0	0	0	0	0	0	0	0	0	0	0	0	0	0	
//	65080	버서커-마다브(오크라)_테섭용	1	0	100	1	2028	1	10515	0	0	0	0	0	0	15000	1	0	0	0	0	0	0	0	15001	1	0	0	0	0	0	0	0	15002	1	0	0	0	0	0	0	0	15003	1	0	0	0	0	0	0	0	3265	1	0	0	0	0	0	0	0	3266	1	0	0	0	0	0	0	0	3267	1	0	0	0	0	0	0	0	3268	1	0	0	0	0	0	0	0	3269	1	0	0	0	0	0	0	0	60831	1	0	0	0	0	0	0	0	60839	1	0	0	0	0	0	0	0	3118	1	0	0	0	0	0	0	0	0	0	0	0	0	0	0	0	0	0	0	0	0	0	0	0	0	0	0	0	0	0	0	0	0	0	0	0	0	0	0	0	0	0	0	0	0	0	0	0	0	0	0	0	0	0	0	0	0	0	0	0	0	0	0	0	0	0	0	0	0	0	0	0	0	0	0	0	0	0	0	0	0	0	0	0	0	0	0	0	0	0	0	0	0	0	0	0	0	0	0	0	0	0	0	0	0	0	0	0	0	0	0	0	0	0	0	0	
//	65081	드래곤-니킬(오크라)_테섭용	1	0	100	0	50575	1	10515	0	0	0	0	0	0	50576	1	10515	0	0	0	0	0	0	51759	1	10515	0	0	0	0	0	0	51760	1	10515	0	0	0	0	0	0	51761	1	10515	0	0	0	0	0	0	51762	1	10515	0	0	0	0	0	0	51763	1	10515	0	0	0	0	0	0	51764	1	10515	0	0	0	0	0	0	51765	1	10515	0	0	0	0	0	0	51766	1	10515	0	0	0	0	0	0	50094	1	10515	0	0	0	0	0	0	50095	1	10515	0	0	0	0	0	0	51511	1	10515	0	0	0	0	0	0	51512	1	10515	0	0	0	0	0	0	51513	1	10515	0	0	0	0	0	0	51514	1	10515	0	0	0	0	0	0	51515	1	10515	0	0	0	0	0	0	51516	1	10515	0	0	0	0	0	0	51517	1	10515	0	0	0	0	0	0	51518	1	10515	0	0	0	0	0	0	50104	1	10515	0	0	0	0	0	0	50106	1	10515	0	0	0	0	0	0	50105	1	10515	0	0	0	0	0	0	50107	1	10515	0	0	0	0	0	0	0	0	0	0	0	0	0	0	0	
//	65081	드래곤-니킬(오크라)_테섭용	1	0	100	1	2029	1	10515	0	0	0	0	0	0	15004	1	0	0	0	0	0	0	0	15005	1	0	0	0	0	0	0	0	15006	1	0	0	0	0	0	0	0	15007	1	0	0	0	0	0	0	0	3270	1	0	0	0	0	0	0	0	3271	1	0	0	0	0	0	0	0	3272	1	0	0	0	0	0	0	0	3273	1	0	0	0	0	0	0	0	3274	1	0	0	0	0	0	0	0	60832	1	0	0	0	0	0	0	0	60840	1	0	0	0	0	0	0	0	3119	1	0	0	0	0	0	0	0	0	0	0	0	0	0	0	0	0	0	0	0	0	0	0	0	0	0	0	0	0	0	0	0	0	0	0	0	0	0	0	0	0	0	0	0	0	0	0	0	0	0	0	0	0	0	0	0	0	0	0	0	0	0	0	0	0	0	0	0	0	0	0	0	0	0	0	0	0	0	0	0	0	0	0	0	0	0	0	0	0	0	0	0	0	0	0	0	0	0	0	0	0	0	0	0	0	0	0	0	0	0	0	0	0	0	0	0	
//	65095	섀도우-미카엘(오크라)_테섭용	1	0	100	0	50581	1	10515	0	0	0	0	0	0	50582	1	10515	0	0	0	0	0	0	51783	1	10515	0	0	0	0	0	0	51784	1	10515	0	0	0	0	0	0	51785	1	10515	0	0	0	0	0	0	51786	1	10515	0	0	0	0	0	0	51787	1	10515	0	0	0	0	0	0	51788	1	10515	0	0	0	0	0	0	51789	1	10515	0	0	0	0	0	0	51790	1	10515	0	0	0	0	0	0	50124	1	10515	0	0	0	0	0	0	50125	1	10515	0	0	0	0	0	0	51535	1	10515	0	0	0	0	0	0	51536	1	10515	0	0	0	0	0	0	51537	1	10515	0	0	0	0	0	0	51538	1	10515	0	0	0	0	0	0	51539	1	10515	0	0	0	0	0	0	51540	1	10515	0	0	0	0	0	0	51541	1	10515	0	0	0	0	0	0	51542	1	10515	0	0	0	0	0	0	50116	1	10515	0	0	0	0	0	0	50118	1	10515	0	0	0	0	0	0	50250	1	10515	0	0	0	0	0	0	50119	1	10515	0	0	0	0	0	0	0	0	0	0	0	0	0	0	0	
//	65095	섀도우-미카엘(오크라)_테섭용	1	0	100	1	2032	1	10515	0	0	0	0	0	0	15016	1	0	0	0	0	0	0	0	15017	1	0	0	0	0	0	0	0	15018	1	0	0	0	0	0	0	0	15019	1	0	0	0	0	0	0	0	3285	1	0	0	0	0	0	0	0	3286	1	0	0	0	0	0	0	0	3287	1	0	0	0	0	0	0	0	3288	1	0	0	0	0	0	0	0	3289	1	0	0	0	0	0	0	0	60835	1	0	0	0	0	0	0	0	60843	1	0	0	0	0	0	0	0	3122	1	0	0	0	0	0	0	0	0	0	0	0	0	0	0	0	0	0	0	0	0	0	0	0	0	0	0	0	0	0	0	0	0	0	0	0	0	0	0	0	0	0	0	0	0	0	0	0	0	0	0	0	0	0	0	0	0	0	0	0	0	0	0	0	0	0	0	0	0	0	0	0	0	0	0	0	0	0	0	0	0	0	0	0	0	0	0	0	0	0	0	0	0	0	0	0	0	0	0	0	0	0	0	0	0	0	0	0	0	0	0	0	0	0	0	0	
//	65082	발키리-니사(오크라)_테섭용	1	0	100	0	50577	1	10515	0	0	0	0	0	0	50578	1	10515	0	0	0	0	0	0	51767	1	10515	0	0	0	0	0	0	51768	1	10515	0	0	0	0	0	0	51769	1	10515	0	0	0	0	0	0	51770	1	10515	0	0	0	0	0	0	51771	1	10515	0	0	0	0	0	0	51772	1	10515	0	0	0	0	0	0	51773	1	10515	0	0	0	0	0	0	51774	1	10515	0	0	0	0	0	0	50096	1	10515	0	0	0	0	0	0	50097	1	10515	0	0	0	0	0	0	51527	1	10515	0	0	0	0	0	0	51528	1	10515	0	0	0	0	0	0	51529	1	10515	0	0	0	0	0	0	51530	1	10515	0	0	0	0	0	0	51531	1	10515	0	0	0	0	0	0	51532	1	10515	0	0	0	0	0	0	51533	1	10515	0	0	0	0	0	0	51534	1	10515	0	0	0	0	0	0	50108	1	10515	0	0	0	0	0	0	50110	1	10515	0	0	0	0	0	0	50109	1	10515	0	0	0	0	0	0	50111	1	10515	0	0	0	0	0	0	0	0	0	0	0	0	0	0	0	
//	65082	발키리-니사(오크라)_테섭용	1	0	100	1	2030	1	10515	0	0	0	0	0	0	15008	1	0	0	0	0	0	0	0	15009	1	0	0	0	0	0	0	0	15010	1	0	0	0	0	0	0	0	15011	1	0	0	0	0	0	0	0	3275	1	0	0	0	0	0	0	0	3276	1	0	0	0	0	0	0	0	3277	1	0	0	0	0	0	0	0	3278	1	0	0	0	0	0	0	0	3279	1	0	0	0	0	0	0	0	60833	1	0	0	0	0	0	0	0	60841	1	0	0	0	0	0	0	0	3120	1	0	0	0	0	0	0	0	0	0	0	0	0	0	0	0	0	0	0	0	0	0	0	0	0	0	0	0	0	0	0	0	0	0	0	0	0	0	0	0	0	0	0	0	0	0	0	0	0	0	0	0	0	0	0	0	0	0	0	0	0	0	0	0	0	0	0	0	0	0	0	0	0	0	0	0	0	0	0	0	0	0	0	0	0	0	0	0	0	0	0	0	0	0	0	0	0	0	0	0	0	0	0	0	0	0	0	0	0	0	0	0	0	0	0	0	
//	65079	엘리-자얀티(오크라)_테섭용	1	0	100	0	50579	1	10515	0	0	0	0	0	0	50580	1	10515	0	0	0	0	0	0	51775	1	10515	0	0	0	0	0	0	51776	1	10515	0	0	0	0	0	0	51777	1	10515	0	0	0	0	0	0	51778	1	10515	0	0	0	0	0	0	51779	1	10515	0	0	0	0	0	0	51780	1	10515	0	0	0	0	0	0	51781	1	10515	0	0	0	0	0	0	51782	1	10515	0	0	0	0	0	0	50098	1	10515	0	0	0	0	0	0	50099	1	10515	0	0	0	0	0	0	51519	1	10515	0	0	0	0	0	0	51520	1	10515	0	0	0	0	0	0	51521	1	10515	0	0	0	0	0	0	51522	1	10515	0	0	0	0	0	0	51523	1	10515	0	0	0	0	0	0	51524	1	10515	0	0	0	0	0	0	51525	1	10515	0	0	0	0	0	0	51526	1	10515	0	0	0	0	0	0	50112	1	10515	0	0	0	0	0	0	50114	1	10515	0	0	0	0	0	0	50113	1	10515	0	0	0	0	0	0	50115	1	10515	0	0	0	0	0	0	0	0	0	0	0	0	0	0	0	
//	65079	엘리-자얀티(오크라)_테섭용	1	0	100	1	2031	1	10515	0	0	0	0	0	0	15012	1	0	0	0	0	0	0	0	15013	1	0	0	0	0	0	0	0	15014	1	0	0	0	0	0	0	0	15015	1	0	0	0	0	0	0	0	3280	1	0	0	0	0	0	0	0	3281	1	0	0	0	0	0	0	0	3282	1	0	0	0	0	0	0	0	3283	1	0	0	0	0	0	0	0	3284	1	0	0	0	0	0	0	0	60834	1	0	0	0	0	0	0	0	60842	1	0	0	0	0	0	0	0	3121	1	0	0	0	0	0	0	0	0	0	0	0	0	0	0	0	0	0	0	0	0	0	0	0	0	0	0	0	0	0	0	0	0	0	0	0	0	0	0	0	0	0	0	0	0	0	0	0	0	0	0	0	0	0	0	0	0	0	0	0	0	0	0	0	0	0	0	0	0	0	0	0	0	0	0	0	0	0	0	0	0	0	0	0	0	0	0	0	0	0	0	0	0	0	0	0	0	0	0	0	0	0	0	0	0	0	0	0	0	0	0	0	0	0	0	0	
//	64092	미스틱-이노비(오크라)_테섭용	1	0	100	0	50583	1	10515	0	0	0	0	0	0	50584	1	10515	0	0	0	0	0	0	51791	1	10515	0	0	0	0	0	0	51792	1	10515	0	0	0	0	0	0	51793	1	10515	0	0	0	0	0	0	51794	1	10515	0	0	0	0	0	0	51795	1	10515	0	0	0	0	0	0	51796	1	10515	0	0	0	0	0	0	51797	1	10515	0	0	0	0	0	0	51798	1	10515	0	0	0	0	0	0	50126	1	10515	0	0	0	0	0	0	50127	1	10515	0	0	0	0	0	0	51543	1	10515	0	0	0	0	0	0	51544	1	10515	0	0	0	0	0	0	51545	1	10515	0	0	0	0	0	0	51546	1	10515	0	0	0	0	0	0	51547	1	10515	0	0	0	0	0	0	51548	1	10515	0	0	0	0	0	0	51549	1	10515	0	0	0	0	0	0	51550	1	10515	0	0	0	0	0	0	50120	1	10515	0	0	0	0	0	0	50122	1	10515	0	0	0	0	0	0	50121	1	10515	0	0	0	0	0	0	50123	1	10515	0	0	0	0	0	0	0	0	0	0	0	0	0	0	0	
//	64092	미스틱-이노비(오크라)_테섭용	1	0	100	1	2033	1	10515	0	0	0	0	0	0	15020	1	0	0	0	0	0	0	0	15021	1	0	0	0	0	0	0	0	15022	1	0	0	0	0	0	0	0	15023	1	0	0	0	0	0	0	0	3290	1	0	0	0	0	0	0	0	3291	1	0	0	0	0	0	0	0	3292	1	0	0	0	0	0	0	0	3293	1	0	0	0	0	0	0	0	3294	1	0	0	0	0	0	0	0	60836	1	0	0	0	0	0	0	0	3231	1	0	0	0	0	0	0	0	0	0	0	0	0	0	0	0	0	0	0	0	0	0	0	0	0	0	0	0	0	0	0	0	0	0	0	0	0	0	0	0	0	0	0	0	0	0	0	0	0	0	0	0	0	0	0	0	0	0	0	0	0	0	0	0	0	0	0	0	0	0	0	0	0	0	0	0	0	0	0	0	0	0	0	0	0	0	0	0	0	0	0	0	0	0	0	0	0	0	0	0	0	0	0	0	0	0	0	0	0	0	0	0	0	0	0	0	0	0	0	0	0	0	0	0	0	
//	64189	HER-CR21(오크라)_테섭용	1	0	100	0	50585	1	10515	0	0	0	0	0	0	51799	1	10515	0	0	0	0	0	0	51800	1	10515	0	0	0	0	0	0	51801	1	10515	0	0	0	0	0	0	51802	1	10515	0	0	0	0	0	0	51803	1	10515	0	0	0	0	0	0	51804	1	10515	0	0	0	0	0	0	51805	1	10515	0	0	0	0	0	0	51806	1	10515	0	0	0	0	0	0	0	0	0	0	0	0	0	0	0	50133	1	10515	0	0	0	0	0	0	51687	1	10515	0	0	0	0	0	0	51688	1	10515	0	0	0	0	0	0	51689	1	10515	0	0	0	0	0	0	51690	1	10515	0	0	0	0	0	0	51691	1	10515	0	0	0	0	0	0	51692	1	10515	0	0	0	0	0	0	51693	1	10515	0	0	0	0	0	0	51694	1	10515	0	0	0	0	0	0	0	0	0	0	0	0	0	0	0	50135	1	10515	0	0	0	0	0	0	50136	1	10515	0	0	0	0	0	0	0	0	0	0	0	0	0	0	0	0	0	0	0	0	0	0	0	0	0	0	0	0	0	0	0	0	0	
//	64189	HER-CR22(오크라)_테섭용	1	0	100	1	2034	1	10515	0	0	0	0	0	0	15024	1	0	0	0	0	0	0	0	15025	1	0	0	0	0	0	0	0	15026	1	0	0	0	0	0	0	0	15027	1	0	0	0	0	0	0	0	3479	1	0	0	0	0	0	0	0	3480	1	0	0	0	0	0	0	0	3481	1	0	0	0	0	0	0	0	3482	1	0	0	0	0	0	0	0	3483	1	0	0	0	0	0	0	0	60837	1	0	0	0	0	0	0	0	3470	1	0	0	0	0	0	0	0	0	0	0	0	0	0	0	0	0	0	0	0	0	0	0	0	0	0	0	0	0	0	0	0	0	0	0	0	0	0	0	0	0	0	0	0	0	0	0	0	0	0	0	0	0	0	0	0	0	0	0	0	0	0	0	0	0	0	0	0	0	0	0	0	0	0	0	0	0	0	0	0	0	0	0	0	0	0	0	0	0	0	0	0	0	0	0	0	0	0	0	0	0	0	0	0	0	0	0	0	0	0	0	0	0	0	0	0	0	0	0	0	0	0	0	0	0	
//	62311	위블상점_오크라_테섭용	1	0	100	0	50599	1	10515	0	0	0	0	0	0	51807	1	10515	0	0	0	0	0	0	51808	1	10515	0	0	0	0	0	0	51809	1	10515	0	0	0	0	0	0	51810	1	10515	0	0	0	0	0	0	51811	1	10515	0	0	0	0	0	0	51812	1	10515	0	0	0	0	0	0	51813	1	10515	0	0	0	0	0	0	51814	1	10515	0	0	0	0	0	0	0	0	0	0	0	0	0	0	0	50325	1	10515	0	0	0	0	0	0	57041	1	10515	0	0	0	0	0	0	57042	1	10515	0	0	0	0	0	0	57043	1	10515	0	0	0	0	0	0	57044	1	10515	0	0	0	0	0	0	57045	1	10515	0	0	0	0	0	0	57046	1	10515	0	0	0	0	0	0	57047	1	10515	0	0	0	0	0	0	57048	1	10515	0	0	0	0	0	0	0	0	0	0	0	0	0	0	0	50327	1	10515	0	0	0	0	0	0	50328	1	10515	0	0	0	0	0	0	0	0	0	0	0	0	0	0	0	0	0	0	0	0	0	0	0	0	0	0	0	0	0	0	0	0	0	
//	62311	위블상점_오크라_테섭용	1	0	100	1	2035	1	10515	0	0	0	0	0	0	15028	1	0	0	0	0	0	0	0	15029	1	0	0	0	0	0	0	0	15030	1	0	0	0	0	0	0	0	15031	1	0	0	0	0	0	0	0	3807	1	0	0	0	0	0	0	0	3808	1	0	0	0	0	0	0	0	3809	1	0	0	0	0	0	0	0	3810	1	0	0	0	0	0	0	0	3811	1	0	0	0	0	0	0	0	60838	1	0	0	0	0	0	0	0	3315	1	0	0	0	0	0	0	0	0	0	0	0	0	0	0	0	0	0	0	0	0	0	0	0	0	0	0	0	0	0	0	0	0	0	0	0	0	0	0	0	0	0	0	0	0	0	0	0	0	0	0	0	0	0	0	0	0	0	0	0	0	0	0	0	0	0	0	0	0	0	0	0	0	0	0	0	0	0	0	0	0	0	0	0	0	0	0	0	0	0	0	0	0	0	0	0	0	0	0	0	0	0	0	0	0	0	0	0	0	0	0	0	0	0	0	0	0	0	0	0	0	0	0	0	0	
//	65087	잡화-릴리난(오크라)_테섭용	1	0	100	0	4403	1	0	0	0	0	0	0	0	4425	1	0	0	0	0	0	0	0	7253	1	0	0	0	0	0	0	0	63000	1	0	0	0	0	0	0	0	63002	1	0	0	0	0	0	0	0	61220	1	0	0	0	0	0	0	0	61226	1	0	0	0	0	0	0	0	61232	1	0	0	0	0	0	0	0	61238	1	0	0	0	0	0	0	0	61244	1	0	0	0	0	0	0	0	61200	1	0	0	0	0	0	0	0	61209	1	0	0	0	0	0	0	0	49160	1	0	0	0	0	0	0	0	49159	1	0	0	0	0	0	0	0	49158	1	0	0	0	0	0	0	0	3464	1	0	0	0	0	0	0	0	3465	1	0	0	0	0	0	0	0	3466	1	0	0	0	0	0	0	0	3467	1	0	0	0	0	0	0	0	3468	1	0	0	0	0	0	0	0	3123	1	0	0	0	0	0	0	0	3124	1	0	0	0	0	0	0	0	40574	1	0	0	0	0	0	0	0	40575	1	0	0	0	0	0	0	0	41410	1	0	0	0	0	0	0	0	
//	65087	잡화-릴리난(오크라)_테섭용	1	0	100	1	63168	1	0	0	0	0	0	0	0	7120	1	0	0	0	0	0	0	0	3302	1	0	0	0	0	0	0	0	63024	1	0	0	0	0	0	0	0	62010	1	0	0	0	0	0	0	0	62011	1	0	0	0	0	0	0	0	65008	1	0	0	0	0	0	0	0	63003	1	0	0	0	0	0	0	0	65113	1	0	0	0	0	0	0	0	60094	1	0	0	0	0	0	0	0	7549	1	0	0	0	0	0	0	0	7548	1	0	0	0	0	0	0	0	65003	1	0	0	0	0	0	0	0	5285	1	0	0	0	0	0	0	0	60092	1	0	0	0	0	0	0	180	60282	1	0	0	0	0	0	0	1440	60283	1	0	0	0	0	0	0	1440	60284	1	0	0	0	0	0	0	1440	60205	1	0	0	0	0	0	0	1440	60297	1	0	0	0	0	0	0	1440	6855	1	0	0	0	0	0	0	0	63483	1	0	0	0	0	0	0	0	63486	1	0	0	0	0	0	0	0	63492	1	0	0	0	0	0	0	0	63495	1	0	0	0	0	0	0	0	
//	65087	잡화-릴리난(오크라)_테섭용	1	0	100	2	4019	1	0	0	0	0	0	0	0	4024	1	0	0	0	0	0	0	0	4029	1	0	0	0	0	0	0	0	4038	1	0	0	0	0	0	0	0	4044	1	0	0	0	0	0	0	0	4132	1	0	0	0	0	0	0	0	5201	1	0	0	0	0	0	0	0	4048	1	0	0	0	0	0	0	0	0	0	0	0	0	0	0	0	0	0	0	0	0	0	0	0	0	0	0	0	0	0	0	0	0	0	0	0	0	0	0	0	0	0	0	0	0	0	0	0	0	0	0	0	0	0	0	0	0	0	0	0	0	0	0	0	0	0	0	0	0	0	0	0	0	0	0	0	0	0	0	0	0	0	0	0	0	0	0	0	0	0	0	0	0	0	0	0	0	0	0	0	0	0	0	0	0	0	0	0	0	0	0	0	0	0	0	0	0	0	0	0	0	0	0	0	0	0	0	0	0	0	0	0	0	0	0	0	0	0	0	0	0	0	0	0	0	0	0	0	0	0	0	0	0	0	0	0	0	0	0	0	0	
//	65086	잡화-아브하(오크라)_테섭용	1	0	100	0	4403	1	0	0	0	0	0	0	0	4425	1	0	0	0	0	0	0	0	7253	1	0	0	0	0	0	0	0	63000	1	0	0	0	0	0	0	0	63002	1	0	0	0	0	0	0	0	61220	1	0	0	0	0	0	0	0	61226	1	0	0	0	0	0	0	0	61232	1	0	0	0	0	0	0	0	61238	1	0	0	0	0	0	0	0	61244	1	0	0	0	0	0	0	0	61200	1	0	0	0	0	0	0	0	61209	1	0	0	0	0	0	0	0	49160	1	0	0	0	0	0	0	0	49159	1	0	0	0	0	0	0	0	49158	1	0	0	0	0	0	0	0	3464	1	0	0	0	0	0	0	0	3465	1	0	0	0	0	0	0	0	3466	1	0	0	0	0	0	0	0	3467	1	0	0	0	0	0	0	0	3468	1	0	0	0	0	0	0	0	3123	1	0	0	0	0	0	0	0	3124	1	0	0	0	0	0	0	0	40574	1	0	0	0	0	0	0	0	40575	1	0	0	0	0	0	0	0	41410	1	0	0	0	0	0	0	0	
//	65086	잡화-아브하(오크라)_테섭용	1	0	100	1	63168	1	0	0	0	0	0	0	0	7120	1	0	0	0	0	0	0	0	3302	1	0	0	0	0	0	0	0	63024	1	0	0	0	0	0	0	0	62010	1	0	0	0	0	0	0	0	62011	1	0	0	0	0	0	0	0	65008	1	0	0	0	0	0	0	0	63003	1	0	0	0	0	0	0	0	65113	1	0	0	0	0	0	0	0	60094	1	0	0	0	0	0	0	0	7549	1	0	0	0	0	0	0	0	7548	1	0	0	0	0	0	0	0	65003	1	0	0	0	0	0	0	0	5285	1	0	0	0	0	0	0	0	60092	1	0	0	0	0	0	0	180	60282	1	0	0	0	0	0	0	1440	60283	1	0	0	0	0	0	0	1440	60284	1	0	0	0	0	0	0	1440	60205	1	0	0	0	0	0	0	1440	60297	1	0	0	0	0	0	0	1440	6855	1	0	0	0	0	0	0	0	63483	1	0	0	0	0	0	0	0	63486	1	0	0	0	0	0	0	0	63492	1	0	0	0	0	0	0	0	63495	1	0	0	0	0	0	0	0	
//	65086	잡화-아브하(오크라)_테섭용	1	0	100	2	4019	1	0	0	0	0	0	0	0	4024	1	0	0	0	0	0	0	0	4029	1	0	0	0	0	0	0	0	4038	1	0	0	0	0	0	0	0	4044	1	0	0	0	0	0	0	0	4132	1	0	0	0	0	0	0	0	5201	1	0	0	0	0	0	0	0	4048	1	0	0	0	0	0	0	0	0	0	0	0	0	0	0	0	0	0	0	0	0	0	0	0	0	0	0	0	0	0	0	0	0	0	0	0	0	0	0	0	0	0	0	0	0	0	0	0	0	0	0	0	0	0	0	0	0	0	0	0	0	0	0	0	0	0	0	0	0	0	0	0	0	0	0	0	0	0	0	0	0	0	0	0	0	0	0	0	0	0	0	0	0	0	0	0	0	0	0	0	0	0	0	0	0	0	0	0	0	0	0	0	0	0	0	0	0	0	0	0	0	0	0	0	0	0	0	0	0	0	0	0	0	0	0	0	0	0	0	0	0	0	0	0	0	0	0	0	0	0	0	0	0	0	0	0	0	0	0	0	0	
//	테섭용상인_코르토크해안선										0	0	0	0	0					0	0	0	0	0					0	0	0	0	0					0	0	0	0	0					0	0	0	0	0					0	0	0	0	0					0	0	0	0	0					0	0	0	0	0					0	0	0	0	0					0	0	0	0	0					0	0	0	0	0					0	0	0	0	0					0	0	0	0	0					0	0	0	0	0					0	0	0	0	0					0	0	0	0	0					0	0	0	0	0					0	0	0	0	0					0	0	0	0	0					0	0	0	0	0					0	0	0	0	0					0	0	0	0	0					0	0	0	0	0					0	0	0	0	0					0	0	0	0	0	
//	1952	버서커-마다브(코르토크해안선)_테섭용	1	0	100	0	50573	1	10515	0	0	0	0	0	0	50574	1	10515	0	0	0	0	0	0	51751	1	10515	0	0	0	0	0	0	51752	1	10515	0	0	0	0	0	0	51753	1	10515	0	0	0	0	0	0	51754	1	10515	0	0	0	0	0	0	51755	1	10515	0	0	0	0	0	0	51756	1	10515	0	0	0	0	0	0	51757	1	10515	0	0	0	0	0	0	51758	1	10515	0	0	0	0	0	0	50092	1	10515	0	0	0	0	0	0	50093	1	10515	0	0	0	0	0	0	51503	1	10515	0	0	0	0	0	0	51504	1	10515	0	0	0	0	0	0	51505	1	10515	0	0	0	0	0	0	51506	1	10515	0	0	0	0	0	0	51507	1	10515	0	0	0	0	0	0	51508	1	10515	0	0	0	0	0	0	51509	1	10515	0	0	0	0	0	0	51510	1	10515	0	0	0	0	0	0	50100	1	10515	0	0	0	0	0	0	50102	1	10515	0	0	0	0	0	0	50101	1	10515	0	0	0	0	0	0	50103	1	10515	0	0	0	0	0	0	0	0	0	0	0	0	0	0	0	
//	1952	버서커-마다브(코르토크해안선)_테섭용	1	0	100	1	2028	1	10515	0	0	0	0	0	0	15000	1	0	0	0	0	0	0	0	15001	1	0	0	0	0	0	0	0	15002	1	0	0	0	0	0	0	0	15003	1	0	0	0	0	0	0	0	3265	1	0	0	0	0	0	0	0	3266	1	0	0	0	0	0	0	0	3267	1	0	0	0	0	0	0	0	3268	1	0	0	0	0	0	0	0	3269	1	0	0	0	0	0	0	0	60831	1	0	0	0	0	0	0	0	60839	1	0	0	0	0	0	0	0	3118	1	0	0	0	0	0	0	0	0	0	0	0	0	0	0	0	0	0	0	0	0	0	0	0	0	0	0	0	0	0	0	0	0	0	0	0	0	0	0	0	0	0	0	0	0	0	0	0	0	0	0	0	0	0	0	0	0	0	0	0	0	0	0	0	0	0	0	0	0	0	0	0	0	0	0	0	0	0	0	0	0	0	0	0	0	0	0	0	0	0	0	0	0	0	0	0	0	0	0	0	0	0	0	0	0	0	0	0	0	0	0	0	0	0	0	0	
//	1953	드래곤-니킬(코르토크해안선)_테섭용	1	0	100	0	50575	1	10515	0	0	0	0	0	0	50576	1	10515	0	0	0	0	0	0	51759	1	10515	0	0	0	0	0	0	51760	1	10515	0	0	0	0	0	0	51761	1	10515	0	0	0	0	0	0	51762	1	10515	0	0	0	0	0	0	51763	1	10515	0	0	0	0	0	0	51764	1	10515	0	0	0	0	0	0	51765	1	10515	0	0	0	0	0	0	51766	1	10515	0	0	0	0	0	0	50094	1	10515	0	0	0	0	0	0	50095	1	10515	0	0	0	0	0	0	51511	1	10515	0	0	0	0	0	0	51512	1	10515	0	0	0	0	0	0	51513	1	10515	0	0	0	0	0	0	51514	1	10515	0	0	0	0	0	0	51515	1	10515	0	0	0	0	0	0	51516	1	10515	0	0	0	0	0	0	51517	1	10515	0	0	0	0	0	0	51518	1	10515	0	0	0	0	0	0	50104	1	10515	0	0	0	0	0	0	50106	1	10515	0	0	0	0	0	0	50105	1	10515	0	0	0	0	0	0	50107	1	10515	0	0	0	0	0	0	0	0	0	0	0	0	0	0	0	
//	1953	드래곤-니킬(코르토크해안선)_테섭용	1	0	100	1	2029	1	10515	0	0	0	0	0	0	15004	1	0	0	0	0	0	0	0	15005	1	0	0	0	0	0	0	0	15006	1	0	0	0	0	0	0	0	15007	1	0	0	0	0	0	0	0	3270	1	0	0	0	0	0	0	0	3271	1	0	0	0	0	0	0	0	3272	1	0	0	0	0	0	0	0	3273	1	0	0	0	0	0	0	0	3274	1	0	0	0	0	0	0	0	60832	1	0	0	0	0	0	0	0	60840	1	0	0	0	0	0	0	0	3119	1	0	0	0	0	0	0	0	0	0	0	0	0	0	0	0	0	0	0	0	0	0	0	0	0	0	0	0	0	0	0	0	0	0	0	0	0	0	0	0	0	0	0	0	0	0	0	0	0	0	0	0	0	0	0	0	0	0	0	0	0	0	0	0	0	0	0	0	0	0	0	0	0	0	0	0	0	0	0	0	0	0	0	0	0	0	0	0	0	0	0	0	0	0	0	0	0	0	0	0	0	0	0	0	0	0	0	0	0	0	0	0	0	0	0	0	
//	1955	섀도우-미카엘(코르토크해안선)_테섭용	1	0	100	0	50581	1	10515	0	0	0	0	0	0	50582	1	10515	0	0	0	0	0	0	51783	1	10515	0	0	0	0	0	0	51784	1	10515	0	0	0	0	0	0	51785	1	10515	0	0	0	0	0	0	51786	1	10515	0	0	0	0	0	0	51787	1	10515	0	0	0	0	0	0	51788	1	10515	0	0	0	0	0	0	51789	1	10515	0	0	0	0	0	0	51790	1	10515	0	0	0	0	0	0	50124	1	10515	0	0	0	0	0	0	50125	1	10515	0	0	0	0	0	0	51535	1	10515	0	0	0	0	0	0	51536	1	10515	0	0	0	0	0	0	51537	1	10515	0	0	0	0	0	0	51538	1	10515	0	0	0	0	0	0	51539	1	10515	0	0	0	0	0	0	51540	1	10515	0	0	0	0	0	0	51541	1	10515	0	0	0	0	0	0	51542	1	10515	0	0	0	0	0	0	50116	1	10515	0	0	0	0	0	0	50118	1	10515	0	0	0	0	0	0	50250	1	10515	0	0	0	0	0	0	50119	1	10515	0	0	0	0	0	0	0	0	0	0	0	0	0	0	0	
//	1955	섀도우-미카엘(코르토크해안선)_테섭용	1	0	100	1	2032	1	10515	0	0	0	0	0	0	15016	1	0	0	0	0	0	0	0	15017	1	0	0	0	0	0	0	0	15018	1	0	0	0	0	0	0	0	15019	1	0	0	0	0	0	0	0	3285	1	0	0	0	0	0	0	0	3286	1	0	0	0	0	0	0	0	3287	1	0	0	0	0	0	0	0	3288	1	0	0	0	0	0	0	0	3289	1	0	0	0	0	0	0	0	60835	1	0	0	0	0	0	0	0	60843	1	0	0	0	0	0	0	0	3122	1	0	0	0	0	0	0	0	0	0	0	0	0	0	0	0	0	0	0	0	0	0	0	0	0	0	0	0	0	0	0	0	0	0	0	0	0	0	0	0	0	0	0	0	0	0	0	0	0	0	0	0	0	0	0	0	0	0	0	0	0	0	0	0	0	0	0	0	0	0	0	0	0	0	0	0	0	0	0	0	0	0	0	0	0	0	0	0	0	0	0	0	0	0	0	0	0	0	0	0	0	0	0	0	0	0	0	0	0	0	0	0	0	0	0	0	
//	1954	발키리-니사(코르토크해안선)_테섭용	1	0	100	0	50577	1	10515	0	0	0	0	0	0	50578	1	10515	0	0	0	0	0	0	51767	1	10515	0	0	0	0	0	0	51768	1	10515	0	0	0	0	0	0	51769	1	10515	0	0	0	0	0	0	51770	1	10515	0	0	0	0	0	0	51771	1	10515	0	0	0	0	0	0	51772	1	10515	0	0	0	0	0	0	51773	1	10515	0	0	0	0	0	0	51774	1	10515	0	0	0	0	0	0	50096	1	10515	0	0	0	0	0	0	50097	1	10515	0	0	0	0	0	0	51527	1	10515	0	0	0	0	0	0	51528	1	10515	0	0	0	0	0	0	51529	1	10515	0	0	0	0	0	0	51530	1	10515	0	0	0	0	0	0	51531	1	10515	0	0	0	0	0	0	51532	1	10515	0	0	0	0	0	0	51533	1	10515	0	0	0	0	0	0	51534	1	10515	0	0	0	0	0	0	50108	1	10515	0	0	0	0	0	0	50110	1	10515	0	0	0	0	0	0	50109	1	10515	0	0	0	0	0	0	50111	1	10515	0	0	0	0	0	0	0	0	0	0	0	0	0	0	0	
//	1954	발키리-니사(코르토크해안선)_테섭용	1	0	100	1	2030	1	10515	0	0	0	0	0	0	15008	1	0	0	0	0	0	0	0	15009	1	0	0	0	0	0	0	0	15010	1	0	0	0	0	0	0	0	15011	1	0	0	0	0	0	0	0	3275	1	0	0	0	0	0	0	0	3276	1	0	0	0	0	0	0	0	3277	1	0	0	0	0	0	0	0	3278	1	0	0	0	0	0	0	0	3279	1	0	0	0	0	0	0	0	60833	1	0	0	0	0	0	0	0	60841	1	0	0	0	0	0	0	0	3120	1	0	0	0	0	0	0	0	0	0	0	0	0	0	0	0	0	0	0	0	0	0	0	0	0	0	0	0	0	0	0	0	0	0	0	0	0	0	0	0	0	0	0	0	0	0	0	0	0	0	0	0	0	0	0	0	0	0	0	0	0	0	0	0	0	0	0	0	0	0	0	0	0	0	0	0	0	0	0	0	0	0	0	0	0	0	0	0	0	0	0	0	0	0	0	0	0	0	0	0	0	0	0	0	0	0	0	0	0	0	0	0	0	0	0	0	
//	1951	엘리-자얀티(코르토크해안선)_테섭용	1	0	100	0	50579	1	10515	0	0	0	0	0	0	50580	1	10515	0	0	0	0	0	0	51775	1	10515	0	0	0	0	0	0	51776	1	10515	0	0	0	0	0	0	51777	1	10515	0	0	0	0	0	0	51778	1	10515	0	0	0	0	0	0	51779	1	10515	0	0	0	0	0	0	51780	1	10515	0	0	0	0	0	0	51781	1	10515	0	0	0	0	0	0	51782	1	10515	0	0	0	0	0	0	50098	1	10515	0	0	0	0	0	0	50099	1	10515	0	0	0	0	0	0	51519	1	10515	0	0	0	0	0	0	51520	1	10515	0	0	0	0	0	0	51521	1	10515	0	0	0	0	0	0	51522	1	10515	0	0	0	0	0	0	51523	1	10515	0	0	0	0	0	0	51524	1	10515	0	0	0	0	0	0	51525	1	10515	0	0	0	0	0	0	51526	1	10515	0	0	0	0	0	0	50112	1	10515	0	0	0	0	0	0	50114	1	10515	0	0	0	0	0	0	50113	1	10515	0	0	0	0	0	0	50115	1	10515	0	0	0	0	0	0	0	0	0	0	0	0	0	0	0	
//	1951	엘리-자얀티(코르토크해안선)_테섭용	1	0	100	1	2031	1	10515	0	0	0	0	0	0	15012	1	0	0	0	0	0	0	0	15013	1	0	0	0	0	0	0	0	15014	1	0	0	0	0	0	0	0	15015	1	0	0	0	0	0	0	0	3280	1	0	0	0	0	0	0	0	3281	1	0	0	0	0	0	0	0	3282	1	0	0	0	0	0	0	0	3283	1	0	0	0	0	0	0	0	3284	1	0	0	0	0	0	0	0	60834	1	0	0	0	0	0	0	0	60842	1	0	0	0	0	0	0	0	3121	1	0	0	0	0	0	0	0	0	0	0	0	0	0	0	0	0	0	0	0	0	0	0	0	0	0	0	0	0	0	0	0	0	0	0	0	0	0	0	0	0	0	0	0	0	0	0	0	0	0	0	0	0	0	0	0	0	0	0	0	0	0	0	0	0	0	0	0	0	0	0	0	0	0	0	0	0	0	0	0	0	0	0	0	0	0	0	0	0	0	0	0	0	0	0	0	0	0	0	0	0	0	0	0	0	0	0	0	0	0	0	0	0	0	0	0	
//	64093	미스틱-에밀라(코르토크해안선)_테섭용	1	0	100	0	50583	1	10515	0	0	0	0	0	0	50584	1	10515	0	0	0	0	0	0	51791	1	10515	0	0	0	0	0	0	51792	1	10515	0	0	0	0	0	0	51793	1	10515	0	0	0	0	0	0	51794	1	10515	0	0	0	0	0	0	51795	1	10515	0	0	0	0	0	0	51796	1	10515	0	0	0	0	0	0	51797	1	10515	0	0	0	0	0	0	51798	1	10515	0	0	0	0	0	0	50126	1	10515	0	0	0	0	0	0	50127	1	10515	0	0	0	0	0	0	51543	1	10515	0	0	0	0	0	0	51544	1	10515	0	0	0	0	0	0	51545	1	10515	0	0	0	0	0	0	51546	1	10515	0	0	0	0	0	0	51547	1	10515	0	0	0	0	0	0	51548	1	10515	0	0	0	0	0	0	51549	1	10515	0	0	0	0	0	0	51550	1	10515	0	0	0	0	0	0	50120	1	10515	0	0	0	0	0	0	50122	1	10515	0	0	0	0	0	0	50121	1	10515	0	0	0	0	0	0	50123	1	10515	0	0	0	0	0	0	0	0	0	0	0	0	0	0	0	
//	64093	미스틱-에밀라(코르토크해안선)_테섭용	1	0	100	1	2033	1	10515	0	0	0	0	0	0	15020	1	0	0	0	0	0	0	0	15021	1	0	0	0	0	0	0	0	15022	1	0	0	0	0	0	0	0	15023	1	0	0	0	0	0	0	0	3290	1	0	0	0	0	0	0	0	3291	1	0	0	0	0	0	0	0	3292	1	0	0	0	0	0	0	0	3293	1	0	0	0	0	0	0	0	3294	1	0	0	0	0	0	0	0	60836	1	0	0	0	0	0	0	0	3231	1	0	0	0	0	0	0	0	0	0	0	0	0	0	0	0	0	0	0	0	0	0	0	0	0	0	0	0	0	0	0	0	0	0	0	0	0	0	0	0	0	0	0	0	0	0	0	0	0	0	0	0	0	0	0	0	0	0	0	0	0	0	0	0	0	0	0	0	0	0	0	0	0	0	0	0	0	0	0	0	0	0	0	0	0	0	0	0	0	0	0	0	0	0	0	0	0	0	0	0	0	0	0	0	0	0	0	0	0	0	0	0	0	0	0	0	0	0	0	0	0	0	0	0	0	
//	64190	HER-AKM(코르토크해안선)_테섭용	1	0	100	0	50585	1	10515	0	0	0	0	0	0	51799	1	10515	0	0	0	0	0	0	51800	1	10515	0	0	0	0	0	0	51801	1	10515	0	0	0	0	0	0	51802	1	10515	0	0	0	0	0	0	51803	1	10515	0	0	0	0	0	0	51804	1	10515	0	0	0	0	0	0	51805	1	10515	0	0	0	0	0	0	51806	1	10515	0	0	0	0	0	0	0	0	0	0	0	0	0	0	0	50133	1	10515	0	0	0	0	0	0	51687	1	10515	0	0	0	0	0	0	51688	1	10515	0	0	0	0	0	0	51689	1	10515	0	0	0	0	0	0	51690	1	10515	0	0	0	0	0	0	51691	1	10515	0	0	0	0	0	0	51692	1	10515	0	0	0	0	0	0	51693	1	10515	0	0	0	0	0	0	51694	1	10515	0	0	0	0	0	0	0	0	0	0	0	0	0	0	0	50135	1	10515	0	0	0	0	0	0	50136	1	10515	0	0	0	0	0	0	0	0	0	0	0	0	0	0	0	0	0	0	0	0	0	0	0	0	0	0	0	0	0	0	0	0	0	
//	64190	HER-AKM(코르토크해안선)_테섭용	1	0	100	1	2034	1	10515	0	0	0	0	0	0	15024	1	0	0	0	0	0	0	0	15025	1	0	0	0	0	0	0	0	15026	1	0	0	0	0	0	0	0	15027	1	0	0	0	0	0	0	0	3479	1	0	0	0	0	0	0	0	3480	1	0	0	0	0	0	0	0	3481	1	0	0	0	0	0	0	0	3482	1	0	0	0	0	0	0	0	3483	1	0	0	0	0	0	0	0	60837	1	0	0	0	0	0	0	0	3470	1	0	0	0	0	0	0	0	0	0	0	0	0	0	0	0	0	0	0	0	0	0	0	0	0	0	0	0	0	0	0	0	0	0	0	0	0	0	0	0	0	0	0	0	0	0	0	0	0	0	0	0	0	0	0	0	0	0	0	0	0	0	0	0	0	0	0	0	0	0	0	0	0	0	0	0	0	0	0	0	0	0	0	0	0	0	0	0	0	0	0	0	0	0	0	0	0	0	0	0	0	0	0	0	0	0	0	0	0	0	0	0	0	0	0	0	0	0	0	0	0	0	0	0	0	
//	62312	위블상점_코르토크_테섭용	1	0	100	0	50599	1	10515	0	0	0	0	0	0	51807	1	10515	0	0	0	0	0	0	51808	1	10515	0	0	0	0	0	0	51809	1	10515	0	0	0	0	0	0	51810	1	10515	0	0	0	0	0	0	51811	1	10515	0	0	0	0	0	0	51812	1	10515	0	0	0	0	0	0	51813	1	10515	0	0	0	0	0	0	51814	1	10515	0	0	0	0	0	0	0	0	0	0	0	0	0	0	0	50325	1	10515	0	0	0	0	0	0	57041	1	10515	0	0	0	0	0	0	57042	1	10515	0	0	0	0	0	0	57043	1	10515	0	0	0	0	0	0	57044	1	10515	0	0	0	0	0	0	57045	1	10515	0	0	0	0	0	0	57046	1	10515	0	0	0	0	0	0	57047	1	10515	0	0	0	0	0	0	57048	1	10515	0	0	0	0	0	0	0	0	0	0	0	0	0	0	0	50327	1	10515	0	0	0	0	0	0	50328	1	10515	0	0	0	0	0	0	0	0	0	0	0	0	0	0	0	0	0	0	0	0	0	0	0	0	0	0	0	0	0	0	0	0	0	
//	62312	위블상점_코르토크_테섭용	1	0	100	1	2035	1	10515	0	0	0	0	0	0	15028	1	0	0	0	0	0	0	0	15029	1	0	0	0	0	0	0	0	15030	1	0	0	0	0	0	0	0	15031	1	0	0	0	0	0	0	0	3807	1	0	0	0	0	0	0	0	3808	1	0	0	0	0	0	0	0	3809	1	0	0	0	0	0	0	0	3810	1	0	0	0	0	0	0	0	3811	1	0	0	0	0	0	0	0	60838	1	0	0	0	0	0	0	0	3315	1	0	0	0	0	0	0	0	0	0	0	0	0	0	0	0	0	0	0	0	0	0	0	0	0	0	0	0	0	0	0	0	0	0	0	0	0	0	0	0	0	0	0	0	0	0	0	0	0	0	0	0	0	0	0	0	0	0	0	0	0	0	0	0	0	0	0	0	0	0	0	0	0	0	0	0	0	0	0	0	0	0	0	0	0	0	0	0	0	0	0	0	0	0	0	0	0	0	0	0	0	0	0	0	0	0	0	0	0	0	0	0	0	0	0	0	0	0	0	0	0	0	0	0	0	
//	1950	잡화-티뮤(코르토크해안선)_테섭용	1	0	100	0	4403	1	0	0	0	0	0	0	0	4425	1	0	0	0	0	0	0	0	7253	1	0	0	0	0	0	0	0	63000	1	0	0	0	0	0	0	0	63002	1	0	0	0	0	0	0	0	61220	1	0	0	0	0	0	0	0	61226	1	0	0	0	0	0	0	0	61232	1	0	0	0	0	0	0	0	61238	1	0	0	0	0	0	0	0	61244	1	0	0	0	0	0	0	0	61200	1	0	0	0	0	0	0	0	61209	1	0	0	0	0	0	0	0	49160	1	0	0	0	0	0	0	0	49159	1	0	0	0	0	0	0	0	49158	1	0	0	0	0	0	0	0	3464	1	0	0	0	0	0	0	0	3465	1	0	0	0	0	0	0	0	3466	1	0	0	0	0	0	0	0	3467	1	0	0	0	0	0	0	0	3468	1	0	0	0	0	0	0	0	3123	1	0	0	0	0	0	0	0	3124	1	0	0	0	0	0	0	0	40574	1	0	0	0	0	0	0	0	40575	1	0	0	0	0	0	0	0	41410	1	0	0	0	0	0	0	0	
//	1950	잡화-티뮤(코르토크해안선)_테섭용	1	0	100	1	63168	1	0	0	0	0	0	0	0	7120	1	0	0	0	0	0	0	0	3302	1	0	0	0	0	0	0	0	63024	1	0	0	0	0	0	0	0	62010	1	0	0	0	0	0	0	0	62011	1	0	0	0	0	0	0	0	65008	1	0	0	0	0	0	0	0	63003	1	0	0	0	0	0	0	0	65113	1	0	0	0	0	0	0	0	60094	1	0	0	0	0	0	0	0	7549	1	0	0	0	0	0	0	0	7548	1	0	0	0	0	0	0	0	65003	1	0	0	0	0	0	0	0	5285	1	0	0	0	0	0	0	0	60092	1	0	0	0	0	0	0	180	60282	1	0	0	0	0	0	0	1440	60283	1	0	0	0	0	0	0	1440	60284	1	0	0	0	0	0	0	1440	60205	1	0	0	0	0	0	0	1440	60297	1	0	0	0	0	0	0	1440	6855	1	0	0	0	0	0	0	0	63483	1	0	0	0	0	0	0	0	63486	1	0	0	0	0	0	0	0	63492	1	0	0	0	0	0	0	0	63495	1	0	0	0	0	0	0	0	
//	1950	잡화-티뮤(코르토크해안선)_테섭용	1	0	100	2	4019	1	0	0	0	0	0	0	0	4024	1	0	0	0	0	0	0	0	4029	1	0	0	0	0	0	0	0	4038	1	0	0	0	0	0	0	0	4044	1	0	0	0	0	0	0	0	4132	1	0	0	0	0	0	0	0	5201	1	0	0	0	0	0	0	0	4048	1	0	0	0	0	0	0	0	0	0	0	0	0	0	0	0	0	0	0	0	0	0	0	0	0	0	0	0	0	0	0	0	0	0	0	0	0	0	0	0	0	0	0	0	0	0	0	0	0	0	0	0	0	0	0	0	0	0	0	0	0	0	0	0	0	0	0	0	0	0	0	0	0	0	0	0	0	0	0	0	0	0	0	0	0	0	0	0	0	0	0	0	0	0	0	0	0	0	0	0	0	0	0	0	0	0	0	0	0	0	0	0	0	0	0	0	0	0	0	0	0	0	0	0	0	0	0	0	0	0	0	0	0	0	0	0	0	0	0	0	0	0	0	0	0	0	0	0	0	0	0	0	0	0	0	0	0	0	0	0	0	
//	1041	잡화-오르티엘(코르토크해안선)_테섭용	1	0	100	0	4403	1	0	0	0	0	0	0	0	4425	1	0	0	0	0	0	0	0	7253	1	0	0	0	0	0	0	0	63000	1	0	0	0	0	0	0	0	63002	1	0	0	0	0	0	0	0	61220	1	0	0	0	0	0	0	0	61226	1	0	0	0	0	0	0	0	61232	1	0	0	0	0	0	0	0	61238	1	0	0	0	0	0	0	0	61244	1	0	0	0	0	0	0	0	61200	1	0	0	0	0	0	0	0	61209	1	0	0	0	0	0	0	0	49160	1	0	0	0	0	0	0	0	49159	1	0	0	0	0	0	0	0	49158	1	0	0	0	0	0	0	0	3464	1	0	0	0	0	0	0	0	3465	1	0	0	0	0	0	0	0	3466	1	0	0	0	0	0	0	0	3467	1	0	0	0	0	0	0	0	3468	1	0	0	0	0	0	0	0	3123	1	0	0	0	0	0	0	0	3124	1	0	0	0	0	0	0	0	40574	1	0	0	0	0	0	0	0	40575	1	0	0	0	0	0	0	0	41410	1	0	0	0	0	0	0	0	
//	1041	잡화-오르티엘(코르토크해안선)_테섭용	1	0	100	1	63168	1	0	0	0	0	0	0	0	7120	1	0	0	0	0	0	0	0	3302	1	0	0	0	0	0	0	0	63024	1	0	0	0	0	0	0	0	62010	1	0	0	0	0	0	0	0	62011	1	0	0	0	0	0	0	0	65008	1	0	0	0	0	0	0	0	63003	1	0	0	0	0	0	0	0	65113	1	0	0	0	0	0	0	0	60094	1	0	0	0	0	0	0	0	7549	1	0	0	0	0	0	0	0	7548	1	0	0	0	0	0	0	0	65003	1	0	0	0	0	0	0	0	5285	1	0	0	0	0	0	0	0	60092	1	0	0	0	0	0	0	180	60282	1	0	0	0	0	0	0	1440	60283	1	0	0	0	0	0	0	1440	60284	1	0	0	0	0	0	0	1440	60205	1	0	0	0	0	0	0	1440	60297	1	0	0	0	0	0	0	1440	6855	1	0	0	0	0	0	0	0	63483	1	0	0	0	0	0	0	0	63486	1	0	0	0	0	0	0	0	63492	1	0	0	0	0	0	0	0	63495	1	0	0	0	0	0	0	0	
//	1041	잡화-오르티엘(코르토크해안선)_테섭용	1	0	100	2	4019	1	0	0	0	0	0	0	0	4024	1	0	0	0	0	0	0	0	4029	1	0	0	0	0	0	0	0	4038	1	0	0	0	0	0	0	0	4044	1	0	0	0	0	0	0	0	4132	1	0	0	0	0	0	0	0	5201	1	0	0	0	0	0	0	0	4048	1	0	0	0	0	0	0	0	0	0	0	0	0	0	0	0	0	0	0	0	0	0	0	0	0	0	0	0	0	0	0	0	0	0	0	0	0	0	0	0	0	0	0	0	0	0	0	0	0	0	0	0	0	0	0	0	0	0	0	0	0	0	0	0	0	0	0	0	0	0	0	0	0	0	0	0	0	0	0	0	0	0	0	0	0	0	0	0	0	0	0	0	0	0	0	0	0	0	0	0	0	0	0	0	0	0	0	0	0	0	0	0	0	0	0	0	0	0	0	0	0	0	0	0	0	0	0	0	0	0	0	0	0	0	0	0	0	0	0	0	0	0	0	0	0	0	0	0	0	0	0	0	0	0	0	0	0	0	0	0	0	
//	테섭용상인_에소드										0	0	0	0	0					0	0	0	0	0					0	0	0	0	0					0	0	0	0	0					0	0	0	0	0					0	0	0	0	0					0	0	0	0	0					0	0	0	0	0					0	0	0	0	0					0	0	0	0	0					0	0	0	0	0					0	0	0	0	0					0	0	0	0	0					0	0	0	0	0					0	0	0	0	0					0	0	0	0	0					0	0	0	0	0					0	0	0	0	0					0	0	0	0	0					0	0	0	0	0					0	0	0	0	0					0	0	0	0	0					0	0	0	0	0					0	0	0	0	0					0	0	0	0	0	
//	63863	버서커-루츠(에소드)	1	0	100	0	50573	1	10515	0	0	0	0	0	0	50574	1	10515	0	0	0	0	0	0	51751	1	10515	0	0	0	0	0	0	51752	1	10515	0	0	0	0	0	0	51753	1	10515	0	0	0	0	0	0	51754	1	10515	0	0	0	0	0	0	51755	1	10515	0	0	0	0	0	0	51756	1	10515	0	0	0	0	0	0	51757	1	10515	0	0	0	0	0	0	51758	1	10515	0	0	0	0	0	0	50092	1	10515	0	0	0	0	0	0	50093	1	10515	0	0	0	0	0	0	51503	1	10515	0	0	0	0	0	0	51504	1	10515	0	0	0	0	0	0	51505	1	10515	0	0	0	0	0	0	51506	1	10515	0	0	0	0	0	0	51507	1	10515	0	0	0	0	0	0	51508	1	10515	0	0	0	0	0	0	51509	1	10515	0	0	0	0	0	0	51510	1	10515	0	0	0	0	0	0	50100	1	10515	0	0	0	0	0	0	50102	1	10515	0	0	0	0	0	0	50101	1	10515	0	0	0	0	0	0	50103	1	10515	0	0	0	0	0	0	0	0	0	0	0	0	0	0	0	
//	63863	버서커-루츠(에소드)	1	0	100	1	2028	1	10515	0	0	0	0	0	0	15000	1	0	0	0	0	0	0	0	15001	1	0	0	0	0	0	0	0	15002	1	0	0	0	0	0	0	0	15003	1	0	0	0	0	0	0	0	3265	1	0	0	0	0	0	0	0	3266	1	0	0	0	0	0	0	0	3267	1	0	0	0	0	0	0	0	3268	1	0	0	0	0	0	0	0	3269	1	0	0	0	0	0	0	0	60831	1	0	0	0	0	0	0	0	60839	1	0	0	0	0	0	0	0	3118	1	0	0	0	0	0	0	0	0	0	0	0	0	0	0	0	0	0	0	0	0	0	0	0	0	0	0	0	0	0	0	0	0	0	0	0	0	0	0	0	0	0	0	0	0	0	0	0	0	0	0	0	0	0	0	0	0	0	0	0	0	0	0	0	0	0	0	0	0	0	0	0	0	0	0	0	0	0	0	0	0	0	0	0	0	0	0	0	0	0	0	0	0	0	0	0	0	0	0	0	0	0	0	0	0	0	0	0	0	0	0	0	0	0	0	0	
//	63864	드래곤-아비스(에소드)	1	0	100	0	50575	1	10515	0	0	0	0	0	0	50576	1	10515	0	0	0	0	0	0	51759	1	10515	0	0	0	0	0	0	51760	1	10515	0	0	0	0	0	0	51761	1	10515	0	0	0	0	0	0	51762	1	10515	0	0	0	0	0	0	51763	1	10515	0	0	0	0	0	0	51764	1	10515	0	0	0	0	0	0	51765	1	10515	0	0	0	0	0	0	51766	1	10515	0	0	0	0	0	0	50094	1	10515	0	0	0	0	0	0	50095	1	10515	0	0	0	0	0	0	51511	1	10515	0	0	0	0	0	0	51512	1	10515	0	0	0	0	0	0	51513	1	10515	0	0	0	0	0	0	51514	1	10515	0	0	0	0	0	0	51515	1	10515	0	0	0	0	0	0	51516	1	10515	0	0	0	0	0	0	51517	1	10515	0	0	0	0	0	0	51518	1	10515	0	0	0	0	0	0	50104	1	10515	0	0	0	0	0	0	50106	1	10515	0	0	0	0	0	0	50105	1	10515	0	0	0	0	0	0	50107	1	10515	0	0	0	0	0	0	0	0	0	0	0	0	0	0	0	
//	63864	드래곤-아비스(에소드)	1	0	100	1	2029	1	10515	0	0	0	0	0	0	15004	1	0	0	0	0	0	0	0	15005	1	0	0	0	0	0	0	0	15006	1	0	0	0	0	0	0	0	15007	1	0	0	0	0	0	0	0	3270	1	0	0	0	0	0	0	0	3271	1	0	0	0	0	0	0	0	3272	1	0	0	0	0	0	0	0	3273	1	0	0	0	0	0	0	0	3274	1	0	0	0	0	0	0	0	60832	1	0	0	0	0	0	0	0	60840	1	0	0	0	0	0	0	0	3119	1	0	0	0	0	0	0	0	0	0	0	0	0	0	0	0	0	0	0	0	0	0	0	0	0	0	0	0	0	0	0	0	0	0	0	0	0	0	0	0	0	0	0	0	0	0	0	0	0	0	0	0	0	0	0	0	0	0	0	0	0	0	0	0	0	0	0	0	0	0	0	0	0	0	0	0	0	0	0	0	0	0	0	0	0	0	0	0	0	0	0	0	0	0	0	0	0	0	0	0	0	0	0	0	0	0	0	0	0	0	0	0	0	0	0	0	
//	63905	섀도우-데오도로(에소드)	1	0	100	0	50581	1	10515	0	0	0	0	0	0	50582	1	10515	0	0	0	0	0	0	51783	1	10515	0	0	0	0	0	0	51784	1	10515	0	0	0	0	0	0	51785	1	10515	0	0	0	0	0	0	51786	1	10515	0	0	0	0	0	0	51787	1	10515	0	0	0	0	0	0	51788	1	10515	0	0	0	0	0	0	51789	1	10515	0	0	0	0	0	0	51790	1	10515	0	0	0	0	0	0	50124	1	10515	0	0	0	0	0	0	50125	1	10515	0	0	0	0	0	0	51535	1	10515	0	0	0	0	0	0	51536	1	10515	0	0	0	0	0	0	51537	1	10515	0	0	0	0	0	0	51538	1	10515	0	0	0	0	0	0	51539	1	10515	0	0	0	0	0	0	51540	1	10515	0	0	0	0	0	0	51541	1	10515	0	0	0	0	0	0	51542	1	10515	0	0	0	0	0	0	50116	1	10515	0	0	0	0	0	0	50118	1	10515	0	0	0	0	0	0	50250	1	10515	0	0	0	0	0	0	50119	1	10515	0	0	0	0	0	0	0	0	0	0	0	0	0	0	0	
//	63905	섀도우-데오도로(에소드)	1	0	100	1	2032	1	10515	0	0	0	0	0	0	15016	1	0	0	0	0	0	0	0	15017	1	0	0	0	0	0	0	0	15018	1	0	0	0	0	0	0	0	15019	1	0	0	0	0	0	0	0	3285	1	0	0	0	0	0	0	0	3286	1	0	0	0	0	0	0	0	3287	1	0	0	0	0	0	0	0	3288	1	0	0	0	0	0	0	0	3289	1	0	0	0	0	0	0	0	60835	1	0	0	0	0	0	0	0	60843	1	0	0	0	0	0	0	0	3122	1	0	0	0	0	0	0	0	0	0	0	0	0	0	0	0	0	0	0	0	0	0	0	0	0	0	0	0	0	0	0	0	0	0	0	0	0	0	0	0	0	0	0	0	0	0	0	0	0	0	0	0	0	0	0	0	0	0	0	0	0	0	0	0	0	0	0	0	0	0	0	0	0	0	0	0	0	0	0	0	0	0	0	0	0	0	0	0	0	0	0	0	0	0	0	0	0	0	0	0	0	0	0	0	0	0	0	0	0	0	0	0	0	0	0	0	
//	63862	발키리-아나스(에소드)	1	0	100	0	50577	1	10515	0	0	0	0	0	0	50578	1	10515	0	0	0	0	0	0	51767	1	10515	0	0	0	0	0	0	51768	1	10515	0	0	0	0	0	0	51769	1	10515	0	0	0	0	0	0	51770	1	10515	0	0	0	0	0	0	51771	1	10515	0	0	0	0	0	0	51772	1	10515	0	0	0	0	0	0	51773	1	10515	0	0	0	0	0	0	51774	1	10515	0	0	0	0	0	0	50096	1	10515	0	0	0	0	0	0	50097	1	10515	0	0	0	0	0	0	51527	1	10515	0	0	0	0	0	0	51528	1	10515	0	0	0	0	0	0	51529	1	10515	0	0	0	0	0	0	51530	1	10515	0	0	0	0	0	0	51531	1	10515	0	0	0	0	0	0	51532	1	10515	0	0	0	0	0	0	51533	1	10515	0	0	0	0	0	0	51534	1	10515	0	0	0	0	0	0	50108	1	10515	0	0	0	0	0	0	50110	1	10515	0	0	0	0	0	0	50109	1	10515	0	0	0	0	0	0	50111	1	10515	0	0	0	0	0	0	0	0	0	0	0	0	0	0	0	
//	63862	발키리-아나스(에소드)	1	0	100	1	2030	1	10515	0	0	0	0	0	0	15008	1	0	0	0	0	0	0	0	15009	1	0	0	0	0	0	0	0	15010	1	0	0	0	0	0	0	0	15011	1	0	0	0	0	0	0	0	3275	1	0	0	0	0	0	0	0	3276	1	0	0	0	0	0	0	0	3277	1	0	0	0	0	0	0	0	3278	1	0	0	0	0	0	0	0	3279	1	0	0	0	0	0	0	0	60833	1	0	0	0	0	0	0	0	60841	1	0	0	0	0	0	0	0	3120	1	0	0	0	0	0	0	0	0	0	0	0	0	0	0	0	0	0	0	0	0	0	0	0	0	0	0	0	0	0	0	0	0	0	0	0	0	0	0	0	0	0	0	0	0	0	0	0	0	0	0	0	0	0	0	0	0	0	0	0	0	0	0	0	0	0	0	0	0	0	0	0	0	0	0	0	0	0	0	0	0	0	0	0	0	0	0	0	0	0	0	0	0	0	0	0	0	0	0	0	0	0	0	0	0	0	0	0	0	0	0	0	0	0	0	0	
//	63865	엘리-미스텔(에소드)	1	0	100	0	50579	1	10515	0	0	0	0	0	0	50580	1	10515	0	0	0	0	0	0	51775	1	10515	0	0	0	0	0	0	51776	1	10515	0	0	0	0	0	0	51777	1	10515	0	0	0	0	0	0	51778	1	10515	0	0	0	0	0	0	51779	1	10515	0	0	0	0	0	0	51780	1	10515	0	0	0	0	0	0	51781	1	10515	0	0	0	0	0	0	51782	1	10515	0	0	0	0	0	0	50098	1	10515	0	0	0	0	0	0	50099	1	10515	0	0	0	0	0	0	51519	1	10515	0	0	0	0	0	0	51520	1	10515	0	0	0	0	0	0	51521	1	10515	0	0	0	0	0	0	51522	1	10515	0	0	0	0	0	0	51523	1	10515	0	0	0	0	0	0	51524	1	10515	0	0	0	0	0	0	51525	1	10515	0	0	0	0	0	0	51526	1	10515	0	0	0	0	0	0	50112	1	10515	0	0	0	0	0	0	50114	1	10515	0	0	0	0	0	0	50113	1	10515	0	0	0	0	0	0	50115	1	10515	0	0	0	0	0	0	0	0	0	0	0	0	0	0	0	
//	63865	엘리-미스텔(에소드)	1	0	100	1	2031	1	10515	0	0	0	0	0	0	15012	1	0	0	0	0	0	0	0	15013	1	0	0	0	0	0	0	0	15014	1	0	0	0	0	0	0	0	15015	1	0	0	0	0	0	0	0	3280	1	0	0	0	0	0	0	0	3281	1	0	0	0	0	0	0	0	3282	1	0	0	0	0	0	0	0	3283	1	0	0	0	0	0	0	0	3284	1	0	0	0	0	0	0	0	60834	1	0	0	0	0	0	0	0	60842	1	0	0	0	0	0	0	0	3121	1	0	0	0	0	0	0	0	0	0	0	0	0	0	0	0	0	0	0	0	0	0	0	0	0	0	0	0	0	0	0	0	0	0	0	0	0	0	0	0	0	0	0	0	0	0	0	0	0	0	0	0	0	0	0	0	0	0	0	0	0	0	0	0	0	0	0	0	0	0	0	0	0	0	0	0	0	0	0	0	0	0	0	0	0	0	0	0	0	0	0	0	0	0	0	0	0	0	0	0	0	0	0	0	0	0	0	0	0	0	0	0	0	0	0	0	
//	63878	미스틱-모리브(에소드)	1	0	100	0	50583	1	10515	0	0	0	0	0	0	50584	1	10515	0	0	0	0	0	0	51791	1	10515	0	0	0	0	0	0	51792	1	10515	0	0	0	0	0	0	51793	1	10515	0	0	0	0	0	0	51794	1	10515	0	0	0	0	0	0	51795	1	10515	0	0	0	0	0	0	51796	1	10515	0	0	0	0	0	0	51797	1	10515	0	0	0	0	0	0	51798	1	10515	0	0	0	0	0	0	50126	1	10515	0	0	0	0	0	0	50127	1	10515	0	0	0	0	0	0	51543	1	10515	0	0	0	0	0	0	51544	1	10515	0	0	0	0	0	0	51545	1	10515	0	0	0	0	0	0	51546	1	10515	0	0	0	0	0	0	51547	1	10515	0	0	0	0	0	0	51548	1	10515	0	0	0	0	0	0	51549	1	10515	0	0	0	0	0	0	51550	1	10515	0	0	0	0	0	0	50120	1	10515	0	0	0	0	0	0	50122	1	10515	0	0	0	0	0	0	50121	1	10515	0	0	0	0	0	0	50123	1	10515	0	0	0	0	0	0	0	0	0	0	0	0	0	0	0	
//	63878	미스틱-모리브(에소드)	1	0	100	1	2033	1	10515	0	0	0	0	0	0	15020	1	0	0	0	0	0	0	0	15021	1	0	0	0	0	0	0	0	15022	1	0	0	0	0	0	0	0	15023	1	0	0	0	0	0	0	0	3290	1	0	0	0	0	0	0	0	3291	1	0	0	0	0	0	0	0	3292	1	0	0	0	0	0	0	0	3293	1	0	0	0	0	0	0	0	3294	1	0	0	0	0	0	0	0	60836	1	0	0	0	0	0	0	0	3231	1	0	0	0	0	0	0	0	0	0	0	0	0	0	0	0	0	0	0	0	0	0	0	0	0	0	0	0	0	0	0	0	0	0	0	0	0	0	0	0	0	0	0	0	0	0	0	0	0	0	0	0	0	0	0	0	0	0	0	0	0	0	0	0	0	0	0	0	0	0	0	0	0	0	0	0	0	0	0	0	0	0	0	0	0	0	0	0	0	0	0	0	0	0	0	0	0	0	0	0	0	0	0	0	0	0	0	0	0	0	0	0	0	0	0	0	0	0	0	0	0	0	0	0	0	
//	63879	HER-K11(벨트헨)_본섭용	1	0	100	0	50585	1	10515	0	0	0	0	0	0	51799	1	10515	0	0	0	0	0	0	51800	1	10515	0	0	0	0	0	0	51801	1	10515	0	0	0	0	0	0	51802	1	10515	0	0	0	0	0	0	51803	1	10515	0	0	0	0	0	0	51804	1	10515	0	0	0	0	0	0	51805	1	10515	0	0	0	0	0	0	51806	1	10515	0	0	0	0	0	0	0	0	0	0	0	0	0	0	0	50133	1	10515	0	0	0	0	0	0	51687	1	10515	0	0	0	0	0	0	51688	1	10515	0	0	0	0	0	0	51689	1	10515	0	0	0	0	0	0	51690	1	10515	0	0	0	0	0	0	51691	1	10515	0	0	0	0	0	0	51692	1	10515	0	0	0	0	0	0	51693	1	10515	0	0	0	0	0	0	51694	1	10515	0	0	0	0	0	0	0	0	0	0	0	0	0	0	0	50135	1	10515	0	0	0	0	0	0	50136	1	10515	0	0	0	0	0	0	0	0	0	0	0	0	0	0	0	0	0	0	0	0	0	0	0	0	0	0	0	0	0	0	0	0	0	
//	63879	HER-K12(벨트헨)_본섭용	1	0	100	1	2034	1	10515	0	0	0	0	0	0	15024	1	0	0	0	0	0	0	0	15025	1	0	0	0	0	0	0	0	15026	1	0	0	0	0	0	0	0	15027	1	0	0	0	0	0	0	0	3479	1	0	0	0	0	0	0	0	3480	1	0	0	0	0	0	0	0	3481	1	0	0	0	0	0	0	0	3482	1	0	0	0	0	0	0	0	3483	1	0	0	0	0	0	0	0	60837	1	0	0	0	0	0	0	0	3470	1	0	0	0	0	0	0	0	0	0	0	0	0	0	0	0	0	0	0	0	0	0	0	0	0	0	0	0	0	0	0	0	0	0	0	0	0	0	0	0	0	0	0	0	0	0	0	0	0	0	0	0	0	0	0	0	0	0	0	0	0	0	0	0	0	0	0	0	0	0	0	0	0	0	0	0	0	0	0	0	0	0	0	0	0	0	0	0	0	0	0	0	0	0	0	0	0	0	0	0	0	0	0	0	0	0	0	0	0	0	0	0	0	0	0	0	0	0	0	0	0	0	0	0	0	
//	62314	위블상점_에소드_테섭용	1	0	100	0	50599	1	10515	0	0	0	0	0	0	51807	1	10515	0	0	0	0	0	0	51808	1	10515	0	0	0	0	0	0	51809	1	10515	0	0	0	0	0	0	51810	1	10515	0	0	0	0	0	0	51811	1	10515	0	0	0	0	0	0	51812	1	10515	0	0	0	0	0	0	51813	1	10515	0	0	0	0	0	0	51814	1	10515	0	0	0	0	0	0	0	0	0	0	0	0	0	0	0	50325	1	10515	0	0	0	0	0	0	57041	1	10515	0	0	0	0	0	0	57042	1	10515	0	0	0	0	0	0	57043	1	10515	0	0	0	0	0	0	57044	1	10515	0	0	0	0	0	0	57045	1	10515	0	0	0	0	0	0	57046	1	10515	0	0	0	0	0	0	57047	1	10515	0	0	0	0	0	0	57048	1	10515	0	0	0	0	0	0	0	0	0	0	0	0	0	0	0	50327	1	10515	0	0	0	0	0	0	50328	1	10515	0	0	0	0	0	0	0	0	0	0	0	0	0	0	0	0	0	0	0	0	0	0	0	0	0	0	0	0	0	0	0	0	0	
//	62314	위블상점_에소드_테섭용	1	0	100	1	2035	1	10515	0	0	0	0	0	0	15028	1	0	0	0	0	0	0	0	15029	1	0	0	0	0	0	0	0	15030	1	0	0	0	0	0	0	0	15031	1	0	0	0	0	0	0	0	3807	1	0	0	0	0	0	0	0	3808	1	0	0	0	0	0	0	0	3809	1	0	0	0	0	0	0	0	3810	1	0	0	0	0	0	0	0	3811	1	0	0	0	0	0	0	0	60838	1	0	0	0	0	0	0	0	3315	1	0	0	0	0	0	0	0	0	0	0	0	0	0	0	0	0	0	0	0	0	0	0	0	0	0	0	0	0	0	0	0	0	0	0	0	0	0	0	0	0	0	0	0	0	0	0	0	0	0	0	0	0	0	0	0	0	0	0	0	0	0	0	0	0	0	0	0	0	0	0	0	0	0	0	0	0	0	0	0	0	0	0	0	0	0	0	0	0	0	0	0	0	0	0	0	0	0	0	0	0	0	0	0	0	0	0	0	0	0	0	0	0	0	0	0	0	0	0	0	0	0	0	0	0	
//	63866	우도(에소드)	1	0	100	0	4403	1	0	0	0	0	0	0	0	4425	1	0	0	0	0	0	0	0	7253	1	0	0	0	0	0	0	0	63000	1	0	0	0	0	0	0	0	63002	1	0	0	0	0	0	0	0	61220	1	0	0	0	0	0	0	0	61226	1	0	0	0	0	0	0	0	61232	1	0	0	0	0	0	0	0	61238	1	0	0	0	0	0	0	0	61244	1	0	0	0	0	0	0	0	61200	1	0	0	0	0	0	0	0	61209	1	0	0	0	0	0	0	0	49160	1	0	0	0	0	0	0	0	49159	1	0	0	0	0	0	0	0	49158	1	0	0	0	0	0	0	0	3464	1	0	0	0	0	0	0	0	3465	1	0	0	0	0	0	0	0	3466	1	0	0	0	0	0	0	0	3467	1	0	0	0	0	0	0	0	3468	1	0	0	0	0	0	0	0	3123	1	0	0	0	0	0	0	0	3124	1	0	0	0	0	0	0	0	40574	1	0	0	0	0	0	0	0	40575	1	0	0	0	0	0	0	0	41410	1	0	0	0	0	0	0	0	
//	63866	우도(에소드)	1	0	100	1	63168	1	0	0	0	0	0	0	0	7120	1	0	0	0	0	0	0	0	3302	1	0	0	0	0	0	0	0	63024	1	0	0	0	0	0	0	0	62010	1	0	0	0	0	0	0	0	62011	1	0	0	0	0	0	0	0	65008	1	0	0	0	0	0	0	0	63003	1	0	0	0	0	0	0	0	65113	1	0	0	0	0	0	0	0	60094	1	0	0	0	0	0	0	0	7549	1	0	0	0	0	0	0	0	7548	1	0	0	0	0	0	0	0	65003	1	0	0	0	0	0	0	0	5285	1	0	0	0	0	0	0	0	60092	1	0	0	0	0	0	0	180	60282	1	0	0	0	0	0	0	1440	60283	1	0	0	0	0	0	0	1440	60284	1	0	0	0	0	0	0	1440	60205	1	0	0	0	0	0	0	1440	60297	1	0	0	0	0	0	0	1440	6855	1	0	0	0	0	0	0	0	63483	1	0	0	0	0	0	0	0	63486	1	0	0	0	0	0	0	0	63492	1	0	0	0	0	0	0	0	63495	1	0	0	0	0	0	0	0	
//	63866	우도(에소드)	1	0	100	2	4019	1	0	0	0	0	0	0	0	4024	1	0	0	0	0	0	0	0	4029	1	0	0	0	0	0	0	0	4038	1	0	0	0	0	0	0	0	4044	1	0	0	0	0	0	0	0	4132	1	0	0	0	0	0	0	0	5201	1	0	0	0	0	0	0	0	4048	1	0	0	0	0	0	0	0	0	0	0	0	0	0	0	0	0	0	0	0	0	0	0	0	0	0	0	0	0	0	0	0	0	0	0	0	0	0	0	0	0	0	0	0	0	0	0	0	0	0	0	0	0	0	0	0	0	0	0	0	0	0	0	0	0	0	0	0	0	0	0	0	0	0	0	0	0	0	0	0	0	0	0	0	0	0	0	0	0	0	0	0	0	0	0	0	0	0	0	0	0	0	0	0	0	0	0	0	0	0	0	0	0	0	0	0	0	0	0	0	0	0	0	0	0	0	0	0	0	0	0	0	0	0	0	0	0	0	0	0	0	0	0	0	0	0	0	0	0	0	0	0	0	0	0	0	0	0	0	0	0	
//	테섭용상인_올드에스마라마을상인														0									0									0									0									0									0									0									0									0									0									0									0									0									0									0									0									0									0									0									0									0									0									0									0									0	
//	4501	안나(잡화상인)_테섭용	1	0	100	0	4403	1	0	0	0	0	0	0	0	4425	1	0	0	0	0	0	0	0	7253	1	0	0	0	0	0	0	0	63000	1	0	0	0	0	0	0	0	63002	1	0	0	0	0	0	0	0	61220	1	0	0	0	0	0	0	0	61226	1	0	0	0	0	0	0	0	61232	1	0	0	0	0	0	0	0	61238	1	0	0	0	0	0	0	0	61244	1	0	0	0	0	0	0	0	61200	1	0	0	0	0	0	0	0	61209	1	0	0	0	0	0	0	0	49160	1	0	0	0	0	0	0	0	49159	1	0	0	0	0	0	0	0	49158	1	0	0	0	0	0	0	0	3464	1	0	0	0	0	0	0	0	3465	1	0	0	0	0	0	0	0	3466	1	0	0	0	0	0	0	0	3467	1	0	0	0	0	0	0	0	3468	1	0	0	0	0	0	0	0	3123	1	0	0	0	0	0	0	0	3124	1	0	0	0	0	0	0	0	40574	1	0	0	0	0	0	0	0	40575	1	0	0	0	0	0	0	0	41410	1	0	0	0	0	0	0	0	
//	4501	안나(잡화상인)_테섭용	1	0	100	1	63168	1	0	0	0	0	0	0	0	7120	1	0	0	0	0	0	0	0	3302	1	0	0	0	0	0	0	0	63024	1	0	0	0	0	0	0	0	62010	1	0	0	0	0	0	0	0	62011	1	0	0	0	0	0	0	0	65008	1	0	0	0	0	0	0	0	63003	1	0	0	0	0	0	0	0	65113	1	0	0	0	0	0	0	0	60094	1	0	0	0	0	0	0	0	7549	1	0	0	0	0	0	0	0	7548	1	0	0	0	0	0	0	0	65003	1	0	0	0	0	0	0	0	5285	1	0	0	0	0	0	0	0	60092	1	0	0	0	0	0	0	180	60282	1	0	0	0	0	0	0	1440	60283	1	0	0	0	0	0	0	1440	60284	1	0	0	0	0	0	0	1440	60205	1	0	0	0	0	0	0	1440	60297	1	0	0	0	0	0	0	1440	6855	1	0	0	0	0	0	0	0	63483	1	0	0	0	0	0	0	0	63486	1	0	0	0	0	0	0	0	63492	1	0	0	0	0	0	0	0	63495	1	0	0	0	0	0	0	0	
//	4501	안나(잡화상인)_테섭용	1	0	100	2	4019	1	0	0	0	0	0	0	0	4024	1	0	0	0	0	0	0	0	4029	1	0	0	0	0	0	0	0	4038	1	0	0	0	0	0	0	0	4044	1	0	0	0	0	0	0	0	4132	1	0	0	0	0	0	0	0	5201	1	0	0	0	0	0	0	0	4048	1	0	0	0	0	0	0	0	0	0	0	0	0	0	0	0	0	0	0	0	0	0	0	0	0	0	0	0	0	0	0	0	0	0	0	0	0	0	0	0	0	0	0	0	0	0	0	0	0	0	0	0	0	0	0	0	0	0	0	0	0	0	0	0	0	0	0	0	0	0	0	0	0	0	0	0	0	0	0	0	0	0	0	0	0	0	0	0	0	0	0	0	0	0	0	0	0	0	0	0	0	0	0	0	0	0	0	0	0	0	0	0	0	0	0	0	0	0	0	0	0	0	0	0	0	0	0	0	0	0	0	0	0	0	0	0	0	0	0	0	0	0	0	0	0	0	0	0	0	0	0	0	0	0	0	0	0	0	0	0	0	
//	4502	사라엘(엘리멘탈리스트상점)_테섭용	1	0	100	0	50579	1	10515	0	0	0	0	0	0	50580	1	10515	0	0	0	0	0	0	51775	1	10515	0	0	0	0	0	0	51776	1	10515	0	0	0	0	0	0	51777	1	10515	0	0	0	0	0	0	51778	1	10515	0	0	0	0	0	0	51779	1	10515	0	0	0	0	0	0	51780	1	10515	0	0	0	0	0	0	51781	1	10515	0	0	0	0	0	0	51782	1	10515	0	0	0	0	0	0	50098	1	10515	0	0	0	0	0	0	50099	1	10515	0	0	0	0	0	0	51519	1	10515	0	0	0	0	0	0	51520	1	10515	0	0	0	0	0	0	51521	1	10515	0	0	0	0	0	0	51522	1	10515	0	0	0	0	0	0	51523	1	10515	0	0	0	0	0	0	51524	1	10515	0	0	0	0	0	0	51525	1	10515	0	0	0	0	0	0	51526	1	10515	0	0	0	0	0	0	50112	1	10515	0	0	0	0	0	0	50114	1	10515	0	0	0	0	0	0	50113	1	10515	0	0	0	0	0	0	50115	1	10515	0	0	0	0	0	0	0	0	0	0	0	0	0	0	0	
//	4502	사라엘(엘리멘탈리스트상점)_테섭용	1	0	100	1	2031	1	10515	0	0	0	0	0	0	15012	1	0	0	0	0	0	0	0	15013	1	0	0	0	0	0	0	0	15014	1	0	0	0	0	0	0	0	15015	1	0	0	0	0	0	0	0	3280	1	0	0	0	0	0	0	0	3281	1	0	0	0	0	0	0	0	3282	1	0	0	0	0	0	0	0	3283	1	0	0	0	0	0	0	0	3284	1	0	0	0	0	0	0	0	60834	1	0	0	0	0	0	0	0	60842	1	0	0	0	0	0	0	0	3121	1	0	0	0	0	0	0	0	0	0	0	0	0	0	0	0	0	0	0	0	0	0	0	0	0	0	0	0	0	0	0	0	0	0	0	0	0	0	0	0	0	0	0	0	0	0	0	0	0	0	0	0	0	0	0	0	0	0	0	0	0	0	0	0	0	0	0	0	0	0	0	0	0	0	0	0	0	0	0	0	0	0	0	0	0	0	0	0	0	0	0	0	0	0	0	0	0	0	0	0	0	0	0	0	0	0	0	0	0	0	0	0	0	0	0	0	
//	4503	불로(버서커상점)_테섭용	1	0	100	0	50573	1	10515	0	0	0	0	0	0	50574	1	10515	0	0	0	0	0	0	51751	1	10515	0	0	0	0	0	0	51752	1	10515	0	0	0	0	0	0	51753	1	10515	0	0	0	0	0	0	51754	1	10515	0	0	0	0	0	0	51755	1	10515	0	0	0	0	0	0	51756	1	10515	0	0	0	0	0	0	51757	1	10515	0	0	0	0	0	0	51758	1	10515	0	0	0	0	0	0	50092	1	10515	0	0	0	0	0	0	50093	1	10515	0	0	0	0	0	0	51503	1	10515	0	0	0	0	0	0	51504	1	10515	0	0	0	0	0	0	51505	1	10515	0	0	0	0	0	0	51506	1	10515	0	0	0	0	0	0	51507	1	10515	0	0	0	0	0	0	51508	1	10515	0	0	0	0	0	0	51509	1	10515	0	0	0	0	0	0	51510	1	10515	0	0	0	0	0	0	50100	1	10515	0	0	0	0	0	0	50102	1	10515	0	0	0	0	0	0	50101	1	10515	0	0	0	0	0	0	50103	1	10515	0	0	0	0	0	0	0	0	0	0	0	0	0	0	0	
//	4503	불로(버서커상점)_테섭용	1	0	100	1	2028	1	10515	0	0	0	0	0	0	15000	1	0	0	0	0	0	0	0	15001	1	0	0	0	0	0	0	0	15002	1	0	0	0	0	0	0	0	15003	1	0	0	0	0	0	0	0	3265	1	0	0	0	0	0	0	0	3266	1	0	0	0	0	0	0	0	3267	1	0	0	0	0	0	0	0	3268	1	0	0	0	0	0	0	0	3269	1	0	0	0	0	0	0	0	60831	1	0	0	0	0	0	0	0	60839	1	0	0	0	0	0	0	0	3118	1	0	0	0	0	0	0	0	0	0	0	0	0	0	0	0	0	0	0	0	0	0	0	0	0	0	0	0	0	0	0	0	0	0	0	0	0	0	0	0	0	0	0	0	0	0	0	0	0	0	0	0	0	0	0	0	0	0	0	0	0	0	0	0	0	0	0	0	0	0	0	0	0	0	0	0	0	0	0	0	0	0	0	0	0	0	0	0	0	0	0	0	0	0	0	0	0	0	0	0	0	0	0	0	0	0	0	0	0	0	0	0	0	0	0	0	
//	4504	티앙(드래곤나이트상점)_테섭용	1	0	100	0	50575	1	10515	0	0	0	0	0	0	50576	1	10515	0	0	0	0	0	0	51759	1	10515	0	0	0	0	0	0	51760	1	10515	0	0	0	0	0	0	51761	1	10515	0	0	0	0	0	0	51762	1	10515	0	0	0	0	0	0	51763	1	10515	0	0	0	0	0	0	51764	1	10515	0	0	0	0	0	0	51765	1	10515	0	0	0	0	0	0	51766	1	10515	0	0	0	0	0	0	50094	1	10515	0	0	0	0	0	0	50095	1	10515	0	0	0	0	0	0	51511	1	10515	0	0	0	0	0	0	51512	1	10515	0	0	0	0	0	0	51513	1	10515	0	0	0	0	0	0	51514	1	10515	0	0	0	0	0	0	51515	1	10515	0	0	0	0	0	0	51516	1	10515	0	0	0	0	0	0	51517	1	10515	0	0	0	0	0	0	51518	1	10515	0	0	0	0	0	0	50104	1	10515	0	0	0	0	0	0	50106	1	10515	0	0	0	0	0	0	50105	1	10515	0	0	0	0	0	0	50107	1	10515	0	0	0	0	0	0	0	0	0	0	0	0	0	0	0	
//	4504	티앙(드래곤나이트상점)_테섭용	1	0	100	1	2029	1	10515	0	0	0	0	0	0	15004	1	0	0	0	0	0	0	0	15005	1	0	0	0	0	0	0	0	15006	1	0	0	0	0	0	0	0	15007	1	0	0	0	0	0	0	0	3270	1	0	0	0	0	0	0	0	3271	1	0	0	0	0	0	0	0	3272	1	0	0	0	0	0	0	0	3273	1	0	0	0	0	0	0	0	3274	1	0	0	0	0	0	0	0	60832	1	0	0	0	0	0	0	0	60840	1	0	0	0	0	0	0	0	3119	1	0	0	0	0	0	0	0	0	0	0	0	0	0	0	0	0	0	0	0	0	0	0	0	0	0	0	0	0	0	0	0	0	0	0	0	0	0	0	0	0	0	0	0	0	0	0	0	0	0	0	0	0	0	0	0	0	0	0	0	0	0	0	0	0	0	0	0	0	0	0	0	0	0	0	0	0	0	0	0	0	0	0	0	0	0	0	0	0	0	0	0	0	0	0	0	0	0	0	0	0	0	0	0	0	0	0	0	0	0	0	0	0	0	0	0	
//	4505	루시아(발키리상점)_테섭용	1	0	100	0	50577	1	10515	0	0	0	0	0	0	50578	1	10515	0	0	0	0	0	0	51767	1	10515	0	0	0	0	0	0	51768	1	10515	0	0	0	0	0	0	51769	1	10515	0	0	0	0	0	0	51770	1	10515	0	0	0	0	0	0	51771	1	10515	0	0	0	0	0	0	51772	1	10515	0	0	0	0	0	0	51773	1	10515	0	0	0	0	0	0	51774	1	10515	0	0	0	0	0	0	50096	1	10515	0	0	0	0	0	0	50097	1	10515	0	0	0	0	0	0	51527	1	10515	0	0	0	0	0	0	51528	1	10515	0	0	0	0	0	0	51529	1	10515	0	0	0	0	0	0	51530	1	10515	0	0	0	0	0	0	51531	1	10515	0	0	0	0	0	0	51532	1	10515	0	0	0	0	0	0	51533	1	10515	0	0	0	0	0	0	51534	1	10515	0	0	0	0	0	0	50108	1	10515	0	0	0	0	0	0	50110	1	10515	0	0	0	0	0	0	50109	1	10515	0	0	0	0	0	0	50111	1	10515	0	0	0	0	0	0	0	0	0	0	0	0	0	0	0	
//	4505	루시아(발키리상점)_테섭용	1	0	100	1	2030	1	10515	0	0	0	0	0	0	15008	1	0	0	0	0	0	0	0	15009	1	0	0	0	0	0	0	0	15010	1	0	0	0	0	0	0	0	15011	1	0	0	0	0	0	0	0	3275	1	0	0	0	0	0	0	0	3276	1	0	0	0	0	0	0	0	3277	1	0	0	0	0	0	0	0	3278	1	0	0	0	0	0	0	0	3279	1	0	0	0	0	0	0	0	60833	1	0	0	0	0	0	0	0	60841	1	0	0	0	0	0	0	0	3120	1	0	0	0	0	0	0	0	0	0	0	0	0	0	0	0	0	0	0	0	0	0	0	0	0	0	0	0	0	0	0	0	0	0	0	0	0	0	0	0	0	0	0	0	0	0	0	0	0	0	0	0	0	0	0	0	0	0	0	0	0	0	0	0	0	0	0	0	0	0	0	0	0	0	0	0	0	0	0	0	0	0	0	0	0	0	0	0	0	0	0	0	0	0	0	0	0	0	0	0	0	0	0	0	0	0	0	0	0	0	0	0	0	0	0	0	
//	4506	칼츠(쉐도우상점)_테섭용	1	0	100	0	50581	1	10515	0	0	0	0	0	0	50582	1	10515	0	0	0	0	0	0	51783	1	10515	0	0	0	0	0	0	51784	1	10515	0	0	0	0	0	0	51785	1	10515	0	0	0	0	0	0	51786	1	10515	0	0	0	0	0	0	51787	1	10515	0	0	0	0	0	0	51788	1	10515	0	0	0	0	0	0	51789	1	10515	0	0	0	0	0	0	51790	1	10515	0	0	0	0	0	0	50124	1	10515	0	0	0	0	0	0	50125	1	10515	0	0	0	0	0	0	51535	1	10515	0	0	0	0	0	0	51536	1	10515	0	0	0	0	0	0	51537	1	10515	0	0	0	0	0	0	51538	1	10515	0	0	0	0	0	0	51539	1	10515	0	0	0	0	0	0	51540	1	10515	0	0	0	0	0	0	51541	1	10515	0	0	0	0	0	0	51542	1	10515	0	0	0	0	0	0	50116	1	10515	0	0	0	0	0	0	50118	1	10515	0	0	0	0	0	0	50250	1	10515	0	0	0	0	0	0	50119	1	10515	0	0	0	0	0	0	0	0	0	0	0	0	0	0	0	
//	4506	칼츠(쉐도우상점)_테섭용	1	0	100	1	2032	1	10515	0	0	0	0	0	0	15016	1	0	0	0	0	0	0	0	15017	1	0	0	0	0	0	0	0	15018	1	0	0	0	0	0	0	0	15019	1	0	0	0	0	0	0	0	3285	1	0	0	0	0	0	0	0	3286	1	0	0	0	0	0	0	0	3287	1	0	0	0	0	0	0	0	3288	1	0	0	0	0	0	0	0	3289	1	0	0	0	0	0	0	0	60835	1	0	0	0	0	0	0	0	60843	1	0	0	0	0	0	0	0	3122	1	0	0	0	0	0	0	0	0	0	0	0	0	0	0	0	0	0	0	0	0	0	0	0	0	0	0	0	0	0	0	0	0	0	0	0	0	0	0	0	0	0	0	0	0	0	0	0	0	0	0	0	0	0	0	0	0	0	0	0	0	0	0	0	0	0	0	0	0	0	0	0	0	0	0	0	0	0	0	0	0	0	0	0	0	0	0	0	0	0	0	0	0	0	0	0	0	0	0	0	0	0	0	0	0	0	0	0	0	0	0	0	0	0	0	0	
//	4514	HER-AK9(헬로이드상점)_테섭용	1	0	100	0	50585	1	10515	0	0	0	0	0	0	51799	1	10515	0	0	0	0	0	0	51800	1	10515	0	0	0	0	0	0	51801	1	10515	0	0	0	0	0	0	51802	1	10515	0	0	0	0	0	0	51803	1	10515	0	0	0	0	0	0	51804	1	10515	0	0	0	0	0	0	51805	1	10515	0	0	0	0	0	0	51806	1	10515	0	0	0	0	0	0	0	0	0	0	0	0	0	0	0	50133	1	10515	0	0	0	0	0	0	51687	1	10515	0	0	0	0	0	0	51688	1	10515	0	0	0	0	0	0	51689	1	10515	0	0	0	0	0	0	51690	1	10515	0	0	0	0	0	0	51691	1	10515	0	0	0	0	0	0	51692	1	10515	0	0	0	0	0	0	51693	1	10515	0	0	0	0	0	0	51694	1	10515	0	0	0	0	0	0	0	0	0	0	0	0	0	0	0	50135	1	10515	0	0	0	0	0	0	50136	1	10515	0	0	0	0	0	0	0	0	0	0	0	0	0	0	0	0	0	0	0	0	0	0	0	0	0	0	0	0	0	0	0	0	0	
//	4514	HER-AK9(헬로이드상점)_테섭용	1	0	100	1	2034	1	10515	0	0	0	0	0	0	15024	1	0	0	0	0	0	0	0	15025	1	0	0	0	0	0	0	0	15026	1	0	0	0	0	0	0	0	15027	1	0	0	0	0	0	0	0	3479	1	0	0	0	0	0	0	0	3480	1	0	0	0	0	0	0	0	3481	1	0	0	0	0	0	0	0	3482	1	0	0	0	0	0	0	0	3483	1	0	0	0	0	0	0	0	60837	1	0	0	0	0	0	0	0	3470	1	0	0	0	0	0	0	0	0	0	0	0	0	0	0	0	0	0	0	0	0	0	0	0	0	0	0	0	0	0	0	0	0	0	0	0	0	0	0	0	0	0	0	0	0	0	0	0	0	0	0	0	0	0	0	0	0	0	0	0	0	0	0	0	0	0	0	0	0	0	0	0	0	0	0	0	0	0	0	0	0	0	0	0	0	0	0	0	0	0	0	0	0	0	0	0	0	0	0	0	0	0	0	0	0	0	0	0	0	0	0	0	0	0	0	0	0	0	0	0	0	0	0	0	0	
//	4515	세리아(미스틱상점)_테섭용	1	0	100	0	50583	1	10515	0	0	0	0	0	0	50584	1	10515	0	0	0	0	0	0	51791	1	10515	0	0	0	0	0	0	51792	1	10515	0	0	0	0	0	0	51793	1	10515	0	0	0	0	0	0	51794	1	10515	0	0	0	0	0	0	51795	1	10515	0	0	0	0	0	0	51796	1	10515	0	0	0	0	0	0	51797	1	10515	0	0	0	0	0	0	51798	1	10515	0	0	0	0	0	0	50126	1	10515	0	0	0	0	0	0	50127	1	10515	0	0	0	0	0	0	51543	1	10515	0	0	0	0	0	0	51544	1	10515	0	0	0	0	0	0	51545	1	10515	0	0	0	0	0	0	51546	1	10515	0	0	0	0	0	0	51547	1	10515	0	0	0	0	0	0	51548	1	10515	0	0	0	0	0	0	51549	1	10515	0	0	0	0	0	0	51550	1	10515	0	0	0	0	0	0	50120	1	10515	0	0	0	0	0	0	50122	1	10515	0	0	0	0	0	0	50121	1	10515	0	0	0	0	0	0	50123	1	10515	0	0	0	0	0	0	0	0	0	0	0	0	0	0	0	
//	4515	세리아(미스틱상점)_테섭용	1	0	100	1	2033	1	10515	0	0	0	0	0	0	15020	1	0	0	0	0	0	0	0	15021	1	0	0	0	0	0	0	0	15022	1	0	0	0	0	0	0	0	15023	1	0	0	0	0	0	0	0	3290	1	0	0	0	0	0	0	0	3291	1	0	0	0	0	0	0	0	3292	1	0	0	0	0	0	0	0	3293	1	0	0	0	0	0	0	0	3294	1	0	0	0	0	0	0	0	60836	1	0	0	0	0	0	0	0	3231	1	0	0	0	0	0	0	0	0	0	0	0	0	0	0	0	0	0	0	0	0	0	0	0	0	0	0	0	0	0	0	0	0	0	0	0	0	0	0	0	0	0	0	0	0	0	0	0	0	0	0	0	0	0	0	0	0	0	0	0	0	0	0	0	0	0	0	0	0	0	0	0	0	0	0	0	0	0	0	0	0	0	0	0	0	0	0	0	0	0	0	0	0	0	0	0	0	0	0	0	0	0	0	0	0	0	0	0	0	0	0	0	0	0	0	0	0	0	0	0	0	0	0	0	0	
//	62313	위블상인_에스마라_테섭용	1	0	100	0	50599	1	10515	0	0	0	0	0	0	51807	1	10515	0	0	0	0	0	0	51808	1	10515	0	0	0	0	0	0	51809	1	10515	0	0	0	0	0	0	51810	1	10515	0	0	0	0	0	0	51811	1	10515	0	0	0	0	0	0	51812	1	10515	0	0	0	0	0	0	51813	1	10515	0	0	0	0	0	0	51814	1	10515	0	0	0	0	0	0	0	0	0	0	0	0	0	0	0	50325	1	10515	0	0	0	0	0	0	57041	1	10515	0	0	0	0	0	0	57042	1	10515	0	0	0	0	0	0	57043	1	10515	0	0	0	0	0	0	57044	1	10515	0	0	0	0	0	0	57045	1	10515	0	0	0	0	0	0	57046	1	10515	0	0	0	0	0	0	57047	1	10515	0	0	0	0	0	0	57048	1	10515	0	0	0	0	0	0	0	0	0	0	0	0	0	0	0	50327	1	10515	0	0	0	0	0	0	50328	1	10515	0	0	0	0	0	0	0	0	0	0	0	0	0	0	0	0	0	0	0	0	0	0	0	0	0	0	0	0	0	0	0	0	0	
//	62313	위블상인_에스마라_테섭용	1	0	100	1	2035	1	10515	0	0	0	0	0	0	15028	1	0	0	0	0	0	0	0	15029	1	0	0	0	0	0	0	0	15030	1	0	0	0	0	0	0	0	15031	1	0	0	0	0	0	0	0	3807	1	0	0	0	0	0	0	0	3808	1	0	0	0	0	0	0	0	3809	1	0	0	0	0	0	0	0	3810	1	0	0	0	0	0	0	0	3811	1	0	0	0	0	0	0	0	60838	1	0	0	0	0	0	0	0	3315	1	0	0	0	0	0	0	0	0	0	0	0	0	0	0	0	0	0	0	0	0	0	0	0	0	0	0	0	0	0	0	0	0	0	0	0	0	0	0	0	0	0	0	0	0	0	0	0	0	0	0	0	0	0	0	0	0	0	0	0	0	0	0	0	0	0	0	0	0	0	0	0	0	0	0	0	0	0	0	0	0	0	0	0	0	0	0	0	0	0	0	0	0	0	0	0	0	0	0	0	0	0	0	0	0	0	0	0	0	0	0	0	0	0	0	0	0	0	0	0	0	0	0	0	0	
	64192	산타상인_벨트헨	2	5101	0	0	9042	1	0	3	0	0	0	0	0	5118	1	0	1	0	0	0	0	0	5119	1	0	1	0	0	0	0	0	7246	1	0	8	0	0	0	0	0	7250	1	0	8	0	0	0	0	0	4017	1	0	10	0	0	0	0	0	4022	1	0	10	0	0	0	0	0	4027	1	0	10	0	0	0	0	0	4036	1	0	10	0	0	0	0	0	4041	1	0	10	0	0	0	0	0	5112	1	0	10	0	0	0	0	0	5113	1	0	20	0	0	0	0	0	41142	1	0	3	0	0	0	0	0	41143	1	0	10	0	0	0	0	0	0	0	0	0	0	0	0	0	0	3506	1	0	120	0	0	0	0	0	3505	1	0	120	0	0	0	0	0	40260	1	0	180	0	0	0	0	0	0	0	0	0	0	0	0	0	0	0	0	0	0	0	0	0	0	0	5103	1	0	80	0	0	0	0	0	5104	1	0	150	0	0	0	0	0	5105	1	0	300	0	0	0	0	0	0	0	0	0	0	0	0	0	0	0	0	0	0	0	0	0	0	0	
	64192	산타상인_벨트헨	2	5101	0	1	5106	1	0	10	0	0	0	0	0	5107	1	0	10	0	0	0	0	0	5108	1	0	10	0	0	0	0	0	5109	1	0	10	0	0	0	0	0	5110	1	0	10	0	0	0	0	0	5111	1	0	10	0	0	0	0	0	6633	1	0	15	0	0	0	0	0	0	0	0	0	0	0	0	0	0	0	0	0	0	0	0	0	0	0	0	0	0	0	0	0	0	0	0	0	0	0	0	0	0	0	0	0	0	0	0	0	0	0	0	0	0	0	0	0	0	0	0	0	0	0	0	0	0	0	0	0	0	0	0	0	0	0	0	0	0	0	0	0	0	0	0	0	0	0	0	0	0	0	0	0	0	0	0	0	0	0	0	0	0	0	0	0	0	0	0	0	0	0	0	0	0	0	0	0	0	0	0	0	0	0	0	0	0	0	0	0	0	0	0	0	0	0	0	0	0	0	0	0	0	0	0	0	0	0	0	0	0	0	0	0	0	0	0	0	0	0	0	0	0	0	0	0	0	0	0	0	0	0	
	64194	산타상인_트링겔	2	5101	0	0	9042	1	0	3	0	0	0	0	0	5118	1	0	1	0	0	0	0	0	5119	1	0	1	0	0	0	0	0	7246	1	0	8	0	0	0	0	0	7250	1	0	8	0	0	0	0	0	4017	1	0	10	0	0	0	0	0	4022	1	0	10	0	0	0	0	0	4027	1	0	10	0	0	0	0	0	4036	1	0	10	0	0	0	0	0	4041	1	0	10	0	0	0	0	0	5112	1	0	10	0	0	0	0	0	5113	1	0	20	0	0	0	0	0	41142	1	0	3	0	0	0	0	0	41143	1	0	10	0	0	0	0	0	0	0	0	0	0	0	0	0	0	3506	1	0	120	0	0	0	0	0	3505	1	0	120	0	0	0	0	0	40260	1	0	180	0	0	0	0	0	0	0	0	0	0	0	0	0	0	0	0	0	0	0	0	0	0	0	5103	1	0	80	0	0	0	0	0	5104	1	0	150	0	0	0	0	0	5105	1	0	300	0	0	0	0	0	0	0	0	0	0	0	0	0	0	0	0	0	0	0	0	0	0	0	
	64194	산타상인_트링겔	2	5101	0	1	5106	1	0	10	0	0	0	0	0	5107	1	0	10	0	0	0	0	0	5108	1	0	10	0	0	0	0	0	5109	1	0	10	0	0	0	0	0	5110	1	0	10	0	0	0	0	0	5111	1	0	10	0	0	0	0	0	6633	1	0	15	0	0	0	0	0	0	0	0	0	0	0	0	0	0	0	0	0	0	0	0	0	0	0	0	0	0	0	0	0	0	0	0	0	0	0	0	0	0	0	0	0	0	0	0	0	0	0	0	0	0	0	0	0	0	0	0	0	0	0	0	0	0	0	0	0	0	0	0	0	0	0	0	0	0	0	0	0	0	0	0	0	0	0	0	0	0	0	0	0	0	0	0	0	0	0	0	0	0	0	0	0	0	0	0	0	0	0	0	0	0	0	0	0	0	0	0	0	0	0	0	0	0	0	0	0	0	0	0	0	0	0	0	0	0	0	0	0	0	0	0	0	0	0	0	0	0	0	0	0	0	0	0	0	0	0	0	0	0	0	0	0	0	0	0	0	0	0	
	64196	산타상인_에텔레인	2	5101	0	0	9042	1	0	3	0	0	0	0	0	5118	1	0	1	0	0	0	0	0	5119	1	0	1	0	0	0	0	0	7246	1	0	8	0	0	0	0	0	7250	1	0	8	0	0	0	0	0	4017	1	0	10	0	0	0	0	0	4022	1	0	10	0	0	0	0	0	4027	1	0	10	0	0	0	0	0	4036	1	0	10	0	0	0	0	0	4041	1	0	10	0	0	0	0	0	5112	1	0	10	0	0	0	0	0	5113	1	0	20	0	0	0	0	0	41142	1	0	3	0	0	0	0	0	41143	1	0	10	0	0	0	0	0	0	0	0	0	0	0	0	0	0	3506	1	0	120	0	0	0	0	0	3505	1	0	120	0	0	0	0	0	40260	1	0	180	0	0	0	0	0	0	0	0	0	0	0	0	0	0	0	0	0	0	0	0	0	0	0	5103	1	0	80	0	0	0	0	0	5104	1	0	150	0	0	0	0	0	5105	1	0	300	0	0	0	0	0	0	0	0	0	0	0	0	0	0	0	0	0	0	0	0	0	0	0	
	64196	산타상인_에텔레인	2	5101	0	1	5106	1	0	10	0	0	0	0	0	5107	1	0	10	0	0	0	0	0	5108	1	0	10	0	0	0	0	0	5109	1	0	10	0	0	0	0	0	5110	1	0	10	0	0	0	0	0	5111	1	0	10	0	0	0	0	0	6633	1	0	15	0	0	0	0	0	0	0	0	0	0	0	0	0	0	0	0	0	0	0	0	0	0	0	0	0	0	0	0	0	0	0	0	0	0	0	0	0	0	0	0	0	0	0	0	0	0	0	0	0	0	0	0	0	0	0	0	0	0	0	0	0	0	0	0	0	0	0	0	0	0	0	0	0	0	0	0	0	0	0	0	0	0	0	0	0	0	0	0	0	0	0	0	0	0	0	0	0	0	0	0	0	0	0	0	0	0	0	0	0	0	0	0	0	0	0	0	0	0	0	0	0	0	0	0	0	0	0	0	0	0	0	0	0	0	0	0	0	0	0	0	0	0	0	0	0	0	0	0	0	0	0	0	0	0	0	0	0	0	0	0	0	0	0	0	0	0	0	
	64198	산타상인_오크라	2	5101	0	0	9042	1	0	3	0	0	0	0	0	5118	1	0	1	0	0	0	0	0	5119	1	0	1	0	0	0	0	0	7246	1	0	8	0	0	0	0	0	7250	1	0	8	0	0	0	0	0	4017	1	0	10	0	0	0	0	0	4022	1	0	10	0	0	0	0	0	4027	1	0	10	0	0	0	0	0	4036	1	0	10	0	0	0	0	0	4041	1	0	10	0	0	0	0	0	5112	1	0	10	0	0	0	0	0	5113	1	0	20	0	0	0	0	0	41142	1	0	3	0	0	0	0	0	41143	1	0	10	0	0	0	0	0	0	0	0	0	0	0	0	0	0	3506	1	0	120	0	0	0	0	0	3505	1	0	120	0	0	0	0	0	40260	1	0	180	0	0	0	0	0	0	0	0	0	0	0	0	0	0	0	0	0	0	0	0	0	0	0	5103	1	0	80	0	0	0	0	0	5104	1	0	150	0	0	0	0	0	5105	1	0	300	0	0	0	0	0	0	0	0	0	0	0	0	0	0	0	0	0	0	0	0	0	0	0	
	64198	산타상인_오크라	2	5101	0	1	5106	1	0	10	0	0	0	0	0	5107	1	0	10	0	0	0	0	0	5108	1	0	10	0	0	0	0	0	5109	1	0	10	0	0	0	0	0	5110	1	0	10	0	0	0	0	0	5111	1	0	10	0	0	0	0	0	6633	1	0	15	0	0	0	0	0	0	0	0	0	0	0	0	0	0	0	0	0	0	0	0	0	0	0	0	0	0	0	0	0	0	0	0	0	0	0	0	0	0	0	0	0	0	0	0	0	0	0	0	0	0	0	0	0	0	0	0	0	0	0	0	0	0	0	0	0	0	0	0	0	0	0	0	0	0	0	0	0	0	0	0	0	0	0	0	0	0	0	0	0	0	0	0	0	0	0	0	0	0	0	0	0	0	0	0	0	0	0	0	0	0	0	0	0	0	0	0	0	0	0	0	0	0	0	0	0	0	0	0	0	0	0	0	0	0	0	0	0	0	0	0	0	0	0	0	0	0	0	0	0	0	0	0	0	0	0	0	0	0	0	0	0	0	0	0	0	0	0	
	64199	출첵상인_벨트헨	2	49656	0	0	49653	1	0	1	0	0	0	0	0	65402	1	0	3	0	0	0	0	0	65402	3	0	7	0	0	0	0	0	49654	1	0	15	0	0	0	0	0	49655	1	0	28	0	0	0	0	0	0	0	0	0	0	0	0	0	0	0	0	0	0	0	0	0	0	0	0	0	0	0	0	0	0	0	0	0	0	0	0	0	0	0	0	0	0	0	0	0	0	0	0	0	0	0	0	0	0	0	0	0	0	0	0	0	0	0	0	0	0	0	0	0	0	0	0	0	0	0	0	0	0	0	0	0	0	0	0	0	0	0	0	0	0	0	0	0	0	0	0	0	0	0	0	0	0	0	0	0	0	0	0	0	0	0	0	0	0	0	0	0	0	0	0	0	0	0	0	0	0	0	0	0	0	0	0	0	0	0	0	0	0	0	0	0	0	0	0	0	0	0	0	0	0	0	0	0	0	0	0	0	0	0	0	0	0	0	0	0	0	0	0	0	0	0	0	0	0	0	0	0	0	0	0	0	0	0	0	0	
//	반짝이는토큰교환원														0									0									0									0									0									0									0									0									0									0									0									0									0									0									0									0									0									0									0									0									0									0									0									0									0	
	62302	반짝이는토큰교환원_벨트헨	4	13	0	0	60388	1	0	35	0	0	0	0	1440	60389	1	0	35	0	0	0	0	1440	60387	1	0	35	0	0	0	0	1440	60390	1	0	30	0	0	0	0	1440	60397	1	0	20	0	0	0	0	180	60375	1	0	55	0	0	0	0	0	60394	1	0	55	0	0	0	0	0	60395	1	0	55	0	0	0	0	0	60396	1	0	55	0	0	0	0	0	0	0	0	0	0	0	0	0	0	63437	1	0	30	0	0	0	0	1440	65086	1	0	120	0	0	0	0	10080	63011	1	0	110	0	0	0	0	10080	60391	1	0	200	0	0	0	0	10080	65400	1	0	150	0	0	0	0	10080	60380	1	0	80	0	0	0	0	0	60381	1	0	25	0	0	0	0	0	60382	1	0	10	0	0	0	0	0	60383	1	0	10	0	0	0	0	0	4985	1	0	20	0	0	0	0	0	60385	1	0	25	0	0	0	0	0	60386	1	0	120	0	0	0	0	0	47027	1	0	1	0	0	0	0	0	47103	1	0	2	0	0	0	0	0	60384	1	0	25	0	0	0	0	0	
	62303	반짝이는토큰교환원_트링겔	4	13	0	0	60388	1	0	35	0	0	0	0	1440	60389	1	0	35	0	0	0	0	1440	60387	1	0	35	0	0	0	0	1440	60390	1	0	30	0	0	0	0	1440	60397	1	0	20	0	0	0	0	180	60375	1	0	55	0	0	0	0	0	60394	1	0	55	0	0	0	0	0	60395	1	0	55	0	0	0	0	0	60396	1	0	55	0	0	0	0	0	0	0	0	0	0	0	0	0	0	63437	1	0	30	0	0	0	0	1440	65086	1	0	120	0	0	0	0	10080	63011	1	0	110	0	0	0	0	10080	60391	1	0	200	0	0	0	0	10080	65400	1	0	150	0	0	0	0	10080	60380	1	0	80	0	0	0	0	0	60381	1	0	25	0	0	0	0	0	60382	1	0	10	0	0	0	0	0	60383	1	0	10	0	0	0	0	0	4985	1	0	20	0	0	0	0	0	60385	1	0	25	0	0	0	0	0	60386	1	0	120	0	0	0	0	0	47027	1	0	1	0	0	0	0	0	47103	1	0	2	0	0	0	0	0	60384	1	0	25	0	0	0	0	0	
	62304	반짝이는토큰교환원_에텔레인	4	13	0	0	60388	1	0	35	0	0	0	0	1440	60389	1	0	35	0	0	0	0	1440	60387	1	0	35	0	0	0	0	1440	60390	1	0	30	0	0	0	0	1440	60397	1	0	20	0	0	0	0	180	60375	1	0	55	0	0	0	0	0	60394	1	0	55	0	0	0	0	0	60395	1	0	55	0	0	0	0	0	60396	1	0	55	0	0	0	0	0	0	0	0	0	0	0	0	0	0	63437	1	0	30	0	0	0	0	1440	65086	1	0	120	0	0	0	0	10080	63011	1	0	110	0	0	0	0	10080	60391	1	0	200	0	0	0	0	10080	65400	1	0	150	0	0	0	0	10080	60380	1	0	80	0	0	0	0	0	60381	1	0	25	0	0	0	0	0	60382	1	0	10	0	0	0	0	0	60383	1	0	10	0	0	0	0	0	4985	1	0	20	0	0	0	0	0	60385	1	0	25	0	0	0	0	0	60386	1	0	120	0	0	0	0	0	47027	1	0	1	0	0	0	0	0	47103	1	0	2	0	0	0	0	0	60384	1	0	25	0	0	0	0	0	
	62305	반짝이는토큰교환원_오크라	4	13	0	0	60388	1	0	35	0	0	0	0	1440	60389	1	0	35	0	0	0	0	1440	60387	1	0	35	0	0	0	0	1440	60390	1	0	30	0	0	0	0	1440	60397	1	0	20	0	0	0	0	180	60375	1	0	55	0	0	0	0	0	60394	1	0	55	0	0	0	0	0	60395	1	0	55	0	0	0	0	0	60396	1	0	55	0	0	0	0	0	0	0	0	0	0	0	0	0	0	63437	1	0	30	0	0	0	0	1440	65086	1	0	120	0	0	0	0	10080	63011	1	0	110	0	0	0	0	10080	60391	1	0	200	0	0	0	0	10080	65400	1	0	150	0	0	0	0	10080	60380	1	0	80	0	0	0	0	0	60381	1	0	25	0	0	0	0	0	60382	1	0	10	0	0	0	0	0	60383	1	0	10	0	0	0	0	0	4985	1	0	20	0	0	0	0	0	60385	1	0	25	0	0	0	0	0	60386	1	0	120	0	0	0	0	0	47027	1	0	1	0	0	0	0	0	47103	1	0	2	0	0	0	0	0	60384	1	0	25	0	0	0	0	0	
	62306	반짝이는토큰교환원_코르토크	4	13	0	0	60388	1	0	35	0	0	0	0	1440	60389	1	0	35	0	0	0	0	1440	60387	1	0	35	0	0	0	0	1440	60390	1	0	30	0	0	0	0	1440	60397	1	0	20	0	0	0	0	180	60375	1	0	55	0	0	0	0	0	60394	1	0	55	0	0	0	0	0	60395	1	0	55	0	0	0	0	0	60396	1	0	55	0	0	0	0	0	0	0	0	0	0	0	0	0	0	63437	1	0	30	0	0	0	0	1440	65086	1	0	120	0	0	0	0	10080	63011	1	0	110	0	0	0	0	10080	60391	1	0	200	0	0	0	0	10080	65400	1	0	150	0	0	0	0	10080	60380	1	0	80	0	0	0	0	0	60381	1	0	25	0	0	0	0	0	60382	1	0	10	0	0	0	0	0	60383	1	0	10	0	0	0	0	0	4985	1	0	20	0	0	0	0	0	60385	1	0	25	0	0	0	0	0	60386	1	0	120	0	0	0	0	0	47027	1	0	1	0	0	0	0	0	47103	1	0	2	0	0	0	0	0	60384	1	0	25	0	0	0	0	0	
//	1403추석토끼상인														0									0									0									0									0									0									0									0									0									0									0									0									0									0									0									0									0									0									0									0									0									0									0									0									0	
//	28403	미식가왕토끼_에텔레인	2	5260	0	0	5266	1	0	60	0	0	0	0	0	5262	1	0	50	0	0	0	0	0	0	0	0	0	0	0	0	0	0	0	0	0	0	0	0	0	0	0	0	0	0	0	0	0	0	0	0	0	0	0	0	0	0	0	0	0	0	0	0	0	0	0	0	0	0	0	0	0	0	0	0	0	0	0	0	0	0	0	0	0	0	0	0	0	0	0	0	0	0	0	0	0	0	0	0	0	0	0	0	0	0	0	0	0	0	0	0	0	0	0	0	0	0	0	0	0	0	0	0	0	0	0	0	0	0	0	0	0	0	0	0	0	0	0	0	0	0	0	0	0	0	0	0	0	0	0	0	0	0	0	0	0	0	0	0	0	0	0	0	0	0	0	0	0	0	0	0	0	0	0	0	0	0	0	0	0	0	0	0	0	0	0	0	0	0	0	0	0	0	0	0	0	0	0	0	0	0	0	0	0	0	0	0	0	0	0	0	0	0	0	0	0	0	0	0	0	0	0	0	0	0	0	0	0	0	0	0	
//	28404	만월의왕토끼_에텔레인	2	5261	0	0	5265	1	0	30	0	0	0	0	0	0	0	0	0	0	0	0	0	0	0	0	0	0	0	0	0	0	0	0	0	0	0	0	0	0	0	0	0	0	0	0	0	0	0	0	0	0	0	0	0	0	0	0	0	0	0	0	0	0	0	0	0	0	0	0	0	0	0	0	0	0	0	0	0	0	0	0	0	0	0	0	0	0	0	0	0	0	0	0	0	0	0	0	0	0	0	0	0	0	0	0	0	0	0	0	0	0	0	0	0	0	0	0	0	0	0	0	0	0	0	0	0	0	0	0	0	0	0	0	0	0	0	0	0	0	0	0	0	0	0	0	0	0	0	0	0	0	0	0	0	0	0	0	0	0	0	0	0	0	0	0	0	0	0	0	0	0	0	0	0	0	0	0	0	0	0	0	0	0	0	0	0	0	0	0	0	0	0	0	0	0	0	0	0	0	0	0	0	0	0	0	0	0	0	0	0	0	0	0	0	0	0	0	0	0	0	0	0	0	0	0	0	0	0	0	0	
//	에테르안개고개수리상인														0									0									0									0									0									0									0									0									0									0									0									0									0									0									0									0									0									0									0									0									0									0									0									0									0	
	60134	요리사쿠시나	1	0	100	0	0	0	0	0	0	0	0	0	0	0	0	0	0	0	0	0	0	0	0	0	0	0	0	0	0	0	0	0	0	0	0	0	0	0	0	0	0	0	0	0	0	0	0	0	0	0	0	0	0	0	0	0	0	0	0	0	0	0	0	0	0	0	0	0	0	0	0	0	0	0	0	0	0	0	0	0	0	0	0	0	0	0	0	0	0	0	0	0	0	0	0	0	0	0	0	0	0	0	0	0	0	0	0	0	0	0	0	0	0	0	0	0	0	0	0	0	0	0	0	0	0	0	0	0	0	0	0	0	0	0	0	0	0	0	0	0	0	0	0	0	0	0	0	0	0	0	0	0	0	0	0	0	0	0	0	0	0	0	0	0	0	0	0	0	0	0	0	0	0	0	0	0	0	0	0	0	0	0	0	0	0	0	0	0	0	0	0	0	0	0	0	0	0	0	0	0	0	0	0	0	0	0	0	0	0	0	0	0	0	0	0	0	0	0	0	0	0	0	0	0	0	0	0	0	0	
//	온천상인														0									0									0									0									0									0									0									0									0									0									0									0									0									0									0									0									0									0									0									0									0									0									0									0									0	
	28488	무스(입장권판매인)	1	0	100	0	7260	1	0	0	0	0	0	0	0	7261	1	0	0	0	0	0	0	0	7262	1	0	0	0	0	0	0	0	7263	1	0	0	0	0	0	0	0	7264	1	0	0	0	0	0	0	0	0	0	0	0	0	0	0	0	0	0	0	0	0	0	0	0	0	0	0	0	0	0	0	0	0	0	0	0	0	0	0	0	0	0	0	0	0	0	0	0	0	0	0	0	0	0	0	0	0	0	0	0	0	0	0	0	0	0	0	0	0	0	0	0	0	0	0	0	0	0	0	0	0	0	0	0	0	0	0	0	0	0	0	0	0	0	0	0	0	0	0	0	0	0	0	0	0	0	0	0	0	0	0	0	0	0	0	0	0	0	0	0	0	0	0	0	0	0	0	0	0	0	0	0	0	0	0	0	0	0	0	0	0	0	0	0	0	0	0	0	0	0	0	0	0	0	0	0	0	0	0	0	0	0	0	0	0	0	0	0	0	0	0	0	0	0	0	0	0	0	0	0	0	0	0	0	0	0	0	0	
	28489	아야(온천잡화상점)	1	0	100	0	7301	1	0	0	0	0	0	0	0	7302	1	0	0	0	0	0	0	0	7303	1	0	0	0	0	0	0	0	7304	1	0	0	0	0	0	0	0	7305	1	0	0	0	0	0	0	0	7306	1	0	0	0	0	0	0	0	7307	1	0	0	0	0	0	0	0	7308	1	0	0	0	0	0	0	0	7309	1	0	0	0	0	0	0	0	7310	1	0	0	0	0	0	0	0	0	0	0	0	0	0	0	0	0	0	0	0	0	0	0	0	0	0	0	0	0	0	0	0	0	0	0	0	0	0	0	0	0	0	0	0	0	0	0	0	0	0	0	0	0	0	0	0	0	0	0	0	0	0	0	0	0	0	0	0	0	0	0	0	0	0	0	0	0	0	0	0	0	0	0	0	0	0	0	0	0	0	0	0	0	0	0	0	0	0	0	0	0	0	0	0	0	0	0	0	0	0	0	0	0	0	0	0	0	0	0	0	0	0	0	0	0	0	0	0	0	0	0	0	0	0	0	0	0	0	0	0	0	0	0	
	28497	팔롬보(온천상인)	1	0	100	0	7311	1	0	0	0	0	0	0	0	7312	1	0	0	0	0	0	0	0	7313	1	0	0	0	0	0	0	0	7314	1	0	0	0	0	0	0	0	7315	1	0	0	0	0	0	0	0	0	0	0	0	0	0	0	0	0	0	0	0	0	0	0	0	0	0	0	0	0	0	0	0	0	0	0	0	0	0	0	0	0	0	0	0	0	0	0	0	0	0	0	0	0	0	0	0	0	0	0	0	0	0	0	0	0	0	0	0	0	0	0	0	0	0	0	0	0	0	0	0	0	0	0	0	0	0	0	0	0	0	0	0	0	0	0	0	0	0	0	0	0	0	0	0	0	0	0	0	0	0	0	0	0	0	0	0	0	0	0	0	0	0	0	0	0	0	0	0	0	0	0	0	0	0	0	0	0	0	0	0	0	0	0	0	0	0	0	0	0	0	0	0	0	0	0	0	0	0	0	0	0	0	0	0	0	0	0	0	0	0	0	0	0	0	0	0	0	0	0	0	0	0	0	0	0	0	0	0	
//	28497	팔롬보(할로윈상인)	1	0	100	0	7311	1	0	0	0	0	0	0	0	7312	1	0	0	0	0	0	0	0	7313	1	0	0	0	0	0	0	0	7314	1	0	0	0	0	0	0	0	7315	1	0	0	0	0	0	0	0	7260	1	0	0	0	0	0	0	0	7261	1	0	0	0	0	0	0	0	7262	1	0	0	0	0	0	0	0	7263	1	0	0	0	0	0	0	0	7264	1	0	0	0	0	0	0	0	0	0	0	0	0	0	0	0	0	0	0	0	0	0	0	0	0	0	0	0	0	0	0	0	0	0	0	0	0	0	0	0	0	0	0	0	0	0	0	0	0	0	0	0	0	0	0	0	0	0	0	0	0	0	0	0	0	0	0	0	0	0	0	0	0	0	0	0	0	0	0	0	0	0	0	0	0	0	0	0	0	0	0	0	0	0	0	0	0	0	0	0	0	0	0	0	0	0	0	0	0	0	0	0	0	0	0	0	0	0	0	0	0	0	0	0	0	0	0	0	0	0	0	0	0	0	0	0	0	0	0	0	0	0	0	
//	배덕의은화토큰상인																																																																																																																																																																																																																																							
	4517	수집가_빌_로드	4	14	0	0	51455	1	0	10	0	0	0	0	0	51458	1	0	9	0	0	0	0	0	51457	1	0	8	0	0	0	0	0	51460	1	0	7	0	0	0	0	0	51459	1	0	6	0	0	0	0	0	51456	1	0	5	0	0	0	0	0	51461	1	0	4	0	0	0	0	0	51462	1	0	3	0	0	0	0	0	50078	1	0	25	0	0	0	0	0	50079	1	0	25	0	0	0	0	0	0	0	0	0	0	0	0	0	0	0	0	0	0	0	0	0	0	0	0	0	0	0	0	0	0	0	0	0	0	0	0	0	0	0	0	0	0	0	0	0	0	0	0	0	0	51463	1	0	10	0	0	0	0	0	51466	1	0	9	0	0	0	0	0	51465	1	0	8	0	0	0	0	0	51468	1	0	7	0	0	0	0	0	51467	1	0	6	0	0	0	0	0	51464	1	0	5	0	0	0	0	0	51469	1	0	4	0	0	0	0	0	51470	1	0	3	0	0	0	0	0	50080	1	0	25	0	0	0	0	0	50081	1	0	25	0	0	0	0	0	
	4517	수집가_빌_로드	4	14	0	1	51471	1	0	10	0	0	0	0	0	51474	1	0	9	0	0	0	0	0	51473	1	0	8	0	0	0	0	0	51476	1	0	7	0	0	0	0	0	51475	1	0	6	0	0	0	0	0	51472	1	0	5	0	0	0	0	0	51477	1	0	4	0	0	0	0	0	51478	1	0	3	0	0	0	0	0	50084	1	0	25	0	0	0	0	0	50085	1	0	25	0	0	0	0	0	0	0	0	0	0	0	0	0	0	0	0	0	0	0	0	0	0	0	0	0	0	0	0	0	0	0	0	0	0	0	0	0	0	0	0	0	0	0	0	0	0	0	0	0	0	51479	1	0	10	0	0	0	0	0	51482	1	0	9	0	0	0	0	0	51481	1	0	8	0	0	0	0	0	51484	1	0	7	0	0	0	0	0	51483	1	0	6	0	0	0	0	0	51480	1	0	5	0	0	0	0	0	51485	1	0	4	0	0	0	0	0	51486	1	0	3	0	0	0	0	0	50082	1	0	25	0	0	0	0	0	50083	1	0	25	0	0	0	0	0	
	4517	수집가_빌_로드	4	14	0	2	51487	1	0	10	0	0	0	0	0	51490	1	0	9	0	0	0	0	0	51489	1	0	8	0	0	0	0	0	51492	1	0	7	0	0	0	0	0	51491	1	0	6	0	0	0	0	0	51488	1	0	5	0	0	0	0	0	51493	1	0	4	0	0	0	0	0	51494	1	0	3	0	0	0	0	0	50086	1	0	25	0	0	0	0	0	50087	1	0	25	0	0	0	0	0	0	0	0	0	0	0	0	0	0	0	0	0	0	0	0	0	0	0	0	0	0	0	0	0	0	0	0	0	0	0	0	0	0	0	0	0	0	0	0	0	0	0	0	0	0	51495	1	0	10	0	0	0	0	0	51498	1	0	9	0	0	0	0	0	51497	1	0	8	0	0	0	0	0	51500	1	0	7	0	0	0	0	0	51499	1	0	6	0	0	0	0	0	51496	1	0	5	0	0	0	0	0	51501	1	0	4	0	0	0	0	0	51502	1	0	3	0	0	0	0	0	50088	1	0	25	0	0	0	0	0	50089	1	0	25	0	0	0	0	0	
	4517	수집가_빌_로드	4	14	0	3	51679	1	0	10	0	0	0	0	0	51682	1	0	9	0	0	0	0	0	51681	1	0	8	0	0	0	0	0	51684	1	0	7	0	0	0	0	0	51683	1	0	6	0	0	0	0	0	51680	1	0	5	0	0	0	0	0	51685	1	0	4	0	0	0	0	0	51686	1	0	3	0	0	0	0	0	50132	1	0	25	0	0	0	0	0	0	0	0	0	0	0	0	0	0	0	0	0	0	0	0	0	0	0	0	0	0	0	0	0	0	0	0	0	0	0	0	0	0	0	0	0	0	0	0	0	0	0	0	0	0	0	0	0	0	0	0	0	0	0	57033	1	0	10	0	0	0	0	0	57036	1	0	9	0	0	0	0	0	57035	1	0	8	0	0	0	0	0	57038	1	0	7	0	0	0	0	0	57037	1	0	6	0	0	0	0	0	57034	1	0	5	0	0	0	0	0	57039	1	0	4	0	0	0	0	0	57040	1	0	3	0	0	0	0	0	50324	1	0	25	0	0	0	0	0	0	0	0	0	0	0	0	0	0	
	4518	수집가_본_티오	4	14	0	0	51455	1	0	10	0	0	0	0	0	51458	1	0	9	0	0	0	0	0	51457	1	0	8	0	0	0	0	0	51460	1	0	7	0	0	0	0	0	51459	1	0	6	0	0	0	0	0	51456	1	0	5	0	0	0	0	0	51461	1	0	4	0	0	0	0	0	51462	1	0	3	0	0	0	0	0	50078	1	0	25	0	0	0	0	0	50079	1	0	25	0	0	0	0	0	0	0	0	0	0	0	0	0	0	0	0	0	0	0	0	0	0	0	0	0	0	0	0	0	0	0	0	0	0	0	0	0	0	0	0	0	0	0	0	0	0	0	0	0	0	51463	1	0	10	0	0	0	0	0	51466	1	0	9	0	0	0	0	0	51465	1	0	8	0	0	0	0	0	51468	1	0	7	0	0	0	0	0	51467	1	0	6	0	0	0	0	0	51464	1	0	5	0	0	0	0	0	51469	1	0	4	0	0	0	0	0	51470	1	0	3	0	0	0	0	0	50080	1	0	25	0	0	0	0	0	50081	1	0	25	0	0	0	0	0	
	4518	수집가_본_티오	4	14	0	1	51471	1	0	10	0	0	0	0	0	51474	1	0	9	0	0	0	0	0	51473	1	0	8	0	0	0	0	0	51476	1	0	7	0	0	0	0	0	51475	1	0	6	0	0	0	0	0	51472	1	0	5	0	0	0	0	0	51477	1	0	4	0	0	0	0	0	51478	1	0	3	0	0	0	0	0	50084	1	0	25	0	0	0	0	0	50085	1	0	25	0	0	0	0	0	0	0	0	0	0	0	0	0	0	0	0	0	0	0	0	0	0	0	0	0	0	0	0	0	0	0	0	0	0	0	0	0	0	0	0	0	0	0	0	0	0	0	0	0	0	51479	1	0	10	0	0	0	0	0	51482	1	0	9	0	0	0	0	0	51481	1	0	8	0	0	0	0	0	51484	1	0	7	0	0	0	0	0	51483	1	0	6	0	0	0	0	0	51480	1	0	5	0	0	0	0	0	51485	1	0	4	0	0	0	0	0	51486	1	0	3	0	0	0	0	0	50082	1	0	25	0	0	0	0	0	50083	1	0	25	0	0	0	0	0	
	4518	수집가_본_티오	4	14	0	2	51487	1	0	10	0	0	0	0	0	51490	1	0	9	0	0	0	0	0	51489	1	0	8	0	0	0	0	0	51492	1	0	7	0	0	0	0	0	51491	1	0	6	0	0	0	0	0	51488	1	0	5	0	0	0	0	0	51493	1	0	4	0	0	0	0	0	51494	1	0	3	0	0	0	0	0	50086	1	0	25	0	0	0	0	0	50087	1	0	25	0	0	0	0	0	0	0	0	0	0	0	0	0	0	0	0	0	0	0	0	0	0	0	0	0	0	0	0	0	0	0	0	0	0	0	0	0	0	0	0	0	0	0	0	0	0	0	0	0	0	51495	1	0	10	0	0	0	0	0	51498	1	0	9	0	0	0	0	0	51497	1	0	8	0	0	0	0	0	51500	1	0	7	0	0	0	0	0	51499	1	0	6	0	0	0	0	0	51496	1	0	5	0	0	0	0	0	51501	1	0	4	0	0	0	0	0	51502	1	0	3	0	0	0	0	0	50088	1	0	25	0	0	0	0	0	50089	1	0	25	0	0	0	0	0	
	4518	수집가_본_티오	4	14	0	3	51679	1	0	10	0	0	0	0	0	51682	1	0	9	0	0	0	0	0	51681	1	0	8	0	0	0	0	0	51684	1	0	7	0	0	0	0	0	51683	1	0	6	0	0	0	0	0	51680	1	0	5	0	0	0	0	0	51685	1	0	4	0	0	0	0	0	51686	1	0	3	0	0	0	0	0	50132	1	0	25	0	0	0	0	0	0	0	0	0	0	0	0	0	0	0	0	0	0	0	0	0	0	0	0	0	0	0	0	0	0	0	0	0	0	0	0	0	0	0	0	0	0	0	0	0	0	0	0	0	0	0	0	0	0	0	0	0	0	0	57033	1	0	10	0	0	0	0	0	57036	1	0	9	0	0	0	0	0	57035	1	0	8	0	0	0	0	0	57038	1	0	7	0	0	0	0	0	57037	1	0	6	0	0	0	0	0	57034	1	0	5	0	0	0	0	0	57039	1	0	4	0	0	0	0	0	57040	1	0	3	0	0	0	0	0	50324	1	0	25	0	0	0	0	0	0	0	0	0	0	0	0	0	0	
//	몬트샤인공성전 이벤트																																																																																																																																																																																																																																							
	4519	공성전문가미스터A.	1	0	100	0	50608	1	10515	0	0	0	0	0	0	50609	1	10515	0	0	0	0	0	0	35214	1	10515	0	0	0	0	0	0	50610	1	10515	0	0	0	0	0	0	50611	1	10515	0	0	0	0	0	0	50612	1	10515	0	0	0	0	0	0	50613	1	10515	0	0	0	0	0	0	0	0	0	0	0	0	0	0	0	50614	1	10515	0	0	0	0	0	0	50615	1	10515	0	0	0	0	0	0	50616	1	10515	0	0	0	0	0	0	50617	1	10515	0	0	0	0	0	0	0	0	0	0	0	0	0	0	0	50618	1	10515	0	0	0	0	0	0	50619	1	10515	0	0	0	0	0	0	50620	1	10515	0	0	0	0	0	0	0	0	0	0	0	0	0	0	0	0	0	0	0	0	0	0	0	0	50621	1	10515	0	0	0	0	0	0	0	0	0	0	0	0	0	0	0	0	0	0	0	0	0	0	0	0	0	0	0	0	0	0	0	0	0	0	0	0	0	0	0	0	0	0	0	0	0	0	0	0	0	0	0	0	0	0	0	0	0	0	0	0	
	4519	공성전문가미스터A.	1	0	100	1	65436	1	0	0	0	0	0	0	0	65437	1	0	0	0	0	0	0	0	65438	1	0	0	0	0	0	0	0	65439	1	0	0	0	0	0	0	0	65440	1	0	0	0	0	0	0	0	65442	1	0	0	0	0	0	0	0	65443	1	0	0	0	0	0	0	0	65444	1	0	0	0	0	0	0	0	65445	1	0	0	0	0	0	0	0	65446	1	0	0	0	0	0	0	0	65441	1	0	0	0	0	0	0	0	0	0	0	0	0	0	0	0	0	0	0	0	0	0	0	0	0	0	0	0	0	0	0	0	0	0	0	0	0	0	0	0	0	0	0	0	0	0	0	0	0	0	0	0	0	0	0	0	0	0	0	0	0	0	0	0	0	0	0	0	0	0	0	0	0	0	0	0	0	0	0	0	0	0	0	0	0	0	0	0	0	0	0	0	0	0	0	0	0	0	0	0	0	0	0	0	0	0	0	0	0	0	0	0	0	0	0	0	0	0	0	0	0	0	0	0	0	0	0	0	0	0	0	0	0	0	
	4520	공성전문가미스터T.	1	0	100	0	50608	1	10515	0	0	0	0	0	0	50609	1	10515	0	0	0	0	0	0	35214	1	10515	0	0	0	0	0	0	50610	1	10515	0	0	0	0	0	0	50611	1	10515	0	0	0	0	0	0	50612	1	10515	0	0	0	0	0	0	50613	1	10515	0	0	0	0	0	0	0	0	0	0	0	0	0	0	0	50614	1	10515	0	0	0	0	0	0	50615	1	10515	0	0	0	0	0	0	50616	1	10515	0	0	0	0	0	0	50617	1	10515	0	0	0	0	0	0	0	0	0	0	0	0	0	0	0	50618	1	10515	0	0	0	0	0	0	50619	1	10515	0	0	0	0	0	0	50620	1	10515	0	0	0	0	0	0	0	0	0	0	0	0	0	0	0	0	0	0	0	0	0	0	0	0	50621	1	10515	0	0	0	0	0	0	0	0	0	0	0	0	0	0	0	0	0	0	0	0	0	0	0	0	0	0	0	0	0	0	0	0	0	0	0	0	0	0	0	0	0	0	0	0	0	0	0	0	0	0	0	0	0	0	0	0	0	0	0	0	
	4520	공성전문가미스터T.	1	0	100	1	65436	1	0	0	0	0	0	0	0	65437	1	0	0	0	0	0	0	0	65438	1	0	0	0	0	0	0	0	65439	1	0	0	0	0	0	0	0	65440	1	0	0	0	0	0	0	0	65442	1	0	0	0	0	0	0	0	65443	1	0	0	0	0	0	0	0	65444	1	0	0	0	0	0	0	0	65445	1	0	0	0	0	0	0	0	65446	1	0	0	0	0	0	0	0	65441	1	0	0	0	0	0	0	0	0	0	0	0	0	0	0	0	0	0	0	0	0	0	0	0	0	0	0	0	0	0	0	0	0	0	0	0	0	0	0	0	0	0	0	0	0	0	0	0	0	0	0	0	0	0	0	0	0	0	0	0	0	0	0	0	0	0	0	0	0	0	0	0	0	0	0	0	0	0	0	0	0	0	0	0	0	0	0	0	0	0	0	0	0	0	0	0	0	0	0	0	0	0	0	0	0	0	0	0	0	0	0	0	0	0	0	0	0	0	0	0	0	0	0	0	0	0	0	0	0	0	0	0	0	0	
	4521	공성전문가미스터K.	1	0	100	0	50608	1	10515	0	0	0	0	0	0	50609	1	10515	0	0	0	0	0	0	35214	1	10515	0	0	0	0	0	0	50610	1	10515	0	0	0	0	0	0	50611	1	10515	0	0	0	0	0	0	50612	1	10515	0	0	0	0	0	0	50613	1	10515	0	0	0	0	0	0	0	0	0	0	0	0	0	0	0	50614	1	10515	0	0	0	0	0	0	50615	1	10515	0	0	0	0	0	0	50616	1	10515	0	0	0	0	0	0	50617	1	10515	0	0	0	0	0	0	0	0	0	0	0	0	0	0	0	50618	1	10515	0	0	0	0	0	0	50619	1	10515	0	0	0	0	0	0	50620	1	10515	0	0	0	0	0	0	0	0	0	0	0	0	0	0	0	0	0	0	0	0	0	0	0	0	50621	1	10515	0	0	0	0	0	0	0	0	0	0	0	0	0	0	0	0	0	0	0	0	0	0	0	0	0	0	0	0	0	0	0	0	0	0	0	0	0	0	0	0	0	0	0	0	0	0	0	0	0	0	0	0	0	0	0	0	0	0	0	0	
	4521	공성전문가미스터K.	1	0	100	1	65436	1	0	0	0	0	0	0	0	65437	1	0	0	0	0	0	0	0	65438	1	0	0	0	0	0	0	0	65439	1	0	0	0	0	0	0	0	65440	1	0	0	0	0	0	0	0	65442	1	0	0	0	0	0	0	0	65443	1	0	0	0	0	0	0	0	65444	1	0	0	0	0	0	0	0	65445	1	0	0	0	0	0	0	0	65446	1	0	0	0	0	0	0	0	65441	1	0	0	0	0	0	0	0	0	0	0	0	0	0	0	0	0	0	0	0	0	0	0	0	0	0	0	0	0	0	0	0	0	0	0	0	0	0	0	0	0	0	0	0	0	0	0	0	0	0	0	0	0	0	0	0	0	0	0	0	0	0	0	0	0	0	0	0	0	0	0	0	0	0	0	0	0	0	0	0	0	0	0	0	0	0	0	0	0	0	0	0	0	0	0	0	0	0	0	0	0	0	0	0	0	0	0	0	0	0	0	0	0	0	0	0	0	0	0	0	0	0	0	0	0	0	0	0	0	0	0	0	0	0	
	4522	수성전문가미스D.	1	0	100	0	50608	1	10515	0	0	0	0	0	0	50609	1	10515	0	0	0	0	0	0	35214	1	10515	0	0	0	0	0	0	50610	1	10515	0	0	0	0	0	0	50611	1	10515	0	0	0	0	0	0	50612	1	10515	0	0	0	0	0	0	50613	1	10515	0	0	0	0	0	0	0	0	0	0	0	0	0	0	0	50614	1	10515	0	0	0	0	0	0	50615	1	10515	0	0	0	0	0	0	50616	1	10515	0	0	0	0	0	0	50617	1	10515	0	0	0	0	0	0	0	0	0	0	0	0	0	0	0	50618	1	10515	0	0	0	0	0	0	50619	1	10515	0	0	0	0	0	0	50620	1	10515	0	0	0	0	0	0	0	0	0	0	0	0	0	0	0	0	0	0	0	0	0	0	0	0	50621	1	10515	0	0	0	0	0	0	0	0	0	0	0	0	0	0	0	0	0	0	0	0	0	0	0	0	0	0	0	0	0	0	0	0	0	0	0	0	0	0	0	0	0	0	0	0	0	0	0	0	0	0	0	0	0	0	0	0	0	0	0	0	
	4522	수성전문가미스D.	1	0	100	1	65436	1	0	0	0	0	0	0	0	65437	1	0	0	0	0	0	0	0	65438	1	0	0	0	0	0	0	0	65439	1	0	0	0	0	0	0	0	65440	1	0	0	0	0	0	0	0	65442	1	0	0	0	0	0	0	0	65443	1	0	0	0	0	0	0	0	65444	1	0	0	0	0	0	0	0	65445	1	0	0	0	0	0	0	0	65446	1	0	0	0	0	0	0	0	65441	1	0	0	0	0	0	0	0	0	0	0	0	0	0	0	0	0	0	0	0	0	0	0	0	0	0	0	0	0	0	0	0	0	0	0	0	0	0	0	0	0	0	0	0	0	0	0	0	0	0	0	0	0	0	0	0	0	0	0	0	0	0	0	0	0	0	0	0	0	0	0	0	0	0	0	0	0	0	0	0	0	0	0	0	0	0	0	0	0	0	0	0	0	0	0	0	0	0	0	0	0	0	0	0	0	0	0	0	0	0	0	0	0	0	0	0	0	0	0	0	0	0	0	0	0	0	0	0	0	0	0	0	0	0	
	4523	수성전문가미스P.	1	0	100	0	50608	1	10515	0	0	0	0	0	0	50609	1	10515	0	0	0	0	0	0	35214	1	10515	0	0	0	0	0	0	50610	1	10515	0	0	0	0	0	0	50611	1	10515	0	0	0	0	0	0	50612	1	10515	0	0	0	0	0	0	50613	1	10515	0	0	0	0	0	0	0	0	0	0	0	0	0	0	0	50614	1	10515	0	0	0	0	0	0	50615	1	10515	0	0	0	0	0	0	50616	1	10515	0	0	0	0	0	0	50617	1	10515	0	0	0	0	0	0	0	0	0	0	0	0	0	0	0	50618	1	10515	0	0	0	0	0	0	50619	1	10515	0	0	0	0	0	0	50620	1	10515	0	0	0	0	0	0	0	0	0	0	0	0	0	0	0	0	0	0	0	0	0	0	0	0	50621	1	10515	0	0	0	0	0	0	0	0	0	0	0	0	0	0	0	0	0	0	0	0	0	0	0	0	0	0	0	0	0	0	0	0	0	0	0	0	0	0	0	0	0	0	0	0	0	0	0	0	0	0	0	0	0	0	0	0	0	0	0	0	
	4523	수성전문가미스P.	1	0	100	1	65436	1	0	0	0	0	0	0	0	65437	1	0	0	0	0	0	0	0	65438	1	0	0	0	0	0	0	0	65439	1	0	0	0	0	0	0	0	65440	1	0	0	0	0	0	0	0	65442	1	0	0	0	0	0	0	0	65443	1	0	0	0	0	0	0	0	65444	1	0	0	0	0	0	0	0	65445	1	0	0	0	0	0	0	0	65446	1	0	0	0	0	0	0	0	65441	1	0	0	0	0	0	0	0	0	0	0	0	0	0	0	0	0	0	0	0	0	0	0	0	0	0	0	0	0	0	0	0	0	0	0	0	0	0	0	0	0	0	0	0	0	0	0	0	0	0	0	0	0	0	0	0	0	0	0	0	0	0	0	0	0	0	0	0	0	0	0	0	0	0	0	0	0	0	0	0	0	0	0	0	0	0	0	0	0	0	0	0	0	0	0	0	0	0	0	0	0	0	0	0	0	0	0	0	0	0	0	0	0	0	0	0	0	0	0	0	0	0	0	0	0	0	0	0	0	0	0	0	0	0	
	4524	수성전문가미스S.	1	0	100	0	50608	1	10515	0	0	0	0	0	0	50609	1	10515	0	0	0	0	0	0	35214	1	10515	0	0	0	0	0	0	50610	1	10515	0	0	0	0	0	0	50611	1	10515	0	0	0	0	0	0	50612	1	10515	0	0	0	0	0	0	50613	1	10515	0	0	0	0	0	0	0	0	0	0	0	0	0	0	0	50614	1	10515	0	0	0	0	0	0	50615	1	10515	0	0	0	0	0	0	50616	1	10515	0	0	0	0	0	0	50617	1	10515	0	0	0	0	0	0	0	0	0	0	0	0	0	0	0	50618	1	10515	0	0	0	0	0	0	50619	1	10515	0	0	0	0	0	0	50620	1	10515	0	0	0	0	0	0	0	0	0	0	0	0	0	0	0	0	0	0	0	0	0	0	0	0	50621	1	10515	0	0	0	0	0	0	0	0	0	0	0	0	0	0	0	0	0	0	0	0	0	0	0	0	0	0	0	0	0	0	0	0	0	0	0	0	0	0	0	0	0	0	0	0	0	0	0	0	0	0	0	0	0	0	0	0	0	0	0	0	
	4524	수성전문가미스S.	1	0	100	1	65436	1	0	0	0	0	0	0	0	65437	1	0	0	0	0	0	0	0	65438	1	0	0	0	0	0	0	0	65439	1	0	0	0	0	0	0	0	65440	1	0	0	0	0	0	0	0	65442	1	0	0	0	0	0	0	0	65443	1	0	0	0	0	0	0	0	65444	1	0	0	0	0	0	0	0	65445	1	0	0	0	0	0	0	0	65446	1	0	0	0	0	0	0	0	65441	1	0	0	0	0	0	0	0	0	0	0	0	0	0	0	0	0	0	0	0	0	0	0	0	0	0	0	0	0	0	0	0	0	0	0	0	0	0	0	0	0	0	0	0	0	0	0	0	0	0	0	0	0	0	0	0	0	0	0	0	0	0	0	0	0	0	0	0	0	0	0	0	0	0	0	0	0	0	0	0	0	0	0	0	0	0	0	0	0	0	0	0	0	0	0	0	0	0	0	0	0	0	0	0	0	0	0	0	0	0	0	0	0	0	0	0	0	0	0	0	0	0	0	0	0	0	0	0	0	0	0	0	0	0	
	62316	SealExchange_Supplies	2	55310	0	0	7245	1	0	4	0	0	0	0	0	7249	1	0	4	0	0	0	0	0	7246	1	0	10	0	0	0	0	0	7250	1	0	10	0	0	0	0	0	4131	20	0	1	0	0	0	0	0	4049	20	0	2	0	0	0	0	0	4050	10	0	2	0	0	0	0	0	4034	20	0	1	0	0	0	0	0	4030	5	0	2	0	0	0	0	0	4039	5	0	2	0	0	0	0	0	4020	5	0	2	0	0	0	0	0	4025	5	0	2	0	0	0	0	0	0	0	0	0	0	0	0	0	0	0	0	0	0	0	0	0	0	0	0	0	0	0	0	0	0	0	0	0	0	0	0	0	0	0	0	0	0	0	0	0	0	0	0	0	0	0	0	0	0	0	0	0	0	0	0	0	0	0	0	0	0	0	0	0	0	0	0	0	0	0	0	0	0	0	0	0	0	0	0	0	0	0	0	0	0	0	0	0	0	0	0	0	0	0	0	0	0	0	0	0	0	0	0	0	0	0	0	0	0	0	0	0	0	0	0	0	0	
	62316	SealExchange_Materials	2	55310	0	1	8610	1	0	15	0	0	0	0	0	8605	1	0	15	0	0	0	0	0	8616	1	0	15	0	0	0	0	0	8618	1	0	15	0	0	0	0	0	8612	1	0	15	0	0	0	0	0	8614	1	0	15	0	0	0	0	0	8822	1	0	40	0	0	0	0	0	8812	1	0	40	0	0	0	0	0	8803	1	0	40	0	0	0	0	0	8819	1	0	40	0	0	0	0	0	62011	1	0	180	0	0	0	0	0	6019	1	0	240	0	0	0	0	0	6021	1	0	240	0	0	0	0	0	0	0	0	0	0	0	0	0	0	0	0	0	0	0	0	0	0	0	0	0	0	0	0	0	0	0	0	0	0	0	0	0	0	0	0	0	0	0	0	0	0	0	0	0	0	0	0	0	0	0	0	0	0	0	0	0	0	0	0	0	0	0	0	0	0	0	0	0	0	0	0	0	0	0	0	0	0	0	0	0	0	0	0	0	0	0	0	0	0	0	0	0	0	0	0	0	0	0	0	0	0	0	0	0	0	0	0	0	
	62316	SealExchange_EliteGear	2	55310	0	2	57012	1	0	1800	0	0	0	0	0	57016	1	0	720	0	0	0	0	0	51359	1	0	1800	0	0	0	0	0	50002	1	0	2700	0	0	0	0	0	51662	1	0	720	0	0	0	0	0	57476	1	0	1800	0	0	0	0	0	57480	1	0	720	0	0	0	0	0	0	0	0	0	0	0	0	0	0	0	0	0	0	0	0	0	0	0	0	0	0	0	0	0	0	0	0	0	0	0	0	0	0	0	0	0	0	0	0	0	0	0	0	0	0	0	0	0	0	0	0	0	0	0	0	0	0	0	0	0	0	0	0	0	0	0	0	0	0	0	0	0	0	0	0	0	0	0	0	0	0	0	0	0	0	0	0	0	0	0	0	0	0	0	0	0	0	0	0	0	0	0	0	0	0	0	0	0	0	0	0	0	0	0	0	0	0	0	0	0	0	0	0	0	0	0	0	0	0	0	0	0	0	0	0	0	0	0	0	0	0	0	0	0	0	0	0	0	0	0	0	0	0	0	0	0	0	0	0	0	0	0	
	62316	SealExchange_Style	2	55310	0	3	64041	1	0	480	0	0	0	0	0	64056	1	0	720	0	0	0	0	0	64054	1	0	480	0	0	0	0	0	2472	1	0	3600	0	0	0	0	0	64029	1	0	480	0	0	0	0	0	3594	1	0	1800	0	0	0	0	0	3407	1	0	600	0	0	0	0	0	0	0	0	0	0	0	0	0	0	0	0	0	0	0	0	0	0	0	0	0	0	0	0	0	0	0	0	0	0	0	0	0	0	0	0	0	0	0	0	0	0	0	0	0	0	0	0	0	0	0	0	0	0	0	0	0	0	0	0	0	0	0	0	0	0	0	0	0	0	0	0	0	0	0	0	0	0	0	0	0	0	0	0	0	0	0	0	0	0	0	0	0	0	0	0	0	0	0	0	0	0	0	0	0	0	0	0	0	0	0	0	0	0	0	0	0	0	0	0	0	0	0	0	0	0	0	0	0	0	0	0	0	0	0	0	0	0	0	0	0	0	0	0	0	0	0	0	0	0	0	0	0	0	0	0	0	0	0	0	0	0	0	
	62316	SealExchange_Legendary	2	55310	0	4	50100	1	0	5400	0	0	0	0	0	50102	1	0	5400	0	0	0	0	0	50104	1	0	5400	0	0	0	0	0	50106	1	0	5400	0	0	0	0	0	0	0	0	0	0	0	0	0	0	0	0	0	0	0	0	0	0	0	0	0	0	0	0	0	0	0	0	0	0	0	0	0	0	0	0	0	0	0	0	0	0	0	0	0	0	0	0	0	0	0	0	0	0	0	0	0	0	0	0	0	0	0	0	0	0	0	0	0	0	0	0	0	0	0	0	0	0	0	0	0	0	0	0	0	0	0	0	0	0	0	0	0	0	0	0	0	0	0	0	0	0	0	0	0	0	0	0	0	0	0	0	0	0	0	0	0	0	0	0	0	0	0	0	0	0	0	0	0	0	0	0	0	0	0	0	0	0	0	0	0	0	0	0	0	0	0	0	0	0	0	0	0	0	0	0	0	0	0	0	0	0	0	0	0	0	0	0	0	0	0	0	0	0	0	0	0	0	0	0	0	0	0	0	0	0	0	0	0	0	
	64067	Paladin_TowerExchange_Gear	2	55603	0	4	0	0	0	0	0	0	0	0	0	0	0	0	0	0	0	0	0	0	0	0	0	0	0	0	0	0	0	0	0	0	0	0	0	0	0	0	0	0	0	0	0	0	0	0	0	0	0	0	0	0	0	0	0	0	0	0	0	0	0	0	0	0	0	0	0	0	0	0	0	0	0	0	0	0	0	0	0	0	0	0	0	0	0	0	0	0	0	0	0	0	0	0	0	0	0	0	0	0	0	0	0	0	0	0	0	0	0	0	0	0	0	0	0	0	0	0	0	0	0	0	0	0	0	0	0	0	0	0	0	0	0	0	0	0	0	57473	1	0	42	0	0	0	0	0	57474	1	0	21	0	0	0	0	0	57475	1	0	30	0	0	0	0	0	57476	1	0	33	0	0	0	0	0	57477	1	0	33	0	0	0	0	0	57478	1	0	30	0	0	0	0	0	57479	1	0	27	0	0	0	0	0	57480	1	0	15	0	0	0	0	0	50294	1	0	84	0	0	0	0	0	0	0	0	0	0	0	0	0	0	
//	62307	Paladin_Belthen_Gear	1	0	100	2	35184	1	10515	0	0	0	0	0	0	52294	1	10515	0	0	0	0	0	0	52295	1	10515	0	0	0	0	0	0	52296	1	10515	0	0	0	0	0	0	52297	1	10515	0	0	0	0	0	0	52298	1	10515	0	0	0	0	0	0	52299	1	10515	0	0	0	0	0	0	52300	1	10515	0	0	0	0	0	0	52301	1	10515	0	0	0	0	0	0	0	0	0	0	0	0	0	0	0	35183	1	10515	0	0	0	0	0	0	52286	1	10515	0	0	0	0	0	0	52287	1	10515	0	0	0	0	0	0	52288	1	10515	0	0	0	0	0	0	52289	1	10515	0	0	0	0	0	0	52290	1	10515	0	0	0	0	0	0	52291	1	10515	0	0	0	0	0	0	52292	1	10515	0	0	0	0	0	0	52293	1	10515	0	0	0	0	0	0	0	0	0	0	0	0	0	0	0	35186	1	10515	0	0	0	0	0	0	35188	1	10515	0	0	0	0	0	0	0	0	0	0	0	0	0	0	0	0	0	0	0	0	0	0	0	0	0	0	0	0	0	0	0	0	0	
//	62308	Paladin_Tringel_Gear	1	0	100	2	35184	1	10515	0	0	0	0	0	0	52294	1	10515	0	0	0	0	0	0	52295	1	10515	0	0	0	0	0	0	52296	1	10515	0	0	0	0	0	0	52297	1	10515	0	0	0	0	0	0	52298	1	10515	0	0	0	0	0	0	52299	1	10515	0	0	0	0	0	0	52300	1	10515	0	0	0	0	0	0	52301	1	10515	0	0	0	0	0	0	0	0	0	0	0	0	0	0	0	35183	1	10515	0	0	0	0	0	0	52286	1	10515	0	0	0	0	0	0	52287	1	10515	0	0	0	0	0	0	52288	1	10515	0	0	0	0	0	0	52289	1	10515	0	0	0	0	0	0	52290	1	10515	0	0	0	0	0	0	52291	1	10515	0	0	0	0	0	0	52292	1	10515	0	0	0	0	0	0	52293	1	10515	0	0	0	0	0	0	0	0	0	0	0	0	0	0	0	35186	1	10515	0	0	0	0	0	0	35188	1	10515	0	0	0	0	0	0	0	0	0	0	0	0	0	0	0	0	0	0	0	0	0	0	0	0	0	0	0	0	0	0	0	0	0	
//	62309	Paladin_Etherain1_Gear	1	0	100	2	35184	1	10515	0	0	0	0	0	0	52294	1	10515	0	0	0	0	0	0	52295	1	10515	0	0	0	0	0	0	52296	1	10515	0	0	0	0	0	0	52297	1	10515	0	0	0	0	0	0	52298	1	10515	0	0	0	0	0	0	52299	1	10515	0	0	0	0	0	0	52300	1	10515	0	0	0	0	0	0	52301	1	10515	0	0	0	0	0	0	0	0	0	0	0	0	0	0	0	35183	1	10515	0	0	0	0	0	0	52286	1	10515	0	0	0	0	0	0	52287	1	10515	0	0	0	0	0	0	52288	1	10515	0	0	0	0	0	0	52289	1	10515	0	0	0	0	0	0	52290	1	10515	0	0	0	0	0	0	52291	1	10515	0	0	0	0	0	0	52292	1	10515	0	0	0	0	0	0	52293	1	10515	0	0	0	0	0	0	0	0	0	0	0	0	0	0	0	35186	1	10515	0	0	0	0	0	0	35188	1	10515	0	0	0	0	0	0	0	0	0	0	0	0	0	0	0	0	0	0	0	0	0	0	0	0	0	0	0	0	0	0	0	0	0	
//	62310	Paladin_Etherain2_Gear	1	0	100	2	35184	1	10515	0	0	0	0	0	0	52294	1	10515	0	0	0	0	0	0	52295	1	10515	0	0	0	0	0	0	52296	1	10515	0	0	0	0	0	0	52297	1	10515	0	0	0	0	0	0	52298	1	10515	0	0	0	0	0	0	52299	1	10515	0	0	0	0	0	0	52300	1	10515	0	0	0	0	0	0	52301	1	10515	0	0	0	0	0	0	0	0	0	0	0	0	0	0	0	35183	1	10515	0	0	0	0	0	0	52286	1	10515	0	0	0	0	0	0	52287	1	10515	0	0	0	0	0	0	52288	1	10515	0	0	0	0	0	0	52289	1	10515	0	0	0	0	0	0	52290	1	10515	0	0	0	0	0	0	52291	1	10515	0	0	0	0	0	0	52292	1	10515	0	0	0	0	0	0	52293	1	10515	0	0	0	0	0	0	0	0	0	0	0	0	0	0	0	35186	1	10515	0	0	0	0	0	0	35188	1	10515	0	0	0	0	0	0	0	0	0	0	0	0	0	0	0	0	0	0	0	0	0	0	0	0	0	0	0	0	0	0	0	0	0	
//	62311	Paladin_Okra_Gear	1	0	100	2	35184	1	10515	0	0	0	0	0	0	52294	1	10515	0	0	0	0	0	0	52295	1	10515	0	0	0	0	0	0	52296	1	10515	0	0	0	0	0	0	52297	1	10515	0	0	0	0	0	0	52298	1	10515	0	0	0	0	0	0	52299	1	10515	0	0	0	0	0	0	52300	1	10515	0	0	0	0	0	0	52301	1	10515	0	0	0	0	0	0	0	0	0	0	0	0	0	0	0	35183	1	10515	0	0	0	0	0	0	52286	1	10515	0	0	0	0	0	0	52287	1	10515	0	0	0	0	0	0	52288	1	10515	0	0	0	0	0	0	52289	1	10515	0	0	0	0	0	0	52290	1	10515	0	0	0	0	0	0	52291	1	10515	0	0	0	0	0	0	52292	1	10515	0	0	0	0	0	0	52293	1	10515	0	0	0	0	0	0	0	0	0	0	0	0	0	0	0	35186	1	10515	0	0	0	0	0	0	35188	1	10515	0	0	0	0	0	0	0	0	0	0	0	0	0	0	0	0	0	0	0	0	0	0	0	0	0	0	0	0	0	0	0	0	0	
//	62312	Paladin_Kortok_Gear	1	0	100	2	35184	1	10515	0	0	0	0	0	0	52294	1	10515	0	0	0	0	0	0	52295	1	10515	0	0	0	0	0	0	52296	1	10515	0	0	0	0	0	0	52297	1	10515	0	0	0	0	0	0	52298	1	10515	0	0	0	0	0	0	52299	1	10515	0	0	0	0	0	0	52300	1	10515	0	0	0	0	0	0	52301	1	10515	0	0	0	0	0	0	0	0	0	0	0	0	0	0	0	35183	1	10515	0	0	0	0	0	0	52286	1	10515	0	0	0	0	0	0	52287	1	10515	0	0	0	0	0	0	52288	1	10515	0	0	0	0	0	0	52289	1	10515	0	0	0	0	0	0	52290	1	10515	0	0	0	0	0	0	52291	1	10515	0	0	0	0	0	0	52292	1	10515	0	0	0	0	0	0	52293	1	10515	0	0	0	0	0	0	0	0	0	0	0	0	0	0	0	35186	1	10515	0	0	0	0	0	0	35188	1	10515	0	0	0	0	0	0	0	0	0	0	0	0	0	0	0	0	0	0	0	0	0	0	0	0	0	0	0	0	0	0	0	0	0	
//	62314	Paladin_Esod_Gear	1	0	100	2	35184	1	10515	0	0	0	0	0	0	52294	1	10515	0	0	0	0	0	0	52295	1	10515	0	0	0	0	0	0	52296	1	10515	0	0	0	0	0	0	52297	1	10515	0	0	0	0	0	0	52298	1	10515	0	0	0	0	0	0	52299	1	10515	0	0	0	0	0	0	52300	1	10515	0	0	0	0	0	0	52301	1	10515	0	0	0	0	0	0	0	0	0	0	0	0	0	0	0	35183	1	10515	0	0	0	0	0	0	52286	1	10515	0	0	0	0	0	0	52287	1	10515	0	0	0	0	0	0	52288	1	10515	0	0	0	0	0	0	52289	1	10515	0	0	0	0	0	0	52290	1	10515	0	0	0	0	0	0	52291	1	10515	0	0	0	0	0	0	52292	1	10515	0	0	0	0	0	0	52293	1	10515	0	0	0	0	0	0	0	0	0	0	0	0	0	0	0	35186	1	10515	0	0	0	0	0	0	35188	1	10515	0	0	0	0	0	0	0	0	0	0	0	0	0	0	0	0	0	0	0	0	0	0	0	0	0	0	0	0	0	0	0	0	0	
//	62313	Paladin_Esmara_Gear	1	0	100	2	35184	1	10515	0	0	0	0	0	0	52294	1	10515	0	0	0	0	0	0	52295	1	10515	0	0	0	0	0	0	52296	1	10515	0	0	0	0	0	0	52297	1	10515	0	0	0	0	0	0	52298	1	10515	0	0	0	0	0	0	52299	1	10515	0	0	0	0	0	0	52300	1	10515	0	0	0	0	0	0	52301	1	10515	0	0	0	0	0	0	0	0	0	0	0	0	0	0	0	35183	1	10515	0	0	0	0	0	0	52286	1	10515	0	0	0	0	0	0	52287	1	10515	0	0	0	0	0	0	52288	1	10515	0	0	0	0	0	0	52289	1	10515	0	0	0	0	0	0	52290	1	10515	0	0	0	0	0	0	52291	1	10515	0	0	0	0	0	0	52292	1	10515	0	0	0	0	0	0	52293	1	10515	0	0	0	0	0	0	0	0	0	0	0	0	0	0	0	35186	1	10515	0	0	0	0	0	0	35188	1	10515	0	0	0	0	0	0	0	0	0	0	0	0	0	0	0	0	0	0	0	0	0	0	0	0	0	0	0	0	0	0	0	0	0	
	4517	Paladin_TomIndy_Gear	4	14	0	4	0	0	0	0	0	0	0	0	0	0	0	0	0	0	0	0	0	0	0	0	0	0	0	0	0	0	0	0	0	0	0	0	0	0	0	0	0	0	0	0	0	0	0	0	0	0	0	0	0	0	0	0	0	0	0	0	0	0	0	0	0	0	0	0	0	0	0	0	0	0	0	0	0	0	0	0	0	0	0	0	0	0	0	0	0	0	0	0	0	0	0	0	0	0	0	0	0	0	0	0	0	0	0	0	0	0	0	0	0	0	0	0	0	0	0	0	0	0	0	0	0	0	0	0	0	0	0	0	0	0	0	0	0	0	0	52278	1	0	10	0	0	0	0	0	52281	1	0	9	0	0	0	0	0	52280	1	0	8	0	0	0	0	0	52283	1	0	7	0	0	0	0	0	52282	1	0	6	0	0	0	0	0	52279	1	0	5	0	0	0	0	0	52284	1	0	4	0	0	0	0	0	52285	1	0	3	0	0	0	0	0	35179	1	0	25	0	0	0	0	0	0	0	0	0	0	0	0	0	0	
	4518	Paladin_TomTimu_Gear	4	14	0	4	0	0	0	0	0	0	0	0	0	0	0	0	0	0	0	0	0	0	0	0	0	0	0	0	0	0	0	0	0	0	0	0	0	0	0	0	0	0	0	0	0	0	0	0	0	0	0	0	0	0	0	0	0	0	0	0	0	0	0	0	0	0	0	0	0	0	0	0	0	0	0	0	0	0	0	0	0	0	0	0	0	0	0	0	0	0	0	0	0	0	0	0	0	0	0	0	0	0	0	0	0	0	0	0	0	0	0	0	0	0	0	0	0	0	0	0	0	0	0	0	0	0	0	0	0	0	0	0	0	0	0	0	0	0	0	52278	1	0	10	0	0	0	0	0	52281	1	0	9	0	0	0	0	0	52280	1	0	8	0	0	0	0	0	52283	1	0	7	0	0	0	0	0	52282	1	0	6	0	0	0	0	0	52279	1	0	5	0	0	0	0	0	52284	1	0	4	0	0	0	0	0	52285	1	0	3	0	0	0	0	0	35179	1	0	25	0	0	0	0	0	0	0	0	0	0	0	0	0	0	
																																																																																																																																																																																																																																								
