// SkillLiberationAbilityInfo.txt													1 : 적단수											1 : 적단수																																										
//													2 : 아군단수											2 : 아군단수																																										
//													3 : 지정지점범위내적군											3 : 지정지점범위내적군																																										
//					1. 노멀								4 : 지정지점범위내아군											4 : 지정지점범위내아군																																										
//					2. 레어								5 : 자기 중심 범위내 적군											5 : 자기 중심 범위내 적군																																										
//			1. 첫번째		3. 엘리트								6 : 자기 중심 범위내 아군			"(특정합연산) 발키리&위치 소환수 어빌리티(221, 357, 358, 363, 364)는 Oprion1,2도 합연산 됩니다."								6 : 자기 중심 범위내 아군			"(특정합연산) 발키리&위치 소환수 어빌리티(221, 357, 358, 363, 364)는 Oprion1,2도 합연산 됩니다."																																							
//			2. 두번째	20104. 하급	4. 유니크								7 : 자기자신			↑								7 : 자기자신			↑																																							
//			3. 세번째	20105. 상급	5. 레전드			슬롯그룹내 1000분률	(합연산)	(합연산)	(합연산)			(합연산)		(특정합연산)	(특정합연산)	(합연산)	(합연산)	(합연산)	(합연산)		2번째 어빌리티는 '고유'인경우에만 동작		(합연산)		(특정합연산)	(특정합연산)	(합연산)	(합연산)	(합연산)	(합연산)																																		
//	고유번호	스킬코드	해방슬롯그룹	해방석 종류및계열	어빌리티등급	고유여부	해방이름	확률	추가스킬사거리	추가스킬범위	추가최대적용마리수	어빌리티ID	어빌리티적용범위타입	어빌리티성공확율	어빌리티성공확률평점보정	어빌리티옵션1	어빌리티옵션2	타입설정 or 수치입력	수치/비율값 입력	유지시간 설정	주기시간 설정	이상상태 설정	어빌리티ID	어빌리티적용범위타입	어빌리티성공확율	어빌리티성공확률평점보정	어빌리티옵션1	어빌리티옵션2	타입설정 or 수치입력	수치/비율값 입력	유지시간 설정	주기시간 설정	이상상태 설정																																	
	Index	SkillCode	SlotGroup	ItemType	Rarity	IsUnique	LiberationName	Probability	SkillRange	SkillArea	MaxTargetNo	AbilityID1	Ability1RangeType	Ability1SuccessRate	Ability1ItemScoreRate	Ability1Option1	Ability1Option2	Ability1Parameter1	Ability1Parameter2	Ability1Parameter3	Ability1Parameter4	Ability1Parameter5	AbilityID2	Ability2RangeType	Ability2SuccessRate	Ability2ItemScoreRate	Ability2Option1	Ability2Option2	Ability2Parameter1	Ability2Parameter2	Ability2Parameter3	Ability2Parameter4	Ability2Parameter5	FieldEnd																																
	1576	56	1	20104	1	0	404212	167	0	0	0	25	7	0	0	1	0	0	50	0	0	176	0	0	0	0	0	0	0	0	0	0	0		//	크리티컬 확률 +5%																														
	1577	56	1	20104	1	0	405995	167	0	0	0	25	7	0	0	1	0	0	100	0	0	176	0	0	0	0	0	0	0	0	0	0	0		//	크리티컬 확률 +10%																														
	1578	56	1	20104	1	0	405996	166	0	0	0	25	7	0	0	1	0	0	150	0	0	176	0	0	0	0	0	0	0	0	0	0	0		//	크리티컬 확률 +15%																														
	1579	56	1	20104	1	0	405997	167	0	0	0	25	7	0	0	1	0	0	200	0	0	176	0	0	0	0	0	0	0	0	0	0	0		//	크리티컬 확률 +20%																														
	1580	56	1	20104	1	0	404210	167	0	0	0	25	7	0	0	1	0	0	250	0	0	176	0	0	0	0	0	0	0	0	0	0	0		//	크리티컬 확률 +25%																														
	1581	56	1	20104	1	0	404211	166	0	0	0	25	7	0	0	1	0	0	300	0	0	176	0	0	0	0	0	0	0	0	0	0	0		//	크리티컬 확률 +30%																														
	1582	56	2	20104	1	0	404237	167	0	0	0	109	7	0	0	9	0	0	0	300	0	115	0	0	0	0	0	0	0	0	0	0	0		//	흡수 지속시간 +0.3초																														
	1583	56	2	20104	1	0	404238	167	0	0	0	109	7	0	0	9	0	0	0	600	0	115	0	0	0	0	0	0	0	0	0	0	0		//	흡수 지속시간 +0.6초																														
	1584	56	2	20104	1	0	404242	166	0	0	0	109	7	0	0	9	0	0	0	1000	0	115	0	0	0	0	0	0	0	0	0	0	0		//	흡수 지속시간 +1초																														
	1585	56	2	20104	1	0	404239	167	0	0	0	109	7	0	0	9	0	0	0	1300	0	115	0	0	0	0	0	0	0	0	0	0	0		//	흡수 지속시간 +1.3초																														
	1586	56	2	20104	1	0	404241	167	0	0	0	109	7	0	0	9	0	0	0	1600	0	115	0	0	0	0	0	0	0	0	0	0	0		//	흡수 지속시간 +1.6초																														
	1587	56	2	20104	1	0	404243	166	0	0	0	109	7	0	0	9	0	0	0	2000	0	115	0	0	0	0	0	0	0	0	0	0	0		//	흡수 지속시간 +2초																														
	1588	56	3	20104	1	0	404221	83	0	0	0	116	7	1000	0	100	0	0	3000	3000	5	119	0	0	0	0	0	0	0	0	0	0	0		//	피격 프로즌 : 3초동안 10% 피해 반사 (5회 피격 시 삭제)																														
	1589	56	3	20104	1	0	404219	83	0	0	0	116	7	1000	0	100	0	0	3000	3000	10	119	0	0	0	0	0	0	0	0	0	0	0		//	피격 프로즌 : 3초동안 10% 피해 반사 (10회 피격 시 삭제)																														
	1590	56	3	20104	1	0	404220	83	0	0	0	116	7	1000	0	100	0	0	3000	3000	15	119	0	0	0	0	0	0	0	0	0	0	0		//	피격 프로즌 : 3초동안 10% 피해 반사 (15회 피격 시 삭제)																														
	1591	56	3	20104	1	0	404224	83	0	0	0	116	7	1000	0	250	0	0	3000	3000	5	119	0	0	0	0	0	0	0	0	0	0	0		//	피격 프로즌 : 3초동안 25% 피해 반사 (5회 피격 시 삭제)																														
	1592	56	3	20104	1	0	404222	83	0	0	0	116	7	1000	0	250	0	0	3000	3000	10	119	0	0	0	0	0	0	0	0	0	0	0		//	피격 프로즌 : 3초동안 25% 피해 반사 (10회 피격 시 삭제)																														
	1593	56	3	20104	1	0	404223	83	0	0	0	116	7	1000	0	250	0	0	3000	3000	15	119	0	0	0	0	0	0	0	0	0	0	0		//	피격 프로즌 : 3초동안 25% 피해 반사 (15회 피격 시 삭제)																														
//중국선적용	1588	56	3	20104	1	0	404221	83	0	0	0	4	7	1000	0	0	0	1	300	3000	1000	1513	0	0	0	0	0	0	0	0	0	0	0		//	활기 : 3초동안 자신의 HP 회복 +300																														
//중국선적용	1589	56	3	20104	1	0	404219	83	0	0	0	4	7	1000	0	0	0	1	600	3000	1000	1513	0	0	0	0	0	0	0	0	0	0	0		//	활기 : 3초동안 자신의 HP 회복 +600																														
//중국선적용	1590	56	3	20104	1	0	404220	83	0	0	0	4	7	1000	0	0	0	1	1000	3000	1000	1513	0	0	0	0	0	0	0	0	0	0	0		//	활기 : 3초동안 자신의 HP 회복 +1000																														
//중국선적용	1591	56	3	20104	1	0	404224	83	0	0	0	4	7	1000	0	0	0	1	300	4000	1000	1513	0	0	0	0	0	0	0	0	0	0	0		//	활기 : 4초동안 자신의 HP 회복 +300																														
//중국선적용	1592	56	3	20104	1	0	404222	83	0	0	0	4	7	1000	0	0	0	1	600	4000	1000	1513	0	0	0	0	0	0	0	0	0	0	0		//	활기 : 4초동안 자신의 HP 회복 +600																														
//중국선적용	1593	56	3	20104	1	0	404223	87	0	0	0	4	7	1000	0	0	0	1	1000	4000	1000	1513	0	0	0	0	0	0	0	0	0	0	0		//	활기 : 4초동안 자신의 HP 회복 +1000																														
	1594	61	1	20104	1	0	405527	167	0	0	1	0	0	0	0	0	0	0	0	0	0	0	0	0	0	0	0	0	0	0	0	0	0		//	적용 개체 수 +1																														
	1595	61	1	20104	1	0	405528	167	0	0	2	0	0	0	0	0	0	0	0	0	0	0	0	0	0	0	0	0	0	0	0	0	0		//	적용 개체 수 +2																														
	1596	61	1	20104	1	0	405529	166	0	0	3	0	0	0	0	0	0	0	0	0	0	0	0	0	0	0	0	0	0	0	0	0	0		//	적용 개체 수 +3																														
	1597	61	1	20104	1	0	405501	167	10	0	0	0	0	0	0	0	0	0	0	0	0	0	0	0	0	0	0	0	0	0	0	0	0		//	사거리 +1미터																														
	1598	61	1	20104	1	0	405503	167	20	0	0	0	0	0	0	0	0	0	0	0	0	0	0	0	0	0	0	0	0	0	0	0	0		//	사거리 +2미터																														
	1599	61	1	20104	1	0	405505	166	30	0	0	0	0	0	0	0	0	0	0	0	0	0	0	0	0	0	0	0	0	0	0	0	0		//	사거리 +3미터																														
	1600	61	2	20104	1	0	405436	167	0	0	0	1	3	0	0	9	2	142	0	0	0	0	0	0	0	0	0	0	0	0	0	0	0		//	스킬 피해량 +3%																														
	1601	61	2	20104	1	0	405445	167	0	0	0	1	3	0	0	9	2	285	0	0	0	0	0	0	0	0	0	0	0	0	0	0	0		//	스킬 피해량 +6%																														
	1602	61	2	20104	1	0	405561	166	0	0	0	1	3	0	0	9	2	475	0	0	0	0	0	0	0	0	0	0	0	0	0	0	0		//	스킬 피해량 +10%																														
	1603	61	2	20104	1	0	405272	167	0	0	0	100	3	0	0	0	0	0	0	100	0	3	0	0	0	0	0	0	0	0	0	0	0		//	다운 지속시간 +0.1초																														
	1604	61	2	20104	1	0	405551	167	0	0	0	100	3	0	0	0	0	0	0	300	0	3	0	0	0	0	0	0	0	0	0	0	0		//	다운 지속시간 +0.3초																														
	1605	61	2	20104	1	0	405273	166	0	0	0	100	3	0	0	0	0	0	0	500	0	3	0	0	0	0	0	0	0	0	0	0	0		//	다운 지속시간 +0.5초																														
	1606	61	3	20104	1	1	405370	167	0	0	0	1	3	0	0	9	2	475	0	0	0	0	14	3	1000	0	9	0	2	-100	3000	0	105		//	스킬 피해량 +10% & 약체 : 100% 확률로 3초동안 방어력 -10%																														
	1607	61	3	20104	1	1	405398	167	0	0	0	1	3	0	0	9	2	569	0	0	0	0	14	3	1000	0	9	0	2	-100	4000	0	105		//	스킬 피해량 +12% & 약체 : 100% 확률로 4초동안 방어력 -10%																														
	1608	61	3	20104	1	1	405424	166	0	0	0	1	3	0	0	9	2	712	0	0	0	0	14	3	1000	0	9	0	2	-100	5000	0	105		//	스킬 피해량 +15% & 약체 : 100% 확률로 5초동안 방어력 -10%																														
	1609	61	3	20104	1	1	405363	167	0	0	0	1	3	0	0	9	2	475	0	0	0	0	11	3	1000	0	9	0	2	-100	3000	0	104		//	스킬 피해량 +10% & 무기력 : 100% 확률로 3초동안 공격력 -10%																														
	1610	61	3	20104	1	1	405390	167	0	0	0	1	3	0	0	9	2	569	0	0	0	0	11	3	1000	0	9	0	2	-100	4000	0	104		//	스킬 피해량 +12% & 무기력 : 100% 확률로 4초동안 공격력 -10%																														
	1611	61	3	20104	1	1	405416	166	0	0	0	1	3	0	0	9	2	712	0	0	0	0	11	3	1000	0	9	0	2	-100	5000	0	104		//	스킬 피해량 +15% & 무기력 : 100% 확률로 5초동안 공격력 -10%																														
	1000	64	1	20104	1	0	405509	167	0	0	0	3	7	0	0	0	0	0	0	1000	0	1305	0	0	0	0	0	0	0	0	0	0	0		//	격려 지속시간 +1초																														
	1001	64	1	20104	1	0	405510	167	0	0	0	3	7	0	0	0	0	0	0	2000	0	1305	0	0	0	0	0	0	0	0	0	0	0		//	격려 지속시간 +2초																														
	1002	64	1	20104	1	0	405511	166	0	0	0	3	7	0	0	0	0	0	0	3000	0	1305	0	0	0	0	0	0	0	0	0	0	0		//	격려 지속시간 +3초																														
	1003	64	1	20104	1	0	405512	167	0	0	0	3	7	0	0	0	0	0	50	0	0	1305	0	0	0	0	0	0	0	0	0	0	0		//	격려 증가 +5%																														
	1004	64	1	20104	1	0	405513	167	0	0	0	3	7	0	0	0	0	0	100	0	0	1305	0	0	0	0	0	0	0	0	0	0	0		//	격려 증가 +10%																														
	1005	64	1	20104	1	0	405514	166	0	0	0	3	7	0	0	0	0	0	150	0	0	1305	0	0	0	0	0	0	0	0	0	0	0		//	격려 증가 +15%																														
	1006	64	2	20104	1	0	405515	167	0	0	0	28	7	0	0	0	0	0	0	1000	0	312	0	0	0	0	0	0	0	0	0	0	0		//	스킬 데미지 증가 지속시간 +1초																														
	1007	64	2	20104	1	0	405516	167	0	0	0	28	7	0	0	0	0	0	0	2000	0	312	0	0	0	0	0	0	0	0	0	0	0		//	스킬 데미지 증가 지속시간 +2초																														
	1008	64	2	20104	1	0	405517	166	0	0	0	28	7	0	0	0	0	0	0	3000	0	312	0	0	0	0	0	0	0	0	0	0	0		//	스킬 데미지 증가 지속시간 +3초																														
	1009	64	2	20104	1	0	405518	167	0	0	0	28	7	0	0	0	0	0	50	0	0	312	0	0	0	0	0	0	0	0	0	0	0		//	스킬 데미지 증가 +5%																														
	1010	64	2	20104	1	0	405519	167	0	0	0	28	7	0	0	0	0	0	100	0	0	312	0	0	0	0	0	0	0	0	0	0	0		//	스킬 데미지 증가 +10%																														
	1011	64	2	20104	1	0	405520	166	0	0	0	28	7	0	0	0	0	0	150	0	0	312	0	0	0	0	0	0	0	0	0	0	0		//	스킬 데미지 증가 +15%																														
	1012	64	3	20104	1	0	405521	83	0	0	0	116	7	1000	0	100	0	0	3000	3000	10	119	0	0	0	0	0	0	0	0	0	0	0		//	피격 프로즌 : 3초동안 10% 피해 반사 (10회 피격 시 삭제)																														
	1013	64	3	20104	1	0	405522	83	0	0	0	116	7	1000	0	200	0	0	3000	3000	10	119	0	0	0	0	0	0	0	0	0	0	0		//	피격 프로즌 : 3초동안 20% 피해 반사 (10회 피격 시 삭제)																														
	1014	64	3	20104	1	0	405523	83	0	0	0	116	7	1000	0	300	0	0	3000	3000	10	119	0	0	0	0	0	0	0	0	0	0	0		//	피격 프로즌 : 3초동안 30% 피해 반사 (10회 피격 시 삭제)																														
	1015	64	3	20104	1	0	405524	83	0	0	0	116	7	1000	0	100	0	0	3000	4000	10	119	0	0	0	0	0	0	0	0	0	0	0		//	피격 프로즌 : 4초동안 10% 피해 반사 (10회 피격 시 삭제)																														
	1016	64	3	20104	1	0	405525	83	0	0	0	116	7	1000	0	200	0	0	3000	4000	10	119	0	0	0	0	0	0	0	0	0	0	0		//	피격 프로즌 : 4초동안 20% 피해 반사 (10회 피격 시 삭제)																														
	1017	64	3	20104	1	0	405526	83	0	0	0	116	7	1000	0	300	0	0	3000	4000	10	119	0	0	0	0	0	0	0	0	0	0	0		//	피격 프로즌 : 4초동안 30% 피해 반사 (10회 피격 시 삭제)																														
//중국선적용	1012	64	3	20104	1	0	405521	83	0	0	0	116	7	1000	0	50	0	0	3000	3000	10	119	0	0	0	0	0	0	0	0	0	0	0		//	피격 프로즌 : 3초동안 피해 5% 반사 및 적 3초 프로즌 (10회 피격시 삭제)																														
//중국선적용	1013	64	3	20104	1	0	405522	83	0	0	0	116	7	1000	0	100	0	0	3000	3000	10	119	0	0	0	0	0	0	0	0	0	0	0		//	피격 프로즌 : 3초동안 피해 10% 반사 및 적 3초 프로즌 (10회 피격시 삭제)																														
//중국선적용	1014	64	3	20104	1	0	405523	83	0	0	0	116	7	1000	0	150	0	0	3000	3000	10	119	0	0	0	0	0	0	0	0	0	0	0		//	피격 프로즌 : 3초동안 피해 15% 반사 및 적 3초 프로즌 (10회 피격시 삭제)																														
//중국선적용	1015	64	3	20104	1	0	405524	83	0	0	0	116	7	1000	0	200	0	0	3000	3000	10	119	0	0	0	0	0	0	0	0	0	0	0		//	피격 프로즌 : 3초동안 피해 20% 반사 및 적 3초 프로즌 (10회 피격시 삭제)																														
//중국선적용	1016	64	3	20104	1	0	405525	83	0	0	0	116	7	1000	0	250	0	0	3000	3000	10	119	0	0	0	0	0	0	0	0	0	0	0		//	피격 프로즌 : 3초동안 피해 25% 반사 및 적 3초 프로즌 (10회 피격시 삭제)																														
//중국선적용	1017	64	3	20104	1	0	405526	87	0	0	0	116	7	1000	0	300	0	0	3000	3000	10	119	0	0	0	0	0	0	0	0	0	0	0		//	피격 프로즌 : 3초동안 피해 30% 반사 및 적 3초 프로즌 (10회 피격시 삭제)																														
	1018	65	1	20104	1	0	405527	167	0	0	1	0	0	0	0	0	0	0	0	0	0	0	0	0	0	0	0	0	0	0	0	0	0		//	적용 개체수 +1																														
	1019	65	1	20104	1	0	405528	167	0	0	2	0	0	0	0	0	0	0	0	0	0	0	0	0	0	0	0	0	0	0	0	0	0		//	적용 개체수 +2																														
	1020	65	1	20104	1	0	405529	166	0	0	3	0	0	0	0	0	0	0	0	0	0	0	0	0	0	0	0	0	0	0	0	0	0		//	적용 개체수 +3																														
	1021	65	1	20104	1	0	405530	167	0	0	4	0	0	0	0	0	0	0	0	0	0	0	0	0	0	0	0	0	0	0	0	0	0		//	적용 개체수 +4																														
	1022	65	1	20104	1	0	405531	167	0	0	5	0	0	0	0	0	0	0	0	0	0	0	0	0	0	0	0	0	0	0	0	0	0		//	적용 개체수 +5																														
	1023	65	1	20104	1	0	405532	166	0	0	6	0	0	0	0	0	0	0	0	0	0	0	0	0	0	0	0	0	0	0	0	0	0		//	적용 개체수 +6																														
	1024	65	2	20104	1	0	405533	167	0	0	0	109	7	0	0	0	0	0	0	1000	0	1301	0	0	0	0	0	0	0	0	0	0	0		//	무적 지속시간 +1초																														
	1025	65	2	20104	1	0	405534	167	0	0	0	109	7	0	0	0	0	0	0	2000	0	1301	0	0	0	0	0	0	0	0	0	0	0		//	무적 지속시간 +2초																														
	1026	65	2	20104	1	0	405535	166	0	0	0	109	7	0	0	0	0	0	0	3000	0	1301	0	0	0	0	0	0	0	0	0	0	0		//	무적 지속시간 +3초																														
	1027	65	2	20104	1	0	405536	167	0	0	0	101	7	0	0	0	0	0	0	1000	0	202	0	0	0	0	0	0	0	0	0	0	0		//	보호 지속시간 +1초																														
	1028	65	2	20104	1	0	405537	167	0	0	0	101	7	0	0	0	0	0	0	2000	0	202	0	0	0	0	0	0	0	0	0	0	0		//	보호 지속시간 +2초																														
	1029	65	2	20104	1	0	405538	166	0	0	0	101	7	0	0	0	0	0	0	3000	0	202	0	0	0	0	0	0	0	0	0	0	0		//	보호 지속시간 +3초																														
	1030	65	3	20104	1	1	405539	167	0	0	0	20	5	1000	0	0	0	2	-200	3000	0	108	21	5	1000	0	0	0	2	-200	3000	0	109		//	족쇄 : 100% 확률로 3초동안 이동속도 -20% & 둔화 : 100% 확률로 3초동안 공격속도 -20%																														
	1031	65	3	20104	1	1	405540	167	0	0	0	20	5	1000	0	0	0	2	-300	3000	0	108	21	5	1000	0	0	0	2	-300	3000	0	109		//	족쇄 : 100% 확률로 3초동안 이동속도 -30% & 둔화 : 100% 확률로 3초동안 공격속도 -30%																														
	1032	65	3	20104	1	1	405541	166	0	0	0	20	5	1000	0	0	0	2	-400	3000	0	108	21	5	1000	0	0	0	2	-400	3000	0	109		//	족쇄 : 100% 확률로 3초동안 이동속도 -40% & 둔화 : 100% 확률로 3초동안 공격속도 -40%																														
	1033	65	3	20104	1	1	405542	167	0	0	0	20	5	1000	0	0	0	2	-200	5000	0	108	21	5	1000	0	0	0	2	-200	5000	0	109		//	족쇄 : 100% 확률로 5초동안 이동속도 -20% & 둔화 : 100% 확률로 5초동안 공격속도 -20%																														
	1034	65	3	20104	1	1	405543	167	0	0	0	20	5	1000	0	0	0	2	-300	5000	0	108	21	5	1000	0	0	0	2	-300	5000	0	109		//	족쇄 : 100% 확률로 5초동안 이동속도 -30% & 둔화 : 100% 확률로 5초동안 공격속도 -30%																														
	1035	65	3	20104	1	1	405544	166	0	0	0	20	5	1000	0	0	0	2	-400	5000	0	108	21	5	1000	0	0	0	2	-400	5000	0	109		//	족쇄 : 100% 확률로 5초동안 이동속도 -40% & 둔화 : 100% 확률로 5초동안 공격속도 -40%																														
	1612	105	1	20104	1	0	405527	167	0	0	1	0	0	0	0	0	0	0	0	0	0	0	0	0	0	0	0	0	0	0	0	0	0		//	적용 개체 수 +1																														
	1613	105	1	20104	1	0	405528	167	0	0	2	0	0	0	0	0	0	0	0	0	0	0	0	0	0	0	0	0	0	0	0	0	0		//	적용 개체 수 +2																														
	1614	105	1	20104	1	0	405529	166	0	0	3	0	0	0	0	0	0	0	0	0	0	0	0	0	0	0	0	0	0	0	0	0	0		//	적용 개체 수 +3																														
	1615	105	1	20104	1	0	405530	167	0	0	4	0	0	0	0	0	0	0	0	0	0	0	0	0	0	0	0	0	0	0	0	0	0		//	적용 개체 수 +4																														
	1616	105	1	20104	1	0	405531	167	0	0	5	0	0	0	0	0	0	0	0	0	0	0	0	0	0	0	0	0	0	0	0	0	0		//	적용 개체 수 +5																														
	1617	105	1	20104	1	0	405532	166	0	0	6	0	0	0	0	0	0	0	0	0	0	0	0	0	0	0	0	0	0	0	0	0	0		//	적용 개체 수 +6																														
	1618	105	2	20104	1	0	405436	167	0	0	0	1	3	0	0	1	2	123	0	0	0	0	0	0	0	0	0	0	0	0	0	0	0		//	스킬 피해량 +3%																														
	1619	105	2	20104	1	0	405445	167	0	0	0	1	3	0	0	1	2	245	0	0	0	0	0	0	0	0	0	0	0	0	0	0	0		//	스킬 피해량 +6%																														
	1620	105	2	20104	1	0	405561	166	0	0	0	1	3	0	0	1	2	409	0	0	0	0	0	0	0	0	0	0	0	0	0	0	0		//	스킬 피해량 +10%																														
	1621	105	2	20104	1	0	405993	167	0	0	0	208	3	0	0	0	1	61	0	0	0	0	0	0	0	0	0	0	0	0	0	0	0		//	추가 피해량 +3%																														
	1622	105	2	20104	1	0	405994	167	0	0	0	208	3	0	0	0	1	123	0	0	0	0	0	0	0	0	0	0	0	0	0	0	0		//	추가 피해량 +6%																														
	1623	105	2	20104	1	0	405576	166	0	0	0	208	3	0	0	0	1	204	0	0	0	0	0	0	0	0	0	0	0	0	0	0	0		//	추가 피해량 +10%																														
	1624	105	3	20104	1	1	405374	167	0	0	0	1	3	0	0	1	2	409	0	0	0	0	19	3	0	0	0	0	0	0	1000	0	107		//	스킬 피해량 +10% & 좌절 지속시간 +1초																														
	1625	105	3	20104	1	1	405404	167	0	0	0	1	3	0	0	1	2	491	0	0	0	0	19	3	0	0	0	0	0	0	2000	0	107		//	스킬 피해량 +12% & 좌절 지속시간 +2초																														
	1626	105	3	20104	1	1	405430	166	0	0	0	1	3	0	0	1	2	613	0	0	0	0	19	3	0	0	0	0	0	0	3000	0	107		//	스킬 피해량 +15% & 좌절 지속시간 +3초																														
	1627	105	3	20104	1	1	405841	167	0	0	0	208	3	0	0	0	1	204	0	0	0	0	19	3	0	0	0	0	0	-30	0	0	107		//	추가 피해량 +10% & 좌절 감소량 -3%																														
	1628	105	3	20104	1	1	405847	167	0	0	0	208	3	0	0	0	1	245	0	0	0	0	19	3	0	0	0	0	0	-60	0	0	107		//	추가 피해량 +12% & 좌절 감소량 -6%																														
	1629	105	3	20104	1	1	405991	166	0	0	0	208	3	0	0	0	1	307	0	0	0	0	19	3	0	0	0	0	0	-90	0	0	107		//	추가 피해량 +15% & 좌절 감소량 -9%																														
	1630	103	1	20104	1	0	405835	167	0	0	0	25	7	0	0	1	0	0	0	1000	0	1508	0	0	0	0	0	0	0	0	0	0	0		//	집중 지속시간 +1초																														
	1631	103	1	20104	1	0	405834	167	0	0	0	25	7	0	0	1	0	0	0	1500	0	1508	0	0	0	0	0	0	0	0	0	0	0		//	집중 지속시간 +1.5초																														
	1632	103	1	20104	1	0	405836	166	0	0	0	25	7	0	0	1	0	0	0	2000	0	1508	0	0	0	0	0	0	0	0	0	0	0		//	집중 지속시간 +2초																														
	1633	103	1	20104	1	0	405451	167	0	0	0	28	7	0	0	0	0	0	0	1000	0	312	0	0	0	0	0	0	0	0	0	0	0		//	스킬데미지증가 지속시간 +1초																														
	1634	103	1	20104	1	0	405450	167	0	0	0	28	7	0	0	0	0	0	0	1500	0	312	0	0	0	0	0	0	0	0	0	0	0		//	스킬데미지증가 지속시간 +1.5초																														
	1635	103	1	20104	1	0	405452	166	0	0	0	28	7	0	0	0	0	0	0	2000	0	312	0	0	0	0	0	0	0	0	0	0	0		//	스킬데미지증가 지속시간 +2초																														
	1636	103	2	20104	1	0	202006	167	0	0	0	109	7	0	0	9	0	0	0	500	0	115	0	0	0	0	0	0	0	0	0	0	0		//	흡수 지속시간 +0.5초																														
	1637	103	2	20104	1	0	404242	167	0	0	0	109	7	0	0	9	0	0	0	1000	0	115	0	0	0	0	0	0	0	0	0	0	0		//	흡수 지속시간 +1초																														
	1638	103	2	20104	1	0	404240	166	0	0	0	109	7	0	0	9	0	0	0	1500	0	115	0	0	0	0	0	0	0	0	0	0	0		//	흡수 지속시간 +1.5초																														
	1639	103	2	20104	1	0	404243	167	0	0	0	109	7	0	0	9	0	0	0	2000	0	115	0	0	0	0	0	0	0	0	0	0	0		//	흡수 지속시간 +2초																														
	1640	103	2	20104	1	0	202007	167	0	0	0	109	7	0	0	9	0	0	0	2500	0	115	0	0	0	0	0	0	0	0	0	0	0		//	흡수 지속시간 +2.5초																														
	1641	103	2	20104	1	0	202008	166	0	0	0	109	7	0	0	9	0	0	0	3000	0	115	0	0	0	0	0	0	0	0	0	0	0		//	흡수 지속시간 +3초																														
	1642	103	3	20104	1	1	405346	167	0	0	0	28	7	0	0	0	0	0	50	0	0	312	109	7	0	0	9	0	0	10	0	0	115		//	스킬 데미지 증가 +5% & 흡수 : 피해 전환량 +1%																														
	1643	103	3	20104	1	1	405344	167	0	0	0	28	7	0	0	0	0	0	100	0	0	312	109	7	0	0	9	0	0	30	0	0	115		//	스킬 데미지 증가 +10% & 흡수 : 피해 전환량 +3%																														
	1644	103	3	20104	1	1	405345	166	0	0	0	28	7	0	0	0	0	0	150	0	0	312	109	7	0	0	9	0	0	50	0	0	115		//	스킬 데미지 증가 +15% & 흡수 : 피해 전환량 +5%																														
	1645	103	3	20104	1	1	405268	167	0	0	0	11	7	1000	0	9	0	2	50	5000	0	200	109	7	0	0	9	0	0	10	0	0	115		//	기본 공격력 증가 +5% & 흡수 : 피해 전환량 +1%																														
	1646	103	3	20104	1	1	405266	167	0	0	0	11	7	1000	0	9	0	2	100	5000	0	200	109	7	0	0	9	0	0	30	0	0	115		//	기본 공격력 증가 +10% & 흡수 : 피해 전환량 +3%																														
	1647	103	3	20104	1	1	405267	166	0	0	0	11	7	1000	0	9	0	2	150	5000	0	200	109	7	0	0	9	0	0	50	0	0	115		//	기본 공격력 증가 +15% & 흡수 : 피해 전환량 +5%																														
	1036	117	1	20104	1	0	405527	167	0	0	1	0	0	0	0	0	0	0	0	0	0	0	0	0	0	0	0	0	0	0	0	0	0		//	적용 개체수 +1																														
	1037	117	1	20104	1	0	405528	167	0	0	2	0	0	0	0	0	0	0	0	0	0	0	0	0	0	0	0	0	0	0	0	0	0		//	적용 개체수 +2																														
	1038	117	1	20104	1	0	405529	166	0	0	3	0	0	0	0	0	0	0	0	0	0	0	0	0	0	0	0	0	0	0	0	0	0		//	적용 개체수 +3																														
	1039	117	1	20104	1	0	405530	167	0	0	4	0	0	0	0	0	0	0	0	0	0	0	0	0	0	0	0	0	0	0	0	0	0		//	적용 개체수 +4																														
	1040	117	1	20104	1	0	405531	167	0	0	5	0	0	0	0	0	0	0	0	0	0	0	0	0	0	0	0	0	0	0	0	0	0		//	적용 개체수 +5																														
	1041	117	1	20104	1	0	405532	166	0	0	6	0	0	0	0	0	0	0	0	0	0	0	0	0	0	0	0	0	0	0	0	0	0		//	적용 개체수 +6																														
	1042	117	2	20104	1	0	405545	167	0	0	0	2	5	0	0	9	0	0	0	1000	0	101	0	0	0	0	0	0	0	0	0	0	0		//	상처 지속시간 +1초																														
	1043	117	2	20104	1	0	405546	167	0	0	0	2	5	0	0	9	0	0	0	2000	0	101	0	0	0	0	0	0	0	0	0	0	0		//	상처 지속시간 +2초																														
	1044	117	2	20104	1	0	405547	166	0	0	0	2	5	0	0	9	0	0	0	3000	0	101	0	0	0	0	0	0	0	0	0	0	0		//	상처 지속시간 +3초																														
	1045	117	2	20104	1	0	405548	167	0	0	0	2	5	0	0	9	200	0	47	0	0	101	0	0	0	0	0	0	0	0	0	0	0		//	상처 피해량 +5%																														
	1046	117	2	20104	1	0	405549	167	0	0	0	2	5	0	0	9	200	0	93	0	0	101	0	0	0	0	0	0	0	0	0	0	0		//	상처 피해량 +10%																														
	1047	117	2	20104	1	0	405550	166	0	0	0	2	5	0	0	9	200	0	140	0	0	101	0	0	0	0	0	0	0	0	0	0	0		//	상처 피해량 +15%																														
	1048	117	3	20104	1	0	405551	167	0	0	0	100	5	0	0	0	0	0	0	300	0	3	0	0	0	0	0	0	0	0	0	0	0		//	다운 지속시간 +0.3초																														
	1049	117	3	20104	1	0	405552	167	0	0	0	100	5	0	0	0	0	0	0	600	0	3	0	0	0	0	0	0	0	0	0	0	0		//	다운 지속시간 +0.6초																														
	1050	117	3	20104	1	0	405553	166	0	0	0	100	5	0	0	0	0	0	0	1000	0	3	0	0	0	0	0	0	0	0	0	0	0		//	다운 지속시간 +1초																														
	1051	117	3	20104	1	0	405554	167	0	0	0	1	5	1000	0	9	0	1500	0	0	0	0	0	0	0	0	0	0	0	0	0	0	0		//	스킬 피해량 +1500																														
	1052	117	3	20104	1	0	405555	167	0	0	0	1	5	1000	0	9	0	2000	0	0	0	0	0	0	0	0	0	0	0	0	0	0	0		//	스킬 피해량 +2000																														
	1053	117	3	20104	1	0	405556	166	0	0	0	1	5	1000	0	9	0	3000	0	0	0	0	0	0	0	0	0	0	0	0	0	0	0		//	스킬 피해량 +3000																														
	1054	116	1	20104	1	0	405527	167	0	0	1	0	0	0	0	0	0	0	0	0	0	0	0	0	0	0	0	0	0	0	0	0	0		//	적용 개체수 +1																														
	1055	116	1	20104	1	0	405528	167	0	0	2	0	0	0	0	0	0	0	0	0	0	0	0	0	0	0	0	0	0	0	0	0	0		//	적용 개체수 +2																														
	1056	116	1	20104	1	0	405529	166	0	0	3	0	0	0	0	0	0	0	0	0	0	0	0	0	0	0	0	0	0	0	0	0	0		//	적용 개체수 +3																														
	1057	116	1	20104	1	0	405557	167	0	0	0	20	5	0	0	0	0	0	-50	0	0	108	0	0	0	0	0	0	0	0	0	0	0		//	족쇄 감소량 -5%																														
	1058	116	1	20104	1	0	405558	167	0	0	0	20	5	0	0	0	0	0	-100	0	0	108	0	0	0	0	0	0	0	0	0	0	0		//	족쇄 감소량 -10%																														
	1059	116	1	20104	1	0	405559	166	0	0	0	20	5	0	0	0	0	0	-150	0	0	108	0	0	0	0	0	0	0	0	0	0	0		//	족쇄 감소량 -15%																														
	1060	116	2	20104	1	0	405560	167	0	0	0	1	5	0	0	9	0	304	0	0	0	0	0	0	0	0	0	0	0	0	0	0	0		//	스킬 피해량 +5%																														
	1061	116	2	20104	1	0	405561	167	0	0	0	1	5	0	0	9	0	607	0	0	0	0	0	0	0	0	0	0	0	0	0	0	0		//	스킬 피해량 +10%																														
	1062	116	2	20104	1	0	405562	166	0	0	0	1	5	0	0	9	0	911	0	0	0	0	0	0	0	0	0	0	0	0	0	0	0		//	스킬 피해량 +15%																														
	1063	116	2	20104	1	0	405563	167	0	0	0	20	5	0	0	0	0	0	0	1000	0	108	0	0	0	0	0	0	0	0	0	0	0		//	족쇄 지속시간 +1초																														
	1064	116	2	20104	1	0	405564	167	0	0	0	20	5	0	0	0	0	0	0	2000	0	108	0	0	0	0	0	0	0	0	0	0	0		//	족쇄 지속시간 +2초																														
	1065	116	2	20104	1	0	405565	166	0	0	0	20	5	0	0	0	0	0	0	3000	0	108	0	0	0	0	0	0	0	0	0	0	0		//	족쇄 지속시간 +3초																														
	1066	116	3	20104	1	0	405566	167	0	0	0	101	5	150	0	0	0	0	0	300	0	303	0	0	0	0	0	0	0	0	0	0	0		//	피어 확률 +15% & 피어 지속시간 +0.3초																														
	1067	116	3	20104	1	0	405567	167	0	0	0	101	5	150	0	0	0	0	0	600	0	303	0	0	0	0	0	0	0	0	0	0	0		//	피어 확률 +15% & 피어 지속시간 +0.6초																														
	1068	116	3	20104	1	0	405568	166	0	0	0	101	5	150	0	0	0	0	0	1000	0	303	0	0	0	0	0	0	0	0	0	0	0		//	피어 확률 +15% & 피어 지속시간 +1초																														
	1069	116	3	20104	1	1	405569	167	0	0	0	1	5	0	0	9	0	911	0	0	0	0	101	5	150	0	0	0	0	0	300	0	303		//	스킬 피해량 +15% & 피어 확률 +15% & 피어 지속시간 +0.3초																														
	1070	116	3	20104	1	1	405570	167	0	0	0	1	5	0	0	9	0	1214	0	0	0	0	101	5	150	0	0	0	0	0	600	0	303		//	스킬 피해량 +20% & 피어 확률 +15% & 피어 지속시간 +0.6초																														
	1071	116	3	20104	1	1	405571	166	0	0	0	1	5	0	0	9	0	1518	0	0	0	0	101	5	150	0	0	0	0	0	1000	0	303		//	스킬 피해량 +25% & 피어 확률 +15% & 피어 지속시간 +1초																														
	1648	314	1	20104	1	0	405527	167	0	0	1	0	0	0	0	0	0	0	0	0	0	0	0	0	0	0	0	0	0	0	0	0	0		//	적용 개체 수 +1																														
	1649	314	1	20104	1	0	405528	167	0	0	2	0	0	0	0	0	0	0	0	0	0	0	0	0	0	0	0	0	0	0	0	0	0		//	적용 개체 수 +2																														
	1650	314	1	20104	1	0	405529	166	0	0	3	0	0	0	0	0	0	0	0	0	0	0	0	0	0	0	0	0	0	0	0	0	0		//	적용 개체 수 +3																														
	1651	314	1	20104	1	0	405501	167	10	0	0	0	0	0	0	0	0	0	0	0	0	0	0	0	0	0	0	0	0	0	0	0	0		//	사거리 +1미터																														
	1652	314	1	20104	1	0	405503	167	20	0	0	0	0	0	0	0	0	0	0	0	0	0	0	0	0	0	0	0	0	0	0	0	0		//	사거리 +2미터																														
	1653	314	1	20104	1	0	405505	166	30	0	0	0	0	0	0	0	0	0	0	0	0	0	0	0	0	0	0	0	0	0	0	0	0		//	사거리 +3미터																														
	1654	314	2	20104	1	0	405436	167	0	0	0	1	3	0	0	9	1	129	0	0	0	0	0	0	0	0	0	0	0	0	0	0	0		//	스킬 피해량 +3%																														
	1655	314	2	20104	1	0	405445	167	0	0	0	1	3	0	0	9	1	259	0	0	0	0	0	0	0	0	0	0	0	0	0	0	0		//	스킬 피해량 +6%																														
	1656	314	2	20104	1	0	405561	166	0	0	0	1	3	0	0	9	1	431	0	0	0	0	0	0	0	0	0	0	0	0	0	0	0		//	스킬 피해량 +10%																														
	1657	314	2	20104	1	0	405317	167	0	0	0	21	3	500	0	0	0	2	-100	3000	0	109	0	0	0	0	0	0	0	0	0	0	0		//	무기력 : 50% 확률로 3초동안 공격력 -10%																														
	1658	314	2	20104	1	0	405318	167	0	0	0	21	3	700	0	0	0	2	-100	3000	0	109	0	0	0	0	0	0	0	0	0	0	0		//	무기력 : 70% 확률로 3초동안 공격력 -10%																														
	1659	314	2	20104	1	0	405316	166	0	0	0	21	3	1000	0	0	0	2	-100	3000	0	109	0	0	0	0	0	0	0	0	0	0	0		//	무기력 : 100% 확률로 3초동안 공격력 -10%																														
	1660	314	3	20104	1	1	405371	167	0	0	0	1	3	0	0	9	1	431	0	0	0	0	14	3	0	0	9	0	0	0	1000	0	105		//	스킬 피해량 +10% & 약체 지속시간 +1초																														
	1661	314	3	20104	1	1	405399	167	0	0	0	1	3	0	0	9	1	517	0	0	0	0	14	3	0	0	9	0	0	0	1500	0	105		//	스킬 피해량 +12% & 약체 지속시간 +1.5초																														
	1662	314	3	20104	1	1	405425	166	0	0	0	1	3	0	0	9	1	647	0	0	0	0	14	3	0	0	9	0	0	0	2000	0	105		//	스킬 피해량 +15% & 약체 지속시간 +2초																														
	1663	314	3	20104	1	1	405840	167	0	0	0	333	3	0	0	0	0	302	0	0	0	0	14	3	0	0	9	0	0	-30	0	0	105		//	추가 피해량 +10% & 약체 방어력 감소 -3%																														
	1664	314	3	20104	1	1	405846	167	0	0	0	333	3	0	0	0	0	362	0	0	0	0	14	3	0	0	9	0	0	-60	0	0	105		//	추가 피해량 +12% & 약체 방어력 감소 -6%																														
	1665	314	3	20104	1	1	405990	166	0	0	0	333	3	0	0	0	0	453	0	0	0	0	14	3	0	0	9	0	0	-100	0	0	105		//	추가 피해량 +15% & 약체 방어력 감소 -10%																														
	1666	266	1	20104	1	0	405501	167	10	0	0	0	0	0	0	0	0	0	0	0	0	0	0	0	0	0	0	0	0	0	0	0	0		//	사거리 +1미터																														
	1667	266	1	20104	1	0	405503	167	20	0	0	0	0	0	0	0	0	0	0	0	0	0	0	0	0	0	0	0	0	0	0	0	0		//	사거리 +2미터																														
	1668	266	1	20104	1	0	405505	166	30	0	0	0	0	0	0	0	0	0	0	0	0	0	0	0	0	0	0	0	0	0	0	0	0		//	사거리 +3미터																														
	1669	266	1	20104	1	0	405527	167	0	0	1	0	0	0	0	0	0	0	0	0	0	0	0	0	0	0	0	0	0	0	0	0	0		//	적용 개체 수 +1																														
	1670	266	1	20104	1	0	405528	167	0	0	2	0	0	0	0	0	0	0	0	0	0	0	0	0	0	0	0	0	0	0	0	0	0		//	적용 개체 수 +2																														
	1671	266	1	20104	1	0	405529	166	0	0	3	0	0	0	0	0	0	0	0	0	0	0	0	0	0	0	0	0	0	0	0	0	0		//	적용 개체 수 +3																														
	1672	266	2	20104	1	0	405436	167	0	0	0	1	3	0	0	9	0	147	0	0	0	0	0	0	0	0	0	0	0	0	0	0	0		//	스킬 피해량 +3%																														
	1673	266	2	20104	1	0	405445	167	0	0	0	1	3	0	0	9	0	294	0	0	0	0	0	0	0	0	0	0	0	0	0	0	0		//	스킬 피해량 +6%																														
	1674	266	2	20104	1	0	405561	166	0	0	0	1	3	0	0	9	0	490	0	0	0	0	0	0	0	0	0	0	0	0	0	0	0		//	스킬 피해량 +10%																														
	1675	266	2	20104	1	0	405467	167	0	0	0	14	3	500	0	9	0	2	-100	3000	0	105	0	0	0	0	0	0	0	0	0	0	0		//	약체 : 50% 확률로 3초동안 방어력 -10%																														
	1676	266	2	20104	1	0	405469	167	0	0	0	14	3	700	0	9	0	2	-100	3000	0	105	0	0	0	0	0	0	0	0	0	0	0		//	약체 : 70% 확률로 3초동안 방어력 -10%																														
	1677	266	2	20104	1	0	405465	166	0	0	0	14	3	1000	0	9	0	2	-100	3000	0	105	0	0	0	0	0	0	0	0	0	0	0		//	약체 : 100% 확률로 3초동안 방어력 -10%																														
	1678	266	3	20104	1	1	405360	167	0	0	0	100	3	150	0	0	0	0	0	300	0	3	0	0	0	0	0	0	0	0	0	0	0		//	다운 확률 +15% & 다운 지속시간 +0.3초																														
	1679	266	3	20104	1	1	405386	167	0	0	0	100	3	150	0	0	0	0	0	600	0	3	0	0	0	0	0	0	0	0	0	0	0		//	다운 확률 +15% & 다운 지속시간 +0.6초																														
	1680	266	3	20104	1	1	405412	166	0	0	0	100	3	150	0	0	0	0	0	1000	0	3	0	0	0	0	0	0	0	0	0	0	0		//	다운 확률 +15% & 다운 지속시간 +1초																														
	1681	266	3	20104	1	1	405364	167	0	0	0	100	3	150	0	0	0	0	0	300	0	3	1	3	0	0	9	0	735	0	0	0	0		//	스킬 피해량 +15% & 다운 확률 +15% & 다운 지속시간 +0.3초																														
	1682	266	3	20104	1	1	405391	167	0	0	0	100	3	150	0	0	0	0	0	600	0	3	1	3	0	0	9	0	980	0	0	0	0		//	스킬 피해량 +20% & 다운 확률 +15% & 다운 지속시간 +0.6초																														
	1683	266	3	20104	1	1	405417	166	0	0	0	100	3	150	0	0	0	0	0	1000	0	3	1	3	0	0	9	0	1225	0	0	0	0		//	스킬 피해량 +25% & 다운 확률 +15% & 다운 지속시간 +1초																														
	1072	256	1	20104	1	0	405527	167	0	0	1	0	0	0	0	0	0	0	0	0	0	0	0	0	0	0	0	0	0	0	0	0	0		//	적용 개체수 +1																														
	1073	256	1	20104	1	0	405528	167	0	0	2	0	0	0	0	0	0	0	0	0	0	0	0	0	0	0	0	0	0	0	0	0	0		//	적용 개체수 +2																														
	1074	256	1	20104	1	0	405529	166	0	0	3	0	0	0	0	0	0	0	0	0	0	0	0	0	0	0	0	0	0	0	0	0	0		//	적용 개체수 +3																														
	1075	256	1	20104	1	0	405530	167	0	0	4	0	0	0	0	0	0	0	0	0	0	0	0	0	0	0	0	0	0	0	0	0	0		//	적용 개체수 +4																														
	1076	256	1	20104	1	0	405531	167	0	0	5	0	0	0	0	0	0	0	0	0	0	0	0	0	0	0	0	0	0	0	0	0	0		//	적용 개체수 +5																														
	1077	256	1	20104	1	0	405532	166	0	0	6	0	0	0	0	0	0	0	0	0	0	0	0	0	0	0	0	0	0	0	0	0	0		//	적용 개체수 +6																														
	1078	256	2	20104	1	0	405560	167	0	0	0	1	5	0	0	9	0	236	0	0	0	0	0	0	0	0	0	0	0	0	0	0	0		//	스킬 피해량 +5%																														
	1079	256	2	20104	1	0	405561	167	0	0	0	1	5	0	0	9	0	472	0	0	0	0	0	0	0	0	0	0	0	0	0	0	0		//	스킬 피해량 +10%																														
	1080	256	2	20104	1	0	405562	166	0	0	0	1	5	0	0	9	0	708	0	0	0	0	0	0	0	0	0	0	0	0	0	0	0		//	스킬 피해량 +15%																														
	1081	256	2	20104	1	0	405572	167	0	0	0	2	3	1000	0	9	200	1	200	3000	1000	101	0	0	0	0	0	0	0	0	0	0	0		//	상처 : 100% 확률로 3초동안 피해 200																														
	1082	256	2	20104	1	0	405573	167	0	0	0	2	3	1000	0	9	200	1	200	4000	1000	101	0	0	0	0	0	0	0	0	0	0	0		//	상처 : 100% 확률로 4초동안 피해 200																														
	1083	256	2	20104	1	0	405574	166	0	0	0	2	3	1000	0	9	200	1	200	5000	1000	101	0	0	0	0	0	0	0	0	0	0	0		//	상처 : 100% 확률로 5초동안 피해 200																														
	1084	256	3	20104	1	0	405562	167	0	0	0	1	5	0	0	9	0	708	0	0	0	0	0	0	0	0	0	0	0	0	0	0	0		//	스킬 피해량 +15%																														
	1085	256	3	20104	1	0	405701	167	0	0	0	1	5	0	0	9	0	944	0	0	0	0	0	0	0	0	0	0	0	0	0	0	0		//	스킬 피해량 +20%																														
	1086	256	3	20104	1	0	202009	166	0	0	0	1	5	0	0	9	0	1180	0	0	0	0	0	0	0	0	0	0	0	0	0	0	0		//	스킬 피해량 +25%																														
	1087	256	3	20104	1	1	202010	167	0	0	0	1	5	0	0	9	0	1416	0	0	0	0	0	0	0	0	0	0	0	0	0	0	0		//	스킬 피해량 +30%																														
	1088	256	3	20104	1	1	202017	167	0	0	0	1	5	0	0	9	0	1652	0	0	0	0	0	0	0	0	0	0	0	0	0	0	0		//	스킬 피해량 +35%																														
	1089	256	3	20104	1	1	202018	166	0	0	0	1	5	0	0	9	0	1888	0	0	0	0	0	0	0	0	0	0	0	0	0	0	0		//	스킬 피해량 +40%																														
	1090	321	1	20104	1	0	405501	167	10	0	0	0	0	0	0	0	0	0	0	0	0	0	0	0	0	0	0	0	0	0	0	0	0		//	사거리 +1미터																														
	1091	321	1	20104	1	0	405503	167	20	0	0	0	0	0	0	0	0	0	0	0	0	0	0	0	0	0	0	0	0	0	0	0	0		//	사거리 +2미터																														
	1092	321	1	20104	1	0	405505	166	30	0	0	0	0	0	0	0	0	0	0	0	0	0	0	0	0	0	0	0	0	0	0	0	0		//	사거리 +3미터																														
	1093	321	1	20104	1	0	405527	167	0	0	1	0	0	0	0	0	0	0	0	0	0	0	0	0	0	0	0	0	0	0	0	0	0		//	적용 개체수 +1																														
	1094	321	1	20104	1	0	405528	167	0	0	2	0	0	0	0	0	0	0	0	0	0	0	0	0	0	0	0	0	0	0	0	0	0		//	적용 개체수 +2																														
	1095	321	1	20104	1	0	405529	166	0	0	3	0	0	0	0	0	0	0	0	0	0	0	0	0	0	0	0	0	0	0	0	0	0		//	적용 개체수 +3																														
	1096	321	2	20104	1	0	405560	167	0	0	0	1	3	0	0	9	0	275	0	0	0	0	0	0	0	0	0	0	0	0	0	0	0		//	스킬 피해량 +5%																														
	1097	321	2	20104	1	0	405561	167	0	0	0	1	3	0	0	9	0	551	0	0	0	0	0	0	0	0	0	0	0	0	0	0	0		//	스킬 피해량 +10%																														
	1098	321	2	20104	1	0	405562	166	0	0	0	1	3	0	0	9	0	826	0	0	0	0	0	0	0	0	0	0	0	0	0	0	0		//	스킬 피해량 +15%																														
	1099	321	2	20104	1	0	405575	167	0	0	0	333	3	0	0	0	0	193	0	0	0	0	0	0	0	0	0	0	0	0	0	0	0		//	추가피해데미지 +5%																														
	1100	321	2	20104	1	0	405576	167	0	0	0	333	3	0	0	0	0	385	0	0	0	0	0	0	0	0	0	0	0	0	0	0	0		//	추가피해데미지 +10%																														
	1101	321	2	20104	1	0	405577	166	0	0	0	333	3	0	0	0	0	578	0	0	0	0	0	0	0	0	0	0	0	0	0	0	0		//	추가피해데미지 +15%																														
	1102	321	3	20104	1	1	405578	167	0	0	0	1	3	0	0	9	0	826	0	0	0	0	100	3	0	0	0	0	0	0	300	0	3		//	스킬 피해량 +15% & 다운 지속시간 +03초																														
	1103	321	3	20104	1	1	405579	167	0	0	0	1	3	0	0	9	0	1101	0	0	0	0	100	3	0	0	0	0	0	0	600	0	3		//	스킬 피해량 +20% & 다운 지속시간 +0.6초																														
	1104	321	3	20104	1	1	405580	166	0	0	0	1	3	0	0	9	0	1376	0	0	0	0	100	3	0	0	0	0	0	0	1000	0	3		//	스킬 피해량 +25% & 다운 지속시간 +3초																														
	1105	321	3	20104	1	1	405581	167	0	0	0	333	3	0	0	0	0	578	0	0	0	0	20	3	0	0	0	0	0	0	1000	0	108		//	추가피해데미지 +15% & 족쇄 지속시간 +1초																														
	1106	321	3	20104	1	1	405582	167	0	0	0	333	3	0	0	0	0	771	0	0	0	0	20	3	0	0	0	0	0	0	2000	0	108		//	추가피해데미지 +20% & 족쇄 지속시간 +2초																														
	1107	321	3	20104	1	1	405583	166	0	0	0	333	3	0	0	0	0	963	0	0	0	0	20	3	0	0	0	0	0	0	3000	0	108		//	추가피해데미지 +25% & 족쇄 지속시간 +3초																														
	1684	315	1	20104	1	0	405527	167	0	0	1	0	0	0	0	0	0	0	0	0	0	0	0	0	0	0	0	0	0	0	0	0	0		//	적용 개체 수 +1																														
	1685	315	1	20104	1	0	405528	167	0	0	2	0	0	0	0	0	0	0	0	0	0	0	0	0	0	0	0	0	0	0	0	0	0		//	적용 개체 수 +2																														
	1686	315	1	20104	1	0	405529	166	0	0	3	0	0	0	0	0	0	0	0	0	0	0	0	0	0	0	0	0	0	0	0	0	0		//	적용 개체 수 +3																														
	1687	315	1	20104	1	0	405501	167	10	0	0	0	0	0	0	0	0	0	0	0	0	0	0	0	0	0	0	0	0	0	0	0	0		//	사거리 +1미터																														
	1688	315	1	20104	1	0	405503	167	20	0	0	0	0	0	0	0	0	0	0	0	0	0	0	0	0	0	0	0	0	0	0	0	0		//	사거리 +2미터																														
	1689	315	1	20104	1	0	405505	166	30	0	0	0	0	0	0	0	0	0	0	0	0	0	0	0	0	0	0	0	0	0	0	0	0		//	사거리 +3미터																														
	1690	315	2	20104	1	0	405436	167	0	0	0	1	3	0	0	9	0	113	0	0	0	0	0	0	0	0	0	0	0	0	0	0	0		//	스킬 피해량 +3%																														
	1691	315	2	20104	1	0	405445	167	0	0	0	1	3	0	0	9	0	226	0	0	0	0	0	0	0	0	0	0	0	0	0	0	0		//	스킬 피해량 +6%																														
	1692	315	2	20104	1	0	405561	166	0	0	0	1	3	0	0	9	0	377	0	0	0	0	0	0	0	0	0	0	0	0	0	0	0		//	스킬 피해량 +10%																														
	1693	315	2	20104	1	0	405339	167	0	0	0	2	3	500	0	9	200	1	100	3000	1000	101	0	0	0	0	0	0	0	0	0	0	0		//	상처 : 50% 확률로 3초동안 피해 100																														
	1694	315	2	20104	1	0	405340	167	0	0	0	2	3	700	0	9	200	1	100	3000	1000	101	0	0	0	0	0	0	0	0	0	0	0		//	상처 : 70% 확률로 3초동안 피해 100																														
	1695	315	2	20104	1	0	405338	166	0	0	0	2	3	1000	0	9	200	1	100	3000	1000	101	0	0	0	0	0	0	0	0	0	0	0		//	상처 : 100% 확률로 3초동안 피해 100																														
	1696	315	3	20104	1	1	405361	167	0	0	0	1	3	0	0	9	0	377	0	0	0	0	21	3	1000	0	0	0	2	-100	3000	0	109		//	스킬 피해량 +10% & 둔화 : 100% 확률로 3초동안 공격속도 -10%																														
	1697	315	3	20104	1	1	405387	167	0	0	0	1	3	0	0	9	0	453	0	0	0	0	21	3	1000	0	0	0	2	-100	3000	0	109		//	스킬 피해량 +12% & 둔화 : 100% 확률로 3초동안 공격속도 -10%																														
	1698	315	3	20104	1	1	405413	166	0	0	0	1	3	0	0	9	0	566	0	0	0	0	21	3	1000	0	0	0	2	-100	3000	0	109		//	스킬 피해량 +15% & 둔화 : 100% 확률로 3초동안 공격속도 -10%																														
	1699	315	3	20104	1	1	405372	167	0	0	0	1	3	0	0	9	0	377	0	0	0	0	20	3	1000	0	0	0	2	-100	3000	0	108		//	스킬 피해량 +10% & 족쇄 : 100% 확률로 3초동안 이동속도 -10%																														
	1700	315	3	20104	1	1	405400	167	0	0	0	1	3	0	0	9	0	453	0	0	0	0	20	3	1000	0	0	0	2	-100	3000	0	108		//	스킬 피해량 +12% & 족쇄 : 100% 확률로 3초동안 이동속도 -10%																														
	1701	315	3	20104	1	1	405426	166	0	0	0	1	3	0	0	9	0	566	0	0	0	0	20	3	1000	0	0	0	2	-100	3000	0	108		//	스킬 피해량 +15% & 족쇄 : 100% 확률로 3초동안 이동속도 -10%																														
	1702	309	1	20104	1	0	405353	167	0	0	0	225	1	0	0	0	0	0	0	1000	0	142	0	0	0	0	0	0	0	0	0	0	0		//	스킬 집중 저주 지속시간 +1초																														
	1703	309	1	20104	1	0	405354	167	0	0	0	225	1	0	0	0	0	0	0	2000	0	142	0	0	0	0	0	0	0	0	0	0	0		//	스킬 집중 저주 지속시간 +2초																														
	1704	309	1	20104	1	0	405355	166	0	0	0	225	1	0	0	0	0	0	0	3000	0	142	0	0	0	0	0	0	0	0	0	0	0		//	스킬 집중 저주 지속시간 +3초																														
	1705	309	1	20104	1	0	405351	167	0	0	0	225	1	0	0	0	0	0	30	0	0	142	0	0	0	0	0	0	0	0	0	0	0		//	스킬 집중 저주 : 스킬 쿨타임 +3%																														
	1706	309	1	20104	1	0	405352	167	0	0	0	225	1	0	0	0	0	0	60	0	0	142	0	0	0	0	0	0	0	0	0	0	0		//	스킬 집중 저주 : 스킬 쿨타임 +6%																														
	1707	309	1	20104	1	0	405350	166	0	0	0	225	1	0	0	0	0	0	100	0	0	142	0	0	0	0	0	0	0	0	0	0	0		//	스킬 집중 저주 : 스킬 쿨타임 +10%																														
	1708	309	2	20104	1	0	405457	167	0	0	0	210	1	1000	0	300	0	0	300	0	0	0	0	0	0	0	0	0	0	0	0	0	0		//	암 드래곤 트랜스폼 상태 추가 피해량 +300																														
	1709	309	2	20104	1	0	405458	167	0	0	0	210	1	1000	0	300	0	0	600	0	0	0	0	0	0	0	0	0	0	0	0	0	0		//	암 드래곤 트랜스폼 상태 추가 피해량 +600																														
	1710	309	2	20104	1	0	405456	166	0	0	0	210	1	1000	0	300	0	0	1000	0	0	0	0	0	0	0	0	0	0	0	0	0	0		//	암 드래곤 트랜스폼 상태 추가 피해량 +1000																														
	1711	309	2	20104	1	0	405993	167	0	0	0	106	1	0	0	0	0	0	30	0	0	231	0	0	0	0	0	0	0	0	0	0	0		//	추가 피해량 +3%																														
	1712	309	2	20104	1	0	405994	167	0	0	0	106	1	0	0	0	0	0	60	0	0	231	0	0	0	0	0	0	0	0	0	0	0		//	추가 피해량 +6%																														
	1713	309	2	20104	1	0	405576	166	0	0	0	106	1	0	0	0	0	0	100	0	0	231	0	0	0	0	0	0	0	0	0	0	0		//	추가 피해량 +10%																														
	1714	309	3	20104	1	1	405439	167	0	0	0	1	1	1000	0	9	0	300	0	0	0	0	11	1	1000	0	9	0	2	-100	3000	0	104		//	스킬 피해량 +300 & 무기력 : 100% 확률로 3초동안 공격력 -10%																														
	1715	309	3	20104	1	1	405446	167	0	0	0	1	1	1000	0	9	0	600	0	0	0	0	11	1	1000	0	9	0	2	-100	3000	0	104		//	스킬 피해량 +600 & 무기력 : 100% 확률로 3초동안 공격력 -10%																														
	1716	309	3	20104	1	1	405380	166	0	0	0	1	1	1000	0	9	0	1000	0	0	0	0	11	1	1000	0	9	0	2	-100	3000	0	104		//	스킬 피해량 +1000 & 무기력 : 100% 확률로 3초동안 공격력 -10%																														
	1717	309	3	20104	1	1	405440	167	0	0	0	1	1	1000	0	9	0	300	0	0	0	0	14	1	1000	0	9	0	2	-100	3000	0	105		//	스킬 피해량 +300 & 약체 : 100% 확률로 3초동안 방어력 -10%																														
	1718	309	3	20104	1	1	405447	167	0	0	0	1	1	1000	0	9	0	600	0	0	0	0	14	1	1000	0	9	0	2	-100	3000	0	105		//	스킬 피해량 +600 & 약체 : 100% 확률로 3초동안 방어력 -10%																														
	1719	309	3	20104	1	1	405381	166	0	0	0	1	1	1000	0	9	0	1000	0	0	0	0	14	1	1000	0	9	0	2	-100	3000	0	105		//	스킬 피해량 +1000 & 약체 : 100% 확률로 3초동안 방어력 -10%																														
	1108	267	1	20104	1	0	405501	167	10	0	0	0	0	0	0	0	0	0	0	0	0	0	0	0	0	0	0	0	0	0	0	0	0		//	사거리 +1미터																														
	1109	267	1	20104	1	0	405503	167	20	0	0	0	0	0	0	0	0	0	0	0	0	0	0	0	0	0	0	0	0	0	0	0	0		//	사거리 +2미터																														
	1110	267	1	20104	1	0	405505	166	30	0	0	0	0	0	0	0	0	0	0	0	0	0	0	0	0	0	0	0	0	0	0	0	0		//	사거리 +3미터																														
	1111	267	1	20104	1	0	405506	167	40	0	0	0	0	0	0	0	0	0	0	0	0	0	0	0	0	0	0	0	0	0	0	0	0		//	사거리 +4미터																														
	1112	267	1	20104	1	0	202019	167	60	0	0	0	0	0	0	0	0	0	0	0	0	0	0	0	0	0	0	0	0	0	0	0	0		//	사거리 +6미터																														
	1113	267	1	20104	1	0	202020	166	100	0	0	0	0	0	0	0	0	0	0	0	0	0	0	0	0	0	0	0	0	0	0	0	0		//	사거리 +10미터																														
	1114	267	2	20104	1	0	202027	167	0	0	0	1	1	0	0	9	0	379	0	0	0	0	0	0	0	0	0	0	0	0	0	0	0		//	스킬 피해량 +4%																														
	1115	267	2	20104	1	0	405445	167	0	0	0	1	1	0	0	9	0	569	0	0	0	0	0	0	0	0	0	0	0	0	0	0	0		//	스킬 피해량 +6%																														
	1116	267	2	20104	1	0	202028	166	0	0	0	1	1	0	0	9	0	759	0	0	0	0	0	0	0	0	0	0	0	0	0	0	0		//	스킬 피해량 +8%																														
	1117	267	2	20104	1	0	405561	167	0	0	0	1	1	0	0	9	0	949	0	0	0	0	0	0	0	0	0	0	0	0	0	0	0		//	스킬 피해량 +10%																														
	1118	267	2	20104	1	0	405699	167	0	0	0	1	1	0	0	9	0	1138	0	0	0	0	0	0	0	0	0	0	0	0	0	0	0		//	스킬 피해량 +12%																														
	1119	267	2	20104	1	0	405700	166	0	0	0	1	1	0	0	9	0	1423	0	0	0	0	0	0	0	0	0	0	0	0	0	0	0		//	스킬 피해량 +15%																														
	1120	267	3	20104	1	0	405590	167	0	0	0	14	1	1000	0	9	0	2	-300	3000	0	105	0	0	0	0	0	0	0	0	0	0	0		//	약체 : 100% 확률로 3초동안 방어력 -30%																														
	1121	267	3	20104	1	0	405591	167	0	0	0	14	1	1000	0	9	0	2	-300	4000	0	105	0	0	0	0	0	0	0	0	0	0	0		//	약체 : 100% 확률로 4초동안 방어력 -30%																														
	1122	267	3	20104	1	0	405592	166	0	0	0	14	1	1000	0	9	0	2	-300	5000	0	105	0	0	0	0	0	0	0	0	0	0	0		//	약체 : 100% 확률로 5초동안 방어력 -30%																														
	1123	267	3	20104	1	1	405593	167	0	0	0	1	1	0	0	9	0	949	0	0	0	0	14	1	1000	0	9	0	2	-150	3000	0	105		//	스킬 피해량 +10% & 약체 : 100% 확률로 3초동안 방어력 -15%																														
	1124	267	3	20104	1	1	405594	167	0	0	0	1	1	0	0	9	0	1138	0	0	0	0	14	1	1000	0	9	0	2	-150	4000	0	105		//	스킬 피해량 +12% & 약체 : 100% 확률로 4초동안 방어력 -15%																														
	1125	267	3	20104	1	1	405595	166	0	0	0	1	1	0	0	9	0	1423	0	0	0	0	14	1	1000	0	9	0	2	-150	5000	0	105		//	스킬 피해량 +15% & 약체 : 100% 확률로 5초동안 방어력 -15%																														
	1126	322	1	20104	1	0	405501	167	10	0	0	0	0	0	0	0	0	0	0	0	0	0	0	0	0	0	0	0	0	0	0	0	0		//	사거리 +1미터																														
	1127	322	1	20104	1	0	405503	167	20	0	0	0	0	0	0	0	0	0	0	0	0	0	0	0	0	0	0	0	0	0	0	0	0		//	사거리 +2미터																														
	1128	322	1	20104	1	0	405505	166	30	0	0	0	0	0	0	0	0	0	0	0	0	0	0	0	0	0	0	0	0	0	0	0	0		//	사거리 +3미터																														
	1129	322	1	20104	1	0	405527	167	0	0	1	0	0	0	0	0	0	0	0	0	0	0	0	0	0	0	0	0	0	0	0	0	0		//	적용 개체수 +1																														
	1130	322	1	20104	1	0	405528	167	0	0	2	0	0	0	0	0	0	0	0	0	0	0	0	0	0	0	0	0	0	0	0	0	0		//	적용 개체수 +2																														
	1131	322	1	20104	1	0	405529	166	0	0	3	0	0	0	0	0	0	0	0	0	0	0	0	0	0	0	0	0	0	0	0	0	0		//	적용 개체수 +3																														
	1132	322	2	20104	1	0	405560	167	0	0	0	1	3	0	0	9	0	261	0	0	0	0	0	0	0	0	0	0	0	0	0	0	0		//	스킬 피해량 +5%																														
	1133	322	2	20104	1	0	405561	167	0	0	0	1	3	0	0	9	0	522	0	0	0	0	0	0	0	0	0	0	0	0	0	0	0		//	스킬 피해량 +10%																														
	1134	322	2	20104	1	0	405562	166	0	0	0	1	3	0	0	9	0	782	0	0	0	0	0	0	0	0	0	0	0	0	0	0	0		//	스킬 피해량 +15%																														
	1135	322	2	20104	1	0	202029	167	0	0	0	100	3	0	0	0	0	0	0	300	0	6	0	0	0	0	0	0	0	0	0	0	0		//	스턴 지속시간 +0.3초																														
	1136	322	2	20104	1	0	202030	167	0	0	0	100	3	0	0	0	0	0	0	600	0	6	0	0	0	0	0	0	0	0	0	0	0		//	스턴 지속시간 +0.6초																														
	1137	322	2	20104	1	0	202039	166	0	0	0	100	3	0	0	0	0	0	0	1000	0	6	0	0	0	0	0	0	0	0	0	0	0		//	스턴 지속시간 +1초																														
	1138	322	3	20104	1	0	405599	167	0	0	0	14	3	1000	0	9	0	2	-150	3000	0	105	0	0	0	0	0	0	0	0	0	0	0		//	약체 : 100% 확률로 3초동안 방어력 -15%																														
	1139	322	3	20104	1	0	405600	167	0	0	0	14	3	1000	0	9	0	2	-150	4000	0	105	0	0	0	0	0	0	0	0	0	0	0		//	약체 : 100% 확률로 4초동안 방어력 -15%																														
	1140	322	3	20104	1	0	405601	166	0	0	0	14	3	1000	0	9	0	2	-150	5000	0	105	0	0	0	0	0	0	0	0	0	0	0		//	약체 : 100% 확률로 5초동안 방어력 -15%																														
	1141	322	3	20104	1	1	405602	167	0	0	0	1	3	0	0	9	0	782	0	0	0	0	2	3	1000	0	9	200	1	200	3000	1000	102		//	스킬 피해량 +15% & 화상 : 100% 확률로 3초동안 피해 200																														
	1142	322	3	20104	1	1	405603	167	0	0	0	1	3	0	0	9	0	1043	0	0	0	0	2	3	1000	0	9	200	1	200	3000	1000	102		//	스킬 피해량 +20% & 화상 : 100% 확률로 3초동안 피해 200																														
	1143	322	3	20104	1	1	405604	166	0	0	0	1	3	0	0	9	0	1304	0	0	0	0	2	3	1000	0	9	200	1	200	3000	1000	102		//	스킬 피해량 +25% & 화상 : 100% 확률로 3초동안 피해 200																														
	1720	811	1	20104	1	0	405527	167	0	0	1	0	0	0	0	0	0	0	0	0	0	0	0	0	0	0	0	0	0	0	0	0	0		//	적용 개체 수 +1																														
	1721	811	1	20104	1	0	405528	167	0	0	2	0	0	0	0	0	0	0	0	0	0	0	0	0	0	0	0	0	0	0	0	0	0		//	적용 개체 수 +2																														
	1722	811	1	20104	1	0	405529	166	0	0	3	0	0	0	0	0	0	0	0	0	0	0	0	0	0	0	0	0	0	0	0	0	0		//	적용 개체 수 +3																														
	1723	811	1	20104	1	0	405530	167	0	0	4	0	0	0	0	0	0	0	0	0	0	0	0	0	0	0	0	0	0	0	0	0	0		//	적용 개체 수 +4																														
	1724	811	1	20104	1	0	405531	167	0	0	5	0	0	0	0	0	0	0	0	0	0	0	0	0	0	0	0	0	0	0	0	0	0		//	적용 개체 수 +5																														
	1725	811	1	20104	1	0	405532	166	0	0	6	0	0	0	0	0	0	0	0	0	0	0	0	0	0	0	0	0	0	0	0	0	0		//	적용 개체 수 +6																														
	1726	811	2	20104	1	0	405436	167	0	0	0	1	3	0	0	9	0	84	0	0	0	0	0	0	0	0	0	0	0	0	0	0	0		//	스킬 피해량 +3%																														
	1727	811	2	20104	1	0	405445	167	0	0	0	1	3	0	0	9	0	169	0	0	0	0	0	0	0	0	0	0	0	0	0	0	0		//	스킬 피해량 +6%																														
	1728	811	2	20104	1	0	405561	166	0	0	0	1	3	0	0	9	0	281	0	0	0	0	0	0	0	0	0	0	0	0	0	0	0		//	스킬 피해량 +10%																														
	1729	811	2	20104	1	0	405463	167	0	0	0	2	3	0	0	9	0	0	20	0	0	146	0	0	0	0	0	0	0	0	0	0	0		//	암흑고통 피해량 +3%																														
	1730	811	2	20104	1	0	405464	167	0	0	0	2	3	0	0	9	0	0	40	0	0	146	0	0	0	0	0	0	0	0	0	0	0		//	암흑고통 피해량 +6%																														
	1731	811	2	20104	1	0	405459	166	0	0	0	2	3	0	0	9	0	0	66	0	0	146	0	0	0	0	0	0	0	0	0	0	0		//	암흑고통 피해량 +10%																														
	1732	811	3	20104	1	1	405368	167	0	0	0	1	3	0	0	9	0	281	0	0	0	0	2	3	0	0	9	200	0	0	3000	0	146		//	스킬 피해량 +10% & 암흑고통 지속시간 +3초																														
	1733	811	3	20104	1	1	405395	167	0	0	0	1	3	0	0	9	0	337	0	0	0	0	2	3	0	0	9	200	0	0	6000	0	146		//	스킬 피해량 +12% & 암흑고통 지속시간 +6초																														
	1734	811	3	20104	1	1	405421	166	0	0	0	1	3	0	0	9	0	421	0	0	0	0	2	3	0	0	9	200	0	0	10000	0	146		//	스킬 피해량 +15% & 암흑고통 지속시간 +10초																														
	1735	811	3	20104	1	1	405460	167	0	0	0	2	3	0	0	9	0	0	66	0	0	146	2	3	0	0	9	200	0	0	3000	0	146		//	암흑고통 피해량 +10% & 암흑고통 지속시간 +3초																														
	1736	811	3	20104	1	1	405461	167	0	0	0	2	3	0	0	9	0	0	80	0	0	146	2	3	0	0	9	200	0	0	6000	0	146		//	암흑고통 피해량 +12% & 암흑고통 지속시간 +6초																														
	1737	811	3	20104	1	1	405462	166	0	0	0	2	3	0	0	9	0	0	100	0	0	146	2	3	0	0	9	200	0	0	10000	0	146		//	암흑고통 피해량 +15% & 암흑고통 지속시간 +10초																														
	1738	814	1	20104	1	0	405527	167	0	0	1	0	0	0	0	0	0	0	0	0	0	0	0	0	0	0	0	0	0	0	0	0	0		//	적용 개체 수 +1																														
	1739	814	1	20104	1	0	405528	167	0	0	2	0	0	0	0	0	0	0	0	0	0	0	0	0	0	0	0	0	0	0	0	0	0		//	적용 개체 수 +2																														
	1740	814	1	20104	1	0	405529	166	0	0	3	0	0	0	0	0	0	0	0	0	0	0	0	0	0	0	0	0	0	0	0	0	0		//	적용 개체 수 +3																														
	1741	814	1	20104	1	0	405530	167	0	0	4	0	0	0	0	0	0	0	0	0	0	0	0	0	0	0	0	0	0	0	0	0	0		//	적용 개체 수 +4																														
	1742	814	1	20104	1	0	405531	167	0	0	5	0	0	0	0	0	0	0	0	0	0	0	0	0	0	0	0	0	0	0	0	0	0		//	적용 개체 수 +5																														
	1743	814	1	20104	1	0	405532	166	0	0	6	0	0	0	0	0	0	0	0	0	0	0	0	0	0	0	0	0	0	0	0	0	0		//	적용 개체 수 +6																														
	1744	814	2	20104	1	0	405436	167	0	0	0	1	3	0	0	9	0	146	0	0	0	0	0	0	0	0	0	0	0	0	0	0	0		//	스킬 피해량 +3%																														
	1745	814	2	20104	1	0	405445	167	0	0	0	1	3	0	0	9	0	292	0	0	0	0	0	0	0	0	0	0	0	0	0	0	0		//	스킬 피해량 +6%																														
	1746	814	2	20104	1	0	405561	166	0	0	0	1	3	0	0	9	0	487	0	0	0	0	0	0	0	0	0	0	0	0	0	0	0		//	스킬 피해량 +10%																														
	1747	814	2	20104	1	0	405993	167	0	0	0	333	3	0	0	0	0	45	0	0	0	0	0	0	0	0	0	0	0	0	0	0	0		//	추가 피해량 +3%																														
	1748	814	2	20104	1	0	405994	167	0	0	0	333	3	0	0	0	0	90	0	0	0	0	0	0	0	0	0	0	0	0	0	0	0		//	추가 피해량 +6%																														
	1749	814	2	20104	1	0	405576	166	0	0	0	333	3	0	0	0	0	150	0	0	0	0	0	0	0	0	0	0	0	0	0	0	0		//	추가 피해량 +10%																														
	1750	814	3	20104	1	1	405369	167	0	0	0	1	3	0	0	9	0	487	0	0	0	0	2	3	1000	0	9	200	1	100	3000	1000	145		//	스킬 피해량 +10% & 암흑화상 : 100% 확률로 3초동안 피해 100																														
	1751	814	3	20104	1	1	405396	167	0	0	0	1	3	0	0	9	0	585	0	0	0	0	2	3	1000	0	9	200	1	100	4000	1000	145		//	스킬 피해량 +12% & 암흑화상 : 100% 확률로 4초동안 피해 100																														
	1752	814	3	20104	1	1	405422	166	0	0	0	1	3	0	0	9	0	731	0	0	0	0	2	3	1000	0	9	200	1	100	5000	1000	145		//	스킬 피해량 +15% & 암흑화상 : 100% 확률로 5초동안 피해 100																														
	1753	814	3	20104	1	1	405839	167	0	0	0	333	3	0	0	0	0	150	0	0	0	0	2	3	1000	0	9	200	1	100	3000	1000	149		//	추가 피해량 +10% & 암흑중독 : 100% 확률로 3초동안 피해 100																														
	1754	814	3	20104	1	1	405845	167	0	0	0	333	3	0	0	0	0	180	0	0	0	0	2	3	1000	0	9	200	1	100	4000	1000	149		//	추가 피해량 +12% & 암흑중독 : 100% 확률로 4초동안 피해 100																														
	1755	814	3	20104	1	1	405989	166	0	0	0	333	3	0	0	0	0	225	0	0	0	0	2	3	1000	0	9	200	1	100	5000	1000	149		//	추가 피해량 +15% & 암흑중독 : 100% 확률로 5초동안 피해 100																														
	1144	815	1	20104	1	0	405501	167	10	0	0	0	0	0	0	0	0	0	0	0	0	0	0	0	0	0	0	0	0	0	0	0	0		//	사거리 +1미터																														
	1145	815	1	20104	1	0	405503	167	20	0	0	0	0	0	0	0	0	0	0	0	0	0	0	0	0	0	0	0	0	0	0	0	0		//	사거리 +2미터																														
	1146	815	1	20104	1	0	405505	166	30	0	0	0	0	0	0	0	0	0	0	0	0	0	0	0	0	0	0	0	0	0	0	0	0		//	사거리 +3미터																														
	1147	815	1	20104	1	0	405527	167	0	0	1	0	0	0	0	0	0	0	0	0	0	0	0	0	0	0	0	0	0	0	0	0	0		//	적용 개체수 +1																														
	1148	815	1	20104	1	0	405528	167	0	0	2	0	0	0	0	0	0	0	0	0	0	0	0	0	0	0	0	0	0	0	0	0	0		//	적용 개체수 +2																														
	1149	815	1	20104	1	0	405529	166	0	0	3	0	0	0	0	0	0	0	0	0	0	0	0	0	0	0	0	0	0	0	0	0	0		//	적용 개체수 +3																														
	1150	815	2	20104	1	0	405560	167	0	0	0	1	3	0	0	9	0	172	0	0	0	0	0	0	0	0	0	0	0	0	0	0	0		//	스킬 피해량 +5%																														
	1151	815	2	20104	1	0	405561	167	0	0	0	1	3	0	0	9	0	343	0	0	0	0	0	0	0	0	0	0	0	0	0	0	0		//	스킬 피해량 +10%																														
	1152	815	2	20104	1	0	405562	166	0	0	0	1	3	0	0	9	0	515	0	0	0	0	0	0	0	0	0	0	0	0	0	0	0		//	스킬 피해량 +15%																														
	1153	815	2	20104	1	0	405548	167	0	0	0	2	3	0	0	9	200	0	53	0	0	101	0	0	0	0	0	0	0	0	0	0	0		//	상처 피해량 +5%																														
	1154	815	2	20104	1	0	405549	167	0	0	0	2	3	0	0	9	200	0	105	0	0	101	0	0	0	0	0	0	0	0	0	0	0		//	상처 피해량 +10%																														
	1155	815	2	20104	1	0	405550	166	0	0	0	2	3	0	0	9	200	0	158	0	0	101	0	0	0	0	0	0	0	0	0	0	0		//	상처 피해량 +15%																														
	1156	815	3	20104	1	0	405545	167	0	0	0	2	3	0	0	9	200	0	0	1000	0	101	0	0	0	0	0	0	0	0	0	0	0		//	상처 지속시간 +1초																														
	1157	815	3	20104	1	0	405546	167	0	0	0	2	3	0	0	9	200	0	0	2000	0	101	0	0	0	0	0	0	0	0	0	0	0		//	상처 지속시간 +2초																														
	1158	815	3	20104	1	0	405547	166	0	0	0	2	3	0	0	9	200	0	0	3000	0	101	0	0	0	0	0	0	0	0	0	0	0		//	상처 지속시간 +3초																														
	1159	815	3	20104	1	1	405605	167	0	0	0	1	3	0	0	9	0	515	0	0	0	0	2	3	0	0	9	200	0	0	1000	0	101		//	스킬 피해량 +15% & 상처 지속시간 +1초																														
	1160	815	3	20104	1	1	405606	167	0	0	0	1	3	0	0	9	0	686	0	0	0	0	2	3	0	0	9	200	0	0	2000	0	101		//	스킬 피해량 +20% & 상처 지속시간 +2초																														
	1161	815	3	20104	1	1	405607	166	0	0	0	1	3	0	0	9	0	858	0	0	0	0	2	3	0	0	9	200	0	0	3000	0	101		//	스킬 피해량 +25% & 상처 지속시간 +3초																														
	1162	810	1	20104	1	0	405608	167	0	0	0	28	7	0	0	0	0	0	0	500	0	312	0	0	0	0	0	0	0	0	0	0	0		//	스킬 피해량 지속시간 +0.5초																														
	1163	810	1	20104	1	0	405609	167	0	0	0	28	7	0	0	0	0	0	0	1000	0	312	0	0	0	0	0	0	0	0	0	0	0		//	스킬 피해량 지속시간 +1초																														
	1164	810	1	20104	1	0	405610	166	0	0	0	28	7	0	0	0	0	0	0	1500	0	312	0	0	0	0	0	0	0	0	0	0	0		//	스킬 피해량 지속시간 +1.5초																														
	1165	810	1	20104	1	0	405611	167	0	0	0	28	7	0	0	0	0	0	0	2000	0	312	0	0	0	0	0	0	0	0	0	0	0		//	스킬 피해량 지속시간 +2초																														
	1166	810	1	20104	1	0	405612	167	0	0	0	28	7	0	0	0	0	0	0	2500	0	312	0	0	0	0	0	0	0	0	0	0	0		//	스킬 피해량 지속시간 +2.5초																														
	1167	810	1	20104	1	0	405613	166	0	0	0	28	7	0	0	0	0	0	0	3000	0	312	0	0	0	0	0	0	0	0	0	0	0		//	스킬 피해량 지속시간 +3초																														
	1168	810	2	20104	1	0	405614	167	0	0	0	28	7	0	0	0	0	0	50	0	0	312	0	0	0	0	0	0	0	0	0	0	0		//	스킬 피해량 증가 +5%																														
	1169	810	2	20104	1	0	405615	167	0	0	0	28	7	0	0	0	0	0	100	0	0	312	0	0	0	0	0	0	0	0	0	0	0		//	스킬 피해량 증가 +10%																														
	1170	810	2	20104	1	0	405616	166	0	0	0	28	7	0	0	0	0	0	150	0	0	312	0	0	0	0	0	0	0	0	0	0	0		//	스킬 피해량 증가 +15%																														
	1171	810	2	20104	1	0	405617	167	0	0	0	28	7	0	0	0	0	0	200	0	0	312	0	0	0	0	0	0	0	0	0	0	0		//	스킬 피해량 증가 +20%																														
	1172	810	2	20104	1	0	405618	167	0	0	0	28	7	0	0	0	0	0	250	0	0	312	0	0	0	0	0	0	0	0	0	0	0		//	스킬 피해량 증가 +25%																														
	1173	810	2	20104	1	0	405619	166	0	0	0	28	7	0	0	0	0	0	300	0	0	312	0	0	0	0	0	0	0	0	0	0	0		//	스킬 피해량 증가 +30%																														
	1174	810	3	20104	1	1	405620	167	0	0	0	28	7	0	0	0	0	0	0	1000	0	312	311	7	1000	0	7	0	2	50	10000	0	1527		//	스킬 피해량 지속시간 +1초 & 10초동안 암흑 원소 공격력 +5%																														
	1175	810	3	20104	1	1	405621	167	0	0	0	28	7	0	0	0	0	0	0	2000	0	312	311	7	1000	0	7	0	2	100	15000	0	1527		//	스킬 피해량 지속시간 +2초 & 15초동안 암흑 원소 공격력 +10%																														
	1176	810	3	20104	1	1	405622	166	0	0	0	28	7	0	0	0	0	0	0	3000	0	312	311	7	1000	0	7	0	2	150	20000	0	1527		//	스킬 피해량 지속시간 +3초 & 20초동안 암흑 원소 공격력 +15%																														
	1177	810	3	20104	1	1	405623	167	0	0	0	28	7	0	0	0	0	0	100	0	0	312	311	7	1000	0	7	0	2	50	10000	0	1527		//	스킬 피해량 증가 +10% & 10초동안 암흑 원소 공격력 +5%																														
	1178	810	3	20104	1	1	405624	167	0	0	0	28	7	0	0	0	0	0	200	0	0	312	311	7	1000	0	7	0	2	100	15000	0	1527		//	스킬 피해량 증가 +20% & 15초동안 암흑 원소 공격력 +10%																														
	1179	810	3	20104	1	1	405625	166	0	0	0	28	7	0	0	0	0	0	300	0	0	312	311	7	1000	0	7	0	2	150	20000	0	1527		//	스킬 피해량 증가 +30% & 20초동안 암흑 원소 공격력 +15%																														
	1756	862	1	20104	1	0	405527	167	0	0	1	0	0	0	0	0	0	0	0	0	0	0	0	0	0	0	0	0	0	0	0	0	0		//	적용 개체 수 +1																														
	1757	862	1	20104	1	0	405528	167	0	0	2	0	0	0	0	0	0	0	0	0	0	0	0	0	0	0	0	0	0	0	0	0	0		//	적용 개체 수 +2																														
	1758	862	1	20104	1	0	405529	166	0	0	3	0	0	0	0	0	0	0	0	0	0	0	0	0	0	0	0	0	0	0	0	0	0		//	적용 개체 수 +3																														
	1759	862	1	20104	1	0	405530	167	0	0	4	0	0	0	0	0	0	0	0	0	0	0	0	0	0	0	0	0	0	0	0	0	0		//	적용 개체 수 +4																														
	1760	862	1	20104	1	0	405531	167	0	0	5	0	0	0	0	0	0	0	0	0	0	0	0	0	0	0	0	0	0	0	0	0	0		//	적용 개체 수 +5																														
	1761	862	1	20104	1	0	405532	166	0	0	6	0	0	0	0	0	0	0	0	0	0	0	0	0	0	0	0	0	0	0	0	0	0		//	적용 개체 수 +6																														
	1762	862	2	20104	1	0	405436	167	0	0	0	1	3	0	0	9	0	169	0	0	0	0	0	0	0	0	0	0	0	0	0	0	0		//	스킬 피해량 +3%																														
	1763	862	2	20104	1	0	405445	167	0	0	0	1	3	0	0	9	0	337	0	0	0	0	0	0	0	0	0	0	0	0	0	0	0		//	스킬 피해량 +6%																														
	1764	862	2	20104	1	0	405561	166	0	0	0	1	3	0	0	9	0	562	0	0	0	0	0	0	0	0	0	0	0	0	0	0	0		//	스킬 피해량 +10%																														
	1765	862	2	20104	1	0	405454	167	0	0	0	100	3	30	0	0	0	0	0	0	0	6	0	0	0	0	0	0	0	0	0	0	0		//	스턴 확률 +3%																														
	1766	862	2	20104	1	0	405455	167	0	0	0	100	3	60	0	0	0	0	0	0	0	6	0	0	0	0	0	0	0	0	0	0	0		//	스턴 확률 +6%																														
	1767	862	2	20104	1	0	405453	166	0	0	0	100	3	100	0	0	0	0	0	0	0	6	0	0	0	0	0	0	0	0	0	0	0		//	스턴 확률 +10%																														
	1768	862	3	20104	1	1	405367	167	0	0	0	1	3	0	0	9	0	562	0	0	0	0	2	3	1000	0	9	200	1	100	3000	1000	146		//	스킬 피해량 +10% & 암흑고통 : 100% 확률로 3초동안 피해 100																														
	1769	862	3	20104	1	1	405394	167	0	0	0	1	3	0	0	9	0	674	0	0	0	0	2	3	1000	0	9	200	1	100	4000	1000	146		//	스킬 피해량 +12% & 암흑고통 : 100% 확률로 4초동안 피해 100																														
	1770	862	3	20104	1	1	405420	166	0	0	0	1	3	0	0	9	0	843	0	0	0	0	2	3	1000	0	9	200	1	100	5000	1000	146		//	스킬 피해량 +15% & 암흑고통 : 100% 확률로 5초동안 피해 100																														
	1771	862	3	20104	1	1	405366	167	0	0	0	1	3	0	0	9	0	562	0	0	0	0	100	3	0	0	0	0	0	0	300	0	6		//	스킬 피해량 +10% & 스턴 지속시간 +0.3초																														
	1772	862	3	20104	1	1	405393	167	0	0	0	1	3	0	0	9	0	674	0	0	0	0	100	3	0	0	0	0	0	0	600	0	6		//	스킬 피해량 +12% & 스턴 지속시간 +0.6초																														
	1773	862	3	20104	1	1	405419	166	0	0	0	1	3	0	0	9	0	843	0	0	0	0	100	3	0	0	0	0	0	0	1000	0	6		//	스킬 피해량 +15% & 스턴 지속시간 +1초																														
	1774	864	1	20104	1	0	405527	167	0	0	1	0	0	0	0	0	0	0	0	0	0	0	0	0	0	0	0	0	0	0	0	0	0		//	적용 개체 수 +1																														
	1775	864	1	20104	1	0	405528	167	0	0	2	0	0	0	0	0	0	0	0	0	0	0	0	0	0	0	0	0	0	0	0	0	0		//	적용 개체 수 +2																														
	1776	864	1	20104	1	0	405529	166	0	0	3	0	0	0	0	0	0	0	0	0	0	0	0	0	0	0	0	0	0	0	0	0	0		//	적용 개체 수 +3																														
	1777	864	1	20104	1	0	405347	167	0	10	0	0	0	0	0	0	0	0	0	0	0	0	0	0	0	0	0	0	0	0	0	0	0		//	스킬 범위 +1미터																														
	1778	864	1	20104	1	0	405348	167	0	20	0	0	0	0	0	0	0	0	0	0	0	0	0	0	0	0	0	0	0	0	0	0	0		//	스킬 범위 +2미터																														
	1779	864	1	20104	1	0	405349	166	0	30	0	0	0	0	0	0	0	0	0	0	0	0	0	0	0	0	0	0	0	0	0	0	0		//	스킬 범위 +3미터																														
	1780	864	2	20104	1	0	405436	167	0	0	0	1	5	0	0	9	0	150	0	0	0	0	0	0	0	0	0	0	0	0	0	0	0		//	스킬 피해량 +3%																														
	1781	864	2	20104	1	0	405445	167	0	0	0	1	5	0	0	9	0	300	0	0	0	0	0	0	0	0	0	0	0	0	0	0	0		//	스킬 피해량 +6%																														
	1782	864	2	20104	1	0	405561	166	0	0	0	1	5	0	0	9	0	500	0	0	0	0	0	0	0	0	0	0	0	0	0	0	0		//	스킬 피해량 +10%																														
	1783	864	2	20104	1	0	405993	167	0	0	0	210	5	0	0	302	0	0	135	0	0	0	0	0	0	0	0	0	0	0	0	0	0		//	추가 피해량 +3%																														
	1784	864	2	20104	1	0	405994	167	0	0	0	210	5	0	0	302	0	0	270	0	0	0	0	0	0	0	0	0	0	0	0	0	0		//	추가 피해량 +6%																														
	1785	864	2	20104	1	0	405576	166	0	0	0	210	5	0	0	302	0	0	450	0	0	0	0	0	0	0	0	0	0	0	0	0	0		//	추가 피해량 +10%																														
	1786	864	3	20104	1	1	405375	167	0	0	0	1	5	0	0	9	0	500	0	0	0	0	2	5	1000	0	9	200	1	100	3000	1000	100		//	스킬 피해량 +10% & 중독 : 100% 확률로 3초동안 피해 100																														
	1787	864	3	20104	1	1	405405	167	0	0	0	1	5	0	0	9	0	600	0	0	0	0	2	5	1000	0	9	200	1	100	3000	1000	100		//	스킬 피해량 +12% & 중독 : 100% 확률로 4초동안 피해 100																														
	1788	864	3	20104	1	1	405431	166	0	0	0	1	5	0	0	9	0	751	0	0	0	0	2	5	1000	0	9	200	1	100	3000	1000	100		//	스킬 피해량 +15% & 중독 : 100% 확률로 5초동안 피해 100																														
	1789	864	3	20104	1	1	405842	167	0	0	0	210	5	0	0	302	0	0	450	0	0	0	2	5	1000	0	9	200	1	100	3000	1000	100		//	추가 피해량 +10% & 중독 : 100% 확률로 3초동안 피해 100																														
	1790	864	3	20104	1	1	405848	167	0	0	0	210	5	0	0	302	0	0	540	0	0	0	2	5	1000	0	9	200	1	100	3000	1000	100		//	추가 피해량 +12% & 중독 : 100% 확률로 4초동안 피해 100																														
	1791	864	3	20104	1	1	405992	166	0	0	0	210	5	0	0	302	0	0	676	0	0	0	2	5	1000	0	9	200	1	100	3000	1000	100		//	추가 피해량 +15% & 중독 : 100% 확률로 5초동안 피해 100																														
	1180	866	1	20104	1	0	405501	167	10	0	0	0	0	0	0	0	0	0	0	0	0	0	0	0	0	0	0	0	0	0	0	0	0		//	사거리 +1미터																														
	1181	866	1	20104	1	0	405503	167	20	0	0	0	0	0	0	0	0	0	0	0	0	0	0	0	0	0	0	0	0	0	0	0	0		//	사거리 +2미터																														
	1182	866	1	20104	1	0	405505	166	30	0	0	0	0	0	0	0	0	0	0	0	0	0	0	0	0	0	0	0	0	0	0	0	0		//	사거리 +3미터																														
	1183	866	1	20104	1	0	405626	167	0	0	0	345	7	0	0	0	0	0	30	0	0	0	0	0	0	0	0	0	0	0	0	0	0		//	HP 소모량 +3%																														
	1184	866	1	20104	1	0	405627	167	0	0	0	345	7	0	0	0	0	0	60	0	0	0	0	0	0	0	0	0	0	0	0	0	0		//	HP 소모량 +6%																														
	1185	866	1	20104	1	0	405585	166	0	0	0	345	7	0	0	0	0	0	100	0	0	0	0	0	0	0	0	0	0	0	0	0	0		//	HP 소모량 +10%																														
	1186	866	2	20104	1	0	405560	167	0	0	0	1	1	0	0	9	0	408	0	0	0	0	0	0	0	0	0	0	0	0	0	0	0		//	스킬 피해량 +5%																														
	1187	866	2	20104	1	0	405561	167	0	0	0	1	1	0	0	9	0	816	0	0	0	0	0	0	0	0	0	0	0	0	0	0	0		//	스킬 피해량 +10%																														
	1188	866	2	20104	1	0	405562	166	0	0	0	1	1	0	0	9	0	1224	0	0	0	0	0	0	0	0	0	0	0	0	0	0	0		//	스킬 피해량 +15%																														
	1189	866	2	20104	1	0	405575	167	0	0	0	210	1	0	0	302	0	0	367	0	0	0	0	0	0	0	0	0	0	0	0	0	0		//	추가 피해량 +5%																														
	1190	866	2	20104	1	0	405576	167	0	0	0	210	1	0	0	302	0	0	734	0	0	0	0	0	0	0	0	0	0	0	0	0	0		//	추가 피해량 +10%																														
	1191	866	2	20104	1	0	405577	166	0	0	0	210	1	0	0	302	0	0	1102	0	0	0	0	0	0	0	0	0	0	0	0	0	0		//	추가 피해량 +15%																														
	1192	866	3	20104	1	1	405628	167	0	0	0	345	7	0	0	0	0	0	150	0	0	0	1	1	0	0	9	0	1224	0	0	0	0		//	HP 소모량 +15% & 스킬 피해량 +15%																														
	1193	866	3	20104	1	1	405629	167	0	0	0	345	7	0	0	0	0	0	150	0	0	0	1	1	0	0	9	0	1632	0	0	0	0		//	HP 소모량 +15% & 스킬 피해량 +20%																														
	1194	866	3	20104	1	1	405630	166	0	0	0	345	7	0	0	0	0	0	150	0	0	0	1	1	0	0	9	0	2040	0	0	0	0		//	HP 소모량 +15% & 스킬 피해량 +25%																														
	1195	866	3	20104	1	1	405631	167	0	0	0	345	7	0	0	0	0	0	150	0	0	0	210	1	0	0	302	0	0	1102	0	0	0		//	HP 소모량 +15% & 추가 피해량 +15%																														
	1196	866	3	20104	1	1	405632	167	0	0	0	345	7	0	0	0	0	0	150	0	0	0	210	1	0	0	302	0	0	1469	0	0	0		//	HP 소모량 +15% & 추가 피해량 +20%																														
	1197	866	3	20104	1	1	405633	166	0	0	0	345	7	0	0	0	0	0	150	0	0	0	210	1	0	0	302	0	0	1836	0	0	0		//	HP 소모량 +15% & 추가 피해량 +25%																														
	1198	863	1	20104	1	0	405527	167	0	0	1	0	0	0	0	0	0	0	0	0	0	0	0	0	0	0	0	0	0	0	0	0	0		//	적용 개체수 +1																														
	1199	863	1	20104	1	0	405528	167	0	0	2	0	0	0	0	0	0	0	0	0	0	0	0	0	0	0	0	0	0	0	0	0	0		//	적용 개체수 +2																														
	1200	863	1	20104	1	0	405529	166	0	0	3	0	0	0	0	0	0	0	0	0	0	0	0	0	0	0	0	0	0	0	0	0	0		//	적용 개체수 +3																														
	1201	863	1	20104	1	0	405530	167	0	0	4	0	0	0	0	0	0	0	0	0	0	0	0	0	0	0	0	0	0	0	0	0	0		//	적용 개체수 +4																														
	1202	863	1	20104	1	0	405531	167	0	0	5	0	0	0	0	0	0	0	0	0	0	0	0	0	0	0	0	0	0	0	0	0	0		//	적용 개체수 +5																														
	1203	863	1	20104	1	0	405532	166	0	0	6	0	0	0	0	0	0	0	0	0	0	0	0	0	0	0	0	0	0	0	0	0	0		//	적용 개체수 +6																														
	1204	863	2	20104	1	0	405587	167	0	0	0	1	5	0	0	9	0	500	0	0	0	0	0	0	0	0	0	0	0	0	0	0	0		//	스킬 피해량 +500																														
	1205	863	2	20104	1	0	405588	167	0	0	0	1	5	0	0	9	0	1000	0	0	0	0	0	0	0	0	0	0	0	0	0	0	0		//	스킬 피해량 +1000																														
	1206	863	2	20104	1	0	405589	166	0	0	0	1	5	0	0	9	0	1500	0	0	0	0	0	0	0	0	0	0	0	0	0	0	0		//	스킬 피해량 +1500																														
	1207	863	2	20104	1	0	405823	167	0	0	0	2	5	1000	0	9	200	1	200	3000	1000	100	0	0	0	0	0	0	0	0	0	0	0		//	중독 : 100% 확률로 3초동안 피해 200																														
	1208	863	2	20104	1	0	405824	167	0	0	0	2	5	1000	0	9	200	1	200	4000	1000	100	0	0	0	0	0	0	0	0	0	0	0		//	중독 : 100% 확률로 4초동안 피해 200																														
	1209	863	2	20104	1	0	405825	166	0	0	0	2	5	1000	0	9	200	1	200	5000	1000	100	0	0	0	0	0	0	0	0	0	0	0		//	중독 : 100% 확률로 5초동안 피해 200																														
	1210	863	3	20104	1	1	405637	167	0	0	0	1	5	0	0	9	0	500	0	0	0	0	20	5	0	0	0	0	0	0	1000	0	108		//	스킬 피해량 +500 & 족쇄 지속시간 +1초																														
	1211	863	3	20104	1	1	405638	167	0	0	0	1	5	0	0	9	0	1000	0	0	0	0	20	5	0	0	0	0	0	0	2000	0	108		//	스킬 피해량 +1000 & 족쇄 지속시간 +2초																														
	1212	863	3	20104	1	1	405639	166	0	0	0	1	5	0	0	9	0	1500	0	0	0	0	20	5	0	0	0	0	0	0	3000	0	108		//	스킬 피해량 +1500 & 족쇄 지속시간 +3초																														
	1213	863	3	20104	1	1	405640	167	0	0	0	2	5	1000	0	9	200	1	200	3000	1000	144	101	5	0	0	0	0	0	0	300	0	303		//	고통 : 100% 확률로 3초동안 피해 200 & 피어 지속시간 +0.3초																														
	1214	863	3	20104	1	1	405641	167	0	0	0	2	5	1000	0	9	200	1	200	4000	1000	144	101	5	0	0	0	0	0	0	600	0	303		//	고통 : 100% 확률로 4초동안 피해 200 & 피어 지속시간 +0.6초																														
	1215	863	3	20104	1	1	405642	166	0	0	0	2	5	1000	0	9	200	1	200	5000	1000	144	101	5	0	0	0	0	0	0	1000	0	303		//	고통 : 100% 확률로 5초동안 피해 200 & 피어 지속시간 +1초																														
	1792	461	1	20104	1	0	405527	167	0	0	1	0	0	0	0	0	0	0	0	0	0	0	0	0	0	0	0	0	0	0	0	0	0		//	적용 개체 수 +1																														
	1793	461	1	20104	1	0	405528	167	0	0	2	0	0	0	0	0	0	0	0	0	0	0	0	0	0	0	0	0	0	0	0	0	0		//	적용 개체 수 +2																														
	1794	461	1	20104	1	0	405529	166	0	0	3	0	0	0	0	0	0	0	0	0	0	0	0	0	0	0	0	0	0	0	0	0	0		//	적용 개체 수 +3																														
	1795	461	1	20104	1	0	405501	167	10	0	0	0	0	0	0	0	0	0	0	0	0	0	0	0	0	0	0	0	0	0	0	0	0		//	사거리 +1미터																														
	1796	461	1	20104	1	0	405503	167	20	0	0	0	0	0	0	0	0	0	0	0	0	0	0	0	0	0	0	0	0	0	0	0	0		//	사거리 +2미터																														
	1797	461	1	20104	1	0	405505	166	30	0	0	0	0	0	0	0	0	0	0	0	0	0	0	0	0	0	0	0	0	0	0	0	0		//	사거리 +3미터																														
	1798	461	2	20104	1	0	405436	167	0	0	0	1	3	0	0	9	1	129	0	0	0	0	0	0	0	0	0	0	0	0	0	0	0		//	스킬 피해량 +3%																														
	1799	461	2	20104	1	0	405445	167	0	0	0	1	3	0	0	9	1	258	0	0	0	0	0	0	0	0	0	0	0	0	0	0	0		//	스킬 피해량 +6%																														
	1800	461	2	20104	1	0	405561	166	0	0	0	1	3	0	0	9	1	430	0	0	0	0	0	0	0	0	0	0	0	0	0	0	0		//	스킬 피해량 +10%																														
	1801	461	2	20104	1	0	405272	167	0	0	0	100	3	0	0	0	0	0	0	100	0	3	0	0	0	0	0	0	0	0	0	0	0		//	다운 지속시간 +0.1초																														
	1802	461	2	20104	1	0	405551	167	0	0	0	100	3	0	0	0	0	0	0	300	0	3	0	0	0	0	0	0	0	0	0	0	0		//	다운 지속시간 +0.3초																														
	1803	461	2	20104	1	0	405273	166	0	0	0	100	3	0	0	0	0	0	0	500	0	3	0	0	0	0	0	0	0	0	0	0	0		//	다운 지속시간 +0.5초																														
	1804	461	3	20104	1	1	405372	167	0	0	0	1	3	0	0	9	1	430	0	0	0	0	20	3	1000	0	0	0	2	-100	3000	0	108		//	스킬 피해량 +10% & 족쇄 : 100% 확률로 3초동안 이동속도 -10%																														
	1805	461	3	20104	1	1	405401	167	0	0	0	1	3	0	0	9	1	516	0	0	0	0	20	3	1000	0	0	0	2	-200	3000	0	108		//	스킬 피해량 +12% & 족쇄 : 100% 확률로 3초동안 이동속도 -20%																														
	1806	461	3	20104	1	1	405427	166	0	0	0	1	3	0	0	9	1	644	0	0	0	0	20	3	1000	0	0	0	2	-300	3000	0	108		//	스킬 피해량 +15% & 족쇄 : 100% 확률로 3초동안 이동속도 -30%																														
	1807	461	3	20104	1	1	405838	167	0	0	0	210	5	0	0	0	11	0	301	0	0	0	100	3	30	0	0	0	0	0	0	0	3		//	추가 피해량 +10% & 다운 확률 +3%																														
	1808	461	3	20104	1	1	405844	167	0	0	0	210	5	0	0	0	11	0	361	0	0	0	100	3	60	0	0	0	0	0	0	0	3		//	추가 피해량 +12% & 다운 확률 +6%																														
	1809	461	3	20104	1	1	405850	166	0	0	0	210	5	0	0	0	11	0	451	0	0	0	100	3	100	0	0	0	0	0	0	0	3		//	추가 피해량 +15% & 다운 확률 +10%																														
	1810	467	1	20104	1	0	405276	167	0	0	0	8	1	0	0	0	0	0	-50	0	0	0	0	0	0	0	0	0	0	0	0	0	0		//	대상의 MP -5%																														
	1811	467	1	20104	1	0	405274	167	0	0	0	8	1	0	0	0	0	0	-100	0	0	0	0	0	0	0	0	0	0	0	0	0	0		//	대상의 MP -10%																														
	1812	467	1	20104	1	0	405275	166	0	0	0	8	1	0	0	0	0	0	-150	0	0	0	0	0	0	0	0	0	0	0	0	0	0		//	대상의 MP -15%																														
	1813	467	1	20104	1	0	405302	167	0	0	0	9	7	1000	0	0	0	1	20	3000	0	206	0	0	0	0	0	0	0	0	0	0	0		//	명상 : 100% 확률로 3초동안 MP 회복량 +20																														
	1814	467	1	20104	1	0	405303	167	0	0	0	9	7	1000	0	0	0	1	20	5000	0	206	0	0	0	0	0	0	0	0	0	0	0		//	명상 : 100% 확률로 5초동안 MP 회복량 +20																														
	1815	467	1	20104	1	0	405301	166	0	0	0	9	7	1000	0	0	0	1	20	10000	0	206	0	0	0	0	0	0	0	0	0	0	0		//	명상 : 100% 확률로 10초동안 MP 회복량 +20																														
	1816	467	2	20104	1	0	405436	167	0	0	0	1	1	0	0	2	2	126	0	0	0	0	0	0	0	0	0	0	0	0	0	0	0		//	스킬 피해량 +3%																														
	1817	467	2	20104	1	0	405445	167	0	0	0	1	1	0	0	2	2	252	0	0	0	0	0	0	0	0	0	0	0	0	0	0	0		//	스킬 피해량 +6%																														
	1818	467	2	20104	1	0	405561	166	0	0	0	1	1	0	0	2	2	420	0	0	0	0	0	0	0	0	0	0	0	0	0	0	0		//	스킬 피해량 +10%																														
	1819	467	2	20104	1	0	405563	167	0	0	0	20	1	0	0	0	0	0	0	1000	0	108	0	0	0	0	0	0	0	0	0	0	0		//	족쇄 지속시간 +1초																														
	1820	467	2	20104	1	0	405564	167	0	0	0	20	1	0	0	0	0	0	0	2000	0	108	0	0	0	0	0	0	0	0	0	0	0		//	족쇄 지속시간 +2초																														
	1821	467	2	20104	1	0	405565	166	0	0	0	20	1	0	0	0	0	0	0	3000	0	108	0	0	0	0	0	0	0	0	0	0	0		//	족쇄 지속시간 +3초																														
	1822	467	3	20104	1	1	405378	167	0	0	0	1	1	0	0	2	2	420	0	0	0	0	2	1	1000	0	9	200	1	100	3000	1000	102		//	스킬 피해량 +10% & 화상 : 100% 확률로 3초동안 피해 100																														
	1823	467	3	20104	1	1	405408	167	0	0	0	1	1	0	0	2	2	504	0	0	0	0	2	1	1000	0	9	200	1	100	4000	1000	102		//	스킬 피해량 +12% & 화상 : 100% 확률로 4초동안 피해 100																														
	1824	467	3	20104	1	1	405434	166	0	0	0	1	1	0	0	2	2	630	0	0	0	0	2	1	1000	0	9	200	1	100	5000	1000	102		//	스킬 피해량 +15% & 화상 : 100% 확률로 5초동안 피해 100																														
	1825	467	3	20104	1	1	405373	167	0	0	0	1	1	0	0	2	2	420	0	0	0	0	20	1	0	0	0	0	0	-100	0	0	108		//	스킬 피해량 +10% & 족쇄 감소량 -10%																														
	1826	467	3	20104	1	1	405403	167	0	0	0	1	1	0	0	2	2	504	0	0	0	0	20	1	0	0	0	0	0	-200	0	0	108		//	스킬 피해량 +12% & 족쇄 감소량 -20%																														
	1827	467	3	20104	1	1	405429	166	0	0	0	1	1	0	0	2	2	630	0	0	0	0	20	1	0	0	0	0	0	-300	0	0	108		//	스킬 피해량 +15% & 족쇄 감소량 -30%																														
	1216	469	1	20104	1	0	405608	167	0	0	0	28	7	0	0	0	0	0	0	500	0	312	0	0	0	0	0	0	0	0	0	0	0		//	스킬 피해량 지속시간 +0.5초																														
	1217	469	1	20104	1	0	405609	167	0	0	0	28	7	0	0	0	0	0	0	1000	0	312	0	0	0	0	0	0	0	0	0	0	0		//	스킬 피해량 지속시간 +1초																														
	1218	469	1	20104	1	0	405610	166	0	0	0	28	7	0	0	0	0	0	0	1500	0	312	0	0	0	0	0	0	0	0	0	0	0		//	스킬 피해량 지속시간 +1.5초																														
	1219	469	1	20104	1	0	405611	167	0	0	0	28	7	0	0	0	0	0	0	2000	0	312	0	0	0	0	0	0	0	0	0	0	0		//	스킬 피해량 지속시간 +2초																														
	1220	469	1	20104	1	0	405612	167	0	0	0	28	7	0	0	0	0	0	0	2500	0	312	0	0	0	0	0	0	0	0	0	0	0		//	스킬 피해량 지속시간 +2.5초																														
	1221	469	1	20104	1	0	405613	166	0	0	0	28	7	0	0	0	0	0	0	3000	0	312	0	0	0	0	0	0	0	0	0	0	0		//	스킬 피해량 지속시간 +3초																														
	1222	469	2	20104	1	0	405614	167	0	0	0	28	7	0	0	0	0	0	50	0	0	312	0	0	0	0	0	0	0	0	0	0	0		//	스킬 피해량 증가 +5%																														
	1223	469	2	20104	1	0	405615	167	0	0	0	28	7	0	0	0	0	0	100	0	0	312	0	0	0	0	0	0	0	0	0	0	0		//	스킬 피해량 증가 +10%																														
	1224	469	2	20104	1	0	405616	166	0	0	0	28	7	0	0	0	0	0	150	0	0	312	0	0	0	0	0	0	0	0	0	0	0		//	스킬 피해량 증가 +15%																														
	1225	469	2	20104	1	0	405617	167	0	0	0	28	7	0	0	0	0	0	200	0	0	312	0	0	0	0	0	0	0	0	0	0	0		//	스킬 피해량 증가 +20%																														
	1226	469	2	20104	1	0	405618	167	0	0	0	28	7	0	0	0	0	0	250	0	0	312	0	0	0	0	0	0	0	0	0	0	0		//	스킬 피해량 증가 +25%																														
	1227	469	2	20104	1	0	405619	166	0	0	0	28	7	0	0	0	0	0	300	0	0	312	0	0	0	0	0	0	0	0	0	0	0		//	스킬 피해량 증가 +30%																														
	1228	469	3	20104	1	1	405643	167	0	0	0	28	7	0	0	0	0	0	0	1000	0	312	25	7	1000	0	1	0	1	5	20000	0	1508		//	스킬 피해량 지속시간 +1초 & 20초동안 크리티컬 확률 +5%																														
	1229	469	3	20104	1	1	405644	167	0	0	0	28	7	0	0	0	0	0	0	2000	0	312	25	7	1000	0	1	0	1	5	20000	0	1508		//	스킬 피해량 지속시간 +2초 & 20초동안 크리티컬 확률 +5%																														
	1230	469	3	20104	1	1	405645	166	0	0	0	28	7	0	0	0	0	0	0	3000	0	312	25	7	1000	0	1	0	1	10	20000	0	1508		//	스킬 피해량 지속시간 +3초 & 20초동안 크리티컬 확률 +10%																														
	1231	469	3	20104	1	1	405646	167	0	0	0	28	7	0	0	0	0	0	100	0	0	312	25	7	1000	0	1	0	1	5	20000	0	1508		//	스킬 피해량 증가 +10% & 20초동안 크리티컬 확률 +5%																														
	1232	469	3	20104	1	1	405647	167	0	0	0	28	7	0	0	0	0	0	200	0	0	312	25	7	1000	0	1	0	1	5	20000	0	1508		//	스킬 피해량 증가 +20% & 20초동안 크리티컬 확률 +5%																														
	1233	469	3	20104	1	1	405648	166	0	0	0	28	7	0	0	0	0	0	300	0	0	312	25	7	1000	0	1	0	1	10	20000	0	1508		//	스킬 피해량 증가 +30% & 20초동안 크리티컬 확률 +10%																														
	1234	470	1	20104	1	0	405500	167	50	0	0	0	0	0	0	0	0	0	0	0	0	0	0	0	0	0	0	0	0	0	0	0	0		//	사거리 +0.5미터																														
	1235	470	1	20104	1	0	405501	167	10	0	0	0	0	0	0	0	0	0	0	0	0	0	0	0	0	0	0	0	0	0	0	0	0		//	사거리 +1미터																														
	1236	470	1	20104	1	0	405502	166	15	0	0	0	0	0	0	0	0	0	0	0	0	0	0	0	0	0	0	0	0	0	0	0	0		//	사거리 +1.5미터																														
	1237	470	1	20104	1	0	405503	167	20	0	0	0	0	0	0	0	0	0	0	0	0	0	0	0	0	0	0	0	0	0	0	0	0		//	사거리 +2미터																														
	1238	470	1	20104	1	0	405504	167	25	0	0	0	0	0	0	0	0	0	0	0	0	0	0	0	0	0	0	0	0	0	0	0	0		//	사거리 +2.5미터																														
	1239	470	1	20104	1	0	405505	166	30	0	0	0	0	0	0	0	0	0	0	0	0	0	0	0	0	0	0	0	0	0	0	0	0		//	사거리 +3미터																														
	1240	470	2	20104	1	0	405560	167	0	0	0	1	1	0	0	9	0	247	0	0	0	0	0	0	0	0	0	0	0	0	0	0	0		//	스킬 피해량 +5%																														
	1241	470	2	20104	1	0	405561	167	0	0	0	1	1	0	0	9	0	494	0	0	0	0	0	0	0	0	0	0	0	0	0	0	0		//	스킬 피해량 +10%																														
	1242	470	2	20104	1	0	405562	166	0	0	0	1	1	0	0	9	0	741	0	0	0	0	0	0	0	0	0	0	0	0	0	0	0		//	스킬 피해량 +15%																														
	1243	470	2	20104	1	0	405649	167	0	0	0	100	1	0	0	0	0	0	0	300	0	219	0	0	0	0	0	0	0	0	0	0	0		//	홀딩 지속시간 +0.3초																														
	1244	470	2	20104	1	0	405650	167	0	0	0	100	1	0	0	0	0	0	0	600	0	219	0	0	0	0	0	0	0	0	0	0	0		//	홀딩 지속시간 +0.6초																														
	1245	470	2	20104	1	0	405651	166	0	0	0	100	1	0	0	0	0	0	0	1000	0	219	0	0	0	0	0	0	0	0	0	0	0		//	홀딩 지속시간 +1초																														
	1246	470	3	20104	1	1	405652	167	0	0	0	1	1	0	0	9	0	741	0	0	0	0	2	1	1000	0	9	200	1	200	3000	1000	102		//	스킬 피해량 15% & 화상 : 100% 확률로 3초동안 피해 200																														
	1247	470	3	20104	1	1	405653	167	0	0	0	1	1	0	0	9	0	988	0	0	0	0	2	1	1000	0	9	200	1	200	3000	1000	102		//	스킬 피해량 20% & 화상 : 100% 확률로 4초동안 피해 200																														
	1248	470	3	20104	1	1	405654	166	0	0	0	1	1	0	0	9	0	1235	0	0	0	0	2	1	1000	0	9	200	1	200	3000	1000	102		//	스킬 피해량 25% & 화상 : 100% 확률로 5초동안 피해 200																														
	1249	470	3	20104	1	1	405655	167	0	0	0	1	1	0	0	9	0	741	0	0	0	0	100	1	0	0	0	0	0	0	300	0	219		//	스킬 피해량 15% & 홀딩 지속시간 +0.3초																														
	1250	470	3	20104	1	1	405656	167	0	0	0	1	1	0	0	9	0	988	0	0	0	0	100	1	0	0	0	0	0	0	600	0	219		//	스킬 피해량 20% & 홀딩 지속시간 +0.6초																														
	1251	470	3	20104	1	1	405657	166	0	0	0	1	1	0	0	9	0	1235	0	0	0	0	100	1	0	0	0	0	0	0	1000	0	219		//	스킬 피해량 25% & 홀딩 지속시간 +1초																														
	1828	508	1	20104	1	0	405486	334	0	0	0	221	10	0	0	150	0	0	0	0	0	0	0	0	0	0	0	0	0	0	0	0	0		//	워배틀러 최대 HP +15%																														
	1829	508	1	20104	1	0	405487	334	0	0	0	221	10	0	0	300	0	0	0	0	0	0	0	0	0	0	0	0	0	0	0	0	0		//	워배틀러 최대 HP +30%																														
	1830	508	1	20104	1	0	405488	332	0	0	0	221	10	0	0	500	0	0	0	0	0	0	0	0	0	0	0	0	0	0	0	0	0		//	워배틀러 최대 HP +50%																														
	1834	508	2	20104	1	0	405480	334	0	0	0	221	10	0	0	0	0	0	150	0	0	0	0	0	0	0	0	0	0	0	0	0	0		//	워배틀러 기본 방어력 +15%																														
	1835	508	2	20104	1	0	405481	334	0	0	0	221	10	0	0	0	0	0	300	0	0	0	0	0	0	0	0	0	0	0	0	0	0		//	워배틀러 기본 방어력 +30%																														
	1836	508	2	20104	1	0	405482	332	0	0	0	221	10	0	0	0	0	0	500	0	0	0	0	0	0	0	0	0	0	0	0	0	0		//	워배틀러 기본 방어력 +50%																														
	1840	508	3	20104	1	1	405474	167	0	0	0	221	10	0	0	0	0	150	0	0	0	0	363	10	0	0	150	0	0	0	0	0	0		//	워배틀러 기본 공격력 +15% & 스킬 공격력 +15%																														
	1841	508	3	20104	1	1	405476	167	0	0	0	221	10	0	0	0	0	300	0	0	0	0	363	10	0	0	300	0	0	0	0	0	0		//	워배틀러 기본 공격력 +30% & 스킬 공격력 +30%																														
	1842	508	3	20104	1	1	405478	166	0	0	0	221	10	0	0	0	0	500	0	0	0	0	363	10	0	0	500	0	0	0	0	0	0		//	워배틀러 기본 공격력 +50% & 스킬 공격력 +50%																														
	1843	508	3	20104	1	1	405475	167	0	0	0	221	10	0	0	0	0	150	0	0	0	0	358	10	0	0	0	150	0	0	0	0	0		//	워배틀러 기본 공격력 +15% & 원소 공격력 +15%																														
	1844	508	3	20104	1	1	405477	167	0	0	0	221	10	0	0	0	0	300	0	0	0	0	358	10	0	0	0	300	0	0	0	0	0		//	워배틀러 기본 공격력 +30% & 원소 공격력 +30%																														
	1845	508	3	20104	1	1	405479	166	0	0	0	221	10	0	0	0	0	500	0	0	0	0	358	10	0	0	0	500	0	0	0	0	0		//	워배틀러 기본 공격력 +50% & 원소 공격력 +50%																														
	1846	511	1	20104	1	0	405292	334	0	0	0	221	10	0	0	150	0	0	0	0	0	0	0	0	0	0	0	0	0	0	0	0	0		//	디스트로이어 최대 HP +15%																														
	1847	511	1	20104	1	0	405293	334	0	0	0	221	10	0	0	300	0	0	0	0	0	0	0	0	0	0	0	0	0	0	0	0	0		//	디스트로이어 최대 HP +30%																														
	1848	511	1	20104	1	0	405294	332	0	0	0	221	10	0	0	500	0	0	0	0	0	0	0	0	0	0	0	0	0	0	0	0	0		//	디스트로이어 최대 HP +50%																														
	1852	511	2	20104	1	0	405289	167	0	0	0	363	10	0	0	0	0	0	0	150	0	0	0	0	0	0	0	0	0	0	0	0	0		//	디스트로이어 상대 모든 원소 저항률 감소 +15%																														
	1853	511	2	20104	1	0	405290	167	0	0	0	363	10	0	0	0	0	0	0	300	0	0	0	0	0	0	0	0	0	0	0	0	0		//	디스트로이어 상대 모든 원소 저항률 감소 +30%																														
	1854	511	2	20104	1	0	405291	166	0	0	0	363	10	0	0	0	0	0	0	500	0	0	0	0	0	0	0	0	0	0	0	0	0		//	디스트로이어 상대 모든 원소 저항률 감소 +50%																														
	1855	511	2	20104	1	0	405277	167	0	0	0	363	10	0	0	0	0	0	150	0	0	0	0	0	0	0	0	0	0	0	0	0	0		//	디스트로이어 가해 디버프 시간 +15%																														
	1856	511	2	20104	1	0	405278	167	0	0	0	363	10	0	0	0	0	0	300	0	0	0	0	0	0	0	0	0	0	0	0	0	0		//	디스트로이어 가해 디버프 시간 +30%																														
	1857	511	2	20104	1	0	405279	166	0	0	0	363	10	0	0	0	0	0	500	0	0	0	0	0	0	0	0	0	0	0	0	0	0		//	디스트로이어 가해 디버프 시간 +50%																														
	1858	511	3	20104	1	1	405280	167	0	0	0	221	10	0	0	0	0	150	0	0	0	0	363	10	0	0	150	0	0	0	0	0	0		//	디스트로이어 기본 공격력 +15% & 스킬 공격력 +15%																														
	1859	511	3	20104	1	1	405282	167	0	0	0	221	10	0	0	0	0	300	0	0	0	0	363	10	0	0	300	0	0	0	0	0	0		//	디스트로이어 기본 공격력 +30% & 스킬 공격력 +30%																														
	1860	511	3	20104	1	1	405284	166	0	0	0	221	10	0	0	0	0	500	0	0	0	0	363	10	0	0	500	0	0	0	0	0	0		//	디스트로이어 기본 공격력 +50% & 스킬 공격력 +50%																														
	1861	511	3	20104	1	1	405281	167	0	0	0	221	10	0	0	0	0	150	0	0	0	0	358	10	0	0	0	150	0	0	0	0	0		//	디스트로이어 기본 공격력 +15% & 원소 공격력 +15%																														
	1862	511	3	20104	1	1	405283	167	0	0	0	221	10	0	0	0	0	300	0	0	0	0	358	10	0	0	0	300	0	0	0	0	0		//	디스트로이어 기본 공격력 +30% & 원소 공격력 +30%																														
	1863	511	3	20104	1	1	405285	166	0	0	0	221	10	0	0	0	0	500	0	0	0	0	358	10	0	0	0	500	0	0	0	0	0		//	디스트로이어 기본 공격력 +50% & 원소 공격력 +50%																														
	1252	522	1	20104	1	0	405658	167	0	0	0	228	13	0	0	1	1	0	0	5000	0	1303	0	0	0	0	0	0	0	0	0	0	0		//	아드레날린 지속시간 +5초																														
	1253	522	1	20104	1	0	405659	167	0	0	0	228	13	0	0	1	1	0	0	10000	0	1303	0	0	0	0	0	0	0	0	0	0	0		//	아드레날린 지속시간 +10초																														
	1254	522	1	20104	1	0	405660	166	0	0	0	228	13	0	0	1	1	0	0	15000	0	1303	0	0	0	0	0	0	0	0	0	0	0		//	아드레날린 지속시간 +15초																														
	1255	522	1	20104	1	0	405661	167	0	0	0	228	13	0	0	1	1	0	0	20000	0	1303	0	0	0	0	0	0	0	0	0	0	0		//	아드레날린 지속시간 +20초																														
	1256	522	1	20104	1	0	405662	167	0	0	0	228	13	0	0	1	1	0	0	25000	0	1303	0	0	0	0	0	0	0	0	0	0	0		//	아드레날린 지속시간 +25초																														
	1257	522	1	20104	1	0	405663	166	0	0	0	228	13	0	0	1	1	0	0	30000	0	1303	0	0	0	0	0	0	0	0	0	0	0		//	아드레날린 지속시간 +30초																														
	1258	522	2	20104	1	0	405826	167	0	0	0	228	13	0	0	1	1	50	0	0	0	1303	0	0	0	0	0	0	0	0	0	0	0		//	기본 공격력 & 모든 원소 공격력 +5%																														
	1259	522	2	20104	1	0	405664	167	0	0	0	228	13	0	0	1	1	100	0	0	0	1303	0	0	0	0	0	0	0	0	0	0	0		//	기본 공격력 & 모든 원소 공격력 +10%																														
	1260	522	2	20104	1	0	405665	166	0	0	0	228	13	0	0	1	1	150	0	0	0	1303	0	0	0	0	0	0	0	0	0	0	0		//	기본 공격력 & 모든 원소 공격력 +15%																														
	1261	522	2	20104	1	0	405666	167	0	0	0	228	13	0	0	1	1	200	0	0	0	1303	0	0	0	0	0	0	0	0	0	0	0		//	기본 공격력 & 모든 원소 공격력 +20%																														
	1262	522	2	20104	1	0	405827	167	0	0	0	228	13	0	0	1	1	250	0	0	0	1303	0	0	0	0	0	0	0	0	0	0	0		//	기본 공격력 & 모든 원소 공격력 +25%																														
	1263	522	2	20104	1	0	405828	166	0	0	0	228	13	0	0	1	1	300	0	0	0	1303	0	0	0	0	0	0	0	0	0	0	0		//	기본 공격력 & 모든 원소 공격력 +30%																														
	1264	522	3	20104	1	0	405670	167	0	0	0	102	7	1000	0	0	0	50	100	3000	1000	222	0	0	0	0	0	0	0	0	0	0	0		//	레인지 : 100% 확률로 3초동안 레인지 피해 100																														
	1265	522	3	20104	1	0	405671	167	0	0	0	102	7	1000	0	0	0	50	100	5000	1000	222	0	0	0	0	0	0	0	0	0	0	0		//	레인지 : 100% 확률로 5초동안 레인지 피해 100																														
	1266	522	3	20104	1	0	405672	166	0	0	0	102	7	1000	0	0	0	50	100	10000	1000	222	0	0	0	0	0	0	0	0	0	0	0		//	레인지 : 100% 확률로 10초동안 레인지 피해 100																														
	1267	522	3	20104	1	0	405673	167	0	0	0	102	7	1000	0	0	0	50	200	3000	1000	222	0	0	0	0	0	0	0	0	0	0	0		//	레인지 : 100% 확률로 3초동안 레인지 피해 200																														
	1268	522	3	20104	1	0	405674	167	0	0	0	102	7	1000	0	0	0	50	200	5000	1000	222	0	0	0	0	0	0	0	0	0	0	0		//	레인지 : 100% 확률로 5초동안 레인지 피해 200																														
	1269	522	3	20104	1	0	405675	166	0	0	0	102	7	1000	0	0	0	50	200	10000	1000	222	0	0	0	0	0	0	0	0	0	0	0		//	레인지 : 100% 확률로 10초동안 레인지 피해 200																														
	1270	524	1	20104	1	0	405676	167	0	0	0	24	7	0	0	2	0	0	50	0	0	210	0	0	0	0	0	0	0	0	0	0	0		//	스킬 사정거리 +5%																														
	1271	524	1	20104	1	0	405677	167	0	0	0	24	7	0	0	2	0	0	100	0	0	210	0	0	0	0	0	0	0	0	0	0	0		//	스킬 사정거리 +10%																														
	1272	524	1	20104	1	0	405678	166	0	0	0	24	7	0	0	2	0	0	150	0	0	210	0	0	0	0	0	0	0	0	0	0	0		//	스킬 사정거리 +15%																														
	1273	524	1	20104	1	0	405679	167	0	0	0	24	7	0	0	2	0	0	0	5000	0	210	0	0	0	0	0	0	0	0	0	0	0		//	시야 지속시간 +5초																														
	1274	524	1	20104	1	0	405680	167	0	0	0	24	7	0	0	2	0	0	0	10000	0	210	0	0	0	0	0	0	0	0	0	0	0		//	시야 지속시간 +10초																														
	1275	524	1	20104	1	0	405681	166	0	0	0	24	7	0	0	2	0	0	0	15000	0	210	0	0	0	0	0	0	0	0	0	0	0		//	시야 지속시간 +15초																														
	1276	524	2	20104	1	0	405682	167	0	0	0	21	7	0	0	0	0	0	0	10000	0	962	0	0	0	0	0	0	0	0	0	0	0		//	기세 지속시간 +10초																														
	1277	524	2	20104	1	0	405683	167	0	0	0	21	7	0	0	0	0	0	0	20000	0	962	0	0	0	0	0	0	0	0	0	0	0		//	기세 지속시간 +20초																														
	1278	524	2	20104	1	0	405684	166	0	0	0	21	7	0	0	0	0	0	0	30000	0	962	0	0	0	0	0	0	0	0	0	0	0		//	기세 지속시간 +30초																														
	1279	524	2	20104	1	0	405680	167	0	0	0	24	7	0	0	2	0	0	0	10000	0	210	0	0	0	0	0	0	0	0	0	0	0		//	시야 지속시간 +10초																														
	1280	524	2	20104	1	0	405685	167	0	0	0	24	7	0	0	2	0	0	0	20000	0	210	0	0	0	0	0	0	0	0	0	0	0		//	시야 지속시간 +20초																														
	1281	524	2	20104	1	0	405686	166	0	0	0	24	7	0	0	2	0	0	0	30000	0	210	0	0	0	0	0	0	0	0	0	0	0		//	시야 지속시간 +30초																														
	1282	524	3	20104	1	1	405687	167	0	0	0	25	7	1000	0	1	0	1	5	60000	0	1508	26	7	1000	0	1	0	2	50	60000	0	1510		//	1분동안 크리티컬 확률 +5% & 1분동안 크리티컬 데미지 +5%																														
	1283	524	3	20104	1	1	405688	167	0	0	0	25	7	1000	0	1	0	1	5	120000	0	1508	26	7	1000	0	1	0	2	50	120000	0	1510		//	2분동안 크리티컬 확률 +5% & 2분동안 크리티컬 데미지 +5%																														
	1284	524	3	20104	1	1	405689	166	0	0	0	25	7	1000	0	1	0	1	5	180000	0	1508	26	7	1000	0	1	0	2	50	180000	0	1510		//	3분동안 크리티컬 확률 +5% & 3분동안 크리티컬 데미지 +5%																														
	1285	524	3	20104	1	1	405690	167	0	0	0	11	7	1000	0	9	0	2	50	6000	0	169	28	7	1000	0	0	0	5	50	6000	0	312		//	1분동안 기본공격력 +5% & 1분동안 스킬 피해량 +5%																														
	1286	524	3	20104	1	1	405691	167	0	0	0	11	7	1000	0	9	0	2	50	120000	0	169	28	7	1000	0	0	0	5	50	120000	0	312		//	2분동안 기본공격력 +5% & 2분동안 스킬 피해량 +5%																														
	1287	524	3	20104	1	1	405692	166	0	0	0	11	7	1000	0	9	0	2	50	180000	0	169	28	7	1000	0	0	0	5	50	180000	0	312		//	3분동안 기본공격력 +5% & 3분동안 스킬 피해량 +5%																														
	1864	717	1	20104	1	0	405527	167	0	0	1	0	0	0	0	0	0	0	0	0	0	0	0	0	0	0	0	0	0	0	0	0	0		//	적용 개체 수 +1																														
	1865	717	1	20104	1	0	405528	167	0	0	2	0	0	0	0	0	0	0	0	0	0	0	0	0	0	0	0	0	0	0	0	0	0		//	적용 개체 수 +2																														
	1866	717	1	20104	1	0	405529	166	0	0	3	0	0	0	0	0	0	0	0	0	0	0	0	0	0	0	0	0	0	0	0	0	0		//	적용 개체 수 +3																														
	1867	717	1	20104	1	0	405501	167	10	0	0	0	0	0	0	0	0	0	0	0	0	0	0	0	0	0	0	0	0	0	0	0	0		//	사거리 +1미터																														
	1868	717	1	20104	1	0	405503	167	20	0	0	0	0	0	0	0	0	0	0	0	0	0	0	0	0	0	0	0	0	0	0	0	0		//	사거리 +2미터																														
	1869	717	1	20104	1	0	405505	166	30	0	0	0	0	0	0	0	0	0	0	0	0	0	0	0	0	0	0	0	0	0	0	0	0		//	사거리 +3미터																														
	1870	717	2	20104	1	0	405436	167	0	0	0	1	3	0	0	9	0	118	0	0	0	0	0	0	0	0	0	0	0	0	0	0	0		//	스킬 피해량 +3%																														
	1871	717	2	20104	1	0	405445	167	0	0	0	1	3	0	0	9	0	236	0	0	0	0	0	0	0	0	0	0	0	0	0	0	0		//	스킬 피해량 +6%																														
	1872	717	2	20104	1	0	405561	166	0	0	0	1	3	0	0	9	0	393	0	0	0	0	0	0	0	0	0	0	0	0	0	0	0		//	스킬 피해량 +10%																														
	1873	717	2	20104	1	0	404235	167	0	0	0	2	3	0	0	9	200	0	14	0	0	102	0	0	0	0	0	0	0	0	0	0	0		//	화상 피해량 +3%																														
	1874	717	2	20104	1	0	404236	167	0	0	0	2	3	0	0	9	200	0	28	0	0	102	0	0	0	0	0	0	0	0	0	0	0		//	화상 피해량 +6%																														
	1875	717	2	20104	1	0	404234	166	0	0	0	2	3	0	0	9	200	0	46	0	0	102	0	0	0	0	0	0	0	0	0	0	0		//	화상 피해량 +10%																														
	1876	717	3	20104	1	0	404231	167	0	0	0	2	3	0	0	9	200	0	0	1000	0	102	0	0	0	0	0	0	0	0	0	0	0		//	화상 지속시간 +1초																														
	1877	717	3	20104	1	0	404232	167	0	0	0	2	3	0	0	9	200	0	0	2000	0	102	0	0	0	0	0	0	0	0	0	0	0		//	화상 지속시간 +2초																														
	1878	717	3	20104	1	0	404233	166	0	0	0	2	3	0	0	9	200	0	0	3000	0	102	0	0	0	0	0	0	0	0	0	0	0		//	화상 지속시간 +3초																														
	1879	717	3	20104	1	1	405379	167	0	0	0	1	3	0	0	9	0	393	0	0	0	0	2	3	0	0	9	200	0	0	1000	0	102		//	스킬 피해량 +10% & 화상 지속시간 +1초																														
	1880	717	3	20104	1	1	405409	167	0	0	0	1	3	0	0	9	0	472	0	0	0	0	2	3	0	0	9	200	0	0	2000	0	102		//	스킬 피해량 +12% & 화상 지속시간 +2초																														
	1881	717	3	20104	1	1	405435	166	0	0	0	1	3	0	0	9	0	590	0	0	0	0	2	3	0	0	9	200	0	0	3000	0	102		//	스킬 피해량 +15% & 화상 지속시간 +3초																														
	1882	703	1	20104	1	0	405492	167	0	0	0	20	1	300	0	0	0	2	-150	3000	0	108	0	0	0	0	0	0	0	0	0	0	0		//	족쇄 : 30% 확률로 3초동안 이동속도 -15%																														
	1883	703	1	20104	1	0	405493	167	0	0	0	20	1	600	0	0	0	2	-150	4000	0	108	0	0	0	0	0	0	0	0	0	0	0		//	족쇄 : 60% 확률로 4초동안 이동속도 -30%																														
	1884	703	1	20104	1	0	405494	166	0	0	0	20	1	900	0	0	0	2	-150	5000	0	108	0	0	0	0	0	0	0	0	0	0	0		//	족쇄 : 90% 확률로 5초동안 이동속도 -50%																														
	1885	703	1	20104	1	0	405466	167	0	0	0	14	1	300	0	9	0	2	-100	3000	0	105	0	0	0	0	0	0	0	0	0	0	0		//	약체 : 30% 확률로 3초동안 방어력 -10%																														
	1886	703	1	20104	1	0	405468	167	0	0	0	14	1	600	0	9	0	2	-150	4000	0	105	0	0	0	0	0	0	0	0	0	0	0		//	약체 : 60% 확률로 4초동안 방어력 -15%																														
	1887	703	1	20104	1	0	405470	166	0	0	0	14	1	900	0	9	0	2	-200	5000	0	105	0	0	0	0	0	0	0	0	0	0	0		//	약체 : 90% 확률로 5초동안 방어력 -20%																														
	1888	703	2	20104	1	0	405436	167	0	0	0	1	1	0	0	0	0	269	0	0	0	0	0	0	0	0	0	0	0	0	0	0	0		//	스킬 피해량 +3%																														
	1889	703	2	20104	1	0	405445	167	0	0	0	1	1	0	0	0	0	537	0	0	0	0	0	0	0	0	0	0	0	0	0	0	0		//	스킬 피해량 +6%																														
	1890	703	2	20104	1	0	405561	166	0	0	0	1	1	0	0	0	0	895	0	0	0	0	0	0	0	0	0	0	0	0	0	0	0		//	스킬 피해량 +10%																														
	1891	703	2	20104	1	0	405499	167	0	0	0	2	1	0	0	0	200	0	10	0	0	100	0	0	0	0	0	0	0	0	0	0	0		//	중독 피해량 +3%																														
	1892	703	2	20104	1	0	405833	167	0	0	0	2	1	0	0	0	200	0	19	0	0	100	0	0	0	0	0	0	0	0	0	0	0		//	중독 피해량 +6%																														
	1893	703	2	20104	1	0	405495	166	0	0	0	2	1	0	0	0	200	0	32	0	0	100	0	0	0	0	0	0	0	0	0	0	0		//	중독 피해량 +10%																														
	1894	703	3	20104	1	1	405376	167	0	0	0	1	1	0	0	0	0	895	0	0	0	0	2	1	0	0	0	200	0	0	1000	0	100		//	스킬 피해량 +10% & 중독 지속시간 +1초																														
	1895	703	3	20104	1	1	405406	167	0	0	0	1	1	0	0	0	0	1074	0	0	0	0	2	1	0	0	0	200	0	0	2000	0	100		//	스킬 피해량 +12% & 중독 지속시간 +2초																														
	1896	703	3	20104	1	1	405432	166	0	0	0	1	1	0	0	0	0	1343	0	0	0	0	2	1	0	0	0	200	0	0	3000	0	100		//	스킬 피해량 +15% & 중독 지속시간 +3초																														
	1897	703	3	20104	1	1	405496	167	0	0	0	2	1	0	0	0	200	0	32	0	0	100	2	1	0	0	0	200	0	0	1000	0	100		//	중독 피해량 +10% & 중독 지속시간 +1초																														
	1898	703	3	20104	1	1	405497	167	0	0	0	2	1	0	0	0	200	0	39	0	0	100	2	1	0	0	0	200	0	0	2000	0	100		//	중독 피해량 +12% & 중독 지속시간 +2초																														
	1899	703	3	20104	1	1	405498	166	0	0	0	2	1	0	0	0	200	0	48	0	0	100	2	1	0	0	0	200	0	0	3000	0	100		//	중독 피해량 +15% & 중독 지속시간 +3초																														
	1288	718	1	20104	1	0	405501	167	10	0	0	0	0	0	0	0	0	0	0	0	0	0	0	0	0	0	0	0	0	0	0	0	0		//	사거리 +1미터																														
	1289	718	1	20104	1	0	405503	167	20	0	0	0	0	0	0	0	0	0	0	0	0	0	0	0	0	0	0	0	0	0	0	0	0		//	사거리 +2미터																														
	1290	718	1	20104	1	0	405505	166	30	0	0	0	0	0	0	0	0	0	0	0	0	0	0	0	0	0	0	0	0	0	0	0	0		//	사거리 +3미터																														
	1291	718	1	20104	1	0	405527	167	0	0	1	0	0	0	0	0	0	0	0	0	0	0	0	0	0	0	0	0	0	0	0	0	0		//	적용 개체수 +1																														
	1292	718	1	20104	1	0	405528	167	0	0	2	0	0	0	0	0	0	0	0	0	0	0	0	0	0	0	0	0	0	0	0	0	0		//	적용 개체수 +2																														
	1293	718	1	20104	1	0	405529	166	0	0	3	0	0	0	0	0	0	0	0	0	0	0	0	0	0	0	0	0	0	0	0	0	0		//	적용 개체수 +3																														
	1294	718	2	20104	1	0	405560	167	0	0	0	1	3	0	0	0	0	301	0	0	0	0	0	0	0	0	0	0	0	0	0	0	0		//	스킬 피해량 +5%																														
	1295	718	2	20104	1	0	405561	167	0	0	0	1	3	0	0	0	0	603	0	0	0	0	0	0	0	0	0	0	0	0	0	0	0		//	스킬 피해량 +10%																														
	1296	718	2	20104	1	0	405562	166	0	0	0	1	3	0	0	0	0	904	0	0	0	0	0	0	0	0	0	0	0	0	0	0	0		//	스킬 피해량 +15%																														
	1297	718	2	20104	1	0	405693	167	0	0	0	100	3	50	0	0	0	0	0	0	0	3	0	0	0	0	0	0	0	0	0	0	0		//	다운 확률 +5%																														
	1298	718	2	20104	1	0	405694	167	0	0	0	100	3	100	0	0	0	0	0	0	0	3	0	0	0	0	0	0	0	0	0	0	0		//	다운 확률 +10%																														
	1299	718	2	20104	1	0	405695	166	0	0	0	100	3	150	0	0	0	0	0	0	0	3	0	0	0	0	0	0	0	0	0	0	0		//	다운 확률 +15%																														
	1300	718	3	20104	1	1	405578	167	0	0	0	1	3	0	0	0	0	904	0	0	0	0	100	3	0	0	0	0	0	0	300	0	3		//	스킬 피해량 +15% & 다운 지속시간 +0.3초																														
	1301	718	3	20104	1	1	405579	167	0	0	0	1	3	0	0	0	0	1206	0	0	0	0	100	3	0	0	0	0	0	0	600	0	3		//	스킬 피해량 +20% & 다운 지속시간 +0.6초																														
	1302	718	3	20104	1	1	405580	166	0	0	0	1	3	0	0	0	0	1507	0	0	0	0	100	3	0	0	0	0	0	0	1000	0	3		//	스킬 피해량 +25% & 다운 지속시간 +1초																														
	1303	718	3	20104	1	1	405696	167	0	0	0	1	3	0	0	0	0	904	0	0	0	0	20	3	0	0	0	0	0	-100	0	0	108		//	스킬 피해량 +15% & 이동속도 -10%																														
	1304	718	3	20104	1	1	405697	167	0	0	0	1	3	0	0	0	0	1206	0	0	0	0	20	3	0	0	0	0	0	-200	0	0	108		//	스킬 피해량 +20% & 이동속도 -20%																														
	1305	718	3	20104	1	1	405698	166	0	0	0	1	3	0	0	0	0	1507	0	0	0	0	20	3	0	0	0	0	0	-300	0	0	108		//	스킬 피해량 +25% & 이동속도 -30%																														
	1306	728	1	20104	1	0	405501	167	10	0	0	0	0	0	0	0	0	0	0	0	0	0	0	0	0	0	0	0	0	0	0	0	0		//	사거리 +1미터																														
	1307	728	1	20104	1	0	405503	167	20	0	0	0	0	0	0	0	0	0	0	0	0	0	0	0	0	0	0	0	0	0	0	0	0		//	사거리 +2미터																														
	1308	728	1	20104	1	0	405505	166	30	0	0	0	0	0	0	0	0	0	0	0	0	0	0	0	0	0	0	0	0	0	0	0	0		//	사거리 +3미터																														
	1309	728	1	20104	1	0	405527	167	0	0	1	0	0	0	0	0	0	0	0	0	0	0	0	0	0	0	0	0	0	0	0	0	0		//	적용 개체수 +1																														
	1310	728	1	20104	1	0	405528	167	0	0	2	0	0	0	0	0	0	0	0	0	0	0	0	0	0	0	0	0	0	0	0	0	0		//	적용 개체수 +2																														
	1311	728	1	20104	1	0	405529	166	0	0	3	0	0	0	0	0	0	0	0	0	0	0	0	0	0	0	0	0	0	0	0	0	0		//	적용 개체수 +3																														
	1312	728	2	20104	1	0	405830	167	0	0	0	1	3	0	0	0	0	95	0	0	0	0	0	0	0	0	0	0	0	0	0	0	0		//	스킬 피해량 +2%																														
	1313	728	2	20104	1	0	405831	167	0	0	0	1	3	0	0	0	0	236	0	0	0	0	0	0	0	0	0	0	0	0	0	0	0		//	스킬 피해량 +5%																														
	1314	728	2	20104	1	0	405832	166	0	0	0	1	3	0	0	0	0	473	0	0	0	0	0	0	0	0	0	0	0	0	0	0	0		//	스킬 피해량 +10%																														
	1315	728	2	20104	1	0	405699	167	0	0	0	1	3	0	0	0	0	567	0	0	0	0	0	0	0	0	0	0	0	0	0	0	0		//	스킬 피해량 +12%																														
	1316	728	2	20104	1	0	405700	167	0	0	0	1	3	0	0	0	0	709	0	0	0	0	0	0	0	0	0	0	0	0	0	0	0		//	스킬 피해량 +15%																														
	1317	728	2	20104	1	0	405701	166	0	0	0	1	3	0	0	0	0	946	0	0	0	0	0	0	0	0	0	0	0	0	0	0	0		//	스킬 피해량 +20%																														
	1318	728	3	20104	1	1	405702	167	0	0	0	1	3	0	0	0	0	709	0	0	0	0	100	3	0	0	0	0	0	0	300	0	9		//	스킬 피해량 +15% & 프로즌 지속시간 +0.3초																														
	1319	728	3	20104	1	1	405703	167	0	0	0	1	3	0	0	0	0	946	0	0	0	0	100	3	0	0	0	0	0	0	600	0	9		//	스킬 피해량 +20% & 프로즌 지속시간 +0.6초																														
	1320	728	3	20104	1	1	405704	166	0	0	0	1	3	0	0	0	0	1182	0	0	0	0	100	3	0	0	0	0	0	0	1000	0	9		//	스킬 피해량 +25% & 프로즌 지속시간 +1초																														
	1321	728	3	20104	1	1	405705	167	0	0	0	1	3	0	0	0	0	709	0	0	0	0	2	3	1000	0	9	200	1	200	3000	1000	195		//	스킬 피해량 +15% & 감전 : 100% 확률로 3초동안 피해 200																														
	1322	728	3	20104	1	1	405706	167	0	0	0	1	3	0	0	0	0	946	0	0	0	0	2	3	1000	0	9	200	1	200	4000	1000	195		//	스킬 피해량 +20% & 감전 : 100% 확률로 4초동안 피해 200																														
	1323	728	3	20104	1	1	405707	166	0	0	0	1	3	0	0	0	0	1182	0	0	0	0	2	3	1000	0	9	200	1	200	5000	1000	195		//	스킬 피해량 +25% & 감전 : 100% 확률로 5초동안 피해 200																														
	1900	702	1	20104	1	0	405527	167	0	0	1	0	0	0	0	0	0	0	0	0	0	0	0	0	0	0	0	0	0	0	0	0	0		//	적용 개체 수 +1																														
	1901	702	1	20104	1	0	405528	167	0	0	2	0	0	0	0	0	0	0	0	0	0	0	0	0	0	0	0	0	0	0	0	0	0		//	적용 개체 수 +2																														
	1902	702	1	20104	1	0	405529	166	0	0	3	0	0	0	0	0	0	0	0	0	0	0	0	0	0	0	0	0	0	0	0	0	0		//	적용 개체 수 +3																														
	1903	702	1	20104	1	0	405501	167	10	0	0	0	0	0	0	0	0	0	0	0	0	0	0	0	0	0	0	0	0	0	0	0	0		//	사거리 +1미터																														
	1904	702	1	20104	1	0	405503	167	20	0	0	0	0	0	0	0	0	0	0	0	0	0	0	0	0	0	0	0	0	0	0	0	0		//	사거리 +2미터																														
	1905	702	1	20104	1	0	405505	166	30	0	0	0	0	0	0	0	0	0	0	0	0	0	0	0	0	0	0	0	0	0	0	0	0		//	사거리 +3미터																														
	1906	702	2	20104	1	0	405436	167	0	0	0	1	5	0	0	9	0	108	0	0	0	0	0	0	0	0	0	0	0	0	0	0	0		//	스킬 피해량 +3%																														
	1907	702	2	20104	1	0	405445	167	0	0	0	1	5	0	0	9	0	216	0	0	0	0	0	0	0	0	0	0	0	0	0	0	0		//	스킬 피해량 +6%																														
	1908	702	2	20104	1	0	405561	166	0	0	0	1	5	0	0	9	0	361	0	0	0	0	0	0	0	0	0	0	0	0	0	0	0		//	스킬 피해량 +10%																														
	1909	702	2	20104	1	0	405299	167	0	0	0	102	7	0	0	9	200	0	13	0	0	222	0	0	0	0	0	0	0	0	0	0	0		//	레인지 피해량 +3%																														
	1910	702	2	20104	1	0	405300	167	0	0	0	102	7	0	0	9	200	0	25	0	0	222	0	0	0	0	0	0	0	0	0	0	0		//	레인지 피해량 +6%																														
	1911	702	2	20104	1	0	405295	166	0	0	0	102	7	0	0	9	200	0	42	0	0	222	0	0	0	0	0	0	0	0	0	0	0		//	레인지 피해량 +10%																														
	1912	702	3	20104	1	1	405358	167	0	0	0	1	5	0	0	9	0	361	0	0	0	0	2	5	1000	0	9	200	1	100	3000	1000	195		//	스킬 피해량 +10% & 감전 : 100% 확률로 3초동안 피해 100																														
	1913	702	3	20104	1	1	405384	167	0	0	0	1	5	0	0	9	0	433	0	0	0	0	2	5	1000	0	9	200	1	100	4000	1000	195		//	스킬 피해량 +12% & 감전 : 100% 확률로 4초동안 피해 100																														
	1914	702	3	20104	1	1	405410	166	0	0	0	1	5	0	0	9	0	541	0	0	0	0	2	5	1000	0	9	200	1	100	5000	1000	195		//	스킬 피해량 +15% & 감전 : 100% 확률로 5초동안 피해 100																														
	1915	702	3	20104	1	1	405296	167	0	0	0	102	7	0	0	9	200	0	42	0	0	222	102	7	0	0	9	200	0	0	1000	0	222		//	레인지 피해량 +10% & 레인지 지속시간 1초																														
	1916	702	3	20104	1	1	405297	167	0	0	0	102	7	0	0	9	200	0	50	0	0	222	102	7	0	0	9	200	0	0	2000	0	222		//	레인지 피해량 +12% & 레인지 지속시간 2초																														
	1917	702	3	20104	1	1	405298	166	0	0	0	102	7	0	0	9	200	0	63	0	0	222	102	7	0	0	9	200	0	0	3000	0	222		//	레인지 피해량 +15% & 레인지 지속시간 3초																														
	1918	720	1	20104	1	0	405527	167	0	0	1	0	0	0	0	0	0	0	0	0	0	0	0	0	0	0	0	0	0	0	0	0	0		//	적용 개체 수 +1																														
	1919	720	1	20104	1	0	405528	167	0	0	2	0	0	0	0	0	0	0	0	0	0	0	0	0	0	0	0	0	0	0	0	0	0		//	적용 개체 수 +2																														
	1920	720	1	20104	1	0	405529	166	0	0	3	0	0	0	0	0	0	0	0	0	0	0	0	0	0	0	0	0	0	0	0	0	0		//	적용 개체 수 +3																														
	1921	720	1	20104	1	0	405501	167	10	0	0	0	0	0	0	0	0	0	0	0	0	0	0	0	0	0	0	0	0	0	0	0	0		//	사거리 +1미터																														
	1922	720	1	20104	1	0	405503	167	20	0	0	0	0	0	0	0	0	0	0	0	0	0	0	0	0	0	0	0	0	0	0	0	0		//	사거리 +2미터																														
	1923	720	1	20104	1	0	405505	166	30	0	0	0	0	0	0	0	0	0	0	0	0	0	0	0	0	0	0	0	0	0	0	0	0		//	사거리 +3미터																														
	1924	720	2	20104	1	0	405248	167	0	0	0	4	6	0	0	0	0	0	510	0	0	1513	0	0	0	0	0	0	0	0	0	0	0		//	HP 회복량 +10%																														
	1925	720	2	20104	1	0	202040	167	0	0	0	4	6	0	0	0	0	0	766	0	0	1513	0	0	0	0	0	0	0	0	0	0	0		//	HP 회복량 +15%																														
	1926	720	2	20104	1	0	202047	166	0	0	0	4	6	0	0	0	0	0	1021	0	0	1513	0	0	0	0	0	0	0	0	0	0	0		//	HP 회복량 +20%																														
	1927	720	2	20104	1	0	405320	167	0	0	0	4	6	0	0	0	0	0	1277	1000	0	1513	0	0	0	0	0	0	0	0	0	0	0		//	HP 회복량 +25% & 활기 지속시간 +1초																														
	1928	720	2	20104	1	0	405321	167	0	0	0	4	6	0	0	0	0	0	1532	2000	0	1513	0	0	0	0	0	0	0	0	0	0	0		//	HP 회복량 +30% & 활기 지속시간 +2초																														
	1929	720	2	20104	1	0	405319	166	0	0	0	4	6	0	0	0	0	0	2043	3000	0	1513	0	0	0	0	0	0	0	0	0	0	0		//	HP 회복량 +40% & 활기 지속시간 +3초																														
	1930	720	3	20104	1	1	405249	167	0	0	0	4	6	0	0	0	0	0	1021	0	0	1513	111	6	1000	0	0	1	50	10000000	3000	0	218		//	HP 회복량 +20% & 마법쉴드 : 3초동안 피해 5% 흡수 (10회 피격 시 삭제)																														
	1931	720	3	20104	1	1	405251	167	0	0	0	4	6	0	0	0	0	0	2043	0	0	1513	111	6	1000	0	0	1	50	10000000	4000	0	218		//	HP 회복량 +40% & 마법쉴드 : 4초동안 피해 5% 흡수 (10회 피격 시 삭제)																														
	1932	720	3	20104	1	1	405253	166	0	0	0	4	6	0	0	0	0	0	3064	0	0	1513	111	6	1000	0	0	1	50	10000000	5000	0	218		//	HP 회복량 +60% & 마법쉴드 : 5초동안 피해 5% 흡수 (10회 피격 시 삭제)																														
	1933	720	3	20104	1	1	405250	167	0	0	0	4	6	0	0	0	0	0	1021	0	0	1513	111	6	1000	0	0	1	100	10000000	3000	0	218		//	HP 회복량 +20% & 마법쉴드 : 3초동안 피해 10% 흡수 (10회 피격 시 삭제)																														
	1934	720	3	20104	1	1	405252	167	0	0	0	4	6	0	0	0	0	0	2043	0	0	1513	111	6	1000	0	0	1	100	10000000	4000	0	218		//	HP 회복량 +40% & 마법쉴드 : 4초동안 피해 10% 흡수 (10회 피격 시 삭제)																														
	1935	720	3	20104	1	1	405254	166	0	0	0	4	6	0	0	0	0	0	3064	0	0	1513	111	6	1000	0	0	1	100	10000000	5000	0	218		//	HP 회복량 +60% & 마법쉴드 : 5초동안 피해 10% 흡수 (10회 피격 시 삭제)																														
	1324	727	1	20104	1	0	405527	167	0	0	1	0	0	0	0	0	0	0	0	0	0	0	0	0	0	0	0	0	0	0	0	0	0		//	적용 개체수 +1																														
	1325	727	1	20104	1	0	405528	167	0	0	2	0	0	0	0	0	0	0	0	0	0	0	0	0	0	0	0	0	0	0	0	0	0		//	적용 개체수 +2																														
	1326	727	1	20104	1	0	405529	166	0	0	3	0	0	0	0	0	0	0	0	0	0	0	0	0	0	0	0	0	0	0	0	0	0		//	적용 개체수 +3																														
	1327	727	1	20104	1	0	405530	167	0	0	4	0	0	0	0	0	0	0	0	0	0	0	0	0	0	0	0	0	0	0	0	0	0		//	적용 개체수 +4																														
	1328	727	1	20104	1	0	405531	167	0	0	5	0	0	0	0	0	0	0	0	0	0	0	0	0	0	0	0	0	0	0	0	0	0		//	적용 개체수 +5																														
	1329	727	1	20104	1	0	405532	166	0	0	6	0	0	0	0	0	0	0	0	0	0	0	0	0	0	0	0	0	0	0	0	0	0		//	적용 개체수 +6																														
	1330	727	2	20104	1	0	405560	167	0	0	0	1	5	0	0	0	0	299	0	0	0	0	0	0	0	0	0	0	0	0	0	0	0		//	스킬 피해량 +5%																														
	1331	727	2	20104	1	0	405561	167	0	0	0	1	5	0	0	0	0	599	0	0	0	0	0	0	0	0	0	0	0	0	0	0	0		//	스킬 피해량 +10%																														
	1332	727	2	20104	1	0	405562	166	0	0	0	1	5	0	0	0	0	898	0	0	0	0	0	0	0	0	0	0	0	0	0	0	0		//	스킬 피해량 +15%																														
	1333	727	2	20104	1	0	405548	167	0	0	0	2	5	0	0	0	0	0	48	0	0	101	0	0	0	0	0	0	0	0	0	0	0		//	상처 피해량 +5%																														
	1334	727	2	20104	1	0	405549	167	0	0	0	2	5	0	0	0	0	0	96	0	0	101	0	0	0	0	0	0	0	0	0	0	0		//	상처 피해량 +10%																														
	1335	727	2	20104	1	0	405550	166	0	0	0	2	5	0	0	0	0	0	144	0	0	101	0	0	0	0	0	0	0	0	0	0	0		//	상처 피해량 +15%																														
	1336	727	3	20104	1	1	405708	167	0	0	0	1	5	0	0	0	0	898	0	0	0	0	100	5	0	0	0	0	0	0	300	0	6		//	스킬 피해량 +15% & 스턴 지속시간 +0.3초																														
	1337	727	3	20104	1	1	405709	167	0	0	0	1	5	0	0	0	0	1198	0	0	0	0	100	5	0	0	0	0	0	0	600	0	6		//	스킬 피해량 +20% & 스턴 지속시간 +0.6초																														
	1338	727	3	20104	1	1	405710	166	0	0	0	1	5	0	0	0	0	1497	0	0	0	0	100	5	0	0	0	0	0	0	1000	0	6		//	스킬 피해량 +25% & 스턴 지속시간 +1초																														
	1339	727	3	20104	1	1	405711	167	0	0	0	1	5	0	0	0	0	898	0	0	0	0	2	5	0	0	0	0	0	144	0	0	101		//	스킬 피해량 +15% & 상처 피해량 15%																														
	1340	727	3	20104	1	1	405712	167	0	0	0	1	5	0	0	0	0	1198	0	0	0	0	2	5	0	0	0	0	0	192	0	0	101		//	스킬 피해량 +20% & 상처 피해량 20%																														
	1341	727	3	20104	1	1	405713	166	0	0	0	1	5	0	0	0	0	1497	0	0	0	0	2	5	0	0	0	0	0	240	0	0	101		//	스킬 피해량 +25% & 상처 피해량 25%																														
	1342	730	1	20104	1	0	405501	167	10	0	0	0	0	0	0	0	0	0	0	0	0	0	0	0	0	0	0	0	0	0	0	0	0		//	사거리 +1미터																														
	1343	730	1	20104	1	0	405502	167	15	0	0	0	0	0	0	0	0	0	0	0	0	0	0	0	0	0	0	0	0	0	0	0	0		//	사거리 +1.5미터																														
	1344	730	1	20104	1	0	405503	166	20	0	0	0	0	0	0	0	0	0	0	0	0	0	0	0	0	0	0	0	0	0	0	0	0		//	사거리 +2미터																														
	1345	730	1	20104	1	0	405504	167	25	0	0	0	0	0	0	0	0	0	0	0	0	0	0	0	0	0	0	0	0	0	0	0	0		//	사거리 +2.5미터																														
	1346	730	1	20104	1	0	405505	167	30	0	0	0	0	0	0	0	0	0	0	0	0	0	0	0	0	0	0	0	0	0	0	0	0		//	사거리 +3미터																														
	1347	730	1	20104	1	0	405507	166	50	0	0	0	0	0	0	0	0	0	0	0	0	0	0	0	0	0	0	0	0	0	0	0	0		//	사거리 +5미터																														
	1348	730	2	20104	1	0	405714	167	0	0	0	14	2	1000	0	9	0	2	200	2000	0	966	0	0	0	0	0	0	0	0	0	0	0		//	방어 : 2초동안 기본 방어력 +20%																														
	1349	730	2	20104	1	0	405715	167	0	0	0	14	2	1000	0	9	0	2	200	4000	0	966	0	0	0	0	0	0	0	0	0	0	0		//	방어 : 4초동안 기본 방어력 +20%																														
	1350	730	2	20104	1	0	405716	166	0	0	0	14	2	1000	0	9	0	2	200	6000	0	966	0	0	0	0	0	0	0	0	0	0	0		//	방어 : 6초동안 기본 방어력 +20%																														
	1351	730	2	20104	1	0	405717	167	0	0	0	14	2	1000	0	9	0	2	200	8000	0	966	0	0	0	0	0	0	0	0	0	0	0		//	방어 : 8초동안 기본 방어력 +20%																														
	1352	730	2	20104	1	0	405718	167	0	0	0	14	2	1000	0	9	0	2	200	10000	0	966	0	0	0	0	0	0	0	0	0	0	0		//	방어 : 10초동안 기본 방어력 +20%																														
	1353	730	2	20104	1	0	405719	166	0	0	0	14	2	1000	0	9	0	2	200	15000	0	966	0	0	0	0	0	0	0	0	0	0	0		//	방어 : 15초동안 기본 방어력 +20%																														
	1354	730	3	20104	1	0	405720	167	0	0	0	101	2	0	0.7	0	0	0	0	1000	0	202	0	0	0	0	0	0	0	0	0	0	0		//	보호 지속시간 +1초																														
	1355	730	3	20104	1	0	405721	167	0	0	0	101	2	0	0.7	0	0	0	0	2000	0	202	0	0	0	0	0	0	0	0	0	0	0		//	보호 지속시간 +2초																														
	1356	730	3	20104	1	0	405722	166	0	0	0	101	2	0	0.7	0	0	0	0	3000	0	202	0	0	0	0	0	0	0	0	0	0	0		//	보호 지속시간 +3초																														
	1357	730	3	20104	1	1	405723	167	0	0	0	101	2	0	0.7	0	0	0	0	1000	0	202	116	2	1000	0	200	0	0	3000	3000	10	119		//	보호 지속시간 +1초 & 피격 프로즌 : 3초동안 20% 피해반사 (10회 피격 시 삭제)																														
	1358	730	3	20104	1	1	405724	167	0	0	0	101	2	0	0.7	0	0	0	0	2000	0	202	116	2	1000	0	200	0	0	3000	4000	10	119		//	보호 지속시간 +2초 & 피격 프로즌 : 4초동안 20% 피해반사 (10회 피격 시 삭제)																														
	1359	730	3	20104	1	1	405725	166	0	0	0	101	2	0	0.7	0	0	0	0	3000	0	202	116	2	1000	0	200	0	0	3000	5000	10	119		//	보호 지속시간 +3초 & 피격 프로즌 : 5초동안 20% 피해반사 (10회 피격 시 삭제)																														
	1936	914	1	20104	1	0	405500	167	5	0	0	0	0	0	0	0	0	0	0	0	0	0	0	0	0	0	0	0	0	0	0	0	0		//	사거리 +0.5미터																														
	1937	914	1	20104	1	0	405501	167	10	0	0	0	0	0	0	0	0	0	0	0	0	0	0	0	0	0	0	0	0	0	0	0	0		//	사거리 +1미터																														
	1938	914	1	20104	1	0	405502	166	15	0	0	0	0	0	0	0	0	0	0	0	0	0	0	0	0	0	0	0	0	0	0	0	0		//	사거리 +1.5미터																														
	1939	914	1	20104	1	0	405503	167	20	0	0	0	0	0	0	0	0	0	0	0	0	0	0	0	0	0	0	0	0	0	0	0	0		//	사거리 +2미터																														
	1940	914	1	20104	1	0	405504	167	25	0	0	0	0	0	0	0	0	0	0	0	0	0	0	0	0	0	0	0	0	0	0	0	0		//	사거리 +2.5미터																														
	1941	914	1	20104	1	0	405505	166	30	0	0	0	0	0	0	0	0	0	0	0	0	0	0	0	0	0	0	0	0	0	0	0	0		//	사거리 +3미터																														
	1942	914	2	20104	1	0	405436	167	0	0	0	1	1	0	0	0	2	294	0	0	0	0	0	0	0	0	0	0	0	0	0	0	0		//	스킬 피해량 +3%																														
	1943	914	2	20104	1	0	405445	167	0	0	0	1	1	0	0	0	2	587	0	0	0	0	0	0	0	0	0	0	0	0	0	0	0		//	스킬 피해량 +6%																														
	1944	914	2	20104	1	0	405561	166	0	0	0	1	1	0	0	0	2	979	0	0	0	0	0	0	0	0	0	0	0	0	0	0	0		//	스킬 피해량 +10%																														
	1945	914	2	20104	1	0	405257	167	0	0	0	100	1	0	0	0	0	0	0	100	0	172	0	0	0	0	0	0	0	0	0	0	0		//	경직 지속시간 +0.1초																														
	1946	914	2	20104	1	0	405258	167	0	0	0	100	1	0	0	0	0	0	0	300	0	172	0	0	0	0	0	0	0	0	0	0	0		//	경직 지속시간 +0.3초																														
	1947	914	2	20104	1	0	405259	166	0	0	0	100	1	0	0	0	0	0	0	500	0	172	0	0	0	0	0	0	0	0	0	0	0		//	경직 지속시간 +0.5초																														
	1948	914	3	20104	1	1	405359	167	0	0	0	1	1	0	0	0	2	979	0	0	0	0	100	1	30	0	0	0	0	0	0	0	172		//	스킬 피해량 +10% & 경직 확률 +3%																														
	1949	914	3	20104	1	1	405385	167	0	0	0	1	1	0	0	0	2	1174	0	0	0	0	100	1	60	0	0	0	0	0	0	0	172		//	스킬 피해량 +12% & 경직 확률 +6%																														
	1950	914	3	20104	1	1	405411	166	0	0	0	1	1	0	0	0	2	1468	0	0	0	0	100	1	100	0	0	0	0	0	0	0	172		//	스킬 피해량 +15% & 경직 확률 +10%																														
	1951	914	3	20104	1	1	405837	167	0	0	0	210	1	0	0	0	302	0	391	0	0	0	100	1	30	0	0	0	0	0	0	0	172		//	추가 피해량 +10% & 경직 확률 +3%																														
	1952	914	3	20104	1	1	405843	167	0	0	0	210	1	0	0	0	302	0	470	0	0	0	100	1	60	0	0	0	0	0	0	0	172		//	추가 피해량 +12% & 경직 확률 +6%																														
	1953	914	3	20104	1	1	405849	166	0	0	0	210	1	0	0	0	302	0	587	0	0	0	100	1	100	0	0	0	0	0	0	0	172		//	추가 피해량 +15% & 경직 확률 +10%																														
	1954	916	1	20104	1	0	405501	167	10	0	0	0	0	0	0	0	0	0	0	0	0	0	0	0	0	0	0	0	0	0	0	0	0		//	사거리 +1미터																														
	1955	916	1	20104	1	0	405503	167	20	0	0	0	0	0	0	0	0	0	0	0	0	0	0	0	0	0	0	0	0	0	0	0	0		//	사거리 +2미터																														
	1956	916	1	20104	1	0	405505	166	30	0	0	0	0	0	0	0	0	0	0	0	0	0	0	0	0	0	0	0	0	0	0	0	0		//	사거리 +3미터																														
	1957	916	1	20104	1	0	405527	167	0	0	1	0	0	0	0	0	0	0	0	0	0	0	0	0	0	0	0	0	0	0	0	0	0		//	적용 개체 수 +1																														
	1958	916	1	20104	1	0	405528	167	0	0	2	0	0	0	0	0	0	0	0	0	0	0	0	0	0	0	0	0	0	0	0	0	0		//	적용 개체 수 +2																														
	1959	916	1	20104	1	0	405529	166	0	0	3	0	0	0	0	0	0	0	0	0	0	0	0	0	0	0	0	0	0	0	0	0	0		//	적용 개체 수 +3																														
	1960	916	2	20104	1	0	405436	167	0	0	0	1	3	0	0	0	0	204	0	0	0	0	0	0	0	0	0	0	0	0	0	0	0		//	스킬 피해량 +3%																														
	1961	916	2	20104	1	0	405445	167	0	0	0	1	3	0	0	0	0	408	0	0	0	0	0	0	0	0	0	0	0	0	0	0	0		//	스킬 피해량 +6%																														
	1962	916	2	20104	1	0	405561	166	0	0	0	1	3	0	0	0	0	680	0	0	0	0	0	0	0	0	0	0	0	0	0	0	0		//	스킬 피해량 +10%																														
	1963	916	2	20104	1	0	405339	167	0	0	0	2	3	500	0	9	200	1	100	3000	1000	101	0	0	0	0	0	0	0	0	0	0	0		//	상처 : 50% 확률로 3초동안 피해 100																														
	1964	916	2	20104	1	0	405340	167	0	0	0	2	3	700	0	9	200	1	100	3000	1000	101	0	0	0	0	0	0	0	0	0	0	0		//	상처 : 70% 확률로 3초동안 피해 100																														
	1965	916	2	20104	1	0	405338	166	0	0	0	2	3	1000	0	9	200	1	100	3000	1000	101	0	0	0	0	0	0	0	0	0	0	0		//	상처 : 100% 확률로 3초동안 피해 100																														
	1966	916	3	20104	1	1	405372	167	0	0	0	1	3	0	0	0	0	680	0	0	0	0	20	3	1000	0	0	0	2	-100	3000	0	108		//	스킬 피해량 +10% & 족쇄 : 100% 확률로 3초동안 이동속도 -10%																														
	1967	916	3	20104	1	1	405402	167	0	0	0	1	3	0	0	0	0	816	0	0	0	0	20	3	1000	0	0	0	2	-100	4000	0	108		//	스킬 피해량 +12% & 족쇄 : 100% 확률로 4초동안 이동속도 -10%																														
	1968	916	3	20104	1	1	405428	166	0	0	0	1	3	0	0	0	0	1021	0	0	0	0	20	3	1000	0	0	0	2	-100	5000	0	108		//	스킬 피해량 +15% & 족쇄 : 100% 확률로 5초동안 이동속도 -10%																														
	1969	916	3	20104	1	1	405362	167	0	0	0	1	3	0	0	0	0	680	0	0	0	0	20	3	1000	0	0	0	2	-300	3000	0	108		//	스킬 피해량 +10% & 둔화 : 100% 확률로 3초동안 공격속도 -30%																														
	1970	916	3	20104	1	1	405388	167	0	0	0	1	3	0	0	0	0	816	0	0	0	0	20	3	1000	0	0	0	2	-300	4000	0	108		//	스킬 피해량 +12% & 둔화 : 100% 확률로 4초동안 공격속도 -30%																														
	1971	916	3	20104	1	1	405414	166	0	0	0	1	3	0	0	0	0	1021	0	0	0	0	20	3	1000	0	0	0	2	-300	5000	0	108		//	스킬 피해량 +15% & 둔화 : 100% 확률로 5초동안 공격속도 -30%																														
	1360	915	1	20104	1	0	405501	167	10	0	0	0	0	0	0	0	0	0	0	0	0	0	0	0	0	0	0	0	0	0	0	0	0		//	사거리 +1미터																														
	1361	915	1	20104	1	0	405503	167	20	0	0	0	0	0	0	0	0	0	0	0	0	0	0	0	0	0	0	0	0	0	0	0	0		//	사거리 +2미터																														
	1362	915	1	20104	1	0	405505	166	30	0	0	0	0	0	0	0	0	0	0	0	0	0	0	0	0	0	0	0	0	0	0	0	0		//	사거리 +3미터																														
	1363	915	1	20104	1	0	405527	167	0	0	1	0	0	0	0	0	0	0	0	0	0	0	0	0	0	0	0	0	0	0	0	0	0		//	적용 개체수 +1																														
	1364	915	1	20104	1	0	405528	167	0	0	2	0	0	0	0	0	0	0	0	0	0	0	0	0	0	0	0	0	0	0	0	0	0		//	적용 개체수 +2																														
	1365	915	1	20104	1	0	405529	166	0	0	3	0	0	0	0	0	0	0	0	0	0	0	0	0	0	0	0	0	0	0	0	0	0		//	적용 개체수 +3																														
	1366	915	2	20104	1	0	405560	167	0	0	0	1	3	0	0	0	0	305	0	0	0	0	0	0	0	0	0	0	0	0	0	0	0		//	스킬 피해량 +5%																														
	1367	915	2	20104	1	0	405561	167	0	0	0	1	3	0	0	0	0	609	0	0	0	0	0	0	0	0	0	0	0	0	0	0	0		//	스킬 피해량 +10%																														
	1368	915	2	20104	1	0	405562	166	0	0	0	1	3	0	0	0	0	914	0	0	0	0	0	0	0	0	0	0	0	0	0	0	0		//	스킬 피해량 +15%																														
	1369	915	2	20104	1	0	405575	167	0	0	0	210	3	0	0	0	302	0	122	0	0	0	0	0	0	0	0	0	0	0	0	0	0		//	추가 피해량 +5%																														
	1370	915	2	20104	1	0	405576	167	0	0	0	210	3	0	0	0	302	0	244	0	0	0	0	0	0	0	0	0	0	0	0	0	0		//	추가 피해량 +10%																														
	1371	915	2	20104	1	0	405577	166	0	0	0	210	3	0	0	0	302	0	365	0	0	0	0	0	0	0	0	0	0	0	0	0	0		//	추가 피해량 +15%																														
	1372	915	3	20104	1	1	405726	167	0	0	0	1	3	0	0	0	0	914	0	0	0	0	100	3	0	0	0	0	0	0	300	0	11		//	스킬 피해량 +15% & 어퍼다운 지속시간 +0.3초																														
	1373	915	3	20104	1	1	405727	167	0	0	0	1	3	0	0	0	0	1218	0	0	0	0	100	3	0	0	0	0	0	0	600	0	11		//	스킬 피해량 +20% & 어퍼다운 지속시간 +0.6초																														
	1374	915	3	20104	1	1	405728	166	0	0	0	1	3	0	0	0	0	1523	0	0	0	0	100	3	0	0	0	0	0	0	1000	0	11		//	스킬 피해량 +25% & 어퍼다운 지속시간 +1초																														
	1375	915	3	20104	1	1	405729	167	0	0	0	210	3	0	0	0	302	0	365	0	0	0	100	3	0	0	0	0	0	0	300	0	11		//	추가 피해량 +15% & 어퍼다운 지속시간 +0.3초																														
	1376	915	3	20104	1	1	405730	167	0	0	0	210	3	0	0	0	302	0	487	0	0	0	100	3	0	0	0	0	0	0	600	0	11		//	추가 피해량 +20% & 어퍼다운 지속시간 +0.6초																														
	1377	915	3	20104	1	1	405731	166	0	0	0	210	3	0	0	0	302	0	609	0	0	0	100	3	0	0	0	0	0	0	1000	0	11		//	추가 피해량 +25% & 어퍼다운 지속시간 +1초																														
	1378	917	1	20104	1	0	405732	167	0	0	0	14	7	0	0	9	0	0	0	5000	0	170	0	0	0	0	0	0	0	0	0	0	0		//	방어력 상승 지속시간 +5초																														
	1379	917	1	20104	1	0	405733	167	0	0	0	14	7	0	0	9	0	0	0	10000	0	170	0	0	0	0	0	0	0	0	0	0	0		//	방어력 상승 지속시간 +10초																														
	1380	917	1	20104	1	0	405734	166	0	0	0	14	7	0	0	9	0	0	0	15000	0	170	0	0	0	0	0	0	0	0	0	0	0		//	방어력 상승 지속시간 +15초																														
	1381	917	1	20104	1	0	405735	167	0	0	0	14	7	0	0	9	0	0	30	0	0	170	0	0	0	0	0	0	0	0	0	0	0		//	방어력 상승 증가 +3%																														
	1382	917	1	20104	1	0	405736	167	0	0	0	14	7	0	0	9	0	0	60	0	0	170	0	0	0	0	0	0	0	0	0	0	0		//	방어력 상승 증가 +6%																														
	1383	917	1	20104	1	0	405737	166	0	0	0	14	7	0	0	9	0	0	100	0	0	170	0	0	0	0	0	0	0	0	0	0	0		//	방어력 상승 증가 +10%																														
	1384	917	2	20104	1	0	405738	167	0	0	0	11	7	0	0	9	0	0	0	5000	0	169	0	0	0	0	0	0	0	0	0	0	0		//	공격력 상승 지속시간 +5초																														
	1385	917	2	20104	1	0	405739	167	0	0	0	11	7	0	0	9	0	0	0	10000	0	169	0	0	0	0	0	0	0	0	0	0	0		//	공격력 상승 지속시간 +10초																														
	1386	917	2	20104	1	0	405740	166	0	0	0	11	7	0	0	9	0	0	0	15000	0	169	0	0	0	0	0	0	0	0	0	0	0		//	공격력 상승 지속시간 +15초																														
	1387	917	2	20104	1	0	405741	167	0	0	0	11	7	0	0	9	0	0	30	0	0	169	0	0	0	0	0	0	0	0	0	0	0		//	공격력 상승 증가 +3%																														
	1388	917	2	20104	1	0	405742	167	0	0	0	11	7	0	0	9	0	0	60	0	0	169	0	0	0	0	0	0	0	0	0	0	0		//	공격력 상승 증가 +6%																														
	1389	917	2	20104	1	0	405743	166	0	0	0	11	7	0	0	9	0	0	100	0	0	169	0	0	0	0	0	0	0	0	0	0	0		//	공격력 상승 증가 +10%																														
	1390	917	3	20104	1	0	405670	167	0	0	0	102	7	1000	0	0	0	50	100	3000	1000	222	0	0	0	0	0	0	0	0	0	0	0		//	레인지 : 100% 확률로 3초동안 레인지 피해 100																														
	1391	917	3	20104	1	0	405671	167	0	0	0	102	7	1000	0	0	0	50	100	5000	1000	222	0	0	0	0	0	0	0	0	0	0	0		//	레인지 : 100% 확률로 5초동안 레인지 피해 100																														
	1392	917	3	20104	1	0	405672	166	0	0	0	102	7	1000	0	0	0	50	100	10000	1000	222	0	0	0	0	0	0	0	0	0	0	0		//	레인지 : 100% 확률로 10초동안 레인지 피해 100																														
	1393	917	3	20104	1	0	405673	167	0	0	0	102	7	1000	0	0	0	50	200	3000	1000	222	0	0	0	0	0	0	0	0	0	0	0		//	레인지 : 100% 확률로 3초동안 레인지 피해 200																														
	1394	917	3	20104	1	0	405674	167	0	0	0	102	7	1000	0	0	0	50	200	5000	1000	222	0	0	0	0	0	0	0	0	0	0	0		//	레인지 : 100% 확률로 5초동안 레인지 피해 200																														
	1395	917	3	20104	1	0	405675	166	0	0	0	102	7	1000	0	0	0	50	200	10000	1000	222	0	0	0	0	0	0	0	0	0	0	0		//	레인지 : 100% 확률로 10초동안 레인지 피해 200																														
	1972	930	1	20104	1	0	405527	167	0	0	1	0	0	0	0	0	0	0	0	0	0	0	0	0	0	0	0	0	0	0	0	0	0		//	적용 개체 수 +1																														
	1973	930	1	20104	1	0	405528	167	0	0	2	0	0	0	0	0	0	0	0	0	0	0	0	0	0	0	0	0	0	0	0	0	0		//	적용 개체 수 +2																														
	1974	930	1	20104	1	0	405529	166	0	0	3	0	0	0	0	0	0	0	0	0	0	0	0	0	0	0	0	0	0	0	0	0	0		//	적용 개체 수 +3																														
	1975	930	1	20104	1	0	405347	167	0	10	0	0	0	0	0	0	0	0	0	0	0	0	0	0	0	0	0	0	0	0	0	0	0		//	스킬 범위 +1미터																														
	1976	930	1	20104	1	0	405348	167	0	20	0	0	0	0	0	0	0	0	0	0	0	0	0	0	0	0	0	0	0	0	0	0	0		//	스킬 범위 +2미터																														
	1977	930	1	20104	1	0	405349	166	0	30	0	0	0	0	0	0	0	0	0	0	0	0	0	0	0	0	0	0	0	0	0	0	0		//	스킬 범위 +3미터																														
	1978	930	2	20104	1	0	405436	167	0	0	0	1	3	0	0	0	0	106	0	0	0	0	0	0	0	0	0	0	0	0	0	0	0		//	스킬 피해량 +3%																														
	1979	930	2	20104	1	0	405445	167	0	0	0	1	3	0	0	0	0	212	0	0	0	0	0	0	0	0	0	0	0	0	0	0	0		//	스킬 피해량 +6%																														
	1980	930	2	20104	1	0	405561	166	0	0	0	1	3	0	0	0	0	354	0	0	0	0	0	0	0	0	0	0	0	0	0	0	0		//	스킬 피해량 +10%																														
	1981	930	2	20104	1	0	404235	167	0	0	0	2	3	0	0	0	0	0	20	0	0	102	0	0	0	0	0	0	0	0	0	0	0		//	화상 피해량 +3%																														
	1982	930	2	20104	1	0	404236	167	0	0	0	2	3	0	0	0	0	0	40	0	0	102	0	0	0	0	0	0	0	0	0	0	0		//	화상 피해량 +6%																														
	1983	930	2	20104	1	0	404234	166	0	0	0	2	3	0	0	0	0	0	67	0	0	102	0	0	0	0	0	0	0	0	0	0	0		//	화상 피해량 +10%																														
	1984	930	3	20104	1	0	404231	167	0	0	0	2	3	0	0	0	0	0	0	1000	0	102	0	0	0	0	0	0	0	0	0	0	0		//	화상 지속시간 +1초																														
	1985	930	3	20104	1	0	404232	167	0	0	0	2	3	0	0	0	0	0	0	2000	0	102	0	0	0	0	0	0	0	0	0	0	0		//	화상 지속시간 +2초																														
	1986	930	3	20104	1	0	404233	166	0	0	0	2	3	0	0	0	0	0	0	3000	0	102	0	0	0	0	0	0	0	0	0	0	0		//	화상 지속시간 +3초																														
	1987	930	3	20104	1	1	405379	167	0	0	0	1	3	0	0	0	0	354	0	0	0	0	2	3	0	0	0	0	0	0	1000	0	102		//	스킬 피해량 +10% & 화상 지속시간 +1초																														
	1988	930	3	20104	1	1	405409	167	0	0	0	1	3	0	0	0	0	424	0	0	0	0	2	3	0	0	0	0	0	0	2000	0	102		//	스킬 피해량 +12% & 화상 지속시간 +2초																														
	1989	930	3	20104	1	1	405435	166	0	0	0	1	3	0	0	0	0	530	0	0	0	0	2	3	0	0	0	0	0	0	3000	0	102		//	스킬 피해량 +15% & 화상 지속시간 +3초																														
	1990	934	1	20104	1	0	405527	167	0	0	1	0	0	0	0	0	0	0	0	0	0	0	0	0	0	0	0	0	0	0	0	0	0		//	적용 개체 수 +1																														
	1991	934	1	20104	1	0	405528	167	0	0	2	0	0	0	0	0	0	0	0	0	0	0	0	0	0	0	0	0	0	0	0	0	0		//	적용 개체 수 +2																														
	1992	934	1	20104	1	0	405529	166	0	0	3	0	0	0	0	0	0	0	0	0	0	0	0	0	0	0	0	0	0	0	0	0	0		//	적용 개체 수 +3																														
	1993	934	1	20104	1	0	405530	167	0	0	4	0	0	0	0	0	0	0	0	0	0	0	0	0	0	0	0	0	0	0	0	0	0		//	적용 개체 수 +4																														
	1994	934	1	20104	1	0	405531	167	0	0	5	0	0	0	0	0	0	0	0	0	0	0	0	0	0	0	0	0	0	0	0	0	0		//	적용 개체 수 +5																														
	1995	934	1	20104	1	0	405532	166	0	0	6	0	0	0	0	0	0	0	0	0	0	0	0	0	0	0	0	0	0	0	0	0	0		//	적용 개체 수 +6																														
	1996	934	2	20104	1	0	405563	167	0	0	0	20	3	0	0	0	0	0	0	1000	0	108	0	0	0	0	0	0	0	0	0	0	0		//	족쇄 지속시간 +1초																														
	1997	934	2	20104	1	0	405564	167	0	0	0	20	3	0	0	0	0	0	0	2000	0	108	0	0	0	0	0	0	0	0	0	0	0		//	족쇄 지속시간 +2초																														
	1998	934	2	20104	1	0	405565	166	0	0	0	20	3	0	0	0	0	0	0	3000	0	108	0	0	0	0	0	0	0	0	0	0	0		//	족쇄 지속시간 +3초																														
	1999	934	2	20104	1	0	405471	167	0	0	0	14	3	0	0	9	0	0	0	1000	0	105	0	0	0	0	0	0	0	0	0	0	0		//	약체 지속시간 +1초																														
	2000	934	2	20104	1	0	405472	167	0	0	0	14	3	0	0	9	0	0	0	2000	0	105	0	0	0	0	0	0	0	0	0	0	0		//	약체 지속시간 +2초																														
	2001	934	2	20104	1	0	405473	166	0	0	0	14	3	0	0	9	0	0	0	3000	0	105	0	0	0	0	0	0	0	0	0	0	0		//	약체 지속시간 +3초																														
	2002	934	3	20104	1	1	405442	167	0	0	0	302	3	1000	0	10	0	2	-100	7000	0	175	20	3	0	0	0	0	0	-50	0	0	108		//	7초동안 상대 모든 원소 저항률 감소 -10% & 족쇄 감소량 -5%																														
	2003	934	3	20104	1	1	405441	167	0	0	0	302	3	1000	0	10	0	2	-100	7000	0	175	14	3	0	0	9	0	0	-50	0	0	105		//	7초동안 상대 모든 원소 저항률 감소 -10% & 약체 감소량 -5%																														
	2004	934	3	20104	1	1	405449	166	0	0	0	302	3	1000	0	10	0	2	-200	7000	0	175	20	3	0	0	0	0	0	-100	0	0	108		//	7초동안 상대 모든 원소 저항률 감소 -20% & 족쇄 감소량 -10%																														
	2005	934	3	20104	1	1	405448	167	0	0	0	302	3	1000	0	10	0	2	-200	7000	0	175	14	3	0	0	9	0	0	-100	0	0	105		//	7초동안 상대 모든 원소 저항률 감소 -20% & 약체 감소량 -10%																														
	2006	934	3	20104	1	1	405383	167	0	0	0	302	3	1000	0	10	0	2	-300	7000	0	175	20	3	0	0	0	0	0	-150	0	0	108		//	7초동안 상대 모든 원소 저항률 감소 -30% & 족쇄 감소량 -15%																														
	2007	934	3	20104	1	1	405382	166	0	0	0	302	3	1000	0	10	0	2	-300	7000	0	175	14	3	0	0	9	0	0	-150	0	0	105		//	7초동안 상대 모든 원소 저항률 감소 -30% & 약체 감소량 -15%																														
	1396	933	1	20104	1	0	405501	167	10	0	0	0	0	0	0	0	0	0	0	0	0	0	0	0	0	0	0	0	0	0	0	0	0		//	사거리 +1미터																														
	1397	933	1	20104	1	0	405503	167	20	0	0	0	0	0	0	0	0	0	0	0	0	0	0	0	0	0	0	0	0	0	0	0	0		//	사거리 +2미터																														
	1398	933	1	20104	1	0	405505	166	30	0	0	0	0	0	0	0	0	0	0	0	0	0	0	0	0	0	0	0	0	0	0	0	0		//	사거리 +3미터																														
	1399	933	1	20104	1	0	405527	167	0	0	1	0	0	0	0	0	0	0	0	0	0	0	0	0	0	0	0	0	0	0	0	0	0		//	적용 개체수 +1																														
	1400	933	1	20104	1	0	405528	167	0	0	2	0	0	0	0	0	0	0	0	0	0	0	0	0	0	0	0	0	0	0	0	0	0		//	적용 개체수 +2																														
	1401	933	1	20104	1	0	405529	166	0	0	3	0	0	0	0	0	0	0	0	0	0	0	0	0	0	0	0	0	0	0	0	0	0		//	적용 개체수 +3																														
	1402	933	2	20104	1	0	405560	167	0	0	0	1	3	0	0	0	0	232	0	0	0	0	0	0	0	0	0	0	0	0	0	0	0		//	스킬 피해량 +5%																														
	1403	933	2	20104	1	0	405561	167	0	0	0	1	3	0	0	0	0	463	0	0	0	0	0	0	0	0	0	0	0	0	0	0	0		//	스킬 피해량 +10%																														
	1404	933	2	20104	1	0	405562	166	0	0	0	1	3	0	0	0	0	695	0	0	0	0	0	0	0	0	0	0	0	0	0	0	0		//	스킬 피해량 +15%																														
	1405	933	2	20104	1	0	405575	167	0	0	0	210	3	0	0	0	165	0	208	0	0	0	0	0	0	0	0	0	0	0	0	0	0		//	추가 피해량 +5%																														
	1406	933	2	20104	1	0	405576	167	0	0	0	210	3	0	0	0	165	0	417	0	0	0	0	0	0	0	0	0	0	0	0	0	0		//	추가 피해량 +10%																														
	1407	933	2	20104	1	0	405577	166	0	0	0	210	3	0	0	0	165	0	625	0	0	0	0	0	0	0	0	0	0	0	0	0	0		//	추가 피해량 +15%																														
	1408	933	3	20104	1	1	405578	167	0	0	0	1	3	0	0	0	0	695	0	0	0	0	100	3	0	0	0	0	0	0	300	0	3		//	스킬 피해량 +15% & 다운 지속시간 +0.1초																														
	1409	933	3	20104	1	1	405579	167	0	0	0	1	3	0	0	0	0	926	0	0	0	0	100	3	0	0	0	0	0	0	600	0	3		//	스킬 피해량 +20% & 다운 지속시간 +0.6초																														
	1410	933	3	20104	1	1	405580	166	0	0	0	1	3	0	0	0	0	1158	0	0	0	0	100	3	0	0	0	0	0	0	1000	0	3		//	스킬 피해량 +25% & 다운 지속시간 +1초																														
	1411	933	3	20104	1	1	405744	167	0	0	0	210	3	0	0	0	165	0	625	0	0	0	100	3	0	0	0	0	0	0	300	0	3		//	추가 피해량 +15% & 다운 지속시간 +0.1초																														
	1412	933	3	20104	1	1	405745	167	0	0	0	210	3	0	0	0	165	0	834	0	0	0	100	3	0	0	0	0	0	0	600	0	3		//	추가 피해량 +20% & 다운 지속시간 +0.6초																														
	1413	933	3	20104	1	1	405746	166	0	0	0	210	3	0	0	0	165	0	1042	0	0	0	100	3	0	0	0	0	0	0	1000	0	3		//	추가 피해량 +25% & 다운 지속시간 +1초																														
	1414	936	1	20104	1	0	405501	167	10	0	0	0	0	0	0	0	0	0	0	0	0	0	0	0	0	0	0	0	0	0	0	0	0		//	사거리 +1미터																														
	1415	936	1	20104	1	0	405503	167	20	0	0	0	0	0	0	0	0	0	0	0	0	0	0	0	0	0	0	0	0	0	0	0	0		//	사거리 +2미터																														
	1416	936	1	20104	1	0	405505	166	30	0	0	0	0	0	0	0	0	0	0	0	0	0	0	0	0	0	0	0	0	0	0	0	0		//	사거리 +3미터																														
	1417	936	1	20104	1	0	405527	167	0	0	1	0	0	0	0	0	0	0	0	0	0	0	0	0	0	0	0	0	0	0	0	0	0		//	적용 개체수 +1																														
	1418	936	1	20104	1	0	405528	167	0	0	2	0	0	0	0	0	0	0	0	0	0	0	0	0	0	0	0	0	0	0	0	0	0		//	적용 개체수 +2																														
	1419	936	1	20104	1	0	405529	166	0	0	3	0	0	0	0	0	0	0	0	0	0	0	0	0	0	0	0	0	0	0	0	0	0		//	적용 개체수 +3																														
	1420	936	2	20104	1	0	405560	167	0	0	0	1	3	0	0	0	0	224	0	0	0	0	0	0	0	0	0	0	0	0	0	0	0		//	스킬 피해량 +5%																														
	1421	936	2	20104	1	0	405561	167	0	0	0	1	3	0	0	0	0	448	0	0	0	0	0	0	0	0	0	0	0	0	0	0	0		//	스킬 피해량 +10%																														
	1422	936	2	20104	1	0	405562	166	0	0	0	1	3	0	0	0	0	671	0	0	0	0	0	0	0	0	0	0	0	0	0	0	0		//	스킬 피해량 +15%																														
	1423	936	2	20104	1	0	405747	167	0	0	0	2	3	0	0	0	0	0	50	0	0	165	0	0	0	0	0	0	0	0	0	0	0		//	피닉스 화상 데미지 +5%																														
	1424	936	2	20104	1	0	405748	167	0	0	0	2	3	0	0	0	0	0	100	0	0	165	0	0	0	0	0	0	0	0	0	0	0		//	피닉스 화상 데미지 +10%																														
	1425	936	2	20104	1	0	405749	166	0	0	0	2	3	0	0	0	0	0	150	0	0	165	0	0	0	0	0	0	0	0	0	0	0		//	피닉스 화상 데미지 +15%																														
	1426	936	3	20104	1	1	405750	167	0	0	0	1	3	0	0	0	0	671	0	0	0	0	2	3	0	0	0	0	0	0	1000	0	165		//	스킬 피해량 +15% & 피닉스 화상 지속시간 +1초																														
	1427	936	3	20104	1	1	405751	167	0	0	0	1	3	0	0	0	0	895	0	0	0	0	2	3	0	0	0	0	0	0	2000	0	165		//	스킬 피해량 +20% & 피닉스 화상 지속시간 +2초																														
	1428	936	3	20104	1	1	405752	166	0	0	0	1	3	0	0	0	0	1119	0	0	0	0	2	3	0	0	0	0	0	0	3000	0	165		//	스킬 피해량 +25% & 피닉스 화상 지속시간 +3초																														
	1429	936	3	20104	1	0	405753	167	0	0	0	2	3	0	0	0	0	0	150	1000	0	165	0	0	0	0	0	0	0	0	0	0	0		//	피닉스 화상 데미지 +15% & 피닉스 화상 지속시간 +1초																														
	1430	936	3	20104	1	0	405754	167	0	0	0	2	3	0	0	0	0	0	200	2000	0	165	0	0	0	0	0	0	0	0	0	0	0		//	피닉스 화상 데미지 +20% & 피닉스 화상 지속시간 +2초																														
	1431	936	3	20104	1	0	405755	166	0	0	0	2	3	0	0	0	0	0	250	3000	0	165	0	0	0	0	0	0	0	0	0	0	0		//	피닉스 화상 데미지 +25% & 피닉스 화상 지속시간 +3초																														
	2008	1011	1	20104	1	0	405527	167	0	0	1	0	0	0	0	0	0	0	0	0	0	0	0	0	0	0	0	0	0	0	0	0	0		//	적용 개체 수 +1																														
	2009	1011	1	20104	1	0	405528	167	0	0	2	0	0	0	0	0	0	0	0	0	0	0	0	0	0	0	0	0	0	0	0	0	0		//	적용 개체 수 +2																														
	2010	1011	1	20104	1	0	405529	166	0	0	3	0	0	0	0	0	0	0	0	0	0	0	0	0	0	0	0	0	0	0	0	0	0		//	적용 개체 수 +3																														
	2011	1011	1	20104	1	0	405347	167	0	10	0	0	0	0	0	0	0	0	0	0	0	0	0	0	0	0	0	0	0	0	0	0	0		//	스킬 범위 +1미터																														
	2012	1011	1	20104	1	0	405348	167	0	20	0	0	0	0	0	0	0	0	0	0	0	0	0	0	0	0	0	0	0	0	0	0	0		//	스킬 범위 +2미터																														
	2013	1011	1	20104	1	0	405349	166	0	30	0	0	0	0	0	0	0	0	0	0	0	0	0	0	0	0	0	0	0	0	0	0	0		//	스킬 범위 +3미터																														
	2014	1011	2	20104	1	0	405323	167	0	0	0	19	5	1000	0	0	0	2	-30	2100	0	107	0	0	0	0	0	0	0	0	0	0	0		//	방어 성공률 -3%																														
	2015	1011	2	20104	1	0	405324	167	0	0	0	19	5	1000	0	0	0	2	-60	2100	0	107	0	0	0	0	0	0	0	0	0	0	0		//	방어 성공률 -6%																														
	2016	1011	2	20104	1	0	405322	166	0	0	0	19	5	1000	0	0	0	2	-100	2100	0	107	0	0	0	0	0	0	0	0	0	0	0		//	방어 성공률 -10%																														
	2017	1011	2	20104	1	0	404213	167	0	0	0	25	5	0	0	1	0	0	-10	0	0	176	0	0	0	0	0	0	0	0	0	0	0		//	크리티컬 확률 -1%																														
	2018	1011	2	20104	1	0	404214	167	0	0	0	25	5	0	0	1	0	0	-30	0	0	176	0	0	0	0	0	0	0	0	0	0	0		//	크리티컬 확률 -3%																														
	2019	1011	2	20104	1	0	404215	166	0	0	0	25	5	0	0	1	0	0	-50	0	0	176	0	0	0	0	0	0	0	0	0	0	0		//	크리티컬 확률 -5%																														
	2020	1011	3	20104	1	0	405308	167	0	0	0	311	5	1000	0	10	0	2	-30	2100	0	174	0	0	0	0	0	0	0	0	0	0	0		//	모든 원소 공격력 -3%																														
	2021	1011	3	20104	1	1	405309	167	0	0	0	311	5	1000	0	10	0	2	-30	2100	0	174	2	5	1000	0	9	200	1	20	2100	2000	101		//	모든 원소 공격력 -3% & 상처 피해 +20																														
	2022	1011	3	20104	1	0	405307	166	0	0	0	311	5	1000	0	10	0	2	-60	2100	0	174	0	0	0	0	0	0	0	0	0	0	0		//	모든 원소 공격력 -6%																														
	2023	1011	3	20104	1	1	405356	167	0	0	0	311	5	1000	0	10	0	2	-60	2100	0	174	2	5	1000	0	9	200	1	50	2100	2000	101		//	모든 원소 공격력 -6% & 상처 피해 +50																														
	2024	1011	3	20104	1	0	405437	167	0	0	0	311	5	1000	0	10	0	2	-100	2100	0	174	0	0	0	0	0	0	0	0	0	0	0		//	모든 원소 공격력 -10%																														
	2025	1011	3	20104	1	1	405443	166	0	0	0	311	5	1000	0	10	0	2	-100	2100	0	174	2	5	1000	0	9	200	1	100	2100	2000	101		//	모든 원소 공격력 -10% & 상처 피해 +100																														
	2026	1013	1	20104	1	0	405527	167	0	0	1	0	0	0	0	0	0	0	0	0	0	0	0	0	0	0	0	0	0	0	0	0	0		//	적용 개체 수 +1																														
	2027	1013	1	20104	1	0	405528	167	0	0	2	0	0	0	0	0	0	0	0	0	0	0	0	0	0	0	0	0	0	0	0	0	0		//	적용 개체 수 +2																														
	2028	1013	1	20104	1	0	405529	166	0	0	3	0	0	0	0	0	0	0	0	0	0	0	0	0	0	0	0	0	0	0	0	0	0		//	적용 개체 수 +3																														
	2029	1013	1	20104	1	0	405347	167	0	10	0	0	0	0	0	0	0	0	0	0	0	0	0	0	0	0	0	0	0	0	0	0	0		//	스킬 범위 +1미터																														
	2030	1013	1	20104	1	0	405348	167	0	20	0	0	0	0	0	0	0	0	0	0	0	0	0	0	0	0	0	0	0	0	0	0	0		//	스킬 범위 +2미터																														
	2031	1013	1	20104	1	0	405349	166	0	30	0	0	0	0	0	0	0	0	0	0	0	0	0	0	0	0	0	0	0	0	0	0	0		//	스킬 범위 +3미터																														
	2032	1013	2	20104	1	0	405261	167	0	0	0	21	5	1000	0	0	0	2	-30	2100	0	109	0	0	0	0	0	0	0	0	0	0	0		//	공격 속도 -3%																														
	2033	1013	2	20104	1	0	405262	167	0	0	0	21	5	1000	0	0	0	2	-60	2100	0	109	0	0	0	0	0	0	0	0	0	0	0		//	공격 속도 -6%																														
	2034	1013	2	20104	1	0	405260	166	0	0	0	21	5	1000	0	0	0	2	-100	2100	0	109	0	0	0	0	0	0	0	0	0	0	0		//	공격 속도 -10%																														
	2035	1013	2	20104	1	0	405342	167	0	0	0	28	5	0	0	0	0	0	-10	0	0	178	0	0	0	0	0	0	0	0	0	0	0		//	스킬 공격력 -1%																														
	2036	1013	2	20104	1	0	405343	167	0	0	0	28	5	0	0	0	0	0	-30	0	0	178	0	0	0	0	0	0	0	0	0	0	0		//	스킬 공격력 -3%																														
	2037	1013	2	20104	1	0	405341	166	0	0	0	28	5	0	0	0	0	0	-50	0	0	178	0	0	0	0	0	0	0	0	0	0	0		//	스킬 공격력 -5%																														
	2038	1013	3	20104	1	0	405314	167	0	0	0	302	5	1000	0	10	0	2	-30	2100	0	175	0	0	0	0	0	0	0	0	0	0	0		//	모든 원소 저항률 -3%																														
	2039	1013	3	20104	1	1	405315	167	0	0	0	302	5	1000	0	10	0	2	-30	2100	0	175	2	5	1000	0	9	200	1	20	2100	2000	101		//	모든 원소 저항률 -3% & 상처 피해 +20																														
	2040	1013	3	20104	1	0	405313	166	0	0	0	302	5	1000	0	10	0	2	-60	2100	0	175	0	0	0	0	0	0	0	0	0	0	0		//	모든 원소 저항률 -6%																														
	2041	1013	3	20104	1	1	405357	167	0	0	0	302	5	1000	0	10	0	2	-60	2100	0	175	2	5	1000	0	9	200	1	50	2100	2000	101		//	모든 원소 저항률 -6% & 상처 피해 +50																														
	2042	1013	3	20104	1	0	405438	167	0	0	0	302	5	1000	0	10	0	2	-100	2100	0	175	0	0	0	0	0	0	0	0	0	0	0		//	모든 원소 저항률 -10%																														
	2043	1013	3	20104	1	1	405444	166	0	0	0	302	5	1000	0	10	0	2	-100	2100	0	175	2	5	1000	0	9	200	1	100	2100	2000	101		//	모든 원소 저항률 -10% & 상처 피해 +100																														
	1432	1014	1	20104	1	0	405584	167	0	0	0	345	7	0	0	0	0	0	50	0	0	0	0	0	0	0	0	0	0	0	0	0	0		//	HP 소모량 +5%																														
	1433	1014	1	20104	1	0	405585	167	0	0	0	345	7	0	0	0	0	0	100	0	0	0	0	0	0	0	0	0	0	0	0	0	0		//	HP 소모량 +10%																														
	1434	1014	1	20104	1	0	405586	166	0	0	0	345	7	0	0	0	0	0	150	0	0	0	0	0	0	0	0	0	0	0	0	0	0		//	HP 소모량 +15%																														
	1435	1014	1	20104	1	0	405756	167	0	0	0	345	7	0	0	0	0	0	200	0	0	0	0	0	0	0	0	0	0	0	0	0	0		//	HP 소모량 +20%																														
	1436	1014	1	20104	1	0	405757	167	0	0	0	345	7	0	0	0	0	0	250	0	0	0	0	0	0	0	0	0	0	0	0	0	0		//	HP 소모량 +25%																														
	1437	1014	1	20104	1	0	405758	166	0	0	0	345	7	0	0	0	0	0	300	0	0	0	0	0	0	0	0	0	0	0	0	0	0		//	HP 소모량 +30%																														
	1438	1014	2	20104	1	0	405759	167	0	0	0	111	7	0	0	0	1	0	0	1000	0	218	0	0	0	0	0	0	0	0	0	0	0		//	마법쉴드 지속시간 +1초																														
	1439	1014	2	20104	1	0	405760	167	0	0	0	111	7	0	0	0	1	0	0	2000	0	218	0	0	0	0	0	0	0	0	0	0	0		//	마법쉴드 지속시간 +2초																														
	1440	1014	2	20104	1	0	405761	166	0	0	0	111	7	0	0	0	1	0	0	3000	0	218	0	0	0	0	0	0	0	0	0	0	0		//	마법쉴드 지속시간 +3초																														
	1441	1014	2	20104	1	0	405762	167	0	0	0	28	7	0	0	0	0	0	0	1000	0	312	0	0	0	0	0	0	0	0	0	0	0		//	스킬 피해량 증가 지속시간 +1초																														
	1442	1014	2	20104	1	0	405763	167	0	0	0	28	7	0	0	0	0	0	0	2000	0	312	0	0	0	0	0	0	0	0	0	0	0		//	스킬 피해량 증가 지속시간 +2초																														
	1443	1014	2	20104	1	0	405764	166	0	0	0	28	7	0	0	0	0	0	0	3000	0	312	0	0	0	0	0	0	0	0	0	0	0		//	스킬 피해량 증가 지속시간 +3초																														
	1444	1014	3	20104	1	1	405765	167	0	0	0	111	7	0	0	0	1	0	0	1000	0	218	111	7	0	0	0	1	200	0	0	0	218		//	마법쉴드 지속시간 +1초 & 마법쉴드 흡수량 +20%																														
	1445	1014	3	20104	1	1	405766	167	0	0	0	111	7	0	0	0	1	0	0	2000	0	218	111	7	0	0	0	1	200	0	0	0	218		//	마법쉴드 지속시간 +2초 & 마법쉴드 흡수량 +20%																														
	1446	1014	3	20104	1	1	405767	166	0	0	0	111	7	0	0	0	1	0	0	3000	0	218	111	7	0	0	0	1	200	0	0	0	218		//	마법쉴드 지속시간 +3초 & 마법쉴드 흡수량 +20%																														
	1447	1014	3	20104	1	1	405768	167	0	0	0	28	7	0	0	0	0	0	0	1000	0	312	28	7	0	0	0	0	0	100	0	0	312		//	스킬 피해량 증가 지속시간 +1초 & 스킬 피해량 증가 +10%																														
	1448	1014	3	20104	1	1	405769	167	0	0	0	28	7	0	0	0	0	0	0	2000	0	312	28	7	0	0	0	0	0	100	0	0	312		//	스킬 피해량 증가 지속시간 +2초 & 스킬 피해량 증가 +10%																														
	1449	1014	3	20104	1	1	405770	166	0	0	0	28	7	0	0	0	0	0	0	3000	0	312	28	7	0	0	0	0	0	100	0	0	312		//	스킬 피해량 증가 지속시간 +3초 & 스킬 피해량 증가 +10%																														
	1450	1010	1	20104	1	0	405501	167	10	0	0	0	0	0	0	0	0	0	0	0	0	0	0	0	0	0	0	0	0	0	0	0	0		//	사거리 +1미터																														
	1451	1010	1	20104	1	0	405503	167	20	0	0	0	0	0	0	0	0	0	0	0	0	0	0	0	0	0	0	0	0	0	0	0	0		//	사거리 +2미터																														
	1452	1010	1	20104	1	0	405505	166	30	0	0	0	0	0	0	0	0	0	0	0	0	0	0	0	0	0	0	0	0	0	0	0	0		//	사거리 +3미터																														
	1453	1010	1	20104	1	0	405506	167	40	0	0	0	0	0	0	0	0	0	0	0	0	0	0	0	0	0	0	0	0	0	0	0	0		//	사거리 +4미터																														
	1454	1010	1	20104	1	0	405507	167	50	0	0	0	0	0	0	0	0	0	0	0	0	0	0	0	0	0	0	0	0	0	0	0	0		//	사거리 +5미터																														
	1455	1010	1	20104	1	0	405508	166	70	0	0	0	0	0	0	0	0	0	0	0	0	0	0	0	0	0	0	0	0	0	0	0	0		//	사거리 +7미터																														
	1456	1010	2	20104	1	0	405560	167	0	0	0	1	1	0	0	9	3	284	0	0	0	0	0	0	0	0	0	0	0	0	0	0	0		//	스킬 피해량 +5%																														
	1457	1010	2	20104	1	0	405561	167	0	0	0	1	1	0	0	9	3	568	0	0	0	0	0	0	0	0	0	0	0	0	0	0	0		//	스킬 피해량 +10%																														
	1458	1010	2	20104	1	0	405562	166	0	0	0	1	1	0	0	9	3	853	0	0	0	0	0	0	0	0	0	0	0	0	0	0	0		//	스킬 피해량 +15%																														
	1459	1010	2	20104	1	0	405551	167	0	0	0	100	1	0	0	0	0	0	0	300	0	3	0	0	0	0	0	0	0	0	0	0	0		//	다운 지속시간 +0.3초																														
	1460	1010	2	20104	1	0	405552	167	0	0	0	100	1	0	0	0	0	0	0	600	0	3	0	0	0	0	0	0	0	0	0	0	0		//	다운 지속시간 +0.6초																														
	1461	1010	2	20104	1	0	405553	166	0	0	0	100	1	0	0	0	0	0	0	1000	0	3	0	0	0	0	0	0	0	0	0	0	0		//	다운 지속시간 +1초																														
	1462	1010	3	20104	1	1	405771	167	0	0	0	1	1	0	0	9	3	853	0	0	0	0	2	1	1000	0	9	200	1	200	5000	1000	144		//	스킬 피해량 +15% & 고통 : 100% 확률로 5초동안 피해 200																														
	1463	1010	3	20104	1	1	405772	167	0	0	0	1	1	0	0	9	3	1137	0	0	0	0	2	1	1000	0	9	200	1	200	5000	1000	144		//	스킬 피해량 +20% & 고통 : 100% 확률로 5초동안 피해 200																														
	1464	1010	3	20104	1	1	405773	166	0	0	0	1	1	0	0	9	3	1421	0	0	0	0	2	1	1000	0	9	200	1	200	5000	1000	144		//	스킬 피해량 +25% & 고통 : 100% 확률로 5초동안 피해 200																														
	1465	1010	3	20104	1	1	405774	167	0	0	0	1	1	0	0	9	3	853	0	0	0	0	14	1	1000	0	9	0	2	-300	5000	0	105		//	스킬 피해량 +15% & 약체: 100% 확률로 5초동안 방어력 -30%																														
	1466	1010	3	20104	1	1	405775	167	0	0	0	1	1	0	0	9	3	1137	0	0	0	0	14	1	1000	0	9	0	2	-300	5000	0	105		//	스킬 피해량 +20% & 약체: 100% 확률로 5초동안 방어력 -30%																														
	1467	1010	3	20104	1	1	405776	166	0	0	0	1	1	0	0	9	3	1421	0	0	0	0	14	1	1000	0	9	0	2	-300	5000	0	105		//	스킬 피해량 +25% & 약체: 100% 확률로 5초동안 방어력 -30%																														
	2044	1027	1	20104	1	0	405527	167	0	0	1	0	0	0	0	0	0	0	0	0	0	0	0	0	0	0	0	0	0	0	0	0	0		//	적용 개체 수 +1																														
	2045	1027	1	20104	1	0	405528	167	0	0	2	0	0	0	0	0	0	0	0	0	0	0	0	0	0	0	0	0	0	0	0	0	0		//	적용 개체 수 +2																														
	2046	1027	1	20104	1	0	405529	166	0	0	3	0	0	0	0	0	0	0	0	0	0	0	0	0	0	0	0	0	0	0	0	0	0		//	적용 개체 수 +3																														
	2047	1027	1	20104	1	0	405347	167	0	10	0	0	0	0	0	0	0	0	0	0	0	0	0	0	0	0	0	0	0	0	0	0	0		//	스킬 범위 +1미터																														
	2048	1027	1	20104	1	0	405348	167	0	20	0	0	0	0	0	0	0	0	0	0	0	0	0	0	0	0	0	0	0	0	0	0	0		//	스킬 범위 +2미터																														
	2049	1027	1	20104	1	0	405349	166	0	30	0	0	0	0	0	0	0	0	0	0	0	0	0	0	0	0	0	0	0	0	0	0	0		//	스킬 범위 +3미터																														
	2050	1027	2	20104	1	0	405270	167	0	0	0	14	6	1000	0	9	0	2	30	2100	0	966	0	0	0	0	0	0	0	0	0	0	0		//	기본 방어력 +3%																														
	2051	1027	2	20104	1	0	405271	167	0	0	0	14	6	1000	0	9	0	2	60	2100	0	966	0	0	0	0	0	0	0	0	0	0	0		//	기본 방어력 +6%																														
	2052	1027	2	20104	1	0	405269	166	0	0	0	14	6	1000	0	9	0	2	100	2100	0	966	0	0	0	0	0	0	0	0	0	0	0		//	기본 방어력 +10%																														
	2053	1027	2	20104	1	0	404228	167	0	0	0	344	6	0	0	0	0	0	1	0	0	279	0	0	0	0	0	0	0	0	0	0	0		//	피해 디버프 저항률 +1%																														
	2054	1027	2	20104	1	0	404229	167	0	0	0	344	6	0	0	0	0	0	3	0	0	279	0	0	0	0	0	0	0	0	0	0	0		//	피해 디버프 저항률 +3%																														
	2055	1027	2	20104	1	0	404230	166	0	0	0	344	6	0	0	0	0	0	5	0	0	279	0	0	0	0	0	0	0	0	0	0	0		//	피해 디버프 저항률 +5%																														
	2056	1027	3	20104	1	0	405311	167	0	0	0	302	6	1000	0	10	0	2	30	2100	0	217	0	0	0	0	0	0	0	0	0	0	0		//	모든 원소 저항률 +3%																														
	2057	1027	3	20104	1	1	405312	167	0	0	0	302	6	1000	0	10	0	2	30	2100	0	217	5	6	1000	0	0	0	1	30	2100	0	187		//	모든 원소 저항률 +3% & HP 회복 +30																														
	2058	1027	3	20104	1	0	405310	166	0	0	0	302	6	1000	0	10	0	2	60	2100	0	217	0	0	0	0	0	0	0	0	0	0	0		//	모든 원소 저항률 +6%																														
	2059	1027	3	20104	1	1	405245	167	0	0	0	302	6	1000	0	10	0	2	60	2100	0	217	5	6	1000	0	0	0	1	60	2100	0	187		//	모든 원소 저항률 +6% & HP 회복 +60																														
	2060	1027	3	20104	1	0	405247	167	0	0	0	302	6	1000	0	10	0	2	100	2100	0	217	0	0	0	0	0	0	0	0	0	0	0		//	모든 원소 저항률 +10%																														
	2061	1027	3	20104	1	1	405243	166	0	0	0	302	6	1000	0	10	0	2	100	2100	0	217	5	6	1000	0	0	0	1	100	2100	0	187		//	모든 원소 저항률 +10% & HP 회복 +100																														
	2062	1029	1	20104	1	0	405527	167	0	0	1	0	0	0	0	0	0	0	0	0	0	0	0	0	0	0	0	0	0	0	0	0	0		//	적용 개체 수 +1																														
	2063	1029	1	20104	1	0	405528	167	0	0	2	0	0	0	0	0	0	0	0	0	0	0	0	0	0	0	0	0	0	0	0	0	0		//	적용 개체 수 +2																														
	2064	1029	1	20104	1	0	405529	166	0	0	3	0	0	0	0	0	0	0	0	0	0	0	0	0	0	0	0	0	0	0	0	0	0		//	적용 개체 수 +3																														
	2065	1029	1	20104	1	0	405347	167	0	10	0	0	0	0	0	0	0	0	0	0	0	0	0	0	0	0	0	0	0	0	0	0	0		//	스킬 범위 +1미터																														
	2066	1029	1	20104	1	0	405348	167	0	20	0	0	0	0	0	0	0	0	0	0	0	0	0	0	0	0	0	0	0	0	0	0	0		//	스킬 범위 +2미터																														
	2067	1029	1	20104	1	0	405349	166	0	30	0	0	0	0	0	0	0	0	0	0	0	0	0	0	0	0	0	0	0	0	0	0	0		//	스킬 범위 +3미터																														
	2068	1029	2	20104	1	0	405264	167	0	0	0	11	6	1000	0	9	0	2	30	2100	0	1500	0	0	0	0	0	0	0	0	0	0	0		//	기본 공격력 +3%																														
	2069	1029	2	20104	1	0	405265	167	0	0	0	11	6	1000	0	9	0	2	60	2100	0	1500	0	0	0	0	0	0	0	0	0	0	0		//	기본 공격력 +6%																														
	2070	1029	2	20104	1	0	405263	166	0	0	0	11	6	1000	0	9	0	2	100	2100	0	1500	0	0	0	0	0	0	0	0	0	0	0		//	기본 공격력 +10%																														
	2071	1029	2	20104	1	0	404226	167	0	0	0	25	6	0	0	2	0	0	-1	0	0	191	0	0	0	0	0	0	0	0	0	0	0		//	피격 크리티컬 확률 -1%																														
	2072	1029	2	20104	1	0	404227	167	0	0	0	25	6	0	0	2	0	0	-3	0	0	191	0	0	0	0	0	0	0	0	0	0	0		//	피격 크리티컬 확률 -3%																														
	2073	1029	2	20104	1	0	404225	166	0	0	0	25	6	0	0	2	0	0	-5	0	0	191	0	0	0	0	0	0	0	0	0	0	0		//	피격 크리티컬 확률 -5%																														
	2074	1029	3	20104	1	0	405305	167	0	0	0	311	6	1000	0	10	0	2	30	2100	0	402	0	0	0	0	0	0	0	0	0	0	0		//	모든 원소 공격력 +3%																														
	2075	1029	3	20104	1	1	405306	167	0	0	0	311	6	1000	0	10	0	2	30	2100	0	402	5	6	1000	0	0	0	1	30	2100	0	187		//	모든 원소 공격력 +3% & HP 회복 +30																														
	2076	1029	3	20104	1	0	405304	166	0	0	0	311	6	1000	0	10	0	2	60	2100	0	402	0	0	0	0	0	0	0	0	0	0	0		//	모든 원소 공격력 +6%																														
	2077	1029	3	20104	1	1	405244	167	0	0	0	311	6	1000	0	10	0	2	60	2100	0	402	5	6	1000	0	0	0	1	60	2100	0	187		//	모든 원소 공격력 +6% & HP 회복 +60																														
	2078	1029	3	20104	1	0	405246	167	0	0	0	311	6	1000	0	10	0	2	100	2100	0	402	0	0	0	0	0	0	0	0	0	0	0		//	모든 원소 공격력 +10%																														
	2079	1029	3	20104	1	1	405242	166	0	0	0	311	6	1000	0	10	0	2	100	2100	0	402	5	6	1000	0	0	0	1	100	2100	0	187		//	모든 원소 공격력 +10% & HP 회복 +100																														
	1468	1030	1	20104	1	0	405759	167	0	0	0	111	2	0	0	0	1	0	0	1000	0	218	0	0	0	0	0	0	0	0	0	0	0		//	마법쉴드 지속시간 +1초																														
	1469	1030	1	20104	1	0	405760	167	0	0	0	111	2	0	0	0	1	0	0	2000	0	218	0	0	0	0	0	0	0	0	0	0	0		//	마법쉴드 지속시간 +2초																														
	1470	1030	1	20104	1	0	405761	166	0	0	0	111	2	0	0	0	1	0	0	3000	0	218	0	0	0	0	0	0	0	0	0	0	0		//	마법쉴드 지속시간 +3초																														
	1471	1030	1	20104	1	0	405777	167	0	0	0	14	2	0	0	9	0	0	0	1000	0	966	0	0	0	0	0	0	0	0	0	0	0		//	방어 지속시간 +1초																														
	1472	1030	1	20104	1	0	405778	167	0	0	0	14	2	0	0	9	0	0	0	2000	0	966	0	0	0	0	0	0	0	0	0	0	0		//	방어 지속시간 +2초																														
	1473	1030	1	20104	1	0	405779	166	0	0	0	14	2	0	0	9	0	0	0	3000	0	966	0	0	0	0	0	0	0	0	0	0	0		//	방어 지속시간 +3초																														
	1474	1030	2	20104	1	0	405780	167	0	0	0	111	2	0	0	0	1	50	0	0	0	218	0	0	0	0	0	0	0	0	0	0	0		//	마법쉴드 흡수량 +5%																														
	1475	1030	2	20104	1	0	405781	167	0	0	0	111	2	0	0	0	1	100	0	0	0	218	0	0	0	0	0	0	0	0	0	0	0		//	마법쉴드 흡수량 +10%																														
	1476	1030	2	20104	1	0	405782	166	0	0	0	111	2	0	0	0	1	150	0	0	0	218	0	0	0	0	0	0	0	0	0	0	0		//	마법쉴드 흡수량 +15%																														
	1477	1030	2	20104	1	0	405783	167	0	0	0	14	2	0	0	9	0	0	50	0	0	966	0	0	0	0	0	0	0	0	0	0	0		//	기본 방어력 증가 +5%																														
	1478	1030	2	20104	1	0	405784	167	0	0	0	14	2	0	0	9	0	0	100	0	0	966	0	0	0	0	0	0	0	0	0	0	0		//	기본 방어력 증가 +10%																														
	1479	1030	2	20104	1	0	405785	166	0	0	0	14	2	111	0	9	0	0	150	0	0	966	0	0	0	0	0	0	0	0	0	0	0		//	기본 방어력 증가 +15%																														
	1480	1030	3	20104	1	0	405765	167	0	0	0	111	2	0	0	0	1	200	0	1000	0	218	0	0	0	0	0	0	0	0	0	0	0		//	마법쉴드 지속시간 +1초 & 마법쉴드 흡수량 +20%																														
	1481	1030	3	20104	1	0	405766	167	0	0	0	111	2	0	0	0	1	200	0	2000	0	218	0	0	0	0	0	0	0	0	0	0	0		//	마법쉴드 지속시간 +2초 & 마법쉴드 흡수량 +20%																														
	1482	1030	3	20104	1	0	405767	166	0	0	0	111	2	0	0	0	1	200	0	3000	0	218	0	0	0	0	0	0	0	0	0	0	0		//	마법쉴드 지속시간 +3초 & 마법쉴드 흡수량 +20%																														
	1483	1030	3	20104	1	0	405786	167	0	0	0	14	2	0	0	9	0	0	200	1000	0	966	0	0	0	0	0	0	0	0	0	0	0		//	방어 지속시간 +1초 & 기본 방어력증가 +20%																														
	1484	1030	3	20104	1	0	405787	167	0	0	0	14	2	0	0	9	0	0	200	2000	0	966	0	0	0	0	0	0	0	0	0	0	0		//	방어 지속시간 +2초 & 기본 방어력증가 +20%																														
	1485	1030	3	20104	1	0	405788	166	0	0	0	14	2	0	0	9	0	0	200	3000	0	966	0	0	0	0	0	0	0	0	0	0	0		//	방어 지속시간 +3초 & 기본 방어력증가 +20%																														
	1486	1031	1	20104	1	0	405527	167	0	0	1	0	0	0	0	0	0	0	0	0	0	0	0	0	0	0	0	0	0	0	0	0	0		//	적용 개체수 +1																														
	1487	1031	1	20104	1	0	405528	167	0	0	2	0	0	0	0	0	0	0	0	0	0	0	0	0	0	0	0	0	0	0	0	0	0		//	적용 개체수 +2																														
	1488	1031	1	20104	1	0	405529	166	0	0	3	0	0	0	0	0	0	0	0	0	0	0	0	0	0	0	0	0	0	0	0	0	0		//	적용 개체수 +3																														
	1489	1031	1	20104	1	0	405530	167	0	0	4	0	0	0	0	0	0	0	0	0	0	0	0	0	0	0	0	0	0	0	0	0	0		//	적용 개체수 +4																														
	1490	1031	1	20104	1	0	405531	167	0	0	5	0	0	0	0	0	0	0	0	0	0	0	0	0	0	0	0	0	0	0	0	0	0		//	적용 개체수 +5																														
	1491	1031	1	20104	1	0	405532	166	0	0	6	0	0	0	0	0	0	0	0	0	0	0	0	0	0	0	0	0	0	0	0	0	0		//	적용 개체수 +6																														
	1492	1031	2	20104	1	0	405560	167	0	0	0	1	5	0	0	0	2	238	0	0	0	0	0	0	0	0	0	0	0	0	0	0	0		//	스킬 피해량 +5%																														
	1493	1031	2	20104	1	0	405561	167	0	0	0	1	5	0	0	0	2	476	0	0	0	0	0	0	0	0	0	0	0	0	0	0	0		//	스킬 피해량 +10%																														
	1494	1031	2	20104	1	0	405562	166	0	0	0	1	5	0	0	0	2	713	0	0	0	0	0	0	0	0	0	0	0	0	0	0	0		//	스킬 피해량 +15%																														
	1495	1031	2	20104	1	0	405551	167	0	0	0	100	3	0	0	0	0	0	0	300	0	3	0	0	0	0	0	0	0	0	0	0	0		//	다운 지속시간 +0.3초																														
	1496	1031	2	20104	1	0	405552	167	0	0	0	100	3	0	0	0	0	0	0	600	0	3	0	0	0	0	0	0	0	0	0	0	0		//	다운 지속시간 +0.6초																														
	1497	1031	2	20104	1	0	405553	166	0	0	0	100	3	0	0	0	0	0	0	1000	0	3	0	0	0	0	0	0	0	0	0	0	0		//	다운 지속시간 +1초																														
	1498	1031	3	20104	1	1	405789	167	0	0	0	1	5	0	0	0	2	713	0	0	0	0	2	5	1000	0	9	200	1	200	5000	1000	195		//	스킬 피해량 +15% & 감전 : 100% 확률로 5초동안 피해 200																														
	1499	1031	3	20104	1	1	405790	167	0	0	0	1	5	0	0	0	2	951	0	0	0	0	2	5	1000	0	9	200	1	200	5000	1000	195		//	스킬 피해량 +20% & 감전 : 100% 확률로 5초동안 피해 200																														
	1500	1031	3	20104	1	1	405707	166	0	0	0	1	5	0	0	0	2	1189	0	0	0	0	2	5	1000	0	9	200	1	200	5000	1000	195		//	스킬 피해량 +25% & 감전 : 100% 확률로 5초동안 피해 200																														
	1501	1031	3	20104	1	1	405791	167	0	0	0	1	5	0	0	0	2	713	0	0	0	0	100	3	0	0	0	0	0	0	300	0	3		//	스킬 피해량 +15% & 다운 확률 +15% & 다운 지속시간 +0.3초																														
	1502	1031	3	20104	1	1	405792	167	0	0	0	1	5	0	0	0	2	951	0	0	0	0	100	3	0	0	0	0	0	0	600	0	3		//	스킬 피해량 +20% & 다운 확률 +15% & 다운 지속시간 +0.6초																														
	1503	1031	3	20104	1	1	405793	166	0	0	0	1	5	0	0	0	2	1189	0	0	0	0	100	3	0	0	0	0	0	0	1000	0	3		//	스킬 피해량 +25% & 다운 확률 +15% & 다운 지속시간 +1초																														
	2080	1106	1	20104	1	0	405347	167	0	10	0	0	0	0	0	0	0	0	0	0	0	0	0	0	0	0	0	0	0	0	0	0	0		//	스킬 범위 +1미터																														
	2081	1106	1	20104	1	0	405348	167	0	20	0	0	0	0	0	0	0	0	0	0	0	0	0	0	0	0	0	0	0	0	0	0	0		//	스킬 범위 +2미터																														
	2082	1106	1	20104	1	0	405349	166	0	30	0	0	0	0	0	0	0	0	0	0	0	0	0	0	0	0	0	0	0	0	0	0	0		//	스킬 범위 +3미터																														
	2083	1106	1	20104	1	0	405527	167	0	0	1	0	0	0	0	0	0	0	0	0	0	0	0	0	0	0	0	0	0	0	0	0	0		//	적용 개체 수 +1																														
	2084	1106	1	20104	1	0	405528	167	0	0	2	0	0	0	0	0	0	0	0	0	0	0	0	0	0	0	0	0	0	0	0	0	0		//	적용 개체 수 +2																														
	2085	1106	1	20104	1	0	405529	166	0	0	3	0	0	0	0	0	0	0	0	0	0	0	0	0	0	0	0	0	0	0	0	0	0		//	적용 개체 수 +3																														
	2086	1106	2	20104	1	0	405436	167	0	0	0	1	5	0	0	0	0	79	0	0	0	0	0	0	0	0	0	0	0	0	0	0	0		//	스킬 피해량 +3%																														
	2087	1106	2	20104	1	0	405445	167	0	0	0	1	5	0	0	0	0	158	0	0	0	0	0	0	0	0	0	0	0	0	0	0	0		//	스킬 피해량 +6%																														
	2088	1106	2	20104	1	0	405561	166	0	0	0	1	5	0	0	0	0	263	0	0	0	0	0	0	0	0	0	0	0	0	0	0	0		//	스킬 피해량 +10%																														
	2089	1106	2	20104	1	0	405454	167	0	0	0	100	3	30	0	0	0	0	0	0	0	6	0	0	0	0	0	0	0	0	0	0	0		//	스턴 확률 +3%																														
	2090	1106	2	20104	1	0	405455	167	0	0	0	100	3	60	0	0	0	0	0	0	0	6	0	0	0	0	0	0	0	0	0	0	0		//	스턴 확률 +6%																														
	2091	1106	2	20104	1	0	405453	166	0	0	0	100	3	100	0	0	0	0	0	0	0	6	0	0	0	0	0	0	0	0	0	0	0		//	스턴 확률 +10%																														
	2092	1106	3	20104	1	1	405365	167	0	0	0	1	5	0	0	0	0	263	0	0	0	0	2	3	1000	0	9	200	1	100	3000	1000	101		//	스킬 피해량 +10% & 상처 : 100% 확률로 3초동안 피해 100																														
	2093	1106	3	20104	1	1	405392	167	0	0	0	1	5	0	0	0	0	316	0	0	0	0	2	3	1000	0	9	200	1	100	3000	1000	101		//	스킬 피해량 +12% & 상처 : 100% 확률로 3초동안 피해 100																														
	2094	1106	3	20104	1	1	405418	166	0	0	0	1	5	0	0	0	0	395	0	0	0	0	2	3	1000	0	9	200	1	100	3000	1000	101		//	스킬 피해량 +15% & 상처 : 100% 확률로 3초동안 피해 100																														
	2095	1106	3	20104	1	1	405370	167	0	0	0	1	5	0	0	0	0	263	0	0	0	0	14	3	1000	0	9	0	2	-100	3000	0	105		//	스킬 피해량 +10% & 약체 : 100% 확률로 3초동안 방어력 -10%																														
	2096	1106	3	20104	1	1	405397	167	0	0	0	1	5	0	0	0	0	316	0	0	0	0	14	3	1000	0	9	0	2	-100	3000	0	105		//	스킬 피해량 +12% & 약체 : 100% 확률로 3초동안 방어력 -10%																														
	2097	1106	3	20104	1	1	405423	166	0	0	0	1	5	0	0	0	0	395	0	0	0	0	14	3	1000	0	9	0	2	-100	3000	0	105		//	스킬 피해량 +15% & 약체 : 100% 확률로 3초동안 방어력 -10%																														
	2098	1108	1	20104	1	0	405500	167	5	0	0	0	0	0	0	0	0	0	0	0	0	0	0	0	0	0	0	0	0	0	0	0	0		//	사거리 +0.5미터																														
	2099	1108	1	20104	1	0	405501	167	10	0	0	0	0	0	0	0	0	0	0	0	0	0	0	0	0	0	0	0	0	0	0	0	0		//	사거리 +1미터																														
	2100	1108	1	20104	1	0	405502	166	15	0	0	0	0	0	0	0	0	0	0	0	0	0	0	0	0	0	0	0	0	0	0	0	0		//	사거리 +1.5미터																														
	2101	1108	1	20104	1	0	405503	167	20	0	0	0	0	0	0	0	0	0	0	0	0	0	0	0	0	0	0	0	0	0	0	0	0		//	사거리 +2미터																														
	2102	1108	1	20104	1	0	405504	167	25	0	0	0	0	0	0	0	0	0	0	0	0	0	0	0	0	0	0	0	0	0	0	0	0		//	사거리 +2.5미터																														
	2103	1108	1	20104	1	0	405505	166	30	0	0	0	0	0	0	0	0	0	0	0	0	0	0	0	0	0	0	0	0	0	0	0	0		//	사거리 +3미터																														
	2104	1108	2	20104	1	0	405436	167	0	0	0	1	1	0	0	0	0	105	0	0	0	0	0	0	0	0	0	0	0	0	0	0	0		//	스킬 피해량 +3%																														
	2105	1108	2	20104	1	0	405445	167	0	0	0	1	1	0	0	0	0	210	0	0	0	0	0	0	0	0	0	0	0	0	0	0	0		//	스킬 피해량 +6%																														
	2106	1108	2	20104	1	0	405561	166	0	0	0	1	1	0	0	0	0	350	0	0	0	0	0	0	0	0	0	0	0	0	0	0	0		//	스킬 피해량 +10%																														
	2107	1108	2	20104	1	0	405272	167	0	0	0	100	1	0	0	0	0	0	0	100	0	3	0	0	0	0	0	0	0	0	0	0	0		//	다운 지속시간 +0.1초																														
	2108	1108	2	20104	1	0	405551	167	0	0	0	100	1	0	0	0	0	0	0	300	0	3	0	0	0	0	0	0	0	0	0	0	0		//	다운 지속시간 +0.3초																														
	2109	1108	2	20104	1	0	405273	166	0	0	0	100	1	0	0	0	0	0	0	500	0	3	0	0	0	0	0	0	0	0	0	0	0		//	다운 지속시간 +0.5초																														
	2110	1108	3	20104	1	1	405363	167	0	0	0	1	1	0	0	0	0	350	0	0	0	0	11	3	1000	0	9	0	2	-100	3000	0	104		//	스킬 피해량 +10% & 무기력 : 100% 확률로 3초동안 공격력 -10%																														
	2111	1108	3	20104	1	1	405389	167	0	0	0	1	1	0	0	0	0	420	0	0	0	0	11	3	1000	0	9	0	2	-100	3000	0	104		//	스킬 피해량 +12% & 무기력 : 100% 확률로 3초동안 공격력 -10%																														
	2112	1108	3	20104	1	1	405415	166	0	0	0	1	1	0	0	0	0	525	0	0	0	0	11	3	1000	0	9	0	2	-100	3000	0	104		//	스킬 피해량 +15% & 무기력 : 100% 확률로 3초동안 공격력 -10%																														
	2113	1108	3	20104	1	1	405370	167	0	0	0	1	1	0	0	0	0	350	0	0	0	0	14	3	1000	0	9	0	2	-100	3000	0	105		//	스킬 피해량 +10% & 약체 : 100% 확률로 3초동안 방어력 -10%																														
	2114	1108	3	20104	1	1	405397	167	0	0	0	1	1	0	0	0	0	420	0	0	0	0	14	3	1000	0	9	0	2	-100	3000	0	105		//	스킬 피해량 +12% & 약체 : 100% 확률로 3초동안 방어력 -10%																														
	2115	1108	3	20104	1	1	405423	166	0	0	0	1	1	0	0	0	0	525	0	0	0	0	14	3	1000	0	9	0	2	-100	3000	0	105		//	스킬 피해량 +15% & 약체 : 100% 확률로 3초동안 방어력 -10%																														
	1504	1114	1	20104	1	0	405794	167	0	0	0	311	7	0	0	10	0	0	0	1000	0	402	0	0	0	0	0	0	0	0	0	0	0		//	모든 원소 공격력 증가 지속시간 +1초																														
	1505	1114	1	20104	1	0	405795	167	0	0	0	311	7	0	0	10	0	0	0	2000	0	402	0	0	0	0	0	0	0	0	0	0	0		//	모든 원소 공격력 증가 지속시간 +2초																														
	1506	1114	1	20104	1	0	405796	166	0	0	0	311	7	0	0	10	0	0	0	3000	0	402	0	0	0	0	0	0	0	0	0	0	0		//	모든 원소 공격력 증가 지속시간 +3초																														
	1507	1114	1	20104	1	0	405797	167	0	0	0	353	7	0	0	0	0	0	0	1000	0	410	0	0	0	0	0	0	0	0	0	0	0		//	데미지 증가 지속시간 +1초																														
	1508	1114	1	20104	1	0	405798	167	0	0	0	353	7	0	0	0	0	0	0	2000	0	410	0	0	0	0	0	0	0	0	0	0	0		//	데미지 증가 지속시간 +2초																														
	1509	1114	1	20104	1	0	405799	166	0	0	0	353	7	0	0	0	0	0	0	3000	0	410	0	0	0	0	0	0	0	0	0	0	0		//	데미지 증가 지속시간 +3초																														
	1510	1114	2	20104	1	0	405800	167	0	0	0	311	7	0	0	10	0	0	30	0	0	402	0	0	0	0	0	0	0	0	0	0	0		//	모든 원소 공격력 증가 +3%																														
	1511	1114	2	20104	1	0	405801	167	0	0	0	311	7	0	0	10	0	0	60	0	0	402	0	0	0	0	0	0	0	0	0	0	0		//	모든 원소 공격력 증가 +6%																														
	1512	1114	2	20104	1	0	405802	166	0	0	0	311	7	0	0	10	0	0	100	0	0	402	0	0	0	0	0	0	0	0	0	0	0		//	모든 원소 공격력 증가 +10%																														
	1513	1114	2	20104	1	0	405803	167	0	0	0	353	7	0	0	0	0	0	5	0	0	410	0	0	0	0	0	0	0	0	0	0	0		//	데미지 증가 +5%																														
	1514	1114	2	20104	1	0	405804	167	0	0	0	353	7	0	0	0	0	0	10	0	0	410	0	0	0	0	0	0	0	0	0	0	0		//	데미지 증가 +10%																														
	1515	1114	2	20104	1	0	405805	166	0	0	0	353	7	0	0	0	0	0	15	0	0	410	0	0	0	0	0	0	0	0	0	0	0		//	데미지 증가 +15%																														
	1516	1114	3	20104	1	0	405806	167	0	0	0	311	7	0	0	10	0	0	100	1000	0	402	0	0	0	0	0	0	0	0	0	0	0		//	모든 원소 공격력 증가 지속시간 +1초 & 모든 원소 공격력 증가 +10%																														
	1517	1114	3	20104	1	0	405807	167	0	0	0	311	7	0	0	10	0	0	100	2000	0	402	0	0	0	0	0	0	0	0	0	0	0		//	모든 원소 공격력 증가 지속시간 +2초 & 모든 원소 공격력 증가 +10%																														
	1518	1114	3	20104	1	0	405808	166	0	0	0	311	7	0	0	10	0	0	100	3000	0	402	0	0	0	0	0	0	0	0	0	0	0		//	모든 원소 공격력 증가 지속시간 +3초 & 모든 원소 공격력 증가 +10%																														
	1519	1114	3	20104	1	0	405809	167	0	0	0	353	7	0	0	0	0	0	15	1000	0	410	0	0	0	0	0	0	0	0	0	0	0		//	데미지 증가 지속시간 +1초 & 데미지 증가 +15%																														
	1520	1114	3	20104	1	0	405810	167	0	0	0	353	7	0	0	0	0	0	15	2000	0	410	0	0	0	0	0	0	0	0	0	0	0		//	데미지 증가 지속시간 +2초 & 데미지 증가 +15%																														
	1521	1114	3	20104	1	0	405811	166	0	0	0	353	7	0	0	0	0	0	15	3000	0	410	0	0	0	0	0	0	0	0	0	0	0		//	데미지 증가 지속시간 +3초 & 데미지 증가 +15%																														
	1522	1113	1	20104	1	0	405501	167	10	0	0	0	0	0	0	0	0	0	0	0	0	0	0	0	0	0	0	0	0	0	0	0	0		//	사거리 +1미터																														
	1523	1113	1	20104	1	0	405503	167	20	0	0	0	0	0	0	0	0	0	0	0	0	0	0	0	0	0	0	0	0	0	0	0	0		//	사거리 +2미터																														
	1524	1113	1	20104	1	0	405505	166	30	0	0	0	0	0	0	0	0	0	0	0	0	0	0	0	0	0	0	0	0	0	0	0	0		//	사거리 +3미터																														
	1525	1113	1	20104	1	0	405527	167	0	0	1	0	0	0	0	0	0	0	0	0	0	0	0	0	0	0	0	0	0	0	0	0	0		//	적용 개체수 +1																														
	1526	1113	1	20104	1	0	405528	167	0	0	2	0	0	0	0	0	0	0	0	0	0	0	0	0	0	0	0	0	0	0	0	0	0		//	적용 개체수 +2																														
	1527	1113	1	20104	1	0	405529	166	0	0	3	0	0	0	0	0	0	0	0	0	0	0	0	0	0	0	0	0	0	0	0	0	0		//	적용 개체수 +3																														
	1528	1113	2	20104	1	0	405560	167	0	0	0	1	3	0	0	0	0	211	0	0	0	0	0	0	0	0	0	0	0	0	0	0	0		//	스킬 피해량 +5%																														
	1529	1113	2	20104	1	0	405561	167	0	0	0	1	3	0	0	0	0	422	0	0	0	0	0	0	0	0	0	0	0	0	0	0	0		//	스킬 피해량 +10%																														
	1530	1113	2	20104	1	0	405562	166	0	0	0	1	3	0	0	0	0	632	0	0	0	0	0	0	0	0	0	0	0	0	0	0	0		//	스킬 피해량 +15%																														
	1531	1113	2	20104	1	0	405548	167	0	0	0	2	3	0	0	9	200	0	33	0	0	101	0	0	0	0	0	0	0	0	0	0	0		//	상처 피해량 +5%																														
	1532	1113	2	20104	1	0	405549	167	0	0	0	2	3	0	0	9	200	0	66	0	0	101	0	0	0	0	0	0	0	0	0	0	0		//	상처 피해량 +10%																														
	1533	1113	2	20104	1	0	405550	166	0	0	0	2	3	0	0	9	200	0	100	0	0	101	0	0	0	0	0	0	0	0	0	0	0		//	상처 피해량 +15%																														
	1534	1113	3	20104	1	1	405812	167	0	0	0	1	3	0	0	0	0	632	0	0	0	0	14	3	1000	0	9	0	2	-300	3000	0	105		//	스킬 피해량 +15% & 약체: 100% 확률로 3초동안 방어력 -30%																														
	1535	1113	3	20104	1	1	405813	167	0	0	0	1	3	0	0	0	0	843	0	0	0	0	14	3	1000	0	9	0	2	-300	3000	0	105		//	스킬 피해량 +20% & 약체: 100% 확률로 3초동안 방어력 -30%																														
	1536	1113	3	20104	1	1	405814	166	0	0	0	1	3	0	0	0	0	1054	0	0	0	0	14	3	1000	0	9	0	2	-300	3000	0	105		//	스킬 피해량 +25% & 약체: 100% 확률로 3초동안 방어력 -30%																														
	1537	1113	3	20104	1	0	405815	167	0	0	0	2	3	0	0	9	200	0	100	3000	0	101	0	0	0	0	0	0	0	0	0	0	0		//	상처 피해량 +15% & 상처 지속시간 +3초																														
	1538	1113	3	20104	1	0	405816	167	0	0	0	2	3	0	0	9	200	0	133	3000	0	101	0	0	0	0	0	0	0	0	0	0	0		//	상처 피해량 +20% & 상처 지속시간 +3초																														
	1539	1113	3	20104	1	0	405817	166	0	0	0	2	3	0	0	9	200	0	166	3000	0	101	0	0	0	0	0	0	0	0	0	0	0		//	상처 피해량 +25% & 상처 지속시간 +3초																														
	2116	1127	1	20104	1	0	405500	167	5	0	0	0	0	0	0	0	0	0	0	0	0	0	0	0	0	0	0	0	0	0	0	0	0		//	사거리 +0.5미터																														
	2117	1127	1	20104	1	0	405501	167	10	0	0	0	0	0	0	0	0	0	0	0	0	0	0	0	0	0	0	0	0	0	0	0	0		//	사거리 +1미터																														
	2118	1127	1	20104	1	0	405502	166	15	0	0	0	0	0	0	0	0	0	0	0	0	0	0	0	0	0	0	0	0	0	0	0	0		//	사거리 +1.5미터																														
	2119	1127	1	20104	1	0	405503	167	20	0	0	0	0	0	0	0	0	0	0	0	0	0	0	0	0	0	0	0	0	0	0	0	0		//	사거리 +2미터																														
	2120	1127	1	20104	1	0	405504	167	25	0	0	0	0	0	0	0	0	0	0	0	0	0	0	0	0	0	0	0	0	0	0	0	0		//	사거리 +2.5미터																														
	2121	1127	1	20104	1	0	405505	166	30	0	0	0	0	0	0	0	0	0	0	0	0	0	0	0	0	0	0	0	0	0	0	0	0		//	사거리 +3미터																														
	2122	1127	2	20104	1	0	405328	167	0	0	0	221	10	0	0	0	0	150	0	0	0	0	0	0	0	0	0	0	0	0	0	0	0		//	밴쉬 기본 공격력 +15%																														
	2123	1127	2	20104	1	0	405329	167	0	0	0	221	10	0	0	0	0	300	0	0	0	0	0	0	0	0	0	0	0	0	0	0	0		//	밴쉬 기본 공격력 +30%																														
	2124	1127	2	20104	1	0	405330	166	0	0	0	221	10	0	0	0	0	500	0	0	0	0	0	0	0	0	0	0	0	0	0	0	0		//	밴쉬 기본 공격력 +50%																														
	2125	1127	2	20104	1	0	405334	167	0	0	0	358	10	0	0	0	150	0	0	0	0	0	0	0	0	0	0	0	0	0	0	0	0		//	밴쉬 원소 공격력 +15%																														
	2126	1127	2	20104	1	0	405335	167	0	0	0	358	10	0	0	0	300	0	0	0	0	0	0	0	0	0	0	0	0	0	0	0	0		//	밴쉬 원소 공격력 +30%																														
	2127	1127	2	20104	1	0	405336	166	0	0	0	358	10	0	0	0	500	0	0	0	0	0	0	0	0	0	0	0	0	0	0	0	0		//	밴쉬 원소 공격력 +50%																														
	2128	1127	3	20104	1	0	405331	167	0	0	0	363	10	0	0	150	0	0	0	0	0	0	0	0	0	0	0	0	0	0	0	0	0		//	밴쉬 스킬 공격력 +15%																														
	2129	1127	3	20104	1	0	405332	167	0	0	0	363	10	0	0	300	0	0	0	0	0	0	0	0	0	0	0	0	0	0	0	0	0		//	밴쉬 스킬 공격력 +30%																														
	2130	1127	3	20104	1	0	405333	166	0	0	0	363	10	0	0	500	0	0	0	0	0	0	0	0	0	0	0	0	0	0	0	0	0		//	밴쉬 스킬 공격력 +50%																														
	2131	1127	3	20104	1	0	405325	167	0	0	0	363	10	0	0	0	150	0	0	0	0	0	0	0	0	0	0	0	0	0	0	0	0		//	밴쉬 관통 +15%																														
	2132	1127	3	20104	1	0	405326	167	0	0	0	363	10	0	0	0	300	0	0	0	0	0	0	0	0	0	0	0	0	0	0	0	0		//	밴쉬 관통 +30%																														
	2133	1127	3	20104	1	0	405327	166	0	0	0	363	10	0	0	0	500	0	0	0	0	0	0	0	0	0	0	0	0	0	0	0	0		//	밴쉬 관통 +50%																														
	2134	1128	1	20104	1	0	405347	167	0	10	0	0	0	0	0	0	0	0	0	0	0	0	0	0	0	0	0	0	0	0	0	0	0		//	스킬 범위 +1미터																														
	2135	1128	1	20104	1	0	405348	167	0	20	0	0	0	0	0	0	0	0	0	0	0	0	0	0	0	0	0	0	0	0	0	0	0		//	스킬 범위 +2미터																														
	2136	1128	1	20104	1	0	405349	166	0	30	0	0	0	0	0	0	0	0	0	0	0	0	0	0	0	0	0	0	0	0	0	0	0		//	스킬 범위 +3미터																														
	2137	1128	1	20104	1	0	405527	167	0	0	1	0	0	0	0	0	0	0	0	0	0	0	0	0	0	0	0	0	0	0	0	0	0		//	적용 개체 수 +1																														
	2138	1128	1	20104	1	0	405528	167	0	0	2	0	0	0	0	0	0	0	0	0	0	0	0	0	0	0	0	0	0	0	0	0	0		//	적용 개체 수 +2																														
	2139	1128	1	20104	1	0	405529	166	0	0	3	0	0	0	0	0	0	0	0	0	0	0	0	0	0	0	0	0	0	0	0	0	0		//	적용 개체 수 +3																														
	2140	1128	2	20104	1	0	405436	167	0	0	0	1	5	0	0	0	0	105	0	0	0	0	0	0	0	0	0	0	0	0	0	0	0		//	스킬 피해량 +3%																														
	2141	1128	2	20104	1	0	405445	167	0	0	0	1	5	0	0	0	0	211	0	0	0	0	0	0	0	0	0	0	0	0	0	0	0		//	스킬 피해량 +6%																														
	2142	1128	2	20104	1	0	405561	166	0	0	0	1	5	0	0	0	0	351	0	0	0	0	0	0	0	0	0	0	0	0	0	0	0		//	스킬 피해량 +10%																														
	2143	1128	2	20104	1	0	404217	167	0	0	0	100	3	30	0	0	0	0	0	0	0	9	0	0	0	0	0	0	0	0	0	0	0		//	프로즌 확률 +3%																														
	2144	1128	2	20104	1	0	404218	167	0	0	0	100	3	60	0	0	0	0	0	0	0	9	0	0	0	0	0	0	0	0	0	0	0		//	프로즌 확률 +6%																														
	2145	1128	2	20104	1	0	404216	166	0	0	0	100	3	100	0	0	0	0	0	0	0	9	0	0	0	0	0	0	0	0	0	0	0		//	프로즌 확률 +10%																														
	2146	1128	3	20104	1	1	204670	167	0	0	0	1	5	0	0	0	0	351	0	0	0	0	2	3	1000	0	9	200	1	100	3000	1000	101		//	스킬 피해량 +10% & 상처 : 100% 확률로 3초동안 피해 100																														
	2147	1128	3	20104	1	1	204671	167	0	0	0	1	5	0	0	0	0	421	0	0	0	0	2	3	1000	0	9	200	1	100	4000	1000	101		//	스킬 피해량 +12% & 상처 : 100% 확률로 4초동안 피해 100																														
	2148	1128	3	20104	1	1	204763	166	0	0	0	1	5	0	0	0	0	527	0	0	0	0	2	3	1000	0	9	200	1	100	5000	1000	101		//	스킬 피해량 +15% & 상처 : 100% 확률로 5초동안 피해 100																														
	2149	1128	3	20104	1	1	405377	167	0	0	0	1	5	0	0	0	0	351	0	0	0	0	100	3	0	0	0	0	0	0	100	0	9		//	스킬 피해량 +10% & 프로즌 지속시간 0.1초																														
	2150	1128	3	20104	1	1	405407	167	0	0	0	1	5	0	0	0	0	421	0	0	0	0	100	3	0	0	0	0	0	0	300	0	9		//	스킬 피해량 +12% & 프로즌 지속시간 0.3초																														
	2151	1128	3	20104	1	1	405433	166	0	0	0	1	5	0	0	0	0	527	0	0	0	0	100	3	0	0	0	0	0	0	500	0	9		//	스킬 피해량 +15% & 프로즌 지속시간 0.5초																														
	1540	1129	1	20104	1	0	405527	167	0	0	1	0	0	0	0	0	0	0	0	0	0	0	0	0	0	0	0	0	0	0	0	0	0		//	적용 개체수 +1																														
	1541	1129	1	20104	1	0	405528	167	0	0	2	0	0	0	0	0	0	0	0	0	0	0	0	0	0	0	0	0	0	0	0	0	0		//	적용 개체수 +2																														
	1542	1129	1	20104	1	0	405529	166	0	0	3	0	0	0	0	0	0	0	0	0	0	0	0	0	0	0	0	0	0	0	0	0	0		//	적용 개체수 +3																														
	1543	1129	1	20104	1	0	405530	167	0	0	4	0	0	0	0	0	0	0	0	0	0	0	0	0	0	0	0	0	0	0	0	0	0		//	적용 개체수 +4																														
	1544	1129	1	20104	1	0	405531	167	0	0	5	0	0	0	0	0	0	0	0	0	0	0	0	0	0	0	0	0	0	0	0	0	0		//	적용 개체수 +5																														
	1545	1129	1	20104	1	0	405532	166	0	0	6	0	0	0	0	0	0	0	0	0	0	0	0	0	0	0	0	0	0	0	0	0	0		//	적용 개체수 +6																														
	1546	1129	2	20104	1	0	405560	167	0	0	0	1	3	0	0	0	0	187	0	0	0	0	0	0	0	0	0	0	0	0	0	0	0		//	스킬 피해량 +5%																														
	1547	1129	2	20104	1	0	405561	167	0	0	0	1	3	0	0	0	0	375	0	0	0	0	0	0	0	0	0	0	0	0	0	0	0		//	스킬 피해량 +10%																														
	1548	1129	2	20104	1	0	405562	166	0	0	0	1	3	0	0	0	0	562	0	0	0	0	0	0	0	0	0	0	0	0	0	0	0		//	스킬 피해량 +15%																														
	1549	1129	2	20104	1	0	405548	167	0	0	0	2	3	0	0	0	0	0	37	0	0	101	0	0	0	0	0	0	0	0	0	0	0		//	상처 피해량 +5%																														
	1550	1129	2	20104	1	0	405549	167	0	0	0	2	3	0	0	0	0	0	74	0	0	101	0	0	0	0	0	0	0	0	0	0	0		//	상처 피해량 +10%																														
	1551	1129	2	20104	1	0	405550	166	0	0	0	2	3	0	0	0	0	0	111	0	0	101	0	0	0	0	0	0	0	0	0	0	0		//	상처 피해량 +15%																														
	1552	1129	3	20104	1	1	405818	167	0	0	0	1	3	0	0	0	0	562	0	0	0	0	101	3	1000	0	0	0	0	0	1000	0	2		//	스킬 피해량 15% & 블라인드 : 100% 확률로 1초동안 블라인드																														
	1553	1129	3	20104	1	1	405819	167	0	0	0	1	3	0	0	0	0	749	0	0	0	0	101	3	1000	0	0	0	0	0	2000	0	2		//	스킬 피해량 20% & 블라인드 : 100% 확률로 2초동안 블라인드																														
	1554	1129	3	20104	1	1	405820	166	0	0	0	1	3	0	0	0	0	937	0	0	0	0	101	3	1000	0	0	0	0	0	3000	0	2		//	스킬 피해량 25% & 블라인드 : 100% 확률로 3초동안 블라인드																														
	1555	1129	3	20104	1	0	405815	167	0	0	0	2	3	0	0	0	0	0	111	3000	0	101	0	0	0	0	0	0	0	0	0	0	0		//	상처 피해량 +15% & 상처 지속시간 +3초																														
	1556	1129	3	20104	1	0	405816	167	0	0	0	2	3	0	0	0	0	0	148	3000	0	101	0	0	0	0	0	0	0	0	0	0	0		//	상처 피해량 +20% & 상처 지속시간 +3초																														
	1557	1129	3	20104	1	0	405817	166	0	0	0	2	3	0	0	0	0	0	185	3000	0	101	0	0	0	0	0	0	0	0	0	0	0		//	상처 피해량 +25% & 상처 지속시간 +3초																														
	1558	1133	1	20104	1	0	405501	167	10	0	0	0	0	0	0	0	0	0	0	0	0	0	0	0	0	0	0	0	0	0	0	0	0		//	사거리 +1미터																														
	1559	1133	1	20104	1	0	405503	167	20	0	0	0	0	0	0	0	0	0	0	0	0	0	0	0	0	0	0	0	0	0	0	0	0		//	사거리 +2미터																														
	1560	1133	1	20104	1	0	405505	166	30	0	0	0	0	0	0	0	0	0	0	0	0	0	0	0	0	0	0	0	0	0	0	0	0		//	사거리 +3미터																														
	1561	1133	1	20104	1	0	405527	167	0	0	1	0	0	0	0	0	0	0	0	0	0	0	0	0	0	0	0	0	0	0	0	0	0		//	적용 개체수 +1																														
	1562	1133	1	20104	1	0	405528	167	0	0	2	0	0	0	0	0	0	0	0	0	0	0	0	0	0	0	0	0	0	0	0	0	0		//	적용 개체수 +2																														
	1563	1133	1	20104	1	0	405529	166	0	0	3	0	0	0	0	0	0	0	0	0	0	0	0	0	0	0	0	0	0	0	0	0	0		//	적용 개체수 +3																														
	1564	1133	2	20104	1	0	405560	167	0	0	0	1	3	0	0	0	0	230	0	0	0	0	0	0	0	0	0	0	0	0	0	0	0		//	스킬 피해량 +5%																														
	1565	1133	2	20104	1	0	405561	167	0	0	0	1	3	0	0	0	0	460	0	0	0	0	0	0	0	0	0	0	0	0	0	0	0		//	스킬 피해량 +10%																														
	1566	1133	2	20104	1	0	405562	166	0	0	0	1	3	0	0	0	0	690	0	0	0	0	0	0	0	0	0	0	0	0	0	0	0		//	스킬 피해량 +15%																														
	1567	1133	2	20104	1	0	405572	167	0	0	0	2	3	1000	0	9	200	1	200	3000	1000	101	0	0	0	0	0	0	0	0	0	0	0		//	상처 : 100% 확률로 3초동안 피해 200																														
	1568	1133	2	20104	1	0	405573	167	0	0	0	2	3	1000	0	9	200	1	200	4000	1000	101	0	0	0	0	0	0	0	0	0	0	0		//	상처 : 100% 확률로 4초동안 피해 200																														
	1569	1133	2	20104	1	0	405574	166	0	0	0	2	3	1000	0	9	200	1	200	5000	1000	101	0	0	0	0	0	0	0	0	0	0	0		//	상처 : 100% 확률로 5초동안 피해 200																														
	1570	1133	3	20104	1	1	405812	167	0	0	0	1	3	0	0	0	0	690	0	0	0	0	14	3	1000	0	9	0	2	-300	3000	0	105		//	스킬 피해량 +15% & 약체: 100% 확률로 3초동안 방어력 -30%																														
	1571	1133	3	20104	1	1	405813	167	0	0	0	1	3	0	0	0	0	920	0	0	0	0	14	3	1000	0	9	0	2	-300	3000	0	105		//	스킬 피해량 +20% & 약체: 100% 확률로 3초동안 방어력 -30%																														
	1572	1133	3	20104	1	1	405814	166	0	0	0	1	3	0	0	0	0	1150	0	0	0	0	14	3	1000	0	9	0	2	-300	3000	0	105		//	스킬 피해량 +25% & 약체: 100% 확률로 3초동안 방어력 -30%																														
	1573	1133	3	20104	1	1	405821	167	0	0	0	1	3	0	0	0	0	690	0	0	0	0	100	3	0	0	0	0	0	0	300	0	3		//	스킬 피해량 +15% & 다운 지속시간 +0.3초																														
	1574	1133	3	20104	1	1	405822	167	0	0	0	1	3	0	0	0	0	920	0	0	0	0	100	3	0	0	0	0	0	0	600	0	3		//	스킬 피해량 +20% & 다운 지속시간 +0.6초																														
	1575	1133	3	20104	1	1	405580	166	0	0	0	1	3	0	0	0	0	1150	0	0	0	0	100	3	0	0	0	0	0	0	1000	0	3		//	스킬 피해량 +25% & 다운 지속시간 +1초																														
	2152	1212	1	20104	1	0	405347	167	0	10	0	0	0	0	0	0	0	0	0	0	0	0	0	0	0	0	0	0	0	0	0	0	0		//	스킬 범위 +1미터																														
	2153	1212	1	20104	1	0	405348	167	0	20	0	0	0	0	0	0	0	0	0	0	0	0	0	0	0	0	0	0	0	0	0	0	0		//	스킬 범위 +2미터																														
	2154	1212	1	20104	1	0	405349	166	0	30	0	0	0	0	0	0	0	0	0	0	0	0	0	0	0	0	0	0	0	0	0	0	0		//	스킬 범위 +3미터																														
	2155	1212	1	20104	1	0	405527	167	0	0	1	0	0	0	0	0	0	0	0	0	0	0	0	0	0	0	0	0	0	0	0	0	0		//	적용 개체 수 +1																														
	2156	1212	1	20104	1	0	405528	167	0	0	2	0	0	0	0	0	0	0	0	0	0	0	0	0	0	0	0	0	0	0	0	0	0		//	적용 개체 수 +2																														
	2157	1212	1	20104	1	0	405529	166	0	0	3	0	0	0	0	0	0	0	0	0	0	0	0	0	0	0	0	0	0	0	0	0	0		//	적용 개체 수 +3																														
	2158	1212	2	20104	1	0	405436	167	0	0	0	1	5	0	0	1	2	167	0	0	0	0	0	0	0	0	0	0	0	0	0	0	0		//	스킬 피해량 +3%																														
	2159	1212	2	20104	1	0	405445	167	0	0	0	1	5	0	0	1	2	335	0	0	0	0	0	0	0	0	0	0	0	0	0	0	0		//	스킬 피해량 +6%																														
	2160	1212	2	20104	1	0	405561	166	0	0	0	1	5	0	0	1	2	558	0	0	0	0	0	0	0	0	0	0	0	0	0	0	0		//	스킬 피해량 +10%																														
	2161	1212	2	20104	1	0	202958	167	0	0	0	210	5	0	0	0	101	0	84	0	0	101	0	0	0	0	0	0	0	0	0	0	0		//	상처 추가 피해량 +3%																														
	2162	1212	2	20104	1	0	202959	167	0	0	0	210	5	0	0	0	101	0	167	0	0	101	0	0	0	0	0	0	0	0	0	0	0		//	상처 추가 피해량 +6%																														
	2163	1212	2	20104	1	0	202960	166	0	0	0	210	5	0	0	0	101	0	279	0	0	101	0	0	0	0	0	0	0	0	0	0	0		//	상처 추가 피해량 +10%																														
	2164	1212	3	20104	1	1	202961	167	0	0	0	1	5	0	0	1	2	558	0	0	0	0	210	5	0	0	0	414	0	279	0	0	414		//	스킬 피해량 +10% & 분쇄 추가 피해량 +10%																														
	2165	1212	3	20104	1	1	202962	167	0	0	0	1	5	0	0	1	2	670	0	0	0	0	210	5	0	0	0	414	0	335	0	0	414		//	스킬 피해량 +12% & 분쇄 추가 피해량 +12%																														
	2166	1212	3	20104	1	1	202963	166	0	0	0	1	5	0	0	1	2	837	0	0	0	0	210	5	0	0	0	414	0	419	0	0	414		//	스킬 피해량 +15% & 분쇄 추가 피해량 +15%																														
	2167	1212	3	20104	1	1	202964	167	0	0	0	1	5	0	0	1	2	558	0	0	0	0	210	5	0	0	413	0	0	279	0	0	413		//	스킬 피해량 +10% & 강격 추가 피해량 +10%																														
	2168	1212	3	20104	1	1	202965	167	0	0	0	1	5	0	0	1	2	670	0	0	0	0	210	5	0	0	413	0	0	335	0	0	413		//	스킬 피해량 +12% & 강격 추가 피해량 +12%																														
	2169	1212	3	20104	1	1	202966	166	0	0	0	1	5	0	0	1	2	837	0	0	0	0	210	5	0	0	413	0	0	419	0	0	413		//	스킬 피해량 +15% & 강격 추가 피해량 +15%																														
	2170	1213	1	20104	1	0	405347	167	0	10	0	0	0	0	0	0	0	0	0	0	0	0	0	0	0	0	0	0	0	0	0	0	0		//	스킬 범위 +1미터																														
	2171	1213	1	20104	1	0	405348	167	0	20	0	0	0	0	0	0	0	0	0	0	0	0	0	0	0	0	0	0	0	0	0	0	0		//	스킬 범위 +2미터																														
	2172	1213	1	20104	1	0	405349	166	0	30	0	0	0	0	0	0	0	0	0	0	0	0	0	0	0	0	0	0	0	0	0	0	0		//	스킬 범위 +3미터																														
	2173	1213	1	20104	1	0	405527	167	0	0	1	0	0	0	0	0	0	0	0	0	0	0	0	0	0	0	0	0	0	0	0	0	0		//	적용 개체 수 +1																														
	2174	1213	1	20104	1	0	405528	167	0	0	2	0	0	0	0	0	0	0	0	0	0	0	0	0	0	0	0	0	0	0	0	0	0		//	적용 개체 수 +2																														
	2175	1213	1	20104	1	0	405529	166	0	0	3	0	0	0	0	0	0	0	0	0	0	0	0	0	0	0	0	0	0	0	0	0	0		//	적용 개체 수 +3																														
	2176	1213	2	20104	1	0	405436	167	0	0	0	1	5	0	0	1	2	177	0	0	0	0	0	0	0	0	0	0	0	0	0	0	0		//	스킬 피해량 +3%																														
	2177	1213	2	20104	1	0	405445	167	0	0	0	1	5	0	0	1	2	355	0	0	0	0	0	0	0	0	0	0	0	0	0	0	0		//	스킬 피해량 +6%																														
	2178	1213	2	20104	1	0	405561	166	0	0	0	1	5	0	0	1	2	591	0	0	0	0	0	0	0	0	0	0	0	0	0	0	0		//	스킬 피해량 +10%																														
	2179	1213	2	20104	1	0	202967	167	0	0	0	2	5	0	0	0	0	0	18	0	0	101	0	0	0	0	0	0	0	0	0	0	0		//	상처 피해량 +3%																														
	2180	1213	2	20104	1	0	202968	167	0	0	0	2	5	0	0	0	0	0	35	0	0	101	0	0	0	0	0	0	0	0	0	0	0		//	상처 피해량 +6%																														
	2181	1213	2	20104	1	0	202969	166	0	0	0	2	5	0	0	0	0	0	59	0	0	101	0	0	0	0	0	0	0	0	0	0	0		//	상처 피해량 +10%																														
	2182	1213	3	20104	1	1	202970	167	0	0	0	1	5	0	0	1	2	591	0	0	0	0	101	5	0	0	0	0	0	0	1000	0	414		//	스킬 피해량 +10% & 분쇄 지속시간 +1초																														
	2183	1213	3	20104	1	1	202971	167	0	0	0	1	5	0	0	1	2	709	0	0	0	0	101	5	0	0	0	0	0	0	2000	0	414		//	스킬 피해량 +12% & 분쇄 지속시간 +2초																														
	2184	1213	3	20104	1	1	202972	166	0	0	0	1	5	0	0	1	2	886	0	0	0	0	101	5	0	0	0	0	0	0	3000	0	414		//	스킬 피해량 +15% & 분쇄 지속시간 +3초																														
	2185	1213	3	20104	1	1	202973	167	0	0	0	1	5	0	0	1	2	591	0	0	0	0	210	5	0	0	413	0	0	394	0	0	413		//	스킬 피해량 +10% & 강격 추가 피해량 +10%																														
	2186	1213	3	20104	1	1	202974	167	0	0	0	1	5	0	0	1	2	709	0	0	0	0	210	5	0	0	413	0	0	473	0	0	413		//	스킬 피해량 +12% & 강격 추가 피해량 +12%																														
	2187	1213	3	20104	1	1	202975	166	0	0	0	1	5	0	0	1	2	886	0	0	0	0	210	5	0	0	413	0	0	591	0	0	413		//	스킬 피해량 +15% & 강격 추가 피해량 +15%																														
	2188	1214	1	20104	1	0	405347	167	0	10	0	0	0	0	0	0	0	0	0	0	0	0	0	0	0	0	0	0	0	0	0	0	0		//	스킬 범위 +1미터																														
	2189	1214	1	20104	1	0	405348	167	0	20	0	0	0	0	0	0	0	0	0	0	0	0	0	0	0	0	0	0	0	0	0	0	0		//	스킬 범위 +2미터																														
	2190	1214	1	20104	1	0	405349	166	0	30	0	0	0	0	0	0	0	0	0	0	0	0	0	0	0	0	0	0	0	0	0	0	0		//	스킬 범위 +3미터																														
	2191	1214	1	20104	1	0	405527	167	0	0	1	0	0	0	0	0	0	0	0	0	0	0	0	0	0	0	0	0	0	0	0	0	0		//	적용 개체 수 +1																														
	2192	1214	1	20104	1	0	405528	167	0	0	2	0	0	0	0	0	0	0	0	0	0	0	0	0	0	0	0	0	0	0	0	0	0		//	적용 개체 수 +2																														
	2193	1214	1	20104	1	0	405529	166	0	0	3	0	0	0	0	0	0	0	0	0	0	0	0	0	0	0	0	0	0	0	0	0	0		//	적용 개체 수 +3																														
	2194	1214	2	20104	1	0	405560	167	0	0	0	1	5	0	0	1	2	235	0	0	0	0	0	0	0	0	0	0	0	0	0	0	0		//	스킬 피해량 +5%																														
	2195	1214	2	20104	1	0	405561	167	0	0	0	1	5	0	0	1	2	470	0	0	0	0	0	0	0	0	0	0	0	0	0	0	0		//	스킬 피해량 +10%																														
	2196	1214	2	20104	1	0	405562	166	0	0	0	1	5	0	0	1	2	705	0	0	0	0	0	0	0	0	0	0	0	0	0	0	0		//	스킬 피해량 +15%																														
	2197	1214	2	20104	1	0	205802	167	0	0	0	11	5	1000	0	9	0	2	-300	3000	0	104	0	0	0	0	0	0	0	0	0	0	0		//	무기력 : 100% 확률로 3초동안 공격력 -30%																														
	2198	1214	2	20104	1	0	205803	167	0	0	0	11	5	1000	0	9	0	2	-300	4000	0	104	0	0	0	0	0	0	0	0	0	0	0		//	무기력 : 100% 확률로 4초동안 공격력 -30%																														
	2199	1214	2	20104	1	0	205804	166	0	0	0	11	5	1000	0	9	0	2	-300	5000	0	104	0	0	0	0	0	0	0	0	0	0	0		//	무기력 : 100% 확률로 5초동안 공격력 -30%																														
	2200	1214	3	20104	1	1	202976	167	0	0	0	1	5	0	0	1	2	705	0	0	0	0	2	5	1000	0	9	200	1	200	3000	1000	101		//	스킬 피해량 +15% & 상처 : 100% 확률로 3초동안 피해 200																														
	2201	1214	3	20104	1	1	202977	167	0	0	0	1	5	0	0	1	2	941	0	0	0	0	2	5	1000	0	9	200	1	200	4000	1000	101		//	스킬 피해량 +20% & 상처 : 100% 확률로 4초동안 피해 200																														
	2202	1214	3	20104	1	1	202978	166	0	0	0	1	5	0	0	1	2	1176	0	0	0	0	2	5	1000	0	9	200	1	200	5000	1000	101		//	스킬 피해량 +25% & 상처 : 100% 확률로 5초동안 피해 200																														
	2203	1214	3	20104	1	1	202979	167	0	0	0	1	5	0	0	1	2	705	0	0	0	0	210	5	0	0	413	0	0	282	0	0	413		//	스킬 피해량 +15% & 강격 추가 피해량 +15%																														
	2204	1214	3	20104	1	1	202980	167	0	0	0	1	5	0	0	1	2	941	0	0	0	0	210	5	0	0	413	0	0	376	0	0	413		//	스킬 피해량 +20% & 강격 추가 피해량 +20%																														
	2205	1214	3	20104	1	1	202981	166	0	0	0	1	5	0	0	1	2	1176	0	0	0	0	210	5	0	0	413	0	0	470	0	0	413		//	스킬 피해량 +25% & 강격 추가 피해량 +25%																														
	2206	1215	1	20104	1	0	202982	167	0	0	0	20	7	0	0	0	0	0	0	1000	0	970	0	0	0	0	0	0	0	0	0	0	0		//	질주 지속시간 +1초																														
	2207	1215	1	20104	1	0	202983	167	0	0	0	20	7	0	0	0	0	0	0	2000	0	970	0	0	0	0	0	0	0	0	0	0	0		//	질주 지속시간 +2초																														
	2208	1215	1	20104	1	0	202984	166	0	0	0	20	7	0	0	0	0	0	0	3000	0	970	0	0	0	0	0	0	0	0	0	0	0		//	질주 지속시간 +3초																														
	2209	1215	1	20104	1	0	202985	167	0	0	0	20	7	0	0	0	0	0	50	0	0	970	0	0	0	0	0	0	0	0	0	0	0		//	질주 증가 +5%																														
	2210	1215	1	20104	1	0	202986	167	0	0	0	20	7	0	0	0	0	0	100	0	0	970	0	0	0	0	0	0	0	0	0	0	0		//	질주 증가 +10%																														
	2211	1215	1	20104	1	0	202987	166	0	0	0	20	7	0	0	0	0	0	150	0	0	970	0	0	0	0	0	0	0	0	0	0	0		//	질주 증가 +15%																														
	2212	1215	2	20104	1	0	204680	167	0	0	0	4	7	1000	0	0	0	1	5000	0	0	0	0	0	0	0	0	0	0	0	0	0	0		//	HP 회복 +5000																														
	2213	1215	2	20104	1	0	204681	167	0	0	0	4	7	1000	0	0	0	1	10000	0	0	0	0	0	0	0	0	0	0	0	0	0	0		//	HP 회복 +10000																														
	2214	1215	2	20104	1	0	204682	166	0	0	0	4	7	1000	0	0	0	1	15000	0	0	0	0	0	0	0	0	0	0	0	0	0	0		//	HP 회복 +15000																														
	2215	1215	2	20104	1	0	204683	167	0	0	0	28	7	1000	0	0	0	5	150	5000	0	312	0	0	0	0	0	0	0	0	0	0	0		//	스킬데미지증가 : 5초동안 스킬공격력 +15%																														
	2216	1215	2	20104	1	0	204684	167	0	0	0	28	7	1000	0	0	0	5	150	10000	0	312	0	0	0	0	0	0	0	0	0	0	0		//	스킬데미지증가 : 10초동안 스킬공격력 +15%																														
	2217	1215	2	20104	1	0	204685	166	0	0	0	28	7	1000	0	0	0	5	150	15000	0	312	0	0	0	0	0	0	0	0	0	0	0		//	스킬데미지증가 : 15초동안 스킬공격력 +15%																														
	2218	1215	3	20104	1	0	405533	167	0	0	0	109	7	0	0	0	0	0	0	1000	0	430	0	0	0	0	0	0	0	0	0	0	0		//	무적 지속시간 +1초																														
	2219	1215	3	20104	1	0	405534	167	0	0	0	109	7	0	0	0	0	0	0	2000	0	430	0	0	0	0	0	0	0	0	0	0	0		//	무적 지속시간 +2초																														
	2220	1215	3	20104	1	0	405535	166	0	0	0	109	7	0	0	0	0	0	0	3000	0	430	0	0	0	0	0	0	0	0	0	0	0		//	무적 지속시간 +3초																														
	2221	1215	3	20104	1	0	202988	167	0	0	0	114	7	0	0	0	0	0	0	1000	0	121	0	0	0	0	0	0	0	0	0	0	0		//	피격스턴 지속시간 +1초																														
	2222	1215	3	20104	1	0	202989	167	0	0	0	114	7	0	0	0	0	0	0	2000	0	121	0	0	0	0	0	0	0	0	0	0	0		//	피격스턴 지속시간 +2초																														
	2223	1215	3	20104	1	0	202990	166	0	0	0	114	7	0	0	0	0	0	0	3000	0	121	0	0	0	0	0	0	0	0	0	0	0		//	피격스턴 지속시간 +3초																														
	2224	1229	1	20104	1	0	405347	167	0	10	0	0	0	0	0	0	0	0	0	0	0	0	0	0	0	0	0	0	0	0	0	0	0		//	스킬 범위 +1미터																														
	2225	1229	1	20104	1	0	405348	167	0	20	0	0	0	0	0	0	0	0	0	0	0	0	0	0	0	0	0	0	0	0	0	0	0		//	스킬 범위 +2미터																														
	2226	1229	1	20104	1	0	405349	166	0	30	0	0	0	0	0	0	0	0	0	0	0	0	0	0	0	0	0	0	0	0	0	0	0		//	스킬 범위 +3미터																														
	2227	1229	1	20104	1	0	405527	167	0	0	1	0	0	0	0	0	0	0	0	0	0	0	0	0	0	0	0	0	0	0	0	0	0		//	적용 개체 수 +1																														
	2228	1229	1	20104	1	0	405528	167	0	0	2	0	0	0	0	0	0	0	0	0	0	0	0	0	0	0	0	0	0	0	0	0	0		//	적용 개체 수 +2																														
	2229	1229	1	20104	1	0	405529	166	0	0	3	0	0	0	0	0	0	0	0	0	0	0	0	0	0	0	0	0	0	0	0	0	0		//	적용 개체 수 +3																														
	2230	1229	2	20104	1	0	405436	167	0	0	0	1	3	0	0	9	2	262	0	0	0	0	0	0	0	0	0	0	0	0	0	0	0		//	스킬 피해량 +3%																														
	2231	1229	2	20104	1	0	405445	167	0	0	0	1	3	0	0	9	2	525	0	0	0	0	0	0	0	0	0	0	0	0	0	0	0		//	스킬 피해량 +6%																														
	2232	1229	2	20104	1	0	405561	166	0	0	0	1	3	0	0	9	2	875	0	0	0	0	0	0	0	0	0	0	0	0	0	0	0		//	스킬 피해량 +10%																														
	2233	1229	2	20104	1	0	202967	167	0	0	0	2	3	0	0	9	200	0	26	0	0	101	0	0	0	0	0	0	0	0	0	0	0		//	상처 피해량 +3%																														
	2234	1229	2	20104	1	0	202968	167	0	0	0	2	3	0	0	9	200	0	52	0	0	101	0	0	0	0	0	0	0	0	0	0	0		//	상처 피해량 +6%																														
	2235	1229	2	20104	1	0	202969	166	0	0	0	2	3	0	0	9	200	0	87	0	0	101	0	0	0	0	0	0	0	0	0	0	0		//	상처 피해량 +10%																														
	2236	1229	3	20104	1	1	205831	167	0	0	0	1	3	0	0	9	2	875	0	0	0	0	2	3	0	0	9	200	0	0	1000	0	101		//	스킬 피해량 +10% & 상처 지속시간 +1초																														
	2237	1229	3	20104	1	1	205832	167	0	0	0	1	3	0	0	9	2	1050	0	0	0	0	2	3	0	0	9	200	0	0	2000	0	101		//	스킬 피해량 +12% & 상처 지속시간 +2초																														
	2238	1229	3	20104	1	1	205833	166	0	0	0	1	3	0	0	9	2	1312	0	0	0	0	2	3	0	0	9	200	0	0	3000	0	101		//	스킬 피해량 +15% & 상처 지속시간 +3초																														
	2239	1229	3	20104	1	1	205834	167	0	0	0	1	3	0	0	9	2	875	0	0	0	0	392	3	0	0	0	0	0	0	1000	0	426		//	스킬 피해량 +10% & 성흔 지속시간 +1초																														
	2240	1229	3	20104	1	1	205835	167	0	0	0	1	3	0	0	9	2	1050	0	0	0	0	392	3	0	0	0	0	0	0	2000	0	426		//	스킬 피해량 +12% & 성흔 지속시간 +2초																														
	2241	1229	3	20104	1	1	205836	166	0	0	0	1	3	0	0	9	2	1312	0	0	0	0	392	3	0	0	0	0	0	0	3000	0	426		//	스킬 피해량 +15% & 성흔 지속시간 +3초																														
	2242	1227	1	20104	1	0	405347	167	0	10	0	0	0	0	0	0	0	0	0	0	0	0	0	0	0	0	0	0	0	0	0	0	0		//	스킬 범위 +1미터																														
	2243	1227	1	20104	1	0	405348	167	0	20	0	0	0	0	0	0	0	0	0	0	0	0	0	0	0	0	0	0	0	0	0	0	0		//	스킬 범위 +2미터																														
	2244	1227	1	20104	1	0	405349	166	0	30	0	0	0	0	0	0	0	0	0	0	0	0	0	0	0	0	0	0	0	0	0	0	0		//	스킬 범위 +3미터																														
	2245	1227	1	20104	1	0	405527	167	0	0	1	0	0	0	0	0	0	0	0	0	0	0	0	0	0	0	0	0	0	0	0	0	0		//	적용 개체 수 +1																														
	2246	1227	1	20104	1	0	405528	167	0	0	2	0	0	0	0	0	0	0	0	0	0	0	0	0	0	0	0	0	0	0	0	0	0		//	적용 개체 수 +2																														
	2247	1227	1	20104	1	0	405529	166	0	0	3	0	0	0	0	0	0	0	0	0	0	0	0	0	0	0	0	0	0	0	0	0	0		//	적용 개체 수 +3																														
	2248	1227	2	20104	1	0	405436	167	0	0	0	1	3	0	0	9	2	97	0	0	0	0	0	0	0	0	0	0	0	0	0	0	0		//	스킬 피해량 +3%																														
	2249	1227	2	20104	1	0	405445	167	0	0	0	1	3	0	0	9	2	194	0	0	0	0	0	0	0	0	0	0	0	0	0	0	0		//	스킬 피해량 +6%																														
	2250	1227	2	20104	1	0	405561	166	0	0	0	1	3	0	0	9	2	323	0	0	0	0	0	0	0	0	0	0	0	0	0	0	0		//	스킬 피해량 +10%																														
	2251	1227	2	20104	1	0	202967	167	0	0	0	2	3	0	0	9	200	0	16	0	0	101	0	0	0	0	0	0	0	0	0	0	0		//	상처 피해량 +3%																														
	2252	1227	2	20104	1	0	202968	167	0	0	0	2	3	0	0	9	200	0	32	0	0	101	0	0	0	0	0	0	0	0	0	0	0		//	상처 피해량 +6%																														
	2253	1227	2	20104	1	0	202969	166	0	0	0	2	3	0	0	9	200	0	54	0	0	101	0	0	0	0	0	0	0	0	0	0	0		//	상처 피해량 +10%																														
	2254	1227	3	20104	1	1	205837	167	0	0	0	1	3	0	0	9	2	323	0	0	0	0	389	3	0	0	0	0	0	0	300	0	421		//	스킬 피해량 +10% & 속죄 지속시간 +0.3초																														
	2255	1227	3	20104	1	1	205838	167	0	0	0	1	3	0	0	9	2	388	0	0	0	0	389	3	0	0	0	0	0	0	600	0	421		//	스킬 피해량 +12% & 속죄 지속시간 +0.6초																														
	2256	1227	3	20104	1	1	205839	166	0	0	0	1	3	0	0	9	2	485	0	0	0	0	389	3	0	0	0	0	0	0	1000	0	421		//	스킬 피해량 +15% & 속죄 지속시간 +1초																														
	2257	1227	3	20104	1	1	205840	167	0	0	0	1	3	0	0	9	2	323	0	0	0	0	210	3	0	0	0	426	0	614	0	0	426		//	스킬 피해량 +10% & 성흔 추가 피해량 +10%																														
	2258	1227	3	20104	1	1	205841	167	0	0	0	1	3	0	0	9	2	388	0	0	0	0	210	3	0	0	0	426	0	737	0	0	426		//	스킬 피해량 +12% & 성흔 추가 피해량 +12%																														
	2259	1227	3	20104	1	1	205842	166	0	0	0	1	3	0	0	9	2	485	0	0	0	0	210	3	0	0	0	426	0	921	0	0	426		//	스킬 피해량 +15% & 성흔 추가 피해량 +15%																														
	2260	1231	1	20104	1	0	405347	167	0	10	0	0	0	0	0	0	0	0	0	0	0	0	0	0	0	0	0	0	0	0	0	0	0		//	스킬 범위 +1미터																														
	2261	1231	1	20104	1	0	405348	167	0	20	0	0	0	0	0	0	0	0	0	0	0	0	0	0	0	0	0	0	0	0	0	0	0		//	스킬 범위 +2미터																														
	2262	1231	1	20104	1	0	405349	166	0	30	0	0	0	0	0	0	0	0	0	0	0	0	0	0	0	0	0	0	0	0	0	0	0		//	스킬 범위 +3미터																														
	2263	1231	1	20104	1	0	405527	167	0	0	1	0	0	0	0	0	0	0	0	0	0	0	0	0	0	0	0	0	0	0	0	0	0		//	적용 개체 수 +1																														
	2264	1231	1	20104	1	0	405528	167	0	0	2	0	0	0	0	0	0	0	0	0	0	0	0	0	0	0	0	0	0	0	0	0	0		//	적용 개체 수 +2																														
	2265	1231	1	20104	1	0	405529	166	0	0	3	0	0	0	0	0	0	0	0	0	0	0	0	0	0	0	0	0	0	0	0	0	0		//	적용 개체 수 +3																														
	2266	1231	2	20104	1	0	405560	167	0	0	0	1	3	0	0	9	2	138	0	0	0	0	0	0	0	0	0	0	0	0	0	0	0		//	스킬 피해량 +5%																														
	2267	1231	2	20104	1	0	405561	167	0	0	0	1	3	0	0	9	2	277	0	0	0	0	0	0	0	0	0	0	0	0	0	0	0		//	스킬 피해량 +10%																														
	2268	1231	2	20104	1	0	405562	166	0	0	0	1	3	0	0	9	2	415	0	0	0	0	0	0	0	0	0	0	0	0	0	0	0		//	스킬 피해량 +15%																														
	2269	1231	2	20104	1	0	205843	167	0	0	0	389	3	0	0	0	0	0	0	300	0	421	0	0	0	0	0	0	0	0	0	0	0		//	속죄 지속시간 +0.3초																														
	2270	1231	2	20104	1	0	205844	167	0	0	0	389	3	0	0	0	0	0	0	600	0	421	0	0	0	0	0	0	0	0	0	0	0		//	속죄 지속시간 +0.6초																														
	2271	1231	2	20104	1	0	205845	166	0	0	0	389	3	0	0	0	0	0	0	1000	0	421	0	0	0	0	0	0	0	0	0	0	0		//	속죄 지속시간 +1초																														
	2272	1231	3	20104	1	1	205846	167	0	0	0	1	3	0	0	9	2	415	0	0	0	0	21	3	1000	0	0	0	2	-300	3000	0	109		//	스킬 피해량 +15% & 둔화 : 100% 확률로 3초동안 공격속도 -30%																														
	2273	1231	3	20104	1	1	205847	167	0	0	0	1	3	0	0	9	2	553	0	0	0	0	21	3	1000	0	0	0	2	-300	4000	0	109		//	스킬 피해량 +20% & 둔화 : 100% 확률로 4초동안 공격속도 -30%																														
	2274	1231	3	20104	1	1	205848	166	0	0	0	1	3	0	0	9	2	691	0	0	0	0	21	3	1000	0	0	0	2	-300	5000	0	109		//	스킬 피해량 +25% & 둔화 : 100% 확률로 5초동안 공격속도 -30%																														
	2275	1231	3	20104	1	1	205849	167	0	0	0	1	3	0	0	9	2	415	0	0	0	0	210	3	0	0	0	426	0	871	0	0	426		//	스킬 피해량 +15% & 성흔 추가 피해량 +15%																														
	2276	1231	3	20104	1	1	205850	167	0	0	0	1	3	0	0	9	2	553	0	0	0	0	210	3	0	0	0	426	0	1161	0	0	426		//	스킬 피해량 +20% & 성흔 추가 피해량 +20%																														
	2277	1231	3	20104	1	1	205851	166	0	0	0	1	3	0	0	9	2	691	0	0	0	0	210	3	0	0	0	426	0	1452	0	0	426		//	스킬 피해량 +25% & 성흔 추가 피해량 +25%																														
	2278	1228	1	20104	1	0	405347	167	0	10	0	0	0	0	0	0	0	0	0	0	0	0	0	0	0	0	0	0	0	0	0	0	0		//	스킬 범위 +1미터																														
	2279	1228	1	20104	1	0	405348	167	0	20	0	0	0	0	0	0	0	0	0	0	0	0	0	0	0	0	0	0	0	0	0	0	0		//	스킬 범위 +2미터																														
	2280	1228	1	20104	1	0	405349	166	0	30	0	0	0	0	0	0	0	0	0	0	0	0	0	0	0	0	0	0	0	0	0	0	0		//	스킬 범위 +3미터																														
	2281	1228	1	20104	1	0	405527	167	0	0	1	0	0	0	0	0	0	0	0	0	0	0	0	0	0	0	0	0	0	0	0	0	0		//	적용 개체 수 +1																														
	2282	1228	1	20104	1	0	405528	167	0	0	2	0	0	0	0	0	0	0	0	0	0	0	0	0	0	0	0	0	0	0	0	0	0		//	적용 개체 수 +2																														
	2283	1228	1	20104	1	0	405529	166	0	0	3	0	0	0	0	0	0	0	0	0	0	0	0	0	0	0	0	0	0	0	0	0	0		//	적용 개체 수 +3																														
	2284	1228	2	20104	1	0	405560	167	0	0	0	1	5	0	0	9	2	329	0	0	0	0	0	0	0	0	0	0	0	0	0	0	0		//	스킬 피해량 +5%																														
	2285	1228	2	20104	1	0	405561	167	0	0	0	1	5	0	0	9	2	658	0	0	0	0	0	0	0	0	0	0	0	0	0	0	0		//	스킬 피해량 +10%																														
	2286	1228	2	20104	1	0	405562	166	0	0	0	1	5	0	0	9	2	988	0	0	0	0	0	0	0	0	0	0	0	0	0	0	0		//	스킬 피해량 +15%																														
	2287	1228	2	20104	1	0	205852	167	0	0	0	392	3	0	0	0	0	0	0	1000	0	426	0	0	0	0	0	0	0	0	0	0	0		//	성흔 지속시간 +1초																														
	2288	1228	2	20104	1	0	205853	167	0	0	0	392	3	0	0	0	0	0	0	2000	0	426	0	0	0	0	0	0	0	0	0	0	0		//	성흔 지속시간 +2초																														
	2289	1228	2	20104	1	0	205854	166	0	0	0	392	3	0	0	0	0	0	0	3000	0	426	0	0	0	0	0	0	0	0	0	0	0		//	성흔 지속시간 +3초																														
	2290	1228	3	20104	1	1	205855	167	0	0	0	1	5	0	0	9	2	988	0	0	0	0	4	4	1000	0	0	0	1	300	3000	1000	1513		//	스킬 피해량 +15% & 활기 : 3초동안 주변 아군의 HP 회복 +300																														
	2291	1228	3	20104	1	1	205856	167	0	0	0	1	5	0	0	9	2	1317	0	0	0	0	4	4	1000	0	0	0	1	600	3000	1000	1513		//	스킬 피해량 +20% & 활기 : 3초동안 주변 아군의 HP 회복 +600																														
	2292	1228	3	20104	1	1	205857	166	0	0	0	1	5	0	0	9	2	1646	0	0	0	0	4	4	1000	0	0	0	1	1000	3000	1000	1513		//	스킬 피해량 +25% & 활기 : 3초동안 주변 아군의 HP 회복 +1000																														
	2293	1228	3	20104	1	1	202976	167	0	0	0	1	5	0	0	9	2	988	0	0	0	0	2	3	1000	0	9	200	1	200	3000	1000	101		//	스킬 피해량 +15% & 상처 : 100% 확률로 3초동안 피해 200																														
	2294	1228	3	20104	1	1	202977	167	0	0	0	1	5	0	0	9	2	1317	0	0	0	0	2	3	1000	0	9	200	1	200	4000	1000	101		//	스킬 피해량 +20% & 상처 : 100% 확률로 4초동안 피해 200																														
	2295	1228	3	20104	1	1	202978	166	0	0	0	1	5	0	0	9	2	1646	0	0	0	0	2	3	1000	0	9	200	1	200	5000	1000	101		//	스킬 피해량 +25% & 상처 : 100% 확률로 5초동안 피해 200																														
//	51576	56	1	20105	1	0	404212	167	0	0	0	25	7	0	0	1	0	0	50	0	0	176	0	0	0	0	0	0	0	0	0	0	0		//	크리티컬 확률 +5%																														
//	51577	56	1	20105	1	0	405995	167	0	0	0	25	7	0	0	1	0	0	100	0	0	176	0	0	0	0	0	0	0	0	0	0	0		//	크리티컬 확률 +10%																														
//	51578	56	1	20105	1	0	405996	166	0	0	0	25	7	0	0	1	0	0	150	0	0	176	0	0	0	0	0	0	0	0	0	0	0		//	크리티컬 확률 +15%																														
//	51579	56	1	20105	1	0	405997	167	0	0	0	25	7	0	0	1	0	0	200	0	0	176	0	0	0	0	0	0	0	0	0	0	0		//	크리티컬 확률 +20%																														
//	51580	56	1	20105	1	0	404210	167	0	0	0	25	7	0	0	1	0	0	250	0	0	176	0	0	0	0	0	0	0	0	0	0	0		//	크리티컬 확률 +25%																														
//	51581	56	1	20105	1	0	404211	166	0	0	0	25	7	0	0	1	0	0	300	0	0	176	0	0	0	0	0	0	0	0	0	0	0		//	크리티컬 확률 +30%																														
//	51582	56	2	20105	1	0	404237	167	0	0	0	109	7	0	0	9	0	0	0	300	0	115	0	0	0	0	0	0	0	0	0	0	0		//	흡수 지속시간 +0.3초																														
//	51583	56	2	20105	1	0	404238	167	0	0	0	109	7	0	0	9	0	0	0	600	0	115	0	0	0	0	0	0	0	0	0	0	0		//	흡수 지속시간 +0.6초																														
//	51584	56	2	20105	1	0	404242	167	0	0	0	109	7	0	0	9	0	0	0	1000	0	115	0	0	0	0	0	0	0	0	0	0	0		//	흡수 지속시간 +1초																														
//	51585	56	2	20105	1	0	404239	167	0	0	0	109	7	0	0	9	0	0	0	1300	0	115	0	0	0	0	0	0	0	0	0	0	0		//	흡수 지속시간 +1.3초																														
//	51586	56	2	20105	1	0	404241	166	0	0	0	109	7	0	0	9	0	0	0	1600	0	115	0	0	0	0	0	0	0	0	0	0	0		//	흡수 지속시간 +1.6초																														
//	51587	56	2	20105	1	0	404243	166	0	0	0	109	7	0	0	9	0	0	0	2000	0	115	0	0	0	0	0	0	0	0	0	0	0		//	흡수 지속시간 +2초																														
//	51588	56	3	20105	1	0	404221	167	0	0	0	116	7	1000	0	100	0	0	3000	3000	5	119	0	0	0	0	0	0	0	0	0	0	0		//	피격 프로즌 : 3초동안 10% 피해 반사 (5회 피격 시 삭제)																														
//	51589	56	3	20105	1	0	404219	167	0	0	0	116	7	1000	0	100	0	0	3000	3000	10	119	0	0	0	0	0	0	0	0	0	0	0		//	피격 프로즌 : 3초동안 10% 피해 반사 (10회 피격 시 삭제)																														
//	51590	56	3	20105	1	0	404220	167	0	0	0	116	7	1000	0	100	0	0	3000	3000	15	119	0	0	0	0	0	0	0	0	0	0	0		//	피격 프로즌 : 3초동안 10% 피해 반사 (15회 피격 시 삭제)																														
//	51591	56	3	20105	1	0	404224	167	0	0	0	116	7	1000	0	250	0	0	3000	3000	5	119	0	0	0	0	0	0	0	0	0	0	0		//	피격 프로즌 : 3초동안 25% 피해 반사 (5회 피격 시 삭제)																														
//	51592	56	3	20105	1	0	404222	166	0	0	0	116	7	1000	0	250	0	0	3000	3000	10	119	0	0	0	0	0	0	0	0	0	0	0		//	피격 프로즌 : 3초동안 25% 피해 반사 (10회 피격 시 삭제)																														
//	51593	56	3	20105	1	0	404223	166	0	0	0	116	7	1000	0	250	0	0	3000	3000	15	119	0	0	0	0	0	0	0	0	0	0	0		//	피격 프로즌 : 3초동안 25% 피해 반사 (15회 피격 시 삭제)																														
//	51594	61	1	20105	1	0	405527	167	0	0	1	0	0	0	0	0	0	0	0	0	0	0	0	0	0	0	0	0	0	0	0	0	0		//	적용 개체 수 +1																														
//	51595	61	1	20105	1	0	405528	167	0	0	2	0	0	0	0	0	0	0	0	0	0	0	0	0	0	0	0	0	0	0	0	0	0		//	적용 개체 수 +2																														
//	51596	61	1	20105	1	0	405529	167	0	0	3	0	0	0	0	0	0	0	0	0	0	0	0	0	0	0	0	0	0	0	0	0	0		//	적용 개체 수 +3																														
//	51597	61	1	20105	1	0	405501	167	10	0	0	0	0	0	0	0	0	0	0	0	0	0	0	0	0	0	0	0	0	0	0	0	0		//	사거리 +1미터																														
//	51598	61	1	20105	1	0	405503	166	20	0	0	0	0	0	0	0	0	0	0	0	0	0	0	0	0	0	0	0	0	0	0	0	0		//	사거리 +2미터																														
//	51599	61	1	20105	1	0	405505	166	30	0	0	0	0	0	0	0	0	0	0	0	0	0	0	0	0	0	0	0	0	0	0	0	0		//	사거리 +3미터																														
//	51600	61	2	20105	1	0	405436	167	0	0	0	1	3	0	0	9	2	142	0	0	0	0	0	0	0	0	0	0	0	0	0	0	0		//	스킬 피해량 +3%																														
//	51601	61	2	20105	1	0	405445	167	0	0	0	1	3	0	0	9	2	285	0	0	0	0	0	0	0	0	0	0	0	0	0	0	0		//	스킬 피해량 +6%																														
//	51602	61	2	20105	1	0	405561	166	0	0	0	1	3	0	0	9	2	475	0	0	0	0	0	0	0	0	0	0	0	0	0	0	0		//	스킬 피해량 +10%																														
//	51603	61	2	20105	1	0	405272	167	0	0	0	100	3	0	0	0	0	0	0	100	0	3	0	0	0	0	0	0	0	0	0	0	0		//	다운 지속시간 +0.1초																														
//	51604	61	2	20105	1	0	405551	167	0	0	0	100	3	0	0	0	0	0	0	300	0	3	0	0	0	0	0	0	0	0	0	0	0		//	다운 지속시간 +0.3초																														
//	51605	61	2	20105	1	0	405273	166	0	0	0	100	3	0	0	0	0	0	0	500	0	3	0	0	0	0	0	0	0	0	0	0	0		//	다운 지속시간 +0.5초																														
//	51606	61	3	20105	1	1	405370	167	0	0	0	1	3	0	0	9	2	475	0	0	0	0	14	3	1000	0	9	0	2	-100	3000	0	105		//	스킬 피해량 +10% & 약체 : 100% 확률로 3초동안 방어력 -10%																														
//	51607	61	3	20105	1	1	405398	167	0	0	0	1	3	0	0	9	2	569	0	0	0	0	14	3	1000	0	9	0	2	-100	4000	0	105		//	스킬 피해량 +12% & 약체 : 100% 확률로 4초동안 방어력 -10%																														
//	51608	61	3	20105	1	1	405424	166	0	0	0	1	3	0	0	9	2	712	0	0	0	0	14	3	1000	0	9	0	2	-100	5000	0	105		//	스킬 피해량 +15% & 약체 : 100% 확률로 5초동안 방어력 -10%																														
//	51609	61	3	20105	1	1	405363	167	0	0	0	1	3	0	0	9	2	475	0	0	0	0	11	3	1000	0	9	0	2	-100	3000	0	104		//	스킬 피해량 +10% & 무기력 : 100% 확률로 3초동안 공격력 -10%																														
//	51610	61	3	20105	1	1	405390	167	0	0	0	1	3	0	0	9	2	569	0	0	0	0	11	3	1000	0	9	0	2	-100	4000	0	104		//	스킬 피해량 +12% & 무기력 : 100% 확률로 4초동안 공격력 -10%																														
//	51611	61	3	20105	1	1	405416	166	0	0	0	1	3	0	0	9	2	712	0	0	0	0	11	3	1000	0	9	0	2	-100	5000	0	104		//	스킬 피해량 +15% & 무기력 : 100% 확률로 5초동안 공격력 -10%																														
//	51000	64	1	20105	1	0	405509	167	0	0	0	3	7	0	0	0	0	0	0	1000	0	1305	0	0	0	0	0	0	0	0	0	0	0		//	격려 지속시간 +1초																														
//	51001	64	1	20105	1	0	405510	167	0	0	0	3	7	0	0	0	0	0	0	2000	0	1305	0	0	0	0	0	0	0	0	0	0	0		//	격려 지속시간 +2초																														
//	51002	64	1	20105	1	0	405511	166	0	0	0	3	7	0	0	0	0	0	0	3000	0	1305	0	0	0	0	0	0	0	0	0	0	0		//	격려 지속시간 +3초																														
//	51003	64	1	20105	1	0	405512	167	0	0	0	3	7	0	0	0	0	0	50	0	0	1305	0	0	0	0	0	0	0	0	0	0	0		//	격려 증가 +5%																														
//	51004	64	1	20105	1	0	405513	167	0	0	0	3	7	0	0	0	0	0	100	0	0	1305	0	0	0	0	0	0	0	0	0	0	0		//	격려 증가 +10%																														
//	51005	64	1	20105	1	0	405514	166	0	0	0	3	7	0	0	0	0	0	150	0	0	1305	0	0	0	0	0	0	0	0	0	0	0		//	격려 증가 +15%																														
//	51006	64	2	20105	1	0	405515	167	0	0	0	28	7	0	0	0	0	0	0	1000	0	312	0	0	0	0	0	0	0	0	0	0	0		//	스킬 데미지 증가 지속시간 +1초																														
//	51007	64	2	20105	1	0	405516	167	0	0	0	28	7	0	0	0	0	0	0	2000	0	312	0	0	0	0	0	0	0	0	0	0	0		//	스킬 데미지 증가 지속시간 +2초																														
//	51008	64	2	20105	1	0	405517	166	0	0	0	28	7	0	0	0	0	0	0	3000	0	312	0	0	0	0	0	0	0	0	0	0	0		//	스킬 데미지 증가 지속시간 +3초																														
//	51009	64	2	20105	1	0	405518	167	0	0	0	28	7	0	0	0	0	0	50	0	0	312	0	0	0	0	0	0	0	0	0	0	0		//	스킬 데미지 증가 +5%																														
//	51010	64	2	20105	1	0	405519	167	0	0	0	28	7	0	0	0	0	0	100	0	0	312	0	0	0	0	0	0	0	0	0	0	0		//	스킬 데미지 증가 +10%																														
//	51011	64	2	20105	1	0	405520	166	0	0	0	28	7	0	0	0	0	0	150	0	0	312	0	0	0	0	0	0	0	0	0	0	0		//	스킬 데미지 증가 +15%																														
//	51012	64	3	20105	1	0	405521	167	0	0	0	116	7	1000	0	100	0	0	3000	3000	10	119	0	0	0	0	0	0	0	0	0	0	0		//	피격 프로즌 : 3초동안 10% 피해 반사 (10회 피격 시 삭제)																														
//	51013	64	3	20105	1	0	405522	167	0	0	0	116	7	1000	0	200	0	0	3000	3000	10	119	0	0	0	0	0	0	0	0	0	0	0		//	피격 프로즌 : 3초동안 20% 피해 반사 (10회 피격 시 삭제)																														
//	51014	64	3	20105	1	0	405523	167	0	0	0	116	7	1000	0	300	0	0	3000	3000	10	119	0	0	0	0	0	0	0	0	0	0	0		//	피격 프로즌 : 3초동안 30% 피해 반사 (10회 피격 시 삭제)																														
//	51015	64	3	20105	1	0	405524	167	0	0	0	116	7	1000	0	100	0	0	3000	4000	10	119	0	0	0	0	0	0	0	0	0	0	0		//	피격 프로즌 : 4초동안 10% 피해 반사 (10회 피격 시 삭제)																														
//	51016	64	3	20105	1	0	405525	166	0	0	0	116	7	1000	0	200	0	0	3000	4000	10	119	0	0	0	0	0	0	0	0	0	0	0		//	피격 프로즌 : 4초동안 20% 피해 반사 (10회 피격 시 삭제)																														
//	51017	64	3	20105	1	0	405526	166	0	0	0	116	7	1000	0	300	0	0	3000	4000	10	119	0	0	0	0	0	0	0	0	0	0	0		//	피격 프로즌 : 4초동안 30% 피해 반사 (10회 피격 시 삭제)																														
//	51018	65	1	20105	1	0	405527	167	0	0	1	0	0	0	0	0	0	0	0	0	0	0	0	0	0	0	0	0	0	0	0	0	0		//	적용 개체수 +1																														
//	51019	65	1	20105	1	0	405528	167	0	0	2	0	0	0	0	0	0	0	0	0	0	0	0	0	0	0	0	0	0	0	0	0	0		//	적용 개체수 +2																														
//	51020	65	1	20105	1	0	405529	167	0	0	3	0	0	0	0	0	0	0	0	0	0	0	0	0	0	0	0	0	0	0	0	0	0		//	적용 개체수 +3																														
//	51021	65	1	20105	1	0	405530	167	0	0	4	0	0	0	0	0	0	0	0	0	0	0	0	0	0	0	0	0	0	0	0	0	0		//	적용 개체수 +4																														
//	51022	65	1	20105	1	0	405531	166	0	0	5	0	0	0	0	0	0	0	0	0	0	0	0	0	0	0	0	0	0	0	0	0	0		//	적용 개체수 +5																														
//	51023	65	1	20105	1	0	405532	166	0	0	6	0	0	0	0	0	0	0	0	0	0	0	0	0	0	0	0	0	0	0	0	0	0		//	적용 개체수 +6																														
//	51024	65	2	20105	1	0	405533	167	0	0	0	109	7	0	0	0	0	0	0	1000	0	1301	0	0	0	0	0	0	0	0	0	0	0		//	무적 지속시간 +1초																														
//	51025	65	2	20105	1	0	405534	167	0	0	0	109	7	0	0	0	0	0	0	2000	0	1301	0	0	0	0	0	0	0	0	0	0	0		//	무적 지속시간 +2초																														
//	51026	65	2	20105	1	0	405535	166	0	0	0	109	7	0	0	0	0	0	0	3000	0	1301	0	0	0	0	0	0	0	0	0	0	0		//	무적 지속시간 +3초																														
//	51027	65	2	20105	1	0	405536	167	0	0	0	101	7	0	0	0	0	0	0	1000	0	202	0	0	0	0	0	0	0	0	0	0	0		//	보호 지속시간 +1초																														
//	51028	65	2	20105	1	0	405537	167	0	0	0	101	7	0	0	0	0	0	0	2000	0	202	0	0	0	0	0	0	0	0	0	0	0		//	보호 지속시간 +2초																														
//	51029	65	2	20105	1	0	405538	166	0	0	0	101	7	0	0	0	0	0	0	3000	0	202	0	0	0	0	0	0	0	0	0	0	0		//	보호 지속시간 +3초																														
//	51030	65	3	20105	1	1	405539	167	0	0	0	20	5	1000	0	0	0	2	-200	3000	0	108	21	5	1000	0	0	0	2	-200	3000	0	109		//	족쇄 : 100% 확률로 3초동안 이동속도 -20% & 둔화 : 100% 확률로 3초동안 공격속도 -20%																														
//	51031	65	3	20105	1	1	405540	167	0	0	0	20	5	1000	0	0	0	2	-300	3000	0	108	21	5	1000	0	0	0	2	-300	3000	0	109		//	족쇄 : 100% 확률로 3초동안 이동속도 -30% & 둔화 : 100% 확률로 3초동안 공격속도 -30%																														
//	51032	65	3	20105	1	1	405541	166	0	0	0	20	5	1000	0	0	0	2	-400	3000	0	108	21	5	1000	0	0	0	2	-400	3000	0	109		//	족쇄 : 100% 확률로 3초동안 이동속도 -40% & 둔화 : 100% 확률로 3초동안 공격속도 -40%																														
//	51033	65	3	20105	1	1	405542	167	0	0	0	20	5	1000	0	0	0	2	-200	5000	0	108	21	5	1000	0	0	0	2	-200	5000	0	109		//	족쇄 : 100% 확률로 5초동안 이동속도 -20% & 둔화 : 100% 확률로 5초동안 공격속도 -20%																														
//	51034	65	3	20105	1	1	405543	167	0	0	0	20	5	1000	0	0	0	2	-300	5000	0	108	21	5	1000	0	0	0	2	-300	5000	0	109		//	족쇄 : 100% 확률로 5초동안 이동속도 -30% & 둔화 : 100% 확률로 5초동안 공격속도 -30%																														
//	51035	65	3	20105	1	1	405544	166	0	0	0	20	5	1000	0	0	0	2	-400	5000	0	108	21	5	1000	0	0	0	2	-400	5000	0	109		//	족쇄 : 100% 확률로 5초동안 이동속도 -40% & 둔화 : 100% 확률로 5초동안 공격속도 -40%																														
//	51612	105	1	20105	1	0	405527	167	0	0	1	0	0	0	0	0	0	0	0	0	0	0	0	0	0	0	0	0	0	0	0	0	0		//	적용 개체 수 +1																														
//	51613	105	1	20105	1	0	405528	167	0	0	2	0	0	0	0	0	0	0	0	0	0	0	0	0	0	0	0	0	0	0	0	0	0		//	적용 개체 수 +2																														
//	51614	105	1	20105	1	0	405529	167	0	0	3	0	0	0	0	0	0	0	0	0	0	0	0	0	0	0	0	0	0	0	0	0	0		//	적용 개체 수 +3																														
//	51615	105	1	20105	1	0	405530	167	0	0	4	0	0	0	0	0	0	0	0	0	0	0	0	0	0	0	0	0	0	0	0	0	0		//	적용 개체 수 +4																														
//	51616	105	1	20105	1	0	405531	166	0	0	5	0	0	0	0	0	0	0	0	0	0	0	0	0	0	0	0	0	0	0	0	0	0		//	적용 개체 수 +5																														
//	51617	105	1	20105	1	0	405532	166	0	0	6	0	0	0	0	0	0	0	0	0	0	0	0	0	0	0	0	0	0	0	0	0	0		//	적용 개체 수 +6																														
//	51618	105	2	20105	1	0	405436	167	0	0	0	1	3	0	0	1	2	123	0	0	0	0	0	0	0	0	0	0	0	0	0	0	0		//	스킬 피해량 +3%																														
//	51619	105	2	20105	1	0	405445	167	0	0	0	1	3	0	0	1	2	245	0	0	0	0	0	0	0	0	0	0	0	0	0	0	0		//	스킬 피해량 +6%																														
//	51620	105	2	20105	1	0	405561	166	0	0	0	1	3	0	0	1	2	409	0	0	0	0	0	0	0	0	0	0	0	0	0	0	0		//	스킬 피해량 +10%																														
//	51621	105	2	20105	1	0	405993	167	0	0	0	208	3	0	0	0	1	61	0	0	0	0	0	0	0	0	0	0	0	0	0	0	0		//	추가 피해량 +3%																														
//	51622	105	2	20105	1	0	405994	167	0	0	0	208	3	0	0	0	1	123	0	0	0	0	0	0	0	0	0	0	0	0	0	0	0		//	추가 피해량 +6%																														
//	51623	105	2	20105	1	0	405576	166	0	0	0	208	3	0	0	0	1	204	0	0	0	0	0	0	0	0	0	0	0	0	0	0	0		//	추가 피해량 +10%																														
//	51624	105	3	20105	1	1	405374	167	0	0	0	1	3	0	0	1	2	409	0	0	0	0	19	3	0	0	0	0	0	0	1000	0	107		//	스킬 피해량 +10% & 좌절 지속시간 +1초																														
//	51625	105	3	20105	1	1	405404	167	0	0	0	1	3	0	0	1	2	491	0	0	0	0	19	3	0	0	0	0	0	0	2000	0	107		//	스킬 피해량 +12% & 좌절 지속시간 +2초																														
//	51626	105	3	20105	1	1	405430	166	0	0	0	1	3	0	0	1	2	613	0	0	0	0	19	3	0	0	0	0	0	0	3000	0	107		//	스킬 피해량 +15% & 좌절 지속시간 +3초																														
//	51627	105	3	20105	1	1	405841	167	0	0	0	208	3	0	0	0	1	204	0	0	0	0	19	3	0	0	0	0	0	-30	0	0	107		//	추가 피해량 +10% & 좌절 감소량 -3%																														
//	51628	105	3	20105	1	1	405847	167	0	0	0	208	3	0	0	0	1	245	0	0	0	0	19	3	0	0	0	0	0	-60	0	0	107		//	추가 피해량 +12% & 좌절 감소량 -6%																														
//	51629	105	3	20105	1	1	405991	166	0	0	0	208	3	0	0	0	1	307	0	0	0	0	19	3	0	0	0	0	0	-90	0	0	107		//	추가 피해량 +15% & 좌절 감소량 -9%																														
//	51630	103	1	20105	1	0	405835	167	0	0	0	25	7	0	0	1	0	0	0	1000	0	1508	0	0	0	0	0	0	0	0	0	0	0		//	집중 지속시간 +1초																														
//	51631	103	1	20105	1	0	405834	167	0	0	0	25	7	0	0	1	0	0	0	1500	0	1508	0	0	0	0	0	0	0	0	0	0	0		//	집중 지속시간 +1.5초																														
//	51632	103	1	20105	1	0	405836	166	0	0	0	25	7	0	0	1	0	0	0	2000	0	1508	0	0	0	0	0	0	0	0	0	0	0		//	집중 지속시간 +2초																														
//	51633	103	1	20105	1	0	405451	167	0	0	0	28	7	0	0	0	0	0	0	1000	0	312	0	0	0	0	0	0	0	0	0	0	0		//	스킬데미지증가 지속시간 +1초																														
//	51634	103	1	20105	1	0	405450	167	0	0	0	28	7	0	0	0	0	0	0	1500	0	312	0	0	0	0	0	0	0	0	0	0	0		//	스킬데미지증가 지속시간 +1.5초																														
//	51635	103	1	20105	1	0	405452	166	0	0	0	28	7	0	0	0	0	0	0	2000	0	312	0	0	0	0	0	0	0	0	0	0	0		//	스킬데미지증가 지속시간 +2초																														
//	51636	103	2	20105	1	0	405536	167	0	0	0	101	7	0	0	0	0	0	0	1000	0	202	0	0	0	0	0	0	0	0	0	0	0		//	보호 지속시간 +1초																														
//	51637	103	2	20105	1	0	405337	167	0	0	0	101	7	0	0	0	0	0	0	1500	0	202	0	0	0	0	0	0	0	0	0	0	0		//	보호 지속시간 +1.5초																														
//	51638	103	2	20105	1	0	405537	166	0	0	0	101	7	0	0	0	0	0	0	2000	0	202	0	0	0	0	0	0	0	0	0	0	0		//	보호 지속시간 +2초																														
//	51639	103	2	20105	1	0	404242	167	0	0	0	109	7	0	0	9	0	0	0	1000	0	115	0	0	0	0	0	0	0	0	0	0	0		//	흡수 지속시간 +1초																														
//	51640	103	2	20105	1	0	404240	167	0	0	0	109	7	0	0	9	0	0	0	1500	0	115	0	0	0	0	0	0	0	0	0	0	0		//	흡수 지속시간 +1.5초																														
//	51641	103	2	20105	1	0	404243	166	0	0	0	109	7	0	0	9	0	0	0	2000	0	115	0	0	0	0	0	0	0	0	0	0	0		//	흡수 지속시간 +2초																														
//	51642	103	3	20105	1	1	405346	167	0	0	0	28	7	0	0	0	0	0	50	0	0	312	109	7	0	0	9	0	0	10	0	0	115		//	스킬 데미지 증가 +5% & 흡수 : 피해 전환량 +1%																														
//	51643	103	3	20105	1	1	405344	167	0	0	0	28	7	0	0	0	0	0	100	0	0	312	109	7	0	0	9	0	0	30	0	0	115		//	스킬 데미지 증가 +10% & 흡수 : 피해 전환량 +3%																														
//	51644	103	3	20105	1	1	405345	166	0	0	0	28	7	0	0	0	0	0	150	0	0	312	109	7	0	0	9	0	0	50	0	0	115		//	스킬 데미지 증가 +15% & 흡수 : 피해 전환량 +5%																														
//	51645	103	3	20105	1	1	405268	167	0	0	0	11	7	1000	0	9	0	2	50	5000	0	200	109	7	0	0	9	0	0	10	0	0	115		//	기본 공격력 증가 +5% & 흡수 : 피해 전환량 +1%																														
//	51646	103	3	20105	1	1	405266	167	0	0	0	11	7	1000	0	9	0	2	100	5000	0	200	109	7	0	0	9	0	0	30	0	0	115		//	기본 공격력 증가 +10% & 흡수 : 피해 전환량 +3%																														
//	51647	103	3	20105	1	1	405267	166	0	0	0	11	7	1000	0	9	0	2	150	5000	0	200	109	7	0	0	9	0	0	50	0	0	115		//	기본 공격력 증가 +15% & 흡수 : 피해 전환량 +5%																														
//	51036	117	1	20105	1	0	405527	167	0	0	1	0	0	0	0	0	0	0	0	0	0	0	0	0	0	0	0	0	0	0	0	0	0		//	적용 개체수 +1																														
//	51037	117	1	20105	1	0	405528	167	0	0	2	0	0	0	0	0	0	0	0	0	0	0	0	0	0	0	0	0	0	0	0	0	0		//	적용 개체수 +2																														
//	51038	117	1	20105	1	0	405529	167	0	0	3	0	0	0	0	0	0	0	0	0	0	0	0	0	0	0	0	0	0	0	0	0	0		//	적용 개체수 +3																														
//	51039	117	1	20105	1	0	405530	167	0	0	4	0	0	0	0	0	0	0	0	0	0	0	0	0	0	0	0	0	0	0	0	0	0		//	적용 개체수 +4																														
//	51040	117	1	20105	1	0	405531	166	0	0	5	0	0	0	0	0	0	0	0	0	0	0	0	0	0	0	0	0	0	0	0	0	0		//	적용 개체수 +5																														
//	51041	117	1	20105	1	0	405532	166	0	0	6	0	0	0	0	0	0	0	0	0	0	0	0	0	0	0	0	0	0	0	0	0	0		//	적용 개체수 +6																														
//	51042	117	2	20105	1	0	405545	167	0	0	0	2	5	0	0	9	0	0	0	1000	0	101	0	0	0	0	0	0	0	0	0	0	0		//	상처 지속시간 +1초																														
//	51043	117	2	20105	1	0	405546	167	0	0	0	2	5	0	0	9	0	0	0	2000	0	101	0	0	0	0	0	0	0	0	0	0	0		//	상처 지속시간 +2초																														
//	51044	117	2	20105	1	0	405547	166	0	0	0	2	5	0	0	9	0	0	0	3000	0	101	0	0	0	0	0	0	0	0	0	0	0		//	상처 지속시간 +3초																														
//	51045	117	2	20105	1	0	405548	167	0	0	0	2	5	0	0	9	200	0	47	0	0	101	0	0	0	0	0	0	0	0	0	0	0		//	상처 피해량 +5%																														
//	51046	117	2	20105	1	0	405549	167	0	0	0	2	5	0	0	9	200	0	93	0	0	101	0	0	0	0	0	0	0	0	0	0	0		//	상처 피해량 +10%																														
//	51047	117	2	20105	1	0	405550	166	0	0	0	2	5	0	0	9	200	0	140	0	0	101	0	0	0	0	0	0	0	0	0	0	0		//	상처 피해량 +15%																														
//	51048	117	3	20105	1	0	405551	167	0	0	0	100	5	0	0	0	0	0	0	300	0	3	0	0	0	0	0	0	0	0	0	0	0		//	다운 지속시간 +0.3초																														
//	51049	117	3	20105	1	0	405552	167	0	0	0	100	5	0	0	0	0	0	0	600	0	3	0	0	0	0	0	0	0	0	0	0	0		//	다운 지속시간 +0.6초																														
//	51050	117	3	20105	1	0	405553	166	0	0	0	100	5	0	0	0	0	0	0	1000	0	3	0	0	0	0	0	0	0	0	0	0	0		//	다운 지속시간 +1초																														
//	51051	117	3	20105	1	0	405554	167	0	0	0	1	5	1000	0	9	0	1500	0	0	0	0	0	0	0	0	0	0	0	0	0	0	0		//	스킬 피해량 +1500																														
//	51052	117	3	20105	1	0	405555	167	0	0	0	1	5	1000	0	9	0	2000	0	0	0	0	0	0	0	0	0	0	0	0	0	0	0		//	스킬 피해량 +2000																														
//	51053	117	3	20105	1	0	405556	166	0	0	0	1	5	1000	0	9	0	3000	0	0	0	0	0	0	0	0	0	0	0	0	0	0	0		//	스킬 피해량 +3000																														
//	51054	116	1	20105	1	0	405527	167	0	0	1	0	0	0	0	0	0	0	0	0	0	0	0	0	0	0	0	0	0	0	0	0	0		//	적용 개체수 +1																														
//	51055	116	1	20105	1	0	405528	167	0	0	2	0	0	0	0	0	0	0	0	0	0	0	0	0	0	0	0	0	0	0	0	0	0		//	적용 개체수 +2																														
//	51056	116	1	20105	1	0	405529	166	0	0	3	0	0	0	0	0	0	0	0	0	0	0	0	0	0	0	0	0	0	0	0	0	0		//	적용 개체수 +3																														
//	51057	116	1	20105	1	0	405557	167	0	0	0	20	5	0	0	0	0	0	-50	0	0	108	0	0	0	0	0	0	0	0	0	0	0		//	족쇄 감소량 -5%																														
//	51058	116	1	20105	1	0	405558	167	0	0	0	20	5	0	0	0	0	0	-100	0	0	108	0	0	0	0	0	0	0	0	0	0	0		//	족쇄 감소량 -10%																														
//	51059	116	1	20105	1	0	405559	166	0	0	0	20	5	0	0	0	0	0	-150	0	0	108	0	0	0	0	0	0	0	0	0	0	0		//	족쇄 감소량 -15%																														
//	51060	116	2	20105	1	0	405560	167	0	0	0	1	5	0	0	9	0	304	0	0	0	0	0	0	0	0	0	0	0	0	0	0	0		//	스킬 피해량 +5%																														
//	51061	116	2	20105	1	0	405561	167	0	0	0	1	5	0	0	9	0	607	0	0	0	0	0	0	0	0	0	0	0	0	0	0	0		//	스킬 피해량 +10%																														
//	51062	116	2	20105	1	0	405562	166	0	0	0	1	5	0	0	9	0	911	0	0	0	0	0	0	0	0	0	0	0	0	0	0	0		//	스킬 피해량 +15%																														
//	51063	116	2	20105	1	0	405563	167	0	0	0	20	5	0	0	0	0	0	0	1000	0	108	0	0	0	0	0	0	0	0	0	0	0		//	족쇄 지속시간 +1초																														
//	51064	116	2	20105	1	0	405564	167	0	0	0	20	5	0	0	0	0	0	0	2000	0	108	0	0	0	0	0	0	0	0	0	0	0		//	족쇄 지속시간 +2초																														
//	51065	116	2	20105	1	0	405565	166	0	0	0	20	5	0	0	0	0	0	0	3000	0	108	0	0	0	0	0	0	0	0	0	0	0		//	족쇄 지속시간 +3초																														
//	51066	116	3	20105	1	0	405566	167	0	0	0	101	5	150	0	0	0	0	0	300	0	303	0	0	0	0	0	0	0	0	0	0	0		//	피어 확률 +15% & 피어 지속시간 +0.3초																														
//	51067	116	3	20105	1	0	405567	167	0	0	0	101	5	150	0	0	0	0	0	600	0	303	0	0	0	0	0	0	0	0	0	0	0		//	피어 확률 +15% & 피어 지속시간 +0.6초																														
//	51068	116	3	20105	1	0	405568	166	0	0	0	101	5	150	0	0	0	0	0	1000	0	303	0	0	0	0	0	0	0	0	0	0	0		//	피어 확률 +15% & 피어 지속시간 +1초																														
//	51069	116	3	20105	1	1	405569	167	0	0	0	1	5	0	0	9	0	911	0	0	0	0	101	5	150	0	0	0	0	0	300	0	303		//	스킬 피해량 +15% & 피어 확률 +15% & 피어 지속시간 +0.3초																														
//	51070	116	3	20105	1	1	405570	167	0	0	0	1	5	0	0	9	0	1214	0	0	0	0	101	5	150	0	0	0	0	0	600	0	303		//	스킬 피해량 +20% & 피어 확률 +15% & 피어 지속시간 +0.6초																														
//	51071	116	3	20105	1	1	405571	166	0	0	0	1	5	0	0	9	0	1518	0	0	0	0	101	5	150	0	0	0	0	0	1000	0	303		//	스킬 피해량 +25% & 피어 확률 +15% & 피어 지속시간 +1초																														
//	51648	314	1	20105	1	0	405527	167	0	0	1	0	0	0	0	0	0	0	0	0	0	0	0	0	0	0	0	0	0	0	0	0	0		//	적용 개체 수 +1																														
//	51649	314	1	20105	1	0	405528	167	0	0	2	0	0	0	0	0	0	0	0	0	0	0	0	0	0	0	0	0	0	0	0	0	0		//	적용 개체 수 +2																														
//	51650	314	1	20105	1	0	405529	166	0	0	3	0	0	0	0	0	0	0	0	0	0	0	0	0	0	0	0	0	0	0	0	0	0		//	적용 개체 수 +3																														
//	51651	314	1	20105	1	0	405501	167	10	0	0	0	0	0	0	0	0	0	0	0	0	0	0	0	0	0	0	0	0	0	0	0	0		//	사거리 +1미터																														
//	51652	314	1	20105	1	0	405503	167	20	0	0	0	0	0	0	0	0	0	0	0	0	0	0	0	0	0	0	0	0	0	0	0	0		//	사거리 +2미터																														
//	51653	314	1	20105	1	0	405505	166	30	0	0	0	0	0	0	0	0	0	0	0	0	0	0	0	0	0	0	0	0	0	0	0	0		//	사거리 +3미터																														
//	51654	314	2	20105	1	0	405436	167	0	0	0	1	3	0	0	9	1	129	0	0	0	0	0	0	0	0	0	0	0	0	0	0	0		//	스킬 피해량 +3%																														
//	51655	314	2	20105	1	0	405445	167	0	0	0	1	3	0	0	9	1	259	0	0	0	0	0	0	0	0	0	0	0	0	0	0	0		//	스킬 피해량 +6%																														
//	51656	314	2	20105	1	0	405561	166	0	0	0	1	3	0	0	9	1	431	0	0	0	0	0	0	0	0	0	0	0	0	0	0	0		//	스킬 피해량 +10%																														
//	51657	314	2	20105	1	0	405317	167	0	0	0	21	3	500	0	0	0	2	-100	3000	0	109	0	0	0	0	0	0	0	0	0	0	0		//	무기력 : 50% 확률로 3초동안 공격력 -10%																														
//	51658	314	2	20105	1	0	405318	167	0	0	0	21	3	700	0	0	0	2	-100	3000	0	109	0	0	0	0	0	0	0	0	0	0	0		//	무기력 : 70% 확률로 3초동안 공격력 -10%																														
//	51659	314	2	20105	1	0	405316	166	0	0	0	21	3	1000	0	0	0	2	-100	3000	0	109	0	0	0	0	0	0	0	0	0	0	0		//	무기력 : 100% 확률로 3초동안 공격력 -10%																														
//	51660	314	3	20105	1	1	405371	167	0	0	0	1	3	0	0	9	1	431	0	0	0	0	14	3	0	0	9	0	0	0	1000	0	105		//	스킬 피해량 +10% & 약체 지속시간 +1초																														
//	51661	314	3	20105	1	1	405399	167	0	0	0	1	3	0	0	9	1	517	0	0	0	0	14	3	0	0	9	0	0	0	1500	0	105		//	스킬 피해량 +12% & 약체 지속시간 +1.5초																														
//	51662	314	3	20105	1	1	405425	166	0	0	0	1	3	0	0	9	1	647	0	0	0	0	14	3	0	0	9	0	0	0	2000	0	105		//	스킬 피해량 +15% & 약체 지속시간 +2초																														
//	51663	314	3	20105	1	1	405840	167	0	0	0	333	3	0	0	0	0	302	0	0	0	0	14	3	0	0	9	0	0	-30	0	0	105		//	추가 피해량 +10% & 약체 방어력 감소 -3%																														
//	51664	314	3	20105	1	1	405846	167	0	0	0	333	3	0	0	0	0	362	0	0	0	0	14	3	0	0	9	0	0	-60	0	0	105		//	추가 피해량 +12% & 약체 방어력 감소 -6%																														
//	51665	314	3	20105	1	1	405990	166	0	0	0	333	3	0	0	0	0	453	0	0	0	0	14	3	0	0	9	0	0	-100	0	0	105		//	추가 피해량 +15% & 약체 방어력 감소 -10%																														
//	51666	266	1	20105	1	0	405501	167	10	0	0	0	0	0	0	0	0	0	0	0	0	0	0	0	0	0	0	0	0	0	0	0	0		//	사거리 +1미터																														
//	51667	266	1	20105	1	0	405503	167	20	0	0	0	0	0	0	0	0	0	0	0	0	0	0	0	0	0	0	0	0	0	0	0	0		//	사거리 +2미터																														
//	51668	266	1	20105	1	0	405505	166	30	0	0	0	0	0	0	0	0	0	0	0	0	0	0	0	0	0	0	0	0	0	0	0	0		//	사거리 +3미터																														
//	51669	266	1	20105	1	0	405527	167	0	0	1	0	0	0	0	0	0	0	0	0	0	0	0	0	0	0	0	0	0	0	0	0	0		//	적용 개체 수 +1																														
//	51670	266	1	20105	1	0	405528	167	0	0	2	0	0	0	0	0	0	0	0	0	0	0	0	0	0	0	0	0	0	0	0	0	0		//	적용 개체 수 +2																														
//	51671	266	1	20105	1	0	405529	166	0	0	3	0	0	0	0	0	0	0	0	0	0	0	0	0	0	0	0	0	0	0	0	0	0		//	적용 개체 수 +3																														
//	51672	266	2	20105	1	0	405436	167	0	0	0	1	3	0	0	9	0	147	0	0	0	0	0	0	0	0	0	0	0	0	0	0	0		//	스킬 피해량 +3%																														
//	51673	266	2	20105	1	0	405445	167	0	0	0	1	3	0	0	9	0	294	0	0	0	0	0	0	0	0	0	0	0	0	0	0	0		//	스킬 피해량 +6%																														
//	51674	266	2	20105	1	0	405561	166	0	0	0	1	3	0	0	9	0	490	0	0	0	0	0	0	0	0	0	0	0	0	0	0	0		//	스킬 피해량 +10%																														
//	51675	266	2	20105	1	0	405467	167	0	0	0	14	3	500	0	9	0	2	-100	3000	0	105	0	0	0	0	0	0	0	0	0	0	0		//	약체 : 50% 확률로 3초동안 방어력 -10%																														
//	51676	266	2	20105	1	0	405469	167	0	0	0	14	3	700	0	9	0	2	-100	3000	0	105	0	0	0	0	0	0	0	0	0	0	0		//	약체 : 70% 확률로 3초동안 방어력 -10%																														
//	51677	266	2	20105	1	0	405465	166	0	0	0	14	3	1000	0	9	0	2	-100	3000	0	105	0	0	0	0	0	0	0	0	0	0	0		//	약체 : 100% 확률로 3초동안 방어력 -10%																														
//	51678	266	3	20105	1	1	405360	167	0	0	0	1	3	0	0	9	0	490	0	0	0	0	210	3	0	0	0	3	0	392	0	0	0		//	스킬 피해량 +10% & 다운 추가 피해량 +10%																														
//	51679	266	3	20105	1	1	405386	167	0	0	0	1	3	0	0	9	0	588	0	0	0	0	210	3	0	0	0	3	0	470	0	0	0		//	스킬 피해량 +12% & 다운 추가 피해량 +12%																														
//	51680	266	3	20105	1	1	405412	166	0	0	0	1	3	0	0	9	0	735	0	0	0	0	210	3	0	0	0	3	0	588	0	0	0		//	스킬 피해량 +15% & 다운 추가 피해량 +15%																														
//	51681	266	3	20105	1	1	405364	167	0	0	0	1	3	0	0	9	0	490	0	0	0	0	333	3	0	0	0	0	343	0	0	0	0		//	스킬 피해량 +10% & 빙의 추가 피해량 +10%																														
//	51682	266	3	20105	1	1	405391	167	0	0	0	1	3	0	0	9	0	588	0	0	0	0	333	3	0	0	0	0	412	0	0	0	0		//	스킬 피해량 +12% & 빙의 추가 피해량 +12%																														
//	51683	266	3	20105	1	1	405417	166	0	0	0	1	3	0	0	9	0	735	0	0	0	0	333	3	0	0	0	0	515	0	0	0	0		//	스킬 피해량 +15% & 빙의 추가 피해량 +15%																														
//	51072	256	1	20105	1	0	405527	170	0	0	1	0	0	0	0	0	0	0	0	0	0	0	0	0	0	0	0	0	0	0	0	0	0		//	적용 개체수 +1																														
//	51073	256	1	20105	1	0	405528	170	0	0	2	0	0	0	0	0	0	0	0	0	0	0	0	0	0	0	0	0	0	0	0	0	0		//	적용 개체수 +2																														
//	51074	256	1	20105	1	0	405529	170	0	0	3	0	0	0	0	0	0	0	0	0	0	0	0	0	0	0	0	0	0	0	0	0	0		//	적용 개체수 +3																														
//	51075	256	1	20105	1	0	405530	170	0	0	4	0	0	0	0	0	0	0	0	0	0	0	0	0	0	0	0	0	0	0	0	0	0		//	적용 개체수 +4																														
//	51076	256	1	20105	1	0	405531	160	0	0	5	0	0	0	0	0	0	0	0	0	0	0	0	0	0	0	0	0	0	0	0	0	0		//	적용 개체수 +5																														
//	51077	256	1	20105	1	0	405532	160	0	0	6	0	0	0	0	0	0	0	0	0	0	0	0	0	0	0	0	0	0	0	0	0	0		//	적용 개체수 +6																														
//	51078	256	2	20105	1	0	405560	170	0	0	0	1	5	0	0	9	0	236	0	0	0	0	0	0	0	0	0	0	0	0	0	0	0		//	스킬 피해량 +5%																														
//	51079	256	2	20105	1	0	405561	170	0	0	0	1	5	0	0	9	0	472	0	0	0	0	0	0	0	0	0	0	0	0	0	0	0		//	스킬 피해량 +10%																														
//	51080	256	2	20105	1	0	405562	160	0	0	0	1	5	0	0	9	0	708	0	0	0	0	0	0	0	0	0	0	0	0	0	0	0		//	스킬 피해량 +15%																														
//	51081	256	2	20105	1	0	405572	170	0	0	0	2	3	1000	0	9	200	1	200	3000	1000	101	0	0	0	0	0	0	0	0	0	0	0		//	상처 : 100% 확률로 3초동안 피해 200																														
//	51082	256	2	20105	1	0	405573	170	0	0	0	2	3	1000	0	9	200	1	200	4000	1000	101	0	0	0	0	0	0	0	0	0	0	0		//	상처 : 100% 확률로 4초동안 피해 200																														
//	51083	256	2	20105	1	0	405574	160	0	0	0	2	3	1000	0	9	200	1	200	5000	1000	101	0	0	0	0	0	0	0	0	0	0	0		//	상처 : 100% 확률로 5초동안 피해 200																														
//	51084	256	3	20105	1	0	405566	170	0	0	0	101	5	150	0	0	0	0	0	300	0	303	0	0	0	0	0	0	0	0	0	0	0		//	피어 확률 +15% & 피어 지속시간 +0.3초																														
//	51085	256	3	20105	1	0	405567	170	0	0	0	101	5	150	0	0	0	0	0	600	0	303	0	0	0	0	0	0	0	0	0	0	0		//	피어 확률 +15% & 피어 지속시간 +0.6초																														
//	51086	256	3	20105	1	0	405568	160	0	0	0	101	5	150	0	0	0	0	0	1000	0	303	0	0	0	0	0	0	0	0	0	0	0		//	피어 확률 +15% & 피어 지속시간 +1초																														
//	51087	256	3	20105	1	1	405569	170	0	0	0	101	5	150	0	0	0	0	0	300	0	303	1	5	0	0	9	0	708	0	0	0	0		//	스킬 피해량 +15% & 피어 확률 +15% & 피어 지속시간 +0.3초																														
//	51088	256	3	20105	1	1	405570	170	0	0	0	101	5	150	0	0	0	0	0	600	0	303	1	5	0	0	9	0	944	0	0	0	0		//	스킬 피해량 +20% & 피어 확률 +15% & 피어 지속시간 +0.6초																														
//	51089	256	3	20105	1	1	405571	160	0	0	0	101	5	150	0	0	0	0	0	1000	0	303	1	5	0	0	9	0	1180	0	0	0	0		//	스킬 피해량 +25% & 피어 확률 +15% & 피어 지속시간 +1초																														
//	51090	321	1	20105	1	0	405501	170	10	0	0	0	0	0	0	0	0	0	0	0	0	0	0	0	0	0	0	0	0	0	0	0	0		//	사거리 +1미터																														
//	51091	321	1	20105	1	0	405503	170	20	0	0	0	0	0	0	0	0	0	0	0	0	0	0	0	0	0	0	0	0	0	0	0	0		//	사거리 +2미터																														
//	51092	321	1	20105	1	0	405505	160	30	0	0	0	0	0	0	0	0	0	0	0	0	0	0	0	0	0	0	0	0	0	0	0	0		//	사거리 +3미터																														
//	51093	321	1	20105	1	0	405527	170	0	0	1	0	0	0	0	0	0	0	0	0	0	0	0	0	0	0	0	0	0	0	0	0	0		//	적용 개체수 +1																														
//	51094	321	1	20105	1	0	405528	170	0	0	2	0	0	0	0	0	0	0	0	0	0	0	0	0	0	0	0	0	0	0	0	0	0		//	적용 개체수 +2																														
//	51095	321	1	20105	1	0	405529	160	0	0	3	0	0	0	0	0	0	0	0	0	0	0	0	0	0	0	0	0	0	0	0	0	0		//	적용 개체수 +3																														
//	51096	321	2	20105	1	0	405560	170	0	0	0	1	3	0	0	9	0	275	0	0	0	0	0	0	0	0	0	0	0	0	0	0	0		//	스킬 피해량 +5%																														
//	51097	321	2	20105	1	0	405561	170	0	0	0	1	3	0	0	9	0	551	0	0	0	0	0	0	0	0	0	0	0	0	0	0	0		//	스킬 피해량 +10%																														
//	51098	321	2	20105	1	0	405562	160	0	0	0	1	3	0	0	9	0	826	0	0	0	0	0	0	0	0	0	0	0	0	0	0	0		//	스킬 피해량 +15%																														
//	51099	321	2	20105	1	0	405575	170	0	0	0	333	3	0	0	0	0	193	0	0	0	0	0	0	0	0	0	0	0	0	0	0	0		//	추가피해데미지 +5%																														
//	51100	321	2	20105	1	0	405576	170	0	0	0	333	3	0	0	0	0	385	0	0	0	0	0	0	0	0	0	0	0	0	0	0	0		//	추가피해데미지 +10%																														
//	51101	321	2	20105	1	0	405577	160	0	0	0	333	3	0	0	0	0	578	0	0	0	0	0	0	0	0	0	0	0	0	0	0	0		//	추가피해데미지 +15%																														
//	51102	321	3	20105	1	1	405578	170	0	0	0	1	3	0	0	9	0	826	0	0	0	0	100	3	0	0	0	0	0	0	300	0	3		//	스킬 피해량 +15% & 다운 지속시간 +03초																														
//	51103	321	3	20105	1	1	405579	170	0	0	0	1	3	0	0	9	0	1101	0	0	0	0	100	3	0	0	0	0	0	0	600	0	3		//	스킬 피해량 +20% & 다운 지속시간 +0.6초																														
//	51104	321	3	20105	1	1	405580	160	0	0	0	1	3	0	0	9	0	1376	0	0	0	0	100	3	0	0	0	0	0	0	1000	0	3		//	스킬 피해량 +25% & 다운 지속시간 +3초																														
//	51105	321	3	20105	1	1	405581	170	0	0	0	333	3	0	0	0	0	578	0	0	0	0	20	3	0	0	0	0	0	0	1000	0	108		//	추가피해데미지 +15% & 족쇄 지속시간 +1초																														
//	51106	321	3	20105	1	1	405582	170	0	0	0	333	3	0	0	0	0	771	0	0	0	0	20	3	0	0	0	0	0	0	2000	0	108		//	추가피해데미지 +20% & 족쇄 지속시간 +2초																														
//	51107	321	3	20105	1	1	405583	160	0	0	0	333	3	0	0	0	0	963	0	0	0	0	20	3	0	0	0	0	0	0	3000	0	108		//	추가피해데미지 +25% & 족쇄 지속시간 +3초																														
//	51684	315	1	20105	1	0	405527	167	0	0	1	0	0	0	0	0	0	0	0	0	0	0	0	0	0	0	0	0	0	0	0	0	0		//	적용 개체 수 +1																														
//	51685	315	1	20105	1	0	405528	167	0	0	2	0	0	0	0	0	0	0	0	0	0	0	0	0	0	0	0	0	0	0	0	0	0		//	적용 개체 수 +2																														
//	51686	315	1	20105	1	0	405529	166	0	0	3	0	0	0	0	0	0	0	0	0	0	0	0	0	0	0	0	0	0	0	0	0	0		//	적용 개체 수 +3																														
//	51687	315	1	20105	1	0	405501	167	10	0	0	0	0	0	0	0	0	0	0	0	0	0	0	0	0	0	0	0	0	0	0	0	0		//	사거리 +1미터																														
//	51688	315	1	20105	1	0	405503	167	20	0	0	0	0	0	0	0	0	0	0	0	0	0	0	0	0	0	0	0	0	0	0	0	0		//	사거리 +2미터																														
//	51689	315	1	20105	1	0	405505	166	30	0	0	0	0	0	0	0	0	0	0	0	0	0	0	0	0	0	0	0	0	0	0	0	0		//	사거리 +3미터																														
//	51690	315	2	20105	1	0	405436	167	0	0	0	1	3	0	0	9	0	113	0	0	0	0	0	0	0	0	0	0	0	0	0	0	0		//	스킬 피해량 +3%																														
//	51691	315	2	20105	1	0	405445	167	0	0	0	1	3	0	0	9	0	226	0	0	0	0	0	0	0	0	0	0	0	0	0	0	0		//	스킬 피해량 +6%																														
//	51692	315	2	20105	1	0	405561	166	0	0	0	1	3	0	0	9	0	377	0	0	0	0	0	0	0	0	0	0	0	0	0	0	0		//	스킬 피해량 +10%																														
//	51693	315	2	20105	1	0	405339	167	0	0	0	2	3	500	0	9	200	1	100	3000	1000	101	0	0	0	0	0	0	0	0	0	0	0		//	상처 : 50% 확률로 3초동안 피해 100																														
//	51694	315	2	20105	1	0	405340	167	0	0	0	2	3	700	0	9	200	1	100	3000	1000	101	0	0	0	0	0	0	0	0	0	0	0		//	상처 : 70% 확률로 3초동안 피해 100																														
//	51695	315	2	20105	1	0	405338	166	0	0	0	2	3	1000	0	9	200	1	100	3000	1000	101	0	0	0	0	0	0	0	0	0	0	0		//	상처 : 100% 확률로 3초동안 피해 100																														
//	51696	315	3	20105	1	1	405361	167	0	0	0	1	3	0	0	9	0	377	0	0	0	0	21	3	1000	0	0	0	2	-100	3000	0	109		//	스킬 피해량 +10% & 둔화 : 100% 확률로 3초동안 공격속도 -10%																														
//	51697	315	3	20105	1	1	405387	167	0	0	0	1	3	0	0	9	0	453	0	0	0	0	21	3	1000	0	0	0	2	-100	3000	0	109		//	스킬 피해량 +12% & 둔화 : 100% 확률로 3초동안 공격속도 -10%																														
//	51698	315	3	20105	1	1	405413	166	0	0	0	1	3	0	0	9	0	566	0	0	0	0	21	3	1000	0	0	0	2	-100	3000	0	109		//	스킬 피해량 +15% & 둔화 : 100% 확률로 3초동안 공격속도 -10%																														
//	51699	315	3	20105	1	1	405372	167	0	0	0	1	3	0	0	9	0	377	0	0	0	0	20	3	1000	0	0	0	2	-100	3000	0	108		//	스킬 피해량 +10% & 족쇄 : 100% 확률로 3초동안 이동속도 -10%																														
//	51700	315	3	20105	1	1	405400	167	0	0	0	1	3	0	0	9	0	453	0	0	0	0	20	3	1000	0	0	0	2	-100	3000	0	108		//	스킬 피해량 +12% & 족쇄 : 100% 확률로 3초동안 이동속도 -10%																														
//	51701	315	3	20105	1	1	405426	166	0	0	0	1	3	0	0	9	0	566	0	0	0	0	20	3	1000	0	0	0	2	-100	3000	0	108		//	스킬 피해량 +15% & 족쇄 : 100% 확률로 3초동안 이동속도 -10%																														
//	51702	309	1	20105	1	0	405353	167	0	0	0	225	1	0	0	0	0	0	0	1000	0	142	0	0	0	0	0	0	0	0	0	0	0		//	스킬 집중 저주 지속시간 +1초																														
//	51703	309	1	20105	1	0	405354	167	0	0	0	225	1	0	0	0	0	0	0	2000	0	142	0	0	0	0	0	0	0	0	0	0	0		//	스킬 집중 저주 지속시간 +2초																														
//	51704	309	1	20105	1	0	405355	166	0	0	0	225	1	0	0	0	0	0	0	3000	0	142	0	0	0	0	0	0	0	0	0	0	0		//	스킬 집중 저주 지속시간 +3초																														
//	51705	309	1	20105	1	0	405351	167	0	0	0	225	1	0	0	0	0	0	30	0	0	142	0	0	0	0	0	0	0	0	0	0	0		//	스킬 집중 저주 : 스킬 쿨타임 +3%																														
//	51706	309	1	20105	1	0	405352	167	0	0	0	225	1	0	0	0	0	0	60	0	0	142	0	0	0	0	0	0	0	0	0	0	0		//	스킬 집중 저주 : 스킬 쿨타임 +6%																														
//	51707	309	1	20105	1	0	405350	166	0	0	0	225	1	0	0	0	0	0	100	0	0	142	0	0	0	0	0	0	0	0	0	0	0		//	스킬 집중 저주 : 스킬 쿨타임 +10%																														
//	51708	309	2	20105	1	0	405457	167	0	0	0	210	1	1000	0	300	0	0	300	0	0	0	0	0	0	0	0	0	0	0	0	0	0		//	암 드래곤 트랜스폼 상태 추가 피해량 +300																														
//	51709	309	2	20105	1	0	405458	167	0	0	0	210	1	1000	0	300	0	0	600	0	0	0	0	0	0	0	0	0	0	0	0	0	0		//	암 드래곤 트랜스폼 상태 추가 피해량 +600																														
//	51710	309	2	20105	1	0	405456	166	0	0	0	210	1	1000	0	300	0	0	1000	0	0	0	0	0	0	0	0	0	0	0	0	0	0		//	암 드래곤 트랜스폼 상태 추가 피해량 +1000																														
//	51711	309	2	20105	1	0	405993	167	0	0	0	106	1	0	0	0	0	0	30	0	0	231	0	0	0	0	0	0	0	0	0	0	0		//	추가 피해량 +3%																														
//	51712	309	2	20105	1	0	405994	167	0	0	0	106	1	0	0	0	0	0	60	0	0	231	0	0	0	0	0	0	0	0	0	0	0		//	추가 피해량 +6%																														
//	51713	309	2	20105	1	0	405576	166	0	0	0	106	1	0	0	0	0	0	100	0	0	231	0	0	0	0	0	0	0	0	0	0	0		//	추가 피해량 +10%																														
//	51714	309	3	20105	1	1	405439	167	0	0	0	1	1	1000	0	9	0	300	0	0	0	0	11	1	1000	0	9	0	2	-100	3000	0	104		//	스킬 피해량 +300 & 무기력 : 100% 확률로 3초동안 공격력 -10%																														
//	51715	309	3	20105	1	1	405446	167	0	0	0	1	1	1000	0	9	0	600	0	0	0	0	11	1	1000	0	9	0	2	-100	3000	0	104		//	스킬 피해량 +600 & 무기력 : 100% 확률로 3초동안 공격력 -10%																														
//	51716	309	3	20105	1	1	405380	166	0	0	0	1	1	1000	0	9	0	1000	0	0	0	0	11	1	1000	0	9	0	2	-100	3000	0	104		//	스킬 피해량 +1000 & 무기력 : 100% 확률로 3초동안 공격력 -10%																														
//	51717	309	3	20105	1	1	405440	167	0	0	0	1	1	1000	0	9	0	300	0	0	0	0	14	1	1000	0	9	0	2	-100	3000	0	105		//	스킬 피해량 +300 & 약체 : 100% 확률로 3초동안 방어력 -10%																														
//	51718	309	3	20105	1	1	405447	167	0	0	0	1	1	1000	0	9	0	600	0	0	0	0	14	1	1000	0	9	0	2	-100	3000	0	105		//	스킬 피해량 +600 & 약체 : 100% 확률로 3초동안 방어력 -10%																														
//	51719	309	3	20105	1	1	405381	166	0	0	0	1	1	1000	0	9	0	1000	0	0	0	0	14	1	1000	0	9	0	2	-100	3000	0	105		//	스킬 피해량 +1000 & 약체 : 100% 확률로 3초동안 방어력 -10%																														
//	51108	267	1	20105	1	0	405501	167	10	0	0	0	0	0	0	0	0	0	0	0	0	0	0	0	0	0	0	0	0	0	0	0	0		//	사거리 +1미터																														
//	51109	267	1	20105	1	0	405503	167	20	0	0	0	0	0	0	0	0	0	0	0	0	0	0	0	0	0	0	0	0	0	0	0	0		//	사거리 +2미터																														
//	51110	267	1	20105	1	0	405505	167	30	0	0	0	0	0	0	0	0	0	0	0	0	0	0	0	0	0	0	0	0	0	0	0	0		//	사거리 +3미터																														
//	51111	267	1	20105	1	0	405584	167	0	0	0	345	7	0	0	0	0	0	50	0	0	0	0	0	0	0	0	0	0	0	0	0	0		//	HP 소모량 +5%																														
//	51112	267	1	20105	1	0	405585	166	0	0	0	345	7	0	0	0	0	0	100	0	0	0	0	0	0	0	0	0	0	0	0	0	0		//	HP 소모량 +10%																														
//	51113	267	1	20105	1	0	405586	166	0	0	0	345	7	0	0	0	0	0	150	0	0	0	0	0	0	0	0	0	0	0	0	0	0		//	HP 소모량 +15%																														
//	51114	267	2	20105	1	0	405587	167	0	0	0	1	1	1000	0	9	0	500	0	0	0	0	0	0	0	0	0	0	0	0	0	0	0		//	스킬 피해량 +500																														
//	51115	267	2	20105	1	0	405588	167	0	0	0	1	1	1000	0	9	0	1000	0	0	0	0	0	0	0	0	0	0	0	0	0	0	0		//	스킬 피해량 +1000																														
//	51116	267	2	20105	1	0	405589	166	0	0	0	1	1	1000	0	9	0	1500	0	0	0	0	0	0	0	0	0	0	0	0	0	0	0		//	스킬 피해량 +1500																														
//	51117	267	2	20105	1	0	405551	167	0	0	0	100	1	0	0	0	0	0	0	300	0	3	0	0	0	0	0	0	0	0	0	0	0		//	다운 지속시간 +0.3초																														
//	51118	267	2	20105	1	0	405552	167	0	0	0	100	1	0	0	0	0	0	0	600	0	3	0	0	0	0	0	0	0	0	0	0	0		//	다운 지속시간 +0.6초																														
//	51119	267	2	20105	1	0	405553	166	0	0	0	100	1	0	0	0	0	0	0	1000	0	3	0	0	0	0	0	0	0	0	0	0	0		//	다운 지속시간 +1초																														
//	51120	267	3	20105	1	0	405590	167	0	0	0	14	1	1000	0	9	0	2	-300	3000	0	105	0	0	0	0	0	0	0	0	0	0	0		//	약체 : 100% 확률로 3초동안 방어력 -30%																														
//	51121	267	3	20105	1	0	405591	167	0	0	0	14	1	1000	0	9	0	2	-300	4000	0	105	0	0	0	0	0	0	0	0	0	0	0		//	약체 : 100% 확률로 4초동안 방어력 -30%																														
//	51122	267	3	20105	1	0	405592	166	0	0	0	14	1	1000	0	9	0	2	-300	5000	0	105	0	0	0	0	0	0	0	0	0	0	0		//	약체 : 100% 확률로 5초동안 방어력 -30%																														
//	51123	267	3	20105	1	1	405593	167	0	0	0	1	1	1000	0	9	0	500	0	0	0	0	14	1	1000	0	9	0	2	-150	3000	0	105		//	스킬 피해량 +500 & 약체 : 100% 확률로 3초동안 방어력 -15%																														
//	51124	267	3	20105	1	1	405594	167	0	0	0	1	1	1000	0	9	0	1000	0	0	0	0	14	1	1000	0	9	0	2	-150	4000	0	105		//	스킬 피해량 +1000 & 약체 : 100% 확률로 4초동안 방어력 -15%																														
//	51125	267	3	20105	1	1	405595	166	0	0	0	1	1	1000	0	9	0	1500	0	0	0	0	14	1	1000	0	9	0	2	-150	5000	0	105		//	스킬 피해량 +1500 & 약체 : 100% 확률로 5초동안 방어력 -15%																														
//	51126	322	1	20105	1	0	405501	167	10	0	0	0	0	0	0	0	0	0	0	0	0	0	0	0	0	0	0	0	0	0	0	0	0		//	사거리 +1미터																														
//	51127	322	1	20105	1	0	405503	167	20	0	0	0	0	0	0	0	0	0	0	0	0	0	0	0	0	0	0	0	0	0	0	0	0		//	사거리 +2미터																														
//	51128	322	1	20105	1	0	405505	166	30	0	0	0	0	0	0	0	0	0	0	0	0	0	0	0	0	0	0	0	0	0	0	0	0		//	사거리 +3미터																														
//	51129	322	1	20105	1	0	405527	167	0	0	1	0	0	0	0	0	0	0	0	0	0	0	0	0	0	0	0	0	0	0	0	0	0		//	적용 개체수 +1																														
//	51130	322	1	20105	1	0	405528	167	0	0	2	0	0	0	0	0	0	0	0	0	0	0	0	0	0	0	0	0	0	0	0	0	0		//	적용 개체수 +2																														
//	51131	322	1	20105	1	0	405529	166	0	0	3	0	0	0	0	0	0	0	0	0	0	0	0	0	0	0	0	0	0	0	0	0	0		//	적용 개체수 +3																														
//	51132	322	2	20105	1	0	405560	167	0	0	0	1	3	0	0	9	0	261	0	0	0	0	0	0	0	0	0	0	0	0	0	0	0		//	스킬 피해량 +5%																														
//	51133	322	2	20105	1	0	405561	167	0	0	0	1	3	0	0	9	0	522	0	0	0	0	0	0	0	0	0	0	0	0	0	0	0		//	스킬 피해량 +10%																														
//	51134	322	2	20105	1	0	405562	166	0	0	0	1	3	0	0	9	0	782	0	0	0	0	0	0	0	0	0	0	0	0	0	0	0		//	스킬 피해량 +15%																														
//	51135	322	2	20105	1	0	405572	167	0	0	0	2	3	1000	0	9	200	1	200	3000	1000	101	0	0	0	0	0	0	0	0	0	0	0		//	상처 : 100% 확률로 3초동안 피해 200																														
//	51136	322	2	20105	1	0	405573	167	0	0	0	2	3	1000	0	9	200	1	200	4000	1000	101	0	0	0	0	0	0	0	0	0	0	0		//	상처 : 100% 확률로 4초동안 피해 200																														
//	51137	322	2	20105	1	0	405574	166	0	0	0	2	3	1000	0	9	200	1	200	5000	1000	101	0	0	0	0	0	0	0	0	0	0	0		//	상처 : 100% 확률로 5초동안 피해 200																														
//	51138	322	3	20105	1	0	405599	167	0	0	0	14	3	1000	0	9	0	2	-150	3000	0	105	0	0	0	0	0	0	0	0	0	0	0		//	약체 : 100% 확률로 3초동안 방어력 -15%																														
//	51139	322	3	20105	1	0	405600	167	0	0	0	14	3	1000	0	9	0	2	-150	4000	0	105	0	0	0	0	0	0	0	0	0	0	0		//	약체 : 100% 확률로 4초동안 방어력 -15%																														
//	51140	322	3	20105	1	0	405601	166	0	0	0	14	3	1000	0	9	0	2	-150	5000	0	105	0	0	0	0	0	0	0	0	0	0	0		//	약체 : 100% 확률로 5초동안 방어력 -15%																														
//	51141	322	3	20105	1	1	405602	167	0	0	0	1	3	0	0	9	0	782	0	0	0	0	2	3	1000	0	9	200	1	200	3000	1000	102		//	스킬 피해량 +15% & 화상 : 100% 확률로 3초동안 피해 200																														
//	51142	322	3	20105	1	1	405603	167	0	0	0	1	3	0	0	9	0	1043	0	0	0	0	2	3	1000	0	9	200	1	200	3000	1000	102		//	스킬 피해량 +20% & 화상 : 100% 확률로 3초동안 피해 200																														
//	51143	322	3	20105	1	1	405604	166	0	0	0	1	3	0	0	9	0	1304	0	0	0	0	2	3	1000	0	9	200	1	200	3000	1000	102		//	스킬 피해량 +25% & 화상 : 100% 확률로 3초동안 피해 200																														
//	51720	811	1	20105	1	0	405527	167	0	0	1	0	0	0	0	0	0	0	0	0	0	0	0	0	0	0	0	0	0	0	0	0	0		//	적용 개체 수 +1																														
//	51721	811	1	20105	1	0	405528	167	0	0	2	0	0	0	0	0	0	0	0	0	0	0	0	0	0	0	0	0	0	0	0	0	0		//	적용 개체 수 +2																														
//	51722	811	1	20105	1	0	405529	167	0	0	3	0	0	0	0	0	0	0	0	0	0	0	0	0	0	0	0	0	0	0	0	0	0		//	적용 개체 수 +3																														
//	51723	811	1	20105	1	0	405530	167	0	0	4	0	0	0	0	0	0	0	0	0	0	0	0	0	0	0	0	0	0	0	0	0	0		//	적용 개체 수 +4																														
//	51724	811	1	20105	1	0	405531	166	0	0	5	0	0	0	0	0	0	0	0	0	0	0	0	0	0	0	0	0	0	0	0	0	0		//	적용 개체 수 +5																														
//	51725	811	1	20105	1	0	405532	166	0	0	6	0	0	0	0	0	0	0	0	0	0	0	0	0	0	0	0	0	0	0	0	0	0		//	적용 개체 수 +6																														
//	51726	811	2	20105	1	0	405436	167	0	0	0	1	3	0	0	9	0	84	0	0	0	0	0	0	0	0	0	0	0	0	0	0	0		//	스킬 피해량 +3%																														
//	51727	811	2	20105	1	0	405445	167	0	0	0	1	3	0	0	9	0	169	0	0	0	0	0	0	0	0	0	0	0	0	0	0	0		//	스킬 피해량 +6%																														
//	51728	811	2	20105	1	0	405561	166	0	0	0	1	3	0	0	9	0	281	0	0	0	0	0	0	0	0	0	0	0	0	0	0	0		//	스킬 피해량 +10%																														
//	51729	811	2	20105	1	0	405463	167	0	0	0	2	3	0	0	9	0	0	20	0	0	146	0	0	0	0	0	0	0	0	0	0	0		//	암흑고통 피해량 +3%																														
//	51730	811	2	20105	1	0	405464	167	0	0	0	2	3	0	0	9	0	0	40	0	0	146	0	0	0	0	0	0	0	0	0	0	0		//	암흑고통 피해량 +6%																														
//	51731	811	2	20105	1	0	405459	166	0	0	0	2	3	0	0	9	0	0	66	0	0	146	0	0	0	0	0	0	0	0	0	0	0		//	암흑고통 피해량 +10%																														
//	51732	811	3	20105	1	1	405368	167	0	0	0	1	3	0	0	9	0	281	0	0	0	0	2	3	0	0	9	200	0	0	3000	0	146		//	스킬 피해량 +10% & 암흑고통 지속시간 +3초																														
//	51733	811	3	20105	1	1	405395	167	0	0	0	1	3	0	0	9	0	337	0	0	0	0	2	3	0	0	9	200	0	0	6000	0	146		//	스킬 피해량 +12% & 암흑고통 지속시간 +6초																														
//	51734	811	3	20105	1	1	405421	166	0	0	0	1	3	0	0	9	0	421	0	0	0	0	2	3	0	0	9	200	0	0	10000	0	146		//	스킬 피해량 +15% & 암흑고통 지속시간 +10초																														
//	51735	811	3	20105	1	1	405460	167	0	0	0	2	3	0	0	9	0	0	66	0	0	146	2	3	0	0	9	200	0	0	3000	0	146		//	암흑고통 피해량 +10% & 암흑고통 지속시간 +3초																														
//	51736	811	3	20105	1	1	405461	167	0	0	0	2	3	0	0	9	0	0	80	0	0	146	2	3	0	0	9	200	0	0	6000	0	146		//	암흑고통 피해량 +12% & 암흑고통 지속시간 +6초																														
//	51737	811	3	20105	1	1	405462	166	0	0	0	2	3	0	0	9	0	0	100	0	0	146	2	3	0	0	9	200	0	0	10000	0	146		//	암흑고통 피해량 +15% & 암흑고통 지속시간 +10초																														
//	51738	814	1	20105	1	0	405527	167	0	0	1	0	0	0	0	0	0	0	0	0	0	0	0	0	0	0	0	0	0	0	0	0	0		//	적용 개체 수 +1																														
//	51739	814	1	20105	1	0	405528	167	0	0	2	0	0	0	0	0	0	0	0	0	0	0	0	0	0	0	0	0	0	0	0	0	0		//	적용 개체 수 +2																														
//	51740	814	1	20105	1	0	405529	167	0	0	3	0	0	0	0	0	0	0	0	0	0	0	0	0	0	0	0	0	0	0	0	0	0		//	적용 개체 수 +3																														
//	51741	814	1	20105	1	0	405530	167	0	0	4	0	0	0	0	0	0	0	0	0	0	0	0	0	0	0	0	0	0	0	0	0	0		//	적용 개체 수 +4																														
//	51742	814	1	20105	1	0	405531	166	0	0	5	0	0	0	0	0	0	0	0	0	0	0	0	0	0	0	0	0	0	0	0	0	0		//	적용 개체 수 +5																														
//	51743	814	1	20105	1	0	405532	166	0	0	6	0	0	0	0	0	0	0	0	0	0	0	0	0	0	0	0	0	0	0	0	0	0		//	적용 개체 수 +6																														
//	51744	814	2	20105	1	0	405436	167	0	0	0	1	3	0	0	9	0	146	0	0	0	0	0	0	0	0	0	0	0	0	0	0	0		//	스킬 피해량 +3%																														
//	51745	814	2	20105	1	0	405445	167	0	0	0	1	3	0	0	9	0	292	0	0	0	0	0	0	0	0	0	0	0	0	0	0	0		//	스킬 피해량 +6%																														
//	51746	814	2	20105	1	0	405561	166	0	0	0	1	3	0	0	9	0	487	0	0	0	0	0	0	0	0	0	0	0	0	0	0	0		//	스킬 피해량 +10%																														
//	51747	814	2	20105	1	0	405993	167	0	0	0	333	3	0	0	0	0	45	0	0	0	0	0	0	0	0	0	0	0	0	0	0	0		//	추가 피해량 +3%																														
//	51748	814	2	20105	1	0	405994	167	0	0	0	333	3	0	0	0	0	90	0	0	0	0	0	0	0	0	0	0	0	0	0	0	0		//	추가 피해량 +6%																														
//	51749	814	2	20105	1	0	405576	166	0	0	0	333	3	0	0	0	0	150	0	0	0	0	0	0	0	0	0	0	0	0	0	0	0		//	추가 피해량 +10%																														
//	51750	814	3	20105	1	1	405369	167	0	0	0	1	3	0	0	9	0	487	0	0	0	0	2	3	1000	0	9	200	1	100	3000	1000	145		//	스킬 피해량 +10% & 암흑화상 : 100% 확률로 3초동안 피해 100																														
//	51751	814	3	20105	1	1	405396	167	0	0	0	1	3	0	0	9	0	585	0	0	0	0	2	3	1000	0	9	200	1	100	4000	1000	145		//	스킬 피해량 +12% & 암흑화상 : 100% 확률로 4초동안 피해 100																														
//	51752	814	3	20105	1	1	405422	166	0	0	0	1	3	0	0	9	0	731	0	0	0	0	2	3	1000	0	9	200	1	100	5000	1000	145		//	스킬 피해량 +15% & 암흑화상 : 100% 확률로 5초동안 피해 100																														
//	51753	814	3	20105	1	1	405839	167	0	0	0	333	3	0	0	0	0	150	0	0	0	0	2	3	1000	0	9	200	1	100	3000	1000	149		//	추가 피해량 +10% & 암흑중독 : 100% 확률로 3초동안 피해 100																														
//	51754	814	3	20105	1	1	405845	167	0	0	0	333	3	0	0	0	0	180	0	0	0	0	2	3	1000	0	9	200	1	100	4000	1000	149		//	추가 피해량 +12% & 암흑중독 : 100% 확률로 4초동안 피해 100																														
//	51755	814	3	20105	1	1	405989	166	0	0	0	333	3	0	0	0	0	225	0	0	0	0	2	3	1000	0	9	200	1	100	5000	1000	149		//	추가 피해량 +15% & 암흑중독 : 100% 확률로 5초동안 피해 100																														
//	51144	815	1	20105	1	0	405501	167	10	0	0	0	0	0	0	0	0	0	0	0	0	0	0	0	0	0	0	0	0	0	0	0	0		//	사거리 +1미터																														
//	51145	815	1	20105	1	0	405503	167	20	0	0	0	0	0	0	0	0	0	0	0	0	0	0	0	0	0	0	0	0	0	0	0	0		//	사거리 +2미터																														
//	51146	815	1	20105	1	0	405505	166	30	0	0	0	0	0	0	0	0	0	0	0	0	0	0	0	0	0	0	0	0	0	0	0	0		//	사거리 +3미터																														
//	51147	815	1	20105	1	0	405527	167	0	0	1	0	0	0	0	0	0	0	0	0	0	0	0	0	0	0	0	0	0	0	0	0	0		//	적용 개체수 +1																														
//	51148	815	1	20105	1	0	405528	167	0	0	2	0	0	0	0	0	0	0	0	0	0	0	0	0	0	0	0	0	0	0	0	0	0		//	적용 개체수 +2																														
//	51149	815	1	20105	1	0	405529	166	0	0	3	0	0	0	0	0	0	0	0	0	0	0	0	0	0	0	0	0	0	0	0	0	0		//	적용 개체수 +3																														
//	51150	815	2	20105	1	0	405560	167	0	0	0	1	3	0	0	9	0	172	0	0	0	0	0	0	0	0	0	0	0	0	0	0	0		//	스킬 피해량 +5%																														
//	51151	815	2	20105	1	0	405561	167	0	0	0	1	3	0	0	9	0	343	0	0	0	0	0	0	0	0	0	0	0	0	0	0	0		//	스킬 피해량 +10%																														
//	51152	815	2	20105	1	0	405562	166	0	0	0	1	3	0	0	9	0	515	0	0	0	0	0	0	0	0	0	0	0	0	0	0	0		//	스킬 피해량 +15%																														
//	51153	815	2	20105	1	0	405548	167	0	0	0	2	3	0	0	9	200	0	53	0	0	101	0	0	0	0	0	0	0	0	0	0	0		//	상처 피해량 +5%																														
//	51154	815	2	20105	1	0	405549	167	0	0	0	2	3	0	0	9	200	0	105	0	0	101	0	0	0	0	0	0	0	0	0	0	0		//	상처 피해량 +10%																														
//	51155	815	2	20105	1	0	405550	166	0	0	0	2	3	0	0	9	200	0	158	0	0	101	0	0	0	0	0	0	0	0	0	0	0		//	상처 피해량 +15%																														
//	51156	815	3	20105	1	0	405545	167	0	0	0	2	3	0	0	9	200	0	0	1000	0	101	0	0	0	0	0	0	0	0	0	0	0		//	상처 지속시간 +1초																														
//	51157	815	3	20105	1	0	405546	167	0	0	0	2	3	0	0	9	200	0	0	2000	0	101	0	0	0	0	0	0	0	0	0	0	0		//	상처 지속시간 +2초																														
//	51158	815	3	20105	1	0	405547	166	0	0	0	2	3	0	0	9	200	0	0	3000	0	101	0	0	0	0	0	0	0	0	0	0	0		//	상처 지속시간 +3초																														
//	51159	815	3	20105	1	1	405605	167	0	0	0	1	3	0	0	9	0	515	0	0	0	0	2	3	0	0	9	200	0	0	1000	0	101		//	스킬 피해량 +15% & 상처 지속시간 +1초																														
//	51160	815	3	20105	1	1	405606	167	0	0	0	1	3	0	0	9	0	686	0	0	0	0	2	3	0	0	9	200	0	0	2000	0	101		//	스킬 피해량 +20% & 상처 지속시간 +2초																														
//	51161	815	3	20105	1	1	405607	166	0	0	0	1	3	0	0	9	0	858	0	0	0	0	2	3	0	0	9	200	0	0	3000	0	101		//	스킬 피해량 +25% & 상처 지속시간 +3초																														
//	51162	810	1	20105	1	0	405608	167	0	0	0	28	7	0	0	0	0	0	0	500	0	312	0	0	0	0	0	0	0	0	0	0	0		//	스킬 피해량 지속시간 +0.5초																														
//	51163	810	1	20105	1	0	405609	167	0	0	0	28	7	0	0	0	0	0	0	1000	0	312	0	0	0	0	0	0	0	0	0	0	0		//	스킬 피해량 지속시간 +1초																														
//	51164	810	1	20105	1	0	405610	167	0	0	0	28	7	0	0	0	0	0	0	1500	0	312	0	0	0	0	0	0	0	0	0	0	0		//	스킬 피해량 지속시간 +1.5초																														
//	51165	810	1	20105	1	0	405611	167	0	0	0	28	7	0	0	0	0	0	0	2000	0	312	0	0	0	0	0	0	0	0	0	0	0		//	스킬 피해량 지속시간 +2초																														
//	51166	810	1	20105	1	0	405612	166	0	0	0	28	7	0	0	0	0	0	0	2500	0	312	0	0	0	0	0	0	0	0	0	0	0		//	스킬 피해량 지속시간 +2.5초																														
//	51167	810	1	20105	1	0	405613	166	0	0	0	28	7	0	0	0	0	0	0	3000	0	312	0	0	0	0	0	0	0	0	0	0	0		//	스킬 피해량 지속시간 +3초																														
//	51168	810	2	20105	1	0	405614	167	0	0	0	28	7	0	0	0	0	0	50	0	0	312	0	0	0	0	0	0	0	0	0	0	0		//	스킬 피해량 증가 +5%																														
//	51169	810	2	20105	1	0	405615	167	0	0	0	28	7	0	0	0	0	0	100	0	0	312	0	0	0	0	0	0	0	0	0	0	0		//	스킬 피해량 증가 +10%																														
//	51170	810	2	20105	1	0	405616	167	0	0	0	28	7	0	0	0	0	0	150	0	0	312	0	0	0	0	0	0	0	0	0	0	0		//	스킬 피해량 증가 +15%																														
//	51171	810	2	20105	1	0	405617	167	0	0	0	28	7	0	0	0	0	0	200	0	0	312	0	0	0	0	0	0	0	0	0	0	0		//	스킬 피해량 증가 +20%																														
//	51172	810	2	20105	1	0	405618	166	0	0	0	28	7	0	0	0	0	0	250	0	0	312	0	0	0	0	0	0	0	0	0	0	0		//	스킬 피해량 증가 +25%																														
//	51173	810	2	20105	1	0	405619	166	0	0	0	28	7	0	0	0	0	0	300	0	0	312	0	0	0	0	0	0	0	0	0	0	0		//	스킬 피해량 증가 +30%																														
//	51174	810	3	20105	1	1	405620	167	0	0	0	28	7	0	0	0	0	0	0	1000	0	312	311	7	1000	0	7	0	2	50	10000	0	1527		//	스킬 피해량 지속시간 +1초 & 10초동안 암흑 원소 공격력 +5%																														
//	51175	810	3	20105	1	1	405621	167	0	0	0	28	7	0	0	0	0	0	0	2000	0	312	311	7	1000	0	7	0	2	100	15000	0	1527		//	스킬 피해량 지속시간 +2초 & 15초동안 암흑 원소 공격력 +10%																														
//	51176	810	3	20105	1	1	405622	166	0	0	0	28	7	0	0	0	0	0	0	3000	0	312	311	7	1000	0	7	0	2	150	20000	0	1527		//	스킬 피해량 지속시간 +3초 & 20초동안 암흑 원소 공격력 +15%																														
//	51177	810	3	20105	1	1	405623	167	0	0	0	28	7	0	0	0	0	0	100	0	0	312	311	7	1000	0	7	0	2	50	10000	0	1527		//	스킬 피해량 증가 +10% & 10초동안 암흑 원소 공격력 +5%																														
//	51178	810	3	20105	1	1	405624	167	0	0	0	28	7	0	0	0	0	0	200	0	0	312	311	7	1000	0	7	0	2	100	15000	0	1527		//	스킬 피해량 증가 +20% & 15초동안 암흑 원소 공격력 +10%																														
//	51179	810	3	20105	1	1	405625	166	0	0	0	28	7	0	0	0	0	0	300	0	0	312	311	7	1000	0	7	0	2	150	20000	0	1527		//	스킬 피해량 증가 +30% & 20초동안 암흑 원소 공격력 +15%																														
//	51756	862	1	20105	1	0	405527	167	0	0	1	0	0	0	0	0	0	0	0	0	0	0	0	0	0	0	0	0	0	0	0	0	0		//	적용 개체 수 +1																														
//	51757	862	1	20105	1	0	405528	167	0	0	2	0	0	0	0	0	0	0	0	0	0	0	0	0	0	0	0	0	0	0	0	0	0		//	적용 개체 수 +2																														
//	51758	862	1	20105	1	0	405529	167	0	0	3	0	0	0	0	0	0	0	0	0	0	0	0	0	0	0	0	0	0	0	0	0	0		//	적용 개체 수 +3																														
//	51759	862	1	20105	1	0	405530	167	0	0	4	0	0	0	0	0	0	0	0	0	0	0	0	0	0	0	0	0	0	0	0	0	0		//	적용 개체 수 +4																														
//	51760	862	1	20105	1	0	405531	166	0	0	5	0	0	0	0	0	0	0	0	0	0	0	0	0	0	0	0	0	0	0	0	0	0		//	적용 개체 수 +5																														
//	51761	862	1	20105	1	0	405532	166	0	0	6	0	0	0	0	0	0	0	0	0	0	0	0	0	0	0	0	0	0	0	0	0	0		//	적용 개체 수 +6																														
//	51762	862	2	20105	1	0	405436	167	0	0	0	1	3	0	0	9	0	169	0	0	0	0	0	0	0	0	0	0	0	0	0	0	0		//	스킬 피해량 +3%																														
//	51763	862	2	20105	1	0	405445	167	0	0	0	1	3	0	0	9	0	337	0	0	0	0	0	0	0	0	0	0	0	0	0	0	0		//	스킬 피해량 +6%																														
//	51764	862	2	20105	1	0	405561	166	0	0	0	1	3	0	0	9	0	562	0	0	0	0	0	0	0	0	0	0	0	0	0	0	0		//	스킬 피해량 +10%																														
//	51765	862	2	20105	1	0	405454	167	0	0	0	100	3	30	0	0	0	0	0	0	0	6	0	0	0	0	0	0	0	0	0	0	0		//	스턴 확률 +3%																														
//	51766	862	2	20105	1	0	405455	167	0	0	0	100	3	60	0	0	0	0	0	0	0	6	0	0	0	0	0	0	0	0	0	0	0		//	스턴 확률 +6%																														
//	51767	862	2	20105	1	0	405453	166	0	0	0	100	3	100	0	0	0	0	0	0	0	6	0	0	0	0	0	0	0	0	0	0	0		//	스턴 확률 +10%																														
//	51768	862	3	20105	1	1	405367	167	0	0	0	1	3	0	0	9	0	562	0	0	0	0	2	3	1000	0	9	200	1	100	3000	1000	146		//	스킬 피해량 +10% & 암흑고통 : 100% 확률로 3초동안 피해 100																														
//	51769	862	3	20105	1	1	405394	167	0	0	0	1	3	0	0	9	0	674	0	0	0	0	2	3	1000	0	9	200	1	100	4000	1000	146		//	스킬 피해량 +12% & 암흑고통 : 100% 확률로 4초동안 피해 100																														
//	51770	862	3	20105	1	1	405420	166	0	0	0	1	3	0	0	9	0	843	0	0	0	0	2	3	1000	0	9	200	1	100	5000	1000	146		//	스킬 피해량 +15% & 암흑고통 : 100% 확률로 5초동안 피해 100																														
//	51771	862	3	20105	1	1	405366	167	0	0	0	1	3	0	0	9	0	562	0	0	0	0	100	3	0	0	0	0	0	0	300	0	6		//	스킬 피해량 +10% & 스턴 지속시간 +0.3초																														
//	51772	862	3	20105	1	1	405393	167	0	0	0	1	3	0	0	9	0	674	0	0	0	0	100	3	0	0	0	0	0	0	600	0	6		//	스킬 피해량 +12% & 스턴 지속시간 +0.6초																														
//	51773	862	3	20105	1	1	405419	166	0	0	0	1	3	0	0	9	0	843	0	0	0	0	100	3	0	0	0	0	0	0	1000	0	6		//	스킬 피해량 +15% & 스턴 지속시간 +1초																														
//	51774	864	1	20105	1	0	405527	167	0	0	1	0	0	0	0	0	0	0	0	0	0	0	0	0	0	0	0	0	0	0	0	0	0		//	적용 개체 수 +1																														
//	51775	864	1	20105	1	0	405528	167	0	0	2	0	0	0	0	0	0	0	0	0	0	0	0	0	0	0	0	0	0	0	0	0	0		//	적용 개체 수 +2																														
//	51776	864	1	20105	1	0	405529	166	0	0	3	0	0	0	0	0	0	0	0	0	0	0	0	0	0	0	0	0	0	0	0	0	0		//	적용 개체 수 +3																														
//	51777	864	1	20105	1	0	405347	167	0	10	0	0	0	0	0	0	0	0	0	0	0	0	0	0	0	0	0	0	0	0	0	0	0		//	스킬 범위 +1미터																														
//	51778	864	1	20105	1	0	405348	167	0	20	0	0	0	0	0	0	0	0	0	0	0	0	0	0	0	0	0	0	0	0	0	0	0		//	스킬 범위 +2미터																														
//	51779	864	1	20105	1	0	405349	166	0	30	0	0	0	0	0	0	0	0	0	0	0	0	0	0	0	0	0	0	0	0	0	0	0		//	스킬 범위 +3미터																														
//	51780	864	2	20105	1	0	405436	167	0	0	0	1	5	0	0	9	0	150	0	0	0	0	0	0	0	0	0	0	0	0	0	0	0		//	스킬 피해량 +3%																														
//	51781	864	2	20105	1	0	405445	167	0	0	0	1	5	0	0	9	0	300	0	0	0	0	0	0	0	0	0	0	0	0	0	0	0		//	스킬 피해량 +6%																														
//	51782	864	2	20105	1	0	405561	166	0	0	0	1	5	0	0	9	0	500	0	0	0	0	0	0	0	0	0	0	0	0	0	0	0		//	스킬 피해량 +10%																														
//	51783	864	2	20105	1	0	405993	167	0	0	0	210	5	0	0	302	0	0	135	0	0	0	0	0	0	0	0	0	0	0	0	0	0		//	추가 피해량 +3%																														
//	51784	864	2	20105	1	0	405994	167	0	0	0	210	5	0	0	302	0	0	270	0	0	0	0	0	0	0	0	0	0	0	0	0	0		//	추가 피해량 +6%																														
//	51785	864	2	20105	1	0	405576	166	0	0	0	210	5	0	0	302	0	0	450	0	0	0	0	0	0	0	0	0	0	0	0	0	0		//	추가 피해량 +10%																														
//	51786	864	3	20105	1	1	405375	167	0	0	0	1	5	0	0	9	0	500	0	0	0	0	2	5	1000	0	9	200	1	100	3000	1000	100		//	스킬 피해량 +10% & 중독 : 100% 확률로 3초동안 피해 100																														
//	51787	864	3	20105	1	1	405405	167	0	0	0	1	5	0	0	9	0	600	0	0	0	0	2	5	1000	0	9	200	1	100	3000	1000	100		//	스킬 피해량 +12% & 중독 : 100% 확률로 4초동안 피해 100																														
//	51788	864	3	20105	1	1	405431	166	0	0	0	1	5	0	0	9	0	751	0	0	0	0	2	5	1000	0	9	200	1	100	3000	1000	100		//	스킬 피해량 +15% & 중독 : 100% 확률로 5초동안 피해 100																														
//	51789	864	3	20105	1	1	405842	167	0	0	0	210	5	0	0	302	0	0	450	0	0	0	2	5	1000	0	9	200	1	100	3000	1000	100		//	추가 피해량 +10% & 중독 : 100% 확률로 3초동안 피해 100																														
//	51790	864	3	20105	1	1	405848	167	0	0	0	210	5	0	0	302	0	0	540	0	0	0	2	5	1000	0	9	200	1	100	3000	1000	100		//	추가 피해량 +12% & 중독 : 100% 확률로 4초동안 피해 100																														
//	51791	864	3	20105	1	1	405992	166	0	0	0	210	5	0	0	302	0	0	676	0	0	0	2	5	1000	0	9	200	1	100	3000	1000	100		//	추가 피해량 +15% & 중독 : 100% 확률로 5초동안 피해 100																														
//	51180	866	1	20105	1	0	405501	167	10	0	0	0	0	0	0	0	0	0	0	0	0	0	0	0	0	0	0	0	0	0	0	0	0		//	사거리 +1미터																														
//	51181	866	1	20105	1	0	405503	167	20	0	0	0	0	0	0	0	0	0	0	0	0	0	0	0	0	0	0	0	0	0	0	0	0		//	사거리 +2미터																														
//	51182	866	1	20105	1	0	405505	166	30	0	0	0	0	0	0	0	0	0	0	0	0	0	0	0	0	0	0	0	0	0	0	0	0		//	사거리 +3미터																														
//	51183	866	1	20105	1	0	405626	167	0	0	0	345	7	0	0	0	0	0	30	0	0	0	0	0	0	0	0	0	0	0	0	0	0		//	HP 소모량 +3%																														
//	51184	866	1	20105	1	0	405627	167	0	0	0	345	7	0	0	0	0	0	60	0	0	0	0	0	0	0	0	0	0	0	0	0	0		//	HP 소모량 +6%																														
//	51185	866	1	20105	1	0	405585	166	0	0	0	345	7	0	0	0	0	0	100	0	0	0	0	0	0	0	0	0	0	0	0	0	0		//	HP 소모량 +10%																														
//	51186	866	2	20105	1	0	405560	167	0	0	0	1	1	0	0	9	0	408	0	0	0	0	0	0	0	0	0	0	0	0	0	0	0		//	스킬 피해량 +5%																														
//	51187	866	2	20105	1	0	405561	167	0	0	0	1	1	0	0	9	0	816	0	0	0	0	0	0	0	0	0	0	0	0	0	0	0		//	스킬 피해량 +10%																														
//	51188	866	2	20105	1	0	405562	166	0	0	0	1	1	0	0	9	0	1224	0	0	0	0	0	0	0	0	0	0	0	0	0	0	0		//	스킬 피해량 +15%																														
//	51189	866	2	20105	1	0	405575	167	0	0	0	210	1	0	0	302	0	0	367	0	0	0	0	0	0	0	0	0	0	0	0	0	0		//	추가 피해량 +5%																														
//	51190	866	2	20105	1	0	405576	167	0	0	0	210	1	0	0	302	0	0	734	0	0	0	0	0	0	0	0	0	0	0	0	0	0		//	추가 피해량 +10%																														
//	51191	866	2	20105	1	0	405577	166	0	0	0	210	1	0	0	302	0	0	1102	0	0	0	0	0	0	0	0	0	0	0	0	0	0		//	추가 피해량 +15%																														
//	51192	866	3	20105	1	1	405628	167	0	0	0	345	7	0	0	0	0	0	150	0	0	0	1	1	0	0	9	0	1224	0	0	0	0		//	HP 소모량 +15% & 스킬 피해량 +15%																														
//	51193	866	3	20105	1	1	405629	167	0	0	0	345	7	0	0	0	0	0	150	0	0	0	1	1	0	0	9	0	1632	0	0	0	0		//	HP 소모량 +15% & 스킬 피해량 +20%																														
//	51194	866	3	20105	1	1	405630	166	0	0	0	345	7	0	0	0	0	0	150	0	0	0	1	1	0	0	9	0	2040	0	0	0	0		//	HP 소모량 +15% & 스킬 피해량 +25%																														
//	51195	866	3	20105	1	1	405631	167	0	0	0	345	7	0	0	0	0	0	150	0	0	0	210	1	0	0	302	0	0	1102	0	0	0		//	HP 소모량 +15% & 추가 피해량 +15%																														
//	51196	866	3	20105	1	1	405632	167	0	0	0	345	7	0	0	0	0	0	150	0	0	0	210	1	0	0	302	0	0	1469	0	0	0		//	HP 소모량 +15% & 추가 피해량 +20%																														
//	51197	866	3	20105	1	1	405633	166	0	0	0	345	7	0	0	0	0	0	150	0	0	0	210	1	0	0	302	0	0	1836	0	0	0		//	HP 소모량 +15% & 추가 피해량 +25%																														
//	51198	863	1	20105	1	0	405527	167	0	0	1	0	0	0	0	0	0	0	0	0	0	0	0	0	0	0	0	0	0	0	0	0	0		//	적용 개체수 +1																														
//	51199	863	1	20105	1	0	405528	167	0	0	2	0	0	0	0	0	0	0	0	0	0	0	0	0	0	0	0	0	0	0	0	0	0		//	적용 개체수 +2																														
//	51200	863	1	20105	1	0	405529	167	0	0	3	0	0	0	0	0	0	0	0	0	0	0	0	0	0	0	0	0	0	0	0	0	0		//	적용 개체수 +3																														
//	51201	863	1	20105	1	0	405530	167	0	0	4	0	0	0	0	0	0	0	0	0	0	0	0	0	0	0	0	0	0	0	0	0	0		//	적용 개체수 +4																														
//	51202	863	1	20105	1	0	405531	166	0	0	5	0	0	0	0	0	0	0	0	0	0	0	0	0	0	0	0	0	0	0	0	0	0		//	적용 개체수 +5																														
//	51203	863	1	20105	1	0	405532	166	0	0	6	0	0	0	0	0	0	0	0	0	0	0	0	0	0	0	0	0	0	0	0	0	0		//	적용 개체수 +6																														
//	51204	863	2	20105	1	0	405587	167	0	0	0	1	5	0	0	9	0	500	0	0	0	0	0	0	0	0	0	0	0	0	0	0	0		//	스킬 피해량 +500																														
//	51205	863	2	20105	1	0	405588	167	0	0	0	1	5	0	0	9	0	1000	0	0	0	0	0	0	0	0	0	0	0	0	0	0	0		//	스킬 피해량 +1000																														
//	51206	863	2	20105	1	0	405589	166	0	0	0	1	5	0	0	9	0	1500	0	0	0	0	0	0	0	0	0	0	0	0	0	0	0		//	스킬 피해량 +1500																														
//	51207	863	2	20105	1	0	405823	167	0	0	0	2	5	1000	0	9	200	1	200	3000	1000	100	0	0	0	0	0	0	0	0	0	0	0		//	중독 : 100% 확률로 3초동안 피해 200																														
//	51208	863	2	20105	1	0	405824	167	0	0	0	2	5	1000	0	9	200	1	200	4000	1000	100	0	0	0	0	0	0	0	0	0	0	0		//	중독 : 100% 확률로 4초동안 피해 200																														
//	51209	863	2	20105	1	0	405825	166	0	0	0	2	5	1000	0	9	200	1	200	5000	1000	100	0	0	0	0	0	0	0	0	0	0	0		//	중독 : 100% 확률로 5초동안 피해 200																														
//	51210	863	3	20105	1	1	405637	167	0	0	0	1	5	0	0	9	0	500	0	0	0	0	20	5	0	0	0	0	0	0	1000	0	108		//	스킬 피해량 +500 & 족쇄 지속시간 +1초																														
//	51211	863	3	20105	1	1	405638	167	0	0	0	1	5	0	0	9	0	1000	0	0	0	0	20	5	0	0	0	0	0	0	2000	0	108		//	스킬 피해량 +1000 & 족쇄 지속시간 +2초																														
//	51212	863	3	20105	1	1	405639	166	0	0	0	1	5	0	0	9	0	1500	0	0	0	0	20	5	0	0	0	0	0	0	3000	0	108		//	스킬 피해량 +1500 & 족쇄 지속시간 +3초																														
//	51213	863	3	20105	1	1	405640	167	0	0	0	2	5	1000	0	9	200	1	200	3000	1000	144	101	5	0	0	0	0	0	0	300	0	303		//	고통 : 100% 확률로 3초동안 피해 200 & 피어 지속시간 +0.3초																														
//	51214	863	3	20105	1	1	405641	167	0	0	0	2	5	1000	0	9	200	1	200	4000	1000	144	101	5	0	0	0	0	0	0	600	0	303		//	고통 : 100% 확률로 4초동안 피해 200 & 피어 지속시간 +0.6초																														
//	51215	863	3	20105	1	1	405642	166	0	0	0	2	5	1000	0	9	200	1	200	5000	1000	144	101	5	0	0	0	0	0	0	1000	0	303		//	고통 : 100% 확률로 5초동안 피해 200 & 피어 지속시간 +1초																														
//	51792	461	1	20105	1	0	405527	167	0	0	1	0	0	0	0	0	0	0	0	0	0	0	0	0	0	0	0	0	0	0	0	0	0		//	적용 개체 수 +1																														
//	51793	461	1	20105	1	0	405528	167	0	0	2	0	0	0	0	0	0	0	0	0	0	0	0	0	0	0	0	0	0	0	0	0	0		//	적용 개체 수 +2																														
//	51794	461	1	20105	1	0	405529	166	0	0	3	0	0	0	0	0	0	0	0	0	0	0	0	0	0	0	0	0	0	0	0	0	0		//	적용 개체 수 +3																														
//	51795	461	1	20105	1	0	405501	167	10	0	0	0	0	0	0	0	0	0	0	0	0	0	0	0	0	0	0	0	0	0	0	0	0		//	사거리 +1미터																														
//	51796	461	1	20105	1	0	405503	167	20	0	0	0	0	0	0	0	0	0	0	0	0	0	0	0	0	0	0	0	0	0	0	0	0		//	사거리 +2미터																														
//	51797	461	1	20105	1	0	405505	166	30	0	0	0	0	0	0	0	0	0	0	0	0	0	0	0	0	0	0	0	0	0	0	0	0		//	사거리 +3미터																														
//	51798	461	2	20105	1	0	405436	167	0	0	0	1	3	0	0	9	1	129	0	0	0	0	0	0	0	0	0	0	0	0	0	0	0		//	스킬 피해량 +3%																														
//	51799	461	2	20105	1	0	405445	167	0	0	0	1	3	0	0	9	1	258	0	0	0	0	0	0	0	0	0	0	0	0	0	0	0		//	스킬 피해량 +6%																														
//	51800	461	2	20105	1	0	405561	166	0	0	0	1	3	0	0	9	1	430	0	0	0	0	0	0	0	0	0	0	0	0	0	0	0		//	스킬 피해량 +10%																														
//	51801	461	2	20105	1	0	405272	167	0	0	0	100	3	0	0	0	0	0	0	100	0	3	0	0	0	0	0	0	0	0	0	0	0		//	다운 지속시간 +0.1초																														
//	51802	461	2	20105	1	0	405551	167	0	0	0	100	3	0	0	0	0	0	0	300	0	3	0	0	0	0	0	0	0	0	0	0	0		//	다운 지속시간 +0.3초																														
//	51803	461	2	20105	1	0	405273	166	0	0	0	100	3	0	0	0	0	0	0	500	0	3	0	0	0	0	0	0	0	0	0	0	0		//	다운 지속시간 +0.5초																														
//	51804	461	3	20105	1	1	405372	167	0	0	0	1	3	0	0	9	1	430	0	0	0	0	20	3	1000	0	0	0	2	-100	3000	0	108		//	스킬 피해량 +10% & 족쇄 : 100% 확률로 3초동안 이동속도 -10%																														
//	51805	461	3	20105	1	1	405401	167	0	0	0	1	3	0	0	9	1	516	0	0	0	0	20	3	1000	0	0	0	2	-200	3000	0	108		//	스킬 피해량 +12% & 족쇄 : 100% 확률로 3초동안 이동속도 -20%																														
//	51806	461	3	20105	1	1	405427	166	0	0	0	1	3	0	0	9	1	644	0	0	0	0	20	3	1000	0	0	0	2	-300	3000	0	108		//	스킬 피해량 +15% & 족쇄 : 100% 확률로 3초동안 이동속도 -30%																														
//	51807	461	3	20105	1	1	405838	167	0	0	0	210	5	0	0	0	11	0	301	0	0	0	100	3	30	0	0	0	0	0	0	0	3		//	추가 피해량 +10% & 다운 확률 +3%																														
//	51808	461	3	20105	1	1	405844	167	0	0	0	210	5	0	0	0	11	0	361	0	0	0	100	3	60	0	0	0	0	0	0	0	3		//	추가 피해량 +12% & 다운 확률 +6%																														
//	51809	461	3	20105	1	1	405850	166	0	0	0	210	5	0	0	0	11	0	451	0	0	0	100	3	100	0	0	0	0	0	0	0	3		//	추가 피해량 +15% & 다운 확률 +10%																														
//	51810	467	1	20105	1	0	405276	167	0	0	0	8	1	0	0	0	0	0	-50	0	0	0	0	0	0	0	0	0	0	0	0	0	0		//	대상의 MP -5%																														
//	51811	467	1	20105	1	0	405274	167	0	0	0	8	1	0	0	0	0	0	-100	0	0	0	0	0	0	0	0	0	0	0	0	0	0		//	대상의 MP -10%																														
//	51812	467	1	20105	1	0	405275	166	0	0	0	8	1	0	0	0	0	0	-150	0	0	0	0	0	0	0	0	0	0	0	0	0	0		//	대상의 MP -15%																														
//	51813	467	1	20105	1	0	405302	167	0	0	0	9	7	1000	0	0	0	1	20	3000	0	206	0	0	0	0	0	0	0	0	0	0	0		//	명상 : 100% 확률로 3초동안 MP 회복량 +20																														
//	51814	467	1	20105	1	0	405303	167	0	0	0	9	7	1000	0	0	0	1	20	5000	0	206	0	0	0	0	0	0	0	0	0	0	0		//	명상 : 100% 확률로 5초동안 MP 회복량 +20																														
//	51815	467	1	20105	1	0	405301	166	0	0	0	9	7	1000	0	0	0	1	20	10000	0	206	0	0	0	0	0	0	0	0	0	0	0		//	명상 : 100% 확률로 10초동안 MP 회복량 +20																														
//	51816	467	2	20105	1	0	405436	167	0	0	0	1	1	0	0	2	2	126	0	0	0	0	0	0	0	0	0	0	0	0	0	0	0		//	스킬 피해량 +3%																														
//	51817	467	2	20105	1	0	405445	167	0	0	0	1	1	0	0	2	2	252	0	0	0	0	0	0	0	0	0	0	0	0	0	0	0		//	스킬 피해량 +6%																														
//	51818	467	2	20105	1	0	405561	166	0	0	0	1	1	0	0	2	2	420	0	0	0	0	0	0	0	0	0	0	0	0	0	0	0		//	스킬 피해량 +10%																														
//	51819	467	2	20105	1	0	405563	167	0	0	0	20	1	0	0	0	0	0	0	1000	0	108	0	0	0	0	0	0	0	0	0	0	0		//	족쇄 지속시간 +1초																														
//	51820	467	2	20105	1	0	405564	167	0	0	0	20	1	0	0	0	0	0	0	2000	0	108	0	0	0	0	0	0	0	0	0	0	0		//	족쇄 지속시간 +2초																														
//	51821	467	2	20105	1	0	405565	166	0	0	0	20	1	0	0	0	0	0	0	3000	0	108	0	0	0	0	0	0	0	0	0	0	0		//	족쇄 지속시간 +3초																														
//	51822	467	3	20105	1	1	405378	167	0	0	0	1	1	0	0	2	2	420	0	0	0	0	2	1	1000	0	9	200	1	100	3000	1000	102		//	스킬 피해량 +10% & 화상 : 100% 확률로 3초동안 피해 100																														
//	51823	467	3	20105	1	1	405408	167	0	0	0	1	1	0	0	2	2	504	0	0	0	0	2	1	1000	0	9	200	1	100	4000	1000	102		//	스킬 피해량 +12% & 화상 : 100% 확률로 4초동안 피해 100																														
//	51824	467	3	20105	1	1	405434	166	0	0	0	1	1	0	0	2	2	630	0	0	0	0	2	1	1000	0	9	200	1	100	5000	1000	102		//	스킬 피해량 +15% & 화상 : 100% 확률로 5초동안 피해 100																														
//	51825	467	3	20105	1	1	405373	167	0	0	0	1	1	0	0	2	2	420	0	0	0	0	20	1	0	0	0	0	0	-100	0	0	108		//	스킬 피해량 +10% & 족쇄 감소량 -10%																														
//	51826	467	3	20105	1	1	405403	167	0	0	0	1	1	0	0	2	2	504	0	0	0	0	20	1	0	0	0	0	0	-200	0	0	108		//	스킬 피해량 +12% & 족쇄 감소량 -20%																														
//	51827	467	3	20105	1	1	405429	166	0	0	0	1	1	0	0	2	2	630	0	0	0	0	20	1	0	0	0	0	0	-300	0	0	108		//	스킬 피해량 +15% & 족쇄 감소량 -30%																														
//	51216	469	1	20105	1	0	405608	167	0	0	0	28	7	0	0	0	0	0	0	500	0	312	0	0	0	0	0	0	0	0	0	0	0		//	스킬 피해량 지속시간 +0.5초																														
//	51217	469	1	20105	1	0	405609	167	0	0	0	28	7	0	0	0	0	0	0	1000	0	312	0	0	0	0	0	0	0	0	0	0	0		//	스킬 피해량 지속시간 +1초																														
//	51218	469	1	20105	1	0	405610	167	0	0	0	28	7	0	0	0	0	0	0	1500	0	312	0	0	0	0	0	0	0	0	0	0	0		//	스킬 피해량 지속시간 +1.5초																														
//	51219	469	1	20105	1	0	405611	167	0	0	0	28	7	0	0	0	0	0	0	2000	0	312	0	0	0	0	0	0	0	0	0	0	0		//	스킬 피해량 지속시간 +2초																														
//	51220	469	1	20105	1	0	405612	166	0	0	0	28	7	0	0	0	0	0	0	2500	0	312	0	0	0	0	0	0	0	0	0	0	0		//	스킬 피해량 지속시간 +2.5초																														
//	51221	469	1	20105	1	0	405613	166	0	0	0	28	7	0	0	0	0	0	0	3000	0	312	0	0	0	0	0	0	0	0	0	0	0		//	스킬 피해량 지속시간 +3초																														
//	51222	469	2	20105	1	0	405614	167	0	0	0	28	7	0	0	0	0	0	50	0	0	312	0	0	0	0	0	0	0	0	0	0	0		//	스킬 피해량 증가 +5%																														
//	51223	469	2	20105	1	0	405615	167	0	0	0	28	7	0	0	0	0	0	100	0	0	312	0	0	0	0	0	0	0	0	0	0	0		//	스킬 피해량 증가 +10%																														
//	51224	469	2	20105	1	0	405616	167	0	0	0	28	7	0	0	0	0	0	150	0	0	312	0	0	0	0	0	0	0	0	0	0	0		//	스킬 피해량 증가 +15%																														
//	51225	469	2	20105	1	0	405617	167	0	0	0	28	7	0	0	0	0	0	200	0	0	312	0	0	0	0	0	0	0	0	0	0	0		//	스킬 피해량 증가 +20%																														
//	51226	469	2	20105	1	0	405618	166	0	0	0	28	7	0	0	0	0	0	250	0	0	312	0	0	0	0	0	0	0	0	0	0	0		//	스킬 피해량 증가 +25%																														
//	51227	469	2	20105	1	0	405619	166	0	0	0	28	7	0	0	0	0	0	300	0	0	312	0	0	0	0	0	0	0	0	0	0	0		//	스킬 피해량 증가 +30%																														
//	51228	469	3	20105	1	1	405643	167	0	0	0	28	7	0	0	0	0	0	0	1000	0	312	25	7	1000	0	1	0	1	5	20000	0	1508		//	스킬 피해량 지속시간 +1초 & 20초동안 크리티컬 확률 +5%																														
//	51229	469	3	20105	1	1	405644	167	0	0	0	28	7	0	0	0	0	0	0	2000	0	312	25	7	1000	0	1	0	1	5	20000	0	1508		//	스킬 피해량 지속시간 +2초 & 20초동안 크리티컬 확률 +5%																														
//	51230	469	3	20105	1	1	405645	166	0	0	0	28	7	0	0	0	0	0	0	3000	0	312	25	7	1000	0	1	0	1	10	20000	0	1508		//	스킬 피해량 지속시간 +3초 & 20초동안 크리티컬 확률 +10%																														
//	51231	469	3	20105	1	1	405646	167	0	0	0	28	7	0	0	0	0	0	100	0	0	312	25	7	1000	0	1	0	1	5	20000	0	1508		//	스킬 피해량 증가 +10% & 20초동안 크리티컬 확률 +5%																														
//	51232	469	3	20105	1	1	405647	167	0	0	0	28	7	0	0	0	0	0	200	0	0	312	25	7	1000	0	1	0	1	5	20000	0	1508		//	스킬 피해량 증가 +20% & 20초동안 크리티컬 확률 +5%																														
//	51233	469	3	20105	1	1	405648	166	0	0	0	28	7	0	0	0	0	0	300	0	0	312	25	7	1000	0	1	0	1	10	20000	0	1508		//	스킬 피해량 증가 +30% & 20초동안 크리티컬 확률 +10%																														
//	51234	470	1	20105	1	0	405500	167	50	0	0	0	0	0	0	0	0	0	0	0	0	0	0	0	0	0	0	0	0	0	0	0	0		//	사거리 +0.5미터																														
//	51235	470	1	20105	1	0	405501	167	10	0	0	0	0	0	0	0	0	0	0	0	0	0	0	0	0	0	0	0	0	0	0	0	0		//	사거리 +1미터																														
//	51236	470	1	20105	1	0	405502	167	15	0	0	0	0	0	0	0	0	0	0	0	0	0	0	0	0	0	0	0	0	0	0	0	0		//	사거리 +1.5미터																														
//	51237	470	1	20105	1	0	405503	167	20	0	0	0	0	0	0	0	0	0	0	0	0	0	0	0	0	0	0	0	0	0	0	0	0		//	사거리 +2미터																														
//	51238	470	1	20105	1	0	405504	166	25	0	0	0	0	0	0	0	0	0	0	0	0	0	0	0	0	0	0	0	0	0	0	0	0		//	사거리 +2.5미터																														
//	51239	470	1	20105	1	0	405505	166	30	0	0	0	0	0	0	0	0	0	0	0	0	0	0	0	0	0	0	0	0	0	0	0	0		//	사거리 +3미터																														
//	51240	470	2	20105	1	0	405560	167	0	0	0	1	1	0	0	9	0	247	0	0	0	0	0	0	0	0	0	0	0	0	0	0	0		//	스킬 피해량 +5%																														
//	51241	470	2	20105	1	0	405561	167	0	0	0	1	1	0	0	9	0	494	0	0	0	0	0	0	0	0	0	0	0	0	0	0	0		//	스킬 피해량 +10%																														
//	51242	470	2	20105	1	0	405562	166	0	0	0	1	1	0	0	9	0	741	0	0	0	0	0	0	0	0	0	0	0	0	0	0	0		//	스킬 피해량 +15%																														
//	51243	470	2	20105	1	0	405649	167	0	0	0	100	1	0	0	0	0	0	0	300	0	219	0	0	0	0	0	0	0	0	0	0	0		//	홀딩 지속시간 +0.3초																														
//	51244	470	2	20105	1	0	405650	167	0	0	0	100	1	0	0	0	0	0	0	600	0	219	0	0	0	0	0	0	0	0	0	0	0		//	홀딩 지속시간 +0.6초																														
//	51245	470	2	20105	1	0	405651	166	0	0	0	100	1	0	0	0	0	0	0	1000	0	219	0	0	0	0	0	0	0	0	0	0	0		//	홀딩 지속시간 +1초																														
//	51246	470	3	20105	1	1	405652	167	0	0	0	1	1	0	0	9	0	741	0	0	0	0	2	1	1000	0	9	200	1	200	3000	1000	102		//	스킬 피해량 15% & 화상 : 100% 확률로 3초동안 피해 200																														
//	51247	470	3	20105	1	1	405653	167	0	0	0	1	1	0	0	9	0	988	0	0	0	0	2	1	1000	0	9	200	1	200	3000	1000	102		//	스킬 피해량 20% & 화상 : 100% 확률로 4초동안 피해 200																														
//	51248	470	3	20105	1	1	405654	166	0	0	0	1	1	0	0	9	0	1235	0	0	0	0	2	1	1000	0	9	200	1	200	3000	1000	102		//	스킬 피해량 25% & 화상 : 100% 확률로 5초동안 피해 200																														
//	51249	470	3	20105	1	1	405655	167	0	0	0	1	1	0	0	9	0	741	0	0	0	0	100	1	0	0	0	0	0	0	300	0	219		//	스킬 피해량 15% & 홀딩 지속시간 +0.3초																														
//	51250	470	3	20105	1	1	405656	167	0	0	0	1	1	0	0	9	0	988	0	0	0	0	100	1	0	0	0	0	0	0	600	0	219		//	스킬 피해량 20% & 홀딩 지속시간 +0.6초																														
//	51251	470	3	20105	1	1	405657	166	0	0	0	1	1	0	0	9	0	1235	0	0	0	0	100	1	0	0	0	0	0	0	1000	0	219		//	스킬 피해량 25% & 홀딩 지속시간 +1초																														
//	51828	508	1	20105	1	0	405486	334	0	0	0	221	10	0	0	150	0	0	0	0	0	0	0	0	0	0	0	0	0	0	0	0	0		//	워배틀러 최대 HP +15%																														
//	51829	508	1	20105	1	0	405487	334	0	0	0	221	10	0	0	300	0	0	0	0	0	0	0	0	0	0	0	0	0	0	0	0	0		//	워배틀러 최대 HP +30%																														
//	51830	508	1	20105	1	0	405488	332	0	0	0	221	10	0	0	500	0	0	0	0	0	0	0	0	0	0	0	0	0	0	0	0	0		//	워배틀러 최대 HP +50%																														
//	51834	508	2	20105	1	0	405480	334	0	0	0	221	10	0	0	0	0	0	150	0	0	0	0	0	0	0	0	0	0	0	0	0	0		//	워배틀러 기본 방어력 +15%																														
//	51835	508	2	20105	1	0	405481	334	0	0	0	221	10	0	0	0	0	0	300	0	0	0	0	0	0	0	0	0	0	0	0	0	0		//	워배틀러 기본 방어력 +30%																														
//	51836	508	2	20105	1	0	405482	332	0	0	0	221	10	0	0	0	0	0	500	0	0	0	0	0	0	0	0	0	0	0	0	0	0		//	워배틀러 기본 방어력 +50%																														
//	51840	508	3	20105	1	1	405474	167	0	0	0	221	10	0	0	0	0	150	0	0	0	0	363	10	0	0	150	0	0	0	0	0	0		//	워배틀러 기본 공격력 +15% & 스킬 공격력 +15%																														
//	51841	508	3	20105	1	1	405476	167	0	0	0	221	10	0	0	0	0	300	0	0	0	0	363	10	0	0	300	0	0	0	0	0	0		//	워배틀러 기본 공격력 +30% & 스킬 공격력 +30%																														
//	51842	508	3	20105	1	1	405478	166	0	0	0	221	10	0	0	0	0	500	0	0	0	0	363	10	0	0	500	0	0	0	0	0	0		//	워배틀러 기본 공격력 +50% & 스킬 공격력 +50%																														
//	51843	508	3	20105	1	1	405475	167	0	0	0	221	10	0	0	0	0	150	0	0	0	0	358	10	0	0	0	150	0	0	0	0	0		//	워배틀러 기본 공격력 +15% & 원소 공격력 +15%																														
//	51844	508	3	20105	1	1	405477	167	0	0	0	221	10	0	0	0	0	300	0	0	0	0	358	10	0	0	0	300	0	0	0	0	0		//	워배틀러 기본 공격력 +30% & 원소 공격력 +30%																														
//	51845	508	3	20105	1	1	405479	166	0	0	0	221	10	0	0	0	0	500	0	0	0	0	358	10	0	0	0	500	0	0	0	0	0		//	워배틀러 기본 공격력 +50% & 원소 공격력 +50%																														
//	51846	511	1	20105	1	0	405292	334	0	0	0	221	10	0	0	150	0	0	0	0	0	0	0	0	0	0	0	0	0	0	0	0	0		//	디스트로이어 최대 HP +15%																														
//	51847	511	1	20105	1	0	405293	334	0	0	0	221	10	0	0	300	0	0	0	0	0	0	0	0	0	0	0	0	0	0	0	0	0		//	디스트로이어 최대 HP +30%																														
//	51848	511	1	20105	1	0	405294	332	0	0	0	221	10	0	0	500	0	0	0	0	0	0	0	0	0	0	0	0	0	0	0	0	0		//	디스트로이어 최대 HP +50%																														
//	51852	511	2	20105	1	0	405289	167	0	0	0	363	10	0	0	0	0	0	0	150	0	0	0	0	0	0	0	0	0	0	0	0	0		//	디스트로이어 상대 모든 원소 저항률 감소 +15%																														
//	51853	511	2	20105	1	0	405290	167	0	0	0	363	10	0	0	0	0	0	0	300	0	0	0	0	0	0	0	0	0	0	0	0	0		//	디스트로이어 상대 모든 원소 저항률 감소 +30%																														
//	51854	511	2	20105	1	0	405291	166	0	0	0	363	10	0	0	0	0	0	0	500	0	0	0	0	0	0	0	0	0	0	0	0	0		//	디스트로이어 상대 모든 원소 저항률 감소 +50%																														
//	51855	511	2	20105	1	0	405277	167	0	0	0	363	10	0	0	0	0	0	150	0	0	0	0	0	0	0	0	0	0	0	0	0	0		//	디스트로이어 가해 디버프 시간 +15%																														
//	51856	511	2	20105	1	0	405278	167	0	0	0	363	10	0	0	0	0	0	300	0	0	0	0	0	0	0	0	0	0	0	0	0	0		//	디스트로이어 가해 디버프 시간 +30%																														
//	51857	511	2	20105	1	0	405279	166	0	0	0	363	10	0	0	0	0	0	500	0	0	0	0	0	0	0	0	0	0	0	0	0	0		//	디스트로이어 가해 디버프 시간 +50%																														
//	51858	511	3	20105	1	1	405280	167	0	0	0	221	10	0	0	0	0	150	0	0	0	0	363	10	0	0	150	0	0	0	0	0	0		//	디스트로이어 기본 공격력 +15% & 스킬 공격력 +15%																														
//	51859	511	3	20105	1	1	405282	167	0	0	0	221	10	0	0	0	0	300	0	0	0	0	363	10	0	0	300	0	0	0	0	0	0		//	디스트로이어 기본 공격력 +30% & 스킬 공격력 +30%																														
//	51860	511	3	20105	1	1	405284	166	0	0	0	221	10	0	0	0	0	500	0	0	0	0	363	10	0	0	500	0	0	0	0	0	0		//	디스트로이어 기본 공격력 +50% & 스킬 공격력 +50%																														
//	51861	511	3	20105	1	1	405281	167	0	0	0	221	10	0	0	0	0	150	0	0	0	0	358	10	0	0	0	150	0	0	0	0	0		//	디스트로이어 기본 공격력 +15% & 원소 공격력 +15%																														
//	51862	511	3	20105	1	1	405283	167	0	0	0	221	10	0	0	0	0	300	0	0	0	0	358	10	0	0	0	300	0	0	0	0	0		//	디스트로이어 기본 공격력 +30% & 원소 공격력 +30%																														
//	51863	511	3	20105	1	1	405285	166	0	0	0	221	10	0	0	0	0	500	0	0	0	0	358	10	0	0	0	500	0	0	0	0	0		//	디스트로이어 기본 공격력 +50% & 원소 공격력 +50%																														
//	51252	522	1	20105	1	0	405658	167	0	0	0	228	13	0	0	1	1	0	0	5000	0	1303	0	0	0	0	0	0	0	0	0	0	0		//	아드레날린 지속시간 +5초																														
//	51253	522	1	20105	1	0	405659	167	0	0	0	228	13	0	0	1	1	0	0	10000	0	1303	0	0	0	0	0	0	0	0	0	0	0		//	아드레날린 지속시간 +10초																														
//	51254	522	1	20105	1	0	405660	167	0	0	0	228	13	0	0	1	1	0	0	15000	0	1303	0	0	0	0	0	0	0	0	0	0	0		//	아드레날린 지속시간 +15초																														
//	51255	522	1	20105	1	0	405661	167	0	0	0	228	13	0	0	1	1	0	0	20000	0	1303	0	0	0	0	0	0	0	0	0	0	0		//	아드레날린 지속시간 +20초																														
//	51256	522	1	20105	1	0	405662	166	0	0	0	228	13	0	0	1	1	0	0	25000	0	1303	0	0	0	0	0	0	0	0	0	0	0		//	아드레날린 지속시간 +25초																														
//	51257	522	1	20105	1	0	405663	166	0	0	0	228	13	0	0	1	1	0	0	30000	0	1303	0	0	0	0	0	0	0	0	0	0	0		//	아드레날린 지속시간 +30초																														
//	51258	522	2	20105	1	0	405826	167	0	0	0	228	13	0	0	1	1	50	0	0	0	1303	0	0	0	0	0	0	0	0	0	0	0		//	기본 공격력 & 모든 원소 공격력 +5%																														
//	51259	522	2	20105	1	0	405664	167	0	0	0	228	13	0	0	1	1	100	0	0	0	1303	0	0	0	0	0	0	0	0	0	0	0		//	기본 공격력 & 모든 원소 공격력 +10%																														
//	51260	522	2	20105	1	0	405665	167	0	0	0	228	13	0	0	1	1	150	0	0	0	1303	0	0	0	0	0	0	0	0	0	0	0		//	기본 공격력 & 모든 원소 공격력 +15%																														
//	51261	522	2	20105	1	0	405666	167	0	0	0	228	13	0	0	1	1	200	0	0	0	1303	0	0	0	0	0	0	0	0	0	0	0		//	기본 공격력 & 모든 원소 공격력 +20%																														
//	51262	522	2	20105	1	0	405827	166	0	0	0	228	13	0	0	1	1	250	0	0	0	1303	0	0	0	0	0	0	0	0	0	0	0		//	기본 공격력 & 모든 원소 공격력 +25%																														
//	51263	522	2	20105	1	0	405828	166	0	0	0	228	13	0	0	1	1	300	0	0	0	1303	0	0	0	0	0	0	0	0	0	0	0		//	기본 공격력 & 모든 원소 공격력 +30%																														
//	51264	522	3	20105	1	0	405670	167	0	0	0	102	7	1000	0	0	0	50	100	3000	1000	222	0	0	0	0	0	0	0	0	0	0	0		//	레인지 : 100% 확률로 3초동안 레인지 피해 100																														
//	51265	522	3	20105	1	0	405671	167	0	0	0	102	7	1000	0	0	0	50	100	5000	1000	222	0	0	0	0	0	0	0	0	0	0	0		//	레인지 : 100% 확률로 5초동안 레인지 피해 100																														
//	51266	522	3	20105	1	0	405672	166	0	0	0	102	7	1000	0	0	0	50	100	10000	1000	222	0	0	0	0	0	0	0	0	0	0	0		//	레인지 : 100% 확률로 10초동안 레인지 피해 100																														
//	51267	522	3	20105	1	0	405673	167	0	0	0	102	7	1000	0	0	0	50	200	3000	1000	222	0	0	0	0	0	0	0	0	0	0	0		//	레인지 : 100% 확률로 3초동안 레인지 피해 200																														
//	51268	522	3	20105	1	0	405674	167	0	0	0	102	7	1000	0	0	0	50	200	5000	1000	222	0	0	0	0	0	0	0	0	0	0	0		//	레인지 : 100% 확률로 5초동안 레인지 피해 200																														
//	51269	522	3	20105	1	0	405675	166	0	0	0	102	7	1000	0	0	0	50	200	10000	1000	222	0	0	0	0	0	0	0	0	0	0	0		//	레인지 : 100% 확률로 10초동안 레인지 피해 200																														
//	51270	524	1	20105	1	0	405676	167	0	0	0	24	7	0	0	2	0	0	50	0	0	210	0	0	0	0	0	0	0	0	0	0	0		//	스킬 사정거리 +5%																														
//	51271	524	1	20105	1	0	405677	167	0	0	0	24	7	0	0	2	0	0	100	0	0	210	0	0	0	0	0	0	0	0	0	0	0		//	스킬 사정거리 +10%																														
//	51272	524	1	20105	1	0	405678	166	0	0	0	24	7	0	0	2	0	0	150	0	0	210	0	0	0	0	0	0	0	0	0	0	0		//	스킬 사정거리 +15%																														
//	51273	524	1	20105	1	0	405679	167	0	0	0	24	7	0	0	2	0	0	0	5000	0	210	0	0	0	0	0	0	0	0	0	0	0		//	시야 지속시간 +5초																														
//	51274	524	1	20105	1	0	405680	167	0	0	0	24	7	0	0	2	0	0	0	10000	0	210	0	0	0	0	0	0	0	0	0	0	0		//	시야 지속시간 +10초																														
//	51275	524	1	20105	1	0	405681	166	0	0	0	24	7	0	0	2	0	0	0	15000	0	210	0	0	0	0	0	0	0	0	0	0	0		//	시야 지속시간 +15초																														
//	51276	524	2	20105	1	0	405682	167	0	0	0	21	7	0	0	0	0	0	0	10000	0	962	0	0	0	0	0	0	0	0	0	0	0		//	기세 지속시간 +10초																														
//	51277	524	2	20105	1	0	405683	167	0	0	0	21	7	0	0	0	0	0	0	20000	0	962	0	0	0	0	0	0	0	0	0	0	0		//	기세 지속시간 +20초																														
//	51278	524	2	20105	1	0	405684	166	0	0	0	21	7	0	0	0	0	0	0	30000	0	962	0	0	0	0	0	0	0	0	0	0	0		//	기세 지속시간 +30초																														
//	51279	524	2	20105	1	0	405680	167	0	0	0	24	7	0	0	2	0	0	0	10000	0	210	0	0	0	0	0	0	0	0	0	0	0		//	시야 지속시간 +10초																														
//	51280	524	2	20105	1	0	405685	167	0	0	0	24	7	0	0	2	0	0	0	20000	0	210	0	0	0	0	0	0	0	0	0	0	0		//	시야 지속시간 +20초																														
//	51281	524	2	20105	1	0	405686	166	0	0	0	24	7	0	0	2	0	0	0	30000	0	210	0	0	0	0	0	0	0	0	0	0	0		//	시야 지속시간 +30초																														
//	51282	524	3	20105	1	1	405687	167	0	0	0	25	7	1000	0	1	0	1	5	60000	0	1508	26	7	1000	0	1	0	2	50	60000	0	1510		//	1분동안 크리티컬 확률 +5% & 1분동안 크리티컬 데미지 +5%																														
//	51283	524	3	20105	1	1	405688	167	0	0	0	25	7	1000	0	1	0	1	5	120000	0	1508	26	7	1000	0	1	0	2	50	120000	0	1510		//	2분동안 크리티컬 확률 +5% & 2분동안 크리티컬 데미지 +5%																														
//	51284	524	3	20105	1	1	405689	166	0	0	0	25	7	1000	0	1	0	1	5	180000	0	1508	26	7	1000	0	1	0	2	50	180000	0	1510		//	3분동안 크리티컬 확률 +5% & 3분동안 크리티컬 데미지 +5%																														
//	51285	524	3	20105	1	1	405690	167	0	0	0	11	7	1000	0	9	0	2	50	6000	0	169	28	7	1000	0	0	0	5	50	6000	0	312		//	1분동안 기본공격력 +5% & 1분동안 스킬 피해량 +5%																														
//	51286	524	3	20105	1	1	405691	167	0	0	0	11	7	1000	0	9	0	2	50	120000	0	169	28	7	1000	0	0	0	5	50	120000	0	312		//	2분동안 기본공격력 +5% & 2분동안 스킬 피해량 +5%																														
//	51287	524	3	20105	1	1	405692	166	0	0	0	11	7	1000	0	9	0	2	50	180000	0	169	28	7	1000	0	0	0	5	50	180000	0	312		//	3분동안 기본공격력 +5% & 3분동안 스킬 피해량 +5%																														
//	51864	717	1	20105	1	0	405527	167	0	0	1	0	0	0	0	0	0	0	0	0	0	0	0	0	0	0	0	0	0	0	0	0	0		//	적용 개체 수 +1																														
//	51865	717	1	20105	1	0	405528	167	0	0	2	0	0	0	0	0	0	0	0	0	0	0	0	0	0	0	0	0	0	0	0	0	0		//	적용 개체 수 +2																														
//	51866	717	1	20105	1	0	405529	166	0	0	3	0	0	0	0	0	0	0	0	0	0	0	0	0	0	0	0	0	0	0	0	0	0		//	적용 개체 수 +3																														
//	51867	717	1	20105	1	0	405501	167	10	0	0	0	0	0	0	0	0	0	0	0	0	0	0	0	0	0	0	0	0	0	0	0	0		//	사거리 +1미터																														
//	51868	717	1	20105	1	0	405503	167	20	0	0	0	0	0	0	0	0	0	0	0	0	0	0	0	0	0	0	0	0	0	0	0	0		//	사거리 +2미터																														
//	51869	717	1	20105	1	0	405505	166	30	0	0	0	0	0	0	0	0	0	0	0	0	0	0	0	0	0	0	0	0	0	0	0	0		//	사거리 +3미터																														
//	51870	717	2	20105	1	0	405436	167	0	0	0	1	3	0	0	9	0	118	0	0	0	0	0	0	0	0	0	0	0	0	0	0	0		//	스킬 피해량 +3%																														
//	51871	717	2	20105	1	0	405445	167	0	0	0	1	3	0	0	9	0	236	0	0	0	0	0	0	0	0	0	0	0	0	0	0	0		//	스킬 피해량 +6%																														
//	51872	717	2	20105	1	0	405561	166	0	0	0	1	3	0	0	9	0	393	0	0	0	0	0	0	0	0	0	0	0	0	0	0	0		//	스킬 피해량 +10%																														
//	51873	717	2	20105	1	0	404235	167	0	0	0	2	3	0	0	9	200	0	14	0	0	102	0	0	0	0	0	0	0	0	0	0	0		//	화상 피해량 +3%																														
//	51874	717	2	20105	1	0	404236	167	0	0	0	2	3	0	0	9	200	0	28	0	0	102	0	0	0	0	0	0	0	0	0	0	0		//	화상 피해량 +6%																														
//	51875	717	2	20105	1	0	404234	166	0	0	0	2	3	0	0	9	200	0	46	0	0	102	0	0	0	0	0	0	0	0	0	0	0		//	화상 피해량 +10%																														
//	51876	717	3	20105	1	0	404231	167	0	0	0	2	3	0	0	9	200	0	0	1000	0	102	0	0	0	0	0	0	0	0	0	0	0		//	화상 지속시간 +1초																														
//	51877	717	3	20105	1	0	404232	167	0	0	0	2	3	0	0	9	200	0	0	2000	0	102	0	0	0	0	0	0	0	0	0	0	0		//	화상 지속시간 +2초																														
//	51878	717	3	20105	1	0	404233	166	0	0	0	2	3	0	0	9	200	0	0	3000	0	102	0	0	0	0	0	0	0	0	0	0	0		//	화상 지속시간 +3초																														
//	51879	717	3	20105	1	1	405379	167	0	0	0	1	3	0	0	9	0	393	0	0	0	0	2	3	0	0	9	200	0	0	1000	0	102		//	스킬 피해량 +10% & 화상 지속시간 +1초																														
//	51880	717	3	20105	1	1	405409	167	0	0	0	1	3	0	0	9	0	472	0	0	0	0	2	3	0	0	9	200	0	0	2000	0	102		//	스킬 피해량 +12% & 화상 지속시간 +2초																														
//	51881	717	3	20105	1	1	405435	166	0	0	0	1	3	0	0	9	0	590	0	0	0	0	2	3	0	0	9	200	0	0	3000	0	102		//	스킬 피해량 +15% & 화상 지속시간 +3초																														
//	51882	703	1	20105	1	0	405492	167	0	0	0	20	1	300	0	0	0	2	-150	3000	0	108	0	0	0	0	0	0	0	0	0	0	0		//	족쇄 : 30% 확률로 3초동안 이동속도 -15%																														
//	51883	703	1	20105	1	0	405493	167	0	0	0	20	1	600	0	0	0	2	-150	4000	0	108	0	0	0	0	0	0	0	0	0	0	0		//	족쇄 : 60% 확률로 4초동안 이동속도 -30%																														
//	51884	703	1	20105	1	0	405494	166	0	0	0	20	1	900	0	0	0	2	-150	5000	0	108	0	0	0	0	0	0	0	0	0	0	0		//	족쇄 : 90% 확률로 5초동안 이동속도 -50%																														
//	51885	703	1	20105	1	0	405466	167	0	0	0	14	1	300	0	9	0	2	-100	3000	0	105	0	0	0	0	0	0	0	0	0	0	0		//	약체 : 30% 확률로 3초동안 방어력 -10%																														
//	51886	703	1	20105	1	0	405468	167	0	0	0	14	1	600	0	9	0	2	-150	4000	0	105	0	0	0	0	0	0	0	0	0	0	0		//	약체 : 60% 확률로 4초동안 방어력 -15%																														
//	51887	703	1	20105	1	0	405470	166	0	0	0	14	1	900	0	9	0	2	-200	5000	0	105	0	0	0	0	0	0	0	0	0	0	0		//	약체 : 90% 확률로 5초동안 방어력 -20%																														
//	51888	703	2	20105	1	0	405436	167	0	0	0	1	1	0	0	0	0	269	0	0	0	0	0	0	0	0	0	0	0	0	0	0	0		//	스킬 피해량 +3%																														
//	51889	703	2	20105	1	0	405445	167	0	0	0	1	1	0	0	0	0	537	0	0	0	0	0	0	0	0	0	0	0	0	0	0	0		//	스킬 피해량 +6%																														
//	51890	703	2	20105	1	0	405561	166	0	0	0	1	1	0	0	0	0	895	0	0	0	0	0	0	0	0	0	0	0	0	0	0	0		//	스킬 피해량 +10%																														
//	51891	703	2	20105	1	0	405499	167	0	0	0	2	1	0	0	0	200	0	10	0	0	100	0	0	0	0	0	0	0	0	0	0	0		//	중독 피해량 +3%																														
//	51892	703	2	20105	1	0	405833	167	0	0	0	2	1	0	0	0	200	0	19	0	0	100	0	0	0	0	0	0	0	0	0	0	0		//	중독 피해량 +6%																														
//	51893	703	2	20105	1	0	405495	166	0	0	0	2	1	0	0	0	200	0	32	0	0	100	0	0	0	0	0	0	0	0	0	0	0		//	중독 피해량 +10%																														
//	51894	703	3	20105	1	1	405376	167	0	0	0	1	1	0	0	0	0	895	0	0	0	0	2	1	0	0	0	200	0	0	1000	0	100		//	스킬 피해량 +10% & 중독 지속시간 +1초																														
//	51895	703	3	20105	1	1	405406	167	0	0	0	1	1	0	0	0	0	1074	0	0	0	0	2	1	0	0	0	200	0	0	2000	0	100		//	스킬 피해량 +12% & 중독 지속시간 +2초																														
//	51896	703	3	20105	1	1	405432	166	0	0	0	1	1	0	0	0	0	1343	0	0	0	0	2	1	0	0	0	200	0	0	3000	0	100		//	스킬 피해량 +15% & 중독 지속시간 +3초																														
//	51897	703	3	20105	1	1	405496	167	0	0	0	2	1	0	0	0	200	0	32	0	0	100	2	1	0	0	0	200	0	0	1000	0	100		//	중독 피해량 +10% & 중독 지속시간 +1초																														
//	51898	703	3	20105	1	1	405497	167	0	0	0	2	1	0	0	0	200	0	39	0	0	100	2	1	0	0	0	200	0	0	2000	0	100		//	중독 피해량 +12% & 중독 지속시간 +2초																														
//	51899	703	3	20105	1	1	405498	166	0	0	0	2	1	0	0	0	200	0	48	0	0	100	2	1	0	0	0	200	0	0	3000	0	100		//	중독 피해량 +15% & 중독 지속시간 +3초																														
//	51288	718	1	20105	1	0	405501	167	10	0	0	0	0	0	0	0	0	0	0	0	0	0	0	0	0	0	0	0	0	0	0	0	0		//	사거리 +1미터																														
//	51289	718	1	20105	1	0	405503	167	20	0	0	0	0	0	0	0	0	0	0	0	0	0	0	0	0	0	0	0	0	0	0	0	0		//	사거리 +2미터																														
//	51290	718	1	20105	1	0	405505	166	30	0	0	0	0	0	0	0	0	0	0	0	0	0	0	0	0	0	0	0	0	0	0	0	0		//	사거리 +3미터																														
//	51291	718	1	20105	1	0	405527	167	0	0	1	0	0	0	0	0	0	0	0	0	0	0	0	0	0	0	0	0	0	0	0	0	0		//	적용 개체수 +1																														
//	51292	718	1	20105	1	0	405528	167	0	0	2	0	0	0	0	0	0	0	0	0	0	0	0	0	0	0	0	0	0	0	0	0	0		//	적용 개체수 +2																														
//	51293	718	1	20105	1	0	405529	166	0	0	3	0	0	0	0	0	0	0	0	0	0	0	0	0	0	0	0	0	0	0	0	0	0		//	적용 개체수 +3																														
//	51294	718	2	20105	1	0	405560	167	0	0	0	1	3	0	0	0	0	301	0	0	0	0	0	0	0	0	0	0	0	0	0	0	0		//	스킬 피해량 +5%																														
//	51295	718	2	20105	1	0	405561	167	0	0	0	1	3	0	0	0	0	603	0	0	0	0	0	0	0	0	0	0	0	0	0	0	0		//	스킬 피해량 +10%																														
//	51296	718	2	20105	1	0	405562	166	0	0	0	1	3	0	0	0	0	904	0	0	0	0	0	0	0	0	0	0	0	0	0	0	0		//	스킬 피해량 +15%																														
//	51297	718	2	20105	1	0	405693	167	0	0	0	100	3	50	0	0	0	0	0	0	0	3	0	0	0	0	0	0	0	0	0	0	0		//	다운 확률 +5%																														
//	51298	718	2	20105	1	0	405694	167	0	0	0	100	3	100	0	0	0	0	0	0	0	3	0	0	0	0	0	0	0	0	0	0	0		//	다운 확률 +10%																														
//	51299	718	2	20105	1	0	405695	166	0	0	0	100	3	150	0	0	0	0	0	0	0	3	0	0	0	0	0	0	0	0	0	0	0		//	다운 확률 +15%																														
//	51300	718	3	20105	1	1	405578	167	0	0	0	1	3	0	0	0	0	904	0	0	0	0	100	3	0	0	0	0	0	0	300	0	3		//	스킬 피해량 +15% & 다운 지속시간 +0.3초																														
//	51301	718	3	20105	1	1	405579	167	0	0	0	1	3	0	0	0	0	1206	0	0	0	0	100	3	0	0	0	0	0	0	600	0	3		//	스킬 피해량 +20% & 다운 지속시간 +0.6초																														
//	51302	718	3	20105	1	1	405580	166	0	0	0	1	3	0	0	0	0	1507	0	0	0	0	100	3	0	0	0	0	0	0	1000	0	3		//	스킬 피해량 +25% & 다운 지속시간 +1초																														
//	51303	718	3	20105	1	1	405696	167	0	0	0	1	3	0	0	0	0	904	0	0	0	0	20	3	0	0	0	0	0	-100	0	0	108		//	스킬 피해량 +15% & 이동속도 -10%																														
//	51304	718	3	20105	1	1	405697	167	0	0	0	1	3	0	0	0	0	1206	0	0	0	0	20	3	0	0	0	0	0	-200	0	0	108		//	스킬 피해량 +20% & 이동속도 -20%																														
//	51305	718	3	20105	1	1	405698	166	0	0	0	1	3	0	0	0	0	1507	0	0	0	0	20	3	0	0	0	0	0	-300	0	0	108		//	스킬 피해량 +25% & 이동속도 -30%																														
//	51306	728	1	20105	1	0	405501	167	10	0	0	0	0	0	0	0	0	0	0	0	0	0	0	0	0	0	0	0	0	0	0	0	0		//	사거리 +1미터																														
//	51307	728	1	20105	1	0	405503	167	20	0	0	0	0	0	0	0	0	0	0	0	0	0	0	0	0	0	0	0	0	0	0	0	0		//	사거리 +2미터																														
//	51308	728	1	20105	1	0	405505	166	30	0	0	0	0	0	0	0	0	0	0	0	0	0	0	0	0	0	0	0	0	0	0	0	0		//	사거리 +3미터																														
//	51309	728	1	20105	1	0	405527	167	0	0	1	0	0	0	0	0	0	0	0	0	0	0	0	0	0	0	0	0	0	0	0	0	0		//	적용 개체수 +1																														
//	51310	728	1	20105	1	0	405528	167	0	0	2	0	0	0	0	0	0	0	0	0	0	0	0	0	0	0	0	0	0	0	0	0	0		//	적용 개체수 +2																														
//	51311	728	1	20105	1	0	405529	166	0	0	3	0	0	0	0	0	0	0	0	0	0	0	0	0	0	0	0	0	0	0	0	0	0		//	적용 개체수 +3																														
//	51312	728	2	20105	1	0	405830	167	0	0	0	1	3	0	0	0	0	95	0	0	0	0	0	0	0	0	0	0	0	0	0	0	0		//	스킬 피해량 +2%																														
//	51313	728	2	20105	1	0	405831	167	0	0	0	1	3	0	0	0	0	236	0	0	0	0	0	0	0	0	0	0	0	0	0	0	0		//	스킬 피해량 +5%																														
//	51314	728	2	20105	1	0	405832	166	0	0	0	1	3	0	0	0	0	473	0	0	0	0	0	0	0	0	0	0	0	0	0	0	0		//	스킬 피해량 +10%																														
//	51315	728	2	20105	1	0	405699	167	0	0	0	1	3	0	0	0	0	567	0	0	0	0	0	0	0	0	0	0	0	0	0	0	0		//	스킬 피해량 +12%																														
//	51316	728	2	20105	1	0	405700	167	0	0	0	1	3	0	0	0	0	709	0	0	0	0	0	0	0	0	0	0	0	0	0	0	0		//	스킬 피해량 +15%																														
//	51317	728	2	20105	1	0	405701	166	0	0	0	1	3	0	0	0	0	946	0	0	0	0	0	0	0	0	0	0	0	0	0	0	0		//	스킬 피해량 +20%																														
//	51318	728	3	20105	1	1	405702	167	0	0	0	1	3	0	0	0	0	709	0	0	0	0	100	3	0	0	0	0	0	0	300	0	9		//	스킬 피해량 +15% & 프로즌 지속시간 +0.3초																														
//	51319	728	3	20105	1	1	405703	167	0	0	0	1	3	0	0	0	0	946	0	0	0	0	100	3	0	0	0	0	0	0	600	0	9		//	스킬 피해량 +20% & 프로즌 지속시간 +0.6초																														
//	51320	728	3	20105	1	1	405704	166	0	0	0	1	3	0	0	0	0	1182	0	0	0	0	100	3	0	0	0	0	0	0	1000	0	9		//	스킬 피해량 +25% & 프로즌 지속시간 +1초																														
//	51321	728	3	20105	1	1	405705	167	0	0	0	1	3	0	0	0	0	709	0	0	0	0	2	3	1000	0	9	200	1	200	3000	1000	195		//	스킬 피해량 +15% & 감전 : 100% 확률로 3초동안 피해 200																														
//	51322	728	3	20105	1	1	405706	167	0	0	0	1	3	0	0	0	0	946	0	0	0	0	2	3	1000	0	9	200	1	200	4000	1000	195		//	스킬 피해량 +20% & 감전 : 100% 확률로 4초동안 피해 200																														
//	51323	728	3	20105	1	1	405707	166	0	0	0	1	3	0	0	0	0	1182	0	0	0	0	2	3	1000	0	9	200	1	200	5000	1000	195		//	스킬 피해량 +25% & 감전 : 100% 확률로 5초동안 피해 200																														
//	51900	702	1	20105	1	0	405527	167	0	0	1	0	0	0	0	0	0	0	0	0	0	0	0	0	0	0	0	0	0	0	0	0	0		//	적용 개체 수 +1																														
//	51901	702	1	20105	1	0	405528	167	0	0	2	0	0	0	0	0	0	0	0	0	0	0	0	0	0	0	0	0	0	0	0	0	0		//	적용 개체 수 +2																														
//	51902	702	1	20105	1	0	405529	166	0	0	3	0	0	0	0	0	0	0	0	0	0	0	0	0	0	0	0	0	0	0	0	0	0		//	적용 개체 수 +3																														
//	51903	702	1	20105	1	0	405501	167	10	0	0	0	0	0	0	0	0	0	0	0	0	0	0	0	0	0	0	0	0	0	0	0	0		//	사거리 +1미터																														
//	51904	702	1	20105	1	0	405503	167	20	0	0	0	0	0	0	0	0	0	0	0	0	0	0	0	0	0	0	0	0	0	0	0	0		//	사거리 +2미터																														
//	51905	702	1	20105	1	0	405505	166	30	0	0	0	0	0	0	0	0	0	0	0	0	0	0	0	0	0	0	0	0	0	0	0	0		//	사거리 +3미터																														
//	51906	702	2	20105	1	0	405436	167	0	0	0	1	5	0	0	9	0	108	0	0	0	0	0	0	0	0	0	0	0	0	0	0	0		//	스킬 피해량 +3%																														
//	51907	702	2	20105	1	0	405445	167	0	0	0	1	5	0	0	9	0	216	0	0	0	0	0	0	0	0	0	0	0	0	0	0	0		//	스킬 피해량 +6%																														
//	51908	702	2	20105	1	0	405561	166	0	0	0	1	5	0	0	9	0	361	0	0	0	0	0	0	0	0	0	0	0	0	0	0	0		//	스킬 피해량 +10%																														
//	51909	702	2	20105	1	0	405299	167	0	0	0	102	7	0	0	9	200	0	13	0	0	222	0	0	0	0	0	0	0	0	0	0	0		//	레인지 피해량 +3%																														
//	51910	702	2	20105	1	0	405300	167	0	0	0	102	7	0	0	9	200	0	25	0	0	222	0	0	0	0	0	0	0	0	0	0	0		//	레인지 피해량 +6%																														
//	51911	702	2	20105	1	0	405295	166	0	0	0	102	7	0	0	9	200	0	42	0	0	222	0	0	0	0	0	0	0	0	0	0	0		//	레인지 피해량 +10%																														
//	51912	702	3	20105	1	1	405358	167	0	0	0	1	5	0	0	9	0	361	0	0	0	0	2	5	1000	0	9	200	1	100	3000	1000	195		//	스킬 피해량 +10% & 감전 : 100% 확률로 3초동안 피해 100																														
//	51913	702	3	20105	1	1	405384	167	0	0	0	1	5	0	0	9	0	433	0	0	0	0	2	5	1000	0	9	200	1	100	4000	1000	195		//	스킬 피해량 +12% & 감전 : 100% 확률로 4초동안 피해 100																														
//	51914	702	3	20105	1	1	405410	166	0	0	0	1	5	0	0	9	0	541	0	0	0	0	2	5	1000	0	9	200	1	100	5000	1000	195		//	스킬 피해량 +15% & 감전 : 100% 확률로 5초동안 피해 100																														
//	51915	702	3	20105	1	1	405296	167	0	0	0	102	7	0	0	9	200	0	42	0	0	222	102	7	0	0	9	200	0	0	1000	0	222		//	레인지 피해량 +10% & 레인지 지속시간 1초																														
//	51916	702	3	20105	1	1	405297	167	0	0	0	102	7	0	0	9	200	0	50	0	0	222	102	7	0	0	9	200	0	0	2000	0	222		//	레인지 피해량 +12% & 레인지 지속시간 2초																														
//	51917	702	3	20105	1	1	405298	166	0	0	0	102	7	0	0	9	200	0	63	0	0	222	102	7	0	0	9	200	0	0	3000	0	222		//	레인지 피해량 +15% & 레인지 지속시간 3초																														
//	51918	720	1	20105	1	0	405527	167	0	0	1	0	0	0	0	0	0	0	0	0	0	0	0	0	0	0	0	0	0	0	0	0	0		//	적용 개체 수 +1																														
//	51919	720	1	20105	1	0	405528	167	0	0	2	0	0	0	0	0	0	0	0	0	0	0	0	0	0	0	0	0	0	0	0	0	0		//	적용 개체 수 +2																														
//	51920	720	1	20105	1	0	405529	166	0	0	3	0	0	0	0	0	0	0	0	0	0	0	0	0	0	0	0	0	0	0	0	0	0		//	적용 개체 수 +3																														
//	51921	720	1	20105	1	0	405501	167	10	0	0	0	0	0	0	0	0	0	0	0	0	0	0	0	0	0	0	0	0	0	0	0	0		//	사거리 +1미터																														
//	51922	720	1	20105	1	0	405503	167	20	0	0	0	0	0	0	0	0	0	0	0	0	0	0	0	0	0	0	0	0	0	0	0	0		//	사거리 +2미터																														
//	51923	720	1	20105	1	0	405505	166	30	0	0	0	0	0	0	0	0	0	0	0	0	0	0	0	0	0	0	0	0	0	0	0	0		//	사거리 +3미터																														
//	51924	720	2	20105	1	0	405255	167	0	0	0	4	6	0	0	0	0	0	93	0	0	1513	0	0	0	0	0	0	0	0	0	0	0		//	HP 회복량 +3%																														
//	51925	720	2	20105	1	0	405256	167	0	0	0	4	6	0	0	0	0	0	186	0	0	1513	0	0	0	0	0	0	0	0	0	0	0		//	HP 회복량 +6%																														
//	51926	720	2	20105	1	0	405248	166	0	0	0	4	6	0	0	0	0	0	310	0	0	1513	0	0	0	0	0	0	0	0	0	0	0		//	HP 회복량 +10%																														
//	51927	720	2	20105	1	0	405320	167	0	0	0	14	6	1000	0	9	0	2	100	3000	0	966	0	0	0	0	0	0	0	0	0	0	0		//	방어 : 3초동안 기본 방어력 +10%																														
//	51928	720	2	20105	1	0	405321	167	0	0	0	14	6	1000	0	9	0	2	100	5000	0	966	0	0	0	0	0	0	0	0	0	0	0		//	방어 : 5초동안 기본 방어력 +10%																														
//	51929	720	2	20105	1	0	405319	166	0	0	0	14	6	1000	0	9	0	2	100	10000	0	966	0	0	0	0	0	0	0	0	0	0	0		//	방어 : 10초동안 기본 방어력 +10%																														
//	51930	720	3	20105	1	1	405249	167	0	0	0	4	6	0	0	0	0	0	310	0	0	1513	111	6	1000	0	0	1	50	10000000	3000	0	218		//	HP 회복량 +10% & 마법쉴드 : 3초동안 피해 5% 흡수 (10회 피격 시 삭제)																														
//	51931	720	3	20105	1	1	405251	167	0	0	0	4	6	0	0	0	0	0	372	0	0	1513	111	6	1000	0	0	1	50	10000000	4000	0	218		//	HP 회복량 +12% & 마법쉴드 : 4초동안 피해 5% 흡수 (10회 피격 시 삭제)																														
//	51932	720	3	20105	1	1	405253	166	0	0	0	4	6	0	0	0	0	0	464	0	0	1513	111	6	1000	0	0	1	50	10000000	5000	0	218		//	HP 회복량 +15% & 마법쉴드 : 5초동안 피해 5% 흡수 (10회 피격 시 삭제)																														
//	51933	720	3	20105	1	1	405250	167	0	0	0	4	6	0	0	0	0	0	310	0	0	1513	111	6	1000	0	0	1	100	10000000	3000	0	218		//	HP 회복량 +10% & 마법쉴드 : 3초동안 피해 10% 흡수 (10회 피격 시 삭제)																														
//	51934	720	3	20105	1	1	405252	167	0	0	0	4	6	0	0	0	0	0	372	0	0	1513	111	6	1000	0	0	1	100	10000000	4000	0	218		//	HP 회복량 +12% & 마법쉴드 : 4초동안 피해 10% 흡수 (10회 피격 시 삭제)																														
//	51935	720	3	20105	1	1	405254	166	0	0	0	4	6	0	0	0	0	0	464	0	0	1513	111	6	1000	0	0	1	100	10000000	5000	0	218		//	HP 회복량 +15% & 마법쉴드 : 5초동안 피해 10% 흡수 (10회 피격 시 삭제)																														
//	51324	727	1	20105	1	0	405527	167	0	0	1	0	0	0	0	0	0	0	0	0	0	0	0	0	0	0	0	0	0	0	0	0	0		//	적용 개체수 +1																														
//	51325	727	1	20105	1	0	405528	167	0	0	2	0	0	0	0	0	0	0	0	0	0	0	0	0	0	0	0	0	0	0	0	0	0		//	적용 개체수 +2																														
//	51326	727	1	20105	1	0	405529	167	0	0	3	0	0	0	0	0	0	0	0	0	0	0	0	0	0	0	0	0	0	0	0	0	0		//	적용 개체수 +3																														
//	51327	727	1	20105	1	0	405530	167	0	0	4	0	0	0	0	0	0	0	0	0	0	0	0	0	0	0	0	0	0	0	0	0	0		//	적용 개체수 +4																														
//	51328	727	1	20105	1	0	405531	166	0	0	5	0	0	0	0	0	0	0	0	0	0	0	0	0	0	0	0	0	0	0	0	0	0		//	적용 개체수 +5																														
//	51329	727	1	20105	1	0	405532	166	0	0	6	0	0	0	0	0	0	0	0	0	0	0	0	0	0	0	0	0	0	0	0	0	0		//	적용 개체수 +6																														
//	51330	727	2	20105	1	0	405560	167	0	0	0	1	5	0	0	0	0	299	0	0	0	0	0	0	0	0	0	0	0	0	0	0	0		//	스킬 피해량 +5%																														
//	51331	727	2	20105	1	0	405561	167	0	0	0	1	5	0	0	0	0	599	0	0	0	0	0	0	0	0	0	0	0	0	0	0	0		//	스킬 피해량 +10%																														
//	51332	727	2	20105	1	0	405562	166	0	0	0	1	5	0	0	0	0	898	0	0	0	0	0	0	0	0	0	0	0	0	0	0	0		//	스킬 피해량 +15%																														
//	51333	727	2	20105	1	0	405548	167	0	0	0	2	5	0	0	0	0	0	48	0	0	101	0	0	0	0	0	0	0	0	0	0	0		//	상처 피해량 +5%																														
//	51334	727	2	20105	1	0	405549	167	0	0	0	2	5	0	0	0	0	0	96	0	0	101	0	0	0	0	0	0	0	0	0	0	0		//	상처 피해량 +10%																														
//	51335	727	2	20105	1	0	405550	166	0	0	0	2	5	0	0	0	0	0	144	0	0	101	0	0	0	0	0	0	0	0	0	0	0		//	상처 피해량 +15%																														
//	51336	727	3	20105	1	1	405708	167	0	0	0	1	5	0	0	0	0	898	0	0	0	0	100	5	0	0	0	0	0	0	300	0	6		//	스킬 피해량 +15% & 스턴 지속시간 +0.3초																														
//	51337	727	3	20105	1	1	405709	167	0	0	0	1	5	0	0	0	0	1198	0	0	0	0	100	5	0	0	0	0	0	0	600	0	6		//	스킬 피해량 +20% & 스턴 지속시간 +0.6초																														
//	51338	727	3	20105	1	1	405710	166	0	0	0	1	5	0	0	0	0	1497	0	0	0	0	100	5	0	0	0	0	0	0	1000	0	6		//	스킬 피해량 +25% & 스턴 지속시간 +1초																														
//	51339	727	3	20105	1	1	405711	167	0	0	0	1	5	0	0	0	0	898	0	0	0	0	2	5	0	0	0	0	0	144	0	0	101		//	스킬 피해량 +15% & 상처 피해량 15%																														
//	51340	727	3	20105	1	1	405712	167	0	0	0	1	5	0	0	0	0	1198	0	0	0	0	2	5	0	0	0	0	0	192	0	0	101		//	스킬 피해량 +20% & 상처 피해량 20%																														
//	51341	727	3	20105	1	1	405713	166	0	0	0	1	5	0	0	0	0	1497	0	0	0	0	2	5	0	0	0	0	0	240	0	0	101		//	스킬 피해량 +25% & 상처 피해량 25%																														
//	51342	730	1	20105	1	0	405501	167	10	0	0	0	0	0	0	0	0	0	0	0	0	0	0	0	0	0	0	0	0	0	0	0	0		//	사거리 +1미터																														
//	51343	730	1	20105	1	0	405502	167	15	0	0	0	0	0	0	0	0	0	0	0	0	0	0	0	0	0	0	0	0	0	0	0	0		//	사거리 +1.5미터																														
//	51344	730	1	20105	1	0	405503	167	20	0	0	0	0	0	0	0	0	0	0	0	0	0	0	0	0	0	0	0	0	0	0	0	0		//	사거리 +2미터																														
//	51345	730	1	20105	1	0	405504	167	25	0	0	0	0	0	0	0	0	0	0	0	0	0	0	0	0	0	0	0	0	0	0	0	0		//	사거리 +2.5미터																														
//	51346	730	1	20105	1	0	405505	166	30	0	0	0	0	0	0	0	0	0	0	0	0	0	0	0	0	0	0	0	0	0	0	0	0		//	사거리 +3미터																														
//	51347	730	1	20105	1	0	405507	166	50	0	0	0	0	0	0	0	0	0	0	0	0	0	0	0	0	0	0	0	0	0	0	0	0		//	사거리 +5미터																														
//	51348	730	2	20105	1	0	405714	167	0	0	0	14	2	1000	0	9	0	2	200	2000	0	966	0	0	0	0	0	0	0	0	0	0	0		//	방어 : 2초동안 기본 방어력 +20%																														
//	51349	730	2	20105	1	0	405715	167	0	0	0	14	2	1000	0	9	0	2	200	4000	0	966	0	0	0	0	0	0	0	0	0	0	0		//	방어 : 4초동안 기본 방어력 +20%																														
//	51350	730	2	20105	1	0	405716	167	0	0	0	14	2	1000	0	9	0	2	200	6000	0	966	0	0	0	0	0	0	0	0	0	0	0		//	방어 : 6초동안 기본 방어력 +20%																														
//	51351	730	2	20105	1	0	405717	167	0	0	0	14	2	1000	0	9	0	2	200	8000	0	966	0	0	0	0	0	0	0	0	0	0	0		//	방어 : 8초동안 기본 방어력 +20%																														
//	51352	730	2	20105	1	0	405718	166	0	0	0	14	2	1000	0	9	0	2	200	10000	0	966	0	0	0	0	0	0	0	0	0	0	0		//	방어 : 10초동안 기본 방어력 +20%																														
//	51353	730	2	20105	1	0	405719	166	0	0	0	14	2	1000	0	9	0	2	200	15000	0	966	0	0	0	0	0	0	0	0	0	0	0		//	방어 : 15초동안 기본 방어력 +20%																														
//	51354	730	3	20105	1	0	405720	167	0	0	0	101	2	0	0.7	0	0	0	0	1000	0	202	0	0	0	0	0	0	0	0	0	0	0		//	보호 지속시간 +1초																														
//	51355	730	3	20105	1	0	405721	167	0	0	0	101	2	0	0.7	0	0	0	0	2000	0	202	0	0	0	0	0	0	0	0	0	0	0		//	보호 지속시간 +2초																														
//	51356	730	3	20105	1	0	405722	166	0	0	0	101	2	0	0.7	0	0	0	0	3000	0	202	0	0	0	0	0	0	0	0	0	0	0		//	보호 지속시간 +3초																														
//	51357	730	3	20105	1	1	405723	167	0	0	0	101	2	0	0.7	0	0	0	0	1000	0	202	116	2	1000	0	200	0	0	3000	3000	10	119		//	보호 지속시간 +1초 & 피격 프로즌 : 3초동안 20% 피해반사 (10회 피격 시 삭제)																														
//	51358	730	3	20105	1	1	405724	167	0	0	0	101	2	0	0.7	0	0	0	0	2000	0	202	116	2	1000	0	200	0	0	3000	4000	10	119		//	보호 지속시간 +2초 & 피격 프로즌 : 4초동안 20% 피해반사 (10회 피격 시 삭제)																														
//	51359	730	3	20105	1	1	405725	166	0	0	0	101	2	0	0.7	0	0	0	0	3000	0	202	116	2	1000	0	200	0	0	3000	5000	10	119		//	보호 지속시간 +3초 & 피격 프로즌 : 5초동안 20% 피해반사 (10회 피격 시 삭제)																														
//	51936	914	1	20105	1	0	405500	167	5	0	0	0	0	0	0	0	0	0	0	0	0	0	0	0	0	0	0	0	0	0	0	0	0		//	사거리 +0.5미터																														
//	51937	914	1	20105	1	0	405501	167	10	0	0	0	0	0	0	0	0	0	0	0	0	0	0	0	0	0	0	0	0	0	0	0	0		//	사거리 +1미터																														
//	51938	914	1	20105	1	0	405502	167	15	0	0	0	0	0	0	0	0	0	0	0	0	0	0	0	0	0	0	0	0	0	0	0	0		//	사거리 +1.5미터																														
//	51939	914	1	20105	1	0	405503	167	20	0	0	0	0	0	0	0	0	0	0	0	0	0	0	0	0	0	0	0	0	0	0	0	0		//	사거리 +2미터																														
//	51940	914	1	20105	1	0	405504	166	25	0	0	0	0	0	0	0	0	0	0	0	0	0	0	0	0	0	0	0	0	0	0	0	0		//	사거리 +2.5미터																														
//	51941	914	1	20105	1	0	405505	166	30	0	0	0	0	0	0	0	0	0	0	0	0	0	0	0	0	0	0	0	0	0	0	0	0		//	사거리 +3미터																														
//	51942	914	2	20105	1	0	405436	167	0	0	0	1	1	0	0	0	2	294	0	0	0	0	0	0	0	0	0	0	0	0	0	0	0		//	스킬 피해량 +3%																														
//	51943	914	2	20105	1	0	405445	167	0	0	0	1	1	0	0	0	2	587	0	0	0	0	0	0	0	0	0	0	0	0	0	0	0		//	스킬 피해량 +6%																														
//	51944	914	2	20105	1	0	405561	166	0	0	0	1	1	0	0	0	2	979	0	0	0	0	0	0	0	0	0	0	0	0	0	0	0		//	스킬 피해량 +10%																														
//	51945	914	2	20105	1	0	405257	167	0	0	0	100	1	0	0	0	0	0	0	100	0	172	0	0	0	0	0	0	0	0	0	0	0		//	경직 지속시간 +0.1초																														
//	51946	914	2	20105	1	0	405258	167	0	0	0	100	1	0	0	0	0	0	0	300	0	172	0	0	0	0	0	0	0	0	0	0	0		//	경직 지속시간 +0.3초																														
//	51947	914	2	20105	1	0	405259	166	0	0	0	100	1	0	0	0	0	0	0	500	0	172	0	0	0	0	0	0	0	0	0	0	0		//	경직 지속시간 +0.5초																														
//	51948	914	3	20105	1	1	405359	167	0	0	0	1	1	0	0	0	2	979	0	0	0	0	100	1	30	0	0	0	0	0	0	0	172		//	스킬 피해량 +10% & 경직 확률 +3%																														
//	51949	914	3	20105	1	1	405385	167	0	0	0	1	1	0	0	0	2	1174	0	0	0	0	100	1	60	0	0	0	0	0	0	0	172		//	스킬 피해량 +12% & 경직 확률 +6%																														
//	51950	914	3	20105	1	1	405411	166	0	0	0	1	1	0	0	0	2	1468	0	0	0	0	100	1	100	0	0	0	0	0	0	0	172		//	스킬 피해량 +15% & 경직 확률 +10%																														
//	51951	914	3	20105	1	1	405837	167	0	0	0	210	1	0	0	0	302	0	391	0	0	0	100	1	30	0	0	0	0	0	0	0	172		//	추가 피해량 +10% & 경직 확률 +3%																														
//	51952	914	3	20105	1	1	405843	167	0	0	0	210	1	0	0	0	302	0	470	0	0	0	100	1	60	0	0	0	0	0	0	0	172		//	추가 피해량 +12% & 경직 확률 +6%																														
//	51953	914	3	20105	1	1	405849	166	0	0	0	210	1	0	0	0	302	0	587	0	0	0	100	1	100	0	0	0	0	0	0	0	172		//	추가 피해량 +15% & 경직 확률 +10%																														
//	51954	916	1	20105	1	0	405501	167	10	0	0	0	0	0	0	0	0	0	0	0	0	0	0	0	0	0	0	0	0	0	0	0	0		//	사거리 +1미터																														
//	51955	916	1	20105	1	0	405503	167	20	0	0	0	0	0	0	0	0	0	0	0	0	0	0	0	0	0	0	0	0	0	0	0	0		//	사거리 +2미터																														
//	51956	916	1	20105	1	0	405505	166	30	0	0	0	0	0	0	0	0	0	0	0	0	0	0	0	0	0	0	0	0	0	0	0	0		//	사거리 +3미터																														
//	51957	916	1	20105	1	0	405527	167	0	0	1	0	0	0	0	0	0	0	0	0	0	0	0	0	0	0	0	0	0	0	0	0	0		//	적용 개체 수 +1																														
//	51958	916	1	20105	1	0	405528	167	0	0	2	0	0	0	0	0	0	0	0	0	0	0	0	0	0	0	0	0	0	0	0	0	0		//	적용 개체 수 +2																														
//	51959	916	1	20105	1	0	405529	166	0	0	3	0	0	0	0	0	0	0	0	0	0	0	0	0	0	0	0	0	0	0	0	0	0		//	적용 개체 수 +3																														
//	51960	916	2	20105	1	0	405436	167	0	0	0	1	3	0	0	0	0	204	0	0	0	0	0	0	0	0	0	0	0	0	0	0	0		//	스킬 피해량 +3%																														
//	51961	916	2	20105	1	0	405445	167	0	0	0	1	3	0	0	0	0	408	0	0	0	0	0	0	0	0	0	0	0	0	0	0	0		//	스킬 피해량 +6%																														
//	51962	916	2	20105	1	0	405561	166	0	0	0	1	3	0	0	0	0	680	0	0	0	0	0	0	0	0	0	0	0	0	0	0	0		//	스킬 피해량 +10%																														
//	51963	916	2	20105	1	0	405339	167	0	0	0	2	3	500	0	9	200	1	100	3000	1000	101	0	0	0	0	0	0	0	0	0	0	0		//	상처 : 50% 확률로 3초동안 피해 100																														
//	51964	916	2	20105	1	0	405340	167	0	0	0	2	3	700	0	9	200	1	100	3000	1000	101	0	0	0	0	0	0	0	0	0	0	0		//	상처 : 70% 확률로 3초동안 피해 100																														
//	51965	916	2	20105	1	0	405338	166	0	0	0	2	3	1000	0	9	200	1	100	3000	1000	101	0	0	0	0	0	0	0	0	0	0	0		//	상처 : 100% 확률로 3초동안 피해 100																														
//	51966	916	3	20105	1	1	405372	167	0	0	0	1	3	0	0	0	0	680	0	0	0	0	20	3	1000	0	0	0	2	-100	3000	0	108		//	스킬 피해량 +10% & 족쇄 : 100% 확률로 3초동안 이동속도 -10%																														
//	51967	916	3	20105	1	1	405402	167	0	0	0	1	3	0	0	0	0	816	0	0	0	0	20	3	1000	0	0	0	2	-100	4000	0	108		//	스킬 피해량 +12% & 족쇄 : 100% 확률로 4초동안 이동속도 -10%																														
//	51968	916	3	20105	1	1	405428	166	0	0	0	1	3	0	0	0	0	1021	0	0	0	0	20	3	1000	0	0	0	2	-100	5000	0	108		//	스킬 피해량 +15% & 족쇄 : 100% 확률로 5초동안 이동속도 -10%																														
//	51969	916	3	20105	1	1	405362	167	0	0	0	1	3	0	0	0	0	680	0	0	0	0	20	3	1000	0	0	0	2	-300	3000	0	108		//	스킬 피해량 +10% & 둔화 : 100% 확률로 3초동안 공격속도 -30%																														
//	51970	916	3	20105	1	1	405388	167	0	0	0	1	3	0	0	0	0	816	0	0	0	0	20	3	1000	0	0	0	2	-300	4000	0	108		//	스킬 피해량 +12% & 둔화 : 100% 확률로 4초동안 공격속도 -30%																														
//	51971	916	3	20105	1	1	405414	166	0	0	0	1	3	0	0	0	0	1021	0	0	0	0	20	3	1000	0	0	0	2	-300	5000	0	108		//	스킬 피해량 +15% & 둔화 : 100% 확률로 5초동안 공격속도 -30%																														
//	51360	915	1	20105	1	0	405501	167	10	0	0	0	0	0	0	0	0	0	0	0	0	0	0	0	0	0	0	0	0	0	0	0	0		//	사거리 +1미터																														
//	51361	915	1	20105	1	0	405503	167	20	0	0	0	0	0	0	0	0	0	0	0	0	0	0	0	0	0	0	0	0	0	0	0	0		//	사거리 +2미터																														
//	51362	915	1	20105	1	0	405505	166	30	0	0	0	0	0	0	0	0	0	0	0	0	0	0	0	0	0	0	0	0	0	0	0	0		//	사거리 +3미터																														
//	51363	915	1	20105	1	0	405527	167	0	0	1	0	0	0	0	0	0	0	0	0	0	0	0	0	0	0	0	0	0	0	0	0	0		//	적용 개체수 +1																														
//	51364	915	1	20105	1	0	405528	167	0	0	2	0	0	0	0	0	0	0	0	0	0	0	0	0	0	0	0	0	0	0	0	0	0		//	적용 개체수 +2																														
//	51365	915	1	20105	1	0	405529	166	0	0	3	0	0	0	0	0	0	0	0	0	0	0	0	0	0	0	0	0	0	0	0	0	0		//	적용 개체수 +3																														
//	51366	915	2	20105	1	0	405560	167	0	0	0	1	3	0	0	0	0	305	0	0	0	0	0	0	0	0	0	0	0	0	0	0	0		//	스킬 피해량 +5%																														
//	51367	915	2	20105	1	0	405561	167	0	0	0	1	3	0	0	0	0	609	0	0	0	0	0	0	0	0	0	0	0	0	0	0	0		//	스킬 피해량 +10%																														
//	51368	915	2	20105	1	0	405562	166	0	0	0	1	3	0	0	0	0	914	0	0	0	0	0	0	0	0	0	0	0	0	0	0	0		//	스킬 피해량 +15%																														
//	51369	915	2	20105	1	0	405575	167	0	0	0	210	3	0	0	0	302	0	122	0	0	0	0	0	0	0	0	0	0	0	0	0	0		//	추가 피해량 +5%																														
//	51370	915	2	20105	1	0	405576	167	0	0	0	210	3	0	0	0	302	0	244	0	0	0	0	0	0	0	0	0	0	0	0	0	0		//	추가 피해량 +10%																														
//	51371	915	2	20105	1	0	405577	166	0	0	0	210	3	0	0	0	302	0	365	0	0	0	0	0	0	0	0	0	0	0	0	0	0		//	추가 피해량 +15%																														
//	51372	915	3	20105	1	1	405726	167	0	0	0	1	3	0	0	0	0	914	0	0	0	0	100	3	0	0	0	0	0	0	300	0	11		//	스킬 피해량 +15% & 어퍼다운 지속시간 +0.3초																														
//	51373	915	3	20105	1	1	405727	167	0	0	0	1	3	0	0	0	0	1218	0	0	0	0	100	3	0	0	0	0	0	0	600	0	11		//	스킬 피해량 +20% & 어퍼다운 지속시간 +0.6초																														
//	51374	915	3	20105	1	1	405728	166	0	0	0	1	3	0	0	0	0	1523	0	0	0	0	100	3	0	0	0	0	0	0	1000	0	11		//	스킬 피해량 +25% & 어퍼다운 지속시간 +1초																														
//	51375	915	3	20105	1	1	405729	167	0	0	0	210	3	0	0	0	302	0	365	0	0	0	100	3	0	0	0	0	0	0	300	0	11		//	추가 피해량 +15% & 어퍼다운 지속시간 +0.3초																														
//	51376	915	3	20105	1	1	405730	167	0	0	0	210	3	0	0	0	302	0	487	0	0	0	100	3	0	0	0	0	0	0	600	0	11		//	추가 피해량 +20% & 어퍼다운 지속시간 +0.6초																														
//	51377	915	3	20105	1	1	405731	166	0	0	0	210	3	0	0	0	302	0	609	0	0	0	100	3	0	0	0	0	0	0	1000	0	11		//	추가 피해량 +25% & 어퍼다운 지속시간 +1초																														
//	51378	917	1	20105	1	0	405732	167	0	0	0	14	7	0	0	9	0	0	0	5000	0	170	0	0	0	0	0	0	0	0	0	0	0		//	방어력 상승 지속시간 +5초																														
//	51379	917	1	20105	1	0	405733	167	0	0	0	14	7	0	0	9	0	0	0	10000	0	170	0	0	0	0	0	0	0	0	0	0	0		//	방어력 상승 지속시간 +10초																														
//	51380	917	1	20105	1	0	405734	166	0	0	0	14	7	0	0	9	0	0	0	15000	0	170	0	0	0	0	0	0	0	0	0	0	0		//	방어력 상승 지속시간 +15초																														
//	51381	917	1	20105	1	0	405735	167	0	0	0	14	7	0	0	9	0	0	30	0	0	170	0	0	0	0	0	0	0	0	0	0	0		//	방어력 상승 증가 +3%																														
//	51382	917	1	20105	1	0	405736	167	0	0	0	14	7	0	0	9	0	0	60	0	0	170	0	0	0	0	0	0	0	0	0	0	0		//	방어력 상승 증가 +6%																														
//	51383	917	1	20105	1	0	405737	166	0	0	0	14	7	0	0	9	0	0	100	0	0	170	0	0	0	0	0	0	0	0	0	0	0		//	방어력 상승 증가 +10%																														
//	51384	917	2	20105	1	0	405738	167	0	0	0	11	7	0	0	9	0	0	0	5000	0	169	0	0	0	0	0	0	0	0	0	0	0		//	공격력 상승 지속시간 +5초																														
//	51385	917	2	20105	1	0	405739	167	0	0	0	11	7	0	0	9	0	0	0	10000	0	169	0	0	0	0	0	0	0	0	0	0	0		//	공격력 상승 지속시간 +10초																														
//	51386	917	2	20105	1	0	405740	166	0	0	0	11	7	0	0	9	0	0	0	15000	0	169	0	0	0	0	0	0	0	0	0	0	0		//	공격력 상승 지속시간 +15초																														
//	51387	917	2	20105	1	0	405741	167	0	0	0	11	7	0	0	9	0	0	30	0	0	169	0	0	0	0	0	0	0	0	0	0	0		//	공격력 상승 증가 +3%																														
//	51388	917	2	20105	1	0	405742	167	0	0	0	11	7	0	0	9	0	0	60	0	0	169	0	0	0	0	0	0	0	0	0	0	0		//	공격력 상승 증가 +6%																														
//	51389	917	2	20105	1	0	405743	166	0	0	0	11	7	0	0	9	0	0	100	0	0	169	0	0	0	0	0	0	0	0	0	0	0		//	공격력 상승 증가 +10%																														
//	51390	917	3	20105	1	0	405670	167	0	0	0	102	7	1000	0	0	0	50	100	3000	1000	222	0	0	0	0	0	0	0	0	0	0	0		//	레인지 : 100% 확률로 3초동안 레인지 피해 100																														
//	51391	917	3	20105	1	0	405671	167	0	0	0	102	7	1000	0	0	0	50	100	5000	1000	222	0	0	0	0	0	0	0	0	0	0	0		//	레인지 : 100% 확률로 5초동안 레인지 피해 100																														
//	51392	917	3	20105	1	0	405672	166	0	0	0	102	7	1000	0	0	0	50	100	10000	1000	222	0	0	0	0	0	0	0	0	0	0	0		//	레인지 : 100% 확률로 10초동안 레인지 피해 100																														
//	51393	917	3	20105	1	0	405673	167	0	0	0	102	7	1000	0	0	0	50	200	3000	1000	222	0	0	0	0	0	0	0	0	0	0	0		//	레인지 : 100% 확률로 3초동안 레인지 피해 200																														
//	51394	917	3	20105	1	0	405674	167	0	0	0	102	7	1000	0	0	0	50	200	5000	1000	222	0	0	0	0	0	0	0	0	0	0	0		//	레인지 : 100% 확률로 5초동안 레인지 피해 200																														
//	51395	917	3	20105	1	0	405675	166	0	0	0	102	7	1000	0	0	0	50	200	10000	1000	222	0	0	0	0	0	0	0	0	0	0	0		//	레인지 : 100% 확률로 10초동안 레인지 피해 200																														
//	51972	930	1	20105	1	0	405527	167	0	0	1	0	0	0	0	0	0	0	0	0	0	0	0	0	0	0	0	0	0	0	0	0	0		//	적용 개체 수 +1																														
//	51973	930	1	20105	1	0	405528	167	0	0	2	0	0	0	0	0	0	0	0	0	0	0	0	0	0	0	0	0	0	0	0	0	0		//	적용 개체 수 +2																														
//	51974	930	1	20105	1	0	405529	166	0	0	3	0	0	0	0	0	0	0	0	0	0	0	0	0	0	0	0	0	0	0	0	0	0		//	적용 개체 수 +3																														
//	51975	930	1	20105	1	0	405347	167	0	10	0	0	0	0	0	0	0	0	0	0	0	0	0	0	0	0	0	0	0	0	0	0	0		//	스킬 범위 +1미터																														
//	51976	930	1	20105	1	0	405348	167	0	20	0	0	0	0	0	0	0	0	0	0	0	0	0	0	0	0	0	0	0	0	0	0	0		//	스킬 범위 +2미터																														
//	51977	930	1	20105	1	0	405349	166	0	30	0	0	0	0	0	0	0	0	0	0	0	0	0	0	0	0	0	0	0	0	0	0	0		//	스킬 범위 +3미터																														
//	51978	930	2	20105	1	0	405436	167	0	0	0	1	3	0	0	0	0	106	0	0	0	0	0	0	0	0	0	0	0	0	0	0	0		//	스킬 피해량 +3%																														
//	51979	930	2	20105	1	0	405445	167	0	0	0	1	3	0	0	0	0	212	0	0	0	0	0	0	0	0	0	0	0	0	0	0	0		//	스킬 피해량 +6%																														
//	51980	930	2	20105	1	0	405561	166	0	0	0	1	3	0	0	0	0	354	0	0	0	0	0	0	0	0	0	0	0	0	0	0	0		//	스킬 피해량 +10%																														
//	51981	930	2	20105	1	0	404235	167	0	0	0	2	3	0	0	0	0	0	20	0	0	102	0	0	0	0	0	0	0	0	0	0	0		//	화상 피해량 +3%																														
//	51982	930	2	20105	1	0	404236	167	0	0	0	2	3	0	0	0	0	0	40	0	0	102	0	0	0	0	0	0	0	0	0	0	0		//	화상 피해량 +6%																														
//	51983	930	2	20105	1	0	404234	166	0	0	0	2	3	0	0	0	0	0	67	0	0	102	0	0	0	0	0	0	0	0	0	0	0		//	화상 피해량 +10%																														
//	51984	930	3	20105	1	0	404231	167	0	0	0	2	3	0	0	0	0	0	0	1000	0	102	0	0	0	0	0	0	0	0	0	0	0		//	화상 지속시간 +1초																														
//	51985	930	3	20105	1	0	404232	167	0	0	0	2	3	0	0	0	0	0	0	2000	0	102	0	0	0	0	0	0	0	0	0	0	0		//	화상 지속시간 +2초																														
//	51986	930	3	20105	1	0	404233	166	0	0	0	2	3	0	0	0	0	0	0	3000	0	102	0	0	0	0	0	0	0	0	0	0	0		//	화상 지속시간 +3초																														
//	51987	930	3	20105	1	1	405379	167	0	0	0	1	3	0	0	0	0	354	0	0	0	0	2	3	0	0	0	0	0	0	1000	0	102		//	스킬 피해량 +10% & 화상 지속시간 +1초																														
//	51988	930	3	20105	1	1	405409	167	0	0	0	1	3	0	0	0	0	424	0	0	0	0	2	3	0	0	0	0	0	0	2000	0	102		//	스킬 피해량 +12% & 화상 지속시간 +2초																														
//	51989	930	3	20105	1	1	405435	166	0	0	0	1	3	0	0	0	0	530	0	0	0	0	2	3	0	0	0	0	0	0	3000	0	102		//	스킬 피해량 +15% & 화상 지속시간 +3초																														
//	51990	934	1	20105	1	0	405527	167	0	0	1	0	0	0	0	0	0	0	0	0	0	0	0	0	0	0	0	0	0	0	0	0	0		//	적용 개체 수 +1																														
//	51991	934	1	20105	1	0	405528	167	0	0	2	0	0	0	0	0	0	0	0	0	0	0	0	0	0	0	0	0	0	0	0	0	0		//	적용 개체 수 +2																														
//	51992	934	1	20105	1	0	405529	167	0	0	3	0	0	0	0	0	0	0	0	0	0	0	0	0	0	0	0	0	0	0	0	0	0		//	적용 개체 수 +3																														
//	51993	934	1	20105	1	0	405530	167	0	0	4	0	0	0	0	0	0	0	0	0	0	0	0	0	0	0	0	0	0	0	0	0	0		//	적용 개체 수 +4																														
//	51994	934	1	20105	1	0	405531	166	0	0	5	0	0	0	0	0	0	0	0	0	0	0	0	0	0	0	0	0	0	0	0	0	0		//	적용 개체 수 +5																														
//	51995	934	1	20105	1	0	405532	166	0	0	6	0	0	0	0	0	0	0	0	0	0	0	0	0	0	0	0	0	0	0	0	0	0		//	적용 개체 수 +6																														
//	51996	934	2	20105	1	0	405563	167	0	0	0	20	3	0	0	0	0	0	0	1000	0	108	0	0	0	0	0	0	0	0	0	0	0		//	족쇄 지속시간 +1초																														
//	51997	934	2	20105	1	0	405564	167	0	0	0	20	3	0	0	0	0	0	0	2000	0	108	0	0	0	0	0	0	0	0	0	0	0		//	족쇄 지속시간 +2초																														
//	51998	934	2	20105	1	0	405565	166	0	0	0	20	3	0	0	0	0	0	0	3000	0	108	0	0	0	0	0	0	0	0	0	0	0		//	족쇄 지속시간 +3초																														
//	51999	934	2	20105	1	0	405471	167	0	0	0	14	3	0	0	9	0	0	0	1000	0	105	0	0	0	0	0	0	0	0	0	0	0		//	약체 지속시간 +1초																														
//	52000	934	2	20105	1	0	405472	167	0	0	0	14	3	0	0	9	0	0	0	2000	0	105	0	0	0	0	0	0	0	0	0	0	0		//	약체 지속시간 +2초																														
//	52001	934	2	20105	1	0	405473	166	0	0	0	14	3	0	0	9	0	0	0	3000	0	105	0	0	0	0	0	0	0	0	0	0	0		//	약체 지속시간 +3초																														
//	52002	934	3	20105	1	1	405442	167	0	0	0	302	3	1000	0	10	0	2	-100	7000	0	175	20	3	0	0	0	0	0	-50	0	0	108		//	7초동안 상대 모든 원소 저항률 감소 -10% & 족쇄 감소량 -5%																														
//	52003	934	3	20105	1	1	405441	167	0	0	0	302	3	1000	0	10	0	2	-100	7000	0	175	14	3	0	0	9	0	0	-50	0	0	105		//	7초동안 상대 모든 원소 저항률 감소 -10% & 약체 감소량 -5%																														
//	52004	934	3	20105	1	1	405449	167	0	0	0	302	3	1000	0	10	0	2	-200	7000	0	175	20	3	0	0	0	0	0	-100	0	0	108		//	7초동안 상대 모든 원소 저항률 감소 -20% & 족쇄 감소량 -10%																														
//	52005	934	3	20105	1	1	405448	167	0	0	0	302	3	1000	0	10	0	2	-200	7000	0	175	14	3	0	0	9	0	0	-100	0	0	105		//	7초동안 상대 모든 원소 저항률 감소 -20% & 약체 감소량 -10%																														
//	52006	934	3	20105	1	1	405383	166	0	0	0	302	3	1000	0	10	0	2	-300	7000	0	175	20	3	0	0	0	0	0	-150	0	0	108		//	7초동안 상대 모든 원소 저항률 감소 -30% & 족쇄 감소량 -15%																														
//	52007	934	3	20105	1	1	405382	166	0	0	0	302	3	1000	0	10	0	2	-300	7000	0	175	14	3	0	0	9	0	0	-150	0	0	105		//	7초동안 상대 모든 원소 저항률 감소 -30% & 약체 감소량 -15%																														
//	51396	933	1	20105	1	0	405501	167	10	0	0	0	0	0	0	0	0	0	0	0	0	0	0	0	0	0	0	0	0	0	0	0	0		//	사거리 +1미터																														
//	51397	933	1	20105	1	0	405503	167	20	0	0	0	0	0	0	0	0	0	0	0	0	0	0	0	0	0	0	0	0	0	0	0	0		//	사거리 +2미터																														
//	51398	933	1	20105	1	0	405505	166	30	0	0	0	0	0	0	0	0	0	0	0	0	0	0	0	0	0	0	0	0	0	0	0	0		//	사거리 +3미터																														
//	51399	933	1	20105	1	0	405527	167	0	0	1	0	0	0	0	0	0	0	0	0	0	0	0	0	0	0	0	0	0	0	0	0	0		//	적용 개체수 +1																														
//	51400	933	1	20105	1	0	405528	167	0	0	2	0	0	0	0	0	0	0	0	0	0	0	0	0	0	0	0	0	0	0	0	0	0		//	적용 개체수 +2																														
//	51401	933	1	20105	1	0	405529	166	0	0	3	0	0	0	0	0	0	0	0	0	0	0	0	0	0	0	0	0	0	0	0	0	0		//	적용 개체수 +3																														
//	51402	933	2	20105	1	0	405560	167	0	0	0	1	3	0	0	0	0	232	0	0	0	0	0	0	0	0	0	0	0	0	0	0	0		//	스킬 피해량 +5%																														
//	51403	933	2	20105	1	0	405561	167	0	0	0	1	3	0	0	0	0	463	0	0	0	0	0	0	0	0	0	0	0	0	0	0	0		//	스킬 피해량 +10%																														
//	51404	933	2	20105	1	0	405562	166	0	0	0	1	3	0	0	0	0	695	0	0	0	0	0	0	0	0	0	0	0	0	0	0	0		//	스킬 피해량 +15%																														
//	51405	933	2	20105	1	0	405575	167	0	0	0	210	3	0	0	0	165	0	208	0	0	0	0	0	0	0	0	0	0	0	0	0	0		//	추가 피해량 +5%																														
//	51406	933	2	20105	1	0	405576	167	0	0	0	210	3	0	0	0	165	0	417	0	0	0	0	0	0	0	0	0	0	0	0	0	0		//	추가 피해량 +10%																														
//	51407	933	2	20105	1	0	405577	166	0	0	0	210	3	0	0	0	165	0	625	0	0	0	0	0	0	0	0	0	0	0	0	0	0		//	추가 피해량 +15%																														
//	51408	933	3	20105	1	1	405578	167	0	0	0	1	3	0	0	0	0	695	0	0	0	0	100	3	0	0	0	0	0	0	300	0	3		//	스킬 피해량 +15% & 다운 지속시간 +0.1초																														
//	51409	933	3	20105	1	1	405579	167	0	0	0	1	3	0	0	0	0	926	0	0	0	0	100	3	0	0	0	0	0	0	600	0	3		//	스킬 피해량 +20% & 다운 지속시간 +0.6초																														
//	51410	933	3	20105	1	1	405580	166	0	0	0	1	3	0	0	0	0	1158	0	0	0	0	100	3	0	0	0	0	0	0	1000	0	3		//	스킬 피해량 +25% & 다운 지속시간 +1초																														
//	51411	933	3	20105	1	1	405744	167	0	0	0	210	3	0	0	0	165	0	625	0	0	0	100	3	0	0	0	0	0	0	300	0	3		//	추가 피해량 +15% & 다운 지속시간 +0.1초																														
//	51412	933	3	20105	1	1	405745	167	0	0	0	210	3	0	0	0	165	0	834	0	0	0	100	3	0	0	0	0	0	0	600	0	3		//	추가 피해량 +20% & 다운 지속시간 +0.6초																														
//	51413	933	3	20105	1	1	405746	166	0	0	0	210	3	0	0	0	165	0	1042	0	0	0	100	3	0	0	0	0	0	0	1000	0	3		//	추가 피해량 +25% & 다운 지속시간 +1초																														
//	51414	936	1	20105	1	0	405501	167	10	0	0	0	0	0	0	0	0	0	0	0	0	0	0	0	0	0	0	0	0	0	0	0	0		//	사거리 +1미터																														
//	51415	936	1	20105	1	0	405503	167	20	0	0	0	0	0	0	0	0	0	0	0	0	0	0	0	0	0	0	0	0	0	0	0	0		//	사거리 +2미터																														
//	51416	936	1	20105	1	0	405505	166	30	0	0	0	0	0	0	0	0	0	0	0	0	0	0	0	0	0	0	0	0	0	0	0	0		//	사거리 +3미터																														
//	51417	936	1	20105	1	0	405527	167	0	0	1	0	0	0	0	0	0	0	0	0	0	0	0	0	0	0	0	0	0	0	0	0	0		//	적용 개체수 +1																														
//	51418	936	1	20105	1	0	405528	167	0	0	2	0	0	0	0	0	0	0	0	0	0	0	0	0	0	0	0	0	0	0	0	0	0		//	적용 개체수 +2																														
//	51419	936	1	20105	1	0	405529	166	0	0	3	0	0	0	0	0	0	0	0	0	0	0	0	0	0	0	0	0	0	0	0	0	0		//	적용 개체수 +3																														
//	51420	936	2	20105	1	0	405560	167	0	0	0	1	3	0	0	0	0	224	0	0	0	0	0	0	0	0	0	0	0	0	0	0	0		//	스킬 피해량 +5%																														
//	51421	936	2	20105	1	0	405561	167	0	0	0	1	3	0	0	0	0	448	0	0	0	0	0	0	0	0	0	0	0	0	0	0	0		//	스킬 피해량 +10%																														
//	51422	936	2	20105	1	0	405562	166	0	0	0	1	3	0	0	0	0	671	0	0	0	0	0	0	0	0	0	0	0	0	0	0	0		//	스킬 피해량 +15%																														
//	51423	936	2	20105	1	0	405747	167	0	0	0	2	3	0	0	0	0	0	50	0	0	165	0	0	0	0	0	0	0	0	0	0	0		//	피닉스 화상 데미지 +5%																														
//	51424	936	2	20105	1	0	405748	167	0	0	0	2	3	0	0	0	0	0	100	0	0	165	0	0	0	0	0	0	0	0	0	0	0		//	피닉스 화상 데미지 +10%																														
//	51425	936	2	20105	1	0	405749	166	0	0	0	2	3	0	0	0	0	0	150	0	0	165	0	0	0	0	0	0	0	0	0	0	0		//	피닉스 화상 데미지 +15%																														
//	51426	936	3	20105	1	1	405750	167	0	0	0	1	3	0	0	0	0	671	0	0	0	0	2	3	0	0	0	0	0	0	1000	0	165		//	스킬 피해량 +15% & 피닉스 화상 지속시간 +1초																														
//	51427	936	3	20105	1	1	405751	167	0	0	0	1	3	0	0	0	0	895	0	0	0	0	2	3	0	0	0	0	0	0	2000	0	165		//	스킬 피해량 +20% & 피닉스 화상 지속시간 +2초																														
//	51428	936	3	20105	1	1	405752	166	0	0	0	1	3	0	0	0	0	1119	0	0	0	0	2	3	0	0	0	0	0	0	3000	0	165		//	스킬 피해량 +25% & 피닉스 화상 지속시간 +3초																														
//	51429	936	3	20105	1	0	405753	167	0	0	0	2	3	0	0	0	0	0	150	1000	0	165	0	0	0	0	0	0	0	0	0	0	0		//	피닉스 화상 데미지 +15% & 피닉스 화상 지속시간 +1초																														
//	51430	936	3	20105	1	0	405754	167	0	0	0	2	3	0	0	0	0	0	200	2000	0	165	0	0	0	0	0	0	0	0	0	0	0		//	피닉스 화상 데미지 +20% & 피닉스 화상 지속시간 +2초																														
//	51431	936	3	20105	1	0	405755	166	0	0	0	2	3	0	0	0	0	0	250	3000	0	165	0	0	0	0	0	0	0	0	0	0	0		//	피닉스 화상 데미지 +25% & 피닉스 화상 지속시간 +3초																														
//	52008	1011	1	20105	1	0	405527	167	0	0	1	0	0	0	0	0	0	0	0	0	0	0	0	0	0	0	0	0	0	0	0	0	0		//	적용 개체 수 +1																														
//	52009	1011	1	20105	1	0	405528	167	0	0	2	0	0	0	0	0	0	0	0	0	0	0	0	0	0	0	0	0	0	0	0	0	0		//	적용 개체 수 +2																														
//	52010	1011	1	20105	1	0	405529	166	0	0	3	0	0	0	0	0	0	0	0	0	0	0	0	0	0	0	0	0	0	0	0	0	0		//	적용 개체 수 +3																														
//	52011	1011	1	20105	1	0	405347	167	0	10	0	0	0	0	0	0	0	0	0	0	0	0	0	0	0	0	0	0	0	0	0	0	0		//	스킬 범위 +1미터																														
//	52012	1011	1	20105	1	0	405348	167	0	20	0	0	0	0	0	0	0	0	0	0	0	0	0	0	0	0	0	0	0	0	0	0	0		//	스킬 범위 +2미터																														
//	52013	1011	1	20105	1	0	405349	166	0	30	0	0	0	0	0	0	0	0	0	0	0	0	0	0	0	0	0	0	0	0	0	0	0		//	스킬 범위 +3미터																														
//	52014	1011	2	20105	1	0	405323	167	0	0	0	19	5	1000	0	0	0	2	-30	2100	0	107	0	0	0	0	0	0	0	0	0	0	0		//	방어 성공률 -3%																														
//	52015	1011	2	20105	1	0	405324	167	0	0	0	19	5	1000	0	0	0	2	-60	2100	0	107	0	0	0	0	0	0	0	0	0	0	0		//	방어 성공률 -6%																														
//	52016	1011	2	20105	1	0	405322	166	0	0	0	19	5	1000	0	0	0	2	-100	2100	0	107	0	0	0	0	0	0	0	0	0	0	0		//	방어 성공률 -10%																														
//	52017	1011	2	20105	1	0	404213	167	0	0	0	25	5	0	0	1	0	0	-10	0	0	176	0	0	0	0	0	0	0	0	0	0	0		//	크리티컬 확률 -1%																														
//	52018	1011	2	20105	1	0	404214	167	0	0	0	25	5	0	0	1	0	0	-30	0	0	176	0	0	0	0	0	0	0	0	0	0	0		//	크리티컬 확률 -3%																														
//	52019	1011	2	20105	1	0	404215	166	0	0	0	25	5	0	0	1	0	0	-50	0	0	176	0	0	0	0	0	0	0	0	0	0	0		//	크리티컬 확률 -5%																														
//	52020	1011	3	20105	1	0	405308	167	0	0	0	311	5	1000	0	10	0	2	-30	2100	0	174	0	0	0	0	0	0	0	0	0	0	0		//	모든 원소 공격력 -3%																														
//	52021	1011	3	20105	1	1	405309	167	0	0	0	311	5	1000	0	10	0	2	-30	2100	0	174	2	5	1000	0	9	200	1	20	2100	2000	101		//	모든 원소 공격력 -3% & 상처 피해 +20																														
//	52022	1011	3	20105	1	0	405307	167	0	0	0	311	5	1000	0	10	0	2	-60	2100	0	174	0	0	0	0	0	0	0	0	0	0	0		//	모든 원소 공격력 -6%																														
//	52023	1011	3	20105	1	1	405356	167	0	0	0	311	5	1000	0	10	0	2	-60	2100	0	174	2	5	1000	0	9	200	1	50	2100	2000	101		//	모든 원소 공격력 -6% & 상처 피해 +50																														
//	52024	1011	3	20105	1	0	405437	166	0	0	0	311	5	1000	0	10	0	2	-100	2100	0	174	0	0	0	0	0	0	0	0	0	0	0		//	모든 원소 공격력 -10%																														
//	52025	1011	3	20105	1	1	405443	166	0	0	0	311	5	1000	0	10	0	2	-100	2100	0	174	2	5	1000	0	9	200	1	100	2100	2000	101		//	모든 원소 공격력 -10% & 상처 피해 +100																														
//	52026	1013	1	20105	1	0	405527	167	0	0	1	0	0	0	0	0	0	0	0	0	0	0	0	0	0	0	0	0	0	0	0	0	0		//	적용 개체 수 +1																														
//	52027	1013	1	20105	1	0	405528	167	0	0	2	0	0	0	0	0	0	0	0	0	0	0	0	0	0	0	0	0	0	0	0	0	0		//	적용 개체 수 +2																														
//	52028	1013	1	20105	1	0	405529	166	0	0	3	0	0	0	0	0	0	0	0	0	0	0	0	0	0	0	0	0	0	0	0	0	0		//	적용 개체 수 +3																														
//	52029	1013	1	20105	1	0	405347	167	0	10	0	0	0	0	0	0	0	0	0	0	0	0	0	0	0	0	0	0	0	0	0	0	0		//	스킬 범위 +1미터																														
//	52030	1013	1	20105	1	0	405348	167	0	20	0	0	0	0	0	0	0	0	0	0	0	0	0	0	0	0	0	0	0	0	0	0	0		//	스킬 범위 +2미터																														
//	52031	1013	1	20105	1	0	405349	166	0	30	0	0	0	0	0	0	0	0	0	0	0	0	0	0	0	0	0	0	0	0	0	0	0		//	스킬 범위 +3미터																														
//	52032	1013	2	20105	1	0	405261	167	0	0	0	21	5	1000	0	0	0	2	-30	2100	0	109	0	0	0	0	0	0	0	0	0	0	0		//	공격 속도 -3%																														
//	52033	1013	2	20105	1	0	405262	167	0	0	0	21	5	1000	0	0	0	2	-60	2100	0	109	0	0	0	0	0	0	0	0	0	0	0		//	공격 속도 -6%																														
//	52034	1013	2	20105	1	0	405260	166	0	0	0	21	5	1000	0	0	0	2	-100	2100	0	109	0	0	0	0	0	0	0	0	0	0	0		//	공격 속도 -10%																														
//	52035	1013	2	20105	1	0	405342	167	0	0	0	28	5	0	0	0	0	0	-10	0	0	178	0	0	0	0	0	0	0	0	0	0	0		//	스킬 공격력 -1%																														
//	52036	1013	2	20105	1	0	405343	167	0	0	0	28	5	0	0	0	0	0	-30	0	0	178	0	0	0	0	0	0	0	0	0	0	0		//	스킬 공격력 -3%																														
//	52037	1013	2	20105	1	0	405341	166	0	0	0	28	5	0	0	0	0	0	-50	0	0	178	0	0	0	0	0	0	0	0	0	0	0		//	스킬 공격력 -5%																														
//	52038	1013	3	20105	1	0	405314	167	0	0	0	302	5	1000	0	10	0	2	-30	2100	0	175	0	0	0	0	0	0	0	0	0	0	0		//	모든 원소 저항률 -3%																														
//	52039	1013	3	20105	1	1	405315	167	0	0	0	302	5	1000	0	10	0	2	-30	2100	0	175	2	5	1000	0	9	200	1	20	2100	2000	101		//	모든 원소 저항률 -3% & 상처 피해 +20																														
//	52040	1013	3	20105	1	0	405313	167	0	0	0	302	5	1000	0	10	0	2	-60	2100	0	175	0	0	0	0	0	0	0	0	0	0	0		//	모든 원소 저항률 -6%																														
//	52041	1013	3	20105	1	1	405357	167	0	0	0	302	5	1000	0	10	0	2	-60	2100	0	175	2	5	1000	0	9	200	1	50	2100	2000	101		//	모든 원소 저항률 -6% & 상처 피해 +50																														
//	52042	1013	3	20105	1	0	405438	166	0	0	0	302	5	1000	0	10	0	2	-100	2100	0	175	0	0	0	0	0	0	0	0	0	0	0		//	모든 원소 저항률 -10%																														
//	52043	1013	3	20105	1	1	405444	166	0	0	0	302	5	1000	0	10	0	2	-100	2100	0	175	2	5	1000	0	9	200	1	100	2100	2000	101		//	모든 원소 저항률 -10% & 상처 피해 +100																														
//	51432	1014	1	20105	1	0	405584	167	0	0	0	345	7	0	0	0	0	0	50	0	0	0	0	0	0	0	0	0	0	0	0	0	0		//	HP 소모량 +5%																														
//	51433	1014	1	20105	1	0	405585	167	0	0	0	345	7	0	0	0	0	0	100	0	0	0	0	0	0	0	0	0	0	0	0	0	0		//	HP 소모량 +10%																														
//	51434	1014	1	20105	1	0	405586	167	0	0	0	345	7	0	0	0	0	0	150	0	0	0	0	0	0	0	0	0	0	0	0	0	0		//	HP 소모량 +15%																														
//	51435	1014	1	20105	1	0	405756	167	0	0	0	345	7	0	0	0	0	0	200	0	0	0	0	0	0	0	0	0	0	0	0	0	0		//	HP 소모량 +20%																														
//	51436	1014	1	20105	1	0	405757	166	0	0	0	345	7	0	0	0	0	0	250	0	0	0	0	0	0	0	0	0	0	0	0	0	0		//	HP 소모량 +25%																														
//	51437	1014	1	20105	1	0	405758	166	0	0	0	345	7	0	0	0	0	0	300	0	0	0	0	0	0	0	0	0	0	0	0	0	0		//	HP 소모량 +30%																														
//	51438	1014	2	20105	1	0	405759	167	0	0	0	111	7	0	0	0	1	0	0	1000	0	218	0	0	0	0	0	0	0	0	0	0	0		//	마법쉴드 지속시간 +1초																														
//	51439	1014	2	20105	1	0	405760	167	0	0	0	111	7	0	0	0	1	0	0	2000	0	218	0	0	0	0	0	0	0	0	0	0	0		//	마법쉴드 지속시간 +2초																														
//	51440	1014	2	20105	1	0	405761	166	0	0	0	111	7	0	0	0	1	0	0	3000	0	218	0	0	0	0	0	0	0	0	0	0	0		//	마법쉴드 지속시간 +3초																														
//	51441	1014	2	20105	1	0	405762	167	0	0	0	28	7	0	0	0	0	0	0	1000	0	312	0	0	0	0	0	0	0	0	0	0	0		//	스킬 피해량 증가 지속시간 +1초																														
//	51442	1014	2	20105	1	0	405763	167	0	0	0	28	7	0	0	0	0	0	0	2000	0	312	0	0	0	0	0	0	0	0	0	0	0		//	스킬 피해량 증가 지속시간 +2초																														
//	51443	1014	2	20105	1	0	405764	166	0	0	0	28	7	0	0	0	0	0	0	3000	0	312	0	0	0	0	0	0	0	0	0	0	0		//	스킬 피해량 증가 지속시간 +3초																														
//	51444	1014	3	20105	1	1	405765	167	0	0	0	111	7	0	0	0	1	0	0	1000	0	218	111	7	0	0	0	1	200	0	0	0	218		//	마법쉴드 지속시간 +1초 & 마법쉴드 흡수량 +20%																														
//	51445	1014	3	20105	1	1	405766	167	0	0	0	111	7	0	0	0	1	0	0	2000	0	218	111	7	0	0	0	1	200	0	0	0	218		//	마법쉴드 지속시간 +2초 & 마법쉴드 흡수량 +20%																														
//	51446	1014	3	20105	1	1	405767	166	0	0	0	111	7	0	0	0	1	0	0	3000	0	218	111	7	0	0	0	1	200	0	0	0	218		//	마법쉴드 지속시간 +3초 & 마법쉴드 흡수량 +20%																														
//	51447	1014	3	20105	1	1	405768	167	0	0	0	28	7	0	0	0	0	0	0	1000	0	312	28	7	0	0	0	0	0	100	0	0	312		//	스킬 피해량 증가 지속시간 +1초 & 스킬 피해량 증가 +10%																														
//	51448	1014	3	20105	1	1	405769	167	0	0	0	28	7	0	0	0	0	0	0	2000	0	312	28	7	0	0	0	0	0	100	0	0	312		//	스킬 피해량 증가 지속시간 +2초 & 스킬 피해량 증가 +10%																														
//	51449	1014	3	20105	1	1	405770	166	0	0	0	28	7	0	0	0	0	0	0	3000	0	312	28	7	0	0	0	0	0	100	0	0	312		//	스킬 피해량 증가 지속시간 +3초 & 스킬 피해량 증가 +10%																														
//	51450	1010	1	20105	1	0	405501	167	10	0	0	0	0	0	0	0	0	0	0	0	0	0	0	0	0	0	0	0	0	0	0	0	0		//	사거리 +1미터																														
//	51451	1010	1	20105	1	0	405503	167	20	0	0	0	0	0	0	0	0	0	0	0	0	0	0	0	0	0	0	0	0	0	0	0	0		//	사거리 +2미터																														
//	51452	1010	1	20105	1	0	405505	167	30	0	0	0	0	0	0	0	0	0	0	0	0	0	0	0	0	0	0	0	0	0	0	0	0		//	사거리 +3미터																														
//	51453	1010	1	20105	1	0	405506	167	40	0	0	0	0	0	0	0	0	0	0	0	0	0	0	0	0	0	0	0	0	0	0	0	0		//	사거리 +4미터																														
//	51454	1010	1	20105	1	0	405507	166	50	0	0	0	0	0	0	0	0	0	0	0	0	0	0	0	0	0	0	0	0	0	0	0	0		//	사거리 +5미터																														
//	51455	1010	1	20105	1	0	405508	166	70	0	0	0	0	0	0	0	0	0	0	0	0	0	0	0	0	0	0	0	0	0	0	0	0		//	사거리 +7미터																														
//	51456	1010	2	20105	1	0	405560	167	0	0	0	1	1	0	0	9	3	284	0	0	0	0	0	0	0	0	0	0	0	0	0	0	0		//	스킬 피해량 +5%																														
//	51457	1010	2	20105	1	0	405561	167	0	0	0	1	1	0	0	9	3	568	0	0	0	0	0	0	0	0	0	0	0	0	0	0	0		//	스킬 피해량 +10%																														
//	51458	1010	2	20105	1	0	405562	166	0	0	0	1	1	0	0	9	3	853	0	0	0	0	0	0	0	0	0	0	0	0	0	0	0		//	스킬 피해량 +15%																														
//	51459	1010	2	20105	1	0	405551	167	0	0	0	100	1	0	0	0	0	0	0	300	0	3	0	0	0	0	0	0	0	0	0	0	0		//	다운 지속시간 +0.3초																														
//	51460	1010	2	20105	1	0	405552	167	0	0	0	100	1	0	0	0	0	0	0	600	0	3	0	0	0	0	0	0	0	0	0	0	0		//	다운 지속시간 +0.6초																														
//	51461	1010	2	20105	1	0	405553	166	0	0	0	100	1	0	0	0	0	0	0	1000	0	3	0	0	0	0	0	0	0	0	0	0	0		//	다운 지속시간 +1초																														
//	51462	1010	3	20105	1	1	405771	167	0	0	0	1	1	0	0	9	3	853	0	0	0	0	2	1	1000	0	9	200	1	200	5000	1000	144		//	스킬 피해량 +15% & 고통 : 100% 확률로 5초동안 피해 200																														
//	51463	1010	3	20105	1	1	405772	167	0	0	0	1	1	0	0	9	3	1137	0	0	0	0	2	1	1000	0	9	200	1	200	5000	1000	144		//	스킬 피해량 +20% & 고통 : 100% 확률로 5초동안 피해 200																														
//	51464	1010	3	20105	1	1	405773	166	0	0	0	1	1	0	0	9	3	1421	0	0	0	0	2	1	1000	0	9	200	1	200	5000	1000	144		//	스킬 피해량 +25% & 고통 : 100% 확률로 5초동안 피해 200																														
//	51465	1010	3	20105	1	1	405774	167	0	0	0	1	1	0	0	9	3	853	0	0	0	0	14	1	1000	0	9	0	2	-300	5000	0	105		//	스킬 피해량 +15% & 약체: 100% 확률로 5초동안 방어력 -30%																														
//	51466	1010	3	20105	1	1	405775	167	0	0	0	1	1	0	0	9	3	1137	0	0	0	0	14	1	1000	0	9	0	2	-300	5000	0	105		//	스킬 피해량 +20% & 약체: 100% 확률로 5초동안 방어력 -30%																														
//	51467	1010	3	20105	1	1	405776	166	0	0	0	1	1	0	0	9	3	1421	0	0	0	0	14	1	1000	0	9	0	2	-300	5000	0	105		//	스킬 피해량 +25% & 약체: 100% 확률로 5초동안 방어력 -30%																														
//	52044	1027	1	20105	1	0	405527	167	0	0	1	0	0	0	0	0	0	0	0	0	0	0	0	0	0	0	0	0	0	0	0	0	0		//	적용 개체 수 +1																														
//	52045	1027	1	20105	1	0	405528	167	0	0	2	0	0	0	0	0	0	0	0	0	0	0	0	0	0	0	0	0	0	0	0	0	0		//	적용 개체 수 +2																														
//	52046	1027	1	20105	1	0	405529	166	0	0	3	0	0	0	0	0	0	0	0	0	0	0	0	0	0	0	0	0	0	0	0	0	0		//	적용 개체 수 +3																														
//	52047	1027	1	20105	1	0	405347	167	0	10	0	0	0	0	0	0	0	0	0	0	0	0	0	0	0	0	0	0	0	0	0	0	0		//	스킬 범위 +1미터																														
//	52048	1027	1	20105	1	0	405348	167	0	20	0	0	0	0	0	0	0	0	0	0	0	0	0	0	0	0	0	0	0	0	0	0	0		//	스킬 범위 +2미터																														
//	52049	1027	1	20105	1	0	405349	166	0	30	0	0	0	0	0	0	0	0	0	0	0	0	0	0	0	0	0	0	0	0	0	0	0		//	스킬 범위 +3미터																														
//	52050	1027	2	20105	1	0	405270	167	0	0	0	14	6	1000	0	9	0	2	30	2100	0	966	0	0	0	0	0	0	0	0	0	0	0		//	기본 방어력 +3%																														
//	52051	1027	2	20105	1	0	405271	167	0	0	0	14	6	1000	0	9	0	2	60	2100	0	966	0	0	0	0	0	0	0	0	0	0	0		//	기본 방어력 +6%																														
//	52052	1027	2	20105	1	0	405269	166	0	0	0	14	6	1000	0	9	0	2	100	2100	0	966	0	0	0	0	0	0	0	0	0	0	0		//	기본 방어력 +10%																														
//	52053	1027	2	20105	1	0	404228	167	0	0	0	344	6	0	0	0	0	0	1	0	0	279	0	0	0	0	0	0	0	0	0	0	0		//	피해 디버프 저항률 +1%																														
//	52054	1027	2	20105	1	0	404229	167	0	0	0	344	6	0	0	0	0	0	3	0	0	279	0	0	0	0	0	0	0	0	0	0	0		//	피해 디버프 저항률 +3%																														
//	52055	1027	2	20105	1	0	404230	166	0	0	0	344	6	0	0	0	0	0	5	0	0	279	0	0	0	0	0	0	0	0	0	0	0		//	피해 디버프 저항률 +5%																														
//	52056	1027	3	20105	1	0	405311	167	0	0	0	302	6	1000	0	10	0	2	30	2100	0	217	0	0	0	0	0	0	0	0	0	0	0		//	모든 원소 저항률 +3%																														
//	52057	1027	3	20105	1	1	405312	167	0	0	0	302	6	1000	0	10	0	2	30	2100	0	217	5	6	1000	0	0	0	1	30	2100	0	187		//	모든 원소 저항률 +3% & HP 회복 +30																														
//	52058	1027	3	20105	1	0	405310	167	0	0	0	302	6	1000	0	10	0	2	60	2100	0	217	0	0	0	0	0	0	0	0	0	0	0		//	모든 원소 저항률 +6%																														
//	52059	1027	3	20105	1	1	405245	167	0	0	0	302	6	1000	0	10	0	2	60	2100	0	217	5	6	1000	0	0	0	1	60	2100	0	187		//	모든 원소 저항률 +6% & HP 회복 +60																														
//	52060	1027	3	20105	1	0	405247	166	0	0	0	302	6	1000	0	10	0	2	100	2100	0	217	0	0	0	0	0	0	0	0	0	0	0		//	모든 원소 저항률 +10%																														
//	52061	1027	3	20105	1	1	405243	166	0	0	0	302	6	1000	0	10	0	2	100	2100	0	217	5	6	1000	0	0	0	1	100	2100	0	187		//	모든 원소 저항률 +10% & HP 회복 +100																														
//	52062	1029	1	20105	1	0	405527	167	0	0	1	0	0	0	0	0	0	0	0	0	0	0	0	0	0	0	0	0	0	0	0	0	0		//	적용 개체 수 +1																														
//	52063	1029	1	20105	1	0	405528	167	0	0	2	0	0	0	0	0	0	0	0	0	0	0	0	0	0	0	0	0	0	0	0	0	0		//	적용 개체 수 +2																														
//	52064	1029	1	20105	1	0	405529	166	0	0	3	0	0	0	0	0	0	0	0	0	0	0	0	0	0	0	0	0	0	0	0	0	0		//	적용 개체 수 +3																														
//	52065	1029	1	20105	1	0	405347	167	0	10	0	0	0	0	0	0	0	0	0	0	0	0	0	0	0	0	0	0	0	0	0	0	0		//	스킬 범위 +1미터																														
//	52066	1029	1	20105	1	0	405348	167	0	20	0	0	0	0	0	0	0	0	0	0	0	0	0	0	0	0	0	0	0	0	0	0	0		//	스킬 범위 +2미터																														
//	52067	1029	1	20105	1	0	405349	166	0	30	0	0	0	0	0	0	0	0	0	0	0	0	0	0	0	0	0	0	0	0	0	0	0		//	스킬 범위 +3미터																														
//	52068	1029	2	20105	1	0	405264	167	0	0	0	11	6	1000	0	9	0	2	30	2100	0	1500	0	0	0	0	0	0	0	0	0	0	0		//	기본 공격력 +3%																														
//	52069	1029	2	20105	1	0	405265	167	0	0	0	11	6	1000	0	9	0	2	60	2100	0	1500	0	0	0	0	0	0	0	0	0	0	0		//	기본 공격력 +6%																														
//	52070	1029	2	20105	1	0	405263	166	0	0	0	11	6	1000	0	9	0	2	100	2100	0	1500	0	0	0	0	0	0	0	0	0	0	0		//	기본 공격력 +10%																														
//	52071	1029	2	20105	1	0	404226	167	0	0	0	25	6	0	0	2	0	0	-1	0	0	191	0	0	0	0	0	0	0	0	0	0	0		//	피격 크리티컬 확률 -1%																														
//	52072	1029	2	20105	1	0	404227	167	0	0	0	25	6	0	0	2	0	0	-3	0	0	191	0	0	0	0	0	0	0	0	0	0	0		//	피격 크리티컬 확률 -3%																														
//	52073	1029	2	20105	1	0	404225	166	0	0	0	25	6	0	0	2	0	0	-5	0	0	191	0	0	0	0	0	0	0	0	0	0	0		//	피격 크리티컬 확률 -5%																														
//	52074	1029	3	20105	1	0	405305	167	0	0	0	311	6	1000	0	10	0	2	30	2100	0	402	0	0	0	0	0	0	0	0	0	0	0		//	모든 원소 공격력 +3%																														
//	52075	1029	3	20105	1	1	405306	167	0	0	0	311	6	1000	0	10	0	2	30	2100	0	402	5	6	1000	0	0	0	1	30	2100	0	187		//	모든 원소 공격력 +3% & HP 회복 +30																														
//	52076	1029	3	20105	1	0	405304	167	0	0	0	311	6	1000	0	10	0	2	60	2100	0	402	0	0	0	0	0	0	0	0	0	0	0		//	모든 원소 공격력 +6%																														
//	52077	1029	3	20105	1	1	405244	167	0	0	0	311	6	1000	0	10	0	2	60	2100	0	402	5	6	1000	0	0	0	1	60	2100	0	187		//	모든 원소 공격력 +6% & HP 회복 +60																														
//	52078	1029	3	20105	1	0	405246	166	0	0	0	311	6	1000	0	10	0	2	100	2100	0	402	0	0	0	0	0	0	0	0	0	0	0		//	모든 원소 공격력 +10%																														
//	52079	1029	3	20105	1	1	405242	166	0	0	0	311	6	1000	0	10	0	2	100	2100	0	402	5	6	1000	0	0	0	1	100	2100	0	187		//	모든 원소 공격력 +10% & HP 회복 +100																														
//	51468	1030	1	20105	1	0	405759	167	0	0	0	111	2	0	0	0	1	0	0	1000	0	218	0	0	0	0	0	0	0	0	0	0	0		//	마법쉴드 지속시간 +1초																														
//	51469	1030	1	20105	1	0	405760	167	0	0	0	111	2	0	0	0	1	0	0	2000	0	218	0	0	0	0	0	0	0	0	0	0	0		//	마법쉴드 지속시간 +2초																														
//	51470	1030	1	20105	1	0	405761	166	0	0	0	111	2	0	0	0	1	0	0	3000	0	218	0	0	0	0	0	0	0	0	0	0	0		//	마법쉴드 지속시간 +3초																														
//	51471	1030	1	20105	1	0	405777	167	0	0	0	14	2	0	0	9	0	0	0	1000	0	966	0	0	0	0	0	0	0	0	0	0	0		//	방어 지속시간 +1초																														
//	51472	1030	1	20105	1	0	405778	167	0	0	0	14	2	0	0	9	0	0	0	2000	0	966	0	0	0	0	0	0	0	0	0	0	0		//	방어 지속시간 +2초																														
//	51473	1030	1	20105	1	0	405779	166	0	0	0	14	2	0	0	9	0	0	0	3000	0	966	0	0	0	0	0	0	0	0	0	0	0		//	방어 지속시간 +3초																														
//	51474	1030	2	20105	1	0	405780	167	0	0	0	111	2	0	0	0	1	50	0	0	0	218	0	0	0	0	0	0	0	0	0	0	0		//	마법쉴드 흡수량 +5%																														
//	51475	1030	2	20105	1	0	405781	167	0	0	0	111	2	0	0	0	1	100	0	0	0	218	0	0	0	0	0	0	0	0	0	0	0		//	마법쉴드 흡수량 +10%																														
//	51476	1030	2	20105	1	0	405782	166	0	0	0	111	2	0	0	0	1	150	0	0	0	218	0	0	0	0	0	0	0	0	0	0	0		//	마법쉴드 흡수량 +15%																														
//	51477	1030	2	20105	1	0	405783	167	0	0	0	14	2	0	0	9	0	0	50	0	0	966	0	0	0	0	0	0	0	0	0	0	0		//	기본 방어력 증가 +5%																														
//	51478	1030	2	20105	1	0	405784	167	0	0	0	14	2	0	0	9	0	0	100	0	0	966	0	0	0	0	0	0	0	0	0	0	0		//	기본 방어력 증가 +10%																														
//	51479	1030	2	20105	1	0	405785	166	0	0	0	14	2	111	0	9	0	0	150	0	0	966	0	0	0	0	0	0	0	0	0	0	0		//	기본 방어력 증가 +15%																														
//	51480	1030	3	20105	1	0	405765	167	0	0	0	111	2	0	0	0	1	200	0	1000	0	218	0	0	0	0	0	0	0	0	0	0	0		//	마법쉴드 지속시간 +1초 & 마법쉴드 흡수량 +20%																														
//	51481	1030	3	20105	1	0	405766	167	0	0	0	111	2	0	0	0	1	200	0	2000	0	218	0	0	0	0	0	0	0	0	0	0	0		//	마법쉴드 지속시간 +2초 & 마법쉴드 흡수량 +20%																														
//	51482	1030	3	20105	1	0	405767	166	0	0	0	111	2	0	0	0	1	200	0	3000	0	218	0	0	0	0	0	0	0	0	0	0	0		//	마법쉴드 지속시간 +3초 & 마법쉴드 흡수량 +20%																														
//	51483	1030	3	20105	1	0	405786	167	0	0	0	14	2	0	0	9	0	0	200	1000	0	966	0	0	0	0	0	0	0	0	0	0	0		//	방어 지속시간 +1초 & 기본 방어력증가 +20%																														
//	51484	1030	3	20105	1	0	405787	167	0	0	0	14	2	0	0	9	0	0	200	2000	0	966	0	0	0	0	0	0	0	0	0	0	0		//	방어 지속시간 +2초 & 기본 방어력증가 +20%																														
//	51485	1030	3	20105	1	0	405788	166	0	0	0	14	2	0	0	9	0	0	200	3000	0	966	0	0	0	0	0	0	0	0	0	0	0		//	방어 지속시간 +3초 & 기본 방어력증가 +20%																														
//	51486	1031	1	20105	1	0	405527	167	0	0	1	0	0	0	0	0	0	0	0	0	0	0	0	0	0	0	0	0	0	0	0	0	0		//	적용 개체수 +1																														
//	51487	1031	1	20105	1	0	405528	167	0	0	2	0	0	0	0	0	0	0	0	0	0	0	0	0	0	0	0	0	0	0	0	0	0		//	적용 개체수 +2																														
//	51488	1031	1	20105	1	0	405529	167	0	0	3	0	0	0	0	0	0	0	0	0	0	0	0	0	0	0	0	0	0	0	0	0	0		//	적용 개체수 +3																														
//	51489	1031	1	20105	1	0	405530	167	0	0	4	0	0	0	0	0	0	0	0	0	0	0	0	0	0	0	0	0	0	0	0	0	0		//	적용 개체수 +4																														
//	51490	1031	1	20105	1	0	405531	166	0	0	5	0	0	0	0	0	0	0	0	0	0	0	0	0	0	0	0	0	0	0	0	0	0		//	적용 개체수 +5																														
//	51491	1031	1	20105	1	0	405532	166	0	0	6	0	0	0	0	0	0	0	0	0	0	0	0	0	0	0	0	0	0	0	0	0	0		//	적용 개체수 +6																														
//	51492	1031	2	20105	1	0	405560	167	0	0	0	1	5	0	0	0	2	238	0	0	0	0	0	0	0	0	0	0	0	0	0	0	0		//	스킬 피해량 +5%																														
//	51493	1031	2	20105	1	0	405561	167	0	0	0	1	5	0	0	0	2	476	0	0	0	0	0	0	0	0	0	0	0	0	0	0	0		//	스킬 피해량 +10%																														
//	51494	1031	2	20105	1	0	405562	166	0	0	0	1	5	0	0	0	2	713	0	0	0	0	0	0	0	0	0	0	0	0	0	0	0		//	스킬 피해량 +15%																														
//	51495	1031	2	20105	1	0	405551	167	0	0	0	100	3	0	0	0	0	0	0	300	0	3	0	0	0	0	0	0	0	0	0	0	0		//	다운 지속시간 +0.3초																														
//	51496	1031	2	20105	1	0	405552	167	0	0	0	100	3	0	0	0	0	0	0	600	0	3	0	0	0	0	0	0	0	0	0	0	0		//	다운 지속시간 +0.6초																														
//	51497	1031	2	20105	1	0	405553	166	0	0	0	100	3	0	0	0	0	0	0	1000	0	3	0	0	0	0	0	0	0	0	0	0	0		//	다운 지속시간 +1초																														
//	51498	1031	3	20105	1	1	405789	167	0	0	0	1	5	0	0	0	2	713	0	0	0	0	2	5	1000	0	9	200	1	200	5000	1000	195		//	스킬 피해량 +15% & 감전 : 100% 확률로 5초동안 피해 200																														
//	51499	1031	3	20105	1	1	405790	167	0	0	0	1	5	0	0	0	2	951	0	0	0	0	2	5	1000	0	9	200	1	200	5000	1000	195		//	스킬 피해량 +20% & 감전 : 100% 확률로 5초동안 피해 200																														
//	51500	1031	3	20105	1	1	405707	166	0	0	0	1	5	0	0	0	2	1189	0	0	0	0	2	5	1000	0	9	200	1	200	5000	1000	195		//	스킬 피해량 +25% & 감전 : 100% 확률로 5초동안 피해 200																														
//	51501	1031	3	20105	1	1	405791	167	0	0	0	1	5	0	0	0	2	713	0	0	0	0	100	3	0	0	0	0	0	0	300	0	3		//	스킬 피해량 +15% & 다운 확률 +15% & 다운 지속시간 +0.3초																														
//	51502	1031	3	20105	1	1	405792	167	0	0	0	1	5	0	0	0	2	951	0	0	0	0	100	3	0	0	0	0	0	0	600	0	3		//	스킬 피해량 +20% & 다운 확률 +15% & 다운 지속시간 +0.6초																														
//	51503	1031	3	20105	1	1	405793	166	0	0	0	1	5	0	0	0	2	1189	0	0	0	0	100	3	0	0	0	0	0	0	1000	0	3		//	스킬 피해량 +25% & 다운 확률 +15% & 다운 지속시간 +1초																														
//	52080	1106	1	20105	1	0	405347	167	0	10	0	0	0	0	0	0	0	0	0	0	0	0	0	0	0	0	0	0	0	0	0	0	0		//	스킬 범위 +1미터																														
//	52081	1106	1	20105	1	0	405348	167	0	20	0	0	0	0	0	0	0	0	0	0	0	0	0	0	0	0	0	0	0	0	0	0	0		//	스킬 범위 +2미터																														
//	52082	1106	1	20105	1	0	405349	166	0	30	0	0	0	0	0	0	0	0	0	0	0	0	0	0	0	0	0	0	0	0	0	0	0		//	스킬 범위 +3미터																														
//	52083	1106	1	20105	1	0	405527	167	0	0	1	0	0	0	0	0	0	0	0	0	0	0	0	0	0	0	0	0	0	0	0	0	0		//	적용 개체 수 +1																														
//	52084	1106	1	20105	1	0	405528	167	0	0	2	0	0	0	0	0	0	0	0	0	0	0	0	0	0	0	0	0	0	0	0	0	0		//	적용 개체 수 +2																														
//	52085	1106	1	20105	1	0	405529	166	0	0	3	0	0	0	0	0	0	0	0	0	0	0	0	0	0	0	0	0	0	0	0	0	0		//	적용 개체 수 +3																														
//	52086	1106	2	20105	1	0	405436	167	0	0	0	1	5	0	0	0	0	79	0	0	0	0	0	0	0	0	0	0	0	0	0	0	0		//	스킬 피해량 +3%																														
//	52087	1106	2	20105	1	0	405445	167	0	0	0	1	5	0	0	0	0	158	0	0	0	0	0	0	0	0	0	0	0	0	0	0	0		//	스킬 피해량 +6%																														
//	52088	1106	2	20105	1	0	405561	166	0	0	0	1	5	0	0	0	0	263	0	0	0	0	0	0	0	0	0	0	0	0	0	0	0		//	스킬 피해량 +10%																														
//	52089	1106	2	20105	1	0	405454	167	0	0	0	100	3	30	0	0	0	0	0	0	0	6	0	0	0	0	0	0	0	0	0	0	0		//	스턴 확률 +3%																														
//	52090	1106	2	20105	1	0	405455	167	0	0	0	100	3	60	0	0	0	0	0	0	0	6	0	0	0	0	0	0	0	0	0	0	0		//	스턴 확률 +6%																														
//	52091	1106	2	20105	1	0	405453	166	0	0	0	100	3	100	0	0	0	0	0	0	0	6	0	0	0	0	0	0	0	0	0	0	0		//	스턴 확률 +10%																														
//	52092	1106	3	20105	1	1	405365	167	0	0	0	1	5	0	0	0	0	263	0	0	0	0	2	3	1000	0	9	200	1	100	3000	1000	101		//	스킬 피해량 +10% & 상처 : 100% 확률로 3초동안 피해 100																														
//	52093	1106	3	20105	1	1	405392	167	0	0	0	1	5	0	0	0	0	316	0	0	0	0	2	3	1000	0	9	200	1	100	3000	1000	101		//	스킬 피해량 +12% & 상처 : 100% 확률로 3초동안 피해 100																														
//	52094	1106	3	20105	1	1	405418	166	0	0	0	1	5	0	0	0	0	395	0	0	0	0	2	3	1000	0	9	200	1	100	3000	1000	101		//	스킬 피해량 +15% & 상처 : 100% 확률로 3초동안 피해 100																														
//	52095	1106	3	20105	1	1	405370	167	0	0	0	1	5	0	0	0	0	263	0	0	0	0	14	3	1000	0	9	0	2	-100	3000	0	105		//	스킬 피해량 +10% & 약체 : 100% 확률로 3초동안 방어력 -10%																														
//	52096	1106	3	20105	1	1	405397	167	0	0	0	1	5	0	0	0	0	316	0	0	0	0	14	3	1000	0	9	0	2	-100	3000	0	105		//	스킬 피해량 +12% & 약체 : 100% 확률로 3초동안 방어력 -10%																														
//	52097	1106	3	20105	1	1	405423	166	0	0	0	1	5	0	0	0	0	395	0	0	0	0	14	3	1000	0	9	0	2	-100	3000	0	105		//	스킬 피해량 +15% & 약체 : 100% 확률로 3초동안 방어력 -10%																														
//	52098	1108	1	20105	1	0	405500	167	5	0	0	0	0	0	0	0	0	0	0	0	0	0	0	0	0	0	0	0	0	0	0	0	0		//	사거리 +0.5미터																														
//	52099	1108	1	20105	1	0	405501	167	10	0	0	0	0	0	0	0	0	0	0	0	0	0	0	0	0	0	0	0	0	0	0	0	0		//	사거리 +1미터																														
//	52100	1108	1	20105	1	0	405502	167	15	0	0	0	0	0	0	0	0	0	0	0	0	0	0	0	0	0	0	0	0	0	0	0	0		//	사거리 +1.5미터																														
//	52101	1108	1	20105	1	0	405503	167	20	0	0	0	0	0	0	0	0	0	0	0	0	0	0	0	0	0	0	0	0	0	0	0	0		//	사거리 +2미터																														
//	52102	1108	1	20105	1	0	405504	166	25	0	0	0	0	0	0	0	0	0	0	0	0	0	0	0	0	0	0	0	0	0	0	0	0		//	사거리 +2.5미터																														
//	52103	1108	1	20105	1	0	405505	166	30	0	0	0	0	0	0	0	0	0	0	0	0	0	0	0	0	0	0	0	0	0	0	0	0		//	사거리 +3미터																														
//	52104	1108	2	20105	1	0	405436	167	0	0	0	1	1	0	0	0	0	105	0	0	0	0	0	0	0	0	0	0	0	0	0	0	0		//	스킬 피해량 +3%																														
//	52105	1108	2	20105	1	0	405445	167	0	0	0	1	1	0	0	0	0	210	0	0	0	0	0	0	0	0	0	0	0	0	0	0	0		//	스킬 피해량 +6%																														
//	52106	1108	2	20105	1	0	405561	166	0	0	0	1	1	0	0	0	0	350	0	0	0	0	0	0	0	0	0	0	0	0	0	0	0		//	스킬 피해량 +10%																														
//	52107	1108	2	20105	1	0	405272	167	0	0	0	100	1	0	0	0	0	0	0	100	0	3	0	0	0	0	0	0	0	0	0	0	0		//	다운 지속시간 +0.1초																														
//	52108	1108	2	20105	1	0	405551	167	0	0	0	100	1	0	0	0	0	0	0	300	0	3	0	0	0	0	0	0	0	0	0	0	0		//	다운 지속시간 +0.3초																														
//	52109	1108	2	20105	1	0	405273	166	0	0	0	100	1	0	0	0	0	0	0	500	0	3	0	0	0	0	0	0	0	0	0	0	0		//	다운 지속시간 +0.5초																														
//	52110	1108	3	20105	1	1	405363	167	0	0	0	1	1	0	0	0	0	350	0	0	0	0	11	3	1000	0	9	0	2	-100	3000	0	104		//	스킬 피해량 +10% & 무기력 : 100% 확률로 3초동안 공격력 -10%																														
//	52111	1108	3	20105	1	1	405389	167	0	0	0	1	1	0	0	0	0	420	0	0	0	0	11	3	1000	0	9	0	2	-100	3000	0	104		//	스킬 피해량 +12% & 무기력 : 100% 확률로 3초동안 공격력 -10%																														
//	52112	1108	3	20105	1	1	405415	166	0	0	0	1	1	0	0	0	0	525	0	0	0	0	11	3	1000	0	9	0	2	-100	3000	0	104		//	스킬 피해량 +15% & 무기력 : 100% 확률로 3초동안 공격력 -10%																														
//	52113	1108	3	20105	1	1	405370	167	0	0	0	1	1	0	0	0	0	350	0	0	0	0	14	3	1000	0	9	0	2	-100	3000	0	105		//	스킬 피해량 +10% & 약체 : 100% 확률로 3초동안 방어력 -10%																														
//	52114	1108	3	20105	1	1	405397	167	0	0	0	1	1	0	0	0	0	420	0	0	0	0	14	3	1000	0	9	0	2	-100	3000	0	105		//	스킬 피해량 +12% & 약체 : 100% 확률로 3초동안 방어력 -10%																														
//	52115	1108	3	20105	1	1	405423	166	0	0	0	1	1	0	0	0	0	525	0	0	0	0	14	3	1000	0	9	0	2	-100	3000	0	105		//	스킬 피해량 +15% & 약체 : 100% 확률로 3초동안 방어력 -10%																														
//	51504	1114	1	20105	1	0	405794	167	0	0	0	311	7	0	0	10	0	0	0	1000	0	402	0	0	0	0	0	0	0	0	0	0	0		//	모든 원소 공격력 증가 지속시간 +1초																														
//	51505	1114	1	20105	1	0	405795	167	0	0	0	311	7	0	0	10	0	0	0	2000	0	402	0	0	0	0	0	0	0	0	0	0	0		//	모든 원소 공격력 증가 지속시간 +2초																														
//	51506	1114	1	20105	1	0	405796	166	0	0	0	311	7	0	0	10	0	0	0	3000	0	402	0	0	0	0	0	0	0	0	0	0	0		//	모든 원소 공격력 증가 지속시간 +3초																														
//	51507	1114	1	20105	1	0	405797	167	0	0	0	353	7	0	0	0	0	0	0	1000	0	410	0	0	0	0	0	0	0	0	0	0	0		//	데미지 증가 지속시간 +1초																														
//	51508	1114	1	20105	1	0	405798	167	0	0	0	353	7	0	0	0	0	0	0	2000	0	410	0	0	0	0	0	0	0	0	0	0	0		//	데미지 증가 지속시간 +2초																														
//	51509	1114	1	20105	1	0	405799	166	0	0	0	353	7	0	0	0	0	0	0	3000	0	410	0	0	0	0	0	0	0	0	0	0	0		//	데미지 증가 지속시간 +3초																														
//	51510	1114	2	20105	1	0	405800	167	0	0	0	311	7	0	0	10	0	0	30	0	0	402	0	0	0	0	0	0	0	0	0	0	0		//	모든 원소 공격력 증가 +3%																														
//	51511	1114	2	20105	1	0	405801	167	0	0	0	311	7	0	0	10	0	0	60	0	0	402	0	0	0	0	0	0	0	0	0	0	0		//	모든 원소 공격력 증가 +6%																														
//	51512	1114	2	20105	1	0	405802	166	0	0	0	311	7	0	0	10	0	0	100	0	0	402	0	0	0	0	0	0	0	0	0	0	0		//	모든 원소 공격력 증가 +10%																														
//	51513	1114	2	20105	1	0	405803	167	0	0	0	353	7	0	0	0	0	0	5	0	0	410	0	0	0	0	0	0	0	0	0	0	0		//	데미지 증가 +5%																														
//	51514	1114	2	20105	1	0	405804	167	0	0	0	353	7	0	0	0	0	0	10	0	0	410	0	0	0	0	0	0	0	0	0	0	0		//	데미지 증가 +10%																														
//	51515	1114	2	20105	1	0	405805	166	0	0	0	353	7	0	0	0	0	0	15	0	0	410	0	0	0	0	0	0	0	0	0	0	0		//	데미지 증가 +15%																														
//	51516	1114	3	20105	1	0	405806	167	0	0	0	311	7	0	0	10	0	0	100	1000	0	402	0	0	0	0	0	0	0	0	0	0	0		//	모든 원소 공격력 증가 지속시간 +1초 & 모든 원소 공격력 증가 +10%																														
//	51517	1114	3	20105	1	0	405807	167	0	0	0	311	7	0	0	10	0	0	100	2000	0	402	0	0	0	0	0	0	0	0	0	0	0		//	모든 원소 공격력 증가 지속시간 +2초 & 모든 원소 공격력 증가 +10%																														
//	51518	1114	3	20105	1	0	405808	166	0	0	0	311	7	0	0	10	0	0	100	3000	0	402	0	0	0	0	0	0	0	0	0	0	0		//	모든 원소 공격력 증가 지속시간 +3초 & 모든 원소 공격력 증가 +10%																														
//	51519	1114	3	20105	1	0	405809	167	0	0	0	353	7	0	0	0	0	0	15	1000	0	410	0	0	0	0	0	0	0	0	0	0	0		//	데미지 증가 지속시간 +1초 & 데미지 증가 +15%																														
//	51520	1114	3	20105	1	0	405810	167	0	0	0	353	7	0	0	0	0	0	15	2000	0	410	0	0	0	0	0	0	0	0	0	0	0		//	데미지 증가 지속시간 +2초 & 데미지 증가 +15%																														
//	51521	1114	3	20105	1	0	405811	166	0	0	0	353	7	0	0	0	0	0	15	3000	0	410	0	0	0	0	0	0	0	0	0	0	0		//	데미지 증가 지속시간 +3초 & 데미지 증가 +15%																														
//	51522	1113	1	20105	1	0	405501	167	10	0	0	0	0	0	0	0	0	0	0	0	0	0	0	0	0	0	0	0	0	0	0	0	0		//	사거리 +1미터																														
//	51523	1113	1	20105	1	0	405503	167	20	0	0	0	0	0	0	0	0	0	0	0	0	0	0	0	0	0	0	0	0	0	0	0	0		//	사거리 +2미터																														
//	51524	1113	1	20105	1	0	405505	166	30	0	0	0	0	0	0	0	0	0	0	0	0	0	0	0	0	0	0	0	0	0	0	0	0		//	사거리 +3미터																														
//	51525	1113	1	20105	1	0	405527	167	0	0	1	0	0	0	0	0	0	0	0	0	0	0	0	0	0	0	0	0	0	0	0	0	0		//	적용 개체수 +1																														
//	51526	1113	1	20105	1	0	405528	167	0	0	2	0	0	0	0	0	0	0	0	0	0	0	0	0	0	0	0	0	0	0	0	0	0		//	적용 개체수 +2																														
//	51527	1113	1	20105	1	0	405529	166	0	0	3	0	0	0	0	0	0	0	0	0	0	0	0	0	0	0	0	0	0	0	0	0	0		//	적용 개체수 +3																														
//	51528	1113	2	20105	1	0	405560	167	0	0	0	1	3	0	0	0	0	211	0	0	0	0	0	0	0	0	0	0	0	0	0	0	0		//	스킬 피해량 +5%																														
//	51529	1113	2	20105	1	0	405561	167	0	0	0	1	3	0	0	0	0	422	0	0	0	0	0	0	0	0	0	0	0	0	0	0	0		//	스킬 피해량 +10%																														
//	51530	1113	2	20105	1	0	405562	166	0	0	0	1	3	0	0	0	0	632	0	0	0	0	0	0	0	0	0	0	0	0	0	0	0		//	스킬 피해량 +15%																														
//	51531	1113	2	20105	1	0	405548	167	0	0	0	2	3	0	0	9	200	0	33	0	0	101	0	0	0	0	0	0	0	0	0	0	0		//	상처 피해량 +5%																														
//	51532	1113	2	20105	1	0	405549	167	0	0	0	2	3	0	0	9	200	0	66	0	0	101	0	0	0	0	0	0	0	0	0	0	0		//	상처 피해량 +10%																														
//	51533	1113	2	20105	1	0	405550	166	0	0	0	2	3	0	0	9	200	0	100	0	0	101	0	0	0	0	0	0	0	0	0	0	0		//	상처 피해량 +15%																														
//	51534	1113	3	20105	1	1	405812	167	0	0	0	1	3	0	0	0	0	632	0	0	0	0	14	3	1000	0	9	0	2	-300	3000	0	105		//	스킬 피해량 +15% & 약체: 100% 확률로 3초동안 방어력 -30%																														
//	51535	1113	3	20105	1	1	405813	167	0	0	0	1	3	0	0	0	0	843	0	0	0	0	14	3	1000	0	9	0	2	-300	3000	0	105		//	스킬 피해량 +20% & 약체: 100% 확률로 3초동안 방어력 -30%																														
//	51536	1113	3	20105	1	1	405814	166	0	0	0	1	3	0	0	0	0	1054	0	0	0	0	14	3	1000	0	9	0	2	-300	3000	0	105		//	스킬 피해량 +25% & 약체: 100% 확률로 3초동안 방어력 -30%																														
//	51537	1113	3	20105	1	0	405815	167	0	0	0	2	3	0	0	9	200	0	100	3000	0	101	0	0	0	0	0	0	0	0	0	0	0		//	상처 피해량 +15% & 상처 지속시간 +3초																														
//	51538	1113	3	20105	1	0	405816	167	0	0	0	2	3	0	0	9	200	0	133	3000	0	101	0	0	0	0	0	0	0	0	0	0	0		//	상처 피해량 +20% & 상처 지속시간 +3초																														
//	51539	1113	3	20105	1	0	405817	166	0	0	0	2	3	0	0	9	200	0	166	3000	0	101	0	0	0	0	0	0	0	0	0	0	0		//	상처 피해량 +25% & 상처 지속시간 +3초																														
//	52116	1127	1	20105	1	0	405500	167	5	0	0	0	0	0	0	0	0	0	0	0	0	0	0	0	0	0	0	0	0	0	0	0	0		//	사거리 +0.5미터																														
//	52117	1127	1	20105	1	0	405501	167	10	0	0	0	0	0	0	0	0	0	0	0	0	0	0	0	0	0	0	0	0	0	0	0	0		//	사거리 +1미터																														
//	52118	1127	1	20105	1	0	405502	166	15	0	0	0	0	0	0	0	0	0	0	0	0	0	0	0	0	0	0	0	0	0	0	0	0		//	사거리 +1.5미터																														
//	52119	1127	1	20105	1	0	405503	167	20	0	0	0	0	0	0	0	0	0	0	0	0	0	0	0	0	0	0	0	0	0	0	0	0		//	사거리 +2미터																														
//	52120	1127	1	20105	1	0	405504	167	25	0	0	0	0	0	0	0	0	0	0	0	0	0	0	0	0	0	0	0	0	0	0	0	0		//	사거리 +2.5미터																														
//	52121	1127	1	20105	1	0	405505	166	30	0	0	0	0	0	0	0	0	0	0	0	0	0	0	0	0	0	0	0	0	0	0	0	0		//	사거리 +3미터																														
//	52122	1127	2	20105	1	0	405328	167	0	0	0	221	10	0	0	0	0	150	0	0	0	0	0	0	0	0	0	0	0	0	0	0	0		//	밴쉬 기본 공격력 +15%																														
//	52123	1127	2	20105	1	0	405329	167	0	0	0	221	10	0	0	0	0	300	0	0	0	0	0	0	0	0	0	0	0	0	0	0	0		//	밴쉬 기본 공격력 +30%																														
//	52124	1127	2	20105	1	0	405330	166	0	0	0	221	10	0	0	0	0	500	0	0	0	0	0	0	0	0	0	0	0	0	0	0	0		//	밴쉬 기본 공격력 +50%																														
//	52125	1127	2	20105	1	0	405334	167	0	0	0	358	10	0	0	0	150	0	0	0	0	0	0	0	0	0	0	0	0	0	0	0	0		//	밴쉬 원소 공격력 +15%																														
//	52126	1127	2	20105	1	0	405335	167	0	0	0	358	10	0	0	0	300	0	0	0	0	0	0	0	0	0	0	0	0	0	0	0	0		//	밴쉬 원소 공격력 +30%																														
//	52127	1127	2	20105	1	0	405336	166	0	0	0	358	10	0	0	0	500	0	0	0	0	0	0	0	0	0	0	0	0	0	0	0	0		//	밴쉬 원소 공격력 +50%																														
//	52128	1127	3	20105	1	0	405331	167	0	0	0	363	10	0	0	150	0	0	0	0	0	0	0	0	0	0	0	0	0	0	0	0	0		//	밴쉬 스킬 공격력 +15%																														
//	52129	1127	3	20105	1	0	405332	167	0	0	0	363	10	0	0	300	0	0	0	0	0	0	0	0	0	0	0	0	0	0	0	0	0		//	밴쉬 스킬 공격력 +30%																														
//	52130	1127	3	20105	1	0	405333	166	0	0	0	363	10	0	0	500	0	0	0	0	0	0	0	0	0	0	0	0	0	0	0	0	0		//	밴쉬 스킬 공격력 +50%																														
//	52131	1127	3	20105	1	0	405325	167	0	0	0	363	10	0	0	0	150	0	0	0	0	0	0	0	0	0	0	0	0	0	0	0	0		//	밴쉬 관통 +15%																														
//	52132	1127	3	20105	1	0	405326	167	0	0	0	363	10	0	0	0	300	0	0	0	0	0	0	0	0	0	0	0	0	0	0	0	0		//	밴쉬 관통 +30%																														
//	52133	1127	3	20105	1	0	405327	166	0	0	0	363	10	0	0	0	500	0	0	0	0	0	0	0	0	0	0	0	0	0	0	0	0		//	밴쉬 관통 +50%																														
//	52134	1128	1	20105	1	0	405347	167	0	10	0	0	0	0	0	0	0	0	0	0	0	0	0	0	0	0	0	0	0	0	0	0	0		//	스킬 범위 +1미터																														
//	52135	1128	1	20105	1	0	405348	167	0	20	0	0	0	0	0	0	0	0	0	0	0	0	0	0	0	0	0	0	0	0	0	0	0		//	스킬 범위 +2미터																														
//	52136	1128	1	20105	1	0	405349	166	0	30	0	0	0	0	0	0	0	0	0	0	0	0	0	0	0	0	0	0	0	0	0	0	0		//	스킬 범위 +3미터																														
//	52137	1128	1	20105	1	0	405527	167	0	0	1	0	0	0	0	0	0	0	0	0	0	0	0	0	0	0	0	0	0	0	0	0	0		//	적용 개체 수 +1																														
//	52138	1128	1	20105	1	0	405528	167	0	0	2	0	0	0	0	0	0	0	0	0	0	0	0	0	0	0	0	0	0	0	0	0	0		//	적용 개체 수 +2																														
//	52139	1128	1	20105	1	0	405529	166	0	0	3	0	0	0	0	0	0	0	0	0	0	0	0	0	0	0	0	0	0	0	0	0	0		//	적용 개체 수 +3																														
//	52140	1128	2	20105	1	0	405436	167	0	0	0	1	5	0	0	0	0	105	0	0	0	0	0	0	0	0	0	0	0	0	0	0	0		//	스킬 피해량 +3%																														
//	52141	1128	2	20105	1	0	405445	167	0	0	0	1	5	0	0	0	0	211	0	0	0	0	0	0	0	0	0	0	0	0	0	0	0		//	스킬 피해량 +6%																														
//	52142	1128	2	20105	1	0	405561	166	0	0	0	1	5	0	0	0	0	351	0	0	0	0	0	0	0	0	0	0	0	0	0	0	0		//	스킬 피해량 +10%																														
//	52143	1128	2	20105	1	0	404217	167	0	0	0	100	3	30	0	0	0	0	0	0	0	9	0	0	0	0	0	0	0	0	0	0	0		//	프로즌 확률 +3%																														
//	52144	1128	2	20105	1	0	404218	167	0	0	0	100	3	60	0	0	0	0	0	0	0	9	0	0	0	0	0	0	0	0	0	0	0		//	프로즌 확률 +6%																														
//	52145	1128	2	20105	1	0	404216	166	0	0	0	100	3	100	0	0	0	0	0	0	0	9	0	0	0	0	0	0	0	0	0	0	0		//	프로즌 확률 +10%																														
//	52146	1128	3	20105	1	1	405377	167	0	0	0	1	5	0	0	0	0	351	0	0	0	0	2	3	1000	0	9	200	1	100	3000	1000	101		//	스킬 피해량 +10% & 상처 : 100% 확률로 3초동안 피해 100																														
//	52147	1128	3	20105	1	1	405407	167	0	0	0	1	5	0	0	0	0	421	0	0	0	0	2	3	1000	0	9	200	1	100	4000	1000	101		//	스킬 피해량 +12% & 상처 : 100% 확률로 4초동안 피해 100																														
//	52148	1128	3	20105	1	1	405433	166	0	0	0	1	5	0	0	0	0	527	0	0	0	0	2	3	1000	0	9	200	1	100	5000	1000	101		//	스킬 피해량 +15% & 상처 : 100% 확률로 5초동안 피해 100																														
//	52149	1128	3	20105	1	1	405377	167	0	0	0	1	5	0	0	0	0	351	0	0	0	0	100	3	0	0	0	0	0	0	100	0	9		//	스킬 피해량 +10% & 프로즌 지속시간 0.1초																														
//	52150	1128	3	20105	1	1	405407	167	0	0	0	1	5	0	0	0	0	421	0	0	0	0	100	3	0	0	0	0	0	0	300	0	9		//	스킬 피해량 +12% & 프로즌 지속시간 0.3초																														
//	52151	1128	3	20105	1	1	405433	166	0	0	0	1	5	0	0	0	0	527	0	0	0	0	100	3	0	0	0	0	0	0	500	0	9		//	스킬 피해량 +15% & 프로즌 지속시간 0.5초																														
//	51540	1129	1	20105	1	0	405527	167	0	0	1	0	0	0	0	0	0	0	0	0	0	0	0	0	0	0	0	0	0	0	0	0	0		//	적용 개체수 +1																														
//	51541	1129	1	20105	1	0	405528	167	0	0	2	0	0	0	0	0	0	0	0	0	0	0	0	0	0	0	0	0	0	0	0	0	0		//	적용 개체수 +2																														
//	51542	1129	1	20105	1	0	405529	167	0	0	3	0	0	0	0	0	0	0	0	0	0	0	0	0	0	0	0	0	0	0	0	0	0		//	적용 개체수 +3																														
//	51543	1129	1	20105	1	0	405530	167	0	0	4	0	0	0	0	0	0	0	0	0	0	0	0	0	0	0	0	0	0	0	0	0	0		//	적용 개체수 +4																														
//	51544	1129	1	20105	1	0	405531	166	0	0	5	0	0	0	0	0	0	0	0	0	0	0	0	0	0	0	0	0	0	0	0	0	0		//	적용 개체수 +5																														
//	51545	1129	1	20105	1	0	405532	166	0	0	6	0	0	0	0	0	0	0	0	0	0	0	0	0	0	0	0	0	0	0	0	0	0		//	적용 개체수 +6																														
//	51546	1129	2	20105	1	0	405560	167	0	0	0	1	3	0	0	0	0	187	0	0	0	0	0	0	0	0	0	0	0	0	0	0	0		//	스킬 피해량 +5%																														
//	51547	1129	2	20105	1	0	405561	167	0	0	0	1	3	0	0	0	0	375	0	0	0	0	0	0	0	0	0	0	0	0	0	0	0		//	스킬 피해량 +10%																														
//	51548	1129	2	20105	1	0	405562	166	0	0	0	1	3	0	0	0	0	562	0	0	0	0	0	0	0	0	0	0	0	0	0	0	0		//	스킬 피해량 +15%																														
//	51549	1129	2	20105	1	0	405548	167	0	0	0	2	3	0	0	0	0	0	37	0	0	101	0	0	0	0	0	0	0	0	0	0	0		//	상처 피해량 +5%																														
//	51550	1129	2	20105	1	0	405549	167	0	0	0	2	3	0	0	0	0	0	74	0	0	101	0	0	0	0	0	0	0	0	0	0	0		//	상처 피해량 +10%																														
//	51551	1129	2	20105	1	0	405550	166	0	0	0	2	3	0	0	0	0	0	111	0	0	101	0	0	0	0	0	0	0	0	0	0	0		//	상처 피해량 +15%																														
//	51552	1129	3	20105	1	1	405818	167	0	0	0	1	3	0	0	0	0	562	0	0	0	0	101	3	1000	0	0	0	0	0	1000	0	2		//	스킬 피해량 15% & 블라인드 : 100% 확률로 1초동안 블라인드																														
//	51553	1129	3	20105	1	1	405819	167	0	0	0	1	3	0	0	0	0	749	0	0	0	0	101	3	1000	0	0	0	0	0	2000	0	2		//	스킬 피해량 20% & 블라인드 : 100% 확률로 2초동안 블라인드																														
//	51554	1129	3	20105	1	1	405820	166	0	0	0	1	3	0	0	0	0	937	0	0	0	0	101	3	1000	0	0	0	0	0	3000	0	2		//	스킬 피해량 25% & 블라인드 : 100% 확률로 3초동안 블라인드																														
//	51555	1129	3	20105	1	0	405815	167	0	0	0	2	3	0	0	0	0	0	111	3000	0	101	0	0	0	0	0	0	0	0	0	0	0		//	상처 피해량 +15% & 상처 지속시간 +3초																														
//	51556	1129	3	20105	1	0	405816	167	0	0	0	2	3	0	0	0	0	0	148	3000	0	101	0	0	0	0	0	0	0	0	0	0	0		//	상처 피해량 +20% & 상처 지속시간 +3초																														
//	51557	1129	3	20105	1	0	405817	166	0	0	0	2	3	0	0	0	0	0	185	3000	0	101	0	0	0	0	0	0	0	0	0	0	0		//	상처 피해량 +25% & 상처 지속시간 +3초																														
//	51558	1133	1	20105	1	0	405501	167	10	0	0	0	0	0	0	0	0	0	0	0	0	0	0	0	0	0	0	0	0	0	0	0	0		//	사거리 +1미터																														
//	51559	1133	1	20105	1	0	405503	167	20	0	0	0	0	0	0	0	0	0	0	0	0	0	0	0	0	0	0	0	0	0	0	0	0		//	사거리 +2미터																														
//	51560	1133	1	20105	1	0	405505	166	30	0	0	0	0	0	0	0	0	0	0	0	0	0	0	0	0	0	0	0	0	0	0	0	0		//	사거리 +3미터																														
//	51561	1133	1	20105	1	0	405527	167	0	0	1	0	0	0	0	0	0	0	0	0	0	0	0	0	0	0	0	0	0	0	0	0	0		//	적용 개체수 +1																														
//	51562	1133	1	20105	1	0	405528	167	0	0	2	0	0	0	0	0	0	0	0	0	0	0	0	0	0	0	0	0	0	0	0	0	0		//	적용 개체수 +2																														
//	51563	1133	1	20105	1	0	405529	166	0	0	3	0	0	0	0	0	0	0	0	0	0	0	0	0	0	0	0	0	0	0	0	0	0		//	적용 개체수 +3																														
//	51564	1133	2	20105	1	0	405560	167	0	0	0	1	3	0	0	0	0	230	0	0	0	0	0	0	0	0	0	0	0	0	0	0	0		//	스킬 피해량 +5%																														
//	51565	1133	2	20105	1	0	405561	167	0	0	0	1	3	0	0	0	0	460	0	0	0	0	0	0	0	0	0	0	0	0	0	0	0		//	스킬 피해량 +10%																														
//	51566	1133	2	20105	1	0	405562	166	0	0	0	1	3	0	0	0	0	690	0	0	0	0	0	0	0	0	0	0	0	0	0	0	0		//	스킬 피해량 +15%																														
//	51567	1133	2	20105	1	0	405572	167	0	0	0	2	3	1000	0	9	200	1	200	3000	1000	101	0	0	0	0	0	0	0	0	0	0	0		//	상처 : 100% 확률로 3초동안 피해 200																														
//	51568	1133	2	20105	1	0	405573	167	0	0	0	2	3	1000	0	9	200	1	200	4000	1000	101	0	0	0	0	0	0	0	0	0	0	0		//	상처 : 100% 확률로 4초동안 피해 200																														
//	51569	1133	2	20105	1	0	405574	166	0	0	0	2	3	1000	0	9	200	1	200	5000	1000	101	0	0	0	0	0	0	0	0	0	0	0		//	상처 : 100% 확률로 5초동안 피해 200																														
//	51570	1133	3	20105	1	1	405812	167	0	0	0	1	3	0	0	0	0	690	0	0	0	0	14	3	1000	0	9	0	2	-300	3000	0	105		//	스킬 피해량 +15% & 약체: 100% 확률로 3초동안 방어력 -30%																														
//	51571	1133	3	20105	1	1	405813	167	0	0	0	1	3	0	0	0	0	920	0	0	0	0	14	3	1000	0	9	0	2	-300	3000	0	105		//	스킬 피해량 +20% & 약체: 100% 확률로 3초동안 방어력 -30%																														
//	51572	1133	3	20105	1	1	405814	166	0	0	0	1	3	0	0	0	0	1150	0	0	0	0	14	3	1000	0	9	0	2	-300	3000	0	105		//	스킬 피해량 +25% & 약체: 100% 확률로 3초동안 방어력 -30%																														
//	51573	1133	3	20105	1	1	405821	167	0	0	0	1	3	0	0	0	0	690	0	0	0	0	100	3	0	0	0	0	0	0	300	0	3		//	스킬 피해량 +15% & 다운 지속시간 +0.3초																														
//	51574	1133	3	20105	1	1	405822	167	0	0	0	1	3	0	0	0	0	920	0	0	0	0	100	3	0	0	0	0	0	0	600	0	3		//	스킬 피해량 +20% & 다운 지속시간 +0.6초																														
//	51575	1133	3	20105	1	1	405580	166	0	0	0	1	3	0	0	0	0	1150	0	0	0	0	100	3	0	0	0	0	0	0	1000	0	3		//	스킬 피해량 +25% & 다운 지속시간 +1초																														
//	52152	1212	1	20105	1	0	405347	167	0	10	0	0	0	0	0	0	0	0	0	0	0	0	0	0	0	0	0	0	0	0	0	0	0		//	스킬 범위 +1미터																														
//	52153	1212	1	20105	1	0	405348	167	0	20	0	0	0	0	0	0	0	0	0	0	0	0	0	0	0	0	0	0	0	0	0	0	0		//	스킬 범위 +2미터																														
//	52154	1212	1	20105	1	0	405349	166	0	30	0	0	0	0	0	0	0	0	0	0	0	0	0	0	0	0	0	0	0	0	0	0	0		//	스킬 범위 +3미터																														
//	52155	1212	1	20105	1	0	405527	167	0	0	1	0	0	0	0	0	0	0	0	0	0	0	0	0	0	0	0	0	0	0	0	0	0		//	적용 개체 수 +1																														
//	52156	1212	1	20105	1	0	405528	167	0	0	2	0	0	0	0	0	0	0	0	0	0	0	0	0	0	0	0	0	0	0	0	0	0		//	적용 개체 수 +2																														
//	52157	1212	1	20105	1	0	405529	166	0	0	3	0	0	0	0	0	0	0	0	0	0	0	0	0	0	0	0	0	0	0	0	0	0		//	적용 개체 수 +3																														
//	52158	1212	2	20105	1	0	405436	167	0	0	0	1	5	0	0	1	2	167	0	0	0	0	0	0	0	0	0	0	0	0	0	0	0		//	스킬 피해량 +3%																														
//	52159	1212	2	20105	1	0	405445	167	0	0	0	1	5	0	0	1	2	335	0	0	0	0	0	0	0	0	0	0	0	0	0	0	0		//	스킬 피해량 +6%																														
//	52160	1212	2	20105	1	0	405561	166	0	0	0	1	5	0	0	1	2	558	0	0	0	0	0	0	0	0	0	0	0	0	0	0	0		//	스킬 피해량 +10%																														
//	52161	1212	2	20105	1	0	202958	167	0	0	0	210	5	0	0	0	101	0	84	0	0	101	0	0	0	0	0	0	0	0	0	0	0		//	상처 추가 피해량 +3%																														
//	52162	1212	2	20105	1	0	202959	167	0	0	0	210	5	0	0	0	101	0	167	0	0	101	0	0	0	0	0	0	0	0	0	0	0		//	상처 추가 피해량 +6%																														
//	52163	1212	2	20105	1	0	202960	166	0	0	0	210	5	0	0	0	101	0	279	0	0	101	0	0	0	0	0	0	0	0	0	0	0		//	상처 추가 피해량 +10%																														
//	52164	1212	3	20105	1	1	202961	167	0	0	0	1	5	0	0	1	2	558	0	0	0	0	210	5	0	0	0	414	0	279	0	0	414		//	스킬 피해량 +10% & 분쇄 추가 피해량 +10%																														
//	52165	1212	3	20105	1	1	202962	167	0	0	0	1	5	0	0	1	2	670	0	0	0	0	210	5	0	0	0	414	0	335	0	0	414		//	스킬 피해량 +12% & 분쇄 추가 피해량 +12%																														
//	52166	1212	3	20105	1	1	202963	166	0	0	0	1	5	0	0	1	2	837	0	0	0	0	210	5	0	0	0	414	0	419	0	0	414		//	스킬 피해량 +15% & 분쇄 추가 피해량 +15%																														
//	52167	1212	3	20105	1	1	202964	167	0	0	0	1	5	0	0	1	2	558	0	0	0	0	210	5	0	0	413	0	0	279	0	0	413		//	스킬 피해량 +10% & 강격 추가 피해량 +10%																														
//	52168	1212	3	20105	1	1	202965	167	0	0	0	1	5	0	0	1	2	670	0	0	0	0	210	5	0	0	413	0	0	335	0	0	413		//	스킬 피해량 +12% & 강격 추가 피해량 +12%																														
//	52169	1212	3	20105	1	1	202966	166	0	0	0	1	5	0	0	1	2	837	0	0	0	0	210	5	0	0	413	0	0	419	0	0	413		//	스킬 피해량 +15% & 강격 추가 피해량 +15%																														
//	52170	1213	1	20105	1	0	405347	167	0	10	0	0	0	0	0	0	0	0	0	0	0	0	0	0	0	0	0	0	0	0	0	0	0		//	스킬 범위 +1미터																														
//	52171	1213	1	20105	1	0	405348	167	0	20	0	0	0	0	0	0	0	0	0	0	0	0	0	0	0	0	0	0	0	0	0	0	0		//	스킬 범위 +2미터																														
//	52172	1213	1	20105	1	0	405349	166	0	30	0	0	0	0	0	0	0	0	0	0	0	0	0	0	0	0	0	0	0	0	0	0	0		//	스킬 범위 +3미터																														
//	52173	1213	1	20105	1	0	405527	167	0	0	1	0	0	0	0	0	0	0	0	0	0	0	0	0	0	0	0	0	0	0	0	0	0		//	적용 개체 수 +1																														
//	52174	1213	1	20105	1	0	405528	167	0	0	2	0	0	0	0	0	0	0	0	0	0	0	0	0	0	0	0	0	0	0	0	0	0		//	적용 개체 수 +2																														
//	52175	1213	1	20105	1	0	405529	166	0	0	3	0	0	0	0	0	0	0	0	0	0	0	0	0	0	0	0	0	0	0	0	0	0		//	적용 개체 수 +3																														
//	52176	1213	2	20105	1	0	405436	167	0	0	0	1	5	0	0	1	2	177	0	0	0	0	0	0	0	0	0	0	0	0	0	0	0		//	스킬 피해량 +3%																														
//	52177	1213	2	20105	1	0	405445	167	0	0	0	1	5	0	0	1	2	355	0	0	0	0	0	0	0	0	0	0	0	0	0	0	0		//	스킬 피해량 +6%																														
//	52178	1213	2	20105	1	0	405561	166	0	0	0	1	5	0	0	1	2	591	0	0	0	0	0	0	0	0	0	0	0	0	0	0	0		//	스킬 피해량 +10%																														
//	52179	1213	2	20105	1	0	202967	167	0	0	0	2	5	0	0	0	0	0	18	0	0	101	0	0	0	0	0	0	0	0	0	0	0		//	상처 피해량 +3%																														
//	52180	1213	2	20105	1	0	202968	167	0	0	0	2	5	0	0	0	0	0	35	0	0	101	0	0	0	0	0	0	0	0	0	0	0		//	상처 피해량 +6%																														
//	52181	1213	2	20105	1	0	202969	166	0	0	0	2	5	0	0	0	0	0	59	0	0	101	0	0	0	0	0	0	0	0	0	0	0		//	상처 피해량 +10%																														
//	52182	1213	3	20105	1	1	202970	167	0	0	0	1	5	0	0	1	2	591	0	0	0	0	101	5	0	0	0	0	0	0	1000	0	414		//	스킬 피해량 +10% & 분쇄 지속시간 +1초																														
//	52183	1213	3	20105	1	1	202971	167	0	0	0	1	5	0	0	1	2	709	0	0	0	0	101	5	0	0	0	0	0	0	2000	0	414		//	스킬 피해량 +12% & 분쇄 지속시간 +2초																														
//	52184	1213	3	20105	1	1	202972	166	0	0	0	1	5	0	0	1	2	886	0	0	0	0	101	5	0	0	0	0	0	0	3000	0	414		//	스킬 피해량 +15% & 분쇄 지속시간 +3초																														
//	52185	1213	3	20105	1	1	202973	167	0	0	0	1	5	0	0	1	2	591	0	0	0	0	210	5	0	0	413	0	0	394	0	0	413		//	스킬 피해량 +10% & 강격 추가 피해량 +10%																														
//	52186	1213	3	20105	1	1	202974	167	0	0	0	1	5	0	0	1	2	709	0	0	0	0	210	5	0	0	413	0	0	473	0	0	413		//	스킬 피해량 +12% & 강격 추가 피해량 +12%																														
//	52187	1213	3	20105	1	1	202975	166	0	0	0	1	5	0	0	1	2	886	0	0	0	0	210	5	0	0	413	0	0	591	0	0	413		//	스킬 피해량 +15% & 강격 추가 피해량 +15%																														
//	52188	1214	1	20105	1	0	405347	167	0	10	0	0	0	0	0	0	0	0	0	0	0	0	0	0	0	0	0	0	0	0	0	0	0		//	스킬 범위 +1미터																														
//	52189	1214	1	20105	1	0	405348	167	0	20	0	0	0	0	0	0	0	0	0	0	0	0	0	0	0	0	0	0	0	0	0	0	0		//	스킬 범위 +2미터																														
//	52190	1214	1	20105	1	0	405349	166	0	30	0	0	0	0	0	0	0	0	0	0	0	0	0	0	0	0	0	0	0	0	0	0	0		//	스킬 범위 +3미터																														
//	52191	1214	1	20105	1	0	405527	167	0	0	1	0	0	0	0	0	0	0	0	0	0	0	0	0	0	0	0	0	0	0	0	0	0		//	적용 개체 수 +1																														
//	52192	1214	1	20105	1	0	405528	167	0	0	2	0	0	0	0	0	0	0	0	0	0	0	0	0	0	0	0	0	0	0	0	0	0		//	적용 개체 수 +2																														
//	52193	1214	1	20105	1	0	405529	166	0	0	3	0	0	0	0	0	0	0	0	0	0	0	0	0	0	0	0	0	0	0	0	0	0		//	적용 개체 수 +3																														
//	52194	1214	2	20105	1	0	405560	167	0	0	0	1	5	0	0	1	2	235	0	0	0	0	0	0	0	0	0	0	0	0	0	0	0		//	스킬 피해량 +5%																														
//	52195	1214	2	20105	1	0	405561	167	0	0	0	1	5	0	0	1	2	470	0	0	0	0	0	0	0	0	0	0	0	0	0	0	0		//	스킬 피해량 +10%																														
//	52196	1214	2	20105	1	0	405562	166	0	0	0	1	5	0	0	1	2	705	0	0	0	0	0	0	0	0	0	0	0	0	0	0	0		//	스킬 피해량 +15%																														
//	52197	1214	2	20105	1	0	205802	167	0	0	0	11	5	1000	0	9	0	2	-300	3000	0	104	0	0	0	0	0	0	0	0	0	0	0		//	무기력 : 100% 확률로 3초동안 공격력 -30%																														
//	52198	1214	2	20105	1	0	205803	167	0	0	0	11	5	1000	0	9	0	2	-300	4000	0	104	0	0	0	0	0	0	0	0	0	0	0		//	무기력 : 100% 확률로 4초동안 공격력 -30%																														
//	52199	1214	2	20105	1	0	205804	166	0	0	0	11	5	1000	0	9	0	2	-300	5000	0	104	0	0	0	0	0	0	0	0	0	0	0		//	무기력 : 100% 확률로 5초동안 공격력 -30%																														
//	52200	1214	3	20105	1	1	202976	167	0	0	0	1	5	0	0	1	2	705	0	0	0	0	2	5	1000	0	9	200	1	200	3000	1000	101		//	스킬 피해량 +15% & 상처 : 100% 확률로 3초동안 피해 200																														
//	52201	1214	3	20105	1	1	202977	167	0	0	0	1	5	0	0	1	2	941	0	0	0	0	2	5	1000	0	9	200	1	200	4000	1000	101		//	스킬 피해량 +20% & 상처 : 100% 확률로 4초동안 피해 200																														
//	52202	1214	3	20105	1	1	202978	166	0	0	0	1	5	0	0	1	2	1176	0	0	0	0	2	5	1000	0	9	200	1	200	5000	1000	101		//	스킬 피해량 +25% & 상처 : 100% 확률로 5초동안 피해 200																														
//	52203	1214	3	20105	1	1	202979	167	0	0	0	1	5	0	0	1	2	705	0	0	0	0	210	5	0	0	413	0	0	282	0	0	413		//	스킬 피해량 +15% & 강격 추가 피해량 +15%																														
//	52204	1214	3	20105	1	1	202980	167	0	0	0	1	5	0	0	1	2	941	0	0	0	0	210	5	0	0	413	0	0	376	0	0	413		//	스킬 피해량 +20% & 강격 추가 피해량 +20%																														
//	52205	1214	3	20105	1	1	202981	166	0	0	0	1	5	0	0	1	2	1176	0	0	0	0	210	5	0	0	413	0	0	470	0	0	413		//	스킬 피해량 +25% & 강격 추가 피해량 +25%																														
//	52206	1215	1	20105	1	0	202982	167	0	0	0	20	7	0	0	0	0	0	0	1000	0	970	0	0	0	0	0	0	0	0	0	0	0		//	질주 지속시간 +1초																														
//	52207	1215	1	20105	1	0	202983	167	0	0	0	20	7	0	0	0	0	0	0	2000	0	970	0	0	0	0	0	0	0	0	0	0	0		//	질주 지속시간 +2초																														
//	52208	1215	1	20105	1	0	202984	166	0	0	0	20	7	0	0	0	0	0	0	3000	0	970	0	0	0	0	0	0	0	0	0	0	0		//	질주 지속시간 +3초																														
//	52209	1215	1	20105	1	0	202985	167	0	0	0	20	7	0	0	0	0	0	50	0	0	970	0	0	0	0	0	0	0	0	0	0	0		//	질주 증가 +5%																														
//	52210	1215	1	20105	1	0	202986	167	0	0	0	20	7	0	0	0	0	0	100	0	0	970	0	0	0	0	0	0	0	0	0	0	0		//	질주 증가 +10%																														
//	52211	1215	1	20105	1	0	202987	166	0	0	0	20	7	0	0	0	0	0	150	0	0	970	0	0	0	0	0	0	0	0	0	0	0		//	질주 증가 +15%																														
//	52212	1215	2	20105	1	0	204680	167	0	0	0	4	7	1000	0	0	0	1	5000	0	0	0	0	0	0	0	0	0	0	0	0	0	0		//	HP 회복 +5000																														
//	52213	1215	2	20105	1	0	204681	167	0	0	0	4	7	1000	0	0	0	1	10000	0	0	0	0	0	0	0	0	0	0	0	0	0	0		//	HP 회복 +10000																														
//	52214	1215	2	20105	1	0	204682	166	0	0	0	4	7	1000	0	0	0	1	15000	0	0	0	0	0	0	0	0	0	0	0	0	0	0		//	HP 회복 +15000																														
//	52215	1215	2	20105	1	0	204683	167	0	0	0	28	7	1000	0	0	0	5	150	5000	0	312	0	0	0	0	0	0	0	0	0	0	0		//	스킬데미지증가 : 5초동안 스킬공격력 +15%																														
//	52216	1215	2	20105	1	0	204684	167	0	0	0	28	7	1000	0	0	0	5	150	10000	0	312	0	0	0	0	0	0	0	0	0	0	0		//	스킬데미지증가 : 10초동안 스킬공격력 +15%																														
//	52217	1215	2	20105	1	0	204685	166	0	0	0	28	7	1000	0	0	0	5	150	15000	0	312	0	0	0	0	0	0	0	0	0	0	0		//	스킬데미지증가 : 15초동안 스킬공격력 +15%																														
//	52218	1215	3	20105	1	0	405533	167	0	0	0	109	7	0	0	0	0	0	0	1000	0	430	0	0	0	0	0	0	0	0	0	0	0		//	무적 지속시간 +1초																														
//	52219	1215	3	20105	1	0	405534	167	0	0	0	109	7	0	0	0	0	0	0	2000	0	430	0	0	0	0	0	0	0	0	0	0	0		//	무적 지속시간 +2초																														
//	52220	1215	3	20105	1	0	405535	166	0	0	0	109	7	0	0	0	0	0	0	3000	0	430	0	0	0	0	0	0	0	0	0	0	0		//	무적 지속시간 +3초																														
//	52221	1215	3	20105	1	0	202988	167	0	0	0	114	7	0	0	0	0	0	0	1000	0	121	0	0	0	0	0	0	0	0	0	0	0		//	피격스턴 지속시간 +1초																														
//	52222	1215	3	20105	1	0	202989	167	0	0	0	114	7	0	0	0	0	0	0	2000	0	121	0	0	0	0	0	0	0	0	0	0	0		//	피격스턴 지속시간 +2초																														
//	52223	1215	3	20105	1	0	202990	166	0	0	0	114	7	0	0	0	0	0	0	3000	0	121	0	0	0	0	0	0	0	0	0	0	0		//	피격스턴 지속시간 +3초																														
//	52224	1229	1	20105	1	0	405347	167	0	10	0	0	0	0	0	0	0	0	0	0	0	0	0	0	0	0	0	0	0	0	0	0	0		//	스킬 범위 +1미터																														
//	52225	1229	1	20105	1	0	405348	167	0	20	0	0	0	0	0	0	0	0	0	0	0	0	0	0	0	0	0	0	0	0	0	0	0		//	스킬 범위 +2미터																														
//	52226	1229	1	20105	1	0	405349	166	0	30	0	0	0	0	0	0	0	0	0	0	0	0	0	0	0	0	0	0	0	0	0	0	0		//	스킬 범위 +3미터																														
//	52227	1229	1	20105	1	0	405527	167	0	0	1	0	0	0	0	0	0	0	0	0	0	0	0	0	0	0	0	0	0	0	0	0	0		//	적용 개체 수 +1																														
//	52228	1229	1	20105	1	0	405528	167	0	0	2	0	0	0	0	0	0	0	0	0	0	0	0	0	0	0	0	0	0	0	0	0	0		//	적용 개체 수 +2																														
//	52229	1229	1	20105	1	0	405529	166	0	0	3	0	0	0	0	0	0	0	0	0	0	0	0	0	0	0	0	0	0	0	0	0	0		//	적용 개체 수 +3																														
//	52230	1229	2	20105	1	0	405436	167	0	0	0	1	3	0	0	9	2	262	0	0	0	0	0	0	0	0	0	0	0	0	0	0	0		//	스킬 피해량 +3%																														
//	52231	1229	2	20105	1	0	405445	167	0	0	0	1	3	0	0	9	2	525	0	0	0	0	0	0	0	0	0	0	0	0	0	0	0		//	스킬 피해량 +6%																														
//	52232	1229	2	20105	1	0	405561	166	0	0	0	1	3	0	0	9	2	875	0	0	0	0	0	0	0	0	0	0	0	0	0	0	0		//	스킬 피해량 +10%																														
//	52233	1229	2	20105	1	0	202967	167	0	0	0	2	3	0	0	9	200	0	26	0	0	101	0	0	0	0	0	0	0	0	0	0	0		//	상처 피해량 +3%																														
//	52234	1229	2	20105	1	0	202968	167	0	0	0	2	3	0	0	9	200	0	52	0	0	101	0	0	0	0	0	0	0	0	0	0	0		//	상처 피해량 +6%																														
//	52235	1229	2	20105	1	0	202969	166	0	0	0	2	3	0	0	9	200	0	87	0	0	101	0	0	0	0	0	0	0	0	0	0	0		//	상처 피해량 +10%																														
//	52236	1229	3	20105	1	1	205831	167	0	0	0	1	3	0	0	9	2	875	0	0	0	0	2	3	0	0	9	200	0	0	1000	0	101		//	스킬 피해량 +10% & 상처 지속시간 +1초																														
//	52237	1229	3	20105	1	1	205832	167	0	0	0	1	3	0	0	9	2	1050	0	0	0	0	2	3	0	0	9	200	0	0	2000	0	101		//	스킬 피해량 +12% & 상처 지속시간 +2초																														
//	52238	1229	3	20105	1	1	205833	166	0	0	0	1	3	0	0	9	2	1312	0	0	0	0	2	3	0	0	9	200	0	0	3000	0	101		//	스킬 피해량 +15% & 상처 지속시간 +3초																														
//	52239	1229	3	20105	1	1	205834	167	0	0	0	1	3	0	0	9	2	875	0	0	0	0	392	3	0	0	0	0	0	0	1000	0	426		//	스킬 피해량 +10% & 성흔 지속시간 +1초																														
//	52240	1229	3	20105	1	1	205835	167	0	0	0	1	3	0	0	9	2	1050	0	0	0	0	392	3	0	0	0	0	0	0	2000	0	426		//	스킬 피해량 +12% & 성흔 지속시간 +2초																														
//	52241	1229	3	20105	1	1	205836	166	0	0	0	1	3	0	0	9	2	1312	0	0	0	0	392	3	0	0	0	0	0	0	3000	0	426		//	스킬 피해량 +15% & 성흔 지속시간 +3초																														
//	52242	1227	1	20105	1	0	405347	167	0	10	0	0	0	0	0	0	0	0	0	0	0	0	0	0	0	0	0	0	0	0	0	0	0		//	스킬 범위 +1미터																														
//	52243	1227	1	20105	1	0	405348	167	0	20	0	0	0	0	0	0	0	0	0	0	0	0	0	0	0	0	0	0	0	0	0	0	0		//	스킬 범위 +2미터																														
//	52244	1227	1	20105	1	0	405349	166	0	30	0	0	0	0	0	0	0	0	0	0	0	0	0	0	0	0	0	0	0	0	0	0	0		//	스킬 범위 +3미터																														
//	52245	1227	1	20105	1	0	405527	167	0	0	1	0	0	0	0	0	0	0	0	0	0	0	0	0	0	0	0	0	0	0	0	0	0		//	적용 개체 수 +1																														
//	52246	1227	1	20105	1	0	405528	167	0	0	2	0	0	0	0	0	0	0	0	0	0	0	0	0	0	0	0	0	0	0	0	0	0		//	적용 개체 수 +2																														
//	52247	1227	1	20105	1	0	405529	166	0	0	3	0	0	0	0	0	0	0	0	0	0	0	0	0	0	0	0	0	0	0	0	0	0		//	적용 개체 수 +3																														
//	52248	1227	2	20105	1	0	405436	167	0	0	0	1	3	0	0	9	2	97	0	0	0	0	0	0	0	0	0	0	0	0	0	0	0		//	스킬 피해량 +3%																														
//	52249	1227	2	20105	1	0	405445	167	0	0	0	1	3	0	0	9	2	194	0	0	0	0	0	0	0	0	0	0	0	0	0	0	0		//	스킬 피해량 +6%																														
//	52250	1227	2	20105	1	0	405561	166	0	0	0	1	3	0	0	9	2	323	0	0	0	0	0	0	0	0	0	0	0	0	0	0	0		//	스킬 피해량 +10%																														
//	52251	1227	2	20105	1	0	202967	167	0	0	0	2	3	0	0	9	200	0	16	0	0	101	0	0	0	0	0	0	0	0	0	0	0		//	상처 피해량 +3%																														
//	52252	1227	2	20105	1	0	202968	167	0	0	0	2	3	0	0	9	200	0	32	0	0	101	0	0	0	0	0	0	0	0	0	0	0		//	상처 피해량 +6%																														
//	52253	1227	2	20105	1	0	202969	166	0	0	0	2	3	0	0	9	200	0	54	0	0	101	0	0	0	0	0	0	0	0	0	0	0		//	상처 피해량 +10%																														
//	52254	1227	3	20105	1	1	205837	167	0	0	0	1	3	0	0	9	2	323	0	0	0	0	389	3	0	0	0	0	0	0	300	0	421		//	스킬 피해량 +10% & 속죄 지속시간 +0.3초																														
//	52255	1227	3	20105	1	1	205838	167	0	0	0	1	3	0	0	9	2	388	0	0	0	0	389	3	0	0	0	0	0	0	600	0	421		//	스킬 피해량 +12% & 속죄 지속시간 +0.6초																														
//	52256	1227	3	20105	1	1	205839	166	0	0	0	1	3	0	0	9	2	485	0	0	0	0	389	3	0	0	0	0	0	0	1000	0	421		//	스킬 피해량 +15% & 속죄 지속시간 +1초																														
//	52257	1227	3	20105	1	1	205840	167	0	0	0	1	3	0	0	9	2	323	0	0	0	0	210	3	0	0	0	426	0	614	0	0	426		//	스킬 피해량 +10% & 성흔 추가 피해량 +10%																														
//	52258	1227	3	20105	1	1	205841	167	0	0	0	1	3	0	0	9	2	388	0	0	0	0	210	3	0	0	0	426	0	737	0	0	426		//	스킬 피해량 +12% & 성흔 추가 피해량 +12%																														
//	52259	1227	3	20105	1	1	205842	166	0	0	0	1	3	0	0	9	2	485	0	0	0	0	210	3	0	0	0	426	0	921	0	0	426		//	스킬 피해량 +15% & 성흔 추가 피해량 +15%																														
//	52260	1231	1	20105	1	0	405347	167	0	10	0	0	0	0	0	0	0	0	0	0	0	0	0	0	0	0	0	0	0	0	0	0	0		//	스킬 범위 +1미터																														
//	52261	1231	1	20105	1	0	405348	167	0	20	0	0	0	0	0	0	0	0	0	0	0	0	0	0	0	0	0	0	0	0	0	0	0		//	스킬 범위 +2미터																														
//	52262	1231	1	20105	1	0	405349	166	0	30	0	0	0	0	0	0	0	0	0	0	0	0	0	0	0	0	0	0	0	0	0	0	0		//	스킬 범위 +3미터																														
//	52263	1231	1	20105	1	0	405527	167	0	0	1	0	0	0	0	0	0	0	0	0	0	0	0	0	0	0	0	0	0	0	0	0	0		//	적용 개체 수 +1																														
//	52264	1231	1	20105	1	0	405528	167	0	0	2	0	0	0	0	0	0	0	0	0	0	0	0	0	0	0	0	0	0	0	0	0	0		//	적용 개체 수 +2																														
//	52265	1231	1	20105	1	0	405529	166	0	0	3	0	0	0	0	0	0	0	0	0	0	0	0	0	0	0	0	0	0	0	0	0	0		//	적용 개체 수 +3																														
//	52266	1231	2	20105	1	0	405560	167	0	0	0	1	3	0	0	9	2	138	0	0	0	0	0	0	0	0	0	0	0	0	0	0	0		//	스킬 피해량 +5%																														
//	52267	1231	2	20105	1	0	405561	167	0	0	0	1	3	0	0	9	2	277	0	0	0	0	0	0	0	0	0	0	0	0	0	0	0		//	스킬 피해량 +10%																														
//	52268	1231	2	20105	1	0	405562	166	0	0	0	1	3	0	0	9	2	415	0	0	0	0	0	0	0	0	0	0	0	0	0	0	0		//	스킬 피해량 +15%																														
//	52269	1231	2	20105	1	0	205843	167	0	0	0	389	3	0	0	0	0	0	0	300	0	421	0	0	0	0	0	0	0	0	0	0	0		//	속죄 지속시간 +0.3초																														
//	52270	1231	2	20105	1	0	205844	167	0	0	0	389	3	0	0	0	0	0	0	600	0	421	0	0	0	0	0	0	0	0	0	0	0		//	속죄 지속시간 +0.6초																														
//	52271	1231	2	20105	1	0	205845	166	0	0	0	389	3	0	0	0	0	0	0	1000	0	421	0	0	0	0	0	0	0	0	0	0	0		//	속죄 지속시간 +1초																														
//	52272	1231	3	20105	1	1	205846	167	0	0	0	1	3	0	0	9	2	415	0	0	0	0	21	3	1000	0	0	0	2	-300	3000	0	109		//	스킬 피해량 +15% & 둔화 : 100% 확률로 3초동안 공격속도 -30%																														
//	52273	1231	3	20105	1	1	205847	167	0	0	0	1	3	0	0	9	2	553	0	0	0	0	21	3	1000	0	0	0	2	-300	4000	0	109		//	스킬 피해량 +20% & 둔화 : 100% 확률로 4초동안 공격속도 -30%																														
//	52274	1231	3	20105	1	1	205848	166	0	0	0	1	3	0	0	9	2	691	0	0	0	0	21	3	1000	0	0	0	2	-300	5000	0	109		//	스킬 피해량 +25% & 둔화 : 100% 확률로 5초동안 공격속도 -30%																														
//	52275	1231	3	20105	1	1	205849	167	0	0	0	1	3	0	0	9	2	415	0	0	0	0	210	3	0	0	0	426	0	871	0	0	426		//	스킬 피해량 +15% & 성흔 추가 피해량 +15%																														
//	52276	1231	3	20105	1	1	205850	167	0	0	0	1	3	0	0	9	2	553	0	0	0	0	210	3	0	0	0	426	0	1161	0	0	426		//	스킬 피해량 +20% & 성흔 추가 피해량 +20%																														
//	52277	1231	3	20105	1	1	205851	166	0	0	0	1	3	0	0	9	2	691	0	0	0	0	210	3	0	0	0	426	0	1452	0	0	426		//	스킬 피해량 +25% & 성흔 추가 피해량 +25%																														
//	52278	1228	1	20105	1	0	405347	167	0	10	0	0	0	0	0	0	0	0	0	0	0	0	0	0	0	0	0	0	0	0	0	0	0		//	스킬 범위 +1미터																														
//	52279	1228	1	20105	1	0	405348	167	0	20	0	0	0	0	0	0	0	0	0	0	0	0	0	0	0	0	0	0	0	0	0	0	0		//	스킬 범위 +2미터																														
//	52280	1228	1	20105	1	0	405349	166	0	30	0	0	0	0	0	0	0	0	0	0	0	0	0	0	0	0	0	0	0	0	0	0	0		//	스킬 범위 +3미터																														
//	52281	1228	1	20105	1	0	405527	167	0	0	1	0	0	0	0	0	0	0	0	0	0	0	0	0	0	0	0	0	0	0	0	0	0		//	적용 개체 수 +1																														
//	52282	1228	1	20105	1	0	405528	167	0	0	2	0	0	0	0	0	0	0	0	0	0	0	0	0	0	0	0	0	0	0	0	0	0		//	적용 개체 수 +2																														
//	52283	1228	1	20105	1	0	405529	166	0	0	3	0	0	0	0	0	0	0	0	0	0	0	0	0	0	0	0	0	0	0	0	0	0		//	적용 개체 수 +3																														
//	52284	1228	2	20105	1	0	405560	167	0	0	0	1	5	0	0	9	2	329	0	0	0	0	0	0	0	0	0	0	0	0	0	0	0		//	스킬 피해량 +5%																														
//	52285	1228	2	20105	1	0	405561	167	0	0	0	1	5	0	0	9	2	658	0	0	0	0	0	0	0	0	0	0	0	0	0	0	0		//	스킬 피해량 +10%																														
//	52286	1228	2	20105	1	0	405562	166	0	0	0	1	5	0	0	9	2	988	0	0	0	0	0	0	0	0	0	0	0	0	0	0	0		//	스킬 피해량 +15%																														
//	52287	1228	2	20105	1	0	205852	167	0	0	0	392	3	0	0	0	0	0	0	1000	0	426	0	0	0	0	0	0	0	0	0	0	0		//	성흔 지속시간 +1초																														
//	52288	1228	2	20105	1	0	205853	167	0	0	0	392	3	0	0	0	0	0	0	2000	0	426	0	0	0	0	0	0	0	0	0	0	0		//	성흔 지속시간 +2초																														
//	52289	1228	2	20105	1	0	205854	166	0	0	0	392	3	0	0	0	0	0	0	3000	0	426	0	0	0	0	0	0	0	0	0	0	0		//	성흔 지속시간 +3초																														
//	52290	1228	3	20105	1	1	205855	167	0	0	0	1	5	0	0	9	2	988	0	0	0	0	4	4	1000	0	0	0	1	300	3000	1000	1513		//	스킬 피해량 +15% & 활기 : 3초동안 주변 아군의 HP 회복 +300																														
//	52291	1228	3	20105	1	1	205856	167	0	0	0	1	5	0	0	9	2	1317	0	0	0	0	4	4	1000	0	0	0	1	600	3000	1000	1513		//	스킬 피해량 +20% & 활기 : 3초동안 주변 아군의 HP 회복 +600																														
//	52292	1228	3	20105	1	1	205857	166	0	0	0	1	5	0	0	9	2	1646	0	0	0	0	4	4	1000	0	0	0	1	1000	3000	1000	1513		//	스킬 피해량 +25% & 활기 : 3초동안 주변 아군의 HP 회복 +1000																														
//	52293	1228	3	20105	1	1	202976	167	0	0	0	1	5	0	0	9	2	988	0	0	0	0	2	3	1000	0	9	200	1	200	3000	1000	101		//	스킬 피해량 +15% & 상처 : 100% 확률로 3초동안 피해 200																														
//	52294	1228	3	20105	1	1	202977	167	0	0	0	1	5	0	0	9	2	1317	0	0	0	0	2	3	1000	0	9	200	1	200	4000	1000	101		//	스킬 피해량 +20% & 상처 : 100% 확률로 4초동안 피해 200																														
//	52295	1228	3	20105	1	1	202978	166	0	0	0	1	5	0	0	9	2	1646	0	0	0	0	2	3	1000	0	9	200	1	200	5000	1000	101		//	스킬 피해량 +25% & 상처 : 100% 확률로 5초동안 피해 200																														
