//WeaponItemInfo																																			거래및판매여부	각종가능여부																																																																																																																																								힘	민	체	지	정				
//	WeaponItemInfo 사용가능대역																																																																																																																																																																										버	26	13	27	4	10	80			
//	1~1000																																																																																																																																																																										드	22	20	20	6	12	80			
//	10001~11000			!! 연결 업데이트 문제로 인해 셀값이 달라지는 문제가 생겨																																																																																																																																																																							발	16	23	15	7	19	80			
//	20001~21000			!! 수치데이터 문서와의 연결 전부 날림																																																																																																																																																																							엘	8	12	13	25	22	80			
//	30001~31000			"이후, 참조값이 있는 수식은 가급적 날려주세요!"																																																													0 모두																																																																																																										섀	19	17	16	18	10	80			
//	50000~50999		//12 : 습득시 즉시사용 사용 실패시 보존																																																														1 남자																																																																																																										미	15	21	15	19	10	80			
//			//13 : 습득시 즉시사용 사용 실패시 삭제																																																																																																																																																																								헬	15	12	27	6	20	80			
//										남	여																																																						2 여자	버서커	드나	섀도	발키리	엘리	미스틱	헬로이드	위치블레이드			 < 기본옵션 >																				< 가맹PC방 전용 옵션 >																					남	여																							디바인 구역															엘리트 구역						유니크 구역									위	18	20	24	8	10	80			
//파라메타 업데이트 버전 정보						814	814				1102			1102		819	814			809	812	812		810					816		816	1103				811	820	1005		904						1102_삭제																		905	1102						1204	1304				811				811				811				812	812	812	812	812	812	812	812	811				811				811				812	812	812	812	812	812	812	812			1102		1102			812	818	818				815				902																																				810											
//설명	아이템코드	판매종류	소멸방식	이름	네임코드	아이템색사용여부	아이템색상코드	네임코드2	설명코드	장착이미지코드	장착이미지코드2	인벤이미지코드	드랍이미지코드	베타키구분코드	종류및계열	이벤트타입	아이템Drop사운드인덱스	효과발동위치	효과코드	본위치	특수액세서리본위치	특수액세서리장착타입	아이템계열	세트옵션적용	세트계열	레벨	내구도	내구감소력	내구도패널티인덱스	아이템가격	아이템가격_최대값	주사위획득방식	팝업창출력여부	"장비,사용여부"	거래및판매여부	각종가능여부	귀속여부	에테리아추출가능여부	장비제한레벨	아이템사용제한레벨	힘제한	민첩제한	체력제한	지력제한	정신력제한	숙련도1	숙련도2	최소데미지	최대데미지	물리공격성공률	물리공격속도	물리방어력	물리공격회피율	기본공격타입	공격속성	공격타입	공격거리	방어타입	마법최소공격력	마법최대공격력	마법공격속도	마법방어력	이동속도	탈것장비클래스	성별타입	장비클래스1	장비클래스2	장비클래스3	장비클래스4	장비클래스5	장비클래스6	장비클래스7	장비클래스8	장비클래스9	장비위치	옵션발동조건1	옵션종류1	수치타입	기본옵션1	옵션발동조건2	옵션종류2	수치타입	기본옵션2	옵션발동조건3	옵션종류3	수치타입	기본옵션3	옵션발동조건4	옵션종류4	수치타입	기본옵션4	옵션발동조건5	옵션종류5	수치타입	기본옵션5	옵션발동조건1	옵션종류1	수치타입	PC방옵션1	옵션발동조건2	옵션종류2	수치타입	PC방옵션2	옵션발동조건3	옵션종류3	수치타입	PC방옵션3	옵션발동조건4	옵션종류4	수치타입	PC방옵션4	옵션발동조건5	옵션종류5	수치타입	PC방옵션5	발사체	머리형태	머리형태2	커스터마이즈	커스터마이즈2	중복개수	장착중복가능개수(Index)	장착중복가능개수(Type)-인벤토리	장착중복그룹	장착개수	포션기능	쿨타임타입	상승수치	경험치물약필드	지속시간	횟수	쿨타임	카오시간감소	퀘스트ID	재료특성	스킬정보	쟈드등급	쟈드옵션종류	쟈드합성추가성공률	교환아이템정보	디바인힘제한	디바인민첩제한	디바인체력제한	디바인지력제한	디바인정신력제한	디바인숙련도1	디바인숙련도2	디바인물리최소데미지	디바인물리최대데미지	디바인마법최소데미지	디바인마법최대데미지	디바인물리방어력	디바인마법방어력	AC코드	AC참조타입	엘리트물리최소데미지	엘리트물리최대데미지	엘리트마법최소데미지	엘리트마법최대데미지	엘리트물리방어력	엘리트마법방어력	유니크물리최소데미지	유니크물리최대데미지	유니크마법최소데미지	유니크마법최대데미지	유니크물리방어력	유니크마법방어력	아이템종류선정	배틀존아이템분배적용											
	Code	ChargeType	ChargeSubType	Name	NameCode	NameColorType	NameColorCode	NameCode2	DNCode3	WearImageCode	WearImageCode2	InvenImageCode	DropImageCode	BetaKeyCode	Type	Etype	ItemSoundIndex	EffectPosition	EffectCode	RotBone	BoneName	SABoneType	SubType	SetOptionType	SetType	Level	Dura	DuraStrenth	StrengthPenaltyIndex	ItemSellMoney	ItemSellMoney_Max	DiceCast	Popup	MaterialType	TradeSellType	Mixture	ReversionType	ExtractType	LimitEqLevel	LimitUseLevel	LimitStr	LimitDex	LimitVit	LimitInt	LimitSpr	LimitSkill1	LimitSkill2	MinDamage	MaxDamage	PhyAttRate	PhyAttSpeed	PhyDef	PhyAvoid	BaseAttType	MagicalAttType	MeleeType	AttRange	ArmorType	MagicAttMinDamgage	MagicAttMaxDamgage	MagicAttSpeed	MagicDef	Speed	EqRidingClass	GenderType	EqClass1	EqClass2	EqClass3	EqClass4	EqClass5	EqClass6	EqClass7	EqClass8	EqClass9	EqPos	ExerciseEffect1	OptionKind1	OptionType1	OptionValue1	ExerciseEffect2	OptionKind2	OptionType2	OptionValue2	ExerciseEffect3	OptionKind3	OptionType3	OptionValue3	ExerciseEffect4	OptionKind4	OptionType4	OptionValue4	ExerciseEffect5	OptionKind5	OptionType5	OptionValue5	PCExerciseEffect1	PCOptionKind1	PCOptionType1	PCOptionValue1	PCExerciseEffect2	PCOptionKind2	PCOptionType2	PCOptionValue2	PCExerciseEffect3	PCOptionKind3	PCOptionType3	PCOptionValue3	PCExerciseEffect4	PCOptionKind4	PCOptionType4	PCOptionValue4	PCExerciseEffect5	PCOptionKind5	PCOptionType5	PCOptionValue5	Missile	HeadType	HeadType2	Customize	Customize2	DupNum	DupEquipNum	DupEquipTypeNum	DupEquipGroup	DupEquipGroupNum	WasteType	CoolTimeType	HealHP	ExpHP	HealTime	Times	CoolTime	ChaoTimeDec	QuestCode	MaterialCode	SkillCode	ZardGrade	ZardOptionKind	ZardSuccesPer	ExchangedItem	DivLimitStr	DivLimitDex	DivLimitVit	DivLimitInt	DivLimitSpr	DivLimitSkill1	DivLimitSkill2	DivPhyMinDamage	DivPhyMaxDamage	DivMagicMinDamage	DivMagicMaxDamage	DivPhyDef	DivMagicDef	ACCode	ACReferenceID	ElitePhyMinDamage	ElitePhyMaxDamage	EliteMagicMinDamage	EliteMagicMaxDamage	ElitePhyDef	EliteMagicDef	UniPhyMinDamage	UniPhyMaxDamage	UniMagicMinDamage	UniMagicMaxDamage	UniPhyDef	UniMagicDef	ItemListType	UseItemDistribution	FieldEnd										
	1	0	0	금속_양손도끼_1등급아이템	30031	0	0	30001	0	1	1	2001	39999	0	1	0	1	0	Null	0	Null	0	0	0	0	1	38	5910	1	25	25	0	0	1	0	0	0	0	1	0	0	0	0	0	0	0 	0 	61 	82 	0.8 	105 	0	0	1	1	3	1.5 	0	0	0	0	0	0	0	0	1	0	0	0	0	0	0	0	0	0	0	0	0	0	0	0	0	0	0	0	0	0	0	0	0	0	1	41	1	3	0	0	0	0	0	0	0	0	0	0	0	0	0	0	0	0	0	0	0	0	0	0	0	0	0	1	0	0	0	0	0	0	0	0	0	0	0	0	0	0	0	0	0	0	0	0	0	0	0	0	0 	0 	67	94	0 	0 	0 	0 	0	0	0	0	0	0	0	0	0	0	0	0	0	0	1	0		//	-26		-27			-53	-10.6	-8	1
	2	0	0	청동_양손도끼_2등급아이템	30032	0	0	30001	0	2	2	2002	39999	0	1	0	1	0	Null	0	Null	0	0	0	0	2	43	5674	1	800	800	0	0	1	0	0	0	0	8	0	0	0	0	0	0	0 	0 	71 	96 	0.8 	105 	0	0	1	1	3	1.5 	0	0	0	0	0	0	0	0	1	0	0	0	0	0	0	0	0	0	0	0	0	0	0	0	0	0	0	0	0	0	0	0	0	0	1	41	1	3	0	0	0	0	0	0	0	0	0	0	0	0	0	0	0	0	0	0	0	0	0	0	0	0	0	1	0	0	0	0	0	0	0	0	0	0	0	0	0	0	0	0	0	0	0	0	0	0	0	0	0 	0 	78	110	0 	0 	0 	0 	0	0	0	0	0	0	0	0	0	0	0	0	0	0	1	0		//	-26		-27			-53	-10.6	-8	8
	3	0	0	합금_양손도끼_3등급아이템	30033	0	0	30001	0	3	3	2003	39999	0	1	0	1	0	Null	0	Null	0	0	0	0	3	48	5556	1	1200	1200	0	0	1	0	0	0	0	15	0	0	0	0	0	0	0 	0 	83 	112 	0.8 	105 	0	0	1	1	3	1.5 	0	0	0	0	0	0	0	0	1	0	0	0	0	0	0	0	0	0	0	0	0	0	0	0	0	0	0	0	0	0	0	0	0	0	1	41	1	3	0	0	0	0	0	0	0	0	0	0	0	0	0	0	0	0	0	0	0	0	0	0	0	0	0	1	0	0	0	0	0	0	0	0	0	0	0	0	0	0	0	0	0	0	0	0	0	0	0	0	0 	0 	91	129	0 	0 	0 	0 	0	0	0	0	0	0	0	0	0	0	0	0	0	0	1	0		//	-26		-27			-53	-10.6	-8	15
	4	0	0	강철_양손도끼_4등급아이템	30034	0	0	30001	0	4	4	2004	39999	0	1	0	1	0	Null	0	Null	0	0	0	0	4	53	5438	1	1900	1900	0	0	1	0	0	0	0	22	0	0	0	0	0	0	0 	0 	97 	132 	0.8 	105 	0	0	1	1	3	1.5 	0	0	0	0	0	0	0	0	1	0	0	0	0	0	0	0	0	0	0	0	0	0	0	0	0	0	0	0	0	0	0	0	0	0	1	41	1	3	0	0	0	0	0	0	0	0	0	0	0	0	0	0	0	0	0	0	0	0	0	0	0	0	0	1	0	0	0	0	0	0	0	0	0	0	0	0	0	0	0	0	0	0	0	0	0	0	0	0	0 	0 	107	152	0 	0 	0 	0 	0	0	0	0	0	0	0	0	0	0	0	0	0	0	1	0		//	-26		-27			-53	-10.6	-8	22
	5	0	0	베론가_양손도끼_5등급아이템	30035	0	0	30001	0	5	5	2005	39999	0	1	0	1	0	Null	0	Null	0	0	0	0	5	58	5320	1	2900	2900	0	0	1	0	0	0	0	29	0	0	0	0	0	0	0 	0 	114 	155 	0.8 	105 	0	0	1	1	3	1.5 	0	0	0	0	0	0	0	0	1	0	0	0	0	0	0	0	0	0	0	0	0	0	0	0	0	0	0	0	0	0	0	0	0	0	1	41	1	3	0	0	0	0	0	0	0	0	0	0	0	0	0	0	0	0	0	0	0	0	0	0	0	0	0	1	0	0	0	0	0	0	0	0	0	0	0	0	0	0	0	0	0	0	0	0	0	0	0	0	0 	0 	125	178	0 	0 	0 	0 	0	0	0	0	0	0	0	0	0	0	0	0	0	0	1	0		//	-26		-27			-53	-10.6	-8	29
	6	0	0	처절한단죄_양손도끼_6등급아이템	30036	0	0	30001	0	6	6	2006	39999	0	1	0	1	0	Null	0	Null	0	0	0	0	6	64	5200	1	4500	4500	0	0	1	0	0	0	0	36	0	0	0	0	0	0	0 	0 	134 	181 	0.8 	105 	0	0	1	1	3	1.5 	0	0	0	0	0	0	0	0	1	0	0	0	0	0	0	0	0	0	0	0	0	0	0	0	0	0	0	0	0	0	0	0	0	0	1	41	1	3	0	0	0	0	0	0	0	0	0	0	0	0	0	0	0	0	0	0	0	0	0	0	0	0	0	1	0	0	0	0	0	0	0	0	0	0	0	0	0	0	0	0	0	0	0	0	0	0	0	0	0 	0 	147	208	0 	0 	0 	0 	0	0	0	0	0	0	0	0	0	0	0	0	0	0	1	0		//	-26		-27			-53	-10.6	-8	36
	7	0	0	암흑의불꽃_양손도끼_7등급아이템	30037	0	0	30001	0	7	7	2007	39999	0	1	0	1	0	Null	0	Null	0	0	0	0	7	69	5082	1	6900	6900	0	0	1	0	0	0	0	43	0	0	0	0	0	0	0 	0 	157 	212 	0.8 	105 	0	0	1	1	3	1.5 	0	0	0	0	0	0	0	0	1	0	0	0	0	0	0	0	0	0	0	0	0	0	0	0	0	0	0	0	0	0	0	0	0	0	1	41	1	3	0	0	0	0	0	0	0	0	0	0	0	0	0	0	0	0	0	0	0	0	0	0	0	0	0	1	0	0	0	0	0	0	0	0	0	0	0	0	0	0	0	0	0	0	0	0	0	0	0	0	0 	0 	173	244	0 	0 	0 	0 	0	0	0	0	0	0	0	0	0	0	0	0	0	0	1	0		//	-26		-27			-53	-10.6	-8	43
	8	0	0	찬란한승리_양손도끼_8등급아이템	30038	0	0	30001	0	8	8	2008	39999	0	1	0	1	0	Null	0	Null	0	0	0	0	8	74	4964	1	10700	10700	0	0	1	0	0	0	0	50	0	0	0	0	0	0	0 	0 	183 	248 	0.8 	105 	0	0	1	1	3	1.5 	0	0	0	0	0	0	0	0	1	0	0	0	0	0	0	0	0	0	0	0	0	0	0	0	0	0	0	0	0	0	0	0	0	0	1	41	1	3	0	0	0	0	0	0	0	0	0	0	0	0	0	0	0	0	0	0	0	0	0	0	0	0	0	1	0	0	0	0	0	0	0	0	0	0	0	0	0	0	0	0	0	0	0	0	0	0	0	0	0 	0 	201	285	0 	0 	0 	0 	0	0	0	0	0	0	0	0	0	0	0	0	0	0	1	0		//	-26		-27			-53	-10.6	-8	50
	9	0	0	어둠을가르는_양손도끼_9등급아이템	30039	0	0	30001	0	9	9	2009	39999	0	1	0	1	0	Null	0	Null	0	0	0	0	9	79	4846	1	16700	16700	0	0	1	0	0	0	0	57	0	0	0	0	0	0	0 	0 	215 	290 	0.8 	105 	0	0	1	1	3	1.5 	0	0	0	0	0	0	0	0	1	0	0	0	0	0	0	0	0	0	0	0	0	0	0	0	0	0	0	0	0	0	0	0	0	0	1	41	1	3	0	0	0	0	0	0	0	0	0	0	0	0	0	0	0	0	0	0	0	0	0	0	0	0	0	1	0	0	0	0	0	0	0	0	0	0	0	0	0	0	0	0	0	0	0	0	0	0	0	0	0 	0 	237	334	0 	0 	0 	0 	0	0	0	0	0	0	0	0	0	0	0	0	0	0	1	0		//	-26		-27			-53	-10.6	-8	57
	10	0	0	아타나시아_양손도끼_10등급아이템	30040	0	0	30001	0	10	10	2010	39999	0	1	0	1	0	Null	0	Null	0	0	0	0	10	85	4728	1	25800	25800	0	0	1	0	0	0	0	64	0	0	0	0	0	0	0 	0 	251 	340 	0.8 	105 	0	0	1	1	3	1.5 	0	0	0	0	0	0	0	0	1	0	0	0	0	0	0	0	0	0	0	0	0	0	0	0	0	0	0	0	0	0	0	0	0	0	1	41	1	3	0	0	0	0	0	0	0	0	0	0	0	0	0	0	0	0	0	0	0	0	0	0	0	0	0	1	0	0	0	0	0	0	0	0	0	0	0	0	0	0	0	0	0	0	0	0	0	0	0	0	0 	0 	276	391	0 	0 	0 	0 	0	0	0	0	0	0	0	0	0	0	0	0	0	0	1	0		//	-26		-27			-53	-10.6	-8	64
//	11	0	0	결전의날_양손도끼_11등급아이템	30041	0	0	30001	0	11	11	2011	39999	0	1	0	1	0	Null	0	Null	0	0	0	0	11	90	4610	1	40000	40000	0	0	1	0	0	0	0	71	0	0	0	0	0	0	0 	0 	294 	397 	0.8 	105 	0	0	1	1	3	1.5 	0	0	0	0	0	0	0	0	1	0	0	0	0	0	0	0	0	0	0	0	0	0	0	0	0	0	0	0	0	0	0	0	0	0	1	41	1	3	0	0	0	0	0	0	0	0	0	0	0	0	0	0	0	0	0	0	0	0	0	0	0	0	0	1	0	0	0	0	0	0	0	0	0	0	0	0	0	0	0	0	0	0	0	0	0	0	0	0	0 	0 	323	457	0 	0 	0 	0 	0	0	0	0	0	0	0	0	0	0	0	0	0	0	1	0		//	-26		-27			-53	-10.6	-8	71
//	12	0	0	레무레스족의_양손도끼_12등급아이템	30042	0	0	30001	0	12	12	2012	39999	0	1	0	1	0	Null	0	Null	0	0	0	0	12	95	4492	1	62000	62000	0	0	1	0	0	0	0	78	0	0	0	0	0	0	0 	0 	344 	465 	0.8 	105 	0	0	1	1	3	1.5 	0	0	0	0	0	0	0	0	1	0	0	0	0	0	0	0	0	0	0	0	0	0	0	0	0	0	0	0	0	0	0	0	0	0	1	41	1	3	0	0	0	0	0	0	0	0	0	0	0	0	0	0	0	0	0	0	0	0	0	0	0	0	0	1	0	0	0	0	0	0	0	0	0	0	0	0	0	0	0	0	0	0	0	0	0	0	0	0	0 	0 	378	535	0 	0 	0 	0 	0	0	0	0	0	0	0	0	0	0	0	0	0	0	1	0		//	-26		-27			-53	-10.6	-8	78
//	13	0	0	괴력을지닌_양손도끼_13등급아이템	30043	0	0	30001	0	13	13	2013	39999	0	1	0	1	0	Null	0	Null	0	0	0	0	13	100	4374	1	96200	96200	0	0	1	0	0	0	0	85	0	0	0	0	0	0	0 	0 	402 	545 	0.8 	105 	0	0	1	1	3	1.5 	0	0	0	0	0	0	0	0	1	0	0	0	0	0	0	0	0	0	0	0	0	0	0	0	0	0	0	0	0	0	0	0	0	0	1	41	1	3	0	0	0	0	0	0	0	0	0	0	0	0	0	0	0	0	0	0	0	0	0	0	0	0	0	1	0	0	0	0	0	0	0	0	0	0	0	0	0	0	0	0	0	0	0	0	0	0	0	0	0 	0 	442	627	0 	0 	0 	0 	0	0	0	0	0	0	0	0	0	0	0	0	0	0	1	0		//	-26		-27			-53	-10.6	-8	85
//	14	0	0	원한을품은_양손도끼_14등급아이템	30044	0	0	30001	0	14	14	2014	39999	0	1	0	1	0	Null	0	Null	0	0	0	0	14	106	4256	1	149000	149000	0	0	1	0	0	0	0	92	0	0	0	0	0	0	0 	0 	471 	638 	0.8 	105 	0	0	1	1	3	1.5 	0	0	0	0	0	0	0	0	1	0	0	0	0	0	0	0	0	0	0	0	0	0	0	0	0	0	0	0	0	0	0	0	0	0	1	41	1	3	0	0	0	0	0	0	0	0	0	0	0	0	0	0	0	0	0	0	0	0	0	0	0	0	0	1	0	0	0	0	0	0	0	0	0	0	0	0	0	0	0	0	0	0	0	0	0	0	0	0	0 	0 	518	734	0 	0 	0 	0 	0	0	0	0	0	0	0	0	0	0	0	0	0	0	1	0		//	-26		-27			-53	-10.6	-8	92
//	15	0	0	파괴왕의_양손도끼_15등급아이템	30045	0	0	30001	0	15	15	2015	39999	0	1	0	1	0	Null	0	Null	0	0	0	0	15	111	4138	1	231000	231000	0	0	1	0	0	0	0	99	0	0	0	0	0	0	0 	0 	551 	746 	0.8 	105 	0	0	1	1	3	1.5 	0	0	0	0	0	0	0	0	1	0	0	0	0	0	0	0	0	0	0	0	0	0	0	0	0	0	0	0	0	0	0	0	0	0	1	41	1	3	0	0	0	0	0	0	0	0	0	0	0	0	0	0	0	0	0	0	0	0	0	0	0	0	0	1	0	0	0	0	0	0	0	0	0	0	0	0	0	0	0	0	0	0	0	0	0	0	0	0	0 	0 	606	858	0 	0 	0 	0 	0	0	0	0	0	0	0	0	0	0	0	0	0	0	1	0		//	-26		-27			-53	-10.6	-8	99
	16	0	0	금속_양손검_1등급아이템	30061	0	0	30002	0	101	101	2101	39999	0	2	0	2	0	Null	0	Null	0	0	0	0	1	38	5520	1	25	25	0	0	1	0	0	0	0	1	0	0	0	0	0	0	0 	0 	65 	80 	0.8 	115 	0	0	1	1	1	1.8 	0	0	0	0	0	0	0	0	1	0	0	0	0	0	0	0	0	0	0	0	0	0	0	0	0	0	0	0	0	0	0	0	0	0	1	41	1	5	0	0	0	0	0	0	0	0	0	0	0	0	0	0	0	0	0	0	0	0	0	0	0	0	0	1	0	0	0	0	0	0	0	0	0	0	0	0	0	0	0	0	0	0	0	0	0	0	0	0	0 	0 	72	92	0 	0 	0 	0 	0	0	0	0	0	0	0	0	0	0	0	0	0	0	1	0		//	-26		-27			-53	-10.6	-8	1
	17	0	0	청동_양손검_2등급아이템	30062	0	0	30002	0	102	102	2102	39999	0	2	0	2	0	Null	0	Null	0	0	0	0	2	43	5300	1	800	800	0	0	1	0	0	0	0	8	0	0	0	0	0	0	0 	0 	77 	94 	0.8 	115 	0	0	1	1	1	1.8 	0	0	0	0	0	0	0	0	1	0	0	0	0	0	0	0	0	0	0	0	0	0	0	0	0	0	0	0	0	0	0	0	0	0	1	41	1	5	0	0	0	0	0	0	0	0	0	0	0	0	0	0	0	0	0	0	0	0	0	0	0	0	0	1	0	0	0	0	0	0	0	0	0	0	0	0	0	0	0	0	0	0	0	0	0	0	0	0	0 	0 	85	108	0 	0 	0 	0 	0	0	0	0	0	0	0	0	0	0	0	0	0	0	1	0		//	-26		-27			-53	-10.6	-8	8
	18	0	0	합금_양손검_3등급아이템	30063	0	0	30002	0	103	103	2103	39999	0	2	0	2	0	Null	0	Null	0	0	0	0	3	48	5188	1	1200	1200	0	0	1	0	0	0	0	15	0	0	0	0	0	0	0 	0 	90 	110 	0.8 	115 	0	0	1	1	1	1.8 	0	0	0	0	0	0	0	0	1	0	0	0	0	0	0	0	0	0	0	0	0	0	0	0	0	0	0	0	0	0	0	0	0	0	1	41	1	5	0	0	0	0	0	0	0	0	0	0	0	0	0	0	0	0	0	0	0	0	0	0	0	0	0	1	0	0	0	0	0	0	0	0	0	0	0	0	0	0	0	0	0	0	0	0	0	0	0	0	0 	0 	99	127	0 	0 	0 	0 	0	0	0	0	0	0	0	0	0	0	0	0	0	0	1	0		//	-26		-27			-53	-10.6	-8	15
	19	0	0	강철_양손검_4등급아이템	30064	0	0	30002	0	104	104	2104	39999	0	2	0	2	0	Null	0	Null	0	0	0	0	4	53	5078	1	1900	1900	0	0	1	0	0	0	0	22	0	0	0	0	0	0	0 	0 	105 	128 	0.8 	115 	0	0	1	1	1	1.8 	0	0	0	0	0	0	0	0	1	0	0	0	0	0	0	0	0	0	0	0	0	0	0	0	0	0	0	0	0	0	0	0	0	0	1	41	1	5	0	0	0	0	0	0	0	0	0	0	0	0	0	0	0	0	0	0	0	0	0	0	0	0	0	1	0	0	0	0	0	0	0	0	0	0	0	0	0	0	0	0	0	0	0	0	0	0	0	0	0 	0 	116	147	0 	0 	0 	0 	0	0	0	0	0	0	0	0	0	0	0	0	0	0	1	0		//	-26		-27			-53	-10.6	-8	22
	20	0	0	은둔자의_양손검_5등급아이템	30065	0	0	30002	0	105	105	2105	39999	0	2	0	2	0	Null	0	Null	0	0	0	0	5	58	4968	1	2900	2900	0	0	1	0	0	0	0	29	0	0	0	0	0	0	0 	0 	123 	150 	0.8 	115 	0	0	1	1	1	1.8 	0	0	0	0	0	0	0	0	1	0	0	0	0	0	0	0	0	0	0	0	0	0	0	0	0	0	0	0	0	0	0	0	0	0	1	41	1	5	0	0	0	0	0	0	0	0	0	0	0	0	0	0	0	0	0	0	0	0	0	0	0	0	0	1	0	0	0	0	0	0	0	0	0	0	0	0	0	0	0	0	0	0	0	0	0	0	0	0	0 	0 	135	173	0 	0 	0 	0 	0	0	0	0	0	0	0	0	0	0	0	0	0	0	1	0		//	-26		-27			-53	-10.6	-8	29
	21	0	0	잿빛돌풍의_양손검_6등급아이템	30066	0	0	30002	0	106	106	2106	39999	0	2	0	2	0	Null	0	Null	0	0	0	0	6	64	4858	1	4500	4500	0	0	1	0	0	0	0	36	0	0	0	0	0	0	0 	0 	144 	177 	0.8 	115 	0	0	1	1	1	1.8 	0	0	0	0	0	0	0	0	1	0	0	0	0	0	0	0	0	0	0	0	0	0	0	0	0	0	0	0	0	0	0	0	0	0	1	41	1	5	0	0	0	0	0	0	0	0	0	0	0	0	0	0	0	0	0	0	0	0	0	0	0	0	0	1	0	0	0	0	0	0	0	0	0	0	0	0	0	0	0	0	0	0	0	0	0	0	0	0	0 	0 	158	204	0 	0 	0 	0 	0	0	0	0	0	0	0	0	0	0	0	0	0	0	1	0		//	-26		-27			-53	-10.6	-8	36
	22	0	0	사신의_양손검_7등급아이템	30067	0	0	30002	0	107	107	2107	39999	0	2	0	2	0	Null	0	Null	0	0	0	0	7	69	4748	1	6900	6900	0	0	1	0	0	0	0	43	0	0	0	0	0	0	0 	0 	169 	206 	0.8 	115 	0	0	1	1	1	1.8 	0	0	0	0	0	0	0	0	1	0	0	0	0	0	0	0	0	0	0	0	0	0	0	0	0	0	0	0	0	0	0	0	0	0	1	41	1	5	0	0	0	0	0	0	0	0	0	0	0	0	0	0	0	0	0	0	0	0	0	0	0	0	0	1	0	0	0	0	0	0	0	0	0	0	0	0	0	0	0	0	0	0	0	0	0	0	0	0	0 	0 	186	237	0 	0 	0 	0 	0	0	0	0	0	0	0	0	0	0	0	0	0	0	1	0		//	-26		-27			-53	-10.6	-8	43
	23	0	0	전설영웅의_양손검_8등급아이템	30068	0	0	30002	0	108	108	2108	39999	0	2	0	2	0	Null	0	Null	0	0	0	0	8	74	4636	1	10700	10700	0	0	1	0	0	0	0	50	0	0	0	0	0	0	0 	0 	198 	242 	0.8 	115 	0	0	1	1	1	1.8 	0	0	0	0	0	0	0	0	1	0	0	0	0	0	0	0	0	0	0	0	0	0	0	0	0	0	0	0	0	0	0	0	0	0	1	41	1	5	0	0	0	0	0	0	0	0	0	0	0	0	0	0	0	0	0	0	0	0	0	0	0	0	0	1	0	0	0	0	0	0	0	0	0	0	0	0	0	0	0	0	0	0	0	0	0	0	0	0	0 	0 	218	278	0 	0 	0 	0 	0	0	0	0	0	0	0	0	0	0	0	0	0	0	1	0		//	-26		-27			-53	-10.6	-8	50
	24	0	0	안내자맥리르_양손검_9등급아이템	30069	0	0	30002	0	109	109	2109	39999	0	2	0	2	0	Null	0	Null	0	0	0	0	9	79	4526	1	16700	16700	0	0	1	0	0	0	0	57	0	0	0	0	0	0	0 	0 	232 	283 	0.8 	115 	0	0	1	1	1	1.8 	0	0	0	0	0	0	0	0	1	0	0	0	0	0	0	0	0	0	0	0	0	0	0	0	0	0	0	0	0	0	0	0	0	0	1	41	1	5	0	0	0	0	0	0	0	0	0	0	0	0	0	0	0	0	0	0	0	0	0	0	0	0	0	1	0	0	0	0	0	0	0	0	0	0	0	0	0	0	0	0	0	0	0	0	0	0	0	0	0 	0 	255	325	0 	0 	0 	0 	0	0	0	0	0	0	0	0	0	0	0	0	0	0	1	0		//	-26		-27			-53	-10.6	-8	57
	25	0	0	심연의대태도_양손검_10등급아이템	30070	0	0	30002	0	110	110	2110	39999	0	2	0	2	0	Null	0	Null	0	0	0	0	10	85	4416	1	25800	25800	0	0	1	0	0	0	0	64	0	0	0	0	0	0	0 	0 	271 	332 	0.8 	115 	0	0	1	1	1	1.8 	0	0	0	0	0	0	0	0	1	0	0	0	0	0	0	0	0	0	0	0	0	0	0	0	0	0	0	0	0	0	0	0	0	0	1	41	1	5	0	0	0	0	0	0	0	0	0	0	0	0	0	0	0	0	0	0	0	0	0	0	0	0	0	1	0	0	0	0	0	0	0	0	0	0	0	0	0	0	0	0	0	0	0	0	0	0	0	0	0 	0 	298	382	0 	0 	0 	0 	0	0	0	0	0	0	0	0	0	0	0	0	0	0	1	0		//	-26		-27			-53	-10.6	-8	64
//	26	0	0	숭고한_양손검_11등급아이템	30071	0	0	30002	0	111	111	2111	39999	0	2	0	2	0	Null	0	Null	0	0	0	0	11	90	4306	1	40000	40000	0	0	1	0	0	0	0	71	0	0	0	0	0	0	0 	0 	317 	388 	0.8 	115 	0	0	1	1	1	1.8 	0	0	0	0	0	0	0	0	1	0	0	0	0	0	0	0	0	0	0	0	0	0	0	0	0	0	0	0	0	0	0	0	0	0	1	41	1	5	0	0	0	0	0	0	0	0	0	0	0	0	0	0	0	0	0	0	0	0	0	0	0	0	0	1	0	0	0	0	0	0	0	0	0	0	0	0	0	0	0	0	0	0	0	0	0	0	0	0	0 	0 	349	446	0 	0 	0 	0 	0	0	0	0	0	0	0	0	0	0	0	0	0	0	1	0		//	-26		-27			-53	-10.6	-8	71
//	27	0	0	황후를지킨_양손검_12등급아이템	30072	0	0	30002	0	112	112	2112	39999	0	2	0	2	0	Null	0	Null	0	0	0	0	12	95	4196	1	62000	62000	0	0	1	0	0	0	0	78	0	0	0	0	0	0	0 	0 	372 	455 	0.8 	115 	0	0	1	1	1	1.8 	0	0	0	0	0	0	0	0	1	0	0	0	0	0	0	0	0	0	0	0	0	0	0	0	0	0	0	0	0	0	0	0	0	0	1	41	1	5	0	0	0	0	0	0	0	0	0	0	0	0	0	0	0	0	0	0	0	0	0	0	0	0	0	1	0	0	0	0	0	0	0	0	0	0	0	0	0	0	0	0	0	0	0	0	0	0	0	0	0 	0 	409	523	0 	0 	0 	0 	0	0	0	0	0	0	0	0	0	0	0	0	0	0	1	0		//	-26		-27			-53	-10.6	-8	78
//	28	0	0	절망을이긴_양손검_13등급아이템	30073	0	0	30002	0	113	113	2113	39999	0	2	0	2	0	Null	0	Null	0	0	0	0	13	100	4084	1	96200	96200	0	0	1	0	0	0	0	85	0	0	0	0	0	0	0 	0 	435 	532 	0.8 	115 	0	0	1	1	1	1.8 	0	0	0	0	0	0	0	0	1	0	0	0	0	0	0	0	0	0	0	0	0	0	0	0	0	0	0	0	0	0	0	0	0	0	1	41	1	5	0	0	0	0	0	0	0	0	0	0	0	0	0	0	0	0	0	0	0	0	0	0	0	0	0	1	0	0	0	0	0	0	0	0	0	0	0	0	0	0	0	0	0	0	0	0	0	0	0	0	0 	0 	479	612	0 	0 	0 	0 	0	0	0	0	0	0	0	0	0	0	0	0	0	0	1	0		//	-26		-27			-53	-10.6	-8	85
//	29	0	0	심판자메디오_양손검_14등급아이템	30074	0	0	30002	0	114	114	2114	39999	0	2	0	2	0	Null	0	Null	0	0	0	0	14	106	3974	1	149000	149000	0	0	1	0	0	0	0	92	0	0	0	0	0	0	0 	0 	509 	622 	0.8 	115 	0	0	1	1	1	1.8 	0	0	0	0	0	0	0	0	1	0	0	0	0	0	0	0	0	0	0	0	0	0	0	0	0	0	0	0	0	0	0	0	0	0	1	41	1	5	0	0	0	0	0	0	0	0	0	0	0	0	0	0	0	0	0	0	0	0	0	0	0	0	0	1	0	0	0	0	0	0	0	0	0	0	0	0	0	0	0	0	0	0	0	0	0	0	0	0	0 	0 	560	715	0 	0 	0 	0 	0	0	0	0	0	0	0	0	0	0	0	0	0	0	1	0		//	-26		-27			-53	-10.6	-8	92
//	30	0	0	운명을쥔자의_양손검_15등급아이템	30075	0	0	30002	0	115	115	2115	39999	0	2	0	2	0	Null	0	Null	0	0	0	0	15	111	3864	1	231000	231000	0	0	1	0	0	0	0	99	0	0	0	0	0	0	0 	0 	596 	729 	0.8 	115 	0	0	1	1	1	1.8 	0	0	0	0	0	0	0	0	1	0	0	0	0	0	0	0	0	0	0	0	0	0	0	0	0	0	0	0	0	0	0	0	0	0	1	41	1	5	0	0	0	0	0	0	0	0	0	0	0	0	0	0	0	0	0	0	0	0	0	0	0	0	0	1	0	0	0	0	0	0	0	0	0	0	0	0	0	0	0	0	0	0	0	0	0	0	0	0	0 	0 	656	838	0 	0 	0 	0 	0	0	0	0	0	0	0	0	0	0	0	0	0	0	1	0		//	-26		-27			-53	-10.6	-8	99
	31	0	0	금속_한손검_1등급아이템	30091	0	0	30003	0	201	201	2201	39999	0	3	0	3	0	Null	0	Null	0	0	0	0	1	31	9060	1	25	25	0	0	1	0	0	0	0	1	0	0	0	0	0	0	0	0 	47 	52 	0.8 	135 	0	0	1	1	1	1	0	0	0	0	0	0	0	0	0	1	0	0	0	0	0	0	0	0	0	0	0	0	0	0	0	0	0	0	0	0	0	0	0	0	1	41	1	2	0	0	0	0	0	0	0	0	0	0	0	0	0	0	0	0	0	0	0	0	0	0	0	0	0	1	0	0	0	0	0	0	0	0	0	0	0	0	0	0	0	0	0	0	0	0	0	0	0	0	0 	0 	52	60	0 	0 	0 	0 	0	0	0	0	0	0	0	0	0	0	0	0	0	0	1	0		//	-22	-20				-42	-8.4	-6	1
	32	0	0	청동_한손검_2등급아이템	30092	0	0	30003	0	202	202	2202	39999	0	3	0	3	0	Null	0	Null	0	0	0	0	2	35	8698	1	800	800	0	0	1	0	0	0	0	8	0	0	0	0	0	0	0	0 	56 	61 	0.8 	135 	0	0	1	1	1	1	0	0	0	0	0	0	0	0	0	1	0	0	0	0	0	0	0	0	0	0	0	0	0	0	0	0	0	0	0	0	0	0	0	0	1	41	1	2	0	0	0	0	0	0	0	0	0	0	0	0	0	0	0	0	0	0	0	0	0	0	0	0	0	1	0	0	0	0	0	0	0	0	0	0	0	0	0	0	0	0	0	0	0	0	0	0	0	0	0 	0 	62	70	0 	0 	0 	0 	0	0	0	0	0	0	0	0	0	0	0	0	0	0	1	0		//	-22	-20				-42	-8.4	-6	8
	33	0	0	주석_한손검_3등급아이템	30093	0	0	30003	0	203	203	2203	39999	0	3	0	3	0	Null	0	Null	0	0	0	0	3	40	8516	1	1200	1200	0	0	1	0	0	0	0	15	0	0	0	0	0	0	0	0 	65 	72 	0.8 	135 	0	0	1	1	1	1	0	0	0	0	0	0	0	0	0	1	0	0	0	0	0	0	0	0	0	0	0	0	0	0	0	0	0	0	0	0	0	0	0	0	1	41	1	2	0	0	0	0	0	0	0	0	0	0	0	0	0	0	0	0	0	0	0	0	0	0	0	0	0	1	0	0	0	0	0	0	0	0	0	0	0	0	0	0	0	0	0	0	0	0	0	0	0	0	0 	0 	72	83	0 	0 	0 	0 	0	0	0	0	0	0	0	0	0	0	0	0	0	0	1	0		//	-22	-20				-42	-8.4	-6	15
	34	0	0	무쇠_한손검_4등급아이템	30094	0	0	30003	0	204	204	2204	39999	0	3	0	3	0	Null	0	Null	0	0	0	0	4	45	8336	1	1900	1900	0	0	1	0	0	0	0	22	0	0	0	0	0	0	0	0 	76 	85 	0.8 	135 	0	0	1	1	1	1	0	0	0	0	0	0	0	0	0	1	0	0	0	0	0	0	0	0	0	0	0	0	0	0	0	0	0	0	0	0	0	0	0	0	1	41	1	2	0	0	0	0	0	0	0	0	0	0	0	0	0	0	0	0	0	0	0	0	0	0	0	0	0	1	0	0	0	0	0	0	0	0	0	0	0	0	0	0	0	0	0	0	0	0	0	0	0	0	0 	0 	84	98	0 	0 	0 	0 	0	0	0	0	0	0	0	0	0	0	0	0	0	0	1	0		//	-22	-20				-42	-8.4	-6	22
	35	0	0	수호자_한손검_5등급아이템	30095	0	0	30003	0	205	205	2205	39999	0	3	0	3	0	Null	0	Null	0	0	0	0	5	50	8154	1	2900	2900	0	0	1	0	0	0	0	29	0	0	0	0	0	0	0	0 	90 	99 	0.8 	135 	0	0	1	1	1	1	0	0	0	0	0	0	0	0	0	1	0	0	0	0	0	0	0	0	0	0	0	0	0	0	0	0	0	0	0	0	0	0	0	0	1	41	1	2	0	0	0	0	0	0	0	0	0	0	0	0	0	0	0	0	0	0	0	0	0	0	0	0	0	1	0	0	0	0	0	0	0	0	0	0	0	0	0	0	0	0	0	0	0	0	0	0	0	0	0 	0 	99	114	0 	0 	0 	0 	0	0	0	0	0	0	0	0	0	0	0	0	0	0	1	0		//	-22	-20				-42	-8.4	-6	29
	36	0	0	용족의골짜기_한손검_6등급아이템	30096	0	0	30003	0	206	206	2206	39999	0	3	0	3	0	Null	0	Null	0	0	0	0	6	55	7972	1	4500	4500	0	0	1	0	0	0	0	36	0	0	0	0	0	0	0	0 	105 	116 	0.8 	135 	0	0	1	1	1	1	0	0	0	0	0	0	0	0	0	1	0	0	0	0	0	0	0	0	0	0	0	0	0	0	0	0	0	0	0	0	0	0	0	0	1	41	1	2	0	0	0	0	0	0	0	0	0	0	0	0	0	0	0	0	0	0	0	0	0	0	0	0	0	1	0	0	0	0	0	0	0	0	0	0	0	0	0	0	0	0	0	0	0	0	0	0	0	0	0 	0 	116	133	0 	0 	0 	0 	0	0	0	0	0	0	0	0	0	0	0	0	0	0	1	0		//	-22	-20				-42	-8.4	-6	36
	37	0	0	기적을일구는_한손검_7등급아이템	30097	0	0	30003	0	207	207	2207	39999	0	3	0	3	0	Null	0	Null	0	0	0	0	7	60	7792	1	6900	6900	0	0	1	0	0	0	0	43	0	0	0	0	0	0	0	0 	123 	136 	0.8 	135 	0	0	1	1	1	1	0	0	0	0	0	0	0	0	0	1	0	0	0	0	0	0	0	0	0	0	0	0	0	0	0	0	0	0	0	0	0	0	0	0	1	41	1	2	0	0	0	0	0	0	0	0	0	0	0	0	0	0	0	0	0	0	0	0	0	0	0	0	0	1	0	0	0	0	0	0	0	0	0	0	0	0	0	0	0	0	0	0	0	0	0	0	0	0	0 	0 	135	156	0 	0 	0 	0 	0	0	0	0	0	0	0	0	0	0	0	0	0	0	1	0		//	-22	-20				-42	-8.4	-6	43
	38	0	0	새벽을여는_한손검_8등급아이템	30098	0	0	30003	0	208	208	2208	39999	0	3	0	3	0	Null	0	Null	0	0	0	0	8	65	7610	1	10700	10700	0	0	1	0	0	0	0	50	0	0	0	0	0	0	0	0 	144 	159 	0.8 	135 	0	0	1	1	1	1	0	0	0	0	0	0	0	0	0	1	0	0	0	0	0	0	0	0	0	0	0	0	0	0	0	0	0	0	0	0	0	0	0	0	1	41	1	2	0	0	0	0	0	0	0	0	0	0	0	0	0	0	0	0	0	0	0	0	0	0	0	0	0	1	0	0	0	0	0	0	0	0	0	0	0	0	0	0	0	0	0	0	0	0	0	0	0	0	0 	0 	158	183	0 	0 	0 	0 	0	0	0	0	0	0	0	0	0	0	0	0	0	0	1	0		//	-22	-20				-42	-8.4	-6	50
	39	0	0	용암으로달군_한손검_9등급아이템	30099	0	0	30003	0	209	209	2209	39999	0	3	0	3	0	Null	0	Null	0	0	0	0	9	70	7430	1	16700	16700	0	0	1	0	0	0	0	57	0	0	0	0	0	0	0	0 	169 	186 	0.8 	135 	0	0	1	1	1	1	0	0	0	0	0	0	0	0	0	1	0	0	0	0	0	0	0	0	0	0	0	0	0	0	0	0	0	0	0	0	0	0	0	0	1	41	1	2	0	0	0	0	0	0	0	0	0	0	0	0	0	0	0	0	0	0	0	0	0	0	0	0	0	1	0	0	0	0	0	0	0	0	0	0	0	0	0	0	0	0	0	0	0	0	0	0	0	0	0 	0 	186	214	0 	0 	0 	0 	0	0	0	0	0	0	0	0	0	0	0	0	0	0	1	0		//	-22	-20				-42	-8.4	-6	57
	40	0	0	데이브레이커_한손검_10등급아이템	30100	0	0	30003	0	210	210	2210	39999	0	3	0	3	0	Null	0	Null	0	0	0	0	10	74	7248	1	25800	25800	0	0	1	0	0	0	0	64	0	0	0	0	0	0	0	0 	197 	218 	0.8 	135 	0	0	1	1	1	1	0	0	0	0	0	0	0	0	0	1	0	0	0	0	0	0	0	0	0	0	0	0	0	0	0	0	0	0	0	0	0	0	0	0	1	41	1	2	0	0	0	0	0	0	0	0	0	0	0	0	0	0	0	0	0	0	0	0	0	0	0	0	0	1	0	0	0	0	0	0	0	0	0	0	0	0	0	0	0	0	0	0	0	0	0	0	0	0	0 	0 	217	251	0 	0 	0 	0 	0	0	0	0	0	0	0	0	0	0	0	0	0	0	1	0		//	-22	-20				-42	-8.4	-6	64
//	41	0	0	뜨거운복수의_한손검_11등급아이템	30101	0	0	30003	0	211	211	2211	39999	0	3	0	3	0	Null	0	Null	0	0	0	0	11	79	7066	1	40000	40000	0	0	1	0	0	0	0	71	0	0	0	0	0	0	0	0 	230 	255 	0.8 	135 	0	0	1	1	1	1	0	0	0	0	0	0	0	0	0	1	0	0	0	0	0	0	0	0	0	0	0	0	0	0	0	0	0	0	0	0	0	0	0	0	1	41	1	2	0	0	0	0	0	0	0	0	0	0	0	0	0	0	0	0	0	0	0	0	0	0	0	0	0	1	0	0	0	0	0	0	0	0	0	0	0	0	0	0	0	0	0	0	0	0	0	0	0	0	0 	0 	253	293	0 	0 	0 	0 	0	0	0	0	0	0	0	0	0	0	0	0	0	0	1	0		//	-22	-20				-42	-8.4	-6	71
//	42	0	0	공명한벨티스_한손검_12등급아이템	30102	0	0	30003	0	212	212	2212	39999	0	3	0	3	0	Null	0	Null	0	0	0	0	12	84	6886	1	62000	62000	0	0	1	0	0	0	0	78	0	0	0	0	0	0	0	0 	270 	299 	0.8 	135 	0	0	1	1	1	1	0	0	0	0	0	0	0	0	0	1	0	0	0	0	0	0	0	0	0	0	0	0	0	0	0	0	0	0	0	0	0	0	0	0	1	41	1	2	0	0	0	0	0	0	0	0	0	0	0	0	0	0	0	0	0	0	0	0	0	0	0	0	0	1	0	0	0	0	0	0	0	0	0	0	0	0	0	0	0	0	0	0	0	0	0	0	0	0	0 	0 	297	344	0 	0 	0 	0 	0	0	0	0	0	0	0	0	0	0	0	0	0	0	1	0		//	-22	-20				-42	-8.4	-6	78
//	43	0	0	영혼을지키는_한손검_13등급아이템	30103	0	0	30003	0	213	213	2213	39999	0	3	0	3	0	Null	0	Null	0	0	0	0	13	89	6704	1	96200	96200	0	0	1	0	0	0	0	85	0	0	0	0	0	0	0	0 	316 	349 	0.8 	135 	0	0	1	1	1	1	0	0	0	0	0	0	0	0	0	1	0	0	0	0	0	0	0	0	0	0	0	0	0	0	0	0	0	0	0	0	0	0	0	0	1	41	1	2	0	0	0	0	0	0	0	0	0	0	0	0	0	0	0	0	0	0	0	0	0	0	0	0	0	1	0	0	0	0	0	0	0	0	0	0	0	0	0	0	0	0	0	0	0	0	0	0	0	0	0 	0 	348	401	0 	0 	0 	0 	0	0	0	0	0	0	0	0	0	0	0	0	0	0	1	0		//	-22	-20				-42	-8.4	-6	85
//	44	0	0	속박을끊는_한손검_14등급아이템	30104	0	0	30003	0	214	214	2214	39999	0	3	0	3	0	Null	0	Null	0	0	0	0	14	94	6524	1	149000	149000	0	0	1	0	0	0	0	92	0	0	0	0	0	0	0	0 	370 	409 	0.8 	135 	0	0	1	1	1	1	0	0	0	0	0	0	0	0	0	1	0	0	0	0	0	0	0	0	0	0	0	0	0	0	0	0	0	0	0	0	0	0	0	0	1	41	1	2	0	0	0	0	0	0	0	0	0	0	0	0	0	0	0	0	0	0	0	0	0	0	0	0	0	1	0	0	0	0	0	0	0	0	0	0	0	0	0	0	0	0	0	0	0	0	0	0	0	0	0 	0 	407	470	0 	0 	0 	0 	0	0	0	0	0	0	0	0	0	0	0	0	0	0	1	0		//	-22	-20				-42	-8.4	-6	92
//	45	0	0	비상하는용족의_한손검_15등급아이템	30105	0	0	30003	0	215	215	2215	39999	0	3	0	3	0	Null	0	Null	0	0	0	0	15	99	6342	1	231000	231000	0	0	1	0	0	0	0	99	0	0	0	0	0	0	0	0 	433 	478 	0.8 	135 	0	0	1	1	1	1	0	0	0	0	0	0	0	0	0	1	0	0	0	0	0	0	0	0	0	0	0	0	0	0	0	0	0	0	0	0	0	0	0	0	1	41	1	2	0	0	0	0	0	0	0	0	0	0	0	0	0	0	0	0	0	0	0	0	0	0	0	0	0	1	0	0	0	0	0	0	0	0	0	0	0	0	0	0	0	0	0	0	0	0	0	0	0	0	0 	0 	476	550	0 	0 	0 	0 	0	0	0	0	0	0	0	0	0	0	0	0	0	0	1	0		//	-22	-20				-42	-8.4	-6	99
	46	0	0	금속_창_1등급아이템	30121	0	0	30004	0	301	301	2301	39999	0	4	0	4	0	Null	0	Null	0	0	0	0	1	31	7770	1	25	25	0	0	1	0	0	0	0	1	0	0	0	0	0	0	0	0 	52 	61 	0.8 	120 	0	0	1	1	1	2.5	0	0	0	0	0	0	0	0	0	1	0	0	0	0	0	0	0	0	0	0	0	0	0	0	0	0	0	0	0	0	0	0	0	0	1	41	1	4	0	0	0	0	0	0	0	0	0	0	0	0	0	0	0	0	0	0	0	0	0	0	0	0	0	1	0	0	0	0	0	0	0	0	0	0	0	0	0	0	0	0	0	0	0	0	0	0	0	0	0 	0 	57	70	0 	0 	0 	0 	0	0	0	0	0	0	0	0	0	0	0	0	0	0	1	0		//	-22	-20				-42	-8.4	-6	1
	47	0	0	청동_창_2등급아이템	30122	0	0	30004	0	302	302	2302	39999	0	4	0	4	0	Null	0	Null	0	0	0	0	2	35	7460	1	800	800	0	0	1	0	0	0	0	8	0	0	0	0	0	0	0	0 	61 	72 	0.8 	120 	0	0	1	1	1	2.5	0	0	0	0	0	0	0	0	0	1	0	0	0	0	0	0	0	0	0	0	0	0	0	0	0	0	0	0	0	0	0	0	0	0	1	41	1	4	0	0	0	0	0	0	0	0	0	0	0	0	0	0	0	0	0	0	0	0	0	0	0	0	0	1	0	0	0	0	0	0	0	0	0	0	0	0	0	0	0	0	0	0	0	0	0	0	0	0	0 	0 	67	83	0 	0 	0 	0 	0	0	0	0	0	0	0	0	0	0	0	0	0	0	1	0		//	-22	-20				-42	-8.4	-6	8
	48	0	0	주석_창_3등급아이템	30123	0	0	30004	0	303	303	2303	39999	0	4	0	4	0	Null	0	Null	0	0	0	0	3	40	7304	1	1200	1200	0	0	1	0	0	0	0	15	0	0	0	0	0	0	0	0 	71 	84 	0.8 	120 	0	0	1	1	1	2.5	0	0	0	0	0	0	0	0	0	1	0	0	0	0	0	0	0	0	0	0	0	0	0	0	0	0	0	0	0	0	0	0	0	0	1	41	1	4	0	0	0	0	0	0	0	0	0	0	0	0	0	0	0	0	0	0	0	0	0	0	0	0	0	1	0	0	0	0	0	0	0	0	0	0	0	0	0	0	0	0	0	0	0	0	0	0	0	0	0 	0 	78	97	0 	0 	0 	0 	0	0	0	0	0	0	0	0	0	0	0	0	0	0	1	0		//	-22	-20				-42	-8.4	-6	15
	49	0	0	무쇠_창_4등급아이템	30124	0	0	30004	0	304	304	2304	39999	0	4	0	4	0	Null	0	Null	0	0	0	0	4	45	7148	1	1900	1900	0	0	1	0	0	0	0	22	0	0	0	0	0	0	0	0 	84 	99 	0.8 	120 	0	0	1	1	1	2.5	0	0	0	0	0	0	0	0	0	1	0	0	0	0	0	0	0	0	0	0	0	0	0	0	0	0	0	0	0	0	0	0	0	0	1	41	1	4	0	0	0	0	0	0	0	0	0	0	0	0	0	0	0	0	0	0	0	0	0	0	0	0	0	1	0	0	0	0	0	0	0	0	0	0	0	0	0	0	0	0	0	0	0	0	0	0	0	0	0 	0 	92	114	0 	0 	0 	0 	0	0	0	0	0	0	0	0	0	0	0	0	0	0	1	0		//	-22	-20				-42	-8.4	-6	22
	50	0	0	최후의일격_창_5등급아이템	30125	0	0	30004	0	305	305	2305	39999	0	4	0	4	0	Null	0	Null	0	0	0	0	5	50	6994	1	2900	2900	0	0	1	0	0	0	0	29	0	0	0	0	0	0	0	0 	99 	116 	0.8 	120 	0	0	1	1	1	2.5	0	0	0	0	0	0	0	0	0	1	0	0	0	0	0	0	0	0	0	0	0	0	0	0	0	0	0	0	0	0	0	0	0	0	1	41	1	4	0	0	0	0	0	0	0	0	0	0	0	0	0	0	0	0	0	0	0	0	0	0	0	0	0	1	0	0	0	0	0	0	0	0	0	0	0	0	0	0	0	0	0	0	0	0	0	0	0	0	0 	0 	109	133	0 	0 	0 	0 	0	0	0	0	0	0	0	0	0	0	0	0	0	0	1	0		//	-22	-20				-42	-8.4	-6	29
	51	0	0	북풍을가르는_창_6등급아이템	30126	0	0	30004	0	306	306	2306	39999	0	4	0	4	0	Null	0	Null	0	0	0	0	6	55	6838	1	4500	4500	0	0	1	0	0	0	0	36	0	0	0	0	0	0	0	0 	115 	136 	0.8 	120 	0	0	1	1	1	2.5	0	0	0	0	0	0	0	0	0	1	0	0	0	0	0	0	0	0	0	0	0	0	0	0	0	0	0	0	0	0	0	0	0	0	1	41	1	4	0	0	0	0	0	0	0	0	0	0	0	0	0	0	0	0	0	0	0	0	0	0	0	0	0	1	0	0	0	0	0	0	0	0	0	0	0	0	0	0	0	0	0	0	0	0	0	0	0	0	0 	0 	127	156	0 	0 	0 	0 	0	0	0	0	0	0	0	0	0	0	0	0	0	0	1	0		//	-22	-20				-42	-8.4	-6	36
	52	0	0	분노의번개_창_7등급아이템	30127	0	0	30004	0	307	307	2307	39999	0	4	0	4	0	Null	0	Null	0	0	0	0	7	60	6682	1	6900	6900	0	0	1	0	0	0	0	43	0	0	0	0	0	0	0	0 	135 	158 	0.8 	120 	0	0	1	1	1	2.5	0	0	0	0	0	0	0	0	0	1	0	0	0	0	0	0	0	0	0	0	0	0	0	0	0	0	0	0	0	0	0	0	0	0	1	41	1	4	0	0	0	0	0	0	0	0	0	0	0	0	0	0	0	0	0	0	0	0	0	0	0	0	0	1	0	0	0	0	0	0	0	0	0	0	0	0	0	0	0	0	0	0	0	0	0	0	0	0	0 	0 	149	182	0 	0 	0 	0 	0	0	0	0	0	0	0	0	0	0	0	0	0	0	1	0		//	-22	-20				-42	-8.4	-6	43
	53	0	0	천리안_창_8등급아이템	30128	0	0	30004	0	308	308	2308	39999	0	4	0	4	0	Null	0	Null	0	0	0	0	8	65	6526	1	10700	10700	0	0	1	0	0	0	0	50	0	0	0	0	0	0	0	0 	158 	185 	0.8 	120 	0	0	1	1	1	2.5	0	0	0	0	0	0	0	0	0	1	0	0	0	0	0	0	0	0	0	0	0	0	0	0	0	0	0	0	0	0	0	0	0	0	1	41	1	4	0	0	0	0	0	0	0	0	0	0	0	0	0	0	0	0	0	0	0	0	0	0	0	0	0	1	0	0	0	0	0	0	0	0	0	0	0	0	0	0	0	0	0	0	0	0	0	0	0	0	0 	0 	174	213	0 	0 	0 	0 	0	0	0	0	0	0	0	0	0	0	0	0	0	0	1	0		//	-22	-20				-42	-8.4	-6	50
	54	0	0	성난바람_창_9등급아이템	30129	0	0	30004	0	309	309	2309	39999	0	4	0	4	0	Null	0	Null	0	0	0	0	9	70	6372	1	16700	16700	0	0	1	0	0	0	0	57	0	0	0	0	0	0	0	0 	185 	218 	0.8 	120 	0	0	1	1	1	2.5	0	0	0	0	0	0	0	0	0	1	0	0	0	0	0	0	0	0	0	0	0	0	0	0	0	0	0	0	0	0	0	0	0	0	1	41	1	4	0	0	0	0	0	0	0	0	0	0	0	0	0	0	0	0	0	0	0	0	0	0	0	0	0	1	0	0	0	0	0	0	0	0	0	0	0	0	0	0	0	0	0	0	0	0	0	0	0	0	0 	0 	204	251	0 	0 	0 	0 	0	0	0	0	0	0	0	0	0	0	0	0	0	0	1	0		//	-22	-20				-42	-8.4	-6	57
	55	0	0	오딘의궁그닐_창_10등급아이템	30130	0	0	30004	0	310	310	2310	39999	0	4	0	4	0	Null	0	Null	0	0	0	0	10	74	6216	1	25800	25800	0	0	1	0	0	0	0	64	0	0	0	0	0	0	0	0 	217 	254 	0.8 	120 	0	0	1	1	1	2.5	0	0	0	0	0	0	0	0	0	1	0	0	0	0	0	0	0	0	0	0	0	0	0	0	0	0	0	0	0	0	0	0	0	0	1	41	1	4	0	0	0	0	0	0	0	0	0	0	0	0	0	0	0	0	0	0	0	0	0	0	0	0	0	1	0	0	0	0	0	0	0	0	0	0	0	0	0	0	0	0	0	0	0	0	0	0	0	0	0 	0 	239	292	0 	0 	0 	0 	0	0	0	0	0	0	0	0	0	0	0	0	0	0	1	0		//	-22	-20				-42	-8.4	-6	64
//	56	0	0	심연을가르는_창_11등급아이템	30131	0	0	30004	0	311	311	2311	39999	0	4	0	4	0	Null	0	Null	0	0	0	0	11	79	6060	1	40000	40000	0	0	1	0	0	0	0	71	0	0	0	0	0	0	0	0 	254 	299 	0.8 	120 	0	0	1	1	1	2.5	0	0	0	0	0	0	0	0	0	1	0	0	0	0	0	0	0	0	0	0	0	0	0	0	0	0	0	0	0	0	0	0	0	0	1	41	1	4	0	0	0	0	0	0	0	0	0	0	0	0	0	0	0	0	0	0	0	0	0	0	0	0	0	1	0	0	0	0	0	0	0	0	0	0	0	0	0	0	0	0	0	0	0	0	0	0	0	0	0 	0 	279	344	0 	0 	0 	0 	0	0	0	0	0	0	0	0	0	0	0	0	0	0	1	0		//	-22	-20				-42	-8.4	-6	71
//	57	0	0	대담한에리알_창_12등급아이템	30132	0	0	30004	0	312	312	2312	39999	0	4	0	4	0	Null	0	Null	0	0	0	0	12	84	5906	1	62000	62000	0	0	1	0	0	0	0	78	0	0	0	0	0	0	0	0 	298 	349 	0.8 	120 	0	0	1	1	1	2.5	0	0	0	0	0	0	0	0	0	1	0	0	0	0	0	0	0	0	0	0	0	0	0	0	0	0	0	0	0	0	0	0	0	0	1	41	1	4	0	0	0	0	0	0	0	0	0	0	0	0	0	0	0	0	0	0	0	0	0	0	0	0	0	1	0	0	0	0	0	0	0	0	0	0	0	0	0	0	0	0	0	0	0	0	0	0	0	0	0 	0 	328	401	0 	0 	0 	0 	0	0	0	0	0	0	0	0	0	0	0	0	0	0	1	0		//	-22	-20				-42	-8.4	-6	78
//	58	0	0	광채에싸인_창_13등급아이템	30133	0	0	30004	0	313	313	2313	39999	0	4	0	4	0	Null	0	Null	0	0	0	0	13	89	5750	1	96200	96200	0	0	1	0	0	0	0	85	0	0	0	0	0	0	0	0 	348 	409 	0.8 	120 	0	0	1	1	1	2.5	0	0	0	0	0	0	0	0	0	1	0	0	0	0	0	0	0	0	0	0	0	0	0	0	0	0	0	0	0	0	0	0	0	0	1	41	1	4	0	0	0	0	0	0	0	0	0	0	0	0	0	0	0	0	0	0	0	0	0	0	0	0	0	1	0	0	0	0	0	0	0	0	0	0	0	0	0	0	0	0	0	0	0	0	0	0	0	0	0 	0 	383	470	0 	0 	0 	0 	0	0	0	0	0	0	0	0	0	0	0	0	0	0	1	0		//	-22	-20				-42	-8.4	-6	85
//	59	0	0	대천사의_창_14등급아이템	30134	0	0	30004	0	314	314	2314	39999	0	4	0	4	0	Null	0	Null	0	0	0	0	14	94	5594	1	149000	149000	0	0	1	0	0	0	0	92	0	0	0	0	0	0	0	0 	407 	478 	0.8 	120 	0	0	1	1	1	2.5	0	0	0	0	0	0	0	0	0	1	0	0	0	0	0	0	0	0	0	0	0	0	0	0	0	0	0	0	0	0	0	0	0	0	1	41	1	4	0	0	0	0	0	0	0	0	0	0	0	0	0	0	0	0	0	0	0	0	0	0	0	0	0	1	0	0	0	0	0	0	0	0	0	0	0	0	0	0	0	0	0	0	0	0	0	0	0	0	0 	0 	448	550	0 	0 	0 	0 	0	0	0	0	0	0	0	0	0	0	0	0	0	0	1	0		//	-22	-20				-42	-8.4	-6	92
//	60	0	0	거룩한계시의_창_15등급아이템	30135	0	0	30004	0	315	315	2315	39999	0	4	0	4	0	Null	0	Null	0	0	0	0	15	99	5440	1	231000	231000	0	0	1	0	0	0	0	99	0	0	0	0	0	0	0	0 	477 	560 	0.8 	120 	0	0	1	1	1	2.5	0	0	0	0	0	0	0	0	0	1	0	0	0	0	0	0	0	0	0	0	0	0	0	0	0	0	0	0	0	0	0	0	0	0	1	41	1	4	0	0	0	0	0	0	0	0	0	0	0	0	0	0	0	0	0	0	0	0	0	0	0	0	0	1	0	0	0	0	0	0	0	0	0	0	0	0	0	0	0	0	0	0	0	0	0	0	0	0	0 	0 	525	644	0 	0 	0 	0 	0	0	0	0	0	0	0	0	0	0	0	0	0	0	1	0		//	-22	-20				-42	-8.4	-6	99
	61	0	0	강철_대거_1등급아이템	31161	0	0	31156	0	401	401	2401	39999	0	5	0	5	0	Null	0	Null	0	0	0	0	1	30	8310	1	25	25	0	0	1	0	0	0	0	1	0	0	0	0	0	0	0	0 	49 	54 	0.8 	140 	0	0	1	1	1	2.5	0	0	0	0	0	0	0	0	0	0	1	0	0	0	0	0	0	0	0	0	0	0	0	0	0	0	0	0	0	0	0	0	0	0	1	41	1	2	0	0	0	0	0	0	0	0	0	0	0	0	0	0	0	0	0	0	0	0	0	0	0	0	0	1	0	0	0	0	0	0	0	0	0	0	0	0	0	0	0	0	0	0	0	0	0	0	0	0	0 	0 	54	62	0 	0 	0 	0 	0	0	0	0	0	0	0	0	0	0	0	0	0	0	1	0		//	-19			-18		-37	-7.4	-5	1
	62	0	0	미스릴_대거_2등급아이템	31162	0	0	31156	0	402	402	2402	39999	0	5	0	5	0	Null	0	Null	0	0	0	0	2	35	7978	1	800	800	0	0	1	0	0	0	0	8	0	0	0	0	0	0	0	0 	57 	62 	0.8 	140 	0	0	1	1	1	2.5	0	0	0	0	0	0	0	0	0	0	1	0	0	0	0	0	0	0	0	0	0	0	0	0	0	0	0	0	0	0	0	0	0	0	1	41	1	2	0	0	0	0	0	0	0	0	0	0	0	0	0	0	0	0	0	0	0	0	0	0	0	0	0	1	0	0	0	0	0	0	0	0	0	0	0	0	0	0	0	0	0	0	0	0	0	0	0	0	0 	0 	63	71	0 	0 	0 	0 	0	0	0	0	0	0	0	0	0	0	0	0	0	0	1	0		//	-19			-18		-37	-7.4	-5	8
	63	0	0	흑철_대거_3등급아이템	31163	0	0	31156	0	403	403	2403	39999	0	5	0	5	0	Null	0	Null	0	0	0	0	3	39	7812	1	1200	1200	0	0	1	0	0	0	0	15	0	0	0	0	0	0	0	0 	68 	73 	0.8 	140 	0	0	1	1	1	2.5	0	0	0	0	0	0	0	0	0	0	1	0	0	0	0	0	0	0	0	0	0	0	0	0	0	0	0	0	0	0	0	0	0	0	1	41	1	2	0	0	0	0	0	0	0	0	0	0	0	0	0	0	0	0	0	0	0	0	0	0	0	0	0	1	0	0	0	0	0	0	0	0	0	0	0	0	0	0	0	0	0	0	0	0	0	0	0	0	0 	0 	75	84	0 	0 	0 	0 	0	0	0	0	0	0	0	0	0	0	0	0	0	0	1	0		//	-19			-18		-37	-7.4	-5	15
	64	0	0	데스모더스_대거_4등급아이템	31164	0	0	31156	0	404	404	2404	39999	0	5	0	5	0	Null	0	Null	0	0	0	0	4	44	7646	1	1900	1900	0	0	1	0	0	0	0	22	0	0	0	0	0	0	0	0 	79 	86 	0.8 	140 	0	0	1	1	1	2.5	0	0	0	0	0	0	0	0	0	0	1	0	0	0	0	0	0	0	0	0	0	0	0	0	0	0	0	0	0	0	0	0	0	0	1	41	1	2	0	0	0	0	0	0	0	0	0	0	0	0	0	0	0	0	0	0	0	0	0	0	0	0	0	1	0	0	0	0	0	0	0	0	0	0	0	0	0	0	0	0	0	0	0	0	0	0	0	0	0 	0 	87	99	0 	0 	0 	0 	0	0	0	0	0	0	0	0	0	0	0	0	0	0	1	0		//	-19			-18		-37	-7.4	-5	22
	65	0	0	제국말살자_대거_5등급아이템	31165	0	0	31156	0	405	405	2405	39999	0	5	0	5	0	Null	0	Null	0	0	0	0	5	49	7480	1	2900	2900	0	0	1	0	0	0	0	29	0	0	0	0	0	0	0	0 	93 	100 	0.8 	140 	0	0	1	1	1	2.5	0	0	0	0	0	0	0	0	0	0	1	0	0	0	0	0	0	0	0	0	0	0	0	0	0	0	0	0	0	0	0	0	0	0	1	41	1	2	0	0	0	0	0	0	0	0	0	0	0	0	0	0	0	0	0	0	0	0	0	0	0	0	0	1	0	0	0	0	0	0	0	0	0	0	0	0	0	0	0	0	0	0	0	0	0	0	0	0	0 	0 	102	115	0 	0 	0 	0 	0	0	0	0	0	0	0	0	0	0	0	0	0	0	1	0		//	-19			-18		-37	-7.4	-5	29
	66	0	0	심장파괴자의_대거_6등급아이템	31166	0	0	31156	0	406	406	2406	39999	0	5	0	5	0	Null	0	Null	0	0	0	0	6	54	7312	1	4500	4500	0	0	1	0	0	0	0	36	0	0	0	0	0	0	0	0 	109 	118 	0.8 	140 	0	0	1	1	1	2.5	0	0	0	0	0	0	0	0	0	0	1	0	0	0	0	0	0	0	0	0	0	0	0	0	0	0	0	0	0	0	0	0	0	0	1	41	1	2	0	0	0	0	0	0	0	0	0	0	0	0	0	0	0	0	0	0	0	0	0	0	0	0	0	1	0	0	0	0	0	0	0	0	0	0	0	0	0	0	0	0	0	0	0	0	0	0	0	0	0 	0 	120	136	0 	0 	0 	0 	0	0	0	0	0	0	0	0	0	0	0	0	0	0	1	0		//	-19			-18		-37	-7.4	-5	36
	67	0	0	피의향현_대거_7등급아이템	31167	0	0	31156	0	407	407	2407	39999	0	5	0	5	0	Null	0	Null	0	0	0	0	7	59	7146	1	6900	6900	0	0	1	0	0	0	0	43	0	0	0	0	0	0	0	0 	127 	138 	0.8 	140 	0	0	1	1	1	2.5	0	0	0	0	0	0	0	0	0	0	1	0	0	0	0	0	0	0	0	0	0	0	0	0	0	0	0	0	0	0	0	0	0	0	1	41	1	2	0	0	0	0	0	0	0	0	0	0	0	0	0	0	0	0	0	0	0	0	0	0	0	0	0	1	0	0	0	0	0	0	0	0	0	0	0	0	0	0	0	0	0	0	0	0	0	0	0	0	0 	0 	140	159	0 	0 	0 	0 	0	0	0	0	0	0	0	0	0	0	0	0	0	0	1	0		//	-19			-18		-37	-7.4	-5	43
	68	0	0	영혼을쫓는_대거_8등급아이템	31168	0	0	31156	0	408	408	2408	39999	0	5	0	5	0	Null	0	Null	0	0	0	0	8	64	6980	1	10700	10700	0	0	1	0	0	0	0	50	0	0	0	0	0	0	0	0 	149 	162 	0.8 	140 	0	0	1	1	1	2.5	0	0	0	0	0	0	0	0	0	0	1	0	0	0	0	0	0	0	0	0	0	0	0	0	0	0	0	0	0	0	0	0	0	0	1	41	1	2	0	0	0	0	0	0	0	0	0	0	0	0	0	0	0	0	0	0	0	0	0	0	0	0	0	1	0	0	0	0	0	0	0	0	0	0	0	0	0	0	0	0	0	0	0	0	0	0	0	0	0 	0 	164	186	0 	0 	0 	0 	0	0	0	0	0	0	0	0	0	0	0	0	0	0	1	0		//	-19			-18		-37	-7.4	-5	50
	69	0	0	침묵의묵시록_대거_9등급아이템	31169	0	0	31156	0	409	409	2409	39999	0	5	0	5	0	Null	0	Null	0	0	0	0	9	69	6814	1	16700	16700	0	0	1	0	0	0	0	57	0	0	0	0	0	0	0	0 	174 	189 	0.8 	140 	0	0	1	1	1	2.5	0	0	0	0	0	0	0	0	0	0	1	0	0	0	0	0	0	0	0	0	0	0	0	0	0	0	0	0	0	0	0	0	0	0	1	41	1	2	0	0	0	0	0	0	0	0	0	0	0	0	0	0	0	0	0	0	0	0	0	0	0	0	0	1	0	0	0	0	0	0	0	0	0	0	0	0	0	0	0	0	0	0	0	0	0	0	0	0	0 	0 	191	217	0 	0 	0 	0 	0	0	0	0	0	0	0	0	0	0	0	0	0	0	1	0		//	-19			-18		-37	-7.4	-5	57
	70	0	0	각성된월첨_대거_10등급아이템	31160	0	0	31156	0	410	410	2410	39999	0	5	0	5	0	Null	0	Null	0	0	0	0	10	74	6648	1	25800	25800	0	0	1	0	0	0	0	64	0	0	0	0	0	0	0	0 	204 	221 	0.8 	140 	0	0	1	1	1	2.5	0	0	0	0	0	0	0	0	0	0	1	0	0	0	0	0	0	0	0	0	0	0	0	0	0	0	0	0	0	0	0	0	0	0	1	41	1	2	0	0	0	0	0	0	0	0	0	0	0	0	0	0	0	0	0	0	0	0	0	0	0	0	0	1	0	0	0	0	0	0	0	0	0	0	0	0	0	0	0	0	0	0	0	0	0	0	0	0	0 	0 	224	254	0 	0 	0 	0 	0	0	0	0	0	0	0	0	0	0	0	0	0	0	1	0		//	-19			-18		-37	-7.4	-5	64
//	71	0	0	섀도우무기_대거_11등급아이템	30161	0	0	31156	0	411	411	2411	39999	0	5	0	5	0	Null	0	Null	0	0	0	0	11	79	6482	1	40000	40000	0	0	1	0	0	0	0	71	0	0	0	0	0	0	0	0 	240 	260 	0.8 	140 	0	0	1	1	1	2.5	0	0	0	0	0	0	0	0	0	0	1	0	0	0	0	0	0	0	0	0	0	0	0	0	0	0	0	0	0	0	0	0	0	0	1	41	1	2	0	0	0	0	0	0	0	0	0	0	0	0	0	0	0	0	0	0	0	0	0	0	0	0	0	1	0	0	0	0	0	0	0	0	0	0	0	0	0	0	0	0	0	0	0	0	0	0	0	0	0 	0 	264	299	0 	0 	0 	0 	0	0	0	0	0	0	0	0	0	0	0	0	0	0	1	0		//	-19			-18		-37	-7.4	-5	71
//	72	0	0	섀도우무기_대거_12등급아이템	30162	0	0	31156	0	412	412	2412	39999	0	5	0	5	0	Null	0	Null	0	0	0	0	12	84	6316	1	62000	62000	0	0	1	0	0	0	0	78	0	0	0	0	0	0	0	0 	280 	303 	0.8 	140 	0	0	1	1	1	2.5	0	0	0	0	0	0	0	0	0	0	1	0	0	0	0	0	0	0	0	0	0	0	0	0	0	0	0	0	0	0	0	0	0	0	1	41	1	2	0	0	0	0	0	0	0	0	0	0	0	0	0	0	0	0	0	0	0	0	0	0	0	0	0	1	0	0	0	0	0	0	0	0	0	0	0	0	0	0	0	0	0	0	0	0	0	0	0	0	0 	0 	308	348	0 	0 	0 	0 	0	0	0	0	0	0	0	0	0	0	0	0	0	0	1	0		//	-19			-18		-37	-7.4	-5	78
//	73	0	0	섀도우무기_대거_13등급아이템	30163	0	0	31156	0	413	413	2413	39999	0	5	0	5	0	Null	0	Null	0	0	0	0	13	88	6150	1	96200	96200	0	0	1	0	0	0	0	85	0	0	0	0	0	0	0	0 	328 	355 	0.8 	140 	0	0	1	1	1	2.5	0	0	0	0	0	0	0	0	0	0	1	0	0	0	0	0	0	0	0	0	0	0	0	0	0	0	0	0	0	0	0	0	0	0	1	41	1	2	0	0	0	0	0	0	0	0	0	0	0	0	0	0	0	0	0	0	0	0	0	0	0	0	0	1	0	0	0	0	0	0	0	0	0	0	0	0	0	0	0	0	0	0	0	0	0	0	0	0	0 	0 	361	408	0 	0 	0 	0 	0	0	0	0	0	0	0	0	0	0	0	0	0	0	1	0		//	-19			-18		-37	-7.4	-5	85
//	74	0	0	섀도우무기_대거_14등급아이템	30164	0	0	31156	0	414	414	2414	39999	0	5	0	5	0	Null	0	Null	0	0	0	0	14	93	5984	1	149000	149000	0	0	1	0	0	0	0	92	0	0	0	0	0	0	0	0 	384 	416 	0.8 	140 	0	0	1	1	1	2.5	0	0	0	0	0	0	0	0	0	0	1	0	0	0	0	0	0	0	0	0	0	0	0	0	0	0	0	0	0	0	0	0	0	0	1	41	1	2	0	0	0	0	0	0	0	0	0	0	0	0	0	0	0	0	0	0	0	0	0	0	0	0	0	1	0	0	0	0	0	0	0	0	0	0	0	0	0	0	0	0	0	0	0	0	0	0	0	0	0 	0 	422	478	0 	0 	0 	0 	0	0	0	0	0	0	0	0	0	0	0	0	0	0	1	0		//	-19			-18		-37	-7.4	-5	92
//	75	0	0	섀도우무기_대거_15등급아이템	30165	0	0	31156	0	415	415	2415	39999	0	5	0	5	0	Null	0	Null	0	0	0	0	15	98	5818	1	231000	231000	0	0	1	0	0	0	0	99	0	0	0	0	0	0	0	0 	449 	486 	0.8 	140 	0	0	1	1	1	2.5	0	0	0	0	0	0	0	0	0	0	1	0	0	0	0	0	0	0	0	0	0	0	0	0	0	0	0	0	0	0	0	0	0	0	1	41	1	2	0	0	0	0	0	0	0	0	0	0	0	0	0	0	0	0	0	0	0	0	0	0	0	0	0	1	0	0	0	0	0	0	0	0	0	0	0	0	0	0	0	0	0	0	0	0	0	0	0	0	0 	0 	494	559	0 	0 	0 	0 	0	0	0	0	0	0	0	0	0	0	0	0	0	0	1	0		//	-19			-18		-37	-7.4	-5	99
	76	0	0	강철_채찍검_1등급아이템	31171	0	0	31157	0	501	501	2501	39999	0	6	0	6	0	Null	0	Null	0	0	0	0	1	30	9060	1	25	25	0	0	1	0	0	0	0	1	0	0	0	0	0	0	0	0 	51 	62 	0.8 	125 	0	0	1	1	1	3.5	0	0	0	0	0	0	0	0	0	0	1	0	0	0	0	0	0	0	0	0	0	0	0	0	0	0	0	0	0	0	0	0	0	0	1	41	1	3	0	0	0	0	0	0	0	0	0	0	0	0	0	0	0	0	0	0	0	0	0	0	0	0	0	1	0	0	0	0	0	0	0	0	0	0	0	0	0	0	0	0	0	0	0	0	0	0	0	0	0 	0 	56	71	0 	0 	0 	0 	0	0	0	0	0	0	0	0	0	0	0	0	0	0	1	0		//	-19			-18		-37	-7.4	-5	1
	77	0	0	미스릴_채찍검_2등급아이템	31172	0	0	31157	0	502	502	2502	39999	0	6	0	6	0	Null	0	Null	0	0	0	0	2	35	8698	1	800	800	0	0	1	0	0	0	0	8	0	0	0	0	0	0	0	0 	60 	71 	0.8 	125 	0	0	1	1	1	3.5	0	0	0	0	0	0	0	0	0	0	1	0	0	0	0	0	0	0	0	0	0	0	0	0	0	0	0	0	0	0	0	0	0	0	1	41	1	3	0	0	0	0	0	0	0	0	0	0	0	0	0	0	0	0	0	0	0	0	0	0	0	0	0	1	0	0	0	0	0	0	0	0	0	0	0	0	0	0	0	0	0	0	0	0	0	0	0	0	0 	0 	66	82	0 	0 	0 	0 	0	0	0	0	0	0	0	0	0	0	0	0	0	0	1	0		//	-19			-18		-37	-7.4	-5	8
	78	0	0	흑철_채찍검_3등급아이템	31173	0	0	31157	0	503	503	2503	39999	0	6	0	6	0	Null	0	Null	0	0	0	0	3	39	8516	1	1200	1200	0	0	1	0	0	0	0	15	0	0	0	0	0	0	0	0 	70 	85 	0.8 	125 	0	0	1	1	1	3.5	0	0	0	0	0	0	0	0	0	0	1	0	0	0	0	0	0	0	0	0	0	0	0	0	0	0	0	0	0	0	0	0	0	0	1	41	1	3	0	0	0	0	0	0	0	0	0	0	0	0	0	0	0	0	0	0	0	0	0	0	0	0	0	1	0	0	0	0	0	0	0	0	0	0	0	0	0	0	0	0	0	0	0	0	0	0	0	0	0 	0 	77	98	0 	0 	0 	0 	0	0	0	0	0	0	0	0	0	0	0	0	0	0	1	0		//	-19			-18		-37	-7.4	-5	15
	79	0	0	배신자를위한_채찍검_4등급아이템	31174	0	0	31157	0	504	504	2504	39999	0	6	0	6	0	Null	0	Null	0	0	0	0	4	44	8336	1	1900	1900	0	0	1	0	0	0	0	22	0	0	0	0	0	0	0	0 	82 	99 	0.8 	125 	0	0	1	1	1	3.5	0	0	0	0	0	0	0	0	0	0	1	0	0	0	0	0	0	0	0	0	0	0	0	0	0	0	0	0	0	0	0	0	0	0	1	41	1	3	0	0	0	0	0	0	0	0	0	0	0	0	0	0	0	0	0	0	0	0	0	0	0	0	0	1	0	0	0	0	0	0	0	0	0	0	0	0	0	0	0	0	0	0	0	0	0	0	0	0	0 	0 	90	114	0 	0 	0 	0 	0	0	0	0	0	0	0	0	0	0	0	0	0	0	1	0		//	-19			-18		-37	-7.4	-5	22
	80	0	0	비명의관통_채찍검_5등급아이템	31175	0	0	31157	0	505	505	2505	39999	0	6	0	6	0	Null	0	Null	0	0	0	0	5	49	8154	1	2900	2900	0	0	1	0	0	0	0	29	0	0	0	0	0	0	0	0 	97 	116 	0.8 	125 	0	0	1	1	1	3.5	0	0	0	0	0	0	0	0	0	0	1	0	0	0	0	0	0	0	0	0	0	0	0	0	0	0	0	0	0	0	0	0	0	0	1	41	1	3	0	0	0	0	0	0	0	0	0	0	0	0	0	0	0	0	0	0	0	0	0	0	0	0	0	1	0	0	0	0	0	0	0	0	0	0	0	0	0	0	0	0	0	0	0	0	0	0	0	0	0 	0 	107	133	0 	0 	0 	0 	0	0	0	0	0	0	0	0	0	0	0	0	0	0	1	0		//	-19			-18		-37	-7.4	-5	29
	81	0	0	아리아드네의손톱_채찍검_6등급아이템	31176	0	0	31157	0	506	506	2506	39999	0	6	0	6	0	Null	0	Null	0	0	0	0	6	54	7972	1	4500	4500	0	0	1	0	0	0	0	36	0	0	0	0	0	0	0	0 	113 	136 	0.8 	125 	0	0	1	1	1	3.5	0	0	0	0	0	0	0	0	0	0	1	0	0	0	0	0	0	0	0	0	0	0	0	0	0	0	0	0	0	0	0	0	0	0	1	41	1	3	0	0	0	0	0	0	0	0	0	0	0	0	0	0	0	0	0	0	0	0	0	0	0	0	0	1	0	0	0	0	0	0	0	0	0	0	0	0	0	0	0	0	0	0	0	0	0	0	0	0	0 	0 	124	156	0 	0 	0 	0 	0	0	0	0	0	0	0	0	0	0	0	0	0	0	1	0		//	-19			-18		-37	-7.4	-5	36
	82	0	0	암묵적사념체_채찍검_7등급아이템	31177	0	0	31157	0	507	507	2507	39999	0	6	0	6	0	Null	0	Null	0	0	0	0	7	59	7792	1	6900	6900	0	0	1	0	0	0	0	43	0	0	0	0	0	0	0	0 	132 	159 	0.8 	125 	0	0	1	1	1	3.5	0	0	0	0	0	0	0	0	0	0	1	0	0	0	0	0	0	0	0	0	0	0	0	0	0	0	0	0	0	0	0	0	0	0	1	41	1	3	0	0	0	0	0	0	0	0	0	0	0	0	0	0	0	0	0	0	0	0	0	0	0	0	0	1	0	0	0	0	0	0	0	0	0	0	0	0	0	0	0	0	0	0	0	0	0	0	0	0	0 	0 	145	183	0 	0 	0 	0 	0	0	0	0	0	0	0	0	0	0	0	0	0	0	1	0		//	-19			-18		-37	-7.4	-5	43
	83	0	0	그림자영창곡_채찍검_8등급아이템	31178	0	0	31157	0	508	508	2508	39999	0	6	0	6	0	Null	0	Null	0	0	0	0	8	64	7610	1	10700	10700	0	0	1	0	0	0	0	50	0	0	0	0	0	0	0	0 	155 	186 	0.8 	125 	0	0	1	1	1	3.5	0	0	0	0	0	0	0	0	0	0	1	0	0	0	0	0	0	0	0	0	0	0	0	0	0	0	0	0	0	0	0	0	0	0	1	41	1	3	0	0	0	0	0	0	0	0	0	0	0	0	0	0	0	0	0	0	0	0	0	0	0	0	0	1	0	0	0	0	0	0	0	0	0	0	0	0	0	0	0	0	0	0	0	0	0	0	0	0	0 	0 	171	214	0 	0 	0 	0 	0	0	0	0	0	0	0	0	0	0	0	0	0	0	1	0		//	-19			-18		-37	-7.4	-5	50
	84	0	0	지옥의클라르테_채찍검_9등급아이템	31179	0	0	31157	0	509	509	2509	39999	0	6	0	6	0	Null	0	Null	0	0	0	0	9	69	7430	1	16700	16700	0	0	1	0	0	0	0	57	0	0	0	0	0	0	0	0 	182 	218 	0.8 	125 	0	0	1	1	1	3.5	0	0	0	0	0	0	0	0	0	0	1	0	0	0	0	0	0	0	0	0	0	0	0	0	0	0	0	0	0	0	0	0	0	0	1	41	1	3	0	0	0	0	0	0	0	0	0	0	0	0	0	0	0	0	0	0	0	0	0	0	0	0	0	1	0	0	0	0	0	0	0	0	0	0	0	0	0	0	0	0	0	0	0	0	0	0	0	0	0 	0 	200	251	0 	0 	0 	0 	0	0	0	0	0	0	0	0	0	0	0	0	0	0	1	0		//	-19			-18		-37	-7.4	-5	57
	85	0	0	사형집행자_채찍검_10등급아이템	31180	0	0	31157	0	510	510	2510	39999	0	6	0	6	0	Null	0	Null	0	0	0	0	10	74	7248	1	25800	25800	0	0	1	0	0	0	0	64	0	0	0	0	0	0	0	0 	212 	255 	0.8 	125 	0	0	1	1	1	3.5	0	0	0	0	0	0	0	0	0	0	1	0	0	0	0	0	0	0	0	0	0	0	0	0	0	0	0	0	0	0	0	0	0	0	1	41	1	3	0	0	0	0	0	0	0	0	0	0	0	0	0	0	0	0	0	0	0	0	0	0	0	0	0	1	0	0	0	0	0	0	0	0	0	0	0	0	0	0	0	0	0	0	0	0	0	0	0	0	0 	0 	233	293	0 	0 	0 	0 	0	0	0	0	0	0	0	0	0	0	0	0	0	0	1	0		//	-19			-18		-37	-7.4	-5	64
//	86	0	0	미정_채찍검_11등급아이템	30191	0	0	31157	0	511	511	2511	39999	0	6	0	6	0	Null	0	Null	0	0	0	0	11	79	7066	1	40000	40000	0	0	1	0	0	0	0	71	0	0	0	0	0	0	0	0 	249 	298 	0.8 	125 	0	0	1	1	1	3.5	0	0	0	0	0	0	0	0	0	0	1	0	0	0	0	0	0	0	0	0	0	0	0	0	0	0	0	0	0	0	0	0	0	0	1	41	1	3	0	0	0	0	0	0	0	0	0	0	0	0	0	0	0	0	0	0	0	0	0	0	0	0	0	1	0	0	0	0	0	0	0	0	0	0	0	0	0	0	0	0	0	0	0	0	0	0	0	0	0 	0 	274	343	0 	0 	0 	0 	0	0	0	0	0	0	0	0	0	0	0	0	0	0	1	0		//	-19			-18		-37	-7.4	-5	71
//	87	0	0	미정_채찍검_12등급아이템	30192	0	0	31157	0	512	512	2512	39999	0	6	0	6	0	Null	0	Null	0	0	0	0	12	84	6886	1	62000	62000	0	0	1	0	0	0	0	78	0	0	0	0	0	0	0	0 	292 	349 	0.8 	125 	0	0	1	1	1	3.5	0	0	0	0	0	0	0	0	0	0	1	0	0	0	0	0	0	0	0	0	0	0	0	0	0	0	0	0	0	0	0	0	0	0	1	41	1	3	0	0	0	0	0	0	0	0	0	0	0	0	0	0	0	0	0	0	0	0	0	0	0	0	0	1	0	0	0	0	0	0	0	0	0	0	0	0	0	0	0	0	0	0	0	0	0	0	0	0	0 	0 	321	401	0 	0 	0 	0 	0	0	0	0	0	0	0	0	0	0	0	0	0	0	1	0		//	-19			-18		-37	-7.4	-5	78
//	88	0	0	미정_채찍검_13등급아이템	30193	0	0	31157	0	513	513	2513	39999	0	6	0	6	0	Null	0	Null	0	0	0	0	13	88	6704	1	96200	96200	0	0	1	0	0	0	0	85	0	0	0	0	0	0	0	0 	342 	409 	0.8 	125 	0	0	1	1	1	3.5	0	0	0	0	0	0	0	0	0	0	1	0	0	0	0	0	0	0	0	0	0	0	0	0	0	0	0	0	0	0	0	0	0	0	1	41	1	3	0	0	0	0	0	0	0	0	0	0	0	0	0	0	0	0	0	0	0	0	0	0	0	0	0	1	0	0	0	0	0	0	0	0	0	0	0	0	0	0	0	0	0	0	0	0	0	0	0	0	0 	0 	376	470	0 	0 	0 	0 	0	0	0	0	0	0	0	0	0	0	0	0	0	0	1	0		//	-19			-18		-37	-7.4	-5	85
//	89	0	0	미정_채찍검_14등급아이템	30194	0	0	31157	0	514	514	2514	39999	0	6	0	6	0	Null	0	Null	0	0	0	0	14	93	6524	1	149000	149000	0	0	1	0	0	0	0	92	0	0	0	0	0	0	0	0 	400 	479 	0.8 	125 	0	0	1	1	1	3.5	0	0	0	0	0	0	0	0	0	0	1	0	0	0	0	0	0	0	0	0	0	0	0	0	0	0	0	0	0	0	0	0	0	0	1	41	1	3	0	0	0	0	0	0	0	0	0	0	0	0	0	0	0	0	0	0	0	0	0	0	0	0	0	1	0	0	0	0	0	0	0	0	0	0	0	0	0	0	0	0	0	0	0	0	0	0	0	0	0 	0 	440	551	0 	0 	0 	0 	0	0	0	0	0	0	0	0	0	0	0	0	0	0	1	0		//	-19			-18		-37	-7.4	-5	92
//	90	0	0	미정_채찍검_15등급아이템	30195	0	0	31157	0	515	515	2515	39999	0	6	0	6	0	Null	0	Null	0	0	0	0	15	98	6342	1	231000	231000	0	0	1	0	0	0	0	99	0	0	0	0	0	0	0	0 	468 	561 	0.8 	125 	0	0	1	1	1	3.5	0	0	0	0	0	0	0	0	0	0	1	0	0	0	0	0	0	0	0	0	0	0	0	0	0	0	0	0	0	0	0	0	0	0	1	41	1	3	0	0	0	0	0	0	0	0	0	0	0	0	0	0	0	0	0	0	0	0	0	0	0	0	0	1	0	0	0	0	0	0	0	0	0	0	0	0	0	0	0	0	0	0	0	0	0	0	0	0	0 	0 	515	645	0 	0 	0 	0 	0	0	0	0	0	0	0	0	0	0	0	0	0	0	1	0		//	-19			-18		-37	-7.4	-5	99
	91	0	0	대나무_한손석궁_1등급아이템	30211	0	0	30007	0	601	601	2601	39999	0	7	0	7	0	Null	0	Null	0	0	0	0	1	25	8430	1	25	25	0	0	1	0	0	0	0	1	0	0	0	0	0	0	0	0 	38 	43 	0.8 	150 	0	0	2	2	2	19.0 	0	0	0	0	0	0	0	0	0	0	0	1	0	0	0	0	0	0	0	0	0	0	0	0	0	0	0	0	0	0	0	0	0	0	1	41	1	2	0	0	0	0	0	0	0	0	0	0	0	0	0	0	0	0	0	0	0	0	0	0	0	0	0	1	0	0	0	0	0	0	0	0	0	0	0	0	0	0	0	0	0	0	0	0	0	0	0	0	0 	0 	42	49	0 	0 	0 	0 	0	0	0	0	0	0	0	0	0	0	0	0	0	0	1	0		//	-16	-23				-39	-7.8	-5	1
	92	0	0	떡갈나무_한손석궁_2등급아이템	30212	0	0	30007	0	602	602	2602	39999	0	7	0	7	0	Null	0	Null	0	0	0	0	2	29	8092	1	800	800	0	0	1	0	0	0	0	8	0	0	0	0	0	0	0	0 	44 	51 	0.8 	150 	0	0	2	2	2	19.0 	0	0	0	0	0	0	0	0	0	0	0	1	0	0	0	0	0	0	0	0	0	0	0	0	0	0	0	0	0	0	0	0	0	0	1	41	1	2	0	0	0	0	0	0	0	0	0	0	0	0	0	0	0	0	0	0	0	0	0	0	0	0	0	1	0	0	0	0	0	0	0	0	0	0	0	0	0	0	0	0	0	0	0	0	0	0	0	0	0 	0 	48	59	0 	0 	0 	0 	0	0	0	0	0	0	0	0	0	0	0	0	0	0	1	0		//	-16	-23				-39	-7.8	-5	8
	93	0	0	주석_한손석궁_3등급아이템	30213	0	0	30007	0	603	603	2603	39999	0	7	0	7	0	Null	0	Null	0	0	0	0	3	34	7924	1	1200	1200	0	0	1	0	0	0	0	15	0	0	0	0	0	0	0	0 	53 	60 	0.8 	150 	0	0	2	2	2	19.0 	0	0	0	0	0	0	0	0	0	0	0	1	0	0	0	0	0	0	0	0	0	0	0	0	0	0	0	0	0	0	0	0	0	0	1	41	1	2	0	0	0	0	0	0	0	0	0	0	0	0	0	0	0	0	0	0	0	0	0	0	0	0	0	1	0	0	0	0	0	0	0	0	0	0	0	0	0	0	0	0	0	0	0	0	0	0	0	0	0 	0 	58	69	0 	0 	0 	0 	0	0	0	0	0	0	0	0	0	0	0	0	0	0	1	0		//	-16	-23				-39	-7.8	-5	15
	94	0	0	강철_한손석궁_4등급아이템	30214	0	0	30007	0	604	604	2604	39999	0	7	0	7	0	Null	0	Null	0	0	0	0	4	38	7756	1	1900	1900	0	0	1	0	0	0	0	22	0	0	0	0	0	0	0	0 	62 	71 	0.8 	150 	0	0	2	2	2	19.0 	0	0	0	0	0	0	0	0	0	0	0	1	0	0	0	0	0	0	0	0	0	0	0	0	0	0	0	0	0	0	0	0	0	0	1	41	1	2	0	0	0	0	0	0	0	0	0	0	0	0	0	0	0	0	0	0	0	0	0	0	0	0	0	1	0	0	0	0	0	0	0	0	0	0	0	0	0	0	0	0	0	0	0	0	0	0	0	0	0 	0 	68	82	0 	0 	0 	0 	0	0	0	0	0	0	0	0	0	0	0	0	0	0	1	0		//	-16	-23				-39	-7.8	-5	22
	95	0	0	속사_한손석궁_5등급아이템	30215	0	0	30007	0	605	605	2605	39999	0	7	0	7	0	Null	0	Null	0	0	0	0	5	43	7588	1	2900	2900	0	0	1	0	0	0	0	29	0	0	0	0	0	0	0	0 	72 	83 	0.8 	150 	0	0	2	2	2	19.0 	0	0	0	0	0	0	0	0	0	0	0	1	0	0	0	0	0	0	0	0	0	0	0	0	0	0	0	0	0	0	0	0	0	0	1	41	1	2	0	0	0	0	0	0	0	0	0	0	0	0	0	0	0	0	0	0	0	0	0	0	0	0	0	1	0	0	0	0	0	0	0	0	0	0	0	0	0	0	0	0	0	0	0	0	0	0	0	0	0 	0 	79	95	0 	0 	0 	0 	0	0	0	0	0	0	0	0	0	0	0	0	0	0	1	0		//	-16	-23				-39	-7.8	-5	29
	96	0	0	리베호수_한손석궁_6등급아이템	30216	0	0	30007	0	606	606	2606	39999	0	7	0	7	0	Null	0	Null	0	0	0	0	6	47	7418	1	4500	4500	0	0	1	0	0	0	0	36	0	0	0	0	0	0	0	0 	84 	97 	0.8 	150 	0	0	2	2	2	19.0 	0	0	0	0	0	0	0	0	0	0	0	1	0	0	0	0	0	0	0	0	0	0	0	0	0	0	0	0	0	0	0	0	0	0	1	41	1	2	0	0	0	0	0	0	0	0	0	0	0	0	0	0	0	0	0	0	0	0	0	0	0	0	0	1	0	0	0	0	0	0	0	0	0	0	0	0	0	0	0	0	0	0	0	0	0	0	0	0	0 	0 	92	112	0 	0 	0 	0 	0	0	0	0	0	0	0	0	0	0	0	0	0	0	1	0		//	-16	-23				-39	-7.8	-5	36
	97	0	0	경이로운자_한손석궁_7등급아이템	30217	0	0	30007	0	607	607	2607	39999	0	7	0	7	0	Null	0	Null	0	0	0	0	7	52	7250	1	6900	6900	0	0	1	0	0	0	0	43	0	0	0	0	0	0	0	0 	99 	114 	0.8 	150 	0	0	2	2	2	19.0 	0	0	0	0	0	0	0	0	0	0	0	1	0	0	0	0	0	0	0	0	0	0	0	0	0	0	0	0	0	0	0	0	0	0	1	41	1	2	0	0	0	0	0	0	0	0	0	0	0	0	0	0	0	0	0	0	0	0	0	0	0	0	0	1	0	0	0	0	0	0	0	0	0	0	0	0	0	0	0	0	0	0	0	0	0	0	0	0	0 	0 	109	131	0 	0 	0 	0 	0	0	0	0	0	0	0	0	0	0	0	0	0	0	1	0		//	-16	-23				-39	-7.8	-5	43
	98	0	0	진노한나자린_한손석궁_8등급아이템	30218	0	0	30007	0	608	608	2608	39999	0	7	0	7	0	Null	0	Null	0	0	0	0	8	56	7082	1	10700	10700	0	0	1	0	0	0	0	50	0	0	0	0	0	0	0	0 	116 	133 	0.8 	150 	0	0	2	2	2	19.0 	0	0	0	0	0	0	0	0	0	0	0	1	0	0	0	0	0	0	0	0	0	0	0	0	0	0	0	0	0	0	0	0	0	0	1	41	1	2	0	0	0	0	0	0	0	0	0	0	0	0	0	0	0	0	0	0	0	0	0	0	0	0	0	1	0	0	0	0	0	0	0	0	0	0	0	0	0	0	0	0	0	0	0	0	0	0	0	0	0 	0 	128	153	0 	0 	0 	0 	0	0	0	0	0	0	0	0	0	0	0	0	0	0	1	0		//	-16	-23				-39	-7.8	-5	50
	99	0	0	비밀숲_한손석궁_9등급아이템	30219	0	0	30007	0	609	609	2609	39999	0	7	0	7	0	Null	0	Null	0	0	0	0	9	61	6912	1	16700	16700	0	0	1	0	0	0	0	57	0	0	0	0	0	0	0	0 	136 	157 	0.8 	150 	0	0	2	2	2	19.0 	0	0	0	0	0	0	0	0	0	0	0	1	0	0	0	0	0	0	0	0	0	0	0	0	0	0	0	0	0	0	0	0	0	0	1	41	1	2	0	0	0	0	0	0	0	0	0	0	0	0	0	0	0	0	0	0	0	0	0	0	0	0	0	1	0	0	0	0	0	0	0	0	0	0	0	0	0	0	0	0	0	0	0	0	0	0	0	0	0 	0 	150	181	0 	0 	0 	0 	0	0	0	0	0	0	0	0	0	0	0	0	0	0	1	0		//	-16	-23				-39	-7.8	-5	57
	100	0	0	디스트럭션키스_한손석궁_10등급아이템	30220	0	0	30007	0	610	610	2610	39999	0	7	0	7	0	Null	0	Null	0	0	0	0	10	66	6744	1	25800	25800	0	0	1	0	0	0	0	64	0	0	0	0	0	0	0	0 	159 	184 	0.8 	150 	0	0	2	2	2	19.0 	0	0	0	0	0	0	0	0	0	0	0	1	0	0	0	0	0	0	0	0	0	0	0	0	0	0	0	0	0	0	0	0	0	0	1	41	1	2	0	0	0	0	0	0	0	0	0	0	0	0	0	0	0	0	0	0	0	0	0	0	0	0	0	1	0	0	0	0	0	0	0	0	0	0	0	0	0	0	0	0	0	0	0	0	0	0	0	0	0 	0 	175	212	0 	0 	0 	0 	0	0	0	0	0	0	0	0	0	0	0	0	0	0	1	0		//	-16	-23				-39	-7.8	-5	64
//	101	0	0	겸허한이노슨_한손석궁_11등급아이템	30221	0	0	30007	0	611	611	2611	39999	0	7	0	7	0	Null	0	Null	0	0	0	0	11	70	6576	1	40000	40000	0	0	1	0	0	0	0	71	0	0	0	0	0	0	0	0 	186 	215 	0.8 	150 	0	0	2	2	2	19.0 	0	0	0	0	0	0	0	0	0	0	0	1	0	0	0	0	0	0	0	0	0	0	0	0	0	0	0	0	0	0	0	0	0	0	1	41	1	2	0	0	0	0	0	0	0	0	0	0	0	0	0	0	0	0	0	0	0	0	0	0	0	0	0	1	0	0	0	0	0	0	0	0	0	0	0	0	0	0	0	0	0	0	0	0	0	0	0	0	0 	0 	205	247	0 	0 	0 	0 	0	0	0	0	0	0	0	0	0	0	0	0	0	0	1	0		//	-16	-23				-39	-7.8	-5	71
//	102	0	0	궁사라우펜_한손석궁_12등급아이템	30222	0	0	30007	0	612	612	2612	39999	0	7	0	7	0	Null	0	Null	0	0	0	0	12	75	6406	1	62000	62000	0	0	1	0	0	0	0	78	0	0	0	0	0	0	0	0 	218 	251 	0.8 	150 	0	0	2	2	2	19.0 	0	0	0	0	0	0	0	0	0	0	0	1	0	0	0	0	0	0	0	0	0	0	0	0	0	0	0	0	0	0	0	0	0	0	1	41	1	2	0	0	0	0	0	0	0	0	0	0	0	0	0	0	0	0	0	0	0	0	0	0	0	0	0	1	0	0	0	0	0	0	0	0	0	0	0	0	0	0	0	0	0	0	0	0	0	0	0	0	0 	0 	240	289	0 	0 	0 	0 	0	0	0	0	0	0	0	0	0	0	0	0	0	0	1	0		//	-16	-23				-39	-7.8	-5	78
//	103	0	0	잔혹한분노의_한손석궁_13등급아이템	30223	0	0	30007	0	613	613	2613	39999	0	7	0	7	0	Null	0	Null	0	0	0	0	13	79	6238	1	96200	96200	0	0	1	0	0	0	0	85	0	0	0	0	0	0	0	0 	255 	294 	0.8 	150 	0	0	2	2	2	19.0 	0	0	0	0	0	0	0	0	0	0	0	1	0	0	0	0	0	0	0	0	0	0	0	0	0	0	0	0	0	0	0	0	0	0	1	41	1	2	0	0	0	0	0	0	0	0	0	0	0	0	0	0	0	0	0	0	0	0	0	0	0	0	0	1	0	0	0	0	0	0	0	0	0	0	0	0	0	0	0	0	0	0	0	0	0	0	0	0	0 	0 	281	338	0 	0 	0 	0 	0	0	0	0	0	0	0	0	0	0	0	0	0	0	1	0		//	-16	-23				-39	-7.8	-5	85
//	104	0	0	검은태양의_한손석궁_14등급아이템	30224	0	0	30007	0	614	614	2614	39999	0	7	0	7	0	Null	0	Null	0	0	0	0	14	84	6070	1	149000	149000	0	0	1	0	0	0	0	92	0	0	0	0	0	0	0	0 	299 	344 	0.8 	150 	0	0	2	2	2	19.0 	0	0	0	0	0	0	0	0	0	0	0	1	0	0	0	0	0	0	0	0	0	0	0	0	0	0	0	0	0	0	0	0	0	0	1	41	1	2	0	0	0	0	0	0	0	0	0	0	0	0	0	0	0	0	0	0	0	0	0	0	0	0	0	1	0	0	0	0	0	0	0	0	0	0	0	0	0	0	0	0	0	0	0	0	0	0	0	0	0 	0 	329	396	0 	0 	0 	0 	0	0	0	0	0	0	0	0	0	0	0	0	0	0	1	0		//	-16	-23				-39	-7.8	-5	92
//	105	0	0	하늘정원의_한손석궁_15등급아이템	30225	0	0	30007	0	615	615	2615	39999	0	7	0	7	0	Null	0	Null	0	0	0	0	15	88	5902	1	231000	231000	0	0	1	0	0	0	0	99	0	0	0	0	0	0	0	0 	350 	403 	0.8 	150 	0	0	2	2	2	19.0 	0	0	0	0	0	0	0	0	0	0	0	1	0	0	0	0	0	0	0	0	0	0	0	0	0	0	0	0	0	0	0	0	0	0	1	41	1	2	0	0	0	0	0	0	0	0	0	0	0	0	0	0	0	0	0	0	0	0	0	0	0	0	0	1	0	0	0	0	0	0	0	0	0	0	0	0	0	0	0	0	0	0	0	0	0	0	0	0	0 	0 	385	463	0 	0 	0 	0 	0	0	0	0	0	0	0	0	0	0	0	0	0	0	1	0		//	-16	-23				-39	-7.8	-5	99
	106	0	0	금속_에테르웨폰_1등급아이템	30241	0	0	30008	0	701	701	2701	39999	0	8	0	8	0	Null	0	Null	0	0	0	0	1	25	5400	1	25	25	0	0	1	0	0	0	0	1	0	0	0	0	0	0	0	0 	46 	61 	0.8 	105 	0	0	2	2	2	16	0	0	0	0	0	0	0	0	0	0	0	1	0	0	0	0	0	0	0	0	0	0	0	0	0	0	0	0	0	0	0	0	0	0	1	41	1	3	0	0	0	0	0	0	0	0	0	0	0	0	0	0	0	0	0	0	0	0	0	0	0	0	0	1	0	0	0	0	0	0	0	0	0	0	0	0	0	0	0	0	0	0	0	0	0	0	0	0	0 	0 	51	70	0 	0 	0 	0 	0	0	0	0	0	0	0	0	0	0	0	0	0	0	1	0		//	-16	-23				-39	-7.8	-5	1
	107	0	0	청동_에테르웨폰_2등급아이템	30242	0	0	30008	0	702	702	2702	39999	0	8	0	8	0	Null	0	Null	0	0	0	0	2	29	5184	1	800	800	0	0	1	0	0	0	0	8	0	0	0	0	0	0	0	0 	55 	72 	0.8 	105 	0	0	2	2	2	16	0	0	0	0	0	0	0	0	0	0	0	1	0	0	0	0	0	0	0	0	0	0	0	0	0	0	0	0	0	0	0	0	0	0	1	41	1	3	0	0	0	0	0	0	0	0	0	0	0	0	0	0	0	0	0	0	0	0	0	0	0	0	0	1	0	0	0	0	0	0	0	0	0	0	0	0	0	0	0	0	0	0	0	0	0	0	0	0	0 	0 	61	83	0 	0 	0 	0 	0	0	0	0	0	0	0	0	0	0	0	0	0	0	1	0		//	-16	-23				-39	-7.8	-5	8
	108	0	0	주석_에테르웨폰_3등급아이템	30243	0	0	30008	0	703	703	2703	39999	0	8	0	8	0	Null	0	Null	0	0	0	0	3	34	5076	1	1200	1200	0	0	1	0	0	0	0	15	0	0	0	0	0	0	0	0 	64 	85 	0.8 	105 	0	0	2	2	2	16	0	0	0	0	0	0	0	0	0	0	0	1	0	0	0	0	0	0	0	0	0	0	0	0	0	0	0	0	0	0	0	0	0	0	1	41	1	3	0	0	0	0	0	0	0	0	0	0	0	0	0	0	0	0	0	0	0	0	0	0	0	0	0	1	0	0	0	0	0	0	0	0	0	0	0	0	0	0	0	0	0	0	0	0	0	0	0	0	0 	0 	70	98	0 	0 	0 	0 	0	0	0	0	0	0	0	0	0	0	0	0	0	0	1	0		//	-16	-23				-39	-7.8	-5	15
	109	0	0	강철_에테르웨폰_4등급아이템	30244	0	0	30008	0	704	704	2704	39999	0	8	0	8	0	Null	0	Null	0	0	0	0	4	38	4968	1	1900	1900	0	0	1	0	0	0	0	22	0	0	0	0	0	0	0	0 	74 	99 	0.8 	105 	0	0	2	2	2	16	0	0	0	0	0	0	0	0	0	0	0	1	0	0	0	0	0	0	0	0	0	0	0	0	0	0	0	0	0	0	0	0	0	0	1	41	1	3	0	0	0	0	0	0	0	0	0	0	0	0	0	0	0	0	0	0	0	0	0	0	0	0	0	1	0	0	0	0	0	0	0	0	0	0	0	0	0	0	0	0	0	0	0	0	0	0	0	0	0 	0 	81	114	0 	0 	0 	0 	0	0	0	0	0	0	0	0	0	0	0	0	0	0	1	0		//	-16	-23				-39	-7.8	-5	22
	110	0	0	천둥소리_에테르웨폰_5등급아이템	30245	0	0	30008	0	705	705	2705	39999	0	8	0	8	0	Null	0	Null	0	0	0	0	5	43	4860	1	2900	2900	0	0	1	0	0	0	0	29	0	0	0	0	0	0	0	0 	87 	116 	0.8 	105 	0	0	2	2	2	16	0	0	0	0	0	0	0	0	0	0	0	1	0	0	0	0	0	0	0	0	0	0	0	0	0	0	0	0	0	0	0	0	0	0	1	41	1	3	0	0	0	0	0	0	0	0	0	0	0	0	0	0	0	0	0	0	0	0	0	0	0	0	0	1	0	0	0	0	0	0	0	0	0	0	0	0	0	0	0	0	0	0	0	0	0	0	0	0	0 	0 	96	133	0 	0 	0 	0 	0	0	0	0	0	0	0	0	0	0	0	0	0	0	1	0		//	-16	-23				-39	-7.8	-5	29
	111	0	0	코르닉_에테르웨폰_6등급아이템	30246	0	0	30008	0	706	706	2706	39999	0	8	0	8	0	Null	0	Null	0	0	0	0	6	47	4752	1	4500	4500	0	0	1	0	0	0	0	36	0	0	0	0	0	0	0	0 	103 	136 	0.8 	105 	0	0	2	2	2	16	0	0	0	0	0	0	0	0	0	0	0	1	0	0	0	0	0	0	0	0	0	0	0	0	0	0	0	0	0	0	0	0	0	0	1	41	1	3	0	0	0	0	0	0	0	0	0	0	0	0	0	0	0	0	0	0	0	0	0	0	0	0	0	1	0	0	0	0	0	0	0	0	0	0	0	0	0	0	0	0	0	0	0	0	0	0	0	0	0 	0 	113	156	0 	0 	0 	0 	0	0	0	0	0	0	0	0	0	0	0	0	0	0	1	0		//	-16	-23				-39	-7.8	-5	36
	112	0	0	백발백중_에테르웨폰_7등급아이템	30247	0	0	30008	0	707	707	2707	39999	0	8	0	8	0	Null	0	Null	0	0	0	0	7	52	4644	1	6900	6900	0	0	1	0	0	0	0	43	0	0	0	0	0	0	0	0 	120 	159 	0.8 	105 	0	0	2	2	2	16	0	0	0	0	0	0	0	0	0	0	0	1	0	0	0	0	0	0	0	0	0	0	0	0	0	0	0	0	0	0	0	0	0	0	1	41	1	3	0	0	0	0	0	0	0	0	0	0	0	0	0	0	0	0	0	0	0	0	0	0	0	0	0	1	0	0	0	0	0	0	0	0	0	0	0	0	0	0	0	0	0	0	0	0	0	0	0	0	0 	0 	132	183	0 	0 	0 	0 	0	0	0	0	0	0	0	0	0	0	0	0	0	0	1	0		//	-16	-23				-39	-7.8	-5	43
	113	0	0	명사수콘시_에테르웨폰_8등급아이템	30248	0	0	30008	0	708	708	2708	39999	0	8	0	8	0	Null	0	Null	0	0	0	0	8	56	4536	1	10700	10700	0	0	1	0	0	0	0	50	0	0	0	0	0	0	0	0 	141 	186 	0.8 	105 	0	0	2	2	2	16	0	0	0	0	0	0	0	0	0	0	0	1	0	0	0	0	0	0	0	0	0	0	0	0	0	0	0	0	0	0	0	0	0	0	1	41	1	3	0	0	0	0	0	0	0	0	0	0	0	0	0	0	0	0	0	0	0	0	0	0	0	0	0	1	0	0	0	0	0	0	0	0	0	0	0	0	0	0	0	0	0	0	0	0	0	0	0	0	0 	0 	155	214	0 	0 	0 	0 	0	0	0	0	0	0	0	0	0	0	0	0	0	0	1	0		//	-16	-23				-39	-7.8	-5	50
	114	0	0	이방인의_에테르웨폰_9등급아이템	30249	0	0	30008	0	709	709	2709	39999	0	8	0	8	0	Null	0	Null	0	0	0	0	9	61	4428	1	16700	16700	0	0	1	0	0	0	0	57	0	0	0	0	0	0	0	0 	165 	218 	0.8 	105 	0	0	2	2	2	16	0	0	0	0	0	0	0	0	0	0	0	1	0	0	0	0	0	0	0	0	0	0	0	0	0	0	0	0	0	0	0	0	0	0	1	41	1	3	0	0	0	0	0	0	0	0	0	0	0	0	0	0	0	0	0	0	0	0	0	0	0	0	0	1	0	0	0	0	0	0	0	0	0	0	0	0	0	0	0	0	0	0	0	0	0	0	0	0	0 	0 	182	251	0 	0 	0 	0 	0	0	0	0	0	0	0	0	0	0	0	0	0	0	1	0		//	-16	-23				-39	-7.8	-5	57
	115	0	0	인피니티버스트_에테르웨폰_10등급아이템	30250	0	0	30008	0	710	710	2710	39999	0	8	0	8	0	Null	0	Null	0	0	0	0	10	66	4320	1	25800	25800	0	0	1	0	0	0	0	64	0	0	0	0	0	0	0	0 	193 	256 	0.8 	105 	0	0	2	2	2	16	0	0	0	0	0	0	0	0	0	0	0	1	0	0	0	0	0	0	0	0	0	0	0	0	0	0	0	0	0	0	0	0	0	0	1	41	1	3	0	0	0	0	0	0	0	0	0	0	0	0	0	0	0	0	0	0	0	0	0	0	0	0	0	1	0	0	0	0	0	0	0	0	0	0	0	0	0	0	0	0	0	0	0	0	0	0	0	0	0 	0 	212	294	0 	0 	0 	0 	0	0	0	0	0	0	0	0	0	0	0	0	0	0	1	0		//	-16	-23				-39	-7.8	-5	64
//	116	0	0	의로운브리즈_에테르웨폰_11등급아이템	30251	0	0	30008	0	711	711	2711	39999	0	8	0	8	0	Null	0	Null	0	0	0	0	11	70	4212	1	40000	40000	0	0	1	0	0	0	0	71	0	0	0	0	0	0	0	0 	226 	299 	0.8 	105 	0	0	2	2	2	16	0	0	0	0	0	0	0	0	0	0	0	1	0	0	0	0	0	0	0	0	0	0	0	0	0	0	0	0	0	0	0	0	0	0	1	41	1	3	0	0	0	0	0	0	0	0	0	0	0	0	0	0	0	0	0	0	0	0	0	0	0	0	0	1	0	0	0	0	0	0	0	0	0	0	0	0	0	0	0	0	0	0	0	0	0	0	0	0	0 	0 	249	344	0 	0 	0 	0 	0	0	0	0	0	0	0	0	0	0	0	0	0	0	1	0		//	-16	-23				-39	-7.8	-5	71
//	117	0	0	타우루_에테르웨폰_12등급아이템	30252	0	0	30008	0	712	712	2712	39999	0	8	0	8	0	Null	0	Null	0	0	0	0	12	75	4104	1	62000	62000	0	0	1	0	0	0	0	78	0	0	0	0	0	0	0	0 	264 	351 	0.8 	105 	0	0	2	2	2	16	0	0	0	0	0	0	0	0	0	0	0	1	0	0	0	0	0	0	0	0	0	0	0	0	0	0	0	0	0	0	0	0	0	0	1	41	1	3	0	0	0	0	0	0	0	0	0	0	0	0	0	0	0	0	0	0	0	0	0	0	0	0	0	1	0	0	0	0	0	0	0	0	0	0	0	0	0	0	0	0	0	0	0	0	0	0	0	0	0 	0 	290	404	0 	0 	0 	0 	0	0	0	0	0	0	0	0	0	0	0	0	0	0	1	0		//	-16	-23				-39	-7.8	-5	78
//	118	0	0	전갈의일침_에테르웨폰_13등급아이템	30253	0	0	30008	0	713	713	2713	39999	0	8	0	8	0	Null	0	Null	0	0	0	0	13	79	3996	1	96200	96200	0	0	1	0	0	0	0	85	0	0	0	0	0	0	0	0 	309 	410 	0.8 	105 	0	0	2	2	2	16	0	0	0	0	0	0	0	0	0	0	0	1	0	0	0	0	0	0	0	0	0	0	0	0	0	0	0	0	0	0	0	0	0	0	1	41	1	3	0	0	0	0	0	0	0	0	0	0	0	0	0	0	0	0	0	0	0	0	0	0	0	0	0	1	0	0	0	0	0	0	0	0	0	0	0	0	0	0	0	0	0	0	0	0	0	0	0	0	0 	0 	340	472	0 	0 	0 	0 	0	0	0	0	0	0	0	0	0	0	0	0	0	0	1	0		//	-16	-23				-39	-7.8	-5	85
//	119	0	0	기적을일구는_에테르웨폰_14등급아이템	30254	0	0	30008	0	714	714	2714	39999	0	8	0	8	0	Null	0	Null	0	0	0	0	14	84	3888	1	149000	149000	0	0	1	0	0	0	0	92	0	0	0	0	0	0	0	0 	362 	481 	0.8 	105 	0	0	2	2	2	16	0	0	0	0	0	0	0	0	0	0	0	1	0	0	0	0	0	0	0	0	0	0	0	0	0	0	0	0	0	0	0	0	0	0	1	41	1	3	0	0	0	0	0	0	0	0	0	0	0	0	0	0	0	0	0	0	0	0	0	0	0	0	0	1	0	0	0	0	0	0	0	0	0	0	0	0	0	0	0	0	0	0	0	0	0	0	0	0	0 	0 	398	553	0 	0 	0 	0 	0	0	0	0	0	0	0	0	0	0	0	0	0	0	1	0		//	-16	-23				-39	-7.8	-5	92
//	120	0	0	불사조의_에테르웨폰_15등급아이템	30255	0	0	30008	0	715	715	2715	39999	0	8	0	8	0	Null	0	Null	0	0	0	0	15	88	3780	1	231000	231000	0	0	1	0	0	0	0	99	0	0	0	0	0	0	0	0 	423 	562 	0.8 	105 	0	0	2	2	2	16	0	0	0	0	0	0	0	0	0	0	0	1	0	0	0	0	0	0	0	0	0	0	0	0	0	0	0	0	0	0	0	0	0	0	1	41	1	3	0	0	0	0	0	0	0	0	0	0	0	0	0	0	0	0	0	0	0	0	0	0	0	0	0	1	0	0	0	0	0	0	0	0	0	0	0	0	0	0	0	0	0	0	0	0	0	0	0	0	0 	0 	465	646	0 	0 	0 	0 	0	0	0	0	0	0	0	0	0	0	0	0	0	0	1	0		//	-16	-23				-39	-7.8	-5	99
	137	0	0	가시넝쿨_지팡이_1등급아이템	30271	0	0	30009	0	801	801	2801	39999	0	10	0	10	0	Null	0	Null	0	0	0	0	1	21	11430	1	25	25	0	0	1	0	0	0	0	1	0	0	0	0	0	0	0	0 	72 	75 	0.8 	95 	0	0	1	1	4	2.5	0	0	0	0	0	0	0	0	0	0	0	0	1	0	0	0	0	0	0	0	0	0	0	0	0	0	0	0	0	0	0	0	0	0	1	41	1	1	0	0	0	0	0	0	0	0	0	0	0	0	0	0	0	0	0	0	0	0	0	0	0	0	0	1	0	0	0	0	0	0	0	0	0	0	0	0	0	0	0	0	0	0	0	0	0	0	0	0	0 	0 	79	86	0 	0 	0 	0 	0	0	0	0	0	0	0	0	0	0	0	0	0	0	1	0		//				-25	-22	-47	-9.4	-7	1
	138	0	0	월넷_지팡이_2등급아이템	30272	0	0	30009	0	802	802	2802	39999	0	10	0	10	0	Null	0	Null	0	0	0	0	2	24	10972	1	800	800	0	0	1	0	0	0	0	8	0	0	0	0	0	0	0 	0 	85 	88 	0.8 	95 	0	0	1	1	4	2.5	0	0	0	0	0	0	0	0	0	0	0	0	1	0	0	0	0	0	0	0	0	0	0	0	0	0	0	0	0	0	0	0	0	0	1	41	1	1	0	0	0	0	0	0	0	0	0	0	0	0	0	0	0	0	0	0	0	0	0	0	0	0	0	1	0	0	0	0	0	0	0	0	0	0	0	0	0	0	0	0	0	0	0	0	0	0	0	0	0 	0 	94	101	0 	0 	0 	0 	0	0	0	0	0	0	0	0	0	0	0	0	0	0	1	0		//				-25	-22	-47	-9.4	-7	8
	139	0	0	상아_지팡이_3등급아이템	30273	0	0	30009	0	803	803	2803	39999	0	10	0	10	0	Null	0	Null	0	0	0	0	3	29	10744	1	1200	1200	0	0	1	0	0	0	0	15	0	0	0	0	0	0	0	0 	99 	104 	0.8 	95 	0	0	1	1	4	2.5	0	0	0	0	0	0	0	0	0	0	0	0	1	0	0	0	0	0	0	0	0	0	0	0	0	0	0	0	0	0	0	0	0	0	1	41	1	1	0	0	0	0	0	0	0	0	0	0	0	0	0	0	0	0	0	0	0	0	0	0	0	0	0	1	0	0	0	0	0	0	0	0	0	0	0	0	0	0	0	0	0	0	0	0	0	0	0	0	0 	0 	109	120	0 	0 	0 	0 	0	0	0	0	0	0	0	0	0	0	0	0	0	0	1	0		//				-25	-22	-47	-9.4	-7	15
	140	0	0	크리스탈_지팡이_4등급아이템	30274	0	0	30009	0	804	804	2804	39999	0	10	0	10	0	Null	0	Null	0	0	0	0	4	33	10516	1	1900	1900	0	0	1	0	0	0	0	22	0	0	0	0	0	0	0	0 	116 	121 	0.8 	95 	0	0	1	1	4	2.5	0	0	0	0	0	0	0	0	0	0	0	0	1	0	0	0	0	0	0	0	0	0	0	0	0	0	0	0	0	0	0	0	0	0	1	41	1	1	0	0	0	0	0	0	0	0	0	0	0	0	0	0	0	0	0	0	0	0	0	0	0	0	0	1	0	0	0	0	0	0	0	0	0	0	0	0	0	0	0	0	0	0	0	0	0	0	0	0	0 	0 	128	139	0 	0 	0 	0 	0	0	0	0	0	0	0	0	0	0	0	0	0	0	1	0		//				-25	-22	-47	-9.4	-7	22
	141	0	0	선지자의_지팡이_5등급아이템	30275	0	0	30009	0	805	805	2805	39999	0	10	0	10	0	Null	0	Null	0	0	0	0	5	37	10288	1	2900	2900	0	0	1	0	0	0	0	29	0	0	0	0	0	0	0	0 	137 	142 	0.8 	95 	0	0	1	1	4	2.5	0	0	0	0	0	0	0	0	0	0	0	0	1	0	0	0	0	0	0	0	0	0	0	0	0	0	0	0	0	0	0	0	0	0	1	41	1	1	0	0	0	0	0	0	0	0	0	0	0	0	0	0	0	0	0	0	0	0	0	0	0	0	0	1	0	0	0	0	0	0	0	0	0	0	0	0	0	0	0	0	0	0	0	0	0	0	0	0	0 	0 	151	163	0 	0 	0 	0 	0	0	0	0	0	0	0	0	0	0	0	0	0	0	1	0		//				-25	-22	-47	-9.4	-7	29
	142	0	0	써클의_지팡이_6등급아이템	30276	0	0	30009	0	806	806	2806	39999	0	10	0	10	0	Null	0	Null	0	0	0	0	6	41	10058	1	4500	4500	0	0	1	0	0	0	0	36	0	0	0	0	0	0	0	0 	160 	167 	0.8 	95 	0	0	1	1	4	2.5	0	0	0	0	0	0	0	0	0	0	0	0	1	0	0	0	0	0	0	0	0	0	0	0	0	0	0	0	0	0	0	0	0	0	1	41	1	1	0	0	0	0	0	0	0	0	0	0	0	0	0	0	0	0	0	0	0	0	0	0	0	0	0	1	0	0	0	0	0	0	0	0	0	0	0	0	0	0	0	0	0	0	0	0	0	0	0	0	0 	0 	176	192	0 	0 	0 	0 	0	0	0	0	0	0	0	0	0	0	0	0	0	0	1	0		//				-25	-22	-47	-9.4	-7	36
	143	0	0	신성한영혼의_지팡이_7등급아이템	30277	0	0	30009	0	807	807	2807	39999	0	10	0	10	0	Null	0	Null	0	0	0	0	7	45	9830	1	6900	6900	0	0	1	0	0	0	0	43	0	0	0	0	0	0	0	0 	187 	194 	0.8 	95 	0	0	1	1	4	2.5	0	0	0	0	0	0	0	0	0	0	0	0	1	0	0	0	0	0	0	0	0	0	0	0	0	0	0	0	0	0	0	0	0	0	1	41	1	1	0	0	0	0	0	0	0	0	0	0	0	0	0	0	0	0	0	0	0	0	0	0	0	0	0	1	0	0	0	0	0	0	0	0	0	0	0	0	0	0	0	0	0	0	0	0	0	0	0	0	0 	0 	206	223	0 	0 	0 	0 	0	0	0	0	0	0	0	0	0	0	0	0	0	0	1	0		//				-25	-22	-47	-9.4	-7	43
	144	0	0	엘리멘탈_지팡이_8등급아이템	30278	0	0	30009	0	808	808	2808	39999	0	10	0	10	0	Null	0	Null	0	0	0	0	8	50	9602	1	10700	10700	0	0	1	0	0	0	0	50	0	0	0	0	0	0	0	0 	219 	228 	0.8 	95 	0	0	1	1	4	2.5	0	0	0	0	0	0	0	0	0	0	0	0	1	0	0	0	0	0	0	0	0	0	0	0	0	0	0	0	0	0	0	0	0	0	1	41	1	1	0	0	0	0	0	0	0	0	0	0	0	0	0	0	0	0	0	0	0	0	0	0	0	0	0	1	0	0	0	0	0	0	0	0	0	0	0	0	0	0	0	0	0	0	0	0	0	0	0	0	0 	0 	241	262	0 	0 	0 	0 	0	0	0	0	0	0	0	0	0	0	0	0	0	0	1	0		//				-25	-22	-47	-9.4	-7	50
	145	0	0	무서운침묵의_지팡이_9등급아이템	30279	0	0	30009	0	809	809	2809	39999	0	10	0	10	0	Null	0	Null	0	0	0	0	9	54	9372	1	16700	16700	0	0	1	0	0	0	0	57	0	0	0	0	0	0	0	0 	256 	267 	0.8 	95 	0	0	1	1	4	2.5	0	0	0	0	0	0	0	0	0	0	0	0	1	0	0	0	0	0	0	0	0	0	0	0	0	0	0	0	0	0	0	0	0	0	1	41	1	1	0	0	0	0	0	0	0	0	0	0	0	0	0	0	0	0	0	0	0	0	0	0	0	0	0	1	0	0	0	0	0	0	0	0	0	0	0	0	0	0	0	0	0	0	0	0	0	0	0	0	0 	0 	282	307	0 	0 	0 	0 	0	0	0	0	0	0	0	0	0	0	0	0	0	0	1	0		//				-25	-22	-47	-9.4	-7	57
	146	0	0	황홀한죽음의_지팡이_10등급아이템	30280	0	0	30009	0	810	810	2810	39999	0	10	0	10	0	Null	0	Null	0	0	0	0	10	58	9144	1	25800	25800	0	0	1	0	0	0	0	64	0	0	0	0	0	0	0	0 	300 	313 	0.8 	95 	0	0	1	1	4	2.5	0	0	0	0	0	0	0	0	0	0	0	0	1	0	0	0	0	0	0	0	0	0	0	0	0	0	0	0	0	0	0	0	0	0	1	41	1	1	0	0	0	0	0	0	0	0	0	0	0	0	0	0	0	0	0	0	0	0	0	0	0	0	0	1	0	0	0	0	0	0	0	0	0	0	0	0	0	0	0	0	0	0	0	0	0	0	0	0	0 	0 	330	360	0 	0 	0 	0 	0	0	0	0	0	0	0	0	0	0	0	0	0	0	1	0		//				-25	-22	-47	-9.4	-7	64
//	147	0	0	견고한인내의_지팡이_11등급아이템	30281	0	0	30009	0	811	811	2811	39999	0	10	0	10	0	Null	0	Null	0	0	0	0	11	62	8916	1	40000	40000	0	0	1	0	0	0	0	71	0	0	0	0	0	0	0	0 	351 	366 	0.8 	95 	0	0	1	1	4	2.5	0	0	0	0	0	0	0	0	0	0	0	0	1	0	0	0	0	0	0	0	0	0	0	0	0	0	0	0	0	0	0	0	0	0	1	41	1	1	0	0	0	0	0	0	0	0	0	0	0	0	0	0	0	0	0	0	0	0	0	0	0	0	0	1	0	0	0	0	0	0	0	0	0	0	0	0	0	0	0	0	0	0	0	0	0	0	0	0	0 	0 	386	421	0 	0 	0 	0 	0	0	0	0	0	0	0	0	0	0	0	0	0	0	1	0		//				-25	-22	-47	-9.4	-7	71
//	148	0	0	방랑자에피오스_지팡이_12등급아이템	30282	0	0	30009	0	812	812	2812	39999	0	10	0	10	0	Null	0	Null	0	0	0	0	12	66	8686	1	62000	62000	0	0	1	0	0	0	0	78	0	0	0	0	0	0	0	0 	411 	428 	0.8 	95 	0	0	1	1	4	2.5	0	0	0	0	0	0	0	0	0	0	0	0	1	0	0	0	0	0	0	0	0	0	0	0	0	0	0	0	0	0	0	0	0	0	1	41	1	1	0	0	0	0	0	0	0	0	0	0	0	0	0	0	0	0	0	0	0	0	0	0	0	0	0	1	0	0	0	0	0	0	0	0	0	0	0	0	0	0	0	0	0	0	0	0	0	0	0	0	0 	0 	452	492	0 	0 	0 	0 	0	0	0	0	0	0	0	0	0	0	0	0	0	0	1	0		//				-25	-22	-47	-9.4	-7	78
//	149	0	0	길잃은천사의_지팡이_13등급아이템	30283	0	0	30009	0	813	813	2813	39999	0	10	0	10	0	Null	0	Null	0	0	0	0	13	71	8458	1	96200	96200	0	0	1	0	0	0	0	85	0	0	0	0	0	0	0	0 	482 	501 	0.8 	95 	0	0	1	1	4	2.5	0	0	0	0	0	0	0	0	0	0	0	0	1	0	0	0	0	0	0	0	0	0	0	0	0	0	0	0	0	0	0	0	0	0	1	41	1	1	0	0	0	0	0	0	0	0	0	0	0	0	0	0	0	0	0	0	0	0	0	0	0	0	0	1	0	0	0	0	0	0	0	0	0	0	0	0	0	0	0	0	0	0	0	0	0	0	0	0	0 	0 	530	576	0 	0 	0 	0 	0	0	0	0	0	0	0	0	0	0	0	0	0	0	1	0		//				-25	-22	-47	-9.4	-7	85
//	150	0	0	대마법사라드의_지팡이_14등급아이템	30284	0	0	30009	0	814	814	2814	39999	0	10	0	10	0	Null	0	Null	0	0	0	0	14	75	8230	1	149000	149000	0	0	1	0	0	0	0	92	0	0	0	0	0	0	0	0 	564 	587 	0.8 	95 	0	0	1	1	4	2.5	0	0	0	0	0	0	0	0	0	0	0	0	1	0	0	0	0	0	0	0	0	0	0	0	0	0	0	0	0	0	0	0	0	0	1	41	1	1	0	0	0	0	0	0	0	0	0	0	0	0	0	0	0	0	0	0	0	0	0	0	0	0	0	1	0	0	0	0	0	0	0	0	0	0	0	0	0	0	0	0	0	0	0	0	0	0	0	0	0 	0 	620	675	0 	0 	0 	0 	0	0	0	0	0	0	0	0	0	0	0	0	0	0	1	0		//				-25	-22	-47	-9.4	-7	92
//	151	0	0	대자연의융화_지팡이_15등급아이템	30285	0	0	30009	0	815	815	2815	39999	0	10	0	10	0	Null	0	Null	0	0	0	0	15	79	8002	1	231000	231000	0	0	1	0	0	0	0	99	0	0	0	0	0	0	0 	0 	660 	687 	0.8 	95 	0	0	1	1	4	2.5	0	0	0	0	0	0	0	0	0	0	0	0	1	0	0	0	0	0	0	0	0	0	0	0	0	0	0	0	0	0	0	0	0	0	1	41	1	1	0	0	0	0	0	0	0	0	0	0	0	0	0	0	0	0	0	0	0	0	0	0	0	0	0	1	0	0	0	0	0	0	0	0	0	0	0	0	0	0	0	0	0	0	0	0	0	0	0	0	0 	0 	726	790	0 	0 	0 	0 	0	0	0	0	0	0	0	0	0	0	0	0	0	0	1	0		//				-25	-22	-47	-9.4	-7	99
	152	0	0	유리_오브_1등급아이템	30301	0	0	30010	0	901	901	2901	39999	0	11	0	11	0	Null	0	Null	0	0	0	0	1	21	11100	1	25	25	0	0	1	0	0	0	0	1	0	0	0	0	0	0	0	0 	58 	59 	0.8 	100 	0	0	2	2	4	13	0	0	0	0	0	0	0	0	0	0	0	0	1	0	0	0	0	0	1	34	2	-5	0	0	0	0	0	0	0	0	0	0	0	0	1	41	1	1	0	0	0	0	0	0	0	0	0	0	0	0	0	0	0	0	0	0	0	0	0	0	0	0	0	1	0	0	0	0	0	0	0	0	0	0	0	0	0	0	0	0	0	0	0	0	0	0	0	0	0 	0 	64	68	0 	0 	0 	0 	0	0	0	0	0	0	0	0	0	0	0	0	0	0	1	0		//				-25	-22	-47	-9.4	-7	1
	153	0	0	가넷_오브_2등급아이템	30302	0	0	30010	0	902	902	2902	39999	0	11	0	11	0	Null	0	Null	0	0	0	0	2	24	10656	1	800	800	0	0	1	0	0	0	0	8	0	0	0	0	0	0	0	0 	68 	71 	0.8 	100 	0	0	2	2	4	13	0	0	0	0	0	0	0	0	0	0	0	0	1	0	0	0	0	0	1	34	2	-5	0	0	0	0	0	0	0	0	0	0	0	0	1	41	1	1	0	0	0	0	0	0	0	0	0	0	0	0	0	0	0	0	0	0	0	0	0	0	0	0	0	1	0	0	0	0	0	0	0	0	0	0	0	0	0	0	0	0	0	0	0	0	0	0	0	0	0 	0 	75	82	0 	0 	0 	0 	0	0	0	0	0	0	0	0	0	0	0	0	0	0	1	0		//				-25	-22	-47	-9.4	-7	8
	154	0	0	캣츠아이_오브_3등급아이템	30303	0	0	30010	0	903	903	2903	39999	0	11	0	11	0	Null	0	Null	0	0	0	0	3	29	10434	1	1200	1200	0	0	1	0	0	0	0	15	0	0	0	0	0	0	0	0 	79 	82 	0.8 	100 	0	0	2	2	4	13	0	0	0	0	0	0	0	0	0	0	0	0	1	0	0	0	0	0	1	34	2	-5	0	0	0	0	0	0	0	0	0	0	0	0	1	41	1	1	0	0	0	0	0	0	0	0	0	0	0	0	0	0	0	0	0	0	0	0	0	0	0	0	0	1	0	0	0	0	0	0	0	0	0	0	0	0	0	0	0	0	0	0	0	0	0	0	0	0	0 	0 	87	94	0 	0 	0 	0 	0	0	0	0	0	0	0	0	0	0	0	0	0	0	1	0		//				-25	-22	-47	-9.4	-7	15
	155	0	0	자수정_오브_4등급아이템	30304	0	0	30010	0	904	904	2904	39999	0	11	0	11	0	Null	0	Null	0	0	0	0	4	33	10212	1	1900	1900	0	0	1	0	0	0	0	22	0	0	0	0	0	0	0	0 	93 	96 	0.8 	100 	0	0	2	2	4	13	0	0	0	0	0	0	0	0	0	0	0	0	1	0	0	0	0	0	1	34	2	-5	0	0	0	0	0	0	0	0	0	0	0	0	1	41	1	1	0	0	0	0	0	0	0	0	0	0	0	0	0	0	0	0	0	0	0	0	0	0	0	0	0	1	0	0	0	0	0	0	0	0	0	0	0	0	0	0	0	0	0	0	0	0	0	0	0	0	0 	0 	102	110	0 	0 	0 	0 	0	0	0	0	0	0	0	0	0	0	0	0	0	0	1	0		//				-25	-22	-47	-9.4	-7	22
	156	0	0	그린에머랄드_오브_5등급아이템	30305	0	0	30010	0	905	905	2905	39999	0	11	0	11	0	Null	0	Null	0	0	0	0	5	37	9990	1	2900	2900	0	0	1	0	0	0	0	29	0	0	0	0	0	0	0	0 	110 	113 	0.8 	100 	0	0	2	2	4	13	0	0	0	0	0	0	0	0	0	0	0	0	1	0	0	0	0	0	1	34	2	-5	0	0	0	0	0	0	0	0	0	0	0	0	1	41	1	1	0	0	0	0	0	0	0	0	0	0	0	0	0	0	0	0	0	0	0	0	0	0	0	0	0	1	0	0	0	0	0	0	0	0	0	0	0	0	0	0	0	0	0	0	0	0	0	0	0	0	0 	0 	121	130	0 	0 	0 	0 	0	0	0	0	0	0	0	0	0	0	0	0	0	0	1	0		//				-25	-22	-47	-9.4	-7	29
	157	0	0	정화의_오브_6등급아이템	30306	0	0	30010	0	906	906	2906	39999	0	11	0	11	0	Null	0	Null	0	0	0	0	6	41	9768	1	4500	4500	0	0	1	0	0	0	0	36	0	0	0	0	0	0	0	0 	129 	132 	0.8 	100 	0	0	2	2	4	13	0	0	0	0	0	0	0	0	0	0	0	0	1	0	0	0	0	0	1	34	2	-5	0	0	0	0	0	0	0	0	0	0	0	0	1	41	1	1	0	0	0	0	0	0	0	0	0	0	0	0	0	0	0	0	0	0	0	0	0	0	0	0	0	1	0	0	0	0	0	0	0	0	0	0	0	0	0	0	0	0	0	0	0	0	0	0	0	0	0 	0 	142	152	0 	0 	0 	0 	0	0	0	0	0	0	0	0	0	0	0	0	0	0	1	0		//				-25	-22	-47	-9.4	-7	36
	158	0	0	달의돌_오브_7등급아이템	30307	0	0	30010	0	907	907	2907	39999	0	11	0	11	0	Null	0	Null	0	0	0	0	7	45	9546	1	6900	6900	0	0	1	0	0	0	0	43	0	0	0	0	0	0	0	0 	150 	155 	0.8 	100 	0	0	2	2	4	13	0	0	0	0	0	0	0	0	0	0	0	0	1	0	0	0	0	0	1	34	2	-5	0	0	0	0	0	0	0	0	0	0	0	0	1	41	1	1	0	0	0	0	0	0	0	0	0	0	0	0	0	0	0	0	0	0	0	0	0	0	0	0	0	1	0	0	0	0	0	0	0	0	0	0	0	0	0	0	0	0	0	0	0	0	0	0	0	0	0 	0 	165	178	0 	0 	0 	0 	0	0	0	0	0	0	0	0	0	0	0	0	0	0	1	0		//				-25	-22	-47	-9.4	-7	43
	159	0	0	태양의돌_오브_8등급아이템	30308	0	0	30010	0	908	908	2908	39999	0	11	0	11	0	Null	0	Null	0	0	0	0	8	50	9324	1	10700	10700	0	0	1	0	0	0	0	50	0	0	0	0	0	0	0	0 	176 	181 	0.8 	100 	0	0	2	2	4	13	0	0	0	0	0	0	0	0	0	0	0	0	1	0	0	0	0	0	1	34	2	-5	0	0	0	0	0	0	0	0	0	0	0	0	1	41	1	1	0	0	0	0	0	0	0	0	0	0	0	0	0	0	0	0	0	0	0	0	0	0	0	0	0	1	0	0	0	0	0	0	0	0	0	0	0	0	0	0	0	0	0	0	0	0	0	0	0	0	0 	0 	194	208	0 	0 	0 	0 	0	0	0	0	0	0	0	0	0	0	0	0	0	0	1	0		//				-25	-22	-47	-9.4	-7	50
	160	0	0	잠재된희망의_오브_9등급아이템	30309	0	0	30010	0	909	909	2909	39999	0	11	0	11	0	Null	0	Null	0	0	0	0	9	54	9102	1	16700	16700	0	0	1	0	0	0	0	57	0	0	0	0	0	0	0	0 	206 	213 	0.8 	100 	0	0	2	2	4	13	0	0	0	0	0	0	0	0	0	0	0	0	1	0	0	0	0	0	1	34	2	-5	0	0	0	0	0	0	0	0	0	0	0	0	1	41	1	1	0	0	0	0	0	0	0	0	0	0	0	0	0	0	0	0	0	0	0	0	0	0	0	0	0	1	0	0	0	0	0	0	0	0	0	0	0	0	0	0	0	0	0	0	0	0	0	0	0	0	0 	0 	227	245	0 	0 	0 	0 	0	0	0	0	0	0	0	0	0	0	0	0	0	0	1	0		//				-25	-22	-47	-9.4	-7	57
	161	0	0	섬뜩한매혹의_오브_10등급아이템	30310	0	0	30010	0	910	910	2910	39999	0	11	0	11	0	Null	0	Null	0	0	0	0	10	58	8880	1	25800	25800	0	0	1	0	0	0	0	64	0	0	0	0	0	0	0	0 	241 	248 	0.8 	100 	0	0	2	2	4	13	0	0	0	0	0	0	0	0	0	0	0	0	1	0	0	0	0	0	1	34	2	-5	0	0	0	0	0	0	0	0	0	0	0	0	1	41	1	1	0	0	0	0	0	0	0	0	0	0	0	0	0	0	0	0	0	0	0	0	0	0	0	0	0	1	0	0	0	0	0	0	0	0	0	0	0	0	0	0	0	0	0	0	0	0	0	0	0	0	0 	0 	265	285	0 	0 	0 	0 	0	0	0	0	0	0	0	0	0	0	0	0	0	0	1	0		//				-25	-22	-47	-9.4	-7	64
//	162	0	0	예언자나스키의_오브_11등급아이템	30311	0	0	30010	0	911	911	2911	39999	0	11	0	11	0	Null	0	Null	0	0	0	0	11	62	8658	1	40000	40000	0	0	1	0	0	0	0	71	0	0	0	0	0	0	0	0 	282 	291 	0.8 	100 	0	0	2	2	4	13	0	0	0	0	0	0	0	0	0	0	0	0	1	0	0	0	0	0	1	34	2	-5	0	0	0	0	0	0	0	0	0	0	0	0	1	41	1	1	0	0	0	0	0	0	0	0	0	0	0	0	0	0	0	0	0	0	0	0	0	0	0	0	0	1	0	0	0	0	0	0	0	0	0	0	0	0	0	0	0	0	0	0	0	0	0	0	0	0	0 	0 	310	335	0 	0 	0 	0 	0	0	0	0	0	0	0	0	0	0	0	0	0	0	1	0		//				-25	-22	-47	-9.4	-7	71
//	163	0	0	온화한앙겔라_오브_12등급아이템	30312	0	0	30010	0	912	912	2912	39999	0	11	0	11	0	Null	0	Null	0	0	0	0	12	66	8436	1	62000	62000	0	0	1	0	0	0	0	78	0	0	0	0	0	0	0	0 	330 	341 	0.8 	100 	0	0	2	2	4	13	0	0	0	0	0	0	0	0	0	0	0	0	1	0	0	0	0	0	1	34	2	-5	0	0	0	0	0	0	0	0	0	0	0	0	1	41	1	1	0	0	0	0	0	0	0	0	0	0	0	0	0	0	0	0	0	0	0	0	0	0	0	0	0	1	0	0	0	0	0	0	0	0	0	0	0	0	0	0	0	0	0	0	0	0	0	0	0	0	0 	0 	363	392	0 	0 	0 	0 	0	0	0	0	0	0	0	0	0	0	0	0	0	0	1	0		//				-25	-22	-47	-9.4	-7	78
//	164	0	0	강력한보호의_오브_13등급아이템	30313	0	0	30010	0	913	913	2913	39999	0	11	0	11	0	Null	0	Null	0	0	0	0	13	71	8214	1	96200	96200	0	0	1	0	0	0	0	85	0	0	0	0	0	0	0	0 	387 	398 	0.8 	100 	0	0	2	2	4	13	0	0	0	0	0	0	0	0	0	0	0	0	1	0	0	0	0	0	1	34	2	-5	0	0	0	0	0	0	0	0	0	0	0	0	1	41	1	1	0	0	0	0	0	0	0	0	0	0	0	0	0	0	0	0	0	0	0	0	0	0	0	0	0	1	0	0	0	0	0	0	0	0	0	0	0	0	0	0	0	0	0	0	0	0	0	0	0	0	0 	0 	426	458	0 	0 	0 	0 	0	0	0	0	0	0	0	0	0	0	0	0	0	0	1	0		//				-25	-22	-47	-9.4	-7	85
//	165	0	0	신성한부활의_오브_14등급아이템	30314	0	0	30010	0	914	914	2914	39999	0	11	0	11	0	Null	0	Null	0	0	0	0	14	75	7992	1	149000	149000	0	0	1	0	0	0	0	92	0	0	0	0	0	0	0	0 	453 	466 	0.8 	100 	0	0	2	2	4	13	0	0	0	0	0	0	0	0	0	0	0	0	1	0	0	0	0	0	1	34	2	-5	0	0	0	0	0	0	0	0	0	0	0	0	1	41	1	1	0	0	0	0	0	0	0	0	0	0	0	0	0	0	0	0	0	0	0	0	0	0	0	0	0	1	0	0	0	0	0	0	0	0	0	0	0	0	0	0	0	0	0	0	0	0	0	0	0	0	0 	0 	498	536	0 	0 	0 	0 	0	0	0	0	0	0	0	0	0	0	0	0	0	0	1	0		//				-25	-22	-47	-9.4	-7	92
//	166	0	0	창조주의_오브_15등급아이템	30315	0	0	30010	0	915	915	2915	39999	0	11	0	11	0	Null	0	Null	0	0	0	0	15	79	7770	1	231000	231000	0	0	1	0	0	0	0	99	0	0	0	0	0	0	0	0 	530 	547 	0.8 	100 	0	0	2	2	4	13	0	0	0	0	0	0	0	0	0	0	0	0	1	0	0	0	0	0	1	34	2	-5	0	0	0	0	0	0	0	0	0	0	0	0	1	41	1	1	0	0	0	0	0	0	0	0	0	0	0	0	0	0	0	0	0	0	0	0	0	0	0	0	0	1	0	0	0	0	0	0	0	0	0	0	0	0	0	0	0	0	0	0	0	0	0	0	0	0	0 	0 	583	629	0 	0 	0 	0 	0	0	0	0	0	0	0	0	0	0	0	0	0	0	1	0		//				-25	-22	-47	-9.4	-7	99
	175	0	0	구리_건틀렛_1등급아이템	30473	0	0	30011	0	942	942	2942	39999	0	14	0	14	0	Null	0	Null	0	0	0	0	1	31	5910	1	25	25	0	0	1	0	0	0	0	1	0	0	0	0	0	0	0 	0 	54 	59 	0.8 	135 	0	0	1	1	3	1	0	0	0	0	0	0	0	0	0	0	0	0	0	1	0	0	0	0	0	0	0	0	0	0	0	0	0	0	0	0	0	0	0	0	1	41	1	2	0	0	0	0	0	0	0	0	0	0	0	0	0	0	0	0	0	0	0	0	0	0	0	0	0	1	0	0	0	0	0	0	0	0	0	0	0	0	0	0	0	0	0	0	0	0	0	0	0	0	0 	0 	59	68	0 	0 	0 	0 	0	0	0	0	0	0	0	0	0	0	0	0	0	0	1	0		//		-21		-19		-40	-8	-6	1
	176	0	0	청동_건틀렛_2등급아이템	30474	0	0	30011	0	943	943	2943	39999	0	14	0	14	0	Null	0	Null	0	0	0	0	2	35	5674	1	800	800	0	0	1	0	0	0	0	8	0	0	0	0	0	0	0 	0 	62 	69 	0.8 	135 	0	0	1	1	3	1	0	0	0	0	0	0	0	0	0	0	0	0	0	1	0	0	0	0	0	0	0	0	0	0	0	0	0	0	0	0	0	0	0	0	1	41	1	2	0	0	0	0	0	0	0	0	0	0	0	0	0	0	0	0	0	0	0	0	0	0	0	0	0	1	0	0	0	0	0	0	0	0	0	0	0	0	0	0	0	0	0	0	0	0	0	0	0	0	0 	0 	68	79	0 	0 	0 	0 	0	0	0	0	0	0	0	0	0	0	0	0	0	0	1	0		//		-21		-19		-40	-8	-6	8
	177	0	0	적철_건틀렛_3등급아이템	30475	0	0	30011	0	944	944	2944	39999	0	14	0	14	0	Null	0	Null	0	0	0	0	3	40	5556	1	1200	1200	0	0	1	0	0	0	0	15	0	0	0	0	0	0	0 	0 	74 	81 	0.8 	135 	0	0	1	1	3	1	0	0	0	0	0	0	0	0	0	0	0	0	0	1	0	0	0	0	0	0	0	0	0	0	0	0	0	0	0	0	0	0	0	0	1	41	1	2	0	0	0	0	0	0	0	0	0	0	0	0	0	0	0	0	0	0	0	0	0	0	0	0	0	1	0	0	0	0	0	0	0	0	0	0	0	0	0	0	0	0	0	0	0	0	0	0	0	0	0 	0 	81	93	0 	0 	0 	0 	0	0	0	0	0	0	0	0	0	0	0	0	0	0	1	0		//		-21		-19		-40	-8	-6	15
	178	0	0	강철_건틀렛_4등급아이템	30476	0	0	30011	0	945	945	2945	39999	0	14	0	14	0	Null	0	Null	0	0	0	0	4	45	5438	1	1900	1900	0	0	1	0	0	0	0	22	0	0	0	0	0	0	0 	0 	86 	95 	0.8 	135 	0	0	1	1	3	1	0	0	0	0	0	0	0	0	0	0	0	0	0	1	0	0	0	0	0	0	0	0	0	0	0	0	0	0	0	0	0	0	0	0	1	41	1	2	0	0	0	0	0	0	0	0	0	0	0	0	0	0	0	0	0	0	0	0	0	0	0	0	0	1	0	0	0	0	0	0	0	0	0	0	0	0	0	0	0	0	0	0	0	0	0	0	0	0	0 	0 	95	109	0 	0 	0 	0 	0	0	0	0	0	0	0	0	0	0	0	0	0	0	1	0		//		-21		-19		-40	-8	-6	22
	179	0	0	헤비_건틀렛_5등급아이템	30477	0	0	30011	0	946	946	2946	39999	0	14	0	14	0	Null	0	Null	0	0	0	0	5	50	5320	1	2900	2900	0	0	1	0	0	0	0	29	0	0	0	0	0	0	0 	0 	101 	112 	0.8 	135 	0	0	1	1	3	1	0	0	0	0	0	0	0	0	0	0	0	0	0	1	0	0	0	0	0	0	0	0	0	0	0	0	0	0	0	0	0	0	0	0	1	41	1	2	0	0	0	0	0	0	0	0	0	0	0	0	0	0	0	0	0	0	0	0	0	0	0	0	0	1	0	0	0	0	0	0	0	0	0	0	0	0	0	0	0	0	0	0	0	0	0	0	0	0	0 	0 	111	129	0 	0 	0 	0 	0	0	0	0	0	0	0	0	0	0	0	0	0	0	1	0		//		-21		-19		-40	-8	-6	29
	180	0	0	사냥꾼_건틀렛_6등급아이템	30478	0	0	30011	0	947	947	2947	39999	0	14	0	14	0	Null	0	Null	0	0	0	0	6	55	5200	1	4500	4500	0	0	1	0	0	0	0	36	0	0	0	0	0	0	0 	0 	118 	131 	0.8 	135 	0	0	1	1	3	1	0	0	0	0	0	0	0	0	0	0	0	0	0	1	0	0	0	0	0	0	0	0	0	0	0	0	0	0	0	0	0	0	0	0	1	41	1	2	0	0	0	0	0	0	0	0	0	0	0	0	0	0	0	0	0	0	0	0	0	0	0	0	0	1	0	0	0	0	0	0	0	0	0	0	0	0	0	0	0	0	0	0	0	0	0	0	0	0	0 	0 	130	151	0 	0 	0 	0 	0	0	0	0	0	0	0	0	0	0	0	0	0	0	1	0		//		-21		-19		-40	-8	-6	36
	181	0	0	질주하는재규어의_건틀렛_7등급아이템	30479	0	0	30011	0	948	948	2948	39999	0	14	0	14	0	Null	0	Null	0	0	0	0	7	60	5082	1	6900	6900	0	0	1	0	0	0	0	43	0	0	0	0	0	0	0 	0 	138 	153 	0.8 	135 	0	0	1	1	3	1	0	0	0	0	0	0	0	0	0	0	0	0	0	1	0	0	0	0	0	0	0	0	0	0	0	0	0	0	0	0	0	0	0	0	1	41	1	2	0	0	0	0	0	0	0	0	0	0	0	0	0	0	0	0	0	0	0	0	0	0	0	0	0	1	0	0	0	0	0	0	0	0	0	0	0	0	0	0	0	0	0	0	0	0	0	0	0	0	0 	0 	152	176	0 	0 	0 	0 	0	0	0	0	0	0	0	0	0	0	0	0	0	0	1	0		//		-21		-19		-40	-8	-6	43
	182	0	0	여유로운곰의_건틀렛_8등급아이템	30480	0	0	30011	0	949	949	2949	39999	0	14	0	14	0	Null	0	Null	0	0	0	0	8	64	4964	1	10700	10700	0	0	1	0	0	0	0	50	0	0	0	0	0	0	0 	0 	162 	179 	0.8 	135 	0	0	1	1	3	1	0	0	0	0	0	0	0	0	0	0	0	0	0	1	0	0	0	0	0	0	0	0	0	0	0	0	0	0	0	0	0	0	0	0	1	41	1	2	0	0	0	0	0	0	0	0	0	0	0	0	0	0	0	0	0	0	0	0	0	0	0	0	0	1	0	0	0	0	0	0	0	0	0	0	0	0	0	0	0	0	0	0	0	0	0	0	0	0	0 	0 	178	206	0 	0 	0 	0 	0	0	0	0	0	0	0	0	0	0	0	0	0	0	1	0		//		-21		-19		-40	-8	-6	50
	183	0	0	용맹한사자의_건틀렛_9등급아이템	30481	0	0	30011	0	950	950	2950	39999	0	14	0	14	0	Null	0	Null	0	0	0	0	9	69	4846	1	16700	16700	0	0	1	0	0	0	0	57	0	0	0	0	0	0	0 	0 	190 	210 	0.8 	135 	0	0	1	1	3	1	0	0	0	0	0	0	0	0	0	0	0	0	0	1	0	0	0	0	0	0	0	0	0	0	0	0	0	0	0	0	0	0	0	0	1	41	1	2	0	0	0	0	0	0	0	0	0	0	0	0	0	0	0	0	0	0	0	0	0	0	0	0	0	1	0	0	0	0	0	0	0	0	0	0	0	0	0	0	0	0	0	0	0	0	0	0	0	0	0 	0 	209	242	0 	0 	0 	0 	0	0	0	0	0	0	0	0	0	0	0	0	0	0	1	0		//		-21		-19		-40	-8	-6	57
	184	0	0	릴리아난_건틀렛_10등급아이템	30482	0	0	30011	0	951	951	2951	39999	0	14	0	14	0	Null	0	Null	0	0	0	0	10	74	4728	1	25800	25800	0	0	1	0	0	0	0	64	0	0	0	0	0	0	0 	0 	222 	245 	0.8 	135 	0	0	1	1	3	1	0	0	0	0	0	0	0	0	0	0	0	0	0	1	0	0	0	0	0	0	0	0	0	0	0	0	0	0	0	0	0	0	0	0	1	41	1	2	0	0	0	0	0	0	0	0	0	0	0	0	0	0	0	0	0	0	0	0	0	0	0	0	0	1	0	0	0	0	0	0	0	0	0	0	0	0	0	0	0	0	0	0	0	0	0	0	0	0	0 	0 	244	282	0 	0 	0 	0 	0	0	0	0	0	0	0	0	0	0	0	0	0	0	1	0		//		-21		-19		-40	-8	-6	64
//	185	0	0	하모닉_건틀렛_11등급아이템	30483	0	0	30011	0	952	952	2952	39999	0	14	0	14	0	Null	0	Null	0	0	0	0	11	79	4610	1	40000	40000	0	0	1	0	0	0	0	71	0	0	0	0	0	0	0 	0 	260 	287 	0.8 	135 	0	0	1	1	3	1	0	0	0	0	0	0	0	0	0	0	0	0	0	1	0	0	0	0	0	0	0	0	0	0	0	0	0	0	0	0	0	0	0	0	1	41	1	2	0	0	0	0	0	0	0	0	0	0	0	0	0	0	0	0	0	0	0	0	0	0	0	0	0	1	0	0	0	0	0	0	0	0	0	0	0	0	0	0	0	0	0	0	0	0	0	0	0	0	0 	0 	286	330	0 	0 	0 	0 	0	0	0	0	0	0	0	0	0	0	0	0	0	0	1	0		//		-21		-19		-40	-8	-6	71
//	186	0	0	피니어스_건틀렛_12등급아이템	30484	0	0	30011	0	953	953	2953	39999	0	14	0	14	0	Null	0	Null	0	0	0	0	12	84	4492	1	62000	62000	0	0	1	0	0	0	0	78	0	0	0	0	0	0	0 	0 	304 	337 	0.8 	135 	0	0	1	1	3	1	0	0	0	0	0	0	0	0	0	0	0	0	0	1	0	0	0	0	0	0	0	0	0	0	0	0	0	0	0	0	0	0	0	0	1	41	1	2	0	0	0	0	0	0	0	0	0	0	0	0	0	0	0	0	0	0	0	0	0	0	0	0	0	1	0	0	0	0	0	0	0	0	0	0	0	0	0	0	0	0	0	0	0	0	0	0	0	0	0 	0 	334	388	0 	0 	0 	0 	0	0	0	0	0	0	0	0	0	0	0	0	0	0	1	0		//		-21		-19		-40	-8	-6	78
//	187	0	0	오를레아나_건틀렛_13등급아이템	30485	0	0	30011	0	954	954	2954	39999	0	14	0	14	0	Null	0	Null	0	0	0	0	13	89	4374	1	96200	96200	0	0	1	0	0	0	0	85	0	0	0	0	0	0	0 	0 	357 	394 	0.8 	135 	0	0	1	1	3	1	0	0	0	0	0	0	0	0	0	0	0	0	0	1	0	0	0	0	0	0	0	0	0	0	0	0	0	0	0	0	0	0	0	0	1	41	1	2	0	0	0	0	0	0	0	0	0	0	0	0	0	0	0	0	0	0	0	0	0	0	0	0	0	1	0	0	0	0	0	0	0	0	0	0	0	0	0	0	0	0	0	0	0	0	0	0	0	0	0 	0 	393	453	0 	0 	0 	0 	0	0	0	0	0	0	0	0	0	0	0	0	0	0	1	0		//		-21		-19		-40	-8	-6	85
//	188	0	0	콘토치아_건틀렛_14등급아이템	30486	0	0	30011	0	955	955	2955	39999	0	14	0	14	0	Null	0	Null	0	0	0	0	14	94	4256	1	149000	149000	0	0	1	0	0	0	0	92	0	0	0	0	0	0	0 	0 	418 	462 	0.8 	135 	0	0	1	1	3	1	0	0	0	0	0	0	0	0	0	0	0	0	0	1	0	0	0	0	0	0	0	0	0	0	0	0	0	0	0	0	0	0	0	0	1	41	1	2	0	0	0	0	0	0	0	0	0	0	0	0	0	0	0	0	0	0	0	0	0	0	0	0	0	1	0	0	0	0	0	0	0	0	0	0	0	0	0	0	0	0	0	0	0	0	0	0	0	0	0 	0 	460	531	0 	0 	0 	0 	0	0	0	0	0	0	0	0	0	0	0	0	0	0	1	0		//		-21		-19		-40	-8	-6	92
//	189	0	0	피를뿌리는_건틀렛_15등급아이템	30487	0	0	30011	0	956	956	2956	39999	0	14	0	14	0	Null	0	Null	0	0	0	0	15	99	4138	1	231000	231000	0	0	1	0	0	0	0	99	0	0	0	0	0	0	0 	0 	488 	539 	0.8 	135 	0	0	1	1	3	1	0	0	0	0	0	0	0	0	0	0	0	0	0	1	0	0	0	0	0	0	0	0	0	0	0	0	0	0	0	0	0	0	0	0	1	41	1	2	0	0	0	0	0	0	0	0	0	0	0	0	0	0	0	0	0	0	0	0	0	0	0	0	0	1	0	0	0	0	0	0	0	0	0	0	0	0	0	0	0	0	0	0	0	0	0	0	0	0	0 	0 	537	620	0 	0 	0 	0 	0	0	0	0	0	0	0	0	0	0	0	0	0	0	1	0		//		-21		-19		-40	-8	-6	99
	190	0	0	구리_에테르사이드_1등급아이템	30503	0	0	30012	0	963	963	2963	39999	0	15	0	15	0	Null	0	Null	0	0	0	0	1	31	5520	1	25	25	0	0	1	0	0	0	0	1	0	0	0	0	0	0	0 	0 	51 	69 	0.8 	120 	0	0	1	1	1	2	0	0	0	0	0	0	0	0	0	0	0	0	0	1	0	0	0	0	0	0	0	0	0	0	0	0	0	0	0	0	0	0	0	0	1	41	1	3	0	0	0	0	0	0	0	0	0	0	0	0	0	0	0	0	0	0	0	0	0	0	0	0	0	1	0	0	0	0	0	0	0	0	0	0	0	0	0	0	0	0	0	0	0	0	0	0	0	0	0 	0 	56	79	0 	0 	0 	0 	0	0	0	0	0	0	0	0	0	0	0	0	0	0	1	0		//		-21		-19		-40	-8	-6	1
	191	0	0	청동_에테르사이드_2등급아이템	30504	0	0	30012	0	964	964	2964	39999	0	15	0	15	0	Null	0	Null	0	0	0	0	2	35	5300	1	800	800	0	0	1	0	0	0	0	8	0	0	0	0	0	0	0 	0 	60 	81 	0.8 	120 	0	0	1	1	1	2	0	0	0	0	0	0	0	0	0	0	0	0	0	1	0	0	0	0	0	0	0	0	0	0	0	0	0	0	0	0	0	0	0	0	1	41	1	3	0	0	0	0	0	0	0	0	0	0	0	0	0	0	0	0	0	0	0	0	0	0	0	0	0	1	0	0	0	0	0	0	0	0	0	0	0	0	0	0	0	0	0	0	0	0	0	0	0	0	0 	0 	66	93	0 	0 	0 	0 	0	0	0	0	0	0	0	0	0	0	0	0	0	0	1	0		//		-21		-19		-40	-8	-6	8
	192	0	0	적철_에테르사이드_3등급아이템	30505	0	0	30012	0	965	965	2965	39999	0	15	0	15	0	Null	0	Null	0	0	0	0	3	40	5188	1	1200	1200	0	0	1	0	0	0	0	15	0	0	0	0	0	0	0 	0 	70 	95 	0.8 	120 	0	0	1	1	1	2	0	0	0	0	0	0	0	0	0	0	0	0	0	1	0	0	0	0	0	0	0	0	0	0	0	0	0	0	0	0	0	0	0	0	1	41	1	3	0	0	0	0	0	0	0	0	0	0	0	0	0	0	0	0	0	0	0	0	0	0	0	0	0	1	0	0	0	0	0	0	0	0	0	0	0	0	0	0	0	0	0	0	0	0	0	0	0	0	0 	0 	77	109	0 	0 	0 	0 	0	0	0	0	0	0	0	0	0	0	0	0	0	0	1	0		//		-21		-19		-40	-8	-6	15
	193	0	0	강철_에테르사이드_4등급아이템	30506	0	0	30012	0	966	966	2966	39999	0	15	0	15	0	Null	0	Null	0	0	0	0	4	45	5078	1	1900	1900	0	0	1	0	0	0	0	22	0	0	0	0	0	0	0 	0 	82 	111 	0.8 	120 	0	0	1	1	1	2	0	0	0	0	0	0	0	0	0	0	0	0	0	1	0	0	0	0	0	0	0	0	0	0	0	0	0	0	0	0	0	0	0	0	1	41	1	3	0	0	0	0	0	0	0	0	0	0	0	0	0	0	0	0	0	0	0	0	0	0	0	0	0	1	0	0	0	0	0	0	0	0	0	0	0	0	0	0	0	0	0	0	0	0	0	0	0	0	0 	0 	90	128	0 	0 	0 	0 	0	0	0	0	0	0	0	0	0	0	0	0	0	0	1	0		//		-21		-19		-40	-8	-6	22
	194	0	0	라이트_에테르사이드_5등급아이템	30507	0	0	30012	0	967	967	2967	39999	0	15	0	15	0	Null	0	Null	0	0	0	0	5	50	4968	1	2900	2900	0	0	1	0	0	0	0	29	0	0	0	0	0	0	0 	0 	96 	131 	0.8 	120 	0	0	1	1	1	2	0	0	0	0	0	0	0	0	0	0	0	0	0	1	0	0	0	0	0	0	0	0	0	0	0	0	0	0	0	0	0	0	0	0	1	41	1	3	0	0	0	0	0	0	0	0	0	0	0	0	0	0	0	0	0	0	0	0	0	0	0	0	0	1	0	0	0	0	0	0	0	0	0	0	0	0	0	0	0	0	0	0	0	0	0	0	0	0	0 	0 	106	151	0 	0 	0 	0 	0	0	0	0	0	0	0	0	0	0	0	0	0	0	1	0		//		-21		-19		-40	-8	-6	29
	195	0	0	예언자_에테르사이드_6등급아이템	30508	0	0	30012	0	968	968	2968	39999	0	15	0	15	0	Null	0	Null	0	0	0	0	6	55	4858	1	4500	4500	0	0	1	0	0	0	0	36	0	0	0	0	0	0	0 	0 	113 	152 	0.8 	120 	0	0	1	1	1	2	0	0	0	0	0	0	0	0	0	0	0	0	0	1	0	0	0	0	0	0	0	0	0	0	0	0	0	0	0	0	0	0	0	0	1	41	1	3	0	0	0	0	0	0	0	0	0	0	0	0	0	0	0	0	0	0	0	0	0	0	0	0	0	1	0	0	0	0	0	0	0	0	0	0	0	0	0	0	0	0	0	0	0	0	0	0	0	0	0 	0 	124	175	0 	0 	0 	0 	0	0	0	0	0	0	0	0	0	0	0	0	0	0	1	0		//		-21		-19		-40	-8	-6	36
	196	0	0	신중한표범의_에테르사이드_7등급아이템	30509	0	0	30012	0	969	969	2969	39999	0	15	0	15	0	Null	0	Null	0	0	0	0	7	60	4748	1	6900	6900	0	0	1	0	0	0	0	43	0	0	0	0	0	0	0 	0 	132 	179 	0.8 	120 	0	0	1	1	1	2	0	0	0	0	0	0	0	0	0	0	0	0	0	1	0	0	0	0	0	0	0	0	0	0	0	0	0	0	0	0	0	0	0	0	1	41	1	3	0	0	0	0	0	0	0	0	0	0	0	0	0	0	0	0	0	0	0	0	0	0	0	0	0	1	0	0	0	0	0	0	0	0	0	0	0	0	0	0	0	0	0	0	0	0	0	0	0	0	0 	0 	145	206	0 	0 	0 	0 	0	0	0	0	0	0	0	0	0	0	0	0	0	0	1	0		//		-21		-19		-40	-8	-6	43
	197	0	0	교활한늑대의_에테르사이드_8등급아이템	30510	0	0	30012	0	970	970	2970	39999	0	15	0	15	0	Null	0	Null	0	0	0	0	8	64	4636	1	10700	10700	0	0	1	0	0	0	0	50	0	0	0	0	0	0	0 	0 	154 	209 	0.8 	120 	0	0	1	1	1	2	0	0	0	0	0	0	0	0	0	0	0	0	0	1	0	0	0	0	0	0	0	0	0	0	0	0	0	0	0	0	0	0	0	0	1	41	1	3	0	0	0	0	0	0	0	0	0	0	0	0	0	0	0	0	0	0	0	0	0	0	0	0	0	1	0	0	0	0	0	0	0	0	0	0	0	0	0	0	0	0	0	0	0	0	0	0	0	0	0 	0 	169	240	0 	0 	0 	0 	0	0	0	0	0	0	0	0	0	0	0	0	0	0	1	0		//		-21		-19		-40	-8	-6	50
	198	0	0	지혜로운호랑이의_에테르사이드_9등급아이템	30511	0	0	30012	0	971	971	2971	39999	0	15	0	15	0	Null	0	Null	0	0	0	0	9	69	4526	1	16700	16700	0	0	1	0	0	0	0	57	0	0	0	0	0	0	0 	0 	181 	244 	0.8 	120 	0	0	1	1	1	2	0	0	0	0	0	0	0	0	0	0	0	0	0	1	0	0	0	0	0	0	0	0	0	0	0	0	0	0	0	0	0	0	0	0	1	41	1	3	0	0	0	0	0	0	0	0	0	0	0	0	0	0	0	0	0	0	0	0	0	0	0	0	0	1	0	0	0	0	0	0	0	0	0	0	0	0	0	0	0	0	0	0	0	0	0	0	0	0	0 	0 	199	281	0 	0 	0 	0 	0	0	0	0	0	0	0	0	0	0	0	0	0	0	1	0		//		-21		-19		-40	-8	-6	57
	199	0	0	켈티안_에테르사이드_10등급아이템	30512	0	0	30012	0	972	972	2972	39999	0	15	0	15	0	Null	0	Null	0	0	0	0	10	74	4416	1	25800	25800	0	0	1	0	0	0	0	64	0	0	0	0	0	0	0 	0 	212 	287 	0.8 	120 	0	0	1	1	1	2	0	0	0	0	0	0	0	0	0	0	0	0	0	1	0	0	0	0	0	0	0	0	0	0	0	0	0	0	0	0	0	0	0	0	1	41	1	3	0	0	0	0	0	0	0	0	0	0	0	0	0	0	0	0	0	0	0	0	0	0	0	0	0	1	0	0	0	0	0	0	0	0	0	0	0	0	0	0	0	0	0	0	0	0	0	0	0	0	0 	0 	233	330	0 	0 	0 	0 	0	0	0	0	0	0	0	0	0	0	0	0	0	0	1	0		//		-21		-19		-40	-8	-6	64
//	200	0	0	코스모_에테르사이드_11등급아이템	30513	0	0	30012	0	973	973	2973	39999	0	15	0	15	0	Null	0	Null	0	0	0	0	11	79	4306	1	40000	40000	0	0	1	0	0	0	0	71	0	0	0	0	0	0	0 	0 	248 	335 	0.8 	120 	0	0	1	1	1	2	0	0	0	0	0	0	0	0	0	0	0	0	0	1	0	0	0	0	0	0	0	0	0	0	0	0	0	0	0	0	0	0	0	0	1	41	1	3	0	0	0	0	0	0	0	0	0	0	0	0	0	0	0	0	0	0	0	0	0	0	0	0	0	1	0	0	0	0	0	0	0	0	0	0	0	0	0	0	0	0	0	0	0	0	0	0	0	0	0 	0 	273	385	0 	0 	0 	0 	0	0	0	0	0	0	0	0	0	0	0	0	0	0	1	0		//		-21		-19		-40	-8	-6	71
//	201	0	0	플라다이스_에테르사이드_12등급아이템	30514	0	0	30012	0	974	974	2974	39999	0	15	0	15	0	Null	0	Null	0	0	0	0	12	84	4196	1	62000	62000	0	0	1	0	0	0	0	78	0	0	0	0	0	0	0 	0 	290 	393 	0.8 	120 	0	0	1	1	1	2	0	0	0	0	0	0	0	0	0	0	0	0	0	1	0	0	0	0	0	0	0	0	0	0	0	0	0	0	0	0	0	0	0	0	1	41	1	3	0	0	0	0	0	0	0	0	0	0	0	0	0	0	0	0	0	0	0	0	0	0	0	0	0	1	0	0	0	0	0	0	0	0	0	0	0	0	0	0	0	0	0	0	0	0	0	0	0	0	0 	0 	319	452	0 	0 	0 	0 	0	0	0	0	0	0	0	0	0	0	0	0	0	0	1	0		//		-21		-19		-40	-8	-6	78
//	202	0	0	알파케이나_에테르사이드_13등급아이템	30515	0	0	30012	0	975	975	2975	39999	0	15	0	15	0	Null	0	Null	0	0	0	0	13	89	4084	1	96200	96200	0	0	1	0	0	0	0	85	0	0	0	0	0	0	0 	0 	340 	460 	0.8 	120 	0	0	1	1	1	2	0	0	0	0	0	0	0	0	0	0	0	0	0	1	0	0	0	0	0	0	0	0	0	0	0	0	0	0	0	0	0	0	0	0	1	41	1	3	0	0	0	0	0	0	0	0	0	0	0	0	0	0	0	0	0	0	0	0	0	0	0	0	0	1	0	0	0	0	0	0	0	0	0	0	0	0	0	0	0	0	0	0	0	0	0	0	0	0	0 	0 	374	529	0 	0 	0 	0 	0	0	0	0	0	0	0	0	0	0	0	0	0	0	1	0		//		-21		-19		-40	-8	-6	85
//	203	0	0	인첸시아_에테르사이드_14등급아이템	30516	0	0	30012	0	976	976	2976	39999	0	15	0	15	0	Null	0	Null	0	0	0	0	14	94	3974	1	149000	149000	0	0	1	0	0	0	0	92	0	0	0	0	0	0	0 	0 	397 	538 	0.8 	120 	0	0	1	1	1	2	0	0	0	0	0	0	0	0	0	0	0	0	0	1	0	0	0	0	0	0	0	0	0	0	0	0	0	0	0	0	0	0	0	0	1	41	1	3	0	0	0	0	0	0	0	0	0	0	0	0	0	0	0	0	0	0	0	0	0	0	0	0	0	1	0	0	0	0	0	0	0	0	0	0	0	0	0	0	0	0	0	0	0	0	0	0	0	0	0 	0 	437	619	0 	0 	0 	0 	0	0	0	0	0	0	0	0	0	0	0	0	0	0	1	0		//		-21		-19		-40	-8	-6	92
//	204	0	0	피를얼리는_에테르사이드_15등급아이템	30517	0	0	30012	0	977	977	2977	39999	0	15	0	15	0	Null	0	Null	0	0	0	0	15	99	3864	1	231000	231000	0	0	1	0	0	0	0	99	0	0	0	0	0	0	0 	0 	465 	630 	0.8 	120 	0	0	1	1	1	2	0	0	0	0	0	0	0	0	0	0	0	0	0	1	0	0	0	0	0	0	0	0	0	0	0	0	0	0	0	0	0	0	0	0	1	41	1	3	0	0	0	0	0	0	0	0	0	0	0	0	0	0	0	0	0	0	0	0	0	0	0	0	0	1	0	0	0	0	0	0	0	0	0	0	0	0	0	0	0	0	0	0	0	0	0	0	0	0	0 	0 	512	725	0 	0 	0 	0 	0	0	0	0	0	0	0	0	0	0	0	0	0	0	1	0		//		-21		-19		-40	-8	-6	99
	213	0	0	흑철_에테르블래스터_1등급아이템	30571	0	0	30013	0	1058	1058	3068	39999	0	16	0	16	0	Null	0	Null	0	0	0	0	1	37	5910	1	25	25	0	0	1	0	0	0	0	1	0	0	0	0	0	0	0 	0 	56 	69 	0.8 	115 	0	0	1	1	3	1.5	0	0	0	0	0	0	0	0	0	0	0	0	0	0	1	0	0	0	0	0	0	0	0	0	0	0	0	0	0	0	0	0	0	0	1	41	1	4	0	0	0	0	0	0	0	0	0	0	0	0	0	0	0	0	0	0	0	0	0	0	0	0	0	1	0	0	0	0	0	0	0	0	0	0	0	0	0	0	0	0	0	0	0	0	0	0	0	0	0 	0 	62	79	0 	0 	0 	0 	0	0	0	0	0	0	0	0	0	0	0	0	0	0	1	0		//			-27		-20	-47	-9.4	-7	1
	214	0	0	황동_에테르블래스터_2등급아이템	30572	0	0	30013	0	1059	1059	3069	39999	0	16	0	16	0	Null	0	Null	0	0	0	0	2	42	5674	1	800	800	0	0	1	0	0	0	0	8	0	0	0	0	0	0	0 	0 	66 	81 	0.8 	115 	0	0	1	1	3	1.5	0	0	0	0	0	0	0	0	0	0	0	0	0	0	1	0	0	0	0	0	0	0	0	0	0	0	0	0	0	0	0	0	0	0	1	41	1	4	0	0	0	0	0	0	0	0	0	0	0	0	0	0	0	0	0	0	0	0	0	0	0	0	0	1	0	0	0	0	0	0	0	0	0	0	0	0	0	0	0	0	0	0	0	0	0	0	0	0	0 	0 	73	93	0 	0 	0 	0 	0	0	0	0	0	0	0	0	0	0	0	0	0	0	1	0		//			-27		-20	-47	-9.4	-7	8
	215	0	0	청동_에테르블래스터_3등급아이템	30573	0	0	30013	0	1060	1060	3070	39999	0	16	0	16	0	Null	0	Null	0	0	0	0	3	47	5556	1	1200	1200	0	0	1	0	0	0	0	15	0	0	0	0	0	0	0 	0 	78 	95 	0.8 	115 	0	0	1	1	3	1.5	0	0	0	0	0	0	0	0	0	0	0	0	0	0	1	0	0	0	0	0	0	0	0	0	0	0	0	0	0	0	0	0	0	0	1	41	1	4	0	0	0	0	0	0	0	0	0	0	0	0	0	0	0	0	0	0	0	0	0	0	0	0	0	1	0	0	0	0	0	0	0	0	0	0	0	0	0	0	0	0	0	0	0	0	0	0	0	0	0 	0 	86	109	0 	0 	0 	0 	0	0	0	0	0	0	0	0	0	0	0	0	0	0	1	0		//			-27		-20	-47	-9.4	-7	15
	216	0	0	강철_에테르블래스터_4등급아이템	30574	0	0	30013	0	1061	1061	3071	39999	0	16	0	16	0	Null	0	Null	0	0	0	0	4	52	5438	1	1900	1900	0	0	1	0	0	0	0	22	0	0	0	0	0	0	0 	0 	91 	112 	0.8 	115 	0	0	1	1	3	1.5	0	0	0	0	0	0	0	0	0	0	0	0	0	0	1	0	0	0	0	0	0	0	0	0	0	0	0	0	0	0	0	0	0	0	1	41	1	4	0	0	0	0	0	0	0	0	0	0	0	0	0	0	0	0	0	0	0	0	0	0	0	0	0	1	0	0	0	0	0	0	0	0	0	0	0	0	0	0	0	0	0	0	0	0	0	0	0	0	0 	0 	100	129	0 	0 	0 	0 	0	0	0	0	0	0	0	0	0	0	0	0	0	0	1	0		//			-27		-20	-47	-9.4	-7	22
	217	0	0	백금_에테르블래스터_5등급아이템	30575	0	0	30013	0	1062	1062	3072	39999	0	16	0	16	0	Null	0	Null	0	0	0	0	5	58	5320	1	2900	2900	0	0	1	0	0	0	0	29	0	0	0	0	0	0	0 	0 	107 	130 	0.8 	115 	0	0	1	1	3	1.5	0	0	0	0	0	0	0	0	0	0	0	0	0	0	1	0	0	0	0	0	0	0	0	0	0	0	0	0	0	0	0	0	0	0	1	41	1	4	0	0	0	0	0	0	0	0	0	0	0	0	0	0	0	0	0	0	0	0	0	0	0	0	0	1	0	0	0	0	0	0	0	0	0	0	0	0	0	0	0	0	0	0	0	0	0	0	0	0	0 	0 	118	150	0 	0 	0 	0 	0	0	0	0	0	0	0	0	0	0	0	0	0	0	1	0		//			-27		-20	-47	-9.4	-7	29
	218	0	0	수호자의_에테르블래스터_6등급아이템	30576	0	0	30013	0	1063	1063	3073	39999	0	16	0	16	0	Null	0	Null	0	0	0	0	6	63	5200	1	4500	4500	0	0	1	0	0	0	0	36	0	0	0	0	0	0	0 	0 	126 	154 	0.8 	115 	0	0	1	1	3	1.5	0	0	0	0	0	0	0	0	0	0	0	0	0	0	1	0	0	0	0	0	0	0	0	0	0	0	0	0	0	0	0	0	0	0	1	41	1	4	0	0	0	0	0	0	0	0	0	0	0	0	0	0	0	0	0	0	0	0	0	0	0	0	0	1	0	0	0	0	0	0	0	0	0	0	0	0	0	0	0	0	0	0	0	0	0	0	0	0	0 	0 	139	177	0 	0 	0 	0 	0	0	0	0	0	0	0	0	0	0	0	0	0	0	1	0		//			-27		-20	-47	-9.4	-7	36
	219	0	0	파괴자의_에테르블래스터_7등급아이템	30577	0	0	30013	0	1064	1064	3074	39999	0	16	0	16	0	Null	0	Null	0	0	0	0	7	68	5082	1	6900	6900	0	0	1	0	0	0	0	43	0	0	0	0	0	0	0 	0 	146 	179 	0.8 	115 	0	0	1	1	3	1.5	0	0	0	0	0	0	0	0	0	0	0	0	0	0	1	0	0	0	0	0	0	0	0	0	0	0	0	0	0	0	0	0	0	0	1	41	1	4	0	0	0	0	0	0	0	0	0	0	0	0	0	0	0	0	0	0	0	0	0	0	0	0	0	1	0	0	0	0	0	0	0	0	0	0	0	0	0	0	0	0	0	0	0	0	0	0	0	0	0 	0 	161	206	0 	0 	0 	0 	0	0	0	0	0	0	0	0	0	0	0	0	0	0	1	0		//			-27		-20	-47	-9.4	-7	43
	220	0	0	핏빛의_에테르블래스터_8등급아이템	30578	0	0	30013	0	1065	1065	3075	39999	0	16	0	16	0	Null	0	Null	0	0	0	0	8	73	4964	1	10700	10700	0	0	1	0	0	0	0	50	0	0	0	0	0	0	0 	0 	171 	210 	0.8 	115 	0	0	1	1	3	1.5	0	0	0	0	0	0	0	0	0	0	0	0	0	0	1	0	0	0	0	0	0	0	0	0	0	0	0	0	0	0	0	0	0	0	1	41	1	4	0	0	0	0	0	0	0	0	0	0	0	0	0	0	0	0	0	0	0	0	0	0	0	0	0	1	0	0	0	0	0	0	0	0	0	0	0	0	0	0	0	0	0	0	0	0	0	0	0	0	0 	0 	188	242	0 	0 	0 	0 	0	0	0	0	0	0	0	0	0	0	0	0	0	0	1	0		//			-27		-20	-47	-9.4	-7	50
	221	0	0	고대의_에테르블래스터_9등급아이템	30579	0	0	30013	0	1066	1066	3076	39999	0	16	0	16	0	Null	0	Null	0	0	0	0	9	79	4846	1	16700	16700	0	0	1	0	0	0	0	57	0	0	0	0	0	0	0 	0 	201 	246 	0.8 	115 	0	0	1	1	3	1.5	0	0	0	0	0	0	0	0	0	0	0	0	0	0	1	0	0	0	0	0	0	0	0	0	0	0	0	0	0	0	0	0	0	0	1	41	1	4	0	0	0	0	0	0	0	0	0	0	0	0	0	0	0	0	0	0	0	0	0	0	0	0	0	1	0	0	0	0	0	0	0	0	0	0	0	0	0	0	0	0	0	0	0	0	0	0	0	0	0 	0 	221	283	0 	0 	0 	0 	0	0	0	0	0	0	0	0	0	0	0	0	0	0	1	0		//			-27		-20	-47	-9.4	-7	57
	222	0	0	집행자의_에테르블래스터_10등급아이템	30580	0	0	30013	0	1067	1067	3077	39999	0	16	0	16	0	Null	0	Null	0	0	0	0	10	84	4728	1	25800	25800	0	0	1	0	0	0	0	64	0	0	0	0	0	0	0 	0 	235 	288 	0.8 	115 	0	0	1	1	3	1.5 	0	0	0	0	0	0	0	0	0	0	0	0	0	0	1	0	0	0	0	0	0	0	0	0	0	0	0	0	0	0	0	0	0	0	1	41	1	4	0	0	0	0	0	0	0	0	0	0	0	0	0	0	0	0	0	0	0	0	0	0	0	0	0	1	0	0	0	0	0	0	0	0	0	0	0	0	0	0	0	0	0	0	0	0	0	0	0	0	0 	0 	259	331	0 	0 	0 	0 	0	0	0	0	0	0	0	0	0	0	0	0	0	0	1	0		//			-27		-20	-47	-9.4	-7	64
//	223	0	0	심판자의_에테르블래스터_11등급아이템	30581	0	0	30013	0	1068	1068	3078	39999	0	16	0	16	0	Null	0	Null	0	0	0	0	11	89	4610	1	40000	40000	0	0	1	0	0	0	0	71	0	0	0	0	0	0	0 	0 	275 	336 	0.8 	115 	0	0	1	1	3	1.5	0	0	0	0	0	0	0	0	0	0	0	0	0	0	1	0	0	0	0	0	0	0	0	0	0	0	0	0	0	0	0	0	0	0	1	41	1	4	0	0	0	0	0	0	0	0	0	0	0	0	0	0	0	0	0	0	0	0	0	0	0	0	0	1	0	0	0	0	0	0	0	0	0	0	0	0	0	0	0	0	0	0	0	0	0	0	0	0	0 	0 	303	386	0 	0 	0 	0 	0	0	0	0	0	0	0	0	0	0	0	0	0	0	1	0		//			-27		-20	-47	-9.4	-7	71
//	224	0	0	방랑자의_에테르블래스터_12등급아이템	30582	0	0	30013	0	1069	1069	3079	39999	0	16	0	16	0	Null	0	Null	0	0	0	0	12	94	4492	1	62000	62000	0	0	1	0	0	0	0	78	0	0	0	0	0	0	0 	0 	323 	394 	0.8 	115 	0	0	1	1	3	1.5	0	0	0	0	0	0	0	0	0	0	0	0	0	0	1	0	0	0	0	0	0	0	0	0	0	0	0	0	0	0	0	0	0	0	1	41	1	4	0	0	0	0	0	0	0	0	0	0	0	0	0	0	0	0	0	0	0	0	0	0	0	0	0	1	0	0	0	0	0	0	0	0	0	0	0	0	0	0	0	0	0	0	0	0	0	0	0	0	0 	0 	355	453	0 	0 	0 	0 	0	0	0	0	0	0	0	0	0	0	0	0	0	0	1	0		//			-27		-20	-47	-9.4	-7	78
//	225	0	0	무적의_에테르블래스터_13등급아이템	30583	0	0	30013	0	1070	1070	3080	39999	0	16	0	16	0	Null	0	Null	0	0	0	0	13	100	4374	1	96200	96200	0	0	1	0	0	0	0	85	0	0	0	0	0	0	0 	0 	378 	462 	0.8 	115 	0	0	1	1	3	1.5	0	0	0	0	0	0	0	0	0	0	0	0	0	0	1	0	0	0	0	0	0	0	0	0	0	0	0	0	0	0	0	0	0	0	1	41	1	4	0	0	0	0	0	0	0	0	0	0	0	0	0	0	0	0	0	0	0	0	0	0	0	0	0	1	0	0	0	0	0	0	0	0	0	0	0	0	0	0	0	0	0	0	0	0	0	0	0	0	0 	0 	416	531	0 	0 	0 	0 	0	0	0	0	0	0	0	0	0	0	0	0	0	0	1	0		//			-27		-20	-47	-9.4	-7	85
//	226	0	0	타이탄의_에테르블래스터_14등급아이템	30584	0	0	30013	0	1071	1071	3081	39999	0	16	0	16	0	Null	0	Null	0	0	0	0	14	105	4256	1	149000	149000	0	0	1	0	0	0	0	92	0	0	0	0	0	0	0 	0 	441 	540 	0.8 	115 	0	0	1	1	3	1.5	0	0	0	0	0	0	0	0	0	0	0	0	0	0	1	0	0	0	0	0	0	0	0	0	0	0	0	0	0	0	0	0	0	0	1	41	1	4	0	0	0	0	0	0	0	0	0	0	0	0	0	0	0	0	0	0	0	0	0	0	0	0	0	1	0	0	0	0	0	0	0	0	0	0	0	0	0	0	0	0	0	0	0	0	0	0	0	0	0 	0 	485	621	0 	0 	0 	0 	0	0	0	0	0	0	0	0	0	0	0	0	0	0	1	0		//			-27		-20	-47	-9.4	-7	92
//	227	0	0	불멸자의_에테르블래스터_15등급아이템	30585	0	0	30013	0	1072	1072	3082	39999	0	16	0	16	0	Null	0	Null	0	0	0	0	15	110	4138	1	231000	231000	0	0	1	0	0	0	0	99	0	0	0	0	0	0	0 	0 	517 	632 	0.8 	115 	0	0	1	1	3	1.5	0	0	0	0	0	0	0	0	0	0	0	0	0	0	1	0	0	0	0	0	0	0	0	0	0	0	0	0	0	0	0	0	0	0	1	41	1	4	0	0	0	0	0	0	0	0	0	0	0	0	0	0	0	0	0	0	0	0	0	0	0	0	0	1	0	0	0	0	0	0	0	0	0	0	0	0	0	0	0	0	0	0	0	0	0	0	0	0	0 	0 	569	727	0 	0 	0 	0 	0	0	0	0	0	0	0	0	0	0	0	0	0	0	1	0		//			-27		-20	-47	-9.4	-7	99
	228	0	0	조용한이방인의_아크블레이드_1등급아이템	30616	0	0	30017	0	1084	1083	3093	39999	0	17	0	17	0	Null	0	Null	0	0	0	0	1	36	5910	1	25	25	0	0	1	0	0	0	0	1	0	0	0	0	0	0	0 	0 	46 	55 	0.8 	125 	0	0	1	1	3	2	0	0	0	0	0	0	0	0	0	0	0	0	0	0	0	1	0	0	0	0	0	0	0	0	0	0	0	0	0	0	0	0	0	0	1	41	1	4	0	0	0	0	0	0	0	0	0	0	0	0	0	0	0	0	0	0	0	0	0	0	0	0	0	1	0	0	0	0	0	0	0	0	0	0	0	0	0	0	0	0	0	0	0	0	0	0	0	0	0 	0 	51	63	0 	0 	0 	0 	0	0	0	0	0	0	0	0	0	0	0	0	0	0	1	0		//		-20	-24			-44	-8.8	-6	1
	229	0	0	이단자_아크블레이드_2등급아이템	30617	0	0	30017	0	1086	1085	3094	39999	0	17	0	17	0	Null	0	Null	0	0	0	0	2	41	5674	1	800	800	0	0	1	0	0	0	0	8	0	0	0	0	0	0	0 	0 	54 	65 	0.8 	125 	0	0	1	1	3	2	0	0	0	0	0	0	0	0	0	0	0	0	0	0	0	1	0	0	0	0	0	0	0	0	0	0	0	0	0	0	0	0	0	0	1	41	1	4	0	0	0	0	0	0	0	0	0	0	0	0	0	0	0	0	0	0	0	0	0	0	0	0	0	1	0	0	0	0	0	0	0	0	0	0	0	0	0	0	0	0	0	0	0	0	0	0	0	0	0 	0 	59	75	0 	0 	0 	0 	0	0	0	0	0	0	0	0	0	0	0	0	0	0	1	0		//		-20	-24			-44	-8.8	-6	8
	230	0	0	잊혀진왕국_아크블레이드_3등급아이템	30618	0	0	30017	0	1088	1087	3095	39999	0	17	0	17	0	Null	0	Null	0	0	0	0	3	45	5556	1	1200	1200	0	0	1	0	0	0	0	15	0	0	0	0	0	0	0 	0 	64 	77 	0.8 	125 	0	0	1	1	3	2	0	0	0	0	0	0	0	0	0	0	0	0	0	0	0	1	0	0	0	0	0	0	0	0	0	0	0	0	0	0	0	0	0	0	1	41	1	4	0	0	0	0	0	0	0	0	0	0	0	0	0	0	0	0	0	0	0	0	0	0	0	0	0	1	0	0	0	0	0	0	0	0	0	0	0	0	0	0	0	0	0	0	0	0	0	0	0	0	0 	0 	70	89	0 	0 	0 	0 	0	0	0	0	0	0	0	0	0	0	0	0	0	0	1	0		//		-20	-24			-44	-8.8	-6	15
	231	0	0	새로운바람_아크블레이드_4등급아이템	30619	0	0	30017	0	1090	1089	3096	39999	0	17	0	17	0	Null	0	Null	0	0	0	0	4	50	5438	1	1900	1900	0	0	1	0	0	0	0	22	0	0	0	0	0	0	0 	0 	75 	90 	0.8 	125 	0	0	1	1	3	2	0	0	0	0	0	0	0	0	0	0	0	0	0	0	0	1	0	0	0	0	0	0	0	0	0	0	0	0	0	0	0	0	0	0	1	41	1	4	0	0	0	0	0	0	0	0	0	0	0	0	0	0	0	0	0	0	0	0	0	0	0	0	0	1	0	0	0	0	0	0	0	0	0	0	0	0	0	0	0	0	0	0	0	0	0	0	0	0	0 	0 	83	104	0 	0 	0 	0 	0	0	0	0	0	0	0	0	0	0	0	0	0	0	1	0		//		-20	-24			-44	-8.8	-6	22
	232	0	0	지남성_아크블레이드_5등급아이템	30620	0	0	30017	0	1092	1091	3097	39999	0	17	0	17	0	Null	0	Null	0	0	0	0	5	55	5320	1	2900	2900	0	0	1	0	0	0	0	29	0	0	0	0	0	0	0 	0 	88 	105 	0.8 	125 	0	0	1	1	3	2	0	0	0	0	0	0	0	0	0	0	0	0	0	0	0	1	0	0	0	0	0	0	0	0	0	0	0	0	0	0	0	0	0	0	1	41	1	4	0	0	0	0	0	0	0	0	0	0	0	0	0	0	0	0	0	0	0	0	0	0	0	0	0	1	0	0	0	0	0	0	0	0	0	0	0	0	0	0	0	0	0	0	0	0	0	0	0	0	0 	0 	97	121	0 	0 	0 	0 	0	0	0	0	0	0	0	0	0	0	0	0	0	0	1	0		//		-20	-24			-44	-8.8	-6	29
	233	0	0	낯선위험_아크블레이드_6등급아이템	30621	0	0	30017	0	1094	1093	3098	39999	0	17	0	17	0	Null	0	Null	0	0	0	0	6	60	5200	1	4500	4500	0	0	1	0	0	0	0	36	0	0	0	0	0	0	0 	0 	102 	123 	0.8 	125 	0	0	1	1	3	2	0	0	0	0	0	0	0	0	0	0	0	0	0	0	0	1	0	0	0	0	0	0	0	0	0	0	0	0	0	0	0	0	0	0	1	41	1	4	0	0	0	0	0	0	0	0	0	0	0	0	0	0	0	0	0	0	0	0	0	0	0	0	0	1	0	0	0	0	0	0	0	0	0	0	0	0	0	0	0	0	0	0	0	0	0	0	0	0	0 	0 	112	141	0 	0 	0 	0 	0	0	0	0	0	0	0	0	0	0	0	0	0	0	1	0		//		-20	-24			-44	-8.8	-6	36
	234	0	0	바닷바람향기_아크블레이드_7등급아이템	30622	0	0	30017	0	1096	1095	3099	39999	0	17	0	17	0	Null	0	Null	0	0	0	0	7	65	5082	1	6900	6900	0	0	1	0	0	0	0	43	0	0	0	0	0	0	0 	0 	121 	144 	0.8 	125 	0	0	1	1	3	2	0	0	0	0	0	0	0	0	0	0	0	0	0	0	0	1	0	0	0	0	0	0	0	0	0	0	0	0	0	0	0	0	0	0	1	41	1	4	0	0	0	0	0	0	0	0	0	0	0	0	0	0	0	0	0	0	0	0	0	0	0	0	0	1	0	0	0	0	0	0	0	0	0	0	0	0	0	0	0	0	0	0	0	0	0	0	0	0	0 	0 	133	166	0 	0 	0 	0 	0	0	0	0	0	0	0	0	0	0	0	0	0	0	1	0		//		-20	-24			-44	-8.8	-6	43
	235	0	0	숨겨진마력의_아크블레이드_8등급아이템	30623	0	0	30017	0	1098	1097	3100	39999	0	17	0	17	0	Null	0	Null	0	0	0	0	8	70	4964	1	10700	10700	0	0	1	0	0	0	0	50	0	0	0	0	0	0	0 	0 	141 	168 	0.8 	125 	0	0	1	1	3	2	0	0	0	0	0	0	0	0	0	0	0	0	0	0	0	1	0	0	0	0	0	0	0	0	0	0	0	0	0	0	0	0	0	0	1	41	1	4	0	0	0	0	0	0	0	0	0	0	0	0	0	0	0	0	0	0	0	0	0	0	0	0	0	1	0	0	0	0	0	0	0	0	0	0	0	0	0	0	0	0	0	0	0	0	0	0	0	0	0 	0 	155	193	0 	0 	0 	0 	0	0	0	0	0	0	0	0	0	0	0	0	0	0	1	0		//		-20	-24			-44	-8.8	-6	50
	236	0	0	이대륙의_아크블레이드_9등급아이템	30624	0	0	30017	0	1100	1099	3101	39999	0	17	0	17	0	Null	0	Null	0	0	0	0	9	75	4846	1	16700	16700	0	0	1	0	0	0	0	57	0	0	0	0	0	0	0 	0 	165 	198 	0.8 	125 	0	0	1	1	3	2	0	0	0	0	0	0	0	0	0	0	0	0	0	0	0	1	0	0	0	0	0	0	0	0	0	0	0	0	0	0	0	0	0	0	1	41	1	4	0	0	0	0	0	0	0	0	0	0	0	0	0	0	0	0	0	0	0	0	0	0	0	0	0	1	0	0	0	0	0	0	0	0	0	0	0	0	0	0	0	0	0	0	0	0	0	0	0	0	0 	0 	182	228	0 	0 	0 	0 	0	0	0	0	0	0	0	0	0	0	0	0	0	0	1	0		//		-20	-24			-44	-8.8	-6	57
	237	0	0	이세계의비보_아크블레이드_10등급아이템	30625	0	0	30017	0	1102	1101	3102	39999	0	17	0	17	0	Null	0	Null	0	0	0	0	10	80	4728	1	25800	25800	0	0	1	0	0	0	0	64	0	0	0	0	0	0	0 	0 	193 	232 	0.8 	125 	0	0	1	1	3	2	0	0	0	0	0	0	0	0	0	0	0	0	0	0	0	1	0	0	0	0	0	0	0	0	0	0	0	0	0	0	0	0	0	0	1	41	1	4	0	0	0	0	0	0	0	0	0	0	0	0	0	0	0	0	0	0	0	0	0	0	0	0	0	1	0	0	0	0	0	0	0	0	0	0	0	0	0	0	0	0	0	0	0	0	0	0	0	0	0 	0 	212	267	0 	0 	0 	0 	0	0	0	0	0	0	0	0	0	0	0	0	0	0	1	0		//		-20	-24			-44	-8.8	-6	64
	238	0	0	반짝이는금빛_아크블레이드_11등급아이템	30626	0	0	30017	0	1104	1103	3103	39999	0	17	0	17	0	Null	0	Null	0	0	0	0	11	85	4610	1	40000	40000	0	0	1	0	0	0	0	71	0	0	0	0	0	0	0 	0 	226 	271 	0.8 	125 	0	0	1	1	3	2	0	0	0	0	0	0	0	0	0	0	0	0	0	0	0	1	0	0	0	0	0	0	0	0	0	0	0	0	0	0	0	0	0	0	1	41	1	4	0	0	0	0	0	0	0	0	0	0	0	0	0	0	0	0	0	0	0	0	0	0	0	0	0	1	0	0	0	0	0	0	0	0	0	0	0	0	0	0	0	0	0	0	0	0	0	0	0	0	0 	0 	249	312	0 	0 	0 	0 	0	0	0	0	0	0	0	0	0	0	0	0	0	0	1	0		//		-20	-24			-44	-8.8	-6	71
//	239	0	0	아크노바_아크블레이드_12등급아이템	30627	0	0	30017	0	1106	1105	3104	39999	0	17	0	17	0	Null	0	Null	0	0	0	0	12	90	4492	1	62000	62000	0	0	1	0	0	0	0	78	0	0	0	0	0	0	0 	0 	264 	317 	0.8 	125 	0	0	1	1	3	2	0	0	0	0	0	0	0	0	0	0	0	0	0	0	0	1	0	0	0	0	0	0	0	0	0	0	0	0	0	0	0	0	0	0	1	41	1	4	0	0	0	0	0	0	0	0	0	0	0	0	0	0	0	0	0	0	0	0	0	0	0	0	0	1	0	0	0	0	0	0	0	0	0	0	0	0	0	0	0	0	0	0	0	0	0	0	0	0	0 	0 	290	365	0 	0 	0 	0 	0	0	0	0	0	0	0	0	0	0	0	0	0	0	1	0		//		-20	-24			-44	-8.8	-6	78
//	240	0	0	스리릿캡터_아크블레이드_13등급아이템	30628	0	0	30017	0	1108	1107	3105	39999	0	17	0	17	0	Null	0	Null	0	0	0	0	13	94	4374	1	96200	96200	0	0	1	0	0	0	0	85	0	0	0	0	0	0	0 	0 	310 	371 	0.8 	125 	0	0	1	1	3	2	0	0	0	0	0	0	0	0	0	0	0	0	0	0	0	1	0	0	0	0	0	0	0	0	0	0	0	0	0	0	0	0	0	0	1	41	1	4	0	0	0	0	0	0	0	0	0	0	0	0	0	0	0	0	0	0	0	0	0	0	0	0	0	1	0	0	0	0	0	0	0	0	0	0	0	0	0	0	0	0	0	0	0	0	0	0	0	0	0 	0 	341	427	0 	0 	0 	0 	0	0	0	0	0	0	0	0	0	0	0	0	0	0	1	0		//		-20	-24			-44	-8.8	-6	85
//	241	0	0	임프_아크블레이드_14등급아이템	30629	0	0	30017	0	1110	1109	3106	39999	0	17	0	17	0	Null	0	Null	0	0	0	0	14	99	4256	1	149000	149000	0	0	1	0	0	0	0	92	0	0	0	0	0	0	0 	0 	363 	434 	0.8 	125 	0	0	1	1	3	2	0	0	0	0	0	0	0	0	0	0	0	0	0	0	0	1	0	0	0	0	0	0	0	0	0	0	0	0	0	0	0	0	0	0	1	41	1	4	0	0	0	0	0	0	0	0	0	0	0	0	0	0	0	0	0	0	0	0	0	0	0	0	0	1	0	0	0	0	0	0	0	0	0	0	0	0	0	0	0	0	0	0	0	0	0	0	0	0	0 	0 	399	499	0 	0 	0 	0 	0	0	0	0	0	0	0	0	0	0	0	0	0	0	1	0		//		-20	-24			-44	-8.8	-6	92
//	242	0	0	고블린_아크블레이드_15등급아이템	30630	0	0	30017	0	1112	1111	3107	39999	0	17	0	17	0	Null	0	Null	0	0	0	0	15	104	4138	1	231000	231000	0	0	1	0	0	0	0	99	0	0	0	0	0	0	0 	0 	424 	509 	0.8 	125 	0	0	1	1	3	2	0	0	0	0	0	0	0	0	0	0	0	0	0	0	0	1	0	0	0	0	0	0	0	0	0	0	0	0	0	0	0	0	0	0	1	41	1	4	0	0	0	0	0	0	0	0	0	0	0	0	0	0	0	0	0	0	0	0	0	0	0	0	0	1	0	0	0	0	0	0	0	0	0	0	0	0	0	0	0	0	0	0	0	0	0	0	0	0	0 	0 	466	585	0 	0 	0 	0 	0	0	0	0	0	0	0	0	0	0	0	0	0	0	1	0		//		-20	-24			-44	-8.8	-6	99
//밸런스테스트용 무기 추가																																																																									0	0																																																																																																	//									
//	243	0	0	켈티안_에테르사이드_10등급아이템	30512	0	0	30012	0	972	972	2972	39999	0	15	0	15	0	Null	0	Null	0	0	0	0	10	74	4416	1	25800	25800	0	0	1	0	0	0	0	64	0	0	0	0	0	0	0 	0 	212 	287 	0.8 	120 	0	0	1	1	1	2	0	0	0	0	0	0	0	0	0	0	0	0	0	1	0	0	0	0	0	0	0	0	0	0	0	0	0	0	0	0	0	0	0	0	1	41	1	3	0	0	0	0	0	0	0	0	0	0	0	0	0	0	0	0	0	0	0	0	0	0	0	0	0	1	0	0	0	0	0	0	0	0	0	0	0	0	0	0	0	0	0	0	0	0	0	0	0	0	0 	0 	233	330	0 	0 	0 	0 	0	0	0	0	0	0	0	0	0	0	0	0	0	0	1	0		//		-21		-19		-40	-8	-6	64
//	244	0	0	켈티안_에테르사이드_10등급아이템	30512	0	0	30012	0	972	972	2972	39999	0	15	0	15	0	Null	0	Null	0	0	0	0	10	74	4416	1	25800	25800	0	0	1	0	0	0	0	64	0	0	0	0	0	0	0 	0 	212 	287 	0.8 	120 	0	0	1	1	1	2	0	0	0	0	0	0	0	0	0	0	0	0	0	1	0	0	0	0	1	30	1	500	0	0	0	0	0	0	0	0	0	0	0	0	1	41	1	3	0	0	0	0	0	0	0	0	0	0	0	0	0	0	0	0	0	0	0	0	0	0	0	0	0	1	0	0	0	0	0	0	0	0	0	0	0	0	0	0	0	0	0	0	0	0	0	0	0	0	0 	0 	233	330	0 	0 	0 	0 	0	0	0	0	0	0	0	0	0	0	0	0	0	0	1	0		//		-21		-19		-40	-8	-6	64
//	245	0	0	켈티안_에테르사이드_10등급아이템	30512	0	0	30012	0	972	972	2972	39999	0	15	0	15	0	Null	0	Null	0	0	0	0	10	74	4416	1	25800	25800	0	0	1	0	0	0	0	64	0	0	0	0	0	0	0 	0 	212 	287 	0.8 	120 	0	0	1	1	1	2	0	0	0	0	0	0	0	0	0	0	0	0	0	1	0	0	0	0	1	31	5	10	0	0	0	0	0	0	0	0	0	0	0	0	1	41	1	3	0	0	0	0	0	0	0	0	0	0	0	0	0	0	0	0	0	0	0	0	0	0	0	0	0	1	0	0	0	0	0	0	0	0	0	0	0	0	0	0	0	0	0	0	0	0	0	0	0	0	0 	0 	233	330	0 	0 	0 	0 	0	0	0	0	0	0	0	0	0	0	0	0	0	0	1	0		//		-21		-19		-40	-8	-6	64
//	246	0	0	집행자의_에테르블래스터_10등급아이템	30580	0	0	30013	0	1067	1067	3077	39999	0	16	0	16	0	Null	0	Null	0	0	0	0	10	84	4728	1	25800	25800	0	0	1	0	0	0	0	64	0	0	0	0	0	0	0 	0 	235 	288 	0.8 	115 	0	0	1	1	3	1.5	0	0	0	0	0	0	0	0	0	0	0	0	0	0	1	0	0	0	0	0	0	0	0	0	0	0	0	0	0	0	0	0	0	0	1	41	1	4	0	0	0	0	0	0	0	0	0	0	0	0	0	0	0	0	0	0	0	0	0	0	0	0	0	1	0	0	0	0	0	0	0	0	0	0	0	0	0	0	0	0	0	0	0	0	0	0	0	0	0 	0 	259	331	0 	0 	0 	0 	0	0	0	0	0	0	0	0	0	0	0	0	0	0	1	0		//			-27		-20	-47	-9.4	-7	64
//	247	0	0	집행자의_에테르블래스터_10등급아이템	30580	0	0	30013	0	1067	1067	3077	39999	0	16	0	16	0	Null	0	Null	0	0	0	0	10	84	4728	1	25800	25800	0	0	1	0	0	0	0	64	0	0	0	0	0	0	0 	0 	235 	288 	0.8 	115 	0	0	1	1	3	1.5	0	0	0	0	0	0	0	0	0	0	0	0	0	0	1	0	0	0	1	30	1	500	0	0	0	0	0	0	0	0	0	0	0	0	1	41	1	4	0	0	0	0	0	0	0	0	0	0	0	0	0	0	0	0	0	0	0	0	0	0	0	0	0	1	0	0	0	0	0	0	0	0	0	0	0	0	0	0	0	0	0	0	0	0	0	0	0	0	0 	0 	259	331	0 	0 	0 	0 	0	0	0	0	0	0	0	0	0	0	0	0	0	0	1	0		//			-27		-20	-47	-9.4	-7	64
//	248	0	0	집행자의_에테르블래스터_10등급아이템	30580	0	0	30013	0	1067	1067	3077	39999	0	16	0	16	0	Null	0	Null	0	0	0	0	10	84	4728	1	25800	25800	0	0	1	0	0	0	0	64	0	0	0	0	0	0	0 	0 	235 	288 	0.8 	115 	0	0	1	1	3	1.5	0	0	0	0	0	0	0	0	0	0	0	0	0	0	1	0	0	0	1	31	5	10	0	0	0	0	0	0	0	0	0	0	0	0	1	41	1	4	0	0	0	0	0	0	0	0	0	0	0	0	0	0	0	0	0	0	0	0	0	0	0	0	0	1	0	0	0	0	0	0	0	0	0	0	0	0	0	0	0	0	0	0	0	0	0	0	0	0	0 	0 	259	331	0 	0 	0 	0 	0	0	0	0	0	0	0	0	0	0	0	0	0	0	1	0		//			-27		-20	-47	-9.4	-7	64
	10001	0	0	금속_양손도끼_1등급아이템	30031	0	0	30001	0	1	1	2001	39999	0	1	0	1	0	Null	0	Null	0	0	0	0	1	38	5910	1	25	25	0	0	1	0	0	0	0	1	0	0	0	0	0	0	0 	0 	61 	82 	0.8 	105 	0 	0 	1 	1 	3 	1.5 	0 	0 	0 	0 	0 	0 	0	0	1	0	0	0	0	0	0	0	0	0	0	0	0	0	0	0	0	0	0	0	0	0	0	0	0	0	1	41	1	3	0	0	0	0	0	0	0	0	0	0	0	0	0	0	0	0	0	0	0	0	0	0	0	0	0	1	0	0	0	0	0	0	0	0	0	0	0	0	0	0	0	0	0	0	0	0	0	0	0	0	0 	0 	67	94	0 	0 	0 	0 	0	0	0	0	0	0	0	0	0	0	0	0	0	0	2	0		//	-26		-27			-53	-10.6	-8	1
	10002	0	0	청동_양손도끼_2등급아이템	30032	0	0	30001	0	2	2	2002	39999	0	1	0	1	0	Null	0	Null	0	0	0	0	2	43	5674	1	800	800	0	0	1	0	0	0	0	8	0	0	0	0	0	0	0 	0 	71 	96 	0.8 	105 	0 	0 	1 	1 	3 	1.5 	0 	0 	0 	0 	0 	0 	0	0	1	0	0	0	0	0	0	0	0	0	0	0	0	0	0	0	0	0	0	0	0	0	0	0	0	0	1	41	1	3	0	0	0	0	0	0	0	0	0	0	0	0	0	0	0	0	0	0	0	0	0	0	0	0	0	1	0	0	0	0	0	0	0	0	0	0	0	0	0	0	0	0	0	0	0	0	0	0	0	0	0 	0 	78	110	0 	0 	0 	0 	0	0	0	0	0	0	0	0	0	0	0	0	0	0	2	0		//	-26		-27			-53	-10.6	-8	8
	10003	0	0	합금_양손도끼_3등급아이템	30033	0	0	30001	0	3	3	2003	39999	0	1	0	1	0	Null	0	Null	0	0	0	0	3	48	5556	1	1200	1200	0	0	1	0	0	0	0	15	0	0	0	0	0	0	0 	0 	83 	112 	0.8 	105 	0 	0 	1 	1 	3 	1.5 	0 	0 	0 	0 	0 	0 	0	0	1	0	0	0	0	0	0	0	0	0	0	0	0	0	0	0	0	0	0	0	0	0	0	0	0	0	1	41	1	3	0	0	0	0	0	0	0	0	0	0	0	0	0	0	0	0	0	0	0	0	0	0	0	0	0	1	0	0	0	0	0	0	0	0	0	0	0	0	0	0	0	0	0	0	0	0	0	0	0	0	0 	0 	91	129	0 	0 	0 	0 	0	0	0	0	0	0	0	0	0	0	0	0	0	0	2	0		//	-26		-27			-53	-10.6	-8	15
	10004	0	0	강철_양손도끼_4등급아이템	30034	0	0	30001	0	4	4	2004	39999	0	1	0	1	0	Null	0	Null	0	0	0	0	4	53	5438	1	1900	1900	0	0	1	0	0	0	0	22	0	0	0	0	0	0	0 	0 	97 	132 	0.8 	105 	0 	0 	1 	1 	3 	1.5 	0 	0 	0 	0 	0 	0 	0	0	1	0	0	0	0	0	0	0	0	0	0	0	0	0	0	0	0	0	0	0	0	0	0	0	0	0	1	41	1	3	0	0	0	0	0	0	0	0	0	0	0	0	0	0	0	0	0	0	0	0	0	0	0	0	0	1	0	0	0	0	0	0	0	0	0	0	0	0	0	0	0	0	0	0	0	0	0	0	0	0	0 	0 	107	152	0 	0 	0 	0 	0	0	0	0	0	0	0	0	0	0	0	0	0	0	2	0		//	-26		-27			-53	-10.6	-8	22
	10005	0	0	베론가_양손도끼_5등급아이템	30035	0	0	30001	0	5	5	2005	39999	0	1	0	1	0	Null	0	Null	0	0	0	0	5	58	5320	1	2900	2900	0	0	1	0	0	0	0	29	0	0	0	0	0	0	0 	0 	114 	155 	0.8 	105 	0 	0 	1 	1 	3 	1.5 	0 	0 	0 	0 	0 	0 	0	0	1	0	0	0	0	0	0	0	0	0	0	0	0	0	0	0	0	0	0	0	0	0	0	0	0	0	1	41	1	3	0	0	0	0	0	0	0	0	0	0	0	0	0	0	0	0	0	0	0	0	0	0	0	0	0	1	0	0	0	0	0	0	0	0	0	0	0	0	0	0	0	0	0	0	0	0	0	0	0	0	0 	0 	125	178	0 	0 	0 	0 	0	0	0	0	0	0	0	0	0	0	0	0	0	0	2	0		//	-26		-27			-53	-10.6	-8	29
	10006	0	0	처절한단죄_양손도끼_6등급아이템	30036	0	0	30001	0	6	6	2006	39999	0	1	0	1	0	Null	0	Null	0	0	0	0	6	64	5200	1	4500	4500	0	0	1	0	0	0	0	36	0	0	0	0	0	0	0 	0 	134 	181 	0.8 	105 	0 	0 	1 	1 	3 	1.5 	0 	0 	0 	0 	0 	0 	0	0	1	0	0	0	0	0	0	0	0	0	0	0	0	0	0	0	0	0	0	0	0	0	0	0	0	0	1	41	1	3	0	0	0	0	0	0	0	0	0	0	0	0	0	0	0	0	0	0	0	0	0	0	0	0	0	1	0	0	0	0	0	0	0	0	0	0	0	0	0	0	0	0	0	0	0	0	0	0	0	0	0 	0 	147	208	0 	0 	0 	0 	0	0	0	0	0	0	0	0	0	0	0	0	0	0	2	0		//	-26		-27			-53	-10.6	-8	36
	10007	0	0	암흑의불꽃_양손도끼_7등급아이템	30037	0	0	30001	0	7	7	2007	39999	0	1	0	1	0	Null	0	Null	0	0	0	0	7	69	5082	1	6900	6900	0	0	1	0	0	0	0	43	0	0	0	0	0	0	0 	0 	157 	212 	0.8 	105 	0 	0 	1 	1 	3 	1.5 	0 	0 	0 	0 	0 	0 	0	0	1	0	0	0	0	0	0	0	0	0	0	0	0	0	0	0	0	0	0	0	0	0	0	0	0	0	1	41	1	3	0	0	0	0	0	0	0	0	0	0	0	0	0	0	0	0	0	0	0	0	0	0	0	0	0	1	0	0	0	0	0	0	0	0	0	0	0	0	0	0	0	0	0	0	0	0	0	0	0	0	0 	0 	173	244	0 	0 	0 	0 	0	0	0	0	0	0	0	0	0	0	0	0	0	0	2	0		//	-26		-27			-53	-10.6	-8	43
	10008	0	0	찬란한승리_양손도끼_8등급아이템	30038	0	0	30001	0	8	8	2008	39999	0	1	0	1	0	Null	0	Null	0	0	0	0	8	74	4964	1	10700	10700	0	0	1	0	0	0	0	50	0	0	0	0	0	0	0 	0 	183 	248 	0.8 	105 	0 	0 	1 	1 	3 	1.5 	0 	0 	0 	0 	0 	0 	0	0	1	0	0	0	0	0	0	0	0	0	0	0	0	0	0	0	0	0	0	0	0	0	0	0	0	0	1	41	1	3	0	0	0	0	0	0	0	0	0	0	0	0	0	0	0	0	0	0	0	0	0	0	0	0	0	1	0	0	0	0	0	0	0	0	0	0	0	0	0	0	0	0	0	0	0	0	0	0	0	0	0 	0 	201	285	0 	0 	0 	0 	0	0	0	0	0	0	0	0	0	0	0	0	0	0	2	0		//	-26		-27			-53	-10.6	-8	50
	10009	0	0	어둠을가르는_양손도끼_9등급아이템	30039	0	0	30001	0	9	9	2009	39999	0	1	0	1	0	Null	0	Null	0	0	0	0	9	79	4846	1	16700	16700	0	0	1	0	0	0	0	57	0	0	0	0	0	0	0 	0 	215 	290 	0.8 	105 	0 	0 	1 	1 	3 	1.5 	0 	0 	0 	0 	0 	0 	0	0	1	0	0	0	0	0	0	0	0	0	0	0	0	0	0	0	0	0	0	0	0	0	0	0	0	0	1	41	1	3	0	0	0	0	0	0	0	0	0	0	0	0	0	0	0	0	0	0	0	0	0	0	0	0	0	1	0	0	0	0	0	0	0	0	0	0	0	0	0	0	0	0	0	0	0	0	0	0	0	0	0 	0 	237	334	0 	0 	0 	0 	0	0	0	0	0	0	0	0	0	0	0	0	0	0	2	0		//	-26		-27			-53	-10.6	-8	57
	10010	0	0	아타나시아_양손도끼_10등급아이템	30040	0	0	30001	0	10	10	2010	39999	0	1	0	1	0	Null	0	Null	0	0	0	0	10	85	4728	1	25800	25800	0	0	1	0	0	0	0	64	0	0	0	0	0	0	0 	0 	251 	340 	0.8 	105 	0 	0 	1 	1 	3 	1.5 	0 	0 	0 	0 	0 	0 	0	0	1	0	0	0	0	0	0	0	0	0	0	0	0	0	0	0	0	0	0	0	0	0	0	0	0	0	1	41	1	3	0	0	0	0	0	0	0	0	0	0	0	0	0	0	0	0	0	0	0	0	0	0	0	0	0	1	0	0	0	0	0	0	0	0	0	0	0	0	0	0	0	0	0	0	0	0	0	0	0	0	0 	0 	276	391	0 	0 	0 	0 	0	0	0	0	0	0	0	0	0	0	0	0	0	0	2	0		//	-26		-27			-53	-10.6	-8	64
//	10011	0	0	결전의날_양손도끼_11등급아이템	30041	0	0	30001	0	11	11	2011	39999	0	1	0	1	0	Null	0	Null	0	0	0	0	11	90	4610	1	40000	40000	0	0	1	0	0	0	0	71	0	0	0	0	0	0	0 	0 	294 	397 	0.8 	105 	0 	0 	1 	1 	3 	1.5 	0 	0 	0 	0 	0 	0 	0	0	1	0	0	0	0	0	0	0	0	0	0	0	0	0	0	0	0	0	0	0	0	0	0	0	0	0	1	41	1	3	0	0	0	0	0	0	0	0	0	0	0	0	0	0	0	0	0	0	0	0	0	0	0	0	0	1	0	0	0	0	0	0	0	0	0	0	0	0	0	0	0	0	0	0	0	0	0	0	0	0	0 	0 	323	457	0 	0 	0 	0 	0	0	0	0	0	0	0	0	0	0	0	0	0	0	2	0		//	-26		-27			-53	-10.6	-8	71
//	10012	0	0	레무레스족의_양손도끼_12등급아이템	30042	0	0	30001	0	12	12	2012	39999	0	1	0	1	0	Null	0	Null	0	0	0	0	12	95	4492	1	62000	62000	0	0	1	0	0	0	0	78	0	0	0	0	0	0	0 	0 	344 	465 	0.8 	105 	0 	0 	1 	1 	3 	1.5 	0 	0 	0 	0 	0 	0 	0	0	1	0	0	0	0	0	0	0	0	0	0	0	0	0	0	0	0	0	0	0	0	0	0	0	0	0	1	41	1	3	0	0	0	0	0	0	0	0	0	0	0	0	0	0	0	0	0	0	0	0	0	0	0	0	0	1	0	0	0	0	0	0	0	0	0	0	0	0	0	0	0	0	0	0	0	0	0	0	0	0	0 	0 	378	535	0 	0 	0 	0 	0	0	0	0	0	0	0	0	0	0	0	0	0	0	2	0		//	-26		-27			-53	-10.6	-8	78
//	10013	0	0	괴력을지닌_양손도끼_13등급아이템	30043	0	0	30001	0	13	13	2013	39999	0	1	0	1	0	Null	0	Null	0	0	0	0	13	100	4374	1	96200	96200	0	0	1	0	0	0	0	85	0	0	0	0	0	0	0 	0 	402 	545 	0.8 	105 	0 	0 	1 	1 	3 	1.5 	0 	0 	0 	0 	0 	0 	0	0	1	0	0	0	0	0	0	0	0	0	0	0	0	0	0	0	0	0	0	0	0	0	0	0	0	0	1	41	1	3	0	0	0	0	0	0	0	0	0	0	0	0	0	0	0	0	0	0	0	0	0	0	0	0	0	1	0	0	0	0	0	0	0	0	0	0	0	0	0	0	0	0	0	0	0	0	0	0	0	0	0 	0 	442	627	0 	0 	0 	0 	0	0	0	0	0	0	0	0	0	0	0	0	0	0	2	0		//	-26		-27			-53	-10.6	-8	85
//	10014	0	0	원한을품은_양손도끼_14등급아이템	30044	0	0	30001	0	14	14	2014	39999	0	1	0	1	0	Null	0	Null	0	0	0	0	14	106	4256	1	149000	149000	0	0	1	0	0	0	0	92	0	0	0	0	0	0	0 	0 	471 	638 	0.8 	105 	0 	0 	1 	1 	3 	1.5 	0 	0 	0 	0 	0 	0 	0	0	1	0	0	0	0	0	0	0	0	0	0	0	0	0	0	0	0	0	0	0	0	0	0	0	0	0	1	41	1	3	0	0	0	0	0	0	0	0	0	0	0	0	0	0	0	0	0	0	0	0	0	0	0	0	0	1	0	0	0	0	0	0	0	0	0	0	0	0	0	0	0	0	0	0	0	0	0	0	0	0	0 	0 	518	734	0 	0 	0 	0 	0	0	0	0	0	0	0	0	0	0	0	0	0	0	2	0		//	-26		-27			-53	-10.6	-8	92
//	10015	0	0	파괴왕의_양손도끼_15등급아이템	30045	0	0	30001	0	15	15	2015	39999	0	1	0	1	0	Null	0	Null	0	0	0	0	15	111	4138	1	231000	231000	0	0	1	0	0	0	0	99	0	0	0	0	0	0	0 	0 	551 	746 	0.8 	105 	0 	0 	1 	1 	3 	1.5 	0 	0 	0 	0 	0 	0 	0	0	1	0	0	0	0	0	0	0	0	0	0	0	0	0	0	0	0	0	0	0	0	0	0	0	0	0	1	41	1	3	0	0	0	0	0	0	0	0	0	0	0	0	0	0	0	0	0	0	0	0	0	0	0	0	0	1	0	0	0	0	0	0	0	0	0	0	0	0	0	0	0	0	0	0	0	0	0	0	0	0	0 	0 	606	858	0 	0 	0 	0 	0	0	0	0	0	0	0	0	0	0	0	0	0	0	2	0		//	-26		-27			-53	-10.6	-8	99
	10016	0	0	금속_양손검_1등급아이템	30061	0	0	30002	0	101	101	2101	39999	0	2	0	2	0	Null	0	Null	0	0	0	0	1	38	5520	1	25	25	0	0	1	0	0	0	0	1	0	0	0	0	0	0	0 	0 	65 	80 	0.8 	115 	0 	0 	1 	1 	1 	1.8	0 	0 	0 	0 	0 	0 	0	0	1	0	0	0	0	0	0	0	0	0	0	0	0	0	0	0	0	0	0	0	0	0	0	0	0	0	1	41	1	5	0	0	0	0	0	0	0	0	0	0	0	0	0	0	0	0	0	0	0	0	0	0	0	0	0	1	0	0	0	0	0	0	0	0	0	0	0	0	0	0	0	0	0	0	0	0	0	0	0	0	0 	0 	72	92	0 	0 	0 	0 	0	0	0	0	0	0	0	0	0	0	0	0	0	0	2	0		//	-26		-27			-53	-10.6	-8	1
	10017	0	0	청동_양손검_2등급아이템	30062	0	0	30002	0	102	102	2102	39999	0	2	0	2	0	Null	0	Null	0	0	0	0	2	43	5300	1	800	800	0	0	1	0	0	0	0	8	0	0	0	0	0	0	0 	0 	77 	94 	0.8 	115 	0 	0 	1 	1 	1 	1.8	0 	0 	0 	0 	0 	0 	0	0	1	0	0	0	0	0	0	0	0	0	0	0	0	0	0	0	0	0	0	0	0	0	0	0	0	0	1	41	1	5	0	0	0	0	0	0	0	0	0	0	0	0	0	0	0	0	0	0	0	0	0	0	0	0	0	1	0	0	0	0	0	0	0	0	0	0	0	0	0	0	0	0	0	0	0	0	0	0	0	0	0 	0 	85	108	0 	0 	0 	0 	0	0	0	0	0	0	0	0	0	0	0	0	0	0	2	0		//	-26		-27			-53	-10.6	-8	8
	10018	0	0	합금_양손검_3등급아이템	30063	0	0	30002	0	103	103	2103	39999	0	2	0	2	0	Null	0	Null	0	0	0	0	3	48	5188	1	1200	1200	0	0	1	0	0	0	0	15	0	0	0	0	0	0	0 	0 	90 	110 	0.8 	115 	0 	0 	1 	1 	1 	1.8	0 	0 	0 	0 	0 	0 	0	0	1	0	0	0	0	0	0	0	0	0	0	0	0	0	0	0	0	0	0	0	0	0	0	0	0	0	1	41	1	5	0	0	0	0	0	0	0	0	0	0	0	0	0	0	0	0	0	0	0	0	0	0	0	0	0	1	0	0	0	0	0	0	0	0	0	0	0	0	0	0	0	0	0	0	0	0	0	0	0	0	0 	0 	99	127	0 	0 	0 	0 	0	0	0	0	0	0	0	0	0	0	0	0	0	0	2	0		//	-26		-27			-53	-10.6	-8	15
	10019	0	0	강철_양손검_4등급아이템	30064	0	0	30002	0	104	104	2104	39999	0	2	0	2	0	Null	0	Null	0	0	0	0	4	53	5078	1	1900	1900	0	0	1	0	0	0	0	22	0	0	0	0	0	0	0 	0 	105 	128 	0.8 	115 	0 	0 	1 	1 	1 	1.8	0 	0 	0 	0 	0 	0 	0	0	1	0	0	0	0	0	0	0	0	0	0	0	0	0	0	0	0	0	0	0	0	0	0	0	0	0	1	41	1	5	0	0	0	0	0	0	0	0	0	0	0	0	0	0	0	0	0	0	0	0	0	0	0	0	0	1	0	0	0	0	0	0	0	0	0	0	0	0	0	0	0	0	0	0	0	0	0	0	0	0	0 	0 	116	147	0 	0 	0 	0 	0	0	0	0	0	0	0	0	0	0	0	0	0	0	2	0		//	-26		-27			-53	-10.6	-8	22
	10020	0	0	은둔자의_양손검_5등급아이템	30065	0	0	30002	0	105	105	2105	39999	0	2	0	2	0	Null	0	Null	0	0	0	0	5	58	4968	1	2900	2900	0	0	1	0	0	0	0	29	0	0	0	0	0	0	0 	0 	123 	150 	0.8 	115 	0 	0 	1 	1 	1 	1.8	0 	0 	0 	0 	0 	0 	0	0	1	0	0	0	0	0	0	0	0	0	0	0	0	0	0	0	0	0	0	0	0	0	0	0	0	0	1	41	1	5	0	0	0	0	0	0	0	0	0	0	0	0	0	0	0	0	0	0	0	0	0	0	0	0	0	1	0	0	0	0	0	0	0	0	0	0	0	0	0	0	0	0	0	0	0	0	0	0	0	0	0 	0 	135	173	0 	0 	0 	0 	0	0	0	0	0	0	0	0	0	0	0	0	0	0	2	0		//	-26		-27			-53	-10.6	-8	29
	10021	0	0	잿빛돌풍의_양손검_6등급아이템	30066	0	0	30002	0	106	106	2106	39999	0	2	0	2	0	Null	0	Null	0	0	0	0	6	64	4858	1	4500	4500	0	0	1	0	0	0	0	36	0	0	0	0	0	0	0 	0 	144 	177 	0.8 	115 	0 	0 	1 	1 	1 	1.8	0 	0 	0 	0 	0 	0 	0	0	1	0	0	0	0	0	0	0	0	0	0	0	0	0	0	0	0	0	0	0	0	0	0	0	0	0	1	41	1	5	0	0	0	0	0	0	0	0	0	0	0	0	0	0	0	0	0	0	0	0	0	0	0	0	0	1	0	0	0	0	0	0	0	0	0	0	0	0	0	0	0	0	0	0	0	0	0	0	0	0	0 	0 	158	204	0 	0 	0 	0 	0	0	0	0	0	0	0	0	0	0	0	0	0	0	2	0		//	-26		-27			-53	-10.6	-8	36
	10022	0	0	사신의_양손검_7등급아이템	30067	0	0	30002	0	107	107	2107	39999	0	2	0	2	0	Null	0	Null	0	0	0	0	7	69	4748	1	6900	6900	0	0	1	0	0	0	0	43	0	0	0	0	0	0	0 	0 	169 	206 	0.8 	115 	0 	0 	1 	1 	1 	1.8	0 	0 	0 	0 	0 	0 	0	0	1	0	0	0	0	0	0	0	0	0	0	0	0	0	0	0	0	0	0	0	0	0	0	0	0	0	1	41	1	5	0	0	0	0	0	0	0	0	0	0	0	0	0	0	0	0	0	0	0	0	0	0	0	0	0	1	0	0	0	0	0	0	0	0	0	0	0	0	0	0	0	0	0	0	0	0	0	0	0	0	0 	0 	186	237	0 	0 	0 	0 	0	0	0	0	0	0	0	0	0	0	0	0	0	0	2	0		//	-26		-27			-53	-10.6	-8	43
	10023	0	0	전설영웅의_양손검_8등급아이템	30068	0	0	30002	0	108	108	2108	39999	0	2	0	2	0	Null	0	Null	0	0	0	0	8	74	4636	1	10700	10700	0	0	1	0	0	0	0	50	0	0	0	0	0	0	0 	0 	198 	242 	0.8 	115 	0 	0 	1 	1 	1 	1.8	0 	0 	0 	0 	0 	0 	0	0	1	0	0	0	0	0	0	0	0	0	0	0	0	0	0	0	0	0	0	0	0	0	0	0	0	0	1	41	1	5	0	0	0	0	0	0	0	0	0	0	0	0	0	0	0	0	0	0	0	0	0	0	0	0	0	1	0	0	0	0	0	0	0	0	0	0	0	0	0	0	0	0	0	0	0	0	0	0	0	0	0 	0 	218	278	0 	0 	0 	0 	0	0	0	0	0	0	0	0	0	0	0	0	0	0	2	0		//	-26		-27			-53	-10.6	-8	50
	10024	0	0	안내자맥리르_양손검_9등급아이템	30069	0	0	30002	0	109	109	2109	39999	0	2	0	2	0	Null	0	Null	0	0	0	0	9	79	4526	1	16700	16700	0	0	1	0	0	0	0	57	0	0	0	0	0	0	0 	0 	232 	283 	0.8 	115 	0 	0 	1 	1 	1 	1.8	0 	0 	0 	0 	0 	0 	0	0	1	0	0	0	0	0	0	0	0	0	0	0	0	0	0	0	0	0	0	0	0	0	0	0	0	0	1	41	1	5	0	0	0	0	0	0	0	0	0	0	0	0	0	0	0	0	0	0	0	0	0	0	0	0	0	1	0	0	0	0	0	0	0	0	0	0	0	0	0	0	0	0	0	0	0	0	0	0	0	0	0 	0 	255	325	0 	0 	0 	0 	0	0	0	0	0	0	0	0	0	0	0	0	0	0	2	0		//	-26		-27			-53	-10.6	-8	57
	10025	0	0	심연의대태도_양손검_10등급아이템	30070	0	0	30002	0	110	110	2110	39999	0	2	0	2	0	Null	0	Null	0	0	0	0	10	85	4416	1	25800	25800	0	0	1	0	0	0	0	64	0	0	0	0	0	0	0 	0 	271 	332 	0.8 	115 	0 	0 	1 	1 	1 	1.8	0 	0 	0 	0 	0 	0 	0	0	1	0	0	0	0	0	0	0	0	0	0	0	0	0	0	0	0	0	0	0	0	0	0	0	0	0	1	41	1	5	0	0	0	0	0	0	0	0	0	0	0	0	0	0	0	0	0	0	0	0	0	0	0	0	0	1	0	0	0	0	0	0	0	0	0	0	0	0	0	0	0	0	0	0	0	0	0	0	0	0	0 	0 	298	382	0 	0 	0 	0 	0	0	0	0	0	0	0	0	0	0	0	0	0	0	2	0		//	-26		-27			-53	-10.6	-8	64
//	10026	0	0	숭고한_양손검_11등급아이템	30071	0	0	30002	0	111	111	2111	39999	0	2	0	2	0	Null	0	Null	0	0	0	0	11	90	4306	1	40000	40000	0	0	1	0	0	0	0	71	0	0	0	0	0	0	0 	0 	317 	388 	0.8 	115 	0 	0 	1 	1 	1 	1.8	0 	0 	0 	0 	0 	0 	0	0	1	0	0	0	0	0	0	0	0	0	0	0	0	0	0	0	0	0	0	0	0	0	0	0	0	0	1	41	1	5	0	0	0	0	0	0	0	0	0	0	0	0	0	0	0	0	0	0	0	0	0	0	0	0	0	1	0	0	0	0	0	0	0	0	0	0	0	0	0	0	0	0	0	0	0	0	0	0	0	0	0 	0 	349	446	0 	0 	0 	0 	0	0	0	0	0	0	0	0	0	0	0	0	0	0	2	0		//	-26		-27			-53	-10.6	-8	71
//	10027	0	0	황후를지킨_양손검_12등급아이템	30072	0	0	30002	0	112	112	2112	39999	0	2	0	2	0	Null	0	Null	0	0	0	0	12	95	4196	1	62000	62000	0	0	1	0	0	0	0	78	0	0	0	0	0	0	0 	0 	372 	455 	0.8 	115 	0 	0 	1 	1 	1 	1.8	0 	0 	0 	0 	0 	0 	0	0	1	0	0	0	0	0	0	0	0	0	0	0	0	0	0	0	0	0	0	0	0	0	0	0	0	0	1	41	1	5	0	0	0	0	0	0	0	0	0	0	0	0	0	0	0	0	0	0	0	0	0	0	0	0	0	1	0	0	0	0	0	0	0	0	0	0	0	0	0	0	0	0	0	0	0	0	0	0	0	0	0 	0 	409	523	0 	0 	0 	0 	0	0	0	0	0	0	0	0	0	0	0	0	0	0	2	0		//	-26		-27			-53	-10.6	-8	78
//	10028	0	0	절망을이긴_양손검_13등급아이템	30073	0	0	30002	0	113	113	2113	39999	0	2	0	2	0	Null	0	Null	0	0	0	0	13	100	4084	1	96200	96200	0	0	1	0	0	0	0	85	0	0	0	0	0	0	0 	0 	435 	532 	0.8 	115 	0 	0 	1 	1 	1 	1.8	0 	0 	0 	0 	0 	0 	0	0	1	0	0	0	0	0	0	0	0	0	0	0	0	0	0	0	0	0	0	0	0	0	0	0	0	0	1	41	1	5	0	0	0	0	0	0	0	0	0	0	0	0	0	0	0	0	0	0	0	0	0	0	0	0	0	1	0	0	0	0	0	0	0	0	0	0	0	0	0	0	0	0	0	0	0	0	0	0	0	0	0 	0 	479	612	0 	0 	0 	0 	0	0	0	0	0	0	0	0	0	0	0	0	0	0	2	0		//	-26		-27			-53	-10.6	-8	85
//	10029	0	0	심판자메디오_양손검_14등급아이템	30074	0	0	30002	0	114	114	2114	39999	0	2	0	2	0	Null	0	Null	0	0	0	0	14	106	3974	1	149000	149000	0	0	1	0	0	0	0	92	0	0	0	0	0	0	0 	0 	509 	622 	0.8 	115 	0 	0 	1 	1 	1 	1.8	0 	0 	0 	0 	0 	0 	0	0	1	0	0	0	0	0	0	0	0	0	0	0	0	0	0	0	0	0	0	0	0	0	0	0	0	0	1	41	1	5	0	0	0	0	0	0	0	0	0	0	0	0	0	0	0	0	0	0	0	0	0	0	0	0	0	1	0	0	0	0	0	0	0	0	0	0	0	0	0	0	0	0	0	0	0	0	0	0	0	0	0 	0 	560	715	0 	0 	0 	0 	0	0	0	0	0	0	0	0	0	0	0	0	0	0	2	0		//	-26		-27			-53	-10.6	-8	92
//	10030	0	0	운명을쥔자의_양손검_15등급아이템	30075	0	0	30002	0	115	115	2115	39999	0	2	0	2	0	Null	0	Null	0	0	0	0	15	111	3864	1	231000	231000	0	0	1	0	0	0	0	99	0	0	0	0	0	0	0 	0 	596 	729 	0.8 	115 	0 	0 	1 	1 	1 	1.8	0 	0 	0 	0 	0 	0 	0	0	1	0	0	0	0	0	0	0	0	0	0	0	0	0	0	0	0	0	0	0	0	0	0	0	0	0	1	41	1	5	0	0	0	0	0	0	0	0	0	0	0	0	0	0	0	0	0	0	0	0	0	0	0	0	0	1	0	0	0	0	0	0	0	0	0	0	0	0	0	0	0	0	0	0	0	0	0	0	0	0	0 	0 	656	838	0 	0 	0 	0 	0	0	0	0	0	0	0	0	0	0	0	0	0	0	2	0		//	-26		-27			-53	-10.6	-8	99
	10031	0	0	금속_한손검_1등급아이템	30091	0	0	30003	0	201	201	2201	39999	0	3	0	3	0	Null	0	Null	0	0	0	0	1	31	9060	1	25	25	0	0	1	0	0	0	0	1	0	0	0	0	0	0	0 	0 	47 	52 	0.8 	135 	0 	0 	1 	1 	1 	1	0 	0 	0 	0 	0 	0 	0	0	0	1	0	0	0	0	0	0	0	0	0	0	0	0	0	0	0	0	0	0	0	0	0	0	0	0	1	41	1	2	0	0	0	0	0	0	0	0	0	0	0	0	0	0	0	0	0	0	0	0	0	0	0	0	0	1	0	0	0	0	0	0	0	0	0	0	0	0	0	0	0	0	0	0	0	0	0	0	0	0	0 	0 	52	60	0 	0 	0 	0 	0	0	0	0	0	0	0	0	0	0	0	0	0	0	2	0		//	-22	-20				-42	-8.4	-6	1
	10032	0	0	청동_한손검_2등급아이템	30092	0	0	30003	0	202	202	2202	39999	0	3	0	3	0	Null	0	Null	0	0	0	0	2	35	8698	1	800	800	0	0	1	0	0	0	0	8	0	0	0	0	0	0	0 	0 	56 	61 	0.8 	135 	0 	0 	1 	1 	1 	1	0 	0 	0 	0 	0 	0 	0	0	0	1	0	0	0	0	0	0	0	0	0	0	0	0	0	0	0	0	0	0	0	0	0	0	0	0	1	41	1	2	0	0	0	0	0	0	0	0	0	0	0	0	0	0	0	0	0	0	0	0	0	0	0	0	0	1	0	0	0	0	0	0	0	0	0	0	0	0	0	0	0	0	0	0	0	0	0	0	0	0	0 	0 	62	70	0 	0 	0 	0 	0	0	0	0	0	0	0	0	0	0	0	0	0	0	2	0		//	-22	-20				-42	-8.4	-6	8
	10033	0	0	주석_한손검_3등급아이템	30093	0	0	30003	0	203	203	2203	39999	0	3	0	3	0	Null	0	Null	0	0	0	0	3	40	8516	1	1200	1200	0	0	1	0	0	0	0	15	0	0	0	0	0	0	0 	0 	65 	72 	0.8 	135 	0 	0 	1 	1 	1 	1	0 	0 	0 	0 	0 	0 	0	0	0	1	0	0	0	0	0	0	0	0	0	0	0	0	0	0	0	0	0	0	0	0	0	0	0	0	1	41	1	2	0	0	0	0	0	0	0	0	0	0	0	0	0	0	0	0	0	0	0	0	0	0	0	0	0	1	0	0	0	0	0	0	0	0	0	0	0	0	0	0	0	0	0	0	0	0	0	0	0	0	0 	0 	72	83	0 	0 	0 	0 	0	0	0	0	0	0	0	0	0	0	0	0	0	0	2	0		//	-22	-20				-42	-8.4	-6	15
	10034	0	0	무쇠_한손검_4등급아이템	30094	0	0	30003	0	204	204	2204	39999	0	3	0	3	0	Null	0	Null	0	0	0	0	4	45	8336	1	1900	1900	0	0	1	0	0	0	0	22	0	0	0	0	0	0	0 	0 	76 	85 	0.8 	135 	0 	0 	1 	1 	1 	1	0 	0 	0 	0 	0 	0 	0	0	0	1	0	0	0	0	0	0	0	0	0	0	0	0	0	0	0	0	0	0	0	0	0	0	0	0	1	41	1	2	0	0	0	0	0	0	0	0	0	0	0	0	0	0	0	0	0	0	0	0	0	0	0	0	0	1	0	0	0	0	0	0	0	0	0	0	0	0	0	0	0	0	0	0	0	0	0	0	0	0	0 	0 	84	98	0 	0 	0 	0 	0	0	0	0	0	0	0	0	0	0	0	0	0	0	2	0		//	-22	-20				-42	-8.4	-6	22
	10035	0	0	수호자_한손검_5등급아이템	30095	0	0	30003	0	205	205	2205	39999	0	3	0	3	0	Null	0	Null	0	0	0	0	5	50	8154	1	2900	2900	0	0	1	0	0	0	0	29	0	0	0	0	0	0	0 	0 	90 	99 	0.8 	135 	0 	0 	1 	1 	1 	1	0 	0 	0 	0 	0 	0 	0	0	0	1	0	0	0	0	0	0	0	0	0	0	0	0	0	0	0	0	0	0	0	0	0	0	0	0	1	41	1	2	0	0	0	0	0	0	0	0	0	0	0	0	0	0	0	0	0	0	0	0	0	0	0	0	0	1	0	0	0	0	0	0	0	0	0	0	0	0	0	0	0	0	0	0	0	0	0	0	0	0	0 	0 	99	114	0 	0 	0 	0 	0	0	0	0	0	0	0	0	0	0	0	0	0	0	2	0		//	-22	-20				-42	-8.4	-6	29
	10036	0	0	용족의골짜기_한손검_6등급아이템	30096	0	0	30003	0	206	206	2206	39999	0	3	0	3	0	Null	0	Null	0	0	0	0	6	55	7972	1	4500	4500	0	0	1	0	0	0	0	36	0	0	0	0	0	0	0 	0 	105 	116 	0.8 	135 	0 	0 	1 	1 	1 	1	0 	0 	0 	0 	0 	0 	0	0	0	1	0	0	0	0	0	0	0	0	0	0	0	0	0	0	0	0	0	0	0	0	0	0	0	0	1	41	1	2	0	0	0	0	0	0	0	0	0	0	0	0	0	0	0	0	0	0	0	0	0	0	0	0	0	1	0	0	0	0	0	0	0	0	0	0	0	0	0	0	0	0	0	0	0	0	0	0	0	0	0 	0 	116	133	0 	0 	0 	0 	0	0	0	0	0	0	0	0	0	0	0	0	0	0	2	0		//	-22	-20				-42	-8.4	-6	36
	10037	0	0	기적을일구는_한손검_7등급아이템	30097	0	0	30003	0	207	207	2207	39999	0	3	0	3	0	Null	0	Null	0	0	0	0	7	60	7792	1	6900	6900	0	0	1	0	0	0	0	43	0	0	0	0	0	0	0 	0 	123 	136 	0.8 	135 	0 	0 	1 	1 	1 	1	0 	0 	0 	0 	0 	0 	0	0	0	1	0	0	0	0	0	0	0	0	0	0	0	0	0	0	0	0	0	0	0	0	0	0	0	0	1	41	1	2	0	0	0	0	0	0	0	0	0	0	0	0	0	0	0	0	0	0	0	0	0	0	0	0	0	1	0	0	0	0	0	0	0	0	0	0	0	0	0	0	0	0	0	0	0	0	0	0	0	0	0 	0 	135	156	0 	0 	0 	0 	0	0	0	0	0	0	0	0	0	0	0	0	0	0	2	0		//	-22	-20				-42	-8.4	-6	43
	10038	0	0	새벽을여는_한손검_8등급아이템	30098	0	0	30003	0	208	208	2208	39999	0	3	0	3	0	Null	0	Null	0	0	0	0	8	65	7610	1	10700	10700	0	0	1	0	0	0	0	50	0	0	0	0	0	0	0 	0 	144 	159 	0.8 	135 	0 	0 	1 	1 	1 	1	0 	0 	0 	0 	0 	0 	0	0	0	1	0	0	0	0	0	0	0	0	0	0	0	0	0	0	0	0	0	0	0	0	0	0	0	0	1	41	1	2	0	0	0	0	0	0	0	0	0	0	0	0	0	0	0	0	0	0	0	0	0	0	0	0	0	1	0	0	0	0	0	0	0	0	0	0	0	0	0	0	0	0	0	0	0	0	0	0	0	0	0 	0 	158	183	0 	0 	0 	0 	0	0	0	0	0	0	0	0	0	0	0	0	0	0	2	0		//	-22	-20				-42	-8.4	-6	50
	10039	0	0	용암으로달군_한손검_9등급아이템	30099	0	0	30003	0	209	209	2209	39999	0	3	0	3	0	Null	0	Null	0	0	0	0	9	70	7430	1	16700	16700	0	0	1	0	0	0	0	57	0	0	0	0	0	0	0 	0 	169 	186 	0.8 	135 	0 	0 	1 	1 	1 	1	0 	0 	0 	0 	0 	0 	0	0	0	1	0	0	0	0	0	0	0	0	0	0	0	0	0	0	0	0	0	0	0	0	0	0	0	0	1	41	1	2	0	0	0	0	0	0	0	0	0	0	0	0	0	0	0	0	0	0	0	0	0	0	0	0	0	1	0	0	0	0	0	0	0	0	0	0	0	0	0	0	0	0	0	0	0	0	0	0	0	0	0 	0 	186	214	0 	0 	0 	0 	0	0	0	0	0	0	0	0	0	0	0	0	0	0	2	0		//	-22	-20				-42	-8.4	-6	57
	10040	0	0	데이브레이커_한손검_10등급아이템	30100	0	0	30003	0	210	210	2210	39999	0	3	0	3	0	Null	0	Null	0	0	0	0	10	74	7248	1	25800	25800	0	0	1	0	0	0	0	64	0	0	0	0	0	0	0 	0 	197 	218 	0.8 	135 	0 	0 	1 	1 	1 	1	0 	0 	0 	0 	0 	0 	0	0	0	1	0	0	0	0	0	0	0	0	0	0	0	0	0	0	0	0	0	0	0	0	0	0	0	0	1	41	1	2	0	0	0	0	0	0	0	0	0	0	0	0	0	0	0	0	0	0	0	0	0	0	0	0	0	1	0	0	0	0	0	0	0	0	0	0	0	0	0	0	0	0	0	0	0	0	0	0	0	0	0 	0 	217	251	0 	0 	0 	0 	0	0	0	0	0	0	0	0	0	0	0	0	0	0	2	0		//	-22	-20				-42	-8.4	-6	64
//	10041	0	0	뜨거운복수의_한손검_11등급아이템	30101	0	0	30003	0	211	211	2211	39999	0	3	0	3	0	Null	0	Null	0	0	0	0	11	79	7066	1	40000	40000	0	0	1	0	0	0	0	71	0	0	0	0	0	0	0 	0 	230 	255 	0.8 	135 	0 	0 	1 	1 	1 	1	0 	0 	0 	0 	0 	0 	0	0	0	1	0	0	0	0	0	0	0	0	0	0	0	0	0	0	0	0	0	0	0	0	0	0	0	0	1	41	1	2	0	0	0	0	0	0	0	0	0	0	0	0	0	0	0	0	0	0	0	0	0	0	0	0	0	1	0	0	0	0	0	0	0	0	0	0	0	0	0	0	0	0	0	0	0	0	0	0	0	0	0 	0 	253	293	0 	0 	0 	0 	0	0	0	0	0	0	0	0	0	0	0	0	0	0	2	0		//	-22	-20				-42	-8.4	-6	71
//	10042	0	0	공명한벨티스_한손검_12등급아이템	30102	0	0	30003	0	212	212	2212	39999	0	3	0	3	0	Null	0	Null	0	0	0	0	12	84	6886	1	62000	62000	0	0	1	0	0	0	0	78	0	0	0	0	0	0	0 	0 	270 	299 	0.8 	135 	0 	0 	1 	1 	1 	1	0 	0 	0 	0 	0 	0 	0	0	0	1	0	0	0	0	0	0	0	0	0	0	0	0	0	0	0	0	0	0	0	0	0	0	0	0	1	41	1	2	0	0	0	0	0	0	0	0	0	0	0	0	0	0	0	0	0	0	0	0	0	0	0	0	0	1	0	0	0	0	0	0	0	0	0	0	0	0	0	0	0	0	0	0	0	0	0	0	0	0	0 	0 	297	344	0 	0 	0 	0 	0	0	0	0	0	0	0	0	0	0	0	0	0	0	2	0		//	-22	-20				-42	-8.4	-6	78
//	10043	0	0	영혼을지키는_한손검_13등급아이템	30103	0	0	30003	0	213	213	2213	39999	0	3	0	3	0	Null	0	Null	0	0	0	0	13	89	6704	1	96200	96200	0	0	1	0	0	0	0	85	0	0	0	0	0	0	0 	0 	316 	349 	0.8 	135 	0 	0 	1 	1 	1 	1	0 	0 	0 	0 	0 	0 	0	0	0	1	0	0	0	0	0	0	0	0	0	0	0	0	0	0	0	0	0	0	0	0	0	0	0	0	1	41	1	2	0	0	0	0	0	0	0	0	0	0	0	0	0	0	0	0	0	0	0	0	0	0	0	0	0	1	0	0	0	0	0	0	0	0	0	0	0	0	0	0	0	0	0	0	0	0	0	0	0	0	0 	0 	348	401	0 	0 	0 	0 	0	0	0	0	0	0	0	0	0	0	0	0	0	0	2	0		//	-22	-20				-42	-8.4	-6	85
//	10044	0	0	속박을끊는_한손검_14등급아이템	30104	0	0	30003	0	214	214	2214	39999	0	3	0	3	0	Null	0	Null	0	0	0	0	14	94	6524	1	149000	149000	0	0	1	0	0	0	0	92	0	0	0	0	0	0	0 	0 	370 	409 	0.8 	135 	0 	0 	1 	1 	1 	1	0 	0 	0 	0 	0 	0 	0	0	0	1	0	0	0	0	0	0	0	0	0	0	0	0	0	0	0	0	0	0	0	0	0	0	0	0	1	41	1	2	0	0	0	0	0	0	0	0	0	0	0	0	0	0	0	0	0	0	0	0	0	0	0	0	0	1	0	0	0	0	0	0	0	0	0	0	0	0	0	0	0	0	0	0	0	0	0	0	0	0	0 	0 	407	470	0 	0 	0 	0 	0	0	0	0	0	0	0	0	0	0	0	0	0	0	2	0		//	-22	-20				-42	-8.4	-6	92
//	10045	0	0	비상하는용족의_한손검_15등급아이템	30105	0	0	30003	0	215	215	2215	39999	0	3	0	3	0	Null	0	Null	0	0	0	0	15	99	6342	1	231000	231000	0	0	1	0	0	0	0	99	0	0	0	0	0	0	0 	0 	433 	478 	0.8 	135 	0 	0 	1 	1 	1 	1	0 	0 	0 	0 	0 	0 	0	0	0	1	0	0	0	0	0	0	0	0	0	0	0	0	0	0	0	0	0	0	0	0	0	0	0	0	1	41	1	2	0	0	0	0	0	0	0	0	0	0	0	0	0	0	0	0	0	0	0	0	0	0	0	0	0	1	0	0	0	0	0	0	0	0	0	0	0	0	0	0	0	0	0	0	0	0	0	0	0	0	0 	0 	476	550	0 	0 	0 	0 	0	0	0	0	0	0	0	0	0	0	0	0	0	0	2	0		//	-22	-20				-42	-8.4	-6	99
	10046	0	0	금속_창_1등급아이템	30121	0	0	30004	0	301	301	2301	39999	0	4	0	4	0	Null	0	Null	0	0	0	0	1	31	7770	1	25	25	0	0	1	0	0	0	0	1	0	0	0	0	0	0	0 	0 	52 	61 	0.8 	120 	0 	0 	1 	1 	1 	2.5	0 	0 	0 	0 	0 	0 	0	0	0	1	0	0	0	0	0	0	0	0	0	0	0	0	0	0	0	0	0	0	0	0	0	0	0	0	1	41	1	4	0	0	0	0	0	0	0	0	0	0	0	0	0	0	0	0	0	0	0	0	0	0	0	0	0	1	0	0	0	0	0	0	0	0	0	0	0	0	0	0	0	0	0	0	0	0	0	0	0	0	0 	0 	57	70	0 	0 	0 	0 	0	0	0	0	0	0	0	0	0	0	0	0	0	0	2	0		//	-22	-20				-42	-8.4	-6	1
	10047	0	0	청동_창_2등급아이템	30122	0	0	30004	0	302	302	2302	39999	0	4	0	4	0	Null	0	Null	0	0	0	0	2	35	7460	1	800	800	0	0	1	0	0	0	0	8	0	0	0	0	0	0	0 	0 	61 	72 	0.8 	120 	0 	0 	1 	1 	1 	2.5	0 	0 	0 	0 	0 	0 	0	0	0	1	0	0	0	0	0	0	0	0	0	0	0	0	0	0	0	0	0	0	0	0	0	0	0	0	1	41	1	4	0	0	0	0	0	0	0	0	0	0	0	0	0	0	0	0	0	0	0	0	0	0	0	0	0	1	0	0	0	0	0	0	0	0	0	0	0	0	0	0	0	0	0	0	0	0	0	0	0	0	0 	0 	67	83	0 	0 	0 	0 	0	0	0	0	0	0	0	0	0	0	0	0	0	0	2	0		//	-22	-20				-42	-8.4	-6	8
	10048	0	0	주석_창_3등급아이템	30123	0	0	30004	0	303	303	2303	39999	0	4	0	4	0	Null	0	Null	0	0	0	0	3	40	7304	1	1200	1200	0	0	1	0	0	0	0	15	0	0	0	0	0	0	0 	0 	71 	84 	0.8 	120 	0 	0 	1 	1 	1 	2.5	0 	0 	0 	0 	0 	0 	0	0	0	1	0	0	0	0	0	0	0	0	0	0	0	0	0	0	0	0	0	0	0	0	0	0	0	0	1	41	1	4	0	0	0	0	0	0	0	0	0	0	0	0	0	0	0	0	0	0	0	0	0	0	0	0	0	1	0	0	0	0	0	0	0	0	0	0	0	0	0	0	0	0	0	0	0	0	0	0	0	0	0 	0 	78	97	0 	0 	0 	0 	0	0	0	0	0	0	0	0	0	0	0	0	0	0	2	0		//	-22	-20				-42	-8.4	-6	15
	10049	0	0	무쇠_창_4등급아이템	30124	0	0	30004	0	304	304	2304	39999	0	4	0	4	0	Null	0	Null	0	0	0	0	4	45	7148	1	1900	1900	0	0	1	0	0	0	0	22	0	0	0	0	0	0	0 	0 	84 	99 	0.8 	120 	0 	0 	1 	1 	1 	2.5	0 	0 	0 	0 	0 	0 	0	0	0	1	0	0	0	0	0	0	0	0	0	0	0	0	0	0	0	0	0	0	0	0	0	0	0	0	1	41	1	4	0	0	0	0	0	0	0	0	0	0	0	0	0	0	0	0	0	0	0	0	0	0	0	0	0	1	0	0	0	0	0	0	0	0	0	0	0	0	0	0	0	0	0	0	0	0	0	0	0	0	0 	0 	92	114	0 	0 	0 	0 	0	0	0	0	0	0	0	0	0	0	0	0	0	0	2	0		//	-22	-20				-42	-8.4	-6	22
	10050	0	0	최후의일격_창_5등급아이템	30125	0	0	30004	0	305	305	2305	39999	0	4	0	4	0	Null	0	Null	0	0	0	0	5	50	6994	1	2900	2900	0	0	1	0	0	0	0	29	0	0	0	0	0	0	0 	0 	99 	116 	0.8 	120 	0 	0 	1 	1 	1 	2.5	0 	0 	0 	0 	0 	0 	0	0	0	1	0	0	0	0	0	0	0	0	0	0	0	0	0	0	0	0	0	0	0	0	0	0	0	0	1	41	1	4	0	0	0	0	0	0	0	0	0	0	0	0	0	0	0	0	0	0	0	0	0	0	0	0	0	1	0	0	0	0	0	0	0	0	0	0	0	0	0	0	0	0	0	0	0	0	0	0	0	0	0 	0 	109	133	0 	0 	0 	0 	0	0	0	0	0	0	0	0	0	0	0	0	0	0	2	0		//	-22	-20				-42	-8.4	-6	29
	10051	0	0	북풍을가르는_창_6등급아이템	30126	0	0	30004	0	306	306	2306	39999	0	4	0	4	0	Null	0	Null	0	0	0	0	6	55	6838	1	4500	4500	0	0	1	0	0	0	0	36	0	0	0	0	0	0	0 	0 	115 	136 	0.8 	120 	0 	0 	1 	1 	1 	2.5	0 	0 	0 	0 	0 	0 	0	0	0	1	0	0	0	0	0	0	0	0	0	0	0	0	0	0	0	0	0	0	0	0	0	0	0	0	1	41	1	4	0	0	0	0	0	0	0	0	0	0	0	0	0	0	0	0	0	0	0	0	0	0	0	0	0	1	0	0	0	0	0	0	0	0	0	0	0	0	0	0	0	0	0	0	0	0	0	0	0	0	0 	0 	127	156	0 	0 	0 	0 	0	0	0	0	0	0	0	0	0	0	0	0	0	0	2	0		//	-22	-20				-42	-8.4	-6	36
	10052	0	0	분노의번개_창_7등급아이템	30127	0	0	30004	0	307	307	2307	39999	0	4	0	4	0	Null	0	Null	0	0	0	0	7	60	6682	1	6900	6900	0	0	1	0	0	0	0	43	0	0	0	0	0	0	0 	0 	135 	158 	0.8 	120 	0 	0 	1 	1 	1 	2.5	0 	0 	0 	0 	0 	0 	0	0	0	1	0	0	0	0	0	0	0	0	0	0	0	0	0	0	0	0	0	0	0	0	0	0	0	0	1	41	1	4	0	0	0	0	0	0	0	0	0	0	0	0	0	0	0	0	0	0	0	0	0	0	0	0	0	1	0	0	0	0	0	0	0	0	0	0	0	0	0	0	0	0	0	0	0	0	0	0	0	0	0 	0 	149	182	0 	0 	0 	0 	0	0	0	0	0	0	0	0	0	0	0	0	0	0	2	0		//	-22	-20				-42	-8.4	-6	43
	10053	0	0	천리안_창_8등급아이템	30128	0	0	30004	0	308	308	2308	39999	0	4	0	4	0	Null	0	Null	0	0	0	0	8	65	6526	1	10700	10700	0	0	1	0	0	0	0	50	0	0	0	0	0	0	0 	0 	158 	185 	0.8 	120 	0 	0 	1 	1 	1 	2.5	0 	0 	0 	0 	0 	0 	0	0	0	1	0	0	0	0	0	0	0	0	0	0	0	0	0	0	0	0	0	0	0	0	0	0	0	0	1	41	1	4	0	0	0	0	0	0	0	0	0	0	0	0	0	0	0	0	0	0	0	0	0	0	0	0	0	1	0	0	0	0	0	0	0	0	0	0	0	0	0	0	0	0	0	0	0	0	0	0	0	0	0 	0 	174	213	0 	0 	0 	0 	0	0	0	0	0	0	0	0	0	0	0	0	0	0	2	0		//	-22	-20				-42	-8.4	-6	50
	10054	0	0	성난바람_창_9등급아이템	30129	0	0	30004	0	309	309	2309	39999	0	4	0	4	0	Null	0	Null	0	0	0	0	9	70	6372	1	16700	16700	0	0	1	0	0	0	0	57	0	0	0	0	0	0	0 	0 	185 	218 	0.8 	120 	0 	0 	1 	1 	1 	2.5	0 	0 	0 	0 	0 	0 	0	0	0	1	0	0	0	0	0	0	0	0	0	0	0	0	0	0	0	0	0	0	0	0	0	0	0	0	1	41	1	4	0	0	0	0	0	0	0	0	0	0	0	0	0	0	0	0	0	0	0	0	0	0	0	0	0	1	0	0	0	0	0	0	0	0	0	0	0	0	0	0	0	0	0	0	0	0	0	0	0	0	0 	0 	204	251	0 	0 	0 	0 	0	0	0	0	0	0	0	0	0	0	0	0	0	0	2	0		//	-22	-20				-42	-8.4	-6	57
	10055	0	0	오딘의궁그닐_창_10등급아이템	30130	0	0	30004	0	310	310	2310	39999	0	4	0	4	0	Null	0	Null	0	0	0	0	10	74	6216	1	25800	25800	0	0	1	0	0	0	0	64	0	0	0	0	0	0	0 	0 	217 	254 	0.8 	120 	0 	0 	1 	1 	1 	2.5	0 	0 	0 	0 	0 	0 	0	0	0	1	0	0	0	0	0	0	0	0	0	0	0	0	0	0	0	0	0	0	0	0	0	0	0	0	1	41	1	4	0	0	0	0	0	0	0	0	0	0	0	0	0	0	0	0	0	0	0	0	0	0	0	0	0	1	0	0	0	0	0	0	0	0	0	0	0	0	0	0	0	0	0	0	0	0	0	0	0	0	0 	0 	239	292	0 	0 	0 	0 	0	0	0	0	0	0	0	0	0	0	0	0	0	0	2	0		//	-22	-20				-42	-8.4	-6	64
//	10056	0	0	심연을가르는_창_11등급아이템	30131	0	0	30004	0	311	311	2311	39999	0	4	0	4	0	Null	0	Null	0	0	0	0	11	79	6060	1	40000	40000	0	0	1	0	0	0	0	71	0	0	0	0	0	0	0 	0 	254 	299 	0.8 	120 	0 	0 	1 	1 	1 	2.5	0 	0 	0 	0 	0 	0 	0	0	0	1	0	0	0	0	0	0	0	0	0	0	0	0	0	0	0	0	0	0	0	0	0	0	0	0	1	41	1	4	0	0	0	0	0	0	0	0	0	0	0	0	0	0	0	0	0	0	0	0	0	0	0	0	0	1	0	0	0	0	0	0	0	0	0	0	0	0	0	0	0	0	0	0	0	0	0	0	0	0	0 	0 	279	344	0 	0 	0 	0 	0	0	0	0	0	0	0	0	0	0	0	0	0	0	2	0		//	-22	-20				-42	-8.4	-6	71
//	10057	0	0	대담한에리알_창_12등급아이템	30132	0	0	30004	0	312	312	2312	39999	0	4	0	4	0	Null	0	Null	0	0	0	0	12	84	5906	1	62000	62000	0	0	1	0	0	0	0	78	0	0	0	0	0	0	0 	0 	298 	349 	0.8 	120 	0 	0 	1 	1 	1 	2.5	0 	0 	0 	0 	0 	0 	0	0	0	1	0	0	0	0	0	0	0	0	0	0	0	0	0	0	0	0	0	0	0	0	0	0	0	0	1	41	1	4	0	0	0	0	0	0	0	0	0	0	0	0	0	0	0	0	0	0	0	0	0	0	0	0	0	1	0	0	0	0	0	0	0	0	0	0	0	0	0	0	0	0	0	0	0	0	0	0	0	0	0 	0 	328	401	0 	0 	0 	0 	0	0	0	0	0	0	0	0	0	0	0	0	0	0	2	0		//	-22	-20				-42	-8.4	-6	78
//	10058	0	0	광채에싸인_창_13등급아이템	30133	0	0	30004	0	313	313	2313	39999	0	4	0	4	0	Null	0	Null	0	0	0	0	13	89	5750	1	96200	96200	0	0	1	0	0	0	0	85	0	0	0	0	0	0	0 	0 	348 	409 	0.8 	120 	0 	0 	1 	1 	1 	2.5	0 	0 	0 	0 	0 	0 	0	0	0	1	0	0	0	0	0	0	0	0	0	0	0	0	0	0	0	0	0	0	0	0	0	0	0	0	1	41	1	4	0	0	0	0	0	0	0	0	0	0	0	0	0	0	0	0	0	0	0	0	0	0	0	0	0	1	0	0	0	0	0	0	0	0	0	0	0	0	0	0	0	0	0	0	0	0	0	0	0	0	0 	0 	383	470	0 	0 	0 	0 	0	0	0	0	0	0	0	0	0	0	0	0	0	0	2	0		//	-22	-20				-42	-8.4	-6	85
//	10059	0	0	대천사의_창_14등급아이템	30134	0	0	30004	0	314	314	2314	39999	0	4	0	4	0	Null	0	Null	0	0	0	0	14	94	5594	1	149000	149000	0	0	1	0	0	0	0	92	0	0	0	0	0	0	0 	0 	407 	478 	0.8 	120 	0 	0 	1 	1 	1 	2.5	0 	0 	0 	0 	0 	0 	0	0	0	1	0	0	0	0	0	0	0	0	0	0	0	0	0	0	0	0	0	0	0	0	0	0	0	0	1	41	1	4	0	0	0	0	0	0	0	0	0	0	0	0	0	0	0	0	0	0	0	0	0	0	0	0	0	1	0	0	0	0	0	0	0	0	0	0	0	0	0	0	0	0	0	0	0	0	0	0	0	0	0 	0 	448	550	0 	0 	0 	0 	0	0	0	0	0	0	0	0	0	0	0	0	0	0	2	0		//	-22	-20				-42	-8.4	-6	92
//	10060	0	0	거룩한계시의_창_15등급아이템	30135	0	0	30004	0	315	315	2315	39999	0	4	0	4	0	Null	0	Null	0	0	0	0	15	99	5440	1	231000	231000	0	0	1	0	0	0	0	99	0	0	0	0	0	0	0 	0 	477 	560 	0.8 	120 	0 	0 	1 	1 	1 	2.5	0 	0 	0 	0 	0 	0 	0	0	0	1	0	0	0	0	0	0	0	0	0	0	0	0	0	0	0	0	0	0	0	0	0	0	0	0	1	41	1	4	0	0	0	0	0	0	0	0	0	0	0	0	0	0	0	0	0	0	0	0	0	0	0	0	0	1	0	0	0	0	0	0	0	0	0	0	0	0	0	0	0	0	0	0	0	0	0	0	0	0	0 	0 	525	644	0 	0 	0 	0 	0	0	0	0	0	0	0	0	0	0	0	0	0	0	2	0		//	-22	-20				-42	-8.4	-6	99
	10061	0	0	강철_대거_1등급아이템	31161	0	0	31156	0	401	401	2401	39999	0	5	0	5	0	Null	0	Null	0	0	0	0	1	30	8310	1	25	25	0	0	1	0	0	0	0	1	0	0	0	0	0	0	0 	0 	49 	54 	0.8 	140 	0 	0 	1 	1 	1 	2.5	0 	0 	0 	0 	0 	0 	0	0	0	0	1	0	0	0	0	0	0	0	0	0	0	0	0	0	0	0	0	0	0	0	0	0	0	0	1	41	1	2	0	0	0	0	0	0	0	0	0	0	0	0	0	0	0	0	0	0	0	0	0	0	0	0	0	1	0	0	0	0	0	0	0	0	0	0	0	0	0	0	0	0	0	0	0	0	0	0	0	0	0 	0 	54	62	0 	0 	0 	0 	0	0	0	0	0	0	0	0	0	0	0	0	0	0	2	0		//	-19			-18		-37	-7.4	-5	1
	10062	0	0	미스릴_대거_2등급아이템	31162	0	0	31156	0	402	402	2402	39999	0	5	0	5	0	Null	0	Null	0	0	0	0	2	35	7978	1	800	800	0	0	1	0	0	0	0	8	0	0	0	0	0	0	0 	0 	57 	62 	0.8 	140 	0 	0 	1 	1 	1 	2.5	0 	0 	0 	0 	0 	0 	0	0	0	0	1	0	0	0	0	0	0	0	0	0	0	0	0	0	0	0	0	0	0	0	0	0	0	0	1	41	1	2	0	0	0	0	0	0	0	0	0	0	0	0	0	0	0	0	0	0	0	0	0	0	0	0	0	1	0	0	0	0	0	0	0	0	0	0	0	0	0	0	0	0	0	0	0	0	0	0	0	0	0 	0 	63	71	0 	0 	0 	0 	0	0	0	0	0	0	0	0	0	0	0	0	0	0	2	0		//	-19			-18		-37	-7.4	-5	8
	10063	0	0	흑철_대거_3등급아이템	31163	0	0	31156	0	403	403	2403	39999	0	5	0	5	0	Null	0	Null	0	0	0	0	3	39	7812	1	1200	1200	0	0	1	0	0	0	0	15	0	0	0	0	0	0	0 	0 	68 	73 	0.8 	140 	0 	0 	1 	1 	1 	2.5	0 	0 	0 	0 	0 	0 	0	0	0	0	1	0	0	0	0	0	0	0	0	0	0	0	0	0	0	0	0	0	0	0	0	0	0	0	1	41	1	2	0	0	0	0	0	0	0	0	0	0	0	0	0	0	0	0	0	0	0	0	0	0	0	0	0	1	0	0	0	0	0	0	0	0	0	0	0	0	0	0	0	0	0	0	0	0	0	0	0	0	0 	0 	75	84	0 	0 	0 	0 	0	0	0	0	0	0	0	0	0	0	0	0	0	0	2	0		//	-19			-18		-37	-7.4	-5	15
	10064	0	0	데스모더스_대거_4등급아이템	31164	0	0	31156	0	404	404	2404	39999	0	5	0	5	0	Null	0	Null	0	0	0	0	4	44	7646	1	1900	1900	0	0	1	0	0	0	0	22	0	0	0	0	0	0	0 	0 	79 	86 	0.8 	140 	0 	0 	1 	1 	1 	2.5	0 	0 	0 	0 	0 	0 	0	0	0	0	1	0	0	0	0	0	0	0	0	0	0	0	0	0	0	0	0	0	0	0	0	0	0	0	1	41	1	2	0	0	0	0	0	0	0	0	0	0	0	0	0	0	0	0	0	0	0	0	0	0	0	0	0	1	0	0	0	0	0	0	0	0	0	0	0	0	0	0	0	0	0	0	0	0	0	0	0	0	0 	0 	87	99	0 	0 	0 	0 	0	0	0	0	0	0	0	0	0	0	0	0	0	0	2	0		//	-19			-18		-37	-7.4	-5	22
	10065	0	0	제국말살자_대거_5등급아이템	31165	0	0	31156	0	405	405	2405	39999	0	5	0	5	0	Null	0	Null	0	0	0	0	5	49	7480	1	2900	2900	0	0	1	0	0	0	0	29	0	0	0	0	0	0	0 	0 	93 	100 	0.8 	140 	0 	0 	1 	1 	1 	2.5	0 	0 	0 	0 	0 	0 	0	0	0	0	1	0	0	0	0	0	0	0	0	0	0	0	0	0	0	0	0	0	0	0	0	0	0	0	1	41	1	2	0	0	0	0	0	0	0	0	0	0	0	0	0	0	0	0	0	0	0	0	0	0	0	0	0	1	0	0	0	0	0	0	0	0	0	0	0	0	0	0	0	0	0	0	0	0	0	0	0	0	0 	0 	102	115	0 	0 	0 	0 	0	0	0	0	0	0	0	0	0	0	0	0	0	0	2	0		//	-19			-18		-37	-7.4	-5	29
	10066	0	0	심장파괴자의_대거_6등급아이템	31166	0	0	31156	0	406	406	2406	39999	0	5	0	5	0	Null	0	Null	0	0	0	0	6	54	7312	1	4500	4500	0	0	1	0	0	0	0	36	0	0	0	0	0	0	0 	0 	109 	118 	0.8 	140 	0 	0 	1 	1 	1 	2.5	0 	0 	0 	0 	0 	0 	0	0	0	0	1	0	0	0	0	0	0	0	0	0	0	0	0	0	0	0	0	0	0	0	0	0	0	0	1	41	1	2	0	0	0	0	0	0	0	0	0	0	0	0	0	0	0	0	0	0	0	0	0	0	0	0	0	1	0	0	0	0	0	0	0	0	0	0	0	0	0	0	0	0	0	0	0	0	0	0	0	0	0 	0 	120	136	0 	0 	0 	0 	0	0	0	0	0	0	0	0	0	0	0	0	0	0	2	0		//	-19			-18		-37	-7.4	-5	36
	10067	0	0	피의향현_대거_7등급아이템	31167	0	0	31156	0	407	407	2407	39999	0	5	0	5	0	Null	0	Null	0	0	0	0	7	59	7146	1	6900	6900	0	0	1	0	0	0	0	43	0	0	0	0	0	0	0 	0 	127 	138 	0.8 	140 	0 	0 	1 	1 	1 	2.5	0 	0 	0 	0 	0 	0 	0	0	0	0	1	0	0	0	0	0	0	0	0	0	0	0	0	0	0	0	0	0	0	0	0	0	0	0	1	41	1	2	0	0	0	0	0	0	0	0	0	0	0	0	0	0	0	0	0	0	0	0	0	0	0	0	0	1	0	0	0	0	0	0	0	0	0	0	0	0	0	0	0	0	0	0	0	0	0	0	0	0	0 	0 	140	159	0 	0 	0 	0 	0	0	0	0	0	0	0	0	0	0	0	0	0	0	2	0		//	-19			-18		-37	-7.4	-5	43
	10068	0	0	영혼을쫓는_대거_8등급아이템	31168	0	0	31156	0	408	408	2408	39999	0	5	0	5	0	Null	0	Null	0	0	0	0	8	64	6980	1	10700	10700	0	0	1	0	0	0	0	50	0	0	0	0	0	0	0 	0 	149 	162 	0.8 	140 	0 	0 	1 	1 	1 	2.5	0 	0 	0 	0 	0 	0 	0	0	0	0	1	0	0	0	0	0	0	0	0	0	0	0	0	0	0	0	0	0	0	0	0	0	0	0	1	41	1	2	0	0	0	0	0	0	0	0	0	0	0	0	0	0	0	0	0	0	0	0	0	0	0	0	0	1	0	0	0	0	0	0	0	0	0	0	0	0	0	0	0	0	0	0	0	0	0	0	0	0	0 	0 	164	186	0 	0 	0 	0 	0	0	0	0	0	0	0	0	0	0	0	0	0	0	2	0		//	-19			-18		-37	-7.4	-5	50
	10069	0	0	침묵의묵시록_대거_9등급아이템	31169	0	0	31156	0	409	409	2409	39999	0	5	0	5	0	Null	0	Null	0	0	0	0	9	69	6814	1	16700	16700	0	0	1	0	0	0	0	57	0	0	0	0	0	0	0 	0 	174 	189 	0.8 	140 	0 	0 	1 	1 	1 	2.5	0 	0 	0 	0 	0 	0 	0	0	0	0	1	0	0	0	0	0	0	0	0	0	0	0	0	0	0	0	0	0	0	0	0	0	0	0	1	41	1	2	0	0	0	0	0	0	0	0	0	0	0	0	0	0	0	0	0	0	0	0	0	0	0	0	0	1	0	0	0	0	0	0	0	0	0	0	0	0	0	0	0	0	0	0	0	0	0	0	0	0	0 	0 	191	217	0 	0 	0 	0 	0	0	0	0	0	0	0	0	0	0	0	0	0	0	2	0		//	-19			-18		-37	-7.4	-5	57
	10070	0	0	각성된월첨_대거_10등급아이템	31160	0	0	31156	0	410	410	2410	39999	0	5	0	5	0	Null	0	Null	0	0	0	0	10	74	6648	1	25800	25800	0	0	1	0	0	0	0	64	0	0	0	0	0	0	0 	0 	204 	221 	0.8 	140 	0 	0 	1 	1 	1 	2.5	0 	0 	0 	0 	0 	0 	0	0	0	0	1	0	0	0	0	0	0	0	0	0	0	0	0	0	0	0	0	0	0	0	0	0	0	0	1	41	1	2	0	0	0	0	0	0	0	0	0	0	0	0	0	0	0	0	0	0	0	0	0	0	0	0	0	1	0	0	0	0	0	0	0	0	0	0	0	0	0	0	0	0	0	0	0	0	0	0	0	0	0 	0 	224	254	0 	0 	0 	0 	0	0	0	0	0	0	0	0	0	0	0	0	0	0	2	0		//	-19			-18		-37	-7.4	-5	64
//	10071	0	0	섀도우무기_대거_11등급아이템	30161	0	0	31156	0	411	411	2411	39999	0	5	0	5	0	Null	0	Null	0	0	0	0	11	79	6482	1	40000	40000	0	0	1	0	0	0	0	71	0	0	0	0	0	0	0 	0 	240 	260 	0.8 	140 	0 	0 	1 	1 	1 	2.5	0 	0 	0 	0 	0 	0 	0	0	0	0	1	0	0	0	0	0	0	0	0	0	0	0	0	0	0	0	0	0	0	0	0	0	0	0	1	41	1	2	0	0	0	0	0	0	0	0	0	0	0	0	0	0	0	0	0	0	0	0	0	0	0	0	0	1	0	0	0	0	0	0	0	0	0	0	0	0	0	0	0	0	0	0	0	0	0	0	0	0	0 	0 	264	299	0 	0 	0 	0 	0	0	0	0	0	0	0	0	0	0	0	0	0	0	2	0		//	-19			-18		-37	-7.4	-5	71
//	10072	0	0	섀도우무기_대거_12등급아이템	30162	0	0	31156	0	412	412	2412	39999	0	5	0	5	0	Null	0	Null	0	0	0	0	12	84	6316	1	62000	62000	0	0	1	0	0	0	0	78	0	0	0	0	0	0	0 	0 	280 	303 	0.8 	140 	0 	0 	1 	1 	1 	2.5	0 	0 	0 	0 	0 	0 	0	0	0	0	1	0	0	0	0	0	0	0	0	0	0	0	0	0	0	0	0	0	0	0	0	0	0	0	1	41	1	2	0	0	0	0	0	0	0	0	0	0	0	0	0	0	0	0	0	0	0	0	0	0	0	0	0	1	0	0	0	0	0	0	0	0	0	0	0	0	0	0	0	0	0	0	0	0	0	0	0	0	0 	0 	308	348	0 	0 	0 	0 	0	0	0	0	0	0	0	0	0	0	0	0	0	0	2	0		//	-19			-18		-37	-7.4	-5	78
//	10073	0	0	섀도우무기_대거_13등급아이템	30163	0	0	31156	0	413	413	2413	39999	0	5	0	5	0	Null	0	Null	0	0	0	0	13	88	6150	1	96200	96200	0	0	1	0	0	0	0	85	0	0	0	0	0	0	0 	0 	328 	355 	0.8 	140 	0 	0 	1 	1 	1 	2.5	0 	0 	0 	0 	0 	0 	0	0	0	0	1	0	0	0	0	0	0	0	0	0	0	0	0	0	0	0	0	0	0	0	0	0	0	0	1	41	1	2	0	0	0	0	0	0	0	0	0	0	0	0	0	0	0	0	0	0	0	0	0	0	0	0	0	1	0	0	0	0	0	0	0	0	0	0	0	0	0	0	0	0	0	0	0	0	0	0	0	0	0 	0 	361	408	0 	0 	0 	0 	0	0	0	0	0	0	0	0	0	0	0	0	0	0	2	0		//	-19			-18		-37	-7.4	-5	85
//	10074	0	0	섀도우무기_대거_14등급아이템	30164	0	0	31156	0	414	414	2414	39999	0	5	0	5	0	Null	0	Null	0	0	0	0	14	93	5984	1	149000	149000	0	0	1	0	0	0	0	92	0	0	0	0	0	0	0 	0 	384 	416 	0.8 	140 	0 	0 	1 	1 	1 	2.5	0 	0 	0 	0 	0 	0 	0	0	0	0	1	0	0	0	0	0	0	0	0	0	0	0	0	0	0	0	0	0	0	0	0	0	0	0	1	41	1	2	0	0	0	0	0	0	0	0	0	0	0	0	0	0	0	0	0	0	0	0	0	0	0	0	0	1	0	0	0	0	0	0	0	0	0	0	0	0	0	0	0	0	0	0	0	0	0	0	0	0	0 	0 	422	478	0 	0 	0 	0 	0	0	0	0	0	0	0	0	0	0	0	0	0	0	2	0		//	-19			-18		-37	-7.4	-5	92
//	10075	0	0	섀도우무기_대거_15등급아이템	30165	0	0	31156	0	415	415	2415	39999	0	5	0	5	0	Null	0	Null	0	0	0	0	15	98	5818	1	231000	231000	0	0	1	0	0	0	0	99	0	0	0	0	0	0	0 	0 	449 	486 	0.8 	140 	0 	0 	1 	1 	1 	2.5	0 	0 	0 	0 	0 	0 	0	0	0	0	1	0	0	0	0	0	0	0	0	0	0	0	0	0	0	0	0	0	0	0	0	0	0	0	1	41	1	2	0	0	0	0	0	0	0	0	0	0	0	0	0	0	0	0	0	0	0	0	0	0	0	0	0	1	0	0	0	0	0	0	0	0	0	0	0	0	0	0	0	0	0	0	0	0	0	0	0	0	0 	0 	494	559	0 	0 	0 	0 	0	0	0	0	0	0	0	0	0	0	0	0	0	0	2	0		//	-19			-18		-37	-7.4	-5	99
	10076	0	0	강철_채찍검_1등급아이템	31171	0	0	31157	0	501	501	2501	39999	0	6	0	6	0	Null	0	Null	0	0	0	0	1	30	9060	1	25	25	0	0	1	0	0	0	0	1	0	0	0	0	0	0	0 	0 	51 	62 	0.8 	125 	0 	0 	1 	1 	1 	3.5	0 	0 	0 	0 	0 	0 	0	0	0	0	1	0	0	0	0	0	0	0	0	0	0	0	0	0	0	0	0	0	0	0	0	0	0	0	1	41	1	3	0	0	0	0	0	0	0	0	0	0	0	0	0	0	0	0	0	0	0	0	0	0	0	0	0	1	0	0	0	0	0	0	0	0	0	0	0	0	0	0	0	0	0	0	0	0	0	0	0	0	0 	0 	56	71	0 	0 	0 	0 	0	0	0	0	0	0	0	0	0	0	0	0	0	0	2	0		//	-19			-18		-37	-7.4	-5	1
	10077	0	0	미스릴_채찍검_2등급아이템	31172	0	0	31157	0	502	502	2502	39999	0	6	0	6	0	Null	0	Null	0	0	0	0	2	35	8698	1	800	800	0	0	1	0	0	0	0	8	0	0	0	0	0	0	0 	0 	60 	71 	0.8 	125 	0 	0 	1 	1 	1 	3.5	0 	0 	0 	0 	0 	0 	0	0	0	0	1	0	0	0	0	0	0	0	0	0	0	0	0	0	0	0	0	0	0	0	0	0	0	0	1	41	1	3	0	0	0	0	0	0	0	0	0	0	0	0	0	0	0	0	0	0	0	0	0	0	0	0	0	1	0	0	0	0	0	0	0	0	0	0	0	0	0	0	0	0	0	0	0	0	0	0	0	0	0 	0 	66	82	0 	0 	0 	0 	0	0	0	0	0	0	0	0	0	0	0	0	0	0	2	0		//	-19			-18		-37	-7.4	-5	8
	10078	0	0	흑철_채찍검_3등급아이템	31173	0	0	31157	0	503	503	2503	39999	0	6	0	6	0	Null	0	Null	0	0	0	0	3	39	8516	1	1200	1200	0	0	1	0	0	0	0	15	0	0	0	0	0	0	0 	0 	70 	85 	0.8 	125 	0 	0 	1 	1 	1 	3.5	0 	0 	0 	0 	0 	0 	0	0	0	0	1	0	0	0	0	0	0	0	0	0	0	0	0	0	0	0	0	0	0	0	0	0	0	0	1	41	1	3	0	0	0	0	0	0	0	0	0	0	0	0	0	0	0	0	0	0	0	0	0	0	0	0	0	1	0	0	0	0	0	0	0	0	0	0	0	0	0	0	0	0	0	0	0	0	0	0	0	0	0 	0 	77	98	0 	0 	0 	0 	0	0	0	0	0	0	0	0	0	0	0	0	0	0	2	0		//	-19			-18		-37	-7.4	-5	15
	10079	0	0	배신자를위한_채찍검_4등급아이템	31174	0	0	31157	0	504	504	2504	39999	0	6	0	6	0	Null	0	Null	0	0	0	0	4	44	8336	1	1900	1900	0	0	1	0	0	0	0	22	0	0	0	0	0	0	0 	0 	82 	99 	0.8 	125 	0 	0 	1 	1 	1 	3.5	0 	0 	0 	0 	0 	0 	0	0	0	0	1	0	0	0	0	0	0	0	0	0	0	0	0	0	0	0	0	0	0	0	0	0	0	0	1	41	1	3	0	0	0	0	0	0	0	0	0	0	0	0	0	0	0	0	0	0	0	0	0	0	0	0	0	1	0	0	0	0	0	0	0	0	0	0	0	0	0	0	0	0	0	0	0	0	0	0	0	0	0 	0 	90	114	0 	0 	0 	0 	0	0	0	0	0	0	0	0	0	0	0	0	0	0	2	0		//	-19			-18		-37	-7.4	-5	22
	10080	0	0	비명의관통_채찍검_5등급아이템	31175	0	0	31157	0	505	505	2505	39999	0	6	0	6	0	Null	0	Null	0	0	0	0	5	49	8154	1	2900	2900	0	0	1	0	0	0	0	29	0	0	0	0	0	0	0 	0 	97 	116 	0.8 	125 	0 	0 	1 	1 	1 	3.5	0 	0 	0 	0 	0 	0 	0	0	0	0	1	0	0	0	0	0	0	0	0	0	0	0	0	0	0	0	0	0	0	0	0	0	0	0	1	41	1	3	0	0	0	0	0	0	0	0	0	0	0	0	0	0	0	0	0	0	0	0	0	0	0	0	0	1	0	0	0	0	0	0	0	0	0	0	0	0	0	0	0	0	0	0	0	0	0	0	0	0	0 	0 	107	133	0 	0 	0 	0 	0	0	0	0	0	0	0	0	0	0	0	0	0	0	2	0		//	-19			-18		-37	-7.4	-5	29
	10081	0	0	아리아드네의손톱_채찍검_6등급아이템	31176	0	0	31157	0	506	506	2506	39999	0	6	0	6	0	Null	0	Null	0	0	0	0	6	54	7972	1	4500	4500	0	0	1	0	0	0	0	36	0	0	0	0	0	0	0 	0 	113 	136 	0.8 	125 	0 	0 	1 	1 	1 	3.5	0 	0 	0 	0 	0 	0 	0	0	0	0	1	0	0	0	0	0	0	0	0	0	0	0	0	0	0	0	0	0	0	0	0	0	0	0	1	41	1	3	0	0	0	0	0	0	0	0	0	0	0	0	0	0	0	0	0	0	0	0	0	0	0	0	0	1	0	0	0	0	0	0	0	0	0	0	0	0	0	0	0	0	0	0	0	0	0	0	0	0	0 	0 	124	156	0 	0 	0 	0 	0	0	0	0	0	0	0	0	0	0	0	0	0	0	2	0		//	-19			-18		-37	-7.4	-5	36
	10082	0	0	암묵적사념체_채찍검_7등급아이템	31177	0	0	31157	0	507	507	2507	39999	0	6	0	6	0	Null	0	Null	0	0	0	0	7	59	7792	1	6900	6900	0	0	1	0	0	0	0	43	0	0	0	0	0	0	0 	0 	132 	159 	0.8 	125 	0 	0 	1 	1 	1 	3.5	0 	0 	0 	0 	0 	0 	0	0	0	0	1	0	0	0	0	0	0	0	0	0	0	0	0	0	0	0	0	0	0	0	0	0	0	0	1	41	1	3	0	0	0	0	0	0	0	0	0	0	0	0	0	0	0	0	0	0	0	0	0	0	0	0	0	1	0	0	0	0	0	0	0	0	0	0	0	0	0	0	0	0	0	0	0	0	0	0	0	0	0 	0 	145	183	0 	0 	0 	0 	0	0	0	0	0	0	0	0	0	0	0	0	0	0	2	0		//	-19			-18		-37	-7.4	-5	43
	10083	0	0	그림자영창곡_채찍검_8등급아이템	31178	0	0	31157	0	508	508	2508	39999	0	6	0	6	0	Null	0	Null	0	0	0	0	8	64	7610	1	10700	10700	0	0	1	0	0	0	0	50	0	0	0	0	0	0	0 	0 	155 	186 	0.8 	125 	0 	0 	1 	1 	1 	3.5	0 	0 	0 	0 	0 	0 	0	0	0	0	1	0	0	0	0	0	0	0	0	0	0	0	0	0	0	0	0	0	0	0	0	0	0	0	1	41	1	3	0	0	0	0	0	0	0	0	0	0	0	0	0	0	0	0	0	0	0	0	0	0	0	0	0	1	0	0	0	0	0	0	0	0	0	0	0	0	0	0	0	0	0	0	0	0	0	0	0	0	0 	0 	171	214	0 	0 	0 	0 	0	0	0	0	0	0	0	0	0	0	0	0	0	0	2	0		//	-19			-18		-37	-7.4	-5	50
	10084	0	0	지옥의클라르테_채찍검_9등급아이템	31179	0	0	31157	0	509	509	2509	39999	0	6	0	6	0	Null	0	Null	0	0	0	0	9	69	7430	1	16700	16700	0	0	1	0	0	0	0	57	0	0	0	0	0	0	0 	0 	182 	218 	0.8 	125 	0 	0 	1 	1 	1 	3.5	0 	0 	0 	0 	0 	0 	0	0	0	0	1	0	0	0	0	0	0	0	0	0	0	0	0	0	0	0	0	0	0	0	0	0	0	0	1	41	1	3	0	0	0	0	0	0	0	0	0	0	0	0	0	0	0	0	0	0	0	0	0	0	0	0	0	1	0	0	0	0	0	0	0	0	0	0	0	0	0	0	0	0	0	0	0	0	0	0	0	0	0 	0 	200	251	0 	0 	0 	0 	0	0	0	0	0	0	0	0	0	0	0	0	0	0	2	0		//	-19			-18		-37	-7.4	-5	57
	10085	0	0	사형집행자_채찍검_10등급아이템	31180	0	0	31157	0	510	510	2510	39999	0	6	0	6	0	Null	0	Null	0	0	0	0	10	74	7248	1	25800	25800	0	0	1	0	0	0	0	64	0	0	0	0	0	0	0 	0 	212 	255 	0.8 	125 	0 	0 	1 	1 	1 	3.5	0 	0 	0 	0 	0 	0 	0	0	0	0	1	0	0	0	0	0	0	0	0	0	0	0	0	0	0	0	0	0	0	0	0	0	0	0	1	41	1	3	0	0	0	0	0	0	0	0	0	0	0	0	0	0	0	0	0	0	0	0	0	0	0	0	0	1	0	0	0	0	0	0	0	0	0	0	0	0	0	0	0	0	0	0	0	0	0	0	0	0	0 	0 	233	293	0 	0 	0 	0 	0	0	0	0	0	0	0	0	0	0	0	0	0	0	2	0		//	-19			-18		-37	-7.4	-5	64
//	10086	0	0	미정_채찍검_11등급아이템	30191	0	0	31157	0	511	511	2511	39999	0	6	0	6	0	Null	0	Null	0	0	0	0	11	79	7066	1	40000	40000	0	0	1	0	0	0	0	71	0	0	0	0	0	0	0 	0 	249 	298 	0.8 	125 	0 	0 	1 	1 	1 	3.5	0 	0 	0 	0 	0 	0 	0	0	0	0	1	0	0	0	0	0	0	0	0	0	0	0	0	0	0	0	0	0	0	0	0	0	0	0	1	41	1	3	0	0	0	0	0	0	0	0	0	0	0	0	0	0	0	0	0	0	0	0	0	0	0	0	0	1	0	0	0	0	0	0	0	0	0	0	0	0	0	0	0	0	0	0	0	0	0	0	0	0	0 	0 	274	343	0 	0 	0 	0 	0	0	0	0	0	0	0	0	0	0	0	0	0	0	2	0		//	-19			-18		-37	-7.4	-5	71
//	10087	0	0	미정_채찍검_12등급아이템	30192	0	0	31157	0	512	512	2512	39999	0	6	0	6	0	Null	0	Null	0	0	0	0	12	84	6886	1	62000	62000	0	0	1	0	0	0	0	78	0	0	0	0	0	0	0 	0 	292 	349 	0.8 	125 	0 	0 	1 	1 	1 	3.5	0 	0 	0 	0 	0 	0 	0	0	0	0	1	0	0	0	0	0	0	0	0	0	0	0	0	0	0	0	0	0	0	0	0	0	0	0	1	41	1	3	0	0	0	0	0	0	0	0	0	0	0	0	0	0	0	0	0	0	0	0	0	0	0	0	0	1	0	0	0	0	0	0	0	0	0	0	0	0	0	0	0	0	0	0	0	0	0	0	0	0	0 	0 	321	401	0 	0 	0 	0 	0	0	0	0	0	0	0	0	0	0	0	0	0	0	2	0		//	-19			-18		-37	-7.4	-5	78
//	10088	0	0	미정_채찍검_13등급아이템	30193	0	0	31157	0	513	513	2513	39999	0	6	0	6	0	Null	0	Null	0	0	0	0	13	88	6704	1	96200	96200	0	0	1	0	0	0	0	85	0	0	0	0	0	0	0 	0 	342 	409 	0.8 	125 	0 	0 	1 	1 	1 	3.5	0 	0 	0 	0 	0 	0 	0	0	0	0	1	0	0	0	0	0	0	0	0	0	0	0	0	0	0	0	0	0	0	0	0	0	0	0	1	41	1	3	0	0	0	0	0	0	0	0	0	0	0	0	0	0	0	0	0	0	0	0	0	0	0	0	0	1	0	0	0	0	0	0	0	0	0	0	0	0	0	0	0	0	0	0	0	0	0	0	0	0	0 	0 	376	470	0 	0 	0 	0 	0	0	0	0	0	0	0	0	0	0	0	0	0	0	2	0		//	-19			-18		-37	-7.4	-5	85
//	10089	0	0	미정_채찍검_14등급아이템	30194	0	0	31157	0	514	514	2514	39999	0	6	0	6	0	Null	0	Null	0	0	0	0	14	93	6524	1	149000	149000	0	0	1	0	0	0	0	92	0	0	0	0	0	0	0 	0 	400 	479 	0.8 	125 	0 	0 	1 	1 	1 	3.5	0 	0 	0 	0 	0 	0 	0	0	0	0	1	0	0	0	0	0	0	0	0	0	0	0	0	0	0	0	0	0	0	0	0	0	0	0	1	41	1	3	0	0	0	0	0	0	0	0	0	0	0	0	0	0	0	0	0	0	0	0	0	0	0	0	0	1	0	0	0	0	0	0	0	0	0	0	0	0	0	0	0	0	0	0	0	0	0	0	0	0	0 	0 	440	551	0 	0 	0 	0 	0	0	0	0	0	0	0	0	0	0	0	0	0	0	2	0		//	-19			-18		-37	-7.4	-5	92
//	10090	0	0	미정_채찍검_15등급아이템	30195	0	0	31157	0	515	515	2515	39999	0	6	0	6	0	Null	0	Null	0	0	0	0	15	98	6342	1	231000	231000	0	0	1	0	0	0	0	99	0	0	0	0	0	0	0 	0 	468 	561 	0.8 	125 	0 	0 	1 	1 	1 	3.5	0 	0 	0 	0 	0 	0 	0	0	0	0	1	0	0	0	0	0	0	0	0	0	0	0	0	0	0	0	0	0	0	0	0	0	0	0	1	41	1	3	0	0	0	0	0	0	0	0	0	0	0	0	0	0	0	0	0	0	0	0	0	0	0	0	0	1	0	0	0	0	0	0	0	0	0	0	0	0	0	0	0	0	0	0	0	0	0	0	0	0	0 	0 	515	645	0 	0 	0 	0 	0	0	0	0	0	0	0	0	0	0	0	0	0	0	2	0		//	-19			-18		-37	-7.4	-5	99
	10091	0	0	대나무_한손석궁_1등급아이템	30211	0	0	30007	0	601	601	2601	39999	0	7	0	7	0	Null	0	Null	0	0	0	0	1	25	8430	1	25	25	0	0	1	0	0	0	0	1	0	0	0	0	0	0	0 	0 	38 	43 	0.8 	150 	0 	0 	2 	2 	2	19 	0 	0 	0 	0 	0 	0 	0	0	0	0	0	1	0	0	0	0	0	0	0	0	0	0	0	0	0	0	0	0	0	0	0	0	0	0	1	41	1	2	0	0	0	0	0	0	0	0	0	0	0	0	0	0	0	0	0	0	0	0	0	0	0	0	0	1	0	0	0	0	0	0	0	0	0	0	0	0	0	0	0	0	0	0	0	0	0	0	0	0	0 	0 	42	49	0 	0 	0 	0 	0	0	0	0	0	0	0	0	0	0	0	0	0	0	2	0		//	-16	-23				-39	-7.8	-5	1
	10092	0	0	떡갈나무_한손석궁_2등급아이템	30212	0	0	30007	0	602	602	2602	39999	0	7	0	7	0	Null	0	Null	0	0	0	0	2	29	8092	1	800	800	0	0	1	0	0	0	0	8	0	0	0	0	0	0	0 	0 	44 	51 	0.8 	150 	0 	0 	2 	2 	2	19 	0 	0 	0 	0 	0 	0 	0	0	0	0	0	1	0	0	0	0	0	0	0	0	0	0	0	0	0	0	0	0	0	0	0	0	0	0	1	41	1	2	0	0	0	0	0	0	0	0	0	0	0	0	0	0	0	0	0	0	0	0	0	0	0	0	0	1	0	0	0	0	0	0	0	0	0	0	0	0	0	0	0	0	0	0	0	0	0	0	0	0	0 	0 	48	59	0 	0 	0 	0 	0	0	0	0	0	0	0	0	0	0	0	0	0	0	2	0		//	-16	-23				-39	-7.8	-5	8
	10093	0	0	주석_한손석궁_3등급아이템	30213	0	0	30007	0	603	603	2603	39999	0	7	0	7	0	Null	0	Null	0	0	0	0	3	34	7924	1	1200	1200	0	0	1	0	0	0	0	15	0	0	0	0	0	0	0 	0 	53 	60 	0.8 	150 	0 	0 	2 	2 	2	19 	0 	0 	0 	0 	0 	0 	0	0	0	0	0	1	0	0	0	0	0	0	0	0	0	0	0	0	0	0	0	0	0	0	0	0	0	0	1	41	1	2	0	0	0	0	0	0	0	0	0	0	0	0	0	0	0	0	0	0	0	0	0	0	0	0	0	1	0	0	0	0	0	0	0	0	0	0	0	0	0	0	0	0	0	0	0	0	0	0	0	0	0 	0 	58	69	0 	0 	0 	0 	0	0	0	0	0	0	0	0	0	0	0	0	0	0	2	0		//	-16	-23				-39	-7.8	-5	15
	10094	0	0	강철_한손석궁_4등급아이템	30214	0	0	30007	0	604	604	2604	39999	0	7	0	7	0	Null	0	Null	0	0	0	0	4	38	7756	1	1900	1900	0	0	1	0	0	0	0	22	0	0	0	0	0	0	0 	0 	62 	71 	0.8 	150 	0 	0 	2 	2 	2	19 	0 	0 	0 	0 	0 	0 	0	0	0	0	0	1	0	0	0	0	0	0	0	0	0	0	0	0	0	0	0	0	0	0	0	0	0	0	1	41	1	2	0	0	0	0	0	0	0	0	0	0	0	0	0	0	0	0	0	0	0	0	0	0	0	0	0	1	0	0	0	0	0	0	0	0	0	0	0	0	0	0	0	0	0	0	0	0	0	0	0	0	0 	0 	68	82	0 	0 	0 	0 	0	0	0	0	0	0	0	0	0	0	0	0	0	0	2	0		//	-16	-23				-39	-7.8	-5	22
	10095	0	0	속사_한손석궁_5등급아이템	30215	0	0	30007	0	605	605	2605	39999	0	7	0	7	0	Null	0	Null	0	0	0	0	5	43	7588	1	2900	2900	0	0	1	0	0	0	0	29	0	0	0	0	0	0	0 	0 	72 	83 	0.8 	150 	0 	0 	2 	2 	2	19 	0 	0 	0 	0 	0 	0 	0	0	0	0	0	1	0	0	0	0	0	0	0	0	0	0	0	0	0	0	0	0	0	0	0	0	0	0	1	41	1	2	0	0	0	0	0	0	0	0	0	0	0	0	0	0	0	0	0	0	0	0	0	0	0	0	0	1	0	0	0	0	0	0	0	0	0	0	0	0	0	0	0	0	0	0	0	0	0	0	0	0	0 	0 	79	95	0 	0 	0 	0 	0	0	0	0	0	0	0	0	0	0	0	0	0	0	2	0		//	-16	-23				-39	-7.8	-5	29
	10096	0	0	리베호수_한손석궁_6등급아이템	30216	0	0	30007	0	606	606	2606	39999	0	7	0	7	0	Null	0	Null	0	0	0	0	6	47	7418	1	4500	4500	0	0	1	0	0	0	0	36	0	0	0	0	0	0	0 	0 	84 	97 	0.8 	150 	0 	0 	2 	2 	2	19 	0 	0 	0 	0 	0 	0 	0	0	0	0	0	1	0	0	0	0	0	0	0	0	0	0	0	0	0	0	0	0	0	0	0	0	0	0	1	41	1	2	0	0	0	0	0	0	0	0	0	0	0	0	0	0	0	0	0	0	0	0	0	0	0	0	0	1	0	0	0	0	0	0	0	0	0	0	0	0	0	0	0	0	0	0	0	0	0	0	0	0	0 	0 	92	112	0 	0 	0 	0 	0	0	0	0	0	0	0	0	0	0	0	0	0	0	2	0		//	-16	-23				-39	-7.8	-5	36
	10097	0	0	경이로운자_한손석궁_7등급아이템	30217	0	0	30007	0	607	607	2607	39999	0	7	0	7	0	Null	0	Null	0	0	0	0	7	52	7250	1	6900	6900	0	0	1	0	0	0	0	43	0	0	0	0	0	0	0 	0 	99 	114 	0.8 	150 	0 	0 	2 	2 	2	19 	0 	0 	0 	0 	0 	0 	0	0	0	0	0	1	0	0	0	0	0	0	0	0	0	0	0	0	0	0	0	0	0	0	0	0	0	0	1	41	1	2	0	0	0	0	0	0	0	0	0	0	0	0	0	0	0	0	0	0	0	0	0	0	0	0	0	1	0	0	0	0	0	0	0	0	0	0	0	0	0	0	0	0	0	0	0	0	0	0	0	0	0 	0 	109	131	0 	0 	0 	0 	0	0	0	0	0	0	0	0	0	0	0	0	0	0	2	0		//	-16	-23				-39	-7.8	-5	43
	10098	0	0	진노한나자린_한손석궁_8등급아이템	30218	0	0	30007	0	608	608	2608	39999	0	7	0	7	0	Null	0	Null	0	0	0	0	8	56	7082	1	10700	10700	0	0	1	0	0	0	0	50	0	0	0	0	0	0	0 	0 	116 	133 	0.8 	150 	0 	0 	2 	2 	2	19 	0 	0 	0 	0 	0 	0 	0	0	0	0	0	1	0	0	0	0	0	0	0	0	0	0	0	0	0	0	0	0	0	0	0	0	0	0	1	41	1	2	0	0	0	0	0	0	0	0	0	0	0	0	0	0	0	0	0	0	0	0	0	0	0	0	0	1	0	0	0	0	0	0	0	0	0	0	0	0	0	0	0	0	0	0	0	0	0	0	0	0	0 	0 	128	153	0 	0 	0 	0 	0	0	0	0	0	0	0	0	0	0	0	0	0	0	2	0		//	-16	-23				-39	-7.8	-5	50
	10099	0	0	비밀숲_한손석궁_9등급아이템	30219	0	0	30007	0	609	609	2609	39999	0	7	0	7	0	Null	0	Null	0	0	0	0	9	61	6912	1	16700	16700	0	0	1	0	0	0	0	57	0	0	0	0	0	0	0 	0 	136 	157 	0.8 	150 	0 	0 	2 	2 	2	19 	0 	0 	0 	0 	0 	0 	0	0	0	0	0	1	0	0	0	0	0	0	0	0	0	0	0	0	0	0	0	0	0	0	0	0	0	0	1	41	1	2	0	0	0	0	0	0	0	0	0	0	0	0	0	0	0	0	0	0	0	0	0	0	0	0	0	1	0	0	0	0	0	0	0	0	0	0	0	0	0	0	0	0	0	0	0	0	0	0	0	0	0 	0 	150	181	0 	0 	0 	0 	0	0	0	0	0	0	0	0	0	0	0	0	0	0	2	0		//	-16	-23				-39	-7.8	-5	57
	10100	0	0	디스트럭션키스_한손석궁_10등급아이템	30220	0	0	30007	0	610	610	2610	39999	0	7	0	7	0	Null	0	Null	0	0	0	0	10	66	6744	1	25800	25800	0	0	1	0	0	0	0	64	0	0	0	0	0	0	0 	0 	159 	184 	0.8 	150 	0 	0 	2 	2 	2	19 	0 	0 	0 	0 	0 	0 	0	0	0	0	0	1	0	0	0	0	0	0	0	0	0	0	0	0	0	0	0	0	0	0	0	0	0	0	1	41	1	2	0	0	0	0	0	0	0	0	0	0	0	0	0	0	0	0	0	0	0	0	0	0	0	0	0	1	0	0	0	0	0	0	0	0	0	0	0	0	0	0	0	0	0	0	0	0	0	0	0	0	0 	0 	175	212	0 	0 	0 	0 	0	0	0	0	0	0	0	0	0	0	0	0	0	0	2	0		//	-16	-23				-39	-7.8	-5	64
//	10101	0	0	겸허한이노슨_한손석궁_11등급아이템	30221	0	0	30007	0	611	611	2611	39999	0	7	0	7	0	Null	0	Null	0	0	0	0	11	70	6576	1	40000	40000	0	0	1	0	0	0	0	71	0	0	0	0	0	0	0 	0 	186 	215 	0.8 	150 	0 	0 	2 	2 	2	19 	0 	0 	0 	0 	0 	0 	0	0	0	0	0	1	0	0	0	0	0	0	0	0	0	0	0	0	0	0	0	0	0	0	0	0	0	0	1	41	1	2	0	0	0	0	0	0	0	0	0	0	0	0	0	0	0	0	0	0	0	0	0	0	0	0	0	1	0	0	0	0	0	0	0	0	0	0	0	0	0	0	0	0	0	0	0	0	0	0	0	0	0 	0 	205	247	0 	0 	0 	0 	0	0	0	0	0	0	0	0	0	0	0	0	0	0	2	0		//	-16	-23				-39	-7.8	-5	71
//	10102	0	0	궁사라우펜_한손석궁_12등급아이템	30222	0	0	30007	0	612	612	2612	39999	0	7	0	7	0	Null	0	Null	0	0	0	0	12	75	6406	1	62000	62000	0	0	1	0	0	0	0	78	0	0	0	0	0	0	0 	0 	218 	251 	0.8 	150 	0 	0 	2 	2 	2	19 	0 	0 	0 	0 	0 	0 	0	0	0	0	0	1	0	0	0	0	0	0	0	0	0	0	0	0	0	0	0	0	0	0	0	0	0	0	1	41	1	2	0	0	0	0	0	0	0	0	0	0	0	0	0	0	0	0	0	0	0	0	0	0	0	0	0	1	0	0	0	0	0	0	0	0	0	0	0	0	0	0	0	0	0	0	0	0	0	0	0	0	0 	0 	240	289	0 	0 	0 	0 	0	0	0	0	0	0	0	0	0	0	0	0	0	0	2	0		//	-16	-23				-39	-7.8	-5	78
//	10103	0	0	잔혹한분노의_한손석궁_13등급아이템	30223	0	0	30007	0	613	613	2613	39999	0	7	0	7	0	Null	0	Null	0	0	0	0	13	79	6238	1	96200	96200	0	0	1	0	0	0	0	85	0	0	0	0	0	0	0 	0 	255 	294 	0.8 	150 	0 	0 	2 	2 	2	19 	0 	0 	0 	0 	0 	0 	0	0	0	0	0	1	0	0	0	0	0	0	0	0	0	0	0	0	0	0	0	0	0	0	0	0	0	0	1	41	1	2	0	0	0	0	0	0	0	0	0	0	0	0	0	0	0	0	0	0	0	0	0	0	0	0	0	1	0	0	0	0	0	0	0	0	0	0	0	0	0	0	0	0	0	0	0	0	0	0	0	0	0 	0 	281	338	0 	0 	0 	0 	0	0	0	0	0	0	0	0	0	0	0	0	0	0	2	0		//	-16	-23				-39	-7.8	-5	85
//	10104	0	0	검은태양의_한손석궁_14등급아이템	30224	0	0	30007	0	614	614	2614	39999	0	7	0	7	0	Null	0	Null	0	0	0	0	14	84	6070	1	149000	149000	0	0	1	0	0	0	0	92	0	0	0	0	0	0	0 	0 	299 	344 	0.8 	150 	0 	0 	2 	2 	2	19 	0 	0 	0 	0 	0 	0 	0	0	0	0	0	1	0	0	0	0	0	0	0	0	0	0	0	0	0	0	0	0	0	0	0	0	0	0	1	41	1	2	0	0	0	0	0	0	0	0	0	0	0	0	0	0	0	0	0	0	0	0	0	0	0	0	0	1	0	0	0	0	0	0	0	0	0	0	0	0	0	0	0	0	0	0	0	0	0	0	0	0	0 	0 	329	396	0 	0 	0 	0 	0	0	0	0	0	0	0	0	0	0	0	0	0	0	2	0		//	-16	-23				-39	-7.8	-5	92
//	10105	0	0	하늘정원의_한손석궁_15등급아이템	30225	0	0	30007	0	615	615	2615	39999	0	7	0	7	0	Null	0	Null	0	0	0	0	15	88	5902	1	231000	231000	0	0	1	0	0	0	0	99	0	0	0	0	0	0	0 	0 	350 	403 	0.8 	150 	0 	0 	2 	2 	2	19 	0 	0 	0 	0 	0 	0 	0	0	0	0	0	1	0	0	0	0	0	0	0	0	0	0	0	0	0	0	0	0	0	0	0	0	0	0	1	41	1	2	0	0	0	0	0	0	0	0	0	0	0	0	0	0	0	0	0	0	0	0	0	0	0	0	0	1	0	0	0	0	0	0	0	0	0	0	0	0	0	0	0	0	0	0	0	0	0	0	0	0	0 	0 	385	463	0 	0 	0 	0 	0	0	0	0	0	0	0	0	0	0	0	0	0	0	2	0		//	-16	-23				-39	-7.8	-5	99
	10106	0	0	금속_에테르웨폰_1등급아이템	30241	0	0	30008	0	701	701	2701	39999	0	8	0	8	0	Null	0	Null	0	0	0	0	1	25	5400	1	25	25	0	0	1	0	0	0	0	1	0	0	0	0	0	0	0 	0 	46 	61 	0.8 	105 	0 	0 	2 	2 	2 	16	0 	0 	0 	0 	0 	0 	0	0	0	0	0	1	0	0	0	0	0	0	0	0	0	0	0	0	0	0	0	0	0	0	0	0	0	0	1	41	1	3	0	0	0	0	0	0	0	0	0	0	0	0	0	0	0	0	0	0	0	0	0	0	0	0	0	1	0	0	0	0	0	0	0	0	0	0	0	0	0	0	0	0	0	0	0	0	0	0	0	0	0 	0 	51	70	0 	0 	0 	0 	0	0	0	0	0	0	0	0	0	0	0	0	0	0	2	0		//	-16	-23				-39	-7.8	-5	1
	10107	0	0	청동_에테르웨폰_2등급아이템	30242	0	0	30008	0	702	702	2702	39999	0	8	0	8	0	Null	0	Null	0	0	0	0	2	29	5184	1	800	800	0	0	1	0	0	0	0	8	0	0	0	0	0	0	0 	0 	55 	72 	0.8 	105 	0 	0 	2 	2 	2 	16	0 	0 	0 	0 	0 	0 	0	0	0	0	0	1	0	0	0	0	0	0	0	0	0	0	0	0	0	0	0	0	0	0	0	0	0	0	1	41	1	3	0	0	0	0	0	0	0	0	0	0	0	0	0	0	0	0	0	0	0	0	0	0	0	0	0	1	0	0	0	0	0	0	0	0	0	0	0	0	0	0	0	0	0	0	0	0	0	0	0	0	0 	0 	61	83	0 	0 	0 	0 	0	0	0	0	0	0	0	0	0	0	0	0	0	0	2	0		//	-16	-23				-39	-7.8	-5	8
	10108	0	0	주석_에테르웨폰_3등급아이템	30243	0	0	30008	0	703	703	2703	39999	0	8	0	8	0	Null	0	Null	0	0	0	0	3	34	5076	1	1200	1200	0	0	1	0	0	0	0	15	0	0	0	0	0	0	0 	0 	64 	85 	0.8 	105 	0 	0 	2 	2 	2 	16	0 	0 	0 	0 	0 	0 	0	0	0	0	0	1	0	0	0	0	0	0	0	0	0	0	0	0	0	0	0	0	0	0	0	0	0	0	1	41	1	3	0	0	0	0	0	0	0	0	0	0	0	0	0	0	0	0	0	0	0	0	0	0	0	0	0	1	0	0	0	0	0	0	0	0	0	0	0	0	0	0	0	0	0	0	0	0	0	0	0	0	0 	0 	70	98	0 	0 	0 	0 	0	0	0	0	0	0	0	0	0	0	0	0	0	0	2	0		//	-16	-23				-39	-7.8	-5	15
	10109	0	0	강철_에테르웨폰_4등급아이템	30244	0	0	30008	0	704	704	2704	39999	0	8	0	8	0	Null	0	Null	0	0	0	0	4	38	4968	1	1900	1900	0	0	1	0	0	0	0	22	0	0	0	0	0	0	0 	0 	74 	99 	0.8 	105 	0 	0 	2 	2 	2 	16	0 	0 	0 	0 	0 	0 	0	0	0	0	0	1	0	0	0	0	0	0	0	0	0	0	0	0	0	0	0	0	0	0	0	0	0	0	1	41	1	3	0	0	0	0	0	0	0	0	0	0	0	0	0	0	0	0	0	0	0	0	0	0	0	0	0	1	0	0	0	0	0	0	0	0	0	0	0	0	0	0	0	0	0	0	0	0	0	0	0	0	0 	0 	81	114	0 	0 	0 	0 	0	0	0	0	0	0	0	0	0	0	0	0	0	0	2	0		//	-16	-23				-39	-7.8	-5	22
	10110	0	0	천둥소리_에테르웨폰_5등급아이템	30245	0	0	30008	0	705	705	2705	39999	0	8	0	8	0	Null	0	Null	0	0	0	0	5	43	4860	1	2900	2900	0	0	1	0	0	0	0	29	0	0	0	0	0	0	0 	0 	87 	116 	0.8 	105 	0 	0 	2 	2 	2 	16	0 	0 	0 	0 	0 	0 	0	0	0	0	0	1	0	0	0	0	0	0	0	0	0	0	0	0	0	0	0	0	0	0	0	0	0	0	1	41	1	3	0	0	0	0	0	0	0	0	0	0	0	0	0	0	0	0	0	0	0	0	0	0	0	0	0	1	0	0	0	0	0	0	0	0	0	0	0	0	0	0	0	0	0	0	0	0	0	0	0	0	0 	0 	96	133	0 	0 	0 	0 	0	0	0	0	0	0	0	0	0	0	0	0	0	0	2	0		//	-16	-23				-39	-7.8	-5	29
	10111	0	0	코르닉_에테르웨폰_6등급아이템	30246	0	0	30008	0	706	706	2706	39999	0	8	0	8	0	Null	0	Null	0	0	0	0	6	47	4752	1	4500	4500	0	0	1	0	0	0	0	36	0	0	0	0	0	0	0 	0 	103 	136 	0.8 	105 	0 	0 	2 	2 	2 	16	0 	0 	0 	0 	0 	0 	0	0	0	0	0	1	0	0	0	0	0	0	0	0	0	0	0	0	0	0	0	0	0	0	0	0	0	0	1	41	1	3	0	0	0	0	0	0	0	0	0	0	0	0	0	0	0	0	0	0	0	0	0	0	0	0	0	1	0	0	0	0	0	0	0	0	0	0	0	0	0	0	0	0	0	0	0	0	0	0	0	0	0 	0 	113	156	0 	0 	0 	0 	0	0	0	0	0	0	0	0	0	0	0	0	0	0	2	0		//	-16	-23				-39	-7.8	-5	36
	10112	0	0	백발백중_에테르웨폰_7등급아이템	30247	0	0	30008	0	707	707	2707	39999	0	8	0	8	0	Null	0	Null	0	0	0	0	7	52	4644	1	6900	6900	0	0	1	0	0	0	0	43	0	0	0	0	0	0	0 	0 	120 	159 	0.8 	105 	0 	0 	2 	2 	2 	16	0 	0 	0 	0 	0 	0 	0	0	0	0	0	1	0	0	0	0	0	0	0	0	0	0	0	0	0	0	0	0	0	0	0	0	0	0	1	41	1	3	0	0	0	0	0	0	0	0	0	0	0	0	0	0	0	0	0	0	0	0	0	0	0	0	0	1	0	0	0	0	0	0	0	0	0	0	0	0	0	0	0	0	0	0	0	0	0	0	0	0	0 	0 	132	183	0 	0 	0 	0 	0	0	0	0	0	0	0	0	0	0	0	0	0	0	2	0		//	-16	-23				-39	-7.8	-5	43
	10113	0	0	명사수콘시_에테르웨폰_8등급아이템	30248	0	0	30008	0	708	708	2708	39999	0	8	0	8	0	Null	0	Null	0	0	0	0	8	56	4536	1	10700	10700	0	0	1	0	0	0	0	50	0	0	0	0	0	0	0 	0 	141 	186 	0.8 	105 	0 	0 	2 	2 	2 	16	0 	0 	0 	0 	0 	0 	0	0	0	0	0	1	0	0	0	0	0	0	0	0	0	0	0	0	0	0	0	0	0	0	0	0	0	0	1	41	1	3	0	0	0	0	0	0	0	0	0	0	0	0	0	0	0	0	0	0	0	0	0	0	0	0	0	1	0	0	0	0	0	0	0	0	0	0	0	0	0	0	0	0	0	0	0	0	0	0	0	0	0 	0 	155	214	0 	0 	0 	0 	0	0	0	0	0	0	0	0	0	0	0	0	0	0	2	0		//	-16	-23				-39	-7.8	-5	50
	10114	0	0	이방인의_에테르웨폰_9등급아이템	30249	0	0	30008	0	709	709	2709	39999	0	8	0	8	0	Null	0	Null	0	0	0	0	9	61	4428	1	16700	16700	0	0	1	0	0	0	0	57	0	0	0	0	0	0	0 	0 	165 	218 	0.8 	105 	0 	0 	2 	2 	2 	16	0 	0 	0 	0 	0 	0 	0	0	0	0	0	1	0	0	0	0	0	0	0	0	0	0	0	0	0	0	0	0	0	0	0	0	0	0	1	41	1	3	0	0	0	0	0	0	0	0	0	0	0	0	0	0	0	0	0	0	0	0	0	0	0	0	0	1	0	0	0	0	0	0	0	0	0	0	0	0	0	0	0	0	0	0	0	0	0	0	0	0	0 	0 	182	251	0 	0 	0 	0 	0	0	0	0	0	0	0	0	0	0	0	0	0	0	2	0		//	-16	-23				-39	-7.8	-5	57
	10115	0	0	인피니티버스트_에테르웨폰_10등급아이템	30250	0	0	30008	0	710	710	2710	39999	0	8	0	8	0	Null	0	Null	0	0	0	0	10	66	4320	1	25800	25800	0	0	1	0	0	0	0	64	0	0	0	0	0	0	0 	0 	193 	256 	0.8 	105 	0 	0 	2 	2 	2 	16	0 	0 	0 	0 	0 	0 	0	0	0	0	0	1	0	0	0	0	0	0	0	0	0	0	0	0	0	0	0	0	0	0	0	0	0	0	1	41	1	3	0	0	0	0	0	0	0	0	0	0	0	0	0	0	0	0	0	0	0	0	0	0	0	0	0	1	0	0	0	0	0	0	0	0	0	0	0	0	0	0	0	0	0	0	0	0	0	0	0	0	0 	0 	212	294	0 	0 	0 	0 	0	0	0	0	0	0	0	0	0	0	0	0	0	0	2	0		//	-16	-23				-39	-7.8	-5	64
//	10116	0	0	의로운브리즈_에테르웨폰_11등급아이템	30251	0	0	30008	0	711	711	2711	39999	0	8	0	8	0	Null	0	Null	0	0	0	0	11	70	4212	1	40000	40000	0	0	1	0	0	0	0	71	0	0	0	0	0	0	0 	0 	226 	299 	0.8 	105 	0 	0 	2 	2 	2 	16	0 	0 	0 	0 	0 	0 	0	0	0	0	0	1	0	0	0	0	0	0	0	0	0	0	0	0	0	0	0	0	0	0	0	0	0	0	1	41	1	3	0	0	0	0	0	0	0	0	0	0	0	0	0	0	0	0	0	0	0	0	0	0	0	0	0	1	0	0	0	0	0	0	0	0	0	0	0	0	0	0	0	0	0	0	0	0	0	0	0	0	0 	0 	249	344	0 	0 	0 	0 	0	0	0	0	0	0	0	0	0	0	0	0	0	0	2	0		//	-16	-23				-39	-7.8	-5	71
//	10117	0	0	타우루_에테르웨폰_12등급아이템	30252	0	0	30008	0	712	712	2712	39999	0	8	0	8	0	Null	0	Null	0	0	0	0	12	75	4104	1	62000	62000	0	0	1	0	0	0	0	78	0	0	0	0	0	0	0 	0 	264 	351 	0.8 	105 	0 	0 	2 	2 	2 	16	0 	0 	0 	0 	0 	0 	0	0	0	0	0	1	0	0	0	0	0	0	0	0	0	0	0	0	0	0	0	0	0	0	0	0	0	0	1	41	1	3	0	0	0	0	0	0	0	0	0	0	0	0	0	0	0	0	0	0	0	0	0	0	0	0	0	1	0	0	0	0	0	0	0	0	0	0	0	0	0	0	0	0	0	0	0	0	0	0	0	0	0 	0 	290	404	0 	0 	0 	0 	0	0	0	0	0	0	0	0	0	0	0	0	0	0	2	0		//	-16	-23				-39	-7.8	-5	78
//	10118	0	0	전갈의일침_에테르웨폰_13등급아이템	30253	0	0	30008	0	713	713	2713	39999	0	8	0	8	0	Null	0	Null	0	0	0	0	13	79	3996	1	96200	96200	0	0	1	0	0	0	0	85	0	0	0	0	0	0	0 	0 	309 	410 	0.8 	105 	0 	0 	2 	2 	2 	16	0 	0 	0 	0 	0 	0 	0	0	0	0	0	1	0	0	0	0	0	0	0	0	0	0	0	0	0	0	0	0	0	0	0	0	0	0	1	41	1	3	0	0	0	0	0	0	0	0	0	0	0	0	0	0	0	0	0	0	0	0	0	0	0	0	0	1	0	0	0	0	0	0	0	0	0	0	0	0	0	0	0	0	0	0	0	0	0	0	0	0	0 	0 	340	472	0 	0 	0 	0 	0	0	0	0	0	0	0	0	0	0	0	0	0	0	2	0		//	-16	-23				-39	-7.8	-5	85
//	10119	0	0	기적을일구는_에테르웨폰_14등급아이템	30254	0	0	30008	0	714	714	2714	39999	0	8	0	8	0	Null	0	Null	0	0	0	0	14	84	3888	1	149000	149000	0	0	1	0	0	0	0	92	0	0	0	0	0	0	0 	0 	362 	481 	0.8 	105 	0 	0 	2 	2 	2 	16	0 	0 	0 	0 	0 	0 	0	0	0	0	0	1	0	0	0	0	0	0	0	0	0	0	0	0	0	0	0	0	0	0	0	0	0	0	1	41	1	3	0	0	0	0	0	0	0	0	0	0	0	0	0	0	0	0	0	0	0	0	0	0	0	0	0	1	0	0	0	0	0	0	0	0	0	0	0	0	0	0	0	0	0	0	0	0	0	0	0	0	0 	0 	398	553	0 	0 	0 	0 	0	0	0	0	0	0	0	0	0	0	0	0	0	0	2	0		//	-16	-23				-39	-7.8	-5	92
//	10120	0	0	불사조의_에테르웨폰_15등급아이템	30255	0	0	30008	0	715	715	2715	39999	0	8	0	8	0	Null	0	Null	0	0	0	0	15	88	3780	1	231000	231000	0	0	1	0	0	0	0	99	0	0	0	0	0	0	0 	0 	423 	562 	0.8 	105 	0 	0 	2 	2 	2 	16	0 	0 	0 	0 	0 	0 	0	0	0	0	0	1	0	0	0	0	0	0	0	0	0	0	0	0	0	0	0	0	0	0	0	0	0	0	1	41	1	3	0	0	0	0	0	0	0	0	0	0	0	0	0	0	0	0	0	0	0	0	0	0	0	0	0	1	0	0	0	0	0	0	0	0	0	0	0	0	0	0	0	0	0	0	0	0	0	0	0	0	0 	0 	465	646	0 	0 	0 	0 	0	0	0	0	0	0	0	0	0	0	0	0	0	0	2	0		//	-16	-23				-39	-7.8	-5	99
	10137	0	0	가시넝쿨_지팡이_1등급아이템	30271	0	0	30009	0	801	801	2801	39999	0	10	0	10	0	Null	0	Null	0	0	0	0	1	21	11430	1	25	25	0	0	1	0	0	0	0	1	0	0	0	0	0	0	0 	0 	72 	75 	0.8 	95 	0 	0 	1 	1 	4 	2.5	0 	0 	0 	0 	0 	0 	0	0	0	0	0	0	1	0	0	0	0	0	0	0	0	0	0	0	0	0	0	0	0	0	0	0	0	0	1	41	1	1	0	0	0	0	0	0	0	0	0	0	0	0	0	0	0	0	0	0	0	0	0	0	0	0	0	1	0	0	0	0	0	0	0	0	0	0	0	0	0	0	0	0	0	0	0	0	0	0	0	0	0 	0 	79	86	0 	0 	0 	0 	0	0	0	0	0	0	0	0	0	0	0	0	0	0	2	0		//				-25	-22	-47	-9.4	-7	1
	10138	0	0	월넷_지팡이_2등급아이템	30272	0	0	30009	0	802	802	2802	39999	0	10	0	10	0	Null	0	Null	0	0	0	0	2	24	10972	1	800	800	0	0	1	0	0	0	0	8	0	0	0	0	0	0	0 	0 	85 	88 	0.8 	95 	0 	0 	1 	1 	4 	2.5	0 	0 	0 	0 	0 	0 	0	0	0	0	0	0	1	0	0	0	0	0	0	0	0	0	0	0	0	0	0	0	0	0	0	0	0	0	1	41	1	1	0	0	0	0	0	0	0	0	0	0	0	0	0	0	0	0	0	0	0	0	0	0	0	0	0	1	0	0	0	0	0	0	0	0	0	0	0	0	0	0	0	0	0	0	0	0	0	0	0	0	0 	0 	94	101	0 	0 	0 	0 	0	0	0	0	0	0	0	0	0	0	0	0	0	0	2	0		//				-25	-22	-47	-9.4	-7	8
	10139	0	0	상아_지팡이_3등급아이템	30273	0	0	30009	0	803	803	2803	39999	0	10	0	10	0	Null	0	Null	0	0	0	0	3	29	10744	1	1200	1200	0	0	1	0	0	0	0	15	0	0	0	0	0	0	0 	0 	99 	104 	0.8 	95 	0 	0 	1 	1 	4 	2.5	0 	0 	0 	0 	0 	0 	0	0	0	0	0	0	1	0	0	0	0	0	0	0	0	0	0	0	0	0	0	0	0	0	0	0	0	0	1	41	1	1	0	0	0	0	0	0	0	0	0	0	0	0	0	0	0	0	0	0	0	0	0	0	0	0	0	1	0	0	0	0	0	0	0	0	0	0	0	0	0	0	0	0	0	0	0	0	0	0	0	0	0 	0 	109	120	0 	0 	0 	0 	0	0	0	0	0	0	0	0	0	0	0	0	0	0	2	0		//				-25	-22	-47	-9.4	-7	15
	10140	0	0	크리스탈_지팡이_4등급아이템	30274	0	0	30009	0	804	804	2804	39999	0	10	0	10	0	Null	0	Null	0	0	0	0	4	33	10516	1	1900	1900	0	0	1	0	0	0	0	22	0	0	0	0	0	0	0 	0 	116 	121 	0.8 	95 	0 	0 	1 	1 	4 	2.5	0 	0 	0 	0 	0 	0 	0	0	0	0	0	0	1	0	0	0	0	0	0	0	0	0	0	0	0	0	0	0	0	0	0	0	0	0	1	41	1	1	0	0	0	0	0	0	0	0	0	0	0	0	0	0	0	0	0	0	0	0	0	0	0	0	0	1	0	0	0	0	0	0	0	0	0	0	0	0	0	0	0	0	0	0	0	0	0	0	0	0	0 	0 	128	139	0 	0 	0 	0 	0	0	0	0	0	0	0	0	0	0	0	0	0	0	2	0		//				-25	-22	-47	-9.4	-7	22
	10141	0	0	선지자의_지팡이_5등급아이템	30275	0	0	30009	0	805	805	2805	39999	0	10	0	10	0	Null	0	Null	0	0	0	0	5	37	10288	1	2900	2900	0	0	1	0	0	0	0	29	0	0	0	0	0	0	0 	0 	137 	142 	0.8 	95 	0 	0 	1 	1 	4 	2.5	0 	0 	0 	0 	0 	0 	0	0	0	0	0	0	1	0	0	0	0	0	0	0	0	0	0	0	0	0	0	0	0	0	0	0	0	0	1	41	1	1	0	0	0	0	0	0	0	0	0	0	0	0	0	0	0	0	0	0	0	0	0	0	0	0	0	1	0	0	0	0	0	0	0	0	0	0	0	0	0	0	0	0	0	0	0	0	0	0	0	0	0 	0 	151	163	0 	0 	0 	0 	0	0	0	0	0	0	0	0	0	0	0	0	0	0	2	0		//				-25	-22	-47	-9.4	-7	29
	10142	0	0	써클의_지팡이_6등급아이템	30276	0	0	30009	0	806	806	2806	39999	0	10	0	10	0	Null	0	Null	0	0	0	0	6	41	10058	1	4500	4500	0	0	1	0	0	0	0	36	0	0	0	0	0	0	0 	0 	160 	167 	0.8 	95 	0 	0 	1 	1 	4 	2.5	0 	0 	0 	0 	0 	0 	0	0	0	0	0	0	1	0	0	0	0	0	0	0	0	0	0	0	0	0	0	0	0	0	0	0	0	0	1	41	1	1	0	0	0	0	0	0	0	0	0	0	0	0	0	0	0	0	0	0	0	0	0	0	0	0	0	1	0	0	0	0	0	0	0	0	0	0	0	0	0	0	0	0	0	0	0	0	0	0	0	0	0 	0 	176	192	0 	0 	0 	0 	0	0	0	0	0	0	0	0	0	0	0	0	0	0	2	0		//				-25	-22	-47	-9.4	-7	36
	10143	0	0	신성한영혼의_지팡이_7등급아이템	30277	0	0	30009	0	807	807	2807	39999	0	10	0	10	0	Null	0	Null	0	0	0	0	7	45	9830	1	6900	6900	0	0	1	0	0	0	0	43	0	0	0	0	0	0	0 	0 	187 	194 	0.8 	95 	0 	0 	1 	1 	4 	2.5	0 	0 	0 	0 	0 	0 	0	0	0	0	0	0	1	0	0	0	0	0	0	0	0	0	0	0	0	0	0	0	0	0	0	0	0	0	1	41	1	1	0	0	0	0	0	0	0	0	0	0	0	0	0	0	0	0	0	0	0	0	0	0	0	0	0	1	0	0	0	0	0	0	0	0	0	0	0	0	0	0	0	0	0	0	0	0	0	0	0	0	0 	0 	206	223	0 	0 	0 	0 	0	0	0	0	0	0	0	0	0	0	0	0	0	0	2	0		//				-25	-22	-47	-9.4	-7	43
	10144	0	0	엘리멘탈_지팡이_8등급아이템	30278	0	0	30009	0	808	808	2808	39999	0	10	0	10	0	Null	0	Null	0	0	0	0	8	50	9602	1	10700	10700	0	0	1	0	0	0	0	50	0	0	0	0	0	0	0 	0 	219 	228 	0.8 	95 	0 	0 	1 	1 	4 	2.5	0 	0 	0 	0 	0 	0 	0	0	0	0	0	0	1	0	0	0	0	0	0	0	0	0	0	0	0	0	0	0	0	0	0	0	0	0	1	41	1	1	0	0	0	0	0	0	0	0	0	0	0	0	0	0	0	0	0	0	0	0	0	0	0	0	0	1	0	0	0	0	0	0	0	0	0	0	0	0	0	0	0	0	0	0	0	0	0	0	0	0	0 	0 	241	262	0 	0 	0 	0 	0	0	0	0	0	0	0	0	0	0	0	0	0	0	2	0		//				-25	-22	-47	-9.4	-7	50
	10145	0	0	무서운침묵의_지팡이_9등급아이템	30279	0	0	30009	0	809	809	2809	39999	0	10	0	10	0	Null	0	Null	0	0	0	0	9	54	9372	1	16700	16700	0	0	1	0	0	0	0	57	0	0	0	0	0	0	0 	0 	256 	267 	0.8 	95 	0 	0 	1 	1 	4 	2.5	0 	0 	0 	0 	0 	0 	0	0	0	0	0	0	1	0	0	0	0	0	0	0	0	0	0	0	0	0	0	0	0	0	0	0	0	0	1	41	1	1	0	0	0	0	0	0	0	0	0	0	0	0	0	0	0	0	0	0	0	0	0	0	0	0	0	1	0	0	0	0	0	0	0	0	0	0	0	0	0	0	0	0	0	0	0	0	0	0	0	0	0 	0 	282	307	0 	0 	0 	0 	0	0	0	0	0	0	0	0	0	0	0	0	0	0	2	0		//				-25	-22	-47	-9.4	-7	57
	10146	0	0	황홀한죽음의_지팡이_10등급아이템	30280	0	0	30009	0	810	810	2810	39999	0	10	0	10	0	Null	0	Null	0	0	0	0	10	58	9144	1	25800	25800	0	0	1	0	0	0	0	64	0	0	0	0	0	0	0 	0 	300 	313 	0.8 	95 	0 	0 	1 	1 	4 	2.5	0 	0 	0 	0 	0 	0 	0	0	0	0	0	0	1	0	0	0	0	0	0	0	0	0	0	0	0	0	0	0	0	0	0	0	0	0	1	41	1	1	0	0	0	0	0	0	0	0	0	0	0	0	0	0	0	0	0	0	0	0	0	0	0	0	0	1	0	0	0	0	0	0	0	0	0	0	0	0	0	0	0	0	0	0	0	0	0	0	0	0	0 	0 	330	360	0 	0 	0 	0 	0	0	0	0	0	0	0	0	0	0	0	0	0	0	2	0		//				-25	-22	-47	-9.4	-7	64
//	10147	0	0	견고한인내의_지팡이_11등급아이템	30281	0	0	30009	0	811	811	2811	39999	0	10	0	10	0	Null	0	Null	0	0	0	0	11	62	8916	1	40000	40000	0	0	1	0	0	0	0	71	0	0	0	0	0	0	0 	0 	351 	366 	0.8 	95 	0 	0 	1 	1 	4 	2.5	0 	0 	0 	0 	0 	0 	0	0	0	0	0	0	1	0	0	0	0	0	0	0	0	0	0	0	0	0	0	0	0	0	0	0	0	0	1	41	1	1	0	0	0	0	0	0	0	0	0	0	0	0	0	0	0	0	0	0	0	0	0	0	0	0	0	1	0	0	0	0	0	0	0	0	0	0	0	0	0	0	0	0	0	0	0	0	0	0	0	0	0 	0 	386	421	0 	0 	0 	0 	0	0	0	0	0	0	0	0	0	0	0	0	0	0	2	0		//				-25	-22	-47	-9.4	-7	71
//	10148	0	0	방랑자에피오스_지팡이_12등급아이템	30282	0	0	30009	0	812	812	2812	39999	0	10	0	10	0	Null	0	Null	0	0	0	0	12	66	8686	1	62000	62000	0	0	1	0	0	0	0	78	0	0	0	0	0	0	0 	0 	411 	428 	0.8 	95 	0 	0 	1 	1 	4 	2.5	0 	0 	0 	0 	0 	0 	0	0	0	0	0	0	1	0	0	0	0	0	0	0	0	0	0	0	0	0	0	0	0	0	0	0	0	0	1	41	1	1	0	0	0	0	0	0	0	0	0	0	0	0	0	0	0	0	0	0	0	0	0	0	0	0	0	1	0	0	0	0	0	0	0	0	0	0	0	0	0	0	0	0	0	0	0	0	0	0	0	0	0 	0 	452	492	0 	0 	0 	0 	0	0	0	0	0	0	0	0	0	0	0	0	0	0	2	0		//				-25	-22	-47	-9.4	-7	78
//	10149	0	0	길잃은천사의_지팡이_13등급아이템	30283	0	0	30009	0	813	813	2813	39999	0	10	0	10	0	Null	0	Null	0	0	0	0	13	71	8458	1	96200	96200	0	0	1	0	0	0	0	85	0	0	0	0	0	0	0 	0 	482 	501 	0.8 	95 	0 	0 	1 	1 	4 	2.5	0 	0 	0 	0 	0 	0 	0	0	0	0	0	0	1	0	0	0	0	0	0	0	0	0	0	0	0	0	0	0	0	0	0	0	0	0	1	41	1	1	0	0	0	0	0	0	0	0	0	0	0	0	0	0	0	0	0	0	0	0	0	0	0	0	0	1	0	0	0	0	0	0	0	0	0	0	0	0	0	0	0	0	0	0	0	0	0	0	0	0	0 	0 	530	576	0 	0 	0 	0 	0	0	0	0	0	0	0	0	0	0	0	0	0	0	2	0		//				-25	-22	-47	-9.4	-7	85
//	10150	0	0	대마법사라드의_지팡이_14등급아이템	30284	0	0	30009	0	814	814	2814	39999	0	10	0	10	0	Null	0	Null	0	0	0	0	14	75	8230	1	149000	149000	0	0	1	0	0	0	0	92	0	0	0	0	0	0	0 	0 	564 	587 	0.8 	95 	0 	0 	1 	1 	4 	2.5	0 	0 	0 	0 	0 	0 	0	0	0	0	0	0	1	0	0	0	0	0	0	0	0	0	0	0	0	0	0	0	0	0	0	0	0	0	1	41	1	1	0	0	0	0	0	0	0	0	0	0	0	0	0	0	0	0	0	0	0	0	0	0	0	0	0	1	0	0	0	0	0	0	0	0	0	0	0	0	0	0	0	0	0	0	0	0	0	0	0	0	0 	0 	620	675	0 	0 	0 	0 	0	0	0	0	0	0	0	0	0	0	0	0	0	0	2	0		//				-25	-22	-47	-9.4	-7	92
//	10151	0	0	대자연의융화_지팡이_15등급아이템	30285	0	0	30009	0	815	815	2815	39999	0	10	0	10	0	Null	0	Null	0	0	0	0	15	79	8002	1	231000	231000	0	0	1	0	0	0	0	99	0	0	0	0	0	0	0 	0 	660 	687 	0.8 	95 	0 	0 	1 	1 	4 	2.5	0 	0 	0 	0 	0 	0 	0	0	0	0	0	0	1	0	0	0	0	0	0	0	0	0	0	0	0	0	0	0	0	0	0	0	0	0	1	41	1	1	0	0	0	0	0	0	0	0	0	0	0	0	0	0	0	0	0	0	0	0	0	0	0	0	0	1	0	0	0	0	0	0	0	0	0	0	0	0	0	0	0	0	0	0	0	0	0	0	0	0	0 	0 	726	790	0 	0 	0 	0 	0	0	0	0	0	0	0	0	0	0	0	0	0	0	2	0		//				-25	-22	-47	-9.4	-7	99
	10152	0	0	유리_오브_1등급아이템	30301	0	0	30010	0	901	901	2901	39999	0	11	0	11	0	Null	0	Null	0	0	0	0	1	21	11100	1	25	25	0	0	1	0	0	0	0	1	0	0	0	0	0	0	0 	0 	58 	59 	0.8 	100 	0 	0 	2 	2 	4 	13	0 	0 	0 	0 	0 	0 	0	0	0	0	0	0	1	0	0	0	0	0	1	34	2	-5	0	0	0	0	0	0	0	0	0	0	0	0	1	41	1	1	0	0	0	0	0	0	0	0	0	0	0	0	0	0	0	0	0	0	0	0	0	0	0	0	0	1	0	0	0	0	0	0	0	0	0	0	0	0	0	0	0	0	0	0	0	0	0	0	0	0	0 	0 	64	68	0 	0 	0 	0 	0	0	0	0	0	0	0	0	0	0	0	0	0	0	2	0		//				-25	-22	-47	-9.4	-7	1
	10153	0	0	가넷_오브_2등급아이템	30302	0	0	30010	0	902	902	2902	39999	0	11	0	11	0	Null	0	Null	0	0	0	0	2	24	10656	1	800	800	0	0	1	0	0	0	0	8	0	0	0	0	0	0	0 	0 	68 	71 	0.8 	100 	0 	0 	2 	2 	4 	13	0 	0 	0 	0 	0 	0 	0	0	0	0	0	0	1	0	0	0	0	0	1	34	2	-5	0	0	0	0	0	0	0	0	0	0	0	0	1	41	1	1	0	0	0	0	0	0	0	0	0	0	0	0	0	0	0	0	0	0	0	0	0	0	0	0	0	1	0	0	0	0	0	0	0	0	0	0	0	0	0	0	0	0	0	0	0	0	0	0	0	0	0 	0 	75	82	0 	0 	0 	0 	0	0	0	0	0	0	0	0	0	0	0	0	0	0	2	0		//				-25	-22	-47	-9.4	-7	8
	10154	0	0	캣츠아이_오브_3등급아이템	30303	0	0	30010	0	903	903	2903	39999	0	11	0	11	0	Null	0	Null	0	0	0	0	3	29	10434	1	1200	1200	0	0	1	0	0	0	0	15	0	0	0	0	0	0	0 	0 	79 	82 	0.8 	100 	0 	0 	2 	2 	4 	13	0 	0 	0 	0 	0 	0 	0	0	0	0	0	0	1	0	0	0	0	0	1	34	2	-5	0	0	0	0	0	0	0	0	0	0	0	0	1	41	1	1	0	0	0	0	0	0	0	0	0	0	0	0	0	0	0	0	0	0	0	0	0	0	0	0	0	1	0	0	0	0	0	0	0	0	0	0	0	0	0	0	0	0	0	0	0	0	0	0	0	0	0 	0 	87	94	0 	0 	0 	0 	0	0	0	0	0	0	0	0	0	0	0	0	0	0	2	0		//				-25	-22	-47	-9.4	-7	15
	10155	0	0	자수정_오브_4등급아이템	30304	0	0	30010	0	904	904	2904	39999	0	11	0	11	0	Null	0	Null	0	0	0	0	4	33	10212	1	1900	1900	0	0	1	0	0	0	0	22	0	0	0	0	0	0	0 	0 	93 	96 	0.8 	100 	0 	0 	2 	2 	4 	13	0 	0 	0 	0 	0 	0 	0	0	0	0	0	0	1	0	0	0	0	0	1	34	2	-5	0	0	0	0	0	0	0	0	0	0	0	0	1	41	1	1	0	0	0	0	0	0	0	0	0	0	0	0	0	0	0	0	0	0	0	0	0	0	0	0	0	1	0	0	0	0	0	0	0	0	0	0	0	0	0	0	0	0	0	0	0	0	0	0	0	0	0 	0 	102	110	0 	0 	0 	0 	0	0	0	0	0	0	0	0	0	0	0	0	0	0	2	0		//				-25	-22	-47	-9.4	-7	22
	10156	0	0	그린에머랄드_오브_5등급아이템	30305	0	0	30010	0	905	905	2905	39999	0	11	0	11	0	Null	0	Null	0	0	0	0	5	37	9990	1	2900	2900	0	0	1	0	0	0	0	29	0	0	0	0	0	0	0 	0 	110 	113 	0.8 	100 	0 	0 	2 	2 	4 	13	0 	0 	0 	0 	0 	0 	0	0	0	0	0	0	1	0	0	0	0	0	1	34	2	-5	0	0	0	0	0	0	0	0	0	0	0	0	1	41	1	1	0	0	0	0	0	0	0	0	0	0	0	0	0	0	0	0	0	0	0	0	0	0	0	0	0	1	0	0	0	0	0	0	0	0	0	0	0	0	0	0	0	0	0	0	0	0	0	0	0	0	0 	0 	121	130	0 	0 	0 	0 	0	0	0	0	0	0	0	0	0	0	0	0	0	0	2	0		//				-25	-22	-47	-9.4	-7	29
	10157	0	0	정화의_오브_6등급아이템	30306	0	0	30010	0	906	906	2906	39999	0	11	0	11	0	Null	0	Null	0	0	0	0	6	41	9768	1	4500	4500	0	0	1	0	0	0	0	36	0	0	0	0	0	0	0 	0 	129 	132 	0.8 	100 	0 	0 	2 	2 	4 	13	0 	0 	0 	0 	0 	0 	0	0	0	0	0	0	1	0	0	0	0	0	1	34	2	-5	0	0	0	0	0	0	0	0	0	0	0	0	1	41	1	1	0	0	0	0	0	0	0	0	0	0	0	0	0	0	0	0	0	0	0	0	0	0	0	0	0	1	0	0	0	0	0	0	0	0	0	0	0	0	0	0	0	0	0	0	0	0	0	0	0	0	0 	0 	142	152	0 	0 	0 	0 	0	0	0	0	0	0	0	0	0	0	0	0	0	0	2	0		//				-25	-22	-47	-9.4	-7	36
	10158	0	0	달의돌_오브_7등급아이템	30307	0	0	30010	0	907	907	2907	39999	0	11	0	11	0	Null	0	Null	0	0	0	0	7	45	9546	1	6900	6900	0	0	1	0	0	0	0	43	0	0	0	0	0	0	0 	0 	150 	155 	0.8 	100 	0 	0 	2 	2 	4 	13	0 	0 	0 	0 	0 	0 	0	0	0	0	0	0	1	0	0	0	0	0	1	34	2	-5	0	0	0	0	0	0	0	0	0	0	0	0	1	41	1	1	0	0	0	0	0	0	0	0	0	0	0	0	0	0	0	0	0	0	0	0	0	0	0	0	0	1	0	0	0	0	0	0	0	0	0	0	0	0	0	0	0	0	0	0	0	0	0	0	0	0	0 	0 	165	178	0 	0 	0 	0 	0	0	0	0	0	0	0	0	0	0	0	0	0	0	2	0		//				-25	-22	-47	-9.4	-7	43
	10159	0	0	태양의돌_오브_8등급아이템	30308	0	0	30010	0	908	908	2908	39999	0	11	0	11	0	Null	0	Null	0	0	0	0	8	50	9324	1	10700	10700	0	0	1	0	0	0	0	50	0	0	0	0	0	0	0 	0 	176 	181 	0.8 	100 	0 	0 	2 	2 	4 	13	0 	0 	0 	0 	0 	0 	0	0	0	0	0	0	1	0	0	0	0	0	1	34	2	-5	0	0	0	0	0	0	0	0	0	0	0	0	1	41	1	1	0	0	0	0	0	0	0	0	0	0	0	0	0	0	0	0	0	0	0	0	0	0	0	0	0	1	0	0	0	0	0	0	0	0	0	0	0	0	0	0	0	0	0	0	0	0	0	0	0	0	0 	0 	194	208	0 	0 	0 	0 	0	0	0	0	0	0	0	0	0	0	0	0	0	0	2	0		//				-25	-22	-47	-9.4	-7	50
	10160	0	0	잠재된희망의_오브_9등급아이템	30309	0	0	30010	0	909	909	2909	39999	0	11	0	11	0	Null	0	Null	0	0	0	0	9	54	9102	1	16700	16700	0	0	1	0	0	0	0	57	0	0	0	0	0	0	0 	0 	206 	213 	0.8 	100 	0 	0 	2 	2 	4 	13	0 	0 	0 	0 	0 	0 	0	0	0	0	0	0	1	0	0	0	0	0	1	34	2	-5	0	0	0	0	0	0	0	0	0	0	0	0	1	41	1	1	0	0	0	0	0	0	0	0	0	0	0	0	0	0	0	0	0	0	0	0	0	0	0	0	0	1	0	0	0	0	0	0	0	0	0	0	0	0	0	0	0	0	0	0	0	0	0	0	0	0	0 	0 	227	245	0 	0 	0 	0 	0	0	0	0	0	0	0	0	0	0	0	0	0	0	2	0		//				-25	-22	-47	-9.4	-7	57
	10161	0	0	섬뜩한매혹의_오브_10등급아이템	30310	0	0	30010	0	910	910	2910	39999	0	11	0	11	0	Null	0	Null	0	0	0	0	10	58	8880	1	25800	25800	0	0	1	0	0	0	0	64	0	0	0	0	0	0	0 	0 	241 	248 	0.8 	100 	0 	0 	2 	2 	4 	13	0 	0 	0 	0 	0 	0 	0	0	0	0	0	0	1	0	0	0	0	0	1	34	2	-5	0	0	0	0	0	0	0	0	0	0	0	0	1	41	1	1	0	0	0	0	0	0	0	0	0	0	0	0	0	0	0	0	0	0	0	0	0	0	0	0	0	1	0	0	0	0	0	0	0	0	0	0	0	0	0	0	0	0	0	0	0	0	0	0	0	0	0 	0 	265	285	0 	0 	0 	0 	0	0	0	0	0	0	0	0	0	0	0	0	0	0	2	0		//				-25	-22	-47	-9.4	-7	64
//	10162	0	0	예언자나스키의_오브_11등급아이템	30311	0	0	30010	0	911	911	2911	39999	0	11	0	11	0	Null	0	Null	0	0	0	0	11	62	8658	1	40000	40000	0	0	1	0	0	0	0	71	0	0	0	0	0	0	0 	0 	282 	291 	0.8 	100 	0 	0 	2 	2 	4 	13	0 	0 	0 	0 	0 	0 	0	0	0	0	0	0	1	0	0	0	0	0	1	34	2	-5	0	0	0	0	0	0	0	0	0	0	0	0	1	41	1	1	0	0	0	0	0	0	0	0	0	0	0	0	0	0	0	0	0	0	0	0	0	0	0	0	0	1	0	0	0	0	0	0	0	0	0	0	0	0	0	0	0	0	0	0	0	0	0	0	0	0	0 	0 	310	335	0 	0 	0 	0 	0	0	0	0	0	0	0	0	0	0	0	0	0	0	2	0		//				-25	-22	-47	-9.4	-7	71
//	10163	0	0	온화한앙겔라_오브_12등급아이템	30312	0	0	30010	0	912	912	2912	39999	0	11	0	11	0	Null	0	Null	0	0	0	0	12	66	8436	1	62000	62000	0	0	1	0	0	0	0	78	0	0	0	0	0	0	0 	0 	330 	341 	0.8 	100 	0 	0 	2 	2 	4 	13	0 	0 	0 	0 	0 	0 	0	0	0	0	0	0	1	0	0	0	0	0	1	34	2	-5	0	0	0	0	0	0	0	0	0	0	0	0	1	41	1	1	0	0	0	0	0	0	0	0	0	0	0	0	0	0	0	0	0	0	0	0	0	0	0	0	0	1	0	0	0	0	0	0	0	0	0	0	0	0	0	0	0	0	0	0	0	0	0	0	0	0	0 	0 	363	392	0 	0 	0 	0 	0	0	0	0	0	0	0	0	0	0	0	0	0	0	2	0		//				-25	-22	-47	-9.4	-7	78
//	10164	0	0	강력한보호의_오브_13등급아이템	30313	0	0	30010	0	913	913	2913	39999	0	11	0	11	0	Null	0	Null	0	0	0	0	13	71	8214	1	96200	96200	0	0	1	0	0	0	0	85	0	0	0	0	0	0	0 	0 	387 	398 	0.8 	100 	0 	0 	2 	2 	4 	13	0 	0 	0 	0 	0 	0 	0	0	0	0	0	0	1	0	0	0	0	0	1	34	2	-5	0	0	0	0	0	0	0	0	0	0	0	0	1	41	1	1	0	0	0	0	0	0	0	0	0	0	0	0	0	0	0	0	0	0	0	0	0	0	0	0	0	1	0	0	0	0	0	0	0	0	0	0	0	0	0	0	0	0	0	0	0	0	0	0	0	0	0 	0 	426	458	0 	0 	0 	0 	0	0	0	0	0	0	0	0	0	0	0	0	0	0	2	0		//				-25	-22	-47	-9.4	-7	85
//	10165	0	0	신성한부활의_오브_14등급아이템	30314	0	0	30010	0	914	914	2914	39999	0	11	0	11	0	Null	0	Null	0	0	0	0	14	75	7992	1	149000	149000	0	0	1	0	0	0	0	92	0	0	0	0	0	0	0 	0 	453 	466 	0.8 	100 	0 	0 	2 	2 	4 	13	0 	0 	0 	0 	0 	0 	0	0	0	0	0	0	1	0	0	0	0	0	1	34	2	-5	0	0	0	0	0	0	0	0	0	0	0	0	1	41	1	1	0	0	0	0	0	0	0	0	0	0	0	0	0	0	0	0	0	0	0	0	0	0	0	0	0	1	0	0	0	0	0	0	0	0	0	0	0	0	0	0	0	0	0	0	0	0	0	0	0	0	0 	0 	498	536	0 	0 	0 	0 	0	0	0	0	0	0	0	0	0	0	0	0	0	0	2	0		//				-25	-22	-47	-9.4	-7	92
//	10166	0	0	창조주의_오브_15등급아이템	30315	0	0	30010	0	915	915	2915	39999	0	11	0	11	0	Null	0	Null	0	0	0	0	15	79	7770	1	231000	231000	0	0	1	0	0	0	0	99	0	0	0	0	0	0	0 	0 	530 	547 	0.8 	100 	0 	0 	2 	2 	4 	13	0 	0 	0 	0 	0 	0 	0	0	0	0	0	0	1	0	0	0	0	0	1	34	2	-5	0	0	0	0	0	0	0	0	0	0	0	0	1	41	1	1	0	0	0	0	0	0	0	0	0	0	0	0	0	0	0	0	0	0	0	0	0	0	0	0	0	1	0	0	0	0	0	0	0	0	0	0	0	0	0	0	0	0	0	0	0	0	0	0	0	0	0 	0 	583	629	0 	0 	0 	0 	0	0	0	0	0	0	0	0	0	0	0	0	0	0	2	0		//				-25	-22	-47	-9.4	-7	99
	20001	0	0	금속_양손도끼_1등급아이템	30031	0	0	30001	0	1	1	2001	39999	0	1	0	1	0	Null	0	Null	0	0	0	0	1	38	5910	1	25	25	0	0	1	0	0	0	0	1	0	0	0	0	0	0	0 	0 	61 	82 	0.8 	105 	0 	0 	1 	1 	3 	1.5 	0 	0 	0 	0 	0 	0 	0	0	1	0	0	0	0	0	0	0	0	0	0	0	0	0	0	0	0	0	0	0	0	0	0	0	0	0	1	41	1	3	0	0	0	0	0	0	0	0	0	0	0	0	0	0	0	0	0	0	0	0	0	0	0	0	0	1	0	0	0	0	0	0	0	0	0	0	0	0	0	0	0	0	0	0	0	0	0	0	0	0	0 	0 	67	94	0 	0 	0 	0 	0	0	0	0	0	0	0	0	0	0	0	0	0	0	3	0		//	-26		-27			-53	-10.6	-8	1
	20002	0	0	청동_양손도끼_2등급아이템	30032	0	0	30001	0	2	2	2002	39999	0	1	0	1	0	Null	0	Null	0	0	0	0	2	43	5674	1	800	800	0	0	1	0	0	0	0	8	0	0	0	0	0	0	0 	0 	71 	96 	0.8 	105 	0 	0 	1 	1 	3 	1.5 	0 	0 	0 	0 	0 	0 	0	0	1	0	0	0	0	0	0	0	0	0	0	0	0	0	0	0	0	0	0	0	0	0	0	0	0	0	1	41	1	3	0	0	0	0	0	0	0	0	0	0	0	0	0	0	0	0	0	0	0	0	0	0	0	0	0	1	0	0	0	0	0	0	0	0	0	0	0	0	0	0	0	0	0	0	0	0	0	0	0	0	0 	0 	78	110	0 	0 	0 	0 	0	0	0	0	0	0	0	0	0	0	0	0	0	0	3	0		//	-26		-27			-53	-10.6	-8	8
	20003	0	0	합금_양손도끼_3등급아이템	30033	0	0	30001	0	3	3	2003	39999	0	1	0	1	0	Null	0	Null	0	0	0	0	3	48	5556	1	1200	1200	0	0	1	0	0	0	0	15	0	0	0	0	0	0	0 	0 	83 	112 	0.8 	105 	0 	0 	1 	1 	3 	1.5 	0 	0 	0 	0 	0 	0 	0	0	1	0	0	0	0	0	0	0	0	0	0	0	0	0	0	0	0	0	0	0	0	0	0	0	0	0	1	41	1	3	0	0	0	0	0	0	0	0	0	0	0	0	0	0	0	0	0	0	0	0	0	0	0	0	0	1	0	0	0	0	0	0	0	0	0	0	0	0	0	0	0	0	0	0	0	0	0	0	0	0	0 	0 	91	129	0 	0 	0 	0 	0	0	0	0	0	0	0	0	0	0	0	0	0	0	3	0		//	-26		-27			-53	-10.6	-8	15
	20004	0	0	강철_양손도끼_4등급아이템	30034	0	0	30001	0	4	4	2004	39999	0	1	0	1	0	Null	0	Null	0	0	0	0	4	53	5438	1	1900	1900	0	0	1	0	0	0	0	22	0	0	0	0	0	0	0 	0 	97 	132 	0.8 	105 	0 	0 	1 	1 	3 	1.5 	0 	0 	0 	0 	0 	0 	0	0	1	0	0	0	0	0	0	0	0	0	0	0	0	0	0	0	0	0	0	0	0	0	0	0	0	0	1	41	1	3	0	0	0	0	0	0	0	0	0	0	0	0	0	0	0	0	0	0	0	0	0	0	0	0	0	1	0	0	0	0	0	0	0	0	0	0	0	0	0	0	0	0	0	0	0	0	0	0	0	0	0 	0 	107	152	0 	0 	0 	0 	0	0	0	0	0	0	0	0	0	0	0	0	0	0	3	0		//	-26		-27			-53	-10.6	-8	22
	20005	0	0	베론가_양손도끼_5등급아이템	30035	0	0	30001	0	5	5	2005	39999	0	1	0	1	0	Null	0	Null	0	0	0	0	5	58	5320	1	2900	2900	0	0	1	0	0	0	0	29	0	0	0	0	0	0	0 	0 	114 	155 	0.8 	105 	0 	0 	1 	1 	3 	1.5 	0 	0 	0 	0 	0 	0 	0	0	1	0	0	0	0	0	0	0	0	0	0	0	0	0	0	0	0	0	0	0	0	0	0	0	0	0	1	41	1	3	0	0	0	0	0	0	0	0	0	0	0	0	0	0	0	0	0	0	0	0	0	0	0	0	0	1	0	0	0	0	0	0	0	0	0	0	0	0	0	0	0	0	0	0	0	0	0	0	0	0	0 	0 	125	178	0 	0 	0 	0 	0	0	0	0	0	0	0	0	0	0	0	0	0	0	3	0		//	-26		-27			-53	-10.6	-8	29
	20006	0	0	처절한단죄_양손도끼_6등급아이템	30036	0	0	30001	0	6	6	2006	39999	0	1	0	1	0	Null	0	Null	0	0	0	0	6	64	5200	1	4500	4500	0	0	1	0	0	0	0	36	0	0	0	0	0	0	0 	0 	134 	181 	0.8 	105 	0 	0 	1 	1 	3 	1.5 	0 	0 	0 	0 	0 	0 	0	0	1	0	0	0	0	0	0	0	0	0	0	0	0	0	0	0	0	0	0	0	0	0	0	0	0	0	1	41	1	3	0	0	0	0	0	0	0	0	0	0	0	0	0	0	0	0	0	0	0	0	0	0	0	0	0	1	0	0	0	0	0	0	0	0	0	0	0	0	0	0	0	0	0	0	0	0	0	0	0	0	0 	0 	147	208	0 	0 	0 	0 	0	0	0	0	0	0	0	0	0	0	0	0	0	0	3	0		//	-26		-27			-53	-10.6	-8	36
	20007	0	0	암흑의불꽃_양손도끼_7등급아이템	30037	0	0	30001	0	7	7	2007	39999	0	1	0	1	0	Null	0	Null	0	0	0	0	7	69	5082	1	6900	6900	0	0	1	0	0	0	0	43	0	0	0	0	0	0	0 	0 	157 	212 	0.8 	105 	0 	0 	1 	1 	3 	1.5 	0 	0 	0 	0 	0 	0 	0	0	1	0	0	0	0	0	0	0	0	0	0	0	0	0	0	0	0	0	0	0	0	0	0	0	0	0	1	41	1	3	0	0	0	0	0	0	0	0	0	0	0	0	0	0	0	0	0	0	0	0	0	0	0	0	0	1	0	0	0	0	0	0	0	0	0	0	0	0	0	0	0	0	0	0	0	0	0	0	0	0	0 	0 	173	244	0 	0 	0 	0 	0	0	0	0	0	0	0	0	0	0	0	0	0	0	3	0		//	-26		-27			-53	-10.6	-8	43
	20008	0	0	찬란한승리_양손도끼_8등급아이템	30038	0	0	30001	0	8	8	2008	39999	0	1	0	1	0	Null	0	Null	0	0	0	0	8	74	4964	1	10700	10700	0	0	1	0	0	0	0	50	0	0	0	0	0	0	0 	0 	183 	248 	0.8 	105 	0 	0 	1 	1 	3 	1.5 	0 	0 	0 	0 	0 	0 	0	0	1	0	0	0	0	0	0	0	0	0	0	0	0	0	0	0	0	0	0	0	0	0	0	0	0	0	1	41	1	3	0	0	0	0	0	0	0	0	0	0	0	0	0	0	0	0	0	0	0	0	0	0	0	0	0	1	0	0	0	0	0	0	0	0	0	0	0	0	0	0	0	0	0	0	0	0	0	0	0	0	0 	0 	201	285	0 	0 	0 	0 	0	0	0	0	0	0	0	0	0	0	0	0	0	0	3	0		//	-26		-27			-53	-10.6	-8	50
	20009	0	0	어둠을가르는_양손도끼_9등급아이템	30039	0	0	30001	0	9	9	2009	39999	0	1	0	1	0	Null	0	Null	0	0	0	0	9	79	4846	1	16700	16700	0	0	1	0	0	0	0	57	0	0	0	0	0	0	0 	0 	215 	290 	0.8 	105 	0 	0 	1 	1 	3 	1.5 	0 	0 	0 	0 	0 	0 	0	0	1	0	0	0	0	0	0	0	0	0	0	0	0	0	0	0	0	0	0	0	0	0	0	0	0	0	1	41	1	3	0	0	0	0	0	0	0	0	0	0	0	0	0	0	0	0	0	0	0	0	0	0	0	0	0	1	0	0	0	0	0	0	0	0	0	0	0	0	0	0	0	0	0	0	0	0	0	0	0	0	0 	0 	237	334	0 	0 	0 	0 	0	0	0	0	0	0	0	0	0	0	0	0	0	0	3	0		//	-26		-27			-53	-10.6	-8	57
	20010	0	0	아타나시아_양손도끼_10등급아이템	30040	0	0	30001	0	10	10	2010	39999	0	1	0	1	0	Null	0	Null	0	0	0	0	10	85	4728	1	25800	25800	0	0	1	0	0	0	0	64	0	0	0	0	0	0	0 	0 	251 	340 	0.8 	105 	0 	0 	1 	1 	3 	1.5 	0 	0 	0 	0 	0 	0 	0	0	1	0	0	0	0	0	0	0	0	0	0	0	0	0	0	0	0	0	0	0	0	0	0	0	0	0	1	41	1	3	0	0	0	0	0	0	0	0	0	0	0	0	0	0	0	0	0	0	0	0	0	0	0	0	0	1	0	0	0	0	0	0	0	0	0	0	0	0	0	0	0	0	0	0	0	0	0	0	0	0	0 	0 	276	391	0 	0 	0 	0 	0	0	0	0	0	0	0	0	0	0	0	0	0	0	3	0		//	-26		-27			-53	-10.6	-8	64
//	20011	0	0	결전의날_양손도끼_11등급아이템	30041	0	0	30001	0	11	11	2011	39999	0	1	0	1	0	Null	0	Null	0	0	0	0	11	90	4610	1	40000	40000	0	0	1	0	0	0	0	71	0	0	0	0	0	0	0 	0 	294 	397 	0.8 	105 	0 	0 	1 	1 	3 	1.5 	0 	0 	0 	0 	0 	0 	0	0	1	0	0	0	0	0	0	0	0	0	0	0	0	0	0	0	0	0	0	0	0	0	0	0	0	0	1	41	1	3	0	0	0	0	0	0	0	0	0	0	0	0	0	0	0	0	0	0	0	0	0	0	0	0	0	1	0	0	0	0	0	0	0	0	0	0	0	0	0	0	0	0	0	0	0	0	0	0	0	0	0 	0 	323	457	0 	0 	0 	0 	0	0	0	0	0	0	0	0	0	0	0	0	0	0	3	0		//	-26		-27			-53	-10.6	-8	71
//	20012	0	0	레무레스족의_양손도끼_12등급아이템	30042	0	0	30001	0	12	12	2012	39999	0	1	0	1	0	Null	0	Null	0	0	0	0	12	95	4492	1	62000	62000	0	0	1	0	0	0	0	78	0	0	0	0	0	0	0 	0 	344 	465 	0.8 	105 	0 	0 	1 	1 	3 	1.5 	0 	0 	0 	0 	0 	0 	0	0	1	0	0	0	0	0	0	0	0	0	0	0	0	0	0	0	0	0	0	0	0	0	0	0	0	0	1	41	1	3	0	0	0	0	0	0	0	0	0	0	0	0	0	0	0	0	0	0	0	0	0	0	0	0	0	1	0	0	0	0	0	0	0	0	0	0	0	0	0	0	0	0	0	0	0	0	0	0	0	0	0 	0 	378	535	0 	0 	0 	0 	0	0	0	0	0	0	0	0	0	0	0	0	0	0	3	0		//	-26		-27			-53	-10.6	-8	78
//	20013	0	0	괴력을지닌_양손도끼_13등급아이템	30043	0	0	30001	0	13	13	2013	39999	0	1	0	1	0	Null	0	Null	0	0	0	0	13	100	4374	1	96200	96200	0	0	1	0	0	0	0	85	0	0	0	0	0	0	0 	0 	402 	545 	0.8 	105 	0 	0 	1 	1 	3 	1.5 	0 	0 	0 	0 	0 	0 	0	0	1	0	0	0	0	0	0	0	0	0	0	0	0	0	0	0	0	0	0	0	0	0	0	0	0	0	1	41	1	3	0	0	0	0	0	0	0	0	0	0	0	0	0	0	0	0	0	0	0	0	0	0	0	0	0	1	0	0	0	0	0	0	0	0	0	0	0	0	0	0	0	0	0	0	0	0	0	0	0	0	0 	0 	442	627	0 	0 	0 	0 	0	0	0	0	0	0	0	0	0	0	0	0	0	0	3	0		//	-26		-27			-53	-10.6	-8	85
//	20014	0	0	원한을품은_양손도끼_14등급아이템	30044	0	0	30001	0	14	14	2014	39999	0	1	0	1	0	Null	0	Null	0	0	0	0	14	106	4256	1	149000	149000	0	0	1	0	0	0	0	92	0	0	0	0	0	0	0 	0 	471 	638 	0.8 	105 	0 	0 	1 	1 	3 	1.5 	0 	0 	0 	0 	0 	0 	0	0	1	0	0	0	0	0	0	0	0	0	0	0	0	0	0	0	0	0	0	0	0	0	0	0	0	0	1	41	1	3	0	0	0	0	0	0	0	0	0	0	0	0	0	0	0	0	0	0	0	0	0	0	0	0	0	1	0	0	0	0	0	0	0	0	0	0	0	0	0	0	0	0	0	0	0	0	0	0	0	0	0 	0 	518	734	0 	0 	0 	0 	0	0	0	0	0	0	0	0	0	0	0	0	0	0	3	0		//	-26		-27			-53	-10.6	-8	92
//	20015	0	0	파괴왕의_양손도끼_15등급아이템	30045	0	0	30001	0	15	15	2015	39999	0	1	0	1	0	Null	0	Null	0	0	0	0	15	111	4138	1	231000	231000	0	0	1	0	0	0	0	99	0	0	0	0	0	0	0 	0 	551 	746 	0.8 	105 	0 	0 	1 	1 	3 	1.5 	0 	0 	0 	0 	0 	0 	0	0	1	0	0	0	0	0	0	0	0	0	0	0	0	0	0	0	0	0	0	0	0	0	0	0	0	0	1	41	1	3	0	0	0	0	0	0	0	0	0	0	0	0	0	0	0	0	0	0	0	0	0	0	0	0	0	1	0	0	0	0	0	0	0	0	0	0	0	0	0	0	0	0	0	0	0	0	0	0	0	0	0 	0 	606	858	0 	0 	0 	0 	0	0	0	0	0	0	0	0	0	0	0	0	0	0	3	0		//	-26		-27			-53	-10.6	-8	99
	20016	0	0	금속_양손검_1등급아이템	30061	0	0	30002	0	101	101	2101	39999	0	2	0	2	0	Null	0	Null	0	0	0	0	1	38	5520	1	25	25	0	0	1	0	0	0	0	1	0	0	0	0	0	0	0 	0 	65 	80 	0.8 	115 	0 	0 	1 	1 	1 	1.8	0 	0 	0 	0 	0 	0 	0	0	1	0	0	0	0	0	0	0	0	0	0	0	0	0	0	0	0	0	0	0	0	0	0	0	0	0	1	41	1	5	0	0	0	0	0	0	0	0	0	0	0	0	0	0	0	0	0	0	0	0	0	0	0	0	0	1	0	0	0	0	0	0	0	0	0	0	0	0	0	0	0	0	0	0	0	0	0	0	0	0	0 	0 	72	92	0 	0 	0 	0 	0	0	0	0	0	0	0	0	0	0	0	0	0	0	3	0		//	-26		-27			-53	-10.6	-8	1
	20017	0	0	청동_양손검_2등급아이템	30062	0	0	30002	0	102	102	2102	39999	0	2	0	2	0	Null	0	Null	0	0	0	0	2	43	5300	1	800	800	0	0	1	0	0	0	0	8	0	0	0	0	0	0	0 	0 	77 	94 	0.8 	115 	0 	0 	1 	1 	1 	1.8	0 	0 	0 	0 	0 	0 	0	0	1	0	0	0	0	0	0	0	0	0	0	0	0	0	0	0	0	0	0	0	0	0	0	0	0	0	1	41	1	5	0	0	0	0	0	0	0	0	0	0	0	0	0	0	0	0	0	0	0	0	0	0	0	0	0	1	0	0	0	0	0	0	0	0	0	0	0	0	0	0	0	0	0	0	0	0	0	0	0	0	0 	0 	85	108	0 	0 	0 	0 	0	0	0	0	0	0	0	0	0	0	0	0	0	0	3	0		//	-26		-27			-53	-10.6	-8	8
	20018	0	0	합금_양손검_3등급아이템	30063	0	0	30002	0	103	103	2103	39999	0	2	0	2	0	Null	0	Null	0	0	0	0	3	48	5188	1	1200	1200	0	0	1	0	0	0	0	15	0	0	0	0	0	0	0 	0 	90 	110 	0.8 	115 	0 	0 	1 	1 	1 	1.8	0 	0 	0 	0 	0 	0 	0	0	1	0	0	0	0	0	0	0	0	0	0	0	0	0	0	0	0	0	0	0	0	0	0	0	0	0	1	41	1	5	0	0	0	0	0	0	0	0	0	0	0	0	0	0	0	0	0	0	0	0	0	0	0	0	0	1	0	0	0	0	0	0	0	0	0	0	0	0	0	0	0	0	0	0	0	0	0	0	0	0	0 	0 	99	127	0 	0 	0 	0 	0	0	0	0	0	0	0	0	0	0	0	0	0	0	3	0		//	-26		-27			-53	-10.6	-8	15
	20019	0	0	강철_양손검_4등급아이템	30064	0	0	30002	0	104	104	2104	39999	0	2	0	2	0	Null	0	Null	0	0	0	0	4	53	5078	1	1900	1900	0	0	1	0	0	0	0	22	0	0	0	0	0	0	0 	0 	105 	128 	0.8 	115 	0 	0 	1 	1 	1 	1.8	0 	0 	0 	0 	0 	0 	0	0	1	0	0	0	0	0	0	0	0	0	0	0	0	0	0	0	0	0	0	0	0	0	0	0	0	0	1	41	1	5	0	0	0	0	0	0	0	0	0	0	0	0	0	0	0	0	0	0	0	0	0	0	0	0	0	1	0	0	0	0	0	0	0	0	0	0	0	0	0	0	0	0	0	0	0	0	0	0	0	0	0 	0 	116	147	0 	0 	0 	0 	0	0	0	0	0	0	0	0	0	0	0	0	0	0	3	0		//	-26		-27			-53	-10.6	-8	22
	20020	0	0	은둔자의_양손검_5등급아이템	30065	0	0	30002	0	105	105	2105	39999	0	2	0	2	0	Null	0	Null	0	0	0	0	5	58	4968	1	2900	2900	0	0	1	0	0	0	0	29	0	0	0	0	0	0	0 	0 	123 	150 	0.8 	115 	0 	0 	1 	1 	1 	1.8	0 	0 	0 	0 	0 	0 	0	0	1	0	0	0	0	0	0	0	0	0	0	0	0	0	0	0	0	0	0	0	0	0	0	0	0	0	1	41	1	5	0	0	0	0	0	0	0	0	0	0	0	0	0	0	0	0	0	0	0	0	0	0	0	0	0	1	0	0	0	0	0	0	0	0	0	0	0	0	0	0	0	0	0	0	0	0	0	0	0	0	0 	0 	135	173	0 	0 	0 	0 	0	0	0	0	0	0	0	0	0	0	0	0	0	0	3	0		//	-26		-27			-53	-10.6	-8	29
	20021	0	0	잿빛돌풍의_양손검_6등급아이템	30066	0	0	30002	0	106	106	2106	39999	0	2	0	2	0	Null	0	Null	0	0	0	0	6	64	4858	1	4500	4500	0	0	1	0	0	0	0	36	0	0	0	0	0	0	0 	0 	144 	177 	0.8 	115 	0 	0 	1 	1 	1 	1.8	0 	0 	0 	0 	0 	0 	0	0	1	0	0	0	0	0	0	0	0	0	0	0	0	0	0	0	0	0	0	0	0	0	0	0	0	0	1	41	1	5	0	0	0	0	0	0	0	0	0	0	0	0	0	0	0	0	0	0	0	0	0	0	0	0	0	1	0	0	0	0	0	0	0	0	0	0	0	0	0	0	0	0	0	0	0	0	0	0	0	0	0 	0 	158	204	0 	0 	0 	0 	0	0	0	0	0	0	0	0	0	0	0	0	0	0	3	0		//	-26		-27			-53	-10.6	-8	36
	20022	0	0	사신의_양손검_7등급아이템	30067	0	0	30002	0	107	107	2107	39999	0	2	0	2	0	Null	0	Null	0	0	0	0	7	69	4748	1	6900	6900	0	0	1	0	0	0	0	43	0	0	0	0	0	0	0 	0 	169 	206 	0.8 	115 	0 	0 	1 	1 	1 	1.8	0 	0 	0 	0 	0 	0 	0	0	1	0	0	0	0	0	0	0	0	0	0	0	0	0	0	0	0	0	0	0	0	0	0	0	0	0	1	41	1	5	0	0	0	0	0	0	0	0	0	0	0	0	0	0	0	0	0	0	0	0	0	0	0	0	0	1	0	0	0	0	0	0	0	0	0	0	0	0	0	0	0	0	0	0	0	0	0	0	0	0	0 	0 	186	237	0 	0 	0 	0 	0	0	0	0	0	0	0	0	0	0	0	0	0	0	3	0		//	-26		-27			-53	-10.6	-8	43
	20023	0	0	전설영웅의_양손검_8등급아이템	30068	0	0	30002	0	108	108	2108	39999	0	2	0	2	0	Null	0	Null	0	0	0	0	8	74	4636	1	10700	10700	0	0	1	0	0	0	0	50	0	0	0	0	0	0	0 	0 	198 	242 	0.8 	115 	0 	0 	1 	1 	1 	1.8	0 	0 	0 	0 	0 	0 	0	0	1	0	0	0	0	0	0	0	0	0	0	0	0	0	0	0	0	0	0	0	0	0	0	0	0	0	1	41	1	5	0	0	0	0	0	0	0	0	0	0	0	0	0	0	0	0	0	0	0	0	0	0	0	0	0	1	0	0	0	0	0	0	0	0	0	0	0	0	0	0	0	0	0	0	0	0	0	0	0	0	0 	0 	218	278	0 	0 	0 	0 	0	0	0	0	0	0	0	0	0	0	0	0	0	0	3	0		//	-26		-27			-53	-10.6	-8	50
	20024	0	0	안내자맥리르_양손검_9등급아이템	30069	0	0	30002	0	109	109	2109	39999	0	2	0	2	0	Null	0	Null	0	0	0	0	9	79	4526	1	16700	16700	0	0	1	0	0	0	0	57	0	0	0	0	0	0	0 	0 	232 	283 	0.8 	115 	0 	0 	1 	1 	1 	1.8	0 	0 	0 	0 	0 	0 	0	0	1	0	0	0	0	0	0	0	0	0	0	0	0	0	0	0	0	0	0	0	0	0	0	0	0	0	1	41	1	5	0	0	0	0	0	0	0	0	0	0	0	0	0	0	0	0	0	0	0	0	0	0	0	0	0	1	0	0	0	0	0	0	0	0	0	0	0	0	0	0	0	0	0	0	0	0	0	0	0	0	0 	0 	255	325	0 	0 	0 	0 	0	0	0	0	0	0	0	0	0	0	0	0	0	0	3	0		//	-26		-27			-53	-10.6	-8	57
	20025	0	0	심연의대태도_양손검_10등급아이템	30070	0	0	30002	0	110	110	2110	39999	0	2	0	2	0	Null	0	Null	0	0	0	0	10	85	4416	1	25800	25800	0	0	1	0	0	0	0	64	0	0	0	0	0	0	0 	0 	271 	332 	0.8 	115 	0 	0 	1 	1 	1 	1.8	0 	0 	0 	0 	0 	0 	0	0	1	0	0	0	0	0	0	0	0	0	0	0	0	0	0	0	0	0	0	0	0	0	0	0	0	0	1	41	1	5	0	0	0	0	0	0	0	0	0	0	0	0	0	0	0	0	0	0	0	0	0	0	0	0	0	1	0	0	0	0	0	0	0	0	0	0	0	0	0	0	0	0	0	0	0	0	0	0	0	0	0 	0 	298	382	0 	0 	0 	0 	0	0	0	0	0	0	0	0	0	0	0	0	0	0	3	0		//	-26		-27			-53	-10.6	-8	64
//	20026	0	0	숭고한_양손검_11등급아이템	30071	0	0	30002	0	111	111	2111	39999	0	2	0	2	0	Null	0	Null	0	0	0	0	11	90	4306	1	40000	40000	0	0	1	0	0	0	0	71	0	0	0	0	0	0	0 	0 	317 	388 	0.8 	115 	0 	0 	1 	1 	1 	1.8	0 	0 	0 	0 	0 	0 	0	0	1	0	0	0	0	0	0	0	0	0	0	0	0	0	0	0	0	0	0	0	0	0	0	0	0	0	1	41	1	5	0	0	0	0	0	0	0	0	0	0	0	0	0	0	0	0	0	0	0	0	0	0	0	0	0	1	0	0	0	0	0	0	0	0	0	0	0	0	0	0	0	0	0	0	0	0	0	0	0	0	0 	0 	349	446	0 	0 	0 	0 	0	0	0	0	0	0	0	0	0	0	0	0	0	0	3	0		//	-26		-27			-53	-10.6	-8	71
//	20027	0	0	황후를지킨_양손검_12등급아이템	30072	0	0	30002	0	112	112	2112	39999	0	2	0	2	0	Null	0	Null	0	0	0	0	12	95	4196	1	62000	62000	0	0	1	0	0	0	0	78	0	0	0	0	0	0	0 	0 	372 	455 	0.8 	115 	0 	0 	1 	1 	1 	1.8	0 	0 	0 	0 	0 	0 	0	0	1	0	0	0	0	0	0	0	0	0	0	0	0	0	0	0	0	0	0	0	0	0	0	0	0	0	1	41	1	5	0	0	0	0	0	0	0	0	0	0	0	0	0	0	0	0	0	0	0	0	0	0	0	0	0	1	0	0	0	0	0	0	0	0	0	0	0	0	0	0	0	0	0	0	0	0	0	0	0	0	0 	0 	409	523	0 	0 	0 	0 	0	0	0	0	0	0	0	0	0	0	0	0	0	0	3	0		//	-26		-27			-53	-10.6	-8	78
//	20028	0	0	절망을이긴_양손검_13등급아이템	30073	0	0	30002	0	113	113	2113	39999	0	2	0	2	0	Null	0	Null	0	0	0	0	13	100	4084	1	96200	96200	0	0	1	0	0	0	0	85	0	0	0	0	0	0	0 	0 	435 	532 	0.8 	115 	0 	0 	1 	1 	1 	1.8	0 	0 	0 	0 	0 	0 	0	0	1	0	0	0	0	0	0	0	0	0	0	0	0	0	0	0	0	0	0	0	0	0	0	0	0	0	1	41	1	5	0	0	0	0	0	0	0	0	0	0	0	0	0	0	0	0	0	0	0	0	0	0	0	0	0	1	0	0	0	0	0	0	0	0	0	0	0	0	0	0	0	0	0	0	0	0	0	0	0	0	0 	0 	479	612	0 	0 	0 	0 	0	0	0	0	0	0	0	0	0	0	0	0	0	0	3	0		//	-26		-27			-53	-10.6	-8	85
//	20029	0	0	심판자메디오_양손검_14등급아이템	30074	0	0	30002	0	114	114	2114	39999	0	2	0	2	0	Null	0	Null	0	0	0	0	14	106	3974	1	149000	149000	0	0	1	0	0	0	0	92	0	0	0	0	0	0	0 	0 	509 	622 	0.8 	115 	0 	0 	1 	1 	1 	1.8	0 	0 	0 	0 	0 	0 	0	0	1	0	0	0	0	0	0	0	0	0	0	0	0	0	0	0	0	0	0	0	0	0	0	0	0	0	1	41	1	5	0	0	0	0	0	0	0	0	0	0	0	0	0	0	0	0	0	0	0	0	0	0	0	0	0	1	0	0	0	0	0	0	0	0	0	0	0	0	0	0	0	0	0	0	0	0	0	0	0	0	0 	0 	560	715	0 	0 	0 	0 	0	0	0	0	0	0	0	0	0	0	0	0	0	0	3	0		//	-26		-27			-53	-10.6	-8	92
//	20030	0	0	운명을쥔자의_양손검_15등급아이템	30075	0	0	30002	0	115	115	2115	39999	0	2	0	2	0	Null	0	Null	0	0	0	0	15	111	3864	1	231000	231000	0	0	1	0	0	0	0	99	0	0	0	0	0	0	0 	0 	596 	729 	0.8 	115 	0 	0 	1 	1 	1 	1.8	0 	0 	0 	0 	0 	0 	0	0	1	0	0	0	0	0	0	0	0	0	0	0	0	0	0	0	0	0	0	0	0	0	0	0	0	0	1	41	1	5	0	0	0	0	0	0	0	0	0	0	0	0	0	0	0	0	0	0	0	0	0	0	0	0	0	1	0	0	0	0	0	0	0	0	0	0	0	0	0	0	0	0	0	0	0	0	0	0	0	0	0 	0 	656	838	0 	0 	0 	0 	0	0	0	0	0	0	0	0	0	0	0	0	0	0	3	0		//	-26		-27			-53	-10.6	-8	99
	20031	0	0	금속_한손검_1등급아이템	30091	0	0	30003	0	201	201	2201	39999	0	3	0	3	0	Null	0	Null	0	0	0	0	1	31	9060	1	25	25	0	0	1	0	0	0	0	1	0	0	0	0	0	0	0 	0 	47 	52 	0.8 	135 	0 	0 	1 	1 	1 	1	0 	0 	0 	0 	0 	0 	0	0	0	1	0	0	0	0	0	0	0	0	0	0	0	0	0	0	0	0	0	0	0	0	0	0	0	0	1	41	1	2	0	0	0	0	0	0	0	0	0	0	0	0	0	0	0	0	0	0	0	0	0	0	0	0	0	1	0	0	0	0	0	0	0	0	0	0	0	0	0	0	0	0	0	0	0	0	0	0	0	0	0 	0 	52	60	0 	0 	0 	0 	0	0	0	0	0	0	0	0	0	0	0	0	0	0	3	0		//	-22	-20				-42	-8.4	-6	1
	20032	0	0	청동_한손검_2등급아이템	30092	0	0	30003	0	202	202	2202	39999	0	3	0	3	0	Null	0	Null	0	0	0	0	2	35	8698	1	800	800	0	0	1	0	0	0	0	8	0	0	0	0	0	0	0 	0 	56 	61 	0.8 	135 	0 	0 	1 	1 	1 	1	0 	0 	0 	0 	0 	0 	0	0	0	1	0	0	0	0	0	0	0	0	0	0	0	0	0	0	0	0	0	0	0	0	0	0	0	0	1	41	1	2	0	0	0	0	0	0	0	0	0	0	0	0	0	0	0	0	0	0	0	0	0	0	0	0	0	1	0	0	0	0	0	0	0	0	0	0	0	0	0	0	0	0	0	0	0	0	0	0	0	0	0 	0 	62	70	0 	0 	0 	0 	0	0	0	0	0	0	0	0	0	0	0	0	0	0	3	0		//	-22	-20				-42	-8.4	-6	8
	20033	0	0	주석_한손검_3등급아이템	30093	0	0	30003	0	203	203	2203	39999	0	3	0	3	0	Null	0	Null	0	0	0	0	3	40	8516	1	1200	1200	0	0	1	0	0	0	0	15	0	0	0	0	0	0	0 	0 	65 	72 	0.8 	135 	0 	0 	1 	1 	1 	1	0 	0 	0 	0 	0 	0 	0	0	0	1	0	0	0	0	0	0	0	0	0	0	0	0	0	0	0	0	0	0	0	0	0	0	0	0	1	41	1	2	0	0	0	0	0	0	0	0	0	0	0	0	0	0	0	0	0	0	0	0	0	0	0	0	0	1	0	0	0	0	0	0	0	0	0	0	0	0	0	0	0	0	0	0	0	0	0	0	0	0	0 	0 	72	83	0 	0 	0 	0 	0	0	0	0	0	0	0	0	0	0	0	0	0	0	3	0		//	-22	-20				-42	-8.4	-6	15
	20034	0	0	무쇠_한손검_4등급아이템	30094	0	0	30003	0	204	204	2204	39999	0	3	0	3	0	Null	0	Null	0	0	0	0	4	45	8336	1	1900	1900	0	0	1	0	0	0	0	22	0	0	0	0	0	0	0 	0 	76 	85 	0.8 	135 	0 	0 	1 	1 	1 	1	0 	0 	0 	0 	0 	0 	0	0	0	1	0	0	0	0	0	0	0	0	0	0	0	0	0	0	0	0	0	0	0	0	0	0	0	0	1	41	1	2	0	0	0	0	0	0	0	0	0	0	0	0	0	0	0	0	0	0	0	0	0	0	0	0	0	1	0	0	0	0	0	0	0	0	0	0	0	0	0	0	0	0	0	0	0	0	0	0	0	0	0 	0 	84	98	0 	0 	0 	0 	0	0	0	0	0	0	0	0	0	0	0	0	0	0	3	0		//	-22	-20				-42	-8.4	-6	22
	20035	0	0	수호자_한손검_5등급아이템	30095	0	0	30003	0	205	205	2205	39999	0	3	0	3	0	Null	0	Null	0	0	0	0	5	50	8154	1	2900	2900	0	0	1	0	0	0	0	29	0	0	0	0	0	0	0 	0 	90 	99 	0.8 	135 	0 	0 	1 	1 	1 	1	0 	0 	0 	0 	0 	0 	0	0	0	1	0	0	0	0	0	0	0	0	0	0	0	0	0	0	0	0	0	0	0	0	0	0	0	0	1	41	1	2	0	0	0	0	0	0	0	0	0	0	0	0	0	0	0	0	0	0	0	0	0	0	0	0	0	1	0	0	0	0	0	0	0	0	0	0	0	0	0	0	0	0	0	0	0	0	0	0	0	0	0 	0 	99	114	0 	0 	0 	0 	0	0	0	0	0	0	0	0	0	0	0	0	0	0	3	0		//	-22	-20				-42	-8.4	-6	29
	20036	0	0	용족의골짜기_한손검_6등급아이템	30096	0	0	30003	0	206	206	2206	39999	0	3	0	3	0	Null	0	Null	0	0	0	0	6	55	7972	1	4500	4500	0	0	1	0	0	0	0	36	0	0	0	0	0	0	0 	0 	105 	116 	0.8 	135 	0 	0 	1 	1 	1 	1	0 	0 	0 	0 	0 	0 	0	0	0	1	0	0	0	0	0	0	0	0	0	0	0	0	0	0	0	0	0	0	0	0	0	0	0	0	1	41	1	2	0	0	0	0	0	0	0	0	0	0	0	0	0	0	0	0	0	0	0	0	0	0	0	0	0	1	0	0	0	0	0	0	0	0	0	0	0	0	0	0	0	0	0	0	0	0	0	0	0	0	0 	0 	116	133	0 	0 	0 	0 	0	0	0	0	0	0	0	0	0	0	0	0	0	0	3	0		//	-22	-20				-42	-8.4	-6	36
	20037	0	0	기적을일구는_한손검_7등급아이템	30097	0	0	30003	0	207	207	2207	39999	0	3	0	3	0	Null	0	Null	0	0	0	0	7	60	7792	1	6900	6900	0	0	1	0	0	0	0	43	0	0	0	0	0	0	0 	0 	123 	136 	0.8 	135 	0 	0 	1 	1 	1 	1	0 	0 	0 	0 	0 	0 	0	0	0	1	0	0	0	0	0	0	0	0	0	0	0	0	0	0	0	0	0	0	0	0	0	0	0	0	1	41	1	2	0	0	0	0	0	0	0	0	0	0	0	0	0	0	0	0	0	0	0	0	0	0	0	0	0	1	0	0	0	0	0	0	0	0	0	0	0	0	0	0	0	0	0	0	0	0	0	0	0	0	0 	0 	135	156	0 	0 	0 	0 	0	0	0	0	0	0	0	0	0	0	0	0	0	0	3	0		//	-22	-20				-42	-8.4	-6	43
	20038	0	0	새벽을여는_한손검_8등급아이템	30098	0	0	30003	0	208	208	2208	39999	0	3	0	3	0	Null	0	Null	0	0	0	0	8	65	7610	1	10700	10700	0	0	1	0	0	0	0	50	0	0	0	0	0	0	0 	0 	144 	159 	0.8 	135 	0 	0 	1 	1 	1 	1	0 	0 	0 	0 	0 	0 	0	0	0	1	0	0	0	0	0	0	0	0	0	0	0	0	0	0	0	0	0	0	0	0	0	0	0	0	1	41	1	2	0	0	0	0	0	0	0	0	0	0	0	0	0	0	0	0	0	0	0	0	0	0	0	0	0	1	0	0	0	0	0	0	0	0	0	0	0	0	0	0	0	0	0	0	0	0	0	0	0	0	0 	0 	158	183	0 	0 	0 	0 	0	0	0	0	0	0	0	0	0	0	0	0	0	0	3	0		//	-22	-20				-42	-8.4	-6	50
	20039	0	0	용암으로달군_한손검_9등급아이템	30099	0	0	30003	0	209	209	2209	39999	0	3	0	3	0	Null	0	Null	0	0	0	0	9	70	7430	1	16700	16700	0	0	1	0	0	0	0	57	0	0	0	0	0	0	0 	0 	169 	186 	0.8 	135 	0 	0 	1 	1 	1 	1	0 	0 	0 	0 	0 	0 	0	0	0	1	0	0	0	0	0	0	0	0	0	0	0	0	0	0	0	0	0	0	0	0	0	0	0	0	1	41	1	2	0	0	0	0	0	0	0	0	0	0	0	0	0	0	0	0	0	0	0	0	0	0	0	0	0	1	0	0	0	0	0	0	0	0	0	0	0	0	0	0	0	0	0	0	0	0	0	0	0	0	0 	0 	186	214	0 	0 	0 	0 	0	0	0	0	0	0	0	0	0	0	0	0	0	0	3	0		//	-22	-20				-42	-8.4	-6	57
	20040	0	0	데이브레이커_한손검_10등급아이템	30100	0	0	30003	0	210	210	2210	39999	0	3	0	3	0	Null	0	Null	0	0	0	0	10	74	7248	1	25800	25800	0	0	1	0	0	0	0	64	0	0	0	0	0	0	0 	0 	197 	218 	0.8 	135 	0 	0 	1 	1 	1 	1	0 	0 	0 	0 	0 	0 	0	0	0	1	0	0	0	0	0	0	0	0	0	0	0	0	0	0	0	0	0	0	0	0	0	0	0	0	1	41	1	2	0	0	0	0	0	0	0	0	0	0	0	0	0	0	0	0	0	0	0	0	0	0	0	0	0	1	0	0	0	0	0	0	0	0	0	0	0	0	0	0	0	0	0	0	0	0	0	0	0	0	0 	0 	217	251	0 	0 	0 	0 	0	0	0	0	0	0	0	0	0	0	0	0	0	0	3	0		//	-22	-20				-42	-8.4	-6	64
//	20041	0	0	뜨거운복수의_한손검_11등급아이템	30101	0	0	30003	0	211	211	2211	39999	0	3	0	3	0	Null	0	Null	0	0	0	0	11	79	7066	1	40000	40000	0	0	1	0	0	0	0	71	0	0	0	0	0	0	0 	0 	230 	255 	0.8 	135 	0 	0 	1 	1 	1 	1	0 	0 	0 	0 	0 	0 	0	0	0	1	0	0	0	0	0	0	0	0	0	0	0	0	0	0	0	0	0	0	0	0	0	0	0	0	1	41	1	2	0	0	0	0	0	0	0	0	0	0	0	0	0	0	0	0	0	0	0	0	0	0	0	0	0	1	0	0	0	0	0	0	0	0	0	0	0	0	0	0	0	0	0	0	0	0	0	0	0	0	0 	0 	253	293	0 	0 	0 	0 	0	0	0	0	0	0	0	0	0	0	0	0	0	0	3	0		//	-22	-20				-42	-8.4	-6	71
//	20042	0	0	공명한벨티스_한손검_12등급아이템	30102	0	0	30003	0	212	212	2212	39999	0	3	0	3	0	Null	0	Null	0	0	0	0	12	84	6886	1	62000	62000	0	0	1	0	0	0	0	78	0	0	0	0	0	0	0 	0 	270 	299 	0.8 	135 	0 	0 	1 	1 	1 	1	0 	0 	0 	0 	0 	0 	0	0	0	1	0	0	0	0	0	0	0	0	0	0	0	0	0	0	0	0	0	0	0	0	0	0	0	0	1	41	1	2	0	0	0	0	0	0	0	0	0	0	0	0	0	0	0	0	0	0	0	0	0	0	0	0	0	1	0	0	0	0	0	0	0	0	0	0	0	0	0	0	0	0	0	0	0	0	0	0	0	0	0 	0 	297	344	0 	0 	0 	0 	0	0	0	0	0	0	0	0	0	0	0	0	0	0	3	0		//	-22	-20				-42	-8.4	-6	78
//	20043	0	0	영혼을지키는_한손검_13등급아이템	30103	0	0	30003	0	213	213	2213	39999	0	3	0	3	0	Null	0	Null	0	0	0	0	13	89	6704	1	96200	96200	0	0	1	0	0	0	0	85	0	0	0	0	0	0	0 	0 	316 	349 	0.8 	135 	0 	0 	1 	1 	1 	1	0 	0 	0 	0 	0 	0 	0	0	0	1	0	0	0	0	0	0	0	0	0	0	0	0	0	0	0	0	0	0	0	0	0	0	0	0	1	41	1	2	0	0	0	0	0	0	0	0	0	0	0	0	0	0	0	0	0	0	0	0	0	0	0	0	0	1	0	0	0	0	0	0	0	0	0	0	0	0	0	0	0	0	0	0	0	0	0	0	0	0	0 	0 	348	401	0 	0 	0 	0 	0	0	0	0	0	0	0	0	0	0	0	0	0	0	3	0		//	-22	-20				-42	-8.4	-6	85
//	20044	0	0	속박을끊는_한손검_14등급아이템	30104	0	0	30003	0	214	214	2214	39999	0	3	0	3	0	Null	0	Null	0	0	0	0	14	94	6524	1	149000	149000	0	0	1	0	0	0	0	92	0	0	0	0	0	0	0 	0 	370 	409 	0.8 	135 	0 	0 	1 	1 	1 	1	0 	0 	0 	0 	0 	0 	0	0	0	1	0	0	0	0	0	0	0	0	0	0	0	0	0	0	0	0	0	0	0	0	0	0	0	0	1	41	1	2	0	0	0	0	0	0	0	0	0	0	0	0	0	0	0	0	0	0	0	0	0	0	0	0	0	1	0	0	0	0	0	0	0	0	0	0	0	0	0	0	0	0	0	0	0	0	0	0	0	0	0 	0 	407	470	0 	0 	0 	0 	0	0	0	0	0	0	0	0	0	0	0	0	0	0	3	0		//	-22	-20				-42	-8.4	-6	92
//	20045	0	0	비상하는용족의_한손검_15등급아이템	30105	0	0	30003	0	215	215	2215	39999	0	3	0	3	0	Null	0	Null	0	0	0	0	15	99	6342	1	231000	231000	0	0	1	0	0	0	0	99	0	0	0	0	0	0	0 	0 	433 	478 	0.8 	135 	0 	0 	1 	1 	1 	1	0 	0 	0 	0 	0 	0 	0	0	0	1	0	0	0	0	0	0	0	0	0	0	0	0	0	0	0	0	0	0	0	0	0	0	0	0	1	41	1	2	0	0	0	0	0	0	0	0	0	0	0	0	0	0	0	0	0	0	0	0	0	0	0	0	0	1	0	0	0	0	0	0	0	0	0	0	0	0	0	0	0	0	0	0	0	0	0	0	0	0	0 	0 	476	550	0 	0 	0 	0 	0	0	0	0	0	0	0	0	0	0	0	0	0	0	3	0		//	-22	-20				-42	-8.4	-6	99
	20046	0	0	금속_창_1등급아이템	30121	0	0	30004	0	301	301	2301	39999	0	4	0	4	0	Null	0	Null	0	0	0	0	1	31	7770	1	25	25	0	0	1	0	0	0	0	1	0	0	0	0	0	0	0 	0 	52 	61 	0.8 	120 	0 	0 	1 	1 	1 	2.5	0 	0 	0 	0 	0 	0 	0	0	0	1	0	0	0	0	0	0	0	0	0	0	0	0	0	0	0	0	0	0	0	0	0	0	0	0	1	41	1	4	0	0	0	0	0	0	0	0	0	0	0	0	0	0	0	0	0	0	0	0	0	0	0	0	0	1	0	0	0	0	0	0	0	0	0	0	0	0	0	0	0	0	0	0	0	0	0	0	0	0	0 	0 	57	70	0 	0 	0 	0 	0	0	0	0	0	0	0	0	0	0	0	0	0	0	3	0		//	-22	-20				-42	-8.4	-6	1
	20047	0	0	청동_창_2등급아이템	30122	0	0	30004	0	302	302	2302	39999	0	4	0	4	0	Null	0	Null	0	0	0	0	2	35	7460	1	800	800	0	0	1	0	0	0	0	8	0	0	0	0	0	0	0 	0 	61 	72 	0.8 	120 	0 	0 	1 	1 	1 	2.5	0 	0 	0 	0 	0 	0 	0	0	0	1	0	0	0	0	0	0	0	0	0	0	0	0	0	0	0	0	0	0	0	0	0	0	0	0	1	41	1	4	0	0	0	0	0	0	0	0	0	0	0	0	0	0	0	0	0	0	0	0	0	0	0	0	0	1	0	0	0	0	0	0	0	0	0	0	0	0	0	0	0	0	0	0	0	0	0	0	0	0	0 	0 	67	83	0 	0 	0 	0 	0	0	0	0	0	0	0	0	0	0	0	0	0	0	3	0		//	-22	-20				-42	-8.4	-6	8
	20048	0	0	주석_창_3등급아이템	30123	0	0	30004	0	303	303	2303	39999	0	4	0	4	0	Null	0	Null	0	0	0	0	3	40	7304	1	1200	1200	0	0	1	0	0	0	0	15	0	0	0	0	0	0	0 	0 	71 	84 	0.8 	120 	0 	0 	1 	1 	1 	2.5	0 	0 	0 	0 	0 	0 	0	0	0	1	0	0	0	0	0	0	0	0	0	0	0	0	0	0	0	0	0	0	0	0	0	0	0	0	1	41	1	4	0	0	0	0	0	0	0	0	0	0	0	0	0	0	0	0	0	0	0	0	0	0	0	0	0	1	0	0	0	0	0	0	0	0	0	0	0	0	0	0	0	0	0	0	0	0	0	0	0	0	0 	0 	78	97	0 	0 	0 	0 	0	0	0	0	0	0	0	0	0	0	0	0	0	0	3	0		//	-22	-20				-42	-8.4	-6	15
	20049	0	0	무쇠_창_4등급아이템	30124	0	0	30004	0	304	304	2304	39999	0	4	0	4	0	Null	0	Null	0	0	0	0	4	45	7148	1	1900	1900	0	0	1	0	0	0	0	22	0	0	0	0	0	0	0 	0 	84 	99 	0.8 	120 	0 	0 	1 	1 	1 	2.5	0 	0 	0 	0 	0 	0 	0	0	0	1	0	0	0	0	0	0	0	0	0	0	0	0	0	0	0	0	0	0	0	0	0	0	0	0	1	41	1	4	0	0	0	0	0	0	0	0	0	0	0	0	0	0	0	0	0	0	0	0	0	0	0	0	0	1	0	0	0	0	0	0	0	0	0	0	0	0	0	0	0	0	0	0	0	0	0	0	0	0	0 	0 	92	114	0 	0 	0 	0 	0	0	0	0	0	0	0	0	0	0	0	0	0	0	3	0		//	-22	-20				-42	-8.4	-6	22
	20050	0	0	최후의일격_창_5등급아이템	30125	0	0	30004	0	305	305	2305	39999	0	4	0	4	0	Null	0	Null	0	0	0	0	5	50	6994	1	2900	2900	0	0	1	0	0	0	0	29	0	0	0	0	0	0	0 	0 	99 	116 	0.8 	120 	0 	0 	1 	1 	1 	2.5	0 	0 	0 	0 	0 	0 	0	0	0	1	0	0	0	0	0	0	0	0	0	0	0	0	0	0	0	0	0	0	0	0	0	0	0	0	1	41	1	4	0	0	0	0	0	0	0	0	0	0	0	0	0	0	0	0	0	0	0	0	0	0	0	0	0	1	0	0	0	0	0	0	0	0	0	0	0	0	0	0	0	0	0	0	0	0	0	0	0	0	0 	0 	109	133	0 	0 	0 	0 	0	0	0	0	0	0	0	0	0	0	0	0	0	0	3	0		//	-22	-20				-42	-8.4	-6	29
	20051	0	0	북풍을가르는_창_6등급아이템	30126	0	0	30004	0	306	306	2306	39999	0	4	0	4	0	Null	0	Null	0	0	0	0	6	55	6838	1	4500	4500	0	0	1	0	0	0	0	36	0	0	0	0	0	0	0 	0 	115 	136 	0.8 	120 	0 	0 	1 	1 	1 	2.5	0 	0 	0 	0 	0 	0 	0	0	0	1	0	0	0	0	0	0	0	0	0	0	0	0	0	0	0	0	0	0	0	0	0	0	0	0	1	41	1	4	0	0	0	0	0	0	0	0	0	0	0	0	0	0	0	0	0	0	0	0	0	0	0	0	0	1	0	0	0	0	0	0	0	0	0	0	0	0	0	0	0	0	0	0	0	0	0	0	0	0	0 	0 	127	156	0 	0 	0 	0 	0	0	0	0	0	0	0	0	0	0	0	0	0	0	3	0		//	-22	-20				-42	-8.4	-6	36
	20052	0	0	분노의번개_창_7등급아이템	30127	0	0	30004	0	307	307	2307	39999	0	4	0	4	0	Null	0	Null	0	0	0	0	7	60	6682	1	6900	6900	0	0	1	0	0	0	0	43	0	0	0	0	0	0	0 	0 	135 	158 	0.8 	120 	0 	0 	1 	1 	1 	2.5	0 	0 	0 	0 	0 	0 	0	0	0	1	0	0	0	0	0	0	0	0	0	0	0	0	0	0	0	0	0	0	0	0	0	0	0	0	1	41	1	4	0	0	0	0	0	0	0	0	0	0	0	0	0	0	0	0	0	0	0	0	0	0	0	0	0	1	0	0	0	0	0	0	0	0	0	0	0	0	0	0	0	0	0	0	0	0	0	0	0	0	0 	0 	149	182	0 	0 	0 	0 	0	0	0	0	0	0	0	0	0	0	0	0	0	0	3	0		//	-22	-20				-42	-8.4	-6	43
	20053	0	0	천리안_창_8등급아이템	30128	0	0	30004	0	308	308	2308	39999	0	4	0	4	0	Null	0	Null	0	0	0	0	8	65	6526	1	10700	10700	0	0	1	0	0	0	0	50	0	0	0	0	0	0	0 	0 	158 	185 	0.8 	120 	0 	0 	1 	1 	1 	2.5	0 	0 	0 	0 	0 	0 	0	0	0	1	0	0	0	0	0	0	0	0	0	0	0	0	0	0	0	0	0	0	0	0	0	0	0	0	1	41	1	4	0	0	0	0	0	0	0	0	0	0	0	0	0	0	0	0	0	0	0	0	0	0	0	0	0	1	0	0	0	0	0	0	0	0	0	0	0	0	0	0	0	0	0	0	0	0	0	0	0	0	0 	0 	174	213	0 	0 	0 	0 	0	0	0	0	0	0	0	0	0	0	0	0	0	0	3	0		//	-22	-20				-42	-8.4	-6	50
	20054	0	0	성난바람_창_9등급아이템	30129	0	0	30004	0	309	309	2309	39999	0	4	0	4	0	Null	0	Null	0	0	0	0	9	70	6372	1	16700	16700	0	0	1	0	0	0	0	57	0	0	0	0	0	0	0 	0 	185 	218 	0.8 	120 	0 	0 	1 	1 	1 	2.5	0 	0 	0 	0 	0 	0 	0	0	0	1	0	0	0	0	0	0	0	0	0	0	0	0	0	0	0	0	0	0	0	0	0	0	0	0	1	41	1	4	0	0	0	0	0	0	0	0	0	0	0	0	0	0	0	0	0	0	0	0	0	0	0	0	0	1	0	0	0	0	0	0	0	0	0	0	0	0	0	0	0	0	0	0	0	0	0	0	0	0	0 	0 	204	251	0 	0 	0 	0 	0	0	0	0	0	0	0	0	0	0	0	0	0	0	3	0		//	-22	-20				-42	-8.4	-6	57
	20055	0	0	오딘의궁그닐_창_10등급아이템	30130	0	0	30004	0	310	310	2310	39999	0	4	0	4	0	Null	0	Null	0	0	0	0	10	74	6216	1	25800	25800	0	0	1	0	0	0	0	64	0	0	0	0	0	0	0 	0 	217 	254 	0.8 	120 	0 	0 	1 	1 	1 	2.5	0 	0 	0 	0 	0 	0 	0	0	0	1	0	0	0	0	0	0	0	0	0	0	0	0	0	0	0	0	0	0	0	0	0	0	0	0	1	41	1	4	0	0	0	0	0	0	0	0	0	0	0	0	0	0	0	0	0	0	0	0	0	0	0	0	0	1	0	0	0	0	0	0	0	0	0	0	0	0	0	0	0	0	0	0	0	0	0	0	0	0	0 	0 	239	292	0 	0 	0 	0 	0	0	0	0	0	0	0	0	0	0	0	0	0	0	3	0		//	-22	-20				-42	-8.4	-6	64
//	20056	0	0	심연을가르는_창_11등급아이템	30131	0	0	30004	0	311	311	2311	39999	0	4	0	4	0	Null	0	Null	0	0	0	0	11	79	6060	1	40000	40000	0	0	1	0	0	0	0	71	0	0	0	0	0	0	0 	0 	254 	299 	0.8 	120 	0 	0 	1 	1 	1 	2.5	0 	0 	0 	0 	0 	0 	0	0	0	1	0	0	0	0	0	0	0	0	0	0	0	0	0	0	0	0	0	0	0	0	0	0	0	0	1	41	1	4	0	0	0	0	0	0	0	0	0	0	0	0	0	0	0	0	0	0	0	0	0	0	0	0	0	1	0	0	0	0	0	0	0	0	0	0	0	0	0	0	0	0	0	0	0	0	0	0	0	0	0 	0 	279	344	0 	0 	0 	0 	0	0	0	0	0	0	0	0	0	0	0	0	0	0	3	0		//	-22	-20				-42	-8.4	-6	71
//	20057	0	0	대담한에리알_창_12등급아이템	30132	0	0	30004	0	312	312	2312	39999	0	4	0	4	0	Null	0	Null	0	0	0	0	12	84	5906	1	62000	62000	0	0	1	0	0	0	0	78	0	0	0	0	0	0	0 	0 	298 	349 	0.8 	120 	0 	0 	1 	1 	1 	2.5	0 	0 	0 	0 	0 	0 	0	0	0	1	0	0	0	0	0	0	0	0	0	0	0	0	0	0	0	0	0	0	0	0	0	0	0	0	1	41	1	4	0	0	0	0	0	0	0	0	0	0	0	0	0	0	0	0	0	0	0	0	0	0	0	0	0	1	0	0	0	0	0	0	0	0	0	0	0	0	0	0	0	0	0	0	0	0	0	0	0	0	0 	0 	328	401	0 	0 	0 	0 	0	0	0	0	0	0	0	0	0	0	0	0	0	0	3	0		//	-22	-20				-42	-8.4	-6	78
//	20058	0	0	광채에싸인_창_13등급아이템	30133	0	0	30004	0	313	313	2313	39999	0	4	0	4	0	Null	0	Null	0	0	0	0	13	89	5750	1	96200	96200	0	0	1	0	0	0	0	85	0	0	0	0	0	0	0 	0 	348 	409 	0.8 	120 	0 	0 	1 	1 	1 	2.5	0 	0 	0 	0 	0 	0 	0	0	0	1	0	0	0	0	0	0	0	0	0	0	0	0	0	0	0	0	0	0	0	0	0	0	0	0	1	41	1	4	0	0	0	0	0	0	0	0	0	0	0	0	0	0	0	0	0	0	0	0	0	0	0	0	0	1	0	0	0	0	0	0	0	0	0	0	0	0	0	0	0	0	0	0	0	0	0	0	0	0	0 	0 	383	470	0 	0 	0 	0 	0	0	0	0	0	0	0	0	0	0	0	0	0	0	3	0		//	-22	-20				-42	-8.4	-6	85
//	20059	0	0	대천사의_창_14등급아이템	30134	0	0	30004	0	314	314	2314	39999	0	4	0	4	0	Null	0	Null	0	0	0	0	14	94	5594	1	149000	149000	0	0	1	0	0	0	0	92	0	0	0	0	0	0	0 	0 	407 	478 	0.8 	120 	0 	0 	1 	1 	1 	2.5	0 	0 	0 	0 	0 	0 	0	0	0	1	0	0	0	0	0	0	0	0	0	0	0	0	0	0	0	0	0	0	0	0	0	0	0	0	1	41	1	4	0	0	0	0	0	0	0	0	0	0	0	0	0	0	0	0	0	0	0	0	0	0	0	0	0	1	0	0	0	0	0	0	0	0	0	0	0	0	0	0	0	0	0	0	0	0	0	0	0	0	0 	0 	448	550	0 	0 	0 	0 	0	0	0	0	0	0	0	0	0	0	0	0	0	0	3	0		//	-22	-20				-42	-8.4	-6	92
//	20060	0	0	거룩한계시의_창_15등급아이템	30135	0	0	30004	0	315	315	2315	39999	0	4	0	4	0	Null	0	Null	0	0	0	0	15	99	5440	1	231000	231000	0	0	1	0	0	0	0	99	0	0	0	0	0	0	0 	0 	477 	560 	0.8 	120 	0 	0 	1 	1 	1 	2.5	0 	0 	0 	0 	0 	0 	0	0	0	1	0	0	0	0	0	0	0	0	0	0	0	0	0	0	0	0	0	0	0	0	0	0	0	0	1	41	1	4	0	0	0	0	0	0	0	0	0	0	0	0	0	0	0	0	0	0	0	0	0	0	0	0	0	1	0	0	0	0	0	0	0	0	0	0	0	0	0	0	0	0	0	0	0	0	0	0	0	0	0 	0 	525	644	0 	0 	0 	0 	0	0	0	0	0	0	0	0	0	0	0	0	0	0	3	0		//	-22	-20				-42	-8.4	-6	99
	20061	0	0	강철_대거_1등급아이템	31161	0	0	31156	0	401	401	2401	39999	0	5	0	5	0	Null	0	Null	0	0	0	0	1	30	8310	1	25	25	0	0	1	0	0	0	0	1	0	0	0	0	0	0	0 	0 	49 	54 	0.8 	140 	0 	0 	1 	1 	1 	2.5	0 	0 	0 	0 	0 	0 	0	0	0	0	1	0	0	0	0	0	0	0	0	0	0	0	0	0	0	0	0	0	0	0	0	0	0	0	1	41	1	2	0	0	0	0	0	0	0	0	0	0	0	0	0	0	0	0	0	0	0	0	0	0	0	0	0	1	0	0	0	0	0	0	0	0	0	0	0	0	0	0	0	0	0	0	0	0	0	0	0	0	0 	0 	54	62	0 	0 	0 	0 	0	0	0	0	0	0	0	0	0	0	0	0	0	0	3	0		//	-19			-18		-37	-7.4	-5	1
	20062	0	0	미스릴_대거_2등급아이템	31162	0	0	31156	0	402	402	2402	39999	0	5	0	5	0	Null	0	Null	0	0	0	0	2	35	7978	1	800	800	0	0	1	0	0	0	0	8	0	0	0	0	0	0	0 	0 	57 	62 	0.8 	140 	0 	0 	1 	1 	1 	2.5	0 	0 	0 	0 	0 	0 	0	0	0	0	1	0	0	0	0	0	0	0	0	0	0	0	0	0	0	0	0	0	0	0	0	0	0	0	1	41	1	2	0	0	0	0	0	0	0	0	0	0	0	0	0	0	0	0	0	0	0	0	0	0	0	0	0	1	0	0	0	0	0	0	0	0	0	0	0	0	0	0	0	0	0	0	0	0	0	0	0	0	0 	0 	63	71	0 	0 	0 	0 	0	0	0	0	0	0	0	0	0	0	0	0	0	0	3	0		//	-19			-18		-37	-7.4	-5	8
	20063	0	0	흑철_대거_3등급아이템	31163	0	0	31156	0	403	403	2403	39999	0	5	0	5	0	Null	0	Null	0	0	0	0	3	39	7812	1	1200	1200	0	0	1	0	0	0	0	15	0	0	0	0	0	0	0 	0 	68 	73 	0.8 	140 	0 	0 	1 	1 	1 	2.5	0 	0 	0 	0 	0 	0 	0	0	0	0	1	0	0	0	0	0	0	0	0	0	0	0	0	0	0	0	0	0	0	0	0	0	0	0	1	41	1	2	0	0	0	0	0	0	0	0	0	0	0	0	0	0	0	0	0	0	0	0	0	0	0	0	0	1	0	0	0	0	0	0	0	0	0	0	0	0	0	0	0	0	0	0	0	0	0	0	0	0	0 	0 	75	84	0 	0 	0 	0 	0	0	0	0	0	0	0	0	0	0	0	0	0	0	3	0		//	-19			-18		-37	-7.4	-5	15
	20064	0	0	데스모더스_대거_4등급아이템	31164	0	0	31156	0	404	404	2404	39999	0	5	0	5	0	Null	0	Null	0	0	0	0	4	44	7646	1	1900	1900	0	0	1	0	0	0	0	22	0	0	0	0	0	0	0 	0 	79 	86 	0.8 	140 	0 	0 	1 	1 	1 	2.5	0 	0 	0 	0 	0 	0 	0	0	0	0	1	0	0	0	0	0	0	0	0	0	0	0	0	0	0	0	0	0	0	0	0	0	0	0	1	41	1	2	0	0	0	0	0	0	0	0	0	0	0	0	0	0	0	0	0	0	0	0	0	0	0	0	0	1	0	0	0	0	0	0	0	0	0	0	0	0	0	0	0	0	0	0	0	0	0	0	0	0	0 	0 	87	99	0 	0 	0 	0 	0	0	0	0	0	0	0	0	0	0	0	0	0	0	3	0		//	-19			-18		-37	-7.4	-5	22
	20065	0	0	제국말살자_대거_5등급아이템	31165	0	0	31156	0	405	405	2405	39999	0	5	0	5	0	Null	0	Null	0	0	0	0	5	49	7480	1	2900	2900	0	0	1	0	0	0	0	29	0	0	0	0	0	0	0 	0 	93 	100 	0.8 	140 	0 	0 	1 	1 	1 	2.5	0 	0 	0 	0 	0 	0 	0	0	0	0	1	0	0	0	0	0	0	0	0	0	0	0	0	0	0	0	0	0	0	0	0	0	0	0	1	41	1	2	0	0	0	0	0	0	0	0	0	0	0	0	0	0	0	0	0	0	0	0	0	0	0	0	0	1	0	0	0	0	0	0	0	0	0	0	0	0	0	0	0	0	0	0	0	0	0	0	0	0	0 	0 	102	115	0 	0 	0 	0 	0	0	0	0	0	0	0	0	0	0	0	0	0	0	3	0		//	-19			-18		-37	-7.4	-5	29
	20066	0	0	심장파괴자의_대거_6등급아이템	31166	0	0	31156	0	406	406	2406	39999	0	5	0	5	0	Null	0	Null	0	0	0	0	6	54	7312	1	4500	4500	0	0	1	0	0	0	0	36	0	0	0	0	0	0	0 	0 	109 	118 	0.8 	140 	0 	0 	1 	1 	1 	2.5	0 	0 	0 	0 	0 	0 	0	0	0	0	1	0	0	0	0	0	0	0	0	0	0	0	0	0	0	0	0	0	0	0	0	0	0	0	1	41	1	2	0	0	0	0	0	0	0	0	0	0	0	0	0	0	0	0	0	0	0	0	0	0	0	0	0	1	0	0	0	0	0	0	0	0	0	0	0	0	0	0	0	0	0	0	0	0	0	0	0	0	0 	0 	120	136	0 	0 	0 	0 	0	0	0	0	0	0	0	0	0	0	0	0	0	0	3	0		//	-19			-18		-37	-7.4	-5	36
	20067	0	0	피의향현_대거_7등급아이템	31167	0	0	31156	0	407	407	2407	39999	0	5	0	5	0	Null	0	Null	0	0	0	0	7	59	7146	1	6900	6900	0	0	1	0	0	0	0	43	0	0	0	0	0	0	0 	0 	127 	138 	0.8 	140 	0 	0 	1 	1 	1 	2.5	0 	0 	0 	0 	0 	0 	0	0	0	0	1	0	0	0	0	0	0	0	0	0	0	0	0	0	0	0	0	0	0	0	0	0	0	0	1	41	1	2	0	0	0	0	0	0	0	0	0	0	0	0	0	0	0	0	0	0	0	0	0	0	0	0	0	1	0	0	0	0	0	0	0	0	0	0	0	0	0	0	0	0	0	0	0	0	0	0	0	0	0 	0 	140	159	0 	0 	0 	0 	0	0	0	0	0	0	0	0	0	0	0	0	0	0	3	0		//	-19			-18		-37	-7.4	-5	43
	20068	0	0	영혼을쫓는_대거_8등급아이템	31168	0	0	31156	0	408	408	2408	39999	0	5	0	5	0	Null	0	Null	0	0	0	0	8	64	6980	1	10700	10700	0	0	1	0	0	0	0	50	0	0	0	0	0	0	0 	0 	149 	162 	0.8 	140 	0 	0 	1 	1 	1 	2.5	0 	0 	0 	0 	0 	0 	0	0	0	0	1	0	0	0	0	0	0	0	0	0	0	0	0	0	0	0	0	0	0	0	0	0	0	0	1	41	1	2	0	0	0	0	0	0	0	0	0	0	0	0	0	0	0	0	0	0	0	0	0	0	0	0	0	1	0	0	0	0	0	0	0	0	0	0	0	0	0	0	0	0	0	0	0	0	0	0	0	0	0 	0 	164	186	0 	0 	0 	0 	0	0	0	0	0	0	0	0	0	0	0	0	0	0	3	0		//	-19			-18		-37	-7.4	-5	50
	20069	0	0	침묵의묵시록_대거_9등급아이템	31169	0	0	31156	0	409	409	2409	39999	0	5	0	5	0	Null	0	Null	0	0	0	0	9	69	6814	1	16700	16700	0	0	1	0	0	0	0	57	0	0	0	0	0	0	0 	0 	174 	189 	0.8 	140 	0 	0 	1 	1 	1 	2.5	0 	0 	0 	0 	0 	0 	0	0	0	0	1	0	0	0	0	0	0	0	0	0	0	0	0	0	0	0	0	0	0	0	0	0	0	0	1	41	1	2	0	0	0	0	0	0	0	0	0	0	0	0	0	0	0	0	0	0	0	0	0	0	0	0	0	1	0	0	0	0	0	0	0	0	0	0	0	0	0	0	0	0	0	0	0	0	0	0	0	0	0 	0 	191	217	0 	0 	0 	0 	0	0	0	0	0	0	0	0	0	0	0	0	0	0	3	0		//	-19			-18		-37	-7.4	-5	57
	20070	0	0	각성된월첨_대거_10등급아이템	31160	0	0	31156	0	410	410	2410	39999	0	5	0	5	0	Null	0	Null	0	0	0	0	10	74	6648	1	25800	25800	0	0	1	0	0	0	0	64	0	0	0	0	0	0	0 	0 	204 	221 	0.8 	140 	0 	0 	1 	1 	1 	2.5	0 	0 	0 	0 	0 	0 	0	0	0	0	1	0	0	0	0	0	0	0	0	0	0	0	0	0	0	0	0	0	0	0	0	0	0	0	1	41	1	2	0	0	0	0	0	0	0	0	0	0	0	0	0	0	0	0	0	0	0	0	0	0	0	0	0	1	0	0	0	0	0	0	0	0	0	0	0	0	0	0	0	0	0	0	0	0	0	0	0	0	0 	0 	224	254	0 	0 	0 	0 	0	0	0	0	0	0	0	0	0	0	0	0	0	0	3	0		//	-19			-18		-37	-7.4	-5	64
//	20071	0	0	섀도우무기_대거_11등급아이템	30161	0	0	31156	0	411	411	2411	39999	0	5	0	5	0	Null	0	Null	0	0	0	0	11	79	6482	1	40000	40000	0	0	1	0	0	0	0	71	0	0	0	0	0	0	0 	0 	240 	260 	0.8 	140 	0 	0 	1 	1 	1 	2.5	0 	0 	0 	0 	0 	0 	0	0	0	0	1	0	0	0	0	0	0	0	0	0	0	0	0	0	0	0	0	0	0	0	0	0	0	0	1	41	1	2	0	0	0	0	0	0	0	0	0	0	0	0	0	0	0	0	0	0	0	0	0	0	0	0	0	1	0	0	0	0	0	0	0	0	0	0	0	0	0	0	0	0	0	0	0	0	0	0	0	0	0 	0 	264	299	0 	0 	0 	0 	0	0	0	0	0	0	0	0	0	0	0	0	0	0	3	0		//	-19			-18		-37	-7.4	-5	71
//	20072	0	0	섀도우무기_대거_12등급아이템	30162	0	0	31156	0	412	412	2412	39999	0	5	0	5	0	Null	0	Null	0	0	0	0	12	84	6316	1	62000	62000	0	0	1	0	0	0	0	78	0	0	0	0	0	0	0 	0 	280 	303 	0.8 	140 	0 	0 	1 	1 	1 	2.5	0 	0 	0 	0 	0 	0 	0	0	0	0	1	0	0	0	0	0	0	0	0	0	0	0	0	0	0	0	0	0	0	0	0	0	0	0	1	41	1	2	0	0	0	0	0	0	0	0	0	0	0	0	0	0	0	0	0	0	0	0	0	0	0	0	0	1	0	0	0	0	0	0	0	0	0	0	0	0	0	0	0	0	0	0	0	0	0	0	0	0	0 	0 	308	348	0 	0 	0 	0 	0	0	0	0	0	0	0	0	0	0	0	0	0	0	3	0		//	-19			-18		-37	-7.4	-5	78
//	20073	0	0	섀도우무기_대거_13등급아이템	30163	0	0	31156	0	413	413	2413	39999	0	5	0	5	0	Null	0	Null	0	0	0	0	13	88	6150	1	96200	96200	0	0	1	0	0	0	0	85	0	0	0	0	0	0	0 	0 	328 	355 	0.8 	140 	0 	0 	1 	1 	1 	2.5	0 	0 	0 	0 	0 	0 	0	0	0	0	1	0	0	0	0	0	0	0	0	0	0	0	0	0	0	0	0	0	0	0	0	0	0	0	1	41	1	2	0	0	0	0	0	0	0	0	0	0	0	0	0	0	0	0	0	0	0	0	0	0	0	0	0	1	0	0	0	0	0	0	0	0	0	0	0	0	0	0	0	0	0	0	0	0	0	0	0	0	0 	0 	361	408	0 	0 	0 	0 	0	0	0	0	0	0	0	0	0	0	0	0	0	0	3	0		//	-19			-18		-37	-7.4	-5	85
//	20074	0	0	섀도우무기_대거_14등급아이템	30164	0	0	31156	0	414	414	2414	39999	0	5	0	5	0	Null	0	Null	0	0	0	0	14	93	5984	1	149000	149000	0	0	1	0	0	0	0	92	0	0	0	0	0	0	0 	0 	384 	416 	0.8 	140 	0 	0 	1 	1 	1 	2.5	0 	0 	0 	0 	0 	0 	0	0	0	0	1	0	0	0	0	0	0	0	0	0	0	0	0	0	0	0	0	0	0	0	0	0	0	0	1	41	1	2	0	0	0	0	0	0	0	0	0	0	0	0	0	0	0	0	0	0	0	0	0	0	0	0	0	1	0	0	0	0	0	0	0	0	0	0	0	0	0	0	0	0	0	0	0	0	0	0	0	0	0 	0 	422	478	0 	0 	0 	0 	0	0	0	0	0	0	0	0	0	0	0	0	0	0	3	0		//	-19			-18		-37	-7.4	-5	92
//	20075	0	0	섀도우무기_대거_15등급아이템	30165	0	0	31156	0	415	415	2415	39999	0	5	0	5	0	Null	0	Null	0	0	0	0	15	98	5818	1	231000	231000	0	0	1	0	0	0	0	99	0	0	0	0	0	0	0 	0 	449 	486 	0.8 	140 	0 	0 	1 	1 	1 	2.5	0 	0 	0 	0 	0 	0 	0	0	0	0	1	0	0	0	0	0	0	0	0	0	0	0	0	0	0	0	0	0	0	0	0	0	0	0	1	41	1	2	0	0	0	0	0	0	0	0	0	0	0	0	0	0	0	0	0	0	0	0	0	0	0	0	0	1	0	0	0	0	0	0	0	0	0	0	0	0	0	0	0	0	0	0	0	0	0	0	0	0	0 	0 	494	559	0 	0 	0 	0 	0	0	0	0	0	0	0	0	0	0	0	0	0	0	3	0		//	-19			-18		-37	-7.4	-5	99
	20076	0	0	금속_채찍검_1등급아이템	31171	0	0	31157	0	501	501	2501	39999	0	6	0	6	0	Null	0	Null	0	0	0	0	1	30	9060	1	25	25	0	0	1	0	0	0	0	1	0	0	0	0	0	0	0 	0 	51 	62 	0.8 	125 	0 	0 	1 	1 	1 	3.5	0 	0 	0 	0 	0 	0 	0	0	0	0	1	0	0	0	0	0	0	0	0	0	0	0	0	0	0	0	0	0	0	0	0	0	0	0	1	41	1	3	0	0	0	0	0	0	0	0	0	0	0	0	0	0	0	0	0	0	0	0	0	0	0	0	0	1	0	0	0	0	0	0	0	0	0	0	0	0	0	0	0	0	0	0	0	0	0	0	0	0	0 	0 	56	71	0 	0 	0 	0 	0	0	0	0	0	0	0	0	0	0	0	0	0	0	3	0		//	-19			-18		-37	-7.4	-5	1
	20077	0	0	강철_채찍검_2등급아이템	31172	0	0	31157	0	502	502	2502	39999	0	6	0	6	0	Null	0	Null	0	0	0	0	2	35	8698	1	800	800	0	0	1	0	0	0	0	8	0	0	0	0	0	0	0 	0 	60 	71 	0.8 	125 	0 	0 	1 	1 	1 	3.5	0 	0 	0 	0 	0 	0 	0	0	0	0	1	0	0	0	0	0	0	0	0	0	0	0	0	0	0	0	0	0	0	0	0	0	0	0	1	41	1	3	0	0	0	0	0	0	0	0	0	0	0	0	0	0	0	0	0	0	0	0	0	0	0	0	0	1	0	0	0	0	0	0	0	0	0	0	0	0	0	0	0	0	0	0	0	0	0	0	0	0	0 	0 	66	82	0 	0 	0 	0 	0	0	0	0	0	0	0	0	0	0	0	0	0	0	3	0		//	-19			-18		-37	-7.4	-5	8
	20078	0	0	흑철_채찍검_3등급아이템	31173	0	0	31157	0	503	503	2503	39999	0	6	0	6	0	Null	0	Null	0	0	0	0	3	39	8516	1	1200	1200	0	0	1	0	0	0	0	15	0	0	0	0	0	0	0 	0 	70 	85 	0.8 	125 	0 	0 	1 	1 	1 	3.5	0 	0 	0 	0 	0 	0 	0	0	0	0	1	0	0	0	0	0	0	0	0	0	0	0	0	0	0	0	0	0	0	0	0	0	0	0	1	41	1	3	0	0	0	0	0	0	0	0	0	0	0	0	0	0	0	0	0	0	0	0	0	0	0	0	0	1	0	0	0	0	0	0	0	0	0	0	0	0	0	0	0	0	0	0	0	0	0	0	0	0	0 	0 	77	98	0 	0 	0 	0 	0	0	0	0	0	0	0	0	0	0	0	0	0	0	3	0		//	-19			-18		-37	-7.4	-5	15
	20079	0	0	배신자를위한_채찍검_4등급아이템	31174	0	0	31157	0	504	504	2504	39999	0	6	0	6	0	Null	0	Null	0	0	0	0	4	44	8336	1	1900	1900	0	0	1	0	0	0	0	22	0	0	0	0	0	0	0 	0 	82 	99 	0.8 	125 	0 	0 	1 	1 	1 	3.5	0 	0 	0 	0 	0 	0 	0	0	0	0	1	0	0	0	0	0	0	0	0	0	0	0	0	0	0	0	0	0	0	0	0	0	0	0	1	41	1	3	0	0	0	0	0	0	0	0	0	0	0	0	0	0	0	0	0	0	0	0	0	0	0	0	0	1	0	0	0	0	0	0	0	0	0	0	0	0	0	0	0	0	0	0	0	0	0	0	0	0	0 	0 	90	114	0 	0 	0 	0 	0	0	0	0	0	0	0	0	0	0	0	0	0	0	3	0		//	-19			-18		-37	-7.4	-5	22
	20080	0	0	비명의관통_채찍검_5등급아이템	31175	0	0	31157	0	505	505	2505	39999	0	6	0	6	0	Null	0	Null	0	0	0	0	5	49	8154	1	2900	2900	0	0	1	0	0	0	0	29	0	0	0	0	0	0	0 	0 	97 	116 	0.8 	125 	0 	0 	1 	1 	1 	3.5	0 	0 	0 	0 	0 	0 	0	0	0	0	1	0	0	0	0	0	0	0	0	0	0	0	0	0	0	0	0	0	0	0	0	0	0	0	1	41	1	3	0	0	0	0	0	0	0	0	0	0	0	0	0	0	0	0	0	0	0	0	0	0	0	0	0	1	0	0	0	0	0	0	0	0	0	0	0	0	0	0	0	0	0	0	0	0	0	0	0	0	0 	0 	107	133	0 	0 	0 	0 	0	0	0	0	0	0	0	0	0	0	0	0	0	0	3	0		//	-19			-18		-37	-7.4	-5	29
	20081	0	0	아리아드네의손톱_채찍검_6등급아이템	31176	0	0	31157	0	506	506	2506	39999	0	6	0	6	0	Null	0	Null	0	0	0	0	6	54	7972	1	4500	4500	0	0	1	0	0	0	0	36	0	0	0	0	0	0	0 	0 	113 	136 	0.8 	125 	0 	0 	1 	1 	1 	3.5	0 	0 	0 	0 	0 	0 	0	0	0	0	1	0	0	0	0	0	0	0	0	0	0	0	0	0	0	0	0	0	0	0	0	0	0	0	1	41	1	3	0	0	0	0	0	0	0	0	0	0	0	0	0	0	0	0	0	0	0	0	0	0	0	0	0	1	0	0	0	0	0	0	0	0	0	0	0	0	0	0	0	0	0	0	0	0	0	0	0	0	0 	0 	124	156	0 	0 	0 	0 	0	0	0	0	0	0	0	0	0	0	0	0	0	0	3	0		//	-19			-18		-37	-7.4	-5	36
	20082	0	0	암묵적사념체_채찍검_7등급아이템	31177	0	0	31157	0	507	507	2507	39999	0	6	0	6	0	Null	0	Null	0	0	0	0	7	59	7792	1	6900	6900	0	0	1	0	0	0	0	43	0	0	0	0	0	0	0 	0 	132 	159 	0.8 	125 	0 	0 	1 	1 	1 	3.5	0 	0 	0 	0 	0 	0 	0	0	0	0	1	0	0	0	0	0	0	0	0	0	0	0	0	0	0	0	0	0	0	0	0	0	0	0	1	41	1	3	0	0	0	0	0	0	0	0	0	0	0	0	0	0	0	0	0	0	0	0	0	0	0	0	0	1	0	0	0	0	0	0	0	0	0	0	0	0	0	0	0	0	0	0	0	0	0	0	0	0	0 	0 	145	183	0 	0 	0 	0 	0	0	0	0	0	0	0	0	0	0	0	0	0	0	3	0		//	-19			-18		-37	-7.4	-5	43
	20083	0	0	그림자영창곡_채찍검_8등급아이템	31178	0	0	31157	0	508	508	2508	39999	0	6	0	6	0	Null	0	Null	0	0	0	0	8	64	7610	1	10700	10700	0	0	1	0	0	0	0	50	0	0	0	0	0	0	0 	0 	155 	186 	0.8 	125 	0 	0 	1 	1 	1 	3.5	0 	0 	0 	0 	0 	0 	0	0	0	0	1	0	0	0	0	0	0	0	0	0	0	0	0	0	0	0	0	0	0	0	0	0	0	0	1	41	1	3	0	0	0	0	0	0	0	0	0	0	0	0	0	0	0	0	0	0	0	0	0	0	0	0	0	1	0	0	0	0	0	0	0	0	0	0	0	0	0	0	0	0	0	0	0	0	0	0	0	0	0 	0 	171	214	0 	0 	0 	0 	0	0	0	0	0	0	0	0	0	0	0	0	0	0	3	0		//	-19			-18		-37	-7.4	-5	50
	20084	0	0	지옥의클라르테_채찍검_9등급아이템	31179	0	0	31157	0	509	509	2509	39999	0	6	0	6	0	Null	0	Null	0	0	0	0	9	69	7430	1	16700	16700	0	0	1	0	0	0	0	57	0	0	0	0	0	0	0 	0 	182 	218 	0.8 	125 	0 	0 	1 	1 	1 	3.5	0 	0 	0 	0 	0 	0 	0	0	0	0	1	0	0	0	0	0	0	0	0	0	0	0	0	0	0	0	0	0	0	0	0	0	0	0	1	41	1	3	0	0	0	0	0	0	0	0	0	0	0	0	0	0	0	0	0	0	0	0	0	0	0	0	0	1	0	0	0	0	0	0	0	0	0	0	0	0	0	0	0	0	0	0	0	0	0	0	0	0	0 	0 	200	251	0 	0 	0 	0 	0	0	0	0	0	0	0	0	0	0	0	0	0	0	3	0		//	-19			-18		-37	-7.4	-5	57
	20085	0	0	사형집행자_채찍검_10등급아이템	31180	0	0	31157	0	510	510	2510	39999	0	6	0	6	0	Null	0	Null	0	0	0	0	10	74	7248	1	25800	25800	0	0	1	0	0	0	0	64	0	0	0	0	0	0	0 	0 	212 	255 	0.8 	125 	0 	0 	1 	1 	1 	3.5	0 	0 	0 	0 	0 	0 	0	0	0	0	1	0	0	0	0	0	0	0	0	0	0	0	0	0	0	0	0	0	0	0	0	0	0	0	1	41	1	3	0	0	0	0	0	0	0	0	0	0	0	0	0	0	0	0	0	0	0	0	0	0	0	0	0	1	0	0	0	0	0	0	0	0	0	0	0	0	0	0	0	0	0	0	0	0	0	0	0	0	0 	0 	233	293	0 	0 	0 	0 	0	0	0	0	0	0	0	0	0	0	0	0	0	0	3	0		//	-19			-18		-37	-7.4	-5	64
//	20086	0	0	미정_채찍검_11등급아이템	30191	0	0	31157	0	511	511	2511	39999	0	6	0	6	0	Null	0	Null	0	0	0	0	11	79	7066	1	40000	40000	0	0	1	0	0	0	0	71	0	0	0	0	0	0	0 	0 	249 	298 	0.8 	125 	0 	0 	1 	1 	1 	3.5	0 	0 	0 	0 	0 	0 	0	0	0	0	1	0	0	0	0	0	0	0	0	0	0	0	0	0	0	0	0	0	0	0	0	0	0	0	1	41	1	3	0	0	0	0	0	0	0	0	0	0	0	0	0	0	0	0	0	0	0	0	0	0	0	0	0	1	0	0	0	0	0	0	0	0	0	0	0	0	0	0	0	0	0	0	0	0	0	0	0	0	0 	0 	274	343	0 	0 	0 	0 	0	0	0	0	0	0	0	0	0	0	0	0	0	0	3	0		//	-19			-18		-37	-7.4	-5	71
//	20087	0	0	미정_채찍검_12등급아이템	30192	0	0	31157	0	512	512	2512	39999	0	6	0	6	0	Null	0	Null	0	0	0	0	12	84	6886	1	62000	62000	0	0	1	0	0	0	0	78	0	0	0	0	0	0	0 	0 	292 	349 	0.8 	125 	0 	0 	1 	1 	1 	3.5	0 	0 	0 	0 	0 	0 	0	0	0	0	1	0	0	0	0	0	0	0	0	0	0	0	0	0	0	0	0	0	0	0	0	0	0	0	1	41	1	3	0	0	0	0	0	0	0	0	0	0	0	0	0	0	0	0	0	0	0	0	0	0	0	0	0	1	0	0	0	0	0	0	0	0	0	0	0	0	0	0	0	0	0	0	0	0	0	0	0	0	0 	0 	321	401	0 	0 	0 	0 	0	0	0	0	0	0	0	0	0	0	0	0	0	0	3	0		//	-19			-18		-37	-7.4	-5	78
//	20088	0	0	미정_채찍검_13등급아이템	30193	0	0	31157	0	513	513	2513	39999	0	6	0	6	0	Null	0	Null	0	0	0	0	13	88	6704	1	96200	96200	0	0	1	0	0	0	0	85	0	0	0	0	0	0	0 	0 	342 	409 	0.8 	125 	0 	0 	1 	1 	1 	3.5	0 	0 	0 	0 	0 	0 	0	0	0	0	1	0	0	0	0	0	0	0	0	0	0	0	0	0	0	0	0	0	0	0	0	0	0	0	1	41	1	3	0	0	0	0	0	0	0	0	0	0	0	0	0	0	0	0	0	0	0	0	0	0	0	0	0	1	0	0	0	0	0	0	0	0	0	0	0	0	0	0	0	0	0	0	0	0	0	0	0	0	0 	0 	376	470	0 	0 	0 	0 	0	0	0	0	0	0	0	0	0	0	0	0	0	0	3	0		//	-19			-18		-37	-7.4	-5	85
//	20089	0	0	미정_채찍검_14등급아이템	30194	0	0	31157	0	514	514	2514	39999	0	6	0	6	0	Null	0	Null	0	0	0	0	14	93	6524	1	149000	149000	0	0	1	0	0	0	0	92	0	0	0	0	0	0	0 	0 	400 	479 	0.8 	125 	0 	0 	1 	1 	1 	3.5	0 	0 	0 	0 	0 	0 	0	0	0	0	1	0	0	0	0	0	0	0	0	0	0	0	0	0	0	0	0	0	0	0	0	0	0	0	1	41	1	3	0	0	0	0	0	0	0	0	0	0	0	0	0	0	0	0	0	0	0	0	0	0	0	0	0	1	0	0	0	0	0	0	0	0	0	0	0	0	0	0	0	0	0	0	0	0	0	0	0	0	0 	0 	440	551	0 	0 	0 	0 	0	0	0	0	0	0	0	0	0	0	0	0	0	0	3	0		//	-19			-18		-37	-7.4	-5	92
//	20090	0	0	미정_채찍검_15등급아이템	30195	0	0	31157	0	515	515	2515	39999	0	6	0	6	0	Null	0	Null	0	0	0	0	15	98	6342	1	231000	231000	0	0	1	0	0	0	0	99	0	0	0	0	0	0	0 	0 	468 	561 	0.8 	125 	0 	0 	1 	1 	1 	3.5	0 	0 	0 	0 	0 	0 	0	0	0	0	1	0	0	0	0	0	0	0	0	0	0	0	0	0	0	0	0	0	0	0	0	0	0	0	1	41	1	3	0	0	0	0	0	0	0	0	0	0	0	0	0	0	0	0	0	0	0	0	0	0	0	0	0	1	0	0	0	0	0	0	0	0	0	0	0	0	0	0	0	0	0	0	0	0	0	0	0	0	0 	0 	515	645	0 	0 	0 	0 	0	0	0	0	0	0	0	0	0	0	0	0	0	0	3	0		//	-19			-18		-37	-7.4	-5	99
	20091	0	0	대나무_한손석궁_1등급아이템	30211	0	0	30007	0	601	601	2601	39999	0	7	0	7	0	Null	0	Null	0	0	0	0	1	25	8430	1	25	25	0	0	1	0	0	0	0	1	0	0	0	0	0	0	0 	0 	38 	43 	0.8 	150 	0 	0 	2 	2 	2	19 	0 	0 	0 	0 	0 	0 	0	0	0	0	0	1	0	0	0	0	0	0	0	0	0	0	0	0	0	0	0	0	0	0	0	0	0	0	1	41	1	2	0	0	0	0	0	0	0	0	0	0	0	0	0	0	0	0	0	0	0	0	0	0	0	0	0	1	0	0	0	0	0	0	0	0	0	0	0	0	0	0	0	0	0	0	0	0	0	0	0	0	0 	0 	42	49	0 	0 	0 	0 	0	0	0	0	0	0	0	0	0	0	0	0	0	0	3	0		//	-16	-23				-39	-7.8	-5	1
	20092	0	0	떡갈나무_한손석궁_2등급아이템	30212	0	0	30007	0	602	602	2602	39999	0	7	0	7	0	Null	0	Null	0	0	0	0	2	29	8092	1	800	800	0	0	1	0	0	0	0	8	0	0	0	0	0	0	0 	0 	44 	51 	0.8 	150 	0 	0 	2 	2 	2	19 	0 	0 	0 	0 	0 	0 	0	0	0	0	0	1	0	0	0	0	0	0	0	0	0	0	0	0	0	0	0	0	0	0	0	0	0	0	1	41	1	2	0	0	0	0	0	0	0	0	0	0	0	0	0	0	0	0	0	0	0	0	0	0	0	0	0	1	0	0	0	0	0	0	0	0	0	0	0	0	0	0	0	0	0	0	0	0	0	0	0	0	0 	0 	48	59	0 	0 	0 	0 	0	0	0	0	0	0	0	0	0	0	0	0	0	0	3	0		//	-16	-23				-39	-7.8	-5	8
	20093	0	0	주석_한손석궁_3등급아이템	30213	0	0	30007	0	603	603	2603	39999	0	7	0	7	0	Null	0	Null	0	0	0	0	3	34	7924	1	1200	1200	0	0	1	0	0	0	0	15	0	0	0	0	0	0	0 	0 	53 	60 	0.8 	150 	0 	0 	2 	2 	2	19 	0 	0 	0 	0 	0 	0 	0	0	0	0	0	1	0	0	0	0	0	0	0	0	0	0	0	0	0	0	0	0	0	0	0	0	0	0	1	41	1	2	0	0	0	0	0	0	0	0	0	0	0	0	0	0	0	0	0	0	0	0	0	0	0	0	0	1	0	0	0	0	0	0	0	0	0	0	0	0	0	0	0	0	0	0	0	0	0	0	0	0	0 	0 	58	69	0 	0 	0 	0 	0	0	0	0	0	0	0	0	0	0	0	0	0	0	3	0		//	-16	-23				-39	-7.8	-5	15
	20094	0	0	강철_한손석궁_4등급아이템	30214	0	0	30007	0	604	604	2604	39999	0	7	0	7	0	Null	0	Null	0	0	0	0	4	38	7756	1	1900	1900	0	0	1	0	0	0	0	22	0	0	0	0	0	0	0 	0 	62 	71 	0.8 	150 	0 	0 	2 	2 	2	19 	0 	0 	0 	0 	0 	0 	0	0	0	0	0	1	0	0	0	0	0	0	0	0	0	0	0	0	0	0	0	0	0	0	0	0	0	0	1	41	1	2	0	0	0	0	0	0	0	0	0	0	0	0	0	0	0	0	0	0	0	0	0	0	0	0	0	1	0	0	0	0	0	0	0	0	0	0	0	0	0	0	0	0	0	0	0	0	0	0	0	0	0 	0 	68	82	0 	0 	0 	0 	0	0	0	0	0	0	0	0	0	0	0	0	0	0	3	0		//	-16	-23				-39	-7.8	-5	22
	20095	0	0	속사_한손석궁_5등급아이템	30215	0	0	30007	0	605	605	2605	39999	0	7	0	7	0	Null	0	Null	0	0	0	0	5	43	7588	1	2900	2900	0	0	1	0	0	0	0	29	0	0	0	0	0	0	0 	0 	72 	83 	0.8 	150 	0 	0 	2 	2 	2	19 	0 	0 	0 	0 	0 	0 	0	0	0	0	0	1	0	0	0	0	0	0	0	0	0	0	0	0	0	0	0	0	0	0	0	0	0	0	1	41	1	2	0	0	0	0	0	0	0	0	0	0	0	0	0	0	0	0	0	0	0	0	0	0	0	0	0	1	0	0	0	0	0	0	0	0	0	0	0	0	0	0	0	0	0	0	0	0	0	0	0	0	0 	0 	79	95	0 	0 	0 	0 	0	0	0	0	0	0	0	0	0	0	0	0	0	0	3	0		//	-16	-23				-39	-7.8	-5	29
	20096	0	0	리베호수_한손석궁_6등급아이템	30216	0	0	30007	0	606	606	2606	39999	0	7	0	7	0	Null	0	Null	0	0	0	0	6	47	7418	1	4500	4500	0	0	1	0	0	0	0	36	0	0	0	0	0	0	0 	0 	84 	97 	0.8 	150 	0 	0 	2 	2 	2	19 	0 	0 	0 	0 	0 	0 	0	0	0	0	0	1	0	0	0	0	0	0	0	0	0	0	0	0	0	0	0	0	0	0	0	0	0	0	1	41	1	2	0	0	0	0	0	0	0	0	0	0	0	0	0	0	0	0	0	0	0	0	0	0	0	0	0	1	0	0	0	0	0	0	0	0	0	0	0	0	0	0	0	0	0	0	0	0	0	0	0	0	0 	0 	92	112	0 	0 	0 	0 	0	0	0	0	0	0	0	0	0	0	0	0	0	0	3	0		//	-16	-23				-39	-7.8	-5	36
	20097	0	0	경이로운자_한손석궁_7등급아이템	30217	0	0	30007	0	607	607	2607	39999	0	7	0	7	0	Null	0	Null	0	0	0	0	7	52	7250	1	6900	6900	0	0	1	0	0	0	0	43	0	0	0	0	0	0	0 	0 	99 	114 	0.8 	150 	0 	0 	2 	2 	2	19 	0 	0 	0 	0 	0 	0 	0	0	0	0	0	1	0	0	0	0	0	0	0	0	0	0	0	0	0	0	0	0	0	0	0	0	0	0	1	41	1	2	0	0	0	0	0	0	0	0	0	0	0	0	0	0	0	0	0	0	0	0	0	0	0	0	0	1	0	0	0	0	0	0	0	0	0	0	0	0	0	0	0	0	0	0	0	0	0	0	0	0	0 	0 	109	131	0 	0 	0 	0 	0	0	0	0	0	0	0	0	0	0	0	0	0	0	3	0		//	-16	-23				-39	-7.8	-5	43
	20098	0	0	진노한나자린_한손석궁_8등급아이템	30218	0	0	30007	0	608	608	2608	39999	0	7	0	7	0	Null	0	Null	0	0	0	0	8	56	7082	1	10700	10700	0	0	1	0	0	0	0	50	0	0	0	0	0	0	0 	0 	116 	133 	0.8 	150 	0 	0 	2 	2 	2	19 	0 	0 	0 	0 	0 	0 	0	0	0	0	0	1	0	0	0	0	0	0	0	0	0	0	0	0	0	0	0	0	0	0	0	0	0	0	1	41	1	2	0	0	0	0	0	0	0	0	0	0	0	0	0	0	0	0	0	0	0	0	0	0	0	0	0	1	0	0	0	0	0	0	0	0	0	0	0	0	0	0	0	0	0	0	0	0	0	0	0	0	0 	0 	128	153	0 	0 	0 	0 	0	0	0	0	0	0	0	0	0	0	0	0	0	0	3	0		//	-16	-23				-39	-7.8	-5	50
	20099	0	0	비밀숲_한손석궁_9등급아이템	30219	0	0	30007	0	609	609	2609	39999	0	7	0	7	0	Null	0	Null	0	0	0	0	9	61	6912	1	16700	16700	0	0	1	0	0	0	0	57	0	0	0	0	0	0	0 	0 	136 	157 	0.8 	150 	0 	0 	2 	2 	2	19 	0 	0 	0 	0 	0 	0 	0	0	0	0	0	1	0	0	0	0	0	0	0	0	0	0	0	0	0	0	0	0	0	0	0	0	0	0	1	41	1	2	0	0	0	0	0	0	0	0	0	0	0	0	0	0	0	0	0	0	0	0	0	0	0	0	0	1	0	0	0	0	0	0	0	0	0	0	0	0	0	0	0	0	0	0	0	0	0	0	0	0	0 	0 	150	181	0 	0 	0 	0 	0	0	0	0	0	0	0	0	0	0	0	0	0	0	3	0		//	-16	-23				-39	-7.8	-5	57
	20100	0	0	디스트럭션키스_한손석궁_10등급아이템	30220	0	0	30007	0	610	610	2610	39999	0	7	0	7	0	Null	0	Null	0	0	0	0	10	66	6744	1	25800	25800	0	0	1	0	0	0	0	64	0	0	0	0	0	0	0 	0 	159 	184 	0.8 	150 	0 	0 	2 	2 	2	19 	0 	0 	0 	0 	0 	0 	0	0	0	0	0	1	0	0	0	0	0	0	0	0	0	0	0	0	0	0	0	0	0	0	0	0	0	0	1	41	1	2	0	0	0	0	0	0	0	0	0	0	0	0	0	0	0	0	0	0	0	0	0	0	0	0	0	1	0	0	0	0	0	0	0	0	0	0	0	0	0	0	0	0	0	0	0	0	0	0	0	0	0 	0 	175	212	0 	0 	0 	0 	0	0	0	0	0	0	0	0	0	0	0	0	0	0	3	0		//	-16	-23				-39	-7.8	-5	64
//	20101	0	0	겸허한이노슨_한손석궁_11등급아이템	30221	0	0	30007	0	611	611	2611	39999	0	7	0	7	0	Null	0	Null	0	0	0	0	11	70	6576	1	40000	40000	0	0	1	0	0	0	0	71	0	0	0	0	0	0	0 	0 	186 	215 	0.8 	150 	0 	0 	2 	2 	2	19 	0 	0 	0 	0 	0 	0 	0	0	0	0	0	1	0	0	0	0	0	0	0	0	0	0	0	0	0	0	0	0	0	0	0	0	0	0	1	41	1	2	0	0	0	0	0	0	0	0	0	0	0	0	0	0	0	0	0	0	0	0	0	0	0	0	0	1	0	0	0	0	0	0	0	0	0	0	0	0	0	0	0	0	0	0	0	0	0	0	0	0	0 	0 	205	247	0 	0 	0 	0 	0	0	0	0	0	0	0	0	0	0	0	0	0	0	3	0		//	-16	-23				-39	-7.8	-5	71
//	20102	0	0	궁사라우펜_한손석궁_12등급아이템	30222	0	0	30007	0	612	612	2612	39999	0	7	0	7	0	Null	0	Null	0	0	0	0	12	75	6406	1	62000	62000	0	0	1	0	0	0	0	78	0	0	0	0	0	0	0 	0 	218 	251 	0.8 	150 	0 	0 	2 	2 	2	19 	0 	0 	0 	0 	0 	0 	0	0	0	0	0	1	0	0	0	0	0	0	0	0	0	0	0	0	0	0	0	0	0	0	0	0	0	0	1	41	1	2	0	0	0	0	0	0	0	0	0	0	0	0	0	0	0	0	0	0	0	0	0	0	0	0	0	1	0	0	0	0	0	0	0	0	0	0	0	0	0	0	0	0	0	0	0	0	0	0	0	0	0 	0 	240	289	0 	0 	0 	0 	0	0	0	0	0	0	0	0	0	0	0	0	0	0	3	0		//	-16	-23				-39	-7.8	-5	78
//	20103	0	0	잔혹한분노의_한손석궁_13등급아이템	30223	0	0	30007	0	613	613	2613	39999	0	7	0	7	0	Null	0	Null	0	0	0	0	13	79	6238	1	96200	96200	0	0	1	0	0	0	0	85	0	0	0	0	0	0	0 	0 	255 	294 	0.8 	150 	0 	0 	2 	2 	2	19 	0 	0 	0 	0 	0 	0 	0	0	0	0	0	1	0	0	0	0	0	0	0	0	0	0	0	0	0	0	0	0	0	0	0	0	0	0	1	41	1	2	0	0	0	0	0	0	0	0	0	0	0	0	0	0	0	0	0	0	0	0	0	0	0	0	0	1	0	0	0	0	0	0	0	0	0	0	0	0	0	0	0	0	0	0	0	0	0	0	0	0	0 	0 	281	338	0 	0 	0 	0 	0	0	0	0	0	0	0	0	0	0	0	0	0	0	3	0		//	-16	-23				-39	-7.8	-5	85
//	20104	0	0	검은태양의_한손석궁_14등급아이템	30224	0	0	30007	0	614	614	2614	39999	0	7	0	7	0	Null	0	Null	0	0	0	0	14	84	6070	1	149000	149000	0	0	1	0	0	0	0	92	0	0	0	0	0	0	0 	0 	299 	344 	0.8 	150 	0 	0 	2 	2 	2	19 	0 	0 	0 	0 	0 	0 	0	0	0	0	0	1	0	0	0	0	0	0	0	0	0	0	0	0	0	0	0	0	0	0	0	0	0	0	1	41	1	2	0	0	0	0	0	0	0	0	0	0	0	0	0	0	0	0	0	0	0	0	0	0	0	0	0	1	0	0	0	0	0	0	0	0	0	0	0	0	0	0	0	0	0	0	0	0	0	0	0	0	0 	0 	329	396	0 	0 	0 	0 	0	0	0	0	0	0	0	0	0	0	0	0	0	0	3	0		//	-16	-23				-39	-7.8	-5	92
//	20105	0	0	하늘정원의_한손석궁_15등급아이템	30225	0	0	30007	0	615	615	2615	39999	0	7	0	7	0	Null	0	Null	0	0	0	0	15	88	5902	1	231000	231000	0	0	1	0	0	0	0	99	0	0	0	0	0	0	0 	0 	350 	403 	0.8 	150 	0 	0 	2 	2 	2	19 	0 	0 	0 	0 	0 	0 	0	0	0	0	0	1	0	0	0	0	0	0	0	0	0	0	0	0	0	0	0	0	0	0	0	0	0	0	1	41	1	2	0	0	0	0	0	0	0	0	0	0	0	0	0	0	0	0	0	0	0	0	0	0	0	0	0	1	0	0	0	0	0	0	0	0	0	0	0	0	0	0	0	0	0	0	0	0	0	0	0	0	0 	0 	385	463	0 	0 	0 	0 	0	0	0	0	0	0	0	0	0	0	0	0	0	0	3	0		//	-16	-23				-39	-7.8	-5	99
	20106	0	0	금속_에테르웨폰_1등급아이템	30241	0	0	30008	0	701	701	2701	39999	0	8	0	8	0	Null	0	Null	0	0	0	0	1	25	5400	1	25	25	0	0	1	0	0	0	0	1	0	0	0	0	0	0	0 	0 	46 	61 	0.8 	105 	0 	0 	2 	2 	2 	16	0 	0 	0 	0 	0 	0 	0	0	0	0	0	1	0	0	0	0	0	0	0	0	0	0	0	0	0	0	0	0	0	0	0	0	0	0	1	41	1	3	0	0	0	0	0	0	0	0	0	0	0	0	0	0	0	0	0	0	0	0	0	0	0	0	0	1	0	0	0	0	0	0	0	0	0	0	0	0	0	0	0	0	0	0	0	0	0	0	0	0	0 	0 	51	70	0 	0 	0 	0 	0	0	0	0	0	0	0	0	0	0	0	0	0	0	3	0		//	-16	-23				-39	-7.8	-5	1
	20107	0	0	청동_에테르웨폰_2등급아이템	30242	0	0	30008	0	702	702	2702	39999	0	8	0	8	0	Null	0	Null	0	0	0	0	2	29	5184	1	800	800	0	0	1	0	0	0	0	8	0	0	0	0	0	0	0 	0 	55 	72 	0.8 	105 	0 	0 	2 	2 	2 	16	0 	0 	0 	0 	0 	0 	0	0	0	0	0	1	0	0	0	0	0	0	0	0	0	0	0	0	0	0	0	0	0	0	0	0	0	0	1	41	1	3	0	0	0	0	0	0	0	0	0	0	0	0	0	0	0	0	0	0	0	0	0	0	0	0	0	1	0	0	0	0	0	0	0	0	0	0	0	0	0	0	0	0	0	0	0	0	0	0	0	0	0 	0 	61	83	0 	0 	0 	0 	0	0	0	0	0	0	0	0	0	0	0	0	0	0	3	0		//	-16	-23				-39	-7.8	-5	8
	20108	0	0	주석_에테르웨폰_3등급아이템	30243	0	0	30008	0	703	703	2703	39999	0	8	0	8	0	Null	0	Null	0	0	0	0	3	34	5076	1	1200	1200	0	0	1	0	0	0	0	15	0	0	0	0	0	0	0 	0 	64 	85 	0.8 	105 	0 	0 	2 	2 	2 	16	0 	0 	0 	0 	0 	0 	0	0	0	0	0	1	0	0	0	0	0	0	0	0	0	0	0	0	0	0	0	0	0	0	0	0	0	0	1	41	1	3	0	0	0	0	0	0	0	0	0	0	0	0	0	0	0	0	0	0	0	0	0	0	0	0	0	1	0	0	0	0	0	0	0	0	0	0	0	0	0	0	0	0	0	0	0	0	0	0	0	0	0 	0 	70	98	0 	0 	0 	0 	0	0	0	0	0	0	0	0	0	0	0	0	0	0	3	0		//	-16	-23				-39	-7.8	-5	15
	20109	0	0	강철_에테르웨폰_4등급아이템	30244	0	0	30008	0	704	704	2704	39999	0	8	0	8	0	Null	0	Null	0	0	0	0	4	38	4968	1	1900	1900	0	0	1	0	0	0	0	22	0	0	0	0	0	0	0 	0 	74 	99 	0.8 	105 	0 	0 	2 	2 	2 	16	0 	0 	0 	0 	0 	0 	0	0	0	0	0	1	0	0	0	0	0	0	0	0	0	0	0	0	0	0	0	0	0	0	0	0	0	0	1	41	1	3	0	0	0	0	0	0	0	0	0	0	0	0	0	0	0	0	0	0	0	0	0	0	0	0	0	1	0	0	0	0	0	0	0	0	0	0	0	0	0	0	0	0	0	0	0	0	0	0	0	0	0 	0 	81	114	0 	0 	0 	0 	0	0	0	0	0	0	0	0	0	0	0	0	0	0	3	0		//	-16	-23				-39	-7.8	-5	22
	20110	0	0	천둥소리_에테르웨폰_5등급아이템	30245	0	0	30008	0	705	705	2705	39999	0	8	0	8	0	Null	0	Null	0	0	0	0	5	43	4860	1	2900	2900	0	0	1	0	0	0	0	29	0	0	0	0	0	0	0 	0 	87 	116 	0.8 	105 	0 	0 	2 	2 	2 	16	0 	0 	0 	0 	0 	0 	0	0	0	0	0	1	0	0	0	0	0	0	0	0	0	0	0	0	0	0	0	0	0	0	0	0	0	0	1	41	1	3	0	0	0	0	0	0	0	0	0	0	0	0	0	0	0	0	0	0	0	0	0	0	0	0	0	1	0	0	0	0	0	0	0	0	0	0	0	0	0	0	0	0	0	0	0	0	0	0	0	0	0 	0 	96	133	0 	0 	0 	0 	0	0	0	0	0	0	0	0	0	0	0	0	0	0	3	0		//	-16	-23				-39	-7.8	-5	29
	20111	0	0	코르닉_에테르웨폰_6등급아이템	30246	0	0	30008	0	706	706	2706	39999	0	8	0	8	0	Null	0	Null	0	0	0	0	6	47	4752	1	4500	4500	0	0	1	0	0	0	0	36	0	0	0	0	0	0	0 	0 	103 	136 	0.8 	105 	0 	0 	2 	2 	2 	16	0 	0 	0 	0 	0 	0 	0	0	0	0	0	1	0	0	0	0	0	0	0	0	0	0	0	0	0	0	0	0	0	0	0	0	0	0	1	41	1	3	0	0	0	0	0	0	0	0	0	0	0	0	0	0	0	0	0	0	0	0	0	0	0	0	0	1	0	0	0	0	0	0	0	0	0	0	0	0	0	0	0	0	0	0	0	0	0	0	0	0	0 	0 	113	156	0 	0 	0 	0 	0	0	0	0	0	0	0	0	0	0	0	0	0	0	3	0		//	-16	-23				-39	-7.8	-5	36
	20112	0	0	백발백중_에테르웨폰_7등급아이템	30247	0	0	30008	0	707	707	2707	39999	0	8	0	8	0	Null	0	Null	0	0	0	0	7	52	4644	1	6900	6900	0	0	1	0	0	0	0	43	0	0	0	0	0	0	0 	0 	120 	159 	0.8 	105 	0 	0 	2 	2 	2 	16	0 	0 	0 	0 	0 	0 	0	0	0	0	0	1	0	0	0	0	0	0	0	0	0	0	0	0	0	0	0	0	0	0	0	0	0	0	1	41	1	3	0	0	0	0	0	0	0	0	0	0	0	0	0	0	0	0	0	0	0	0	0	0	0	0	0	1	0	0	0	0	0	0	0	0	0	0	0	0	0	0	0	0	0	0	0	0	0	0	0	0	0 	0 	132	183	0 	0 	0 	0 	0	0	0	0	0	0	0	0	0	0	0	0	0	0	3	0		//	-16	-23				-39	-7.8	-5	43
	20113	0	0	명사수콘시_에테르웨폰_8등급아이템	30248	0	0	30008	0	708	708	2708	39999	0	8	0	8	0	Null	0	Null	0	0	0	0	8	56	4536	1	10700	10700	0	0	1	0	0	0	0	50	0	0	0	0	0	0	0 	0 	141 	186 	0.8 	105 	0 	0 	2 	2 	2 	16	0 	0 	0 	0 	0 	0 	0	0	0	0	0	1	0	0	0	0	0	0	0	0	0	0	0	0	0	0	0	0	0	0	0	0	0	0	1	41	1	3	0	0	0	0	0	0	0	0	0	0	0	0	0	0	0	0	0	0	0	0	0	0	0	0	0	1	0	0	0	0	0	0	0	0	0	0	0	0	0	0	0	0	0	0	0	0	0	0	0	0	0 	0 	155	214	0 	0 	0 	0 	0	0	0	0	0	0	0	0	0	0	0	0	0	0	3	0		//	-16	-23				-39	-7.8	-5	50
	20114	0	0	이방인의_에테르웨폰_9등급아이템	30249	0	0	30008	0	709	709	2709	39999	0	8	0	8	0	Null	0	Null	0	0	0	0	9	61	4428	1	16700	16700	0	0	1	0	0	0	0	57	0	0	0	0	0	0	0 	0 	165 	218 	0.8 	105 	0 	0 	2 	2 	2 	16	0 	0 	0 	0 	0 	0 	0	0	0	0	0	1	0	0	0	0	0	0	0	0	0	0	0	0	0	0	0	0	0	0	0	0	0	0	1	41	1	3	0	0	0	0	0	0	0	0	0	0	0	0	0	0	0	0	0	0	0	0	0	0	0	0	0	1	0	0	0	0	0	0	0	0	0	0	0	0	0	0	0	0	0	0	0	0	0	0	0	0	0 	0 	182	251	0 	0 	0 	0 	0	0	0	0	0	0	0	0	0	0	0	0	0	0	3	0		//	-16	-23				-39	-7.8	-5	57
	20115	0	0	인피니티버스트_에테르웨폰_10등급아이템	30250	0	0	30008	0	710	710	2710	39999	0	8	0	8	0	Null	0	Null	0	0	0	0	10	66	4320	1	25800	25800	0	0	1	0	0	0	0	64	0	0	0	0	0	0	0 	0 	193 	256 	0.8 	105 	0 	0 	2 	2 	2 	16	0 	0 	0 	0 	0 	0 	0	0	0	0	0	1	0	0	0	0	0	0	0	0	0	0	0	0	0	0	0	0	0	0	0	0	0	0	1	41	1	3	0	0	0	0	0	0	0	0	0	0	0	0	0	0	0	0	0	0	0	0	0	0	0	0	0	1	0	0	0	0	0	0	0	0	0	0	0	0	0	0	0	0	0	0	0	0	0	0	0	0	0 	0 	212	294	0 	0 	0 	0 	0	0	0	0	0	0	0	0	0	0	0	0	0	0	3	0		//	-16	-23				-39	-7.8	-5	64
//	20116	0	0	의로운브리즈_에테르웨폰_11등급아이템	30251	0	0	30008	0	711	711	2711	39999	0	8	0	8	0	Null	0	Null	0	0	0	0	11	70	4212	1	40000	40000	0	0	1	0	0	0	0	71	0	0	0	0	0	0	0 	0 	226 	299 	0.8 	105 	0 	0 	2 	2 	2 	16	0 	0 	0 	0 	0 	0 	0	0	0	0	0	1	0	0	0	0	0	0	0	0	0	0	0	0	0	0	0	0	0	0	0	0	0	0	1	41	1	3	0	0	0	0	0	0	0	0	0	0	0	0	0	0	0	0	0	0	0	0	0	0	0	0	0	1	0	0	0	0	0	0	0	0	0	0	0	0	0	0	0	0	0	0	0	0	0	0	0	0	0 	0 	249	344	0 	0 	0 	0 	0	0	0	0	0	0	0	0	0	0	0	0	0	0	3	0		//	-16	-23				-39	-7.8	-5	71
//	20117	0	0	타우루_에테르웨폰_12등급아이템	30252	0	0	30008	0	712	712	2712	39999	0	8	0	8	0	Null	0	Null	0	0	0	0	12	75	4104	1	62000	62000	0	0	1	0	0	0	0	78	0	0	0	0	0	0	0 	0 	264 	351 	0.8 	105 	0 	0 	2 	2 	2 	16	0 	0 	0 	0 	0 	0 	0	0	0	0	0	1	0	0	0	0	0	0	0	0	0	0	0	0	0	0	0	0	0	0	0	0	0	0	1	41	1	3	0	0	0	0	0	0	0	0	0	0	0	0	0	0	0	0	0	0	0	0	0	0	0	0	0	1	0	0	0	0	0	0	0	0	0	0	0	0	0	0	0	0	0	0	0	0	0	0	0	0	0 	0 	290	404	0 	0 	0 	0 	0	0	0	0	0	0	0	0	0	0	0	0	0	0	3	0		//	-16	-23				-39	-7.8	-5	78
//	20118	0	0	전갈의일침_에테르웨폰_13등급아이템	30253	0	0	30008	0	713	713	2713	39999	0	8	0	8	0	Null	0	Null	0	0	0	0	13	79	3996	1	96200	96200	0	0	1	0	0	0	0	85	0	0	0	0	0	0	0 	0 	309 	410 	0.8 	105 	0 	0 	2 	2 	2 	16	0 	0 	0 	0 	0 	0 	0	0	0	0	0	1	0	0	0	0	0	0	0	0	0	0	0	0	0	0	0	0	0	0	0	0	0	0	1	41	1	3	0	0	0	0	0	0	0	0	0	0	0	0	0	0	0	0	0	0	0	0	0	0	0	0	0	1	0	0	0	0	0	0	0	0	0	0	0	0	0	0	0	0	0	0	0	0	0	0	0	0	0 	0 	340	472	0 	0 	0 	0 	0	0	0	0	0	0	0	0	0	0	0	0	0	0	3	0		//	-16	-23				-39	-7.8	-5	85
//	20119	0	0	기적을일구는_에테르웨폰_14등급아이템	30254	0	0	30008	0	714	714	2714	39999	0	8	0	8	0	Null	0	Null	0	0	0	0	14	84	3888	1	149000	149000	0	0	1	0	0	0	0	92	0	0	0	0	0	0	0 	0 	362 	481 	0.8 	105 	0 	0 	2 	2 	2 	16	0 	0 	0 	0 	0 	0 	0	0	0	0	0	1	0	0	0	0	0	0	0	0	0	0	0	0	0	0	0	0	0	0	0	0	0	0	1	41	1	3	0	0	0	0	0	0	0	0	0	0	0	0	0	0	0	0	0	0	0	0	0	0	0	0	0	1	0	0	0	0	0	0	0	0	0	0	0	0	0	0	0	0	0	0	0	0	0	0	0	0	0 	0 	398	553	0 	0 	0 	0 	0	0	0	0	0	0	0	0	0	0	0	0	0	0	3	0		//	-16	-23				-39	-7.8	-5	92
//	20120	0	0	불사조의_에테르웨폰_15등급아이템	30255	0	0	30008	0	715	715	2715	39999	0	8	0	8	0	Null	0	Null	0	0	0	0	15	88	3780	1	231000	231000	0	0	1	0	0	0	0	99	0	0	0	0	0	0	0 	0 	423 	562 	0.8 	105 	0 	0 	2 	2 	2 	16	0 	0 	0 	0 	0 	0 	0	0	0	0	0	1	0	0	0	0	0	0	0	0	0	0	0	0	0	0	0	0	0	0	0	0	0	0	1	41	1	3	0	0	0	0	0	0	0	0	0	0	0	0	0	0	0	0	0	0	0	0	0	0	0	0	0	1	0	0	0	0	0	0	0	0	0	0	0	0	0	0	0	0	0	0	0	0	0	0	0	0	0 	0 	465	646	0 	0 	0 	0 	0	0	0	0	0	0	0	0	0	0	0	0	0	0	3	0		//	-16	-23				-39	-7.8	-5	99
	20137	0	0	가시넝쿨_지팡이_1등급아이템	30271	0	0	30009	0	801	801	2801	39999	0	10	0	10	0	Null	0	Null	0	0	0	0	1	21	11430	1	25	25	0	0	1	0	0	0	0	1	0	0	0	0	0	0	0 	0 	72 	75 	0.8 	95 	0 	0 	1 	1 	4 	2.5	0 	0 	0 	0 	0 	0 	0	0	0	0	0	0	1	0	0	0	0	0	0	0	0	0	0	0	0	0	0	0	0	0	0	0	0	0	1	41	1	1	0	0	0	0	0	0	0	0	0	0	0	0	0	0	0	0	0	0	0	0	0	0	0	0	0	1	0	0	0	0	0	0	0	0	0	0	0	0	0	0	0	0	0	0	0	0	0	0	0	0	0 	0 	79	86	0 	0 	0 	0 	0	0	0	0	0	0	0	0	0	0	0	0	0	0	3	0		//				-25	-22	-47	-9.4	-7	1
	20138	0	0	월넷_지팡이_2등급아이템	30272	0	0	30009	0	802	802	2802	39999	0	10	0	10	0	Null	0	Null	0	0	0	0	2	24	10972	1	800	800	0	0	1	0	0	0	0	8	0	0	0	0	0	0	0 	0 	85 	88 	0.8 	95 	0 	0 	1 	1 	4 	2.5	0 	0 	0 	0 	0 	0 	0	0	0	0	0	0	1	0	0	0	0	0	0	0	0	0	0	0	0	0	0	0	0	0	0	0	0	0	1	41	1	1	0	0	0	0	0	0	0	0	0	0	0	0	0	0	0	0	0	0	0	0	0	0	0	0	0	1	0	0	0	0	0	0	0	0	0	0	0	0	0	0	0	0	0	0	0	0	0	0	0	0	0 	0 	94	101	0 	0 	0 	0 	0	0	0	0	0	0	0	0	0	0	0	0	0	0	3	0		//				-25	-22	-47	-9.4	-7	8
	20139	0	0	상아_지팡이_3등급아이템	30273	0	0	30009	0	803	803	2803	39999	0	10	0	10	0	Null	0	Null	0	0	0	0	3	29	10744	1	1200	1200	0	0	1	0	0	0	0	15	0	0	0	0	0	0	0 	0 	99 	104 	0.8 	95 	0 	0 	1 	1 	4 	2.5	0 	0 	0 	0 	0 	0 	0	0	0	0	0	0	1	0	0	0	0	0	0	0	0	0	0	0	0	0	0	0	0	0	0	0	0	0	1	41	1	1	0	0	0	0	0	0	0	0	0	0	0	0	0	0	0	0	0	0	0	0	0	0	0	0	0	1	0	0	0	0	0	0	0	0	0	0	0	0	0	0	0	0	0	0	0	0	0	0	0	0	0 	0 	109	120	0 	0 	0 	0 	0	0	0	0	0	0	0	0	0	0	0	0	0	0	3	0		//				-25	-22	-47	-9.4	-7	15
	20140	0	0	크리스탈_지팡이_4등급아이템	30274	0	0	30009	0	804	804	2804	39999	0	10	0	10	0	Null	0	Null	0	0	0	0	4	33	10516	1	1900	1900	0	0	1	0	0	0	0	22	0	0	0	0	0	0	0 	0 	116 	121 	0.8 	95 	0 	0 	1 	1 	4 	2.5	0 	0 	0 	0 	0 	0 	0	0	0	0	0	0	1	0	0	0	0	0	0	0	0	0	0	0	0	0	0	0	0	0	0	0	0	0	1	41	1	1	0	0	0	0	0	0	0	0	0	0	0	0	0	0	0	0	0	0	0	0	0	0	0	0	0	1	0	0	0	0	0	0	0	0	0	0	0	0	0	0	0	0	0	0	0	0	0	0	0	0	0 	0 	128	139	0 	0 	0 	0 	0	0	0	0	0	0	0	0	0	0	0	0	0	0	3	0		//				-25	-22	-47	-9.4	-7	22
	20141	0	0	선지자의_지팡이_5등급아이템	30275	0	0	30009	0	805	805	2805	39999	0	10	0	10	0	Null	0	Null	0	0	0	0	5	37	10288	1	2900	2900	0	0	1	0	0	0	0	29	0	0	0	0	0	0	0 	0 	137 	142 	0.8 	95 	0 	0 	1 	1 	4 	2.5	0 	0 	0 	0 	0 	0 	0	0	0	0	0	0	1	0	0	0	0	0	0	0	0	0	0	0	0	0	0	0	0	0	0	0	0	0	1	41	1	1	0	0	0	0	0	0	0	0	0	0	0	0	0	0	0	0	0	0	0	0	0	0	0	0	0	1	0	0	0	0	0	0	0	0	0	0	0	0	0	0	0	0	0	0	0	0	0	0	0	0	0 	0 	151	163	0 	0 	0 	0 	0	0	0	0	0	0	0	0	0	0	0	0	0	0	3	0		//				-25	-22	-47	-9.4	-7	29
	20142	0	0	써클의_지팡이_6등급아이템	30276	0	0	30009	0	806	806	2806	39999	0	10	0	10	0	Null	0	Null	0	0	0	0	6	41	10058	1	4500	4500	0	0	1	0	0	0	0	36	0	0	0	0	0	0	0 	0 	160 	167 	0.8 	95 	0 	0 	1 	1 	4 	2.5	0 	0 	0 	0 	0 	0 	0	0	0	0	0	0	1	0	0	0	0	0	0	0	0	0	0	0	0	0	0	0	0	0	0	0	0	0	1	41	1	1	0	0	0	0	0	0	0	0	0	0	0	0	0	0	0	0	0	0	0	0	0	0	0	0	0	1	0	0	0	0	0	0	0	0	0	0	0	0	0	0	0	0	0	0	0	0	0	0	0	0	0 	0 	176	192	0 	0 	0 	0 	0	0	0	0	0	0	0	0	0	0	0	0	0	0	3	0		//				-25	-22	-47	-9.4	-7	36
	20143	0	0	신성한영혼의_지팡이_7등급아이템	30277	0	0	30009	0	807	807	2807	39999	0	10	0	10	0	Null	0	Null	0	0	0	0	7	45	9830	1	6900	6900	0	0	1	0	0	0	0	43	0	0	0	0	0	0	0 	0 	187 	194 	0.8 	95 	0 	0 	1 	1 	4 	2.5	0 	0 	0 	0 	0 	0 	0	0	0	0	0	0	1	0	0	0	0	0	0	0	0	0	0	0	0	0	0	0	0	0	0	0	0	0	1	41	1	1	0	0	0	0	0	0	0	0	0	0	0	0	0	0	0	0	0	0	0	0	0	0	0	0	0	1	0	0	0	0	0	0	0	0	0	0	0	0	0	0	0	0	0	0	0	0	0	0	0	0	0 	0 	206	223	0 	0 	0 	0 	0	0	0	0	0	0	0	0	0	0	0	0	0	0	3	0		//				-25	-22	-47	-9.4	-7	43
	20144	0	0	엘리멘탈_지팡이_8등급아이템	30278	0	0	30009	0	808	808	2808	39999	0	10	0	10	0	Null	0	Null	0	0	0	0	8	50	9602	1	10700	10700	0	0	1	0	0	0	0	50	0	0	0	0	0	0	0 	0 	219 	228 	0.8 	95 	0 	0 	1 	1 	4 	2.5	0 	0 	0 	0 	0 	0 	0	0	0	0	0	0	1	0	0	0	0	0	0	0	0	0	0	0	0	0	0	0	0	0	0	0	0	0	1	41	1	1	0	0	0	0	0	0	0	0	0	0	0	0	0	0	0	0	0	0	0	0	0	0	0	0	0	1	0	0	0	0	0	0	0	0	0	0	0	0	0	0	0	0	0	0	0	0	0	0	0	0	0 	0 	241	262	0 	0 	0 	0 	0	0	0	0	0	0	0	0	0	0	0	0	0	0	3	0		//				-25	-22	-47	-9.4	-7	50
	20145	0	0	무서운침묵의_지팡이_9등급아이템	30279	0	0	30009	0	809	809	2809	39999	0	10	0	10	0	Null	0	Null	0	0	0	0	9	54	9372	1	16700	16700	0	0	1	0	0	0	0	57	0	0	0	0	0	0	0 	0 	256 	267 	0.8 	95 	0 	0 	1 	1 	4 	2.5	0 	0 	0 	0 	0 	0 	0	0	0	0	0	0	1	0	0	0	0	0	0	0	0	0	0	0	0	0	0	0	0	0	0	0	0	0	1	41	1	1	0	0	0	0	0	0	0	0	0	0	0	0	0	0	0	0	0	0	0	0	0	0	0	0	0	1	0	0	0	0	0	0	0	0	0	0	0	0	0	0	0	0	0	0	0	0	0	0	0	0	0 	0 	282	307	0 	0 	0 	0 	0	0	0	0	0	0	0	0	0	0	0	0	0	0	3	0		//				-25	-22	-47	-9.4	-7	57
	20146	0	0	황홀한죽음의_지팡이_10등급아이템	30280	0	0	30009	0	810	810	2810	39999	0	10	0	10	0	Null	0	Null	0	0	0	0	10	58	9144	1	25800	25800	0	0	1	0	0	0	0	64	0	0	0	0	0	0	0 	0 	300 	313 	0.8 	95 	0 	0 	1 	1 	4 	2.5	0 	0 	0 	0 	0 	0 	0	0	0	0	0	0	1	0	0	0	0	0	0	0	0	0	0	0	0	0	0	0	0	0	0	0	0	0	1	41	1	1	0	0	0	0	0	0	0	0	0	0	0	0	0	0	0	0	0	0	0	0	0	0	0	0	0	1	0	0	0	0	0	0	0	0	0	0	0	0	0	0	0	0	0	0	0	0	0	0	0	0	0 	0 	330	360	0 	0 	0 	0 	0	0	0	0	0	0	0	0	0	0	0	0	0	0	3	0		//				-25	-22	-47	-9.4	-7	64
//	20147	0	0	견고한인내의_지팡이_11등급아이템	30281	0	0	30009	0	811	811	2811	39999	0	10	0	10	0	Null	0	Null	0	0	0	0	11	62	8916	1	40000	40000	0	0	1	0	0	0	0	71	0	0	0	0	0	0	0 	0 	351 	366 	0.8 	95 	0 	0 	1 	1 	4 	2.5	0 	0 	0 	0 	0 	0 	0	0	0	0	0	0	1	0	0	0	0	0	0	0	0	0	0	0	0	0	0	0	0	0	0	0	0	0	1	41	1	1	0	0	0	0	0	0	0	0	0	0	0	0	0	0	0	0	0	0	0	0	0	0	0	0	0	1	0	0	0	0	0	0	0	0	0	0	0	0	0	0	0	0	0	0	0	0	0	0	0	0	0 	0 	386	421	0 	0 	0 	0 	0	0	0	0	0	0	0	0	0	0	0	0	0	0	3	0		//				-25	-22	-47	-9.4	-7	71
//	20148	0	0	방랑자에피오스_지팡이_12등급아이템	30282	0	0	30009	0	812	812	2812	39999	0	10	0	10	0	Null	0	Null	0	0	0	0	12	66	8686	1	62000	62000	0	0	1	0	0	0	0	78	0	0	0	0	0	0	0 	0 	411 	428 	0.8 	95 	0 	0 	1 	1 	4 	2.5	0 	0 	0 	0 	0 	0 	0	0	0	0	0	0	1	0	0	0	0	0	0	0	0	0	0	0	0	0	0	0	0	0	0	0	0	0	1	41	1	1	0	0	0	0	0	0	0	0	0	0	0	0	0	0	0	0	0	0	0	0	0	0	0	0	0	1	0	0	0	0	0	0	0	0	0	0	0	0	0	0	0	0	0	0	0	0	0	0	0	0	0 	0 	452	492	0 	0 	0 	0 	0	0	0	0	0	0	0	0	0	0	0	0	0	0	3	0		//				-25	-22	-47	-9.4	-7	78
//	20149	0	0	길잃은천사의_지팡이_13등급아이템	30283	0	0	30009	0	813	813	2813	39999	0	10	0	10	0	Null	0	Null	0	0	0	0	13	71	8458	1	96200	96200	0	0	1	0	0	0	0	85	0	0	0	0	0	0	0 	0 	482 	501 	0.8 	95 	0 	0 	1 	1 	4 	2.5	0 	0 	0 	0 	0 	0 	0	0	0	0	0	0	1	0	0	0	0	0	0	0	0	0	0	0	0	0	0	0	0	0	0	0	0	0	1	41	1	1	0	0	0	0	0	0	0	0	0	0	0	0	0	0	0	0	0	0	0	0	0	0	0	0	0	1	0	0	0	0	0	0	0	0	0	0	0	0	0	0	0	0	0	0	0	0	0	0	0	0	0 	0 	530	576	0 	0 	0 	0 	0	0	0	0	0	0	0	0	0	0	0	0	0	0	3	0		//				-25	-22	-47	-9.4	-7	85
//	20150	0	0	대마법사라드의_지팡이_14등급아이템	30284	0	0	30009	0	814	814	2814	39999	0	10	0	10	0	Null	0	Null	0	0	0	0	14	75	8230	1	149000	149000	0	0	1	0	0	0	0	92	0	0	0	0	0	0	0 	0 	564 	587 	0.8 	95 	0 	0 	1 	1 	4 	2.5	0 	0 	0 	0 	0 	0 	0	0	0	0	0	0	1	0	0	0	0	0	0	0	0	0	0	0	0	0	0	0	0	0	0	0	0	0	1	41	1	1	0	0	0	0	0	0	0	0	0	0	0	0	0	0	0	0	0	0	0	0	0	0	0	0	0	1	0	0	0	0	0	0	0	0	0	0	0	0	0	0	0	0	0	0	0	0	0	0	0	0	0 	0 	620	675	0 	0 	0 	0 	0	0	0	0	0	0	0	0	0	0	0	0	0	0	3	0		//				-25	-22	-47	-9.4	-7	92
//	20151	0	0	대자연의융화_지팡이_15등급아이템	30285	0	0	30009	0	815	815	2815	39999	0	10	0	10	0	Null	0	Null	0	0	0	0	15	79	8002	1	231000	231000	0	0	1	0	0	0	0	99	0	0	0	0	0	0	0 	0 	660 	687 	0.8 	95 	0 	0 	1 	1 	4 	2.5	0 	0 	0 	0 	0 	0 	0	0	0	0	0	0	1	0	0	0	0	0	0	0	0	0	0	0	0	0	0	0	0	0	0	0	0	0	1	41	1	1	0	0	0	0	0	0	0	0	0	0	0	0	0	0	0	0	0	0	0	0	0	0	0	0	0	1	0	0	0	0	0	0	0	0	0	0	0	0	0	0	0	0	0	0	0	0	0	0	0	0	0 	0 	726	790	0 	0 	0 	0 	0	0	0	0	0	0	0	0	0	0	0	0	0	0	3	0		//				-25	-22	-47	-9.4	-7	99
	20152	0	0	유리_오브_1등급아이템	30301	0	0	30010	0	901	901	2901	39999	0	11	0	11	0	Null	0	Null	0	0	0	0	1	21	11100	1	25	25	0	0	1	0	0	0	0	1	0	0	0	0	0	0	0 	0 	58 	59 	0.8 	100 	0 	0 	2 	2 	4 	13	0 	0 	0 	0 	0 	0 	0	0	0	0	0	0	1	0	0	0	0	0	1	34	2	-5	0	0	0	0	0	0	0	0	0	0	0	0	1	41	1	1	0	0	0	0	0	0	0	0	0	0	0	0	0	0	0	0	0	0	0	0	0	0	0	0	0	1	0	0	0	0	0	0	0	0	0	0	0	0	0	0	0	0	0	0	0	0	0	0	0	0	0 	0 	64	68	0 	0 	0 	0 	0	0	0	0	0	0	0	0	0	0	0	0	0	0	3	0		//				-25	-22	-47	-9.4	-7	1
	20153	0	0	가넷_오브_2등급아이템	30302	0	0	30010	0	902	902	2902	39999	0	11	0	11	0	Null	0	Null	0	0	0	0	2	24	10656	1	800	800	0	0	1	0	0	0	0	8	0	0	0	0	0	0	0 	0 	68 	71 	0.8 	100 	0 	0 	2 	2 	4 	13	0 	0 	0 	0 	0 	0 	0	0	0	0	0	0	1	0	0	0	0	0	1	34	2	-5	0	0	0	0	0	0	0	0	0	0	0	0	1	41	1	1	0	0	0	0	0	0	0	0	0	0	0	0	0	0	0	0	0	0	0	0	0	0	0	0	0	1	0	0	0	0	0	0	0	0	0	0	0	0	0	0	0	0	0	0	0	0	0	0	0	0	0 	0 	75	82	0 	0 	0 	0 	0	0	0	0	0	0	0	0	0	0	0	0	0	0	3	0		//				-25	-22	-47	-9.4	-7	8
	20154	0	0	캣츠아이_오브_3등급아이템	30303	0	0	30010	0	903	903	2903	39999	0	11	0	11	0	Null	0	Null	0	0	0	0	3	29	10434	1	1200	1200	0	0	1	0	0	0	0	15	0	0	0	0	0	0	0 	0 	79 	82 	0.8 	100 	0 	0 	2 	2 	4 	13	0 	0 	0 	0 	0 	0 	0	0	0	0	0	0	1	0	0	0	0	0	1	34	2	-5	0	0	0	0	0	0	0	0	0	0	0	0	1	41	1	1	0	0	0	0	0	0	0	0	0	0	0	0	0	0	0	0	0	0	0	0	0	0	0	0	0	1	0	0	0	0	0	0	0	0	0	0	0	0	0	0	0	0	0	0	0	0	0	0	0	0	0 	0 	87	94	0 	0 	0 	0 	0	0	0	0	0	0	0	0	0	0	0	0	0	0	3	0		//				-25	-22	-47	-9.4	-7	15
	20155	0	0	자수정_오브_4등급아이템	30304	0	0	30010	0	904	904	2904	39999	0	11	0	11	0	Null	0	Null	0	0	0	0	4	33	10212	1	1900	1900	0	0	1	0	0	0	0	22	0	0	0	0	0	0	0 	0 	93 	96 	0.8 	100 	0 	0 	2 	2 	4 	13	0 	0 	0 	0 	0 	0 	0	0	0	0	0	0	1	0	0	0	0	0	1	34	2	-5	0	0	0	0	0	0	0	0	0	0	0	0	1	41	1	1	0	0	0	0	0	0	0	0	0	0	0	0	0	0	0	0	0	0	0	0	0	0	0	0	0	1	0	0	0	0	0	0	0	0	0	0	0	0	0	0	0	0	0	0	0	0	0	0	0	0	0 	0 	102	110	0 	0 	0 	0 	0	0	0	0	0	0	0	0	0	0	0	0	0	0	3	0		//				-25	-22	-47	-9.4	-7	22
	20156	0	0	그린에머랄드_오브_5등급아이템	30305	0	0	30010	0	905	905	2905	39999	0	11	0	11	0	Null	0	Null	0	0	0	0	5	37	9990	1	2900	2900	0	0	1	0	0	0	0	29	0	0	0	0	0	0	0 	0 	110 	113 	0.8 	100 	0 	0 	2 	2 	4 	13	0 	0 	0 	0 	0 	0 	0	0	0	0	0	0	1	0	0	0	0	0	1	34	2	-5	0	0	0	0	0	0	0	0	0	0	0	0	1	41	1	1	0	0	0	0	0	0	0	0	0	0	0	0	0	0	0	0	0	0	0	0	0	0	0	0	0	1	0	0	0	0	0	0	0	0	0	0	0	0	0	0	0	0	0	0	0	0	0	0	0	0	0 	0 	121	130	0 	0 	0 	0 	0	0	0	0	0	0	0	0	0	0	0	0	0	0	3	0		//				-25	-22	-47	-9.4	-7	29
	20157	0	0	정화의_오브_6등급아이템	30306	0	0	30010	0	906	906	2906	39999	0	11	0	11	0	Null	0	Null	0	0	0	0	6	41	9768	1	4500	4500	0	0	1	0	0	0	0	36	0	0	0	0	0	0	0 	0 	129 	132 	0.8 	100 	0 	0 	2 	2 	4 	13	0 	0 	0 	0 	0 	0 	0	0	0	0	0	0	1	0	0	0	0	0	1	34	2	-5	0	0	0	0	0	0	0	0	0	0	0	0	1	41	1	1	0	0	0	0	0	0	0	0	0	0	0	0	0	0	0	0	0	0	0	0	0	0	0	0	0	1	0	0	0	0	0	0	0	0	0	0	0	0	0	0	0	0	0	0	0	0	0	0	0	0	0 	0 	142	152	0 	0 	0 	0 	0	0	0	0	0	0	0	0	0	0	0	0	0	0	3	0		//				-25	-22	-47	-9.4	-7	36
	20158	0	0	달의돌_오브_7등급아이템	30307	0	0	30010	0	907	907	2907	39999	0	11	0	11	0	Null	0	Null	0	0	0	0	7	45	9546	1	6900	6900	0	0	1	0	0	0	0	43	0	0	0	0	0	0	0 	0 	150 	155 	0.8 	100 	0 	0 	2 	2 	4 	13	0 	0 	0 	0 	0 	0 	0	0	0	0	0	0	1	0	0	0	0	0	1	34	2	-5	0	0	0	0	0	0	0	0	0	0	0	0	1	41	1	1	0	0	0	0	0	0	0	0	0	0	0	0	0	0	0	0	0	0	0	0	0	0	0	0	0	1	0	0	0	0	0	0	0	0	0	0	0	0	0	0	0	0	0	0	0	0	0	0	0	0	0 	0 	165	178	0 	0 	0 	0 	0	0	0	0	0	0	0	0	0	0	0	0	0	0	3	0		//				-25	-22	-47	-9.4	-7	43
	20159	0	0	태양의돌_오브_8등급아이템	30308	0	0	30010	0	908	908	2908	39999	0	11	0	11	0	Null	0	Null	0	0	0	0	8	50	9324	1	10700	10700	0	0	1	0	0	0	0	50	0	0	0	0	0	0	0 	0 	176 	181 	0.8 	100 	0 	0 	2 	2 	4 	13	0 	0 	0 	0 	0 	0 	0	0	0	0	0	0	1	0	0	0	0	0	1	34	2	-5	0	0	0	0	0	0	0	0	0	0	0	0	1	41	1	1	0	0	0	0	0	0	0	0	0	0	0	0	0	0	0	0	0	0	0	0	0	0	0	0	0	1	0	0	0	0	0	0	0	0	0	0	0	0	0	0	0	0	0	0	0	0	0	0	0	0	0 	0 	194	208	0 	0 	0 	0 	0	0	0	0	0	0	0	0	0	0	0	0	0	0	3	0		//				-25	-22	-47	-9.4	-7	50
	20160	0	0	잠재된희망의_오브_9등급아이템	30309	0	0	30010	0	909	909	2909	39999	0	11	0	11	0	Null	0	Null	0	0	0	0	9	54	9102	1	16700	16700	0	0	1	0	0	0	0	57	0	0	0	0	0	0	0 	0 	206 	213 	0.8 	100 	0 	0 	2 	2 	4 	13	0 	0 	0 	0 	0 	0 	0	0	0	0	0	0	1	0	0	0	0	0	1	34	2	-5	0	0	0	0	0	0	0	0	0	0	0	0	1	41	1	1	0	0	0	0	0	0	0	0	0	0	0	0	0	0	0	0	0	0	0	0	0	0	0	0	0	1	0	0	0	0	0	0	0	0	0	0	0	0	0	0	0	0	0	0	0	0	0	0	0	0	0 	0 	227	245	0 	0 	0 	0 	0	0	0	0	0	0	0	0	0	0	0	0	0	0	3	0		//				-25	-22	-47	-9.4	-7	57
	20161	0	0	섬뜩한매혹의_오브_10등급아이템	30310	0	0	30010	0	910	910	2910	39999	0	11	0	11	0	Null	0	Null	0	0	0	0	10	58	8880	1	25800	25800	0	0	1	0	0	0	0	64	0	0	0	0	0	0	0 	0 	241 	248 	0.8 	100 	0 	0 	2 	2 	4 	13	0 	0 	0 	0 	0 	0 	0	0	0	0	0	0	1	0	0	0	0	0	1	34	2	-5	0	0	0	0	0	0	0	0	0	0	0	0	1	41	1	1	0	0	0	0	0	0	0	0	0	0	0	0	0	0	0	0	0	0	0	0	0	0	0	0	0	1	0	0	0	0	0	0	0	0	0	0	0	0	0	0	0	0	0	0	0	0	0	0	0	0	0 	0 	265	285	0 	0 	0 	0 	0	0	0	0	0	0	0	0	0	0	0	0	0	0	3	0		//				-25	-22	-47	-9.4	-7	64
//	20162	0	0	예언자나스키의_오브_11등급아이템	30311	0	0	30010	0	911	911	2911	39999	0	11	0	11	0	Null	0	Null	0	0	0	0	11	62	8658	1	40000	40000	0	0	1	0	0	0	0	71	0	0	0	0	0	0	0 	0 	282 	291 	0.8 	100 	0 	0 	2 	2 	4 	13	0 	0 	0 	0 	0 	0 	0	0	0	0	0	0	1	0	0	0	0	0	1	34	2	-5	0	0	0	0	0	0	0	0	0	0	0	0	1	41	1	1	0	0	0	0	0	0	0	0	0	0	0	0	0	0	0	0	0	0	0	0	0	0	0	0	0	1	0	0	0	0	0	0	0	0	0	0	0	0	0	0	0	0	0	0	0	0	0	0	0	0	0 	0 	310	335	0 	0 	0 	0 	0	0	0	0	0	0	0	0	0	0	0	0	0	0	3	0		//				-25	-22	-47	-9.4	-7	71
//	20163	0	0	온화한앙겔라_오브_12등급아이템	30312	0	0	30010	0	912	912	2912	39999	0	11	0	11	0	Null	0	Null	0	0	0	0	12	66	8436	1	62000	62000	0	0	1	0	0	0	0	78	0	0	0	0	0	0	0 	0 	330 	341 	0.8 	100 	0 	0 	2 	2 	4 	13	0 	0 	0 	0 	0 	0 	0	0	0	0	0	0	1	0	0	0	0	0	1	34	2	-5	0	0	0	0	0	0	0	0	0	0	0	0	1	41	1	1	0	0	0	0	0	0	0	0	0	0	0	0	0	0	0	0	0	0	0	0	0	0	0	0	0	1	0	0	0	0	0	0	0	0	0	0	0	0	0	0	0	0	0	0	0	0	0	0	0	0	0 	0 	363	392	0 	0 	0 	0 	0	0	0	0	0	0	0	0	0	0	0	0	0	0	3	0		//				-25	-22	-47	-9.4	-7	78
//	20164	0	0	강력한보호의_오브_13등급아이템	30313	0	0	30010	0	913	913	2913	39999	0	11	0	11	0	Null	0	Null	0	0	0	0	13	71	8214	1	96200	96200	0	0	1	0	0	0	0	85	0	0	0	0	0	0	0 	0 	387 	398 	0.8 	100 	0 	0 	2 	2 	4 	13	0 	0 	0 	0 	0 	0 	0	0	0	0	0	0	1	0	0	0	0	0	1	34	2	-5	0	0	0	0	0	0	0	0	0	0	0	0	1	41	1	1	0	0	0	0	0	0	0	0	0	0	0	0	0	0	0	0	0	0	0	0	0	0	0	0	0	1	0	0	0	0	0	0	0	0	0	0	0	0	0	0	0	0	0	0	0	0	0	0	0	0	0 	0 	426	458	0 	0 	0 	0 	0	0	0	0	0	0	0	0	0	0	0	0	0	0	3	0		//				-25	-22	-47	-9.4	-7	85
//	20165	0	0	신성한부활의_오브_14등급아이템	30314	0	0	30010	0	914	914	2914	39999	0	11	0	11	0	Null	0	Null	0	0	0	0	14	75	7992	1	149000	149000	0	0	1	0	0	0	0	92	0	0	0	0	0	0	0 	0 	453 	466 	0.8 	100 	0 	0 	2 	2 	4 	13	0 	0 	0 	0 	0 	0 	0	0	0	0	0	0	1	0	0	0	0	0	1	34	2	-5	0	0	0	0	0	0	0	0	0	0	0	0	1	41	1	1	0	0	0	0	0	0	0	0	0	0	0	0	0	0	0	0	0	0	0	0	0	0	0	0	0	1	0	0	0	0	0	0	0	0	0	0	0	0	0	0	0	0	0	0	0	0	0	0	0	0	0 	0 	498	536	0 	0 	0 	0 	0	0	0	0	0	0	0	0	0	0	0	0	0	0	3	0		//				-25	-22	-47	-9.4	-7	92
//	20166	0	0	창조주의_오브_15등급아이템	30315	0	0	30010	0	915	915	2915	39999	0	11	0	11	0	Null	0	Null	0	0	0	0	15	79	7770	1	231000	231000	0	0	1	0	0	0	0	99	0	0	0	0	0	0	0 	0 	530 	547 	0.8 	100 	0 	0 	2 	2 	4 	13	0 	0 	0 	0 	0 	0 	0	0	0	0	0	0	1	0	0	0	0	0	1	34	2	-5	0	0	0	0	0	0	0	0	0	0	0	0	1	41	1	1	0	0	0	0	0	0	0	0	0	0	0	0	0	0	0	0	0	0	0	0	0	0	0	0	0	1	0	0	0	0	0	0	0	0	0	0	0	0	0	0	0	0	0	0	0	0	0	0	0	0	0 	0 	583	629	0 	0 	0 	0 	0	0	0	0	0	0	0	0	0	0	0	0	0	0	3	0		//				-25	-22	-47	-9.4	-7	99
	30001	0	0	금속_양손도끼_1등급아이템	30031	0	0	30001	0	1	1	2001	39999	0	1	0	1	0	Null	0	Null	0	0	0	0	1	38	5910	1	25	25	0	0	1	0	0	0	0	1	0	0	0	0	0	0	0 	0 	61 	82 	0.8 	105 	0 	0 	1 	1 	3 	1.5 	0 	0 	0 	0 	0 	0 	0	0	1	0	0	0	0	0	0	0	0	0	0	0	0	0	0	0	0	0	0	0	0	0	0	0	0	0	1	41	1	3	0	0	0	0	0	0	0	0	0	0	0	0	0	0	0	0	0	0	0	0	0	0	0	0	0	1	0	0	0	0	0	0	0	0	0	0	0	0	0	0	0	0	0	0	0	0	0	0	0	0	0 	0 	67	94	0 	0 	0 	0 	0	0	0	0	0	0	0	0	0	0	0	0	0	0	4	0		//	-26		-27			-53	-10.6	-8	1
	30002	0	0	청동_양손도끼_2등급아이템	30032	0	0	30001	0	2	2	2002	39999	0	1	0	1	0	Null	0	Null	0	0	0	0	2	43	5674	1	800	800	0	0	1	0	0	0	0	8	0	0	0	0	0	0	0 	0 	71 	96 	0.8 	105 	0 	0 	1 	1 	3 	1.5 	0 	0 	0 	0 	0 	0 	0	0	1	0	0	0	0	0	0	0	0	0	0	0	0	0	0	0	0	0	0	0	0	0	0	0	0	0	1	41	1	3	0	0	0	0	0	0	0	0	0	0	0	0	0	0	0	0	0	0	0	0	0	0	0	0	0	1	0	0	0	0	0	0	0	0	0	0	0	0	0	0	0	0	0	0	0	0	0	0	0	0	0 	0 	78	110	0 	0 	0 	0 	0	0	0	0	0	0	0	0	0	0	0	0	0	0	4	0		//	-26		-27			-53	-10.6	-8	8
	30003	0	0	합금_양손도끼_3등급아이템	30033	0	0	30001	0	3	3	2003	39999	0	1	0	1	0	Null	0	Null	0	0	0	0	3	48	5556	1	1200	1200	0	0	1	0	0	0	0	15	0	0	0	0	0	0	0 	0 	83 	112 	0.8 	105 	0 	0 	1 	1 	3 	1.5 	0 	0 	0 	0 	0 	0 	0	0	1	0	0	0	0	0	0	0	0	0	0	0	0	0	0	0	0	0	0	0	0	0	0	0	0	0	1	41	1	3	0	0	0	0	0	0	0	0	0	0	0	0	0	0	0	0	0	0	0	0	0	0	0	0	0	1	0	0	0	0	0	0	0	0	0	0	0	0	0	0	0	0	0	0	0	0	0	0	0	0	0 	0 	91	129	0 	0 	0 	0 	0	0	0	0	0	0	0	0	0	0	0	0	0	0	4	0		//	-26		-27			-53	-10.6	-8	15
	30004	0	0	강철_양손도끼_4등급아이템	30034	0	0	30001	0	4	4	2004	39999	0	1	0	1	0	Null	0	Null	0	0	0	0	4	53	5438	1	1900	1900	0	0	1	0	0	0	0	22	0	0	0	0	0	0	0 	0 	97 	132 	0.8 	105 	0 	0 	1 	1 	3 	1.5 	0 	0 	0 	0 	0 	0 	0	0	1	0	0	0	0	0	0	0	0	0	0	0	0	0	0	0	0	0	0	0	0	0	0	0	0	0	1	41	1	3	0	0	0	0	0	0	0	0	0	0	0	0	0	0	0	0	0	0	0	0	0	0	0	0	0	1	0	0	0	0	0	0	0	0	0	0	0	0	0	0	0	0	0	0	0	0	0	0	0	0	0 	0 	107	152	0 	0 	0 	0 	0	0	0	0	0	0	0	0	0	0	0	0	0	0	4	0		//	-26		-27			-53	-10.6	-8	22
	30005	0	0	베론가_양손도끼_5등급아이템	30035	0	0	30001	0	5	5	2005	39999	0	1	0	1	0	Null	0	Null	0	0	0	0	5	58	5320	1	2900	2900	0	0	1	0	0	0	0	29	0	0	0	0	0	0	0 	0 	114 	155 	0.8 	105 	0 	0 	1 	1 	3 	1.5 	0 	0 	0 	0 	0 	0 	0	0	1	0	0	0	0	0	0	0	0	0	0	0	0	0	0	0	0	0	0	0	0	0	0	0	0	0	1	41	1	3	0	0	0	0	0	0	0	0	0	0	0	0	0	0	0	0	0	0	0	0	0	0	0	0	0	1	0	0	0	0	0	0	0	0	0	0	0	0	0	0	0	0	0	0	0	0	0	0	0	0	0 	0 	125	178	0 	0 	0 	0 	0	0	0	0	0	0	0	0	0	0	0	0	0	0	4	0		//	-26		-27			-53	-10.6	-8	29
	30006	0	0	처절한단죄_양손도끼_6등급아이템	30036	0	0	30001	0	6	6	2006	39999	0	1	0	1	0	Null	0	Null	0	0	0	0	6	64	5200	1	4500	4500	0	0	1	0	0	0	0	36	0	0	0	0	0	0	0 	0 	134 	181 	0.8 	105 	0 	0 	1 	1 	3 	1.5 	0 	0 	0 	0 	0 	0 	0	0	1	0	0	0	0	0	0	0	0	0	0	0	0	0	0	0	0	0	0	0	0	0	0	0	0	0	1	41	1	3	0	0	0	0	0	0	0	0	0	0	0	0	0	0	0	0	0	0	0	0	0	0	0	0	0	1	0	0	0	0	0	0	0	0	0	0	0	0	0	0	0	0	0	0	0	0	0	0	0	0	0 	0 	147	208	0 	0 	0 	0 	0	0	0	0	0	0	0	0	0	0	0	0	0	0	4	0		//	-26		-27			-53	-10.6	-8	36
	30007	0	0	암흑의불꽃_양손도끼_7등급아이템	30037	0	0	30001	0	7	7	2007	39999	0	1	0	1	0	Null	0	Null	0	0	0	0	7	69	5082	1	6900	6900	0	0	1	0	0	0	0	43	0	0	0	0	0	0	0 	0 	157 	212 	0.8 	105 	0 	0 	1 	1 	3 	1.5 	0 	0 	0 	0 	0 	0 	0	0	1	0	0	0	0	0	0	0	0	0	0	0	0	0	0	0	0	0	0	0	0	0	0	0	0	0	1	41	1	3	0	0	0	0	0	0	0	0	0	0	0	0	0	0	0	0	0	0	0	0	0	0	0	0	0	1	0	0	0	0	0	0	0	0	0	0	0	0	0	0	0	0	0	0	0	0	0	0	0	0	0 	0 	173	244	0 	0 	0 	0 	0	0	0	0	0	0	0	0	0	0	0	0	0	0	4	0		//	-26		-27			-53	-10.6	-8	43
	30008	0	0	찬란한승리_양손도끼_8등급아이템	30038	0	0	30001	0	8	8	2008	39999	0	1	0	1	0	Null	0	Null	0	0	0	0	8	74	4964	1	10700	10700	0	0	1	0	0	0	0	50	0	0	0	0	0	0	0 	0 	183 	248 	0.8 	105 	0 	0 	1 	1 	3 	1.5 	0 	0 	0 	0 	0 	0 	0	0	1	0	0	0	0	0	0	0	0	0	0	0	0	0	0	0	0	0	0	0	0	0	0	0	0	0	1	41	1	3	0	0	0	0	0	0	0	0	0	0	0	0	0	0	0	0	0	0	0	0	0	0	0	0	0	1	0	0	0	0	0	0	0	0	0	0	0	0	0	0	0	0	0	0	0	0	0	0	0	0	0 	0 	201	285	0 	0 	0 	0 	0	0	0	0	0	0	0	0	0	0	0	0	0	0	4	0		//	-26		-27			-53	-10.6	-8	50
	30009	0	0	어둠을가르는_양손도끼_9등급아이템	30039	0	0	30001	0	9	9	2009	39999	0	1	0	1	0	Null	0	Null	0	0	0	0	9	79	4846	1	16700	16700	0	0	1	0	0	0	0	57	0	0	0	0	0	0	0 	0 	215 	290 	0.8 	105 	0 	0 	1 	1 	3 	1.5 	0 	0 	0 	0 	0 	0 	0	0	1	0	0	0	0	0	0	0	0	0	0	0	0	0	0	0	0	0	0	0	0	0	0	0	0	0	1	41	1	3	0	0	0	0	0	0	0	0	0	0	0	0	0	0	0	0	0	0	0	0	0	0	0	0	0	1	0	0	0	0	0	0	0	0	0	0	0	0	0	0	0	0	0	0	0	0	0	0	0	0	0 	0 	237	334	0 	0 	0 	0 	0	0	0	0	0	0	0	0	0	0	0	0	0	0	4	0		//	-26		-27			-53	-10.6	-8	57
	30010	0	0	아타나시아_양손도끼_10등급아이템	30040	0	0	30001	0	10	10	2010	39999	0	1	0	1	0	Null	0	Null	0	0	0	0	10	85	4728	1	25800	25800	0	0	1	0	0	0	0	64	0	0	0	0	0	0	0 	0 	251 	340 	0.8 	105 	0 	0 	1 	1 	3 	1.5 	0 	0 	0 	0 	0 	0 	0	0	1	0	0	0	0	0	0	0	0	0	0	0	0	0	0	0	0	0	0	0	0	0	0	0	0	0	1	41	1	3	0	0	0	0	0	0	0	0	0	0	0	0	0	0	0	0	0	0	0	0	0	0	0	0	0	1	0	0	0	0	0	0	0	0	0	0	0	0	0	0	0	0	0	0	0	0	0	0	0	0	0 	0 	276	391	0 	0 	0 	0 	0	0	0	0	0	0	0	0	0	0	0	0	0	0	4	0		//	-26		-27			-53	-10.6	-8	64
//	30011	0	0	결전의날_양손도끼_11등급아이템	30041	0	0	30001	0	11	11	2011	39999	0	1	0	1	0	Null	0	Null	0	0	0	0	11	90	4610	1	40000	40000	0	0	1	0	0	0	0	71	0	0	0	0	0	0	0 	0 	294 	397 	0.8 	105 	0 	0 	1 	1 	3 	1.5 	0 	0 	0 	0 	0 	0 	0	0	1	0	0	0	0	0	0	0	0	0	0	0	0	0	0	0	0	0	0	0	0	0	0	0	0	0	1	41	1	3	0	0	0	0	0	0	0	0	0	0	0	0	0	0	0	0	0	0	0	0	0	0	0	0	0	1	0	0	0	0	0	0	0	0	0	0	0	0	0	0	0	0	0	0	0	0	0	0	0	0	0 	0 	323	457	0 	0 	0 	0 	0	0	0	0	0	0	0	0	0	0	0	0	0	0	4	0		//	-26		-27			-53	-10.6	-8	71
//	30012	0	0	레무레스족의_양손도끼_12등급아이템	30042	0	0	30001	0	12	12	2012	39999	0	1	0	1	0	Null	0	Null	0	0	0	0	12	95	4492	1	62000	62000	0	0	1	0	0	0	0	78	0	0	0	0	0	0	0 	0 	344 	465 	0.8 	105 	0 	0 	1 	1 	3 	1.5 	0 	0 	0 	0 	0 	0 	0	0	1	0	0	0	0	0	0	0	0	0	0	0	0	0	0	0	0	0	0	0	0	0	0	0	0	0	1	41	1	3	0	0	0	0	0	0	0	0	0	0	0	0	0	0	0	0	0	0	0	0	0	0	0	0	0	1	0	0	0	0	0	0	0	0	0	0	0	0	0	0	0	0	0	0	0	0	0	0	0	0	0 	0 	378	535	0 	0 	0 	0 	0	0	0	0	0	0	0	0	0	0	0	0	0	0	4	0		//	-26		-27			-53	-10.6	-8	78
//	30013	0	0	괴력을지닌_양손도끼_13등급아이템	30043	0	0	30001	0	13	13	2013	39999	0	1	0	1	0	Null	0	Null	0	0	0	0	13	100	4374	1	96200	96200	0	0	1	0	0	0	0	85	0	0	0	0	0	0	0 	0 	402 	545 	0.8 	105 	0 	0 	1 	1 	3 	1.5 	0 	0 	0 	0 	0 	0 	0	0	1	0	0	0	0	0	0	0	0	0	0	0	0	0	0	0	0	0	0	0	0	0	0	0	0	0	1	41	1	3	0	0	0	0	0	0	0	0	0	0	0	0	0	0	0	0	0	0	0	0	0	0	0	0	0	1	0	0	0	0	0	0	0	0	0	0	0	0	0	0	0	0	0	0	0	0	0	0	0	0	0 	0 	442	627	0 	0 	0 	0 	0	0	0	0	0	0	0	0	0	0	0	0	0	0	4	0		//	-26		-27			-53	-10.6	-8	85
//	30014	0	0	원한을품은_양손도끼_14등급아이템	30044	0	0	30001	0	14	14	2014	39999	0	1	0	1	0	Null	0	Null	0	0	0	0	14	106	4256	1	149000	149000	0	0	1	0	0	0	0	92	0	0	0	0	0	0	0 	0 	471 	638 	0.8 	105 	0 	0 	1 	1 	3 	1.5 	0 	0 	0 	0 	0 	0 	0	0	1	0	0	0	0	0	0	0	0	0	0	0	0	0	0	0	0	0	0	0	0	0	0	0	0	0	1	41	1	3	0	0	0	0	0	0	0	0	0	0	0	0	0	0	0	0	0	0	0	0	0	0	0	0	0	1	0	0	0	0	0	0	0	0	0	0	0	0	0	0	0	0	0	0	0	0	0	0	0	0	0 	0 	518	734	0 	0 	0 	0 	0	0	0	0	0	0	0	0	0	0	0	0	0	0	4	0		//	-26		-27			-53	-10.6	-8	92
//	30015	0	0	파괴왕의_양손도끼_15등급아이템	30045	0	0	30001	0	15	15	2015	39999	0	1	0	1	0	Null	0	Null	0	0	0	0	15	111	4138	1	231000	231000	0	0	1	0	0	0	0	99	0	0	0	0	0	0	0 	0 	551 	746 	0.8 	105 	0 	0 	1 	1 	3 	1.5 	0 	0 	0 	0 	0 	0 	0	0	1	0	0	0	0	0	0	0	0	0	0	0	0	0	0	0	0	0	0	0	0	0	0	0	0	0	1	41	1	3	0	0	0	0	0	0	0	0	0	0	0	0	0	0	0	0	0	0	0	0	0	0	0	0	0	1	0	0	0	0	0	0	0	0	0	0	0	0	0	0	0	0	0	0	0	0	0	0	0	0	0 	0 	606	858	0 	0 	0 	0 	0	0	0	0	0	0	0	0	0	0	0	0	0	0	4	0		//	-26		-27			-53	-10.6	-8	99
	30016	0	0	금속_양손검_1등급아이템	30061	0	0	30002	0	101	101	2101	39999	0	2	0	2	0	Null	0	Null	0	0	0	0	1	38	5520	1	25	25	0	0	1	0	0	0	0	1	0	0	0	0	0	0	0 	0 	65 	80 	0.8 	115 	0 	0 	1 	1 	1 	1.8	0 	0 	0 	0 	0 	0 	0	0	1	0	0	0	0	0	0	0	0	0	0	0	0	0	0	0	0	0	0	0	0	0	0	0	0	0	1	41	1	5	0	0	0	0	0	0	0	0	0	0	0	0	0	0	0	0	0	0	0	0	0	0	0	0	0	1	0	0	0	0	0	0	0	0	0	0	0	0	0	0	0	0	0	0	0	0	0	0	0	0	0 	0 	72	92	0 	0 	0 	0 	0	0	0	0	0	0	0	0	0	0	0	0	0	0	4	0		//	-26		-27			-53	-10.6	-8	1
	30017	0	0	청동_양손검_2등급아이템	30062	0	0	30002	0	102	102	2102	39999	0	2	0	2	0	Null	0	Null	0	0	0	0	2	43	5300	1	800	800	0	0	1	0	0	0	0	8	0	0	0	0	0	0	0 	0 	77 	94 	0.8 	115 	0 	0 	1 	1 	1 	1.8	0 	0 	0 	0 	0 	0 	0	0	1	0	0	0	0	0	0	0	0	0	0	0	0	0	0	0	0	0	0	0	0	0	0	0	0	0	1	41	1	5	0	0	0	0	0	0	0	0	0	0	0	0	0	0	0	0	0	0	0	0	0	0	0	0	0	1	0	0	0	0	0	0	0	0	0	0	0	0	0	0	0	0	0	0	0	0	0	0	0	0	0 	0 	85	108	0 	0 	0 	0 	0	0	0	0	0	0	0	0	0	0	0	0	0	0	4	0		//	-26		-27			-53	-10.6	-8	8
	30018	0	0	합금_양손검_3등급아이템	30063	0	0	30002	0	103	103	2103	39999	0	2	0	2	0	Null	0	Null	0	0	0	0	3	48	5188	1	1200	1200	0	0	1	0	0	0	0	15	0	0	0	0	0	0	0 	0 	90 	110 	0.8 	115 	0 	0 	1 	1 	1 	1.8	0 	0 	0 	0 	0 	0 	0	0	1	0	0	0	0	0	0	0	0	0	0	0	0	0	0	0	0	0	0	0	0	0	0	0	0	0	1	41	1	5	0	0	0	0	0	0	0	0	0	0	0	0	0	0	0	0	0	0	0	0	0	0	0	0	0	1	0	0	0	0	0	0	0	0	0	0	0	0	0	0	0	0	0	0	0	0	0	0	0	0	0 	0 	99	127	0 	0 	0 	0 	0	0	0	0	0	0	0	0	0	0	0	0	0	0	4	0		//	-26		-27			-53	-10.6	-8	15
	30019	0	0	강철_양손검_4등급아이템	30064	0	0	30002	0	104	104	2104	39999	0	2	0	2	0	Null	0	Null	0	0	0	0	4	53	5078	1	1900	1900	0	0	1	0	0	0	0	22	0	0	0	0	0	0	0 	0 	105 	128 	0.8 	115 	0 	0 	1 	1 	1 	1.8	0 	0 	0 	0 	0 	0 	0	0	1	0	0	0	0	0	0	0	0	0	0	0	0	0	0	0	0	0	0	0	0	0	0	0	0	0	1	41	1	5	0	0	0	0	0	0	0	0	0	0	0	0	0	0	0	0	0	0	0	0	0	0	0	0	0	1	0	0	0	0	0	0	0	0	0	0	0	0	0	0	0	0	0	0	0	0	0	0	0	0	0 	0 	116	147	0 	0 	0 	0 	0	0	0	0	0	0	0	0	0	0	0	0	0	0	4	0		//	-26		-27			-53	-10.6	-8	22
	30020	0	0	은둔자의_양손검_5등급아이템	30065	0	0	30002	0	105	105	2105	39999	0	2	0	2	0	Null	0	Null	0	0	0	0	5	58	4968	1	2900	2900	0	0	1	0	0	0	0	29	0	0	0	0	0	0	0 	0 	123 	150 	0.8 	115 	0 	0 	1 	1 	1 	1.8	0 	0 	0 	0 	0 	0 	0	0	1	0	0	0	0	0	0	0	0	0	0	0	0	0	0	0	0	0	0	0	0	0	0	0	0	0	1	41	1	5	0	0	0	0	0	0	0	0	0	0	0	0	0	0	0	0	0	0	0	0	0	0	0	0	0	1	0	0	0	0	0	0	0	0	0	0	0	0	0	0	0	0	0	0	0	0	0	0	0	0	0 	0 	135	173	0 	0 	0 	0 	0	0	0	0	0	0	0	0	0	0	0	0	0	0	4	0		//	-26		-27			-53	-10.6	-8	29
	30021	0	0	잿빛돌풍의_양손검_6등급아이템	30066	0	0	30002	0	106	106	2106	39999	0	2	0	2	0	Null	0	Null	0	0	0	0	6	64	4858	1	4500	4500	0	0	1	0	0	0	0	36	0	0	0	0	0	0	0 	0 	144 	177 	0.8 	115 	0 	0 	1 	1 	1 	1.8	0 	0 	0 	0 	0 	0 	0	0	1	0	0	0	0	0	0	0	0	0	0	0	0	0	0	0	0	0	0	0	0	0	0	0	0	0	1	41	1	5	0	0	0	0	0	0	0	0	0	0	0	0	0	0	0	0	0	0	0	0	0	0	0	0	0	1	0	0	0	0	0	0	0	0	0	0	0	0	0	0	0	0	0	0	0	0	0	0	0	0	0 	0 	158	204	0 	0 	0 	0 	0	0	0	0	0	0	0	0	0	0	0	0	0	0	4	0		//	-26		-27			-53	-10.6	-8	36
	30022	0	0	사신의_양손검_7등급아이템	30067	0	0	30002	0	107	107	2107	39999	0	2	0	2	0	Null	0	Null	0	0	0	0	7	69	4748	1	6900	6900	0	0	1	0	0	0	0	43	0	0	0	0	0	0	0 	0 	169 	206 	0.8 	115 	0 	0 	1 	1 	1 	1.8	0 	0 	0 	0 	0 	0 	0	0	1	0	0	0	0	0	0	0	0	0	0	0	0	0	0	0	0	0	0	0	0	0	0	0	0	0	1	41	1	5	0	0	0	0	0	0	0	0	0	0	0	0	0	0	0	0	0	0	0	0	0	0	0	0	0	1	0	0	0	0	0	0	0	0	0	0	0	0	0	0	0	0	0	0	0	0	0	0	0	0	0 	0 	186	237	0 	0 	0 	0 	0	0	0	0	0	0	0	0	0	0	0	0	0	0	4	0		//	-26		-27			-53	-10.6	-8	43
	30023	0	0	전설영웅의_양손검_8등급아이템	30068	0	0	30002	0	108	108	2108	39999	0	2	0	2	0	Null	0	Null	0	0	0	0	8	74	4636	1	10700	10700	0	0	1	0	0	0	0	50	0	0	0	0	0	0	0 	0 	198 	242 	0.8 	115 	0 	0 	1 	1 	1 	1.8	0 	0 	0 	0 	0 	0 	0	0	1	0	0	0	0	0	0	0	0	0	0	0	0	0	0	0	0	0	0	0	0	0	0	0	0	0	1	41	1	5	0	0	0	0	0	0	0	0	0	0	0	0	0	0	0	0	0	0	0	0	0	0	0	0	0	1	0	0	0	0	0	0	0	0	0	0	0	0	0	0	0	0	0	0	0	0	0	0	0	0	0 	0 	218	278	0 	0 	0 	0 	0	0	0	0	0	0	0	0	0	0	0	0	0	0	4	0		//	-26		-27			-53	-10.6	-8	50
	30024	0	0	안내자맥리르_양손검_9등급아이템	30069	0	0	30002	0	109	109	2109	39999	0	2	0	2	0	Null	0	Null	0	0	0	0	9	79	4526	1	16700	16700	0	0	1	0	0	0	0	57	0	0	0	0	0	0	0 	0 	232 	283 	0.8 	115 	0 	0 	1 	1 	1 	1.8	0 	0 	0 	0 	0 	0 	0	0	1	0	0	0	0	0	0	0	0	0	0	0	0	0	0	0	0	0	0	0	0	0	0	0	0	0	1	41	1	5	0	0	0	0	0	0	0	0	0	0	0	0	0	0	0	0	0	0	0	0	0	0	0	0	0	1	0	0	0	0	0	0	0	0	0	0	0	0	0	0	0	0	0	0	0	0	0	0	0	0	0 	0 	255	325	0 	0 	0 	0 	0	0	0	0	0	0	0	0	0	0	0	0	0	0	4	0		//	-26		-27			-53	-10.6	-8	57
	30025	0	0	심연의대태도_양손검_10등급아이템	30070	0	0	30002	0	110	110	2110	39999	0	2	0	2	0	Null	0	Null	0	0	0	0	10	85	4416	1	25800	25800	0	0	1	0	0	0	0	64	0	0	0	0	0	0	0 	0 	271 	332 	0.8 	115 	0 	0 	1 	1 	1 	1.8	0 	0 	0 	0 	0 	0 	0	0	1	0	0	0	0	0	0	0	0	0	0	0	0	0	0	0	0	0	0	0	0	0	0	0	0	0	1	41	1	5	0	0	0	0	0	0	0	0	0	0	0	0	0	0	0	0	0	0	0	0	0	0	0	0	0	1	0	0	0	0	0	0	0	0	0	0	0	0	0	0	0	0	0	0	0	0	0	0	0	0	0 	0 	298	382	0 	0 	0 	0 	0	0	0	0	0	0	0	0	0	0	0	0	0	0	4	0		//	-26		-27			-53	-10.6	-8	64
//	30026	0	0	숭고한_양손검_11등급아이템	30071	0	0	30002	0	111	111	2111	39999	0	2	0	2	0	Null	0	Null	0	0	0	0	11	90	4306	1	40000	40000	0	0	1	0	0	0	0	71	0	0	0	0	0	0	0 	0 	317 	388 	0.8 	115 	0 	0 	1 	1 	1 	1.8	0 	0 	0 	0 	0 	0 	0	0	1	0	0	0	0	0	0	0	0	0	0	0	0	0	0	0	0	0	0	0	0	0	0	0	0	0	1	41	1	5	0	0	0	0	0	0	0	0	0	0	0	0	0	0	0	0	0	0	0	0	0	0	0	0	0	1	0	0	0	0	0	0	0	0	0	0	0	0	0	0	0	0	0	0	0	0	0	0	0	0	0 	0 	349	446	0 	0 	0 	0 	0	0	0	0	0	0	0	0	0	0	0	0	0	0	4	0		//	-26		-27			-53	-10.6	-8	71
//	30027	0	0	황후를지킨_양손검_12등급아이템	30072	0	0	30002	0	112	112	2112	39999	0	2	0	2	0	Null	0	Null	0	0	0	0	12	95	4196	1	62000	62000	0	0	1	0	0	0	0	78	0	0	0	0	0	0	0 	0 	372 	455 	0.8 	115 	0 	0 	1 	1 	1 	1.8	0 	0 	0 	0 	0 	0 	0	0	1	0	0	0	0	0	0	0	0	0	0	0	0	0	0	0	0	0	0	0	0	0	0	0	0	0	1	41	1	5	0	0	0	0	0	0	0	0	0	0	0	0	0	0	0	0	0	0	0	0	0	0	0	0	0	1	0	0	0	0	0	0	0	0	0	0	0	0	0	0	0	0	0	0	0	0	0	0	0	0	0 	0 	409	523	0 	0 	0 	0 	0	0	0	0	0	0	0	0	0	0	0	0	0	0	4	0		//	-26		-27			-53	-10.6	-8	78
//	30028	0	0	절망을이긴_양손검_13등급아이템	30073	0	0	30002	0	113	113	2113	39999	0	2	0	2	0	Null	0	Null	0	0	0	0	13	100	4084	1	96200	96200	0	0	1	0	0	0	0	85	0	0	0	0	0	0	0 	0 	435 	532 	0.8 	115 	0 	0 	1 	1 	1 	1.8	0 	0 	0 	0 	0 	0 	0	0	1	0	0	0	0	0	0	0	0	0	0	0	0	0	0	0	0	0	0	0	0	0	0	0	0	0	1	41	1	5	0	0	0	0	0	0	0	0	0	0	0	0	0	0	0	0	0	0	0	0	0	0	0	0	0	1	0	0	0	0	0	0	0	0	0	0	0	0	0	0	0	0	0	0	0	0	0	0	0	0	0 	0 	479	612	0 	0 	0 	0 	0	0	0	0	0	0	0	0	0	0	0	0	0	0	4	0		//	-26		-27			-53	-10.6	-8	85
//	30029	0	0	심판자메디오_양손검_14등급아이템	30074	0	0	30002	0	114	114	2114	39999	0	2	0	2	0	Null	0	Null	0	0	0	0	14	106	3974	1	149000	149000	0	0	1	0	0	0	0	92	0	0	0	0	0	0	0 	0 	509 	622 	0.8 	115 	0 	0 	1 	1 	1 	1.8	0 	0 	0 	0 	0 	0 	0	0	1	0	0	0	0	0	0	0	0	0	0	0	0	0	0	0	0	0	0	0	0	0	0	0	0	0	1	41	1	5	0	0	0	0	0	0	0	0	0	0	0	0	0	0	0	0	0	0	0	0	0	0	0	0	0	1	0	0	0	0	0	0	0	0	0	0	0	0	0	0	0	0	0	0	0	0	0	0	0	0	0 	0 	560	715	0 	0 	0 	0 	0	0	0	0	0	0	0	0	0	0	0	0	0	0	4	0		//	-26		-27			-53	-10.6	-8	92
//	30030	0	0	운명을쥔자의_양손검_15등급아이템	30075	0	0	30002	0	115	115	2115	39999	0	2	0	2	0	Null	0	Null	0	0	0	0	15	111	3864	1	231000	231000	0	0	1	0	0	0	0	99	0	0	0	0	0	0	0 	0 	596 	729 	0.8 	115 	0 	0 	1 	1 	1 	1.8	0 	0 	0 	0 	0 	0 	0	0	1	0	0	0	0	0	0	0	0	0	0	0	0	0	0	0	0	0	0	0	0	0	0	0	0	0	1	41	1	5	0	0	0	0	0	0	0	0	0	0	0	0	0	0	0	0	0	0	0	0	0	0	0	0	0	1	0	0	0	0	0	0	0	0	0	0	0	0	0	0	0	0	0	0	0	0	0	0	0	0	0 	0 	656	838	0 	0 	0 	0 	0	0	0	0	0	0	0	0	0	0	0	0	0	0	4	0		//	-26		-27			-53	-10.6	-8	99
	30031	0	0	금속_한손검_1등급아이템	30091	0	0	30003	0	201	201	2201	39999	0	3	0	3	0	Null	0	Null	0	0	0	0	1	31	9060	1	25	25	0	0	1	0	0	0	0	1	0	0	0	0	0	0	0 	0 	47 	52 	0.8 	135 	0 	0 	1 	1 	1 	1	0 	0 	0 	0 	0 	0 	0	0	0	1	0	0	0	0	0	0	0	0	0	0	0	0	0	0	0	0	0	0	0	0	0	0	0	0	1	41	1	2	0	0	0	0	0	0	0	0	0	0	0	0	0	0	0	0	0	0	0	0	0	0	0	0	0	1	0	0	0	0	0	0	0	0	0	0	0	0	0	0	0	0	0	0	0	0	0	0	0	0	0 	0 	52	60	0 	0 	0 	0 	0	0	0	0	0	0	0	0	0	0	0	0	0	0	4	0		//	-22	-20				-42	-8.4	-6	1
	30032	0	0	청동_한손검_2등급아이템	30092	0	0	30003	0	202	202	2202	39999	0	3	0	3	0	Null	0	Null	0	0	0	0	2	35	8698	1	800	800	0	0	1	0	0	0	0	8	0	0	0	0	0	0	0 	0 	56 	61 	0.8 	135 	0 	0 	1 	1 	1 	1	0 	0 	0 	0 	0 	0 	0	0	0	1	0	0	0	0	0	0	0	0	0	0	0	0	0	0	0	0	0	0	0	0	0	0	0	0	1	41	1	2	0	0	0	0	0	0	0	0	0	0	0	0	0	0	0	0	0	0	0	0	0	0	0	0	0	1	0	0	0	0	0	0	0	0	0	0	0	0	0	0	0	0	0	0	0	0	0	0	0	0	0 	0 	62	70	0 	0 	0 	0 	0	0	0	0	0	0	0	0	0	0	0	0	0	0	4	0		//	-22	-20				-42	-8.4	-6	8
	30033	0	0	주석_한손검_3등급아이템	30093	0	0	30003	0	203	203	2203	39999	0	3	0	3	0	Null	0	Null	0	0	0	0	3	40	8516	1	1200	1200	0	0	1	0	0	0	0	15	0	0	0	0	0	0	0 	0 	65 	72 	0.8 	135 	0 	0 	1 	1 	1 	1	0 	0 	0 	0 	0 	0 	0	0	0	1	0	0	0	0	0	0	0	0	0	0	0	0	0	0	0	0	0	0	0	0	0	0	0	0	1	41	1	2	0	0	0	0	0	0	0	0	0	0	0	0	0	0	0	0	0	0	0	0	0	0	0	0	0	1	0	0	0	0	0	0	0	0	0	0	0	0	0	0	0	0	0	0	0	0	0	0	0	0	0 	0 	72	83	0 	0 	0 	0 	0	0	0	0	0	0	0	0	0	0	0	0	0	0	4	0		//	-22	-20				-42	-8.4	-6	15
	30034	0	0	무쇠_한손검_4등급아이템	30094	0	0	30003	0	204	204	2204	39999	0	3	0	3	0	Null	0	Null	0	0	0	0	4	45	8336	1	1900	1900	0	0	1	0	0	0	0	22	0	0	0	0	0	0	0 	0 	76 	85 	0.8 	135 	0 	0 	1 	1 	1 	1	0 	0 	0 	0 	0 	0 	0	0	0	1	0	0	0	0	0	0	0	0	0	0	0	0	0	0	0	0	0	0	0	0	0	0	0	0	1	41	1	2	0	0	0	0	0	0	0	0	0	0	0	0	0	0	0	0	0	0	0	0	0	0	0	0	0	1	0	0	0	0	0	0	0	0	0	0	0	0	0	0	0	0	0	0	0	0	0	0	0	0	0 	0 	84	98	0 	0 	0 	0 	0	0	0	0	0	0	0	0	0	0	0	0	0	0	4	0		//	-22	-20				-42	-8.4	-6	22
	30035	0	0	수호자_한손검_5등급아이템	30095	0	0	30003	0	205	205	2205	39999	0	3	0	3	0	Null	0	Null	0	0	0	0	5	50	8154	1	2900	2900	0	0	1	0	0	0	0	29	0	0	0	0	0	0	0 	0 	90 	99 	0.8 	135 	0 	0 	1 	1 	1 	1	0 	0 	0 	0 	0 	0 	0	0	0	1	0	0	0	0	0	0	0	0	0	0	0	0	0	0	0	0	0	0	0	0	0	0	0	0	1	41	1	2	0	0	0	0	0	0	0	0	0	0	0	0	0	0	0	0	0	0	0	0	0	0	0	0	0	1	0	0	0	0	0	0	0	0	0	0	0	0	0	0	0	0	0	0	0	0	0	0	0	0	0 	0 	99	114	0 	0 	0 	0 	0	0	0	0	0	0	0	0	0	0	0	0	0	0	4	0		//	-22	-20				-42	-8.4	-6	29
	30036	0	0	용족의골짜기_한손검_6등급아이템	30096	0	0	30003	0	206	206	2206	39999	0	3	0	3	0	Null	0	Null	0	0	0	0	6	55	7972	1	4500	4500	0	0	1	0	0	0	0	36	0	0	0	0	0	0	0 	0 	105 	116 	0.8 	135 	0 	0 	1 	1 	1 	1	0 	0 	0 	0 	0 	0 	0	0	0	1	0	0	0	0	0	0	0	0	0	0	0	0	0	0	0	0	0	0	0	0	0	0	0	0	1	41	1	2	0	0	0	0	0	0	0	0	0	0	0	0	0	0	0	0	0	0	0	0	0	0	0	0	0	1	0	0	0	0	0	0	0	0	0	0	0	0	0	0	0	0	0	0	0	0	0	0	0	0	0 	0 	116	133	0 	0 	0 	0 	0	0	0	0	0	0	0	0	0	0	0	0	0	0	4	0		//	-22	-20				-42	-8.4	-6	36
	30037	0	0	기적을일구는_한손검_7등급아이템	30097	0	0	30003	0	207	207	2207	39999	0	3	0	3	0	Null	0	Null	0	0	0	0	7	60	7792	1	6900	6900	0	0	1	0	0	0	0	43	0	0	0	0	0	0	0 	0 	123 	136 	0.8 	135 	0 	0 	1 	1 	1 	1	0 	0 	0 	0 	0 	0 	0	0	0	1	0	0	0	0	0	0	0	0	0	0	0	0	0	0	0	0	0	0	0	0	0	0	0	0	1	41	1	2	0	0	0	0	0	0	0	0	0	0	0	0	0	0	0	0	0	0	0	0	0	0	0	0	0	1	0	0	0	0	0	0	0	0	0	0	0	0	0	0	0	0	0	0	0	0	0	0	0	0	0 	0 	135	156	0 	0 	0 	0 	0	0	0	0	0	0	0	0	0	0	0	0	0	0	4	0		//	-22	-20				-42	-8.4	-6	43
	30038	0	0	새벽을여는_한손검_8등급아이템	30098	0	0	30003	0	208	208	2208	39999	0	3	0	3	0	Null	0	Null	0	0	0	0	8	65	7610	1	10700	10700	0	0	1	0	0	0	0	50	0	0	0	0	0	0	0 	0 	144 	159 	0.8 	135 	0 	0 	1 	1 	1 	1	0 	0 	0 	0 	0 	0 	0	0	0	1	0	0	0	0	0	0	0	0	0	0	0	0	0	0	0	0	0	0	0	0	0	0	0	0	1	41	1	2	0	0	0	0	0	0	0	0	0	0	0	0	0	0	0	0	0	0	0	0	0	0	0	0	0	1	0	0	0	0	0	0	0	0	0	0	0	0	0	0	0	0	0	0	0	0	0	0	0	0	0 	0 	158	183	0 	0 	0 	0 	0	0	0	0	0	0	0	0	0	0	0	0	0	0	4	0		//	-22	-20				-42	-8.4	-6	50
	30039	0	0	용암으로달군_한손검_9등급아이템	30099	0	0	30003	0	209	209	2209	39999	0	3	0	3	0	Null	0	Null	0	0	0	0	9	70	7430	1	16700	16700	0	0	1	0	0	0	0	57	0	0	0	0	0	0	0 	0 	169 	186 	0.8 	135 	0 	0 	1 	1 	1 	1	0 	0 	0 	0 	0 	0 	0	0	0	1	0	0	0	0	0	0	0	0	0	0	0	0	0	0	0	0	0	0	0	0	0	0	0	0	1	41	1	2	0	0	0	0	0	0	0	0	0	0	0	0	0	0	0	0	0	0	0	0	0	0	0	0	0	1	0	0	0	0	0	0	0	0	0	0	0	0	0	0	0	0	0	0	0	0	0	0	0	0	0 	0 	186	214	0 	0 	0 	0 	0	0	0	0	0	0	0	0	0	0	0	0	0	0	4	0		//	-22	-20				-42	-8.4	-6	57
	30040	0	0	데이브레이커_한손검_10등급아이템	30100	0	0	30003	0	210	210	2210	39999	0	3	0	3	0	Null	0	Null	0	0	0	0	10	74	7248	1	25800	25800	0	0	1	0	0	0	0	64	0	0	0	0	0	0	0 	0 	197 	218 	0.8 	135 	0 	0 	1 	1 	1 	1	0 	0 	0 	0 	0 	0 	0	0	0	1	0	0	0	0	0	0	0	0	0	0	0	0	0	0	0	0	0	0	0	0	0	0	0	0	1	41	1	2	0	0	0	0	0	0	0	0	0	0	0	0	0	0	0	0	0	0	0	0	0	0	0	0	0	1	0	0	0	0	0	0	0	0	0	0	0	0	0	0	0	0	0	0	0	0	0	0	0	0	0 	0 	217	251	0 	0 	0 	0 	0	0	0	0	0	0	0	0	0	0	0	0	0	0	4	0		//	-22	-20				-42	-8.4	-6	64
//	30041	0	0	뜨거운복수의_한손검_11등급아이템	30101	0	0	30003	0	211	211	2211	39999	0	3	0	3	0	Null	0	Null	0	0	0	0	11	79	7066	1	40000	40000	0	0	1	0	0	0	0	71	0	0	0	0	0	0	0 	0 	230 	255 	0.8 	135 	0 	0 	1 	1 	1 	1	0 	0 	0 	0 	0 	0 	0	0	0	1	0	0	0	0	0	0	0	0	0	0	0	0	0	0	0	0	0	0	0	0	0	0	0	0	1	41	1	2	0	0	0	0	0	0	0	0	0	0	0	0	0	0	0	0	0	0	0	0	0	0	0	0	0	1	0	0	0	0	0	0	0	0	0	0	0	0	0	0	0	0	0	0	0	0	0	0	0	0	0 	0 	253	293	0 	0 	0 	0 	0	0	0	0	0	0	0	0	0	0	0	0	0	0	4	0		//	-22	-20				-42	-8.4	-6	71
//	30042	0	0	공명한벨티스_한손검_12등급아이템	30102	0	0	30003	0	212	212	2212	39999	0	3	0	3	0	Null	0	Null	0	0	0	0	12	84	6886	1	62000	62000	0	0	1	0	0	0	0	78	0	0	0	0	0	0	0 	0 	270 	299 	0.8 	135 	0 	0 	1 	1 	1 	1	0 	0 	0 	0 	0 	0 	0	0	0	1	0	0	0	0	0	0	0	0	0	0	0	0	0	0	0	0	0	0	0	0	0	0	0	0	1	41	1	2	0	0	0	0	0	0	0	0	0	0	0	0	0	0	0	0	0	0	0	0	0	0	0	0	0	1	0	0	0	0	0	0	0	0	0	0	0	0	0	0	0	0	0	0	0	0	0	0	0	0	0 	0 	297	344	0 	0 	0 	0 	0	0	0	0	0	0	0	0	0	0	0	0	0	0	4	0		//	-22	-20				-42	-8.4	-6	78
//	30043	0	0	영혼을지키는_한손검_13등급아이템	30103	0	0	30003	0	213	213	2213	39999	0	3	0	3	0	Null	0	Null	0	0	0	0	13	89	6704	1	96200	96200	0	0	1	0	0	0	0	85	0	0	0	0	0	0	0 	0 	316 	349 	0.8 	135 	0 	0 	1 	1 	1 	1	0 	0 	0 	0 	0 	0 	0	0	0	1	0	0	0	0	0	0	0	0	0	0	0	0	0	0	0	0	0	0	0	0	0	0	0	0	1	41	1	2	0	0	0	0	0	0	0	0	0	0	0	0	0	0	0	0	0	0	0	0	0	0	0	0	0	1	0	0	0	0	0	0	0	0	0	0	0	0	0	0	0	0	0	0	0	0	0	0	0	0	0 	0 	348	401	0 	0 	0 	0 	0	0	0	0	0	0	0	0	0	0	0	0	0	0	4	0		//	-22	-20				-42	-8.4	-6	85
//	30044	0	0	속박을끊는_한손검_14등급아이템	30104	0	0	30003	0	214	214	2214	39999	0	3	0	3	0	Null	0	Null	0	0	0	0	14	94	6524	1	149000	149000	0	0	1	0	0	0	0	92	0	0	0	0	0	0	0 	0 	370 	409 	0.8 	135 	0 	0 	1 	1 	1 	1	0 	0 	0 	0 	0 	0 	0	0	0	1	0	0	0	0	0	0	0	0	0	0	0	0	0	0	0	0	0	0	0	0	0	0	0	0	1	41	1	2	0	0	0	0	0	0	0	0	0	0	0	0	0	0	0	0	0	0	0	0	0	0	0	0	0	1	0	0	0	0	0	0	0	0	0	0	0	0	0	0	0	0	0	0	0	0	0	0	0	0	0 	0 	407	470	0 	0 	0 	0 	0	0	0	0	0	0	0	0	0	0	0	0	0	0	4	0		//	-22	-20				-42	-8.4	-6	92
//	30045	0	0	비상하는용족의_한손검_15등급아이템	30105	0	0	30003	0	215	215	2215	39999	0	3	0	3	0	Null	0	Null	0	0	0	0	15	99	6342	1	231000	231000	0	0	1	0	0	0	0	99	0	0	0	0	0	0	0 	0 	433 	478 	0.8 	135 	0 	0 	1 	1 	1 	1	0 	0 	0 	0 	0 	0 	0	0	0	1	0	0	0	0	0	0	0	0	0	0	0	0	0	0	0	0	0	0	0	0	0	0	0	0	1	41	1	2	0	0	0	0	0	0	0	0	0	0	0	0	0	0	0	0	0	0	0	0	0	0	0	0	0	1	0	0	0	0	0	0	0	0	0	0	0	0	0	0	0	0	0	0	0	0	0	0	0	0	0 	0 	476	550	0 	0 	0 	0 	0	0	0	0	0	0	0	0	0	0	0	0	0	0	4	0		//	-22	-20				-42	-8.4	-6	99
	30046	0	0	금속_창_1등급아이템	30121	0	0	30004	0	301	301	2301	39999	0	4	0	4	0	Null	0	Null	0	0	0	0	1	31	7770	1	25	25	0	0	1	0	0	0	0	1	0	0	0	0	0	0	0 	0 	52 	61 	0.8 	120 	0 	0 	1 	1 	1 	2.5	0 	0 	0 	0 	0 	0 	0	0	0	1	0	0	0	0	0	0	0	0	0	0	0	0	0	0	0	0	0	0	0	0	0	0	0	0	1	41	1	4	0	0	0	0	0	0	0	0	0	0	0	0	0	0	0	0	0	0	0	0	0	0	0	0	0	1	0	0	0	0	0	0	0	0	0	0	0	0	0	0	0	0	0	0	0	0	0	0	0	0	0 	0 	57	70	0 	0 	0 	0 	0	0	0	0	0	0	0	0	0	0	0	0	0	0	4	0		//	-22	-20				-42	-8.4	-6	1
	30047	0	0	청동_창_2등급아이템	30122	0	0	30004	0	302	302	2302	39999	0	4	0	4	0	Null	0	Null	0	0	0	0	2	35	7460	1	800	800	0	0	1	0	0	0	0	8	0	0	0	0	0	0	0 	0 	61 	72 	0.8 	120 	0 	0 	1 	1 	1 	2.5	0 	0 	0 	0 	0 	0 	0	0	0	1	0	0	0	0	0	0	0	0	0	0	0	0	0	0	0	0	0	0	0	0	0	0	0	0	1	41	1	4	0	0	0	0	0	0	0	0	0	0	0	0	0	0	0	0	0	0	0	0	0	0	0	0	0	1	0	0	0	0	0	0	0	0	0	0	0	0	0	0	0	0	0	0	0	0	0	0	0	0	0 	0 	67	83	0 	0 	0 	0 	0	0	0	0	0	0	0	0	0	0	0	0	0	0	4	0		//	-22	-20				-42	-8.4	-6	8
	30048	0	0	주석_창_3등급아이템	30123	0	0	30004	0	303	303	2303	39999	0	4	0	4	0	Null	0	Null	0	0	0	0	3	40	7304	1	1200	1200	0	0	1	0	0	0	0	15	0	0	0	0	0	0	0 	0 	71 	84 	0.8 	120 	0 	0 	1 	1 	1 	2.5	0 	0 	0 	0 	0 	0 	0	0	0	1	0	0	0	0	0	0	0	0	0	0	0	0	0	0	0	0	0	0	0	0	0	0	0	0	1	41	1	4	0	0	0	0	0	0	0	0	0	0	0	0	0	0	0	0	0	0	0	0	0	0	0	0	0	1	0	0	0	0	0	0	0	0	0	0	0	0	0	0	0	0	0	0	0	0	0	0	0	0	0 	0 	78	97	0 	0 	0 	0 	0	0	0	0	0	0	0	0	0	0	0	0	0	0	4	0		//	-22	-20				-42	-8.4	-6	15
	30049	0	0	무쇠_창_4등급아이템	30124	0	0	30004	0	304	304	2304	39999	0	4	0	4	0	Null	0	Null	0	0	0	0	4	45	7148	1	1900	1900	0	0	1	0	0	0	0	22	0	0	0	0	0	0	0 	0 	84 	99 	0.8 	120 	0 	0 	1 	1 	1 	2.5	0 	0 	0 	0 	0 	0 	0	0	0	1	0	0	0	0	0	0	0	0	0	0	0	0	0	0	0	0	0	0	0	0	0	0	0	0	1	41	1	4	0	0	0	0	0	0	0	0	0	0	0	0	0	0	0	0	0	0	0	0	0	0	0	0	0	1	0	0	0	0	0	0	0	0	0	0	0	0	0	0	0	0	0	0	0	0	0	0	0	0	0 	0 	92	114	0 	0 	0 	0 	0	0	0	0	0	0	0	0	0	0	0	0	0	0	4	0		//	-22	-20				-42	-8.4	-6	22
	30050	0	0	최후의일격_창_5등급아이템	30125	0	0	30004	0	305	305	2305	39999	0	4	0	4	0	Null	0	Null	0	0	0	0	5	50	6994	1	2900	2900	0	0	1	0	0	0	0	29	0	0	0	0	0	0	0 	0 	99 	116 	0.8 	120 	0 	0 	1 	1 	1 	2.5	0 	0 	0 	0 	0 	0 	0	0	0	1	0	0	0	0	0	0	0	0	0	0	0	0	0	0	0	0	0	0	0	0	0	0	0	0	1	41	1	4	0	0	0	0	0	0	0	0	0	0	0	0	0	0	0	0	0	0	0	0	0	0	0	0	0	1	0	0	0	0	0	0	0	0	0	0	0	0	0	0	0	0	0	0	0	0	0	0	0	0	0 	0 	109	133	0 	0 	0 	0 	0	0	0	0	0	0	0	0	0	0	0	0	0	0	4	0		//	-22	-20				-42	-8.4	-6	29
	30051	0	0	북풍을가르는_창_6등급아이템	30126	0	0	30004	0	306	306	2306	39999	0	4	0	4	0	Null	0	Null	0	0	0	0	6	55	6838	1	4500	4500	0	0	1	0	0	0	0	36	0	0	0	0	0	0	0 	0 	115 	136 	0.8 	120 	0 	0 	1 	1 	1 	2.5	0 	0 	0 	0 	0 	0 	0	0	0	1	0	0	0	0	0	0	0	0	0	0	0	0	0	0	0	0	0	0	0	0	0	0	0	0	1	41	1	4	0	0	0	0	0	0	0	0	0	0	0	0	0	0	0	0	0	0	0	0	0	0	0	0	0	1	0	0	0	0	0	0	0	0	0	0	0	0	0	0	0	0	0	0	0	0	0	0	0	0	0 	0 	127	156	0 	0 	0 	0 	0	0	0	0	0	0	0	0	0	0	0	0	0	0	4	0		//	-22	-20				-42	-8.4	-6	36
	30052	0	0	분노의번개_창_7등급아이템	30127	0	0	30004	0	307	307	2307	39999	0	4	0	4	0	Null	0	Null	0	0	0	0	7	60	6682	1	6900	6900	0	0	1	0	0	0	0	43	0	0	0	0	0	0	0 	0 	135 	158 	0.8 	120 	0 	0 	1 	1 	1 	2.5	0 	0 	0 	0 	0 	0 	0	0	0	1	0	0	0	0	0	0	0	0	0	0	0	0	0	0	0	0	0	0	0	0	0	0	0	0	1	41	1	4	0	0	0	0	0	0	0	0	0	0	0	0	0	0	0	0	0	0	0	0	0	0	0	0	0	1	0	0	0	0	0	0	0	0	0	0	0	0	0	0	0	0	0	0	0	0	0	0	0	0	0 	0 	149	182	0 	0 	0 	0 	0	0	0	0	0	0	0	0	0	0	0	0	0	0	4	0		//	-22	-20				-42	-8.4	-6	43
	30053	0	0	천리안_창_8등급아이템	30128	0	0	30004	0	308	308	2308	39999	0	4	0	4	0	Null	0	Null	0	0	0	0	8	65	6526	1	10700	10700	0	0	1	0	0	0	0	50	0	0	0	0	0	0	0 	0 	158 	185 	0.8 	120 	0 	0 	1 	1 	1 	2.5	0 	0 	0 	0 	0 	0 	0	0	0	1	0	0	0	0	0	0	0	0	0	0	0	0	0	0	0	0	0	0	0	0	0	0	0	0	1	41	1	4	0	0	0	0	0	0	0	0	0	0	0	0	0	0	0	0	0	0	0	0	0	0	0	0	0	1	0	0	0	0	0	0	0	0	0	0	0	0	0	0	0	0	0	0	0	0	0	0	0	0	0 	0 	174	213	0 	0 	0 	0 	0	0	0	0	0	0	0	0	0	0	0	0	0	0	4	0		//	-22	-20				-42	-8.4	-6	50
	30054	0	0	성난바람_창_9등급아이템	30129	0	0	30004	0	309	309	2309	39999	0	4	0	4	0	Null	0	Null	0	0	0	0	9	70	6372	1	16700	16700	0	0	1	0	0	0	0	57	0	0	0	0	0	0	0 	0 	185 	218 	0.8 	120 	0 	0 	1 	1 	1 	2.5	0 	0 	0 	0 	0 	0 	0	0	0	1	0	0	0	0	0	0	0	0	0	0	0	0	0	0	0	0	0	0	0	0	0	0	0	0	1	41	1	4	0	0	0	0	0	0	0	0	0	0	0	0	0	0	0	0	0	0	0	0	0	0	0	0	0	1	0	0	0	0	0	0	0	0	0	0	0	0	0	0	0	0	0	0	0	0	0	0	0	0	0 	0 	204	251	0 	0 	0 	0 	0	0	0	0	0	0	0	0	0	0	0	0	0	0	4	0		//	-22	-20				-42	-8.4	-6	57
	30055	0	0	오딘의궁그닐_창_10등급아이템	30130	0	0	30004	0	310	310	2310	39999	0	4	0	4	0	Null	0	Null	0	0	0	0	10	74	6216	1	25800	25800	0	0	1	0	0	0	0	64	0	0	0	0	0	0	0 	0 	217 	254 	0.8 	120 	0 	0 	1 	1 	1 	2.5	0 	0 	0 	0 	0 	0 	0	0	0	1	0	0	0	0	0	0	0	0	0	0	0	0	0	0	0	0	0	0	0	0	0	0	0	0	1	41	1	4	0	0	0	0	0	0	0	0	0	0	0	0	0	0	0	0	0	0	0	0	0	0	0	0	0	1	0	0	0	0	0	0	0	0	0	0	0	0	0	0	0	0	0	0	0	0	0	0	0	0	0 	0 	239	292	0 	0 	0 	0 	0	0	0	0	0	0	0	0	0	0	0	0	0	0	4	0		//	-22	-20				-42	-8.4	-6	64
//	30056	0	0	심연을가르는_창_11등급아이템	30131	0	0	30004	0	311	311	2311	39999	0	4	0	4	0	Null	0	Null	0	0	0	0	11	79	6060	1	40000	40000	0	0	1	0	0	0	0	71	0	0	0	0	0	0	0 	0 	254 	299 	0.8 	120 	0 	0 	1 	1 	1 	2.5	0 	0 	0 	0 	0 	0 	0	0	0	1	0	0	0	0	0	0	0	0	0	0	0	0	0	0	0	0	0	0	0	0	0	0	0	0	1	41	1	4	0	0	0	0	0	0	0	0	0	0	0	0	0	0	0	0	0	0	0	0	0	0	0	0	0	1	0	0	0	0	0	0	0	0	0	0	0	0	0	0	0	0	0	0	0	0	0	0	0	0	0 	0 	279	344	0 	0 	0 	0 	0	0	0	0	0	0	0	0	0	0	0	0	0	0	4	0		//	-22	-20				-42	-8.4	-6	71
//	30057	0	0	대담한에리알_창_12등급아이템	30132	0	0	30004	0	312	312	2312	39999	0	4	0	4	0	Null	0	Null	0	0	0	0	12	84	5906	1	62000	62000	0	0	1	0	0	0	0	78	0	0	0	0	0	0	0 	0 	298 	349 	0.8 	120 	0 	0 	1 	1 	1 	2.5	0 	0 	0 	0 	0 	0 	0	0	0	1	0	0	0	0	0	0	0	0	0	0	0	0	0	0	0	0	0	0	0	0	0	0	0	0	1	41	1	4	0	0	0	0	0	0	0	0	0	0	0	0	0	0	0	0	0	0	0	0	0	0	0	0	0	1	0	0	0	0	0	0	0	0	0	0	0	0	0	0	0	0	0	0	0	0	0	0	0	0	0 	0 	328	401	0 	0 	0 	0 	0	0	0	0	0	0	0	0	0	0	0	0	0	0	4	0		//	-22	-20				-42	-8.4	-6	78
//	30058	0	0	광채에싸인_창_13등급아이템	30133	0	0	30004	0	313	313	2313	39999	0	4	0	4	0	Null	0	Null	0	0	0	0	13	89	5750	1	96200	96200	0	0	1	0	0	0	0	85	0	0	0	0	0	0	0 	0 	348 	409 	0.8 	120 	0 	0 	1 	1 	1 	2.5	0 	0 	0 	0 	0 	0 	0	0	0	1	0	0	0	0	0	0	0	0	0	0	0	0	0	0	0	0	0	0	0	0	0	0	0	0	1	41	1	4	0	0	0	0	0	0	0	0	0	0	0	0	0	0	0	0	0	0	0	0	0	0	0	0	0	1	0	0	0	0	0	0	0	0	0	0	0	0	0	0	0	0	0	0	0	0	0	0	0	0	0 	0 	383	470	0 	0 	0 	0 	0	0	0	0	0	0	0	0	0	0	0	0	0	0	4	0		//	-22	-20				-42	-8.4	-6	85
//	30059	0	0	대천사의_창_14등급아이템	30134	0	0	30004	0	314	314	2314	39999	0	4	0	4	0	Null	0	Null	0	0	0	0	14	94	5594	1	149000	149000	0	0	1	0	0	0	0	92	0	0	0	0	0	0	0 	0 	407 	478 	0.8 	120 	0 	0 	1 	1 	1 	2.5	0 	0 	0 	0 	0 	0 	0	0	0	1	0	0	0	0	0	0	0	0	0	0	0	0	0	0	0	0	0	0	0	0	0	0	0	0	1	41	1	4	0	0	0	0	0	0	0	0	0	0	0	0	0	0	0	0	0	0	0	0	0	0	0	0	0	1	0	0	0	0	0	0	0	0	0	0	0	0	0	0	0	0	0	0	0	0	0	0	0	0	0 	0 	448	550	0 	0 	0 	0 	0	0	0	0	0	0	0	0	0	0	0	0	0	0	4	0		//	-22	-20				-42	-8.4	-6	92
//	30060	0	0	거룩한계시의_창_15등급아이템	30135	0	0	30004	0	315	315	2315	39999	0	4	0	4	0	Null	0	Null	0	0	0	0	15	99	5440	1	231000	231000	0	0	1	0	0	0	0	99	0	0	0	0	0	0	0 	0 	477 	560 	0.8 	120 	0 	0 	1 	1 	1 	2.5	0 	0 	0 	0 	0 	0 	0	0	0	1	0	0	0	0	0	0	0	0	0	0	0	0	0	0	0	0	0	0	0	0	0	0	0	0	1	41	1	4	0	0	0	0	0	0	0	0	0	0	0	0	0	0	0	0	0	0	0	0	0	0	0	0	0	1	0	0	0	0	0	0	0	0	0	0	0	0	0	0	0	0	0	0	0	0	0	0	0	0	0 	0 	525	644	0 	0 	0 	0 	0	0	0	0	0	0	0	0	0	0	0	0	0	0	4	0		//	-22	-20				-42	-8.4	-6	99
	30061	0	0	강철_대거_1등급아이템	31161	0	0	31156	0	401	401	2401	39999	0	5	0	5	0	Null	0	Null	0	0	0	0	1	30	8310	1	25	25	0	0	1	0	0	0	0	1	0	0	0	0	0	0	0 	0 	49 	54 	0.8 	140 	0 	0 	1 	1 	1 	2.5	0 	0 	0 	0 	0 	0 	0	0	0	0	1	0	0	0	0	0	0	0	0	0	0	0	0	0	0	0	0	0	0	0	0	0	0	0	1	41	1	2	0	0	0	0	0	0	0	0	0	0	0	0	0	0	0	0	0	0	0	0	0	0	0	0	0	1	0	0	0	0	0	0	0	0	0	0	0	0	0	0	0	0	0	0	0	0	0	0	0	0	0 	0 	54	62	0 	0 	0 	0 	0	0	0	0	0	0	0	0	0	0	0	0	0	0	4	0		//	-19			-18		-37	-7.4	-5	1
	30062	0	0	미스릴_대거_2등급아이템	31162	0	0	31156	0	402	402	2402	39999	0	5	0	5	0	Null	0	Null	0	0	0	0	2	35	7978	1	800	800	0	0	1	0	0	0	0	8	0	0	0	0	0	0	0 	0 	57 	62 	0.8 	140 	0 	0 	1 	1 	1 	2.5	0 	0 	0 	0 	0 	0 	0	0	0	0	1	0	0	0	0	0	0	0	0	0	0	0	0	0	0	0	0	0	0	0	0	0	0	0	1	41	1	2	0	0	0	0	0	0	0	0	0	0	0	0	0	0	0	0	0	0	0	0	0	0	0	0	0	1	0	0	0	0	0	0	0	0	0	0	0	0	0	0	0	0	0	0	0	0	0	0	0	0	0 	0 	63	71	0 	0 	0 	0 	0	0	0	0	0	0	0	0	0	0	0	0	0	0	4	0		//	-19			-18		-37	-7.4	-5	8
	30063	0	0	흑철_대거_3등급아이템	31163	0	0	31156	0	403	403	2403	39999	0	5	0	5	0	Null	0	Null	0	0	0	0	3	39	7812	1	1200	1200	0	0	1	0	0	0	0	15	0	0	0	0	0	0	0 	0 	68 	73 	0.8 	140 	0 	0 	1 	1 	1 	2.5	0 	0 	0 	0 	0 	0 	0	0	0	0	1	0	0	0	0	0	0	0	0	0	0	0	0	0	0	0	0	0	0	0	0	0	0	0	1	41	1	2	0	0	0	0	0	0	0	0	0	0	0	0	0	0	0	0	0	0	0	0	0	0	0	0	0	1	0	0	0	0	0	0	0	0	0	0	0	0	0	0	0	0	0	0	0	0	0	0	0	0	0 	0 	75	84	0 	0 	0 	0 	0	0	0	0	0	0	0	0	0	0	0	0	0	0	4	0		//	-19			-18		-37	-7.4	-5	15
	30064	0	0	데스모더스_대거_4등급아이템	31164	0	0	31156	0	404	404	2404	39999	0	5	0	5	0	Null	0	Null	0	0	0	0	4	44	7646	1	1900	1900	0	0	1	0	0	0	0	22	0	0	0	0	0	0	0 	0 	79 	86 	0.8 	140 	0 	0 	1 	1 	1 	2.5	0 	0 	0 	0 	0 	0 	0	0	0	0	1	0	0	0	0	0	0	0	0	0	0	0	0	0	0	0	0	0	0	0	0	0	0	0	1	41	1	2	0	0	0	0	0	0	0	0	0	0	0	0	0	0	0	0	0	0	0	0	0	0	0	0	0	1	0	0	0	0	0	0	0	0	0	0	0	0	0	0	0	0	0	0	0	0	0	0	0	0	0 	0 	87	99	0 	0 	0 	0 	0	0	0	0	0	0	0	0	0	0	0	0	0	0	4	0		//	-19			-18		-37	-7.4	-5	22
	30065	0	0	제국말살자_대거_5등급아이템	31165	0	0	31156	0	405	405	2405	39999	0	5	0	5	0	Null	0	Null	0	0	0	0	5	49	7480	1	2900	2900	0	0	1	0	0	0	0	29	0	0	0	0	0	0	0 	0 	93 	100 	0.8 	140 	0 	0 	1 	1 	1 	2.5	0 	0 	0 	0 	0 	0 	0	0	0	0	1	0	0	0	0	0	0	0	0	0	0	0	0	0	0	0	0	0	0	0	0	0	0	0	1	41	1	2	0	0	0	0	0	0	0	0	0	0	0	0	0	0	0	0	0	0	0	0	0	0	0	0	0	1	0	0	0	0	0	0	0	0	0	0	0	0	0	0	0	0	0	0	0	0	0	0	0	0	0 	0 	102	115	0 	0 	0 	0 	0	0	0	0	0	0	0	0	0	0	0	0	0	0	4	0		//	-19			-18		-37	-7.4	-5	29
	30066	0	0	심장파괴자의_대거_6등급아이템	31166	0	0	31156	0	406	406	2406	39999	0	5	0	5	0	Null	0	Null	0	0	0	0	6	54	7312	1	4500	4500	0	0	1	0	0	0	0	36	0	0	0	0	0	0	0 	0 	109 	118 	0.8 	140 	0 	0 	1 	1 	1 	2.5	0 	0 	0 	0 	0 	0 	0	0	0	0	1	0	0	0	0	0	0	0	0	0	0	0	0	0	0	0	0	0	0	0	0	0	0	0	1	41	1	2	0	0	0	0	0	0	0	0	0	0	0	0	0	0	0	0	0	0	0	0	0	0	0	0	0	1	0	0	0	0	0	0	0	0	0	0	0	0	0	0	0	0	0	0	0	0	0	0	0	0	0 	0 	120	136	0 	0 	0 	0 	0	0	0	0	0	0	0	0	0	0	0	0	0	0	4	0		//	-19			-18		-37	-7.4	-5	36
	30067	0	0	피의향현_대거_7등급아이템	31167	0	0	31156	0	407	407	2407	39999	0	5	0	5	0	Null	0	Null	0	0	0	0	7	59	7146	1	6900	6900	0	0	1	0	0	0	0	43	0	0	0	0	0	0	0 	0 	127 	138 	0.8 	140 	0 	0 	1 	1 	1 	2.5	0 	0 	0 	0 	0 	0 	0	0	0	0	1	0	0	0	0	0	0	0	0	0	0	0	0	0	0	0	0	0	0	0	0	0	0	0	1	41	1	2	0	0	0	0	0	0	0	0	0	0	0	0	0	0	0	0	0	0	0	0	0	0	0	0	0	1	0	0	0	0	0	0	0	0	0	0	0	0	0	0	0	0	0	0	0	0	0	0	0	0	0 	0 	140	159	0 	0 	0 	0 	0	0	0	0	0	0	0	0	0	0	0	0	0	0	4	0		//	-19			-18		-37	-7.4	-5	43
	30068	0	0	영혼을쫓는_대거_8등급아이템	31168	0	0	31156	0	408	408	2408	39999	0	5	0	5	0	Null	0	Null	0	0	0	0	8	64	6980	1	10700	10700	0	0	1	0	0	0	0	50	0	0	0	0	0	0	0 	0 	149 	162 	0.8 	140 	0 	0 	1 	1 	1 	2.5	0 	0 	0 	0 	0 	0 	0	0	0	0	1	0	0	0	0	0	0	0	0	0	0	0	0	0	0	0	0	0	0	0	0	0	0	0	1	41	1	2	0	0	0	0	0	0	0	0	0	0	0	0	0	0	0	0	0	0	0	0	0	0	0	0	0	1	0	0	0	0	0	0	0	0	0	0	0	0	0	0	0	0	0	0	0	0	0	0	0	0	0 	0 	164	186	0 	0 	0 	0 	0	0	0	0	0	0	0	0	0	0	0	0	0	0	4	0		//	-19			-18		-37	-7.4	-5	50
	30069	0	0	침묵의묵시록_대거_9등급아이템	31169	0	0	31156	0	409	409	2409	39999	0	5	0	5	0	Null	0	Null	0	0	0	0	9	69	6814	1	16700	16700	0	0	1	0	0	0	0	57	0	0	0	0	0	0	0 	0 	174 	189 	0.8 	140 	0 	0 	1 	1 	1 	2.5	0 	0 	0 	0 	0 	0 	0	0	0	0	1	0	0	0	0	0	0	0	0	0	0	0	0	0	0	0	0	0	0	0	0	0	0	0	1	41	1	2	0	0	0	0	0	0	0	0	0	0	0	0	0	0	0	0	0	0	0	0	0	0	0	0	0	1	0	0	0	0	0	0	0	0	0	0	0	0	0	0	0	0	0	0	0	0	0	0	0	0	0 	0 	191	217	0 	0 	0 	0 	0	0	0	0	0	0	0	0	0	0	0	0	0	0	4	0		//	-19			-18		-37	-7.4	-5	57
	30070	0	0	각성된월첨_대거_10등급아이템	31160	0	0	31156	0	410	410	2410	39999	0	5	0	5	0	Null	0	Null	0	0	0	0	10	74	6648	1	25800	25800	0	0	1	0	0	0	0	64	0	0	0	0	0	0	0 	0 	204 	221 	0.8 	140 	0 	0 	1 	1 	1 	2.5	0 	0 	0 	0 	0 	0 	0	0	0	0	1	0	0	0	0	0	0	0	0	0	0	0	0	0	0	0	0	0	0	0	0	0	0	0	1	41	1	2	0	0	0	0	0	0	0	0	0	0	0	0	0	0	0	0	0	0	0	0	0	0	0	0	0	1	0	0	0	0	0	0	0	0	0	0	0	0	0	0	0	0	0	0	0	0	0	0	0	0	0 	0 	224	254	0 	0 	0 	0 	0	0	0	0	0	0	0	0	0	0	0	0	0	0	4	0		//	-19			-18		-37	-7.4	-5	64
//	30071	0	0	섀도우무기_대거_11등급아이템	30161	0	0	31156	0	411	411	2411	39999	0	5	0	5	0	Null	0	Null	0	0	0	0	11	79	6482	1	40000	40000	0	0	1	0	0	0	0	71	0	0	0	0	0	0	0 	0 	240 	260 	0.8 	140 	0 	0 	1 	1 	1 	2.5	0 	0 	0 	0 	0 	0 	0	0	0	0	1	0	0	0	0	0	0	0	0	0	0	0	0	0	0	0	0	0	0	0	0	0	0	0	1	41	1	2	0	0	0	0	0	0	0	0	0	0	0	0	0	0	0	0	0	0	0	0	0	0	0	0	0	1	0	0	0	0	0	0	0	0	0	0	0	0	0	0	0	0	0	0	0	0	0	0	0	0	0 	0 	264	299	0 	0 	0 	0 	0	0	0	0	0	0	0	0	0	0	0	0	0	0	4	0		//	-19			-18		-37	-7.4	-5	71
//	30072	0	0	섀도우무기_대거_12등급아이템	30162	0	0	31156	0	412	412	2412	39999	0	5	0	5	0	Null	0	Null	0	0	0	0	12	84	6316	1	62000	62000	0	0	1	0	0	0	0	78	0	0	0	0	0	0	0 	0 	280 	303 	0.8 	140 	0 	0 	1 	1 	1 	2.5	0 	0 	0 	0 	0 	0 	0	0	0	0	1	0	0	0	0	0	0	0	0	0	0	0	0	0	0	0	0	0	0	0	0	0	0	0	1	41	1	2	0	0	0	0	0	0	0	0	0	0	0	0	0	0	0	0	0	0	0	0	0	0	0	0	0	1	0	0	0	0	0	0	0	0	0	0	0	0	0	0	0	0	0	0	0	0	0	0	0	0	0 	0 	308	348	0 	0 	0 	0 	0	0	0	0	0	0	0	0	0	0	0	0	0	0	4	0		//	-19			-18		-37	-7.4	-5	78
//	30073	0	0	섀도우무기_대거_13등급아이템	30163	0	0	31156	0	413	413	2413	39999	0	5	0	5	0	Null	0	Null	0	0	0	0	13	88	6150	1	96200	96200	0	0	1	0	0	0	0	85	0	0	0	0	0	0	0 	0 	328 	355 	0.8 	140 	0 	0 	1 	1 	1 	2.5	0 	0 	0 	0 	0 	0 	0	0	0	0	1	0	0	0	0	0	0	0	0	0	0	0	0	0	0	0	0	0	0	0	0	0	0	0	1	41	1	2	0	0	0	0	0	0	0	0	0	0	0	0	0	0	0	0	0	0	0	0	0	0	0	0	0	1	0	0	0	0	0	0	0	0	0	0	0	0	0	0	0	0	0	0	0	0	0	0	0	0	0 	0 	361	408	0 	0 	0 	0 	0	0	0	0	0	0	0	0	0	0	0	0	0	0	4	0		//	-19			-18		-37	-7.4	-5	85
//	30074	0	0	섀도우무기_대거_14등급아이템	30164	0	0	31156	0	414	414	2414	39999	0	5	0	5	0	Null	0	Null	0	0	0	0	14	93	5984	1	149000	149000	0	0	1	0	0	0	0	92	0	0	0	0	0	0	0 	0 	384 	416 	0.8 	140 	0 	0 	1 	1 	1 	2.5	0 	0 	0 	0 	0 	0 	0	0	0	0	1	0	0	0	0	0	0	0	0	0	0	0	0	0	0	0	0	0	0	0	0	0	0	0	1	41	1	2	0	0	0	0	0	0	0	0	0	0	0	0	0	0	0	0	0	0	0	0	0	0	0	0	0	1	0	0	0	0	0	0	0	0	0	0	0	0	0	0	0	0	0	0	0	0	0	0	0	0	0 	0 	422	478	0 	0 	0 	0 	0	0	0	0	0	0	0	0	0	0	0	0	0	0	4	0		//	-19			-18		-37	-7.4	-5	92
//	30075	0	0	섀도우무기_대거_15등급아이템	30165	0	0	31156	0	415	415	2415	39999	0	5	0	5	0	Null	0	Null	0	0	0	0	15	98	5818	1	231000	231000	0	0	1	0	0	0	0	99	0	0	0	0	0	0	0 	0 	449 	486 	0.8 	140 	0 	0 	1 	1 	1 	2.5	0 	0 	0 	0 	0 	0 	0	0	0	0	1	0	0	0	0	0	0	0	0	0	0	0	0	0	0	0	0	0	0	0	0	0	0	0	1	41	1	2	0	0	0	0	0	0	0	0	0	0	0	0	0	0	0	0	0	0	0	0	0	0	0	0	0	1	0	0	0	0	0	0	0	0	0	0	0	0	0	0	0	0	0	0	0	0	0	0	0	0	0 	0 	494	559	0 	0 	0 	0 	0	0	0	0	0	0	0	0	0	0	0	0	0	0	4	0		//	-19			-18		-37	-7.4	-5	99
	30076	0	0	금속_채찍검_1등급아이템	31171	0	0	31157	0	501	501	2501	39999	0	6	0	6	0	Null	0	Null	0	0	0	0	1	30	9060	1	25	25	0	0	1	0	0	0	0	1	0	0	0	0	0	0	0 	0 	51 	62 	0.8 	125 	0 	0 	1 	1 	1 	3.5	0 	0 	0 	0 	0 	0 	0	0	0	0	1	0	0	0	0	0	0	0	0	0	0	0	0	0	0	0	0	0	0	0	0	0	0	0	1	41	1	3	0	0	0	0	0	0	0	0	0	0	0	0	0	0	0	0	0	0	0	0	0	0	0	0	0	1	0	0	0	0	0	0	0	0	0	0	0	0	0	0	0	0	0	0	0	0	0	0	0	0	0 	0 	56	71	0 	0 	0 	0 	0	0	0	0	0	0	0	0	0	0	0	0	0	0	4	0		//	-19			-18		-37	-7.4	-5	1
	30077	0	0	강철_채찍검_2등급아이템	31172	0	0	31157	0	502	502	2502	39999	0	6	0	6	0	Null	0	Null	0	0	0	0	2	35	8698	1	800	800	0	0	1	0	0	0	0	8	0	0	0	0	0	0	0 	0 	60 	71 	0.8 	125 	0 	0 	1 	1 	1 	3.5	0 	0 	0 	0 	0 	0 	0	0	0	0	1	0	0	0	0	0	0	0	0	0	0	0	0	0	0	0	0	0	0	0	0	0	0	0	1	41	1	3	0	0	0	0	0	0	0	0	0	0	0	0	0	0	0	0	0	0	0	0	0	0	0	0	0	1	0	0	0	0	0	0	0	0	0	0	0	0	0	0	0	0	0	0	0	0	0	0	0	0	0 	0 	66	82	0 	0 	0 	0 	0	0	0	0	0	0	0	0	0	0	0	0	0	0	4	0		//	-19			-18		-37	-7.4	-5	8
	30078	0	0	흑철_채찍검_3등급아이템	31173	0	0	31157	0	503	503	2503	39999	0	6	0	6	0	Null	0	Null	0	0	0	0	3	39	8516	1	1200	1200	0	0	1	0	0	0	0	15	0	0	0	0	0	0	0 	0 	70 	85 	0.8 	125 	0 	0 	1 	1 	1 	3.5	0 	0 	0 	0 	0 	0 	0	0	0	0	1	0	0	0	0	0	0	0	0	0	0	0	0	0	0	0	0	0	0	0	0	0	0	0	1	41	1	3	0	0	0	0	0	0	0	0	0	0	0	0	0	0	0	0	0	0	0	0	0	0	0	0	0	1	0	0	0	0	0	0	0	0	0	0	0	0	0	0	0	0	0	0	0	0	0	0	0	0	0 	0 	77	98	0 	0 	0 	0 	0	0	0	0	0	0	0	0	0	0	0	0	0	0	4	0		//	-19			-18		-37	-7.4	-5	15
	30079	0	0	배신자를위한_채찍검_4등급아이템	31174	0	0	31157	0	504	504	2504	39999	0	6	0	6	0	Null	0	Null	0	0	0	0	4	44	8336	1	1900	1900	0	0	1	0	0	0	0	22	0	0	0	0	0	0	0 	0 	82 	99 	0.8 	125 	0 	0 	1 	1 	1 	3.5	0 	0 	0 	0 	0 	0 	0	0	0	0	1	0	0	0	0	0	0	0	0	0	0	0	0	0	0	0	0	0	0	0	0	0	0	0	1	41	1	3	0	0	0	0	0	0	0	0	0	0	0	0	0	0	0	0	0	0	0	0	0	0	0	0	0	1	0	0	0	0	0	0	0	0	0	0	0	0	0	0	0	0	0	0	0	0	0	0	0	0	0 	0 	90	114	0 	0 	0 	0 	0	0	0	0	0	0	0	0	0	0	0	0	0	0	4	0		//	-19			-18		-37	-7.4	-5	22
	30080	0	0	비명의관통_채찍검_5등급아이템	31175	0	0	31157	0	505	505	2505	39999	0	6	0	6	0	Null	0	Null	0	0	0	0	5	49	8154	1	2900	2900	0	0	1	0	0	0	0	29	0	0	0	0	0	0	0 	0 	97 	116 	0.8 	125 	0 	0 	1 	1 	1 	3.5	0 	0 	0 	0 	0 	0 	0	0	0	0	1	0	0	0	0	0	0	0	0	0	0	0	0	0	0	0	0	0	0	0	0	0	0	0	1	41	1	3	0	0	0	0	0	0	0	0	0	0	0	0	0	0	0	0	0	0	0	0	0	0	0	0	0	1	0	0	0	0	0	0	0	0	0	0	0	0	0	0	0	0	0	0	0	0	0	0	0	0	0 	0 	107	133	0 	0 	0 	0 	0	0	0	0	0	0	0	0	0	0	0	0	0	0	4	0		//	-19			-18		-37	-7.4	-5	29
	30081	0	0	아리아드네의손톱_채찍검_6등급아이템	31176	0	0	31157	0	506	506	2506	39999	0	6	0	6	0	Null	0	Null	0	0	0	0	6	54	7972	1	4500	4500	0	0	1	0	0	0	0	36	0	0	0	0	0	0	0 	0 	113 	136 	0.8 	125 	0 	0 	1 	1 	1 	3.5	0 	0 	0 	0 	0 	0 	0	0	0	0	1	0	0	0	0	0	0	0	0	0	0	0	0	0	0	0	0	0	0	0	0	0	0	0	1	41	1	3	0	0	0	0	0	0	0	0	0	0	0	0	0	0	0	0	0	0	0	0	0	0	0	0	0	1	0	0	0	0	0	0	0	0	0	0	0	0	0	0	0	0	0	0	0	0	0	0	0	0	0 	0 	124	156	0 	0 	0 	0 	0	0	0	0	0	0	0	0	0	0	0	0	0	0	4	0		//	-19			-18		-37	-7.4	-5	36
	30082	0	0	암묵적사념체_채찍검_7등급아이템	31177	0	0	31157	0	507	507	2507	39999	0	6	0	6	0	Null	0	Null	0	0	0	0	7	59	7792	1	6900	6900	0	0	1	0	0	0	0	43	0	0	0	0	0	0	0 	0 	132 	159 	0.8 	125 	0 	0 	1 	1 	1 	3.5	0 	0 	0 	0 	0 	0 	0	0	0	0	1	0	0	0	0	0	0	0	0	0	0	0	0	0	0	0	0	0	0	0	0	0	0	0	1	41	1	3	0	0	0	0	0	0	0	0	0	0	0	0	0	0	0	0	0	0	0	0	0	0	0	0	0	1	0	0	0	0	0	0	0	0	0	0	0	0	0	0	0	0	0	0	0	0	0	0	0	0	0 	0 	145	183	0 	0 	0 	0 	0	0	0	0	0	0	0	0	0	0	0	0	0	0	4	0		//	-19			-18		-37	-7.4	-5	43
	30083	0	0	그림자영창곡_채찍검_8등급아이템	31178	0	0	31157	0	508	508	2508	39999	0	6	0	6	0	Null	0	Null	0	0	0	0	8	64	7610	1	10700	10700	0	0	1	0	0	0	0	50	0	0	0	0	0	0	0 	0 	155 	186 	0.8 	125 	0 	0 	1 	1 	1 	3.5	0 	0 	0 	0 	0 	0 	0	0	0	0	1	0	0	0	0	0	0	0	0	0	0	0	0	0	0	0	0	0	0	0	0	0	0	0	1	41	1	3	0	0	0	0	0	0	0	0	0	0	0	0	0	0	0	0	0	0	0	0	0	0	0	0	0	1	0	0	0	0	0	0	0	0	0	0	0	0	0	0	0	0	0	0	0	0	0	0	0	0	0 	0 	171	214	0 	0 	0 	0 	0	0	0	0	0	0	0	0	0	0	0	0	0	0	4	0		//	-19			-18		-37	-7.4	-5	50
	30084	0	0	지옥의클라르테_채찍검_9등급아이템	31179	0	0	31157	0	509	509	2509	39999	0	6	0	6	0	Null	0	Null	0	0	0	0	9	69	7430	1	16700	16700	0	0	1	0	0	0	0	57	0	0	0	0	0	0	0 	0 	182 	218 	0.8 	125 	0 	0 	1 	1 	1 	3.5	0 	0 	0 	0 	0 	0 	0	0	0	0	1	0	0	0	0	0	0	0	0	0	0	0	0	0	0	0	0	0	0	0	0	0	0	0	1	41	1	3	0	0	0	0	0	0	0	0	0	0	0	0	0	0	0	0	0	0	0	0	0	0	0	0	0	1	0	0	0	0	0	0	0	0	0	0	0	0	0	0	0	0	0	0	0	0	0	0	0	0	0 	0 	200	251	0 	0 	0 	0 	0	0	0	0	0	0	0	0	0	0	0	0	0	0	4	0		//	-19			-18		-37	-7.4	-5	57
	30085	0	0	사형집행자_채찍검_10등급아이템	31180	0	0	31157	0	510	510	2510	39999	0	6	0	6	0	Null	0	Null	0	0	0	0	10	74	7248	1	25800	25800	0	0	1	0	0	0	0	64	0	0	0	0	0	0	0 	0 	212 	255 	0.8 	125 	0 	0 	1 	1 	1 	3.5	0 	0 	0 	0 	0 	0 	0	0	0	0	1	0	0	0	0	0	0	0	0	0	0	0	0	0	0	0	0	0	0	0	0	0	0	0	1	41	1	3	0	0	0	0	0	0	0	0	0	0	0	0	0	0	0	0	0	0	0	0	0	0	0	0	0	1	0	0	0	0	0	0	0	0	0	0	0	0	0	0	0	0	0	0	0	0	0	0	0	0	0 	0 	233	293	0 	0 	0 	0 	0	0	0	0	0	0	0	0	0	0	0	0	0	0	4	0		//	-19			-18		-37	-7.4	-5	64
//	30086	0	0	미정_채찍검_11등급아이템	30191	0	0	31157	0	511	511	2511	39999	0	6	0	6	0	Null	0	Null	0	0	0	0	11	79	7066	1	40000	40000	0	0	1	0	0	0	0	71	0	0	0	0	0	0	0 	0 	249 	298 	0.8 	125 	0 	0 	1 	1 	1 	3.5	0 	0 	0 	0 	0 	0 	0	0	0	0	1	0	0	0	0	0	0	0	0	0	0	0	0	0	0	0	0	0	0	0	0	0	0	0	1	41	1	3	0	0	0	0	0	0	0	0	0	0	0	0	0	0	0	0	0	0	0	0	0	0	0	0	0	1	0	0	0	0	0	0	0	0	0	0	0	0	0	0	0	0	0	0	0	0	0	0	0	0	0 	0 	274	343	0 	0 	0 	0 	0	0	0	0	0	0	0	0	0	0	0	0	0	0	4	0		//	-19			-18		-37	-7.4	-5	71
//	30087	0	0	미정_채찍검_12등급아이템	30192	0	0	31157	0	512	512	2512	39999	0	6	0	6	0	Null	0	Null	0	0	0	0	12	84	6886	1	62000	62000	0	0	1	0	0	0	0	78	0	0	0	0	0	0	0 	0 	292 	349 	0.8 	125 	0 	0 	1 	1 	1 	3.5	0 	0 	0 	0 	0 	0 	0	0	0	0	1	0	0	0	0	0	0	0	0	0	0	0	0	0	0	0	0	0	0	0	0	0	0	0	1	41	1	3	0	0	0	0	0	0	0	0	0	0	0	0	0	0	0	0	0	0	0	0	0	0	0	0	0	1	0	0	0	0	0	0	0	0	0	0	0	0	0	0	0	0	0	0	0	0	0	0	0	0	0 	0 	321	401	0 	0 	0 	0 	0	0	0	0	0	0	0	0	0	0	0	0	0	0	4	0		//	-19			-18		-37	-7.4	-5	78
//	30088	0	0	미정_채찍검_13등급아이템	30193	0	0	31157	0	513	513	2513	39999	0	6	0	6	0	Null	0	Null	0	0	0	0	13	88	6704	1	96200	96200	0	0	1	0	0	0	0	85	0	0	0	0	0	0	0 	0 	342 	409 	0.8 	125 	0 	0 	1 	1 	1 	3.5	0 	0 	0 	0 	0 	0 	0	0	0	0	1	0	0	0	0	0	0	0	0	0	0	0	0	0	0	0	0	0	0	0	0	0	0	0	1	41	1	3	0	0	0	0	0	0	0	0	0	0	0	0	0	0	0	0	0	0	0	0	0	0	0	0	0	1	0	0	0	0	0	0	0	0	0	0	0	0	0	0	0	0	0	0	0	0	0	0	0	0	0 	0 	376	470	0 	0 	0 	0 	0	0	0	0	0	0	0	0	0	0	0	0	0	0	4	0		//	-19			-18		-37	-7.4	-5	85
//	30089	0	0	미정_채찍검_14등급아이템	30194	0	0	31157	0	514	514	2514	39999	0	6	0	6	0	Null	0	Null	0	0	0	0	14	93	6524	1	149000	149000	0	0	1	0	0	0	0	92	0	0	0	0	0	0	0 	0 	400 	479 	0.8 	125 	0 	0 	1 	1 	1 	3.5	0 	0 	0 	0 	0 	0 	0	0	0	0	1	0	0	0	0	0	0	0	0	0	0	0	0	0	0	0	0	0	0	0	0	0	0	0	1	41	1	3	0	0	0	0	0	0	0	0	0	0	0	0	0	0	0	0	0	0	0	0	0	0	0	0	0	1	0	0	0	0	0	0	0	0	0	0	0	0	0	0	0	0	0	0	0	0	0	0	0	0	0 	0 	440	551	0 	0 	0 	0 	0	0	0	0	0	0	0	0	0	0	0	0	0	0	4	0		//	-19			-18		-37	-7.4	-5	92
//	30090	0	0	미정_채찍검_15등급아이템	30195	0	0	31157	0	515	515	2515	39999	0	6	0	6	0	Null	0	Null	0	0	0	0	15	98	6342	1	231000	231000	0	0	1	0	0	0	0	99	0	0	0	0	0	0	0 	0 	468 	561 	0.8 	125 	0 	0 	1 	1 	1 	3.5	0 	0 	0 	0 	0 	0 	0	0	0	0	1	0	0	0	0	0	0	0	0	0	0	0	0	0	0	0	0	0	0	0	0	0	0	0	1	41	1	3	0	0	0	0	0	0	0	0	0	0	0	0	0	0	0	0	0	0	0	0	0	0	0	0	0	1	0	0	0	0	0	0	0	0	0	0	0	0	0	0	0	0	0	0	0	0	0	0	0	0	0 	0 	515	645	0 	0 	0 	0 	0	0	0	0	0	0	0	0	0	0	0	0	0	0	4	0		//	-19			-18		-37	-7.4	-5	99
	30091	0	0	대나무_한손석궁_1등급아이템	30211	0	0	30007	0	601	601	2601	39999	0	7	0	7	0	Null	0	Null	0	0	0	0	1	25	8430	1	25	25	0	0	1	0	0	0	0	1	0	0	0	0	0	0	0 	0 	38 	43 	0.8 	150 	0 	0 	2 	2 	2	19 	0 	0 	0 	0 	0 	0 	0	0	0	0	0	1	0	0	0	0	0	0	0	0	0	0	0	0	0	0	0	0	0	0	0	0	0	0	1	41	1	2	0	0	0	0	0	0	0	0	0	0	0	0	0	0	0	0	0	0	0	0	0	0	0	0	0	1	0	0	0	0	0	0	0	0	0	0	0	0	0	0	0	0	0	0	0	0	0	0	0	0	0 	0 	42	49	0 	0 	0 	0 	0	0	0	0	0	0	0	0	0	0	0	0	0	0	4	0		//	-16	-23				-39	-7.8	-5	1
	30092	0	0	떡갈나무_한손석궁_2등급아이템	30212	0	0	30007	0	602	602	2602	39999	0	7	0	7	0	Null	0	Null	0	0	0	0	2	29	8092	1	800	800	0	0	1	0	0	0	0	8	0	0	0	0	0	0	0 	0 	44 	51 	0.8 	150 	0 	0 	2 	2 	2	19 	0 	0 	0 	0 	0 	0 	0	0	0	0	0	1	0	0	0	0	0	0	0	0	0	0	0	0	0	0	0	0	0	0	0	0	0	0	1	41	1	2	0	0	0	0	0	0	0	0	0	0	0	0	0	0	0	0	0	0	0	0	0	0	0	0	0	1	0	0	0	0	0	0	0	0	0	0	0	0	0	0	0	0	0	0	0	0	0	0	0	0	0 	0 	48	59	0 	0 	0 	0 	0	0	0	0	0	0	0	0	0	0	0	0	0	0	4	0		//	-16	-23				-39	-7.8	-5	8
	30093	0	0	주석_한손석궁_3등급아이템	30213	0	0	30007	0	603	603	2603	39999	0	7	0	7	0	Null	0	Null	0	0	0	0	3	34	7924	1	1200	1200	0	0	1	0	0	0	0	15	0	0	0	0	0	0	0 	0 	53 	60 	0.8 	150 	0 	0 	2 	2 	2	19 	0 	0 	0 	0 	0 	0 	0	0	0	0	0	1	0	0	0	0	0	0	0	0	0	0	0	0	0	0	0	0	0	0	0	0	0	0	1	41	1	2	0	0	0	0	0	0	0	0	0	0	0	0	0	0	0	0	0	0	0	0	0	0	0	0	0	1	0	0	0	0	0	0	0	0	0	0	0	0	0	0	0	0	0	0	0	0	0	0	0	0	0 	0 	58	69	0 	0 	0 	0 	0	0	0	0	0	0	0	0	0	0	0	0	0	0	4	0		//	-16	-23				-39	-7.8	-5	15
	30094	0	0	강철_한손석궁_4등급아이템	30214	0	0	30007	0	604	604	2604	39999	0	7	0	7	0	Null	0	Null	0	0	0	0	4	38	7756	1	1900	1900	0	0	1	0	0	0	0	22	0	0	0	0	0	0	0 	0 	62 	71 	0.8 	150 	0 	0 	2 	2 	2	19 	0 	0 	0 	0 	0 	0 	0	0	0	0	0	1	0	0	0	0	0	0	0	0	0	0	0	0	0	0	0	0	0	0	0	0	0	0	1	41	1	2	0	0	0	0	0	0	0	0	0	0	0	0	0	0	0	0	0	0	0	0	0	0	0	0	0	1	0	0	0	0	0	0	0	0	0	0	0	0	0	0	0	0	0	0	0	0	0	0	0	0	0 	0 	68	82	0 	0 	0 	0 	0	0	0	0	0	0	0	0	0	0	0	0	0	0	4	0		//	-16	-23				-39	-7.8	-5	22
	30095	0	0	속사_한손석궁_5등급아이템	30215	0	0	30007	0	605	605	2605	39999	0	7	0	7	0	Null	0	Null	0	0	0	0	5	43	7588	1	2900	2900	0	0	1	0	0	0	0	29	0	0	0	0	0	0	0 	0 	72 	83 	0.8 	150 	0 	0 	2 	2 	2	19 	0 	0 	0 	0 	0 	0 	0	0	0	0	0	1	0	0	0	0	0	0	0	0	0	0	0	0	0	0	0	0	0	0	0	0	0	0	1	41	1	2	0	0	0	0	0	0	0	0	0	0	0	0	0	0	0	0	0	0	0	0	0	0	0	0	0	1	0	0	0	0	0	0	0	0	0	0	0	0	0	0	0	0	0	0	0	0	0	0	0	0	0 	0 	79	95	0 	0 	0 	0 	0	0	0	0	0	0	0	0	0	0	0	0	0	0	4	0		//	-16	-23				-39	-7.8	-5	29
	30096	0	0	리베호수_한손석궁_6등급아이템	30216	0	0	30007	0	606	606	2606	39999	0	7	0	7	0	Null	0	Null	0	0	0	0	6	47	7418	1	4500	4500	0	0	1	0	0	0	0	36	0	0	0	0	0	0	0 	0 	84 	97 	0.8 	150 	0 	0 	2 	2 	2	19 	0 	0 	0 	0 	0 	0 	0	0	0	0	0	1	0	0	0	0	0	0	0	0	0	0	0	0	0	0	0	0	0	0	0	0	0	0	1	41	1	2	0	0	0	0	0	0	0	0	0	0	0	0	0	0	0	0	0	0	0	0	0	0	0	0	0	1	0	0	0	0	0	0	0	0	0	0	0	0	0	0	0	0	0	0	0	0	0	0	0	0	0 	0 	92	112	0 	0 	0 	0 	0	0	0	0	0	0	0	0	0	0	0	0	0	0	4	0		//	-16	-23				-39	-7.8	-5	36
	30097	0	0	경이로운자_한손석궁_7등급아이템	30217	0	0	30007	0	607	607	2607	39999	0	7	0	7	0	Null	0	Null	0	0	0	0	7	52	7250	1	6900	6900	0	0	1	0	0	0	0	43	0	0	0	0	0	0	0 	0 	99 	114 	0.8 	150 	0 	0 	2 	2 	2	19 	0 	0 	0 	0 	0 	0 	0	0	0	0	0	1	0	0	0	0	0	0	0	0	0	0	0	0	0	0	0	0	0	0	0	0	0	0	1	41	1	2	0	0	0	0	0	0	0	0	0	0	0	0	0	0	0	0	0	0	0	0	0	0	0	0	0	1	0	0	0	0	0	0	0	0	0	0	0	0	0	0	0	0	0	0	0	0	0	0	0	0	0 	0 	109	131	0 	0 	0 	0 	0	0	0	0	0	0	0	0	0	0	0	0	0	0	4	0		//	-16	-23				-39	-7.8	-5	43
	30098	0	0	진노한나자린_한손석궁_8등급아이템	30218	0	0	30007	0	608	608	2608	39999	0	7	0	7	0	Null	0	Null	0	0	0	0	8	56	7082	1	10700	10700	0	0	1	0	0	0	0	50	0	0	0	0	0	0	0 	0 	116 	133 	0.8 	150 	0 	0 	2 	2 	2	19 	0 	0 	0 	0 	0 	0 	0	0	0	0	0	1	0	0	0	0	0	0	0	0	0	0	0	0	0	0	0	0	0	0	0	0	0	0	1	41	1	2	0	0	0	0	0	0	0	0	0	0	0	0	0	0	0	0	0	0	0	0	0	0	0	0	0	1	0	0	0	0	0	0	0	0	0	0	0	0	0	0	0	0	0	0	0	0	0	0	0	0	0 	0 	128	153	0 	0 	0 	0 	0	0	0	0	0	0	0	0	0	0	0	0	0	0	4	0		//	-16	-23				-39	-7.8	-5	50
	30099	0	0	비밀숲_한손석궁_9등급아이템	30219	0	0	30007	0	609	609	2609	39999	0	7	0	7	0	Null	0	Null	0	0	0	0	9	61	6912	1	16700	16700	0	0	1	0	0	0	0	57	0	0	0	0	0	0	0 	0 	136 	157 	0.8 	150 	0 	0 	2 	2 	2	19 	0 	0 	0 	0 	0 	0 	0	0	0	0	0	1	0	0	0	0	0	0	0	0	0	0	0	0	0	0	0	0	0	0	0	0	0	0	1	41	1	2	0	0	0	0	0	0	0	0	0	0	0	0	0	0	0	0	0	0	0	0	0	0	0	0	0	1	0	0	0	0	0	0	0	0	0	0	0	0	0	0	0	0	0	0	0	0	0	0	0	0	0 	0 	150	181	0 	0 	0 	0 	0	0	0	0	0	0	0	0	0	0	0	0	0	0	4	0		//	-16	-23				-39	-7.8	-5	57
	30100	0	0	디스트럭션키스_한손석궁_10등급아이템	30220	0	0	30007	0	610	610	2610	39999	0	7	0	7	0	Null	0	Null	0	0	0	0	10	66	6744	1	25800	25800	0	0	1	0	0	0	0	64	0	0	0	0	0	0	0 	0 	159 	184 	0.8 	150 	0 	0 	2 	2 	2	19 	0 	0 	0 	0 	0 	0 	0	0	0	0	0	1	0	0	0	0	0	0	0	0	0	0	0	0	0	0	0	0	0	0	0	0	0	0	1	41	1	2	0	0	0	0	0	0	0	0	0	0	0	0	0	0	0	0	0	0	0	0	0	0	0	0	0	1	0	0	0	0	0	0	0	0	0	0	0	0	0	0	0	0	0	0	0	0	0	0	0	0	0 	0 	175	212	0 	0 	0 	0 	0	0	0	0	0	0	0	0	0	0	0	0	0	0	4	0		//	-16	-23				-39	-7.8	-5	64
//	30101	0	0	겸허한이노슨_한손석궁_11등급아이템	30221	0	0	30007	0	611	611	2611	39999	0	7	0	7	0	Null	0	Null	0	0	0	0	11	70	6576	1	40000	40000	0	0	1	0	0	0	0	71	0	0	0	0	0	0	0 	0 	186 	215 	0.8 	150 	0 	0 	2 	2 	2	19 	0 	0 	0 	0 	0 	0 	0	0	0	0	0	1	0	0	0	0	0	0	0	0	0	0	0	0	0	0	0	0	0	0	0	0	0	0	1	41	1	2	0	0	0	0	0	0	0	0	0	0	0	0	0	0	0	0	0	0	0	0	0	0	0	0	0	1	0	0	0	0	0	0	0	0	0	0	0	0	0	0	0	0	0	0	0	0	0	0	0	0	0 	0 	205	247	0 	0 	0 	0 	0	0	0	0	0	0	0	0	0	0	0	0	0	0	4	0		//	-16	-23				-39	-7.8	-5	71
//	30102	0	0	궁사라우펜_한손석궁_12등급아이템	30222	0	0	30007	0	612	612	2612	39999	0	7	0	7	0	Null	0	Null	0	0	0	0	12	75	6406	1	62000	62000	0	0	1	0	0	0	0	78	0	0	0	0	0	0	0 	0 	218 	251 	0.8 	150 	0 	0 	2 	2 	2	19 	0 	0 	0 	0 	0 	0 	0	0	0	0	0	1	0	0	0	0	0	0	0	0	0	0	0	0	0	0	0	0	0	0	0	0	0	0	1	41	1	2	0	0	0	0	0	0	0	0	0	0	0	0	0	0	0	0	0	0	0	0	0	0	0	0	0	1	0	0	0	0	0	0	0	0	0	0	0	0	0	0	0	0	0	0	0	0	0	0	0	0	0 	0 	240	289	0 	0 	0 	0 	0	0	0	0	0	0	0	0	0	0	0	0	0	0	4	0		//	-16	-23				-39	-7.8	-5	78
//	30103	0	0	잔혹한분노의_한손석궁_13등급아이템	30223	0	0	30007	0	613	613	2613	39999	0	7	0	7	0	Null	0	Null	0	0	0	0	13	79	6238	1	96200	96200	0	0	1	0	0	0	0	85	0	0	0	0	0	0	0 	0 	255 	294 	0.8 	150 	0 	0 	2 	2 	2	19 	0 	0 	0 	0 	0 	0 	0	0	0	0	0	1	0	0	0	0	0	0	0	0	0	0	0	0	0	0	0	0	0	0	0	0	0	0	1	41	1	2	0	0	0	0	0	0	0	0	0	0	0	0	0	0	0	0	0	0	0	0	0	0	0	0	0	1	0	0	0	0	0	0	0	0	0	0	0	0	0	0	0	0	0	0	0	0	0	0	0	0	0 	0 	281	338	0 	0 	0 	0 	0	0	0	0	0	0	0	0	0	0	0	0	0	0	4	0		//	-16	-23				-39	-7.8	-5	85
//	30104	0	0	검은태양의_한손석궁_14등급아이템	30224	0	0	30007	0	614	614	2614	39999	0	7	0	7	0	Null	0	Null	0	0	0	0	14	84	6070	1	149000	149000	0	0	1	0	0	0	0	92	0	0	0	0	0	0	0 	0 	299 	344 	0.8 	150 	0 	0 	2 	2 	2	19 	0 	0 	0 	0 	0 	0 	0	0	0	0	0	1	0	0	0	0	0	0	0	0	0	0	0	0	0	0	0	0	0	0	0	0	0	0	1	41	1	2	0	0	0	0	0	0	0	0	0	0	0	0	0	0	0	0	0	0	0	0	0	0	0	0	0	1	0	0	0	0	0	0	0	0	0	0	0	0	0	0	0	0	0	0	0	0	0	0	0	0	0 	0 	329	396	0 	0 	0 	0 	0	0	0	0	0	0	0	0	0	0	0	0	0	0	4	0		//	-16	-23				-39	-7.8	-5	92
//	30105	0	0	하늘정원의_한손석궁_15등급아이템	30225	0	0	30007	0	615	615	2615	39999	0	7	0	7	0	Null	0	Null	0	0	0	0	15	88	5902	1	231000	231000	0	0	1	0	0	0	0	99	0	0	0	0	0	0	0 	0 	350 	403 	0.8 	150 	0 	0 	2 	2 	2	19 	0 	0 	0 	0 	0 	0 	0	0	0	0	0	1	0	0	0	0	0	0	0	0	0	0	0	0	0	0	0	0	0	0	0	0	0	0	1	41	1	2	0	0	0	0	0	0	0	0	0	0	0	0	0	0	0	0	0	0	0	0	0	0	0	0	0	1	0	0	0	0	0	0	0	0	0	0	0	0	0	0	0	0	0	0	0	0	0	0	0	0	0 	0 	385	463	0 	0 	0 	0 	0	0	0	0	0	0	0	0	0	0	0	0	0	0	4	0		//	-16	-23				-39	-7.8	-5	99
	30106	0	0	금속_에테르웨폰_1등급아이템	30241	0	0	30008	0	701	701	2701	39999	0	8	0	8	0	Null	0	Null	0	0	0	0	1	25	5400	1	25	25	0	0	1	0	0	0	0	1	0	0	0	0	0	0	0 	0 	46 	61 	0.8 	105 	0 	0 	2 	2 	2 	16	0 	0 	0 	0 	0 	0 	0	0	0	0	0	1	0	0	0	0	0	0	0	0	0	0	0	0	0	0	0	0	0	0	0	0	0	0	1	41	1	3	0	0	0	0	0	0	0	0	0	0	0	0	0	0	0	0	0	0	0	0	0	0	0	0	0	1	0	0	0	0	0	0	0	0	0	0	0	0	0	0	0	0	0	0	0	0	0	0	0	0	0 	0 	51	70	0 	0 	0 	0 	0	0	0	0	0	0	0	0	0	0	0	0	0	0	4	0		//	-16	-23				-39	-7.8	-5	1
	30107	0	0	청동_에테르웨폰_2등급아이템	30242	0	0	30008	0	702	702	2702	39999	0	8	0	8	0	Null	0	Null	0	0	0	0	2	29	5184	1	800	800	0	0	1	0	0	0	0	8	0	0	0	0	0	0	0 	0 	55 	72 	0.8 	105 	0 	0 	2 	2 	2 	16	0 	0 	0 	0 	0 	0 	0	0	0	0	0	1	0	0	0	0	0	0	0	0	0	0	0	0	0	0	0	0	0	0	0	0	0	0	1	41	1	3	0	0	0	0	0	0	0	0	0	0	0	0	0	0	0	0	0	0	0	0	0	0	0	0	0	1	0	0	0	0	0	0	0	0	0	0	0	0	0	0	0	0	0	0	0	0	0	0	0	0	0 	0 	61	83	0 	0 	0 	0 	0	0	0	0	0	0	0	0	0	0	0	0	0	0	4	0		//	-16	-23				-39	-7.8	-5	8
	30108	0	0	주석_에테르웨폰_3등급아이템	30243	0	0	30008	0	703	703	2703	39999	0	8	0	8	0	Null	0	Null	0	0	0	0	3	34	5076	1	1200	1200	0	0	1	0	0	0	0	15	0	0	0	0	0	0	0 	0 	64 	85 	0.8 	105 	0 	0 	2 	2 	2 	16	0 	0 	0 	0 	0 	0 	0	0	0	0	0	1	0	0	0	0	0	0	0	0	0	0	0	0	0	0	0	0	0	0	0	0	0	0	1	41	1	3	0	0	0	0	0	0	0	0	0	0	0	0	0	0	0	0	0	0	0	0	0	0	0	0	0	1	0	0	0	0	0	0	0	0	0	0	0	0	0	0	0	0	0	0	0	0	0	0	0	0	0 	0 	70	98	0 	0 	0 	0 	0	0	0	0	0	0	0	0	0	0	0	0	0	0	4	0		//	-16	-23				-39	-7.8	-5	15
	30109	0	0	강철_에테르웨폰_4등급아이템	30244	0	0	30008	0	704	704	2704	39999	0	8	0	8	0	Null	0	Null	0	0	0	0	4	38	4968	1	1900	1900	0	0	1	0	0	0	0	22	0	0	0	0	0	0	0 	0 	74 	99 	0.8 	105 	0 	0 	2 	2 	2 	16	0 	0 	0 	0 	0 	0 	0	0	0	0	0	1	0	0	0	0	0	0	0	0	0	0	0	0	0	0	0	0	0	0	0	0	0	0	1	41	1	3	0	0	0	0	0	0	0	0	0	0	0	0	0	0	0	0	0	0	0	0	0	0	0	0	0	1	0	0	0	0	0	0	0	0	0	0	0	0	0	0	0	0	0	0	0	0	0	0	0	0	0 	0 	81	114	0 	0 	0 	0 	0	0	0	0	0	0	0	0	0	0	0	0	0	0	4	0		//	-16	-23				-39	-7.8	-5	22
	30110	0	0	천둥소리_에테르웨폰_5등급아이템	30245	0	0	30008	0	705	705	2705	39999	0	8	0	8	0	Null	0	Null	0	0	0	0	5	43	4860	1	2900	2900	0	0	1	0	0	0	0	29	0	0	0	0	0	0	0 	0 	87 	116 	0.8 	105 	0 	0 	2 	2 	2 	16	0 	0 	0 	0 	0 	0 	0	0	0	0	0	1	0	0	0	0	0	0	0	0	0	0	0	0	0	0	0	0	0	0	0	0	0	0	1	41	1	3	0	0	0	0	0	0	0	0	0	0	0	0	0	0	0	0	0	0	0	0	0	0	0	0	0	1	0	0	0	0	0	0	0	0	0	0	0	0	0	0	0	0	0	0	0	0	0	0	0	0	0 	0 	96	133	0 	0 	0 	0 	0	0	0	0	0	0	0	0	0	0	0	0	0	0	4	0		//	-16	-23				-39	-7.8	-5	29
	30111	0	0	코르닉_에테르웨폰_6등급아이템	30246	0	0	30008	0	706	706	2706	39999	0	8	0	8	0	Null	0	Null	0	0	0	0	6	47	4752	1	4500	4500	0	0	1	0	0	0	0	36	0	0	0	0	0	0	0 	0 	103 	136 	0.8 	105 	0 	0 	2 	2 	2 	16	0 	0 	0 	0 	0 	0 	0	0	0	0	0	1	0	0	0	0	0	0	0	0	0	0	0	0	0	0	0	0	0	0	0	0	0	0	1	41	1	3	0	0	0	0	0	0	0	0	0	0	0	0	0	0	0	0	0	0	0	0	0	0	0	0	0	1	0	0	0	0	0	0	0	0	0	0	0	0	0	0	0	0	0	0	0	0	0	0	0	0	0 	0 	113	156	0 	0 	0 	0 	0	0	0	0	0	0	0	0	0	0	0	0	0	0	4	0		//	-16	-23				-39	-7.8	-5	36
	30112	0	0	백발백중_에테르웨폰_7등급아이템	30247	0	0	30008	0	707	707	2707	39999	0	8	0	8	0	Null	0	Null	0	0	0	0	7	52	4644	1	6900	6900	0	0	1	0	0	0	0	43	0	0	0	0	0	0	0 	0 	120 	159 	0.8 	105 	0 	0 	2 	2 	2 	16	0 	0 	0 	0 	0 	0 	0	0	0	0	0	1	0	0	0	0	0	0	0	0	0	0	0	0	0	0	0	0	0	0	0	0	0	0	1	41	1	3	0	0	0	0	0	0	0	0	0	0	0	0	0	0	0	0	0	0	0	0	0	0	0	0	0	1	0	0	0	0	0	0	0	0	0	0	0	0	0	0	0	0	0	0	0	0	0	0	0	0	0 	0 	132	183	0 	0 	0 	0 	0	0	0	0	0	0	0	0	0	0	0	0	0	0	4	0		//	-16	-23				-39	-7.8	-5	43
	30113	0	0	명사수콘시_에테르웨폰_8등급아이템	30248	0	0	30008	0	708	708	2708	39999	0	8	0	8	0	Null	0	Null	0	0	0	0	8	56	4536	1	10700	10700	0	0	1	0	0	0	0	50	0	0	0	0	0	0	0 	0 	141 	186 	0.8 	105 	0 	0 	2 	2 	2 	16	0 	0 	0 	0 	0 	0 	0	0	0	0	0	1	0	0	0	0	0	0	0	0	0	0	0	0	0	0	0	0	0	0	0	0	0	0	1	41	1	3	0	0	0	0	0	0	0	0	0	0	0	0	0	0	0	0	0	0	0	0	0	0	0	0	0	1	0	0	0	0	0	0	0	0	0	0	0	0	0	0	0	0	0	0	0	0	0	0	0	0	0 	0 	155	214	0 	0 	0 	0 	0	0	0	0	0	0	0	0	0	0	0	0	0	0	4	0		//	-16	-23				-39	-7.8	-5	50
	30114	0	0	이방인의_에테르웨폰_9등급아이템	30249	0	0	30008	0	709	709	2709	39999	0	8	0	8	0	Null	0	Null	0	0	0	0	9	61	4428	1	16700	16700	0	0	1	0	0	0	0	57	0	0	0	0	0	0	0 	0 	165 	218 	0.8 	105 	0 	0 	2 	2 	2 	16	0 	0 	0 	0 	0 	0 	0	0	0	0	0	1	0	0	0	0	0	0	0	0	0	0	0	0	0	0	0	0	0	0	0	0	0	0	1	41	1	3	0	0	0	0	0	0	0	0	0	0	0	0	0	0	0	0	0	0	0	0	0	0	0	0	0	1	0	0	0	0	0	0	0	0	0	0	0	0	0	0	0	0	0	0	0	0	0	0	0	0	0 	0 	182	251	0 	0 	0 	0 	0	0	0	0	0	0	0	0	0	0	0	0	0	0	4	0		//	-16	-23				-39	-7.8	-5	57
	30115	0	0	인피니티버스트_에테르웨폰_10등급아이템	30250	0	0	30008	0	710	710	2710	39999	0	8	0	8	0	Null	0	Null	0	0	0	0	10	66	4320	1	25800	25800	0	0	1	0	0	0	0	64	0	0	0	0	0	0	0 	0 	193 	256 	0.8 	105 	0 	0 	2 	2 	2 	16	0 	0 	0 	0 	0 	0 	0	0	0	0	0	1	0	0	0	0	0	0	0	0	0	0	0	0	0	0	0	0	0	0	0	0	0	0	1	41	1	3	0	0	0	0	0	0	0	0	0	0	0	0	0	0	0	0	0	0	0	0	0	0	0	0	0	1	0	0	0	0	0	0	0	0	0	0	0	0	0	0	0	0	0	0	0	0	0	0	0	0	0 	0 	212	294	0 	0 	0 	0 	0	0	0	0	0	0	0	0	0	0	0	0	0	0	4	0		//	-16	-23				-39	-7.8	-5	64
//	30116	0	0	의로운브리즈_에테르웨폰_11등급아이템	30251	0	0	30008	0	711	711	2711	39999	0	8	0	8	0	Null	0	Null	0	0	0	0	11	70	4212	1	40000	40000	0	0	1	0	0	0	0	71	0	0	0	0	0	0	0 	0 	226 	299 	0.8 	105 	0 	0 	2 	2 	2 	16	0 	0 	0 	0 	0 	0 	0	0	0	0	0	1	0	0	0	0	0	0	0	0	0	0	0	0	0	0	0	0	0	0	0	0	0	0	1	41	1	3	0	0	0	0	0	0	0	0	0	0	0	0	0	0	0	0	0	0	0	0	0	0	0	0	0	1	0	0	0	0	0	0	0	0	0	0	0	0	0	0	0	0	0	0	0	0	0	0	0	0	0 	0 	249	344	0 	0 	0 	0 	0	0	0	0	0	0	0	0	0	0	0	0	0	0	4	0		//	-16	-23				-39	-7.8	-5	71
//	30117	0	0	타우루_에테르웨폰_12등급아이템	30252	0	0	30008	0	712	712	2712	39999	0	8	0	8	0	Null	0	Null	0	0	0	0	12	75	4104	1	62000	62000	0	0	1	0	0	0	0	78	0	0	0	0	0	0	0 	0 	264 	351 	0.8 	105 	0 	0 	2 	2 	2 	16	0 	0 	0 	0 	0 	0 	0	0	0	0	0	1	0	0	0	0	0	0	0	0	0	0	0	0	0	0	0	0	0	0	0	0	0	0	1	41	1	3	0	0	0	0	0	0	0	0	0	0	0	0	0	0	0	0	0	0	0	0	0	0	0	0	0	1	0	0	0	0	0	0	0	0	0	0	0	0	0	0	0	0	0	0	0	0	0	0	0	0	0 	0 	290	404	0 	0 	0 	0 	0	0	0	0	0	0	0	0	0	0	0	0	0	0	4	0		//	-16	-23				-39	-7.8	-5	78
//	30118	0	0	전갈의일침_에테르웨폰_13등급아이템	30253	0	0	30008	0	713	713	2713	39999	0	8	0	8	0	Null	0	Null	0	0	0	0	13	79	3996	1	96200	96200	0	0	1	0	0	0	0	85	0	0	0	0	0	0	0 	0 	309 	410 	0.8 	105 	0 	0 	2 	2 	2 	16	0 	0 	0 	0 	0 	0 	0	0	0	0	0	1	0	0	0	0	0	0	0	0	0	0	0	0	0	0	0	0	0	0	0	0	0	0	1	41	1	3	0	0	0	0	0	0	0	0	0	0	0	0	0	0	0	0	0	0	0	0	0	0	0	0	0	1	0	0	0	0	0	0	0	0	0	0	0	0	0	0	0	0	0	0	0	0	0	0	0	0	0 	0 	340	472	0 	0 	0 	0 	0	0	0	0	0	0	0	0	0	0	0	0	0	0	4	0		//	-16	-23				-39	-7.8	-5	85
//	30119	0	0	기적을일구는_에테르웨폰_14등급아이템	30254	0	0	30008	0	714	714	2714	39999	0	8	0	8	0	Null	0	Null	0	0	0	0	14	84	3888	1	149000	149000	0	0	1	0	0	0	0	92	0	0	0	0	0	0	0 	0 	362 	481 	0.8 	105 	0 	0 	2 	2 	2 	16	0 	0 	0 	0 	0 	0 	0	0	0	0	0	1	0	0	0	0	0	0	0	0	0	0	0	0	0	0	0	0	0	0	0	0	0	0	1	41	1	3	0	0	0	0	0	0	0	0	0	0	0	0	0	0	0	0	0	0	0	0	0	0	0	0	0	1	0	0	0	0	0	0	0	0	0	0	0	0	0	0	0	0	0	0	0	0	0	0	0	0	0 	0 	398	553	0 	0 	0 	0 	0	0	0	0	0	0	0	0	0	0	0	0	0	0	4	0		//	-16	-23				-39	-7.8	-5	92
//	30120	0	0	불사조의_에테르웨폰_15등급아이템	30255	0	0	30008	0	715	715	2715	39999	0	8	0	8	0	Null	0	Null	0	0	0	0	15	88	3780	1	231000	231000	0	0	1	0	0	0	0	99	0	0	0	0	0	0	0 	0 	423 	562 	0.8 	105 	0 	0 	2 	2 	2 	16	0 	0 	0 	0 	0 	0 	0	0	0	0	0	1	0	0	0	0	0	0	0	0	0	0	0	0	0	0	0	0	0	0	0	0	0	0	1	41	1	3	0	0	0	0	0	0	0	0	0	0	0	0	0	0	0	0	0	0	0	0	0	0	0	0	0	1	0	0	0	0	0	0	0	0	0	0	0	0	0	0	0	0	0	0	0	0	0	0	0	0	0 	0 	465	646	0 	0 	0 	0 	0	0	0	0	0	0	0	0	0	0	0	0	0	0	4	0		//	-16	-23				-39	-7.8	-5	99
	30137	0	0	가시넝쿨_지팡이_1등급아이템	30271	0	0	30009	0	801	801	2801	39999	0	10	0	10	0	Null	0	Null	0	0	0	0	1	21	11430	1	25	25	0	0	1	0	0	0	0	1	0	0	0	0	0	0	0 	0 	72 	75 	0.8 	95 	0 	0 	1 	1 	4 	2.5	0 	0 	0 	0 	0 	0 	0	0	0	0	0	0	1	0	0	0	0	0	0	0	0	0	0	0	0	0	0	0	0	0	0	0	0	0	1	41	1	1	0	0	0	0	0	0	0	0	0	0	0	0	0	0	0	0	0	0	0	0	0	0	0	0	0	1	0	0	0	0	0	0	0	0	0	0	0	0	0	0	0	0	0	0	0	0	0	0	0	0	0 	0 	79	86	0 	0 	0 	0 	0	0	0	0	0	0	0	0	0	0	0	0	0	0	4	0		//				-25	-22	-47	-9.4	-7	1
	30138	0	0	월넷_지팡이_2등급아이템	30272	0	0	30009	0	802	802	2802	39999	0	10	0	10	0	Null	0	Null	0	0	0	0	2	24	10972	1	800	800	0	0	1	0	0	0	0	8	0	0	0	0	0	0	0 	0 	85 	88 	0.8 	95 	0 	0 	1 	1 	4 	2.5	0 	0 	0 	0 	0 	0 	0	0	0	0	0	0	1	0	0	0	0	0	0	0	0	0	0	0	0	0	0	0	0	0	0	0	0	0	1	41	1	1	0	0	0	0	0	0	0	0	0	0	0	0	0	0	0	0	0	0	0	0	0	0	0	0	0	1	0	0	0	0	0	0	0	0	0	0	0	0	0	0	0	0	0	0	0	0	0	0	0	0	0 	0 	94	101	0 	0 	0 	0 	0	0	0	0	0	0	0	0	0	0	0	0	0	0	4	0		//				-25	-22	-47	-9.4	-7	8
	30139	0	0	상아_지팡이_3등급아이템	30273	0	0	30009	0	803	803	2803	39999	0	10	0	10	0	Null	0	Null	0	0	0	0	3	29	10744	1	1200	1200	0	0	1	0	0	0	0	15	0	0	0	0	0	0	0 	0 	99 	104 	0.8 	95 	0 	0 	1 	1 	4 	2.5	0 	0 	0 	0 	0 	0 	0	0	0	0	0	0	1	0	0	0	0	0	0	0	0	0	0	0	0	0	0	0	0	0	0	0	0	0	1	41	1	1	0	0	0	0	0	0	0	0	0	0	0	0	0	0	0	0	0	0	0	0	0	0	0	0	0	1	0	0	0	0	0	0	0	0	0	0	0	0	0	0	0	0	0	0	0	0	0	0	0	0	0 	0 	109	120	0 	0 	0 	0 	0	0	0	0	0	0	0	0	0	0	0	0	0	0	4	0		//				-25	-22	-47	-9.4	-7	15
	30140	0	0	크리스탈_지팡이_4등급아이템	30274	0	0	30009	0	804	804	2804	39999	0	10	0	10	0	Null	0	Null	0	0	0	0	4	33	10516	1	1900	1900	0	0	1	0	0	0	0	22	0	0	0	0	0	0	0 	0 	116 	121 	0.8 	95 	0 	0 	1 	1 	4 	2.5	0 	0 	0 	0 	0 	0 	0	0	0	0	0	0	1	0	0	0	0	0	0	0	0	0	0	0	0	0	0	0	0	0	0	0	0	0	1	41	1	1	0	0	0	0	0	0	0	0	0	0	0	0	0	0	0	0	0	0	0	0	0	0	0	0	0	1	0	0	0	0	0	0	0	0	0	0	0	0	0	0	0	0	0	0	0	0	0	0	0	0	0 	0 	128	139	0 	0 	0 	0 	0	0	0	0	0	0	0	0	0	0	0	0	0	0	4	0		//				-25	-22	-47	-9.4	-7	22
	30141	0	0	선지자의_지팡이_5등급아이템	30275	0	0	30009	0	805	805	2805	39999	0	10	0	10	0	Null	0	Null	0	0	0	0	5	37	10288	1	2900	2900	0	0	1	0	0	0	0	29	0	0	0	0	0	0	0 	0 	137 	142 	0.8 	95 	0 	0 	1 	1 	4 	2.5	0 	0 	0 	0 	0 	0 	0	0	0	0	0	0	1	0	0	0	0	0	0	0	0	0	0	0	0	0	0	0	0	0	0	0	0	0	1	41	1	1	0	0	0	0	0	0	0	0	0	0	0	0	0	0	0	0	0	0	0	0	0	0	0	0	0	1	0	0	0	0	0	0	0	0	0	0	0	0	0	0	0	0	0	0	0	0	0	0	0	0	0 	0 	151	163	0 	0 	0 	0 	0	0	0	0	0	0	0	0	0	0	0	0	0	0	4	0		//				-25	-22	-47	-9.4	-7	29
	30142	0	0	써클의_지팡이_6등급아이템	30276	0	0	30009	0	806	806	2806	39999	0	10	0	10	0	Null	0	Null	0	0	0	0	6	41	10058	1	4500	4500	0	0	1	0	0	0	0	36	0	0	0	0	0	0	0 	0 	160 	167 	0.8 	95 	0 	0 	1 	1 	4 	2.5	0 	0 	0 	0 	0 	0 	0	0	0	0	0	0	1	0	0	0	0	0	0	0	0	0	0	0	0	0	0	0	0	0	0	0	0	0	1	41	1	1	0	0	0	0	0	0	0	0	0	0	0	0	0	0	0	0	0	0	0	0	0	0	0	0	0	1	0	0	0	0	0	0	0	0	0	0	0	0	0	0	0	0	0	0	0	0	0	0	0	0	0 	0 	176	192	0 	0 	0 	0 	0	0	0	0	0	0	0	0	0	0	0	0	0	0	4	0		//				-25	-22	-47	-9.4	-7	36
	30143	0	0	신성한영혼의_지팡이_7등급아이템	30277	0	0	30009	0	807	807	2807	39999	0	10	0	10	0	Null	0	Null	0	0	0	0	7	45	9830	1	6900	6900	0	0	1	0	0	0	0	43	0	0	0	0	0	0	0 	0 	187 	194 	0.8 	95 	0 	0 	1 	1 	4 	2.5	0 	0 	0 	0 	0 	0 	0	0	0	0	0	0	1	0	0	0	0	0	0	0	0	0	0	0	0	0	0	0	0	0	0	0	0	0	1	41	1	1	0	0	0	0	0	0	0	0	0	0	0	0	0	0	0	0	0	0	0	0	0	0	0	0	0	1	0	0	0	0	0	0	0	0	0	0	0	0	0	0	0	0	0	0	0	0	0	0	0	0	0 	0 	206	223	0 	0 	0 	0 	0	0	0	0	0	0	0	0	0	0	0	0	0	0	4	0		//				-25	-22	-47	-9.4	-7	43
	30144	0	0	엘리멘탈_지팡이_8등급아이템	30278	0	0	30009	0	808	808	2808	39999	0	10	0	10	0	Null	0	Null	0	0	0	0	8	50	9602	1	10700	10700	0	0	1	0	0	0	0	50	0	0	0	0	0	0	0 	0 	219 	228 	0.8 	95 	0 	0 	1 	1 	4 	2.5	0 	0 	0 	0 	0 	0 	0	0	0	0	0	0	1	0	0	0	0	0	0	0	0	0	0	0	0	0	0	0	0	0	0	0	0	0	1	41	1	1	0	0	0	0	0	0	0	0	0	0	0	0	0	0	0	0	0	0	0	0	0	0	0	0	0	1	0	0	0	0	0	0	0	0	0	0	0	0	0	0	0	0	0	0	0	0	0	0	0	0	0 	0 	241	262	0 	0 	0 	0 	0	0	0	0	0	0	0	0	0	0	0	0	0	0	4	0		//				-25	-22	-47	-9.4	-7	50
	30145	0	0	무서운침묵의_지팡이_9등급아이템	30279	0	0	30009	0	809	809	2809	39999	0	10	0	10	0	Null	0	Null	0	0	0	0	9	54	9372	1	16700	16700	0	0	1	0	0	0	0	57	0	0	0	0	0	0	0 	0 	256 	267 	0.8 	95 	0 	0 	1 	1 	4 	2.5	0 	0 	0 	0 	0 	0 	0	0	0	0	0	0	1	0	0	0	0	0	0	0	0	0	0	0	0	0	0	0	0	0	0	0	0	0	1	41	1	1	0	0	0	0	0	0	0	0	0	0	0	0	0	0	0	0	0	0	0	0	0	0	0	0	0	1	0	0	0	0	0	0	0	0	0	0	0	0	0	0	0	0	0	0	0	0	0	0	0	0	0 	0 	282	307	0 	0 	0 	0 	0	0	0	0	0	0	0	0	0	0	0	0	0	0	4	0		//				-25	-22	-47	-9.4	-7	57
	30146	0	0	황홀한죽음의_지팡이_10등급아이템	30280	0	0	30009	0	810	810	2810	39999	0	10	0	10	0	Null	0	Null	0	0	0	0	10	58	9144	1	25800	25800	0	0	1	0	0	0	0	64	0	0	0	0	0	0	0 	0 	300 	313 	0.8 	95 	0 	0 	1 	1 	4 	2.5	0 	0 	0 	0 	0 	0 	0	0	0	0	0	0	1	0	0	0	0	0	0	0	0	0	0	0	0	0	0	0	0	0	0	0	0	0	1	41	1	1	0	0	0	0	0	0	0	0	0	0	0	0	0	0	0	0	0	0	0	0	0	0	0	0	0	1	0	0	0	0	0	0	0	0	0	0	0	0	0	0	0	0	0	0	0	0	0	0	0	0	0 	0 	330	360	0 	0 	0 	0 	0	0	0	0	0	0	0	0	0	0	0	0	0	0	4	0		//				-25	-22	-47	-9.4	-7	64
//	30147	0	0	견고한인내의_지팡이_11등급아이템	30281	0	0	30009	0	811	811	2811	39999	0	10	0	10	0	Null	0	Null	0	0	0	0	11	62	8916	1	40000	40000	0	0	1	0	0	0	0	71	0	0	0	0	0	0	0 	0 	351 	366 	0.8 	95 	0 	0 	1 	1 	4 	2.5	0 	0 	0 	0 	0 	0 	0	0	0	0	0	0	1	0	0	0	0	0	0	0	0	0	0	0	0	0	0	0	0	0	0	0	0	0	1	41	1	1	0	0	0	0	0	0	0	0	0	0	0	0	0	0	0	0	0	0	0	0	0	0	0	0	0	1	0	0	0	0	0	0	0	0	0	0	0	0	0	0	0	0	0	0	0	0	0	0	0	0	0 	0 	386	421	0 	0 	0 	0 	0	0	0	0	0	0	0	0	0	0	0	0	0	0	4	0		//				-25	-22	-47	-9.4	-7	71
//	30148	0	0	방랑자에피오스_지팡이_12등급아이템	30282	0	0	30009	0	812	812	2812	39999	0	10	0	10	0	Null	0	Null	0	0	0	0	12	66	8686	1	62000	62000	0	0	1	0	0	0	0	78	0	0	0	0	0	0	0 	0 	411 	428 	0.8 	95 	0 	0 	1 	1 	4 	2.5	0 	0 	0 	0 	0 	0 	0	0	0	0	0	0	1	0	0	0	0	0	0	0	0	0	0	0	0	0	0	0	0	0	0	0	0	0	1	41	1	1	0	0	0	0	0	0	0	0	0	0	0	0	0	0	0	0	0	0	0	0	0	0	0	0	0	1	0	0	0	0	0	0	0	0	0	0	0	0	0	0	0	0	0	0	0	0	0	0	0	0	0 	0 	452	492	0 	0 	0 	0 	0	0	0	0	0	0	0	0	0	0	0	0	0	0	4	0		//				-25	-22	-47	-9.4	-7	78
//	30149	0	0	길잃은천사의_지팡이_13등급아이템	30283	0	0	30009	0	813	813	2813	39999	0	10	0	10	0	Null	0	Null	0	0	0	0	13	71	8458	1	96200	96200	0	0	1	0	0	0	0	85	0	0	0	0	0	0	0 	0 	482 	501 	0.8 	95 	0 	0 	1 	1 	4 	2.5	0 	0 	0 	0 	0 	0 	0	0	0	0	0	0	1	0	0	0	0	0	0	0	0	0	0	0	0	0	0	0	0	0	0	0	0	0	1	41	1	1	0	0	0	0	0	0	0	0	0	0	0	0	0	0	0	0	0	0	0	0	0	0	0	0	0	1	0	0	0	0	0	0	0	0	0	0	0	0	0	0	0	0	0	0	0	0	0	0	0	0	0 	0 	530	576	0 	0 	0 	0 	0	0	0	0	0	0	0	0	0	0	0	0	0	0	4	0		//				-25	-22	-47	-9.4	-7	85
//	30150	0	0	대마법사라드의_지팡이_14등급아이템	30284	0	0	30009	0	814	814	2814	39999	0	10	0	10	0	Null	0	Null	0	0	0	0	14	75	8230	1	149000	149000	0	0	1	0	0	0	0	92	0	0	0	0	0	0	0 	0 	564 	587 	0.8 	95 	0 	0 	1 	1 	4 	2.5	0 	0 	0 	0 	0 	0 	0	0	0	0	0	0	1	0	0	0	0	0	0	0	0	0	0	0	0	0	0	0	0	0	0	0	0	0	1	41	1	1	0	0	0	0	0	0	0	0	0	0	0	0	0	0	0	0	0	0	0	0	0	0	0	0	0	1	0	0	0	0	0	0	0	0	0	0	0	0	0	0	0	0	0	0	0	0	0	0	0	0	0 	0 	620	675	0 	0 	0 	0 	0	0	0	0	0	0	0	0	0	0	0	0	0	0	4	0		//				-25	-22	-47	-9.4	-7	92
//	30151	0	0	대자연의융화_지팡이_15등급아이템	30285	0	0	30009	0	815	815	2815	39999	0	10	0	10	0	Null	0	Null	0	0	0	0	15	79	8002	1	231000	231000	0	0	1	0	0	0	0	99	0	0	0	0	0	0	0 	0 	660 	687 	0.8 	95 	0 	0 	1 	1 	4 	2.5	0 	0 	0 	0 	0 	0 	0	0	0	0	0	0	1	0	0	0	0	0	0	0	0	0	0	0	0	0	0	0	0	0	0	0	0	0	1	41	1	1	0	0	0	0	0	0	0	0	0	0	0	0	0	0	0	0	0	0	0	0	0	0	0	0	0	1	0	0	0	0	0	0	0	0	0	0	0	0	0	0	0	0	0	0	0	0	0	0	0	0	0 	0 	726	790	0 	0 	0 	0 	0	0	0	0	0	0	0	0	0	0	0	0	0	0	4	0		//				-25	-22	-47	-9.4	-7	99
	30152	0	0	유리_오브_1등급아이템	30301	0	0	30010	0	901	901	2901	39999	0	11	0	11	0	Null	0	Null	0	0	0	0	1	21	11100	1	25	25	0	0	1	0	0	0	0	1	0	0	0	0	0	0	0 	0 	58 	59 	0.8 	100 	0 	0 	2 	2 	4 	13	0 	0 	0 	0 	0 	0 	0	0	0	0	0	0	1	0	0	0	0	0	1	34	2	-5	0	0	0	0	0	0	0	0	0	0	0	0	1	41	1	1	0	0	0	0	0	0	0	0	0	0	0	0	0	0	0	0	0	0	0	0	0	0	0	0	0	1	0	0	0	0	0	0	0	0	0	0	0	0	0	0	0	0	0	0	0	0	0	0	0	0	0 	0 	64	68	0 	0 	0 	0 	0	0	0	0	0	0	0	0	0	0	0	0	0	0	4	0		//				-25	-22	-47	-9.4	-7	1
	30153	0	0	가넷_오브_2등급아이템	30302	0	0	30010	0	902	902	2902	39999	0	11	0	11	0	Null	0	Null	0	0	0	0	2	24	10656	1	800	800	0	0	1	0	0	0	0	8	0	0	0	0	0	0	0 	0 	68 	71 	0.8 	100 	0 	0 	2 	2 	4 	13	0 	0 	0 	0 	0 	0 	0	0	0	0	0	0	1	0	0	0	0	0	1	34	2	-5	0	0	0	0	0	0	0	0	0	0	0	0	1	41	1	1	0	0	0	0	0	0	0	0	0	0	0	0	0	0	0	0	0	0	0	0	0	0	0	0	0	1	0	0	0	0	0	0	0	0	0	0	0	0	0	0	0	0	0	0	0	0	0	0	0	0	0 	0 	75	82	0 	0 	0 	0 	0	0	0	0	0	0	0	0	0	0	0	0	0	0	4	0		//				-25	-22	-47	-9.4	-7	8
	30154	0	0	캣츠아이_오브_3등급아이템	30303	0	0	30010	0	903	903	2903	39999	0	11	0	11	0	Null	0	Null	0	0	0	0	3	29	10434	1	1200	1200	0	0	1	0	0	0	0	15	0	0	0	0	0	0	0 	0 	79 	82 	0.8 	100 	0 	0 	2 	2 	4 	13	0 	0 	0 	0 	0 	0 	0	0	0	0	0	0	1	0	0	0	0	0	1	34	2	-5	0	0	0	0	0	0	0	0	0	0	0	0	1	41	1	1	0	0	0	0	0	0	0	0	0	0	0	0	0	0	0	0	0	0	0	0	0	0	0	0	0	1	0	0	0	0	0	0	0	0	0	0	0	0	0	0	0	0	0	0	0	0	0	0	0	0	0 	0 	87	94	0 	0 	0 	0 	0	0	0	0	0	0	0	0	0	0	0	0	0	0	4	0		//				-25	-22	-47	-9.4	-7	15
	30155	0	0	자수정_오브_4등급아이템	30304	0	0	30010	0	904	904	2904	39999	0	11	0	11	0	Null	0	Null	0	0	0	0	4	33	10212	1	1900	1900	0	0	1	0	0	0	0	22	0	0	0	0	0	0	0 	0 	93 	96 	0.8 	100 	0 	0 	2 	2 	4 	13	0 	0 	0 	0 	0 	0 	0	0	0	0	0	0	1	0	0	0	0	0	1	34	2	-5	0	0	0	0	0	0	0	0	0	0	0	0	1	41	1	1	0	0	0	0	0	0	0	0	0	0	0	0	0	0	0	0	0	0	0	0	0	0	0	0	0	1	0	0	0	0	0	0	0	0	0	0	0	0	0	0	0	0	0	0	0	0	0	0	0	0	0 	0 	102	110	0 	0 	0 	0 	0	0	0	0	0	0	0	0	0	0	0	0	0	0	4	0		//				-25	-22	-47	-9.4	-7	22
	30156	0	0	그린에머랄드_오브_5등급아이템	30305	0	0	30010	0	905	905	2905	39999	0	11	0	11	0	Null	0	Null	0	0	0	0	5	37	9990	1	2900	2900	0	0	1	0	0	0	0	29	0	0	0	0	0	0	0 	0 	110 	113 	0.8 	100 	0 	0 	2 	2 	4 	13	0 	0 	0 	0 	0 	0 	0	0	0	0	0	0	1	0	0	0	0	0	1	34	2	-5	0	0	0	0	0	0	0	0	0	0	0	0	1	41	1	1	0	0	0	0	0	0	0	0	0	0	0	0	0	0	0	0	0	0	0	0	0	0	0	0	0	1	0	0	0	0	0	0	0	0	0	0	0	0	0	0	0	0	0	0	0	0	0	0	0	0	0 	0 	121	130	0 	0 	0 	0 	0	0	0	0	0	0	0	0	0	0	0	0	0	0	4	0		//				-25	-22	-47	-9.4	-7	29
	30157	0	0	정화의_오브_6등급아이템	30306	0	0	30010	0	906	906	2906	39999	0	11	0	11	0	Null	0	Null	0	0	0	0	6	41	9768	1	4500	4500	0	0	1	0	0	0	0	36	0	0	0	0	0	0	0 	0 	129 	132 	0.8 	100 	0 	0 	2 	2 	4 	13	0 	0 	0 	0 	0 	0 	0	0	0	0	0	0	1	0	0	0	0	0	1	34	2	-5	0	0	0	0	0	0	0	0	0	0	0	0	1	41	1	1	0	0	0	0	0	0	0	0	0	0	0	0	0	0	0	0	0	0	0	0	0	0	0	0	0	1	0	0	0	0	0	0	0	0	0	0	0	0	0	0	0	0	0	0	0	0	0	0	0	0	0 	0 	142	152	0 	0 	0 	0 	0	0	0	0	0	0	0	0	0	0	0	0	0	0	4	0		//				-25	-22	-47	-9.4	-7	36
	30158	0	0	달의돌_오브_7등급아이템	30307	0	0	30010	0	907	907	2907	39999	0	11	0	11	0	Null	0	Null	0	0	0	0	7	45	9546	1	6900	6900	0	0	1	0	0	0	0	43	0	0	0	0	0	0	0 	0 	150 	155 	0.8 	100 	0 	0 	2 	2 	4 	13	0 	0 	0 	0 	0 	0 	0	0	0	0	0	0	1	0	0	0	0	0	1	34	2	-5	0	0	0	0	0	0	0	0	0	0	0	0	1	41	1	1	0	0	0	0	0	0	0	0	0	0	0	0	0	0	0	0	0	0	0	0	0	0	0	0	0	1	0	0	0	0	0	0	0	0	0	0	0	0	0	0	0	0	0	0	0	0	0	0	0	0	0 	0 	165	178	0 	0 	0 	0 	0	0	0	0	0	0	0	0	0	0	0	0	0	0	4	0		//				-25	-22	-47	-9.4	-7	43
	30159	0	0	태양의돌_오브_8등급아이템	30308	0	0	30010	0	908	908	2908	39999	0	11	0	11	0	Null	0	Null	0	0	0	0	8	50	9324	1	10700	10700	0	0	1	0	0	0	0	50	0	0	0	0	0	0	0 	0 	176 	181 	0.8 	100 	0 	0 	2 	2 	4 	13	0 	0 	0 	0 	0 	0 	0	0	0	0	0	0	1	0	0	0	0	0	1	34	2	-5	0	0	0	0	0	0	0	0	0	0	0	0	1	41	1	1	0	0	0	0	0	0	0	0	0	0	0	0	0	0	0	0	0	0	0	0	0	0	0	0	0	1	0	0	0	0	0	0	0	0	0	0	0	0	0	0	0	0	0	0	0	0	0	0	0	0	0 	0 	194	208	0 	0 	0 	0 	0	0	0	0	0	0	0	0	0	0	0	0	0	0	4	0		//				-25	-22	-47	-9.4	-7	50
	30160	0	0	잠재된희망의_오브_9등급아이템	30309	0	0	30010	0	909	909	2909	39999	0	11	0	11	0	Null	0	Null	0	0	0	0	9	54	9102	1	16700	16700	0	0	1	0	0	0	0	57	0	0	0	0	0	0	0 	0 	206 	213 	0.8 	100 	0 	0 	2 	2 	4 	13	0 	0 	0 	0 	0 	0 	0	0	0	0	0	0	1	0	0	0	0	0	1	34	2	-5	0	0	0	0	0	0	0	0	0	0	0	0	1	41	1	1	0	0	0	0	0	0	0	0	0	0	0	0	0	0	0	0	0	0	0	0	0	0	0	0	0	1	0	0	0	0	0	0	0	0	0	0	0	0	0	0	0	0	0	0	0	0	0	0	0	0	0 	0 	227	245	0 	0 	0 	0 	0	0	0	0	0	0	0	0	0	0	0	0	0	0	4	0		//				-25	-22	-47	-9.4	-7	57
	30161	0	0	섬뜩한매혹의_오브_10등급아이템	30310	0	0	30010	0	910	910	2910	39999	0	11	0	11	0	Null	0	Null	0	0	0	0	10	58	8880	1	25800	25800	0	0	1	0	0	0	0	64	0	0	0	0	0	0	0 	0 	241 	248 	0.8 	100 	0 	0 	2 	2 	4 	13	0 	0 	0 	0 	0 	0 	0	0	0	0	0	0	1	0	0	0	0	0	1	34	2	-5	0	0	0	0	0	0	0	0	0	0	0	0	1	41	1	1	0	0	0	0	0	0	0	0	0	0	0	0	0	0	0	0	0	0	0	0	0	0	0	0	0	1	0	0	0	0	0	0	0	0	0	0	0	0	0	0	0	0	0	0	0	0	0	0	0	0	0 	0 	265	285	0 	0 	0 	0 	0	0	0	0	0	0	0	0	0	0	0	0	0	0	4	0		//				-25	-22	-47	-9.4	-7	64
//	30162	0	0	예언자나스키의_오브_11등급아이템	30311	0	0	30010	0	911	911	2911	39999	0	11	0	11	0	Null	0	Null	0	0	0	0	11	62	8658	1	40000	40000	0	0	1	0	0	0	0	71	0	0	0	0	0	0	0 	0 	282 	291 	0.8 	100 	0 	0 	2 	2 	4 	13	0 	0 	0 	0 	0 	0 	0	0	0	0	0	0	1	0	0	0	0	0	1	34	2	-5	0	0	0	0	0	0	0	0	0	0	0	0	1	41	1	1	0	0	0	0	0	0	0	0	0	0	0	0	0	0	0	0	0	0	0	0	0	0	0	0	0	1	0	0	0	0	0	0	0	0	0	0	0	0	0	0	0	0	0	0	0	0	0	0	0	0	0 	0 	310	335	0 	0 	0 	0 	0	0	0	0	0	0	0	0	0	0	0	0	0	0	4	0		//				-25	-22	-47	-9.4	-7	71
//	30163	0	0	온화한앙겔라_오브_12등급아이템	30312	0	0	30010	0	912	912	2912	39999	0	11	0	11	0	Null	0	Null	0	0	0	0	12	66	8436	1	62000	62000	0	0	1	0	0	0	0	78	0	0	0	0	0	0	0 	0 	330 	341 	0.8 	100 	0 	0 	2 	2 	4 	13	0 	0 	0 	0 	0 	0 	0	0	0	0	0	0	1	0	0	0	0	0	1	34	2	-5	0	0	0	0	0	0	0	0	0	0	0	0	1	41	1	1	0	0	0	0	0	0	0	0	0	0	0	0	0	0	0	0	0	0	0	0	0	0	0	0	0	1	0	0	0	0	0	0	0	0	0	0	0	0	0	0	0	0	0	0	0	0	0	0	0	0	0 	0 	363	392	0 	0 	0 	0 	0	0	0	0	0	0	0	0	0	0	0	0	0	0	4	0		//				-25	-22	-47	-9.4	-7	78
//	30164	0	0	강력한보호의_오브_13등급아이템	30313	0	0	30010	0	913	913	2913	39999	0	11	0	11	0	Null	0	Null	0	0	0	0	13	71	8214	1	96200	96200	0	0	1	0	0	0	0	85	0	0	0	0	0	0	0 	0 	387 	398 	0.8 	100 	0 	0 	2 	2 	4 	13	0 	0 	0 	0 	0 	0 	0	0	0	0	0	0	1	0	0	0	0	0	1	34	2	-5	0	0	0	0	0	0	0	0	0	0	0	0	1	41	1	1	0	0	0	0	0	0	0	0	0	0	0	0	0	0	0	0	0	0	0	0	0	0	0	0	0	1	0	0	0	0	0	0	0	0	0	0	0	0	0	0	0	0	0	0	0	0	0	0	0	0	0 	0 	426	458	0 	0 	0 	0 	0	0	0	0	0	0	0	0	0	0	0	0	0	0	4	0		//				-25	-22	-47	-9.4	-7	85
//	30165	0	0	신성한부활의_오브_14등급아이템	30314	0	0	30010	0	914	914	2914	39999	0	11	0	11	0	Null	0	Null	0	0	0	0	14	75	7992	1	149000	149000	0	0	1	0	0	0	0	92	0	0	0	0	0	0	0 	0 	453 	466 	0.8 	100 	0 	0 	2 	2 	4 	13	0 	0 	0 	0 	0 	0 	0	0	0	0	0	0	1	0	0	0	0	0	1	34	2	-5	0	0	0	0	0	0	0	0	0	0	0	0	1	41	1	1	0	0	0	0	0	0	0	0	0	0	0	0	0	0	0	0	0	0	0	0	0	0	0	0	0	1	0	0	0	0	0	0	0	0	0	0	0	0	0	0	0	0	0	0	0	0	0	0	0	0	0 	0 	498	536	0 	0 	0 	0 	0	0	0	0	0	0	0	0	0	0	0	0	0	0	4	0		//				-25	-22	-47	-9.4	-7	92
//	30166	0	0	창조주의_오브_15등급아이템	30315	0	0	30010	0	915	915	2915	39999	0	11	0	11	0	Null	0	Null	0	0	0	0	15	79	7770	1	231000	231000	0	0	1	0	0	0	0	99	0	0	0	0	0	0	0 	0 	530 	547 	0.8 	100 	0 	0 	2 	2 	4 	13	0 	0 	0 	0 	0 	0 	0	0	0	0	0	0	1	0	0	0	0	0	1	34	2	-5	0	0	0	0	0	0	0	0	0	0	0	0	1	41	1	1	0	0	0	0	0	0	0	0	0	0	0	0	0	0	0	0	0	0	0	0	0	0	0	0	0	1	0	0	0	0	0	0	0	0	0	0	0	0	0	0	0	0	0	0	0	0	0	0	0	0	0 	0 	583	629	0 	0 	0 	0 	0	0	0	0	0	0	0	0	0	0	0	0	0	0	4	0		//				-25	-22	-47	-9.4	-7	99
	167	0	0	구리_양손도끼_1등급아이템	30046	0	0	30001	0	1	1	2001	39999	0	1	0	1	0	Null	0	Null	0	0	0	0	1	38	25000	1	250	250	0	0	1	0	0	0	0	1	0	0	0	0	0	0	0 	0 	0 	0 	0.8 	0 	0 	0 	0 	0 	0 	0 	0 	0 	0 	0 	0 	0 	0 	0	0 	0 	0 	0 	0	0	0	0	0	0	0	0	0	0	0	0	0	0	0	0	0	0	0	0	0	0	1	41	1	3	0	0	0	0	0	0	0	0	0	0	0	0	0	0	0	0	0	0	0	0	0	0	0	0	0	1	0	0	0	0	0	0	0	0	0	0	0	0	0	0	0	0	0	0	0	0	0	0	0	0	0 	0 	0	0	0 	0 	0 	0 	0	0	0	0	0	0	0	0	0	0	0	0	0	0	1	0		//								2	1
	168	0	0	구리_양손검_1등급아이템	30076	0	0	30002	0	101	101	2101	39999	0	2	0	2	0	Null	0	Null	0	0	0	0	1	38	25000	1	250	250	0	0	1	0	0	0	0	1	0	0	0	0	0	0	0 	0 	0 	0 	0.8 	0 	0 	0 	1 	1 	1 	1.5	0 	0 	0 	0 	0 	0 	0 	0	0 	0 	0 	0 	0	0	0	0	0	0	0	0	0	0	0	0	0	0	0	0	0	0	0	0	0	0	1	41	1	5	0	0	0	0	0	0	0	0	0	0	0	0	0	0	0	0	0	0	0	0	0	0	0	0	0	1	0	0	0	0	0	0	0	0	0	0	0	0	0	0	0	0	0	0	0	0	0	0	0	0	0 	0 	0	0	0 	0 	0 	0 	0	0	0	0	0	0	0	0	0	0	0	0	0	0	1	0		//								2	1
	169	0	0	구리_한손검_1등급아이템	30106	0	0	30003	0	201	201	2201	39999	0	3	0	3	0	Null	0	Null	0	0	0	0	1	31	25000	1	250	250	0	0	1	0	0	0	0	1	0	0	0	0	0	0	0 	0 	0 	0 	0.8 	0 	0 	0 	1 	1 	1 	1	0 	0 	0 	0 	0 	0 	0 	0	0 	0 	0 	0 	0	0	0	0	0	0	0	0	0	0	0	0	0	0	0	0	0	0	0	0	0	0	1	41	1	2	0	0	0	0	0	0	0	0	0	0	0	0	0	0	0	0	0	0	0	0	0	0	0	0	0	1	0	0	0	0	0	0	0	0	0	0	0	0	0	0	0	0	0	0	0	0	0	0	0	0	0 	0 	0	0	0 	0 	0 	0 	0	0	0	0	0	0	0	0	0	0	0	0	0	0	1	0		//								2	1
	170	0	0	구리_창_1등급아이템	30136	0	0	30004	0	301	301	2301	39999	0	4	0	4	0	Null	0	Null	0	0	0	0	1	31	25000	1	250	250	0	0	1	0	0	0	0	1	0	0	0	0	0	0	0 	0 	0 	0 	0.8 	0 	0 	0 	1 	1 	1 	2.5	0 	0 	0 	0 	0 	0 	0 	0	0 	0 	0 	0 	0	0	0	0	0	0	0	0	0	0	0	0	0	0	0	0	0	0	0	0	0	0	1	41	1	4	0	0	0	0	0	0	0	0	0	0	0	0	0	0	0	0	0	0	0	0	0	0	0	0	0	1	0	0	0	0	0	0	0	0	0	0	0	0	0	0	0	0	0	0	0	0	0	0	0	0	0 	0 	0	0	0 	0 	0 	0 	0	0	0	0	0	0	0	0	0	0	0	0	0	0	1	0		//								2	1
	171	0	0	구리_한손석궁_1등급아이템	30226	0	0	30007	0	601	601	2601	39999	0	7	0	7	0	Null	0	Null	0	0	0	0	1	25	25000	1	250	250	0	0	1	0	0	0	0	1	0	0	0	0	0	0	0 	0 	0 	0 	0.8 	0 	0 	0 	2 	2 	2	19 	0 	0 	0 	0 	0 	0 	0 	0	0 	0 	0 	0 	0	0	0	0	0	0	0	0	0	0	0	0	0	0	0	0	0	0	0	0	0	0	1	41	1	2	0	0	0	0	0	0	0	0	0	0	0	0	0	0	0	0	0	0	0	0	0	0	0	0	0	1	0	0	0	0	0	0	0	0	0	0	0	0	0	0	0	0	0	0	0	0	0	0	0	0	0 	0 	0	0	0 	0 	0 	0 	0	0	0	0	0	0	0	0	0	0	0	0	0	0	1	0		//								2	1
	172	0	0	구리_에테르웨폰_1등급아이템	30256	0	0	30008	0	701	701	2701	39999	0	8	0	8	0	Null	0	Null	0	0	0	0	1	25	25000	1	250	250	0	0	1	0	0	0	0	1	0	0	0	0	0	0	0 	0 	0 	0 	0.8 	0 	0 	0 	2 	2 	2 	16	0 	0 	0 	0 	0 	0 	0 	0	0 	0 	0 	0 	0	0	0	0	0	0	0	0	0	0	0	0	0	0	0	0	0	0	0	0	0	0	1	41	1	3	0	0	0	0	0	0	0	0	0	0	0	0	0	0	0	0	0	0	0	0	0	0	0	0	0	1	0	0	0	0	0	0	0	0	0	0	0	0	0	0	0	0	0	0	0	0	0	0	0	0	0 	0 	0	0	0 	0 	0 	0 	0	0	0	0	0	0	0	0	0	0	0	0	0	0	1	0		//								2	1
	173	0	0	낡은_지팡이_1등급아이템	30286	0	0	30009	0	801	801	2801	39999	0	10	0	10	0	Null	0	Null	0	0	0	0	1	21	25000	1	250	250	0	0	1	0	0	0	0	1	0	0	0	0	0	0	0 	0 	0 	0 	0.8 	0 	0 	0 	1 	1 	4 	2.5	0 	0 	0 	0 	0 	0 	0 	0	0 	0 	0 	0 	0	0	0	0	0	0	0	0	0	0	0	0	0	0	0	0	0	0	0	0	0	0	1	41	1	1	0	0	0	0	0	0	0	0	0	0	0	0	0	0	0	0	0	0	0	0	0	0	0	0	0	1	0	0	0	0	0	0	0	0	0	0	0	0	0	0	0	0	0	0	0	0	0	0	0	0	0 	0 	0	0	0 	0 	0 	0 	0	0	0	0	0	0	0	0	0	0	0	0	0	0	1	0		//								2	1
	174	0	0	낡은_오브_1등급아이템	30316	0	0	30010	0	901	901	2901	39999	0	11	0	11	0	Null	0	Null	0	0	0	0	1	21	25000	1	250	250	0	0	1	0	0	0	0	1	0	0	0	0	0	0	0 	0 	0 	0 	0.8 	0 	0 	0 	2 	2 	4 	13	0 	0 	0 	0 	0 	0 	0 	0	0 	0 	0 	0 	0	0	0	0	0	0	1	34	2	-5	0	0	0	0	0	0	0	0	0	0	0	0	1	41	1	1	0	0	0	0	0	0	0	0	0	0	0	0	0	0	0	0	0	0	0	0	0	0	0	0	0	1	0	0	0	0	0	0	0	0	0	0	0	0	0	0	0	0	0	0	0	0	0	0	0	0	0 	0 	0	0	0 	0 	0 	0 	0	0	0	0	0	0	0	0	0	0	0	0	0	0	1	0		//								2	1
	10167	0	0	구리_양손도끼_1등급아이템	30046	0	0	30001	0	1	1	2001	39999	0	1	0	1	0	Null	0	Null	0	0	0	0	1	38	25000	1	250	250	0	0	1	0	0	0	0	1	0	0	0	0	0	0	0 	0 	0 	0 	0.8 	0 	0 	0 	0 	0 	0 	0 	0 	0 	0 	0 	0 	0 	0 	0	0 	0 	0 	0 	0	0	0	0	0	0	0	0	0	0	0	0	0	0	0	0	0	0	0	0	0	0	1	41	1	3	0	0	0	0	0	0	0	0	0	0	0	0	0	0	0	0	0	0	0	0	0	0	0	0	0	1	0	0	0	0	0	0	0	0	0	0	0	0	0	0	0	0	0	0	0	0	0	0	0	0	0 	0 	0	0	0 	0 	0 	0 	0	0	0	0	0	0	0	0	0	0	0	0	0	0	2	0		//								2	1
	10168	0	0	구리_양손검_1등급아이템	30076	0	0	30002	0	101	101	2101	39999	0	2	0	2	0	Null	0	Null	0	0	0	0	1	38	25000	1	250	250	0	0	1	0	0	0	0	1	0	0	0	0	0	0	0 	0 	0 	0 	0.8 	0 	0 	0 	1 	1 	1 	1.5	0 	0 	0 	0 	0 	0 	0 	0	0 	0 	0 	0 	0	0	0	0	0	0	0	0	0	0	0	0	0	0	0	0	0	0	0	0	0	0	1	41	1	5	0	0	0	0	0	0	0	0	0	0	0	0	0	0	0	0	0	0	0	0	0	0	0	0	0	1	0	0	0	0	0	0	0	0	0	0	0	0	0	0	0	0	0	0	0	0	0	0	0	0	0 	0 	0	0	0 	0 	0 	0 	0	0	0	0	0	0	0	0	0	0	0	0	0	0	2	0		//								2	1
	10169	0	0	구리_한손검_1등급아이템	30106	0	0	30003	0	201	201	2201	39999	0	3	0	3	0	Null	0	Null	0	0	0	0	1	31	25000	1	250	250	0	0	1	0	0	0	0	1	0	0	0	0	0	0	0 	0 	0 	0 	0.8 	0 	0 	0 	1 	1 	1 	1	0 	0 	0 	0 	0 	0 	0 	0	0 	0 	0 	0 	0	0	0	0	0	0	0	0	0	0	0	0	0	0	0	0	0	0	0	0	0	0	1	41	1	2	0	0	0	0	0	0	0	0	0	0	0	0	0	0	0	0	0	0	0	0	0	0	0	0	0	1	0	0	0	0	0	0	0	0	0	0	0	0	0	0	0	0	0	0	0	0	0	0	0	0	0 	0 	0	0	0 	0 	0 	0 	0	0	0	0	0	0	0	0	0	0	0	0	0	0	2	0		//								2	1
	10170	0	0	구리_창_1등급아이템	30136	0	0	30004	0	301	301	2301	39999	0	4	0	4	0	Null	0	Null	0	0	0	0	1	31	25000	1	250	250	0	0	1	0	0	0	0	1	0	0	0	0	0	0	0 	0 	0 	0 	0.8 	0 	0 	0 	1 	1 	1 	2.5	0 	0 	0 	0 	0 	0 	0 	0	0 	0 	0 	0 	0	0	0	0	0	0	0	0	0	0	0	0	0	0	0	0	0	0	0	0	0	0	1	41	1	4	0	0	0	0	0	0	0	0	0	0	0	0	0	0	0	0	0	0	0	0	0	0	0	0	0	1	0	0	0	0	0	0	0	0	0	0	0	0	0	0	0	0	0	0	0	0	0	0	0	0	0 	0 	0	0	0 	0 	0 	0 	0	0	0	0	0	0	0	0	0	0	0	0	0	0	2	0		//								2	1
	10171	0	0	구리_한손석궁_1등급아이템	30226	0	0	30007	0	601	601	2601	39999	0	7	0	7	0	Null	0	Null	0	0	0	0	1	25	25000	1	250	250	0	0	1	0	0	0	0	1	0	0	0	0	0	0	0 	0 	0 	0 	0.8 	0 	0 	0 	2 	2 	2	19 	0 	0 	0 	0 	0 	0 	0 	0	0 	0 	0 	0 	0	0	0	0	0	0	0	0	0	0	0	0	0	0	0	0	0	0	0	0	0	0	1	41	1	2	0	0	0	0	0	0	0	0	0	0	0	0	0	0	0	0	0	0	0	0	0	0	0	0	0	1	0	0	0	0	0	0	0	0	0	0	0	0	0	0	0	0	0	0	0	0	0	0	0	0	0 	0 	0	0	0 	0 	0 	0 	0	0	0	0	0	0	0	0	0	0	0	0	0	0	2	0		//								2	1
	10172	0	0	구리_에테르웨폰_1등급아이템	30256	0	0	30008	0	701	701	2701	39999	0	8	0	8	0	Null	0	Null	0	0	0	0	1	25	25000	1	250	250	0	0	1	0	0	0	0	1	0	0	0	0	0	0	0 	0 	0 	0 	0.8 	0 	0 	0 	2 	2 	2 	16	0 	0 	0 	0 	0 	0 	0 	0	0 	0 	0 	0 	0	0	0	0	0	0	0	0	0	0	0	0	0	0	0	0	0	0	0	0	0	0	1	41	1	3	0	0	0	0	0	0	0	0	0	0	0	0	0	0	0	0	0	0	0	0	0	0	0	0	0	1	0	0	0	0	0	0	0	0	0	0	0	0	0	0	0	0	0	0	0	0	0	0	0	0	0 	0 	0	0	0 	0 	0 	0 	0	0	0	0	0	0	0	0	0	0	0	0	0	0	2	0		//								2	1
	10173	0	0	낡은_지팡이_1등급아이템	30286	0	0	30009	0	801	801	2801	39999	0	10	0	10	0	Null	0	Null	0	0	0	0	1	21	25000	1	250	250	0	0	1	0	0	0	0	1	0	0	0	0	0	0	0 	0 	0 	0 	0.8 	0 	0 	0 	1 	1 	4 	2.5	0 	0 	0 	0 	0 	0 	0 	0	0 	0 	0 	0 	0	0	0	0	0	0	0	0	0	0	0	0	0	0	0	0	0	0	0	0	0	0	1	41	1	1	0	0	0	0	0	0	0	0	0	0	0	0	0	0	0	0	0	0	0	0	0	0	0	0	0	1	0	0	0	0	0	0	0	0	0	0	0	0	0	0	0	0	0	0	0	0	0	0	0	0	0 	0 	0	0	0 	0 	0 	0 	0	0	0	0	0	0	0	0	0	0	0	0	0	0	2	0		//								2	1
	10174	0	0	낡은_오브_1등급아이템	30316	0	0	30010	0	901	901	2901	39999	0	11	0	11	0	Null	0	Null	0	0	0	0	1	21	25000	1	250	250	0	0	1	0	0	0	0	1	0	0	0	0	0	0	0 	0 	0 	0 	0.8 	0 	0 	0 	2 	2 	4 	13	0 	0 	0 	0 	0 	0 	0 	0	0 	0 	0 	0 	0	0	0	0	0	0	1	34	2	-5	0	0	0	0	0	0	0	0	0	0	0	0	1	41	1	1	0	0	0	0	0	0	0	0	0	0	0	0	0	0	0	0	0	0	0	0	0	0	0	0	0	1	0	0	0	0	0	0	0	0	0	0	0	0	0	0	0	0	0	0	0	0	0	0	0	0	0 	0 	0	0	0 	0 	0 	0 	0	0	0	0	0	0	0	0	0	0	0	0	0	0	2	0		//								2	1
	30167	0	0	구리_디펜더양손도끼_1등급아이템	30046	0	0	31001	0	1	1	2001	39999	0	1	0	1	0	Null	0	Null	0	0	0	0	1	38	25000	1	250	250	0	0	1	0	0	0	0	1	0	0	0	0	0	0	0 	0 	0 	0 	0.8 	0 	0 	0 	0 	0 	0 	0 	0 	0 	0 	0 	0 	0 	0 	0	0 	0 	0 	0 	0	0	0	0	0	0	0	0	0	0	0	0	0	0	0	0	0	0	0	0	0	0	1	41	1	3	0	0	0	0	0	0	0	0	0	0	0	0	0	0	0	0	0	0	0	0	0	0	0	0	0	1	0	0	0	0	0	0	0	0	0	0	0	0	0	0	0	0	0	0	0	0	0	0	0	0	0 	0 	0	0	0 	0 	0 	0 	0	0	0	0	0	0	0	0	0	0	0	0	0	0	4	0		//								2	1
	30168	0	0	구리_디펜더양손검_1등급아이템	30076	0	0	31002	0	101	101	2101	39999	0	2	0	2	0	Null	0	Null	0	0	0	0	1	38	25000	1	250	250	0	0	1	0	0	0	0	1	0	0	0	0	0	0	0 	0 	0 	0 	0.8 	0 	0 	0 	1 	1 	1 	1.8	0 	0 	0 	0 	0 	0 	0 	0	0 	0 	0 	0 	0	0	0	0	0	0	0	0	0	0	0	0	0	0	0	0	0	0	0	0	0	0	1	41	1	5	0	0	0	0	0	0	0	0	0	0	0	0	0	0	0	0	0	0	0	0	0	0	0	0	0	1	0	0	0	0	0	0	0	0	0	0	0	0	0	0	0	0	0	0	0	0	0	0	0	0	0 	0 	0	0	0 	0 	0 	0 	0	0	0	0	0	0	0	0	0	0	0	0	0	0	4	0		//								2	1
	30169	0	0	구리_컴뱃한손검_1등급아이템	30106	0	0	31003	0	201	201	2201	39999	0	3	0	3	0	Null	0	Null	0	0	0	0	1	31	25000	1	250	250	0	0	1	0	0	0	0	1	0	0	0	0	0	0	0 	0 	0 	0 	0.8 	0 	0 	0 	1 	1 	1 	1	0 	0 	0 	0 	0 	0 	0 	0	0 	0 	0 	0 	0	0	0	0	0	0	0	0	0	0	0	0	0	0	0	0	0	0	0	0	0	0	1	41	1	2	0	0	0	0	0	0	0	0	0	0	0	0	0	0	0	0	0	0	0	0	0	0	0	0	0	1	0	0	0	0	0	0	0	0	0	0	0	0	0	0	0	0	0	0	0	0	0	0	0	0	0 	0 	0	0	0 	0 	0 	0 	0	0	0	0	0	0	0	0	0	0	0	0	0	0	4	0		//								2	1
	30170	0	0	구리_컴뱃창_1등급아이템	30136	0	0	31004	0	301	301	2301	39999	0	4	0	4	0	Null	0	Null	0	0	0	0	1	31	25000	1	250	250	0	0	1	0	0	0	0	1	0	0	0	0	0	0	0 	0 	0 	0 	0.8 	0 	0 	0 	1 	1 	1 	2.5	0 	0 	0 	0 	0 	0 	0 	0	0 	0 	0 	0 	0	0	0	0	0	0	0	0	0	0	0	0	0	0	0	0	0	0	0	0	0	0	1	41	1	4	0	0	0	0	0	0	0	0	0	0	0	0	0	0	0	0	0	0	0	0	0	0	0	0	0	1	0	0	0	0	0	0	0	0	0	0	0	0	0	0	0	0	0	0	0	0	0	0	0	0	0 	0 	0	0	0 	0 	0 	0 	0	0	0	0	0	0	0	0	0	0	0	0	0	0	4	0		//								2	1
	30171	0	0	구리_오펜시브한손석궁_1등급아이템	30226	0	0	31007	0	601	601	2601	39999	0	7	0	7	0	Null	0	Null	0	0	0	0	1	25	25000	1	250	250	0	0	1	0	0	0	0	1	0	0	0	0	0	0	0 	0 	0 	0 	0.8 	0 	0 	0 	2 	2 	2	19 	0 	0 	0 	0 	0 	0 	0 	0	0 	0 	0 	0 	0	0	0	0	0	0	0	0	0	0	0	0	0	0	0	0	0	0	0	0	0	0	1	41	1	2	0	0	0	0	0	0	0	0	0	0	0	0	0	0	0	0	0	0	0	0	0	0	0	0	0	1	0	0	0	0	0	0	0	0	0	0	0	0	0	0	0	0	0	0	0	0	0	0	0	0	0 	0 	0	0	0 	0 	0 	0 	0	0	0	0	0	0	0	0	0	0	0	0	0	0	4	0		//								2	1
	30172	0	0	구리_오펜시브에테르웨폰_1등급아이템	30256	0	0	31008	0	701	701	2701	39999	0	8	0	8	0	Null	0	Null	0	0	0	0	1	25	25000	1	250	250	0	0	1	0	0	0	0	1	0	0	0	0	0	0	0 	0 	0 	0 	0.8 	0 	0 	0 	2 	2 	2 	16	0 	0 	0 	0 	0 	0 	0 	0	0 	0 	0 	0 	0	0	0	0	0	0	0	0	0	0	0	0	0	0	0	0	0	0	0	0	0	0	1	41	1	3	0	0	0	0	0	0	0	0	0	0	0	0	0	0	0	0	0	0	0	0	0	0	0	0	0	1	0	0	0	0	0	0	0	0	0	0	0	0	0	0	0	0	0	0	0	0	0	0	0	0	0 	0 	0	0	0 	0 	0 	0 	0	0	0	0	0	0	0	0	0	0	0	0	0	0	4	0		//								2	1
	30173	0	0	낡은_에테르지팡이_1등급아이템	30286	0	0	31009	0	801	801	2801	39999	0	10	0	10	0	Null	0	Null	0	0	0	0	1	21	25000	1	250	250	0	0	1	0	0	0	0	1	0	0	0	0	0	0	0 	0 	0 	0 	0.8 	0 	0 	0 	1 	1 	4 	2.5	0 	0 	0 	0 	0 	0 	0 	0	0 	0 	0 	0 	0	0	0	0	0	0	0	0	0	0	0	0	0	0	0	0	0	0	0	0	0	0	1	41	1	1	0	0	0	0	0	0	0	0	0	0	0	0	0	0	0	0	0	0	0	0	0	0	0	0	0	1	0	0	0	0	0	0	0	0	0	0	0	0	0	0	0	0	0	0	0	0	0	0	0	0	0 	0 	0	0	0 	0 	0 	0 	0	0	0	0	0	0	0	0	0	0	0	0	0	0	4	0		//								2	1
	30174	0	0	낡은_에테르오브_1등급아이템	30316	0	0	31010	0	901	901	2901	39999	0	11	0	11	0	Null	0	Null	0	0	0	0	1	21	25000	1	250	250	0	0	1	0	0	0	0	1	0	0	0	0	0	0	0 	0 	0 	0 	0.8 	0 	0 	0 	2 	2 	4 	13	0 	0 	0 	0 	0 	0 	0 	0	0 	0 	0 	0 	0	0	0	0	0	0	0	0	0	0	0	0	0	0	0	0	0	0	0	0	0	0	1	41	1	1	0	0	0	0	0	0	0	0	0	0	0	0	0	0	0	0	0	0	0	0	0	0	0	0	0	1	0	0	0	0	0	0	0	0	0	0	0	0	0	0	0	0	0	0	0	0	0	0	0	0	0 	0 	0	0	0 	0 	0 	0 	0	0	0	0	0	0	0	0	0	0	0	0	0	0	4	0		//								2	1
	20167	0	0	구리_버서크양손도끼_1등급아이템	30046	0	0	32001	0	1	1	2001	39999	0	1	0	1	0	Null	0	Null	0	0	0	0	1	38	25000	1	250	250	0	0	1	0	0	0	0	1	0	0	0	0	0	0	0 	0 	0 	0 	0.8 	0 	0 	0 	0 	0 	0 	0 	0 	0 	0 	0 	0 	0 	0 	0	0 	0 	0 	0 	0	0	0	0	0	0	0	0	0	0	0	0	0	0	0	0	0	0	0	0	0	0	1	41	1	3	0	0	0	0	0	0	0	0	0	0	0	0	0	0	0	0	0	0	0	0	0	0	0	0	0	1	0	0	0	0	0	0	0	0	0	0	0	0	0	0	0	0	0	0	0	0	0	0	0	0	0 	0 	0	0	0 	0 	0 	0 	0	0	0	0	0	0	0	0	0	0	0	0	0	0	4	0		//								2	1
	20168	0	0	구리_버서크양손검_1등급아이템	30076	0	0	32002	0	101	101	2101	39999	0	2	0	2	0	Null	0	Null	0	0	0	0	1	38	25000	1	250	250	0	0	1	0	0	0	0	1	0	0	0	0	0	0	0 	0 	0 	0 	0.8 	0 	0 	0 	1 	1 	1 	1.8	0 	0 	0 	0 	0 	0 	0 	0	0 	0 	0 	0 	0	0	0	0	0	0	0	0	0	0	0	0	0	0	0	0	0	0	0	0	0	0	1	41	1	5	0	0	0	0	0	0	0	0	0	0	0	0	0	0	0	0	0	0	0	0	0	0	0	0	0	1	0	0	0	0	0	0	0	0	0	0	0	0	0	0	0	0	0	0	0	0	0	0	0	0	0 	0 	0	0	0 	0 	0 	0 	0	0	0	0	0	0	0	0	0	0	0	0	0	0	3	0		//								2	1
	20169	0	0	구리_드래고닉한손검_1등급아이템	30106	0	0	32003	0	201	201	2201	39999	0	3	0	3	0	Null	0	Null	0	0	0	0	1	31	25000	1	250	250	0	0	1	0	0	0	0	1	0	0	0	0	0	0	0 	0 	0 	0 	0.8 	0 	0 	0 	1 	1 	1 	1	0 	0 	0 	0 	0 	0 	0 	0	0 	0 	0 	0 	0	0	0	0	0	0	0	0	0	0	0	0	0	0	0	0	0	0	0	0	0	0	1	41	1	2	0	0	0	0	0	0	0	0	0	0	0	0	0	0	0	0	0	0	0	0	0	0	0	0	0	1	0	0	0	0	0	0	0	0	0	0	0	0	0	0	0	0	0	0	0	0	0	0	0	0	0 	0 	0	0	0 	0 	0 	0 	0	0	0	0	0	0	0	0	0	0	0	0	0	0	3	0		//								2	1
	20170	0	0	구리_드래고닉창_1등급아이템	30136	0	0	32004	0	301	301	2301	39999	0	4	0	4	0	Null	0	Null	0	0	0	0	1	31	25000	1	250	250	0	0	1	0	0	0	0	1	0	0	0	0	0	0	0 	0 	0 	0 	0.8 	0 	0 	0 	1 	1 	1 	2.5	0 	0 	0 	0 	0 	0 	0 	0	0 	0 	0 	0 	0	0	0	0	0	0	0	0	0	0	0	0	0	0	0	0	0	0	0	0	0	0	1	41	1	4	0	0	0	0	0	0	0	0	0	0	0	0	0	0	0	0	0	0	0	0	0	0	0	0	0	1	0	0	0	0	0	0	0	0	0	0	0	0	0	0	0	0	0	0	0	0	0	0	0	0	0 	0 	0	0	0 	0 	0 	0 	0	0	0	0	0	0	0	0	0	0	0	0	0	0	3	0		//								2	1
	20171	0	0	구리_서먼한손석궁_1등급아이템	30226	0	0	32007	0	601	601	2601	39999	0	7	0	7	0	Null	0	Null	0	0	0	0	1	25	25000	1	250	250	0	0	1	0	0	0	0	1	0	0	0	0	0	0	0 	0 	0 	0 	0.8 	0 	0 	0 	2 	2 	2	19 	0 	0 	0 	0 	0 	0 	0 	0	0 	0 	0 	0 	0	0	0	0	0	0	0	0	0	0	0	0	0	0	0	0	0	0	0	0	0	0	1	41	1	2	0	0	0	0	0	0	0	0	0	0	0	0	0	0	0	0	0	0	0	0	0	0	0	0	0	1	0	0	0	0	0	0	0	0	0	0	0	0	0	0	0	0	0	0	0	0	0	0	0	0	0 	0 	0	0	0 	0 	0 	0 	0	0	0	0	0	0	0	0	0	0	0	0	0	0	3	0		//								2	1
	20172	0	0	구리_서먼에테르웨폰_1등급아이템	30256	0	0	32008	0	701	701	2701	39999	0	8	0	8	0	Null	0	Null	0	0	0	0	1	25	25000	1	250	250	0	0	1	0	0	0	0	1	0	0	0	0	0	0	0 	0 	0 	0 	0.8 	0 	0 	0 	2 	2 	2 	16	0 	0 	0 	0 	0 	0 	0 	0	0 	0 	0 	0 	0	0	0	0	0	0	0	0	0	0	0	0	0	0	0	0	0	0	0	0	0	0	1	41	1	3	0	0	0	0	0	0	0	0	0	0	0	0	0	0	0	0	0	0	0	0	0	0	0	0	0	1	0	0	0	0	0	0	0	0	0	0	0	0	0	0	0	0	0	0	0	0	0	0	0	0	0 	0 	0	0	0 	0 	0 	0 	0	0	0	0	0	0	0	0	0	0	0	0	0	0	3	0		//								2	1
	20173	0	0	낡은_서클지팡이_1등급아이템	30286	0	0	32009	0	801	801	2801	39999	0	10	0	10	0	Null	0	Null	0	0	0	0	1	21	25000	1	250	250	0	0	1	0	0	0	0	1	0	0	0	0	0	0	0 	0 	0 	0 	0.8 	0 	0 	0 	1 	1 	4 	2.5	0 	0 	0 	0 	0 	0 	0 	0	0 	0 	0 	0 	0	0	0	0	0	0	0	0	0	0	0	0	0	0	0	0	0	0	0	0	0	0	1	41	1	1	0	0	0	0	0	0	0	0	0	0	0	0	0	0	0	0	0	0	0	0	0	0	0	0	0	1	0	0	0	0	0	0	0	0	0	0	0	0	0	0	0	0	0	0	0	0	0	0	0	0	0 	0 	0	0	0 	0 	0 	0 	0	0	0	0	0	0	0	0	0	0	0	0	0	0	3	0		//								2	1
	20174	0	0	낡은_서클오브_1등급아이템	30316	0	0	32010	0	901	901	2901	39999	0	11	0	11	0	Null	0	Null	0	0	0	0	1	21	25000	1	250	250	0	0	1	0	0	0	0	1	0	0	0	0	0	0	0 	0 	0 	0 	0.8 	0 	0 	0 	2 	2 	4 	13	0 	0 	0 	0 	0 	0 	0 	0	0 	0 	0 	0 	0	0	0	0	0	0	0	0	0	0	0	0	0	0	0	0	0	0	0	0	0	0	1	41	1	1	0	0	0	0	0	0	0	0	0	0	0	0	0	0	0	0	0	0	0	0	0	0	0	0	0	1	0	0	0	0	0	0	0	0	0	0	0	0	0	0	0	0	0	0	0	0	0	0	0	0	0 	0 	0	0	0 	0 	0 	0 	0	0	0	0	0	0	0	0	0	0	0	0	0	0	3	0		//								2	1
//		[ID50000~]_엘리트아이템																																																																					0	0	0	0																																																											0																																				0		//									
//엘리트 1차																																																																										0																																																																																																	//									
	50000	0	0	니벨룽의_양손도끼	30047	1	FFFF00	30001	11590	16	16	2016	39999	0	1	0	1	0	Null	0	Null	0	1	1	270	23	95	619950	1	9620	9620	1	0	1	2	125	0	0	71	0	0	0	0	0	0	0	0	0	0	0.8 	105 	0	0	1	1	3	1.5	0	0	0	0	0	0	0	0	1	0	0	0	0	0	0	0	0	0	1	42	1	1000	1	30	1	500	1	75	2	-25	0	0	0	0	1	41	1	3	0	0	0	0	0	0	0	0	0	0	0	0	0	0	0	0	0	0	0	0	0	0	0	0	0	1	0	0	0	0	0	0	0	0	0	0	0	0	0	0	0	0	0	0	0	0	0	0	0	0	0	0	0	0	0	0	0	0	0	0	378 	535 	0	0	0	0	0	0	0	0	0	0	0	0		//	-26		-27			-53	-10.6	-8	71
	50001	0	0	니벨룽의_양손검	30077	1	FFFF00	30002	11590	116	116	2116	39999	0	2	0	2	0	Null	0	Null	0	1	1	270	23	95	400020	1	9620	9620	1	0	1	2	125	0	0	71	0	0	0	0	0	0	0	0	0	0	0.8 	115 	0	0	1	1	1	1.8	0	0	0	0	0	0	0	0	1	0	0	0	0	0	0	0	0	0	1	42	1	1000	1	30	1	500	1	75	2	-25	0	0	0	0	1	41	1	5	0	0	0	0	0	0	0	0	0	0	0	0	0	0	0	0	0	0	0	0	0	0	0	0	0	1	0	0	0	0	0	0	0	0	0	0	0	0	0	0	0	0	0	0	0	0	0	0	0	0	0	0	0	0	0	0	0	0	0	0	409 	523 	0	0	0	0	0	0	0	0	0	0	0	0		//	-26		-27			-53	-10.6	-8	71
	50002	0	0	이그드라실의_한손검	30107	1	FFFF00	30003	11590	216	216	2216	39999	0	3	0	3	0	Null	0	Null	0	1	1	270	23	84	182520	1	9620	9620	1	0	1	2	125	0	0	71	0	0	0	0	0	0	0	0	0	0	0.8 	135 	0	0	1	1	1	1	0	0	0	0	0	0	0	0	0	1	0	0	0	0	0	0	0	0	1	42	1	1000	1	30	1	500	1	75	2	-25	0	0	0	0	1	41	1	2	0	0	0	0	0	0	0	0	0	0	0	0	0	0	0	0	0	0	0	0	0	0	0	0	0	1	0	0	0	0	0	0	0	0	0	0	0	0	0	0	0	0	0	0	0	0	0	0	0	0	0	0	0	0	0	0	0	0	0	0	297 	344 	0	0	0	0	0	0	0	0	0	0	0	0		//	-22	-20				-42	-8.4	-6	71
	50003	0	0	이그드라실의_창	30137	1	FFFF00	30004	11590	316	316	2316	39999	0	4	0	4	0	Null	0	Null	0	1	1	270	23	84	281730	1	9620	9620	1	0	1	2	125	0	0	71	0	0	0	0	0	0	0	0	0	0	0.8 	120 	0	0	1	1	1	2.5	0	0	0	0	0	0	0	0	0	1	0	0	0	0	0	0	0	0	1	42	1	1000	1	30	1	500	1	75	2	-25	0	0	0	0	1	41	1	4	0	0	0	0	0	0	0	0	0	0	0	0	0	0	0	0	0	0	0	0	0	0	0	0	0	1	0	0	0	0	0	0	0	0	0	0	0	0	0	0	0	0	0	0	0	0	0	0	0	0	0	0	0	0	0	0	0	0	0	0	328 	401 	0	0	0	0	0	0	0	0	0	0	0	0		//	-22	-20				-42	-8.4	-6	71
	50004	0	0	네프티스의_한손석궁	30227	1	FFFF00	30007	11590	616	616	2716	39999	0	7	0	7	0	Null	0	Null	0	1	1	270	23	75	219630	1	9620	9620	1	0	1	2	125	0	0	71	0	0	0	0	0	0	0	0	0	0	0.8 	150 	0	0	2	2	2	19	0	0	0	0	0	0	0	0	0	0	0	1	0	0	0	0	0	0	1	42	1	1000	1	30	1	500	1	75	2	-25	0	0	0	0	1	41	1	2	0	0	0	0	0	0	0	0	0	0	0	0	0	0	0	0	0	0	0	0	0	0	0	0	0	1	0	0	0	0	0	0	0	0	0	0	0	0	0	0	0	0	0	0	0	0	0	0	0	0	0	0	0	0	0	0	0	0	0	0	240 	289 	0	0	0	0	0	0	0	0	0	0	0	0		//	-16	-23				-39	-7.8	-5	71
	50005	0	0	네프티스의_에테르웨폰	30257	1	FFFF00	30008	11590	716	716	2616	39999	0	8	0	8	0	Null	0	Null	0	1	1	270	23	75	543750	1	9620	9620	1	0	1	2	125	0	0	71	0	0	0	0	0	0	0	0	0	0	0.8 	105 	0	0	2	2	2	16	0	0	0	0	0	0	0	0	0	0	0	1	0	0	0	0	0	0	1	42	1	1000	1	30	1	500	1	75	2	-25	0	0	0	0	1	41	1	3	0	0	0	0	0	0	0	0	0	0	0	0	0	0	0	0	0	0	0	0	0	0	0	0	0	1	0	0	0	0	0	0	0	0	0	0	0	0	0	0	0	0	0	0	0	0	0	0	0	0	0	0	0	0	0	0	0	0	0	0	290 	404 	0	0	0	0	0	0	0	0	0	0	0	0		//	-16	-23				-39	-7.8	-5	71
	50006	0	0	클로리스의_지팡이	30287	1	FFFF00	30009	11590	816	816	2816	39999	0	10	0	10	0	Null	0	Null	0	1	1	270	23	66	408600	1	9620	9620	1	0	1	2	125	0	0	71	0	0	0	0	0	0	0	0	0	0	0.8 	95 	0	0	1	1	4	2.5	0	0	0	0	0	0	0	0	0	0	0	0	1	0	0	0	0	0	1	42	1	1000	1	30	1	500	1	75	2	-25	0	0	0	0	1	41	1	1	0	0	0	0	0	0	0	0	0	0	0	0	0	0	0	0	0	0	0	0	0	0	0	0	0	1	0	0	0	0	0	0	0	0	0	0	0	0	0	0	0	0	0	0	0	0	0	0	0	0	0	0	0	0	0	0	0	0	0	0	452 	492 	0	0	0	0	0	0	0	0	0	0	0	0		//				-25	-22	-47	-9.4	-7	71
	50007	0	0	클로리스의_오브	30317	1	FFFF00	30010	11590	916	916	2916	39999	0	11	0	11	0	Null	0	Null	0	1	1	270	23	66	343080	1	9620	9620	1	0	1	2	125	0	0	71	0	0	0	0	0	0	0	0	0	0	0.8 	100 	0	0	2	2	4	13	0	0	0	0	0	0	0	0	0	0	0	0	1	0	0	0	0	0	1	42	1	1000	1	30	1	500	1	75	2	-25	1	34	2	-5	1	41	1	1	0	0	0	0	0	0	0	0	0	0	0	0	0	0	0	0	0	0	0	0	0	0	0	0	0	1	0	0	0	0	0	0	0	0	0	0	0	0	0	0	0	0	0	0	0	0	0	0	0	0	0	0	0	0	0	0	0	0	0	0	363 	392 	0	0	0	0	0	0	0	0	0	0	0	0		//				-25	-22	-47	-9.4	-7	71
	50008	0	0	야누비스의_대거	31152	1	FFFF00	31156	11590	416	416	2416	39999	0	5	0	5	0	Null	0	Null	0	1	1	270	23	84	182520	1	9620	9620	1	0	1	2	125	0	0	71	0	0	0	0	0	0	0	0	0	0	0.8 	140 	0	0	1	1	1	2.5	0	0	0	0	0	0	0	0	0	0	1	0	0	0	0	0	0	0	1	42	1	1000	1	30	1	500	1	75	2	-25	0	0	0	0	1	41	1	2	0	0	0	0	0	0	0	0	0	0	0	0	0	0	0	0	0	0	0	0	0	0	0	0	0	1	0	0	0	0	0	0	0	0	0	0	0	0	0	0	0	0	0	0	0	0	0	0	0	0	0	0	0	0	0	0	0	0	0	0	308 	348 	0	0	0	0	0	0	0	0	0	0	0	0		//	-19			-18		-37	-7.4	-5	71
	50009	0	0	야누비스의_채찍검	31152	1	FFFF00	31157	11590	516	516	2516	39999	0	6	0	6	0	Null	0	Null	0	1	1	270	23	84	281730	1	9620	9620	1	0	1	2	125	0	0	71	0	0	0	0	0	0	0	0	0	0	0.8 	125 	0	0	1	1	1	3.5	0	0	0	0	0	0	0	0	0	0	1	0	0	0	0	0	0	0	1	42	1	1000	1	30	1	500	1	75	2	-25	0	0	0	0	1	41	1	3	0	0	0	0	0	0	0	0	0	0	0	0	0	0	0	0	0	0	0	0	0	0	0	0	0	1	0	0	0	0	0	0	0	0	0	0	0	0	0	0	0	0	0	0	0	0	0	0	0	0	0	0	0	0	0	0	0	0	0	0	321 	401 	0	0	0	0	0	0	0	0	0	0	0	0		//	-19			-18		-37	-7.4	-5	71
	50050	0	0	헤카테_건틀렛	30491	1	FFFF00	30011	11590	957	957	2957	39999	0	14	0	14	0	Null	0	Null	0	1	1	270	23	84	619950	1	9620	9620	1	0	1	2	125	0	0	71	0	0	0	0	0	0	0	0	0	0	0.8 	135 	0	0	1	1	3	1	0	0	0	0	0	0	0	0	0	0	0	0	0	1	0	0	0	0	1	42	1	1000	1	30	1	500	1	75	2	-25	0	0	0	0	1	41	1	2	0	0	0	0	0	0	0	0	0	0	0	0	0	0	0	0	0	0	0	0	0	0	0	0	0	1	0	0	0	0	0	0	0	0	0	0	0	0	0	0	0	0	0	0	0	0	0	0	0	0	0	0	0	0	0	0	0	0	0	0	334.4	387.55	0	0	0	0	0	0	0	0	0	0	0	0		//		-21		-19		-40	-8	-6	71
	50051	0	0	헤카테_에테르사이드	30521	1	FFFF00	30012	11590	978	978	2978	39999	0	15	0	15	0	Null	0	Null	0	1	1	270	23	84	400020	1	9620	9620	1	0	1	2	125	0	0	71	0	0	0	0	0	0	0	0	0	0	0.8 	120 	0	0	1	1	1	2	0	0	0	0	0	0	0	0	0	0	0	0	0	1	0	0	0	0	1	42	1	1000	1	30	1	500	1	75	2	-25	0	0	0	0	1	41	1	3	0	0	0	0	0	0	0	0	0	0	0	0	0	0	0	0	0	0	0	0	0	0	0	0	0	1	0	0	0	0	0	0	0	0	0	0	0	0	0	0	0	0	0	0	0	0	0	0	0	0	0	0	0	0	0	0	0	0	0	0	319	451.95	0	0	0	0	0	0	0	0	0	0	0	0		//		-21		-19		-40	-8	-6	71
	50128	0	0	오시리스의_에테르블래스터	30586	1	FFFF00	30013	11590	1073	1073	3083	39999	0	16	0	16	0	Null	0	Null	0	1	1	270	23	94	619950	1	9620	9620	1	0	1	2	125	0	0	71	0	0	0	0	0	0	0	0	0	0	0.8 	115 	0	0	1	1	3	1.5	0	0	0	0	0	0	0	0	0	0	0	0	0	0	1	0	0	0	1	42	1	1000	1	30	1	500	1	75	2	-25	0	0	0	0	1	41	1	4	0	0	0	0	0	0	0	0	0	0	0	0	0	0	0	0	0	0	0	0	0	0	0	0	0	1	0	0	0	0	0	0	0	0	0	0	0	0	0	0	0	0	0	0	0	0	0	0	0	0	0	0	0	0	0	0	0	0	0	0	355.3	453.1	0	0	0	0	0	0	0	0	0	0	0	0		//			-27		-20	-47	-9.4	-7	71
	50320	0	0	세크메트의_아크블레이드_23등급아이템	30631	1	FFFF00	30017	11590	1104	1103	3103	39999	0	17	0	17	0	Null	0	Null	0	1	1	270	23	90	619950	1	9620	9620	1	0	1	2	125	0	0	71	0	0	0	0	0	0	0	0	0	0	0.8 	125 	0	0	1	1	3	2	0	0	0	0	0	0	0	0	0	0	0	0	0	0	0	1	0	0	1	42	1	1000	1	30	1	500	1	75	2	-25	0	0	0	0	1	41	1	4	0	0	0	0	0	0	0	0	0	0	0	0	0	0	0	0	0	0	0	0	0	0	0	0	0	1	0	0	0	0	0	0	0	0	0	0	0	0	0	0	0	0	0	0	0	0	0	0	0	0	0	0	0	0	0	0	0	0	0	0	290	365	0	0	0	0	0	0	0	0	0	0	0	0		//		-20	-24			-44	-8.8	-6	71
//엘리트 1.5차																																																																										0																																																																																																	//									
	50010	0	0	파괴신_니벨룽의_양손도끼	30381	1	FFFF00	30001	11591	922	922	2922	39999	0	1	0	1	0	Null	0	Null	0	1	1	270	24	100	619950	1	26936	26936	1	0	1	2	125	0	0	78	0	0	0	0	0	0	0 	0 	0	0	0.8 	105 	0	0	1	1	3	1.5 	0	0	0	0	0	0	0	0	1	0	0	0	0	0	0	0	0	0	1	42	1	1500	1	30	1	700	1	75	2	-25	0	0	0	0	1	41	1	3	0	0	0	0	0	0	0	0	0	0	0	0	0	0	0	0	0	0	0	0	0	0	0	0	0	1	0	0	0	0	0	0	0	0	0	0	0	0	0	0	0	0	0	0	0	0	0	0	0	0	0	0	0	0	0	0	0	0	0	0	442 	627 	0	0	0	0	0	0	0	0	0	0	0	0		//	-26		-27			-53	-10.6	-8	78
	50011	0	0	파괴신_니벨룽의_양손검	30382	1	FFFF00	30002	11591	923	923	2923	39999	0	2	0	2	0	Null	0	Null	0	1	1	270	24	100	400020	1	26936	26936	1	0	1	2	125	0	0	78	0	0	0	0	0	0	0 	0 	0	0	0.8 	115 	0	0	1	1	1	1.8 	0	0	0	0	0	0	0	0	1	0	0	0	0	0	0	0	0	0	1	42	1	1500	1	30	1	700	1	75	2	-25	0	0	0	0	1	41	1	5	0	0	0	0	0	0	0	0	0	0	0	0	0	0	0	0	0	0	0	0	0	0	0	0	0	1	0	0	0	0	0	0	0	0	0	0	0	0	0	0	0	0	0	0	0	0	0	0	0	0	0	0	0	0	0	0	0	0	0	0	479 	612 	0	0	0	0	0	0	0	0	0	0	0	0		//	-26		-27			-53	-10.6	-8	78
	50012	0	0	저주의_이그드라실의_한손검	30383	1	FFFF00	30003	11591	924	924	2924	39999	0	3	0	3	0	Null	0	Null	0	1	1	270	24	89	182520	1	26936	26936	1	0	1	2	125	0	0	78	0	0	0	0	0	0	0	0 	0	0	0.8 	135 	0	0	1	1	1	1	0	0	0	0	0	0	0	0	0	1	0	0	0	0	0	0	0	0	1	42	1	1500	1	30	1	700	1	75	2	-25	0	0	0	0	1	41	1	2	0	0	0	0	0	0	0	0	0	0	0	0	0	0	0	0	0	0	0	0	0	0	0	0	0	1	0	0	0	0	0	0	0	0	0	0	0	0	0	0	0	0	0	0	0	0	0	0	0	0	0	0	0	0	0	0	0	0	0	0	348 	401 	0	0	0	0	0	0	0	0	0	0	0	0		//	-22	-20				-42	-8.4	-6	78
	50013	0	0	저주의_이그드라실의_창	30384	1	FFFF00	30004	11591	925	925	2925	39999	0	4	0	4	0	Null	0	Null	0	1	1	270	24	89	281730	1	26936	26936	1	0	1	2	125	0	0	78	0	0	0	0	0	0	0	0 	0	0	0.8 	120 	0	0	1	1	1	2.5	0	0	0	0	0	0	0	0	0	1	0	0	0	0	0	0	0	0	1	42	1	1500	1	30	1	700	1	75	2	-25	0	0	0	0	1	41	1	4	0	0	0	0	0	0	0	0	0	0	0	0	0	0	0	0	0	0	0	0	0	0	0	0	0	1	0	0	0	0	0	0	0	0	0	0	0	0	0	0	0	0	0	0	0	0	0	0	0	0	0	0	0	0	0	0	0	0	0	0	383 	470 	0	0	0	0	0	0	0	0	0	0	0	0		//	-22	-20				-42	-8.4	-6	78
	50014	0	0	타락한_네프티스의_한손석궁	30385	1	FFFF00	30007	11591	926	926	2927	39999	0	7	0	7	0	Null	0	Null	0	1	1	270	24	79	219630	1	26936	26936	1	0	1	2	125	0	0	78	0	0	0	0	0	0	0	0 	0	0	0.8 	150 	0	0	2	2	2	19.0 	0	0	0	0	0	0	0	0	0	0	0	1	0	0	0	0	0	0	1	42	1	1500	1	30	1	700	1	75	2	-25	0	0	0	0	1	41	1	2	0	0	0	0	0	0	0	0	0	0	0	0	0	0	0	0	0	0	0	0	0	0	0	0	0	1	0	0	0	0	0	0	0	0	0	0	0	0	0	0	0	0	0	0	0	0	0	0	0	0	0	0	0	0	0	0	0	0	0	0	281 	338 	0	0	0	0	0	0	0	0	0	0	0	0		//	-16	-23				-39	-7.8	-5	78
	50015	0	0	타락한_네프티스의_에테르웨폰	30386	1	FFFF00	30008	11591	927	927	2926	39999	0	8	0	8	0	Null	0	Null	0	1	1	270	24	79	543750	1	26936	26936	1	0	1	2	125	0	0	78	0	0	0	0	0	0	0	0 	0	0	0.8 	105 	0	0	2	2	2	16	0	0	0	0	0	0	0	0	0	0	0	1	0	0	0	0	0	0	1	42	1	1500	1	30	1	700	1	75	2	-25	0	0	0	0	1	41	1	3	0	0	0	0	0	0	0	0	0	0	0	0	0	0	0	0	0	0	0	0	0	0	0	0	0	1	0	0	0	0	0	0	0	0	0	0	0	0	0	0	0	0	0	0	0	0	0	0	0	0	0	0	0	0	0	0	0	0	0	0	340 	472 	0	0	0	0	0	0	0	0	0	0	0	0		//	-16	-23				-39	-7.8	-5	78
	50016	0	0	죽음의_클로리스의_지팡이	30387	1	FFFF00	30009	11591	928	928	2928	39999	0	10	0	10	0	Null	0	Null	0	1	1	270	24	71	408600	1	26936	26936	1	0	1	2	125	0	0	78	0	0	0	0	0	0	0	0 	0	0	0.8 	95 	0	0	1	1	4	2.5	0	0	0	0	0	0	0	0	0	0	0	0	1	0	0	0	0	0	1	42	1	1500	1	30	1	700	1	75	2	-25	0	0	0	0	1	41	1	1	0	0	0	0	0	0	0	0	0	0	0	0	0	0	0	0	0	0	0	0	0	0	0	0	0	1	0	0	0	0	0	0	0	0	0	0	0	0	0	0	0	0	0	0	0	0	0	0	0	0	0	0	0	0	0	0	0	0	0	0	530 	576 	0	0	0	0	0	0	0	0	0	0	0	0		//				-25	-22	-47	-9.4	-7	78
	50017	0	0	죽음의_클로리스의_오브	30388	1	FFFF00	30010	11591	929	929	2929	39999	0	11	0	11	0	Null	0	Null	0	1	1	270	24	71	343080	1	26936	26936	1	0	1	2	125	0	0	78	0	0	0	0	0	0	0	0 	0	0	0.8 	100 	0	0	2	2	4	13	0	0	0	0	0	0	0	0	0	0	0	0	1	0	0	0	0	0	1	42	1	1500	1	30	1	700	1	75	2	-25	1	34	2	-5	1	41	1	1	0	0	0	0	0	0	0	0	0	0	0	0	0	0	0	0	0	0	0	0	0	0	0	0	0	1	0	0	0	0	0	0	0	0	0	0	0	0	0	0	0	0	0	0	0	0	0	0	0	0	0	0	0	0	0	0	0	0	0	0	426 	458 	0	0	0	0	0	0	0	0	0	0	0	0		//				-25	-22	-47	-9.4	-7	78
	50018	0	0	탐욕의_야누비스의_대거	30389	1	FFFF00	31156	11591	930	930	2930	39999	0	5	0	5	0	Null	0	Null	0	1	1	270	24	88	182520	1	26936	26936	1	0	1	2	125	0	0	78	0	0	0	0	0	0	0	0 	0	0	0.8 	140 	0	0	1	1	1	2.5	0	0	0	0	0	0	0	0	0	0	1	0	0	0	0	0	0	0	1	42	1	1500	1	30	1	700	1	75	2	-25	0	0	0	0	1	41	1	2	0	0	0	0	0	0	0	0	0	0	0	0	0	0	0	0	0	0	0	0	0	0	0	0	0	1	0	0	0	0	0	0	0	0	0	0	0	0	0	0	0	0	0	0	0	0	0	0	0	0	0	0	0	0	0	0	0	0	0	0	361 	408 	0	0	0	0	0	0	0	0	0	0	0	0		//	-19			-18		-37	-7.4	-5	78
	50019	0	0	탐욕의_야누비스의_채찍검	30390	1	FFFF00	31157	11591	931	931	2931	39999	0	6	0	6	0	Null	0	Null	0	1	1	270	24	88	281730	1	26936	26936	1	0	1	2	125	0	0	78	0	0	0	0	0	0	0	0 	0	0	0.8 	125 	0	0	1	1	1	3.5	0	0	0	0	0	0	0	0	0	0	1	0	0	0	0	0	0	0	1	42	1	1500	1	30	1	700	1	75	2	-25	0	0	0	0	1	41	1	3	0	0	0	0	0	0	0	0	0	0	0	0	0	0	0	0	0	0	0	0	0	0	0	0	0	1	0	0	0	0	0	0	0	0	0	0	0	0	0	0	0	0	0	0	0	0	0	0	0	0	0	0	0	0	0	0	0	0	0	0	376 	470 	0	0	0	0	0	0	0	0	0	0	0	0		//	-19			-18		-37	-7.4	-5	78
	50052	0	0	증오의_헤카테_건틀렛	30492	1	FFFF00	30011	11591	959	959	2959	39999	0	14	0	12	0	Null	0	Null	0	1	1	270	24	89	619950	1	26936	26936	1	0	1	2	125	0	0	78	0	0	0	0	0	0	0	0	0	0	0.8 	135 	0	0	1	1	3	1	0	0	0	0	0	0	0	0	0	0	0	0	0	1	0	0	0	0	1	42	1	1500	1	30	1	700	1	75	2	-25	0	0	0	0	1	41	1	2	0	0	0	0	0	0	0	0	0	0	0	0	0	0	0	0	0	0	0	0	0	0	0	0	0	1	0	0	0	0	0	0	0	0	0	0	0	0	0	0	0	0	0	0	0	0	0	0	0	0	0	0	0	0	0	0	0	0	0	0	392.7	453.1	0	0	0	0	0	0	0	0	0	0	0	0		//		-21		-19		-40	-8	-6	78
	50053	0	0	증오의_헤카테_에테르사이드	30522	1	FFFF00	30012	11591	980	980	2980	39999	0	15	0	13	0	Null	0	Null	0	1	1	270	24	89	400020	1	26936	26936	1	0	1	2	125	0	0	78	0	0	0	0	0	0	0	0	0	0	0.8 	120 	0	0	1	1	1	2	0	0	0	0	0	0	0	0	0	0	0	0	0	1	0	0	0	0	1	42	1	1500	1	30	1	700	1	75	2	-25	0	0	0	0	1	41	1	3	0	0	0	0	0	0	0	0	0	0	0	0	0	0	0	0	0	0	0	0	0	0	0	0	0	1	0	0	0	0	0	0	0	0	0	0	0	0	0	0	0	0	0	0	0	0	0	0	0	0	0	0	0	0	0	0	0	0	0	0	374	529	0	0	0	0	0	0	0	0	0	0	0	0		//		-21		-19		-40	-8	-6	78
	50129	0	0	분노의_오시리스_에테르블래스터	30587	1	FFFF00	30013	11591	1074	1074	3084	39999	0	16	0	16	0	Null	0	Null	0	1	1	270	24	100	619950	1	26936	26936	1	0	1	2	125	0	0	78	0	0	0	0	0	0	0	0	0	0	0.8 	115 	0	0	1	1	3	1.5	0	0	0	0	0	0	0	0	0	0	0	0	0	0	1	0	0	0	1	42	1	1500	1	30	1	700	1	75	2	-25	0	0	0	0	1	41	1	4	0	0	0	0	0	0	0	0	0	0	0	0	0	0	0	0	0	0	0	0	0	0	0	0	0	1	0	0	0	0	0	0	0	0	0	0	0	0	0	0	0	0	0	0	0	0	0	0	0	0	0	0	0	0	0	0	0	0	0	0	415.8	531.3	0	0	0	0	0	0	0	0	0	0	0	0		//			-27		-20	-47	-9.4	-7	78
	50321	0	0	냉정한세크메트의_아크블레이드_24등급아이템	30632	1	FFFF00	30017	11591	1106	1105	3104	39999	0	17	0	17	0	Null	0	Null	0	1	1	270	24	94	619950	1	26936	26936	1	0	1	2	125	0	0	78	0	0	0	0	0	0	0	0	0	0	0.8 	125 	0	0	1	1	3	2	0	0	0	0	0	0	0	0	0	0	0	0	0	0	0	1	0	0	1	42	1	1500	1	30	1	700	1	75	2	-25	0	0	0	0	1	41	1	4	0	0	0	0	0	0	0	0	0	0	0	0	0	0	0	0	0	0	0	0	0	0	0	0	0	1	0	0	0	0	0	0	0	0	0	0	0	0	0	0	0	0	0	0	0	0	0	0	0	0	0	0	0	0	0	0	0	0	0	0	341	427	0	0	0	0	0	0	0	0	0	0	0	0		//		-20	-24			-44	-8.8	-6	78
//엘리트 2차																																																																										0																																																																																																	//									
	50020	0	0	메르카바의_양손도끼	30401	1	FFFF00	30001	11590	932	932	2932	39999	0	1	0	1	0	Null	0	Null	0	1	1	270	25	106	619950	1	44252	44252	1	0	1	2	125	0	0	85	0	0	0	0	0	0	0 	0 	0	0	0.8 	105 	0	0	1	1	3	1.5 	0	0	0	0	0	0	0	0	1	0	0	0	0	0	0	0	0	0	1	42	1	2000	1	30	1	1000	1	75	2	-25	0	0	0	0	1	41	1	3	0	0	0	0	0	0	0	0	0	0	0	0	0	0	0	0	0	0	0	0	0	0	0	0	0	1	0	0	0	0	0	0	0	0	0	0	0	0	0	0	0	0	0	0	0	0	0	0	0	0	0	0	0	0	0	0	0	0	0	0	518 	734 	0	0	0	0	0	0	0	0	0	0	0	0		//	-26		-27			-53	-10.6	-8	85
	50021	0	0	메르카바의_양손검	30402	1	FFFF00	30002	11590	933	933	2933	39999	0	2	0	2	0	Null	0	Null	0	1	1	270	25	106	400020	1	44252	44252	1	0	1	2	125	0	0	85	0	0	0	0	0	0	0 	0 	0	0	0.8 	115 	0	0	1	1	1	1.8 	0	0	0	0	0	0	0	0	1	0	0	0	0	0	0	0	0	0	1	42	1	2000	1	30	1	1000	1	75	2	-25	0	0	0	0	1	41	1	5	0	0	0	0	0	0	0	0	0	0	0	0	0	0	0	0	0	0	0	0	0	0	0	0	0	1	0	0	0	0	0	0	0	0	0	0	0	0	0	0	0	0	0	0	0	0	0	0	0	0	0	0	0	0	0	0	0	0	0	0	560 	715 	0	0	0	0	0	0	0	0	0	0	0	0		//	-26		-27			-53	-10.6	-8	85
	50022	0	0	이슈타르의_한손검	30403	1	FFFF00	30003	11590	934	934	2934	39999	0	3	0	3	0	Null	0	Null	0	1	1	270	25	94	182520	1	44252	44252	1	0	1	2	125	0	0	85	0	0	0	0	0	0	0	0 	0	0	0.8 	135 	0	0	1	1	1	1	0	0	0	0	0	0	0	0	0	1	0	0	0	0	0	0	0	0	1	42	1	2000	1	30	1	1000	1	75	2	-25	0	0	0	0	1	41	1	2	0	0	0	0	0	0	0	0	0	0	0	0	0	0	0	0	0	0	0	0	0	0	0	0	0	1	0	0	0	0	0	0	0	0	0	0	0	0	0	0	0	0	0	0	0	0	0	0	0	0	0	0	0	0	0	0	0	0	0	0	407 	470 	0	0	0	0	0	0	0	0	0	0	0	0		//	-22	-20				-42	-8.4	-6	85
	50023	0	0	이슈타르의_창	30404	1	FFFF00	30004	11590	935	935	2935	39999	0	4	0	4	0	Null	0	Null	0	1	1	270	25	94	281730	1	44252	44252	1	0	1	2	125	0	0	85	0	0	0	0	0	0	0	0 	0	0	0.8 	120 	0	0	1	1	1	2.5	0	0	0	0	0	0	0	0	0	1	0	0	0	0	0	0	0	0	1	42	1	2000	1	30	1	1000	1	75	2	-25	0	0	0	0	1	41	1	4	0	0	0	0	0	0	0	0	0	0	0	0	0	0	0	0	0	0	0	0	0	0	0	0	0	1	0	0	0	0	0	0	0	0	0	0	0	0	0	0	0	0	0	0	0	0	0	0	0	0	0	0	0	0	0	0	0	0	0	0	448 	550 	0	0	0	0	0	0	0	0	0	0	0	0		//	-22	-20				-42	-8.4	-6	85
	50024	0	0	카르시스의_한손석궁	30407	1	FFFF00	30007	11590	936	936	2936	39999	0	7	0	7	0	Null	0	Null	0	1	1	270	25	84	219630	1	44252	44252	1	0	1	2	125	0	0	85	0	0	0	0	0	0	0	0 	0	0	0.8 	150 	0	0	2	2	2	19.0 	0	0	0	0	0	0	0	0	0	0	0	1	0	0	0	0	0	0	1	42	1	2000	1	30	1	1000	1	75	2	-25	0	0	0	0	1	41	1	2	0	0	0	0	0	0	0	0	0	0	0	0	0	0	0	0	0	0	0	0	0	0	0	0	0	1	0	0	0	0	0	0	0	0	0	0	0	0	0	0	0	0	0	0	0	0	0	0	0	0	0	0	0	0	0	0	0	0	0	0	329 	396 	0	0	0	0	0	0	0	0	0	0	0	0		//	-16	-23				-39	-7.8	-5	85
	50025	0	0	카르시스의_에테르웨폰	30408	1	FFFF00	30008	11590	937	937	2937	39999	0	8	0	8	0	Null	0	Null	0	1	1	270	25	84	543750	1	44252	44252	1	0	1	2	125	0	0	85	0	0	0	0	0	0	0	0 	0	0	0.8 	105 	0	0	2	2	2	16	0	0	0	0	0	0	0	0	0	0	0	1	0	0	0	0	0	0	1	42	1	2000	1	30	1	1000	1	75	2	-25	0	0	0	0	1	41	1	3	0	0	0	0	0	0	0	0	0	0	0	0	0	0	0	0	0	0	0	0	0	0	0	0	0	1	0	0	0	0	0	0	0	0	0	0	0	0	0	0	0	0	0	0	0	0	0	0	0	0	0	0	0	0	0	0	0	0	0	0	398 	553 	0	0	0	0	0	0	0	0	0	0	0	0		//	-16	-23				-39	-7.8	-5	85
	50026	0	0	마라크의_지팡이	30405	1	FFFF00	30009	11590	938	938	2938	39999	0	10	0	10	0	Null	0	Null	0	1	1	270	25	75	408600	1	44252	44252	1	0	1	2	125	0	0	85	0	0	0	0	0	0	0	0 	0	0	0.8 	95 	0	0	1	1	4	2.5	0	0	0	0	0	0	0	0	0	0	0	0	1	0	0	0	0	0	1	42	1	2000	1	30	1	1000	1	75	2	-25	0	0	0	0	1	41	1	1	0	0	0	0	0	0	0	0	0	0	0	0	0	0	0	0	0	0	0	0	0	0	0	0	0	1	0	0	0	0	0	0	0	0	0	0	0	0	0	0	0	0	0	0	0	0	0	0	0	0	0	0	0	0	0	0	0	0	0	0	620 	675 	0	0	0	0	0	0	0	0	0	0	0	0		//				-25	-22	-47	-9.4	-7	85
	50027	0	0	마라크의_오브	30406	1	FFFF00	30010	11590	939	939	2939	39999	0	11	0	11	0	Null	0	Null	0	1	1	270	25	75	343080	1	44252	44252	1	0	1	2	125	0	0	85	0	0	0	0	0	0	0	0 	0	0	0.8 	100 	0	0	2	2	4	13	0	0	0	0	0	0	0	0	0	0	0	0	1	0	0	0	0	0	1	42	1	2000	1	30	1	1000	1	75	2	-25	1	34	2	-5	1	41	1	1	0	0	0	0	0	0	0	0	0	0	0	0	0	0	0	0	0	0	0	0	0	0	0	0	0	1	0	0	0	0	0	0	0	0	0	0	0	0	0	0	0	0	0	0	0	0	0	0	0	0	0	0	0	0	0	0	0	0	0	0	498 	536 	0	0	0	0	0	0	0	0	0	0	0	0		//				-25	-22	-47	-9.4	-7	85
	50028	0	0	지브릴_대검	30409	1	FFFF00	31156	11590	940	940	2940	39999	0	5	0	5	0	Null	0	Null	0	1	1	270	25	93	182520	1	44252	44252	1	0	1	2	125	0	0	85	0	0	0	0	0	0	0	0 	0	0	0.8 	140 	0	0	1	1	1	2.5	0	0	0	0	0	0	0	0	0	0	1	0	0	0	0	0	0	0	1	42	1	2000	1	30	1	1000	1	75	2	-25	0	0	0	0	1	41	1	2	0	0	0	0	0	0	0	0	0	0	0	0	0	0	0	0	0	0	0	0	0	0	0	0	0	1	0	0	0	0	0	0	0	0	0	0	0	0	0	0	0	0	0	0	0	0	0	0	0	0	0	0	0	0	0	0	0	0	0	0	422 	478 	0	0	0	0	0	0	0	0	0	0	0	0		//	-19			-18		-37	-7.4	-5	85
	50029	0	0	지브릴_채찍검	30410	1	FFFF00	31157	11590	941	941	2941	39999	0	6	0	6	0	Null	0	Null	0	1	1	270	25	93	281730	1	44252	44252	1	0	1	2	125	0	0	85	0	0	0	0	0	0	0	0 	0	0	0.8 	125 	0	0	1	1	1	3.5	0	0	0	0	0	0	0	0	0	0	1	0	0	0	0	0	0	0	1	42	1	2000	1	30	1	1000	1	75	2	-25	0	0	0	0	1	41	1	3	0	0	0	0	0	0	0	0	0	0	0	0	0	0	0	0	0	0	0	0	0	0	0	0	0	1	0	0	0	0	0	0	0	0	0	0	0	0	0	0	0	0	0	0	0	0	0	0	0	0	0	0	0	0	0	0	0	0	0	0	440 	551 	0	0	0	0	0	0	0	0	0	0	0	0		//	-19			-18		-37	-7.4	-5	85
	50054	0	0	핀디아스의_건틀렛	30493	1	FFFF00	30011	11592	958	958	2958	39999	0	14	0	12	0	Null	0	Null	0	1	1	270	25	94	619950	1	44252	44252	1	0	1	2	125	0	0	85	0	0	0	0	0	0	0	0	0	0	0.8 	135 	0	0	1	1	3	1	0	0	0	0	0	0	0	0	0	0	0	0	0	1	0	0	0	0	1	42	1	2000	1	30	1	1000	1	75	2	-25	0	0	0	0	1	41	1	2	0	0	0	0	0	0	0	0	0	0	0	0	0	0	0	0	0	0	0	0	0	0	0	0	0	1	0	0	0	0	0	0	0	0	0	0	0	0	0	0	0	0	0	0	0	0	0	0	0	0	0	0	0	0	0	0	0	0	0	0	459.8	531.3	0	0	0	0	0	0	0	0	0	0	0	0		//		-21		-19		-40	-8	-6	85
	50055	0	0	핀디아스의_에테르사이드	30523	1	FFFF00	30012	11592	979	979	2979	39999	0	15	0	13	0	Null	0	Null	0	1	1	270	25	94	400020	1	44252	44252	1	0	1	2	125	0	0	85	0	0	0	0	0	0	0	0	0	0	0.8 	120 	0	0	1	1	1	2	0	0	0	0	0	0	0	0	0	0	0	0	0	1	0	0	0	0	1	42	1	2000	1	30	1	1000	1	75	2	-25	0	0	0	0	1	41	1	3	0	0	0	0	0	0	0	0	0	0	0	0	0	0	0	0	0	0	0	0	0	0	0	0	0	1	0	0	0	0	0	0	0	0	0	0	0	0	0	0	0	0	0	0	0	0	0	0	0	0	0	0	0	0	0	0	0	0	0	0	436.7	618.7	0	0	0	0	0	0	0	0	0	0	0	0		//		-21		-19		-40	-8	-6	85
	50130	0	0	마르두크의_에테르블래스터	30588	1	FFFF00	30013	11592	1075	1075	3085	39999	0	16	0	16	0	Null	0	Null	0	1	1	270	25	105	619950	1	44252	44252	1	0	1	2	125	0	0	85	0	0	0	0	0	0	0	0	0	0	0.8 	115 	0	0	1	1	3	1.5	0	0	0	0	0	0	0	0	0	0	0	0	0	0	1	0	0	0	1	42	1	2000	1	30	1	1000	1	75	2	-25	0	0	0	0	1	41	1	4	0	0	0	0	0	0	0	0	0	0	0	0	0	0	0	0	0	0	0	0	0	0	0	0	0	1	0	0	0	0	0	0	0	0	0	0	0	0	0	0	0	0	0	0	0	0	0	0	0	0	0	0	0	0	0	0	0	0	0	0	485.1	621	0	0	0	0	0	0	0	0	0	0	0	0		//			-27		-20	-47	-9.4	-7	85
	50322	0	0	남타르의_아크블레이드_25등급아이템	30633	1	FFFF00	30017	11592	1108	1107	3105	39999	0	17	0	17	0	Null	0	Null	0	1	1	270	25	99	619950	1	44252	44252	1	0	1	2	125	0	0	85	0	0	0	0	0	0	0	0	0	0	0.8 	125 	0	0	1	1	3	2	0	0	0	0	0	0	0	0	0	0	0	0	0	0	0	1	0	0	1	42	1	2000	1	30	1	1000	1	75	2	-25	0	0	0	0	1	41	1	4	0	0	0	0	0	0	0	0	0	0	0	0	0	0	0	0	0	0	0	0	0	0	0	0	0	1	0	0	0	0	0	0	0	0	0	0	0	0	0	0	0	0	0	0	0	0	0	0	0	0	0	0	0	0	0	0	0	0	0	0	399	499	0	0	0	0	0	0	0	0	0	0	0	0		//		-20	-24			-44	-8.8	-6	85
//엘리트 2.5차																																																																										0																																																																																																	//									
	50078	0	0	피로물든_메르카바의_양손도끼	35743	1	FFFF00	30001	35742	986	986	2996	39999	0	1	0	1	0	Null	0	Null	0	1	1	270	26	111	619950	1	61568	61568	1	0	1	2	125	0	0	99	0	0	0	0	0	0	0 	0 	0 	0 	0.8 	105 	0	0	1	1	3	1.5 	0	0	0	0	0	0	0	0	1	0	0	0	0	0	0	0	0	0	1	42	1	2500	1	30	1	1500	1	75	2	-25	0	0	0	0	1	41	1	3	0	0	0	0	0	0	0	0	0	0	0	0	0	0	0	0	0	0	0	0	0	0	0	0	0	1	0	0	0	0	0	0	0	0	0	0	0	0	0	0	0	0	0	0	0	0	0	0	0	0	0	0	0	0	0	0	0	0	0	0	606 	858 	0	0	0	0	0	0	0	0	0	0	0	0		//	-26		-27			-53	-10.6	-8	99
	50079	0	0	피로물든_메르카바의_양손검	35743	1	FFFF00	30002	35742	987	987	2997	39999	0	2	0	2	0	Null	0	Null	0	1	1	270	26	111	400020	1	61568	61568	1	0	1	2	125	0	0	99	0	0	0	0	0	0	0 	0 	0 	0 	0.8 	115 	0	0	1	1	1	1.8 	0	0	0	0	0	0	0	0	1	0	0	0	0	0	0	0	0	0	1	42	1	2500	1	30	1	1500	1	75	2	-25	0	0	0	0	1	41	1	5	0	0	0	0	0	0	0	0	0	0	0	0	0	0	0	0	0	0	0	0	0	0	0	0	0	1	0	0	0	0	0	0	0	0	0	0	0	0	0	0	0	0	0	0	0	0	0	0	0	0	0	0	0	0	0	0	0	0	0	0	656 	838 	0	0	0	0	0	0	0	0	0	0	0	0		//	-26		-27			-53	-10.6	-8	99
	50080	0	0	피로물든_이슈타르의_한손검	35744	1	FFFF00	30003	35742	988	988	2998	39999	0	3	0	3	0	Null	0	Null	0	1	1	270	26	99	182520	1	61568	61568	1	0	1	2	125	0	0	99	0	0	0	0	0	0	0 	0 	0 	0 	0.8 	135 	0	0	1	1	1	1	0	0	0	0	0	0	0	0	0	1	0	0	0	0	0	0	0	0	1	42	1	2500	1	30	1	1500	1	75	2	-25	0	0	0	0	1	41	1	2	0	0	0	0	0	0	0	0	0	0	0	0	0	0	0	0	0	0	0	0	0	0	0	0	0	1	0	0	0	0	0	0	0	0	0	0	0	0	0	0	0	0	0	0	0	0	0	0	0	0	0	0	0	0	0	0	0	0	0	0	476 	550 	0	0	0	0	0	0	0	0	0	0	0	0		//	-22	-20				-42	-8.4	-6	99
	50081	0	0	피로물든_이슈타르의_창	35744	1	FFFF00	30004	35742	989	989	2999	39999	0	4	0	4	0	Null	0	Null	0	1	1	270	26	99	281730	1	61568	61568	1	0	1	2	125	0	0	99	0	0	0	0	0	0	0 	0 	0 	0 	0.8 	120 	0	0	1	1	1	2.5	0	0	0	0	0	0	0	0	0	1	0	0	0	0	0	0	0	0	1	42	1	2500	1	30	1	1500	1	75	2	-25	0	0	0	0	1	41	1	4	0	0	0	0	0	0	0	0	0	0	0	0	0	0	0	0	0	0	0	0	0	0	0	0	0	1	0	0	0	0	0	0	0	0	0	0	0	0	0	0	0	0	0	0	0	0	0	0	0	0	0	0	0	0	0	0	0	0	0	0	525 	644 	0	0	0	0	0	0	0	0	0	0	0	0		//	-22	-20				-42	-8.4	-6	99
	50082	0	0	피로물든_카르시스의_한손석궁	35745	1	FFFF00	30007	35742	990	990	3000	39999	0	7	0	7	0	Null	0	Null	0	1	1	270	26	88	219630	1	61568	61568	1	0	1	2	125	0	0	99	0	0	0	0	0	0	0 	0 	0 	0 	0.8 	150 	0	0	2	2	2	19.0 	0	0	0	0	0	0	0	0	0	0	0	1	0	0	0	0	0	0	1	42	1	2500	1	30	1	1500	1	75	2	-25	0	0	0	0	1	41	1	2	0	0	0	0	0	0	0	0	0	0	0	0	0	0	0	0	0	0	0	0	0	0	0	0	0	1	0	0	0	0	0	0	0	0	0	0	0	0	0	0	0	0	0	0	0	0	0	0	0	0	0	0	0	0	0	0	0	0	0	0	385 	463 	0	0	0	0	0	0	0	0	0	0	0	0		//	-16	-23				-39	-7.8	-5	99
	50083	0	0	피로물든_카르시스의_에테르웨폰	35745	1	FFFF00	30008	35742	991	991	3001	39999	0	8	0	8	0	Null	0	Null	0	1	1	270	26	88	543750	1	61568	61568	1	0	1	2	125	0	0	99	0	0	0	0	0	0	0 	0 	0 	0 	0.8 	105 	0	0	2	2	2	16	0	0	0	0	0	0	0	0	0	0	0	1	0	0	0	0	0	0	1	42	1	2500	1	30	1	1500	1	75	2	-25	0	0	0	0	1	41	1	3	0	0	0	0	0	0	0	0	0	0	0	0	0	0	0	0	0	0	0	0	0	0	0	0	0	1	0	0	0	0	0	0	0	0	0	0	0	0	0	0	0	0	0	0	0	0	0	0	0	0	0	0	0	0	0	0	0	0	0	0	465 	646 	0	0	0	0	0	0	0	0	0	0	0	0		//	-16	-23				-39	-7.8	-5	99
	50084	0	0	피로물든_미라크의_지팡이	35746	1	FFFF00	30009	35742	992	992	3002	39999	0	10	0	10	0	Null	0	Null	0	1	1	270	26	79	408600	1	61568	61568	1	0	1	2	125	0	0	99	0	0	0	0	0	0	0 	0 	0 	0 	0.8 	95 	0	0	1	1	4	2.5	0	0	0	0	0	0	0	0	0	0	0	0	1	0	0	0	0	0	1	42	1	2500	1	30	1	1500	1	75	2	-25	0	0	0	0	1	41	1	1	0	0	0	0	0	0	0	0	0	0	0	0	0	0	0	0	0	0	0	0	0	0	0	0	0	1	0	0	0	0	0	0	0	0	0	0	0	0	0	0	0	0	0	0	0	0	0	0	0	0	0	0	0	0	0	0	0	0	0	0	726 	790 	0	0	0	0	0	0	0	0	0	0	0	0		//				-25	-22	-47	-9.4	-7	99
	50085	0	0	피로물든_미라크의_오브	35746	1	FFFF00	30010	35742	993	993	3003	39999	0	11	0	11	0	Null	0	Null	0	1	1	270	26	79	343080	1	61568	61568	1	0	1	2	125	0	0	99	0	0	0	0	0	0	0 	0 	0 	0 	0.8 	100 	0	0	2	2	4	13	0	0	0	0	0	0	0	0	0	0	0	0	1	0	0	0	0	0	1	42	1	2500	1	30	1	1500	1	75	2	-25	1	34	2	-5	1	41	1	1	0	0	0	0	0	0	0	0	0	0	0	0	0	0	0	0	0	0	0	0	0	0	0	0	0	1	0	0	0	0	0	0	0	0	0	0	0	0	0	0	0	0	0	0	0	0	0	0	0	0	0	0	0	0	0	0	0	0	0	0	583 	629 	0	0	0	0	0	0	0	0	0	0	0	0		//				-25	-22	-47	-9.4	-7	99
	50086	0	0	피로물든_지브릴의_대거	35747	1	FFFF00	31156	35742	994	994	3004	39999	0	5	0	5	0	Null	0	Null	0	1	1	270	26	98	182520	1	61568	61568	1	0	1	2	125	0	0	99	0	0	0	0	0	0	0 	0 	0 	0 	0.8 	140 	0	0	1	1	1	2.5	0	0	0	0	0	0	0	0	0	0	1	0	0	0	0	0	0	0	1	42	1	2500	1	30	1	1500	1	75	2	-25	0	0	0	0	1	41	1	2	0	0	0	0	0	0	0	0	0	0	0	0	0	0	0	0	0	0	0	0	0	0	0	0	0	1	0	0	0	0	0	0	0	0	0	0	0	0	0	0	0	0	0	0	0	0	0	0	0	0	0	0	0	0	0	0	0	0	0	0	494 	559 	0	0	0	0	0	0	0	0	0	0	0	0		//	-19			-18		-37	-7.4	-5	99
	50087	0	0	피로물든_지브릴의_채찍검	35747	1	FFFF00	31157	35742	995	995	3005	39999	0	6	0	6	0	Null	0	Null	0	1	1	270	26	98	281730	1	61568	61568	1	0	1	2	125	0	0	99	0	0	0	0	0	0	0 	0 	0 	0 	0.8 	125 	0	0	1	1	1	3.5	0	0	0	0	0	0	0	0	0	0	1	0	0	0	0	0	0	0	1	42	1	2500	1	30	1	1500	1	75	2	-25	0	0	0	0	1	41	1	3	0	0	0	0	0	0	0	0	0	0	0	0	0	0	0	0	0	0	0	0	0	0	0	0	0	1	0	0	0	0	0	0	0	0	0	0	0	0	0	0	0	0	0	0	0	0	0	0	0	0	0	0	0	0	0	0	0	0	0	0	515 	645 	0	0	0	0	0	0	0	0	0	0	0	0		//	-19			-18		-37	-7.4	-5	99
	50088	0	0	피로물든_핀디아스의_건틀렛	35748	1	FFFF00	30011	35742	996	996	3006	39999	0	14	0	14	0	Null	0	Null	0	1	1	270	26	99	619950	1	61568	61568	1	0	1	2	125	0	0	99	0	0	0	0	0	0	0	0	0	0	0.8 	135 	0	0	1	1	3	1	0	0	0	0	0	0	0	0	0	0	0	0	0	1	0	0	0	0	1	42	1	2500	1	30	1	1500	1	75	2	-25	0	0	0	0	1	41	1	2	0	0	0	0	0	0	0	0	0	0	0	0	0	0	0	0	0	0	0	0	0	0	0	0	0	1	0	0	0	0	0	0	0	0	0	0	0	0	0	0	0	0	0	0	0	0	0	0	0	0	0	0	0	0	0	0	0	0	0	0	536.8	619.85	0	0	0	0	0	0	0	0	0	0	0	0		//		-21		-19		-40	-8	-6	99
	50089	0	0	피로물든_핀디아스의_에테르사이드	35748	1	FFFF00	30012	35742	997	997	3007	39999	0	15	0	15	0	Null	0	Null	0	1	1	270	26	99	400020	1	61568	61568	1	0	1	2	125	0	0	99	0	0	0	0	0	0	0	0	0	0	0.8 	120 	0	0	1	1	1	2	0	0	0	0	0	0	0	0	0	0	0	0	0	1	0	0	0	0	1	42	1	2500	1	30	1	1500	1	75	2	-25	0	0	0	0	1	41	1	3	0	0	0	0	0	0	0	0	0	0	0	0	0	0	0	0	0	0	0	0	0	0	0	0	0	1	0	0	0	0	0	0	0	0	0	0	0	0	0	0	0	0	0	0	0	0	0	0	0	0	0	0	0	0	0	0	0	0	0	0	511.5	724.5	0	0	0	0	0	0	0	0	0	0	0	0		//		-21		-19		-40	-8	-6	99
	50132	0	0	피로물든_마르두크의_에테르블래스터	30590	1	FFFF00	30013	35742	1076	1076	3086	39999	0	16	0	16	0	Null	0	Null	0	1	1	270	26	110	619950	1	61568	61568	1	0	1	2	125	0	0	99	0	0	0	0	0	0	0	0	0	0	0.8 	115 	0	0	1	1	3	1.5	0	0	0	0	0	0	0	0	0	0	0	0	0	0	1	0	0	0	1	42	1	2500	1	30	1	1500	1	75	2	-25	0	0	0	0	1	41	1	4	0	0	0	0	0	0	0	0	0	0	0	0	0	0	0	0	0	0	0	0	0	0	0	0	0	1	0	0	0	0	0	0	0	0	0	0	0	0	0	0	0	0	0	0	0	0	0	0	0	0	0	0	0	0	0	0	0	0	0	0	568.7	726.8	0	0	0	0	0	0	0	0	0	0	0	0		//			-27		-20	-47	-9.4	-7	99
	50324	0	0	피로물든남타르의_아크블레이드_26등급아이템	30635	1	FFFF00	30017	35742	1110	1109	3106	39999	0	17	0	17	0	Null	0	Null	0	1	1	270	26	104	619950	1	61568	61568	1	0	1	2	125	0	0	99	0	0	0	0	0	0	0	0	0	0	0.8 	125 	0	0	1	1	3	2	0	0	0	0	0	0	0	0	0	0	0	0	0	0	0	1	0	0	1	42	1	2500	1	30	1	1500	1	75	2	-25	0	0	0	0	1	41	1	4	0	0	0	0	0	0	0	0	0	0	0	0	0	0	0	0	0	0	0	0	0	0	0	0	0	1	0	0	0	0	0	0	0	0	0	0	0	0	0	0	0	0	0	0	0	0	0	0	0	0	0	0	0	0	0	0	0	0	0	0	466.4	585.35	0	0	0	0	0	0	0	0	0	0	0	0		//		-20	-24			-44	-8.8	-6	99
//엘리트 3차																																																																										0																																																																																																	//									
	50092	0	0	무스펠의_양손도끼	31048	1	FFFF00	30001	11590	1006	1006	3016	39999	0	1	0	1	0	Null	0	Null	0	1	1	270	27	116	619950	1	78884	78884	1	0	1	2	125	0	0	106	0	0	0	0	0	0	0 	0 	0 	0 	0.8 	105 	0	0	1	1	3	1.5 	0	0	0	0	0	0	0	0	1	0	0	0	0	0	0	0	0	0	1	42	1	3000	1	30	1	1700	1	75	2	-25	0	0	0	0	1	41	1	3	0	0	0	0	0	0	0	0	0	0	0	0	0	0	0	0	0	0	0	0	0	0	0	0	0	1	0	0	0	0	0	0	0	0	0	0	0	0	0	0	0	0	0	0	0	0	0	0	0	0	0	0	0	0	0	0	0	0	0	0	711 	1005 	0	0	0	0	0	0	0	0	0	0	0	0		//	-26		-27			-53	-10.6	-8	106
	50093	0	0	무스펠의_양손검	31048	1	FFFF00	30002	11590	1007	1007	3017	39999	0	2	0	2	0	Null	0	Null	0	1	1	270	27	116	400020	1	78884	78884	1	0	1	2	125	0	0	106	0	0	0	0	0	0	0 	0 	0 	0 	0.8 	115 	0	0	1	1	1	1.8 	0	0	0	0	0	0	0	0	1	0	0	0	0	0	0	0	0	0	1	42	1	3000	1	30	1	1700	1	75	2	-25	0	0	0	0	1	41	1	5	0	0	0	0	0	0	0	0	0	0	0	0	0	0	0	0	0	0	0	0	0	0	0	0	0	1	0	0	0	0	0	0	0	0	0	0	0	0	0	0	0	0	0	0	0	0	0	0	0	0	0	0	0	0	0	0	0	0	0	0	767 	980 	0	0	0	0	0	0	0	0	0	0	0	0		//	-26		-27			-53	-10.6	-8	106
	50094	0	0	요툰의_한손검	31049	1	FFFF00	30003	11590	1016	1016	3026	39999	0	3	0	3	0	Null	0	Null	0	1	1	270	27	104	182520	1	78884	78884	1	0	1	2	125	0	0	106	0	0	0	0	0	0	0 	0 	0 	0 	0.8 	135 	0	0	1	1	1	1	0	0	0	0	0	0	0	0	0	1	0	0	0	0	0	0	0	0	1	42	1	3000	1	30	1	1700	1	75	2	-25	0	0	0	0	1	41	1	2	0	0	0	0	0	0	0	0	0	0	0	0	0	0	0	0	0	0	0	0	0	0	0	0	0	1	0	0	0	0	0	0	0	0	0	0	0	0	0	0	0	0	0	0	0	0	0	0	0	0	0	0	0	0	0	0	0	0	0	0	558 	644 	0	0	0	0	0	0	0	0	0	0	0	0		//	-22	-20				-42	-8.4	-6	106
	50095	0	0	요툰의_창	31049	1	FFFF00	30004	11590	1017	1017	3027	39999	0	4	0	4	0	Null	0	Null	0	1	1	270	27	104	281730	1	78884	78884	1	0	1	2	125	0	0	106	0	0	0	0	0	0	0 	0 	0 	0 	0.8 	120 	0	0	1	1	1	2.5	0	0	0	0	0	0	0	0	0	1	0	0	0	0	0	0	0	0	1	42	1	3000	1	30	1	1700	1	75	2	-25	0	0	0	0	1	41	1	4	0	0	0	0	0	0	0	0	0	0	0	0	0	0	0	0	0	0	0	0	0	0	0	0	0	1	0	0	0	0	0	0	0	0	0	0	0	0	0	0	0	0	0	0	0	0	0	0	0	0	0	0	0	0	0	0	0	0	0	0	614 	753 	0	0	0	0	0	0	0	0	0	0	0	0		//	-22	-20				-42	-8.4	-6	106
	50096	0	0	바나의_한손석궁	31050	1	FFFF00	30007	11590	1026	1026	3036	39999	0	7	0	7	0	Null	0	Null	0	1	1	270	27	93	219630	1	78884	78884	1	0	1	2	125	0	0	106	0	0	0	0	0	0	0 	0 	0 	0 	0.8 	150 	0	0	2	2	2	19.0 	0	0	0	0	0	0	0	0	0	0	0	1	0	0	0	0	0	0	1	42	1	3000	1	30	1	1700	1	75	2	-25	0	0	0	0	1	41	1	2	0	0	0	0	0	0	0	0	0	0	0	0	0	0	0	0	0	0	0	0	0	0	0	0	0	1	0	0	0	0	0	0	0	0	0	0	0	0	0	0	0	0	0	0	0	0	0	0	0	0	0	0	0	0	0	0	0	0	0	0	451 	542 	0	0	0	0	0	0	0	0	0	0	0	0		//	-16	-23				-39	-7.8	-5	106
	50097	0	0	바나의_에테르웨폰	31050	1	FFFF00	30008	11590	1027	1027	3037	39999	0	8	0	8	0	Null	0	Null	0	1	1	270	27	93	543750	1	78884	78884	1	0	1	2	125	0	0	106	0	0	0	0	0	0	0 	0 	0 	0 	0.8 	105 	0	0	2	2	2	16	0	0	0	0	0	0	0	0	0	0	0	1	0	0	0	0	0	0	1	42	1	3000	1	30	1	1700	1	75	2	-25	0	0	0	0	1	41	1	3	0	0	0	0	0	0	0	0	0	0	0	0	0	0	0	0	0	0	0	0	0	0	0	0	0	1	0	0	0	0	0	0	0	0	0	0	0	0	0	0	0	0	0	0	0	0	0	0	0	0	0	0	0	0	0	0	0	0	0	0	546 	756 	0	0	0	0	0	0	0	0	0	0	0	0		//	-16	-23				-39	-7.8	-5	106
	50098	0	0	알브의_지팡이	31051	1	FFFF00	30009	11590	1036	1036	3046	39999	0	10	0	10	0	Null	0	Null	0	1	1	270	27	83	408600	1	78884	78884	1	0	1	2	125	0	0	106	0	0	0	0	0	0	0 	0 	0 	0 	0.8 	95 	0	0	1	1	4	2.5	0	0	0	0	0	0	0	0	0	0	0	0	1	0	0	0	0	0	1	42	1	3000	1	30	1	1700	1	75	2	-25	0	0	0	0	1	41	1	1	0	0	0	0	0	0	0	0	0	0	0	0	0	0	0	0	0	0	0	0	0	0	0	0	0	1	0	0	0	0	0	0	0	0	0	0	0	0	0	0	0	0	0	0	0	0	0	0	0	0	0	0	0	0	0	0	0	0	0	0	849 	923 	0	0	0	0	0	0	0	0	0	0	0	0		//				-25	-22	-47	-9.4	-7	106
	50099	0	0	알브의_오브	31051	1	FFFF00	30010	11590	1037	1037	3047	39999	0	11	0	11	0	Null	0	Null	0	1	1	270	27	83	343080	1	78884	78884	1	0	1	2	125	0	0	106	0	0	0	0	0	0	0 	0 	0 	0 	0.8 	100 	0	0	2	2	4	13	0	0	0	0	0	0	0	0	0	0	0	0	1	0	0	0	0	0	1	42	1	3000	1	30	1	1700	1	75	2	-25	1	34	2	-5	1	41	1	1	0	0	0	0	0	0	0	0	0	0	0	0	0	0	0	0	0	0	0	0	0	0	0	0	0	1	0	0	0	0	0	0	0	0	0	0	0	0	0	0	0	0	0	0	0	0	0	0	0	0	0	0	0	0	0	0	0	0	0	0	682 	735 	0	0	0	0	0	0	0	0	0	0	0	0		//				-25	-22	-47	-9.4	-7	106
	50124	0	0	니플의_대거	31052	1	FFFF00	31156	11590	1046	1046	3056	39999	0	5	0	5	0	Null	0	Null	0	1	1	270	27	103	182520	1	78884	78884	1	0	1	2	125	0	0	106	0	0	0	0	0	0	0 	0 	0 	0 	0.8 	140 	0	0	1	1	1	2.5	0	0	0	0	0	0	0	0	0	0	1	0	0	0	0	0	0	0	1	42	1	3000	1	30	1	1700	1	75	2	-25	0	0	0	0	1	41	1	2	0	0	0	0	0	0	0	0	0	0	0	0	0	0	0	0	0	0	0	0	0	0	0	0	0	1	0	0	0	0	0	0	0	0	0	0	0	0	0	0	0	0	0	0	0	0	0	0	0	0	0	0	0	0	0	0	0	0	0	0	579 	654 	0	0	0	0	0	0	0	0	0	0	0	0		//	-19			-18		-37	-7.4	-5	106
	50125	0	0	니플의_채찍검	31052	1	FFFF00	31157	11590	1047	1047	3057	39999	0	6	0	6	0	Null	0	Null	0	1	1	270	27	103	281730	1	78884	78884	1	0	1	2	125	0	0	106	0	0	0	0	0	0	0 	0 	0 	0 	0.8 	125 	0	0	1	1	1	3.5	0	0	0	0	0	0	0	0	0	0	1	0	0	0	0	0	0	0	1	42	1	3000	1	30	1	1700	1	75	2	-25	0	0	0	0	1	41	1	3	0	0	0	0	0	0	0	0	0	0	0	0	0	0	0	0	0	0	0	0	0	0	0	0	0	1	0	0	0	0	0	0	0	0	0	0	0	0	0	0	0	0	0	0	0	0	0	0	0	0	0	0	0	0	0	0	0	0	0	0	602 	754 	0	0	0	0	0	0	0	0	0	0	0	0		//	-19			-18		-37	-7.4	-5	106
	50126	0	0	스바르트의_건틀렛	31053	1	FFFF00	30011	11590	1056	1056	3066	39999	0	14	0	14	0	Null	0	Null	0	1	1	270	27	104	619950	1	78884	78884	1	0	1	2	125	0	0	106	0	0	0	0	0	0	0	0	0 	0 	0.8 	135 	0	0	1	1	3	1	0	0	0	0	0	0	0	0	0	0	0	0	0	1	0	0	0	0	1	42	1	3000	1	30	1	1700	1	75	2	-25	0	0	0	0	1	41	1	2	0	0	0	0	0	0	0	0	0	0	0	0	0	0	0	0	0	0	0	0	0	0	0	0	0	1	0	0	0	0	0	0	0	0	0	0	0	0	0	0	0	0	0	0	0	0	0	0	0	0	0	0	0	0	0	0	0	0	0	0	628.1	726.8	0	0	0	0	0	0	0	0	0	0	0	0		//		-21		-19		-40	-8	-6	106
	50127	0	0	스바르트의_에테르사이드	31053	1	FFFF00	30012	11590	1057	1057	3067	39999	0	15	0	15	0	Null	0	Null	0	1	1	270	27	104	400020	1	78884	78884	1	0	1	2	125	0	0	106	0	0	0	0	0	0	0	0	0 	0 	0.8 	120 	0	0	1	1	1	2	0	0	0	0	0	0	0	0	0	0	0	0	0	1	0	0	0	0	1	42	1	3000	1	30	1	1700	1	75	2	-25	0	0	0	0	1	41	1	3	0	0	0	0	0	0	0	0	0	0	0	0	0	0	0	0	0	0	0	0	0	0	0	0	0	1	0	0	0	0	0	0	0	0	0	0	0	0	0	0	0	0	0	0	0	0	0	0	0	0	0	0	0	0	0	0	0	0	0	0	598.4	847.55	0	0	0	0	0	0	0	0	0	0	0	0		//		-21		-19		-40	-8	-6	106
	50133	0	0	티르의_에테르블래스터	30591	1	FFFF00	30013	11590	1077	1077	3087	39999	0	16	0	16	0	Null	0	Null	0	1	1	270	27	115	619950	1	78884	78884	1	0	1	2	125	0	0	106	0	0	0	0	0	0	0	0	0 	0 	0.8 	115 	0	0	1	1	3	1.5	0	0	0	0	0	0	0	0	0	0	0	0	0	0	1	0	0	0	1	42	1	3000	1	30	1	1700	1	75	2	-25	0	0	0	0	1	41	1	4	0	0	0	0	0	0	0	0	0	0	0	0	0	0	0	0	0	0	0	0	0	0	0	0	0	1	0	0	0	0	0	0	0	0	0	0	0	0	0	0	0	0	0	0	0	0	0	0	0	0	0	0	0	0	0	0	0	0	0	0	664.4	849.85	0	0	0	0	0	0	0	0	0	0	0	0		//			-27		-20	-47	-9.4	-7	106
	50325	0	0	테미스의_아크블레이드_27등급아이템	30636	1	FFFF00	30017	11590	1112	1111	3107	39999	0	17	0	17	0	Null	0	Null	0	1	1	270	27	109	619950	1	78884	78884	1	0	1	2	125	0	0	106	0	0	0	0	0	0	0	0	0 	0 	0.8 	125 	0	0	1	1	3	2	0	0	0	0	0	0	0	0	0	0	0	0	0	0	0	1	0	0	1	42	1	3000	1	30	1	1700	1	75	2	-25	0	0	0	0	1	41	1	4	0	0	0	0	0	0	0	0	0	0	0	0	0	0	0	0	0	0	0	0	0	0	0	0	0	1	0	0	0	0	0	0	0	0	0	0	0	0	0	0	0	0	0	0	0	0	0	0	0	0	0	0	0	0	0	0	0	0	0	0	546	684	0	0	0	0	0	0	0	0	0	0	0	0		//		-20	-24			-44	-8.8	-6	106
//엘리트 3.5차																																																																										0																																																																																																	//									
	50573	0	0	검게물든_무스펠의_양손도끼	31054	1	FFFF00	30001	11590	82129	82129	82208	39999	0	1	0	1	0	Null	0	Null	0	1	1	270	28	121	619950	1	96200	96200	1	0	1	2	125	0	0	113	0	0	0	0	0	0	0 	0 	0 	0 	0.8 	105 	0	0	1	1	3	1.5 	0	0	0	0	0	0	0	0	1	0	0	0	0	0	0	0	0	0	1	42	1	3500	1	30	1	2000	1	75	2	-25	0	0	0	0	1	41	1	3	0	0	0	0	0	0	0	0	0	0	0	0	0	0	0	0	0	0	0	0	0	0	0	0	0	1	0	0	0	0	0	0	0	0	0	0	0	0	0	0	0	0	0	0	0	0	0	0	0	0	0	0	0	0	0	0	0	0	0	0	831 	1175 	0	0	0	0	0	0	0	0	0	0	0	0		//	-26		-27			-53	-10.6	-8	113
	50574	0	0	검게물든_무스펠의_양손검	31054	1	FFFF00	30002	11590	82130	82130	82209	39999	0	2	0	2	0	Null	0	Null	0	1	1	270	28	121	400020	1	96200	96200	1	0	1	2	125	0	0	113	0	0	0	0	0	0	0 	0 	0 	0 	0.8 	115 	0	0	1	1	1	1.8 	0	0	0	0	0	0	0	0	1	0	0	0	0	0	0	0	0	0	1	42	1	3500	1	30	1	2000	1	75	2	-25	0	0	0	0	1	41	1	5	0	0	0	0	0	0	0	0	0	0	0	0	0	0	0	0	0	0	0	0	0	0	0	0	0	1	0	0	0	0	0	0	0	0	0	0	0	0	0	0	0	0	0	0	0	0	0	0	0	0	0	0	0	0	0	0	0	0	0	0	898 	1147 	0	0	0	0	0	0	0	0	0	0	0	0		//	-26		-27			-53	-10.6	-8	113
	50575	0	0	검게물든_요툰의_한손검	31055	1	FFFF00	30003	11590	82131	82131	82210	39999	0	3	0	3	0	Null	0	Null	0	1	1	270	28	109	182520	1	96200	96200	1	0	1	2	125	0	0	113	0	0	0	0	0	0	0 	0 	0 	0 	0.8 	135 	0	0	1	1	1	1	0	0	0	0	0	0	0	0	0	1	0	0	0	0	0	0	0	0	1	42	1	3500	1	30	1	2000	1	75	2	-25	0	0	0	0	1	41	1	2	0	0	0	0	0	0	0	0	0	0	0	0	0	0	0	0	0	0	0	0	0	0	0	0	0	1	0	0	0	0	0	0	0	0	0	0	0	0	0	0	0	0	0	0	0	0	0	0	0	0	0	0	0	0	0	0	0	0	0	0	652 	754 	0	0	0	0	0	0	0	0	0	0	0	0		//	-22	-20				-42	-8.4	-6	113
	50576	0	0	검게물든_요툰의_창	31055	1	FFFF00	30004	11590	82132	82132	82211	39999	0	4	0	4	0	Null	0	Null	0	1	1	270	28	109	281730	1	96200	96200	1	0	1	2	125	0	0	113	0	0	0	0	0	0	0 	0 	0 	0 	0.8 	120 	0	0	1	1	1	2.5	0	0	0	0	0	0	0	0	0	1	0	0	0	0	0	0	0	0	1	42	1	3500	1	30	1	2000	1	75	2	-25	0	0	0	0	1	41	1	4	0	0	0	0	0	0	0	0	0	0	0	0	0	0	0	0	0	0	0	0	0	0	0	0	0	1	0	0	0	0	0	0	0	0	0	0	0	0	0	0	0	0	0	0	0	0	0	0	0	0	0	0	0	0	0	0	0	0	0	0	718 	881 	0	0	0	0	0	0	0	0	0	0	0	0		//	-22	-20				-42	-8.4	-6	113
	50577	0	0	검게물든_바나의_한손석궁	31056	1	FFFF00	30007	11590	82133	82133	82212	39999	0	7	0	7	0	Null	0	Null	0	1	1	270	28	97	219630	1	96200	96200	1	0	1	2	125	0	0	113	0	0	0	0	0	0	0 	0 	0 	0 	0.8 	150 	0	0	2	2	2	19.0 	0	0	0	0	0	0	0	0	0	0	0	1	0	0	0	0	0	0	1	42	1	3500	1	30	1	2000	1	75	2	-25	0	0	0	0	1	41	1	2	0	0	0	0	0	0	0	0	0	0	0	0	0	0	0	0	0	0	0	0	0	0	0	0	0	1	0	0	0	0	0	0	0	0	0	0	0	0	0	0	0	0	0	0	0	0	0	0	0	0	0	0	0	0	0	0	0	0	0	0	527 	635 	0	0	0	0	0	0	0	0	0	0	0	0		//	-16	-23				-39	-7.8	-5	113
	50578	0	0	검게물든_바나의_에테르웨폰	31056	1	FFFF00	30008	11590	82134	82134	82213	39999	0	8	0	8	0	Null	0	Null	0	1	1	270	28	97	543750	1	96200	96200	1	0	1	2	125	0	0	113	0	0	0	0	0	0	0 	0 	0 	0 	0.8 	105 	0	0	2	2	2	16	0	0	0	0	0	0	0	0	0	0	0	1	0	0	0	0	0	0	1	42	1	3500	1	30	1	2000	1	75	2	-25	0	0	0	0	1	41	1	3	0	0	0	0	0	0	0	0	0	0	0	0	0	0	0	0	0	0	0	0	0	0	0	0	0	1	0	0	0	0	0	0	0	0	0	0	0	0	0	0	0	0	0	0	0	0	0	0	0	0	0	0	0	0	0	0	0	0	0	0	639 	886 	0	0	0	0	0	0	0	0	0	0	0	0		//	-16	-23				-39	-7.8	-5	113
	50579	0	0	검게물든_알브의_지팡이	31057	1	FFFF00	30009	11590	82135	82135	82214	39999	0	10	0	10	0	Null	0	Null	0	1	1	270	28	87	408600	1	96200	96200	1	0	1	2	125	0	0	113	0	0	0	0	0	0	0 	0 	0 	0 	0.8 	95 	0	0	1	1	4	2.5	0	0	0	0	0	0	0	0	0	0	0	0	1	0	0	0	0	0	1	42	1	3500	1	30	1	2000	1	75	2	-25	0	0	0	0	1	41	1	1	0	0	0	0	0	0	0	0	0	0	0	0	0	0	0	0	0	0	0	0	0	0	0	0	0	1	0	0	0	0	0	0	0	0	0	0	0	0	0	0	0	0	0	0	0	0	0	0	0	0	0	0	0	0	0	0	0	0	0	0	993 	1081 	0	0	0	0	0	0	0	0	0	0	0	0		//				-25	-22	-47	-9.4	-7	113
	50580	0	0	검게물든_알브의_오브	31057	1	FFFF00	30010	11590	82136	82136	82215	39999	0	11	0	11	0	Null	0	Null	0	1	1	270	28	87	343080	1	96200	96200	1	0	1	2	125	0	0	113	0	0	0	0	0	0	0 	0 	0 	0 	0.8 	100 	0	0	2	2	4	13	0	0	0	0	0	0	0	0	0	0	0	0	1	0	0	0	0	0	1	42	1	3500	1	30	1	2000	1	75	2	-25	1	34	2	-5	1	41	1	1	0	0	0	0	0	0	0	0	0	0	0	0	0	0	0	0	0	0	0	0	0	0	0	0	0	1	0	0	0	0	0	0	0	0	0	0	0	0	0	0	0	0	0	0	0	0	0	0	0	0	0	0	0	0	0	0	0	0	0	0	798 	860 	0	0	0	0	0	0	0	0	0	0	0	0		//				-25	-22	-47	-9.4	-7	113
	50581	0	0	검게물든_니플의_대거	31058	1	FFFF00	31156	11590	82137	82137	82216	39999	0	5	0	5	0	Null	0	Null	0	1	1	270	28	108	182520	1	96200	96200	1	0	1	2	125	0	0	113	0	0	0	0	0	0	0 	0 	0 	0 	0.8 	140 	0	0	1	1	1	2.5	0	0	0	0	0	0	0	0	0	0	1	0	0	0	0	0	0	0	1	42	1	3500	1	30	1	2000	1	75	2	-25	0	0	0	0	1	41	1	2	0	0	0	0	0	0	0	0	0	0	0	0	0	0	0	0	0	0	0	0	0	0	0	0	0	1	0	0	0	0	0	0	0	0	0	0	0	0	0	0	0	0	0	0	0	0	0	0	0	0	0	0	0	0	0	0	0	0	0	0	677 	766 	0	0	0	0	0	0	0	0	0	0	0	0		//	-19			-18		-37	-7.4	-5	113
	50582	0	0	검게물든_니플의_채찍검	31058	1	FFFF00	31157	11590	82138	82138	82217	39999	0	6	0	6	0	Null	0	Null	0	1	1	270	28	108	281730	1	96200	96200	1	0	1	2	125	0	0	113	0	0	0	0	0	0	0 	0 	0 	0 	0.8 	125 	0	0	1	1	1	3.5	0	0	0	0	0	0	0	0	0	0	1	0	0	0	0	0	0	0	1	42	1	3500	1	30	1	2000	1	75	2	-25	0	0	0	0	1	41	1	3	0	0	0	0	0	0	0	0	0	0	0	0	0	0	0	0	0	0	0	0	0	0	0	0	0	1	0	0	0	0	0	0	0	0	0	0	0	0	0	0	0	0	0	0	0	0	0	0	0	0	0	0	0	0	0	0	0	0	0	0	705 	883 	0	0	0	0	0	0	0	0	0	0	0	0		//	-19			-18		-37	-7.4	-5	113
	50583	0	0	검게물든_스바르트의_건틀렛	31059	1	FFFF00	30011	11590	82139	82139	82218	39999	0	14	0	14	0	Null	0	Null	0	1	1	270	28	109	619950	1	96200	96200	1	0	1	2	125	0	0	113	0	0	0	0	0	0	0	0	0 	0 	0.8 	135 	0	0	1	1	3	1	0	0	0	0	0	0	0	0	0	0	0	0	0	1	0	0	0	0	1	42	1	3500	1	30	1	2000	1	75	2	-25	0	0	0	0	1	41	1	2	0	0	0	0	0	0	0	0	0	0	0	0	0	0	0	0	0	0	0	0	0	0	0	0	0	1	0	0	0	0	0	0	0	0	0	0	0	0	0	0	0	0	0	0	0	0	0	0	0	0	0	0	0	0	0	0	0	0	0	0	735	850	0	0	0	0	0	0	0	0	0	0	0	0		//		-21		-19		-40	-8	-6	113
	50584	0	0	검게물든_스바르트의_에테르사이드	31059	1	FFFF00	30012	11590	82140	82140	82219	39999	0	15	0	15	0	Null	0	Null	0	1	1	270	28	109	400020	1	96200	96200	1	0	1	2	125	0	0	113	0	0	0	0	0	0	0	0	0 	0 	0.8 	120 	0	0	1	1	1	2	0	0	0	0	0	0	0	0	0	0	0	0	0	1	0	0	0	0	1	42	1	3500	1	30	1	2000	1	75	2	-25	0	0	0	0	1	41	1	3	0	0	0	0	0	0	0	0	0	0	0	0	0	0	0	0	0	0	0	0	0	0	0	0	0	1	0	0	0	0	0	0	0	0	0	0	0	0	0	0	0	0	0	0	0	0	0	0	0	0	0	0	0	0	0	0	0	0	0	0	701	991	0	0	0	0	0	0	0	0	0	0	0	0		//		-21		-19		-40	-8	-6	113
	50585	0	0	검게물든_티르의_에테르블래스터	31060	1	FFFF00	30013	11590	82141	82141	82220	39999	0	16	0	16	0	Null	0	Null	0	1	1	270	28	121	619950	1	96200	96200	1	0	1	2	125	0	0	113	0	0	0	0	0	0	0	0	0 	0 	0.8 	115 	0	0	1	1	3	1.5	0	0	0	0	0	0	0	0	0	0	0	0	0	0	1	0	0	0	1	42	1	3500	1	30	1	2000	1	75	2	-25	0	0	0	0	1	41	1	4	0	0	0	0	0	0	0	0	0	0	0	0	0	0	0	0	0	0	0	0	0	0	0	0	0	1	0	0	0	0	0	0	0	0	0	0	0	0	0	0	0	0	0	0	0	0	0	0	0	0	0	0	0	0	0	0	0	0	0	0	779	995	0	0	0	0	0	0	0	0	0	0	0	0		//			-27		-20	-47	-9.4	-7	113
	50599	0	0	검게물든_테미스의_아크블레이드	31061	1	FFFF00	30017	11590	82143	82142	82221	39999	0	17	0	17	0	Null	0	Null	0	1	1	270	28	144	619950	1	96200	96200	1	0	1	2	125	0	0	113	0	0	0	0	0	0	0	0	0 	0 	0.8 	125 	0	0	1	1	3	2	0	0	0	0	0	0	0	0	0	0	0	0	0	0	0	1	0	0	1	42	1	3500	1	30	1	2000	1	75	2	-25	0	0	0	0	1	41	1	4	0	0	0	0	0	0	0	0	0	0	0	0	0	0	0	0	0	0	0	0	0	0	0	0	0	1	0	0	0	0	0	0	0	0	0	0	0	0	0	0	0	0	0	0	0	0	0	0	0	0	0	0	0	0	0	0	0	0	0	0	639	800	0	0	0	0	0	0	0	0	0	0	0	0		//		-20	-24			-44	-8.8	-6	113
//엘리트 4차																																																																										0																																																																																																	//									
	50637	0	0	블라인의_양손도끼	31076	1	FFFF00	30001	11590	82315	82315	82237	39999	0	1	0	1	0	Null	0	Null	0	1	1	270	29	127	619950	1	105820	105820	1	0	1	2	125	0	0	122	0	0	0	0	0	0	0 	0 	0 	0 	0.8 	105 	0	0	1	1	3	1.5 	0	0	0	0	0	0	0	0	1	0	0	0	0	0	0	0	0	0	1	42	1	4000	1	30	1	2500	1	75	2	-25	0	62	1	-1	1	41	1	3	0	0	0	0	0	0	0	0	0	0	0	0	0	0	0	0	0	0	0	0	0	0	0	0	0	1	0	0	0	0	0	0	0	0	0	0	0	0	0	0	0	0	0	0	0	0	0	0	0	0	0	0	0	0	0	0	0	0	0	0	972 	1377 	0	0	0	0	0	0	0	0	0	0	0	0		//								2	1
	50638	0	0	블라인의_양손검	31076	1	FFFF00	30002	11590	82316	82316	82238	39999	0	2	0	2	0	Null	0	Null	0	1	1	270	29	127	400020	1	105820	105820	1	0	1	2	125	0	0	122	0	0	0	0	0	0	0 	0 	0 	0 	0.8 	115 	0	0	1	1	1	1.8 	0	0	0	0	0	0	0	0	1	0	0	0	0	0	0	0	0	0	1	42	1	4000	1	30	1	2500	1	75	2	-25	0	62	1	-1	1	41	1	5	0	0	0	0	0	0	0	0	0	0	0	0	0	0	0	0	0	0	0	0	0	0	0	0	0	1	0	0	0	0	0	0	0	0	0	0	0	0	0	0	0	0	0	0	0	0	0	0	0	0	0	0	0	0	0	0	0	0	0	0	1049 	1342 	0	0	0	0	0	0	0	0	0	0	0	0		//								2	1
	50639	0	0	군나르의_한손검	31077	1	FFFF00	30003	11590	82317	82317	82239	39999	0	3	0	3	0	Null	0	Null	0	1	1	270	29	114	182520	1	105820	105820	1	0	1	2	125	0	0	122	0	0	0	0	0	0	0 	0 	0 	0 	0.8 	135 	0	0	1	1	1	1	0	0	0	0	0	0	0	0	0	1	0	0	0	0	0	0	0	0	1	42	1	4000	1	30	1	2500	1	75	2	-25	0	62	1	-1	1	41	1	2	0	0	0	0	0	0	0	0	0	0	0	0	0	0	0	0	0	0	0	0	0	0	0	0	0	1	0	0	0	0	0	0	0	0	0	0	0	0	0	0	0	0	0	0	0	0	0	0	0	0	0	0	0	0	0	0	0	0	0	0	763 	882 	0	0	0	0	0	0	0	0	0	0	0	0		//								2	1
	50640	0	0	군나르의_창	31077	1	FFFF00	30004	11590	82318	82318	82240	39999	0	4	0	4	0	Null	0	Null	0	1	1	270	29	114	281730	1	105820	105820	1	0	1	2	125	0	0	122	0	0	0	0	0	0	0 	0 	0 	0 	0.8 	120 	0	0	1	1	1	2.5	0	0	0	0	0	0	0	0	0	1	0	0	0	0	0	0	0	0	1	42	1	4000	1	30	1	2500	1	75	2	-25	0	62	1	-1	1	41	1	4	0	0	0	0	0	0	0	0	0	0	0	0	0	0	0	0	0	0	0	0	0	0	0	0	0	1	0	0	0	0	0	0	0	0	0	0	0	0	0	0	0	0	0	0	0	0	0	0	0	0	0	0	0	0	0	0	0	0	0	0	840 	1032 	0	0	0	0	0	0	0	0	0	0	0	0		//								2	1
	50641	0	0	그리드의_한손석궁	31079	1	FFFF00	30007	11590	82319	82319	82241	39999	0	7	0	7	0	Null	0	Null	0	1	1	270	29	102	219630	1	105820	105820	1	0	1	2	125	0	0	122	0	0	0	0	0	0	0 	0 	0 	0 	0.8 	150 	0	0	2	2	2	19.0 	0	0	0	0	0	0	0	0	0	0	0	1	0	0	0	0	0	0	1	42	1	4000	1	30	1	2500	1	75	2	-25	0	62	1	-1	1	41	1	2	0	0	0	0	0	0	0	0	0	0	0	0	0	0	0	0	0	0	0	0	0	0	0	0	0	1	0	0	0	0	0	0	0	0	0	0	0	0	0	0	0	0	0	0	0	0	0	0	0	0	0	0	0	0	0	0	0	0	0	0	617 	743 	0	0	0	0	0	0	0	0	0	0	0	0		//								2	1
	50642	0	0	그리드의_에테르웨폰	31079	1	FFFF00	30008	11590	82320	82320	82242	39999	0	8	0	8	0	Null	0	Null	0	1	1	270	29	102	543750	1	105820	105820	1	0	1	2	125	0	0	122	0	0	0	0	0	0	0 	0 	0 	0 	0.8 	105 	0	0	2	2	2	16	0	0	0	0	0	0	0	0	0	0	0	1	0	0	0	0	0	0	1	42	1	4000	1	30	1	2500	1	75	2	-25	0	62	1	-1	1	41	1	3	0	0	0	0	0	0	0	0	0	0	0	0	0	0	0	0	0	0	0	0	0	0	0	0	0	1	0	0	0	0	0	0	0	0	0	0	0	0	0	0	0	0	0	0	0	0	0	0	0	0	0	0	0	0	0	0	0	0	0	0	747 	1035 	0	0	0	0	0	0	0	0	0	0	0	0		//								2	1
	50643	0	0	린드의_지팡이	31078	1	FFFF00	30009	11590	82321	82321	82243	39999	0	10	0	10	0	Null	0	Null	0	1	1	270	29	92	408600	1	105820	105820	1	0	1	2	125	0	0	122	0	0	0	0	0	0	0 	0 	0 	0 	0.8 	95 	0	0	1	1	4	2.5	0	0	0	0	0	0	0	0	0	0	0	0	1	0	0	0	0	0	1	42	1	4000	1	30	1	2500	1	75	2	-25	0	62	1	-1	1	41	1	1	0	0	0	0	0	0	0	0	0	0	0	0	0	0	0	0	0	0	0	0	0	0	0	0	0	1	0	0	0	0	0	0	0	0	0	0	0	0	0	0	0	0	0	0	0	0	0	0	0	0	0	0	0	0	0	0	0	0	0	0	1163 	1265 	0	0	0	0	0	0	0	0	0	0	0	0		//								2	1
	50644	0	0	린드의_오브	31078	1	FFFF00	30010	11590	82322	82322	82244	39999	0	11	0	11	0	Null	0	Null	0	1	1	270	29	92	343080	1	105820	105820	1	0	1	2	125	0	0	122	0	0	0	0	0	0	0 	0 	0 	0 	0.8 	100 	0	0	2	2	4	13	0	0	0	0	0	0	0	0	0	0	0	0	1	0	0	0	0	0	1	42	1	4000	1	30	1	2500	1	75	2	-25	1	62	1	-1	1	41	1	1	0	0	0	0	0	0	0	0	0	0	0	0	0	0	0	0	0	0	0	0	0	0	0	0	0	1	0	0	0	0	0	0	0	0	0	0	0	0	0	0	0	0	0	0	0	0	0	0	0	0	0	0	0	0	0	0	0	0	0	0	935 	1006 	0	0	0	0	0	0	0	0	0	0	0	0		//								2	1
	50645	0	0	샤치의_대거	31080	1	FFFF00	31156	11590	82323	82323	82245	39999	0	5	0	5	0	Null	0	Null	0	1	1	270	29	113	182520	1	105820	105820	1	0	1	2	125	0	0	122	0	0	0	0	0	0	0 	0 	0 	0 	0.8 	140 	0	0	1	1	1	2.5	0	0	0	0	0	0	0	0	0	0	1	0	0	0	0	0	0	0	1	42	1	4000	1	30	1	2500	1	75	2	-25	0	62	1	-1	1	41	1	2	0	0	0	0	0	0	0	0	0	0	0	0	0	0	0	0	0	0	0	0	0	0	0	0	0	1	0	0	0	0	0	0	0	0	0	0	0	0	0	0	0	0	0	0	0	0	0	0	0	0	0	0	0	0	0	0	0	0	0	0	792 	898 	0	0	0	0	0	0	0	0	0	0	0	0		//								2	1
	50646	0	0	샤치의_채찍검	31080	1	FFFF00	31157	11590	82324	82324	82246	39999	0	6	0	6	0	Null	0	Null	0	1	1	270	29	113	281730	1	105820	105820	1	0	1	2	125	0	0	122	0	0	0	0	0	0	0 	0 	0 	0 	0.8 	125 	0	0	1	1	1	3.5	0	0	0	0	0	0	0	0	0	0	1	0	0	0	0	0	0	0	1	42	1	4000	1	30	1	2500	1	75	2	-25	0	62	1	-1	1	41	1	3	0	0	0	0	0	0	0	0	0	0	0	0	0	0	0	0	0	0	0	0	0	0	0	0	0	1	0	0	0	0	0	0	0	0	0	0	0	0	0	0	0	0	0	0	0	0	0	0	0	0	0	0	0	0	0	0	0	0	0	0	824 	1033 	0	0	0	0	0	0	0	0	0	0	0	0		//								2	1
	50647	0	0	이둔의_건틀렛	31081	1	FFFF00	30011	11590	82325	82325	82247	39999	0	14	0	14	0	Null	0	Null	0	1	1	270	29	113	619950	1	105820	105820	1	0	1	2	125	0	0	122	0	0	0	0	0	0	0	0	0 	0 	0.8 	135 	0	0	1	1	3	1	0	0	0	0	0	0	0	0	0	0	0	0	0	1	0	0	0	0	1	42	1	4000	1	30	1	2500	1	75	2	-25	0	62	1	-1	1	41	1	2	0	0	0	0	0	0	0	0	0	0	0	0	0	0	0	0	0	0	0	0	0	0	0	0	0	1	0	0	0	0	0	0	0	0	0	0	0	0	0	0	0	0	0	0	0	0	0	0	0	0	0	0	0	0	0	0	0	0	0	0	860	995	0	0	0	0	0	0	0	0	0	0	0	0		//								2	1
	50648	0	0	이둔의_에테르사이드	31081	1	FFFF00	30012	11590	82326	82326	82248	39999	0	15	0	15	0	Null	0	Null	0	1	1	270	29	113	400020	1	105820	105820	1	0	1	2	125	0	0	122	0	0	0	0	0	0	0	0	0 	0 	0.8 	120 	0	0	1	1	1	2	0	0	0	0	0	0	0	0	0	0	0	0	0	1	0	0	0	0	1	42	1	4000	1	30	1	2500	1	75	2	-25	0	62	1	-1	1	41	1	3	0	0	0	0	0	0	0	0	0	0	0	0	0	0	0	0	0	0	0	0	0	0	0	0	0	1	0	0	0	0	0	0	0	0	0	0	0	0	0	0	0	0	0	0	0	0	0	0	0	0	0	0	0	0	0	0	0	0	0	0	821	1160	0	0	0	0	0	0	0	0	0	0	0	0		//								2	1
	50649	0	0	볼룬드의_에테르블래스터	31082	1	FFFF00	30013	11590	82327	82327	82249	39999	0	16	0	16	0	Null	0	Null	0	1	1	270	29	126	619950	1	105820	105820	1	0	1	2	125	0	0	122	0	0	0	0	0	0	0	0	0 	0 	0.8 	115 	0	0	1	1	3	1.5	0	0	0	0	0	0	0	0	0	0	0	0	0	0	1	0	0	0	1	42	1	4000	1	30	1	2500	1	75	2	-25	0	62	1	-1	1	41	1	4	0	0	0	0	0	0	0	0	0	0	0	0	0	0	0	0	0	0	0	0	0	0	0	0	0	1	0	0	0	0	0	0	0	0	0	0	0	0	0	0	0	0	0	0	0	0	0	0	0	0	0	0	0	0	0	0	0	0	0	0	911	1165	0	0	0	0	0	0	0	0	0	0	0	0		//								2	1
	50650	0	0	신마라의_아크블레이드	31083	1	FFFF00	30017	11590	82329	82328	82250	39999	0	17	0	17	0	Null	0	Null	0	1	1	270	29	119	619950	1	105820	105820	1	0	1	2	125	0	0	122	0	0	0	0	0	0	0	0	0 	0 	0.8 	125 	0	0	1	1	3	2	0	0	0	0	0	0	0	0	0	0	0	0	0	0	0	1	0	0	1	42	1	4000	1	30	1	2500	1	75	2	-25	0	62	1	-1	1	41	1	4	0	0	0	0	0	0	0	0	0	0	0	0	0	0	0	0	0	0	0	0	0	0	0	0	0	1	0	0	0	0	0	0	0	0	0	0	0	0	0	0	0	0	0	0	0	0	0	0	0	0	0	0	0	0	0	0	0	0	0	0	748	937	0	0	0	0	0	0	0	0	0	0	0	0		//								2	1
//유니크 1차																																																																							0	0	0	0																																																											0																																				0		//									
	50100	0	0	탈그룬트의_양손도끼	30048	1	FFA800	30001	11594	20	20	2020	39999	0	1	0	1	0	Null	0	Null	0	2	1	270	33	111	661230	1	74500	74500	1	0	1	0	121	0	0	80	0	0	0	0	0	0	0	0	0	0	0.8 	105 	0	0	1	1	3	1.5	0	0	0	0	0	0	0	0	1	0	0	0	0	0	0	0	0	0	1	42	1	1000	1	30	1	500	1	75	2	-25	1	62	1	-3	1	41	1	3	0	0	0	0	0	0	0	0	0	0	0	0	0	0	0	0	0	0	0	0	0	0	0	0	0	1	0	0	0	0	0	0	0	0	0	0	0	0	0	0	0	0	0	0	0	0	0	0	0	0	0	0	0	0	0	0	0	0	0	0	0	0	0	0	0	0	551	746	0	0	0	0	0	0		//									
	50102	0	0	슈트라의_양손검	30078	1	FFA800	30002	11594	120	120	2120	39999	0	2	0	2	0	Null	0	Null	0	2	1	270	33	111	395280	1	74500	74500	1	0	1	0	121	0	0	80	0	0	0	0	0	0	0	0	0	0	0.8 	115 	0	0	1	1	3	1.8	0	0	0	0	0	0	0	0	1	0	0	0	0	0	0	0	0	0	1	42	1	1000	1	30	1	500	1	75	2	-25	1	62	1	-3	1	41	1	5	0	0	0	0	0	0	0	0	0	0	0	0	0	0	0	0	0	0	0	0	0	0	0	0	0	1	0	0	0	0	0	0	0	0	0	0	0	0	0	0	0	0	0	0	0	0	0	0	0	0	0	0	0	0	0	0	0	0	0	0	0	0	0	0	0	0	596	729	0	0	0	0	0	0		//									
	50104	0	0	베르텍스의_한손검	30108	1	FFA800	30003	11594	220	220	2220	39999	0	3	0	3	0	Null	0	Null	0	2	1	270	33	99	312780	1	74500	74500	1	0	1	0	121	0	0	80	0	0	0	0	0	0	0	0	0	0	0.8 	135 	0	0	1	1	1	1	0	0	0	0	0	0	0	0	0	1	0	0	0	0	0	0	0	0	1	42	1	1000	1	30	1	500	1	75	2	-25	1	62	1	-3	1	41	1	2	0	0	0	0	0	0	0	0	0	0	0	0	0	0	0	0	0	0	0	0	0	0	0	0	0	1	0	0	0	0	0	0	0	0	0	0	0	0	0	0	0	0	0	0	0	0	0	0	0	0	0	0	0	0	0	0	0	0	0	0	0	0	0	0	0	0	433	478	0	0	0	0	0	0		//									
	50106	0	0	팔랑크스의_창	30138	1	FFA800	30004	11594	320	320	2320	39999	0	4	0	4	0	Null	0	Null	0	2	1	270	33	99	419220	1	74500	74500	1	0	1	0	121	0	0	80	0	0	0	0	0	0	0	0	0	0	0.8 	120 	0	0	1	1	1	2.5	0	0	0	0	0	0	0	0	0	1	0	0	0	0	0	0	0	0	1	42	1	1000	1	30	1	500	1	75	2	-25	1	62	1	-3	1	41	1	4	0	0	0	0	0	0	0	0	0	0	0	0	0	0	0	0	0	0	0	0	0	0	0	0	0	1	0	0	0	0	0	0	0	0	0	0	0	0	0	0	0	0	0	0	0	0	0	0	0	0	0	0	0	0	0	0	0	0	0	0	0	0	0	0	0	0	477	560	0	0	0	0	0	0		//									
	50108	0	0	오리야의_한손석궁	30228	1	FFA800	30007	11594	620	620	2620	39999	0	7	0	7	0	Null	0	Null	0	2	1	270	33	88	213120	1	74500	74500	1	0	1	0	121	0	0	80	0	0	0	0	0	0	0	0	0	0	0.8 	150 	0	0	2	2	2	19	0	0	0	0	0	0	0	0	0	0	0	1	0	0	0	0	0	0	1	42	1	1000	1	30	1	500	1	75	2	-25	1	62	1	-3	1	41	1	2	0	0	0	0	0	0	0	0	0	0	0	0	0	0	0	0	0	0	0	0	0	0	0	0	0	1	0	0	0	0	0	0	0	0	0	0	0	0	0	0	0	0	0	0	0	0	0	0	0	0	0	0	0	0	0	0	0	0	0	0	0	0	0	0	0	0	350	403	0	0	0	0	0	0		//									
	50110	0	0	알베우스의_에테르웨폰	30258	1	FFA800	30008	11594	720	720	2720	39999	0	8	0	8	0	Null	0	Null	0	2	1	270	33	88	346950	1	74500	74500	1	0	1	0	121	0	0	80	0	0	0	0	0	0	0	0	0	0	0.8 	105 	0	0	2	2	2	16	0	0	0	0	0	0	0	0	0	0	0	1	0	0	0	0	0	0	1	42	1	1000	1	30	1	500	1	75	2	-25	1	62	1	-3	1	41	1	3	0	0	0	0	0	0	0	0	0	0	0	0	0	0	0	0	0	0	0	0	0	0	0	0	0	1	0	0	0	0	0	0	0	0	0	0	0	0	0	0	0	0	0	0	0	0	0	0	0	0	0	0	0	0	0	0	0	0	0	0	0	0	0	0	0	0	423	562	0	0	0	0	0	0		//									
	50112	0	0	콘발리페의_지팡이	30288	1	FFA800	30009	11594	820	820	2820	39999	0	10	0	10	0	Null	0	Null	0	2	1	270	33	79	641580	1	74500	74500	1	0	1	0	121	0	0	80	0	0	0	0	0	0	0	0	0	0	0.8 	95 	0	0	1	1	4	2.5	0	0	0	0	0	0	0	0	0	0	0	0	1	0	0	0	0	0	1	42	1	1000	1	30	1	500	1	75	2	-25	1	62	1	-3	1	41	1	1	0	0	0	0	0	0	0	0	0	0	0	0	0	0	0	0	0	0	0	0	0	0	0	0	0	1	0	0	0	0	0	0	0	0	0	0	0	0	0	0	0	0	0	0	0	0	0	0	0	0	0	0	0	0	0	0	0	0	0	0	0	0	0	0	0	0	660	687	0	0	0	0	0	0		//									
	50114	0	0	브로테의_오브	30318	1	FFA800	30010	11594	920	920	2920	39999	0	11	0	11	0	Null	0	Null	0	2	1	270	33	79	522330	1	74500	74500	1	0	1	0	121	0	0	80	0	0	0	0	0	0	0	0	0	0	0.8 	100 	0	0	2	2	4	13	0	0	0	0	0	0	0	0	0	0	0	0	1	0	0	0	0	0	1	42	1	1000	1	30	1	500	1	75	2	-25	1	62	1	-3	1	41	1	1	0	0	0	0	0	0	0	0	0	0	0	0	0	0	0	0	0	0	0	0	0	0	0	0	0	1	0	0	0	0	0	0	0	0	0	0	0	0	0	0	0	0	0	0	0	0	0	0	0	0	0	0	0	0	0	0	0	0	0	0	0	0	0	0	0	0	530	547	0	0	0	0	0	0		//									
	50116	0	0	바쿠의_대거	31155	1	FFA800	31156	11594	420	420	2420	39999	0	5	0	5	0	Null	0	Null	0	2	1	270	33	98	312780	1	74500	74500	1	0	1	0	121	0	0	80	0	0	0	0	0	0	0	0	0	0	0.8 	140 	0	0	1	1	1	2.5	0	0	0	0	0	0	0	0	0	0	1	0	0	0	0	0	0	0	1	42	1	1000	1	30	1	500	1	75	2	-25	1	62	1	-3	1	41	1	2	0	0	0	0	0	0	0	0	0	0	0	0	0	0	0	0	0	0	0	0	0	0	0	0	0	1	0	0	0	0	0	0	0	0	0	0	0	0	0	0	0	0	0	0	0	0	0	0	0	0	0	0	0	0	0	0	0	0	0	0	0	0	0	0	0	0	449	486	0	0	0	0	0	0		//									
	50118	0	0	바쿠의_채찍검	31155	1	FFA800	31157	11594	520	520	2520	39999	0	6	0	6	0	Null	0	Null	0	2	1	270	33	98	419220	1	74500	74500	1	0	1	0	121	0	0	80	0	0	0	0	0	0	0	0	0	0	0.8 	125 	0	0	1	1	1	3.5	0	0	0	0	0	0	0	0	0	0	1	0	0	0	0	0	0	0	1	42	1	1000	1	30	1	500	1	75	2	-25	1	62	1	-3	1	41	1	3	0	0	0	0	0	0	0	0	0	0	0	0	0	0	0	0	0	0	0	0	0	0	0	0	0	1	0	0	0	0	0	0	0	0	0	0	0	0	0	0	0	0	0	0	0	0	0	0	0	0	0	0	0	0	0	0	0	0	0	0	0	0	0	0	0	0	468	561	0	0	0	0	0	0		//									
	50120	0	0	라플라시아_건틀렛	30489	1	FFA800	30011	11594	961	961	2961	39999	0	14	0	14	0	Null	0	Null	0	2	1	270	33	99	661230	1	74500	74500	1	0	1	0	121	0	0	80	0	0	0	0	0	0	0	0	0	0	0.8 	135 	0	0	1	1	3	1	0	0	0	0	0	0	0	0	0	0	0	0	0	1	0	0	0	0	1	42	1	1000	1	30	1	500	1	75	2	-25	1	62	1	-3	1	41	1	2	0	0	0	0	0	0	0	0	0	0	0	0	0	0	0	0	0	0	0	0	0	0	0	0	0	1	0	0	0	0	0	0	0	0	0	0	0	0	0	0	0	0	0	0	0	0	0	0	0	0	0	0	0	0	0	0	0	0	0	0	0	0	0	0	0	0	488	539	0	0	0	0	0	0		//									
	50122	0	0	유클레시아_에테르사이드	30519	1	FFA800	30012	11594	982	982	2982	39999	0	15	0	15	0	Null	0	Null	0	2	1	270	33	99	395280	1	74500	74500	1	0	1	0	121	0	0	80	0	0	0	0	0	0	0	0	0	0	0.8 	120 	0	0	1	1	1	2	0	0	0	0	0	0	0	0	0	0	0	0	0	1	0	0	0	0	1	42	1	1000	1	30	1	500	1	75	2	-25	1	62	1	-3	1	41	1	3	0	0	0	0	0	0	0	0	0	0	0	0	0	0	0	0	0	0	0	0	0	0	0	0	0	1	0	0	0	0	0	0	0	0	0	0	0	0	0	0	0	0	0	0	0	0	0	0	0	0	0	0	0	0	0	0	0	0	0	0	0	0	0	0	0	0	465	630	0	0	0	0	0	0		//									
	50135	0	0	니드호그의_에테르블래스터	30594	1	FFA800	30013	11594	1078	1078	3088	39999	0	16	0	16	0	Null	0	Null	0	2	1	270	33	110	661230	1	74500	74500	1	0	1	0	121	0	0	80	0	0	0	0	0	0	0	0	0	0	0.8 	115 	0	0	1	1	3	1.5	0	0	0	0	0	0	0	0	0	0	0	0	0	0	1	0	0	0	1	42	1	1000	1	30	1	500	1	75	2	-25	1	62	1	-3	1	41	1	4	0	0	0	0	0	0	0	0	0	0	0	0	0	0	0	0	0	0	0	0	0	0	0	0	0	1	0	0	0	0	0	0	0	0	0	0	0	0	0	0	0	0	0	0	0	0	0	0	0	0	0	0	0	0	0	0	0	0	0	0	0	0	0	0	0	0	517	632	0	0	0	0	0	0		//									
	50327	0	0	타라의_아크블레이드_33등급아이템	30639	1	FFA800	30017	11594	1114	1113	3108	39999	0	17	0	17	0	Null	0	Null	0	2	1	270	33	104	661230	1	74500	74500	1	0	1	0	121	0	0	80	0	0	0	0	0	0	0	0	0	0	0.8 	125 	0	0	1	1	3	2	0	0	0	0	0	0	0	0	0	0	0	0	0	0	0	1	0	0	1	42	1	1000	1	30	1	500	1	75	2	-25	1	62	1	-3	1	41	1	4	0	0	0	0	0	0	0	0	0	0	0	0	0	0	0	0	0	0	0	0	0	0	0	0	0	1	0	0	0	0	0	0	0	0	0	0	0	0	0	0	0	0	0	0	0	0	0	0	0	0	0	0	0	0	0	0	0	0	0	0	0	0	0	0	0	0	424	509	0	0	0	0	0	0		//									
//유니크 1.5차																																																																										0																																																																																																	//									
	50242	0	0	파괴신_탈그룬트의_양손도끼	30050	1	FFA800	30001	11597	31969	31969	25337	39999	0	1	0	1	0	Null	0	Null	0	2	1	270	33	116	688350	1	111750	111750	1	0	1	0	121	0	0	85	0	0	0	0	0	0	0	0	0	0	0.8 	105 	0	0	1	1	3	1.5	0	0	0	0	0	0	0	0	1	0	0	0	0	0	0	0	0	0	1	42	1	2000	1	30	1	1100	1	75	2	-25	1	62	1	-3	1	41	1	3	0	0	0	0	0	0	0	0	0	0	0	0	0	0	0	0	0	0	0	0	0	0	0	0	0	1	0	0	0	0	0	0	0	0	0	0	0	0	0	0	0	0	0	0	0	0	0	0	0	0	0	0	0	0	0	0	0	0	0	0	0 	0 	0	0	0	0	646	874	0	0	0	0	0	0		//									
	50243	0	0	파괴신_슈트라의_양손검	30051	1	FFA800	30002	11597	31970	31970	25338	39999	0	2	0	2	0	Null	0	Null	0	2	1	270	33	116	412485	1	111750	111750	1	0	1	0	121	0	0	85	0	0	0	0	0	0	0	0	0	0	0.8 	115 	0	0	1	1	1	1.8	0	0	0	0	0	0	0	0	1	0	0	0	0	0	0	0	0	0	1	42	1	2000	1	30	1	1100	1	75	2	-25	1	62	1	-3	1	41	1	5	0	0	0	0	0	0	0	0	0	0	0	0	0	0	0	0	0	0	0	0	0	0	0	0	0	1	0	0	0	0	0	0	0	0	0	0	0	0	0	0	0	0	0	0	0	0	0	0	0	0	0	0	0	0	0	0	0	0	0	0	0 	0 	0	0	0	0	697	852	0	0	0	0	0	0		//									
	50244	0	0	저주받은_베르텍스의_한손검	30052	1	FFA800	30003	11597	31971	31971	25339	39999	0	3	0	3	0	Null	0	Null	0	2	1	270	33	104	328920	1	111750	111750	1	0	1	0	121	0	0	85	0	0	0	0	0	0	0	0	0	0	0.8 	135 	0	0	1	1	1	1	0	0	0	0	0	0	0	0	0	1	0	0	0	0	0	0	0	0	1	42	1	2000	1	30	1	1100	1	75	2	-25	1	62	1	-3	1	41	1	2	0	0	0	0	0	0	0	0	0	0	0	0	0	0	0	0	0	0	0	0	0	0	0	0	0	1	0	0	0	0	0	0	0	0	0	0	0	0	0	0	0	0	0	0	0	0	0	0	0	0	0	0	0	0	0	0	0	0	0	0	0 	0 	0	0	0	0	507	560	0	0	0	0	0	0		//									
	50245	0	0	저주받은_팔랑크스의_창	30053	1	FFA800	30004	11597	31972	31972	25340	39999	0	4	0	4	0	Null	0	Null	0	2	1	270	33	104	438450	1	111750	111750	1	0	1	0	121	0	0	85	0	0	0	0	0	0	0	0	0	0	0.8 	120 	0	0	1	1	1	2.5	0	0	0	0	0	0	0	0	0	1	0	0	0	0	0	0	0	0	1	42	1	2000	1	30	1	1100	1	75	2	-25	1	62	1	-3	1	41	1	4	0	0	0	0	0	0	0	0	0	0	0	0	0	0	0	0	0	0	0	0	0	0	0	0	0	1	0	0	0	0	0	0	0	0	0	0	0	0	0	0	0	0	0	0	0	0	0	0	0	0	0	0	0	0	0	0	0	0	0	0	0 	0 	0	0	0	0	558	655	0	0	0	0	0	0		//									
	50246	0	0	타락한_오리야의_한손석궁	30054	1	FFA800	30007	11597	31973	31973	25341	39999	0	7	0	7	0	Null	0	Null	0	2	1	270	33	93	225435	1	111750	111750	1	0	1	0	121	0	0	85	0	0	0	0	0	0	0	0	0	0	0.8 	150 	0	0	2	2	2	19	0	0	0	0	0	0	0	0	0	0	0	1	0	0	0	0	0	0	1	42	1	2000	1	30	1	1100	1	75	2	-25	1	62	1	-3	1	41	1	2	0	0	0	0	0	0	0	0	0	0	0	0	0	0	0	0	0	0	0	0	0	0	0	0	0	1	0	0	0	0	0	0	0	0	0	0	0	0	0	0	0	0	0	0	0	0	0	0	0	0	0	0	0	0	0	0	0	0	0	0	0 	0 	0	0	0	0	410	471	0	0	0	0	0	0		//									
	50247	0	0	타락한_알베우스의_에테르웨폰	30055	1	FFA800	30008	11597	31974	31974	25342	39999	0	8	0	8	0	Null	0	Null	0	2	1	270	33	93	361800	1	111750	111750	1	0	1	0	121	0	0	85	0	0	0	0	0	0	0	0	0	0	0.8 	105 	0	0	2	2	2	16	0	0	0	0	0	0	0	0	0	0	0	1	0	0	0	0	0	0	1	42	1	2000	1	30	1	1100	1	75	2	-25	1	62	1	-3	1	41	1	3	0	0	0	0	0	0	0	0	0	0	0	0	0	0	0	0	0	0	0	0	0	0	0	0	0	1	0	0	0	0	0	0	0	0	0	0	0	0	0	0	0	0	0	0	0	0	0	0	0	0	0	0	0	0	0	0	0	0	0	0	0 	0 	0	0	0	0	496	657	0	0	0	0	0	0		//									
	50248	0	0	죽음의_콘발리페_지팡이	30056	1	FFA800	30009	11597	31975	31975	25343	39999	0	10	0	10	0	Null	0	Null	0	2	1	270	33	83	668430	1	111750	111750	1	0	1	0	121	0	0	85	0	0	0	0	0	0	0	0	0	0	0.8 	95 	0	0	1	1	4	2.5	0	0	0	0	0	0	0	0	0	0	0	0	1	0	0	0	0	0	1	42	1	2000	1	30	1	1100	1	75	2	-25	1	62	1	-3	1	41	1	1	0	0	0	0	0	0	0	0	0	0	0	0	0	0	0	0	0	0	0	0	0	0	0	0	0	1	0	0	0	0	0	0	0	0	0	0	0	0	0	0	0	0	0	0	0	0	0	0	0	0	0	0	0	0	0	0	0	0	0	0	0 	0 	0	0	0	0	772	803	0	0	0	0	0	0		//									
	50249	0	0	죽음의_브로테_오브	30057	1	FFA800	30010	11597	31976	31976	25344	39999	0	11	0	11	0	Null	0	Null	0	2	1	270	33	83	544920	1	111750	111750	1	0	1	0	121	0	0	85	0	0	0	0	0	0	0	0	0	0	0.8 	100 	0	0	2	2	4	13	0	0	0	0	0	0	0	0	0	0	0	0	1	0	0	0	0	0	1	42	1	2000	1	30	1	1100	1	75	2	-25	1	62	1	-3	1	41	1	1	0	0	0	0	0	0	0	0	0	0	0	0	0	0	0	0	0	0	0	0	0	0	0	0	0	1	0	0	0	0	0	0	0	0	0	0	0	0	0	0	0	0	0	0	0	0	0	0	0	0	0	0	0	0	0	0	0	0	0	0	0 	0 	0	0	0	0	620	639	0	0	0	0	0	0		//									
	50250	0	0	탐욕의_바쿠_대거	30058	1	FFA800	31156	11597	31977	31977	25345	39999	0	5	0	5	0	Null	0	Null	0	2	1	270	33	103	328920	1	111750	111750	1	0	1	0	121	0	0	85	0	0	0	0	0	0	0	0	0	0	0.8 	140 	0	0	1	1	1	2.5	0	0	0	0	0	0	0	0	0	0	1	0	0	0	0	0	0	0	1	42	1	2000	1	30	1	1100	1	75	2	-25	1	62	1	-3	1	41	1	2	0	0	0	0	0	0	0	0	0	0	0	0	0	0	0	0	0	0	0	0	0	0	0	0	0	1	0	0	0	0	0	0	0	0	0	0	0	0	0	0	0	0	0	0	0	0	0	0	0	0	0	0	0	0	0	0	0	0	0	0	0 	0 	0	0	0	0	526	569	0	0	0	0	0	0		//									
	50251	0	0	탐욕의_바쿠_채찍검	30058	1	FFA800	31157	11597	31978	31978	25346	39999	0	6	0	6	0	Null	0	Null	0	2	1	270	33	103	438450	1	111750	111750	1	0	1	0	121	0	0	85	0	0	0	0	0	0	0	0	0	0	0.8 	125 	0	0	1	1	1	3.5	0	0	0	0	0	0	0	0	0	0	1	0	0	0	0	0	0	0	1	42	1	2000	1	30	1	1100	1	75	2	-25	1	62	1	-3	1	41	1	3	0	0	0	0	0	0	0	0	0	0	0	0	0	0	0	0	0	0	0	0	0	0	0	0	0	1	0	0	0	0	0	0	0	0	0	0	0	0	0	0	0	0	0	0	0	0	0	0	0	0	0	0	0	0	0	0	0	0	0	0	0 	0 	0	0	0	0	547	656	0	0	0	0	0	0		//									
	50256	0	0	증오의_라플라시아_건틀렛	30495	1	FFA800	30011	11597	31979	31979	25360	39999	0	14	0	12	0	Null	0	Null	0	2	1	270	33	104	688350	1	111750	111750	1	0	1	0	121	0	0	85	0	0	0	0	0	0	0	0	0	0	0.8 	135 	0	0	1	1	3	1	0	0	0	0	0	0	0	0	0	0	0	0	0	1	0	0	0	0	1	42	1	2000	1	30	1	1100	1	75	2	-25	1	62	1	-3	1	41	1	2	0	0	0	0	0	0	0	0	0	0	0	0	0	0	0	0	0	0	0	0	0	0	0	0	0	1	0	0	0	0	0	0	0	0	0	0	0	0	0	0	0	0	0	0	0	0	0	0	0	0	0	0	0	0	0	0	0	0	0	0	0 	0 	0	0	0	0	571	632	0	0	0	0	0	0		//									
	50257	0	0	증오의_유클레시아_에테르사이드	30496	1	FFA800	30012	11597	31980	31980	25361	39999	0	15	0	13	0	Null	0	Null	0	2	1	270	33	104	412485	1	111750	111750	1	0	1	0	121	0	0	85	0	0	0	0	0	0	0	0	0	0	0.8 	120 	0	0	1	1	1	2	0	0	0	0	0	0	0	0	0	0	0	0	0	1	0	0	0	0	1	42	1	2000	1	30	1	1100	1	75	2	-25	1	62	1	-3	1	41	1	3	0	0	0	0	0	0	0	0	0	0	0	0	0	0	0	0	0	0	0	0	0	0	0	0	0	1	0	0	0	0	0	0	0	0	0	0	0	0	0	0	0	0	0	0	0	0	0	0	0	0	0	0	0	0	0	0	0	0	0	0	0 	0 	0	0	0	0	544	737	0	0	0	0	0	0		//									
	50142	0	0	분노의_니드호그_에테르블래스터	30597	1	FFA800	30013	11597	1082	1082	3092	39999	0	16	0	16	0	Null	0	Null	0	2	1	270	33	115	688350	1	111750	111750	1	0	1	0	121	0	0	85	0	0	0	0	0	0	0	0	0	0	0.8 	115 	0	0	1	1	3	1.5	0	0	0	0	0	0	0	0	0	0	0	0	0	0	1	0	0	0	1	42	1	2000	1	30	1	1100	1	75	2	-25	1	62	1	-3	1	41	1	4	0	0	0	0	0	0	0	0	0	0	0	0	0	0	0	0	0	0	0	0	0	0	0	0	0	1	0	0	0	0	0	0	0	0	0	0	0	0	0	0	0	0	0	0	0	0	0	0	0	0	0	0	0	0	0	0	0	0	0	0	0 	0 	0	0	0	0	604	739	0	0	0	0	0	0		//									
	50589	0	0	냉정한타라의_아크블레이드_34등급아이템	30642	1	FFA800	30017	11597	1116	1115	3109	39999	0	17	0	17	0	Null	0	Null	0	2	1	270	33	109	688350	1	111750	111750	1	0	1	0	121	0	0	85	0	0	0	0	0	0	0	0	0	0	0.8 	125 	0	0	1	1	3	2	0	0	0	0	0	0	0	0	0	0	0	0	0	0	0	1	0	0	1	42	1	2000	1	30	1	1100	1	75	2	-25	1	62	1	-3	1	41	1	4	0	0	0	0	0	0	0	0	0	0	0	0	0	0	0	0	0	0	0	0	0	0	0	0	0	1	0	0	0	0	0	0	0	0	0	0	0	0	0	0	0	0	0	0	0	0	0	0	0	0	0	0	0	0	0	0	0	0	0	0	0 	0 	0	0	0	0	496	595	0	0	0	0	0	0		//									
//유니크 2차																																																																										0																																																																																																	//									
	50101	0	0	볼칸의_양손도끼	30049	1	FFA800	30001	11598	21	21	2021	39999	0	1	0	1	0	Null	0	Null	0	2	1	270	34	121	715470	1	149000	149000	1	0	1	0	121	0	0	85	0	0	0	0	0	0	0	0	0	0	0.8 	105 	0	0	1	1	3	1.5	0	0	0	0	0	0	0	0	1	0	0	0	0	0	0	0	0	0	1	42	1	3000	1	30	1	1700	1	75	2	-25	1	62	1	-3	1	41	1	3	0	0	0	0	0	0	0	0	0	0	0	0	0	0	0	0	0	0	0	0	0	0	0	0	0	1	0	0	0	0	0	0	0	0	0	0	0	0	0	0	0	0	0	0	0	0	0	0	0	0	0	0	0	0	0	0	0	0	0	0	0	0	0	0	0	0	755	1022	0	0	0	0	0	0		//									
	50103	0	0	운베터의_양손검	30079	1	FFA800	30002	11598	121	121	2121	39999	0	2	0	2	0	Null	0	Null	0	2	1	270	34	121	429690	1	149000	149000	1	0	1	0	121	0	0	85	0	0	0	0	0	0	0	0	0	0	0.8 	115 	0	0	1	1	1	1.8	0	0	0	0	0	0	0	0	1	0	0	0	0	0	0	0	0	0	1	42	1	3000	1	30	1	1700	1	75	2	-25	1	62	1	-3	1	41	1	5	0	0	0	0	0	0	0	0	0	0	0	0	0	0	0	0	0	0	0	0	0	0	0	0	0	1	0	0	0	0	0	0	0	0	0	0	0	0	0	0	0	0	0	0	0	0	0	0	0	0	0	0	0	0	0	0	0	0	0	0	0	0	0	0	0	0	816	997	0	0	0	0	0	0		//									
	50105	0	0	토렌스의_한손검	30109	1	FFA800	30003	11598	221	221	2221	39999	0	3	0	3	0	Null	0	Null	0	2	1	270	34	109	345060	1	149000	149000	1	0	1	0	121	0	0	85	0	0	0	0	0	0	0	0	0	0	0.8 	135 	0	0	1	1	1	1	0	0	0	0	0	0	0	0	0	1	0	0	0	0	0	0	0	0	1	42	1	3000	1	30	1	1700	1	75	2	-25	1	62	1	-3	1	41	1	2	0	0	0	0	0	0	0	0	0	0	0	0	0	0	0	0	0	0	0	0	0	0	0	0	0	1	0	0	0	0	0	0	0	0	0	0	0	0	0	0	0	0	0	0	0	0	0	0	0	0	0	0	0	0	0	0	0	0	0	0	0	0	0	0	0	0	593	656	0	0	0	0	0	0		//									
	50107	0	0	메테오라의_창	30139	1	FFA800	30004	11598	321	321	2321	39999	0	4	0	4	0	Null	0	Null	0	2	1	270	34	109	457680	1	149000	149000	1	0	1	0	121	0	0	85	0	0	0	0	0	0	0	0	0	0	0.8 	120 	0	0	1	1	1	2.5	0	0	0	0	0	0	0	0	0	1	0	0	0	0	0	0	0	0	1	42	1	3000	1	30	1	1700	1	75	2	-25	1	62	1	-3	1	41	1	4	0	0	0	0	0	0	0	0	0	0	0	0	0	0	0	0	0	0	0	0	0	0	0	0	0	1	0	0	0	0	0	0	0	0	0	0	0	0	0	0	0	0	0	0	0	0	0	0	0	0	0	0	0	0	0	0	0	0	0	0	0	0	0	0	0	0	653	766	0	0	0	0	0	0		//									
	50109	0	0	아우라의_한손석궁	30229	1	FFA800	30007	11598	621	621	2621	39999	0	7	0	7	0	Null	0	Null	0	2	1	270	34	97	237750	1	149000	149000	1	0	1	0	121	0	0	85	0	0	0	0	0	0	0	0	0	0	0.8 	150 	0	0	2	2	2	19	0	0	0	0	0	0	0	0	0	0	0	1	0	0	0	0	0	0	1	42	1	3000	1	30	1	1700	1	75	2	-25	1	62	1	-3	1	41	1	2	0	0	0	0	0	0	0	0	0	0	0	0	0	0	0	0	0	0	0	0	0	0	0	0	0	1	0	0	0	0	0	0	0	0	0	0	0	0	0	0	0	0	0	0	0	0	0	0	0	0	0	0	0	0	0	0	0	0	0	0	0	0	0	0	0	0	479	552	0	0	0	0	0	0		//									
	50111	0	0	카우시스의_에테르웨폰	30259	1	FFA800	30008	11598	721	721	2721	39999	0	8	0	8	0	Null	0	Null	0	2	1	270	34	97	376650	1	149000	149000	1	0	1	0	121	0	0	85	0	0	0	0	0	0	0	0	0	0	0.8 	105 	0	0	2	2	2	16	0	0	0	0	0	0	0	0	0	0	0	1	0	0	0	0	0	0	1	42	1	3000	1	30	1	1700	1	75	2	-25	1	62	1	-3	1	41	1	3	0	0	0	0	0	0	0	0	0	0	0	0	0	0	0	0	0	0	0	0	0	0	0	0	0	1	0	0	0	0	0	0	0	0	0	0	0	0	0	0	0	0	0	0	0	0	0	0	0	0	0	0	0	0	0	0	0	0	0	0	0	0	0	0	0	0	581	770	0	0	0	0	0	0		//									
	50113	0	0	이그니시온의_지팡이	30289	1	FFA800	30009	11598	821	821	2821	39999	0	10	0	10	0	Null	0	Null	0	2	1	270	34	87	695280	1	149000	149000	1	0	1	0	121	0	0	85	0	0	0	0	0	0	0	0	0	0	0.8 	95 	0	0	1	1	4	2.5	0	0	0	0	0	0	0	0	0	0	0	0	1	0	0	0	0	0	1	42	1	3000	1	30	1	1700	1	75	2	-25	1	62	1	-3	1	41	1	1	0	0	0	0	0	0	0	0	0	0	0	0	0	0	0	0	0	0	0	0	0	0	0	0	0	1	0	0	0	0	0	0	0	0	0	0	0	0	0	0	0	0	0	0	0	0	0	0	0	0	0	0	0	0	0	0	0	0	0	0	0	0	0	0	0	0	903	940	0	0	0	0	0	0		//									
	50115	0	0	소르젠테의_오브	30319	1	FFA800	30010	11598	921	921	2921	39999	0	11	0	11	0	Null	0	Null	0	2	1	270	34	87	567510	1	149000	149000	1	0	1	0	121	0	0	85	0	0	0	0	0	0	0	0	0	0	0.8 	100 	0	0	2	2	4	13	0	0	0	0	0	0	0	0	0	0	0	0	1	0	0	0	0	0	1	42	1	3000	1	30	1	1700	1	75	2	-25	1	62	1	-3	1	41	1	1	0	0	0	0	0	0	0	0	0	0	0	0	0	0	0	0	0	0	0	0	0	0	0	0	0	1	0	0	0	0	0	0	0	0	0	0	0	0	0	0	0	0	0	0	0	0	0	0	0	0	0	0	0	0	0	0	0	0	0	0	0	0	0	0	0	0	725	748	0	0	0	0	0	0		//									
	50117	0	0	시드의_대거	31158	1	FFA800	31156	11598	421	421	2421	39999	0	5	0	5	0	Null	0	Null	0	2	1	270	34	108	345060	1	149000	149000	1	0	1	0	121	0	0	85	0	0	0	0	0	0	0	0	0	0	0.8 	140 	0	0	1	1	1	2.5	0	0	0	0	0	0	0	0	0	0	1	0	0	0	0	0	0	0	1	42	1	3000	1	30	1	1700	1	75	2	-25	1	62	1	-3	1	41	1	2	0	0	0	0	0	0	0	0	0	0	0	0	0	0	0	0	0	0	0	0	0	0	0	0	0	1	0	0	0	0	0	0	0	0	0	0	0	0	0	0	0	0	0	0	0	0	0	0	0	0	0	0	0	0	0	0	0	0	0	0	0	0	0	0	0	0	615	666	0	0	0	0	0	0		//									
	50119	0	0	시드의_채찍검	31159	1	FFA800	31157	11598	521	521	2521	39999	0	6	0	6	0	Null	0	Null	0	2	1	270	34	108	457680	1	149000	149000	1	0	1	0	121	0	0	85	0	0	0	0	0	0	0	0	0	0	0.8 	125 	0	0	1	1	1	3.5	0	0	0	0	0	0	0	0	0	0	1	0	0	0	0	0	0	0	1	42	1	3000	1	30	1	1700	1	75	2	-25	1	62	1	-3	1	41	1	3	0	0	0	0	0	0	0	0	0	0	0	0	0	0	0	0	0	0	0	0	0	0	0	0	0	1	0	0	0	0	0	0	0	0	0	0	0	0	0	0	0	0	0	0	0	0	0	0	0	0	0	0	0	0	0	0	0	0	0	0	0	0	0	0	0	0	641	768	0	0	0	0	0	0		//									
	50121	0	0	헬라임의_건틀렛	30490	1	FFA800	30011	11598	962	962	2962	39999	0	14	0	14	0	Null	0	Null	0	2	1	270	34	109	715470	1	149000	149000	1	0	1	0	121	0	0	85	0	0	0	0	0	0	0	0	0	0	0.8 	135 	0	0	1	1	3	1	0	0	0	0	0	0	0	0	0	0	0	0	0	1	0	0	0	0	1	42	1	3000	1	30	1	1700	1	75	2	-25	1	62	1	-3	1	41	1	2	0	0	0	0	0	0	0	0	0	0	0	0	0	0	0	0	0	0	0	0	0	0	0	0	0	1	0	0	0	0	0	0	0	0	0	0	0	0	0	0	0	0	0	0	0	0	0	0	0	0	0	0	0	0	0	0	0	0	0	0	0	0	0	0	0	0	668	739	0	0	0	0	0	0		//									
	50123	0	0	엘라임의_에테르사이드	30520	1	FFA800	30012	11598	983	983	2983	39999	0	15	0	15	0	Null	0	Null	0	2	1	270	34	109	429690	1	149000	149000	1	0	1	0	121	0	0	85	0	0	0	0	0	0	0	0	0	0	0.8 	120 	0	0	1	1	1	2	0	0	0	0	0	0	0	0	0	0	0	0	0	1	0	0	0	0	1	42	1	3000	1	30	1	1700	1	75	2	-25	1	62	1	-3	1	41	1	3	0	0	0	0	0	0	0	0	0	0	0	0	0	0	0	0	0	0	0	0	0	0	0	0	0	1	0	0	0	0	0	0	0	0	0	0	0	0	0	0	0	0	0	0	0	0	0	0	0	0	0	0	0	0	0	0	0	0	0	0	0	0	0	0	0	0	637	862	0	0	0	0	0	0		//									
	50136	0	0	헤르모드의_에테르블래스터	30595	1	FFA800	30013	11598	1079	1079	3089	39999	0	16	0	16	0	Null	0	Null	0	2	1	270	34	121	715470	1	149000	149000	1	0	1	0	121	0	0	85	0	0	0	0	0	0	0	0	0	0	0.8 	115 	0	0	1	1	3	1.5	0	0	0	0	0	0	0	0	0	0	0	0	0	0	1	0	0	0	1	42	1	3000	1	30	1	1700	1	75	2	-25	1	62	1	-3	1	41	1	4	0	0	0	0	0	0	0	0	0	0	0	0	0	0	0	0	0	0	0	0	0	0	0	0	0	1	0	0	0	0	0	0	0	0	0	0	0	0	0	0	0	0	0	0	0	0	0	0	0	0	0	0	0	0	0	0	0	0	0	0	0	0	0	0	0	0	708	865	0	0	0	0	0	0		//									
	50328	0	0	파르바티의_아크블레이드_34등급아이템	30640	1	FFA800	30017	11598	1118	1117	3110	39999	0	17	0	17	0	Null	0	Null	0	2	1	270	34	114	715470	1	149000	149000	1	0	1	0	121	0	0	85	0	0	0	0	0	0	0	0	0	0	0.8 	125 	0	0	1	1	3	2	0	0	0	0	0	0	0	0	0	0	0	0	0	0	0	1	0	0	1	42	1	3000	1	30	1	1700	1	75	2	-25	1	62	1	-3	1	41	1	4	0	0	0	0	0	0	0	0	0	0	0	0	0	0	0	0	0	0	0	0	0	0	0	0	0	1	0	0	0	0	0	0	0	0	0	0	0	0	0	0	0	0	0	0	0	0	0	0	0	0	0	0	0	0	0	0	0	0	0	0	0	0	0	0	0	0	581	696	0	0	0	0	0	0		//									
//유니크 2.5차																																																																										0																																																																																																	//									
	50623	0	0	피로물든_볼칸의_양손도끼	31062	1	FFA800	30001	12684	82222	82222	3113	39999	0	1	0	1	0	Null	0	Null	0	2	1	270	34	127	715470	1	186250	186250	1	0	1	0	121	0	0	85	0	0	0	0	0	0	0	0	0	0	0.8 	105 	0	0	1	1	3	1.5	0	0	0	0	0	0	0	0	1	0	0	0	0	0	0	0	0	0	1	42	1	3500	1	30	1	2000	1	75	2	-25	1	62	1	-3	1	41	1	3	0	0	0	0	0	0	0	0	0	0	0	0	0	0	0	0	0	0	0	0	0	0	0	0	0	1	0	0	0	0	0	0	0	0	0	0	0	0	0	0	0	0	0	0	0	0	0	0	0	0	0	0	0	0	0	0	0	0	0	0	0	0	0	0	0	0	884	1197	0	0	0	0	0	0		//									
	50624	0	0	피로물든_운베터의_양손검	31063	1	FFA800	30002	12684	82223	82223	3114	39999	0	2	0	2	0	Null	0	Null	0	2	1	270	34	127	429690	1	186250	186250	1	0	1	0	121	0	0	85	0	0	0	0	0	0	0	0	0	0	0.8 	115 	0	0	1	1	1	1.8	0	0	0	0	0	0	0	0	1	0	0	0	0	0	0	0	0	0	1	42	1	3500	1	30	1	2000	1	75	2	-25	1	62	1	-3	1	41	1	5	0	0	0	0	0	0	0	0	0	0	0	0	0	0	0	0	0	0	0	0	0	0	0	0	0	1	0	0	0	0	0	0	0	0	0	0	0	0	0	0	0	0	0	0	0	0	0	0	0	0	0	0	0	0	0	0	0	0	0	0	0	0	0	0	0	0	954	1167	0	0	0	0	0	0		//									
	50625	0	0	피로물든_토렌스의_한손검	31064	1	FFA800	30003	12684	82224	82224	3115	39999	0	3	0	3	0	Null	0	Null	0	2	1	270	34	114	345060	1	186250	186250	1	0	1	0	121	0	0	85	0	0	0	0	0	0	0	0	0	0	0.8 	135 	0	0	1	1	1	1	0	0	0	0	0	0	0	0	0	1	0	0	0	0	0	0	0	0	1	42	1	3500	1	30	1	2000	1	75	2	-25	1	62	1	-3	1	41	1	2	0	0	0	0	0	0	0	0	0	0	0	0	0	0	0	0	0	0	0	0	0	0	0	0	0	1	0	0	0	0	0	0	0	0	0	0	0	0	0	0	0	0	0	0	0	0	0	0	0	0	0	0	0	0	0	0	0	0	0	0	0	0	0	0	0	0	694	767	0	0	0	0	0	0		//									
	50626	0	0	피로물든_메테오라의_창	31065	1	FFA800	30004	12684	82225	82225	3116	39999	0	4	0	4	0	Null	0	Null	0	2	1	270	34	114	457680	1	186250	186250	1	0	1	0	121	0	0	85	0	0	0	0	0	0	0	0	0	0	0.8 	120 	0	0	1	1	1	2.5	0	0	0	0	0	0	0	0	0	1	0	0	0	0	0	0	0	0	1	42	1	3500	1	30	1	2000	1	75	2	-25	1	62	1	-3	1	41	1	4	0	0	0	0	0	0	0	0	0	0	0	0	0	0	0	0	0	0	0	0	0	0	0	0	0	1	0	0	0	0	0	0	0	0	0	0	0	0	0	0	0	0	0	0	0	0	0	0	0	0	0	0	0	0	0	0	0	0	0	0	0	0	0	0	0	0	764	897	0	0	0	0	0	0		//									
	50627	0	0	피로물든_아우라의_한손석궁	31066	1	FFA800	30007	12684	82226	82226	3117	39999	0	7	0	7	0	Null	0	Null	0	2	1	270	34	102	237750	1	186250	186250	1	0	1	0	121	0	0	85	0	0	0	0	0	0	0	0	0	0	0.8 	150 	0	0	2	2	2	19	0	0	0	0	0	0	0	0	0	0	0	1	0	0	0	0	0	0	1	42	1	3500	1	30	1	2000	1	75	2	-25	1	62	1	-3	1	41	1	2	0	0	0	0	0	0	0	0	0	0	0	0	0	0	0	0	0	0	0	0	0	0	0	0	0	1	0	0	0	0	0	0	0	0	0	0	0	0	0	0	0	0	0	0	0	0	0	0	0	0	0	0	0	0	0	0	0	0	0	0	0	0	0	0	0	0	561	646	0	0	0	0	0	0		//									
	50628	0	0	피로물든_카우시스의_에테르웨폰	31067	1	FFA800	30008	12684	82227	82227	3118	39999	0	8	0	8	0	Null	0	Null	0	2	1	270	34	102	376650	1	186250	186250	1	0	1	0	121	0	0	85	0	0	0	0	0	0	0	0	0	0	0.8 	105 	0	0	2	2	2	16	0	0	0	0	0	0	0	0	0	0	0	1	0	0	0	0	0	0	1	42	1	3500	1	30	1	2000	1	75	2	-25	1	62	1	-3	1	41	1	3	0	0	0	0	0	0	0	0	0	0	0	0	0	0	0	0	0	0	0	0	0	0	0	0	0	1	0	0	0	0	0	0	0	0	0	0	0	0	0	0	0	0	0	0	0	0	0	0	0	0	0	0	0	0	0	0	0	0	0	0	0	0	0	0	0	0	679	900	0	0	0	0	0	0		//									
	50629	0	0	피로물든_이그니시온의_지팡이	31068	1	FFA800	30009	12684	82228	82228	3119	39999	0	10	0	10	0	Null	0	Null	0	2	1	270	34	92	695280	1	186250	186250	1	0	1	0	121	0	0	85	0	0	0	0	0	0	0	0	0	0	0.8 	95 	0	0	1	1	4	2.5	0	0	0	0	0	0	0	0	0	0	0	0	1	0	0	0	0	0	1	42	1	3500	1	30	1	2000	1	75	2	-25	1	62	1	-3	1	41	1	1	0	0	0	0	0	0	0	0	0	0	0	0	0	0	0	0	0	0	0	0	0	0	0	0	0	1	0	0	0	0	0	0	0	0	0	0	0	0	0	0	0	0	0	0	0	0	0	0	0	0	0	0	0	0	0	0	0	0	0	0	0	0	0	0	0	0	1057	1100	0	0	0	0	0	0		//									
	50630	0	0	피로물든_소르젠테의_오브	31069	1	FFA800	30010	12684	82229	82229	3120	39999	0	11	0	11	0	Null	0	Null	0	2	1	270	34	92	567510	1	186250	186250	1	0	1	0	121	0	0	85	0	0	0	0	0	0	0	0	0	0	0.8 	100 	0	0	2	2	4	13	0	0	0	0	0	0	0	0	0	0	0	0	1	0	0	0	0	0	1	42	1	3500	1	30	1	2000	1	75	2	-25	1	62	1	-3	1	41	1	1	0	0	0	0	0	0	0	0	0	0	0	0	0	0	0	0	0	0	0	0	0	0	0	0	0	1	0	0	0	0	0	0	0	0	0	0	0	0	0	0	0	0	0	0	0	0	0	0	0	0	0	0	0	0	0	0	0	0	0	0	0	0	0	0	0	0	850	875	0	0	0	0	0	0		//									
	50631	0	0	피로물든_시드의_대거	31070	1	FFA800	31156	12684	82230	82230	3121	39999	0	5	0	5	0	Null	0	Null	0	2	1	270	34	113	345060	1	186250	186250	1	0	1	0	121	0	0	85	0	0	0	0	0	0	0	0	0	0	0.8 	140 	0	0	1	1	1	2.5	0	0	0	0	0	0	0	0	0	0	1	0	0	0	0	0	0	0	1	42	1	3500	1	30	1	2000	1	75	2	-25	1	62	1	-3	1	41	1	2	0	0	0	0	0	0	0	0	0	0	0	0	0	0	0	0	0	0	0	0	0	0	0	0	0	1	0	0	0	0	0	0	0	0	0	0	0	0	0	0	0	0	0	0	0	0	0	0	0	0	0	0	0	0	0	0	0	0	0	0	0	0	0	0	0	0	720	781	0	0	0	0	0	0		//									
	50632	0	0	피로물든_시드의_채찍검	31071	1	FFA800	31157	12684	82231	82231	3122	39999	0	6	0	6	0	Null	0	Null	0	2	1	270	34	113	457680	1	186250	186250	1	0	1	0	121	0	0	85	0	0	0	0	0	0	0	0	0	0	0.8 	125 	0	0	1	1	1	3.5	0	0	0	0	0	0	0	0	0	0	1	0	0	0	0	0	0	0	1	42	1	3500	1	30	1	2000	1	75	2	-25	1	62	1	-3	1	41	1	3	0	0	0	0	0	0	0	0	0	0	0	0	0	0	0	0	0	0	0	0	0	0	0	0	0	1	0	0	0	0	0	0	0	0	0	0	0	0	0	0	0	0	0	0	0	0	0	0	0	0	0	0	0	0	0	0	0	0	0	0	0	0	0	0	0	0	749	898	0	0	0	0	0	0		//									
	50633	0	0	피로물든_헬라임의_건틀렛	31072	1	FFA800	30011	12684	82232	82232	3123	39999	0	14	0	14	0	Null	0	Null	0	2	1	270	34	113	715470	1	186250	186250	1	0	1	0	121	0	0	85	0	0	0	0	0	0	0	0	0	0	0.8 	135 	0	0	1	1	3	1	0	0	0	0	0	0	0	0	0	0	0	0	0	1	0	0	0	0	1	42	1	3500	1	30	1	2000	1	75	2	-25	1	62	1	-3	1	41	1	2	0	0	0	0	0	0	0	0	0	0	0	0	0	0	0	0	0	0	0	0	0	0	0	0	0	1	0	0	0	0	0	0	0	0	0	0	0	0	0	0	0	0	0	0	0	0	0	0	0	0	0	0	0	0	0	0	0	0	0	0	0	0	0	0	0	0	782	865	0	0	0	0	0	0		//									
	50634	0	0	피로물든_엘라임의_에테르사이드	31073	1	FFA800	30012	12684	82233	82233	3124	39999	0	15	0	15	0	Null	0	Null	0	2	1	270	34	113	429690	1	186250	186250	1	0	1	0	121	0	0	85	0	0	0	0	0	0	0	0	0	0	0.8 	120 	0	0	1	1	1	2	0	0	0	0	0	0	0	0	0	0	0	0	0	1	0	0	0	0	1	42	1	3500	1	30	1	2000	1	75	2	-25	1	62	1	-3	1	41	1	3	0	0	0	0	0	0	0	0	0	0	0	0	0	0	0	0	0	0	0	0	0	0	0	0	0	1	0	0	0	0	0	0	0	0	0	0	0	0	0	0	0	0	0	0	0	0	0	0	0	0	0	0	0	0	0	0	0	0	0	0	0	0	0	0	0	0	746	1009	0	0	0	0	0	0		//									
	50635	0	0	피로물든_헤르모드의_에테르블래스터	31074	1	FFA800	30013	12684	82234	82234	3125	39999	0	16	0	16	0	Null	0	Null	0	2	1	270	34	126	715470	1	186250	186250	1	0	1	0	121	0	0	85	0	0	0	0	0	0	0	0	0	0	0.8 	115 	0	0	1	1	3	1.5	0	0	0	0	0	0	0	0	0	0	0	0	0	0	1	0	0	0	1	42	1	3500	1	30	1	2000	1	75	2	-25	1	62	1	-3	1	41	1	4	0	0	0	0	0	0	0	0	0	0	0	0	0	0	0	0	0	0	0	0	0	0	0	0	0	1	0	0	0	0	0	0	0	0	0	0	0	0	0	0	0	0	0	0	0	0	0	0	0	0	0	0	0	0	0	0	0	0	0	0	0	0	0	0	0	0	828	1013	0	0	0	0	0	0		//									
	50636	0	0	피로물든_파르바티의_아크블레이드	31075	1	FFA800	30017	12684	82236	82235	3126	39999	0	17	0	17	0	Null	0	Null	0	2	1	270	34	119	715470	1	186250	186250	1	0	1	0	121	0	0	85	0	0	0	0	0	0	0	0	0	0	0.8 	125 	0	0	1	1	3	2	0	0	0	0	0	0	0	0	0	0	0	0	0	0	0	1	0	0	1	42	1	3500	1	30	1	2000	1	75	2	-25	1	62	1	-3	1	41	1	4	0	0	0	0	0	0	0	0	0	0	0	0	0	0	0	0	0	0	0	0	0	0	0	0	0	1	0	0	0	0	0	0	0	0	0	0	0	0	0	0	0	0	0	0	0	0	0	0	0	0	0	0	0	0	0	0	0	0	0	0	0	0	0	0	0	0	680	815	0	0	0	0	0	0		//									
//미완의 엘리트																																																																										0																																																																																																	//									
	50030	0	0	미완의_니벨룽_양손도끼	32700	1	FFFF00	30001	11595	16	16	2016	39999	0	1	0	1	0	Null	0	Null	0	1	0	0	22	90	619950	1	9620	9620	1	1	1	2	121	1	1	71	0	0	0	0	0	0	0	0	0	0	0.8 	105 	0	0	1	1	3	1.5	0	0	0	0	0	0	0	0	1	0	0	0	0	0	0	0	0	0	0	0	0	0	0	0	0	0	0	0	0	0	0	0	0	0	1	41	1	3	0	0	0	0	0	0	0	0	0	0	0	0	0	0	0	0	0	0	0	0	0	0	0	0	0	1	0	0	0	0	0	0	0	0	0	0	0	0	0	0	0	0	0	0	0	0	0	0	0	0	0	0	0	0	0	0	0	0	0	0	323 	457 	0	0	0	0	0	0	0	0	0	0	0	0		//	-26		-27			-53	-10.6	-8	71
	50031	0	0	미완의_니벨룽_양손검	32700	1	FFFF00	30002	11595	116	116	2116	39999	0	2	0	2	0	Null	0	Null	0	1	0	0	22	90	400020	1	9620	9620	1	1	1	2	121	1	1	71	0	0	0	0	0	0	0	0	0	0	0.8 	115 	0	0	1	1	1	1.8	0	0	0	0	0	0	0	0	1	0	0	0	0	0	0	0	0	0	0	0	0	0	0	0	0	0	0	0	0	0	0	0	0	0	1	41	1	5	0	0	0	0	0	0	0	0	0	0	0	0	0	0	0	0	0	0	0	0	0	0	0	0	0	1	0	0	0	0	0	0	0	0	0	0	0	0	0	0	0	0	0	0	0	0	0	0	0	0	0	0	0	0	0	0	0	0	0	0	349 	446 	0	0	0	0	0	0	0	0	0	0	0	0		//	-26		-27			-53	-10.6	-8	71
	50032	0	0	미완의_이그드라실_한손검	32701	1	FFFF00	30003	11595	216	216	2216	39999	0	3	0	3	0	Null	0	Null	0	1	0	0	22	79	182520	1	9620	9620	1	1	1	2	121	1	1	71	0	0	0	0	0	0	0	0	0	0	0.8 	135 	0	0	1	1	1	1	0	0	0	0	0	0	0	0	0	1	0	0	0	0	0	0	0	0	0	0	0	0	0	0	0	0	0	0	0	0	0	0	0	0	1	41	1	2	0	0	0	0	0	0	0	0	0	0	0	0	0	0	0	0	0	0	0	0	0	0	0	0	0	1	0	0	0	0	0	0	0	0	0	0	0	0	0	0	0	0	0	0	0	0	0	0	0	0	0	0	0	0	0	0	0	0	0	0	253 	293 	0	0	0	0	0	0	0	0	0	0	0	0		//	-22	-20				-42	-8.4	-6	71
	50033	0	0	미완의_이그드라실_창	32701	1	FFFF00	30004	11595	316	316	2316	39999	0	4	0	4	0	Null	0	Null	0	1	0	0	22	79	281730	1	9620	9620	1	1	1	2	121	1	1	71	0	0	0	0	0	0	0	0	0	0	0.8 	120 	0	0	1	1	1	2.5	0	0	0	0	0	0	0	0	0	1	0	0	0	0	0	0	0	0	0	0	0	0	0	0	0	0	0	0	0	0	0	0	0	0	1	41	1	4	0	0	0	0	0	0	0	0	0	0	0	0	0	0	0	0	0	0	0	0	0	0	0	0	0	1	0	0	0	0	0	0	0	0	0	0	0	0	0	0	0	0	0	0	0	0	0	0	0	0	0	0	0	0	0	0	0	0	0	0	279 	344 	0	0	0	0	0	0	0	0	0	0	0	0		//	-22	-20				-42	-8.4	-6	71
	50034	0	0	미완의_네프티스_한손석궁	32703	1	FFFF00	30007	11595	616	616	2716	39999	0	7	0	7	0	Null	0	Null	0	1	0	0	22	70	219630	1	9620	9620	1	1	1	2	121	1	1	71	0	0	0	0	0	0	0	0	0	0	0.8 	150 	0	0	2	2	2	19	0	0	0	0	0	0	0	0	0	0	0	1	0	0	0	0	0	0	0	0	0	0	0	0	0	0	0	0	0	0	0	0	0	0	1	41	1	2	0	0	0	0	0	0	0	0	0	0	0	0	0	0	0	0	0	0	0	0	0	0	0	0	0	1	0	0	0	0	0	0	0	0	0	0	0	0	0	0	0	0	0	0	0	0	0	0	0	0	0	0	0	0	0	0	0	0	0	0	205 	247 	0	0	0	0	0	0	0	0	0	0	0	0		//	-16	-23				-39	-7.8	-5	71
	50035	0	0	미완의_네프티스_에테르웨폰	32703	1	FFFF00	30008	11595	716	716	2616	39999	0	8	0	8	0	Null	0	Null	0	1	0	0	22	70	543750	1	9620	9620	1	1	1	2	121	1	1	71	0	0	0	0	0	0	0	0	0	0	0.8 	105 	0	0	2	2	2	16	0	0	0	0	0	0	0	0	0	0	0	1	0	0	0	0	0	0	0	0	0	0	0	0	0	0	0	0	0	0	0	0	0	0	1	41	1	3	0	0	0	0	0	0	0	0	0	0	0	0	0	0	0	0	0	0	0	0	0	0	0	0	0	1	0	0	0	0	0	0	0	0	0	0	0	0	0	0	0	0	0	0	0	0	0	0	0	0	0	0	0	0	0	0	0	0	0	0	249 	344 	0	0	0	0	0	0	0	0	0	0	0	0		//	-16	-23				-39	-7.8	-5	71
	50036	0	0	미완의_클로리스_지팡이	32704	1	FFFF00	30009	11595	816	816	2816	39999	0	10	0	10	0	Null	0	Null	0	1	0	0	22	62	408600	1	9620	9620	1	1	1	2	121	1	1	71	0	0	0	0	0	0	0	0	0	0	0.8 	95 	0	0	1	1	4	2.5	0	0	0	0	0	0	0	0	0	0	0	0	1	0	0	0	0	0	0	0	0	0	0	0	0	0	0	0	0	0	0	0	0	0	1	41	1	1	0	0	0	0	0	0	0	0	0	0	0	0	0	0	0	0	0	0	0	0	0	0	0	0	0	1	0	0	0	0	0	0	0	0	0	0	0	0	0	0	0	0	0	0	0	0	0	0	0	0	0	0	0	0	0	0	0	0	0	0	386 	421 	0	0	0	0	0	0	0	0	0	0	0	0		//				-25	-22	-47	-9.4	-7	71
	50037	0	0	미완의_클로리스_오브	32704	1	FFFF00	30010	11595	916	916	2916	39999	0	11	0	11	0	Null	0	Null	0	1	0	0	22	62	343080	1	9620	9620	1	1	1	2	121	1	1	71	0	0	0	0	0	0	0	0	0	0	0.8 	100 	0	0	2	2	4	13	0	0	0	0	0	0	0	0	0	0	0	0	1	0	0	0	0	0	0	34	2	-5	0	0	0	0	0	0	0	0	0	0	0	0	1	41	1	1	0	0	0	0	0	0	0	0	0	0	0	0	0	0	0	0	0	0	0	0	0	0	0	0	0	1	0	0	0	0	0	0	0	0	0	0	0	0	0	0	0	0	0	0	0	0	0	0	0	0	0	0	0	0	0	0	0	0	0	0	310 	335 	0	0	0	0	0	0	0	0	0	0	0	0		//				-25	-22	-47	-9.4	-7	71
	50038	0	0	미완의_야누비스_대거	32702	1	FFFF00	31156	11595	416	416	2416	39999	0	5	0	5	0	Null	0	Null	0	1	0	0	22	79	182520	1	9620	9620	1	1	1	2	121	1	1	71	0	0	0	0	0	0	0	0	0	0	0.8 	140 	0	0	1	1	1	2.5	0	0	0	0	0	0	0	0	0	0	1	0	0	0	0	0	0	0	0	0	0	0	0	0	0	0	0	0	0	0	0	0	0	0	1	41	1	2	0	0	0	0	0	0	0	0	0	0	0	0	0	0	0	0	0	0	0	0	0	0	0	0	0	1	0	0	0	0	0	0	0	0	0	0	0	0	0	0	0	0	0	0	0	0	0	0	0	0	0	0	0	0	0	0	0	0	0	0	264 	299 	0	0	0	0	0	0	0	0	0	0	0	0		//	-19			-18		-37	-7.4	-5	71
	50039	0	0	미완의_야누비스_채찍검	32702	1	FFFF00	31157	11595	516	516	2516	39999	0	6	0	6	0	Null	0	Null	0	1	0	0	22	79	281730	1	9620	9620	1	1	1	2	121	1	1	71	0	0	0	0	0	0	0	0	0	0	0.8 	125 	0	0	1	1	1	3.5	0	0	0	0	0	0	0	0	0	0	1	0	0	0	0	0	0	0	1	0	0	0	0	0	0	0	0	0	0	0	0	0	0	0	1	41	1	3	0	0	0	0	0	0	0	0	0	0	0	0	0	0	0	0	0	0	0	0	0	0	0	0	0	1	0	0	0	0	0	0	0	0	0	0	0	0	0	0	0	0	0	0	0	0	0	0	0	0	0	0	0	0	0	0	0	0	0	0	274 	343 	0	0	0	0	0	0	0	0	0	0	0	0		//	-19			-18		-37	-7.4	-5	71
	50056	0	0	미완의_헤카테_건틀렛	30494	1	FFFF00	30011	11595	957	957	2957	39999	0	14	0	12	0	Null	0	Null	0	1	0	0	22	79	619950	1	9620	9620	1	1	1	2	121	1	1	71	0	0	0	0	0	0	0	0	0	0	0.8 	135 	0	0	1	1	3	1	0	0	0	0	0	0	0	0	0	0	0	0	0	1	0	0	0	0	0	0	0	0	0	0	0	0	0	0	0	0	0	0	0	0	1	41	1	2	0	0	0	0	0	0	0	0	0	0	0	0	0	0	0	0	0	0	0	0	0	0	0	0	0	1	0	0	0	0	0	0	0	0	0	0	0	0	0	0	0	0	0	0	0	0	0	0	0	0	0	0	0	0	0	0	0	0	0	0	286	330.05	0	0	0	0	0	0	0	0	0	0	0	0		//		-21		-19		-40	-8	-6	71
	50057	0	0	미완의_헤카테_에테르사이드	30524	1	FFFF00	30012	11595	978	978	2978	39999	0	15	0	13	0	Null	0	Null	0	1	0	0	22	79	400020	1	9620	9620	1	1	1	2	121	1	1	71	0	0	0	0	0	0	0	0	0	0	0.8 	120 	0	0	1	1	1	2	0	0	0	0	0	0	0	0	0	0	0	0	0	1	0	0	0	0	0	0	0	0	0	0	0	0	0	0	0	0	0	0	0	0	1	41	1	3	0	0	0	0	0	0	0	0	0	0	0	0	0	0	0	0	0	0	0	0	0	0	0	0	0	1	0	0	0	0	0	0	0	0	0	0	0	0	0	0	0	0	0	0	0	0	0	0	0	0	0	0	0	0	0	0	0	0	0	0	272.8	385.25	0	0	0	0	0	0	0	0	0	0	0	0		//		-21		-19		-40	-8	-6	71
	50131	0	0	미완의_오시리스_에테르블래스터	30589	1	FFFF00	30013	11595	1073	1073	3083	39999	0	16	0	16	0	Null	0	Null	0	1	0	0	22	89	619950	1	9620	9620	1	1	1	2	121	1	1	71	0	0	0	0	0	0	0	0	0	0	0.8 	115 	0	0	1	1	3	1.5	0	0	0	0	0	0	0	0	0	0	0	0	0	0	1	0	0	0	0	0	0	0	0	0	0	0	0	0	0	0	0	0	0	0	1	41	1	4	0	0	0	0	0	0	0	0	0	0	0	0	0	0	0	0	0	0	0	0	0	0	0	0	0	1	0	0	0	0	0	0	0	0	0	0	0	0	0	0	0	0	0	0	0	0	0	0	0	0	0	0	0	0	0	0	0	0	0	0	302.5	386.4	0	0	0	0	0	0	0	0	0	0	0	0		//			-27		-20	-47	-9.4	-7	71
	50323	0	0	미완의세크메트_아크블레이드_22등급아이템	30634	1	FFFF00	30017	11595	1104	1103	3103	39999	0	17	0	17	0	Null	0	Null	0	1	0	0	22	85	619950	1	9620	9620	1	1	1	2	121	1	1	71	0	0	0	0	0	0	0	0	0	0	0.8 	125 	0	0	1	1	3	2	0	0	0	0	0	0	0	0	0	0	0	0	0	0	0	1	0	0	0	0	0	0	0	0	0	0	0	0	0	0	0	0	0	0	1	41	1	4	0	0	0	0	0	0	0	0	0	0	0	0	0	0	0	0	0	0	0	0	0	0	0	0	0	1	0	0	0	0	0	0	0	0	0	0	0	0	0	0	0	0	0	0	0	0	0	0	0	0	0	0	0	0	0	0	0	0	0	0	249	312	0	0	0	0	0	0	0	0	0	0	0	0		//		-20	-24			-44	-8.8	-6	71
//		[ID50058~]_국내_점핑_엘리트1차무기_기간제																																																																					0	0	0	0																																																											0																																				0		//									
	50058	1	2	[전용-기간제]니벨룽의_양손도끼	45701	1	FFFF00	30001	46691	16	16	2016	39999	0	1	0	1	0	Null	0	Null	0	1	0	0	23	95	619950	1	9620	9620	1	0	1	39	104	0	1	71	0	0	0	0	0	0	0	0	0	0	0.8 	105 	0	0	1	1	3	1.5	0	0	0	0	0	0	0	0	1	0	0	0	0	0	0	0	0	0	1	42	1	1000	1	30	1	500	1	75	2	-25	0	0	0	0	1	41	1	3	0	0	0	0	0	0	0	0	0	0	0	0	0	0	0	0	0	0	0	0	0	0	0	0	0	1	0	0	0	0	0	0	0	0	0	0	0	0	0	0	0	0	0	0	0	0	0	0	0	0	0	0	0	0	0	0	0	0	0	0	378 	535 	0	0	0	0	0	0	0	0	0	0	0	0		//	-26		-27			-53	-10.6	-8	71
	50059	1	2	[전용-기간제]니벨룽의_양손검	45701	1	FFFF00	30002	46691	116	116	2116	39999	0	2	0	2	0	Null	0	Null	0	1	0	0	23	95	400020	1	9620	9620	1	0	1	39	104	0	1	71	0	0	0	0	0	0	0	0	0	0	0.8 	115 	0	0	1	1	1	1.8	0	0	0	0	0	0	0	0	1	0	0	0	0	0	0	0	0	0	1	42	1	1000	1	30	1	500	1	75	2	-25	0	0	0	0	1	41	1	5	0	0	0	0	0	0	0	0	0	0	0	0	0	0	0	0	0	0	0	0	0	0	0	0	0	1	0	0	0	0	0	0	0	0	0	0	0	0	0	0	0	0	0	0	0	0	0	0	0	0	0	0	0	0	0	0	0	0	0	0	409 	523 	0	0	0	0	0	0	0	0	0	0	0	0		//	-26		-27			-53	-10.6	-8	71
	50060	1	2	[전용-기간제]이그드라실의_한손검	45702	1	FFFF00	30003	46691	216	216	2216	39999	0	3	0	3	0	Null	0	Null	0	1	0	0	23	84	182520	1	9620	9620	1	0	1	39	104	0	1	71	0	0	0	0	0	0	0	0	0	0	0.8 	135 	0	0	1	1	1	1	0	0	0	0	0	0	0	0	0	1	0	0	0	0	0	0	0	0	1	42	1	1000	1	30	1	500	1	75	2	-25	0	0	0	0	1	41	1	2	0	0	0	0	0	0	0	0	0	0	0	0	0	0	0	0	0	0	0	0	0	0	0	0	0	1	0	0	0	0	0	0	0	0	0	0	0	0	0	0	0	0	0	0	0	0	0	0	0	0	0	0	0	0	0	0	0	0	0	0	297 	344 	0	0	0	0	0	0	0	0	0	0	0	0		//	-22	-20				-42	-8.4	-6	71
	50061	1	2	[전용-기간제]이그드라실의_창	45702	1	FFFF00	30004	46691	316	316	2316	39999	0	4	0	4	0	Null	0	Null	0	1	0	0	23	84	281730	1	9620	9620	1	0	1	39	104	0	1	71	0	0	0	0	0	0	0	0	0	0	0.8 	120 	0	0	1	1	1	2.5	0	0	0	0	0	0	0	0	0	1	0	0	0	0	0	0	0	0	1	42	1	1000	1	30	1	500	1	75	2	-25	0	0	0	0	1	41	1	4	0	0	0	0	0	0	0	0	0	0	0	0	0	0	0	0	0	0	0	0	0	0	0	0	0	1	0	0	0	0	0	0	0	0	0	0	0	0	0	0	0	0	0	0	0	0	0	0	0	0	0	0	0	0	0	0	0	0	0	0	328 	401 	0	0	0	0	0	0	0	0	0	0	0	0		//	-22	-20				-42	-8.4	-6	71
	50062	1	2	[전용-기간제]네프티스의_한손석궁	45703	1	FFFF00	30007	46691	616	616	2716	39999	0	7	0	7	0	Null	0	Null	0	1	0	0	23	75	219630	1	9620	9620	1	0	1	39	104	0	1	71	0	0	0	0	0	0	0	0	0	0	0.8 	150 	0	0	2	2	2	19	0	0	0	0	0	0	0	0	0	0	0	1	0	0	0	0	0	0	1	42	1	1000	1	30	1	500	1	75	2	-25	0	0	0	0	1	41	1	2	0	0	0	0	0	0	0	0	0	0	0	0	0	0	0	0	0	0	0	0	0	0	0	0	0	1	0	0	0	0	0	0	0	0	0	0	0	0	0	0	0	0	0	0	0	0	0	0	0	0	0	0	0	0	0	0	0	0	0	0	240 	289 	0	0	0	0	0	0	0	0	0	0	0	0		//	-16	-23				-39	-7.8	-5	71
	50063	1	2	[전용-기간제]네프티스의_에테르웨폰	45703	1	FFFF00	30008	46691	716	716	2616	39999	0	8	0	8	0	Null	0	Null	0	1	0	0	23	75	543750	1	9620	9620	1	0	1	39	104	0	1	71	0	0	0	0	0	0	0	0	0	0	0.8 	105 	0	0	2	2	2	16	0	0	0	0	0	0	0	0	0	0	0	1	0	0	0	0	0	0	1	42	1	1000	1	30	1	500	1	75	2	-25	0	0	0	0	1	41	1	3	0	0	0	0	0	0	0	0	0	0	0	0	0	0	0	0	0	0	0	0	0	0	0	0	0	1	0	0	0	0	0	0	0	0	0	0	0	0	0	0	0	0	0	0	0	0	0	0	0	0	0	0	0	0	0	0	0	0	0	0	290 	404 	0	0	0	0	0	0	0	0	0	0	0	0		//	-16	-23				-39	-7.8	-5	71
	50064	1	2	[전용-기간제]클로리스의_지팡이	45704	1	FFFF00	30009	46691	816	816	2816	39999	0	10	0	10	0	Null	0	Null	0	1	0	0	23	66	408600	1	9620	9620	1	0	1	39	104	0	1	71	0	0	0	0	0	0	0	0	0	0	0.8 	95 	0	0	1	1	4	2.5	0	0	0	0	0	0	0	0	0	0	0	0	1	0	0	0	0	0	1	42	1	1000	1	30	1	500	1	75	2	-25	0	0	0	0	1	41	1	1	0	0	0	0	0	0	0	0	0	0	0	0	0	0	0	0	0	0	0	0	0	0	0	0	0	1	0	0	0	0	0	0	0	0	0	0	0	0	0	0	0	0	0	0	0	0	0	0	0	0	0	0	0	0	0	0	0	0	0	0	452 	492 	0	0	0	0	0	0	0	0	0	0	0	0		//				-25	-22	-47	-9.4	-7	71
	50065	1	2	[전용-기간제]클로리스의_오브	45704	1	FFFF00	30010	46691	916	916	2916	39999	0	11	0	11	0	Null	0	Null	0	1	0	0	23	66	343080	1	9620	9620	1	0	1	39	104	0	1	71	0	0	0	0	0	0	0	0	0	0	0.8 	100 	0	0	2	2	4	13	0	0	0	0	0	0	0	0	0	0	0	0	1	0	0	0	0	0	1	42	1	1000	1	30	1	500	1	75	2	-25	1	34	2	-5	1	41	1	1	0	0	0	0	0	0	0	0	0	0	0	0	0	0	0	0	0	0	0	0	0	0	0	0	0	1	0	0	0	0	0	0	0	0	0	0	0	0	0	0	0	0	0	0	0	0	0	0	0	0	0	0	0	0	0	0	0	0	0	0	363 	392 	0	0	0	0	0	0	0	0	0	0	0	0		//				-25	-22	-47	-9.4	-7	71
	50066	1	2	[전용-기간제]야누비스의_대거	45705	1	FFFF00	31156	46691	416	416	2416	39999	0	5	0	5	0	Null	0	Null	0	1	0	0	23	84	182520	1	9620	9620	1	0	1	39	104	0	1	71	0	0	0	0	0	0	0	0	0	0	0.8 	140 	0	0	1	1	1	2.5	0	0	0	0	0	0	0	0	0	0	1	0	0	0	0	0	0	0	1	42	1	1000	1	30	1	500	1	75	2	-25	0	0	0	0	1	41	1	2	0	0	0	0	0	0	0	0	0	0	0	0	0	0	0	0	0	0	0	0	0	0	0	0	0	1	0	0	0	0	0	0	0	0	0	0	0	0	0	0	0	0	0	0	0	0	0	0	0	0	0	0	0	0	0	0	0	0	0	0	308 	348 	0	0	0	0	0	0	0	0	0	0	0	0		//	-19			-18		-37	-7.4	-5	71
	50067	1	2	[전용-기간제]야누비스의_채찍검	45705	1	FFFF00	31157	46691	516	516	2516	39999	0	6	0	6	0	Null	0	Null	0	1	0	0	23	84	281730	1	9620	9620	1	0	1	39	104	0	1	71	0	0	0	0	0	0	0	0	0	0	0.8 	125 	0	0	1	1	1	3.5	0	0	0	0	0	0	0	0	0	0	1	0	0	0	0	0	0	0	1	42	1	1000	1	30	1	500	1	75	2	-25	0	0	0	0	1	41	1	3	0	0	0	0	0	0	0	0	0	0	0	0	0	0	0	0	0	0	0	0	0	0	0	0	0	1	0	0	0	0	0	0	0	0	0	0	0	0	0	0	0	0	0	0	0	0	0	0	0	0	0	0	0	0	0	0	0	0	0	0	321 	401 	0	0	0	0	0	0	0	0	0	0	0	0		//	-19			-18		-37	-7.4	-5	71
	50090	1	2	[전용-기간제]헤카테_건틀렛	46705	1	FFFF00	30011	46691	957	957	2957	39999	0	14	0	14	0	Null	0	Null	0	1	0	0	23	84	619950	1	9620	9620	1	0	1	39	104	0	1	71	0	0	0	0	0	0	0	0	0	0	0.8 	135 	0	0	1	1	3	1	0	0	0	0	0	0	0	0	0	0	0	0	0	1	0	0	0	0	1	42	1	1000	1	30	1	500	1	75	2	-25	0	0	0	0	1	41	1	2	0	0	0	0	0	0	0	0	0	0	0	0	0	0	0	0	0	0	0	0	0	0	0	0	0	1	0	0	0	0	0	0	0	0	0	0	0	0	0	0	0	0	0	0	0	0	0	0	0	0	0	0	0	0	0	0	0	0	0	0	334 	388 	0	0	0	0	0	0	0	0	0	0	0	0		//		-21		-19		-40	-8	-6	71
	50091	1	2	[전용-기간제]헤카테_에테르사이드	46705	1	FFFF00	30012	46691	978	978	2978	39999	0	15	0	15	0	Null	0	Null	0	1	0	0	23	84	400020	1	9620	9620	1	0	1	39	104	0	1	71	0	0	0	0	0	0	0	0	0	0	0.8 	120 	0	0	1	1	1	2	0	0	0	0	0	0	0	0	0	0	0	0	0	1	0	0	0	0	1	42	1	1000	1	30	1	500	1	75	2	-25	0	0	0	0	1	41	1	3	0	0	0	0	0	0	0	0	0	0	0	0	0	0	0	0	0	0	0	0	0	0	0	0	0	1	0	0	0	0	0	0	0	0	0	0	0	0	0	0	0	0	0	0	0	0	0	0	0	0	0	0	0	0	0	0	0	0	0	0	319 	452 	0	0	0	0	0	0	0	0	0	0	0	0		//		-21		-19		-40	-8	-6	71
	50134	1	2	[전용-기간제]오시리스의_에테르블래스터	46706	1	FFFF00	30013	46691	1073	1073	3083	39999	0	16	0	16	0	Null	0	Null	0	1	0	0	23	94	619950	1	9620	9620	1	0	1	39	104	0	1	71	0	0	0	0	0	0	0	0	0	0	0.8 	115 	0	0	1	1	3	1.5	0	0	0	0	0	0	0	0	0	0	0	0	0	0	1	0	0	0	1	42	1	1000	1	30	1	500	1	75	2	-25	0	0	0	0	1	41	1	4	0	0	0	0	0	0	0	0	0	0	0	0	0	0	0	0	0	0	0	0	0	0	0	0	0	1	0	0	0	0	0	0	0	0	0	0	0	0	0	0	0	0	0	0	0	0	0	0	0	0	0	0	0	0	0	0	0	0	0	0	355 	453 	0	0	0	0	0	0	0	0	0	0	0	0		//			-27		-20	-47	-9.4	-7	71
	50326	1	2	[전용-기간제]세크메트의_아크블레이드_23등급아이템	46708	1	FFFF00	30017	46691	1104	1103	3083	39999	0	17	0	17	0	Null	0	Null	0	1	0	0	23	90	619950	1	9620	9620	1	0	1	2	125	0	0	71	0	0	0	0	0	0	0	0	0	0	0.8 	125 	0	0	1	1	3	2	0	0	0	0	0	0	0	0	0	0	0	0	0	0	0	1	0	0	1	42	1	1000	1	30	1	500	1	75	2	-25	0	0	0	0	1	41	1	4	0	0	0	0	0	0	0	0	0	0	0	0	0	0	0	0	0	0	0	0	0	0	0	0	0	1	0	0	0	0	0	0	0	0	0	0	0	0	0	0	0	0	0	0	0	0	0	0	0	0	0	0	0	0	0	0	0	0	0	0	290 	365 	0	0	0	0	0	0	0	0	0	0	0	0		//		-20	-24			-44	-8.8	-6	71
//		[ID50058~]_국내_점핑_엘리트1차무기_영구																																																																					0	0	0	0																																																											0																																				0		//									
	50068	0	0	[전용]니벨룽의_양손도끼	45706	1	FFFF00	30001	46696	16	16	2016	39999	0	1	0	1	0	Null	0	Null	0	1	0	0	23	95	619950	1	9620	9620	1	0	1	39	120	0	1	71	0	0	0	0	0	0	0	0	0	0	0.8 	105 	0	0	1	1	3	1.5	0	0	0	0	0	0	0	0	1	0	0	0	0	0	0	0	0	0	1	42	1	1000	1	30	1	500	1	75	2	-25	0	0	0	0	1	41	1	3	0	0	0	0	0	0	0	0	0	0	0	0	0	0	0	0	0	0	0	0	0	0	0	0	0	1	0	0	0	0	0	0	0	0	0	0	0	0	0	0	0	0	0	0	0	0	0	0	0	0	0	0	0	0	0	0	0	0	0	0	378 	535 	0	0	0	0	0	0	0	0	0	0	0	0		//	-26		-27			-53	-10.6	-8	71
	50069	0	0	[전용]니벨룽의_양손검	45706	1	FFFF00	30002	46696	116	116	2116	39999	0	2	0	2	0	Null	0	Null	0	1	0	0	23	95	400020	1	9620	9620	1	0	1	39	120	0	1	71	0	0	0	0	0	0	0	0	0	0	0.8 	115 	0	0	1	1	1	1.8	0	0	0	0	0	0	0	0	1	0	0	0	0	0	0	0	0	0	1	42	1	1000	1	30	1	500	1	75	2	-25	0	0	0	0	1	41	1	5	0	0	0	0	0	0	0	0	0	0	0	0	0	0	0	0	0	0	0	0	0	0	0	0	0	1	0	0	0	0	0	0	0	0	0	0	0	0	0	0	0	0	0	0	0	0	0	0	0	0	0	0	0	0	0	0	0	0	0	0	409 	523 	0	0	0	0	0	0	0	0	0	0	0	0		//	-26		-27			-53	-10.6	-8	71
	50070	0	0	[전용]이그드라실의_한손검	45707	1	FFFF00	30003	46696	216	216	2216	39999	0	3	0	3	0	Null	0	Null	0	1	0	0	23	84	182520	1	9620	9620	1	0	1	39	120	0	1	71	0	0	0	0	0	0	0	0	0	0	0.8 	135 	0	0	1	1	1	1	0	0	0	0	0	0	0	0	0	1	0	0	0	0	0	0	0	0	1	42	1	1000	1	30	1	500	1	75	2	-25	0	0	0	0	1	41	1	2	0	0	0	0	0	0	0	0	0	0	0	0	0	0	0	0	0	0	0	0	0	0	0	0	0	1	0	0	0	0	0	0	0	0	0	0	0	0	0	0	0	0	0	0	0	0	0	0	0	0	0	0	0	0	0	0	0	0	0	0	297 	344 	0	0	0	0	0	0	0	0	0	0	0	0		//	-22	-20				-42	-8.4	-6	71
	50071	0	0	[전용]이그드라실의_창	45707	1	FFFF00	30004	46696	316	316	2316	39999	0	4	0	4	0	Null	0	Null	0	1	0	0	23	84	281730	1	9620	9620	1	0	1	39	120	0	1	71	0	0	0	0	0	0	0	0	0	0	0.8 	120 	0	0	1	1	1	2.5	0	0	0	0	0	0	0	0	0	1	0	0	0	0	0	0	0	0	1	42	1	1000	1	30	1	500	1	75	2	-25	0	0	0	0	1	41	1	4	0	0	0	0	0	0	0	0	0	0	0	0	0	0	0	0	0	0	0	0	0	0	0	0	0	1	0	0	0	0	0	0	0	0	0	0	0	0	0	0	0	0	0	0	0	0	0	0	0	0	0	0	0	0	0	0	0	0	0	0	328 	401 	0	0	0	0	0	0	0	0	0	0	0	0		//	-22	-20				-42	-8.4	-6	71
	50072	0	0	[전용]네프티스의_한손석궁	45708	1	FFFF00	30007	46696	616	616	2716	39999	0	7	0	7	0	Null	0	Null	0	1	0	0	23	75	219630	1	9620	9620	1	0	1	39	120	0	1	71	0	0	0	0	0	0	0	0	0	0	0.8 	150 	0	0	2	2	2	19	0	0	0	0	0	0	0	0	0	0	0	1	0	0	0	0	0	0	1	42	1	1000	1	30	1	500	1	75	2	-25	0	0	0	0	1	41	1	2	0	0	0	0	0	0	0	0	0	0	0	0	0	0	0	0	0	0	0	0	0	0	0	0	0	1	0	0	0	0	0	0	0	0	0	0	0	0	0	0	0	0	0	0	0	0	0	0	0	0	0	0	0	0	0	0	0	0	0	0	240 	289 	0	0	0	0	0	0	0	0	0	0	0	0		//	-16	-23				-39	-7.8	-5	71
	50073	0	0	[전용]네프티스의_에테르웨폰	45708	1	FFFF00	30008	46696	716	716	2616	39999	0	8	0	8	0	Null	0	Null	0	1	0	0	23	75	543750	1	9620	9620	1	0	1	39	120	0	1	71	0	0	0	0	0	0	0	0	0	0	0.8 	105 	0	0	2	2	2	16	0	0	0	0	0	0	0	0	0	0	0	1	0	0	0	0	0	0	1	42	1	1000	1	30	1	500	1	75	2	-25	0	0	0	0	1	41	1	3	0	0	0	0	0	0	0	0	0	0	0	0	0	0	0	0	0	0	0	0	0	0	0	0	0	1	0	0	0	0	0	0	0	0	0	0	0	0	0	0	0	0	0	0	0	0	0	0	0	0	0	0	0	0	0	0	0	0	0	0	290 	404 	0	0	0	0	0	0	0	0	0	0	0	0		//	-16	-23				-39	-7.8	-5	71
	50074	0	0	[전용]클로리스의_지팡이	45709	1	FFFF00	30009	46696	816	816	2816	39999	0	10	0	10	0	Null	0	Null	0	1	0	0	23	66	408600	1	9620	9620	1	0	1	39	120	0	1	71	0	0	0	0	0	0	0	0	0	0	0.8 	95 	0	0	1	1	4	2.5	0	0	0	0	0	0	0	0	0	0	0	0	1	0	0	0	0	0	1	42	1	1000	1	30	1	500	1	75	2	-25	0	0	0	0	1	41	1	1	0	0	0	0	0	0	0	0	0	0	0	0	0	0	0	0	0	0	0	0	0	0	0	0	0	1	0	0	0	0	0	0	0	0	0	0	0	0	0	0	0	0	0	0	0	0	0	0	0	0	0	0	0	0	0	0	0	0	0	0	452 	492 	0	0	0	0	0	0	0	0	0	0	0	0		//				-25	-22	-47	-9.4	-7	71
	50075	0	0	[전용]클로리스의_오브	45709	1	FFFF00	30010	46696	916	916	2916	39999	0	11	0	11	0	Null	0	Null	0	1	0	0	23	66	343080	1	9620	9620	1	0	1	39	120	0	1	71	0	0	0	0	0	0	0	0	0	0	0.8 	100 	0	0	2	2	4	13	0	0	0	0	0	0	0	0	0	0	0	0	1	0	0	0	0	0	1	42	1	1000	1	30	1	500	1	75	2	-25	1	34	2	-5	1	41	1	1	0	0	0	0	0	0	0	0	0	0	0	0	0	0	0	0	0	0	0	0	0	0	0	0	0	1	0	0	0	0	0	0	0	0	0	0	0	0	0	0	0	0	0	0	0	0	0	0	0	0	0	0	0	0	0	0	0	0	0	0	363 	392 	0	0	0	0	0	0	0	0	0	0	0	0		//				-25	-22	-47	-9.4	-7	71
	50076	0	0	[전용]야누비스의_대거	45710	1	FFFF00	31156	46696	416	416	2416	39999	0	5	0	5	0	Null	0	Null	0	1	0	0	23	84	182520	1	9620	9620	1	0	1	39	120	0	1	71	0	0	0	0	0	0	0	0	0	0	0.8 	140 	0	0	1	1	1	2.5	0	0	0	0	0	0	0	0	0	0	1	0	0	0	0	0	0	0	1	42	1	1000	1	30	1	500	1	75	2	-25	0	0	0	0	1	41	1	2	0	0	0	0	0	0	0	0	0	0	0	0	0	0	0	0	0	0	0	0	0	0	0	0	0	1	0	0	0	0	0	0	0	0	0	0	0	0	0	0	0	0	0	0	0	0	0	0	0	0	0	0	0	0	0	0	0	0	0	0	308 	348 	0	0	0	0	0	0	0	0	0	0	0	0		//	-19			-18		-37	-7.4	-5	71
	50077	0	0	[전용]야누비스의_채찍검	45710	1	FFFF00	31157	46696	516	516	2516	39999	0	6	0	6	0	Null	0	Null	0	1	0	0	23	84	281730	1	9620	9620	1	0	1	39	120	0	1	71	0	0	0	0	0	0	0	0	0	0	0.8 	125 	0	0	1	1	1	3.5	0	0	0	0	0	0	0	0	0	0	1	0	0	0	0	0	0	0	1	42	1	1000	1	30	1	500	1	75	2	-25	0	0	0	0	1	41	1	3	0	0	0	0	0	0	0	0	0	0	0	0	0	0	0	0	0	0	0	0	0	0	0	0	0	1	0	0	0	0	0	0	0	0	0	0	0	0	0	0	0	0	0	0	0	0	0	0	0	0	0	0	0	0	0	0	0	0	0	0	321 	401 	0	0	0	0	0	0	0	0	0	0	0	0		//	-19			-18		-37	-7.4	-5	71
//		[ID50040~]_기간제엘리트1.5차무기																																																																					0	0	0	0																																																											0																																				0		//									
	50040	1	1	파괴신_니벨룽의_양손도끼	30381	1	FFFF00	30001	11591	922	922	2922	39999	0	1	0	1	0	Null	0	Null	0	1	0	0	24	100	619950	1	26936	26936	1	0	1	263	49	0	1	78	0	0	0	0	0	0	0 	0 	0	0	0.8 	105 	0	0	1	1	3	1.5 	0	0	0	0	0	0	0	0	1	0	0	0	0	0	0	0	0	0	1	42	1	1500	1	30	1	700	1	75	2	-25	0	0	0	0	1	41	1	3	0	0	0	0	0	0	0	0	0	0	0	0	0	0	0	0	0	0	0	0	0	0	0	0	0	1	0	0	0	0	0	0	0	0	0	0	0	0	0	0	0	0	0	0	0	0	0	0	0	0	0	0	0	0	0	0	0	0	0	0	442 	627 	0	0	0	0	0	0	0	0	0	0	0	0		//	-26		-27			-53	-10.6	-8	78
	50041	1	1	파괴신_니벨룽의_양손검	30382	1	FFFF00	30002	11591	923	923	2923	39999	0	2	0	2	0	Null	0	Null	0	1	0	0	24	100	400020	1	26936	26936	1	0	1	263	49	0	1	78	0	0	0	0	0	0	0 	0 	0	0	0.8 	115 	0	0	1	1	1	1.8 	0	0	0	0	0	0	0	0	1	0	0	0	0	0	0	0	0	0	1	42	1	1500	1	30	1	700	1	75	2	-25	0	0	0	0	1	41	1	5	0	0	0	0	0	0	0	0	0	0	0	0	0	0	0	0	0	0	0	0	0	0	0	0	0	1	0	0	0	0	0	0	0	0	0	0	0	0	0	0	0	0	0	0	0	0	0	0	0	0	0	0	0	0	0	0	0	0	0	0	479 	612 	0	0	0	0	0	0	0	0	0	0	0	0		//	-26		-27			-53	-10.6	-8	78
	50042	1	1	저주의_이그드라실의_한손검	30383	1	FFFF00	30003	11591	924	924	2924	39999	0	3	0	3	0	Null	0	Null	0	1	0	0	24	89	182520	1	26936	26936	1	0	1	263	49	0	1	78	0	0	0	0	0	0	0	0 	0	0	0.8 	135 	0	0	1	1	1	1	0	0	0	0	0	0	0	0	0	1	0	0	0	0	0	0	0	0	1	42	1	1500	1	30	1	700	1	75	2	-25	0	0	0	0	1	41	1	2	0	0	0	0	0	0	0	0	0	0	0	0	0	0	0	0	0	0	0	0	0	0	0	0	0	1	0	0	0	0	0	0	0	0	0	0	0	0	0	0	0	0	0	0	0	0	0	0	0	0	0	0	0	0	0	0	0	0	0	0	348 	401 	0	0	0	0	0	0	0	0	0	0	0	0		//	-22	-20				-42	-8.4	-6	78
	50043	1	1	저주의_이그드라실의_창	30384	1	FFFF00	30004	11591	925	925	2925	39999	0	4	0	4	0	Null	0	Null	0	1	0	0	24	89	281730	1	26936	26936	1	0	1	263	49	0	1	78	0	0	0	0	0	0	0	0 	0	0	0.8 	120 	0	0	1	1	1	2.5	0	0	0	0	0	0	0	0	0	1	0	0	0	0	0	0	0	0	1	42	1	1500	1	30	1	700	1	75	2	-25	0	0	0	0	1	41	1	4	0	0	0	0	0	0	0	0	0	0	0	0	0	0	0	0	0	0	0	0	0	0	0	0	0	1	0	0	0	0	0	0	0	0	0	0	0	0	0	0	0	0	0	0	0	0	0	0	0	0	0	0	0	0	0	0	0	0	0	0	383 	470 	0	0	0	0	0	0	0	0	0	0	0	0		//	-22	-20				-42	-8.4	-6	78
	50044	1	1	타락한_네프티스의_한손석궁	30385	1	FFFF00	30007	11591	926	926	2927	39999	0	7	0	7	0	Null	0	Null	0	1	0	0	24	79	219630	1	26936	26936	1	0	1	263	49	0	1	78	0	0	0	0	0	0	0	0 	0	0	0.8 	150 	0	0	2	2	2	19.0 	0	0	0	0	0	0	0	0	0	0	0	1	0	0	0	0	0	0	1	42	1	1500	1	30	1	700	1	75	2	-25	0	0	0	0	1	41	1	2	0	0	0	0	0	0	0	0	0	0	0	0	0	0	0	0	0	0	0	0	0	0	0	0	0	1	0	0	0	0	0	0	0	0	0	0	0	0	0	0	0	0	0	0	0	0	0	0	0	0	0	0	0	0	0	0	0	0	0	0	281 	338 	0	0	0	0	0	0	0	0	0	0	0	0		//	-16	-23				-39	-7.8	-5	78
	50045	1	1	타락한_네프티스의_에테르웨폰	30386	1	FFFF00	30008	11591	927	927	2926	39999	0	8	0	8	0	Null	0	Null	0	1	0	0	24	79	543750	1	26936	26936	1	0	1	263	49	0	1	78	0	0	0	0	0	0	0	0 	0	0	0.8 	105 	0	0	2	2	2	16	0	0	0	0	0	0	0	0	0	0	0	1	0	0	0	0	0	0	1	42	1	1500	1	30	1	700	1	75	2	-25	0	0	0	0	1	41	1	3	0	0	0	0	0	0	0	0	0	0	0	0	0	0	0	0	0	0	0	0	0	0	0	0	0	1	0	0	0	0	0	0	0	0	0	0	0	0	0	0	0	0	0	0	0	0	0	0	0	0	0	0	0	0	0	0	0	0	0	0	340 	472 	0	0	0	0	0	0	0	0	0	0	0	0		//	-16	-23				-39	-7.8	-5	78
	50046	1	1	죽음의_클로리스의_지팡이	30387	1	FFFF00	30009	11591	928	928	2928	39999	0	10	0	10	0	Null	0	Null	0	1	0	0	24	71	408600	1	26936	26936	1	0	1	263	49	0	1	78	0	0	0	0	0	0	0	0 	0	0	0.8 	95 	0	0	1	1	4	2.5	0	0	0	0	0	0	0	0	0	0	0	0	1	0	0	0	0	0	1	42	1	1500	1	30	1	700	1	75	2	-25	0	0	0	0	1	41	1	1	0	0	0	0	0	0	0	0	0	0	0	0	0	0	0	0	0	0	0	0	0	0	0	0	0	1	0	0	0	0	0	0	0	0	0	0	0	0	0	0	0	0	0	0	0	0	0	0	0	0	0	0	0	0	0	0	0	0	0	0	530 	576 	0	0	0	0	0	0	0	0	0	0	0	0		//				-25	-22	-47	-9.4	-7	78
	50047	1	1	죽음의_클로리스의_오브	30388	1	FFFF00	30010	11591	929	929	2929	39999	0	11	0	11	0	Null	0	Null	0	1	0	0	24	71	343080	1	26936	26936	1	0	1	263	49	0	1	78	0	0	0	0	0	0	0	0 	0	0	0.8 	100 	0	0	2	2	4	13	0	0	0	0	0	0	0	0	0	0	0	0	1	0	0	0	0	0	1	42	1	1500	1	30	1	700	1	75	2	-25	1	34	2	-5	1	41	1	1	0	0	0	0	0	0	0	0	0	0	0	0	0	0	0	0	0	0	0	0	0	0	0	0	0	1	0	0	0	0	0	0	0	0	0	0	0	0	0	0	0	0	0	0	0	0	0	0	0	0	0	0	0	0	0	0	0	0	0	0	426 	458 	0	0	0	0	0	0	0	0	0	0	0	0		//				-25	-22	-47	-9.4	-7	78
	50048	1	1	탐욕의_야누비스의_대거	30389	1	FFFF00	31156	11591	930	930	2930	39999	0	5	0	5	0	Null	0	Null	0	1	0	0	24	88	182520	1	26936	26936	1	0	1	263	49	0	1	78	0	0	0	0	0	0	0	0 	0	0	0.8 	140 	0	0	1	1	1	2.5	0	0	0	0	0	0	0	0	0	0	1	0	0	0	0	0	0	0	1	42	1	1500	1	30	1	700	1	75	2	-25	0	0	0	0	1	41	1	2	0	0	0	0	0	0	0	0	0	0	0	0	0	0	0	0	0	0	0	0	0	0	0	0	0	1	0	0	0	0	0	0	0	0	0	0	0	0	0	0	0	0	0	0	0	0	0	0	0	0	0	0	0	0	0	0	0	0	0	0	361 	408 	0	0	0	0	0	0	0	0	0	0	0	0		//	-19			-18		-37	-7.4	-5	78
	50049	1	1	탐욕의_야누비스의_채찍검	30390	1	FFFF00	31157	11591	931	931	2931	39999	0	6	0	6	0	Null	0	Null	0	1	0	0	24	88	281730	1	26936	26936	1	0	1	263	49	0	1	78	0	0	0	0	0	0	0	0 	0	0	0.8 	125 	0	0	1	1	1	3.5	0	0	0	0	0	0	0	0	0	0	1	0	0	0	0	0	0	0	1	42	1	1500	1	30	1	700	1	75	2	-25	0	0	0	0	1	41	1	3	0	0	0	0	0	0	0	0	0	0	0	0	0	0	0	0	0	0	0	0	0	0	0	0	0	1	0	0	0	0	0	0	0	0	0	0	0	0	0	0	0	0	0	0	0	0	0	0	0	0	0	0	0	0	0	0	0	0	0	0	376 	470 	0	0	0	0	0	0	0	0	0	0	0	0		//	-19			-18		-37	-7.4	-5	78
//		[ID50200~]_투사의엘리트																																			0	0																																	0	0	0	0																																																											0																																				0		//									
//	50200	0	0	투사의엘리트테스트_양손도끼	35017	1	FFFF00	30001	0	11532	11532	2020	39999	0	1	0	1	0	Null	0	Null	0	1	0	0	23	65	661230	1	2955	2955	0	0	1	0	0	0	0	0	0	0	0	0	0	0	0	0	0	0	0.8 	105 	0	0	1	1	3	1.5 	0	0	0	0	0	0	0	0	1	0	0	0	0	0	0	0	0	0	0	0	0	0	0	0	0	0	0	0	0	0	0	0	0	0	1	41	1	3	0	0	0	0	0	0	0	0	0	0	0	0	0	0	0	0	0	0	0	0	0	0	0	0	0	1	0	0	0	0	0	0	0	0	0	0	0	0	0	0	0	0	0	0	0	0	0	0	0	0	0	0	0	0	0	0	0	0	0	0	0	0	0	0	0	0	0	0	0	0	0	0	0	0		//									
//	50201	0	0	투사의엘리트테스트_양손검	35017	1	FFFF00	30002	0	11533	11533	2120	39999	0	2	0	2	0	Null	0	Null	0	1	0	0	23	65	395280	1	2760	2760	0	0	1	0	0	0	0	0	0	0	0	0	0	0	0	0	0	0	0.8 	115 	0	0	1	1	1	1.8	0	0	0	0	0	0	0	0	1	0	0	0	0	0	0	0	0	0	0	0	0	0	0	0	0	0	0	0	0	0	0	0	0	0	1	41	1	5	0	0	0	0	0	0	0	0	0	0	0	0	0	0	0	0	0	0	0	0	0	0	0	0	0	1	0	0	0	0	0	0	0	0	0	0	0	0	0	0	0	0	0	0	0	0	0	0	0	0	0	0	0	0	0	0	0	0	0	0	0	0	0	0	0	0	0	0	0	0	0	0	0	0		//									
//	50202	0	0	투사의엘리트테스트_한손검	35017	1	FFFF00	30003	0	11534	11534	2220	39999	0	3	0	3	0	Null	0	Null	0	1	0	0	23	65	312780	1	4530	4530	0	0	1	0	0	0	0	0	0	0	0	0	0	0	0	0	0	0	0.8 	135 	0	0	1	1	1	1	0	0	0	0	0	0	0	0	0	1	0	0	0	0	0	0	0	0	0	0	0	0	0	0	0	0	0	0	0	0	0	0	0	0	1	41	1	2	0	0	0	0	0	0	0	0	0	0	0	0	0	0	0	0	0	0	0	0	0	0	0	0	0	1	0	0	0	0	0	0	0	0	0	0	0	0	0	0	0	0	0	0	0	0	0	0	0	0	0	0	0	0	0	0	0	0	0	0	0	0	0	0	0	0	0	0	0	0	0	0	0	0		//									
//	50203	0	0	투사의엘리트테스트_창	35017	1	FFFF00	30004	0	11535	11535	2320	39999	0	4	0	4	0	Null	0	Null	0	1	0	0	23	65	419220	1	3885	3885	0	0	1	0	0	0	0	0	0	0	0	0	0	0	0	0	0	0	0.8 	120 	0	0	1	1	1	2.5	0	0	0	0	0	0	0	0	0	1	0	0	0	0	0	0	0	0	0	0	0	0	0	0	0	0	0	0	0	0	0	0	0	0	1	41	1	4	0	0	0	0	0	0	0	0	0	0	0	0	0	0	0	0	0	0	0	0	0	0	0	0	0	1	0	0	0	0	0	0	0	0	0	0	0	0	0	0	0	0	0	0	0	0	0	0	0	0	0	0	0	0	0	0	0	0	0	0	0	0	0	0	0	0	0	0	0	0	0	0	0	0		//									
//	50204	0	0	투사의엘리트테스트_석궁	35017	1	FFFF00	30007	0	11536	11536	2620	39999	0	7	0	7	0	Null	0	Null	0	1	0	0	23	65	213120	1	4215	4215	0	0	1	0	0	0	0	0	0	0	0	0	0	0	0	0	0	0	0.8 	150 	0	0	2	2	2	19	0	0	0	0	0	0	0	0	0	0	0	1	0	0	0	0	0	0	0	0	0	0	0	0	0	0	0	0	0	0	0	0	0	0	1	41	1	2	0	0	0	0	0	0	0	0	0	0	0	0	0	0	0	0	0	0	0	0	0	0	0	0	0	1	0	0	0	0	0	0	0	0	0	0	0	0	0	0	0	0	0	0	0	0	0	0	0	0	0	0	0	0	0	0	0	0	0	0	0	0	0	0	0	0	0	0	0	0	0	0	0	0		//									
//	50205	0	0	투사의엘리트테스트_에테르웨폰	35017	1	FFFF00	30008	0	11537	11537	2720	39999	0	8	0	8	0	Null	0	Null	0	1	0	0	23	65	346950	1	2700	2700	0	0	1	0	0	0	0	0	0	0	0	0	0	0	0	0	0	0	0.8 	95 	0	0	2	2	2	16	0	0	0	0	0	0	0	0	0	0	0	1	0	0	0	0	0	0	0	0	0	0	0	0	0	0	0	0	0	0	0	0	0	0	1	41	1	3	0	0	0	0	0	0	0	0	0	0	0	0	0	0	0	0	0	0	0	0	0	0	0	0	0	1	0	0	0	0	0	0	0	0	0	0	0	0	0	0	0	0	0	0	0	0	0	0	0	0	0	0	0	0	0	0	0	0	0	0	0	0	0	0	0	0	0	0	0	0	0	0	0	0		//									
//	50206	0	0	투사의엘리트테스트_지팡이	35017	1	FFFF00	30009	0	11538	11538	2820	39999	0	10	0	10	0	Null	0	Null	0	1	0	0	23	65	641580	1	5715	5715	0	0	1	0	0	0	0	0	0	0	0	0	0	0	0	0	0	0	0.8 	95 	0	0	1	1	4	2.5	0	0	0	0	0	0	0	0	0	0	0	0	1	0	0	0	0	0	0	0	0	0	0	0	0	0	0	0	0	0	0	0	0	0	1	41	1	1	0	0	0	0	0	0	0	0	0	0	0	0	0	0	0	0	0	0	0	0	0	0	0	0	0	1	0	0	0	0	0	0	0	0	0	0	0	0	0	0	0	0	0	0	0	0	0	0	0	0	0	0	0	0	0	0	0	0	0	0	0	0	0	0	0	0	0	0	0	0	0	0	0	0		//									
//	50207	0	0	투사의엘리트테스트_오브	35017	1	FFFF00	30010	0	11539	11539	2920	39999	0	11	0	11	0	Null	0	Null	0	1	0	0	23	65	522330	1	5550	5550	0	0	1	0	0	0	0	0	0	0	0	0	0	0	0	0	0	0	0.8 	100 	0	0	2	2	4	13	0	0	0	0	0	0	0	0	0	0	0	0	1	0	0	0	0	0	0	0	0	0	0	0	0	0	0	0	0	0	0	0	0	0	1	41	1	1	0	0	0	0	0	0	0	0	0	0	0	0	0	0	0	0	0	0	0	0	0	0	0	0	0	1	0	0	0	0	0	0	0	0	0	0	0	0	0	0	0	0	0	0	0	0	0	0	0	0	0	0	0	0	0	0	0	0	0	0	0	0	0	0	0	0	0	0	0	0	0	0	0	0		//									
	50208	0	0	버서커_저주받은탑5등급__무기	0	1	FFFF00	0	0	11905	11905	0	0	0	1	0	1	0	Null	0	Null	0	1	0	0	23	1	1	1	1	1	0	0	1	0	121	0	0	1	0	0	0	0	0	0	1	1	0	0	0.8 	0 	0	0	0	0	3	0	0	0	0	0	0	0	0	0	0	0	0	0	0	0	0	0	0	0	0	0	0	0	0	0	0	0	0	0	0	0	0	0	0	0	1	41	1	3	0	0	0	0	0	0	0	0	0	0	0	0	0	0	0	0	0	0	0	0	0	0	0	0	0	1	0	0	0	0	0	0	0	0	0	0	0	0	0	0	0	0	0	0	0	0	0	0	0	0	0	0	0	0	0	0	0	0	0	0	0	0	0	0	0	0	0	0	0	0	0	0	0	0		//								2	1
	50209	0	0	드래곤_저주받은탑5등급__무기	0	1	FFFF00	0	0	11911	11911	0	0	0	4	0	4	0	Null	0	Null	0	1	0	0	23	1	1	1	1	1	0	0	1	0	121	0	0	1	0	0	0	0	0	0	1	1	0	0	0.8 	0 	0	0	1	1	1	2.5	0	0	0	0	0	0	0	0	0	0	0	0	0	0	0	0	0	0	0	0	0	0	0	0	0	0	0	0	0	0	0	0	0	0	1	41	1	4	0	0	0	0	0	0	0	0	0	0	0	0	0	0	0	0	0	0	0	0	0	0	0	0	0	1	0	0	0	0	0	0	0	0	0	0	0	0	0	0	0	0	0	0	0	0	0	0	0	0	0	0	0	0	0	0	0	0	0	0	0	0	0	0	0	0	0	0	0	0	0	0	0	0		//								2	1
	50210	0	0	발키리_저주받은탑5등급__무기	0	1	FFFF00	0	0	11923	11923	0	0	0	8	0	8	0	Null	0	Null	0	1	0	0	23	1	1	1	1	1	0	0	1	0	121	0	0	1	0	0	0	0	0	0	1	1	0	0	0.8 	0 	0	0	2	2	2	16	0	0	0	0	0	0	0	0	0	0	0	0	0	0	0	0	0	0	0	0	0	0	0	0	0	0	0	0	0	0	0	0	0	0	1	41	1	3	0	0	0	0	0	0	0	0	0	0	0	0	0	0	0	0	0	0	0	0	0	0	0	0	0	1	0	0	0	0	0	0	0	0	0	0	0	0	0	0	0	0	0	0	0	0	0	0	0	0	0	0	0	0	0	0	0	0	0	0	0	0	0	0	0	0	0	0	0	0	0	0	0	0		//								2	1
	50211	0	0	엘리멘_저주받은탑5등급__무기	0	1	FFFF00	0	0	11917	11917	0	0	0	10	0	10	0	Null	0	Null	0	1	0	0	23	1	1	1	1	1	0	0	1	0	121	0	0	1	0	0	0	0	0	0	1	1	0	0	0.8 	0 	0	0	1 	1 	4 	2.5	0	0	0	0	0	0	0	0	0	0	0	0	0	0	0	0	0	0	0	0	0	0	0	0	0	0	0	0	0	0	0	0	0	0	1	41	1	1	0	0	0	0	0	0	0	0	0	0	0	0	0	0	0	0	0	0	0	0	0	0	0	0	0	1	0	0	0	0	0	0	0	0	0	0	0	0	0	0	0	0	0	0	0	0	0	0	0	0	0	0	0	0	0	0	0	0	0	0	0	0	0	0	0	0	0	0	0	0	0	0	0	0		//								2	1
	50212	0	0	투사의엘리트_양손도끼	1761	1	FFFF00	30001	0	11565	11565	2020	39999	0	1	0	1	0	Null	0	Null	0	3	0	0	23	65	661230	1	2955	2955	0	0	1	0	121	0	0	1	0	0	0	0	0	0	0	0	0	0	0.8 	105 	0	0	1	1	3	1.5 	0	0	0	0	0	0	0	0	1	0	0	0	0	0	0	0	0	0	0	0	0	0	0	0	0	0	0	0	0	0	0	0	0	0	1	41	1	3	0	0	0	0	0	0	0	0	0	0	0	0	0	0	0	0	0	0	0	0	0	0	0	0	0	1	0	0	0	0	0	0	0	0	0	0	0	0	0	0	0	0	0	0	0	0	0	0	0	0	0	0	0	0	0	0	0	0	0	0	0	0	0	0	0	0	0	0	0	0	0	0	0	0		//								2	1
	50213	0	0	투사의엘리트_양손검	1761	1	FFFF00	30002	0	11566	11566	2120	39999	0	2	0	2	0	Null	0	Null	0	3	0	0	23	65	395280	1	2760	2760	0	0	1	0	121	0	0	1	0	0	0	0	0	0	0	0	0	0	0.8 	115 	0	0	1	1	1	1.8	0	0	0	0	0	0	0	0	1	0	0	0	0	0	0	0	0	0	0	0	0	0	0	0	0	0	0	0	0	0	0	0	0	0	1	41	1	5	0	0	0	0	0	0	0	0	0	0	0	0	0	0	0	0	0	0	0	0	0	0	0	0	0	1	0	0	0	0	0	0	0	0	0	0	0	0	0	0	0	0	0	0	0	0	0	0	0	0	0	0	0	0	0	0	0	0	0	0	0	0	0	0	0	0	0	0	0	0	0	0	0	0		//								2	1
	50214	0	0	투사의엘리트_한손검	1761	1	FFFF00	30003	0	11567	11567	2220	39999	0	3	0	3	0	Null	0	Null	0	3	0	0	23	65	312780	1	4530	4530	0	0	1	0	121	0	0	1	0	0	0	0	0	0	0	0	0	0	0.8 	135 	0	0	1	1	1	1	0	0	0	0	0	0	0	0	0	1	0	0	0	0	0	0	0	0	0	0	0	0	0	0	0	0	0	0	0	0	0	0	0	0	1	41	1	2	0	0	0	0	0	0	0	0	0	0	0	0	0	0	0	0	0	0	0	0	0	0	0	0	0	1	0	0	0	0	0	0	0	0	0	0	0	0	0	0	0	0	0	0	0	0	0	0	0	0	0	0	0	0	0	0	0	0	0	0	0	0	0	0	0	0	0	0	0	0	0	0	0	0		//								2	1
	50215	0	0	투사의엘리트_창	1761	1	FFFF00	30004	0	11568	11568	2320	39999	0	4	0	4	0	Null	0	Null	0	3	0	0	23	65	419220	1	3885	3885	0	0	1	0	121	0	0	1	0	0	0	0	0	0	0	0	0	0	0.8 	120 	0	0	1	1	1	2.5	0	0	0	0	0	0	0	0	0	1	0	0	0	0	0	0	0	0	0	0	0	0	0	0	0	0	0	0	0	0	0	0	0	0	1	41	1	4	0	0	0	0	0	0	0	0	0	0	0	0	0	0	0	0	0	0	0	0	0	0	0	0	0	1	0	0	0	0	0	0	0	0	0	0	0	0	0	0	0	0	0	0	0	0	0	0	0	0	0	0	0	0	0	0	0	0	0	0	0	0	0	0	0	0	0	0	0	0	0	0	0	0		//								2	1
	50216	0	0	투사의엘리트_대거	1761	1	FFFF00	30005	0	11569	11569	28005	39999	0	5	0	5	0	Null	0	Null	0	3	0	0	23	0	0	1	0	0	0	0	1	0	121	0	0	1	0	0	0	0	0	0	0	0	0	0	0.8 	140 	0	0	1	1	1	2.5	0	0	0	0	0	0	0	0	0	0	1	0	0	0	0	0	0	0	0	0	0	0	0	0	0	0	0	0	0	0	0	0	0	0	1	41	1	2	0	0	0	0	0	0	0	0	0	0	0	0	0	0	0	0	0	0	0	0	0	0	0	0	0	1	0	0	0	0	0	0	0	0	0	0	0	0	0	0	0	0	0	0	0	0	0	0	0	0	0	0	0	0	0	0	0	0	0	0	0	0	0	0	0	0	0	0	0	0	0	0	0	0		//								2	1
	50217	0	0	투사의엘리트_채찍	1761	1	FFFF00	30006	0	11570	11570	28006	39999	0	6	0	6	0	Null	0	Null	0	3	0	0	23	0	0	1	0	0	0	0	1	0	121	0	0	1	0	0	0	0	0	0	0	0	0	0	0.8 	125 	0	0	1	1	1	3.5	0	0	0	0	0	0	0	0	0	0	1	0	0	0	0	0	0	0	0	0	0	0	0	0	0	0	0	0	0	0	0	0	0	0	1	41	1	3	0	0	0	0	0	0	0	0	0	0	0	0	0	0	0	0	0	0	0	0	0	0	0	0	0	1	0	0	0	0	0	0	0	0	0	0	0	0	0	0	0	0	0	0	0	0	0	0	0	0	0	0	0	0	0	0	0	0	0	0	0	0	0	0	0	0	0	0	0	0	0	0	0	0		//								2	1
	50218	0	0	투사의엘리트_석궁	1761	1	FFFF00	30007	0	11571	11571	2620	39999	0	7	0	7	0	Null	0	Null	0	3	0	0	23	65	213120	1	4215	4215	0	0	1	0	121	0	0	1	0	0	0	0	0	0	0	0	0	0	0.8 	150 	0	0	2	2	2	19	0	0	0	0	0	0	0	0	0	0	0	1	0	0	0	0	0	0	0	0	0	0	0	0	0	0	0	0	0	0	0	0	0	0	1	41	1	2	0	0	0	0	0	0	0	0	0	0	0	0	0	0	0	0	0	0	0	0	0	0	0	0	0	1	0	0	0	0	0	0	0	0	0	0	0	0	0	0	0	0	0	0	0	0	0	0	0	0	0	0	0	0	0	0	0	0	0	0	0	0	0	0	0	0	0	0	0	0	0	0	0	0		//								2	1
	50219	0	0	투사의엘리트_에테르웨폰	1761	1	FFFF00	30008	0	11572	11572	2720	39999	0	8	0	8	0	Null	0	Null	0	3	0	0	23	65	346950	1	2700	2700	0	0	1	0	121	0	0	1	0	0	0	0	0	0	0	0	0	0	0.8 	105 	0	0	2	2	2	16	0	0	0	0	0	0	0	0	0	0	0	1	0	0	0	0	0	0	0	0	0	0	0	0	0	0	0	0	0	0	0	0	0	0	1	41	1	3	0	0	0	0	0	0	0	0	0	0	0	0	0	0	0	0	0	0	0	0	0	0	0	0	0	1	0	0	0	0	0	0	0	0	0	0	0	0	0	0	0	0	0	0	0	0	0	0	0	0	0	0	0	0	0	0	0	0	0	0	0	0	0	0	0	0	0	0	0	0	0	0	0	0		//								2	1
	50220	0	0	투사의엘리트_지팡이	1761	1	FFFF00	30009	0	11573	11573	2820	39999	0	10	0	10	0	Null	0	Null	0	3	0	0	23	65	641580	1	5715	5715	0	0	1	0	121	0	0	1	0	0	0	0	0	0	0	0	0	0	0.8 	95 	0	0	1	1	4	2.5	0	0	0	0	0	0	0	0	0	0	0	0	1	0	0	0	0	0	0	0	0	0	0	0	0	0	0	0	0	0	0	0	0	0	1	41	1	1	0	0	0	0	0	0	0	0	0	0	0	0	0	0	0	0	0	0	0	0	0	0	0	0	0	1	0	0	0	0	0	0	0	0	0	0	0	0	0	0	0	0	0	0	0	0	0	0	0	0	0	0	0	0	0	0	0	0	0	0	0	0	0	0	0	0	0	0	0	0	0	0	0	0		//								2	1
	50221	0	0	투사의엘리트_오브	1761	1	FFFF00	30010	0	11574	11574	2920	39999	0	11	0	11	0	Null	0	Null	0	3	0	0	23	65	522330	1	5550	5550	0	0	1	0	121	0	0	1	0	0	0	0	0	0	0	0	0	0	0.8 	100 	0	0	2	2	4	13	0	0	0	0	0	0	0	0	0	0	0	0	1	0	0	0	0	0	0	0	0	0	0	0	0	0	0	0	0	0	0	0	0	0	1	41	1	1	0	0	0	0	0	0	0	0	0	0	0	0	0	0	0	0	0	0	0	0	0	0	0	0	0	1	0	0	0	0	0	0	0	0	0	0	0	0	0	0	0	0	0	0	0	0	0	0	0	0	0	0	0	0	0	0	0	0	0	0	0	0	0	0	0	0	0	0	0	0	0	0	0	0		//								2	1
	50232	0	0	투사의엘리트_미완의발로그_양손도끼	32690	0	0	30001	11596	11601	11601	28001	39999	0	1	0	1	0	Null	0	Null	0	3	0	0	22	90	619950	1	9620	9620	0	0	1	391	121	0	1	71	0	0	0	0	0	0	0	0	0	0	0.8 	105 	0	0	1	1	3	1.5	0	0	0	0	0	0	0	0	1	0	0	0	0	0	0	0	0	0	0	0	0	0	0	0	0	0	0	0	0	0	0	0	0	0	1	41	1	3	0	0	0	0	0	0	0	0	0	0	0	0	0	0	0	0	0	0	0	0	0	0	0	0	0	1	0	0	0	0	0	0	0	0	0	0	0	0	0	0	0	0	0	0	0	0	0	0	0	0	0	0	0	0	0	0	0	0	0	0	294 	397 	0	0	0	0	0	0	0	0	0	0	0	0		//	-26		-27			-53	-10.6	-8	71
	50233	0	0	투사의엘리트_미완의발로그_양손검	32690	0	0	30002	11596	11602	11602	28002	39999	0	2	0	2	0	Null	0	Null	0	3	0	0	22	90	400020	1	9620	9620	0	0	1	391	121	0	1	71	0	0	0	0	0	0	0	0	0	0	0.8 	115 	0	0	1	1	3	1.8	0	0	0	0	0	0	0	0	1	0	0	0	0	0	0	0	0	0	0	0	0	0	0	0	0	0	0	0	0	0	0	0	0	0	1	41	1	5	0	0	0	0	0	0	0	0	0	0	0	0	0	0	0	0	0	0	0	0	0	0	0	0	0	1	0	0	0	0	0	0	0	0	0	0	0	0	0	0	0	0	0	0	0	0	0	0	0	0	0	0	0	0	0	0	0	0	0	0	317 	388 	0	0	0	0	0	0	0	0	0	0	0	0		//	-26		-27			-53	-10.6	-8	71
	50234	0	0	투사의엘리트_미완의라합_한손검	32691	0	0	30003	11596	11603	11603	28003	39999	0	3	0	3	0	Null	0	Null	0	3	0	0	22	79	182520	1	9620	9620	0	0	1	391	121	0	1	71	0	0	0	0	0	0	0	0	0	0	0.8 	135 	0	0	1	1	1	1	0	0	0	0	0	0	0	0	0	1	0	0	0	0	0	0	0	0	0	0	0	0	0	0	0	0	0	0	0	0	0	0	0	0	1	41	1	2	0	0	0	0	0	0	0	0	0	0	0	0	0	0	0	0	0	0	0	0	0	0	0	0	0	1	0	0	0	0	0	0	0	0	0	0	0	0	0	0	0	0	0	0	0	0	0	0	0	0	0	0	0	0	0	0	0	0	0	0	230 	255 	0	0	0	0	0	0	0	0	0	0	0	0		//	-22	-20				-42	-8.4	-6	71
	50235	0	0	투사의엘리트_미완의라합_창	32691	0	0	30004	11596	11604	11604	28004	39999	0	4	0	4	0	Null	0	Null	0	3	0	0	22	79	281730	1	9620	9620	0	0	1	391	121	0	1	71	0	0	0	0	0	0	0	0	0	0	0.8 	120 	0	0	1	1	1	2.5	0	0	0	0	0	0	0	0	0	1	0	0	0	0	0	0	0	0	0	0	0	0	0	0	0	0	0	0	0	0	0	0	0	0	1	41	1	4	0	0	0	0	0	0	0	0	0	0	0	0	0	0	0	0	0	0	0	0	0	0	0	0	0	1	0	0	0	0	0	0	0	0	0	0	0	0	0	0	0	0	0	0	0	0	0	0	0	0	0	0	0	0	0	0	0	0	0	0	254 	299 	0	0	0	0	0	0	0	0	0	0	0	0		//	-22	-20				-42	-8.4	-6	71
	50236	0	0	투사의엘리트_미완의안드라스_대거	32692	0	0	30005	11596	11605	11605	28005	39999	0	5	0	5	0	Null	0	Null	0	3	0	0	22	79	182520	1	9620	9620	0	0	1	391	121	0	1	71	0	0	0	0	0	0	0	0	0	0	0.8 	140 	0	0	1	1	1	2.5	0	0	0	0	0	0	0	0	0	0	1	0	0	0	0	0	0	0	0	0	0	0	0	0	0	0	0	0	0	0	0	0	0	0	1	41	1	2	0	0	0	0	0	0	0	0	0	0	0	0	0	0	0	0	0	0	0	0	0	0	0	0	0	1	0	0	0	0	0	0	0	0	0	0	0	0	0	0	0	0	0	0	0	0	0	0	0	0	0	0	0	0	0	0	0	0	0	0	240 	260 	0	0	0	0	0	0	0	0	0	0	0	0		//	-19			-18		-37	-7.4	-5	71
	50237	0	0	투사의엘리트_미완의안드라스_채찍검	32692	0	0	30006	11596	11606	11606	28006	39999	0	6	0	6	0	Null	0	Null	0	3	0	0	22	79	281730	1	9620	9620	0	0	1	391	121	0	1	71	0	0	0	0	0	0	0	0	0	0	0.8 	125 	0	0	1	1	1	3.5	0	0	0	0	0	0	0	0	0	0	1	0	0	0	0	0	0	0	0	0	0	0	0	0	0	0	0	0	0	0	0	0	0	0	1	41	1	3	0	0	0	0	0	0	0	0	0	0	0	0	0	0	0	0	0	0	0	0	0	0	0	0	0	1	0	0	0	0	0	0	0	0	0	0	0	0	0	0	0	0	0	0	0	0	0	0	0	0	0	0	0	0	0	0	0	0	0	0	249 	298 	0	0	0	0	0	0	0	0	0	0	0	0		//	-19			-18		-37	-7.4	-5	71
	50238	0	0	투사의엘리트_미완의노르니르_석궁	32693	0	0	30007	11596	11607	11607	28007	39999	0	7	0	7	0	Null	0	Null	0	3	0	0	22	70	219630	1	9620	9620	0	0	1	391	121	0	1	71	0	0	0	0	0	0	0	0	0	0	0.8 	150 	0	0	2	2	2	19	0	0	0	0	0	0	0	0	0	0	0	1	0	0	0	0	0	0	0	0	0	0	0	0	0	0	0	0	0	0	0	0	0	0	1	41	1	2	0	0	0	0	0	0	0	0	0	0	0	0	0	0	0	0	0	0	0	0	0	0	0	0	0	1	0	0	0	0	0	0	0	0	0	0	0	0	0	0	0	0	0	0	0	0	0	0	0	0	0	0	0	0	0	0	0	0	0	0	186 	215 	0	0	0	0	0	0	0	0	0	0	0	0		//	-16	-23				-39	-7.8	-5	71
	50239	0	0	투사의엘리트_미완의노르니르_에테르웨폰	32693	0	0	30008	11596	11608	11608	28008	39999	0	8	0	8	0	Null	0	Null	0	3	0	0	22	70	543750	1	9620	9620	0	0	1	391	121	0	1	71	0	0	0	0	0	0	0	0	0	0	0.8 	105 	0	0	2	2	2	16	0	0	0	0	0	0	0	0	0	0	0	1	0	0	0	0	0	0	0	0	0	0	0	0	0	0	0	0	0	0	0	0	0	0	1	41	1	3	0	0	0	0	0	0	0	0	0	0	0	0	0	0	0	0	0	0	0	0	0	0	0	0	0	1	0	0	0	0	0	0	0	0	0	0	0	0	0	0	0	0	0	0	0	0	0	0	0	0	0	0	0	0	0	0	0	0	0	0	226 	299 	0	0	0	0	0	0	0	0	0	0	0	0		//	-16	-23				-39	-7.8	-5	71
	50240	0	0	투사의엘리트_미완의마라_지팡이	32694	0	0	30009	11596	11609	11609	28009	39999	0	10	0	10	0	Null	0	Null	0	3	0	0	22	62	408600	1	9620	9620	0	0	1	391	121	0	1	71	0	0	0	0	0	0	0	0	0	0	0.8 	95 	0	0	1	1	4	2.5	0	0	0	0	0	0	0	0	0	0	0	0	1	0	0	0	0	0	0	0	0	0	0	0	0	0	0	0	0	0	0	0	0	0	1	41	1	1	0	0	0	0	0	0	0	0	0	0	0	0	0	0	0	0	0	0	0	0	0	0	0	0	0	1	0	0	0	0	0	0	0	0	0	0	0	0	0	0	0	0	0	0	0	0	0	0	0	0	0	0	0	0	0	0	0	0	0	0	351 	366 	0	0	0	0	0	0	0	0	0	0	0	0		//				-25	-22	-47	-9.4	-7	71
	50241	0	0	투사의엘리트_미완의마라_오브	32694	0	0	30010	11596	11610	11610	28010	39999	0	11	0	11	0	Null	0	Null	0	3	0	0	22	62	343080	1	9620	9620	0	0	1	391	121	0	1	71	0	0	0	0	0	0	0	0	0	0	0.8 	100 	0	0	2	2	4	13	0	0	0	0	0	0	0	0	0	0	0	0	1	0	0	0	0	0	1	34	1	-5	0	0	0	0	0	0	0	0	0	0	0	0	1	41	1	1	0	0	0	0	0	0	0	0	0	0	0	0	0	0	0	0	0	0	0	0	0	0	0	0	0	1	0	0	0	0	0	0	0	0	0	0	0	0	0	0	0	0	0	0	0	0	0	0	0	0	0	0	0	0	0	0	0	0	0	0	282 	291 	0	0	0	0	0	0	0	0	0	0	0	0		//				-25	-22	-47	-9.4	-7	71
	50254	0	0	미완의_아리만_건틀렛	35733	0	0	30011	11596	984	984	2984	39999	0	14	0	12	0	Null	0	Null	0	3	0	0	22	79	619950	1	9620	9620	0	0	1	391	121	0	1	71	0	0	0	0	0	0	0	0	0	0	0.8 	135 	0	0	1	1	3	1	0	0	0	0	0	0	0	0	0	0	0	0	0	1	0	0	0	0	0	0	0	0	0	0	0	0	0	0	0	0	0	0	0	0	1	41	1	2	0	0	0	0	0	0	0	0	0	0	0	0	0	0	0	0	0	0	0	0	0	0	0	0	0	1	0	0	0	0	0	0	0	0	0	0	0	0	0	0	0	0	0	0	0	0	0	0	0	0	0	0	0	0	0	0	0	0	0	0	260 	287 	0	0	0	0	0	0	0	0	0	0	0	0		//		-21		-19		-40	-8	-6	71
	50255	0	0	미완의_아리만_에테르사이드	35734	0	0	30012	11596	985	985	2985	39999	0	15	0	13	0	Null	0	Null	0	3	0	0	22	79	400020	1	9620	9620	0	0	1	391	121	0	1	71	0	0	0	0	0	0	0	0	0	0	0.8 	120 	0	0	1	1	1	2	0	0	0	0	0	0	0	0	0	0	0	0	0	1	0	0	0	0	0	0	0	0	0	0	0	0	0	0	0	0	0	0	0	0	1	41	1	3	0	0	0	0	0	0	0	0	0	0	0	0	0	0	0	0	0	0	0	0	0	0	0	0	0	1	0	0	0	0	0	0	0	0	0	0	0	0	0	0	0	0	0	0	0	0	0	0	0	0	0	0	0	0	0	0	0	0	0	0	248 	335 	0	0	0	0	0	0	0	0	0	0	0	0		//		-21		-19		-40	-8	-6	71
	50138	0	0	미완의_아바돈_에테르블래스터	30596	0	0	30013	11596	1080	1080	3090	39999	0	16	0	16	0	Null	0	Null	0	3	0	0	22	89	619950	1	9620	9620	0	0	1	391	121	0	1	71	0	0	0	0	0	0	0	0	0	0	0.8 	115 	0	0	1	1	3	1.5	0	0	0	0	0	0	0	0	0	0	0	0	0	0	1	0	0	0	0	0	0	0	0	0	0	0	0	0	0	0	0	0	0	0	1	41	1	4	0	0	0	0	0	0	0	0	0	0	0	0	0	0	0	0	0	0	0	0	0	0	0	0	0	1	0	0	0	0	0	0	0	0	0	0	0	0	0	0	0	0	0	0	0	0	0	0	0	0	0	0	0	0	0	0	0	0	0	0	275 	336 	0	0	0	0	0	0	0	0	0	0	0	0		//			-27		-20	-47	-9.4	-7	71
	50330	0	0	미완의두르가_아크블레이드_22등급아이템	30641	0	0	30017	11596	1120	1119	3111	39999	0	17	0	17	0	Null	0	Null	0	3	0	0	22	85	619950	1	9620	9620	0	0	1	391	121	0	1	71	0	0	0	0	0	0	0	0	0	0	0.8 	125 	0	0	1	1	3	2	0	0	0	0	0	0	0	0	0	0	0	0	0	0	0	1	0	0	0	0	0	0	0	0	0	0	0	0	0	0	0	0	0	0	1	41	1	4	0	0	0	0	0	0	0	0	0	0	0	0	0	0	0	0	0	0	0	0	0	0	0	0	0	1	0	0	0	0	0	0	0	0	0	0	0	0	0	0	0	0	0	0	0	0	0	0	0	0	0	0	0	0	0	0	0	0	0	0	226 	271 	0	0	0	0	0	0	0	0	0	0	0	0		//		-20	-24			-44	-8.8	-6	71
//		[ID50222~]_투사의엘리트1차아이템																																																																								0																																																																																																	//									
	50222	0	0	투사의엘리트_각성된발로그_양손도끼	32021	1	FFFF00	30001	11593	11601	11601	28001	39999	0	1	0	1	0	Null	0	Null	0	3	1	270	23	95	619950	1	9620	9620	0	0	1	0	121	0	0	71	0	0	0	0	0	0	0	0	0	0	0.8 	105 	0	0	1	1	3	1.5	0	0	0	0	0	0	0	0	1	0	0	0	0	0	0	0	0	0	1	42	1	1000	1	30	1	500	1	62	1	-2	0	0	0	0	1	41	1	3	0	0	0	0	0	0	0	0	0	0	0	0	0	0	0	0	0	0	0	0	0	0	0	0	0	1	0	0	0	0	0	0	0	0	0	0	0	0	0	0	0	0	0	0	0	0	0	0	0	0	0	0	0	0	0	0	0	0	0	0	344 	465 	0	0	0	0	0	0	0	0	0	0	0	0		//	-26		-27			-53	-10.6	-8	71
	50223	0	0	투사의엘리트_각성된발로그_양손검	32021	1	FFFF00	30002	11593	11602	11602	28002	39999	0	2	0	2	0	Null	0	Null	0	3	1	270	23	95	400020	1	9620	9620	0	0	1	0	121	0	0	71	0	0	0	0	0	0	0	0	0	0	0.8 	115 	0	0	1	1	3	1.8	0	0	0	0	0	0	0	0	1	0	0	0	0	0	0	0	0	0	1	42	1	1000	1	30	1	500	1	62	1	-2	0	0	0	0	1	41	1	5	0	0	0	0	0	0	0	0	0	0	0	0	0	0	0	0	0	0	0	0	0	0	0	0	0	1	0	0	0	0	0	0	0	0	0	0	0	0	0	0	0	0	0	0	0	0	0	0	0	0	0	0	0	0	0	0	0	0	0	0	372 	455 	0	0	0	0	0	0	0	0	0	0	0	0		//	-26		-27			-53	-10.6	-8	71
	50224	0	0	투사의엘리트_라합의어금니_한손검	32022	1	FFFF00	30003	11593	11603	11603	28003	39999	0	3	0	3	0	Null	0	Null	0	3	1	270	23	84	182520	1	9620	9620	0	0	1	0	121	0	0	71	0	0	0	0	0	0	0	0	0	0	0.8 	135 	0	0	1	1	1	1	0	0	0	0	0	0	0	0	0	1	0	0	0	0	0	0	0	0	1	42	1	1000	1	30	1	500	1	62	1	-2	0	0	0	0	1	41	1	2	0	0	0	0	0	0	0	0	0	0	0	0	0	0	0	0	0	0	0	0	0	0	0	0	0	1	0	0	0	0	0	0	0	0	0	0	0	0	0	0	0	0	0	0	0	0	0	0	0	0	0	0	0	0	0	0	0	0	0	0	270 	299 	0	0	0	0	0	0	0	0	0	0	0	0		//	-22	-20				-42	-8.4	-6	71
	50225	0	0	투사의엘리트_라합의어금니_창	32022	1	FFFF00	30004	11593	11604	11604	28004	39999	0	4	0	4	0	Null	0	Null	0	3	1	270	23	84	281730	1	9620	9620	0	0	1	0	121	0	0	71	0	0	0	0	0	0	0	0	0	0	0.8 	120 	0	0	1	1	1	2.5	0	0	0	0	0	0	0	0	0	1	0	0	0	0	0	0	0	0	1	42	1	1000	1	30	1	500	1	62	1	-2	0	0	0	0	1	41	1	4	0	0	0	0	0	0	0	0	0	0	0	0	0	0	0	0	0	0	0	0	0	0	0	0	0	1	0	0	0	0	0	0	0	0	0	0	0	0	0	0	0	0	0	0	0	0	0	0	0	0	0	0	0	0	0	0	0	0	0	0	298 	349 	0	0	0	0	0	0	0	0	0	0	0	0		//	-22	-20				-42	-8.4	-6	71
	50226	0	0	투사의엘리트_불화의안드라스_대거	32023	1	FFFF00	30005	11593	11605	11605	28005	39999	0	5	0	5	0	Null	0	Null	0	3	1	270	23	84	182520	1	9620	9620	0	0	1	0	121	0	0	71	0	0	0	0	0	0	0	0	0	0	0.8 	140 	0	0	1	1	1	2.5	0	0	0	0	0	0	0	0	0	0	1	0	0	0	0	0	0	0	1	42	1	1000	1	30	1	500	1	62	1	-2	0	0	0	0	1	41	1	2	0	0	0	0	0	0	0	0	0	0	0	0	0	0	0	0	0	0	0	0	0	0	0	0	0	1	0	0	0	0	0	0	0	0	0	0	0	0	0	0	0	0	0	0	0	0	0	0	0	0	0	0	0	0	0	0	0	0	0	0	280 	303 	0	0	0	0	0	0	0	0	0	0	0	0		//	-19			-18		-37	-7.4	-5	71
	50227	0	0	투사의엘리트_불화의안드라스_채찍검	32023	1	FFFF00	30006	11593	11606	11606	28006	39999	0	6	0	6	0	Null	0	Null	0	3	1	270	23	84	281730	1	9620	9620	0	0	1	0	121	0	0	71	0	0	0	0	0	0	0	0	0	0	0.8 	125 	0	0	1	1	1	3.5	0	0	0	0	0	0	0	0	0	0	1	0	0	0	0	0	0	0	1	42	1	1000	1	30	1	500	1	62	1	-2	0	0	0	0	1	41	1	3	0	0	0	0	0	0	0	0	0	0	0	0	0	0	0	0	0	0	0	0	0	0	0	0	0	1	0	0	0	0	0	0	0	0	0	0	0	0	0	0	0	0	0	0	0	0	0	0	0	0	0	0	0	0	0	0	0	0	0	0	292 	349 	0	0	0	0	0	0	0	0	0	0	0	0		//	-19			-18		-37	-7.4	-5	71
	50228	0	0	투사의엘리트_타락한노르니르_석궁	32024	1	FFFF00	30007	11593	11607	11607	28007	39999	0	7	0	7	0	Null	0	Null	0	3	1	270	23	75	219630	1	9620	9620	0	0	1	0	121	0	0	71	0	0	0	0	0	0	0	0	0	0	0.8 	150 	0	0	2	2	2	19	0	0	0	0	0	0	0	0	0	0	0	1	0	0	0	0	0	0	1	42	1	1000	1	30	1	500	1	62	1	-2	0	0	0	0	1	41	1	2	0	0	0	0	0	0	0	0	0	0	0	0	0	0	0	0	0	0	0	0	0	0	0	0	0	1	0	0	0	0	0	0	0	0	0	0	0	0	0	0	0	0	0	0	0	0	0	0	0	0	0	0	0	0	0	0	0	0	0	0	218 	251 	0	0	0	0	0	0	0	0	0	0	0	0		//	-16	-23				-39	-7.8	-5	71
	50229	0	0	투사의엘리트_타락한노르니르_에테르웨폰	32024	1	FFFF00	30008	11593	11608	11608	28008	39999	0	8	0	8	0	Null	0	Null	0	3	1	270	23	75	543750	1	9620	9620	0	0	1	0	121	0	0	71	0	0	0	0	0	0	0	0	0	0	0.8 	105 	0	0	2	2	2	16	0	0	0	0	0	0	0	0	0	0	0	1	0	0	0	0	0	0	1	42	1	1000	1	30	1	500	1	62	1	-2	0	0	0	0	1	41	1	3	0	0	0	0	0	0	0	0	0	0	0	0	0	0	0	0	0	0	0	0	0	0	0	0	0	1	0	0	0	0	0	0	0	0	0	0	0	0	0	0	0	0	0	0	0	0	0	0	0	0	0	0	0	0	0	0	0	0	0	0	264 	351 	0	0	0	0	0	0	0	0	0	0	0	0		//	-16	-23				-39	-7.8	-5	71
	50230	0	0	투사의엘리트_원죄의마라_지팡이	32025	1	FFFF00	30009	11593	11609	11609	28009	39999	0	10	0	10	0	Null	0	Null	0	3	1	270	23	66	408600	1	9620	9620	0	0	1	0	121	0	0	71	0	0	0	0	0	0	0	0	0	0	0.8 	95 	0	0	1	1	4	2.5	0	0	0	0	0	0	0	0	0	0	0	0	1	0	0	0	0	0	1	42	1	1000	1	30	1	500	1	62	1	-2	0	0	0	0	1	41	1	1	0	0	0	0	0	0	0	0	0	0	0	0	0	0	0	0	0	0	0	0	0	0	0	0	0	1	0	0	0	0	0	0	0	0	0	0	0	0	0	0	0	0	0	0	0	0	0	0	0	0	0	0	0	0	0	0	0	0	0	0	411 	428 	0	0	0	0	0	0	0	0	0	0	0	0		//				-25	-22	-47	-9.4	-7	71
	50231	0	0	투사의엘리트_원죄의마라_오브	32025	1	FFFF00	30010	11593	11610	11610	28010	39999	0	11	0	11	0	Null	0	Null	0	3	1	270	23	66	343080	1	9620	9620	0	0	1	0	121	0	0	71	0	0	0	0	0	0	0	0	0	0	0.8 	100 	0	0	2	2	4	13	0	0	0	0	0	0	0	0	0	0	0	0	1	0	0	0	0	0	1	42	1	1000	1	30	1	500	1	62	1	-2	1	34	2	-5	1	41	1	1	0	0	0	0	0	0	0	0	0	0	0	0	0	0	0	0	0	0	0	0	0	0	0	0	0	1	0	0	0	0	0	0	0	0	0	0	0	0	0	0	0	0	0	0	0	0	0	0	0	0	0	0	0	0	0	0	0	0	0	0	330 	341 	0	0	0	0	0	0	0	0	0	0	0	0		//				-25	-22	-47	-9.4	-7	71
	50252	0	0	아리만_건틀렛	35731	1	FFFF00	30011	11593	984	984	2984	39999	0	14	0	12	0	Null	0	Null	0	3	1	270	23	84	619950	1	9620	9620	0	0	1	0	125	0	0	71	0	0	0	0	0	0	0	0	0	0	0.8 	135 	0	0	1	1	3	1	0	0	0	0	0	0	0	0	0	0	0	0	0	1	0	0	0	0	1	42	1	1000	1	30	1	500	1	62	1	-2	0	0	0	0	1	41	1	2	0	0	0	0	0	0	0	0	0	0	0	0	0	0	0	0	0	0	0	0	0	0	0	0	0	1	0	0	0	0	0	0	0	0	0	0	0	0	0	0	0	0	0	0	0	0	0	0	0	0	0	0	0	0	0	0	0	0	0	0	304 	337 	0	0	0	0	0	0	0	0	0	0	0	0		//		-21		-19		-40	-8	-6	71
	50253	0	0	아리만_에테르사이드	35732	1	FFFF00	30012	11593	985	985	2985	39999	0	15	0	13	0	Null	0	Null	0	3	1	270	23	84	400020	1	9620	9620	0	0	1	0	125	0	0	71	0	0	0	0	0	0	0	0	0	0	0.8 	120 	0	0	1	1	1	2	0	0	0	0	0	0	0	0	0	0	0	0	0	1	0	0	0	0	1	42	1	1000	1	30	1	500	1	62	1	-2	0	0	0	0	1	41	1	3	0	0	0	0	0	0	0	0	0	0	0	0	0	0	0	0	0	0	0	0	0	0	0	0	0	1	0	0	0	0	0	0	0	0	0	0	0	0	0	0	0	0	0	0	0	0	0	0	0	0	0	0	0	0	0	0	0	0	0	0	290 	393 	0	0	0	0	0	0	0	0	0	0	0	0		//		-21		-19		-40	-8	-6	71
	50137	0	0	추락한아바돈_에테르블래스터	30592	1	FFFF00	30013	11593	1080	1080	3090	39999	0	16	0	16	0	Null	0	Null	0	3	1	270	23	94	619950	1	9620	9620	0	0	1	0	121	0	0	71	0	0	0	0	0	0	0	0	0	0	0.8 	115 	0	0	1	1	3	1.5	0	0	0	0	0	0	0	0	0	0	0	0	0	0	1	0	0	0	1	42	1	1000	1	30	1	500	1	62	1	-2	0	0	0	0	1	41	1	4	0	0	0	0	0	0	0	0	0	0	0	0	0	0	0	0	0	0	0	0	0	0	0	0	0	1	0	0	0	0	0	0	0	0	0	0	0	0	0	0	0	0	0	0	0	0	0	0	0	0	0	0	0	0	0	0	0	0	0	0	323 	394 	0	0	0	0	0	0	0	0	0	0	0	0		//			-27		-20	-47	-9.4	-7	71
	50329	0	0	추락한두르가의_아크블레이드_23등급아이템	30637	1	FFFF00	30017	11593	1120	1119	3111	39999	0	17	0	17	0	Null	0	Null	0	3	1	270	23	90	619950	1	9620	9620	0	0	1	0	121	0	0	71	0	0	0	0	0	0	0	0	0	0	0.8 	125 	0	0	1	1	3	2	0	0	0	0	0	0	0	0	0	0	0	0	0	0	0	1	0	0	1	42	1	1000	1	30	1	500	1	62	1	-2	0	0	0	0	1	41	1	4	0	0	0	0	0	0	0	0	0	0	0	0	0	0	0	0	0	0	0	0	0	0	0	0	0	1	0	0	0	0	0	0	0	0	0	0	0	0	0	0	0	0	0	0	0	0	0	0	0	0	0	0	0	0	0	0	0	0	0	0	264 	317 	0	0	0	0	0	0	0	0	0	0	0	0		//		-20	-24			-44	-8.8	-6	71
//		[ID50258~]_투사의엘리트2차아이템																																																																					0	0	0	0																																																											0																																				0		//									
	50258	0	0	피로물든_발로그_양손도끼	32050	1	FFFF00	30001	11599	86006	86006	2986	39999	0	1	0	1	0	Null	0	Null	0	3	1	270	25	106	619950	1	44252	44252	0	0	1	0	121	0	0	85	0	0	0	0	0	0	0	0	0	0	0.8 	105 	0	0	1	1	3	1.5	0	0	0	0	0	0	0	0	1	0	0	0	0	0	0	0	0	0	1	42	1	2000	1	30	1	1000	1	62	1	-2	0	0	0	0	1	41	1	3	0	0	0	0	0	0	0	0	0	0	0	0	0	0	0	0	0	0	0	0	0	0	0	0	0	1	0	0	0	0	0	0	0	0	0	0	0	0	0	0	0	0	0	0	0	0	0	0	0	0	0	0	0	0	0	0	0	0	0	0	518 	734 	0	0	0	0	0	0	0	0	0	0	0	0		//	-26		-27			-53	-10.6	-8	85
	50259	0	0	피로물든_발로그_양손검	32050	1	FFFF00	30002	11599	86007	86007	2987	39999	0	2	0	2	0	Null	0	Null	0	3	1	270	25	106	400020	1	44252	44252	0	0	1	0	121	0	0	85	0	0	0	0	0	0	0	0	0	0	0.8 	115 	0	0	1	1	1	1.8	0	0	0	0	0	0	0	0	1	0	0	0	0	0	0	0	0	0	1	42	1	2000	1	30	1	1000	1	62	1	-2	0	0	0	0	1	41	1	5	0	0	0	0	0	0	0	0	0	0	0	0	0	0	0	0	0	0	0	0	0	0	0	0	0	1	0	0	0	0	0	0	0	0	0	0	0	0	0	0	0	0	0	0	0	0	0	0	0	0	0	0	0	0	0	0	0	0	0	0	560 	715 	0	0	0	0	0	0	0	0	0	0	0	0		//	-26		-27			-53	-10.6	-8	85
	50260	0	0	피로물든_라합_한손검	32051	1	FFFF00	30003	11599	86008	86008	2988	39999	0	3	0	3	0	Null	0	Null	0	3	1	270	25	94	182520	1	44252	44252	0	0	1	0	121	0	0	85	0	0	0	0	0	0	0	0	0	0	0.8 	135 	0	0	1	1	1	1	0	0	0	0	0	0	0	0	0	1	0	0	0	0	0	0	0	0	1	42	1	2000	1	30	1	1000	1	62	1	-2	0	0	0	0	1	41	1	2	0	0	0	0	0	0	0	0	0	0	0	0	0	0	0	0	0	0	0	0	0	0	0	0	0	1	0	0	0	0	0	0	0	0	0	0	0	0	0	0	0	0	0	0	0	0	0	0	0	0	0	0	0	0	0	0	0	0	0	0	407 	470 	0	0	0	0	0	0	0	0	0	0	0	0		//	-22	-20				-42	-8.4	-6	85
	50261	0	0	피로물든_라합_창	32051	1	FFFF00	30004	11599	86009	86009	2989	39999	0	4	0	4	0	Null	0	Null	0	3	1	270	25	94	281730	1	44252	44252	0	0	1	0	121	0	0	85	0	0	0	0	0	0	0	0	0	0	0.8 	120 	0	0	1	1	1	2.5	0	0	0	0	0	0	0	0	0	1	0	0	0	0	0	0	0	0	1	42	1	2000	1	30	1	1000	1	62	1	-2	0	0	0	0	1	41	1	4	0	0	0	0	0	0	0	0	0	0	0	0	0	0	0	0	0	0	0	0	0	0	0	0	0	1	0	0	0	0	0	0	0	0	0	0	0	0	0	0	0	0	0	0	0	0	0	0	0	0	0	0	0	0	0	0	0	0	0	0	448 	550 	0	0	0	0	0	0	0	0	0	0	0	0		//	-22	-20				-42	-8.4	-6	85
	50262	0	0	피로물든_안드라스_대거	32052	1	FFFF00	30005	11599	86010	86010	2990	39999	0	5	0	5	0	Null	0	Null	0	3	1	270	25	93	182520	1	44252	44252	0	0	1	0	121	0	0	85	0	0	0	0	0	0	0	0	0	0	0.8 	140 	0	0	1	1	1	2.5	0	0	0	0	0	0	0	0	0	0	1	0	0	0	0	0	0	0	1	42	1	2000	1	30	1	1000	1	62	1	-2	0	0	0	0	1	41	1	2	0	0	0	0	0	0	0	0	0	0	0	0	0	0	0	0	0	0	0	0	0	0	0	0	0	1	0	0	0	0	0	0	0	0	0	0	0	0	0	0	0	0	0	0	0	0	0	0	0	0	0	0	0	0	0	0	0	0	0	0	422 	478 	0	0	0	0	0	0	0	0	0	0	0	0		//	-19			-18		-37	-7.4	-5	85
	50263	0	0	피로물든_안드라스_채찍검	32052	1	FFFF00	30006	11599	86011	86011	2991	39999	0	6	0	6	0	Null	0	Null	0	3	1	270	25	93	281730	1	44252	44252	0	0	1	0	121	0	0	85	0	0	0	0	0	0	0	0	0	0	0.8 	125 	0	0	1	1	1	3.5	0	0	0	0	0	0	0	0	0	0	1	0	0	0	0	0	0	0	1	42	1	2000	1	30	1	1000	1	62	1	-2	0	0	0	0	1	41	1	3	0	0	0	0	0	0	0	0	0	0	0	0	0	0	0	0	0	0	0	0	0	0	0	0	0	1	0	0	0	0	0	0	0	0	0	0	0	0	0	0	0	0	0	0	0	0	0	0	0	0	0	0	0	0	0	0	0	0	0	0	440 	551 	0	0	0	0	0	0	0	0	0	0	0	0		//	-19			-18		-37	-7.4	-5	85
	50264	0	0	피로물든_노르니르_석궁	32053	1	FFFF00	30007	11599	86012	86012	2992	39999	0	7	0	7	0	Null	0	Null	0	3	1	270	25	84	219630	1	44252	44252	0	0	1	0	121	0	0	85	0	0	0	0	0	0	0	0	0	0	0.8 	150 	0	0	2	2	2	19	0	0	0	0	0	0	0	0	0	0	0	1	0	0	0	0	0	0	1	42	1	2000	1	30	1	1000	1	62	1	-2	0	0	0	0	1	41	1	2	0	0	0	0	0	0	0	0	0	0	0	0	0	0	0	0	0	0	0	0	0	0	0	0	0	1	0	0	0	0	0	0	0	0	0	0	0	0	0	0	0	0	0	0	0	0	0	0	0	0	0	0	0	0	0	0	0	0	0	0	329 	396 	0	0	0	0	0	0	0	0	0	0	0	0		//	-16	-23				-39	-7.8	-5	85
	50265	0	0	피로물든_노르니르_에테르웨폰	32053	1	FFFF00	30008	11599	86013	86013	2993	39999	0	8	0	8	0	Null	0	Null	0	3	1	270	25	84	543750	1	44252	44252	0	0	1	0	121	0	0	85	0	0	0	0	0	0	0	0	0	0	0.8 	105 	0	0	2	2	2	16	0	0	0	0	0	0	0	0	0	0	0	1	0	0	0	0	0	0	1	42	1	2000	1	30	1	1000	1	62	1	-2	0	0	0	0	1	41	1	3	0	0	0	0	0	0	0	0	0	0	0	0	0	0	0	0	0	0	0	0	0	0	0	0	0	1	0	0	0	0	0	0	0	0	0	0	0	0	0	0	0	0	0	0	0	0	0	0	0	0	0	0	0	0	0	0	0	0	0	0	398 	553 	0	0	0	0	0	0	0	0	0	0	0	0		//	-16	-23				-39	-7.8	-5	85
	50266	0	0	피로물든_마라_지팡이	32054	1	FFFF00	30009	11599	86014	86014	2994	39999	0	10	0	10	0	Null	0	Null	0	3	1	270	25	75	408600	1	44252	44252	0	0	1	0	121	0	0	85	0	0	0	0	0	0	0	0	0	0	0.8 	95 	0	0	1	1	4	2.5	0	0	0	0	0	0	0	0	0	0	0	0	1	0	0	0	0	0	1	42	1	2000	1	30	1	1000	1	62	1	-2	0	0	0	0	1	41	1	1	0	0	0	0	0	0	0	0	0	0	0	0	0	0	0	0	0	0	0	0	0	0	0	0	0	1	0	0	0	0	0	0	0	0	0	0	0	0	0	0	0	0	0	0	0	0	0	0	0	0	0	0	0	0	0	0	0	0	0	0	620 	675 	0	0	0	0	0	0	0	0	0	0	0	0		//				-25	-22	-47	-9.4	-7	85
	50267	0	0	피로물든_마라_오브	32054	1	FFFF00	30010	11599	86015	86015	2995	39999	0	11	0	11	0	Null	0	Null	0	3	1	270	25	75	343080	1	44252	44252	0	0	1	0	121	0	0	85	0	0	0	0	0	0	0	0	0	0	0.8 	100 	0	0	2	2	4	13	0	0	0	0	0	0	0	0	0	0	0	0	1	0	0	0	0	0	1	42	1	2000	1	30	1	1000	1	62	1	-2	1	34	2	-5	1	41	1	1	0	0	0	0	0	0	0	0	0	0	0	0	0	0	0	0	0	0	0	0	0	0	0	0	0	1	0	0	0	0	0	0	0	0	0	0	0	0	0	0	0	0	0	0	0	0	0	0	0	0	0	0	0	0	0	0	0	0	0	0	498 	536 	0	0	0	0	0	0	0	0	0	0	0	0		//				-25	-22	-47	-9.4	-7	85
	50268	0	0	피로물든_아리만_건틀렛	35749	1	FFFF00	30011	11599	86021	86021	12565	39999	0	14	0	12	0	Null	0	Null	0	3	1	270	25	94	619950	1	44252	44252	0	0	1	0	121	0	0	85	0	0	0	0	0	0	0 	0 	0	0	0.8 	135 	0 	0 	1 	1 	3 	1	0	0	0	0	0	0	0	0	0	0	0	0	0	1	0	0	0	0	1	42	1	2000	1	30	1	1000	1	62	1	-2	0	0	0	0	1	41	1	2	0	0	0	0	0	0	0	0	0	0	0	0	0	0	0	0	0	0	0	0	0	0	0	0	0	1	0	0	0	0	0	0	0	0	0	0	0	0	0	0	0	0	0	0	0	0	0	0	0	0	0	0	0	0	0	0	0	0	0	0	460 	531 	0	0	0	0	0	0	0	0	0	0	0	0		//		-21		-19		-40	-8	-6	85
	50269	0	0	피로물든_아리만_에테르사이드	35749	1	FFFF00	30012	11599	86022	86022	12566	39999	0	15	0	13	0	Null	0	Null	0	3	1	270	25	94	400020	1	44252	44252	0	0	1	0	121	0	0	85	0	0	0	0	0	0	0 	0 	0	0	0.8 	120 	0 	0 	1 	1 	1 	2 	0	0	0	0	0	0	0	0	0	0	0	0	0	1	0	0	0	0	1	42	1	2000	1	30	1	1000	1	62	1	-2	0	0	0	0	1	41	1	3	0	0	0	0	0	0	0	0	0	0	0	0	0	0	0	0	0	0	0	0	0	0	0	0	0	1	0	0	0	0	0	0	0	0	0	0	0	0	0	0	0	0	0	0	0	0	0	0	0	0	0	0	0	0	0	0	0	0	0	0	437 	619 	0	0	0	0	0	0	0	0	0	0	0	0		//		-21		-19		-40	-8	-6	85
	50139	0	0	피로물든_아바돈_에테르블래스터	30593	1	FFFF00	30013	11599	1081	1081	3091	39999	0	16	0	16	0	Null	0	Null	0	3	1	270	25	105	619950	1	44252	44252	0	0	1	0	121	0	0	85	0	0	0	0	0	0	0 	0 	0	0	0.8 	115 	0	0	1	1	3	1.5	0	0	0	0	0	0	0	0	0	0	0	0	0	0	1	0	0	0	1	42	1	2000	1	30	1	1000	1	62	1	-2	0	0	0	0	1	41	1	4	0	0	0	0	0	0	0	0	0	0	0	0	0	0	0	0	0	0	0	0	0	0	0	0	0	1	0	0	0	0	0	0	0	0	0	0	0	0	0	0	0	0	0	0	0	0	0	0	0	0	0	0	0	0	0	0	0	0	0	0	485 	621 	0	0	0	0	0	0	0	0	0	0	0	0		//			-27		-20	-47	-9.4	-7	85
	50586	0	0	피로물든두르가의_아크블레이드_25등급아이템	30638	1	FFFF00	30017	11599	1122	1121	3112	39999	0	17	0	17	0	Null	0	Null	0	3	1	270	25	99	619950	1	44252	44252	0	0	1	0	121	0	0	85	0	0	0	0	0	0	0 	0 	0	0	0.8 	125 	0	0	1	1	3	2	0	0	0	0	0	0	0	0	0	0	0	0	0	0	0	1	0	0	1	42	1	2000	1	30	1	1000	1	62	1	-2	0	0	0	0	1	41	1	4	0	0	0	0	0	0	0	0	0	0	0	0	0	0	0	0	0	0	0	0	0	0	0	0	0	1	0	0	0	0	0	0	0	0	0	0	0	0	0	0	0	0	0	0	0	0	0	0	0	0	0	0	0	0	0	0	0	0	0	0	399 	499 	0	0	0	0	0	0	0	0	0	0	0	0		//		-20	-24			-44	-8.8	-6	85
//기간제_투사의엘리트1차아이템																																																																									0	0																																																																																																	//									
	50270	0	1	기간제_투사의엘리트_각성된발로그_양손도끼	32026	1	FFFF00	30001	11593	11601	11601	28001	39999	0	1	0	1	0	Null	0	Null	0	3	0	0	23	95	619950	1	9620	9620	0	0	1	263	121	0	0	71	0	0	0	0	0	0	0 	0 	0 	0 	0.8 	105 	0 	0 	1 	1 	3 	1.5 	0	0	0	0	0	0	0	0	1	0	0	0	0	0	0	0	0	0	1	42	1	1000	1	30	1	500	1	62	1	-2	0	0	0	0	1	41	1	3	0	0	0	0	0	0	0	0	0	0	0	0	0	0	0	0	0	0	0	0	0	0	0	0	0	1	0	0	0	0	0	0	0	0	0	0	0	0	0	0	0	0	0	0	0	0	0	0	0	0	0	0	0	0	0	0	0	0	0	0	344 	465 	0	0	0	0	0	0	0	0	0	0	0	0		//	-26		-27			-53	-10.6	-8	71
	50271	0	1	기간제_투사의엘리트_각성된발로그_양손검	32026	1	FFFF00	30002	11593	11602	11602	28002	39999	0	2	0	2	0	Null	0	Null	0	3	0	0	23	95	400020	1	9620	9620	0	0	1	263	121	0	0	71	0	0	0	0	0	0	0 	0 	0 	0 	0.8 	115 	0 	0 	1 	1 	1 	1.8	0	0	0	0	0	0	0	0	1	0	0	0	0	0	0	0	0	0	1	42	1	1000	1	30	1	500	1	62	1	-2	0	0	0	0	1	41	1	5	0	0	0	0	0	0	0	0	0	0	0	0	0	0	0	0	0	0	0	0	0	0	0	0	0	1	0	0	0	0	0	0	0	0	0	0	0	0	0	0	0	0	0	0	0	0	0	0	0	0	0	0	0	0	0	0	0	0	0	0	372 	455 	0	0	0	0	0	0	0	0	0	0	0	0		//	-26		-27			-53	-10.6	-8	71
	50272	0	1	기간제_투사의엘리트_라합의어금니_한손검	32027	1	FFFF00	30003	11593	11603	11603	28003	39999	0	3	0	3	0	Null	0	Null	0	3	0	0	23	84	182520	1	9620	9620	0	0	1	263	121	0	0	71	0	0	0	0	0	0	0 	0 	0 	0 	0.8 	135 	0 	0 	1 	1 	1 	1	0	0	0	0	0	0	0	0	0	1	0	0	0	0	0	0	0	0	1	42	1	1000	1	30	1	500	1	62	1	-2	0	0	0	0	1	41	1	2	0	0	0	0	0	0	0	0	0	0	0	0	0	0	0	0	0	0	0	0	0	0	0	0	0	1	0	0	0	0	0	0	0	0	0	0	0	0	0	0	0	0	0	0	0	0	0	0	0	0	0	0	0	0	0	0	0	0	0	0	270 	299 	0	0	0	0	0	0	0	0	0	0	0	0		//	-22	-20				-42	-8.4	-6	71
	50273	0	1	기간제_투사의엘리트_라합의어금니_창	32027	1	FFFF00	30004	11593	11604	11604	28004	39999	0	4	0	4	0	Null	0	Null	0	3	0	0	23	84	281730	1	9620	9620	0	0	1	263	121	0	0	71	0	0	0	0	0	0	0 	0 	0 	0 	0.8 	120 	0 	0 	1 	1 	1 	2.5	0	0	0	0	0	0	0	0	0	1	0	0	0	0	0	0	0	0	1	42	1	1000	1	30	1	500	1	62	1	-2	0	0	0	0	1	41	1	4	0	0	0	0	0	0	0	0	0	0	0	0	0	0	0	0	0	0	0	0	0	0	0	0	0	1	0	0	0	0	0	0	0	0	0	0	0	0	0	0	0	0	0	0	0	0	0	0	0	0	0	0	0	0	0	0	0	0	0	0	298 	349 	0	0	0	0	0	0	0	0	0	0	0	0		//	-22	-20				-42	-8.4	-6	71
	50274	0	1	기간제_투사의엘리트_불화의안드라스_대거	32028	1	FFFF00	30005	11593	11605	11605	28005	39999	0	5	0	5	0	Null	0	Null	0	3	0	0	23	84	182520	1	9620	9620	0	0	1	263	121	0	0	71	0	0	0	0	0	0	0 	0 	0 	0 	0.8 	140 	0 	0 	1 	1 	1 	2.5	0	0	0	0	0	0	0	0	0	0	1	0	0	0	0	0	0	0	1	42	1	1000	1	30	1	500	1	62	1	-2	0	0	0	0	1	41	1	2	0	0	0	0	0	0	0	0	0	0	0	0	0	0	0	0	0	0	0	0	0	0	0	0	0	1	0	0	0	0	0	0	0	0	0	0	0	0	0	0	0	0	0	0	0	0	0	0	0	0	0	0	0	0	0	0	0	0	0	0	280 	303 	0	0	0	0	0	0	0	0	0	0	0	0		//	-19			-18		-37	-7.4	-5	71
	50275	0	1	기간제_투사의엘리트_불화의안드라스_채찍검	32028	1	FFFF00	30006	11593	11606	11606	28006	39999	0	6	0	6	0	Null	0	Null	0	3	0	0	23	84	281730	1	9620	9620	0	0	1	263	121	0	0	71	0	0	0	0	0	0	0 	0 	0 	0 	0.8 	125 	0 	0 	1 	1 	1 	3.5	0	0	0	0	0	0	0	0	0	0	1	0	0	0	0	0	0	0	1	42	1	1000	1	30	1	500	1	62	1	-2	0	0	0	0	1	41	1	3	0	0	0	0	0	0	0	0	0	0	0	0	0	0	0	0	0	0	0	0	0	0	0	0	0	1	0	0	0	0	0	0	0	0	0	0	0	0	0	0	0	0	0	0	0	0	0	0	0	0	0	0	0	0	0	0	0	0	0	0	292 	349 	0	0	0	0	0	0	0	0	0	0	0	0		//	-19			-18		-37	-7.4	-5	71
	50276	0	1	기간제_투사의엘리트_타락한노르니르_석궁	32029	1	FFFF00	30007	11593	11607	11607	28007	39999	0	7	0	7	0	Null	0	Null	0	3	0	0	23	75	219630	1	9620	9620	0	0	1	263	121	0	0	71	0	0	0	0	0	0	0 	0 	0 	0 	0.8 	150 	0 	0 	2 	2 	2	19 	0	0	0	0	0	0	0	0	0	0	0	1	0	0	0	0	0	0	1	42	1	1000	1	30	1	500	1	62	1	-2	0	0	0	0	1	41	1	2	0	0	0	0	0	0	0	0	0	0	0	0	0	0	0	0	0	0	0	0	0	0	0	0	0	1	0	0	0	0	0	0	0	0	0	0	0	0	0	0	0	0	0	0	0	0	0	0	0	0	0	0	0	0	0	0	0	0	0	0	218 	251 	0	0	0	0	0	0	0	0	0	0	0	0		//	-16	-23				-39	-7.8	-5	71
	50277	0	1	기간제_투사의엘리트_타락한노르니르_에테르웨폰	32029	1	FFFF00	30008	11593	11608	11608	28008	39999	0	8	0	8	0	Null	0	Null	0	3	0	0	23	75	543750	1	9620	9620	0	0	1	263	121	0	0	71	0	0	0	0	0	0	0 	0 	0 	0 	0.8 	105 	0 	0 	2 	2 	2 	16	0	0	0	0	0	0	0	0	0	0	0	1	0	0	0	0	0	0	1	42	1	1000	1	30	1	500	1	62	1	-2	0	0	0	0	1	41	1	3	0	0	0	0	0	0	0	0	0	0	0	0	0	0	0	0	0	0	0	0	0	0	0	0	0	1	0	0	0	0	0	0	0	0	0	0	0	0	0	0	0	0	0	0	0	0	0	0	0	0	0	0	0	0	0	0	0	0	0	0	264 	351 	0	0	0	0	0	0	0	0	0	0	0	0		//	-16	-23				-39	-7.8	-5	71
	50278	0	1	기간제_투사의엘리트_원죄의마라_지팡이	32030	1	FFFF00	30009	11593	11609	11609	28009	39999	0	10	0	10	0	Null	0	Null	0	3	0	0	23	66	408600	1	9620	9620	0	0	1	263	121	0	0	71	0	0	0	0	0	0	0 	0 	0 	0 	0.8 	95 	0 	0 	1 	1 	4 	2.5	0	0	0	0	0	0	0	0	0	0	0	0	1	0	0	0	0	0	1	42	1	1000	1	30	1	500	1	62	1	-2	0	0	0	0	1	41	1	1	0	0	0	0	0	0	0	0	0	0	0	0	0	0	0	0	0	0	0	0	0	0	0	0	0	1	0	0	0	0	0	0	0	0	0	0	0	0	0	0	0	0	0	0	0	0	0	0	0	0	0	0	0	0	0	0	0	0	0	0	411 	428 	0	0	0	0	0	0	0	0	0	0	0	0		//				-25	-22	-47	-9.4	-7	71
	50279	0	1	기간제_투사의엘리트_원죄의마라_오브	32030	1	FFFF00	30010	11593	11610	11610	28010	39999	0	11	0	11	0	Null	0	Null	0	3	0	0	23	66	343080	1	9620	9620	0	0	1	263	121	0	0	71	0	0	0	0	0	0	0 	0 	0 	0 	0.8 	100 	0 	0 	2 	2 	4 	13	0	0	0	0	0	0	0	0	0	0	0	0	1	0	0	0	0	0	1	42	1	1000	1	30	1	500	1	62	1	-2	1	34	2	-5	1	41	1	1	0	0	0	0	0	0	0	0	0	0	0	0	0	0	0	0	0	0	0	0	0	0	0	0	0	1	0	0	0	0	0	0	0	0	0	0	0	0	0	0	0	0	0	0	0	0	0	0	0	0	0	0	0	0	0	0	0	0	0	0	330 	341 	0	0	0	0	0	0	0	0	0	0	0	0		//				-25	-22	-47	-9.4	-7	71
	50280	0	1	기간제_아리만_건틀렛	32031	1	FFFF00	30011	11593	984	984	2984	39999	0	14	0	12	0	Null	0	Null	0	3	0	0	23	84	619950	1	9620	9620	0	0	1	263	125	0	0	71	0	0	0	0	0	0	0 	0 	0 	0 	0.8 	135 	0 	0 	1 	1 	3 	1	0	0	0	0	0	0	0	0	0	0	0	0	0	1	0	0	0	0	1	42	1	1000	1	30	1	500	1	62	1	-2	0	0	0	0	1	41	1	2	0	0	0	0	0	0	0	0	0	0	0	0	0	0	0	0	0	0	0	0	0	0	0	0	0	1	0	0	0	0	0	0	0	0	0	0	0	0	0	0	0	0	0	0	0	0	0	0	0	0	0	0	0	0	0	0	0	0	0	0	304 	337 	0	0	0	0	0	0	0	0	0	0	0	0		//		-21		-19		-40	-8	-6	71
	50281	0	1	기간제_아리만_에테르사이드	32031	1	FFFF00	30012	11593	985	985	2985	39999	0	15	0	13	0	Null	0	Null	0	3	0	0	23	84	400020	1	9620	9620	0	0	1	263	125	0	0	71	0	0	0	0	0	0	0 	0 	0 	0 	0.8 	120 	0 	0 	1 	1 	1 	2	0	0	0	0	0	0	0	0	0	0	0	0	0	1	0	0	0	0	1	42	1	1000	1	30	1	500	1	62	1	-2	0	0	0	0	1	41	1	3	0	0	0	0	0	0	0	0	0	0	0	0	0	0	0	0	0	0	0	0	0	0	0	0	0	1	0	0	0	0	0	0	0	0	0	0	0	0	0	0	0	0	0	0	0	0	0	0	0	0	0	0	0	0	0	0	0	0	0	0	290 	393 	0	0	0	0	0	0	0	0	0	0	0	0		//		-21		-19		-40	-8	-6	71
	50140	0	1	기간제_투사의엘리트_추락한아바돈_에테르블래스터	30598	1	FFFF00	30013	11593	1080	1080	3090	39999	0	16	0	16	0	Null	0	Null	0	3	0	0	23	94	619950	1	9620	9620	0	0	1	263	125	0	0	71	0	0	0	0	0	0	0 	0 	0 	0 	0.8 	115 	0	0	1	1	3	1.5	0	0	0	0	0	0	0	0	0	0	0	0	0	0	1	0	0	0	1	42	1	1000	1	30	1	500	1	62	1	-2	0	0	0	0	1	41	1	4	0	0	0	0	0	0	0	0	0	0	0	0	0	0	0	0	0	0	0	0	0	0	0	0	0	1	0	0	0	0	0	0	0	0	0	0	0	0	0	0	0	0	0	0	0	0	0	0	0	0	0	0	0	0	0	0	0	0	0	0	323 	394 	0	0	0	0	0	0	0	0	0	0	0	0		//			-27		-20	-47	-9.4	-7	71
	50587	0	1	[기간제]추락한두르가의_아크블레이드_23등급아이템	30643	1	FFFF00	30017	11593	1120	1119	3111	39999	0	17	0	17	0	Null	0	Null	0	3	0	0	23	90	619950	1	9620	9620	0	0	1	0	125	0	0	71	0	0	0	0	0	0	0 	0 	0 	0 	0.8 	125 	0	0	1	1	3	2	0	0	0	0	0	0	0	0	0	0	0	0	0	0	0	1	0	0	1	42	1	1000	1	30	1	500	1	62	1	-2	0	0	0	0	1	41	1	4	0	0	0	0	0	0	0	0	0	0	0	0	0	0	0	0	0	0	0	0	0	0	0	0	0	1	0	0	0	0	0	0	0	0	0	0	0	0	0	0	0	0	0	0	0	0	0	0	0	0	0	0	0	0	0	0	0	0	0	0	264 	317 	0	0	0	0	0	0	0	0	0	0	0	0		//		-20	-24			-44	-8.8	-6	71
//기간제_투사의엘리트2차아이템																																																																									0	0																																																																																																	//									
	50282	0	1	기간제_피로물든_발로그_양손도끼	32056	1	FFFF00	30001	11599	86006	86006	2986	39999	0	1	0	1	0	Null	0	Null	0	3	0	0	25	106	619950	1	44252	44252	0	0	1	263	121	0	0	85	0	0	0	0	0	0	0 	0 	0 	0 	0.8 	105 	0 	0 	1 	1 	3 	1.5 	0	0	0	0	0	0	0	0	1	0	0	0	0	0	0	0	0	0	1	42	1	2000	1	30	1	1000	1	62	1	-2	0	0	0	0	1	41	1	3	0	0	0	0	0	0	0	0	0	0	0	0	0	0	0	0	0	0	0	0	0	0	0	0	0	1	0	0	0	0	0	0	0	0	0	0	0	0	0	0	0	0	0	0	0	0	0	0	0	0	0	0	0	0	0	0	0	0	0	0	518 	734 	0	0	0	0	0	0	0	0	0	0	0	0		//	-26		-27			-53	-10.6	-8	85
	50283	0	1	기간제_피로물든_발로그_양손검	32056	1	FFFF00	30002	11599	86007	86007	2987	39999	0	2	0	2	0	Null	0	Null	0	3	0	0	25	106	400020	1	44252	44252	0	0	1	263	121	0	0	85	0	0	0	0	0	0	0 	0 	0 	0 	0.8 	115 	0 	0 	1 	1 	1 	1.8	0	0	0	0	0	0	0	0	1	0	0	0	0	0	0	0	0	0	1	42	1	2000	1	30	1	1000	1	62	1	-2	0	0	0	0	1	41	1	5	0	0	0	0	0	0	0	0	0	0	0	0	0	0	0	0	0	0	0	0	0	0	0	0	0	1	0	0	0	0	0	0	0	0	0	0	0	0	0	0	0	0	0	0	0	0	0	0	0	0	0	0	0	0	0	0	0	0	0	0	560 	715 	0	0	0	0	0	0	0	0	0	0	0	0		//	-26		-27			-53	-10.6	-8	85
	50284	0	1	기간제_피로물든_라합_한손검	32057	1	FFFF00	30003	11599	86008	86008	2988	39999	0	3	0	3	0	Null	0	Null	0	3	0	0	25	94	182520	1	44252	44252	0	0	1	263	121	0	0	85	0	0	0	0	0	0	0 	0 	0 	0 	0.8 	135 	0 	0 	1 	1 	1 	1	0	0	0	0	0	0	0	0	0	1	0	0	0	0	0	0	0	0	1	42	1	2000	1	30	1	1000	1	62	1	-2	0	0	0	0	1	41	1	2	0	0	0	0	0	0	0	0	0	0	0	0	0	0	0	0	0	0	0	0	0	0	0	0	0	1	0	0	0	0	0	0	0	0	0	0	0	0	0	0	0	0	0	0	0	0	0	0	0	0	0	0	0	0	0	0	0	0	0	0	407 	470 	0	0	0	0	0	0	0	0	0	0	0	0		//	-22	-20				-42	-8.4	-6	85
	50285	0	1	기간제_피로물든_라합_창	32057	1	FFFF00	30004	11599	86009	86009	2989	39999	0	4	0	4	0	Null	0	Null	0	3	0	0	25	94	281730	1	44252	44252	0	0	1	263	121	0	0	85	0	0	0	0	0	0	0 	0 	0 	0 	0.8 	120 	0 	0 	1 	1 	1 	2.5	0	0	0	0	0	0	0	0	0	1	0	0	0	0	0	0	0	0	1	42	1	2000	1	30	1	1000	1	62	1	-2	0	0	0	0	1	41	1	4	0	0	0	0	0	0	0	0	0	0	0	0	0	0	0	0	0	0	0	0	0	0	0	0	0	1	0	0	0	0	0	0	0	0	0	0	0	0	0	0	0	0	0	0	0	0	0	0	0	0	0	0	0	0	0	0	0	0	0	0	448 	550 	0	0	0	0	0	0	0	0	0	0	0	0		//	-22	-20				-42	-8.4	-6	85
	50286	0	1	기간제_피로물든_안드라스_대거	32058	1	FFFF00	30005	11599	86010	86010	2990	39999	0	5	0	5	0	Null	0	Null	0	3	0	0	25	93	182520	1	44252	44252	0	0	1	263	121	0	0	85	0	0	0	0	0	0	0 	0 	0 	0 	0.8 	140 	0 	0 	1 	1 	1 	2.5	0	0	0	0	0	0	0	0	0	0	1	0	0	0	0	0	0	0	1	42	1	2000	1	30	1	1000	1	62	1	-2	0	0	0	0	1	41	1	2	0	0	0	0	0	0	0	0	0	0	0	0	0	0	0	0	0	0	0	0	0	0	0	0	0	1	0	0	0	0	0	0	0	0	0	0	0	0	0	0	0	0	0	0	0	0	0	0	0	0	0	0	0	0	0	0	0	0	0	0	422 	478 	0	0	0	0	0	0	0	0	0	0	0	0		//	-19			-18		-37	-7.4	-5	85
	50287	0	1	기간제_피로물든_안드라스_채찍검	32058	1	FFFF00	30006	11599	86011	86011	2991	39999	0	6	0	6	0	Null	0	Null	0	3	0	0	25	93	281730	1	44252	44252	0	0	1	263	121	0	0	85	0	0	0	0	0	0	0 	0 	0 	0 	0.8 	125 	0 	0 	1 	1 	1 	3.5	0	0	0	0	0	0	0	0	0	0	1	0	0	0	0	0	0	0	1	42	1	2000	1	30	1	1000	1	62	1	-2	0	0	0	0	1	41	1	3	0	0	0	0	0	0	0	0	0	0	0	0	0	0	0	0	0	0	0	0	0	0	0	0	0	1	0	0	0	0	0	0	0	0	0	0	0	0	0	0	0	0	0	0	0	0	0	0	0	0	0	0	0	0	0	0	0	0	0	0	440 	551 	0	0	0	0	0	0	0	0	0	0	0	0		//	-19			-18		-37	-7.4	-5	85
	50288	0	1	기간제_피로물든_노르니르_석궁	32059	1	FFFF00	30007	11599	86012	86012	2992	39999	0	7	0	7	0	Null	0	Null	0	3	0	0	25	84	219630	1	44252	44252	0	0	1	263	121	0	0	85	0	0	0	0	0	0	0 	0 	0 	0 	0.8 	150 	0 	0 	2 	2 	2	19 	0	0	0	0	0	0	0	0	0	0	0	1	0	0	0	0	0	0	1	42	1	2000	1	30	1	1000	1	62	1	-2	0	0	0	0	1	41	1	2	0	0	0	0	0	0	0	0	0	0	0	0	0	0	0	0	0	0	0	0	0	0	0	0	0	1	0	0	0	0	0	0	0	0	0	0	0	0	0	0	0	0	0	0	0	0	0	0	0	0	0	0	0	0	0	0	0	0	0	0	329 	396 	0	0	0	0	0	0	0	0	0	0	0	0		//	-16	-23				-39	-7.8	-5	85
	50289	0	1	기간제_피로물든_노르니르_에테르웨폰	32059	1	FFFF00	30008	11599	86013	86013	2993	39999	0	8	0	8	0	Null	0	Null	0	3	0	0	25	84	543750	1	44252	44252	0	0	1	263	121	0	0	85	0	0	0	0	0	0	0 	0 	0 	0 	0.8 	105 	0 	0 	2 	2 	2 	16	0	0	0	0	0	0	0	0	0	0	0	1	0	0	0	0	0	0	1	42	1	2000	1	30	1	1000	1	62	1	-2	0	0	0	0	1	41	1	3	0	0	0	0	0	0	0	0	0	0	0	0	0	0	0	0	0	0	0	0	0	0	0	0	0	1	0	0	0	0	0	0	0	0	0	0	0	0	0	0	0	0	0	0	0	0	0	0	0	0	0	0	0	0	0	0	0	0	0	0	398 	553 	0	0	0	0	0	0	0	0	0	0	0	0		//	-16	-23				-39	-7.8	-5	85
	50290	0	1	기간제_피로물든_마라_지팡이	32060	1	FFFF00	30009	11599	86014	86014	2994	39999	0	10	0	10	0	Null	0	Null	0	3	0	0	25	75	408600	1	44252	44252	0	0	1	263	121	0	0	85	0	0	0	0	0	0	0 	0 	0 	0 	0.8 	95 	0 	0 	1 	1 	4 	2.5	0	0	0	0	0	0	0	0	0	0	0	0	1	0	0	0	0	0	1	42	1	2000	1	30	1	1000	1	62	1	-2	0	0	0	0	1	41	1	1	0	0	0	0	0	0	0	0	0	0	0	0	0	0	0	0	0	0	0	0	0	0	0	0	0	1	0	0	0	0	0	0	0	0	0	0	0	0	0	0	0	0	0	0	0	0	0	0	0	0	0	0	0	0	0	0	0	0	0	0	620 	675 	0	0	0	0	0	0	0	0	0	0	0	0		//				-25	-22	-47	-9.4	-7	85
	50291	0	1	기간제_피로물든_마라_오브	32060	1	FFFF00	30010	11599	86015	86015	2995	39999	0	11	0	11	0	Null	0	Null	0	3	0	0	25	75	343080	1	44252	44252	0	0	1	263	121	0	0	85	0	0	0	0	0	0	0 	0 	0 	0 	0.8 	100 	0 	0 	2 	2 	4 	13	0	0	0	0	0	0	0	0	0	0	0	0	1	0	0	0	0	0	1	42	1	2000	1	30	1	1000	1	62	1	-2	0	0	0	0	1	41	1	1	0	0	0	0	0	0	0	0	0	0	0	0	0	0	0	0	0	0	0	0	0	0	0	0	0	1	0	0	0	0	0	0	0	0	0	0	0	0	0	0	0	0	0	0	0	0	0	0	0	0	0	0	0	0	0	0	0	0	0	0	498 	536 	0	0	0	0	0	0	0	0	0	0	0	0		//				-25	-22	-47	-9.4	-7	85
	50292	0	1	기간제_피로물든_아리만_건틀렛	32061	1	FFFF00	30011	11599	86021	86021	12565	39999	0	14	0	12	0	Null	0	Null	0	3	0	0	25	94	619950	1	44252	44252	0	0	1	263	121	0	0	85	0	0	0	0	0	0	0 	0 	0 	0 	0.8 	135 	0 	0 	1 	1 	3 	1	0	0	0	0	0	0	0	0	0	0	0	0	0	1	0	0	0	0	1	42	1	2000	1	30	1	1000	1	62	1	-2	0	0	0	0	1	41	1	2	0	0	0	0	0	0	0	0	0	0	0	0	0	0	0	0	0	0	0	0	0	0	0	0	0	1	0	0	0	0	0	0	0	0	0	0	0	0	0	0	0	0	0	0	0	0	0	0	0	0	0	0	0	0	0	0	0	0	0	0	460 	531 	0	0	0	0	0	0	0	0	0	0	0	0		//		-21		-19		-40	-8	-6	92
	50293	0	1	기간제_피로물든_아리만_에테르사이드	32061	1	FFFF00	30012	11599	86022	86022	12566	39999	0	15	0	13	0	Null	0	Null	0	3	0	0	25	94	400020	1	44252	44252	0	0	1	263	121	0	0	85	0	0	0	0	0	0	0 	0 	0 	0 	0.8 	120 	0 	0 	1 	1 	1 	2	0	0	0	0	0	0	0	0	0	0	0	0	0	1	0	0	0	0	1	42	1	2000	1	30	1	1000	1	62	1	-2	0	0	0	0	1	41	1	3	0	0	0	0	0	0	0	0	0	0	0	0	0	0	0	0	0	0	0	0	0	0	0	0	0	1	0	0	0	0	0	0	0	0	0	0	0	0	0	0	0	0	0	0	0	0	0	0	0	0	0	0	0	0	0	0	0	0	0	0	437 	619 	0	0	0	0	0	0	0	0	0	0	0	0		//		-21		-19		-40	-8	-6	92
	50141	0	1	기간제_피로물든_아바돈_에테르블래스터	30599	1	FFFF00	30013	11599	1081	1081	3091	39999	0	16	0	16	0	Null	0	Null	0	3	0	0	25	105	619950	1	44252	44252	0	0	1	263	121	0	0	85	0	0	0	0	0	0	0 	0 	0 	0 	0.8 	115 	0	0	1	1	3	1.5	0	0	0	0	0	0	0	0	0	0	0	0	0	0	1	0	0	0	1	42	1	2000	1	30	1	1000	1	62	1	-2	0	0	0	0	1	41	1	4	0	0	0	0	0	0	0	0	0	0	0	0	0	0	0	0	0	0	0	0	0	0	0	0	0	1	0	0	0	0	0	0	0	0	0	0	0	0	0	0	0	0	0	0	0	0	0	0	0	0	0	0	0	0	0	0	0	0	0	0	485 	621 	0	0	0	0	0	0	0	0	0	0	0	0		//			-27		-20	-47	-9.4	-7	92
	50588	0	1	[기간제]피로물든두르가의_아크블레이드_25등급아이템	30644	1	FFFF00	30017	11599	1122	1121	3112	39999	0	17	0	17	0	Null	0	Null	0	3	0	0	25	99	619950	1	44252	44252	0	0	1	0	121	0	0	85	0	0	0	0	0	0	0 	0 	363 	434 	0.8 	125 	0	0	1	1	3	2	0	0	0	0	0	0	0	0	0	0	0	0	0	0	0	1	0	0	1	42	1	2000	1	30	1	1000	1	62	1	-2	0	0	0	0	1	41	1	4	0	0	0	0	0	0	0	0	0	0	0	0	0	0	0	0	0	0	0	0	0	0	0	0	0	1	0	0	0	0	0	0	0	0	0	0	0	0	0	0	0	0	0	0	0	0	0	0	0	0	0	0	0	0	0	0	0	0	0	0	399 	499 	0	0	0	0	0	0	0	0	0	0	0	0		//		-20	-24			-44	-8.8	-6	92
//		[ID50143~]_국내_2014회귀이벤트_엘리트1.5차무기_기간제																																																																					0	0	0	0																																																											0																																				0		//									
	50143	1	2	[전용-기간제]파괴신니벨룽_양손도끼	45901	1	FFFF00	30001	46694	922	922	2922	39999	0	1	0	1	0	Null	0	Null	0	1	0	0	24	100	619950	1	26936	26936	1	0	1	39	104	0	1	78	0	0	0	0	0	0	0	0	0	0	0.8 	105 	0	0	1	1	3	1.5	0	0	0	0	0	0	0	0	1	0	0	0	0	0	0	0	0	0	1	42	1	1500	1	30	1	700	1	75	2	-25	0	0	0	0	1	41	1	3	0	0	0	0	0	0	0	0	0	0	0	0	0	0	0	0	0	0	0	0	0	0	0	0	0	1	0	0	0	0	0	0	0	0	0	0	0	0	0	0	0	0	0	0	0	0	0	0	0	0	0	0	0	0	0	0	0	0	0	0	442 	627 	0	0	0	0	0	0	0	0	0	0	0	0		//	-26		-27			-53	-10.6	-8	78
	50144	1	2	[전용-기간제]파괴신니벨룽_양손검	45901	1	FFFF00	30002	46694	923	923	2923	39999	0	2	0	2	0	Null	0	Null	0	1	0	0	24	100	400020	1	26936	26936	1	0	1	39	104	0	1	78	0	0	0	0	0	0	0	0	0	0	0.8 	115 	0	0	1	1	1	1.8	0	0	0	0	0	0	0	0	1	0	0	0	0	0	0	0	0	0	1	42	1	1500	1	30	1	700	1	75	2	-25	0	0	0	0	1	41	1	5	0	0	0	0	0	0	0	0	0	0	0	0	0	0	0	0	0	0	0	0	0	0	0	0	0	1	0	0	0	0	0	0	0	0	0	0	0	0	0	0	0	0	0	0	0	0	0	0	0	0	0	0	0	0	0	0	0	0	0	0	479 	612 	0	0	0	0	0	0	0	0	0	0	0	0		//	-26		-27			-53	-10.6	-8	78
	50145	1	2	[전용-기간제]저주의이그드라실_한손검	45902	1	FFFF00	30003	46694	924	924	2924	39999	0	3	0	3	0	Null	0	Null	0	1	0	0	24	89	182520	1	26936	26936	1	0	1	39	104	0	1	78	0	0	0	0	0	0	0	0	0	0	0.8 	135 	0	0	1	1	1	1	0	0	0	0	0	0	0	0	0	1	0	0	0	0	0	0	0	0	1	42	1	1500	1	30	1	700	1	75	2	-25	0	0	0	0	1	41	1	2	0	0	0	0	0	0	0	0	0	0	0	0	0	0	0	0	0	0	0	0	0	0	0	0	0	1	0	0	0	0	0	0	0	0	0	0	0	0	0	0	0	0	0	0	0	0	0	0	0	0	0	0	0	0	0	0	0	0	0	0	348 	401 	0	0	0	0	0	0	0	0	0	0	0	0		//	-22	-20				-42	-8.4	-6	78
	50146	1	2	[전용-기간제]저주의이그드라실_창	45902	1	FFFF00	30004	46694	925	925	2925	39999	0	4	0	4	0	Null	0	Null	0	1	0	0	24	89	281730	1	26936	26936	1	0	1	39	104	0	1	78	0	0	0	0	0	0	0	0	0	0	0.8 	120 	0	0	1	1	1	2.5	0	0	0	0	0	0	0	0	0	1	0	0	0	0	0	0	0	0	1	42	1	1500	1	30	1	700	1	75	2	-25	0	0	0	0	1	41	1	4	0	0	0	0	0	0	0	0	0	0	0	0	0	0	0	0	0	0	0	0	0	0	0	0	0	1	0	0	0	0	0	0	0	0	0	0	0	0	0	0	0	0	0	0	0	0	0	0	0	0	0	0	0	0	0	0	0	0	0	0	383 	470 	0	0	0	0	0	0	0	0	0	0	0	0		//	-22	-20				-42	-8.4	-6	78
	50147	1	2	[전용-기간제]타락한네프티스의_한손석궁	45903	1	FFFF00	30007	46694	926	926	2927	39999	0	7	0	7	0	Null	0	Null	0	1	0	0	24	79	219630	1	26936	26936	1	0	1	39	104	0	1	78	0	0	0	0	0	0	0	0	0	0	0.8 	150 	0	0	2	2	2	19	0	0	0	0	0	0	0	0	0	0	0	1	0	0	0	0	0	0	1	42	1	1500	1	30	1	700	1	75	2	-25	0	0	0	0	1	41	1	2	0	0	0	0	0	0	0	0	0	0	0	0	0	0	0	0	0	0	0	0	0	0	0	0	0	1	0	0	0	0	0	0	0	0	0	0	0	0	0	0	0	0	0	0	0	0	0	0	0	0	0	0	0	0	0	0	0	0	0	0	281 	338 	0	0	0	0	0	0	0	0	0	0	0	0		//	-16	-23				-39	-7.8	-5	78
	50148	1	2	[전용-기간제]타락한네프티스의_에테르웨폰	45903	1	FFFF00	30008	46694	927	927	2926	39999	0	8	0	8	0	Null	0	Null	0	1	0	0	24	79	543750	1	26936	26936	1	0	1	39	104	0	1	78	0	0	0	0	0	0	0	0	0	0	0.8 	105 	0	0	2	2	2	16	0	0	0	0	0	0	0	0	0	0	0	1	0	0	0	0	0	0	1	42	1	1500	1	30	1	700	1	75	2	-25	0	0	0	0	1	41	1	3	0	0	0	0	0	0	0	0	0	0	0	0	0	0	0	0	0	0	0	0	0	0	0	0	0	1	0	0	0	0	0	0	0	0	0	0	0	0	0	0	0	0	0	0	0	0	0	0	0	0	0	0	0	0	0	0	0	0	0	0	340 	472 	0	0	0	0	0	0	0	0	0	0	0	0		//	-16	-23				-39	-7.8	-5	78
	50149	1	2	[전용-기간제]죽음의클로리스_지팡이	45904	1	FFFF00	30009	46694	928	928	2928	39999	0	10	0	10	0	Null	0	Null	0	1	0	0	24	71	408600	1	26936	26936	1	0	1	39	104	0	1	78	0	0	0	0	0	0	0	0	0	0	0.8 	95 	0	0	1	1	4	2.5	0	0	0	0	0	0	0	0	0	0	0	0	1	0	0	0	0	0	1	42	1	1500	1	30	1	700	1	75	2	-25	0	0	0	0	1	41	1	1	0	0	0	0	0	0	0	0	0	0	0	0	0	0	0	0	0	0	0	0	0	0	0	0	0	1	0	0	0	0	0	0	0	0	0	0	0	0	0	0	0	0	0	0	0	0	0	0	0	0	0	0	0	0	0	0	0	0	0	0	530 	576 	0	0	0	0	0	0	0	0	0	0	0	0		//				-25	-22	-47	-9.4	-7	78
	50150	1	2	[전용-기간제]죽음의클로리스_오브	45904	1	FFFF00	30010	46694	929	929	2929	39999	0	11	0	11	0	Null	0	Null	0	1	0	0	24	71	343080	1	26936	26936	1	0	1	39	104	0	1	78	0	0	0	0	0	0	0	0	0	0	0.8 	100 	0	0	2	2	4	13	0	0	0	0	0	0	0	0	0	0	0	0	1	0	0	0	0	0	1	42	1	1500	1	30	1	700	1	75	2	-25	1	34	2	-5	1	41	1	1	0	0	0	0	0	0	0	0	0	0	0	0	0	0	0	0	0	0	0	0	0	0	0	0	0	1	0	0	0	0	0	0	0	0	0	0	0	0	0	0	0	0	0	0	0	0	0	0	0	0	0	0	0	0	0	0	0	0	0	0	426 	458 	0	0	0	0	0	0	0	0	0	0	0	0		//				-25	-22	-47	-9.4	-7	78
	50151	1	2	[전용-기간제]탐욕의야누비스_대거	45905	1	FFFF00	31156	46694	930	930	2930	39999	0	5	0	5	0	Null	0	Null	0	1	0	0	24	88	182520	1	26936	26936	1	0	1	39	104	0	1	78	0	0	0	0	0	0	0	0	0	0	0.8 	140 	0	0	1	1	1	2.5	0	0	0	0	0	0	0	0	0	0	1	0	0	0	0	0	0	0	1	42	1	1500	1	30	1	700	1	75	2	-25	0	0	0	0	1	41	1	2	0	0	0	0	0	0	0	0	0	0	0	0	0	0	0	0	0	0	0	0	0	0	0	0	0	1	0	0	0	0	0	0	0	0	0	0	0	0	0	0	0	0	0	0	0	0	0	0	0	0	0	0	0	0	0	0	0	0	0	0	361 	408 	0	0	0	0	0	0	0	0	0	0	0	0		//	-19			-18		-37	-7.4	-5	78
	50152	1	2	[전용-기간제]탐욕의야누비스_채찍검	45905	1	FFFF00	31157	46694	931	931	2931	39999	0	6	0	6	0	Null	0	Null	0	1	0	0	24	88	281730	1	26936	26936	1	0	1	39	104	0	1	78	0	0	0	0	0	0	0	0	0	0	0.8 	125 	0	0	1	1	1	3.5	0	0	0	0	0	0	0	0	0	0	1	0	0	0	0	0	0	0	1	42	1	1500	1	30	1	700	1	75	2	-25	0	0	0	0	1	41	1	3	0	0	0	0	0	0	0	0	0	0	0	0	0	0	0	0	0	0	0	0	0	0	0	0	0	1	0	0	0	0	0	0	0	0	0	0	0	0	0	0	0	0	0	0	0	0	0	0	0	0	0	0	0	0	0	0	0	0	0	0	376 	470 	0	0	0	0	0	0	0	0	0	0	0	0		//	-19			-18		-37	-7.4	-5	78
	50153	1	2	[전용-기간제]증오의헤카테_건틀렛	45906	1	FFFF00	30011	46694	959	959	2959	39999	0	14	0	14	0	Null	0	Null	0	1	0	0	24	89	619950	1	26936	26936	1	0	1	39	104	0	1	78	0	0	0	0	0	0	0	0	0	0	0.8 	135 	0	0	1	1	3	1	0	0	0	0	0	0	0	0	0	0	0	0	0	1	0	0	0	0	1	42	1	1500	1	30	1	700	1	75	2	-25	0	0	0	0	1	41	1	2	0	0	0	0	0	0	0	0	0	0	0	0	0	0	0	0	0	0	0	0	0	0	0	0	0	1	0	0	0	0	0	0	0	0	0	0	0	0	0	0	0	0	0	0	0	0	0	0	0	0	0	0	0	0	0	0	0	0	0	0	393 	453 	0	0	0	0	0	0	0	0	0	0	0	0		//		-21		-19		-40	-8	-6	78
	50154	1	2	[전용-기간제]증오의헤카테_에테르사이드	45906	1	FFFF00	30012	46694	980	980	2980	39999	0	15	0	15	0	Null	0	Null	0	1	0	0	24	89	400020	1	26936	26936	1	0	1	39	104	0	1	78	0	0	0	0	0	0	0	0	0	0	0.8 	120 	0	0	1	1	1	2	0	0	0	0	0	0	0	0	0	0	0	0	0	1	0	0	0	0	1	42	1	1500	1	30	1	700	1	75	2	-25	0	0	0	0	1	41	1	3	0	0	0	0	0	0	0	0	0	0	0	0	0	0	0	0	0	0	0	0	0	0	0	0	0	1	0	0	0	0	0	0	0	0	0	0	0	0	0	0	0	0	0	0	0	0	0	0	0	0	0	0	0	0	0	0	0	0	0	0	374 	529 	0	0	0	0	0	0	0	0	0	0	0	0		//		-21		-19		-40	-8	-6	78
	50155	1	2	[전용-기간제]분노의오시리스_에테르블래스터	45907	1	FFFF00	30013	46694	1074	1074	3084	39999	0	16	0	16	0	Null	0	Null	0	1	0	0	24	100	619950	1	26936	26936	1	0	1	39	104	0	1	78	0	0	0	0	0	0	0	0	0	0	0.8 	115 	0	0	1	1	3	1.5	0	0	0	0	0	0	0	0	0	0	0	0	0	0	1	0	0	0	1	42	1	1500	1	30	1	700	1	75	2	-25	0	0	0	0	1	41	1	4	0	0	0	0	0	0	0	0	0	0	0	0	0	0	0	0	0	0	0	0	0	0	0	0	0	1	0	0	0	0	0	0	0	0	0	0	0	0	0	0	0	0	0	0	0	0	0	0	0	0	0	0	0	0	0	0	0	0	0	0	416 	531 	0	0	0	0	0	0	0	0	0	0	0	0		//			-27		-20	-47	-9.4	-7	78
//		[ID50156~]_국내_2014회귀이벤트_엘리트1.5차무기_영구																																																																					0	0	0	0																																																											0																																				0		//									
	50156	0	0	[전용]파괴신니벨룽_양손도끼	45908	1	FFFF00	30001	46696	922	922	2922	39999	0	1	0	1	0	Null	0	Null	0	1	0	0	24	100	619950	1	26936	26936	1	0	1	263	120	0	1	78	0	0	0	0	0	0	0	0	0	0	0.8 	105 	0	0	1	1	3	1.5	0	0	0	0	0	0	0	0	1	0	0	0	0	0	0	0	0	0	1	42	1	1500	1	30	1	700	1	75	2	-25	0	0	0	0	1	41	1	3	0	0	0	0	0	0	0	0	0	0	0	0	0	0	0	0	0	0	0	0	0	0	0	0	0	1	0	0	0	0	0	0	0	0	0	0	0	0	0	0	0	0	0	0	0	0	0	0	0	0	0	0	0	0	0	0	0	0	0	0	442 	627 	0	0	0	0	0	0	0	0	0	0	0	0		//	-26		-27			-53	-10.6	-8	78
	50157	0	0	[전용]파괴신니벨룽_양손검	45908	1	FFFF00	30002	46696	923	923	2923	39999	0	2	0	2	0	Null	0	Null	0	1	0	0	24	100	400020	1	26936	26936	1	0	1	263	120	0	1	78	0	0	0	0	0	0	0	0	0	0	0.8 	115 	0	0	1	1	1	1.8	0	0	0	0	0	0	0	0	1	0	0	0	0	0	0	0	0	0	1	42	1	1500	1	30	1	700	1	75	2	-25	0	0	0	0	1	41	1	5	0	0	0	0	0	0	0	0	0	0	0	0	0	0	0	0	0	0	0	0	0	0	0	0	0	1	0	0	0	0	0	0	0	0	0	0	0	0	0	0	0	0	0	0	0	0	0	0	0	0	0	0	0	0	0	0	0	0	0	0	479 	612 	0	0	0	0	0	0	0	0	0	0	0	0		//	-26		-27			-53	-10.6	-8	78
	50158	0	0	[전용]저주의이그드라실_한손검	45909	1	FFFF00	30003	46696	924	924	2924	39999	0	3	0	3	0	Null	0	Null	0	1	0	0	24	89	182520	1	26936	26936	1	0	1	263	120	0	1	78	0	0	0	0	0	0	0	0	0	0	0.8 	135 	0	0	1	1	1	1	0	0	0	0	0	0	0	0	0	1	0	0	0	0	0	0	0	0	1	42	1	1500	1	30	1	700	1	75	2	-25	0	0	0	0	1	41	1	2	0	0	0	0	0	0	0	0	0	0	0	0	0	0	0	0	0	0	0	0	0	0	0	0	0	1	0	0	0	0	0	0	0	0	0	0	0	0	0	0	0	0	0	0	0	0	0	0	0	0	0	0	0	0	0	0	0	0	0	0	348 	401 	0	0	0	0	0	0	0	0	0	0	0	0		//	-22	-20				-42	-8.4	-6	78
	50159	0	0	[전용]저주의이그드라실_창	45909	1	FFFF00	30004	46696	925	925	2925	39999	0	4	0	4	0	Null	0	Null	0	1	0	0	24	89	281730	1	26936	26936	1	0	1	263	120	0	1	78	0	0	0	0	0	0	0	0	0	0	0.8 	120 	0	0	1	1	1	2.5	0	0	0	0	0	0	0	0	0	1	0	0	0	0	0	0	0	0	1	42	1	1500	1	30	1	700	1	75	2	-25	0	0	0	0	1	41	1	4	0	0	0	0	0	0	0	0	0	0	0	0	0	0	0	0	0	0	0	0	0	0	0	0	0	1	0	0	0	0	0	0	0	0	0	0	0	0	0	0	0	0	0	0	0	0	0	0	0	0	0	0	0	0	0	0	0	0	0	0	383 	470 	0	0	0	0	0	0	0	0	0	0	0	0		//	-22	-20				-42	-8.4	-6	78
	50160	0	0	[전용]타락한네프티스의_한손석궁	45910	1	FFFF00	30007	46696	926	926	2927	39999	0	7	0	7	0	Null	0	Null	0	1	0	0	24	79	219630	1	26936	26936	1	0	1	263	120	0	1	78	0	0	0	0	0	0	0	0	0	0	0.8 	150 	0	0	2	2	2	19	0	0	0	0	0	0	0	0	0	0	0	1	0	0	0	0	0	0	1	42	1	1500	1	30	1	700	1	75	2	-25	0	0	0	0	1	41	1	2	0	0	0	0	0	0	0	0	0	0	0	0	0	0	0	0	0	0	0	0	0	0	0	0	0	1	0	0	0	0	0	0	0	0	0	0	0	0	0	0	0	0	0	0	0	0	0	0	0	0	0	0	0	0	0	0	0	0	0	0	281 	338 	0	0	0	0	0	0	0	0	0	0	0	0		//	-16	-23				-39	-7.8	-5	78
	50161	0	0	[전용]타락한네프티스의_에테르웨폰	45910	1	FFFF00	30008	46696	927	927	2926	39999	0	8	0	8	0	Null	0	Null	0	1	0	0	24	79	543750	1	26936	26936	1	0	1	263	120	0	1	78	0	0	0	0	0	0	0	0	0	0	0.8 	105 	0	0	2	2	2	16	0	0	0	0	0	0	0	0	0	0	0	1	0	0	0	0	0	0	1	42	1	1500	1	30	1	700	1	75	2	-25	0	0	0	0	1	41	1	3	0	0	0	0	0	0	0	0	0	0	0	0	0	0	0	0	0	0	0	0	0	0	0	0	0	1	0	0	0	0	0	0	0	0	0	0	0	0	0	0	0	0	0	0	0	0	0	0	0	0	0	0	0	0	0	0	0	0	0	0	340 	472 	0	0	0	0	0	0	0	0	0	0	0	0		//	-16	-23				-39	-7.8	-5	78
	50162	0	0	[전용]죽음의클로리스_지팡이	45911	1	FFFF00	30009	46696	928	928	2928	39999	0	10	0	10	0	Null	0	Null	0	1	0	0	24	71	408600	1	26936	26936	1	0	1	263	120	0	1	78	0	0	0	0	0	0	0	0	0	0	0.8 	95 	0	0	1	1	4	2.5	0	0	0	0	0	0	0	0	0	0	0	0	1	0	0	0	0	0	1	42	1	1500	1	30	1	700	1	75	2	-25	0	0	0	0	1	41	1	1	0	0	0	0	0	0	0	0	0	0	0	0	0	0	0	0	0	0	0	0	0	0	0	0	0	1	0	0	0	0	0	0	0	0	0	0	0	0	0	0	0	0	0	0	0	0	0	0	0	0	0	0	0	0	0	0	0	0	0	0	530 	576 	0	0	0	0	0	0	0	0	0	0	0	0		//				-25	-22	-47	-9.4	-7	78
	50163	0	0	[전용]죽음의클로리스_오브	45911	1	FFFF00	30010	46696	929	929	2929	39999	0	11	0	11	0	Null	0	Null	0	1	0	0	24	71	343080	1	26936	26936	1	0	1	263	120	0	1	78	0	0	0	0	0	0	0	0	0	0	0.8 	100 	0	0	2	2	4	13	0	0	0	0	0	0	0	0	0	0	0	0	1	0	0	0	0	0	1	42	1	1500	1	30	1	700	1	75	2	-25	1	34	2	-5	1	41	1	1	0	0	0	0	0	0	0	0	0	0	0	0	0	0	0	0	0	0	0	0	0	0	0	0	0	1	0	0	0	0	0	0	0	0	0	0	0	0	0	0	0	0	0	0	0	0	0	0	0	0	0	0	0	0	0	0	0	0	0	0	426 	458 	0	0	0	0	0	0	0	0	0	0	0	0		//				-25	-22	-47	-9.4	-7	78
	50164	0	0	[전용]탐욕의야누비스_대거	45912	1	FFFF00	31156	46696	930	930	2930	39999	0	5	0	5	0	Null	0	Null	0	1	0	0	24	88	182520	1	26936	26936	1	0	1	263	120	0	1	78	0	0	0	0	0	0	0	0	0	0	0.8 	140 	0	0	1	1	1	2.5	0	0	0	0	0	0	0	0	0	0	1	0	0	0	0	0	0	0	1	42	1	1500	1	30	1	700	1	75	2	-25	0	0	0	0	1	41	1	2	0	0	0	0	0	0	0	0	0	0	0	0	0	0	0	0	0	0	0	0	0	0	0	0	0	1	0	0	0	0	0	0	0	0	0	0	0	0	0	0	0	0	0	0	0	0	0	0	0	0	0	0	0	0	0	0	0	0	0	0	361 	408 	0	0	0	0	0	0	0	0	0	0	0	0		//	-19			-18		-37	-7.4	-5	78
	50165	0	0	[전용]탐욕의야누비스_채찍검	45912	1	FFFF00	31157	46696	931	931	2931	39999	0	6	0	6	0	Null	0	Null	0	1	0	0	24	88	281730	1	26936	26936	1	0	1	263	120	0	1	78	0	0	0	0	0	0	0	0	0	0	0.8 	125 	0	0	1	1	1	3.5	0	0	0	0	0	0	0	0	0	0	1	0	0	0	0	0	0	0	1	42	1	1500	1	30	1	700	1	75	2	-25	0	0	0	0	1	41	1	3	0	0	0	0	0	0	0	0	0	0	0	0	0	0	0	0	0	0	0	0	0	0	0	0	0	1	0	0	0	0	0	0	0	0	0	0	0	0	0	0	0	0	0	0	0	0	0	0	0	0	0	0	0	0	0	0	0	0	0	0	376 	470 	0	0	0	0	0	0	0	0	0	0	0	0		//	-19			-18		-37	-7.4	-5	78
	50166	0	0	[전용]증오의헤카테_건틀렛	45913	1	FFFF00	30011	46696	959	959	2959	39999	0	14	0	14	0	Null	0	Null	0	1	0	0	24	89	619950	1	26936	26936	1	0	1	263	120	0	1	78	0	0	0	0	0	0	0	0	0	0	0.8 	135 	0	0	1	1	3	1	0	0	0	0	0	0	0	0	0	0	0	0	0	1	0	0	0	0	1	42	1	1500	1	30	1	700	1	75	2	-25	0	0	0	0	1	41	1	2	0	0	0	0	0	0	0	0	0	0	0	0	0	0	0	0	0	0	0	0	0	0	0	0	0	1	0	0	0	0	0	0	0	0	0	0	0	0	0	0	0	0	0	0	0	0	0	0	0	0	0	0	0	0	0	0	0	0	0	0	393 	453 	0	0	0	0	0	0	0	0	0	0	0	0		//		-21		-19		-40	-8	-6	78
	50167	0	0	[전용]증오의헤카테_에테르사이드	45913	1	FFFF00	30012	46696	980	980	2980	39999	0	15	0	15	0	Null	0	Null	0	1	0	0	24	89	400020	1	26936	26936	1	0	1	263	120	0	1	78	0	0	0	0	0	0	0	0	0	0	0.8 	120 	0	0	1	1	1	2	0	0	0	0	0	0	0	0	0	0	0	0	0	1	0	0	0	0	1	42	1	1500	1	30	1	700	1	75	2	-25	0	0	0	0	1	41	1	3	0	0	0	0	0	0	0	0	0	0	0	0	0	0	0	0	0	0	0	0	0	0	0	0	0	1	0	0	0	0	0	0	0	0	0	0	0	0	0	0	0	0	0	0	0	0	0	0	0	0	0	0	0	0	0	0	0	0	0	0	374 	529 	0	0	0	0	0	0	0	0	0	0	0	0		//		-21		-19		-40	-8	-6	78
	50168	0	0	[전용]분노의오시리스_에테르블래스터	45914	1	FFFF00	30013	46696	1074	1074	3084	39999	0	16	0	16	0	Null	0	Null	0	1	0	0	24	100	619950	1	26936	26936	1	0	1	263	120	0	1	78	0	0	0	0	0	0	0	0	0	0	0.8 	115 	0	0	1	1	3	1.5	0	0	0	0	0	0	0	0	0	0	0	0	0	0	1	0	0	0	1	42	1	1500	1	30	1	700	1	75	2	-25	0	0	0	0	1	41	1	4	0	0	0	0	0	0	0	0	0	0	0	0	0	0	0	0	0	0	0	0	0	0	0	0	0	1	0	0	0	0	0	0	0	0	0	0	0	0	0	0	0	0	0	0	0	0	0	0	0	0	0	0	0	0	0	0	0	0	0	0	416 	531 	0	0	0	0	0	0	0	0	0	0	0	0		//			-27		-20	-47	-9.4	-7	78
//		국내_1402_엘리트2.5차강화이벤트																																																																							0	0																																																																																																	//									
	50169	0	0	불안정한_메르카바의_양손도끼	36743	1	FFFF00	30001	36750	986	986	2996	39999	0	1	0	1	0	Null	0	Null	0	1	0	0	28	111	619950	1	96200	96200	1	0	1	263	255	0	1	99	0	0	0	0	0	0	0 	0 	0 	0 	0.8 	105 	0	0	1	1	3	1.5 	0	0	0	0	0	0	0	0	1	0	0	0	0	0	0	0	0	0	0	0	0	0	0	0	0	0	0	0	0	0	0	0	0	0	0	0	0	0	0	0	0	0	0	0	0	0	0	0	0	0	0	0	0	0	0	0	0	0	0	0	0	0	0	1	0	0	0	0	0	0	0	0	0	0	0	0	0	0	0	0	0	0	0	0	0	0	0	0	0	0	0	0	0	0	0	0	0	0	1 	2 	0	0	0	0	0	0	0	0	0	0	0	0		//	-26		-27			-53	-10.6	-8	99
	50170	0	0	불안정한_메르카바의_양손검	36743	1	FFFF00	30002	36750	987	987	2997	39999	0	2	0	2	0	Null	0	Null	0	1	0	0	28	111	400020	1	96200	96200	1	0	1	263	255	0	1	99	0	0	0	0	0	0	0 	0 	0 	0 	0.8 	115 	0	0	1	1	1	1.8 	0	0	0	0	0	0	0	0	1	0	0	0	0	0	0	0	0	0	0	0	0	0	0	0	0	0	0	0	0	0	0	0	0	0	0	0	0	0	0	0	0	0	0	0	0	0	0	0	0	0	0	0	0	0	0	0	0	0	0	0	0	0	0	1	0	0	0	0	0	0	0	0	0	0	0	0	0	0	0	0	0	0	0	0	0	0	0	0	0	0	0	0	0	0	0	0	0	0	1 	2 	0	0	0	0	0	0	0	0	0	0	0	0		//	-26		-27			-53	-10.6	-8	99
	50171	0	0	불안정한_이슈타르의_한손검	36744	1	FFFF00	30003	36750	988	988	2998	39999	0	3	0	3	0	Null	0	Null	0	1	0	0	28	99	182520	1	96200	96200	1	0	1	263	255	0	1	99	0	0	0	0	0	0	0 	0 	0 	0 	0.8 	135 	0	0	1	1	1	1	0	0	0	0	0	0	0	0	0	1	0	0	0	0	0	0	0	0	0	0	0	0	0	0	0	0	0	0	0	0	0	0	0	0	0	0	0	0	0	0	0	0	0	0	0	0	0	0	0	0	0	0	0	0	0	0	0	0	0	0	0	0	0	1	0	0	0	0	0	0	0	0	0	0	0	0	0	0	0	0	0	0	0	0	0	0	0	0	0	0	0	0	0	0	0	0	0	0	1 	2 	0	0	0	0	0	0	0	0	0	0	0	0		//	-22	-20				-42	-8.4	-6	99
	50172	0	0	불안정한_이슈타르의_창	36744	1	FFFF00	30004	36750	989	989	2999	39999	0	4	0	4	0	Null	0	Null	0	1	0	0	28	99	281730	1	96200	96200	1	0	1	263	255	0	1	99	0	0	0	0	0	0	0 	0 	0 	0 	0.8 	120 	0	0	1	1	1	2.5	0	0	0	0	0	0	0	0	0	1	0	0	0	0	0	0	0	0	0	0	0	0	0	0	0	0	0	0	0	0	0	0	0	0	0	0	0	0	0	0	0	0	0	0	0	0	0	0	0	0	0	0	0	0	0	0	0	0	0	0	0	0	0	1	0	0	0	0	0	0	0	0	0	0	0	0	0	0	0	0	0	0	0	0	0	0	0	0	0	0	0	0	0	0	0	0	0	0	1 	2 	0	0	0	0	0	0	0	0	0	0	0	0		//	-22	-20				-42	-8.4	-6	99
	50173	0	0	불안정한_카르시스의_한손석궁	36745	1	FFFF00	30007	36750	990	990	3000	39999	0	7	0	7	0	Null	0	Null	0	1	0	0	28	88	219630	1	96200	96200	1	0	1	263	255	0	1	99	0	0	0	0	0	0	0 	0 	0 	0 	0.8 	150 	0	0	2	2	2	19.0 	0	0	0	0	0	0	0	0	0	0	0	1	0	0	0	0	0	0	0	0	0	0	0	0	0	0	0	0	0	0	0	0	0	0	0	0	0	0	0	0	0	0	0	0	0	0	0	0	0	0	0	0	0	0	0	0	0	0	0	0	0	0	0	1	0	0	0	0	0	0	0	0	0	0	0	0	0	0	0	0	0	0	0	0	0	0	0	0	0	0	0	0	0	0	0	0	0	0	1 	2 	0	0	0	0	0	0	0	0	0	0	0	0		//	-16	-23				-39	-7.8	-5	99
	50174	0	0	불안정한_카르시스의_에테르웨폰	36745	1	FFFF00	30008	36750	991	991	3001	39999	0	8	0	8	0	Null	0	Null	0	1	0	0	28	88	543750	1	96200	96200	1	0	1	263	255	0	1	99	0	0	0	0	0	0	0 	0 	0 	0 	0.8 	105 	0	0	2	2	2	16	0	0	0	0	0	0	0	0	0	0	0	1	0	0	0	0	0	0	0	0	0	0	0	0	0	0	0	0	0	0	0	0	0	0	0	0	0	0	0	0	0	0	0	0	0	0	0	0	0	0	0	0	0	0	0	0	0	0	0	0	0	0	0	1	0	0	0	0	0	0	0	0	0	0	0	0	0	0	0	0	0	0	0	0	0	0	0	0	0	0	0	0	0	0	0	0	0	0	1 	2 	0	0	0	0	0	0	0	0	0	0	0	0		//	-16	-23				-39	-7.8	-5	99
	50175	0	0	불안정한_미라크의_지팡이	36746	1	FFFF00	30009	36750	992	992	3002	39999	0	10	0	10	0	Null	0	Null	0	1	0	0	28	79	408600	1	96200	96200	1	0	1	263	255	0	1	99	0	0	0	0	0	0	0 	0 	0 	0 	0.8 	95 	0	0	1	1	4	2.5	0	0	0	0	0	0	0	0	0	0	0	0	1	0	0	0	0	0	0	0	0	0	0	0	0	0	0	0	0	0	0	0	0	0	0	0	0	0	0	0	0	0	0	0	0	0	0	0	0	0	0	0	0	0	0	0	0	0	0	0	0	0	0	1	0	0	0	0	0	0	0	0	0	0	0	0	0	0	0	0	0	0	0	0	0	0	0	0	0	0	0	0	0	0	0	0	0	0	1 	2 	0	0	0	0	0	0	0	0	0	0	0	0		//				-25	-22	-47	-9.4	-7	99
	50176	0	0	불안정한_미라크의_오브	36746	1	FFFF00	30010	36750	993	993	3003	39999	0	11	0	11	0	Null	0	Null	0	1	0	0	28	79	343080	1	96200	96200	1	0	1	263	255	0	1	99	0	0	0	0	0	0	0 	0 	0 	0 	0.8 	100 	0	0	2	2	4	13	0	0	0	0	0	0	0	0	0	0	0	0	1	0	0	0	0	0	0	0	0	0	0	0	0	0	0	0	0	0	0	0	0	0	0	0	0	0	0	0	0	0	0	0	0	0	0	0	0	0	0	0	0	0	0	0	0	0	0	0	0	0	0	1	0	0	0	0	0	0	0	0	0	0	0	0	0	0	0	0	0	0	0	0	0	0	0	0	0	0	0	0	0	0	0	0	0	0	1 	2 	0	0	0	0	0	0	0	0	0	0	0	0		//				-25	-22	-47	-9.4	-7	99
	50177	0	0	불안정한_지브릴의_대거	36747	1	FFFF00	31156	36750	994	994	3004	39999	0	5	0	5	0	Null	0	Null	0	1	0	0	28	98	182520	1	96200	96200	1	0	1	263	255	0	1	99	0	0	0	0	0	0	0 	0 	0 	0 	0.8 	140 	0	0	1	1	1	2.5	0	0	0	0	0	0	0	0	0	0	1	0	0	0	0	0	0	0	0	0	0	0	0	0	0	0	0	0	0	0	0	0	0	0	0	0	0	0	0	0	0	0	0	0	0	0	0	0	0	0	0	0	0	0	0	0	0	0	0	0	0	0	0	1	0	0	0	0	0	0	0	0	0	0	0	0	0	0	0	0	0	0	0	0	0	0	0	0	0	0	0	0	0	0	0	0	0	0	1 	2 	0	0	0	0	0	0	0	0	0	0	0	0		//	-19			-18		-37	-7.4	-5	99
	50178	0	0	불안정한_지브릴의_채찍검	36747	1	FFFF00	31157	36750	995	995	3005	39999	0	6	0	6	0	Null	0	Null	0	1	0	0	28	98	281730	1	96200	96200	1	0	1	263	255	0	1	99	0	0	0	0	0	0	0 	0 	0 	0 	0.8 	125 	0	0	1	1	1	3.5	0	0	0	0	0	0	0	0	0	0	1	0	0	0	0	0	0	0	0	0	0	0	0	0	0	0	0	0	0	0	0	0	0	0	0	0	0	0	0	0	0	0	0	0	0	0	0	0	0	0	0	0	0	0	0	0	0	0	0	0	0	0	0	1	0	0	0	0	0	0	0	0	0	0	0	0	0	0	0	0	0	0	0	0	0	0	0	0	0	0	0	0	0	0	0	0	0	0	1 	2 	0	0	0	0	0	0	0	0	0	0	0	0		//	-19			-18		-37	-7.4	-5	99
	50179	0	0	불안정한_핀디아스의_건틀렛	36748	1	FFFF00	30011	36750	996	996	3006	39999	0	14	0	14	0	Null	0	Null	0	1	0	0	28	99	619950	1	96200	96200	1	0	1	263	255	0	1	99	0	0	0	0	0	0	0	0	0	0	0.8 	135 	0	0	1	1	3	1	0	0	0	0	0	0	0	0	0	0	0	0	0	1	0	0	0	0	0	0	0	0	0	0	0	0	0	0	0	0	0	0	0	0	0	0	0	0	0	0	0	0	0	0	0	0	0	0	0	0	0	0	0	0	0	0	0	0	0	0	0	0	0	1	0	0	0	0	0	0	0	0	0	0	0	0	0	0	0	0	0	0	0	0	0	0	0	0	0	0	0	0	0	0	0	0	0	0	1 	2 	0	0	0	0	0	0	0	0	0	0	0	0		//		-21		-19		-40	-8	-6	99
	50180	0	0	불안정한_핀디아스의_에테르사이드	36748	1	FFFF00	30012	36750	997	997	3007	39999	0	15	0	15	0	Null	0	Null	0	1	0	0	28	99	400020	1	96200	96200	1	0	1	263	255	0	1	99	0	0	0	0	0	0	0	0	0	0	0.8 	120 	0	0	1	1	1	2	0	0	0	0	0	0	0	0	0	0	0	0	0	1	0	0	0	0	0	0	0	0	0	0	0	0	0	0	0	0	0	0	0	0	0	0	0	0	0	0	0	0	0	0	0	0	0	0	0	0	0	0	0	0	0	0	0	0	0	0	0	0	0	1	0	0	0	0	0	0	0	0	0	0	0	0	0	0	0	0	0	0	0	0	0	0	0	0	0	0	0	0	0	0	0	0	0	0	1 	2 	0	0	0	0	0	0	0	0	0	0	0	0		//		-21		-19		-40	-8	-6	99
	50181	0	0	불안정한_마르두크의_에테르블래스터	36749	1	FFFF00	30013	36750	1076	1076	3086	39999	0	16	0	16	0	Null	0	Null	0	1	0	0	28	110	619950	1	96200	96200	1	0	1	263	255	0	1	99	0	0	0	0	0	0	0	0	0	0	0.8 	115 	0	0	1	1	3	1.5	0	0	0	0	0	0	0	0	0	0	0	0	0	0	1	0	0	0	0	0	0	0	0	0	0	0	0	0	0	0	0	0	0	0	0	0	0	0	0	0	0	0	0	0	0	0	0	0	0	0	0	0	0	0	0	0	0	0	0	0	0	0	0	1	0	0	0	0	0	0	0	0	0	0	0	0	0	0	0	0	0	0	0	0	0	0	0	0	0	0	0	0	0	0	0	0	0	0	1 	2 	0	0	0	0	0	0	0	0	0	0	0	0		//			-27		-20	-47	-9.4	-7	99
//		국내_1402_빛의시련몬스터무기																																																																								0																																																																																																	//									
	50182	0	0	빛의시련엘리트2양손도끼	36743	1	FFFF00	30001	36750	32906	0	2996	39999	0	1	0	1	0	Null	0	Null	0	1	0	0	28	111	619950	1	96200	96200	1	0	1	263	255	0	1	99	0	0	0	0	0	0	0	0	0	0	0.8 	105 	0	0	1	1	3	1.5	0	0	0	0	0	0	0	0	1	0	0	0	0	0	0	0	0	0	0	0	0	0	0	0	0	0	0	0	0	0	0	0	0	0	0	0	0	0	0	0	0	0	0	0	0	0	0	0	0	0	0	0	0	0	0	0	0	0	0	0	0	0	0	1	0	0	0	0	0	0	0	0	0	0	0	0	0	0	0	0	0	0	0	0	0	0	0	0	0	0	0	0	0	0	0	0	0	0	1 	2 	0	0	0	0	0	0	0	0	0	0	0	0		//	-26		-27			-53	-10.6	-8	99
	50183	0	0	빛의시련엘리트3양손도끼	36743	1	FFFF00	30001	36750	32907	0	2996	39999	0	1	0	1	0	Null	0	Null	0	1	0	0	28	111	619950	1	96200	96200	1	0	1	263	255	0	1	99	0	0	0	0	0	0	0	0	0	0	0.8 	105 	0	0	1	1	3	1.5	0	0	0	0	0	0	0	0	1	0	0	0	0	0	0	0	0	0	0	0	0	0	0	0	0	0	0	0	0	0	0	0	0	0	0	0	0	0	0	0	0	0	0	0	0	0	0	0	0	0	0	0	0	0	0	0	0	0	0	0	0	0	0	1	0	0	0	0	0	0	0	0	0	0	0	0	0	0	0	0	0	0	0	0	0	0	0	0	0	0	0	0	0	0	0	0	0	0	1 	2 	0	0	0	0	0	0	0	0	0	0	0	0		//	-26		-27			-53	-10.6	-8	99
	50184	0	0	빛의시련엘리트2창	36744	1	FFFF00	30004	36750	32908	0	2999	39999	0	4	0	4	0	Null	0	Null	0	1	0	0	28	99	281730	1	96200	96200	1	0	1	263	255	0	1	99	0	0	0	0	0	0	0	0	0	0	0.8 	120 	0	0	1	1	1	2.5	0	0	0	0	0	0	0	0	0	1	0	0	0	0	0	0	0	0	0	0	0	0	0	0	0	0	0	0	0	0	0	0	0	0	0	0	0	0	0	0	0	0	0	0	0	0	0	0	0	0	0	0	0	0	0	0	0	0	0	0	0	0	0	1	0	0	0	0	0	0	0	0	0	0	0	0	0	0	0	0	0	0	0	0	0	0	0	0	0	0	0	0	0	0	0	0	0	0	1 	2 	0	0	0	0	0	0	0	0	0	0	0	0		//	-22	-20				-42	-8.4	-6	99
	50185	0	0	빛의시련엘리트3창	36744	1	FFFF00	30004	36750	32909	0	2999	39999	0	4	0	4	0	Null	0	Null	0	1	0	0	28	99	281730	1	96200	96200	1	0	1	263	255	0	1	99	0	0	0	0	0	0	0	0	0	0	0.8 	120 	0	0	1	1	1	2.5	0	0	0	0	0	0	0	0	0	1	0	0	0	0	0	0	0	0	0	0	0	0	0	0	0	0	0	0	0	0	0	0	0	0	0	0	0	0	0	0	0	0	0	0	0	0	0	0	0	0	0	0	0	0	0	0	0	0	0	0	0	0	0	1	0	0	0	0	0	0	0	0	0	0	0	0	0	0	0	0	0	0	0	0	0	0	0	0	0	0	0	0	0	0	0	0	0	0	1 	2 	0	0	0	0	0	0	0	0	0	0	0	0		//	-22	-20				-42	-8.4	-6	99
	50186	0	0	빛의시련엘리트2에테르웨폰	36745	1	FFFF00	30008	36750	0	32910	3001	39999	0	8	0	8	0	Null	0	Null	0	1	0	0	28	88	543750	1	96200	96200	1	0	1	263	255	0	1	99	0	0	0	0	0	0	0	0	0	0	0.8 	105 	0	0	2	2	2	16	0	0	0	0	0	0	0	0	0	0	0	1	0	0	0	0	0	0	0	0	0	0	0	0	0	0	0	0	0	0	0	0	0	0	0	0	0	0	0	0	0	0	0	0	0	0	0	0	0	0	0	0	0	0	0	0	0	0	0	0	0	0	0	1	0	0	0	0	0	0	0	0	0	0	0	0	0	0	0	0	0	0	0	0	0	0	0	0	0	0	0	0	0	0	0	0	0	0	1 	2 	0	0	0	0	0	0	0	0	0	0	0	0		//	-16	-23				-39	-7.8	-5	99
	50187	0	0	빛의시련엘리트3에테르웨폰	36745	1	FFFF00	30008	36750	0	32911	3001	39999	0	8	0	8	0	Null	0	Null	0	1	0	0	28	88	543750	1	96200	96200	1	0	1	263	255	0	1	99	0	0	0	0	0	0	0	0	0	0	0.8 	105 	0	0	2	2	2	16	0	0	0	0	0	0	0	0	0	0	0	1	0	0	0	0	0	0	0	0	0	0	0	0	0	0	0	0	0	0	0	0	0	0	0	0	0	0	0	0	0	0	0	0	0	0	0	0	0	0	0	0	0	0	0	0	0	0	0	0	0	0	0	1	0	0	0	0	0	0	0	0	0	0	0	0	0	0	0	0	0	0	0	0	0	0	0	0	0	0	0	0	0	0	0	0	0	0	1 	2 	0	0	0	0	0	0	0	0	0	0	0	0		//	-16	-23				-39	-7.8	-5	99
	50188	0	0	빛의시련엘리트2지팡이	36746	1	FFFF00	30009	36750	0	32912	3002	39999	0	10	0	10	0	Null	0	Null	0	1	0	0	28	79	408600	1	96200	96200	1	0	1	263	255	0	1	99	0	0	0	0	0	0	0	0	0	0	0.8 	95 	0	0	1	1	4	2.5	0	0	0	0	0	0	0	0	0	0	0	0	1	0	0	0	0	0	0	0	0	0	0	0	0	0	0	0	0	0	0	0	0	0	0	0	0	0	0	0	0	0	0	0	0	0	0	0	0	0	0	0	0	0	0	0	0	0	0	0	0	0	0	1	0	0	0	0	0	0	0	0	0	0	0	0	0	0	0	0	0	0	0	0	0	0	0	0	0	0	0	0	0	0	0	0	0	0	1 	2 	0	0	0	0	0	0	0	0	0	0	0	0		//				-25	-22	-47	-9.4	-7	99
	50189	0	0	빛의시련엘리트3지팡이	36746	1	FFFF00	30009	36750	0	32913	3002	39999	0	10	0	10	0	Null	0	Null	0	1	0	0	28	79	408600	1	96200	96200	1	0	1	263	255	0	1	99	0	0	0	0	0	0	0	0	0	0	0.8 	95 	0	0	1	1	4	2.5	0	0	0	0	0	0	0	0	0	0	0	0	1	0	0	0	0	0	0	0	0	0	0	0	0	0	0	0	0	0	0	0	0	0	0	0	0	0	0	0	0	0	0	0	0	0	0	0	0	0	0	0	0	0	0	0	0	0	0	0	0	0	0	1	0	0	0	0	0	0	0	0	0	0	0	0	0	0	0	0	0	0	0	0	0	0	0	0	0	0	0	0	0	0	0	0	0	0	1 	2 	0	0	0	0	0	0	0	0	0	0	0	0		//				-25	-22	-47	-9.4	-7	99
	50190	0	0	빛의시련엘리트2대거	36747	1	FFFF00	31156	36750	32914	0	3004	39999	0	5	0	5	0	Null	0	Null	0	1	0	0	28	98	182520	1	96200	96200	1	0	1	263	255	0	1	99	0	0	0	0	0	0	0	0	0	0	0.8 	140 	0	0	1	1	1	2.5	0	0	0	0	0	0	0	0	0	0	1	0	0	0	0	0	0	0	0	0	0	0	0	0	0	0	0	0	0	0	0	0	0	0	0	0	0	0	0	0	0	0	0	0	0	0	0	0	0	0	0	0	0	0	0	0	0	0	0	0	0	0	0	1	0	0	0	0	0	0	0	0	0	0	0	0	0	0	0	0	0	0	0	0	0	0	0	0	0	0	0	0	0	0	0	0	0	0	1 	2 	0	0	0	0	0	0	0	0	0	0	0	0		//	-19			-18		-37	-7.4	-5	99
	50191	0	0	빛의시련엘리트3대거	36747	1	FFFF00	31156	36750	32915	0	3004	39999	0	5	0	5	0	Null	0	Null	0	1	0	0	28	98	182520	1	96200	96200	1	0	1	263	255	0	1	99	0	0	0	0	0	0	0	0	0	0	0.8 	140 	0	0	1	1	1	2.5	0	0	0	0	0	0	0	0	0	0	1	0	0	0	0	0	0	0	0	0	0	0	0	0	0	0	0	0	0	0	0	0	0	0	0	0	0	0	0	0	0	0	0	0	0	0	0	0	0	0	0	0	0	0	0	0	0	0	0	0	0	0	0	1	0	0	0	0	0	0	0	0	0	0	0	0	0	0	0	0	0	0	0	0	0	0	0	0	0	0	0	0	0	0	0	0	0	0	1 	2 	0	0	0	0	0	0	0	0	0	0	0	0		//	-19			-18		-37	-7.4	-5	99
	50192	0	0	빛의시련엘리트2건틀렛	36748	1	FFFF00	30011	36750	0	32916	3006	39999	0	14	0	14	0	Null	0	Null	0	1	0	0	28	99	619950	1	96200	96200	1	0	1	263	255	0	1	99	0	0	0	0	0	0	0	0	0	0	0.8 	135 	0	0	1	1	3	1	0	0	0	0	0	0	0	0	0	0	0	0	0	1	0	0	0	0	0	0	0	0	0	0	0	0	0	0	0	0	0	0	0	0	0	0	0	0	0	0	0	0	0	0	0	0	0	0	0	0	0	0	0	0	0	0	0	0	0	0	0	0	0	1	0	0	0	0	0	0	0	0	0	0	0	0	0	0	0	0	0	0	0	0	0	0	0	0	0	0	0	0	0	0	0	0	0	0	1 	2 	0	0	0	0	0	0	0	0	0	0	0	0		//		-21		-19		-40	-8	-6	99
	50193	0	0	빛의시련엘리트3건틀렛	36748	1	FFFF00	30011	36750	0	32917	3006	39999	0	14	0	14	0	Null	0	Null	0	1	0	0	28	99	619950	1	96200	96200	1	0	1	263	255	0	1	99	0	0	0	0	0	0	0	0	0	0	0.8 	135 	0	0	1	1	3	1	0	0	0	0	0	0	0	0	0	0	0	0	0	1	0	0	0	0	0	0	0	0	0	0	0	0	0	0	0	0	0	0	0	0	0	0	0	0	0	0	0	0	0	0	0	0	0	0	0	0	0	0	0	0	0	0	0	0	0	0	0	0	0	1	0	0	0	0	0	0	0	0	0	0	0	0	0	0	0	0	0	0	0	0	0	0	0	0	0	0	0	0	0	0	0	0	0	0	1 	2 	0	0	0	0	0	0	0	0	0	0	0	0		//		-21		-19		-40	-8	-6	99
	50194	0	0	빛의시련엘리트2에테르블래스터	36749	1	FFFF00	30013	36750	32918	0	3086	39999	0	16	0	16	0	Null	0	Null	0	1	0	0	28	110	619950	1	96200	96200	1	0	1	263	255	0	1	99	0	0	0	0	0	0	0	0	0	0	0.8 	115 	0	0	1	1	3	1.5	0	0	0	0	0	0	0	0	0	0	0	0	0	0	1	0	0	0	0	0	0	0	0	0	0	0	0	0	0	0	0	0	0	0	0	0	0	0	0	0	0	0	0	0	0	0	0	0	0	0	0	0	0	0	0	0	0	0	0	0	0	0	0	1	0	0	0	0	0	0	0	0	0	0	0	0	0	0	0	0	0	0	0	0	0	0	0	0	0	0	0	0	0	0	0	0	0	0	1 	2 	0	0	0	0	0	0	0	0	0	0	0	0		//			-27		-20	-47	-9.4	-7	99
	50195	0	0	빛의시련엘리트3에테르블래스터	36749	1	FFFF00	30013	36750	32919	0	3086	39999	0	16	0	16	0	Null	0	Null	0	1	0	0	28	110	619950	1	96200	96200	1	0	1	263	255	0	1	99	0	0	0	0	0	0	0	0	0	0	0.8 	115 	0	0	1	1	3	1.5	0	0	0	0	0	0	0	0	0	0	0	0	0	0	1	0	0	0	0	0	0	0	0	0	0	0	0	0	0	0	0	0	0	0	0	0	0	0	0	0	0	0	0	0	0	0	0	0	0	0	0	0	0	0	0	0	0	0	0	0	0	0	0	1	0	0	0	0	0	0	0	0	0	0	0	0	0	0	0	0	0	0	0	0	0	0	0	0	0	0	0	0	0	0	0	0	0	0	1 	2 	0	0	0	0	0	0	0	0	0	0	0	0		//			-27		-20	-47	-9.4	-7	99
//		[ID50300~]_일본복권용최강아이템																																			0	0																																	0	0	0	0																																																											0																																				0		//									
	50300	0	0	일본복권용최강_양손도끼	30371	0	0	30001	0	11945	11945	2016	39999	0	1	0	1	0	Null	0	Null	0	0	0	0	21	95	619950	1	21645	21645	0	0	1	2	121	0	0	30	0	0	0	0	0	0	0	0	378 	535 	0.8 	105 	0	0	1	1	3	1.5 	0	0	0	0	0	0	0	0	1	0	0	0	0	0	0	0	0	0	0	0	0	0	0	0	0	0	0	0	0	0	0	0	0	0	1	41	1	3	0	0	0	0	0	0	0	0	0	0	0	0	0	0	0	0	0	0	0	0	0	0	0	0	0	1	0	0	0	0	0	0	0	0	0	0	0	0	0	0	0	0	0	0	0	0	0	0	0	0	0	0	0	0	0	0	0	0	0	0	0	0	0	0	0	0	0	0	0	0	0	0	0	0		//									
	50301	0	0	일본복권용최강_양손검	30372	0	0	30002	0	11944	11944	2116	39999	0	2	0	2	0	Null	0	Null	0	0	0	0	21	95	400020	1	21645	21645	0	0	1	2	121	0	0	30	0	0	0	0	0	0	0	0	409 	523 	0.8 	115 	0	0	1	1	1	1.8	0	0	0	0	0	0	0	0	1	0	0	0	0	0	0	0	0	0	0	0	0	0	0	0	0	0	0	0	0	0	0	0	0	0	1	41	1	5	0	0	0	0	0	0	0	0	0	0	0	0	0	0	0	0	0	0	0	0	0	0	0	0	0	1	0	0	0	0	0	0	0	0	0	0	0	0	0	0	0	0	0	0	0	0	0	0	0	0	0	0	0	0	0	0	0	0	0	0	0	0	0	0	0	0	0	0	0	0	0	0	0	0		//									
	50302	0	0	일본복권용최강_한손검	30373	0	0	30003	0	11947	11947	2216	39999	0	3	0	3	0	Null	0	Null	0	0	0	0	21	84	182520	1	21645	21645	0	0	1	2	121	0	0	30	0	0	0	0	0	0	0	0	297 	344 	0.8 	135 	0	0	1	1	1	1	0	0	0	0	0	0	0	0	0	1	0	0	0	0	0	0	0	0	0	0	0	0	0	0	0	0	0	0	0	0	0	0	0	0	1	41	1	2	0	0	0	0	0	0	0	0	0	0	0	0	0	0	0	0	0	0	0	0	0	0	0	0	0	1	0	0	0	0	0	0	0	0	0	0	0	0	0	0	0	0	0	0	0	0	0	0	0	0	0	0	0	0	0	0	0	0	0	0	0	0	0	0	0	0	0	0	0	0	0	0	0	0		//									
	50303	0	0	일본복권용최강_창	30374	0	0	30004	0	11946	11946	2316	39999	0	4	0	4	0	Null	0	Null	0	0	0	0	21	84	281730	1	21645	21645	0	0	1	2	121	0	0	30	0	0	0	0	0	0	0	0	328 	401 	0.8 	120 	0	0	1	1	1	2.5	0	0	0	0	0	0	0	0	0	1	0	0	0	0	0	0	0	0	0	0	0	0	0	0	0	0	0	0	0	0	0	0	0	0	1	41	1	4	0	0	0	0	0	0	0	0	0	0	0	0	0	0	0	0	0	0	0	0	0	0	0	0	0	1	0	0	0	0	0	0	0	0	0	0	0	0	0	0	0	0	0	0	0	0	0	0	0	0	0	0	0	0	0	0	0	0	0	0	0	0	0	0	0	0	0	0	0	0	0	0	0	0		//									
	50304	0	0	일본복권용최강_한손석궁	30375	0	0	30007	0	11949	11949	2716	39999	0	7	0	7	0	Null	0	Null	0	0	0	0	21	75	219630	1	21645	21645	0	0	1	2	121	0	0	30	0	0	0	0	0	0	0	0	240 	289 	0.8 	150 	0	0	2	2	2	19	0	0	0	0	0	0	0	0	0	0	0	1	0	0	0	0	0	0	0	0	0	0	0	0	0	0	0	0	0	0	0	0	0	0	1	41	1	2	0	0	0	0	0	0	0	0	0	0	0	0	0	0	0	0	0	0	0	0	0	0	0	0	0	1	0	0	0	0	0	0	0	0	0	0	0	0	0	0	0	0	0	0	0	0	0	0	0	0	0	0	0	0	0	0	0	0	0	0	0	0	0	0	0	0	0	0	0	0	0	0	0	0		//									
	50305	0	0	일본복권용최강_에테르웨폰	30376	0	0	30008	0	11948	11948	2616	39999	0	8	0	8	0	Null	0	Null	0	0	0	0	21	75	543750	1	21645	21645	0	0	1	2	121	0	0	30	0	0	0	0	0	0	0	0	290 	404 	0.8 	105 	0	0	2	2	2	16	0	0	0	0	0	0	0	0	0	0	0	1	0	0	0	0	0	0	0	0	0	0	0	0	0	0	0	0	0	0	0	0	0	0	1	41	1	3	0	0	0	0	0	0	0	0	0	0	0	0	0	0	0	0	0	0	0	0	0	0	0	0	0	1	0	0	0	0	0	0	0	0	0	0	0	0	0	0	0	0	0	0	0	0	0	0	0	0	0	0	0	0	0	0	0	0	0	0	0	0	0	0	0	0	0	0	0	0	0	0	0	0		//									
	50306	0	0	일본복권용최강_지팡이	30377	0	0	30009	0	11951	11951	2816	39999	0	10	0	10	0	Null	0	Null	0	0	0	0	21	66	408600	1	21645	21645	0	0	1	2	121	0	0	30	0	0	0	0	0	0	0	0	452 	492 	0.8 	95 	0	0	1	1	4	2.5	0	135	149	0	0	0	0	0	0	0	0	0	1	0	0	0	0	0	0	0	0	0	0	0	0	0	0	0	0	0	0	0	0	0	1	41	1	1	0	0	0	0	0	0	0	0	0	0	0	0	0	0	0	0	0	0	0	0	0	0	0	0	0	1	0	0	0	0	0	0	0	0	0	0	0	0	0	0	0	0	0	0	0	0	0	0	0	0	0	0	0	0	0	0	0	0	0	0	0	0	0	0	0	0	0	0	0	0	0	0	0	0		//									
	50307	0	0	일본복권용최강_오브	30378	0	0	30010	0	11950	11950	2916	39999	0	11	0	11	0	Null	0	Null	0	0	0	0	21	66	343080	1	21645	21645	0	0	1	2	121	0	0	30	0	0	0	0	0	0	0	0	363 	392 	0.8 	100 	0	0	2	2	4	13	0	122	138	0	0	0	0	0	0	0	0	0	1	0	0	0	0	0	1	34	2	-5	0	0	0	0	0	0	0	0	0	0	0	0	1	41	1	1	0	0	0	0	0	0	0	0	0	0	0	0	0	0	0	0	0	0	0	0	0	0	0	0	0	1	0	0	0	0	0	0	0	0	0	0	0	0	0	0	0	0	0	0	0	0	0	0	0	0	0	0	0	0	0	0	0	0	0	0	0	0	0	0	0	0	0	0	0	0	0	0	0	0		//									
	50308	0	0	일본복권용최강_대거	30379	0	0	30005	0	11958	11958	2416	39999	0	5	0	5	0	Null	0	Null	0	0	0	0	21	84	182520	1	21645	21645	0	0	1	2	121	0	0	30	0	0	0	0	0	0	0	0	308 	348 	0.8 	140 	0	0	1	1	1	2.5	0	0	0	0	0	0	0	0	0	0	1	0	0	0	0	0	0	0	0	0	0	0	0	0	0	0	0	0	0	0	0	0	0	0	1	41	1	2	0	0	0	0	0	0	0	0	0	0	0	0	0	0	0	0	0	0	0	0	0	0	0	0	0	1	0	0	0	0	0	0	0	0	0	0	0	0	0	0	0	0	0	0	0	0	0	0	0	0	0	0	0	0	0	0	0	0	0	0	0	0	0	0	0	0	0	0	0	0	0	0	0	0		//									
	50309	0	0	일본복권용최강_채찍검	30380	0	0	30006	0	11957	11957	2516	39999	0	6	0	6	0	Null	0	Null	0	0	0	0	21	84	281730	1	21645	21645	0	0	1	2	121	0	0	30	0	0	0	0	0	0	0	0	321 	401 	0.8 	125 	0	0	1	1	1	3.5	0	0	0	0	0	0	0	0	0	0	1	0	0	0	0	0	0	0	0	0	0	0	0	0	0	0	0	0	0	0	0	0	0	0	1	41	1	3	0	0	0	0	0	0	0	0	0	0	0	0	0	0	0	0	0	0	0	0	0	0	0	0	0	1	0	0	0	0	0	0	0	0	0	0	0	0	0	0	0	0	0	0	0	0	0	0	0	0	0	0	0	0	0	0	0	0	0	0	0	0	0	0	0	0	0	0	0	0	0	0	0	0		//									
	50530	0	0	일본복권용최강_건틀렛	30368	0	0	30011	0	11979	11979	2957	39999	0	14	0	14	0	Null	0	Null	0	0	0	0	21	84	619950	1	21645	21645	0	0	1	2	121	0	0	30	0	0	0	0	0	0	0	0	334.4	387.55	0.8 	135 	0	0	1	1	3	1	0	0	0	0	0	0	0	0	0	0	0	0	0	1	0	0	0	0	0	0	0	0	0	0	0	0	0	0	0	0	0	0	0	0	1	41	1	2	0	0	0	0	0	0	0	0	0	0	0	0	0	0	0	0	0	0	0	0	0	0	0	0	0	1	0	0	0	0	0	0	0	0	0	0	0	0	0	0	0	0	0	0	0	0	0	0	0	0	0	0	0	0	0	0	0	0	0	0	0	0	0	0	0	0	0	0	0	0	0	0	0	0		//									
	50531	0	0	일본복권용최강_에테르사이드	30369	0	0	30012	0	11980	11980	2978	39999	0	15	0	15	0	Null	0	Null	0	0	0	0	21	84	400020	1	21645	21645	0	0	1	2	121	0	0	30	0	0	0	0	0	0	0	0	319	451.95	0.8 	120 	0	0	1	1	1	2	0	0	0	0	0	0	0	0	0	0	0	0	0	1	0	0	0	0	0	0	0	0	0	0	0	0	0	0	0	0	0	0	0	0	1	41	1	3	0	0	0	0	0	0	0	0	0	0	0	0	0	0	0	0	0	0	0	0	0	0	0	0	0	1	0	0	0	0	0	0	0	0	0	0	0	0	0	0	0	0	0	0	0	0	0	0	0	0	0	0	0	0	0	0	0	0	0	0	0	0	0	0	0	0	0	0	0	0	0	0	0	0		//									
	50532	0	0	일본복권용최강_에테르블래스터	30370	0	0	30013	0	11981	11981	3083	39999	0	16	0	16	0	Null	0	Null	0	0	0	0	21	94	619950	1	21645	21645	0	0	1	2	121	0	0	30	0	0	0	0	0	0	0	0	355.3	453.1	0.8 	115 	0	0	1	1	3	1.5	0	0	0	0	0	0	0	0	0	0	0	0	0	0	1	0	0	0	0	0	0	0	0	0	0	0	0	0	0	0	0	0	0	0	1	41	1	4	0	0	0	0	0	0	0	0	0	0	0	0	0	0	0	0	0	0	0	0	0	0	0	0	0	1	0	0	0	0	0	0	0	0	0	0	0	0	0	0	0	0	0	0	0	0	0	0	0	0	0	0	0	0	0	0	0	0	0	0	0	0	0	0	0	0	0	0	0	0	0	0	0	0		//									
	50603	0	0	일본복권용최강_아크블레이드	30367	0	0	30017	0	11986	11985	3101	39999	0	17	0	17	0	Null	0	Null	0	0	0	0	21	90	619950	1	21645	21645	0	0	1	2	121	0	0	30	0	0	0	0	0	0	0	0	290	365	0.8 	125 	0	0	1	1	3	2	0	0	0	0	0	0	0	0	0	0	0	0	0	0	0	1	0	0	0	0	0	0	0	0	0	0	0	0	0	0	0	0	0	0	1	41	1	4	0	0	0	0	0	0	0	0	0	0	0	0	0	0	0	0	0	0	0	0	0	0	0	0	0	1	0	0	0	0	0	0	0	0	0	0	0	0	0	0	0	0	0	0	0	0	0	0	0	0	0	0	0	0	0	0	0	0	0	0	0	0	0	0	0	0	0	0	0	0	0	0	0	0		//									
//		[ID50310~50319]_크리스마스이벤트_사탕무기																																				0																																	0	0	0	0																																																																																																	//									
	50310	0	0	버서커_사탕무기_양손도끼	40555	0	0	30001	0	7011	7011	25109	39999	0	1	0	1	0	Null	0	Null	0	0	0	0	1	100	15000	1	600	600	0	0	1	4	0	0	0	1	0	0	0	0	0	0	0	0	1	2	0.8 	105 	0	0	1	1	3	1.5 	0	0	0	0	0	0	0	0	1	0	0	0	0	0	0	0	0	0	0	0	0	0	0	0	0	0	0	0	0	0	0	0	0	0	1	41	1	3	0	0	0	0	0	0	0	0	0	0	0	0	0	0	0	0	0	0	0	0	0	0	0	0	0	1	0	0	0	0	0	0	0	0	0	0	0	0	0	0	0	0	0	0	0	0	0	0	0	0	0	0	0	0	0	0	0	0	0	0	0	0	0	0	0	0	0	0	0	0	0	0	0	0		//								2	1
	50311	0	0	버서커_사탕무기_양손검	40555	0	0	30002	0	7012	7012	25109	39999	0	2	0	2	0	Null	0	Null	0	0	0	0	1	100	15000	1	600	600	0	0	1	4	0	0	0	1	0	0	0	0	0	0	0	0	1	2	0.8 	115 	0	0	1	1	1	1.8	0	0	0	0	0	0	0	0	1	0	0	0	0	0	0	0	0	0	0	0	0	0	0	0	0	0	0	0	0	0	0	0	0	0	1	41	1	5	0	0	0	0	0	0	0	0	0	0	0	0	0	0	0	0	0	0	0	0	0	0	0	0	0	1	0	0	0	0	0	0	0	0	0	0	0	0	0	0	0	0	0	0	0	0	0	0	0	0	0	0	0	0	0	0	0	0	0	0	0	0	0	0	0	0	0	0	0	0	0	0	0	0		//								2	1
	50312	0	0	드래곤_사탕무기_한손검	40557	0	0	30003	0	7013	7013	25109	39999	0	3	0	3	0	Null	0	Null	0	0	0	0	1	100	15000	1	600	600	0	0	1	4	0	0	0	1	0	0	0	0	0	0	0	0	1	2	0.8 	135 	0	0	1	1	1	1	0	0	0	0	0	0	0	0	0	1	0	0	0	0	0	0	0	0	0	0	0	0	0	0	0	0	0	0	0	0	0	0	0	0	1	41	1	2	0	0	0	0	0	0	0	0	0	0	0	0	0	0	0	0	0	0	0	0	0	0	0	0	0	1	0	0	0	0	0	0	0	0	0	0	0	0	0	0	0	0	0	0	0	0	0	0	0	0	0	0	0	0	0	0	0	0	0	0	0	0	0	0	0	0	0	0	0	0	0	0	0	0		//								2	1
	50313	0	0	드래곤_사탕무기_창	40557	0	0	30004	0	7014	7014	25109	39999	0	4	0	4	0	Null	0	Null	0	0	0	0	1	100	15000	1	600	600	0	0	1	4	0	0	0	1	0	0	0	0	0	0	0	0	1	2	0.8 	120 	0	0	1	1	1	2.5	0	0	0	0	0	0	0	0	0	1	0	0	0	0	0	0	0	0	0	0	0	0	0	0	0	0	0	0	0	0	0	0	0	0	1	41	1	4	0	0	0	0	0	0	0	0	0	0	0	0	0	0	0	0	0	0	0	0	0	0	0	0	0	1	0	0	0	0	0	0	0	0	0	0	0	0	0	0	0	0	0	0	0	0	0	0	0	0	0	0	0	0	0	0	0	0	0	0	0	0	0	0	0	0	0	0	0	0	0	0	0	0		//								2	1
	50314	0	0	섀도우_사탕무기_대거	40559	0	0	30005	0	7015	7015	25109	39999	0	5	0	5	0	Null	0	Null	0	0	0	0	1	100	15000	1	600	600	0	0	1	4	0	0	0	1	0	0	0	0	0	0	0	0	1	2	0.8 	140 	0	0	1	1	1	2.5	0	0	0	0	0	0	0	0	0	0	1	0	0	0	0	0	0	0	0	0	0	0	0	0	0	0	0	0	0	0	0	0	0	0	1	41	1	2	0	0	0	0	0	0	0	0	0	0	0	0	0	0	0	0	0	0	0	0	0	0	0	0	0	1	0	0	0	0	0	0	0	0	0	0	0	0	0	0	0	0	0	0	0	0	0	0	0	0	0	0	0	0	0	0	0	0	0	0	0	0	0	0	0	0	0	0	0	0	0	0	0	0		//								2	1
	50315	0	0	섀도우_사탕무기_채찍	40559	0	0	30006	0	7016	7016	25109	39999	0	6	0	6	0	Null	0	Null	0	0	0	0	1	100	15000	1	600	600	0	0	1	4	0	0	0	1	0	0	0	0	0	0	0	0	1	2	0.8 	125 	0	0	1	1	1	3.5	0	0	0	0	0	0	0	0	0	0	1	0	0	0	0	0	0	0	0	0	0	0	0	0	0	0	0	0	0	0	0	0	0	0	1	41	1	3	0	0	0	0	0	0	0	0	0	0	0	0	0	0	0	0	0	0	0	0	0	0	0	0	0	1	0	0	0	0	0	0	0	0	0	0	0	0	0	0	0	0	0	0	0	0	0	0	0	0	0	0	0	0	0	0	0	0	0	0	0	0	0	0	0	0	0	0	0	0	0	0	0	0		//								2	1
	50316	0	0	발키리_사탕무기_한손석궁	40556	0	0	30007	0	7017	7017	25109	39999	0	7	0	7	0	Null	0	Null	0	0	0	0	1	100	15000	1	600	600	0	0	1	4	0	0	0	1	0	0	0	0	0	0	0	0	1	2	0.8 	150 	0	0	2	2	2	19	0	0	0	0	0	0	0	0	0	0	0	1	0	0	0	0	0	0	0	0	0	0	0	0	0	0	0	0	0	0	0	0	0	0	1	41	1	2	0	0	0	0	0	0	0	0	0	0	0	0	0	0	0	0	0	0	0	0	0	0	0	0	0	1	0	0	0	0	0	0	0	0	0	0	0	0	0	0	0	0	0	0	0	0	0	0	0	0	0	0	0	0	0	0	0	0	0	0	0	0	0	0	0	0	0	0	0	0	0	0	0	0		//								2	1
	50317	0	0	발키리_사탕무기_에테르웨폰	40556	0	0	30008	0	7018	7018	25109	39999	0	8	0	8	0	Null	0	Null	0	0	0	0	1	100	15000	1	600	600	0	0	1	4	0	0	0	1	0	0	0	0	0	0	0	0	1	2	0.8 	105 	0	0	2	2	2	16	0	0	0	0	0	0	0	0	0	0	0	1	0	0	0	0	0	0	0	0	0	0	0	0	0	0	0	0	0	0	0	0	0	0	1	41	1	3	0	0	0	0	0	0	0	0	0	0	0	0	0	0	0	0	0	0	0	0	0	0	0	0	0	1	0	0	0	0	0	0	0	0	0	0	0	0	0	0	0	0	0	0	0	0	0	0	0	0	0	0	0	0	0	0	0	0	0	0	0	0	0	0	0	0	0	0	0	0	0	0	0	0		//								2	1
	50318	0	0	엘리_사탕무기_지팡이	40558	0	0	30009	0	7019	7019	25109	39999	0	10	0	10	0	Null	0	Null	0	0	0	0	1	100	15000	1	600	600	0	0	1	4	0	0	0	1	0	0	0	0	0	0	0	0	1	2	0.8 	95 	0	0	1	1	4	2.5	0	1	2	0	0	0	0	0	0	0	0	0	1	0	0	0	0	0	0	0	0	0	0	0	0	0	0	0	0	0	0	0	0	0	1	41	1	1	0	0	0	0	0	0	0	0	0	0	0	0	0	0	0	0	0	0	0	0	0	0	0	0	0	1	0	0	0	0	0	0	0	0	0	0	0	0	0	0	0	0	0	0	0	0	0	0	0	0	0	0	0	0	0	0	0	0	0	0	0	0	0	0	0	0	0	0	0	0	0	0	0	0		//								2	1
	50319	0	0	엘리_사탕무기_오브	40558	0	0	30010	0	7020	7020	25109	39999	0	11	0	11	0	Null	0	Null	0	0	0	0	1	100	15000	1	600	600	0	0	1	4	0	0	0	1	0	0	0	0	0	0	0	0	1	2	0.8 	100 	0	0	2	2	4	13	0	1	2	0	0	0	0	0	0	0	0	0	1	0	0	0	0	0	1	34	2	-5	0	0	0	0	0	0	0	0	0	0	0	0	1	41	1	1	0	0	0	0	0	0	0	0	0	0	0	0	0	0	0	0	0	0	0	0	0	0	0	0	0	1	0	0	0	0	0	0	0	0	0	0	0	0	0	0	0	0	0	0	0	0	0	0	0	0	0	0	0	0	0	0	0	0	0	0	0	0	0	0	0	0	0	0	0	0	0	0	0	0		//								2	1
//		[ID50331~50340]_할로윈이벤트_호박무기																																				0																																	0	0	0	0																																																																																																	//									
	50331	0	0	버서커_호박무기무기_양손도끼	45559	0	0	30001	46553	7046	7046	28056	39999	0	1	0	1	0	Null	0	Null	0	0	0	0	1	100	15000	1	600	600	0	0	1	4	0	0	0	1	0	0	0	0	0	0	0	0	1	2	0.8 	105 	0	0	1	1	3	1.5 	0	0	0	0	0	0	0	0	1	0	0	0	0	0	0	0	0	0	0	0	0	0	0	0	0	0	0	0	0	0	0	0	0	0	1	41	1	3	0	0	0	0	0	0	0	0	0	0	0	0	0	0	0	0	0	0	0	0	0	0	0	0	0	1	0	0	0	0	0	0	0	0	0	0	0	0	0	0	0	0	0	0	0	0	0	0	0	0	0	0	0	0	0	0	0	0	0	0	0	0	0	0	0	0	0	0	0	0	0	0	0	0		//								2	1
	50332	0	0	버서커_호박무기무기_양손검	45559	0	0	30002	46553	7047	7047	28056	39999	0	2	0	2	0	Null	0	Null	0	0	0	0	1	100	15000	1	600	600	0	0	1	4	0	0	0	1	0	0	0	0	0	0	0	0	1	2	0.8 	115 	0	0	1	1	1	1.8	0	0	0	0	0	0	0	0	1	0	0	0	0	0	0	0	0	0	0	0	0	0	0	0	0	0	0	0	0	0	0	0	0	0	1	41	1	5	0	0	0	0	0	0	0	0	0	0	0	0	0	0	0	0	0	0	0	0	0	0	0	0	0	1	0	0	0	0	0	0	0	0	0	0	0	0	0	0	0	0	0	0	0	0	0	0	0	0	0	0	0	0	0	0	0	0	0	0	0	0	0	0	0	0	0	0	0	0	0	0	0	0		//								2	1
	50333	0	0	드래곤_호박무기무기_한손검	45559	0	0	30003	46553	7048	7048	28056	39999	0	3	0	3	0	Null	0	Null	0	0	0	0	1	100	15000	1	600	600	0	0	1	4	0	0	0	1	0	0	0	0	0	0	0	0	1	2	0.8 	135 	0	0	1	1	1	1	0	0	0	0	0	0	0	0	0	1	0	0	0	0	0	0	0	0	0	0	0	0	0	0	0	0	0	0	0	0	0	0	0	0	1	41	1	2	0	0	0	0	0	0	0	0	0	0	0	0	0	0	0	0	0	0	0	0	0	0	0	0	0	1	0	0	0	0	0	0	0	0	0	0	0	0	0	0	0	0	0	0	0	0	0	0	0	0	0	0	0	0	0	0	0	0	0	0	0	0	0	0	0	0	0	0	0	0	0	0	0	0		//								2	1
	50334	0	0	드래곤_호박무기무기_창	45559	0	0	30004	46553	7049	7049	28056	39999	0	4	0	4	0	Null	0	Null	0	0	0	0	1	100	15000	1	600	600	0	0	1	4	0	0	0	1	0	0	0	0	0	0	0	0	1	2	0.8 	120 	0	0	1	1	1	2.5	0	0	0	0	0	0	0	0	0	1	0	0	0	0	0	0	0	0	0	0	0	0	0	0	0	0	0	0	0	0	0	0	0	0	1	41	1	4	0	0	0	0	0	0	0	0	0	0	0	0	0	0	0	0	0	0	0	0	0	0	0	0	0	1	0	0	0	0	0	0	0	0	0	0	0	0	0	0	0	0	0	0	0	0	0	0	0	0	0	0	0	0	0	0	0	0	0	0	0	0	0	0	0	0	0	0	0	0	0	0	0	0		//								2	1
	50335	0	0	섀도우_호박무기무기_대거	45559	0	0	30005	46553	7050	7050	28056	39999	0	5	0	5	0	Null	0	Null	0	0	0	0	1	100	15000	1	600	600	0	0	1	4	0	0	0	1	0	0	0	0	0	0	0	0	1	2	0.8 	140 	0	0	1	1	1	2.5	0	0	0	0	0	0	0	0	0	0	1	0	0	0	0	0	0	0	0	0	0	0	0	0	0	0	0	0	0	0	0	0	0	0	1	41	1	2	0	0	0	0	0	0	0	0	0	0	0	0	0	0	0	0	0	0	0	0	0	0	0	0	0	1	0	0	0	0	0	0	0	0	0	0	0	0	0	0	0	0	0	0	0	0	0	0	0	0	0	0	0	0	0	0	0	0	0	0	0	0	0	0	0	0	0	0	0	0	0	0	0	0		//								2	1
	50336	0	0	섀도우_호박무기무기_채찍	45559	0	0	30006	46553	7051	7051	28056	39999	0	6	0	6	0	Null	0	Null	0	0	0	0	1	100	15000	1	600	600	0	0	1	4	0	0	0	1	0	0	0	0	0	0	0	0	1	2	0.8 	125 	0	0	1	1	1	3.5	0	0	0	0	0	0	0	0	0	0	1	0	0	0	0	0	0	0	0	0	0	0	0	0	0	0	0	0	0	0	0	0	0	0	1	41	1	3	0	0	0	0	0	0	0	0	0	0	0	0	0	0	0	0	0	0	0	0	0	0	0	0	0	1	0	0	0	0	0	0	0	0	0	0	0	0	0	0	0	0	0	0	0	0	0	0	0	0	0	0	0	0	0	0	0	0	0	0	0	0	0	0	0	0	0	0	0	0	0	0	0	0		//								2	1
	50337	0	0	발키리_호박무기무기_한손석궁	45559	0	0	30007	46553	7052	7052	28056	39999	0	7	0	7	0	Null	0	Null	0	0	0	0	1	100	15000	1	600	600	0	0	1	4	0	0	0	1	0	0	0	0	0	0	0	0	1	2	0.8 	150 	0	0	2	2	2	19	0	0	0	0	0	0	0	0	0	0	0	1	0	0	0	0	0	0	0	0	0	0	0	0	0	0	0	0	0	0	0	0	0	0	1	41	1	2	0	0	0	0	0	0	0	0	0	0	0	0	0	0	0	0	0	0	0	0	0	0	0	0	0	1	0	0	0	0	0	0	0	0	0	0	0	0	0	0	0	0	0	0	0	0	0	0	0	0	0	0	0	0	0	0	0	0	0	0	0	0	0	0	0	0	0	0	0	0	0	0	0	0		//								2	1
	50338	0	0	발키리_호박무기무기_에테르웨폰	45559	0	0	30008	46553	7053	7053	28056	39999	0	8	0	8	0	Null	0	Null	0	0	0	0	1	100	15000	1	600	600	0	0	1	4	0	0	0	1	0	0	0	0	0	0	0	0	1	2	0.8 	105 	0	0	2	2	2	16	0	0	0	0	0	0	0	0	0	0	0	1	0	0	0	0	0	0	0	0	0	0	0	0	0	0	0	0	0	0	0	0	0	0	1	41	1	3	0	0	0	0	0	0	0	0	0	0	0	0	0	0	0	0	0	0	0	0	0	0	0	0	0	1	0	0	0	0	0	0	0	0	0	0	0	0	0	0	0	0	0	0	0	0	0	0	0	0	0	0	0	0	0	0	0	0	0	0	0	0	0	0	0	0	0	0	0	0	0	0	0	0		//								2	1
	50339	0	0	엘리_호박무기무기_지팡이	45559	0	0	30009	46553	7054	7054	28056	39999	0	10	0	10	0	Null	0	Null	0	0	0	0	1	100	15000	1	600	600	0	0	1	4	0	0	0	1	0	0	0	0	0	0	0	0	1	2	0.8 	95 	0	0	1	1	4	2.5	0	1	2	0	0	0	0	0	0	0	0	0	1	0	0	0	0	0	0	0	0	0	0	0	0	0	0	0	0	0	0	0	0	0	1	41	1	1	0	0	0	0	0	0	0	0	0	0	0	0	0	0	0	0	0	0	0	0	0	0	0	0	0	1	0	0	0	0	0	0	0	0	0	0	0	0	0	0	0	0	0	0	0	0	0	0	0	0	0	0	0	0	0	0	0	0	0	0	0	0	0	0	0	0	0	0	0	0	0	0	0	0		//								2	1
	50340	0	0	엘리_호박무기무기_오브	45559	0	0	30010	46553	7055	7055	28056	39999	0	11	0	11	0	Null	0	Null	0	0	0	0	1	100	15000	1	600	600	0	0	1	4	0	0	0	1	0	0	0	0	0	0	0	0	1	2	0.8 	100 	0	0	2	2	4	13	0	1	2	0	0	0	0	0	0	0	0	0	1	0	0	0	0	0	1	34	2	-5	0	0	0	0	0	0	0	0	0	0	0	0	1	41	1	1	0	0	0	0	0	0	0	0	0	0	0	0	0	0	0	0	0	0	0	0	0	0	0	0	0	1	0	0	0	0	0	0	0	0	0	0	0	0	0	0	0	0	0	0	0	0	0	0	0	0	0	0	0	0	0	0	0	0	0	0	0	0	0	0	0	0	0	0	0	0	0	0	0	0		//								2	1
//		[ID50341~]_레어무기																																																																					0	0	0	0																																																																																																	//									
	50341	0	0	파수꾼사이베드의양손도끼	35043	1	7875DF	30001	36044	5	5	2005	39999	0	1	0	1	0	Null	0	Null	0	4	0	0	13	60	5200	1	4500	4500	1	0	1	1285	121	0	0	29	0	0	0	0	0	0	0 	0 	147 	208 	0.8 	105 	0 	0 	1 	1 	3 	1.5 	0 	0 	0 	0 	0 	0	0	0	1	0	0	0	0	0	0	0	0	0	1	5	1	100	0	0	0	0	0	0	0	0	0	0	0	0	1	41	1	3	0	0	0	0	0	0	0	0	0	0	0	0	0	0	0	0	0	0	0	0	0	0	0	0	0	1	0	0	0	0	0	0	0	0	0	0	0	0	0	0	0	0	0	0	0	0	0	0	0	0	0	0	0	0	0	0	0	0	0	0	0	0	0	0	0	0	0	0	0	0	0	0	0	0		//	-26		-27			-53	-10.6	-8	29
	50342	0	0	파수꾼사이베드의양손검	35043	1	7875DF	30002	36044	105	105	2105	39999	0	2	0	2	0	Null	0	Null	0	4	0	0	13	60	4858	1	4500	4500	1	0	1	1285	121	0	0	29	0	0	0	0	0	0	0 	0 	158 	204 	0.8 	115 	0 	0 	1 	1 	1 	1.8 	0 	0 	0 	0 	0 	0	0	0	1	0	0	0	0	0	0	0	0	0	1	5	1	100	0	0	0	0	0	0	0	0	0	0	0	0	1	41	1	5	0	0	0	0	0	0	0	0	0	0	0	0	0	0	0	0	0	0	0	0	0	0	0	0	0	1	0	0	0	0	0	0	0	0	0	0	0	0	0	0	0	0	0	0	0	0	0	0	0	0	0	0	0	0	0	0	0	0	0	0	0	0	0	0	0	0	0	0	0	0	0	0	0	0		//	-26		-27			-53	-10.6	-8	29
	50343	0	0	파수꾼사이베드의한손검	35043	1	7875DF	30003	36044	205	205	2205	39999	0	3	0	3	0	Null	0	Null	0	4	0	0	13	51	7972	1	4500	4500	1	0	1	1285	121	0	0	29	0	0	0	0	0	0	0 	0 	116 	133 	0.8 	135 	0 	0 	1 	1 	1 	1	0 	0 	0 	0 	0 	0	0	0	0	1	0	0	0	0	0	0	0	0	1	5	1	100	0	0	0	0	0	0	0	0	0	0	0	0	1	41	1	2	0	0	0	0	0	0	0	0	0	0	0	0	0	0	0	0	0	0	0	0	0	0	0	0	0	1	0	0	0	0	0	0	0	0	0	0	0	0	0	0	0	0	0	0	0	0	0	0	0	0	0	0	0	0	0	0	0	0	0	0	0	0	0	0	0	0	0	0	0	0	0	0	0	0		//	-22	-20				-42	-8.4	-6	29
	50344	0	0	파수꾼사이베드의창	35043	1	7875DF	30004	36044	305	305	2305	39999	0	4	0	4	0	Null	0	Null	0	4	0	0	13	51	6838	1	4500	4500	1	0	1	1285	121	0	0	29	0	0	0	0	0	0	0 	0 	127 	156 	0.8 	120 	0 	0 	1 	1 	1 	2.5	0 	0 	0 	0 	0 	0	0	0	0	1	0	0	0	0	0	0	0	0	1	5	1	100	0	0	0	0	0	0	0	0	0	0	0	0	1	41	1	4	0	0	0	0	0	0	0	0	0	0	0	0	0	0	0	0	0	0	0	0	0	0	0	0	0	1	0	0	0	0	0	0	0	0	0	0	0	0	0	0	0	0	0	0	0	0	0	0	0	0	0	0	0	0	0	0	0	0	0	0	0	0	0	0	0	0	0	0	0	0	0	0	0	0		//	-22	-20				-42	-8.4	-6	29
	50345	0	0	파수꾼사이베드의대거	35043	1	7875DF	31156	36044	405	405	2405	39999	0	5	0	5	0	Null	0	Null	0	4	0	0	13	50	7312	1	4500	4500	1	0	1	1285	121	0	0	29	0	0	0	0	0	0	0 	0 	120 	136 	0.8 	140 	0 	0 	1 	1 	1 	2.5	0 	0 	0 	0 	0 	0	0	0	0	0	1	0	0	0	0	0	0	0	1	5	1	100	0	0	0	0	0	0	0	0	0	0	0	0	1	41	1	2	0	0	0	0	0	0	0	0	0	0	0	0	0	0	0	0	0	0	0	0	0	0	0	0	0	1	0	0	0	0	0	0	0	0	0	0	0	0	0	0	0	0	0	0	0	0	0	0	0	0	0	0	0	0	0	0	0	0	0	0	0	0	0	0	0	0	0	0	0	0	0	0	0	0		//	-19			-18		-37	-7.4	-5	29
	50346	0	0	파수꾼사이베드의채찍검	35043	1	7875DF	31157	36044	505	505	2505	39999	0	6	0	6	0	Null	0	Null	0	4	0	0	13	50	7972	1	4500	4500	1	0	1	1285	121	0	0	29	0	0	0	0	0	0	0 	0 	124 	156 	0.8 	125 	0 	0 	1 	1 	1 	3.5	0 	0 	0 	0 	0 	0	0	0	0	0	1	0	0	0	0	0	0	0	1	5	1	100	0	0	0	0	0	0	0	0	0	0	0	0	1	41	1	3	0	0	0	0	0	0	0	0	0	0	0	0	0	0	0	0	0	0	0	0	0	0	0	0	0	1	0	0	0	0	0	0	0	0	0	0	0	0	0	0	0	0	0	0	0	0	0	0	0	0	0	0	0	0	0	0	0	0	0	0	0	0	0	0	0	0	0	0	0	0	0	0	0	0		//	-19			-18		-37	-7.4	-5	29
	50347	0	0	파수꾼사이베드의한손석궁	35043	1	7875DF	30007	36044	605	605	2605	39999	0	7	0	7	0	Null	0	Null	0	4	0	0	13	44	7418	1	4500	4500	1	0	1	1285	121	0	0	29	0	0	0	0	0	0	0 	0 	92 	112 	0.8 	150 	0 	0 	2 	2 	2	19.0 	0 	0 	0 	0 	0 	0	0	0	0	0	0	1	0	0	0	0	0	0	1	5	1	100	0	0	0	0	0	0	0	0	0	0	0	0	1	41	1	2	0	0	0	0	0	0	0	0	0	0	0	0	0	0	0	0	0	0	0	0	0	0	0	0	0	1	0	0	0	0	0	0	0	0	0	0	0	0	0	0	0	0	0	0	0	0	0	0	0	0	0	0	0	0	0	0	0	0	0	0	0	0	0	0	0	0	0	0	0	0	0	0	0	0		//	-16	-23				-39	-7.8	-5	29
	50348	0	0	파수꾼사이베드의에테르웨폰	35043	1	7875DF	30008	36044	705	705	2705	39999	0	8	0	8	0	Null	0	Null	0	4	0	0	13	44	4752	1	4500	4500	1	0	1	1285	121	0	0	29	0	0	0	0	0	0	0 	0 	113 	156 	0.8 	105 	0 	0 	2 	2 	2 	16	0 	0 	0 	0 	0 	0	0	0	0	0	0	1	0	0	0	0	0	0	1	5	1	100	0	0	0	0	0	0	0	0	0	0	0	0	1	41	1	3	0	0	0	0	0	0	0	0	0	0	0	0	0	0	0	0	0	0	0	0	0	0	0	0	0	1	0	0	0	0	0	0	0	0	0	0	0	0	0	0	0	0	0	0	0	0	0	0	0	0	0	0	0	0	0	0	0	0	0	0	0	0	0	0	0	0	0	0	0	0	0	0	0	0		//	-16	-23				-39	-7.8	-5	29
	50349	0	0	파수꾼사이베드의지팡이	35043	1	7875DF	30009	36044	805	805	2805	39999	0	10	0	10	0	Null	0	Null	0	4	0	0	13	31	10058	1	4500	4500	1	0	1	1285	121	0	0	29	0	0	0	0	0	0	0 	0 	176 	192 	0.8 	95 	0 	0 	1 	1 	4 	2.5	0 	0 	0 	0 	0 	0	0	0	0	0	0	0	1	0	0	0	0	0	1	5	1	100	0	0	0	0	0	0	0	0	0	0	0	0	1	41	1	1	0	0	0	0	0	0	0	0	0	0	0	0	0	0	0	0	0	0	0	0	0	0	0	0	0	1	0	0	0	0	0	0	0	0	0	0	0	0	0	0	0	0	0	0	0	0	0	0	0	0	0	0	0	0	0	0	0	0	0	0	0	0	0	0	0	0	0	0	0	0	0	0	0	0		//				-25	-22	-47	-9.4	-7	29
	50350	0	0	파수꾼사이베드의오브	35043	1	7875DF	30010	36044	905	905	2905	39999	0	11	0	11	0	Null	0	Null	0	4	0	0	13	31	9768	1	4500	4500	1	0	1	1285	121	0	0	29	0	0	0	0	0	0	0 	0 	142 	152 	0.8 	100 	0 	0 	2 	2 	4 	13	0 	0 	0 	0 	0 	0	0	0	0	0	0	0	1	0	0	0	0	0	1	5	1	100	1	34	2	-5	0	0	0	0	0	0	0	0	1	41	1	1	0	0	0	0	0	0	0	0	0	0	0	0	0	0	0	0	0	0	0	0	0	0	0	0	0	1	0	0	0	0	0	0	0	0	0	0	0	0	0	0	0	0	0	0	0	0	0	0	0	0	0	0	0	0	0	0	0	0	0	0	0	0	0	0	0	0	0	0	0	0	0	0	0	0		//				-25	-22	-47	-9.4	-7	29
	50351	0	0	어둠의나크라트의양손도끼	35044	1	7875DF	30001	36045	6	6	2006	39999	0	1	0	1	0	Null	0	Null	0	4	0	0	14	64	5082	1	6900	6900	1	0	1	1285	121	0	0	36	0	0	0	0	0	0	0 	0 	173 	244 	0.8 	105 	0 	0 	1 	1 	3 	1.5 	0 	0 	0 	0 	0 	0	0	0	1	0	0	0	0	0	0	0	0	0	1	7	1	150	0	0	0	0	0	0	0	0	0	0	0	0	1	41	1	3	0	0	0	0	0	0	0	0	0	0	0	0	0	0	0	0	0	0	0	0	0	0	0	0	0	1	0	0	0	0	0	0	0	0	0	0	0	0	0	0	0	0	0	0	0	0	0	0	0	0	0	0	0	0	0	0	0	0	0	0	0	0	0	0	0	0	0	0	0	0	0	0	0	0		//	-26		-27			-53	-10.6	-8	36
	50352	0	0	어둠의나크라트의양손검	35044	1	7875DF	30002	36045	106	106	2106	39999	0	2	0	2	0	Null	0	Null	0	4	0	0	14	64	4748	1	6900	6900	1	0	1	1285	121	0	0	36	0	0	0	0	0	0	0 	0 	186 	237 	0.8 	115 	0 	0 	1 	1 	1 	1.8 	0 	0 	0 	0 	0 	0	0	0	1	0	0	0	0	0	0	0	0	0	1	7	1	150	0	0	0	0	0	0	0	0	0	0	0	0	1	41	1	5	0	0	0	0	0	0	0	0	0	0	0	0	0	0	0	0	0	0	0	0	0	0	0	0	0	1	0	0	0	0	0	0	0	0	0	0	0	0	0	0	0	0	0	0	0	0	0	0	0	0	0	0	0	0	0	0	0	0	0	0	0	0	0	0	0	0	0	0	0	0	0	0	0	0		//	-26		-27			-53	-10.6	-8	36
	50353	0	0	어둠의나크라트의한손검	35044	1	7875DF	30003	36045	206	206	2206	39999	0	3	0	3	0	Null	0	Null	0	4	0	0	14	56	7792	1	6900	6900	1	0	1	1285	121	0	0	36	0	0	0	0	0	0	0 	0 	135 	156 	0.8 	135 	0 	0 	1 	1 	1 	1	0 	0 	0 	0 	0 	0	0	0	0	1	0	0	0	0	0	0	0	0	1	7	1	150	0	0	0	0	0	0	0	0	0	0	0	0	1	41	1	2	0	0	0	0	0	0	0	0	0	0	0	0	0	0	0	0	0	0	0	0	0	0	0	0	0	1	0	0	0	0	0	0	0	0	0	0	0	0	0	0	0	0	0	0	0	0	0	0	0	0	0	0	0	0	0	0	0	0	0	0	0	0	0	0	0	0	0	0	0	0	0	0	0	0		//	-22	-20				-42	-8.4	-6	36
	50354	0	0	어둠의나크라트의창	35044	1	7875DF	30004	36045	306	306	2306	39999	0	4	0	4	0	Null	0	Null	0	4	0	0	14	56	6682	1	6900	6900	1	0	1	1285	121	0	0	36	0	0	0	0	0	0	0 	0 	149 	182 	0.8 	120 	0 	0 	1 	1 	1 	2.5	0 	0 	0 	0 	0 	0	0	0	0	1	0	0	0	0	0	0	0	0	1	7	1	150	0	0	0	0	0	0	0	0	0	0	0	0	1	41	1	4	0	0	0	0	0	0	0	0	0	0	0	0	0	0	0	0	0	0	0	0	0	0	0	0	0	1	0	0	0	0	0	0	0	0	0	0	0	0	0	0	0	0	0	0	0	0	0	0	0	0	0	0	0	0	0	0	0	0	0	0	0	0	0	0	0	0	0	0	0	0	0	0	0	0		//	-22	-20				-42	-8.4	-6	36
	50355	0	0	어둠의나크라트의대거	35044	1	7875DF	31156	36045	406	406	2406	39999	0	5	0	5	0	Null	0	Null	0	4	0	0	14	54	7146	1	6900	6900	1	0	1	1285	121	0	0	36	0	0	0	0	0	0	0 	0 	140 	159 	0.8 	140 	0 	0 	1 	1 	1 	2.5	0 	0 	0 	0 	0 	0	0	0	0	0	1	0	0	0	0	0	0	0	1	7	1	150	0	0	0	0	0	0	0	0	0	0	0	0	1	41	1	2	0	0	0	0	0	0	0	0	0	0	0	0	0	0	0	0	0	0	0	0	0	0	0	0	0	1	0	0	0	0	0	0	0	0	0	0	0	0	0	0	0	0	0	0	0	0	0	0	0	0	0	0	0	0	0	0	0	0	0	0	0	0	0	0	0	0	0	0	0	0	0	0	0	0		//	-19			-18		-37	-7.4	-5	36
	50356	0	0	어둠의나크라트의채찍검	35044	1	7875DF	31157	36045	506	506	2506	39999	0	6	0	6	0	Null	0	Null	0	4	0	0	14	55	7792	1	6900	6900	1	0	1	1285	121	0	0	36	0	0	0	0	0	0	0 	0 	145 	183 	0.8 	125 	0 	0 	1 	1 	1 	3.5	0 	0 	0 	0 	0 	0	0	0	0	0	1	0	0	0	0	0	0	0	1	7	1	150	0	0	0	0	0	0	0	0	0	0	0	0	1	41	1	3	0	0	0	0	0	0	0	0	0	0	0	0	0	0	0	0	0	0	0	0	0	0	0	0	0	1	0	0	0	0	0	0	0	0	0	0	0	0	0	0	0	0	0	0	0	0	0	0	0	0	0	0	0	0	0	0	0	0	0	0	0	0	0	0	0	0	0	0	0	0	0	0	0	0		//	-19			-18		-37	-7.4	-5	36
	50357	0	0	어둠의나크라트의한손석궁	35044	1	7875DF	30007	36045	606	606	2606	39999	0	7	0	7	0	Null	0	Null	0	4	0	0	14	48	7250	1	6900	6900	1	0	1	1285	121	0	0	36	0	0	0	0	0	0	0 	0 	109 	131 	0.8 	150 	0 	0 	2 	2 	2	19.0 	0 	0 	0 	0 	0 	0	0	0	0	0	0	1	0	0	0	0	0	0	1	7	1	150	0	0	0	0	0	0	0	0	0	0	0	0	1	41	1	2	0	0	0	0	0	0	0	0	0	0	0	0	0	0	0	0	0	0	0	0	0	0	0	0	0	1	0	0	0	0	0	0	0	0	0	0	0	0	0	0	0	0	0	0	0	0	0	0	0	0	0	0	0	0	0	0	0	0	0	0	0	0	0	0	0	0	0	0	0	0	0	0	0	0		//	-16	-23				-39	-7.8	-5	36
	50358	0	0	어둠의나크라트의에테르웨폰	35044	1	7875DF	30008	36045	706	706	2706	39999	0	8	0	8	0	Null	0	Null	0	4	0	0	14	48	4644	1	6900	6900	1	0	1	1285	121	0	0	36	0	0	0	0	0	0	0 	0 	132 	183 	0.8 	105 	0 	0 	2 	2 	2 	16	0 	0 	0 	0 	0 	0	0	0	0	0	0	1	0	0	0	0	0	0	1	7	1	150	0	0	0	0	0	0	0	0	0	0	0	0	1	41	1	3	0	0	0	0	0	0	0	0	0	0	0	0	0	0	0	0	0	0	0	0	0	0	0	0	0	1	0	0	0	0	0	0	0	0	0	0	0	0	0	0	0	0	0	0	0	0	0	0	0	0	0	0	0	0	0	0	0	0	0	0	0	0	0	0	0	0	0	0	0	0	0	0	0	0		//	-16	-23				-39	-7.8	-5	36
	50359	0	0	어둠의나크라트의지팡이	35044	1	7875DF	30009	36045	806	806	2806	39999	0	10	0	10	0	Null	0	Null	0	4	0	0	14	33	9830	1	6900	6900	1	0	1	1285	121	0	0	36	0	0	0	0	0	0	0 	0 	206 	223 	0.8 	95 	0 	0 	1 	1 	4 	2.5	0 	0 	0 	0 	0 	0	0	0	0	0	0	0	1	0	0	0	0	0	1	7	1	150	0	0	0	0	0	0	0	0	0	0	0	0	1	41	1	1	0	0	0	0	0	0	0	0	0	0	0	0	0	0	0	0	0	0	0	0	0	0	0	0	0	1	0	0	0	0	0	0	0	0	0	0	0	0	0	0	0	0	0	0	0	0	0	0	0	0	0	0	0	0	0	0	0	0	0	0	0	0	0	0	0	0	0	0	0	0	0	0	0	0		//				-25	-22	-47	-9.4	-7	36
	50360	0	0	어둠의나크라트의오브	35044	1	7875DF	30010	36045	906	906	2906	39999	0	11	0	11	0	Null	0	Null	0	4	0	0	14	33	9546	1	6900	6900	1	0	1	1285	121	0	0	36	0	0	0	0	0	0	0 	0 	165 	178 	0.8 	100 	0 	0 	2 	2 	4 	13	0 	0 	0 	0 	0 	0	0	0	0	0	0	0	1	0	0	0	0	0	1	7	1	150	1	34	2	-5	0	0	0	0	0	0	0	0	1	41	1	1	0	0	0	0	0	0	0	0	0	0	0	0	0	0	0	0	0	0	0	0	0	0	0	0	0	1	0	0	0	0	0	0	0	0	0	0	0	0	0	0	0	0	0	0	0	0	0	0	0	0	0	0	0	0	0	0	0	0	0	0	0	0	0	0	0	0	0	0	0	0	0	0	0	0		//				-25	-22	-47	-9.4	-7	36
	50361	0	0	사제시트나르타의양손도끼	35045	1	7875DF	30001	36046	7	7	2007	39999	0	1	0	1	0	Null	0	Null	0	4	0	0	15	69	4964	1	10700	10700	1	0	1	1285	121	0	0	43	0	0	0	0	0	0	0 	0 	201 	285 	0.8 	105 	0 	0 	1 	1 	3 	1.5 	0 	0 	0 	0 	0 	0	0	0	1	0	0	0	0	0	0	0	0	0	1	4	1	200	0	0	0	0	0	0	0	0	0	0	0	0	1	41	1	3	0	0	0	0	0	0	0	0	0	0	0	0	0	0	0	0	0	0	0	0	0	0	0	0	0	1	0	0	0	0	0	0	0	0	0	0	0	0	0	0	0	0	0	0	0	0	0	0	0	0	0	0	0	0	0	0	0	0	0	0	0	0	0	0	0	0	0	0	0	0	0	0	0	0		//	-26		-27			-53	-10.6	-8	43
	50362	0	0	사제시트나르타의양손검	35045	1	7875DF	30002	36046	107	107	2107	39999	0	2	0	2	0	Null	0	Null	0	4	0	0	15	69	4636	1	10700	10700	1	0	1	1285	121	0	0	43	0	0	0	0	0	0	0 	0 	218 	278 	0.8 	115 	0 	0 	1 	1 	1 	1.8 	0 	0 	0 	0 	0 	0	0	0	1	0	0	0	0	0	0	0	0	0	1	4	1	200	0	0	0	0	0	0	0	0	0	0	0	0	1	41	1	5	0	0	0	0	0	0	0	0	0	0	0	0	0	0	0	0	0	0	0	0	0	0	0	0	0	1	0	0	0	0	0	0	0	0	0	0	0	0	0	0	0	0	0	0	0	0	0	0	0	0	0	0	0	0	0	0	0	0	0	0	0	0	0	0	0	0	0	0	0	0	0	0	0	0		//	-26		-27			-53	-10.6	-8	43
	50363	0	0	사제시트나르타의한손검	35045	1	7875DF	30003	36046	207	207	2207	39999	0	3	0	3	0	Null	0	Null	0	4	0	0	15	60	7610	1	10700	10700	1	0	1	1285	121	0	0	43	0	0	0	0	0	0	0 	0 	158 	183 	0.8 	135 	0 	0 	1 	1 	1 	1	0 	0 	0 	0 	0 	0	0	0	0	1	0	0	0	0	0	0	0	0	1	4	1	200	0	0	0	0	0	0	0	0	0	0	0	0	1	41	1	2	0	0	0	0	0	0	0	0	0	0	0	0	0	0	0	0	0	0	0	0	0	0	0	0	0	1	0	0	0	0	0	0	0	0	0	0	0	0	0	0	0	0	0	0	0	0	0	0	0	0	0	0	0	0	0	0	0	0	0	0	0	0	0	0	0	0	0	0	0	0	0	0	0	0		//	-22	-20				-42	-8.4	-6	43
	50364	0	0	사제시트나르타의창	35045	1	7875DF	30004	36046	307	307	2307	39999	0	4	0	4	0	Null	0	Null	0	4	0	0	15	60	6526	1	10700	10700	1	0	1	1285	121	0	0	43	0	0	0	0	0	0	0 	0 	174 	213 	0.8 	120 	0 	0 	1 	1 	1 	2.5	0 	0 	0 	0 	0 	0	0	0	0	1	0	0	0	0	0	0	0	0	1	4	1	200	0	0	0	0	0	0	0	0	0	0	0	0	1	41	1	4	0	0	0	0	0	0	0	0	0	0	0	0	0	0	0	0	0	0	0	0	0	0	0	0	0	1	0	0	0	0	0	0	0	0	0	0	0	0	0	0	0	0	0	0	0	0	0	0	0	0	0	0	0	0	0	0	0	0	0	0	0	0	0	0	0	0	0	0	0	0	0	0	0	0		//	-22	-20				-42	-8.4	-6	43
	50365	0	0	사제시트나르타의대거	35045	1	7875DF	31156	36046	407	407	2407	39999	0	5	0	5	0	Null	0	Null	0	4	0	0	15	59	6980	1	10700	10700	1	0	1	1285	121	0	0	43	0	0	0	0	0	0	0 	0 	164 	186 	0.8 	140 	0 	0 	1 	1 	1 	2.5	0 	0 	0 	0 	0 	0	0	0	0	0	1	0	0	0	0	0	0	0	1	4	1	200	0	0	0	0	0	0	0	0	0	0	0	0	1	41	1	2	0	0	0	0	0	0	0	0	0	0	0	0	0	0	0	0	0	0	0	0	0	0	0	0	0	1	0	0	0	0	0	0	0	0	0	0	0	0	0	0	0	0	0	0	0	0	0	0	0	0	0	0	0	0	0	0	0	0	0	0	0	0	0	0	0	0	0	0	0	0	0	0	0	0		//	-19			-18		-37	-7.4	-5	43
	50366	0	0	사제시트나르타의채찍검	35045	1	7875DF	31157	36046	507	507	2507	39999	0	6	0	6	0	Null	0	Null	0	4	0	0	15	59	7610	1	10700	10700	1	0	1	1285	121	0	0	43	0	0	0	0	0	0	0 	0 	171 	214 	0.8 	125 	0 	0 	1 	1 	1 	3.5	0 	0 	0 	0 	0 	0	0	0	0	0	1	0	0	0	0	0	0	0	1	4	1	200	0	0	0	0	0	0	0	0	0	0	0	0	1	41	1	3	0	0	0	0	0	0	0	0	0	0	0	0	0	0	0	0	0	0	0	0	0	0	0	0	0	1	0	0	0	0	0	0	0	0	0	0	0	0	0	0	0	0	0	0	0	0	0	0	0	0	0	0	0	0	0	0	0	0	0	0	0	0	0	0	0	0	0	0	0	0	0	0	0	0		//	-19			-18		-37	-7.4	-5	43
	50367	0	0	사제시트나르타의한손석궁	35045	1	7875DF	30007	36046	607	607	2607	39999	0	7	0	7	0	Null	0	Null	0	4	0	0	15	52	7082	1	10700	10700	1	0	1	1285	121	0	0	43	0	0	0	0	0	0	0 	0 	128 	153 	0.8 	150 	0 	0 	2 	2 	2	19.0 	0 	0 	0 	0 	0 	0	0	0	0	0	0	1	0	0	0	0	0	0	1	4	1	200	0	0	0	0	0	0	0	0	0	0	0	0	1	41	1	2	0	0	0	0	0	0	0	0	0	0	0	0	0	0	0	0	0	0	0	0	0	0	0	0	0	1	0	0	0	0	0	0	0	0	0	0	0	0	0	0	0	0	0	0	0	0	0	0	0	0	0	0	0	0	0	0	0	0	0	0	0	0	0	0	0	0	0	0	0	0	0	0	0	0		//	-16	-23				-39	-7.8	-5	43
	50368	0	0	사제시트나르타의에테르웨폰	35045	1	7875DF	30008	36046	707	707	2707	39999	0	8	0	8	0	Null	0	Null	0	4	0	0	15	52	4536	1	10700	10700	1	0	1	1285	121	0	0	43	0	0	0	0	0	0	0 	0 	155 	214 	0.8 	105 	0 	0 	2 	2 	2 	16	0 	0 	0 	0 	0 	0	0	0	0	0	0	1	0	0	0	0	0	0	1	4	1	200	0	0	0	0	0	0	0	0	0	0	0	0	1	41	1	3	0	0	0	0	0	0	0	0	0	0	0	0	0	0	0	0	0	0	0	0	0	0	0	0	0	1	0	0	0	0	0	0	0	0	0	0	0	0	0	0	0	0	0	0	0	0	0	0	0	0	0	0	0	0	0	0	0	0	0	0	0	0	0	0	0	0	0	0	0	0	0	0	0	0		//	-16	-23				-39	-7.8	-5	43
	50369	0	0	사제시트나르타의지팡이	35045	1	7875DF	30009	36046	807	807	2807	39999	0	10	0	10	0	Null	0	Null	0	4	0	0	15	35	9602	1	10700	10700	1	0	1	1285	121	0	0	43	0	0	0	0	0	0	0 	0 	241 	262 	0.8 	95 	0 	0 	1 	1 	4 	2.5	0 	0 	0 	0 	0 	0	0	0	0	0	0	0	1	0	0	0	0	0	1	4	1	200	0	0	0	0	0	0	0	0	0	0	0	0	1	41	1	1	0	0	0	0	0	0	0	0	0	0	0	0	0	0	0	0	0	0	0	0	0	0	0	0	0	1	0	0	0	0	0	0	0	0	0	0	0	0	0	0	0	0	0	0	0	0	0	0	0	0	0	0	0	0	0	0	0	0	0	0	0	0	0	0	0	0	0	0	0	0	0	0	0	0		//				-25	-22	-47	-9.4	-7	43
	50370	0	0	사제시트나르타의오브	35045	1	7875DF	30010	36046	907	907	2907	39999	0	11	0	11	0	Null	0	Null	0	4	0	0	15	35	9324	1	10700	10700	1	0	1	1285	121	0	0	43	0	0	0	0	0	0	0 	0 	194 	208 	0.8 	100 	0 	0 	2 	2 	4 	13	0 	0 	0 	0 	0 	0	0	0	0	0	0	0	1	0	0	0	0	0	1	4	1	200	1	34	2	-5	0	0	0	0	0	0	0	0	1	41	1	1	0	0	0	0	0	0	0	0	0	0	0	0	0	0	0	0	0	0	0	0	0	0	0	0	0	1	0	0	0	0	0	0	0	0	0	0	0	0	0	0	0	0	0	0	0	0	0	0	0	0	0	0	0	0	0	0	0	0	0	0	0	0	0	0	0	0	0	0	0	0	0	0	0	0		//				-25	-22	-47	-9.4	-7	43
	50371	0	0	수라키의양손도끼	35046	1	7875DF	30001	36047	8	8	2008	39999	0	1	0	1	0	Null	0	Null	0	4	0	0	16	73	4846	1	16700	16700	1	0	1	1285	121	0	0	50	0	0	0	0	0	0	0 	0 	237 	334 	0.8 	105 	0 	0 	1 	1 	3 	1.5 	0 	0 	0 	0 	0 	0	0	0	1	0	0	0	0	0	0	0	0	0	1	3	1	250	0	0	0	0	0	0	0	0	0	0	0	0	1	41	1	3	0	0	0	0	0	0	0	0	0	0	0	0	0	0	0	0	0	0	0	0	0	0	0	0	0	1	0	0	0	0	0	0	0	0	0	0	0	0	0	0	0	0	0	0	0	0	0	0	0	0	0	0	0	0	0	0	0	0	0	0	0	0	0	0	0	0	0	0	0	0	0	0	0	0		//	-26		-27			-53	-10.6	-8	50
	50372	0	0	수라키의양손검	35046	1	7875DF	30002	36047	108	108	2108	39999	0	2	0	2	0	Null	0	Null	0	4	0	0	16	73	4526	1	16700	16700	1	0	1	1285	121	0	0	50	0	0	0	0	0	0	0 	0 	255 	325 	0.8 	115 	0 	0 	1 	1 	1 	1.8 	0 	0 	0 	0 	0 	0	0	0	1	0	0	0	0	0	0	0	0	0	1	3	1	250	0	0	0	0	0	0	0	0	0	0	0	0	1	41	1	5	0	0	0	0	0	0	0	0	0	0	0	0	0	0	0	0	0	0	0	0	0	0	0	0	0	1	0	0	0	0	0	0	0	0	0	0	0	0	0	0	0	0	0	0	0	0	0	0	0	0	0	0	0	0	0	0	0	0	0	0	0	0	0	0	0	0	0	0	0	0	0	0	0	0		//	-26		-27			-53	-10.6	-8	50
	50373	0	0	수라키의한손검	35046	1	7875DF	30003	36047	208	208	2208	39999	0	3	0	3	0	Null	0	Null	0	4	0	0	16	64	7430	1	16700	16700	1	0	1	1285	121	0	0	50	0	0	0	0	0	0	0 	0 	186 	214 	0.8 	135 	0 	0 	1 	1 	1 	1	0 	0 	0 	0 	0 	0	0	0	0	1	0	0	0	0	0	0	0	0	1	3	1	250	0	0	0	0	0	0	0	0	0	0	0	0	1	41	1	2	0	0	0	0	0	0	0	0	0	0	0	0	0	0	0	0	0	0	0	0	0	0	0	0	0	1	0	0	0	0	0	0	0	0	0	0	0	0	0	0	0	0	0	0	0	0	0	0	0	0	0	0	0	0	0	0	0	0	0	0	0	0	0	0	0	0	0	0	0	0	0	0	0	0		//	-22	-20				-42	-8.4	-6	50
	50374	0	0	수라키의창	35046	1	7875DF	30004	36047	308	308	2308	39999	0	4	0	4	0	Null	0	Null	0	4	0	0	16	64	6372	1	16700	16700	1	0	1	1285	121	0	0	50	0	0	0	0	0	0	0 	0 	204 	251 	0.8 	120 	0 	0 	1 	1 	1 	2.5	0 	0 	0 	0 	0 	0	0	0	0	1	0	0	0	0	0	0	0	0	1	3	1	250	0	0	0	0	0	0	0	0	0	0	0	0	1	41	1	4	0	0	0	0	0	0	0	0	0	0	0	0	0	0	0	0	0	0	0	0	0	0	0	0	0	1	0	0	0	0	0	0	0	0	0	0	0	0	0	0	0	0	0	0	0	0	0	0	0	0	0	0	0	0	0	0	0	0	0	0	0	0	0	0	0	0	0	0	0	0	0	0	0	0		//	-22	-20				-42	-8.4	-6	50
	50375	0	0	수라키의대거	35046	1	7875DF	31156	36047	408	408	2408	39999	0	5	0	5	0	Null	0	Null	0	4	0	0	16	63	6814	1	16700	16700	1	0	1	1285	121	0	0	50	0	0	0	0	0	0	0 	0 	191 	217 	0.8 	140 	0 	0 	1 	1 	1 	2.5	0 	0 	0 	0 	0 	0	0	0	0	0	1	0	0	0	0	0	0	0	1	3	1	250	0	0	0	0	0	0	0	0	0	0	0	0	1	41	1	2	0	0	0	0	0	0	0	0	0	0	0	0	0	0	0	0	0	0	0	0	0	0	0	0	0	1	0	0	0	0	0	0	0	0	0	0	0	0	0	0	0	0	0	0	0	0	0	0	0	0	0	0	0	0	0	0	0	0	0	0	0	0	0	0	0	0	0	0	0	0	0	0	0	0		//	-19			-18		-37	-7.4	-5	50
	50376	0	0	수라키의채찍검	35046	1	7875DF	31157	36047	508	508	2508	39999	0	6	0	6	0	Null	0	Null	0	4	0	0	16	63	7430	1	16700	16700	1	0	1	1285	121	0	0	50	0	0	0	0	0	0	0 	0 	200 	251 	0.8 	125 	0 	0 	1 	1 	1 	3.5	0 	0 	0 	0 	0 	0	0	0	0	0	1	0	0	0	0	0	0	0	1	3	1	250	0	0	0	0	0	0	0	0	0	0	0	0	1	41	1	3	0	0	0	0	0	0	0	0	0	0	0	0	0	0	0	0	0	0	0	0	0	0	0	0	0	1	0	0	0	0	0	0	0	0	0	0	0	0	0	0	0	0	0	0	0	0	0	0	0	0	0	0	0	0	0	0	0	0	0	0	0	0	0	0	0	0	0	0	0	0	0	0	0	0		//	-19			-18		-37	-7.4	-5	50
	50377	0	0	수라키의한손석궁	35046	1	7875DF	30007	36047	608	608	2608	39999	0	7	0	7	0	Null	0	Null	0	4	0	0	16	56	6912	1	16700	16700	1	0	1	1285	121	0	0	50	0	0	0	0	0	0	0 	0 	150 	181 	0.8 	150 	0 	0 	2 	2 	2	19.0 	0 	0 	0 	0 	0 	0	0	0	0	0	0	1	0	0	0	0	0	0	1	3	1	250	0	0	0	0	0	0	0	0	0	0	0	0	1	41	1	2	0	0	0	0	0	0	0	0	0	0	0	0	0	0	0	0	0	0	0	0	0	0	0	0	0	1	0	0	0	0	0	0	0	0	0	0	0	0	0	0	0	0	0	0	0	0	0	0	0	0	0	0	0	0	0	0	0	0	0	0	0	0	0	0	0	0	0	0	0	0	0	0	0	0		//	-16	-23				-39	-7.8	-5	50
	50378	0	0	수라키의에테르웨폰	35046	1	7875DF	30008	36047	708	708	2708	39999	0	8	0	8	0	Null	0	Null	0	4	0	0	16	56	4428	1	16700	16700	1	0	1	1285	121	0	0	50	0	0	0	0	0	0	0 	0 	182 	251 	0.8 	105 	0 	0 	2 	2 	2 	16	0 	0 	0 	0 	0 	0	0	0	0	0	0	1	0	0	0	0	0	0	1	3	1	250	0	0	0	0	0	0	0	0	0	0	0	0	1	41	1	3	0	0	0	0	0	0	0	0	0	0	0	0	0	0	0	0	0	0	0	0	0	0	0	0	0	1	0	0	0	0	0	0	0	0	0	0	0	0	0	0	0	0	0	0	0	0	0	0	0	0	0	0	0	0	0	0	0	0	0	0	0	0	0	0	0	0	0	0	0	0	0	0	0	0		//	-16	-23				-39	-7.8	-5	50
	50379	0	0	수라키의지팡이	35046	1	7875DF	30009	36047	808	808	2808	39999	0	10	0	10	0	Null	0	Null	0	4	0	0	16	38	9372	1	16700	16700	1	0	1	1285	121	0	0	50	0	0	0	0	0	0	0 	0 	282 	307 	0.8 	95 	0 	0 	1 	1 	4 	2.5	0 	0 	0 	0 	0 	0	0	0	0	0	0	0	1	0	0	0	0	0	1	3	1	250	0	0	0	0	0	0	0	0	0	0	0	0	1	41	1	1	0	0	0	0	0	0	0	0	0	0	0	0	0	0	0	0	0	0	0	0	0	0	0	0	0	1	0	0	0	0	0	0	0	0	0	0	0	0	0	0	0	0	0	0	0	0	0	0	0	0	0	0	0	0	0	0	0	0	0	0	0	0	0	0	0	0	0	0	0	0	0	0	0	0		//				-25	-22	-47	-9.4	-7	50
	50380	0	0	수라키의오브	35046	1	7875DF	30010	36047	908	908	2908	39999	0	11	0	11	0	Null	0	Null	0	4	0	0	16	38	9102	1	16700	16700	1	0	1	1285	121	0	0	50	0	0	0	0	0	0	0 	0 	227 	245 	0.8 	100 	0 	0 	2 	2 	4 	13	0 	0 	0 	0 	0 	0	0	0	0	0	0	0	1	0	0	0	0	0	1	3	1	250	1	34	2	-5	0	0	0	0	0	0	0	0	1	41	1	1	0	0	0	0	0	0	0	0	0	0	0	0	0	0	0	0	0	0	0	0	0	0	0	0	0	1	0	0	0	0	0	0	0	0	0	0	0	0	0	0	0	0	0	0	0	0	0	0	0	0	0	0	0	0	0	0	0	0	0	0	0	0	0	0	0	0	0	0	0	0	0	0	0	0		//				-25	-22	-47	-9.4	-7	50
	50381	0	0	영혼강탈자의양손도끼	35047	1	7875DF	30001	36048	9	9	2009	39999	0	1	0	1	0	Null	0	Null	0	4	0	0	17	78	4728	1	25800	25800	1	0	1	1285	121	0	0	57	0	0	0	0	0	0	0 	0 	276 	391 	0.8 	105 	0 	0 	1 	1 	3 	1.5 	0 	0 	0 	0 	0 	0	0	0	1	0	0	0	0	0	0	0	0	0	1	6	1	300	0	0	0	0	0	0	0	0	0	0	0	0	1	41	1	3	0	0	0	0	0	0	0	0	0	0	0	0	0	0	0	0	0	0	0	0	0	0	0	0	0	1	0	0	0	0	0	0	0	0	0	0	0	0	0	0	0	0	0	0	0	0	0	0	0	0	0	0	0	0	0	0	0	0	0	0	0	0	0	0	0	0	0	0	0	0	0	0	0	0		//	-26		-27			-53	-10.6	-8	57
	50382	0	0	영혼강탈자의양손검	35047	1	7875DF	30002	36048	109	109	2109	39999	0	2	0	2	0	Null	0	Null	0	4	0	0	17	78	4416	1	25800	25800	1	0	1	1285	121	0	0	57	0	0	0	0	0	0	0 	0 	298 	382 	0.8 	115 	0 	0 	1 	1 	1 	1.8 	0 	0 	0 	0 	0 	0	0	0	1	0	0	0	0	0	0	0	0	0	1	6	1	300	0	0	0	0	0	0	0	0	0	0	0	0	1	41	1	5	0	0	0	0	0	0	0	0	0	0	0	0	0	0	0	0	0	0	0	0	0	0	0	0	0	1	0	0	0	0	0	0	0	0	0	0	0	0	0	0	0	0	0	0	0	0	0	0	0	0	0	0	0	0	0	0	0	0	0	0	0	0	0	0	0	0	0	0	0	0	0	0	0	0		//	-26		-27			-53	-10.6	-8	57
	50383	0	0	영혼강탈자의한손검	35047	1	7875DF	30003	36048	209	209	2209	39999	0	3	0	3	0	Null	0	Null	0	4	0	0	17	68	7248	1	25800	25800	1	0	1	1285	121	0	0	57	0	0	0	0	0	0	0 	0 	217 	251 	0.8 	135 	0 	0 	1 	1 	1 	1	0 	0 	0 	0 	0 	0	0	0	0	1	0	0	0	0	0	0	0	0	1	6	1	300	0	0	0	0	0	0	0	0	0	0	0	0	1	41	1	2	0	0	0	0	0	0	0	0	0	0	0	0	0	0	0	0	0	0	0	0	0	0	0	0	0	1	0	0	0	0	0	0	0	0	0	0	0	0	0	0	0	0	0	0	0	0	0	0	0	0	0	0	0	0	0	0	0	0	0	0	0	0	0	0	0	0	0	0	0	0	0	0	0	0		//	-22	-20				-42	-8.4	-6	57
	50384	0	0	영혼강탈자의창	35047	1	7875DF	30004	36048	309	309	2309	39999	0	4	0	4	0	Null	0	Null	0	4	0	0	17	68	6216	1	25800	25800	1	0	1	1285	121	0	0	57	0	0	0	0	0	0	0 	0 	239 	292 	0.8 	120 	0 	0 	1 	1 	1 	2.5	0 	0 	0 	0 	0 	0	0	0	0	1	0	0	0	0	0	0	0	0	1	6	1	300	0	0	0	0	0	0	0	0	0	0	0	0	1	41	1	4	0	0	0	0	0	0	0	0	0	0	0	0	0	0	0	0	0	0	0	0	0	0	0	0	0	1	0	0	0	0	0	0	0	0	0	0	0	0	0	0	0	0	0	0	0	0	0	0	0	0	0	0	0	0	0	0	0	0	0	0	0	0	0	0	0	0	0	0	0	0	0	0	0	0		//	-22	-20				-42	-8.4	-6	57
	50385	0	0	영혼강탈자의대거	35047	1	7875DF	31156	36048	409	409	2409	39999	0	5	0	5	0	Null	0	Null	0	4	0	0	17	67	6648	1	25800	25800	1	0	1	1285	121	0	0	57	0	0	0	0	0	0	0 	0 	224 	254 	0.8 	140 	0 	0 	1 	1 	1 	2.5	0 	0 	0 	0 	0 	0	0	0	0	0	1	0	0	0	0	0	0	0	1	6	1	300	0	0	0	0	0	0	0	0	0	0	0	0	1	41	1	2	0	0	0	0	0	0	0	0	0	0	0	0	0	0	0	0	0	0	0	0	0	0	0	0	0	1	0	0	0	0	0	0	0	0	0	0	0	0	0	0	0	0	0	0	0	0	0	0	0	0	0	0	0	0	0	0	0	0	0	0	0	0	0	0	0	0	0	0	0	0	0	0	0	0		//	-19			-18		-37	-7.4	-5	57
	50386	0	0	영혼강탈자의채찍검	35047	1	7875DF	31157	36048	509	509	2509	39999	0	6	0	6	0	Null	0	Null	0	4	0	0	17	67	7248	1	25800	25800	1	0	1	1285	121	0	0	57	0	0	0	0	0	0	0 	0 	233 	293 	0.8 	125 	0 	0 	1 	1 	1 	3.5	0 	0 	0 	0 	0 	0	0	0	0	0	1	0	0	0	0	0	0	0	1	6	1	300	0	0	0	0	0	0	0	0	0	0	0	0	1	41	1	3	0	0	0	0	0	0	0	0	0	0	0	0	0	0	0	0	0	0	0	0	0	0	0	0	0	1	0	0	0	0	0	0	0	0	0	0	0	0	0	0	0	0	0	0	0	0	0	0	0	0	0	0	0	0	0	0	0	0	0	0	0	0	0	0	0	0	0	0	0	0	0	0	0	0		//	-19			-18		-37	-7.4	-5	57
	50387	0	0	영혼강탈자의한손석궁	35047	1	7875DF	30007	36048	609	609	2609	39999	0	7	0	7	0	Null	0	Null	0	4	0	0	17	60	6744	1	25800	25800	1	0	1	1285	121	0	0	57	0	0	0	0	0	0	0 	0 	175 	212 	0.8 	150 	0 	0 	2 	2 	2	19.0 	0 	0 	0 	0 	0 	0	0	0	0	0	0	1	0	0	0	0	0	0	1	6	1	300	0	0	0	0	0	0	0	0	0	0	0	0	1	41	1	2	0	0	0	0	0	0	0	0	0	0	0	0	0	0	0	0	0	0	0	0	0	0	0	0	0	1	0	0	0	0	0	0	0	0	0	0	0	0	0	0	0	0	0	0	0	0	0	0	0	0	0	0	0	0	0	0	0	0	0	0	0	0	0	0	0	0	0	0	0	0	0	0	0	0		//	-16	-23				-39	-7.8	-5	57
	50388	0	0	영혼강탈자의에테르웨폰	35047	1	7875DF	30008	36048	709	709	2709	39999	0	8	0	8	0	Null	0	Null	0	4	0	0	17	60	4320	1	25800	25800	1	0	1	1285	121	0	0	57	0	0	0	0	0	0	0 	0 	212 	294 	0.8 	105 	0 	0 	2 	2 	2 	16	0 	0 	0 	0 	0 	0	0	0	0	0	0	1	0	0	0	0	0	0	1	6	1	300	0	0	0	0	0	0	0	0	0	0	0	0	1	41	1	3	0	0	0	0	0	0	0	0	0	0	0	0	0	0	0	0	0	0	0	0	0	0	0	0	0	1	0	0	0	0	0	0	0	0	0	0	0	0	0	0	0	0	0	0	0	0	0	0	0	0	0	0	0	0	0	0	0	0	0	0	0	0	0	0	0	0	0	0	0	0	0	0	0	0		//	-16	-23				-39	-7.8	-5	57
	50389	0	0	영혼강탈자의지팡이	35047	1	7875DF	30009	36048	809	809	2809	39999	0	10	0	10	0	Null	0	Null	0	4	0	0	17	40	9144	1	25800	25800	1	0	1	1285	121	0	0	57	0	0	0	0	0	0	0 	0 	330 	360 	0.8 	95 	0 	0 	1 	1 	4 	2.5	0 	0 	0 	0 	0 	0	0	0	0	0	0	0	1	0	0	0	0	0	1	6	1	300	0	0	0	0	0	0	0	0	0	0	0	0	1	41	1	1	0	0	0	0	0	0	0	0	0	0	0	0	0	0	0	0	0	0	0	0	0	0	0	0	0	1	0	0	0	0	0	0	0	0	0	0	0	0	0	0	0	0	0	0	0	0	0	0	0	0	0	0	0	0	0	0	0	0	0	0	0	0	0	0	0	0	0	0	0	0	0	0	0	0		//				-25	-22	-47	-9.4	-7	57
	50390	0	0	영혼강탈자의오브	35047	1	7875DF	30010	36048	909	909	2909	39999	0	11	0	11	0	Null	0	Null	0	4	0	0	17	40	8880	1	25800	25800	1	0	1	1285	121	0	0	57	0	0	0	0	0	0	0 	0 	265 	285 	0.8 	100 	0 	0 	2 	2 	4 	13	0 	0 	0 	0 	0 	0	0	0	0	0	0	0	1	0	0	0	0	0	1	6	1	300	1	34	2	-5	0	0	0	0	0	0	0	0	1	41	1	1	0	0	0	0	0	0	0	0	0	0	0	0	0	0	0	0	0	0	0	0	0	0	0	0	0	1	0	0	0	0	0	0	0	0	0	0	0	0	0	0	0	0	0	0	0	0	0	0	0	0	0	0	0	0	0	0	0	0	0	0	0	0	0	0	0	0	0	0	0	0	0	0	0	0		//				-25	-22	-47	-9.4	-7	57
	50391	0	0	갈루아의양손도끼	35048	1	7875DF	30001	36049	10	10	2010	39999	0	1	0	1	0	Null	0	Null	0	4	0	0	18	82	4610	1	40000	40000	1	0	1	1285	121	0	0	64	0	0	0	0	0	0	0 	0 	323 	457 	0.8 	105 	0 	0 	1 	1 	3 	1.5 	0 	0 	0 	0 	0 	0	0	0	1	0	0	0	0	0	0	0	0	0	1	35	1	70	0	0	0	0	0	0	0	0	0	0	0	0	1	41	1	3	0	0	0	0	0	0	0	0	0	0	0	0	0	0	0	0	0	0	0	0	0	0	0	0	0	1	0	0	0	0	0	0	0	0	0	0	0	0	0	0	0	0	0	0	0	0	0	0	0	0	0	0	0	0	0	0	0	0	0	0	0	0	0	0	0	0	0	0	0	0	0	0	0	0		//	-26		-27			-53	-10.6	-8	64
	50392	0	0	갈루아의양손검	35048	1	7875DF	30002	36049	110	110	2110	39999	0	2	0	2	0	Null	0	Null	0	4	0	0	18	82	4306	1	40000	40000	1	0	1	1285	121	0	0	64	0	0	0	0	0	0	0 	0 	349 	446 	0.8 	115 	0 	0 	1 	1 	1 	1.8 	0 	0 	0 	0 	0 	0	0	0	1	0	0	0	0	0	0	0	0	0	1	35	1	70	0	0	0	0	0	0	0	0	0	0	0	0	1	41	1	5	0	0	0	0	0	0	0	0	0	0	0	0	0	0	0	0	0	0	0	0	0	0	0	0	0	1	0	0	0	0	0	0	0	0	0	0	0	0	0	0	0	0	0	0	0	0	0	0	0	0	0	0	0	0	0	0	0	0	0	0	0	0	0	0	0	0	0	0	0	0	0	0	0	0		//	-26		-27			-53	-10.6	-8	64
	50393	0	0	갈루아의한손검	35048	1	7875DF	30003	36049	210	210	2210	39999	0	3	0	3	0	Null	0	Null	0	4	0	0	18	72	7066	1	40000	40000	1	0	1	1285	121	0	0	64	0	0	0	0	0	0	0 	0 	253 	293 	0.8 	135 	0 	0 	1 	1 	1 	1	0 	0 	0 	0 	0 	0	0	0	0	1	0	0	0	0	0	0	0	0	1	35	1	70	0	0	0	0	0	0	0	0	0	0	0	0	1	41	1	2	0	0	0	0	0	0	0	0	0	0	0	0	0	0	0	0	0	0	0	0	0	0	0	0	0	1	0	0	0	0	0	0	0	0	0	0	0	0	0	0	0	0	0	0	0	0	0	0	0	0	0	0	0	0	0	0	0	0	0	0	0	0	0	0	0	0	0	0	0	0	0	0	0	0		//	-22	-20				-42	-8.4	-6	64
	50394	0	0	갈루아의창	35048	1	7875DF	30004	36049	310	310	2310	39999	0	4	0	4	0	Null	0	Null	0	4	0	0	18	72	6060	1	40000	40000	1	0	1	1285	121	0	0	64	0	0	0	0	0	0	0 	0 	279 	344 	0.8 	120 	0 	0 	1 	1 	1 	2.5	0 	0 	0 	0 	0 	0	0	0	0	1	0	0	0	0	0	0	0	0	1	35	1	70	0	0	0	0	0	0	0	0	0	0	0	0	1	41	1	4	0	0	0	0	0	0	0	0	0	0	0	0	0	0	0	0	0	0	0	0	0	0	0	0	0	1	0	0	0	0	0	0	0	0	0	0	0	0	0	0	0	0	0	0	0	0	0	0	0	0	0	0	0	0	0	0	0	0	0	0	0	0	0	0	0	0	0	0	0	0	0	0	0	0		//	-22	-20				-42	-8.4	-6	64
	50395	0	0	갈루아의대거	35048	1	7875DF	31156	36049	410	410	2410	39999	0	5	0	5	0	Null	0	Null	0	4	0	0	18	71	6482	1	40000	40000	1	0	1	1285	121	0	0	64	0	0	0	0	0	0	0 	0 	264 	299 	0.8 	140 	0 	0 	1 	1 	1 	2.5	0 	0 	0 	0 	0 	0	0	0	0	0	1	0	0	0	0	0	0	0	1	35	1	70	0	0	0	0	0	0	0	0	0	0	0	0	1	41	1	2	0	0	0	0	0	0	0	0	0	0	0	0	0	0	0	0	0	0	0	0	0	0	0	0	0	1	0	0	0	0	0	0	0	0	0	0	0	0	0	0	0	0	0	0	0	0	0	0	0	0	0	0	0	0	0	0	0	0	0	0	0	0	0	0	0	0	0	0	0	0	0	0	0	0		//	-19			-18		-37	-7.4	-5	64
	50396	0	0	갈루아의채찍검	35048	1	7875DF	31157	36049	510	510	2510	39999	0	6	0	6	0	Null	0	Null	0	4	0	0	18	71	7066	1	40000	40000	1	0	1	1285	121	0	0	64	0	0	0	0	0	0	0 	0 	274 	343 	0.8 	125 	0 	0 	1 	1 	1 	3.5	0 	0 	0 	0 	0 	0	0	0	0	0	1	0	0	0	0	0	0	0	1	35	1	70	0	0	0	0	0	0	0	0	0	0	0	0	1	41	1	3	0	0	0	0	0	0	0	0	0	0	0	0	0	0	0	0	0	0	0	0	0	0	0	0	0	1	0	0	0	0	0	0	0	0	0	0	0	0	0	0	0	0	0	0	0	0	0	0	0	0	0	0	0	0	0	0	0	0	0	0	0	0	0	0	0	0	0	0	0	0	0	0	0	0		//	-19			-18		-37	-7.4	-5	64
	50397	0	0	갈루아의한손석궁	35048	1	7875DF	30007	36049	610	610	2610	39999	0	7	0	7	0	Null	0	Null	0	4	0	0	18	64	6576	1	40000	40000	1	0	1	1285	121	0	0	64	0	0	0	0	0	0	0 	0 	205 	247 	0.8 	150 	0 	0 	2 	2 	2	19.0 	0 	0 	0 	0 	0 	0	0	0	0	0	0	1	0	0	0	0	0	0	1	35	1	70	0	0	0	0	0	0	0	0	0	0	0	0	1	41	1	2	0	0	0	0	0	0	0	0	0	0	0	0	0	0	0	0	0	0	0	0	0	0	0	0	0	1	0	0	0	0	0	0	0	0	0	0	0	0	0	0	0	0	0	0	0	0	0	0	0	0	0	0	0	0	0	0	0	0	0	0	0	0	0	0	0	0	0	0	0	0	0	0	0	0		//	-16	-23				-39	-7.8	-5	64
	50398	0	0	갈루아의에테르웨폰	35048	1	7875DF	30008	36049	710	710	2710	39999	0	8	0	8	0	Null	0	Null	0	4	0	0	18	64	4212	1	40000	40000	1	0	1	1285	121	0	0	64	0	0	0	0	0	0	0 	0 	249 	344 	0.8 	105 	0 	0 	2 	2 	2 	16	0 	0 	0 	0 	0 	0	0	0	0	0	0	1	0	0	0	0	0	0	1	35	1	70	0	0	0	0	0	0	0	0	0	0	0	0	1	41	1	3	0	0	0	0	0	0	0	0	0	0	0	0	0	0	0	0	0	0	0	0	0	0	0	0	0	1	0	0	0	0	0	0	0	0	0	0	0	0	0	0	0	0	0	0	0	0	0	0	0	0	0	0	0	0	0	0	0	0	0	0	0	0	0	0	0	0	0	0	0	0	0	0	0	0		//	-16	-23				-39	-7.8	-5	64
	50399	0	0	갈루아의지팡이	35048	1	7875DF	30009	36049	810	810	2810	39999	0	10	0	10	0	Null	0	Null	0	4	0	0	18	42	8916	1	40000	40000	1	0	1	1285	121	0	0	64	0	0	0	0	0	0	0 	0 	386 	421 	0.8 	95 	0 	0 	1 	1 	4 	2.5	0 	0 	0 	0 	0 	0	0	0	0	0	0	0	1	0	0	0	0	0	1	35	1	70	0	0	0	0	0	0	0	0	0	0	0	0	1	41	1	1	0	0	0	0	0	0	0	0	0	0	0	0	0	0	0	0	0	0	0	0	0	0	0	0	0	1	0	0	0	0	0	0	0	0	0	0	0	0	0	0	0	0	0	0	0	0	0	0	0	0	0	0	0	0	0	0	0	0	0	0	0	0	0	0	0	0	0	0	0	0	0	0	0	0		//				-25	-22	-47	-9.4	-7	64
	50400	0	0	갈루아의오브	35048	1	7875DF	30010	36049	910	910	2910	39999	0	11	0	11	0	Null	0	Null	0	4	0	0	18	42	8658	1	40000	40000	1	0	1	1285	121	0	0	64	0	0	0	0	0	0	0 	0 	310 	335 	0.8 	100 	0 	0 	2 	2 	4 	13	0 	0 	0 	0 	0 	0	0	0	0	0	0	0	1	0	0	0	0	0	1	35	1	70	1	34	2	-5	0	0	0	0	0	0	0	0	1	41	1	1	0	0	0	0	0	0	0	0	0	0	0	0	0	0	0	0	0	0	0	0	0	0	0	0	0	1	0	0	0	0	0	0	0	0	0	0	0	0	0	0	0	0	0	0	0	0	0	0	0	0	0	0	0	0	0	0	0	0	0	0	0	0	0	0	0	0	0	0	0	0	0	0	0	0		//				-25	-22	-47	-9.4	-7	64
	50441	0	0	파수꾼사이베드의건틀렛	35043	1	7875DF	30011	36044	946	946	2946	39999	0	14	0	1	0	Null	0	Null	0	4	0	0	13	60	5200	1	4500	4500	1	0	1	1285	121	0	0	29	0	0	0	0	0	0	0 	0 	130 	151 	0.8 	135 	0 	0 	1 	1 	3 	1	0 	0 	0 	0 	0 	0	0	0	0	0	0	0	0	1	0	0	0	0	1	5	1	100	0	0	0	0	0	0	0	0	0	0	0	0	1	41	1	2	0	0	0	0	0	0	0	0	0	0	0	0	0	0	0	0	0	0	0	0	0	0	0	0	0	1	0	0	0	0	0	0	0	0	0	0	0	0	0	0	0	0	0	0	0	0	0	0	0	0	0	0	0	0	0	0	0	0	0	0	0	0	0	0	0	0	0	0	0	0	0	0	0	0		//		-21		-19		-40	-8	-6	29
	50442	0	0	파수꾼사이베드의에테르사이드	35043	1	7875DF	30012	36044	967	967	2967	39999	0	15	0	2	0	Null	0	Null	0	4	0	0	13	60	4858	1	4500	4500	1	0	1	1285	121	0	0	29	0	0	0	0	0	0	0 	0 	124 	175 	0.8 	120 	0 	0 	1 	1 	1 	2	0 	0 	0 	0 	0 	0	0	0	0	0	0	0	0	1	0	0	0	0	1	5	1	100	0	0	0	0	0	0	0	0	0	0	0	0	1	41	1	3	0	0	0	0	0	0	0	0	0	0	0	0	0	0	0	0	0	0	0	0	0	0	0	0	0	1	0	0	0	0	0	0	0	0	0	0	0	0	0	0	0	0	0	0	0	0	0	0	0	0	0	0	0	0	0	0	0	0	0	0	0	0	0	0	0	0	0	0	0	0	0	0	0	0		//		-21		-19		-40	-8	-6	29
	50443	0	0	어둠의나크라트의건틀렛	35044	1	7875DF	30011	36045	947	947	2947	39999	0	14	0	1	0	Null	0	Null	0	4	0	0	14	64	5082	1	6900	6900	1	0	1	1285	121	0	0	36	0	0	0	0	0	0	0 	0 	152 	176 	0.8 	135 	0 	0 	1 	1 	3 	1	0 	0 	0 	0 	0 	0	0	0	0	0	0	0	0	1	0	0	0	0	1	7	1	150	0	0	0	0	0	0	0	0	0	0	0	0	1	41	1	2	0	0	0	0	0	0	0	0	0	0	0	0	0	0	0	0	0	0	0	0	0	0	0	0	0	1	0	0	0	0	0	0	0	0	0	0	0	0	0	0	0	0	0	0	0	0	0	0	0	0	0	0	0	0	0	0	0	0	0	0	0	0	0	0	0	0	0	0	0	0	0	0	0	0		//		-21		-19		-40	-8	-6	36
	50444	0	0	어둠의나크라트의에테르사이드	35044	1	7875DF	30012	36045	968	968	2968	39999	0	15	0	2	0	Null	0	Null	0	4	0	0	14	64	4748	1	6900	6900	1	0	1	1285	121	0	0	36	0	0	0	0	0	0	0 	0 	145 	206 	0.8 	120 	0 	0 	1 	1 	1 	2	0 	0 	0 	0 	0 	0	0	0	0	0	0	0	0	1	0	0	0	0	1	7	1	150	0	0	0	0	0	0	0	0	0	0	0	0	1	41	1	3	0	0	0	0	0	0	0	0	0	0	0	0	0	0	0	0	0	0	0	0	0	0	0	0	0	1	0	0	0	0	0	0	0	0	0	0	0	0	0	0	0	0	0	0	0	0	0	0	0	0	0	0	0	0	0	0	0	0	0	0	0	0	0	0	0	0	0	0	0	0	0	0	0	0		//		-21		-19		-40	-8	-6	36
	50445	0	0	사제시트나르타의건틀렛	35045	1	7875DF	30011	36046	948	948	2948	39999	0	14	0	1	0	Null	0	Null	0	4	0	0	15	69	4964	1	10700	10700	1	0	1	1285	121	0	0	43	0	0	0	0	0	0	0 	0 	178 	206 	0.8 	135 	0 	0 	1 	1 	3 	1	0 	0 	0 	0 	0 	0	0	0	0	0	0	0	0	1	0	0	0	0	1	4	1	200	0	0	0	0	0	0	0	0	0	0	0	0	1	41	1	2	0	0	0	0	0	0	0	0	0	0	0	0	0	0	0	0	0	0	0	0	0	0	0	0	0	1	0	0	0	0	0	0	0	0	0	0	0	0	0	0	0	0	0	0	0	0	0	0	0	0	0	0	0	0	0	0	0	0	0	0	0	0	0	0	0	0	0	0	0	0	0	0	0	0		//		-21		-19		-40	-8	-6	43
	50446	0	0	사제시트나르타의에테르사이드	35045	1	7875DF	30012	36046	969	969	2969	39999	0	15	0	2	0	Null	0	Null	0	4	0	0	15	69	4636	1	10700	10700	1	0	1	1285	121	0	0	43	0	0	0	0	0	0	0 	0 	169 	240 	0.8 	120 	0 	0 	1 	1 	1 	2	0 	0 	0 	0 	0 	0	0	0	0	0	0	0	0	1	0	0	0	0	1	4	1	200	0	0	0	0	0	0	0	0	0	0	0	0	1	41	1	3	0	0	0	0	0	0	0	0	0	0	0	0	0	0	0	0	0	0	0	0	0	0	0	0	0	1	0	0	0	0	0	0	0	0	0	0	0	0	0	0	0	0	0	0	0	0	0	0	0	0	0	0	0	0	0	0	0	0	0	0	0	0	0	0	0	0	0	0	0	0	0	0	0	0		//		-21		-19		-40	-8	-6	43
	50447	0	0	수라키의건틀렛	35046	1	7875DF	30011	36047	949	949	2949	39999	0	14	0	1	0	Null	0	Null	0	4	0	0	16	73	4846	1	16700	16700	1	0	1	1285	121	0	0	50	0	0	0	0	0	0	0 	0 	209 	242 	0.8 	135 	0 	0 	1 	1 	3 	1	0 	0 	0 	0 	0 	0	0	0	0	0	0	0	0	1	0	0	0	0	1	3	1	250	0	0	0	0	0	0	0	0	0	0	0	0	1	41	1	2	0	0	0	0	0	0	0	0	0	0	0	0	0	0	0	0	0	0	0	0	0	0	0	0	0	1	0	0	0	0	0	0	0	0	0	0	0	0	0	0	0	0	0	0	0	0	0	0	0	0	0	0	0	0	0	0	0	0	0	0	0	0	0	0	0	0	0	0	0	0	0	0	0	0		//		-21		-19		-40	-8	-6	50
	50448	0	0	수라키의에테르사이드	35046	1	7875DF	30012	36047	970	970	2970	39999	0	15	0	2	0	Null	0	Null	0	4	0	0	16	73	4526	1	16700	16700	1	0	1	1285	121	0	0	50	0	0	0	0	0	0	0 	0 	199 	281 	0.8 	120 	0 	0 	1 	1 	1 	2	0 	0 	0 	0 	0 	0	0	0	0	0	0	0	0	1	0	0	0	0	1	3	1	250	0	0	0	0	0	0	0	0	0	0	0	0	1	41	1	3	0	0	0	0	0	0	0	0	0	0	0	0	0	0	0	0	0	0	0	0	0	0	0	0	0	1	0	0	0	0	0	0	0	0	0	0	0	0	0	0	0	0	0	0	0	0	0	0	0	0	0	0	0	0	0	0	0	0	0	0	0	0	0	0	0	0	0	0	0	0	0	0	0	0		//		-21		-19		-40	-8	-6	50
	50449	0	0	영혼강탈자의건틀렛	35047	1	7875DF	30011	36048	950	950	2950	39999	0	14	0	1	0	Null	0	Null	0	4	0	0	17	78	4728	1	25800	25800	1	0	1	1285	121	0	0	57	0	0	0	0	0	0	0 	0 	244 	282 	0.8 	135 	0 	0 	1 	1 	3 	1	0 	0 	0 	0 	0 	0	0	0	0	0	0	0	0	1	0	0	0	0	1	6	1	300	0	0	0	0	0	0	0	0	0	0	0	0	1	41	1	2	0	0	0	0	0	0	0	0	0	0	0	0	0	0	0	0	0	0	0	0	0	0	0	0	0	1	0	0	0	0	0	0	0	0	0	0	0	0	0	0	0	0	0	0	0	0	0	0	0	0	0	0	0	0	0	0	0	0	0	0	0	0	0	0	0	0	0	0	0	0	0	0	0	0		//		-21		-19		-40	-8	-6	57
	50450	0	0	영혼강탈자의에테르사이드	35047	1	7875DF	30012	36048	971	971	2971	39999	0	15	0	2	0	Null	0	Null	0	4	0	0	17	78	4416	1	25800	25800	1	0	1	1285	121	0	0	57	0	0	0	0	0	0	0 	0 	233 	330 	0.8 	120 	0 	0 	1 	1 	1 	2	0 	0 	0 	0 	0 	0	0	0	0	0	0	0	0	1	0	0	0	0	1	6	1	300	0	0	0	0	0	0	0	0	0	0	0	0	1	41	1	3	0	0	0	0	0	0	0	0	0	0	0	0	0	0	0	0	0	0	0	0	0	0	0	0	0	1	0	0	0	0	0	0	0	0	0	0	0	0	0	0	0	0	0	0	0	0	0	0	0	0	0	0	0	0	0	0	0	0	0	0	0	0	0	0	0	0	0	0	0	0	0	0	0	0		//		-21		-19		-40	-8	-6	57
	50451	0	0	갈루아의건틀렛	35048	1	7875DF	30011	36049	951	951	2951	39999	0	14	0	1	0	Null	0	Null	0	4	0	0	18	82	4610	1	40000	40000	1	0	1	1285	121	0	0	64	0	0	0	0	0	0	0 	0 	286 	330 	0.8 	135 	0 	0 	1 	1 	3 	1	0 	0 	0 	0 	0 	0	0	0	0	0	0	0	0	1	0	0	0	0	1	35	1	70	0	0	0	0	0	0	0	0	0	0	0	0	1	41	1	2	0	0	0	0	0	0	0	0	0	0	0	0	0	0	0	0	0	0	0	0	0	0	0	0	0	1	0	0	0	0	0	0	0	0	0	0	0	0	0	0	0	0	0	0	0	0	0	0	0	0	0	0	0	0	0	0	0	0	0	0	0	0	0	0	0	0	0	0	0	0	0	0	0	0		//		-21		-19		-40	-8	-6	64
	50452	0	0	갈루아의에테르사이드	35048	1	7875DF	30012	36049	972	972	2972	39999	0	15	0	2	0	Null	0	Null	0	4	0	0	18	82	4306	1	40000	40000	1	0	1	1285	121	0	0	64	0	0	0	0	0	0	0 	0 	273 	385 	0.8 	120 	0 	0 	1 	1 	1 	2	0 	0 	0 	0 	0 	0	0	0	0	0	0	0	0	1	0	0	0	0	1	35	1	70	0	0	0	0	0	0	0	0	0	0	0	0	1	41	1	3	0	0	0	0	0	0	0	0	0	0	0	0	0	0	0	0	0	0	0	0	0	0	0	0	0	1	0	0	0	0	0	0	0	0	0	0	0	0	0	0	0	0	0	0	0	0	0	0	0	0	0	0	0	0	0	0	0	0	0	0	0	0	0	0	0	0	0	0	0	0	0	0	0	0		//		-21		-19		-40	-8	-6	64
	50521	0	0	파수꾼사이베드의에테르블래스터	35043	1	7875DF	30013	36044	1062	1062	3072	39999	0	16	0	1	0	Null	0	Null	0	4	0	0	13	60	5200	1	4500	4500	1	0	1	1285	121	0	0	29	0	0	0	0	0	0	0 	0 	139 	177 	0.8 	115 	0 	0 	1 	1 	3 	1.5 	0 	0 	0 	0 	0 	0	0	0	0	0	0	0	0	0	1	0	0	0	1	5	1	100	0	0	0	0	0	0	0	0	0	0	0	0	1	41	1	4	0	0	0	0	0	0	0	0	0	0	0	0	0	0	0	0	0	0	0	0	0	0	0	0	0	1	0	0	0	0	0	0	0	0	0	0	0	0	0	0	0	0	0	0	0	0	0	0	0	0	0	0	0	0	0	0	0	0	0	0	0	0	0	0	0	0	0	0	0	0	0	0	0	0		//			-27		-20	-47	-9.4	-7	29
	50522	0	0	어둠의나크라트의에테르블래스터	35044	1	7875DF	30013	36045	1063	1063	3073	39999	0	16	0	1	0	Null	0	Null	0	4	0	0	14	64	5082	1	6900	6900	1	0	1	1285	121	0	0	36	0	0	0	0	0	0	0 	0 	161 	206 	0.8 	115 	0 	0 	1 	1 	3 	1.5 	0 	0 	0 	0 	0 	0	0	0	0	0	0	0	0	0	1	0	0	0	1	7	1	150	0	0	0	0	0	0	0	0	0	0	0	0	1	41	1	4	0	0	0	0	0	0	0	0	0	0	0	0	0	0	0	0	0	0	0	0	0	0	0	0	0	1	0	0	0	0	0	0	0	0	0	0	0	0	0	0	0	0	0	0	0	0	0	0	0	0	0	0	0	0	0	0	0	0	0	0	0	0	0	0	0	0	0	0	0	0	0	0	0	0		//			-27		-20	-47	-9.4	-7	36
	50523	0	0	사제시트나르타의에테르블래스터	35045	1	7875DF	30013	36046	1064	1064	3074	39999	0	16	0	1	0	Null	0	Null	0	4	0	0	15	69	4964	1	10700	10700	1	0	1	1285	121	0	0	43	0	0	0	0	0	0	0 	0 	188 	242 	0.8 	115 	0 	0 	1 	1 	3 	1.5 	0 	0 	0 	0 	0 	0	0	0	0	0	0	0	0	0	1	0	0	0	1	4	1	200	0	0	0	0	0	0	0	0	0	0	0	0	1	41	1	4	0	0	0	0	0	0	0	0	0	0	0	0	0	0	0	0	0	0	0	0	0	0	0	0	0	1	0	0	0	0	0	0	0	0	0	0	0	0	0	0	0	0	0	0	0	0	0	0	0	0	0	0	0	0	0	0	0	0	0	0	0	0	0	0	0	0	0	0	0	0	0	0	0	0		//			-27		-20	-47	-9.4	-7	43
	50524	0	0	수라키의에테르블래스터	35046	1	7875DF	30013	36047	1065	1065	3075	39999	0	16	0	1	0	Null	0	Null	0	4	0	0	16	73	4846	1	16700	16700	1	0	1	1285	121	0	0	50	0	0	0	0	0	0	0 	0 	221 	283 	0.8 	115 	0 	0 	1 	1 	3 	1.5 	0 	0 	0 	0 	0 	0	0	0	0	0	0	0	0	0	1	0	0	0	1	3	1	250	0	0	0	0	0	0	0	0	0	0	0	0	1	41	1	4	0	0	0	0	0	0	0	0	0	0	0	0	0	0	0	0	0	0	0	0	0	0	0	0	0	1	0	0	0	0	0	0	0	0	0	0	0	0	0	0	0	0	0	0	0	0	0	0	0	0	0	0	0	0	0	0	0	0	0	0	0	0	0	0	0	0	0	0	0	0	0	0	0	0		//			-27		-20	-47	-9.4	-7	50
	50525	0	0	영혼강탈자의에테르블래스터	35047	1	7875DF	30013	36048	1066	1066	3076	39999	0	16	0	1	0	Null	0	Null	0	4	0	0	17	78	4728	1	25800	25800	1	0	1	1285	121	0	0	57	0	0	0	0	0	0	0 	0 	259 	331 	0.8 	115 	0 	0 	1 	1 	3 	1.5 	0 	0 	0 	0 	0 	0	0	0	0	0	0	0	0	0	1	0	0	0	1	6	1	300	0	0	0	0	0	0	0	0	0	0	0	0	1	41	1	4	0	0	0	0	0	0	0	0	0	0	0	0	0	0	0	0	0	0	0	0	0	0	0	0	0	1	0	0	0	0	0	0	0	0	0	0	0	0	0	0	0	0	0	0	0	0	0	0	0	0	0	0	0	0	0	0	0	0	0	0	0	0	0	0	0	0	0	0	0	0	0	0	0	0		//			-27		-20	-47	-9.4	-7	57
	50526	0	0	갈루아의에테르블래스터	35048	1	7875DF	30013	36049	1067	1067	3077	39999	0	16	0	1	0	Null	0	Null	0	4	0	0	18	82	4610	1	40000	40000	1	0	1	1285	121	0	0	64	0	0	0	0	0	0	0 	0 	303 	386 	0.8 	115 	0 	0 	1 	1 	3 	1.5 	0 	0 	0 	0 	0 	0	0	0	0	0	0	0	0	0	1	0	0	0	1	35	1	70	0	0	0	0	0	0	0	0	0	0	0	0	1	41	1	4	0	0	0	0	0	0	0	0	0	0	0	0	0	0	0	0	0	0	0	0	0	0	0	0	0	1	0	0	0	0	0	0	0	0	0	0	0	0	0	0	0	0	0	0	0	0	0	0	0	0	0	0	0	0	0	0	0	0	0	0	0	0	0	0	0	0	0	0	0	0	0	0	0	0		//			-27		-20	-47	-9.4	-7	64
	50590	0	0	파수꾼사이베드의_아크블레이드_13등급아이템	35043	1	7875DF	30017	36044	1092	1091	3097	39999	0	17	0	17	0	Null	0	Null	0	4	0	0	13	60	5200	1	4500	4500	1	0	1	1285	121	0	0	29	0	0	0	0	0	0	0 	0 	121 	144 	0.8 	125 	0 	0 	1 	1 	3 	2.0 	0 	0 	0 	0 	0 	0	0	0	0	0	0	0	0	0	0	1	0	0	1	5	1	100	0	0	0	0	0	0	0	0	0	0	0	0	1	41	1	4	0	0	0	0	0	0	0	0	0	0	0	0	0	0	0	0	0	0	0	0	0	0	0	0	0	1	0	0	0	0	0	0	0	0	0	0	0	0	0	0	0	0	0	0	0	0	0	0	0	0	0	0	0	0	0	0	0	0	0	0	0	0	0	0	0	0	0	0	0	0	0	0	0	0		//		-20	-24			-44	-8.8	-6	36
	50591	0	0	어둠의나크라트의_아크블레이드_14등급아이템	35044	1	7875DF	30017	36045	1094	1093	3098	39999	0	17	0	17	0	Null	0	Null	0	4	0	0	14	64	5082	1	6900	6900	1	0	1	1285	121	0	0	36	0	0	0	0	0	0	0 	0 	141 	168 	0.8 	125 	0 	0 	1 	1 	3 	2.0 	0 	0 	0 	0 	0 	0	0	0	0	0	0	0	0	0	0	1	0	0	1	7	1	150	0	0	0	0	0	0	0	0	0	0	0	0	1	41	1	4	0	0	0	0	0	0	0	0	0	0	0	0	0	0	0	0	0	0	0	0	0	0	0	0	0	1	0	0	0	0	0	0	0	0	0	0	0	0	0	0	0	0	0	0	0	0	0	0	0	0	0	0	0	0	0	0	0	0	0	0	0	0	0	0	0	0	0	0	0	0	0	0	0	0		//		-20	-24			-44	-8.8	-6	43
	50592	0	0	사제시트나르타의_아크블레이드_15등급아이템	35045	1	7875DF	30017	36046	1096	1095	3099	39999	0	17	0	17	0	Null	0	Null	0	4	0	0	15	69	4964	1	10700	10700	1	0	1	1285	121	0	0	43	0	0	0	0	0	0	0 	0 	165 	198 	0.8 	125 	0 	0 	1 	1 	3 	2.0 	0 	0 	0 	0 	0 	0	0	0	0	0	0	0	0	0	0	1	0	0	1	4	1	200	0	0	0	0	0	0	0	0	0	0	0	0	1	41	1	4	0	0	0	0	0	0	0	0	0	0	0	0	0	0	0	0	0	0	0	0	0	0	0	0	0	1	0	0	0	0	0	0	0	0	0	0	0	0	0	0	0	0	0	0	0	0	0	0	0	0	0	0	0	0	0	0	0	0	0	0	0	0	0	0	0	0	0	0	0	0	0	0	0	0		//		-20	-24			-44	-8.8	-6	50
	50593	0	0	수라키의_아크블레이드_16등급아이템	35046	1	7875DF	30017	36047	1098	1097	3100	39999	0	17	0	17	0	Null	0	Null	0	4	0	0	16	73	4846	1	16700	16700	1	0	1	1285	121	0	0	50	0	0	0	0	0	0	0 	0 	193 	232 	0.8 	125 	0 	0 	1 	1 	3 	2.0 	0 	0 	0 	0 	0 	0	0	0	0	0	0	0	0	0	0	1	0	0	1	3	1	250	0	0	0	0	0	0	0	0	0	0	0	0	1	41	1	4	0	0	0	0	0	0	0	0	0	0	0	0	0	0	0	0	0	0	0	0	0	0	0	0	0	1	0	0	0	0	0	0	0	0	0	0	0	0	0	0	0	0	0	0	0	0	0	0	0	0	0	0	0	0	0	0	0	0	0	0	0	0	0	0	0	0	0	0	0	0	0	0	0	0		//		-20	-24			-44	-8.8	-6	57
	50594	0	0	영혼강탈자의_아크블레이드_17등급아이템	35047	1	7875DF	30017	36048	1100	1099	3101	39999	0	17	0	17	0	Null	0	Null	0	4	0	0	17	78	4728	1	25800	25800	1	0	1	1285	121	0	0	57	0	0	0	0	0	0	0 	0 	226 	271 	0.8 	125 	0 	0 	1 	1 	3 	2.0 	0 	0 	0 	0 	0 	0	0	0	0	0	0	0	0	0	0	1	0	0	1	6	1	300	0	0	0	0	0	0	0	0	0	0	0	0	1	41	1	4	0	0	0	0	0	0	0	0	0	0	0	0	0	0	0	0	0	0	0	0	0	0	0	0	0	1	0	0	0	0	0	0	0	0	0	0	0	0	0	0	0	0	0	0	0	0	0	0	0	0	0	0	0	0	0	0	0	0	0	0	0	0	0	0	0	0	0	0	0	0	0	0	0	0		//		-20	-24			-44	-8.8	-6	64
	50595	0	0	갈루아의_아크블레이드_18등급아이템	35048	1	7875DF	30017	36049	1102	1101	3102	39999	0	17	0	17	0	Null	0	Null	0	4	0	0	18	82	4610	1	40000	40000	1	0	1	1285	121	0	0	64	0	0	0	0	0	0	0 	0 	264 	317 	0.8 	125 	0 	0 	1 	1 	3 	2.0 	0 	0 	0 	0 	0 	0	0	0	0	0	0	0	0	0	0	1	0	0	1	35	1	70	0	0	0	0	0	0	0	0	0	0	0	0	1	41	1	4	0	0	0	0	0	0	0	0	0	0	0	0	0	0	0	0	0	0	0	0	0	0	0	0	0	1	0	0	0	0	0	0	0	0	0	0	0	0	0	0	0	0	0	0	0	0	0	0	0	0	0	0	0	0	0	0	0	0	0	0	0	0	0	0	0	0	0	0	0	0	0	0	0	0		//		-20	-24			-44	-8.8	-6	71
//		[ID50401~50410]_일본1102_복귀자무기																																																																					0	0	0	0																																																																																																	//									
	50401	1	2	일본복귀자무기_양손도끼	30431	0	0	30001	301057	11959	11959	2010	39999	0	1	0	1	0	Null	0	Null	0	0	0	0	10	78	4728	1	40000	40000	0	0	1	263	121	0	1	30	0	0	0	0	0	0	0	0	323	457	0.8	105 	0	0	1	1	3	1.5	0	0	0	0	0	0	0	0	1	0	0	0	0	0	0	0	0	0	0	0	0	0	0	0	0	0	0	0	0	0	0	0	0	0	0	0	0	0	0	0	0	0	0	0	0	0	0	0	0	0	0	0	0	0	0	0	0	0	0	0	0	0	0	1	0	0	0	0	0	0	0	0	0	0	0	0	0	0	0	0	0	0	0	0	0	0	0	0	0	0	0	0	0	0	0	0	0	0	0	0	0	0	0	0	0	0	0	0	0	0	0	0		//									
	50402	1	2	일본복귀자무기_양손검	30431	0	0	30002	301057	11960	11960	2110	39999	0	2	0	2	0	Null	0	Null	0	0	0	0	10	78	4416	1	40000	40000	0	0	1	263	121	0	1	30	0	0	0	0	0	0	0	0	343	438	0.8	115 	0	0	1	1	1	1.8	0	0	0	0	0	0	0	0	1	0	0	0	0	0	0	0	0	0	0	0	0	0	0	0	0	0	0	0	0	0	0	0	0	0	0	0	0	0	0	0	0	0	0	0	0	0	0	0	0	0	0	0	0	0	0	0	0	0	0	0	0	0	0	1	0	0	0	0	0	0	0	0	0	0	0	0	0	0	0	0	0	0	0	0	0	0	0	0	0	0	0	0	0	0	0	0	0	0	0	0	0	0	0	0	0	0	0	0	0	0	0	0		//									
	50403	1	2	일본복귀자무기_한손검	30431	0	0	30003	301057	11961	11961	2210	39999	0	3	0	3	0	Null	0	Null	0	0	0	0	10	68	7248	1	40000	40000	0	0	1	263	121	0	1	30	0	0	0	0	0	0	0	0	253	293	0.8	135 	0	0	1	1	1	1	0	0	0	0	0	0	0	0	0	1	0	0	0	0	0	0	0	0	0	0	0	0	0	0	0	0	0	0	0	0	0	0	0	0	0	0	0	0	0	0	0	0	0	0	0	0	0	0	0	0	0	0	0	0	0	0	0	0	0	0	0	0	0	1	0	0	0	0	0	0	0	0	0	0	0	0	0	0	0	0	0	0	0	0	0	0	0	0	0	0	0	0	0	0	0	0	0	0	0	0	0	0	0	0	0	0	0	0	0	0	0	0		//									
	50404	1	2	일본복귀자무기_창	30431	0	0	30004	301057	11962	11962	2310	39999	0	4	0	4	0	Null	0	Null	0	0	0	0	10	68	6216	1	40000	40000	0	0	1	263	121	0	1	30	0	0	0	0	0	0	0	0	253	312	0.8	120 	0	0	1	1	1	2.5	0	0	0	0	0	0	0	0	0	1	0	0	0	0	0	0	0	0	0	0	0	0	0	0	0	0	0	0	0	0	0	0	0	0	0	0	0	0	0	0	0	0	0	0	0	0	0	0	0	0	0	0	0	0	0	0	0	0	0	0	0	0	0	1	0	0	0	0	0	0	0	0	0	0	0	0	0	0	0	0	0	0	0	0	0	0	0	0	0	0	0	0	0	0	0	0	0	0	0	0	0	0	0	0	0	0	0	0	0	0	0	0		//									
	50405	1	2	일본복귀자무기_한손석궁	30431	0	0	30007	301057	11965	11965	2610	39999	0	7	0	7	0	Null	0	Null	0	0	0	0	10	60	6744	1	40000	40000	0	0	1	263	121	0	1	30	0	0	0	0	0	0	0	0	426	478	0.8	150 	0	0	2	2	2	19	0	0	0	0	0	0	0	0	0	0	0	1	0	0	0	0	0	0	0	0	0	0	0	0	0	0	0	0	0	0	0	0	0	0	0	0	0	0	0	0	0	0	0	0	0	0	0	0	0	0	0	0	0	0	0	0	0	0	0	0	0	0	0	1	0	0	0	0	0	0	0	0	0	0	0	0	0	0	0	0	0	0	0	0	0	0	0	0	0	0	0	0	0	0	0	0	0	0	0	0	0	0	0	0	0	0	0	0	0	0	0	0		//									
	50406	1	2	일본복귀자무기_웨폰	30431	0	0	30008	301057	11966	11966	2710	39999	0	8	0	8	0	Null	0	Null	0	0	0	0	10	60	4320	1	40000	40000	0	0	1	263	121	0	1	30	0	0	0	0	0	0	0	0	469	565	0.8	105 	0	0	2	2	2	16	0	0	0	0	0	0	0	0	0	0	0	1	0	0	0	0	0	0	0	0	0	0	0	0	0	0	0	0	0	0	0	0	0	0	0	0	0	0	0	0	0	0	0	0	0	0	0	0	0	0	0	0	0	0	0	0	0	0	0	0	0	0	0	1	0	0	0	0	0	0	0	0	0	0	0	0	0	0	0	0	0	0	0	0	0	0	0	0	0	0	0	0	0	0	0	0	0	0	0	0	0	0	0	0	0	0	0	0	0	0	0	0		//									
	50407	1	2	일본복귀자무기_지팡이	30431	0	0	30009	301057	11967	11967	2810	39999	0	10	0	10	0	Null	0	Null	0	0	0	0	10	40	9144	1	40000	40000	0	0	1	263	121	0	1	30	0	0	0	0	0	0	0	0	386	421	0.8	95 	0	0	1	1	4	2.5	0	0	0	0	0	0	0	0	0	0	0	0	1	0	0	0	0	0	0	0	0	0	0	0	0	0	0	0	0	0	0	0	0	0	0	0	0	0	0	0	0	0	0	0	0	0	0	0	0	0	0	0	0	0	0	0	0	0	0	0	0	0	0	1	0	0	0	0	0	0	0	0	0	0	0	0	0	0	0	0	0	0	0	0	0	0	0	0	0	0	0	0	0	0	0	0	0	0	0	0	0	0	0	0	0	0	0	0	0	0	0	0		//									
	50408	1	2	일본복귀자무기_오브	30431	0	0	30010	301057	11968	11968	2910	39999	0	11	0	11	0	Null	0	Null	0	0	0	0	10	40	8880	1	40000	40000	0	0	1	263	121	0	1	30	0	0	0	0	0	0	0	0	310	335	0.8	100 	0	0	2	2	4	13	0	0	0	0	0	0	0	0	0	0	0	0	1	0	0	0	0	0	1	34	2	-5	0	0	0	0	0	0	0	0	0	0	0	0	0	0	0	0	0	0	0	0	0	0	0	0	0	0	0	0	0	0	0	0	0	0	0	0	0	0	0	0	0	1	0	0	0	0	0	0	0	0	0	0	0	0	0	0	0	0	0	0	0	0	0	0	0	0	0	0	0	0	0	0	0	0	0	0	0	0	0	0	0	0	0	0	0	0	0	0	0	0		//									
	50409	1	2	일본복귀자무기_대거	30431	0	0	31156	301057	11963	11963	2410	39999	0	5	0	5	0	Null	0	Null	0	0	0	0	10	67	6648	1	40000	40000	0	0	1	263	121	0	1	30	0	0	0	0	0	0	0	0	264	299	0.8	140 	0	0	1	1	1	2.5	0	0	0	0	0	0	0	0	0	0	1	0	0	0	0	0	0	0	0	0	0	0	0	0	0	0	0	0	0	0	0	0	0	0	0	0	0	0	0	0	0	0	0	0	0	0	0	0	0	0	0	0	0	0	0	0	0	0	0	0	0	0	0	1	0	0	0	0	0	0	0	0	0	0	0	0	0	0	0	0	0	0	0	0	0	0	0	0	0	0	0	0	0	0	0	0	0	0	0	0	0	0	0	0	0	0	0	0	0	0	0	0		//									
	50410	1	2	일본복귀자무기_채찍검	30431	0	0	31157	301057	11964	11964	2510	39999	0	6	0	6	0	Null	0	Null	0	0	0	0	10	67	7248	1	40000	40000	0	0	1	263	121	0	1	30	0	0	0	0	0	0	0	0	265	331	0.8	125 	0	0	1	1	1	3.5	0	0	0	0	0	0	0	0	0	0	1	0	0	0	0	0	0	0	0	0	0	0	0	0	0	0	0	0	0	0	0	0	0	0	0	0	0	0	0	0	0	0	0	0	0	0	0	0	0	0	0	0	0	0	0	0	0	0	0	0	0	0	0	1	0	0	0	0	0	0	0	0	0	0	0	0	0	0	0	0	0	0	0	0	0	0	0	0	0	0	0	0	0	0	0	0	0	0	0	0	0	0	0	0	0	0	0	0	0	0	0	0		//									
//		[ID50411~50420]_중국1102_친구초대이벤트무기																																																																					0	0	0	0																																																																																																	//									
	50411	0	0	합금_양손도끼_3등급아이템	30033	0	0	30001	0	3	3	2003	39999	0	1	0	1	0	Null	0	Null	0	0	0	0	3	46	5556	1	1200	1200	0	0	1	295	0	0	0	15	0	0	0	0	0	0	0	0	83	112	0.8 	105 	0	0	1	1	3	1.5	0	0	0	0	0	0	0	0	1	0	0	0	0	0	0	0	0	0	0	0	0	0	0	0	0	0	0	0	0	0	0	0	0	0	1	41	1	3	0	0	0	0	0	0	0	0	0	0	0	0	0	0	0	0	0	0	0	0	0	0	0	0	0	1	0	0	0	0	0	0	0	0	0	0	0	0	0	0	0	0	0	0	0	0	0	0	0	0	0	0	91	129	0	0	0	0	0	0	0	0	0	0	0	0	0	0	0	0	0	0	1	0		//	-26		-27			-53	-10.6	-8	15
	50412	0	0	합금_양손검_3등급아이템	30063	0	0	30002	0	103	103	2103	39999	0	2	0	2	0	Null	0	Null	0	0	0	0	3	46	5188	1	1200	1200	0	0	1	295	0	0	0	15	0	0	0	0	0	0	0	0	89	108	0.8 	115 	0	0	1	1	1	1.8	0	0	0	0	0	0	0	0	1	0	0	0	0	0	0	0	0	0	0	0	0	0	0	0	0	0	0	0	0	0	0	0	0	0	1	41	1	5	0	0	0	0	0	0	0	0	0	0	0	0	0	0	0	0	0	0	0	0	0	0	0	0	0	1	0	0	0	0	0	0	0	0	0	0	0	0	0	0	0	0	0	0	0	0	0	0	0	0	0	0	98	124	0	0	0	0	0	0	0	0	0	0	0	0	0	0	0	0	0	0	1	0		//	-26		-27			-53	-10.6	-8	15
	50413	0	0	주석_한손검_3등급아이템	30093	0	0	30003	0	203	203	2203	39999	0	3	0	3	0	Null	0	Null	0	0	0	0	3	39	8516	1	1200	1200	0	0	1	295	0	0	0	15	0	0	0	0	0	0	0	0	65	72	0.8 	135 	0	0	1	1	1	1	0	0	0	0	0	0	0	0	0	1	0	0	0	0	0	0	0	0	0	0	0	0	0	0	0	0	0	0	0	0	0	0	0	0	1	41	1	2	0	0	0	0	0	0	0	0	0	0	0	0	0	0	0	0	0	0	0	0	0	0	0	0	0	1	0	0	0	0	0	0	0	0	0	0	0	0	0	0	0	0	0	0	0	0	0	0	0	0	0	0	72	83	0	0	0	0	0	0	0	0	0	0	0	0	0	0	0	0	0	0	1	0		//	-22	-20				-42	-8.4	-6	15
	50414	0	0	주석_창_3등급아이템	30123	0	0	30004	0	303	303	2303	39999	0	4	0	4	0	Null	0	Null	0	0	0	0	3	39	7304	1	1200	1200	0	0	1	295	0	0	0	15	0	0	0	0	0	0	0	0	65	76	0.8 	120 	0	0	1	1	1	2.5	0	0	0	0	0	0	0	0	0	1	0	0	0	0	0	0	0	0	0	0	0	0	0	0	0	0	0	0	0	0	0	0	0	0	1	41	1	4	0	0	0	0	0	0	0	0	0	0	0	0	0	0	0	0	0	0	0	0	0	0	0	0	0	1	0	0	0	0	0	0	0	0	0	0	0	0	0	0	0	0	0	0	0	0	0	0	0	0	0	0	72	87	0	0	0	0	0	0	0	0	0	0	0	0	0	0	0	0	0	0	1	0		//	-22	-20				-42	-8.4	-6	15
	50415	0	0	흑철_대거_3등급아이템	31163	0	0	31156	0	403	403	2403	39999	0	5	0	5	0	Null	0	Null	0	0	0	0	3	38	7812	1	1200	1200	0	0	1	295	0	0	0	15	0	0	0	0	0	0	0	0	68	73	0.8 	140 	0	0	1	1	1	2.5	0	0	0	0	0	0	0	0	0	0	1	0	0	0	0	0	0	0	0	0	0	0	0	0	0	0	0	0	0	0	0	0	0	0	1	41	1	2	0	0	0	0	0	0	0	0	0	0	0	0	0	0	0	0	0	0	0	0	0	0	0	0	0	1	0	0	0	0	0	0	0	0	0	0	0	0	0	0	0	0	0	0	0	0	0	0	0	0	0	0	75	84	0	0	0	0	0	0	0	0	0	0	0	0	0	0	0	0	0	0	1	0		//	-19			-18		-37	-7.4	-5	15
	50416	0	0	흑철_채찍검_3등급아이템	31173	0	0	31157	0	503	503	2503	39999	0	6	0	6	0	Null	0	Null	0	0	0	0	3	38	8516	1	1200	1200	0	0	1	295	0	0	0	15	0	0	0	0	0	0	0	0	68	81	0.8 	125 	0	0	1	1	1	3.5	0	0	0	0	0	0	0	0	0	0	1	0	0	0	0	0	0	0	0	0	0	0	0	0	0	0	0	0	0	0	0	0	0	0	1	41	1	3	0	0	0	0	0	0	0	0	0	0	0	0	0	0	0	0	0	0	0	0	0	0	0	0	0	1	0	0	0	0	0	0	0	0	0	0	0	0	0	0	0	0	0	0	0	0	0	0	0	0	0	0	75	93	0	0	0	0	0	0	0	0	0	0	0	0	0	0	0	0	0	0	1	0		//	-19			-18		-37	-7.4	-5	15
	50417	0	0	주석_한손석궁_3등급아이템	30213	0	0	30007	0	603	603	2603	39999	0	7	0	7	0	Null	0	Null	0	0	0	0	3	32	7924	1	1200	1200	0	0	1	295	0	0	0	15	0	0	0	0	0	0	0	0	110	117	0.8 	150 	0	0	2	2	2	19	0	0	0	0	0	0	0	0	0	0	0	1	0	0	0	0	0	0	0	0	0	0	0	0	0	0	0	0	0	0	0	0	0	0	1	41	1	2	0	0	0	0	0	0	0	0	0	0	0	0	0	0	0	0	0	0	0	0	0	0	0	0	0	1	0	0	0	0	0	0	0	0	0	0	0	0	0	0	0	0	0	0	0	0	0	0	0	0	0	0	121	135	0	0	0	0	0	0	0	0	0	0	0	0	0	0	0	0	0	0	1	0		//	-16	-23				-39	-7.8	-5	15
	50418	0	0	주석_에테르웨폰_3등급아이템	30243	0	0	30008	0	703	703	2703	39999	0	8	0	8	0	Null	0	Null	0	0	0	0	3	32	5076	1	1200	1200	0	0	1	295	0	0	0	15	0	0	0	0	0	0	0	0	120	139	0.8 	105 	0	0	2	2	2	16	0	0	0	0	0	0	0	0	0	0	0	1	0	0	0	0	0	0	0	0	0	0	0	0	0	0	0	0	0	0	0	0	0	0	1	41	1	3	0	0	0	0	0	0	0	0	0	0	0	0	0	0	0	0	0	0	0	0	0	0	0	0	0	1	0	0	0	0	0	0	0	0	0	0	0	0	0	0	0	0	0	0	0	0	0	0	0	0	0	0	132	160	0	0	0	0	0	0	0	0	0	0	0	0	0	0	0	0	0	0	1	0		//	-16	-23				-39	-7.8	-5	15
	50419	0	0	상아_지팡이_3등급아이템	30273	0	0	30009	0	803	803	2803	39999	0	10	0	10	0	Null	0	Null	0	0	0	0	3	25	10744	1	1200	1200	0	0	1	295	0	0	0	15	0	0	0	0	0	0	0	0	99	104	0.8 	95 	0	0	1	1	4	2.5	0	0	0	0	0	0	0	0	0	0	0	0	1	0	0	0	0	0	0	0	0	0	0	0	0	0	0	0	0	0	0	0	0	0	1	41	1	1	0	0	0	0	0	0	0	0	0	0	0	0	0	0	0	0	0	0	0	0	0	0	0	0	0	1	0	0	0	0	0	0	0	0	0	0	0	0	0	0	0	0	0	0	0	0	0	0	0	0	0	0	109	120	0	0	0	0	0	0	0	0	0	0	0	0	0	0	0	0	0	0	1	0		//				-25	-22	-47	-9.4	-7	15
	50420	0	0	캣츠아이_오브_3등급아이템	30303	0	0	30010	0	903	903	2903	39999	0	11	0	11	0	Null	0	Null	0	0	0	0	3	25	10434	1	1200	1200	0	0	1	295	0	0	0	15	0	0	0	0	0	0	0	0	79	82	0.8 	100 	0	0	2	2	4	13	0	0	0	0	0	0	0	0	0	0	0	0	1	0	0	0	0	0	1	34	2	-5	0	0	0	0	0	0	0	0	0	0	0	0	1	41	1	1	0	0	0	0	0	0	0	0	0	0	0	0	0	0	0	0	0	0	0	0	0	0	0	0	0	1	0	0	0	0	0	0	0	0	0	0	0	0	0	0	0	0	0	0	0	0	0	0	0	0	0	0	87	94	0	0	0	0	0	0	0	0	0	0	0	0	0	0	0	0	0	0	1	0		//				-25	-22	-47	-9.4	-7	15
//		[ID50421~50430]_할로윈이벤트_해골무기																																				0																																	0	0	0	0																																																																																																	//									
	50421	0	0	버서커_해골무기_양손도끼	45552	0	0	30001	46553	7076	7076	25313	39999	0	1	0	1	0	Null	0	Null	0	0	0	0	1	100	15000	1	600	600	0	0	1	4	0	0	0	1	0	0	0	0	0	0	0	0	1	2	0.8 	105 	0	0	1	1	3	2.5	0	0	0	0	0	0	0	0	1	0	0	0	0	0	0	0	0	0	0	0	0	0	0	0	0	0	0	0	0	0	0	0	0	0	1	41	1	3	0	0	0	0	0	0	0	0	0	0	0	0	0	0	0	0	0	0	0	0	0	0	0	0	0	1	0	0	0	0	0	0	0	0	0	0	0	0	0	0	0	0	0	0	0	0	0	0	0	0	0	0	0	0	0	0	0	0	0	0	0	0	0	0	0	0	0	0	0	0	0	0	0	0		//								2	1
	50422	0	0	버서커_해골무기_양손검	45552	0	0	30002	46553	7077	7077	25313	39999	0	2	0	2	0	Null	0	Null	0	0	0	0	1	100	15000	1	600	600	0	0	1	4	0	0	0	1	0	0	0	0	0	0	0	0	1	2	0.8 	115 	0	0	1	1	1	1.8	0	0	0	0	0	0	0	0	1	0	0	0	0	0	0	0	0	0	0	0	0	0	0	0	0	0	0	0	0	0	0	0	0	0	1	41	1	5	0	0	0	0	0	0	0	0	0	0	0	0	0	0	0	0	0	0	0	0	0	0	0	0	0	1	0	0	0	0	0	0	0	0	0	0	0	0	0	0	0	0	0	0	0	0	0	0	0	0	0	0	0	0	0	0	0	0	0	0	0	0	0	0	0	0	0	0	0	0	0	0	0	0		//								2	1
	50423	0	0	드래곤_해골무기_한손검	45552	0	0	30003	46553	7078	7078	25314	39999	0	3	0	3	0	Null	0	Null	0	0	0	0	1	100	15000	1	600	600	0	0	1	4	0	0	0	1	0	0	0	0	0	0	0	0	1	2	0.8 	135 	0	0	1	1	1	1	0	0	0	0	0	0	0	0	0	1	0	0	0	0	0	0	0	0	0	0	0	0	0	0	0	0	0	0	0	0	0	0	0	0	1	41	1	2	0	0	0	0	0	0	0	0	0	0	0	0	0	0	0	0	0	0	0	0	0	0	0	0	0	1	0	0	0	0	0	0	0	0	0	0	0	0	0	0	0	0	0	0	0	0	0	0	0	0	0	0	0	0	0	0	0	0	0	0	0	0	0	0	0	0	0	0	0	0	0	0	0	0		//								2	1
	50424	0	0	드래곤_해골무기_창	45552	0	0	30004	46553	7079	7079	25313	39999	0	4	0	4	0	Null	0	Null	0	0	0	0	1	100	15000	1	600	600	0	0	1	4	0	0	0	1	0	0	0	0	0	0	0	0	1	2	0.8 	120 	0	0	1	1	1	2.5	0	0	0	0	0	0	0	0	0	1	0	0	0	0	0	0	0	0	0	0	0	0	0	0	0	0	0	0	0	0	0	0	0	0	1	41	1	4	0	0	0	0	0	0	0	0	0	0	0	0	0	0	0	0	0	0	0	0	0	0	0	0	0	1	0	0	0	0	0	0	0	0	0	0	0	0	0	0	0	0	0	0	0	0	0	0	0	0	0	0	0	0	0	0	0	0	0	0	0	0	0	0	0	0	0	0	0	0	0	0	0	0		//								2	1
	50425	0	0	섀도우_해골무기_대거	45552	0	0	30005	46553	7080	7080	25314	39999	0	5	0	5	0	Null	0	Null	0	0	0	0	1	100	15000	1	600	600	0	0	1	4	0	0	0	1	0	0	0	0	0	0	0	0	1	2	0.8 	140 	0	0	1	1	1	2.5	0	0	0	0	0	0	0	0	0	0	1	0	0	0	0	0	0	0	0	0	0	0	0	0	0	0	0	0	0	0	0	0	0	0	1	41	1	2	0	0	0	0	0	0	0	0	0	0	0	0	0	0	0	0	0	0	0	0	0	0	0	0	0	1	0	0	0	0	0	0	0	0	0	0	0	0	0	0	0	0	0	0	0	0	0	0	0	0	0	0	0	0	0	0	0	0	0	0	0	0	0	0	0	0	0	0	0	0	0	0	0	0		//								2	1
	50426	0	0	섀도우_해골무기_채찍	45552	0	0	30006	46553	7081	7081	25313	39999	0	6	0	6	0	Null	0	Null	0	0	0	0	1	100	15000	1	600	600	0	0	1	4	0	0	0	1	0	0	0	0	0	0	0	0	1	2	0.8 	125 	0	0	1	1	1	3.5	0	0	0	0	0	0	0	0	0	0	1	0	0	0	0	0	0	0	0	0	0	0	0	0	0	0	0	0	0	0	0	0	0	0	1	41	1	3	0	0	0	0	0	0	0	0	0	0	0	0	0	0	0	0	0	0	0	0	0	0	0	0	0	1	0	0	0	0	0	0	0	0	0	0	0	0	0	0	0	0	0	0	0	0	0	0	0	0	0	0	0	0	0	0	0	0	0	0	0	0	0	0	0	0	0	0	0	0	0	0	0	0		//								2	1
	50427	0	0	발키리_해골무기_한손석궁	45552	0	0	30007	46553	7082	7082	25314	39999	0	7	0	7	0	Null	0	Null	0	0	0	0	1	100	15000	1	600	600	0	0	1	4	0	0	0	1	0	0	0	0	0	0	0	0	1	2	0.8 	150 	0	0	2	2	2	19	0	0	0	0	0	0	0	0	0	0	0	1	0	0	0	0	0	0	0	0	0	0	0	0	0	0	0	0	0	0	0	0	0	0	1	41	1	2	0	0	0	0	0	0	0	0	0	0	0	0	0	0	0	0	0	0	0	0	0	0	0	0	0	1	0	0	0	0	0	0	0	0	0	0	0	0	0	0	0	0	0	0	0	0	0	0	0	0	0	0	0	0	0	0	0	0	0	0	0	0	0	0	0	0	0	0	0	0	0	0	0	0		//								2	1
	50428	0	0	발키리_해골무기_에테르웨폰	45552	0	0	30008	46553	7083	7083	25313	39999	0	8	0	8	0	Null	0	Null	0	0	0	0	1	100	15000	1	600	600	0	0	1	4	0	0	0	1	0	0	0	0	0	0	0	0	1	2	0.8 	105 	0	0	2	2	2	16	0	0	0	0	0	0	0	0	0	0	0	1	0	0	0	0	0	0	0	0	0	0	0	0	0	0	0	0	0	0	0	0	0	0	1	41	1	3	0	0	0	0	0	0	0	0	0	0	0	0	0	0	0	0	0	0	0	0	0	0	0	0	0	1	0	0	0	0	0	0	0	0	0	0	0	0	0	0	0	0	0	0	0	0	0	0	0	0	0	0	0	0	0	0	0	0	0	0	0	0	0	0	0	0	0	0	0	0	0	0	0	0		//								2	1
	50429	0	0	엘리_해골무기_지팡이	45552	0	0	30009	46553	7084	7084	25313	39999	0	10	0	10	0	Null	0	Null	0	0	0	0	1	100	15000	1	600	600	0	0	1	4	0	0	0	1	0	0	0	0	0	0	0	0	1	2	0.8 	95 	0	0	1	1	4	2.5	0	1	2	0	0	0	0	0	0	0	0	0	1	0	0	0	0	0	0	0	0	0	0	0	0	0	0	0	0	0	0	0	0	0	1	41	1	1	0	0	0	0	0	0	0	0	0	0	0	0	0	0	0	0	0	0	0	0	0	0	0	0	0	1	0	0	0	0	0	0	0	0	0	0	0	0	0	0	0	0	0	0	0	0	0	0	0	0	0	0	0	0	0	0	0	0	0	0	0	0	0	0	0	0	0	0	0	0	0	0	0	0		//								2	1
	50430	0	0	엘리_해골무기_오브	45552	0	0	30010	46553	7085	7085	25313	39999	0	11	0	11	0	Null	0	Null	0	0	0	0	1	100	15000	1	600	600	0	0	1	4	0	0	0	1	0	0	0	0	0	0	0	0	1	2	0.8 	100 	0	0	2	2	4	13	0	1	2	0	0	0	0	0	0	0	0	0	1	0	0	0	0	0	1	34	2	-5	0	0	0	0	0	0	0	0	0	0	0	0	1	41	1	1	0	0	0	0	0	0	0	0	0	0	0	0	0	0	0	0	0	0	0	0	0	0	0	0	0	1	0	0	0	0	0	0	0	0	0	0	0	0	0	0	0	0	0	0	0	0	0	0	0	0	0	0	0	0	0	0	0	0	0	0	0	0	0	0	0	0	0	0	0	0	0	0	0	0		//								2	1
//	레벨업박스지급용장비추가[701~870]																																																																						0	0	0	0																																																																																																	//									
	701	0	0	맞춤설계된_금속_양손도끼_1등급아이템	48817	0	0	30001	48816	1	1	2001	39999	0	1	0	1	0	Null	0	Null	0	0	0	0	1	38	5910	1	25	25	0	0	1	261	0	0	0	1	0	0	0	0	0	0	0	0	61	82	0.8 	105 	0	0	1	1	3	1.5	0	0	0	0	0	0	0	0	1	0	0	0	0	0	0	0	0	0	0	0	0	0	0	0	0	0	0	0	0	0	0	0	0	0	1	41	1	3	0	0	0	0	0	0	0	0	0	0	0	0	0	0	0	0	0	0	0	0	0	0	0	0	0	1	0	0	0	0	0	0	0	0	0	0	0	0	0	0	0	0	0	0	0	0	0	0	0	0	0	0	67	94	0	0	0	0	0	0	0	0	0	0	0	0	0	0	0	0	0	0	1	0		//	-26		-27			-53	-10.6	-8	1
	702	0	0	맞춤설계된_청동_양손도끼_2등급아이템	48818	0	0	30001	48816	2	2	2002	39999	0	1	0	1	0	Null	0	Null	0	0	0	0	2	42	5674	1	800	800	0	0	1	261	0	0	0	8	0	0	0	0	0	0	0	0	71	96	0.8 	105 	0	0	1	1	3	1.5	0	0	0	0	0	0	0	0	1	0	0	0	0	0	0	0	0	0	0	0	0	0	0	0	0	0	0	0	0	0	0	0	0	0	1	41	1	3	0	0	0	0	0	0	0	0	0	0	0	0	0	0	0	0	0	0	0	0	0	0	0	0	0	1	0	0	0	0	0	0	0	0	0	0	0	0	0	0	0	0	0	0	0	0	0	0	0	0	0	0	78	110	0	0	0	0	0	0	0	0	0	0	0	0	0	0	0	0	0	0	1	0		//	-26		-27			-53	-10.6	-8	8
	703	0	0	맞춤설계된_합금_양손도끼_3등급아이템	48819	0	0	30001	48816	3	3	2003	39999	0	1	0	1	0	Null	0	Null	0	0	0	0	3	46	5556	1	1200	1200	0	0	1	261	0	0	0	15	0	0	0	0	0	0	0	0	83	112	0.8 	105 	0	0	1	1	3	1.5	0	0	0	0	0	0	0	0	1	0	0	0	0	0	0	0	0	0	0	0	0	0	0	0	0	0	0	0	0	0	0	0	0	0	1	41	1	3	0	0	0	0	0	0	0	0	0	0	0	0	0	0	0	0	0	0	0	0	0	0	0	0	0	1	0	0	0	0	0	0	0	0	0	0	0	0	0	0	0	0	0	0	0	0	0	0	0	0	0	0	91	129	0	0	0	0	0	0	0	0	0	0	0	0	0	0	0	0	0	0	1	0		//	-26		-27			-53	-10.6	-8	15
	704	0	0	맞춤설계된_강철_양손도끼_4등급아이템	48820	0	0	30001	48816	4	4	2004	39999	0	1	0	1	0	Null	0	Null	0	0	0	0	4	51	5438	1	1900	1900	0	0	1	261	0	0	0	22	0	0	0	0	0	0	0	0	97	132	0.8 	105 	0	0	1	1	3	1.5	0	0	0	0	0	0	0	0	1	0	0	0	0	0	0	0	0	0	0	0	0	0	0	0	0	0	0	0	0	0	0	0	0	0	1	41	1	3	0	0	0	0	0	0	0	0	0	0	0	0	0	0	0	0	0	0	0	0	0	0	0	0	0	1	0	0	0	0	0	0	0	0	0	0	0	0	0	0	0	0	0	0	0	0	0	0	0	0	0	0	107	152	0	0	0	0	0	0	0	0	0	0	0	0	0	0	0	0	0	0	1	0		//	-26		-27			-53	-10.6	-8	22
	705	0	0	맞춤설계된_베론가_양손도끼_5등급아이템	48821	0	0	30001	48816	5	5	2005	39999	0	1	0	1	0	Null	0	Null	0	0	0	0	5	55	5320	1	2900	2900	0	0	1	261	0	0	0	29	0	0	0	0	0	0	0	0	114	155	0.8 	105 	0	0	1	1	3	1.5	0	0	0	0	0	0	0	0	1	0	0	0	0	0	0	0	0	0	0	0	0	0	0	0	0	0	0	0	0	0	0	0	0	0	1	41	1	3	0	0	0	0	0	0	0	0	0	0	0	0	0	0	0	0	0	0	0	0	0	0	0	0	0	1	0	0	0	0	0	0	0	0	0	0	0	0	0	0	0	0	0	0	0	0	0	0	0	0	0	0	125	178	0	0	0	0	0	0	0	0	0	0	0	0	0	0	0	0	0	0	1	0		//	-26		-27			-53	-10.6	-8	29
	706	0	0	맞춤설계된_처절한단죄_양손도끼_6등급아이템	48822	0	0	30001	48816	6	6	2006	39999	0	1	0	1	0	Null	0	Null	0	0	0	0	6	60	5200	1	4500	4500	0	0	1	261	0	0	0	36	0	0	0	0	0	0	0	0	134	181	0.8 	105 	0	0	1	1	3	1.5	0	0	0	0	0	0	0	0	1	0	0	0	0	0	0	0	0	0	0	0	0	0	0	0	0	0	0	0	0	0	0	0	0	0	1	41	1	3	0	0	0	0	0	0	0	0	0	0	0	0	0	0	0	0	0	0	0	0	0	0	0	0	0	1	0	0	0	0	0	0	0	0	0	0	0	0	0	0	0	0	0	0	0	0	0	0	0	0	0	0	147	208	0	0	0	0	0	0	0	0	0	0	0	0	0	0	0	0	0	0	1	0		//	-26		-27			-53	-10.6	-8	36
	707	0	0	맞춤설계된_암흑의불꽃_양손도끼_7등급아이템	48823	0	0	30001	48816	7	7	2007	39999	0	1	0	1	0	Null	0	Null	0	0	0	0	7	64	5082	1	6900	6900	0	0	1	261	0	0	0	43	0	0	0	0	0	0	0	0	157	212	0.8 	105 	0	0	1	1	3	1.5	0	0	0	0	0	0	0	0	1	0	0	0	0	0	0	0	0	0	0	0	0	0	0	0	0	0	0	0	0	0	0	0	0	0	1	41	1	3	0	0	0	0	0	0	0	0	0	0	0	0	0	0	0	0	0	0	0	0	0	0	0	0	0	1	0	0	0	0	0	0	0	0	0	0	0	0	0	0	0	0	0	0	0	0	0	0	0	0	0	0	173	244	0	0	0	0	0	0	0	0	0	0	0	0	0	0	0	0	0	0	1	0		//	-26		-27			-53	-10.6	-8	43
	708	0	0	맞춤설계된_찬란한승리_양손도끼_8등급아이템	48824	0	0	30001	48816	8	8	2008	39999	0	1	0	1	0	Null	0	Null	0	0	0	0	8	69	4964	1	10700	10700	0	0	1	261	0	0	0	50	0	0	0	0	0	0	0	0	183	248	0.8 	105 	0	0	1	1	3	1.5	0	0	0	0	0	0	0	0	1	0	0	0	0	0	0	0	0	0	0	0	0	0	0	0	0	0	0	0	0	0	0	0	0	0	1	41	1	3	0	0	0	0	0	0	0	0	0	0	0	0	0	0	0	0	0	0	0	0	0	0	0	0	0	1	0	0	0	0	0	0	0	0	0	0	0	0	0	0	0	0	0	0	0	0	0	0	0	0	0	0	201	285	0	0	0	0	0	0	0	0	0	0	0	0	0	0	0	0	0	0	1	0		//	-26		-27			-53	-10.6	-8	50
	709	0	0	맞춤설계된_어둠을가르는_양손도끼_9등급아이템	48825	0	0	30001	48816	9	9	2009	39999	0	1	0	1	0	Null	0	Null	0	0	0	0	9	73	4846	1	16700	16700	0	0	1	261	0	0	0	57	0	0	0	0	0	0	0	0	215	290	0.8 	105 	0	0	1	1	3	1.5	0	0	0	0	0	0	0	0	1	0	0	0	0	0	0	0	0	0	0	0	0	0	0	0	0	0	0	0	0	0	0	0	0	0	1	41	1	3	0	0	0	0	0	0	0	0	0	0	0	0	0	0	0	0	0	0	0	0	0	0	0	0	0	1	0	0	0	0	0	0	0	0	0	0	0	0	0	0	0	0	0	0	0	0	0	0	0	0	0	0	237	334	0	0	0	0	0	0	0	0	0	0	0	0	0	0	0	0	0	0	1	0		//	-26		-27			-53	-10.6	-8	57
	710	0	0	맞춤설계된_아타나시아_양손도끼_10등급아이템	48826	0	0	30001	48816	10	10	2010	39999	0	1	0	1	0	Null	0	Null	0	0	0	0	10	78	4728	1	25800	25800	0	0	1	261	0	0	0	64	0	0	0	0	0	0	0	0	251	340	0.8 	105 	0	0	1	1	3	1.5	0	0	0	0	0	0	0	0	1	0	0	0	0	0	0	0	0	0	0	0	0	0	0	0	0	0	0	0	0	0	0	0	0	0	1	41	1	3	0	0	0	0	0	0	0	0	0	0	0	0	0	0	0	0	0	0	0	0	0	0	0	0	0	1	0	0	0	0	0	0	0	0	0	0	0	0	0	0	0	0	0	0	0	0	0	0	0	0	0	0	276	391	0	0	0	0	0	0	0	0	0	0	0	0	0	0	0	0	0	0	1	0		//	-26		-27			-53	-10.6	-8	64
//	711	0	0	맞춤설계된_결전의날_양손도끼_11등급아이템	48827	0	0	30001	48816	11	11	2011	39999	0	1	0	1	0	Null	0	Null	0	0	0	0	11	82	4610	1	40000	40000	0	0	1	261	0	0	0	71	0	0	0	0	0	0	0	0	294	397	0.8 	105 	0	0	1	1	3	1.5	0	0	0	0	0	0	0	0	1	0	0	0	0	0	0	0	0	0	0	0	0	0	0	0	0	0	0	0	0	0	0	0	0	0	1	41	1	3	0	0	0	0	0	0	0	0	0	0	0	0	0	0	0	0	0	0	0	0	0	0	0	0	0	1	0	0	0	0	0	0	0	0	0	0	0	0	0	0	0	0	0	0	0	0	0	0	0	0	0	0	323	457	0	0	0	0	0	0	0	0	0	0	0	0	0	0	0	0	0	0	1	0		//	-26		-27			-53	-10.6	-8	71
//	712	0	0	맞춤설계된_레무레스족의_양손도끼_12등급아이템	48828	0	0	30001	48816	12	12	2012	39999	0	1	0	1	0	Null	0	Null	0	0	0	0	12	87	4492	1	62000	62000	0	0	1	261	0	0	0	78	0	0	0	0	0	0	0	0	344	465	0.8 	105 	0	0	1	1	3	1.5	0	0	0	0	0	0	0	0	1	0	0	0	0	0	0	0	0	0	0	0	0	0	0	0	0	0	0	0	0	0	0	0	0	0	1	41	1	3	0	0	0	0	0	0	0	0	0	0	0	0	0	0	0	0	0	0	0	0	0	0	0	0	0	1	0	0	0	0	0	0	0	0	0	0	0	0	0	0	0	0	0	0	0	0	0	0	0	0	0	0	378	535	0	0	0	0	0	0	0	0	0	0	0	0	0	0	0	0	0	0	1	0		//	-26		-27			-53	-10.6	-8	78
//	713	0	0	맞춤설계된_괴력을지닌_양손도끼_13등급아이템	48829	0	0	30001	48816	13	13	2013	39999	0	1	0	1	0	Null	0	Null	0	0	0	0	13	91	4374	1	96200	96200	0	0	1	261	0	0	0	85	0	0	0	0	0	0	0	0	402	545	0.8 	105 	0	0	1	1	3	1.5	0	0	0	0	0	0	0	0	1	0	0	0	0	0	0	0	0	0	0	0	0	0	0	0	0	0	0	0	0	0	0	0	0	0	1	41	1	3	0	0	0	0	0	0	0	0	0	0	0	0	0	0	0	0	0	0	0	0	0	0	0	0	0	1	0	0	0	0	0	0	0	0	0	0	0	0	0	0	0	0	0	0	0	0	0	0	0	0	0	0	442	627	0	0	0	0	0	0	0	0	0	0	0	0	0	0	0	0	0	0	1	0		//	-26		-27			-53	-10.6	-8	85
//	714	0	0	맞춤설계된_원한을품은_양손도끼_14등급아이템	48830	0	0	30001	48816	14	14	2014	39999	0	1	0	1	0	Null	0	Null	0	0	0	0	14	96	4256	1	149000	149000	0	0	1	261	0	0	0	92	0	0	0	0	0	0	0	0	471	638	0.8 	105 	0	0	1	1	3	1.5	0	0	0	0	0	0	0	0	1	0	0	0	0	0	0	0	0	0	0	0	0	0	0	0	0	0	0	0	0	0	0	0	0	0	1	41	1	3	0	0	0	0	0	0	0	0	0	0	0	0	0	0	0	0	0	0	0	0	0	0	0	0	0	1	0	0	0	0	0	0	0	0	0	0	0	0	0	0	0	0	0	0	0	0	0	0	0	0	0	0	518	734	0	0	0	0	0	0	0	0	0	0	0	0	0	0	0	0	0	0	1	0		//	-26		-27			-53	-10.6	-8	92
//	715	0	0	맞춤설계된_파괴왕의_양손도끼_15등급아이템	48831	0	0	30001	48816	15	15	2015	39999	0	1	0	1	0	Null	0	Null	0	0	0	0	15	100	4138	1	231000	231000	0	0	1	261	0	0	0	99	0	0	0	0	0	0	0	0	551	746	0.8 	105 	0	0	1	1	3	1.5	0	0	0	0	0	0	0	0	1	0	0	0	0	0	0	0	0	0	0	0	0	0	0	0	0	0	0	0	0	0	0	0	0	0	1	41	1	3	0	0	0	0	0	0	0	0	0	0	0	0	0	0	0	0	0	0	0	0	0	0	0	0	0	1	0	0	0	0	0	0	0	0	0	0	0	0	0	0	0	0	0	0	0	0	0	0	0	0	0	0	606	858	0	0	0	0	0	0	0	0	0	0	0	0	0	0	0	0	0	0	1	0		//	-26		-27			-53	-10.6	-8	99
	716	0	0	맞춤설계된_금속_양손검_1등급아이템	48817	0	0	30002	48816	101	101	2101	39999	0	2	0	2	0	Null	0	Null	0	0	0	0	1	38	5520	1	25	25	0	0	1	261	0	0	0	1	0	0	0	0	0	0	0	0	64	79	0.8 	115 	0	0	1	1	1	1.8	0	0	0	0	0	0	0	0	1	0	0	0	0	0	0	0	0	0	0	0	0	0	0	0	0	0	0	0	0	0	0	0	0	0	1	41	1	5	0	0	0	0	0	0	0	0	0	0	0	0	0	0	0	0	0	0	0	0	0	0	0	0	0	1	0	0	0	0	0	0	0	0	0	0	0	0	0	0	0	0	0	0	0	0	0	0	0	0	0	0	70	91	0	0	0	0	0	0	0	0	0	0	0	0	0	0	0	0	0	0	1	0		//	-26		-27			-53	-10.6	-8	1
	717	0	0	맞춤설계된_청동_양손검_2등급아이템	48818	0	0	30002	48816	102	102	2102	39999	0	2	0	2	0	Null	0	Null	0	0	0	0	2	42	5300	1	800	800	0	0	1	261	0	0	0	8	0	0	0	0	0	0	0	0	75	92	0.8 	115 	0	0	1	1	1	1.8	0	0	0	0	0	0	0	0	1	0	0	0	0	0	0	0	0	0	0	0	0	0	0	0	0	0	0	0	0	0	0	0	0	0	1	41	1	5	0	0	0	0	0	0	0	0	0	0	0	0	0	0	0	0	0	0	0	0	0	0	0	0	0	1	0	0	0	0	0	0	0	0	0	0	0	0	0	0	0	0	0	0	0	0	0	0	0	0	0	0	83	106	0	0	0	0	0	0	0	0	0	0	0	0	0	0	0	0	0	0	1	0		//	-26		-27			-53	-10.6	-8	8
	718	0	0	맞춤설계된_합금_양손검_3등급아이템	48819	0	0	30002	48816	103	103	2103	39999	0	2	0	2	0	Null	0	Null	0	0	0	0	3	46	5188	1	1200	1200	0	0	1	261	0	0	0	15	0	0	0	0	0	0	0	0	89	108	0.8 	115 	0	0	1	1	1	1.8	0	0	0	0	0	0	0	0	1	0	0	0	0	0	0	0	0	0	0	0	0	0	0	0	0	0	0	0	0	0	0	0	0	0	1	41	1	5	0	0	0	0	0	0	0	0	0	0	0	0	0	0	0	0	0	0	0	0	0	0	0	0	0	1	0	0	0	0	0	0	0	0	0	0	0	0	0	0	0	0	0	0	0	0	0	0	0	0	0	0	98	124	0	0	0	0	0	0	0	0	0	0	0	0	0	0	0	0	0	0	1	0		//	-26		-27			-53	-10.6	-8	15
	719	0	0	맞춤설계된_강철_양손검_4등급아이템	48820	0	0	30002	48816	104	104	2104	39999	0	2	0	2	0	Null	0	Null	0	0	0	0	4	51	5078	1	1900	1900	0	0	1	261	0	0	0	22	0	0	0	0	0	0	0	0	103	126	0.8 	115 	0	0	1	1	1	1.8	0	0	0	0	0	0	0	0	1	0	0	0	0	0	0	0	0	0	0	0	0	0	0	0	0	0	0	0	0	0	0	0	0	0	1	41	1	5	0	0	0	0	0	0	0	0	0	0	0	0	0	0	0	0	0	0	0	0	0	0	0	0	0	1	0	0	0	0	0	0	0	0	0	0	0	0	0	0	0	0	0	0	0	0	0	0	0	0	0	0	113	145	0	0	0	0	0	0	0	0	0	0	0	0	0	0	0	0	0	0	1	0		//	-26		-27			-53	-10.6	-8	22
	720	0	0	맞춤설계된_은둔자의_양손검_5등급아이템	48832	0	0	30002	48816	105	105	2105	39999	0	2	0	2	0	Null	0	Null	0	0	0	0	5	55	4968	1	2900	2900	0	0	1	261	0	0	0	29	0	0	0	0	0	0	0	0	121	148	0.8 	115 	0	0	1	1	1	1.8	0	0	0	0	0	0	0	0	1	0	0	0	0	0	0	0	0	0	0	0	0	0	0	0	0	0	0	0	0	0	0	0	0	0	1	41	1	5	0	0	0	0	0	0	0	0	0	0	0	0	0	0	0	0	0	0	0	0	0	0	0	0	0	1	0	0	0	0	0	0	0	0	0	0	0	0	0	0	0	0	0	0	0	0	0	0	0	0	0	0	133	170	0	0	0	0	0	0	0	0	0	0	0	0	0	0	0	0	0	0	1	0		//	-26		-27			-53	-10.6	-8	29
	721	0	0	맞춤설계된_잿빛돌풍의_양손검_6등급아이템	48833	0	0	30002	48816	106	106	2106	39999	0	2	0	2	0	Null	0	Null	0	0	0	0	6	60	4858	1	4500	4500	0	0	1	261	0	0	0	36	0	0	0	0	0	0	0	0	142	173	0.8 	115 	0	0	1	1	1	1.8	0	0	0	0	0	0	0	0	1	0	0	0	0	0	0	0	0	0	0	0	0	0	0	0	0	0	0	0	0	0	0	0	0	0	1	41	1	5	0	0	0	0	0	0	0	0	0	0	0	0	0	0	0	0	0	0	0	0	0	0	0	0	0	1	0	0	0	0	0	0	0	0	0	0	0	0	0	0	0	0	0	0	0	0	0	0	0	0	0	0	156	199	0	0	0	0	0	0	0	0	0	0	0	0	0	0	0	0	0	0	1	0		//	-26		-27			-53	-10.6	-8	36
	722	0	0	맞춤설계된_사신의_양손검_7등급아이템	48834	0	0	30002	48816	107	107	2107	39999	0	2	0	2	0	Null	0	Null	0	0	0	0	7	64	4748	1	6900	6900	0	0	1	261	0	0	0	43	0	0	0	0	0	0	0	0	166	203	0.8 	115 	0	0	1	1	1	1.8	0	0	0	0	0	0	0	0	1	0	0	0	0	0	0	0	0	0	0	0	0	0	0	0	0	0	0	0	0	0	0	0	0	0	1	41	1	5	0	0	0	0	0	0	0	0	0	0	0	0	0	0	0	0	0	0	0	0	0	0	0	0	0	1	0	0	0	0	0	0	0	0	0	0	0	0	0	0	0	0	0	0	0	0	0	0	0	0	0	0	183	233	0	0	0	0	0	0	0	0	0	0	0	0	0	0	0	0	0	0	1	0		//	-26		-27			-53	-10.6	-8	43
	723	0	0	맞춤설계된_전설영웅의_양손검_8등급아이템	48835	0	0	30002	48816	108	108	2108	39999	0	2	0	2	0	Null	0	Null	0	0	0	0	8	69	4636	1	10700	10700	0	0	1	261	0	0	0	50	0	0	0	0	0	0	0	0	195	238	0.8 	115 	0	0	1	1	1	1.8	0	0	0	0	0	0	0	0	1	0	0	0	0	0	0	0	0	0	0	0	0	0	0	0	0	0	0	0	0	0	0	0	0	0	1	41	1	5	0	0	0	0	0	0	0	0	0	0	0	0	0	0	0	0	0	0	0	0	0	0	0	0	0	1	0	0	0	0	0	0	0	0	0	0	0	0	0	0	0	0	0	0	0	0	0	0	0	0	0	0	215	274	0	0	0	0	0	0	0	0	0	0	0	0	0	0	0	0	0	0	1	0		//	-26		-27			-53	-10.6	-8	50
	724	0	0	맞춤설계된_안내자맥리르_양손검_9등급아이템	48836	0	0	30002	48816	109	109	2109	39999	0	2	0	2	0	Null	0	Null	0	0	0	0	9	73	4526	1	16700	16700	0	0	1	261	0	0	0	57	0	0	0	0	0	0	0	0	228	279	0.8 	115 	0	0	1	1	1	1.8	0	0	0	0	0	0	0	0	1	0	0	0	0	0	0	0	0	0	0	0	0	0	0	0	0	0	0	0	0	0	0	0	0	0	1	41	1	5	0	0	0	0	0	0	0	0	0	0	0	0	0	0	0	0	0	0	0	0	0	0	0	0	0	1	0	0	0	0	0	0	0	0	0	0	0	0	0	0	0	0	0	0	0	0	0	0	0	0	0	0	251	321	0	0	0	0	0	0	0	0	0	0	0	0	0	0	0	0	0	0	1	0		//	-26		-27			-53	-10.6	-8	57
	725	0	0	맞춤설계된_심연의대태도_양손검_10등급아이템	48837	0	0	30002	48816	110	110	2110	39999	0	2	0	2	0	Null	0	Null	0	0	0	0	10	78	4416	1	25800	25800	0	0	1	261	0	0	0	64	0	0	0	0	0	0	0	0	267	326	0.8 	115 	0	0	1	1	1	1.8	0	0	0	0	0	0	0	0	1	0	0	0	0	0	0	0	0	0	0	0	0	0	0	0	0	0	0	0	0	0	0	0	0	0	1	41	1	5	0	0	0	0	0	0	0	0	0	0	0	0	0	0	0	0	0	0	0	0	0	0	0	0	0	1	0	0	0	0	0	0	0	0	0	0	0	0	0	0	0	0	0	0	0	0	0	0	0	0	0	0	294	375	0	0	0	0	0	0	0	0	0	0	0	0	0	0	0	0	0	0	1	0		//	-26		-27			-53	-10.6	-8	64
//	726	0	0	맞춤설계된_숭고한_양손검_11등급아이템	48838	0	0	30002	48816	111	111	2111	39999	0	2	0	2	0	Null	0	Null	0	0	0	0	11	82	4306	1	40000	40000	0	0	1	261	0	0	0	71	0	0	0	0	0	0	0	0	312	381	0.8 	115 	0	0	1	1	1	1.8	0	0	0	0	0	0	0	0	1	0	0	0	0	0	0	0	0	0	0	0	0	0	0	0	0	0	0	0	0	0	0	0	0	0	1	41	1	5	0	0	0	0	0	0	0	0	0	0	0	0	0	0	0	0	0	0	0	0	0	0	0	0	0	1	0	0	0	0	0	0	0	0	0	0	0	0	0	0	0	0	0	0	0	0	0	0	0	0	0	0	343	438	0	0	0	0	0	0	0	0	0	0	0	0	0	0	0	0	0	0	1	0		//	-26		-27			-53	-10.6	-8	71
//	727	0	0	맞춤설계된_황후를지킨_양손검_12등급아이템	48839	0	0	30002	48816	112	112	2112	39999	0	2	0	2	0	Null	0	Null	0	0	0	0	12	87	4196	1	62000	62000	0	0	1	261	0	0	0	78	0	0	0	0	0	0	0	0	365	446	0.8 	115 	0	0	1	1	1	1.8	0	0	0	0	0	0	0	0	1	0	0	0	0	0	0	0	0	0	0	0	0	0	0	0	0	0	0	0	0	0	0	0	0	0	1	41	1	5	0	0	0	0	0	0	0	0	0	0	0	0	0	0	0	0	0	0	0	0	0	0	0	0	0	1	0	0	0	0	0	0	0	0	0	0	0	0	0	0	0	0	0	0	0	0	0	0	0	0	0	0	402	513	0	0	0	0	0	0	0	0	0	0	0	0	0	0	0	0	0	0	1	0		//	-26		-27			-53	-10.6	-8	78
//	728	0	0	맞춤설계된_절망을이긴_양손검_13등급아이템	48840	0	0	30002	48816	113	113	2113	39999	0	2	0	2	0	Null	0	Null	0	0	0	0	13	91	4084	1	96200	96200	0	0	1	261	0	0	0	85	0	0	0	0	0	0	0	0	428	523	0.8 	115 	0	0	1	1	1	1.8	0	0	0	0	0	0	0	0	1	0	0	0	0	0	0	0	0	0	0	0	0	0	0	0	0	0	0	0	0	0	0	0	0	0	1	41	1	5	0	0	0	0	0	0	0	0	0	0	0	0	0	0	0	0	0	0	0	0	0	0	0	0	0	1	0	0	0	0	0	0	0	0	0	0	0	0	0	0	0	0	0	0	0	0	0	0	0	0	0	0	471	601	0	0	0	0	0	0	0	0	0	0	0	0	0	0	0	0	0	0	1	0		//	-26		-27			-53	-10.6	-8	85
//	729	0	0	맞춤설계된_심판자메디오_양손검_14등급아이템	48841	0	0	30002	48816	114	114	2114	39999	0	2	0	2	0	Null	0	Null	0	0	0	0	14	96	3974	1	149000	149000	0	0	1	261	0	0	0	92	0	0	0	0	0	0	0	0	500	611	0.8 	115 	0	0	1	1	1	1.8	0	0	0	0	0	0	0	0	1	0	0	0	0	0	0	0	0	0	0	0	0	0	0	0	0	0	0	0	0	0	0	0	0	0	1	41	1	5	0	0	0	0	0	0	0	0	0	0	0	0	0	0	0	0	0	0	0	0	0	0	0	0	0	1	0	0	0	0	0	0	0	0	0	0	0	0	0	0	0	0	0	0	0	0	0	0	0	0	0	0	550	703	0	0	0	0	0	0	0	0	0	0	0	0	0	0	0	0	0	0	1	0		//	-26		-27			-53	-10.6	-8	92
//	730	0	0	맞춤설계된_운명을쥔자의_양손검_15등급아이템	48842	0	0	30002	48816	115	115	2115	39999	0	2	0	2	0	Null	0	Null	0	0	0	0	15	100	3864	1	231000	231000	0	0	1	261	0	0	0	99	0	0	0	0	0	0	0	0	585	716	0.8 	115 	0	0	1	1	1	1.8	0	0	0	0	0	0	0	0	1	0	0	0	0	0	0	0	0	0	0	0	0	0	0	0	0	0	0	0	0	0	0	0	0	0	1	41	1	5	0	0	0	0	0	0	0	0	0	0	0	0	0	0	0	0	0	0	0	0	0	0	0	0	0	1	0	0	0	0	0	0	0	0	0	0	0	0	0	0	0	0	0	0	0	0	0	0	0	0	0	0	644	823	0	0	0	0	0	0	0	0	0	0	0	0	0	0	0	0	0	0	1	0		//	-26		-27			-53	-10.6	-8	99
	731	0	0	맞춤설계된_금속_한손검_1등급아이템	48843	0	0	30003	48816	201	201	2201	39999	0	3	0	3	0	Null	0	Null	0	0	0	0	1	31	9060	1	25	25	0	0	1	261	0	0	0	1	0	0	0	0	0	0	0	0	47	52	0.8 	135 	0	0	1	1	1	1	0	0	0	0	0	0	0	0	0	1	0	0	0	0	0	0	0	0	0	0	0	0	0	0	0	0	0	0	0	0	0	0	0	0	1	41	1	2	0	0	0	0	0	0	0	0	0	0	0	0	0	0	0	0	0	0	0	0	0	0	0	0	0	1	0	0	0	0	0	0	0	0	0	0	0	0	0	0	0	0	0	0	0	0	0	0	0	0	0	0	52	60	0	0	0	0	0	0	0	0	0	0	0	0	0	0	0	0	0	0	1	0		//	-22	-20				-42	-8.4	-6	1
	732	0	0	맞춤설계된_청동_한손검_2등급아이템	48844	0	0	30003	48816	202	202	2202	39999	0	3	0	3	0	Null	0	Null	0	0	0	0	2	35	8698	1	800	800	0	0	1	261	0	0	0	8	0	0	0	0	0	0	0	0	56	61	0.8 	135 	0	0	1	1	1	1	0	0	0	0	0	0	0	0	0	1	0	0	0	0	0	0	0	0	0	0	0	0	0	0	0	0	0	0	0	0	0	0	0	0	1	41	1	2	0	0	0	0	0	0	0	0	0	0	0	0	0	0	0	0	0	0	0	0	0	0	0	0	0	1	0	0	0	0	0	0	0	0	0	0	0	0	0	0	0	0	0	0	0	0	0	0	0	0	0	0	62	70	0	0	0	0	0	0	0	0	0	0	0	0	0	0	0	0	0	0	1	0		//	-22	-20				-42	-8.4	-6	8
	733	0	0	맞춤설계된_주석_한손검_3등급아이템	48845	0	0	30003	48816	203	203	2203	39999	0	3	0	3	0	Null	0	Null	0	0	0	0	3	39	8516	1	1200	1200	0	0	1	261	0	0	0	15	0	0	0	0	0	0	0	0	65	72	0.8 	135 	0	0	1	1	1	1	0	0	0	0	0	0	0	0	0	1	0	0	0	0	0	0	0	0	0	0	0	0	0	0	0	0	0	0	0	0	0	0	0	0	1	41	1	2	0	0	0	0	0	0	0	0	0	0	0	0	0	0	0	0	0	0	0	0	0	0	0	0	0	1	0	0	0	0	0	0	0	0	0	0	0	0	0	0	0	0	0	0	0	0	0	0	0	0	0	0	72	83	0	0	0	0	0	0	0	0	0	0	0	0	0	0	0	0	0	0	1	0		//	-22	-20				-42	-8.4	-6	15
	734	0	0	맞춤설계된_무쇠_한손검_4등급아이템	48846	0	0	30003	48816	204	204	2204	39999	0	3	0	3	0	Null	0	Null	0	0	0	0	4	43	8336	1	1900	1900	0	0	1	261	0	0	0	22	0	0	0	0	0	0	0	0	76	85	0.8 	135 	0	0	1	1	1	1	0	0	0	0	0	0	0	0	0	1	0	0	0	0	0	0	0	0	0	0	0	0	0	0	0	0	0	0	0	0	0	0	0	0	1	41	1	2	0	0	0	0	0	0	0	0	0	0	0	0	0	0	0	0	0	0	0	0	0	0	0	0	0	1	0	0	0	0	0	0	0	0	0	0	0	0	0	0	0	0	0	0	0	0	0	0	0	0	0	0	84	98	0	0	0	0	0	0	0	0	0	0	0	0	0	0	0	0	0	0	1	0		//	-22	-20				-42	-8.4	-6	22
	735	0	0	맞춤설계된_수호자_한손검_5등급아이템	48847	0	0	30003	48816	205	205	2205	39999	0	3	0	3	0	Null	0	Null	0	0	0	0	5	47	8154	1	2900	2900	0	0	1	261	0	0	0	29	0	0	0	0	0	0	0	0	90	99	0.8 	135 	0	0	1	1	1	1	0	0	0	0	0	0	0	0	0	1	0	0	0	0	0	0	0	0	0	0	0	0	0	0	0	0	0	0	0	0	0	0	0	0	1	41	1	2	0	0	0	0	0	0	0	0	0	0	0	0	0	0	0	0	0	0	0	0	0	0	0	0	0	1	0	0	0	0	0	0	0	0	0	0	0	0	0	0	0	0	0	0	0	0	0	0	0	0	0	0	99	114	0	0	0	0	0	0	0	0	0	0	0	0	0	0	0	0	0	0	1	0		//	-22	-20				-42	-8.4	-6	29
	736	0	0	맞춤설계된_용족의골짜기_한손검_6등급아이템	48848	0	0	30003	48816	206	206	2206	39999	0	3	0	3	0	Null	0	Null	0	0	0	0	6	51	7972	1	4500	4500	0	0	1	261	0	0	0	36	0	0	0	0	0	0	0	0	105	116	0.8 	135 	0	0	1	1	1	1	0	0	0	0	0	0	0	0	0	1	0	0	0	0	0	0	0	0	0	0	0	0	0	0	0	0	0	0	0	0	0	0	0	0	1	41	1	2	0	0	0	0	0	0	0	0	0	0	0	0	0	0	0	0	0	0	0	0	0	0	0	0	0	1	0	0	0	0	0	0	0	0	0	0	0	0	0	0	0	0	0	0	0	0	0	0	0	0	0	0	116	133	0	0	0	0	0	0	0	0	0	0	0	0	0	0	0	0	0	0	1	0		//	-22	-20				-42	-8.4	-6	36
	737	0	0	맞춤설계된_기적을일구는_한손검_7등급아이템	48849	0	0	30003	48816	207	207	2207	39999	0	3	0	3	0	Null	0	Null	0	0	0	0	7	56	7792	1	6900	6900	0	0	1	261	0	0	0	43	0	0	0	0	0	0	0	0	123	136	0.8 	135 	0	0	1	1	1	1	0	0	0	0	0	0	0	0	0	1	0	0	0	0	0	0	0	0	0	0	0	0	0	0	0	0	0	0	0	0	0	0	0	0	1	41	1	2	0	0	0	0	0	0	0	0	0	0	0	0	0	0	0	0	0	0	0	0	0	0	0	0	0	1	0	0	0	0	0	0	0	0	0	0	0	0	0	0	0	0	0	0	0	0	0	0	0	0	0	0	135	156	0	0	0	0	0	0	0	0	0	0	0	0	0	0	0	0	0	0	1	0		//	-22	-20				-42	-8.4	-6	43
	738	0	0	맞춤설계된_새벽을여는_한손검_8등급아이템	48850	0	0	30003	48816	208	208	2208	39999	0	3	0	3	0	Null	0	Null	0	0	0	0	8	60	7610	1	10700	10700	0	0	1	261	0	0	0	50	0	0	0	0	0	0	0	0	144	159	0.8 	135 	0	0	1	1	1	1	0	0	0	0	0	0	0	0	0	1	0	0	0	0	0	0	0	0	0	0	0	0	0	0	0	0	0	0	0	0	0	0	0	0	1	41	1	2	0	0	0	0	0	0	0	0	0	0	0	0	0	0	0	0	0	0	0	0	0	0	0	0	0	1	0	0	0	0	0	0	0	0	0	0	0	0	0	0	0	0	0	0	0	0	0	0	0	0	0	0	158	183	0	0	0	0	0	0	0	0	0	0	0	0	0	0	0	0	0	0	1	0		//	-22	-20				-42	-8.4	-6	50
	739	0	0	맞춤설계된_용암으로달군_한손검_9등급아이템	48851	0	0	30003	48816	209	209	2209	39999	0	3	0	3	0	Null	0	Null	0	0	0	0	9	64	7430	1	16700	16700	0	0	1	261	0	0	0	57	0	0	0	0	0	0	0	0	169	186	0.8 	135 	0	0	1	1	1	1	0	0	0	0	0	0	0	0	0	1	0	0	0	0	0	0	0	0	0	0	0	0	0	0	0	0	0	0	0	0	0	0	0	0	1	41	1	2	0	0	0	0	0	0	0	0	0	0	0	0	0	0	0	0	0	0	0	0	0	0	0	0	0	1	0	0	0	0	0	0	0	0	0	0	0	0	0	0	0	0	0	0	0	0	0	0	0	0	0	0	186	214	0	0	0	0	0	0	0	0	0	0	0	0	0	0	0	0	0	0	1	0		//	-22	-20				-42	-8.4	-6	57
	740	0	0	맞춤설계된_데이브레이커_한손검_10등급아이템	48852	0	0	30003	48816	210	210	2210	39999	0	3	0	3	0	Null	0	Null	0	0	0	0	10	68	7248	1	25800	25800	0	0	1	261	0	0	0	64	0	0	0	0	0	0	0	0	197	218	0.8 	135 	0	0	1	1	1	1	0	0	0	0	0	0	0	0	0	1	0	0	0	0	0	0	0	0	0	0	0	0	0	0	0	0	0	0	0	0	0	0	0	0	1	41	1	2	0	0	0	0	0	0	0	0	0	0	0	0	0	0	0	0	0	0	0	0	0	0	0	0	0	1	0	0	0	0	0	0	0	0	0	0	0	0	0	0	0	0	0	0	0	0	0	0	0	0	0	0	217	251	0	0	0	0	0	0	0	0	0	0	0	0	0	0	0	0	0	0	1	0		//	-22	-20				-42	-8.4	-6	64
//	741	0	0	맞춤설계된_뜨거운복수의_한손검_11등급아이템	48853	0	0	30003	48816	211	211	2211	39999	0	3	0	3	0	Null	0	Null	0	0	0	0	11	72	7066	1	40000	40000	0	0	1	261	0	0	0	71	0	0	0	0	0	0	0	0	230	255	0.8 	135 	0	0	1	1	1	1	0	0	0	0	0	0	0	0	0	1	0	0	0	0	0	0	0	0	0	0	0	0	0	0	0	0	0	0	0	0	0	0	0	0	1	41	1	2	0	0	0	0	0	0	0	0	0	0	0	0	0	0	0	0	0	0	0	0	0	0	0	0	0	1	0	0	0	0	0	0	0	0	0	0	0	0	0	0	0	0	0	0	0	0	0	0	0	0	0	0	253	293	0	0	0	0	0	0	0	0	0	0	0	0	0	0	0	0	0	0	1	0		//	-22	-20				-42	-8.4	-6	71
//	742	0	0	맞춤설계된_공명한벨티스_한손검_12등급아이템	48854	0	0	30003	48816	212	212	2212	39999	0	3	0	3	0	Null	0	Null	0	0	0	0	12	77	6886	1	62000	62000	0	0	1	261	0	0	0	78	0	0	0	0	0	0	0	0	270	299	0.8 	135 	0	0	1	1	1	1	0	0	0	0	0	0	0	0	0	1	0	0	0	0	0	0	0	0	0	0	0	0	0	0	0	0	0	0	0	0	0	0	0	0	1	41	1	2	0	0	0	0	0	0	0	0	0	0	0	0	0	0	0	0	0	0	0	0	0	0	0	0	0	1	0	0	0	0	0	0	0	0	0	0	0	0	0	0	0	0	0	0	0	0	0	0	0	0	0	0	297	344	0	0	0	0	0	0	0	0	0	0	0	0	0	0	0	0	0	0	1	0		//	-22	-20				-42	-8.4	-6	78
//	743	0	0	맞춤설계된_영혼을지키는_한손검_13등급아이템	48855	0	0	30003	48816	213	213	2213	39999	0	3	0	3	0	Null	0	Null	0	0	0	0	13	81	6704	1	96200	96200	0	0	1	261	0	0	0	85	0	0	0	0	0	0	0	0	316	349	0.8 	135 	0	0	1	1	1	1	0	0	0	0	0	0	0	0	0	1	0	0	0	0	0	0	0	0	0	0	0	0	0	0	0	0	0	0	0	0	0	0	0	0	1	41	1	2	0	0	0	0	0	0	0	0	0	0	0	0	0	0	0	0	0	0	0	0	0	0	0	0	0	1	0	0	0	0	0	0	0	0	0	0	0	0	0	0	0	0	0	0	0	0	0	0	0	0	0	0	348	401	0	0	0	0	0	0	0	0	0	0	0	0	0	0	0	0	0	0	1	0		//	-22	-20				-42	-8.4	-6	85
//	744	0	0	맞춤설계된_속박을끊는_한손검_14등급아이템	48856	0	0	30003	48816	214	214	2214	39999	0	3	0	3	0	Null	0	Null	0	0	0	0	14	85	6524	1	149000	149000	0	0	1	261	0	0	0	92	0	0	0	0	0	0	0	0	370	409	0.8 	135 	0	0	1	1	1	1	0	0	0	0	0	0	0	0	0	1	0	0	0	0	0	0	0	0	0	0	0	0	0	0	0	0	0	0	0	0	0	0	0	0	1	41	1	2	0	0	0	0	0	0	0	0	0	0	0	0	0	0	0	0	0	0	0	0	0	0	0	0	0	1	0	0	0	0	0	0	0	0	0	0	0	0	0	0	0	0	0	0	0	0	0	0	0	0	0	0	407	470	0	0	0	0	0	0	0	0	0	0	0	0	0	0	0	0	0	0	1	0		//	-22	-20				-42	-8.4	-6	92
//	745	0	0	맞춤설계된_비상하는용족의_한손검_15등급아이템	48857	0	0	30003	48816	215	215	2215	39999	0	3	0	3	0	Null	0	Null	0	0	0	0	15	89	6342	1	231000	231000	0	0	1	261	0	0	0	99	0	0	0	0	0	0	0	0	433	478	0.8 	135 	0	0	1	1	1	1	0	0	0	0	0	0	0	0	0	1	0	0	0	0	0	0	0	0	0	0	0	0	0	0	0	0	0	0	0	0	0	0	0	0	1	41	1	2	0	0	0	0	0	0	0	0	0	0	0	0	0	0	0	0	0	0	0	0	0	0	0	0	0	1	0	0	0	0	0	0	0	0	0	0	0	0	0	0	0	0	0	0	0	0	0	0	0	0	0	0	476	550	0	0	0	0	0	0	0	0	0	0	0	0	0	0	0	0	0	0	1	0		//	-22	-20				-42	-8.4	-6	99
	746	0	0	맞춤설계된_금속_창_1등급아이템	48843	0	0	30004	48816	301	301	2301	39999	0	4	0	4	0	Null	0	Null	0	0	0	0	1	31	7770	1	25	25	0	0	1	261	0	0	0	1	0	0	0	0	0	0	0	0	47	56	0.8 	120 	0	0	1	1	1	2.5	0	0	0	0	0	0	0	0	0	1	0	0	0	0	0	0	0	0	0	0	0	0	0	0	0	0	0	0	0	0	0	0	0	0	1	41	1	4	0	0	0	0	0	0	0	0	0	0	0	0	0	0	0	0	0	0	0	0	0	0	0	0	0	1	0	0	0	0	0	0	0	0	0	0	0	0	0	0	0	0	0	0	0	0	0	0	0	0	0	0	52	64	0	0	0	0	0	0	0	0	0	0	0	0	0	0	0	0	0	0	1	0		//	-22	-20				-42	-8.4	-6	1
	747	0	0	맞춤설계된_청동_창_2등급아이템	48844	0	0	30004	48816	302	302	2302	39999	0	4	0	4	0	Null	0	Null	0	0	0	0	2	35	7460	1	800	800	0	0	1	261	0	0	0	8	0	0	0	0	0	0	0	0	56	65	0.8 	120 	0	0	1	1	1	2.5	0	0	0	0	0	0	0	0	0	1	0	0	0	0	0	0	0	0	0	0	0	0	0	0	0	0	0	0	0	0	0	0	0	0	1	41	1	4	0	0	0	0	0	0	0	0	0	0	0	0	0	0	0	0	0	0	0	0	0	0	0	0	0	1	0	0	0	0	0	0	0	0	0	0	0	0	0	0	0	0	0	0	0	0	0	0	0	0	0	0	62	75	0	0	0	0	0	0	0	0	0	0	0	0	0	0	0	0	0	0	1	0		//	-22	-20				-42	-8.4	-6	8
	748	0	0	맞춤설계된_주석_창_3등급아이템	48845	0	0	30004	48816	303	303	2303	39999	0	4	0	4	0	Null	0	Null	0	0	0	0	3	39	7304	1	1200	1200	0	0	1	261	0	0	0	15	0	0	0	0	0	0	0	0	65	76	0.8 	120 	0	0	1	1	1	2.5	0	0	0	0	0	0	0	0	0	1	0	0	0	0	0	0	0	0	0	0	0	0	0	0	0	0	0	0	0	0	0	0	0	0	1	41	1	4	0	0	0	0	0	0	0	0	0	0	0	0	0	0	0	0	0	0	0	0	0	0	0	0	0	1	0	0	0	0	0	0	0	0	0	0	0	0	0	0	0	0	0	0	0	0	0	0	0	0	0	0	72	87	0	0	0	0	0	0	0	0	0	0	0	0	0	0	0	0	0	0	1	0		//	-22	-20				-42	-8.4	-6	15
	749	0	0	맞춤설계된_무쇠_창_4등급아이템	48846	0	0	30004	48816	304	304	2304	39999	0	4	0	4	0	Null	0	Null	0	0	0	0	4	43	7148	1	1900	1900	0	0	1	261	0	0	0	22	0	0	0	0	0	0	0	0	76	89	0.8 	120 	0	0	1	1	1	2.5	0	0	0	0	0	0	0	0	0	1	0	0	0	0	0	0	0	0	0	0	0	0	0	0	0	0	0	0	0	0	0	0	0	0	1	41	1	4	0	0	0	0	0	0	0	0	0	0	0	0	0	0	0	0	0	0	0	0	0	0	0	0	0	1	0	0	0	0	0	0	0	0	0	0	0	0	0	0	0	0	0	0	0	0	0	0	0	0	0	0	84	102	0	0	0	0	0	0	0	0	0	0	0	0	0	0	0	0	0	0	1	0		//	-22	-20				-42	-8.4	-6	22
	750	0	0	맞춤설계된_최후의일격_창_5등급아이템	48858	0	0	30004	48816	305	305	2305	39999	0	4	0	4	0	Null	0	Null	0	0	0	0	5	47	6994	1	2900	2900	0	0	1	261	0	0	0	29	0	0	0	0	0	0	0	0	89	104	0.8 	120 	0	0	1	1	1	2.5	0	0	0	0	0	0	0	0	0	1	0	0	0	0	0	0	0	0	0	0	0	0	0	0	0	0	0	0	0	0	0	0	0	0	1	41	1	4	0	0	0	0	0	0	0	0	0	0	0	0	0	0	0	0	0	0	0	0	0	0	0	0	0	1	0	0	0	0	0	0	0	0	0	0	0	0	0	0	0	0	0	0	0	0	0	0	0	0	0	0	98	120	0	0	0	0	0	0	0	0	0	0	0	0	0	0	0	0	0	0	1	0		//	-22	-20				-42	-8.4	-6	29
	751	0	0	맞춤설계된_북풍을가르는_창_6등급아이템	48859	0	0	30004	48816	306	306	2306	39999	0	4	0	4	0	Null	0	Null	0	0	0	0	6	51	6838	1	4500	4500	0	0	1	261	0	0	0	36	0	0	0	0	0	0	0	0	104	123	0.8 	120 	0	0	1	1	1	2.5	0	0	0	0	0	0	0	0	0	1	0	0	0	0	0	0	0	0	0	0	0	0	0	0	0	0	0	0	0	0	0	0	0	0	1	41	1	4	0	0	0	0	0	0	0	0	0	0	0	0	0	0	0	0	0	0	0	0	0	0	0	0	0	1	0	0	0	0	0	0	0	0	0	0	0	0	0	0	0	0	0	0	0	0	0	0	0	0	0	0	114	141	0	0	0	0	0	0	0	0	0	0	0	0	0	0	0	0	0	0	1	0		//	-22	-20				-42	-8.4	-6	36
	752	0	0	맞춤설계된_분노의번개_창_7등급아이템	48860	0	0	30004	48816	307	307	2307	39999	0	4	0	4	0	Null	0	Null	0	0	0	0	7	56	6682	1	6900	6900	0	0	1	261	0	0	0	43	0	0	0	0	0	0	0	0	123	144	0.8 	120 	0	0	1	1	1	2.5	0	0	0	0	0	0	0	0	0	1	0	0	0	0	0	0	0	0	0	0	0	0	0	0	0	0	0	0	0	0	0	0	0	0	1	41	1	4	0	0	0	0	0	0	0	0	0	0	0	0	0	0	0	0	0	0	0	0	0	0	0	0	0	1	0	0	0	0	0	0	0	0	0	0	0	0	0	0	0	0	0	0	0	0	0	0	0	0	0	0	135	166	0	0	0	0	0	0	0	0	0	0	0	0	0	0	0	0	0	0	1	0		//	-22	-20				-42	-8.4	-6	43
	753	0	0	맞춤설계된_천리안_창_8등급아이템	48861	0	0	30004	48816	308	308	2308	39999	0	4	0	4	0	Null	0	Null	0	0	0	0	8	60	6526	1	10700	10700	0	0	1	261	0	0	0	50	0	0	0	0	0	0	0	0	143	168	0.8 	120 	0	0	1	1	1	2.5	0	0	0	0	0	0	0	0	0	1	0	0	0	0	0	0	0	0	0	0	0	0	0	0	0	0	0	0	0	0	0	0	0	0	1	41	1	4	0	0	0	0	0	0	0	0	0	0	0	0	0	0	0	0	0	0	0	0	0	0	0	0	0	1	0	0	0	0	0	0	0	0	0	0	0	0	0	0	0	0	0	0	0	0	0	0	0	0	0	0	157	193	0	0	0	0	0	0	0	0	0	0	0	0	0	0	0	0	0	0	1	0		//	-22	-20				-42	-8.4	-6	50
	754	0	0	맞춤설계된_성난바람_창_9등급아이템	48862	0	0	30004	48816	309	309	2309	39999	0	4	0	4	0	Null	0	Null	0	0	0	0	9	64	6372	1	16700	16700	0	0	1	261	0	0	0	57	0	0	0	0	0	0	0	0	168	197	0.8 	120 	0	0	1	1	1	2.5	0	0	0	0	0	0	0	0	0	1	0	0	0	0	0	0	0	0	0	0	0	0	0	0	0	0	0	0	0	0	0	0	0	0	1	41	1	4	0	0	0	0	0	0	0	0	0	0	0	0	0	0	0	0	0	0	0	0	0	0	0	0	0	1	0	0	0	0	0	0	0	0	0	0	0	0	0	0	0	0	0	0	0	0	0	0	0	0	0	0	185	227	0	0	0	0	0	0	0	0	0	0	0	0	0	0	0	0	0	0	1	0		//	-22	-20				-42	-8.4	-6	57
	755	0	0	맞춤설계된_오딘의궁그닐_창_10등급아이템	48863	0	0	30004	48816	310	310	2310	39999	0	4	0	4	0	Null	0	Null	0	0	0	0	10	68	6216	1	25800	25800	0	0	1	261	0	0	0	64	0	0	0	0	0	0	0	0	196	231	0.8 	120 	0	0	1	1	1	2.5	0	0	0	0	0	0	0	0	0	1	0	0	0	0	0	0	0	0	0	0	0	0	0	0	0	0	0	0	0	0	0	0	0	0	1	41	1	4	0	0	0	0	0	0	0	0	0	0	0	0	0	0	0	0	0	0	0	0	0	0	0	0	0	1	0	0	0	0	0	0	0	0	0	0	0	0	0	0	0	0	0	0	0	0	0	0	0	0	0	0	216	266	0	0	0	0	0	0	0	0	0	0	0	0	0	0	0	0	0	0	1	0		//	-22	-20				-42	-8.4	-6	64
//	756	0	0	맞춤설계된_심연을가르는_창_11등급아이템	48864	0	0	30004	48816	311	311	2311	39999	0	4	0	4	0	Null	0	Null	0	0	0	0	11	72	6060	1	40000	40000	0	0	1	261	0	0	0	71	0	0	0	0	0	0	0	0	230	271	0.8 	120 	0	0	1	1	1	2.5	0	0	0	0	0	0	0	0	0	1	0	0	0	0	0	0	0	0	0	0	0	0	0	0	0	0	0	0	0	0	0	0	0	0	1	41	1	4	0	0	0	0	0	0	0	0	0	0	0	0	0	0	0	0	0	0	0	0	0	0	0	0	0	1	0	0	0	0	0	0	0	0	0	0	0	0	0	0	0	0	0	0	0	0	0	0	0	0	0	0	253	312	0	0	0	0	0	0	0	0	0	0	0	0	0	0	0	0	0	0	1	0		//	-22	-20				-42	-8.4	-6	71
//	757	0	0	맞춤설계된_대담한에리알_창_12등급아이템	48865	0	0	30004	48816	312	312	2312	39999	0	4	0	4	0	Null	0	Null	0	0	0	0	12	77	5906	1	62000	62000	0	0	1	261	0	0	0	78	0	0	0	0	0	0	0	0	270	317	0.8 	120 	0	0	1	1	1	2.5	0	0	0	0	0	0	0	0	0	1	0	0	0	0	0	0	0	0	0	0	0	0	0	0	0	0	0	0	0	0	0	0	0	0	1	41	1	4	0	0	0	0	0	0	0	0	0	0	0	0	0	0	0	0	0	0	0	0	0	0	0	0	0	1	0	0	0	0	0	0	0	0	0	0	0	0	0	0	0	0	0	0	0	0	0	0	0	0	0	0	297	365	0	0	0	0	0	0	0	0	0	0	0	0	0	0	0	0	0	0	1	0		//	-22	-20				-42	-8.4	-6	78
//	758	0	0	맞춤설계된_광채에싸인_창_13등급아이템	48866	0	0	30004	48816	313	313	2313	39999	0	4	0	4	0	Null	0	Null	0	0	0	0	13	81	5750	1	96200	96200	0	0	1	261	0	0	0	85	0	0	0	0	0	0	0	0	316	371	0.8 	120 	0	0	1	1	1	2.5	0	0	0	0	0	0	0	0	0	1	0	0	0	0	0	0	0	0	0	0	0	0	0	0	0	0	0	0	0	0	0	0	0	0	1	41	1	4	0	0	0	0	0	0	0	0	0	0	0	0	0	0	0	0	0	0	0	0	0	0	0	0	0	1	0	0	0	0	0	0	0	0	0	0	0	0	0	0	0	0	0	0	0	0	0	0	0	0	0	0	348	427	0	0	0	0	0	0	0	0	0	0	0	0	0	0	0	0	0	0	1	0		//	-22	-20				-42	-8.4	-6	85
//	759	0	0	맞춤설계된_대천사의_창_14등급아이템	48867	0	0	30004	48816	314	314	2314	39999	0	4	0	4	0	Null	0	Null	0	0	0	0	14	85	5594	1	149000	149000	0	0	1	261	0	0	0	92	0	0	0	0	0	0	0	0	369	434	0.8 	120 	0	0	1	1	1	2.5	0	0	0	0	0	0	0	0	0	1	0	0	0	0	0	0	0	0	0	0	0	0	0	0	0	0	0	0	0	0	0	0	0	0	1	41	1	4	0	0	0	0	0	0	0	0	0	0	0	0	0	0	0	0	0	0	0	0	0	0	0	0	0	1	0	0	0	0	0	0	0	0	0	0	0	0	0	0	0	0	0	0	0	0	0	0	0	0	0	0	406	499	0	0	0	0	0	0	0	0	0	0	0	0	0	0	0	0	0	0	1	0		//	-22	-20				-42	-8.4	-6	92
//	760	0	0	맞춤설계된_거룩한계시의_창_15등급아이템	48868	0	0	30004	48816	315	315	2315	39999	0	4	0	4	0	Null	0	Null	0	0	0	0	15	89	5440	1	231000	231000	0	0	1	261	0	0	0	99	0	0	0	0	0	0	0	0	432	507	0.8 	120 	0	0	1	1	1	2.5	0	0	0	0	0	0	0	0	0	1	0	0	0	0	0	0	0	0	0	0	0	0	0	0	0	0	0	0	0	0	0	0	0	0	1	41	1	4	0	0	0	0	0	0	0	0	0	0	0	0	0	0	0	0	0	0	0	0	0	0	0	0	0	1	0	0	0	0	0	0	0	0	0	0	0	0	0	0	0	0	0	0	0	0	0	0	0	0	0	0	475	583	0	0	0	0	0	0	0	0	0	0	0	0	0	0	0	0	0	0	1	0		//	-22	-20				-42	-8.4	-6	99
	761	0	0	맞춤설계된_강철_대거_1등급아이템	48869	0	0	31156	48816	401	401	2401	39999	0	5	0	5	0	Null	0	Null	0	0	0	0	1	30	8310	1	25	25	0	0	1	261	0	0	0	1	0	0	0	0	0	0	0	0	49	54	0.8 	140 	0	0	1	1	1	2.5	0	0	0	0	0	0	0	0	0	0	1	0	0	0	0	0	0	0	0	0	0	0	0	0	0	0	0	0	0	0	0	0	0	0	1	41	1	2	0	0	0	0	0	0	0	0	0	0	0	0	0	0	0	0	0	0	0	0	0	0	0	0	0	1	0	0	0	0	0	0	0	0	0	0	0	0	0	0	0	0	0	0	0	0	0	0	0	0	0	0	54	62	0	0	0	0	0	0	0	0	0	0	0	0	0	0	0	0	0	0	1	0		//	-19			-18		-37	-7.4	-5	1
	762	0	0	맞춤설계된_미스릴_대거_2등급아이템	48870	0	0	31156	48816	402	402	2402	39999	0	5	0	5	0	Null	0	Null	0	0	0	0	2	33	7978	1	800	800	0	0	1	261	0	0	0	8	0	0	0	0	0	0	0	0	57	62	0.8 	140 	0	0	1	1	1	2.5	0	0	0	0	0	0	0	0	0	0	1	0	0	0	0	0	0	0	0	0	0	0	0	0	0	0	0	0	0	0	0	0	0	0	1	41	1	2	0	0	0	0	0	0	0	0	0	0	0	0	0	0	0	0	0	0	0	0	0	0	0	0	0	1	0	0	0	0	0	0	0	0	0	0	0	0	0	0	0	0	0	0	0	0	0	0	0	0	0	0	63	71	0	0	0	0	0	0	0	0	0	0	0	0	0	0	0	0	0	0	1	0		//	-19			-18		-37	-7.4	-5	8
	763	0	0	맞춤설계된_흑철_대거_3등급아이템	48871	0	0	31156	48816	403	403	2403	39999	0	5	0	5	0	Null	0	Null	0	0	0	0	3	38	7812	1	1200	1200	0	0	1	261	0	0	0	15	0	0	0	0	0	0	0	0	68	73	0.8 	140 	0	0	1	1	1	2.5	0	0	0	0	0	0	0	0	0	0	1	0	0	0	0	0	0	0	0	0	0	0	0	0	0	0	0	0	0	0	0	0	0	0	1	41	1	2	0	0	0	0	0	0	0	0	0	0	0	0	0	0	0	0	0	0	0	0	0	0	0	0	0	1	0	0	0	0	0	0	0	0	0	0	0	0	0	0	0	0	0	0	0	0	0	0	0	0	0	0	75	84	0	0	0	0	0	0	0	0	0	0	0	0	0	0	0	0	0	0	1	0		//	-19			-18		-37	-7.4	-5	15
	764	0	0	맞춤설계된_데스모더스_대거_4등급아이템	48872	0	0	31156	48816	404	404	2404	39999	0	5	0	5	0	Null	0	Null	0	0	0	0	4	42	7646	1	1900	1900	0	0	1	261	0	0	0	22	0	0	0	0	0	0	0	0	79	86	0.8 	140 	0	0	1	1	1	2.5	0	0	0	0	0	0	0	0	0	0	1	0	0	0	0	0	0	0	0	0	0	0	0	0	0	0	0	0	0	0	0	0	0	0	1	41	1	2	0	0	0	0	0	0	0	0	0	0	0	0	0	0	0	0	0	0	0	0	0	0	0	0	0	1	0	0	0	0	0	0	0	0	0	0	0	0	0	0	0	0	0	0	0	0	0	0	0	0	0	0	87	99	0	0	0	0	0	0	0	0	0	0	0	0	0	0	0	0	0	0	1	0		//	-19			-18		-37	-7.4	-5	22
	765	0	0	맞춤설계된_제국말살자_대거_5등급아이템	48873	0	0	31156	48816	405	405	2405	39999	0	5	0	5	0	Null	0	Null	0	0	0	0	5	46	7480	1	2900	2900	0	0	1	261	0	0	0	29	0	0	0	0	0	0	0	0	93	100	0.8 	140 	0	0	1	1	1	2.5	0	0	0	0	0	0	0	0	0	0	1	0	0	0	0	0	0	0	0	0	0	0	0	0	0	0	0	0	0	0	0	0	0	0	1	41	1	2	0	0	0	0	0	0	0	0	0	0	0	0	0	0	0	0	0	0	0	0	0	0	0	0	0	1	0	0	0	0	0	0	0	0	0	0	0	0	0	0	0	0	0	0	0	0	0	0	0	0	0	0	102	115	0	0	0	0	0	0	0	0	0	0	0	0	0	0	0	0	0	0	1	0		//	-19			-18		-37	-7.4	-5	29
	766	0	0	맞춤설계된_심장파괴자의_대거_6등급아이템	48874	0	0	31156	48816	406	406	2406	39999	0	5	0	5	0	Null	0	Null	0	0	0	0	6	50	7312	1	4500	4500	0	0	1	261	0	0	0	36	0	0	0	0	0	0	0	0	109	118	0.8 	140 	0	0	1	1	1	2.5	0	0	0	0	0	0	0	0	0	0	1	0	0	0	0	0	0	0	0	0	0	0	0	0	0	0	0	0	0	0	0	0	0	0	1	41	1	2	0	0	0	0	0	0	0	0	0	0	0	0	0	0	0	0	0	0	0	0	0	0	0	0	0	1	0	0	0	0	0	0	0	0	0	0	0	0	0	0	0	0	0	0	0	0	0	0	0	0	0	0	120	136	0	0	0	0	0	0	0	0	0	0	0	0	0	0	0	0	0	0	1	0		//	-19			-18		-37	-7.4	-5	36
	767	0	0	맞춤설계된_피의향현_대거_7등급아이템	48875	0	0	31156	48816	407	407	2407	39999	0	5	0	5	0	Null	0	Null	0	0	0	0	7	54	7146	1	6900	6900	0	0	1	261	0	0	0	43	0	0	0	0	0	0	0	0	127	138	0.8 	140 	0	0	1	1	1	2.5	0	0	0	0	0	0	0	0	0	0	1	0	0	0	0	0	0	0	0	0	0	0	0	0	0	0	0	0	0	0	0	0	0	0	1	41	1	2	0	0	0	0	0	0	0	0	0	0	0	0	0	0	0	0	0	0	0	0	0	0	0	0	0	1	0	0	0	0	0	0	0	0	0	0	0	0	0	0	0	0	0	0	0	0	0	0	0	0	0	0	140	159	0	0	0	0	0	0	0	0	0	0	0	0	0	0	0	0	0	0	1	0		//	-19			-18		-37	-7.4	-5	43
	768	0	0	맞춤설계된_영혼을쫓는_대거_8등급아이템	48876	0	0	31156	48816	408	408	2408	39999	0	5	0	5	0	Null	0	Null	0	0	0	0	8	59	6980	1	10700	10700	0	0	1	261	0	0	0	50	0	0	0	0	0	0	0	0	149	162	0.8 	140 	0	0	1	1	1	2.5	0	0	0	0	0	0	0	0	0	0	1	0	0	0	0	0	0	0	0	0	0	0	0	0	0	0	0	0	0	0	0	0	0	0	1	41	1	2	0	0	0	0	0	0	0	0	0	0	0	0	0	0	0	0	0	0	0	0	0	0	0	0	0	1	0	0	0	0	0	0	0	0	0	0	0	0	0	0	0	0	0	0	0	0	0	0	0	0	0	0	164	186	0	0	0	0	0	0	0	0	0	0	0	0	0	0	0	0	0	0	1	0		//	-19			-18		-37	-7.4	-5	50
	769	0	0	맞춤설계된_침묵의묵시록_대거_9등급아이템	48877	0	0	31156	48816	409	409	2409	39999	0	5	0	5	0	Null	0	Null	0	0	0	0	9	63	6814	1	16700	16700	0	0	1	261	0	0	0	57	0	0	0	0	0	0	0	0	174	189	0.8 	140 	0	0	1	1	1	2.5	0	0	0	0	0	0	0	0	0	0	1	0	0	0	0	0	0	0	0	0	0	0	0	0	0	0	0	0	0	0	0	0	0	0	1	41	1	2	0	0	0	0	0	0	0	0	0	0	0	0	0	0	0	0	0	0	0	0	0	0	0	0	0	1	0	0	0	0	0	0	0	0	0	0	0	0	0	0	0	0	0	0	0	0	0	0	0	0	0	0	191	217	0	0	0	0	0	0	0	0	0	0	0	0	0	0	0	0	0	0	1	0		//	-19			-18		-37	-7.4	-5	57
	770	0	0	맞춤설계된_각성된월첨_대거_10등급아이템	48878	0	0	31156	48816	410	410	2410	39999	0	5	0	5	0	Null	0	Null	0	0	0	0	10	67	6648	1	25800	25800	0	0	1	261	0	0	0	64	0	0	0	0	0	0	0	0	204	221	0.8 	140 	0	0	1	1	1	2.5	0	0	0	0	0	0	0	0	0	0	1	0	0	0	0	0	0	0	0	0	0	0	0	0	0	0	0	0	0	0	0	0	0	0	1	41	1	2	0	0	0	0	0	0	0	0	0	0	0	0	0	0	0	0	0	0	0	0	0	0	0	0	0	1	0	0	0	0	0	0	0	0	0	0	0	0	0	0	0	0	0	0	0	0	0	0	0	0	0	0	224	254	0	0	0	0	0	0	0	0	0	0	0	0	0	0	0	0	0	0	1	0		//	-19			-18		-37	-7.4	-5	64
//	771	0	0	맞춤설계된_섀도우무기_대거_11등급아이템	48879	0	0	31156	48816	411	411	2411	39999	0	5	0	5	0	Null	0	Null	0	0	0	0	11	71	6482	1	40000	40000	0	0	1	261	0	0	0	71	0	0	0	0	0	0	0	0	240	260	0.8 	140 	0	0	1	1	1	2.5	0	0	0	0	0	0	0	0	0	0	1	0	0	0	0	0	0	0	0	0	0	0	0	0	0	0	0	0	0	0	0	0	0	0	1	41	1	2	0	0	0	0	0	0	0	0	0	0	0	0	0	0	0	0	0	0	0	0	0	0	0	0	0	1	0	0	0	0	0	0	0	0	0	0	0	0	0	0	0	0	0	0	0	0	0	0	0	0	0	0	264	299	0	0	0	0	0	0	0	0	0	0	0	0	0	0	0	0	0	0	1	0		//	-19			-18		-37	-7.4	-5	71
//	772	0	0	맞춤설계된_섀도우무기_대거_12등급아이템	48880	0	0	31156	48816	412	412	2412	39999	0	5	0	5	0	Null	0	Null	0	0	0	0	12	75	6316	1	62000	62000	0	0	1	261	0	0	0	78	0	0	0	0	0	0	0	0	280	303	0.8 	140 	0	0	1	1	1	2.5	0	0	0	0	0	0	0	0	0	0	1	0	0	0	0	0	0	0	0	0	0	0	0	0	0	0	0	0	0	0	0	0	0	0	1	41	1	2	0	0	0	0	0	0	0	0	0	0	0	0	0	0	0	0	0	0	0	0	0	0	0	0	0	1	0	0	0	0	0	0	0	0	0	0	0	0	0	0	0	0	0	0	0	0	0	0	0	0	0	0	308	348	0	0	0	0	0	0	0	0	0	0	0	0	0	0	0	0	0	0	1	0		//	-19			-18		-37	-7.4	-5	78
//	773	0	0	맞춤설계된_섀도우무기_대거_13등급아이템	48881	0	0	31156	48816	413	413	2413	39999	0	5	0	5	0	Null	0	Null	0	0	0	0	13	80	6150	1	96200	96200	0	0	1	261	0	0	0	85	0	0	0	0	0	0	0	0	328	355	0.8 	140 	0	0	1	1	1	2.5	0	0	0	0	0	0	0	0	0	0	1	0	0	0	0	0	0	0	0	0	0	0	0	0	0	0	0	0	0	0	0	0	0	0	1	41	1	2	0	0	0	0	0	0	0	0	0	0	0	0	0	0	0	0	0	0	0	0	0	0	0	0	0	1	0	0	0	0	0	0	0	0	0	0	0	0	0	0	0	0	0	0	0	0	0	0	0	0	0	0	361	408	0	0	0	0	0	0	0	0	0	0	0	0	0	0	0	0	0	0	1	0		//	-19			-18		-37	-7.4	-5	85
//	774	0	0	맞춤설계된_섀도우무기_대거_14등급아이템	48882	0	0	31156	48816	414	414	2414	39999	0	5	0	5	0	Null	0	Null	0	0	0	0	14	84	5984	1	149000	149000	0	0	1	261	0	0	0	92	0	0	0	0	0	0	0	0	384	416	0.8 	140 	0	0	1	1	1	2.5	0	0	0	0	0	0	0	0	0	0	1	0	0	0	0	0	0	0	0	0	0	0	0	0	0	0	0	0	0	0	0	0	0	0	1	41	1	2	0	0	0	0	0	0	0	0	0	0	0	0	0	0	0	0	0	0	0	0	0	0	0	0	0	1	0	0	0	0	0	0	0	0	0	0	0	0	0	0	0	0	0	0	0	0	0	0	0	0	0	0	422	478	0	0	0	0	0	0	0	0	0	0	0	0	0	0	0	0	0	0	1	0		//	-19			-18		-37	-7.4	-5	92
//	775	0	0	맞춤설계된_섀도우무기_대거_15등급아이템	48883	0	0	31156	48816	415	415	2415	39999	0	5	0	5	0	Null	0	Null	0	0	0	0	15	88	5818	1	231000	231000	0	0	1	261	0	0	0	99	0	0	0	0	0	0	0	0	449	486	0.8 	140 	0	0	1	1	1	2.5	0	0	0	0	0	0	0	0	0	0	1	0	0	0	0	0	0	0	0	0	0	0	0	0	0	0	0	0	0	0	0	0	0	0	1	41	1	2	0	0	0	0	0	0	0	0	0	0	0	0	0	0	0	0	0	0	0	0	0	0	0	0	0	1	0	0	0	0	0	0	0	0	0	0	0	0	0	0	0	0	0	0	0	0	0	0	0	0	0	0	494	559	0	0	0	0	0	0	0	0	0	0	0	0	0	0	0	0	0	0	1	0		//	-19			-18		-37	-7.4	-5	99
	776	0	0	맞춤설계된_강철_채찍검_1등급아이템	48869	0	0	31157	48816	501	501	2501	39999	0	6	0	6	0	Null	0	Null	0	0	0	0	1	30	9060	1	25	25	0	0	1	261	0	0	0	1	0	0	0	0	0	0	0	0	50	59	0.8 	125 	0	0	1	1	1	3.5	0	0	0	0	0	0	0	0	0	0	1	0	0	0	0	0	0	0	0	0	0	0	0	0	0	0	0	0	0	0	0	0	0	0	1	41	1	3	0	0	0	0	0	0	0	0	0	0	0	0	0	0	0	0	0	0	0	0	0	0	0	0	0	1	0	0	0	0	0	0	0	0	0	0	0	0	0	0	0	0	0	0	0	0	0	0	0	0	0	0	55	68	0	0	0	0	0	0	0	0	0	0	0	0	0	0	0	0	0	0	1	0		//	-19			-18		-37	-7.4	-5	1
	777	0	0	맞춤설계된_미스릴_채찍검_2등급아이템	48870	0	0	31157	48816	502	502	2502	39999	0	6	0	6	0	Null	0	Null	0	0	0	0	2	34	8698	1	800	800	0	0	1	261	0	0	0	8	0	0	0	0	0	0	0	0	58	69	0.8 	125 	0	0	1	1	1	3.5	0	0	0	0	0	0	0	0	0	0	1	0	0	0	0	0	0	0	0	0	0	0	0	0	0	0	0	0	0	0	0	0	0	0	1	41	1	3	0	0	0	0	0	0	0	0	0	0	0	0	0	0	0	0	0	0	0	0	0	0	0	0	0	1	0	0	0	0	0	0	0	0	0	0	0	0	0	0	0	0	0	0	0	0	0	0	0	0	0	0	64	79	0	0	0	0	0	0	0	0	0	0	0	0	0	0	0	0	0	0	1	0		//	-19			-18		-37	-7.4	-5	8
	778	0	0	맞춤설계된_흑철_채찍검_3등급아이템	48871	0	0	31157	48816	503	503	2503	39999	0	6	0	6	0	Null	0	Null	0	0	0	0	3	38	8516	1	1200	1200	0	0	1	261	0	0	0	15	0	0	0	0	0	0	0	0	68	81	0.8 	125 	0	0	1	1	1	3.5	0	0	0	0	0	0	0	0	0	0	1	0	0	0	0	0	0	0	0	0	0	0	0	0	0	0	0	0	0	0	0	0	0	0	1	41	1	3	0	0	0	0	0	0	0	0	0	0	0	0	0	0	0	0	0	0	0	0	0	0	0	0	0	1	0	0	0	0	0	0	0	0	0	0	0	0	0	0	0	0	0	0	0	0	0	0	0	0	0	0	75	93	0	0	0	0	0	0	0	0	0	0	0	0	0	0	0	0	0	0	1	0		//	-19			-18		-37	-7.4	-5	15
	779	0	0	맞춤설계된_배신자를위한_채찍검_4등급아이템	48884	0	0	31157	48816	504	504	2504	39999	0	6	0	6	0	Null	0	Null	0	0	0	0	4	42	8336	1	1900	1900	0	0	1	261	0	0	0	22	0	0	0	0	0	0	0	0	80	95	0.8 	125 	0	0	1	1	1	3.5	0	0	0	0	0	0	0	0	0	0	1	0	0	0	0	0	0	0	0	0	0	0	0	0	0	0	0	0	0	0	0	0	0	0	1	41	1	3	0	0	0	0	0	0	0	0	0	0	0	0	0	0	0	0	0	0	0	0	0	0	0	0	0	1	0	0	0	0	0	0	0	0	0	0	0	0	0	0	0	0	0	0	0	0	0	0	0	0	0	0	88	109	0	0	0	0	0	0	0	0	0	0	0	0	0	0	0	0	0	0	1	0		//	-19			-18		-37	-7.4	-5	22
	780	0	0	맞춤설계된_비명의관통_채찍검_5등급아이템	48885	0	0	31157	48816	505	505	2505	39999	0	6	0	6	0	Null	0	Null	0	0	0	0	5	46	8154	1	2900	2900	0	0	1	261	0	0	0	29	0	0	0	0	0	0	0	0	93	112	0.8 	125 	0	0	1	1	1	3.5	0	0	0	0	0	0	0	0	0	0	1	0	0	0	0	0	0	0	0	0	0	0	0	0	0	0	0	0	0	0	0	0	0	0	1	41	1	3	0	0	0	0	0	0	0	0	0	0	0	0	0	0	0	0	0	0	0	0	0	0	0	0	0	1	0	0	0	0	0	0	0	0	0	0	0	0	0	0	0	0	0	0	0	0	0	0	0	0	0	0	102	129	0	0	0	0	0	0	0	0	0	0	0	0	0	0	0	0	0	0	1	0		//	-19			-18		-37	-7.4	-5	29
	781	0	0	맞춤설계된_아리아드네의손톱_채찍검_6등급아이템	48886	0	0	31157	48816	506	506	2506	39999	0	6	0	6	0	Null	0	Null	0	0	0	0	6	50	7972	1	4500	4500	0	0	1	261	0	0	0	36	0	0	0	0	0	0	0	0	109	130	0.8 	125 	0	0	1	1	1	3.5	0	0	0	0	0	0	0	0	0	0	1	0	0	0	0	0	0	0	0	0	0	0	0	0	0	0	0	0	0	0	0	0	0	0	1	41	1	3	0	0	0	0	0	0	0	0	0	0	0	0	0	0	0	0	0	0	0	0	0	0	0	0	0	1	0	0	0	0	0	0	0	0	0	0	0	0	0	0	0	0	0	0	0	0	0	0	0	0	0	0	120	150	0	0	0	0	0	0	0	0	0	0	0	0	0	0	0	0	0	0	1	0		//	-19			-18		-37	-7.4	-5	36
	782	0	0	맞춤설계된_암묵적사념체_채찍검_7등급아이템	48887	0	0	31157	48816	507	507	2507	39999	0	6	0	6	0	Null	0	Null	0	0	0	0	7	55	7792	1	6900	6900	0	0	1	261	0	0	0	43	0	0	0	0	0	0	0	0	128	153	0.8 	125 	0	0	1	1	1	3.5	0	0	0	0	0	0	0	0	0	0	1	0	0	0	0	0	0	0	0	0	0	0	0	0	0	0	0	0	0	0	0	0	0	0	1	41	1	3	0	0	0	0	0	0	0	0	0	0	0	0	0	0	0	0	0	0	0	0	0	0	0	0	0	1	0	0	0	0	0	0	0	0	0	0	0	0	0	0	0	0	0	0	0	0	0	0	0	0	0	0	141	176	0	0	0	0	0	0	0	0	0	0	0	0	0	0	0	0	0	0	1	0		//	-19			-18		-37	-7.4	-5	43
	783	0	0	맞춤설계된_그림자영창곡_채찍검_8등급아이템	48888	0	0	31157	48816	508	508	2508	39999	0	6	0	6	0	Null	0	Null	0	0	0	0	8	59	7610	1	10700	10700	0	0	1	261	0	0	0	50	0	0	0	0	0	0	0	0	150	179	0.8 	125 	0	0	1	1	1	3.5	0	0	0	0	0	0	0	0	0	0	1	0	0	0	0	0	0	0	0	0	0	0	0	0	0	0	0	0	0	0	0	0	0	0	1	41	1	3	0	0	0	0	0	0	0	0	0	0	0	0	0	0	0	0	0	0	0	0	0	0	0	0	0	1	0	0	0	0	0	0	0	0	0	0	0	0	0	0	0	0	0	0	0	0	0	0	0	0	0	0	165	206	0	0	0	0	0	0	0	0	0	0	0	0	0	0	0	0	0	0	1	0		//	-19			-18		-37	-7.4	-5	50
	784	0	0	맞춤설계된_지옥의클라르테_채찍검_9등급아이템	48889	0	0	31157	48816	509	509	2509	39999	0	6	0	6	0	Null	0	Null	0	0	0	0	9	63	7430	1	16700	16700	0	0	1	261	0	0	0	57	0	0	0	0	0	0	0	0	175	210	0.8 	125 	0	0	1	1	1	3.5	0	0	0	0	0	0	0	0	0	0	1	0	0	0	0	0	0	0	0	0	0	0	0	0	0	0	0	0	0	0	0	0	0	0	1	41	1	3	0	0	0	0	0	0	0	0	0	0	0	0	0	0	0	0	0	0	0	0	0	0	0	0	0	1	0	0	0	0	0	0	0	0	0	0	0	0	0	0	0	0	0	0	0	0	0	0	0	0	0	0	193	242	0	0	0	0	0	0	0	0	0	0	0	0	0	0	0	0	0	0	1	0		//	-19			-18		-37	-7.4	-5	57
	785	0	0	맞춤설계된_사형집행자_채찍검_10등급아이템	48890	0	0	31157	48816	510	510	2510	39999	0	6	0	6	0	Null	0	Null	0	0	0	0	10	67	7248	1	25800	25800	0	0	1	261	0	0	0	64	0	0	0	0	0	0	0	0	205	246	0.8 	125 	0	0	1	1	1	3.5	0	0	0	0	0	0	0	0	0	0	1	0	0	0	0	0	0	0	0	0	0	0	0	0	0	0	0	0	0	0	0	0	0	0	1	41	1	3	0	0	0	0	0	0	0	0	0	0	0	0	0	0	0	0	0	0	0	0	0	0	0	0	0	1	0	0	0	0	0	0	0	0	0	0	0	0	0	0	0	0	0	0	0	0	0	0	0	0	0	0	226	283	0	0	0	0	0	0	0	0	0	0	0	0	0	0	0	0	0	0	1	0		//	-19			-18		-37	-7.4	-5	64
//	786	0	0	맞춤설계된_미정_채찍검_11등급아이템	48891	0	0	31157	48816	511	511	2511	39999	0	6	0	6	0	Null	0	Null	0	0	0	0	11	71	7066	1	40000	40000	0	0	1	261	0	0	0	71	0	0	0	0	0	0	0	0	241	288	0.8 	125 	0	0	1	1	1	3.5	0	0	0	0	0	0	0	0	0	0	1	0	0	0	0	0	0	0	0	0	0	0	0	0	0	0	0	0	0	0	0	0	0	0	1	41	1	3	0	0	0	0	0	0	0	0	0	0	0	0	0	0	0	0	0	0	0	0	0	0	0	0	0	1	0	0	0	0	0	0	0	0	0	0	0	0	0	0	0	0	0	0	0	0	0	0	0	0	0	0	265	331	0	0	0	0	0	0	0	0	0	0	0	0	0	0	0	0	0	0	1	0		//	-19			-18		-37	-7.4	-5	71
//	787	0	0	맞춤설계된_미정_채찍검_12등급아이템	48892	0	0	31157	48816	512	512	2512	39999	0	6	0	6	0	Null	0	Null	0	0	0	0	12	76	6886	1	62000	62000	0	0	1	261	0	0	0	78	0	0	0	0	0	0	0	0	282	337	0.8 	125 	0	0	1	1	1	3.5	0	0	0	0	0	0	0	0	0	0	1	0	0	0	0	0	0	0	0	0	0	0	0	0	0	0	0	0	0	0	0	0	0	0	1	41	1	3	0	0	0	0	0	0	0	0	0	0	0	0	0	0	0	0	0	0	0	0	0	0	0	0	0	1	0	0	0	0	0	0	0	0	0	0	0	0	0	0	0	0	0	0	0	0	0	0	0	0	0	0	310	388	0	0	0	0	0	0	0	0	0	0	0	0	0	0	0	0	0	0	1	0		//	-19			-18		-37	-7.4	-5	78
//	788	0	0	맞춤설계된_미정_채찍검_13등급아이템	48893	0	0	31157	48816	513	513	2513	39999	0	6	0	6	0	Null	0	Null	0	0	0	0	13	80	6704	1	96200	96200	0	0	1	261	0	0	0	85	0	0	0	0	0	0	0	0	329	394	0.8 	125 	0	0	1	1	1	3.5	0	0	0	0	0	0	0	0	0	0	1	0	0	0	0	0	0	0	0	0	0	0	0	0	0	0	0	0	0	0	0	0	0	0	1	41	1	3	0	0	0	0	0	0	0	0	0	0	0	0	0	0	0	0	0	0	0	0	0	0	0	0	0	1	0	0	0	0	0	0	0	0	0	0	0	0	0	0	0	0	0	0	0	0	0	0	0	0	0	0	362	453	0	0	0	0	0	0	0	0	0	0	0	0	0	0	0	0	0	0	1	0		//	-19			-18		-37	-7.4	-5	85
//	789	0	0	맞춤설계된_미정_채찍검_14등급아이템	48894	0	0	31157	48816	514	514	2514	39999	0	6	0	6	0	Null	0	Null	0	0	0	0	14	84	6524	1	149000	149000	0	0	1	261	0	0	0	92	0	0	0	0	0	0	0	0	385	462	0.8 	125 	0	0	1	1	1	3.5	0	0	0	0	0	0	0	0	0	0	1	0	0	0	0	0	0	0	0	0	0	0	0	0	0	0	0	0	0	0	0	0	0	0	1	41	1	3	0	0	0	0	0	0	0	0	0	0	0	0	0	0	0	0	0	0	0	0	0	0	0	0	0	1	0	0	0	0	0	0	0	0	0	0	0	0	0	0	0	0	0	0	0	0	0	0	0	0	0	0	424	531	0	0	0	0	0	0	0	0	0	0	0	0	0	0	0	0	0	0	1	0		//	-19			-18		-37	-7.4	-5	92
//	790	0	0	맞춤설계된_미정_채찍검_15등급아이템	48895	0	0	31157	48816	515	515	2515	39999	0	6	0	6	0	Null	0	Null	0	0	0	0	15	88	6342	1	231000	231000	0	0	1	261	0	0	0	99	0	0	0	0	0	0	0	0	451	540	0.8 	125 	0	0	1	1	1	3.5	0	0	0	0	0	0	0	0	0	0	1	0	0	0	0	0	0	0	0	0	0	0	0	0	0	0	0	0	0	0	0	0	0	0	1	41	1	3	0	0	0	0	0	0	0	0	0	0	0	0	0	0	0	0	0	0	0	0	0	0	0	0	0	1	0	0	0	0	0	0	0	0	0	0	0	0	0	0	0	0	0	0	0	0	0	0	0	0	0	0	496	621	0	0	0	0	0	0	0	0	0	0	0	0	0	0	0	0	0	0	1	0		//	-19			-18		-37	-7.4	-5	99
	791	0	0	맞춤설계된_대나무_한손석궁_1등급아이템	48896	0	0	30007	48816	601	601	2601	39999	0	7	0	7	0	Null	0	Null	0	0	0	0	1	25	8430	1	25	25	0	0	1	261	0	0	0	1	0	0	0	0	0	0	0	0	80	85	0.8 	150 	0	0	2	2	2	19	0	0	0	0	0	0	0	0	0	0	0	1	0	0	0	0	0	0	0	0	0	0	0	0	0	0	0	0	0	0	0	0	0	0	1	41	1	2	0	0	0	0	0	0	0	0	0	0	0	0	0	0	0	0	0	0	0	0	0	0	0	0	0	1	0	0	0	0	0	0	0	0	0	0	0	0	0	0	0	0	0	0	0	0	0	0	0	0	0	0	88	98	0	0	0	0	0	0	0	0	0	0	0	0	0	0	0	0	0	0	1	0		//	-16	-23				-39	-7.8	-5	1
	792	0	0	맞춤설계된_떡갈나무_한손석궁_2등급아이템	48897	0	0	30007	48816	602	602	2602	39999	0	7	0	7	0	Null	0	Null	0	0	0	0	2	28	8092	1	800	800	0	0	1	261	0	0	0	8	0	0	0	0	0	0	0	0	93	100	0.8 	150 	0	0	2	2	2	19	0	0	0	0	0	0	0	0	0	0	0	1	0	0	0	0	0	0	0	0	0	0	0	0	0	0	0	0	0	0	0	0	0	0	1	41	1	2	0	0	0	0	0	0	0	0	0	0	0	0	0	0	0	0	0	0	0	0	0	0	0	0	0	1	0	0	0	0	0	0	0	0	0	0	0	0	0	0	0	0	0	0	0	0	0	0	0	0	0	0	102	115	0	0	0	0	0	0	0	0	0	0	0	0	0	0	0	0	0	0	1	0		//	-16	-23				-39	-7.8	-5	8
	793	0	0	맞춤설계된_주석_한손석궁_3등급아이템	48898	0	0	30007	48816	603	603	2603	39999	0	7	0	7	0	Null	0	Null	0	0	0	0	3	32	7924	1	1200	1200	0	0	1	261	0	0	0	15	0	0	0	0	0	0	0	0	110	117	0.8 	150 	0	0	2	2	2	19	0	0	0	0	0	0	0	0	0	0	0	1	0	0	0	0	0	0	0	0	0	0	0	0	0	0	0	0	0	0	0	0	0	0	1	41	1	2	0	0	0	0	0	0	0	0	0	0	0	0	0	0	0	0	0	0	0	0	0	0	0	0	0	1	0	0	0	0	0	0	0	0	0	0	0	0	0	0	0	0	0	0	0	0	0	0	0	0	0	0	121	135	0	0	0	0	0	0	0	0	0	0	0	0	0	0	0	0	0	0	1	0		//	-16	-23				-39	-7.8	-5	15
	794	0	0	맞춤설계된_강철_한손석궁_4등급아이템	48899	0	0	30007	48816	604	604	2604	39999	0	7	0	7	0	Null	0	Null	0	0	0	0	4	36	7756	1	1900	1900	0	0	1	261	0	0	0	22	0	0	0	0	0	0	0	0	129	138	0.8 	150 	0	0	2	2	2	19	0	0	0	0	0	0	0	0	0	0	0	1	0	0	0	0	0	0	0	0	0	0	0	0	0	0	0	0	0	0	0	0	0	0	1	41	1	2	0	0	0	0	0	0	0	0	0	0	0	0	0	0	0	0	0	0	0	0	0	0	0	0	0	1	0	0	0	0	0	0	0	0	0	0	0	0	0	0	0	0	0	0	0	0	0	0	0	0	0	0	142	159	0	0	0	0	0	0	0	0	0	0	0	0	0	0	0	0	0	0	1	0		//	-16	-23				-39	-7.8	-5	22
	795	0	0	맞춤설계된_속사_한손석궁_5등급아이템	48900	0	0	30007	48816	605	605	2605	39999	0	7	0	7	0	Null	0	Null	0	0	0	0	5	40	7588	1	2900	2900	0	0	1	261	0	0	0	29	0	0	0	0	0	0	0	0	150	161	0.8 	150 	0	0	2	2	2	19	0	0	0	0	0	0	0	0	0	0	0	1	0	0	0	0	0	0	0	0	0	0	0	0	0	0	0	0	0	0	0	0	0	0	1	41	1	2	0	0	0	0	0	0	0	0	0	0	0	0	0	0	0	0	0	0	0	0	0	0	0	0	0	1	0	0	0	0	0	0	0	0	0	0	0	0	0	0	0	0	0	0	0	0	0	0	0	0	0	0	165	185	0	0	0	0	0	0	0	0	0	0	0	0	0	0	0	0	0	0	1	0		//	-16	-23				-39	-7.8	-5	29
	796	0	0	맞춤설계된_리베호수_한손석궁_6등급아이템	48901	0	0	30007	48816	606	606	2606	39999	0	7	0	7	0	Null	0	Null	0	0	0	0	6	44	7418	1	4500	4500	0	0	1	261	0	0	0	36	0	0	0	0	0	0	0	0	176	189	0.8 	150 	0	0	2	2	2	19	0	0	0	0	0	0	0	0	0	0	0	1	0	0	0	0	0	0	0	0	0	0	0	0	0	0	0	0	0	0	0	0	0	0	1	41	1	2	0	0	0	0	0	0	0	0	0	0	0	0	0	0	0	0	0	0	0	0	0	0	0	0	0	1	0	0	0	0	0	0	0	0	0	0	0	0	0	0	0	0	0	0	0	0	0	0	0	0	0	0	194	217	0	0	0	0	0	0	0	0	0	0	0	0	0	0	0	0	0	0	1	0		//	-16	-23				-39	-7.8	-5	36
	797	0	0	맞춤설계된_경이로운자_한손석궁_7등급아이템	48902	0	0	30007	48816	607	607	2607	39999	0	7	0	7	0	Null	0	Null	0	0	0	0	7	48	7250	1	6900	6900	0	0	1	261	0	0	0	43	0	0	0	0	0	0	0	0	206	221	0.8 	150 	0	0	2	2	2	19	0	0	0	0	0	0	0	0	0	0	0	1	0	0	0	0	0	0	0	0	0	0	0	0	0	0	0	0	0	0	0	0	0	0	1	41	1	2	0	0	0	0	0	0	0	0	0	0	0	0	0	0	0	0	0	0	0	0	0	0	0	0	0	1	0	0	0	0	0	0	0	0	0	0	0	0	0	0	0	0	0	0	0	0	0	0	0	0	0	0	227	254	0	0	0	0	0	0	0	0	0	0	0	0	0	0	0	0	0	0	1	0		//	-16	-23				-39	-7.8	-5	43
	798	0	0	맞춤설계된_진노한나자린_한손석궁_8등급아이템	48903	0	0	30007	48816	608	608	2608	39999	0	7	0	7	0	Null	0	Null	0	0	0	0	8	52	7082	1	10700	10700	0	0	1	261	0	0	0	50	0	0	0	0	0	0	0	0	242	259	0.8 	150 	0	0	2	2	2	19	0	0	0	0	0	0	0	0	0	0	0	1	0	0	0	0	0	0	0	0	0	0	0	0	0	0	0	0	0	0	0	0	0	0	1	41	1	2	0	0	0	0	0	0	0	0	0	0	0	0	0	0	0	0	0	0	0	0	0	0	0	0	0	1	0	0	0	0	0	0	0	0	0	0	0	0	0	0	0	0	0	0	0	0	0	0	0	0	0	0	266	298	0	0	0	0	0	0	0	0	0	0	0	0	0	0	0	0	0	0	1	0		//	-16	-23				-39	-7.8	-5	50
	799	0	0	맞춤설계된_비밀숲_한손석궁_9등급아이템	48904	0	0	30007	48816	609	609	2609	39999	0	7	0	7	0	Null	0	Null	0	0	0	0	9	56	6912	1	16700	16700	0	0	1	261	0	0	0	57	0	0	0	0	0	0	0	0	283	304	0.8 	150 	0	0	2	2	2	19	0	0	0	0	0	0	0	0	0	0	0	1	0	0	0	0	0	0	0	0	0	0	0	0	0	0	0	0	0	0	0	0	0	0	1	41	1	2	0	0	0	0	0	0	0	0	0	0	0	0	0	0	0	0	0	0	0	0	0	0	0	0	0	1	0	0	0	0	0	0	0	0	0	0	0	0	0	0	0	0	0	0	0	0	0	0	0	0	0	0	311	350	0	0	0	0	0	0	0	0	0	0	0	0	0	0	0	0	0	0	1	0		//	-16	-23				-39	-7.8	-5	57
	800	0	0	맞춤설계된_디스트럭션키스_한손석궁_10등급아이템	48905	0	0	30007	48816	610	610	2610	39999	0	7	0	7	0	Null	0	Null	0	0	0	0	10	60	6744	1	25800	25800	0	0	1	261	0	0	0	64	0	0	0	0	0	0	0	0	331	356	0.8 	150 	0	0	2	2	2	19	0	0	0	0	0	0	0	0	0	0	0	1	0	0	0	0	0	0	0	0	0	0	0	0	0	0	0	0	0	0	0	0	0	0	1	41	1	2	0	0	0	0	0	0	0	0	0	0	0	0	0	0	0	0	0	0	0	0	0	0	0	0	0	1	0	0	0	0	0	0	0	0	0	0	0	0	0	0	0	0	0	0	0	0	0	0	0	0	0	0	364	409	0	0	0	0	0	0	0	0	0	0	0	0	0	0	0	0	0	0	1	0		//	-16	-23				-39	-7.8	-5	64
//	801	0	0	맞춤설계된_겸허한이노슨_한손석궁_11등급아이템	48906	0	0	30007	48816	611	611	2611	39999	0	7	0	7	0	Null	0	Null	0	0	0	0	11	64	6576	1	40000	40000	0	0	1	261	0	0	0	71	0	0	0	0	0	0	0	0	387	416	0.8 	150 	0	0	2	2	2	19	0	0	0	0	0	0	0	0	0	0	0	1	0	0	0	0	0	0	0	0	0	0	0	0	0	0	0	0	0	0	0	0	0	0	1	41	1	2	0	0	0	0	0	0	0	0	0	0	0	0	0	0	0	0	0	0	0	0	0	0	0	0	0	1	0	0	0	0	0	0	0	0	0	0	0	0	0	0	0	0	0	0	0	0	0	0	0	0	0	0	426	478	0	0	0	0	0	0	0	0	0	0	0	0	0	0	0	0	0	0	1	0		//	-16	-23				-39	-7.8	-5	71
//	802	0	0	맞춤설계된_궁사라우펜_한손석궁_12등급아이템	48907	0	0	30007	48816	612	612	2612	39999	0	7	0	7	0	Null	0	Null	0	0	0	0	12	67	6406	1	62000	62000	0	0	1	261	0	0	0	78	0	0	0	0	0	0	0	0	454	487	0.8 	150 	0	0	2	2	2	19	0	0	0	0	0	0	0	0	0	0	0	1	0	0	0	0	0	0	0	0	0	0	0	0	0	0	0	0	0	0	0	0	0	0	1	41	1	2	0	0	0	0	0	0	0	0	0	0	0	0	0	0	0	0	0	0	0	0	0	0	0	0	0	1	0	0	0	0	0	0	0	0	0	0	0	0	0	0	0	0	0	0	0	0	0	0	0	0	0	0	499	560	0	0	0	0	0	0	0	0	0	0	0	0	0	0	0	0	0	0	1	0		//	-16	-23				-39	-7.8	-5	78
//	803	0	0	맞춤설계된_잔혹한분노의_한손석궁_13등급아이템	48908	0	0	30007	48816	613	613	2613	39999	0	7	0	7	0	Null	0	Null	0	0	0	0	13	71	6238	1	96200	96200	0	0	1	261	0	0	0	85	0	0	0	0	0	0	0	0	531	570	0.8 	150 	0	0	2	2	2	19	0	0	0	0	0	0	0	0	0	0	0	1	0	0	0	0	0	0	0	0	0	0	0	0	0	0	0	0	0	0	0	0	0	0	1	41	1	2	0	0	0	0	0	0	0	0	0	0	0	0	0	0	0	0	0	0	0	0	0	0	0	0	0	1	0	0	0	0	0	0	0	0	0	0	0	0	0	0	0	0	0	0	0	0	0	0	0	0	0	0	584	656	0	0	0	0	0	0	0	0	0	0	0	0	0	0	0	0	0	0	1	0		//	-16	-23				-39	-7.8	-5	85
//	804	0	0	맞춤설계된_검은태양의_한손석궁_14등급아이템	48909	0	0	30007	48816	614	614	2614	39999	0	7	0	7	0	Null	0	Null	0	0	0	0	14	75	6070	1	149000	149000	0	0	1	261	0	0	0	92	0	0	0	0	0	0	0	0	621	666	0.8 	150 	0	0	2	2	2	19	0	0	0	0	0	0	0	0	0	0	0	1	0	0	0	0	0	0	0	0	0	0	0	0	0	0	0	0	0	0	0	0	0	0	1	41	1	2	0	0	0	0	0	0	0	0	0	0	0	0	0	0	0	0	0	0	0	0	0	0	0	0	0	1	0	0	0	0	0	0	0	0	0	0	0	0	0	0	0	0	0	0	0	0	0	0	0	0	0	0	683	766	0	0	0	0	0	0	0	0	0	0	0	0	0	0	0	0	0	0	1	0		//	-16	-23				-39	-7.8	-5	92
//	805	0	0	맞춤설계된_하늘정원의_한손석궁_15등급아이템	48910	0	0	30007	48816	615	615	2615	39999	0	7	0	7	0	Null	0	Null	0	0	0	0	15	79	5902	1	231000	231000	0	0	1	261	0	0	0	99	0	0	0	0	0	0	0	0	727	780	0.8 	150 	0	0	2	2	2	19	0	0	0	0	0	0	0	0	0	0	0	1	0	0	0	0	0	0	0	0	0	0	0	0	0	0	0	0	0	0	0	0	0	0	1	41	1	2	0	0	0	0	0	0	0	0	0	0	0	0	0	0	0	0	0	0	0	0	0	0	0	0	0	1	0	0	0	0	0	0	0	0	0	0	0	0	0	0	0	0	0	0	0	0	0	0	0	0	0	0	800	897	0	0	0	0	0	0	0	0	0	0	0	0	0	0	0	0	0	0	1	0		//	-16	-23				-39	-7.8	-5	99
	806	0	0	맞춤설계된_금속_에테르웨폰_1등급아이템	48911	0	0	30008	48816	701	701	2701	39999	0	8	0	8	0	Null	0	Null	0	0	0	0	1	25	5400	1	25	25	0	0	1	261	0	0	0	1	0	0	0	0	0	0	0	0	88	101	0.8 	105 	0	0	2	2	2	16	0	0	0	0	0	0	0	0	0	0	0	1	0	0	0	0	0	0	0	0	0	0	0	0	0	0	0	0	0	0	0	0	0	0	1	41	1	3	0	0	0	0	0	0	0	0	0	0	0	0	0	0	0	0	0	0	0	0	0	0	0	0	0	1	0	0	0	0	0	0	0	0	0	0	0	0	0	0	0	0	0	0	0	0	0	0	0	0	0	0	97	116	0	0	0	0	0	0	0	0	0	0	0	0	0	0	0	0	0	0	1	0		//	-16	-23				-39	-7.8	-5	1
	807	0	0	맞춤설계된_청동_에테르웨폰_2등급아이템	48912	0	0	30008	48816	702	702	2702	39999	0	8	0	8	0	Null	0	Null	0	0	0	0	2	28	5184	1	800	800	0	0	1	261	0	0	0	8	0	0	0	0	0	0	0	0	103	118	0.8 	105 	0	0	2	2	2	16	0	0	0	0	0	0	0	0	0	0	0	1	0	0	0	0	0	0	0	0	0	0	0	0	0	0	0	0	0	0	0	0	0	0	1	41	1	3	0	0	0	0	0	0	0	0	0	0	0	0	0	0	0	0	0	0	0	0	0	0	0	0	0	1	0	0	0	0	0	0	0	0	0	0	0	0	0	0	0	0	0	0	0	0	0	0	0	0	0	0	113	136	0	0	0	0	0	0	0	0	0	0	0	0	0	0	0	0	0	0	1	0		//	-16	-23				-39	-7.8	-5	8
	808	0	0	맞춤설계된_주석_에테르웨폰_3등급아이템	48913	0	0	30008	48816	703	703	2703	39999	0	8	0	8	0	Null	0	Null	0	0	0	0	3	32	5076	1	1200	1200	0	0	1	261	0	0	0	15	0	0	0	0	0	0	0	0	120	139	0.8 	105 	0	0	2	2	2	16	0	0	0	0	0	0	0	0	0	0	0	1	0	0	0	0	0	0	0	0	0	0	0	0	0	0	0	0	0	0	0	0	0	0	1	41	1	3	0	0	0	0	0	0	0	0	0	0	0	0	0	0	0	0	0	0	0	0	0	0	0	0	0	1	0	0	0	0	0	0	0	0	0	0	0	0	0	0	0	0	0	0	0	0	0	0	0	0	0	0	132	160	0	0	0	0	0	0	0	0	0	0	0	0	0	0	0	0	0	0	1	0		//	-16	-23				-39	-7.8	-5	15
	809	0	0	맞춤설계된_강철_에테르웨폰_4등급아이템	48914	0	0	30008	48816	704	704	2704	39999	0	8	0	8	0	Null	0	Null	0	0	0	0	4	36	4968	1	1900	1900	0	0	1	261	0	0	0	22	0	0	0	0	0	0	0	0	142	163	0.8 	105 	0	0	2	2	2	16	0	0	0	0	0	0	0	0	0	0	0	1	0	0	0	0	0	0	0	0	0	0	0	0	0	0	0	0	0	0	0	0	0	0	1	41	1	3	0	0	0	0	0	0	0	0	0	0	0	0	0	0	0	0	0	0	0	0	0	0	0	0	0	1	0	0	0	0	0	0	0	0	0	0	0	0	0	0	0	0	0	0	0	0	0	0	0	0	0	0	156	187	0	0	0	0	0	0	0	0	0	0	0	0	0	0	0	0	0	0	1	0		//	-16	-23				-39	-7.8	-5	22
	810	0	0	맞춤설계된_천둥소리_에테르웨폰_5등급아이템	48915	0	0	30008	48816	705	705	2705	39999	0	8	0	8	0	Null	0	Null	0	0	0	0	5	40	4860	1	2900	2900	0	0	1	261	0	0	0	29	0	0	0	0	0	0	0	0	166	191	0.8 	105 	0	0	2	2	2	16	0	0	0	0	0	0	0	0	0	0	0	1	0	0	0	0	0	0	0	0	0	0	0	0	0	0	0	0	0	0	0	0	0	0	1	41	1	3	0	0	0	0	0	0	0	0	0	0	0	0	0	0	0	0	0	0	0	0	0	0	0	0	0	1	0	0	0	0	0	0	0	0	0	0	0	0	0	0	0	0	0	0	0	0	0	0	0	0	0	0	183	220	0	0	0	0	0	0	0	0	0	0	0	0	0	0	0	0	0	0	1	0		//	-16	-23				-39	-7.8	-5	29
	811	0	0	맞춤설계된_코르닉_에테르웨폰_6등급아이템	48916	0	0	30008	48816	706	706	2706	39999	0	8	0	8	0	Null	0	Null	0	0	0	0	6	44	4752	1	4500	4500	0	0	1	261	0	0	0	36	0	0	0	0	0	0	0	0	194	223	0.8 	105 	0	0	2	2	2	16	0	0	0	0	0	0	0	0	0	0	0	1	0	0	0	0	0	0	0	0	0	0	0	0	0	0	0	0	0	0	0	0	0	0	1	41	1	3	0	0	0	0	0	0	0	0	0	0	0	0	0	0	0	0	0	0	0	0	0	0	0	0	0	1	0	0	0	0	0	0	0	0	0	0	0	0	0	0	0	0	0	0	0	0	0	0	0	0	0	0	213	256	0	0	0	0	0	0	0	0	0	0	0	0	0	0	0	0	0	0	1	0		//	-16	-23				-39	-7.8	-5	36
	812	0	0	맞춤설계된_백발백중_에테르웨폰_7등급아이템	48917	0	0	30008	48816	707	707	2707	39999	0	8	0	8	0	Null	0	Null	0	0	0	0	7	48	4644	1	6900	6900	0	0	1	261	0	0	0	43	0	0	0	0	0	0	0	0	227	262	0.8 	105 	0	0	2	2	2	16	0	0	0	0	0	0	0	0	0	0	0	1	0	0	0	0	0	0	0	0	0	0	0	0	0	0	0	0	0	0	0	0	0	0	1	41	1	3	0	0	0	0	0	0	0	0	0	0	0	0	0	0	0	0	0	0	0	0	0	0	0	0	0	1	0	0	0	0	0	0	0	0	0	0	0	0	0	0	0	0	0	0	0	0	0	0	0	0	0	0	250	301	0	0	0	0	0	0	0	0	0	0	0	0	0	0	0	0	0	0	1	0		//	-16	-23				-39	-7.8	-5	43
	813	0	0	맞춤설계된_명사수콘시_에테르웨폰_8등급아이템	48918	0	0	30008	48816	708	708	2708	39999	0	8	0	8	0	Null	0	Null	0	0	0	0	8	52	4536	1	10700	10700	0	0	1	261	0	0	0	50	0	0	0	0	0	0	0	0	266	307	0.8 	105 	0	0	2	2	2	16	0	0	0	0	0	0	0	0	0	0	0	1	0	0	0	0	0	0	0	0	0	0	0	0	0	0	0	0	0	0	0	0	0	0	1	41	1	3	0	0	0	0	0	0	0	0	0	0	0	0	0	0	0	0	0	0	0	0	0	0	0	0	0	1	0	0	0	0	0	0	0	0	0	0	0	0	0	0	0	0	0	0	0	0	0	0	0	0	0	0	293	353	0	0	0	0	0	0	0	0	0	0	0	0	0	0	0	0	0	0	1	0		//	-16	-23				-39	-7.8	-5	50
	814	0	0	맞춤설계된_이방인의_에테르웨폰_9등급아이템	48919	0	0	30008	48816	709	709	2709	39999	0	8	0	8	0	Null	0	Null	0	0	0	0	9	56	4428	1	16700	16700	0	0	1	261	0	0	0	57	0	0	0	0	0	0	0	0	311	358	0.8 	105 	0	0	2	2	2	16	0	0	0	0	0	0	0	0	0	0	0	1	0	0	0	0	0	0	0	0	0	0	0	0	0	0	0	0	0	0	0	0	0	0	1	41	1	3	0	0	0	0	0	0	0	0	0	0	0	0	0	0	0	0	0	0	0	0	0	0	0	0	0	1	0	0	0	0	0	0	0	0	0	0	0	0	0	0	0	0	0	0	0	0	0	0	0	0	0	0	342	412	0	0	0	0	0	0	0	0	0	0	0	0	0	0	0	0	0	0	1	0		//	-16	-23				-39	-7.8	-5	57
	815	0	0	맞춤설계된_인피니티버스트_에테르웨폰_10등급아이템	48920	0	0	30008	48816	710	710	2710	39999	0	8	0	8	0	Null	0	Null	0	0	0	0	10	60	4320	1	25800	25800	0	0	1	261	0	0	0	64	0	0	0	0	0	0	0	0	364	419	0.8 	105 	0	0	2	2	2	16	0	0	0	0	0	0	0	0	0	0	0	1	0	0	0	0	0	0	0	0	0	0	0	0	0	0	0	0	0	0	0	0	0	0	1	41	1	3	0	0	0	0	0	0	0	0	0	0	0	0	0	0	0	0	0	0	0	0	0	0	0	0	0	1	0	0	0	0	0	0	0	0	0	0	0	0	0	0	0	0	0	0	0	0	0	0	0	0	0	0	400	482	0	0	0	0	0	0	0	0	0	0	0	0	0	0	0	0	0	0	1	0		//	-16	-23				-39	-7.8	-5	64
//	816	0	0	맞춤설계된_의로운브리즈_에테르웨폰_11등급아이템	48921	0	0	30008	48816	711	711	2711	39999	0	8	0	8	0	Null	0	Null	0	0	0	0	11	64	4212	1	40000	40000	0	0	1	261	0	0	0	71	0	0	0	0	0	0	0	0	426	491	0.8 	105 	0	0	2	2	2	16	0	0	0	0	0	0	0	0	0	0	0	1	0	0	0	0	0	0	0	0	0	0	0	0	0	0	0	0	0	0	0	0	0	0	1	41	1	3	0	0	0	0	0	0	0	0	0	0	0	0	0	0	0	0	0	0	0	0	0	0	0	0	0	1	0	0	0	0	0	0	0	0	0	0	0	0	0	0	0	0	0	0	0	0	0	0	0	0	0	0	469	565	0	0	0	0	0	0	0	0	0	0	0	0	0	0	0	0	0	0	1	0		//	-16	-23				-39	-7.8	-5	71
//	817	0	0	맞춤설계된_타우루_에테르웨폰_12등급아이템	48922	0	0	30008	48816	712	712	2712	39999	0	8	0	8	0	Null	0	Null	0	0	0	0	12	67	4104	1	62000	62000	0	0	1	261	0	0	0	78	0	0	0	0	0	0	0	0	499	574	0.8 	105 	0	0	2	2	2	16	0	0	0	0	0	0	0	0	0	0	0	1	0	0	0	0	0	0	0	0	0	0	0	0	0	0	0	0	0	0	0	0	0	0	1	41	1	3	0	0	0	0	0	0	0	0	0	0	0	0	0	0	0	0	0	0	0	0	0	0	0	0	0	1	0	0	0	0	0	0	0	0	0	0	0	0	0	0	0	0	0	0	0	0	0	0	0	0	0	0	549	660	0	0	0	0	0	0	0	0	0	0	0	0	0	0	0	0	0	0	1	0		//	-16	-23				-39	-7.8	-5	78
//	818	0	0	맞춤설계된_전갈의일침_에테르웨폰_13등급아이템	48923	0	0	30008	48816	713	713	2713	39999	0	8	0	8	0	Null	0	Null	0	0	0	0	13	71	3996	1	96200	96200	0	0	1	261	0	0	0	85	0	0	0	0	0	0	0	0	584	673	0.8 	105 	0	0	2	2	2	16	0	0	0	0	0	0	0	0	0	0	0	1	0	0	0	0	0	0	0	0	0	0	0	0	0	0	0	0	0	0	0	0	0	0	1	41	1	3	0	0	0	0	0	0	0	0	0	0	0	0	0	0	0	0	0	0	0	0	0	0	0	0	0	1	0	0	0	0	0	0	0	0	0	0	0	0	0	0	0	0	0	0	0	0	0	0	0	0	0	0	642	774	0	0	0	0	0	0	0	0	0	0	0	0	0	0	0	0	0	0	1	0		//	-16	-23				-39	-7.8	-5	85
//	819	0	0	맞춤설계된_기적을일구는_에테르웨폰_14등급아이템	48924	0	0	30008	48816	714	714	2714	39999	0	8	0	8	0	Null	0	Null	0	0	0	0	14	75	3888	1	149000	149000	0	0	1	261	0	0	0	92	0	0	0	0	0	0	0	0	684	787	0.8 	105 	0	0	2	2	2	16	0	0	0	0	0	0	0	0	0	0	0	1	0	0	0	0	0	0	0	0	0	0	0	0	0	0	0	0	0	0	0	0	0	0	1	41	1	3	0	0	0	0	0	0	0	0	0	0	0	0	0	0	0	0	0	0	0	0	0	0	0	0	0	1	0	0	0	0	0	0	0	0	0	0	0	0	0	0	0	0	0	0	0	0	0	0	0	0	0	0	752	905	0	0	0	0	0	0	0	0	0	0	0	0	0	0	0	0	0	0	1	0		//	-16	-23				-39	-7.8	-5	92
//	820	0	0	맞춤설계된_불사조의_에테르웨폰_15등급아이템	48925	0	0	30008	48816	715	715	2715	39999	0	8	0	8	0	Null	0	Null	0	0	0	0	15	79	3780	1	231000	231000	0	0	1	261	0	0	0	99	0	0	0	0	0	0	0	0	800	921	0.8 	105 	0	0	2	2	2	16	0	0	0	0	0	0	0	0	0	0	0	1	0	0	0	0	0	0	0	0	0	0	0	0	0	0	0	0	0	0	0	0	0	0	1	41	1	3	0	0	0	0	0	0	0	0	0	0	0	0	0	0	0	0	0	0	0	0	0	0	0	0	0	1	0	0	0	0	0	0	0	0	0	0	0	0	0	0	0	0	0	0	0	0	0	0	0	0	0	0	880	1059	0	0	0	0	0	0	0	0	0	0	0	0	0	0	0	0	0	0	1	0		//	-16	-23				-39	-7.8	-5	99
	821	0	0	맞춤설계된_가시넝쿨_지팡이_1등급아이템	48926	0	0	30009	48816	801	801	2801	39999	0	10	0	10	0	Null	0	Null	0	0	0	0	1	21	11430	1	25	25	0	0	1	261	0	0	0	1	0	0	0	0	0	0	0	0	72	75	0.8 	95 	0	0	1	1	4	2.5	0	0	0	0	0	0	0	0	0	0	0	0	1	0	0	0	0	0	0	0	0	0	0	0	0	0	0	0	0	0	0	0	0	0	1	41	1	1	0	0	0	0	0	0	0	0	0	0	0	0	0	0	0	0	0	0	0	0	0	0	0	0	0	1	0	0	0	0	0	0	0	0	0	0	0	0	0	0	0	0	0	0	0	0	0	0	0	0	0	0	79	86	0	0	0	0	0	0	0	0	0	0	0	0	0	0	0	0	0	0	1	0		//				-25	-22	-47	-9.4	-7	1
	822	0	0	맞춤설계된_월넷_지팡이_2등급아이템	48927	0	0	30009	48816	802	802	2802	39999	0	10	0	10	0	Null	0	Null	0	0	0	0	2	22	10972	1	800	800	0	0	1	261	0	0	0	8	0	0	0	0	0	0	0	0	85	88	0.8 	95 	0	0	1	1	4	2.5	0	0	0	0	0	0	0	0	0	0	0	0	1	0	0	0	0	0	0	0	0	0	0	0	0	0	0	0	0	0	0	0	0	0	1	41	1	1	0	0	0	0	0	0	0	0	0	0	0	0	0	0	0	0	0	0	0	0	0	0	0	0	0	1	0	0	0	0	0	0	0	0	0	0	0	0	0	0	0	0	0	0	0	0	0	0	0	0	0	0	94	101	0	0	0	0	0	0	0	0	0	0	0	0	0	0	0	0	0	0	1	0		//				-25	-22	-47	-9.4	-7	8
	823	0	0	맞춤설계된_상아_지팡이_3등급아이템	48928	0	0	30009	48816	803	803	2803	39999	0	10	0	10	0	Null	0	Null	0	0	0	0	3	25	10744	1	1200	1200	0	0	1	261	0	0	0	15	0	0	0	0	0	0	0	0	99	104	0.8 	95 	0	0	1	1	4	2.5	0	0	0	0	0	0	0	0	0	0	0	0	1	0	0	0	0	0	0	0	0	0	0	0	0	0	0	0	0	0	0	0	0	0	1	41	1	1	0	0	0	0	0	0	0	0	0	0	0	0	0	0	0	0	0	0	0	0	0	0	0	0	0	1	0	0	0	0	0	0	0	0	0	0	0	0	0	0	0	0	0	0	0	0	0	0	0	0	0	0	109	120	0	0	0	0	0	0	0	0	0	0	0	0	0	0	0	0	0	0	1	0		//				-25	-22	-47	-9.4	-7	15
	824	0	0	맞춤설계된_크리스탈_지팡이_4등급아이템	48929	0	0	30009	48816	804	804	2804	39999	0	10	0	10	0	Null	0	Null	0	0	0	0	4	27	10516	1	1900	1900	0	0	1	261	0	0	0	22	0	0	0	0	0	0	0	0	116	121	0.8 	95 	0	0	1	1	4	2.5	0	0	0	0	0	0	0	0	0	0	0	0	1	0	0	0	0	0	0	0	0	0	0	0	0	0	0	0	0	0	0	0	0	0	1	41	1	1	0	0	0	0	0	0	0	0	0	0	0	0	0	0	0	0	0	0	0	0	0	0	0	0	0	1	0	0	0	0	0	0	0	0	0	0	0	0	0	0	0	0	0	0	0	0	0	0	0	0	0	0	128	139	0	0	0	0	0	0	0	0	0	0	0	0	0	0	0	0	0	0	1	0		//				-25	-22	-47	-9.4	-7	22
	825	0	0	맞춤설계된_선지자의_지팡이_5등급아이템	48930	0	0	30009	48816	805	805	2805	39999	0	10	0	10	0	Null	0	Null	0	0	0	0	5	29	10288	1	2900	2900	0	0	1	261	0	0	0	29	0	0	0	0	0	0	0	0	137	142	0.8 	95 	0	0	1	1	4	2.5	0	0	0	0	0	0	0	0	0	0	0	0	1	0	0	0	0	0	0	0	0	0	0	0	0	0	0	0	0	0	0	0	0	0	1	41	1	1	0	0	0	0	0	0	0	0	0	0	0	0	0	0	0	0	0	0	0	0	0	0	0	0	0	1	0	0	0	0	0	0	0	0	0	0	0	0	0	0	0	0	0	0	0	0	0	0	0	0	0	0	151	163	0	0	0	0	0	0	0	0	0	0	0	0	0	0	0	0	0	0	1	0		//				-25	-22	-47	-9.4	-7	29
	826	0	0	맞춤설계된_써클의_지팡이_6등급아이템	48931	0	0	30009	48816	806	806	2806	39999	0	10	0	10	0	Null	0	Null	0	0	0	0	6	31	10058	1	4500	4500	0	0	1	261	0	0	0	36	0	0	0	0	0	0	0	0	160	167	0.8 	95 	0	0	1	1	4	2.5	0	0	0	0	0	0	0	0	0	0	0	0	1	0	0	0	0	0	0	0	0	0	0	0	0	0	0	0	0	0	0	0	0	0	1	41	1	1	0	0	0	0	0	0	0	0	0	0	0	0	0	0	0	0	0	0	0	0	0	0	0	0	0	1	0	0	0	0	0	0	0	0	0	0	0	0	0	0	0	0	0	0	0	0	0	0	0	0	0	0	176	192	0	0	0	0	0	0	0	0	0	0	0	0	0	0	0	0	0	0	1	0		//				-25	-22	-47	-9.4	-7	36
	827	0	0	맞춤설계된_신성한영혼의_지팡이_7등급아이템	48932	0	0	30009	48816	807	807	2807	39999	0	10	0	10	0	Null	0	Null	0	0	0	0	7	33	9830	1	6900	6900	0	0	1	261	0	0	0	43	0	0	0	0	0	0	0	0	187	194	0.8 	95 	0	0	1	1	4	2.5	0	0	0	0	0	0	0	0	0	0	0	0	1	0	0	0	0	0	0	0	0	0	0	0	0	0	0	0	0	0	0	0	0	0	1	41	1	1	0	0	0	0	0	0	0	0	0	0	0	0	0	0	0	0	0	0	0	0	0	0	0	0	0	1	0	0	0	0	0	0	0	0	0	0	0	0	0	0	0	0	0	0	0	0	0	0	0	0	0	0	206	223	0	0	0	0	0	0	0	0	0	0	0	0	0	0	0	0	0	0	1	0		//				-25	-22	-47	-9.4	-7	43
	828	0	0	맞춤설계된_엘리멘탈_지팡이_8등급아이템	48933	0	0	30009	48816	808	808	2808	39999	0	10	0	10	0	Null	0	Null	0	0	0	0	8	35	9602	1	10700	10700	0	0	1	261	0	0	0	50	0	0	0	0	0	0	0	0	219	228	0.8 	95 	0	0	1	1	4	2.5	0	0	0	0	0	0	0	0	0	0	0	0	1	0	0	0	0	0	0	0	0	0	0	0	0	0	0	0	0	0	0	0	0	0	1	41	1	1	0	0	0	0	0	0	0	0	0	0	0	0	0	0	0	0	0	0	0	0	0	0	0	0	0	1	0	0	0	0	0	0	0	0	0	0	0	0	0	0	0	0	0	0	0	0	0	0	0	0	0	0	241	262	0	0	0	0	0	0	0	0	0	0	0	0	0	0	0	0	0	0	1	0		//				-25	-22	-47	-9.4	-7	50
	829	0	0	맞춤설계된_무서운침묵의_지팡이_9등급아이템	48934	0	0	30009	48816	809	809	2809	39999	0	10	0	10	0	Null	0	Null	0	0	0	0	9	38	9372	1	16700	16700	0	0	1	261	0	0	0	57	0	0	0	0	0	0	0	0	256	267	0.8 	95 	0	0	1	1	4	2.5	0	0	0	0	0	0	0	0	0	0	0	0	1	0	0	0	0	0	0	0	0	0	0	0	0	0	0	0	0	0	0	0	0	0	1	41	1	1	0	0	0	0	0	0	0	0	0	0	0	0	0	0	0	0	0	0	0	0	0	0	0	0	0	1	0	0	0	0	0	0	0	0	0	0	0	0	0	0	0	0	0	0	0	0	0	0	0	0	0	0	282	307	0	0	0	0	0	0	0	0	0	0	0	0	0	0	0	0	0	0	1	0		//				-25	-22	-47	-9.4	-7	57
	830	0	0	맞춤설계된_황홀한죽음의_지팡이_10등급아이템	48935	0	0	30009	48816	810	810	2810	39999	0	10	0	10	0	Null	0	Null	0	0	0	0	10	40	9144	1	25800	25800	0	0	1	261	0	0	0	64	0	0	0	0	0	0	0	0	300	313	0.8 	95 	0	0	1	1	4	2.5	0	0	0	0	0	0	0	0	0	0	0	0	1	0	0	0	0	0	0	0	0	0	0	0	0	0	0	0	0	0	0	0	0	0	1	41	1	1	0	0	0	0	0	0	0	0	0	0	0	0	0	0	0	0	0	0	0	0	0	0	0	0	0	1	0	0	0	0	0	0	0	0	0	0	0	0	0	0	0	0	0	0	0	0	0	0	0	0	0	0	330	360	0	0	0	0	0	0	0	0	0	0	0	0	0	0	0	0	0	0	1	0		//				-25	-22	-47	-9.4	-7	64
//	831	0	0	맞춤설계된_견고한인내의_지팡이_11등급아이템	48936	0	0	30009	48816	811	811	2811	39999	0	10	0	10	0	Null	0	Null	0	0	0	0	11	42	8916	1	40000	40000	0	0	1	261	0	0	0	71	0	0	0	0	0	0	0	0	351	366	0.8 	95 	0	0	1	1	4	2.5	0	0	0	0	0	0	0	0	0	0	0	0	1	0	0	0	0	0	0	0	0	0	0	0	0	0	0	0	0	0	0	0	0	0	1	41	1	1	0	0	0	0	0	0	0	0	0	0	0	0	0	0	0	0	0	0	0	0	0	0	0	0	0	1	0	0	0	0	0	0	0	0	0	0	0	0	0	0	0	0	0	0	0	0	0	0	0	0	0	0	386	421	0	0	0	0	0	0	0	0	0	0	0	0	0	0	0	0	0	0	1	0		//				-25	-22	-47	-9.4	-7	71
//	832	0	0	맞춤설계된_방랑자에피오스_지팡이_12등급아이템	48937	0	0	30009	48816	812	812	2812	39999	0	10	0	10	0	Null	0	Null	0	0	0	0	12	44	8686	1	62000	62000	0	0	1	261	0	0	0	78	0	0	0	0	0	0	0	0	411	428	0.8 	95 	0	0	1	1	4	2.5	0	0	0	0	0	0	0	0	0	0	0	0	1	0	0	0	0	0	0	0	0	0	0	0	0	0	0	0	0	0	0	0	0	0	1	41	1	1	0	0	0	0	0	0	0	0	0	0	0	0	0	0	0	0	0	0	0	0	0	0	0	0	0	1	0	0	0	0	0	0	0	0	0	0	0	0	0	0	0	0	0	0	0	0	0	0	0	0	0	0	452	492	0	0	0	0	0	0	0	0	0	0	0	0	0	0	0	0	0	0	1	0		//				-25	-22	-47	-9.4	-7	78
//	833	0	0	맞춤설계된_길잃은천사의_지팡이_13등급아이템	48938	0	0	30009	48816	813	813	2813	39999	0	10	0	10	0	Null	0	Null	0	0	0	0	13	46	8458	1	96200	96200	0	0	1	261	0	0	0	85	0	0	0	0	0	0	0	0	482	501	0.8 	95 	0	0	1	1	4	2.5	0	0	0	0	0	0	0	0	0	0	0	0	1	0	0	0	0	0	0	0	0	0	0	0	0	0	0	0	0	0	0	0	0	0	1	41	1	1	0	0	0	0	0	0	0	0	0	0	0	0	0	0	0	0	0	0	0	0	0	0	0	0	0	1	0	0	0	0	0	0	0	0	0	0	0	0	0	0	0	0	0	0	0	0	0	0	0	0	0	0	530	576	0	0	0	0	0	0	0	0	0	0	0	0	0	0	0	0	0	0	1	0		//				-25	-22	-47	-9.4	-7	85
//	834	0	0	맞춤설계된_대마법사라드의_지팡이_14등급아이템	48939	0	0	30009	48816	814	814	2814	39999	0	10	0	10	0	Null	0	Null	0	0	0	0	14	48	8230	1	149000	149000	0	0	1	261	0	0	0	92	0	0	0	0	0	0	0	0	564	587	0.8 	95 	0	0	1	1	4	2.5	0	0	0	0	0	0	0	0	0	0	0	0	1	0	0	0	0	0	0	0	0	0	0	0	0	0	0	0	0	0	0	0	0	0	1	41	1	1	0	0	0	0	0	0	0	0	0	0	0	0	0	0	0	0	0	0	0	0	0	0	0	0	0	1	0	0	0	0	0	0	0	0	0	0	0	0	0	0	0	0	0	0	0	0	0	0	0	0	0	0	620	675	0	0	0	0	0	0	0	0	0	0	0	0	0	0	0	0	0	0	1	0		//				-25	-22	-47	-9.4	-7	92
//	835	0	0	맞춤설계된_대자연의융화_지팡이_15등급아이템	48940	0	0	30009	48816	815	815	2815	39999	0	10	0	10	0	Null	0	Null	0	0	0	0	15	51	8002	1	231000	231000	0	0	1	261	0	0	0	99	0	0	0	0	0	0	0	0	660	687	0.8 	95 	0	0	1	1	4	2.5	0	0	0	0	0	0	0	0	0	0	0	0	1	0	0	0	0	0	0	0	0	0	0	0	0	0	0	0	0	0	0	0	0	0	1	41	1	1	0	0	0	0	0	0	0	0	0	0	0	0	0	0	0	0	0	0	0	0	0	0	0	0	0	1	0	0	0	0	0	0	0	0	0	0	0	0	0	0	0	0	0	0	0	0	0	0	0	0	0	0	726	790	0	0	0	0	0	0	0	0	0	0	0	0	0	0	0	0	0	0	1	0		//				-25	-22	-47	-9.4	-7	99
	836	0	0	맞춤설계된_유리_오브_1등급아이템	48941	0	0	30010	48816	901	901	2901	39999	0	11	0	11	0	Null	0	Null	0	0	0	0	1	21	11100	1	25	25	0	0	1	261	0	0	0	1	0	0	0	0	0	0	0	0	58	59	0.8 	100 	0	0	2	2	4	13	0	0	0	0	0	0	0	0	0	0	0	0	1	0	0	0	0	0	1	34	1	-5	0	0	0	0	0	0	0	0	0	0	0	0	1	41	1	1	0	0	0	0	0	0	0	0	0	0	0	0	0	0	0	0	0	0	0	0	0	0	0	0	0	1	0	0	0	0	0	0	0	0	0	0	0	0	0	0	0	0	0	0	0	0	0	0	0	0	0	0	64	68	0	0	0	0	0	0	0	0	0	0	0	0	0	0	0	0	0	0	1	0		//				-25	-22	-47	-9.4	-7	1
	837	0	0	맞춤설계된_가넷_오브_2등급아이템	48942	0	0	30010	48816	902	902	2902	39999	0	11	0	11	0	Null	0	Null	0	0	0	0	2	22	10656	1	800	800	0	0	1	261	0	0	0	8	0	0	0	0	0	0	0	0	68	71	0.8 	100 	0	0	2	2	4	13	0	0	0	0	0	0	0	0	0	0	0	0	1	0	0	0	0	0	1	34	1	-5	0	0	0	0	0	0	0	0	0	0	0	0	1	41	1	1	0	0	0	0	0	0	0	0	0	0	0	0	0	0	0	0	0	0	0	0	0	0	0	0	0	1	0	0	0	0	0	0	0	0	0	0	0	0	0	0	0	0	0	0	0	0	0	0	0	0	0	0	75	82	0	0	0	0	0	0	0	0	0	0	0	0	0	0	0	0	0	0	1	0		//				-25	-22	-47	-9.4	-7	8
	838	0	0	맞춤설계된_캣츠아이_오브_3등급아이템	48943	0	0	30010	48816	903	903	2903	39999	0	11	0	11	0	Null	0	Null	0	0	0	0	3	25	10434	1	1200	1200	0	0	1	261	0	0	0	15	0	0	0	0	0	0	0	0	79	82	0.8 	100 	0	0	2	2	4	13	0	0	0	0	0	0	0	0	0	0	0	0	1	0	0	0	0	0	1	34	1	-5	0	0	0	0	0	0	0	0	0	0	0	0	1	41	1	1	0	0	0	0	0	0	0	0	0	0	0	0	0	0	0	0	0	0	0	0	0	0	0	0	0	1	0	0	0	0	0	0	0	0	0	0	0	0	0	0	0	0	0	0	0	0	0	0	0	0	0	0	87	94	0	0	0	0	0	0	0	0	0	0	0	0	0	0	0	0	0	0	1	0		//				-25	-22	-47	-9.4	-7	15
	839	0	0	맞춤설계된_자수정_오브_4등급아이템	48944	0	0	30010	48816	904	904	2904	39999	0	11	0	11	0	Null	0	Null	0	0	0	0	4	27	10212	1	1900	1900	0	0	1	261	0	0	0	22	0	0	0	0	0	0	0	0	93	96	0.8 	100 	0	0	2	2	4	13	0	0	0	0	0	0	0	0	0	0	0	0	1	0	0	0	0	0	1	34	1	-5	0	0	0	0	0	0	0	0	0	0	0	0	1	41	1	1	0	0	0	0	0	0	0	0	0	0	0	0	0	0	0	0	0	0	0	0	0	0	0	0	0	1	0	0	0	0	0	0	0	0	0	0	0	0	0	0	0	0	0	0	0	0	0	0	0	0	0	0	102	110	0	0	0	0	0	0	0	0	0	0	0	0	0	0	0	0	0	0	1	0		//				-25	-22	-47	-9.4	-7	22
	840	0	0	맞춤설계된_그린에머랄드_오브_5등급아이템	48945	0	0	30010	48816	905	905	2905	39999	0	11	0	11	0	Null	0	Null	0	0	0	0	5	29	9990	1	2900	2900	0	0	1	261	0	0	0	29	0	0	0	0	0	0	0	0	110	113	0.8 	100 	0	0	2	2	4	13	0	0	0	0	0	0	0	0	0	0	0	0	1	0	0	0	0	0	1	34	1	-5	0	0	0	0	0	0	0	0	0	0	0	0	1	41	1	1	0	0	0	0	0	0	0	0	0	0	0	0	0	0	0	0	0	0	0	0	0	0	0	0	0	1	0	0	0	0	0	0	0	0	0	0	0	0	0	0	0	0	0	0	0	0	0	0	0	0	0	0	121	130	0	0	0	0	0	0	0	0	0	0	0	0	0	0	0	0	0	0	1	0		//				-25	-22	-47	-9.4	-7	29
	841	0	0	맞춤설계된_정화의_오브_6등급아이템	48946	0	0	30010	48816	906	906	2906	39999	0	11	0	11	0	Null	0	Null	0	0	0	0	6	31	9768	1	4500	4500	0	0	1	261	0	0	0	36	0	0	0	0	0	0	0	0	129	132	0.8 	100 	0	0	2	2	4	13	0	0	0	0	0	0	0	0	0	0	0	0	1	0	0	0	0	0	1	34	1	-5	0	0	0	0	0	0	0	0	0	0	0	0	1	41	1	1	0	0	0	0	0	0	0	0	0	0	0	0	0	0	0	0	0	0	0	0	0	0	0	0	0	1	0	0	0	0	0	0	0	0	0	0	0	0	0	0	0	0	0	0	0	0	0	0	0	0	0	0	142	152	0	0	0	0	0	0	0	0	0	0	0	0	0	0	0	0	0	0	1	0		//				-25	-22	-47	-9.4	-7	36
	842	0	0	맞춤설계된_달의돌_오브_7등급아이템	48947	0	0	30010	48816	907	907	2907	39999	0	11	0	11	0	Null	0	Null	0	0	0	0	7	33	9546	1	6900	6900	0	0	1	261	0	0	0	43	0	0	0	0	0	0	0	0	150	155	0.8 	100 	0	0	2	2	4	13	0	0	0	0	0	0	0	0	0	0	0	0	1	0	0	0	0	0	1	34	1	-5	0	0	0	0	0	0	0	0	0	0	0	0	1	41	1	1	0	0	0	0	0	0	0	0	0	0	0	0	0	0	0	0	0	0	0	0	0	0	0	0	0	1	0	0	0	0	0	0	0	0	0	0	0	0	0	0	0	0	0	0	0	0	0	0	0	0	0	0	165	178	0	0	0	0	0	0	0	0	0	0	0	0	0	0	0	0	0	0	1	0		//				-25	-22	-47	-9.4	-7	43
	843	0	0	맞춤설계된_태양의돌_오브_8등급아이템	48948	0	0	30010	48816	908	908	2908	39999	0	11	0	11	0	Null	0	Null	0	0	0	0	8	35	9324	1	10700	10700	0	0	1	261	0	0	0	50	0	0	0	0	0	0	0	0	176	181	0.8 	100 	0	0	2	2	4	13	0	0	0	0	0	0	0	0	0	0	0	0	1	0	0	0	0	0	1	34	1	-5	0	0	0	0	0	0	0	0	0	0	0	0	1	41	1	1	0	0	0	0	0	0	0	0	0	0	0	0	0	0	0	0	0	0	0	0	0	0	0	0	0	1	0	0	0	0	0	0	0	0	0	0	0	0	0	0	0	0	0	0	0	0	0	0	0	0	0	0	194	208	0	0	0	0	0	0	0	0	0	0	0	0	0	0	0	0	0	0	1	0		//				-25	-22	-47	-9.4	-7	50
	844	0	0	맞춤설계된_잠재된희망의_오브_9등급아이템	48949	0	0	30010	48816	909	909	2909	39999	0	11	0	11	0	Null	0	Null	0	0	0	0	9	38	9102	1	16700	16700	0	0	1	261	0	0	0	57	0	0	0	0	0	0	0	0	206	213	0.8 	100 	0	0	2	2	4	13	0	0	0	0	0	0	0	0	0	0	0	0	1	0	0	0	0	0	1	34	1	-5	0	0	0	0	0	0	0	0	0	0	0	0	1	41	1	1	0	0	0	0	0	0	0	0	0	0	0	0	0	0	0	0	0	0	0	0	0	0	0	0	0	1	0	0	0	0	0	0	0	0	0	0	0	0	0	0	0	0	0	0	0	0	0	0	0	0	0	0	227	245	0	0	0	0	0	0	0	0	0	0	0	0	0	0	0	0	0	0	1	0		//				-25	-22	-47	-9.4	-7	57
	845	0	0	맞춤설계된_섬뜩한매혹의_오브_10등급아이템	48950	0	0	30010	48816	910	910	2910	39999	0	11	0	11	0	Null	0	Null	0	0	0	0	10	40	8880	1	25800	25800	0	0	1	261	0	0	0	64	0	0	0	0	0	0	0	0	241	248	0.8 	100 	0	0	2	2	4	13	0	0	0	0	0	0	0	0	0	0	0	0	1	0	0	0	0	0	1	34	1	-5	0	0	0	0	0	0	0	0	0	0	0	0	1	41	1	1	0	0	0	0	0	0	0	0	0	0	0	0	0	0	0	0	0	0	0	0	0	0	0	0	0	1	0	0	0	0	0	0	0	0	0	0	0	0	0	0	0	0	0	0	0	0	0	0	0	0	0	0	265	285	0	0	0	0	0	0	0	0	0	0	0	0	0	0	0	0	0	0	1	0		//				-25	-22	-47	-9.4	-7	64
//	846	0	0	맞춤설계된_예언자나스키의_오브_11등급아이템	48951	0	0	30010	48816	911	911	2911	39999	0	11	0	11	0	Null	0	Null	0	0	0	0	11	42	8658	1	40000	40000	0	0	1	261	0	0	0	71	0	0	0	0	0	0	0	0	282	291	0.8 	100 	0	0	2	2	4	13	0	0	0	0	0	0	0	0	0	0	0	0	1	0	0	0	0	0	1	34	1	-5	0	0	0	0	0	0	0	0	0	0	0	0	1	41	1	1	0	0	0	0	0	0	0	0	0	0	0	0	0	0	0	0	0	0	0	0	0	0	0	0	0	1	0	0	0	0	0	0	0	0	0	0	0	0	0	0	0	0	0	0	0	0	0	0	0	0	0	0	310	335	0	0	0	0	0	0	0	0	0	0	0	0	0	0	0	0	0	0	1	0		//				-25	-22	-47	-9.4	-7	71
//	847	0	0	맞춤설계된_온화한앙겔라_오브_12등급아이템	48952	0	0	30010	48816	912	912	2912	39999	0	11	0	11	0	Null	0	Null	0	0	0	0	12	44	8436	1	62000	62000	0	0	1	261	0	0	0	78	0	0	0	0	0	0	0	0	330	341	0.8 	100 	0	0	2	2	4	13	0	0	0	0	0	0	0	0	0	0	0	0	1	0	0	0	0	0	1	34	1	-5	0	0	0	0	0	0	0	0	0	0	0	0	1	41	1	1	0	0	0	0	0	0	0	0	0	0	0	0	0	0	0	0	0	0	0	0	0	0	0	0	0	1	0	0	0	0	0	0	0	0	0	0	0	0	0	0	0	0	0	0	0	0	0	0	0	0	0	0	363	392	0	0	0	0	0	0	0	0	0	0	0	0	0	0	0	0	0	0	1	0		//				-25	-22	-47	-9.4	-7	78
//	848	0	0	맞춤설계된_강력한보호의_오브_13등급아이템	48953	0	0	30010	48816	913	913	2913	39999	0	11	0	11	0	Null	0	Null	0	0	0	0	13	46	8214	1	96200	96200	0	0	1	261	0	0	0	85	0	0	0	0	0	0	0	0	387	398	0.8 	100 	0	0	2	2	4	13	0	0	0	0	0	0	0	0	0	0	0	0	1	0	0	0	0	0	1	34	1	-5	0	0	0	0	0	0	0	0	0	0	0	0	1	41	1	1	0	0	0	0	0	0	0	0	0	0	0	0	0	0	0	0	0	0	0	0	0	0	0	0	0	1	0	0	0	0	0	0	0	0	0	0	0	0	0	0	0	0	0	0	0	0	0	0	0	0	0	0	426	458	0	0	0	0	0	0	0	0	0	0	0	0	0	0	0	0	0	0	1	0		//				-25	-22	-47	-9.4	-7	85
//	849	0	0	맞춤설계된_신성한부활의_오브_14등급아이템	48954	0	0	30010	48816	914	914	2914	39999	0	11	0	11	0	Null	0	Null	0	0	0	0	14	48	7992	1	149000	149000	0	0	1	261	0	0	0	92	0	0	0	0	0	0	0	0	453	466	0.8 	100 	0	0	2	2	4	13	0	0	0	0	0	0	0	0	0	0	0	0	1	0	0	0	0	0	1	34	1	-5	0	0	0	0	0	0	0	0	0	0	0	0	1	41	1	1	0	0	0	0	0	0	0	0	0	0	0	0	0	0	0	0	0	0	0	0	0	0	0	0	0	1	0	0	0	0	0	0	0	0	0	0	0	0	0	0	0	0	0	0	0	0	0	0	0	0	0	0	498	536	0	0	0	0	0	0	0	0	0	0	0	0	0	0	0	0	0	0	1	0		//				-25	-22	-47	-9.4	-7	92
//	850	0	0	맞춤설계된_창조주의_오브_15등급아이템	48955	0	0	30010	48816	915	915	2915	39999	0	11	0	11	0	Null	0	Null	0	0	0	0	15	51	7770	1	231000	231000	0	0	1	261	0	0	0	99	0	0	0	0	0	0	0	0	530	547	0.8 	100 	0	0	2	2	4	13	0	0	0	0	0	0	0	0	0	0	0	0	1	0	0	0	0	0	1	34	1	-5	0	0	0	0	0	0	0	0	0	0	0	0	1	41	1	1	0	0	0	0	0	0	0	0	0	0	0	0	0	0	0	0	0	0	0	0	0	0	0	0	0	1	0	0	0	0	0	0	0	0	0	0	0	0	0	0	0	0	0	0	0	0	0	0	0	0	0	0	583	629	0	0	0	0	0	0	0	0	0	0	0	0	0	0	0	0	0	0	1	0		//				-25	-22	-47	-9.4	-7	99
//	851	0	0	맞춤설계된_니벨룽_양손도끼	47940	1	FFFF00	30001	48816	16	16	2016	39999	0	1	0	1	0	Null	0	Null	0	1	0	0	23	62	619950	1	0	0	1	0	1	39	121	0	0	71	0	0	0	0	0	0	0	0	0	0	0.8 	105 	0	0	1	1	3	1.5	0	0	0	0	0	0	0	0	1	0	0	0	0	0	0	0	0	0	1	42	1	1000	1	30	1	500	1	75	2	-25	0	0	0	0	1	41	1	3	0	0	0	0	0	0	0	0	0	0	0	0	0	0	0	0	0	0	0	0	0	0	0	0	0	1	0	0	0	0	0	0	0	0	0	0	0	0	0	0	0	0	0	0	0	0	0	0	0	0	0	0	0	0	0	0	0	0	0	0	378 	535 	0	0	0	0	0	0	0	0	0	0	0	0		//	-26		-27			-53	-10.6	-8	71
//	852	0	0	맞춤설계된_니벨룽_양손검	47940	1	FFFF00	30002	48816	116	116	2116	39999	0	2	0	2	0	Null	0	Null	0	1	0	0	23	62	400020	1	0	0	1	0	1	39	121	0	0	71	0	0	0	0	0	0	0	0	0	0	0.8 	115 	0	0	1	1	1	1.8	0	0	0	0	0	0	0	0	1	0	0	0	0	0	0	0	0	0	1	42	1	1000	1	30	1	500	1	75	2	-25	0	0	0	0	1	41	1	5	0	0	0	0	0	0	0	0	0	0	0	0	0	0	0	0	0	0	0	0	0	0	0	0	0	1	0	0	0	0	0	0	0	0	0	0	0	0	0	0	0	0	0	0	0	0	0	0	0	0	0	0	0	0	0	0	0	0	0	0	402 	513 	0	0	0	0	0	0	0	0	0	0	0	0		//	-26		-27			-53	-10.6	-8	71
//	853	0	0	맞춤설계된_이그드라실_한손검	47941	1	FFFF00	30003	48816	216	216	2216	39999	0	3	0	3	0	Null	0	Null	0	1	0	0	23	62	182520	1	0	0	1	0	1	39	121	0	0	71	0	0	0	0	0	0	0	0	0	0	0.8 	135 	0	0	1	1	1	1	0	0	0	0	0	0	0	0	0	1	0	0	0	0	0	0	0	0	1	42	1	1000	1	30	1	500	1	75	2	-25	0	0	0	0	1	41	1	2	0	0	0	0	0	0	0	0	0	0	0	0	0	0	0	0	0	0	0	0	0	0	0	0	0	1	0	0	0	0	0	0	0	0	0	0	0	0	0	0	0	0	0	0	0	0	0	0	0	0	0	0	0	0	0	0	0	0	0	0	297 	344 	0	0	0	0	0	0	0	0	0	0	0	0		//	-22	-20				-42	-8.4	-6	71
//	854	0	0	맞춤설계된_이그드라실_창	47941	1	FFFF00	30004	48816	316	316	2316	39999	0	4	0	4	0	Null	0	Null	0	1	0	0	23	62	281730	1	0	0	1	0	1	39	121	0	0	71	0	0	0	0	0	0	0	0	0	0	0.8 	120 	0	0	1	1	1	2.5	0	0	0	0	0	0	0	0	0	1	0	0	0	0	0	0	0	0	1	42	1	1000	1	30	1	500	1	75	2	-25	0	0	0	0	1	41	1	4	0	0	0	0	0	0	0	0	0	0	0	0	0	0	0	0	0	0	0	0	0	0	0	0	0	1	0	0	0	0	0	0	0	0	0	0	0	0	0	0	0	0	0	0	0	0	0	0	0	0	0	0	0	0	0	0	0	0	0	0	297 	365 	0	0	0	0	0	0	0	0	0	0	0	0		//	-22	-20				-42	-8.4	-6	71
//	855	0	0	맞춤설계된_네프티스_한손석궁	47943	1	FFFF00	30007	48816	616	616	2716	39999	0	7	0	7	0	Null	0	Null	0	1	0	0	23	62	219630	1	0	0	1	0	1	39	121	0	0	71	0	0	0	0	0	0	0	0	0	0	0.8 	150 	0	0	2	2	2	19	0	0	0	0	0	0	0	0	0	0	0	1	0	0	0	0	0	0	1	42	1	1000	1	30	1	500	1	75	2	-25	0	0	0	0	1	41	1	2	0	0	0	0	0	0	0	0	0	0	0	0	0	0	0	0	0	0	0	0	0	0	0	0	0	1	0	0	0	0	0	0	0	0	0	0	0	0	0	0	0	0	0	0	0	0	0	0	0	0	0	0	0	0	0	0	0	0	0	0	240 	289 	0	0	0	0	0	0	0	0	0	0	0	0		//	-16	-23				-39	-7.8	-5	71
//	856	0	0	맞춤설계된_네프티스_에테르웨폰	47943	1	FFFF00	30008	48816	716	716	2616	39999	0	8	0	8	0	Null	0	Null	0	1	0	0	23	62	543750	1	0	0	1	0	1	39	121	0	0	71	0	0	0	0	0	0	0	0	0	0	0.8 	105 	0	0	2	2	2	16	0	0	0	0	0	0	0	0	0	0	0	1	0	0	0	0	0	0	1	42	1	1000	1	30	1	500	1	75	2	-25	0	0	0	0	1	41	1	3	0	0	0	0	0	0	0	0	0	0	0	0	0	0	0	0	0	0	0	0	0	0	0	0	0	1	0	0	0	0	0	0	0	0	0	0	0	0	0	0	0	0	0	0	0	0	0	0	0	0	0	0	0	0	0	0	0	0	0	0	253 	351 	0	0	0	0	0	0	0	0	0	0	0	0		//	-16	-23				-39	-7.8	-5	71
//	857	0	0	맞춤설계된_클로리스_지팡이	47944	1	FFFF00	30009	48816	816	816	2816	39999	0	10	0	10	0	Null	0	Null	0	1	0	0	23	62	408600	1	0	0	1	0	1	39	121	0	0	71	0	0	0	0	0	0	0	0	0	0	0.8 	95 	0	0	1	1	4	2.5	0	0	0	0	0	0	0	0	0	0	0	0	1	0	0	0	0	0	1	42	1	1000	1	30	1	500	1	75	2	-25	0	0	0	0	1	41	1	1	0	0	0	0	0	0	0	0	0	0	0	0	0	0	0	0	0	0	0	0	0	0	0	0	0	1	0	0	0	0	0	0	0	0	0	0	0	0	0	0	0	0	0	0	0	0	0	0	0	0	0	0	0	0	0	0	0	0	0	0	452 	492 	0	0	0	0	0	0	0	0	0	0	0	0		//				-25	-22	-47	-9.4	-7	71
//	858	0	0	맞춤설계된_클로리스_오브	47944	1	FFFF00	30010	48816	916	916	2916	39999	0	11	0	11	0	Null	0	Null	0	1	0	0	23	62	343080	1	0	0	1	0	1	39	121	0	0	71	0	0	0	0	0	0	0	0	0	0	0.8 	100 	0	0	2	2	4	13	0	0	0	0	0	0	0	0	0	0	0	0	1	0	0	0	0	0	1	42	1	1000	1	30	1	500	1	75	2	-25	1	34	2	-5	1	41	1	1	0	0	0	0	0	0	0	0	0	0	0	0	0	0	0	0	0	0	0	0	0	0	0	0	0	1	0	0	0	0	0	0	0	0	0	0	0	0	0	0	0	0	0	0	0	0	0	0	0	0	0	0	0	0	0	0	0	0	0	0	363 	392 	0	0	0	0	0	0	0	0	0	0	0	0		//				-25	-22	-47	-9.4	-7	71
//	859	0	0	맞춤설계된_야누비스_대거	47942	1	FFFF00	31156	48816	416	416	2416	39999	0	5	0	5	0	Null	0	Null	0	1	0	0	23	62	182520	1	0	0	1	0	1	39	121	0	0	71	0	0	0	0	0	0	0	0	0	0	0.8 	140 	0	0	1	1	1	2.5	0	0	0	0	0	0	0	0	0	0	1	0	0	0	0	0	0	0	1	42	1	1000	1	30	1	500	1	75	2	-25	0	0	0	0	1	41	1	2	0	0	0	0	0	0	0	0	0	0	0	0	0	0	0	0	0	0	0	0	0	0	0	0	0	1	0	0	0	0	0	0	0	0	0	0	0	0	0	0	0	0	0	0	0	0	0	0	0	0	0	0	0	0	0	0	0	0	0	0	308 	348 	0	0	0	0	0	0	0	0	0	0	0	0		//	-19			-18		-37	-7.4	-5	71
//	860	0	0	맞춤설계된_야누비스_채찍검	47942	1	FFFF00	31157	48816	516	516	2516	39999	0	6	0	6	0	Null	0	Null	0	1	0	0	23	62	281730	1	0	0	1	0	1	39	121	0	0	71	0	0	0	0	0	0	0	0	0	0	0.8 	125 	0	0	1	1	1	3.5	0	0	0	0	0	0	0	0	0	0	1	0	0	0	0	0	0	0	1	42	1	1000	1	30	1	500	1	75	2	-25	0	0	0	0	1	41	1	3	0	0	0	0	0	0	0	0	0	0	0	0	0	0	0	0	0	0	0	0	0	0	0	0	0	1	0	0	0	0	0	0	0	0	0	0	0	0	0	0	0	0	0	0	0	0	0	0	0	0	0	0	0	0	0	0	0	0	0	0	310 	388 	0	0	0	0	0	0	0	0	0	0	0	0		//	-19			-18		-37	-7.4	-5	71
//	861	0	0	맞춤설계된_미완의_니벨룽_양손도끼	47946	1	FFFF00	30001	48816	16	16	2016	39999	0	1	0	1	0	Null	0	Null	0	1	0	0	22	62	619950	1	9620	9620	1	0	1	39	121	0	1	71	0	0	0	0	0	0	0	0	0	0	0.8 	105 	0	0	1	1	3	1.5	0	0	0	0	0	0	0	0	1	0	0	0	0	0	0	0	0	0	0	0	0	0	0	0	0	0	0	0	0	0	0	0	0	0	1	41	1	3	0	0	0	0	0	0	0	0	0	0	0	0	0	0	0	0	0	0	0	0	0	0	0	0	0	1	0	0	0	0	0	0	0	0	0	0	0	0	0	0	0	0	0	0	0	0	0	0	0	0	0	0	0	0	0	0	0	0	0	0	323 	457 	0	0	0	0	0	0	0	0	0	0	0	0		//	-26		-27			-53	-10.6	-8	71
//	862	0	0	맞춤설계된_미완의_니벨룽_양손검	47946	1	FFFF00	30002	48816	116	116	2116	39999	0	2	0	2	0	Null	0	Null	0	1	0	0	22	62	400020	1	9620	9620	1	0	1	39	121	0	1	71	0	0	0	0	0	0	0	0	0	0	0.8 	115 	0	0	1	1	1	1.8	0	0	0	0	0	0	0	0	1	0	0	0	0	0	0	0	0	0	0	0	0	0	0	0	0	0	0	0	0	0	0	0	0	0	1	41	1	5	0	0	0	0	0	0	0	0	0	0	0	0	0	0	0	0	0	0	0	0	0	0	0	0	0	1	0	0	0	0	0	0	0	0	0	0	0	0	0	0	0	0	0	0	0	0	0	0	0	0	0	0	0	0	0	0	0	0	0	0	343 	438 	0	0	0	0	0	0	0	0	0	0	0	0		//	-26		-27			-53	-10.6	-8	71
//	863	0	0	맞춤설계된_미완의_이그드라실_한손검	47947	1	FFFF00	30003	48816	216	216	2216	39999	0	3	0	3	0	Null	0	Null	0	1	0	0	22	62	182520	1	9620	9620	1	0	1	39	121	0	1	71	0	0	0	0	0	0	0	0	0	0	0.8 	135 	0	0	1	1	1	1	0	0	0	0	0	0	0	0	0	1	0	0	0	0	0	0	0	0	0	0	0	0	0	0	0	0	0	0	0	0	0	0	0	0	1	41	1	2	0	0	0	0	0	0	0	0	0	0	0	0	0	0	0	0	0	0	0	0	0	0	0	0	0	1	0	0	0	0	0	0	0	0	0	0	0	0	0	0	0	0	0	0	0	0	0	0	0	0	0	0	0	0	0	0	0	0	0	0	253 	293 	0	0	0	0	0	0	0	0	0	0	0	0		//	-22	-20				-42	-8.4	-6	71
//	864	0	0	맞춤설계된_미완의_이그드라실_창	47947	1	FFFF00	30004	48816	316	316	2316	39999	0	4	0	4	0	Null	0	Null	0	1	0	0	22	62	281730	1	9620	9620	1	0	1	39	121	0	1	71	0	0	0	0	0	0	0	0	0	0	0.8 	120 	0	0	1	1	1	2.5	0	0	0	0	0	0	0	0	0	1	0	0	0	0	0	0	0	0	0	0	0	0	0	0	0	0	0	0	0	0	0	0	0	0	1	41	1	4	0	0	0	0	0	0	0	0	0	0	0	0	0	0	0	0	0	0	0	0	0	0	0	0	0	1	0	0	0	0	0	0	0	0	0	0	0	0	0	0	0	0	0	0	0	0	0	0	0	0	0	0	0	0	0	0	0	0	0	0	253 	312 	0	0	0	0	0	0	0	0	0	0	0	0		//	-22	-20				-42	-8.4	-6	71
//	865	0	0	맞춤설계된_미완의_네프티스_한손석궁	47949	1	FFFF00	30007	48816	616	616	2716	39999	0	7	0	7	0	Null	0	Null	0	1	0	0	22	62	219630	1	9620	9620	1	0	1	39	121	0	1	71	0	0	0	0	0	0	0	0	0	0	0.8 	150 	0	0	2	2	2	19	0	0	0	0	0	0	0	0	0	0	0	1	0	0	0	0	0	0	0	0	0	0	0	0	0	0	0	0	0	0	0	0	0	0	1	41	1	2	0	0	0	0	0	0	0	0	0	0	0	0	0	0	0	0	0	0	0	0	0	0	0	0	0	1	0	0	0	0	0	0	0	0	0	0	0	0	0	0	0	0	0	0	0	0	0	0	0	0	0	0	0	0	0	0	0	0	0	0	205 	247 	0	0	0	0	0	0	0	0	0	0	0	0		//	-16	-23				-39	-7.8	-5	71
//	866	0	0	맞춤설계된_미완의_네프티스_에테르웨폰	47949	1	FFFF00	30008	48816	716	716	2616	39999	0	8	0	8	0	Null	0	Null	0	1	0	0	22	62	543750	1	9620	9620	1	0	1	39	121	0	1	71	0	0	0	0	0	0	0	0	0	0	0.8 	105 	0	0	2	2	2	16	0	0	0	0	0	0	0	0	0	0	0	1	0	0	0	0	0	0	0	0	0	0	0	0	0	0	0	0	0	0	0	0	0	0	1	41	1	3	0	0	0	0	0	0	0	0	0	0	0	0	0	0	0	0	0	0	0	0	0	0	0	0	0	1	0	0	0	0	0	0	0	0	0	0	0	0	0	0	0	0	0	0	0	0	0	0	0	0	0	0	0	0	0	0	0	0	0	0	216 	300 	0	0	0	0	0	0	0	0	0	0	0	0		//	-16	-23				-39	-7.8	-5	71
//	867	0	0	맞춤설계된_미완의_클로리스_지팡이	47950	1	FFFF00	30009	48816	816	816	2816	39999	0	10	0	10	0	Null	0	Null	0	1	0	0	22	62	408600	1	9620	9620	1	0	1	39	121	0	1	71	0	0	0	0	0	0	0	0	0	0	0.8 	95 	0	0	1	1	4	2.5	0	0	0	0	0	0	0	0	0	0	0	0	1	0	0	0	0	0	0	0	0	0	0	0	0	0	0	0	0	0	0	0	0	0	1	41	1	1	0	0	0	0	0	0	0	0	0	0	0	0	0	0	0	0	0	0	0	0	0	0	0	0	0	1	0	0	0	0	0	0	0	0	0	0	0	0	0	0	0	0	0	0	0	0	0	0	0	0	0	0	0	0	0	0	0	0	0	0	386 	421 	0	0	0	0	0	0	0	0	0	0	0	0		//				-25	-22	-47	-9.4	-7	71
//	868	0	0	맞춤설계된_미완의_클로리스_오브	47950	1	FFFF00	30010	48816	916	916	2916	39999	0	11	0	11	0	Null	0	Null	0	1	0	0	22	62	343080	1	9620	9620	1	0	1	39	121	0	1	71	0	0	0	0	0	0	0	0	0	0	0.8 	100 	0	0	2	2	4	13	0	0	0	0	0	0	0	0	0	0	0	0	1	0	0	0	0	0	0	0	0	0	0	0	0	0	0	0	0	0	0	0	0	0	1	41	1	1	0	0	0	0	0	0	0	0	0	0	0	0	0	0	0	0	0	0	0	0	0	0	0	0	0	1	0	0	0	0	0	0	0	0	0	0	0	0	0	0	0	0	0	0	0	0	0	0	0	0	0	0	0	0	0	0	0	0	0	0	310 	335 	0	0	0	0	0	0	0	0	0	0	0	0		//				-25	-22	-47	-9.4	-7	71
//	869	0	0	맞춤설계된_미완의_야누비스_대거	47948	1	FFFF00	31156	48816	416	416	2416	39999	0	5	0	5	0	Null	0	Null	0	1	0	0	22	62	182520	1	9620	9620	1	0	1	39	121	0	1	71	0	0	0	0	0	0	0	0	0	0	0.8 	140 	0	0	1	1	1	2.5	0	0	0	0	0	0	0	0	0	0	1	0	0	0	0	0	0	0	0	0	0	0	0	0	0	0	0	0	0	0	0	0	0	0	1	41	1	2	0	0	0	0	0	0	0	0	0	0	0	0	0	0	0	0	0	0	0	0	0	0	0	0	0	1	0	0	0	0	0	0	0	0	0	0	0	0	0	0	0	0	0	0	0	0	0	0	0	0	0	0	0	0	0	0	0	0	0	0	264 	299 	0	0	0	0	0	0	0	0	0	0	0	0		//	-19			-18		-37	-7.4	-5	71
//	870	0	0	맞춤설계된_미완의_야누비스_채찍검	47948	1	FFFF00	31157	48816	516	516	2516	39999	0	6	0	6	0	Null	0	Null	0	1	0	0	22	62	281730	1	9620	9620	1	0	1	39	121	0	1	71	0	0	0	0	0	0	0	0	0	0	0.8 	125 	0	0	1	1	1	3.5	0	0	0	0	0	0	0	0	0	0	1	0	0	0	0	0	0	0	1	34	2	-5	0	0	0	0	0	0	0	0	0	0	0	0	1	41	1	3	0	0	0	0	0	0	0	0	0	0	0	0	0	0	0	0	0	0	0	0	0	0	0	0	0	1	0	0	0	0	0	0	0	0	0	0	0	0	0	0	0	0	0	0	0	0	0	0	0	0	0	0	0	0	0	0	0	0	0	0	265 	331 	0	0	0	0	0	0	0	0	0	0	0	0		//	-19			-18		-37	-7.4	-5	71
	901	0	0	맞춤설계된_미완의_헤카테_건틀렛	30554	1	FFFF00	30011	11595	957	957	2957	39999	0	14	0	12	0	Null	0	Null	0	1	0	0	22	62	619950	1	9620	9620	1	1	1	2	121	1	1	71	0	0	0	0	0	0	0	0	0	0	0.8 	135 	0	0	1	1	3	1	0	0	0	0	0	0	0	0	0	0	0	0	0	1	0	0	0	0	0	0	0	0	0	0	0	0	0	0	0	0	0	0	0	0	1	41	1	2	0	0	0	0	0	0	0	0	0	0	0	0	0	0	0	0	0	0	0	0	0	0	0	0	0	1	0	0	0	0	0	0	0	0	0	0	0	0	0	0	0	0	0	0	0	0	0	0	0	0	0	0	0	0	0	0	0	0	0	0	286	330.05	0	0	0	0	0	0	0	0	0	0	0	0		//		-21		-19		-40	-8	-6	71
	902	0	0	맞춤설계된_미완의_헤카테_에테르사이드	30554	1	FFFF00	30012	11595	978	978	2978	39999	0	15	0	13	0	Null	0	Null	0	1	0	0	22	62	400020	1	9620	9620	1	1	1	2	121	1	1	71	0	0	0	0	0	0	0	0	0	0	0.8 	120 	0	0	1	1	1	2	0	0	0	0	0	0	0	0	0	0	0	0	0	1	0	0	0	0	0	0	0	0	0	0	0	0	0	0	0	0	0	0	0	0	1	41	1	3	0	0	0	0	0	0	0	0	0	0	0	0	0	0	0	0	0	0	0	0	0	0	0	0	0	1	0	0	0	0	0	0	0	0	0	0	0	0	0	0	0	0	0	0	0	0	0	0	0	0	0	0	0	0	0	0	0	0	0	0	272.8	385.25	0	0	0	0	0	0	0	0	0	0	0	0		//		-21		-19		-40	-8	-6	71
	871	0	0	맞춤설계된_구리_건틀렛_1등급아이템	30531	0	0	30011	0	942	942	2942	39999	0	14	0	14	0	Null	0	Null	0	0	0	0	1	31	5910	1	25	25	0	0	1	261	0	0	0	1	0	0	0	0	0	0	0 	0 	54 	59 	0.8 	135 	0 	0 	1 	1 	3 	1	0 	0 	0 	0 	0 	0	0	0	0	0	0	0	0	1	0	0	0	0	0	0	0	0	0	0	0	0	0	0	0	0	0	0	0	0	1	41	1	2	0	0	0	0	0	0	0	0	0	0	0	0	0	0	0	0	0	0	0	0	0	0	0	0	0	1	0	0	0	0	0	0	0	0	0	0	0	0	0	0	0	0	0	0	0	0	0	0	0	0	0 	0 	59	68	0 	0 	0 	0 	0	0	0	0	0	0	0	0	0	0	0	0	0	0	1	0		//		-21		-19		-40	-8	-6	1
	872	0	0	맞춤설계된_청동_건틀렛_2등급아이템	30532	0	0	30011	0	943	943	2943	39999	0	14	0	14	0	Null	0	Null	0	0	0	0	2	35	5674	1	800	800	0	0	1	261	0	0	0	8	0	0	0	0	0	0	0 	0 	62 	69 	0.8 	135 	0 	0 	1 	1 	3 	1	0 	0 	0 	0 	0 	0	0	0	0	0	0	0	0	1	0	0	0	0	0	0	0	0	0	0	0	0	0	0	0	0	0	0	0	0	1	41	1	2	0	0	0	0	0	0	0	0	0	0	0	0	0	0	0	0	0	0	0	0	0	0	0	0	0	1	0	0	0	0	0	0	0	0	0	0	0	0	0	0	0	0	0	0	0	0	0	0	0	0	0 	0 	68	79	0 	0 	0 	0 	0	0	0	0	0	0	0	0	0	0	0	0	0	0	1	0		//		-21		-19		-40	-8	-6	8
	873	0	0	맞춤설계된_적철_건틀렛_3등급아이템	30533	0	0	30011	0	944	944	2944	39999	0	14	0	14	0	Null	0	Null	0	0	0	0	3	40	5556	1	1200	1200	0	0	1	261	0	0	0	15	0	0	0	0	0	0	0 	0 	74 	81 	0.8 	135 	0 	0 	1 	1 	3 	1	0 	0 	0 	0 	0 	0	0	0	0	0	0	0	0	1	0	0	0	0	0	0	0	0	0	0	0	0	0	0	0	0	0	0	0	0	1	41	1	2	0	0	0	0	0	0	0	0	0	0	0	0	0	0	0	0	0	0	0	0	0	0	0	0	0	1	0	0	0	0	0	0	0	0	0	0	0	0	0	0	0	0	0	0	0	0	0	0	0	0	0 	0 	81	93	0 	0 	0 	0 	0	0	0	0	0	0	0	0	0	0	0	0	0	0	1	0		//		-21		-19		-40	-8	-6	15
	874	0	0	맞춤설계된_강철_건틀렛_4등급아이템	30534	0	0	30011	0	945	945	2945	39999	0	14	0	14	0	Null	0	Null	0	0	0	0	4	45	5438	1	1900	1900	0	0	1	261	0	0	0	22	0	0	0	0	0	0	0 	0 	86 	95 	0.8 	135 	0 	0 	1 	1 	3 	1	0 	0 	0 	0 	0 	0	0	0	0	0	0	0	0	1	0	0	0	0	0	0	0	0	0	0	0	0	0	0	0	0	0	0	0	0	1	41	1	2	0	0	0	0	0	0	0	0	0	0	0	0	0	0	0	0	0	0	0	0	0	0	0	0	0	1	0	0	0	0	0	0	0	0	0	0	0	0	0	0	0	0	0	0	0	0	0	0	0	0	0 	0 	95	109	0 	0 	0 	0 	0	0	0	0	0	0	0	0	0	0	0	0	0	0	1	0		//		-21		-19		-40	-8	-6	22
	875	0	0	맞춤설계된_헤비_건틀렛_5등급아이템	30535	0	0	30011	0	946	946	2946	39999	0	14	0	14	0	Null	0	Null	0	0	0	0	5	50	5320	1	2900	2900	0	0	1	261	0	0	0	29	0	0	0	0	0	0	0 	0 	101 	112 	0.8 	135 	0 	0 	1 	1 	3 	1	0 	0 	0 	0 	0 	0	0	0	0	0	0	0	0	1	0	0	0	0	0	0	0	0	0	0	0	0	0	0	0	0	0	0	0	0	1	41	1	2	0	0	0	0	0	0	0	0	0	0	0	0	0	0	0	0	0	0	0	0	0	0	0	0	0	1	0	0	0	0	0	0	0	0	0	0	0	0	0	0	0	0	0	0	0	0	0	0	0	0	0 	0 	111	129	0 	0 	0 	0 	0	0	0	0	0	0	0	0	0	0	0	0	0	0	1	0		//		-21		-19		-40	-8	-6	29
	876	0	0	맞춤설계된_사냥꾼_건틀렛_6등급아이템	30536	0	0	30011	0	947	947	2947	39999	0	14	0	14	0	Null	0	Null	0	0	0	0	6	55	5200	1	4500	4500	0	0	1	261	0	0	0	36	0	0	0	0	0	0	0 	0 	118 	131 	0.8 	135 	0 	0 	1 	1 	3 	1	0 	0 	0 	0 	0 	0	0	0	0	0	0	0	0	1	0	0	0	0	0	0	0	0	0	0	0	0	0	0	0	0	0	0	0	0	1	41	1	2	0	0	0	0	0	0	0	0	0	0	0	0	0	0	0	0	0	0	0	0	0	0	0	0	0	1	0	0	0	0	0	0	0	0	0	0	0	0	0	0	0	0	0	0	0	0	0	0	0	0	0 	0 	130	151	0 	0 	0 	0 	0	0	0	0	0	0	0	0	0	0	0	0	0	0	1	0		//		-21		-19		-40	-8	-6	36
	877	0	0	맞춤설계된_질주하는_재규어의_건틀렛_7등급아이템	30537	0	0	30011	0	948	948	2948	39999	0	14	0	14	0	Null	0	Null	0	0	0	0	7	60	5082	1	6900	6900	0	0	1	261	0	0	0	43	0	0	0	0	0	0	0 	0 	138 	153 	0.8 	135 	0 	0 	1 	1 	3 	1	0 	0 	0 	0 	0 	0	0	0	0	0	0	0	0	1	0	0	0	0	0	0	0	0	0	0	0	0	0	0	0	0	0	0	0	0	1	41	1	2	0	0	0	0	0	0	0	0	0	0	0	0	0	0	0	0	0	0	0	0	0	0	0	0	0	1	0	0	0	0	0	0	0	0	0	0	0	0	0	0	0	0	0	0	0	0	0	0	0	0	0 	0 	152	176	0 	0 	0 	0 	0	0	0	0	0	0	0	0	0	0	0	0	0	0	1	0		//		-21		-19		-40	-8	-6	43
	878	0	0	맞춤설계된_여유로운_곰의_건틀렛_8등급아이템	30538	0	0	30011	0	949	949	2949	39999	0	14	0	14	0	Null	0	Null	0	0	0	0	8	64	4964	1	10700	10700	0	0	1	261	0	0	0	50	0	0	0	0	0	0	0 	0 	162 	179 	0.8 	135 	0 	0 	1 	1 	3 	1	0 	0 	0 	0 	0 	0	0	0	0	0	0	0	0	1	0	0	0	0	0	0	0	0	0	0	0	0	0	0	0	0	0	0	0	0	1	41	1	2	0	0	0	0	0	0	0	0	0	0	0	0	0	0	0	0	0	0	0	0	0	0	0	0	0	1	0	0	0	0	0	0	0	0	0	0	0	0	0	0	0	0	0	0	0	0	0	0	0	0	0 	0 	178	206	0 	0 	0 	0 	0	0	0	0	0	0	0	0	0	0	0	0	0	0	1	0		//		-21		-19		-40	-8	-6	50
	879	0	0	맞춤설계된_용맹한_사자의_건틀렛_9등급아이템	30539	0	0	30011	0	950	950	2950	39999	0	14	0	14	0	Null	0	Null	0	0	0	0	9	69	4846	1	16700	16700	0	0	1	261	0	0	0	57	0	0	0	0	0	0	0 	0 	190 	210 	0.8 	135 	0 	0 	1 	1 	3 	1	0 	0 	0 	0 	0 	0	0	0	0	0	0	0	0	1	0	0	0	0	0	0	0	0	0	0	0	0	0	0	0	0	0	0	0	0	1	41	1	2	0	0	0	0	0	0	0	0	0	0	0	0	0	0	0	0	0	0	0	0	0	0	0	0	0	1	0	0	0	0	0	0	0	0	0	0	0	0	0	0	0	0	0	0	0	0	0	0	0	0	0 	0 	209	242	0 	0 	0 	0 	0	0	0	0	0	0	0	0	0	0	0	0	0	0	1	0		//		-21		-19		-40	-8	-6	57
	880	0	0	맞춤설계된_릴리아난_건틀렛_10등급아이템	30540	0	0	30011	0	951	951	2951	39999	0	14	0	14	0	Null	0	Null	0	0	0	0	10	74	4728	1	25800	25800	0	0	1	261	0	0	0	64	0	0	0	0	0	0	0 	0 	222 	245 	0.8 	135 	0 	0 	1 	1 	3 	1	0 	0 	0 	0 	0 	0	0	0	0	0	0	0	0	1	0	0	0	0	0	0	0	0	0	0	0	0	0	0	0	0	0	0	0	0	1	41	1	2	0	0	0	0	0	0	0	0	0	0	0	0	0	0	0	0	0	0	0	0	0	0	0	0	0	1	0	0	0	0	0	0	0	0	0	0	0	0	0	0	0	0	0	0	0	0	0	0	0	0	0 	0 	244	282	0 	0 	0 	0 	0	0	0	0	0	0	0	0	0	0	0	0	0	0	1	0		//		-21		-19		-40	-8	-6	64
//	881	0	0	맞춤설계된_하모닉_건틀렛_11등급아이템	30541	0	0	30011	0	952	952	2952	39999	0	14	0	14	0	Null	0	Null	0	0	0	0	11	79	4610	1	40000	40000	0	0	1	261	0	0	0	71	0	0	0	0	0	0	0 	0 	260 	287 	0.8 	135 	0 	0 	1 	1 	3 	1	0 	0 	0 	0 	0 	0	0	0	0	0	0	0	0	1	0	0	0	0	0	0	0	0	0	0	0	0	0	0	0	0	0	0	0	0	1	41	1	2	0	0	0	0	0	0	0	0	0	0	0	0	0	0	0	0	0	0	0	0	0	0	0	0	0	1	0	0	0	0	0	0	0	0	0	0	0	0	0	0	0	0	0	0	0	0	0	0	0	0	0 	0 	286	330	0 	0 	0 	0 	0	0	0	0	0	0	0	0	0	0	0	0	0	0	1	0		//		-21		-19		-40	-8	-6	71
//	882	0	0	맞춤설계된_피니어스_건틀렛_12등급아이템	30542	0	0	30011	0	953	953	2953	39999	0	14	0	14	0	Null	0	Null	0	0	0	0	12	84	4492	1	62000	62000	0	0	1	261	0	0	0	78	0	0	0	0	0	0	0 	0 	304 	337 	0.8 	135 	0 	0 	1 	1 	3 	1	0 	0 	0 	0 	0 	0	0	0	0	0	0	0	0	1	0	0	0	0	0	0	0	0	0	0	0	0	0	0	0	0	0	0	0	0	1	41	1	2	0	0	0	0	0	0	0	0	0	0	0	0	0	0	0	0	0	0	0	0	0	0	0	0	0	1	0	0	0	0	0	0	0	0	0	0	0	0	0	0	0	0	0	0	0	0	0	0	0	0	0 	0 	334	388	0 	0 	0 	0 	0	0	0	0	0	0	0	0	0	0	0	0	0	0	1	0		//		-21		-19		-40	-8	-6	78
//	883	0	0	맞춤설계된_오를레아나_건틀렛_13등급아이템	30543	0	0	30011	0	954	954	2954	39999	0	14	0	14	0	Null	0	Null	0	0	0	0	13	89	4374	1	96200	96200	0	0	1	261	0	0	0	85	0	0	0	0	0	0	0 	0 	357 	394 	0.8 	135 	0 	0 	1 	1 	3 	1	0 	0 	0 	0 	0 	0	0	0	0	0	0	0	0	1	0	0	0	0	0	0	0	0	0	0	0	0	0	0	0	0	0	0	0	0	1	41	1	2	0	0	0	0	0	0	0	0	0	0	0	0	0	0	0	0	0	0	0	0	0	0	0	0	0	1	0	0	0	0	0	0	0	0	0	0	0	0	0	0	0	0	0	0	0	0	0	0	0	0	0 	0 	393	453	0 	0 	0 	0 	0	0	0	0	0	0	0	0	0	0	0	0	0	0	1	0		//		-21		-19		-40	-8	-6	85
//	884	0	0	맞춤설계된_콘토치아_건틀렛_14등급아이템	30544	0	0	30011	0	955	955	2955	39999	0	14	0	14	0	Null	0	Null	0	0	0	0	14	94	4256	1	149000	149000	0	0	1	261	0	0	0	92	0	0	0	0	0	0	0 	0 	418 	462 	0.8 	135 	0 	0 	1 	1 	3 	1	0 	0 	0 	0 	0 	0	0	0	0	0	0	0	0	1	0	0	0	0	0	0	0	0	0	0	0	0	0	0	0	0	0	0	0	0	1	41	1	2	0	0	0	0	0	0	0	0	0	0	0	0	0	0	0	0	0	0	0	0	0	0	0	0	0	1	0	0	0	0	0	0	0	0	0	0	0	0	0	0	0	0	0	0	0	0	0	0	0	0	0 	0 	460	531	0 	0 	0 	0 	0	0	0	0	0	0	0	0	0	0	0	0	0	0	1	0		//		-21		-19		-40	-8	-6	92
//	885	0	0	맞춤설계된_피를_뿌리는_건틀렛_15등급아이템	30545	0	0	30011	0	956	956	2956	39999	0	14	0	14	0	Null	0	Null	0	0	0	0	15	99	4138	1	231000	231000	0	0	1	261	0	0	0	99	0	0	0	0	0	0	0 	0 	488 	539 	0.8 	135 	0 	0 	1 	1 	3 	1	0 	0 	0 	0 	0 	0	0	0	0	0	0	0	0	1	0	0	0	0	0	0	0	0	0	0	0	0	0	0	0	0	0	0	0	0	1	41	1	2	0	0	0	0	0	0	0	0	0	0	0	0	0	0	0	0	0	0	0	0	0	0	0	0	0	1	0	0	0	0	0	0	0	0	0	0	0	0	0	0	0	0	0	0	0	0	0	0	0	0	0 	0 	537	620	0 	0 	0 	0 	0	0	0	0	0	0	0	0	0	0	0	0	0	0	1	0		//		-21		-19		-40	-8	-6	99
	886	0	0	맞춤설계된_구리_에테르사이드_1등급아이템	35751	0	0	30012	0	963	963	2963	39999	0	15	0	15	0	Null	0	Null	0	0	0	0	1	104	5520	1	25	25	0	0	1	261	0	0	0	1	0	0	0	0	0	0	0 	0 	51 	69 	0.8 	120 	0 	0 	1 	1 	1 	2	0 	0 	0 	0 	0 	0	0	0	0	0	0	0	0	1	0	0	0	0	0	0	0	0	0	0	0	0	0	0	0	0	0	0	0	0	1	41	1	3	0	0	0	0	0	0	0	0	0	0	0	0	0	0	0	0	0	0	0	0	0	0	0	0	0	1	0	0	0	0	0	0	0	0	0	0	0	0	0	0	0	0	0	0	0	0	0	0	0	0	0 	0 	56	79	0 	0 	0 	0 	0	0	0	0	0	0	0	0	0	0	0	0	0	0	1	0		//		-21		-19		-40	-8	-6	1
	887	0	0	맞춤설계된_청동_에테르사이드_2등급아이템	35752	0	0	30012	0	964	964	2964	39999	0	15	0	15	0	Null	0	Null	0	0	0	0	2	109	5300	1	800	800	0	0	1	261	0	0	0	8	0	0	0	0	0	0	0 	0 	60 	81 	0.8 	120 	0 	0 	1 	1 	1 	2	0 	0 	0 	0 	0 	0	0	0	0	0	0	0	0	1	0	0	0	0	0	0	0	0	0	0	0	0	0	0	0	0	0	0	0	0	1	41	1	3	0	0	0	0	0	0	0	0	0	0	0	0	0	0	0	0	0	0	0	0	0	0	0	0	0	1	0	0	0	0	0	0	0	0	0	0	0	0	0	0	0	0	0	0	0	0	0	0	0	0	0 	0 	66	93	0 	0 	0 	0 	0	0	0	0	0	0	0	0	0	0	0	0	0	0	1	0		//		-21		-19		-40	-8	-6	8
	888	0	0	맞춤설계된_적철_에테르사이드_3등급아이템	35753	0	0	30012	0	965	965	2965	39999	0	15	0	15	0	Null	0	Null	0	0	0	0	3	113	5188	1	1200	1200	0	0	1	261	0	0	0	15	0	0	0	0	0	0	0 	0 	70 	95 	0.8 	120 	0 	0 	1 	1 	1 	2	0 	0 	0 	0 	0 	0	0	0	0	0	0	0	0	1	0	0	0	0	0	0	0	0	0	0	0	0	0	0	0	0	0	0	0	0	1	41	1	3	0	0	0	0	0	0	0	0	0	0	0	0	0	0	0	0	0	0	0	0	0	0	0	0	0	1	0	0	0	0	0	0	0	0	0	0	0	0	0	0	0	0	0	0	0	0	0	0	0	0	0 	0 	77	109	0 	0 	0 	0 	0	0	0	0	0	0	0	0	0	0	0	0	0	0	1	0		//		-21		-19		-40	-8	-6	15
	889	0	0	맞춤설계된_강철_에테르사이드_4등급아이템	35754	0	0	30012	0	966	966	2966	39999	0	15	0	15	0	Null	0	Null	0	0	0	0	4	118	5078	1	1900	1900	0	0	1	261	0	0	0	22	0	0	0	0	0	0	0 	0 	82 	111 	0.8 	120 	0 	0 	1 	1 	1 	2	0 	0 	0 	0 	0 	0	0	0	0	0	0	0	0	1	0	0	0	0	0	0	0	0	0	0	0	0	0	0	0	0	0	0	0	0	1	41	1	3	0	0	0	0	0	0	0	0	0	0	0	0	0	0	0	0	0	0	0	0	0	0	0	0	0	1	0	0	0	0	0	0	0	0	0	0	0	0	0	0	0	0	0	0	0	0	0	0	0	0	0 	0 	90	128	0 	0 	0 	0 	0	0	0	0	0	0	0	0	0	0	0	0	0	0	1	0		//		-21		-19		-40	-8	-6	22
	890	0	0	맞춤설계된_벨리스_에테르사이드_5등급아이템	35755	0	0	30012	0	967	967	2967	39999	0	15	0	15	0	Null	0	Null	0	0	0	0	5	123	4968	1	2900	2900	0	0	1	261	0	0	0	29	0	0	0	0	0	0	0 	0 	96 	131 	0.8 	120 	0 	0 	1 	1 	1 	2	0 	0 	0 	0 	0 	0	0	0	0	0	0	0	0	1	0	0	0	0	0	0	0	0	0	0	0	0	0	0	0	0	0	0	0	0	1	41	1	3	0	0	0	0	0	0	0	0	0	0	0	0	0	0	0	0	0	0	0	0	0	0	0	0	0	1	0	0	0	0	0	0	0	0	0	0	0	0	0	0	0	0	0	0	0	0	0	0	0	0	0 	0 	106	151	0 	0 	0 	0 	0	0	0	0	0	0	0	0	0	0	0	0	0	0	1	0		//		-21		-19		-40	-8	-6	29
	891	0	0	맞춤설계된_리아트리스_에테르사이드_6등급아이템	35756	0	0	30012	0	968	968	2968	39999	0	15	0	15	0	Null	0	Null	0	0	0	0	6	31	4858	1	4500	4500	0	0	1	261	0	0	0	36	0	0	0	0	0	0	0 	0 	113 	152 	0.8 	120 	0 	0 	1 	1 	1 	2	0 	0 	0 	0 	0 	0	0	0	0	0	0	0	0	1	0	0	0	0	0	0	0	0	0	0	0	0	0	0	0	0	0	0	0	0	1	41	1	3	0	0	0	0	0	0	0	0	0	0	0	0	0	0	0	0	0	0	0	0	0	0	0	0	0	1	0	0	0	0	0	0	0	0	0	0	0	0	0	0	0	0	0	0	0	0	0	0	0	0	0 	0 	124	175	0 	0 	0 	0 	0	0	0	0	0	0	0	0	0	0	0	0	0	0	1	0		//		-21		-19		-40	-8	-6	36
	892	0	0	맞춤설계된_아네모네_에테르사이드_7등급아이템	35757	0	0	30012	0	969	969	2969	39999	0	15	0	15	0	Null	0	Null	0	0	0	0	7	35	4748	1	6900	6900	0	0	1	261	0	0	0	43	0	0	0	0	0	0	0 	0 	132 	179 	0.8 	120 	0 	0 	1 	1 	1 	2	0 	0 	0 	0 	0 	0	0	0	0	0	0	0	0	1	0	0	0	0	0	0	0	0	0	0	0	0	0	0	0	0	0	0	0	0	1	41	1	3	0	0	0	0	0	0	0	0	0	0	0	0	0	0	0	0	0	0	0	0	0	0	0	0	0	1	0	0	0	0	0	0	0	0	0	0	0	0	0	0	0	0	0	0	0	0	0	0	0	0	0 	0 	145	206	0 	0 	0 	0 	0	0	0	0	0	0	0	0	0	0	0	0	0	0	1	0		//		-21		-19		-40	-8	-6	43
	893	0	0	맞춤설계된_아이리스_에테르사이드_8등급아이템	35758	0	0	30012	0	970	970	2970	39999	0	15	0	15	0	Null	0	Null	0	0	0	0	8	40	4636	1	10700	10700	0	0	1	261	0	0	0	50	0	0	0	0	0	0	0 	0 	154 	209 	0.8 	120 	0 	0 	1 	1 	1 	2	0 	0 	0 	0 	0 	0	0	0	0	0	0	0	0	1	0	0	0	0	0	0	0	0	0	0	0	0	0	0	0	0	0	0	0	0	1	41	1	3	0	0	0	0	0	0	0	0	0	0	0	0	0	0	0	0	0	0	0	0	0	0	0	0	0	1	0	0	0	0	0	0	0	0	0	0	0	0	0	0	0	0	0	0	0	0	0	0	0	0	0 	0 	169	240	0 	0 	0 	0 	0	0	0	0	0	0	0	0	0	0	0	0	0	0	1	0		//		-21		-19		-40	-8	-6	50
	894	0	0	맞춤설계된_안젤리카_에테르사이드_9등급아이템	35759	0	0	30012	0	971	971	2971	39999	0	15	0	15	0	Null	0	Null	0	0	0	0	9	45	4526	1	16700	16700	0	0	1	261	0	0	0	57	0	0	0	0	0	0	0 	0 	181 	244 	0.8 	120 	0 	0 	1 	1 	1 	2	0 	0 	0 	0 	0 	0	0	0	0	0	0	0	0	1	0	0	0	0	0	0	0	0	0	0	0	0	0	0	0	0	0	0	0	0	1	41	1	3	0	0	0	0	0	0	0	0	0	0	0	0	0	0	0	0	0	0	0	0	0	0	0	0	0	1	0	0	0	0	0	0	0	0	0	0	0	0	0	0	0	0	0	0	0	0	0	0	0	0	0 	0 	199	281	0 	0 	0 	0 	0	0	0	0	0	0	0	0	0	0	0	0	0	0	1	0		//		-21		-19		-40	-8	-6	57
	895	0	0	맞춤설계된_하이비스커스_에테르사이드_10등급아이템	35760	0	0	30012	0	972	972	2972	39999	0	15	0	15	0	Null	0	Null	0	0	0	0	10	50	4416	1	25800	25800	0	0	1	261	0	0	0	64	0	0	0	0	0	0	0 	0 	212 	287 	0.8 	120 	0 	0 	1 	1 	1 	2	0 	0 	0 	0 	0 	0	0	0	0	0	0	0	0	1	0	0	0	0	0	0	0	0	0	0	0	0	0	0	0	0	0	0	0	0	1	41	1	3	0	0	0	0	0	0	0	0	0	0	0	0	0	0	0	0	0	0	0	0	0	0	0	0	0	1	0	0	0	0	0	0	0	0	0	0	0	0	0	0	0	0	0	0	0	0	0	0	0	0	0 	0 	233	330	0 	0 	0 	0 	0	0	0	0	0	0	0	0	0	0	0	0	0	0	1	0		//		-21		-19		-40	-8	-6	64
//	896	0	0	맞춤설계된_코스모_에테르사이드_11등급아이템	30561	0	0	30012	0	973	973	2973	39999	0	15	0	15	0	Null	0	Null	0	0	0	0	11	55	4306	1	40000	40000	0	0	1	261	0	0	0	71	0	0	0	0	0	0	0 	0 	248 	335 	0.8 	120 	0 	0 	1 	1 	1 	2	0 	0 	0 	0 	0 	0	0	0	0	0	0	0	0	1	0	0	0	0	0	0	0	0	0	0	0	0	0	0	0	0	0	0	0	0	1	41	1	3	0	0	0	0	0	0	0	0	0	0	0	0	0	0	0	0	0	0	0	0	0	0	0	0	0	1	0	0	0	0	0	0	0	0	0	0	0	0	0	0	0	0	0	0	0	0	0	0	0	0	0 	0 	273	385	0 	0 	0 	0 	0	0	0	0	0	0	0	0	0	0	0	0	0	0	1	0		//		-21		-19		-40	-8	-6	71
//	897	0	0	맞춤설계된_플라다이스_에테르사이드_12등급아이템	30562	0	0	30012	0	974	974	2974	39999	0	15	0	15	0	Null	0	Null	0	0	0	0	12	60	4196	1	62000	62000	0	0	1	261	0	0	0	78	0	0	0	0	0	0	0 	0 	290 	393 	0.8 	120 	0 	0 	1 	1 	1 	2	0 	0 	0 	0 	0 	0	0	0	0	0	0	0	0	1	0	0	0	0	0	0	0	0	0	0	0	0	0	0	0	0	0	0	0	0	1	41	1	3	0	0	0	0	0	0	0	0	0	0	0	0	0	0	0	0	0	0	0	0	0	0	0	0	0	1	0	0	0	0	0	0	0	0	0	0	0	0	0	0	0	0	0	0	0	0	0	0	0	0	0 	0 	319	452	0 	0 	0 	0 	0	0	0	0	0	0	0	0	0	0	0	0	0	0	1	0		//		-21		-19		-40	-8	-6	78
//	898	0	0	맞춤설계된_알파케이나_에테르사이드_13등급아이템	30563	0	0	30012	0	975	975	2975	39999	0	15	0	15	0	Null	0	Null	0	0	0	0	13	64	4084	1	96200	96200	0	0	1	261	0	0	0	85	0	0	0	0	0	0	0 	0 	340 	460 	0.8 	120 	0 	0 	1 	1 	1 	2	0 	0 	0 	0 	0 	0	0	0	0	0	0	0	0	1	0	0	0	0	0	0	0	0	0	0	0	0	0	0	0	0	0	0	0	0	1	41	1	3	0	0	0	0	0	0	0	0	0	0	0	0	0	0	0	0	0	0	0	0	0	0	0	0	0	1	0	0	0	0	0	0	0	0	0	0	0	0	0	0	0	0	0	0	0	0	0	0	0	0	0 	0 	374	529	0 	0 	0 	0 	0	0	0	0	0	0	0	0	0	0	0	0	0	0	1	0		//		-21		-19		-40	-8	-6	85
//	899	0	0	맞춤설계된_인첸시아_에테르사이드_14등급아이템	30564	0	0	30012	0	976	976	2976	39999	0	15	0	15	0	Null	0	Null	0	0	0	0	14	69	3974	1	149000	149000	0	0	1	261	0	0	0	92	0	0	0	0	0	0	0 	0 	397 	538 	0.8 	120 	0 	0 	1 	1 	1 	2	0 	0 	0 	0 	0 	0	0	0	0	0	0	0	0	1	0	0	0	0	0	0	0	0	0	0	0	0	0	0	0	0	0	0	0	0	1	41	1	3	0	0	0	0	0	0	0	0	0	0	0	0	0	0	0	0	0	0	0	0	0	0	0	0	0	1	0	0	0	0	0	0	0	0	0	0	0	0	0	0	0	0	0	0	0	0	0	0	0	0	0 	0 	437	619	0 	0 	0 	0 	0	0	0	0	0	0	0	0	0	0	0	0	0	0	1	0		//		-21		-19		-40	-8	-6	92
//	900	0	0	맞춤설계된_피를_얼리는_에테르사이드_15등급아이템	30565	0	0	30012	0	977	977	2977	39999	0	15	0	15	0	Null	0	Null	0	0	0	0	15	74	3864	1	231000	231000	0	0	1	261	0	0	0	99	0	0	0	0	0	0	0 	0 	465 	630 	0.8 	120 	0 	0 	1 	1 	1 	2	0 	0 	0 	0 	0 	0	0	0	0	0	0	0	0	1	0	0	0	0	0	0	0	0	0	0	0	0	0	0	0	0	0	0	0	0	1	41	1	3	0	0	0	0	0	0	0	0	0	0	0	0	0	0	0	0	0	0	0	0	0	0	0	0	0	1	0	0	0	0	0	0	0	0	0	0	0	0	0	0	0	0	0	0	0	0	0	0	0	0	0 	0 	512	725	0 	0 	0 	0 	0	0	0	0	0	0	0	0	0	0	0	0	0	0	1	0		//		-21		-19		-40	-8	-6	99
	903	0	0	맞춤설계된_미완의_오시리스_에테르블래스터	30600	1	FFFF00	30013	11595	1073	1073	3083	39999	0	16	0	16	0	Null	0	Null	0	1	0	0	22	62	619950	1	9620	9620	1	1	1	2	121	1	1	71	0	0	0	0	0	0	0	0	0	0	0.8 	115 	0	0	1	1	3	1.5 	0	0	0	0	0	0	0	0	0	0	0	0	0	0	1	0	0	0	0	0	0	0	0	0	0	0	0	0	0	0	0	0	0	0	1	41	1	4	0	0	0	0	0	0	0	0	0	0	0	0	0	0	0	0	0	0	0	0	0	0	0	0	0	1	0	0	0	0	0	0	0	0	0	0	0	0	0	0	0	0	0	0	0	0	0	0	0	0	0	0	0	0	0	0	0	0	0	0	302.5	386.4	0	0	0	0	0	0	0	0	0	0	0	0		//			-27		-20	-47	-9.4	-7	71
	904	0	0	맞춤설계된_흑철_에테르블래스터_1등급아이템	30601	0	0	30013	0	1058	1058	3068	39999	0	16	0	16	0	Null	0	Null	0	0	0	0	1	37	5910	1	25	25	0	0	1	261	0	0	0	1	0	0	0	0	0	0	0 	0 	56 	69 	0.8 	115 	0 	0 	1 	1 	3 	1.5 	0 	0 	0 	0 	0 	0	0	0	0	0	0	0	0	0	1	0	0	0	0	0	0	0	0	0	0	0	0	0	0	0	0	0	0	0	1	41	1	4	0	0	0	0	0	0	0	0	0	0	0	0	0	0	0	0	0	0	0	0	0	0	0	0	0	1	0	0	0	0	0	0	0	0	0	0	0	0	0	0	0	0	0	0	0	0	0	0	0	0	0 	0 	62	79	0 	0 	0 	0 	0	0	0	0	0	0	0	0	0	0	0	0	0	0	1	0		//			-27		-20	-47	-9.4	-7	1
	905	0	0	맞춤설계된_황동_에테르블래스터_2등급아이템	30602	0	0	30013	0	1059	1059	3069	39999	0	16	0	16	0	Null	0	Null	0	0	0	0	2	42	5674	1	800	800	0	0	1	261	0	0	0	8	0	0	0	0	0	0	0 	0 	66 	81 	0.8 	115 	0 	0 	1 	1 	3 	1.5 	0 	0 	0 	0 	0 	0	0	0	0	0	0	0	0	0	1	0	0	0	0	0	0	0	0	0	0	0	0	0	0	0	0	0	0	0	1	41	1	4	0	0	0	0	0	0	0	0	0	0	0	0	0	0	0	0	0	0	0	0	0	0	0	0	0	1	0	0	0	0	0	0	0	0	0	0	0	0	0	0	0	0	0	0	0	0	0	0	0	0	0 	0 	73	93	0 	0 	0 	0 	0	0	0	0	0	0	0	0	0	0	0	0	0	0	1	0		//			-27		-20	-47	-9.4	-7	8
	906	0	0	맞춤설계된_청동_에테르블래스터_3등급아이템	30603	0	0	30013	0	1060	1060	3070	39999	0	16	0	16	0	Null	0	Null	0	0	0	0	3	47	5556	1	1200	1200	0	0	1	261	0	0	0	15	0	0	0	0	0	0	0 	0 	78 	95 	0.8 	115 	0 	0 	1 	1 	3 	1.5 	0 	0 	0 	0 	0 	0	0	0	0	0	0	0	0	0	1	0	0	0	0	0	0	0	0	0	0	0	0	0	0	0	0	0	0	0	1	41	1	4	0	0	0	0	0	0	0	0	0	0	0	0	0	0	0	0	0	0	0	0	0	0	0	0	0	1	0	0	0	0	0	0	0	0	0	0	0	0	0	0	0	0	0	0	0	0	0	0	0	0	0 	0 	86	109	0 	0 	0 	0 	0	0	0	0	0	0	0	0	0	0	0	0	0	0	1	0		//			-27		-20	-47	-9.4	-7	15
	907	0	0	맞춤설계된_강철_에테르블래스터_4등급아이템	30604	0	0	30013	0	1061	1061	3071	39999	0	16	0	16	0	Null	0	Null	0	0	0	0	4	52	5438	1	1900	1900	0	0	1	261	0	0	0	22	0	0	0	0	0	0	0 	0 	91 	112 	0.8 	115 	0 	0 	1 	1 	3 	1.5 	0 	0 	0 	0 	0 	0	0	0	0	0	0	0	0	0	1	0	0	0	0	0	0	0	0	0	0	0	0	0	0	0	0	0	0	0	1	41	1	4	0	0	0	0	0	0	0	0	0	0	0	0	0	0	0	0	0	0	0	0	0	0	0	0	0	1	0	0	0	0	0	0	0	0	0	0	0	0	0	0	0	0	0	0	0	0	0	0	0	0	0 	0 	100	129	0 	0 	0 	0 	0	0	0	0	0	0	0	0	0	0	0	0	0	0	1	0		//			-27		-20	-47	-9.4	-7	22
	908	0	0	맞춤설계된_백금_에테르블래스터_5등급아이템	30605	0	0	30013	0	1062	1062	3072	39999	0	16	0	16	0	Null	0	Null	0	0	0	0	5	58	5320	1	2900	2900	0	0	1	261	0	0	0	29	0	0	0	0	0	0	0 	0 	107 	130 	0.8 	115 	0 	0 	1 	1 	3 	1.5 	0 	0 	0 	0 	0 	0	0	0	0	0	0	0	0	0	1	0	0	0	0	0	0	0	0	0	0	0	0	0	0	0	0	0	0	0	1	41	1	4	0	0	0	0	0	0	0	0	0	0	0	0	0	0	0	0	0	0	0	0	0	0	0	0	0	1	0	0	0	0	0	0	0	0	0	0	0	0	0	0	0	0	0	0	0	0	0	0	0	0	0 	0 	118	150	0 	0 	0 	0 	0	0	0	0	0	0	0	0	0	0	0	0	0	0	1	0		//			-27		-20	-47	-9.4	-7	29
	909	0	0	맞춤설계된_수호자의_에테르블래스터_6등급아이템	30606	0	0	30013	0	1063	1063	3073	39999	0	16	0	16	0	Null	0	Null	0	0	0	0	6	63	5200	1	4500	4500	0	0	1	261	0	0	0	36	0	0	0	0	0	0	0 	0 	126 	154 	0.8 	115 	0 	0 	1 	1 	3 	1.5 	0 	0 	0 	0 	0 	0	0	0	0	0	0	0	0	0	1	0	0	0	0	0	0	0	0	0	0	0	0	0	0	0	0	0	0	0	1	41	1	4	0	0	0	0	0	0	0	0	0	0	0	0	0	0	0	0	0	0	0	0	0	0	0	0	0	1	0	0	0	0	0	0	0	0	0	0	0	0	0	0	0	0	0	0	0	0	0	0	0	0	0 	0 	139	177	0 	0 	0 	0 	0	0	0	0	0	0	0	0	0	0	0	0	0	0	1	0		//			-27		-20	-47	-9.4	-7	36
	910	0	0	맞춤설계된_파괴자의_에테르블래스터_7등급아이템	30607	0	0	30013	0	1064	1064	3074	39999	0	16	0	16	0	Null	0	Null	0	0	0	0	7	68	5082	1	6900	6900	0	0	1	261	0	0	0	43	0	0	0	0	0	0	0 	0 	146 	179 	0.8 	115 	0 	0 	1 	1 	3 	1.5 	0 	0 	0 	0 	0 	0	0	0	0	0	0	0	0	0	1	0	0	0	0	0	0	0	0	0	0	0	0	0	0	0	0	0	0	0	1	41	1	4	0	0	0	0	0	0	0	0	0	0	0	0	0	0	0	0	0	0	0	0	0	0	0	0	0	1	0	0	0	0	0	0	0	0	0	0	0	0	0	0	0	0	0	0	0	0	0	0	0	0	0 	0 	161	206	0 	0 	0 	0 	0	0	0	0	0	0	0	0	0	0	0	0	0	0	1	0		//			-27		-20	-47	-9.4	-7	43
	911	0	0	맞춤설계된_핏빛의_에테르블래스터_8등급아이템	30608	0	0	30013	0	1065	1065	3075	39999	0	16	0	16	0	Null	0	Null	0	0	0	0	8	73	4964	1	10700	10700	0	0	1	261	0	0	0	50	0	0	0	0	0	0	0 	0 	171 	210 	0.8 	115 	0 	0 	1 	1 	3 	1.5 	0 	0 	0 	0 	0 	0	0	0	0	0	0	0	0	0	1	0	0	0	0	0	0	0	0	0	0	0	0	0	0	0	0	0	0	0	1	41	1	4	0	0	0	0	0	0	0	0	0	0	0	0	0	0	0	0	0	0	0	0	0	0	0	0	0	1	0	0	0	0	0	0	0	0	0	0	0	0	0	0	0	0	0	0	0	0	0	0	0	0	0 	0 	188	242	0 	0 	0 	0 	0	0	0	0	0	0	0	0	0	0	0	0	0	0	1	0		//			-27		-20	-47	-9.4	-7	50
	912	0	0	맞춤설계된_고대의_에테르블래스터_9등급아이템	30609	0	0	30013	0	1066	1066	3076	39999	0	16	0	16	0	Null	0	Null	0	0	0	0	9	79	4846	1	16700	16700	0	0	1	261	0	0	0	57	0	0	0	0	0	0	0 	0 	201 	246 	0.8 	115 	0 	0 	1 	1 	3 	1.5 	0 	0 	0 	0 	0 	0	0	0	0	0	0	0	0	0	1	0	0	0	0	0	0	0	0	0	0	0	0	0	0	0	0	0	0	0	1	41	1	4	0	0	0	0	0	0	0	0	0	0	0	0	0	0	0	0	0	0	0	0	0	0	0	0	0	1	0	0	0	0	0	0	0	0	0	0	0	0	0	0	0	0	0	0	0	0	0	0	0	0	0 	0 	221	283	0 	0 	0 	0 	0	0	0	0	0	0	0	0	0	0	0	0	0	0	1	0		//			-27		-20	-47	-9.4	-7	57
	913	0	0	맞춤설계된_집행자의_에테르블래스터_10등급아이템	30610	0	0	30013	0	1067	1067	3077	39999	0	16	0	16	0	Null	0	Null	0	0	0	0	10	84	4728	1	25800	25800	0	0	1	261	0	0	0	64	0	0	0	0	0	0	0 	0 	235 	288 	0.8 	115 	0 	0 	1 	1 	3 	1.5 	0 	0 	0 	0 	0 	0	0	0	0	0	0	0	0	0	1	0	0	0	0	0	0	0	0	0	0	0	0	0	0	0	0	0	0	0	1	41	1	4	0	0	0	0	0	0	0	0	0	0	0	0	0	0	0	0	0	0	0	0	0	0	0	0	0	1	0	0	0	0	0	0	0	0	0	0	0	0	0	0	0	0	0	0	0	0	0	0	0	0	0 	0 	259	331	0 	0 	0 	0 	0	0	0	0	0	0	0	0	0	0	0	0	0	0	1	0		//			-27		-20	-47	-9.4	-7	64
//	914	0	0	맞춤설계된_심판자의_에테르블래스터_11등급아이템	30611	0	0	30013	0	1068	1068	3078	39999	0	16	0	16	0	Null	0	Null	0	0	0	0	11	89	4610	1	40000	40000	0	0	1	261	0	0	0	71	0	0	0	0	0	0	0 	0 	275 	336 	0.8 	115 	0 	0 	1 	1 	3 	1.5 	0 	0 	0 	0 	0 	0	0	0	0	0	0	0	0	0	1	0	0	0	0	0	0	0	0	0	0	0	0	0	0	0	0	0	0	0	1	41	1	4	0	0	0	0	0	0	0	0	0	0	0	0	0	0	0	0	0	0	0	0	0	0	0	0	0	1	0	0	0	0	0	0	0	0	0	0	0	0	0	0	0	0	0	0	0	0	0	0	0	0	0 	0 	303	386	0 	0 	0 	0 	0	0	0	0	0	0	0	0	0	0	0	0	0	0	1	0		//			-27		-20	-47	-9.4	-7	71
//	915	0	0	맞춤설계된_방랑자의_에테르블래스터_12등급아이템	30612	0	0	30013	0	1069	1069	3079	39999	0	16	0	16	0	Null	0	Null	0	0	0	0	12	94	4492	1	62000	62000	0	0	1	261	0	0	0	78	0	0	0	0	0	0	0 	0 	323 	394 	0.8 	115 	0 	0 	1 	1 	3 	1.5 	0 	0 	0 	0 	0 	0	0	0	0	0	0	0	0	0	1	0	0	0	0	0	0	0	0	0	0	0	0	0	0	0	0	0	0	0	1	41	1	4	0	0	0	0	0	0	0	0	0	0	0	0	0	0	0	0	0	0	0	0	0	0	0	0	0	1	0	0	0	0	0	0	0	0	0	0	0	0	0	0	0	0	0	0	0	0	0	0	0	0	0 	0 	355	453	0 	0 	0 	0 	0	0	0	0	0	0	0	0	0	0	0	0	0	0	1	0		//			-27		-20	-47	-9.4	-7	78
//	916	0	0	맞춤설계된_무적의_에테르블래스터_13등급아이템	30613	0	0	30013	0	1070	1070	3080	39999	0	16	0	16	0	Null	0	Null	0	0	0	0	13	100	4374	1	96200	96200	0	0	1	261	0	0	0	85	0	0	0	0	0	0	0 	0 	378 	462 	0.8 	115 	0 	0 	1 	1 	3 	1.5 	0 	0 	0 	0 	0 	0	0	0	0	0	0	0	0	0	1	0	0	0	0	0	0	0	0	0	0	0	0	0	0	0	0	0	0	0	1	41	1	4	0	0	0	0	0	0	0	0	0	0	0	0	0	0	0	0	0	0	0	0	0	0	0	0	0	1	0	0	0	0	0	0	0	0	0	0	0	0	0	0	0	0	0	0	0	0	0	0	0	0	0 	0 	416	531	0 	0 	0 	0 	0	0	0	0	0	0	0	0	0	0	0	0	0	0	1	0		//			-27		-20	-47	-9.4	-7	85
//	917	0	0	맞춤설계된_타이탄의_에테르블래스터_14등급아이템	30614	0	0	30013	0	1071	1071	3081	39999	0	16	0	16	0	Null	0	Null	0	0	0	0	14	105	4256	1	149000	149000	0	0	1	261	0	0	0	92	0	0	0	0	0	0	0 	0 	441 	540 	0.8 	115 	0 	0 	1 	1 	3 	1.5 	0 	0 	0 	0 	0 	0	0	0	0	0	0	0	0	0	1	0	0	0	0	0	0	0	0	0	0	0	0	0	0	0	0	0	0	0	1	41	1	4	0	0	0	0	0	0	0	0	0	0	0	0	0	0	0	0	0	0	0	0	0	0	0	0	0	1	0	0	0	0	0	0	0	0	0	0	0	0	0	0	0	0	0	0	0	0	0	0	0	0	0 	0 	485	621	0 	0 	0 	0 	0	0	0	0	0	0	0	0	0	0	0	0	0	0	1	0		//			-27		-20	-47	-9.4	-7	92
//	918	0	0	맞춤설계된_불멸자의_에테르블래스터_15등급아이템	30615	0	0	30013	0	1072	1072	3082	39999	0	16	0	16	0	Null	0	Null	0	0	0	0	15	110	4138	1	231000	231000	0	0	1	261	0	0	0	99	0	0	0	0	0	0	0 	0 	517 	632 	0.8 	115 	0 	0 	1 	1 	3 	1.5 	0 	0 	0 	0 	0 	0	0	0	0	0	0	0	0	0	1	0	0	0	0	0	0	0	0	0	0	0	0	0	0	0	0	0	0	0	1	41	1	4	0	0	0	0	0	0	0	0	0	0	0	0	0	0	0	0	0	0	0	0	0	0	0	0	0	1	0	0	0	0	0	0	0	0	0	0	0	0	0	0	0	0	0	0	0	0	0	0	0	0	0 	0 	569	727	0 	0 	0 	0 	0	0	0	0	0	0	0	0	0	0	0	0	0	0	1	0		//			-27		-20	-47	-9.4	-7	99
	919	0	0	맞춤설계된미완의세크메트_아크블레이드_22등급아이템	30645	1	FFFF00	30017	11595	1104	1103	3103	39999	0	17	0	17	0	Null	0	Null	0	1	0	0	22	85	619950	1	9620	9620	1	1	1	261	121	1	1	71	0	0	0	0	0	0	0	0	226	271	0.8 	125 	0	0	1	1	3	2.0 	0	0	0	0	0	0	0	0	0	0	0	0	0	0	0	1	0	0	0	0	0	0	0	0	0	0	0	0	0	0	0	0	0	0	1	41	1	4	0	0	0	0	0	0	0	0	0	0	0	0	0	0	0	0	0	0	0	0	0	0	0	0	0	1	0	0	0	0	0	0	0	0	0	0	0	0	0	0	0	0	0	0	0	0	0	0	0	0	0	0	0	0	0	0	0	0	0	0	248.6	311.65	0	0	0	0	0	0	0	0	0	0	0	0		//		-20	-24			-44	-8.8	-6	71
	920	0	0	맞춤설계된_조용한이방인의_아크블레이드_1등급아이템	30646	0	0	30017	0	1084	1083	3093	39999	0	17	0	17	0	Null	0	Null	0	0	0	0	1	36	5910	1	25	25	0	0	1	261	0	0	0	1	0	0	0	0	0	0	0 	0 	46 	55 	0.8 	125 	0 	0 	1 	1 	3 	2.0 	0 	0 	0 	0 	0 	0	0	0	0	0	0	0	0	0	0	1	0	0	0	0	0	0	0	0	0	0	0	0	0	0	0	0	0	0	1	41	1	4	0	0	0	0	0	0	0	0	0	0	0	0	0	0	0	0	0	0	0	0	0	0	0	0	0	1	0	0	0	0	0	0	0	0	0	0	0	0	0	0	0	0	0	0	0	0	0	0	0	0	0 	0 	51	63	0 	0 	0 	0 	0	0	0	0	0	0	0	0	0	0	0	0	0	0	1	0		//		-20	-24			-44	-8.8	-6	1
	921	0	0	맞춤설계된_이단자_아크블레이드_2등급아이템	30647	0	0	30017	0	1086	1085	3094	39999	0	17	0	17	0	Null	0	Null	0	0	0	0	2	41	5674	1	800	800	0	0	1	261	0	0	0	8	0	0	0	0	0	0	0 	0 	54 	65 	0.8 	125 	0 	0 	1 	1 	3 	2.0 	0 	0 	0 	0 	0 	0	0	0	0	0	0	0	0	0	0	1	0	0	0	0	0	0	0	0	0	0	0	0	0	0	0	0	0	0	1	41	1	4	0	0	0	0	0	0	0	0	0	0	0	0	0	0	0	0	0	0	0	0	0	0	0	0	0	1	0	0	0	0	0	0	0	0	0	0	0	0	0	0	0	0	0	0	0	0	0	0	0	0	0 	0 	59	75	0 	0 	0 	0 	0	0	0	0	0	0	0	0	0	0	0	0	0	0	1	0		//		-20	-24			-44	-8.8	-6	8
	922	0	0	맞춤설계된_잊혀진왕국_아크블레이드_3등급아이템	30648	0	0	30017	0	1088	1087	3095	39999	0	17	0	17	0	Null	0	Null	0	0	0	0	3	45	5556	1	1200	1200	0	0	1	261	0	0	0	15	0	0	0	0	0	0	0 	0 	64 	77 	0.8 	125 	0 	0 	1 	1 	3 	2.0 	0 	0 	0 	0 	0 	0	0	0	0	0	0	0	0	0	0	1	0	0	0	0	0	0	0	0	0	0	0	0	0	0	0	0	0	0	1	41	1	4	0	0	0	0	0	0	0	0	0	0	0	0	0	0	0	0	0	0	0	0	0	0	0	0	0	1	0	0	0	0	0	0	0	0	0	0	0	0	0	0	0	0	0	0	0	0	0	0	0	0	0 	0 	70	89	0 	0 	0 	0 	0	0	0	0	0	0	0	0	0	0	0	0	0	0	1	0		//		-20	-24			-44	-8.8	-6	15
	923	0	0	맞춤설계된_새로운바람_아크블레이드_4등급아이템	30649	0	0	30017	0	1090	1089	3096	39999	0	17	0	17	0	Null	0	Null	0	0	0	0	4	50	5438	1	1900	1900	0	0	1	261	0	0	0	22	0	0	0	0	0	0	0 	0 	75 	90 	0.8 	125 	0 	0 	1 	1 	3 	2.0 	0 	0 	0 	0 	0 	0	0	0	0	0	0	0	0	0	0	1	0	0	0	0	0	0	0	0	0	0	0	0	0	0	0	0	0	0	1	41	1	4	0	0	0	0	0	0	0	0	0	0	0	0	0	0	0	0	0	0	0	0	0	0	0	0	0	1	0	0	0	0	0	0	0	0	0	0	0	0	0	0	0	0	0	0	0	0	0	0	0	0	0 	0 	83	104	0 	0 	0 	0 	0	0	0	0	0	0	0	0	0	0	0	0	0	0	1	0		//		-20	-24			-44	-8.8	-6	22
	924	0	0	맞춤설계된_지남성_아크블레이드_5등급아이템	30650	0	0	30017	0	1092	1091	3097	39999	0	17	0	17	0	Null	0	Null	0	0	0	0	5	55	5320	1	2900	2900	0	0	1	261	0	0	0	29	0	0	0	0	0	0	0 	0 	88 	105 	0.8 	125 	0 	0 	1 	1 	3 	2.0 	0 	0 	0 	0 	0 	0	0	0	0	0	0	0	0	0	0	1	0	0	0	0	0	0	0	0	0	0	0	0	0	0	0	0	0	0	1	41	1	4	0	0	0	0	0	0	0	0	0	0	0	0	0	0	0	0	0	0	0	0	0	0	0	0	0	1	0	0	0	0	0	0	0	0	0	0	0	0	0	0	0	0	0	0	0	0	0	0	0	0	0 	0 	97	121	0 	0 	0 	0 	0	0	0	0	0	0	0	0	0	0	0	0	0	0	1	0		//		-20	-24			-44	-8.8	-6	29
	925	0	0	맞춤설계된_낯선위험_아크블레이드_6등급아이템	30651	0	0	30017	0	1094	1093	3098	39999	0	17	0	17	0	Null	0	Null	0	0	0	0	6	60	5200	1	4500	4500	0	0	1	261	0	0	0	36	0	0	0	0	0	0	0 	0 	102 	123 	0.8 	125 	0 	0 	1 	1 	3 	2.0 	0 	0 	0 	0 	0 	0	0	0	0	0	0	0	0	0	0	1	0	0	0	0	0	0	0	0	0	0	0	0	0	0	0	0	0	0	1	41	1	4	0	0	0	0	0	0	0	0	0	0	0	0	0	0	0	0	0	0	0	0	0	0	0	0	0	1	0	0	0	0	0	0	0	0	0	0	0	0	0	0	0	0	0	0	0	0	0	0	0	0	0 	0 	112	141	0 	0 	0 	0 	0	0	0	0	0	0	0	0	0	0	0	0	0	0	1	0		//		-20	-24			-44	-8.8	-6	36
	926	0	0	맞춤설계된_바닷바람향기_아크블레이드_7등급아이템	30652	0	0	30017	0	1096	1095	3099	39999	0	17	0	17	0	Null	0	Null	0	0	0	0	7	65	5082	1	6900	6900	0	0	1	261	0	0	0	43	0	0	0	0	0	0	0 	0 	121 	144 	0.8 	125 	0 	0 	1 	1 	3 	2.0 	0 	0 	0 	0 	0 	0	0	0	0	0	0	0	0	0	0	1	0	0	0	0	0	0	0	0	0	0	0	0	0	0	0	0	0	0	1	41	1	4	0	0	0	0	0	0	0	0	0	0	0	0	0	0	0	0	0	0	0	0	0	0	0	0	0	1	0	0	0	0	0	0	0	0	0	0	0	0	0	0	0	0	0	0	0	0	0	0	0	0	0 	0 	133	166	0 	0 	0 	0 	0	0	0	0	0	0	0	0	0	0	0	0	0	0	1	0		//		-20	-24			-44	-8.8	-6	43
	927	0	0	맞춤설계된_숨겨진마력의_아크블레이드_8등급아이템	30653	0	0	30017	0	1098	1097	3100	39999	0	17	0	17	0	Null	0	Null	0	0	0	0	8	70	4964	1	10700	10700	0	0	1	261	0	0	0	50	0	0	0	0	0	0	0 	0 	141 	168 	0.8 	125 	0 	0 	1 	1 	3 	2.0 	0 	0 	0 	0 	0 	0	0	0	0	0	0	0	0	0	0	1	0	0	0	0	0	0	0	0	0	0	0	0	0	0	0	0	0	0	1	41	1	4	0	0	0	0	0	0	0	0	0	0	0	0	0	0	0	0	0	0	0	0	0	0	0	0	0	1	0	0	0	0	0	0	0	0	0	0	0	0	0	0	0	0	0	0	0	0	0	0	0	0	0 	0 	155	193	0 	0 	0 	0 	0	0	0	0	0	0	0	0	0	0	0	0	0	0	1	0		//		-20	-24			-44	-8.8	-6	50
	928	0	0	맞춤설계된_이대륙의_아크블레이드_9등급아이템	30654	0	0	30017	0	1100	1099	3101	39999	0	17	0	17	0	Null	0	Null	0	0	0	0	9	75	4846	1	16700	16700	0	0	1	261	0	0	0	57	0	0	0	0	0	0	0 	0 	165 	198 	0.8 	125 	0 	0 	1 	1 	3 	2.0 	0 	0 	0 	0 	0 	0	0	0	0	0	0	0	0	0	0	1	0	0	0	0	0	0	0	0	0	0	0	0	0	0	0	0	0	0	1	41	1	4	0	0	0	0	0	0	0	0	0	0	0	0	0	0	0	0	0	0	0	0	0	0	0	0	0	1	0	0	0	0	0	0	0	0	0	0	0	0	0	0	0	0	0	0	0	0	0	0	0	0	0 	0 	182	228	0 	0 	0 	0 	0	0	0	0	0	0	0	0	0	0	0	0	0	0	1	0		//		-20	-24			-44	-8.8	-6	57
	929	0	0	맞춤설계된_이세계의비보_아크블레이드_10등급아이템	30655	0	0	30017	0	1102	1101	3102	39999	0	17	0	17	0	Null	0	Null	0	0	0	0	10	80	4728	1	25800	25800	0	0	1	261	0	0	0	64	0	0	0	0	0	0	0 	0 	193 	232 	0.8 	125 	0 	0 	1 	1 	3 	2.0 	0 	0 	0 	0 	0 	0	0	0	0	0	0	0	0	0	0	1	0	0	0	0	0	0	0	0	0	0	0	0	0	0	0	0	0	0	1	41	1	4	0	0	0	0	0	0	0	0	0	0	0	0	0	0	0	0	0	0	0	0	0	0	0	0	0	1	0	0	0	0	0	0	0	0	0	0	0	0	0	0	0	0	0	0	0	0	0	0	0	0	0 	0 	212	267	0 	0 	0 	0 	0	0	0	0	0	0	0	0	0	0	0	0	0	0	1	0		//		-20	-24			-44	-8.8	-6	64
//	930	0	0	맞춤설계된_반짝이는금빛_아크블레이드_11등급아이템	30656	0	0	30017	0	1104	1103	3103	39999	0	17	0	17	0	Null	0	Null	0	0	0	0	11	85	4610	1	40000	40000	0	0	1	261	0	0	0	71	0	0	0	0	0	0	0 	0 	226 	271 	0.8 	125 	0 	0 	1 	1 	3 	2.0 	0 	0 	0 	0 	0 	0	0	0	0	0	0	0	0	0	0	1	0	0	0	0	0	0	0	0	0	0	0	0	0	0	0	0	0	0	1	41	1	4	0	0	0	0	0	0	0	0	0	0	0	0	0	0	0	0	0	0	0	0	0	0	0	0	0	1	0	0	0	0	0	0	0	0	0	0	0	0	0	0	0	0	0	0	0	0	0	0	0	0	0 	0 	249	312	0 	0 	0 	0 	0	0	0	0	0	0	0	0	0	0	0	0	0	0	1	0		//		-20	-24			-44	-8.8	-6	71
//	931	0	0	맞춤설계된_아크노바_아크블레이드_12등급아이템	30657	0	0	30017	0	1106	1105	3104	39999	0	17	0	17	0	Null	0	Null	0	0	0	0	12	90	4492	1	62000	62000	0	0	1	261	0	0	0	78	0	0	0	0	0	0	0 	0 	264 	317 	0.8 	125 	0 	0 	1 	1 	3 	2.0 	0 	0 	0 	0 	0 	0	0	0	0	0	0	0	0	0	0	1	0	0	0	0	0	0	0	0	0	0	0	0	0	0	0	0	0	0	1	41	1	4	0	0	0	0	0	0	0	0	0	0	0	0	0	0	0	0	0	0	0	0	0	0	0	0	0	1	0	0	0	0	0	0	0	0	0	0	0	0	0	0	0	0	0	0	0	0	0	0	0	0	0 	0 	290	365	0 	0 	0 	0 	0	0	0	0	0	0	0	0	0	0	0	0	0	0	1	0		//		-20	-24			-44	-8.8	-6	78
//	932	0	0	맞춤설계된_스리릿캡터_아크블레이드_13등급아이템	30658	0	0	30017	0	1108	1107	3105	39999	0	17	0	17	0	Null	0	Null	0	0	0	0	13	94	4374	1	96200	96200	0	0	1	261	0	0	0	85	0	0	0	0	0	0	0 	0 	310 	371 	0.8 	125 	0 	0 	1 	1 	3 	2.0 	0 	0 	0 	0 	0 	0	0	0	0	0	0	0	0	0	0	1	0	0	0	0	0	0	0	0	0	0	0	0	0	0	0	0	0	0	1	41	1	4	0	0	0	0	0	0	0	0	0	0	0	0	0	0	0	0	0	0	0	0	0	0	0	0	0	1	0	0	0	0	0	0	0	0	0	0	0	0	0	0	0	0	0	0	0	0	0	0	0	0	0 	0 	341	427	0 	0 	0 	0 	0	0	0	0	0	0	0	0	0	0	0	0	0	0	1	0		//		-20	-24			-44	-8.8	-6	85
//	933	0	0	맞춤설계된_임프_아크블레이드_14등급아이템	30659	0	0	30017	0	1110	1109	3106	39999	0	17	0	17	0	Null	0	Null	0	0	0	0	14	99	4256	1	149000	149000	0	0	1	261	0	0	0	92	0	0	0	0	0	0	0 	0 	363 	434 	0.8 	125 	0 	0 	1 	1 	3 	2.0 	0 	0 	0 	0 	0 	0	0	0	0	0	0	0	0	0	0	1	0	0	0	0	0	0	0	0	0	0	0	0	0	0	0	0	0	0	1	41	1	4	0	0	0	0	0	0	0	0	0	0	0	0	0	0	0	0	0	0	0	0	0	0	0	0	0	1	0	0	0	0	0	0	0	0	0	0	0	0	0	0	0	0	0	0	0	0	0	0	0	0	0 	0 	399	499	0 	0 	0 	0 	0	0	0	0	0	0	0	0	0	0	0	0	0	0	1	0		//		-20	-24			-44	-8.8	-6	92
//	934	0	0	맞춤설계된_고블린_아크블레이드_15등급아이템	30660	0	0	30017	0	1112	1111	3107	39999	0	17	0	17	0	Null	0	Null	0	0	0	0	15	104	4138	1	231000	231000	0	0	1	261	0	0	0	99	0	0	0	0	0	0	0 	0 	424 	509 	0.8 	125 	0 	0 	1 	1 	3 	2.0 	0 	0 	0 	0 	0 	0	0	0	0	0	0	0	0	0	0	1	0	0	0	0	0	0	0	0	0	0	0	0	0	0	0	0	0	0	1	41	1	4	0	0	0	0	0	0	0	0	0	0	0	0	0	0	0	0	0	0	0	0	0	0	0	0	0	1	0	0	0	0	0	0	0	0	0	0	0	0	0	0	0	0	0	0	0	0	0	0	0	0	0 	0 	466	585	0 	0 	0 	0 	0	0	0	0	0	0	0	0	0	0	0	0	0	0	1	0		//		-20	-24			-44	-8.8	-6	99
//		[ID50431~50440]_2012_하트무기																																				0																																	0	0	0	0																																																																																																	//									
	50431	0	0	버서커_하트무기_양손도끼	45553	0	0	30001	46552	7086	7086	25323	39999	0	1	0	1	0	Null	0	Null	0	0	0	0	1	100	15000	1	600	600	0	0	1	4	0	0	0	1	0	0	0	0	0	0	0	0	1	2	0.8 	105 	0	0	1	1	3	1.5	0	0	0	0	0	0	0	0	1	0	0	0	0	0	0	0	0	0	0	0	0	0	0	0	0	0	0	0	0	0	0	0	0	0	1	41	1	3	0	0	0	0	0	0	0	0	0	0	0	0	0	0	0	0	0	0	0	0	0	0	0	0	0	1	0	0	0	0	0	0	0	0	0	0	0	0	0	0	0	0	0	0	0	0	0	0	0	0	0	0	0	0	0	0	0	0	0	0	0	0	0	0	0	0	0	0	0	0	0	0	0	0		//								2	1
	50432	0	0	버서커_하트무기_양손검	45553	0	0	30002	46552	7087	7087	25323	39999	0	2	0	2	0	Null	0	Null	0	0	0	0	1	100	15000	1	600	600	0	0	1	4	0	0	0	1	0	0	0	0	0	0	0	0	1	2	0.8 	115 	0	0	1	1	1	1.8	0	0	0	0	0	0	0	0	1	0	0	0	0	0	0	0	0	0	0	0	0	0	0	0	0	0	0	0	0	0	0	0	0	0	1	41	1	5	0	0	0	0	0	0	0	0	0	0	0	0	0	0	0	0	0	0	0	0	0	0	0	0	0	1	0	0	0	0	0	0	0	0	0	0	0	0	0	0	0	0	0	0	0	0	0	0	0	0	0	0	0	0	0	0	0	0	0	0	0	0	0	0	0	0	0	0	0	0	0	0	0	0		//								2	1
	50433	0	0	드래곤_하트무기_한손검	45553	0	0	30003	46552	7088	7088	25324	39999	0	3	0	3	0	Null	0	Null	0	0	0	0	1	100	15000	1	600	600	0	0	1	4	0	0	0	1	0	0	0	0	0	0	0	0	1	2	0.8 	135 	0	0	1	1	1	1	0	0	0	0	0	0	0	0	0	1	0	0	0	0	0	0	0	0	0	0	0	0	0	0	0	0	0	0	0	0	0	0	0	0	1	41	1	2	0	0	0	0	0	0	0	0	0	0	0	0	0	0	0	0	0	0	0	0	0	0	0	0	0	1	0	0	0	0	0	0	0	0	0	0	0	0	0	0	0	0	0	0	0	0	0	0	0	0	0	0	0	0	0	0	0	0	0	0	0	0	0	0	0	0	0	0	0	0	0	0	0	0		//								2	1
	50434	0	0	드래곤_하트무기_창	45553	0	0	30004	46552	7089	7089	25323	39999	0	4	0	4	0	Null	0	Null	0	0	0	0	1	100	15000	1	600	600	0	0	1	4	0	0	0	1	0	0	0	0	0	0	0	0	1	2	0.8 	120 	0	0	1	1	1	2.5	0	0	0	0	0	0	0	0	0	1	0	0	0	0	0	0	0	0	0	0	0	0	0	0	0	0	0	0	0	0	0	0	0	0	1	41	1	4	0	0	0	0	0	0	0	0	0	0	0	0	0	0	0	0	0	0	0	0	0	0	0	0	0	1	0	0	0	0	0	0	0	0	0	0	0	0	0	0	0	0	0	0	0	0	0	0	0	0	0	0	0	0	0	0	0	0	0	0	0	0	0	0	0	0	0	0	0	0	0	0	0	0		//								2	1
	50435	0	0	섀도우_하트무기_대거	45553	0	0	30005	46552	7090	7090	25324	39999	0	5	0	5	0	Null	0	Null	0	0	0	0	1	100	15000	1	600	600	0	0	1	4	0	0	0	1	0	0	0	0	0	0	0	0	1	2	0.8 	140 	0	0	1	1	1	2.5	0	0	0	0	0	0	0	0	0	0	1	0	0	0	0	0	0	0	0	0	0	0	0	0	0	0	0	0	0	0	0	0	0	0	1	41	1	2	0	0	0	0	0	0	0	0	0	0	0	0	0	0	0	0	0	0	0	0	0	0	0	0	0	1	0	0	0	0	0	0	0	0	0	0	0	0	0	0	0	0	0	0	0	0	0	0	0	0	0	0	0	0	0	0	0	0	0	0	0	0	0	0	0	0	0	0	0	0	0	0	0	0		//								2	1
	50436	0	0	섀도우_하트무기_채찍	45553	0	0	30006	46552	7091	7091	25323	39999	0	6	0	6	0	Null	0	Null	0	0	0	0	1	100	15000	1	600	600	0	0	1	4	0	0	0	1	0	0	0	0	0	0	0	0	1	2	0.8 	125 	0	0	1	1	1	3.5	0	0	0	0	0	0	0	0	0	0	1	0	0	0	0	0	0	0	0	0	0	0	0	0	0	0	0	0	0	0	0	0	0	0	1	41	1	3	0	0	0	0	0	0	0	0	0	0	0	0	0	0	0	0	0	0	0	0	0	0	0	0	0	1	0	0	0	0	0	0	0	0	0	0	0	0	0	0	0	0	0	0	0	0	0	0	0	0	0	0	0	0	0	0	0	0	0	0	0	0	0	0	0	0	0	0	0	0	0	0	0	0		//								2	1
	50437	0	0	발키리_하트무기_한손석궁	45553	0	0	30007	46552	7092	7092	25324	39999	0	7	0	7	0	Null	0	Null	0	0	0	0	1	100	15000	1	600	600	0	0	1	4	0	0	0	1	0	0	0	0	0	0	0	0	1	2	0.8 	150 	0	0	2	2	2	19	0	0	0	0	0	0	0	0	0	0	0	1	0	0	0	0	0	0	0	0	0	0	0	0	0	0	0	0	0	0	0	0	0	0	1	41	1	2	0	0	0	0	0	0	0	0	0	0	0	0	0	0	0	0	0	0	0	0	0	0	0	0	0	1	0	0	0	0	0	0	0	0	0	0	0	0	0	0	0	0	0	0	0	0	0	0	0	0	0	0	0	0	0	0	0	0	0	0	0	0	0	0	0	0	0	0	0	0	0	0	0	0		//								2	1
	50438	0	0	발키리_하트무기_에테르웨폰	45553	0	0	30008	46552	7093	7093	25323	39999	0	8	0	8	0	Null	0	Null	0	0	0	0	1	100	15000	1	600	600	0	0	1	4	0	0	0	1	0	0	0	0	0	0	0	0	1	2	0.8 	105 	0	0	2	2	2	16	0	0	0	0	0	0	0	0	0	0	0	1	0	0	0	0	0	0	0	0	0	0	0	0	0	0	0	0	0	0	0	0	0	0	1	41	1	3	0	0	0	0	0	0	0	0	0	0	0	0	0	0	0	0	0	0	0	0	0	0	0	0	0	1	0	0	0	0	0	0	0	0	0	0	0	0	0	0	0	0	0	0	0	0	0	0	0	0	0	0	0	0	0	0	0	0	0	0	0	0	0	0	0	0	0	0	0	0	0	0	0	0		//								2	1
	50439	0	0	엘리_하트무기_지팡이	45553	0	0	30009	46552	7094	7094	25323	39999	0	10	0	10	0	Null	0	Null	0	0	0	0	1	100	15000	1	600	600	0	0	1	4	0	0	0	1	0	0	0	0	0	0	0	0	1	2	0.8 	95 	0	0	1	1	4	2.5	0	1	2	0	0	0	0	0	0	0	0	0	1	0	0	0	0	0	0	0	0	0	0	0	0	0	0	0	0	0	0	0	0	0	1	41	1	1	0	0	0	0	0	0	0	0	0	0	0	0	0	0	0	0	0	0	0	0	0	0	0	0	0	1	0	0	0	0	0	0	0	0	0	0	0	0	0	0	0	0	0	0	0	0	0	0	0	0	0	0	0	0	0	0	0	0	0	0	0	0	0	0	0	0	0	0	0	0	0	0	0	0		//								2	1
	50440	0	0	엘리_하트무기_오브	45553	0	0	30010	46552	7095	7095	25323	39999	0	11	0	11	0	Null	0	Null	0	0	0	0	1	100	15000	1	600	600	0	0	1	4	0	0	0	1	0	0	0	0	0	0	0	0	1	2	0.8 	100 	0	0	2	2	4	13	0	1	2	0	0	0	0	0	0	0	0	0	1	0	0	0	0	0	1	34	2	-5	0	0	0	0	0	0	0	0	0	0	0	0	1	41	1	1	0	0	0	0	0	0	0	0	0	0	0	0	0	0	0	0	0	0	0	0	0	0	0	0	0	1	0	0	0	0	0	0	0	0	0	0	0	0	0	0	0	0	0	0	0	0	0	0	0	0	0	0	0	0	0	0	0	0	0	0	0	0	0	0	0	0	0	0	0	0	0	0	0	0		//								2	1
//		[ID50463~50472]_일본1202_점핑이벤트지급용무기																																																																					0	0	0	0																																																																																																	//									
	50463	1	2	점핑이벤트무기_양손도끼	47699	1	FFA800	30001	48699	20	20	2020	39999	0	1	0	1	0	Null	0	Null	0	2	0	0	33	65	661230	1	149000	149000	0	0	1	293	121	0	1	80	0	0	0	0	0	0	0	0	0	0	0.8 	105 	0	0	1	1	3	1.5	0	0	0	0	0	0	0	0	1	0	0	0	0	0	0	0	0	0	1	42	1	1000	1	30	1	500	1	75	2	-25	1	62	1	-3	1	41	1	3	0	0	0	0	0	0	0	0	0	0	0	0	0	0	0	0	0	0	0	0	0	0	0	0	0	1	0	0	0	0	0	0	0	0	0	0	0	0	0	0	0	0	0	0	0	0	0	0	0	0	0	0	0	0	0	0	0	0	0	0	0	0	0	0	0	0	551	746	0	0	0	0	0	0		//									
	50464	1	2	점핑이벤트무기_양손검	47699	1	FFA800	30002	48699	120	120	2120	39999	0	2	0	2	0	Null	0	Null	0	2	0	0	33	65	395280	1	149000	149000	0	0	1	293	121	0	1	80	0	0	0	0	0	0	0	0	0	0	0.8 	115 	0	0	1	1	1	1.8	0	0	0	0	0	0	0	0	1	0	0	0	0	0	0	0	0	0	1	42	1	1000	1	30	1	500	1	75	2	-25	1	62	1	-3	1	41	1	5	0	0	0	0	0	0	0	0	0	0	0	0	0	0	0	0	0	0	0	0	0	0	0	0	0	1	0	0	0	0	0	0	0	0	0	0	0	0	0	0	0	0	0	0	0	0	0	0	0	0	0	0	0	0	0	0	0	0	0	0	0	0	0	0	0	0	596	729	0	0	0	0	0	0		//									
	50465	1	2	점핑이벤트무기_한손검	47699	1	FFA800	30003	48699	221	221	2220	39999	0	3	0	3	0	Null	0	Null	0	2	0	0	33	65	312780	1	149000	149000	0	0	1	293	121	0	1	80	0	0	0	0	0	0	0	0	0	0	0.8 	135 	0	0	1	1	1	1	0	0	0	0	0	0	0	0	0	1	0	0	0	0	0	0	0	0	1	42	1	1000	1	30	1	500	1	75	2	-25	1	62	1	-3	1	41	1	2	0	0	0	0	0	0	0	0	0	0	0	0	0	0	0	0	0	0	0	0	0	0	0	0	0	1	0	0	0	0	0	0	0	0	0	0	0	0	0	0	0	0	0	0	0	0	0	0	0	0	0	0	0	0	0	0	0	0	0	0	0	0	0	0	0	0	433	478	0	0	0	0	0	0		//									
	50466	1	2	점핑이벤트무기_창	47699	1	FFA800	30004	48699	320	320	2320	39999	0	4	0	4	0	Null	0	Null	0	2	0	0	33	65	419220	1	149000	149000	0	0	1	293	121	0	1	80	0	0	0	0	0	0	0	0	0	0	0.8 	120 	0	0	1	1	1	2.5	0	0	0	0	0	0	0	0	0	1	0	0	0	0	0	0	0	0	1	42	1	1000	1	30	1	500	1	75	2	-25	1	62	1	-3	1	41	1	4	0	0	0	0	0	0	0	0	0	0	0	0	0	0	0	0	0	0	0	0	0	0	0	0	0	1	0	0	0	0	0	0	0	0	0	0	0	0	0	0	0	0	0	0	0	0	0	0	0	0	0	0	0	0	0	0	0	0	0	0	0	0	0	0	0	0	477	560	0	0	0	0	0	0		//									
	50467	1	2	점핑이벤트무기_한손석궁	47699	1	FFA800	30007	48699	620	620	2620	39999	0	7	0	7	0	Null	0	Null	0	2	0	0	33	65	213120	1	149000	149000	0	0	1	293	121	0	1	80	0	0	0	0	0	0	0	0	0	0	0.8 	150 	0	0	2	2	2	19	0	0	0	0	0	0	0	0	0	0	0	1	0	0	0	0	0	0	1	42	1	1000	1	30	1	500	1	75	2	-25	1	62	1	-3	1	41	1	2	0	0	0	0	0	0	0	0	0	0	0	0	0	0	0	0	0	0	0	0	0	0	0	0	0	1	0	0	0	0	0	0	0	0	0	0	0	0	0	0	0	0	0	0	0	0	0	0	0	0	0	0	0	0	0	0	0	0	0	0	0	0	0	0	0	0	350	403	0	0	0	0	0	0		//									
	50468	1	2	점핑이벤트무기_웨폰	47699	1	FFA800	30008	48699	720	720	2720	39999	0	8	0	8	0	Null	0	Null	0	2	0	0	33	65	346950	1	149000	149000	0	0	1	293	121	0	1	80	0	0	0	0	0	0	0	0	0	0	0.8 	105 	0	0	2	2	2	16	0	0	0	0	0	0	0	0	0	0	0	1	0	0	0	0	0	0	1	42	1	1000	1	30	1	500	1	75	2	-25	1	62	1	-3	1	41	1	3	0	0	0	0	0	0	0	0	0	0	0	0	0	0	0	0	0	0	0	0	0	0	0	0	0	1	0	0	0	0	0	0	0	0	0	0	0	0	0	0	0	0	0	0	0	0	0	0	0	0	0	0	0	0	0	0	0	0	0	0	0	0	0	0	0	0	423	562	0	0	0	0	0	0		//									
	50469	1	2	점핑이벤트무기_지팡이	47699	1	FFA800	30009	48699	820	820	2820	39999	0	10	0	10	0	Null	0	Null	0	2	0	0	33	65	641580	1	149000	149000	0	0	1	293	121	0	1	80	0	0	0	0	0	0	0	0	0	0	0.8 	95 	0	0	1	1	4	2.5	0	0	0	0	0	0	0	0	0	0	0	0	1	0	0	0	0	0	1	42	1	1000	1	30	1	500	1	75	2	-25	1	62	1	-3	1	41	1	1	0	0	0	0	0	0	0	0	0	0	0	0	0	0	0	0	0	0	0	0	0	0	0	0	0	1	0	0	0	0	0	0	0	0	0	0	0	0	0	0	0	0	0	0	0	0	0	0	0	0	0	0	0	0	0	0	0	0	0	0	0	0	0	0	0	0	660	687	0	0	0	0	0	0		//									
	50470	1	2	점핑이벤트무기_오브	47699	1	FFA800	30010	48699	920	920	2920	39999	0	11	0	11	0	Null	0	Null	0	2	0	0	33	65	522330	1	149000	149000	0	0	1	293	121	0	1	80	0	0	0	0	0	0	0	0	0	0	0.8 	100 	0	0	2	2	4	13	0	0	0	0	0	0	0	0	0	0	0	0	1	0	0	0	0	0	1	42	1	1000	1	30	1	500	1	75	2	-25	1	62	1	-3	1	41	1	1	0	0	0	0	0	0	0	0	0	0	0	0	0	0	0	0	0	0	0	0	0	0	0	0	0	1	0	0	0	0	0	0	0	0	0	0	0	0	0	0	0	0	0	0	0	0	0	0	0	0	0	0	0	0	0	0	0	0	0	0	0	0	0	0	0	0	530	547	0	0	0	0	0	0		//									
	50471	1	2	점핑이벤트무기_대거	47699	1	FFA800	31156	48699	420	420	2420	39999	0	5	0	5	0	Null	0	Null	0	2	0	0	33	65	312780	1	149000	149000	0	0	1	293	121	0	1	80	0	0	0	0	0	0	0	0	0	0	0.8 	140 	0	0	1	1	1	2.5	0	0	0	0	0	0	0	0	0	0	1	0	0	0	0	0	0	0	1	42	1	1000	1	30	1	500	1	75	2	-25	1	62	1	-3	1	41	1	2	0	0	0	0	0	0	0	0	0	0	0	0	0	0	0	0	0	0	0	0	0	0	0	0	0	1	0	0	0	0	0	0	0	0	0	0	0	0	0	0	0	0	0	0	0	0	0	0	0	0	0	0	0	0	0	0	0	0	0	0	0	0	0	0	0	0	449	486	0	0	0	0	0	0		//									
	50472	1	2	점핑이벤트무기_채찍검	47699	1	FFA800	31157	48699	520	520	2520	39999	0	6	0	6	0	Null	0	Null	0	2	0	0	33	65	419220	1	149000	149000	0	0	1	293	121	0	1	80	0	0	0	0	0	0	0	0	0	0	0.8 	125 	0	0	1	1	1	3.5	0	0	0	0	0	0	0	0	0	0	1	0	0	0	0	0	0	0	1	42	1	1000	1	30	1	500	1	75	2	-25	1	62	1	-3	1	41	1	3	0	0	0	0	0	0	0	0	0	0	0	0	0	0	0	0	0	0	0	0	0	0	0	0	0	1	0	0	0	0	0	0	0	0	0	0	0	0	0	0	0	0	0	0	0	0	0	0	0	0	0	0	0	0	0	0	0	0	0	0	0	0	0	0	0	0	468	561	0	0	0	0	0	0		//									
//		[ID50473~50492]_중국_특성화무기																																																																					0	0	0	0																																																																																																	//									
	50473	0	0	버서커_도끼_일본식	43057	1	FFFF00	30001	0	85875	85875	85895	39918	0	1	0	1	0	Null	0	Null	0	4	0	0	18	82	4610	1	40000	40000	1	1	1	261	121	1	0	68	0	0	0	0	0	0	0	0	353	497	0.8 	105 	0	0	1	1	3	1.5	0	0	0	0	0	0	0	0	1	0	0	0	0	0	0	0	0	0	1	30	1	500	0	0	0	0	0	0	0	0	0	0	0	0	1	41	1	3	0	0	0	0	0	0	0	0	0	0	0	0	0	0	0	0	0	0	0	0	0	0	0	0	0	1	0	0	0	0	0	0	0	0	0	0	0	0	0	0	0	0	0	0	0	0	0	0	0	0	0	0	0	0	0	0	0	0	0	0	0	0	0	0	0	0	0	0	0	0	0	0	0	0		//	-26		-27			-53	-10.6	-8	68
	50474	0	0	버서커_양손검_일본식	43058	1	FFFF00	30002	0	85876	85876	85896	39918	0	2	0	2	0	Null	0	Null	0	4	0	0	18	82	4306	1	40000	40000	1	1	1	261	121	1	0	68	0	0	0	0	0	0	0	0	379	486	0.8 	115 	0	0	1	1	1	1.8	0	0	0	0	0	0	0	0	1	0	0	0	0	0	0	0	0	0	1	30	1	500	0	0	0	0	0	0	0	0	0	0	0	0	1	41	1	5	0	0	0	0	0	0	0	0	0	0	0	0	0	0	0	0	0	0	0	0	0	0	0	0	0	1	0	0	0	0	0	0	0	0	0	0	0	0	0	0	0	0	0	0	0	0	0	0	0	0	0	0	0	0	0	0	0	0	0	0	0	0	0	0	0	0	0	0	0	0	0	0	0	0		//	-26		-27			-53	-10.6	-8	68
	50477	0	0	드래곤나이트_한손검_일본식	43061	1	FFFF00	30003	0	85879	85879	85899	39918	0	3	0	3	0	Null	0	Null	0	4	0	0	18	72	7066	1	40000	40000	1	1	1	261	121	1	0	68	0	0	0	0	0	0	0	0	283	323	0.8 	135 	0	0	1	1	1	1	0	0	0	0	0	0	0	0	0	1	0	0	0	0	0	0	0	0	1	30	1	500	0	0	0	0	0	0	0	0	0	0	0	0	1	41	1	2	0	0	0	0	0	0	0	0	0	0	0	0	0	0	0	0	0	0	0	0	0	0	0	0	0	1	0	0	0	0	0	0	0	0	0	0	0	0	0	0	0	0	0	0	0	0	0	0	0	0	0	0	0	0	0	0	0	0	0	0	0	0	0	0	0	0	0	0	0	0	0	0	0	0		//	-22	-20				-42	-8.4	-6	68
	50478	0	0	드래곤나이트_창_일본식	43062	1	FFFF00	30004	0	85880	85880	85900	39918	0	4	0	4	0	Null	0	Null	0	4	0	0	18	72	6060	1	40000	40000	1	1	1	261	121	1	0	68	0	0	0	0	0	0	0	0	309	374	0.8 	120 	0	0	1	1	1	2.5	0	0	0	0	0	0	0	0	0	1	0	0	0	0	0	0	0	0	1	30	1	500	0	0	0	0	0	0	0	0	0	0	0	0	1	41	1	4	0	0	0	0	0	0	0	0	0	0	0	0	0	0	0	0	0	0	0	0	0	0	0	0	0	1	0	0	0	0	0	0	0	0	0	0	0	0	0	0	0	0	0	0	0	0	0	0	0	0	0	0	0	0	0	0	0	0	0	0	0	0	0	0	0	0	0	0	0	0	0	0	0	0		//	-22	-20				-42	-8.4	-6	68
	50481	0	0	엘리멘탈리스트_지팡이_일본식	43065	1	FFFF00	30009	0	85883	85883	85903	39918	0	10	0	10	0	Null	0	Null	0	4	0	0	18	42	8916	1	40000	40000	1	1	1	261	121	1	0	68	0	0	0	0	0	0	0	0	416	451	0.8 	95 	0	0	1	1	4	2.5	0	0	0	0	0	0	0	0	0	0	0	0	1	0	0	0	0	0	1	30	1	500	0	0	0	0	0	0	0	0	0	0	0	0	1	41	1	1	0	0	0	0	0	0	0	0	0	0	0	0	0	0	0	0	0	0	0	0	0	0	0	0	0	1	0	0	0	0	0	0	0	0	0	0	0	0	0	0	0	0	0	0	0	0	0	0	0	0	0	0	0	0	0	0	0	0	0	0	0	0	0	0	0	0	0	0	0	0	0	0	0	0		//				-25	-22	-47	-9.4	-7	68
	50482	0	0	엘리멘탈리스트_오브_일본식	43066	1	FFFF00	30010	0	85884	85884	85904	39918	0	11	0	11	0	Null	0	Null	0	4	0	0	18	42	8658	1	40000	40000	1	1	1	261	121	1	0	68	0	0	0	0	0	0	0	0	340	365	0.8 	100 	0	0	2	2	4	13	0	0	0	0	0	0	0	0	0	0	0	0	1	0	0	0	0	0	1	30	1	500	1	34	2	-5	0	0	0	0	0	0	0	0	1	41	1	1	0	0	0	0	0	0	0	0	0	0	0	0	0	0	0	0	0	0	0	0	0	0	0	0	0	1	0	0	0	0	0	0	0	0	0	0	0	0	0	0	0	0	0	0	0	0	0	0	0	0	0	0	0	0	0	0	0	0	0	0	0	0	0	0	0	0	0	0	0	0	0	0	0	0		//				-25	-22	-47	-9.4	-7	68
	50485	0	0	발키리_한손석궁_일본식	43069	1	FFFF00	30007	0	85887	85887	85907	39918	0	7	0	7	0	Null	0	Null	0	4	0	0	18	64	6576	1	40000	40000	1	1	1	261	121	1	0	68	0	0	0	0	0	0	0	0	235	277	0.8 	150 	0	0	2	2	2	19	0	0	0	0	0	0	0	0	0	0	0	1	0	0	0	0	0	0	1	30	1	500	0	0	0	0	0	0	0	0	0	0	0	0	1	41	1	2	0	0	0	0	0	0	0	0	0	0	0	0	0	0	0	0	0	0	0	0	0	0	0	0	0	1	0	0	0	0	0	0	0	0	0	0	0	0	0	0	0	0	0	0	0	0	0	0	0	0	0	0	0	0	0	0	0	0	0	0	0	0	0	0	0	0	0	0	0	0	0	0	0	0		//	-16	-23				-39	-7.8	-5	68
	50486	0	0	발키리_에테르웨폰_일본식	43070	1	FFFF00	30008	0	85888	85888	85908	39918	0	8	0	8	0	Null	0	Null	0	4	0	0	18	64	4212	1	40000	40000	1	1	1	261	121	1	0	68	0	0	0	0	0	0	0	0	279	374	0.8 	105 	0	0	2	2	2	16	0	0	0	0	0	0	0	0	0	0	0	1	0	0	0	0	0	0	1	30	1	500	0	0	0	0	0	0	0	0	0	0	0	0	1	41	1	3	0	0	0	0	0	0	0	0	0	0	0	0	0	0	0	0	0	0	0	0	0	0	0	0	0	1	0	0	0	0	0	0	0	0	0	0	0	0	0	0	0	0	0	0	0	0	0	0	0	0	0	0	0	0	0	0	0	0	0	0	0	0	0	0	0	0	0	0	0	0	0	0	0	0		//	-16	-23				-39	-7.8	-5	68
	50489	0	0	섀도우_대거_일본식	43073	1	FFFF00	31156	0	85891	85891	85911	39918	0	5	0	5	0	Null	0	Null	0	4	0	0	18	71	6482	1	40000	40000	1	1	1	261	121	1	0	68	0	0	0	0	0	0	0	0	294	329	0.8 	140 	0	0	1	1	1	2.5	0	0	0	0	0	0	0	0	0	0	1	0	0	0	0	0	0	0	1	30	1	500	0	0	0	0	0	0	0	0	0	0	0	0	1	41	1	2	0	0	0	0	0	0	0	0	0	0	0	0	0	0	0	0	0	0	0	0	0	0	0	0	0	1	0	0	0	0	0	0	0	0	0	0	0	0	0	0	0	0	0	0	0	0	0	0	0	0	0	0	0	0	0	0	0	0	0	0	0	0	0	0	0	0	0	0	0	0	0	0	0	0		//	-19			-18		-37	-7.4	-5	68
	50490	0	0	섀도우_채찍검_일본식	43074	1	FFFF00	31157	0	85892	85892	85912	39918	0	6	0	6	0	Null	0	Null	0	4	0	0	18	71	7066	1	40000	40000	1	1	1	261	121	1	0	68	0	0	0	0	0	0	0	0	304	373	0.8 	125 	0	0	1	1	1	3.5	0	0	0	0	0	0	0	0	0	0	1	0	0	0	0	0	0	0	1	30	1	500	0	0	0	0	0	0	0	0	0	0	0	0	1	41	1	3	0	0	0	0	0	0	0	0	0	0	0	0	0	0	0	0	0	0	0	0	0	0	0	0	0	1	0	0	0	0	0	0	0	0	0	0	0	0	0	0	0	0	0	0	0	0	0	0	0	0	0	0	0	0	0	0	0	0	0	0	0	0	0	0	0	0	0	0	0	0	0	0	0	0		//	-19			-18		-37	-7.4	-5	68
	50604	0	0	미스틱_건틀렛_일본식	43164	1	FFFF00	30011	0	0	86063	86067	39918	0	14	0	14	0	Null	0	Null	0	4	0	0	18	82	4610	1	40000	40000	1	1	1	261	121	1	0	64	0	0	0	0	0	0	0	0	286	330.05	0.8 	135 	0	0	1	1	3	1	0	0	0	0	0	0	0	0	0	0	0	0	0	1	0	0	0	0	1	30	1	500	0	0	0	0	0	0	0	0	0	0	0	0	1	41	1	2	0	0	0	0	0	0	0	0	0	0	0	0	0	0	0	0	0	0	0	0	0	0	0	0	0	1	0	0	0	0	0	0	0	0	0	0	0	0	0	0	0	0	0	0	0	0	0	0	0	0	0	0	0	0	0	0	0	0	0	0	0	0	0	0	0	0	0	0	0	0	0	0	0	0		//		-21		-19		-40	-8	-6	64
	50605	0	0	미스틱_에테르사이드_일본식	43165	1	FFFF00	30012	0	0	86065	86069	39918	0	15	0	15	0	Null	0	Null	0	4	0	0	18	82	4306	1	40000	40000	1	1	1	261	121	1	0	64	0	0	0	0	0	0	0	0	272.8	385.25	0.8 	120 	0	0	1	1	1	2	0	0	0	0	0	0	0	0	0	0	0	0	0	1	0	0	0	0	1	30	1	500	0	0	0	0	0	0	0	0	0	0	0	0	1	41	1	3	0	0	0	0	0	0	0	0	0	0	0	0	0	0	0	0	0	0	0	0	0	0	0	0	0	1	0	0	0	0	0	0	0	0	0	0	0	0	0	0	0	0	0	0	0	0	0	0	0	0	0	0	0	0	0	0	0	0	0	0	0	0	0	0	0	0	0	0	0	0	0	0	0	0		//		-21		-19		-40	-8	-6	64
	50606	0	0	헬로이드_에테르블래스터_일본식	43168	1	FFFF00	30013	0	86071	0	86073	39918	0	16	0	16	0	Null	0	Null	0	4	0	0	18	82	4610	1	40000	40000	1	1	1	261	121	1	0	64	0	0	0	0	0	0	0	0	302.5	386.4	0.8 	115 	0	0	1	1	3	1.5	0	0	0	0	0	0	0	0	0	0	0	0	0	0	1	0	0	0	1	30	1	500	0	0	0	0	0	0	0	0	0	0	0	0	1	41	1	4	0	0	0	0	0	0	0	0	0	0	0	0	0	0	0	0	0	0	0	0	0	0	0	0	0	1	0	0	0	0	0	0	0	0	0	0	0	0	0	0	0	0	0	0	0	0	0	0	0	0	0	0	0	0	0	0	0	0	0	0	0	0	0	0	0	0	0	0	0	0	0	0	0	0		//			-27		-20	-47	-9.4	-7	64
	50607	0	0	위치블레이드_아크블레이드_일본식	43225	1	FFFF00	30017	0	86123	86122	86126	39999	0	17	0	17	0	Null	0	Null	0	4	0	0	18	82	4610	1	40000	40000	1	1	1	261	121	1	0	71	0	0	0	0	0	0	0	0	264	317	0.8 	125 	0	0	1	1	3	2	0	0	0	0	0	0	0	0	0	0	0	0	0	0	0	1	0	0	1	30	1	500	0	0	0	0	0	0	0	0	0	0	0	0	1	41	1	4	0	0	0	0	0	0	0	0	0	0	0	0	0	0	0	0	0	0	0	0	0	0	0	0	0	1	0	0	0	0	0	0	0	0	0	0	0	0	0	0	0	0	0	0	0	0	0	0	0	0	0	0	0	0	0	0	0	0	0	0	0	0	0	0	0	0	0	0	0	0	0	0	0	0		//		-20	-24			-44	-8.8	-6	71
	50475	0	0	버서커_도끼_중국식	43059	1	69DDA0	30001	43137	85877	85877	85897	39918	0	1	0	1	0	Null	0	Null	0	1	0	0	27	116	619950	1	78884	78884	1	0	1	2	121	0	0	106	0	0	0	0	0	0	0	0	0	0	0.8 	105 	0	0	1	1	3	1.5	0	0	0	0	0	0	0	0	1	0	0	0	0	0	0	0	0	0	1	42	1	3000	1	30	1	1700	1	75	2	-25	1	44	5	5	1	41	1	3	0	0	0	0	0	0	0	0	0	0	0	0	0	0	0	0	0	0	0	0	0	0	0	0	0	1	0	0	0	0	0	0	0	0	0	0	0	0	0	0	0	0	0	0	0	0	0	0	0	0	0	0	0	0	0	0	0	0	0	0	711	1005	0	0	0	0	0	0	0	0	0	0	0	0		//	-26		-27			-53	-10.6	-8	106
	50476	0	0	버서커_양손검_중국식	43060	1	69DDA0	30002	43137	85878	85878	85898	39918	0	2	0	2	0	Null	0	Null	0	1	0	0	27	116	400020	1	78884	78884	1	0	1	2	121	0	0	106	0	0	0	0	0	0	0	0	0	0	0.8 	115 	0	0	1	1	1	1.8	0	0	0	0	0	0	0	0	1	0	0	0	0	0	0	0	0	0	1	42	1	3000	1	30	1	1700	1	75	2	-25	1	44	5	5	1	41	1	5	0	0	0	0	0	0	0	0	0	0	0	0	0	0	0	0	0	0	0	0	0	0	0	0	0	1	0	0	0	0	0	0	0	0	0	0	0	0	0	0	0	0	0	0	0	0	0	0	0	0	0	0	0	0	0	0	0	0	0	0	767	980	0	0	0	0	0	0	0	0	0	0	0	0		//	-26		-27			-53	-10.6	-8	106
	50479	0	0	드래곤나이트_한손검_중국식	43063	1	69DDA0	30003	43137	85881	85881	85901	39918	0	3	0	3	0	Null	0	Null	0	1	0	0	27	104	182520	1	78884	78884	1	0	1	2	121	0	0	106	0	0	0	0	0	0	0	0	0	0	0.8 	135 	0	0	1	1	1	1	0	0	0	0	0	0	0	0	0	1	0	0	0	0	0	0	0	0	1	42	1	3000	1	30	1	1700	1	75	2	-25	1	44	5	5	1	41	1	2	0	0	0	0	0	0	0	0	0	0	0	0	0	0	0	0	0	0	0	0	0	0	0	0	0	1	0	0	0	0	0	0	0	0	0	0	0	0	0	0	0	0	0	0	0	0	0	0	0	0	0	0	0	0	0	0	0	0	0	0	558	644	0	0	0	0	0	0	0	0	0	0	0	0		//	-22	-20				-42	-8.4	-6	106
	50480	0	0	드래곤나이트_창_중국식	43064	1	69DDA0	30004	43137	85882	85882	85902	39918	0	4	0	4	0	Null	0	Null	0	1	0	0	27	104	281730	1	78884	78884	1	0	1	2	121	0	0	106	0	0	0	0	0	0	0	0	0	0	0.8 	120 	0	0	1	1	1	2.5	0	0	0	0	0	0	0	0	0	1	0	0	0	0	0	0	0	0	1	42	1	3000	1	30	1	1700	1	75	2	-25	1	44	5	5	1	41	1	4	0	0	0	0	0	0	0	0	0	0	0	0	0	0	0	0	0	0	0	0	0	0	0	0	0	1	0	0	0	0	0	0	0	0	0	0	0	0	0	0	0	0	0	0	0	0	0	0	0	0	0	0	0	0	0	0	0	0	0	0	614	753	0	0	0	0	0	0	0	0	0	0	0	0		//	-22	-20				-42	-8.4	-6	106
	50483	0	0	엘리멘탈리스트_지팡이_중국식	43067	1	69DDA0	30009	43137	85885	85885	85905	39918	0	10	0	10	0	Null	0	Null	0	1	0	0	27	83	408600	1	78884	78884	1	0	1	2	121	0	0	106	0	0	0	0	0	0	0	0	0	0	0.8 	95 	0	0	1	1	4	2.5	0	0	0	0	0	0	0	0	0	0	0	0	1	0	0	0	0	0	1	42	1	3000	1	30	1	1700	1	75	2	-25	1	44	5	5	1	41	1	1	0	0	0	0	0	0	0	0	0	0	0	0	0	0	0	0	0	0	0	0	0	0	0	0	0	1	0	0	0	0	0	0	0	0	0	0	0	0	0	0	0	0	0	0	0	0	0	0	0	0	0	0	0	0	0	0	0	0	0	0	849	923	0	0	0	0	0	0	0	0	0	0	0	0		//				-25	-22	-47	-9.4	-7	106
	50484	0	0	엘리멘탈리스트_오브_중국식	43068	1	69DDA0	30010	43137	85886	85886	85906	39918	0	11	0	11	0	Null	0	Null	0	1	0	0	27	83	343080	1	78884	78884	1	0	1	2	121	0	0	106	0	0	0	0	0	0	0	0	0	0	0.8 	100 	0	0	2	2	4	13	0	0	0	0	0	0	0	0	0	0	0	0	1	0	0	0	0	0	1	42	1	3000	1	30	1	1700	1	75	2	-25	1	34	2	-10	1	41	1	1	0	0	0	0	0	0	0	0	0	0	0	0	0	0	0	0	0	0	0	0	0	0	0	0	0	1	0	0	0	0	0	0	0	0	0	0	0	0	0	0	0	0	0	0	0	0	0	0	0	0	0	0	0	0	0	0	0	0	0	0	682	735	0	0	0	0	0	0	0	0	0	0	0	0		//				-25	-22	-47	-9.4	-7	106
	50487	0	0	발키리_한손석궁_중국식	43071	1	69DDA0	30007	43137	85889	85889	85909	39918	0	7	0	7	0	Null	0	Null	0	1	0	0	27	93	219630	1	78884	78884	1	0	1	2	121	0	0	106	0	0	0	0	0	0	0	0	0	0	0.8 	150 	0	0	2	2	2	19	0	0	0	0	0	0	0	0	0	0	0	1	0	0	0	0	0	0	1	42	1	3000	1	30	1	1700	1	75	2	-25	1	44	5	5	1	41	1	2	0	0	0	0	0	0	0	0	0	0	0	0	0	0	0	0	0	0	0	0	0	0	0	0	0	1	0	0	0	0	0	0	0	0	0	0	0	0	0	0	0	0	0	0	0	0	0	0	0	0	0	0	0	0	0	0	0	0	0	0	451	542	0	0	0	0	0	0	0	0	0	0	0	0		//	-16	-23				-39	-7.8	-5	106
	50488	0	0	발키리_에테르웨폰_중국식	43072	1	69DDA0	30008	43137	85890	85890	85910	39918	0	8	0	8	0	Null	0	Null	0	1	0	0	27	93	543750	1	78884	78884	1	0	1	2	121	0	0	106	0	0	0	0	0	0	0	0	0	0	0.8 	105 	0	0	2	2	2	16	0	0	0	0	0	0	0	0	0	0	0	1	0	0	0	0	0	0	1	42	1	3000	1	30	1	1700	1	75	2	-25	1	44	5	5	1	41	1	3	0	0	0	0	0	0	0	0	0	0	0	0	0	0	0	0	0	0	0	0	0	0	0	0	0	1	0	0	0	0	0	0	0	0	0	0	0	0	0	0	0	0	0	0	0	0	0	0	0	0	0	0	0	0	0	0	0	0	0	0	546	756	0	0	0	0	0	0	0	0	0	0	0	0		//	-16	-23				-39	-7.8	-5	106
	50491	0	0	섀도우_대거_중국식	43075	1	69DDA0	31156	43137	85893	85893	85913	39918	0	5	0	5	0	Null	0	Null	0	1	0	0	27	103	182520	1	78884	78884	1	0	1	2	121	0	0	106	0	0	0	0	0	0	0	0	0	0	0.8 	140 	0	0	1	1	1	2.5	0	0	0	0	0	0	0	0	0	0	1	0	0	0	0	0	0	0	1	42	1	3000	1	30	1	1700	1	75	2	-25	1	44	5	5	1	41	1	2	0	0	0	0	0	0	0	0	0	0	0	0	0	0	0	0	0	0	0	0	0	0	0	0	0	1	0	0	0	0	0	0	0	0	0	0	0	0	0	0	0	0	0	0	0	0	0	0	0	0	0	0	0	0	0	0	0	0	0	0	579	654	0	0	0	0	0	0	0	0	0	0	0	0		//	-19			-18		-37	-7.4	-5	106
	50492	0	0	섀도우_채찍검_중국식	43076	1	69DDA0	31157	43137	85894	85894	85914	39918	0	6	0	6	0	Null	0	Null	0	1	0	0	27	103	281730	1	78884	78884	1	0	1	2	121	0	0	106	0	0	0	0	0	0	0	0	0	0	0.8 	125 	0	0	1	1	1	3.5	0	0	0	0	0	0	0	0	0	0	1	0	0	0	0	0	0	0	1	42	1	3000	1	30	1	1700	1	75	2	-25	1	44	5	5	1	41	1	3	0	0	0	0	0	0	0	0	0	0	0	0	0	0	0	0	0	0	0	0	0	0	0	0	0	1	0	0	0	0	0	0	0	0	0	0	0	0	0	0	0	0	0	0	0	0	0	0	0	0	0	0	0	0	0	0	0	0	0	0	602	754	0	0	0	0	0	0	0	0	0	0	0	0		//	-19			-18		-37	-7.4	-5	106
	50596	0	0	미스틱_건틀렛_중국식	43134	1	69DDA0	30011	43137	86064	86064	86068	39918	0	14	0	14	0	Null	0	Null	0	1	0	0	27	104	619950	1	78884	78884	1	0	1	2	121	0	0	106	0	0	0	0	0	0	0	0	0	0	0.8 	135 	0	0	1	1	3	1	0	0	0	0	0	0	0	0	0	0	0	0	0	1	0	0	0	0	1	42	1	3000	1	30	1	1700	1	75	2	-25	1	44	5	5	1	41	1	2	0	0	0	0	0	0	0	0	0	0	0	0	0	0	0	0	0	0	0	0	0	0	0	0	0	1	0	0	0	0	0	0	0	0	0	0	0	0	0	0	0	0	0	0	0	0	0	0	0	0	0	0	0	0	0	0	0	0	0	0	628.1	726.8	0	0	0	0	0	0	0	0	0	0	0	0		//		-21		-19		-40	-8	-6	106
	50597	0	0	미스틱_에테르사이드_중국식	43135	1	69DDA0	30012	43137	86066	86066	86070	39918	0	15	0	15	0	Null	0	Null	0	1	0	0	27	104	400020	1	78884	78884	1	0	1	2	121	0	0	106	0	0	0	0	0	0	0	0	0	0	0.8 	120 	0	0	1	1	1	2	0	0	0	0	0	0	0	0	0	0	0	0	0	1	0	0	0	0	1	42	1	3000	1	30	1	1700	1	75	2	-25	1	44	5	5	1	41	1	3	0	0	0	0	0	0	0	0	0	0	0	0	0	0	0	0	0	0	0	0	0	0	0	0	0	1	0	0	0	0	0	0	0	0	0	0	0	0	0	0	0	0	0	0	0	0	0	0	0	0	0	0	0	0	0	0	0	0	0	0	598.4	847.55	0	0	0	0	0	0	0	0	0	0	0	0		//		-21		-19		-40	-8	-6	106
	50598	0	0	헬로이드_에테르블래스터_중국식	43136	1	69DDA0	30013	43137	86072	86072	86074	39918	0	16	0	16	0	Null	0	Null	0	1	0	0	27	115	619950	1	78884	78884	1	0	1	2	121	0	0	106	0	0	0	0	0	0	0	0	0	0	0.8 	115 	0	0	1	1	3	1.5	0	0	0	0	0	0	0	0	0	0	0	0	0	0	1	0	0	0	1	42	1	3000	1	30	1	1700	1	75	2	-25	1	44	5	5	1	41	1	4	0	0	0	0	0	0	0	0	0	0	0	0	0	0	0	0	0	0	0	0	0	0	0	0	0	1	0	0	0	0	0	0	0	0	0	0	0	0	0	0	0	0	0	0	0	0	0	0	0	0	0	0	0	0	0	0	0	0	0	0	664.4	849.85	0	0	0	0	0	0	0	0	0	0	0	0		//			-27		-20	-47	-9.4	-7	106
	50602	0	0	위치블레이드_아크블레이드_중국식	43226	1	69DDA0	30017	43137	86125	86124	86127	39999	0	17	0	17	0	Null	0	Null	0	1	0	0	27	109	619950	1	78884	78884	1	0	1	2	121	0	0	106	0	0	0	0	0	0	0	0	0 	0 	0.8 	125 	0	0	1	1	3	2	0	0	0	0	0	0	0	0	0	0	0	0	0	0	0	1	0	0	1	42	1	3000	1	30	1	1700	1	75	2	-25	1	44	5	5	1	41	1	4	0	0	0	0	0	0	0	0	0	0	0	0	0	0	0	0	0	0	0	0	0	0	0	0	0	1	0	0	0	0	0	0	0	0	0	0	0	0	0	0	0	0	0	0	0	0	0	0	0	0	0	0	0	0	0	0	0	0	0	0	546	684	0	0	0	0	0	0	0	0	0	0	0	0		//		-20	-24			-44	-8.8	-6	106
//		[ID50493~50496]_미스틱_이벤트무기																																																																					0	0	0	0																																																																																																	//									
	50493	0	0	미스틱_하트무기_건틀렛	45553	0	0	30011	46552	7121	7121	25323	39999	0	14	0	14	0	Null	0	Null	0	0	0	0	1	100	15000	1	600	600	0	0	1	4	0	0	0	1	0	0	0	0	0	0	0	0	1	2	0.8 	135 	0	0	1	1	3	1	0	0	0	0	0	0	0	0	0	0	0	0	0	1	0	0	0	0	0	0	0	0	0	0	0	0	0	0	0	0	0	0	0	0	1	41	1	2	0	0	0	0	0	0	0	0	0	0	0	0	0	0	0	0	0	0	0	0	0	0	0	0	0	1	0	0	0	0	0	0	0	0	0	0	0	0	0	0	0	0	0	0	0	0	0	0	0	0	0	0	0	0	0	0	0	0	0	0	0	0	0	0	0	0	0	0	0	0	0	0	0	0		//								2	1
	50494	0	0	미스틱_하트무기_에테르사이드	45553	0	0	30012	46552	7122	7122	25323	39999	0	15	0	15	0	Null	0	Null	0	0	0	0	1	100	15000	1	600	600	0	0	1	4	0	0	0	1	0	0	0	0	0	0	0	0	1	2	0.8 	120 	0	0	1	1	1	2	0	0	0	0	0	0	0	0	0	0	0	0	0	1	0	0	0	0	0	0	0	0	0	0	0	0	0	0	0	0	0	0	0	0	1	41	1	3	0	0	0	0	0	0	0	0	0	0	0	0	0	0	0	0	0	0	0	0	0	0	0	0	0	1	0	0	0	0	0	0	0	0	0	0	0	0	0	0	0	0	0	0	0	0	0	0	0	0	0	0	0	0	0	0	0	0	0	0	0	0	0	0	0	0	0	0	0	0	0	0	0	0		//								2	1
	50495	0	0	미스틱_사탕무기_건틀렛	40560	0	0	30011	0	7123	7123	25109	39999	0	14	0	14	0	Null	0	Null	0	0	0	0	1	100	15000	1	600	600	0	0	1	4	0	0	0	1	0	0	0	0	0	0	0	0	1	2	0.8 	135 	0	0	1	1	3	1	0	0	0	0	0	0	0	0	0	0	0	0	0	1	0	0	0	0	0	0	0	0	0	0	0	0	0	0	0	0	0	0	0	0	1	41	1	2	0	0	0	0	0	0	0	0	0	0	0	0	0	0	0	0	0	0	0	0	0	0	0	0	0	1	0	0	0	0	0	0	0	0	0	0	0	0	0	0	0	0	0	0	0	0	0	0	0	0	0	0	0	0	0	0	0	0	0	0	0	0	0	0	0	0	0	0	0	0	0	0	0	0		//								2	1
	50496	0	0	미스틱_사탕무기_에테르사이드	40560	0	0	30012	0	7124	7124	25109	39999	0	15	0	15	0	Null	0	Null	0	0	0	0	1	100	15000	1	600	600	0	0	1	4	0	0	0	1	0	0	0	0	0	0	0	0	1	2	0.8 	120 	0	0	1	1	1	2	0	0	0	0	0	0	0	0	0	0	0	0	0	1	0	0	0	0	0	0	0	0	0	0	0	0	0	0	0	0	0	0	0	0	1	41	1	3	0	0	0	0	0	0	0	0	0	0	0	0	0	0	0	0	0	0	0	0	0	0	0	0	0	1	0	0	0	0	0	0	0	0	0	0	0	0	0	0	0	0	0	0	0	0	0	0	0	0	0	0	0	0	0	0	0	0	0	0	0	0	0	0	0	0	0	0	0	0	0	0	0	0		//								2	1
//		[ID50497~]_국내_SUN_DAY가챠 아이템																																																																					0	0	0	0																																																																																																	//									
	50497	1	2	기간제_탈그룬트의_양손도끼	31031	1	FFA800	30001	11594	20	20	2020	39999	0	1	0	1	0	Null	0	Null	0	2	0	0	33	65	661230	1	149000	149000	1	0	1	263	121	0	1	80	0	0	0	0	0	0	0	0	0	0	0.8 	105 	0	0	1	1	3	1.5	0	0	0	0	0	0	0	0	1	0	0	0	0	0	0	0	0	0	1	42	1	1000	1	30	1	500	1	75	2	-25	1	62	1	-3	1	41	1	3 	0	0	0	0	0	0	0	0	0	0	0	0	0	0	0	0	0	0	0	0	0	0	0	0	0	1	0	0	0	0	0	0	0	0	0	0	0	0	0	0	0	0	0	0	0	0	0	0	0	0	0	0	0	0	0	0	0	0	0	0	0	0	0	0	0	0	551	746	0	0	0	0	0	0		//									
	50498	1	2	기간제_슈트라의_양손검	31032	1	FFA800	30002	11594	120	120	2120	39999	0	2	0	2	0	Null	0	Null	0	2	0	0	33	65	395280	1	149000	149000	1	0	1	263	121	0	1	80	0	0	0	0	0	0	0	0	0	0	0.8 	115 	0	0	1	1	1	1.8	0	0	0	0	0	0	0	0	1	0	0	0	0	0	0	0	0	0	1	42	1	1000	1	30	1	500	1	75	2	-25	1	62	1	-3	1	41	1	5 	0	0	0	0	0	0	0	0	0	0	0	0	0	0	0	0	0	0	0	0	0	0	0	0	0	1	0	0	0	0	0	0	0	0	0	0	0	0	0	0	0	0	0	0	0	0	0	0	0	0	0	0	0	0	0	0	0	0	0	0	0	0	0	0	0	0	596	729	0	0	0	0	0	0		//									
	50499	1	2	기간제_베르텍스의_한손검	31033	1	FFA800	30003	11594	221	221	2220	39999	0	3	0	3	0	Null	0	Null	0	2	0	0	33	65	312780	1	149000	149000	1	0	1	263	121	0	1	80	0	0	0	0	0	0	0	0	0	0	0.8 	135 	0	0	1	1	1	1	0	0	0	0	0	0	0	0	0	1	0	0	0	0	0	0	0	0	1	42	1	1000	1	30	1	500	1	75	2	-25	1	62	1	-3	1	41	1	2 	0	0	0	0	0	0	0	0	0	0	0	0	0	0	0	0	0	0	0	0	0	0	0	0	0	1	0	0	0	0	0	0	0	0	0	0	0	0	0	0	0	0	0	0	0	0	0	0	0	0	0	0	0	0	0	0	0	0	0	0	0	0	0	0	0	0	433	478	0	0	0	0	0	0		//									
	50500	1	2	기간제_팔랑크스의_창	31034	1	FFA800	30004	11594	320	320	2320	39999	0	4	0	4	0	Null	0	Null	0	2	0	0	33	65	419220	1	149000	149000	1	0	1	263	121	0	1	80	0	0	0	0	0	0	0	0	0	0	0.8 	120 	0	0	1	1	1	2.5	0	0	0	0	0	0	0	0	0	1	0	0	0	0	0	0	0	0	1	42	1	1000	1	30	1	500	1	75	2	-25	1	62	1	-3	1	41	1	4 	0	0	0	0	0	0	0	0	0	0	0	0	0	0	0	0	0	0	0	0	0	0	0	0	0	1	0	0	0	0	0	0	0	0	0	0	0	0	0	0	0	0	0	0	0	0	0	0	0	0	0	0	0	0	0	0	0	0	0	0	0	0	0	0	0	0	477	560	0	0	0	0	0	0		//									
	50501	1	2	기간제_오리야의_한손석궁	31035	1	FFA800	30007	11594	620	620	2620	39999	0	7	0	7	0	Null	0	Null	0	2	0	0	33	65	213120	1	149000	149000	1	0	1	263	121	0	1	80	0	0	0	0	0	0	0	0	0	0	0.8 	150 	0	0	2	2	2	19	0	0	0	0	0	0	0	0	0	0	0	1	0	0	0	0	0	0	1	42	1	1000	1	30	1	500	1	75	2	-25	1	62	1	-3	1	41	1	2 	0	0	0	0	0	0	0	0	0	0	0	0	0	0	0	0	0	0	0	0	0	0	0	0	0	1	0	0	0	0	0	0	0	0	0	0	0	0	0	0	0	0	0	0	0	0	0	0	0	0	0	0	0	0	0	0	0	0	0	0	0	0	0	0	0	0	350	403	0	0	0	0	0	0		//									
	50502	1	2	기간제_알베우스의_에테르웨폰	31036	1	FFA800	30008	11594	720	720	2720	39999	0	8	0	8	0	Null	0	Null	0	2	0	0	33	65	346950	1	149000	149000	1	0	1	263	121	0	1	80	0	0	0	0	0	0	0	0	0	0	0.8 	105 	0	0	2	2	2	16	0	0	0	0	0	0	0	0	0	0	0	1	0	0	0	0	0	0	1	42	1	1000	1	30	1	500	1	75	2	-25	1	62	1	-3	1	41	1	3 	0	0	0	0	0	0	0	0	0	0	0	0	0	0	0	0	0	0	0	0	0	0	0	0	0	1	0	0	0	0	0	0	0	0	0	0	0	0	0	0	0	0	0	0	0	0	0	0	0	0	0	0	0	0	0	0	0	0	0	0	0	0	0	0	0	0	423	562	0	0	0	0	0	0		//									
	50503	1	2	기간제_콘발리페의_지팡이	31037	1	FFA800	30009	11594	820	820	2820	39999	0	10	0	10	0	Null	0	Null	0	2	0	0	33	65	641580	1	149000	149000	1	0	1	263	121	0	1	80	0	0	0	0	0	0	0	0	0	0	0.8 	95 	0	0	1	1	4	2.5	0	0	0	0	0	0	0	0	0	0	0	0	1	0	0	0	0	0	1	42	1	1000	1	30	1	500	1	75	2	-25	1	62	1	-3	1	41	1	1 	0	0	0	0	0	0	0	0	0	0	0	0	0	0	0	0	0	0	0	0	0	0	0	0	0	1	0	0	0	0	0	0	0	0	0	0	0	0	0	0	0	0	0	0	0	0	0	0	0	0	0	0	0	0	0	0	0	0	0	0	0	0	0	0	0	0	660	687	0	0	0	0	0	0		//									
	50504	1	2	기간제_브로테의_오브	31038	1	FFA800	30010	11594	920	920	2920	39999	0	11	0	11	0	Null	0	Null	0	2	0	0	33	65	522330	1	149000	149000	1	0	1	263	121	0	1	80	0	0	0	0	0	0	0	0	0	0	0.8 	100 	0	0	2	2	4	13	0	0	0	0	0	0	0	0	0	0	0	0	1	0	0	0	0	0	1	42	1	1000	1	30	1	500	1	75	2	-25	1	62	1	-3	1	41	1	1 	0	0	0	0	0	0	0	0	0	0	0	0	0	0	0	0	0	0	0	0	0	0	0	0	0	1	0	0	0	0	0	0	0	0	0	0	0	0	0	0	0	0	0	0	0	0	0	0	0	0	0	0	0	0	0	0	0	0	0	0	0	0	0	0	0	0	530	547	0	0	0	0	0	0		//									
	50505	1	2	기간제_바쿠의_대거	31039	1	FFA800	31156	11594	420	420	2420	39999	0	5	0	5	0	Null	0	Null	0	2	0	0	33	65	312780	1	149000	149000	1	0	1	263	121	0	1	80	0	0	0	0	0	0	0	0	0	0	0.8 	140 	0	0	1	1	1	2.5	0	0	0	0	0	0	0	0	0	0	1	0	0	0	0	0	0	0	1	42	1	1000	1	30	1	500	1	75	2	-25	1	62	1	-3	1	41	1	2 	0	0	0	0	0	0	0	0	0	0	0	0	0	0	0	0	0	0	0	0	0	0	0	0	0	1	0	0	0	0	0	0	0	0	0	0	0	0	0	0	0	0	0	0	0	0	0	0	0	0	0	0	0	0	0	0	0	0	0	0	0	0	0	0	0	0	449	486	0	0	0	0	0	0		//									
	50506	1	2	기간제_바쿠의_채찍검	31039	1	FFA800	31157	11594	520	520	2520	39999	0	6	0	6	0	Null	0	Null	0	2	0	0	33	65	419220	1	149000	149000	1	0	1	263	121	0	1	80	0	0	0	0	0	0	0	0	0	0	0.8 	125 	0	0	1	1	1	3.5	0	0	0	0	0	0	0	0	0	0	1	0	0	0	0	0	0	0	1	42	1	1000	1	30	1	500	1	75	2	-25	1	62	1	-3	1	41	1	3 	0	0	0	0	0	0	0	0	0	0	0	0	0	0	0	0	0	0	0	0	0	0	0	0	0	1	0	0	0	0	0	0	0	0	0	0	0	0	0	0	0	0	0	0	0	0	0	0	0	0	0	0	0	0	0	0	0	0	0	0	0	0	0	0	0	0	468	561	0	0	0	0	0	0		//									
	50507	1	2	기간제_라플라시아_건틀렛	31040	1	FFA800	30011	11594	961	961	2961	39999	0	14	0	14	0	Null	0	Null	0	2	0	0	33	65	661230	1	149000	149000	1	0	1	263	121	0	1	80	0	0	0	0	0	0	0	0	0	0	0.8 	135 	0	0	1	1	3	1	0	0	0	0	0	0	0	0	0	0	0	0	0	1	0	0	0	0	1	42	1	1000	1	30	1	500	1	75	2	-25	1	62	1	-3	1	41	1	2 	0	0	0	0	0	0	0	0	0	0	0	0	0	0	0	0	0	0	0	0	0	0	0	0	0	1	0	0	0	0	0	0	0	0	0	0	0	0	0	0	0	0	0	0	0	0	0	0	0	0	0	0	0	0	0	0	0	0	0	0	0	0	0	0	0	0	488	539	0	0	0	0	0	0		//									
	50508	1	2	기간제_유클레시아_에테르사이드	31041	1	FFA800	30012	11594	982	982	2982	39999	0	15	0	15	0	Null	0	Null	0	2	0	0	33	65	395280	1	149000	149000	1	0	1	263	121	0	1	80	0	0	0	0	0	0	0	0	0	0	0.8 	120 	0	0	1	1	1	2	0	0	0	0	0	0	0	0	0	0	0	0	0	1	0	0	0	0	1	42	1	1000	1	30	1	500	1	75	2	-25	1	62	1	-3	1	41	1	3 	0	0	0	0	0	0	0	0	0	0	0	0	0	0	0	0	0	0	0	0	0	0	0	0	0	1	0	0	0	0	0	0	0	0	0	0	0	0	0	0	0	0	0	0	0	0	0	0	0	0	0	0	0	0	0	0	0	0	0	0	0	0	0	0	0	0	465	630	0	0	0	0	0	0		//									
	50509	1	2	기간제_파괴신_니벨룽의_양손도끼	31042	1	FFFF00	30001	11591	922	922	2922	39999	0	1	0	1	0	Null	0	Null	0	1	0	0	24	74	619950	1	26936	26936	1	0	1	263	121	0	1	78	0	0	0	0	0	0	0	0	0	0	0.8 	105 	0	0	1	1	3	1.5	0	0	0	0	0	0	0	0	1	0	0	0	0	0	0	0	0	0	1	42	1	1500	1	30	1	700	1	75	2	-25	0	0	0	0	1	41	1	3 	0	0	0	0	0	0	0	0	0	0	0	0	0	0	0	0	0	0	0	0	0	0	0	0	0	1	0	0	0	0	0	0	0	0	0	0	0	0	0	0	0	0	0	0	0	0	0	0	0	0	0	0	0	0	0	0	0	0	0	0	442.2	627	0	0	0	0	0	0	0	0	0	0	0	0		//	-26		-27			-53	-10.6	-8	78
	50510	1	2	기간제_파괴신_니벨룽의_양손검	31042	1	FFFF00	30002	11591	923	923	2923	39999	0	2	0	2	0	Null	0	Null	0	1	0	0	24	74	400020	1	26936	26936	1	0	1	263	121	0	1	78	0	0	0	0	0	0	0	0	0	0	0.8 	115 	0	0	1	1	1	1.8	0	0	0	0	0	0	0	0	1	0	0	0	0	0	0	0	0	0	1	42	1	1500	1	30	1	700	1	75	2	-25	0	0	0	0	1	41	1	5 	0	0	0	0	0	0	0	0	0	0	0	0	0	0	0	0	0	0	0	0	0	0	0	0	0	1	0	0	0	0	0	0	0	0	0	0	0	0	0	0	0	0	0	0	0	0	0	0	0	0	0	0	0	0	0	0	0	0	0	0	479	612	0	0	0	0	0	0	0	0	0	0	0	0		//	-26		-27			-53	-10.6	-8	78
	50511	1	2	기간제_저주의_이그드라실의_한손검	31043	1	FFFF00	30003	11591	924	924	2924	39999	0	3	0	3	0	Null	0	Null	0	1	0	0	24	74	182520	1	26936	26936	1	0	1	263	121	0	1	78	0	0	0	0	0	0	0	0	0	0	0.8 	135 	0	0	1	1	1	1	0	0	0	0	0	0	0	0	0	1	0	0	0	0	0	0	0	0	1	42	1	1500	1	30	1	700	1	75	2	-25	0	0	0	0	1	41	1	2 	0	0	0	0	0	0	0	0	0	0	0	0	0	0	0	0	0	0	0	0	0	0	0	0	0	1	0	0	0	0	0	0	0	0	0	0	0	0	0	0	0	0	0	0	0	0	0	0	0	0	0	0	0	0	0	0	0	0	0	0	348	401.35	0	0	0	0	0	0	0	0	0	0	0	0		//	-22	-20				-42	-8.4	-6	78
	50512	1	2	기간제_저주의_이그드라실의_창	31043	1	FFFF00	30004	11591	925	925	2925	39999	0	4	0	4	0	Null	0	Null	0	1	0	0	24	74	281730	1	26936	26936	1	0	1	263	121	0	1	78	0	0	0	0	0	0	0	0	0	0	0.8 	120 	0	0	1	1	1	2.5	0	0	0	0	0	0	0	0	0	1	0	0	0	0	0	0	0	0	1	42	1	1500	1	30	1	700	1	75	2	-25	0	0	0	0	1	41	1	4 	0	0	0	0	0	0	0	0	0	0	0	0	0	0	0	0	0	0	0	0	0	0	0	0	0	1	0	0	0	0	0	0	0	0	0	0	0	0	0	0	0	0	0	0	0	0	0	0	0	0	0	0	0	0	0	0	0	0	0	0	382.8	470.35	0	0	0	0	0	0	0	0	0	0	0	0		//	-22	-20				-42	-8.4	-6	78
	50513	1	2	기간제_타락한_네프티스의_한손석궁	31044	1	FFFF00	30007	11591	926	926	2927	39999	0	7	0	7	0	Null	0	Null	0	1	0	0	24	74	219630	1	26936	26936	1	0	1	263	121	0	1	78	0	0	0	0	0	0	0	0	0	0	0.8 	150 	0	0	2	2	2	19	0	0	0	0	0	0	0	0	0	0	0	1	0	0	0	0	0	0	1	42	1	1500	1	30	1	700	1	75	2	-25	0	0	0	0	1	41	1	2 	0	0	0	0	0	0	0	0	0	0	0	0	0	0	0	0	0	0	0	0	0	0	0	0	0	1	0	0	0	0	0	0	0	0	0	0	0	0	0	0	0	0	0	0	0	0	0	0	0	0	0	0	0	0	0	0	0	0	0	0	281	338.1	0	0	0	0	0	0	0	0	0	0	0	0		//	-16	-23				-39	-7.8	-5	78
	50514	1	2	기간제_타락한_네프티스의_에테르웨폰	31044	1	FFFF00	30008	11591	927	927	2926	39999	0	8	0	8	0	Null	0	Null	0	1	0	0	24	74	543750	1	26936	26936	1	0	1	263	121	0	1	78	0	0	0	0	0	0	0	0	0	0	0.8 	105 	0	0	2	2	2	16	0	0	0	0	0	0	0	0	0	0	0	1	0	0	0	0	0	0	1	42	1	1500	1	30	1	700	1	75	2	-25	0	0	0	0	1	41	1	3 	0	0	0	0	0	0	0	0	0	0	0	0	0	0	0	0	0	0	0	0	0	0	0	0	0	1	0	0	0	0	0	0	0	0	0	0	0	0	0	0	0	0	0	0	0	0	0	0	0	0	0	0	0	0	0	0	0	0	0	0	340	472	0	0	0	0	0	0	0	0	0	0	0	0		//	-16	-23				-39	-7.8	-5	78
	50515	1	2	기간제_죽음의_클로리스의_지팡이	31045	1	FFFF00	30009	11591	928	928	2928	39999	0	10	0	10	0	Null	0	Null	0	1	0	0	24	74	408600	1	26936	26936	1	0	1	263	121	0	1	78	0	0	0	0	0	0	0	0	0	0	0.8 	95 	0	0	1	1	4	2.5	0	0	0	0	0	0	0	0	0	0	0	0	1	0	0	0	0	0	1	42	1	1500	1	30	1	700	1	75	2	-25	0	0	0	0	1	41	1	1 	0	0	0	0	0	0	0	0	0	0	0	0	0	0	0	0	0	0	0	0	0	0	0	0	0	1	0	0	0	0	0	0	0	0	0	0	0	0	0	0	0	0	0	0	0	0	0	0	0	0	0	0	0	0	0	0	0	0	0	0	530.2	576.15	0	0	0	0	0	0	0	0	0	0	0	0		//				-25	-22	-47	-9.4	-7	78
	50516	1	2	기간제_죽음의_클로리스의_오브	31045	1	FFFF00	30010	11591	929	929	2929	39999	0	11	0	11	0	Null	0	Null	0	1	0	0	24	74	343080	1	26936	26936	1	0	1	263	121	0	1	78	0	0	0	0	0	0	0	0	0	0	0.8 	100 	0	0	2	2	4	13	0	0	0	0	0	0	0	0	0	0	0	0	1	0	0	0	0	0	1	42	1	1500	1	30	1	700	1	75	2	-25	1	34	2	-5	1	41	1	1 	0	0	0	0	0	0	0	0	0	0	0	0	0	0	0	0	0	0	0	0	0	0	0	0	0	1	0	0	0	0	0	0	0	0	0	0	0	0	0	0	0	0	0	0	0	0	0	0	0	0	0	0	0	0	0	0	0	0	0	0	426	458	0	0	0	0	0	0	0	0	0	0	0	0		//				-25	-22	-47	-9.4	-7	78
	50517	1	2	기간제_탐욕의_야누비스의_대거	31046	1	FFFF00	31156	11591	930	930	2930	39999	0	5	0	5	0	Null	0	Null	0	1	0	0	24	74	182520	1	26936	26936	1	0	1	263	121	0	1	78	0	0	0	0	0	0	0	0	0	0	0.8 	140 	0	0	1	1	1	2.5	0	0	0	0	0	0	0	0	0	0	1	0	0	0	0	0	0	0	1	42	1	1500	1	30	1	700	1	75	2	-25	0	0	0	0	1	41	1	2 	0	0	0	0	0	0	0	0	0	0	0	0	0	0	0	0	0	0	0	0	0	0	0	0	0	1	0	0	0	0	0	0	0	0	0	0	0	0	0	0	0	0	0	0	0	0	0	0	0	0	0	0	0	0	0	0	0	0	0	0	361	408.25	0	0	0	0	0	0	0	0	0	0	0	0		//	-19			-18		-37	-7.4	-5	78
	50518	1	2	기간제_탐욕의_야누비스의_채찍검	31046	1	FFFF00	31157	11591	931	931	2931	39999	0	6	0	6	0	Null	0	Null	0	1	0	0	24	74	281730	1	26936	26936	1	0	1	263	121	0	1	78	0	0	0	0	0	0	0	0	0	0	0.8 	125 	0	0	1	1	1	3.5	0	0	0	0	0	0	0	0	0	0	1	0	0	0	0	0	0	0	1	42	1	1500	1	30	1	700	1	75	2	-25	0	0	0	0	1	41	1	3 	0	0	0	0	0	0	0	0	0	0	0	0	0	0	0	0	0	0	0	0	0	0	0	0	0	1	0	0	0	0	0	0	0	0	0	0	0	0	0	0	0	0	0	0	0	0	0	0	0	0	0	0	0	0	0	0	0	0	0	0	376.2	470.35	0	0	0	0	0	0	0	0	0	0	0	0		//	-19			-18		-37	-7.4	-5	78
	50519	1	2	기간제_증오의_헤카테_건틀렛	31047	1	FFFF00	30011	11591	959	959	2959	39999	0	14	0	12	0	Null	0	Null	0	1	0	0	24	74	619950	1	26936	26936	1	0	1	263	121	0	1	78	0	0	0	0	0	0	0	0	0	0	0.8 	135 	0	0	1	1	3	1	0	0	0	0	0	0	0	0	0	0	0	0	0	1	0	0	0	0	1	42	1	1500	1	30	1	700	1	75	2	-25	0	0	0	0	1	41	1	2 	0	0	0	0	0	0	0	0	0	0	0	0	0	0	0	0	0	0	0	0	0	0	0	0	0	1	0	0	0	0	0	0	0	0	0	0	0	0	0	0	0	0	0	0	0	0	0	0	0	0	0	0	0	0	0	0	0	0	0	0	334.4	387.55	0	0	0	0	0	0	0	0	0	0	0	0		//		-21		-19		-40	-8	-6	78
	50520	1	2	기간제_증오의_헤카테_에테르사이드	31047	1	FFFF00	30012	11591	980	980	2980	39999	0	15	0	13	0	Null	0	Null	0	1	0	0	24	74	400020	1	26936	26936	1	0	1	263	121	0	1	78	0	0	0	0	0	0	0	0	0	0	0.8 	120 	0	0	1	1	1	2	0	0	0	0	0	0	0	0	0	0	0	0	0	1	0	0	0	0	1	42	1	1500	1	30	1	700	1	75	2	-25	0	0	0	0	1	41	1	3 	0	0	0	0	0	0	0	0	0	0	0	0	0	0	0	0	0	0	0	0	0	0	0	0	0	1	0	0	0	0	0	0	0	0	0	0	0	0	0	0	0	0	0	0	0	0	0	0	0	0	0	0	0	0	0	0	0	0	0	0	319	451.95	0	0	0	0	0	0	0	0	0	0	0	0		//		-21		-19		-40	-8	-6	78
	50527	0	0	미스틱_호박무기무기_건틀렛	45559	0	0	30011	46553	7135	7135	28056	39999	0	14	0	14	0	Null	0	Null	0	0	0	0	1	100	15000	1	600	600	0	0	1	4	0	0	0	1	0	0	0	0	0	0	0	0	1	2	0.8 	135 	0	0	1	1	3	1	0	0	0	0	0	0	0	0	0	0	0	0	0	1	0	0	0	0	0	0	0	0	0	0	0	0	0	0	0	0	0	0	0	0	1	41	1	2	0	0	0	0	0	0	0	0	0	0	0	0	0	0	0	0	0	0	0	0	0	0	0	0	0	1	0	0	0	0	0	0	0	0	0	0	0	0	0	0	0	0	0	0	0	0	0	0	0	0	0	0	0	0	0	0	0	0	0	0	0	0	0	0	0	0	0	0	0	0	0	0	0	0		//								2	1
	50528	0	0	미스틱_호박무기무기_에테르사이드	45559	0	0	30012	46553	7136	7136	28056	39999	0	15	0	15	0	Null	0	Null	0	0	0	0	1	100	15000	1	600	600	0	0	1	4	0	0	0	1	0	0	0	0	0	0	0	0	1	2	0.8 	120 	0	0	1	1	1	2	0	0	0	0	0	0	0	0	0	0	0	0	0	1	0	0	0	0	0	0	0	0	0	0	0	0	0	0	0	0	0	0	0	0	1	41	1	3	0	0	0	0	0	0	0	0	0	0	0	0	0	0	0	0	0	0	0	0	0	0	0	0	0	1	0	0	0	0	0	0	0	0	0	0	0	0	0	0	0	0	0	0	0	0	0	0	0	0	0	0	0	0	0	0	0	0	0	0	0	0	0	0	0	0	0	0	0	0	0	0	0	0		//								2	1
	50529	0	0	헬로이드_하트무기_에테르블래스터	45553	0	0	30013	46552	7138	7138	25323	39999	0	16	0	16	0	Null	0	Null	0	0	0	0	1	100	15000	1	600	600	0	0	1	4	0	0	0	1	0	0	0	0	0	0	0	0	1	2	0.8 	115 	0	0	1	1	3	1.5	0	0	0	0	0	0	0	0	0	0	0	0	0	0	1	0	0	0	0	0	0	0	0	0	0	0	0	0	0	0	0	0	0	0	1	41	1	4	0	0	0	0	0	0	0	0	0	0	0	0	0	0	0	0	0	0	0	0	0	0	0	0	0	1	0	0	0	0	0	0	0	0	0	0	0	0	0	0	0	0	0	0	0	0	0	0	0	0	0	0	0	0	0	0	0	0	0	0	0	0	0	0	0	0	0	0	0	0	0	0	0	0		//								2	1
	50533	0	0	헬로이드_사탕무기_에테르블래스터	41560	0	0	30013	0	7139	7139	25109	39999	0	16	0	16	0	Null	0	Null	0	0	0	0	1	100	15000	1	600	600	0	0	1	4	0	0	0	1	0	0	0	0	0	0	0	0	1	2	0.8 	115 	0	0	1	1	3	1.5	0	0	0	0	0	0	0	0	0	0	0	0	0	0	1	0	0	0	0	0	0	0	0	0	0	0	0	0	0	0	0	0	0	0	1	41	1	4	0	0	0	0	0	0	0	0	0	0	0	0	0	0	0	0	0	0	0	0	0	0	0	0	0	1	0	0	0	0	0	0	0	0	0	0	0	0	0	0	0	0	0	0	0	0	0	0	0	0	0	0	0	0	0	0	0	0	0	0	0	0	0	0	0	0	0	0	0	0	0	0	0	0		//								2	1
//	50534	0	0	신규클래스용대역폭확보_사탕무기	41560	0	0	30013	0	7139	7139	25109	39999	0	16	0	16	0	Null	0	Null	0	0	0	0	1	100	15000	1	600	600	0	0	1	4	0	0	0	1	0	0	0	0	0	0	0	0	1	2	0.8 	115 	0	0	1	1	3	1.5	0	0	0	0	0	0	0	0	0	0	0	0	0	0	1	0	0	0	0	0	0	0	0	0	0	0	0	0	0	0	0	0	0	0	1	41	1	4	0	0	0	0	0	0	0	0	0	0	0	0	0	0	0	0	0	0	0	0	0	0	0	0	0	1	0	0	0	0	0	0	0	0	0	0	0	0	0	0	0	0	0	0	0	0	0	0	0	0	0	0	0	0	0	0	0	0	0	0	0	0	0	0	0	0	0	0	0	0	0	0	0	0		//								2	1
//	50535	0	0	신규클래스용대역폭확보_사탕무기	41560	0	0	30013	0	7139	7139	25109	39999	0	16	0	16	0	Null	0	Null	0	0	0	0	1	100	15000	1	600	600	0	0	1	4	0	0	0	1	0	0	0	0	0	0	0	0	1	2	0.8 	115 	0	0	1	1	3	1.5	0	0	0	0	0	0	0	0	0	0	0	0	0	0	1	0	0	0	0	0	0	0	0	0	0	0	0	0	0	0	0	0	0	0	1	41	1	4	0	0	0	0	0	0	0	0	0	0	0	0	0	0	0	0	0	0	0	0	0	0	0	0	0	1	0	0	0	0	0	0	0	0	0	0	0	0	0	0	0	0	0	0	0	0	0	0	0	0	0	0	0	0	0	0	0	0	0	0	0	0	0	0	0	0	0	0	0	0	0	0	0	0		//								2	1
//	50536	0	0	신규클래스용대역폭확보_사탕무기	41560	0	0	30013	0	7139	7139	25109	39999	0	16	0	16	0	Null	0	Null	0	0	0	0	1	100	15000	1	600	600	0	0	1	4	0	0	0	1	0	0	0	0	0	0	0	0	1	2	0.8 	115 	0	0	1	1	3	1.5	0	0	0	0	0	0	0	0	0	0	0	0	0	0	1	0	0	0	0	0	0	0	0	0	0	0	0	0	0	0	0	0	0	0	1	41	1	4	0	0	0	0	0	0	0	0	0	0	0	0	0	0	0	0	0	0	0	0	0	0	0	0	0	1	0	0	0	0	0	0	0	0	0	0	0	0	0	0	0	0	0	0	0	0	0	0	0	0	0	0	0	0	0	0	0	0	0	0	0	0	0	0	0	0	0	0	0	0	0	0	0	0		//								2	1
//	50537	0	0	신규클래스용대역폭확보_사탕무기	41560	0	0	30013	0	7139	7139	25109	39999	0	16	0	16	0	Null	0	Null	0	0	0	0	1	100	15000	1	600	600	0	0	1	4	0	0	0	1	0	0	0	0	0	0	0	0	1	2	0.8 	115 	0	0	1	1	3	1.5	0	0	0	0	0	0	0	0	0	0	0	0	0	0	1	0	0	0	0	0	0	0	0	0	0	0	0	0	0	0	0	0	0	0	1	41	1	4	0	0	0	0	0	0	0	0	0	0	0	0	0	0	0	0	0	0	0	0	0	0	0	0	0	1	0	0	0	0	0	0	0	0	0	0	0	0	0	0	0	0	0	0	0	0	0	0	0	0	0	0	0	0	0	0	0	0	0	0	0	0	0	0	0	0	0	0	0	0	0	0	0	0		//								2	1
//	50538	0	0	신규클래스용대역폭확보_사탕무기	41560	0	0	30013	0	7139	7139	25109	39999	0	16	0	16	0	Null	0	Null	0	0	0	0	1	100	15000	1	600	600	0	0	1	4	0	0	0	1	0	0	0	0	0	0	0	0	1	2	0.8 	115 	0	0	1	1	3	1.5	0	0	0	0	0	0	0	0	0	0	0	0	0	0	1	0	0	0	0	0	0	0	0	0	0	0	0	0	0	0	0	0	0	0	1	41	1	4	0	0	0	0	0	0	0	0	0	0	0	0	0	0	0	0	0	0	0	0	0	0	0	0	0	1	0	0	0	0	0	0	0	0	0	0	0	0	0	0	0	0	0	0	0	0	0	0	0	0	0	0	0	0	0	0	0	0	0	0	0	0	0	0	0	0	0	0	0	0	0	0	0	0		//								2	1
//	50539	0	0	신규클래스용대역폭확보_사탕무기	41560	0	0	30013	0	7139	7139	25109	39999	0	16	0	16	0	Null	0	Null	0	0	0	0	1	100	15000	1	600	600	0	0	1	4	0	0	0	1	0	0	0	0	0	0	0	0	1	2	0.8 	115 	0	0	1	1	3	1.5	0	0	0	0	0	0	0	0	0	0	0	0	0	0	1	0	0	0	0	0	0	0	0	0	0	0	0	0	0	0	0	0	0	0	1	41	1	4	0	0	0	0	0	0	0	0	0	0	0	0	0	0	0	0	0	0	0	0	0	0	0	0	0	1	0	0	0	0	0	0	0	0	0	0	0	0	0	0	0	0	0	0	0	0	0	0	0	0	0	0	0	0	0	0	0	0	0	0	0	0	0	0	0	0	0	0	0	0	0	0	0	0		//								2	1
//	50540	0	0	신규클래스용대역폭확보_사탕무기	41560	0	0	30013	0	7139	7139	25109	39999	0	16	0	16	0	Null	0	Null	0	0	0	0	1	100	15000	1	600	600	0	0	1	4	0	0	0	1	0	0	0	0	0	0	0	0	1	2	0.8 	115 	0	0	1	1	3	1.5	0	0	0	0	0	0	0	0	0	0	0	0	0	0	1	0	0	0	0	0	0	0	0	0	0	0	0	0	0	0	0	0	0	0	1	41	1	4	0	0	0	0	0	0	0	0	0	0	0	0	0	0	0	0	0	0	0	0	0	0	0	0	0	1	0	0	0	0	0	0	0	0	0	0	0	0	0	0	0	0	0	0	0	0	0	0	0	0	0	0	0	0	0	0	0	0	0	0	0	0	0	0	0	0	0	0	0	0	0	0	0	0		//								2	1
//	50541	0	0	신규클래스용대역폭확보_사탕무기	41560	0	0	30013	0	7139	7139	25109	39999	0	16	0	16	0	Null	0	Null	0	0	0	0	1	100	15000	1	600	600	0	0	1	4	0	0	0	1	0	0	0	0	0	0	0	0	1	2	0.8 	115 	0	0	1	1	3	1.5	0	0	0	0	0	0	0	0	0	0	0	0	0	0	1	0	0	0	0	0	0	0	0	0	0	0	0	0	0	0	0	0	0	0	1	41	1	4	0	0	0	0	0	0	0	0	0	0	0	0	0	0	0	0	0	0	0	0	0	0	0	0	0	1	0	0	0	0	0	0	0	0	0	0	0	0	0	0	0	0	0	0	0	0	0	0	0	0	0	0	0	0	0	0	0	0	0	0	0	0	0	0	0	0	0	0	0	0	0	0	0	0		//								2	1
//	50542	0	0	신규클래스용대역폭확보_사탕무기	41560	0	0	30013	0	7139	7139	25109	39999	0	16	0	16	0	Null	0	Null	0	0	0	0	1	100	15000	1	600	600	0	0	1	4	0	0	0	1	0	0	0	0	0	0	0	0	1	2	0.8 	115 	0	0	1	1	3	1.5	0	0	0	0	0	0	0	0	0	0	0	0	0	0	1	0	0	0	0	0	0	0	0	0	0	0	0	0	0	0	0	0	0	0	1	41	1	4	0	0	0	0	0	0	0	0	0	0	0	0	0	0	0	0	0	0	0	0	0	0	0	0	0	1	0	0	0	0	0	0	0	0	0	0	0	0	0	0	0	0	0	0	0	0	0	0	0	0	0	0	0	0	0	0	0	0	0	0	0	0	0	0	0	0	0	0	0	0	0	0	0	0		//								2	1
//	50543	0	0	신규클래스용대역폭확보_사탕무기	41560	0	0	30013	0	7139	7139	25109	39999	0	16	0	16	0	Null	0	Null	0	0	0	0	1	100	15000	1	600	600	0	0	1	4	0	0	0	1	0	0	0	0	0	0	0	0	1	2	0.8 	115 	0	0	1	1	3	1.5	0	0	0	0	0	0	0	0	0	0	0	0	0	0	1	0	0	0	0	0	0	0	0	0	0	0	0	0	0	0	0	0	0	0	1	41	1	4	0	0	0	0	0	0	0	0	0	0	0	0	0	0	0	0	0	0	0	0	0	0	0	0	0	1	0	0	0	0	0	0	0	0	0	0	0	0	0	0	0	0	0	0	0	0	0	0	0	0	0	0	0	0	0	0	0	0	0	0	0	0	0	0	0	0	0	0	0	0	0	0	0	0		//								2	1
//		[ID50453~50462]_일본1201_복귀자무기																																																																					0	0	0	0																																																																																																	//									
	50453	1	2	일본복귀자무기_리턴양손도끼	30437	0	0	30001	301057	11959	11959	2010	39999	0	1	0	1	0	Null	0	Null	0	0	1	270	10	62	4728	1	40000	40000	0	0	1	263	121	0	1	30	0	0	0	0	0	0	0	0	518	734	0.8	105 	0	0	1	1	3	1.5	0	0	0	0	0	0	0	0	1	0	0	0	0	0	0	0	0	0	1	42	1	2000	1	30	1	1000	1	75	2	-25	0	0	0	0	1	41	1	3	0	0	0	0	0	0	0	0	0	0	0	0	0	0	0	0	0	0	0	0	0	0	0	0	0	1	0	0	0	0	0	0	0	0	0	0	0	0	0	0	0	0	0	0	0	0	0	0	0	0	0	0	0	0	0	0	0	0	0	0	0	0	0	0	0	0	0	0	0	0	0	0	0	0		//									
	50454	1	2	일본복귀자무기_리턴양손검	30438	0	0	30002	301057	11960	11960	2110	39999	0	2	0	2	0	Null	0	Null	0	0	1	270	10	62	4416	1	40000	40000	0	0	1	263	121	0	1	30	0	0	0	0	0	0	0	0	560	715	0.8	115 	0	0	1	1	1	1.8	0	0	0	0	0	0	0	0	1	0	0	0	0	0	0	0	0	0	1	42	1	2000	1	30	1	1000	1	75	2	-25	0	0	0	0	1	41	1	5	0	0	0	0	0	0	0	0	0	0	0	0	0	0	0	0	0	0	0	0	0	0	0	0	0	1	0	0	0	0	0	0	0	0	0	0	0	0	0	0	0	0	0	0	0	0	0	0	0	0	0	0	0	0	0	0	0	0	0	0	0	0	0	0	0	0	0	0	0	0	0	0	0	0		//									
	50455	1	2	일본복귀자무기_리턴한손검	30439	0	0	30003	301057	11961	11961	2210	39999	0	3	0	3	0	Null	0	Null	0	0	1	270	10	62	7248	1	40000	40000	0	0	1	263	121	0	1	30	0	0	0	0	0	0	0	0	407	470	0.8	135 	0	0	1	1	1	1	0	0	0	0	0	0	0	0	0	1	0	0	0	0	0	0	0	0	1	42	1	2000	1	30	1	1000	1	75	2	-25	0	0	0	0	1	41	1	2	0	0	0	0	0	0	0	0	0	0	0	0	0	0	0	0	0	0	0	0	0	0	0	0	0	1	0	0	0	0	0	0	0	0	0	0	0	0	0	0	0	0	0	0	0	0	0	0	0	0	0	0	0	0	0	0	0	0	0	0	0	0	0	0	0	0	0	0	0	0	0	0	0	0		//									
	50456	1	2	일본복귀자무기_리턴창	30440	0	0	30004	301057	11962	11962	2310	39999	0	4	0	4	0	Null	0	Null	0	0	1	270	10	62	6216	1	40000	40000	0	0	1	263	121	0	1	30	0	0	0	0	0	0	0	0	448	550	0.8	120 	0	0	1	1	1	2.5	0	0	0	0	0	0	0	0	0	1	0	0	0	0	0	0	0	0	1	42	1	2000	1	30	1	1000	1	75	2	-25	0	0	0	0	1	41	1	4	0	0	0	0	0	0	0	0	0	0	0	0	0	0	0	0	0	0	0	0	0	0	0	0	0	1	0	0	0	0	0	0	0	0	0	0	0	0	0	0	0	0	0	0	0	0	0	0	0	0	0	0	0	0	0	0	0	0	0	0	0	0	0	0	0	0	0	0	0	0	0	0	0	0		//									
	50457	1	2	일본복귀자무기_리턴한손석궁	30441	0	0	30007	301057	11965	11965	2610	39999	0	7	0	7	0	Null	0	Null	0	0	1	270	10	62	6744	1	40000	40000	0	0	1	263	121	0	1	30	0	0	0	0	0	0	0	0	329	396	0.8	150 	0	0	2	2	2	19	0	0	0	0	0	0	0	0	0	0	0	1	0	0	0	0	0	0	1	42	1	2000	1	30	1	1000	1	75	2	-25	0	0	0	0	1	41	1	2	0	0	0	0	0	0	0	0	0	0	0	0	0	0	0	0	0	0	0	0	0	0	0	0	0	1	0	0	0	0	0	0	0	0	0	0	0	0	0	0	0	0	0	0	0	0	0	0	0	0	0	0	0	0	0	0	0	0	0	0	0	0	0	0	0	0	0	0	0	0	0	0	0	0		//									
	50458	1	2	일본복귀자무기_리턴웨폰	30442	0	0	30008	301057	11966	11966	2710	39999	0	8	0	8	0	Null	0	Null	0	0	1	270	10	62	4320	1	40000	40000	0	0	1	263	121	0	1	30	0	0	0	0	0	0	0	0	398	553	0.8	105 	0	0	2	2	2	16	0	0	0	0	0	0	0	0	0	0	0	1	0	0	0	0	0	0	1	42	1	2000	1	30	1	1000	1	75	2	-25	0	0	0	0	1	41	1	3	0	0	0	0	0	0	0	0	0	0	0	0	0	0	0	0	0	0	0	0	0	0	0	0	0	1	0	0	0	0	0	0	0	0	0	0	0	0	0	0	0	0	0	0	0	0	0	0	0	0	0	0	0	0	0	0	0	0	0	0	0	0	0	0	0	0	0	0	0	0	0	0	0	0		//									
	50459	1	2	일본복귀자무기_리턴지팡이	30443	0	0	30009	301057	11967	11967	2810	39999	0	10	0	10	0	Null	0	Null	0	0	1	270	10	62	9144	1	40000	40000	0	0	1	263	121	0	1	30	0	0	0	0	0	0	0	0	620	675	0.8	95 	0	0	1	1	4	2.5	0	0	0	0	0	0	0	0	0	0	0	0	1	0	0	0	0	0	1	42	1	2000	1	30	1	1000	1	75	2	-25	0	0	0	0	1	41	1	1	0	0	0	0	0	0	0	0	0	0	0	0	0	0	0	0	0	0	0	0	0	0	0	0	0	1	0	0	0	0	0	0	0	0	0	0	0	0	0	0	0	0	0	0	0	0	0	0	0	0	0	0	0	0	0	0	0	0	0	0	0	0	0	0	0	0	0	0	0	0	0	0	0	0		//									
	50460	1	2	일본복귀자무기_리턴오브	30444	0	0	30010	301057	11968	11968	2910	39999	0	11	0	11	0	Null	0	Null	0	0	1	270	10	62	8880	1	40000	40000	0	0	1	263	121	0	1	30	0	0	0	0	0	0	0	0	498	536	0.8	100 	0	0	2	2	4	13	0	0	0	0	0	0	0	0	0	0	0	0	1	0	0	0	0	0	1	42	1	2000	1	30	1	1000	1	75	2	-25	1	34	2	-5	1	41	1	1	0	0	0	0	0	0	0	0	0	0	0	0	0	0	0	0	0	0	0	0	0	0	0	0	0	1	0	0	0	0	0	0	0	0	0	0	0	0	0	0	0	0	0	0	0	0	0	0	0	0	0	0	0	0	0	0	0	0	0	0	0	0	0	0	0	0	0	0	0	0	0	0	0	0		//									
	50461	1	2	일본복귀자무기_리턴대거	30445	0	0	31156	301057	11963	11963	2410	39999	0	5	0	5	0	Null	0	Null	0	0	1	270	10	62	6648	1	40000	40000	0	0	1	263	121	0	1	30	0	0	0	0	0	0	0	0	422	478	0.8	140 	0	0	1	1	1	2.5	0	0	0	0	0	0	0	0	0	0	1	0	0	0	0	0	0	0	1	42	1	2000	1	30	1	1000	1	75	2	-25	0	0	0	0	1	41	1	2	0	0	0	0	0	0	0	0	0	0	0	0	0	0	0	0	0	0	0	0	0	0	0	0	0	1	0	0	0	0	0	0	0	0	0	0	0	0	0	0	0	0	0	0	0	0	0	0	0	0	0	0	0	0	0	0	0	0	0	0	0	0	0	0	0	0	0	0	0	0	0	0	0	0		//									
	50462	1	2	일본복귀자무기_리턴채찍검	30446	0	0	31157	301057	11964	11964	2510	39999	0	6	0	6	0	Null	0	Null	0	0	1	270	10	62	7248	1	40000	40000	0	0	1	263	121	0	1	30	0	0	0	0	0	0	0	0	440	551	0.8	125 	0	0	1	1	1	3.5	0	0	0	0	0	0	0	0	0	0	1	0	0	0	0	0	0	0	1	42	1	2000	1	30	1	1000	1	75	2	-25	0	0	0	0	1	41	1	3	0	0	0	0	0	0	0	0	0	0	0	0	0	0	0	0	0	0	0	0	0	0	0	0	0	1	0	0	0	0	0	0	0	0	0	0	0	0	0	0	0	0	0	0	0	0	0	0	0	0	0	0	0	0	0	0	0	0	0	0	0	0	0	0	0	0	0	0	0	0	0	0	0	0		//									
	50544	1	2	일본복귀자무기_리턴건틀렛	30447	0	0	30011	301057	11982	11982	2951	39999	0	14	0	12	0	Null	0	Null	0	0	1	270	10	62	4728	1	40000	40000	0	0	1	263	121	0	1	30	0	0	0	0	0	0	0	0	459.8	531.3	0.8	135 	0	0	1	1	3	1	0	0	0	0	0	0	0	0	0	0	0	0	0	1	0	0	0	0	1	42	1	2000	1	30	1	1000	1	75	2	-25	0	0	0	0	1	41	1	2	0	0	0	0	0	0	0	0	0	0	0	0	0	0	0	0	0	0	0	0	0	0	0	0	0	1	0	0	0	0	0	0	0	0	0	0	0	0	0	0	0	0	0	0	0	0	0	0	0	0	0	0	0	0	0	0	0	0	0	0	0	0	0	0	0	0	0	0	0	0	0	0	0	0		//									
	50545	1	2	일본복귀자무기_리턴에테르사이드	30448	0	0	30012	301057	11983	11983	2972	39999	0	15	0	13	0	Null	0	Null	0	0	1	270	10	62	4416	1	40000	40000	0	0	1	263	121	0	1	30	0	0	0	0	0	0	0	0	436.7	618.7	0.8	120 	0	0	1	1	1	2	0	0	0	0	0	0	0	0	0	0	0	0	0	1	0	0	0	0	1	42	1	2000	1	30	1	1000	1	75	2	-25	0	0	0	0	1	41	1	3	0	0	0	0	0	0	0	0	0	0	0	0	0	0	0	0	0	0	0	0	0	0	0	0	0	1	0	0	0	0	0	0	0	0	0	0	0	0	0	0	0	0	0	0	0	0	0	0	0	0	0	0	0	0	0	0	0	0	0	0	0	0	0	0	0	0	0	0	0	0	0	0	0	0		//									
	50546	1	2	일본복귀자무기_리턴에테르블래스터	30449	0	0	30013	301057	11984	11984	3077	39999	0	16	0	16	0	Null	0	Null	0	0	1	270	10	62	4728	1	40000	40000	0	0	1	263	121	0	1	30	0	0	0	0	0	0	0	0	485.1	621	0.8	115 	0	0	1	1	3	1.5	0	0	0	0	0	0	0	0	0	0	0	0	0	0	1	0	0	0	1	42	1	2000	1	30	1	1000	1	75	2	-25	0	0	0	0	1	41	1	4	0	0	0	0	0	0	0	0	0	0	0	0	0	0	0	0	0	0	0	0	0	0	0	0	0	1	0	0	0	0	0	0	0	0	0	0	0	0	0	0	0	0	0	0	0	0	0	0	0	0	0	0	0	0	0	0	0	0	0	0	0	0	0	0	0	0	0	0	0	0	0	0	0	0		//									
	50601	0	0	일본복귀자무기_리턴아크블레이드	30450	0	0	30017	301057	1108	1107	3105	39999	0	17	0	17	0	Null	0	Null	0	0	1	270	10	62	4728	1	40000	40000	0	0	1	263	121	0	1	30	0	0	0	0	0	0	0	0	399	499	0.8 	125 	0	0	1	1	3	2	0	0	0	0	0	0	0	0	0	0	0	0	0	0	0	1	0	0	1	42	1	2000	1	30	1	1000	1	75	2	-25	0	0	0	0	1	41	1	4	0	0	0	0	0	0	0	0	0	0	0	0	0	0	0	0	0	0	0	0	0	0	0	0	0	1	0	0	0	0	0	0	0	0	0	0	0	0	0	0	0	0	0	0	0	0	0	0	0	0	0	0	0	0	0	0	0	0	0	0	0	0	0	0	0	0	0	0	0	0	0	0	0	0		//									
//일본신규 및 복귀자용 귀속아이템																																																																										0																																																																																																	//									
	50547	0	0	니벨룽의_양손도끼_일본_귀속	46888	1	FFFF00	30001	11590	16	16	2016	39999	0	1	0	1	0	Null	0	Null	0	1	1	270	23	95	619950	1	9620	9620	1	1	1	7	121	1	1	71	0	0	0	0	0	0	0	0	0	0	0.8 	105 	0	0	1	1	3	1.5	0	0	0	0	0	0	0	0	1	0	0	0	0	0	0	0	0	0	1	42	1	1000	1	30	1	500	1	75	2	-25	0	0	0	0	1	41	1	3	0	0	0	0	0	0	0	0	0	0	0	0	0	0	0	0	0	0	0	0	0	0	0	0	0	1	0	0	0	0	0	0	0	0	0	0	0	0	0	0	0	0	0	0	0	0	0	0	0	0	0	0	0	0	0	0	0	0	0	0	378	535	0	0	0	0	0	0	0	0	0	0	0	0		//	-26		-27			-53	-10.6	-8	71
	50548	0	0	니벨룽의_양손검_일본_귀속	46888	1	FFFF00	30002	11590	116	116	2116	39999	0	2	0	2	0	Null	0	Null	0	1	1	270	23	95	400020	1	9620	9620	1	1	1	7	121	1	1	71	0	0	0	0	0	0	0	0	0	0	0.8 	115 	0	0	1	1	1	1.8	0	0	0	0	0	0	0	0	1	0	0	0	0	0	0	0	0	0	1	42	1	1000	1	30	1	500	1	75	2	-25	0	0	0	0	1	41	1	5	0	0	0	0	0	0	0	0	0	0	0	0	0	0	0	0	0	0	0	0	0	0	0	0	0	1	0	0	0	0	0	0	0	0	0	0	0	0	0	0	0	0	0	0	0	0	0	0	0	0	0	0	0	0	0	0	0	0	0	0	409	523	0	0	0	0	0	0	0	0	0	0	0	0		//	-26		-27			-53	-10.6	-8	71
	50549	0	0	이그드라실의_한손검_일본_귀속	46889	1	FFFF00	30003	11590	216	216	2216	39999	0	3	0	3	0	Null	0	Null	0	1	1	270	23	84	182520	1	9620	9620	1	1	1	7	121	1	1	71	0	0	0	0	0	0	0	0	0	0	0.8 	135 	0	0	1	1	1	1	0	0	0	0	0	0	0	0	0	1	0	0	0	0	0	0	0	0	1	42	1	1000	1	30	1	500	1	75	2	-25	0	0	0	0	1	41	1	2	0	0	0	0	0	0	0	0	0	0	0	0	0	0	0	0	0	0	0	0	0	0	0	0	0	1	0	0	0	0	0	0	0	0	0	0	0	0	0	0	0	0	0	0	0	0	0	0	0	0	0	0	0	0	0	0	0	0	0	0	297	344	0	0	0	0	0	0	0	0	0	0	0	0		//	-22	-20				-42	-8.4	-6	71
	50550	0	0	이그드라실의_창_일본_귀속	46889	1	FFFF00	30004	11590	316	316	2316	39999	0	4	0	4	0	Null	0	Null	0	1	1	270	23	84	281730	1	9620	9620	1	1	1	7	121	1	1	71	0	0	0	0	0	0	0	0	0	0	0.8 	120 	0	0	1	1	1	2.5	0	0	0	0	0	0	0	0	0	1	0	0	0	0	0	0	0	0	1	42	1	1000	1	30	1	500	1	75	2	-25	0	0	0	0	1	41	1	4	0	0	0	0	0	0	0	0	0	0	0	0	0	0	0	0	0	0	0	0	0	0	0	0	0	1	0	0	0	0	0	0	0	0	0	0	0	0	0	0	0	0	0	0	0	0	0	0	0	0	0	0	0	0	0	0	0	0	0	0	328	401	0	0	0	0	0	0	0	0	0	0	0	0		//	-22	-20				-42	-8.4	-6	71
	50551	0	0	네프티스의_한손석궁_일본_귀속	46890	1	FFFF00	30007	11590	616	616	2716	39999	0	7	0	7	0	Null	0	Null	0	1	1	270	23	75	219630	1	9620	9620	1	1	1	7	121	1	1	71	0	0	0	0	0	0	0	0	0	0	0.8 	150 	0	0	2	2	2	19	0	0	0	0	0	0	0	0	0	0	0	1	0	0	0	0	0	0	1	42	1	1000	1	30	1	500	1	75	2	-25	0	0	0	0	1	41	1	2	0	0	0	0	0	0	0	0	0	0	0	0	0	0	0	0	0	0	0	0	0	0	0	0	0	1	0	0	0	0	0	0	0	0	0	0	0	0	0	0	0	0	0	0	0	0	0	0	0	0	0	0	0	0	0	0	0	0	0	0	240	289	0	0	0	0	0	0	0	0	0	0	0	0		//	-16	-23				-39	-7.8	-5	71
	50552	0	0	네프티스의_에테르웨폰_일본_귀속	46890	1	FFFF00	30008	11590	716	716	2616	39999	0	8	0	8	0	Null	0	Null	0	1	1	270	23	75	543750	1	9620	9620	1	1	1	7	121	1	1	71	0	0	0	0	0	0	0	0	0	0	0.8 	105 	0	0	2	2	2	16	0	0	0	0	0	0	0	0	0	0	0	1	0	0	0	0	0	0	1	42	1	1000	1	30	1	500	1	75	2	-25	0	0	0	0	1	41	1	3	0	0	0	0	0	0	0	0	0	0	0	0	0	0	0	0	0	0	0	0	0	0	0	0	0	1	0	0	0	0	0	0	0	0	0	0	0	0	0	0	0	0	0	0	0	0	0	0	0	0	0	0	0	0	0	0	0	0	0	0	290	404	0	0	0	0	0	0	0	0	0	0	0	0		//	-16	-23				-39	-7.8	-5	71
	50553	0	0	클로리스의_지팡이_일본_귀속	46891	1	FFFF00	30009	11590	816	816	2816	39999	0	10	0	10	0	Null	0	Null	0	1	1	270	23	66	408600	1	9620	9620	1	1	1	7	121	1	1	71	0	0	0	0	0	0	0	0	0	0	0.8 	95 	0	0	1	1	4	2.5	0	0	0	0	0	0	0	0	0	0	0	0	1	0	0	0	0	0	1	42	1	1000	1	30	1	500	1	75	2	-25	0	0	0	0	1	41	1	1	0	0	0	0	0	0	0	0	0	0	0	0	0	0	0	0	0	0	0	0	0	0	0	0	0	1	0	0	0	0	0	0	0	0	0	0	0	0	0	0	0	0	0	0	0	0	0	0	0	0	0	0	0	0	0	0	0	0	0	0	452	492	0	0	0	0	0	0	0	0	0	0	0	0		//				-25	-22	-47	-9.4	-7	71
	50554	0	0	클로리스의_오브_일본_귀속	46891	1	FFFF00	30010	11590	916	916	2916	39999	0	11	0	11	0	Null	0	Null	0	1	1	270	23	66	343080	1	9620	9620	1	1	1	7	121	1	1	71	0	0	0	0	0	0	0	0	0	0	0.8 	100 	0	0	2	2	4	13	0	0	0	0	0	0	0	0	0	0	0	0	1	0	0	0	0	0	1	42	1	1000	1	30	1	500	1	75	2	-25	1	34	2	-5	1	41	1	1	0	0	0	0	0	0	0	0	0	0	0	0	0	0	0	0	0	0	0	0	0	0	0	0	0	1	0	0	0	0	0	0	0	0	0	0	0	0	0	0	0	0	0	0	0	0	0	0	0	0	0	0	0	0	0	0	0	0	0	0	363	392	0	0	0	0	0	0	0	0	0	0	0	0		//				-25	-22	-47	-9.4	-7	71
	50555	0	0	야누비스의_대거_일본_귀속	46892	1	FFFF00	31156	11590	416	416	2416	39999	0	5	0	5	0	Null	0	Null	0	1	1	270	23	84	182520	1	9620	9620	1	1	1	7	121	1	1	71	0	0	0	0	0	0	0	0	0	0	0.8 	140 	0	0	1	1	1	2.5	0	0	0	0	0	0	0	0	0	0	1	0	0	0	0	0	0	0	1	42	1	1000	1	30	1	500	1	75	2	-25	0	0	0	0	1	41	1	2	0	0	0	0	0	0	0	0	0	0	0	0	0	0	0	0	0	0	0	0	0	0	0	0	0	1	0	0	0	0	0	0	0	0	0	0	0	0	0	0	0	0	0	0	0	0	0	0	0	0	0	0	0	0	0	0	0	0	0	0	308	348	0	0	0	0	0	0	0	0	0	0	0	0		//	-19			-18		-37	-7.4	-5	71
	50556	0	0	야누비스의_채찍검_일본_귀속	46892	1	FFFF00	31157	11590	516	516	2516	39999	0	6	0	6	0	Null	0	Null	0	1	1	270	23	84	281730	1	9620	9620	1	1	1	7	121	1	1	71	0	0	0	0	0	0	0	0	0	0	0.8 	125 	0	0	1	1	1	3.5	0	0	0	0	0	0	0	0	0	0	1	0	0	0	0	0	0	0	1	42	1	1000	1	30	1	500	1	75	2	-25	0	0	0	0	1	41	1	3	0	0	0	0	0	0	0	0	0	0	0	0	0	0	0	0	0	0	0	0	0	0	0	0	0	1	0	0	0	0	0	0	0	0	0	0	0	0	0	0	0	0	0	0	0	0	0	0	0	0	0	0	0	0	0	0	0	0	0	0	321	401	0	0	0	0	0	0	0	0	0	0	0	0		//	-19			-18		-37	-7.4	-5	71
	50557	0	0	헤카테_건틀렛_일본_귀속	46893	1	FFFF00	30011	11590	957	957	2957	39999	0	14	0	14	0	Null	0	Null	0	1	1	270	23	84	619950	1	9620	9620	1	1	1	7	121	1	1	71	0	0	0	0	0	0	0	0	0	0	0.8 	135 	0	0	1	1	3	1	0	0	0	0	0	0	0	0	0	0	0	0	0	1	0	0	0	0	1	42	1	1000	1	30	1	500	1	75	2	-25	0	0	0	0	1	41	1	2	0	0	0	0	0	0	0	0	0	0	0	0	0	0	0	0	0	0	0	0	0	0	0	0	0	1	0	0	0	0	0	0	0	0	0	0	0	0	0	0	0	0	0	0	0	0	0	0	0	0	0	0	0	0	0	0	0	0	0	0	334.4	387.55	0	0	0	0	0	0	0	0	0	0	0	0		//		-21		-19		-40	-8	-6	71
	50558	0	0	헤카테_에테르사이드_일본_귀속	46893	1	FFFF00	30012	11590	978	978	2978	39999	0	15	0	15	0	Null	0	Null	0	1	1	270	23	84	400020	1	9620	9620	1	1	1	7	121	1	1	71	0	0	0	0	0	0	0	0	0	0	0.8 	120 	0	0	1	1	1	2	0	0	0	0	0	0	0	0	0	0	0	0	0	1	0	0	0	0	1	42	1	1000	1	30	1	500	1	75	2	-25	0	0	0	0	1	41	1	3	0	0	0	0	0	0	0	0	0	0	0	0	0	0	0	0	0	0	0	0	0	0	0	0	0	1	0	0	0	0	0	0	0	0	0	0	0	0	0	0	0	0	0	0	0	0	0	0	0	0	0	0	0	0	0	0	0	0	0	0	319	451.95	0	0	0	0	0	0	0	0	0	0	0	0		//		-21		-19		-40	-8	-6	71
	50559	0	0	오시리스의_에테르블래스터_일본_귀속	46894	1	FFFF00	30013	11590	1073	1073	3083	39999	0	16	0	16	0	Null	0	Null	0	1	1	270	23	94	619950	1	9620	9620	1	1	1	7	121	1	1	71	0	0	0	0	0	0	0	0	0	0	0.8 	115 	0	0	1	1	3	1.5	0	0	0	0	0	0	0	0	0	0	0	0	0	0	1	0	0	0	1	42	1	1000	1	30	1	500	1	75	2	-25	0	0	0	0	1	41	1	4	0	0	0	0	0	0	0	0	0	0	0	0	0	0	0	0	0	0	0	0	0	0	0	0	0	1	0	0	0	0	0	0	0	0	0	0	0	0	0	0	0	0	0	0	0	0	0	0	0	0	0	0	0	0	0	0	0	0	0	0	355.3	453.1	0	0	0	0	0	0	0	0	0	0	0	0		//			-27		-20	-47	-9.4	-7	71
	50600	0	0	세크메트의_아크블레이드_일본_귀속	46905	1	FFFF00	30017	11590	1104	1103	3103	39999	0	17	0	17	0	Null	0	Null	0	1	1	270	23	90	619950	1	9620	9620	1	1	1	7	121	1	1	71	0	0	0	0	0	0	0	0	0	0	0.8 	125 	0	0	1	1	3	2	0	0	0	0	0	0	0	0	0	0	0	0	0	0	0	1	0	0	1	42	1	1000	1	30	1	500	1	75	2	-25	0	0	0	0	1	41	1	4	0	0	0	0	0	0	0	0	0	0	0	0	0	0	0	0	0	0	0	0	0	0	0	0	0	1	0	0	0	0	0	0	0	0	0	0	0	0	0	0	0	0	0	0	0	0	0	0	0	0	0	0	0	0	0	0	0	0	0	0	290	365	0	0	0	0	0	0	0	0	0	0	0	0		//		-20	-24			-44	-8.8	-6	71
	50560	0	0	파괴신_니벨룽의_양손도끼	45908	1	FFFF00	30001	11591	922	922	2922	39999	0	1	0	1	0	Null	0	Null	0	1	1	270	24	100	619950	1	26936	26936	1	1	1	7	121	1	1	78	0	0	0	0	0	0	0	0	0	0	0.8 	105 	0	0	1	1	3	1.5	0	0	0	0	0	0	0	0	1	0	0	0	0	0	0	0	0	0	1	42	1	1500	1	30	1	700	1	75	2	-25	0	0	0	0	1	41	1	3	0	0	0	0	0	0	0	0	0	0	0	0	0	0	0	0	0	0	0	0	0	0	0	0	0	1	0	0	0	0	0	0	0	0	0	0	0	0	0	0	0	0	0	0	0	0	0	0	0	0	0	0	0	0	0	0	0	0	0	0	442	627	0	0	0	0	0	0	0	0	0	0	0	0		//	-26		-27			-53	-10.6	-8	78
	50561	0	0	파괴신_니벨룽의_양손검	45908	1	FFFF00	30002	11591	923	923	2923	39999	0	2	0	2	0	Null	0	Null	0	1	1	270	24	100	400020	1	26936	26936	1	1	1	7	121	1	1	78	0	0	0	0	0	0	0	0	0	0	0.8 	115 	0	0	1	1	1	1.8	0	0	0	0	0	0	0	0	1	0	0	0	0	0	0	0	0	0	1	42	1	1500	1	30	1	700	1	75	2	-25	0	0	0	0	1	41	1	5	0	0	0	0	0	0	0	0	0	0	0	0	0	0	0	0	0	0	0	0	0	0	0	0	0	1	0	0	0	0	0	0	0	0	0	0	0	0	0	0	0	0	0	0	0	0	0	0	0	0	0	0	0	0	0	0	0	0	0	0	479	612	0	0	0	0	0	0	0	0	0	0	0	0		//	-26		-27			-53	-10.6	-8	78
	50562	0	0	저주의_이그드라실의_한손검	45909	1	FFFF00	30003	11591	924	924	2924	39999	0	3	0	3	0	Null	0	Null	0	1	1	270	24	89	182520	1	26936	26936	1	1	1	7	121	1	1	78	0	0	0	0	0	0	0	0	0	0	0.8 	135 	0	0	1	1	1	1	0	0	0	0	0	0	0	0	0	1	0	0	0	0	0	0	0	0	1	42	1	1500	1	30	1	700	1	75	2	-25	0	0	0	0	1	41	1	2	0	0	0	0	0	0	0	0	0	0	0	0	0	0	0	0	0	0	0	0	0	0	0	0	0	1	0	0	0	0	0	0	0	0	0	0	0	0	0	0	0	0	0	0	0	0	0	0	0	0	0	0	0	0	0	0	0	0	0	0	348	401	0	0	0	0	0	0	0	0	0	0	0	0		//	-22	-20				-42	-8.4	-6	78
	50563	0	0	저주의_이그드라실의_창	45909	1	FFFF00	30004	11591	925	925	2925	39999	0	4	0	4	0	Null	0	Null	0	1	1	270	24	89	281730	1	26936	26936	1	1	1	7	121	1	1	78	0	0	0	0	0	0	0	0	0	0	0.8 	120 	0	0	1	1	1	2.5	0	0	0	0	0	0	0	0	0	1	0	0	0	0	0	0	0	0	1	42	1	1500	1	30	1	700	1	75	2	-25	0	0	0	0	1	41	1	4	0	0	0	0	0	0	0	0	0	0	0	0	0	0	0	0	0	0	0	0	0	0	0	0	0	1	0	0	0	0	0	0	0	0	0	0	0	0	0	0	0	0	0	0	0	0	0	0	0	0	0	0	0	0	0	0	0	0	0	0	383	470	0	0	0	0	0	0	0	0	0	0	0	0		//	-22	-20				-42	-8.4	-6	78
	50564	0	0	타락한_네프티스의_한손석궁	45910	1	FFFF00	30007	11591	926	926	2927	39999	0	7	0	7	0	Null	0	Null	0	1	1	270	24	79	219630	1	26936	26936	1	1	1	7	121	1	1	78	0	0	0	0	0	0	0	0	0	0	0.8 	150 	0	0	2	2	2	19	0	0	0	0	0	0	0	0	0	0	0	1	0	0	0	0	0	0	1	42	1	1500	1	30	1	700	1	75	2	-25	0	0	0	0	1	41	1	2	0	0	0	0	0	0	0	0	0	0	0	0	0	0	0	0	0	0	0	0	0	0	0	0	0	1	0	0	0	0	0	0	0	0	0	0	0	0	0	0	0	0	0	0	0	0	0	0	0	0	0	0	0	0	0	0	0	0	0	0	281	338	0	0	0	0	0	0	0	0	0	0	0	0		//	-16	-23				-39	-7.8	-5	78
	50565	0	0	타락한_네프티스의_에테르웨폰	45910	1	FFFF00	30008	11591	927	927	2926	39999	0	8	0	8	0	Null	0	Null	0	1	1	270	24	79	543750	1	26936	26936	1	1	1	7	121	1	1	78	0	0	0	0	0	0	0	0	0	0	0.8 	105 	0	0	2	2	2	16	0	0	0	0	0	0	0	0	0	0	0	1	0	0	0	0	0	0	1	42	1	1500	1	30	1	700	1	75	2	-25	0	0	0	0	1	41	1	3	0	0	0	0	0	0	0	0	0	0	0	0	0	0	0	0	0	0	0	0	0	0	0	0	0	1	0	0	0	0	0	0	0	0	0	0	0	0	0	0	0	0	0	0	0	0	0	0	0	0	0	0	0	0	0	0	0	0	0	0	340	472	0	0	0	0	0	0	0	0	0	0	0	0		//	-16	-23				-39	-7.8	-5	78
	50566	0	0	죽음의_클로리스의_지팡이	45911	1	FFFF00	30009	11591	928	928	2928	39999	0	10	0	10	0	Null	0	Null	0	1	1	270	24	71	408600	1	26936	26936	1	1	1	7	121	1	1	78	0	0	0	0	0	0	0	0	0	0	0.8 	95 	0	0	1	1	4	2.5	0	0	0	0	0	0	0	0	0	0	0	0	1	0	0	0	0	0	1	42	1	1500	1	30	1	700	1	75	2	-25	0	0	0	0	1	41	1	1	0	0	0	0	0	0	0	0	0	0	0	0	0	0	0	0	0	0	0	0	0	0	0	0	0	1	0	0	0	0	0	0	0	0	0	0	0	0	0	0	0	0	0	0	0	0	0	0	0	0	0	0	0	0	0	0	0	0	0	0	530	576	0	0	0	0	0	0	0	0	0	0	0	0		//				-25	-22	-47	-9.4	-7	78
	50567	0	0	죽음의_클로리스의_오브	45911	1	FFFF00	30010	11591	929	929	2929	39999	0	11	0	11	0	Null	0	Null	0	1	1	270	24	71	343080	1	26936	26936	1	1	1	7	121	1	1	78	0	0	0	0	0	0	0	0	0	0	0.8 	100 	0	0	2	2	4	13	0	0	0	0	0	0	0	0	0	0	0	0	1	0	0	0	0	0	1	42	1	1500	1	30	1	700	1	75	2	-25	1	34	2	-5	1	41	1	1	0	0	0	0	0	0	0	0	0	0	0	0	0	0	0	0	0	0	0	0	0	0	0	0	0	1	0	0	0	0	0	0	0	0	0	0	0	0	0	0	0	0	0	0	0	0	0	0	0	0	0	0	0	0	0	0	0	0	0	0	426	458	0	0	0	0	0	0	0	0	0	0	0	0		//				-25	-22	-47	-9.4	-7	78
	50568	0	0	탐욕의_야누비스의_대거	45912	1	FFFF00	31156	11591	930	930	2930	39999	0	5	0	5	0	Null	0	Null	0	1	1	270	24	88	182520	1	26936	26936	1	1	1	7	121	1	1	78	0	0	0	0	0	0	0	0	0	0	0.8 	140 	0	0	1	1	1	2.5	0	0	0	0	0	0	0	0	0	0	1	0	0	0	0	0	0	0	1	42	1	1500	1	30	1	700	1	75	2	-25	0	0	0	0	1	41	1	2	0	0	0	0	0	0	0	0	0	0	0	0	0	0	0	0	0	0	0	0	0	0	0	0	0	1	0	0	0	0	0	0	0	0	0	0	0	0	0	0	0	0	0	0	0	0	0	0	0	0	0	0	0	0	0	0	0	0	0	0	361	408	0	0	0	0	0	0	0	0	0	0	0	0		//	-19			-18		-37	-7.4	-5	78
	50569	0	0	탐욕의_야누비스의_채찍검	45912	1	FFFF00	31157	11591	931	931	2931	39999	0	6	0	6	0	Null	0	Null	0	1	1	270	24	88	281730	1	26936	26936	1	1	1	7	121	1	1	78	0	0	0	0	0	0	0	0	0	0	0.8 	125 	0	0	1	1	1	3.5	0	0	0	0	0	0	0	0	0	0	1	0	0	0	0	0	0	0	1	42	1	1500	1	30	1	700	1	75	2	-25	0	0	0	0	1	41	1	3	0	0	0	0	0	0	0	0	0	0	0	0	0	0	0	0	0	0	0	0	0	0	0	0	0	1	0	0	0	0	0	0	0	0	0	0	0	0	0	0	0	0	0	0	0	0	0	0	0	0	0	0	0	0	0	0	0	0	0	0	376	470	0	0	0	0	0	0	0	0	0	0	0	0		//	-19			-18		-37	-7.4	-5	78
	50570	0	0	증오의_헤카테_건틀렛	45913	1	FFFF00	30011	11591	959	959	2959	39999	0	14	0	12	0	Null	0	Null	0	1	1	270	24	89	619950	1	26936	26936	1	1	1	7	121	1	1	78	0	0	0	0	0	0	0	0	0	0	0.8 	135 	0	0	1	1	3	1	0	0	0	0	0	0	0	0	0	0	0	0	0	1	0	0	0	0	1	42	1	1500	1	30	1	700	1	75	2	-25	0	0	0	0	1	41	1	2	0	0	0	0	0	0	0	0	0	0	0	0	0	0	0	0	0	0	0	0	0	0	0	0	0	1	0	0	0	0	0	0	0	0	0	0	0	0	0	0	0	0	0	0	0	0	0	0	0	0	0	0	0	0	0	0	0	0	0	0	392.7	453.1	0	0	0	0	0	0	0	0	0	0	0	0		//		-21		-19		-40	-8	-6	78
	50571	0	0	증오의_헤카테_에테르사이드	45913	1	FFFF00	30012	11591	980	980	2980	39999	0	15	0	13	0	Null	0	Null	0	1	1	270	24	89	400020	1	26936	26936	1	1	1	7	121	1	1	78	0	0	0	0	0	0	0	0	0	0	0.8 	120 	0	0	1	1	1	2	0	0	0	0	0	0	0	0	0	0	0	0	0	1	0	0	0	0	1	42	1	1500	1	30	1	700	1	75	2	-25	0	0	0	0	1	41	1	3	0	0	0	0	0	0	0	0	0	0	0	0	0	0	0	0	0	0	0	0	0	0	0	0	0	1	0	0	0	0	0	0	0	0	0	0	0	0	0	0	0	0	0	0	0	0	0	0	0	0	0	0	0	0	0	0	0	0	0	0	374	529	0	0	0	0	0	0	0	0	0	0	0	0		//		-21		-19		-40	-8	-6	78
	50572	0	0	분노의_오시리스_에테르블래스터	45914	1	FFFF00	30013	11591	1074	1074	3084	39999	0	16	0	16	0	Null	0	Null	0	1	1	270	24	100	619950	1	26936	26936	1	1	1	7	121	1	1	78	0	0	0	0	0	0	0	0	0	0	0.8 	115 	0	0	1	1	3	1.5	0	0	0	0	0	0	0	0	0	0	0	0	0	0	1	0	0	0	1	42	1	1500	1	30	1	700	1	75	2	-25	0	0	0	0	1	41	1	4	0	0	0	0	0	0	0	0	0	0	0	0	0	0	0	0	0	0	0	0	0	0	0	0	0	1	0	0	0	0	0	0	0	0	0	0	0	0	0	0	0	0	0	0	0	0	0	0	0	0	0	0	0	0	0	0	0	0	0	0	415.8	531.3	0	0	0	0	0	0	0	0	0	0	0	0		//			-27		-20	-47	-9.4	-7	78
	50622	0	0	냉정한세크메트의_아크블레이드	46906	1	FFFF00	30017	11591	1106	1105	3104	39999	0	17	0	17	0	Null	0	Null	0	1	1	270	24	94	619950	1	26936	26936	1	1	1	7	121	1	1	78	0	0	0	0	0	0	0	0	0	0	0.8 	125 	0	0	1	1	3	2	0	0	0	0	0	0	0	0	0	0	0	0	0	0	0	1	0	0	1	42	1	1500	1	30	1	700	1	75	2	-25	0	0	0	0	1	41	1	4	0	0	0	0	0	0	0	0	0	0	0	0	0	0	0	0	0	0	0	0	0	0	0	0	0	1	0	0	0	0	0	0	0	0	0	0	0	0	0	0	0	0	0	0	0	0	0	0	0	0	0	0	0	0	0	0	0	0	0	0	341	427	0	0	0	0	0	0	0	0	0	0	0	0		//		-20	-24			-44	-8.8	-6	78
//국내 유니크2 이벤트 무기																																																																										0																																																																																																	//									
	50608	0	0	몬트샤인의양손도끼_중국식	44377	0	0	30001	44391	1	1	2001	39918	0	1	0	1	0	Null	0	Null	0	0	0	0	1	121	715470	1	1	1	1	0	1	295	48	0	1	85	0	0	0	0	0	0	0	0	1	2	0.8 	105 	0	0	1	1	3	1.5	0	0	0	0	0	0	0	0	1	0	0	0	0	0	0	0	0	0	0	0	0	0	0	0	0	0	0	0	0	0	0	0	0	0	1	41	1	3	0	0	0	0	0	0	0	0	0	0	0	0	0	0	0	0	0	0	0	0	0	0	0	0	0	1	0	0	0	0	0	0	0	0	0	0	0	0	0	0	0	0	0	0	0	0	0	0	0	0	0	0	0	0	0	0	0	0	0	0	0	0	0	0	0	0	0	0	0	0	0	0	0	0		//									
	50609	0	0	몬트샤인의양손검_중국식	44377	0	0	30002	44391	101	101	2101	39918	0	2	0	2	0	Null	0	Null	0	0	0	0	1	121	429690	1	1	1	1	0	1	295	48	0	1	85	0	0	0	0	0	0	0	0	1	2	0.8 	115 	0	0	1	1	1	1.8	0	0	0	0	0	0	0	0	1	0	0	0	0	0	0	0	0	0	0	0	0	0	0	0	0	0	0	0	0	0	0	0	0	0	1	41	1	5	0	0	0	0	0	0	0	0	0	0	0	0	0	0	0	0	0	0	0	0	0	0	0	0	0	1	0	0	0	0	0	0	0	0	0	0	0	0	0	0	0	0	0	0	0	0	0	0	0	0	0	0	0	0	0	0	0	0	0	0	0	0	0	0	0	0	0	0	0	0	0	0	0	0		//									
	50610	0	0	몬트샤인의한손검_중국식	44377	0	0	30003	44391	201	201	2201	39918	0	3	0	3	0	Null	0	Null	0	0	0	0	1	109	345060	1	1	1	1	0	1	295	48	0	1	85	0	0	0	0	0	0	0	0	1	2	0.8 	135 	0	0	1	1	1	1	0	0	0	0	0	0	0	0	0	1	0	0	0	0	0	0	0	0	0	0	0	0	0	0	0	0	0	0	0	0	0	0	0	0	1	41	1	2	0	0	0	0	0	0	0	0	0	0	0	0	0	0	0	0	0	0	0	0	0	0	0	0	0	1	0	0	0	0	0	0	0	0	0	0	0	0	0	0	0	0	0	0	0	0	0	0	0	0	0	0	0	0	0	0	0	0	0	0	0	0	0	0	0	0	0	0	0	0	0	0	0	0		//									
	50611	0	0	몬트샤인의_창_중국식	44377	0	0	30004	44391	301	301	2301	39918	0	4	0	4	0	Null	0	Null	0	0	0	0	1	109	457680	1	1	1	1	0	1	295	48	0	1	85	0	0	0	0	0	0	0	0	1	2	0.8 	120 	0	0	1	1	1	2.5	0	0	0	0	0	0	0	0	0	1	0	0	0	0	0	0	0	0	0	0	0	0	0	0	0	0	0	0	0	0	0	0	0	0	1	41	1	4	0	0	0	0	0	0	0	0	0	0	0	0	0	0	0	0	0	0	0	0	0	0	0	0	0	1	0	0	0	0	0	0	0	0	0	0	0	0	0	0	0	0	0	0	0	0	0	0	0	0	0	0	0	0	0	0	0	0	0	0	0	0	0	0	0	0	0	0	0	0	0	0	0	0		//									
	50612	0	0	몬트샤인의지팡이_중국식	44377	0	0	30009	44391	801	801	2801	39918	0	10	0	10	0	Null	0	Null	0	0	0	0	1	87	695280	1	1	1	1	0	1	295	48	0	1	85	0	0	0	0	0	0	0	0	1	2	0.8 	95 	0	0	1	1	4	2.5	0	0	0	0	0	0	0	0	0	0	0	0	1	0	0	0	0	0	0	0	0	0	0	0	0	0	0	0	0	0	0	0	0	0	1	41	1	1	0	0	0	0	0	0	0	0	0	0	0	0	0	0	0	0	0	0	0	0	0	0	0	0	0	1	0	0	0	0	0	0	0	0	0	0	0	0	0	0	0	0	0	0	0	0	0	0	0	0	0	0	0	0	0	0	0	0	0	0	0	0	0	0	0	0	0	0	0	0	0	0	0	0		//									
	50613	0	0	몬트샤인의오브_중국식	44377	0	0	30010	44391	901	901	2901	39918	0	11	0	11	0	Null	0	Null	0	0	0	0	1	87	567510	1	1	1	1	0	1	295	48	0	1	85	0	0	0	0	0	0	0	0	1	2	0.8 	100 	0	0	2	2	4	13	0	0	0	0	0	0	0	0	0	0	0	0	1	0	0	0	0	0	0	0	0	0	0	0	0	0	0	0	0	0	0	0	0	0	1	41	1	1	0	0	0	0	0	0	0	0	0	0	0	0	0	0	0	0	0	0	0	0	0	0	0	0	0	1	0	0	0	0	0	0	0	0	0	0	0	0	0	0	0	0	0	0	0	0	0	0	0	0	0	0	0	0	0	0	0	0	0	0	0	0	0	0	0	0	0	0	0	0	0	0	0	0		//									
	50614	0	0	몬트샤인의한손석궁_중국식	44377	0	0	30007	44391	601	601	2601	39918	0	7	0	7	0	Null	0	Null	0	0	0	0	1	97	237750	1	1	1	1	0	1	295	48	0	1	85	0	0	0	0	0	0	0	0	1	2	0.8 	150 	0	0	2	2	2	19	0	0	0	0	0	0	0	0	0	0	0	1	0	0	0	0	0	0	0	0	0	0	0	0	0	0	0	0	0	0	0	0	0	0	1	41	1	2	0	0	0	0	0	0	0	0	0	0	0	0	0	0	0	0	0	0	0	0	0	0	0	0	0	1	0	0	0	0	0	0	0	0	0	0	0	0	0	0	0	0	0	0	0	0	0	0	0	0	0	0	0	0	0	0	0	0	0	0	0	0	0	0	0	0	0	0	0	0	0	0	0	0		//									
	50615	0	0	몬트샤인의에테르웨폰_중국식	44377	0	0	30008	44391	701	701	2701	39918	0	8	0	8	0	Null	0	Null	0	0	0	0	1	97	376650	1	1	1	1	0	1	295	48	0	1	85	0	0	0	0	0	0	0	0	1	2	0.8 	105 	0	0	2	2	2	16	0	0	0	0	0	0	0	0	0	0	0	1	0	0	0	0	0	0	0	0	0	0	0	0	0	0	0	0	0	0	0	0	0	0	1	41	1	3	0	0	0	0	0	0	0	0	0	0	0	0	0	0	0	0	0	0	0	0	0	0	0	0	0	1	0	0	0	0	0	0	0	0	0	0	0	0	0	0	0	0	0	0	0	0	0	0	0	0	0	0	0	0	0	0	0	0	0	0	0	0	0	0	0	0	0	0	0	0	0	0	0	0		//									
	50616	0	0	몬트샤인의대거_중국식	44377	0	0	31156	44391	401	401	2401	39918	0	5	0	5	0	Null	0	Null	0	0	0	0	1	108	345060	1	1	1	1	0	1	295	48	0	1	85	0	0	0	0	0	0	0	0	1	2	0.8 	140 	0	0	1	1	1	2.5	0	0	0	0	0	0	0	0	0	0	1	0	0	0	0	0	0	0	0	0	0	0	0	0	0	0	0	0	0	0	0	0	0	0	1	41	1	2	0	0	0	0	0	0	0	0	0	0	0	0	0	0	0	0	0	0	0	0	0	0	0	0	0	1	0	0	0	0	0	0	0	0	0	0	0	0	0	0	0	0	0	0	0	0	0	0	0	0	0	0	0	0	0	0	0	0	0	0	0	0	0	0	0	0	0	0	0	0	0	0	0	0		//									
	50617	0	0	몬트샤인의채찍검_중국식	44377	0	0	31157	44391	501	501	2501	39918	0	6	0	6	0	Null	0	Null	0	0	0	0	1	108	457680	1	1	1	1	0	1	295	48	0	1	85	0	0	0	0	0	0	0	0	1	2	0.8 	125 	0	0	1	1	1	3.5	0	0	0	0	0	0	0	0	0	0	1	0	0	0	0	0	0	0	0	0	0	0	0	0	0	0	0	0	0	0	0	0	0	0	1	41	1	3	0	0	0	0	0	0	0	0	0	0	0	0	0	0	0	0	0	0	0	0	0	0	0	0	0	1	0	0	0	0	0	0	0	0	0	0	0	0	0	0	0	0	0	0	0	0	0	0	0	0	0	0	0	0	0	0	0	0	0	0	0	0	0	0	0	0	0	0	0	0	0	0	0	0		//									
	50618	0	0	몬트샤인의건틀렛_중국식	44377	0	0	30011	44391	942	942	2942	39918	0	14	0	14	0	Null	0	Null	0	0	0	0	1	109	715470	1	1	1	1	0	1	295	48	0	1	85	0	0	0	0	0	0	0	0	1	2	0.8 	135 	0	0	1	1	3	1	0	0	0	0	0	0	0	0	0	0	0	0	0	1	0	0	0	0	0	0	0	0	0	0	0	0	0	0	0	0	0	0	0	0	1	41	1	2	0	0	0	0	0	0	0	0	0	0	0	0	0	0	0	0	0	0	0	0	0	0	0	0	0	1	0	0	0	0	0	0	0	0	0	0	0	0	0	0	0	0	0	0	0	0	0	0	0	0	0	0	0	0	0	0	0	0	0	0	0	0	0	0	0	0	0	0	0	0	0	0	0	0		//									
	50619	0	0	몬트샤인의에테르사이드_중국식	44377	0	0	30012	44391	963	963	2963	39918	0	15	0	15	0	Null	0	Null	0	0	0	0	1	109	429690	1	1	1	1	0	1	295	48	0	1	85	0	0	0	0	0	0	0	0	1	2	0.8 	120 	0	0	1	1	1	2	0	0	0	0	0	0	0	0	0	0	0	0	0	1	0	0	0	0	0	0	0	0	0	0	0	0	0	0	0	0	0	0	0	0	1	41	1	3	0	0	0	0	0	0	0	0	0	0	0	0	0	0	0	0	0	0	0	0	0	0	0	0	0	1	0	0	0	0	0	0	0	0	0	0	0	0	0	0	0	0	0	0	0	0	0	0	0	0	0	0	0	0	0	0	0	0	0	0	0	0	0	0	0	0	0	0	0	0	0	0	0	0		//									
	50620	0	0	몬트샤인의에테르블래스터_중국식	44377	0	0	30013	44391	1058	1058	3068	39918	0	16	0	16	0	Null	0	Null	0	0	0	0	1	121	715470	1	1	1	1	0	1	295	48	0	1	85	0	0	0	0	0	0	0	0	1	2	0.8 	115 	0	0	1	1	3	1.5	0	0	0	0	0	0	0	0	0	0	0	0	0	0	1	0	0	0	0	0	0	0	0	0	0	0	0	0	0	0	0	0	0	0	1	41	1	4	0	0	0	0	0	0	0	0	0	0	0	0	0	0	0	0	0	0	0	0	0	0	0	0	0	1	0	0	0	0	0	0	0	0	0	0	0	0	0	0	0	0	0	0	0	0	0	0	0	0	0	0	0	0	0	0	0	0	0	0	0	0	0	0	0	0	0	0	0	0	0	0	0	0		//									
	50621	0	0	몬트샤인의아크블레이드_중국식	44377	0	0	30017	44391	1084	1083	3093	39999	0	17	0	17	0	Null	0	Null	0	0	0	0	1	114	715470	1	1	1	1	0	1	295	48	0	1	85	0	0	0	0	0	0	0	0	1	2	0.8 	125 	0	0	1	1	3	2	0	0	0	0	0	0	0	0	0	0	0	0	0	0	0	1	0	0	0	0	0	0	0	0	0	0	0	0	0	0	0	0	0	0	1	41	1	4	0	0	0	0	0	0	0	0	0	0	0	0	0	0	0	0	0	0	0	0	0	0	0	0	0	1	0	0	0	0	0	0	0	0	0	0	0	0	0	0	0	0	0	0	0	0	0	0	0	0	0	0	0	0	0	0	0	0	0	0	0	0	0	0	0	0	0	0	0	0	0	0	0	0		//									
	35130	0	0	엘리트6.5_랜스	31298	1	FFFF00	404532	30697	33	33	133	39999	0	18	0	18	0	Null	0	Null	0	1	1	270	41	144	182520	1	149110	149110	1	0	1	0	125	0	0	175	0	0	0	0	0	0	0	0	0	0	0.8	125	0	0	1	1	1	2.5	0	0	0	0	0	0	0	0	0	0	0	0	0	0	0	0	1	0	1	42	1	8500	1	30	1	7800	1	108	1	5	1	75	2	-25	0	62	1	-1000	0	0	0	0	0	0	0	0	0	0	0	0	0	0	0	0	0	0	0	0	0	0	0	0	0	1	0	0	0	0	0	0	0	0	0	0	0	0	0	0	0	0	0	0	0	0	0	0	0	0	0	0	0	0	0	0	0	0	0	0	2059	2615	0	0	0	0	0	0	0	0	0	0	0	0											
	35131	0	0	엘리트7_랜스	204715	1	FFFF00	404532	204741	33	33	133	39999	0	18	0	18	0	Null	0	Null	0	1	1	270	43	149	182520	1	158730	158730	1	0	1	0	125	0	0	182	0	0	0	0	0	0	0	0	0	0	0.8	125	0	0	1	1	1	2.5	0	0	0	0	0	0	0	0	0	0	0	0	0	0	0	0	1	0	1	42	1	9700	1	30	1	9400	1	108	1	5	1	75	2	-25	0	62	1	-1000	0	0	0	0	0	0	0	0	0	0	0	0	0	0	0	0	0	0	0	0	0	0	0	0	0	1	0	0	0	0	0	0	0	0	0	0	0	0	0	0	0	0	0	0	0	0	0	0	0	0	0	0	0	0	0	0	0	0	0	0	2450	3128	0	0	0	0	0	0	0	0	0	0	0	0											
	35132	0	0	엘리트7.5_랜스	204716	1	FFFF00	404532	204741	34	34	134	39999	0	18	0	18	0	Null	0	Null	0	1	1	270	45	149	182520	1	220000	220000	1	0	1	4	125	0	0	184	0	0	0	0	0	0	0	0	0	0	0.8	125	0	0	1	1	1	2.5	0	0	0	0	0	0	0	0	0	0	0	0	0	0	0	0	1	0	1	42	1	10900	1	30	1	11000	1	108	1	5	1	75	2	-25	0	62	1	-1000	0	0	0	0	0	0	0	0	0	0	0	0	0	0	0	0	0	0	0	0	0	0	0	0	0	1	0	0	0	0	0	0	0	0	0	0	0	0	0	0	0	0	0	0	0	0	0	0	0	0	0	0	0	0	0	0	0	0	0	0	2909	3728	0	0	0	0	0	0	0	0	0	0	0	0											
	35133	0	0	엘리트8_랜스	204717	1	FFFF00	404532	204741	35	35	135	39999	0	18	0	18	0	Null	0	Null	0	1	1	270	47	149	182520	1	220000	220000	1	0	1	4	125	0	0	186	0	0	0	0	0	0	0	0	0	0	0.8	125	0	0	1	1	1	2.5	0	0	0	0	0	0	0	0	0	0	0	0	0	0	0	0	1	0	1	42	1	12100	1	30	1	12600	1	108	1	5	1	75	2	-25	0	62	1	-1000	0	0	0	0	0	0	0	0	0	0	0	0	0	0	0	0	0	0	0	0	0	0	0	0	0	1	0	0	0	0	0	0	0	0	0	0	0	0	0	0	0	0	0	0	0	0	0	0	0	0	0	0	0	0	0	0	0	0	0	0	3446	4430	0	0	0	0	0	0	0	0	0	0	0	0											
	35134	0	0	엘리트8.5_랜스	204729	1	FFFF00	404532	204741	36	36	136	39999	0	18	0	18	0	Null	0	Null	0	1	1	270	49	149	182520	1	220000	220000	1	0	1	4	125	0	0	188	0	0	0	0	0	0	0	0	0	0	0.8	125	0	0	1	1	1	2.5	0	0	0	0	0	0	0	0	0	0	0	0	0	0	0	0	1	0	1	42	1	13300	1	30	1	14200	1	78	2	8	1	108	1	5	1	75	2	-25	0	0	0	0	0	0	0	0	0	0	0	0	0	0	0	0	0	0	0	0	0	0	0	0	0	1	0	0	0	0	0	0	0	0	0	0	0	0	0	0	0	0	0	0	0	0	0	0	0	0	0	0	0	0	0	0	0	0	0	0	4073	5252	0	0	0	0	0	0	0	0	0	0	0	0											
	35167	0	0	엘리트9_랜스	181982	1	FFFF00	404532	204741	72	72	56	39999	0	18	0	18	0	Null	0	Null	0	1	1	270	51	149	182520	1	220000	220000	1	0	1	4	125	0	0	190	0	0	0	0	0	0	0	0	0	0	0.8	125	0	0	1	1	1	2.5	0	0	0	0	0	0	0	0	0	0	0	0	0	0	0	0	1	0	1	42	1	14500	1	30	1	15800	1	78	2	16	1	108	1	5	1	75	2	-25	0	0	0	0	0	0	0	0	0	0	0	0	0	0	0	0	0	0	0	0	0	0	0	0	0	1	0	0	0	0	0	0	0	0	0	0	0	0	0	0	0	0	0	0	0	0	0	0	0	0	0	0	0	0	0	0	0	0	0	0	4806	6213	0	0	0	0	0	0	0	0	0	0	0	0											
	35135	0	0	유니크5_랜스	204737	1	FFA800	404532	204741	37	37	137	39999	0	18	0	18	0	Null	0	Null	0	2	1	270	44	154	345060	1	409750	409750	1	0	1	0	121	0	0	180	0	0	0	0	0	0	0	0	0	0	0.8	125	0	0	1	1	1	2.5	0	0	0	0	0	0	0	0	0	0	0	0	0	0	0	0	1	0	1	42	1	10300	1	30	1	10200	1	108	1	5	1	75	2	-25	1	62	1	-3000	0	0	0	0	0	0	0	0	0	0	0	0	0	0	0	0	0	0	0	0	0	0	0	0	0	1	0	0	0	0	0	0	0	0	0	0	0	0	0	0	0	0	0	0	0	0	0	0	0	0	0	0	0	0	0	0	0	0	0	0	0	0	0	0	0	0	2622	3189	0	0	0	0	0	0											
	35136	0	0	유니크5.5_랜스	204738	1	FFA800	404532	204741	38	38	138	39999	0	18	0	18	0	Null	0	Null	0	2	1	270	46	154	345060	1	447000	447000	1	0	1	0	121	0	0	182	0	0	0	0	0	0	0	0	0	0	0.8	125	0	0	1	1	1	2.5	0	0	0	0	0	0	0	0	0	0	0	0	0	0	0	0	1	0	1	42	1	11500	1	30	1	11800	1	35	1	970	1	75	2	-25	1	62	1	-4000	0	0	0	0	0	0	0	0	0	0	0	0	0	0	0	0	0	0	0	0	0	0	0	0	0	1	0	0	0	0	0	0	0	0	0	0	0	0	0	0	0	0	0	0	0	0	0	0	0	0	0	0	0	0	0	0	0	0	0	0	0	0	0	0	0	0	3110	3800	0	0	0	0	0	0											
	35137	0	0	유니크6_랜스	204739	1	FFA800	404532	204741	39	39	139	39999	0	18	0	18	0	Null	0	Null	0	2	1	270	48	154	345060	1	484250	484250	1	0	1	4	121	0	0	184	0	0	0	0	0	0	0	0	0	0	0.8	125	0	0	1	1	1	2.5	0	0	0	0	0	0	0	0	0	0	0	0	0	0	0	0	1	0	1	42	1	12700	1	30	1	13400	1	35	1	1083	1	75	2	-25	1	62	1	-5000	0	0	0	0	0	0	0	0	0	0	0	0	0	0	0	0	0	0	0	0	0	0	0	0	0	1	0	0	0	0	0	0	0	0	0	0	0	0	0	0	0	0	0	0	0	0	0	0	0	0	0	0	0	0	0	0	0	0	0	0	0	0	0	0	0	0	3680	4514	0	0	0	0	0	0											
	35152	0	0	유니크6.5_랜스	204740	1	FFA800	404532	204741	41	41	141	39999	0	18	0	18	0	Null	0	Null	0	2	1	270	50	154	345060	1	521500	521500	1	0	1	0	121	0	0	186	0	0	0	0	0	0	0	0	0	0	0.8	125	0	0	1	1	1	2.5	0	0	0	0	0	0	0	0	0	0	0	0	0	0	0	0	1	0	1	42	1	13900	1	30	1	13400	1	35	1	1213	1	75	2	-25	1	62	1	-5000	0	0	0	0	0	0	0	0	0	0	0	0	0	0	0	0	0	0	0	0	0	0	0	0	0	1	0	0	0	0	0	0	0	0	0	0	0	0	0	0	0	0	0	0	0	0	0	0	0	0	0	0	0	0	0	0	0	0	0	0	0	0	0	0	0	0	4347	5350	0	0	0	0	0	0											
	35129	0	0	복귀한영웅의_랜스	12829	1	FFFF00	404532	12828	31	31	131	39999	0	18	0	18	0	Null	0	Null	0	0	0	0	21	84	182520	1	21645	21645	0	0	1	295	112	0	0	10	0	0	0	0	0	0	0	0	2255	2872	0.8	125	0	0	1	1	1	2.5	0	0	0	0	0	0	0	0	0	0	0	0	0	0	0	0	1	0	1	42	1	8812	1	30	1	8625	1	108	1	1	1	75	2	-15	0	62	1	-1000	0	0	0	0	0	0	0	0	0	0	0	0	0	0	0	0	0	0	0	0	0	0	0	0	0	1	0	0	0	0	0	0	0	0	0	0	0	0	0	0	0	0	0	0	0	0	0	0	0	0	0	0	0	0	0	0	0	0	0	0	0	0	0	0	0	0	0	0	0	0	0	0	0	0											
	50294	0	0	미완의두르가_팔라딘랜스_22등급아이템(블루)	205873	0	0	404532	11596	322	322	12745	39999	0	18	0	18	0	Null	0	Null	0	3	0	0	22	85	619950	1	9620	9620	0	0	1	391	121	0	1	71	0	0	0	0	0	0	0	0	0	0	0.8	125	0	0	1	1	1	2.5	0	0	0	0	0	0	0	0	0	0	0	0	0	0	0	0	1	0	0	0	0	0	0	0	0	0	0	0	0	0	0	0	0	0	1	41	1	5	0	0	0	0	0	0	0	0	0	0	0	0	0	0	0	0	0	0	0	0	0	0	0	0	0	1	0	0	0	0	0	0	0	0	0	0	0	0	0	0	0	0	0	0	0	0	0	0	0	0	0	0	0	0	0	0	0	0	0	0	226	271	0	0	0	0	0	0	0	0	0	0	0	0											
	50295	0	0	미완의두르가_팔라딘랜스_22등급아이템(레드)	205874	0	0	404532	11596	323	323	12754	39999	0	18	0	18	0	Null	0	Null	0	3	0	0	22	85	619950	1	9620	9620	0	0	1	391	121	0	1	71	0	0	0	0	0	0	0	0	0	0	0.8	125	0	0	1	1	1	2.5	0	0	0	0	0	0	0	0	0	0	0	0	0	0	0	0	1	0	0	0	0	0	0	0	0	0	0	0	0	0	0	0	0	0	1	41	1	5	0	0	0	0	0	0	0	0	0	0	0	0	0	0	0	0	0	0	0	0	0	0	0	0	0	1	0	0	0	0	0	0	0	0	0	0	0	0	0	0	0	0	0	0	0	0	0	0	0	0	0	0	0	0	0	0	0	0	0	0	226	271	0	0	0	0	0	0	0	0	0	0	0	0											
	50296	0	0	팔라딘전장무기_A타입	204854	0	0	30017	11596	41785	41785	25808	39999	0	18	0	18	0	Null	0	Null	0	3	0	0	22	85	619950	1	9620	9620	0	0	1	391	121	0	1	71	0	0	0	0	0	0	0	0	0	0	0.8	125	0	0	1	1	1	2.5	0	0	0	0	0	0	0	0	0	0	0	0	0	0	0	0	1	0	0	0	0	0	0	0	0	0	0	0	0	0	0	0	0	0	1	41	1	5	0	0	0	0	0	0	0	0	0	0	0	0	0	0	0	0	0	0	0	0	0	0	0	0	0	1	0	0	0	0	0	0	0	0	0	0	0	0	0	0	0	0	0	0	0	0	0	0	0	0	0	0	0	0	0	0	0	0	0	0	226	271	0	0	0	0	0	0	0	0	0	0	0	0											
	50297	0	0	팔라딘전장무기_B타입	204854	0	0	30017	11596	41786	41786	25809	39999	0	18	0	18	0	Null	0	Null	0	3	0	0	22	85	619950	1	9620	9620	0	0	1	391	121	0	1	71	0	0	0	0	0	0	0	0	0	0	0.8	125	0	0	1	1	1	2.5	0	0	0	0	0	0	0	0	0	0	0	0	0	0	0	0	1	0	0	0	0	0	0	0	0	0	0	0	0	0	0	0	0	0	1	41	1	5	0	0	0	0	0	0	0	0	0	0	0	0	0	0	0	0	0	0	0	0	0	0	0	0	0	1	0	0	0	0	0	0	0	0	0	0	0	0	0	0	0	0	0	0	0	0	0	0	0	0	0	0	0	0	0	0	0	0	0	0	226	271	0	0	0	0	0	0	0	0	0	0	0	0											
	249	0	0	팔라딘_기본무기_랜스	30031	0	0	404532	0	40	40	140	39999	0	18	0	18	0	Null	0	Null	0	0	0	0	1	31	7770	1	25	25	0	0	1	0	0	0	0	1	0	0	0	0	0	0	0	0	52	61	0.8	125	0	0	1	1	1	2.5	0	0	0	0	0	0	0	0	0	0	0	0	0	0	0	0	1	0	0	0	0	0	0	0	0	0	0	0	0	0	0	0	0	0	1	41	1	5	0	0	0	0	0	0	0	0	0	0	0	0	0	0	0	0	0	0	0	0	0	0	0	0	0	1	0	0	0	0	0	0	0	0	0	0	0	0	0	0	0	0	0	0	0	0	0	0	0	0	0	0	57	70	0	0	0	0	0	0	0	0	0	0	0	0	0	0	0	0	0	0	1	0											
	35168	0	0	PALADIN_LANCE_L015	30618	0	0	30017	0	40	40	140	39999	0	18	0	17	0	Null	0	Null	0	0	0	0	3	45	5556	1	1200	1200	0	0	1	0	0	0	0	15	0	0	0	0	0	0	0 	0 	64 	77 	0.8 	125 	0	0	1	1	3	2.5	0	0	0	0	0	0	0	0	0	0	0	0	0	0	0	0	1	0	0	0	0	0	0	0	0	0	0	0	0	0	0	0	0	0	1	41	1	4	0	0	0	0	0	0	0	0	0	0	0	0	0	0	0	0	0	0	0	0	0	0	0	0	0	1	0	0	0	0	0	0	0	0	0	0	0	0	0	0	0	0	0	0	0	0	0	0	0	0	0 	0 	70	89	0 	0 	0 	0 	0	0	0	0	0	0	0	0	0	0	0	0	0	0	1	0		//		-20	-24			-44	-8.8	-6	15
	35169	0	0	PALADIN_LANCE_L022	30619	0	0	30017	0	31	31	131	39999	0	18	0	17	0	Null	0	Null	0	0	0	0	4	50	5438	1	1900	1900	0	0	1	0	0	0	0	22	0	0	0	0	0	0	0 	0 	75 	90 	0.8 	125 	0	0	1	1	3	2.5	0	0	0	0	0	0	0	0	0	0	0	0	0	0	0	0	1	0	0	0	0	0	0	0	0	0	0	0	0	0	0	0	0	0	1	41	1	4	0	0	0	0	0	0	0	0	0	0	0	0	0	0	0	0	0	0	0	0	0	0	0	0	0	1	0	0	0	0	0	0	0	0	0	0	0	0	0	0	0	0	0	0	0	0	0	0	0	0	0 	0 	83	104	0 	0 	0 	0 	0	0	0	0	0	0	0	0	0	0	0	0	0	0	1	0		//		-20	-24			-44	-8.8	-6	22
	35170	0	0	PALADIN_LANCE_L029	30620	0	0	30017	0	31	31	131	39999	0	18	0	17	0	Null	0	Null	0	0	0	0	5	55	5320	1	2900	2900	0	0	1	0	0	0	0	29	0	0	0	0	0	0	0 	0 	88 	105 	0.8 	125 	0	0	1	1	3	2.5	0	0	0	0	0	0	0	0	0	0	0	0	0	0	0	0	1	0	0	0	0	0	0	0	0	0	0	0	0	0	0	0	0	0	1	41	1	4	0	0	0	0	0	0	0	0	0	0	0	0	0	0	0	0	0	0	0	0	0	0	0	0	0	1	0	0	0	0	0	0	0	0	0	0	0	0	0	0	0	0	0	0	0	0	0	0	0	0	0 	0 	97	121	0 	0 	0 	0 	0	0	0	0	0	0	0	0	0	0	0	0	0	0	1	0		//		-20	-24			-44	-8.8	-6	29
	35171	0	0	PALADIN_LANCE_L036	30621	0	0	30017	0	37	37	137	39999	0	18	0	17	0	Null	0	Null	0	0	0	0	6	60	5200	1	4500	4500	0	0	1	0	0	0	0	36	0	0	0	0	0	0	0 	0 	102 	123 	0.8 	125 	0	0	1	1	3	2.5	0	0	0	0	0	0	0	0	0	0	0	0	0	0	0	0	1	0	0	0	0	0	0	0	0	0	0	0	0	0	0	0	0	0	1	41	1	4	0	0	0	0	0	0	0	0	0	0	0	0	0	0	0	0	0	0	0	0	0	0	0	0	0	1	0	0	0	0	0	0	0	0	0	0	0	0	0	0	0	0	0	0	0	0	0	0	0	0	0 	0 	112	141	0 	0 	0 	0 	0	0	0	0	0	0	0	0	0	0	0	0	0	0	1	0		//		-20	-24			-44	-8.8	-6	36
	35172	0	0	PALADIN_LANCE_L043	30622	0	0	30017	0	38	38	138	39999	0	18	0	17	0	Null	0	Null	0	0	0	0	7	65	5082	1	6900	6900	0	0	1	0	0	0	0	43	0	0	0	0	0	0	0 	0 	121 	144 	0.8 	125 	0	0	1	1	3	2.5	0	0	0	0	0	0	0	0	0	0	0	0	0	0	0	0	1	0	0	0	0	0	0	0	0	0	0	0	0	0	0	0	0	0	1	41	1	4	0	0	0	0	0	0	0	0	0	0	0	0	0	0	0	0	0	0	0	0	0	0	0	0	0	1	0	0	0	0	0	0	0	0	0	0	0	0	0	0	0	0	0	0	0	0	0	0	0	0	0 	0 	133	166	0 	0 	0 	0 	0	0	0	0	0	0	0	0	0	0	0	0	0	0	1	0		//		-20	-24			-44	-8.8	-6	43
	35173	0	0	PALADIN_LANCE_L050	30623	0	0	30017	0	38	38	138	39999	0	18	0	17	0	Null	0	Null	0	0	0	0	8	70	4964	1	10700	10700	0	0	1	0	0	0	0	50	0	0	0	0	0	0	0 	0 	141 	168 	0.8 	125 	0	0	1	1	3	2.5	0	0	0	0	0	0	0	0	0	0	0	0	0	0	0	0	1	0	0	0	0	0	0	0	0	0	0	0	0	0	0	0	0	0	1	41	1	4	0	0	0	0	0	0	0	0	0	0	0	0	0	0	0	0	0	0	0	0	0	0	0	0	0	1	0	0	0	0	0	0	0	0	0	0	0	0	0	0	0	0	0	0	0	0	0	0	0	0	0 	0 	155	193	0 	0 	0 	0 	0	0	0	0	0	0	0	0	0	0	0	0	0	0	1	0		//		-20	-24			-44	-8.8	-6	50
	35174	0	0	PALADIN_LANCE_L057	30624	0	0	30017	0	39	39	139	39999	0	18	0	17	0	Null	0	Null	0	0	0	0	9	75	4846	1	16700	16700	0	0	1	0	0	0	0	57	0	0	0	0	0	0	0 	0 	165 	198 	0.8 	125 	0	0	1	1	3	2.5	0	0	0	0	0	0	0	0	0	0	0	0	0	0	0	0	1	0	0	0	0	0	0	0	0	0	0	0	0	0	0	0	0	0	1	41	1	4	0	0	0	0	0	0	0	0	0	0	0	0	0	0	0	0	0	0	0	0	0	0	0	0	0	1	0	0	0	0	0	0	0	0	0	0	0	0	0	0	0	0	0	0	0	0	0	0	0	0	0 	0 	182	228	0 	0 	0 	0 	0	0	0	0	0	0	0	0	0	0	0	0	0	0	1	0		//		-20	-24			-44	-8.8	-6	57
	35175	0	0	PALADIN_LANCE_L064	30625	0	0	30017	0	41	41	141	39999	0	18	0	17	0	Null	0	Null	0	0	0	0	10	80	4728	1	25800	25800	0	0	1	0	0	0	0	64	0	0	0	0	0	0	0 	0 	193 	232 	0.8 	125 	0	0	1	1	3	2.5	0	0	0	0	0	0	0	0	0	0	0	0	0	0	0	0	1	0	0	0	0	0	0	0	0	0	0	0	0	0	0	0	0	0	1	41	1	4	0	0	0	0	0	0	0	0	0	0	0	0	0	0	0	0	0	0	0	0	0	0	0	0	0	1	0	0	0	0	0	0	0	0	0	0	0	0	0	0	0	0	0	0	0	0	0	0	0	0	0 	0 	212	267	0 	0 	0 	0 	0	0	0	0	0	0	0	0	0	0	0	0	0	0	1	0		//		-20	-24			-44	-8.8	-6	64
//	35176	0	0	PALADIN_LANCE_L078	30627	0	0	30017	0	322	322	12745	39999	0	18	0	17	0	Null	0	Null	0	0	0	0	12	90	4492	1	62000	62000	0	0	1	0	0	0	0	78	0	0	0	0	0	0	0 	0 	264 	317 	0.8 	125 	0	0	1	1	3	2.5	0	0	0	0	0	0	0	0	0	0	0	0	0	0	0	0	1	0	0	0	0	0	0	0	0	0	0	0	0	0	0	0	0	0	1	41	1	4	0	0	0	0	0	0	0	0	0	0	0	0	0	0	0	0	0	0	0	0	0	0	0	0	0	1	0	0	0	0	0	0	0	0	0	0	0	0	0	0	0	0	0	0	0	0	0	0	0	0	0 	0 	290	365	0 	0 	0 	0 	0	0	0	0	0	0	0	0	0	0	0	0	0	0	1	0		//		-20	-24			-44	-8.8	-6	78
//	35177	0	0	PALADIN_LANCE_L085	30628	0	0	30017	0	322	322	12745	39999	0	18	0	17	0	Null	0	Null	0	0	0	0	13	94	4374	1	96200	96200	0	0	1	0	0	0	0	85	0	0	0	0	0	0	0 	0 	310 	371 	0.8 	125 	0	0	1	1	3	2.5	0	0	0	0	0	0	0	0	0	0	0	0	0	0	0	0	1	0	0	0	0	0	0	0	0	0	0	0	0	0	0	0	0	0	1	41	1	4	0	0	0	0	0	0	0	0	0	0	0	0	0	0	0	0	0	0	0	0	0	0	0	0	0	1	0	0	0	0	0	0	0	0	0	0	0	0	0	0	0	0	0	0	0	0	0	0	0	0	0 	0 	341	427	0 	0 	0 	0 	0	0	0	0	0	0	0	0	0	0	0	0	0	0	1	0		//		-20	-24			-44	-8.8	-6	85
//	35178	0	0	PALADIN_LANCE_L092	30629	0	0	30017	0	323	323	12754	39999	0	18	0	17	0	Null	0	Null	0	0	0	0	14	99	4256	1	149000	149000	0	0	1	0	0	0	0	92	0	0	0	0	0	0	0 	0 	363 	434 	0.8 	125 	0	0	1	1	3	2.5	0	0	0	0	0	0	0	0	0	0	0	0	0	0	0	0	1	0	0	0	0	0	0	0	0	0	0	0	0	0	0	0	0	0	1	41	1	4	0	0	0	0	0	0	0	0	0	0	0	0	0	0	0	0	0	0	0	0	0	0	0	0	0	1	0	0	0	0	0	0	0	0	0	0	0	0	0	0	0	0	0	0	0	0	0	0	0	0	0 	0 	399	499	0 	0 	0 	0 	0	0	0	0	0	0	0	0	0	0	0	0	0	0	1	0		//		-20	-24			-44	-8.8	-6	92
//	35179	0	0	PALADIN_LANCE_L099	30630	0	0	30017	0	323	323	12754	39999	0	18	0	17	0	Null	0	Null	0	0	0	0	15	104	4138	1	231000	231000	0	0	1	0	0	0	0	99	0	0	0	0	0	0	0 	0 	424 	509 	0.8 	125 	0	0	1	1	3	2.5	0	0	0	0	0	0	0	0	0	0	0	0	0	0	0	0	1	0	0	0	0	0	0	0	0	0	0	0	0	0	0	0	0	0	1	41	1	4	0	0	0	0	0	0	0	0	0	0	0	0	0	0	0	0	0	0	0	0	0	0	0	0	0	1	0	0	0	0	0	0	0	0	0	0	0	0	0	0	0	0	0	0	0	0	0	0	0	0	0 	0 	466	585	0 	0 	0 	0 	0	0	0	0	0	0	0	0	0	0	0	0	0	0	1	0		//		-20	-24			-44	-8.8	-6	99
	35180	0	0	PALADIN_LANCE_L078	30632	1	FFFF00	30017	11591	322	322	12745	39999	0	18	0	17	0	Null	0	Null	0	1	1	270	24	94	619950	1	26936	26936	1	0	1	2	125	0	0	78	0	0	0	0	0	0	0	0	0	0	0.8 	125 	0	0	1	1	3	2.5	0	0	0	0	0	0	0	0	0	0	0	0	0	0	0	0	1	0	1	42	1	1500	1	30	1	700	1	75	2	-25	0	0	0	0	1	41	1	4	0	0	0	0	0	0	0	0	0	0	0	0	0	0	0	0	0	0	0	0	0	0	0	0	0	1	0	0	0	0	0	0	0	0	0	0	0	0	0	0	0	0	0	0	0	0	0	0	0	0	0	0	0	0	0	0	0	0	0	0	341	427	0	0	0	0	0	0	0	0	0	0	0	0		//		-20	-24			-44	-8.8	-6	78
	35181	0	0	PALADIN_LANCE_L085	30633	1	FFFF00	30017	11592	322	322	12745	39999	0	18	0	17	0	Null	0	Null	0	1	1	270	25	99	619950	1	44252	44252	1	0	1	2	125	0	0	85	0	0	0	0	0	0	0	0	0	0	0.8 	125 	0	0	1	1	3	2.5	0	0	0	0	0	0	0	0	0	0	0	0	0	0	0	0	1	0	1	42	1	2000	1	30	1	1000	1	75	2	-25	0	0	0	0	1	41	1	4	0	0	0	0	0	0	0	0	0	0	0	0	0	0	0	0	0	0	0	0	0	0	0	0	0	1	0	0	0	0	0	0	0	0	0	0	0	0	0	0	0	0	0	0	0	0	0	0	0	0	0	0	0	0	0	0	0	0	0	0	399	499	0	0	0	0	0	0	0	0	0	0	0	0		//		-20	-24			-44	-8.8	-6	85
	35182	0	0	PALADIN_LANCE_L099	30635	1	FFFF00	30017	35742	323	323	12754	39999	0	18	0	17	0	Null	0	Null	0	1	1	270	26	104	619950	1	61568	61568	1	0	1	2	125	0	0	99	0	0	0	0	0	0	0	0	0	0	0.8 	125 	0	0	1	1	3	2.5	0	0	0	0	0	0	0	0	0	0	0	0	0	0	0	0	1	0	1	42	1	2500	1	30	1	1500	1	75	2	-25	0	0	0	0	1	41	1	4	0	0	0	0	0	0	0	0	0	0	0	0	0	0	0	0	0	0	0	0	0	0	0	0	0	1	0	0	0	0	0	0	0	0	0	0	0	0	0	0	0	0	0	0	0	0	0	0	0	0	0	0	0	0	0	0	0	0	0	0	466.4	585.35	0	0	0	0	0	0	0	0	0	0	0	0		//		-20	-24			-44	-8.8	-6	99
	35183	0	0	PALADIN_LANCE_L106	30636	1	FFFF00	30017	11590	323	323	12754	39999	0	18	0	17	0	Null	0	Null	0	1	1	270	27	109	619950	1	78884	78884	1	0	1	2	125	0	0	106	0	0	0	0	0	0	0	0	0 	0 	0.8 	125 	0	0	1	1	3	2.5	0	0	0	0	0	0	0	0	0	0	0	0	0	0	0	0	1	0	1	42	1	3000	1	30	1	1700	1	75	2	-25	0	0	0	0	1	41	1	4	0	0	0	0	0	0	0	0	0	0	0	0	0	0	0	0	0	0	0	0	0	0	0	0	0	1	0	0	0	0	0	0	0	0	0	0	0	0	0	0	0	0	0	0	0	0	0	0	0	0	0	0	0	0	0	0	0	0	0	0	546	684	0	0	0	0	0	0	0	0	0	0	0	0		//		-20	-24			-44	-8.8	-6	106
	35184	0	0	PALADIN_LANCE_L113	31061	1	FFFF00	30017	11590	33	33	133	39999	0	18	0	17	0	Null	0	Null	0	1	1	270	28	144	619950	1	96200	96200	1	0	1	2	125	0	0	113	0	0	0	0	0	0	0	0	0 	0 	0.8 	125 	0	0	1	1	3	2.5	0	0	0	0	0	0	0	0	0	0	0	0	0	0	0	0	1	0	1	42	1	3500	1	30	1	2000	1	75	2	-25	0	0	0	0	1	41	1	4	0	0	0	0	0	0	0	0	0	0	0	0	0	0	0	0	0	0	0	0	0	0	0	0	0	1	0	0	0	0	0	0	0	0	0	0	0	0	0	0	0	0	0	0	0	0	0	0	0	0	0	0	0	0	0	0	0	0	0	0	639	800	0	0	0	0	0	0	0	0	0	0	0	0		//		-20	-24			-44	-8.8	-6	113
	35185	0	0	PALADIN_LANCE_L122	31083	1	FFFF00	30017	11590	33	33	133	39999	0	18	0	17	0	Null	0	Null	0	1	1	270	29	119	619950	1	105820	105820	1	0	1	2	125	0	0	122	0	0	0	0	0	0	0	0	0 	0 	0.8 	125 	0	0	1	1	3	2.5	0	0	0	0	0	0	0	0	0	0	0	0	0	0	0	0	1	0	1	42	1	4000	1	30	1	2500	1	75	2	-25	0	62	1	-1	1	41	1	4	0	0	0	0	0	0	0	0	0	0	0	0	0	0	0	0	0	0	0	0	0	0	0	0	0	1	0	0	0	0	0	0	0	0	0	0	0	0	0	0	0	0	0	0	0	0	0	0	0	0	0	0	0	0	0	0	0	0	0	0	748	937	0	0	0	0	0	0	0	0	0	0	0	0		//								2	1
	35186	0	0	PALADIN_LANCE_L080	30639	1	FFA800	30017	11594	322	322	12745	39999	0	18	0	17	0	Null	0	Null	0	2	1	270	33	104	661230	1	74500	74500	1	0	1	0	121	0	0	80	0	0	0	0	0	0	0	0	0	0	0.8 	125 	0	0	1	1	3	2.5	0	0	0	0	0	0	0	0	0	0	0	0	0	0	0	0	1	0	1	42	1	1000	1	30	1	500	1	75	2	-25	1	62	1	-3	1	41	1	4	0	0	0	0	0	0	0	0	0	0	0	0	0	0	0	0	0	0	0	0	0	0	0	0	0	1	0	0	0	0	0	0	0	0	0	0	0	0	0	0	0	0	0	0	0	0	0	0	0	0	0	0	0	0	0	0	0	0	0	0	0	0	0	0	0	0	424	509	0	0	0	0	0	0		//									
	35187	0	0	PALADIN_LANCE_L085	30642	1	FFA800	30017	11597	322	322	12745	39999	0	18	0	17	0	Null	0	Null	0	2	1	270	33	109	688350	1	111750	111750	1	0	1	0	121	0	0	85	0	0	0	0	0	0	0	0	0	0	0.8 	125 	0	0	1	1	3	2.5	0	0	0	0	0	0	0	0	0	0	0	0	0	0	0	0	1	0	1	42	1	2000	1	30	1	1100	1	75	2	-25	1	62	1	-3	1	41	1	4	0	0	0	0	0	0	0	0	0	0	0	0	0	0	0	0	0	0	0	0	0	0	0	0	0	1	0	0	0	0	0	0	0	0	0	0	0	0	0	0	0	0	0	0	0	0	0	0	0	0	0	0	0	0	0	0	0	0	0	0	0 	0 	0	0	0	0	496	595	0	0	0	0	0	0		//									
	35188	0	0	PALADIN_LANCE_L085	30640	1	FFA800	30017	11598	322	322	12745	39999	0	18	0	17	0	Null	0	Null	0	2	1	270	34	114	715470	1	149000	149000	1	0	1	0	121	0	0	85	0	0	0	0	0	0	0	0	0	0	0.8 	125 	0	0	1	1	3	2.5	0	0	0	0	0	0	0	0	0	0	0	0	0	0	0	0	1	0	1	42	1	3000	1	30	1	1700	1	75	2	-25	1	62	1	-3	1	41	1	4	0	0	0	0	0	0	0	0	0	0	0	0	0	0	0	0	0	0	0	0	0	0	0	0	0	1	0	0	0	0	0	0	0	0	0	0	0	0	0	0	0	0	0	0	0	0	0	0	0	0	0	0	0	0	0	0	0	0	0	0	0	0	0	0	0	0	581	696	0	0	0	0	0	0		//									
	35189	0	0	PALADIN_LANCE_L085	31075	1	FFA800	30017	12684	322	322	12745	39999	0	18	0	17	0	Null	0	Null	0	2	1	270	34	119	715470	1	186250	186250	1	0	1	0	121	0	0	85	0	0	0	0	0	0	0	0	0	0	0.8 	125 	0	0	1	1	3	2.5	0	0	0	0	0	0	0	0	0	0	0	0	0	0	0	0	1	0	1	42	1	3500	1	30	1	2000	1	75	2	-25	1	62	1	-3	1	41	1	4	0	0	0	0	0	0	0	0	0	0	0	0	0	0	0	0	0	0	0	0	0	0	0	0	0	1	0	0	0	0	0	0	0	0	0	0	0	0	0	0	0	0	0	0	0	0	0	0	0	0	0	0	0	0	0	0	0	0	0	0	0	0	0	0	0	0	680	815	0	0	0	0	0	0		//									
	35190	0	0	PALADIN_LANCE_L085	30638	1	FFFF00	30017	11599	322	322	12745	39999	0	18	0	17	0	Null	0	Null	0	3	1	270	25	99	619950	1	44252	44252	0	0	1	0	121	0	0	85	0	0	0	0	0	0	0 	0 	0	0	0.8 	125 	0	0	1	1	3	2.5	0	0	0	0	0	0	0	0	0	0	0	0	0	0	0	0	1	0	1	42	1	2000	1	30	1	1000	1	62	1	-2	0	0	0	0	1	41	1	4	0	0	0	0	0	0	0	0	0	0	0	0	0	0	0	0	0	0	0	0	0	0	0	0	0	1	0	0	0	0	0	0	0	0	0	0	0	0	0	0	0	0	0	0	0	0	0	0	0	0	0	0	0	0	0	0	0	0	0	0	399 	499 	0	0	0	0	0	0	0	0	0	0	0	0		//		-20	-24			-44	-8.8	-6	85
	35191	0	1	PALADIN_LANCE_L085	30644	1	FFFF00	30017	11599	322	322	12745	39999	0	18	0	17	0	Null	0	Null	0	3	0	0	25	99	619950	1	44252	44252	0	0	1	0	121	0	0	85	0	0	0	0	0	0	0 	0 	363 	434 	0.8 	125 	0	0	1	1	3	2.5	0	0	0	0	0	0	0	0	0	0	0	0	0	0	0	0	1	0	1	42	1	2000	1	30	1	1000	1	62	1	-2	0	0	0	0	1	41	1	4	0	0	0	0	0	0	0	0	0	0	0	0	0	0	0	0	0	0	0	0	0	0	0	0	0	1	0	0	0	0	0	0	0	0	0	0	0	0	0	0	0	0	0	0	0	0	0	0	0	0	0	0	0	0	0	0	0	0	0	0	399 	499 	0	0	0	0	0	0	0	0	0	0	0	0		//		-20	-24			-44	-8.8	-6	92
	35192	0	0	PALADIN_LANCE_L030	30367	0	0	30017	0	31	31	131	39999	0	18	0	17	0	Null	0	Null	0	0	0	0	21	90	619950	1	21645	21645	0	0	1	2	121	0	0	30	0	0	0	0	0	0	0	0	290	365	0.8 	125 	0	0	1	1	3	2.5	0	0	0	0	0	0	0	0	0	0	0	0	0	0	0	0	1	0	0	0	0	0	0	0	0	0	0	0	0	0	0	0	0	0	1	41	1	4	0	0	0	0	0	0	0	0	0	0	0	0	0	0	0	0	0	0	0	0	0	0	0	0	0	1	0	0	0	0	0	0	0	0	0	0	0	0	0	0	0	0	0	0	0	0	0	0	0	0	0	0	0	0	0	0	0	0	0	0	0	0	0	0	0	0	0	0	0	0	0	0	0	0		//									
	35193	0	0	PALADIN_LANCE_L029	35043	1	7875DF	30017	36044	31	31	131	39999	0	18	0	17	0	Null	0	Null	0	4	0	0	13	60	5200	1	4500	4500	1	0	1	1285	121	0	0	29	0	0	0	0	0	0	0 	0 	121 	144 	0.8 	125 	0 	0 	1 	1 	3 	2.5	0 	0 	0 	0 	0 	0	0	0	0	0	0	0	0	0	0	0	1	0	1	5	1	100	0	0	0	0	0	0	0	0	0	0	0	0	1	41	1	4	0	0	0	0	0	0	0	0	0	0	0	0	0	0	0	0	0	0	0	0	0	0	0	0	0	1	0	0	0	0	0	0	0	0	0	0	0	0	0	0	0	0	0	0	0	0	0	0	0	0	0	0	0	0	0	0	0	0	0	0	0	0	0	0	0	0	0	0	0	0	0	0	0	0		//		-20	-24			-44	-8.8	-6	36
	35194	0	0	PALADIN_LANCE_L036	35044	1	7875DF	30017	36045	37	37	137	39999	0	18	0	17	0	Null	0	Null	0	4	0	0	14	64	5082	1	6900	6900	1	0	1	1285	121	0	0	36	0	0	0	0	0	0	0 	0 	141 	168 	0.8 	125 	0 	0 	1 	1 	3 	2.5	0 	0 	0 	0 	0 	0	0	0	0	0	0	0	0	0	0	0	1	0	1	7	1	150	0	0	0	0	0	0	0	0	0	0	0	0	1	41	1	4	0	0	0	0	0	0	0	0	0	0	0	0	0	0	0	0	0	0	0	0	0	0	0	0	0	1	0	0	0	0	0	0	0	0	0	0	0	0	0	0	0	0	0	0	0	0	0	0	0	0	0	0	0	0	0	0	0	0	0	0	0	0	0	0	0	0	0	0	0	0	0	0	0	0		//		-20	-24			-44	-8.8	-6	43
	35195	0	0	PALADIN_LANCE_L043	35045	1	7875DF	30017	36046	38	38	138	39999	0	18	0	17	0	Null	0	Null	0	4	0	0	15	69	4964	1	10700	10700	1	0	1	1285	121	0	0	43	0	0	0	0	0	0	0 	0 	165 	198 	0.8 	125 	0 	0 	1 	1 	3 	2.5	0 	0 	0 	0 	0 	0	0	0	0	0	0	0	0	0	0	0	1	0	1	4	1	200	0	0	0	0	0	0	0	0	0	0	0	0	1	41	1	4	0	0	0	0	0	0	0	0	0	0	0	0	0	0	0	0	0	0	0	0	0	0	0	0	0	1	0	0	0	0	0	0	0	0	0	0	0	0	0	0	0	0	0	0	0	0	0	0	0	0	0	0	0	0	0	0	0	0	0	0	0	0	0	0	0	0	0	0	0	0	0	0	0	0		//		-20	-24			-44	-8.8	-6	50
	35196	0	0	PALADIN_LANCE_L050	35046	1	7875DF	30017	36047	38	38	138	39999	0	18	0	17	0	Null	0	Null	0	4	0	0	16	73	4846	1	16700	16700	1	0	1	1285	121	0	0	50	0	0	0	0	0	0	0 	0 	193 	232 	0.8 	125 	0 	0 	1 	1 	3 	2.5	0 	0 	0 	0 	0 	0	0	0	0	0	0	0	0	0	0	0	1	0	1	3	1	250	0	0	0	0	0	0	0	0	0	0	0	0	1	41	1	4	0	0	0	0	0	0	0	0	0	0	0	0	0	0	0	0	0	0	0	0	0	0	0	0	0	1	0	0	0	0	0	0	0	0	0	0	0	0	0	0	0	0	0	0	0	0	0	0	0	0	0	0	0	0	0	0	0	0	0	0	0	0	0	0	0	0	0	0	0	0	0	0	0	0		//		-20	-24			-44	-8.8	-6	57
	35197	0	0	PALADIN_LANCE_L057	35047	1	7875DF	30017	36048	39	39	139	39999	0	18	0	17	0	Null	0	Null	0	4	0	0	17	78	4728	1	25800	25800	1	0	1	1285	121	0	0	57	0	0	0	0	0	0	0 	0 	226 	271 	0.8 	125 	0 	0 	1 	1 	3 	2.5	0 	0 	0 	0 	0 	0	0	0	0	0	0	0	0	0	0	0	1	0	1	6	1	300	0	0	0	0	0	0	0	0	0	0	0	0	1	41	1	4	0	0	0	0	0	0	0	0	0	0	0	0	0	0	0	0	0	0	0	0	0	0	0	0	0	1	0	0	0	0	0	0	0	0	0	0	0	0	0	0	0	0	0	0	0	0	0	0	0	0	0	0	0	0	0	0	0	0	0	0	0	0	0	0	0	0	0	0	0	0	0	0	0	0		//		-20	-24			-44	-8.8	-6	64
	35198	0	0	PALADIN_LANCE_L064	35048	1	7875DF	30017	36049	41	41	141	39999	0	18	0	17	0	Null	0	Null	0	4	0	0	18	82	4610	1	40000	40000	1	0	1	1285	121	0	0	64	0	0	0	0	0	0	0 	0 	264 	317 	0.8 	125 	0 	0 	1 	1 	3 	2.5	0 	0 	0 	0 	0 	0	0	0	0	0	0	0	0	0	0	0	1	0	1	35	1	70	0	0	0	0	0	0	0	0	0	0	0	0	1	41	1	4	0	0	0	0	0	0	0	0	0	0	0	0	0	0	0	0	0	0	0	0	0	0	0	0	0	1	0	0	0	0	0	0	0	0	0	0	0	0	0	0	0	0	0	0	0	0	0	0	0	0	0	0	0	0	0	0	0	0	0	0	0	0	0	0	0	0	0	0	0	0	0	0	0	0		//		-20	-24			-44	-8.8	-6	71
	35199	0	0	PALADIN_LANCE_L015	30648	0	0	30017	0	40	40	140	39999	0	18	0	17	0	Null	0	Null	0	0	0	0	3	45	5556	1	1200	1200	0	0	1	261	0	0	0	15	0	0	0	0	0	0	0 	0 	64 	77 	0.8 	125 	0 	0 	1 	1 	3 	2.5	0 	0 	0 	0 	0 	0	0	0	0	0	0	0	0	0	0	0	1	0	0	0	0	0	0	0	0	0	0	0	0	0	0	0	0	0	1	41	1	4	0	0	0	0	0	0	0	0	0	0	0	0	0	0	0	0	0	0	0	0	0	0	0	0	0	1	0	0	0	0	0	0	0	0	0	0	0	0	0	0	0	0	0	0	0	0	0	0	0	0	0 	0 	70	89	0 	0 	0 	0 	0	0	0	0	0	0	0	0	0	0	0	0	0	0	1	0		//		-20	-24			-44	-8.8	-6	15
	35200	0	0	PALADIN_LANCE_L022	30649	0	0	30017	0	31	31	131	39999	0	18	0	17	0	Null	0	Null	0	0	0	0	4	50	5438	1	1900	1900	0	0	1	261	0	0	0	22	0	0	0	0	0	0	0 	0 	75 	90 	0.8 	125 	0 	0 	1 	1 	3 	2.5	0 	0 	0 	0 	0 	0	0	0	0	0	0	0	0	0	0	0	1	0	0	0	0	0	0	0	0	0	0	0	0	0	0	0	0	0	1	41	1	4	0	0	0	0	0	0	0	0	0	0	0	0	0	0	0	0	0	0	0	0	0	0	0	0	0	1	0	0	0	0	0	0	0	0	0	0	0	0	0	0	0	0	0	0	0	0	0	0	0	0	0 	0 	83	104	0 	0 	0 	0 	0	0	0	0	0	0	0	0	0	0	0	0	0	0	1	0		//		-20	-24			-44	-8.8	-6	22
	35201	0	0	PALADIN_LANCE_L029	30650	0	0	30017	0	31	31	131	39999	0	18	0	17	0	Null	0	Null	0	0	0	0	5	55	5320	1	2900	2900	0	0	1	261	0	0	0	29	0	0	0	0	0	0	0 	0 	88 	105 	0.8 	125 	0 	0 	1 	1 	3 	2.5	0 	0 	0 	0 	0 	0	0	0	0	0	0	0	0	0	0	0	1	0	0	0	0	0	0	0	0	0	0	0	0	0	0	0	0	0	1	41	1	4	0	0	0	0	0	0	0	0	0	0	0	0	0	0	0	0	0	0	0	0	0	0	0	0	0	1	0	0	0	0	0	0	0	0	0	0	0	0	0	0	0	0	0	0	0	0	0	0	0	0	0 	0 	97	121	0 	0 	0 	0 	0	0	0	0	0	0	0	0	0	0	0	0	0	0	1	0		//		-20	-24			-44	-8.8	-6	29
	35202	0	0	PALADIN_LANCE_L036	30651	0	0	30017	0	37	37	137	39999	0	18	0	17	0	Null	0	Null	0	0	0	0	6	60	5200	1	4500	4500	0	0	1	261	0	0	0	36	0	0	0	0	0	0	0 	0 	102 	123 	0.8 	125 	0 	0 	1 	1 	3 	2.5	0 	0 	0 	0 	0 	0	0	0	0	0	0	0	0	0	0	0	1	0	0	0	0	0	0	0	0	0	0	0	0	0	0	0	0	0	1	41	1	4	0	0	0	0	0	0	0	0	0	0	0	0	0	0	0	0	0	0	0	0	0	0	0	0	0	1	0	0	0	0	0	0	0	0	0	0	0	0	0	0	0	0	0	0	0	0	0	0	0	0	0 	0 	112	141	0 	0 	0 	0 	0	0	0	0	0	0	0	0	0	0	0	0	0	0	1	0		//		-20	-24			-44	-8.8	-6	36
	35203	0	0	PALADIN_LANCE_L043	30652	0	0	30017	0	38	38	138	39999	0	18	0	17	0	Null	0	Null	0	0	0	0	7	65	5082	1	6900	6900	0	0	1	261	0	0	0	43	0	0	0	0	0	0	0 	0 	121 	144 	0.8 	125 	0 	0 	1 	1 	3 	2.5	0 	0 	0 	0 	0 	0	0	0	0	0	0	0	0	0	0	0	1	0	0	0	0	0	0	0	0	0	0	0	0	0	0	0	0	0	1	41	1	4	0	0	0	0	0	0	0	0	0	0	0	0	0	0	0	0	0	0	0	0	0	0	0	0	0	1	0	0	0	0	0	0	0	0	0	0	0	0	0	0	0	0	0	0	0	0	0	0	0	0	0 	0 	133	166	0 	0 	0 	0 	0	0	0	0	0	0	0	0	0	0	0	0	0	0	1	0		//		-20	-24			-44	-8.8	-6	43
	35204	0	0	PALADIN_LANCE_L050	30653	0	0	30017	0	38	38	138	39999	0	18	0	17	0	Null	0	Null	0	0	0	0	8	70	4964	1	10700	10700	0	0	1	261	0	0	0	50	0	0	0	0	0	0	0 	0 	141 	168 	0.8 	125 	0 	0 	1 	1 	3 	2.5	0 	0 	0 	0 	0 	0	0	0	0	0	0	0	0	0	0	0	1	0	0	0	0	0	0	0	0	0	0	0	0	0	0	0	0	0	1	41	1	4	0	0	0	0	0	0	0	0	0	0	0	0	0	0	0	0	0	0	0	0	0	0	0	0	0	1	0	0	0	0	0	0	0	0	0	0	0	0	0	0	0	0	0	0	0	0	0	0	0	0	0 	0 	155	193	0 	0 	0 	0 	0	0	0	0	0	0	0	0	0	0	0	0	0	0	1	0		//		-20	-24			-44	-8.8	-6	50
	35205	0	0	PALADIN_LANCE_L057	30654	0	0	30017	0	39	39	139	39999	0	18	0	17	0	Null	0	Null	0	0	0	0	9	75	4846	1	16700	16700	0	0	1	261	0	0	0	57	0	0	0	0	0	0	0 	0 	165 	198 	0.8 	125 	0 	0 	1 	1 	3 	2.5	0 	0 	0 	0 	0 	0	0	0	0	0	0	0	0	0	0	0	1	0	0	0	0	0	0	0	0	0	0	0	0	0	0	0	0	0	1	41	1	4	0	0	0	0	0	0	0	0	0	0	0	0	0	0	0	0	0	0	0	0	0	0	0	0	0	1	0	0	0	0	0	0	0	0	0	0	0	0	0	0	0	0	0	0	0	0	0	0	0	0	0 	0 	182	228	0 	0 	0 	0 	0	0	0	0	0	0	0	0	0	0	0	0	0	0	1	0		//		-20	-24			-44	-8.8	-6	57
	35206	0	0	PALADIN_LANCE_L064	30655	0	0	30017	0	41	41	141	39999	0	18	0	17	0	Null	0	Null	0	0	0	0	10	80	4728	1	25800	25800	0	0	1	261	0	0	0	64	0	0	0	0	0	0	0 	0 	193 	232 	0.8 	125 	0 	0 	1 	1 	3 	2.5	0 	0 	0 	0 	0 	0	0	0	0	0	0	0	0	0	0	0	1	0	0	0	0	0	0	0	0	0	0	0	0	0	0	0	0	0	1	41	1	4	0	0	0	0	0	0	0	0	0	0	0	0	0	0	0	0	0	0	0	0	0	0	0	0	0	1	0	0	0	0	0	0	0	0	0	0	0	0	0	0	0	0	0	0	0	0	0	0	0	0	0 	0 	212	267	0 	0 	0 	0 	0	0	0	0	0	0	0	0	0	0	0	0	0	0	1	0		//		-20	-24			-44	-8.8	-6	64
//	35207	0	0	PALADIN_LANCE_L078	30657	0	0	30017	0	322	322	12745	39999	0	18	0	17	0	Null	0	Null	0	0	0	0	12	90	4492	1	62000	62000	0	0	1	261	0	0	0	78	0	0	0	0	0	0	0 	0 	264 	317 	0.8 	125 	0 	0 	1 	1 	3 	2.5	0 	0 	0 	0 	0 	0	0	0	0	0	0	0	0	0	0	0	1	0	0	0	0	0	0	0	0	0	0	0	0	0	0	0	0	0	1	41	1	4	0	0	0	0	0	0	0	0	0	0	0	0	0	0	0	0	0	0	0	0	0	0	0	0	0	1	0	0	0	0	0	0	0	0	0	0	0	0	0	0	0	0	0	0	0	0	0	0	0	0	0 	0 	290	365	0 	0 	0 	0 	0	0	0	0	0	0	0	0	0	0	0	0	0	0	1	0		//		-20	-24			-44	-8.8	-6	78
//	35208	0	0	PALADIN_LANCE_L085	30658	0	0	30017	0	322	322	12745	39999	0	18	0	17	0	Null	0	Null	0	0	0	0	13	94	4374	1	96200	96200	0	0	1	261	0	0	0	85	0	0	0	0	0	0	0 	0 	310 	371 	0.8 	125 	0 	0 	1 	1 	3 	2.5	0 	0 	0 	0 	0 	0	0	0	0	0	0	0	0	0	0	0	1	0	0	0	0	0	0	0	0	0	0	0	0	0	0	0	0	0	1	41	1	4	0	0	0	0	0	0	0	0	0	0	0	0	0	0	0	0	0	0	0	0	0	0	0	0	0	1	0	0	0	0	0	0	0	0	0	0	0	0	0	0	0	0	0	0	0	0	0	0	0	0	0 	0 	341	427	0 	0 	0 	0 	0	0	0	0	0	0	0	0	0	0	0	0	0	0	1	0		//		-20	-24			-44	-8.8	-6	85
//	35209	0	0	PALADIN_LANCE_L092	30659	0	0	30017	0	323	323	12754	39999	0	18	0	17	0	Null	0	Null	0	0	0	0	14	99	4256	1	149000	149000	0	0	1	261	0	0	0	92	0	0	0	0	0	0	0 	0 	363 	434 	0.8 	125 	0 	0 	1 	1 	3 	2.5	0 	0 	0 	0 	0 	0	0	0	0	0	0	0	0	0	0	0	1	0	0	0	0	0	0	0	0	0	0	0	0	0	0	0	0	0	1	41	1	4	0	0	0	0	0	0	0	0	0	0	0	0	0	0	0	0	0	0	0	0	0	0	0	0	0	1	0	0	0	0	0	0	0	0	0	0	0	0	0	0	0	0	0	0	0	0	0	0	0	0	0 	0 	399	499	0 	0 	0 	0 	0	0	0	0	0	0	0	0	0	0	0	0	0	0	1	0		//		-20	-24			-44	-8.8	-6	92
//	35210	0	0	PALADIN_LANCE_L099	30660	0	0	30017	0	323	323	12754	39999	0	18	0	17	0	Null	0	Null	0	0	0	0	15	104	4138	1	231000	231000	0	0	1	261	0	0	0	99	0	0	0	0	0	0	0 	0 	424 	509 	0.8 	125 	0 	0 	1 	1 	3 	2.5	0 	0 	0 	0 	0 	0	0	0	0	0	0	0	0	0	0	0	1	0	0	0	0	0	0	0	0	0	0	0	0	0	0	0	0	0	1	41	1	4	0	0	0	0	0	0	0	0	0	0	0	0	0	0	0	0	0	0	0	0	0	0	0	0	0	1	0	0	0	0	0	0	0	0	0	0	0	0	0	0	0	0	0	0	0	0	0	0	0	0	0 	0 	466	585	0 	0 	0 	0 	0	0	0	0	0	0	0	0	0	0	0	0	0	0	1	0		//		-20	-24			-44	-8.8	-6	99
	35211	0	0	PALADIN_LANCE_L106	43226	1	69DDA0	30017	43137	323	323	12754	39999	0	18	0	17	0	Null	0	Null	0	1	0	0	27	109	619950	1	78884	78884	1	0	1	2	121	0	0	106	0	0	0	0	0	0	0	0	0 	0 	0.8 	125 	0	0	1	1	3	2.5	0	0	0	0	0	0	0	0	0	0	0	0	0	0	0	0	1	0	1	42	1	3000	1	30	1	1700	1	75	2	-25	1	44	5	5	1	41	1	4	0	0	0	0	0	0	0	0	0	0	0	0	0	0	0	0	0	0	0	0	0	0	0	0	0	1	0	0	0	0	0	0	0	0	0	0	0	0	0	0	0	0	0	0	0	0	0	0	0	0	0	0	0	0	0	0	0	0	0	0	546	684	0	0	0	0	0	0	0	0	0	0	0	0		//		-20	-24			-44	-8.8	-6	106
	35212	0	0	PALADIN_LANCE_L030	30450	0	0	30017	301057	31	31	131	39999	0	18	0	17	0	Null	0	Null	0	0	1	270	10	62	4728	1	40000	40000	0	0	1	263	121	0	1	30	0	0	0	0	0	0	0	0	399	499	0.8 	125 	0	0	1	1	3	2.5	0	0	0	0	0	0	0	0	0	0	0	0	0	0	0	0	1	0	1	42	1	2000	1	30	1	1000	1	75	2	-25	0	0	0	0	1	41	1	4	0	0	0	0	0	0	0	0	0	0	0	0	0	0	0	0	0	0	0	0	0	0	0	0	0	1	0	0	0	0	0	0	0	0	0	0	0	0	0	0	0	0	0	0	0	0	0	0	0	0	0	0	0	0	0	0	0	0	0	0	0	0	0	0	0	0	0	0	0	0	0	0	0	0		//									
	35213	0	0	PALADIN_LANCE_L078	46906	1	FFFF00	30017	11591	322	322	12745	39999	0	18	0	17	0	Null	0	Null	0	1	1	270	24	94	619950	1	26936	26936	1	1	1	7	121	1	1	78	0	0	0	0	0	0	0	0	0	0	0.8 	125 	0	0	1	1	3	2.5	0	0	0	0	0	0	0	0	0	0	0	0	0	0	0	0	1	0	1	42	1	1500	1	30	1	700	1	75	2	-25	0	0	0	0	1	41	1	4	0	0	0	0	0	0	0	0	0	0	0	0	0	0	0	0	0	0	0	0	0	0	0	0	0	1	0	0	0	0	0	0	0	0	0	0	0	0	0	0	0	0	0	0	0	0	0	0	0	0	0	0	0	0	0	0	0	0	0	0	341	427	0	0	0	0	0	0	0	0	0	0	0	0		//		-20	-24			-44	-8.8	-6	78
	35214	0	0	PALADIN_LANCE_L085	44377	0	0	30017	44391	322	322	12745	39999	0	18	0	17	0	Null	0	Null	0	0	0	0	1	114	715470	1	1	1	1	0	1	295	48	0	1	85	0	0	0	0	0	0	0	0	1	2	0.8 	125 	0	0	1	1	3	2.5	0	0	0	0	0	0	0	0	0	0	0	0	0	0	0	0	1	0	0	0	0	0	0	0	0	0	0	0	0	0	0	0	0	0	1	41	1	4	0	0	0	0	0	0	0	0	0	0	0	0	0	0	0	0	0	0	0	0	0	0	0	0	0	1	0	0	0	0	0	0	0	0	0	0	0	0	0	0	0	0	0	0	0	0	0	0	0	0	0	0	0	0	0	0	0	0	0	0	0	0	0	0	0	0	0	0	0	0	0	0	0	0		//									
